Avg Host Node1 CPU Usage,Host Node1 CPU 0 Usage,Host Node1 CPU 1 Usage,Avg Host Node2 CPU Usage,Host Node2 CPU 0 Usage,Host Node2 CPU 1 Usage,checkoutservice CPU Usage,currencyservice CPU Usage,emailservice CPU Usage,frontend 1 CPU Usage,frontend 2 CPU Usage,loadgenerator CPU Usage,paymentservice CPU Usage,productcatalogservice CPU Usage,recommendationservice 1 CPU Usage,recommendationservice 2 CPU Usage,redis-cart CPU Usage,shippingservice CPU Usage,Average Response Time,Median Response Time,Current Response Time Percentile 95,Current Response Time Percentile 50,Number of Users,current_rps GET /,current_rps GET /cart,current_rps GET /product/0PUK6V6EV0,current_rps GET /product/1YMWWN1N4O,adservice CPU Usage,current_rps GET /product/2ZYFJ3GM2N,current_rps GET /product/66VCHSJNUP,current_rps GET /product/6E92ZMYYFZ,current_rps GET /product/9SIQT8TOJO,current_rps GET /product/L9ECAV7KIM,current_rps GET /product/LS4PSXUNUM,current_rps GET /product/OLJCESPC7Z,current_rps POST /cart,current_rps POST /cart/checkout,current_rps POST /setCurrency,current_rps Aggregated,StressNG 1 CPU Usage,StressNG 2 CPU Usage
61.4,60.6,62.2,38.9,39.6,38.2,0.00678,0.0165,0.0336,0.00743,0.00604,6.94,0.00898,0.00657,0.0386,0.0378,0.231,0.0106,11.1,7,29,7,600,80.0,14.7,7.43,7.86,0.0295,8.57,7.0,7.0,7.71,6.29,4.71,6.43,15.3,6.14,10.3,189.0,0,0
47.9,47.0,48.8,34.0,33.2,34.8,0.00741,0.018,0.0337,0.00784,0.00653,7.1,0.00889,0.00647,0.0382,0.0378,0.235,0.011,10.2,6,28,6,600,55.7,18.2,8.1,9.9,0.0293,8.4,7.9,8.2,8.7,8.1,5.7,8.8,17.6,5.9,12.3,184.0,0,0
45.2,44.2,46.2,39.2,40.6,37.8,0.00817,0.0179,0.0339,0.00784,0.00643,7.19,0.00889,0.00647,0.0384,0.0378,0.233,0.0105,9.89,6,21,6,600,12.2,16.9,8.2,10.3,0.0302,7.8,8.3,8.0,8.0,7.9,7.4,8.5,17.7,5.3,11.6,138.0,0,0
47.2,47.6,46.8,35.0,39.4,30.6,0.00822,0.0179,0.034,0.00777,0.00686,7.54,0.00889,0.00705,0.0385,0.0382,0.236,0.0105,9.53,6,22,6,600,5.3,16.5,8.4,10.0,0.0301,8.3,8.0,8.2,7.0,8.6,7.4,7.2,17.3,6.4,11.2,130.0,0,0
47.0,49.8,44.2,35.8,37.6,34.0,0.00775,0.0168,0.0344,0.0077,0.00633,7.65,0.00889,0.00663,0.0385,0.0383,0.235,0.00975,9.16,6,20,5,600,5.7,15.9,8.5,8.6,0.0299,9.1,8.0,8.7,7.0,8.7,7.1,7.9,16.0,5.7,10.3,127.0,0,0
45.2,42.8,47.6,33.5,31.4,35.6,0.00828,0.0179,0.0344,0.00775,0.0067,7.84,0.00905,0.00732,0.0387,0.0386,0.236,0.0102,9.01,6,20,5,600,5.3,16.1,9.4,9.3,0.0307,8.8,7.2,10.1,7.9,8.4,7.9,8.5,17.8,5.7,10.3,133.0,0,0
48.3,47.6,49.0,38.1,36.0,40.2,0.00828,0.0179,0.0343,0.00775,0.00705,7.93,0.00905,0.0071,0.0399,0.0385,0.234,0.0102,8.92,6,20,6,600,5.6,16.7,8.9,8.6,0.0307,7.5,6.7,10.1,8.5,9.0,7.1,8.4,17.1,6.0,11.0,131.0,0,0
46.7,46.8,46.6,36.0,33.2,38.8,0.00828,0.018,0.0346,0.0077,0.0074,8.23,0.00905,0.00669,0.0389,0.0387,0.238,0.0103,8.82,6,21,6,600,5.6,16.0,8.0,8.1,0.0301,7.9,7.8,7.4,9.1,9.1,8.0,8.2,16.4,5.9,11.1,129.0,0,0
45.9,46.8,45.0,37.8,36.4,39.2,0.00781,0.018,0.0347,0.00701,0.00747,8.4,0.00905,0.00669,0.0391,0.0388,0.233,0.0102,8.77,6,22,6,600,5.8,16.9,7.7,9.2,0.0306,6.9,8.4,7.0,7.8,9.2,8.7,9.3,17.2,5.6,12.6,132.0,0,0
49.4,47.6,51.2,33.7,37.4,30.0,0.00654,0.0142,0.0344,0.00743,0.00749,8.55,0.00992,0.00722,0.0379,0.039,0.236,0.0108,8.7,6,22,6,600,5.8,17.1,7.1,7.8,0.0305,6.3,8.9,9.2,7.1,9.3,9.2,9.0,18.5,6.1,12.0,133.0,0,0
46.6,48.2,45.0,36.2,36.0,36.4,0.00699,0.0132,0.0345,0.00691,0.00732,8.82,0.0092,0.00674,0.039,0.0393,0.233,0.0109,8.6,6,21,5,600,5.9,16.6,7.6,8.3,0.0299,7.8,8.7,10.4,7.6,8.8,10.0,8.2,21.1,7.6,10.9,140.0,0,0
48.0,48.0,48.0,36.6,35.0,38.2,0.00745,0.0143,0.0349,0.00691,0.00746,8.85,0.00933,0.00684,0.0391,0.0394,0.235,0.0114,8.67,6,23,5,600,5.6,16.6,7.5,8.9,0.03,8.6,8.5,10.1,9.0,7.5,9.2,8.3,20.0,7.1,10.5,137.0,0,0
46.4,46.2,46.6,35.5,33.8,37.2,0.00702,0.0133,0.035,0.00706,0.00717,9.14,0.00933,0.00684,0.039,0.039,0.234,0.0108,8.61,6,23,5,600,5.5,17.2,7.8,9.6,0.0306,7.8,9.0,8.8,9.3,7.8,8.6,8.5,17.8,6.3,10.7,135.0,0,0
47.4,48.0,46.8,35.4,34.6,36.2,0.00701,0.0136,0.0352,0.00724,0.0075,9.36,0.0101,0.00833,0.039,0.0392,0.237,0.0111,8.54,5,21,5,600,5.9,18.2,7.5,9.9,0.0299,5.5,9.5,7.2,7.9,8.0,9.0,8.6,16.7,6.0,12.4,132.0,0,0
44.4,44.4,44.4,36.5,37.8,35.2,0.00691,0.0135,0.0348,0.00768,0.00719,9.4,0.00941,0.00767,0.039,0.0396,0.239,0.0113,8.5,5,21,5,600,6.2,18.3,7.1,8.7,0.0301,5.8,9.6,7.3,7.6,8.9,8.7,8.1,15.8,6.5,13.2,132.0,0,0
47.5,50.0,45.0,32.4,33.8,31.0,0.00752,0.0154,0.0349,0.00758,0.00772,9.72,0.0103,0.00685,0.039,0.0396,0.239,0.0116,8.44,5,20,5,600,6.5,17.8,8.6,8.0,0.0305,7.8,8.8,7.5,7.4,8.1,8.4,8.9,15.8,6.4,12.1,132.0,0,0
47.1,48.8,45.4,38.0,41.0,35.0,0.00696,0.0154,0.0351,0.00727,0.00671,10.1,0.00951,0.00685,0.0389,0.0394,0.237,0.0115,8.44,5,20,6,600,5.0,17.7,8.5,8.3,0.0307,9.5,8.2,8.6,7.8,7.0,8.4,9.9,17.4,5.5,10.2,132.0,0,0
45.4,45.2,45.6,35.1,34.0,36.2,0.00696,0.017,0.0353,0.00751,0.0072,10.7,0.0103,0.00739,0.0391,0.0399,0.239,0.0104,8.43,5,21,6,600,4.3,18.5,8.4,9.5,0.0309,8.2,7.6,9.2,8.3,7.7,8.4,8.8,18.0,6.0,10.5,133.0,0,0
46.2,48.0,44.4,34.3,33.2,35.4,0.00844,0.0145,0.0353,0.00598,0.00672,11.2,0.00961,0.00758,0.0391,0.0404,0.238,0.0106,8.35,5,21,5,600,5.5,17.8,9.1,7.6,0.0309,8.0,8.4,7.3,7.6,8.1,8.0,7.7,18.2,6.0,10.8,130.0,0,0
61.1,61.6,60.6,36.0,30.2,41.8,0.00749,0.0144,0.0346,0.0069,0.00794,10.1,0.0111,0.00745,0.0392,0.0398,0.241,0.012,15.4,7,68,9,800,85.4,20.3,10.4,9.4,0.0312,10.9,8.3,9.4,10.9,9.9,10.5,9.6,19.2,6.7,13.2,234.0,0,0
50.5,51.2,49.8,38.8,36.4,41.2,0.00748,0.0132,0.0352,0.00701,0.00758,10.3,0.0105,0.00676,0.0389,0.0401,0.24,0.0115,13.9,7,75,8,800,44.2,21.4,11.6,9.5,0.0309,13.2,11.0,9.2,12.3,11.0,11.2,11.2,20.4,6.4,14.5,207.0,0,0
54.8,54.2,55.4,36.5,41.6,31.4,0.00758,0.0143,0.035,0.00741,0.00681,10.6,0.0105,0.00678,0.0379,0.0401,0.241,0.0116,13.0,7,24,6,800,9.2,18.8,11.2,11.4,0.0315,12.0,11.8,10.0,11.2,10.4,10.5,10.1,22.8,6.8,14.9,171.0,0,0
52.6,53.8,51.4,39.8,37.6,42.0,0.00709,0.0131,0.0347,0.00704,0.00688,10.6,0.0106,0.00678,0.039,0.0405,0.238,0.0114,12.4,6,25,6,800,8.3,21.3,12.0,11.8,0.0315,11.9,12.4,12.5,10.3,11.3,10.4,10.7,24.5,7.8,15.1,180.0,0,0
51.1,51.4,50.8,34.9,34.6,35.2,0.00849,0.0145,0.035,0.00743,0.00642,10.9,0.0106,0.00741,0.039,0.0404,0.243,0.0119,11.9,6,24,6,800,8.1,22.4,11.9,10.7,0.0313,11.8,11.2,11.9,11.0,11.2,10.7,10.3,23.4,6.9,13.9,175.0,0,0
54.9,55.0,54.8,39.7,42.2,37.2,0.00849,0.0134,0.0353,0.00711,0.00676,11.0,0.00972,0.00821,0.0391,0.0401,0.241,0.0113,11.5,6,23,6,800,7.8,22.3,11.7,10.7,0.0318,9.8,10.8,11.3,12.2,10.8,10.9,9.9,23.1,6.7,14.2,172.0,0,0
52.7,53.6,51.8,35.1,33.4,36.8,0.00869,0.0148,0.0351,0.00764,0.00692,11.0,0.0106,0.00821,0.0391,0.0404,0.243,0.0113,11.2,6,22,6,800,7.9,22.4,12.6,10.9,0.0317,9.3,11.9,11.6,11.4,11.2,10.3,9.9,21.8,6.5,15.0,173.0,0,0
49.9,50.2,49.6,39.5,35.8,43.2,0.00802,0.0137,0.0349,0.00775,0.00656,11.3,0.00976,0.00822,0.0393,0.0403,0.24,0.0108,11.0,6,24,6,800,6.4,20.6,12.2,11.0,0.0317,9.1,11.0,12.0,11.3,11.8,10.4,10.2,20.3,5.8,15.8,168.0,0,0
53.5,52.4,54.6,35.6,32.4,38.8,0.00802,0.0137,0.0353,0.00743,0.00693,11.5,0.0105,0.00822,0.0394,0.0404,0.242,0.0114,10.8,6,23,6,800,6.1,21.0,11.4,11.1,0.0318,10.6,9.2,11.1,11.4,11.8,10.9,10.3,21.2,6.7,16.1,169.0,0,0
52.2,53.4,51.0,38.5,34.4,42.6,0.00806,0.0137,0.0353,0.00703,0.0066,11.6,0.00972,0.00674,0.0394,0.0402,0.242,0.0111,10.6,6,22,6,800,7.8,23.0,11.3,11.9,0.0321,11.3,10.3,12.4,12.6,12.0,10.1,10.5,22.6,7.4,15.2,178.0,0,0
53.6,54.8,52.4,35.3,37.0,33.6,0.00868,0.0148,0.0355,0.00717,0.00694,11.8,0.0107,0.00674,0.0393,0.04,0.239,0.0105,10.4,6,22,6,800,8.3,23.4,10.3,12.1,0.0318,10.0,11.4,12.1,10.0,11.2,11.7,11.7,22.3,7.8,15.2,178.0,0,0
50.1,49.8,50.4,38.3,37.2,39.4,0.00807,0.0128,0.0356,0.00705,0.00641,11.9,0.0108,0.00706,0.0394,0.0401,0.237,0.0111,10.3,6,22,6,800,8.4,22.8,11.7,12.1,0.0322,9.9,11.1,9.3,9.1,11.4,12.6,10.6,22.1,6.6,14.7,172.0,0,0
52.2,53.2,51.2,36.2,34.0,38.4,0.00868,0.0179,0.0356,0.00782,0.00672,12.2,0.0108,0.00706,0.0397,0.0406,0.243,0.0107,10.2,6,25,6,800,8.2,23.2,12.6,11.8,0.0318,10.8,11.1,11.4,11.6,11.6,11.4,9.4,22.8,6.9,14.9,178.0,0,0
54.2,55.8,52.6,38.9,42.2,35.6,0.00868,0.0162,0.0356,0.00743,0.00624,12.3,0.00993,0.00652,0.0396,0.0402,0.239,0.0119,10.2,6,26,7,800,7.1,23.1,11.0,10.9,0.0313,11.1,11.0,12.9,10.8,10.1,11.0,11.3,21.4,6.9,15.6,174.0,0,0
53.2,53.0,53.4,35.5,37.0,34.0,0.00768,0.0162,0.0356,0.00769,0.00681,12.6,0.0109,0.00631,0.0408,0.0404,0.241,0.0117,10.3,6,29,7,800,7.0,23.3,10.9,10.6,0.032,10.1,10.7,12.6,9.1,11.1,10.8,11.7,19.6,6.2,17.2,171.0,0,0
51.3,50.4,52.2,37.9,38.0,37.8,0.00768,0.0178,0.036,0.00743,0.00552,13.1,0.00995,0.00631,0.0398,0.0404,0.24,0.0118,10.2,6,28,6,800,8.7,24.3,11.8,10.0,0.0321,10.0,10.2,10.8,10.0,10.7,10.4,11.0,21.5,6.3,16.9,173.0,0,0
54.2,55.4,53.0,35.4,30.8,40.0,0.00793,0.0169,0.036,0.00705,0.00758,13.8,0.0101,0.00675,0.0399,0.0407,0.243,0.0114,10.1,6,23,6,800,8.7,23.1,11.8,9.7,0.0313,11.6,10.8,10.3,12.0,9.8,10.4,11.4,22.1,6.3,16.0,174.0,0,0
52.4,52.6,52.2,37.7,37.6,37.8,0.00736,0.0178,0.0362,0.00643,0.00724,14.5,0.0101,0.00622,0.0399,0.0408,0.239,0.0115,10.1,6,23,6,800,8.1,22.6,10.9,10.4,0.0317,13.0,10.5,12.7,12.1,11.0,10.6,11.3,21.0,7.0,15.6,177.0,0,0
62.7,62.2,63.2,40.7,43.4,38.0,0.00768,0.0189,0.0357,0.00717,0.00762,13.0,0.0101,0.00737,0.0408,0.04,0.242,0.0111,241.0,120,840,400,1 K,67.7,21.0,11.2,9.3,0.0312,11.5,11.8,10.4,10.3,10.0,11.4,11.2,20.1,6.8,16.0,229.0,0,0
62.5,59.2,65.8,36.1,35.2,37.0,0.00768,0.0198,0.0357,0.00747,0.00776,13.2,0.011,0.00656,0.0408,0.0401,0.239,0.0114,195.0,52,850,280,1 K,37.0,28.7,12.9,13.4,0.0306,12.2,11.8,12.8,15.3,12.8,11.7,13.2,25.3,9.5,19.9,237.0,0,0
58.3,59.0,57.6,41.6,44.8,38.4,0.00758,0.0185,0.0359,0.00694,0.00735,13.4,0.0101,0.00656,0.0398,0.0401,0.243,0.0111,162.0,26,34,8,1 K,13.3,29.9,13.4,14.9,0.0316,14.0,11.1,13.3,15.9,12.5,13.8,13.6,29.2,10.7,22.4,228.0,0,0
57.5,56.6,58.4,37.1,42.6,31.6,0.00797,0.0199,0.0357,0.00723,0.00735,13.8,0.011,0.00668,0.0397,0.0403,0.243,0.0111,138.0,18,31,7,1 K,9.8,26.3,12.3,14.2,0.0314,14.1,14.5,12.9,15.5,12.1,14.5,13.7,26.9,9.5,20.2,217.0,0,0
57.7,56.2,59.2,40.1,43.4,36.8,0.00805,0.0199,0.0358,0.00727,0.00741,13.8,0.0102,0.00668,0.0396,0.0402,0.242,0.0104,122.0,17,36,8,1 K,9.2,28.4,13.9,14.2,0.0309,13.5,15.7,12.5,15.5,12.4,14.7,13.3,27.4,9.7,18.3,219.0,0,0
60.1,58.8,61.4,38.8,39.6,38.0,0.00797,0.0197,0.0359,0.00732,0.00767,14.0,0.0112,0.00725,0.0397,0.0405,0.243,0.0105,109.0,15,35,9,1 K,9.1,30.7,14.7,13.8,0.0312,12.2,13.7,14.1,12.5,14.3,15.3,13.8,27.2,8.9,18.0,218.0,0,0
56.0,55.8,56.2,39.4,37.2,41.6,0.00735,0.0186,0.0358,0.00675,0.00738,14.2,0.0103,0.00796,0.0396,0.0405,0.245,0.0109,99.0,14,29,7,1 K,9.6,29.2,14.5,14.3,0.0316,13.6,13.2,14.2,13.0,12.7,14.0,14.5,28.0,9.0,16.8,217.0,0,0
58.7,57.4,60.0,36.2,38.8,33.6,0.00735,0.0186,0.0358,0.00725,0.00779,14.4,0.0103,0.00705,0.0397,0.0408,0.246,0.0105,91.0,13,44,8,1 K,10.2,24.5,14.0,13.8,0.0304,15.2,14.7,12.8,14.8,12.1,14.6,14.5,28.5,9.6,17.0,216.0,0,0
61.5,60.8,62.2,38.8,37.0,40.6,0.00763,0.0148,0.0359,0.0068,0.00737,14.7,0.0103,0.00705,0.0396,0.0404,0.241,0.0108,83.9,12,46,9,1 K,9.5,24.9,14.5,13.6,0.0307,14.7,14.7,12.9,14.2,15.2,15.1,14.1,31.3,9.9,19.1,224.0,0,0
56.4,56.8,56.0,37.7,39.6,35.8,0.00772,0.016,0.0359,0.00684,0.00779,14.8,0.0113,0.00759,0.0403,0.0404,0.244,0.0103,78.3,12,33,8,1 K,9.1,27.7,14.9,13.6,0.0311,13.9,12.6,12.8,13.0,15.2,13.2,14.1,31.5,11.4,20.1,223.0,0,0
61.3,60.8,61.8,38.4,37.6,39.2,0.00725,0.016,0.0359,0.00685,0.00732,14.9,0.0103,0.00708,0.0382,0.0404,0.242,0.00998,73.6,12,40,10,1 K,8.4,29.1,16.7,14.0,0.0305,12.3,13.0,12.7,12.8,13.8,13.8,13.0,29.4,12.4,21.1,223.0,0,0
59.1,58.0,60.2,39.3,38.0,40.6,0.00725,0.0152,0.0362,0.00695,0.00772,15.2,0.0113,0.0076,0.0393,0.0408,0.244,0.0104,69.3,12,38,11,1 K,7.1,27.4,16.6,15.1,0.0311,13.2,15.0,13.6,12.3,14.1,15.2,11.6,30.0,11.3,21.4,224.0,0,0
59.3,59.0,59.6,38.2,35.6,40.8,0.0085,0.0152,0.0363,0.00657,0.00577,15.3,0.0103,0.00766,0.0394,0.0407,0.242,0.0101,65.9,11,38,8,1 K,7.6,29.2,14.7,13.6,0.0312,14.3,14.0,14.8,12.2,14.0,15.6,13.3,30.1,10.0,19.7,223.0,0,0
59.7,58.4,61.0,39.7,42.6,36.8,0.00855,0.0194,0.0362,0.00717,0.00616,15.7,0.0111,0.00766,0.0393,0.041,0.244,0.0104,62.5,11,47,8,1 K,8.3,31.0,15.3,13.1,0.0309,14.7,13.0,15.3,14.8,13.2,14.8,12.6,28.2,9.5,18.8,223.0,0,0
59.1,59.6,58.6,40.2,36.4,44.0,0.008,0.0193,0.0366,0.00582,0.00662,16.2,0.0102,0.00871,0.0395,0.0415,0.243,0.0104,59.5,11,32,8,1 K,8.7,28.1,15.1,12.5,0.0312,15.5,13.9,15.7,15.8,14.0,14.9,12.2,29.0,9.3,20.9,226.0,0,0
59.0,58.4,59.6,37.4,31.6,43.2,0.00862,0.0204,0.0366,0.00718,0.00689,17.2,0.0111,0.00871,0.0395,0.0415,0.244,0.0101,56.9,10,29,7,1 K,9.4,28.4,14.2,12.3,0.0312,13.6,13.7,15.3,13.7,14.4,14.6,14.4,27.7,8.2,21.0,221.0,0,0
58.8,59.0,58.6,38.0,41.4,34.6,0.00862,0.0194,0.0368,0.00679,0.00653,18.0,0.0103,0.00819,0.0395,0.0415,0.246,0.0106,54.6,10,32,8,1 K,11.0,29.0,15.0,13.5,0.0307,11.6,12.4,14.4,12.9,12.2,13.4,15.1,28.0,8.9,21.0,218.0,0,0
60.2,60.6,59.8,38.9,38.6,39.2,0.00752,0.0116,0.032,0.00628,0.00753,6.96,0.00932,0.00611,0.0375,0.0384,0.223,0.0105,10.0,6,27,6,600,81.3,15.0,6.86,6.71,0.0268,6.29,7.57,6.43,7.57,7.86,7.57,7.71,15.7,4.43,10.1,191.0,0,0
47.6,45.8,49.4,35.8,32.4,39.2,0.00809,0.0116,0.0322,0.00641,0.00814,7.15,0.0094,0.00739,0.0378,0.0387,0.224,0.0111,9.48,6,28,7,600,56.4,16.7,7.6,8.0,0.0277,8.5,8.8,7.6,8.0,10.1,9.3,8.9,17.1,4.9,11.1,183.0,0,0
46.7,47.4,46.0,33.1,33.6,32.6,0.00754,0.0116,0.0324,0.00533,0.00814,7.31,0.0094,0.00696,0.0369,0.0387,0.224,0.0112,9.0,6,20,5,600,12.3,18.2,7.6,7.9,0.0276,8.5,8.8,6.9,8.0,9.6,8.5,8.4,16.2,4.9,12.0,138.0,0,0
47.1,48.0,46.2,33.5,35.2,31.8,0.00838,0.0131,0.0325,0.00575,0.00687,7.41,0.0103,0.00756,0.038,0.0392,0.227,0.0106,8.81,6,20,5,600,5.3,18.5,8.2,8.8,0.0278,8.5,7.9,6.7,8.6,8.8,8.7,8.4,15.5,4.8,11.1,130.0,0,0
45.1,45.0,45.2,35.2,34.2,36.2,0.00786,0.0131,0.0325,0.00661,0.00676,7.73,0.0103,0.00756,0.0376,0.0392,0.227,0.0103,8.62,5,20,5,600,5.0,18.7,7.7,8.6,0.0278,9.0,7.9,9.3,8.3,8.6,8.8,7.9,15.9,5.4,10.8,132.0,0,0
45.8,45.6,46.0,34.1,35.4,32.8,0.0122,0.0141,0.0326,0.00667,0.0118,7.76,0.0112,0.00691,0.0386,0.0392,0.225,0.0108,8.46,5,20,5,600,5.0,18.2,8.0,7.6,0.027,9.7,8.8,10.4,9.1,6.8,7.9,7.7,18.1,6.2,11.0,135.0,0,0
46.2,47.8,44.6,35.3,38.0,32.6,0.0117,0.0121,0.0325,0.00628,0.0112,7.89,0.00966,0.00621,0.0387,0.0391,0.225,0.0111,8.33,5,19,5,600,5.4,16.5,8.7,8.3,0.0276,9.0,9.1,8.5,9.8,6.6,8.8,8.8,17.4,5.6,10.2,133.0,0,0
46.2,46.2,46.2,34.8,33.6,36.0,0.0124,0.0131,0.0327,0.00682,0.0117,8.08,0.0105,0.00679,0.0379,0.039,0.226,0.0102,8.31,5,21,5,600,6.2,16.3,9.0,8.1,0.0278,7.5,9.9,8.2,9.1,7.5,8.7,10.2,16.4,5.6,11.4,134.0,0,0
48.4,47.6,49.2,34.5,30.8,38.2,0.0124,0.0121,0.0329,0.00689,0.0113,8.3,0.00965,0.0064,0.0368,0.0392,0.226,0.0105,8.34,5,23,5,600,6.0,15.7,9.3,8.2,0.0271,7.3,8.5,7.7,8.5,8.5,8.8,8.8,17.4,6.0,12.8,134.0,0,0
48.0,47.8,48.2,32.5,28.4,36.6,0.0123,0.0132,0.0332,0.00688,0.0116,8.42,0.0111,0.00686,0.0379,0.0392,0.225,0.0101,8.25,5,20,5,600,4.7,15.6,8.2,8.3,0.028,8.7,7.8,8.1,8.1,9.5,8.5,9.0,19.3,7.3,12.2,135.0,0,0
46.1,46.0,46.2,37.1,33.8,40.4,0.0107,0.0116,0.0335,0.00654,0.0111,8.65,0.00966,0.00727,0.0381,0.0393,0.227,0.0102,8.26,5,20,5,600,5.0,17.3,7.1,8.1,0.0278,9.8,8.2,7.9,8.9,9.1,7.6,9.7,19.7,7.4,10.5,136.0,0,0
46.8,46.6,47.0,33.2,37.4,29.0,0.0112,0.013,0.0332,0.00695,0.0117,8.78,0.0105,0.00727,0.0379,0.0394,0.227,0.0101,8.21,5,21,6,600,5.6,17.4,8.0,9.7,0.0272,8.6,8.3,7.2,9.3,8.7,7.9,8.7,19.8,7.1,10.2,137.0,0,0
45.0,45.8,44.2,34.9,36.0,33.8,0.0112,0.0121,0.0337,0.00695,0.0112,9.02,0.00976,0.00675,0.0388,0.0393,0.228,0.0107,8.18,5,20,5,600,5.2,16.6,7.3,9.4,0.028,7.6,7.5,8.5,8.6,9.1,7.6,9.0,17.2,5.8,11.4,131.0,0,0
45.9,44.8,47.0,32.1,35.4,28.8,0.011,0.0148,0.0335,0.00635,0.0118,9.24,0.0105,0.00719,0.038,0.0395,0.226,0.0113,8.13,5,21,5,600,5.1,18.3,6.4,8.4,0.0278,6.2,7.0,8.2,8.6,9.7,8.6,9.1,15.1,4.5,12.4,128.0,0,0
46.4,49.0,43.8,34.7,33.8,35.6,0.011,0.0138,0.0337,0.00634,0.0118,9.35,0.00972,0.00719,0.0379,0.0394,0.227,0.0108,8.1,5,20,5,600,6.0,18.3,8.0,8.6,0.0272,7.5,7.7,6.4,8.1,8.6,8.4,8.7,16.3,4.5,12.1,129.0,0,0
45.3,44.4,46.2,35.3,32.6,38.0,0.0111,0.0147,0.0338,0.00691,0.0112,9.46,0.0106,0.00659,0.038,0.0395,0.229,0.0114,8.08,5,21,5,600,6.0,15.7,8.5,9.1,0.028,9.2,7.5,6.4,9.9,7.4,7.9,8.1,17.8,5.0,12.5,131.0,0,0
45.9,46.0,45.8,36.2,38.2,34.2,0.0105,0.0137,0.0339,0.00657,0.0117,9.99,0.00977,0.00659,0.039,0.0398,0.229,0.011,8.05,5,21,5,600,5.6,16.0,6.6,9.6,0.0285,8.9,7.6,7.6,8.9,8.6,8.8,7.6,17.8,5.6,12.0,131.0,0,0
45.4,44.0,46.8,35.0,35.2,34.8,0.011,0.0147,0.034,0.00697,0.0115,10.6,0.0098,0.00733,0.038,0.0398,0.228,0.011,8.04,5,20,5,600,6.7,17.8,7.1,9.2,0.0284,8.8,8.2,7.4,7.9,10.6,8.2,6.8,17.7,5.1,10.6,132.0,0,0
46.6,46.2,47.0,33.7,30.2,37.2,0.0107,0.0137,0.0341,0.00657,0.0112,11.1,0.0098,0.00783,0.0381,0.0401,0.23,0.0105,7.98,5,18,5,600,5.7,16.4,8.0,8.0,0.0275,8.0,8.2,7.3,9.4,9.5,8.8,6.0,16.5,5.1,10.9,128.0,0,0
65.7,64.4,67.0,35.5,37.8,33.2,0.0112,0.0154,0.034,0.00631,0.0115,10.1,0.0106,0.00753,0.0379,0.0399,0.23,0.00982,25.0,10,110,12,800,82.5,16.5,9.8,9.8,0.0284,10.7,9.4,8.7,9.7,9.1,10.7,9.8,20.6,6.6,13.8,228.0,0,0
57.2,57.0,57.4,35.5,38.6,32.4,0.00688,0.0144,0.0342,0.00584,0.00649,10.3,0.00971,0.00701,0.037,0.0402,0.229,0.0101,21.6,9,120,12,800,43.8,20.6,10.8,11.1,0.0286,11.8,11.2,11.8,12.0,10.3,11.1,10.3,22.0,8.9,16.0,212.0,0,0
54.0,55.6,52.4,35.5,35.8,35.2,0.00738,0.0144,0.0345,0.00709,0.00649,10.7,0.0107,0.00758,0.037,0.0402,0.231,0.0108,19.3,8,27,7,800,10.5,21.4,10.6,10.0,0.0283,11.3,11.5,12.2,12.6,10.9,10.5,10.6,21.6,8.5,16.4,179.0,0,0
53.8,55.4,52.2,37.2,40.2,34.2,0.00665,0.0146,0.0346,0.00646,0.00974,10.9,0.00985,0.00749,0.0379,0.0408,0.23,0.0112,18.3,8,30,7,800,7.8,22.6,10.8,10.1,0.0288,10.5,10.9,11.0,11.7,10.8,11.0,12.0,21.5,7.1,16.8,175.0,0,0
55.8,55.2,56.4,33.7,28.2,39.2,0.0071,0.0146,0.0346,0.00655,0.0102,11.0,0.0114,0.00749,0.0378,0.0411,0.229,0.0108,17.0,7,30,6,800,8.8,23.8,11.2,10.9,0.0288,9.5,10.5,11.6,11.1,10.1,12.0,11.2,22.6,6.9,16.4,177.0,0,0
53.4,51.2,55.6,35.9,40.0,31.8,0.00664,0.0145,0.0345,0.0064,0.00991,11.3,0.00986,0.00755,0.0377,0.0408,0.231,0.0104,15.9,7,23,6,800,8.1,24.5,11.7,10.6,0.0282,11.1,11.3,11.3,11.2,9.7,11.6,9.8,23.3,7.3,16.9,178.0,0,0
52.9,54.6,51.2,35.9,31.6,40.2,0.00712,0.0162,0.0343,0.00685,0.0103,11.4,0.0106,0.00676,0.0377,0.041,0.231,0.0109,15.2,7,23,6,800,6.5,23.3,14.7,9.3,0.0283,12.5,12.0,9.8,11.1,9.3,9.7,12.4,24.2,8.0,15.0,178.0,0,0
54.4,53.4,55.4,35.4,36.2,34.6,0.00663,0.0148,0.0345,0.0064,0.00978,11.7,0.0098,0.00676,0.0378,0.041,0.228,0.0105,14.8,7,27,7,800,6.0,22.1,14.2,9.4,0.029,11.3,12.8,8.9,11.5,9.2,9.7,11.6,21.8,6.9,14.9,170.0,0,0
54.8,55.4,54.2,35.2,38.0,32.4,0.00744,0.0157,0.0342,0.0064,0.0102,11.9,0.0107,0.00734,0.0378,0.0415,0.23,0.0104,14.4,7,28,7,800,5.7,23.8,9.7,11.3,0.0282,12.1,12.2,9.7,12.3,10.0,11.6,10.4,19.6,6.5,15.7,171.0,0,0
53.6,52.0,55.2,38.4,39.8,37.0,0.00821,0.0131,0.0345,0.00687,0.00979,12.1,0.0109,0.00745,0.0389,0.0415,0.228,0.0102,14.0,7,25,7,800,6.9,20.9,9.6,12.1,0.0288,12.5,11.1,11.3,12.6,10.6,13.1,12.0,22.6,8.4,14.0,178.0,0,0
55.3,54.0,56.6,33.5,30.6,36.4,0.00768,0.0145,0.0344,0.00711,0.0102,12.3,0.0109,0.00745,0.0388,0.0416,0.23,0.0105,13.5,7,22,6,800,7.7,19.6,11.8,12.2,0.0287,10.7,10.7,12.9,11.0,10.0,11.8,12.5,21.5,8.1,15.1,176.0,0,0
51.6,51.0,52.2,37.0,34.0,40.0,0.0076,0.0135,0.0347,0.00654,0.0103,12.5,0.0109,0.00772,0.038,0.0415,0.228,0.00964,13.2,7,22,6,800,7.3,22.0,11.3,10.9,0.0282,10.8,10.9,14.1,9.8,10.3,10.0,11.8,21.6,7.5,16.1,174.0,0,0
53.8,53.2,54.4,34.9,34.6,35.2,0.0076,0.0146,0.0348,0.00654,0.00995,12.8,0.0109,0.00772,0.037,0.0414,0.23,0.0105,12.9,7,23,6,800,7.9,23.3,10.3,10.1,0.0285,11.8,10.8,12.8,10.4,11.7,10.4,11.6,23.6,8.0,16.1,179.0,0,0
51.0,51.8,50.2,36.5,36.4,36.6,0.00765,0.0136,0.035,0.00693,0.00991,12.8,0.0111,0.00698,0.0377,0.0414,0.228,0.01,12.8,7,24,7,800,8.7,22.3,9.6,10.5,0.0284,12.2,9.6,12.4,11.0,11.9,11.6,11.3,21.7,7.2,16.0,176.0,0,0
55.2,54.2,56.2,33.5,35.0,32.0,0.00782,0.0153,0.035,0.00706,0.0101,13.2,0.0111,0.00765,0.0386,0.0415,0.229,0.0106,12.6,7,25,7,800,10.0,21.4,10.8,9.6,0.0288,10.8,9.4,12.4,11.1,10.6,10.4,9.5,20.3,6.1,16.3,169.0,0,0
53.3,54.0,52.6,35.6,37.6,33.6,0.00773,0.0144,0.0351,0.00668,0.00964,13.7,0.0112,0.00824,0.0376,0.0418,0.226,0.0105,12.4,7,25,6,800,10.0,22.6,12.3,9.3,0.0286,9.9,10.3,11.8,10.6,10.3,10.7,10.4,21.6,7.0,16.8,174.0,0,0
54.9,53.0,56.8,35.2,36.8,33.6,0.00838,0.0156,0.0353,0.00706,0.0101,14.6,0.0112,0.00824,0.0386,0.042,0.227,0.00974,12.2,7,23,6,800,9.0,23.3,12.6,11.1,0.0285,9.6,9.8,11.3,10.9,11.0,12.0,10.8,23.2,7.7,14.1,176.0,0,0
51.5,51.0,52.0,35.4,31.2,39.6,0.00686,0.0146,0.0354,0.00715,0.00955,15.2,0.0104,0.00687,0.0375,0.0423,0.228,0.00933,12.1,7,24,6,800,8.5,22.7,13.2,12.5,0.0287,9.6,10.1,10.5,9.8,11.8,11.3,10.8,23.2,7.1,14.1,175.0,0,0
63.1,62.4,63.8,36.8,36.0,37.6,0.00711,0.0145,0.0344,0.00714,0.00618,13.8,0.0103,0.00727,0.037,0.0413,0.224,0.00965,173.0,74,780,160,1 K,63.6,22.5,9.4,11.9,0.0295,9.7,9.9,13.2,11.3,10.5,12.5,10.9,20.9,6.4,15.9,229.0,0,0
62.7,62.0,63.4,38.1,36.8,39.4,0.00983,0.0148,0.0345,0.00714,0.00751,13.9,0.0112,0.00676,0.0368,0.0416,0.225,0.0104,152.0,58,780,180,1 K,40.0,25.8,9.6,12.7,0.0294,11.2,12.7,13.3,12.0,12.5,14.4,13.3,25.7,8.4,18.4,230.0,0,0
59.2,58.0,60.4,38.4,40.6,36.2,0.00986,0.0131,0.0344,0.00711,0.00714,14.3,0.0114,0.00676,0.0378,0.0414,0.224,0.00955,129.0,39,150,12,1 K,17.8,26.4,11.9,13.6,0.0296,12.6,15.3,12.6,13.8,14.0,14.3,13.8,30.3,10.8,19.0,226.0,0,0
62.0,62.2,61.8,34.4,34.2,34.6,0.00995,0.0151,0.0346,0.00766,0.00704,14.3,0.0114,0.00676,0.0367,0.0416,0.227,0.0104,112.0,28,120,13,1 K,8.3,27.3,13.1,14.4,0.0299,14.0,17.5,13.2,13.7,13.6,14.8,13.7,30.4,10.9,16.6,222.0,0,0
59.7,60.2,59.2,38.4,34.8,42.0,0.00914,0.0141,0.0346,0.00766,0.00721,14.4,0.0105,0.00619,0.0357,0.0411,0.226,0.0099,99.1,22,44,11,1 K,8.9,28.2,13.4,14.4,0.0299,15.7,15.3,14.1,13.8,13.3,14.0,12.3,29.8,10.3,15.1,219.0,0,0
62.6,62.6,62.6,35.3,33.8,36.8,0.00854,0.0153,0.0347,0.00759,0.00755,14.5,0.0106,0.00673,0.0365,0.0411,0.229,0.00918,88.6,18,31,8,1 K,8.9,27.2,13.8,12.4,0.0296,15.6,12.8,14.4,14.5,14.4,12.9,13.5,29.0,10.1,18.0,218.0,0,0
60.2,58.4,62.0,37.4,36.4,38.4,0.00847,0.0139,0.0348,0.00715,0.0071,14.9,0.0106,0.00673,0.0356,0.0418,0.228,0.0105,83.0,19,96,12,1 K,9.3,28.3,12.8,12.7,0.0302,14.2,13.3,12.6,14.6,14.4,14.1,14.4,29.0,10.8,19.4,220.0,0,0
61.5,61.6,61.4,39.7,41.4,38.0,0.00909,0.0151,0.035,0.00766,0.00737,15.1,0.0107,0.00746,0.0364,0.0419,0.228,0.011,76.8,17,99,14,1 K,10.0,29.1,12.1,13.6,0.0304,13.2,13.8,12.6,14.6,15.9,13.7,14.3,28.6,10.7,18.7,221.0,0,0
58.9,60.0,57.8,36.9,36.0,37.8,0.00909,0.014,0.0351,0.00805,0.00682,15.2,0.0107,0.00746,0.0364,0.0422,0.229,0.0105,71.3,16,49,9,1 K,11.6,27.7,12.1,13.1,0.0299,14.0,13.7,13.6,13.2,15.7,13.6,15.8,28.5,9.7,17.7,220.0,0,0
58.9,58.6,59.2,38.2,38.2,38.2,0.0092,0.0213,0.035,0.00726,0.00733,15.4,0.0106,0.00798,0.0374,0.0425,0.23,0.0112,66.7,15,34,9,1 K,11.6,27.3,13.4,13.1,0.0307,15.5,14.2,12.1,12.7,12.7,13.7,14.9,27.4,8.9,18.3,216.0,0,0
61.2,61.6,60.8,36.0,35.0,37.0,0.00865,0.0196,0.0353,0.00756,0.00695,15.6,0.0106,0.00681,0.0356,0.0423,0.231,0.0108,64.1,15,120,10,1 K,9.1,28.7,13.6,15.0,0.0306,14.2,15.0,13.3,12.9,15.0,13.3,13.8,27.0,9.0,20.0,220.0,0,0
60.0,62.8,57.2,35.7,36.2,35.2,0.00865,0.0205,0.0354,0.00798,0.00743,16.0,0.0106,0.0067,0.0366,0.0422,0.233,0.0104,60.5,14,120,8,1 K,8.6,28.9,13.4,14.7,0.03,12.7,13.0,15.7,12.2,16.9,13.4,13.8,27.0,8.6,20.2,219.0,0,0
59.5,60.6,58.4,38.2,38.0,38.4,0.00856,0.0193,0.0357,0.00787,0.0071,16.1,0.0117,0.0067,0.0355,0.0423,0.233,0.0106,57.8,14,51,9,1 K,7.8,26.6,14.4,12.2,0.0301,13.1,13.2,15.9,12.8,16.2,12.2,14.5,27.5,9.5,18.5,214.0,0,0
61.9,63.0,60.8,34.2,35.4,33.0,0.00921,0.0204,0.0356,0.00789,0.0071,16.2,0.0117,0.00724,0.0364,0.042,0.232,0.0111,55.1,13,53,10,1 K,8.3,27.8,13.6,12.6,0.0311,13.0,14.9,15.0,14.8,15.6,11.9,14.1,29.6,9.6,16.7,218.0,0,0
58.0,59.4,56.6,39.6,39.6,39.6,0.00865,0.0193,0.0357,0.00774,0.00711,16.8,0.0108,0.00724,0.0365,0.0421,0.233,0.00973,52.9,13,47,10,1 K,9.1,29.0,13.3,13.0,0.0312,12.5,15.0,14.1,13.6,16.2,15.0,14.1,29.6,8.6,17.5,221.0,0,0
61.7,61.2,62.2,36.2,35.2,37.2,0.0092,0.0203,0.0359,0.00831,0.00796,17.7,0.0108,0.00778,0.0368,0.0428,0.235,0.0102,52.7,13,190,13,1 K,9.4,26.2,12.9,13.5,0.0304,12.5,14.0,15.4,13.2,15.4,14.4,15.6,29.9,10.0,18.4,221.0,0,0
61.5,60.8,62.2,37.4,41.6,33.2,0.0088,0.0203,0.0365,0.00779,0.00738,18.7,0.01,0.00689,0.0369,0.043,0.236,0.0106,50.6,13,190,11,1 K,10.6,26.2,13.0,14.2,0.0308,14.0,12.7,14.0,15.5,13.9,11.9,15.1,32.1,11.0,18.9,223.0,0,0
58.9,56.8,61.0,39.5,38.4,40.6,0.00724,0.0152,0.0333,0.00694,0.00708,6.9,0.0103,0.00926,0.0415,0.0391,0.243,0.0106,8.96,6,25,6,600,92.3,18.2,8.33,6.5,0.0334,9.5,9.67,8.33,8.33,6.33,7.83,9.67,15.3,6.5,10.5,217.0,0,0
43.6,45.8,41.4,36.2,33.8,38.6,0.00675,0.0161,0.0334,0.00694,0.00764,7.06,0.0103,0.00955,0.0403,0.0391,0.242,0.0105,8.46,6,24,6,600,57.5,18.0,8.0,6.4,0.0334,9.0,9.9,8.2,7.3,7.0,6.7,9.1,15.9,5.4,11.0,179.0,0,0
44.8,45.8,43.8,34.7,35.2,34.2,0.00845,0.0149,0.0333,0.0069,0.00735,7.32,0.0103,0.00955,0.0404,0.0389,0.243,0.0105,8.26,5,19,5,600,14.2,18.0,9.1,8.0,0.0333,9.0,8.1,8.8,6.1,7.9,6.3,7.6,15.6,4.5,12.7,136.0,0,0
45.0,44.0,46.0,37.0,35.2,38.8,0.0083,0.0159,0.0332,0.0074,0.00734,7.36,0.0103,0.00997,0.04,0.0391,0.243,0.012,8.22,5,22,5,600,7.3,20.4,8.8,9.5,0.0322,8.1,6.9,8.9,6.5,8.7,9.2,7.4,14.8,4.4,12.0,133.0,0,0
46.4,47.4,45.4,36.9,33.4,40.4,0.00783,0.0159,0.0328,0.00695,0.00739,7.45,0.0104,0.00947,0.0411,0.0385,0.245,0.0115,8.09,5,21,5,600,6.4,19.5,7.1,9.3,0.0322,7.1,6.0,8.6,7.3,9.4,9.2,7.6,15.0,4.8,10.2,128.0,0,0
48.0,47.2,48.8,37.3,39.2,35.4,0.00798,0.0159,0.0333,0.00719,0.00791,7.65,0.0104,0.00998,0.04,0.0386,0.243,0.0114,7.97,5,20,5,600,5.6,18.0,7.4,10.1,0.0334,7.7,7.1,9.8,8.4,8.6,8.1,8.0,16.7,5.3,10.9,132.0,0,0
43.5,42.6,44.4,37.7,36.8,38.6,0.00786,0.0158,0.0331,0.00687,0.00721,7.91,0.00956,0.00931,0.04,0.0389,0.245,0.0115,7.99,5,20,5,600,5.8,16.7,7.9,9.7,0.0326,7.7,9.2,10.8,8.2,8.1,8.3,7.5,17.1,5.6,11.5,134.0,0,0
45.0,45.0,45.0,35.8,35.4,36.2,0.00786,0.0158,0.033,0.00729,0.00721,7.91,0.00967,0.00931,0.0401,0.0393,0.242,0.0119,8.02,5,21,6,600,5.7,14.5,7.1,8.7,0.0322,8.1,8.7,10.5,8.5,9.3,7.8,7.7,17.0,5.8,10.3,130.0,0,0
47.4,46.4,48.4,36.2,35.0,37.4,0.00717,0.0148,0.0328,0.0067,0.00736,8.18,0.00967,0.00931,0.04,0.0397,0.244,0.0116,8.02,5,21,6,600,5.8,16.6,8.1,7.7,0.0335,8.2,8.4,8.9,9.2,8.6,8.6,8.9,16.0,5.0,10.1,130.0,0,0
45.7,45.8,45.6,37.0,33.6,40.4,0.00753,0.0159,0.0327,0.00624,0.00764,8.35,0.00969,0.00916,0.0398,0.0394,0.242,0.011,7.96,5,20,5,600,6.1,17.2,9.9,7.0,0.0331,8.0,8.9,7.9,8.4,10.0,9.4,6.9,16.4,5.2,11.0,132.0,0,0
43.4,42.0,44.8,36.2,37.2,35.2,0.00751,0.0149,0.0325,0.00616,0.00712,8.49,0.00969,0.00916,0.0398,0.0396,0.245,0.0103,7.96,5,20,5,600,5.7,16.5,8.6,7.7,0.0332,7.3,8.5,8.3,7.8,9.9,8.6,6.2,16.7,5.9,12.5,130.0,0,0
46.6,48.0,45.2,36.6,37.8,35.4,0.0079,0.0166,0.0329,0.0107,0.00748,8.73,0.0097,0.00896,0.0408,0.0398,0.244,0.0107,7.96,5,22,5,600,5.0,16.6,7.8,7.5,0.0331,7.2,7.7,8.1,9.1,8.0,9.5,7.7,17.4,6.4,12.0,130.0,0,0
46.0,46.2,45.8,37.6,34.2,41.0,0.00723,0.0153,0.0327,0.0107,0.0076,8.82,0.0097,0.00896,0.0395,0.0397,0.245,0.0112,7.96,5,21,6,600,5.5,15.3,7.2,8.0,0.0337,9.3,7.4,7.6,10.5,8.9,10.3,8.0,20.9,7.3,10.4,137.0,0,0
47.1,48.8,45.4,36.8,36.4,37.2,0.00799,0.0164,0.0327,0.0101,0.00666,9.05,0.0105,0.00958,0.0395,0.0401,0.241,0.0112,7.92,5,20,5,600,5.4,17.3,6.9,9.1,0.0337,9.7,7.7,7.9,9.1,9.0,9.0,8.6,21.0,7.3,10.8,139.0,0,0
45.3,41.8,48.8,36.5,35.0,38.0,0.00735,0.0145,0.0327,0.0103,0.00626,9.22,0.00975,0.00958,0.0395,0.0399,0.244,0.0108,7.9,5,20,5,600,5.0,19.1,8.6,8.4,0.0338,8.0,8.4,7.9,7.8,8.7,8.1,8.6,19.1,6.9,12.0,137.0,0,0
46.6,47.0,46.2,34.9,39.4,30.4,0.00735,0.0161,0.0329,0.0103,0.00781,9.45,0.0114,0.0101,0.0393,0.0395,0.244,0.0104,7.87,5,21,5,600,4.8,16.9,9.8,7.4,0.033,8.3,7.7,9.3,8.5,7.0,7.6,8.5,18.3,6.5,11.6,132.0,0,0
44.1,42.6,45.6,36.0,37.0,35.0,0.0085,0.0161,0.0332,0.0104,0.00739,9.97,0.00984,0.0101,0.0394,0.0394,0.242,0.0109,7.87,5,20,5,600,6.2,15.2,8.8,8.4,0.0336,9.4,7.1,8.2,9.4,6.4,8.7,8.1,17.5,5.9,11.2,131.0,0,0
48.7,48.2,49.2,38.2,38.8,37.6,0.00759,0.0146,0.0332,0.00985,0.00778,10.5,0.0106,0.0064,0.0404,0.04,0.245,0.0119,7.88,5,20,6,600,7.1,15.0,7.2,9.2,0.0337,9.4,8.0,7.8,9.7,8.7,9.7,8.6,18.1,6.7,11.8,137.0,0,0
43.6,40.8,46.4,34.1,31.8,36.4,0.00751,0.0179,0.0337,0.0104,0.00788,11.0,0.00981,0.00686,0.0405,0.0397,0.247,0.0116,7.86,5,20,5,600,6.5,14.8,7.1,8.4,0.0338,9.1,8.7,8.8,9.1,9.3,10.1,9.5,18.0,6.8,11.4,138.0,0,0
62.9,62.6,63.2,37.6,36.8,38.4,0.00824,0.0196,0.034,0.0105,0.00772,9.92,0.00996,0.00689,0.0385,0.0402,0.244,0.0104,17.4,8,74,10,800,83.2,20.1,8.7,10.2,0.0337,10.1,10.5,7.4,8.3,9.0,10.4,9.3,21.2,7.5,13.9,230.0,0,0
53.1,53.4,52.8,40.9,43.2,38.6,0.00751,0.0186,0.0338,0.0107,0.0072,10.1,0.00996,0.00638,0.0395,0.0404,0.246,0.00994,15.3,7,77,8,800,45.1,24.5,10.6,10.8,0.0327,10.8,10.6,11.1,8.8,10.7,12.0,11.1,25.3,8.3,17.1,217.0,0,0
52.8,55.0,50.6,35.9,34.2,37.6,0.00751,0.0185,0.0336,0.0106,0.00775,10.3,0.0108,0.00687,0.0405,0.0398,0.244,0.01,13.9,7,22,6,800,10.9,23.0,11.0,11.9,0.0335,12.8,9.8,13.6,9.7,10.1,11.4,10.4,25.4,8.0,15.9,184.0,0,0
51.5,52.2,50.8,41.0,44.6,37.4,0.00857,0.0185,0.0339,0.0109,0.00775,10.6,0.00998,0.00636,0.0396,0.0399,0.245,0.0101,13.4,7,24,6,800,7.3,23.7,11.2,12.1,0.0336,13.6,10.4,12.2,10.9,10.3,10.0,10.6,23.6,7.8,13.8,178.0,0,0
51.0,51.8,50.2,38.4,43.0,33.8,0.00808,0.0195,0.0341,0.0109,0.00769,10.7,0.011,0.00911,0.0395,0.0394,0.245,0.01,12.9,7,27,7,800,7.1,25.5,10.8,10.6,0.0332,10.9,11.5,10.9,8.3,11.0,11.3,9.9,23.0,6.4,16.0,173.0,0,0
53.6,54.0,53.2,36.3,33.8,38.8,0.00723,0.0185,0.0342,0.0114,0.00727,10.8,0.0102,0.00868,0.0397,0.0395,0.246,0.0103,12.3,7,25,6,800,7.6,23.2,8.9,10.2,0.0337,10.2,12.1,11.3,9.9,13.2,11.9,10.5,24.3,6.6,17.5,177.0,0,0
52.2,51.4,53.0,36.5,35.0,38.0,0.00872,0.0194,0.0345,0.0108,0.00786,11.1,0.011,0.00911,0.0396,0.0396,0.243,0.0114,12.1,7,25,6,800,7.5,23.7,10.6,11.1,0.0327,10.8,11.2,10.6,10.7,12.6,10.9,12.0,23.4,7.9,17.5,181.0,0,0
52.6,50.0,55.2,39.2,42.0,36.4,0.00828,0.0177,0.0342,0.0062,0.00741,11.3,0.0102,0.00862,0.0386,0.0396,0.242,0.011,12.1,7,30,7,800,7.3,23.5,12.1,12.4,0.0335,10.9,11.5,10.5,8.7,10.7,11.8,10.6,23.2,8.9,15.1,177.0,0,0
52.3,51.0,53.6,35.9,40.2,31.6,0.00891,0.0177,0.0344,0.0062,0.00692,11.4,0.011,0.00911,0.0396,0.0398,0.246,0.0104,11.8,6,26,6,800,7.3,21.9,10.7,11.4,0.033,12.1,12.7,11.4,10.4,10.7,11.7,10.6,23.8,8.7,13.9,177.0,0,0
51.3,51.6,51.0,39.6,40.2,39.0,0.00816,0.0178,0.0344,0.00758,0.00736,11.5,0.0116,0.00789,0.0395,0.0394,0.246,0.0109,11.6,6,22,6,800,6.8,23.3,11.2,10.2,0.0326,11.7,11.3,10.7,11.1,11.8,12.0,11.7,23.0,7.5,14.0,176.0,0,0
49.2,48.2,50.2,35.7,36.4,35.0,0.00871,0.0178,0.0342,0.00733,0.00772,11.8,0.0116,0.00853,0.0392,0.0395,0.244,0.0105,11.3,6,23,6,800,7.7,21.8,11.2,11.5,0.0329,12.0,9.3,9.7,9.4,12.2,11.0,10.4,21.7,7.2,15.8,171.0,0,0
53.6,55.4,51.8,38.4,35.8,41.0,0.00912,0.0179,0.0342,0.00741,0.00614,12.1,0.0099,0.00851,0.0395,0.0399,0.243,0.0115,11.6,6,37,6,800,9.4,21.9,9.8,11.4,0.033,13.2,10.1,10.5,9.2,10.9,10.3,8.9,21.1,6.4,18.1,171.0,0,0
50.9,50.2,51.6,38.5,40.6,36.4,0.00801,0.0198,0.0342,0.00745,0.00782,12.1,0.0107,0.00851,0.0403,0.0399,0.246,0.011,11.4,6,36,6,800,8.5,21.5,11.5,10.9,0.0326,11.4,12.1,11.2,10.9,9.6,10.7,10.3,21.9,6.9,18.5,176.0,0,0
51.5,51.4,51.6,38.9,39.6,38.2,0.00792,0.0198,0.0343,0.00755,0.00733,12.3,0.0108,0.00807,0.0385,0.0397,0.241,0.00998,11.2,6,22,6,800,7.1,21.9,11.5,11.6,0.0332,10.3,11.3,11.5,12.2,10.3,11.1,10.4,23.0,7.7,16.8,177.0,0,0
54.7,53.6,55.8,35.4,31.2,39.6,0.00849,0.0141,0.0339,0.00728,0.00724,12.5,0.0108,0.00822,0.0383,0.0401,0.243,0.00995,11.2,6,25,6,800,6.6,26.1,10.8,12.3,0.033,9.5,11.2,11.3,11.2,10.5,9.2,9.8,23.2,7.1,13.7,173.0,0,0
53.0,51.8,54.2,37.6,41.8,33.4,0.00775,0.0129,0.0343,0.00731,0.0082,13.0,0.00996,0.00822,0.0393,0.0404,0.243,0.0103,11.0,6,23,6,800,7.4,25.8,11.1,12.3,0.0326,11.1,12.6,10.4,8.8,10.1,7.9,11.1,22.1,6.9,15.6,173.0,0,0
52.0,52.4,51.6,39.5,38.8,40.2,0.00829,0.0139,0.0344,0.00725,0.00784,13.9,0.0109,0.00798,0.0391,0.0406,0.247,0.0108,10.9,6,22,7,800,8.0,24.0,11.1,11.9,0.0331,12.1,12.8,10.3,8.4,10.1,10.9,10.9,20.3,6.7,15.5,173.0,0,0
52.5,51.6,53.4,35.9,39.2,32.6,0.00708,0.0129,0.0346,0.00667,0.0075,14.4,0.0101,0.00798,0.0394,0.0408,0.241,0.0106,10.8,6,22,6,800,7.4,24.0,11.6,13.5,0.0331,10.8,12.4,9.3,10.7,11.0,10.5,9.6,20.9,7.7,14.5,174.0,0,0
63.0,62.2,63.8,36.9,38.8,35.0,0.00829,0.0127,0.0339,0.00728,0.00711,13.3,0.0109,0.0067,0.0395,0.0407,0.239,0.0118,232.0,75,1 K,270,1 K,63.4,21.9,10.2,11.2,0.033,10.0,9.6,11.3,10.7,11.4,8.7,9.8,21.1,6.9,15.3,222.0,0,0
63.1,62.2,64.0,40.6,38.0,43.2,0.00837,0.0138,0.0341,0.00676,0.0075,13.6,0.0109,0.00717,0.0393,0.041,0.244,0.0115,232.0,76,1 K,320,1 K,38.3,23.7,13.9,12.3,0.0337,12.3,12.1,12.6,12.4,13.3,12.0,12.1,25.6,8.1,18.4,227.0,0,0
57.4,56.2,58.6,36.7,39.8,33.6,0.00689,0.0128,0.0339,0.00729,0.00691,13.7,0.01,0.00674,0.0394,0.041,0.241,0.0101,193.0,47,430,14,1 K,18.2,25.3,14.2,12.2,0.0336,14.0,12.5,13.1,13.7,15.4,13.3,13.7,26.6,7.8,19.3,219.0,0,0
62.9,63.6,62.2,40.6,40.6,40.6,0.00743,0.0139,0.0337,0.00766,0.0073,13.9,0.0109,0.00737,0.0404,0.0408,0.245,0.0105,165.0,31,66,12,1 K,9.6,27.5,11.7,13.7,0.0329,13.3,12.2,14.4,14.6,14.2,13.5,15.1,25.1,7.5,19.7,212.0,0,0
60.5,62.4,58.6,41.0,43.6,38.4,0.0068,0.0139,0.0337,0.00838,0.0073,14.2,0.0101,0.00688,0.0396,0.0408,0.241,0.0108,144.0,23,45,10,1 K,10.1,28.1,13.1,14.8,0.0338,13.4,12.9,14.4,14.7,14.4,13.8,15.4,30.0,10.2,19.0,224.0,0,0
57.0,55.4,58.6,38.0,37.8,38.2,0.0068,0.0144,0.0334,0.00712,0.00727,14.3,0.0101,0.00739,0.0393,0.0412,0.242,0.0107,128.0,19,31,7,1 K,8.9,24.6,16.1,15.5,0.0338,13.1,14.0,12.8,12.5,14.4,14.3,13.5,29.7,10.1,18.9,218.0,0,0
56.9,55.4,58.4,38.1,43.2,33.0,0.00677,0.0144,0.0338,0.00678,0.00691,14.5,0.0101,0.00675,0.0397,0.0411,0.242,0.0112,117.0,17,87,8,1 K,9.7,27.8,16.5,15.5,0.0333,12.7,14.2,12.8,12.2,13.0,13.7,11.9,28.1,9.1,20.1,217.0,0,0
57.5,58.2,56.8,38.2,38.4,38.0,0.00695,0.0128,0.0336,0.00789,0.00723,14.6,0.011,0.0067,0.0395,0.0409,0.245,0.0105,107.0,15,87,8,1 K,11.3,29.0,14.6,13.3,0.034,13.9,12.3,12.3,14.5,13.3,12.9,13.3,27.7,8.9,19.8,217.0,0,0
59.9,59.8,60.0,41.9,42.2,41.6,0.00691,0.0119,0.0337,0.00789,0.00555,14.5,0.0102,0.0067,0.0383,0.041,0.242,0.0115,98.0,14,28,7,1 K,10.3,27.5,13.2,13.1,0.0338,13.0,13.1,12.9,15.2,14.1,14.7,15.0,27.2,7.6,19.1,216.0,0,0
58.4,59.8,57.0,36.1,41.2,31.0,0.00829,0.0129,0.0337,0.00822,0.00732,14.9,0.0101,0.00723,0.0393,0.0411,0.246,0.0116,91.0,13,31,8,1 K,9.5,28.5,15.0,14.3,0.0329,12.2,14.2,12.9,14.3,14.5,13.5,14.1,29.0,8.5,21.0,222.0,0,0
57.2,57.6,56.8,39.9,41.0,38.8,0.00772,0.0119,0.0337,0.00781,0.00732,15.1,0.0101,0.00663,0.0394,0.041,0.243,0.0119,85.1,12,36,8,1 K,10.1,27.1,15.3,13.2,0.034,13.0,14.5,12.3,13.7,15.1,12.7,12.5,28.7,9.9,22.0,220.0,0,0
59.8,58.4,61.2,38.1,40.0,36.2,0.00835,0.0119,0.0338,0.00764,0.00682,15.5,0.0111,0.00702,0.0395,0.0408,0.242,0.012,80.1,12,58,8,1 K,9.5,28.4,14.7,13.8,0.0339,14.7,14.4,14.3,13.4,13.2,12.3,13.1,28.1,10.8,19.2,220.0,0,0
58.4,56.6,60.2,37.5,35.6,39.4,0.00782,0.011,0.0335,0.00774,0.00676,15.5,0.0102,0.00661,0.0397,0.0407,0.241,0.0116,75.8,11,57,8,1 K,9.2,28.1,15.4,14.7,0.033,15.7,14.2,14.5,12.9,12.7,12.4,14.7,30.9,10.5,19.6,226.0,0,0
60.5,61.2,59.8,37.9,38.4,37.4,0.00846,0.0131,0.0335,0.00841,0.00715,15.9,0.0111,0.00704,0.0394,0.0409,0.244,0.0113,71.9,11,34,8,1 K,8.8,27.5,14.4,13.7,0.034,14.3,13.7,13.9,12.0,15.7,12.3,14.0,32.0,9.1,20.3,222.0,0,0
60.4,61.2,59.6,40.4,41.4,39.4,0.00846,0.012,0.0338,0.00772,0.00715,16.2,0.0103,0.00709,0.0394,0.0413,0.243,0.011,69.0,11,43,9,1 K,9.1,28.4,12.7,14.3,0.0342,13.9,13.6,13.1,13.7,14.4,12.6,13.0,28.2,8.6,19.8,215.0,0,0
60.6,60.2,61.0,40.2,42.2,38.2,0.00788,0.0131,0.0341,0.00817,0.00724,17.2,0.0106,0.00662,0.0392,0.0415,0.245,0.0113,66.1,11,90,11,1 K,10.1,30.1,12.6,13.8,0.033,14.4,13.7,13.3,14.3,12.1,16.9,13.0,28.2,8.4,17.5,218.0,0,0
60.6,60.8,60.4,40.4,42.8,38.0,0.00729,0.0122,0.0344,0.00804,0.00687,18.2,0.0106,0.00662,0.039,0.0423,0.246,0.0102,63.5,11,44,10,1 K,8.9,28.2,13.0,12.6,0.0329,13.0,13.8,14.6,13.4,13.0,17.6,14.5,30.0,9.0,18.1,220.0,0,0
61.4,60.2,62.6,37.8,35.8,39.8,0.00722,0.0136,0.0351,0.00824,0.00674,6.99,0.00976,0.00694,0.0389,0.0394,0.24,0.01,9.8,7,26,6,600,93.0,16.8,8.5,7.17,0.0318,9.83,10.3,8.83,8.0,8.0,7.67,7.17,17.3,5.83,11.2,220.0,0,0
48.4,51.6,45.2,36.1,35.2,37.0,0.00767,0.0152,0.0351,0.00769,0.00723,7.08,0.00982,0.00655,0.039,0.0393,0.242,0.0104,9.17,6,26,6,600,56.6,17.3,9.3,6.6,0.0314,9.2,10.0,8.5,9.1,7.7,8.8,7.4,19.2,6.9,10.3,187.0,0,0
45.6,45.4,45.8,36.3,35.6,37.0,0.00712,0.014,0.035,0.00748,0.00686,7.29,0.00982,0.00655,0.039,0.0394,0.242,0.0107,8.87,6,21,5,600,12.4,16.9,9.4,6.7,0.0322,7.6,8.1,8.8,8.4,7.8,10.0,7.2,17.9,5.7,10.2,137.0,0,0
47.9,51.0,44.8,34.6,35.0,34.2,0.00762,0.015,0.0351,0.00746,0.00755,7.47,0.0106,0.00726,0.039,0.0396,0.244,0.0102,8.6,6,21,5,600,5.9,17.3,8.2,7.7,0.0318,7.6,7.2,9.5,7.7,8.7,9.4,9.1,15.7,4.6,10.8,129.0,0,0
45.9,48.0,43.8,37.1,41.0,33.2,0.00698,0.014,0.0353,0.00732,0.00719,7.74,0.00988,0.00678,0.0392,0.0399,0.24,0.0099,8.83,6,25,6,600,5.7,15.7,7.7,7.7,0.0313,8.1,8.3,9.4,9.0,7.9,8.9,10.7,17.4,6.1,12.0,135.0,0,0
49.1,47.6,50.6,35.0,33.2,36.8,0.00749,0.014,0.0355,0.00784,0.00757,8.01,0.0107,0.0069,0.0382,0.0399,0.244,0.0099,8.73,6,26,6,600,5.3,14.9,7.6,8.5,0.0312,7.8,8.6,8.3,9.1,9.1,9.1,8.8,18.0,6.2,13.7,135.0,0,0
45.3,45.8,44.8,37.3,36.4,38.2,0.00749,0.0142,0.0354,0.00776,0.00718,8.08,0.0097,0.0069,0.0392,0.0399,0.24,0.0102,8.69,6,22,6,600,5.1,15.3,6.2,9.1,0.0316,7.7,7.6,8.4,7.3,10.0,8.3,7.6,16.4,5.4,13.6,128.0,0,0
49.7,47.2,52.2,34.1,29.6,38.6,0.00672,0.0161,0.0355,0.00789,0.00741,8.33,0.0105,0.00743,0.0404,0.0398,0.242,0.0109,8.61,6,22,6,600,4.7,17.3,6.2,7.6,0.031,7.9,8.8,8.7,6.6,9.2,8.2,9.1,17.2,5.6,12.3,129.0,0,0
48.3,47.6,49.0,39.1,37.4,40.8,0.007,0.0151,0.0355,0.00734,0.0069,8.55,0.00962,0.00768,0.0393,0.0397,0.24,0.0114,8.72,6,23,6,600,4.8,18.0,7.7,7.4,0.0319,8.6,10.8,7.7,8.5,8.8,8.6,8.5,17.4,5.8,11.0,134.0,0,0
48.8,50.2,47.4,35.9,32.0,39.8,0.00764,0.0162,0.0355,0.00734,0.0073,8.69,0.0106,0.00768,0.0404,0.0399,0.243,0.0114,8.6,6,22,6,600,4.6,17.0,8.1,7.1,0.0315,8.6,9.5,7.6,9.1,9.2,9.0,7.6,16.6,5.9,11.6,132.0,0,0
44.9,43.8,46.0,34.5,30.4,38.6,0.00764,0.0146,0.0355,0.00723,0.0073,8.88,0.00969,0.00719,0.0393,0.04,0.24,0.0109,8.51,6,19,5,600,5.1,18.7,7.9,7.3,0.0316,8.4,9.2,9.2,9.3,8.5,9.3,8.4,17.4,5.4,11.4,136.0,0,0
47.9,46.2,49.6,37.8,34.4,41.2,0.0083,0.0207,0.0357,0.00723,0.00724,9.09,0.00972,0.00758,0.0392,0.0398,0.241,0.0112,8.44,5,20,5,600,5.1,18.1,6.8,8.3,0.0307,8.4,9.0,8.5,9.4,7.7,10.0,7.7,14.7,4.7,9.8,128.0,0,0
43.6,44.4,42.8,37.6,38.4,36.8,0.0078,0.0198,0.0355,0.00704,0.00724,9.3,0.00972,0.00701,0.0391,0.0397,0.241,0.0108,8.38,5,21,5,600,5.2,17.3,7.3,8.0,0.0312,8.0,8.6,7.6,9.0,7.3,8.8,8.3,13.9,4.9,10.5,125.0,0,0
46.2,46.0,46.4,34.1,32.4,35.8,0.00811,0.0207,0.0357,0.00711,0.00667,9.31,0.0105,0.007,0.0392,0.04,0.241,0.0106,8.35,5,20,6,600,6.0,18.5,7.8,9.2,0.0308,7.9,9.3,8.6,10.2,6.6,7.0,9.3,16.2,5.1,11.6,133.0,0,0
45.6,46.8,44.4,36.3,37.2,35.4,0.008,0.0199,0.0359,0.00721,0.00707,9.53,0.0106,0.00845,0.0391,0.0397,0.241,0.0106,8.34,5,21,6,600,5.6,17.6,7.1,9.9,0.0312,8.8,8.9,8.9,9.5,6.8,8.0,8.1,17.0,6.0,11.2,133.0,0,0
48.9,51.4,46.4,36.1,37.4,34.8,0.00868,0.0228,0.0358,0.00756,0.00718,9.78,0.0106,0.00845,0.0385,0.0404,0.241,0.00992,8.31,5,22,6,600,5.2,16.9,7.9,8.1,0.0315,9.2,8.7,8.6,7.4,7.9,9.0,8.3,17.0,5.9,10.9,131.0,0,0
45.6,43.8,47.4,35.9,36.6,35.2,0.00742,0.02,0.0359,0.00712,0.00654,10.2,0.0106,0.00845,0.0393,0.0406,0.24,0.00962,8.28,5,21,5,600,6.1,17.4,7.5,7.8,0.0312,9.2,8.2,7.7,7.7,9.2,9.7,9.2,16.6,4.9,10.6,132.0,0,0
46.7,47.2,46.2,34.9,36.8,33.0,0.0079,0.0241,0.0358,0.00757,0.00702,10.9,0.00985,0.0071,0.0393,0.0408,0.241,0.0101,8.27,5,22,5,600,6.2,17.0,7.3,7.6,0.0314,9.3,8.0,8.0,8.6,9.4,10.0,8.7,15.9,4.6,10.7,131.0,0,0
45.6,44.8,46.4,35.4,34.8,36.0,0.00719,0.0232,0.036,0.00621,0.00688,11.3,0.0109,0.00762,0.0393,0.0408,0.24,0.0104,8.27,5,22,5,600,6.2,15.4,7.8,8.9,0.0313,8.2,7.7,9.3,7.9,7.7,10.1,8.2,15.6,4.3,12.6,130.0,0,0
64.6,64.2,65.0,37.8,39.4,36.2,0.0081,0.0258,0.0356,0.00663,0.0067,10.1,0.0109,0.00739,0.0388,0.0399,0.238,0.011,15.5,9,59,11,800,82.1,19.0,8.5,8.5,0.0313,8.9,10.6,8.7,11.9,11.0,9.5,9.0,18.7,5.8,11.7,224.0,0,0
53.9,52.2,55.6,37.7,38.2,37.2,0.00759,0.0258,0.0354,0.00655,0.00639,10.3,0.01,0.00682,0.0389,0.0398,0.237,0.0117,14.0,8,61,10,800,44.9,23.3,9.9,11.0,0.0314,11.1,12.6,10.4,13.4,11.6,10.9,9.9,25.8,8.8,13.7,217.0,0,0
54.9,56.6,53.2,36.1,34.4,37.8,0.00901,0.0258,0.0351,0.00665,0.00681,10.7,0.0109,0.00738,0.0388,0.0398,0.238,0.0114,13.0,8,24,7,800,11.7,24.7,10.9,11.6,0.0313,11.4,11.3,10.0,10.4,12.6,11.5,9.1,25.5,9.5,14.9,185.0,0,0
49.7,48.2,51.2,38.6,38.2,39.0,0.00901,0.0239,0.0358,0.00662,0.00645,10.8,0.0109,0.00686,0.0378,0.0399,0.239,0.0104,12.4,7,23,7,800,8.1,24.7,10.5,10.9,0.0316,10.6,10.9,10.1,10.1,11.3,11.8,8.9,22.3,8.1,14.9,173.0,0,0
54.0,54.4,53.6,36.6,34.8,38.4,0.0087,0.0239,0.0358,0.00699,0.00687,11.0,0.0109,0.00661,0.0386,0.0401,0.237,0.0103,12.5,7,29,7,800,7.6,24.6,9.4,10.3,0.0309,9.9,11.6,10.6,11.4,10.0,12.7,9.9,21.5,7.8,16.5,174.0,0,0
55.0,54.4,55.6,39.4,38.0,40.8,0.00858,0.0238,0.0358,0.00709,0.00658,11.0,0.0109,0.00661,0.0376,0.0402,0.236,0.0103,12.0,7,27,7,800,7.3,24.4,11.0,10.2,0.0317,10.2,10.8,11.7,12.4,10.5,12.1,10.5,23.2,9.4,18.4,182.0,0,0
53.4,54.0,52.8,37.5,39.2,35.8,0.00868,0.0249,0.0358,0.00698,0.00695,11.3,0.0109,0.00708,0.0384,0.0401,0.237,0.0103,11.6,7,22,6,800,7.6,25.2,11.9,10.0,0.0316,10.7,10.6,10.8,11.0,10.1,10.9,12.1,24.5,9.2,17.0,182.0,0,0
53.7,53.0,54.4,36.0,37.0,35.0,0.00741,0.0188,0.0359,0.00709,0.00662,11.5,0.0108,0.00669,0.0394,0.0402,0.235,0.0105,11.5,7,25,6,800,7.5,23.7,10.6,9.8,0.0317,11.7,13.3,10.7,8.6,11.1,10.4,11.7,23.7,8.9,15.7,177.0,0,0
53.0,49.6,56.4,38.2,39.8,36.6,0.00779,0.0197,0.0361,0.00712,0.00711,11.6,0.0108,0.00817,0.0386,0.0403,0.235,0.0104,11.5,7,32,7,800,6.6,22.3,9.9,10.7,0.0317,12.1,14.3,11.0,9.7,11.1,11.2,11.0,22.9,8.2,14.6,176.0,0,0
52.8,51.6,54.0,35.5,33.4,37.6,0.00712,0.0188,0.0361,0.00667,0.0072,12.0,0.01,0.00818,0.0385,0.0405,0.236,0.0117,11.4,7,29,7,800,7.6,22.6,10.8,11.1,0.0316,11.6,11.6,9.6,10.6,11.1,11.8,10.5,22.5,7.0,15.5,174.0,0,0
53.6,53.2,54.0,37.5,37.6,37.4,0.00764,0.0188,0.0363,0.00716,0.00632,12.1,0.01,0.00673,0.0383,0.0407,0.239,0.012,11.3,7,25,7,800,8.2,22.2,10.8,12.6,0.0307,10.9,9.6,10.4,9.7,11.4,9.9,9.2,22.6,6.8,16.1,170.0,0,0
51.8,53.0,50.6,36.6,38.8,34.4,0.00696,0.0158,0.0363,0.00667,0.00657,12.3,0.01,0.00673,0.0383,0.0402,0.237,0.0112,11.1,7,25,7,800,7.4,24.1,10.6,12.9,0.0305,9.9,10.8,11.1,9.9,10.3,9.5,10.7,22.8,7.0,14.8,172.0,0,0
55.2,55.2,55.2,38.9,38.0,39.8,0.0075,0.0179,0.0364,0.00688,0.00694,12.5,0.00992,0.00723,0.0385,0.0402,0.239,0.0117,11.1,7,25,7,800,7.7,24.6,11.6,11.9,0.0316,10.1,11.6,9.7,10.8,10.2,10.6,11.7,24.3,9.0,14.1,178.0,0,0
55.3,56.6,54.0,34.7,39.6,29.8,0.00701,0.0138,0.0365,0.00664,0.00646,12.6,0.00992,0.00734,0.0395,0.0404,0.239,0.0114,11.0,7,24,7,800,6.4,21.8,13.4,10.2,0.0307,11.4,13.0,8.5,11.6,10.8,11.3,11.6,25.2,8.8,15.6,180.0,0,0
55.5,54.2,56.8,38.1,41.6,34.6,0.00755,0.0151,0.0366,0.00715,0.00652,12.9,0.00988,0.00683,0.0386,0.0406,0.239,0.0111,10.9,7,25,7,800,6.4,21.9,14.1,8.7,0.0306,11.2,13.4,10.0,10.5,12.1,11.1,10.9,25.2,7.2,15.7,178.0,0,0
55.3,55.0,55.6,36.7,37.0,36.4,0.00692,0.0142,0.0369,0.0069,0.00637,13.6,0.0113,0.00729,0.0377,0.0412,0.239,0.0118,10.9,7,26,7,800,8.1,22.4,12.1,9.0,0.0311,11.4,10.1,12.7,9.6,12.0,10.2,10.0,25.0,7.5,15.0,175.0,0,0
52.9,50.4,55.4,35.8,32.8,38.8,0.00756,0.018,0.0368,0.00603,0.00684,14.3,0.0113,0.00682,0.0383,0.0415,0.238,0.0112,10.8,7,28,7,800,8.0,22.3,9.8,9.9,0.0308,12.7,11.9,13.1,11.4,11.7,8.8,10.1,25.1,7.9,16.3,179.0,0,0
52.3,52.0,52.6,39.3,38.6,40.0,0.00709,0.018,0.0372,0.00728,0.00686,15.1,0.0109,0.00723,0.0385,0.0418,0.239,0.0111,10.8,7,26,7,800,7.8,23.1,10.9,10.6,0.0309,11.5,11.9,11.7,11.9,11.2,8.9,10.7,22.9,7.0,15.0,175.0,0,0
63.2,64.4,62.0,36.7,38.6,34.8,0.00705,0.018,0.0369,0.00685,0.00649,13.6,0.0102,0.0104,0.0388,0.0414,0.239,0.0113,229.0,82,890,300,1 K,64.2,23.2,11.9,11.7,0.0308,11.1,11.3,9.7,9.1,10.2,10.8,11.5,18.1,6.0,12.4,221.0,0,0
65.3,65.4,65.2,38.8,39.2,38.4,0.00718,0.0171,0.0367,0.00675,0.0069,13.9,0.0102,0.0105,0.0389,0.0415,0.239,0.0121,242.0,110,890,470,1 K,41.9,26.5,12.5,13.1,0.0301,12.4,13.1,11.6,12.3,14.6,12.6,13.0,25.3,9.3,16.8,235.0,0,0
57.5,58.2,56.8,38.6,36.2,41.0,0.00708,0.016,0.037,0.00723,0.00653,13.9,0.0102,0.01,0.0391,0.0412,0.24,0.0113,207.0,63,590,18,1 K,16.3,26.6,13.6,13.1,0.0299,13.2,14.5,13.3,12.7,16.8,13.7,12.7,32.2,12.4,18.8,230.0,0,0
63.5,64.6,62.4,39.0,42.4,35.6,0.00772,0.0168,0.0369,0.00724,0.00693,14.4,0.0104,0.0105,0.0388,0.0413,0.24,0.0116,185.0,55,210,20,1 K,8.0,26.2,13.0,11.7,0.0305,15.6,15.5,14.5,11.5,15.2,14.2,12.1,31.6,11.5,17.8,218.0,0,0
57.9,59.6,56.2,37.4,35.0,39.8,0.00734,0.0159,0.037,0.00669,0.00645,14.6,0.0104,0.00903,0.0388,0.0417,0.241,0.0118,161.0,32,180,13,1 K,9.1,28.6,13.1,11.4,0.0299,15.6,16.0,15.3,12.3,15.3,12.9,13.2,29.8,9.3,17.1,219.0,0,0
60.5,59.8,61.2,39.7,42.4,37.0,0.00793,0.0172,0.0372,0.00669,0.00635,14.7,0.0112,0.00882,0.0387,0.0415,0.241,0.0105,145.0,26,52,11,1 K,7.8,29.9,13.9,14.6,0.0305,13.6,16.2,13.6,12.8,16.7,13.1,14.0,28.8,8.3,17.7,221.0,0,0
59.4,59.8,59.0,37.7,40.6,34.8,0.00742,0.0172,0.0366,0.00652,0.00703,14.8,0.0115,0.00882,0.039,0.0416,0.24,0.0102,131.0,22,52,11,1 K,8.0,29.7,12.4,16.4,0.031,12.5,14.1,13.0,12.5,15.6,14.0,13.5,27.1,9.0,17.8,216.0,0,0
61.1,61.8,60.4,36.4,36.6,36.2,0.00813,0.0172,0.0369,0.00712,0.00717,15.1,0.0115,0.00953,0.0386,0.0419,0.24,0.0111,121.0,20,66,10,1 K,8.8,28.8,11.6,14.3,0.0307,12.3,13.6,13.5,11.8,14.6,13.4,13.8,26.6,9.2,18.7,211.0,0,0
60.2,60.6,59.8,40.1,42.6,37.6,0.00759,0.0167,0.0369,0.00681,0.00679,15.4,0.0116,0.00903,0.0386,0.042,0.236,0.0111,119.0,21,240,22,1 K,10.1,27.6,11.6,13.5,0.0305,14.4,13.8,10.8,13.1,13.9,12.9,13.1,27.2,9.0,19.3,210.0,0,0
63.3,62.0,64.6,36.5,39.2,33.8,0.00895,0.0167,0.0372,0.00703,0.00741,15.5,0.0116,0.00891,0.0376,0.0417,0.236,0.0112,114.0,21,250,26,1 K,9.7,29.2,12.0,14.8,0.0307,15.2,14.9,9.2,14.3,15.2,12.8,12.6,28.9,8.7,19.7,217.0,0,0
59.9,60.4,59.4,38.7,38.6,38.8,0.00842,0.0164,0.037,0.00652,0.00696,15.7,0.0119,0.00929,0.0384,0.0418,0.24,0.0112,106.0,18,180,11,1 K,9.5,30.1,12.1,16.1,0.0308,13.2,15.1,12.0,12.6,16.7,12.4,12.7,30.8,9.0,20.1,222.0,0,0
59.2,57.0,61.4,37.8,35.0,40.6,0.00892,0.0174,0.0369,0.00702,0.00696,15.8,0.0105,0.00883,0.0383,0.0418,0.236,0.0106,102.0,18,160,10,1 K,9.8,28.0,11.7,14.9,0.0307,11.9,13.0,15.6,12.4,15.5,12.6,11.6,28.5,9.3,20.1,215.0,0,0
58.5,58.0,59.0,38.2,41.6,34.8,0.00829,0.0127,0.0372,0.00737,0.00679,15.9,0.0105,0.00883,0.0389,0.0415,0.241,0.0106,96.1,17,160,9,1 K,9.8,27.7,15.8,12.5,0.0304,14.0,11.5,14.2,12.7,14.8,13.5,13.7,28.0,9.8,21.6,220.0,0,0
61.5,61.6,61.4,37.7,38.2,37.2,0.00891,0.0147,0.0369,0.00585,0.0069,16.2,0.0103,0.00842,0.0394,0.0413,0.238,0.0121,91.0,16,32,8,1 K,8.7,29.5,16.5,12.5,0.0306,15.1,12.7,12.2,11.7,14.5,14.8,13.7,29.0,10.8,19.7,221.0,0,0
57.3,57.6,57.0,37.9,39.6,36.2,0.00748,0.0138,0.0369,0.00572,0.00702,16.6,0.0103,0.00928,0.0384,0.0417,0.242,0.0118,86.5,15,33,8,1 K,7.9,29.9,13.1,13.2,0.0307,13.1,12.9,13.0,15.2,13.5,14.8,11.6,29.1,11.0,18.6,217.0,0,0
60.0,59.0,61.0,39.2,37.6,40.8,0.00813,0.0149,0.0373,0.00708,0.00732,17.3,0.0114,0.00928,0.0385,0.0419,0.241,0.0117,82.5,14,35,8,1 K,9.7,29.1,13.3,12.4,0.0307,12.1,12.2,11.9,16.5,13.9,14.8,14.7,29.8,9.7,18.5,219.0,0,0
56.5,55.0,58.0,37.1,35.2,39.0,0.00752,0.0139,0.0374,0.00708,0.00709,18.3,0.0106,0.00881,0.0384,0.0421,0.243,0.0114,78.9,14,47,9,1 K,10.0,27.1,14.0,12.2,0.0309,14.3,14.0,12.4,14.6,14.5,14.3,15.4,29.6,9.7,16.1,218.0,0,0
59.9,60.2,59.6,38.8,37.6,40.0,0.0081,0.012,0.0335,0.00716,0.00654,7.02,0.00952,0.00654,0.0383,0.039,0.234,0.0109,9.15,6,24,6,600,94.2,19.5,9.5,9.0,0.0288,7.67,7.5,8.33,7.83,8.67,7.0,7.67,16.2,5.33,10.2,219.0,0,0
47.0,47.0,47.0,35.3,33.4,37.2,0.00857,0.012,0.0337,0.00761,0.00692,7.18,0.0103,0.00603,0.0381,0.0389,0.236,0.0109,8.76,6,23,6,600,57.0,18.1,10.4,8.7,0.029,7.9,8.1,7.8,8.6,7.5,7.1,7.7,16.8,5.7,10.6,182.0,0,0
45.7,43.2,48.2,35.0,35.4,34.6,0.0074,0.0111,0.0338,0.00628,0.0065,7.43,0.00956,0.00603,0.038,0.0389,0.237,0.0109,8.79,6,21,6,600,11.8,16.5,9.0,9.4,0.0284,8.7,10.1,7.7,8.5,6.7,8.3,8.0,18.4,6.7,10.4,140.0,0,0
47.6,47.8,47.4,37.9,35.8,40.0,0.00794,0.012,0.0337,0.00628,0.00693,7.54,0.0104,0.00561,0.0392,0.0392,0.236,0.0101,8.56,6,22,6,600,4.9,15.6,8.4,10.5,0.0288,9.1,10.0,8.0,7.7,8.5,8.5,9.2,19.0,6.9,10.9,137.0,0,0
43.9,42.8,45.0,34.7,38.6,30.8,0.00794,0.0112,0.0337,0.00692,0.00691,7.62,0.0096,0.00561,0.0384,0.039,0.234,0.0105,8.31,6,19,5,600,5.6,15.8,8.7,8.7,0.0295,7.6,9.5,8.7,8.7,7.9,7.8,9.6,17.4,6.1,11.2,133.0,0,0
44.6,42.4,46.8,36.5,39.6,33.4,0.0076,0.0112,0.0336,0.00622,0.00699,7.83,0.00957,0.0078,0.0393,0.0389,0.239,0.0106,8.24,5,19,5,600,6.0,18.0,7.3,7.8,0.0288,7.8,10.1,9.8,8.8,6.5,7.6,9.4,16.6,5.2,9.5,130.0,0,0
43.6,42.8,44.4,35.2,32.6,37.8,0.00756,0.0119,0.0339,0.00728,0.00574,8.03,0.011,0.00769,0.0383,0.0391,0.236,0.0104,8.26,5,21,5,600,5.8,17.9,7.2,9.0,0.0287,8.4,7.4,9.0,7.6,7.3,8.7,8.7,16.6,5.4,9.5,129.0,0,0
47.3,49.4,45.2,37.2,37.0,37.4,0.00825,0.012,0.0339,0.00778,0.00574,8.18,0.011,0.00647,0.0383,0.0389,0.241,0.0104,8.24,5,21,5,600,5.3,17.1,7.4,8.7,0.0292,9.2,8.0,7.4,8.1,7.9,9.3,8.2,17.7,5.3,10.8,130.0,0,0
45.6,45.0,46.2,36.2,40.6,31.8,0.00818,0.0109,0.034,0.00743,0.00582,8.33,0.0103,0.00687,0.0384,0.0387,0.238,0.0106,8.14,5,21,5,600,5.2,16.9,6.9,8.7,0.0291,8.9,9.9,8.1,8.8,9.3,8.3,7.3,17.8,4.8,14.3,135.0,0,0
46.2,47.2,45.2,36.3,35.8,36.8,0.00802,0.0109,0.0341,0.00757,0.00726,8.38,0.0103,0.00687,0.0382,0.0388,0.237,0.01,8.05,5,19,5,600,4.7,15.4,7.3,9.2,0.0291,7.9,8.8,9.0,8.3,9.4,7.5,8.2,17.2,5.4,14.4,133.0,0,0
45.0,44.4,45.6,35.2,37.0,33.4,0.00757,0.01,0.0341,0.00754,0.00678,8.67,0.0103,0.00635,0.0384,0.0387,0.238,0.0113,7.96,5,18,5,600,4.1,14.9,7.9,8.7,0.0299,8.2,7.2,8.6,8.0,8.8,7.2,8.1,17.1,6.2,13.1,128.0,0,0
46.9,47.8,46.0,35.5,31.4,39.6,0.00698,0.012,0.034,0.00767,0.00734,8.81,0.0103,0.00696,0.0383,0.0388,0.241,0.0113,7.95,5,20,5,600,4.9,16.5,8.3,9.2,0.029,8.5,6.8,9.2,7.3,8.9,8.5,7.8,19.0,7.5,12.7,135.0,0,0
45.0,43.0,47.0,36.8,36.2,37.4,0.0075,0.0111,0.0343,0.00801,0.00734,9.0,0.0106,0.00648,0.0392,0.0386,0.24,0.0104,7.98,5,22,6,600,5.1,17.3,8.8,9.1,0.0299,9.2,7.5,8.6,7.1,9.2,8.6,8.6,18.1,6.4,9.8,133.0,0,0
47.2,48.4,46.0,34.6,34.2,35.0,0.00876,0.012,0.0339,0.00743,0.00683,9.03,0.0106,0.007,0.0384,0.0383,0.242,0.0111,7.94,5,21,5,600,6.1,18.1,8.8,7.5,0.0297,8.2,7.4,7.3,8.2,9.0,7.6,8.1,16.4,5.8,10.7,129.0,0,0
46.2,46.4,46.0,35.3,31.8,38.8,0.00828,0.0111,0.0341,0.00677,0.00698,9.14,0.00974,0.00654,0.0387,0.0385,0.239,0.0111,7.9,5,20,5,600,8.0,18.7,8.2,7.5,0.0303,7.7,9.8,7.0,9.0,8.3,6.9,7.0,16.8,6.7,10.4,132.0,0,0
44.8,42.6,47.0,36.1,40.2,32.0,0.00881,0.012,0.0339,0.00672,0.00744,9.44,0.0105,0.00704,0.0386,0.0383,0.242,0.0115,7.96,5,21,6,600,6.2,17.7,8.4,7.8,0.0302,6.7,11.2,7.1,9.1,8.0,6.2,8.3,16.2,6.4,11.0,130.0,0,0
47.8,48.2,47.4,35.3,34.0,36.6,0.00881,0.0111,0.0341,0.00674,0.00707,9.86,0.00968,0.00657,0.0386,0.0384,0.238,0.0111,7.95,5,22,6,600,4.8,15.0,8.0,8.9,0.0305,6.9,9.2,7.6,9.8,8.8,7.1,9.4,17.6,6.9,12.6,133.0,0,0
46.3,48.8,43.8,35.8,32.6,39.0,0.00748,0.0111,0.0343,0.00723,0.00685,10.4,0.0105,0.00707,0.0386,0.0387,0.241,0.0111,7.92,5,21,5,600,5.2,15.0,7.7,10.9,0.03,8.0,8.6,9.0,9.8,9.4,8.0,8.1,18.7,6.9,12.2,138.0,0,0
47.7,46.4,49.0,36.8,36.0,37.6,0.00726,0.0111,0.0346,0.00673,0.0069,10.9,0.0105,0.00779,0.0387,0.0388,0.239,0.0105,7.91,5,21,5,600,5.5,16.9,8.2,9.7,0.0306,7.5,7.6,8.4,9.4,9.2,7.8,9.0,18.7,6.4,11.5,136.0,0,0
64.4,63.8,65.0,38.7,39.6,37.8,0.00818,0.0104,0.0335,0.00781,0.0066,9.96,0.0106,0.00912,0.0389,0.0381,0.245,0.0147,14.3,8,55,9,800,84.2,21.1,11.5,9.9,0.0316,8.7,10.7,8.3,8.2,9.6,8.8,11.0,20.6,7.4,12.1,232.0,0,0
52.9,52.6,53.2,36.5,34.8,38.2,0.00754,0.0163,0.0337,0.00781,0.00702,9.85,0.00978,0.00693,0.038,0.0382,0.243,0.0145,13.0,7,46,8,800,45.5,22.2,12.5,10.4,0.0314,10.2,11.0,9.1,10.0,12.6,12.0,11.2,23.0,7.1,15.2,212.0,0,0
51.7,51.4,52.0,39.5,41.4,37.6,0.00888,0.0157,0.0336,0.00772,0.00739,10.2,0.0097,0.00715,0.0391,0.038,0.243,0.0151,12.2,7,22,6,800,10.0,22.3,10.3,10.8,0.0319,12.6,10.2,9.4,11.4,12.0,11.2,9.9,23.0,7.2,14.1,174.0,0,0
54.0,56.8,51.2,40.1,37.2,43.0,0.00819,0.0156,0.0334,0.00709,0.00757,10.3,0.0097,0.00715,0.0394,0.0382,0.241,0.0148,11.8,7,24,7,800,7.6,23.7,10.3,11.5,0.032,13.6,10.4,10.6,11.8,12.0,11.6,10.1,25.4,8.6,14.0,181.0,0,0
53.9,54.6,53.2,36.1,36.0,36.2,0.00821,0.0166,0.0337,0.00709,0.00755,10.7,0.00977,0.00737,0.0393,0.0382,0.242,0.0147,11.5,7,26,6,800,7.5,23.7,8.9,10.6,0.0317,12.3,11.6,11.0,11.4,11.6,13.9,11.6,25.5,9.8,14.4,184.0,0,0
49.4,49.2,49.6,39.5,37.0,42.0,0.00816,0.0166,0.0335,0.00741,0.00611,10.9,0.00977,0.00737,0.0395,0.038,0.243,0.0147,11.2,7,24,6,800,7.0,24.0,10.5,11.0,0.0319,10.8,12.3,10.2,11.7,10.6,11.2,11.7,22.7,8.5,15.6,178.0,0,0
52.0,53.2,50.8,38.8,35.0,42.6,0.00867,0.0176,0.0335,0.00715,0.00727,10.9,0.00971,0.00856,0.0404,0.0384,0.244,0.0136,10.9,7,23,6,800,6.0,22.6,12.3,12.3,0.0312,10.9,11.0,9.3,11.6,11.8,9.5,10.4,22.4,7.1,16.2,173.0,0,0
52.4,54.6,50.2,36.0,34.2,37.8,0.00867,0.0157,0.0337,0.00768,0.00683,11.0,0.00971,0.00845,0.0404,0.0382,0.242,0.0139,10.7,6,24,6,800,5.7,21.8,10.9,11.8,0.0322,12.5,11.9,11.5,10.8,12.4,10.8,11.0,22.3,7.3,15.2,176.0,0,0
51.2,50.6,51.8,37.7,42.0,33.4,0.00861,0.0167,0.0337,0.00743,0.00728,11.2,0.00952,0.00845,0.0385,0.0381,0.243,0.0145,10.6,6,26,6,800,7.8,23.2,10.5,10.0,0.0317,11.3,11.7,11.5,10.5,12.2,10.7,12.7,21.6,7.2,13.8,175.0,0,0
52.4,53.2,51.6,39.4,40.2,38.6,0.00735,0.0158,0.0339,0.0074,0.00745,11.4,0.0104,0.00793,0.0396,0.0383,0.244,0.0143,10.5,6,27,6,800,7.8,23.6,10.5,9.8,0.0324,10.8,9.9,10.4,11.8,13.0,9.9,12.6,22.9,7.1,14.1,174.0,0,0
53.4,54.6,52.2,35.1,40.2,30.0,0.00788,0.0158,0.0338,0.00794,0.00729,11.7,0.0104,0.00836,0.0396,0.0384,0.244,0.0141,10.4,6,25,6,800,6.3,23.7,11.6,11.9,0.0321,10.7,9.8,10.9,12.3,12.3,8.1,12.2,23.6,7.1,15.4,176.0,0,0
50.7,49.4,52.0,39.3,36.2,42.4,0.00736,0.0167,0.0339,0.00765,0.00683,11.7,0.0106,0.00835,0.0405,0.0383,0.243,0.0138,10.3,6,25,6,800,7.2,23.4,12.3,11.1,0.0317,9.3,11.2,12.5,11.4,11.6,8.3,11.6,23.8,8.3,17.0,179.0,0,0
52.3,52.6,52.0,39.1,40.8,37.4,0.00798,0.0168,0.0338,0.00804,0.00735,12.0,0.0106,0.00835,0.0397,0.0384,0.242,0.0142,10.2,6,23,6,800,6.9,22.8,12.3,11.0,0.0317,9.3,12.7,12.9,10.7,11.3,10.9,11.2,24.0,9.2,16.6,182.0,0,0
50.3,49.2,51.4,35.5,35.6,35.4,0.00732,0.0168,0.0339,0.00764,0.00735,12.0,0.0098,0.00785,0.0395,0.0385,0.243,0.0154,10.0,6,21,6,800,6.6,23.4,11.6,11.3,0.0324,10.3,11.6,12.7,10.0,10.3,10.8,11.0,23.0,7.8,14.8,175.0,0,0
52.2,51.0,53.4,39.1,37.6,40.6,0.00791,0.0171,0.034,0.00805,0.0068,12.3,0.00983,0.00653,0.0398,0.0387,0.243,0.0148,9.96,6,22,6,800,6.7,24.7,10.9,10.7,0.0323,9.8,11.0,12.2,11.7,9.8,10.0,11.7,22.6,7.0,13.3,172.0,0,0
51.8,50.4,53.2,38.2,35.8,40.6,0.00853,0.0158,0.034,0.00775,0.00687,12.8,0.0106,0.00653,0.0398,0.0388,0.24,0.015,9.9,6,23,6,800,6.5,25.3,10.4,12.9,0.0322,9.6,10.9,9.7,12.6,9.9,10.7,11.3,22.4,7.6,12.7,173.0,0,0
51.4,52.2,50.6,36.3,33.0,39.6,0.00808,0.0167,0.0342,0.00794,0.00715,13.5,0.0106,0.00699,0.0398,0.0387,0.245,0.0154,9.82,6,23,6,800,7.5,23.1,10.0,12.1,0.0327,10.5,10.6,10.6,11.1,11.6,10.6,11.0,20.0,7.6,15.0,171.0,0,0
51.7,52.0,51.4,35.8,36.0,35.6,0.00849,0.0157,0.0342,0.00724,0.00694,14.3,0.0107,0.00668,0.0399,0.0392,0.242,0.0142,9.77,6,23,6,800,7.5,24.7,11.8,11.7,0.0322,11.2,10.5,12.6,10.2,11.6,10.4,11.5,20.3,7.4,16.7,178.0,0,0
63.9,64.2,63.6,39.7,35.8,43.6,0.00706,0.0144,0.0344,0.00739,0.00706,13.0,0.00992,0.00701,0.0395,0.0388,0.24,0.00989,167.0,76,580,250,1 K,68.1,22.2,10.8,13.0,0.0327,11.7,11.3,10.7,11.1,11.4,11.0,11.5,21.4,6.9,17.2,238.0,0,0
59.7,61.2,58.2,37.5,38.6,36.4,0.0077,0.0153,0.0346,0.00669,0.00713,13.0,0.0108,0.00755,0.0405,0.0388,0.242,0.0113,135.0,42,590,150,1 K,34.9,28.3,13.6,12.8,0.0327,14.0,14.0,13.0,13.1,13.1,14.8,11.7,26.5,8.2,18.3,236.0,0,0
60.4,61.0,59.8,38.1,36.2,40.0,0.00719,0.0143,0.0345,0.00698,0.00596,13.5,0.0101,0.00698,0.0384,0.0386,0.241,0.0107,112.0,25,31,9,1 K,12.0,27.7,15.1,13.6,0.0326,13.3,13.9,15.5,14.9,13.1,15.5,13.4,29.8,10.1,20.8,229.0,0,0
58.0,57.2,58.8,39.2,40.2,38.2,0.00777,0.0152,0.0346,0.00674,0.00738,13.6,0.0108,0.00648,0.0394,0.0388,0.238,0.0112,97.1,18,27,8,1 K,8.6,27.0,14.1,13.8,0.0318,13.0,13.7,16.6,14.3,13.9,13.0,14.0,28.5,9.5,20.1,220.0,0,0
55.3,54.4,56.2,37.6,42.6,32.6,0.00722,0.0142,0.0346,0.00674,0.00693,13.8,0.01,0.00648,0.0395,0.0387,0.238,0.0111,87.3,17,59,8,1 K,9.3,29.9,11.4,12.7,0.0321,13.8,14.4,14.2,14.9,13.7,14.9,15.1,27.8,8.8,18.3,219.0,0,0
59.7,59.6,59.8,37.4,41.0,33.8,0.00722,0.0151,0.0345,0.00724,0.00721,13.8,0.00997,0.00698,0.0393,0.0384,0.238,0.0106,78.5,15,63,8,1 K,9.9,29.6,11.2,11.5,0.0315,15.2,12.5,12.8,14.4,14.2,14.3,15.2,25.9,9.8,17.4,214.0,0,0
55.7,56.8,54.6,40.8,42.6,39.0,0.00835,0.0151,0.0348,0.00679,0.00676,14.0,0.00997,0.00654,0.0392,0.0386,0.238,0.0109,71.5,13,27,8,1 K,9.0,26.7,12.9,12.6,0.032,14.2,12.4,13.6,15.1,16.6,14.1,12.5,25.8,9.0,18.1,213.0,0,0
60.7,60.2,61.2,37.2,37.6,36.8,0.00843,0.0141,0.0347,0.00726,0.0072,14.4,0.0099,0.00646,0.0383,0.0386,0.239,0.0112,68.1,13,120,11,1 K,9.5,25.7,14.0,15.7,0.0319,12.0,13.0,14.7,16.0,16.2,15.4,11.2,26.7,8.0,19.1,217.0,0,0
59.4,58.6,60.2,40.6,40.0,41.2,0.00837,0.0141,0.035,0.00678,0.00678,14.4,0.0099,0.00714,0.0392,0.039,0.239,0.0108,63.2,13,120,11,1 K,9.9,31.5,14.5,16.1,0.0319,10.6,13.1,11.7,14.7,14.5,14.8,11.3,28.3,9.9,19.4,220.0,0,0
57.3,57.4,57.2,36.8,37.8,35.8,0.00847,0.0151,0.0347,0.00725,0.00724,14.7,0.0108,0.00714,0.0396,0.0387,0.239,0.00995,60.7,12,120,9,1 K,10.1,31.9,13.4,12.6,0.0311,12.1,13.7,12.2,13.9,13.0,15.0,12.5,29.3,10.9,20.0,221.0,0,0
58.3,59.6,57.0,37.6,34.0,41.2,0.00788,0.0138,0.0348,0.00704,0.00724,14.8,0.00995,0.00777,0.0392,0.0384,0.241,0.0097,57.0,12,120,8,1 K,9.2,28.5,12.9,12.7,0.0316,14.5,13.4,15.2,12.5,11.7,14.2,14.5,29.4,10.5,21.9,221.0,0,0
57.7,58.6,56.8,38.4,36.8,40.0,0.00739,0.0138,0.0353,0.00755,0.00717,15.0,0.0102,0.00777,0.0392,0.0384,0.243,0.00999,53.8,11,27,7,1 K,7.6,28.9,14.2,15.4,0.0316,14.5,14.5,12.9,13.2,12.9,14.4,13.7,29.7,8.8,20.8,222.0,0,0
58.1,58.0,58.2,38.7,41.6,35.8,0.00713,0.0141,0.0348,0.00708,0.00741,15.2,0.0102,0.00681,0.0394,0.0388,0.237,0.0101,51.6,11,52,9,1 K,9.7,28.7,13.2,14.7,0.0315,13.9,13.5,12.0,14.7,14.2,13.9,13.6,27.4,7.9,17.1,215.0,0,0
60.2,59.2,61.2,36.2,31.4,41.0,0.00673,0.0156,0.0351,0.00697,0.00721,15.4,0.0102,0.00736,0.0394,0.0387,0.241,0.0106,49.2,11,52,9,1 K,10.0,28.2,12.9,16.5,0.0314,13.4,11.9,14.1,13.1,12.8,12.6,15.3,28.0,10.2,18.4,217.0,0,0
59.0,59.4,58.6,39.1,37.4,40.8,0.00721,0.0146,0.0352,0.00716,0.00725,16.1,0.0102,0.00693,0.0395,0.0389,0.239,0.0101,47.0,11,31,9,1 K,9.0,29.8,15.0,15.2,0.0305,12.8,14.6,14.7,12.7,12.7,12.3,14.3,29.5,10.7,20.3,224.0,0,0
60.3,58.4,62.2,40.8,41.2,40.4,0.00711,0.0155,0.0354,0.00741,0.00725,16.9,0.0103,0.00742,0.0396,0.0393,0.24,0.00975,45.1,11,32,9,1 K,9.2,29.8,14.7,12.7,0.0312,14.2,15.1,12.5,14.9,14.5,14.7,12.2,31.6,11.1,19.8,227.0,0,0
57.7,56.8,58.6,36.3,36.0,36.6,0.00716,0.0113,0.0357,0.00703,0.00709,17.7,0.0103,0.00759,0.0399,0.0393,0.241,0.0113,43.4,10,28,7,1 K,9.3,29.8,12.6,12.7,0.031,13.8,13.2,13.1,15.4,13.8,15.9,12.7,31.8,11.6,19.3,225.0,0,0
60.0,60.0,60.0,39.5,42.0,37.0,0.00926,0.0141,0.0355,0.00686,0.00723,6.94,0.0215,0.00674,0.0383,0.0374,0.234,0.00997,9.57,6,26,6,600,93.5,20.0,6.83,8.83,0.0303,7.17,7.67,10.0,9.83,8.67,8.17,8.67,19.5,5.5,11.3,226.0,0,0
46.5,49.2,43.8,36.2,36.0,36.4,0.00818,0.015,0.0357,0.00686,0.00707,7.15,0.0214,0.0083,0.0381,0.0373,0.23,0.0103,8.97,6,26,6,600,56.7,18.3,7.0,8.0,0.0309,7.1,7.4,8.2,9.1,9.8,8.4,9.0,18.7,4.7,12.9,185.0,0,0
44.6,42.8,46.4,32.8,28.2,37.4,0.00809,0.0135,0.0356,0.00671,0.00679,7.33,0.0214,0.00767,0.0384,0.0371,0.232,0.0104,8.57,5,19,5,600,14.1,17.9,7.2,7.3,0.031,8.3,7.9,7.0,9.7,9.6,8.3,8.7,17.4,4.7,11.7,140.0,0,0
45.5,45.8,45.2,35.4,34.8,36.0,0.00882,0.0145,0.0359,0.0068,0.00723,7.47,0.0215,0.00819,0.0383,0.0371,0.233,0.00994,8.22,5,18,5,600,5.7,18.2,7.6,7.7,0.0287,9.4,9.7,7.2,10.3,8.5,8.5,7.2,16.7,4.7,10.9,132.0,0,0
44.5,45.8,43.2,35.8,39.6,32.0,0.00823,0.0145,0.0357,0.00714,0.00732,7.58,0.0215,0.0076,0.0374,0.0375,0.233,0.00999,8.27,5,20,5,600,4.9,16.2,7.4,7.5,0.0295,8.5,9.2,6.7,8.7,8.9,9.3,6.6,18.0,5.6,11.5,129.0,0,0
47.8,48.4,47.2,34.8,33.2,36.4,0.00892,0.0146,0.036,0.00738,0.00718,7.77,0.0216,0.00814,0.0385,0.0375,0.234,0.0109,8.2,5,20,6,600,5.8,17.4,7.8,7.4,0.0297,7.6,8.1,6.5,7.9,10.0,9.3,7.0,18.0,6.4,12.2,131.0,0,0
46.6,45.2,48.0,35.3,31.4,39.2,0.00768,0.0136,0.0358,0.00701,0.00655,8.03,0.0224,0.00671,0.0384,0.0378,0.234,0.00978,8.16,5,20,5,600,6.3,16.4,9.2,9.1,0.0291,8.5,9.4,6.2,8.0,9.7,7.2,7.3,19.0,7.1,12.6,136.0,0,0
44.9,43.6,46.2,36.8,43.6,30.0,0.00821,0.0144,0.0358,0.00701,0.00655,8.1,0.0215,0.00661,0.0383,0.0376,0.234,0.00976,8.05,5,21,5,600,7.7,15.4,8.5,7.9,0.0295,8.9,8.8,8.8,8.4,8.5,6.8,7.7,19.1,7.5,10.8,135.0,0,0
44.9,41.0,48.8,35.2,38.0,32.4,0.00773,0.0144,0.0357,0.00761,0.00653,8.33,0.0215,0.00661,0.0382,0.0375,0.234,0.0105,8.38,5,26,5,600,6.9,16.2,7.6,7.8,0.0297,8.1,7.4,10.0,8.9,8.4,8.5,7.5,18.3,7.4,9.7,133.0,0,0
48.5,49.2,47.8,37.1,37.6,36.6,0.00773,0.0136,0.0355,0.00739,0.00696,8.42,0.0223,0.00722,0.0384,0.0374,0.234,0.011,8.26,5,26,6,600,6.2,14.3,8.6,9.0,0.0299,9.6,9.0,8.1,8.4,8.4,8.9,7.9,19.2,7.5,12.5,138.0,0,0
43.3,42.4,44.2,34.3,31.6,37.0,0.00755,0.0137,0.0355,0.00691,0.00696,8.61,0.0214,0.00679,0.0385,0.0373,0.237,0.0113,8.18,5,19,5,600,6.5,16.2,7.6,9.0,0.029,10.5,8.4,8.6,7.9,8.6,7.6,7.1,18.8,7.1,11.8,136.0,0,0
47.2,47.2,47.2,36.0,37.6,34.4,0.00808,0.0137,0.0353,0.007,0.00696,8.78,0.0223,0.00722,0.0375,0.0376,0.236,0.011,8.1,5,19,5,600,5.9,18.3,6.9,9.1,0.0294,9.7,7.6,9.5,8.1,8.5,7.1,8.2,18.0,6.5,9.4,133.0,0,0
46.0,43.6,48.4,36.3,33.8,38.8,0.00794,0.0137,0.0356,0.00748,0.00658,8.92,0.0213,0.00665,0.0377,0.0376,0.236,0.0105,8.1,5,21,5,600,4.4,16.8,7.9,8.4,0.0293,9.3,7.7,9.2,9.4,8.1,7.6,9.3,17.9,6.9,11.6,135.0,0,0
45.4,46.0,44.8,34.2,30.2,38.2,0.00807,0.0145,0.0355,0.00735,0.00686,8.97,0.0227,0.00722,0.0397,0.0376,0.237,0.0109,8.08,5,22,5,600,4.6,17.4,8.3,8.9,0.0299,8.2,6.9,8.6,9.8,7.9,8.3,7.6,18.8,7.2,11.7,134.0,0,0
44.5,47.4,41.6,38.0,42.0,34.0,0.00756,0.0105,0.0354,0.0068,0.00647,9.26,0.0103,0.00673,0.0388,0.0376,0.238,0.0103,8.05,5,20,5,600,6.0,18.0,8.4,8.8,0.0303,7.5,7.8,8.4,8.6,6.9,7.6,7.6,17.4,6.4,11.4,131.0,0,0
46.5,47.2,45.8,34.5,35.6,33.4,0.00899,0.0114,0.0354,0.00719,0.00688,9.42,0.0103,0.00736,0.0388,0.0376,0.237,0.00984,8.02,5,20,5,600,5.5,17.3,7.9,8.6,0.0302,8.3,8.3,9.0,8.6,7.6,6.8,7.4,16.1,5.6,12.6,130.0,0,0
45.5,45.2,45.8,37.7,39.4,36.0,0.00828,0.0104,0.0357,0.00734,0.00565,9.98,0.00954,0.00675,0.04,0.0378,0.238,0.00952,8.05,5,21,5,600,5.2,16.4,7.9,9.7,0.031,8.4,8.0,9.2,8.3,8.9,8.5,7.7,16.9,6.6,12.1,134.0,0,0
46.9,47.6,46.2,33.3,34.0,32.6,0.0088,0.0113,0.0358,0.00735,0.00591,10.4,0.00962,0.00675,0.039,0.038,0.238,0.0102,8.02,5,22,5,600,5.4,16.5,8.3,9.1,0.0309,8.1,7.8,10.0,8.8,9.0,9.5,7.8,16.6,5.8,10.8,134.0,0,0
45.9,46.0,45.8,38.0,36.2,39.8,0.00811,0.0113,0.0356,0.00699,0.00634,10.9,0.00962,0.00731,0.0393,0.0381,0.236,0.0104,8.07,5,23,6,600,6.0,17.1,7.0,8.4,0.0306,8.5,7.5,8.7,8.9,8.1,9.1,6.9,17.2,5.6,10.4,129.0,0,0
62.7,64.6,60.8,37.3,34.6,40.0,0.00784,0.0114,0.0355,0.00673,0.00701,9.99,0.0106,0.00737,0.0396,0.0374,0.24,0.0111,16.9,8,84,10,800,83.8,19.7,8.0,8.7,0.0314,9.1,10.0,9.9,8.8,9.0,9.7,10.4,19.3,6.2,13.7,226.0,0,0
53.2,53.4,53.0,38.5,34.0,43.0,0.00716,0.0105,0.0354,0.0065,0.0066,10.0,0.00974,0.00684,0.0387,0.0378,0.238,0.011,15.3,7,85,8,800,44.1,24.8,10.2,10.2,0.0312,9.6,12.7,10.8,10.1,11.6,11.2,11.2,21.3,7.4,15.6,211.0,0,0
53.0,53.0,53.0,39.5,42.8,36.2,0.00769,0.0113,0.0354,0.00701,0.0071,10.0,0.0099,0.00684,0.0395,0.0378,0.241,0.0114,14.0,7,25,6,800,10.1,24.4,11.2,11.3,0.0321,9.8,10.9,9.8,9.9,10.5,10.1,11.1,20.7,6.8,16.8,173.0,0,0
49.9,48.8,51.0,37.8,35.6,40.0,0.00716,0.0105,0.0357,0.00701,0.0071,10.2,0.0099,0.00765,0.0397,0.038,0.241,0.0114,13.1,7,22,6,800,7.0,24.0,10.1,11.5,0.0316,11.3,9.7,10.0,10.5,10.6,12.5,11.5,22.1,7.4,15.9,174.0,0,0
52.1,51.6,52.6,35.5,40.0,31.0,0.00716,0.0115,0.0355,0.00684,0.00658,10.4,0.0108,0.00765,0.0397,0.038,0.242,0.0099,12.5,6,23,6,800,7.2,21.6,11.5,11.4,0.032,10.6,10.4,10.3,10.9,12.7,12.2,10.6,23.3,8.2,15.8,177.0,0,0
52.6,51.4,53.8,37.4,40.6,34.2,0.00838,0.0115,0.0355,0.00698,0.00671,10.7,0.011,0.00839,0.0394,0.0382,0.239,0.0103,12.2,6,25,6,800,8.5,20.8,11.9,11.4,0.0321,7.7,9.6,11.7,12.1,12.0,11.5,10.4,22.4,7.3,15.7,173.0,0,0
52.6,52.2,53.0,37.4,36.8,38.0,0.00855,0.0106,0.0354,0.0072,0.00721,10.8,0.011,0.00844,0.0391,0.038,0.242,0.0103,11.8,6,24,6,800,7.1,23.9,10.4,10.1,0.0323,8.1,9.2,11.8,13.4,10.7,12.9,11.1,20.4,6.7,14.5,170.0,0,0
49.6,49.0,50.2,37.2,35.4,39.0,0.0081,0.00968,0.0356,0.00668,0.00721,10.9,0.0118,0.00801,0.0393,0.0382,0.24,0.0108,11.4,6,21,6,800,6.8,23.7,10.7,9.8,0.0323,9.5,11.3,11.4,12.1,10.8,11.4,12.4,20.0,7.4,13.6,171.0,0,0
52.8,55.2,50.4,36.8,36.0,37.6,0.008,0.0115,0.0356,0.00619,0.00715,11.1,0.0118,0.00858,0.0393,0.0383,0.242,0.0109,11.2,6,22,6,800,8.2,21.8,10.5,10.2,0.0323,9.2,11.3,10.7,11.3,12.0,10.2,12.3,20.9,7.2,14.3,170.0,0,0
49.9,50.8,49.0,34.8,36.8,32.8,0.00795,0.0106,0.0358,0.00597,0.00677,11.3,0.0104,0.00865,0.0383,0.0384,0.239,0.0104,11.2,6,26,6,800,7.2,23.0,10.4,10.9,0.0313,9.0,10.9,11.4,12.7,11.2,9.6,10.6,21.0,6.2,15.3,169.0,0,0
54.2,54.6,53.8,37.3,38.0,36.6,0.0084,0.0114,0.0357,0.00729,0.00726,11.3,0.0104,0.00865,0.0395,0.0388,0.24,0.012,11.0,6,25,6,800,7.1,24.7,11.2,12.2,0.0313,9.4,11.4,10.9,11.4,10.8,9.9,10.8,21.9,7.3,15.8,175.0,0,0
50.0,50.2,49.8,38.6,34.8,42.4,0.0074,0.0106,0.036,0.0069,0.00685,11.7,0.0104,0.00802,0.0396,0.039,0.241,0.0124,10.9,6,22,6,800,7.5,24.2,11.5,11.4,0.0321,10.6,10.6,9.3,10.0,11.9,9.7,12.2,22.2,7.7,16.9,176.0,0,0
53.4,52.8,54.0,36.5,34.6,38.4,0.00745,0.0115,0.0358,0.00727,0.00722,11.8,0.0197,0.00802,0.0386,0.0391,0.241,0.0124,10.7,6,22,6,800,6.9,24.6,11.4,10.1,0.0305,11.3,11.0,10.0,10.1,11.9,10.4,13.1,21.1,7.1,16.4,175.0,0,0
49.2,48.8,49.6,37.2,37.8,36.6,0.00693,0.0106,0.036,0.00689,0.00677,11.9,0.0189,0.00802,0.0394,0.0393,0.241,0.0121,10.8,6,28,6,800,6.5,24.5,11.5,12.2,0.0316,10.2,11.3,9.7,9.7,12.2,11.5,12.0,21.4,7.0,14.3,174.0,0,0
56.2,55.8,56.6,38.2,38.8,37.6,0.00736,0.0123,0.0363,0.0074,0.00635,12.1,0.0198,0.00846,0.0391,0.0391,0.242,0.0119,10.7,6,28,7,800,6.3,23.1,10.5,13.3,0.0312,10.3,11.3,10.5,9.8,12.9,11.3,11.7,21.7,6.5,14.0,173.0,0,0
51.6,52.0,51.2,36.1,38.8,33.4,0.00666,0.0113,0.0366,0.0074,0.00725,12.5,0.0199,0.00687,0.0393,0.0394,0.24,0.012,10.6,6,23,6,800,7.3,22.2,10.4,10.6,0.0307,10.5,11.8,11.6,10.2,12.1,12.7,12.3,22.8,6.5,14.3,175.0,0,0
51.8,51.2,52.4,38.4,37.4,39.4,0.00734,0.0121,0.0364,0.0071,0.0073,13.2,0.0199,0.00726,0.0393,0.0395,0.241,0.012,10.4,6,22,6,800,7.8,22.8,10.5,9.7,0.0314,10.4,10.9,11.5,10.1,11.0,13.1,10.7,24.6,7.9,14.8,176.0,0,0
48.6,47.0,50.2,35.5,36.8,34.2,0.00677,0.0107,0.0368,0.00704,0.0069,14.0,0.0201,0.0068,0.0393,0.0396,0.244,0.0123,10.3,6,23,6,800,6.7,23.3,10.1,11.3,0.0314,11.7,10.4,10.6,10.6,11.3,9.9,10.3,22.3,7.6,15.7,172.0,0,0
62.6,64.4,60.8,39.0,42.0,36.0,0.00917,0.0104,0.0367,0.00739,0.00745,12.6,0.0189,0.00759,0.0394,0.0399,0.242,0.0124,240.0,110,770,390,1 K,63.3,24.5,11.9,10.3,0.0312,12.6,11.0,10.8,10.5,10.9,11.1,12.1,21.5,7.1,14.6,232.0,0,0
61.2,63.4,59.0,36.5,32.6,40.4,0.00843,0.0113,0.0368,0.0074,0.00688,13.0,0.0188,0.00679,0.0396,0.0399,0.243,0.0119,190.0,46,770,110,1 K,33.2,31.2,14.8,13.0,0.031,14.3,11.6,12.5,11.9,13.0,14.7,12.4,28.6,9.1,17.8,238.0,0,0
58.5,57.6,59.4,37.2,35.8,38.6,0.00781,0.0113,0.037,0.00709,0.00716,13.2,0.0188,0.00673,0.0397,0.0401,0.24,0.012,160.0,27,72,8,1 K,13.5,28.6,14.2,12.8,0.0316,16.4,12.3,15.1,13.6,15.1,14.9,11.7,32.1,11.2,19.5,231.0,0,0
57.4,57.4,57.4,38.7,35.4,42.0,0.00826,0.0125,0.0371,0.00709,0.00758,13.4,0.018,0.00734,0.0397,0.0399,0.241,0.0115,138.0,19,70,9,1 K,9.2,27.7,13.1,12.5,0.0313,14.0,12.9,14.0,14.3,14.8,15.6,12.7,27.9,9.5,20.1,218.0,0,0
56.7,59.0,54.4,39.7,42.6,36.8,0.00778,0.0107,0.0371,0.00752,0.00741,13.4,0.018,0.00734,0.0396,0.0401,0.239,0.0118,122.0,17,31,8,1 K,8.3,29.9,15.9,13.9,0.0317,12.1,14.4,14.4,13.9,12.7,15.7,13.4,28.3,8.9,18.5,220.0,0,0
59.3,59.8,58.8,39.0,40.2,37.8,0.00819,0.0107,0.0371,0.0072,0.00795,13.7,0.0191,0.00671,0.0396,0.04,0.241,0.0121,109.0,15,41,8,1 K,8.8,29.9,14.4,14.0,0.032,12.3,15.4,14.1,13.9,13.8,12.6,15.0,28.0,8.8,16.8,218.0,0,0
57.4,58.2,56.6,36.6,36.0,37.2,0.00774,0.0107,0.0375,0.00604,0.00785,14.2,0.0198,0.00723,0.0393,0.0397,0.24,0.0099,98.7,13,26,8,1 K,8.5,29.9,14.2,13.2,0.032,13.5,14.0,11.0,13.6,14.6,12.7,17.2,27.6,9.1,17.9,217.0,0,0
61.5,60.4,62.6,39.9,39.2,40.6,0.00893,0.012,0.0373,0.00641,0.00789,14.2,0.0198,0.00723,0.0395,0.04,0.239,0.00992,90.7,13,28,9,1 K,9.9,28.5,14.1,12.4,0.0317,14.4,15.0,12.4,11.3,13.7,16.3,17.1,28.7,9.4,19.0,222.0,0,0
58.3,59.0,57.6,37.5,34.4,40.6,0.00888,0.011,0.0377,0.00603,0.00747,14.4,0.0114,0.00774,0.0394,0.0399,0.241,0.0103,83.9,12,29,8,1 K,11.2,28.7,11.9,12.2,0.0316,14.4,15.6,15.1,12.0,14.0,15.6,15.3,30.3,9.4,17.8,224.0,0,0
58.3,59.4,57.2,38.6,37.8,39.4,0.00963,0.0119,0.0375,0.00726,0.00817,14.6,0.0114,0.00774,0.0393,0.0396,0.244,0.0099,78.1,11,28,7,1 K,10.7,27.9,11.1,13.3,0.0304,13.7,14.5,16.7,14.8,13.3,13.9,14.4,27.6,8.8,17.0,218.0,0,0
58.1,55.8,60.4,39.1,41.8,36.4,0.00921,0.0102,0.0377,0.00705,0.00765,14.7,0.0106,0.00674,0.0395,0.0401,0.241,0.00993,74.2,12,72,9,1 K,10.9,24.3,12.7,14.0,0.0312,12.9,14.7,15.7,14.1,14.3,13.3,15.0,27.5,10.5,20.2,220.0,0,0
61.1,60.6,61.6,37.3,34.4,40.2,0.00921,0.0102,0.0375,0.00748,0.0073,15.0,0.0106,0.00711,0.0394,0.0397,0.242,0.00985,69.9,11,72,10,1 K,11.4,25.5,16.8,12.7,0.031,11.5,13.7,13.8,13.8,15.7,13.9,13.3,30.0,11.7,20.5,224.0,0,0
56.2,54.8,57.6,37.7,37.4,38.0,0.0091,0.0094,0.0379,0.0071,0.00673,15.2,0.0106,0.00671,0.0404,0.0397,0.243,0.0114,66.2,11,29,8,1 K,10.3,29.4,16.4,13.2,0.0306,12.6,11.6,14.4,13.2,13.6,15.0,11.4,28.8,10.9,18.5,219.0,0,0
59.3,61.0,57.6,37.8,36.4,39.2,0.00984,0.0113,0.0378,0.00737,0.00673,15.4,0.0106,0.00738,0.0394,0.0398,0.242,0.0109,63.3,11,57,9,1 K,8.6,28.8,13.8,13.8,0.0305,14.6,11.1,15.8,11.9,13.4,14.3,12.4,30.0,9.7,19.0,217.0,0,0
59.5,60.4,58.6,38.8,37.0,40.6,0.00748,0.0103,0.0381,0.00711,0.0079,16.1,0.0106,0.0106,0.0393,0.0401,0.24,0.011,60.5,11,60,10,1 K,8.4,28.3,14.3,14.4,0.0311,13.9,13.0,14.4,11.0,13.2,13.9,13.7,31.6,9.0,20.6,220.0,0,0
57.2,57.6,56.8,38.1,38.6,37.6,0.00807,0.0103,0.0386,0.00743,0.00845,16.9,0.0107,0.0106,0.0394,0.0405,0.241,0.011,58.5,10,80,9,1 K,9.0,28.0,13.5,14.9,0.0311,13.0,13.8,12.0,13.1,14.1,13.2,12.6,29.4,8.2,21.5,216.0,0,0
57.5,57.6,57.4,38.8,36.6,41.0,0.00798,0.0104,0.0384,0.00704,0.00803,17.7,0.0117,0.0108,0.0394,0.0404,0.243,0.0109,56.1,10,80,9,1 K,9.7,28.3,13.4,13.7,0.0303,14.0,15.0,12.9,14.3,14.1,13.3,12.8,29.4,8.6,19.2,219.0,0,0
57.2,58.2,56.2,38.9,35.6,42.2,0.00767,0.0114,0.0347,0.00859,0.00736,6.83,0.00984,0.00626,0.0388,0.0385,0.236,0.0113,9.3,6,25,6,600,81.4,15.1,10.3,8.0,0.0298,7.0,7.43,6.86,8.29,7.29,6.0,5.71,14.7,4.86,10.1,193.0,0,0
45.3,48.4,42.2,33.9,33.2,34.6,0.00768,0.0115,0.0351,0.00809,0.00739,6.91,0.00984,0.00669,0.0387,0.0387,0.237,0.0109,8.92,6,27,6,600,55.7,17.4,10.2,8.5,0.03,7.4,7.7,8.6,8.8,10.0,7.3,7.6,17.4,5.6,11.4,184.0,0,0
46.0,43.8,48.2,35.2,34.6,35.8,0.00763,0.0106,0.0351,0.0083,0.0064,7.18,0.00995,0.0062,0.0376,0.0386,0.236,0.0117,8.68,5,22,5,600,11.6,17.6,8.0,8.5,0.0302,7.8,8.1,7.4,7.8,8.3,8.6,9.0,18.6,6.0,10.9,138.0,0,0
46.5,48.8,44.2,35.5,37.8,33.2,0.00771,0.0106,0.0351,0.0083,0.00788,7.31,0.00995,0.0067,0.0387,0.0385,0.236,0.0103,8.79,5,24,5,600,5.4,17.4,7.8,9.6,0.0302,7.8,8.6,7.1,8.1,7.7,8.6,9.1,19.9,6.3,11.1,135.0,0,0
45.8,45.2,46.4,35.2,31.0,39.4,0.00707,0.00978,0.0351,0.0083,0.00763,7.5,0.00918,0.00679,0.0387,0.0386,0.236,0.0103,8.59,5,23,5,600,6.0,17.0,7.4,8.5,0.0294,9.0,7.9,8.5,8.2,8.3,7.0,7.5,18.4,7.4,12.3,133.0,0,0
44.7,44.6,44.8,34.5,32.4,36.6,0.00759,0.0116,0.0351,0.00889,0.0077,7.53,0.0101,0.00679,0.0386,0.0389,0.239,0.0111,8.49,5,20,5,600,6.5,18.6,6.6,6.7,0.0293,9.8,8.6,9.5,7.5,6.9,6.7,8.7,17.0,7.4,12.8,133.0,0,0
44.9,44.0,45.8,38.1,41.4,34.8,0.00807,0.0106,0.0352,0.00848,0.00731,7.68,0.00931,0.00627,0.0386,0.0389,0.239,0.0111,8.35,5,20,5,600,6.6,19.7,6.9,6.9,0.0301,8.1,6.5,9.3,7.4,8.1,7.4,9.6,15.6,5.9,11.3,129.0,0,0
46.9,47.8,46.0,33.8,36.4,31.2,0.00705,0.0106,0.0353,0.009,0.00755,8.03,0.00943,0.00682,0.0383,0.039,0.235,0.0108,8.38,5,22,5,600,6.0,19.9,8.5,6.8,0.0295,7.6,6.0,8.6,8.5,9.9,8.3,8.3,16.2,6.4,10.4,131.0,0,0
45.5,45.4,45.6,36.1,32.8,39.4,0.00706,0.0115,0.0354,0.00847,0.00757,8.18,0.0103,0.00632,0.0383,0.0388,0.238,0.0103,8.26,5,22,5,600,5.4,18.9,7.7,6.7,0.0298,7.9,9.1,7.8,9.2,9.5,9.3,8.0,16.6,6.3,10.9,133.0,0,0
46.2,44.6,47.8,34.4,37.6,31.2,0.00771,0.0118,0.0355,0.00894,0.00752,8.38,0.0103,0.00684,0.038,0.039,0.238,0.0114,8.21,5,20,5,600,5.0,17.4,8.2,8.0,0.0297,8.6,9.5,7.2,8.7,8.9,9.8,7.6,17.2,5.8,11.7,134.0,0,0
45.4,45.2,45.6,36.6,37.2,36.0,0.00771,0.0109,0.0359,0.00859,0.0076,8.54,0.0104,0.00641,0.0384,0.0389,0.237,0.011,8.14,5,20,5,600,4.8,15.1,9.8,9.1,0.0296,8.7,9.0,7.8,8.1,8.1,8.6,7.6,18.4,5.5,11.6,132.0,0,0
45.7,45.0,46.4,34.8,36.2,33.4,0.00834,0.0118,0.036,0.009,0.00697,8.7,0.0104,0.00708,0.0381,0.0392,0.237,0.0118,8.11,5,20,5,600,6.1,14.9,8.7,9.5,0.0303,7.8,8.2,8.1,9.6,8.1,7.0,7.4,17.2,4.8,12.0,129.0,0,0
46.8,44.8,48.8,36.0,38.2,33.8,0.00773,0.0102,0.0361,0.0091,0.00678,8.8,0.00958,0.00649,0.0381,0.0391,0.235,0.0117,8.11,5,22,5,600,6.2,16.4,7.9,9.6,0.0301,7.3,7.0,8.9,10.4,8.4,6.0,6.7,17.0,5.5,11.9,129.0,0,0
46.3,45.2,47.4,35.7,36.8,34.6,0.00828,0.0112,0.0363,0.00876,0.00678,8.92,0.0104,0.007,0.0394,0.0392,0.238,0.0116,8.07,5,21,5,600,5.1,17.6,7.9,9.5,0.0297,7.7,8.4,9.0,9.2,8.8,6.6,7.8,16.1,5.6,10.9,130.0,0,0
45.6,42.6,48.6,38.4,35.0,41.8,0.00769,0.0101,0.0365,0.00876,0.00749,9.06,0.00961,0.00796,0.0382,0.0395,0.237,0.0115,8.05,5,20,5,600,5.9,17.7,8.0,8.0,0.0301,7.7,9.2,7.6,7.2,8.7,8.8,9.6,16.5,5.5,11.0,131.0,0,0
46.4,46.6,46.2,33.6,30.4,36.8,0.00824,0.011,0.0361,0.00849,0.00735,9.35,0.0105,0.00796,0.0384,0.0396,0.241,0.0121,7.98,5,18,5,600,6.2,15.1,8.6,7.9,0.0299,7.7,8.9,7.9,7.4,8.9,9.6,9.0,18.2,5.8,10.9,132.0,0,0
43.8,44.2,43.4,36.8,38.6,35.0,0.00871,0.0101,0.0365,0.00885,0.0069,9.72,0.00978,0.008,0.0384,0.0395,0.238,0.0116,8.0,5,20,5,600,5.6,15.5,7.4,8.0,0.0304,8.9,8.8,8.1,9.2,8.8,9.3,7.7,17.2,5.4,11.1,131.0,0,0
46.7,47.2,46.2,35.1,31.8,38.4,0.00749,0.0111,0.0366,0.00908,0.00699,10.3,0.00987,0.00803,0.0375,0.0396,0.242,0.0117,8.0,5,22,6,600,5.5,17.1,6.8,6.4,0.0303,8.2,8.6,7.8,8.2,7.6,8.4,8.3,15.5,5.4,11.3,125.0,0,0
45.7,45.8,45.6,34.9,33.4,36.4,0.00698,0.0111,0.0369,0.00881,0.00705,10.8,0.00987,0.00755,0.0386,0.0397,0.238,0.0116,7.97,5,22,5,600,5.3,16.4,7.9,6.3,0.0302,8.5,8.6,9.9,8.2,7.7,9.0,7.8,16.7,5.8,11.1,129.0,0,0
64.9,66.8,63.0,36.6,35.0,38.2,0.00701,0.0125,0.0363,0.0073,0.00615,9.78,0.0107,0.00681,0.0388,0.0397,0.238,0.0117,18.8,8,82,11,800,83.0,19.6,10.2,9.2,0.03,9.4,10.6,10.9,9.9,8.5,9.1,10.2,21.5,7.5,11.9,232.0,0,0
50.7,49.2,52.2,38.4,35.2,41.6,0.00818,0.0107,0.0365,0.00671,0.00662,9.97,0.0098,0.00743,0.039,0.0395,0.235,0.0113,16.5,7,87,9,800,42.8,21.7,12.1,11.3,0.03,11.2,11.1,10.9,12.1,10.2,11.7,11.4,25.3,8.2,13.3,213.0,0,0
52.8,51.8,53.8,35.3,34.2,36.4,0.00824,0.0117,0.0365,0.0072,0.00706,10.3,0.0107,0.00743,0.0389,0.0396,0.239,0.0112,15.1,7,24,6,800,10.9,22.0,11.1,12.4,0.0298,11.4,11.9,11.7,11.0,8.9,11.7,11.0,23.0,7.3,13.6,178.0,0,0
52.8,52.8,52.8,40.0,42.4,37.6,0.00881,0.0117,0.0368,0.00668,0.00674,10.4,0.00987,0.00688,0.039,0.0396,0.24,0.0117,14.2,7,25,6,800,7.5,22.5,10.4,10.9,0.0299,10.9,12.2,12.1,11.2,9.4,12.1,11.5,21.7,8.3,15.4,176.0,0,0
53.2,53.0,53.4,36.9,41.8,32.0,0.00878,0.0123,0.0368,0.00668,0.00691,10.6,0.01,0.00759,0.0389,0.0397,0.237,0.0116,13.5,7,27,6,800,7.9,21.9,10.2,10.6,0.0296,9.5,11.4,10.3,10.8,9.9,12.4,11.4,22.1,8.0,16.1,173.0,0,0
51.6,54.4,48.8,37.6,40.4,34.8,0.00866,0.0108,0.037,0.00667,0.00688,10.7,0.01,0.00769,0.0392,0.0398,0.237,0.0106,13.0,6,25,6,800,8.8,23.3,11.4,12.0,0.0302,9.8,11.7,10.7,11.1,11.4,12.7,11.0,23.9,7.1,15.3,180.0,0,0
51.8,52.2,51.4,36.8,33.8,39.8,0.00877,0.0108,0.0368,0.00704,0.00679,10.9,0.00997,0.00769,0.0388,0.04,0.241,0.011,12.9,7,28,7,800,9.0,23.7,11.3,11.9,0.0297,10.4,10.7,12.6,11.2,11.2,12.3,9.7,22.7,6.5,14.0,177.0,0,0
54.1,54.8,53.4,36.3,40.6,32.0,0.00746,0.0108,0.0369,0.00682,0.00749,11.0,0.00997,0.00702,0.039,0.0399,0.24,0.0102,12.4,6,29,6,800,8.5,23.7,11.1,12.0,0.0292,10.6,10.6,13.2,10.5,10.4,11.3,10.6,23.8,6.7,13.4,176.0,0,0
52.9,53.2,52.6,38.7,43.6,33.8,0.00802,0.0116,0.037,0.00742,0.00747,11.4,0.0108,0.00702,0.0388,0.04,0.24,0.0098,12.2,6,23,6,800,7.7,24.3,10.8,12.9,0.0299,10.7,11.6,12.0,10.9,10.8,11.3,11.7,24.9,8.1,15.0,183.0,0,0
52.7,51.0,54.4,37.2,41.6,32.8,0.00747,0.0106,0.0369,0.00694,0.00756,11.6,0.00996,0.00651,0.0388,0.0401,0.238,0.0103,11.9,6,23,7,800,6.3,23.8,9.9,11.9,0.0296,10.4,11.9,10.7,11.2,9.3,11.7,11.4,22.2,8.7,16.3,176.0,0,0
52.1,50.8,53.4,37.3,35.2,39.4,0.00809,0.0117,0.0369,0.00694,0.00765,11.8,0.0108,0.00952,0.0388,0.0402,0.241,0.0107,11.7,6,24,6,800,7.2,22.9,10.3,10.1,0.0293,11.5,12.7,9.8,11.9,9.5,11.9,11.0,20.9,8.5,15.5,174.0,0,0
52.4,51.2,53.6,37.1,39.6,34.6,0.00754,0.0108,0.0371,0.00763,0.00716,11.9,0.00993,0.00952,0.0397,0.0405,0.236,0.0102,11.5,6,23,6,800,8.1,22.5,12.2,10.4,0.0292,11.4,12.4,11.2,9.6,10.6,12.2,9.9,21.1,8.1,15.8,176.0,0,0
50.5,51.8,49.2,37.4,35.6,39.2,0.00766,0.0118,0.0369,0.00697,0.00754,12.1,0.0109,0.00949,0.0387,0.0405,0.242,0.0105,11.4,6,25,7,800,7.3,22.7,11.6,10.2,0.0296,10.6,11.6,12.2,8.4,10.8,12.6,9.8,20.7,7.1,17.5,173.0,0,0
55.8,55.2,56.4,40.2,42.6,37.8,0.00757,0.0108,0.037,0.00688,0.00716,12.4,0.01,0.00945,0.0399,0.0407,0.238,0.0101,11.3,6,26,7,800,8.9,23.6,10.2,9.9,0.0295,10.9,12.3,9.8,11.3,10.0,11.3,11.1,21.7,6.6,18.2,176.0,0,0
51.6,52.0,51.2,35.7,36.2,35.2,0.00757,0.0108,0.0372,0.00732,0.0075,12.6,0.0115,0.00945,0.0388,0.0406,0.241,0.011,11.3,6,29,7,800,9.6,23.5,11.8,10.5,0.0302,10.1,11.1,10.4,11.3,10.3,10.8,11.5,22.5,5.8,16.9,176.0,0,0
54.6,54.4,54.8,38.2,37.4,39.0,0.00885,0.0106,0.0374,0.00705,0.0075,13.2,0.0102,0.0103,0.0387,0.0404,0.238,0.0102,11.2,6,26,6,800,7.2,25.5,12.9,11.4,0.0301,10.2,8.9,12.5,9.4,12.0,10.4,11.5,22.4,6.1,14.3,175.0,0,0
50.1,50.4,49.8,39.7,40.8,38.6,0.00844,0.0115,0.0373,0.00695,0.00747,13.7,0.0111,0.0103,0.0399,0.0409,0.243,0.0106,11.0,6,21,6,800,7.8,24.3,11.6,11.4,0.0305,11.7,9.6,11.6,9.0,12.3,9.1,10.8,22.8,7.6,14.4,174.0,0,0
52.2,52.4,52.0,38.6,39.4,37.8,0.00876,0.0106,0.0374,0.00702,0.00719,14.6,0.0111,0.00983,0.0389,0.041,0.241,0.0107,11.1,6,27,7,800,9.6,21.5,11.0,10.5,0.0309,11.1,12.2,11.9,9.8,12.4,10.4,12.0,23.3,7.4,14.8,178.0,0,0
63.3,62.8,63.8,38.6,38.8,38.4,0.00747,0.0108,0.0366,0.0076,0.00768,13.1,0.0109,0.0108,0.0393,0.0402,0.244,0.00991,202.0,81,730,310,1 K,66.7,23.5,12.2,12.4,0.0319,8.6,9.8,9.9,11.8,11.5,11.5,11.3,24.7,7.2,13.6,235.0,0,0
62.1,62.0,62.2,40.2,39.0,41.4,0.00742,0.0116,0.0367,0.00766,0.00812,13.5,0.0109,0.0102,0.0391,0.0404,0.245,0.0113,162.0,44,740,200,1 K,34.2,29.0,12.2,14.3,0.0314,11.9,12.1,12.4,15.0,13.3,12.5,13.5,29.3,10.5,16.2,236.0,0,0
58.5,56.8,60.2,37.4,36.4,38.4,0.00731,0.0116,0.0367,0.00729,0.00821,13.4,0.011,0.0106,0.0393,0.0402,0.242,0.0114,136.0,26,29,7,1 K,12.7,32.0,11.8,14.7,0.0324,14.3,13.6,14.7,15.1,13.9,12.1,14.3,30.3,11.8,17.8,229.0,0,0
57.5,60.2,54.8,37.8,39.4,36.2,0.00787,0.0123,0.0367,0.00743,0.00793,13.9,0.011,0.0106,0.0392,0.0403,0.244,0.0114,119.0,21,70,8,1 K,7.9,29.2,13.0,13.0,0.032,13.5,12.1,13.7,15.0,13.6,12.7,15.3,27.3,9.5,17.2,213.0,0,0
57.3,57.0,57.6,40.5,40.4,40.6,0.00731,0.0115,0.0367,0.0069,0.00754,13.8,0.0111,0.011,0.0394,0.0399,0.241,0.0115,104.0,17,64,8,1 K,9.5,24.8,13.9,13.9,0.0317,12.7,13.4,13.1,15.8,13.4,14.4,15.7,28.6,8.4,19.1,217.0,0,0
60.9,63.0,58.8,37.6,34.2,41.0,0.00873,0.0122,0.0366,0.00734,0.00784,14.0,0.0111,0.011,0.0385,0.0398,0.243,0.0111,93.6,15,28,8,1 K,8.8,26.7,13.7,15.0,0.0324,13.1,14.4,13.7,15.0,12.7,15.1,12.5,28.7,9.1,19.5,218.0,0,0
58.9,60.8,57.0,40.4,41.2,39.6,0.0081,0.0112,0.0367,0.00745,0.00747,14.2,0.0112,0.00652,0.0394,0.0395,0.244,0.0112,85.1,14,28,8,1 K,6.7,31.3,14.0,13.3,0.0323,12.5,12.8,13.7,14.5,14.1,15.3,12.7,27.2,10.3,19.0,217.0,0,0
57.0,57.0,57.0,37.5,38.0,37.0,0.00867,0.012,0.0368,0.00676,0.00752,14.1,0.0112,0.00652,0.0384,0.0395,0.244,0.0111,78.2,13,26,7,1 K,8.4,30.4,12.4,12.2,0.0325,12.8,13.9,13.5,12.5,14.1,14.7,14.5,26.5,8.6,20.8,215.0,0,0
56.4,55.6,57.2,38.6,38.0,39.2,0.00809,0.011,0.0369,0.007,0.00714,14.5,0.0103,0.00701,0.0394,0.0395,0.241,0.0108,72.5,12,32,7,1 K,9.4,29.5,11.7,12.1,0.0325,14.8,15.5,14.7,13.1,12.5,14.1,13.8,26.9,7.3,19.6,215.0,0,0
60.1,60.6,59.6,39.1,39.0,39.2,0.00875,0.0121,0.0367,0.00722,0.00766,14.5,0.0118,0.00701,0.0384,0.0391,0.243,0.0115,68.2,12,50,9,1 K,8.8,29.5,13.7,11.4,0.032,16.2,14.2,13.3,15.1,13.2,14.8,12.8,26.9,7.6,17.1,215.0,0,0
54.9,54.2,55.6,40.0,37.4,42.6,0.00875,0.0121,0.0367,0.00688,0.00722,14.7,0.0104,0.00701,0.0404,0.0394,0.243,0.0109,64.3,11,47,9,1 K,8.9,27.4,14.2,13.7,0.0313,14.4,14.5,13.1,14.9,13.5,14.7,12.9,27.0,8.3,18.5,216.0,0,0
59.2,58.2,60.2,36.2,33.8,38.6,0.00756,0.0122,0.0367,0.00737,0.00722,14.9,0.0114,0.00614,0.0395,0.0396,0.243,0.0112,60.7,11,36,8,1 K,8.9,28.1,13.5,13.4,0.0312,13.9,15.8,13.0,15.5,12.8,12.8,14.5,27.5,9.3,17.9,217.0,0,0
58.4,59.8,57.0,37.5,40.8,34.2,0.0075,0.0114,0.0368,0.00746,0.00721,15.2,0.0115,0.00614,0.0383,0.0395,0.243,0.0103,57.6,11,43,8,1 K,9.0,28.2,13.3,12.4,0.0317,14.7,15.2,11.9,14.2,13.7,14.1,14.5,28.3,9.1,16.2,215.0,0,0
58.5,56.8,60.2,38.1,40.4,35.8,0.00705,0.0124,0.0371,0.0075,0.00768,15.2,0.0107,0.00653,0.0393,0.0395,0.244,0.0107,54.9,10,47,8,1 K,9.1,29.7,12.5,13.0,0.0309,14.0,14.5,12.9,13.2,15.4,14.3,14.3,30.1,10.2,16.9,220.0,0,0
56.8,56.0,57.6,40.7,39.0,42.4,0.00788,0.0116,0.0376,0.00715,0.00718,16.0,0.0107,0.00615,0.0384,0.0399,0.243,0.0111,53.5,11,95,10,1 K,9.3,31.1,13.4,11.4,0.0308,13.8,15.7,14.0,13.5,14.2,11.7,13.1,31.0,11.1,16.9,220.0,0,0
59.9,58.0,61.8,37.3,33.0,41.6,0.00797,0.0124,0.0376,0.00706,0.00668,16.7,0.0117,0.00667,0.0394,0.0397,0.243,0.0107,51.2,10,95,10,1 K,10.0,28.9,14.3,11.6,0.0317,13.4,14.9,14.3,14.7,14.7,12.0,12.7,29.9,10.5,17.7,220.0,0,0
60.3,60.4,60.2,37.9,39.2,36.6,0.00797,0.0115,0.0381,0.00704,0.00719,17.8,0.0109,0.00669,0.0394,0.0402,0.243,0.0118,49.3,10,40,9,1 K,9.6,29.0,13.2,13.6,0.0312,13.3,13.4,12.8,14.6,14.4,15.0,14.3,28.2,10.5,17.5,219.0,0,0
57.9,57.8,58.0,36.6,37.6,35.6,0.00802,0.0103,0.0356,0.00886,0.00792,6.84,0.0149,0.00755,0.0384,0.0373,0.239,0.012,9.89,6,26,6,600,84.7,16.1,7.43,7.0,0.0298,9.0,8.71,7.43,7.71,6.86,7.43,7.43,17.9,5.43,10.0,203.0,0,0
46.9,47.4,46.4,35.9,33.4,38.4,0.00755,0.0111,0.0358,0.00886,0.00737,7.05,0.0149,0.00755,0.0384,0.0374,0.233,0.0122,9.37,6,27,6,600,54.0,18.0,9.0,9.2,0.0295,9.1,9.1,7.8,8.2,8.3,8.4,7.9,18.0,6.1,11.7,185.0,0,0
46.6,44.2,49.0,36.0,33.2,38.8,0.00746,0.0102,0.036,0.00915,0.007,7.34,0.0149,0.00637,0.0384,0.0374,0.237,0.0118,9.03,6,21,6,600,10.1,17.4,8.7,9.3,0.0289,8.2,7.6,7.4,7.5,9.0,8.7,7.8,18.0,6.5,10.5,137.0,0,0
45.8,42.2,49.4,36.0,40.4,31.6,0.00768,0.011,0.0359,0.00921,0.00755,7.54,0.0157,0.00637,0.0382,0.0372,0.233,0.0122,8.78,6,20,6,600,6.5,17.4,7.8,8.0,0.0294,9.1,8.0,8.0,7.0,8.8,9.0,7.8,19.6,7.0,10.1,134.0,0,0
44.5,45.6,43.4,33.4,35.4,31.4,0.00768,0.0101,0.036,0.00851,0.00699,7.56,0.0148,0.00575,0.0383,0.0374,0.234,0.0126,8.66,6,20,5,600,6.4,16.0,8.6,8.0,0.0294,9.2,7.1,9.8,8.0,8.2,8.1,7.4,18.0,6.0,11.7,133.0,0,0
47.6,49.8,45.4,36.6,38.8,34.4,0.00803,0.011,0.0361,0.00842,0.00732,7.71,0.0156,0.00685,0.0393,0.0374,0.233,0.0117,8.51,6,20,5,600,5.9,17.2,8.6,8.6,0.0285,9.0,6.5,9.8,7.4,8.2,7.0,8.8,15.9,5.6,12.2,131.0,0,0
45.8,46.4,45.2,37.3,39.6,35.0,0.00794,0.0101,0.036,0.00867,0.00693,7.94,0.0147,0.00685,0.0383,0.0372,0.234,0.0122,8.45,6,20,5,600,5.4,17.0,7.3,7.9,0.0292,10.7,8.6,8.7,8.2,8.2,7.8,8.4,15.6,5.5,11.7,131.0,0,0
44.2,48.0,40.4,34.9,34.4,35.4,0.00842,0.0101,0.0359,0.00904,0.00726,8.12,0.0155,0.00639,0.0372,0.0376,0.235,0.01,8.35,6,21,5,600,5.5,17.5,8.4,7.3,0.029,9.7,9.4,7.6,8.5,7.6,7.7,6.8,15.5,6.1,12.4,130.0,0,0
48.1,48.8,47.4,34.8,31.6,38.0,0.00789,0.0101,0.036,0.00661,0.0068,8.42,0.0156,0.00639,0.038,0.0375,0.234,0.00971,8.3,6,21,5,600,6.4,19.1,9.6,7.3,0.0284,7.5,8.4,6.9,8.5,7.8,6.8,6.9,14.8,5.8,12.6,128.0,0,0
46.0,44.8,47.2,36.1,32.4,39.8,0.00839,0.0116,0.0366,0.00744,0.00722,8.53,0.0156,0.0064,0.0382,0.0378,0.232,0.0104,8.25,5,21,5,600,5.3,19.7,8.4,8.6,0.0289,8.0,9.0,7.5,9.6,8.5,7.6,7.5,16.1,5.2,12.8,134.0,0,0
48.9,48.8,49.0,34.7,34.8,34.6,0.00839,0.0106,0.0365,0.00699,0.00677,8.6,0.0156,0.0064,0.038,0.038,0.234,0.00994,8.19,5,21,5,600,4.4,18.1,7.1,10.1,0.0288,9.1,9.1,7.4,8.4,9.1,8.2,8.6,18.4,5.9,13.5,137.0,0,0
45.3,45.4,45.2,36.0,39.2,32.8,0.00825,0.0114,0.0364,0.00705,0.00713,8.84,0.0156,0.00661,0.038,0.0381,0.233,0.0103,8.17,5,21,5,600,5.5,16.8,6.9,9.5,0.0278,8.7,8.2,7.6,8.0,9.5,9.5,8.0,19.1,6.6,13.2,137.0,0,0
48.8,49.2,48.4,36.3,33.2,39.4,0.00671,0.00982,0.0365,0.0075,0.00584,9.03,0.0156,0.00661,0.038,0.038,0.234,0.0104,8.26,5,23,6,600,5.9,17.7,8.7,9.5,0.0282,7.9,8.7,7.3,7.1,8.5,8.1,7.0,18.4,6.5,12.6,134.0,0,0
47.8,46.2,49.4,34.7,31.2,38.2,0.00726,0.0106,0.0365,0.00753,0.00704,9.26,0.0147,0.00662,0.0391,0.038,0.231,0.0104,8.24,5,24,6,600,5.6,16.8,9.5,8.5,0.0283,8.0,8.9,8.3,7.0,7.3,7.6,8.0,18.1,6.5,13.2,133.0,0,0
44.4,43.6,45.2,37.1,38.8,35.4,0.00674,0.0107,0.0365,0.00739,0.00663,9.19,0.0147,0.00803,0.0383,0.0382,0.234,0.0121,8.2,5,21,5,600,6.0,18.1,8.9,7.8,0.028,7.8,9.0,8.5,8.2,8.9,8.7,7.7,19.1,6.7,11.4,137.0,0,0
46.4,46.0,46.8,34.3,36.8,31.8,0.00726,0.0107,0.0364,0.00745,0.00653,9.54,0.0148,0.00807,0.0384,0.038,0.233,0.0118,8.2,5,21,5,600,5.2,17.5,9.1,7.6,0.0288,9.0,9.5,7.8,8.0,10.3,8.0,7.8,17.7,5.0,10.0,133.0,0,0
45.6,45.0,46.2,34.1,37.2,31.0,0.00732,0.00991,0.0363,0.00712,0.00667,10.1,0.0148,0.0076,0.0382,0.0381,0.236,0.0116,8.18,5,22,5,600,4.7,14.3,8.2,6.9,0.0287,8.9,9.4,7.4,8.0,10.2,7.3,7.3,14.3,4.3,11.8,123.0,0,0
47.8,46.6,49.0,37.5,37.2,37.8,0.00702,0.0107,0.0368,0.00766,0.00691,10.6,0.019,0.00815,0.0392,0.0384,0.232,0.0121,8.15,5,20,5,600,5.8,16.7,8.9,7.1,0.0289,8.1,8.0,6.8,9.2,10.3,7.6,8.4,15.8,5.7,11.4,130.0,0,0
48.3,46.8,49.8,35.3,31.6,39.0,0.00694,0.00984,0.0364,0.00715,0.00663,11.2,0.019,0.00764,0.0381,0.0386,0.235,0.0119,8.14,5,20,6,600,5.5,18.5,8.4,8.1,0.0283,8.0,7.9,7.5,9.7,10.0,7.7,10.0,19.4,7.4,11.0,139.0,0,0
61.3,60.6,62.0,40.1,39.8,40.4,0.00833,0.0111,0.0361,0.00689,0.00727,10.0,0.0151,0.00828,0.0392,0.0385,0.239,0.011,15.5,7,68,9,800,84.4,21.9,9.0,9.4,0.0311,9.0,10.6,10.1,9.0,11.1,9.5,11.3,18.1,4.8,14.1,232.0,0,0
51.7,52.0,51.4,36.1,35.8,36.4,0.00738,0.0102,0.0361,0.00753,0.00684,10.3,0.0152,0.00781,0.0385,0.0386,0.236,0.0114,13.8,7,67,7,800,40.1,24.3,11.1,10.9,0.0319,9.6,12.1,11.8,11.3,11.9,10.3,11.1,20.8,6.6,14.5,206.0,0,0
52.5,51.0,54.0,38.4,41.2,35.6,0.00746,0.0102,0.0364,0.00742,0.00727,10.5,0.0152,0.00781,0.0406,0.0389,0.241,0.012,12.9,6,23,6,800,7.6,21.0,12.2,10.6,0.0311,10.2,11.0,12.6,11.7,10.9,11.5,10.7,23.5,8.8,14.2,177.0,0,0
53.4,52.0,54.8,38.2,36.8,39.6,0.00741,0.0107,0.0368,0.00706,0.00683,10.6,0.0144,0.00726,0.0408,0.0389,0.24,0.0116,12.4,6,25,6,800,8.4,19.6,11.6,10.9,0.032,11.2,12.0,12.5,11.6,10.3,13.3,10.5,25.0,8.7,16.4,182.0,0,0
52.5,52.6,52.4,38.9,40.0,37.8,0.00748,0.0117,0.0367,0.00665,0.00725,10.7,0.0143,0.00875,0.0399,0.039,0.241,0.0125,11.8,6,24,6,800,7.3,21.9,11.4,11.4,0.0323,10.9,13.0,12.3,9.9,10.8,12.1,10.1,24.3,7.7,15.4,179.0,0,0
53.6,55.6,51.6,36.3,32.0,40.6,0.00699,0.0102,0.0363,0.0066,0.00669,10.8,0.0143,0.00826,0.04,0.0389,0.243,0.0123,11.4,6,22,6,800,6.7,23.6,10.8,10.9,0.032,11.9,10.8,11.5,10.5,10.4,12.3,10.6,23.2,7.9,14.4,176.0,0,0
51.2,50.4,52.0,37.3,41.2,33.4,0.00752,0.0113,0.0364,0.00703,0.00707,11.2,0.0143,0.0089,0.0402,0.0391,0.244,0.0123,11.1,6,21,6,800,7.7,22.7,9.8,11.0,0.0328,11.1,9.1,11.1,11.0,10.8,11.8,12.2,22.8,7.0,15.4,174.0,0,0
54.3,53.8,54.8,39.3,42.4,36.2,0.00835,0.0139,0.0364,0.0066,0.00927,11.3,0.0143,0.00903,0.0401,0.0391,0.244,0.0116,11.4,6,30,6,800,7.8,22.6,10.1,12.1,0.0338,11.0,10.0,11.3,10.4,11.9,11.0,12.4,25.0,6.6,15.6,178.0,0,0
52.3,53.6,51.0,38.2,41.0,35.4,0.00842,0.015,0.0362,0.006,0.00986,11.4,0.0143,0.00903,0.04,0.039,0.242,0.0119,11.2,6,31,7,800,7.2,22.4,10.4,10.6,0.0334,11.7,10.6,12.4,10.8,10.9,11.5,11.3,23.8,7.9,15.3,177.0,0,0
49.7,52.4,47.0,36.5,37.4,35.6,0.00835,0.0142,0.0367,0.00745,0.00856,11.5,0.0143,0.00859,0.0392,0.039,0.245,0.012,11.0,6,23,6,800,7.1,22.3,10.0,9.9,0.0335,11.5,10.7,12.4,11.4,10.4,10.5,12.2,21.7,7.8,15.0,173.0,0,0
52.6,53.0,52.2,39.4,40.8,38.0,0.00844,0.0144,0.0366,0.00756,0.00856,11.7,0.0153,0.00767,0.0412,0.0389,0.248,0.0103,10.8,6,24,6,800,6.5,22.5,10.1,11.9,0.0344,10.4,11.4,12.5,10.7,10.3,10.9,11.9,21.9,7.1,13.6,172.0,0,0
52.8,51.4,54.2,37.3,38.2,36.4,0.00792,0.0143,0.037,0.0075,0.01,11.9,0.0144,0.00764,0.0412,0.0392,0.247,0.0112,10.8,6,25,7,800,7.1,22.0,11.0,11.8,0.0338,9.8,10.8,13.2,11.0,10.5,12.1,10.1,22.9,7.8,14.4,175.0,0,0
54.5,54.0,55.0,37.8,41.4,34.2,0.00728,0.0152,0.0368,0.00781,0.0101,11.9,0.0153,0.00815,0.0406,0.039,0.246,0.0111,10.6,6,24,6,800,6.8,22.5,11.5,13.0,0.0344,9.8,10.5,10.9,12.4,10.6,12.4,10.9,24.8,8.5,14.8,179.0,0,0
49.7,50.8,48.6,34.7,38.2,31.2,0.00768,0.0144,0.0367,0.00727,0.00969,12.2,0.0103,0.0076,0.0393,0.039,0.249,0.0108,10.5,6,22,6,800,6.9,23.2,11.3,14.2,0.0344,8.6,9.4,11.4,11.5,9.2,12.6,11.5,25.6,7.2,15.1,178.0,0,0
52.5,52.4,52.6,38.1,39.0,37.2,0.00804,0.0153,0.0369,0.00796,0.01,12.4,0.0113,0.00811,0.0407,0.0389,0.245,0.0107,10.4,6,24,6,800,8.2,23.5,11.2,12.4,0.0345,9.7,10.0,12.8,10.6,9.9,10.8,10.0,21.9,6.4,15.9,173.0,0,0
51.7,52.6,50.8,36.5,36.4,36.6,0.00759,0.0153,0.0372,0.00756,0.00966,12.9,0.0103,0.00755,0.0407,0.0395,0.247,0.0107,10.3,6,24,6,800,7.3,26.1,9.5,9.8,0.0337,11.3,11.5,10.2,11.0,10.8,10.8,9.2,20.4,6.3,16.3,171.0,0,0
52.3,53.8,50.8,36.5,36.4,36.6,0.0082,0.0153,0.0375,0.00796,0.00957,13.6,0.0103,0.00806,0.0397,0.0395,0.247,0.00983,10.2,6,22,6,800,7.1,25.4,10.1,10.8,0.0341,12.2,10.2,8.7,11.8,10.5,10.5,9.5,23.8,6.6,15.8,173.0,0,0
53.2,52.2,54.2,38.9,37.8,40.0,0.00755,0.0148,0.0374,0.00809,0.00972,14.2,0.0103,0.00799,0.0403,0.0395,0.244,0.0115,10.1,6,23,6,800,7.4,22.8,11.7,12.3,0.0334,11.5,9.7,10.9,11.0,12.9,8.8,9.3,23.1,7.3,14.9,174.0,0,0
64.1,65.6,62.6,40.0,38.0,42.0,0.00787,0.016,0.0366,0.0089,0.0107,12.9,0.0112,0.00717,0.0395,0.0385,0.245,0.0102,248.0,77,890,440,1 K,65.6,25.3,11.9,11.0,0.0325,11.7,12.2,11.0,12.3,11.0,11.8,8.3,22.4,6.7,13.8,235.0,0,0
59.4,61.2,57.6,37.7,33.8,41.6,0.00846,0.016,0.0366,0.00861,0.0111,13.2,0.0112,0.00763,0.0393,0.0383,0.247,0.0105,200.0,42,900,87,1 K,31.7,27.2,13.5,12.9,0.0334,13.8,14.2,13.2,12.6,12.6,14.0,11.0,29.1,9.5,18.0,233.0,0,0
57.9,58.4,57.4,40.5,40.0,41.0,0.00794,0.0158,0.0367,0.00807,0.0108,13.4,0.0104,0.00699,0.0393,0.0383,0.244,0.0111,166.0,23,37,7,1 K,10.3,28.9,13.8,13.9,0.033,14.6,15.8,13.1,12.0,14.3,14.5,13.4,30.3,11.3,19.6,226.0,0,0
57.1,57.0,57.2,36.7,37.0,36.4,0.00719,0.0132,0.0372,0.00807,0.00878,13.5,0.0112,0.00667,0.0404,0.0383,0.245,0.0111,143.0,18,29,7,1 K,9.4,29.8,14.6,14.2,0.0327,14.1,13.6,11.5,13.8,15.8,12.9,12.2,26.6,8.2,19.6,216.0,0,0
58.8,58.2,59.4,39.3,38.4,40.2,0.00824,0.0121,0.0373,0.00907,0.00856,13.8,0.0103,0.00727,0.0395,0.0386,0.247,0.0109,128.0,16,82,8,1 K,8.2,30.4,14.0,14.3,0.0329,14.0,11.8,13.1,14.5,14.9,12.7,12.3,27.5,7.7,18.1,214.0,0,0
59.0,57.0,61.0,38.8,36.6,41.0,0.00781,0.013,0.0367,0.00996,0.00861,13.8,0.0114,0.00727,0.0392,0.0387,0.244,0.0106,114.0,14,81,8,1 K,9.8,28.7,13.0,13.3,0.0328,13.4,12.2,14.2,13.2,14.4,14.7,14.3,27.8,8.9,16.8,215.0,0,0
60.2,59.0,61.4,40.2,40.8,39.6,0.00814,0.0119,0.0371,0.00946,0.00861,14.3,0.0103,0.00672,0.0384,0.0386,0.245,0.0148,105.0,14,79,12,1 K,11.7,26.2,13.4,13.4,0.0317,13.7,12.9,13.8,15.2,15.7,15.5,14.2,28.4,9.3,17.5,221.0,0,0
62.1,62.8,61.4,36.6,34.8,38.4,0.00823,0.0129,0.0366,0.00992,0.0077,14.3,0.0113,0.00731,0.0383,0.0385,0.245,0.0139,96.6,13,79,12,1 K,10.5,26.6,12.8,15.1,0.032,12.7,13.2,13.4,14.9,14.1,14.7,14.6,28.3,9.6,17.8,218.0,0,0
58.3,56.8,59.8,39.7,40.8,38.6,0.00823,0.0121,0.0369,0.00965,0.00849,14.6,0.0103,0.0068,0.0392,0.0387,0.244,0.0139,89.1,13,29,8,1 K,9.6,27.4,12.7,16.2,0.0318,13.5,12.6,13.1,12.5,13.3,15.8,14.9,28.8,9.6,15.9,216.0,0,0
60.3,61.8,58.8,38.9,39.8,38.0,0.00822,0.0121,0.0372,0.0102,0.00853,14.7,0.0112,0.00729,0.0394,0.0386,0.242,0.0141,83.9,12,70,9,1 K,10.1,27.6,12.8,14.9,0.0323,16.8,12.7,13.1,13.6,13.2,15.5,13.2,30.1,8.6,16.5,219.0,0,0
58.4,58.4,58.4,38.7,36.0,41.4,0.00786,0.0129,0.0373,0.00995,0.00808,15.0,0.0113,0.00678,0.0391,0.0385,0.246,0.0141,78.6,12,71,9,1 K,9.8,32.0,12.2,13.6,0.032,15.5,12.7,13.0,15.7,12.8,14.6,11.8,28.0,7.3,18.9,218.0,0,0
58.1,58.0,58.2,36.7,39.8,33.6,0.00827,0.013,0.0371,0.0102,0.00852,15.0,0.0113,0.00724,0.039,0.0382,0.243,0.0142,75.9,12,120,11,1 K,9.4,32.8,13.5,13.5,0.032,12.7,12.2,12.1,14.4,13.2,13.8,10.8,25.5,6.8,19.6,210.0,0,0
60.8,61.2,60.4,41.3,43.8,38.8,0.00766,0.0146,0.0368,0.00984,0.00852,15.2,0.0104,0.00674,0.039,0.0383,0.243,0.015,72.2,12,120,13,1 K,10.5,27.9,15.2,14.1,0.0316,13.0,12.8,13.7,12.0,13.5,14.6,13.3,27.3,8.5,19.0,215.0,0,0
58.2,57.8,58.6,37.5,36.2,38.8,0.00829,0.0134,0.0371,0.00971,0.00841,15.5,0.0115,0.00687,0.0392,0.0383,0.246,0.013,68.4,11,30,7,1 K,9.8,26.7,15.1,13.5,0.0322,12.6,13.6,15.3,12.2,13.1,16.2,14.7,28.7,9.9,20.8,222.0,0,0
56.4,57.8,55.0,40.9,41.2,40.6,0.00832,0.0124,0.0372,0.00974,0.00863,16.0,0.0105,0.00834,0.0394,0.0382,0.244,0.0134,65.2,11,32,8,1 K,9.4,27.9,14.3,13.3,0.0319,13.1,13.9,14.0,13.5,11.4,15.4,13.0,27.8,10.3,20.7,218.0,0,0
60.6,60.8,60.4,38.3,38.4,38.2,0.00841,0.0116,0.0379,0.0102,0.00851,17.1,0.012,0.00782,0.039,0.0385,0.244,0.0133,62.2,11,33,8,1 K,10.0,28.1,14.1,12.6,0.0325,14.6,13.9,14.7,15.1,10.4,14.7,14.3,28.9,11.5,17.8,221.0,0,0
58.2,58.0,58.4,38.4,33.2,43.6,0.00702,0.0116,0.038,0.00843,0.00744,18.0,0.0106,0.00826,0.0393,0.0385,0.243,0.0137,59.6,10,29,8,1 K,9.4,26.3,13.2,12.0,0.0325,13.6,14.0,14.3,15.3,11.5,14.3,17.4,31.2,11.8,18.3,223.0,0,0
58.4,60.0,56.8,38.2,41.4,35.0,0.00775,0.0143,0.0347,0.00748,0.00691,6.75,0.01,0.00665,0.0409,0.0363,0.241,0.0108,11.2,6,36,6,600,87.6,19.3,8.57,9.0,0.0326,8.14,8.43,5.86,7.43,6.71,11.1,8.29,18.7,7.0,9.86,216.0,0,0
47.8,46.8,48.8,36.2,31.4,41.0,0.00835,0.0151,0.0348,0.00806,0.00719,6.89,0.00994,0.00722,0.0401,0.0364,0.241,0.0103,10.5,6,36,6,600,51.2,18.5,9.1,8.4,0.0325,9.2,9.8,6.9,8.7,7.8,10.3,7.7,18.8,7.5,11.0,185.0,0,0
47.7,47.2,48.2,37.9,36.2,39.6,0.00777,0.0152,0.0349,0.00806,0.00728,7.27,0.0107,0.00676,0.0401,0.0364,0.241,0.0115,10.2,6,23,6,600,7.5,16.8,8.3,8.0,0.0333,8.1,8.6,7.9,7.8,8.0,8.1,7.3,18.3,6.5,11.5,133.0,0,0
48.8,50.0,47.6,38.6,36.4,40.8,0.00834,0.0187,0.035,0.0077,0.00989,7.47,0.0107,0.00705,0.0402,0.0368,0.242,0.0115,9.77,6,23,6,600,4.5,16.4,8.1,8.7,0.0334,7.2,8.7,7.8,6.6,9.0,8.2,8.8,20.7,6.6,12.9,134.0,0,0
47.5,48.8,46.2,38.0,36.4,39.6,0.00834,0.0174,0.0351,0.00716,0.00959,7.67,0.00997,0.00705,0.0404,0.0371,0.242,0.0124,9.58,6,21,6,600,5.4,16.0,7.1,9.2,0.0331,6.4,8.5,8.2,8.4,10.0,7.3,8.7,19.8,7.0,13.2,135.0,0,0
49.4,48.2,50.6,37.3,36.6,38.0,0.00715,0.0183,0.0354,0.00747,0.0101,7.91,0.0108,0.00766,0.0403,0.0377,0.24,0.0115,9.58,6,24,6,600,4.9,18.4,7.0,9.9,0.0343,6.5,8.3,8.8,10.2,9.4,7.7,9.4,18.8,6.9,11.8,138.0,0,0
49.5,50.2,48.8,38.5,38.2,38.8,0.00714,0.018,0.0355,0.00781,0.00966,8.33,0.0104,0.0081,0.0403,0.0378,0.241,0.0111,9.63,6,25,7,600,4.4,19.2,7.6,8.2,0.0334,7.2,9.4,7.5,8.8,8.0,8.4,9.2,17.7,6.4,12.5,135.0,0,0
51.0,50.8,51.2,35.0,34.2,35.8,0.00767,0.018,0.036,0.00736,0.00984,8.49,0.0104,0.00697,0.0401,0.038,0.243,0.0106,9.53,6,23,6,600,4.8,18.2,8.0,8.6,0.034,8.9,8.3,7.7,7.2,7.1,8.1,8.3,17.0,6.3,14.5,133.0,0,0
50.7,49.4,52.0,37.6,40.4,34.8,0.00767,0.0172,0.0365,0.00734,0.00978,8.94,0.0105,0.00697,0.0412,0.0382,0.238,0.0114,9.41,6,21,6,600,5.4,17.2,9.2,10.3,0.0341,9.1,7.7,8.5,7.5,8.5,8.3,7.8,18.1,6.5,13.4,138.0,0,0
49.1,46.6,51.6,37.1,32.8,41.4,0.00718,0.0183,0.0364,0.0076,0.00978,9.24,0.0105,0.00711,0.0402,0.0391,0.245,0.0114,9.46,6,23,6,600,6.8,14.7,8.7,9.9,0.0344,7.9,8.6,8.3,7.8,9.1,7.9,7.4,16.5,5.6,10.9,130.0,0,0
51.5,50.2,52.8,37.4,39.4,35.4,0.0071,0.0175,0.0367,0.00748,0.0097,9.51,0.0106,0.00711,0.0403,0.0391,0.241,0.0119,9.49,6,25,7,600,7.1,15.7,7.8,9.6,0.0342,8.1,8.9,8.4,7.5,7.5,6.7,7.2,16.4,5.4,11.0,127.0,0,0
49.9,48.4,51.4,37.5,38.0,37.0,0.00755,0.0183,0.0371,0.00781,0.0097,9.77,0.00979,0.00709,0.0402,0.0391,0.241,0.0105,9.41,6,23,6,600,5.0,16.1,8.3,9.2,0.0342,9.2,8.4,8.7,8.0,7.8,8.5,8.0,17.2,5.8,11.3,132.0,0,0
46.8,46.2,47.4,34.9,34.2,35.6,0.00692,0.0174,0.0371,0.00759,0.0102,10.1,0.0107,0.00709,0.0402,0.0394,0.239,0.0102,9.36,6,23,6,600,4.3,14.7,8.2,9.3,0.0335,9.7,8.3,8.0,8.3,9.0,9.6,8.6,17.1,5.9,11.0,132.0,0,0
51.6,50.8,52.4,34.9,36.8,33.0,0.00751,0.0174,0.0374,0.00798,0.0102,10.4,0.0107,0.0103,0.0404,0.0397,0.24,0.0106,9.35,6,26,6,600,5.0,16.4,8.5,8.9,0.0338,9.6,8.9,7.2,9.0,7.4,7.8,11.2,18.9,6.7,11.4,137.0,0,0
47.9,47.8,48.0,37.2,32.6,41.8,0.00681,0.0175,0.0373,0.00763,0.00992,10.6,0.0099,0.0103,0.0402,0.0403,0.239,0.0107,9.37,6,26,6,600,6.9,16.4,8.5,8.2,0.0338,8.2,8.0,8.0,9.1,7.4,7.4,11.3,18.3,6.3,11.1,135.0,0,0
48.2,48.6,47.8,35.9,34.4,37.4,0.00636,0.0134,0.0373,0.00831,0.0097,10.8,0.0114,0.0109,0.0404,0.0404,0.24,0.0102,9.32,6,24,6,600,7.1,18.2,7.4,8.8,0.033,8.3,8.2,7.5,7.8,8.4,7.7,8.2,16.3,5.0,11.4,130.0,0,0
47.7,46.0,49.4,38.8,36.6,41.0,0.0077,0.0133,0.0374,0.00775,0.00963,11.3,0.00978,0.0103,0.0404,0.0402,0.239,0.0114,9.26,6,22,6,600,5.6,20.3,8.6,8.2,0.0338,9.3,8.5,6.7,7.7,7.7,7.4,7.7,16.2,5.3,11.7,131.0,0,0
47.1,47.6,46.6,33.4,35.0,31.8,0.007,0.0141,0.0375,0.00807,0.0102,11.8,0.0106,0.0108,0.0405,0.0405,0.238,0.0113,9.17,6,21,6,600,5.3,19.4,9.0,7.2,0.0339,7.3,8.9,7.6,8.4,8.7,7.8,8.3,18.3,6.6,12.1,135.0,0,0
45.1,45.4,44.8,36.3,30.0,42.6,0.00745,0.0132,0.0377,0.00807,0.00957,12.3,0.00987,0.00946,0.0406,0.0405,0.242,0.0113,9.11,6,20,6,600,5.5,17.0,6.9,7.9,0.0334,7.9,8.3,8.1,8.7,8.0,8.2,8.5,17.9,6.1,13.3,132.0,0,0
61.4,60.2,62.6,38.6,36.6,40.6,0.00749,0.0112,0.0369,0.00789,0.00767,11.1,0.0109,0.00955,0.0405,0.0389,0.241,0.0101,13.7,8,50,9,800,82.6,21.6,11.5,10.3,0.0332,8.2,8.2,9.0,10.0,10.7,10.1,11.3,20.2,5.7,14.3,234.0,0,0
52.2,51.4,53.0,39.6,40.8,38.4,0.00749,0.0103,0.0369,0.00721,0.00737,11.2,0.0101,0.00894,0.0406,0.039,0.243,0.0101,12.8,7,37,7,800,39.4,24.2,14.3,10.8,0.0325,8.5,10.3,10.0,12.3,12.7,11.2,10.9,24.1,7.9,15.5,212.0,0,0
55.5,56.0,55.0,38.0,39.8,36.2,0.00758,0.0104,0.037,0.00757,0.00791,11.1,0.01,0.00909,0.0403,0.0386,0.24,0.0107,12.0,7,25,7,800,7.6,23.4,13.7,10.1,0.0326,9.4,10.9,10.5,12.7,12.7,10.8,11.6,24.0,8.0,14.6,180.0,0,0
48.5,48.4,48.6,38.2,36.2,40.2,0.00705,0.0103,0.0365,0.00763,0.00735,11.3,0.01,0.00909,0.0406,0.0387,0.24,0.0122,11.7,7,25,6,800,8.0,22.1,11.0,11.5,0.0325,11.8,10.4,11.6,12.1,11.7,11.5,10.8,23.1,8.1,15.1,179.0,0,0
53.8,51.6,56.0,37.2,36.6,37.8,0.00763,0.0103,0.0362,0.008,0.00796,11.2,0.0102,0.00909,0.0397,0.039,0.243,0.0117,11.3,7,24,6,800,8.6,22.3,10.3,11.0,0.032,11.2,10.9,11.6,10.9,11.0,11.8,9.5,22.7,7.7,13.3,173.0,0,0
51.3,50.6,52.0,39.7,36.8,42.6,0.00713,0.0101,0.036,0.00799,0.00805,11.2,0.0102,0.0108,0.0406,0.0383,0.239,0.0115,11.1,7,24,6,800,7.6,23.2,11.2,11.3,0.0324,9.6,12.0,11.0,8.9,11.2,10.9,11.9,21.5,7.8,15.6,174.0,0,0
52.0,53.2,50.8,35.6,32.4,38.8,0.00713,0.011,0.0358,0.00759,0.00789,11.3,0.0103,0.0108,0.0413,0.0382,0.242,0.0114,10.8,7,25,6,800,5.9,21.5,11.6,12.3,0.0322,9.2,11.7,11.6,10.4,10.5,9.8,11.8,21.9,7.6,16.9,173.0,0,0
50.4,50.2,50.6,39.0,37.4,40.6,0.00874,0.0102,0.0358,0.0075,0.00789,11.4,0.0111,0.0107,0.0402,0.0385,0.242,0.0111,10.7,6,24,6,800,6.1,20.2,11.1,12.4,0.0328,9.8,10.5,12.2,12.8,11.4,11.8,10.8,22.6,6.4,14.7,173.0,0,0
52.3,52.6,52.0,37.6,39.2,36.0,0.00882,0.011,0.0358,0.00727,0.00794,11.5,0.0102,0.0107,0.0416,0.0383,0.242,0.0118,10.5,6,25,6,800,7.7,20.3,10.1,11.1,0.0329,11.4,10.5,11.7,12.5,12.7,10.7,11.6,22.8,6.4,13.7,173.0,0,0
50.7,49.6,51.8,36.4,35.6,37.2,0.0087,0.011,0.0357,0.00748,0.00742,11.3,0.0116,0.00703,0.0404,0.0381,0.241,0.011,10.4,6,25,6,800,9.1,21.7,10.8,11.5,0.0325,11.2,12.1,11.6,11.7,10.3,8.4,12.1,22.9,6.2,14.1,174.0,0,0
54.0,56.4,51.6,39.0,37.2,40.8,0.00884,0.0112,0.0356,0.0079,0.00771,11.6,0.0116,0.00703,0.0406,0.0376,0.241,0.0113,10.4,6,25,7,800,8.6,22.2,10.7,12.6,0.0334,9.9,11.5,10.4,11.3,9.7,10.2,12.1,22.9,6.2,15.9,174.0,0,0
52.1,52.2,52.0,35.7,34.2,37.2,0.00921,0.0102,0.0357,0.00722,0.0078,11.8,0.011,0.00725,0.0413,0.0377,0.244,0.0118,10.4,6,26,7,800,7.6,20.4,10.5,11.0,0.0332,11.1,12.1,11.7,12.1,10.1,11.0,11.8,23.7,7.9,16.0,177.0,0,0
51.9,51.4,52.4,38.3,39.8,36.8,0.00794,0.011,0.0358,0.0079,0.0076,12.0,0.011,0.00725,0.0405,0.0379,0.244,0.0102,10.3,6,25,6,800,7.6,19.4,10.7,12.1,0.0326,10.7,12.6,12.0,12.7,10.6,9.5,10.4,22.8,8.2,14.9,174.0,0,0
50.4,52.0,48.8,37.5,38.2,36.8,0.00794,0.0102,0.0358,0.00722,0.0072,12.0,0.0111,0.00672,0.0404,0.0379,0.244,0.0101,10.2,6,23,6,800,7.7,21.2,10.3,13.2,0.0325,9.4,10.3,10.4,10.9,11.4,9.1,11.3,24.2,8.4,14.4,172.0,0,0
53.2,52.0,54.4,37.8,40.2,35.4,0.00729,0.0115,0.0358,0.00722,0.0072,12.3,0.0111,0.00723,0.0404,0.038,0.242,0.0107,10.2,6,26,6,800,7.5,24.0,12.2,12.6,0.0332,9.5,10.6,11.4,10.0,11.1,9.6,11.5,24.8,7.7,15.8,178.0,0,0
51.8,50.4,53.2,37.1,37.2,37.0,0.0073,0.0107,0.0359,0.00634,0.00723,12.9,0.0112,0.00712,0.0404,0.0383,0.242,0.0107,10.2,6,32,6,800,7.8,22.4,12.8,13.2,0.0327,10.7,11.0,12.3,10.2,9.2,11.1,10.2,22.3,6.6,16.9,177.0,0,0
54.7,53.4,56.0,36.4,31.4,41.4,0.0079,0.0121,0.0364,0.00677,0.0072,13.7,0.0112,0.00712,0.0404,0.0389,0.243,0.011,10.2,6,28,7,800,7.7,20.9,12.3,11.8,0.0335,10.0,10.7,11.1,10.5,8.8,12.8,10.9,24.1,8.9,16.2,177.0,0,0
53.9,54.8,53.0,36.9,36.6,37.2,0.00783,0.0109,0.0365,0.00617,0.00735,14.4,0.0113,0.00716,0.0406,0.0391,0.242,0.0109,10.2,6,24,7,800,7.5,23.6,11.7,10.3,0.0332,9.0,10.6,9.9,11.9,10.5,12.8,11.8,22.8,9.5,15.9,178.0,0,0
64.4,65.8,63.0,38.4,39.4,37.4,0.0082,0.0124,0.036,0.00676,0.00734,13.2,0.0101,0.00771,0.0399,0.0385,0.241,0.0106,259.0,74,1 K,400,1 K,62.1,25.4,10.0,10.7,0.0327,10.4,12.3,11.0,10.3,10.8,13.0,10.9,21.6,6.4,17.2,232.0,0,0
59.0,58.6,59.4,38.2,37.2,39.2,0.00878,0.0115,0.036,0.00677,0.00725,13.3,0.011,0.00588,0.0399,0.0389,0.243,0.0104,210.0,38,1 K,53,1 K,29.1,27.9,13.2,13.4,0.0321,12.7,13.1,11.3,12.2,13.3,15.9,10.5,28.1,9.5,19.0,229.0,0,0
57.3,56.6,58.0,37.7,39.8,35.6,0.00878,0.0115,0.0362,0.00698,0.00742,13.5,0.01,0.00642,0.0392,0.0385,0.241,0.0101,174.0,22,28,7,1 K,9.2,29.0,13.9,14.2,0.0326,14.6,12.1,13.8,13.6,15.7,16.0,13.0,32.1,11.5,19.6,228.0,0,0
59.0,60.4,57.6,40.3,45.6,35.0,0.00723,0.0124,0.0361,0.00673,0.00792,13.6,0.01,0.00591,0.0404,0.0385,0.242,0.0106,151.0,19,60,9,1 K,8.7,30.4,13.5,13.4,0.032,14.0,12.9,14.3,12.6,14.4,14.9,14.4,29.4,9.7,18.6,221.0,0,0
55.6,55.6,55.6,37.7,41.2,34.2,0.00761,0.0116,0.0359,0.00717,0.00746,13.8,0.01,0.00647,0.0392,0.0386,0.239,0.0106,133.0,16,57,8,1 K,9.8,29.4,14.8,13.4,0.0318,13.4,15.0,15.0,13.9,12.4,15.2,15.5,28.8,8.8,18.4,224.0,0,0
56.1,58.2,54.0,38.9,40.4,37.4,0.00715,0.0124,0.0362,0.00693,0.00792,14.1,0.0101,0.00647,0.0401,0.0385,0.243,0.0109,118.0,14,28,7,1 K,10.1,28.3,14.6,13.2,0.0325,14.5,14.2,15.0,13.7,11.8,13.2,17.3,27.6,8.9,18.6,221.0,0,0
58.3,57.6,59.0,40.2,40.2,40.2,0.00751,0.0113,0.0364,0.0067,0.00757,14.3,0.011,0.00647,0.0402,0.0386,0.246,0.0101,109.0,14,90,10,1 K,10.0,28.8,12.8,11.4,0.0321,14.8,12.2,13.2,14.4,12.1,12.3,14.8,28.0,9.5,19.7,214.0,0,0
58.0,58.2,57.8,38.7,36.8,40.6,0.00719,0.0122,0.0361,0.00714,0.00748,14.4,0.0102,0.00609,0.0394,0.0387,0.241,0.0112,100.0,13,91,11,1 K,9.7,30.5,13.3,12.2,0.0329,13.1,12.1,13.7,15.6,13.1,15.3,13.8,29.9,10.7,18.0,221.0,0,0
57.2,57.8,56.6,38.9,40.2,37.6,0.00712,0.0124,0.0361,0.00686,0.00773,14.3,0.0102,0.00609,0.0405,0.0387,0.242,0.0111,93.3,13,42,9,1 K,9.7,30.6,14.8,14.0,0.033,13.3,11.9,14.2,14.1,13.6,14.5,15.3,27.3,9.5,18.4,221.0,0,0
59.2,59.8,58.6,39.9,38.6,41.2,0.00771,0.0124,0.0364,0.0069,0.00798,15.0,0.0102,0.00671,0.0416,0.0389,0.242,0.0116,86.9,12,42,9,1 K,9.1,28.1,17.6,14.1,0.0333,12.6,11.4,13.3,15.1,13.9,11.6,14.3,26.2,8.2,19.7,215.0,0,0
57.6,56.4,58.8,40.5,38.6,42.4,0.00771,0.0111,0.0363,0.007,0.00809,15.0,0.0102,0.0062,0.0405,0.039,0.245,0.0116,81.5,12,32,8,1 K,9.7,28.1,17.4,13.9,0.0333,12.9,13.1,14.0,15.5,15.0,11.7,12.7,28.9,9.0,19.2,221.0,0,0
57.6,57.4,57.8,37.5,37.8,37.2,0.00767,0.0124,0.0365,0.007,0.00814,15.3,0.0101,0.00641,0.0406,0.039,0.245,0.0107,77.1,11,58,8,1 K,10.0,28.9,15.2,13.3,0.0333,14.3,15.5,13.6,12.9,14.2,11.5,13.5,28.7,8.2,19.3,219.0,0,0
58.7,60.0,57.4,41.0,45.4,36.6,0.00707,0.011,0.0364,0.00667,0.00776,15.1,0.0101,0.00641,0.0414,0.0388,0.244,0.0112,72.8,11,59,9,1 K,9.4,29.1,15.1,12.0,0.0323,15.0,14.5,13.0,12.1,12.0,13.5,14.2,31.0,9.2,20.7,221.0,0,0
58.6,59.6,57.6,37.5,39.8,35.2,0.00658,0.0121,0.0365,0.00723,0.00796,15.5,0.0101,0.00641,0.0402,0.0389,0.244,0.0108,69.0,11,32,9,1 K,10.2,27.8,13.1,12.7,0.0324,13.9,12.8,16.1,12.2,12.3,16.2,14.1,32.3,9.6,21.0,224.0,0,0
58.6,58.6,58.6,39.1,34.4,43.8,0.00803,0.0105,0.0366,0.00772,0.00752,16.0,0.0101,0.00641,0.0413,0.0392,0.245,0.0106,66.6,11,110,8,1 K,9.9,26.6,12.2,15.8,0.033,12.8,12.7,16.1,13.2,15.5,14.4,12.9,30.4,9.5,22.1,224.0,0,0
56.4,55.4,57.4,37.7,34.0,41.4,0.0085,0.0113,0.0366,0.0069,0.00734,16.9,0.0112,0.00632,0.0403,0.0395,0.244,0.0109,63.8,10,110,8,1 K,10.2,27.3,13.2,13.9,0.0325,13.6,14.1,13.4,13.4,15.0,12.7,13.6,26.5,9.1,22.9,219.0,0,0
55.7,55.6,55.8,40.7,38.0,43.4,0.00775,0.0105,0.0367,0.00711,0.00696,17.8,0.0104,0.00632,0.0402,0.0396,0.244,0.0105,61.3,10,34,8,1 K,9.7,29.8,13.4,12.9,0.0326,12.0,14.5,12.7,12.4,13.9,12.2,14.4,24.0,7.1,21.3,210.0,0,0
56.8,56.2,57.4,36.9,38.4,35.4,0.00701,0.0097,0.0333,0.00714,0.00673,6.81,0.0096,0.00862,0.0404,0.0367,0.241,0.00995,10.3,6,32,6,600,88.7,17.1,9.43,8.14,0.0323,10.0,8.43,8.57,7.29,9.14,9.29,7.86,18.0,6.0,12.6,221.0,0,0
46.6,49.2,44.0,34.8,37.6,32.0,0.0079,0.0106,0.0334,0.00671,0.00716,7.01,0.00961,0.00919,0.0404,0.0366,0.239,0.00992,9.68,6,32,6,600,50.1,16.5,9.2,8.3,0.0317,9.7,10.1,8.9,7.4,8.5,9.4,7.4,18.2,5.7,12.0,181.0,0,0
49.0,50.0,48.0,35.6,32.8,38.4,0.0077,0.00983,0.0333,0.00653,0.00674,7.2,0.00961,0.00919,0.0402,0.0366,0.24,0.0099,9.25,6,21,5,600,8.8,17.2,8.4,7.8,0.0312,8.3,9.2,7.8,7.9,8.7,8.7,7.5,17.6,6.4,10.9,135.0,0,0
45.9,46.2,45.6,37.1,36.8,37.4,0.00848,0.0107,0.0334,0.00703,0.00662,7.31,0.0104,0.00926,0.04,0.0367,0.24,0.00987,8.99,6,20,5,600,6.6,19.2,9.8,8.5,0.0318,8.7,8.3,8.2,9.5,8.9,7.3,10.2,18.5,6.3,11.2,141.0,0,0
44.2,43.4,45.0,35.8,39.2,32.4,0.00848,0.00988,0.0337,0.00566,0.00685,7.52,0.0104,0.00926,0.0391,0.0369,0.241,0.00998,8.83,6,21,6,600,5.9,18.3,9.2,7.8,0.0321,8.5,8.8,7.9,8.7,8.4,6.7,8.9,18.0,5.1,10.3,133.0,0,0
47.5,45.6,49.4,38.6,37.8,39.4,0.00742,0.0107,0.034,0.00698,0.00729,7.7,0.0114,0.0097,0.0401,0.0371,0.236,0.0104,8.74,6,21,6,600,5.3,18.9,8.4,7.5,0.032,8.2,8.0,8.2,7.5,8.6,7.1,8.8,19.0,6.1,11.6,133.0,0,0
47.0,48.8,45.2,36.7,36.2,37.2,0.00738,0.00982,0.0339,0.00698,0.00707,7.83,0.00976,0.00923,0.0399,0.0372,0.239,0.0111,8.66,5,21,5,600,5.5,16.9,10.0,7.3,0.0322,9.3,6.3,8.7,7.2,9.0,8.7,9.5,20.3,7.0,12.8,139.0,0,0
43.6,45.2,42.0,38.7,34.6,42.8,0.00806,0.0136,0.0339,0.00645,0.00729,8.02,0.00982,0.00985,0.0398,0.0374,0.24,0.0114,8.61,5,22,5,600,6.5,18.6,9.2,7.9,0.0312,8.6,7.0,8.0,6.4,8.9,8.4,7.8,17.1,6.4,12.3,133.0,0,0
47.7,46.6,48.8,34.6,36.0,33.2,0.00746,0.0136,0.0339,0.00656,0.00678,8.24,0.0106,0.00923,0.0389,0.0372,0.236,0.011,8.48,5,20,5,600,6.0,19.2,6.6,8.8,0.0322,8.0,7.8,9.0,7.8,8.5,7.7,7.8,15.7,6.0,12.0,131.0,0,0
44.8,45.8,43.8,37.2,42.2,32.2,0.00746,0.0137,0.0337,0.00647,0.00715,8.36,0.0106,0.00966,0.0399,0.0372,0.24,0.0111,8.37,5,19,5,600,4.5,16.0,6.3,9.2,0.0319,9.5,7.8,8.0,8.7,8.5,8.5,8.9,15.5,5.4,11.7,129.0,0,0
43.9,46.0,41.8,35.3,35.4,35.2,0.00765,0.0131,0.0339,0.00664,0.00569,8.6,0.0106,0.00913,0.0409,0.0376,0.24,0.0106,8.32,5,21,5,600,5.1,16.2,7.8,8.3,0.0314,9.3,7.6,7.1,8.6,8.1,8.0,9.3,15.2,5.4,10.2,126.0,0,0
46.8,47.8,45.8,37.0,33.0,41.0,0.00818,0.0131,0.0339,0.00733,0.00708,8.69,0.00977,0.00955,0.0399,0.0377,0.241,0.011,8.27,5,21,5,600,6.8,17.1,8.9,7.4,0.0319,7.7,8.4,7.6,8.9,7.8,6.5,7.8,15.3,6.0,11.5,128.0,0,0
45.4,43.8,47.0,33.4,37.0,29.8,0.00816,0.0123,0.0339,0.00745,0.00657,8.88,0.0107,0.00888,0.0387,0.0377,0.238,0.0101,8.23,5,20,5,600,7.0,19.7,8.1,7.7,0.0316,7.8,8.1,7.9,8.2,8.3,5.8,7.7,15.7,6.0,11.1,129.0,0,0
48.1,47.6,48.6,36.1,38.2,34.0,0.00816,0.0134,0.0341,0.00733,0.00712,9.02,0.0107,0.00934,0.0398,0.0378,0.24,0.0103,8.14,5,18,5,600,6.9,17.0,8.6,8.6,0.0312,9.8,7.5,9.4,8.0,7.7,6.9,8.0,16.5,6.2,10.8,132.0,0,0
44.8,45.2,44.4,35.8,38.0,33.6,0.00756,0.0125,0.0346,0.00733,0.0073,9.2,0.0107,0.01,0.0402,0.0381,0.241,0.00993,8.13,5,19,5,600,6.8,13.7,10.0,9.3,0.0318,9.4,8.2,10.0,8.4,7.4,8.3,7.4,14.9,4.8,12.4,131.0,0,0
46.5,48.2,44.8,37.1,35.0,39.2,0.00751,0.0133,0.0344,0.00717,0.00692,9.42,0.00981,0.01,0.0389,0.0379,0.24,0.0101,8.17,5,22,5,600,5.9,16.2,9.3,8.8,0.0318,6.9,7.8,9.1,7.5,7.8,8.6,8.0,14.8,4.5,12.5,128.0,0,0
46.0,44.6,47.4,36.4,34.6,38.2,0.00746,0.0124,0.0344,0.00682,0.00737,9.89,0.0107,0.00968,0.04,0.0384,0.239,0.0106,8.14,5,21,5,600,5.0,16.6,7.7,9.4,0.0315,6.3,8.8,9.2,8.6,9.3,7.6,8.6,18.2,6.0,12.7,134.0,0,0
46.8,49.0,44.6,37.3,38.8,35.8,0.00808,0.0133,0.0347,0.00724,0.00731,10.5,0.00992,0.00949,0.04,0.0386,0.242,0.0105,8.11,5,20,5,600,4.8,15.8,8.3,9.8,0.0317,8.7,8.6,10.7,8.3,9.5,7.6,8.2,18.7,5.8,12.6,137.0,0,0
46.8,46.0,47.6,35.9,35.2,36.6,0.00808,0.0126,0.0348,0.00704,0.00676,11.0,0.0107,0.00949,0.0399,0.0385,0.24,0.0107,8.09,5,21,5,600,6.1,15.1,9.2,8.9,0.0322,10.8,8.0,9.4,6.8,7.6,8.1,8.9,18.1,6.0,12.0,135.0,0,0
63.9,63.0,64.8,37.5,39.2,35.8,0.00791,0.0185,0.035,0.00701,0.00746,9.98,0.0106,0.00674,0.0402,0.0383,0.24,0.0116,21.7,9,110,14,800,79.9,20.1,10.9,12.1,0.0328,9.5,9.5,9.4,10.1,9.1,10.5,9.5,19.8,6.9,11.2,229.0,0,0
55.4,56.6,54.2,39.0,36.6,41.4,0.00726,0.0195,0.0351,0.00625,0.00702,10.1,0.00964,0.0063,0.0403,0.0383,0.246,0.0112,18.8,8,110,9,800,37.9,24.6,10.6,12.1,0.0323,10.7,11.3,9.5,10.9,10.0,12.6,13.1,22.7,7.2,13.1,206.0,0,0
52.1,52.4,51.8,37.4,38.2,36.6,0.00726,0.0196,0.0352,0.00774,0.00683,10.5,0.0106,0.00674,0.0404,0.0384,0.24,0.0106,17.1,8,25,7,800,7.5,24.9,11.3,11.7,0.0325,13.0,12.8,8.3,11.6,10.9,11.2,12.8,24.2,8.1,15.1,183.0,0,0
54.3,54.0,54.6,38.7,41.0,36.4,0.00762,0.0158,0.0353,0.00774,0.00691,10.6,0.00973,0.00612,0.0394,0.0382,0.244,0.0108,17.3,8,54,7,800,7.8,22.7,13.1,13.1,0.0326,12.1,11.6,9.6,11.6,11.1,10.9,10.2,26.4,8.7,14.2,183.0,0,0
53.3,52.0,54.6,37.7,37.8,37.6,0.00765,0.0167,0.0358,0.00768,0.00735,10.7,0.0097,0.00661,0.0403,0.0383,0.245,0.0106,16.2,7,54,7,800,7.8,23.4,11.0,11.8,0.032,11.0,10.6,9.7,8.8,10.6,12.2,9.1,24.9,8.0,15.7,175.0,0,0
52.4,51.2,53.6,37.5,36.0,39.0,0.00765,0.0157,0.036,0.00778,0.00698,11.0,0.0106,0.00618,0.0413,0.0386,0.244,0.0106,15.4,7,24,7,800,7.1,22.8,10.0,11.3,0.0319,10.3,11.3,11.0,9.8,10.6,11.6,10.9,23.9,7.6,15.9,174.0,0,0
55.3,57.8,52.8,38.4,42.0,34.8,0.00694,0.0161,0.0363,0.0078,0.00728,11.4,0.0106,0.0067,0.0395,0.0386,0.243,0.0111,15.2,7,31,7,800,6.7,23.2,11.0,11.7,0.0325,9.1,10.7,11.5,12.1,10.7,10.6,12.8,25.2,7.8,15.1,178.0,0,0
51.4,50.6,52.2,36.7,38.2,35.2,0.00823,0.0161,0.0363,0.00708,0.00649,11.5,0.0115,0.00816,0.0404,0.0384,0.244,0.0102,14.6,7,31,6,800,6.3,24.2,12.3,10.2,0.0322,11.4,10.9,10.9,11.6,9.8,11.5,11.4,23.5,8.3,17.6,180.0,0,0
52.5,52.4,52.6,36.8,41.2,32.4,0.00778,0.0169,0.0366,0.00722,0.00652,11.8,0.0098,0.00816,0.0405,0.0383,0.246,0.0115,14.1,7,23,6,800,6.4,24.0,12.9,10.0,0.0332,13.4,12.7,10.7,10.1,11.3,11.0,10.7,24.7,9.0,16.3,183.0,0,0
51.5,50.6,52.4,38.0,39.0,37.0,0.00778,0.0159,0.0367,0.00754,0.00687,12.0,0.0107,0.0077,0.0404,0.0385,0.245,0.0116,13.8,7,26,6,800,7.9,23.7,11.4,10.7,0.0328,11.5,12.4,10.9,11.1,12.4,9.8,11.5,25.6,8.4,15.1,182.0,0,0
54.1,53.2,55.0,37.4,32.4,42.4,0.0083,0.017,0.0366,0.0077,0.00715,12.3,0.00983,0.00669,0.0414,0.0385,0.243,0.012,13.4,7,26,7,800,8.5,23.1,10.6,10.2,0.0321,9.5,10.8,11.3,13.4,11.4,10.7,11.7,26.3,9.6,16.1,183.0,0,0
52.6,52.2,53.0,39.5,42.2,36.8,0.00789,0.017,0.037,0.0073,0.00726,12.5,0.0106,0.00669,0.0406,0.0385,0.244,0.0114,13.1,7,24,6,800,8.2,23.1,11.1,10.5,0.0329,8.6,10.4,10.8,11.5,11.4,11.5,12.9,26.1,10.2,15.5,182.0,0,0
51.4,51.4,51.4,37.8,33.6,42.0,0.0078,0.0171,0.0371,0.00711,0.00731,12.6,0.0097,0.0071,0.0402,0.0382,0.244,0.011,12.9,7,24,7,800,8.6,22.9,11.6,10.8,0.0325,8.9,9.7,10.4,9.7,10.8,11.6,11.7,22.8,7.7,15.1,172.0,0,0
55.4,55.4,55.4,37.6,39.2,36.0,0.00771,0.0162,0.0369,0.00721,0.00693,12.7,0.0097,0.00719,0.0405,0.0384,0.244,0.011,12.7,7,25,7,800,8.1,23.0,11.2,11.3,0.0321,10.4,10.1,9.6,10.7,10.6,11.3,10.0,24.0,7.9,16.4,175.0,0,0
53.0,52.0,54.0,36.9,38.0,35.8,0.0084,0.017,0.0371,0.00761,0.00725,12.8,0.00985,0.00719,0.0414,0.0384,0.244,0.0109,12.4,7,22,6,800,7.5,22.6,11.7,13.6,0.0321,11.2,10.4,10.9,10.4,12.3,11.8,10.2,26.5,8.9,16.3,184.0,0,0
49.1,49.8,48.4,37.0,32.8,41.2,0.00693,0.0101,0.0373,0.0072,0.00688,13.5,0.00985,0.00666,0.0404,0.0385,0.244,0.0109,12.2,7,22,6,800,7.0,20.0,12.3,13.0,0.0321,10.6,10.8,12.3,10.9,12.6,11.9,10.6,25.0,7.6,14.8,179.0,0,0
54.2,54.2,54.2,36.9,41.0,32.8,0.00738,0.0112,0.0374,0.00777,0.00667,14.2,0.0101,0.00714,0.0403,0.0385,0.247,0.0105,12.1,7,23,6,800,7.4,22.1,11.5,10.6,0.0313,10.1,12.3,10.6,11.8,11.9,11.8,11.4,23.9,7.0,13.6,176.0,0,0
52.3,53.2,51.4,39.6,39.0,40.2,0.00738,0.0105,0.0379,0.00777,0.0076,15.0,0.0116,0.00675,0.0403,0.0391,0.249,0.0107,11.9,7,24,6,800,8.8,24.3,10.2,10.2,0.0316,9.2,12.6,10.6,11.1,11.4,13.1,11.6,23.3,7.9,12.2,177.0,0,0
66.5,66.6,66.4,38.6,37.2,40.0,0.00778,0.011,0.0371,0.0071,0.00688,13.5,0.0113,0.0082,0.0398,0.0392,0.244,0.0113,249.0,68,800,460,1 K,61.5,23.9,12.1,13.9,0.032,11.2,9.9,12.5,11.2,10.1,10.5,11.9,22.7,6.7,14.8,233.0,0,0
57.2,56.2,58.2,40.6,41.0,40.2,0.00834,0.0119,0.0372,0.00748,0.00744,13.4,0.0104,0.0082,0.039,0.0391,0.244,0.0116,198.0,33,800,20,1 K,31.4,27.5,15.2,16.2,0.0319,12.7,11.7,12.4,14.1,13.3,11.2,12.2,28.8,9.9,17.9,235.0,0,0
58.6,57.2,60.0,39.1,34.4,43.8,0.00834,0.0106,0.0372,0.00704,0.00705,13.6,0.0104,0.00824,0.0399,0.0389,0.244,0.0108,166.0,22,29,8,1 K,9.2,29.4,15.2,17.4,0.032,13.4,14.8,11.7,15.5,14.1,12.9,13.0,30.8,11.4,18.5,227.0,0,0
61.4,62.4,60.4,38.6,41.8,35.4,0.00707,0.0115,0.0373,0.00754,0.00697,13.9,0.0103,0.00637,0.0408,0.0391,0.244,0.0116,144.0,19,53,9,1 K,10.1,29.6,14.9,15.3,0.0319,12.5,14.2,13.2,14.9,13.3,13.7,14.3,29.8,10.1,18.4,224.0,0,0
56.8,57.6,56.0,38.8,39.0,38.6,0.00703,0.0107,0.0373,0.00691,0.00746,14.0,0.0103,0.0069,0.0399,0.039,0.244,0.0104,127.0,17,53,9,1 K,11.4,27.7,13.5,14.0,0.031,12.8,11.5,13.8,14.2,12.6,13.4,14.6,30.0,10.5,19.4,219.0,0,0
59.5,59.2,59.8,40.0,39.8,40.2,0.00757,0.0115,0.0373,0.00655,0.0066,14.2,0.0104,0.0069,0.0399,0.039,0.245,0.00992,116.0,16,82,10,1 K,11.4,30.1,11.5,14.9,0.032,12.2,12.2,13.2,13.9,12.0,15.1,13.8,28.4,9.6,19.2,218.0,0,0
63.7,63.4,64.0,36.4,32.4,40.4,0.00701,0.0104,0.0376,0.00702,0.00613,14.5,0.0104,0.00705,0.0387,0.039,0.243,0.00996,111.0,17,170,21,1 K,9.1,32.8,11.6,14.5,0.032,11.0,13.6,13.6,15.0,13.5,15.3,13.4,30.8,9.0,18.1,221.0,0,0
63.6,64.6,62.6,41.2,42.8,39.6,0.00758,0.0104,0.0373,0.00743,0.00778,14.8,0.0106,0.00707,0.0396,0.039,0.247,0.0108,107.0,18,270,26,1 K,9.2,29.2,14.0,13.9,0.0312,11.8,12.8,14.1,15.5,14.0,14.6,13.5,31.3,9.0,18.1,221.0,0,0
62.1,60.4,63.8,40.3,35.6,45.0,0.00758,0.0113,0.0377,0.00752,0.00729,15.1,0.0106,0.00666,0.0399,0.0393,0.247,0.0107,99.7,17,110,16,1 K,10.7,27.2,15.0,13.2,0.0322,13.7,11.7,14.8,14.2,12.9,14.5,13.3,27.3,8.2,19.7,216.0,0,0
60.6,60.8,60.4,38.5,39.2,37.8,0.00755,0.0114,0.0377,0.00733,0.00782,15.3,0.0115,0.00668,0.0399,0.0391,0.244,0.0108,92.7,16,46,9,1 K,10.4,28.3,14.1,14.1,0.0324,15.0,12.7,13.7,13.9,13.4,14.2,13.8,27.6,9.2,20.9,221.0,0,0
57.7,58.6,56.8,40.2,42.0,38.4,0.00686,0.0115,0.038,0.00683,0.00749,15.6,0.0106,0.00668,0.0391,0.0392,0.246,0.0104,88.6,16,120,8,1 K,9.6,30.5,12.8,14.1,0.032,13.4,12.5,14.6,13.9,14.2,13.2,13.1,27.6,10.2,21.3,221.0,0,0
55.9,57.2,54.6,39.1,34.6,43.6,0.00736,0.0115,0.0377,0.00733,0.0078,15.6,0.0114,0.00721,0.0401,0.0393,0.247,0.011,83.6,15,120,10,1 K,10.8,30.5,11.6,13.2,0.0326,13.3,11.3,14.2,13.6,13.2,12.4,11.4,24.0,7.3,20.5,207.0,0,0
56.9,57.2,56.6,37.4,37.6,37.2,0.00691,0.0104,0.0378,0.00724,0.0078,15.9,0.0117,0.00732,0.0401,0.0393,0.242,0.011,79.4,14,47,9,1 K,10.3,30.1,12.5,13.3,0.0327,14.0,12.7,14.3,15.4,12.3,14.5,11.8,25.1,7.0,19.3,213.0,0,0
61.8,61.0,62.6,38.6,35.8,41.4,0.00691,0.0113,0.0374,0.00727,0.00687,15.9,0.0102,0.00732,0.0402,0.0388,0.244,0.0114,75.3,14,43,8,1 K,10.8,26.5,12.0,15.0,0.0328,12.1,14.3,14.8,15.1,13.5,16.4,12.7,26.9,9.2,18.9,218.0,0,0
56.6,55.4,57.8,40.4,39.8,41.0,0.00672,0.0102,0.0376,0.00676,0.00682,16.5,0.0102,0.00725,0.0404,0.0389,0.245,0.0115,71.7,13,31,8,1 K,10.6,25.7,13.2,14.2,0.033,12.6,14.5,12.8,13.8,15.7,15.6,13.6,29.6,9.9,17.9,220.0,0,0
61.6,60.8,62.4,38.7,41.6,35.8,0.00818,0.0111,0.0377,0.00714,0.00802,17.6,0.0103,0.00684,0.0402,0.0392,0.246,0.0111,68.9,13,53,10,1 K,8.1,30.1,15.0,12.3,0.0329,12.5,14.3,14.6,13.6,16.2,14.4,13.3,30.5,10.1,17.6,223.0,0,0
57.9,58.6,57.2,38.0,39.4,36.6,0.00751,0.011,0.038,0.00757,0.00763,18.3,0.0103,0.00684,0.0406,0.0394,0.246,0.0112,66.0,12,46,8,1 K,9.4,29.4,14.3,14.0,0.0325,12.6,13.5,14.9,13.5,14.1,13.6,14.9,28.8,10.4,17.6,221.0,0,0
54.6,55.4,53.8,35.5,37.6,33.4,0.00864,0.0185,0.0353,0.00689,0.00642,7.35,0.0104,0.01,0.0381,0.0372,0.237,0.013,8.57,5,24,5,600,80.9,16.0,7.63,6.63,0.031,8.25,8.63,6.5,7.25,7.63,7.5,7.38,14.0,4.75,11.5,195.0,0,0
50.8,50.4,51.2,35.0,32.4,37.6,0.00781,0.0185,0.0353,0.00702,0.00682,7.46,0.0104,0.0107,0.0382,0.0369,0.235,0.00997,8.57,5,25,6,600,46.4,17.9,8.2,7.4,0.0311,8.9,10.1,8.3,7.5,8.4,7.2,7.8,16.2,4.9,11.3,171.0,0,0
46.9,45.6,48.2,38.0,40.6,35.4,0.00712,0.0155,0.0355,0.00666,0.00653,7.73,0.00961,0.0102,0.0384,0.0368,0.234,0.00997,8.38,5,21,6,600,6.1,16.2,7.3,8.8,0.0302,7.9,8.7,9.7,7.4,8.0,7.2,9.1,17.4,5.8,9.6,129.0,0,0
47.6,48.4,46.8,34.4,37.8,31.0,0.00762,0.0155,0.0357,0.00668,0.00722,7.92,0.0105,0.0106,0.0382,0.037,0.238,0.0103,8.34,5,21,5,600,6.8,17.0,6.8,8.4,0.0309,8.3,7.5,8.5,7.7,8.6,8.7,10.5,17.0,6.1,11.4,133.0,0,0
46.4,46.4,46.4,34.7,35.6,33.8,0.00696,0.0156,0.0358,0.00644,0.00686,8.04,0.011,0.00917,0.0382,0.037,0.235,0.0103,8.21,5,20,5,600,5.9,16.8,8.4,7.9,0.0306,8.0,7.4,7.8,8.2,9.2,8.4,9.2,17.4,6.0,12.2,133.0,0,0
49.6,50.8,48.4,35.4,33.0,37.8,0.00823,0.0165,0.0361,0.0069,0.0073,8.3,0.011,0.00916,0.0384,0.0372,0.236,0.0104,8.12,5,18,6,600,5.3,17.9,9.6,9.0,0.0299,8.3,7.5,8.1,8.1,8.2,7.8,8.8,18.4,6.5,11.0,135.0,0,0
47.1,46.8,47.4,35.6,37.2,34.0,0.00762,0.0156,0.036,0.0069,0.00739,8.58,0.0105,0.00916,0.0394,0.0372,0.237,0.0106,8.17,5,21,6,600,5.3,17.8,8.0,8.3,0.0302,9.4,7.8,8.4,6.6,7.4,9.4,9.1,17.4,6.9,11.3,133.0,0,0
48.4,49.2,47.6,36.5,34.4,38.6,0.00833,0.0164,0.0364,0.00704,0.00647,8.63,0.0105,0.00935,0.0383,0.037,0.238,0.0102,8.25,5,23,6,600,4.7,17.7,7.8,7.7,0.0308,8.7,10.6,9.2,5.8,7.6,10.8,8.6,17.3,6.7,11.5,135.0,0,0
46.9,47.8,46.0,37.0,36.8,37.2,0.00789,0.0155,0.0363,0.0065,0.00688,8.77,0.0105,0.00935,0.0384,0.0373,0.235,0.0112,8.29,5,23,6,600,4.7,18.1,7.4,8.0,0.0302,9.6,10.5,9.7,6.4,7.3,9.0,8.4,17.7,6.1,10.0,133.0,0,0
46.8,48.2,45.4,35.5,37.6,33.4,0.00837,0.0164,0.0362,0.0065,0.00728,8.8,0.0105,0.00937,0.0395,0.0373,0.238,0.0115,8.18,5,21,5,600,5.8,16.4,7.5,8.7,0.0301,9.6,9.2,8.5,7.2,6.8,7.0,8.6,16.8,5.4,10.2,128.0,0,0
45.9,46.8,45.0,35.9,37.4,34.4,0.00786,0.0156,0.0365,0.00674,0.00702,9.09,0.00966,0.00937,0.039,0.0375,0.236,0.011,8.21,5,20,6,600,6.6,16.3,7.9,8.3,0.0308,9.5,8.8,7.8,7.0,7.6,7.2,7.3,15.9,4.7,12.3,127.0,0,0
52.1,52.4,51.8,37.2,39.2,35.2,0.00857,0.0164,0.0367,0.00751,0.00721,9.37,0.00961,0.00935,0.0388,0.0377,0.236,0.011,8.26,6,23,6,600,5.8,17.3,7.4,8.6,0.0306,10.5,8.7,8.0,6.5,8.0,7.8,7.7,16.2,5.7,12.6,131.0,0,0
49.6,50.6,48.6,36.0,32.8,39.2,0.008,0.0155,0.0363,0.00701,0.00692,9.67,0.0105,0.00935,0.0389,0.0378,0.237,0.011,8.32,6,24,6,600,4.7,16.2,8.4,9.0,0.0309,9.7,9.7,8.6,7.5,7.9,7.9,8.2,17.1,6.6,11.7,133.0,0,0
48.2,49.0,47.4,34.1,34.0,34.2,0.00867,0.0163,0.0366,0.00664,0.00692,9.86,0.00963,0.00974,0.0391,0.0377,0.236,0.0106,8.28,6,22,6,600,5.3,14.7,9.4,8.3,0.0308,9.9,9.9,9.4,8.5,7.7,7.8,8.2,19.0,6.2,11.2,136.0,0,0
45.3,46.0,44.6,35.6,38.4,32.8,0.00735,0.0154,0.0366,0.00625,0.00697,9.78,0.00963,0.0102,0.0387,0.0376,0.235,0.0106,8.26,6,19,6,600,5.7,15.2,9.5,8.4,0.0312,8.5,9.7,8.7,8.6,6.8,6.7,8.5,18.4,5.5,13.0,133.0,0,0
46.9,47.6,46.2,33.9,30.0,37.8,0.00735,0.0167,0.0367,0.00772,0.00721,10.2,0.00957,0.0102,0.0379,0.0375,0.237,0.0111,8.23,6,20,6,600,5.4,17.1,8.6,9.2,0.0305,6.4,9.3,7.9,7.8,7.2,7.4,8.1,16.9,5.2,12.1,129.0,0,0
47.4,49.0,45.8,35.4,40.2,30.6,0.00725,0.013,0.0366,0.0071,0.00692,10.8,0.00957,0.00982,0.0391,0.0374,0.236,0.011,8.34,6,24,6,600,6.0,16.8,7.8,9.8,0.0304,7.3,8.8,7.0,7.2,9.0,8.8,7.6,16.0,5.7,10.2,128.0,0,0
47.8,48.4,47.2,34.8,37.4,32.2,0.00774,0.0103,0.0367,0.00766,0.00734,11.3,0.00955,0.00982,0.0391,0.0379,0.237,0.0106,8.34,6,24,6,600,5.9,15.5,8.3,10.1,0.0304,8.4,8.7,7.4,6.2,9.1,9.9,8.4,17.1,6.6,11.8,133.0,0,0
49.0,51.6,46.4,36.3,33.2,39.4,0.00774,0.0102,0.0371,0.00714,0.00706,11.9,0.00955,0.00921,0.04,0.0378,0.238,0.011,8.32,6,20,6,600,5.1,17.5,8.4,9.2,0.0309,8.8,8.5,8.1,5.6,7.2,10.1,9.3,18.0,6.1,11.7,134.0,0,0
62.5,61.2,63.8,37.0,31.8,42.2,0.00838,0.0108,0.0371,0.00823,0.00693,10.7,0.0095,0.00893,0.0385,0.0378,0.237,0.0115,28.0,9,200,13,800,76.9,21.0,11.2,8.5,0.0294,12.2,9.7,9.6,8.6,7.6,10.9,9.7,19.8,6.3,14.8,227.0,0,0
53.7,53.8,53.6,35.8,32.8,38.8,0.00711,0.00988,0.0369,0.00813,0.00649,10.8,0.0095,0.00896,0.0384,0.0376,0.235,0.0111,23.6,8,210,8,800,36.2,24.0,11.7,10.2,0.03,11.7,10.9,10.7,10.2,8.6,10.9,9.5,20.7,6.7,18.6,201.0,0,0
51.5,50.0,53.0,38.4,36.2,40.6,0.00769,0.0108,0.0372,0.00831,0.00685,11.0,0.00947,0.00896,0.0385,0.0376,0.237,0.0108,21.3,7,28,6,800,8.4,23.1,10.2,10.8,0.0298,11.4,11.0,10.0,9.4,10.2,9.7,10.6,21.5,7.8,18.0,172.0,0,0
55.5,55.6,55.4,38.2,37.8,38.6,0.00698,0.00997,0.0371,0.00778,0.00685,11.1,0.00947,0.00896,0.0386,0.0381,0.237,0.0113,19.4,7,29,6,800,8.1,23.2,8.4,10.9,0.0302,11.7,11.9,10.8,11.2,10.9,10.7,10.4,24.4,8.3,15.0,176.0,0,0
53.6,52.6,54.6,36.3,34.6,38.0,0.00758,0.0108,0.0371,0.00808,0.00681,11.4,0.00961,0.00896,0.0385,0.0379,0.24,0.0103,17.9,7,23,6,800,8.9,22.5,8.0,11.2,0.0299,11.6,10.5,11.8,12.0,11.4,11.0,9.6,23.3,7.3,15.7,175.0,0,0
51.9,52.0,51.8,37.8,41.0,34.6,0.00709,0.0099,0.0374,0.00822,0.00639,11.7,0.00961,0.00907,0.0376,0.038,0.235,0.0104,16.8,7,22,6,800,8.5,22.1,9.7,12.2,0.0301,12.1,9.2,12.1,10.3,10.6,9.5,10.9,22.3,7.2,16.9,174.0,0,0
53.8,52.6,55.0,37.5,36.6,38.4,0.00786,0.0108,0.0373,0.00791,0.0066,11.7,0.00961,0.00907,0.0381,0.0382,0.238,0.0108,16.3,7,29,7,800,8.2,24.1,11.7,12.6,0.03,10.9,10.1,10.4,9.2,10.8,9.0,11.1,22.4,7.2,17.5,175.0,0,0
50.9,51.6,50.2,37.4,37.0,37.8,0.00715,0.00998,0.0374,0.00767,0.00629,11.9,0.00969,0.0118,0.0383,0.038,0.237,0.0103,15.6,7,28,6,800,8.4,22.6,12.2,11.4,0.0295,11.2,9.5,9.7,9.8,11.9,10.2,9.7,20.7,6.7,17.3,171.0,0,0
52.7,53.4,52.0,36.8,35.4,38.2,0.00715,0.0116,0.0379,0.00789,0.00673,11.8,0.00976,0.0118,0.0381,0.0382,0.239,0.0104,15.0,6,23,6,800,8.3,21.2,11.2,11.1,0.0292,12.7,12.0,11.7,12.3,11.1,9.1,9.0,21.4,6.3,15.2,173.0,0,0
51.6,51.0,52.2,38.9,38.2,39.6,0.00764,0.0107,0.0378,0.00776,0.00673,11.9,0.00976,0.012,0.0392,0.0386,0.239,0.0108,14.5,6,23,6,800,6.7,24.2,10.8,10.5,0.0301,12.3,12.9,11.5,11.6,10.5,8.6,9.0,21.5,7.0,15.7,173.0,0,0
54.0,54.0,54.0,35.4,36.6,34.2,0.00812,0.0117,0.0376,0.00776,0.00628,12.3,0.0106,0.0115,0.0383,0.0382,0.242,0.0105,14.6,7,34,7,800,7.1,25.1,11.0,9.8,0.0299,12.8,10.0,8.9,10.6,10.3,10.7,9.9,22.0,7.3,16.3,172.0,0,0
52.8,53.2,52.4,36.9,36.6,37.2,0.0086,0.0104,0.038,0.00633,0.0065,12.3,0.00977,0.012,0.0385,0.0385,0.24,0.00996,14.2,6,34,6,800,7.7,23.0,10.9,8.8,0.0294,13.0,8.6,9.7,11.5,11.9,11.7,10.6,23.2,8.1,15.6,174.0,0,0
54.1,54.6,53.6,39.1,42.8,35.4,0.00805,0.0112,0.0381,0.00662,0.00692,12.4,0.0106,0.0115,0.0382,0.039,0.241,0.0128,13.9,6,23,6,800,8.6,21.1,9.6,10.6,0.03,11.3,10.1,12.2,11.6,12.3,11.2,10.5,23.5,9.0,15.5,177.0,0,0
51.1,49.4,52.8,37.9,39.0,36.8,0.00756,0.0101,0.0381,0.00698,0.00661,12.5,0.00988,0.0115,0.0382,0.0388,0.24,0.013,13.5,6,22,6,800,9.5,22.9,8.6,13.3,0.03,12.1,12.3,11.8,10.6,11.1,9.4,11.6,24.9,8.5,15.4,182.0,0,0
53.2,54.4,52.0,35.0,30.8,39.2,0.00815,0.0101,0.0382,0.00736,0.00693,12.9,0.0108,0.0123,0.0375,0.0389,0.242,0.0122,13.3,6,24,7,800,9.2,23.4,9.7,11.3,0.0293,13.2,10.9,10.4,9.3,10.2,10.2,12.7,24.0,8.0,16.4,179.0,0,0
52.4,49.4,55.4,39.7,39.0,40.4,0.00815,0.011,0.0382,0.00684,0.00675,13.5,0.00999,0.00905,0.0393,0.0392,0.241,0.013,13.1,6,24,7,800,8.6,24.3,9.2,10.1,0.0291,12.9,11.1,9.4,10.2,9.0,11.4,10.9,22.0,7.0,16.1,172.0,0,0
52.9,51.6,54.2,37.0,38.0,36.0,0.00759,0.0119,0.0386,0.00665,0.00724,14.2,0.011,0.00956,0.0386,0.0389,0.241,0.0131,12.8,6,21,6,800,7.2,25.1,10.5,10.9,0.0298,12.9,11.2,11.2,10.1,8.4,11.2,10.9,21.7,6.5,14.0,172.0,0,0
50.6,50.4,50.8,37.1,40.8,33.4,0.00747,0.0111,0.0382,0.00663,0.00682,14.9,0.0111,0.00905,0.0387,0.0393,0.241,0.0127,12.8,6,27,6,800,7.4,23.1,10.2,11.7,0.0293,13.2,10.2,12.1,11.7,10.3,11.8,10.9,23.5,7.7,14.8,179.0,0,0
60.9,60.4,61.4,40.7,39.0,42.4,0.00897,0.0113,0.0373,0.0068,0.00711,13.3,0.0112,0.0102,0.0392,0.0381,0.24,0.0136,154.0,44,610,250,1 K,59.4,22.7,12.4,12.4,0.0305,12.8,12.5,12.8,12.8,12.9,13.6,11.4,25.1,7.6,16.3,245.0,0,0
56.3,54.0,58.6,35.8,32.6,39.0,0.00906,0.0128,0.0372,0.00704,0.00758,13.0,0.0112,0.0101,0.0391,0.0381,0.245,0.0135,126.0,25,570,12,1 K,27.2,25.5,14.7,13.2,0.0306,14.1,14.2,14.5,13.6,13.8,14.5,12.5,27.0,8.3,16.8,230.0,0,0
58.9,58.2,59.6,40.2,35.2,45.2,0.00829,0.0119,0.0371,0.00681,0.00737,13.5,0.0112,0.0101,0.0392,0.0381,0.24,0.0137,106.0,19,47,8,1 K,10.0,28.6,13.0,12.1,0.0299,13.6,15.5,13.7,12.5,13.4,14.4,15.8,27.7,9.9,17.4,218.0,0,0
59.1,58.4,59.8,36.3,41.6,31.0,0.0089,0.0127,0.0373,0.00675,0.00769,13.6,0.0113,0.00753,0.0392,0.0383,0.241,0.0137,92.5,16,45,7,1 K,11.1,28.5,11.8,12.5,0.0299,13.6,15.4,12.6,12.0,13.3,13.4,15.9,28.8,11.2,20.0,220.0,0,0
57.2,59.0,55.4,38.6,40.6,36.6,0.0089,0.0112,0.037,0.00662,0.00715,13.8,0.0103,0.00798,0.0401,0.0382,0.241,0.0136,82.3,14,28,7,1 K,9.9,28.3,13.1,12.7,0.0304,14.2,16.2,14.2,13.1,13.7,11.9,13.4,26.1,9.7,20.5,217.0,0,0
58.8,60.0,57.6,39.9,34.4,45.4,0.00824,0.0121,0.037,0.00652,0.00756,14.1,0.0113,0.00736,0.0378,0.0378,0.239,0.0127,74.6,13,38,8,1 K,9.3,27.3,14.1,14.7,0.0297,13.8,15.6,13.3,13.9,14.7,13.7,14.4,25.7,7.6,18.4,217.0,0,0
56.5,56.0,57.0,38.2,37.2,39.2,0.00776,0.0111,0.0373,0.00662,0.00766,14.1,0.0105,0.00736,0.0392,0.0382,0.237,0.0135,68.2,12,44,8,1 K,10.5,27.2,14.0,16.5,0.0297,12.8,12.7,11.1,12.3,16.4,15.1,14.2,26.5,8.3,18.5,216.0,0,0
59.5,60.4,58.6,39.0,42.8,35.2,0.00778,0.0111,0.037,0.00733,0.00743,14.4,0.0114,0.00736,0.04,0.0378,0.24,0.0144,63.4,12,48,8,1 K,10.4,24.8,14.6,14.5,0.0306,14.2,13.7,11.6,13.9,15.6,14.0,14.4,28.7,10.3,18.2,219.0,0,0
56.4,58.4,54.4,39.6,39.0,40.2,0.00769,0.0102,0.0371,0.00694,0.007,14.4,0.0105,0.00785,0.0392,0.0379,0.237,0.0116,58.8,11,43,8,1 K,8.9,27.1,14.0,13.2,0.03,15.3,14.3,11.0,13.3,13.7,13.3,15.3,30.6,10.4,18.6,219.0,0,0
59.0,60.6,57.4,38.7,41.2,36.2,0.00828,0.0122,0.0367,0.00602,0.00729,14.7,0.0116,0.00785,0.039,0.0377,0.244,0.0112,55.4,11,39,8,1 K,8.2,30.6,15.2,14.0,0.0309,14.3,13.1,10.6,13.9,13.8,13.8,14.0,27.6,9.6,19.7,218.0,0,0
57.2,57.8,56.6,38.9,36.0,41.8,0.00768,0.0122,0.0368,0.00707,0.00683,14.8,0.0106,0.00714,0.0391,0.0377,0.238,0.0117,54.9,11,200,10,1 K,8.8,29.3,14.8,14.2,0.0306,14.0,12.9,13.0,14.8,12.4,14.1,15.1,27.8,9.7,18.8,220.0,0,0
58.4,59.4,57.4,37.2,38.6,35.8,0.00822,0.0115,0.037,0.00764,0.00664,14.9,0.0116,0.00762,0.0382,0.0379,0.244,0.0118,52.4,11,200,10,1 K,9.2,29.8,12.5,14.4,0.0311,13.1,13.6,15.2,12.8,12.3,15.0,16.9,29.7,10.5,17.2,222.0,0,0
58.2,57.8,58.6,39.3,39.4,39.2,0.00822,0.0106,0.0368,0.00764,0.00672,15.1,0.0106,0.00781,0.0403,0.0381,0.242,0.0114,50.0,10,68,9,1 K,8.4,30.0,13.4,14.5,0.0309,13.1,13.8,15.2,10.9,12.8,17.7,16.2,28.1,10.0,16.2,220.0,0,0
60.8,59.8,61.8,38.5,39.4,37.6,0.00778,0.0114,0.0367,0.00758,0.00716,15.5,0.0105,0.00781,0.0403,0.0378,0.242,0.011,47.8,10,34,9,1 K,7.7,27.8,14.3,15.5,0.0312,13.9,12.3,13.4,12.3,13.9,16.5,15.8,27.3,9.3,19.5,220.0,0,0
58.3,57.4,59.2,40.7,40.4,41.0,0.00756,0.0103,0.0371,0.00698,0.00692,16.1,0.0105,0.00777,0.0396,0.0379,0.241,0.0113,45.9,10,44,9,1 K,8.1,27.7,14.2,15.7,0.0304,14.0,12.8,12.3,16.2,12.7,13.4,15.3,29.3,10.6,20.7,223.0,0,0
56.5,56.2,56.8,37.1,38.6,35.6,0.00756,0.0111,0.0371,0.00744,0.00745,16.9,0.0115,0.00777,0.0395,0.038,0.24,0.0122,44.1,10,46,8,1 K,9.2,29.2,13.1,13.4,0.0312,14.0,14.1,13.3,15.5,11.6,13.0,14.4,28.2,9.7,20.4,219.0,0,0
59.0,57.8,60.2,41.0,40.0,42.0,0.00811,0.0103,0.0375,0.00701,0.00604,18.0,0.0108,0.00729,0.0394,0.0382,0.243,0.0122,42.6,10,40,8,1 K,9.5,30.0,13.3,12.0,0.0313,14.2,13.4,14.2,13.5,13.3,14.6,13.5,27.8,9.3,19.3,218.0,0,0
60.8,61.4,60.2,37.2,34.0,40.4,0.00896,0.015,0.0363,0.00888,0.00698,7.55,0.0107,0.00666,0.0368,0.0369,0.227,0.0114,10.1,6,28,7,600,80.4,18.4,6.13,8.75,0.0291,8.75,8.38,6.25,8.25,7.88,7.5,6.25,14.4,4.88,11.8,198.0,0,0
47.8,47.2,48.4,34.0,31.0,37.0,0.00897,0.015,0.0367,0.0094,0.00733,7.76,0.00985,0.00666,0.0367,0.037,0.23,0.01,9.88,6,26,7,600,45.2,17.8,6.3,8.7,0.029,9.8,9.4,7.6,8.4,9.1,8.6,8.2,15.3,5.3,12.1,172.0,0,0
49.9,48.2,51.6,34.8,38.6,31.0,0.00893,0.0111,0.0362,0.00893,0.00744,7.93,0.00985,0.00666,0.0358,0.0372,0.229,0.01,9.59,6,23,6,600,6.0,14.7,7.2,8.0,0.0291,8.0,9.0,8.8,7.7,8.5,8.3,9.2,17.3,5.1,9.5,127.0,0,0
47.6,47.6,47.6,35.8,37.6,34.0,0.00903,0.0111,0.0366,0.00925,0.00752,8.04,0.00982,0.0073,0.0366,0.0371,0.228,0.0105,9.43,6,23,6,600,5.3,16.1,8.4,8.6,0.0291,7.8,8.6,8.4,8.3,7.8,7.4,8.9,17.7,6.1,11.0,130.0,0,0
48.4,47.8,49.0,34.9,32.8,37.0,0.00746,0.0102,0.0366,0.00881,0.00761,8.31,0.00982,0.0063,0.0367,0.0371,0.23,0.0104,9.27,6,23,6,600,5.7,15.6,8.4,8.6,0.029,8.0,8.5,8.0,8.7,6.9,7.9,7.4,16.8,6.8,13.2,131.0,0,0
49.3,47.8,50.8,33.6,32.0,35.2,0.00792,0.011,0.0368,0.00876,0.00704,8.43,0.00999,0.00672,0.037,0.0375,0.23,0.00972,9.13,6,21,6,600,5.6,17.8,8.1,10.4,0.0292,7.9,8.5,9.2,7.4,7.0,7.9,7.2,17.0,5.9,11.7,132.0,0,0
47.6,45.8,49.4,33.6,31.6,35.6,0.00739,0.01,0.0368,0.00889,0.00597,8.71,0.00999,0.00672,0.0367,0.038,0.233,0.0101,9.1,6,22,6,600,6.0,19.4,7.6,9.5,0.0287,8.9,8.1,9.9,8.4,8.1,7.0,7.1,15.5,4.4,12.3,132.0,0,0
45.7,47.2,44.2,33.7,37.0,30.4,0.00786,0.0112,0.0372,0.00888,0.00753,8.77,0.0109,0.00634,0.037,0.0379,0.231,0.00977,9.03,6,23,6,600,5.8,16.3,6.8,8.9,0.0284,8.4,8.3,8.2,10.6,8.1,8.5,8.2,16.1,4.5,11.7,130.0,0,0
47.4,48.2,46.6,37.3,35.4,39.2,0.00734,0.0103,0.0373,0.00895,0.00699,8.96,0.0116,0.00675,0.037,0.038,0.229,0.00979,8.93,6,21,6,600,5.2,16.5,6.6,9.5,0.0293,6.7,8.3,6.2,8.5,7.6,9.7,9.5,17.3,5.0,10.4,127.0,0,0
48.6,49.2,48.0,34.2,33.2,35.2,0.00859,0.0111,0.0377,0.00905,0.00747,9.24,0.0116,0.00675,0.0382,0.0382,0.229,0.0143,8.86,6,21,6,600,5.2,17.1,7.3,8.1,0.0285,8.1,7.8,7.2,7.2,8.6,8.0,9.0,15.9,5.6,12.1,127.0,0,0
50.6,51.2,50.0,35.5,32.8,38.2,0.00796,0.0102,0.0374,0.0088,0.00747,9.45,0.0109,0.00871,0.0371,0.0384,0.23,0.0134,8.85,6,22,6,600,5.7,17.0,7.2,8.6,0.0294,9.5,6.7,7.8,7.6,9.9,8.5,8.6,16.6,6.5,12.5,133.0,0,0
48.3,49.6,47.0,36.5,36.8,36.2,0.00851,0.0111,0.0373,0.00874,0.00703,9.57,0.01,0.00871,0.0371,0.0389,0.234,0.0138,8.82,6,22,6,600,6.0,17.9,8.4,8.5,0.0295,8.7,7.0,6.9,7.9,9.8,9.1,8.7,17.3,6.6,11.2,134.0,0,0
46.9,46.8,47.0,33.5,31.8,35.2,0.00793,0.0111,0.0374,0.00879,0.00691,9.77,0.01,0.00823,0.0371,0.0387,0.231,0.0139,8.76,6,21,6,600,5.3,18.2,9.7,7.2,0.0291,7.6,8.0,8.2,8.8,8.3,7.7,9.1,16.2,6.1,11.3,132.0,0,0
47.4,47.8,47.0,35.2,30.2,40.2,0.00846,0.0102,0.0377,0.00926,0.00734,9.88,0.0109,0.00823,0.0373,0.0389,0.234,0.0141,8.66,6,20,5,600,5.0,17.3,9.3,7.4,0.0296,7.4,8.4,8.2,9.3,7.3,7.8,8.2,17.5,6.3,11.1,131.0,0,0
47.1,48.0,46.2,37.5,33.8,41.2,0.00798,0.0101,0.0376,0.00926,0.00695,9.98,0.0101,0.00711,0.0374,0.0387,0.233,0.0143,8.65,6,20,6,600,5.2,16.8,8.7,8.1,0.0292,8.0,9.0,8.4,10.0,7.5,8.1,6.3,18.1,6.5,11.1,132.0,0,0
49.6,50.0,49.2,34.3,37.2,31.4,0.00818,0.0101,0.0376,0.00929,0.00744,10.3,0.0111,0.00845,0.0384,0.0393,0.237,0.0142,8.67,6,22,6,600,5.3,16.7,8.1,9.7,0.029,8.5,8.6,8.0,9.9,7.9,8.2,6.8,17.7,6.1,11.6,133.0,0,0
49.7,48.6,50.8,35.7,32.6,38.8,0.00818,0.0102,0.0374,0.00929,0.00755,10.9,0.011,0.00783,0.0376,0.0394,0.237,0.0133,8.6,6,21,6,600,6.0,15.7,9.0,9.0,0.0297,8.9,8.6,7.8,7.9,8.3,8.8,7.5,16.7,5.4,12.9,133.0,0,0
45.7,45.4,46.0,36.1,39.4,32.8,0.00845,0.0111,0.0376,0.00935,0.00661,11.4,0.011,0.00827,0.0378,0.0395,0.24,0.0133,8.53,6,19,6,600,6.0,16.6,9.6,6.9,0.0295,8.4,8.1,8.4,7.5,7.7,9.3,8.5,16.6,5.2,13.5,132.0,0,0
45.4,46.8,44.0,34.8,38.8,30.8,0.00705,0.0103,0.0378,0.00893,0.00694,11.9,0.0102,0.00786,0.038,0.0397,0.237,0.0136,8.51,6,19,5,600,5.5,19.5,8.4,7.8,0.0292,7.2,7.9,8.3,8.2,7.6,7.5,8.3,16.2,5.2,10.9,129.0,0,0
62.0,61.8,62.2,36.6,37.0,36.2,0.00818,0.0111,0.0372,0.00749,0.00744,10.4,0.0113,0.00809,0.039,0.0395,0.24,0.0143,15.8,10,61,12,800,75.6,21.3,9.6,10.4,0.0295,9.6,9.7,11.0,11.7,9.3,11.5,9.0,20.4,6.8,14.2,230.0,0,0
52.9,54.8,51.0,38.1,34.8,41.4,0.00771,0.0112,0.0368,0.00749,0.00796,10.5,0.0112,0.00766,0.0389,0.0391,0.241,0.0148,14.2,9,39,7,800,34.5,22.4,12.5,10.7,0.0294,11.1,12.8,11.5,11.2,11.5,11.9,9.4,22.8,7.6,14.8,205.0,0,0
52.3,52.8,51.8,37.7,37.0,38.4,0.00812,0.0112,0.037,0.00732,0.00753,10.6,0.0112,0.00898,0.039,0.039,0.24,0.0144,13.2,8,22,6,800,8.1,23.2,12.6,9.6,0.0299,11.5,11.6,11.4,9.8,11.8,10.0,9.5,21.1,7.4,14.3,172.0,0,0
50.5,49.4,51.6,34.5,33.0,36.0,0.00766,0.01,0.0366,0.00732,0.00616,10.9,0.0117,0.00898,0.0398,0.0388,0.238,0.0147,12.5,7,23,6,800,7.3,24.8,11.6,10.4,0.0303,9.7,10.3,10.3,10.8,11.3,10.5,9.6,19.2,6.6,16.8,169.0,0,0
50.7,47.0,54.4,39.6,39.0,40.2,0.00766,0.0109,0.0367,0.0074,0.00946,11.0,0.0102,0.00918,0.0391,0.0387,0.243,0.0147,12.1,7,24,6,800,6.4,24.2,10.9,12.4,0.0292,9.9,11.4,10.4,12.3,12.0,10.6,9.3,20.7,6.1,16.6,173.0,0,0
52.2,51.2,53.2,34.2,32.8,35.6,0.00704,0.0101,0.0365,0.00681,0.00898,11.1,0.0111,0.00918,0.0379,0.0388,0.242,0.0102,11.6,7,23,6,800,7.3,22.9,10.1,11.9,0.0299,11.7,11.5,11.6,11.1,13.3,10.9,9.9,23.2,7.8,16.4,180.0,0,0
52.0,53.6,50.4,37.1,38.0,36.2,0.00757,0.0101,0.0363,0.00718,0.00947,11.1,0.0102,0.00711,0.039,0.0384,0.242,0.0107,11.3,7,21,6,800,8.7,21.5,10.5,11.6,0.0294,11.7,9.6,10.3,8.9,13.1,10.8,10.8,24.3,8.6,15.8,176.0,0,0
52.9,52.2,53.6,38.1,38.6,37.6,0.00701,0.0104,0.0363,0.00689,0.00947,11.4,0.0102,0.00759,0.039,0.0385,0.239,0.0101,11.1,7,24,7,800,9.0,22.8,11.4,12.1,0.0298,10.7,9.5,10.8,9.0,12.1,11.6,10.9,26.3,8.9,15.3,180.0,0,0
53.6,53.6,53.6,35.9,37.4,34.4,0.00757,0.0111,0.0364,0.00718,0.00951,11.6,0.011,0.00759,0.0391,0.0383,0.244,0.0108,10.9,7,23,6,800,10.4,23.4,12.6,11.7,0.0293,10.1,10.6,12.0,9.9,10.3,11.9,9.9,25.8,8.6,16.5,184.0,0,0
52.0,49.8,54.2,36.3,31.2,41.4,0.00704,0.0103,0.0363,0.00671,0.00909,11.7,0.0102,0.00814,0.039,0.0383,0.24,0.0109,10.7,7,22,6,800,10.1,23.1,11.6,11.0,0.0288,11.0,10.7,11.8,10.2,8.9,11.8,10.2,23.7,8.2,17.0,179.0,0,0
51.5,51.4,51.6,38.1,37.6,38.6,0.00704,0.0126,0.0364,0.00727,0.009,11.9,0.011,0.00814,0.0391,0.0386,0.242,0.0102,10.6,7,24,6,800,7.6,22.9,11.8,11.5,0.0297,10.2,11.7,10.9,10.7,10.2,12.2,10.5,22.2,7.7,16.9,177.0,0,0
53.8,52.4,55.2,36.3,31.8,40.8,0.00683,0.0126,0.0366,0.00726,0.00894,12.0,0.0101,0.00735,0.0381,0.038,0.239,0.0112,10.6,7,26,7,800,7.3,22.1,13.2,11.5,0.0296,10.7,10.9,9.0,12.5,11.3,11.5,11.8,21.7,6.9,14.2,175.0,0,0
52.1,53.6,50.6,36.1,32.4,39.8,0.00739,0.0125,0.0365,0.00731,0.00883,12.1,0.0101,0.00735,0.0389,0.0382,0.241,0.0113,10.5,6,25,6,800,7.3,23.4,11.6,10.8,0.0289,11.6,12.2,9.4,10.9,10.9,10.7,12.0,23.0,8.2,14.2,176.0,0,0
52.2,53.2,51.2,37.4,40.4,34.4,0.00689,0.0116,0.0364,0.00674,0.00936,12.3,0.0109,0.00752,0.039,0.0383,0.24,0.0112,10.4,6,23,6,800,7.0,22.9,9.8,12.1,0.0298,10.7,12.8,11.3,8.6,10.1,10.9,11.9,22.7,8.0,14.9,174.0,0,0
52.7,52.2,53.2,36.8,37.0,36.6,0.00689,0.0126,0.0366,0.00715,0.00943,12.6,0.0109,0.00752,0.0389,0.0384,0.24,0.0114,10.3,6,24,6,800,7.0,21.9,10.9,12.5,0.0295,10.9,10.4,11.3,10.0,10.7,11.8,11.3,23.0,7.7,14.4,174.0,0,0
52.9,53.6,52.2,36.5,36.0,37.0,0.00779,0.0113,0.0366,0.00674,0.0089,13.2,0.01,0.0074,0.0379,0.0384,0.24,0.0114,10.4,6,28,6,800,7.4,23.3,11.9,12.2,0.0284,10.8,9.2,11.8,11.9,11.9,12.1,10.2,23.2,8.5,15.1,180.0,0,0
51.2,52.8,49.6,35.2,30.4,40.0,0.00848,0.0123,0.0369,0.00678,0.00946,13.9,0.011,0.0074,0.0389,0.0386,0.244,0.0109,10.3,6,28,6,800,7.2,22.8,11.8,12.0,0.0293,11.3,9.5,11.0,12.9,11.1,11.2,10.7,23.9,8.3,13.7,177.0,0,0
52.4,53.0,51.8,37.6,38.0,37.2,0.00836,0.0114,0.0371,0.00661,0.00893,14.7,0.0102,0.00699,0.0389,0.0387,0.241,0.011,10.3,6,26,7,800,6.8,22.2,11.6,11.2,0.0293,12.7,10.1,10.6,12.9,9.5,9.7,10.4,24.5,7.8,13.8,174.0,0,0
65.6,66.6,64.6,36.7,39.4,34.0,0.0076,0.0118,0.0365,0.00752,0.00586,13.4,0.0106,0.0062,0.0392,0.0382,0.24,0.0111,221.0,70,790,410,1 K,59.2,23.1,14.1,12.0,0.0299,12.7,10.2,10.2,11.4,13.3,11.8,11.1,22.7,7.6,14.5,234.0,0,0
57.5,56.0,59.0,39.0,42.8,35.2,0.00745,0.0128,0.0366,0.00796,0.00586,13.5,0.00969,0.00678,0.0394,0.0381,0.24,0.0117,179.0,36,790,25,1 K,27.1,27.5,13.3,13.9,0.03,14.5,12.6,12.7,12.5,13.1,12.8,12.3,27.9,10.0,19.3,230.0,0,0
61.2,60.6,61.8,37.4,38.6,36.2,0.00692,0.0128,0.0367,0.00788,0.0058,13.7,0.00969,0.00638,0.0395,0.0381,0.244,0.012,150.0,25,37,9,1 K,8.5,28.5,13.4,15.7,0.0298,15.1,13.7,13.6,12.8,12.7,13.8,13.3,30.8,11.5,21.3,225.0,0,0
58.0,58.0,58.0,38.8,33.4,44.2,0.00838,0.0116,0.0366,0.0084,0.00708,13.7,0.0106,0.00657,0.0397,0.038,0.241,0.012,130.0,20,40,8,1 K,9.5,27.0,13.8,15.7,0.0296,15.2,12.3,13.5,12.8,11.7,14.6,13.5,28.8,9.5,19.0,217.0,0,0
56.7,59.8,53.6,39.4,37.0,41.8,0.00825,0.0117,0.0364,0.00792,0.0066,13.8,0.0107,0.00657,0.0398,0.0381,0.242,0.0117,115.0,17,38,9,1 K,11.1,28.8,14.0,14.9,0.0304,15.0,11.7,14.5,14.6,11.7,14.4,13.9,30.2,9.8,18.2,223.0,0,0
59.1,58.8,59.4,38.2,33.8,42.6,0.00837,0.0126,0.0361,0.00792,0.007,14.1,0.0107,0.00657,0.0399,0.0382,0.243,0.0112,103.0,15,32,8,1 K,11.4,30.4,15.7,12.5,0.0306,13.3,11.3,13.9,13.8,14.5,14.4,14.2,29.9,10.8,19.7,226.0,0,0
57.0,58.2,55.8,37.6,38.6,36.6,0.00885,0.0104,0.0362,0.00801,0.007,14.4,0.00988,0.00657,0.0398,0.0379,0.241,0.0116,95.1,14,92,8,1 K,9.6,28.9,15.8,11.2,0.0296,14.3,14.2,12.3,11.9,15.7,13.6,13.5,27.5,9.6,19.2,217.0,0,0
57.3,58.8,55.8,37.3,40.0,34.6,0.00844,0.0115,0.0363,0.00799,0.00694,14.5,0.0108,0.00654,0.0397,0.0379,0.241,0.0103,87.6,13,93,8,1 K,8.3,28.5,14.2,13.0,0.0303,15.2,15.0,11.8,12.9,14.9,11.9,12.4,27.2,9.2,19.7,214.0,0,0
60.1,59.8,60.4,39.6,39.4,39.8,0.00789,0.0106,0.0364,0.00804,0.00694,14.5,0.00988,0.00654,0.0399,0.038,0.241,0.0111,80.9,13,30,8,1 K,9.1,30.0,13.7,13.6,0.0303,14.3,12.8,11.8,14.5,13.1,13.9,12.4,29.5,9.3,19.5,218.0,0,0
58.2,58.8,57.6,40.8,45.0,36.6,0.00844,0.0117,0.0364,0.00845,0.00693,14.7,0.01,0.00641,0.0399,0.0378,0.241,0.011,76.8,13,91,10,1 K,9.9,27.8,13.5,13.5,0.0297,13.9,13.2,12.6,13.7,11.4,14.7,12.9,28.7,8.7,21.0,216.0,0,0
58.9,59.6,58.2,37.2,36.4,38.0,0.00844,0.0107,0.0365,0.00862,0.00641,14.9,0.01,0.00691,0.0409,0.0377,0.24,0.0105,72.2,12,92,11,1 K,9.2,26.3,14.0,13.5,0.0298,14.4,14.5,12.7,12.4,11.4,14.5,13.2,28.2,8.6,22.0,215.0,0,0
59.8,60.2,59.4,39.7,39.0,40.4,0.00755,0.0119,0.0369,0.00862,0.00632,15.3,0.0108,0.00642,0.04,0.0381,0.243,0.0105,70.4,12,150,11,1 K,9.6,30.4,13.8,13.5,0.0308,13.6,15.0,12.9,12.5,12.6,15.0,12.7,27.2,8.2,22.5,220.0,0,0
61.6,61.4,61.8,38.4,38.4,38.4,0.00733,0.0109,0.0366,0.0087,0.00646,15.5,0.00992,0.00969,0.0401,0.0382,0.24,0.0105,66.6,12,150,9,1 K,10.7,29.6,14.9,15.6,0.0298,12.4,13.7,13.2,12.3,14.0,14.2,12.2,27.8,8.7,22.6,222.0,0,0
57.1,55.2,59.0,39.3,42.8,35.8,0.00688,0.0109,0.0369,0.00863,0.00703,15.7,0.0108,0.00969,0.04,0.0382,0.24,0.0101,66.3,12,210,11,1 K,9.4,27.9,14.0,15.4,0.0296,13.1,13.1,12.4,12.7,12.8,15.5,12.5,29.4,9.1,20.2,218.0,0,0
59.4,61.4,57.4,37.7,35.6,39.8,0.00725,0.0112,0.037,0.00817,0.00715,16.4,0.01,0.00912,0.0399,0.0387,0.242,0.0113,63.4,12,210,11,1 K,9.4,28.6,13.4,12.9,0.0305,11.6,11.5,13.4,14.1,13.5,15.7,13.3,27.6,9.1,20.1,214.0,0,0
58.0,58.2,57.8,40.9,45.8,36.0,0.0073,0.0113,0.0372,0.00855,0.00714,17.4,0.0108,0.00978,0.0399,0.0387,0.244,0.0112,61.3,11,89,8,1 K,10.9,28.1,14.5,12.8,0.0306,10.7,12.2,14.6,14.2,15.5,13.5,13.7,26.7,9.4,19.6,216.0,0,0
61.2,61.6,60.8,36.1,34.2,38.0,0.00684,0.0105,0.0372,0.00796,0.00674,18.1,0.011,0.00843,0.04,0.0393,0.243,0.0116,58.8,11,89,9,1 K,11.8,27.1,13.0,14.4,0.0307,11.1,14.9,13.9,14.2,14.2,12.2,13.3,26.3,9.3,17.3,213.0,0,0
