Avg Host Node1 CPU Usage,Host Node1 CPU 0 Usage,Host Node1 CPU 1 Usage,Avg Host Node2 CPU Usage,Host Node2 CPU 0 Usage,Host Node2 CPU 1 Usage,Avg Host Node3 CPU Usage,Host Node3 CPU 0 Usage,Host Node3 CPU 1 Usage,Avg Host Node4 CPU Usage,Host Node4 CPU 0 Usage,Host Node4 CPU 1 Usage,currencyservice CPU Usage,emailservice CPU Usage,frontend 1 CPU Usage,frontend 2 CPU Usage,loadgenerator CPU Usage,paymentservice CPU Usage,productcatalogservice CPU Usage,recommendationservice 1 CPU Usage,recommendationservice 2 CPU Usage,redis-cart CPU Usage,shippingservice CPU Usage,Average Response Time,Median Response Time,Current Response Time Percentile 95,Current Response Time Percentile 50,Number of Users,current_rps GET /product/0PUK6V6EV0,current_rps GET /product/1YMWWN1N4O,adservice CPU Usage,current_rps GET /product/2ZYFJ3GM2N,current_rps GET /product/66VCHSJNUP,current_rps GET /product/6E92ZMYYFZ,current_rps GET /product/9SIQT8TOJO,current_rps GET /product/L9ECAV7KIM,current_rps GET /product/LS4PSXUNUM,current_rps GET /product/OLJCESPC7Z,current_rps POST /cart,current_rps POST /cart/checkout,current_rps POST /setCurrency,current_rps Aggregated,StressNG 1 CPU Usage,StressNG 2 CPU Usage,StressNG 3 CPU Usage,StressNG 4 CPU Usage
63.8,62.2,65.4,40.8,38.0,43.6,41.1,46.6,35.6,41.6,45.2,38.0,0.0115,0.0381,0.00776,0.0112,8.36,0.0103,0.00735,0.0382,0.0356,0.241,0.0105,17.0,11.0,51,11,600,8.71,7.86,0.0261,7.43,7.71,8.0,7.71,7.0,9.86,7.14,16.6,6.29,9.71,204.0,2.32,0.0,0.0,0.0
57.4,55.8,59.0,40.6,37.4,43.8,35.9,40.4,31.4,34.8,40.4,29.2,0.0115,0.0385,0.00813,0.0108,8.61,0.0103,0.00685,0.0383,0.0358,0.243,0.0106,15.5,10.0,50,10,600,8.9,8.2,0.026,8.1,8.5,9.1,7.5,7.7,10.1,7.8,17.4,6.3,10.2,175.0,4.05,5.42,0.0,0.0
52.6,54.0,51.2,38.6,35.6,41.6,36.6,34.2,39.0,35.2,38.6,31.8,0.0101,0.0383,0.00771,0.0111,8.77,0.0102,0.00675,0.0385,0.0359,0.24,0.0109,14.8,9.0,30,8,600,7.3,8.0,0.0266,8.3,9.8,9.9,7.6,7.5,10.3,7.4,18.4,6.4,10.6,138.0,5.01,6.39,10.7,0.0
54.8,54.0,55.6,42.8,46.6,39.0,38.3,38.2,38.4,35.5,31.2,39.8,0.0111,0.0385,0.00814,0.0107,8.92,0.0102,0.00675,0.0385,0.0358,0.243,0.0107,14.3,9.0,32,8,600,6.9,7.2,0.0268,7.2,9.4,10.8,8.8,8.4,9.2,7.5,17.9,5.5,11.6,132.0,4.3,7.37,13.5,13.9
56.5,58.6,54.4,40.8,39.4,42.2,36.7,39.8,33.6,34.6,37.4,31.8,0.0101,0.0382,0.00769,0.0112,9.32,0.0102,0.00759,0.0383,0.0358,0.238,0.0107,14.0,9.0,32,9,600,8.6,8.6,0.0261,6.5,7.2,10.6,8.6,8.4,7.3,8.7,17.3,5.9,11.1,132.0,3.52,3.89,16.6,16.7
55.0,53.8,56.2,43.0,45.6,40.4,34.2,37.2,31.2,36.5,39.2,33.8,0.0112,0.0389,0.00816,0.011,9.56,0.0102,0.00817,0.0384,0.0358,0.242,0.0102,13.6,9.0,30,9,600,8.6,9.7,0.0263,8.2,7.4,8.6,8.5,7.4,8.4,8.8,17.9,6.3,9.9,135.0,4.25,4.76,8.4,18.1
57.8,56.6,59.0,38.0,43.4,32.6,38.2,44.0,32.4,35.6,38.2,33.0,0.0104,0.039,0.00848,0.0109,9.65,0.0104,0.00695,0.0381,0.0358,0.241,0.0101,13.6,9.0,31,9,600,7.8,8.0,0.0265,9.2,8.3,8.6,8.3,7.1,9.4,9.9,18.8,6.5,10.2,136.0,3.57,4.78,8.88,8.52
53.9,52.8,55.0,40.5,43.6,37.4,38.1,43.0,33.2,36.8,39.8,33.8,0.0111,0.0388,0.00805,0.011,9.84,0.0097,0.00755,0.0381,0.0357,0.24,0.0102,13.3,9.0,33,8,600,8.8,8.0,0.026,8.4,10.1,9.7,7.5,7.2,8.5,10.2,17.9,6.1,11.1,136.0,3.57,3.88,8.56,7.95
54.8,50.0,59.6,43.2,41.2,45.2,38.7,36.8,40.6,34.3,41.4,27.2,0.0103,0.039,0.00765,0.0115,10.2,0.0097,0.00694,0.0383,0.0358,0.243,0.01,13.2,9.0,29,8,600,9.5,9.3,0.0267,7.1,9.6,9.0,8.6,8.1,8.2,8.7,16.2,5.3,10.9,132.0,3.61,4.37,7.96,9.15
54.1,54.6,53.6,39.2,36.8,41.6,35.7,34.0,37.4,34.7,36.8,32.6,0.0112,0.039,0.00809,0.0111,10.3,0.0097,0.00694,0.038,0.0356,0.244,0.0102,13.0,8.0,29,8,600,9.8,8.2,0.0271,7.1,7.6,7.6,8.9,7.7,7.8,8.1,14.8,5.4,11.7,127.0,3.39,4.3,8.06,6.25
51.4,53.4,49.4,41.3,39.4,43.2,37.2,34.4,40.0,38.0,42.4,33.6,0.0103,0.0388,0.00772,0.0109,10.6,0.0097,0.00748,0.0376,0.0358,0.24,0.0104,13.1,8.0,32,9,600,9.6,7.4,0.0268,7.9,8.4,7.1,9.8,7.7,7.2,8.6,15.5,5.5,12.4,130.0,4.01,4.13,7.5,8.68
53.3,53.4,53.2,40.5,39.6,41.4,38.9,38.0,39.8,36.8,37.4,36.2,0.0113,0.0387,0.00846,0.00722,10.7,0.0114,0.00717,0.0379,0.0358,0.245,0.0101,12.9,8.0,33,9,600,8.1,8.2,0.0265,8.9,8.5,8.1,9.9,8.9,7.9,8.6,18.1,5.9,11.8,135.0,3.11,4.21,8.27,7.87
53.9,53.6,54.2,39.8,37.2,42.4,35.0,37.2,32.8,34.7,41.8,27.6,0.0105,0.0387,0.00725,0.00754,10.8,0.00977,0.00714,0.0378,0.0359,0.242,0.0105,12.8,8.0,29,8,600,8.3,8.0,0.0267,8.2,8.6,9.1,8.7,8.2,7.7,6.8,18.1,6.0,11.7,131.0,3.95,4.34,7.52,10.2
56.9,56.6,57.2,40.4,44.0,36.8,37.0,35.8,38.2,34.4,29.4,39.4,0.0105,0.039,0.00893,0.00764,11.0,0.0105,0.0078,0.0377,0.0361,0.241,0.0101,12.7,8.0,28,8,600,9.4,7.0,0.0259,7.5,8.7,8.8,9.0,7.6,7.2,8.1,17.6,5.4,11.0,130.0,3.29,5.34,8.07,7.98
54.2,54.6,53.8,40.8,37.0,44.6,37.7,40.6,34.8,37.7,39.0,36.4,0.0105,0.0387,0.00855,0.00755,11.2,0.00964,0.00771,0.0377,0.0362,0.245,0.011,12.6,8.0,30,9,600,9.0,7.7,0.0266,8.6,8.7,8.6,8.6,8.0,7.6,8.9,19.1,5.9,10.2,135.0,4.02,4.79,9.19,8.38
56.2,55.8,56.6,39.7,44.4,35.0,38.2,40.4,36.0,34.5,36.0,33.0,0.0114,0.0389,0.00901,0.00771,11.8,0.0106,0.00777,0.0376,0.0362,0.243,0.0106,12.6,8.0,30,8,600,8.6,8.7,0.027,9.8,8.1,8.8,8.1,8.6,8.1,7.9,19.2,5.2,11.2,135.0,3.4,4.7,9.08,8.0
54.0,53.0,55.0,42.0,34.6,49.4,36.4,33.4,39.4,34.6,39.0,30.2,0.0114,0.0392,0.00873,0.00792,12.2,0.00986,0.00729,0.0376,0.0362,0.245,0.0105,12.4,8.0,27,8,600,7.8,8.4,0.0258,10.5,7.6,8.6,8.2,8.5,8.3,8.5,15.8,4.3,12.5,132.0,4.05,4.74,9.07,7.84
51.6,52.0,51.2,39.5,38.2,40.8,36.8,38.8,34.8,34.7,36.4,33.0,0.0114,0.0391,0.00931,0.00756,12.9,0.011,0.00788,0.0375,0.0363,0.243,0.0105,12.4,8.0,28,8,600,7.0,8.2,0.0263,9.6,8.0,8.4,8.3,8.5,8.0,9.0,16.2,6.5,11.0,132.0,3.42,3.84,8.09,8.52
54.5,58.2,50.8,40.3,38.4,42.2,39.1,39.6,38.6,37.5,35.4,39.6,0.0105,0.0391,0.00877,0.00795,13.4,0.0106,0.00733,0.0378,0.0361,0.245,0.0103,12.3,8.0,29,8,600,7.9,8.5,0.0265,9.1,7.8,9.5,7.5,9.4,7.1,8.3,19.0,7.3,9.3,133.0,3.27,4.57,8.37,8.22
67.2,65.2,69.2,42.2,42.6,41.8,41.9,37.4,46.4,39.9,38.4,41.4,0.0115,0.0392,0.00894,0.00821,11.8,0.00843,0.00908,0.0365,0.0365,0.246,0.0105,35.6,15.0,150,19,800,9.3,9.3,0.0265,9.4,9.2,8.1,10.2,9.2,9.0,8.7,16.9,5.2,13.1,211.0,0.0,0.0,0.0,0.0
63.0,59.2,66.8,42.1,39.2,45.0,41.3,34.8,47.8,37.4,41.2,33.6,0.0104,0.0389,0.00847,0.00857,11.9,0.0102,0.00897,0.0368,0.0366,0.243,0.0101,32.4,14.0,160,18,800,10.9,10.7,0.0261,10.7,10.3,8.9,10.0,10.6,12.0,11.4,20.1,7.4,17.3,201.0,0.0,7.21,0.0,11.3
60.8,58.8,62.8,42.8,42.4,43.2,41.8,46.6,37.0,41.2,44.0,38.4,0.0113,0.0389,0.00815,0.00876,12.2,0.00927,0.00907,0.0367,0.0367,0.242,0.0103,28.5,13.0,34,9,800,10.9,11.3,0.0267,11.0,10.6,10.0,10.1,10.8,10.1,12.0,22.6,7.9,16.5,180.0,0.0,9.11,16.7,16.5
61.2,63.6,58.8,40.7,42.0,39.4,40.2,43.0,37.4,39.0,37.0,41.0,0.0106,0.0388,0.00838,0.00882,12.3,0.00927,0.00848,0.0365,0.0366,0.242,0.0102,26.5,12.0,41,10,800,10.1,11.1,0.0266,11.8,10.7,11.1,9.9,10.3,9.1,11.4,24.9,7.6,13.8,173.0,9.23,11.0,21.0,20.1
62.6,62.2,63.0,42.1,45.2,39.0,41.4,43.2,39.6,37.2,39.4,35.0,0.0115,0.0387,0.00882,0.00835,12.5,0.0101,0.00901,0.0363,0.0368,0.241,0.0103,24.9,12.0,38,12,800,9.7,11.4,0.0266,11.1,11.7,11.5,10.8,10.6,10.5,12.3,24.4,8.0,13.6,175.0,11.0,5.71,24.7,12.1
58.3,60.2,56.4,43.3,48.8,37.8,42.6,44.4,40.8,40.8,39.4,42.2,0.0106,0.0387,0.0083,0.00872,12.6,0.0101,0.00901,0.0365,0.0369,0.241,0.0102,23.3,12.0,32,10,800,9.9,11.6,0.0262,11.4,12.8,13.0,9.9,11.0,11.3,12.6,23.4,7.8,14.0,177.0,12.7,5.68,10.8,11.8
58.4,59.2,57.6,39.8,35.4,44.2,39.2,43.6,34.8,38.9,36.2,41.6,0.0117,0.0391,0.00883,0.00889,12.8,0.0111,0.00844,0.0365,0.0365,0.243,0.0101,22.2,11.0,34,9,800,10.6,10.2,0.0257,11.6,11.1,12.7,10.7,11.9,12.1,11.2,23.0,6.7,13.5,175.0,4.92,5.64,10.2,9.59
60.6,61.6,59.6,40.8,36.6,45.0,41.3,45.8,36.8,40.2,38.4,42.0,0.0107,0.0392,0.00819,0.00893,13.1,0.00943,0.00832,0.0365,0.0369,0.239,0.0103,21.8,11.0,42,9,800,10.0,9.6,0.026,9.6,10.5,9.9,12.7,13.2,12.7,10.3,22.1,5.9,14.4,169.0,4.13,4.47,10.0,11.3
58.4,61.0,55.8,43.6,44.8,42.4,41.8,36.8,46.8,41.0,41.8,40.2,0.0116,0.0394,0.00852,0.00859,13.3,0.0103,0.00885,0.0364,0.0368,0.24,0.00982,20.8,10.0,41,9,800,9.3,11.5,0.0265,9.3,10.8,11.3,12.3,11.7,11.8,12.4,23.0,7.4,15.9,177.0,4.41,4.24,10.9,10.1
61.9,59.2,64.6,38.4,42.6,34.2,41.2,44.8,37.6,38.3,35.8,40.8,0.0116,0.0389,0.00691,0.00791,13.4,0.0104,0.00866,0.0364,0.0369,0.246,0.0102,20.3,10.0,35,9,800,10.8,10.5,0.0269,10.9,11.3,12.3,11.9,8.8,10.1,12.4,24.2,8.0,16.9,182.0,3.88,5.23,10.7,12.0
61.2,62.4,60.0,42.3,45.8,38.8,39.4,41.4,37.4,40.8,40.0,41.6,0.0107,0.0391,0.00827,0.00942,13.7,0.0104,0.00825,0.0365,0.0368,0.243,0.00942,20.3,10.0,59,10,800,10.6,11.0,0.026,10.9,11.1,11.0,9.9,9.9,10.4,11.3,23.4,7.8,16.9,178.0,5.04,6.32,10.3,11.6
61.8,60.6,63.0,43.2,40.4,46.0,43.8,40.4,47.2,38.1,40.8,35.4,0.0107,0.039,0.00785,0.00942,13.5,0.00947,0.00864,0.0365,0.037,0.246,0.00973,19.8,10.0,49,11,800,9.2,12.7,0.0264,10.0,10.3,11.9,10.1,11.9,9.9,10.7,21.3,7.4,15.0,175.0,4.38,6.58,9.99,10.9
55.3,55.0,55.6,42.3,39.8,44.8,41.2,42.0,40.4,41.0,40.2,41.8,0.0145,0.0389,0.0109,0.00921,13.8,0.0106,0.00891,0.0362,0.0369,0.245,0.00987,19.4,10.0,33,9,800,10.6,11.4,0.0274,11.3,10.4,10.5,11.4,11.7,11.6,11.1,19.6,6.6,15.2,171.0,4.48,5.71,11.0,11.1
64.3,63.4,65.2,43.7,40.4,47.0,41.6,40.0,43.2,39.1,36.2,42.0,0.0136,0.039,0.0103,0.00999,14.1,0.00946,0.00832,0.0364,0.0369,0.249,0.00978,19.2,10.0,41,9,800,12.4,11.5,0.027,11.8,9.3,9.5,10.3,12.1,12.5,11.5,20.3,7.2,15.5,174.0,4.06,5.71,12.1,11.5
60.3,58.4,62.2,40.4,39.0,41.8,39.2,37.4,41.0,39.5,34.6,44.4,0.0136,0.0391,0.0108,0.0096,14.5,0.00971,0.00893,0.036,0.0369,0.248,0.0109,18.8,10.0,40,10,800,12.3,11.2,0.0276,11.1,10.1,9.9,11.2,11.2,11.4,9.9,22.5,7.2,14.7,173.0,4.4,6.32,11.9,11.0
60.6,60.4,60.8,42.5,49.6,35.4,42.9,45.2,40.6,40.9,41.0,40.8,0.0128,0.0393,0.0104,0.0101,15.3,0.00971,0.00973,0.0359,0.0372,0.247,0.0105,18.5,10.0,34,9,800,12.0,11.3,0.0275,11.4,11.1,9.0,10.3,10.8,11.5,10.7,23.8,7.9,14.0,175.0,4.2,6.87,11.4,10.7
64.1,63.4,64.8,42.2,43.2,41.2,41.2,40.2,42.2,38.0,39.8,36.2,0.0148,0.0394,0.0104,0.00959,16.1,0.0107,0.00986,0.036,0.0373,0.251,0.0106,18.2,10.0,34,10,800,11.5,11.5,0.0274,10.2,11.1,10.2,9.7,11.3,10.7,11.7,22.7,7.6,14.4,175.0,4.87,6.94,10.3,10.3
61.0,59.4,62.6,43.2,51.2,35.2,40.1,43.4,36.8,40.1,44.6,35.6,0.0148,0.0395,0.0105,0.00949,16.9,0.0107,0.00932,0.0358,0.0373,0.254,0.0105,18.1,10.0,35,10,800,10.5,12.1,0.0277,9.4,11.4,11.7,11.3,11.5,10.3,11.4,21.1,7.1,16.0,176.0,5.21,5.45,11.4,10.7
62.6,63.4,61.8,41.5,40.2,42.8,43.8,46.4,41.2,43.9,47.6,40.2,0.0142,0.0387,0.0111,0.00904,14.9,0.0112,0.00761,0.0369,0.0372,0.249,0.0101,282.0,120.0,1.10 K,490,1 K,12.5,12.2,0.0274,12.6,14.7,14.0,11.7,13.3,11.5,11.2,24.5,8.1,14.6,221.0,8.11,0.032,18.5,19.6
61.6,63.8,59.4,40.8,45.0,36.6,43.7,49.0,38.4,41.1,40.6,41.6,0.0131,0.0386,0.0108,0.00948,15.0,0.0102,0.00707,0.0371,0.0374,0.25,0.00986,239.0,96.0,890,110,1 K,11.6,13.9,0.028,12.3,14.6,14.7,12.6,16.0,13.4,10.9,27.8,10.8,16.2,219.0,9.11,0.0,23.0,12.7
61.7,62.0,61.4,42.8,44.2,41.4,44.9,47.8,42.0,44.5,47.0,42.0,0.0146,0.0386,0.0113,0.009,15.5,0.0112,0.00758,0.037,0.0371,0.252,0.0136,217.0,86.0,390,27,1 K,12.9,13.8,0.0281,12.8,14.7,13.3,12.5,15.9,13.4,13.2,30.1,10.3,17.3,217.0,10.8,0.0,26.5,12.3
62.1,59.6,64.6,41.3,38.0,44.6,43.1,42.0,44.2,42.5,37.4,47.6,0.0137,0.0386,0.0109,0.00942,15.8,0.0113,0.00755,0.0371,0.0373,0.251,0.0136,203.0,88.0,380,67,1 K,13.6,13.5,0.0272,13.8,16.0,12.7,12.5,12.1,13.5,15.5,31.0,9.5,18.8,219.0,4.39,0.0,12.1,11.0
60.6,59.6,61.6,41.5,38.8,44.2,46.7,45.2,48.2,42.7,42.0,43.4,0.0147,0.0388,0.0113,0.00951,15.9,0.0105,0.00717,0.0374,0.0369,0.246,0.0137,186.0,83.0,190,63,1 K,12.3,14.3,0.0276,14.6,15.2,12.4,13.1,12.6,15.3,14.0,31.9,10.4,18.3,221.0,4.81,0.0,11.9,12.5
61.4,62.0,60.8,42.3,37.0,47.6,43.6,43.0,44.2,41.8,44.0,39.6,0.0147,0.0388,0.00992,0.00837,16.2,0.0105,0.0071,0.0378,0.0371,0.246,0.0137,171.0,74.0,180,33,1 K,12.6,12.5,0.0276,14.6,13.4,14.4,12.9,14.0,14.7,12.6,31.0,9.8,19.9,220.0,5.16,0.0,13.0,13.4
60.5,61.0,60.0,42.6,40.4,44.8,43.5,46.2,40.8,43.9,47.8,40.0,0.0147,0.0387,0.0102,0.0079,16.6,0.0121,0.00721,0.038,0.037,0.248,0.0138,157.0,61.0,130,17,1 K,14.0,12.8,0.0273,13.6,16.3,13.3,12.0,13.9,11.6,13.1,29.6,9.8,20.3,220.0,5.16,0.0,12.4,12.8
58.8,60.0,57.6,43.0,44.4,41.6,44.6,44.4,44.8,39.6,42.6,36.6,0.0108,0.0388,0.00897,0.00978,16.8,0.0109,0.00694,0.0381,0.0371,0.248,0.0137,147.0,50.0,140,15,1 K,14.1,14.8,0.0271,13.2,17.9,12.2,13.3,13.5,11.6,13.6,28.4,10.5,16.9,219.0,4.73,0.0,13.9,11.6
58.0,55.0,61.0,42.1,42.0,42.2,42.4,36.4,48.4,46.8,45.0,48.6,0.0108,0.0389,0.00961,0.00899,16.8,0.0119,0.00808,0.0379,0.0369,0.248,0.0141,142.0,44.0,340,15,1 K,13.0,14.7,0.0272,13.5,15.9,13.1,13.5,15.2,13.1,13.5,27.0,9.1,15.8,214.0,4.36,0.0,12.8,12.4
60.6,57.8,63.4,39.6,46.2,33.0,44.3,45.8,42.8,40.8,43.6,38.0,0.0118,0.0388,0.00889,0.0089,16.7,0.0109,0.00746,0.0383,0.0371,0.249,0.0128,146.0,48.0,400,84,1 K,12.3,15.1,0.027,13.5,16.6,13.5,14.5,15.1,13.6,13.6,28.8,8.9,15.7,218.0,5.17,0.0,13.9,11.7
60.9,61.6,60.2,43.0,44.0,42.0,42.6,44.4,40.8,41.4,38.6,44.2,0.0127,0.0388,0.00985,0.00891,17.1,0.0119,0.00665,0.0384,0.0369,0.248,0.0134,145.0,46.0,370,51,1 K,12.3,13.3,0.0269,13.3,14.5,13.7,14.4,12.5,13.9,13.3,28.0,9.6,16.6,213.0,5.13,0.0,11.8,12.6
59.6,59.4,59.8,41.7,38.4,45.0,43.0,48.6,37.4,42.1,45.0,39.2,0.0107,0.0386,0.00996,0.00876,17.2,0.0109,0.00653,0.0385,0.0369,0.245,0.0133,141.0,44.0,340,28,1 K,12.8,13.7,0.0269,13.5,14.1,13.3,13.1,13.4,13.4,13.3,26.6,7.9,19.0,212.0,5.08,0.0,12.2,11.6
59.1,58.8,59.4,41.9,42.0,41.8,44.5,51.6,37.4,42.3,44.8,39.8,0.0117,0.0384,0.00998,0.00942,17.6,0.0109,0.00653,0.0387,0.0369,0.244,0.0136,135.0,40.0,200,18,1 K,12.2,15.9,0.0263,12.9,14.6,12.6,13.3,13.6,13.4,14.8,27.4,8.7,18.3,215.0,4.24,0.0,12.4,14.3
60.8,59.0,62.6,40.8,43.0,38.6,44.7,42.4,47.0,44.2,40.2,48.2,0.0117,0.0386,0.00949,0.00951,18.4,0.0109,0.00661,0.0385,0.0366,0.248,0.0139,130.0,38.0,180,24,1 K,12.7,14.0,0.0268,13.2,15.0,13.9,11.8,13.3,12.2,15.9,29.0,11.3,19.0,218.0,4.91,0.0,13.3,12.3
61.5,62.4,60.6,44.7,44.8,44.6,41.0,38.2,43.8,42.4,42.0,42.8,0.0117,0.0389,0.00995,0.0091,19.3,0.011,0.0071,0.0386,0.0369,0.249,0.0138,125.0,36.0,170,20,1 K,12.4,12.7,0.0269,13.9,15.6,14.2,13.2,13.1,11.7,15.2,28.6,10.1,22.1,219.0,5.31,0.0,12.8,10.8
60.3,60.2,60.4,40.7,42.8,38.6,45.8,46.8,44.8,41.7,39.4,44.0,0.0108,0.039,0.00954,0.00953,20.3,0.011,0.00653,0.0387,0.0369,0.251,0.0136,122.0,36.0,140,22,1 K,12.4,12.8,0.0262,15.5,13.0,13.3,14.1,14.0,12.1,13.6,28.4,8.5,21.7,215.0,5.13,0.0,12.1,12.2
60.4,59.2,61.6,40.9,44.2,37.6,39.5,39.2,39.8,41.8,38.6,45.0,0.0107,0.0381,0.00815,0.00933,8.27,0.0107,0.00715,0.0374,0.0379,0.245,0.00978,12.7,8.0,43,8,600,7.29,9.0,0.0279,7.14,7.86,6.71,9.43,7.29,8.57,7.71,17.3,6.0,10.6,207.0,3.07,3.52,0.0,0.0
50.8,50.2,51.4,39.9,36.0,43.8,37.6,36.8,38.4,33.7,31.8,35.6,0.0107,0.0383,0.00799,0.00898,8.4,0.0116,0.00761,0.0372,0.0378,0.245,0.0105,12.4,8.0,46,8,600,9.1,9.3,0.0271,7.8,9.3,9.1,8.9,6.8,8.2,8.6,17.0,5.7,10.7,179.0,3.95,4.77,0.0,0.0
55.4,54.6,56.2,39.6,35.2,44.0,37.8,35.2,40.4,36.8,43.0,30.6,0.0108,0.0386,0.00801,0.0094,8.64,0.0116,0.00692,0.037,0.0378,0.244,0.0103,12.5,8.0,31,8,600,8.2,8.5,0.0272,6.7,8.4,9.7,8.1,7.1,7.5,9.3,15.8,4.0,12.7,133.0,5.74,6.4,9.77,0.0
54.9,52.4,57.4,42.4,48.0,36.8,36.6,37.8,35.4,33.9,38.2,29.6,0.0117,0.0387,0.00888,0.00889,8.76,0.0116,0.00746,0.0371,0.0377,0.242,0.0104,12.4,8.0,32,8,600,7.9,9.7,0.0278,6.0,7.9,8.0,9.0,9.4,7.4,9.8,17.4,5.0,13.6,136.0,3.6,4.77,13.2,13.8
51.8,51.2,52.4,39.8,41.2,38.4,35.9,39.4,32.4,39.2,42.0,36.4,0.0117,0.0387,0.00836,0.00943,9.02,0.0108,0.00733,0.0369,0.038,0.244,0.0101,12.3,8.0,32,8,600,9.5,9.8,0.0277,7.9,8.6,7.9,9.2,8.5,6.5,9.1,16.9,5.5,11.2,132.0,3.61,4.52,15.7,16.3
54.8,56.6,53.0,40.3,41.4,39.2,38.7,36.8,40.6,33.2,31.4,35.0,0.0117,0.0388,0.00904,0.00895,9.2,0.0116,0.00696,0.0372,0.0377,0.246,0.0103,12.4,8.0,34,8,600,8.4,8.1,0.0276,9.5,8.6,9.4,10.5,7.6,7.5,6.9,15.8,4.7,11.2,128.0,2.71,4.75,9.14,19.9
51.3,53.2,49.4,41.8,41.8,41.8,36.5,36.4,36.6,36.2,36.0,36.4,0.0108,0.0388,0.00847,0.00897,9.42,0.0106,0.00692,0.0372,0.0377,0.246,0.0102,12.5,8.0,35,8,600,7.3,7.7,0.0274,8.8,8.8,8.3,9.4,9.5,8.9,7.1,17.1,6.0,10.6,131.0,2.56,3.87,7.78,8.27
53.7,52.6,54.8,40.0,35.6,44.4,38.7,41.8,35.6,33.3,32.6,34.0,0.0118,0.0382,0.00873,0.00965,9.37,0.0104,0.00807,0.0369,0.0378,0.245,0.0103,12.3,8.0,32,8,600,7.8,8.5,0.0276,9.0,8.7,8.2,8.5,8.3,8.2,9.1,17.4,6.2,10.1,133.0,3.57,4.72,7.83,9.24
52.2,51.0,53.4,41.2,44.6,37.8,36.5,33.0,40.0,37.7,36.8,38.6,0.011,0.0382,0.0087,0.00904,9.58,0.0104,0.00739,0.037,0.038,0.245,0.0102,12.2,8.0,28,8,600,9.3,9.5,0.0275,8.5,9.0,7.9,8.3,8.0,6.6,7.9,17.2,5.8,10.8,133.0,4.21,3.74,7.27,7.04
54.3,53.2,55.4,41.5,46.2,36.8,35.4,37.0,33.8,34.8,37.2,32.4,0.0124,0.0381,0.00902,0.00947,9.82,0.0104,0.00658,0.0371,0.0378,0.244,0.0101,12.2,8.0,28,8,600,9.2,8.8,0.0276,7.7,9.2,8.0,7.7,8.0,6.8,8.1,18.1,6.0,9.2,132.0,4.23,4.49,8.5,7.56
54.6,54.2,55.0,39.0,36.8,41.2,36.3,36.2,36.4,35.7,37.0,34.4,0.0114,0.0382,0.00849,0.00951,10.0,0.0109,0.00654,0.0368,0.0379,0.244,0.00966,12.1,8.0,30,8,600,7.6,8.0,0.0275,7.6,8.5,9.2,8.4,8.4,7.7,8.4,17.1,5.8,9.2,130.0,3.91,4.09,9.11,6.67
55.0,56.8,53.2,40.0,44.0,36.0,39.1,37.0,41.2,36.0,37.0,35.0,0.0114,0.0382,0.00908,0.00899,10.1,0.0118,0.00665,0.0369,0.0377,0.246,0.00981,12.1,8.0,32,8,600,7.9,7.5,0.0269,8.1,7.5,9.1,8.3,11.0,8.8,8.1,17.4,6.0,10.3,131.0,3.06,5.09,8.28,9.07
55.5,56.0,55.0,41.2,45.6,36.8,35.4,35.6,35.2,34.0,36.6,31.4,0.0107,0.0383,0.00868,0.00945,10.3,0.0109,0.00655,0.0367,0.0377,0.246,0.00955,12.1,8.0,29,8,600,8.1,6.7,0.0275,8.4,9.4,7.7,8.7,8.9,10.2,7.8,18.7,6.1,11.7,132.0,3.0,5.27,8.48,8.93
54.7,56.6,52.8,40.5,38.6,42.4,37.9,36.8,39.0,34.0,37.6,30.4,0.0116,0.0384,0.00883,0.00924,10.6,0.0109,0.00712,0.0366,0.0377,0.246,0.0098,12.1,8.0,32,8,600,7.8,6.6,0.0274,8.6,9.6,7.3,9.1,7.3,9.9,7.1,17.4,5.7,12.3,128.0,3.15,5.7,7.21,9.49
56.3,58.4,54.2,40.3,36.4,44.2,37.6,40.2,35.0,36.1,39.2,33.0,0.0106,0.0383,0.00818,0.00974,10.8,0.0109,0.00701,0.0366,0.0378,0.245,0.00972,12.1,8.0,34,9,600,8.0,7.2,0.0274,9.0,6.8,8.5,8.6,8.1,9.0,9.0,16.8,6.0,11.4,131.0,3.47,4.88,8.87,7.7
55.4,55.6,55.2,43.0,46.6,39.4,38.0,33.8,42.2,33.4,30.6,36.2,0.0115,0.0382,0.00867,0.00926,11.0,0.00947,0.00705,0.0368,0.0377,0.246,0.00983,12.1,8.0,28,9,600,7.3,8.1,0.0273,7.8,6.9,8.1,9.1,8.3,8.1,8.1,16.8,6.0,12.7,131.0,4.46,5.4,8.27,7.93
55.0,52.8,57.2,40.9,39.2,42.6,38.0,39.2,36.8,39.3,34.0,44.6,0.0115,0.0384,0.00826,0.00897,11.6,0.00947,0.00645,0.0366,0.0378,0.244,0.0107,12.1,8.0,28,9,600,7.9,8.5,0.0267,7.0,7.5,8.0,9.0,8.8,7.2,7.1,15.7,5.1,12.2,129.0,3.68,4.8,8.97,7.34
52.6,50.6,54.6,41.1,36.2,46.0,37.1,37.2,37.0,33.4,33.0,33.8,0.0106,0.0381,0.00879,0.0088,12.3,0.0104,0.00707,0.0367,0.0375,0.246,0.0104,12.0,8.0,28,8,600,8.5,7.6,0.0275,9.0,8.2,8.0,8.2,8.6,7.4,8.5,16.9,5.4,11.2,131.0,4.26,4.7,8.93,7.91
54.7,52.6,56.8,39.8,37.2,42.4,37.1,39.2,35.0,35.7,40.0,31.4,0.0105,0.0382,0.00822,0.00946,12.8,0.0104,0.00657,0.0368,0.0375,0.248,0.0102,12.0,8.0,29,8,600,8.3,7.6,0.0275,8.5,8.7,7.8,8.0,7.8,8.1,9.2,17.5,5.1,12.2,130.0,3.42,3.84,8.85,8.9
61.7,58.6,64.8,41.4,40.6,42.2,42.7,42.6,42.8,38.4,35.8,41.0,0.0102,0.0384,0.00825,0.00923,11.6,0.0103,0.00812,0.0369,0.0368,0.243,0.0097,49.8,17.0,230,28,800,11.9,9.6,0.0267,12.4,9.0,10.5,12.1,10.7,9.6,10.6,24.5,9.1,12.0,208.0,6.64,0.0,13.1,0.0
60.7,62.2,59.2,40.6,40.8,40.4,39.7,39.6,39.8,38.5,33.6,43.4,0.0102,0.0382,0.00878,0.00928,11.8,0.0111,0.0082,0.0369,0.0368,0.244,0.00984,42.2,14.0,32,9,800,11.8,11.1,0.0266,12.4,10.3,11.9,10.4,13.3,10.1,11.5,23.8,9.3,14.5,187.0,4.74,9.13,11.7,0.0
60.8,61.6,60.0,40.7,42.8,38.6,41.9,38.6,45.2,40.7,38.4,43.0,0.0102,0.0386,0.0084,0.00929,12.3,0.0101,0.00705,0.0373,0.0365,0.245,0.00969,38.1,13.0,36,9,800,11.0,11.6,0.027,11.8,12.9,11.9,10.7,13.8,10.4,9.1,24.0,9.2,14.4,178.0,4.43,11.1,11.3,21.0
61.4,59.0,63.8,44.0,43.2,44.8,42.0,42.4,41.6,40.5,41.2,39.8,0.0115,0.0387,0.00873,0.00945,12.5,0.0109,0.00752,0.0372,0.0365,0.244,0.0104,34.9,13.0,41,10,800,9.5,11.5,0.0267,11.7,13.6,10.4,12.6,10.8,11.7,7.9,21.2,6.9,13.9,172.0,4.29,13.0,11.7,25.2
60.5,60.4,60.6,41.6,38.4,44.8,39.8,35.0,44.6,39.3,38.0,40.6,0.0101,0.0386,0.00825,0.00955,12.5,0.0121,0.00701,0.0371,0.0364,0.246,0.00993,32.1,12.0,36,10,800,9.2,12.3,0.0266,11.1,12.3,11.0,10.9,10.3,12.0,10.0,19.5,6.7,16.0,171.0,3.92,5.6,10.5,28.1
62.4,64.2,60.6,40.9,40.2,41.6,41.4,44.8,38.0,37.1,34.6,39.6,0.011,0.0387,0.00875,0.00911,12.7,0.0108,0.00748,0.0374,0.0363,0.246,0.0104,31.7,12.0,97,11,800,10.5,11.5,0.0274,10.7,11.5,12.2,10.0,10.4,10.1,10.1,20.1,7.4,17.4,170.0,4.12,5.37,10.2,10.9
59.8,62.4,57.2,39.9,44.0,35.8,41.7,44.2,39.2,39.6,42.4,36.8,0.011,0.0392,0.00827,0.00959,13.0,0.0109,0.00687,0.0375,0.0362,0.247,0.0103,29.7,12.0,96,11,800,11.6,10.6,0.0276,11.5,11.1,12.4,11.8,10.3,8.1,9.8,20.8,7.4,15.8,169.0,4.17,5.86,10.9,10.4
63.8,59.8,67.8,43.0,41.8,44.2,39.9,34.2,45.6,39.2,43.0,35.4,0.011,0.0391,0.00866,0.00919,13.3,0.0109,0.00745,0.0374,0.0361,0.248,0.0104,28.3,11.0,32,10,800,10.9,10.8,0.0269,12.3,10.2,11.2,11.4,11.9,9.2,9.9,23.2,7.7,16.2,174.0,5.3,6.0,11.0,11.2
61.4,60.4,62.4,41.9,39.6,44.2,42.3,38.4,46.2,43.9,40.2,47.6,0.0101,0.039,0.00855,0.00947,13.3,0.0101,0.00739,0.0377,0.0361,0.248,0.0101,27.2,11.0,39,10,800,9.8,11.1,0.0274,10.5,10.4,10.9,9.3,12.1,11.0,9.9,23.5,7.5,17.4,175.0,4.74,6.14,10.6,11.9
58.6,57.8,59.4,38.9,37.2,40.6,41.2,39.8,42.6,36.9,38.4,35.4,0.0111,0.0393,0.00901,0.00897,13.4,0.0109,0.00713,0.0377,0.036,0.248,0.0102,26.2,11.0,39,10,800,10.9,10.6,0.0266,9.5,11.4,11.8,9.5,10.6,10.4,9.9,21.6,6.6,15.1,174.0,4.82,5.66,9.35,11.8
61.7,62.2,61.2,42.6,42.0,43.2,42.2,43.0,41.4,38.8,38.2,39.4,0.0102,0.0395,0.00863,0.00945,13.7,0.00994,0.00709,0.0378,0.036,0.249,0.01,25.8,11.0,52,11,800,11.1,10.6,0.0273,9.6,10.1,10.9,10.4,9.3,10.7,9.9,18.6,5.3,15.3,168.0,3.71,5.66,11.0,12.1
59.2,57.4,61.0,40.6,37.4,43.8,42.0,46.4,37.6,39.5,43.0,36.0,0.0102,0.0391,0.00889,0.00953,14.0,0.0109,0.00773,0.0376,0.0358,0.249,0.00914,25.3,11.0,86,11,800,10.9,10.3,0.0274,10.4,9.8,9.9,10.1,9.7,11.8,10.8,21.8,7.1,17.6,173.0,5.17,5.63,10.3,11.4
60.1,59.2,61.0,41.5,39.0,44.0,41.9,41.0,42.8,39.6,34.2,45.0,0.0102,0.0396,0.00847,0.00917,14.2,0.00998,0.00711,0.0377,0.0361,0.249,0.0094,24.5,11.0,43,9,800,12.1,9.5,0.0267,9.9,11.5,9.4,10.7,10.0,11.3,10.1,23.4,8.9,17.1,175.0,4.4,5.4,12.1,10.9
59.3,59.4,59.2,43.1,47.0,39.2,40.7,42.4,39.0,37.6,41.6,33.6,0.0111,0.0397,0.00904,0.00883,14.3,0.00998,0.00772,0.0377,0.0358,0.25,0.00961,23.8,10.0,32,9,800,12.0,9.5,0.0267,9.5,11.9,11.1,10.8,8.6,11.2,11.1,20.3,7.7,15.5,171.0,5.11,5.39,10.1,9.95
59.2,63.4,55.0,39.1,37.0,41.2,40.8,45.2,36.4,41.7,43.8,39.6,0.0103,0.0397,0.0085,0.00969,15.0,0.00998,0.00713,0.0381,0.036,0.251,0.00935,23.1,10.0,31,9,800,10.0,10.7,0.0272,9.9,12.9,11.0,11.5,9.2,10.5,10.6,20.8,6.8,13.7,170.0,3.55,5.89,11.7,10.6
61.9,66.8,57.0,42.3,38.6,46.0,41.2,42.2,40.2,38.9,40.6,37.2,0.0112,0.0396,0.00893,0.00821,15.9,0.01,0.00775,0.0381,0.036,0.253,0.01,22.6,10.0,31,9,800,9.4,11.1,0.0263,10.3,13.0,11.2,11.9,10.1,11.4,8.5,23.3,7.2,15.4,173.0,4.07,6.21,10.2,11.1
60.2,59.6,60.8,42.1,41.0,43.2,41.7,42.6,40.8,39.8,39.4,40.2,0.0104,0.0397,0.00829,0.00998,16.7,0.01,0.0078,0.0382,0.0361,0.253,0.00957,22.1,10.0,31,9,800,8.1,11.1,0.0264,11.4,12.0,12.3,10.4,10.3,12.2,10.6,23.0,7.3,18.0,176.0,4.0,6.13,10.8,11.8
57.6,57.4,57.8,40.7,40.0,41.4,43.0,42.2,43.8,40.1,42.6,37.6,0.0177,0.0378,0.0108,0.00864,14.2,0.0111,0.00739,0.0377,0.0355,0.25,0.00999,111.0,32.0,420,150,1 K,11.8,12.3,0.0273,13.0,12.6,12.2,13.4,12.5,12.2,12.4,23.8,8.9,19.1,253.0,5.65,0.0,0.0,0.0
54.4,53.8,55.0,42.1,44.2,40.0,44.0,43.0,45.0,41.3,45.8,36.8,0.0187,0.0376,0.0112,0.00811,14.4,0.00989,0.0079,0.0378,0.0354,0.249,0.0101,90.4,21.0,420,13,1 K,13.2,13.6,0.0274,13.5,13.0,14.5,14.6,13.0,13.2,13.1,27.4,11.2,21.5,237.0,7.43,0.0,18.5,18.4
52.7,51.4,54.0,41.0,37.4,44.6,44.5,44.0,45.0,44.3,48.2,40.4,0.0178,0.0374,0.0108,0.00869,14.4,0.0107,0.00743,0.0376,0.0351,0.248,0.00995,77.0,17.0,31,9,1 K,15.1,12.9,0.0265,12.6,12.6,13.5,14.7,11.5,11.8,12.7,27.3,10.0,20.1,216.0,4.46,0.0295,23.2,23.3
53.8,53.4,54.2,43.0,47.6,38.4,44.4,52.6,36.2,41.4,43.0,39.8,0.0178,0.0371,0.0112,0.0087,14.3,0.00974,0.00795,0.0376,0.0354,0.249,0.01,67.0,14.0,30,9,1 K,14.1,12.6,0.027,13.5,14.0,13.9,13.8,13.5,12.6,13.3,28.1,9.1,19.6,218.0,5.3,0.0295,26.7,27.1
54.6,54.0,55.2,41.2,39.6,42.8,43.6,44.6,42.6,43.1,40.2,46.0,0.0178,0.0369,0.011,0.00903,14.4,0.0105,0.00737,0.0376,0.0353,0.249,0.00991,60.3,14.0,36,10,1 K,11.9,13.1,0.027,14.9,14.8,12.6,13.8,13.2,14.1,12.6,29.6,8.8,18.4,218.0,5.22,0.0295,12.2,11.6
54.8,53.4,56.2,46.3,48.2,44.4,43.8,44.0,43.6,43.1,43.0,43.2,0.0188,0.0367,0.0112,0.00868,14.5,0.0105,0.0075,0.0376,0.0351,0.252,0.0102,55.0,13.0,41,11,1 K,13.2,14.9,0.0265,14.5,11.5,13.7,14.7,12.2,13.9,13.0,29.4,8.7,19.9,219.0,4.94,0.0,12.6,12.0
52.9,52.2,53.6,40.4,41.8,39.0,45.5,42.4,48.6,44.9,47.8,42.0,0.0179,0.0364,0.0109,0.00859,14.6,0.00967,0.00728,0.0375,0.035,0.248,0.01,50.6,13.0,37,10,1 K,14.0,14.0,0.0274,13.5,11.1,16.4,13.7,13.8,15.5,13.6,28.9,8.7,20.8,220.0,5.45,0.0,11.8,12.3
53.5,52.4,54.6,43.4,46.0,40.8,43.1,46.4,39.8,40.8,40.2,41.4,0.0179,0.0362,0.0113,0.00863,14.6,0.00967,0.00784,0.0373,0.0348,0.247,0.0108,47.2,12.0,36,9,1 K,12.9,14.5,0.0268,13.3,12.2,14.1,14.0,14.2,14.9,11.3,27.7,9.2,20.0,216.0,5.4,0.0,11.7,13.7
53.2,52.2,54.2,42.1,35.6,48.6,46.3,48.6,44.0,42.2,42.6,41.8,0.0188,0.036,0.011,0.00855,14.3,0.00874,0.00721,0.0374,0.035,0.249,0.0107,44.3,12.0,37,9,1 K,12.7,16.3,0.0273,14.5,13.0,12.0,14.2,15.8,14.2,11.9,26.2,9.2,19.0,216.0,4.87,0.0,11.4,11.8
54.9,53.8,56.0,43.1,43.4,42.8,42.9,45.4,40.4,42.5,41.4,43.6,0.0197,0.036,0.0115,0.00883,14.3,0.0107,0.00796,0.0375,0.035,0.252,0.0108,43.1,12.0,85,11,1 K,11.3,15.5,0.0274,14.9,13.6,11.7,13.7,14.8,14.1,14.3,24.3,7.6,17.3,212.0,4.39,0.0,13.2,12.9
54.4,52.4,56.4,42.2,40.6,43.8,46.5,44.6,48.4,43.8,49.6,38.0,0.0179,0.0359,0.0112,0.00887,14.7,0.0098,0.00735,0.0374,0.0347,0.249,0.0106,40.9,11.0,83,12,1 K,12.8,15.4,0.0273,13.7,13.3,13.6,13.3,13.6,14.7,14.8,24.5,8.5,19.2,217.0,4.5,0.0,13.9,11.6
54.1,53.8,54.4,43.3,37.2,49.4,42.6,44.6,40.6,41.5,43.8,39.2,0.0189,0.0357,0.0116,0.00813,14.7,0.0105,0.00788,0.0369,0.0348,0.251,0.0109,39.0,11.0,35,10,1 K,13.9,14.6,0.0274,13.7,12.9,14.8,13.3,14.1,14.6,15.3,28.2,10.0,20.4,224.0,5.26,0.0,13.6,13.2
54.6,54.8,54.4,41.4,36.8,46.0,45.6,43.0,48.2,42.8,41.6,44.0,0.018,0.0359,0.0111,0.00883,14.8,0.00968,0.00857,0.0368,0.0348,0.251,0.01,37.5,11.0,38,9,1 K,12.9,13.7,0.0276,13.5,13.4,13.0,13.5,14.0,13.0,14.0,27.2,8.7,18.5,213.0,5.23,0.0,13.6,12.5
52.5,51.2,53.8,42.8,40.0,45.6,46.4,44.0,48.8,41.7,47.2,36.2,0.018,0.0359,0.0111,0.00712,14.7,0.0104,0.00798,0.037,0.0346,0.253,0.0105,35.9,11.0,37,8,1 K,14.1,14.4,0.0276,15.0,13.5,14.3,13.0,14.3,13.3,14.0,28.5,9.4,18.0,220.0,5.69,0.0,12.9,13.6
52.9,54.0,51.8,41.2,40.0,42.4,45.2,42.4,48.0,45.3,46.0,44.6,0.0179,0.0356,0.0116,0.00858,15.3,0.00943,0.00771,0.0372,0.0345,0.254,0.0104,34.5,10.0,33,8,1 K,15.9,13.5,0.0266,13.8,14.1,14.2,12.9,13.1,13.5,14.4,30.9,10.5,20.4,225.0,5.61,0.0,11.6,13.1
41.1,43.0,39.2,41.4,42.4,40.4,36.0,44.2,27.8,36.6,41.8,31.4,0.0115,0.0358,0.0092,0.00811,15.9,0.00952,0.00704,0.0371,0.0346,0.254,0.00984,63.4,11.0,4.30 K,11,1 K,11.0,10.6,0.0271,8.5,11.6,9.1,9.3,9.4,10.0,8.9,20.8,7.3,16.1,159.0,5.39,0.0,12.5,12.7
55.7,55.8,55.6,41.6,41.8,41.4,47.4,50.2,44.6,43.1,39.8,46.4,0.0115,0.0361,0.00778,0.00841,16.6,0.00952,0.007,0.0372,0.0347,0.254,0.0103,185.0,11.0,4.30 K,1.80 K,1 K,10.8,11.3,0.0265,10.3,11.3,9.6,10.8,11.1,10.7,8.9,20.7,4.1,15.3,163.0,4.88,0.0,11.6,12.5
56.4,55.8,57.0,40.4,42.4,38.4,40.5,32.6,48.4,37.7,41.2,34.2,0.0103,0.0355,0.00847,0.00781,6.56,0.00883,0.0079,0.0373,0.0358,0.236,0.00993,11.1,8.0,28,8,600,8.86,9.71,0.0273,6.71,6.43,9.0,8.86,6.86,7.14,7.14,16.7,5.57,9.29,205.0,2.33,0.0,0.0,5.08
50.1,53.4,46.8,40.7,40.2,41.2,36.3,34.2,38.4,38.3,39.6,37.0,0.0112,0.0353,0.00915,0.00752,6.72,0.00952,0.00798,0.0372,0.0358,0.236,0.0101,10.7,8.0,27,8,600,9.0,9.4,0.028,8.0,7.3,8.9,9.2,7.3,8.6,7.6,16.7,5.2,11.4,181.0,4.07,5.06,8.4,7.95
50.6,50.8,50.4,39.0,43.4,34.6,35.9,35.8,36.0,38.1,40.8,35.4,0.0104,0.0352,0.00872,0.0079,6.73,0.00885,0.00746,0.0371,0.0358,0.238,0.00984,10.9,8.0,30,7,600,8.2,8.2,0.028,8.3,8.1,7.5,8.3,7.6,8.5,9.2,16.5,5.5,12.3,134.0,3.32,6.88,10.4,11.0
49.1,51.8,46.4,40.9,36.8,45.0,37.8,39.4,36.2,34.8,29.4,40.2,0.0104,0.0356,0.0095,0.00636,6.94,0.00885,0.00755,0.0372,0.0353,0.236,0.01,10.7,7.0,31,8,600,8.9,7.2,0.0274,8.0,8.0,8.1,8.6,6.6,8.0,10.8,17.4,5.6,11.7,132.0,3.56,7.84,13.2,8.69
50.0,51.4,48.6,43.1,41.6,44.6,37.4,38.4,36.4,35.1,37.0,33.2,0.0103,0.0354,0.00852,0.00623,7.18,0.00977,0.00751,0.0371,0.0354,0.237,0.0103,10.7,7.0,29,7,600,8.9,7.4,0.0279,7.6,6.8,7.0,8.6,6.1,7.7,8.7,17.0,5.7,12.7,129.0,3.64,4.53,7.29,8.84
49.7,49.0,50.4,41.1,41.4,40.8,38.7,39.6,37.8,33.7,33.0,34.4,0.0112,0.0353,0.00901,0.00715,7.29,0.00977,0.00753,0.0373,0.0355,0.24,0.0111,10.6,7.0,29,7,600,8.8,8.9,0.0272,7.3,6.7,7.4,7.9,8.8,8.2,8.9,18.2,7.2,12.7,135.0,3.69,4.51,8.81,7.17
49.5,48.2,50.8,38.8,37.0,40.6,36.2,34.4,38.0,37.4,34.0,40.8,0.0103,0.0353,0.00938,0.00762,7.44,0.00903,0.00739,0.0376,0.0355,0.24,0.0106,10.5,7.0,27,7,600,8.2,9.6,0.0278,8.4,8.6,8.6,8.7,8.9,7.7,9.8,18.6,6.5,10.1,135.0,3.71,5.25,9.31,8.64
49.5,52.4,46.6,43.6,47.2,40.0,36.9,37.8,36.0,33.6,30.8,36.4,0.0113,0.0354,0.00986,0.00713,7.6,0.00903,0.00796,0.0372,0.0354,0.239,0.0108,10.4,7.0,26,7,600,7.8,8.7,0.0277,8.8,9.1,7.4,8.9,7.1,7.3,8.2,17.8,5.9,10.3,132.0,3.56,5.17,9.49,6.85
48.2,48.6,47.8,39.5,39.8,39.2,37.5,38.6,36.4,37.9,33.4,42.4,0.0113,0.0351,0.0093,0.00704,7.73,0.00818,0.00728,0.0376,0.035,0.237,0.0107,10.5,7.0,28,7,600,8.6,7.5,0.0277,8.8,8.8,7.6,8.7,6.8,8.7,7.9,18.0,6.2,10.0,133.0,3.43,4.36,7.97,8.94
48.3,46.3,50.2,39.0,43.0,35.0,36.4,37.8,35.0,32.6,32.6,32.6,0.0104,0.0353,0.00915,0.00716,8.0,0.00969,0.00781,0.0375,0.0355,0.239,0.0108,10.5,7.0,29,7,600,9.6,8.3,0.0278,9.6,9.2,8.3,8.5,7.2,7.8,8.4,16.9,5.6,9.3,130.0,3.43,4.73,7.91,7.82
49.9,47.0,52.8,43.1,45.2,41.0,36.9,41.8,32.0,35.6,32.4,38.8,0.0105,0.0353,0.00915,0.00776,8.02,0.00889,0.00721,0.0374,0.0353,0.238,0.0107,10.4,7.0,28,7,600,9.5,9.0,0.0278,9.2,7.9,8.3,8.3,8.4,7.4,7.7,15.2,4.5,9.7,128.0,3.18,4.09,8.38,8.53
51.3,51.2,51.4,40.8,41.0,40.6,37.1,37.6,36.6,34.9,35.2,34.6,0.012,0.0351,0.00915,0.00735,8.28,0.0096,0.0085,0.0372,0.0353,0.24,0.0107,10.4,7.0,28,7,600,8.3,8.9,0.0272,9.4,6.9,8.9,7.2,7.4,9.0,8.5,15.5,4.2,10.3,130.0,3.27,4.91,9.19,8.83
49.7,47.8,51.6,40.0,36.8,43.2,38.1,38.8,37.4,35.1,30.0,40.2,0.012,0.0352,0.00962,0.00777,8.44,0.00887,0.00786,0.0372,0.0353,0.239,0.0104,10.4,7.0,28,7,600,7.5,9.8,0.0271,8.5,7.0,8.4,6.8,6.6,7.9,8.4,17.8,5.5,10.0,129.0,3.71,4.59,8.0,8.25
47.8,46.4,49.2,42.1,43.6,40.6,37.1,34.6,39.6,36.8,37.4,36.2,0.013,0.0354,0.00943,0.00736,8.62,0.00966,0.0084,0.037,0.0352,0.239,0.00993,10.3,7.0,26,7,600,8.4,9.8,0.0278,6.7,7.6,8.9,7.9,7.7,7.4,8.2,18.8,6.7,10.4,133.0,3.26,4.59,7.87,8.84
52.4,55.4,49.4,40.5,41.2,39.8,36.6,40.6,32.6,33.8,36.0,31.6,0.013,0.0353,0.00883,0.00775,8.76,0.00938,0.00712,0.0368,0.0352,0.241,0.00979,10.3,7.0,26,8,600,9.0,8.0,0.028,7.9,8.9,8.6,8.1,8.3,8.3,8.5,16.7,5.6,12.4,133.0,4.02,4.59,7.31,8.16
51.7,51.0,52.4,39.3,37.2,41.4,38.5,38.6,38.4,38.0,38.6,37.4,0.0115,0.0354,0.0093,0.0074,8.99,0.00938,0.00736,0.0368,0.0353,0.24,0.0102,10.4,7.0,28,8,600,8.2,6.8,0.0278,7.5,9.3,7.8,8.9,8.5,8.7,7.1,16.1,5.7,12.2,130.0,3.64,4.61,8.3,8.13
50.1,48.4,51.8,40.5,39.6,41.4,37.4,38.4,36.4,35.2,37.8,32.6,0.0115,0.0356,0.00889,0.00731,9.54,0.00866,0.00733,0.0372,0.0352,0.24,0.00996,10.6,7.0,34,8,600,9.1,7.8,0.0278,7.4,8.3,9.8,8.2,7.8,8.7,7.0,16.7,6.0,10.2,132.0,3.6,5.84,8.92,8.13
49.0,49.6,48.4,40.0,39.2,40.8,37.5,36.2,38.8,34.0,31.6,36.4,0.0115,0.0354,0.00966,0.00726,9.96,0.00863,0.00724,0.0369,0.0355,0.242,0.00998,10.5,7.0,30,7,600,8.5,7.3,0.0279,8.7,6.9,9.5,7.2,8.9,8.2,7.4,17.8,5.2,11.6,133.0,2.92,4.98,9.46,7.6
49.7,50.8,48.6,44.0,42.2,45.8,37.2,36.8,37.6,35.1,37.0,33.2,0.0106,0.0356,0.00977,0.0077,10.5,0.00863,0.00763,0.0371,0.0356,0.242,0.00975,10.5,7.0,28,7,600,7.7,7.4,0.0283,8.2,7.0,7.9,8.4,8.9,8.9,7.9,17.3,5.4,13.5,132.0,3.72,5.06,9.26,7.66
61.4,57.8,65.0,41.8,46.2,37.4,43.7,41.0,46.4,37.7,36.0,39.4,0.0119,0.0349,0.00833,0.00822,9.51,0.00877,0.00787,0.0369,0.0364,0.245,0.0108,19.8,9.0,100,11,800,9.3,8.4,0.0271,10.3,10.4,9.2,10.2,9.4,10.6,10.4,22.7,9.7,13.8,241.0,0.0,4.43,8.81,0.0
54.5,52.6,56.4,43.4,47.6,39.2,39.5,38.8,40.2,40.9,39.6,42.2,0.011,0.0351,0.00793,0.00749,9.59,0.00877,0.00733,0.0369,0.0362,0.243,0.00958,17.6,9.0,110,10,800,10.7,11.1,0.0275,11.7,10.5,10.3,12.8,9.6,10.5,11.1,23.6,9.9,17.5,216.0,5.88,6.43,12.8,0.0
56.0,58.0,54.0,41.4,44.8,38.0,43.7,37.2,50.2,39.8,40.2,39.4,0.0119,0.0351,0.00727,0.0099,9.91,0.00948,0.00785,0.0369,0.0363,0.242,0.0101,16.8,8.0,33,8,800,10.4,11.5,0.0269,9.8,10.4,10.7,12.8,9.7,8.2,11.1,25.0,8.7,17.6,176.0,7.62,5.69,10.4,17.4
55.2,52.8,57.6,43.3,45.8,40.8,40.2,42.4,38.0,40.9,37.4,44.4,0.011,0.0351,0.00679,0.0104,10.0,0.00948,0.00728,0.0368,0.0361,0.243,0.00993,15.9,8.0,34,8,800,11.0,10.0,0.027,10.9,10.3,10.0,11.3,12.0,10.0,12.2,24.2,7.9,16.2,176.0,9.31,7.48,12.6,19.0
57.4,58.2,56.6,42.4,41.0,43.8,42.6,40.6,44.6,38.5,42.8,34.2,0.011,0.0354,0.0085,0.0105,10.4,0.0103,0.00853,0.037,0.0363,0.247,0.01,15.3,8.0,31,8,800,11.3,10.9,0.0277,12.5,10.6,10.9,11.2,11.5,10.6,11.9,22.8,7.1,15.6,179.0,4.4,7.26,11.4,23.4
55.7,54.4,57.0,39.4,39.0,39.8,41.2,41.0,41.4,39.2,37.1,41.3,0.012,0.0351,0.0085,0.0104,10.4,0.00961,0.00801,0.0369,0.0362,0.245,0.0099,14.8,8.0,31,8,800,10.5,11.5,0.027,12.8,10.7,10.6,11.7,10.4,11.6,11.8,21.9,6.7,13.9,179.0,4.45,6.1,12.2,10.0
56.8,56.8,56.8,42.4,44.2,40.6,40.8,47.4,34.2,37.7,38.3,37.1,0.0124,0.0354,0.00851,0.00987,10.8,0.00961,0.00855,0.0371,0.0363,0.247,0.01,14.8,8.0,34,8,800,10.5,10.7,0.0271,12.4,10.0,9.2,11.3,11.3,12.9,12.3,21.1,6.9,14.1,174.0,4.39,5.78,10.1,11.7
57.3,54.8,59.8,41.3,40.8,41.8,41.4,41.8,41.0,40.1,36.4,43.8,0.0109,0.0355,0.00851,0.0102,10.9,0.00966,0.00726,0.037,0.0363,0.249,0.00991,14.6,8.0,38,9,800,11.6,12.2,0.0276,11.5,9.5,10.5,12.4,11.7,12.0,10.9,23.7,7.2,15.4,176.0,5.05,5.61,11.5,11.2
57.0,57.6,56.4,42.5,40.2,44.8,41.3,47.4,35.2,40.6,39.8,41.4,0.0118,0.0353,0.00804,0.00984,11.0,0.00966,0.00785,0.037,0.0364,0.246,0.011,14.2,8.0,31,9,800,10.6,12.0,0.0275,11.9,10.0,10.3,12.2,12.3,12.4,10.7,23.9,6.7,15.3,178.0,5.55,6.08,10.2,10.9
55.4,57.2,53.6,41.8,40.2,43.4,40.0,35.2,44.8,38.7,41.0,36.4,0.0108,0.0353,0.00801,0.0097,11.1,0.00961,0.00732,0.0371,0.0363,0.25,0.0106,14.2,8.0,34,8,800,11.2,11.3,0.0269,10.6,10.9,11.2,11.7,13.4,12.1,10.1,22.0,6.9,14.7,174.0,5.32,5.46,11.5,12.0
55.4,56.0,54.8,42.4,39.4,45.4,42.5,37.6,47.4,40.3,41.0,39.6,0.0118,0.0356,0.00872,0.00976,11.4,0.0089,0.0079,0.0373,0.0365,0.248,0.0107,14.0,8.0,35,8,800,12.3,11.4,0.0273,11.6,10.5,11.9,12.7,12.0,10.1,10.2,24.2,8.5,13.6,176.0,4.98,6.06,10.2,11.6
58.6,59.4,57.8,42.7,41.4,44.0,40.7,42.2,39.2,40.2,40.4,40.0,0.0109,0.0352,0.00813,0.00966,11.6,0.0089,0.00772,0.0374,0.0365,0.249,0.0104,13.9,8.0,31,9,800,11.4,10.7,0.027,11.9,10.9,10.6,11.7,11.8,8.5,11.7,22.7,8.0,14.3,173.0,3.68,6.43,11.7,12.8
55.0,56.4,53.6,40.4,35.4,45.4,42.4,40.0,44.8,39.5,41.2,37.8,0.0118,0.0356,0.00864,0.0103,11.7,0.01,0.00783,0.0372,0.0364,0.251,0.0106,13.6,8.0,29,8,800,11.9,11.3,0.0277,9.8,11.0,10.9,10.7,11.4,10.6,11.7,22.9,7.6,15.8,176.0,4.01,6.37,10.4,9.79
58.4,58.0,58.8,41.6,38.0,45.2,42.7,45.6,39.8,41.1,40.8,41.4,0.0109,0.0354,0.00808,0.00988,12.0,0.00892,0.00731,0.0375,0.0365,0.251,0.0105,13.6,8.0,31,8,800,11.3,11.3,0.0276,11.0,10.7,12.0,9.7,10.1,12.5,10.4,26.3,8.3,16.6,180.0,4.51,5.85,11.1,11.4
56.9,58.2,55.6,44.1,43.8,44.4,41.8,42.4,41.2,37.3,33.2,41.4,0.0109,0.0355,0.00846,0.00935,12.1,0.00971,0.00732,0.0376,0.0361,0.252,0.0108,13.5,8.0,30,9,800,10.2,11.3,0.0265,11.6,11.1,11.7,11.0,10.5,11.8,10.7,26.3,8.7,17.8,182.0,5.26,5.81,9.78,10.4
57.0,56.2,57.8,38.4,37.4,39.4,41.2,39.6,42.8,42.8,40.4,45.2,0.0109,0.0357,0.00803,0.0101,12.9,0.00899,0.0072,0.0376,0.0362,0.254,0.0104,13.4,8.0,30,9,800,10.6,11.3,0.027,11.3,10.9,11.0,13.4,11.1,10.2,10.6,25.2,8.8,16.7,179.0,4.37,6.75,10.3,12.3
55.0,53.3,56.7,45.4,45.2,45.6,42.5,36.8,48.2,39.8,38.6,41.0,0.0109,0.0361,0.00836,0.00991,13.6,0.00971,0.00776,0.0378,0.036,0.255,0.0101,13.3,8.0,34,8,800,11.2,11.2,0.027,10.5,9.9,11.6,11.6,11.0,10.8,10.8,24.3,8.9,14.4,175.0,4.8,6.88,10.1,10.5
55.0,55.1,54.9,39.2,37.2,41.2,40.0,34.0,46.0,37.6,40.0,35.2,0.0109,0.0358,0.00799,0.0103,14.2,0.00972,0.00712,0.038,0.0359,0.253,0.0105,13.2,8.0,34,8,800,11.0,12.1,0.0264,10.7,10.7,10.9,10.0,10.8,12.1,10.5,23.3,8.3,15.8,177.0,4.43,5.55,11.3,10.8
60.6,60.8,60.4,43.4,40.6,46.2,42.9,42.8,43.0,43.4,47.8,39.0,0.0119,0.0361,0.00695,0.00808,12.9,0.00863,0.00701,0.038,0.0365,0.251,0.0105,103.0,56.0,330,170,1 K,9.8,13.8,0.0266,13.3,11.3,13.2,13.5,12.5,9.7,12.6,24.5,7.5,15.2,250.0,6.58,0.0,0.0,15.2
54.8,57.6,52.0,42.3,43.6,41.0,44.8,43.2,46.4,43.6,41.4,45.8,0.0124,0.0361,0.00849,0.00763,13.1,0.0086,0.00749,0.0383,0.0365,0.25,0.0106,83.9,28.0,320,24,1 K,12.2,14.7,0.0274,14.1,14.0,12.5,14.4,14.2,11.6,14.5,30.2,9.6,15.8,236.0,8.32,0.028,0.0,18.0
54.1,53.0,55.2,41.9,42.2,41.6,44.7,44.2,45.2,42.1,45.2,39.0,0.011,0.0364,0.0085,0.0083,13.1,0.0086,0.00744,0.0379,0.0365,0.25,0.0105,71.8,20.0,37,11,1 K,13.1,15.0,0.0273,13.4,14.4,13.3,14.7,14.1,13.9,14.9,33.2,11.1,16.7,223.0,9.2,0.028,21.5,22.6
54.8,54.8,54.8,42.4,38.0,46.8,44.5,42.4,46.6,42.0,44.6,39.4,0.0119,0.0364,0.00914,0.00795,13.4,0.00881,0.00748,0.0382,0.0366,0.249,0.0106,63.2,18.0,39,10,1 K,13.0,13.9,0.0273,12.2,14.9,13.7,13.9,14.3,13.2,13.4,28.4,8.8,20.1,217.0,3.56,0.028,25.9,12.2
54.1,54.2,54.0,41.6,44.0,39.2,41.9,42.6,41.2,41.8,39.8,43.8,0.011,0.0365,0.00917,0.0084,13.5,0.00881,0.00688,0.038,0.0364,0.25,0.00952,56.5,16.0,38,9,1 K,13.4,13.7,0.0274,12.8,12.9,14.1,13.8,15.7,10.8,14.3,27.8,9.0,21.7,219.0,4.36,0.0,30.7,13.4
55.4,53.8,57.0,42.2,39.4,45.0,44.1,43.4,44.8,45.2,42.6,47.8,0.012,0.0368,0.00919,0.00857,13.9,0.0089,0.00741,0.0379,0.0365,0.25,0.0104,51.7,15.0,35,10,1 K,14.5,14.5,0.0274,13.7,11.9,13.4,13.8,15.6,12.1,15.1,30.5,10.1,18.9,223.0,5.78,0.0,12.6,12.9
54.9,56.0,53.8,42.6,44.6,40.6,44.3,43.8,44.8,41.8,47.0,36.6,0.011,0.0366,0.00852,0.00882,13.8,0.0089,0.00682,0.0377,0.0362,0.252,0.00993,47.7,14.0,35,10,1 K,13.6,13.5,0.0268,12.7,14.0,13.1,13.7,13.6,14.3,14.3,30.2,10.5,17.6,222.0,5.62,0.0,11.9,13.4
53.7,53.2,54.2,43.5,40.8,46.2,45.6,48.6,42.6,40.8,43.6,38.0,0.0119,0.0367,0.00902,0.00896,14.1,0.0104,0.00688,0.0378,0.0364,0.249,0.0101,44.2,13.0,32,9,1 K,13.4,12.9,0.0272,13.2,14.6,14.8,12.5,13.6,14.5,13.5,29.4,9.7,16.8,224.0,4.58,0.0,11.5,13.7
55.4,56.4,54.4,41.6,42.0,41.2,41.8,47.6,36.0,45.0,46.0,44.0,0.011,0.0365,0.00844,0.00888,14.2,0.00929,0.00676,0.038,0.0366,0.251,0.0102,41.6,12.0,35,9,1 K,14.4,13.6,0.0266,15.0,13.8,13.1,12.9,14.5,13.0,13.0,30.8,9.8,17.6,224.0,3.92,0.0,12.7,12.2
56.6,55.8,57.4,42.4,47.4,37.4,46.1,47.8,44.4,40.2,39.0,41.4,0.0119,0.0367,0.00879,0.00903,14.5,0.0101,0.00676,0.0377,0.0363,0.252,0.00998,39.4,12.0,41,10,1 K,14.7,14.2,0.0274,13.3,13.9,12.4,13.9,13.6,13.3,13.3,31.1,10.8,18.9,222.0,4.85,0.0,12.7,12.0
52.2,52.8,51.6,40.7,42.2,39.2,44.9,48.2,41.6,42.3,35.8,48.8,0.0119,0.0366,0.00831,0.00922,14.5,0.00934,0.00732,0.0378,0.0368,0.251,0.00971,37.4,12.0,36,9,1 K,15.3,13.9,0.0274,13.1,12.8,15.0,14.9,13.6,14.1,12.8,28.8,9.6,17.8,218.0,5.07,0.0,12.7,12.5
54.8,55.8,53.8,42.8,39.8,45.8,43.3,38.6,48.0,41.2,39.8,42.6,0.0119,0.0368,0.00891,0.00876,14.7,0.0101,0.0074,0.0376,0.0367,0.25,0.0094,36.1,11.0,43,9,1 K,15.3,14.1,0.0267,15.3,12.2,15.5,14.1,14.6,12.7,12.0,28.4,9.5,18.7,219.0,5.9,0.0,11.5,14.0
52.2,53.2,51.2,40.3,44.8,35.8,43.9,40.4,47.4,42.9,43.0,42.8,0.0119,0.0364,0.00864,0.00901,14.8,0.0103,0.00684,0.0375,0.0369,0.247,0.0104,34.7,11.0,42,9,1 K,13.5,14.6,0.0274,13.4,12.5,12.9,12.6,13.9,12.9,13.7,26.4,8.3,19.4,213.0,5.11,0.0,12.1,13.2
55.6,55.0,56.2,42.3,42.6,42.0,45.2,38.2,52.2,43.6,37.6,49.6,0.0119,0.0367,0.00892,0.00865,14.9,0.00954,0.00737,0.0375,0.0371,0.25,0.0105,33.3,11.0,32,9,1 K,11.5,14.5,0.0272,13.3,12.4,12.2,12.5,14.1,15.3,14.8,26.4,7.7,19.5,214.0,4.9,0.0,12.2,12.0
54.0,51.6,56.4,41.7,38.6,44.8,41.8,40.0,43.6,42.1,43.8,40.4,0.0119,0.0366,0.00848,0.00852,15.6,0.0102,0.00685,0.0374,0.0369,0.248,0.0104,32.5,11.0,50,10,1 K,13.7,13.9,0.0267,12.2,12.3,14.4,12.5,13.5,16.0,13.3,29.4,9.3,19.4,217.0,4.76,0.0,12.8,11.9
54.3,55.0,53.6,42.9,43.8,42.0,47.3,40.0,54.6,40.8,37.8,43.8,0.0108,0.0368,0.0089,0.00877,16.5,0.0102,0.00738,0.0371,0.0369,0.251,0.0108,31.4,11.0,46,10,1 K,16.7,15.0,0.0293,12.5,11.9,13.6,14.2,12.5,15.1,13.6,29.4,9.8,19.3,219.0,5.35,0.0,12.6,11.4
53.8,54.0,53.6,41.2,41.4,41.0,44.1,43.8,44.4,44.1,50.2,38.0,0.0118,0.0369,0.0089,0.0093,17.4,0.00954,0.00683,0.0375,0.0369,0.254,0.0106,30.5,11.0,35,10,1 K,15.2,15.5,0.0295,15.4,12.3,12.2,13.3,13.2,14.8,14.1,28.7,9.4,20.7,220.0,4.83,0.0,12.6,11.7
60.9,58.6,63.2,39.6,39.8,39.4,42.8,41.6,44.0,37.0,40.4,33.6,0.0102,0.038,0.00839,0.0084,8.19,0.0106,0.00655,0.0372,0.0366,0.24,0.0101,15.8,11.0,42,11,600,7.29,7.0,0.0279,8.86,8.29,6.86,7.14,6.57,6.14,7.57,16.9,4.86,9.0,186.0,0.0,0.0,0.0,4.9
52.0,55.0,49.0,40.1,41.2,39.0,34.9,36.0,33.8,37.1,38.8,35.4,0.0111,0.0381,0.00873,0.00843,8.38,0.0106,0.00706,0.0373,0.0367,0.239,0.0101,13.9,9.0,41,9,600,8.3,8.2,0.027,9.3,10.3,6.7,8.0,7.7,6.6,8.9,18.8,6.2,10.6,180.0,0.0,0.0,0.0,7.38
48.1,51.2,45.0,39.3,37.0,41.6,38.1,36.4,39.8,34.6,34.4,34.8,0.0101,0.0377,0.00844,0.00892,8.41,0.00986,0.00665,0.0371,0.0367,0.241,0.00942,13.2,8.0,26,7,600,7.4,8.1,0.0274,9.4,10.4,6.2,8.1,8.7,7.3,9.3,18.2,7.7,10.4,143.0,0.0,0.0,0.0,11.1
52.1,54.0,50.2,42.9,49.2,36.6,34.3,35.4,33.2,33.6,33.4,33.8,0.0101,0.0377,0.00881,0.00827,8.51,0.00986,0.00716,0.0371,0.0367,0.239,0.00961,12.7,8.0,27,7,600,7.2,7.3,0.0275,9.1,8.6,7.3,9.0,10.0,8.1,8.2,18.3,7.1,11.4,135.0,5.88,7.51,12.8,8.74
52.7,54.0,51.4,38.7,41.8,35.6,39.5,36.6,42.4,34.6,34.8,34.4,0.0111,0.0375,0.00862,0.00861,8.65,0.0105,0.00665,0.0373,0.0367,0.24,0.00948,12.4,8.0,26,7,600,8.0,8.1,0.0266,8.2,9.6,7.4,8.5,8.8,6.6,8.4,19.2,6.2,12.4,135.0,7.71,8.98,16.4,8.75
49.8,48.2,51.4,42.9,42.2,43.6,36.1,35.8,36.4,35.9,42.2,29.6,0.0102,0.0374,0.00888,0.00821,8.58,0.0105,0.00718,0.0374,0.0367,0.243,0.00983,12.1,8.0,26,7,600,8.2,8.6,0.0271,8.5,10.1,7.6,7.7,8.0,7.2,9.1,19.7,6.3,10.8,135.0,8.7,9.95,18.8,6.44
51.1,50.4,51.8,40.3,41.6,39.0,36.8,38.0,35.6,36.3,35.2,37.4,0.0102,0.0372,0.00845,0.00871,8.75,0.0098,0.00705,0.0372,0.0366,0.241,0.00955,11.9,8.0,29,7,600,8.2,7.4,0.0273,8.8,8.7,9.0,8.6,7.8,8.4,7.5,17.0,6.2,9.8,131.0,4.55,4.29,9.27,7.2
53.5,49.6,57.4,39.6,43.2,36.0,35.9,37.0,34.8,34.7,32.6,36.8,0.0102,0.0372,0.00871,0.00875,9.03,0.00983,0.00717,0.0373,0.0366,0.239,0.0097,11.8,8.0,29,7,600,7.8,8.3,0.0272,8.9,9.3,9.9,8.3,7.6,7.0,6.7,17.5,6.5,11.7,132.0,3.65,3.66,7.45,8.8
48.4,48.4,48.4,41.6,35.8,47.4,38.4,40.0,36.8,38.4,40.8,36.0,0.0107,0.0372,0.00833,0.00858,9.05,0.00983,0.00662,0.0374,0.0367,0.24,0.00995,11.8,8.0,30,8,600,7.7,8.9,0.0269,9.3,10.1,8.1,7.7,8.9,5.5,7.9,18.4,5.8,13.4,133.0,3.42,4.59,8.47,10.5
54.5,53.6,55.4,42.1,44.4,39.8,36.5,32.0,41.0,35.5,38.6,32.4,0.0117,0.037,0.00875,0.00812,9.12,0.00989,0.00719,0.0375,0.0367,0.241,0.0104,11.7,8.0,30,8,600,7.6,8.6,0.0263,10.4,9.2,7.1,8.6,8.1,6.3,9.0,17.1,4.7,12.9,132.0,3.24,4.54,8.22,9.71
50.3,52.8,47.8,39.1,38.0,40.2,37.7,44.4,31.0,34.7,36.6,32.8,0.0102,0.0373,0.00819,0.00796,9.2,0.00989,0.00664,0.0373,0.0367,0.244,0.0103,11.6,8.0,27,8,600,8.4,7.7,0.027,8.7,7.8,8.0,8.0,8.3,7.9,8.8,16.5,4.2,11.2,130.0,4.01,6.03,8.87,8.17
53.3,52.8,53.8,41.2,45.2,37.2,35.3,33.8,36.8,34.6,35.6,33.6,0.0111,0.0372,0.00884,0.00699,9.28,0.0108,0.00679,0.0372,0.0367,0.242,0.0104,11.6,8.0,27,8,600,9.5,7.7,0.0266,7.4,8.6,9.1,6.8,8.7,7.7,8.0,15.7,5.0,11.1,130.0,3.99,5.08,8.91,8.86
52.6,55.0,50.2,40.6,36.6,44.6,37.4,39.2,35.6,37.6,39.4,35.8,0.0111,0.0369,0.00775,0.00678,9.47,0.0108,0.00676,0.0373,0.0367,0.244,0.0102,11.6,8.0,29,8,600,8.0,7.7,0.0262,8.2,9.6,9.5,8.0,8.4,8.9,8.0,15.7,5.7,11.6,133.0,3.94,5.27,8.7,8.73
50.2,56.0,44.4,39.1,42.0,36.2,37.2,37.6,36.8,34.0,38.2,29.8,0.0111,0.0372,0.00888,0.00885,9.54,0.00979,0.00676,0.0373,0.0367,0.242,0.0104,11.6,8.0,29,8,600,7.6,7.1,0.0263,8.3,8.7,7.9,9.3,8.4,9.5,8.3,15.5,4.6,10.7,129.0,3.11,3.93,8.19,9.11
52.1,51.0,53.2,42.5,41.6,43.4,36.7,37.2,36.2,36.9,32.8,41.0,0.0103,0.0375,0.00866,0.00874,9.79,0.0121,0.00805,0.0375,0.0366,0.242,0.0102,11.5,8.0,28,8,600,9.7,8.2,0.0271,8.5,7.3,8.0,8.9,7.0,7.7,7.9,15.7,4.5,11.8,128.0,3.95,4.86,7.95,7.22
50.8,50.6,51.0,39.5,41.2,37.8,36.7,36.8,36.6,34.3,36.8,31.8,0.0112,0.0377,0.009,0.00874,10.0,0.0121,0.00815,0.0374,0.0371,0.243,0.0103,11.4,8.0,28,8,600,9.5,8.4,0.0264,8.8,7.0,8.4,6.9,6.8,6.8,9.3,16.0,5.8,11.7,127.0,3.44,3.89,8.3,7.8
55.8,59.0,52.6,43.4,37.8,49.0,38.2,38.0,38.4,37.8,41.8,33.8,0.0103,0.0374,0.00865,0.00919,10.6,0.0121,0.00758,0.0375,0.0369,0.246,0.00933,11.5,8.0,32,8,600,8.7,8.1,0.027,7.6,9.0,8.6,6.2,7.8,7.0,9.6,15.8,5.2,11.3,126.0,4.2,4.77,8.89,7.5
52.0,52.4,51.6,39.4,38.6,40.2,36.3,40.4,32.2,35.7,33.6,37.8,0.0113,0.0375,0.00842,0.00902,11.2,0.0121,0.00685,0.0374,0.037,0.245,0.00998,11.6,8.0,37,9,600,9.0,8.3,0.0273,7.7,8.9,8.9,7.6,8.0,7.3,8.9,15.1,4.6,13.4,129.0,3.54,3.92,6.85,8.29
53.1,56.4,49.8,40.3,36.4,44.2,38.0,37.2,38.8,34.2,33.8,34.6,0.0105,0.0376,0.00835,0.00938,11.7,0.0104,0.0068,0.0373,0.0372,0.247,0.00982,11.5,8.0,31,8,600,9.1,7.1,0.027,8.5,7.6,8.8,7.8,7.9,7.9,8.8,14.7,5.5,12.5,128.0,3.55,4.51,7.45,7.84
64.1,66.2,62.0,42.7,43.0,42.4,41.2,38.0,44.4,38.7,37.7,39.7,0.0113,0.0372,0.00856,0.00937,10.4,0.0113,0.00734,0.0375,0.0382,0.244,0.0108,16.0,10.0,56,11,800,8.8,7.9,0.0291,9.0,11.6,9.9,9.2,11.0,8.0,8.7,17.1,6.2,13.2,227.0,0.0,0.0,9.07,0.0
57.7,58.0,57.4,41.5,38.0,45.0,43.0,47.0,39.0,39.5,38.8,40.2,0.0113,0.0375,0.00833,0.00995,10.7,0.0113,0.00681,0.0373,0.0383,0.242,0.0105,15.0,9.0,51,11,800,9.9,10.2,0.0285,10.2,10.8,11.4,12.0,11.6,9.9,9.4,20.8,7.1,14.5,205.0,0.0,6.78,12.9,12.9
58.8,60.8,56.8,40.8,36.2,45.4,40.2,37.4,43.0,39.5,39.6,39.4,0.0105,0.0378,0.00862,0.00932,10.8,0.0121,0.00708,0.0377,0.0382,0.242,0.0107,14.2,9.0,28,8,800,9.9,12.0,0.0291,10.1,10.0,11.8,11.0,10.8,10.0,11.0,23.0,8.3,14.5,174.0,7.55,8.46,10.5,16.6
59.2,61.6,56.8,41.9,36.6,47.2,41.2,41.4,41.0,39.4,32.8,46.0,0.0119,0.0379,0.00819,0.00981,11.1,0.0114,0.00696,0.0374,0.0383,0.243,0.0105,14.0,9.0,31,9,800,11.4,10.3,0.0284,10.8,12.1,12.5,10.3,10.7,8.8,12.3,22.8,8.2,14.8,175.0,9.35,11.2,10.4,20.9
60.0,61.2,58.8,43.7,38.6,48.8,41.9,47.8,36.0,41.7,38.8,44.6,0.0105,0.0377,0.00878,0.00928,11.4,0.0114,0.00755,0.0373,0.0382,0.244,0.0108,14.0,9.0,36,9,800,10.6,9.3,0.0283,10.8,11.5,12.1,11.5,9.4,9.0,11.2,21.0,6.4,16.0,169.0,11.1,6.36,11.3,12.8
60.1,61.4,58.8,39.2,40.4,38.0,40.1,38.8,41.4,39.6,36.6,42.6,0.0104,0.038,0.00858,0.00914,11.6,0.012,0.00698,0.0373,0.038,0.243,0.00981,14.0,9.0,40,9,800,8.9,10.9,0.0286,10.5,11.5,10.3,11.0,10.0,9.5,10.5,20.4,6.2,16.8,166.0,4.51,5.67,12.0,11.6
61.1,60.8,61.4,43.0,43.4,42.6,39.8,42.2,37.4,38.0,32.6,43.4,0.0113,0.038,0.00909,0.00962,11.7,0.012,0.00754,0.0375,0.0382,0.243,0.00993,13.8,9.0,37,9,800,10.3,11.1,0.028,11.4,11.8,10.1,9.8,9.5,9.6,11.2,19.8,6.6,16.9,169.0,4.33,5.51,11.4,11.1
59.5,59.6,59.4,41.1,40.8,41.4,42.2,38.2,46.2,41.6,41.6,41.6,0.0105,0.0383,0.00854,0.0089,12.3,0.0112,0.00816,0.0377,0.0381,0.242,0.00982,14.3,9.0,43,10,800,11.0,10.9,0.0285,11.2,11.2,10.4,10.4,9.0,9.8,11.1,19.4,5.5,17.3,168.0,4.17,5.33,10.4,9.83
63.6,64.6,62.6,41.5,43.2,39.8,41.4,38.8,44.0,37.0,41.8,32.2,0.0114,0.0388,0.00884,0.00965,12.3,0.0123,0.0082,0.0375,0.0382,0.24,0.0101,14.4,9.0,47,11,800,11.6,11.1,0.0291,11.7,11.9,11.6,11.9,11.1,10.9,10.4,23.4,6.4,16.4,177.0,5.37,5.23,10.4,10.5
59.4,60.2,58.6,41.4,42.2,40.6,41.8,42.2,41.4,40.6,45.4,35.8,0.0105,0.0388,0.00751,0.00861,12.7,0.0115,0.0082,0.0377,0.0381,0.24,0.00986,14.2,9.0,30,9,800,12.0,10.8,0.0293,12.2,12.0,10.4,12.0,11.0,11.5,10.7,24.2,7.5,14.8,179.0,4.71,5.52,10.6,11.0
62.8,62.2,63.4,43.4,47.0,39.8,41.3,43.0,39.6,38.7,36.2,41.2,0.0114,0.0382,0.00728,0.00877,12.8,0.00996,0.00689,0.0375,0.038,0.244,0.0102,14.5,9.0,44,9,800,10.4,11.5,0.0285,11.3,10.4,9.0,11.1,9.4,11.9,11.2,23.4,7.9,14.8,174.0,4.97,5.68,11.6,11.4
57.6,56.4,58.8,42.6,46.6,38.6,42.1,47.2,37.0,40.8,39.2,42.4,0.0105,0.0383,0.0089,0.00816,12.9,0.0107,0.00679,0.0376,0.0381,0.243,0.01,14.4,9.0,43,10,800,9.4,12.4,0.0293,9.8,10.6,10.2,10.8,8.7,12.6,11.7,21.8,8.3,15.4,175.0,4.48,6.67,11.9,10.5
57.2,54.8,59.6,40.3,34.8,45.8,41.5,41.6,41.4,37.2,38.8,35.6,0.0114,0.038,0.00942,0.00841,13.1,0.0107,0.00729,0.0377,0.038,0.243,0.011,14.3,9.0,33,9,800,8.9,11.0,0.0286,9.9,14.0,11.0,10.9,10.4,12.8,10.7,24.5,8.5,16.3,181.0,4.44,5.67,11.9,11.4
57.5,57.8,57.2,41.6,35.0,48.2,38.4,36.8,40.0,41.1,43.4,38.8,0.0104,0.0383,0.00952,0.00868,13.3,0.0116,0.00677,0.0376,0.038,0.245,0.0107,14.1,9.0,33,9,800,8.9,11.0,0.0292,10.8,13.4,11.8,9.9,11.4,12.0,9.5,26.6,8.2,16.2,181.0,4.31,5.65,9.92,11.1
58.6,60.8,56.4,42.7,47.6,37.8,41.8,38.0,45.6,38.5,45.0,32.0,0.0104,0.0381,0.00952,0.00827,13.2,0.0116,0.00729,0.0377,0.0378,0.242,0.0109,13.9,9.0,29,9,800,12.8,11.1,0.0287,10.6,11.6,11.0,8.1,12.6,9.8,10.4,23.5,7.0,15.9,175.0,4.38,6.22,9.34,10.1
56.1,58.4,53.8,41.7,45.4,38.0,39.3,38.0,40.6,43.2,36.4,50.0,0.0104,0.0382,0.00892,0.0086,14.1,0.0107,0.00677,0.0379,0.038,0.245,0.0107,13.8,9.0,29,8,800,13.4,11.7,0.0288,10.4,12.3,10.7,8.7,12.2,9.5,10.6,23.7,6.8,16.2,177.0,5.07,6.67,10.0,9.71
58.7,57.0,60.4,43.5,45.4,41.6,41.5,41.6,41.4,39.3,43.2,35.4,0.0104,0.0383,0.00963,0.00873,14.8,0.0107,0.00743,0.0377,0.0378,0.248,0.0108,13.7,9.0,33,8,800,11.0,12.9,0.0285,10.0,12.5,10.6,9.7,10.6,11.3,11.1,23.9,7.1,14.7,176.0,5.02,6.66,10.8,10.8
58.1,59.6,56.6,42.4,42.8,42.0,42.0,47.4,36.6,37.7,39.4,36.0,0.0106,0.0386,0.00908,0.00869,15.5,0.0099,0.00687,0.0381,0.0379,0.247,0.0106,13.9,9.0,44,9,800,11.5,10.4,0.0284,10.5,12.2,10.8,11.3,11.5,12.6,12.4,23.5,7.4,14.7,179.0,4.63,7.02,11.2,12.1
63.1,64.6,61.6,39.3,36.0,42.6,43.6,47.2,40.0,40.9,38.6,43.2,0.0114,0.0385,0.00907,0.00815,13.9,0.0118,0.00712,0.0378,0.0376,0.244,0.0106,164.0,69.0,720,160,1 K,12.8,10.7,0.0289,10.6,9.3,10.3,11.0,11.2,9.8,12.1,21.1,5.9,13.8,226.0,5.93,0.0275,13.5,0.0
56.1,55.8,56.4,43.7,39.2,48.2,44.1,43.8,44.4,43.5,39.0,48.0,0.0114,0.0384,0.00933,0.00871,13.9,0.0103,0.00839,0.0379,0.0375,0.247,0.0108,159.0,57.0,720,230,1 K,15.2,11.3,0.0288,11.3,13.5,10.6,13.5,12.4,14.8,13.6,26.4,7.6,17.8,230.0,7.67,0.0275,19.1,0.0
56.7,57.0,56.4,42.5,42.6,42.4,45.1,48.0,42.2,40.6,39.4,41.8,0.0105,0.0383,0.00882,0.00862,14.3,0.0112,0.00829,0.0377,0.0376,0.246,0.0107,133.0,32.0,200,13,1 K,14.7,12.6,0.0439,12.7,14.2,12.1,12.8,13.7,15.0,12.6,28.2,9.5,21.5,224.0,9.23,0.0275,12.6,22.4
58.1,58.0,58.2,43.6,45.4,41.8,43.3,44.0,42.6,43.4,36.6,50.2,0.0114,0.0382,0.00959,0.00873,14.0,0.0112,0.00715,0.0379,0.0376,0.248,0.0108,113.0,22.0,51,11,1 K,12.7,13.9,0.0441,14.1,13.3,13.1,14.1,12.7,12.8,12.6,28.0,9.5,21.2,216.0,5.01,0.0,13.7,27.1
55.8,56.4,55.2,41.9,42.0,41.8,45.0,49.0,41.0,42.0,41.8,42.2,0.0104,0.0381,0.00918,0.00901,14.2,0.0108,0.00711,0.0381,0.0373,0.251,0.0108,102.0,20.0,98,11,1 K,13.5,13.8,0.0433,14.1,13.5,13.8,14.5,14.1,12.6,13.1,30.7,9.4,20.4,222.0,5.08,0.0,11.0,31.0
58.9,58.2,59.6,42.9,48.2,37.6,45.0,47.4,42.6,41.1,43.2,39.0,0.0114,0.0378,0.00975,0.00755,14.2,0.0108,0.00765,0.0377,0.0374,0.251,0.0105,91.4,18.0,98,12,1 K,13.0,13.5,0.0438,14.4,14.9,13.8,12.9,14.8,13.3,14.1,30.2,10.0,19.0,222.0,5.75,0.0,11.4,13.1
56.3,57.2,55.4,40.6,46.8,34.4,44.4,46.0,42.8,41.9,39.0,44.8,0.0105,0.0383,0.00985,0.0089,14.5,0.01,0.00709,0.0379,0.0375,0.248,0.0103,83.0,16.0,36,9,1 K,11.9,13.3,0.0443,14.5,15.8,13.2,14.9,14.2,14.0,13.6,29.9,10.4,16.6,220.0,5.3,0.0,11.9,12.3
58.5,60.6,56.4,43.3,42.8,43.8,45.3,45.2,45.4,41.9,42.8,41.0,0.0113,0.0379,0.00824,0.00895,14.6,0.00928,0.00768,0.0379,0.0371,0.249,0.0105,77.0,16.0,54,10,1 K,13.7,13.4,0.0435,12.0,15.1,14.6,13.2,15.7,13.8,14.1,28.9,9.7,18.4,220.0,4.37,0.0,14.4,12.2
54.8,56.0,53.6,39.8,42.2,37.4,42.6,42.6,42.6,43.6,51.0,36.2,0.0105,0.0383,0.00894,0.00878,14.7,0.0115,0.00718,0.0376,0.0374,0.251,0.00972,71.4,15.0,37,9,1 K,14.1,11.8,0.0444,13.0,15.6,14.1,12.2,14.2,13.9,15.0,27.6,9.7,20.1,219.0,3.84,0.0,13.5,12.4
57.0,57.8,56.2,42.6,42.2,43.0,44.1,42.8,45.4,41.4,42.6,40.2,0.0114,0.0383,0.00927,0.00848,14.8,0.0106,0.00779,0.0378,0.0373,0.25,0.00977,67.2,14.0,47,11,1 K,14.6,13.6,0.0434,14.1,14.1,14.2,14.0,13.1,13.9,13.6,28.4,9.8,20.2,221.0,4.28,0.0,12.9,12.4
56.7,59.7,53.7,43.7,44.4,43.0,44.9,39.4,50.4,41.8,49.0,34.6,0.0114,0.0384,0.00871,0.00848,15.2,0.0106,0.00727,0.0378,0.0372,0.252,0.00951,63.0,14.0,44,10,1 K,14.2,14.5,0.0444,12.5,13.9,14.3,12.4,13.4,12.5,12.5,30.6,9.8,19.8,220.0,5.22,0.0,12.0,12.6
55.2,55.9,54.5,42.0,44.6,39.4,45.4,44.8,46.0,40.7,43.4,38.0,0.0115,0.0382,0.00871,0.00851,15.4,0.0107,0.00791,0.038,0.037,0.252,0.00956,59.8,13.0,44,10,1 K,13.6,12.3,0.0441,12.9,15.4,14.6,13.1,13.1,12.2,12.2,32.4,8.6,19.9,219.0,5.24,0.0,13.7,11.7
56.1,53.8,58.4,41.7,43.8,39.6,44.3,42.6,46.0,43.2,38.0,48.4,0.0115,0.0383,0.00835,0.00899,15.5,0.0107,0.00725,0.038,0.0371,0.248,0.00942,56.9,13.0,54,11,1 K,14.9,12.9,0.0438,12.9,14.9,15.3,15.0,13.9,13.3,13.3,30.7,9.2,18.8,222.0,5.32,0.0,12.8,12.2
56.4,57.4,55.4,42.0,41.2,42.8,44.0,42.8,45.2,43.0,38.4,47.6,0.0115,0.038,0.0088,0.0086,15.6,0.0116,0.00782,0.0379,0.0368,0.252,0.0096,54.3,13.0,42,11,1 K,14.6,12.7,0.0445,14.4,12.9,13.0,15.1,15.8,13.0,13.8,29.2,10.7,17.7,220.0,5.67,0.0,12.4,13.1
55.8,54.6,57.0,42.9,42.4,43.4,45.0,46.8,43.2,42.1,39.2,45.0,0.0106,0.0379,0.00834,0.00917,16.5,0.0108,0.00773,0.0378,0.037,0.251,0.00936,52.1,12.0,40,10,1 K,14.2,13.9,0.0444,14.1,12.6,12.9,14.6,16.1,12.2,13.6,29.8,9.0,20.1,219.0,4.8,0.0,11.6,13.2
58.9,57.8,60.0,44.8,44.4,45.2,43.6,40.0,47.2,40.6,39.4,41.8,0.0106,0.038,0.00811,0.00931,17.3,0.0118,0.00777,0.0382,0.037,0.253,0.0101,50.8,13.0,100,12,1 K,13.3,15.3,0.044,14.5,13.0,13.6,14.2,15.4,13.7,14.3,30.3,8.5,20.2,224.0,4.6,0.0,12.5,12.9
54.5,52.2,56.8,41.5,44.2,38.8,46.0,51.6,40.4,42.2,39.8,44.6,0.0116,0.0381,0.0082,0.00927,18.0,0.0111,0.00777,0.0382,0.037,0.258,0.00982,49.0,12.0,38,10,1 K,14.3,14.4,0.0441,15.6,12.2,12.8,12.0,13.3,14.7,13.8,27.4,8.9,19.7,219.0,3.97,0.0,13.4,12.6
60.5,58.8,62.2,41.4,40.8,42.0,40.2,42.2,38.2,37.8,42.0,33.6,0.0107,0.0351,0.00825,0.00856,7.56,0.0169,0.00766,0.0369,0.0363,0.243,0.0106,11.6,7.0,30,7,600,7.43,7.43,0.0264,7.0,8.86,6.0,8.57,5.57,5.14,6.43,13.4,3.43,8.0,184.0,0.0,0.0,0.0,0.0
51.4,51.2,51.6,39.0,41.8,36.2,36.6,38.2,35.0,37.0,37.2,36.8,0.0107,0.0356,0.00858,0.00818,7.67,0.0092,0.00771,0.0367,0.0364,0.244,0.0106,11.4,7.0,36,8,600,8.5,8.2,0.0255,8.0,9.6,7.0,9.9,8.6,7.4,8.1,16.7,4.5,10.3,181.0,0.0,0.0,0.0,0.0
52.9,57.0,48.8,40.4,37.8,43.0,37.5,37.0,38.0,34.3,36.6,32.0,0.0116,0.0354,0.00791,0.00847,7.87,0.0101,0.00713,0.0368,0.0363,0.242,0.0105,11.7,7.0,33,8,600,7.7,8.1,0.0255,7.9,8.5,7.1,7.9,10.4,7.9,7.8,17.5,5.2,11.4,138.0,4.71,0.0,10.2,11.1
49.2,49.8,48.6,39.8,41.2,38.4,37.2,39.8,34.6,33.5,33.8,33.2,0.0121,0.0355,0.00834,0.00856,7.99,0.0101,0.00763,0.0365,0.0364,0.243,0.0106,11.6,7.0,32,8,600,7.6,9.4,0.0261,7.4,8.8,7.2,7.7,9.0,6.7,8.5,17.8,5.5,11.8,132.0,6.46,7.28,12.6,13.7
50.5,48.8,52.2,40.5,44.6,36.4,36.3,39.4,33.2,34.7,31.8,37.6,0.0121,0.0355,0.00787,0.00808,8.06,0.00935,0.00767,0.0365,0.0365,0.241,0.0103,11.4,7.0,28,8,600,8.2,9.4,0.0263,7.4,8.4,6.6,8.1,8.7,7.1,8.5,18.2,5.6,9.7,130.0,7.37,9.16,15.9,16.3
53.1,51.0,55.2,41.3,37.4,45.2,38.7,40.2,37.2,33.6,32.4,34.8,0.0115,0.0354,0.00828,0.00868,8.19,0.0102,0.00772,0.0364,0.0365,0.243,0.0104,11.4,7.0,29,8,600,8.1,8.3,0.0256,8.1,8.1,8.1,8.3,8.4,8.8,7.9,18.6,6.2,9.8,131.0,3.42,10.2,8.04,7.75
52.4,54.2,50.6,39.6,39.0,40.2,38.0,38.0,38.0,36.1,41.2,31.0,0.0107,0.0357,0.00792,0.0081,8.46,0.00947,0.00719,0.0365,0.0365,0.241,0.00937,11.3,7.0,28,8,600,8.1,8.5,0.0268,8.2,8.3,8.5,9.0,9.1,9.5,8.2,17.8,6.3,11.8,136.0,3.36,4.77,8.67,8.15
53.2,54.0,52.4,42.0,41.8,42.2,35.6,39.0,32.2,36.7,37.0,36.4,0.0107,0.0359,0.00844,0.008,8.57,0.0106,0.00738,0.0365,0.0365,0.243,0.00894,11.3,7.0,29,7,600,8.4,9.4,0.0259,8.0,8.6,6.6,9.2,9.1,8.4,7.7,15.6,5.2,11.8,130.0,3.23,4.7,7.83,9.17
51.7,53.4,50.0,38.0,40.6,35.4,37.6,36.2,39.0,36.2,36.8,35.6,0.0106,0.0357,0.00805,0.0085,8.71,0.00919,0.00779,0.0362,0.0362,0.243,0.0093,11.2,7.0,28,7,600,8.1,9.9,0.026,8.1,8.3,7.7,8.3,7.7,7.4,7.0,15.7,5.2,12.0,129.0,4.35,4.89,8.22,9.18
52.3,50.0,54.6,40.7,35.2,46.2,38.2,37.4,39.0,34.4,34.6,34.2,0.0106,0.0357,0.00833,0.00811,8.95,0.00931,0.00787,0.0362,0.0362,0.244,0.00896,11.2,7.0,28,8,600,9.1,9.7,0.0267,8.4,10.2,10.2,7.3,8.0,8.2,8.2,20.0,6.3,11.5,139.0,4.11,4.48,8.49,8.73
50.8,48.2,53.4,39.2,38.8,39.6,36.8,38.6,35.0,35.3,39.8,30.8,0.0107,0.0359,0.00787,0.00856,9.13,0.00931,0.00712,0.0361,0.0364,0.242,0.00928,11.1,7.0,29,8,600,8.3,8.4,0.0265,8.5,9.4,10.4,8.0,8.1,8.1,9.0,19.5,6.0,11.8,136.0,4.24,4.95,9.11,6.51
53.5,55.8,51.2,39.7,40.6,38.8,37.1,36.0,38.2,34.0,36.8,31.2,0.0117,0.0359,0.00821,0.00817,9.24,0.00934,0.00771,0.0366,0.0363,0.243,0.00951,11.2,7.0,30,8,600,8.0,8.3,0.0276,8.9,6.9,9.1,8.6,8.5,7.8,8.3,17.2,5.5,12.0,130.0,3.01,4.71,9.11,7.68
53.6,53.4,53.8,41.4,46.0,36.8,37.9,39.0,36.8,40.2,44.2,36.2,0.0108,0.0362,0.00798,0.00852,9.34,0.00934,0.0072,0.0365,0.0363,0.241,0.00939,11.2,7.0,31,9,600,8.9,8.5,0.0275,8.5,6.9,9.5,8.3,8.8,8.1,8.5,17.1,5.3,10.5,131.0,2.94,5.11,8.59,7.68
49.2,50.2,48.2,39.7,33.4,46.0,38.4,38.4,38.4,34.7,28.6,40.8,0.0118,0.0362,0.00845,0.00802,9.53,0.0093,0.00794,0.0364,0.0363,0.244,0.0101,11.2,7.0,30,8,600,8.6,8.3,0.0274,8.0,8.8,8.4,7.2,7.6,9.0,9.6,17.3,5.5,11.0,133.0,3.7,3.84,7.63,9.36
52.9,52.6,53.2,40.7,40.2,41.2,36.1,29.6,42.6,32.3,35.8,28.8,0.0118,0.0363,0.008,0.00839,9.61,0.0102,0.0079,0.0364,0.036,0.242,0.01,11.1,7.0,29,8,600,8.0,8.3,0.0269,7.7,10.3,7.3,7.5,6.9,8.9,9.2,16.1,6.0,11.6,131.0,4.7,4.72,7.97,6.98
51.4,52.4,50.4,38.6,41.2,36.0,34.9,38.6,31.2,37.2,40.0,34.4,0.0117,0.0363,0.00844,0.00791,9.88,0.0102,0.0085,0.0365,0.0359,0.242,0.0102,11.1,7.0,27,7,600,8.7,8.3,0.0271,7.3,9.2,7.7,8.3,7.1,7.6,8.2,16.3,6.6,10.9,129.0,4.25,3.89,8.28,8.41
54.3,54.0,54.6,40.1,42.6,37.6,37.2,37.4,37.0,35.3,33.8,36.8,0.0108,0.0365,0.00795,0.00857,10.4,0.0103,0.00773,0.0363,0.036,0.246,0.0101,11.1,7.0,27,8,600,8.9,8.4,0.0264,7.8,8.2,7.7,9.3,6.7,8.8,9.0,17.4,6.4,10.8,133.0,4.08,4.74,7.12,7.47
53.0,55.0,51.0,39.8,40.0,39.6,37.3,37.4,37.2,34.1,30.0,38.2,0.0108,0.0368,0.00825,0.00823,11.0,0.00957,0.00776,0.0365,0.0359,0.245,0.0101,11.1,7.0,28,8,600,7.7,7.7,0.0265,9.2,8.8,8.6,7.9,8.1,8.8,8.9,17.7,6.1,11.5,137.0,3.33,3.93,7.67,9.61
52.9,52.8,53.0,42.2,40.2,44.2,38.9,39.8,38.0,35.5,34.8,36.2,0.0119,0.0368,0.00785,0.00793,11.6,0.0103,0.00765,0.0366,0.0363,0.247,0.0101,11.1,7.0,28,8,600,9.5,7.7,0.0272,8.4,7.7,8.4,7.2,8.8,7.2,8.7,17.8,5.9,11.3,134.0,4.14,4.68,7.39,8.16
64.6,65.6,63.6,40.1,37.8,42.4,40.8,47.0,34.6,38.4,37.0,39.8,0.0116,0.0366,0.00811,0.00954,10.3,0.0101,0.0071,0.0372,0.036,0.247,0.0098,15.2,10.0,48,12,800,10.2,9.1,0.0267,9.1,8.4,9.5,8.8,9.7,10.2,9.7,18.6,6.2,13.6,230.0,3.75,4.49,0.0,9.02
55.5,56.2,54.8,38.8,35.0,42.6,41.7,36.2,47.2,42.2,38.6,45.8,0.0107,0.0362,0.00779,0.00957,10.6,0.0106,0.00704,0.0372,0.0362,0.245,0.0101,14.2,9.0,38,9,800,10.8,10.5,0.0268,11.3,9.1,11.0,11.5,10.5,11.3,10.7,22.6,6.9,14.5,207.0,5.43,6.42,0.0,14.0
57.6,62.2,53.0,40.9,42.6,39.2,40.7,39.0,42.4,38.2,39.6,36.8,0.0116,0.0363,0.00792,0.00969,10.7,0.0106,0.00754,0.0372,0.0361,0.247,0.0104,13.8,9.0,31,8,800,10.1,11.0,0.0258,11.7,8.9,10.6,11.0,10.7,10.6,11.4,23.6,7.5,14.7,172.0,4.23,8.46,16.2,11.0
58.1,56.4,59.8,41.7,46.0,37.4,45.1,44.0,46.2,40.1,43.0,37.2,0.0116,0.0363,0.00755,0.00919,10.8,0.00943,0.00684,0.0371,0.0364,0.243,0.011,13.5,9.0,32,9,800,11.1,11.3,0.0266,11.4,9.8,9.8,9.3,11.4,11.7,12.0,24.7,8.5,15.9,178.0,5.11,5.7,19.7,11.8
55.7,54.6,56.8,40.8,37.0,44.6,41.1,38.2,44.0,37.3,37.2,37.4,0.0116,0.0362,0.00795,0.00915,11.0,0.0102,0.00691,0.0375,0.0365,0.245,0.0102,13.2,8.0,31,8,800,11.2,10.9,0.0266,11.4,11.3,9.9,10.5,9.7,12.5,10.3,23.0,7.7,14.5,175.0,5.22,6.55,23.4,10.3
56.6,54.6,58.6,41.3,35.6,47.0,40.8,37.4,44.2,42.6,42.2,43.0,0.0116,0.0362,0.00776,0.00902,11.2,0.0101,0.00684,0.0375,0.0363,0.246,0.0105,12.9,8.0,29,8,800,10.9,12.2,0.0257,12.0,9.7,10.0,11.7,10.5,11.3,10.5,23.1,7.7,13.4,176.0,5.19,5.5,11.4,9.92
60.4,60.6,60.2,40.3,39.2,41.4,40.9,38.6,43.2,37.0,39.6,34.4,0.0115,0.0364,0.00801,0.00849,11.3,0.0101,0.00831,0.0377,0.0359,0.245,0.00972,12.7,8.0,28,8,800,11.2,12.0,0.0263,12.1,8.6,10.9,11.1,12.6,11.0,11.1,24.2,8.0,13.7,176.0,4.24,6.45,11.1,11.3
55.4,54.4,56.4,39.4,44.8,34.0,42.1,46.0,38.2,41.3,47.0,35.6,0.0105,0.036,0.00746,0.00951,11.3,0.00923,0.00772,0.0374,0.0362,0.247,0.00993,12.6,8.0,29,8,800,12.0,11.4,0.0247,11.1,9.8,11.2,11.4,12.3,11.9,11.3,23.9,7.6,15.2,177.0,4.0,6.02,10.8,11.1
59.4,64.0,54.8,43.0,47.0,39.0,42.3,43.4,41.2,39.0,33.4,44.6,0.0115,0.0359,0.00794,0.00912,11.4,0.0102,0.00825,0.0374,0.0362,0.249,0.0101,12.5,8.0,30,8,800,11.9,10.9,0.0248,10.6,10.1,9.5,10.7,11.0,10.7,11.4,22.5,7.0,17.2,173.0,3.88,6.88,10.9,10.1
57.2,59.0,55.4,42.1,35.2,49.0,40.9,46.4,35.4,39.3,33.4,45.2,0.0104,0.0355,0.00757,0.00947,11.6,0.00947,0.00701,0.0375,0.0362,0.249,0.00922,12.4,8.0,29,8,800,11.4,10.9,0.0253,10.5,10.1,10.6,10.1,10.4,10.4,12.0,23.8,6.7,16.4,174.0,4.48,6.06,11.3,10.6
55.5,57.4,53.6,38.3,33.6,43.0,40.7,39.6,41.8,39.2,39.8,38.6,0.0115,0.0355,0.0082,0.00901,11.8,0.00939,0.00757,0.0374,0.0362,0.251,0.00934,12.3,8.0,28,8,800,11.7,11.8,0.0255,10.2,10.0,11.5,10.4,9.7,10.1,13.1,23.5,5.6,15.0,173.0,4.65,5.62,10.6,10.9
57.0,55.8,58.2,40.9,39.2,42.6,41.8,41.2,42.4,39.3,39.2,39.4,0.0107,0.0353,0.00794,0.00889,12.0,0.00939,0.00697,0.0375,0.0363,0.251,0.00924,12.3,8.0,29,8,800,10.6,12.4,0.0254,10.0,11.7,10.6,10.6,11.1,8.3,13.3,22.0,6.1,15.8,174.0,4.79,6.61,11.0,12.8
61.8,61.6,62.0,41.8,41.2,42.4,39.5,42.6,36.4,37.7,41.6,33.8,0.0115,0.0352,0.00844,0.00862,12.0,0.00942,0.00704,0.0375,0.0362,0.249,0.00936,12.2,8.0,30,8,800,9.3,12.4,0.0254,9.7,11.1,11.5,11.3,10.6,10.5,13.1,22.5,7.1,15.0,177.0,5.24,6.68,11.0,9.95
55.1,54.4,55.8,42.9,43.8,42.0,43.7,47.2,40.2,41.7,46.0,37.4,0.0115,0.0349,0.00796,0.00901,12.2,0.00942,0.00701,0.0373,0.0364,0.25,0.00922,12.2,8.0,29,8,800,10.5,10.9,0.0257,9.8,11.2,11.3,12.3,9.3,10.3,12.4,22.7,7.1,14.6,173.0,5.1,7.25,11.9,10.2
58.4,56.4,60.4,42.2,44.8,39.6,39.5,40.6,38.4,37.6,40.4,34.8,0.0114,0.0351,0.00845,0.0085,12.3,0.00963,0.00723,0.0373,0.0363,0.249,0.00935,12.1,8.0,28,8,800,11.9,9.8,0.0258,10.5,11.6,10.2,11.1,9.9,9.3,11.7,22.5,7.6,16.2,174.0,5.09,6.81,10.4,10.3
57.0,58.2,55.8,40.8,44.0,37.6,41.7,46.4,37.0,42.3,41.4,43.2,0.0114,0.035,0.00811,0.00798,13.0,0.0103,0.00712,0.0372,0.0362,0.25,0.00927,12.0,8.0,29,8,800,12.6,9.5,0.0257,10.6,10.5,10.4,10.1,11.7,10.4,11.7,21.6,7.7,16.5,176.0,4.7,5.87,10.2,11.9
56.4,55.0,57.8,40.7,35.6,45.8,41.9,46.2,37.6,38.7,36.6,40.8,0.0115,0.0351,0.00869,0.00817,13.5,0.0096,0.00761,0.0373,0.036,0.252,0.0101,12.0,8.0,32,8,800,10.5,10.3,0.025,10.4,12.0,10.8,11.6,12.6,10.1,11.8,20.8,6.9,16.0,174.0,4.73,6.22,10.2,11.2
56.2,54.4,58.0,42.6,43.0,42.2,42.3,45.6,39.0,40.0,39.6,40.4,0.0107,0.0355,0.00829,0.00808,14.3,0.0096,0.0075,0.0374,0.0361,0.254,0.0101,12.1,8.0,33,9,800,10.1,11.2,0.0252,11.1,11.4,11.8,11.5,11.1,9.5,10.9,21.4,6.7,17.3,174.0,4.54,4.81,10.6,10.5
62.0,62.0,62.0,42.0,37.2,46.8,45.5,46.4,44.6,41.0,39.6,42.4,0.0107,0.0351,0.00859,0.00812,12.9,0.00961,0.00801,0.037,0.0361,0.253,0.00981,158.0,72.0,510,270,1 K,11.8,9.9,0.0257,11.7,11.9,13.9,11.6,11.0,11.9,10.6,20.7,5.9,14.8,239.0,6.52,0.0309,0.0,14.3
56.8,56.2,57.4,40.6,44.0,37.2,42.7,46.2,39.2,41.9,40.6,43.2,0.0115,0.0351,0.00914,0.00832,13.0,0.00964,0.00853,0.0372,0.0362,0.251,0.00993,126.0,33.0,530,27,1 K,11.5,12.0,0.0256,13.3,13.9,14.8,12.5,12.1,14.3,11.5,25.8,9.1,21.3,232.0,8.18,0.0309,17.7,17.3
56.1,55.0,57.2,41.8,43.4,40.2,44.9,48.2,41.6,42.6,43.6,41.6,0.0107,0.0349,0.00898,0.00832,13.3,0.0106,0.00753,0.0372,0.0363,0.252,0.0103,113.0,29.0,180,13,1 K,13.6,13.4,0.0249,14.2,12.6,15.2,13.1,13.5,15.2,10.4,27.9,10.9,21.3,219.0,9.83,0.0,21.4,21.9
56.4,59.6,53.2,40.8,43.2,38.4,44.9,40.8,49.0,41.1,36.2,46.0,0.0116,0.0352,0.00955,0.00796,13.6,0.0106,0.00758,0.0372,0.0362,0.251,0.01,98.5,22.0,180,13,1 K,14.7,14.0,0.0255,13.6,13.9,14.8,13.6,13.7,15.7,11.2,27.1,9.6,19.5,218.0,4.93,0.0,25.9,12.0
55.3,54.2,56.4,40.6,40.8,40.4,43.3,48.8,37.8,44.8,45.6,44.0,0.0107,0.0354,0.00917,0.00836,13.7,0.00966,0.00704,0.0372,0.036,0.251,0.011,87.6,19.0,45,9,1 K,13.6,14.0,0.0255,13.7,13.9,14.4,14.3,14.1,15.4,11.4,26.8,9.1,21.0,220.0,4.15,0.0,11.5,12.5
57.0,57.2,56.8,41.0,42.0,40.0,44.1,42.8,45.4,39.9,38.8,41.0,0.0116,0.0357,0.00961,0.00791,14.1,0.00966,0.00762,0.0378,0.0361,0.251,0.0113,79.1,17.0,38,10,1 K,14.2,14.9,0.025,12.6,12.6,13.6,15.7,14.6,15.0,12.5,26.4,9.4,20.6,218.0,4.69,0.0,11.6,13.0
56.4,58.4,54.4,43.6,44.0,43.2,43.6,43.2,44.0,41.5,44.8,38.2,0.0105,0.0357,0.00918,0.00831,14.1,0.00885,0.00706,0.0378,0.036,0.252,0.0111,72.3,16.0,42,10,1 K,14.8,16.3,0.0254,12.7,13.7,12.3,15.2,14.1,15.3,14.2,27.1,9.9,19.2,220.0,5.3,0.0,11.6,12.9
56.8,55.4,58.2,42.9,48.4,37.4,45.5,42.0,49.0,45.5,39.4,51.6,0.0105,0.0357,0.00956,0.00846,14.2,0.0115,0.00763,0.0376,0.036,0.253,0.0112,66.7,15.0,44,11,1 K,14.9,14.5,0.0248,14.1,12.0,13.5,14.9,13.8,14.6,15.2,27.8,9.0,18.6,222.0,6.06,0.0,13.9,14.1
56.1,54.6,57.6,40.4,46.8,34.0,41.7,41.4,42.0,42.2,46.2,38.2,0.0106,0.036,0.00931,0.00837,14.4,0.0106,0.00699,0.0377,0.036,0.252,0.0111,62.9,15.0,51,10,1 K,14.1,12.2,0.0256,14.1,9.7,13.2,14.0,13.1,16.1,15.0,28.1,9.4,19.5,219.0,4.82,0.0,14.3,12.6
55.2,55.8,54.6,41.3,36.4,46.2,45.5,40.2,50.8,44.1,42.7,45.5,0.0117,0.0361,0.00994,0.00792,14.5,0.0115,0.00757,0.0376,0.036,0.252,0.0113,58.9,14.0,49,11,1 K,14.0,11.6,0.0253,12.6,11.6,15.6,14.7,14.1,15.9,14.3,27.7,9.0,19.0,219.0,5.06,0.0,13.5,12.3
56.0,56.2,55.8,43.5,41.8,45.2,46.7,46.2,47.2,43.1,45.1,41.1,0.0107,0.0361,0.00934,0.00829,14.9,0.0105,0.00741,0.0378,0.0358,0.254,0.0111,55.3,13.0,33,9,1 K,13.7,12.7,0.0249,12.9,13.6,18.2,16.4,14.9,13.5,13.9,29.8,9.0,19.0,224.0,4.41,0.0,12.0,12.7
54.6,54.2,55.0,41.2,43.0,39.4,44.1,44.6,43.6,41.1,40.2,42.0,0.0118,0.0364,0.00922,0.00808,15.0,0.0106,0.00745,0.0376,0.0362,0.254,0.0112,52.6,13.0,34,9,1 K,12.8,14.8,0.0248,14.4,13.6,17.0,13.7,14.4,12.7,13.1,28.6,10.0,19.1,219.0,5.08,0.0,11.4,12.2
54.9,55.2,54.6,40.8,42.8,38.8,42.5,42.0,43.0,44.6,44.6,44.6,0.0108,0.0365,0.00925,0.0072,15.3,0.0106,0.00696,0.0376,0.0365,0.253,0.0103,49.9,12.0,34,9,1 K,13.6,15.7,0.0257,13.0,14.0,15.7,12.6,14.2,13.5,13.9,25.5,9.9,18.4,217.0,4.21,0.0,12.3,12.5
55.4,56.2,54.6,41.8,40.8,42.8,43.5,42.8,44.2,41.7,40.0,43.4,0.0117,0.0363,0.00962,0.00766,15.3,0.0116,0.00705,0.0376,0.036,0.251,0.0103,47.7,12.0,32,9,1 K,17.0,14.0,0.0256,13.4,13.2,14.5,14.1,14.6,12.6,14.4,30.0,9.8,18.8,223.0,5.48,0.0,12.3,12.2
56.6,56.8,56.4,40.4,40.2,40.6,45.7,49.8,41.6,42.2,34.2,50.2,0.0142,0.0366,0.0116,0.00849,16.1,0.0108,0.0076,0.0378,0.0359,0.253,0.0103,45.8,12.0,35,10,1 K,17.1,13.0,0.0257,14.3,12.6,14.2,13.2,13.6,13.0,13.7,29.7,8.8,20.7,219.0,5.15,0.0,13.5,14.0
56.3,58.0,54.6,41.1,42.2,40.0,42.6,38.8,46.4,41.6,45.6,37.6,0.015,0.0371,0.0119,0.00845,16.8,0.0117,0.00767,0.0381,0.0362,0.255,0.0104,44.1,12.0,36,10,1 K,14.5,14.6,0.0254,12.3,12.0,14.2,13.2,13.2,15.7,13.0,27.1,8.3,20.5,216.0,5.19,0.0,11.5,13.7
54.3,54.6,54.0,41.1,38.2,44.0,44.2,42.4,46.0,44.6,47.0,42.2,0.0137,0.0369,0.0111,0.00898,17.8,0.011,0.00698,0.0379,0.036,0.255,0.0103,42.5,12.0,34,9,1 K,15.5,15.1,0.0253,12.4,12.4,11.9,14.2,13.5,14.8,13.0,27.5,9.1,18.7,218.0,4.56,0.0,13.3,13.0
56.4,55.6,57.2,40.4,41.0,39.8,42.4,41.0,43.8,36.7,31.8,41.6,0.0101,0.0356,0.00793,0.0118,6.58,0.00874,0.00723,0.0377,0.0361,0.239,0.00953,11.7,8.0,30,7,600,11.0,8.0,0.0247,7.83,9.5,8.83,7.5,7.67,7.5,7.17,15.5,5.5,12.0,215.0,0.0,0.0,0.0,4.68
52.1,48.2,56.0,40.1,39.8,40.4,35.9,41.0,30.8,38.0,35.4,40.6,0.0111,0.0354,0.00843,0.0119,6.86,0.00955,0.00735,0.0379,0.0362,0.242,0.00969,11.7,8.0,34,9,600,10.0,7.6,0.0255,8.4,8.5,9.3,7.4,8.0,7.8,7.0,15.6,4.9,10.8,180.0,4.67,0.0,7.82,7.32
52.5,55.6,49.4,39.9,39.0,40.8,37.5,37.0,38.0,36.2,35.6,36.8,0.0101,0.0357,0.00783,0.00737,6.97,0.0088,0.00673,0.0378,0.0362,0.241,0.0101,11.6,8.0,29,8,600,9.5,7.9,0.0255,9.1,9.0,8.3,8.2,8.6,7.0,8.2,16.8,5.0,9.7,137.0,5.43,0.0,10.5,9.82
50.6,50.6,50.6,39.2,43.6,34.8,34.4,30.0,38.8,34.1,31.0,37.2,0.0101,0.0356,0.00842,0.00854,7.18,0.00965,0.00728,0.0378,0.0363,0.242,0.0102,11.3,8.0,28,7,600,9.5,8.9,0.025,8.5,9.6,7.6,8.4,8.2,6.5,9.0,17.2,6.4,11.4,136.0,6.33,8.21,12.3,7.71
50.3,50.8,49.8,41.2,45.4,37.0,38.0,36.4,39.6,34.9,33.6,36.2,0.0103,0.0355,0.0081,0.00896,7.31,0.00966,0.00674,0.0381,0.0362,0.242,0.0101,11.2,7.0,29,7,600,8.6,9.3,0.0259,8.6,8.1,7.4,7.9,6.9,7.1,7.9,15.5,6.3,11.4,130.0,2.61,9.24,7.8,7.6
49.1,50.6,47.6,42.8,46.4,39.2,39.5,36.6,42.4,34.8,31.8,37.8,0.0112,0.0356,0.0075,0.00866,7.62,0.00966,0.00726,0.0379,0.0361,0.243,0.0103,11.1,7.0,27,7,600,8.5,10.8,0.026,10.0,7.6,8.0,8.4,8.2,7.1,7.5,16.4,6.2,10.5,134.0,3.59,11.1,7.46,7.61
53.1,55.0,51.2,38.7,39.6,37.8,36.6,35.6,37.6,33.4,34.0,32.8,0.0103,0.0355,0.00689,0.00913,7.77,0.00975,0.00667,0.038,0.0361,0.244,0.0101,11.1,7.0,29,8,600,8.1,9.9,0.0258,9.9,7.2,8.6,9.4,7.4,7.3,7.4,18.3,6.6,10.2,134.0,4.36,3.94,9.29,8.69
51.0,48.2,53.8,40.6,33.6,47.6,38.7,39.6,37.8,35.4,39.2,31.6,0.0112,0.0356,0.00789,0.00935,7.84,0.00975,0.00716,0.0377,0.0361,0.241,0.0104,11.1,7.0,32,8,600,7.5,7.6,0.0258,8.6,7.2,9.5,10.1,7.6,7.8,7.2,17.0,6.4,11.9,130.0,4.15,4.75,8.77,8.41
49.1,49.0,49.2,40.6,40.0,41.2,36.2,40.0,32.4,34.1,32.6,35.6,0.0103,0.0358,0.00762,0.00885,8.1,0.00901,0.00662,0.0379,0.0359,0.24,0.0101,11.1,7.0,31,8,600,7.6,7.5,0.0259,7.9,7.9,9.9,10.4,8.3,7.3,6.6,18.0,6.1,12.5,130.0,3.28,4.42,9.17,9.12
52.6,49.8,55.4,39.9,35.4,44.4,39.2,37.8,40.6,33.6,31.4,35.8,0.0118,0.036,0.00811,0.00881,8.27,0.00981,0.00714,0.0378,0.0361,0.244,0.0105,11.1,7.0,31,8,600,8.8,9.1,0.0262,8.3,8.5,8.7,8.8,7.9,7.2,7.1,19.4,5.7,10.2,132.0,3.05,5.27,7.93,8.6
52.9,51.8,54.0,40.5,35.0,46.0,38.0,30.4,45.6,40.1,34.2,46.0,0.0118,0.036,0.00774,0.00876,8.4,0.00906,0.00654,0.0378,0.0359,0.245,0.00934,11.2,7.0,31,8,600,8.2,10.5,0.0262,8.7,8.4,7.4,7.7,7.7,7.3,8.2,17.6,6.2,9.8,133.0,3.17,4.84,8.25,8.18
50.6,49.2,52.0,39.7,40.4,39.0,37.2,37.2,37.2,34.2,32.2,36.2,0.0114,0.0358,0.00827,0.00902,8.52,0.00987,0.00705,0.0379,0.0362,0.244,0.00946,11.1,7.0,28,8,600,7.6,9.5,0.0264,9.9,7.8,7.4,7.2,7.3,8.0,7.2,17.9,6.1,12.2,131.0,3.61,5.09,8.09,7.59
48.7,47.0,50.4,39.2,39.4,39.0,36.8,34.4,39.2,35.9,33.0,38.8,0.0114,0.0357,0.00804,0.00931,8.79,0.00992,0.00705,0.0381,0.0363,0.242,0.00938,11.1,7.0,27,7,600,8.7,8.4,0.0264,9.1,7.3,8.5,7.1,8.6,8.7,6.6,18.6,5.9,12.2,132.0,3.72,4.21,8.56,6.9
51.2,50.8,51.6,43.2,49.0,37.4,39.0,39.0,39.0,33.1,36.6,29.6,0.0114,0.036,0.00856,0.00887,8.94,0.00992,0.0073,0.0377,0.0363,0.242,0.00952,11.0,7.0,29,8,600,8.4,8.3,0.0262,7.9,8.2,9.2,7.0,8.5,8.5,8.5,18.5,5.9,10.5,131.0,3.85,4.62,8.1,8.66
49.8,51.2,48.4,38.9,37.0,40.8,35.5,34.2,36.8,36.8,29.8,43.8,0.0114,0.036,0.00835,0.00898,9.03,0.0091,0.00721,0.0379,0.0363,0.242,0.00924,11.0,7.0,29,8,600,8.1,7.6,0.0263,8.2,8.8,8.7,6.3,9.8,8.2,7.7,17.2,5.3,10.9,127.0,4.14,3.87,8.15,9.11
50.8,48.6,53.0,39.3,42.0,36.6,39.2,37.0,41.4,33.5,31.8,35.2,0.0114,0.0361,0.00885,0.00837,9.25,0.0091,0.00769,0.0377,0.0362,0.242,0.00945,11.0,7.0,28,7,600,9.4,6.8,0.0254,8.8,8.8,8.0,6.8,9.8,7.3,6.2,16.7,5.3,12.1,127.0,3.56,4.68,8.28,7.78
51.4,54.2,48.6,39.9,37.0,42.8,36.8,36.2,37.4,38.3,42.4,34.2,0.0105,0.0361,0.00837,0.00883,9.8,0.01,0.0072,0.0378,0.0364,0.244,0.00942,11.0,7.0,26,7,600,9.9,6.7,0.0262,8.5,9.0,9.4,8.0,8.1,7.7,7.4,17.5,5.2,13.5,132.0,3.58,4.68,8.34,7.99
49.2,52.0,46.4,41.8,42.0,41.6,37.6,39.4,35.8,35.5,29.6,41.4,0.0115,0.0362,0.00874,0.00836,10.3,0.01,0.00768,0.0379,0.0364,0.247,0.0102,10.9,7.0,29,7,600,8.9,6.8,0.0262,8.0,9.0,8.3,9.7,8.6,8.2,7.8,18.0,5.5,13.3,134.0,3.72,4.61,9.32,8.65
50.4,45.0,55.8,38.3,32.2,44.4,36.6,36.0,37.2,34.7,33.8,35.6,0.0106,0.0363,0.00828,0.00836,10.8,0.0107,0.00644,0.0377,0.0364,0.246,0.0101,11.0,7.0,30,8,600,9.5,6.8,0.0255,7.5,8.8,7.4,8.8,8.1,8.3,7.7,16.8,6.0,12.6,132.0,3.66,5.1,9.22,10.1
64.9,61.6,68.2,41.4,36.4,46.4,41.0,41.0,41.0,38.4,41.2,35.6,0.0106,0.0362,0.00857,0.00765,9.82,0.00968,0.00673,0.0375,0.0358,0.247,0.00976,15.2,9.0,54,10,800,10.5,9.3,0.0253,8.7,10.3,10.0,10.1,8.9,8.5,9.8,19.1,5.8,11.0,226.0,4.69,0.0,8.71,10.2
57.0,59.0,55.0,41.8,42.6,41.0,41.8,38.0,45.6,41.6,45.4,37.8,0.0108,0.0361,0.00821,0.00813,9.95,0.0104,0.00621,0.0374,0.0358,0.246,0.00968,14.3,8.0,59,10,800,10.9,10.8,0.0259,9.7,12.5,10.7,10.8,11.4,11.4,11.0,23.7,7.3,15.7,213.0,6.42,6.59,11.8,13.8
58.0,59.0,57.0,42.8,41.6,44.0,44.6,48.4,40.8,38.8,32.2,45.4,0.0108,0.0361,0.0087,0.00767,10.1,0.00961,0.00677,0.0377,0.036,0.246,0.00941,14.0,8.0,34,8,800,10.2,10.5,0.0254,11.1,12.6,11.5,11.3,11.7,11.6,10.5,25.2,7.9,15.8,180.0,7.41,8.33,16.5,17.1
55.6,55.8,55.4,38.0,40.2,35.8,41.4,41.2,41.6,39.1,39.6,38.6,0.0112,0.036,0.00751,0.00745,10.3,0.0105,0.00674,0.0378,0.0358,0.247,0.00984,13.5,8.0,30,8,800,10.3,11.7,0.0259,11.2,10.8,12.6,10.9,10.9,11.0,9.6,24.7,7.9,15.4,178.0,4.37,11.1,11.2,10.0
57.8,61.0,54.6,41.1,41.6,40.6,42.5,38.6,46.4,42.7,40.8,44.6,0.0124,0.0358,0.00907,0.00809,10.4,0.0105,0.00678,0.0377,0.0359,0.251,0.00997,13.4,8.0,31,8,800,9.9,12.2,0.0259,9.1,10.7,11.9,10.0,10.3,10.8,10.8,23.2,7.3,14.8,173.0,4.33,5.52,11.5,10.7
56.3,56.4,56.2,42.1,40.2,44.0,40.4,41.6,39.2,36.9,34.8,39.0,0.0109,0.0358,0.0088,0.00803,10.6,0.00967,0.00626,0.0378,0.0357,0.247,0.0103,13.1,8.0,31,9,800,11.1,10.6,0.0253,9.6,10.8,11.9,10.5,11.5,11.2,11.5,23.2,6.7,14.5,173.0,5.02,5.66,10.4,11.6
58.4,57.6,59.2,40.7,41.8,39.6,41.0,36.6,45.4,39.9,43.2,36.6,0.012,0.0358,0.00935,0.0081,10.7,0.0104,0.00747,0.0377,0.0357,0.248,0.0108,12.9,8.0,28,9,800,11.9,9.2,0.0258,12.1,8.9,11.7,10.7,12.6,11.1,11.5,22.2,6.3,15.6,174.0,4.22,5.39,10.9,12.2
54.9,55.6,54.2,41.3,38.0,44.6,38.7,41.8,35.6,40.6,44.4,36.8,0.0111,0.0359,0.00902,0.00771,10.9,0.00959,0.00746,0.0378,0.0355,0.247,0.0107,12.8,8.0,29,9,800,11.5,10.6,0.0255,13.3,9.0,9.9,11.1,10.4,12.2,11.2,21.1,5.9,17.1,174.0,4.05,6.81,10.8,9.35
55.9,57.6,54.2,40.4,39.0,41.8,42.4,38.0,46.8,38.6,38.6,38.6,0.012,0.0358,0.00922,0.00745,11.1,0.00969,0.00766,0.0376,0.0356,0.25,0.0108,12.7,8.0,30,9,800,11.4,10.9,0.0251,12.6,11.0,10.0,10.9,9.9,12.2,10.1,22.1,6.9,16.7,174.0,4.54,6.79,11.0,8.95
61.0,60.2,61.8,41.2,40.0,42.4,40.2,41.4,39.0,39.5,35.4,43.6,0.0111,0.0355,0.0087,0.00798,11.3,0.00969,0.00689,0.0375,0.0353,0.252,0.0107,12.7,8.0,30,9,800,11.1,11.6,0.025,10.5,12.5,9.7,9.8,12.8,11.8,9.6,23.0,7.6,15.3,176.0,5.69,6.24,8.84,10.7
55.6,56.4,54.8,42.7,43.8,41.6,42.0,41.2,42.8,39.7,42.4,37.0,0.012,0.0357,0.00886,0.00774,11.4,0.0104,0.00693,0.0375,0.0352,0.251,0.011,12.7,8.0,32,9,800,10.8,12.6,0.0255,10.2,13.1,7.9,9.1,11.9,14.2,11.2,23.4,7.0,15.7,178.0,5.53,5.72,11.0,12.6
58.6,61.0,56.2,40.1,41.4,38.8,39.1,38.4,39.8,37.4,38.4,36.4,0.0112,0.0356,0.00879,0.00765,11.7,0.0104,0.00644,0.0375,0.035,0.253,0.0107,12.6,8.0,33,9,800,10.8,10.3,0.0256,10.5,12.5,8.1,9.1,10.0,13.0,12.0,23.5,7.2,15.3,174.0,5.07,5.76,11.4,12.9
58.4,59.2,57.6,41.4,44.2,38.6,42.7,46.6,38.8,40.2,41.0,39.4,0.012,0.0357,0.0093,0.00755,12.0,0.00937,0.00689,0.0372,0.0352,0.25,0.0108,12.6,8.0,32,9,800,10.2,9.2,0.0256,11.1,11.6,9.1,10.1,10.9,11.8,11.9,22.6,9.1,14.6,172.0,4.75,5.73,12.6,11.2
57.2,58.8,55.6,40.5,43.4,37.6,41.5,42.0,41.0,39.1,34.2,44.0,0.0111,0.0356,0.0089,0.00803,12.2,0.00937,0.00641,0.0375,0.0351,0.251,0.01,12.6,8.0,32,9,800,10.2,11.4,0.0254,13.4,11.1,9.6,10.4,11.8,11.5,11.9,24.1,9.7,14.7,180.0,5.08,6.44,10.9,9.2
58.2,58.6,57.8,40.5,43.6,37.4,45.8,50.0,41.6,40.4,39.4,41.4,0.0121,0.0355,0.00923,0.00813,12.3,0.00921,0.00693,0.0377,0.0351,0.25,0.0101,12.5,8.0,30,9,800,10.3,12.0,0.0254,12.7,11.0,9.3,10.1,11.5,10.5,12.1,24.4,8.6,14.2,177.0,4.25,6.18,10.7,10.6
56.2,54.2,58.2,39.9,42.2,37.6,38.9,42.6,35.2,40.2,42.6,37.8,0.0121,0.0355,0.0087,0.0077,13.0,0.00921,0.00693,0.0376,0.0351,0.251,0.0101,12.5,8.0,30,9,800,10.4,11.1,0.0255,11.8,11.1,9.3,12.0,11.7,12.3,11.7,23.9,8.2,13.8,178.0,3.39,6.79,11.1,9.5
59.2,56.8,61.6,42.2,43.2,41.2,42.8,44.0,41.6,37.1,41.2,33.0,0.0112,0.0353,0.0091,0.00793,13.8,0.00918,0.00707,0.0376,0.0348,0.255,0.0103,12.5,8.0,31,9,800,11.1,12.0,0.0255,12.2,11.3,9.9,12.6,11.9,11.5,10.6,22.8,7.4,15.0,181.0,4.0,6.29,10.2,12.2
56.7,56.2,57.2,39.6,37.4,41.8,40.8,37.7,43.9,39.5,35.0,44.0,0.0112,0.0354,0.00859,0.00793,14.5,0.00988,0.00651,0.0378,0.0353,0.255,0.0101,12.5,8.0,31,8,800,10.6,12.5,0.0249,10.5,11.2,11.5,10.5,12.0,10.5,11.4,21.2,6.7,15.4,175.0,5.32,6.51,11.4,9.87
63.4,65.2,61.6,40.7,45.6,35.8,44.2,48.0,40.4,42.4,46.0,38.8,0.0106,0.0349,0.00773,0.00775,13.1,0.00914,0.008,0.0376,0.035,0.245,0.0103,121.0,73.0,420,150,1 K,10.9,10.9,0.0262,10.3,12.5,10.7,10.8,11.6,14.6,12.4,21.8,6.3,16.2,243.0,5.55,0.0259,13.8,0.0
54.4,54.2,54.6,40.5,39.2,41.8,43.9,43.0,44.8,41.5,42.4,40.6,0.0106,0.035,0.00891,0.00752,13.2,0.0101,0.00807,0.0377,0.0352,0.246,0.0101,98.4,32.0,430,34,1 K,11.6,14.2,0.026,11.7,12.1,12.9,13.6,14.9,16.6,13.9,27.9,8.9,18.5,236.0,4.27,0.0259,12.7,17.9
55.7,56.6,54.8,41.2,41.2,41.2,44.9,46.4,43.4,40.9,39.2,42.6,0.0105,0.0351,0.00839,0.00787,13.6,0.0102,0.00686,0.0375,0.0354,0.243,0.00961,85.1,25.0,79,10,1 K,12.3,14.9,0.0257,11.9,11.2,12.9,15.2,16.6,14.8,12.4,32.1,10.9,19.1,219.0,4.78,0.0,13.4,22.3
57.1,57.6,56.6,43.2,39.6,46.8,45.7,49.2,42.2,41.4,40.6,42.2,0.0105,0.0352,0.00865,0.0076,13.7,0.0102,0.00684,0.0373,0.0354,0.249,0.00982,73.9,20.0,79,11,1 K,12.7,15.0,0.0265,13.3,12.9,13.5,14.8,14.0,14.9,11.5,29.5,9.8,18.3,217.0,5.01,0.0,12.2,25.8
54.2,52.6,55.8,39.9,36.0,43.8,43.9,40.8,47.0,41.1,44.6,37.6,0.0107,0.0355,0.00824,0.00791,13.9,0.00934,0.00664,0.0372,0.0354,0.246,0.00978,65.6,16.0,33,9,1 K,12.0,14.8,0.0263,14.9,15.0,15.3,13.3,12.2,17.3,12.7,27.7,9.3,17.6,220.0,4.97,0.0,12.9,12.9
56.1,56.4,55.8,45.1,48.0,42.2,43.9,44.2,43.6,42.5,41.8,43.2,0.0116,0.0356,0.00824,0.00738,14.0,0.0101,0.00671,0.0375,0.0354,0.244,0.00988,59.8,15.0,35,10,1 K,11.6,15.1,0.0268,15.4,14.7,14.5,12.3,11.8,14.2,13.1,27.7,9.4,18.3,216.0,4.18,0.0,11.6,12.5
55.2,57.4,53.0,40.5,39.0,42.0,46.3,44.2,48.4,44.2,41.2,47.2,0.0108,0.0356,0.00884,0.00761,14.1,0.00939,0.00667,0.0374,0.0357,0.246,0.00977,54.8,14.0,35,10,1 K,12.1,15.3,0.0261,12.9,13.5,13.4,14.5,12.3,11.6,13.5,27.9,9.5,19.0,215.0,4.51,0.0,12.4,13.0
55.0,54.0,56.0,39.8,34.0,45.6,43.1,43.2,43.0,42.9,42.0,43.8,0.0117,0.0354,0.00881,0.00778,14.2,0.0102,0.00722,0.0376,0.036,0.248,0.00987,51.0,14.0,35,10,1 K,12.8,15.4,0.0269,11.6,13.8,12.5,16.0,12.9,13.3,13.3,26.2,8.1,19.6,215.0,5.48,0.0,12.7,11.4
58.3,57.6,59.0,42.4,41.4,43.4,44.0,41.4,46.6,42.4,44.8,40.0,0.0108,0.0354,0.0084,0.00734,14.3,0.0094,0.00678,0.0378,0.0357,0.246,0.0104,48.0,13.0,41,11,1 K,14.7,15.3,0.0266,13.6,14.3,13.3,13.6,11.6,15.2,12.7,26.6,8.3,19.1,219.0,5.3,0.0,13.2,12.8
55.8,54.8,56.8,40.4,41.6,39.2,45.6,48.2,43.0,42.1,41.2,43.0,0.0118,0.0354,0.00883,0.00759,14.6,0.0108,0.00741,0.0376,0.036,0.244,0.0104,45.2,13.0,36,10,1 K,14.2,15.4,0.0266,15.9,13.9,15.4,11.8,12.6,14.7,13.4,30.9,11.4,18.3,227.0,5.48,0.0,12.7,12.4
56.3,58.4,54.2,41.2,44.6,37.8,41.7,39.6,43.8,43.0,39.6,46.4,0.0108,0.0356,0.00827,0.00807,14.8,0.00949,0.00733,0.0376,0.0362,0.247,0.0104,43.2,13.0,47,12,1 K,13.1,15.1,0.0272,15.2,14.0,14.3,12.6,15.0,13.7,14.2,31.8,11.0,19.5,227.0,4.56,0.0,11.6,13.8
55.7,53.4,58.0,42.6,45.8,39.4,43.7,38.8,48.6,44.5,43.8,45.2,0.0117,0.0358,0.00816,0.00816,15.0,0.0105,0.00735,0.0377,0.0361,0.247,0.0105,41.2,13.0,44,12,1 K,14.8,14.8,0.0266,13.2,13.7,13.9,13.4,14.9,13.6,13.3,30.9,9.5,19.3,224.0,5.05,0.0,12.1,12.1
56.5,55.6,57.4,40.9,44.2,37.6,44.7,41.0,48.4,43.0,45.6,40.4,0.0117,0.0358,0.00851,0.00803,15.1,0.0106,0.00727,0.0379,0.0364,0.245,0.0105,39.9,12.0,65,11,1 K,14.0,15.2,0.0273,12.9,12.8,14.6,13.0,14.0,12.1,13.0,29.7,9.6,18.4,217.0,5.04,0.0,12.4,12.3
55.3,53.8,56.8,44.1,36.6,51.6,44.0,45.2,42.8,41.6,42.8,40.4,0.0117,0.0356,0.0087,0.00814,15.1,0.00994,0.00731,0.0378,0.0363,0.247,0.0107,38.6,12.0,80,12,1 K,12.0,14.7,0.0271,12.6,13.7,14.2,12.7,12.3,12.1,13.5,28.9,9.5,19.6,213.0,5.49,0.0,11.9,12.2
56.0,55.2,56.8,40.8,38.6,43.0,44.7,49.2,40.2,43.3,43.8,42.8,0.0108,0.0359,0.00812,0.00836,15.7,0.011,0.00674,0.0378,0.0363,0.251,0.0106,37.1,12.0,38,9,1 K,12.8,14.0,0.0271,12.5,14.4,14.9,12.0,13.1,13.9,12.4,27.9,9.3,20.8,215.0,5.15,0.0,12.1,11.7
54.6,57.0,52.2,40.5,42.2,38.8,44.7,47.0,42.4,40.5,36.0,45.0,0.0117,0.036,0.00841,0.00808,16.9,0.011,0.00727,0.0379,0.0361,0.251,0.0108,36.6,12.0,95,11,1 K,14.1,12.7,0.0266,14.5,14.7,13.9,10.8,14.8,15.0,12.4,28.5,8.9,20.5,217.0,5.2,0.0,13.1,12.4
56.8,59.2,54.4,42.6,45.2,40.0,44.1,43.8,44.4,44.8,44.4,45.2,0.0117,0.0361,0.00805,0.00795,17.5,0.0102,0.00671,0.0381,0.0366,0.254,0.0104,35.6,12.0,97,12,1 K,14.0,12.6,0.0275,15.1,16.3,11.4,11.6,13.8,15.2,14.5,29.6,7.9,19.4,217.0,4.74,0.0,13.4,12.9
60.4,58.8,62.0,38.1,38.4,37.8,40.3,34.2,46.4,36.5,36.2,36.8,0.0103,0.0351,0.0082,0.00817,6.68,0.00914,0.00717,0.0368,0.0359,0.239,0.0093,13.2,8.0,34,8,600,7.5,8.5,0.0261,6.33,5.67,6.33,8.0,7.17,7.0,7.5,14.8,4.33,10.3,195.0,0.0,3.3,0.0,0.0
52.3,50.4,54.2,43.7,44.8,42.6,36.6,33.0,40.2,34.9,34.4,35.4,0.0113,0.035,0.00877,0.00767,6.94,0.00924,0.00724,0.037,0.0361,0.244,0.00968,12.5,8.0,35,9,600,8.1,9.2,0.026,6.0,8.7,8.3,7.8,8.3,8.7,8.7,17.5,5.4,11.2,187.0,3.81,4.3,7.64,0.0
53.2,51.0,55.4,38.3,34.6,42.0,39.4,39.4,39.4,36.6,35.4,37.8,0.0104,0.0353,0.00848,0.00801,7.01,0.00924,0.00661,0.0369,0.0361,0.242,0.00962,12.4,8.0,31,8,600,8.0,9.2,0.027,6.3,10.3,8.9,7.1,9.2,9.4,8.9,18.0,6.1,9.8,144.0,4.71,6.22,10.3,8.86
48.9,48.0,49.8,39.7,43.4,36.0,36.5,32.4,40.6,37.6,31.6,43.6,0.0112,0.0354,0.00902,0.00818,7.31,0.00919,0.00718,0.0367,0.0361,0.242,0.00928,12.1,8.0,32,8,600,8.0,9.3,0.0263,8.1,8.2,8.0,7.0,8.6,7.3,9.3,17.1,6.6,10.5,131.0,5.6,4.79,13.3,12.9
53.8,52.4,55.2,41.0,45.6,36.4,38.9,34.0,43.8,35.2,32.0,38.4,0.0112,0.0354,0.00863,0.00793,7.43,0.0106,0.00662,0.0368,0.0361,0.243,0.00968,12.0,8.0,31,8,600,8.8,8.8,0.027,8.5,6.8,7.8,6.7,7.8,6.9,9.2,17.4,7.1,11.9,133.0,3.36,4.82,8.78,16.3
52.7,54.8,50.6,39.4,42.4,36.4,36.7,41.6,31.8,34.6,34.4,34.8,0.0111,0.0354,0.00912,0.0102,7.71,0.0106,0.00716,0.037,0.0362,0.241,0.00987,11.9,8.0,30,8,600,8.9,8.2,0.0271,9.3,7.8,7.7,7.8,6.9,8.5,9.1,18.9,7.4,12.7,137.0,3.35,4.75,8.52,9.19
48.6,47.6,49.6,40.7,40.4,41.0,35.9,32.0,39.8,34.2,39.0,29.4,0.0132,0.0355,0.00843,0.0107,7.88,0.0106,0.0073,0.0371,0.0363,0.239,0.0103,11.7,8.0,29,8,600,8.3,7.9,0.0272,10.1,7.7,8.1,8.0,7.1,8.4,8.9,18.0,6.9,12.8,134.0,4.01,3.92,7.65,8.25
52.3,56.0,48.6,40.4,40.6,40.2,37.6,36.2,39.0,36.1,41.8,30.4,0.0141,0.0354,0.00881,0.0108,8.09,0.00851,0.00738,0.037,0.0363,0.239,0.0103,11.5,8.0,26,7,600,9.3,7.4,0.028,9.9,7.0,9.5,6.6,6.8,9.1,8.9,15.7,5.8,14.1,132.0,3.42,4.75,7.15,7.27
50.0,51.8,48.2,43.1,45.2,41.0,36.7,35.0,38.4,34.2,35.4,33.0,0.0128,0.0358,0.00842,0.0106,8.24,0.00941,0.00686,0.0372,0.0363,0.24,0.0102,11.5,8.0,27,8,600,9.2,8.0,0.0283,8.7,7.2,9.5,6.9,7.9,9.7,8.2,16.3,4.8,12.8,135.0,4.24,4.37,8.28,7.9
53.0,47.0,59.0,40.1,42.4,37.8,38.0,37.2,38.8,34.3,33.8,34.8,0.0138,0.0358,0.00907,0.0107,8.37,0.0102,0.00745,0.0371,0.0363,0.243,0.01,11.4,7.0,28,8,600,8.2,7.9,0.0284,7.8,7.7,8.8,7.7,8.9,9.1,7.4,17.1,4.8,10.6,133.0,3.53,5.56,8.63,8.63
50.1,51.8,48.4,41.9,41.8,42.0,36.5,39.8,33.2,36.4,40.6,32.2,0.0129,0.0359,0.00877,0.00936,8.5,0.0094,0.0075,0.0369,0.0362,0.242,0.0103,11.4,8.0,29,8,600,8.0,8.1,0.0282,6.9,9.5,9.5,8.5,7.7,7.7,7.9,16.1,5.9,10.2,131.0,3.41,4.71,8.31,9.15
50.1,49.8,50.4,39.7,40.4,39.0,39.6,39.8,39.4,35.8,37.0,34.6,0.0138,0.0358,0.00906,0.0106,8.7,0.0102,0.00754,0.0369,0.0365,0.242,0.0106,11.3,8.0,27,8,600,8.7,9.0,0.0283,6.6,9.2,9.8,9.0,8.6,7.5,7.6,16.2,6.2,8.8,131.0,3.25,5.04,7.5,9.35
54.2,52.0,56.4,40.4,38.4,42.4,35.9,36.4,35.4,38.3,35.4,41.2,0.0138,0.0356,0.00857,0.0111,8.89,0.00945,0.00703,0.0367,0.0363,0.24,0.0104,11.3,8.0,26,8,600,9.3,8.1,0.0284,7.6,8.2,9.5,8.4,7.5,8.4,7.4,18.0,6.1,9.8,132.0,3.07,3.82,7.62,8.09
51.4,53.2,49.6,40.5,41.0,40.0,37.2,37.8,36.6,35.3,35.4,35.2,0.0129,0.0358,0.00857,0.0108,9.17,0.00868,0.00714,0.0366,0.0367,0.241,0.0109,11.3,7.0,28,7,600,8.8,7.8,0.0284,7.9,7.5,9.0,8.7,7.6,7.5,7.4,19.0,6.1,11.5,132.0,3.88,4.68,8.9,7.71
48.3,49.0,47.6,38.3,34.2,42.4,38.1,41.2,35.0,31.9,31.4,32.4,0.0129,0.0357,0.00834,0.0107,9.29,0.00949,0.0076,0.0366,0.0368,0.24,0.00979,11.2,7.0,30,7,600,8.5,9.0,0.0285,8.3,6.8,8.7,9.6,9.2,6.5,7.4,17.4,6.3,11.8,132.0,3.23,3.87,8.79,8.59
50.9,52.6,49.2,42.6,39.4,45.8,37.0,37.2,36.8,36.8,30.0,43.6,0.0129,0.0356,0.00858,0.0109,9.3,0.0102,0.00773,0.0365,0.0367,0.242,0.00991,11.2,7.0,28,7,600,7.0,9.2,0.0287,7.6,7.9,9.2,7.9,8.1,7.8,7.8,15.9,5.2,13.7,129.0,4.14,4.72,9.33,9.0
51.5,50.2,52.8,40.6,40.0,41.2,36.8,38.0,35.6,33.6,26.2,41.0,0.0138,0.0356,0.00834,0.0113,9.95,0.0102,0.00721,0.0365,0.0369,0.242,0.00976,11.2,7.0,27,7,600,7.5,7.8,0.0289,7.6,9.1,9.3,8.8,8.3,7.6,7.5,16.2,4.0,13.5,128.0,3.39,4.65,6.73,9.07
48.3,48.2,48.4,41.0,40.6,41.4,38.0,34.6,41.4,35.7,37.4,34.0,0.013,0.0359,0.0085,0.0114,10.4,0.00946,0.00845,0.0366,0.0368,0.242,0.00991,11.1,7.0,28,8,600,8.8,10.0,0.0289,8.2,8.4,9.9,10.2,8.7,7.4,7.1,17.4,4.0,10.4,132.0,4.05,4.68,7.7,8.32
52.4,54.0,50.8,41.2,41.8,40.6,35.0,36.0,34.0,36.8,39.4,34.2,0.0131,0.0359,0.0083,0.0112,10.9,0.00946,0.00789,0.0365,0.037,0.245,0.0102,11.1,7.0,27,8,600,7.2,10.4,0.0287,7.8,7.6,9.8,7.9,8.1,7.8,7.7,17.0,4.0,10.3,128.0,3.42,4.6,7.91,7.82
65.7,66.6,64.8,42.4,40.8,44.0,41.8,43.4,40.2,41.9,40.4,43.4,0.0144,0.036,0.00848,0.0108,9.84,0.0094,0.00772,0.0365,0.0369,0.244,0.0109,19.7,11.0,75,12,800,9.4,8.5,0.0287,9.0,8.0,8.9,10.3,7.2,8.1,8.9,19.5,6.3,11.7,216.0,0.0,0.0,8.65,9.22
56.3,54.8,57.8,41.6,42.4,40.8,41.9,38.0,45.8,39.3,37.2,41.4,0.0135,0.0361,0.00796,0.00871,9.91,0.0094,0.00718,0.0364,0.0368,0.246,0.0107,18.4,10.0,83,13,800,12.5,11.1,0.0292,11.3,10.4,10.9,12.2,9.6,9.4,10.1,24.3,7.8,16.4,219.0,5.98,0.0,13.0,12.7
56.0,57.0,55.0,43.7,42.6,44.8,40.5,46.8,34.2,40.4,41.6,39.2,0.0114,0.036,0.00786,0.00824,10.2,0.0102,0.00704,0.0365,0.0369,0.245,0.0102,16.7,9.0,31,8,800,11.9,11.3,0.0287,11.2,12.7,12.1,10.0,11.5,8.9,9.8,23.3,7.6,16.7,182.0,7.62,0.0,15.9,10.2
56.5,56.6,56.4,42.6,39.8,45.4,42.2,45.6,38.8,38.9,40.0,37.8,0.0105,0.036,0.00788,0.00849,10.3,0.0102,0.00744,0.0366,0.0368,0.247,0.0101,15.8,9.0,28,8,800,11.0,11.3,0.028,9.6,12.9,10.9,10.4,11.4,10.6,10.9,23.4,8.3,13.4,176.0,8.62,10.9,10.9,11.1
56.7,55.4,58.0,39.3,39.6,39.0,40.1,39.6,40.6,38.0,39.4,36.6,0.0112,0.0358,0.0085,0.00819,10.5,0.00995,0.00752,0.0364,0.0368,0.243,0.0102,15.2,9.0,30,8,800,10.8,12.6,0.0286,10.6,9.6,10.7,9.5,9.9,12.9,11.8,24.4,8.5,12.5,176.0,4.26,11.9,10.3,9.79
58.7,58.8,58.6,41.6,45.0,38.2,42.1,42.8,41.4,39.8,38.2,41.4,0.0103,0.0358,0.00803,0.00859,10.6,0.01,0.00693,0.0364,0.0367,0.245,0.0105,14.7,8.0,30,8,800,10.2,12.8,0.0285,12.1,10.2,11.7,8.8,12.0,11.2,11.7,24.1,8.1,14.3,177.0,4.35,15.8,10.8,9.51
59.4,56.8,62.0,43.6,44.6,42.6,38.5,42.0,35.0,36.4,35.4,37.4,0.0111,0.036,0.00819,0.00871,10.7,0.01,0.00687,0.0363,0.0366,0.244,0.0101,14.4,8.0,30,9,800,10.9,11.3,0.0278,11.6,12.4,11.4,9.9,10.1,9.7,12.1,24.4,7.2,14.5,176.0,4.98,6.72,11.1,9.82
58.6,61.2,56.0,41.6,42.4,40.8,41.7,45.6,37.8,42.0,47.0,37.0,0.0102,0.036,0.00769,0.00753,10.9,0.00922,0.00683,0.0364,0.0365,0.242,0.00987,14.0,8.0,28,8,800,11.3,11.5,0.0278,11.6,11.6,10.1,10.8,9.4,9.8,11.1,24.7,7.1,14.5,172.0,4.97,6.59,11.2,12.0
57.4,58.0,56.8,43.9,44.4,43.4,40.3,41.0,39.6,40.7,42.0,39.4,0.0102,0.0363,0.00765,0.00958,11.2,0.01,0.00738,0.0362,0.0367,0.244,0.01,13.8,8.0,30,8,800,12.0,11.0,0.0285,12.7,10.2,9.3,11.6,12.1,9.9,10.4,24.4,6.6,16.3,176.0,4.72,4.66,11.7,11.8
57.4,60.8,54.0,41.7,46.2,37.2,40.4,40.6,40.2,39.7,32.2,47.2,0.0112,0.0361,0.00852,0.0101,11.3,0.01,0.0068,0.0363,0.0364,0.247,0.0101,13.7,8.0,32,9,800,13.6,9.8,0.0278,12.6,10.4,10.8,10.7,11.0,11.6,9.8,22.8,6.8,15.0,176.0,4.67,5.91,11.4,11.4
58.0,58.0,58.0,41.1,46.0,36.2,40.9,40.0,41.8,36.8,33.6,40.0,0.0103,0.0361,0.00688,0.0102,11.6,0.0101,0.00769,0.0363,0.0362,0.245,0.0107,13.5,8.0,31,9,800,11.8,9.9,0.0285,11.2,11.6,10.1,9.4,10.5,12.8,10.8,22.7,7.9,13.5,174.0,4.75,6.82,10.2,11.3
56.9,55.0,58.8,40.2,44.2,36.2,41.2,38.4,44.0,40.4,38.4,42.4,0.0111,0.0364,0.00808,0.0102,11.9,0.0103,0.00756,0.0363,0.0364,0.246,0.0106,13.4,8.0,30,8,800,10.4,8.8,0.0283,12.1,12.1,8.9,10.0,11.5,13.4,10.5,23.7,8.3,15.2,177.0,4.25,6.85,10.4,11.9
56.5,55.2,57.8,43.3,46.2,40.4,41.6,37.4,45.8,39.2,40.4,38.0,0.0111,0.0363,0.00838,0.00977,12.0,0.0103,0.00806,0.0363,0.0364,0.245,0.0106,13.3,8.0,29,8,800,11.5,10.1,0.0276,11.2,10.5,9.6,11.8,11.9,12.6,9.9,22.8,7.9,14.0,177.0,4.41,5.72,10.2,12.1
55.7,53.8,57.6,41.9,45.2,38.6,41.2,41.6,40.8,40.7,35.4,46.0,0.0111,0.0364,0.00799,0.0101,12.2,0.00946,0.00739,0.0361,0.0365,0.246,0.0105,13.2,8.0,31,9,800,11.6,13.2,0.0276,9.7,9.8,10.2,13.0,10.0,10.1,11.0,23.1,8.2,13.8,175.0,4.42,6.33,11.3,11.8
56.6,56.8,56.4,44.3,41.2,47.4,41.6,35.4,47.8,39.5,35.4,43.6,0.0111,0.0367,0.0082,0.00986,12.3,0.0102,0.00747,0.0361,0.0366,0.245,0.0102,13.0,8.0,31,8,800,11.3,12.4,0.0284,9.3,11.5,10.8,12.2,10.9,10.4,12.6,23.3,8.4,15.9,177.0,5.15,6.75,11.2,9.19
57.2,56.0,58.4,40.6,36.2,45.0,38.8,35.0,42.6,39.1,36.6,41.6,0.0111,0.0367,0.00768,0.0102,12.9,0.00939,0.00699,0.036,0.0364,0.248,0.0104,12.9,8.0,28,8,800,10.5,11.6,0.0275,10.1,11.1,10.9,11.6,11.1,11.7,11.4,21.5,7.3,17.5,174.0,4.99,5.81,11.0,10.9
57.3,58.8,55.8,41.4,47.8,35.0,42.2,44.0,40.4,39.9,39.6,40.2,0.0101,0.0366,0.00831,0.00977,13.5,0.00942,0.00753,0.0359,0.0361,0.249,0.0105,12.8,8.0,29,8,800,12.1,11.4,0.0275,11.8,10.0,10.9,11.0,9.8,10.8,9.8,23.5,7.7,16.7,177.0,4.83,5.35,10.0,10.5
57.2,59.6,54.8,40.8,36.6,45.0,42.9,42.8,43.0,40.9,43.8,38.0,0.00892,0.0367,0.00831,0.0103,14.4,0.00942,0.00697,0.0356,0.0363,0.25,0.0097,12.8,8.0,31,8,800,12.4,10.8,0.0278,11.6,11.0,9.3,11.6,9.0,11.5,9.8,25.3,7.4,15.3,177.0,4.45,5.77,11.0,11.7
61.9,58.6,65.2,41.0,39.4,42.6,43.6,38.2,49.0,41.8,40.8,42.8,0.0105,0.0363,0.00799,0.0104,13.0,0.0106,0.00701,0.0353,0.0366,0.247,0.0105,141.0,73.0,590,110,1 K,12.7,11.2,0.0265,8.7,12.4,10.0,11.0,9.0,11.3,10.6,21.3,6.6,16.4,237.0,5.73,0.0,12.9,0.0
55.4,55.2,55.6,39.7,36.8,42.6,44.4,41.2,47.6,41.1,43.6,38.6,0.0105,0.0361,0.00782,0.00991,13.2,0.00973,0.00752,0.0353,0.0367,0.245,0.0108,118.0,44.0,590,120,1 K,13.7,12.2,0.0263,13.8,13.6,11.2,14.6,11.8,13.9,14.1,25.4,8.6,16.4,235.0,7.52,0.0251,16.6,0.0
56.0,55.8,56.2,41.7,41.6,41.8,43.9,44.4,43.4,41.6,39.6,43.6,0.0104,0.0359,0.00783,0.0104,13.4,0.00973,0.00697,0.0355,0.0368,0.248,0.0107,99.6,28.0,49,12,1 K,14.1,11.8,0.0268,16.2,13.1,12.2,16.0,11.2,14.0,14.6,30.0,9.3,16.3,223.0,9.27,0.0251,12.2,22.2
57.5,58.0,57.0,44.3,49.6,39.0,46.8,48.8,44.8,43.0,44.0,42.0,0.0104,0.0358,0.00882,0.0101,13.5,0.0107,0.00828,0.0352,0.0367,0.252,0.0104,85.9,21.0,47,11,1 K,13.7,12.5,0.0269,14.3,13.3,13.0,15.4,11.8,11.7,14.3,29.5,9.4,20.1,219.0,5.36,0.0251,12.7,26.5
54.8,56.2,53.4,40.7,44.0,37.4,44.7,49.2,40.2,43.4,40.0,46.8,0.0113,0.0358,0.00903,0.00735,13.8,0.00989,0.00773,0.0356,0.0365,0.249,0.0108,76.0,18.0,32,9,1 K,14.8,13.8,0.026,15.1,14.3,14.3,13.5,14.2,11.7,14.2,30.0,10.0,19.9,227.0,5.32,0.0,13.2,31.1
58.3,59.8,56.8,42.1,36.4,47.8,46.9,47.4,46.4,45.0,49.4,40.6,0.0104,0.0359,0.00869,0.00739,14.0,0.0107,0.0083,0.0357,0.0364,0.248,0.0103,69.0,17.0,43,11,1 K,15.2,13.9,0.0265,15.2,12.3,12.9,13.3,14.2,12.2,14.9,29.9,10.5,19.6,224.0,5.07,0.0,12.7,11.9
56.0,56.2,55.8,43.1,42.8,43.4,43.7,45.2,42.2,40.8,41.0,40.6,0.0113,0.0363,0.00879,0.0167,14.0,0.00986,0.00738,0.0356,0.0365,0.25,0.0101,62.9,15.0,47,11,1 K,13.5,14.7,0.0262,15.0,12.1,13.2,13.7,14.1,13.8,14.1,30.6,11.0,18.5,223.0,5.4,0.0,12.3,12.9
57.8,59.0,56.6,41.5,46.6,36.4,45.9,48.6,43.2,43.4,46.6,40.2,0.0114,0.0361,0.0081,0.0161,14.2,0.00971,0.0075,0.0357,0.0365,0.25,0.0105,57.9,14.0,32,9,1 K,14.7,14.8,0.0268,15.4,14.4,13.8,13.0,14.3,15.7,13.0,31.9,11.6,17.6,228.0,4.58,0.0,11.5,11.7
54.1,52.2,56.0,44.3,41.8,46.8,43.8,46.4,41.2,43.0,42.8,43.2,0.0105,0.0362,0.00759,0.0169,14.3,0.00971,0.007,0.0358,0.0364,0.25,0.0102,54.4,14.0,40,10,1 K,14.0,13.8,0.0268,14.0,14.6,12.4,14.0,15.5,15.2,13.7,29.9,11.2,19.5,226.0,4.79,0.0,12.8,13.6
55.7,56.4,55.0,41.6,39.0,44.2,43.1,41.8,44.4,46.0,43.6,48.4,0.0119,0.0359,0.00759,0.0166,14.6,0.0105,0.00698,0.0361,0.0364,0.252,0.0103,51.4,14.0,47,11,1 K,13.5,13.0,0.0267,13.5,13.3,11.6,14.0,14.8,15.5,13.7,28.2,9.7,20.6,220.0,4.4,0.0,12.5,11.7
56.5,58.8,54.2,42.1,45.8,38.4,46.6,47.8,45.4,43.5,44.0,43.0,0.011,0.0359,0.00841,0.017,14.9,0.00975,0.00732,0.0363,0.0362,0.251,0.0102,48.9,13.0,63,10,1 K,13.8,12.8,0.0267,14.4,13.5,11.4,13.7,13.9,15.8,13.6,28.8,10.3,20.4,219.0,5.91,0.0,13.5,13.6
56.8,58.4,55.2,41.9,38.4,45.4,42.0,39.8,44.2,41.5,41.8,41.2,0.011,0.0358,0.00914,0.0166,15.1,0.0106,0.00747,0.0364,0.0364,0.253,0.0105,46.3,13.0,45,9,1 K,14.5,14.5,0.0269,14.0,15.5,10.8,12.7,15.2,14.2,13.3,27.6,10.4,19.6,219.0,5.1,0.0,12.2,12.7
55.8,58.2,53.4,41.0,41.2,40.8,45.1,47.2,43.0,44.2,43.8,44.6,0.0119,0.0359,0.00851,0.017,15.3,0.00982,0.00693,0.0364,0.0366,0.249,0.0108,44.4,13.0,36,10,1 K,15.2,15.7,0.0272,13.5,14.9,12.3,11.5,14.7,13.8,12.8,27.9,10.2,19.4,220.0,5.06,0.0,12.3,13.6
57.1,56.6,57.6,40.9,38.4,43.4,43.7,42.4,45.0,43.3,47.8,38.8,0.0119,0.0359,0.00904,0.0165,15.4,0.0106,0.00746,0.0366,0.0367,0.252,0.0109,43.9,13.0,120,14,1 K,14.6,14.1,0.0273,14.3,12.7,13.7,11.8,13.8,13.8,12.5,28.2,10.0,20.8,219.0,4.12,0.0,12.2,11.7
56.5,53.8,59.2,42.7,44.2,41.2,45.2,47.8,42.6,45.9,47.8,44.0,0.0105,0.0361,0.00863,0.0164,16.1,0.00978,0.00689,0.0366,0.0367,0.25,0.0108,44.2,13.0,180,19,1 K,13.3,12.5,0.0273,14.0,13.3,12.9,10.9,14.5,16.1,12.8,27.1,8.8,21.3,217.0,5.56,0.0,12.3,12.9
53.6,50.2,57.0,43.4,44.4,42.4,42.3,40.8,43.8,42.0,43.0,41.0,0.0105,0.0361,0.00893,0.0165,16.8,0.0105,0.00744,0.0368,0.0368,0.251,0.011,42.6,13.0,170,13,1 K,13.7,12.3,0.0277,12.4,13.5,11.1,11.4,13.0,16.8,13.9,28.1,10.1,20.6,216.0,4.92,0.0,12.7,12.6
56.4,56.0,56.8,40.6,39.4,41.8,45.8,48.2,43.4,42.0,42.6,41.4,0.0104,0.0363,0.00864,0.017,17.8,0.00975,0.0069,0.037,0.0368,0.254,0.0113,44.0,13.0,190,13,1 K,14.6,11.9,0.0266,11.6,14.2,10.5,11.9,13.5,14.3,14.2,28.5,10.2,21.3,213.0,5.46,0.0,12.6,13.1
60.3,63.6,57.0,39.8,38.0,41.6,41.9,42.4,41.4,36.6,34.4,38.8,0.0114,0.0359,0.00855,0.00756,6.68,0.00971,0.00708,0.0363,0.0367,0.239,0.0101,12.2,7.0,33,7,600,7.83,5.67,0.0271,6.83,8.0,8.5,8.33,7.5,6.83,6.83,15.8,6.5,9.67,195.0,0.0,0.0,0.0,0.0
51.7,51.6,51.8,43.9,40.2,47.6,37.4,35.0,39.8,35.1,34.4,35.8,0.0123,0.0358,0.00922,0.00762,6.79,0.00971,0.0083,0.0364,0.0365,0.24,0.0104,11.8,7.0,34,9,600,8.3,7.3,0.027,7.6,8.1,9.7,8.2,8.6,7.8,7.5,17.8,6.7,10.4,188.0,4.14,0.0,0.0,0.0
49.4,50.4,48.4,40.0,36.2,43.8,39.1,39.6,38.6,35.4,33.0,37.8,0.0123,0.0358,0.00881,0.00711,6.97,0.0089,0.00773,0.0362,0.0369,0.24,0.0102,11.5,7.0,28,7,600,7.9,7.9,0.0263,9.6,7.0,10.2,7.3,8.9,8.3,8.2,18.3,6.6,12.1,147.0,5.13,0.0,0.0,0.0
50.6,52.6,48.6,41.1,42.2,40.0,35.5,37.6,33.4,34.6,32.6,36.6,0.0121,0.0358,0.00936,0.00722,7.14,0.00977,0.00773,0.0363,0.0366,0.241,0.00997,11.4,7.0,30,7,600,7.2,8.8,0.0273,9.1,7.9,9.5,7.8,9.4,8.5,9.1,19.7,7.3,13.1,138.0,6.13,7.2,0.0,11.4
53.0,54.8,51.2,41.7,41.0,42.4,36.6,37.2,36.0,35.5,37.4,33.6,0.0111,0.0357,0.00895,0.00757,7.29,0.00981,0.00738,0.0363,0.0368,0.244,0.00987,11.3,7.0,30,8,600,7.5,9.0,0.0275,7.7,8.7,8.1,6.9,9.5,8.3,7.6,18.5,6.4,11.8,132.0,3.78,9.15,15.5,15.3
48.6,49.0,48.2,39.6,38.8,40.4,38.0,38.4,37.6,37.4,37.2,37.6,0.0111,0.0357,0.00908,0.00735,7.52,0.00981,0.00753,0.0363,0.0369,0.242,0.0101,11.2,7.0,28,8,600,8.9,8.2,0.0279,8.1,8.5,8.1,6.9,8.8,7.5,8.0,16.3,6.4,11.6,131.0,3.78,10.2,17.9,18.1
52.0,52.0,52.0,40.5,40.6,40.4,37.9,38.6,37.2,38.0,36.8,39.2,0.011,0.0358,0.00869,0.00772,7.69,0.00981,0.00745,0.0365,0.0372,0.242,0.00979,11.2,7.0,29,8,600,9.5,9.5,0.0277,7.9,8.2,7.2,7.0,9.2,6.8,9.1,17.9,6.8,10.9,132.0,3.7,4.84,20.6,9.21
52.1,53.8,50.4,43.7,49.6,37.8,35.5,39.0,32.0,32.1,27.8,36.4,0.0118,0.0357,0.00917,0.00729,7.9,0.00905,0.00758,0.0364,0.0372,0.242,0.00994,11.1,7.0,27,8,600,9.1,9.5,0.0283,8.0,7.6,7.8,7.5,9.7,7.3,7.0,18.9,5.7,10.4,131.0,3.58,4.68,7.64,8.42
49.4,50.2,48.6,38.6,34.8,42.4,38.3,37.0,39.6,38.6,34.6,42.6,0.0118,0.0354,0.00863,0.0078,7.95,0.00905,0.00698,0.0365,0.0373,0.242,0.00996,11.1,7.0,27,8,600,10.1,9.5,0.0274,8.3,7.0,8.2,8.8,8.8,8.4,7.2,19.6,6.2,9.9,137.0,3.53,4.49,8.07,7.9
51.1,49.6,52.6,39.9,37.0,42.8,37.8,37.0,38.6,33.4,34.0,32.8,0.0118,0.0354,0.00927,0.00728,8.16,0.00976,0.00702,0.0364,0.0374,0.242,0.0102,11.0,7.0,28,8,600,8.8,9.9,0.0281,8.3,8.2,6.9,8.4,8.7,9.4,8.4,19.2,6.7,9.6,136.0,3.52,5.06,8.63,7.87
49.6,49.4,49.8,42.0,42.0,42.0,36.1,35.4,36.8,34.5,36.2,32.8,0.0108,0.0355,0.00867,0.00727,8.42,0.00904,0.00689,0.0361,0.0376,0.243,0.0107,11.0,7.0,28,7,600,7.1,8.0,0.028,7.9,11.0,7.4,8.5,8.7,9.4,8.0,16.9,5.7,11.1,132.0,3.37,4.78,9.05,7.4
51.7,53.2,50.2,41.4,41.2,41.6,37.6,39.0,36.2,37.1,40.6,33.6,0.0108,0.0354,0.00867,0.00713,8.58,0.00982,0.00695,0.0359,0.0376,0.244,0.0108,10.9,7.0,29,7,600,8.2,7.6,0.0287,6.4,10.2,8.2,10.4,8.8,8.3,9.5,17.1,5.9,12.5,134.0,3.4,4.9,8.17,9.58
50.7,54.0,47.4,42.0,40.6,43.4,38.1,39.4,36.8,35.2,36.0,34.4,0.0107,0.0348,0.00907,0.00739,8.82,0.0103,0.00692,0.036,0.0376,0.242,0.0111,10.9,7.0,29,8,600,7.6,7.4,0.0288,5.8,8.2,8.4,10.5,9.0,7.9,9.7,16.7,5.7,12.7,130.0,4.15,4.34,7.64,10.3
49.6,50.2,49.0,43.3,44.4,42.2,37.5,36.2,38.8,35.3,31.6,39.0,0.0107,0.0349,0.00953,0.00754,9.02,0.0103,0.00745,0.0362,0.0377,0.244,0.0108,10.9,7.0,29,7,600,5.9,8.0,0.0279,7.5,8.4,8.7,8.6,9.1,8.3,10.0,16.0,5.2,11.4,130.0,3.14,3.84,7.43,10.1
50.7,48.4,53.0,40.3,42.8,37.8,37.8,37.8,37.8,34.7,34.8,34.6,0.0107,0.0348,0.00907,0.00737,9.09,0.00987,0.00745,0.0365,0.0374,0.244,0.0107,10.9,7.0,29,7,600,7.2,9.1,0.028,7.8,8.9,9.0,9.4,7.8,7.2,9.6,17.6,5.6,10.6,134.0,3.86,4.69,8.34,7.98
48.1,46.2,50.0,40.5,42.6,38.4,35.9,36.0,35.8,36.3,36.4,36.2,0.0116,0.0349,0.0098,0.00737,9.24,0.00897,0.00738,0.0363,0.0374,0.243,0.0108,10.9,7.0,29,7,600,8.1,7.6,0.0287,6.7,7.5,7.9,8.6,6.7,8.9,8.6,17.8,6.0,10.1,130.0,3.2,4.02,8.81,8.37
53.2,52.6,53.8,42.9,45.4,40.4,38.5,37.4,39.6,36.4,38.6,34.2,0.0116,0.0348,0.00914,0.00771,9.81,0.00897,0.00681,0.0362,0.0375,0.245,0.0106,10.9,7.0,31,8,600,7.4,8.2,0.0288,5.9,6.0,7.2,6.6,8.7,10.1,8.2,15.0,4.9,10.5,126.0,4.49,4.78,9.22,8.46
51.5,53.8,49.2,39.1,34.8,43.4,37.8,40.8,34.8,33.3,37.8,28.8,0.0118,0.0351,0.00905,0.00751,10.3,0.00904,0.00733,0.036,0.0378,0.247,0.0107,10.9,7.0,34,8,600,9.9,9.5,0.028,7.4,6.5,7.7,8.9,9.0,6.9,7.4,13.2,4.5,12.0,126.0,3.73,4.91,8.46,7.61
50.0,46.0,54.0,41.5,41.2,41.8,38.1,38.4,37.8,34.7,35.2,34.2,0.0108,0.0352,0.00904,0.00731,10.8,0.00904,0.00674,0.0359,0.038,0.247,0.00978,10.9,7.0,33,8,600,9.8,8.5,0.0288,9.3,7.7,9.0,8.6,7.5,6.7,7.7,15.0,6.8,12.0,128.0,3.62,5.26,8.9,8.43
64.0,62.8,65.2,42.0,37.6,46.4,43.3,41.8,44.8,40.1,36.8,43.4,0.0105,0.0347,0.00838,0.00851,9.76,0.0088,0.00695,0.0356,0.038,0.242,0.0106,22.7,9.0,110,11,800,8.4,10.5,0.0287,7.6,8.9,9.1,8.3,10.1,8.4,10.9,19.9,6.2,10.9,218.0,4.14,0.0,8.69,0.0
56.8,53.6,60.0,43.5,42.4,44.6,42.2,37.2,47.2,39.5,33.8,45.2,0.0105,0.0349,0.00803,0.0089,9.9,0.00959,0.00732,0.0357,0.0377,0.246,0.0103,19.4,8.0,110,10,800,10.0,11.9,0.0278,11.5,10.7,10.7,9.9,13.0,10.0,11.2,21.9,7.0,14.0,217.0,5.94,6.38,12.2,12.8
56.4,56.4,56.4,42.9,41.6,44.2,39.8,41.6,38.0,38.6,36.4,40.8,0.0117,0.0346,0.00779,0.00851,9.97,0.00959,0.00698,0.0356,0.0376,0.244,0.0107,17.8,8.0,28,8,800,10.9,10.2,0.0277,10.9,11.7,11.5,10.3,10.9,10.5,10.0,22.1,7.6,14.7,178.0,7.31,8.33,11.2,16.6
57.8,54.0,61.6,38.6,34.0,43.2,40.4,41.0,39.8,39.8,37.6,42.0,0.0109,0.0349,0.00792,0.0085,10.1,0.00884,0.00686,0.0354,0.038,0.246,0.0105,17.2,8.0,34,9,800,10.8,10.7,0.0282,10.9,11.7,12.4,8.9,11.4,9.6,10.6,22.1,8.3,15.2,173.0,4.46,11.2,10.8,20.3
54.7,52.8,56.6,44.8,44.8,44.8,42.3,43.0,41.6,37.6,41.2,34.0,0.0118,0.035,0.00835,0.00832,10.4,0.00966,0.00745,0.0354,0.0379,0.246,0.0106,16.3,8.0,34,8,800,11.1,11.4,0.0283,10.0,11.3,11.6,7.5,12.9,10.0,11.3,20.6,8.2,14.3,170.0,4.92,6.62,11.0,10.7
57.6,56.8,58.4,42.8,45.2,40.4,44.8,46.0,43.6,40.1,42.4,37.8,0.0118,0.0352,0.00792,0.00874,10.6,0.00895,0.00688,0.0354,0.0379,0.245,0.0104,15.7,8.0,32,8,800,10.3,11.5,0.0277,7.5,10.5,11.2,10.6,12.6,10.7,11.1,21.5,7.9,16.3,173.0,4.85,5.69,10.5,10.6
57.5,56.6,58.4,41.6,41.2,42.0,39.5,41.6,37.4,38.3,33.6,43.0,0.0115,0.0353,0.00827,0.00879,10.8,0.00975,0.00743,0.0357,0.0378,0.244,0.00992,15.3,8.0,30,8,800,9.7,10.4,0.028,9.5,10.6,11.1,11.3,11.1,10.6,10.0,20.7,6.9,15.5,170.0,4.48,5.5,11.6,12.0
57.1,61.2,53.0,41.2,44.8,37.6,41.2,40.0,42.4,42.1,46.2,38.0,0.0115,0.0354,0.00846,0.00831,11.1,0.0101,0.00696,0.0356,0.038,0.244,0.00985,15.0,8.0,29,9,800,10.4,11.4,0.0277,11.1,10.8,11.7,9.6,10.1,10.9,9.8,21.3,7.2,13.8,169.0,4.53,6.83,10.5,10.2
57.9,56.8,59.0,42.9,43.2,42.6,42.0,41.2,42.8,37.3,39.6,35.0,0.0116,0.0358,0.00792,0.00853,11.1,0.00881,0.00752,0.0358,0.0377,0.248,0.0095,14.6,8.0,31,9,800,10.5,12.3,0.0284,10.3,11.1,12.6,9.4,11.6,10.0,10.6,22.2,8.0,13.6,172.0,4.8,6.76,11.9,12.3
57.7,61.0,54.4,42.8,39.4,46.2,40.0,35.8,44.2,41.4,48.0,34.8,0.0116,0.0358,0.00731,0.00901,11.3,0.00879,0.00699,0.0357,0.0377,0.247,0.0098,14.3,8.0,28,8,800,10.9,10.9,0.0286,11.6,10.7,13.4,9.7,11.2,10.1,10.9,21.7,6.6,15.1,177.0,5.52,6.61,9.49,10.7
56.3,57.2,55.4,42.6,47.6,37.6,41.2,45.4,37.0,38.2,38.2,38.2,0.0107,0.0359,0.00731,0.00877,11.4,0.00882,0.00762,0.0353,0.0377,0.249,0.0099,14.4,8.0,33,8,800,10.4,10.4,0.0285,12.7,10.6,12.6,10.4,10.4,10.8,9.0,21.0,6.4,16.6,174.0,4.96,4.66,11.0,12.2
59.3,61.4,57.2,42.3,40.8,43.8,41.1,44.8,37.4,40.1,40.4,39.8,0.0107,0.0358,0.00698,0.00925,11.7,0.00882,0.00701,0.0354,0.0379,0.25,0.0102,14.2,8.0,34,10,800,10.5,9.4,0.0287,11.6,10.4,12.2,10.9,11.9,11.9,8.7,20.5,7.0,16.6,172.0,5.14,6.56,10.1,9.83
56.6,56.4,56.8,40.1,37.4,42.8,41.0,40.0,42.0,38.6,38.6,38.6,0.0122,0.0358,0.00744,0.00861,11.9,0.00958,0.00778,0.0354,0.0379,0.249,0.00991,14.1,8.0,31,9,800,10.6,10.5,0.0284,11.3,10.1,12.9,10.6,11.1,11.0,9.8,22.7,7.0,15.0,175.0,5.24,5.96,11.8,8.82
57.0,56.4,57.6,40.7,46.2,35.2,41.8,41.4,42.2,39.7,34.4,45.0,0.0108,0.0358,0.00746,0.00838,12.3,0.00878,0.00844,0.0354,0.0376,0.247,0.0105,13.9,8.0,31,8,800,11.3,12.0,0.0288,11.9,11.0,10.5,11.3,9.6,10.9,10.6,24.5,7.9,12.7,175.0,4.45,6.36,11.2,9.73
57.7,59.4,56.0,43.2,44.6,41.8,41.3,44.8,37.8,40.5,43.4,37.6,0.0117,0.0358,0.00772,0.00831,12.3,0.0097,0.00848,0.0356,0.0378,0.249,0.0107,13.7,8.0,31,7,800,10.4,11.8,0.0285,11.9,11.5,9.4,11.4,9.7,11.5,10.2,22.9,8.0,15.0,175.0,4.47,5.24,11.0,12.2
54.7,53.4,56.0,41.3,46.0,36.6,42.0,41.2,42.8,40.7,45.0,36.4,0.0108,0.0358,0.00749,0.00817,12.9,0.0089,0.00856,0.0356,0.0374,0.246,0.0104,13.6,8.0,31,8,800,11.0,12.2,0.0287,10.9,11.0,11.4,11.4,9.5,9.9,9.9,20.7,7.4,16.4,172.0,4.26,6.02,11.7,13.2
58.0,59.0,57.0,44.7,46.6,42.8,40.3,41.0,39.6,37.6,39.6,35.6,0.0117,0.036,0.00812,0.00718,13.6,0.00997,0.00735,0.0356,0.0375,0.252,0.0106,13.6,8.0,34,9,800,12.0,11.3,0.0287,11.2,9.8,11.2,11.1,11.3,10.4,10.4,21.2,7.5,15.0,171.0,4.98,6.41,11.1,11.9
58.7,59.0,58.4,41.7,43.4,40.0,43.1,44.4,41.8,41.6,42.6,40.6,0.0117,0.0361,0.00791,0.00705,14.4,0.0101,0.00731,0.0358,0.0375,0.253,0.0104,13.7,8.0,34,9,800,10.9,11.6,0.0278,11.9,12.3,9.8,9.9,11.4,11.2,9.6,23.1,8.2,15.4,177.0,4.62,5.71,11.5,9.95
60.9,59.6,62.2,41.4,42.8,40.0,41.7,40.8,42.6,43.6,46.2,41.0,0.0103,0.0359,0.00797,0.00825,13.3,0.0103,0.00717,0.0373,0.0368,0.247,0.0103,195.0,84.0,880,200,1 K,11.8,12.1,0.028,9.9,12.2,11.4,10.3,11.7,12.4,11.7,23.1,7.8,14.2,235.0,5.48,0.0,13.8,14.1
59.2,58.8,59.6,43.6,49.2,38.0,46.2,49.6,42.8,43.5,46.6,40.4,0.0103,0.0358,0.00824,0.00817,13.4,0.0103,0.00764,0.0377,0.0369,0.251,0.0111,202.0,75.0,880,290,1 K,13.9,13.7,0.0278,13.9,14.5,12.5,11.0,13.1,13.7,13.9,29.4,11.1,18.4,241.0,7.28,0.0,17.9,18.2
55.2,55.2,55.2,40.6,38.8,42.4,44.5,49.8,39.2,44.7,42.0,47.4,0.0104,0.0357,0.00807,0.00862,13.4,0.0111,0.00709,0.0379,0.0367,0.25,0.011,167.0,36.0,410,12,1 K,14.4,13.9,0.027,12.5,15.2,13.7,11.9,15.1,12.9,13.8,30.6,12.5,19.3,230.0,4.57,0.0303,21.5,13.4
55.0,56.6,53.4,40.5,43.0,38.0,45.3,48.2,42.4,41.4,38.4,44.4,0.0104,0.0356,0.00851,0.00871,13.7,0.00995,0.00769,0.038,0.0365,0.249,0.0107,144.0,24.0,46,10,1 K,13.3,12.8,0.0274,11.6,14.6,13.3,14.0,15.2,13.4,12.6,29.4,9.7,18.4,218.0,5.22,0.0303,11.3,12.4
55.3,55.2,55.4,43.1,47.8,38.4,41.2,43.8,38.6,45.2,44.6,45.8,0.0103,0.0354,0.00813,0.00873,13.8,0.0108,0.00713,0.0382,0.0367,0.246,0.0111,126.0,19.0,30,9,1 K,14.5,13.2,0.0269,14.0,13.7,12.3,15.0,14.7,14.6,12.4,29.9,8.2,17.7,219.0,5.12,0.0303,12.2,12.3
56.8,56.6,57.0,42.6,41.2,44.0,45.4,46.8,44.0,43.2,41.0,45.4,0.0103,0.0353,0.0081,0.00819,14.0,0.0108,0.00777,0.0384,0.0367,0.246,0.0113,114.0,17.0,79,10,1 K,15.4,15.1,0.0273,14.4,13.3,12.3,13.6,15.7,13.9,13.5,29.3,9.7,17.8,221.0,4.83,0.0,11.1,13.7
57.4,57.4,57.4,42.3,44.2,40.4,44.2,38.6,49.8,43.7,42.2,45.2,0.0112,0.0352,0.00858,0.00857,14.1,0.0101,0.00715,0.0385,0.0367,0.247,0.0111,103.0,16.0,96,13,1 K,13.5,16.7,0.0271,14.8,13.8,13.1,12.8,13.6,13.2,14.4,29.0,10.6,18.0,221.0,4.7,0.0,12.8,12.2
53.7,52.8,54.6,41.1,39.4,42.8,45.5,46.6,44.4,41.7,40.0,43.4,0.0117,0.0353,0.00874,0.00808,14.3,0.0109,0.00843,0.0384,0.0365,0.247,0.0109,95.1,15.0,61,11,1 K,13.4,15.1,0.0264,14.9,14.7,12.8,12.4,12.2,14.1,14.2,27.9,10.2,17.4,217.0,5.51,0.0,12.0,10.8
58.4,57.4,59.4,42.1,39.4,44.8,44.3,44.8,43.8,42.5,40.0,45.0,0.0102,0.0355,0.00828,0.00854,14.6,0.0109,0.00766,0.0385,0.0364,0.246,0.0112,88.6,15.0,54,11,1 K,13.4,13.9,0.0263,13.1,13.9,13.1,12.7,13.0,14.1,12.8,27.2,9.5,19.3,215.0,5.53,0.0,13.0,12.3
56.5,56.8,56.2,42.6,44.0,41.2,45.7,47.6,43.8,43.8,41.8,45.8,0.0111,0.0356,0.00885,0.00864,14.6,0.0109,0.00702,0.0388,0.0363,0.25,0.0106,84.4,15.0,120,13,1 K,13.0,14.1,0.0267,12.6,13.7,13.5,13.7,11.8,14.4,11.2,28.7,8.5,20.1,214.0,5.77,0.0,13.5,12.2
59.8,61.6,58.0,41.9,44.8,39.0,45.2,47.8,42.6,41.9,40.4,43.4,0.0102,0.0357,0.00798,0.00889,15.2,0.00998,0.00698,0.0389,0.0362,0.249,0.0103,86.2,16.0,250,30,1 K,13.1,13.1,0.0263,12.9,14.2,12.9,14.9,11.1,14.2,13.1,31.2,9.9,21.0,218.0,4.9,0.0,12.9,13.4
59.1,60.8,57.4,44.2,41.2,47.2,42.8,44.4,41.2,41.9,47.4,36.4,0.0102,0.0362,0.00777,0.00906,15.2,0.0109,0.00702,0.039,0.0362,0.251,0.0106,85.1,16.0,290,22,1 K,12.8,13.4,0.0263,13.0,12.4,14.1,15.0,12.2,12.8,15.2,29.9,10.3,19.9,217.0,5.18,0.0,13.5,12.0
57.9,58.2,57.6,41.7,35.4,48.0,43.6,49.0,38.2,44.9,47.2,42.6,0.00933,0.0364,0.00764,0.00907,15.6,0.00981,0.00757,0.0392,0.0361,0.25,0.0104,81.1,15.0,84,11,1 K,12.6,15.6,0.0268,12.6,11.6,14.7,14.4,13.2,12.5,15.0,26.5,8.0,18.2,211.0,5.0,0.0,11.6,13.2
57.8,56.2,59.4,42.3,39.8,44.8,45.2,45.4,45.0,41.2,37.0,45.4,0.00933,0.0367,0.00793,0.00916,15.7,0.00995,0.00765,0.0392,0.0359,0.248,0.0105,77.2,15.0,75,12,1 K,12.0,15.0,0.0271,12.8,12.2,13.7,15.5,15.2,12.9,13.3,25.3,7.5,19.3,213.0,5.76,0.0,12.3,13.0
59.7,58.6,60.8,40.9,35.0,46.8,45.3,46.2,44.4,44.9,44.0,45.8,0.0104,0.037,0.00748,0.00931,16.5,0.00995,0.0081,0.0395,0.0358,0.246,0.0103,74.5,15.0,120,13,1 K,12.7,13.1,0.0258,13.6,14.7,12.6,15.1,15.1,13.7,11.8,26.0,8.8,19.4,218.0,5.27,0.0,12.2,13.5
54.2,54.2,54.2,43.2,38.2,48.2,44.6,43.2,46.0,41.8,39.6,44.0,0.0114,0.0371,0.00811,0.00896,17.2,0.0109,0.00755,0.0395,0.0359,0.25,0.0104,71.2,14.0,120,11,1 K,13.6,12.4,0.0266,14.0,14.7,12.1,14.8,15.0,14.3,11.6,28.9,9.4,19.6,220.0,4.59,0.0,12.9,12.4
55.6,53.6,57.6,43.0,51.0,35.0,44.1,47.6,40.6,44.2,42.8,45.6,0.0105,0.0368,0.00713,0.00943,18.2,0.0101,0.00741,0.0397,0.0357,0.25,0.0109,68.3,14.0,39,11,1 K,13.5,11.2,0.0263,15.4,13.6,12.4,13.2,14.7,15.0,12.6,28.3,9.2,18.8,217.0,4.04,0.0,13.3,11.6
62.0,59.0,65.0,39.6,44.8,34.4,39.5,39.4,39.6,37.9,36.0,39.8,0.0101,0.0352,0.00869,0.00789,6.7,0.0101,0.00687,0.0388,0.0367,0.237,0.011,12.0,8.0,31,8,600,6.5,9.0,0.0267,8.67,7.0,7.17,6.83,7.17,7.67,7.0,19.2,4.67,9.33,196.0,0.0,2.69,0.0,0.0
47.5,45.6,49.4,42.7,43.2,42.2,37.5,38.0,37.0,35.5,32.6,38.4,0.0115,0.0353,0.00908,0.00647,6.88,0.0101,0.00701,0.0386,0.0368,0.241,0.0112,11.5,8.0,31,9,600,7.8,9.7,0.0265,8.0,8.0,8.5,8.0,8.0,8.3,7.5,19.7,5.1,10.4,188.0,0.0,3.7,0.0,0.0
52.2,51.0,53.4,38.0,42.2,33.8,36.6,38.6,34.6,36.5,36.0,37.0,0.01,0.0351,0.00881,0.0063,6.98,0.0101,0.00737,0.0387,0.0369,0.239,0.011,11.5,8.0,29,8,600,8.2,8.8,0.0269,6.5,7.6,9.4,8.3,8.1,8.3,7.8,16.9,4.9,10.7,143.0,4.96,5.55,0.0,10.1
49.3,48.6,50.0,43.7,43.4,44.0,36.9,31.6,42.2,34.4,34.4,34.4,0.011,0.035,0.00918,0.00995,7.18,0.00927,0.00699,0.0385,0.0368,0.24,0.0111,11.7,8.0,31,8,600,8.0,8.2,0.027,8.2,7.2,9.3,8.0,7.8,7.5,7.8,16.0,5.1,11.5,129.0,6.54,4.67,12.9,13.0
52.1,50.4,53.8,39.6,40.6,38.6,37.5,35.0,40.0,39.8,38.2,41.4,0.0101,0.0352,0.00857,0.0102,7.28,0.00927,0.0081,0.0388,0.0371,0.242,0.0107,11.5,7.0,31,8,600,7.1,8.6,0.027,9.0,7.4,8.1,7.7,7.9,7.8,7.2,16.6,5.6,13.3,130.0,7.43,4.72,15.4,15.6
50.6,51.4,49.8,44.1,46.8,41.4,39.2,37.2,41.2,38.9,40.4,37.4,0.0101,0.0348,0.00864,0.0101,7.51,0.01,0.00813,0.0386,0.037,0.241,0.0111,11.5,8.0,30,8,600,6.7,9.3,0.0272,9.2,8.5,8.5,7.8,7.7,8.5,6.4,17.9,6.3,14.2,134.0,3.48,4.7,17.8,8.23
53.5,53.4,53.6,39.5,40.6,38.4,35.6,32.2,39.0,35.6,35.2,36.0,0.0101,0.0352,0.00809,0.00999,7.69,0.00921,0.00754,0.0388,0.0371,0.242,0.0109,11.4,7.0,29,8,600,8.0,9.0,0.0265,8.8,8.4,9.1,7.5,7.4,9.2,6.8,16.8,5.5,12.9,131.0,3.61,4.7,7.47,8.38
54.0,56.2,51.8,39.8,36.4,43.2,37.4,40.6,34.2,37.5,32.8,42.2,0.011,0.0353,0.0096,0.0101,8.11,0.01,0.00824,0.0386,0.037,0.241,0.0104,11.6,8.0,32,8,600,8.6,7.9,0.0273,7.5,8.4,9.3,8.0,8.0,8.8,8.0,17.0,6.0,13.3,134.0,3.67,5.45,7.73,9.3
53.4,57.4,49.4,41.8,44.6,39.0,38.0,39.0,37.0,36.0,37.2,34.8,0.011,0.0352,0.00909,0.0103,8.29,0.00915,0.00691,0.0386,0.0371,0.247,0.0102,11.7,8.0,32,9,600,7.7,8.0,0.0277,7.5,8.8,8.7,8.1,9.7,7.3,7.2,17.5,6.5,12.4,133.0,4.3,4.56,8.73,9.22
53.4,50.2,56.6,40.3,34.6,46.0,36.8,38.6,35.0,36.6,38.0,35.2,0.011,0.0354,0.0097,0.0102,8.44,0.00992,0.00744,0.0387,0.0371,0.244,0.0101,11.6,8.0,31,8,600,7.4,9.4,0.0276,8.3,8.3,9.8,7.7,9.5,7.4,6.3,18.2,6.2,11.0,133.0,3.37,4.56,7.12,7.63
51.5,50.4,52.6,41.9,41.6,42.2,37.8,38.8,36.8,35.4,37.8,33.0,0.0103,0.0354,0.0089,0.0105,8.69,0.00987,0.0073,0.0388,0.0372,0.245,0.01,11.5,8.0,30,8,600,7.2,9.5,0.0275,8.6,7.5,9.6,7.3,8.2,7.0,6.1,17.1,5.6,10.2,129.0,4.01,4.23,9.04,7.84
56.3,52.2,60.4,39.5,42.2,36.8,36.4,38.2,34.6,39.1,38.0,40.2,0.0112,0.0357,0.00947,0.0105,9.06,0.00987,0.00739,0.0385,0.0372,0.242,0.0105,11.6,8.0,28,8,600,8.6,9.0,0.0275,7.3,6.7,8.6,6.6,8.9,7.7,8.0,15.5,5.0,12.3,128.0,3.16,5.15,8.22,7.81
50.8,46.2,55.4,41.0,36.8,45.2,37.9,37.0,38.8,35.4,36.0,34.8,0.0103,0.0356,0.00897,0.0107,9.23,0.00904,0.0068,0.0387,0.0372,0.241,0.0104,11.6,8.0,29,8,600,8.7,8.7,0.0269,6.7,7.8,8.4,7.1,9.3,8.4,8.5,16.8,5.9,13.8,133.0,3.83,5.16,10.1,10.1
52.9,49.8,56.0,39.7,36.0,43.4,37.8,35.2,40.4,35.7,36.4,35.0,0.0103,0.0358,0.00897,0.0102,9.54,0.00917,0.00738,0.0386,0.0374,0.246,0.0106,11.6,8.0,31,9,600,7.4,7.5,0.0277,7.2,8.3,8.1,8.2,8.8,8.2,6.6,17.0,5.0,11.3,127.0,3.19,4.69,7.24,7.68
53.0,50.2,55.8,41.6,42.6,40.6,37.1,35.8,38.4,37.0,36.6,37.4,0.0094,0.036,0.00902,0.0107,9.69,0.00917,0.00691,0.0387,0.0374,0.247,0.0112,11.6,8.0,29,8,600,7.8,7.7,0.0279,7.2,7.7,8.7,8.5,8.3,9.0,7.3,17.7,5.1,10.7,129.0,3.96,4.62,7.41,8.46
52.3,55.4,49.2,40.4,43.4,37.4,34.5,36.8,32.2,36.0,37.2,34.8,0.0113,0.0361,0.00956,0.0108,9.73,0.00998,0.0074,0.0386,0.0374,0.244,0.0113,11.5,8.0,26,7,600,7.3,8.5,0.0281,7.8,8.5,9.0,7.5,7.9,9.8,8.3,18.3,6.1,11.3,132.0,3.46,4.61,7.73,6.94
52.1,52.4,51.8,40.5,42.2,38.8,38.9,37.6,40.2,36.9,32.4,41.4,0.0106,0.0359,0.00967,0.0108,10.3,0.00998,0.0069,0.0388,0.0377,0.246,0.0111,11.4,8.0,26,7,600,6.8,7.9,0.0282,8.2,7.9,8.4,7.8,6.9,8.9,7.3,16.0,5.5,13.3,128.0,3.52,4.47,9.18,8.36
51.9,51.8,52.0,41.8,43.4,40.2,38.2,34.8,41.6,35.6,35.8,35.4,0.0106,0.036,0.00936,0.0111,10.9,0.0108,0.00745,0.0387,0.0378,0.249,0.0113,11.3,8.0,28,7,600,8.0,7.2,0.0276,8.6,7.9,7.8,8.1,6.8,7.4,6.6,15.6,6.3,13.5,128.0,1.96,5.35,8.46,7.43
51.6,51.4,51.8,40.2,39.4,41.0,37.2,41.0,33.4,34.9,33.8,36.0,0.0105,0.0363,0.00903,0.0105,11.4,0.00926,0.0069,0.0388,0.0376,0.25,0.0115,11.3,8.0,29,7,600,8.0,8.1,0.0276,8.8,8.5,8.7,7.9,8.1,6.7,7.0,17.4,6.5,11.8,130.0,3.71,5.41,8.69,8.97
65.6,66.0,65.2,42.5,46.0,39.0,44.0,47.4,40.6,42.5,45.4,39.6,0.0112,0.0364,0.00931,0.00952,10.5,0.0104,0.00708,0.0387,0.0376,0.246,0.0105,26.5,10.0,140,11,800,8.8,8.3,0.0286,8.5,8.1,5.8,9.0,9.3,8.4,9.5,18.5,6.8,11.6,213.0,0.0,0.0,8.57,0.0
59.1,56.4,61.8,42.5,42.4,42.6,42.2,43.2,41.2,41.4,32.6,50.2,0.0112,0.0365,0.00852,0.01,10.6,0.00961,0.00752,0.0389,0.0377,0.245,0.0102,23.3,9.0,150,12,800,11.9,10.9,0.0284,10.9,11.8,9.2,10.5,11.0,9.6,10.7,23.6,8.2,13.9,218.0,0.0,6.38,12.7,12.2
57.4,57.0,57.8,42.4,38.0,46.8,43.8,46.2,41.4,40.4,41.0,39.8,0.0112,0.0365,0.00886,0.00981,10.7,0.0103,0.00762,0.0388,0.0378,0.245,0.0113,21.3,9.0,37,9,800,12.5,11.6,0.0287,11.2,11.8,12.0,10.2,10.6,9.3,10.9,22.9,7.8,14.6,180.0,6.81,8.88,15.9,14.0
59.1,56.0,62.2,39.7,39.8,39.6,40.2,41.4,39.0,40.4,45.2,35.6,0.0103,0.0365,0.00716,0.0102,10.8,0.0115,0.00692,0.039,0.0377,0.247,0.0111,20.0,9.0,36,10,800,12.0,11.1,0.0286,13.2,10.3,12.2,10.4,10.3,10.3,10.6,22.2,6.8,15.2,174.0,8.57,10.3,10.7,19.5
59.7,56.8,62.6,44.2,41.2,47.2,41.5,41.4,41.6,42.3,44.6,40.0,0.0103,0.0364,0.00874,0.00974,11.0,0.0115,0.00749,0.039,0.0378,0.245,0.0112,19.1,9.0,36,10,800,12.4,11.1,0.0283,12.9,10.4,10.6,10.9,9.7,10.4,11.0,21.9,6.9,16.6,174.0,10.3,5.82,10.6,11.5
55.2,51.6,58.8,40.7,40.0,41.4,41.8,36.8,46.8,38.9,37.6,40.2,0.0104,0.0363,0.00813,0.0103,11.2,0.0107,0.00697,0.039,0.0379,0.249,0.0109,18.3,9.0,33,9,800,11.4,10.6,0.0279,10.8,10.7,9.4,11.2,10.9,11.4,13.4,21.0,6.5,17.7,173.0,5.09,5.92,10.3,12.6
59.3,60.0,58.6,42.0,44.8,39.2,40.3,40.2,40.4,40.3,40.2,40.4,0.0104,0.0362,0.00855,0.00999,11.4,0.0107,0.00715,0.0388,0.0378,0.246,0.011,17.5,9.0,29,9,800,11.4,10.7,0.0279,11.1,11.8,9.1,11.8,11.2,11.1,12.3,21.1,6.1,16.7,173.0,4.93,6.35,11.0,9.45
56.9,62.0,51.8,42.3,44.2,40.4,42.3,38.8,45.8,42.0,36.4,47.6,0.0105,0.0359,0.00777,0.01,11.3,0.0118,0.00706,0.039,0.0378,0.249,0.011,17.0,9.0,31,9,800,11.5,12.0,0.0287,10.2,11.0,9.6,12.1,11.6,10.6,10.5,23.0,7.6,16.0,175.0,4.96,6.79,10.1,10.2
57.2,55.4,59.0,42.9,43.4,42.4,40.7,42.4,39.0,40.5,40.2,40.8,0.0114,0.0358,0.0085,0.00986,11.6,0.0118,0.00764,0.0391,0.0379,0.25,0.0112,16.7,9.0,34,9,800,10.7,12.1,0.0287,9.4,9.5,10.7,11.3,12.3,13.4,11.2,24.9,8.3,15.9,178.0,4.76,5.22,11.6,11.2
57.0,60.6,53.4,41.0,42.8,39.2,40.4,43.6,37.2,40.9,43.8,38.0,0.0114,0.0358,0.0085,0.00995,11.6,0.0116,0.00762,0.0391,0.0375,0.248,0.0111,16.2,9.0,34,8,800,10.6,10.0,0.0279,9.9,9.8,11.3,11.3,11.2,13.8,11.0,23.4,7.2,16.2,174.0,4.88,6.2,11.0,11.8
61.0,61.8,60.2,42.6,47.0,38.2,39.8,39.4,40.2,39.6,39.4,39.8,0.0124,0.0358,0.00846,0.00966,11.8,0.0116,0.00768,0.0388,0.0377,0.249,0.00998,16.0,9.0,32,9,800,9.5,8.4,0.0286,11.9,10.3,10.9,11.6,10.8,12.5,9.6,21.8,7.2,16.4,171.0,4.04,5.77,11.3,11.0
57.0,56.8,57.2,39.1,42.0,36.2,41.3,42.0,40.6,40.5,39.8,41.2,0.0105,0.0357,0.00806,0.0101,12.2,0.0116,0.0072,0.0391,0.0379,0.25,0.0104,15.9,9.0,39,9,800,9.4,9.1,0.0278,12.1,10.3,11.4,10.8,10.1,12.2,9.8,22.2,8.2,16.5,174.0,4.56,6.61,10.9,9.81
55.4,54.6,56.2,44.2,44.0,44.4,40.7,41.0,40.4,36.8,34.8,38.8,0.0113,0.0359,0.00858,0.00969,12.2,0.0116,0.00788,0.0391,0.0376,0.247,0.0105,15.7,9.0,38,9,800,9.1,10.2,0.0286,9.9,10.3,12.0,10.8,11.3,11.0,11.1,23.3,7.8,17.5,175.0,4.35,5.67,10.3,10.9
56.3,55.8,56.8,42.9,42.0,43.8,41.0,36.4,45.6,42.7,47.4,38.0,0.0113,0.0357,0.00808,0.0101,12.4,0.0108,0.00733,0.0392,0.0376,0.249,0.0103,15.4,9.0,31,9,800,8.9,10.2,0.0286,10.8,10.7,11.7,10.3,14.1,10.5,11.6,22.1,5.7,17.2,174.0,4.37,6.36,10.3,10.4
59.9,58.6,61.2,41.1,38.8,43.4,42.5,47.2,37.8,41.6,38.6,44.6,0.0112,0.0353,0.00843,0.0102,12.6,0.0108,0.00779,0.0392,0.0374,0.248,0.0096,15.3,9.0,35,9,800,9.1,9.2,0.0286,12.6,10.0,11.8,9.0,13.2,10.9,12.5,22.8,7.3,17.3,175.0,4.14,6.02,10.8,11.6
55.1,54.6,55.6,41.2,43.4,39.0,40.5,41.6,39.4,40.2,41.2,39.2,0.0104,0.0358,0.008,0.0101,13.3,0.011,0.00727,0.0392,0.0377,0.248,0.0104,15.1,9.0,36,9,800,9.6,10.2,0.0279,12.6,10.8,12.5,11.3,12.0,11.1,11.5,23.1,9.4,16.0,181.0,4.35,5.75,11.0,11.3
59.6,61.6,57.6,41.7,48.8,34.6,40.3,39.4,41.2,37.9,43.0,32.8,0.0113,0.0358,0.00839,0.0101,13.9,0.011,0.00727,0.0395,0.0378,0.249,0.0105,15.0,9.0,29,8,800,10.5,9.6,0.0287,10.7,11.5,12.4,12.0,12.7,11.9,9.4,19.9,7.0,14.5,175.0,4.76,5.91,11.0,10.8
56.8,57.6,56.0,42.6,38.6,46.6,40.3,36.2,44.4,41.1,39.6,42.6,0.0105,0.0358,0.00797,0.0105,14.7,0.0103,0.00723,0.0391,0.0379,0.251,0.0108,14.8,9.0,31,9,800,11.2,9.1,0.0288,11.2,10.9,11.8,9.3,11.9,13.0,11.2,20.4,6.5,13.6,172.0,4.66,7.21,10.4,10.5
61.0,64.0,58.0,41.1,41.6,40.6,44.0,40.8,47.2,44.8,49.4,40.2,0.0115,0.0352,0.00693,0.00857,13.1,0.0107,0.00713,0.0392,0.037,0.245,0.0102,152.0,60.0,790,130,1 K,9.1,10.9,0.0282,9.8,11.0,10.6,12.9,13.1,11.6,12.4,21.3,6.9,14.2,239.0,5.53,0.0,11.9,14.3
56.8,60.8,52.8,43.1,43.8,42.4,45.2,43.8,46.6,43.6,44.6,42.6,0.0116,0.0351,0.00871,0.00795,13.3,0.0107,0.00766,0.0391,0.0369,0.246,0.0103,122.0,33.0,800,83,1 K,10.5,13.5,0.0282,12.0,13.7,13.2,15.0,15.7,12.2,11.9,29.1,8.9,17.6,237.0,7.28,0.0332,16.5,18.0
54.4,54.2,54.6,41.1,45.4,36.8,42.3,45.0,39.6,43.3,43.2,43.4,0.0116,0.0351,0.00858,0.0078,13.5,0.00992,0.00703,0.0394,0.0367,0.247,0.0102,102.0,22.0,36,10,1 K,12.9,14.3,0.0284,12.6,15.0,14.6,14.3,15.5,10.5,11.4,31.4,9.0,18.5,224.0,9.79,0.0332,12.9,21.8
55.0,53.4,56.6,43.1,44.8,41.4,44.7,39.8,49.6,42.2,49.0,35.4,0.0114,0.0351,0.00914,0.00817,13.4,0.00969,0.00759,0.0392,0.0368,0.247,0.0103,88.2,19.0,40,10,1 K,13.5,13.8,0.0281,14.2,14.5,14.8,14.4,11.8,12.0,11.5,30.1,9.7,20.1,220.0,5.2,0.0332,13.5,12.4
55.0,53.6,56.4,39.5,40.0,39.0,43.4,40.0,46.8,46.2,46.6,45.8,0.0105,0.0355,0.00849,0.00836,13.8,0.00969,0.00701,0.0392,0.037,0.248,0.01,78.5,18.0,46,11,1 K,12.9,13.9,0.028,14.1,14.1,13.3,14.6,12.7,12.9,12.9,30.0,10.2,20.0,221.0,5.06,0.0,13.0,12.8
57.5,57.0,58.0,44.8,49.4,40.2,46.5,49.6,43.4,43.1,45.4,40.8,0.0114,0.0353,0.00907,0.00823,14.1,0.0098,0.00719,0.0392,0.037,0.248,0.0128,70.7,16.0,41,12,1 K,15.0,14.6,0.0279,13.2,11.8,13.6,14.4,13.6,13.2,12.9,30.9,9.7,16.5,220.0,4.05,0.0,12.0,13.0
58.3,58.8,57.8,39.6,38.6,40.6,44.2,42.6,45.8,43.9,48.8,39.0,0.0105,0.0355,0.00851,0.00784,14.3,0.0098,0.00713,0.0393,0.0369,0.244,0.0132,65.0,15.0,49,10,1 K,15.3,14.1,0.0272,14.2,11.3,14.1,14.6,14.5,13.7,13.6,30.7,10.6,18.5,226.0,4.64,0.0,12.8,12.0
55.6,57.0,54.2,44.2,39.4,49.0,43.3,37.8,48.8,41.3,37.8,44.8,0.0105,0.0355,0.00893,0.00796,14.3,0.00998,0.00713,0.0391,0.0367,0.246,0.0129,60.3,15.0,57,11,1 K,13.2,14.2,0.0278,13.2,12.9,13.5,12.2,14.9,13.9,15.6,29.0,10.3,18.6,223.0,5.26,0.0,12.8,11.6
57.0,57.0,57.0,41.0,46.8,35.2,44.5,38.4,50.6,44.7,45.2,44.2,0.0106,0.0355,0.00829,0.00783,14.7,0.00998,0.00703,0.039,0.0364,0.251,0.0128,56.2,14.0,38,10,1 K,14.3,15.4,0.027,12.6,13.8,14.0,12.7,14.1,15.6,15.1,30.2,9.4,17.7,226.0,5.62,0.0,13.6,11.4
56.8,57.6,56.0,43.5,46.2,40.8,46.5,46.6,46.4,40.2,44.4,36.0,0.0116,0.0357,0.00913,0.00754,14.8,0.0107,0.00753,0.039,0.0365,0.246,0.0129,53.0,13.0,42,10,1 K,13.3,15.0,0.027,14.0,13.7,14.5,14.2,13.6,14.9,13.4,33.0,10.3,18.0,224.0,5.06,0.0,12.7,11.9
54.9,55.4,54.4,41.3,40.6,42.0,45.8,47.4,44.2,44.5,41.6,47.4,0.0107,0.0359,0.00861,0.00796,14.9,0.0107,0.00708,0.0388,0.0368,0.249,0.0132,50.1,13.0,45,10,1 K,12.1,13.4,0.0275,14.6,14.1,13.8,13.4,13.5,14.5,15.1,31.9,11.1,18.5,221.0,4.61,0.0,11.7,12.3
58.5,59.6,57.4,44.4,39.6,49.2,43.7,45.8,41.6,44.2,41.0,47.4,0.0107,0.0359,0.00911,0.0076,14.9,0.00994,0.00839,0.0389,0.0365,0.249,0.0129,47.9,13.0,44,11,1 K,14.3,13.0,0.0276,14.4,14.5,14.5,12.2,13.3,14.5,16.4,28.6,10.1,20.0,221.0,4.48,0.0,11.7,13.6
56.6,55.0,58.2,40.8,41.6,40.0,44.1,42.8,45.4,42.4,44.2,40.6,0.0112,0.036,0.00864,0.00809,15.3,0.00994,0.00789,0.0391,0.0365,0.249,0.0129,46.3,13.0,78,14,1 K,15.4,13.7,0.0271,13.1,12.3,13.9,13.1,12.8,12.8,15.8,27.0,8.0,20.2,215.0,5.23,0.0,11.7,13.5
59.5,61.4,57.6,43.9,42.2,45.6,43.5,43.8,43.2,43.9,46.8,41.0,0.0122,0.0361,0.00917,0.00781,15.5,0.011,0.00839,0.0392,0.0364,0.253,0.0125,44.4,13.0,43,11,1 K,16.3,14.0,0.0272,14.3,11.5,12.2,13.7,14.1,13.4,14.8,26.9,8.3,19.4,217.0,5.68,0.0,13.0,13.1
55.4,55.4,55.4,41.2,39.4,43.0,44.2,39.6,48.8,41.2,47.0,35.4,0.0108,0.0364,0.00878,0.00813,16.3,0.011,0.00691,0.0388,0.0364,0.253,0.0122,43.1,12.0,75,10,1 K,14.3,14.0,0.0271,15.8,11.9,13.9,13.1,15.9,14.3,13.1,27.8,9.8,19.7,221.0,4.9,0.0,13.1,12.9
57.2,56.4,58.0,42.0,45.4,38.6,44.7,43.8,45.6,43.1,46.8,39.4,0.0118,0.0365,0.00912,0.00776,17.1,0.011,0.00746,0.0392,0.0366,0.251,0.0125,41.9,13.0,85,14,1 K,11.6,13.2,0.0271,14.0,12.8,14.9,13.2,16.9,13.3,13.0,28.5,10.5,19.5,220.0,5.32,0.0,12.7,12.6
58.3,59.6,57.0,43.0,43.6,42.4,42.1,46.0,38.2,44.6,47.4,41.8,0.011,0.0366,0.00896,0.00811,18.0,0.0111,0.00698,0.0391,0.0364,0.252,0.0124,41.3,13.0,110,15,1 K,10.5,13.2,0.0268,12.7,15.9,11.9,14.0,15.4,12.3,14.6,28.6,9.5,18.9,215.0,4.99,0.0,11.9,11.8
61.1,60.2,62.0,42.0,41.0,43.0,41.6,39.4,43.8,38.4,37.8,39.0,0.0122,0.0372,0.00761,0.00943,7.45,0.00957,0.00727,0.0388,0.037,0.242,0.00988,13.1,8.0,37,8,600,5.83,6.17,0.0265,7.0,6.17,8.83,8.0,5.5,6.17,7.0,15.2,5.0,7.33,181.0,0.0,0.0,0.0,0.0
56.1,58.4,53.8,40.9,33.6,48.2,37.2,37.0,37.4,34.5,33.8,35.2,0.0114,0.0369,0.00761,0.00881,7.66,0.00957,0.00683,0.0388,0.037,0.24,0.00997,12.3,8.0,33,8,600,8.1,9.0,0.0274,8.4,8.0,9.3,9.3,7.6,7.8,8.7,18.1,7.0,9.2,194.0,3.91,0.0,0.0,0.0
51.5,52.0,51.0,40.1,43.0,37.2,38.5,37.8,39.2,36.4,31.2,41.6,0.0105,0.0372,0.00782,0.00927,7.88,0.00982,0.00679,0.0388,0.0372,0.241,0.00945,12.3,8.0,29,8,600,7.9,10.5,0.0272,9.0,8.0,6.9,9.3,8.0,7.9,10.4,18.1,7.3,10.7,153.0,5.71,5.34,0.0,9.95
53.6,54.8,52.4,43.4,37.8,49.0,37.1,41.8,32.4,35.1,37.2,33.0,0.0105,0.0372,0.00822,0.00947,7.94,0.00982,0.00741,0.039,0.0371,0.241,0.0106,12.2,8.0,32,8,600,6.9,9.2,0.0262,9.2,8.4,7.0,9.8,8.8,7.5,9.8,19.2,7.2,11.7,136.0,5.71,7.2,12.4,12.5
50.7,53.2,48.2,38.8,40.0,37.6,36.6,37.6,35.6,39.2,41.2,37.2,0.0105,0.0372,0.00771,0.01,8.18,0.00981,0.0073,0.0391,0.037,0.245,0.0106,12.1,8.0,32,9,600,7.5,8.2,0.0268,8.4,8.7,9.3,8.9,9.3,7.6,8.5,18.9,5.9,11.1,133.0,3.73,9.09,15.7,15.3
54.9,56.8,53.0,41.7,44.0,39.4,36.9,40.0,33.8,37.5,35.6,39.4,0.0105,0.0373,0.00814,0.00946,8.38,0.00902,0.00738,0.0393,0.0371,0.244,0.0108,12.0,8.0,30,8,600,8.5,7.9,0.0265,8.9,7.8,8.3,9.2,8.1,8.4,8.5,18.5,4.9,12.2,134.0,2.92,4.76,18.0,7.99
52.3,52.8,51.8,38.8,41.2,36.4,39.1,40.4,37.8,35.8,33.2,38.4,0.0104,0.0372,0.00814,0.0101,8.59,0.00902,0.00687,0.0389,0.0369,0.243,0.0111,11.8,8.0,28,8,600,7.5,8.4,0.0261,8.9,6.4,8.1,9.8,9.3,8.5,8.0,17.7,5.9,11.7,135.0,3.84,4.74,9.17,7.75
53.7,52.0,55.4,44.9,47.8,42.0,37.0,37.4,36.6,34.9,37.2,32.6,0.0113,0.0373,0.00736,0.00971,8.81,0.00985,0.00749,0.0392,0.037,0.242,0.0107,11.8,8.0,29,8,600,7.3,7.3,0.0266,8.7,6.8,8.7,8.4,10.2,7.5,7.5,16.8,6.4,9.4,129.0,2.68,3.88,7.94,8.89
52.1,52.2,52.0,40.0,39.2,40.8,38.6,37.4,39.8,34.5,41.4,27.6,0.0105,0.0373,0.00758,0.00961,8.91,0.00911,0.00692,0.0392,0.0367,0.241,0.0105,11.8,8.0,31,8,600,9.5,6.1,0.0262,8.3,8.6,8.8,8.6,8.5,6.8,7.8,18.5,6.1,10.9,135.0,3.71,4.56,9.29,7.61
52.0,49.6,54.4,41.2,39.2,43.2,38.7,38.8,38.6,36.0,33.2,38.8,0.0114,0.0372,0.00791,0.00872,8.93,0.00911,0.00779,0.0393,0.0368,0.24,0.0107,11.7,8.0,29,8,600,9.0,6.8,0.0265,7.9,8.6,9.3,8.3,6.2,7.8,8.5,18.0,4.7,12.8,134.0,4.4,4.43,8.1,9.02
49.6,48.4,50.8,39.9,39.0,40.8,37.4,39.8,35.0,35.5,37.4,33.6,0.0104,0.0372,0.00735,0.0103,9.3,0.00904,0.0081,0.0394,0.0366,0.243,0.0096,11.8,8.0,31,8,600,7.5,7.9,0.0258,8.2,9.3,7.9,6.3,6.7,9.1,6.9,16.3,4.6,12.1,126.0,4.46,4.28,9.22,8.87
52.8,50.4,55.2,41.0,43.0,39.0,36.6,37.8,35.4,38.6,41.2,36.0,0.0114,0.0372,0.00726,0.00971,9.4,0.00978,0.00815,0.0393,0.037,0.244,0.0104,11.8,8.0,33,8,600,8.0,8.3,0.0264,7.5,8.8,7.3,7.3,8.6,8.5,6.4,15.3,4.7,11.0,126.0,3.41,4.15,8.23,10.1
53.8,49.4,58.2,40.1,38.0,42.2,38.3,43.8,32.8,34.8,34.0,35.6,0.0114,0.0371,0.00721,0.0102,9.65,0.00903,0.00694,0.0394,0.0368,0.242,0.0104,11.9,8.0,33,9,600,8.9,7.5,0.0264,6.9,7.5,7.1,9.7,8.7,7.7,8.2,14.9,4.2,11.6,128.0,3.91,4.3,8.64,7.69
50.7,52.0,49.4,41.3,32.6,50.0,35.8,31.4,40.2,34.1,34.6,33.6,0.0114,0.0372,0.00748,0.00973,9.84,0.00916,0.00755,0.0391,0.0369,0.246,0.01,11.8,8.0,32,8,600,7.6,7.4,0.0266,7.4,7.0,7.7,9.3,8.7,9.4,10.0,17.1,4.9,10.9,131.0,3.83,4.41,8.49,6.38
52.9,50.2,55.6,40.2,43.8,36.6,37.7,38.6,36.8,35.1,32.0,38.2,0.00965,0.0371,0.00603,0.0103,9.92,0.00916,0.00747,0.0391,0.0367,0.244,0.0099,12.0,8.0,34,9,600,6.9,8.0,0.0265,8.2,7.6,7.7,7.6,9.3,9.6,9.8,16.8,5.9,10.1,130.0,3.8,4.68,9.25,7.07
52.2,52.4,52.0,42.4,44.0,40.8,35.6,42.0,29.2,34.1,30.8,37.4,0.0115,0.037,0.00737,0.00974,10.2,0.00844,0.00701,0.039,0.0369,0.245,0.0101,11.9,8.0,33,8,600,7.7,8.2,0.0258,8.1,8.7,7.4,8.2,8.0,8.1,9.2,15.7,6.2,11.4,129.0,3.36,3.84,8.3,8.03
53.2,51.8,54.6,38.8,37.6,40.0,37.6,36.4,38.8,36.7,32.8,40.6,0.0107,0.037,0.00702,0.01,10.7,0.00844,0.00692,0.0393,0.0366,0.246,0.01,11.9,8.0,30,8,600,8.8,7.8,0.0261,6.6,8.6,8.1,8.8,7.0,8.7,8.8,16.9,6.5,10.1,129.0,3.54,4.7,8.72,8.03
51.4,52.6,50.2,42.4,36.8,48.0,37.8,41.2,34.4,35.2,39.8,30.6,0.0115,0.037,0.00763,0.00969,11.2,0.0101,0.00759,0.0392,0.0366,0.247,0.0102,11.8,8.0,30,8,600,8.6,7.5,0.0264,6.5,8.8,8.3,8.7,8.4,8.4,8.1,17.3,6.5,10.0,131.0,4.27,4.67,7.69,7.43
52.2,54.6,49.8,38.9,42.0,35.8,37.2,38.8,35.6,34.9,29.8,40.0,0.0106,0.0371,0.00721,0.00994,11.8,0.00934,0.00704,0.0391,0.0367,0.246,0.0106,11.8,8.0,29,8,600,7.3,7.3,0.026,7.5,8.4,7.8,8.3,8.8,8.1,9.9,15.5,4.9,11.4,131.0,3.47,4.76,8.98,8.85
58.6,60.4,56.8,39.8,34.4,45.2,42.8,39.2,46.4,40.4,40.0,40.8,0.0113,0.0372,0.00742,0.00944,10.8,0.0105,0.00845,0.0391,0.0363,0.242,0.00988,22.7,14.0,83,20,800,11.4,10.1,0.0276,9.1,9.6,11.0,11.1,10.0,11.4,9.3,20.7,7.2,15.3,213.0,0.0,6.58,12.3,0.0
58.6,60.2,57.0,44.2,46.8,41.6,42.0,39.0,45.0,39.8,45.6,34.0,0.0104,0.0371,0.00822,0.00886,11.0,0.0105,0.00849,0.0391,0.0367,0.246,0.01,20.4,13.0,34,9,800,11.3,11.8,0.0275,10.8,10.7,12.9,11.9,10.3,10.7,10.4,20.8,6.6,13.7,184.0,0.0,5.95,16.1,0.0
61.2,61.8,60.6,38.8,37.6,40.0,39.6,41.4,37.8,41.8,40.0,43.6,0.0103,0.0373,0.00833,0.00926,11.3,0.0107,0.00833,0.0391,0.0365,0.246,0.00996,19.1,12.0,32,9,800,10.7,11.5,0.027,11.3,10.2,12.9,12.6,11.0,9.3,10.2,21.7,6.3,16.0,175.0,9.13,5.97,20.4,0.0
61.5,63.0,60.0,42.2,43.8,40.6,42.2,46.0,38.4,38.9,37.6,40.2,0.0113,0.037,0.00821,0.00939,11.5,0.0107,0.00844,0.0391,0.0367,0.245,0.0101,18.9,11.0,42,10,800,10.9,10.3,0.0269,8.5,10.2,11.1,10.8,11.0,9.9,10.4,22.7,7.3,18.5,172.0,10.4,5.94,10.3,23.6
59.5,62.0,57.0,41.0,44.8,37.2,41.4,44.4,38.4,41.2,43.0,39.4,0.0104,0.037,0.00779,0.00927,11.8,0.0107,0.00761,0.0387,0.0369,0.248,0.00994,18.3,11.0,46,10,800,10.3,10.8,0.0276,9.7,9.3,11.2,10.2,10.2,11.5,10.9,23.6,8.2,17.0,175.0,11.7,4.93,10.8,27.0
60.0,59.0,61.0,43.3,45.0,41.6,41.9,36.6,47.2,41.3,43.4,39.2,0.0104,0.037,0.0084,0.00762,11.9,0.00993,0.00727,0.0386,0.0369,0.243,0.011,17.7,11.0,34,9,800,10.6,11.4,0.0277,11.7,10.9,11.7,10.3,10.3,12.8,11.5,23.2,7.4,15.2,179.0,4.14,4.78,9.92,30.9
61.1,64.0,58.2,40.6,35.8,45.4,42.1,42.4,41.8,39.9,45.8,34.0,0.0103,0.0371,0.0086,0.00758,12.1,0.0116,0.00722,0.0388,0.0366,0.248,0.0104,17.2,10.0,35,9,800,10.2,11.2,0.0271,11.1,12.4,10.7,10.7,11.2,11.6,10.6,23.1,8.3,16.1,178.0,4.44,5.35,11.8,11.2
58.9,59.2,58.6,43.6,48.6,38.6,40.8,43.8,37.8,37.9,39.6,36.2,0.0103,0.0371,0.00855,0.00934,12.4,0.0116,0.00776,0.0389,0.0368,0.247,0.0108,16.9,10.0,33,10,800,10.9,11.6,0.0278,10.5,10.6,10.4,13.5,12.0,10.7,8.6,22.1,8.2,15.5,176.0,4.89,6.03,11.0,10.7
59.1,59.4,58.8,39.0,42.8,35.2,41.1,46.0,36.2,43.1,39.6,46.6,0.0111,0.0368,0.00805,0.00931,12.5,0.0103,0.00764,0.0392,0.0369,0.246,0.0106,16.5,10.0,33,10,800,11.0,11.7,0.0267,11.6,10.3,10.5,14.5,11.6,10.7,9.2,19.7,6.4,16.2,174.0,4.61,6.18,11.3,10.5
59.2,59.8,58.6,42.7,42.6,42.8,43.5,45.0,42.0,38.8,40.8,36.8,0.012,0.0371,0.0086,0.00926,12.7,0.0111,0.00728,0.0392,0.0367,0.247,0.0107,16.2,10.0,33,9,800,9.8,11.8,0.0267,10.9,9.8,10.7,12.7,10.6,10.4,11.5,19.2,6.3,15.5,171.0,4.79,6.36,10.4,11.0
59.2,58.2,60.2,42.3,43.4,41.2,40.2,38.8,41.6,41.0,42.2,39.8,0.0101,0.037,0.00736,0.00914,12.9,0.0111,0.00728,0.0393,0.0368,0.247,0.0105,16.1,10.0,34,10,800,11.5,11.5,0.0273,11.4,9.6,10.5,12.2,10.6,11.0,10.8,20.5,6.9,13.4,172.0,4.87,5.66,11.4,10.8
57.1,56.0,58.2,44.3,46.8,41.8,41.9,41.6,42.2,41.4,36.6,46.2,0.0112,0.0369,0.00769,0.00941,13.1,0.0121,0.00789,0.0394,0.0369,0.248,0.0106,15.8,10.0,33,9,800,10.3,11.4,0.0274,12.3,11.1,10.3,12.4,11.4,10.7,11.2,21.9,7.8,14.0,175.0,4.52,5.65,11.0,11.8
57.3,61.4,53.2,41.2,42.6,39.8,40.1,38.2,42.0,42.3,44.6,40.0,0.0104,0.037,0.00989,0.0101,13.3,0.0104,0.00722,0.0395,0.037,0.248,0.0112,15.5,10.0,32,8,800,11.3,10.7,0.0275,10.5,11.0,9.0,12.2,11.9,10.7,12.1,22.9,7.2,14.7,172.0,4.44,4.84,10.8,10.5
56.8,54.4,59.2,40.1,36.8,43.4,42.2,39.4,45.0,39.0,40.4,37.6,0.0104,0.037,0.0103,0.00963,13.3,0.0112,0.00772,0.0394,0.0369,0.251,0.0104,15.3,9.0,30,9,800,13.1,10.1,0.0273,11.6,10.8,9.9,11.4,11.1,10.4,11.1,23.2,6.9,14.0,172.0,4.47,7.0,10.1,11.2
59.3,61.6,57.0,42.3,43.8,40.8,41.4,39.8,43.0,39.5,42.0,37.0,0.0109,0.0372,0.00988,0.0096,14.1,0.0104,0.00716,0.0392,0.0368,0.251,0.0102,15.2,9.0,33,9,800,12.8,11.8,0.0269,13.6,11.5,11.0,10.3,10.4,11.3,10.7,23.1,6.3,14.1,176.0,5.05,6.22,10.9,10.6
58.5,60.0,57.0,41.6,41.4,41.8,41.7,39.8,43.6,41.4,41.2,41.6,0.0109,0.0372,0.0107,0.00955,14.8,0.0103,0.0077,0.0393,0.0367,0.25,0.0103,15.1,9.0,36,9,800,13.0,12.3,0.0275,12.2,11.1,10.2,10.5,10.7,11.6,9.5,23.8,5.9,15.1,175.0,4.04,5.82,10.6,10.8
58.7,59.0,58.4,41.7,42.4,41.0,41.3,45.0,37.6,42.2,44.4,40.0,0.0118,0.0372,0.0105,0.0103,15.4,0.0103,0.00752,0.0398,0.0367,0.251,0.0102,15.0,9.0,36,9,800,12.1,11.6,0.0273,10.5,11.8,10.6,10.8,11.9,10.7,10.0,23.7,6.9,15.7,176.0,5.29,4.77,11.1,11.2
59.5,57.0,62.0,42.8,47.8,37.8,44.5,41.2,47.8,40.6,42.0,39.2,0.0112,0.0379,0.0109,0.00937,13.7,0.011,0.00683,0.0396,0.0363,0.25,0.0111,224.0,87.0,820,410,1 K,13.7,12.7,0.0258,11.6,12.9,12.5,12.5,12.0,11.4,12.6,24.3,8.6,18.1,235.0,7.37,0.0256,16.1,18.3
55.8,57.6,54.0,41.8,48.6,35.0,44.6,44.6,44.6,41.8,46.6,37.0,0.0112,0.0377,0.0104,0.00978,14.0,0.0123,0.00724,0.0397,0.0363,0.253,0.0101,183.0,52.0,610,18,1 K,14.1,13.6,0.0262,11.4,13.6,15.3,12.5,13.7,13.2,12.1,27.1,9.8,18.3,224.0,8.98,0.0256,21.2,21.7
58.1,58.4,57.8,44.1,40.6,47.6,44.3,49.0,39.6,44.1,43.2,45.0,0.0111,0.0375,0.0106,0.0099,14.3,0.00987,0.00735,0.0396,0.0362,0.25,0.0103,156.0,31.0,35,11,1 K,12.3,13.1,0.0263,11.4,14.6,15.0,12.1,13.3,15.3,13.8,28.3,9.4,17.8,213.0,10.8,0.0,12.7,13.2
59.6,61.0,58.2,41.9,36.8,47.0,45.2,52.6,37.8,46.1,52.0,40.2,0.0111,0.0376,0.0101,0.00827,14.2,0.0107,0.00681,0.0397,0.0362,0.25,0.0101,139.0,28.0,120,14,1 K,13.9,13.6,0.0263,13.1,13.6,13.8,13.7,13.5,15.9,13.4,28.2,9.7,18.7,219.0,5.13,0.0,12.0,12.2
58.7,57.8,59.6,43.3,40.0,46.6,45.3,46.8,43.8,41.3,47.0,35.6,0.0114,0.038,0.0105,0.00957,14.7,0.0107,0.0068,0.0395,0.0359,0.251,0.0104,123.0,22.0,44,12,1 K,13.9,13.1,0.0265,14.9,12.2,14.2,14.1,12.8,13.7,13.9,27.2,9.6,17.7,215.0,5.06,0.0,11.1,13.8
56.2,58.4,54.0,41.2,42.0,40.4,45.5,53.8,37.2,41.4,39.8,43.0,0.0105,0.0378,0.00987,0.00948,15.0,0.00988,0.00669,0.0394,0.036,0.249,0.0102,113.0,20.0,63,12,1 K,12.8,11.6,0.0268,15.0,12.1,13.3,14.5,13.2,13.6,15.3,27.3,9.5,18.6,215.0,4.24,0.0,12.6,13.0
56.9,56.4,57.4,43.2,41.4,45.0,44.3,47.6,41.0,45.8,40.8,50.8,0.0114,0.0381,0.00976,0.00956,15.0,0.0107,0.0073,0.0396,0.0361,0.253,0.0104,103.0,18.0,36,10,1 K,12.1,10.4,0.026,12.9,13.4,14.1,14.8,13.2,12.9,14.3,29.0,10.0,19.6,215.0,3.84,0.0,12.8,11.6
58.6,58.8,58.4,42.0,39.2,44.8,43.0,39.0,47.0,41.0,34.8,47.2,0.0104,0.038,0.00999,0.00944,15.2,0.00975,0.00665,0.0392,0.036,0.253,0.0102,101.0,19.0,200,15,1 K,11.4,10.9,0.0266,12.5,15.3,13.7,14.6,13.1,11.8,13.3,27.5,9.4,19.9,209.0,5.11,0.0,13.4,11.8
59.3,59.4,59.2,43.6,49.0,38.2,44.9,49.0,40.8,43.5,45.6,41.4,0.0118,0.0381,0.0077,0.00881,15.3,0.0108,0.00712,0.0395,0.0359,0.251,0.0104,96.1,19.0,200,27,1 K,13.0,12.6,0.0263,13.4,15.7,12.5,14.3,13.8,11.7,12.8,26.5,9.4,20.3,211.0,5.85,0.0,11.8,10.7
56.9,58.0,55.8,40.6,37.6,43.6,47.1,50.4,43.8,41.5,40.2,42.8,0.0118,0.0381,0.00799,0.00929,15.6,0.0109,0.00662,0.0396,0.0357,0.251,0.0107,89.8,18.0,62,13,1 K,14.3,14.9,0.0264,13.6,15.0,14.0,15.1,13.0,11.1,13.3,27.7,9.3,19.4,218.0,6.25,0.0,13.7,13.1
60.1,61.4,58.8,41.8,46.4,37.2,42.4,42.6,42.2,44.6,44.0,45.2,0.0113,0.0379,0.00864,0.00931,15.9,0.0109,0.00718,0.0397,0.036,0.251,0.0107,85.6,18.0,100,16,1 K,13.1,14.2,0.0268,11.7,14.5,15.5,15.9,12.4,12.5,13.5,29.9,9.4,21.1,221.0,4.36,0.0,13.6,13.1
59.9,60.0,59.8,41.4,41.2,41.6,43.1,47.8,38.4,44.2,48.4,40.0,0.0113,0.0378,0.00796,0.00887,16.4,0.0112,0.00664,0.0395,0.0358,0.254,0.0107,83.7,18.0,190,22,1 K,11.8,13.1,0.0263,12.6,14.3,13.9,14.2,13.5,15.6,13.3,29.9,11.1,21.6,222.0,4.37,0.0,13.4,14.9
61.8,62.8,60.8,42.5,47.4,37.6,44.7,41.4,48.0,41.2,39.0,43.4,0.0104,0.0378,0.00818,0.00863,16.7,0.0112,0.00667,0.0396,0.0358,0.251,0.0107,87.2,20.0,280,86,1 K,11.7,13.9,0.0274,13.9,13.3,12.9,13.6,13.7,17.3,14.0,28.3,10.8,20.3,219.0,4.39,0.0,12.5,13.5
59.1,59.2,59.0,43.5,39.4,47.6,46.5,48.4,44.6,44.1,45.8,42.4,0.0105,0.0379,0.00767,0.00924,17.2,0.0102,0.00663,0.0396,0.0359,0.252,0.0105,86.3,20.0,250,80,1 K,12.5,13.5,0.0273,13.9,12.9,13.9,13.6,13.3,15.7,15.6,29.2,10.4,20.3,220.0,5.68,0.0,11.6,12.2
58.4,60.4,56.4,40.4,41.0,39.8,43.3,45.2,41.4,41.5,43.6,39.4,0.0114,0.038,0.00822,0.0088,18.1,0.0113,0.00787,0.0394,0.0357,0.253,0.0107,85.4,20.0,240,25,1 K,11.3,13.6,0.0277,13.9,13.1,12.5,13.2,13.6,14.6,15.1,27.1,10.6,18.2,213.0,5.21,0.0,13.5,12.2
59.2,59.8,58.6,41.5,45.8,37.2,45.3,51.8,38.8,41.4,39.0,43.8,0.0106,0.0382,0.00831,0.00924,19.1,0.0106,0.00741,0.0395,0.0356,0.254,0.0106,83.6,20.0,210,25,1 K,11.2,14.1,0.0275,12.9,15.0,14.6,12.3,11.6,15.2,14.3,25.2,8.4,19.2,210.0,4.45,0.0,12.5,12.0
60.9,60.8,61.0,39.9,42.2,37.6,44.4,45.4,43.4,44.5,43.2,45.8,0.0115,0.0381,0.00837,0.00867,20.0,0.0114,0.00677,0.0397,0.0357,0.253,0.0104,80.7,20.0,130,20,1 K,13.0,13.7,0.0273,12.6,15.6,15.5,12.2,11.5,14.2,14.5,26.5,7.2,20.7,216.0,3.94,0.0,12.7,12.3
59.1,59.6,58.6,40.4,37.4,43.4,37.7,39.6,35.8,34.3,38.2,30.4,0.0112,0.0366,0.00852,0.00918,8.34,0.00998,0.00757,0.0343,0.0362,0.238,0.00971,15.1,10.0,48,11,600,9.0,6.2,0.0274,7.7,7.2,8.1,7.9,7.9,7.1,8.2,16.1,5.1,10.6,181.0,0.0,0.0,0.0,0.0
53.8,52.8,54.8,38.8,35.4,42.2,37.7,40.6,34.8,36.8,39.8,33.8,0.0103,0.0369,0.00812,0.00922,8.5,0.00925,0.00698,0.0344,0.0362,0.241,0.00956,14.7,9.0,37,9,600,9.9,7.5,0.0267,8.2,8.5,9.4,7.8,7.7,7.4,7.0,15.8,5.2,12.0,151.0,4.23,5.33,0.0,0.0
55.2,57.6,52.8,41.7,40.8,42.6,36.3,37.0,35.6,32.2,34.4,30.0,0.0103,0.0368,0.00853,0.00922,8.81,0.0101,0.00708,0.0339,0.0361,0.244,0.00968,14.1,9.0,36,9,600,8.9,8.2,0.0271,8.5,8.2,8.8,7.5,8.1,6.6,6.4,16.5,4.8,13.0,127.0,5.89,6.3,0.0,0.0
54.9,56.6,53.2,39.8,39.4,40.2,37.8,35.8,39.8,33.3,32.8,33.8,0.0102,0.0367,0.00831,0.00931,9.06,0.0103,0.00705,0.034,0.0361,0.239,0.00953,13.7,9.0,30,8,600,9.1,9.3,0.0272,7.1,8.0,7.4,9.1,8.4,7.1,7.5,17.1,5.6,12.7,130.0,7.61,8.19,14.5,14.6
53.2,53.2,53.2,41.4,42.6,40.2,36.8,38.6,35.0,33.0,31.6,34.4,0.0133,0.0367,0.00868,0.00945,9.14,0.0103,0.00714,0.0336,0.0361,0.239,0.0097,13.3,9.0,28,8,600,11.4,8.9,0.0265,7.3,8.2,7.3,8.5,7.3,7.6,8.9,17.6,5.7,10.4,131.0,4.16,3.87,17.7,18.5
54.7,53.8,55.6,39.6,39.6,39.6,37.5,33.0,42.0,35.0,29.0,41.0,0.0123,0.0364,0.00836,0.00945,9.37,0.0103,0.00711,0.0336,0.036,0.243,0.00908,13.0,8.0,27,8,600,10.3,8.2,0.0286,6.9,8.9,7.4,7.2,6.8,8.0,9.6,15.9,5.2,10.9,128.0,3.46,4.66,21.1,21.2
52.7,52.8,52.6,42.4,45.8,39.0,36.7,35.4,38.0,34.4,35.4,33.4,0.0123,0.0369,0.0088,0.00907,9.73,0.0103,0.0076,0.0336,0.0361,0.242,0.0101,12.8,8.0,29,8,600,7.6,7.3,0.0283,6.2,8.4,7.7,7.3,8.0,7.9,9.2,14.3,4.9,12.0,126.0,3.34,3.82,9.3,9.25
56.4,55.8,57.0,39.9,36.2,43.6,38.0,40.6,35.4,34.3,37.2,31.4,0.0131,0.0367,0.0083,0.00966,9.74,0.00955,0.00764,0.0334,0.036,0.242,0.00997,12.8,8.0,31,9,600,8.2,6.6,0.0288,8.5,7.7,7.6,7.6,7.7,9.9,8.7,15.4,4.7,11.4,127.0,3.49,4.71,8.83,7.89
53.5,53.4,53.6,40.2,44.0,36.4,36.7,36.4,37.0,32.7,35.6,29.8,0.0122,0.0372,0.0081,0.00941,9.9,0.0105,0.00774,0.0333,0.036,0.242,0.0102,12.7,8.0,32,8,600,10.2,7.9,0.0288,8.8,6.2,7.6,8.6,7.3,11.0,8.7,16.0,5.1,10.7,131.0,3.96,4.65,7.24,7.34
53.7,52.6,54.8,43.1,42.8,43.4,36.9,40.4,33.4,33.8,34.4,33.2,0.0121,0.0369,0.00811,0.00989,10.1,0.00976,0.00821,0.0331,0.0361,0.245,0.01,12.8,8.0,35,8,600,8.4,7.8,0.0287,6.1,7.9,8.6,9.0,8.4,8.7,8.6,16.0,5.5,11.3,129.0,4.05,4.64,7.49,8.34
50.1,48.0,52.2,39.0,40.0,38.0,36.5,34.6,38.4,35.7,35.6,35.8,0.0129,0.0368,0.00878,0.00996,10.1,0.00982,0.00723,0.033,0.0362,0.243,0.0103,12.6,8.0,28,7,600,6.5,7.1,0.0277,6.0,9.4,8.1,9.3,8.0,8.8,9.0,16.9,5.1,12.3,128.0,3.86,4.19,7.55,8.46
51.8,48.8,54.8,41.7,41.6,41.8,38.5,36.6,40.4,37.0,35.4,38.6,0.012,0.037,0.00849,0.00958,10.3,0.00982,0.00712,0.033,0.0363,0.244,0.0101,12.5,8.0,32,8,600,8.9,8.3,0.0303,7.8,7.1,8.6,8.7,8.1,8.7,9.9,19.5,5.7,10.8,135.0,3.9,3.55,9.03,8.96
55.1,56.2,54.0,40.7,41.6,39.8,37.8,39.4,36.2,33.6,31.0,36.2,0.0128,0.0373,0.00894,0.00963,10.4,0.00974,0.00783,0.0326,0.0363,0.241,0.0102,12.5,8.0,30,8,600,9.5,9.0,0.0304,8.3,7.8,9.1,7.7,8.6,8.1,9.0,18.7,6.0,11.4,136.0,3.13,4.33,9.16,8.48
53.3,55.4,51.2,41.3,41.0,41.6,35.8,35.6,36.0,33.4,38.0,28.8,0.0128,0.0374,0.0083,0.0101,10.5,0.00974,0.00779,0.0327,0.0362,0.241,0.01,12.5,8.0,30,8,600,8.3,9.1,0.0297,7.8,7.9,8.8,7.7,9.2,8.5,8.0,16.3,4.7,11.7,132.0,4.03,4.72,8.8,8.92
50.3,52.8,47.8,39.3,35.2,43.4,37.8,39.8,35.8,36.6,34.6,38.6,0.0143,0.0375,0.00879,0.00948,10.7,0.00979,0.00692,0.0327,0.0361,0.241,0.00962,12.4,8.0,31,8,600,7.8,7.9,0.0298,7.6,7.2,9.8,8.0,8.6,7.0,7.3,15.8,4.5,10.9,129.0,3.54,5.51,8.02,8.0
52.2,51.4,53.0,39.3,43.8,34.8,36.5,37.6,35.4,33.7,36.6,30.8,0.0121,0.0373,0.0084,0.0098,11.1,0.00979,0.00683,0.0328,0.0362,0.241,0.00952,12.3,8.0,29,8,600,7.8,7.3,0.0302,8.2,7.5,8.6,8.3,8.5,7.8,7.7,16.2,5.3,12.3,129.0,3.57,5.48,8.07,8.52
55.7,56.4,55.0,43.0,43.8,42.2,38.1,38.2,38.0,32.9,30.2,35.6,0.013,0.0372,0.00874,0.00994,11.9,0.00982,0.0073,0.0331,0.036,0.242,0.00981,12.3,8.0,30,8,600,9.0,9.5,0.0301,7.9,7.5,7.7,8.3,9.6,9.1,9.6,19.2,6.1,12.2,137.0,3.6,4.68,7.49,6.82
54.8,55.8,53.8,38.4,33.8,43.0,35.1,32.0,38.2,38.6,36.2,41.0,0.0123,0.0369,0.0085,0.00973,12.5,0.00982,0.00718,0.0333,0.0362,0.242,0.00966,12.3,8.0,30,8,600,8.4,9.2,0.0302,9.3,7.4,8.2,7.5,8.6,8.2,9.8,19.2,6.3,11.9,136.0,3.49,4.58,8.31,8.84
65.5,66.8,64.2,43.8,43.4,44.2,42.8,45.0,40.6,41.4,41.4,41.4,0.00894,0.0369,0.00779,0.00967,11.3,0.00971,0.00696,0.0346,0.0358,0.244,0.0104,54.3,23.0,190,81,800,10.0,10.1,0.0302,10.0,11.6,8.8,11.1,11.3,10.2,9.0,23.6,7.4,12.7,214.0,5.95,0.0,11.5,0.0
62.2,63.8,60.6,38.8,38.6,39.0,40.9,45.0,36.8,35.5,33.0,38.0,0.0107,0.0371,0.00802,0.0104,11.5,0.00981,0.00699,0.0348,0.036,0.246,0.0107,45.9,17.0,180,21,800,9.5,12.1,0.0288,10.8,14.0,10.4,12.7,11.0,11.0,9.2,25.4,8.0,13.1,192.0,7.66,8.39,15.5,16.5
58.9,54.8,63.0,42.1,38.8,45.4,43.0,48.4,37.6,39.1,41.0,37.2,0.0107,0.037,0.00768,0.00995,11.8,0.00981,0.0065,0.035,0.0359,0.245,0.00995,40.6,16.0,42,10,800,8.6,10.9,0.0283,10.0,12.6,11.1,10.6,11.0,11.1,9.4,21.9,6.9,14.5,169.0,4.43,9.4,18.7,18.0
61.5,62.8,60.2,42.9,42.2,43.6,40.3,39.0,41.6,40.0,34.8,45.2,0.0109,0.0368,0.00838,0.00934,11.8,0.0107,0.0066,0.035,0.036,0.244,0.0103,36.9,14.0,55,10,800,10.1,10.8,0.0279,9.9,13.5,10.7,10.6,10.6,10.6,10.6,23.2,7.8,16.5,176.0,4.42,12.2,10.8,23.4
58.9,57.4,60.4,41.4,40.6,42.2,39.9,42.8,37.0,38.3,38.2,38.4,0.0109,0.0368,0.00847,0.00921,12.0,0.00972,0.0065,0.0351,0.036,0.247,0.0101,33.5,12.0,38,8,800,11.6,11.1,0.028,10.9,13.8,10.7,10.6,10.9,10.2,12.0,23.4,8.4,16.6,182.0,3.66,5.76,11.1,9.37
63.1,65.2,61.0,41.9,44.2,39.6,41.6,43.4,39.8,36.3,42.0,30.6,0.00997,0.0371,0.0085,0.0092,12.4,0.0106,0.00754,0.0355,0.036,0.248,0.0103,31.3,12.0,34,10,800,13.1,10.8,0.0286,10.5,11.2,10.5,9.6,10.9,11.7,10.5,20.9,7.2,15.2,174.0,4.41,6.48,11.3,12.9
61.7,64.2,59.2,41.4,42.8,40.0,42.0,41.0,43.0,38.6,35.8,41.4,0.0101,0.0371,0.00802,0.00912,12.9,0.00972,0.00749,0.0355,0.0358,0.247,0.0101,30.1,12.0,49,11,800,13.2,10.6,0.0288,11.0,10.6,11.8,10.1,10.3,11.2,8.7,22.5,7.4,14.6,174.0,4.14,5.43,11.7,10.1
64.2,66.6,61.8,40.7,46.4,35.0,42.7,43.2,42.2,37.3,32.6,42.0,0.0101,0.0371,0.00838,0.00907,13.1,0.0106,0.00805,0.0357,0.0358,0.249,0.0104,28.7,12.0,55,11,800,12.0,10.2,0.0263,11.4,10.8,10.9,9.9,10.9,10.2,9.2,23.6,7.5,15.2,175.0,4.67,5.99,11.0,12.0
60.9,62.6,59.2,42.3,44.8,39.8,41.0,42.6,39.4,39.0,38.2,39.8,0.0107,0.0372,0.00817,0.00894,13.3,0.00976,0.00743,0.0359,0.036,0.25,0.0103,27.4,11.0,38,10,800,12.4,10.4,0.0269,11.5,9.8,10.6,10.8,10.8,11.5,10.0,24.4,8.1,15.3,175.0,4.53,6.14,11.2,10.5
58.7,59.0,58.4,41.0,39.8,42.2,42.1,41.4,42.8,39.4,46.7,32.1,0.0117,0.0374,0.00861,0.00872,13.7,0.0106,0.00747,0.0358,0.036,0.251,0.011,26.1,11.0,30,9,800,12.1,11.4,0.0272,11.6,9.4,11.7,11.0,11.3,11.3,11.1,25.1,9.2,14.9,178.0,4.67,7.03,11.2,11.4
62.7,59.8,65.6,40.3,35.8,44.8,38.8,37.8,39.8,37.7,35.3,40.1,0.0102,0.0372,0.00812,0.00958,13.7,0.0106,0.00695,0.0358,0.0359,0.25,0.0108,26.0,11.0,97,10,800,10.7,12.4,0.0273,13.1,11.2,10.7,10.2,10.6,10.9,13.2,25.8,8.1,14.1,181.0,4.97,6.55,10.9,11.7
59.2,59.2,59.2,42.7,45.6,39.8,42.4,41.6,43.2,38.3,37.8,38.8,0.0112,0.0374,0.00848,0.0093,14.0,0.0106,0.00741,0.0359,0.0359,0.25,0.0109,25.1,11.0,28,9,800,11.2,12.6,0.027,12.7,10.3,10.1,11.4,10.9,11.1,11.9,24.6,7.4,14.4,178.0,5.07,6.65,11.0,11.9
62.6,62.6,62.6,40.9,37.6,44.2,41.6,44.4,38.8,37.4,37.2,37.6,0.0103,0.0376,0.00803,0.00966,14.2,0.00985,0.00694,0.0355,0.036,0.251,0.0107,25.3,11.0,100,12,800,12.0,9.7,0.0264,11.0,8.7,9.8,11.6,11.9,11.4,9.6,22.1,7.1,15.7,172.0,5.21,4.91,11.4,9.81
62.2,62.6,61.8,41.7,42.4,41.0,41.5,47.0,36.0,37.7,37.2,38.2,0.0112,0.038,0.00848,0.00925,14.7,0.0107,0.00698,0.0357,0.0361,0.251,0.0109,24.6,11.0,100,12,800,12.7,9.4,0.0268,11.1,9.4,10.2,10.9,12.5,11.1,10.5,22.9,7.0,17.0,177.0,5.14,4.43,11.2,11.0
60.7,60.6,60.8,40.7,40.0,41.4,40.6,42.4,38.8,41.5,41.6,41.4,0.0104,0.0381,0.0081,0.00963,15.2,0.00986,0.00729,0.0356,0.0361,0.25,0.0111,24.0,11.0,38,10,800,11.8,11.7,0.0267,11.0,10.5,10.6,10.2,12.4,12.0,11.4,23.4,6.8,16.5,178.0,4.38,4.89,10.8,10.3
61.6,59.0,64.2,41.7,46.0,37.4,41.2,41.6,40.8,37.7,37.0,38.4,0.0114,0.0388,0.0088,0.00803,15.9,0.0111,0.00739,0.0357,0.036,0.253,0.0108,23.4,10.0,36,10,800,12.3,10.0,0.0269,10.7,11.1,9.5,10.8,11.7,12.8,11.3,23.0,6.6,16.5,177.0,3.96,5.9,9.32,12.7
62.4,63.8,61.0,40.0,33.6,46.4,41.8,41.6,42.0,39.3,35.8,42.8,0.0114,0.0388,0.00828,0.00989,16.8,0.00999,0.00673,0.0358,0.0362,0.252,0.0106,23.0,10.0,36,11,800,12.8,9.8,0.0269,11.9,10.7,10.5,11.2,11.2,11.7,10.3,22.9,6.9,17.2,177.0,4.39,6.3,10.5,9.86
62.2,62.8,61.6,43.2,39.4,47.0,42.9,45.2,40.6,39.3,39.4,39.2,0.0118,0.038,0.00859,0.00972,15.3,0.0106,0.0081,0.0352,0.0362,0.251,0.0143,236.0,96.0,820,390,1 K,12.1,11.1,0.0269,9.8,11.3,12.8,12.1,12.1,12.3,11.0,21.0,6.9,14.8,220.0,6.74,0.029,15.9,17.5
60.7,60.4,61.0,40.4,38.8,42.0,44.4,43.2,45.6,42.2,41.4,43.0,0.0118,0.038,0.00809,0.00989,15.1,0.0098,0.00659,0.0353,0.0362,0.25,0.0141,206.0,87.0,810,310,1 K,12.1,13.6,0.0262,10.1,12.9,14.2,12.8,13.9,12.7,12.1,28.4,10.1,19.6,228.0,4.47,0.029,21.1,13.2
58.6,58.8,58.4,41.8,42.2,41.4,45.5,47.4,43.6,39.3,35.6,43.0,0.0124,0.0378,0.00779,0.00998,15.4,0.0108,0.00711,0.0352,0.0364,0.25,0.0142,175.0,55.0,120,14,1 K,13.8,13.7,0.0266,11.3,13.9,13.1,14.1,13.4,13.5,12.6,31.5,13.3,20.4,223.0,5.19,0.029,23.9,11.7
57.6,57.8,57.4,41.4,37.6,45.2,43.6,48.0,39.2,42.0,41.6,42.4,0.0124,0.038,0.00789,0.0102,15.4,0.00992,0.00655,0.0352,0.0362,0.249,0.0139,153.0,35.0,69,12,1 K,14.3,13.5,0.0269,12.3,13.7,11.7,16.1,12.9,12.9,11.6,27.3,10.8,19.0,214.0,5.18,0.0,12.4,11.7
60.2,57.6,62.8,40.9,39.8,42.0,43.0,45.4,40.6,40.5,43.6,37.4,0.012,0.038,0.00828,0.0104,15.6,0.0108,0.00653,0.0352,0.0361,0.249,0.0144,137.0,32.0,97,19,1 K,12.9,14.1,0.0282,13.8,14.6,13.3,14.6,14.0,14.8,11.9,27.9,10.2,18.7,223.0,5.09,0.0,11.1,12.4
61.2,59.4,63.0,43.8,39.4,48.2,45.1,42.0,48.2,43.5,42.8,44.2,0.011,0.0376,0.00778,0.0106,15.8,0.01,0.00649,0.0349,0.036,0.248,0.0134,127.0,30.0,120,22,1 K,13.0,13.5,0.0278,13.9,14.3,13.6,13.8,14.3,15.7,12.6,28.7,10.3,19.4,224.0,5.1,0.0,11.9,13.6
57.0,58.2,55.8,40.8,38.0,43.6,43.0,43.0,43.0,37.8,36.8,38.8,0.012,0.0375,0.00778,0.00969,16.1,0.0102,0.00703,0.0349,0.0358,0.249,0.0138,125.0,30.0,310,24,1 K,15.7,13.5,0.0275,13.9,12.4,14.0,15.0,12.2,13.0,11.3,26.2,8.4,19.5,214.0,5.47,0.0,13.1,13.5
59.2,59.4,59.0,43.1,40.2,46.0,46.4,51.6,41.2,43.4,42.4,44.4,0.0109,0.0378,0.0079,0.00956,16.3,0.0102,0.00709,0.0351,0.0359,0.25,0.0135,116.0,28.0,310,22,1 K,16.0,13.1,0.028,15.0,12.3,14.4,13.8,12.4,12.7,11.0,25.8,8.9,17.9,212.0,4.76,0.0,13.0,13.0
60.6,60.0,61.2,42.6,40.8,44.4,44.0,47.4,40.6,40.7,36.0,45.4,0.0119,0.0377,0.00836,0.00957,16.4,0.0112,0.00719,0.0353,0.0356,0.251,0.0136,108.0,25.0,63,15,1 K,12.9,11.2,0.0278,16.5,13.6,13.7,11.8,13.8,14.6,14.5,28.5,10.5,16.6,219.0,4.79,0.0,14.1,12.6
59.5,57.6,61.4,41.6,43.0,40.2,43.3,51.4,35.2,40.9,43.8,38.0,0.011,0.0372,0.00802,0.01,16.3,0.0118,0.00672,0.0353,0.0357,0.253,0.0133,103.0,25.0,120,16,1 K,13.8,11.2,0.0276,15.6,13.7,12.6,12.0,13.3,14.3,14.3,28.4,10.0,17.7,218.0,4.49,0.0,12.0,13.4
58.5,58.6,58.4,42.8,44.6,41.0,44.5,45.6,43.4,38.4,33.0,43.8,0.0119,0.0372,0.00834,0.00959,16.6,0.0118,0.00676,0.0351,0.0358,0.249,0.0132,97.2,23.0,120,16,1 K,15.5,12.1,0.0275,13.1,13.6,13.1,14.9,14.0,13.9,13.7,30.0,10.1,18.9,219.0,5.34,0.0,12.0,12.4
58.5,56.0,61.0,40.4,46.6,34.2,43.4,37.8,49.0,40.8,39.2,42.4,0.0109,0.0368,0.00764,0.0104,16.8,0.0105,0.00666,0.035,0.0361,0.251,0.0135,95.3,23.0,230,17,1 K,14.3,14.2,0.0279,13.3,15.1,13.2,14.3,14.3,14.9,14.1,31.4,10.5,18.7,224.0,5.32,0.0,12.0,11.6
59.9,61.8,58.0,41.1,40.6,41.6,45.8,43.8,47.8,41.6,43.6,39.6,0.0117,0.0368,0.00753,0.00854,16.9,0.0114,0.00737,0.0349,0.0363,0.25,0.0143,91.5,22.0,120,15,1 K,13.8,14.4,0.0277,15.0,15.5,12.7,12.9,14.7,13.9,11.5,29.9,8.8,19.4,218.0,5.25,0.0,13.3,11.6
58.0,57.6,58.4,43.0,42.8,43.2,46.6,50.6,42.6,42.0,38.2,45.8,0.0117,0.0371,0.00783,0.00999,17.1,0.0104,0.00749,0.0351,0.0362,0.248,0.0141,87.2,21.0,62,12,1 K,14.5,12.7,0.028,15.5,14.7,13.7,13.0,13.9,14.1,11.1,29.3,8.7,18.8,216.0,5.04,0.0,13.6,12.9
59.5,60.6,58.4,42.2,38.6,45.8,42.6,42.4,42.8,41.0,44.8,37.2,0.0143,0.0371,0.011,0.01,18.0,0.0113,0.00759,0.0352,0.0361,0.249,0.0143,84.7,21.0,170,14,1 K,14.1,13.4,0.0284,14.0,16.2,13.6,13.5,12.4,14.4,13.1,28.1,9.2,18.8,220.0,5.43,0.0,12.3,13.4
58.4,59.2,57.6,39.9,37.4,42.4,43.9,52.2,35.6,44.2,40.8,47.6,0.0143,0.0371,0.0105,0.0102,19.0,0.0115,0.00754,0.0355,0.0364,0.252,0.0142,83.4,21.0,290,14,1 K,12.7,13.2,0.0278,11.9,15.0,12.0,14.9,13.4,13.9,14.4,28.2,8.5,18.7,216.0,5.33,0.0,12.6,13.0
58.2,57.4,59.0,42.2,43.8,40.6,44.1,42.6,45.6,39.5,39.8,39.2,0.0149,0.0371,0.0104,0.00978,19.9,0.0115,0.00787,0.0358,0.0365,0.254,0.0147,83.0,21.0,330,19,1 K,13.1,13.7,0.0293,12.7,13.4,12.3,14.6,15.0,13.9,14.1,30.0,9.2,18.9,220.0,5.52,0.0,12.0,12.3
60.9,60.8,61.0,41.1,39.8,42.4,37.4,32.4,42.4,35.3,38.8,31.8,0.0104,0.0376,0.00838,0.00787,8.47,0.0111,0.00732,0.0336,0.0368,0.236,0.0106,15.2,10.0,44,11,600,8.5,8.1,0.0263,8.1,7.1,8.0,6.9,6.0,6.6,6.7,13.7,5.1,12.6,176.0,0.0,3.52,6.78,7.18
52.5,54.6,50.4,39.6,38.4,40.8,38.1,37.4,38.8,39.8,39.4,40.2,0.0104,0.038,0.00856,0.00744,8.71,0.0112,0.00729,0.0337,0.0367,0.236,0.0104,14.8,9.0,31,9,600,8.6,8.5,0.0266,9.7,8.4,8.5,7.0,7.6,7.4,9.7,16.3,5.0,13.4,156.0,4.18,4.49,9.92,9.88
55.9,58.0,53.8,39.9,40.0,39.8,37.9,37.2,38.6,33.9,34.4,33.4,0.0104,0.0377,0.00903,0.00786,8.98,0.0112,0.00688,0.0339,0.0367,0.24,0.0105,14.3,9.0,31,9,600,7.7,6.7,0.0256,7.3,8.5,8.7,8.0,8.5,7.6,11.1,16.4,5.1,11.9,129.0,5.09,6.34,8.22,13.5
55.9,54.6,57.2,40.2,37.4,43.0,35.8,34.8,36.8,35.1,34.0,36.2,0.0105,0.0378,0.00857,0.00818,9.26,0.0109,0.0072,0.0338,0.0366,0.24,0.00948,14.0,9.0,32,9,600,8.2,8.6,0.0263,7.3,9.4,9.1,8.8,7.9,8.4,9.0,17.3,6.0,12.9,135.0,6.64,3.81,8.55,8.92
57.4,60.8,54.0,40.3,43.0,37.6,38.9,38.0,39.8,34.5,32.2,36.8,0.0141,0.0379,0.0114,0.00827,9.42,0.0101,0.007,0.0338,0.0367,0.241,0.00961,13.8,9.0,32,9,600,7.7,8.7,0.0276,8.7,8.8,9.9,9.0,7.2,9.2,9.1,18.1,6.5,11.5,137.0,3.43,4.71,8.58,8.76
53.8,51.2,56.4,40.4,37.4,43.4,37.2,36.2,38.2,34.3,39.4,29.2,0.0134,0.0379,0.0106,0.00835,9.71,0.0116,0.00696,0.034,0.0364,0.242,0.00947,13.8,9.0,33,9,600,7.1,8.7,0.0268,7.1,7.8,9.1,8.9,7.4,8.9,9.5,17.2,6.2,9.8,129.0,4.08,3.78,7.78,6.96
54.8,53.6,56.0,39.5,38.2,40.8,38.8,41.6,36.0,35.9,41.4,30.4,0.0143,0.0378,0.0106,0.00773,9.84,0.00981,0.00705,0.0339,0.0364,0.242,0.00959,13.7,9.0,34,9,600,7.8,9.7,0.0277,6.5,7.2,8.0,7.8,7.6,8.7,9.5,17.2,6.0,11.7,132.0,3.41,4.72,7.99,7.8
52.8,54.6,51.0,41.5,45.6,37.4,37.2,34.2,40.2,33.6,36.2,31.0,0.0133,0.038,0.0113,0.00763,9.87,0.0107,0.00702,0.0341,0.0368,0.242,0.00945,13.4,9.0,31,8,600,7.7,8.6,0.0277,7.9,7.4,7.4,6.8,8.4,8.3,8.9,18.2,5.7,12.5,134.0,3.22,4.67,7.49,7.81
54.3,54.0,54.6,42.3,39.2,45.4,34.7,35.0,34.4,36.0,33.6,38.4,0.0142,0.0379,0.0113,0.00777,9.97,0.00995,0.00754,0.034,0.0368,0.244,0.00936,13.1,9.0,27,8,600,7.9,9.6,0.0266,8.5,8.1,7.4,6.3,9.4,8.9,6.8,18.1,5.7,11.5,132.0,3.32,5.48,8.7,8.65
51.2,51.4,51.0,39.1,42.2,36.0,37.5,35.2,39.8,36.5,36.4,36.6,0.0132,0.0382,0.0109,0.00767,10.3,0.00995,0.00709,0.0341,0.0367,0.244,0.00931,12.9,9.0,27,8,600,7.6,8.2,0.0272,8.2,7.6,7.5,8.1,8.8,9.5,6.4,15.8,5.6,11.3,128.0,3.89,4.59,8.09,8.88
57.0,58.4,55.6,42.8,48.2,37.4,38.6,35.2,42.0,33.2,31.8,34.6,0.0142,0.0384,0.0112,0.00803,10.4,0.0109,0.00666,0.0338,0.0367,0.243,0.0103,13.0,9.0,31,8,600,7.5,7.3,0.0272,9.2,8.7,7.5,10.4,9.0,8.6,8.1,19.3,6.0,10.1,136.0,4.09,4.2,8.31,9.04
55.0,56.6,53.4,39.5,37.4,41.6,36.2,35.2,37.2,35.9,36.4,35.4,0.0132,0.0384,0.0107,0.00859,10.8,0.0109,0.00775,0.0339,0.0366,0.24,0.0101,12.9,8.0,31,8,600,7.3,8.6,0.0274,10.1,8.6,6.9,10.0,8.1,8.8,8.6,20.6,6.7,10.7,139.0,3.75,4.28,8.37,7.67
54.1,53.6,54.6,40.5,41.8,39.2,38.4,39.8,37.0,34.3,35.4,33.2,0.0142,0.0381,0.0111,0.008,10.9,0.0117,0.00786,0.0339,0.0366,0.244,0.0103,12.9,8.0,32,9,600,8.4,8.2,0.0273,8.7,8.1,7.2,9.0,8.2,8.2,9.2,17.8,5.6,11.1,134.0,3.86,4.3,8.56,6.61
56.6,59.6,53.6,40.2,38.8,41.6,36.6,38.6,34.6,37.0,33.2,40.8,0.0142,0.0384,0.0105,0.00874,11.2,0.0111,0.00788,0.0341,0.0369,0.245,0.0102,12.8,8.0,33,9,600,9.6,9.1,0.0279,7.7,8.3,7.8,7.8,8.3,7.7,9.1,17.8,4.6,11.7,132.0,3.85,5.05,8.7,8.05
57.0,56.0,58.0,43.1,40.0,46.2,34.9,35.8,34.0,36.0,35.4,36.6,0.0146,0.0387,0.0105,0.00833,11.4,0.0111,0.00726,0.034,0.037,0.245,0.0103,12.8,8.0,33,9,600,7.9,8.8,0.0273,6.9,8.0,8.6,8.2,7.5,7.5,9.1,17.4,5.8,11.8,130.0,4.36,4.86,7.24,10.3
53.3,54.8,51.8,38.8,40.2,37.4,40.4,37.2,43.6,36.7,38.0,35.4,0.0138,0.0388,0.0106,0.00821,11.9,0.0119,0.00722,0.034,0.0369,0.248,0.0102,12.7,8.0,28,9,600,8.6,9.1,0.0277,7.5,9.7,8.2,9.3,8.2,7.7,9.5,17.8,6.3,10.9,134.0,3.76,5.64,8.07,10.0
53.0,54.8,51.2,43.2,44.4,42.0,38.2,38.0,38.4,33.1,32.8,33.4,0.0146,0.0385,0.0109,0.00761,12.5,0.0103,0.00801,0.0339,0.0368,0.245,0.0103,12.6,8.0,27,9,600,9.8,10.2,0.0271,8.7,9.1,8.4,7.5,7.9,8.3,7.7,17.9,5.5,10.5,134.0,3.78,4.46,7.85,7.53
54.3,52.6,56.0,39.2,38.6,39.8,37.7,37.6,37.8,34.6,29.0,40.2,0.0137,0.0388,0.0104,0.00846,13.2,0.0111,0.00789,0.0342,0.0369,0.248,0.0102,12.6,8.0,28,8,600,8.1,8.7,0.0271,9.3,7.9,8.3,7.0,7.6,8.4,9.5,18.1,5.8,10.7,132.0,3.74,4.65,9.67,6.79
63.9,59.8,68.0,43.0,45.8,40.2,43.2,48.0,38.4,40.6,36.6,44.6,0.0106,0.0377,0.0078,0.00872,11.7,0.00995,0.00675,0.0348,0.0366,0.241,0.0106,25.0,14.0,100,18,800,10.2,10.2,0.0272,9.6,11.8,10.8,10.3,10.3,9.3,11.0,19.7,6.9,14.8,219.0,0.0,6.33,12.2,11.4
57.5,57.8,57.2,43.6,44.8,42.4,40.6,37.8,43.4,37.7,36.4,39.0,0.0115,0.0379,0.00836,0.00881,11.7,0.00994,0.00731,0.0348,0.037,0.244,0.0106,23.8,13.0,81,12,800,10.4,10.5,0.0274,11.8,11.0,11.1,10.3,11.5,12.0,10.8,22.6,7.6,14.5,191.0,0.0,7.36,14.6,15.1
62.1,61.2,63.0,42.5,40.4,44.6,40.4,38.2,42.6,39.7,37.2,42.2,0.0106,0.0385,0.00855,0.00916,12.0,0.0108,0.00675,0.0347,0.037,0.244,0.0104,21.8,12.0,54,9,800,10.9,9.8,0.0274,14.6,10.7,10.1,10.5,12.2,13.0,10.9,25.7,8.5,14.0,183.0,9.27,6.44,18.7,9.32
63.0,61.6,64.4,38.8,37.2,40.4,43.0,44.2,41.8,38.6,46.4,30.8,0.0106,0.0382,0.00853,0.00931,12.3,0.00989,0.00724,0.0348,0.0366,0.245,0.0106,23.0,12.0,110,10,800,11.2,10.1,0.0273,13.6,11.3,10.5,11.0,12.0,13.5,11.9,26.7,8.9,12.7,182.0,10.1,5.75,10.2,10.7
58.5,60.8,56.2,41.4,43.8,39.0,40.8,39.8,41.8,40.1,42.6,37.6,0.0106,0.0383,0.00735,0.00854,12.5,0.00989,0.00672,0.0349,0.0366,0.245,0.0106,21.7,11.0,110,10,800,11.4,8.4,0.0277,12.9,11.2,9.8,11.1,11.4,10.7,11.6,24.3,7.9,13.0,174.0,11.4,5.75,10.7,10.5
58.0,57.4,58.6,43.9,42.0,45.8,39.8,41.2,38.4,37.6,43.6,31.6,0.0116,0.0379,0.00777,0.00921,12.7,0.00989,0.00725,0.0347,0.0365,0.246,0.0107,20.6,11.0,32,9,800,13.2,9.0,0.0269,12.5,10.5,9.8,10.6,12.3,9.2,10.7,22.1,6.7,14.4,174.0,3.5,5.62,9.92,12.1
61.4,63.8,59.0,41.2,37.0,45.4,40.9,39.2,42.6,38.8,36.2,41.4,0.0107,0.0379,0.00878,0.00907,12.9,0.00977,0.00725,0.0349,0.0365,0.245,0.00979,20.1,10.0,35,9,800,12.5,9.5,0.0273,12.8,9.6,11.2,10.3,12.0,11.8,10.7,22.8,7.0,14.2,174.0,4.85,5.28,10.3,12.3
64.1,69.6,58.6,41.4,39.0,43.8,42.6,48.8,36.4,39.3,39.2,39.4,0.0116,0.0377,0.00931,0.00854,12.9,0.0107,0.00668,0.0348,0.0365,0.248,0.00987,19.2,10.0,34,9,800,11.2,10.8,0.0266,12.6,10.9,11.6,11.5,10.8,12.9,11.7,25.5,8.5,12.8,181.0,4.83,7.64,11.1,10.1
57.6,56.4,58.8,41.0,45.2,36.8,42.0,42.8,41.2,38.9,35.0,42.8,0.0106,0.0376,0.00907,0.0088,13.0,0.0098,0.00656,0.0347,0.0365,0.244,0.00968,18.6,10.0,28,9,800,12.7,11.7,0.0268,10.9,11.1,11.8,11.5,10.0,11.1,11.7,23.6,8.9,12.0,177.0,4.53,5.26,11.4,10.6
61.0,60.2,61.8,44.0,49.6,38.4,42.5,42.4,42.6,40.7,40.6,40.8,0.0106,0.0374,0.00969,0.00827,13.0,0.00952,0.0074,0.0346,0.0363,0.244,0.00979,18.4,10.0,39,9,800,12.4,11.1,0.0272,11.2,10.1,11.4,11.6,9.6,10.2,11.3,22.7,8.7,14.6,176.0,4.5,6.34,10.8,9.53
55.5,56.6,54.4,38.2,43.8,32.6,40.5,35.8,45.2,37.6,41.0,34.2,0.0108,0.0372,0.00991,0.00814,13.3,0.00952,0.00736,0.0347,0.0364,0.247,0.00969,18.0,10.0,40,10,800,11.3,10.3,0.0273,12.1,10.7,10.5,11.6,11.1,10.7,11.2,24.8,9.1,14.9,182.0,4.56,4.01,11.1,13.1
60.3,59.6,61.0,44.2,44.0,44.4,43.0,44.8,41.2,38.8,33.4,44.2,0.0108,0.0369,0.00966,0.00867,13.5,0.00943,0.00799,0.0346,0.0364,0.245,0.00934,17.6,10.0,31,9,800,11.5,9.2,0.0275,11.8,9.8,9.3,10.4,12.4,10.6,10.5,20.2,7.5,14.4,170.0,5.25,5.81,11.1,11.0
57.2,55.8,58.6,40.6,41.0,40.2,39.7,35.8,43.6,38.2,35.8,40.6,0.0108,0.0374,0.00915,0.00979,13.6,0.00943,0.00678,0.0348,0.0365,0.245,0.00968,17.3,10.0,33,9,800,11.1,10.2,0.0274,11.7,8.6,10.0,10.8,12.2,10.6,10.0,18.9,6.5,16.0,166.0,4.81,4.91,12.0,11.2
59.8,61.8,57.8,41.6,42.2,41.0,41.3,45.8,36.8,39.0,32.6,45.4,0.0119,0.0368,0.00912,0.00897,13.6,0.00963,0.00746,0.0344,0.0367,0.246,0.0117,17.1,10.0,36,9,800,10.7,11.8,0.0275,13.3,10.6,10.5,10.8,12.1,10.2,11.3,23.1,8.4,14.0,178.0,4.41,6.61,10.7,10.1
59.9,60.6,59.2,40.6,39.8,41.4,38.4,39.8,37.0,38.3,33.8,42.8,0.0109,0.037,0.00907,0.00952,14.2,0.00963,0.00738,0.0346,0.0363,0.246,0.0114,16.8,9.0,30,8,800,12.6,10.4,0.0266,11.8,11.8,10.9,9.6,10.7,10.4,11.2,23.4,8.0,13.4,176.0,4.34,5.99,10.9,11.8
56.4,54.4,58.4,43.9,41.8,46.0,41.1,41.0,41.2,40.8,41.6,40.0,0.0119,0.0368,0.00937,0.00917,14.8,0.0104,0.00741,0.0347,0.0366,0.244,0.0115,16.5,9.0,30,8,800,13.3,8.4,0.0275,10.3,12.0,12.0,9.7,9.9,11.0,11.0,21.6,7.0,14.3,173.0,4.17,6.82,9.74,11.6
61.5,61.2,61.8,41.3,45.2,37.4,42.2,40.8,43.6,39.4,39.8,39.0,0.011,0.0369,0.00884,0.00975,15.7,0.00976,0.00695,0.0346,0.0368,0.247,0.0113,17.2,9.0,110,10,800,9.4,8.5,0.0267,10.1,11.9,11.4,11.3,10.2,11.3,10.8,21.4,7.0,14.8,171.0,4.84,5.97,11.9,10.7
58.4,58.2,58.6,41.7,35.6,47.8,43.1,41.2,45.0,40.2,39.2,41.2,0.0108,0.0364,0.00854,0.01,14.3,0.0113,0.00725,0.0335,0.0365,0.242,0.0113,341.0,90.0,1.20 K,700,1 K,14.1,12.7,0.0273,12.6,12.3,12.1,12.5,13.4,10.8,13.2,26.0,8.1,17.4,218.0,9.49,0.0261,12.4,13.5
62.4,63.4,61.4,43.1,46.2,40.0,45.3,44.6,46.0,42.1,42.0,42.2,0.0108,0.0361,0.00736,0.0094,14.7,0.0115,0.00853,0.0334,0.0363,0.242,0.0114,294.0,77.0,210,24,1 K,16.1,13.4,0.0267,14.3,13.9,13.2,12.9,10.9,14.3,13.8,29.8,10.8,19.6,223.0,10.9,0.0261,12.6,12.9
58.0,58.0,58.0,41.9,40.6,43.2,44.9,44.8,45.0,42.4,50.0,34.8,0.0108,0.0365,0.00784,0.00986,14.7,0.0106,0.00798,0.0333,0.0365,0.242,0.0111,258.0,67.0,190,28,1 K,13.7,12.8,0.0273,14.4,13.5,13.5,15.0,12.0,15.3,12.9,29.3,10.1,20.5,217.0,4.3,0.0261,13.0,12.9
58.5,59.0,58.0,42.4,41.8,43.0,41.9,37.6,46.2,40.8,43.8,37.8,0.0123,0.0369,0.00821,0.0096,14.8,0.0114,0.0086,0.0333,0.0365,0.246,0.0118,229.0,44.0,120,15,1 K,10.9,12.8,0.0273,14.1,12.1,14.1,15.7,14.5,15.0,13.6,28.4,9.5,21.2,217.0,4.56,0.0,12.0,12.5
60.2,60.8,59.6,42.4,36.0,48.8,43.8,39.6,48.0,44.3,45.6,43.0,0.0123,0.0367,0.00759,0.01,15.1,0.0107,0.00725,0.0336,0.0366,0.247,0.0114,206.0,37.0,100,20,1 K,12.9,13.2,0.0265,13.5,13.4,14.3,14.5,15.0,14.6,13.0,27.9,8.0,19.6,215.0,5.26,0.0,12.7,13.1
60.1,61.2,59.0,41.2,35.4,47.0,44.7,43.4,46.0,42.3,42.4,42.2,0.0117,0.0369,0.00737,0.0102,15.5,0.0117,0.0079,0.0335,0.0365,0.244,0.0116,192.0,36.0,150,23,1 K,14.6,12.0,0.027,13.7,14.5,13.9,14.2,14.2,14.7,12.8,27.6,7.6,18.7,212.0,4.59,0.0,11.9,11.4
58.9,57.4,60.4,42.7,42.2,43.2,42.3,40.0,44.6,39.6,34.0,45.2,0.0117,0.0371,0.00759,0.0103,15.7,0.0109,0.00727,0.0335,0.0366,0.246,0.0119,176.0,31.0,150,16,1 K,13.9,13.3,0.0264,14.1,13.2,13.3,13.0,14.2,14.2,13.4,25.3,9.4,18.6,210.0,4.82,0.0,13.1,13.7
60.6,61.0,60.2,41.9,43.8,40.0,44.8,44.0,45.6,41.1,40.2,42.0,0.0119,0.037,0.00813,0.00937,15.9,0.0121,0.00781,0.0334,0.0364,0.246,0.0115,168.0,32.0,210,23,1 K,13.1,14.3,0.0263,12.3,13.1,13.3,13.2,15.5,13.8,14.6,26.1,9.6,19.0,214.0,4.4,0.0,12.9,11.9
60.8,59.4,62.2,40.6,40.0,41.2,45.1,41.6,48.6,40.7,40.0,41.4,0.0109,0.0374,0.00813,0.00997,16.2,0.0111,0.00713,0.034,0.0364,0.244,0.0095,158.0,30.0,170,25,1 K,12.3,11.6,0.0268,11.2,13.8,13.8,13.9,14.9,14.6,14.4,27.3,9.7,19.7,213.0,5.18,0.0,13.5,12.4
60.0,58.4,61.6,42.7,42.6,42.8,43.9,43.2,44.6,45.5,48.0,43.0,0.0117,0.0374,0.00817,0.00942,16.4,0.0122,0.00717,0.0338,0.0366,0.245,0.00984,149.0,29.0,96,20,1 K,13.7,12.1,0.0268,12.8,13.8,12.2,15.0,14.8,14.1,14.6,25.6,8.6,18.8,214.0,5.23,0.0,13.2,11.3
59.5,59.8,59.2,41.5,45.0,38.0,44.9,45.2,44.6,73.5,75.8,71.2,0.0107,0.0378,0.00776,0.0098,16.8,0.0114,0.00714,0.0338,0.0363,0.248,0.0103,140.0,27.0,85,17,1 K,13.9,14.5,0.0259,14.3,12.9,13.9,15.0,12.8,13.9,14.3,26.8,8.3,17.0,217.0,5.2,0.0,11.1,11.1
59.2,61.0,57.4,44.1,44.4,43.8,43.6,40.6,46.6,78.9,66.8,91.0,0.0116,0.0378,0.00776,0.00921,16.7,0.0123,0.00771,0.0341,0.0364,0.245,0.0101,135.0,27.0,160,23,1 K,12.7,13.8,0.0267,13.3,12.5,16.1,13.7,11.4,14.2,14.4,28.9,9.5,19.3,218.0,5.1,0.0,11.1,8.54
56.5,55.4,57.6,42.1,42.4,41.8,44.2,46.2,42.2,38.7,39.6,37.8,0.0108,0.038,0.00774,0.00974,17.4,0.0112,0.00712,0.0337,0.0367,0.248,0.00991,128.0,26.0,180,20,1 K,11.7,13.3,0.0269,11.9,13.9,15.3,12.9,12.2,13.9,15.6,29.3,9.2,21.3,218.0,4.99,0.0,12.6,8.77
60.4,61.0,59.8,43.2,41.6,44.8,43.0,41.0,45.0,41.5,38.8,44.2,0.0118,0.0382,0.00823,0.0093,18.3,0.0115,0.00758,0.0342,0.0365,0.249,0.0101,124.0,26.0,130,20,1 K,11.4,13.1,0.0268,13.0,15.1,15.6,13.1,11.5,14.4,15.5,29.6,10.1,19.4,218.0,5.45,0.0,12.7,8.48
60.4,63.0,57.8,41.1,43.2,39.0,43.4,38.8,48.0,43.6,46.6,40.6,0.0109,0.0383,0.00779,0.01,19.5,0.0115,0.00747,0.0342,0.0365,0.248,0.00995,119.0,26.0,110,22,1 K,12.6,11.8,0.0269,14.2,14.9,15.2,13.8,11.6,15.2,15.5,29.4,12.5,19.4,222.0,4.72,0.0,13.6,11.7
62.5,61.2,63.8,43.0,42.6,43.4,43.9,44.6,43.2,41.6,40.0,43.2,0.0117,0.0385,0.00757,0.00973,20.3,0.0126,0.00751,0.0344,0.0364,0.251,0.0109,118.0,27.0,180,48,1 K,13.9,11.3,0.027,14.8,13.6,14.1,13.8,13.3,14.6,13.9,28.8,11.6,20.6,222.0,5.55,0.0,12.6,12.2
58.6,61.6,55.6,40.0,45.0,35.0,38.8,36.2,41.4,35.0,34.6,35.4,0.0112,0.0381,0.00813,0.00869,8.33,0.00924,0.00836,0.0357,0.0378,0.239,0.0115,14.0,9.0,45,10,600,6.4,6.8,0.0279,7.5,7.8,7.6,7.7,6.7,7.9,7.2,14.2,3.8,10.2,173.0,3.38,0.0,0.0,7.11
54.2,54.4,54.0,40.8,36.8,44.8,36.3,36.6,36.0,37.7,39.4,36.0,0.0103,0.0383,0.00828,0.00923,8.53,0.00924,0.00774,0.0356,0.0377,0.24,0.0112,13.5,9.0,33,9,600,7.0,8.6,0.0287,8.1,8.4,8.9,9.7,8.4,8.7,8.4,16.6,5.0,12.4,157.0,4.31,5.34,0.0,9.67
56.4,55.6,57.2,42.5,45.2,39.8,37.3,36.0,38.6,33.9,34.8,33.0,0.0112,0.0386,0.00831,0.00904,8.8,0.00934,0.00709,0.036,0.0379,0.24,0.0114,13.3,8.0,31,9,600,6.8,8.6,0.0286,9.1,6.8,7.6,8.7,9.1,8.1,8.6,17.0,5.1,13.4,131.0,6.11,6.34,12.6,12.2
55.4,52.0,58.8,39.4,41.6,37.2,36.4,31.6,41.2,34.3,33.2,35.4,0.0104,0.0386,0.00765,0.00904,9.02,0.00934,0.00697,0.0358,0.0378,0.241,0.011,12.8,8.0,29,8,600,8.2,9.3,0.0278,8.9,7.1,6.8,8.0,8.9,8.9,7.4,18.4,5.4,14.2,133.0,3.7,7.25,14.2,8.78
55.4,53.6,57.2,39.8,35.2,44.4,39.5,42.2,36.8,33.2,36.8,29.6,0.0104,0.0386,0.0081,0.0093,9.23,0.00932,0.00744,0.0359,0.0378,0.241,0.0112,12.7,8.0,29,8,600,10.2,8.3,0.0283,7.1,7.4,7.6,8.7,8.6,7.6,8.7,18.7,5.4,12.8,135.0,4.49,3.94,18.2,8.76
53.5,51.2,55.8,42.2,41.2,43.2,36.7,39.2,34.2,35.6,31.2,40.0,0.0104,0.0387,0.0076,0.00928,9.37,0.00932,0.00685,0.0358,0.0381,0.237,0.011,12.5,8.0,30,8,600,9.6,7.6,0.0281,7.8,7.6,8.2,8.0,8.4,7.0,9.0,17.9,5.3,11.5,134.0,3.65,3.99,7.63,9.19
54.1,51.4,56.8,41.5,43.4,39.6,37.5,43.2,31.8,33.8,36.4,31.2,0.0118,0.0385,0.00806,0.00879,9.7,0.0093,0.0069,0.0359,0.0379,0.239,0.0106,12.8,8.0,33,8,600,8.1,8.9,0.0284,8.3,7.8,7.7,7.6,8.2,9.2,7.6,18.0,5.3,12.4,132.0,3.61,4.86,8.88,7.65
55.3,54.8,55.8,42.0,41.4,42.6,37.7,39.6,35.8,36.0,36.0,36.0,0.0109,0.0383,0.00806,0.00938,9.62,0.0093,0.00686,0.0359,0.038,0.24,0.0104,12.6,8.0,34,8,600,7.3,9.6,0.0282,7.6,7.6,7.1,8.6,8.3,9.5,7.5,17.6,6.0,12.8,132.0,3.45,4.62,7.63,8.69
52.9,50.2,55.6,41.3,43.4,39.2,37.7,37.8,37.6,33.9,27.6,40.2,0.0117,0.0387,0.00792,0.00955,9.92,0.00941,0.00744,0.0361,0.0381,0.24,0.0105,12.4,8.0,29,8,600,7.3,8.4,0.0281,7.3,8.2,7.6,8.6,8.1,8.5,7.1,17.1,6.3,12.2,131.0,4.07,5.15,8.31,8.36
53.0,54.0,52.0,40.1,39.6,40.6,38.1,39.4,36.8,33.8,33.8,33.8,0.0104,0.0389,0.0073,0.0095,10.2,0.00941,0.00689,0.0362,0.038,0.242,0.0103,12.3,8.0,29,8,600,7.8,8.0,0.0278,7.2,8.5,7.5,8.6,7.7,8.6,7.7,17.0,6.0,11.9,130.0,3.88,4.33,9.19,9.4
52.7,52.8,52.6,39.4,38.4,40.4,37.3,36.4,38.2,38.1,35.8,40.4,0.0115,0.0389,0.00788,0.00825,10.2,0.0102,0.00701,0.0362,0.0379,0.243,0.00984,12.3,8.0,32,8,600,8.2,10.1,0.0279,7.2,8.4,7.2,8.4,7.1,8.4,8.8,18.0,6.1,12.8,131.0,3.27,4.1,9.27,8.78
53.3,54.4,52.2,41.6,39.8,43.4,37.0,38.8,35.2,34.6,32.2,37.0,0.0106,0.0389,0.00737,0.00927,10.5,0.0102,0.00689,0.0359,0.038,0.243,0.0102,12.3,8.0,33,8,600,8.3,9.5,0.0277,8.1,8.5,7.7,7.3,7.6,7.0,8.5,17.0,4.3,11.7,126.0,3.05,3.54,9.33,7.71
51.6,53.4,49.8,42.0,38.8,45.2,37.2,39.0,35.4,32.3,33.6,31.0,0.0114,0.0386,0.00787,0.00877,10.5,0.00943,0.0075,0.0361,0.0381,0.244,0.0103,12.1,8.0,29,7,600,7.2,8.0,0.0275,9.0,7.4,7.3,9.0,9.5,6.5,9.1,16.8,4.7,11.0,129.0,3.32,4.4,8.37,7.44
53.0,54.2,51.8,39.2,42.4,36.0,40.0,42.2,37.8,36.4,34.8,38.0,0.0104,0.039,0.00799,0.00913,10.7,0.00943,0.00686,0.0357,0.038,0.243,0.0108,12.0,8.0,29,7,600,6.7,7.9,0.0273,8.0,8.1,7.3,10.7,9.3,8.0,8.4,17.5,7.0,12.2,132.0,4.12,4.68,7.5,7.02
50.6,51.6,49.6,42.2,38.4,46.0,37.4,37.8,37.0,31.9,30.4,33.4,0.0104,0.0391,0.00788,0.00877,10.8,0.00945,0.00694,0.0358,0.0381,0.239,0.0108,12.0,8.0,29,8,600,7.3,8.5,0.0272,7.7,8.5,8.6,8.8,8.4,8.9,9.0,18.7,7.1,11.8,134.0,3.73,4.71,7.95,8.79
57.0,57.2,56.8,37.6,39.4,35.8,36.9,33.2,40.6,33.9,36.6,31.2,0.0104,0.0391,0.00758,0.00861,11.3,0.00945,0.00682,0.036,0.0378,0.245,0.0102,11.9,8.0,28,8,600,8.3,8.4,0.027,9.2,7.0,9.5,8.4,9.0,8.3,10.5,20.6,7.0,9.5,139.0,4.17,4.75,8.31,7.22
51.3,49.6,53.0,42.7,46.0,39.4,37.6,43.0,32.2,36.2,33.8,38.6,0.0114,0.0391,0.00805,0.00834,11.9,0.0108,0.00742,0.0359,0.0379,0.243,0.0106,11.9,8.0,31,8,600,8.3,7.7,0.0268,8.7,7.0,8.9,9.3,8.9,8.2,8.5,19.4,6.9,10.4,136.0,3.68,3.91,9.11,8.42
52.3,51.0,53.6,39.6,43.4,35.8,38.7,34.4,43.0,34.6,32.2,37.0,0.0106,0.039,0.00805,0.00877,12.5,0.0108,0.00689,0.0358,0.0378,0.246,0.0102,11.9,8.0,33,8,600,8.3,8.3,0.0268,7.6,7.1,7.4,8.1,8.4,8.4,8.8,18.7,6.6,11.2,133.0,3.62,4.83,8.68,7.84
61.6,62.2,61.0,41.0,44.4,37.6,42.5,43.8,41.2,39.1,38.0,40.2,0.0125,0.0385,0.0074,0.00886,11.2,0.0103,0.0073,0.0352,0.0373,0.244,0.00947,28.4,16.0,98,23,800,9.4,8.4,0.0257,12.0,8.3,10.4,9.5,11.5,8.6,10.5,21.8,8.4,14.5,220.0,0.0,6.19,0.0,0.0
61.7,65.0,58.4,43.2,42.4,44.0,42.4,48.4,36.4,38.0,36.6,39.4,0.0124,0.0386,0.00789,0.00838,11.4,0.0103,0.00789,0.0352,0.0371,0.246,0.0101,27.1,14.0,110,16,800,9.5,12.1,0.026,13.1,10.2,10.1,11.2,11.9,10.1,8.7,23.0,7.9,17.1,195.0,0.0,7.19,14.9,15.7
60.6,56.4,64.8,38.0,38.8,37.2,40.5,41.2,39.8,38.3,37.0,39.6,0.011,0.0388,0.00752,0.00886,11.5,0.00956,0.00738,0.0354,0.0371,0.245,0.01,24.5,13.0,31,9,800,13.4,10.7,0.0253,12.3,10.8,10.4,11.0,10.0,10.1,9.2,22.6,6.3,17.5,173.0,8.3,9.13,18.1,19.7
58.9,62.6,55.2,43.6,43.4,43.8,41.4,40.8,42.0,41.3,43.8,38.8,0.011,0.0391,0.00813,0.00814,11.9,0.0103,0.00795,0.0354,0.0369,0.245,0.0101,22.9,12.0,35,9,800,12.2,10.5,0.0253,10.9,11.5,11.4,12.6,10.3,9.8,11.8,22.3,6.4,15.7,176.0,9.97,4.81,21.6,22.8
60.8,60.4,61.2,41.0,41.4,40.6,42.9,45.4,40.4,37.6,34.8,40.4,0.0114,0.0389,0.00782,0.00874,12.0,0.00941,0.00737,0.0352,0.0372,0.246,0.01,21.6,11.0,35,9,800,11.2,12.7,0.0262,10.8,11.8,11.3,11.5,10.2,10.5,11.3,22.6,7.6,14.0,176.0,11.2,5.71,11.1,10.7
57.4,59.2,55.6,40.2,37.8,42.6,39.1,41.6,36.6,35.6,39.2,32.0,0.0114,0.0387,0.00827,0.00821,11.9,0.0102,0.00791,0.0353,0.0371,0.244,0.0102,20.4,11.0,32,9,800,12.7,11.8,0.0257,9.9,11.3,11.3,9.7,10.7,11.2,11.1,23.3,7.2,14.0,175.0,4.27,6.29,11.3,10.4
58.9,56.6,61.2,43.0,45.2,40.8,44.4,46.6,42.2,38.5,40.2,36.8,0.0112,0.0386,0.00765,0.00873,12.4,0.00934,0.00734,0.0353,0.0368,0.244,0.0105,19.5,10.0,30,8,800,10.2,11.4,0.0256,9.9,11.3,10.7,12.0,11.0,9.8,12.2,22.5,7.0,15.5,174.0,4.11,6.61,12.0,10.9
61.5,64.6,58.4,41.6,40.2,43.0,41.3,42.2,40.4,37.3,45.2,29.4,0.0122,0.0387,0.00816,0.00769,12.3,0.00954,0.00792,0.0355,0.0367,0.248,0.0102,18.9,10.0,31,9,800,9.3,11.9,0.0261,9.0,11.8,10.5,12.4,11.7,10.9,11.2,22.0,7.3,16.1,174.0,4.47,5.92,11.1,9.98
58.2,59.8,56.6,40.4,43.4,37.4,40.7,38.4,43.0,38.4,42.5,34.2,0.0114,0.0389,0.00777,0.00888,12.7,0.00954,0.00731,0.0353,0.0366,0.246,0.01,18.1,10.0,30,8,800,10.6,10.8,0.0255,8.7,11.3,11.0,11.9,12.3,12.8,9.5,22.4,7.2,16.4,175.0,5.44,6.2,11.2,9.88
59.6,59.4,59.8,42.0,45.2,38.8,42.4,42.0,42.8,38.5,39.6,37.4,0.0123,0.0389,0.00815,0.00854,12.8,0.0104,0.00785,0.0354,0.0365,0.246,0.00958,17.7,10.0,28,9,800,10.8,10.4,0.0264,11.3,10.7,9.9,12.2,11.3,12.1,11.1,22.8,7.0,16.5,177.0,3.93,5.98,11.4,10.2
58.4,59.4,57.4,40.7,44.0,37.4,41.5,42.8,40.2,37.4,38.6,36.2,0.0123,0.0385,0.00763,0.00888,12.9,0.00955,0.00733,0.035,0.0367,0.248,0.00952,17.4,10.0,35,9,800,10.5,12.2,0.0263,11.5,12.1,9.2,11.3,11.9,10.7,12.2,22.5,7.2,15.4,178.0,4.23,6.73,11.0,11.4
59.1,59.4,58.8,41.3,42.6,40.0,39.7,38.6,40.8,38.2,35.6,40.8,0.0113,0.0386,0.00791,0.00896,13.1,0.0107,0.00781,0.0347,0.0368,0.246,0.00965,17.0,9.0,36,9,800,11.0,11.9,0.026,10.3,11.6,11.0,11.6,13.4,10.2,10.5,24.2,8.1,16.4,182.0,3.49,4.94,11.1,11.4
57.6,58.6,56.6,41.3,38.4,44.2,43.0,46.6,39.4,40.1,34.2,46.0,0.0113,0.0384,0.00765,0.0085,13.4,0.00944,0.00721,0.0347,0.0369,0.249,0.00957,16.7,9.0,31,9,800,11.3,10.8,0.0266,9.7,11.2,11.4,11.8,13.2,10.3,10.2,24.5,8.1,16.7,179.0,5.32,4.89,10.3,12.3
60.4,59.6,61.2,43.6,44.8,42.4,43.8,41.4,46.2,37.7,38.4,37.0,0.0123,0.0387,0.00813,0.00846,13.5,0.00944,0.00832,0.0348,0.037,0.247,0.00974,16.5,9.0,33,10,800,10.9,10.7,0.0267,10.0,10.5,11.9,10.1,10.6,11.3,11.3,23.2,8.9,15.2,175.0,4.36,4.7,11.3,12.1
57.2,59.2,55.2,38.9,39.0,38.8,40.0,37.2,42.8,39.6,38.0,41.2,0.0114,0.0389,0.00722,0.00881,14.0,0.0103,0.0078,0.0348,0.0368,0.246,0.00967,16.3,9.0,34,9,800,10.8,9.8,0.0259,10.7,11.1,12.3,9.3,9.5,11.7,12.2,21.1,7.9,14.5,172.0,4.47,6.31,11.0,11.9
61.8,62.2,61.4,42.7,46.0,39.4,42.9,42.2,43.6,36.5,36.0,37.0,0.0124,0.039,0.00792,0.00824,14.8,0.0103,0.00839,0.0346,0.0368,0.249,0.00973,16.1,9.0,33,9,800,10.6,10.2,0.0257,11.1,13.1,10.0,9.5,10.7,10.1,11.7,21.3,6.9,16.0,173.0,4.27,6.07,10.7,10.8
60.7,61.8,59.6,40.8,41.6,40.0,41.2,38.2,44.2,38.5,42.6,34.4,0.0124,0.039,0.00742,0.00866,15.7,0.0104,0.00739,0.0343,0.0373,0.251,0.0101,15.9,9.0,32,9,800,11.0,12.2,0.0263,11.0,12.9,10.4,10.1,10.0,9.7,10.5,24.9,8.3,15.6,176.0,4.98,6.21,9.7,10.7
61.6,61.0,62.2,42.4,37.8,47.0,42.0,42.4,41.6,38.8,41.2,36.4,0.0124,0.0393,0.00732,0.00878,16.2,0.00963,0.00752,0.0345,0.0372,0.248,0.0103,15.8,9.0,34,9,800,10.9,14.0,0.026,10.0,11.5,11.6,10.0,9.9,11.4,10.5,24.0,8.7,14.9,175.0,4.55,5.5,10.5,10.7
61.7,63.8,59.6,43.7,48.6,38.8,43.4,44.6,42.2,37.9,38.6,37.2,0.0116,0.038,0.00864,0.008,14.1,0.0104,0.00712,0.035,0.0377,0.246,0.00988,272.0,90.0,1 K,500,1 K,10.3,11.6,0.0275,11.9,9.4,11.2,9.5,11.6,9.9,13.3,20.5,6.6,15.2,216.0,7.34,0.0337,15.9,0.0
60.6,62.8,58.4,41.2,42.0,40.4,44.8,44.0,45.6,42.3,42.8,41.8,0.0116,0.0382,0.0083,0.00791,14.5,0.00964,0.00658,0.0348,0.0379,0.248,0.00967,256.0,90.0,1 K,490,1 K,11.5,13.0,0.0272,14.8,11.6,14.0,12.2,13.6,10.5,15.0,26.3,9.3,16.1,221.0,8.33,0.0337,20.8,22.1
61.9,61.2,62.6,41.3,45.0,37.6,43.9,43.6,44.2,40.8,42.4,39.2,0.0117,0.0381,0.00876,0.0081,14.5,0.00964,0.00709,0.0349,0.0379,0.248,0.00978,218.0,68.0,290,26,1 K,13.8,14.8,0.0275,14.6,13.5,14.6,14.7,13.1,13.1,15.8,30.6,11.2,19.3,226.0,4.5,0.0,24.6,25.6
57.5,59.0,56.0,40.8,40.8,40.8,43.1,38.8,47.4,41.2,41.2,41.2,0.0108,0.0381,0.00819,0.00798,14.9,0.0108,0.00651,0.0348,0.038,0.247,0.00957,191.0,50.0,120,18,1 K,14.7,13.7,0.0268,13.0,13.4,12.4,12.3,13.4,14.6,14.0,27.6,9.4,20.1,216.0,4.5,0.0,12.3,29.7
61.0,62.0,60.0,42.5,46.4,38.6,44.2,45.8,42.6,39.3,39.2,39.4,0.0118,0.038,0.00872,0.00749,14.9,0.0108,0.00715,0.0353,0.038,0.249,0.0104,180.0,49.0,280,20,1 K,15.2,12.5,0.0274,13.2,13.7,12.4,13.0,13.2,13.0,12.4,27.4,10.6,19.6,214.0,5.09,0.0,11.4,12.4
56.4,55.4,57.4,42.2,42.0,42.4,44.9,47.4,42.4,44.6,47.6,41.6,0.0108,0.0379,0.00831,0.00916,15.4,0.0116,0.00794,0.0353,0.0381,0.25,0.0103,164.0,39.0,220,19,1 K,15.1,13.1,0.0271,14.2,14.0,13.9,15.9,12.7,14.7,12.4,28.0,10.5,19.3,220.0,4.97,0.0,12.2,12.9
60.5,60.8,60.2,43.8,42.4,45.2,45.7,42.6,48.8,41.3,39.8,42.8,0.0117,0.038,0.00862,0.00882,15.7,0.0116,0.00805,0.0356,0.0381,0.252,0.0104,151.0,33.0,110,14,1 K,13.5,15.2,0.0277,13.7,12.8,14.7,14.7,11.8,17.0,13.4,26.3,7.9,18.6,217.0,5.41,0.0,13.4,13.1
60.0,60.6,59.4,41.9,42.4,41.4,45.6,46.2,45.0,42.7,45.8,39.6,0.0117,0.0383,0.00829,0.00874,15.8,0.0104,0.00757,0.0358,0.0379,0.249,0.0103,140.0,30.0,120,17,1 K,13.5,14.9,0.0275,14.5,12.7,14.5,11.9,11.5,14.6,13.6,27.4,8.3,19.7,214.0,5.5,0.0,13.6,11.8
60.3,63.2,57.4,43.0,49.8,36.2,43.6,46.0,41.2,39.6,45.4,33.8,0.0116,0.0387,0.00852,0.00964,15.7,0.0114,0.00806,0.0359,0.0377,0.246,0.0104,131.0,28.0,110,16,1 K,14.3,13.9,0.0271,14.2,14.1,13.4,13.8,12.2,14.2,13.8,29.9,9.1,18.6,218.0,5.66,0.0,12.7,12.9
59.0,60.6,57.4,42.4,39.6,45.2,44.2,44.0,44.4,44.0,50.8,37.2,0.0106,0.0391,0.00813,0.00912,16.2,0.0114,0.00695,0.036,0.0375,0.251,0.0102,122.0,25.0,100,13,1 K,13.7,15.5,0.0267,13.9,12.9,13.5,15.5,11.5,14.6,15.7,27.8,8.6,17.5,217.0,4.52,0.0,12.2,12.5
59.8,58.8,60.8,43.1,41.4,44.8,44.3,41.0,47.6,41.6,40.8,42.4,0.0114,0.0388,0.00821,0.00938,16.4,0.0108,0.0075,0.036,0.0375,0.253,0.0103,115.0,24.0,73,13,1 K,13.1,15.8,0.0275,14.3,13.1,14.6,13.8,12.1,13.8,14.7,26.4,7.7,18.0,215.0,4.64,0.0,12.0,13.0
60.8,60.8,60.8,41.4,37.6,45.2,45.3,48.8,41.8,40.0,33.6,46.4,0.0104,0.0387,0.00751,0.00982,16.5,0.0108,0.00691,0.0366,0.0376,0.247,0.0104,113.0,24.0,240,19,1 K,13.7,14.5,0.0275,12.8,14.8,14.6,13.8,13.6,14.3,14.7,28.4,9.0,17.2,219.0,4.87,0.0,12.0,12.6
58.9,57.4,60.4,43.9,44.8,43.0,43.0,39.8,46.2,41.6,42.0,41.2,0.0104,0.0385,0.00832,0.0094,16.7,0.011,0.00696,0.0365,0.0373,0.248,0.00959,108.0,23.0,240,21,1 K,13.6,14.1,0.0269,14.1,14.0,13.5,14.6,12.9,13.9,15.1,28.8,10.1,17.4,220.0,5.26,0.0,12.8,11.7
58.6,57.4,59.8,41.4,40.8,42.0,44.6,48.0,41.2,42.3,46.8,37.8,0.0104,0.0386,0.00832,0.01,17.1,0.011,0.00683,0.0369,0.0374,0.252,0.00951,103.0,22.0,120,13,1 K,14.2,14.2,0.0271,15.6,14.8,13.2,13.7,12.7,11.4,14.0,28.2,9.5,18.0,219.0,5.69,0.0,12.5,12.9
58.1,58.2,58.0,43.2,43.6,42.8,43.1,40.0,46.2,42.5,41.8,43.2,0.0113,0.0386,0.00857,0.0096,18.4,0.011,0.00637,0.0368,0.0373,0.249,0.0096,100.0,21.0,180,13,1 K,13.7,14.5,0.0266,13.9,15.4,12.4,12.0,14.5,11.7,14.8,26.9,9.7,19.2,215.0,5.22,0.0,13.1,12.2
59.4,58.8,60.0,41.7,37.2,46.2,44.9,42.8,47.0,43.4,47.8,39.0,0.0104,0.0387,0.00816,0.00992,19.3,0.0122,0.00689,0.0371,0.0371,0.25,0.00943,101.0,23.0,220,43,1 K,12.5,14.6,0.0262,15.0,14.4,13.4,12.0,13.0,13.6,15.9,28.6,10.6,21.2,221.0,5.4,0.0,12.2,13.0
60.4,59.2,61.6,42.5,41.0,44.0,44.0,47.8,40.2,40.2,36.0,44.4,0.0113,0.0388,0.00795,0.01,20.1,0.0122,0.007,0.0371,0.0372,0.252,0.0096,99.1,23.0,250,32,1 K,13.1,14.2,0.0269,15.7,12.9,14.8,13.8,11.0,13.6,14.7,30.3,10.6,19.8,222.0,4.96,0.0,13.0,11.4
54.8,53.8,55.8,42.2,45.2,39.2,38.3,38.4,38.2,36.2,34.8,37.6,0.0115,0.0357,0.00815,0.0123,7.93,0.0101,0.00784,0.0347,0.0371,0.239,0.01,11.8,7.0,33,8,600,9.89,7.44,0.0252,6.78,6.33,6.78,9.44,7.89,8.33,7.78,17.2,5.89,10.2,193.0,0.0,0.0,0.0,0.0
52.2,48.8,55.6,40.0,43.2,36.8,38.9,43.0,34.8,33.9,38.0,29.8,0.0115,0.0354,0.00774,0.0122,8.17,0.00933,0.00724,0.0346,0.0368,0.236,0.00991,11.8,7.0,28,8,600,8.6,8.1,0.0252,9.0,7.1,7.7,8.5,9.8,9.0,8.4,18.7,6.0,11.2,165.0,0.0,0.0,9.7,9.69
54.4,56.4,52.4,42.7,45.2,40.2,36.1,36.4,35.8,33.2,33.8,32.6,0.0115,0.0354,0.00706,0.0124,8.34,0.0102,0.00675,0.0348,0.0369,0.24,0.0107,11.6,7.0,29,8,600,6.7,7.9,0.026,9.3,8.9,7.7,8.1,9.7,8.6,9.6,17.6,6.3,9.6,132.0,5.15,0.0,12.3,11.0
50.2,52.6,47.8,39.0,40.8,37.2,36.3,34.0,38.6,34.4,32.4,36.4,0.0115,0.0353,0.00664,0.0129,8.39,0.00944,0.00855,0.0347,0.0369,0.238,0.011,11.5,7.0,29,7,600,8.2,9.4,0.0256,7.5,9.4,8.6,9.0,8.0,8.9,10.1,17.6,5.2,10.5,134.0,6.78,7.56,14.8,14.8
54.8,56.4,53.2,40.3,44.0,36.6,37.9,40.4,35.4,36.1,36.0,36.2,0.0105,0.0356,0.00816,0.0124,8.51,0.0109,0.00858,0.0347,0.0371,0.242,0.0108,11.5,7.0,30,8,600,9.0,9.3,0.0262,6.3,8.9,9.3,7.7,7.4,9.4,9.4,17.9,5.3,10.1,132.0,7.74,9.44,8.18,8.77
52.5,50.8,54.2,43.2,40.6,45.8,37.4,42.0,32.8,34.8,35.8,33.8,0.0104,0.0359,0.00816,0.0127,8.7,0.0104,0.00709,0.0348,0.0369,0.242,0.0105,11.6,7.0,31,8,600,8.7,9.0,0.026,7.5,9.2,9.9,6.3,7.9,9.6,8.1,16.5,6.0,9.8,133.0,4.42,10.5,8.39,8.68
54.5,52.0,57.0,40.5,42.4,38.6,38.2,41.6,34.8,35.0,28.8,41.2,0.0112,0.0359,0.0083,0.0122,8.96,0.0104,0.0077,0.0344,0.0369,0.24,0.0107,11.6,7.0,31,8,600,8.2,8.5,0.0261,8.1,9.5,9.7,7.3,8.4,10.0,7.6,15.4,5.6,11.1,132.0,3.73,4.74,8.37,8.46
54.1,57.0,51.2,38.8,37.8,39.8,36.6,33.0,40.2,32.0,33.0,31.0,0.0103,0.0361,0.00794,0.0121,9.14,0.00944,0.00712,0.0345,0.0369,0.24,0.0105,11.4,7.0,26,8,600,8.2,7.9,0.026,7.8,8.8,9.6,6.9,9.3,9.4,9.3,14.9,5.8,10.3,131.0,3.74,4.72,8.32,8.83
52.7,51.8,53.6,42.3,46.2,38.4,39.5,41.8,37.2,36.2,36.0,36.4,0.0112,0.0359,0.00849,0.0122,9.18,0.0102,0.00766,0.0346,0.0367,0.238,0.0106,11.4,8.0,27,8,600,8.0,8.3,0.026,8.5,9.2,9.7,6.6,8.7,7.9,9.2,17.4,7.1,11.1,134.0,3.45,4.59,8.18,10.1
53.0,53.2,52.8,38.7,38.8,38.6,38.6,39.8,37.4,33.5,31.6,35.4,0.0103,0.036,0.00796,0.0128,9.38,0.0094,0.00711,0.0343,0.0371,0.241,0.0109,11.3,8.0,27,8,600,7.3,9.1,0.026,8.8,8.8,8.0,7.4,8.8,7.7,8.3,19.9,6.9,12.1,135.0,3.94,4.45,8.11,9.04
53.6,52.8,54.4,39.7,40.2,39.2,36.0,36.6,35.4,34.5,32.6,36.4,0.0113,0.0361,0.00847,0.0123,9.59,0.0095,0.00758,0.0344,0.0371,0.242,0.0101,11.4,8.0,29,8,600,8.6,8.5,0.0256,9.3,8.0,6.6,8.2,8.9,9.2,8.6,18.2,4.8,11.6,133.0,3.92,4.74,6.62,7.51
54.1,52.4,55.8,38.3,41.8,34.8,37.7,35.2,40.2,34.8,37.8,31.8,0.0102,0.0364,0.00813,0.0123,9.8,0.0095,0.00746,0.0343,0.0371,0.24,0.00961,11.4,8.0,31,8,600,8.4,7.5,0.0257,9.7,8.7,8.1,8.1,8.1,10.1,8.1,18.2,5.0,12.2,135.0,3.19,4.87,7.6,8.72
53.5,52.6,54.4,43.9,44.4,43.4,35.2,30.4,40.0,36.0,36.2,35.8,0.0112,0.0364,0.00857,0.012,9.95,0.00937,0.00709,0.0343,0.0367,0.246,0.0101,11.3,8.0,29,8,600,7.6,7.6,0.0255,9.4,8.1,8.6,8.2,8.9,8.9,8.3,19.2,5.9,12.3,136.0,3.24,4.97,8.59,7.78
52.4,51.0,53.8,38.2,38.6,37.8,37.7,42.2,33.2,35.7,38.6,32.8,0.0104,0.0365,0.00877,0.0119,10.2,0.0101,0.00745,0.0344,0.0369,0.242,0.00981,11.4,8.0,30,8,600,7.1,7.8,0.0251,8.5,8.6,7.8,8.0,8.5,8.6,7.8,18.0,5.8,11.3,130.0,3.12,3.8,9.5,8.04
51.5,52.4,50.6,40.6,38.8,42.4,39.1,38.8,39.4,33.6,31.6,35.6,0.0113,0.0364,0.00852,0.0124,10.2,0.0101,0.00753,0.0346,0.0368,0.243,0.00995,11.3,8.0,31,8,600,8.2,8.3,0.0258,8.0,8.3,8.2,7.8,8.6,8.3,6.7,17.3,5.1,11.0,129.0,3.23,4.65,9.32,7.75
53.3,54.6,52.0,39.3,38.8,39.8,34.5,33.2,35.8,32.9,35.1,30.8,0.0104,0.0365,0.00826,0.0119,10.8,0.00937,0.00699,0.0349,0.0367,0.245,0.00949,11.3,8.0,30,8,600,10.0,8.6,0.0259,8.6,6.5,8.1,7.8,9.3,8.0,8.8,18.2,6.2,11.0,132.0,3.32,4.66,8.3,8.69
52.3,51.4,53.2,41.3,42.2,40.4,39.5,44.0,35.0,35.7,33.1,38.3,0.0114,0.0365,0.00879,0.0118,11.3,0.0101,0.00758,0.0346,0.0368,0.246,0.0099,11.2,7.0,27,7,600,8.6,8.0,0.0259,9.6,6.5,8.2,6.8,8.8,8.1,8.6,18.0,6.8,12.3,132.0,3.4,4.71,9.21,8.45
51.8,53.6,50.0,40.0,37.8,42.2,36.0,34.4,37.6,33.1,30.6,35.6,0.0114,0.0366,0.00823,0.0123,11.9,0.00935,0.00702,0.0348,0.0368,0.244,0.0103,11.1,7.0,24,7,600,8.0,6.9,0.0259,8.6,6.7,9.4,7.6,8.7,8.2,8.4,17.1,5.4,12.1,130.0,4.05,4.61,8.32,8.64
62.7,61.6,63.8,41.7,42.4,41.0,43.5,42.8,44.2,39.5,37.0,42.0,0.0117,0.0356,0.00721,0.00874,10.7,0.0102,0.00722,0.0338,0.0365,0.241,0.00963,19.4,11.0,81,15,800,8.8,9.1,0.0254,9.8,9.3,9.7,12.1,11.0,9.9,10.8,19.9,6.9,13.6,220.0,4.9,6.27,0.0,12.2
57.8,60.2,55.4,39.1,39.0,39.2,38.8,34.4,43.2,36.8,43.2,30.4,0.012,0.0356,0.00895,0.00844,11.1,0.00941,0.00722,0.0337,0.0367,0.241,0.00973,17.7,10.0,44,9,800,9.2,10.2,0.0256,10.9,9.5,11.0,12.0,12.9,10.5,9.8,23.3,7.4,15.2,192.0,6.62,8.16,0.0,15.8
60.9,61.4,60.4,42.3,40.6,44.0,43.3,44.2,42.4,39.3,40.6,38.0,0.0111,0.0356,0.00823,0.00877,11.2,0.00941,0.00759,0.0339,0.0367,0.245,0.00957,17.0,10.0,35,9,800,9.5,12.1,0.0262,11.0,10.3,12.2,11.1,10.3,10.8,8.8,22.6,7.6,15.6,171.0,3.61,11.0,18.1,19.5
59.6,60.8,58.4,41.8,40.2,43.4,39.8,38.2,41.4,40.1,43.8,36.4,0.012,0.035,0.0087,0.00892,11.4,0.0103,0.00763,0.0339,0.0367,0.244,0.00973,16.3,10.0,33,9,800,12.8,9.6,0.0259,11.8,12.2,9.9,11.2,8.4,12.3,9.6,21.1,6.7,16.2,174.0,4.41,6.68,22.5,9.51
59.4,59.4,59.4,40.3,43.2,37.4,42.1,46.4,37.8,39.6,36.8,42.4,0.0111,0.0353,0.00815,0.00878,11.8,0.00949,0.00756,0.0337,0.037,0.245,0.00961,15.6,9.0,30,9,800,12.6,10.0,0.0258,12.8,11.8,8.9,11.2,10.8,12.1,10.7,22.9,6.7,16.2,179.0,4.34,5.76,26.0,10.5
60.9,57.0,64.8,42.3,40.0,44.6,40.8,39.2,42.4,37.4,36.8,38.0,0.0121,0.0354,0.00872,0.00815,11.9,0.0104,0.00764,0.0339,0.0367,0.245,0.00997,16.1,9.0,52,9,800,10.8,11.9,0.0265,11.3,11.1,10.6,10.6,11.6,11.1,11.0,22.9,8.7,16.9,182.0,4.33,6.18,11.2,10.5
58.8,58.0,59.6,40.2,38.2,42.2,42.9,45.0,40.8,39.9,41.4,38.4,0.0111,0.0352,0.00843,0.00803,12.0,0.0106,0.00761,0.0336,0.0366,0.244,0.0102,15.7,9.0,53,9,800,11.0,11.6,0.0264,9.7,10.4,11.6,12.1,9.7,10.5,12.1,21.9,8.9,16.2,177.0,4.88,5.85,10.8,13.2
59.6,56.6,62.6,42.4,43.4,41.4,39.9,45.6,34.2,36.4,39.8,33.0,0.012,0.035,0.00867,0.00863,12.0,0.0106,0.00724,0.0338,0.0371,0.245,0.0106,15.2,9.0,29,8,800,10.6,12.5,0.0261,10.1,10.4,11.8,12.3,10.6,10.6,11.2,21.9,6.9,15.4,173.0,4.79,7.65,10.9,11.0
58.7,58.0,59.4,41.8,37.2,46.4,41.7,43.8,39.6,38.2,35.4,41.0,0.0111,0.035,0.00833,0.00863,12.3,0.00989,0.00712,0.0339,0.0373,0.244,0.0101,15.3,9.0,39,9,800,10.0,11.6,0.0262,9.6,11.7,12.5,10.2,11.2,11.1,10.9,22.5,7.0,15.8,172.0,4.5,5.44,11.3,11.2
57.2,54.2,60.2,40.8,47.8,33.8,42.3,43.8,40.8,39.8,45.0,34.6,0.0121,0.0347,0.00867,0.00873,12.4,0.00913,0.00707,0.0338,0.0371,0.247,0.0103,15.0,9.0,42,9,800,9.8,11.1,0.0267,9.7,12.2,10.4,9.1,11.1,12.2,10.9,23.5,8.9,14.7,172.0,3.9,5.71,10.6,10.2
60.2,60.0,60.4,40.4,39.0,41.8,42.2,43.8,40.6,39.0,44.2,33.8,0.0112,0.0351,0.00825,0.00875,12.7,0.00913,0.00699,0.0335,0.0372,0.244,0.0102,14.9,9.0,33,9,800,9.8,12.0,0.0261,11.7,12.2,9.4,8.7,12.2,12.5,11.5,22.9,7.9,13.8,174.0,4.01,5.05,11.9,12.6
56.2,56.4,56.0,44.1,43.2,45.0,40.5,34.4,46.6,37.4,35.2,39.6,0.012,0.0348,0.00846,0.0089,12.9,0.0108,0.00822,0.0331,0.0374,0.247,0.0103,14.7,9.0,33,9,800,11.9,10.3,0.0267,11.3,12.8,10.8,9.7,12.1,11.6,12.3,21.6,6.6,13.7,175.0,5.17,5.73,11.8,11.9
62.0,62.4,61.6,40.3,38.2,42.4,40.3,40.4,40.2,40.3,40.0,40.6,0.0109,0.0349,0.00813,0.00882,13.0,0.0101,0.00763,0.0332,0.0374,0.246,0.0102,14.8,9.0,36,9,800,12.0,10.8,0.026,10.5,12.9,9.7,9.6,11.9,11.0,10.5,21.8,6.4,14.8,173.0,4.47,7.14,11.3,12.3
58.4,58.8,58.0,41.3,38.6,44.0,39.8,44.4,35.2,38.0,40.2,35.8,0.0123,0.035,0.00878,0.00835,13.2,0.0109,0.00822,0.0331,0.0376,0.248,0.00988,14.5,9.0,35,9,800,11.0,12.3,0.026,11.6,11.8,10.5,10.9,11.0,11.3,10.3,22.2,6.2,14.0,175.0,4.57,6.59,9.75,11.3
63.3,62.0,64.6,41.3,37.4,45.2,41.4,41.2,41.6,40.4,39.0,41.8,0.0106,0.035,0.00838,0.00827,13.7,0.0102,0.00811,0.0331,0.0373,0.247,0.00961,14.4,9.0,31,9,800,11.6,10.2,0.0266,10.4,10.0,12.1,10.0,11.0,11.9,10.7,22.2,7.3,14.1,172.0,4.52,6.81,9.39,11.7
59.6,59.0,60.2,42.6,43.8,41.4,39.5,44.2,34.8,36.6,34.6,38.6,0.0106,0.0351,0.00876,0.00885,14.6,0.0109,0.00816,0.0333,0.0376,0.248,0.00977,14.3,9.0,31,9,800,10.4,9.4,0.0268,9.0,9.9,11.5,10.1,10.3,10.9,12.0,23.3,8.4,15.7,171.0,4.96,6.31,10.8,11.2
60.9,62.2,59.6,41.6,46.0,37.2,41.5,46.0,37.0,39.5,39.6,39.4,0.0115,0.0353,0.00816,0.00811,15.4,0.0102,0.00685,0.0334,0.0374,0.252,0.00958,14.6,9.0,56,10,800,10.8,9.2,0.0263,8.8,10.5,12.2,12.5,11.0,10.8,12.4,23.2,8.2,17.7,178.0,4.15,6.44,11.3,10.2
61.1,62.4,59.8,40.9,39.2,42.6,43.8,47.2,40.4,37.8,35.6,40.0,0.0118,0.0354,0.00885,0.00843,16.0,0.0103,0.00733,0.0335,0.0377,0.255,0.00967,14.6,9.0,34,9,800,11.3,9.9,0.0269,10.6,10.5,12.9,11.8,12.2,11.6,10.6,24.6,8.5,17.8,181.0,3.99,5.68,11.7,10.6
61.4,61.6,61.2,41.2,44.0,38.4,44.4,44.4,44.4,40.4,37.2,43.6,0.0105,0.0351,0.00867,0.00829,14.0,0.0106,0.0066,0.0345,0.0373,0.25,0.0101,239.0,80.0,820,450,1 K,13.1,10.6,0.0263,11.6,9.9,11.9,12.1,10.4,12.4,12.2,21.4,5.7,15.9,225.0,6.59,0.0,15.4,16.9
58.4,59.2,57.6,42.5,38.8,46.2,42.0,40.0,44.0,39.8,44.6,35.0,0.0104,0.0346,0.00813,0.00886,14.1,0.00961,0.00696,0.0345,0.0373,0.249,0.00924,198.0,57.0,820,170,1 K,14.5,13.4,0.0256,12.7,13.4,11.1,12.4,11.7,15.3,12.5,27.8,8.5,18.9,222.0,8.73,0.0244,19.3,21.7
57.2,56.0,58.4,42.8,39.8,45.8,46.4,44.2,48.6,39.8,43.0,36.6,0.0113,0.0349,0.00856,0.00895,14.4,0.00948,0.00656,0.0349,0.0374,0.249,0.00955,168.0,33.0,65,10,1 K,16.3,13.3,0.0263,12.9,15.4,12.5,13.4,12.1,15.5,12.1,29.3,10.0,22.0,221.0,6.07,0.0244,23.7,11.6
56.8,57.8,55.8,41.7,37.2,46.2,45.8,43.8,47.8,44.7,46.2,43.2,0.0104,0.0348,0.00823,0.00835,14.6,0.00948,0.00772,0.0346,0.0371,0.249,0.00979,145.0,25.0,72,13,1 K,16.0,11.9,0.0261,14.7,11.6,13.6,13.3,12.9,13.7,12.0,27.9,9.4,20.7,216.0,5.28,0.0244,12.3,12.3
57.0,54.8,59.2,41.9,37.2,46.6,43.1,43.8,42.4,40.8,45.2,36.4,0.0113,0.0349,0.00868,0.0083,14.7,0.0106,0.00776,0.0347,0.0369,0.249,0.00963,129.0,22.0,65,11,1 K,13.4,11.9,0.0264,15.4,11.6,15.2,14.0,15.3,13.3,13.8,28.4,10.8,19.9,222.0,4.64,0.0,13.3,11.8
58.6,56.0,61.2,43.4,43.0,43.8,47.0,52.2,41.8,43.7,41.2,46.2,0.0103,0.0351,0.00814,0.00905,15.0,0.0106,0.0078,0.0349,0.0373,0.249,0.00952,118.0,21.0,120,13,1 K,14.1,13.3,0.0262,15.4,13.9,15.8,13.6,13.8,14.5,13.3,28.7,10.4,19.4,224.0,4.13,0.0,11.8,14.1
56.2,54.0,58.4,44.6,45.6,43.6,44.8,44.2,45.4,41.7,41.0,42.4,0.0103,0.0352,0.00803,0.00863,15.1,0.0115,0.00784,0.035,0.0373,0.255,0.00959,108.0,19.0,67,10,1 K,14.5,13.8,0.0262,15.4,13.3,13.7,13.3,12.6,15.3,13.5,28.4,9.4,17.4,216.0,5.27,0.0,12.7,12.2
57.8,56.6,59.0,40.9,40.2,41.6,43.8,40.8,46.8,42.1,39.2,45.0,0.0109,0.0355,0.00843,0.00847,15.2,0.00982,0.00661,0.0351,0.037,0.251,0.00951,99.6,18.0,64,10,1 K,12.5,16.2,0.0261,14.8,13.6,12.9,14.2,13.2,14.2,15.3,27.6,9.6,15.5,216.0,5.5,0.0,11.0,13.8
58.0,58.4,57.6,43.0,43.0,43.0,45.7,44.6,46.8,38.4,38.8,38.0,0.0109,0.0353,0.00867,0.00869,15.5,0.0108,0.0072,0.0352,0.0371,0.251,0.00918,93.1,17.0,81,13,1 K,14.1,16.9,0.0262,11.8,15.5,14.5,13.4,13.9,13.1,12.6,26.7,7.7,18.1,216.0,5.55,0.0,12.8,13.0
61.2,61.6,60.8,41.2,41.4,41.0,44.5,43.4,45.6,44.8,45.4,44.2,0.0104,0.0356,0.00802,0.00909,15.9,0.0109,0.00704,0.035,0.0371,0.251,0.01,89.0,18.0,110,18,1 K,14.9,13.4,0.0263,13.2,15.6,16.4,11.5,15.1,13.1,12.8,26.5,8.6,19.3,217.0,4.35,0.0,12.7,14.3
58.2,58.2,58.2,41.1,38.6,43.6,43.8,46.4,41.2,39.7,36.8,42.6,0.0113,0.0359,0.00782,0.00922,16.1,0.0109,0.00667,0.0351,0.0371,0.252,0.0102,83.7,17.0,110,16,1 K,11.7,13.9,0.0257,14.5,14.5,14.6,11.4,15.6,13.0,14.1,29.2,10.0,20.0,220.0,4.35,0.0,14.0,12.7
61.5,61.0,62.0,42.1,44.0,40.2,44.9,45.0,44.8,42.6,44.2,41.0,0.0113,0.0357,0.00797,0.00916,16.2,0.0111,0.00662,0.035,0.0371,0.253,0.0105,83.3,17.0,200,17,1 K,11.5,13.6,0.0264,13.2,13.8,13.7,11.9,14.1,11.9,12.3,27.7,9.5,19.3,213.0,4.29,0.0,13.1,12.2
60.6,61.4,59.8,40.8,46.4,35.2,44.5,44.0,45.0,42.5,43.4,41.6,0.0113,0.0355,0.00858,0.00875,16.1,0.0111,0.0071,0.035,0.0371,0.251,0.0102,80.0,17.0,200,24,1 K,13.2,12.9,0.0265,13.2,13.9,13.4,13.3,13.6,11.4,13.4,27.8,10.0,19.1,218.0,5.1,0.0,11.6,13.4
60.2,60.0,60.4,40.7,35.6,45.8,46.4,46.4,46.4,40.8,35.4,46.2,0.0103,0.0357,0.00789,0.00855,16.7,0.0112,0.00662,0.0351,0.0367,0.25,0.0101,76.5,17.0,75,14,1 K,14.1,13.9,0.0261,13.9,13.9,12.3,14.4,13.1,13.2,14.3,28.9,9.7,18.4,222.0,5.57,0.0,12.3,12.9
60.0,58.4,61.6,43.4,38.0,48.8,43.0,45.2,40.8,39.6,38.4,40.8,0.0103,0.0359,0.00789,0.00797,17.7,0.0112,0.00666,0.035,0.0368,0.256,0.0103,74.4,17.0,140,15,1 K,14.4,12.3,0.0261,14.0,15.0,12.5,13.6,13.0,14.6,14.2,26.1,9.2,17.1,214.0,4.67,0.0,12.6,13.4
62.0,59.4,64.6,42.2,37.0,47.4,42.7,40.0,45.4,42.1,43.0,41.2,0.0103,0.0361,0.00777,0.00947,18.7,0.0121,0.00663,0.0352,0.0367,0.253,0.0102,74.0,17.0,190,21,1 K,13.5,12.2,0.0261,12.9,15.5,13.9,13.2,14.6,12.9,14.7,28.2,9.9,19.9,220.0,5.22,0.0,13.3,11.5
61.0,60.8,61.2,42.0,42.0,42.0,47.0,40.8,53.2,42.4,38.2,46.6,0.0122,0.0365,0.00807,0.00917,19.6,0.0109,0.00679,0.0352,0.0369,0.257,0.0098,71.1,17.0,160,15,1 K,13.1,13.9,0.0256,13.3,15.6,14.5,14.1,13.8,11.9,12.6,29.0,9.0,19.7,219.0,4.78,0.0,12.6,11.9
55.9,56.8,55.0,41.8,43.0,40.6,38.7,37.8,39.6,38.7,30.2,47.2,0.0112,0.0385,0.00742,0.00876,7.81,0.0102,0.00753,0.0348,0.0376,0.242,0.00983,11.4,8.0,30,8,600,6.56,6.89,0.0273,5.67,6.11,8.0,7.33,7.44,8.56,8.22,15.9,6.44,10.4,186.0,0.0,0.0,0.0,0.0
51.7,52.4,51.0,41.5,38.0,45.0,37.3,40.2,34.4,33.5,32.2,34.8,0.0102,0.0384,0.00736,0.00855,7.95,0.00949,0.00841,0.0349,0.0377,0.241,0.00969,11.5,7.0,30,7,600,8.2,8.8,0.0277,8.2,7.2,8.6,8.2,9.4,9.5,7.4,16.6,6.9,11.9,166.0,0.0,0.0,0.0,0.0
52.1,54.6,49.6,41.0,39.4,42.6,38.7,40.8,36.6,32.1,28.0,36.2,0.0112,0.038,0.00766,0.00751,8.25,0.0103,0.00853,0.035,0.0375,0.24,0.00983,11.6,8.0,32,8,600,8.4,9.3,0.0276,9.0,7.4,8.3,7.4,9.2,8.1,7.6,16.7,5.7,11.9,132.0,5.83,6.36,11.5,0.0
52.0,50.6,53.4,39.9,40.4,39.4,37.6,37.2,38.0,34.1,36.4,31.8,0.0102,0.038,0.00757,0.00867,8.2,0.00947,0.00842,0.0351,0.0376,0.241,0.00963,11.6,8.0,30,8,600,7.6,9.2,0.0277,7.5,8.0,7.5,9.0,7.5,7.7,8.6,17.1,5.0,13.1,131.0,6.73,8.18,14.1,13.6
51.4,50.8,52.0,40.5,36.0,45.0,38.8,38.8,38.8,36.7,39.4,34.0,0.011,0.0381,0.0078,0.00879,8.39,0.00955,0.00846,0.0353,0.0377,0.241,0.0098,11.5,7.0,29,8,600,7.4,8.7,0.0269,8.5,9.0,8.5,9.1,8.9,8.1,7.9,18.4,5.7,12.0,135.0,7.7,9.22,17.2,18.4
52.9,53.2,52.6,40.4,38.2,42.6,36.2,40.0,32.4,35.4,39.0,31.8,0.0102,0.0382,0.00723,0.0091,8.48,0.00955,0.00716,0.035,0.0373,0.239,0.00969,11.2,7.0,28,7,600,8.1,9.3,0.027,8.5,8.6,10.1,8.6,8.6,7.0,8.3,17.2,5.8,11.9,135.0,3.43,4.69,9.28,19.6
50.0,48.8,51.2,42.3,44.0,40.6,39.3,37.4,41.2,30.9,27.0,34.8,0.0112,0.038,0.00773,0.00853,8.69,0.0103,0.00712,0.035,0.0375,0.244,0.0104,11.4,7.0,30,8,600,7.0,9.7,0.0278,6.4,6.9,9.0,8.1,8.0,7.9,7.6,14.7,5.4,12.4,128.0,3.5,4.77,9.46,10.0
55.4,54.4,56.4,41.9,41.8,42.0,37.5,40.8,34.2,38.3,37.0,39.6,0.0103,0.0379,0.00736,0.00886,8.84,0.0103,0.00704,0.0348,0.0375,0.244,0.0104,11.4,7.0,30,9,600,6.4,9.5,0.0276,7.9,6.8,8.7,7.8,7.8,8.3,7.9,15.0,5.3,13.0,127.0,4.26,5.43,9.04,7.81
52.0,51.2,52.8,41.6,42.8,40.4,37.5,35.8,39.2,32.2,34.2,30.2,0.0103,0.0381,0.00786,0.0084,9.04,0.0111,0.00713,0.0347,0.0375,0.246,0.0105,11.4,7.0,29,8,600,7.5,10.0,0.0276,10.0,7.9,7.6,9.5,7.7,8.1,7.6,17.5,7.0,11.9,134.0,3.63,5.37,7.46,9.1
51.4,51.4,51.4,41.0,40.2,41.8,38.3,35.0,41.6,38.3,42.8,33.8,0.0109,0.0379,0.00747,0.00879,9.12,0.00939,0.00702,0.0345,0.0373,0.245,0.0104,11.3,7.0,30,8,600,8.2,8.3,0.0276,8.6,8.7,7.0,9.0,8.1,9.9,8.1,18.2,7.1,10.5,135.0,3.45,4.27,7.71,7.77
52.2,54.2,50.2,40.8,41.2,40.4,37.5,38.2,36.8,33.5,35.2,31.8,0.0117,0.0378,0.00743,0.00845,9.33,0.0102,0.00757,0.0343,0.0375,0.242,0.0105,11.4,7.0,30,8,600,7.5,7.2,0.0275,7.2,8.9,8.3,9.4,8.3,9.8,8.0,17.5,5.8,11.6,131.0,3.35,4.2,8.36,7.92
51.9,54.4,49.4,40.6,41.2,40.0,38.9,39.0,38.8,35.7,32.2,39.2,0.0103,0.0379,0.00757,0.00835,9.32,0.00948,0.00701,0.0343,0.0375,0.244,0.0101,11.4,7.0,30,8,600,6.6,8.4,0.0276,7.4,8.0,8.8,10.5,8.1,8.2,7.6,16.3,6.2,11.1,129.0,3.77,4.27,9.05,7.88
49.3,49.8,48.8,41.1,45.8,36.4,35.5,33.2,37.8,33.3,35.0,31.6,0.0103,0.0379,0.00797,0.00823,9.57,0.0107,0.0075,0.0342,0.0375,0.245,0.0102,11.3,7.0,28,8,600,5.9,8.9,0.0275,7.6,7.0,9.7,8.6,8.1,7.0,8.9,16.0,6.0,11.5,128.0,4.54,5.27,9.28,7.65
52.5,49.6,55.4,39.7,36.4,43.0,38.0,36.4,39.6,34.5,35.6,33.4,0.0105,0.038,0.00758,0.00861,9.63,0.00932,0.00693,0.0341,0.0376,0.245,0.01,11.3,7.0,29,8,600,6.2,8.6,0.0266,8.6,8.1,8.5,7.6,8.5,7.8,8.8,18.2,6.5,11.6,130.0,3.83,4.72,8.7,8.13
52.0,53.4,50.6,42.3,37.0,47.6,38.5,38.2,38.8,34.0,35.8,32.2,0.0113,0.0381,0.00798,0.00841,9.89,0.01,0.00752,0.0341,0.0376,0.244,0.00976,11.4,7.0,33,9,600,7.3,9.4,0.0268,9.1,8.8,7.9,7.4,7.9,8.5,8.5,18.3,6.4,10.8,131.0,3.26,3.91,8.66,8.89
54.0,51.8,56.2,40.4,42.0,38.8,38.8,41.0,36.6,33.0,36.2,29.8,0.0104,0.0383,0.00739,0.00896,10.3,0.0101,0.00753,0.034,0.0377,0.248,0.0102,11.4,8.0,32,8,600,9.6,8.5,0.0274,7.6,8.5,9.0,8.4,7.5,9.0,8.4,17.7,5.1,11.7,133.0,3.52,3.95,8.74,9.38
51.8,52.2,51.4,42.6,37.4,47.8,35.9,35.2,36.6,35.9,37.0,34.8,0.0104,0.0382,0.00808,0.00854,10.9,0.0101,0.00764,0.0338,0.0376,0.246,0.00985,11.3,7.0,28,8,600,9.6,6.8,0.0267,7.0,8.3,9.0,9.9,7.4,9.1,9.5,18.1,4.6,11.1,134.0,2.6,3.91,7.82,8.3
56.0,56.0,56.0,39.5,38.2,40.8,37.5,36.0,39.0,34.7,30.0,39.4,0.0094,0.0381,0.00754,0.00902,11.4,0.00929,0.00712,0.0339,0.0374,0.249,0.00975,11.3,8.0,28,8,600,7.8,7.5,0.027,7.3,8.6,9.2,8.4,7.6,8.8,9.0,17.4,4.8,11.3,133.0,4.65,4.77,8.26,7.55
62.3,64.2,60.4,43.4,46.8,40.0,44.3,48.0,40.6,40.1,44.0,36.2,0.0107,0.038,0.00721,0.00928,10.9,0.0097,0.0068,0.0336,0.0371,0.245,0.012,24.0,14.0,87,18,800,10.4,12.1,0.0268,10.0,9.0,10.2,10.5,10.0,11.0,10.8,22.1,7.0,12.4,222.0,0.0,0.0,0.0,11.2
63.5,65.4,61.6,43.3,43.4,43.2,42.2,41.2,43.2,38.3,36.8,39.8,0.0116,0.0381,0.00773,0.00857,11.1,0.0097,0.00737,0.0338,0.0373,0.247,0.012,21.7,12.0,84,13,800,11.9,13.4,0.0268,11.9,11.1,10.0,11.4,10.6,12.0,11.9,26.0,9.5,12.8,205.0,0.0,9.16,0.0,15.2
58.8,57.8,59.8,39.8,41.2,38.4,41.5,42.0,41.0,38.3,41.0,35.6,0.0106,0.0385,0.00738,0.00904,11.4,0.00893,0.00683,0.0336,0.037,0.244,0.0113,20.1,12.0,34,10,800,11.0,10.4,0.0266,11.0,10.4,10.7,10.3,11.6,10.5,11.6,23.9,10.0,13.3,176.0,0.0,11.1,18.0,18.9
57.4,54.8,60.0,42.4,46.0,38.8,41.2,39.4,43.0,40.9,38.2,43.6,0.0123,0.0383,0.00756,0.00873,11.7,0.00979,0.00736,0.0338,0.0368,0.243,0.0115,18.8,11.0,33,9,800,10.5,11.7,0.0267,11.6,10.0,13.1,10.3,12.3,10.4,11.1,23.0,8.7,14.2,177.0,10.1,12.1,21.7,10.0
61.5,58.2,64.8,42.5,37.4,47.6,42.8,45.6,40.0,39.5,36.2,42.8,0.0123,0.0383,0.00695,0.0092,12.0,0.00903,0.00679,0.0339,0.0368,0.243,0.0113,18.3,10.0,39,9,800,10.0,12.0,0.0258,12.1,11.1,12.3,11.9,12.1,11.2,11.3,23.5,8.7,13.7,178.0,11.9,4.75,25.2,10.7
57.7,59.6,55.8,41.0,45.6,36.4,40.8,33.8,47.8,34.5,35.4,33.6,0.0109,0.0386,0.00754,0.0088,12.1,0.00982,0.00726,0.034,0.037,0.247,0.0114,17.6,10.0,38,9,800,10.7,10.6,0.0267,11.5,12.1,10.4,11.4,11.4,10.6,11.6,22.3,7.4,14.9,176.0,13.5,4.59,11.3,8.37
59.7,59.0,60.4,41.4,43.2,39.6,41.4,42.8,40.0,38.4,35.2,41.6,0.0109,0.0388,0.00754,0.00922,12.3,0.009,0.00672,0.0339,0.037,0.246,0.0114,16.9,10.0,31,9,800,11.6,11.7,0.0267,10.5,11.9,11.3,12.3,10.4,10.9,10.2,21.6,7.1,14.1,174.0,4.09,5.35,10.8,11.0
56.6,56.8,56.4,42.0,39.0,45.0,41.7,38.2,45.2,37.7,37.0,38.4,0.0119,0.0385,0.00661,0.00936,12.5,0.0103,0.00722,0.0342,0.0368,0.247,0.0116,16.3,9.0,29,8,800,11.7,10.7,0.026,11.5,12.0,11.2,11.3,9.2,13.9,11.5,22.2,7.3,13.1,174.0,4.45,6.05,10.1,9.98
57.3,58.2,56.4,42.1,39.2,45.0,41.6,42.6,40.6,38.5,41.0,36.0,0.0119,0.0387,0.00621,0.00952,12.7,0.00906,0.00673,0.0341,0.0368,0.245,0.0116,15.9,9.0,29,8,800,10.8,11.3,0.0259,10.5,11.1,8.9,9.9,8.5,13.5,12.9,21.3,5.9,14.8,173.0,3.93,6.22,11.1,13.0
61.4,60.8,62.0,41.9,46.8,37.0,41.7,45.8,37.6,39.7,40.4,39.0,0.0117,0.0391,0.00621,0.0092,12.9,0.00986,0.00734,0.0343,0.0364,0.247,0.0129,15.6,9.0,32,9,800,10.1,13.2,0.0266,10.3,11.3,9.4,10.4,8.8,11.8,10.3,21.6,5.7,14.2,172.0,4.86,6.41,10.7,12.6
57.7,58.0,57.4,40.2,39.0,41.4,43.2,42.0,44.4,38.7,41.4,36.0,0.0109,0.039,0.00775,0.0095,13.0,0.00913,0.00675,0.0343,0.0365,0.247,0.0124,15.5,9.0,36,9,800,9.8,12.5,0.0265,12.4,11.6,11.0,11.1,8.3,11.7,9.7,23.8,6.9,15.2,176.0,4.38,5.75,12.7,11.4
61.5,57.6,65.4,42.0,38.6,45.4,39.4,44.4,34.4,37.6,40.7,34.5,0.0109,0.0384,0.00845,0.00896,13.2,0.00916,0.00682,0.0345,0.0365,0.243,0.0119,15.4,9.0,36,9,800,9.9,11.0,0.0257,11.6,11.5,10.9,10.7,8.7,11.6,9.7,22.8,7.8,15.7,174.0,5.19,4.89,9.46,12.0
59.6,60.8,58.4,42.4,41.4,43.4,43.8,45.8,41.8,38.8,37.1,40.5,0.0118,0.0384,0.00787,0.0093,13.4,0.00998,0.00671,0.0346,0.0366,0.245,0.0122,15.2,9.0,37,9,800,11.8,10.7,0.0265,11.4,12.7,10.9,10.6,10.0,10.9,9.8,23.6,8.2,15.9,179.0,4.43,4.86,11.2,8.75
58.1,59.8,56.4,40.2,39.6,40.8,41.6,44.0,39.2,37.8,36.6,39.0,0.0127,0.0386,0.00835,0.00889,13.6,0.00998,0.00732,0.0347,0.0366,0.248,0.0123,15.0,9.0,33,9,800,11.7,11.6,0.0259,12.2,11.6,10.8,12.5,11.2,9.8,11.8,24.2,7.2,15.8,179.0,4.44,4.74,10.4,12.4
59.6,58.2,61.0,41.5,43.4,39.6,42.7,41.6,43.8,43.3,43.8,42.8,0.0108,0.0383,0.00808,0.00922,13.9,0.00923,0.0068,0.0348,0.0369,0.248,0.0127,15.0,9.0,35,9,800,10.3,11.1,0.0259,11.7,11.8,10.8,12.1,11.4,10.2,12.4,22.1,6.7,15.1,172.0,4.31,5.46,11.8,10.7
59.1,58.2,60.0,43.1,41.4,44.8,41.3,42.2,40.4,37.1,36.2,38.0,0.0118,0.0382,0.00847,0.00879,14.6,0.00923,0.00755,0.0346,0.0366,0.248,0.0124,14.8,9.0,34,9,800,10.5,9.7,0.0269,11.8,11.5,9.9,11.2,11.4,10.3,11.0,21.8,7.7,17.3,174.0,4.88,6.84,10.7,13.0
59.1,59.4,58.8,41.1,42.8,39.4,41.2,42.8,39.6,39.2,38.2,40.2,0.0109,0.0384,0.00861,0.00919,15.3,0.0101,0.00746,0.0348,0.0364,0.25,0.0123,14.6,9.0,30,8,800,10.5,8.7,0.026,12.1,10.8,10.2,11.2,12.0,12.6,10.6,22.2,7.6,16.5,174.0,4.74,6.12,10.0,9.75
56.4,58.8,54.0,41.1,42.8,39.4,43.8,44.0,43.6,36.4,32.5,40.2,0.0118,0.0383,0.00854,0.00868,16.0,0.0101,0.00693,0.035,0.0362,0.252,0.0102,14.5,9.0,28,8,800,11.2,9.9,0.0266,11.2,12.4,12.8,10.0,10.6,12.9,11.3,24.1,7.8,15.7,180.0,4.58,6.22,11.3,11.4
61.5,63.0,60.0,42.2,39.0,45.4,43.1,44.2,42.0,41.4,38.0,44.8,0.0113,0.0379,0.00914,0.00846,13.9,0.0105,0.00736,0.0348,0.0366,0.249,0.011,303.0,86.0,920,600,1 K,11.2,11.1,0.0268,10.9,10.7,12.3,10.7,10.7,10.9,12.0,22.6,6.9,16.0,222.0,6.62,0.0378,15.7,16.3
58.7,56.6,60.8,40.4,39.8,41.0,44.7,44.2,45.2,39.5,41.2,37.8,0.0113,0.0377,0.00866,0.00881,14.2,0.00966,0.00689,0.0349,0.0366,0.245,0.0113,249.0,59.0,920,280,1 K,13.5,11.1,0.0259,10.8,11.6,13.8,12.4,12.8,12.1,13.8,27.3,9.9,21.0,225.0,9.1,0.0378,19.7,20.5
57.4,57.8,57.0,41.7,38.4,45.0,43.1,42.6,43.6,40.9,38.6,43.2,0.0104,0.0377,0.00917,0.00843,14.2,0.011,0.00749,0.0348,0.0366,0.248,0.011,208.0,33.0,48,11,1 K,12.8,13.0,0.0257,12.3,13.2,13.5,13.6,14.2,14.1,15.3,31.0,11.2,21.1,225.0,4.61,0.0378,24.5,13.1
59.1,59.0,59.2,44.0,43.2,44.8,46.0,46.6,45.4,44.7,39.2,50.2,0.0104,0.0381,0.00844,0.00893,14.4,0.00971,0.00699,0.0347,0.0367,0.247,0.011,181.0,27.0,85,16,1 K,12.6,14.1,0.0262,14.4,15.1,12.5,13.7,13.4,14.5,14.6,29.9,10.4,20.1,223.0,5.22,0.0,12.2,11.7
57.7,57.8,57.6,42.5,42.0,43.0,42.1,46.0,38.2,39.7,38.8,40.6,0.0115,0.0381,0.0089,0.00843,14.6,0.0107,0.00755,0.0348,0.0366,0.248,0.0111,162.0,24.0,81,12,1 K,14.0,14.8,0.0264,13.9,15.4,13.1,14.5,12.2,13.5,13.3,28.2,9.2,18.9,220.0,4.33,0.0,12.8,12.8
57.8,58.8,56.8,42.7,42.4,43.0,46.2,46.6,45.8,39.9,38.6,41.2,0.0106,0.0382,0.009,0.00895,14.8,0.00989,0.00693,0.035,0.0372,0.247,0.00975,155.0,25.0,290,19,1 K,13.1,12.4,0.0258,14.2,12.2,13.9,16.6,10.6,14.4,15.5,27.9,8.6,16.0,216.0,4.98,0.0,13.2,11.9
59.5,58.6,60.4,41.3,45.2,37.4,44.4,41.0,47.8,41.8,41.2,42.4,0.0115,0.0383,0.00915,0.00856,15.2,0.0109,0.00753,0.035,0.0367,0.249,0.0102,141.0,23.0,160,16,1 K,12.4,10.7,0.0263,14.0,13.0,14.1,15.4,12.7,14.4,15.6,27.4,9.2,16.6,213.0,4.5,0.0,12.9,14.2
58.3,60.0,56.6,42.1,39.6,44.6,43.0,43.8,42.2,41.5,46.2,36.8,0.0115,0.0384,0.00845,0.00915,15.4,0.0111,0.00699,0.0351,0.0369,0.248,0.0101,132.0,22.0,190,13,1 K,13.0,12.9,0.0265,13.7,14.2,15.0,13.4,13.9,13.4,13.9,28.5,9.4,18.0,215.0,4.69,0.0,11.4,12.8
59.1,61.4,56.8,43.7,44.2,43.2,44.4,41.0,47.8,42.8,38.2,47.4,0.0115,0.0383,0.00834,0.00882,15.5,0.0102,0.00699,0.0351,0.0366,0.25,0.0102,128.0,23.0,240,25,1 K,13.9,14.6,0.0256,14.3,14.2,15.7,14.7,13.9,13.7,12.3,29.5,9.0,17.7,218.0,5.65,0.0,11.1,12.8
58.4,59.0,57.8,42.3,40.4,44.2,44.7,39.2,50.2,40.0,46.8,33.2,0.0106,0.0383,0.00814,0.00932,15.8,0.0111,0.00777,0.0349,0.0366,0.247,0.00993,125.0,23.0,250,37,1 K,14.9,13.7,0.0262,14.3,14.2,13.9,13.8,13.8,12.3,12.3,28.3,8.7,20.0,213.0,5.34,0.0,11.6,11.9
59.7,58.2,61.2,42.7,43.2,42.2,43.0,42.6,43.4,41.2,43.0,39.4,0.0114,0.0386,0.00881,0.00891,16.0,0.0111,0.00826,0.0348,0.0366,0.247,0.0101,118.0,22.0,230,21,1 K,14.1,13.7,0.0262,12.6,12.9,12.9,11.9,13.8,12.6,13.3,28.0,8.8,21.9,214.0,5.27,0.0,13.6,12.7
57.2,55.4,59.0,41.4,40.0,42.8,44.4,47.2,41.6,42.3,42.8,41.8,0.0104,0.0385,0.00845,0.00877,16.2,0.0111,0.00704,0.035,0.0366,0.25,0.00987,111.0,21.0,42,10,1 K,12.2,13.5,0.0263,13.0,13.3,14.2,12.3,14.8,14.3,12.0,27.1,8.5,19.4,216.0,4.47,0.0,12.7,13.4
57.3,55.0,59.6,41.1,43.4,38.8,44.2,37.8,50.6,40.6,41.8,39.4,0.0104,0.0386,0.00869,0.00889,16.0,0.0103,0.00756,0.0349,0.0367,0.249,0.0107,105.0,20.0,39,10,1 K,12.7,13.0,0.0262,13.9,12.4,15.0,13.2,14.8,13.8,11.9,27.6,9.9,19.9,216.0,5.08,0.0,13.6,12.6
56.1,57.8,54.4,40.9,37.4,44.4,46.1,48.4,43.8,41.8,40.4,43.2,0.0103,0.0386,0.00824,0.0095,16.6,0.0103,0.00694,0.0346,0.037,0.247,0.0104,101.0,19.0,100,13,1 K,14.1,13.7,0.0259,13.0,12.2,14.3,13.0,14.0,12.6,12.9,29.7,11.1,18.9,218.0,5.55,0.0,11.8,13.1
57.5,58.4,56.6,41.1,38.4,43.8,43.0,43.4,42.6,40.9,37.2,44.6,0.0103,0.0389,0.00804,0.00917,17.5,0.0111,0.00698,0.0348,0.0366,0.248,0.0105,96.6,19.0,81,12,1 K,14.8,13.0,0.0264,12.8,13.7,13.5,12.5,14.9,13.1,13.6,29.2,9.4,16.3,217.0,5.09,0.0,11.4,9.98
59.4,58.4,60.4,42.2,44.2,40.2,46.2,42.2,50.2,42.6,43.0,42.2,0.0106,0.039,0.00807,0.00991,18.5,0.0103,0.00687,0.0344,0.0366,0.252,0.0104,92.4,18.0,100,13,1 K,13.9,14.5,0.0264,13.3,14.5,15.0,13.9,15.4,11.9,13.1,29.2,9.1,16.6,219.0,4.36,0.0,11.2,12.0
58.7,57.6,59.8,43.6,45.0,42.2,43.9,40.8,47.0,40.8,44.2,37.4,0.0106,0.0391,0.00852,0.00947,19.4,0.0115,0.00687,0.0345,0.037,0.25,0.0101,88.6,18.0,45,12,1 K,12.7,14.9,0.0256,14.2,15.8,14.5,15.0,14.6,12.4,11.6,28.5,9.6,16.5,220.0,4.89,0.0,13.0,11.3
