Avg Host Node1 CPU Usage,Host Node1 CPU 0 Usage,Host Node1 CPU 1 Usage,Avg Host Node2 CPU Usage,Host Node2 CPU 0 Usage,Host Node2 CPU 1 Usage,Avg Host Node3 CPU Usage,Host Node3 CPU 0 Usage,Host Node3 CPU 1 Usage,Avg Host Node4 CPU Usage,Host Node4 CPU 0 Usage,Host Node4 CPU 1 Usage,currencyservice CPU Usage,emailservice CPU Usage,frontend 1 CPU Usage,frontend 2 CPU Usage,loadgenerator CPU Usage,paymentservice CPU Usage,productcatalogservice CPU Usage,recommendationservice 1 CPU Usage,recommendationservice 2 CPU Usage,redis-cart CPU Usage,shippingservice CPU Usage,Average Response Time,Median Response Time,Current Response Time Percentile 95,Current Response Time Percentile 50,Number of Users,current_rps GET /product/0PUK6V6EV0,current_rps GET /product/1YMWWN1N4O,adservice CPU Usage,current_rps GET /product/2ZYFJ3GM2N,current_rps GET /product/66VCHSJNUP,current_rps GET /product/6E92ZMYYFZ,current_rps GET /product/9SIQT8TOJO,current_rps GET /product/L9ECAV7KIM,current_rps GET /product/LS4PSXUNUM,current_rps GET /product/OLJCESPC7Z,current_rps POST /cart,current_rps POST /cart/checkout,current_rps POST /setCurrency,current_rps Aggregated,StressNG 1 CPU Usage,StressNG 2 CPU Usage,StressNG 3 CPU Usage,StressNG 4 CPU Usage
14.7,13.2,16.2,9.0,10.2,7.800000000000001,23.9,22.6,25.2,21.4,21.2,21.6,0.0102,0.0369,0.00785,0.00728,0.0935,0.0101,0.00749,0.037,0.0378,0.229,0.0123,13.8,9.0,0,0,25,0.0,11.5,0.0307,0.0,0.0,12.9,0.0,0.0,0.0,0.0,0.0,10.3,0.0,0.0,1.05,0.0,0.0,0.0
10.600000000000001,9.399999999999999,11.8,0.3000000000000007,-3.3999999999999986,4.0,25.3,27.2,23.4,26.3,25.0,27.6,0.0101,0.0371,0.00831,0.00875,0.121,0.00886,0.00742,0.0371,0.0376,0.228,0.0122,13.4,9.0,28,8,25,0.25,11.5,0.0302,0.25,0.75,0.75,1.0,0.5,0.25,0.75,0.75,10.3,1.25,15.0,1.05,0.0,0.0,0.0
10.899999999999999,14.2,7.600000000000001,2.6999999999999993,-0.1999999999999993,5.600000000000001,24.3,23.8,24.8,21.3,18.5,24.1,0.011,0.0372,0.00911,0.00816,0.149,0.00883,0.00755,0.0372,0.0378,0.227,0.0123,12.3,8.0,26,8,25,0.25,0.0,0.0312,0.25,0.375,0.5,0.625,0.25,0.25,0.625,0.625,0.25,1.0,9.75,1.05,1.01,0.0,1.25
9.8,11.2,8.399999999999999,0.6000000000000014,1.0,0.1999999999999993,22.0,26.2,17.8,21.8,23.1,20.5,0.011,0.0372,0.0086,0.00879,0.191,0.00883,0.00791,0.037,0.0375,0.229,0.0122,12.2,8.0,25,8,25,0.2,0.3,0.0313,0.2,0.5,0.4,0.5,0.2,0.3,0.4,0.2,0.2,0.5,4.7,0.000282,1.01,0.0,1.25
10.8,12.399999999999999,9.2,2.3999999999999986,-0.1999999999999993,5.0,24.1,25.8,22.4,23.3,25.3,21.3,0.011,0.0375,0.00848,0.00843,0.211,0.00882,0.00803,0.0369,0.0377,0.225,0.0119,12.2,8.0,34,8,25,0.3,0.7,0.0304,0.3,0.5,0.3,0.6,0.2,0.3,0.2,0.4,0.2,0.3,5.2,0.0,1.01,0.0,1.25
9.2,12.399999999999999,6.0,2.6000000000000014,3.0,2.1999999999999993,25.3,27.2,23.4,21.0,19.1,22.9,0.0101,0.0374,0.00834,0.0091,0.254,0.00961,0.00745,0.037,0.0379,0.229,0.0122,12.1,8.0,38,8,25,0.2,0.4,0.0311,0.7,0.2,0.3,0.7,0.3,0.3,0.0,0.8,0.2,0.1,5.6,0.0,0.0,0.0,0.0
10.399999999999999,13.600000000000001,7.199999999999999,4.5,2.3999999999999986,6.600000000000001,23.0,24.0,22.0,21.5,23.8,19.2,0.0101,0.0374,0.00834,0.00868,0.288,0.00961,0.00853,0.0367,0.0376,0.226,0.0128,11.9,8.0,27,7,25,0.1,0.0,0.0305,0.5,0.3,0.2,0.6,0.5,0.5,0.2,1.0,0.3,0.4,5.8,0.653,0.0,0.0,0.0
10.0,11.2,8.8,1.0,1.0,1.0,23.8,19.8,27.8,21.8,25.7,17.9,0.01,0.0375,0.00844,0.00897,0.316,0.00889,0.00838,0.0367,0.0379,0.227,0.0125,11.7,8.0,24,8,25,0.2,0.1,0.0305,0.4,0.3,0.3,0.4,0.8,0.6,0.2,1.4,0.4,0.6,6.9,0.653,0.0,0.0,0.0
10.7,16.2,5.199999999999999,3.6000000000000014,1.6000000000000014,5.600000000000001,22.1,19.2,25.0,25.1,22.7,27.5,0.01,0.0374,0.00877,0.00869,0.35,0.0097,0.00842,0.037,0.0378,0.227,0.0126,11.7,8.0,27,8,25,0.3,0.1,0.0313,0.5,0.2,0.4,0.6,0.4,0.4,0.4,0.8,0.2,0.6,6.1,0.653,0.0,0.0,1.17
12.5,10.0,15.0,1.1999999999999993,3.3999999999999986,-1.0,24.9,23.8,26.0,22.7,19.2,26.2,0.0101,0.0373,0.00833,0.00913,0.381,0.00892,0.00777,0.0368,0.0377,0.227,0.0125,11.6,8.0,27,8,25,0.2,0.1,0.0308,0.2,0.4,0.3,0.4,0.3,0.6,0.5,0.4,0.1,0.7,5.3,0.0,0.0,0.0,1.17
9.5,10.0,9.0,5.399999999999999,-0.3999999999999986,11.2,25.2,23.8,26.6,22.0,24.2,19.8,0.0116,0.0375,0.00856,0.00925,0.411,0.0097,0.00832,0.037,0.038,0.227,0.0125,11.3,8.0,19,7,25,0.0,0.4,0.031,0.2,0.4,0.6,0.1,0.2,0.5,0.3,0.3,0.1,0.7,5.1,0.0,0.66,0.0,1.17
10.3,9.2,11.399999999999999,1.0,3.8000000000000007,-1.8000000000000007,23.8,22.2,25.4,22.0,23.2,20.8,0.0102,0.0374,0.00834,0.00904,0.434,0.00885,0.00738,0.0367,0.038,0.227,0.0123,11.3,8.0,25,7,25,0.0,0.3,0.0317,0.4,0.1,0.6,0.1,0.4,0.2,0.3,0.2,0.1,0.7,4.3,0.556,0.66,0.0,0.0
10.2,10.2,10.2,5.100000000000001,5.800000000000001,4.399999999999999,24.5,27.0,22.0,20.7,17.3,24.1,0.0111,0.0374,0.0089,0.00845,0.457,0.00887,0.00742,0.0367,0.038,0.226,0.0125,11.2,8.0,22,8,25,0.2,0.1,0.0316,0.3,0.0,0.6,0.3,0.5,0.2,0.2,0.2,0.1,0.7,4.1,0.556,0.66,0.0,0.0
12.0,11.399999999999999,12.600000000000001,0.6000000000000014,-0.3999999999999986,1.6000000000000014,25.7,23.8,27.6,22.3,25.1,19.5,0.0111,0.0376,0.00838,0.00892,0.495,0.00887,0.00684,0.0369,0.0379,0.226,0.0124,11.0,8.0,21,8,25,0.3,0.3,0.0319,0.3,0.2,0.7,0.5,0.1,0.4,0.2,0.6,0.2,0.2,4.8,0.556,0.0,0.0,0.0
9.399999999999999,10.399999999999999,8.399999999999999,3.8999999999999986,2.3999999999999986,5.399999999999999,22.8,23.0,22.6,21.7,25.4,18.0,0.011,0.0374,0.00871,0.00849,0.517,0.00966,0.00744,0.0367,0.038,0.225,0.0102,11.1,8.0,23,8,25,0.1,0.3,0.0314,0.4,0.1,0.4,0.6,0.1,0.4,0.6,0.6,0.1,0.1,5.1,0.0,0.0,0.0,0.0
9.100000000000001,6.0,12.2,2.6000000000000014,3.8000000000000007,1.3999999999999986,23.2,19.2,27.2,21.5,17.3,25.7,0.011,0.0375,0.00813,0.00903,0.544,0.00893,0.00689,0.0369,0.0379,0.228,0.00999,11.0,8.0,23,8,25,0.2,0.3,0.0313,0.3,0.2,0.2,0.6,0.1,0.3,0.5,0.7,0.1,0.1,5.0,0.0,0.566,0.0,0.0
13.600000000000001,15.0,12.2,3.8000000000000007,3.1999999999999993,4.399999999999999,23.4,23.0,23.8,21.1,24.1,18.1,0.0111,0.0376,0.00856,0.0085,0.584,0.00965,0.00749,0.0371,0.0377,0.224,0.0101,11.0,8.0,32,7,25,0.2,0.2,0.0306,0.4,0.1,0.4,0.3,0.1,0.1,0.3,0.7,0.1,0.4,4.2,0.793,1.54,0.0,0.0
11.100000000000001,14.0,8.2,0.6999999999999993,1.8000000000000007,-0.3999999999999986,21.8,20.0,23.6,25.0,24.2,25.8,0.0102,0.0374,0.00812,0.009,0.61,0.00891,0.00694,0.0372,0.0375,0.227,0.00994,11.0,8.0,31,7,25,0.3,0.2,0.031,0.5,0.1,0.6,0.4,0.2,0.1,0.2,0.8,0.4,0.8,5.2,0.793,1.54,0.0,0.937
10.899999999999999,12.600000000000001,9.2,5.899999999999999,6.600000000000001,5.199999999999999,24.4,24.6,24.2,20.9,15.8,26.0,0.0111,0.0375,0.00852,0.00871,0.634,0.00893,0.00748,0.0369,0.0375,0.225,0.00999,10.9,8.0,29,8,25,0.6,0.2,0.0304,0.6,0.3,0.5,0.3,0.3,0.3,0.2,0.7,0.4,0.5,5.4,0.793,0.971,0.0,0.937
10.100000000000001,10.600000000000001,9.600000000000001,0.8999999999999986,0.3999999999999986,1.3999999999999986,24.6,25.0,24.2,21.9,25.6,18.2,0.0111,0.0374,0.00788,0.00923,0.672,0.00968,0.00691,0.0371,0.0376,0.226,0.00987,11.0,8.0,30,8,25,0.5,0.4,0.0307,0.4,0.2,0.5,0.3,0.3,0.4,0.1,0.3,0.1,0.3,4.8,0.0,0.0,4.13,0.937
16.8,17.8,15.8,-0.8000000000000007,-0.1999999999999993,-1.3999999999999986,26.8,28.4,25.2,25.4,23.5,27.3,0.0103,0.0374,0.00768,0.00947,0.664,0.00895,0.00746,0.0372,0.0367,0.229,0.0104,8.9,7.0,26,7,50,3.0,1.67,0.0294,1.67,0.333,1.67,0.667,1.0,1.33,0.667,1.67,0.333,1.67,36.3,0.0,0.0,0.0,0.0
11.0,14.600000000000001,7.399999999999999,3.0,1.8000000000000007,4.199999999999999,24.0,20.4,27.6,21.9,24.8,19.0,0.0103,0.0374,0.00784,0.00881,0.675,0.00895,0.00804,0.0369,0.0366,0.227,0.0105,9.46,7.0,28,7,50,2.0,0.714,0.0294,1.0,0.286,1.43,0.714,0.571,0.714,0.286,1.29,0.429,1.14,20.4,0.0,0.0,0.0,0.0
10.100000000000001,7.0,13.2,0.3000000000000007,-2.0,2.6000000000000014,26.8,28.2,25.4,21.7,17.5,26.0,0.0112,0.0375,0.00804,0.00907,0.716,0.00895,0.00745,0.037,0.0367,0.228,0.00977,9.98,7.0,31,8,50,0.7,0.3,0.0292,0.5,0.5,0.7,0.6,0.8,0.7,0.9,1.2,0.6,0.6,10.4,0.87,0.913,0.0,1.25
10.2,8.8,11.600000000000001,3.3000000000000007,5.600000000000001,1.0,23.8,24.2,23.4,22.9,21.3,24.6,0.0117,0.0375,0.00807,0.00868,0.738,0.00972,0.00696,0.037,0.0365,0.225,0.00993,10.2,7.0,30,8,50,0.6,0.8,0.029,0.6,0.7,0.5,0.3,0.8,0.8,1.4,1.1,0.3,0.8,10.2,0.87,0.913,0.0,1.25
11.5,12.8,10.2,2.6000000000000014,4.0,1.1999999999999993,22.5,23.2,21.8,23.9,25.8,22.0,0.0117,0.0376,0.00755,0.00924,0.773,0.00891,0.00741,0.037,0.0366,0.226,0.0099,10.1,7.0,26,8,50,0.6,0.7,0.0287,0.5,0.7,0.5,0.5,0.6,0.3,1.3,1.2,0.4,1.0,10.4,1.52,0.913,0.0,2.35
12.2,11.0,13.399999999999999,2.1000000000000014,-1.0,5.199999999999999,27.2,28.4,26.0,21.6,24.6,18.6,0.0116,0.0376,0.00792,0.0088,0.799,0.0097,0.00745,0.0372,0.0366,0.227,0.01,10.0,7.0,23,8,50,1.0,0.4,0.0287,0.4,0.8,0.5,0.6,0.7,0.3,1.1,1.3,0.5,1.2,10.4,0.654,0.0,2.34,1.1
11.600000000000001,13.0,10.2,2.3000000000000007,-1.0,5.600000000000001,22.6,26.4,18.8,22.0,24.6,19.4,0.0101,0.0376,0.0076,0.00923,0.834,0.00969,0.00689,0.0371,0.0364,0.227,0.00993,10.2,7.0,26,8,50,0.8,0.6,0.0286,0.9,1.5,0.5,0.7,0.6,0.6,0.6,1.6,0.3,1.5,11.4,0.654,0.656,2.34,1.1
11.3,9.399999999999999,13.2,3.3000000000000007,8.0,-1.3999999999999986,26.5,31.0,22.0,25.4,26.6,24.2,0.0101,0.0376,0.00777,0.00896,0.879,0.00969,0.00696,0.0372,0.0363,0.229,0.0101,10.1,7.0,26,8,50,0.5,0.5,0.0276,1.1,1.3,0.4,1.2,0.3,0.7,0.8,1.5,0.3,1.6,12.1,0.0,0.656,2.34,0.0
10.0,10.600000000000001,9.399999999999999,1.6000000000000014,1.8000000000000007,1.3999999999999986,23.0,27.0,19.0,22.3,23.2,21.4,0.00928,0.0377,0.00724,0.00956,0.913,0.00966,0.00692,0.0373,0.0362,0.229,0.00995,10.1,7.0,24,8,50,0.8,1.2,0.028,0.6,0.8,0.8,1.0,0.2,0.3,0.8,1.1,0.3,1.3,11.2,0.565,1.21,0.0,0.0
13.100000000000001,12.399999999999999,13.8,3.3000000000000007,4.399999999999999,2.1999999999999993,24.1,20.4,27.8,21.1,17.1,25.1,0.011,0.0373,0.00777,0.00908,0.933,0.00966,0.0074,0.0371,0.0363,0.229,0.0109,10.3,7.0,31,8,50,0.8,1.3,0.0273,0.4,0.8,1.2,0.4,0.4,0.1,0.2,1.2,0.2,0.8,10.0,0.565,0.553,0.0,1.02
9.600000000000001,11.0,8.2,0.6000000000000014,4.199999999999999,-3.0,26.9,25.2,28.6,26.4,28.4,24.5,0.0101,0.0372,0.00758,0.00937,0.955,0.00888,0.00728,0.0372,0.0363,0.229,0.0107,10.3,7.0,34,8,50,0.8,0.9,0.0273,0.5,0.5,0.8,0.8,0.6,0.3,0.5,1.4,0.3,0.6,10.1,0.565,0.553,1.55,2.24
10.600000000000001,6.800000000000001,14.399999999999999,2.6000000000000014,1.1999999999999993,4.0,24.4,27.6,21.2,22.3,24.8,19.8,0.0101,0.0375,0.00812,0.00891,1.01,0.0097,0.00735,0.037,0.0363,0.225,0.011,10.4,7.0,24,8,50,0.8,1.0,0.0281,0.8,0.4,0.9,1.2,0.8,0.3,0.7,1.7,0.6,0.6,11.1,0.0,0.0,1.55,2.24
13.100000000000001,16.6,9.600000000000001,3.3000000000000007,10.0,-3.3999999999999986,27.1,24.2,30.0,23.2,22.6,23.8,0.00923,0.0376,0.0077,0.0092,1.03,0.00899,0.00675,0.0372,0.0363,0.228,0.0108,10.4,7.0,24,7,50,0.8,0.7,0.0279,1.2,0.6,1.2,0.9,0.4,0.6,0.6,1.5,0.5,0.6,11.0,0.786,0.0,2.61,1.22
11.2,8.600000000000001,13.8,2.8000000000000007,2.8000000000000007,2.8000000000000007,24.8,24.0,25.6,22.3,24.4,20.2,0.0111,0.0376,0.00822,0.0087,1.05,0.0097,0.0074,0.0372,0.0363,0.229,0.0109,10.3,7.0,24,8,50,0.9,0.6,0.0273,0.9,0.8,1.2,0.4,0.6,0.9,0.7,1.5,0.4,0.8,10.9,0.786,0.902,1.06,0.0
10.8,6.600000000000001,15.0,0.5,2.8000000000000007,-1.8000000000000007,23.2,21.0,25.4,25.7,26.2,25.2,0.0101,0.0375,0.00791,0.00908,1.08,0.00898,0.00686,0.0372,0.0366,0.229,0.0109,10.3,7.0,25,7,50,0.8,1.0,0.0278,0.5,0.6,0.7,0.8,0.9,0.7,1.0,1.3,0.4,0.9,10.6,0.786,0.902,1.06,1.14
9.7,9.399999999999999,10.0,1.6999999999999993,-0.3999999999999986,3.8000000000000007,23.3,24.8,21.8,21.7,23.6,19.8,0.0109,0.0377,0.00832,0.00855,1.11,0.00899,0.00741,0.0373,0.0363,0.229,0.011,10.3,7.0,26,8,50,0.7,0.7,0.0271,0.5,0.6,0.8,0.8,0.4,0.5,0.5,0.9,0.3,1.2,9.7,0.0,0.902,0.0,1.14
10.600000000000001,7.600000000000001,13.600000000000001,3.6999999999999993,9.8,-2.3999999999999986,25.7,22.0,29.4,23.9,23.2,24.6,0.01,0.0374,0.00832,0.00884,1.14,0.0103,0.00688,0.0374,0.0363,0.226,0.0108,10.3,7.0,23,8,50,0.7,0.6,0.027,0.6,0.6,0.6,0.8,0.3,0.5,0.5,0.9,0.4,0.7,9.4,0.0,0.0,0.788,1.14
10.3,10.8,9.8,2.0,-2.1999999999999993,6.199999999999999,24.0,24.2,23.8,26.2,21.4,31.0,0.01,0.0376,0.00823,0.00827,1.22,0.0103,0.00818,0.0375,0.0365,0.231,0.0104,10.4,7.0,25,8,50,0.7,0.4,0.0277,0.5,0.8,0.4,1.3,0.3,0.9,0.6,1.4,0.5,0.6,10.9,0.768,0.0,0.788,0.0
10.3,9.8,10.8,0.8999999999999986,3.0,-1.1999999999999993,26.0,27.2,24.8,23.5,26.2,20.8,0.0101,0.0374,0.00793,0.00859,1.28,0.01,0.00762,0.0376,0.0364,0.228,0.0102,10.4,8.0,24,8,50,1.1,0.6,0.0268,0.9,0.7,0.9,0.8,0.4,0.9,0.4,1.3,0.4,0.7,11.6,0.768,0.0,1.73,0.0
12.100000000000001,12.8,11.399999999999999,1.6000000000000014,-0.3999999999999986,3.6000000000000014,24.5,26.4,22.6,21.5,22.0,21.0,0.011,0.0373,0.00862,0.00804,1.34,0.00914,0.00817,0.0376,0.0366,0.231,0.0102,10.3,7.0,24,8,50,0.8,0.9,0.0269,0.9,0.7,1.4,0.5,0.6,0.7,0.4,1.5,0.6,0.7,12.0,0.777,0.0,0.963,1.43
19.6,19.799999999999997,19.4,3.0,6.399999999999999,-0.3999999999999986,28.6,27.4,29.8,29.4,30.6,28.2,0.0126,0.0377,0.0109,0.0084,1.34,0.00914,0.00764,0.0379,0.037,0.229,0.0111,14.6,9.0,29,8,100,0.0,3.0,0.0291,2.5,2.5,4.0,1.0,2.5,2.5,1.5,2.5,1.5,2.0,57.0,0.0,0.0,0.0,0.0
13.100000000000001,10.399999999999999,15.8,2.6000000000000014,7.399999999999999,-2.1999999999999993,22.8,24.6,21.0,23.0,16.8,29.2,0.0126,0.0375,0.0113,0.0109,1.4,0.00914,0.00719,0.0376,0.0369,0.229,0.0108,13.3,8.0,28,8,100,1.0,1.71,0.0286,2.14,2.43,2.0,1.43,1.0,1.43,1.43,3.43,1.43,2.0,39.7,0.0,0.895,0.0,0.0
16.2,15.600000000000001,16.8,4.399999999999999,4.800000000000001,4.0,25.0,22.0,28.0,22.7,24.8,20.6,0.0149,0.0375,0.0111,0.0113,1.46,0.00835,0.00715,0.0378,0.0366,0.227,0.0106,12.9,8.0,27,8,100,1.5,1.6,0.0289,1.5,1.9,1.3,1.4,0.6,0.9,1.9,3.5,1.3,1.7,27.6,0.0,1.72,0.0,0.0
12.100000000000001,16.0,8.2,3.3000000000000007,0.6000000000000014,6.0,25.9,25.4,26.4,27.4,22.8,32.0,0.0149,0.0376,0.0115,0.0108,1.55,0.00926,0.00771,0.0378,0.0366,0.229,0.0107,12.5,8.0,27,8,100,1.9,1.8,0.0287,1.1,1.1,1.3,1.1,1.1,1.4,1.9,3.5,1.4,1.6,23.0,1.64,1.72,3.0,0.0
12.5,14.0,11.0,1.3999999999999986,2.1999999999999993,0.6000000000000014,25.5,20.6,30.4,26.3,23.8,28.8,0.0157,0.0375,0.0112,0.0113,1.63,0.01,0.00714,0.0376,0.0366,0.228,0.0106,12.1,8.0,25,8,100,1.7,1.6,0.0286,1.5,1.1,1.7,1.4,1.7,1.4,1.4,3.7,1.4,1.4,23.3,1.64,0.828,3.0,3.64
15.2,19.200000000000003,11.2,4.399999999999999,6.800000000000001,2.0,25.9,21.0,30.8,23.2,22.4,24.0,0.0169,0.0374,0.0117,0.0109,1.69,0.00929,0.00768,0.0375,0.0364,0.23,0.0107,11.9,8.0,25,8,100,0.9,1.9,0.028,1.6,1.7,1.6,1.8,1.5,1.1,1.5,4.1,1.0,1.3,23.5,2.19,0.0,3.76,3.64
14.0,16.2,11.8,2.8000000000000007,5.399999999999999,0.1999999999999993,26.9,29.6,24.2,26.9,30.2,23.6,0.0152,0.0378,0.0113,0.0113,1.76,0.00929,0.0072,0.0375,0.0363,0.227,0.00986,11.8,8.0,25,8,100,1.1,2.1,0.0283,1.2,1.6,1.4,1.3,1.2,1.7,1.3,4.2,1.1,1.5,23.8,0.554,0.0,1.77,5.03
15.8,18.2,13.399999999999999,1.5,-2.3999999999999986,5.399999999999999,23.6,20.6,26.6,23.0,19.8,26.2,0.0162,0.0378,0.0116,0.011,1.85,0.0101,0.00734,0.0376,0.0363,0.228,0.01,11.6,8.0,26,8,100,1.8,1.5,0.0284,1.4,1.6,1.4,0.9,1.3,1.6,1.3,3.4,1.1,1.6,22.9,1.35,1.39,1.77,1.4
11.7,13.600000000000001,9.8,2.1000000000000014,5.199999999999999,-1.0,26.2,30.6,21.8,22.9,25.4,20.4,0.0162,0.0375,0.0113,0.0114,1.89,0.00924,0.00727,0.0374,0.0361,0.228,0.00978,11.5,8.0,26,8,100,1.9,1.7,0.0276,1.7,2.1,1.6,1.5,1.5,0.7,1.4,3.8,0.9,1.8,23.7,0.797,1.39,1.8,1.4
16.2,19.4,13.0,5.300000000000001,2.0,8.600000000000001,27.0,26.0,28.0,25.4,24.2,26.6,0.017,0.0373,0.0129,0.0118,2.0,0.01,0.00862,0.0374,0.0361,0.229,0.00986,11.5,8.0,27,8,100,1.8,1.6,0.0282,1.9,2.1,1.8,1.8,1.2,1.0,0.9,4.3,1.0,1.6,24.1,1.76,2.29,1.74,0.0
13.3,12.399999999999999,14.2,0.10000000000000142,2.1999999999999993,-2.0,22.7,24.6,20.8,24.1,19.8,28.4,0.0151,0.0374,0.0123,0.0123,2.07,0.00928,0.00853,0.0374,0.036,0.228,0.00983,11.5,8.0,29,9,100,2.1,1.2,0.0284,1.4,1.4,1.9,1.7,1.0,1.6,1.3,3.8,1.4,1.8,24.6,0.966,0.901,1.74,2.51
12.8,16.2,9.399999999999999,1.3999999999999986,4.800000000000001,-2.0,27.6,28.2,27.0,27.3,26.0,28.6,0.016,0.0373,0.0121,0.012,2.11,0.0101,0.00856,0.0375,0.0357,0.228,0.00993,11.4,8.0,29,8,100,1.0,1.6,0.0276,1.2,0.6,1.8,1.0,1.1,1.6,1.7,2.7,1.1,2.2,22.5,0.966,0.901,0.949,2.51
13.2,13.8,12.600000000000001,4.600000000000001,8.600000000000001,0.6000000000000014,25.2,26.6,23.8,22.5,21.1,23.8,0.0152,0.0373,0.0121,0.0122,2.2,0.00931,0.00802,0.0374,0.036,0.228,0.00979,11.3,8.0,25,8,100,1.2,1.6,0.0283,1.1,1.0,1.6,0.8,1.0,1.5,1.3,2.1,0.5,1.9,20.4,0.984,0.0,1.05,2.85
15.3,19.1,11.5,2.3000000000000007,-1.1999999999999993,5.800000000000001,27.3,26.8,27.8,25.7,26.6,24.8,0.0162,0.0372,0.0128,0.0118,2.25,0.00922,0.0086,0.0372,0.0358,0.228,0.0105,11.2,8.0,26,7,100,1.4,1.8,0.0283,0.9,1.7,2.0,1.2,1.4,1.1,0.8,2.5,1.0,2.0,22.6,0.984,0.801,1.86,1.17
11.899999999999999,11.100000000000001,12.7,1.1999999999999993,-4.199999999999999,6.600000000000001,26.0,30.0,22.0,22.8,23.6,22.0,0.0162,0.0372,0.0124,0.0117,2.3,0.00922,0.00792,0.0372,0.0356,0.228,0.0104,11.1,8.0,28,7,100,1.1,1.9,0.0283,1.5,1.3,1.5,2.0,1.9,1.7,1.3,2.9,1.4,2.1,24.6,0.984,0.801,2.64,1.17
15.600000000000001,18.2,13.0,5.899999999999999,3.6000000000000014,8.2,26.2,25.4,27.0,26.3,26.0,26.6,0.0162,0.0373,0.0128,0.0119,2.37,0.00902,0.00799,0.0375,0.036,0.227,0.0106,11.1,8.0,29,8,100,1.3,1.5,0.0284,1.5,0.9,1.0,2.0,1.5,1.8,1.8,2.6,1.1,2.0,23.0,0.0,0.801,1.59,1.99
13.0,13.8,12.2,1.1999999999999993,-1.6000000000000014,4.0,23.6,19.6,27.6,27.4,30.0,24.8,0.0153,0.0374,0.0121,0.0124,2.44,0.00979,0.00744,0.0375,0.0358,0.227,0.0104,11.1,8.0,29,7,100,1.4,1.1,0.0281,1.1,1.6,0.8,1.3,1.1,1.8,1.3,2.6,1.0,1.7,20.5,0.0,0.0,1.71,2.6
12.0,14.2,9.8,3.1999999999999993,2.6000000000000014,3.8000000000000007,28.4,25.0,31.8,22.7,20.8,24.6,0.0186,0.0371,0.0148,0.0121,2.54,0.00979,0.00817,0.0372,0.0358,0.229,0.0106,11.0,8.0,25,7,100,1.3,1.4,0.0292,1.3,1.9,0.7,1.6,1.4,2.1,1.3,3.4,1.0,1.7,22.1,1.07,0.979,1.72,2.6
14.100000000000001,12.399999999999999,15.8,2.1000000000000014,0.3999999999999986,3.8000000000000007,25.1,28.4,21.8,23.6,22.2,25.0,0.0177,0.037,0.0145,0.012,2.69,0.0105,0.00764,0.0373,0.0354,0.228,0.0107,10.9,8.0,22,7,100,1.5,1.3,0.0288,1.5,1.8,0.9,1.4,1.4,1.2,1.2,3.1,1.1,2.0,21.9,1.07,0.979,2.5,1.44
15.0,20.0,10.0,5.0,4.0,6.0,28.2,25.8,30.6,24.8,20.0,29.5,0.0177,0.037,0.015,0.0119,2.78,0.00898,0.0082,0.0374,0.0356,0.232,0.0108,10.9,8.0,24,8,100,1.7,0.8,0.0288,1.6,1.5,1.7,1.6,1.1,0.7,0.5,2.9,1.2,1.5,20.7,1.87,1.85,2.47,0.0
9.0,6.0,12.0,2.3000000000000007,0.1999999999999993,4.399999999999999,25.6,22.8,28.4,25.5,21.2,29.8,0.0109,0.0387,0.00978,0.00865,15.8,0.0114,0.00716,0.0378,0.0367,0.246,0.0146,11.6,9.0,35,8,25,0.667,0.667,0.0261,0.333,0.667,0.667,0.667,0.667,0.0,1.33,2.0,0.667,0.667,19.7,0.0,0.0,0.0,0.0
11.2,12.8,9.600000000000001,1.6000000000000014,-0.1999999999999993,3.3999999999999986,24.9,23.2,26.6,20.8,20.4,21.2,0.0109,0.0384,0.0101,0.0086,15.0,0.0114,0.00722,0.0376,0.0365,0.244,0.0147,10.4,7.0,20,5,25,0.375,0.375,0.0262,0.625,0.5,0.25,0.625,0.25,0.25,0.5,1.25,0.625,0.5,10.8,0.81,0.0,0.0,0.0
10.100000000000001,13.399999999999999,6.800000000000001,1.8999999999999986,6.399999999999999,-2.6000000000000014,24.5,28.0,21.0,22.3,26.6,18.0,0.0109,0.0384,0.00976,0.0085,13.7,0.0105,0.00671,0.0376,0.0368,0.244,0.0109,9.67,6.0,20,5,25,0.2,0.4,0.0261,0.8,0.3,0.0,0.5,0.1,0.2,0.3,0.9,0.6,0.4,5.6,0.81,0.0,0.0,0.0
9.2,12.8,5.600000000000001,1.8000000000000007,-1.3999999999999986,5.0,22.4,18.8,26.0,22.0,18.6,25.4,0.0117,0.038,0.0103,0.00831,12.7,0.0103,0.00621,0.0376,0.0369,0.243,0.011,9.19,6.0,19,6,25,0.2,0.5,0.0264,0.4,0.2,0.4,0.5,0.4,0.2,0.7,0.9,0.4,0.3,5.8,0.81,1.11,0.0,1.21
8.2,11.600000000000001,4.800000000000001,4.300000000000001,2.6000000000000014,6.0,24.6,27.6,21.6,22.7,17.2,28.2,0.0107,0.0381,0.0098,0.00822,11.8,0.0103,0.00662,0.0373,0.0369,0.243,0.0109,8.74,6.0,15,5,25,0.2,0.5,0.0264,0.1,0.4,0.6,0.4,0.3,0.5,0.6,0.9,0.3,0.4,6.1,0.0,1.11,0.849,1.21
9.8,10.2,9.399999999999999,2.3000000000000007,-2.3999999999999986,7.0,25.3,22.2,28.4,20.9,24.8,17.0,0.0107,0.038,0.0102,0.00856,10.6,0.011,0.00778,0.0367,0.0369,0.242,0.0109,8.6,6.0,17,5,25,0.2,0.6,0.0266,0.2,0.5,0.2,0.3,0.2,0.5,0.3,0.7,0.4,0.4,5.8,0.0,1.11,1.5,1.21
9.100000000000001,9.2,9.0,1.6999999999999993,1.3999999999999986,2.0,23.5,20.8,26.2,21.7,26.1,17.3,0.0106,0.038,0.00989,0.00892,9.65,0.00943,0.00722,0.0365,0.037,0.238,0.0107,8.44,6.0,17,5,25,0.3,0.3,0.0264,0.3,0.2,0.1,0.3,0.4,0.5,0.3,0.3,0.3,0.5,4.8,0.803,0.0,1.5,0.0
9.7,12.8,6.600000000000001,2.8000000000000007,4.199999999999999,1.3999999999999986,21.8,24.0,19.6,24.1,20.9,27.4,0.0115,0.0377,0.00843,0.00705,8.73,0.0105,0.00784,0.0366,0.0371,0.239,0.0109,8.23,6.0,15,5,25,0.5,0.0,0.0258,0.3,0.1,0.3,0.3,0.4,0.2,0.4,0.3,0.2,0.5,4.5,0.803,0.0,0.654,0.0
11.899999999999999,16.2,7.600000000000001,1.3000000000000007,3.1999999999999993,-0.6000000000000014,26.2,25.2,27.2,23.0,24.8,21.2,0.0115,0.0372,0.00905,0.0096,7.84,0.0103,0.0067,0.0367,0.037,0.235,0.0104,8.16,6.0,15,5,25,0.3,0.1,0.0263,0.5,0.2,0.3,0.2,0.6,0.2,0.3,0.5,0.3,0.5,5.4,0.803,0.0,0.0,1.02
9.600000000000001,11.2,8.0,2.3999999999999986,5.399999999999999,-0.6000000000000014,21.5,19.0,24.0,21.2,23.2,19.2,0.0123,0.0372,0.00961,0.0098,7.02,0.0103,0.00723,0.0364,0.037,0.233,0.0114,7.95,5.0,13,5,25,0.3,0.2,0.0261,0.5,0.3,0.3,0.1,0.7,0.3,0.2,0.7,0.5,0.4,6.0,0.0,0.684,0.559,1.02
10.399999999999999,12.2,8.600000000000001,3.1999999999999993,5.399999999999999,1.0,23.3,23.2,23.4,22.2,20.0,24.4,0.0114,0.037,0.00876,0.00906,5.78,0.00995,0.00714,0.0362,0.037,0.233,0.0111,7.86,5.0,16,5,25,0.3,0.1,0.0262,0.2,0.3,0.5,0.2,0.4,0.8,0.2,0.6,0.4,0.5,5.4,0.651,0.684,0.559,1.02
9.8,12.2,7.399999999999999,1.0,1.1999999999999993,0.8000000000000007,21.5,20.4,22.6,20.3,19.4,21.2,0.0114,0.0371,0.00923,0.00983,4.97,0.00995,0.00726,0.0361,0.0369,0.234,0.0113,7.77,5.0,17,5,25,0.0,0.4,0.0266,0.2,0.3,0.7,0.0,0.5,0.9,0.3,0.6,0.3,0.6,6.2,0.651,0.684,0.559,0.0
11.100000000000001,13.0,9.2,1.6999999999999993,0.6000000000000014,2.8000000000000007,26.9,28.6,25.2,22.3,20.6,24.0,0.0105,0.037,0.00855,0.00984,3.86,0.00995,0.00772,0.036,0.0371,0.231,0.011,7.76,5.0,19,6,25,0.0,0.6,0.027,0.3,0.3,0.5,0.0,0.5,0.5,0.4,0.5,0.2,0.5,5.7,0.651,0.0,0.0,0.0
8.899999999999999,7.199999999999999,10.600000000000001,2.0,1.1999999999999993,2.8000000000000007,21.1,18.2,24.0,24.6,25.6,23.6,0.0121,0.0371,0.009,0.00939,2.87,0.00975,0.00721,0.0358,0.0373,0.229,0.0111,7.7,5.0,14,5,25,0.0,0.3,0.0272,0.2,0.3,0.4,0.0,0.2,0.4,0.4,0.2,0.0,0.3,3.8,0.0,0.0,0.96,0.0
9.7,13.8,5.600000000000001,3.1000000000000014,5.800000000000001,0.3999999999999986,23.3,26.0,20.6,22.2,26.0,18.4,0.0121,0.0368,0.00865,0.00926,2.0,0.00888,0.00673,0.0357,0.037,0.23,0.0112,7.7,5.0,17,6,25,0.0,0.3,0.027,0.2,0.3,0.5,0.1,0.4,0.4,0.2,0.1,0.0,0.3,3.8,0.789,0.556,0.96,0.0
13.0,12.8,13.2,4.399999999999999,4.600000000000001,4.199999999999999,23.6,22.6,24.6,22.2,18.5,25.9,0.012,0.0366,0.00917,0.00924,1.08,0.00969,0.00721,0.0356,0.0372,0.227,0.0109,7.78,5.0,21,6,25,0.1,0.3,0.0272,0.3,0.2,0.4,0.1,0.5,0.2,0.2,0.1,0.0,0.7,4.3,0.789,0.556,0.96,0.0
10.0,11.0,9.0,1.1000000000000014,5.600000000000001,-3.3999999999999986,22.7,19.8,25.6,21.1,18.3,23.9,0.0109,0.0367,0.00917,0.00984,0.589,0.00857,0.00664,0.0355,0.0371,0.226,0.0109,7.68,5.0,20,6,25,0.1,0.4,0.0274,0.4,0.3,0.4,0.1,0.3,0.2,0.3,0.4,0.1,0.6,5.0,0.789,1.45,0.0,0.0
9.7,11.2,8.2,2.6000000000000014,5.800000000000001,-0.6000000000000014,22.6,24.0,21.2,20.9,17.2,24.6,0.0109,0.037,0.00901,0.00945,0.622,0.00857,0.00662,0.0356,0.0372,0.226,0.00987,7.74,5.0,18,6,25,0.1,0.5,0.0274,0.3,0.3,0.2,0.1,0.2,0.5,0.4,0.7,0.3,0.7,5.0,0.0,0.893,0.0,0.0
9.600000000000001,5.399999999999999,13.8,3.3999999999999986,7.800000000000001,-1.0,26.0,25.2,26.8,22.2,22.5,21.9,0.0117,0.0368,0.00871,0.00936,0.654,0.00928,0.0071,0.0355,0.0373,0.228,0.00985,7.69,5.0,18,6,25,0.2,0.4,0.0274,0.2,0.3,0.0,0.2,0.3,0.5,0.6,0.8,0.4,0.9,5.4,0.762,0.893,0.0,1.01
16.4,17.4,15.399999999999999,0.6999999999999993,3.1999999999999993,-1.8000000000000007,26.8,26.6,27.0,26.6,27.4,25.8,0.0109,0.0371,0.00818,0.0104,0.672,0.0094,0.00788,0.0354,0.0373,0.226,0.0108,9.69,6.0,18,6,50,1.5,2.0,0.0278,0.5,2.0,1.0,2.5,1.5,0.5,2.0,2.0,1.0,3.5,46.5,0.0,0.0,0.972,0.0
11.399999999999999,12.8,10.0,2.1000000000000014,-1.0,5.199999999999999,24.5,25.4,23.6,20.9,19.0,22.8,0.0109,0.0369,0.00874,0.0105,0.721,0.0094,0.00789,0.0355,0.0371,0.225,0.0109,8.85,6.0,18,6,50,0.75,0.875,0.0275,0.625,0.625,0.625,1.0,0.625,0.375,0.875,1.38,0.5,1.5,18.8,0.0,0.0,0.972,0.0
9.100000000000001,7.800000000000001,10.399999999999999,1.8000000000000007,3.3999999999999986,0.1999999999999993,24.6,19.4,29.8,22.6,20.6,24.6,0.0118,0.0368,0.00811,0.0104,0.749,0.00868,0.00672,0.0356,0.037,0.227,0.0108,8.51,6.0,19,5,50,0.8,1.0,0.0279,0.6,0.5,1.0,0.5,0.8,0.5,0.4,1.7,0.3,0.8,10.9,0.814,0.0,0.972,0.0
11.100000000000001,14.399999999999999,7.800000000000001,2.6999999999999993,-0.1999999999999993,5.600000000000001,25.7,27.4,24.0,22.4,26.7,18.1,0.011,0.0369,0.00865,0.0101,0.78,0.00998,0.00722,0.0355,0.0368,0.228,0.011,8.67,6.0,21,6,50,0.9,0.9,0.0281,0.9,0.5,1.1,0.7,0.7,0.5,0.3,1.7,0.4,0.8,11.2,0.814,0.0,0.812,2.26
9.399999999999999,9.399999999999999,9.399999999999999,4.5,5.0,4.0,23.1,22.6,23.6,25.1,26.1,24.1,0.0108,0.0369,0.00811,0.0104,0.795,0.00887,0.00707,0.0354,0.037,0.228,0.0109,8.3,6.0,20,6,50,0.7,0.4,0.0283,0.9,0.8,0.9,0.7,0.5,0.4,0.2,1.1,0.5,1.1,10.2,0.814,1.58,0.812,2.26
14.0,14.600000000000001,13.399999999999999,1.1000000000000014,-1.3999999999999986,3.6000000000000014,23.4,19.8,27.0,21.3,22.8,19.8,0.0117,0.0369,0.0075,0.00793,0.83,0.00884,0.00711,0.0355,0.0372,0.227,0.0111,8.43,6.0,16,6,50,0.5,0.6,0.0283,0.4,1.1,0.5,0.4,0.4,0.5,0.6,0.9,0.4,1.0,9.4,0.0,1.58,0.812,2.26
10.0,11.399999999999999,8.600000000000001,1.8000000000000007,5.199999999999999,-1.6000000000000014,25.7,25.2,26.2,23.6,21.1,26.1,0.00991,0.0372,0.00695,0.0096,0.851,0.00884,0.00702,0.0355,0.0368,0.228,0.0104,8.49,6.0,19,7,50,0.6,0.9,0.0281,0.6,1.0,0.8,0.3,0.8,0.6,0.9,1.9,0.5,0.9,11.5,0.858,1.58,0.0,0.0
10.600000000000001,12.2,9.0,1.8000000000000007,0.6000000000000014,3.0,24.1,23.6,24.6,23.8,22.3,25.3,0.0108,0.0369,0.0111,0.00975,0.893,0.00898,0.00658,0.0354,0.0369,0.227,0.0105,8.55,6.0,21,7,50,0.7,0.8,0.0283,0.7,0.8,0.5,0.3,0.9,0.4,0.8,2.4,0.7,0.5,11.3,0.858,0.0,0.0,0.924
9.5,11.399999999999999,7.600000000000001,0.5,-2.6000000000000014,3.6000000000000014,22.4,19.6,25.2,22.6,21.0,24.2,0.0108,0.0369,0.0106,0.0097,0.935,0.00898,0.00696,0.0355,0.0368,0.229,0.0107,8.54,6.0,24,7,50,0.8,0.5,0.0283,0.6,0.7,0.2,0.5,1.0,1.1,0.5,1.8,0.9,0.8,11.2,0.858,0.0,0.645,0.924
13.2,14.2,12.2,3.5,-0.3999999999999986,7.399999999999999,25.5,24.2,26.8,21.6,23.4,19.8,0.0116,0.0371,0.0106,0.00913,0.972,0.00968,0.00655,0.0355,0.0369,0.229,0.0105,8.56,6.0,24,7,50,0.9,0.6,0.0281,0.5,1.1,0.4,0.4,1.4,1.8,0.3,1.4,0.4,1.2,11.9,0.0,0.0,1.44,0.924
10.2,13.2,7.199999999999999,1.6999999999999993,-2.1999999999999993,5.600000000000001,23.2,21.4,25.0,25.5,23.2,27.8,0.00996,0.0369,0.0106,0.00947,0.989,0.00967,0.00647,0.0357,0.0368,0.228,0.0107,8.43,6.0,19,6,50,1.0,0.8,0.0276,0.5,0.9,0.9,0.7,1.5,1.2,0.5,1.5,0.4,0.8,12.3,0.0,0.718,1.44,1.19
11.7,11.8,11.600000000000001,2.5,0.1999999999999993,4.800000000000001,25.7,21.6,29.8,21.8,21.2,22.4,0.0108,0.0367,0.0108,0.00962,1.02,0.00967,0.00703,0.0357,0.0366,0.227,0.01,8.41,6.0,19,6,50,0.9,0.5,0.0275,0.5,0.7,0.7,0.4,1.2,0.9,0.8,1.6,0.5,0.4,11.0,0.551,0.718,0.791,1.19
11.3,7.199999999999999,15.399999999999999,3.3000000000000007,3.0,3.6000000000000014,25.1,28.6,21.6,23.8,23.0,24.6,0.00992,0.0368,0.0104,0.00955,1.06,0.00886,0.00654,0.0357,0.0369,0.23,0.0103,8.46,6.0,23,7,50,1.0,0.7,0.0286,0.6,0.5,0.5,0.4,0.8,0.9,1.1,1.1,0.4,0.5,10.2,0.551,0.718,0.0,1.19
11.0,15.600000000000001,6.399999999999999,3.0,1.6000000000000014,4.399999999999999,24.3,24.0,24.6,25.1,27.3,22.9,0.0107,0.0369,0.0111,0.00903,1.09,0.00886,0.00712,0.0357,0.0368,0.228,0.011,8.59,6.0,29,8,50,0.8,0.4,0.0279,0.6,0.5,0.6,0.8,0.5,1.0,0.7,1.3,0.6,0.8,10.1,1.34,0.0,0.938,1.4
9.399999999999999,6.800000000000001,12.0,1.1000000000000014,-1.6000000000000014,3.8000000000000007,27.3,29.2,25.4,22.7,23.9,21.5,0.0107,0.0369,0.0105,0.00943,1.12,0.0106,0.00667,0.0357,0.037,0.227,0.0108,8.6,6.0,28,7,50,0.8,0.4,0.0289,0.8,0.6,0.5,0.9,0.5,0.8,0.4,1.4,0.8,0.8,10.9,0.788,0.0,1.9,1.4
14.5,11.600000000000001,17.4,2.6999999999999993,4.199999999999999,1.1999999999999993,23.0,21.0,25.0,21.8,21.0,22.6,0.00992,0.0367,0.0107,0.00957,1.14,0.0091,0.00673,0.0356,0.0368,0.229,0.0109,8.65,7.0,21,7,50,0.7,0.5,0.0289,1.2,0.2,0.5,1.0,0.9,0.6,0.6,0.5,0.4,1.0,10.7,0.788,0.0,1.9,1.4
11.600000000000001,11.8,11.399999999999999,2.3000000000000007,3.8000000000000007,0.8000000000000007,22.7,24.0,21.4,22.8,25.2,20.4,0.00991,0.0365,0.0103,0.00943,1.18,0.0091,0.00673,0.0355,0.037,0.228,0.0112,8.62,7.0,23,7,50,1.0,0.4,0.029,1.3,0.2,0.3,1.0,0.9,0.9,0.8,1.2,0.4,0.8,11.5,0.0,0.0,0.963,0.0
9.7,12.8,6.600000000000001,4.399999999999999,7.399999999999999,1.3999999999999986,22.6,26.0,19.2,21.1,19.0,23.2,0.0108,0.0368,0.0107,0.00965,1.24,0.0091,0.00723,0.0354,0.037,0.228,0.0108,8.69,7.0,23,7,50,0.7,0.4,0.0283,1.0,0.2,0.3,0.7,0.7,0.9,0.9,1.3,0.3,0.9,9.8,0.752,0.79,0.0,0.0
10.5,12.0,9.0,1.1000000000000014,4.600000000000001,-2.3999999999999986,25.7,21.8,29.6,26.5,29.8,23.2,0.00991,0.0369,0.0101,0.00962,1.3,0.00836,0.00667,0.0355,0.0371,0.229,0.0106,8.65,7.0,20,7,50,0.5,0.4,0.0289,0.8,0.4,0.3,0.9,0.9,0.8,1.0,1.0,0.4,1.0,9.8,0.752,0.79,0.0,0.0
13.100000000000001,17.4,8.8,2.3000000000000007,5.600000000000001,-1.0,22.4,26.6,18.2,22.7,20.0,25.4,0.0108,0.0367,0.0103,0.00976,1.35,0.00986,0.00783,0.0356,0.037,0.231,0.0108,8.73,7.0,28,7,50,0.7,0.5,0.0281,0.7,0.5,0.7,0.8,0.9,0.8,0.8,1.4,0.7,1.2,11.0,0.752,1.67,0.789,0.0
18.8,18.4,19.200000000000003,3.3000000000000007,2.0,4.600000000000001,28.8,32.0,25.6,27.9,27.2,28.6,0.0107,0.037,0.0104,0.00924,1.23,0.00899,0.00673,0.0355,0.0374,0.227,0.0102,9.9,7.0,24,7,100,0.0,0.0,0.0292,0.0,0.0,0.0,0.0,0.0,0.0,0.0,0.0,0.0,0.0,1.0,0.0,0.0,0.0,0.0
12.2,14.8,9.600000000000001,2.6999999999999993,1.8000000000000007,3.6000000000000014,22.6,21.2,24.0,22.3,21.4,23.2,0.0109,0.037,0.0109,0.00887,1.28,0.00986,0.0068,0.0355,0.0373,0.229,0.0103,9.54,7.0,23,7,100,1.43,1.71,0.029,2.29,1.0,1.86,2.0,1.57,1.71,1.43,3.29,1.43,1.43,40.0,0.0,0.0,1.03,0.0
11.3,7.800000000000001,14.8,5.399999999999999,3.1999999999999993,7.600000000000001,26.9,28.6,25.2,21.8,17.2,26.4,0.0101,0.0372,0.0103,0.00939,1.34,0.00917,0.00722,0.0354,0.0372,0.231,0.0106,9.18,7.0,21,7,100,0.9,1.0,0.0284,1.7,1.5,1.1,1.6,1.5,1.5,1.6,1.6,0.8,2.3,26.8,0.0,0.0,1.79,0.0
14.8,17.6,12.0,3.5,4.199999999999999,2.8000000000000007,24.7,21.4,28.0,25.1,23.6,26.6,0.0109,0.0366,0.0108,0.00762,1.41,0.0099,0.00691,0.0357,0.0375,0.229,0.0107,8.84,6.0,21,6,100,0.7,0.8,0.0285,0.9,1.6,1.1,1.4,1.6,1.4,1.4,1.4,0.4,1.8,19.3,0.0,0.0,1.79,0.0
12.7,9.399999999999999,16.0,1.6999999999999993,3.0,0.3999999999999986,28.5,32.2,24.8,27.4,30.6,24.2,0.01,0.0369,0.00673,0.00756,1.47,0.00974,0.00735,0.0358,0.0375,0.229,0.0105,8.85,6.0,21,6,100,0.8,1.9,0.0293,1.1,1.4,1.4,1.1,2.1,1.6,1.3,2.4,0.9,1.1,21.7,0.0,2.14,2.28,3.57
15.0,13.0,17.0,3.8000000000000007,4.399999999999999,3.1999999999999993,24.2,23.6,24.8,21.7,19.8,23.6,0.011,0.0369,0.00997,0.00827,1.53,0.00974,0.00693,0.0357,0.0376,0.229,0.0102,8.93,7.0,22,7,100,1.6,1.6,0.0287,1.6,1.6,1.1,1.0,1.9,1.2,1.7,3.1,1.3,1.9,23.0,2.24,2.14,1.51,3.57
15.100000000000001,17.4,12.8,3.8000000000000007,3.0,4.600000000000001,25.8,26.8,24.8,23.4,21.0,25.8,0.0102,0.0372,0.00997,0.00883,1.56,0.00977,0.00738,0.0357,0.0376,0.228,0.0105,8.9,7.0,21,7,100,2.1,1.0,0.0293,1.3,1.2,1.0,1.1,1.6,1.1,1.9,2.7,0.9,2.0,21.8,2.24,3.14,2.43,3.57
12.5,12.399999999999999,12.600000000000001,2.3999999999999986,6.199999999999999,-1.3999999999999986,25.2,26.8,23.6,25.9,25.8,26.0,0.011,0.0369,0.00947,0.00851,1.63,0.00904,0.0075,0.0357,0.0376,0.229,0.0103,8.79,7.0,18,6,100,2.1,0.7,0.0291,1.5,1.4,1.2,1.7,1.7,1.3,1.7,2.0,0.3,1.8,21.1,3.04,1.0,0.914,1.16
12.3,15.2,9.399999999999999,0.5,1.6000000000000014,-0.6000000000000014,24.8,26.2,23.4,27.4,27.8,27.0,0.0102,0.0372,0.00978,0.00835,1.68,0.00904,0.00695,0.0355,0.0379,0.229,0.0107,8.72,6.0,18,6,100,1.6,0.5,0.0291,1.5,1.2,0.8,1.6,1.5,1.3,1.1,1.4,0.1,2.3,18.5,0.802,1.0,2.48,1.16
11.2,8.0,14.399999999999999,5.0,0.3999999999999986,9.600000000000001,26.6,24.0,29.2,22.3,20.4,24.2,0.0102,0.0374,0.0101,0.00838,1.73,0.00974,0.00744,0.0358,0.0375,0.228,0.0108,8.85,7.0,23,7,100,0.7,1.3,0.0285,1.5,0.9,0.9,1.3,1.6,1.8,1.1,1.7,0.4,2.3,20.4,1.56,0.0,1.57,2.55
15.3,9.8,20.799999999999997,1.8999999999999986,4.600000000000001,-0.8000000000000007,27.7,30.2,25.2,23.9,18.2,29.6,0.0103,0.0373,0.00947,0.00872,1.79,0.00974,0.00733,0.0357,0.0375,0.229,0.0104,8.89,7.0,25,7,100,0.9,1.5,0.0282,2.0,1.3,1.3,1.3,1.2,2.1,1.0,3.2,1.3,2.3,23.4,0.755,0.0,2.56,1.39
12.600000000000001,9.8,15.399999999999999,4.800000000000001,6.600000000000001,3.0,22.4,22.6,22.2,25.2,22.8,27.6,0.0112,0.0369,0.0102,0.00816,1.83,0.015,0.00753,0.0359,0.0374,0.227,0.0106,8.82,7.0,20,7,100,1.3,1.2,0.0276,1.9,1.7,1.3,1.2,1.4,1.9,0.9,2.8,1.3,2.4,22.8,1.68,0.783,1.77,2.55
14.7,14.8,14.600000000000001,2.8999999999999986,7.399999999999999,-1.6000000000000014,26.5,32.4,20.6,27.5,31.2,23.8,0.0112,0.0373,0.00993,0.00846,1.9,0.015,0.00689,0.036,0.0374,0.226,0.01,8.87,7.0,22,7,100,1.0,1.3,0.0281,1.5,1.3,1.3,1.7,1.5,1.7,1.1,2.4,1.0,3.0,21.3,0.928,1.61,1.77,2.55
12.600000000000001,14.0,11.2,0.8999999999999986,5.0,-3.1999999999999993,26.1,30.0,22.2,22.2,23.4,21.0,0.0104,0.0373,0.0103,0.00795,1.97,0.0157,0.00834,0.0359,0.0372,0.229,0.00972,8.95,7.0,29,7,100,1.0,1.3,0.0281,1.4,1.5,1.0,1.4,1.5,1.1,1.6,1.6,0.5,2.6,19.6,0.928,1.61,0.782,2.55
10.8,11.0,10.600000000000001,3.8000000000000007,8.8,-1.1999999999999993,28.9,23.6,34.2,23.7,28.2,19.2,0.00942,0.0372,0.00993,0.00773,2.0,0.0157,0.00775,0.0362,0.0374,0.228,0.01,8.92,7.0,24,7,100,1.6,0.9,0.0282,1.3,1.6,1.1,1.7,1.7,0.9,1.5,1.7,0.7,1.9,20.9,0.0,0.831,1.77,1.4
14.399999999999999,12.600000000000001,16.2,2.8000000000000007,5.0,0.6000000000000014,24.0,23.8,24.2,25.1,21.4,28.8,0.0117,0.037,0.0105,0.00774,2.07,0.0165,0.00826,0.036,0.0372,0.23,0.0102,8.92,7.0,19,7,100,2.2,1.0,0.0275,0.9,1.3,1.2,1.9,1.2,1.0,1.9,3.1,0.9,2.1,22.4,0.783,0.824,1.77,1.15
12.399999999999999,8.600000000000001,16.2,3.1999999999999993,3.3999999999999986,3.0,26.5,25.2,27.8,28.4,28.6,28.2,0.0108,0.0372,0.0103,0.00759,2.15,0.015,0.00761,0.0358,0.0373,0.228,0.01,8.83,7.0,19,7,100,2.0,1.7,0.028,1.0,0.8,1.7,1.8,0.8,0.7,1.8,3.0,0.8,2.1,21.8,0.783,0.824,2.73,2.57
15.600000000000001,12.0,19.200000000000003,4.600000000000001,1.6000000000000014,7.600000000000001,22.7,19.6,25.8,22.3,19.2,25.4,0.0108,0.0371,0.0109,0.00751,2.26,0.0151,0.00773,0.0359,0.0372,0.229,0.0109,8.72,7.0,17,5,100,1.4,1.8,0.0282,1.3,1.0,1.5,1.6,1.6,0.9,1.7,3.0,1.3,2.3,22.4,0.783,1.87,0.966,2.57
11.2,12.600000000000001,9.8,0.0,1.8000000000000007,-1.8000000000000007,26.3,25.4,27.2,22.3,22.2,22.4,0.0101,0.0371,0.0104,0.00776,2.35,0.0151,0.0072,0.0362,0.037,0.231,0.0107,8.64,7.0,17,6,100,1.2,1.6,0.028,1.0,1.5,0.9,1.6,1.7,1.2,1.6,3.5,1.1,1.8,21.9,0.793,1.04,0.966,2.6
12.899999999999999,13.0,12.8,5.5,3.3999999999999986,7.600000000000001,26.3,30.0,22.6,25.4,21.6,29.2,0.0101,0.0371,0.0107,0.00784,2.48,0.0158,0.00716,0.0363,0.0373,0.229,0.011,8.67,7.0,20,7,100,1.6,1.2,0.0279,1.4,1.6,1.0,1.9,1.3,1.1,1.0,3.0,1.2,1.3,21.2,0.793,1.04,1.74,1.18
9.0,10.8,7.199999999999999,0.3000000000000007,3.8000000000000007,-3.1999999999999993,26.2,28.2,24.2,25.9,26.6,25.2,0.0106,0.0354,0.00891,0.00913,12.5,0.01,0.00727,0.0367,0.0347,0.249,0.0102,6.68,6.0,10,7,25,0.5,11.3,0.0279,1.0,11.3,0.5,2.0,1.5,1.5,2.0,3.5,2.5,2.0,31.5,0.0,0.0,0.0,0.0
8.5,13.8,3.1999999999999993,1.8000000000000007,4.199999999999999,-0.6000000000000014,22.9,25.6,20.2,20.9,17.5,24.4,0.0106,0.0353,0.00931,0.00854,11.7,0.00922,0.00787,0.0366,0.0348,0.247,0.0104,7.67,6.0,22,7,25,0.286,0.143,0.0281,0.286,0.0,0.286,0.857,0.571,0.429,0.714,1.29,1.0,1.14,11.3,0.809,0.0,0.0,0.0
8.600000000000001,12.8,4.399999999999999,2.8000000000000007,5.800000000000001,-0.1999999999999993,21.9,21.4,22.4,20.8,24.4,17.2,0.0115,0.035,0.00881,0.00844,11.0,0.00992,0.00735,0.0368,0.0346,0.243,0.0103,8.08,6.0,23,7,25,0.3,0.4,0.0275,0.3,0.3,0.5,0.4,0.1,0.1,0.2,0.3,0.2,0.8,4.8,0.809,0.889,0.858,0.0
9.2,11.399999999999999,7.0,0.8000000000000007,1.6000000000000014,0.0,24.8,24.2,25.4,21.2,22.8,19.6,0.0106,0.0349,0.00887,0.00807,10.0,0.00921,0.00786,0.0367,0.0346,0.244,0.0104,8.44,7.0,31,7,25,0.2,0.4,0.0281,0.4,0.6,0.6,0.3,0.1,0.3,0.1,0.3,0.1,0.9,5.8,0.809,0.889,0.858,0.0
8.600000000000001,11.600000000000001,5.600000000000001,3.6000000000000014,-0.3999999999999986,7.600000000000001,23.6,25.2,22.0,22.9,23.5,22.3,0.0105,0.0349,0.00852,0.00847,9.26,0.00921,0.00723,0.0365,0.0348,0.241,0.0102,8.66,7.0,31,7,25,0.0,0.4,0.0281,0.2,0.4,0.2,0.3,0.2,0.4,0.3,0.5,0.2,0.9,5.5,0.0,0.889,0.858,0.0
9.100000000000001,10.8,7.399999999999999,1.3000000000000007,4.600000000000001,-2.0,24.8,26.4,23.2,21.0,23.3,18.6,0.0113,0.0347,0.00873,0.00859,8.44,0.0101,0.00782,0.0365,0.0348,0.243,0.0104,8.62,7.0,29,7,25,0.0,0.3,0.0273,0.3,0.4,0.2,0.4,0.4,0.3,0.4,0.6,0.3,0.5,5.5,0.0,0.0,0.0,1.22
10.0,6.600000000000001,13.399999999999999,0.8000000000000007,3.6000000000000014,-2.0,21.9,24.0,19.8,21.8,26.8,16.8,0.0113,0.0346,0.00828,0.00833,7.6,0.0108,0.00776,0.0364,0.0348,0.243,0.00969,8.63,7.0,20,7,25,0.5,0.2,0.0279,0.2,0.3,0.3,0.4,0.4,0.1,0.2,0.4,0.2,0.4,5.0,0.745,0.634,0.663,1.22
8.5,8.8,8.2,4.300000000000001,2.3999999999999986,6.199999999999999,22.9,26.6,19.2,23.9,20.8,27.0,0.0103,0.0348,0.00793,0.00842,7.03,0.0108,0.00784,0.0363,0.0347,0.238,0.00981,8.6,7.0,19,7,25,0.8,0.2,0.0275,0.2,0.1,0.1,0.2,0.3,0.2,0.3,0.4,0.1,0.6,4.8,0.745,0.634,0.663,2.27
11.2,8.8,13.600000000000001,0.3000000000000007,1.6000000000000014,-1.0,22.2,23.6,20.8,22.3,20.0,24.6,0.0104,0.0345,0.00808,0.00803,6.19,0.00973,0.00709,0.0362,0.0346,0.236,0.00972,8.67,7.0,21,7,25,0.4,0.4,0.0272,0.3,0.2,0.3,0.1,0.2,0.3,0.4,0.7,0.3,0.4,5.1,0.745,0.634,0.663,1.05
8.3,12.2,4.399999999999999,4.699999999999999,5.0,4.399999999999999,24.4,18.6,30.2,20.8,20.4,21.2,0.0104,0.0343,0.00826,0.00823,5.19,0.00973,0.00821,0.036,0.0349,0.234,0.00984,8.58,7.0,18,7,25,0.2,0.5,0.0282,0.2,0.0,0.6,0.7,0.1,0.5,0.4,0.9,0.2,0.4,5.5,0.0,0.0,0.0,1.05
7.399999999999999,12.0,2.8000000000000007,2.1000000000000014,4.600000000000001,-0.3999999999999986,24.9,26.4,23.4,23.4,26.0,20.8,0.0102,0.0343,0.00781,0.00853,4.5,0.00906,0.00769,0.0361,0.035,0.232,0.00975,8.63,7.0,18,6,25,0.3,0.3,0.0276,0.5,0.0,0.6,0.5,0.1,0.5,0.1,0.9,0.2,0.4,5.5,0.0,0.0,0.0,0.0
8.5,8.2,8.8,0.8000000000000007,3.3999999999999986,-1.8000000000000007,23.7,23.6,23.8,20.9,24.4,17.4,0.0112,0.0339,0.00781,0.00797,3.52,0.00976,0.00693,0.0359,0.0349,0.231,0.00999,8.61,7.0,23,7,25,0.2,0.2,0.0283,0.8,0.1,0.6,0.1,0.0,0.5,0.3,0.8,0.2,0.2,5.2,0.57,0.619,0.553,0.0
11.8,16.0,7.600000000000001,2.3999999999999986,4.0,0.8000000000000007,25.9,24.0,27.8,22.2,17.0,27.4,0.0112,0.0336,0.00833,0.00783,2.76,0.00903,0.00752,0.0358,0.0351,0.23,0.00987,8.76,7.0,24,7,25,0.0,0.2,0.0284,0.6,0.2,0.3,0.2,0.2,0.5,0.5,0.6,0.1,0.4,5.0,0.57,0.619,1.48,0.0
9.3,7.800000000000001,10.8,5.699999999999999,8.600000000000001,2.8000000000000007,23.7,24.6,22.8,25.5,28.8,22.2,0.0102,0.0338,0.0083,0.00687,2.16,0.00974,0.00756,0.0359,0.0353,0.226,0.0107,8.96,7.0,25,8,25,0.1,0.3,0.0283,0.4,0.1,0.2,0.3,0.5,0.2,0.5,0.6,0.3,0.7,5.2,0.57,1.57,1.48,0.0
8.5,6.399999999999999,10.600000000000001,1.1999999999999993,0.0,2.3999999999999986,21.6,20.8,22.4,22.4,19.4,25.4,0.0106,0.0334,0.00776,0.0068,1.57,0.00892,0.00698,0.0359,0.0352,0.226,0.0105,8.96,7.0,25,8,25,0.3,0.3,0.0284,0.5,0.1,0.1,0.3,0.4,0.1,0.3,0.7,0.4,0.8,5.0,0.0,0.949,0.924,0.0
6.899999999999999,8.399999999999999,5.399999999999999,1.6999999999999993,3.8000000000000007,-0.3999999999999986,22.6,20.6,24.6,20.8,22.2,19.4,0.0115,0.033,0.00827,0.00752,0.841,0.00964,0.00765,0.0357,0.035,0.225,0.0105,8.94,7.0,20,7,25,0.2,0.3,0.0282,0.5,0.4,0.0,0.4,0.3,0.2,0.4,1.0,0.5,0.5,5.8,0.919,0.949,0.0,0.0
9.3,9.2,9.399999999999999,1.1000000000000014,3.1999999999999993,-1.0,22.7,22.6,22.8,22.0,26.0,18.0,0.0101,0.0331,0.00651,0.00799,0.49,0.00876,0.00715,0.0358,0.0348,0.224,0.0104,9.0,7.0,19,7,25,0.1,0.4,0.0284,0.7,0.5,0.1,0.3,0.2,0.4,0.3,0.8,0.3,0.2,5.4,0.919,0.0,0.0,1.1
8.7,11.2,6.199999999999999,2.5,6.800000000000001,-1.8000000000000007,23.3,22.3,24.3,21.1,22.8,19.4,0.0109,0.0333,0.00908,0.00773,0.519,0.00876,0.00767,0.0358,0.0351,0.225,0.0106,8.98,7.0,19,8,25,0.1,0.3,0.0278,0.6,0.3,0.3,0.0,0.3,0.4,0.5,0.5,0.2,0.6,5.0,0.919,0.0,0.0,1.1
10.0,9.600000000000001,10.399999999999999,0.6000000000000014,2.0,-0.8000000000000007,23.4,21.9,24.9,22.4,24.6,20.2,0.0109,0.0334,0.00874,0.00802,0.554,0.00946,0.00757,0.0356,0.0351,0.223,0.0109,9.12,7.0,28,8,25,0.3,0.0,0.0283,0.3,0.1,0.6,0.4,0.4,0.5,0.4,0.7,0.1,0.7,5.5,0.0,0.0,0.0,1.1
10.8,9.2,12.399999999999999,2.6000000000000014,-2.0,7.199999999999999,26.4,28.4,24.4,21.5,20.6,22.4,0.0109,0.0332,0.00898,0.00815,0.574,0.00946,0.00769,0.0355,0.035,0.224,0.0109,9.32,7.0,31,8,25,0.3,0.0,0.0275,0.3,0.2,0.8,0.5,0.5,0.5,0.2,0.9,0.2,0.3,5.7,0.0,0.0,0.0,0.0
13.3,17.2,9.399999999999999,0.1999999999999993,0.0,0.3999999999999986,27.5,27.2,27.8,27.0,24.2,29.8,0.011,0.0339,0.00864,0.00809,0.544,0.00949,0.00711,0.0355,0.0356,0.225,0.0102,9.6,7.0,16,5,50,5.0,0.0,0.0277,6.0,2.0,1.0,4.0,5.0,1.0,3.0,7.0,3.0,3.0,86.0,0.833,0.0,1.97,1.44
9.899999999999999,10.3,9.5,3.0,2.8000000000000007,3.1999999999999993,22.4,21.4,23.4,21.4,18.4,24.4,0.0102,0.034,0.00914,0.00767,0.566,0.00949,0.00771,0.0357,0.0356,0.226,0.0103,8.6,6.0,15,5,50,1.14,0.429,0.0282,1.29,1.0,0.714,1.43,0.857,0.857,1.0,2.43,0.857,1.14,22.1,0.833,0.895,1.07,1.44
9.0,12.899999999999999,5.100000000000001,0.3000000000000007,3.8000000000000007,-3.1999999999999993,22.1,24.6,19.6,22.5,24.2,20.8,0.0102,0.034,0.00894,0.008,0.593,0.00943,0.00711,0.0355,0.0356,0.225,0.0138,8.04,6.0,14,5,50,0.7,0.7,0.0284,0.8,0.7,0.5,0.7,0.3,0.5,0.5,1.5,0.4,1.2,10.1,0.000189,0.895,1.07,1.44
8.399999999999999,13.8,3.0,2.3999999999999986,3.1999999999999993,1.6000000000000014,26.9,29.4,24.4,22.0,18.1,25.9,0.0111,0.0341,0.00951,0.00768,0.621,0.00876,0.00774,0.0359,0.0358,0.224,0.0139,8.02,6.0,15,6,50,0.7,0.7,0.0277,0.9,1.0,0.7,0.6,0.8,0.7,0.7,1.8,0.8,1.1,12.6,0.000189,0.895,0.000185,0.000216
9.3,4.800000000000001,13.8,3.0,-0.1999999999999993,6.199999999999999,23.6,22.6,24.6,22.7,22.9,22.5,0.0111,0.0341,0.00951,0.00819,0.669,0.00947,0.00766,0.0359,0.0356,0.227,0.0139,8.12,6.0,21,7,50,0.6,0.5,0.0284,0.5,0.5,0.8,0.6,1.1,0.8,1.1,1.8,0.7,1.0,12.0,0.0,0.0,0.0,0.0
12.7,14.399999999999999,11.0,2.1000000000000014,0.3999999999999986,3.8000000000000007,23.4,19.0,27.8,25.0,19.2,30.8,0.0111,0.034,0.00939,0.00828,0.688,0.00858,0.0083,0.0358,0.0356,0.224,0.0139,8.3,6.0,27,7,50,0.5,0.5,0.0285,0.7,0.5,0.8,0.6,1.1,0.7,0.8,1.4,0.4,1.6,11.5,0.0,0.0,0.0,1.02
10.8,10.2,11.399999999999999,1.6000000000000014,3.6000000000000014,-0.3999999999999986,23.6,19.8,27.4,23.1,25.8,20.4,0.0111,0.0341,0.00894,0.00801,0.716,0.00858,0.00717,0.036,0.0357,0.225,0.0138,8.41,6.0,25,7,50,0.4,0.5,0.0276,0.9,0.5,0.9,0.9,1.1,0.9,0.5,1.3,0.6,1.3,11.8,0.657,0.0,1.22,1.02
9.3,9.0,9.600000000000001,1.3000000000000007,-0.1999999999999993,2.8000000000000007,26.4,30.4,22.4,21.7,21.3,22.1,0.011,0.034,0.00894,0.00758,0.768,0.00934,0.00771,0.036,0.0355,0.226,0.0139,8.68,6.0,22,7,50,0.7,0.7,0.0285,0.6,0.3,0.4,1.0,1.3,0.7,0.4,1.2,0.5,1.2,11.1,0.657,0.743,2.15,1.02
10.8,10.399999999999999,11.2,5.100000000000001,6.0,4.199999999999999,22.7,24.8,20.6,25.7,24.3,27.1,0.0101,0.0343,0.00955,0.00808,0.786,0.00864,0.00761,0.036,0.0357,0.227,0.0138,8.8,6.0,24,7,50,0.7,0.8,0.0277,0.5,0.4,0.2,0.7,0.8,0.3,0.8,1.4,0.6,1.4,10.4,0.657,0.743,2.15,0.0
7.699999999999999,9.600000000000001,5.800000000000001,1.5,-0.8000000000000007,3.8000000000000007,24.7,25.6,23.8,22.2,23.6,20.8,0.0115,0.0345,0.00947,0.0082,0.822,0.0094,0.00709,0.0359,0.0355,0.225,0.0139,8.93,7.0,24,7,50,0.5,0.7,0.0283,0.4,0.6,0.4,0.8,0.4,0.6,0.8,1.3,0.4,1.3,9.8,0.706,0.743,0.934,0.0
12.399999999999999,8.399999999999999,16.4,2.0,6.600000000000001,-2.6000000000000014,23.4,21.4,25.4,22.6,23.0,22.2,0.0115,0.0343,0.00912,0.00761,0.852,0.00869,0.00754,0.0359,0.0355,0.228,0.0131,9.14,7.0,31,7,50,1.0,0.9,0.0285,0.5,1.0,0.5,0.6,0.4,0.9,0.8,1.7,0.5,1.1,11.8,0.706,0.0,0.0,1.1
8.7,10.8,6.600000000000001,2.3000000000000007,4.199999999999999,0.3999999999999986,24.6,24.8,24.4,21.2,19.0,23.4,0.011,0.0344,0.00957,0.00819,0.856,0.00939,0.00762,0.0362,0.0353,0.226,0.0131,9.07,7.0,26,7,50,0.8,1.1,0.0279,0.8,0.8,0.5,0.7,0.5,0.9,0.9,1.5,0.4,1.0,11.3,0.706,0.0,0.0,1.1
9.2,12.8,5.600000000000001,3.1000000000000014,6.0,0.1999999999999993,23.7,23.6,23.8,27.0,22.4,31.6,0.0102,0.0346,0.00907,0.00754,0.898,0.00867,0.00738,0.036,0.0356,0.229,0.0133,9.11,7.0,23,7,50,0.6,0.8,0.0287,0.8,0.3,0.8,0.7,0.9,0.9,0.7,1.4,0.5,1.2,11.0,0.0,0.69,0.754,2.33
9.8,7.199999999999999,12.399999999999999,2.1999999999999993,2.6000000000000014,1.8000000000000007,26.6,23.2,30.0,21.1,16.7,25.5,0.0111,0.0346,0.00938,0.00711,0.918,0.00936,0.00742,0.0359,0.0358,0.226,0.013,9.15,7.0,24,7,50,0.4,0.3,0.0285,0.7,0.6,0.6,0.6,1.1,0.8,0.3,0.8,0.5,1.3,10.1,0.0,0.69,1.71,1.22
9.2,5.199999999999999,13.2,2.3000000000000007,-0.3999999999999986,5.0,22.8,22.0,23.6,22.8,23.5,22.1,0.0103,0.0344,0.00668,0.00702,0.946,0.00936,0.0069,0.0358,0.0357,0.228,0.0128,9.19,7.0,24,7,50,0.4,0.4,0.0287,0.9,0.8,0.4,0.6,1.0,0.4,1.0,1.0,0.5,1.3,10.9,0.787,0.69,1.71,1.22
12.100000000000001,13.2,11.0,3.1000000000000014,5.800000000000001,0.3999999999999986,23.3,25.6,21.0,21.6,21.2,22.0,0.0111,0.0343,0.00791,0.00797,0.956,0.00865,0.00702,0.0358,0.0357,0.229,0.0129,9.19,7.0,22,7,50,0.5,0.5,0.0285,0.8,0.6,1.1,0.5,1.1,0.3,1.3,1.7,0.8,1.4,12.5,0.787,0.0,0.958,0.0
8.5,7.0,10.0,2.5,0.0,5.0,27.3,25.2,29.4,25.7,30.8,20.6,0.0101,0.0344,0.00746,0.00826,0.986,0.00865,0.0069,0.0359,0.036,0.228,0.0124,9.25,7.0,22,7,50,1.1,0.6,0.0286,0.6,0.4,1.3,0.6,1.0,0.4,0.5,1.6,1.0,1.0,11.8,0.787,0.918,0.0,1.12
9.7,13.399999999999999,6.0,6.699999999999999,4.800000000000001,8.600000000000001,24.1,27.0,21.2,21.4,22.2,20.6,0.011,0.0345,0.00746,0.00786,1.03,0.00983,0.00746,0.0358,0.0357,0.228,0.0134,9.23,7.0,22,7,50,1.1,0.5,0.028,0.7,0.4,0.7,0.8,1.0,0.4,0.3,1.1,0.4,0.6,10.1,0.0,0.918,0.906,1.12
9.899999999999999,8.2,11.600000000000001,1.1999999999999993,-0.6000000000000014,3.0,22.8,18.2,27.4,22.7,19.4,26.0,0.011,0.0345,0.00777,0.00839,1.08,0.00855,0.00683,0.0358,0.036,0.227,0.0133,9.26,7.0,23,7,50,1.0,0.6,0.0288,0.8,0.8,0.6,0.9,1.3,0.5,0.3,1.5,0.4,0.6,11.2,0.928,0.918,0.906,1.12
9.899999999999999,8.8,11.0,2.6999999999999993,5.199999999999999,0.1999999999999993,26.6,28.4,24.8,25.2,24.6,25.8,0.01,0.0345,0.00756,0.00807,1.13,0.00858,0.00757,0.0359,0.0359,0.23,0.0134,9.21,7.0,21,7,50,1.2,0.7,0.0285,0.8,0.6,0.5,0.8,1.0,0.5,0.4,1.4,0.5,0.6,10.6,0.937,0.0,1.9,0.0
15.899999999999999,19.4,12.399999999999999,3.3000000000000007,5.600000000000001,1.0,26.4,25.8,27.0,26.5,24.2,28.8,0.0101,0.0339,0.00741,0.00859,1.06,0.00845,0.00779,0.0356,0.036,0.227,0.00961,8.19,5.0,16,4,100,2.0,2.0,0.0289,2.0,3.0,1.0,2.0,0.0,2.0,5.0,5.0,1.0,4.0,74.0,0.0,0.849,0.0,1.42
9.899999999999999,12.600000000000001,7.199999999999999,1.8999999999999986,4.800000000000001,-1.0,23.4,23.0,23.8,21.8,21.0,22.6,0.0111,0.0342,0.00804,0.0081,1.11,0.00844,0.00792,0.0356,0.0362,0.227,0.00971,7.91,5.0,16,5,100,1.0,1.5,0.0282,1.33,2.5,2.5,2.17,1.0,1.5,2.5,4.0,0.333,2.0,44.3,0.0,0.849,0.0,1.42
14.600000000000001,14.0,15.2,3.8000000000000007,5.800000000000001,1.8000000000000007,27.7,29.0,26.4,23.0,23.0,23.0,0.0101,0.0342,0.00744,0.00847,1.14,0.00844,0.00728,0.0358,0.0361,0.228,0.00963,7.81,5.0,18,6,100,0.9,1.8,0.0291,1.7,2.3,2.1,1.6,1.2,1.4,1.6,3.7,0.5,1.7,31.4,0.0,0.849,1.82,1.42
9.8,14.0,5.600000000000001,1.8000000000000007,5.800000000000001,-2.1999999999999993,25.3,24.8,25.8,25.1,19.2,31.0,0.011,0.0342,0.00793,0.00814,1.17,0.00917,0.00728,0.0355,0.036,0.228,0.0102,7.99,6.0,22,6,100,0.8,1.7,0.029,1.5,1.8,1.7,1.6,1.6,1.6,1.4,3.5,1.3,2.0,24.7,0.0,0.688,1.82,1.04
10.2,13.0,7.399999999999999,3.1000000000000014,7.0,-0.8000000000000007,24.0,22.0,26.0,26.9,25.6,28.2,0.0102,0.0342,0.00793,0.00854,1.19,0.00915,0.0077,0.0356,0.036,0.227,0.0097,8.09,6.0,23,6,100,1.0,1.3,0.0288,1.1,1.4,1.7,1.7,1.8,1.2,1.8,3.3,1.7,2.2,23.7,2.13,0.688,3.17,2.11
13.7,9.600000000000001,17.8,2.5,3.1999999999999993,1.8000000000000007,25.3,24.2,26.4,22.1,25.8,18.4,0.0115,0.0342,0.00788,0.00801,1.25,0.00915,0.00727,0.0357,0.0358,0.228,0.00985,8.03,6.0,25,6,100,1.7,2.2,0.0287,1.6,1.1,1.6,1.5,1.3,1.1,1.4,3.0,1.3,1.8,22.2,2.13,1.37,1.35,2.11
11.2,15.0,7.399999999999999,5.0,6.800000000000001,3.1999999999999993,24.5,22.4,26.6,27.4,27.4,27.4,0.0101,0.0341,0.00744,0.00847,1.28,0.00838,0.00716,0.0356,0.036,0.23,0.0132,8.18,6.0,22,6,100,1.8,2.2,0.0282,1.8,1.1,1.5,1.5,1.0,1.9,0.9,3.2,1.2,1.9,22.5,3.12,0.684,2.92,2.47
9.399999999999999,13.399999999999999,5.399999999999999,3.3000000000000007,6.399999999999999,0.1999999999999993,26.3,26.8,25.8,21.5,23.5,19.5,0.011,0.034,0.00733,0.00856,1.32,0.00905,0.00668,0.0355,0.0362,0.228,0.0133,8.23,6.0,24,6,100,1.3,2.2,0.0289,1.1,1.2,1.2,1.1,1.0,1.8,1.1,2.8,1.1,1.7,21.0,0.992,0.684,1.56,1.4
12.2,13.600000000000001,10.8,2.1000000000000014,5.199999999999999,-1.0,26.8,22.0,31.6,22.5,26.7,18.3,0.0102,0.0342,0.00764,0.00788,1.36,0.00835,0.00716,0.0355,0.0362,0.231,0.0132,8.08,6.0,20,6,100,1.3,2.4,0.0287,0.8,1.0,1.7,1.0,1.5,1.6,0.9,2.4,0.8,1.4,20.6,0.992,0.771,1.56,2.53
10.100000000000001,10.2,10.0,7.300000000000001,4.0,10.600000000000001,25.2,26.8,23.6,25.3,25.8,24.8,0.0111,0.034,0.00806,0.00803,1.4,0.00906,0.00732,0.0356,0.0359,0.228,0.013,8.05,6.0,16,6,100,1.2,1.4,0.0281,1.4,0.9,2.0,1.7,1.7,1.3,1.1,3.3,1.0,2.1,22.4,0.0,0.771,0.945,1.13
12.2,13.0,11.399999999999999,1.0,4.0,-2.0,25.2,20.6,29.8,27.3,25.2,29.4,0.0102,0.034,0.00764,0.00841,1.44,0.00837,0.00728,0.0356,0.0361,0.231,0.0133,8.07,6.0,21,6,100,1.3,1.1,0.0288,1.1,1.0,1.8,2.0,1.0,1.0,1.7,3.1,0.7,2.1,22.0,0.0,1.5,1.73,2.47
9.8,12.600000000000001,7.0,3.6999999999999993,0.3999999999999986,7.0,28.1,25.0,31.2,22.1,23.4,20.8,0.0111,0.0343,0.00798,0.00853,1.47,0.00837,0.00786,0.0358,0.0358,0.229,0.0135,8.03,6.0,21,6,100,1.4,1.3,0.0286,1.2,1.3,1.4,1.4,1.5,1.2,2.3,2.6,0.7,2.0,22.2,0.929,0.732,2.67,1.34
13.600000000000001,12.8,14.399999999999999,2.6000000000000014,4.199999999999999,1.0,22.1,23.6,20.6,22.6,19.0,26.2,0.0104,0.0343,0.00676,0.00715,1.54,0.00837,0.00725,0.0356,0.0357,0.229,0.0133,7.92,6.0,17,5,100,1.1,1.1,0.0276,1.6,1.3,1.2,1.1,1.8,1.3,1.7,2.6,0.9,1.7,21.4,0.929,1.65,1.73,1.34
9.5,11.2,7.800000000000001,2.8000000000000007,5.199999999999999,0.3999999999999986,27.9,22.2,33.6,26.5,30.6,22.4,0.0113,0.0343,0.00725,0.00811,1.57,0.00957,0.00782,0.0356,0.0358,0.23,0.0134,7.83,6.0,17,5,100,1.3,0.9,0.0283,1.6,1.3,1.6,1.3,2.0,1.4,0.9,2.6,0.8,1.4,21.6,1.72,0.919,1.78,1.15
10.899999999999999,8.8,13.0,0.10000000000000142,-0.8000000000000007,1.0,26.3,22.4,30.2,23.1,22.4,23.8,0.0104,0.034,0.00728,0.0085,1.62,0.00909,0.00725,0.0356,0.0356,0.229,0.0127,7.85,6.0,18,5,100,1.5,1.6,0.0279,1.6,1.1,1.6,1.0,1.4,1.4,1.2,2.5,0.7,1.9,21.4,0.791,0.919,0.84,1.15
10.2,7.800000000000001,12.600000000000001,6.199999999999999,10.0,2.3999999999999986,24.3,23.2,25.4,26.5,21.3,31.7,0.0113,0.0342,0.008,0.00792,1.65,0.00909,0.00725,0.0354,0.0355,0.231,0.0129,7.79,6.0,19,5,100,1.8,1.6,0.0275,1.4,1.6,1.1,0.8,1.1,1.3,1.5,3.1,0.7,2.1,21.4,0.791,0.0,1.78,2.32
12.100000000000001,15.600000000000001,8.600000000000001,1.3999999999999986,4.600000000000001,-1.8000000000000007,25.3,24.4,26.2,27.5,24.1,30.9,0.0113,0.0342,0.0083,0.00817,1.67,0.00835,0.00701,0.0356,0.0356,0.229,0.0128,7.73,6.0,15,5,100,1.6,1.4,0.0281,0.8,1.5,1.1,1.0,1.3,1.2,1.5,3.5,1.2,2.4,21.6,0.966,0.0,1.89,2.54
9.600000000000001,9.600000000000001,9.600000000000001,2.1000000000000014,-1.1999999999999993,5.399999999999999,24.6,28.4,20.8,21.9,24.8,19.0,0.0112,0.034,0.00793,0.00796,1.78,0.00906,0.00835,0.0355,0.0354,0.232,0.0131,7.66,6.0,14,5,100,0.9,1.8,0.0278,1.1,1.1,1.1,1.4,1.6,1.6,1.4,2.8,1.1,2.0,22.4,0.966,0.764,1.89,2.54
12.7,10.8,14.600000000000001,3.6999999999999993,5.199999999999999,2.1999999999999993,26.1,27.2,25.0,22.3,18.8,25.8,0.0112,0.034,0.00742,0.00828,1.86,0.00836,0.00774,0.0357,0.0354,0.23,0.0129,7.62,5.0,15,5,100,0.7,1.4,0.0278,1.4,1.5,0.8,1.8,1.6,1.6,1.6,2.3,0.6,1.3,21.3,0.966,0.764,2.52,1.37
9.600000000000001,6.399999999999999,12.8,2.6000000000000014,-1.5,6.699999999999999,26.4,29.8,23.0,25.4,20.4,30.4,0.0112,0.034,0.00801,0.00795,1.93,0.00917,0.0071,0.0355,0.0355,0.231,0.013,7.58,5.0,18,5,100,1.3,1.3,0.0272,1.5,1.4,1.0,1.7,1.3,1.4,1.3,2.4,0.7,1.4,20.0,0.0,1.53,1.56,0.0
11.2,12.8,9.600000000000001,0.8999999999999986,-0.3999999999999986,2.1999999999999993,25.5,26.4,24.6,25.2,33.8,16.6,0.0108,0.036,0.0072,0.0093,13.1,0.00949,0.00932,0.0365,0.0371,0.251,0.00984,4.95,4.0,14,5,25,1.0,2.0,0.0285,2.0,3.0,2.0,3.0,1.0,1.0,1.0,4.0,1.0,2.0,55.0,0.0,0.875,0.0,0.0
9.600000000000001,8.600000000000001,10.600000000000001,1.5,-1.1999999999999993,4.199999999999999,24.5,24.0,25.0,21.5,24.8,18.2,0.0118,0.0354,0.00832,0.00855,12.3,0.0102,0.00934,0.0367,0.0372,0.25,0.00996,5.09,4.0,12,5,25,0.143,0.286,0.0292,0.429,0.857,0.571,1.0,0.429,0.714,0.429,1.57,0.429,0.571,12.4,0.0,0.875,0.0,0.0
7.699999999999999,10.2,5.199999999999999,1.6000000000000014,-2.6000000000000014,5.800000000000001,21.5,21.4,21.6,22.1,24.6,19.6,0.0109,0.0355,0.00768,0.00906,11.4,0.00925,0.0093,0.0363,0.0372,0.249,0.0104,5.47,5.0,13,5,25,0.1,0.3,0.0284,0.5,0.3,0.3,0.5,0.5,0.5,0.2,0.9,0.2,0.2,5.3,0.817,0.000197,0.0,0.0
8.0,9.600000000000001,6.399999999999999,3.1000000000000014,1.6000000000000014,4.600000000000001,24.0,24.8,23.2,22.2,21.2,23.2,0.0109,0.0353,0.00827,0.00858,10.7,0.01,0.00991,0.0364,0.0371,0.247,0.0106,5.73,5.0,15,5,25,0.5,0.3,0.0286,0.4,0.1,0.9,0.3,0.4,0.1,0.5,1.2,0.4,0.2,6.5,0.817,0.000197,0.0,1.21
9.2,10.2,8.2,3.3000000000000007,3.8000000000000007,2.8000000000000007,22.2,23.4,21.0,22.4,18.8,26.0,0.00983,0.035,0.00787,0.00896,9.77,0.0103,0.00937,0.0366,0.0373,0.245,0.0105,5.95,5.0,18,5,25,0.4,0.0,0.0289,0.2,0.4,0.9,0.5,0.2,0.2,0.6,1.1,0.3,0.3,6.3,1.62,0.0,1.51,1.21
9.0,8.2,9.8,2.0,0.8000000000000007,3.1999999999999993,25.0,26.4,23.6,21.8,23.2,20.4,0.0119,0.0348,0.00824,0.0083,9.03,0.0103,0.00999,0.0366,0.0374,0.242,0.0106,6.04,5.0,18,5,25,0.3,0.1,0.0292,0.3,0.4,0.6,0.7,0.3,0.5,0.6,0.8,0.3,0.3,5.9,0.798,0.646,1.51,1.21
10.2,11.8,8.600000000000001,1.1999999999999993,-2.8000000000000007,5.199999999999999,23.9,23.0,24.8,23.1,22.2,24.0,0.011,0.0349,0.00774,0.0087,8.13,0.00882,0.00939,0.0362,0.0372,0.244,0.0104,6.22,5.0,16,5,25,0.2,0.1,0.0284,0.4,0.3,0.4,0.4,0.2,0.6,0.7,0.9,0.2,0.4,5.5,0.798,0.646,1.51,0.0
9.0,11.2,6.800000000000001,1.5,-1.6000000000000014,4.600000000000001,22.9,19.2,26.6,24.6,22.8,26.4,0.011,0.0345,0.00808,0.00825,7.39,0.00954,0.00939,0.0363,0.0372,0.242,0.0102,6.24,5.0,14,5,25,0.6,0.1,0.0289,0.3,0.5,0.2,0.2,0.2,0.5,0.2,0.8,0.0,0.8,5.4,0.0,0.646,0.0,1.02
7.800000000000001,4.800000000000001,10.8,0.6000000000000014,1.8000000000000007,-0.6000000000000014,21.6,21.8,21.4,21.8,19.8,23.8,0.0109,0.0344,0.00783,0.00811,6.44,0.00945,0.0101,0.0365,0.0374,0.238,0.0105,6.26,5.0,14,5,25,0.6,0.3,0.0282,0.6,0.5,0.3,0.1,0.4,0.3,0.0,0.5,0.0,0.5,5.3,0.0,0.0,0.0,1.02
10.7,12.600000000000001,8.8,4.699999999999999,7.199999999999999,2.1999999999999993,26.0,29.2,22.8,21.3,18.4,24.2,0.0119,0.0342,0.00844,0.00839,5.79,0.00945,0.00959,0.0361,0.0373,0.238,0.0107,6.23,5.0,11,5,25,0.5,0.5,0.0309,0.6,0.4,0.6,0.3,0.3,0.2,0.4,0.7,0.4,0.2,6.2,0.552,0.0,0.553,1.02
8.0,9.8,6.199999999999999,0.10000000000000142,3.6000000000000014,-3.3999999999999986,22.8,24.4,21.2,21.8,25.8,17.8,0.0109,0.0341,0.00783,0.0085,4.86,0.0087,0.00951,0.0363,0.0371,0.236,0.011,6.3,5.0,20,5,25,0.5,0.3,0.0308,0.4,0.5,0.8,0.3,0.2,0.4,0.5,1.0,0.4,0.4,6.5,0.552,0.53,0.553,0.0
8.899999999999999,7.0,10.8,2.8000000000000007,6.800000000000001,-1.1999999999999993,22.1,26.4,17.8,21.9,26.8,17.0,0.0119,0.0339,0.00807,0.00817,4.06,0.00851,0.01,0.0364,0.0372,0.238,0.00993,6.36,5.0,17,5,25,0.4,0.2,0.03,0.5,0.5,0.4,0.4,0.4,0.3,0.3,0.7,0.2,0.6,6.1,0.552,0.53,0.553,0.0
11.100000000000001,8.0,14.2,0.6999999999999993,2.1999999999999993,-0.8000000000000007,26.3,26.0,26.6,21.8,23.2,20.4,0.011,0.0338,0.00778,0.0085,3.31,0.00851,0.00948,0.0362,0.037,0.236,0.00988,6.44,5.0,17,5,25,0.4,0.4,0.0303,0.3,0.4,0.1,0.3,0.5,0.4,0.3,0.9,0.4,0.7,6.1,0.0,1.3,0.0,0.0
8.100000000000001,4.399999999999999,11.8,4.800000000000001,2.3999999999999986,7.199999999999999,23.1,24.4,21.8,25.9,27.4,24.4,0.0117,0.0339,0.00825,0.00858,2.54,0.00854,0.0107,0.0364,0.0373,0.237,0.00997,6.41,5.0,20,5,25,0.5,0.5,0.0307,0.5,0.1,0.1,0.2,0.4,0.4,0.4,1.0,0.3,0.6,5.8,0.0,0.766,1.02,0.0
8.8,8.600000000000001,9.0,0.8999999999999986,3.0,-1.1999999999999993,23.0,23.0,23.0,21.0,23.8,18.2,0.0117,0.0334,0.00793,0.00836,1.62,0.00852,0.0102,0.0364,0.0372,0.234,0.00965,6.44,5.0,18,5,25,0.5,0.3,0.0284,0.4,0.3,0.4,0.2,0.3,0.4,0.2,0.9,0.1,0.5,5.6,0.987,0.766,1.02,0.0
8.600000000000001,7.800000000000001,9.399999999999999,3.3999999999999986,2.0,4.800000000000001,23.3,23.2,23.4,21.1,24.0,18.2,0.0107,0.0335,0.0109,0.00778,0.807,0.00922,0.0111,0.0363,0.0372,0.231,0.0098,6.4,5.0,16,5,25,0.6,0.3,0.0287,0.1,0.4,0.6,0.2,0.3,0.6,0.1,0.7,0.0,0.6,5.5,0.987,0.0,1.02,0.0
12.899999999999999,14.0,11.8,1.1999999999999993,1.6000000000000014,0.8000000000000007,21.3,17.8,24.8,20.7,22.6,18.8,0.00979,0.0335,0.0106,0.00809,0.536,0.00846,0.00744,0.0365,0.0368,0.231,0.00963,6.56,5.0,18,6,25,0.7,0.2,0.0291,0.2,0.4,0.5,0.4,0.3,0.4,0.4,0.8,0.1,0.5,5.7,0.987,0.956,0.0,0.0
8.0,4.0,12.0,1.5,1.8000000000000007,1.1999999999999993,23.5,25.2,21.8,21.8,21.2,22.4,0.0213,0.0334,0.0109,0.00774,0.563,0.00914,0.0069,0.0364,0.0369,0.228,0.0104,6.66,5.0,18,6,25,0.6,0.2,0.0291,0.4,0.5,0.4,0.5,0.0,0.2,0.5,0.9,0.3,0.6,5.8,0.0,0.956,0.0,1.11
8.2,4.600000000000001,11.8,0.8999999999999986,4.199999999999999,-2.3999999999999986,22.2,21.0,23.4,23.2,25.2,21.2,0.0204,0.0335,0.0103,0.00796,0.588,0.00842,0.00772,0.0366,0.0366,0.232,0.0103,6.68,5.0,20,6,25,0.8,0.2,0.0293,0.3,0.4,0.3,0.4,0.3,0.4,0.1,0.8,0.2,0.6,6.1,0.0,0.956,0.0,1.11
7.800000000000001,6.800000000000001,8.8,1.6999999999999993,-3.3999999999999986,6.800000000000001,25.0,18.4,31.6,21.7,25.4,18.0,0.0204,0.0335,0.011,0.00739,0.608,0.00845,0.0078,0.0368,0.0367,0.227,0.0106,6.69,5.0,16,6,25,0.5,0.2,0.0294,0.2,0.4,0.4,0.2,0.6,0.4,0.2,0.6,0.2,0.5,5.5,0.0,0.0,0.0,1.11
14.3,16.0,12.600000000000001,0.8000000000000007,3.6000000000000014,-2.0,28.2,28.0,28.4,26.7,26.8,26.6,0.0206,0.0338,0.0116,0.0104,0.573,0.00958,0.00717,0.037,0.0367,0.228,0.00998,8.61,6.0,14,6,50,1.0,2.0,0.0295,0.5,1.5,1.5,3.5,2.5,3.5,2.0,5.0,1.0,3.0,57.0,0.817,0.0,1.06,1.42
10.3,10.8,9.8,1.8999999999999986,6.199999999999999,-2.3999999999999986,24.0,25.2,22.8,22.6,24.4,20.8,0.0215,0.0337,0.0121,0.01,0.607,0.00844,0.00781,0.037,0.0366,0.226,0.00965,8.05,6.0,14,5,50,0.714,1.14,0.0299,0.571,1.0,0.714,1.14,1.29,1.14,1.0,2.14,0.571,1.14,22.6,0.817,0.0,1.06,1.42
11.100000000000001,13.600000000000001,8.600000000000001,2.1999999999999993,2.1999999999999993,2.1999999999999993,22.3,18.8,25.8,22.3,19.0,25.6,0.0195,0.0338,0.0118,0.0105,0.648,0.00918,0.00719,0.037,0.0367,0.227,0.00998,7.64,6.0,15,5,50,0.6,0.8,0.0297,0.6,1.1,0.6,0.5,1.3,0.7,0.8,1.5,0.5,0.7,13.5,0.817,0.904,1.06,1.42
9.2,12.600000000000001,5.800000000000001,3.5,3.0,4.0,23.4,22.4,24.4,22.4,22.6,22.2,0.0204,0.034,0.0122,0.0101,0.673,0.00918,0.00781,0.037,0.0368,0.226,0.0102,7.4,5.0,15,5,50,0.5,0.8,0.0297,1.2,0.9,0.6,0.5,0.8,0.5,1.2,1.9,0.6,0.9,12.5,0.0,0.904,0.000202,0.000226
9.0,7.199999999999999,10.8,4.0,0.3999999999999986,7.600000000000001,25.3,23.0,27.6,22.2,22.7,21.7,0.0204,0.0342,0.012,0.01,0.688,0.00915,0.00781,0.0371,0.0365,0.228,0.01,7.43,5.0,15,5,50,0.6,0.8,0.029,1.4,0.5,0.5,0.6,0.3,0.6,1.2,1.7,0.5,0.9,11.2,0.0,0.904,0.659,0.0
13.600000000000001,11.399999999999999,15.8,1.6000000000000014,1.0,2.1999999999999993,22.7,22.4,23.0,24.6,20.5,28.7,0.0204,0.034,0.0122,0.0105,0.702,0.0084,0.00771,0.0371,0.0365,0.227,0.0102,7.38,5.0,17,5,50,0.9,0.5,0.0295,0.9,0.6,0.6,0.6,0.2,0.7,1.1,1.2,0.2,1.0,10.0,0.652,0.0,0.659,0.0
10.8,11.600000000000001,10.0,1.1000000000000014,3.0,-0.8000000000000007,26.1,21.2,31.0,22.2,25.0,19.4,0.0194,0.0343,0.0116,0.0101,0.746,0.00929,0.00708,0.0372,0.0362,0.226,0.0107,7.38,5.0,17,5,50,0.9,0.3,0.0272,0.5,0.8,0.4,0.4,0.5,0.9,0.9,1.0,0.3,1.3,10.3,0.652,0.0,1.21,0.0
10.2,7.399999999999999,13.0,3.1000000000000014,-2.3999999999999986,8.600000000000001,25.9,23.4,28.4,22.9,24.6,21.2,0.0202,0.0341,0.0123,0.01,0.774,0.00929,0.00828,0.0371,0.0365,0.227,0.0108,7.32,5.0,17,5,50,0.9,1.0,0.0279,1.0,1.2,0.5,0.3,0.7,0.7,0.3,1.4,0.6,1.2,12.1,0.652,0.794,1.58,0.0
10.600000000000001,13.600000000000001,7.600000000000001,1.3000000000000007,-4.0,6.600000000000001,23.8,24.8,22.8,22.0,19.9,24.1,0.0192,0.0345,0.0118,0.0105,0.779,0.00932,0.00778,0.0371,0.0363,0.228,0.0107,7.24,5.0,16,5,50,1.0,0.9,0.0278,1.1,1.2,0.7,0.4,0.6,0.6,0.4,1.9,0.8,1.1,13.1,0.0,0.794,1.58,0.0
9.600000000000001,9.0,10.2,3.6000000000000014,7.0,0.1999999999999993,22.8,26.0,19.6,24.7,25.7,23.7,0.0202,0.0345,0.0121,0.0101,0.826,0.00932,0.00836,0.0368,0.0363,0.227,0.011,7.21,5.0,17,5,50,0.8,0.4,0.0278,0.8,0.5,0.4,0.5,0.7,0.5,0.3,1.4,0.7,1.6,10.9,0.0,0.794,1.02,0.0
10.7,12.600000000000001,8.8,-0.1999999999999993,-2.0,1.6000000000000014,24.6,19.8,29.4,21.7,19.0,24.4,0.0194,0.0341,0.0117,0.0106,0.843,0.00861,0.00709,0.0367,0.0363,0.224,0.0108,7.25,5.0,19,6,50,0.6,0.7,0.0271,0.8,0.6,0.6,0.5,0.8,0.6,0.1,1.1,0.2,1.3,9.8,0.554,0.0,0.0,0.0
10.7,10.8,10.600000000000001,4.899999999999999,2.3999999999999986,7.399999999999999,24.2,27.8,20.6,21.7,22.4,21.0,0.0194,0.0341,0.0121,0.0126,0.871,0.0094,0.00709,0.0369,0.0366,0.227,0.011,7.23,5.0,17,6,50,0.6,0.9,0.0286,0.4,1.3,0.7,0.5,0.6,0.8,0.4,1.6,0.3,0.8,10.4,0.554,0.0,0.0,2.28
11.5,11.399999999999999,11.600000000000001,1.0,1.8000000000000007,0.1999999999999993,22.6,23.4,21.8,22.0,20.0,24.0,0.0194,0.0342,0.0094,0.013,0.902,0.00871,0.0071,0.0367,0.0363,0.226,0.0108,7.19,5.0,17,5,50,0.5,0.5,0.0284,0.6,1.8,0.5,0.6,0.5,1.0,0.7,2.2,0.2,0.7,11.4,1.36,0.573,1.55,2.28
11.5,11.0,12.0,3.3000000000000007,5.0,1.6000000000000014,26.5,25.2,27.8,25.8,25.8,25.8,0.024,0.0344,0.00963,0.0129,0.952,0.00942,0.00768,0.0367,0.0367,0.228,0.011,7.35,5.0,18,5,50,0.5,0.3,0.0279,0.8,1.1,0.4,0.7,0.6,0.9,0.9,2.2,0.6,1.0,12.0,0.802,0.573,1.55,3.61
14.2,17.8,10.600000000000001,1.5,2.1999999999999993,0.8000000000000007,21.5,18.0,25.0,22.9,25.0,20.8,0.0124,0.0346,0.00933,0.0134,0.993,0.00873,0.00768,0.0368,0.0368,0.227,0.0102,7.38,5.0,22,5,50,0.5,0.4,0.0285,0.6,1.0,0.4,0.8,0.7,0.5,0.7,1.5,0.8,1.1,10.7,0.802,1.55,1.55,1.33
9.2,9.8,8.600000000000001,2.8999999999999986,6.0,-0.1999999999999993,28.0,27.4,28.6,21.8,20.6,23.0,0.0133,0.0347,0.00989,0.0132,1.01,0.00954,0.00729,0.0365,0.037,0.23,0.0103,7.4,5.0,17,6,50,0.6,0.7,0.0279,0.4,0.9,0.6,1.0,0.3,0.8,0.6,1.2,0.5,1.3,10.9,0.0,0.981,1.01,1.33
11.0,11.2,10.8,3.6999999999999993,1.0,6.399999999999999,22.8,22.8,22.8,23.1,22.8,23.4,0.0133,0.0349,0.00921,0.0136,1.03,0.00954,0.00767,0.0362,0.0369,0.228,0.0101,7.44,5.0,19,6,50,0.4,0.8,0.0279,0.8,0.8,0.6,0.8,0.1,1.1,0.6,1.2,0.5,1.0,10.4,0.0,0.981,1.01,0.0
8.7,6.199999999999999,11.2,2.5,5.800000000000001,-0.8000000000000007,23.4,20.0,26.8,22.2,22.4,22.0,0.0132,0.0347,0.00906,0.0133,1.1,0.00882,0.0077,0.0363,0.0368,0.228,0.0102,7.38,5.0,21,5,50,0.5,0.7,0.0287,0.7,0.6,0.5,0.6,0.5,0.7,0.6,0.9,0.4,1.2,9.3,0.0,0.0,1.01,0.0
10.5,7.800000000000001,13.2,0.6999999999999993,-2.6000000000000014,4.0,23.8,23.4,24.2,26.8,25.8,27.8,0.0132,0.0348,0.00929,0.0135,1.14,0.00882,0.00713,0.0362,0.0369,0.23,0.01,7.43,5.0,21,5,50,0.6,0.9,0.0286,0.9,0.4,0.4,0.6,0.6,0.5,1.0,1.3,0.6,1.7,11.1,0.0,0.0,0.0,0.0
11.100000000000001,15.0,7.199999999999999,3.3999999999999986,2.6000000000000014,4.199999999999999,25.3,25.6,25.0,22.5,22.4,22.6,0.0123,0.0351,0.00958,0.0131,1.19,0.00963,0.00726,0.0362,0.0367,0.229,0.00967,7.5,5.0,24,6,50,0.6,0.7,0.0326,0.8,0.3,1.0,0.6,0.2,0.6,1.4,2.1,0.7,1.5,12.4,0.0,0.0,0.786,0.0
16.4,13.8,19.0,4.5,0.6000000000000014,8.399999999999999,26.9,26.0,27.8,26.7,30.2,23.2,0.0127,0.0345,0.00802,0.0109,1.12,0.00875,0.00727,0.0364,0.037,0.235,0.0109,8.53,5.0,19,5,100,0.0,0.0,0.0338,0.0,0.0,0.0,0.0,0.0,0.0,0.0,0.0,0.0,0.0,0.0,0.0,0.876,0.0,0.0
11.100000000000001,14.2,8.0,3.6999999999999993,4.0,3.3999999999999986,25.1,24.6,25.6,22.7,20.8,24.6,0.0137,0.0344,0.00834,0.0109,1.15,0.00874,0.00871,0.0361,0.0372,0.231,0.0111,8.19,5.0,19,5,100,2.33,1.5,0.034,1.67,1.83,1.67,2.17,2.5,1.83,1.67,3.33,1.33,2.17,46.7,0.0,0.877,0.0,1.35
9.8,6.800000000000001,12.8,0.6000000000000014,2.3999999999999986,-1.1999999999999993,26.4,24.8,28.0,23.3,21.2,25.4,0.0129,0.0345,0.00782,0.0107,1.19,0.00874,0.00816,0.0362,0.0377,0.233,0.0109,7.79,5.0,16,5,100,2.0,0.9,0.0343,1.7,2.2,1.5,1.2,1.9,1.8,1.2,2.6,1.0,1.9,32.0,0.0,0.877,0.0,1.35
12.399999999999999,9.0,15.8,5.199999999999999,8.0,2.3999999999999986,26.5,29.4,23.6,25.0,25.0,25.0,0.0129,0.0342,0.00848,0.0107,1.21,0.00856,0.00876,0.0361,0.0377,0.233,0.0104,7.65,5.0,17,5,100,1.5,1.2,0.034,1.6,2.0,1.1,0.9,1.5,1.4,0.9,2.4,1.1,2.0,21.5,0.0,0.669,0.0,2.4
10.100000000000001,10.2,10.0,1.1999999999999993,2.1999999999999993,0.1999999999999993,26.6,26.4,26.8,25.8,26.4,25.2,0.0129,0.0343,0.00771,0.0108,1.25,0.00856,0.00755,0.0363,0.0375,0.233,0.0103,7.38,5.0,17,5,100,1.3,1.8,0.0338,1.0,1.1,1.6,1.2,1.4,1.3,0.6,2.6,1.0,2.7,21.1,1.84,0.669,3.41,2.08
13.399999999999999,12.600000000000001,14.2,3.8000000000000007,4.399999999999999,3.1999999999999993,24.4,23.8,25.0,22.8,20.1,25.5,0.0138,0.0341,0.00771,0.0104,1.3,0.00846,0.00816,0.0361,0.0378,0.231,0.0104,7.51,5.0,15,6,100,1.4,1.4,0.0347,0.6,1.4,1.5,1.3,1.8,1.2,0.9,2.3,0.8,2.3,20.2,1.84,1.2,3.41,2.08
14.0,14.399999999999999,13.600000000000001,2.6999999999999993,6.800000000000001,-1.3999999999999986,27.0,24.4,29.6,25.6,25.3,25.9,0.0128,0.034,0.00801,0.0106,1.34,0.00846,0.00759,0.0362,0.0378,0.231,0.0102,7.66,5.0,25,6,100,1.4,2.1,0.0346,0.6,1.4,1.1,1.3,1.6,1.2,1.2,2.2,0.6,2.1,20.3,2.39,1.5,3.41,1.03
10.3,9.399999999999999,11.2,5.399999999999999,6.0,4.800000000000001,25.5,22.8,28.2,24.6,23.4,25.8,0.0137,0.0342,0.00851,0.0102,1.37,0.00922,0.00815,0.0363,0.0378,0.234,0.0103,7.6,5.0,24,5,100,1.4,2.4,0.0346,0.6,1.3,0.8,0.8,1.0,1.8,1.5,2.6,0.9,2.6,21.2,0.554,1.5,0.953,1.42
11.3,7.199999999999999,15.399999999999999,0.1999999999999993,-1.0,1.3999999999999986,24.4,26.0,22.8,23.0,24.4,21.6,0.0137,0.0342,0.00797,0.00806,1.4,0.00842,0.00861,0.0364,0.0375,0.233,0.0102,7.51,5.0,17,5,100,1.7,1.2,0.0338,1.3,1.5,0.8,0.8,1.2,1.5,1.7,2.7,0.9,2.1,20.8,1.37,0.965,2.55,1.42
8.7,9.2,8.2,3.5,5.0,2.0,25.6,30.6,20.6,25.6,20.0,31.2,0.0146,0.0341,0.00776,0.00775,1.44,0.00925,0.0078,0.0366,0.0378,0.233,0.0103,7.48,5.0,17,6,100,1.5,1.0,0.0337,2.1,1.7,1.1,1.0,1.3,1.5,1.2,2.9,1.1,1.8,22.1,0.818,0.0,2.55,2.54
14.5,18.0,11.0,3.0,3.1999999999999993,2.8000000000000007,27.0,26.4,27.6,27.0,28.8,25.2,0.00999,0.0343,0.00799,0.00796,1.44,0.00924,0.00722,0.0367,0.0376,0.231,0.0107,7.68,5.0,22,6,100,0.8,1.6,0.0338,1.6,2.1,0.6,1.1,1.3,1.8,1.3,3.4,1.6,1.7,22.7,1.7,0.769,1.6,1.12
11.2,15.0,7.399999999999999,2.8999999999999986,3.3999999999999986,2.3999999999999986,25.0,29.0,21.0,23.2,21.0,25.4,0.0133,0.0342,0.00846,0.00962,1.46,0.00924,0.00796,0.0366,0.0372,0.233,0.0109,7.72,6.0,24,7,100,1.3,1.7,0.0339,1.0,1.5,0.7,1.4,1.8,1.2,1.2,3.2,1.1,1.5,20.8,0.882,0.769,0.963,2.51
15.0,12.2,17.8,0.8999999999999986,3.6000000000000014,-1.8000000000000007,24.7,19.0,30.4,22.7,20.6,24.8,0.0124,0.034,0.0081,0.0095,1.52,0.00843,0.00809,0.0369,0.0374,0.23,0.0107,7.78,6.0,18,7,100,1.9,1.6,0.0345,1.0,1.2,1.2,1.5,1.6,1.0,1.4,2.6,0.8,1.7,20.8,0.882,1.68,1.76,1.39
10.600000000000001,8.399999999999999,12.8,5.600000000000001,8.8,2.3999999999999986,26.8,23.0,30.6,26.0,23.8,28.2,0.0134,0.0342,0.00861,0.00951,1.58,0.0085,0.00768,0.0368,0.0375,0.234,0.0109,7.82,6.0,18,7,100,2.1,1.1,0.0344,1.1,1.5,1.8,1.6,1.0,1.3,1.9,2.5,0.7,1.4,21.8,0.0,0.912,2.72,2.57
13.0,14.2,11.8,2.0,4.0,0.0,26.3,26.8,25.8,25.1,25.6,24.6,0.0125,0.0341,0.00883,0.00987,1.65,0.0085,0.00806,0.0369,0.0376,0.232,0.0108,7.89,6.0,21,7,100,1.7,0.8,0.0338,1.5,1.6,2.0,1.4,1.3,1.6,1.6,3.0,0.8,1.6,23.5,0.0,0.912,1.76,2.41
11.3,6.399999999999999,16.2,2.0,5.800000000000001,-1.8000000000000007,26.6,28.8,24.4,24.0,23.8,24.2,0.0138,0.034,0.0086,0.00965,1.67,0.00924,0.00809,0.0372,0.0375,0.232,0.0109,8.06,6.0,25,7,100,1.7,0.9,0.0345,1.6,1.2,1.0,0.9,1.4,2.2,1.6,2.9,1.0,2.2,23.4,0.0,0.0,2.59,2.41
12.899999999999999,13.2,12.600000000000001,3.3999999999999986,5.800000000000001,1.0,26.3,25.0,27.6,27.7,27.8,27.6,0.0138,0.0341,0.00821,0.00951,1.73,0.00844,0.00749,0.0372,0.0376,0.232,0.0113,8.08,6.0,24,7,100,1.2,0.8,0.0299,1.7,1.3,0.9,0.7,1.4,2.5,1.5,3.0,0.8,1.8,21.2,0.938,0.0,1.63,2.6
12.2,14.8,9.600000000000001,3.1000000000000014,0.3999999999999986,5.800000000000001,26.7,25.0,28.4,22.5,21.0,24.0,0.014,0.0343,0.00883,0.00951,1.82,0.00851,0.0076,0.0372,0.0377,0.23,0.0108,8.12,6.0,22,6,100,1.0,1.2,0.0301,1.7,2.1,1.3,0.8,1.4,1.3,1.4,3.1,1.0,1.7,21.5,1.75,0.798,1.63,1.38
14.3,15.2,13.399999999999999,2.8000000000000007,3.6000000000000014,2.0,28.2,30.2,26.2,24.4,28.8,20.0,0.0131,0.0343,0.00817,0.01,1.91,0.00851,0.00748,0.0372,0.0378,0.231,0.00997,8.21,6.0,25,7,100,1.3,1.6,0.031,1.2,2.3,1.2,1.1,1.8,1.3,1.5,3.5,1.6,1.6,23.9,1.75,1.74,1.99,1.38
12.3,14.8,9.8,5.100000000000001,2.3999999999999986,7.800000000000001,25.2,28.8,21.6,25.4,23.2,27.6,0.0131,0.0344,0.00849,0.00878,2.05,0.00929,0.00758,0.0371,0.0379,0.232,0.0101,8.33,6.0,27,7,100,1.4,1.4,0.0312,1.2,1.2,1.0,1.5,2.0,1.2,1.3,3.4,1.3,1.6,22.0,0.811,1.74,1.99,0.0
10.7,10.399999999999999,11.0,0.8999999999999986,-1.3999999999999986,3.1999999999999993,27.1,31.4,22.8,26.9,25.7,28.1,0.0107,0.0365,0.00794,0.009,14.0,0.0109,0.00711,0.0382,0.0371,0.25,0.00969,7.53,6.0,14,6,25,14.9,0.333,0.045,0.333,0.667,0.667,1.33,1.33,1.0,1.67,2.0,0.333,1.0,22.0,0.0,0.86,0.0,0.0
9.2,7.600000000000001,10.8,1.5,2.3999999999999986,0.6000000000000014,20.8,21.4,20.2,21.3,22.3,20.3,0.0115,0.0363,0.00843,0.00871,13.0,0.01,0.00718,0.0382,0.0367,0.248,0.0102,7.86,6.0,18,6,25,0.25,0.25,0.0298,0.25,0.25,0.25,1.0,0.875,0.375,0.75,1.0,0.125,0.375,10.8,0.0,0.858,0.0,1.22
7.899999999999999,7.800000000000001,8.0,1.1999999999999993,3.0,-0.6000000000000014,24.4,21.8,27.0,22.9,19.0,26.8,0.0106,0.036,0.00767,0.00897,12.2,0.0108,0.00706,0.038,0.037,0.246,0.00975,7.89,7.0,18,7,25,0.4,0.4,0.0301,0.1,0.4,0.1,0.6,0.7,0.1,0.2,0.3,0.1,0.5,5.0,0.0,0.000198,0.0,1.22
10.8,9.0,12.600000000000001,2.6999999999999993,0.0,5.399999999999999,21.7,17.0,26.4,20.8,17.8,23.8,0.0114,0.0358,0.00815,0.00805,11.4,0.00994,0.00758,0.0378,0.037,0.245,0.00919,8.07,7.0,16,7,25,0.3,0.4,0.0302,0.2,0.5,0.2,0.5,0.3,0.4,0.2,0.3,0.2,0.6,5.0,0.0,0.0,0.843,1.22
8.100000000000001,9.8,6.399999999999999,5.0,0.3999999999999986,9.600000000000001,23.5,25.6,21.4,22.1,19.6,24.6,0.0104,0.0357,0.00758,0.00841,10.6,0.0107,0.00744,0.038,0.037,0.245,0.00989,8.54,7.0,23,7,25,0.4,0.2,0.0303,0.4,0.2,0.5,0.5,0.3,0.2,0.4,0.6,0.1,0.4,5.2,0.0,0.634,0.843,0.0
9.399999999999999,12.399999999999999,6.399999999999999,0.8999999999999986,-2.1999999999999993,4.0,23.7,19.8,27.6,22.7,25.4,20.0,0.0113,0.0353,0.00813,0.00704,9.49,0.0107,0.00751,0.0381,0.0371,0.244,0.0101,8.57,7.0,23,8,25,0.6,0.2,0.0299,0.3,0.2,0.5,0.4,0.2,0.3,0.4,0.6,0.1,0.5,5.1,1.52,0.634,1.54,0.0
8.7,8.600000000000001,8.8,2.3000000000000007,-2.0,6.600000000000001,24.5,25.6,23.4,23.0,18.4,27.6,0.0105,0.0353,0.0078,0.00758,8.68,0.0107,0.00692,0.0378,0.0372,0.243,0.0105,8.77,7.0,22,8,25,0.5,0.1,0.0301,0.6,0.4,0.3,0.5,0.2,0.3,0.4,0.6,0.1,0.6,5.1,1.52,0.634,0.693,0.0
9.3,9.8,8.8,2.3999999999999986,6.800000000000001,-2.0,21.4,21.6,21.2,24.8,27.6,22.0,0.0105,0.035,0.007,0.00791,7.92,0.00846,0.00692,0.0379,0.0369,0.236,0.0105,8.69,7.0,19,7,25,0.2,0.2,0.0292,0.6,0.5,0.3,0.2,0.2,0.1,0.4,0.4,0.2,0.6,4.9,1.52,0.0,0.693,0.0
8.600000000000001,6.600000000000001,10.600000000000001,2.8999999999999986,1.8000000000000007,4.0,23.2,18.4,28.0,22.7,19.2,26.2,0.0104,0.0345,0.00658,0.00842,7.03,0.00846,0.00696,0.0379,0.0369,0.237,0.0104,8.77,7.0,17,7,25,0.3,0.6,0.03,0.4,0.3,0.5,0.4,0.2,0.0,0.2,1.0,0.4,0.3,5.8,0.0,0.538,0.0,0.0
10.0,14.399999999999999,5.600000000000001,2.0,2.1999999999999993,1.8000000000000007,26.0,28.2,23.8,21.4,24.4,18.4,0.0113,0.0344,0.00804,0.00845,6.17,0.00984,0.00748,0.038,0.0371,0.235,0.0107,9.1,7.0,26,8,25,0.5,0.8,0.0293,0.7,0.2,0.4,0.3,0.1,0.1,0.3,1.4,0.5,0.4,6.6,0.551,0.538,0.0,0.0
7.800000000000001,3.1999999999999993,12.399999999999999,1.3999999999999986,0.3999999999999986,2.3999999999999986,23.7,24.8,22.6,21.6,24.6,18.6,0.0103,0.0343,0.00804,0.00858,5.17,0.0097,0.00685,0.0377,0.0372,0.235,0.0106,9.13,7.0,26,7,25,0.8,0.6,0.0301,0.6,0.1,0.2,0.2,0.2,0.3,0.2,1.3,0.5,0.3,6.1,0.551,0.538,0.606,1.17
9.2,6.600000000000001,11.8,3.3000000000000007,5.600000000000001,1.0,21.9,20.6,23.2,21.3,23.8,18.8,0.0111,0.034,0.0075,0.00797,4.35,0.0097,0.00741,0.0378,0.0369,0.234,0.0108,9.31,7.0,24,7,25,0.6,0.3,0.0298,0.6,0.1,0.3,0.1,0.4,0.3,0.4,0.9,0.3,0.1,4.9,0.551,0.0,0.606,1.17
10.3,14.0,6.600000000000001,5.199999999999999,2.8000000000000007,7.600000000000001,25.1,24.8,25.4,21.9,22.0,21.8,0.0101,0.0338,0.00771,0.00839,3.62,0.00872,0.0073,0.0376,0.0369,0.232,0.0106,9.29,7.0,24,7,25,0.1,0.2,0.029,1.0,0.3,0.2,0.2,0.5,0.4,0.7,0.5,0.1,0.4,4.8,0.0,0.0,0.606,1.17
8.8,11.2,6.399999999999999,2.6999999999999993,0.3999999999999986,5.0,22.9,18.4,27.4,21.9,20.4,23.4,0.011,0.0338,0.00818,0.00778,2.56,0.00943,0.00682,0.0375,0.0369,0.23,0.0107,9.36,7.0,26,7,25,0.2,0.1,0.0298,0.6,0.4,0.1,0.3,0.7,0.5,0.6,0.6,0.1,0.6,5.0,0.962,0.767,0.789,0.0
8.7,7.399999999999999,10.0,1.3000000000000007,4.0,-1.3999999999999986,22.5,24.0,21.0,22.3,20.4,24.2,0.011,0.0335,0.00818,0.00825,1.71,0.00838,0.00679,0.0372,0.0368,0.228,0.01,9.38,7.0,26,7,25,0.3,0.0,0.0296,0.6,0.3,0.0,0.1,0.9,0.4,0.3,0.8,0.3,0.6,5.1,0.962,0.767,0.789,0.0
8.399999999999999,8.399999999999999,8.399999999999999,1.6999999999999993,7.399999999999999,-4.0,23.2,23.0,23.4,22.6,24.4,20.8,0.01,0.0333,0.00757,0.00801,1.1,0.00911,0.00738,0.0371,0.0366,0.226,0.0102,9.41,7.0,20,7,25,0.2,0.1,0.0294,0.7,0.2,0.1,0.2,0.3,0.4,0.3,0.5,0.2,0.5,4.5,0.962,0.767,0.789,1.11
11.8,13.600000000000001,10.0,1.8000000000000007,-1.1999999999999993,4.800000000000001,21.9,23.6,20.2,25.4,28.0,22.8,0.0114,0.0332,0.00764,0.00839,0.515,0.00834,0.00669,0.037,0.0365,0.222,0.0105,9.46,7.0,21,8,25,0.2,0.1,0.0286,0.6,0.2,0.2,0.4,0.4,0.3,0.4,0.7,0.4,0.7,5.4,0.0,0.0,0.0,1.11
9.100000000000001,6.0,12.2,1.6000000000000014,1.8000000000000007,1.3999999999999986,26.5,28.6,24.4,23.0,27.6,18.4,0.0108,0.0334,0.00802,0.008,0.538,0.00906,0.00782,0.037,0.0365,0.226,0.0101,9.51,7.0,22,8,25,0.4,0.6,0.0294,0.4,0.5,0.4,0.3,0.4,0.4,0.3,0.8,0.3,0.4,5.9,0.0,0.941,0.928,1.11
8.899999999999999,6.600000000000001,11.2,1.5,2.0,1.0,23.9,20.0,27.8,22.6,19.0,26.2,0.0101,0.0333,0.0077,0.00788,0.571,0.00906,0.0073,0.0367,0.0363,0.225,0.00989,9.48,7.0,21,8,25,0.2,0.8,0.0294,0.7,0.8,0.3,0.2,0.1,0.4,0.3,0.6,0.0,0.2,5.3,0.0,0.941,0.928,0.0
9.0,7.199999999999999,10.8,4.800000000000001,4.600000000000001,5.0,22.6,21.0,24.2,20.8,17.0,24.6,0.0108,0.0333,0.00808,0.0079,0.598,0.00835,0.00791,0.0369,0.0364,0.225,0.00999,9.47,7.0,19,7,25,0.5,0.4,0.0289,0.6,1.0,0.0,0.2,0.2,0.1,0.6,0.4,0.0,0.3,5.3,0.0,0.941,0.929,0.0
13.3,17.2,9.399999999999999,1.8000000000000007,2.6000000000000014,1.0,27.7,30.2,25.2,28.0,28.6,27.4,0.01,0.0333,0.00779,0.00814,0.581,0.00835,0.00731,0.0369,0.0364,0.225,0.0108,12.4,9.0,24,8,50,2.5,1.0,0.0288,1.5,1.0,3.5,2.5,2.5,2.0,2.5,3.5,1.5,0.5,55.5,1.61,0.0,0.0,0.0
9.5,8.8,10.2,0.6999999999999993,-5.0,6.399999999999999,24.1,22.6,25.6,21.7,19.6,23.8,0.0109,0.0333,0.00843,0.00778,0.601,0.00843,0.00697,0.037,0.0362,0.223,0.0105,11.4,8.0,23,7,50,1.57,0.714,0.0282,0.571,1.0,1.57,1.14,1.71,1.0,0.857,2.0,0.429,0.714,22.6,1.61,0.0,0.0,0.0
9.100000000000001,10.8,7.399999999999999,0.6000000000000014,-1.1999999999999993,2.3999999999999986,23.4,26.6,20.2,22.2,20.8,23.6,0.00998,0.0331,0.00798,0.00765,0.612,0.00843,0.0069,0.0368,0.036,0.222,0.0103,11.0,8.0,19,7,50,1.2,0.6,0.0287,0.7,0.7,1.0,0.5,0.9,0.5,0.6,1.4,0.3,0.8,10.8,0.849,0.0,0.0,0.0
9.899999999999999,9.8,10.0,1.6000000000000014,0.8000000000000007,2.3999999999999986,22.7,22.6,22.8,21.5,19.4,23.6,0.0109,0.0332,0.00845,0.00749,0.649,0.00911,0.00746,0.0369,0.0359,0.223,0.00977,10.7,7.0,22,7,50,1.0,0.7,0.0283,0.9,0.4,0.7,0.5,0.3,0.6,0.9,1.2,0.3,1.1,10.9,0.00019,0.893,0.0,0.0
7.600000000000001,6.600000000000001,8.600000000000001,1.8000000000000007,2.6000000000000014,1.0,27.7,27.0,28.4,22.2,22.8,21.6,0.0109,0.0332,0.00802,0.00675,0.663,0.00911,0.00746,0.037,0.036,0.227,0.00979,10.4,7.0,22,7,50,0.6,0.4,0.0283,0.7,0.5,0.7,1.1,0.3,0.5,0.7,1.6,0.4,0.9,10.2,0.634,0.893,1.78,1.44
12.5,11.2,13.8,2.3999999999999986,0.3999999999999986,4.399999999999999,21.4,23.2,19.6,25.1,29.8,20.4,0.0131,0.0334,0.00873,0.0065,0.676,0.00993,0.00736,0.037,0.036,0.228,0.00994,10.4,7.0,22,7,50,0.5,0.3,0.0277,0.8,0.6,0.8,1.2,0.7,0.4,0.6,1.5,0.6,0.8,10.2,0.634,1.64,1.78,2.68
7.899999999999999,8.0,7.800000000000001,0.10000000000000142,-1.6000000000000014,1.8000000000000007,25.1,29.6,20.6,22.7,27.2,18.2,0.0121,0.0333,0.00728,0.00778,0.718,0.00855,0.00731,0.0368,0.0357,0.226,0.00981,10.2,7.0,26,7,50,0.6,0.5,0.0283,0.6,0.9,0.9,0.8,0.5,0.7,0.8,1.2,0.3,1.0,10.4,0.634,0.745,1.78,2.68
9.899999999999999,8.600000000000001,11.2,1.6000000000000014,4.600000000000001,-1.3999999999999986,22.3,20.4,24.2,20.8,21.6,20.0,0.013,0.0335,0.00882,0.00723,0.742,0.0085,0.00735,0.0367,0.0355,0.224,0.00995,10.5,7.0,26,7,50,0.8,0.4,0.0273,0.5,0.9,1.1,0.9,0.4,0.6,0.5,1.4,0.1,0.7,10.0,0.0,0.745,0.559,1.24
8.5,4.800000000000001,12.2,2.6000000000000014,4.800000000000001,0.3999999999999986,26.2,26.8,25.6,22.8,20.0,25.6,0.0121,0.0334,0.00882,0.00785,0.761,0.00921,0.00679,0.0367,0.0356,0.227,0.00981,10.4,7.0,26,7,50,0.6,0.3,0.0279,0.7,0.6,0.5,0.7,0.6,0.6,0.3,1.5,0.1,1.0,9.3,0.0,0.0,0.559,0.0
10.3,8.8,11.8,0.1999999999999993,1.8000000000000007,-1.3999999999999986,23.2,27.6,18.8,25.6,27.4,23.8,0.013,0.0335,0.00856,0.00737,0.803,0.00921,0.00689,0.0366,0.0355,0.223,0.0109,10.5,7.0,31,7,50,0.2,0.6,0.0277,0.5,0.7,0.4,0.6,0.9,0.9,0.7,1.5,0.3,0.9,9.7,0.537,0.0,1.52,1.12
11.899999999999999,14.600000000000001,9.2,1.6000000000000014,0.1999999999999993,3.0,23.4,23.4,23.4,23.8,21.6,26.0,0.0121,0.0335,0.00816,0.00772,0.825,0.00926,0.00686,0.0367,0.0351,0.226,0.0104,10.5,7.0,30,7,50,0.5,0.8,0.0267,0.4,0.8,0.8,0.6,1.2,1.3,0.8,1.4,0.4,0.5,11.4,0.537,0.571,0.964,1.12
10.0,13.600000000000001,6.399999999999999,3.6000000000000014,0.8000000000000007,6.399999999999999,26.7,28.2,25.2,21.5,25.0,18.0,0.013,0.0336,0.00868,0.00724,0.851,0.00926,0.00807,0.0369,0.0352,0.226,0.0105,10.4,7.0,28,8,50,0.5,0.6,0.0275,0.3,0.8,0.8,0.7,0.7,1.6,1.0,0.9,0.3,0.6,11.5,0.537,0.571,0.964,1.12
10.2,11.0,9.399999999999999,0.3000000000000007,-1.3999999999999986,2.0,24.9,25.0,24.8,22.8,25.0,20.6,0.013,0.0336,0.00879,0.00701,0.885,0.00853,0.00748,0.0369,0.0354,0.227,0.0103,10.4,7.0,28,8,50,0.6,0.6,0.0275,0.5,0.6,0.5,1.1,0.4,1.3,0.9,0.6,0.1,1.3,10.7,0.0,0.571,0.0,0.0
13.399999999999999,12.2,14.600000000000001,2.3000000000000007,-1.0,5.600000000000001,22.9,21.0,24.8,24.9,30.6,19.2,0.0129,0.0335,0.00871,0.0072,0.918,0.00929,0.00803,0.0369,0.0351,0.228,0.0105,10.4,7.0,26,8,50,0.8,0.5,0.0273,1.0,0.7,0.6,0.7,0.5,0.7,0.6,0.9,0.3,1.4,10.5,0.759,0.0,0.755,1.16
9.7,11.8,7.600000000000001,0.3000000000000007,1.6000000000000014,-1.0,25.8,22.2,29.4,22.6,20.2,25.0,0.0121,0.0335,0.00854,0.0074,0.935,0.00857,0.0075,0.0368,0.0351,0.226,0.0104,10.4,7.0,26,7,50,0.9,0.8,0.027,1.2,0.8,0.8,0.4,0.8,0.6,0.9,1.3,0.5,0.5,12.0,0.759,0.0,1.55,1.16
9.5,7.800000000000001,11.2,1.0,2.8000000000000007,-0.8000000000000007,22.5,26.6,18.4,21.3,17.4,25.2,0.0129,0.0334,0.00867,0.00752,0.956,0.00863,0.00756,0.0369,0.0354,0.228,0.0105,10.3,7.0,26,7,50,0.4,0.8,0.027,1.0,0.7,1.1,0.6,0.7,0.6,0.9,1.4,0.5,0.6,11.8,0.759,1.03,1.55,1.16
9.5,11.600000000000001,7.399999999999999,3.8999999999999986,3.6000000000000014,4.199999999999999,26.0,28.4,23.6,26.2,29.0,23.4,0.0121,0.0336,0.00819,0.00705,0.968,0.00986,0.00695,0.0368,0.0352,0.228,0.0104,10.4,7.0,25,8,50,0.5,0.6,0.0269,0.5,0.7,0.8,0.6,0.9,0.5,0.9,1.3,0.2,1.1,10.4,0.0,1.03,1.73,1.32
11.0,12.8,9.2,1.8999999999999986,5.399999999999999,-1.6000000000000014,23.1,26.6,19.6,22.0,27.0,17.0,0.0129,0.0336,0.00874,0.00755,1.03,0.00986,0.00701,0.0368,0.0351,0.228,0.00956,10.5,7.0,29,9,50,0.7,0.7,0.0268,0.3,0.7,0.7,0.8,0.8,0.3,0.8,1.1,0.2,1.5,10.7,0.843,1.03,0.929,1.32
10.600000000000001,9.2,12.0,-0.6000000000000014,1.6000000000000014,-2.8000000000000007,23.6,19.8,27.4,21.8,22.6,21.0,0.012,0.0336,0.00812,0.00781,1.08,0.00935,0.00741,0.0367,0.0352,0.231,0.00985,10.4,7.0,26,8,50,0.6,0.7,0.0266,1.0,1.1,0.6,1.0,0.4,0.2,0.6,0.6,0.2,0.9,10.1,0.843,0.0,0.929,1.32
11.3,12.0,10.600000000000001,1.6999999999999993,2.3999999999999986,1.0,22.4,21.4,23.4,21.5,23.8,19.2,0.013,0.0338,0.008,0.00798,1.13,0.00935,0.00745,0.0365,0.0354,0.229,0.0099,10.5,7.0,25,8,50,0.4,0.5,0.0265,1.1,1.2,0.5,0.7,0.6,0.8,0.9,1.0,0.4,0.7,10.8,0.843,0.763,0.0,0.0
17.8,17.8,17.8,4.600000000000001,4.399999999999999,4.800000000000001,28.9,29.4,28.4,27.1,28.0,26.2,0.0121,0.034,0.00791,0.00821,1.08,0.00868,0.00651,0.0366,0.0354,0.231,0.0106,12.5,7.0,27,7,100,0.0,3.0,0.0255,1.0,2.0,1.0,1.0,1.0,1.0,1.0,0.0,0.0,2.0,37.0,0.0,0.974,0.0,0.0
11.899999999999999,14.8,9.0,1.0,2.3999999999999986,-0.3999999999999986,23.9,20.6,27.2,23.4,19.6,27.2,0.0129,0.0341,0.00847,0.00805,1.11,0.00941,0.00695,0.0365,0.0353,0.23,0.0106,11.7,7.0,25,7,100,1.2,2.2,0.0261,1.2,2.0,1.6,2.4,1.6,2.0,1.6,2.6,0.4,3.2,48.2,0.0,0.974,0.0,0.0
11.2,11.600000000000001,10.8,-0.1999999999999993,-2.0,1.6000000000000014,27.8,25.0,30.6,22.5,23.2,21.8,0.00998,0.0339,0.00788,0.00815,1.16,0.00858,0.00691,0.0365,0.0355,0.229,0.0104,11.4,7.0,27,7,100,0.8,1.5,0.0261,1.1,1.9,1.7,2.2,1.6,1.4,1.5,3.2,0.7,2.3,32.2,0.0,0.974,0.0,0.0
13.899999999999999,11.399999999999999,16.4,3.3000000000000007,2.3999999999999986,4.199999999999999,23.2,21.8,24.6,25.0,26.0,24.0,0.00998,0.0339,0.00847,0.00929,1.2,0.00934,0.00651,0.0365,0.0354,0.231,0.0105,11.1,7.0,27,7,100,0.6,1.2,0.0252,1.1,1.9,1.5,1.5,1.7,1.1,1.4,3.1,1.1,1.7,21.8,0.0,0.79,2.31,2.41
12.0,14.2,9.8,1.8999999999999986,2.0,1.8000000000000007,25.3,26.0,24.6,23.9,24.2,23.6,0.01,0.034,0.0071,0.00954,1.26,0.00864,0.00647,0.0365,0.0357,0.23,0.0104,10.9,7.0,27,7,100,1.0,1.0,0.0258,1.1,1.5,1.4,1.0,1.8,0.9,1.8,2.6,1.3,2.3,22.5,1.69,0.79,3.21,3.35
12.7,13.600000000000001,11.8,4.5,2.6000000000000014,6.399999999999999,26.8,21.8,31.8,25.4,29.0,21.8,0.01,0.0342,0.0084,0.00904,1.32,0.00873,0.00787,0.0366,0.0357,0.23,0.0105,10.8,7.0,27,7,100,1.4,1.0,0.0253,0.9,1.5,1.2,1.2,1.8,0.6,1.5,2.5,1.0,2.5,22.3,1.69,0.79,3.21,3.35
12.8,14.600000000000001,11.0,1.1000000000000014,0.3999999999999986,1.8000000000000007,25.1,23.4,26.8,26.2,24.4,28.0,0.0101,0.0343,0.00799,0.00949,1.38,0.00873,0.00731,0.0366,0.0358,0.231,0.00946,10.5,7.0,23,7,100,1.2,1.3,0.0255,1.5,1.4,1.2,1.3,1.5,1.4,1.1,3.3,1.0,2.4,23.3,2.24,0.0,1.67,0.944
11.600000000000001,11.2,12.0,3.5,2.0,5.0,27.5,29.8,25.2,22.0,21.0,23.0,0.011,0.0342,0.00846,0.00919,1.42,0.00884,0.00788,0.0364,0.0358,0.233,0.00991,10.3,7.0,20,7,100,1.2,1.6,0.0263,1.5,1.4,1.3,1.2,1.6,2.0,1.3,4.1,1.9,2.9,25.5,0.553,0.0,1.72,1.16
12.100000000000001,12.600000000000001,11.600000000000001,1.0,4.0,-2.0,23.3,27.6,19.0,27.5,25.6,29.4,0.0101,0.0341,0.00794,0.00961,1.5,0.00884,0.00666,0.0363,0.0357,0.234,0.0098,10.2,7.0,23,7,100,1.2,1.7,0.0254,1.2,1.1,1.2,1.5,1.9,1.7,1.2,3.7,1.5,2.6,24.1,1.31,1.17,1.72,2.3
13.3,8.2,18.4,4.0,5.199999999999999,2.8000000000000007,26.0,31.0,21.0,25.7,25.0,26.4,0.0115,0.0343,0.00783,0.00986,1.53,0.0096,0.00716,0.0364,0.0355,0.23,0.00946,9.98,7.0,22,7,100,0.7,1.3,0.0255,1.4,1.2,1.2,1.6,2.0,1.0,1.7,3.6,0.7,2.3,22.1,0.76,1.44,0.961,2.3
11.100000000000001,14.600000000000001,7.600000000000001,0.3999999999999986,-3.1999999999999993,4.0,28.2,26.4,30.0,23.8,22.0,25.6,0.0102,0.0344,0.00771,0.00979,1.55,0.00958,0.00661,0.0364,0.0356,0.231,0.00983,10.0,7.0,23,7,100,1.3,1.0,0.0261,1.2,1.6,1.1,1.4,2.0,0.8,1.6,3.3,0.7,1.9,20.7,1.49,1.44,1.74,2.59
14.600000000000001,16.8,12.399999999999999,2.1999999999999993,-0.3999999999999986,4.800000000000001,24.3,22.4,26.2,23.0,19.4,26.6,0.011,0.0344,0.00802,0.00961,1.6,0.00958,0.00655,0.0364,0.0355,0.233,0.00952,9.97,7.0,25,7,100,2.2,1.0,0.0256,0.6,1.2,0.9,1.5,1.6,1.4,1.2,2.5,0.9,1.3,19.8,0.726,1.19,1.74,1.45
12.3,14.0,10.600000000000001,3.1999999999999993,5.600000000000001,0.8000000000000007,25.5,24.6,26.4,26.0,22.6,29.4,0.0102,0.0343,0.00784,0.00949,1.65,0.00879,0.00649,0.0364,0.0355,0.232,0.00985,9.96,7.0,26,7,100,2.2,0.9,0.0263,1.0,1.3,1.1,1.7,1.0,1.3,1.2,3.1,1.2,1.2,21.3,1.49,0.93,2.54,2.61
11.899999999999999,11.0,12.8,1.8999999999999986,-0.3999999999999986,4.199999999999999,27.1,28.2,26.0,21.9,24.2,19.6,0.0111,0.0342,0.00826,0.0101,1.73,0.00872,0.00701,0.0364,0.0355,0.233,0.00997,10.0,7.0,27,8,100,1.6,1.4,0.0261,1.6,1.4,1.5,1.9,0.8,1.5,1.6,3.6,1.4,1.4,23.7,0.759,0.93,1.77,2.32
10.5,15.399999999999999,5.600000000000001,4.199999999999999,3.3999999999999986,5.0,24.3,23.0,25.6,25.8,20.5,31.1,0.0103,0.0345,0.0075,0.0101,1.75,0.00872,0.00647,0.0366,0.0356,0.234,0.0103,9.99,7.0,25,8,100,1.2,1.7,0.0262,1.0,1.1,1.7,1.5,1.4,1.4,1.5,2.7,0.8,1.4,22.2,1.65,0.0,1.77,2.32
14.3,15.8,12.8,1.1999999999999993,5.199999999999999,-2.8000000000000007,26.5,25.4,27.6,25.7,25.5,25.9,0.0136,0.0344,0.0107,0.00958,1.81,0.00876,0.00675,0.0364,0.0353,0.232,0.0105,9.96,7.0,22,7,100,1.3,1.4,0.0261,0.6,1.2,1.5,1.0,1.5,1.2,1.2,1.8,0.3,1.6,19.2,0.891,0.811,1.76,2.51
9.8,6.399999999999999,13.2,1.6999999999999993,5.600000000000001,-2.1999999999999993,25.9,26.6,25.2,23.4,20.2,26.6,0.0126,0.0343,0.0108,0.00987,1.84,0.00946,0.00671,0.0365,0.0354,0.233,0.0104,9.9,7.0,22,7,100,1.3,1.2,0.0269,0.8,1.8,1.1,1.1,1.9,1.5,2.2,2.9,0.4,1.9,21.3,0.891,0.811,1.56,1.35
15.5,14.399999999999999,16.6,5.5,3.3999999999999986,7.600000000000001,26.6,27.4,25.8,21.8,22.4,21.2,0.0134,0.0344,0.0109,0.00954,1.95,0.00946,0.00684,0.0365,0.0357,0.232,0.0106,9.91,7.0,26,7,100,0.9,1.3,0.0263,1.1,1.8,1.0,1.3,1.8,1.2,2.4,3.1,0.6,2.1,21.2,0.0,1.81,2.46,1.35
11.100000000000001,9.2,13.0,0.3000000000000007,-3.6000000000000014,4.199999999999999,24.5,22.6,26.4,26.2,27.7,24.7,0.0125,0.0342,0.0102,0.01,2.03,0.00869,0.00681,0.0365,0.0356,0.232,0.0104,9.88,7.0,27,7,100,1.4,1.1,0.0273,1.0,1.4,1.1,1.3,0.9,1.1,1.2,2.8,0.9,2.4,20.3,0.0,0.997,1.68,0.0
12.100000000000001,12.2,12.0,0.8000000000000007,1.6000000000000014,0.0,26.1,32.0,20.2,21.8,17.7,25.9,0.0133,0.0342,0.0108,0.00941,2.13,0.00996,0.00735,0.0366,0.0353,0.231,0.0105,9.92,7.0,26,7,100,1.8,1.0,0.0272,1.2,1.4,1.0,1.4,1.6,0.9,1.0,3.1,0.8,2.3,22.0,0.954,0.998,1.79,2.35
13.600000000000001,13.399999999999999,13.8,0.8999999999999986,-2.1999999999999993,4.0,25.8,20.8,30.8,25.3,19.8,30.8,0.0133,0.0366,0.0106,0.00863,13.6,0.0107,0.00715,0.0377,0.0357,0.251,0.0108,7.67,6.0,26,7,25,0.333,0.333,0.0401,0.667,1.0,1.0,0.667,2.0,0.667,0.333,1.33,0.333,0.333,18.7,0.0,0.886,0.0,0.0
8.8,11.2,6.399999999999999,3.1000000000000014,3.3999999999999986,2.8000000000000007,24.1,23.0,25.2,21.3,20.4,22.2,0.0141,0.0366,0.0104,0.00875,12.7,0.0105,0.00724,0.0374,0.0358,0.252,0.0109,7.92,7.0,26,7,25,0.375,0.25,0.0404,0.875,0.625,0.625,0.25,0.875,0.5,0.125,0.875,0.25,0.25,10.1,0.0,0.886,0.0,0.0
8.899999999999999,8.600000000000001,9.2,-0.1999999999999993,1.8000000000000007,-2.1999999999999993,22.0,20.2,23.8,22.5,21.6,23.4,0.0132,0.0364,0.0105,0.00862,11.8,0.0105,0.00767,0.0373,0.0357,0.249,0.0108,8.63,7.0,34,7,25,0.4,0.1,0.0397,0.5,0.3,0.3,0.2,0.2,0.4,0.1,0.5,0.2,0.1,4.2,0.813,0.000213,0.0,1.22
9.2,10.600000000000001,7.800000000000001,0.6000000000000014,4.600000000000001,-3.3999999999999986,23.8,26.2,21.4,21.9,23.8,20.0,0.0141,0.0361,0.0106,0.00826,11.1,0.0111,0.0077,0.0372,0.0361,0.247,0.0099,8.97,7.0,26,7,25,0.3,0.1,0.0403,0.3,0.1,0.5,0.4,0.4,0.6,0.4,0.6,0.1,0.1,4.8,0.813,0.0,0.0,1.22
9.600000000000001,7.600000000000001,11.600000000000001,4.399999999999999,5.0,3.8000000000000007,21.2,19.0,23.4,22.1,20.0,24.2,0.0132,0.0357,0.0101,0.0111,10.1,0.0111,0.00788,0.0364,0.0359,0.247,0.00977,8.89,7.0,24,7,25,0.5,0.3,0.0408,0.4,0.0,0.6,0.2,0.2,0.6,0.4,0.6,0.2,0.6,5.4,1.55,0.0,0.0,1.22
9.7,11.0,8.399999999999999,0.1999999999999993,0.3999999999999986,0.0,25.6,27.0,24.2,21.5,23.8,19.2,0.017,0.0357,0.0104,0.0108,9.29,0.0118,0.00799,0.0364,0.0362,0.241,0.00995,8.88,7.0,23,7,25,0.6,0.4,0.0402,0.1,0.3,0.6,0.0,0.1,0.6,0.4,0.8,0.2,0.5,5.3,0.736,0.655,1.5,0.0
9.8,11.0,8.600000000000001,1.3999999999999986,4.199999999999999,-1.3999999999999986,22.6,25.4,19.8,23.4,25.8,21.0,0.017,0.0358,0.0101,0.0106,8.39,0.0092,0.00788,0.0366,0.0357,0.239,0.00983,8.7,7.0,19,7,25,0.2,0.5,0.041,0.2,0.5,0.3,0.3,0.1,0.7,0.5,0.7,0.3,0.0,5.5,0.736,0.655,1.5,0.0
9.899999999999999,13.600000000000001,6.199999999999999,0.8000000000000007,0.8000000000000007,0.8000000000000007,23.2,22.0,24.4,25.0,23.6,26.4,0.0169,0.0354,0.0112,0.0112,7.7,0.00994,0.008,0.0364,0.036,0.239,0.00991,8.92,7.0,29,7,25,0.0,0.5,0.0401,0.3,0.6,0.2,0.5,0.2,0.5,0.4,0.6,0.4,0.3,5.8,0.0,0.655,1.5,1.24
10.3,12.8,7.800000000000001,1.5,4.399999999999999,-1.3999999999999986,21.7,21.6,21.8,23.1,25.0,21.2,0.0158,0.0354,0.0108,0.0111,6.9,0.0091,0.00787,0.0364,0.0359,0.237,0.00981,8.93,7.0,29,7,25,0.1,0.3,0.0406,0.1,0.6,0.1,0.3,0.4,0.3,0.4,0.5,0.2,0.6,5.0,0.0,0.0,0.0,1.24
9.899999999999999,8.8,11.0,2.1000000000000014,0.1999999999999993,4.0,25.8,23.6,28.0,20.6,23.9,17.3,0.0167,0.0352,0.0113,0.0111,5.84,0.00986,0.0075,0.0363,0.036,0.236,0.0101,9.1,7.0,26,7,25,0.1,0.3,0.0405,0.1,0.2,0.0,0.2,0.6,0.2,0.5,0.2,0.1,0.3,4.5,0.631,0.55,0.553,1.24
8.600000000000001,3.1999999999999993,14.0,1.6999999999999993,1.0,2.3999999999999986,21.9,22.8,21.0,22.0,20.7,23.3,0.0157,0.0351,0.0113,0.0114,5.04,0.00975,0.00747,0.0363,0.0358,0.233,0.0109,9.17,7.0,26,7,25,0.4,0.3,0.0406,0.2,0.0,0.2,0.5,0.6,0.4,0.5,0.4,0.1,0.3,4.9,0.631,0.55,0.553,0.0
9.2,7.199999999999999,11.2,0.10000000000000142,5.199999999999999,-5.0,22.9,22.6,23.2,22.7,17.4,28.0,0.0167,0.0348,0.0114,0.0115,4.2,0.00975,0.00799,0.0361,0.0358,0.234,0.0107,9.25,7.0,28,7,25,0.6,0.2,0.0405,0.3,0.2,0.6,0.4,0.4,0.3,0.8,0.8,0.3,0.4,5.8,0.631,0.55,0.553,0.0
12.3,12.600000000000001,12.0,1.8999999999999986,5.600000000000001,-1.8000000000000007,27.1,28.4,25.8,22.3,25.2,19.4,0.0158,0.0348,0.0108,0.0115,3.38,0.00875,0.00744,0.0361,0.0359,0.234,0.0106,9.31,7.0,28,8,25,0.6,0.2,0.0406,0.3,0.4,0.5,0.5,0.2,0.3,0.5,0.7,0.2,0.5,5.2,0.0,0.0,0.0,0.0
10.2,9.8,10.600000000000001,4.600000000000001,3.6000000000000014,5.600000000000001,23.3,26.8,19.8,21.4,22.0,20.8,0.0132,0.0347,0.00889,0.0101,2.46,0.00945,0.00734,0.0358,0.0359,0.229,0.0106,9.22,7.0,20,7,25,0.6,0.5,0.0398,0.3,0.4,0.2,0.7,0.1,0.3,0.2,0.5,0.0,0.5,5.2,0.967,0.0,0.976,0.0
10.2,5.0,15.399999999999999,1.8999999999999986,0.0,3.8000000000000007,22.4,27.6,17.2,22.2,23.0,21.4,0.0123,0.034,0.00845,0.0113,1.81,0.00853,0.00727,0.0357,0.0358,0.229,0.0104,9.14,7.0,14,7,25,0.5,0.6,0.0398,0.4,0.4,0.2,0.4,0.2,0.4,0.1,0.5,0.1,0.3,5.0,0.967,0.951,0.976,0.0
9.2,8.600000000000001,9.8,0.3999999999999986,-2.0,2.8000000000000007,23.5,23.6,23.4,21.9,22.4,21.4,0.0132,0.034,0.00919,0.0108,0.797,0.0092,0.0085,0.0357,0.0358,0.228,0.0106,9.26,7.0,23,7,25,0.5,0.3,0.0399,0.2,0.4,0.1,0.4,0.3,0.3,0.1,0.3,0.1,0.8,4.7,0.967,0.951,0.976,0.945
10.399999999999999,7.399999999999999,13.399999999999999,0.6000000000000014,1.6000000000000014,-0.3999999999999986,21.8,25.4,18.2,26.1,29.6,22.6,0.0124,0.0341,0.00877,0.0112,0.502,0.00838,0.00795,0.0356,0.0356,0.227,0.0105,9.18,7.0,23,7,25,0.4,0.1,0.0391,0.3,0.5,0.2,0.4,0.2,0.2,0.1,0.6,0.2,0.7,5.1,0.0,0.951,0.0,0.945
8.399999999999999,11.2,5.600000000000001,1.6000000000000014,-0.8000000000000007,4.0,24.3,22.0,26.6,21.4,22.2,20.6,0.0124,0.0342,0.00948,0.0108,0.527,0.00909,0.00845,0.0357,0.0351,0.225,0.0107,9.17,7.0,18,7,25,0.5,0.2,0.0391,0.7,0.3,0.3,0.2,0.2,0.2,0.3,1.2,0.5,0.5,6.2,0.0,0.0,0.0,0.945
8.399999999999999,6.199999999999999,10.600000000000001,0.6000000000000014,3.6000000000000014,-2.3999999999999986,22.2,27.4,17.0,22.6,21.8,23.4,0.0126,0.0343,0.00803,0.0112,0.555,0.00838,0.0071,0.0357,0.0353,0.227,0.00997,9.2,7.0,27,7,25,0.5,0.5,0.0395,0.6,0.1,0.3,0.3,0.0,0.0,0.3,0.9,0.3,0.4,5.5,0.0,0.0,0.0,0.0
12.899999999999999,14.399999999999999,11.399999999999999,3.6000000000000014,4.199999999999999,3.0,27.3,24.2,30.4,20.8,16.8,24.8,0.0126,0.0344,0.00943,0.0108,0.586,0.00839,0.00763,0.0359,0.0351,0.229,0.0101,9.16,7.0,21,7,25,0.3,0.5,0.0302,0.5,0.2,0.4,0.3,0.1,0.2,0.2,0.5,0.2,0.2,4.9,0.0,1.01,0.0,0.0
14.7,18.0,11.399999999999999,4.600000000000001,1.1999999999999993,8.0,26.0,26.0,26.0,27.1,23.4,30.8,0.0133,0.0345,0.00957,0.0107,0.595,0.00862,0.00696,0.0358,0.0346,0.23,0.0106,12.3,9.0,27,8,50,2.0,2.0,0.0248,1.0,0.0,0.0,1.0,0.0,0.0,2.0,4.0,1.0,2.0,35.0,1.54,0.0,0.979,0.0
9.5,7.600000000000001,11.399999999999999,2.0,2.6000000000000014,1.3999999999999986,22.3,25.8,18.8,21.0,17.8,24.2,0.0141,0.0345,0.00989,0.00806,0.627,0.00943,0.00671,0.0358,0.0348,0.229,0.0108,11.2,8.0,23,7,50,1.0,0.857,0.025,0.714,0.571,0.571,0.429,1.29,0.857,0.857,2.0,0.857,1.14,20.9,1.54,0.0,0.979,0.0
10.0,9.399999999999999,10.600000000000001,-0.10000000000000142,-0.3999999999999986,0.1999999999999993,22.7,27.6,17.8,22.0,18.6,25.4,0.0104,0.0347,0.00965,0.00835,0.644,0.00871,0.00661,0.0357,0.0348,0.231,0.0107,10.5,7.0,20,7,50,1.1,0.5,0.0251,0.7,0.7,0.9,0.5,1.1,0.8,0.6,1.6,0.8,1.2,16.1,0.801,0.897,0.979,0.0
10.3,11.8,8.8,3.1999999999999993,5.800000000000001,0.6000000000000014,25.1,28.8,21.4,20.6,23.3,17.9,0.0104,0.0347,0.00989,0.00847,0.683,0.0095,0.00671,0.0357,0.035,0.23,0.0104,10.0,7.0,19,6,50,0.8,0.3,0.0245,0.6,0.8,1.0,0.9,0.7,0.6,0.8,1.6,0.8,0.8,11.4,0.0,0.897,0.000252,1.41
9.2,7.800000000000001,10.600000000000001,2.1999999999999993,5.399999999999999,-1.0,25.3,21.8,28.8,22.7,26.7,18.7,0.0104,0.0348,0.00853,0.00813,0.687,0.00876,0.0071,0.0357,0.0349,0.229,0.0106,9.63,7.0,17,7,50,0.2,0.6,0.0254,0.4,0.7,0.9,0.6,0.5,0.8,1.0,1.4,0.4,0.6,10.5,0.636,0.897,0.658,1.41
11.0,12.2,9.8,1.6000000000000014,2.3999999999999986,0.8000000000000007,22.9,18.8,27.0,22.6,23.6,21.6,0.0137,0.0347,0.0113,0.00821,0.71,0.00952,0.00693,0.0357,0.0351,0.231,0.0107,9.67,7.0,20,7,50,0.2,0.7,0.0253,0.7,0.5,0.7,0.7,0.7,1.0,0.9,1.2,0.3,0.9,10.7,0.636,0.0,0.658,1.41
11.399999999999999,10.8,12.0,0.8000000000000007,0.3999999999999986,1.1999999999999993,23.9,24.6,23.2,24.1,23.8,24.4,0.0128,0.0348,0.0111,0.00765,0.757,0.00876,0.00682,0.0356,0.0349,0.231,0.0105,9.51,7.0,21,7,50,0.6,0.5,0.0259,0.7,0.6,0.6,0.7,0.8,0.9,0.3,1.1,0.3,0.7,9.9,0.636,0.806,1.22,1.11
8.7,8.399999999999999,9.0,1.0,3.0,-1.0,28.8,31.6,26.0,21.8,23.6,20.0,0.0128,0.0345,0.0117,0.00758,0.77,0.00872,0.00738,0.0359,0.0352,0.231,0.00954,9.26,7.0,18,7,50,0.7,0.8,0.0261,0.7,1.1,0.6,0.6,0.4,1.1,0.2,1.4,0.4,0.7,10.6,0.0,0.806,0.566,1.11
10.2,7.800000000000001,12.600000000000001,2.0,0.6000000000000014,3.3999999999999986,22.7,20.8,24.6,22.5,17.6,27.4,0.0127,0.0346,0.011,0.00807,0.797,0.00944,0.00808,0.0358,0.0352,0.23,0.00982,9.13,7.0,20,6,50,0.6,1.1,0.0255,1.0,1.4,0.6,0.5,0.8,1.1,0.2,1.7,0.5,1.2,12.4,0.0,0.806,1.61,1.11
10.2,7.399999999999999,13.0,2.3999999999999986,5.0,-0.1999999999999993,23.0,21.8,24.2,22.9,23.4,22.4,0.0139,0.0346,0.011,0.0077,0.824,0.00944,0.00812,0.0358,0.0354,0.229,0.00993,9.16,7.0,23,7,50,0.3,1.0,0.0256,0.9,0.6,0.8,0.4,0.7,0.5,0.8,1.5,0.5,1.2,10.8,0.0,0.0,1.04,0.0
10.0,5.800000000000001,14.2,1.1999999999999993,3.8000000000000007,-1.3999999999999986,25.6,25.4,25.8,22.7,23.4,22.0,0.0131,0.0345,0.0111,0.00802,0.863,0.00955,0.00755,0.0359,0.0357,0.231,0.00985,9.39,7.0,32,8,50,0.6,0.8,0.0261,0.7,0.9,0.8,0.5,0.6,1.0,0.6,1.9,0.9,0.5,11.4,0.656,0.0,1.04,0.921
12.100000000000001,15.8,8.399999999999999,0.5,3.3999999999999986,-2.3999999999999986,22.8,25.6,20.0,22.4,21.4,23.4,0.0139,0.0348,0.0117,0.00648,0.88,0.00955,0.00812,0.036,0.0357,0.23,0.00999,9.4,7.0,29,7,50,0.4,0.4,0.0262,0.7,0.9,1.5,0.4,0.6,1.1,0.6,1.5,0.7,0.9,11.3,0.656,0.0,0.0,0.921
9.8,13.600000000000001,6.0,5.199999999999999,2.1999999999999993,8.2,22.9,21.4,24.4,25.6,21.8,29.4,0.013,0.035,0.0111,0.00791,0.93,0.00887,0.00689,0.036,0.0357,0.23,0.00982,9.55,7.0,29,8,50,0.3,0.5,0.0263,0.7,0.3,1.6,0.6,0.6,0.4,0.7,1.0,0.1,1.1,9.5,1.64,0.0,0.761,2.08
10.899999999999999,12.399999999999999,9.399999999999999,2.3000000000000007,3.1999999999999993,1.3999999999999986,26.4,26.0,26.8,21.5,18.6,24.4,0.013,0.0348,0.0116,0.00751,0.939,0.0096,0.00743,0.0363,0.0358,0.231,0.00996,9.5,7.0,24,8,50,0.5,0.4,0.0266,0.6,0.7,1.3,0.7,0.6,0.4,0.5,1.2,0.3,1.0,10.2,0.986,0.0,1.58,1.16
10.2,13.2,7.199999999999999,-0.10000000000000142,2.6000000000000014,-2.8000000000000007,24.7,24.0,25.4,23.4,19.4,27.4,0.0139,0.0349,0.0109,0.00789,0.974,0.00888,0.00737,0.0363,0.036,0.229,0.0103,9.49,7.0,22,7,50,0.4,0.6,0.0266,1.0,1.1,0.7,0.8,0.4,1.2,0.5,1.7,0.7,0.8,12.4,0.986,0.0,1.58,1.16
9.899999999999999,5.199999999999999,14.600000000000001,1.5,1.3999999999999986,1.6000000000000014,26.8,26.8,26.8,25.0,26.8,23.2,0.0129,0.0349,0.0114,0.00767,0.997,0.00959,0.00752,0.0364,0.0358,0.229,0.0105,9.56,7.0,27,7,50,0.4,0.7,0.0262,0.8,0.7,0.3,1.0,0.6,1.2,0.5,1.8,0.4,0.7,11.1,0.0,0.676,0.824,0.0
13.100000000000001,14.0,12.2,0.6999999999999993,-0.6000000000000014,2.0,21.9,17.2,26.6,24.1,24.0,24.2,0.0138,0.0348,0.00991,0.00799,1.01,0.00889,0.00698,0.0363,0.0361,0.228,0.0104,9.57,7.0,33,7,50,0.6,0.8,0.0269,0.9,0.6,0.4,0.8,0.7,0.8,0.3,1.8,0.3,0.7,11.1,0.0,1.47,0.0,1.27
10.3,13.399999999999999,7.199999999999999,1.3999999999999986,-1.0,3.8000000000000007,24.1,21.6,26.6,21.4,22.4,20.4,0.0182,0.0349,0.0124,0.00759,1.07,0.00892,0.00717,0.0365,0.0361,0.23,0.0105,9.6,7.0,33,7,50,0.5,0.9,0.0267,0.8,0.5,0.5,0.4,0.6,0.9,0.3,1.4,0.4,0.7,9.9,0.0,1.47,0.912,1.27
10.600000000000001,14.600000000000001,6.600000000000001,3.1000000000000014,4.0,2.1999999999999993,23.3,23.6,23.0,22.4,25.3,19.5,0.0169,0.035,0.0117,0.00804,1.13,0.00892,0.00747,0.0367,0.0362,0.228,0.0104,9.57,7.0,26,7,50,0.8,0.7,0.0267,1.0,0.4,0.5,0.4,0.9,1.0,0.5,1.6,0.7,1.0,11.1,0.0,0.791,0.912,1.27
9.5,8.8,10.2,0.3000000000000007,0.6000000000000014,0.0,28.1,25.6,30.6,21.2,18.9,23.5,0.0169,0.0349,0.0114,0.00817,1.17,0.00892,0.00755,0.0364,0.0359,0.228,0.0105,9.69,7.0,25,7,50,0.5,0.7,0.0265,0.8,0.6,0.8,0.6,0.9,0.8,1.0,1.9,0.7,1.2,12.4,0.0,0.0,1.73,0.0
18.2,20.200000000000003,16.2,3.1000000000000014,-1.1999999999999993,7.399999999999999,28.4,23.8,33.0,26.8,24.6,29.0,0.0178,0.0344,0.0117,0.00824,1.09,0.00873,0.00694,0.0369,0.0365,0.23,0.0101,9.48,6.0,25,6,100,0.0,0.0,0.0262,0.0,0.0,0.0,0.0,0.0,0.0,0.0,0.0,0.0,0.0,0.0,0.0,0.0,0.0,0.0
9.5,10.2,8.8,2.5,0.6000000000000014,4.399999999999999,22.7,24.6,20.8,22.8,26.0,19.6,0.0178,0.0346,0.0123,0.00764,1.14,0.00947,0.00724,0.0369,0.0363,0.229,0.00976,9.22,6.0,24,6,100,1.5,2.83,0.0253,1.67,1.5,2.33,2.33,1.0,1.83,2.0,4.67,1.83,2.33,46.5,0.0,0.0,0.0,0.0
12.3,11.0,13.600000000000001,0.6000000000000014,2.6000000000000014,-1.3999999999999986,26.9,24.2,29.6,23.1,23.8,22.4,0.0145,0.0347,0.00926,0.00821,1.19,0.00871,0.0082,0.037,0.0361,0.229,0.00971,9.43,7.0,24,7,100,1.7,2.5,0.0255,1.4,1.4,1.4,2.2,1.5,1.8,1.7,3.8,1.3,2.3,35.4,0.986,0.0,0.0,0.0
10.100000000000001,7.600000000000001,12.600000000000001,3.1000000000000014,6.199999999999999,0.0,26.9,25.6,28.2,25.4,21.0,29.8,0.0145,0.0347,0.00947,0.00831,1.2,0.00944,0.00823,0.0375,0.0364,0.229,0.0107,9.35,7.0,24,7,100,1.6,1.7,0.0248,1.2,1.3,1.1,1.5,1.6,1.8,1.6,3.0,0.6,1.9,22.0,1.73,0.0,0.0,2.5
12.399999999999999,11.8,13.0,2.1000000000000014,1.8000000000000007,2.3999999999999986,25.8,28.6,23.0,26.7,26.6,26.8,0.0145,0.0346,0.00905,0.00835,1.27,0.00954,0.00767,0.0373,0.036,0.228,0.0107,9.3,7.0,24,7,100,1.9,1.2,0.0254,1.6,0.8,1.1,1.4,1.4,1.5,1.4,2.8,0.9,2.0,22.1,1.73,1.06,0.0,3.68
12.399999999999999,17.2,7.600000000000001,1.6000000000000014,3.6000000000000014,-0.3999999999999986,23.7,21.8,25.6,22.1,23.8,20.4,0.0154,0.0347,0.00982,0.00788,1.31,0.00881,0.00645,0.0374,0.0362,0.228,0.0108,9.22,7.0,22,7,100,2.1,0.9,0.0253,1.7,1.0,1.2,1.5,1.1,1.2,1.0,2.7,0.9,1.8,20.8,0.741,1.73,3.86,3.68
11.0,14.2,7.800000000000001,1.3000000000000007,7.199999999999999,-4.6,26.9,29.4,24.4,26.9,28.2,25.6,0.0141,0.0345,0.00982,0.00821,1.34,0.00881,0.00691,0.0374,0.0359,0.23,0.0107,9.34,7.0,23,7,100,1.4,1.5,0.0251,1.3,1.7,1.8,1.6,1.3,1.4,1.1,3.4,0.8,1.7,21.9,0.54,1.73,4.1,1.18
13.5,13.399999999999999,13.600000000000001,5.100000000000001,6.800000000000001,3.3999999999999986,25.1,21.6,28.6,22.4,18.2,26.6,0.0156,0.0345,0.00971,0.00788,1.38,0.00875,0.00741,0.0374,0.0359,0.23,0.0108,9.13,7.0,24,6,100,1.2,1.7,0.0253,1.0,1.3,1.3,1.9,1.5,2.0,1.1,3.5,0.8,1.8,21.9,0.54,1.22,4.91,1.33
11.8,10.0,13.600000000000001,-0.1999999999999993,3.1999999999999993,-3.6000000000000014,27.7,28.4,27.0,23.1,19.8,26.4,0.0147,0.0346,0.00922,0.00827,1.44,0.00875,0.00684,0.0371,0.0359,0.23,0.0107,9.05,7.0,20,6,100,1.6,1.3,0.0254,1.5,1.0,1.3,1.9,1.4,1.9,1.7,3.1,0.8,1.6,22.4,1.34,0.555,1.05,1.33
11.5,11.600000000000001,11.399999999999999,1.3000000000000007,0.8000000000000007,1.8000000000000007,23.4,26.6,20.2,25.5,30.2,20.8,0.0155,0.0344,0.00958,0.00687,1.47,0.00948,0.00733,0.0371,0.036,0.23,0.0109,9.03,7.0,23,7,100,1.5,1.0,0.0246,1.6,1.5,1.6,1.5,1.1,1.0,2.0,2.6,0.8,1.5,21.9,0.801,1.37,1.74,2.46
10.7,12.2,9.2,4.899999999999999,10.8,-1.0,25.8,25.2,26.4,27.0,27.6,26.4,0.0155,0.0344,0.00939,0.00678,1.51,0.00875,0.00679,0.0372,0.0359,0.23,0.0108,8.91,6.0,20,6,100,1.7,1.4,0.0252,1.3,1.7,1.6,1.3,0.9,1.0,1.5,3.4,1.0,1.3,22.3,1.53,0.818,1.71,2.54
14.399999999999999,13.600000000000001,15.2,2.1000000000000014,-0.3999999999999986,4.600000000000001,26.8,26.2,27.4,21.8,23.8,19.8,0.0154,0.0344,0.00966,0.0076,1.53,0.00949,0.00683,0.0373,0.0357,0.231,0.0104,8.88,7.0,20,6,100,2.1,1.7,0.0251,1.4,1.6,1.7,1.3,1.1,1.0,1.3,3.4,0.9,1.3,22.3,0.731,1.72,1.71,2.54
10.899999999999999,9.0,12.8,3.6999999999999993,5.0,2.3999999999999986,23.2,26.6,19.8,23.5,20.8,26.2,0.0154,0.0344,0.00924,0.00794,1.57,0.00878,0.00714,0.0372,0.0358,0.229,0.0102,8.94,7.0,21,7,100,1.4,1.8,0.025,1.3,1.7,1.3,1.9,0.9,1.5,1.0,2.0,0.6,1.6,20.4,1.61,0.9,1.75,1.41
12.2,15.399999999999999,9.0,2.0,1.0,3.0,26.0,27.0,25.0,24.4,23.0,25.8,0.0146,0.0344,0.00914,0.00757,1.62,0.0102,0.00726,0.0372,0.0358,0.23,0.0102,8.95,7.0,22,7,100,0.9,1.8,0.025,1.2,1.7,2.0,1.4,0.9,2.0,0.8,2.2,0.6,1.8,20.9,0.88,0.9,1.78,0.0
15.8,14.0,17.6,0.3000000000000007,2.6000000000000014,-2.0,28.3,27.6,29.0,27.6,27.2,28.0,0.0101,0.0346,0.00716,0.00801,1.66,0.00884,0.00704,0.0371,0.0358,0.229,0.0102,9.03,7.0,26,7,100,1.5,1.0,0.0252,1.1,1.5,2.3,1.2,1.5,1.4,1.5,2.9,0.6,1.5,21.8,0.88,0.0,2.78,2.65
9.399999999999999,11.399999999999999,7.399999999999999,5.600000000000001,5.199999999999999,6.0,23.4,24.0,22.8,24.3,23.2,25.4,0.0108,0.0344,0.00847,0.00758,1.7,0.00954,0.00665,0.0372,0.0358,0.229,0.0104,8.96,7.0,21,7,100,1.4,0.6,0.0245,1.0,1.0,1.8,2.1,1.7,1.3,1.5,2.6,0.7,1.1,21.1,0.0,0.928,1.82,2.65
12.3,15.8,8.8,0.8999999999999986,-0.8000000000000007,2.6000000000000014,26.3,30.6,22.0,22.3,19.4,25.2,0.0108,0.0346,0.00868,0.00795,1.75,0.00953,0.00706,0.0374,0.0361,0.229,0.0103,8.98,7.0,19,7,100,1.5,1.9,0.0252,1.1,1.4,2.1,1.5,1.6,1.3,1.0,3.1,0.6,1.0,22.0,0.0,0.928,0.998,2.65
9.600000000000001,13.0,6.199999999999999,0.8000000000000007,-3.6000000000000014,5.199999999999999,28.6,29.8,27.4,25.5,28.4,22.6,0.0108,0.0348,0.00863,0.00751,1.82,0.00953,0.0071,0.0373,0.036,0.231,0.0103,8.98,7.0,23,7,100,1.8,2.4,0.0251,1.6,1.3,1.6,1.3,2.3,1.2,0.8,3.2,0.7,1.1,22.9,0.889,0.928,1.78,0.0
14.899999999999999,14.399999999999999,15.399999999999999,2.1999999999999993,0.3999999999999986,4.0,24.8,24.2,25.4,25.3,27.2,23.4,0.00996,0.0346,0.00831,0.00743,1.93,0.00962,0.00665,0.0373,0.036,0.231,0.0107,9.0,7.0,24,7,100,1.6,1.1,0.0252,1.8,1.0,1.0,1.3,1.9,1.0,1.1,2.1,0.8,1.6,20.5,1.64,0.81,1.78,2.54
11.2,9.2,13.2,0.6000000000000014,-3.6000000000000014,4.800000000000001,25.4,29.2,21.6,24.8,22.8,26.8,0.00996,0.0348,0.00855,0.0075,2.02,0.00962,0.0068,0.0372,0.0359,0.228,0.0109,9.05,7.0,27,7,100,1.2,1.2,0.0252,1.4,1.2,1.2,1.4,0.9,1.4,0.9,1.6,0.5,2.0,19.2,1.64,0.81,2.57,2.54
13.3,15.600000000000001,11.0,0.8999999999999986,1.0,0.8000000000000007,26.0,29.0,23.0,25.6,21.2,30.0,0.0117,0.0357,0.00705,0.00854,13.8,0.00974,0.0067,0.0377,0.0363,0.25,0.0105,11.3,9.0,26,9,25,0.0,2.0,0.0265,14.2,0.5,11.0,12.5,2.0,0.5,12.9,0.5,0.0,2.0,25.5,0.0,0.0,0.0,0.0
10.399999999999999,10.2,10.600000000000001,0.5,1.3999999999999986,-0.3999999999999986,22.9,20.0,25.8,23.6,22.0,25.2,0.0108,0.0354,0.00692,0.00817,12.7,0.00961,0.00725,0.0378,0.0362,0.249,0.0111,11.1,9.0,26,9,25,0.375,0.5,0.0271,0.375,0.25,0.5,12.5,0.75,0.125,0.0,0.75,0.375,0.75,9.5,0.0,0.0,0.0,0.0
9.0,11.2,6.800000000000001,1.3000000000000007,3.0,-0.3999999999999986,22.3,18.6,26.0,22.4,23.4,21.4,0.0117,0.0354,0.0115,0.0085,12.0,0.0104,0.00725,0.0376,0.0362,0.243,0.0108,11.3,8.0,30,7,25,0.6,0.1,0.0263,0.5,0.5,0.6,0.1,0.3,0.1,0.2,0.9,0.3,0.3,5.2,0.0,0.0,0.0,0.0
9.0,6.199999999999999,11.8,0.5,4.199999999999999,-3.1999999999999993,22.7,19.8,25.6,21.5,24.0,19.0,0.0116,0.0351,0.0118,0.0081,11.1,0.0104,0.00733,0.0376,0.0362,0.244,0.0109,10.5,7.0,30,6,25,0.4,0.2,0.0272,0.4,0.4,0.4,0.3,0.3,0.3,0.3,0.5,0.0,0.1,4.6,0.803,0.908,1.08,1.29
9.5,9.600000000000001,9.399999999999999,2.6999999999999993,-0.1999999999999993,5.600000000000001,22.6,18.0,27.2,22.1,22.8,21.4,0.0106,0.035,0.0118,0.00852,10.4,0.0104,0.00681,0.0376,0.0364,0.243,0.0108,9.61,7.0,20,5,25,0.5,0.8,0.0267,0.4,0.1,0.6,0.3,0.3,0.6,0.3,0.6,0.1,0.0,5.2,1.44,0.908,1.08,1.29
12.0,14.2,9.8,2.6999999999999993,1.1999999999999993,4.199999999999999,22.6,27.8,17.4,21.9,23.2,20.6,0.0116,0.0347,0.0114,0.0083,9.64,0.0104,0.00744,0.0374,0.0363,0.239,0.0109,9.23,7.0,19,5,25,0.5,1.0,0.0269,0.1,0.3,0.4,0.4,0.3,0.7,0.2,1.1,0.4,0.1,6.4,1.44,1.72,1.08,1.29
8.100000000000001,5.600000000000001,10.600000000000001,0.3000000000000007,0.3999999999999986,0.1999999999999993,23.1,25.0,21.2,21.8,24.4,19.2,0.0107,0.0348,0.0112,0.00854,8.77,0.0104,0.00688,0.0372,0.0361,0.238,0.0108,9.04,7.0,13,6,25,0.1,0.6,0.0267,0.2,0.3,0.4,0.4,0.1,0.5,0.2,0.8,0.3,0.2,5.3,0.639,0.809,0.0,0.0
9.100000000000001,11.399999999999999,6.800000000000001,1.0,-2.1999999999999993,4.199999999999999,25.0,27.6,22.4,20.7,18.2,23.2,0.0115,0.0349,0.0115,0.00865,7.89,0.0104,0.00749,0.0371,0.0363,0.238,0.0103,8.96,7.0,17,6,25,0.3,0.6,0.0265,0.2,0.3,0.3,0.3,0.4,0.6,0.3,0.6,0.1,0.4,5.1,0.0,0.809,0.0,0.0
9.8,7.0,12.600000000000001,4.300000000000001,7.0,1.6000000000000014,22.9,25.8,20.0,25.0,25.4,24.6,0.0104,0.0347,0.0112,0.00783,6.93,0.0102,0.00685,0.0372,0.036,0.238,0.0103,9.12,7.0,21,7,25,0.5,0.4,0.0266,0.1,0.4,0.4,0.4,0.4,0.5,0.1,0.7,0.1,0.3,4.9,0.708,0.0,0.655,1.02
9.0,5.399999999999999,12.600000000000001,1.6999999999999993,1.0,2.3999999999999986,24.6,23.0,26.2,22.2,24.2,20.2,0.0104,0.0346,0.0119,0.00779,6.08,0.0102,0.00689,0.0371,0.0359,0.236,0.0104,9.01,7.0,25,7,25,0.2,0.2,0.0268,0.3,0.2,0.6,0.7,0.1,0.4,0.0,0.7,0.2,0.6,4.9,0.708,0.0,0.655,1.02
8.7,10.2,7.199999999999999,1.1999999999999993,2.3999999999999986,0.0,23.0,20.4,25.6,22.3,22.8,21.8,0.0104,0.0347,0.0121,0.0077,5.21,0.00919,0.00687,0.0367,0.0359,0.235,0.0102,9.05,7.0,19,7,25,0.3,0.1,0.0267,0.3,0.2,0.3,0.6,0.2,0.5,0.1,0.7,0.3,0.7,5.4,0.708,0.0,0.655,1.02
10.2,9.399999999999999,11.0,0.6999999999999993,0.3999999999999986,1.0,25.0,26.0,24.0,21.6,18.2,25.0,0.0104,0.0345,0.0118,0.00768,4.41,0.00901,0.00698,0.0365,0.036,0.231,0.0102,9.17,7.0,30,7,25,0.3,0.4,0.0259,0.4,0.4,0.4,0.6,0.3,0.4,0.4,1.4,0.4,0.4,7.0,0.0,0.0,0.0,0.0
10.2,15.0,5.399999999999999,4.100000000000001,8.100000000000001,0.10000000000000142,22.6,19.2,26.0,21.6,21.4,21.8,0.0105,0.0346,0.0116,0.00798,3.7,0.00901,0.00695,0.0362,0.0358,0.23,0.0103,9.32,7.0,30,7,25,0.0,0.6,0.0265,0.5,0.3,0.5,0.5,0.1,0.0,0.9,1.3,0.3,0.2,6.6,0.0,0.0,0.0,0.0
10.2,8.600000000000001,11.8,1.8000000000000007,0.3000000000000007,3.3000000000000007,24.4,27.2,21.6,21.0,23.0,19.0,0.0114,0.0344,0.0123,0.00745,2.9,0.00875,0.0075,0.0365,0.0358,0.228,0.0104,9.3,7.0,29,7,25,0.2,0.4,0.0264,0.6,0.2,0.2,0.2,0.4,0.4,0.5,0.9,0.3,0.2,5.9,0.762,0.0,0.605,0.0
10.2,13.2,7.199999999999999,0.5,-4.199999999999999,5.199999999999999,22.7,25.2,20.2,24.8,24.2,25.4,0.0105,0.0344,0.0118,0.00794,1.8,0.00875,0.00816,0.0364,0.0358,0.226,0.0107,9.07,7.0,23,6,25,0.3,0.4,0.0265,0.3,0.2,0.2,0.2,0.5,0.8,0.4,0.8,0.2,0.5,5.6,0.762,0.0,0.605,0.0
12.0,14.600000000000001,9.399999999999999,1.1000000000000014,4.399999999999999,-2.1999999999999993,27.8,27.2,28.4,22.2,24.2,20.2,0.0114,0.0341,0.0121,0.0082,1.21,0.00948,0.0082,0.0362,0.0356,0.225,0.0105,9.07,7.0,15,6,25,0.3,0.4,0.0262,0.4,0.3,0.3,0.3,0.5,0.4,0.4,0.8,0.0,0.6,5.7,0.762,1.34,0.605,0.0
9.3,13.0,5.600000000000001,1.8000000000000007,2.8000000000000007,0.8000000000000007,22.7,23.4,22.0,22.1,21.4,22.8,0.0105,0.0344,0.0117,0.00815,0.537,0.00936,0.00774,0.0362,0.0354,0.225,0.0108,9.06,7.0,21,7,25,0.2,0.2,0.0264,0.6,0.4,0.2,0.6,0.5,0.1,0.2,0.7,0.1,0.3,5.6,0.0,1.34,0.0,0.942
10.0,12.399999999999999,7.600000000000001,4.100000000000001,4.800000000000001,3.3999999999999986,23.6,26.0,21.2,21.3,23.4,19.2,0.0105,0.0341,0.0118,0.00795,0.568,0.00936,0.00645,0.0363,0.0353,0.226,0.0109,9.11,7.0,21,7,25,0.2,0.1,0.0265,0.7,0.3,0.2,0.6,0.6,0.3,0.3,0.8,0.3,0.3,6.0,0.0,1.34,0.932,0.942
9.0,6.800000000000001,11.2,0.0,0.8000000000000007,-0.8000000000000007,21.1,25.2,17.0,21.8,24.8,18.8,0.0103,0.0342,0.0114,0.00825,0.591,0.00863,0.0075,0.0361,0.0355,0.222,0.0107,9.14,7.0,28,7,25,0.4,0.1,0.0262,0.7,0.2,0.4,0.4,0.6,0.2,0.2,1.1,0.6,0.6,6.6,0.0,0.0,0.932,0.942
9.7,7.199999999999999,12.2,1.5,2.0,1.0,23.5,18.6,28.4,25.4,24.8,26.0,0.0103,0.0343,0.012,0.00785,0.62,0.0094,0.00762,0.0362,0.0356,0.223,0.0109,9.17,7.0,33,7,25,0.4,0.0,0.0263,0.3,0.2,0.2,0.3,0.3,0.2,0.0,0.5,0.3,0.9,5.1,0.0,0.0,0.933,0.0
14.600000000000001,16.2,13.0,3.1000000000000014,8.399999999999999,-2.1999999999999993,27.7,28.4,27.0,27.8,30.4,25.2,0.0101,0.0337,0.00845,0.00793,0.645,0.00851,0.00689,0.036,0.0354,0.224,0.0102,13.9,8.0,29,7,50,0.0,0.0,0.0254,0.0,0.0,0.0,0.0,0.0,0.0,0.0,0.0,0.0,0.0,0.0,0.0,1.15,0.0,0.0
10.0,10.600000000000001,9.399999999999999,0.6999999999999993,4.0,-2.6000000000000014,23.2,20.4,26.0,22.7,18.6,26.8,0.011,0.0338,0.00888,0.00757,0.662,0.00846,0.00745,0.036,0.0353,0.226,0.0104,12.8,8.0,28,7,50,0.667,0.667,0.0255,1.5,1.17,1.0,1.17,0.667,1.17,1.17,2.17,0.5,1.83,25.0,0.0,0.904,0.0,0.0
10.2,12.8,7.600000000000001,0.3000000000000007,2.8000000000000007,-2.1999999999999993,21.6,21.2,22.0,22.4,21.0,23.8,0.01,0.0337,0.00837,0.00793,0.687,0.00846,0.00682,0.036,0.0351,0.226,0.0104,12.3,8.0,26,8,50,0.3,0.4,0.0259,1.4,0.8,0.9,0.7,0.3,0.6,0.9,0.9,0.3,1.0,11.6,0.0,0.904,0.952,0.0
9.7,11.2,8.2,1.6999999999999993,-3.8000000000000007,7.199999999999999,22.8,27.2,18.4,21.6,18.4,24.8,0.0109,0.0337,0.00855,0.00764,0.715,0.00845,0.00682,0.0361,0.0352,0.225,0.0114,11.6,7.0,22,7,50,0.3,0.7,0.0253,0.9,0.9,0.8,1.0,0.4,0.3,1.0,0.8,0.5,0.8,9.6,0.801,0.000193,0.952,1.44
10.2,6.399999999999999,14.0,3.0,-2.3999999999999986,8.399999999999999,26.0,24.8,27.2,21.6,22.2,21.0,0.0101,0.0336,0.00815,0.00814,0.745,0.00845,0.00676,0.036,0.0349,0.227,0.0111,11.3,7.0,23,7,50,0.2,0.7,0.0252,0.7,0.9,1.1,0.8,0.6,0.5,1.0,1.3,0.7,0.8,10.8,0.801,0.0,1.71,1.44
11.399999999999999,11.600000000000001,11.2,1.1000000000000014,-1.6000000000000014,3.8000000000000007,22.9,21.8,24.0,25.5,23.8,27.2,0.0109,0.0336,0.00789,0.00825,0.77,0.0085,0.00733,0.036,0.035,0.224,0.0112,11.2,7.0,24,7,50,0.7,0.5,0.0258,0.6,1.0,0.6,0.8,0.7,0.8,0.9,1.4,1.0,1.4,11.9,1.44,0.776,0.754,2.67
9.899999999999999,9.600000000000001,10.2,2.0,-1.1999999999999993,5.199999999999999,23.8,22.2,25.4,22.6,25.0,20.2,0.0109,0.0336,0.00772,0.00808,0.811,0.0085,0.00685,0.036,0.0349,0.224,0.0111,11.1,7.0,28,7,50,0.8,0.7,0.0252,0.6,0.9,0.5,0.7,0.5,0.7,0.4,1.0,0.7,1.6,10.7,0.635,0.776,0.754,1.23
10.600000000000001,8.2,13.0,0.6999999999999993,-4.0,5.399999999999999,26.2,25.8,26.6,21.5,23.1,19.9,0.0108,0.0333,0.00811,0.00821,0.82,0.00921,0.00739,0.0361,0.0352,0.224,0.0112,10.9,7.0,29,7,50,1.0,0.7,0.0259,0.9,0.4,0.8,1.1,0.5,0.9,0.6,1.8,0.4,0.8,11.7,0.635,0.776,0.0,1.23
8.7,9.8,7.600000000000001,4.100000000000001,2.6000000000000014,5.600000000000001,24.0,25.6,22.4,22.2,26.1,18.3,0.0108,0.0335,0.00761,0.00826,0.84,0.0092,0.00803,0.0359,0.0351,0.226,0.0113,10.7,7.0,27,7,50,1.3,0.5,0.0259,1.1,0.6,0.5,0.9,0.5,1.1,0.5,2.0,0.3,0.7,11.8,0.0,0.0,0.739,0.0
11.8,11.600000000000001,12.0,0.8999999999999986,0.3999999999999986,1.3999999999999986,22.9,22.6,23.2,25.9,25.0,26.8,0.0107,0.0332,0.00792,0.00791,0.865,0.0092,0.00807,0.0363,0.0351,0.228,0.0112,10.6,7.0,26,7,50,1.1,0.6,0.0251,0.8,0.4,0.5,0.6,0.6,1.2,0.6,1.0,0.3,1.3,10.8,0.61,0.0,1.53,0.0
10.899999999999999,10.0,11.8,0.6999999999999993,0.1999999999999993,1.1999999999999993,24.3,24.6,24.0,22.4,20.6,24.2,0.00979,0.0332,0.00754,0.00815,0.888,0.00844,0.00751,0.036,0.0353,0.225,0.0111,10.5,7.0,24,7,50,1.0,0.6,0.0251,0.3,0.6,0.5,0.4,0.6,0.8,1.1,0.9,0.4,1.5,10.5,0.61,0.557,1.53,1.13
9.600000000000001,8.600000000000001,10.600000000000001,2.3000000000000007,4.800000000000001,-0.1999999999999993,25.0,23.2,26.8,22.3,17.8,26.8,0.0111,0.0331,0.00805,0.00765,0.911,0.00917,0.00686,0.036,0.0351,0.229,0.0109,10.4,7.0,22,7,50,1.0,0.6,0.0258,0.7,0.6,0.7,0.7,0.5,0.5,1.1,1.4,0.4,0.9,11.2,0.61,0.557,0.794,1.13
10.899999999999999,11.2,10.600000000000001,3.5,3.8000000000000007,3.1999999999999993,25.5,25.0,26.0,22.0,21.8,22.2,0.0102,0.0334,0.00776,0.00788,0.926,0.00843,0.00729,0.0361,0.0353,0.227,0.0107,10.3,7.0,21,7,50,0.8,0.7,0.0251,0.9,0.5,0.4,0.8,0.8,1.0,0.5,1.5,0.2,1.0,11.3,0.0,0.557,0.0,1.13
14.0,15.8,12.2,0.6000000000000014,-1.6000000000000014,2.8000000000000007,23.3,17.8,28.8,25.9,27.4,24.4,0.0111,0.0331,0.00809,0.00743,0.947,0.00845,0.00738,0.0361,0.0356,0.228,0.0108,10.2,7.0,22,7,50,0.4,0.6,0.0253,0.6,0.7,0.3,0.4,0.7,1.5,0.4,1.7,0.2,1.2,10.7,0.759,0.0,0.889,0.0
10.5,8.600000000000001,12.399999999999999,0.8999999999999986,4.399999999999999,-2.6000000000000014,23.0,24.2,21.8,23.1,23.0,23.2,0.0111,0.0332,0.00779,0.00729,0.977,0.00845,0.00781,0.036,0.0355,0.227,0.0107,10.2,7.0,24,7,50,0.2,0.7,0.026,0.6,0.6,0.9,0.5,0.5,1.1,0.6,1.6,0.6,1.3,10.8,0.759,0.0,0.889,1.16
8.8,12.2,5.399999999999999,1.0,5.399999999999999,-3.3999999999999986,25.2,20.2,30.2,23.2,24.2,22.2,0.0106,0.0332,0.00827,0.00742,1.01,0.00923,0.00676,0.0359,0.0351,0.229,0.0109,10.1,7.0,22,7,50,0.4,0.8,0.0254,0.7,0.5,1.0,1.0,0.8,0.7,0.5,1.4,0.7,1.5,12.0,0.759,1.02,0.889,1.16
8.7,12.8,4.600000000000001,2.1000000000000014,-1.1999999999999993,5.399999999999999,23.9,21.2,26.6,25.8,24.6,27.0,0.0106,0.0332,0.0078,0.00775,1.02,0.00919,0.00663,0.0359,0.0351,0.227,0.0107,10.1,7.0,25,7,50,0.6,0.9,0.0259,0.6,0.7,0.6,0.9,0.7,0.5,0.8,1.6,0.8,1.2,11.8,0.0,1.02,0.0,1.16
11.100000000000001,9.8,12.399999999999999,3.1999999999999993,3.8000000000000007,2.6000000000000014,24.5,22.2,26.8,22.9,18.0,27.8,0.0107,0.0336,0.00794,0.00755,1.06,0.00919,0.00619,0.0363,0.0353,0.229,0.0109,10.1,7.0,27,7,50,0.5,0.7,0.0258,0.6,1.0,0.6,0.6,0.4,0.5,1.0,1.1,0.4,1.0,9.8,0.0,1.02,0.0,1.36
11.600000000000001,10.0,13.2,0.10000000000000142,-1.0,1.1999999999999993,26.9,30.2,23.6,21.8,20.3,23.3,0.00986,0.0336,0.00763,0.00789,1.13,0.00925,0.00721,0.0362,0.0352,0.227,0.0113,10.0,7.0,25,7,50,0.2,0.6,0.026,0.9,0.8,0.7,0.8,0.5,0.7,1.1,1.3,0.2,1.0,10.4,0.943,0.0,1.75,1.36
10.7,16.0,5.399999999999999,1.8999999999999986,4.600000000000001,-0.8000000000000007,24.0,23.2,24.8,22.0,21.1,22.9,0.00986,0.0335,0.00782,0.00772,1.18,0.00925,0.00724,0.0363,0.0354,0.228,0.0115,10.1,7.0,25,7,50,0.4,0.7,0.026,1.2,1.2,0.9,0.5,0.4,0.5,1.0,2.1,0.7,0.7,11.9,0.943,0.689,1.75,1.36
11.7,13.2,10.2,1.8000000000000007,3.0,0.6000000000000014,23.0,22.0,24.0,25.0,25.0,25.0,0.0109,0.0334,0.00805,0.00717,1.12,0.00964,0.00729,0.0369,0.0354,0.228,0.0107,8.23,5.0,15,5,100,2.0,2.8,0.0259,2.4,1.6,1.8,1.6,2.6,1.6,2.2,4.0,1.0,2.2,51.6,0.0,0.0,0.0,0.0
11.399999999999999,9.2,13.600000000000001,-0.10000000000000142,-3.1999999999999993,3.0,27.1,28.2,26.0,22.2,24.6,19.8,0.0101,0.0336,0.00814,0.00763,1.16,0.00848,0.00672,0.0369,0.0353,0.23,0.0106,8.01,6.0,16,6,100,1.8,2.3,0.025,1.3,1.5,1.2,2.0,1.5,1.2,1.9,3.6,0.8,2.1,35.8,0.0,0.0,0.0,0.0
10.899999999999999,11.8,10.0,4.399999999999999,5.800000000000001,3.0,25.6,29.6,21.6,25.8,23.4,28.2,0.0109,0.0336,0.00811,0.00739,1.17,0.00923,0.00815,0.0368,0.0357,0.231,0.0108,7.89,6.0,17,6,100,1.3,1.6,0.0258,1.0,1.6,1.1,1.9,1.3,0.9,1.4,3.4,1.0,1.8,22.2,0.0,0.0,0.0,0.0
13.100000000000001,13.600000000000001,12.600000000000001,0.6000000000000014,2.6000000000000014,-1.3999999999999986,26.4,25.4,27.4,24.7,21.4,28.0,0.0102,0.0337,0.00752,0.00761,1.24,0.00852,0.00762,0.0368,0.0355,0.231,0.0107,8.3,6.0,21,7,100,0.9,1.4,0.0249,1.2,1.7,1.7,1.2,1.8,1.4,1.5,3.0,1.1,1.8,23.3,1.76,1.88,0.0,0.0
11.7,8.399999999999999,15.0,1.6999999999999993,3.6000000000000014,-0.1999999999999993,24.3,20.2,28.4,24.0,21.2,26.8,0.0111,0.0336,0.00817,0.00712,1.25,0.00859,0.00686,0.037,0.0355,0.232,0.0107,8.51,6.0,26,7,100,0.8,0.9,0.0251,0.7,1.3,1.9,1.5,1.2,1.5,1.3,2.2,0.9,2.1,20.8,1.76,1.88,0.0,3.52
11.0,13.0,9.0,1.6000000000000014,4.0,-0.8000000000000007,25.2,23.6,26.8,28.1,22.8,33.4,0.0102,0.0338,0.00798,0.00706,1.31,0.00935,0.00682,0.0369,0.0354,0.229,0.0106,8.61,6.0,26,7,100,1.0,0.8,0.0257,1.5,1.6,1.8,1.7,0.7,1.3,1.5,2.4,0.9,1.6,20.8,2.32,1.88,3.97,4.92
12.899999999999999,11.2,14.600000000000001,4.199999999999999,5.199999999999999,3.1999999999999993,27.1,23.2,31.0,22.5,20.6,24.4,0.0116,0.034,0.00812,0.00723,1.35,0.00935,0.0073,0.0371,0.0351,0.229,0.0114,8.82,6.0,25,7,100,1.1,1.0,0.0258,1.6,2.1,1.1,1.5,0.7,1.6,1.5,2.3,0.7,1.5,20.7,0.563,0.648,4.87,4.92
11.100000000000001,9.0,13.2,-0.10000000000000142,-3.0,2.8000000000000007,23.9,28.0,19.8,28.6,32.2,25.0,0.0103,0.0339,0.0077,0.00773,1.39,0.00941,0.00677,0.0373,0.0354,0.227,0.0111,8.86,6.0,25,7,100,1.2,1.2,0.0249,0.5,1.5,0.6,1.5,0.8,2.5,1.2,2.6,0.9,2.0,21.0,1.33,0.648,4.87,1.39
11.8,10.0,13.600000000000001,1.8999999999999986,-0.6000000000000014,4.399999999999999,27.0,33.4,20.6,21.4,22.1,20.7,0.0103,0.0337,0.00808,0.00733,1.44,0.00941,0.00684,0.0372,0.0352,0.23,0.0113,8.79,6.0,20,7,100,1.0,1.4,0.0255,0.5,1.3,0.9,1.3,0.8,2.2,1.8,2.8,0.9,2.0,21.2,1.5,0.648,1.69,1.33
12.7,16.0,9.399999999999999,3.6999999999999993,6.0,1.3999999999999986,25.6,25.0,26.2,22.6,23.7,21.5,0.0102,0.034,0.00797,0.00759,1.48,0.0096,0.00675,0.0373,0.0353,0.23,0.0116,8.94,7.0,25,7,100,0.7,1.5,0.0255,1.3,1.4,1.4,1.5,0.9,1.5,2.1,2.5,0.7,2.0,21.4,1.5,0.806,1.57,2.5
10.7,16.2,5.199999999999999,-0.1999999999999993,2.1999999999999993,-2.6000000000000014,27.8,25.6,30.0,26.8,29.4,24.2,0.0112,0.0338,0.00843,0.00768,1.5,0.0096,0.00689,0.0374,0.0355,0.229,0.0113,9.02,7.0,27,7,100,0.8,1.7,0.0252,1.4,1.5,1.2,1.7,1.7,1.1,1.6,2.1,1.0,2.3,22.5,0.731,0.806,2.58,2.5
14.5,14.2,14.8,3.8000000000000007,8.0,-0.3999999999999986,24.4,27.0,21.8,25.5,27.4,23.6,0.0103,0.0339,0.00794,0.00787,1.53,0.00882,0.00735,0.0376,0.0358,0.229,0.0111,9.16,7.0,29,7,100,0.8,1.1,0.0253,1.5,1.3,1.0,1.6,1.9,0.6,1.2,1.9,0.7,2.2,20.3,0.0,1.77,1.79,2.64
10.899999999999999,11.600000000000001,10.2,0.8999999999999986,0.8000000000000007,1.0,26.7,26.0,27.4,25.8,29.3,22.3,0.0112,0.0341,0.00841,0.0075,1.59,0.00888,0.00741,0.0378,0.0359,0.231,0.0112,9.16,7.0,28,7,100,1.2,0.9,0.0247,1.6,1.2,1.3,1.2,1.6,0.7,1.5,2.9,0.9,2.1,21.6,0.962,0.967,1.8,1.46
12.100000000000001,12.0,12.2,1.0,-0.6000000000000014,2.6000000000000014,26.2,26.2,26.2,22.6,24.1,21.1,0.0104,0.0338,0.00811,0.00779,1.63,0.00888,0.00783,0.0374,0.0358,0.232,0.011,9.27,7.0,26,7,100,1.1,1.4,0.0255,1.3,1.1,1.8,0.9,1.6,1.2,1.5,3.3,1.3,2.4,22.5,0.962,0.967,1.58,1.46
14.8,13.8,15.8,4.5,0.6000000000000014,8.399999999999999,25.8,22.4,29.2,27.5,29.4,25.6,0.0104,0.0337,0.00841,0.00757,1.67,0.00893,0.00681,0.0374,0.0358,0.232,0.0107,9.28,7.0,28,7,100,1.2,1.2,0.0254,1.4,1.1,1.9,1.1,1.7,1.3,1.1,2.5,0.7,2.1,20.6,1.89,0.0,2.49,1.18
10.3,13.600000000000001,7.0,0.10000000000000142,-0.3999999999999986,0.6000000000000014,23.5,24.0,23.0,22.2,22.6,21.8,0.0111,0.0339,0.00813,0.00788,1.71,0.00893,0.00678,0.0375,0.0358,0.231,0.0105,9.27,7.0,24,7,100,2.0,1.7,0.0247,1.4,1.3,1.6,1.3,1.6,1.5,0.6,2.6,0.7,1.8,21.6,0.928,0.905,1.7,1.18
12.3,9.0,15.600000000000001,1.0,-3.1999999999999993,5.199999999999999,27.4,26.6,28.2,25.8,31.2,20.4,0.012,0.0339,0.00863,0.00747,1.79,0.00894,0.00725,0.0374,0.0357,0.232,0.0106,9.3,7.0,24,7,100,1.9,1.7,0.0249,1.0,1.2,1.6,1.0,1.6,1.0,1.1,2.5,0.8,1.9,20.8,0.928,0.905,1.7,2.34
9.8,11.399999999999999,8.2,3.3000000000000007,-1.3999999999999986,8.0,26.2,25.2,27.2,28.3,27.4,29.2,0.0101,0.034,0.00804,0.00732,1.91,0.00894,0.00715,0.0374,0.0359,0.232,0.0102,9.29,7.0,24,7,100,1.8,1.3,0.0256,0.8,1.3,1.0,1.2,1.6,1.0,1.3,2.1,0.7,2.1,19.5,0.0,1.7,1.7,2.63
14.7,14.8,14.600000000000001,1.6999999999999993,-0.3999999999999986,3.8000000000000007,22.5,19.0,26.0,23.6,27.4,19.8,0.0111,0.0341,0.00845,0.00765,1.99,0.00897,0.00725,0.0375,0.036,0.233,0.0107,9.27,7.0,23,7,100,1.5,1.9,0.0256,1.1,1.0,0.9,1.5,1.7,1.2,1.1,2.7,1.3,2.2,21.4,0.0,0.79,1.7,2.63
11.399999999999999,13.2,9.600000000000001,0.3000000000000007,4.199999999999999,-3.6000000000000014,26.3,20.2,32.4,26.7,26.8,26.6,0.0114,0.0361,0.00939,0.0161,14.0,0.0094,0.00784,0.0371,0.0361,0.25,0.00958,13.1,11.0,25,7,25,4.0,1.0,0.027,4.0,3.0,3.0,2.0,1.0,1.0,1.0,5.0,2.0,2.0,57.0,0.0,0.0,0.0,0.0
10.7,9.0,12.399999999999999,2.0,-0.3999999999999986,4.399999999999999,21.4,21.2,21.6,23.0,20.8,25.2,0.0115,0.0363,0.00944,0.0161,13.1,0.0101,0.00836,0.0371,0.0362,0.248,0.0101,12.5,11.0,36,7,25,1.14,0.143,0.0271,0.571,0.571,0.571,0.571,0.286,0.286,0.286,1.29,0.571,0.571,11.1,0.0,0.0,1.05,0.0
9.5,12.0,7.0,3.3999999999999986,3.1999999999999993,3.6000000000000014,24.7,26.8,22.6,21.8,22.0,21.6,0.0115,0.0362,0.00846,0.0174,12.4,0.00989,0.00704,0.0372,0.0361,0.247,0.0104,11.8,10.0,27,7,25,0.4,0.1,0.0271,0.5,0.2,0.2,0.3,0.4,0.2,0.1,0.6,0.3,0.5,4.4,0.816,0.0,1.05,0.0
9.3,7.800000000000001,10.8,0.8000000000000007,1.0,0.6000000000000014,23.3,26.0,20.6,21.0,22.7,19.3,0.0115,0.0363,0.00874,0.0175,11.3,0.00989,0.00772,0.0368,0.0364,0.245,0.0107,11.5,8.0,26,7,25,0.0,0.2,0.0271,0.6,0.3,0.5,0.2,0.7,0.3,0.0,0.6,0.1,0.8,5.4,0.816,0.0,1.05,1.4
10.2,7.399999999999999,13.0,5.5,5.199999999999999,5.800000000000001,23.4,19.8,27.0,22.0,20.1,23.9,0.0115,0.0361,0.00821,0.0174,10.5,0.00907,0.00715,0.0371,0.0364,0.244,0.0106,11.1,8.0,26,7,25,0.6,0.1,0.0266,0.2,0.4,0.7,0.1,0.6,0.3,0.3,0.8,0.1,0.6,6.0,0.816,0.0,0.0,1.4
10.8,15.399999999999999,6.199999999999999,1.6999999999999993,0.1999999999999993,3.1999999999999993,23.2,23.4,23.0,21.5,20.3,22.7,0.0114,0.0358,0.00864,0.00822,9.71,0.00907,0.0072,0.037,0.0364,0.241,0.0107,10.5,7.0,18,6,25,0.7,0.0,0.0267,0.3,0.2,0.4,0.3,0.3,0.3,0.8,0.4,0.1,0.4,4.9,0.0,0.0,0.0,1.4
8.899999999999999,6.600000000000001,11.2,1.8999999999999986,3.1999999999999993,0.6000000000000014,21.2,22.0,20.4,23.1,19.4,26.8,0.0104,0.0357,0.00784,0.00962,8.82,0.00823,0.00708,0.0368,0.0363,0.242,0.0103,10.1,7.0,13,5,25,0.4,0.0,0.0262,0.7,0.1,0.4,0.4,0.3,0.3,0.5,0.4,0.0,0.3,5.1,0.0,0.0,0.0,0.0
10.8,8.399999999999999,13.2,1.5,-2.6000000000000014,5.600000000000001,26.0,29.8,22.2,21.3,22.2,20.4,0.0117,0.0356,0.00838,0.00883,8.04,0.0097,0.00759,0.0368,0.0362,0.24,0.0111,9.9,7.0,15,7,25,0.3,0.2,0.026,0.5,0.3,0.2,0.2,0.1,0.0,0.1,0.3,0.0,0.6,4.5,0.852,0.0,0.0,0.0
8.8,5.0,12.600000000000001,1.5,1.3999999999999986,1.6000000000000014,22.2,22.6,21.8,22.3,23.2,21.4,0.0104,0.0357,0.00838,0.00878,7.05,0.00893,0.00703,0.0367,0.0362,0.236,0.0107,9.86,7.0,17,7,25,0.2,0.5,0.0266,0.3,0.5,0.3,0.2,0.1,0.0,0.3,0.5,0.2,0.4,5.0,0.852,1.53,0.0,0.0
10.8,10.399999999999999,11.2,3.1000000000000014,7.600000000000001,-1.3999999999999986,23.0,22.8,23.2,23.5,25.2,21.8,0.0104,0.0355,0.0106,0.00879,6.24,0.00963,0.00721,0.0367,0.0363,0.237,0.0109,9.56,7.0,14,6,25,0.4,0.4,0.026,0.3,0.5,0.5,0.1,0.2,0.4,0.6,0.7,0.3,0.1,5.6,0.852,2.08,0.75,0.0
9.399999999999999,11.600000000000001,7.199999999999999,1.8000000000000007,5.199999999999999,-1.6000000000000014,22.4,22.0,22.8,25.5,27.6,23.4,0.0113,0.0355,0.0101,0.00915,5.37,0.00877,0.00751,0.0367,0.036,0.233,0.0107,9.37,7.0,17,5,25,0.4,0.1,0.0258,0.5,0.4,0.8,0.1,0.1,0.6,0.4,0.7,0.3,0.2,5.1,0.0,2.08,0.75,0.0
10.3,7.0,13.600000000000001,1.8999999999999986,-1.1999999999999993,5.0,22.8,18.4,27.2,22.4,19.2,25.6,0.0112,0.0354,0.0106,0.00869,4.59,0.0095,0.00761,0.0366,0.0362,0.233,0.0104,9.24,7.0,19,7,25,0.5,0.1,0.0262,0.8,0.2,0.6,0.1,0.0,0.4,0.4,0.8,0.4,0.1,5.2,0.565,0.553,0.75,0.0
12.100000000000001,16.4,7.800000000000001,1.0,-4.4,6.399999999999999,22.6,25.2,20.0,22.2,25.2,19.2,0.0112,0.0354,0.0102,0.00898,3.59,0.00872,0.00708,0.0362,0.036,0.231,0.0103,9.53,7.0,31,8,25,0.4,0.2,0.0257,0.5,0.4,0.2,0.1,0.0,0.3,0.2,0.4,0.2,0.3,4.0,0.565,0.0,0.0,1.06
8.8,9.0,8.600000000000001,5.100000000000001,3.1999999999999993,7.0,26.0,27.0,25.0,20.8,24.0,17.6,0.0113,0.0352,0.0106,0.00907,2.77,0.00945,0.00768,0.036,0.0357,0.232,0.0107,9.6,7.0,31,8,25,0.4,0.3,0.0265,0.5,0.4,0.2,0.4,0.3,0.5,0.2,0.7,0.4,0.5,5.4,1.46,0.941,0.0,1.06
10.100000000000001,8.2,12.0,3.1000000000000014,1.8000000000000007,4.399999999999999,23.2,26.0,20.4,22.0,25.2,18.8,0.0113,0.0353,0.0102,0.00902,2.08,0.00872,0.00713,0.0359,0.0357,0.232,0.0102,9.46,7.0,28,6,25,0.3,0.2,0.0263,0.4,0.3,0.2,0.6,0.3,0.5,0.3,0.8,0.4,0.8,5.7,0.893,0.941,0.551,1.06
10.2,11.399999999999999,9.0,1.0,4.800000000000001,-2.8000000000000007,21.7,19.8,23.6,22.3,22.2,22.4,0.0113,0.035,0.0107,0.00852,1.09,0.00999,0.00759,0.0359,0.0357,0.229,0.00983,9.32,7.0,19,5,25,0.7,0.1,0.0265,0.3,0.3,0.6,0.5,0.2,0.3,0.2,0.5,0.1,0.9,5.2,0.893,0.941,0.551,0.0
10.2,8.0,12.399999999999999,1.1000000000000014,-2.3999999999999986,4.600000000000001,27.7,25.6,29.8,26.5,24.8,28.2,0.0102,0.0349,0.0103,0.00902,0.532,0.00865,0.00704,0.0355,0.0358,0.227,0.0101,9.33,7.0,17,7,25,0.6,0.2,0.0258,0.3,0.5,0.9,0.7,0.2,0.1,0.3,0.7,0.3,0.8,6.4,0.0,0.0,0.551,0.0
10.0,11.399999999999999,8.600000000000001,3.1000000000000014,0.1999999999999993,6.0,22.8,26.2,19.4,23.1,22.2,24.0,0.011,0.0352,0.0106,0.0092,0.562,0.00933,0.00704,0.0356,0.0357,0.23,0.00978,9.4,7.0,27,7,25,0.3,0.2,0.0266,0.4,0.5,0.4,0.5,0.4,0.2,0.2,0.5,0.2,0.7,5.5,0.0,0.0,1.01,1.06
9.600000000000001,10.0,9.2,-0.10000000000000142,-2.0,1.8000000000000007,21.6,20.2,23.0,21.8,21.2,22.4,0.0101,0.0353,0.0101,0.00914,0.593,0.00853,0.00826,0.0355,0.0359,0.228,0.0107,9.32,7.0,24,7,25,0.4,0.2,0.0266,0.5,0.3,0.1,0.3,0.5,0.2,0.1,0.8,0.1,1.2,5.6,0.0,0.0,1.01,1.06
10.100000000000001,7.600000000000001,12.600000000000001,2.8000000000000007,6.399999999999999,-0.8000000000000007,22.3,19.4,25.2,21.5,24.8,18.2,0.011,0.0354,0.0101,0.00929,0.615,0.00853,0.00834,0.0357,0.0359,0.228,0.0105,9.17,7.0,14,6,25,0.4,0.3,0.0264,0.4,0.6,0.0,0.3,0.8,0.0,0.4,1.0,0.3,0.8,5.9,0.0,0.0,1.01,1.06
14.0,15.600000000000001,12.399999999999999,4.5,6.600000000000001,2.3999999999999986,27.4,23.4,31.4,27.4,24.8,30.0,0.00998,0.035,0.0104,0.00835,0.584,0.0085,0.00686,0.0355,0.0363,0.227,0.0105,13.2,11.0,31,8,50,0.0,0.0,0.0261,0.0,0.0,0.0,0.0,0.0,0.0,0.0,0.0,0.0,0.0,0.0,0.0,0.0,0.0,1.4
10.399999999999999,8.600000000000001,12.2,2.3000000000000007,-0.8000000000000007,5.399999999999999,23.9,27.6,20.2,22.0,24.4,19.6,0.0112,0.0353,0.0109,0.00796,0.622,0.00925,0.00736,0.0351,0.0363,0.226,0.0105,12.7,9.0,29,7,50,1.33,1.0,0.0262,0.667,1.33,1.17,1.0,0.833,0.833,1.17,2.33,1.0,1.17,23.3,0.816,0.903,0.0,1.4
11.0,12.399999999999999,9.600000000000001,1.6999999999999993,1.6000000000000014,1.8000000000000007,22.3,19.0,25.6,22.1,20.2,24.0,0.0104,0.0351,0.0104,0.0084,0.646,0.00925,0.00684,0.0351,0.0362,0.228,0.0103,11.0,7.0,23,6,50,0.7,0.9,0.0264,0.6,0.7,0.8,0.5,0.7,0.3,0.5,1.0,0.4,1.1,10.9,0.816,0.903,0.0,1.4
11.5,9.600000000000001,13.399999999999999,0.8999999999999986,0.3999999999999986,1.3999999999999986,23.1,22.0,24.2,23.5,20.8,26.2,0.0112,0.0354,0.0108,0.00708,0.686,0.01,0.00742,0.0354,0.0364,0.225,0.00997,10.3,7.0,19,6,50,0.4,1.0,0.0263,0.7,0.8,0.7,0.7,1.2,0.6,0.8,1.5,0.7,1.0,11.8,0.816,0.903,0.0,0.000185
9.0,11.600000000000001,6.399999999999999,3.1000000000000014,4.800000000000001,1.3999999999999986,26.1,30.2,22.0,22.1,25.8,18.4,0.00987,0.0353,0.0103,0.00865,0.701,0.00928,0.00691,0.0352,0.0363,0.227,0.01,10.0,7.0,20,7,50,0.7,1.0,0.0261,0.7,0.9,0.7,0.9,0.7,0.7,1.0,1.9,0.8,1.1,12.9,0.0,0.0,1.89,0.0
11.899999999999999,11.399999999999999,12.399999999999999,1.8999999999999986,2.6000000000000014,1.1999999999999993,23.1,19.0,27.2,21.8,23.4,20.2,0.0108,0.0353,0.011,0.00857,0.731,0.00928,0.00748,0.0351,0.0364,0.229,0.0103,10.0,7.0,20,7,50,0.9,0.7,0.0264,0.9,0.9,0.5,0.7,0.5,0.8,1.1,1.3,0.3,1.0,11.2,0.655,0.0,1.89,0.0
9.899999999999999,7.199999999999999,12.600000000000001,1.6999999999999993,4.199999999999999,-0.8000000000000007,23.2,24.2,22.2,25.7,22.8,28.6,0.0108,0.0353,0.00758,0.00803,0.759,0.00937,0.00688,0.035,0.0363,0.23,0.0102,9.84,7.0,20,7,50,0.8,0.9,0.0265,0.5,0.9,0.3,1.1,0.8,0.5,0.9,1.5,0.6,0.8,11.1,0.655,0.692,1.89,0.0
10.8,7.800000000000001,13.8,3.3000000000000007,2.8000000000000007,3.8000000000000007,26.7,26.0,27.4,22.0,20.2,23.8,0.0106,0.0353,0.0087,0.0082,0.784,0.00937,0.00701,0.035,0.0365,0.23,0.0109,9.57,7.0,17,7,50,0.5,1.1,0.0265,0.5,0.7,0.0,1.5,0.7,0.4,0.4,1.2,0.4,1.3,10.9,0.655,0.692,0.0,0.0
8.8,8.2,9.399999999999999,2.6999999999999993,5.800000000000001,-0.3999999999999986,23.8,26.8,20.8,23.2,23.8,22.6,0.00983,0.0354,0.00831,0.00857,0.814,0.00865,0.00691,0.0353,0.0364,0.231,0.0107,9.36,7.0,15,6,50,0.4,0.9,0.0257,0.8,0.6,0.3,0.8,0.5,0.9,0.5,1.6,0.2,0.9,10.8,0.0,0.692,0.0,1.98
12.600000000000001,12.600000000000001,12.600000000000001,1.3999999999999986,4.399999999999999,-1.6000000000000014,22.9,26.6,19.2,24.8,21.6,28.0,0.0107,0.0353,0.00867,0.00832,0.871,0.00935,0.00732,0.0354,0.0365,0.229,0.0108,9.7,7.0,27,7,50,0.6,0.8,0.0264,0.9,0.4,0.3,0.9,0.6,0.9,0.7,1.5,0.1,1.0,10.7,0.0,0.0,1.48,1.98
12.8,18.6,7.0,0.8999999999999986,-2.1999999999999993,4.0,24.3,26.4,22.2,22.0,24.0,20.0,0.00979,0.0354,0.0081,0.00891,0.896,0.00862,0.00724,0.0356,0.0368,0.228,0.0104,9.47,7.0,27,6,50,0.9,0.7,0.0257,1.1,0.8,0.2,0.7,0.5,0.9,0.5,1.3,0.1,1.0,10.1,0.0,0.0,1.48,1.98
10.399999999999999,13.8,7.0,3.5,2.3999999999999986,4.600000000000001,22.7,22.8,22.6,22.3,18.6,26.0,0.0105,0.0352,0.00799,0.0085,0.909,0.00975,0.00728,0.0355,0.0368,0.228,0.011,9.32,7.0,17,5,50,0.6,0.9,0.0258,0.9,1.0,0.6,1.1,0.6,0.7,0.6,1.2,0.3,0.5,10.6,0.553,0.559,1.48,0.0
10.0,13.8,6.199999999999999,3.6000000000000014,3.1999999999999993,4.0,27.5,30.8,24.2,25.4,29.4,21.5,0.0097,0.0354,0.00793,0.00885,0.925,0.0093,0.00811,0.0352,0.0369,0.227,0.011,9.28,7.0,19,7,50,0.3,0.5,0.0266,0.6,0.8,0.8,0.7,0.5,1.0,0.7,1.1,0.5,0.8,9.8,0.553,0.559,0.0,0.0
14.3,13.0,15.600000000000001,4.300000000000001,5.399999999999999,3.1999999999999993,22.6,18.8,26.4,21.8,20.9,22.8,0.0106,0.0355,0.00854,0.00834,0.949,0.0093,0.00815,0.0354,0.037,0.227,0.0112,9.28,7.0,26,7,50,0.8,0.3,0.0269,0.7,0.5,0.7,1.1,1.2,1.0,0.7,1.7,0.8,0.9,11.6,1.41,1.56,0.0,0.0
10.0,7.199999999999999,12.8,1.1999999999999993,0.1999999999999993,2.1999999999999993,22.1,26.0,18.2,22.1,26.2,18.0,0.00977,0.0355,0.00818,0.00871,0.984,0.00937,0.00767,0.0355,0.037,0.226,0.0111,9.23,7.0,23,7,50,0.9,0.5,0.026,1.0,0.5,0.6,0.9,0.8,0.8,0.7,1.8,0.9,1.1,11.9,0.854,1.0,0.947,1.21
10.600000000000001,6.600000000000001,14.600000000000001,1.8999999999999986,1.6000000000000014,2.1999999999999993,28.2,25.6,30.8,22.3,25.0,19.6,0.0105,0.0354,0.0086,0.00836,1.01,0.00937,0.00685,0.0355,0.0372,0.23,0.011,9.2,7.0,22,7,50,0.7,0.5,0.0265,0.9,0.7,0.5,0.5,0.4,0.8,0.9,1.6,0.7,1.3,11.3,0.854,1.0,1.92,1.21
8.899999999999999,12.2,5.600000000000001,2.3999999999999986,-0.1999999999999993,5.0,23.2,24.4,22.0,25.7,30.8,20.6,0.00965,0.0354,0.0086,0.00821,1.03,0.00937,0.00677,0.0352,0.0373,0.229,0.0105,9.0,7.0,21,5,50,0.6,0.8,0.0263,0.9,0.8,0.3,0.9,0.6,0.7,0.9,1.7,0.8,1.1,12.1,0.0,0.0,1.92,2.38
10.2,9.0,11.399999999999999,5.699999999999999,1.6000000000000014,9.8,22.1,22.4,21.8,21.9,23.6,20.2,0.0105,0.0354,0.00873,0.00852,1.09,0.00937,0.00724,0.0352,0.0371,0.229,0.0106,9.01,7.0,20,6,50,0.6,1.0,0.0262,0.6,1.1,0.7,0.6,0.7,0.3,0.7,1.5,0.3,1.3,10.8,0.0,0.0,0.97,1.17
10.7,12.600000000000001,8.8,2.5,4.600000000000001,0.3999999999999986,25.9,29.0,22.8,22.4,22.8,22.0,0.00963,0.0352,0.00791,0.00891,1.13,0.00936,0.00721,0.0354,0.037,0.228,0.011,9.08,7.0,28,7,50,0.5,0.7,0.0267,0.8,0.7,1.0,0.9,1.3,0.4,0.6,1.5,0.1,1.3,11.1,0.0,0.0,0.0,1.17
9.899999999999999,6.199999999999999,13.600000000000001,1.6999999999999993,5.199999999999999,-1.8000000000000007,22.3,23.8,20.8,25.9,24.4,27.4,0.00963,0.0352,0.00828,0.00864,1.2,0.00861,0.00733,0.0352,0.0372,0.229,0.0106,9.15,7.0,28,7,50,0.5,0.8,0.0271,0.8,0.3,0.8,1.4,1.2,0.6,0.6,1.2,0.1,1.2,11.5,0.0,0.0,0.0,0.0
10.2,7.399999999999999,13.0,1.6000000000000014,-2.6000000000000014,5.800000000000001,24.0,23.2,24.8,25.8,27.6,24.0,0.0099,0.035,0.00776,0.00765,1.15,0.0087,0.00723,0.0351,0.0373,0.229,0.0111,10.3,6.0,20,6,100,1.6,2.4,0.0274,1.8,1.4,2.0,2.0,2.2,3.4,1.8,5.0,1.8,2.4,52.2,0.0,1.01,0.0,0.0
11.399999999999999,12.2,10.600000000000001,2.1999999999999993,-1.1999999999999993,5.600000000000001,25.8,23.4,28.2,22.5,24.0,21.0,0.00986,0.0349,0.00793,0.00761,1.2,0.0087,0.00666,0.0348,0.0372,0.228,0.0111,10.0,6.0,25,7,100,1.3,1.8,0.0266,1.4,1.2,1.5,2.0,2.2,2.4,1.0,3.3,1.1,2.4,35.4,0.0,1.01,0.0,0.0
10.3,14.399999999999999,6.199999999999999,3.1000000000000014,7.0,-0.8000000000000007,25.2,26.6,23.8,26.3,25.6,27.0,0.00986,0.035,0.00822,0.00878,1.23,0.00862,0.00711,0.0349,0.0373,0.228,0.0112,9.99,7.0,26,7,100,1.0,1.1,0.0264,1.4,1.6,0.9,1.4,2.1,1.3,1.0,2.6,0.5,1.7,20.2,1.17,0.000225,0.0,0.0
12.600000000000001,7.199999999999999,18.0,1.1999999999999993,3.8000000000000007,-1.3999999999999986,28.3,29.6,27.0,22.5,22.8,22.2,0.00986,0.035,0.00689,0.00873,1.25,0.00862,0.00653,0.0347,0.0372,0.227,0.0104,10.0,7.0,31,7,100,1.5,1.5,0.0269,1.8,1.9,1.2,1.2,1.5,0.9,1.2,3.1,0.8,1.7,22.4,1.62,0.739,3.34,0.0
12.399999999999999,10.399999999999999,14.399999999999999,3.5,1.0,6.0,22.7,25.4,20.0,26.7,26.6,26.8,0.0107,0.0346,0.00726,0.00844,1.3,0.00943,0.00706,0.0346,0.0374,0.226,0.0105,10.0,7.0,29,7,100,1.8,1.6,0.0273,1.3,1.4,1.5,1.4,1.1,1.1,0.6,2.6,0.7,1.9,21.4,1.62,0.739,3.34,3.83
9.600000000000001,8.399999999999999,10.8,1.6999999999999993,-2.3999999999999986,5.800000000000001,25.5,21.0,30.0,23.4,26.0,20.8,0.00987,0.0351,0.00791,0.00877,1.3,0.00995,0.00779,0.0346,0.0372,0.23,0.0104,9.85,7.0,24,7,100,1.5,1.4,0.0272,0.8,0.9,1.4,1.6,1.4,1.9,1.1,2.7,1.0,2.0,21.7,1.03,0.739,4.1,3.83
14.3,16.0,12.600000000000001,5.5,9.2,1.8000000000000007,26.3,27.6,25.0,26.1,22.8,29.4,0.00987,0.0349,0.00836,0.00808,1.38,0.00995,0.00732,0.0345,0.037,0.23,0.0109,9.74,7.0,22,7,100,1.6,1.8,0.0273,1.5,1.3,1.3,2.0,1.4,0.9,1.2,2.8,1.0,2.2,21.8,1.36,0.564,1.67,5.24
13.0,15.399999999999999,10.600000000000001,0.6999999999999993,-4.199999999999999,5.600000000000001,23.5,25.6,21.4,22.7,26.0,19.4,0.0099,0.0348,0.00836,0.0084,1.43,0.00881,0.00781,0.0345,0.0372,0.23,0.0105,9.76,7.0,23,7,100,1.5,1.6,0.0271,1.3,1.6,1.2,2.2,1.7,0.3,0.9,2.7,0.8,2.5,21.4,1.36,1.41,1.67,1.41
13.3,18.0,8.600000000000001,0.8000000000000007,4.199999999999999,-2.6000000000000014,26.0,24.2,27.8,21.1,18.4,23.8,0.0107,0.0346,0.00856,0.00811,1.47,0.008,0.00659,0.0346,0.0371,0.229,0.0103,9.71,7.0,23,7,100,1.1,1.3,0.0263,1.1,1.9,1.3,1.9,1.7,1.0,1.0,3.6,0.9,2.1,22.2,0.788,1.41,1.83,1.41
9.8,7.600000000000001,12.0,4.300000000000001,8.0,0.6000000000000014,27.1,30.8,23.4,26.4,24.4,28.4,0.00981,0.0348,0.00794,0.0086,1.51,0.00945,0.00655,0.0347,0.037,0.227,0.0102,9.61,7.0,22,6,100,1.3,1.3,0.0268,1.1,1.5,0.8,1.3,1.0,1.6,0.7,2.9,0.9,2.1,20.7,0.0,0.849,0.918,1.16
15.399999999999999,18.8,12.0,2.8000000000000007,2.1999999999999993,3.3999999999999986,24.9,26.0,23.8,23.8,24.0,23.6,0.00981,0.0346,0.00824,0.00818,1.55,0.0087,0.00716,0.0348,0.037,0.23,0.011,9.49,7.0,20,6,100,1.5,1.2,0.0268,1.2,1.4,1.3,1.3,1.3,1.7,0.6,2.5,1.1,1.9,21.5,0.754,0.0,2.48,1.16
11.399999999999999,10.0,12.8,4.399999999999999,6.800000000000001,2.0,25.8,25.8,25.8,24.7,19.6,29.8,0.00998,0.0348,0.00804,0.00841,1.59,0.0087,0.00708,0.0347,0.0368,0.228,0.0105,9.41,7.0,21,7,100,1.1,0.7,0.0263,1.4,1.4,1.4,1.1,2.1,1.6,1.2,2.7,1.1,2.1,22.0,1.74,0.979,1.57,2.36
11.5,13.2,9.8,1.1999999999999993,-3.1999999999999993,5.600000000000001,25.3,20.2,30.4,26.2,24.8,27.6,0.0108,0.0346,0.00858,0.00849,1.63,0.00871,0.00712,0.0349,0.0367,0.226,0.0109,9.42,7.0,22,7,100,1.2,1.0,0.0269,1.4,2.0,0.9,1.3,1.8,1.2,1.3,2.8,1.0,2.2,22.2,1.74,0.979,2.35,2.51
9.7,13.0,6.399999999999999,1.3999999999999986,1.3999999999999986,1.3999999999999986,27.3,29.2,25.4,24.2,27.6,20.8,0.00995,0.0344,0.00792,0.00833,1.65,0.00871,0.0072,0.0351,0.037,0.226,0.0107,9.35,7.0,23,7,100,1.5,1.6,0.0271,1.6,2.0,0.7,1.3,1.0,1.2,1.3,2.0,1.0,1.8,21.1,0.99,0.979,1.71,2.51
14.100000000000001,9.2,19.0,5.300000000000001,2.3999999999999986,8.2,23.0,22.0,24.0,22.1,23.2,21.0,0.0108,0.0344,0.00856,0.00785,1.72,0.00872,0.00682,0.035,0.037,0.23,0.0108,9.33,7.0,22,7,100,1.8,1.5,0.0272,1.9,1.5,1.1,1.5,0.7,1.6,1.5,3.0,1.2,1.7,22.7,0.0,0.0,1.71,1.31
9.8,10.600000000000001,9.0,1.8999999999999986,2.6000000000000014,1.1999999999999993,27.4,25.8,29.0,28.1,27.2,29.0,0.0108,0.0344,0.00797,0.00824,1.74,0.00872,0.00669,0.0352,0.0369,0.229,0.0107,9.27,7.0,19,7,100,1.6,1.3,0.0269,1.5,1.3,0.9,1.5,1.2,1.4,1.2,3.3,1.3,2.0,22.4,0.0,0.804,1.71,0.0
14.8,15.0,14.600000000000001,1.3999999999999986,-1.0,3.8000000000000007,25.9,23.4,28.4,22.5,21.6,23.4,0.0109,0.0345,0.00858,0.00776,1.84,0.00868,0.0067,0.0352,0.0371,0.229,0.0108,9.24,7.0,21,7,100,1.0,0.9,0.0262,1.0,1.3,0.9,1.3,1.5,1.6,1.5,2.7,1.2,2.2,20.9,0.779,1.82,1.79,0.0
11.5,14.2,8.8,3.8999999999999986,-2.0,9.8,23.9,24.2,23.6,27.8,31.2,24.4,0.01,0.0345,0.00808,0.00795,1.93,0.00868,0.00706,0.0352,0.0366,0.23,0.0107,9.17,7.0,21,6,100,0.8,1.5,0.0261,1.1,1.3,1.5,1.4,1.4,1.7,2.0,3.4,1.2,1.7,22.7,0.779,1.82,1.79,2.33
11.5,11.399999999999999,11.600000000000001,2.8000000000000007,8.399999999999999,-2.8000000000000007,25.6,27.8,23.4,26.2,25.4,27.0,0.01,0.0345,0.0087,0.00804,2.03,0.00855,0.00661,0.0355,0.0366,0.231,0.0105,9.16,7.0,21,6,100,1.4,1.6,0.0271,0.9,1.1,1.5,1.4,0.8,1.9,1.7,2.9,1.0,1.3,21.3,1.7,1.02,2.55,2.33
14.0,12.5,15.5,1.6999999999999993,-1.0,4.399999999999999,27.0,29.4,24.6,27.7,28.0,27.4,0.0117,0.037,0.0085,0.00904,14.3,0.0102,0.00725,0.0389,0.0363,0.251,0.01,12.9,10.0,24,7,25,4.0,1.0,0.0267,0.0,1.0,1.0,5.0,2.0,1.0,2.0,5.0,1.0,3.0,56.0,0.0,0.9,0.0,0.0
8.2,4.399999999999999,12.0,2.1999999999999993,3.3999999999999986,1.0,23.6,26.8,20.4,21.8,20.4,23.2,0.0118,0.0368,0.00886,0.00853,13.5,0.00933,0.00776,0.0386,0.0362,0.248,0.0101,11.5,8.0,21,7,25,0.833,0.167,0.0272,0.5,0.333,0.333,0.833,0.667,0.333,0.833,1.17,0.167,1.17,12.7,0.0,0.9,0.0,0.0
10.3,8.600000000000001,12.0,1.1000000000000014,1.1999999999999993,1.0,22.3,24.2,20.4,23.1,20.6,25.6,0.0118,0.0367,0.00823,0.00892,12.5,0.00933,0.00831,0.0387,0.0364,0.249,0.0104,10.9,8.0,21,7,25,0.1,0.2,0.0266,0.4,0.5,0.2,0.3,0.4,0.5,0.4,0.6,0.3,0.8,5.2,0.0,0.000512,0.0,1.45
9.3,10.0,8.600000000000001,1.3999999999999986,4.800000000000001,-2.0,24.6,26.2,23.0,21.0,22.2,19.8,0.0119,0.0366,0.00895,0.00836,11.7,0.00961,0.00838,0.0386,0.0366,0.249,0.01,10.8,7.0,24,7,25,0.2,0.4,0.0271,0.3,0.5,0.2,0.3,0.4,0.7,0.2,0.8,0.3,0.4,5.5,0.824,0.000205,0.983,1.45
8.8,12.399999999999999,5.199999999999999,3.5,7.399999999999999,-0.3999999999999986,22.4,19.6,25.2,22.5,25.6,19.4,0.0119,0.0364,0.00905,0.00871,10.8,0.00961,0.00774,0.0385,0.0366,0.249,0.00991,10.6,7.0,24,7,25,0.2,0.4,0.0265,0.3,0.2,0.2,0.5,0.2,0.4,0.0,0.6,0.1,0.5,4.7,1.48,0.0,0.983,1.45
11.600000000000001,13.2,10.0,2.1000000000000014,5.600000000000001,-1.3999999999999986,22.9,23.6,22.2,21.2,23.2,19.2,0.0122,0.0365,0.0091,0.00832,10.2,0.0104,0.00826,0.0385,0.0365,0.245,0.00957,10.2,7.0,21,6,25,0.1,0.2,0.0266,0.3,0.4,0.4,0.5,0.2,0.3,0.2,0.6,0.2,1.1,5.2,1.48,0.718,0.983,0.0
8.100000000000001,8.8,7.399999999999999,0.3000000000000007,3.3999999999999986,-2.8000000000000007,23.3,22.6,24.0,23.8,24.2,23.4,0.0107,0.0362,0.00864,0.00867,9.3,0.00958,0.00698,0.0384,0.0366,0.242,0.01,10.3,7.0,22,7,25,0.1,0.1,0.027,0.6,0.7,0.5,0.4,0.4,0.4,0.2,0.7,0.1,0.9,5.4,0.655,0.718,0.0,0.0
9.0,6.399999999999999,11.600000000000001,2.6999999999999993,4.399999999999999,1.0,22.9,25.6,20.2,22.0,23.4,20.6,0.0107,0.036,0.00906,0.00823,8.24,0.00963,0.0077,0.0384,0.0366,0.242,0.0106,10.1,7.0,22,8,25,0.2,0.5,0.0274,0.4,0.4,0.3,0.4,0.4,0.4,0.0,0.5,0.3,0.6,4.7,0.0,0.718,0.0,0.0
8.600000000000001,9.0,8.2,2.6000000000000014,-1.0,6.199999999999999,24.1,28.2,20.0,23.9,23.6,24.2,0.0106,0.0358,0.00877,0.00812,7.46,0.0104,0.00778,0.0385,0.0367,0.24,0.0106,9.96,7.0,15,7,25,0.3,0.6,0.0274,0.2,0.1,0.3,0.3,0.5,0.6,0.1,0.6,0.5,0.6,5.3,0.0,0.0,0.0,0.0
12.7,16.6,8.8,1.3000000000000007,3.6000000000000014,-1.0,23.0,23.6,22.4,21.7,19.2,24.2,0.0106,0.0355,0.0091,0.00794,6.3,0.0104,0.00789,0.0382,0.0367,0.24,0.0108,10.1,7.0,25,7,25,0.2,0.4,0.0269,0.2,0.2,0.6,0.2,0.4,0.5,0.2,0.7,0.6,0.3,5.8,0.661,0.633,0.0,0.0
9.399999999999999,12.600000000000001,6.199999999999999,1.8000000000000007,2.0,1.6000000000000014,23.2,22.0,24.4,27.5,29.8,25.2,0.0115,0.0352,0.00941,0.00778,5.65,0.0102,0.00731,0.0381,0.0367,0.239,0.0107,9.99,7.0,26,7,25,0.1,0.5,0.027,0.3,0.3,0.6,0.3,0.5,0.2,0.2,0.7,0.5,0.3,5.8,0.661,0.633,0.0,0.0
8.600000000000001,6.600000000000001,10.600000000000001,0.8999999999999986,0.1999999999999993,1.6000000000000014,22.9,26.2,19.6,21.7,25.6,17.8,0.0115,0.0348,0.00948,0.00759,4.54,0.0102,0.0074,0.0382,0.0366,0.236,0.0108,9.78,7.0,19,6,25,0.1,0.5,0.0272,0.4,0.3,0.5,0.2,0.4,0.4,0.3,0.7,0.4,0.5,6.0,0.661,0.633,0.0,0.0
9.7,7.600000000000001,11.8,6.300000000000001,6.199999999999999,6.399999999999999,25.0,30.4,19.6,22.7,24.0,21.4,0.0124,0.0345,0.00917,0.00789,3.7,0.00927,0.00732,0.038,0.0368,0.237,0.0107,9.93,7.0,27,7,25,0.2,0.4,0.0271,0.4,0.1,0.2,0.3,0.2,0.2,0.3,0.6,0.1,0.4,5.0,0.0,0.0,0.0,0.0
8.399999999999999,4.199999999999999,12.600000000000001,1.1000000000000014,5.199999999999999,-3.0,23.0,24.4,21.6,21.8,22.2,21.4,0.0114,0.0342,0.00955,0.00626,2.67,0.00998,0.00762,0.0378,0.0368,0.237,0.0109,9.87,7.0,27,7,25,0.2,0.3,0.0273,0.4,0.3,0.1,0.5,0.2,0.0,0.4,0.6,0.0,0.3,4.8,0.0,0.0,1.22,1.22
12.7,15.8,9.600000000000001,2.6000000000000014,4.800000000000001,0.3999999999999986,23.1,20.4,25.8,23.3,20.0,26.6,0.0104,0.034,0.00901,0.00643,2.01,0.00902,0.00749,0.0377,0.0368,0.234,0.0109,9.71,7.0,21,6,25,0.3,0.1,0.0273,0.1,0.5,0.4,0.4,0.5,0.1,0.3,0.6,0.3,0.5,5.3,1.02,1.03,1.22,1.22
8.5,5.600000000000001,11.399999999999999,1.1999999999999993,2.6000000000000014,-0.1999999999999993,24.4,27.4,21.4,23.4,23.8,23.0,0.0113,0.0342,0.00917,0.00708,1.06,0.00975,0.0076,0.0376,0.0368,0.234,0.0104,9.6,7.0,18,5,25,0.4,0.5,0.0273,0.0,0.6,0.3,0.5,0.4,0.2,0.1,0.8,0.5,0.5,5.8,1.02,1.03,1.22,1.22
9.399999999999999,8.399999999999999,10.399999999999999,1.3000000000000007,1.1999999999999993,1.3999999999999986,25.8,28.6,23.0,23.7,24.4,23.0,0.0113,0.034,0.00769,0.00743,0.521,0.00863,0.00809,0.0375,0.0369,0.228,0.0102,9.54,7.0,25,6,25,0.3,0.6,0.027,0.2,0.3,0.1,0.5,0.8,0.2,0.1,0.8,0.5,0.8,6.2,1.02,1.03,0.0,0.0
9.0,6.199999999999999,11.8,2.0,-0.3999999999999986,4.399999999999999,22.6,20.0,25.2,22.0,21.0,23.0,0.0112,0.034,0.00977,0.00752,0.556,0.00861,0.00769,0.0375,0.0367,0.229,0.0104,9.51,7.0,25,6,25,0.4,0.7,0.0262,0.4,0.4,0.4,0.1,0.5,0.2,0.3,0.6,0.3,0.7,5.8,0.0,0.0,0.868,0.0
9.0,9.2,8.8,2.8000000000000007,4.800000000000001,0.8000000000000007,23.2,22.8,23.6,23.3,23.5,23.1,0.0103,0.0337,0.00941,0.00693,0.586,0.00861,0.00761,0.0379,0.0366,0.23,0.00998,9.37,7.0,19,6,25,0.3,0.9,0.0268,0.3,0.4,0.4,0.3,0.1,0.4,0.4,0.5,0.2,0.7,5.9,0.756,0.0,0.869,0.0
10.7,11.600000000000001,9.8,1.8000000000000007,3.6000000000000014,0.0,21.5,26.4,16.6,24.9,28.3,21.5,0.0103,0.0337,0.00993,0.00684,0.618,0.00858,0.00748,0.0377,0.0365,0.23,0.0104,9.43,7.0,26,6,25,0.3,0.5,0.0268,0.1,0.2,0.3,0.5,0.1,0.6,0.1,0.3,0.1,0.8,5.0,0.765,0.0,0.869,0.0
14.7,16.0,13.399999999999999,3.5,1.0,6.0,27.4,24.8,30.0,27.5,29.6,25.4,0.0104,0.0336,0.00942,0.0069,0.579,0.00858,0.00804,0.0377,0.0361,0.227,0.0109,11.5,9.0,23,6,50,1.0,3.0,0.0265,1.0,3.0,2.0,2.0,2.0,6.0,2.0,2.0,1.0,1.0,69.0,0.0,0.0,0.0,0.0
9.100000000000001,6.399999999999999,11.8,1.5,-2.1999999999999993,5.199999999999999,23.1,25.2,21.0,23.2,24.6,21.8,0.0112,0.0339,0.00984,0.007,0.599,0.0093,0.00812,0.0379,0.0362,0.228,0.0111,10.4,7.0,19,6,50,0.4,0.8,0.0265,1.0,1.2,1.4,0.6,0.6,1.8,0.8,1.2,0.6,1.6,25.8,0.0,0.872,1.01,0.0
12.100000000000001,15.0,9.2,2.6000000000000014,0.8000000000000007,4.399999999999999,23.1,21.4,24.8,23.4,27.8,19.0,0.00997,0.0336,0.00942,0.00741,0.669,0.00928,0.00802,0.0378,0.0361,0.227,0.0114,10.9,7.0,25,7,50,0.3,0.6,0.0265,0.7,0.7,1.0,0.6,0.6,1.6,0.5,1.5,0.6,1.4,18.4,0.929,0.872,1.01,1.4
9.600000000000001,10.8,8.399999999999999,2.1999999999999993,-0.3999999999999986,4.800000000000001,24.7,23.6,25.8,21.8,24.4,19.2,0.0108,0.0338,0.00969,0.00709,0.689,0.00928,0.00813,0.0382,0.0362,0.228,0.0112,10.7,7.0,28,7,50,0.7,0.7,0.0259,0.5,0.5,0.5,0.6,1.2,1.3,0.3,1.7,0.7,0.7,11.5,0.929,0.872,1.01,1.4
8.100000000000001,9.2,7.0,1.3999999999999986,1.0,1.8000000000000007,25.6,22.4,28.8,23.2,21.0,25.4,0.0108,0.0338,0.00943,0.00747,0.72,0.00847,0.00789,0.0383,0.0362,0.228,0.0105,10.4,7.0,25,7,50,0.7,0.9,0.0263,0.6,0.5,0.5,0.9,1.0,0.8,0.5,1.1,0.4,0.4,10.2,0.929,0.0,0.0,1.4
13.100000000000001,7.800000000000001,18.4,4.0,3.6000000000000014,4.399999999999999,22.1,25.6,18.6,23.2,24.2,22.2,0.011,0.0338,0.00953,0.00762,0.761,0.00774,0.00731,0.0381,0.0361,0.227,0.0107,10.1,7.0,21,7,50,0.6,1.0,0.0255,0.5,0.2,0.5,1.4,0.6,0.7,0.4,1.5,0.7,1.0,11.1,0.0,0.0,1.22,0.0
10.0,12.2,7.800000000000001,1.3000000000000007,5.800000000000001,-3.1999999999999993,24.8,25.6,24.0,25.9,23.6,28.2,0.011,0.0342,0.00921,0.00763,0.785,0.00923,0.0072,0.0384,0.036,0.225,0.0106,9.72,7.0,19,7,50,0.9,1.0,0.0257,0.7,0.5,0.5,1.0,0.3,0.5,0.7,1.7,1.1,1.4,12.2,0.0,0.794,1.22,1.04
11.5,14.399999999999999,8.600000000000001,2.3999999999999986,2.1999999999999993,2.6000000000000014,28.2,31.6,24.8,22.0,19.4,24.6,0.0111,0.0341,0.00889,0.0078,0.786,0.00848,0.00772,0.0384,0.036,0.225,0.0107,9.9,7.0,25,7,50,0.8,0.8,0.0264,0.8,0.6,0.2,0.5,0.2,0.9,0.9,1.3,0.7,1.2,10.9,0.0,0.794,2.2,1.04
10.2,12.600000000000001,7.800000000000001,1.3000000000000007,4.199999999999999,-1.6000000000000014,24.9,25.0,24.8,23.5,24.4,22.6,0.0111,0.0342,0.00898,0.00783,0.858,0.00848,0.00705,0.0382,0.0362,0.226,0.0106,9.73,7.0,25,7,50,0.6,0.2,0.0256,0.8,0.7,0.3,0.4,0.3,1.5,0.8,1.5,0.5,1.0,10.3,0.815,0.794,0.987,1.04
11.3,9.2,13.399999999999999,2.6999999999999993,1.6000000000000014,3.8000000000000007,23.8,28.0,19.6,24.4,24.4,24.4,0.0261,0.0343,0.00925,0.00757,0.873,0.00934,0.00761,0.0384,0.0359,0.228,0.0107,9.62,7.0,19,7,50,0.8,0.2,0.0261,0.9,0.9,0.6,0.3,0.9,1.0,0.6,1.3,0.5,1.2,11.9,0.815,0.0,0.987,0.0
10.2,13.0,7.399999999999999,3.6999999999999993,-0.8000000000000007,8.2,23.1,20.6,25.6,22.5,26.4,18.6,0.0251,0.0346,0.0091,0.00748,0.906,0.00862,0.00687,0.0383,0.0362,0.228,0.0106,9.46,7.0,19,6,50,0.9,0.6,0.0262,0.5,0.7,0.5,0.8,1.0,0.6,0.5,0.7,0.3,1.0,10.9,0.815,0.0,0.0,0.0
10.2,12.600000000000001,7.800000000000001,1.6999999999999993,4.0,-0.6000000000000014,25.6,28.4,22.8,21.9,24.4,19.4,0.026,0.0348,0.0093,0.00766,0.913,0.00941,0.00744,0.0383,0.0361,0.227,0.0113,9.24,7.0,14,5,50,0.6,0.9,0.0256,0.4,0.7,0.3,0.9,0.8,0.5,1.2,1.1,0.6,0.7,10.1,0.0,0.0,0.0,2.13
11.2,7.0,15.399999999999999,2.6999999999999993,0.8000000000000007,4.600000000000001,22.7,22.6,22.8,27.2,24.6,29.8,0.0251,0.0347,0.00883,0.00701,0.961,0.00868,0.00683,0.0384,0.0362,0.227,0.0113,9.2,7.0,20,6,50,0.6,0.8,0.026,0.7,0.8,0.5,0.8,0.9,0.6,1.2,1.7,0.5,1.0,11.4,0.691,0.0,0.944,2.13
9.7,8.8,10.600000000000001,1.3000000000000007,4.0,-1.3999999999999986,23.3,21.6,25.0,23.2,23.8,22.6,0.026,0.0348,0.00871,0.00733,0.995,0.00942,0.00691,0.0385,0.036,0.229,0.0113,9.16,7.0,21,7,50,0.9,0.6,0.0263,0.6,1.2,0.6,0.8,0.6,0.8,0.9,2.1,0.5,0.9,12.0,0.691,0.0,0.944,2.13
12.100000000000001,15.2,9.0,3.6999999999999993,3.6000000000000014,3.8000000000000007,22.3,19.4,25.2,23.5,20.4,26.6,0.0252,0.0349,0.00712,0.00768,1.02,0.00869,0.00681,0.0385,0.0361,0.226,0.0111,9.07,7.0,20,7,50,1.0,0.5,0.0265,0.3,1.5,0.7,0.5,0.8,0.6,0.7,1.7,0.6,0.7,11.3,0.691,0.552,0.993,0.0
14.0,14.2,13.8,0.6999999999999993,-2.3999999999999986,3.8000000000000007,25.2,20.8,29.6,25.3,27.0,23.6,0.0252,0.0353,0.00819,0.00781,1.05,0.00944,0.00681,0.0383,0.0361,0.228,0.0112,9.01,7.0,18,7,50,0.8,0.4,0.0257,0.1,1.2,0.8,0.4,0.8,0.4,0.6,1.2,0.4,1.4,10.4,0.0,1.46,0.789,1.35
10.3,12.600000000000001,8.0,1.5,-3.3999999999999986,6.399999999999999,23.0,28.0,18.0,24.2,24.0,24.4,0.026,0.0353,0.00766,0.0081,1.06,0.00875,0.00831,0.0383,0.0361,0.226,0.0111,8.91,7.0,17,6,50,0.7,0.6,0.0267,0.1,0.4,0.9,0.5,0.7,0.6,0.6,1.0,0.5,1.5,10.1,0.783,1.46,0.789,1.35
10.399999999999999,8.0,12.8,2.3000000000000007,6.0,-1.3999999999999986,25.1,27.4,22.8,22.3,22.0,22.6,0.0261,0.0355,0.00813,0.00766,1.13,0.00953,0.00843,0.0382,0.0364,0.228,0.0112,8.98,7.0,22,7,50,0.3,0.7,0.0257,0.3,0.5,0.8,0.3,1.0,0.4,0.6,0.6,0.4,0.9,9.2,0.783,0.913,1.73,1.35
9.899999999999999,12.600000000000001,7.199999999999999,0.1999999999999993,1.3999999999999986,-1.0,24.9,24.8,25.0,23.9,20.2,27.6,0.0253,0.0358,0.0077,0.00757,1.16,0.0101,0.0084,0.0384,0.0363,0.226,0.0112,9.03,7.0,30,8,50,0.5,0.2,0.026,0.9,0.9,0.9,0.3,1.1,0.3,0.6,1.3,0.3,0.6,10.1,0.783,0.0,0.99,0.0
10.7,6.800000000000001,14.600000000000001,4.600000000000001,1.0,8.2,22.0,25.6,18.4,21.5,20.0,23.0,0.0262,0.036,0.00826,0.00766,1.22,0.0101,0.00707,0.0382,0.0365,0.23,0.0105,9.02,7.0,30,7,50,0.6,1.0,0.0267,1.0,1.1,0.8,0.3,0.8,0.5,0.6,1.2,0.3,0.9,10.8,0.0,0.0,0.99,0.0
12.5,11.399999999999999,13.600000000000001,1.8999999999999986,1.1999999999999993,2.6000000000000014,23.0,19.4,26.6,27.3,23.0,31.6,0.0287,0.0365,0.00861,0.0103,1.24,0.00951,0.00734,0.0383,0.0369,0.233,0.0109,9.47,7.0,18,6,100,3.25,2.25,0.0278,2.75,1.0,3.0,2.25,2.0,1.75,1.75,6.0,2.5,4.0,63.5,0.0,0.0,0.0,0.0
12.2,9.600000000000001,14.8,0.8000000000000007,-3.0,4.600000000000001,28.3,31.6,25.0,22.9,25.8,20.0,0.0278,0.037,0.00861,0.0105,1.28,0.00951,0.00778,0.0383,0.0372,0.233,0.0108,9.23,7.0,21,7,100,1.5,1.8,0.0278,2.3,1.1,1.6,1.4,1.4,1.3,1.3,4.0,1.4,2.5,35.9,0.0,1.01,0.0,0.0
11.3,6.600000000000001,16.0,4.699999999999999,6.0,3.3999999999999986,22.1,18.6,25.6,26.6,25.0,28.2,0.0285,0.0367,0.00915,0.00998,1.35,0.00803,0.00785,0.0383,0.0373,0.233,0.0109,8.75,6.0,19,6,100,1.4,1.3,0.0279,1.7,1.6,1.1,1.1,1.1,1.3,1.6,3.1,0.7,1.2,21.0,0.0,1.01,0.0,0.0
15.100000000000001,13.399999999999999,16.8,1.6999999999999993,2.3999999999999986,1.0,29.0,33.0,25.0,23.9,27.0,20.8,0.0275,0.0365,0.00948,0.0102,1.4,0.00965,0.00733,0.0383,0.0371,0.234,0.0109,8.54,6.0,17,6,100,1.5,1.6,0.0271,1.0,1.2,1.5,1.2,1.7,1.5,2.0,3.0,0.9,1.1,22.7,1.74,1.76,0.0,2.57
12.2,16.2,8.2,3.8999999999999986,7.399999999999999,0.3999999999999986,23.1,20.8,25.4,26.5,29.8,23.2,0.0284,0.0368,0.00916,0.00985,1.42,0.00965,0.00733,0.0385,0.037,0.234,0.011,8.81,6.0,23,7,100,0.8,1.8,0.0279,1.1,1.1,1.7,1.0,1.9,1.5,1.5,2.2,0.9,1.1,21.6,1.74,0.748,3.03,3.74
12.5,14.0,11.0,0.5,0.0,1.0,25.7,21.2,30.2,24.2,26.2,22.2,0.0126,0.0369,0.00892,0.00972,1.49,0.00879,0.00796,0.0385,0.0373,0.231,0.0109,8.96,7.0,26,7,100,1.0,1.5,0.0272,1.3,1.7,1.7,1.3,1.4,1.6,1.4,2.0,0.8,1.3,21.7,2.3,0.748,3.79,3.74
12.600000000000001,14.0,11.2,5.600000000000001,5.399999999999999,5.800000000000001,25.4,23.6,27.2,26.6,26.6,26.6,0.0126,0.0367,0.00907,0.0102,1.55,0.00962,0.00806,0.0387,0.0372,0.23,0.0105,8.87,6.0,24,7,100,1.4,2.1,0.0278,1.1,2.0,1.2,1.4,0.8,1.6,1.4,2.7,1.0,1.5,21.8,0.554,0.0,4.64,2.6
10.5,10.399999999999999,10.600000000000001,2.8000000000000007,3.8000000000000007,1.8000000000000007,26.6,29.2,24.0,24.5,22.4,26.6,0.0126,0.0366,0.00866,0.0105,1.61,0.00883,0.00749,0.0388,0.0372,0.231,0.0102,8.81,6.0,23,6,100,1.3,1.9,0.0278,1.1,1.6,1.0,1.5,1.0,1.8,1.2,2.9,0.8,1.4,21.6,1.53,0.0,1.61,1.43
14.899999999999999,10.600000000000001,19.200000000000003,2.3999999999999986,6.600000000000001,-1.8000000000000007,23.4,20.8,26.0,22.0,19.6,24.4,0.0126,0.0369,0.00922,0.00999,1.65,0.00957,0.00798,0.0385,0.0375,0.232,0.0104,8.68,6.0,19,6,100,1.0,1.6,0.0273,1.5,1.3,0.9,1.6,1.4,1.4,1.8,3.0,0.8,1.5,22.0,0.98,1.36,1.85,2.6
10.399999999999999,9.600000000000001,11.2,3.5,9.0,-2.0,25.6,28.8,22.4,27.1,26.0,28.2,0.0126,0.0371,0.00945,0.00918,1.69,0.00883,0.0074,0.0385,0.0372,0.231,0.0104,8.56,6.0,15,6,100,1.5,1.4,0.0272,1.6,1.2,1.4,1.4,1.4,0.9,2.0,2.7,0.8,1.6,21.4,1.73,1.36,0.997,1.17
14.899999999999999,14.600000000000001,15.2,2.8000000000000007,-0.3999999999999986,6.0,26.8,27.0,26.6,23.7,24.6,22.8,0.0126,0.0371,0.00937,0.0101,1.75,0.00958,0.0087,0.0384,0.0373,0.235,0.0105,8.56,6.0,20,6,100,1.7,1.0,0.0278,1.2,1.6,1.7,1.1,1.7,1.4,1.2,2.0,0.7,2.0,20.9,0.753,2.27,2.8,2.61
11.899999999999999,12.2,11.600000000000001,3.6000000000000014,3.1999999999999993,4.0,23.9,26.6,21.2,26.7,30.2,23.2,0.0135,0.0368,0.00819,0.00994,1.79,0.00883,0.0087,0.0384,0.0374,0.233,0.0103,8.49,6.0,20,6,100,1.1,1.3,0.0277,1.4,1.9,1.7,0.9,1.6,1.5,0.9,2.2,0.9,2.2,21.1,0.753,0.908,1.8,1.44
12.899999999999999,12.0,13.8,1.1999999999999993,3.3999999999999986,-1.0,28.4,27.2,29.6,22.4,23.6,21.2,0.0134,0.0369,0.00939,0.00996,1.84,0.00964,0.00736,0.0386,0.0373,0.234,0.0108,8.45,6.0,20,5,100,0.9,1.2,0.0271,1.3,1.0,1.1,1.6,1.8,1.3,0.9,2.7,1.0,2.1,20.5,0.807,0.908,2.79,1.44
16.0,16.2,15.8,1.6999999999999993,5.399999999999999,-2.0,25.3,22.0,28.6,27.2,30.4,24.0,0.0125,0.0368,0.00907,0.0104,1.88,0.00885,0.00723,0.0385,0.0373,0.235,0.0104,8.5,6.0,23,7,100,1.5,1.4,0.0281,1.1,1.0,0.7,1.3,2.0,1.2,1.6,2.6,0.6,1.7,20.3,0.807,0.0,0.986,0.0
12.600000000000001,11.2,14.0,5.399999999999999,0.8000000000000007,10.0,26.1,21.6,30.6,23.4,25.2,21.6,0.0133,0.037,0.00941,0.0104,1.99,0.00894,0.00727,0.0386,0.0375,0.235,0.0112,8.53,6.0,21,7,100,1.9,2.0,0.0279,1.9,1.1,0.8,1.2,1.1,1.4,2.1,2.9,0.7,1.2,22.2,0.807,0.0,1.81,2.34
11.600000000000001,10.2,13.0,2.5,-1.3999999999999986,6.399999999999999,26.3,26.8,25.8,28.3,26.2,30.4,0.0124,0.0368,0.00885,0.0103,2.02,0.00894,0.00724,0.0387,0.0371,0.234,0.0111,8.54,6.0,21,7,100,1.2,2.6,0.027,1.7,1.4,0.8,1.2,1.0,1.9,1.7,3.2,1.1,1.3,22.3,0.0,0.905,1.76,2.34
11.899999999999999,12.8,11.0,2.3000000000000007,2.0,2.6000000000000014,23.0,23.8,22.2,27.4,29.8,25.0,0.0124,0.0369,0.00885,0.0104,2.13,0.00971,0.00705,0.0387,0.0374,0.235,0.0114,8.59,6.0,23,7,100,0.9,2.0,0.0271,1.5,1.6,1.5,1.2,0.9,1.9,1.8,3.2,1.0,1.8,21.9,0.0,0.905,1.76,2.34
15.2,18.4,12.0,4.800000000000001,3.0,6.600000000000001,28.0,28.2,27.8,24.6,29.6,19.6,0.01,0.0372,0.00879,0.00741,2.26,0.00896,0.00695,0.0387,0.0373,0.233,0.0112,8.65,6.0,25,7,100,1.3,1.1,0.0272,1.4,1.2,1.2,1.9,1.1,2.0,1.9,3.4,0.6,1.9,21.9,1.92,1.86,0.943,1.3
12.0,11.0,13.0,1.1000000000000014,4.800000000000001,-2.6000000000000014,22.2,21.4,23.0,22.3,24.2,20.4,0.0109,0.0371,0.0092,0.00747,2.36,0.00978,0.0075,0.0387,0.0373,0.235,0.0114,8.62,6.0,23,7,100,1.5,1.2,0.0267,1.5,1.3,1.0,1.3,1.6,2.0,1.4,3.3,0.9,2.1,22.5,1.92,0.957,0.964,1.3
15.3,17.0,13.600000000000001,0.6000000000000014,-3.6000000000000014,4.800000000000001,26.5,31.8,21.2,28.0,25.8,30.2,0.0109,0.0363,0.00774,0.00899,14.1,0.00998,0.00704,0.0384,0.0366,0.248,0.0127,18.3,11.0,14,7,25,1.0,14.9,0.0263,2.0,2.0,1.0,2.0,3.0,4.0,3.0,5.0,2.0,4.0,57.0,0.0,0.897,0.0,0.0
10.0,9.2,10.8,2.6000000000000014,1.3999999999999986,3.8000000000000007,23.4,26.6,20.2,22.4,21.6,23.2,0.0117,0.0366,0.00904,0.00908,13.3,0.0107,0.00759,0.0383,0.0371,0.249,0.0129,16.2,8.0,27,7,25,0.286,14.9,0.0267,0.714,0.571,0.571,0.571,0.429,0.571,0.429,1.14,0.429,0.714,11.3,0.0,0.897,0.0,0.0
9.100000000000001,11.0,7.199999999999999,1.8999999999999986,4.600000000000001,-0.8000000000000007,23.2,22.6,23.8,22.2,18.4,26.0,0.0109,0.0364,0.00871,0.0086,12.7,0.00988,0.00704,0.0385,0.0369,0.245,0.0128,15.5,8.0,27,8,25,0.3,14.9,0.0262,0.6,0.4,0.3,0.5,0.1,0.1,0.4,0.8,0.2,0.2,4.7,0.0,0.000514,0.0,0.0
8.5,11.0,6.0,1.0,6.0,-3.8999999999999986,22.3,22.4,22.2,22.4,23.6,21.2,0.0117,0.0362,0.00927,0.00835,11.6,0.0107,0.0075,0.0381,0.0367,0.244,0.0129,14.7,8.0,28,9,25,0.3,0.0,0.0262,0.3,0.5,0.2,0.5,0.2,0.4,0.5,0.8,0.2,0.4,4.7,0.815,0.0,1.04,1.46
9.5,8.2,10.8,2.8999999999999986,-0.6000000000000014,6.399999999999999,23.5,26.6,20.4,23.6,24.0,23.2,0.0108,0.0361,0.00879,0.0084,10.7,0.00976,0.00676,0.0383,0.0369,0.241,0.0101,13.8,8.0,23,8,25,0.3,0.4,0.027,0.2,0.8,0.7,0.3,0.3,0.3,0.1,0.8,0.2,0.5,5.6,1.47,0.0,1.04,1.46
13.399999999999999,11.600000000000001,15.2,3.8000000000000007,7.199999999999999,0.3999999999999986,21.8,21.4,22.2,22.1,21.8,22.4,0.0118,0.036,0.00931,0.00884,9.77,0.0105,0.00731,0.0382,0.0367,0.242,0.0101,13.4,8.0,22,8,25,0.4,0.4,0.0269,0.3,0.8,0.5,0.2,0.3,0.0,0.1,0.6,0.1,0.3,5.1,1.47,0.0,1.04,1.46
9.100000000000001,13.0,5.199999999999999,0.0,2.8000000000000007,-2.8000000000000007,22.6,25.6,19.6,23.0,27.2,18.8,0.0118,0.0359,0.00887,0.00818,9.07,0.00951,0.00857,0.0381,0.0368,0.238,0.0101,12.8,8.0,23,8,25,0.6,0.0,0.0264,0.5,0.7,0.1,0.1,0.4,0.1,0.2,0.6,0.3,0.9,5.4,0.655,0.0,0.0,0.0
9.5,11.399999999999999,7.600000000000001,2.0,1.3999999999999986,2.6000000000000014,25.6,22.6,28.6,21.4,18.0,24.8,0.0118,0.0359,0.00939,0.00869,8.08,0.0103,0.00803,0.038,0.0371,0.236,0.0102,12.5,8.0,23,7,25,0.5,0.1,0.0269,0.5,0.5,0.5,0.1,0.6,0.3,0.2,0.9,0.4,0.9,6.1,0.0,0.0,0.0,0.0
9.7,9.399999999999999,10.0,3.0,5.199999999999999,0.8000000000000007,22.5,25.6,19.4,22.1,19.4,24.8,0.0108,0.0355,0.00854,0.00831,7.33,0.00955,0.00752,0.038,0.0369,0.237,0.0101,12.1,7.0,23,7,25,0.3,0.5,0.027,0.3,0.4,0.7,0.1,0.5,0.2,0.3,0.8,0.5,0.3,5.6,0.727,0.857,0.0,0.0
9.8,13.399999999999999,6.199999999999999,2.8000000000000007,6.199999999999999,-0.6000000000000014,23.2,23.0,23.4,21.5,24.2,18.8,0.0121,0.0355,0.00904,0.00829,6.48,0.0103,0.00809,0.0379,0.037,0.233,0.0102,11.9,7.0,26,7,25,0.4,0.6,0.027,0.3,0.2,0.6,0.3,0.3,0.1,0.3,0.5,0.5,0.4,5.5,0.727,0.857,0.821,0.0
8.8,3.8000000000000007,13.8,1.6000000000000014,4.0,-0.8000000000000007,22.0,25.6,18.4,23.1,20.2,26.0,0.0121,0.0352,0.00876,0.00857,5.72,0.0101,0.00722,0.0381,0.0369,0.233,0.00999,11.8,7.0,32,7,25,0.3,0.3,0.0266,0.3,0.4,0.4,0.6,0.3,0.2,0.2,0.8,0.5,0.3,5.5,0.727,0.857,0.821,0.0
10.899999999999999,15.600000000000001,6.199999999999999,3.5,6.399999999999999,0.6000000000000014,22.3,16.4,28.2,25.6,25.4,25.8,0.0116,0.0351,0.00916,0.00814,4.74,0.0101,0.00725,0.0376,0.0369,0.233,0.0106,11.7,7.0,32,8,25,0.2,0.2,0.0265,0.4,0.3,0.3,0.4,0.5,0.2,0.4,1.2,0.6,0.1,5.6,0.0,0.0,0.821,0.0
9.3,9.399999999999999,9.2,-0.6999999999999993,2.3999999999999986,-3.8000000000000007,23.1,24.2,22.0,24.0,20.7,27.2,0.0106,0.0348,0.00864,0.00859,3.71,0.0103,0.00675,0.0377,0.0369,0.229,0.0105,11.5,7.0,23,8,25,0.4,0.1,0.0269,0.3,0.4,0.3,0.3,0.5,0.2,0.6,1.0,0.4,0.2,5.9,0.0,0.0,0.0,0.0
8.399999999999999,11.0,5.800000000000001,4.199999999999999,5.600000000000001,2.8000000000000007,24.6,20.4,28.8,21.5,20.9,22.1,0.0106,0.0346,0.00849,0.00812,2.8,0.0103,0.00735,0.0379,0.0369,0.228,0.0108,11.4,7.0,24,7,25,0.4,0.2,0.0268,0.5,0.7,0.3,0.4,0.4,0.1,0.5,1.0,0.2,0.3,6.4,0.0,0.552,0.0,1.23
13.3,10.600000000000001,16.0,1.1999999999999993,0.1999999999999993,2.1999999999999993,24.1,26.6,21.6,23.0,21.8,24.2,0.0105,0.0346,0.00855,0.00804,1.98,0.0103,0.0068,0.0376,0.0369,0.226,0.0106,11.3,7.0,24,8,25,0.2,0.2,0.0262,0.5,0.4,0.3,0.2,0.3,0.5,0.3,0.7,0.1,0.4,5.0,0.0,0.552,0.584,1.23
9.8,11.0,8.600000000000001,1.8999999999999986,4.800000000000001,-1.0,22.5,26.6,18.4,22.7,24.8,20.6,0.0114,0.0345,0.00878,0.00809,1.17,0.00878,0.00725,0.0376,0.0371,0.227,0.0107,11.2,7.0,19,7,25,0.4,0.0,0.0261,0.4,0.4,0.4,0.1,0.6,0.5,0.2,0.6,0.2,0.4,5.0,0.0,1.54,0.584,1.23
9.2,8.600000000000001,9.8,1.8000000000000007,3.0,0.6000000000000014,27.4,24.4,30.4,23.1,24.4,21.8,0.0101,0.0345,0.00837,0.00859,0.596,0.00878,0.00665,0.0378,0.037,0.223,0.0111,11.1,7.0,22,7,25,0.6,0.2,0.027,0.6,0.2,0.5,0.2,0.9,0.1,0.2,0.9,0.5,0.4,5.9,0.0,0.988,1.54,0.0
9.399999999999999,13.2,5.600000000000001,4.199999999999999,6.199999999999999,2.1999999999999993,22.9,27.0,18.8,22.2,21.8,22.6,0.0101,0.0345,0.00788,0.00801,0.622,0.00872,0.0073,0.0377,0.0371,0.224,0.0108,11.0,7.0,22,7,25,0.2,0.7,0.0271,0.6,0.3,0.2,0.4,0.6,0.0,0.3,0.7,0.4,0.6,5.6,1.57,0.988,0.954,0.0
8.5,5.199999999999999,11.8,0.6000000000000014,4.199999999999999,-3.0,22.8,22.6,23.0,23.9,22.4,25.4,0.0111,0.0344,0.00791,0.00844,0.64,0.00946,0.0073,0.0379,0.0371,0.225,0.0107,10.9,7.0,22,7,25,0.0,0.1,0.0262,0.2,0.3,0.2,0.5,0.4,0.4,0.2,0.3,0.2,0.8,4.9,1.57,0.0,0.954,0.0
8.5,9.600000000000001,7.399999999999999,3.3000000000000007,2.1999999999999993,4.399999999999999,23.8,22.6,25.0,22.0,18.4,25.6,0.011,0.0345,0.0086,0.00813,0.674,0.00869,0.0067,0.0378,0.0368,0.224,0.0103,10.9,7.0,31,8,25,0.2,0.2,0.0268,0.1,0.3,0.5,0.5,0.3,0.6,0.0,0.2,0.2,0.5,4.9,1.58,0.0,0.0,0.0
13.0,16.6,9.399999999999999,3.3000000000000007,8.0,-1.3999999999999986,27.5,31.6,23.4,27.2,27.2,27.2,0.0103,0.0343,0.00775,0.00815,0.591,0.00889,0.00674,0.0383,0.0367,0.227,0.0109,13.1,9.0,26,8,50,0.0,1.0,0.0265,2.0,2.0,3.0,5.0,1.0,2.0,3.0,3.0,2.0,7.0,65.0,0.0,0.889,0.0,0.0
10.899999999999999,8.600000000000001,13.2,1.8999999999999986,1.1999999999999993,2.6000000000000014,22.2,24.4,20.0,23.5,24.4,22.6,0.0112,0.0345,0.00821,0.00815,0.621,0.00965,0.00806,0.0382,0.0365,0.226,0.011,11.4,8.0,24,7,50,0.667,0.833,0.0258,0.833,1.67,1.17,1.17,0.5,0.667,0.667,1.33,0.667,2.67,23.7,0.0,0.88,0.0,0.0
11.0,15.0,7.0,1.0,2.0,0.0,22.5,23.4,21.6,24.8,20.2,29.4,0.0102,0.0342,0.0078,0.00824,0.63,0.00962,0.0075,0.0381,0.0369,0.228,0.0113,10.9,8.0,21,7,50,0.8,0.7,0.0266,0.9,1.1,0.5,0.6,0.5,0.8,0.7,1.5,0.4,1.7,13.9,0.0,0.88,1.0,1.43
9.2,10.8,7.600000000000001,3.1999999999999993,3.8000000000000007,2.6000000000000014,23.7,21.8,25.6,22.6,23.1,22.1,0.0116,0.0343,0.00817,0.00847,0.656,0.00962,0.00687,0.0379,0.0366,0.23,0.0111,10.8,8.0,21,7,50,0.5,0.4,0.0267,0.7,0.7,0.4,0.8,0.5,1.0,0.9,1.4,0.5,1.4,11.0,0.0,0.000192,1.0,1.43
9.3,10.399999999999999,8.2,0.6999999999999993,1.8000000000000007,-0.3999999999999986,24.6,22.4,26.8,22.2,25.1,19.3,0.0106,0.0344,0.00765,0.00838,0.687,0.00884,0.00683,0.0383,0.0366,0.228,0.0114,10.6,7.0,22,7,50,0.6,0.7,0.026,0.5,0.8,0.8,0.6,0.7,0.7,0.6,1.2,0.3,1.2,10.4,0.978,0.0,1.66,1.43
13.2,12.2,14.2,1.6999999999999993,0.3999999999999986,3.0,23.8,25.8,21.8,22.0,22.0,22.0,0.0114,0.0342,0.00765,0.00843,0.702,0.00958,0.0074,0.0384,0.0365,0.228,0.0113,10.6,7.0,29,8,50,0.5,0.6,0.0263,0.3,0.9,0.5,0.9,0.8,0.7,0.7,1.1,0.2,1.0,10.0,0.978,0.0,0.662,0.0
11.0,8.2,13.8,4.0,4.399999999999999,3.6000000000000014,25.4,22.8,28.0,27.1,23.6,30.6,0.0102,0.0344,0.00779,0.00793,0.73,0.00882,0.00683,0.0384,0.0364,0.229,0.0111,10.6,7.0,29,8,50,0.8,0.5,0.0258,0.6,0.5,0.4,1.0,0.4,0.3,1.0,0.7,0.2,1.2,10.0,1.63,0.751,1.22,0.0
10.399999999999999,7.399999999999999,13.399999999999999,1.3999999999999986,-0.1999999999999993,3.0,24.9,27.6,22.2,23.5,25.6,21.4,0.011,0.0344,0.00812,0.00803,0.777,0.00879,0.00694,0.0385,0.0366,0.229,0.0113,10.5,7.0,21,8,50,0.9,0.6,0.026,0.6,0.5,0.9,0.8,0.8,1.1,0.8,1.2,0.1,1.5,11.5,0.651,0.751,1.39,0.0
10.3,8.8,11.8,1.6000000000000014,-2.6000000000000014,5.800000000000001,24.1,24.2,24.0,22.9,23.0,22.8,0.01,0.0343,0.00778,0.00839,0.79,0.01,0.00736,0.0386,0.0364,0.229,0.0106,10.4,7.0,24,8,50,0.7,1.1,0.0261,0.7,0.7,1.0,0.6,1.4,1.0,0.6,2.3,0.8,1.7,13.4,0.651,0.751,1.39,0.0
9.8,9.399999999999999,10.2,3.6000000000000014,3.3999999999999986,3.8000000000000007,21.8,19.6,24.0,24.9,27.6,22.2,0.011,0.0344,0.0082,0.00793,0.803,0.00879,0.00748,0.0385,0.0365,0.229,0.0107,10.5,7.0,24,8,50,0.6,0.7,0.0256,1.0,0.7,0.8,0.7,1.1,0.4,0.8,2.0,1.0,1.3,12.3,0.0,0.0,0.833,0.0
12.100000000000001,15.0,9.2,0.8000000000000007,-1.3999999999999986,3.0,27.4,26.0,28.8,23.9,21.2,26.6,0.011,0.0343,0.0082,0.0085,0.834,0.00879,0.00688,0.0384,0.0364,0.228,0.0106,10.5,7.0,29,8,50,0.5,0.3,0.0257,0.5,0.5,0.5,0.6,0.7,0.8,1.3,1.3,0.5,1.2,10.4,0.0,0.686,0.0,2.18
10.7,14.2,7.199999999999999,3.1999999999999993,2.0,4.399999999999999,21.6,18.8,24.4,22.4,20.6,24.2,0.011,0.0343,0.00815,0.00859,0.879,0.0095,0.00741,0.0384,0.0366,0.232,0.0107,10.4,7.0,29,7,50,0.5,0.7,0.0264,0.2,0.4,0.5,0.9,0.7,0.7,0.9,1.4,0.5,0.8,10.2,0.556,0.686,0.0,2.18
10.100000000000001,7.0,13.2,1.3000000000000007,4.399999999999999,-1.8000000000000007,24.4,24.2,24.6,23.8,22.2,25.4,0.0101,0.0345,0.00771,0.00854,0.894,0.00875,0.00696,0.0386,0.0363,0.229,0.0106,10.4,7.0,26,8,50,0.6,0.7,0.0266,0.6,0.5,0.8,1.7,0.4,0.7,0.3,1.8,0.7,1.0,11.8,0.556,0.686,0.0,2.8
10.3,14.600000000000001,6.0,5.600000000000001,6.0,5.199999999999999,26.8,26.4,27.2,25.7,29.4,22.0,0.011,0.0346,0.00831,0.00804,0.92,0.0096,0.00751,0.0385,0.0367,0.23,0.0102,10.3,7.0,23,8,50,0.7,0.4,0.0256,0.7,1.0,0.8,1.3,0.4,0.9,0.5,1.4,0.4,1.0,11.2,1.53,0.0,1.91,1.19
11.5,11.2,11.8,1.1999999999999993,-0.6000000000000014,3.0,23.8,25.4,22.2,23.0,22.6,23.4,0.011,0.0348,0.00854,0.00886,0.969,0.00887,0.00686,0.0386,0.0367,0.231,0.0104,10.2,7.0,20,7,50,0.8,0.5,0.0265,0.8,1.1,0.5,0.4,0.6,0.8,0.7,1.2,0.3,0.4,9.4,0.972,0.0,1.91,1.19
9.2,13.8,4.600000000000001,1.3000000000000007,2.1999999999999993,0.3999999999999986,22.5,26.6,18.4,22.3,22.6,22.0,0.0111,0.0351,0.00848,0.00845,1.0,0.00888,0.00737,0.0382,0.0367,0.229,0.0101,10.3,7.0,24,8,50,0.9,0.7,0.0265,1.3,0.8,0.5,0.8,0.9,0.9,0.6,1.7,0.7,0.4,11.8,0.972,0.0,1.91,0.576
13.0,11.2,14.8,0.6999999999999993,3.8000000000000007,-2.3999999999999986,28.4,25.6,31.2,27.5,28.8,26.2,0.0103,0.0352,0.00791,0.00837,1.02,0.00888,0.0069,0.0385,0.0369,0.231,0.0111,10.4,7.0,30,8,50,0.9,0.7,0.0257,1.3,0.6,0.8,1.0,0.9,1.0,0.4,1.7,0.7,0.4,12.5,0.0,0.0,0.0,0.0
9.899999999999999,11.0,8.8,2.5,6.600000000000001,-1.6000000000000014,23.1,25.2,21.0,22.7,20.8,24.6,0.0103,0.0352,0.00837,0.00857,1.07,0.00888,0.00742,0.0384,0.0368,0.232,0.0112,10.4,7.0,30,8,50,0.7,0.7,0.0265,0.9,0.4,0.7,0.6,0.7,0.7,0.4,1.6,0.4,0.7,10.4,0.0,0.0,0.996,0.0
10.899999999999999,14.0,7.800000000000001,1.1999999999999993,-1.3999999999999986,3.8000000000000007,22.3,20.4,24.2,23.8,23.4,24.2,0.0102,0.0353,0.00799,0.00848,1.13,0.00888,0.00729,0.0387,0.0369,0.23,0.0112,10.4,7.0,26,8,50,0.7,0.3,0.0267,0.4,0.3,0.7,0.7,1.0,1.1,0.4,1.1,0.1,1.2,9.9,0.0,0.805,0.996,1.47
9.8,10.0,9.600000000000001,4.699999999999999,6.0,3.3999999999999986,26.2,26.4,26.0,21.7,18.2,25.2,0.0111,0.035,0.00846,0.00781,1.17,0.00975,0.00737,0.0387,0.0369,0.229,0.0112,10.3,7.0,22,7,50,0.7,0.2,0.0267,0.2,0.3,0.8,0.9,0.7,1.0,0.6,1.0,0.4,1.6,10.5,0.0,0.805,1.86,1.47
11.399999999999999,9.0,13.8,2.1000000000000014,1.3999999999999986,2.8000000000000007,24.3,20.6,28.0,27.0,30.6,23.4,0.0112,0.0346,0.00835,0.0084,1.14,0.00964,0.0072,0.0387,0.0372,0.232,0.0101,8.36,6.0,17,6,100,2.2,2.0,0.0273,2.2,2.0,1.2,2.8,1.6,0.8,2.2,4.4,1.6,3.0,52.0,0.954,0.0,0.0,0.0
11.600000000000001,12.399999999999999,10.8,1.0,4.600000000000001,-2.6000000000000014,25.2,20.0,30.4,22.8,25.2,20.4,0.0104,0.0348,0.00835,0.00893,1.2,0.0089,0.00663,0.0386,0.0373,0.23,0.0102,8.33,6.0,18,7,100,1.8,1.9,0.0275,1.7,1.7,1.3,2.2,1.4,1.0,1.6,4.0,1.8,2.5,37.1,0.954,0.0,0.0,1.42
11.399999999999999,13.600000000000001,9.2,4.300000000000001,4.800000000000001,3.8000000000000007,29.3,31.6,27.0,27.4,31.6,23.2,0.0113,0.0347,0.00768,0.00901,1.24,0.00964,0.00722,0.0385,0.0371,0.23,0.0104,8.45,6.0,21,7,100,0.9,1.4,0.0275,1.0,1.2,1.4,1.6,1.1,1.5,1.1,2.6,1.3,1.6,20.6,0.00022,1.09,0.0,2.66
10.899999999999999,13.2,8.600000000000001,1.6000000000000014,-1.0,4.199999999999999,24.0,25.4,22.6,24.3,24.4,24.2,0.0104,0.0347,0.00786,0.00883,1.28,0.00889,0.00667,0.0385,0.0371,0.23,0.0133,8.68,6.0,23,7,100,0.8,1.1,0.0275,0.8,1.2,1.3,1.8,0.9,1.7,1.3,2.6,1.0,1.2,20.9,0.0,1.09,3.62,2.66
12.8,11.0,14.600000000000001,4.300000000000001,9.600000000000001,-1.0,25.6,31.0,20.2,25.7,25.4,26.0,0.0114,0.0347,0.00821,0.00851,1.32,0.00884,0.00681,0.0383,0.0374,0.232,0.0131,8.82,7.0,22,7,100,1.3,1.1,0.0272,1.0,1.0,1.5,1.7,1.2,1.3,1.7,3.7,1.1,2.0,23.0,1.21,1.76,3.62,2.31
10.5,10.0,11.0,0.1999999999999993,-1.8000000000000007,2.1999999999999993,27.0,25.6,28.4,23.8,22.4,25.2,0.0104,0.0348,0.008,0.0084,1.35,0.00958,0.00669,0.0382,0.0373,0.232,0.0129,9.02,7.0,25,7,100,1.6,1.1,0.0276,1.2,0.8,1.2,1.2,1.6,1.0,1.7,3.2,0.6,2.6,21.7,1.21,0.671,3.62,1.08
13.5,7.800000000000001,19.200000000000003,7.300000000000001,10.600000000000001,4.0,28.4,26.0,30.8,26.4,26.0,26.8,0.0114,0.0348,0.00836,0.00827,1.4,0.00958,0.00737,0.0382,0.0374,0.23,0.013,8.9,7.0,24,7,100,1.4,1.7,0.0276,1.5,1.1,1.2,1.2,1.4,0.7,1.6,3.0,0.7,2.1,21.5,2.13,1.22,1.75,2.41
14.399999999999999,12.8,16.0,0.6999999999999993,-2.1999999999999993,3.6000000000000014,25.4,24.2,26.6,23.7,26.2,21.2,0.0105,0.0348,0.00788,0.00818,1.44,0.00887,0.00684,0.0381,0.0372,0.23,0.0129,9.07,7.0,24,7,100,1.2,1.8,0.0271,1.6,0.9,1.7,1.4,1.0,0.8,1.4,2.8,0.8,1.9,21.7,0.918,0.553,1.75,1.33
13.0,13.2,12.8,2.6999999999999993,0.6000000000000014,4.800000000000001,25.5,26.0,25.0,23.5,20.2,26.8,0.0113,0.0347,0.00831,0.00833,1.53,0.0096,0.00749,0.0381,0.0375,0.229,0.013,9.2,7.0,30,7,100,1.2,2.0,0.0277,1.6,1.1,1.7,1.3,1.1,0.9,1.4,2.4,1.0,2.4,22.6,0.918,1.61,2.54,2.46
11.399999999999999,11.2,11.600000000000001,2.3000000000000007,-1.6000000000000014,6.199999999999999,26.8,31.4,22.2,27.4,26.0,28.8,0.0104,0.0347,0.0077,0.00866,1.57,0.00874,0.00742,0.0383,0.0371,0.233,0.0128,9.17,7.0,27,7,100,1.5,2.7,0.0278,1.3,1.3,1.6,1.5,1.2,1.1,1.6,2.5,1.2,2.4,24.1,0.0,1.05,0.788,1.13
10.600000000000001,8.0,13.2,2.8999999999999986,6.199999999999999,-0.3999999999999986,23.2,26.2,20.2,26.3,26.2,26.4,0.0114,0.0347,0.00817,0.00779,1.6,0.00954,0.00752,0.0383,0.037,0.23,0.013,9.18,7.0,23,7,100,2.0,2.3,0.027,1.5,1.3,1.5,1.7,0.9,1.5,1.1,3.3,1.8,2.2,24.9,0.757,1.05,1.76,1.13
13.2,11.600000000000001,14.8,2.1000000000000014,4.800000000000001,-0.6000000000000014,27.6,25.0,30.2,24.0,20.9,27.1,0.0103,0.0344,0.00786,0.00817,1.67,0.00965,0.00701,0.0385,0.0372,0.231,0.0133,9.18,7.0,24,7,100,1.4,1.5,0.0275,2.1,1.5,1.3,1.3,0.8,1.6,1.0,3.1,1.6,2.1,23.1,0.757,0.0,0.968,1.31
11.0,13.0,9.0,3.5,-1.1999999999999993,8.2,26.5,27.6,25.4,22.5,22.1,22.9,0.0103,0.0343,0.00828,0.00825,1.68,0.00965,0.00701,0.0384,0.037,0.229,0.0123,9.2,7.0,26,7,100,1.3,1.3,0.0278,1.8,1.4,1.0,1.2,0.9,1.8,1.2,2.8,1.0,1.9,21.7,1.6,0.765,2.73,1.31
14.899999999999999,13.399999999999999,16.4,1.3999999999999986,0.3999999999999986,2.3999999999999986,23.7,25.4,22.0,28.2,27.1,29.3,0.0103,0.0345,0.00773,0.00826,1.74,0.00965,0.00702,0.0384,0.0371,0.231,0.0122,9.16,7.0,23,7,100,1.5,1.6,0.0277,1.1,1.4,1.4,0.8,1.4,1.5,1.4,3.4,1.1,1.8,22.3,0.841,1.7,1.76,2.48
10.0,12.8,7.199999999999999,6.100000000000001,7.800000000000001,4.399999999999999,27.2,26.2,28.2,22.4,22.3,22.5,0.00953,0.0344,0.00815,0.00835,1.79,0.00969,0.00778,0.0383,0.0371,0.229,0.0122,9.11,7.0,21,7,100,1.1,1.5,0.0278,1.4,1.0,1.5,0.8,1.8,1.0,1.4,2.7,0.8,2.1,20.6,1.77,1.7,2.54,2.5
11.3,11.399999999999999,11.2,0.3999999999999986,2.8000000000000007,-2.0,26.1,25.4,26.8,29.6,25.6,33.6,0.0104,0.0345,0.0078,0.00825,1.86,0.00882,0.00771,0.0383,0.0368,0.232,0.0122,9.17,7.0,22,7,100,1.9,1.0,0.0272,2.0,1.1,1.1,1.3,1.4,1.3,1.1,2.7,1.0,2.5,21.1,0.93,0.931,1.7,2.5
10.7,15.399999999999999,6.0,3.8999999999999986,5.800000000000001,2.0,23.9,26.6,21.2,22.7,25.4,20.0,0.0113,0.0344,0.00812,0.00709,1.93,0.00881,0.00828,0.0385,0.0372,0.233,0.0122,9.18,7.0,25,7,100,1.9,0.9,0.0272,1.6,2.0,1.2,1.1,1.5,1.4,1.2,3.1,1.4,2.2,22.6,0.93,0.0,1.7,2.48
14.7,10.600000000000001,18.8,3.3000000000000007,8.2,-1.6000000000000014,27.5,25.2,29.8,26.4,31.2,21.6,0.0104,0.0343,0.00763,0.00749,2.0,0.00881,0.00696,0.0385,0.0372,0.232,0.0121,9.17,7.0,25,7,100,1.1,1.1,0.0274,1.6,1.8,1.3,1.2,2.3,0.9,1.3,2.3,1.2,1.6,22.2,0.0,0.0,1.91,1.16
10.7,10.0,11.399999999999999,1.6000000000000014,-1.0,4.199999999999999,24.9,25.0,24.8,28.9,29.2,28.6,0.0114,0.0344,0.00763,0.00759,2.1,0.00956,0.00747,0.0385,0.037,0.232,0.0129,9.25,7.0,28,7,100,1.1,1.3,0.027,1.5,1.0,1.3,2.0,2.0,1.2,0.9,2.0,0.4,1.3,20.0,0.0,0.89,0.991,2.59
14.100000000000001,15.600000000000001,12.600000000000001,3.8000000000000007,-1.3999999999999986,9.0,26.7,29.6,23.8,27.3,32.2,22.4,0.0103,0.0374,0.0079,0.00903,15.7,0.0101,0.0071,0.0396,0.0358,0.25,0.0108,16.2,12.0,33,11,25,3.0,2.0,0.0287,1.0,1.0,5.0,12.2,2.0,14.2,4.0,3.0,1.0,1.0,54.0,0.0,0.0,0.0,0.0
11.0,9.0,13.0,3.6000000000000014,4.800000000000001,2.3999999999999986,22.1,19.2,25.0,22.6,20.8,24.4,0.0113,0.0374,0.00831,0.00871,14.6,0.00887,0.00664,0.0395,0.036,0.246,0.0109,15.6,12.0,33,9,25,0.667,0.333,0.0281,0.333,0.167,1.17,0.167,0.5,0.167,1.33,0.5,0.167,0.833,11.8,0.0,0.877,0.0,1.44
10.3,12.600000000000001,8.0,1.1999999999999993,1.6000000000000014,0.8000000000000007,22.5,19.6,25.4,23.1,24.0,22.2,0.0104,0.0376,0.00807,0.00917,13.6,0.00887,0.00653,0.0392,0.0361,0.246,0.0107,14.4,10.0,32,9,25,0.1,0.1,0.0287,0.3,0.1,0.4,0.3,0.3,0.2,0.6,0.1,0.1,0.9,4.1,0.825,0.877,0.0,1.44
10.100000000000001,10.399999999999999,9.8,2.1999999999999993,-1.8000000000000007,6.199999999999999,23.9,22.6,25.2,21.7,19.6,23.8,0.0114,0.0373,0.00851,0.00863,12.8,0.00998,0.00711,0.0394,0.036,0.247,0.0109,13.7,10.0,29,8,25,0.2,0.2,0.0281,0.4,0.4,0.3,0.3,0.3,0.2,0.3,0.5,0.1,0.8,4.7,0.825,0.877,0.983,1.44
9.399999999999999,5.600000000000001,13.2,3.6999999999999993,6.0,1.3999999999999986,23.2,23.2,23.2,23.3,26.2,20.4,0.0104,0.0371,0.00808,0.00724,11.8,0.00998,0.00663,0.0393,0.0362,0.244,0.0107,12.8,9.0,19,8,25,0.3,0.3,0.0288,0.5,0.3,0.5,0.3,0.3,0.4,0.3,0.7,0.2,0.5,5.5,1.49,0.0,0.983,0.0
12.5,15.600000000000001,9.399999999999999,1.3999999999999986,-3.0,5.800000000000001,21.5,23.8,19.2,22.4,26.8,18.0,0.0117,0.0371,0.00878,0.00735,10.8,0.0107,0.00712,0.0394,0.0362,0.245,0.0108,12.8,9.0,28,9,25,0.2,0.3,0.0288,0.4,0.2,0.4,0.5,0.4,0.2,0.5,0.5,0.2,0.4,5.3,0.666,0.778,0.983,0.0
10.2,10.8,9.600000000000001,1.8999999999999986,-0.3999999999999986,4.199999999999999,25.1,28.0,22.2,22.8,24.6,21.0,0.0108,0.0372,0.00878,0.00858,9.93,0.00987,0.00651,0.0395,0.036,0.238,0.0107,12.7,9.0,29,8,25,0.3,0.6,0.029,0.1,0.4,0.1,0.4,0.6,0.1,0.4,0.8,0.3,0.6,5.5,0.666,0.779,0.0,0.0
9.399999999999999,10.0,8.8,2.1000000000000014,5.0,-0.8000000000000007,21.2,18.2,24.2,22.9,20.0,25.8,0.0116,0.0372,0.00896,0.00804,9.09,0.0106,0.007,0.0394,0.036,0.238,0.0108,12.5,9.0,29,7,25,0.4,0.8,0.029,0.4,0.4,0.1,0.1,0.5,0.3,0.1,0.8,0.3,0.6,5.8,0.0,0.779,0.0,0.0
10.8,9.2,12.399999999999999,3.3999999999999986,0.8000000000000007,6.0,25.6,22.4,28.8,22.0,17.2,26.8,0.0102,0.0369,0.00859,0.00846,8.21,0.00953,0.00653,0.0392,0.0361,0.236,0.01,12.4,8.0,32,8,25,0.4,0.4,0.0284,0.5,0.6,0.1,0.1,0.3,0.2,0.1,0.5,0.1,0.6,5.2,0.0,0.0,0.0,0.0
10.600000000000001,12.0,9.2,2.3999999999999986,-0.1999999999999993,5.0,22.7,21.8,23.6,21.7,18.2,25.2,0.011,0.0368,0.00807,0.00808,7.36,0.00935,0.00712,0.0391,0.0361,0.237,0.0102,12.5,8.0,36,8,25,0.7,0.3,0.0286,0.2,0.7,0.2,0.4,0.3,0.1,0.3,0.6,0.1,0.6,5.5,0.0,0.0,0.0,0.0
12.8,15.0,10.600000000000001,0.8999999999999986,1.0,0.8000000000000007,24.3,22.0,26.6,22.8,18.2,27.4,0.0101,0.0373,0.00742,0.00855,6.28,0.0102,0.00657,0.0391,0.036,0.234,0.0101,12.1,8.0,33,7,25,0.7,0.2,0.0282,0.1,0.3,0.5,0.5,0.4,0.2,0.3,0.6,0.3,0.3,5.8,0.0,0.0,0.0,0.0
9.7,8.399999999999999,11.0,2.6999999999999993,6.399999999999999,-1.0,23.1,24.4,21.8,24.6,21.8,27.4,0.0109,0.0373,0.00908,0.00864,5.15,0.0091,0.00858,0.0392,0.0361,0.232,0.0103,11.9,8.0,19,7,25,0.3,0.0,0.0287,0.0,0.6,0.5,0.5,0.2,0.4,0.1,0.7,0.3,0.4,5.6,0.0,0.0,0.0,1.03
10.7,10.600000000000001,10.8,3.6000000000000014,4.600000000000001,2.6000000000000014,24.3,20.8,27.8,22.4,24.8,20.0,0.0109,0.0373,0.00867,0.00794,4.2,0.0091,0.0081,0.0389,0.0361,0.231,0.0101,11.9,8.0,19,10,25,0.3,0.1,0.0282,0.0,0.6,0.3,0.6,0.0,0.4,0.2,1.0,0.3,0.5,5.7,0.0,0.0,1.22,1.03
9.600000000000001,7.199999999999999,12.0,3.1000000000000014,0.1999999999999993,6.0,23.1,23.4,22.8,21.6,25.6,17.6,0.0107,0.037,0.00905,0.00818,3.3,0.0091,0.00872,0.0389,0.0361,0.232,0.0103,11.7,8.0,20,8,25,0.4,0.2,0.0282,0.4,0.1,0.6,0.3,0.1,0.2,0.3,0.9,0.4,0.4,5.4,1.52,0.0,1.22,1.03
10.399999999999999,8.8,12.0,1.1000000000000014,3.0,-0.8000000000000007,23.1,24.0,22.2,21.7,21.4,22.0,0.00978,0.0371,0.00873,0.00803,2.39,0.00955,0.00749,0.039,0.0362,0.227,0.0101,11.7,8.0,25,8,25,0.4,0.3,0.0286,0.5,0.0,0.6,0.3,0.6,0.1,0.5,0.8,0.3,0.6,5.7,1.52,0.0,1.22,0.0
12.0,12.2,11.8,2.5,1.8000000000000007,3.1999999999999993,22.5,21.0,24.0,21.6,22.6,20.6,0.0106,0.0369,0.00916,0.00803,1.39,0.00955,0.00799,0.0387,0.0361,0.229,0.0109,11.6,8.0,29,8,25,0.2,0.3,0.0278,0.2,0.1,0.4,0.2,0.6,0.2,0.5,0.7,0.3,0.7,5.2,1.52,0.0,0.0,0.0
10.100000000000001,9.0,11.2,1.6999999999999993,2.1999999999999993,1.1999999999999993,26.5,26.4,26.6,22.4,18.9,25.9,0.00962,0.0368,0.00869,0.0085,0.589,0.00868,0.00738,0.039,0.0361,0.228,0.0105,11.4,8.0,29,7,25,0.1,0.3,0.0288,0.3,0.4,0.4,0.1,0.6,0.2,0.2,0.8,0.2,0.3,5.3,0.0,1.43,0.0,0.0
10.100000000000001,12.2,8.0,2.0,-1.6000000000000014,5.600000000000001,23.0,22.4,23.6,25.1,26.1,24.1,0.0105,0.0366,0.00896,0.00802,0.625,0.0094,0.00795,0.0386,0.0359,0.226,0.0105,11.4,8.0,31,8,25,0.2,0.2,0.0284,0.5,0.4,0.2,0.4,0.7,0.0,0.2,0.8,0.3,0.2,5.3,0.0,1.43,0.794,0.0
9.7,9.8,9.600000000000001,0.3000000000000007,3.1999999999999993,-2.6000000000000014,22.3,23.2,21.4,21.4,19.4,23.4,0.0105,0.0368,0.00858,0.00845,0.654,0.00946,0.00749,0.0386,0.036,0.228,0.0106,11.3,8.0,26,8,25,0.3,0.2,0.0288,0.5,0.4,0.1,0.4,0.5,0.1,0.2,1.0,0.2,0.1,5.0,0.0,1.43,0.794,0.925
9.899999999999999,8.600000000000001,11.2,3.8000000000000007,0.6000000000000014,7.0,22.5,23.6,21.4,21.4,25.0,17.8,0.0105,0.037,0.00898,0.00793,0.686,0.00946,0.00801,0.0385,0.036,0.225,0.0107,11.2,8.0,26,7,25,0.5,0.5,0.0287,0.4,0.5,0.4,0.4,0.2,0.2,0.2,1.0,0.2,0.2,5.8,0.0,0.0,0.794,0.925
15.399999999999999,14.0,16.8,4.0,6.0,2.0,27.5,27.4,27.6,26.9,26.6,27.2,0.0107,0.0367,0.00858,0.0084,0.683,0.00953,0.00741,0.0379,0.0355,0.226,0.0104,18.6,15.0,21,7,50,0.0,0.0,0.0285,0.0,0.0,0.0,0.0,0.2,0.0,0.0,0.0,0.0,0.0,0.0,0.972,0.0,0.0,0.0
12.100000000000001,6.800000000000001,17.4,2.1000000000000014,2.0,2.1999999999999993,23.7,21.4,26.0,23.2,24.5,21.9,0.012,0.0369,0.00912,0.00849,0.771,0.00953,0.008,0.0381,0.0356,0.23,0.01,18.4,12.0,31,7,50,0.25,3.25,0.0279,0.75,1.25,1.75,0.5,0.0,1.5,2.0,2.0,1.0,1.5,30.8,0.973,0.0,0.0,0.0
11.3,13.2,9.399999999999999,1.1999999999999993,4.800000000000001,-2.3999999999999986,22.7,21.6,23.8,22.2,17.7,26.7,0.0107,0.0368,0.00842,0.00855,0.792,0.00956,0.0075,0.038,0.0355,0.228,0.00991,16.4,10.0,31,8,50,0.4,1.6,0.0278,0.7,1.0,1.0,0.5,0.4,0.9,1.1,1.9,0.5,1.1,18.2,0.973,1.05,0.0,0.0
12.100000000000001,15.8,8.399999999999999,2.1999999999999993,4.600000000000001,-0.1999999999999993,23.3,20.0,26.6,22.0,22.0,22.0,0.0115,0.0368,0.00887,0.00738,0.831,0.00956,0.00809,0.038,0.0356,0.23,0.0101,15.0,9.0,22,8,50,0.6,0.6,0.0284,0.8,0.7,0.9,0.7,0.8,0.5,0.7,1.2,0.2,0.8,10.8,0.000226,1.05,1.07,0.0
11.399999999999999,9.399999999999999,13.399999999999999,2.0,4.399999999999999,-0.3999999999999986,25.2,24.0,26.4,23.9,22.0,25.8,0.0106,0.037,0.008,0.00788,0.878,0.00882,0.00761,0.0379,0.0357,0.228,0.0104,14.5,9.0,22,8,50,0.6,0.6,0.0279,1.0,0.5,0.9,1.0,0.9,0.4,0.8,1.3,0.6,1.0,11.7,0.0,1.05,1.81,1.42
10.7,10.8,10.600000000000001,1.5,5.399999999999999,-2.3999999999999986,22.4,19.4,25.4,23.3,22.8,23.8,0.0115,0.037,0.00781,0.00819,0.899,0.00962,0.00897,0.0379,0.0357,0.231,0.0107,14.0,8.0,24,9,50,0.6,0.4,0.0288,0.9,0.8,0.7,0.9,0.8,0.3,0.5,1.3,0.6,1.1,10.6,0.0,0.0,1.81,1.42
10.600000000000001,8.2,13.0,3.0,5.600000000000001,0.3999999999999986,27.3,24.0,30.6,25.4,23.8,27.0,0.0107,0.0369,0.00816,0.00865,0.923,0.00894,0.00838,0.038,0.0356,0.229,0.0105,13.7,8.0,30,9,50,0.5,0.3,0.0287,0.6,0.8,0.8,0.9,1.0,0.7,0.7,1.2,0.3,1.0,10.7,0.0,0.0,0.731,2.59
9.8,14.8,4.800000000000001,2.8000000000000007,2.0,3.6000000000000014,24.4,24.8,24.0,22.6,20.0,25.2,0.0116,0.0368,0.00867,0.00817,0.946,0.00881,0.00891,0.0377,0.0357,0.23,0.0107,13.5,8.0,30,10,50,0.5,0.6,0.0286,0.6,0.5,0.8,0.8,0.9,0.6,0.9,1.4,0.5,1.0,10.8,0.0,0.0,0.704,1.18
11.0,10.399999999999999,11.600000000000001,2.1999999999999993,-2.1999999999999993,6.600000000000001,23.6,20.2,27.0,21.7,20.9,22.5,0.0108,0.0366,0.00713,0.00846,0.987,0.00881,0.00689,0.0379,0.0355,0.229,0.0105,13.2,8.0,26,9,50,0.4,0.7,0.028,0.9,0.6,0.8,0.6,0.6,0.3,0.7,1.2,0.3,0.6,9.5,0.0,0.0,0.704,1.18
13.600000000000001,15.0,12.2,2.8999999999999986,2.3999999999999986,3.3999999999999986,25.0,27.4,22.6,25.0,24.3,25.7,0.0108,0.0367,0.00823,0.0086,1.04,0.00954,0.00755,0.0378,0.0355,0.232,0.0107,12.9,8.0,25,8,50,0.3,0.7,0.0283,1.0,1.3,0.6,0.7,0.7,0.5,0.7,1.7,0.3,0.8,11.1,0.658,0.0,1.49,0.0
11.5,14.600000000000001,8.399999999999999,2.6000000000000014,2.6000000000000014,2.6000000000000014,25.2,22.4,28.0,24.0,23.8,24.2,0.01,0.0369,0.00803,0.00771,1.06,0.00954,0.00693,0.0377,0.0352,0.229,0.0106,12.7,8.0,24,8,50,0.8,0.5,0.0286,0.6,1.4,0.4,0.7,0.9,0.8,0.8,1.8,0.5,1.3,12.9,1.21,0.0,0.789,0.0
10.8,15.0,6.600000000000001,2.6999999999999993,5.0,0.3999999999999986,24.8,26.6,23.0,22.3,22.6,22.0,0.0119,0.0365,0.00825,0.00839,1.11,0.0126,0.00742,0.0377,0.0352,0.231,0.0107,12.6,8.0,23,8,50,1.2,0.4,0.0277,0.6,0.5,0.6,0.5,1.2,0.7,1.0,1.4,0.5,1.1,12.1,1.21,0.0,1.75,1.03
10.600000000000001,12.2,9.0,1.5,0.6000000000000014,2.3999999999999986,25.0,25.2,24.8,21.6,19.2,24.0,0.011,0.0369,0.00793,0.00835,1.12,0.0133,0.00692,0.0378,0.0351,0.228,0.00994,12.3,8.0,22,8,50,0.8,0.8,0.0283,1.0,0.3,0.5,0.4,1.2,0.4,0.9,1.0,0.2,1.1,10.5,0.553,0.0,0.959,1.03
12.600000000000001,17.0,8.2,2.8999999999999986,-1.6000000000000014,7.399999999999999,22.4,17.4,27.4,25.6,29.8,21.4,0.0118,0.037,0.00817,0.00801,1.16,0.0133,0.00692,0.0376,0.0352,0.23,0.01,12.2,8.0,23,8,50,0.5,0.9,0.0275,1.0,0.4,0.5,0.5,0.8,0.5,0.9,1.2,0.1,1.1,10.1,0.0,0.0,0.959,1.03
9.600000000000001,10.0,9.2,3.1000000000000014,4.0,2.1999999999999993,27.1,26.8,27.4,22.1,22.6,21.6,0.011,0.037,0.00778,0.00792,1.17,0.0126,0.00739,0.0377,0.0351,0.231,0.00993,12.1,8.0,25,8,50,0.3,0.6,0.028,0.7,0.7,0.6,0.6,0.8,0.8,0.8,1.2,0.1,1.1,10.3,0.0,1.23,0.0,0.0
10.899999999999999,13.0,8.8,2.3999999999999986,-2.0,6.800000000000001,23.5,22.8,24.2,21.9,18.6,25.2,0.0118,0.0368,0.00808,0.00806,1.22,0.0126,0.00751,0.0376,0.0352,0.229,0.0101,12.0,8.0,25,8,50,0.6,0.3,0.0274,1.0,0.8,0.7,0.6,0.7,1.2,0.7,1.1,0.1,1.0,10.6,0.786,1.23,0.0,1.15
14.2,15.0,13.399999999999999,0.3000000000000007,-1.1999999999999993,1.8000000000000007,25.0,27.4,22.6,27.0,25.2,28.8,0.011,0.0366,0.00772,0.00798,1.23,0.0126,0.0075,0.038,0.035,0.232,0.00996,12.0,8.0,27,8,50,0.7,0.5,0.027,0.9,1.0,0.6,1.0,0.4,0.9,0.8,1.8,0.5,1.2,11.9,0.786,2.2,0.856,1.15
10.0,9.0,11.0,2.6000000000000014,-0.3999999999999986,5.600000000000001,21.0,24.2,17.8,23.2,22.6,23.8,0.0119,0.0366,0.00823,0.00794,1.29,0.0126,0.00764,0.0377,0.0353,0.228,0.00999,11.9,8.0,29,8,50,0.5,0.6,0.0275,0.5,0.5,0.6,1.3,0.8,0.8,0.8,1.4,0.4,1.5,11.1,0.786,0.971,0.856,2.57
10.600000000000001,6.0,15.2,4.199999999999999,4.199999999999999,4.199999999999999,27.3,30.2,24.4,22.8,18.2,27.4,0.011,0.0368,0.0077,0.00831,1.34,0.0126,0.00754,0.0379,0.035,0.23,0.00986,11.9,8.0,30,8,50,0.6,0.8,0.0274,0.4,0.3,0.6,0.8,0.9,0.6,0.6,1.3,0.4,1.3,10.2,0.0,0.971,1.8,1.42
10.3,5.399999999999999,15.2,1.1000000000000014,2.1999999999999993,0.0,23.0,23.4,22.6,21.5,23.4,19.6,0.0118,0.0369,0.00756,0.00787,1.41,0.0133,0.00716,0.0378,0.0351,0.229,0.0109,11.9,8.0,31,8,50,0.6,1.1,0.0276,1.1,0.5,0.2,0.3,0.6,0.5,0.8,1.1,0.2,1.5,10.4,0.0,0.0,0.948,1.42
11.600000000000001,15.600000000000001,7.600000000000001,2.1000000000000014,5.600000000000001,-1.3999999999999986,24.9,25.0,24.8,27.1,29.8,24.4,0.011,0.0361,0.00849,0.00765,1.27,0.0132,0.00822,0.0378,0.0347,0.23,0.0104,8.66,7.0,18,7,100,3.0,2.25,0.0267,2.25,2.25,2.25,2.75,2.75,0.0,2.5,4.75,1.0,1.5,59.3,0.0,0.0,0.0,1.21
12.0,9.2,14.8,0.6000000000000014,4.0,-2.8000000000000007,25.1,20.6,29.6,26.3,26.4,26.2,0.0101,0.036,0.0087,0.00719,1.36,0.0124,0.00686,0.0378,0.035,0.229,0.0101,9.16,7.0,27,7,100,2.0,1.56,0.0262,1.67,1.33,1.67,2.56,1.67,0.333,1.78,2.89,0.778,1.44,35.3,0.0,0.0,0.0,2.41
13.600000000000001,11.2,16.0,4.899999999999999,3.1999999999999993,6.600000000000001,25.5,23.8,27.2,23.5,20.0,27.0,0.011,0.036,0.00847,0.00674,1.42,0.0133,0.00738,0.0377,0.0348,0.229,0.0102,9.29,7.0,25,7,100,1.3,1.3,0.0269,1.4,1.0,1.3,2.0,1.3,1.2,1.2,3.3,1.4,2.4,22.4,0.0,0.96,0.0,2.41
13.100000000000001,13.600000000000001,12.600000000000001,2.3999999999999986,3.6000000000000014,1.1999999999999993,26.4,22.8,30.0,25.6,25.8,25.4,0.0101,0.0358,0.00816,0.00664,1.5,0.0126,0.00685,0.0381,0.035,0.229,0.0101,9.56,7.0,24,7,100,1.4,1.3,0.0269,1.6,1.6,1.6,1.1,1.8,1.3,1.6,4.3,1.6,2.3,24.8,1.83,0.96,2.87,2.26
12.8,13.399999999999999,12.2,2.3000000000000007,4.800000000000001,-0.1999999999999993,27.5,26.8,28.2,23.3,19.2,27.4,0.0101,0.0357,0.00853,0.0076,1.53,0.0134,0.00746,0.0379,0.035,0.231,0.0102,9.47,7.0,24,7,100,1.1,1.7,0.0268,2.2,1.7,1.7,0.8,1.6,1.6,2.2,3.3,0.9,1.4,23.8,1.83,0.959,3.63,1.07
12.3,9.2,15.399999999999999,1.6999999999999993,-2.1999999999999993,5.600000000000001,27.7,33.4,22.0,25.6,23.6,27.6,0.011,0.0358,0.00756,0.00794,1.56,0.0126,0.0068,0.038,0.0351,0.229,0.0101,9.64,7.0,24,8,100,0.7,1.9,0.0266,2.1,1.6,1.6,1.1,1.0,1.8,1.6,2.6,0.6,2.3,23.0,1.83,0.662,4.62,2.48
13.8,17.0,10.600000000000001,1.8000000000000007,2.1999999999999993,1.3999999999999986,26.3,30.2,22.4,24.7,27.8,21.6,0.0117,0.0357,0.00791,0.00803,1.59,0.0134,0.00738,0.0379,0.0353,0.233,0.0102,9.63,7.0,24,8,100,1.3,1.2,0.0263,1.9,1.4,1.5,1.4,1.4,1.4,1.2,2.0,0.5,2.5,21.3,0.0,1.22,1.75,1.41
15.8,15.0,16.6,5.899999999999999,2.0,9.8,22.8,19.4,26.2,23.1,21.6,24.6,0.00992,0.0356,0.00746,0.00776,1.62,0.00885,0.00689,0.0382,0.0351,0.232,0.0106,9.67,7.0,22,8,100,2.1,1.1,0.0264,1.2,1.0,1.0,1.6,1.9,0.8,1.0,2.4,0.9,1.9,21.1,1.5,1.22,1.78,1.41
13.2,12.8,13.600000000000001,2.3999999999999986,3.8000000000000007,1.0,26.0,22.6,29.4,25.6,23.0,28.2,0.0107,0.0354,0.00882,0.00742,1.69,0.00893,0.00745,0.0382,0.0352,0.232,0.0108,9.72,7.0,23,8,100,1.4,1.4,0.0267,0.7,0.9,0.8,1.5,1.4,0.9,1.6,2.4,0.9,1.8,19.8,1.5,1.6,1.57,0.0
12.5,13.0,12.0,1.6999999999999993,1.8000000000000007,1.6000000000000014,29.5,28.8,30.2,26.9,27.8,26.0,0.00994,0.0353,0.00855,0.00729,1.77,0.00969,0.00745,0.0382,0.0354,0.233,0.0107,9.94,7.0,26,8,100,2.3,1.2,0.0264,0.6,1.3,0.7,1.6,1.3,1.5,2.0,3.0,0.8,1.7,21.8,1.5,1.03,2.57,2.51
12.8,14.2,11.399999999999999,3.8000000000000007,0.1999999999999993,7.399999999999999,24.6,22.6,26.6,25.7,23.6,27.8,0.00994,0.0354,0.00894,0.00786,1.83,0.00969,0.00693,0.0382,0.0355,0.233,0.0109,9.91,7.0,26,8,100,2.4,0.9,0.0262,0.9,1.0,0.7,1.5,1.1,1.8,1.7,3.4,1.2,1.7,22.3,0.0,1.03,1.78,2.51
14.100000000000001,13.0,15.2,1.3000000000000007,2.6000000000000014,0.0,24.1,27.2,21.0,23.1,27.0,19.2,0.00993,0.0357,0.00855,0.00773,1.85,0.0089,0.00723,0.0382,0.0353,0.233,0.0107,9.91,7.0,25,7,100,1.4,1.5,0.0269,1.1,0.9,1.1,1.3,1.1,1.5,1.4,3.6,1.5,2.4,22.7,0.0,0.0,2.56,2.51
12.100000000000001,10.399999999999999,13.8,1.6000000000000014,-2.1999999999999993,5.399999999999999,26.1,23.8,28.4,25.8,27.6,24.0,0.0108,0.0356,0.0084,0.00785,1.95,0.00968,0.00679,0.038,0.0354,0.233,0.0109,9.91,7.0,25,8,100,1.1,2.1,0.0266,1.5,0.8,1.6,1.3,1.4,0.6,1.0,3.5,1.1,2.2,21.6,0.756,0.773,1.61,0.0
14.8,16.8,12.8,2.6999999999999993,5.199999999999999,0.1999999999999993,28.4,30.2,26.6,23.2,22.2,24.2,0.00985,0.0357,0.00863,0.00766,1.99,0.00898,0.00717,0.0382,0.0353,0.236,0.0108,10.0,7.0,29,8,100,1.1,2.1,0.026,1.9,0.9,1.5,1.4,1.3,0.5,1.8,3.0,0.9,1.7,22.2,1.56,0.773,2.55,2.32
12.5,15.399999999999999,9.600000000000001,1.3999999999999986,4.600000000000001,-1.8000000000000007,22.8,25.8,19.8,26.0,25.8,26.2,0.0108,0.0356,0.0091,0.00729,2.04,0.0101,0.00679,0.0379,0.0353,0.232,0.011,9.98,7.0,29,7,100,1.4,1.5,0.0267,1.2,1.4,1.0,1.5,1.4,0.9,2.0,3.5,1.5,2.1,22.9,1.56,1.83,1.8,2.32
11.600000000000001,15.399999999999999,7.800000000000001,6.300000000000001,7.800000000000001,4.800000000000001,26.1,29.0,23.2,25.9,27.6,24.2,0.00997,0.0353,0.0091,0.00748,2.06,0.00936,0.00671,0.038,0.0352,0.235,0.00988,9.97,7.0,26,7,100,1.5,1.0,0.0265,1.1,1.9,0.9,1.3,1.0,1.2,1.6,3.6,1.3,2.8,21.1,0.807,1.05,1.75,3.76
15.399999999999999,15.0,15.8,1.6000000000000014,1.0,2.1999999999999993,25.2,20.0,30.4,25.3,26.0,24.6,0.011,0.0353,0.00921,0.00714,2.17,0.00885,0.00688,0.0383,0.0354,0.233,0.00993,10.0,7.0,27,7,100,1.6,1.6,0.0261,1.6,1.5,0.7,1.2,0.6,1.4,1.6,2.7,0.7,2.9,21.2,1.03,2.09,0.809,1.44
11.7,7.800000000000001,15.600000000000001,1.1999999999999993,6.399999999999999,-4.0,27.6,29.6,25.6,23.6,25.8,21.4,0.011,0.0356,0.00859,0.00775,2.26,0.00885,0.00682,0.038,0.0352,0.235,0.00981,10.1,7.0,29,8,100,1.1,1.8,0.0262,1.3,0.7,0.8,1.9,1.2,1.0,1.1,2.8,1.1,2.4,21.3,1.03,1.04,1.7,1.44
12.600000000000001,10.600000000000001,14.600000000000001,5.300000000000001,5.399999999999999,5.199999999999999,24.7,20.0,29.4,26.8,26.0,27.6,0.0125,0.0355,0.00889,0.00734,2.39,0.00892,0.00812,0.0384,0.0351,0.233,0.0099,10.1,7.0,30,7,100,1.0,1.5,0.0266,0.8,0.9,1.2,1.8,1.4,0.5,0.9,3.3,1.4,1.8,21.3,1.83,1.04,1.7,1.17
13.3,11.0,15.600000000000001,4.300000000000001,1.3999999999999986,7.199999999999999,27.1,30.0,24.2,26.5,26.7,26.3,0.0162,0.0368,0.0127,0.0116,15.4,0.0103,0.00734,0.0356,0.036,0.248,0.0098,16.1,16.0,27,16,25,0.0,0.0,0.0303,0.0,0.0,0.0,0.0,0.0,0.0,0.0,0.0,0.0,0.0,0.0,0.0,0.0,0.0,0.0
9.8,10.600000000000001,9.0,3.1000000000000014,3.0,3.1999999999999993,22.9,20.0,25.8,21.1,24.9,17.3,0.017,0.0366,0.014,0.0109,14.6,0.0111,0.00787,0.0353,0.0361,0.246,0.00999,14.1,12.0,26,12,25,0.4,0.6,0.0305,1.2,0.6,0.6,0.8,0.2,0.2,0.6,1.0,0.6,0.4,13.2,0.0,0.894,0.0,0.0
9.399999999999999,7.600000000000001,11.2,1.3000000000000007,3.8000000000000007,-1.1999999999999993,21.7,19.4,24.0,21.5,19.8,23.2,0.0153,0.0369,0.0141,0.0113,13.5,0.0101,0.00735,0.0354,0.0358,0.245,0.00989,13.2,11.0,29,7,25,0.1,0.4,0.0298,0.3,0.4,0.4,0.2,0.1,0.3,0.4,0.5,0.3,0.4,4.4,0.0,0.894,0.992,0.0
10.5,8.0,13.0,1.8000000000000007,-1.0,4.600000000000001,24.2,24.2,24.2,21.0,23.4,18.6,0.0162,0.0363,0.0141,0.0105,12.6,0.0108,0.00794,0.0353,0.0362,0.243,0.0102,12.6,9.0,30,8,25,0.4,0.3,0.0301,0.4,0.3,0.5,0.2,0.4,0.4,0.5,0.8,0.3,0.5,5.6,0.0,0.894,0.992,1.39
9.2,7.800000000000001,10.600000000000001,2.1999999999999993,1.6000000000000014,2.8000000000000007,22.5,24.8,20.2,20.3,21.4,19.2,0.0152,0.0362,0.0135,0.0111,11.7,0.00987,0.00787,0.0356,0.0361,0.243,0.0103,12.1,8.0,29,7,25,0.4,0.2,0.0281,0.4,0.3,0.6,0.4,0.4,0.6,0.4,1.4,0.6,0.4,6.7,1.2,0.0,0.992,1.39
13.100000000000001,14.8,11.399999999999999,1.8000000000000007,0.6000000000000014,3.0,22.7,24.8,20.6,21.2,21.2,21.2,0.0161,0.0363,0.0139,0.0104,10.7,0.0106,0.00796,0.0359,0.0361,0.243,0.0108,11.6,8.0,22,7,25,0.3,0.3,0.0284,0.3,0.4,0.7,0.4,0.5,0.7,0.2,1.3,0.6,0.2,6.6,1.47,0.0,0.0,1.39
10.7,11.600000000000001,9.8,1.3000000000000007,-0.3999999999999986,3.0,24.8,22.2,27.4,22.1,19.8,24.4,0.0152,0.0367,0.0139,0.011,9.69,0.0104,0.00741,0.0359,0.0364,0.242,0.0105,11.3,8.0,21,7,25,0.7,0.7,0.0289,0.3,0.3,0.4,0.2,0.5,0.7,0.2,0.7,0.4,0.3,6.0,1.47,0.826,0.0,0.0
9.7,12.2,7.199999999999999,2.1999999999999993,-2.1999999999999993,6.600000000000001,21.8,21.0,22.6,20.8,17.0,24.6,0.016,0.0361,0.0132,0.0111,8.8,0.0104,0.00744,0.0356,0.0361,0.239,0.0108,11.1,8.0,21,7,25,0.5,0.4,0.0284,0.3,0.2,0.1,0.3,0.2,0.7,0.2,0.9,0.2,0.5,5.2,0.274,0.826,0.0,0.0
11.2,12.8,9.600000000000001,2.3999999999999986,1.3999999999999986,3.3999999999999986,26.5,27.8,25.2,21.3,23.4,19.2,0.0151,0.0359,0.0136,0.0111,7.81,0.00936,0.00781,0.0356,0.0361,0.237,0.0109,11.0,8.0,20,8,25,0.5,0.3,0.0283,0.4,0.2,0.1,0.3,0.1,0.6,0.2,1.1,0.0,0.3,5.4,0.0,0.826,0.0,0.0
8.3,11.0,5.600000000000001,2.1000000000000014,5.800000000000001,-1.6000000000000014,21.9,25.0,18.8,21.0,19.4,22.6,0.0164,0.0363,0.0138,0.0105,6.91,0.00792,0.00781,0.0353,0.0361,0.234,0.0112,11.0,8.0,23,8,25,0.4,0.4,0.0286,0.3,0.2,0.2,0.4,0.2,0.5,0.4,1.1,0.3,0.1,6.1,0.56,0.0,0.0,0.0
9.399999999999999,8.600000000000001,10.2,1.3999999999999986,-0.6000000000000014,3.3999999999999986,23.1,22.4,23.8,21.7,25.0,18.4,0.0156,0.036,0.0134,0.0112,5.91,0.00792,0.0079,0.0357,0.0361,0.237,0.011,10.9,8.0,25,8,25,0.2,0.5,0.0286,0.3,0.3,0.1,0.4,0.5,0.8,0.3,0.6,0.3,0.1,5.6,0.56,0.0,0.0,0.0
10.100000000000001,7.800000000000001,12.399999999999999,2.3000000000000007,6.0,-1.3999999999999986,21.5,23.4,19.6,23.3,22.2,24.4,0.0164,0.0364,0.0139,0.0106,4.99,0.00987,0.00802,0.0355,0.0358,0.234,0.0111,10.8,7.0,23,7,25,0.3,0.6,0.0282,0.4,0.1,0.1,0.1,0.4,0.4,0.2,0.3,0.1,0.3,4.4,0.56,0.56,0.859,0.0
9.5,12.8,6.199999999999999,5.399999999999999,1.0,9.8,24.4,26.8,22.0,21.3,18.2,24.4,0.0156,0.0361,0.0143,0.0113,4.06,0.00898,0.00775,0.0356,0.0353,0.234,0.0103,10.7,7.0,21,7,25,0.3,0.1,0.0285,0.3,0.3,0.0,0.1,0.6,0.3,0.2,0.7,0.2,0.6,5.3,0.0,0.56,0.859,0.0
9.7,7.800000000000001,11.600000000000001,2.1999999999999993,-0.8000000000000007,5.199999999999999,24.9,27.4,22.4,20.1,22.6,17.6,0.0156,0.0359,0.0141,0.0099,3.3,0.00972,0.00718,0.0353,0.0354,0.231,0.0105,10.7,8.0,21,8,25,0.4,0.3,0.0282,0.3,0.5,0.2,0.1,0.6,0.3,0.2,0.7,0.2,0.6,5.5,1.01,0.56,0.859,1.0
12.100000000000001,16.2,8.0,1.3999999999999986,-0.6000000000000014,3.3999999999999986,21.9,20.2,23.6,21.8,19.0,24.6,0.013,0.0359,0.011,0.00985,2.39,0.00881,0.00707,0.0353,0.0356,0.233,0.0103,10.6,7.0,19,8,25,0.4,0.4,0.0277,0.2,0.6,0.6,0.3,0.6,0.3,0.3,0.6,0.3,0.7,5.8,1.01,0.924,0.0,1.0
8.899999999999999,4.600000000000001,13.2,0.8000000000000007,-3.1999999999999993,4.800000000000001,24.4,26.6,22.2,21.0,20.0,22.0,0.0138,0.0361,0.0117,0.0102,1.46,0.00865,0.00777,0.035,0.0353,0.228,0.0104,10.5,8.0,19,8,25,0.2,0.3,0.0283,0.3,0.4,0.4,0.3,0.7,0.4,0.4,0.7,0.2,0.6,5.5,1.01,0.924,0.0,1.0
11.0,13.0,9.0,2.8000000000000007,3.0,2.6000000000000014,22.4,21.2,23.6,21.1,18.0,24.2,0.0124,0.0361,0.0117,0.0106,0.618,0.00865,0.00744,0.0349,0.0353,0.227,0.01,10.5,8.0,25,8,25,0.6,0.2,0.0269,0.8,0.2,0.1,0.2,0.5,0.4,0.1,1.1,0.2,0.4,5.5,0.0,0.924,0.715,0.0
8.899999999999999,9.2,8.600000000000001,0.8999999999999986,-1.3999999999999986,3.1999999999999993,23.7,23.4,24.0,23.3,29.2,17.4,0.0105,0.0362,0.00961,0.0103,0.652,0.00955,0.00674,0.0347,0.0353,0.227,0.0104,10.7,8.0,34,10,25,0.6,0.3,0.0265,0.6,0.1,0.6,0.5,0.2,0.2,0.2,1.3,0.4,0.4,6.4,0.0,0.0,1.51,0.913
11.2,12.8,9.600000000000001,2.3000000000000007,1.6000000000000014,3.0,24.7,27.8,21.6,21.9,21.8,22.0,0.0105,0.0366,0.0078,0.0107,0.689,0.00881,0.0067,0.0347,0.0353,0.228,0.0103,10.6,8.0,35,8,25,0.5,0.5,0.0274,0.3,0.1,0.7,0.3,0.1,0.2,0.5,1.0,0.3,0.5,5.8,0.0,0.0,1.51,0.913
9.2,13.2,5.199999999999999,3.6000000000000014,0.3999999999999986,6.800000000000001,23.6,26.2,21.0,21.6,23.2,20.0,0.0106,0.0364,0.0078,0.0102,0.721,0.00949,0.00674,0.0346,0.0354,0.228,0.0112,10.5,8.0,20,7,25,0.4,0.3,0.0276,0.4,0.3,0.9,0.3,0.4,0.5,0.4,1.2,0.2,0.5,6.4,0.0,0.0,0.793,0.913
17.7,14.0,21.4,6.0,8.399999999999999,3.6000000000000014,27.9,28.8,27.0,25.0,24.6,25.4,0.0101,0.0373,0.01,0.00898,0.743,0.00959,0.0068,0.0347,0.0357,0.23,0.0109,15.9,8.0,33,7,50,0.0,0.0,0.0262,0.0,0.0,0.0,0.0,0.0,0.0,0.0,0.0,0.0,0.0,0.0,0.0,0.0,0.0,0.0
11.8,15.399999999999999,8.2,0.8000000000000007,3.6000000000000014,-2.0,22.1,18.4,25.8,22.1,20.4,23.8,0.011,0.0372,0.0108,0.00833,0.748,0.00959,0.00695,0.0345,0.0358,0.228,0.0104,14.0,8.0,24,7,50,1.0,1.5,0.0269,1.5,1.0,0.5,0.5,1.25,2.25,1.0,1.5,0.25,2.5,29.8,0.899,0.0,0.0,0.0
10.899999999999999,13.2,8.600000000000001,2.6000000000000014,4.199999999999999,1.0,23.2,21.2,25.2,20.8,17.7,23.9,0.0101,0.0372,0.0103,0.00883,0.79,0.00955,0.00686,0.0343,0.0358,0.226,0.0102,13.2,8.0,27,7,50,0.7,0.9,0.0269,1.1,0.5,0.9,0.5,1.2,1.3,0.7,1.2,0.3,1.5,17.6,0.899,0.0,1.06,0.0
11.5,11.8,11.2,0.8000000000000007,0.6000000000000014,1.0,22.9,22.8,23.0,21.6,24.7,18.5,0.0109,0.0371,0.0107,0.00834,0.825,0.00884,0.00746,0.0345,0.0358,0.229,0.0103,12.8,8.0,27,8,50,0.4,0.8,0.0261,0.5,0.4,0.8,0.9,0.9,0.7,0.8,1.6,0.6,0.9,11.4,0.899,0.0,1.06,0.0
12.0,12.8,11.2,1.1999999999999993,5.399999999999999,-3.0,26.7,26.4,27.0,24.0,27.4,20.6,0.0101,0.0371,0.0107,0.00824,0.874,0.00884,0.00691,0.0344,0.0357,0.227,0.0101,12.3,8.0,26,8,50,0.4,0.9,0.0265,0.3,0.5,0.6,1.2,0.6,0.5,0.8,1.9,0.6,1.4,12.0,0.0,1.03,1.73,0.0
12.2,11.2,13.2,2.3999999999999986,-0.8000000000000007,5.600000000000001,24.3,21.8,26.8,24.3,18.0,30.6,0.0114,0.0371,0.0106,0.0084,0.886,0.01,0.00697,0.0346,0.0357,0.227,0.00963,12.0,8.0,24,8,50,0.7,0.8,0.0269,0.5,0.5,0.5,0.7,0.9,0.4,0.7,1.6,0.7,1.3,11.4,0.0,1.03,0.667,2.44
11.7,12.2,11.2,2.0,6.0,-2.0,23.4,22.2,24.6,21.0,25.6,16.4,0.01,0.0371,0.0102,0.00896,0.931,0.01,0.00697,0.0348,0.0357,0.227,0.00993,11.6,8.0,20,7,50,1.1,0.4,0.0269,0.4,0.6,0.3,0.6,0.9,0.6,0.8,1.5,0.8,0.9,10.8,0.0,1.03,1.22,2.44
9.5,8.600000000000001,10.399999999999999,4.100000000000001,1.3999999999999986,6.800000000000001,28.3,30.0,26.6,21.3,24.2,18.4,0.0109,0.0373,0.0108,0.0082,0.949,0.0108,0.00705,0.0345,0.0356,0.224,0.00999,11.4,8.0,21,7,50,1.0,0.7,0.027,0.4,0.9,0.6,0.7,0.5,1.0,0.6,2.1,0.9,1.2,12.1,0.0,0.0,1.59,2.44
11.8,12.600000000000001,11.0,-0.1999999999999993,4.399999999999999,-4.800000000000001,22.0,17.8,26.2,25.1,25.2,25.0,0.01,0.0372,0.0103,0.00865,0.989,0.00956,0.00692,0.0345,0.0357,0.225,0.0104,11.4,8.0,23,8,50,0.5,1.1,0.0268,0.6,1.1,0.8,0.5,0.7,0.8,0.2,1.8,0.6,1.1,11.4,0.0,0.676,1.59,0.0
13.0,15.600000000000001,10.399999999999999,1.8000000000000007,2.0,1.6000000000000014,25.2,24.0,26.4,20.4,20.2,20.6,0.0109,0.0373,0.0104,0.00789,1.02,0.00956,0.0078,0.0344,0.0357,0.227,0.011,11.3,8.0,23,8,50,0.4,0.8,0.0263,1.0,0.7,0.6,0.4,0.8,0.5,0.2,1.0,0.3,1.4,9.9,0.0,0.676,1.03,0.907
10.600000000000001,7.800000000000001,13.399999999999999,3.0,4.600000000000001,1.3999999999999986,24.5,23.0,26.0,20.4,20.2,20.6,0.0109,0.0376,0.01,0.00773,1.07,0.00882,0.00773,0.0343,0.0357,0.226,0.0106,11.1,8.0,24,7,50,0.2,0.4,0.0268,1.0,0.4,0.5,0.7,1.0,0.9,0.3,0.9,0.4,1.4,10.0,0.659,0.676,0.0,2.04
10.5,7.0,14.0,2.6000000000000014,4.399999999999999,0.8000000000000007,24.8,22.0,27.6,24.5,26.6,22.4,0.0109,0.0374,0.0104,0.00839,1.09,0.00953,0.00829,0.0338,0.0356,0.226,0.0107,10.9,8.0,24,8,50,0.6,1.0,0.0269,1.1,0.8,0.6,0.7,1.0,1.2,0.5,1.9,0.4,0.6,12.0,1.22,0.0,0.0,2.04
11.899999999999999,9.0,14.8,0.10000000000000142,3.0,-2.8000000000000007,24.4,24.8,24.0,21.6,24.4,18.8,0.0101,0.0372,0.00977,0.00789,1.13,0.00877,0.0076,0.0339,0.0357,0.226,0.0106,10.9,8.0,21,8,50,1.1,1.1,0.026,0.8,0.9,0.6,0.2,0.9,0.6,0.5,1.5,0.4,0.8,11.5,1.22,0.0,0.817,1.14
11.399999999999999,12.0,10.8,1.6999999999999993,0.3999999999999986,3.0,26.1,22.8,29.4,21.2,20.8,21.6,0.0111,0.0375,0.0103,0.00732,1.16,0.00955,0.00772,0.0337,0.0358,0.226,0.0108,10.7,8.0,22,8,50,0.7,0.8,0.0266,0.7,0.6,0.6,0.3,1.3,0.8,0.5,1.5,0.5,1.4,11.9,0.559,0.554,1.66,0.0
12.0,13.2,10.8,5.0,8.0,2.0,21.7,24.4,19.0,25.5,24.8,26.2,0.0102,0.0375,0.00977,0.00806,1.21,0.00865,0.00714,0.0338,0.0357,0.226,0.0107,10.6,8.0,23,7,50,0.5,0.5,0.0271,1.4,0.5,0.6,0.3,0.9,0.8,0.8,2.0,0.9,1.1,12.3,0.0,0.554,1.66,0.0
8.8,8.0,9.600000000000001,2.3999999999999986,5.399999999999999,-0.6000000000000014,22.3,18.8,25.8,20.8,17.0,24.6,0.0111,0.0375,0.0102,0.00822,1.23,0.0094,0.00772,0.0337,0.0356,0.227,0.0107,10.7,8.0,27,8,50,0.7,0.5,0.026,1.6,0.4,0.7,0.7,0.6,0.6,0.5,1.7,0.8,0.7,11.9,0.925,0.554,0.846,1.31
14.7,14.600000000000001,14.8,0.6000000000000014,2.8000000000000007,-1.6000000000000014,24.1,24.2,24.0,22.2,20.0,24.4,0.0103,0.0377,0.0102,0.00865,1.26,0.00871,0.00716,0.0336,0.0358,0.225,0.00992,10.7,8.0,28,8,50,0.6,0.7,0.0265,0.6,0.6,0.6,1.3,0.9,0.6,0.2,1.4,0.5,1.0,10.9,0.925,0.0,0.0,1.31
10.2,14.600000000000001,5.800000000000001,2.8999999999999986,-0.3999999999999986,6.199999999999999,24.6,23.2,26.0,22.2,22.6,21.8,0.0103,0.0373,0.00848,0.00815,1.3,0.0095,0.00776,0.0333,0.0356,0.226,0.0101,10.7,8.0,30,9,50,0.3,0.8,0.026,0.4,0.8,0.4,0.8,1.1,0.8,0.4,1.4,0.6,1.0,10.4,0.925,0.0,0.0,1.31
11.899999999999999,14.0,9.8,1.8999999999999986,-0.8000000000000007,4.600000000000001,22.9,27.0,18.8,25.2,24.6,25.8,0.0102,0.0373,0.00826,0.00806,1.39,0.00873,0.00757,0.0332,0.0354,0.226,0.01,10.7,8.0,31,8,50,0.5,0.9,0.0264,1.0,0.9,0.3,0.3,0.6,0.7,0.6,1.1,0.4,1.1,10.0,0.0,0.93,0.791,0.0
9.899999999999999,5.199999999999999,14.600000000000001,2.6999999999999993,-0.1999999999999993,5.600000000000001,25.9,25.0,26.8,20.1,21.8,18.4,0.0111,0.0374,0.00853,0.00819,1.46,0.00879,0.00768,0.0331,0.0355,0.227,0.0101,10.7,8.0,26,8,50,0.4,0.8,0.0265,1.2,1.1,0.6,0.6,0.3,0.7,0.9,1.5,0.5,1.0,11.5,0.0,0.93,0.791,0.0
13.3,12.0,14.600000000000001,3.6000000000000014,-0.1999999999999993,7.399999999999999,27.3,23.0,31.6,26.4,27.2,25.6,0.0114,0.0374,0.00833,0.00887,1.35,0.0101,0.00752,0.0329,0.0362,0.23,0.0113,9.45,7.0,18,7,100,1.0,2.25,0.0267,2.0,1.75,2.25,1.5,2.5,2.0,1.75,6.0,1.5,3.75,61.3,1.05,0.0,0.0,0.0
13.2,14.8,11.600000000000001,0.8999999999999986,-2.6000000000000014,4.399999999999999,25.1,29.8,20.4,26.1,26.0,26.2,0.0101,0.0374,0.00775,0.00873,1.44,0.00889,0.00698,0.0327,0.0364,0.229,0.0116,9.78,7.0,22,7,100,1.0,1.56,0.0264,1.67,1.11,1.33,1.33,1.78,1.89,1.11,4.22,1.0,2.22,36.2,1.05,1.05,0.0,0.0
11.7,12.399999999999999,11.0,4.300000000000001,3.8000000000000007,4.800000000000001,24.7,28.8,20.6,22.5,23.0,22.0,0.0111,0.0373,0.00822,0.00829,1.47,0.00964,0.00698,0.0328,0.0362,0.229,0.0113,9.85,7.0,24,8,100,1.3,1.8,0.0261,1.5,0.9,0.8,1.3,1.3,1.9,1.0,2.3,0.6,1.6,19.7,0.000204,1.05,0.0,2.39
12.899999999999999,13.2,12.600000000000001,2.5,6.0,-1.0,28.4,30.2,26.6,26.5,24.4,28.6,0.0102,0.0371,0.00784,0.00866,1.52,0.00889,0.0084,0.033,0.0364,0.229,0.0112,10.0,7.0,25,8,100,1.7,2.3,0.0259,1.4,1.6,1.7,0.9,1.0,2.0,0.9,2.3,0.8,1.7,22.0,0.0,1.05,0.0,3.42
13.899999999999999,17.8,10.0,3.1000000000000014,6.399999999999999,-0.1999999999999993,28.1,29.4,26.8,21.5,22.4,20.6,0.0112,0.0371,0.00827,0.00824,1.62,0.00889,0.00853,0.0332,0.0364,0.228,0.0108,10.2,7.0,28,7,100,1.6,1.4,0.0271,1.0,1.6,1.6,0.9,0.7,1.5,1.0,2.9,1.1,1.7,20.4,1.21,0.0,3.77,3.42
13.3,12.600000000000001,14.0,1.8000000000000007,1.3999999999999986,2.1999999999999993,26.8,28.6,25.0,27.2,28.4,26.0,0.0104,0.0374,0.00782,0.00841,1.67,0.00889,0.00721,0.0332,0.0364,0.228,0.0102,10.4,7.0,28,8,100,1.7,1.5,0.0269,1.1,1.4,0.8,1.6,0.7,1.5,1.4,2.9,1.3,2.5,22.1,1.21,1.23,3.77,2.46
14.3,14.2,14.399999999999999,4.100000000000001,7.199999999999999,1.0,22.6,23.8,21.4,21.5,25.2,17.8,0.0115,0.037,0.00837,0.00855,1.71,0.0097,0.00783,0.0336,0.0365,0.23,0.0108,10.3,7.0,24,8,100,1.7,1.9,0.0274,1.0,1.5,1.1,1.7,0.9,1.7,2.2,3.2,1.3,1.8,23.9,2.2,1.23,4.71,1.43
16.3,14.600000000000001,18.0,0.8999999999999986,-0.3999999999999986,2.1999999999999993,28.3,29.4,27.2,21.7,25.0,18.4,0.0106,0.0372,0.00781,0.00854,1.79,0.00898,0.00726,0.0339,0.0369,0.229,0.0107,10.2,7.0,21,8,100,1.3,1.7,0.0272,1.0,1.3,1.3,1.8,1.1,1.6,2.2,3.2,1.1,1.4,23.0,0.993,2.23,1.72,1.43
12.3,15.2,9.399999999999999,4.100000000000001,4.199999999999999,4.0,27.0,29.2,24.8,25.0,23.2,26.8,0.0115,0.0373,0.00819,0.008,1.84,0.00978,0.00731,0.0339,0.0366,0.227,0.0107,10.2,7.0,24,8,100,1.0,1.6,0.0276,1.8,0.9,1.4,1.4,1.2,1.1,1.7,3.6,1.0,2.3,22.9,0.993,0.994,2.65,0.0
11.899999999999999,10.8,13.0,3.5,5.399999999999999,1.6000000000000014,22.4,23.4,21.4,22.2,21.8,22.6,0.0105,0.0371,0.00778,0.008,1.9,0.00986,0.00718,0.0338,0.0366,0.229,0.0105,10.2,7.0,27,7,100,1.0,1.1,0.0277,1.8,1.0,2.0,1.0,1.4,0.9,1.6,3.3,0.8,2.5,22.0,0.0,0.994,2.52,2.26
12.899999999999999,9.8,16.0,2.6000000000000014,3.3999999999999986,1.8000000000000007,26.4,25.4,27.4,25.1,21.2,29.0,0.0105,0.0373,0.00829,0.00758,1.96,0.00986,0.00774,0.0341,0.0368,0.227,0.0107,10.1,7.0,22,7,100,1.7,1.1,0.0273,1.0,1.1,2.2,1.3,1.9,1.2,1.0,2.6,0.6,2.2,21.5,0.0,0.0,1.73,2.26
16.6,19.799999999999997,13.399999999999999,0.5,5.199999999999999,-4.199999999999999,28.4,33.6,23.2,26.6,23.8,29.4,0.0104,0.0372,0.00807,0.00693,1.99,0.00912,0.00757,0.0342,0.0368,0.226,0.0115,10.1,7.0,25,7,100,2.0,1.3,0.0277,0.9,0.9,1.6,1.4,2.1,1.2,1.2,3.2,0.8,1.8,22.7,0.784,0.0,0.811,3.66
12.899999999999999,10.0,15.8,5.399999999999999,3.3999999999999986,7.399999999999999,23.4,19.2,27.6,21.4,20.6,22.2,0.0104,0.0371,0.00858,0.00783,2.09,0.00995,0.00766,0.0342,0.0369,0.23,0.0112,10.1,7.0,25,8,100,1.8,1.0,0.0271,1.2,1.1,1.4,1.3,1.6,1.6,1.0,3.4,0.9,1.9,22.3,1.7,0.762,1.8,1.41
15.600000000000001,19.200000000000003,12.0,1.1000000000000014,-3.1999999999999993,5.399999999999999,26.5,29.0,24.0,22.6,20.2,25.0,0.0113,0.0375,0.00708,0.00835,2.17,0.00916,0.00706,0.0343,0.037,0.23,0.011,10.0,7.0,23,7,100,1.8,1.3,0.0275,0.9,1.2,1.9,1.4,1.5,1.2,0.9,3.5,1.1,1.9,22.2,1.7,1.56,2.58,1.41
12.2,9.8,14.600000000000001,6.399999999999999,8.600000000000001,4.199999999999999,27.6,27.8,27.4,24.6,29.0,20.2,0.0114,0.0373,0.00735,0.00852,2.18,0.00991,0.00664,0.0344,0.0372,0.231,0.0112,10.0,7.0,24,7,100,1.8,1.8,0.0271,1.2,1.3,1.7,1.2,1.7,1.0,1.2,3.4,1.2,2.0,23.7,0.921,1.56,2.58,1.14
15.2,14.399999999999999,16.0,-0.1999999999999993,4.600000000000001,-5.0,26.3,28.6,24.0,26.8,27.0,26.6,0.0105,0.0375,0.00691,0.00843,2.23,0.00914,0.00712,0.0345,0.037,0.23,0.0111,10.0,7.0,24,7,100,1.2,1.8,0.0278,1.3,1.1,1.1,1.3,1.4,1.2,1.9,2.3,0.7,2.0,21.6,0.0,1.75,0.78,1.14
11.100000000000001,7.600000000000001,14.600000000000001,3.5,3.8000000000000007,3.1999999999999993,22.5,20.6,24.4,23.1,26.2,20.0,0.0115,0.0375,0.00824,0.008,2.3,0.00926,0.00763,0.0349,0.0371,0.228,0.0113,9.97,7.0,24,7,100,1.1,1.8,0.0279,1.1,1.2,1.0,1.3,1.2,1.3,1.8,2.6,1.1,1.6,20.9,0.78,0.95,0.949,2.5
13.100000000000001,15.600000000000001,10.600000000000001,4.0,5.800000000000001,2.1999999999999993,26.5,27.0,26.0,21.9,18.3,25.4,0.0106,0.0372,0.00783,0.00832,2.42,0.00926,0.00706,0.0348,0.0371,0.229,0.0111,9.95,7.0,21,7,100,1.6,1.5,0.0278,1.3,1.2,0.5,1.5,1.2,1.4,1.8,3.1,1.5,2.2,22.2,1.77,0.95,1.73,1.36
11.7,15.399999999999999,8.0,1.6999999999999993,2.0,1.3999999999999986,25.2,23.6,26.8,24.3,18.5,30.0,0.0114,0.0374,0.00831,0.00779,2.55,0.00929,0.00755,0.0348,0.0369,0.231,0.0113,9.96,7.0,22,7,100,1.8,2.0,0.028,1.3,0.8,0.5,1.4,1.0,1.3,1.7,2.9,1.3,2.2,23.0,1.77,0.0,1.73,1.36
12.7,14.2,11.2,4.100000000000001,1.3999999999999986,6.800000000000001,26.0,22.4,29.6,26.4,24.2,28.6,0.0116,0.0379,0.00778,0.00969,15.9,0.0109,0.00747,0.0346,0.0365,0.245,0.0107,20.7,19.0,41,19,25,0.0,0.0,0.026,0.0,0.0,14.1,13.8,0.0,0.0,0.0,0.0,0.0,0.0,0.0,0.0,0.878,0.0,0.0
9.8,12.600000000000001,7.0,2.5,1.0,4.0,22.3,27.6,17.0,22.0,22.6,21.4,0.0108,0.0376,0.00838,0.009,14.8,0.0116,0.00805,0.0346,0.0364,0.245,0.0103,18.9,15.0,37,16,25,0.6,0.8,0.0264,0.8,1.0,14.1,0.2,0.2,1.0,0.8,0.8,0.2,0.4,12.6,0.0,0.878,0.926,0.0
10.0,10.2,9.8,-0.3000000000000007,4.399999999999999,-5.0,23.0,26.0,20.0,21.1,23.2,19.0,0.0108,0.0374,0.00795,0.00926,13.8,0.0106,0.00676,0.0347,0.0366,0.245,0.0102,16.7,12.0,34,8,25,0.3,0.8,0.0267,0.4,0.7,0.2,0.2,0.2,0.8,0.6,0.7,0.3,0.2,8.4,1.01,0.878,0.926,0.0
9.100000000000001,4.399999999999999,13.8,3.5,0.1999999999999993,6.800000000000001,21.9,25.8,18.0,21.0,19.4,22.6,0.0117,0.0373,0.0077,0.00884,13.1,0.0113,0.00676,0.0348,0.0363,0.245,0.0104,14.5,10.0,27,7,25,0.0,0.7,0.0257,0.0,0.3,0.4,0.5,0.4,0.4,0.2,0.7,0.4,0.1,5.0,1.01,0.000192,0.926,0.0
11.2,9.600000000000001,12.8,1.3000000000000007,2.0,0.6000000000000014,23.0,25.0,21.0,20.9,21.2,20.6,0.0103,0.037,0.00705,0.00944,12.2,0.0112,0.00732,0.0347,0.0363,0.24,0.00977,13.8,9.0,20,7,25,0.1,0.3,0.0265,0.3,0.2,0.5,0.5,0.4,0.4,0.2,0.8,0.3,0.3,5.7,1.01,0.0,0.0,0.0
12.5,14.0,11.0,2.1000000000000014,4.199999999999999,0.0,23.0,24.8,21.2,21.4,18.0,24.8,0.0112,0.0372,0.00857,0.00893,11.3,0.0112,0.00741,0.0343,0.0362,0.239,0.0104,13.1,9.0,18,7,25,0.2,0.3,0.0265,0.3,0.3,0.4,0.5,0.3,0.6,0.5,0.8,0.1,0.5,6.0,0.0,0.0,0.0,1.46
9.2,10.0,8.399999999999999,3.8999999999999986,6.0,1.8000000000000007,22.1,25.0,19.2,21.9,24.4,19.4,0.0102,0.0369,0.00888,0.00918,10.1,0.0103,0.00676,0.0341,0.0361,0.24,0.0102,12.8,8.0,22,7,25,0.3,0.6,0.0265,0.0,0.4,0.1,0.2,0.5,0.5,0.5,0.5,0.0,0.6,5.0,0.808,0.0,0.0,1.46
9.3,6.600000000000001,12.0,2.8999999999999986,-0.8000000000000007,6.600000000000001,23.1,25.2,21.0,20.2,20.2,20.2,0.0102,0.0368,0.00857,0.00866,9.03,0.011,0.00725,0.0342,0.036,0.237,0.0103,12.6,8.0,25,7,25,0.2,0.7,0.0264,0.2,0.5,0.0,0.6,0.3,0.1,0.3,0.6,0.2,0.5,5.1,0.808,0.0,0.0,1.46
10.2,6.600000000000001,13.8,-0.1999999999999993,-2.0,1.6000000000000014,25.9,22.0,29.8,21.0,23.2,18.8,0.00997,0.0368,0.00806,0.00909,8.14,0.0098,0.00672,0.0343,0.0363,0.239,0.0108,12.3,8.0,29,8,25,0.3,0.4,0.0263,0.2,0.4,0.0,0.6,0.3,0.3,0.2,0.7,0.3,0.8,5.7,0.808,0.0,0.0,0.0
8.399999999999999,7.800000000000001,9.0,2.5,7.0,-2.0,23.5,23.4,23.6,21.0,23.2,18.8,0.0109,0.0364,0.00873,0.00846,7.27,0.0106,0.00672,0.034,0.0362,0.236,0.011,12.0,8.0,24,7,25,0.2,0.2,0.0264,0.7,0.3,0.4,0.3,0.5,0.4,0.2,0.9,0.3,0.6,5.9,0.0,0.734,0.0,0.0
10.2,9.8,10.600000000000001,2.1000000000000014,-0.3999999999999986,4.600000000000001,22.2,19.6,24.8,25.4,26.6,24.2,0.0101,0.0362,0.00814,0.00887,6.22,0.00944,0.00679,0.034,0.0362,0.237,0.0108,11.8,8.0,21,7,25,0.2,0.3,0.0263,0.8,0.3,0.5,0.2,0.3,0.2,0.2,1.1,0.3,0.5,5.7,0.0,0.734,0.0,1.22
10.7,7.600000000000001,13.8,4.5,5.800000000000001,3.1999999999999993,21.4,23.4,19.4,21.8,22.6,21.0,0.0111,0.0359,0.00862,0.00848,5.28,0.0102,0.00732,0.0339,0.0364,0.233,0.0103,11.7,8.0,21,7,25,0.3,0.6,0.0266,0.4,0.2,0.2,0.4,0.1,0.3,0.3,0.7,0.2,0.6,5.1,0.0,1.4,0.782,1.22
10.100000000000001,14.0,6.199999999999999,0.8000000000000007,-0.6000000000000014,2.1999999999999993,24.2,23.8,24.6,22.5,21.8,23.2,0.0101,0.036,0.00874,0.0084,4.52,0.00934,0.00675,0.0336,0.0362,0.233,0.0106,11.6,8.0,24,8,25,0.4,0.6,0.0256,0.3,0.1,0.3,0.4,0.0,0.6,0.4,0.5,0.1,0.3,4.8,0.0,0.665,0.782,1.22
10.2,12.0,8.399999999999999,1.6999999999999993,-1.3999999999999986,4.800000000000001,22.5,22.4,22.6,22.3,22.4,22.2,0.0109,0.0359,0.00886,0.00821,3.4,0.0101,0.00729,0.0337,0.0363,0.231,0.011,11.6,8.0,30,8,25,0.3,0.5,0.0263,0.3,0.3,0.9,0.5,0.0,0.5,0.3,0.5,0.0,0.4,5.1,0.0,0.665,0.782,0.0
10.600000000000001,14.0,7.199999999999999,1.1000000000000014,5.399999999999999,-3.1999999999999993,25.0,25.0,25.0,20.7,18.8,22.6,0.00996,0.0356,0.00837,0.00858,2.5,0.00984,0.00682,0.0334,0.0363,0.227,0.0108,11.5,8.0,30,7,25,0.2,0.5,0.0257,0.5,0.3,0.8,0.6,0.4,0.3,0.3,0.7,0.2,0.6,6.1,0.0,0.0,0.0,0.0
9.8,13.0,6.600000000000001,4.199999999999999,10.2,-1.8000000000000007,23.9,28.4,19.4,21.0,24.0,18.0,0.0108,0.0357,0.00902,0.00787,1.4,0.00984,0.00691,0.0333,0.0361,0.227,0.0111,11.4,8.0,25,7,25,0.6,0.3,0.0255,0.4,0.1,0.4,0.2,0.8,0.3,0.3,0.7,0.2,0.3,5.6,0.0,0.0,0.747,0.0
11.3,9.0,13.600000000000001,1.1999999999999993,4.199999999999999,-1.8000000000000007,23.5,22.6,24.4,22.1,20.6,23.6,0.00994,0.0355,0.00902,0.00832,0.58,0.00952,0.00734,0.0333,0.0362,0.226,0.0102,11.4,8.0,27,8,25,0.7,0.2,0.0259,0.5,0.0,0.3,0.5,0.4,0.2,0.5,0.9,0.1,0.2,5.3,1.46,0.0,0.747,0.0
10.5,12.2,8.8,4.100000000000001,0.6000000000000014,7.600000000000001,23.0,22.0,24.0,21.3,21.4,21.2,0.00994,0.0354,0.00919,0.00778,0.614,0.00952,0.00738,0.0331,0.0363,0.222,0.0104,11.4,8.0,33,8,25,0.3,0.4,0.0261,0.6,0.0,0.4,0.5,0.2,0.4,0.5,0.8,0.1,0.5,5.5,1.46,0.0,0.747,0.0
10.899999999999999,11.0,10.8,1.0,-0.3999999999999986,2.3999999999999986,21.6,16.6,26.6,21.7,21.6,21.8,0.00993,0.0356,0.00857,0.00839,0.648,0.00952,0.00684,0.0329,0.0361,0.224,0.0103,11.3,8.0,33,8,25,0.2,0.3,0.0254,0.8,0.0,0.3,0.4,0.4,0.7,0.4,0.7,0.2,0.7,6.0,1.46,0.0,0.0,0.0
10.0,9.2,10.8,2.1000000000000014,0.6000000000000014,3.6000000000000014,27.0,25.6,28.4,26.3,25.0,27.6,0.0109,0.0356,0.00888,0.00809,0.686,0.00749,0.00812,0.0331,0.0363,0.228,0.0101,11.4,8.0,33,9,25,0.6,0.2,0.0262,0.9,0.3,0.2,0.4,0.2,0.2,0.2,0.7,0.3,0.6,5.4,0.0,0.0,1.01,0.0
15.600000000000001,15.0,16.2,4.199999999999999,2.6000000000000014,5.800000000000001,26.7,30.6,22.8,23.4,21.2,25.6,0.0129,0.0354,0.00783,0.0106,0.663,0.00963,0.00774,0.0328,0.0362,0.228,0.0117,10.7,7.0,21,6,50,0.0,0.0,0.0267,0.0,0.0,0.0,0.0,0.0,0.0,0.0,0.0,0.0,0.0,0.0,0.0,0.0,0.0,0.0
10.399999999999999,10.8,10.0,1.1000000000000014,2.0,0.1999999999999993,22.4,23.4,21.4,24.1,26.6,21.6,0.0137,0.0355,0.00822,0.0106,0.678,0.00886,0.00703,0.0327,0.0362,0.23,0.0113,10.4,7.0,21,7,50,1.2,1.0,0.0263,1.6,0.2,0.8,0.8,0.6,0.8,1.8,2.4,0.8,1.8,26.4,0.0,0.0,0.0,0.0
11.100000000000001,8.399999999999999,13.8,1.1999999999999993,1.6000000000000014,0.8000000000000007,24.0,22.8,25.2,21.0,23.6,18.4,0.0128,0.0353,0.00706,0.0108,0.715,0.00965,0.00741,0.0326,0.0363,0.23,0.0114,10.2,7.0,20,7,50,1.0,0.9,0.0264,1.3,0.5,0.6,0.8,0.5,0.7,1.4,2.1,0.6,1.4,18.6,0.0,1.03,0.0,0.0
9.3,13.2,5.399999999999999,2.3000000000000007,3.6000000000000014,1.0,27.0,25.6,28.4,21.1,17.2,25.0,0.0136,0.0353,0.00716,0.0105,0.753,0.00965,0.00746,0.0327,0.0362,0.228,0.0116,10.2,7.0,25,8,50,0.9,0.7,0.0255,0.8,0.4,0.3,0.5,0.7,0.4,0.5,1.2,0.3,1.4,9.3,0.0,1.03,0.0,0.0
10.8,11.0,10.600000000000001,1.3000000000000007,2.6000000000000014,0.0,21.6,22.2,21.0,25.0,24.6,25.4,0.0136,0.0355,0.00794,0.0103,0.777,0.00967,0.00697,0.0326,0.0363,0.228,0.0115,10.1,7.0,21,7,50,1.3,0.7,0.0256,0.5,0.1,0.3,0.4,0.9,0.6,0.4,1.1,0.3,1.6,9.9,0.0,1.03,1.66,0.0
10.399999999999999,8.0,12.8,1.8000000000000007,5.199999999999999,-1.6000000000000014,23.1,20.0,26.2,22.9,19.0,26.8,0.0137,0.0354,0.00843,0.0102,0.793,0.00967,0.00747,0.0325,0.0362,0.227,0.0111,10.2,7.0,24,7,50,0.9,0.4,0.0262,0.5,0.1,0.8,0.8,0.9,0.7,0.8,1.4,0.3,0.9,11.0,0.928,0.0,1.66,0.0
12.100000000000001,14.600000000000001,9.600000000000001,1.5,-1.1999999999999993,4.199999999999999,25.1,26.0,24.2,21.4,20.6,22.2,0.0128,0.0357,0.00784,0.0108,0.828,0.0115,0.00747,0.0324,0.0363,0.229,0.0113,10.1,7.0,24,8,50,0.2,0.3,0.0257,0.8,0.5,0.9,0.6,0.8,0.6,0.8,1.0,0.2,0.8,10.3,0.928,0.0,2.34,2.43
12.8,9.8,15.8,4.199999999999999,1.1999999999999993,7.199999999999999,22.6,23.6,21.6,21.6,21.8,21.4,0.0136,0.036,0.00827,0.0105,0.875,0.0115,0.00745,0.0322,0.0361,0.229,0.011,9.96,7.0,19,7,50,0.6,0.3,0.0258,0.8,0.9,0.7,0.5,1.0,0.7,0.9,1.0,0.1,0.8,11.0,1.78,0.0,0.682,2.43
11.5,10.0,13.0,1.3000000000000007,-1.0,3.6000000000000014,26.8,29.2,24.4,21.8,25.4,18.2,0.0127,0.0359,0.00787,0.0103,0.917,0.0107,0.00738,0.0322,0.0361,0.228,0.0109,9.99,7.0,21,7,50,0.5,0.8,0.0262,0.5,1.1,1.3,0.9,0.8,0.6,0.9,1.8,0.5,0.6,12.8,0.852,0.0,1.47,2.43
13.2,15.2,11.2,1.8999999999999986,1.0,2.8000000000000007,23.0,25.8,20.2,24.3,25.8,22.8,0.0135,0.0358,0.00827,0.011,0.968,0.0115,0.0075,0.0322,0.0361,0.23,0.011,10.0,7.0,26,8,50,0.5,0.7,0.0264,0.5,0.7,1.2,0.9,0.8,0.7,0.8,1.5,0.5,0.8,11.2,0.852,0.0,0.789,0.0
11.3,7.199999999999999,15.399999999999999,1.6000000000000014,0.0,3.1999999999999993,23.4,21.8,25.0,22.0,22.4,21.6,0.0127,0.0358,0.00781,0.0105,0.965,0.0107,0.00696,0.0324,0.0358,0.226,0.0106,10.0,7.0,22,8,50,0.9,0.6,0.026,0.4,0.6,1.0,0.8,0.9,0.9,0.6,1.4,0.1,1.4,11.2,0.0,0.658,0.789,0.0
11.0,8.600000000000001,13.399999999999999,2.5,5.399999999999999,-0.3999999999999986,26.3,30.2,22.4,24.3,25.2,23.4,0.014,0.036,0.0084,0.0105,1.01,0.0106,0.00748,0.0325,0.036,0.229,0.0108,10.0,7.0,21,7,50,0.5,0.4,0.026,0.5,0.8,0.8,0.9,0.5,0.8,0.4,1.5,0.1,1.4,10.7,0.0,0.658,0.0,2.21
11.2,8.399999999999999,14.0,1.8999999999999986,3.6000000000000014,0.1999999999999993,23.9,20.2,27.6,24.3,22.6,26.0,0.0132,0.0359,0.00772,0.0111,1.03,0.0114,0.00693,0.0326,0.0362,0.23,0.0111,10.0,7.0,24,7,50,0.4,0.5,0.0263,0.6,0.8,0.8,0.9,0.7,0.6,0.9,1.5,0.5,1.4,11.8,0.0,0.658,0.0,2.21
11.399999999999999,14.2,8.600000000000001,1.3999999999999986,-2.1999999999999993,5.0,26.5,27.8,25.2,21.6,21.1,22.1,0.014,0.036,0.00772,0.0107,1.08,0.0106,0.00794,0.0328,0.036,0.226,0.0112,10.1,7.0,28,8,50,0.6,0.8,0.0256,0.6,0.7,0.9,0.8,0.9,0.6,0.7,1.4,0.6,1.2,11.8,0.0,0.0,1.75,2.21
11.3,12.0,10.600000000000001,1.8999999999999986,2.6000000000000014,1.1999999999999993,22.8,27.8,17.8,21.0,17.1,24.9,0.014,0.0361,0.0079,0.011,1.11,0.0114,0.00791,0.0329,0.036,0.23,0.0112,10.0,7.0,28,7,50,0.4,1.0,0.0264,0.9,0.8,0.5,0.9,1.1,0.6,0.4,2.0,0.8,0.7,11.7,0.0,0.565,1.75,0.0
10.7,14.0,7.399999999999999,3.3000000000000007,0.8000000000000007,5.800000000000001,22.8,24.6,21.0,26.0,25.8,26.2,0.0139,0.036,0.00843,0.0104,1.13,0.0114,0.00845,0.0328,0.0361,0.23,0.0113,10.1,7.0,28,7,50,0.2,1.1,0.0264,0.7,1.3,0.6,0.8,1.2,0.5,0.4,2.1,0.8,1.1,12.6,0.0,0.565,1.75,0.0
13.3,10.399999999999999,16.2,4.800000000000001,4.0,5.600000000000001,25.9,27.6,24.2,21.5,22.0,21.0,0.013,0.0362,0.00802,0.0109,1.16,0.0126,0.00766,0.033,0.036,0.226,0.0112,10.1,7.0,23,8,50,0.6,0.8,0.0261,0.3,1.2,0.6,0.6,1.0,0.4,0.5,1.7,0.7,1.1,11.3,1.56,1.47,0.0,1.34
11.0,11.8,10.2,1.3000000000000007,-0.1999999999999993,2.8000000000000007,22.5,21.4,23.6,21.8,23.0,20.6,0.0138,0.0362,0.00854,0.0104,1.22,0.0126,0.00772,0.0331,0.036,0.227,0.0113,10.0,7.0,20,7,50,0.9,1.4,0.0259,0.6,0.7,0.6,1.0,0.7,0.2,0.9,2.6,0.9,0.6,12.8,1.56,0.903,0.809,1.34
10.899999999999999,13.399999999999999,8.399999999999999,0.3000000000000007,-1.6000000000000014,2.1999999999999993,22.4,18.6,26.2,21.1,20.6,21.6,0.0129,0.036,0.00798,0.0109,1.28,0.0112,0.00769,0.0333,0.0362,0.227,0.0112,9.99,7.0,20,8,50,0.6,0.8,0.0263,0.6,0.8,1.0,1.1,0.5,0.5,0.7,1.9,0.4,0.5,11.4,1.56,0.903,0.809,1.34
10.399999999999999,15.2,5.600000000000001,3.3000000000000007,0.1999999999999993,6.399999999999999,24.6,28.2,21.0,20.8,24.6,17.0,0.0129,0.0362,0.00861,0.00796,1.35,0.0112,0.00698,0.0332,0.0359,0.23,0.0114,9.89,7.0,19,7,50,0.4,0.6,0.0249,0.5,0.7,1.0,0.9,0.5,0.7,1.0,1.2,0.2,0.8,10.5,0.0,0.0,0.809,0.0
16.8,19.799999999999997,13.8,3.6000000000000014,3.8000000000000007,3.3999999999999986,28.0,26.6,29.4,27.3,30.6,24.0,0.0102,0.0369,0.00706,0.011,1.37,0.0105,0.00698,0.0341,0.0361,0.227,0.0109,11.0,7.0,25,7,100,2.75,1.75,0.0259,2.0,1.0,2.25,3.25,1.5,1.75,2.25,3.25,1.25,3.5,57.0,0.0,1.06,0.0,0.0
11.7,12.0,11.399999999999999,-0.3000000000000007,2.8000000000000007,-3.3999999999999986,27.2,32.0,22.4,24.1,26.0,22.2,0.0101,0.0372,0.00746,0.0111,1.44,0.0105,0.00751,0.0341,0.0356,0.225,0.0111,10.7,7.0,26,7,100,1.89,1.0,0.0257,1.89,1.0,1.11,2.0,1.22,1.89,1.33,2.11,0.778,2.22,34.6,0.0,1.06,0.0,0.0
12.8,15.8,9.8,3.8000000000000007,-0.8000000000000007,8.399999999999999,26.0,28.0,24.0,23.1,26.8,19.4,0.011,0.037,0.00778,0.0106,1.47,0.00796,0.00757,0.0342,0.0357,0.227,0.0105,10.3,7.0,21,8,100,1.0,1.1,0.0255,1.3,1.6,0.9,1.1,1.4,1.7,0.9,1.4,0.3,1.2,18.4,1.71,0.000222,0.0,0.0
13.3,12.0,14.600000000000001,0.6000000000000014,-3.1999999999999993,4.399999999999999,25.4,20.4,30.4,21.4,19.0,23.8,0.0102,0.0368,0.0076,0.0109,1.49,0.00877,0.00703,0.0345,0.0358,0.226,0.0107,10.3,7.0,23,7,100,0.8,1.6,0.0257,1.5,1.7,1.3,1.4,1.3,1.0,1.3,1.5,0.3,1.6,19.9,1.71,0.0,0.0,3.16
12.399999999999999,9.399999999999999,15.399999999999999,3.6000000000000014,0.3999999999999986,6.800000000000001,26.2,20.8,31.6,24.5,22.4,26.6,0.0111,0.0368,0.00798,0.0111,1.56,0.00966,0.00716,0.0345,0.0356,0.228,0.0109,10.2,7.0,26,7,100,0.9,1.6,0.0251,2.0,1.1,1.1,1.3,1.4,1.0,1.0,2.0,0.4,1.6,19.1,2.26,0.0,3.86,3.16
13.600000000000001,9.399999999999999,17.8,1.0,-0.6000000000000014,2.6000000000000014,26.7,29.0,24.4,25.9,25.0,26.8,0.0103,0.0367,0.00766,0.0109,1.59,0.00964,0.00704,0.0345,0.0358,0.225,0.0108,10.2,7.0,28,8,100,1.8,2.0,0.0259,1.8,1.5,0.9,1.0,2.3,1.3,0.9,3.3,1.1,1.2,22.2,0.555,0.0,3.86,4.3
12.3,14.399999999999999,10.2,5.899999999999999,1.1999999999999993,10.600000000000001,24.8,22.2,27.4,21.0,24.3,17.7,0.0103,0.0368,0.00786,0.011,1.65,0.00964,0.00832,0.0344,0.0359,0.229,0.0109,10.3,7.0,25,8,100,1.7,1.5,0.0254,1.8,1.5,0.9,1.2,1.7,0.9,1.2,3.2,1.1,1.4,21.8,1.4,0.0,5.45,2.26
13.8,13.0,14.600000000000001,0.3000000000000007,-1.8000000000000007,2.3999999999999986,25.0,27.8,22.2,26.3,24.9,27.7,0.0103,0.0367,0.00739,0.0105,1.7,0.00968,0.0078,0.0342,0.0356,0.228,0.0109,10.3,7.0,25,8,100,1.5,1.3,0.0253,1.6,1.7,1.8,1.4,1.0,0.9,1.2,2.4,0.4,1.7,20.7,0.842,0.0,1.58,2.26
12.0,12.2,11.8,3.3000000000000007,2.6000000000000014,4.0,27.2,30.2,24.2,25.6,23.9,27.3,0.0112,0.0371,0.00792,0.0103,1.74,0.00891,0.00835,0.0343,0.0356,0.227,0.0105,10.4,7.0,29,8,100,1.9,1.2,0.0259,1.2,1.5,1.8,1.5,1.1,1.9,1.4,2.3,0.5,1.9,21.9,0.842,0.0,1.58,2.45
13.600000000000001,10.2,17.0,2.3999999999999986,2.3999999999999986,2.3999999999999986,23.9,28.4,19.4,20.9,23.3,18.5,0.0104,0.0369,0.00795,0.0108,1.79,0.00968,0.00688,0.0341,0.0356,0.229,0.0103,10.3,7.0,29,7,100,2.4,0.8,0.0262,1.0,1.1,1.8,1.5,1.4,1.7,1.0,2.2,0.6,2.3,21.0,0.0,2.04,0.99,1.33
13.399999999999999,14.0,12.8,1.8000000000000007,7.800000000000001,-4.199999999999999,26.7,24.2,29.2,22.0,21.8,22.2,0.0113,0.037,0.00771,0.0107,1.85,0.00889,0.00734,0.034,0.0355,0.229,0.0104,10.3,7.0,24,7,100,1.9,1.4,0.0255,1.4,1.5,1.9,1.2,1.2,1.2,0.8,2.1,0.8,2.5,21.4,0.0,2.04,1.77,1.33
15.600000000000001,12.8,18.4,0.5,1.3999999999999986,-0.3999999999999986,26.8,27.6,26.0,25.2,20.2,30.2,0.0105,0.0371,0.00727,0.0113,1.91,0.0101,0.0068,0.0342,0.0357,0.226,0.0103,10.3,7.0,24,8,100,1.0,1.7,0.0263,1.9,1.4,1.9,1.4,1.1,1.7,1.2,3.1,1.0,2.0,22.9,0.75,2.04,2.57,0.0
12.399999999999999,13.2,11.600000000000001,5.5,9.600000000000001,1.3999999999999986,26.8,28.8,24.8,22.4,20.6,24.2,0.0114,0.0369,0.00785,0.0106,1.97,0.0089,0.00684,0.034,0.0356,0.23,0.0104,10.3,7.0,23,8,100,1.5,1.8,0.0257,1.3,1.2,1.4,2.0,1.0,1.9,0.9,3.2,0.6,2.2,21.7,0.75,0.929,2.54,0.0
10.899999999999999,10.600000000000001,11.2,0.6999999999999993,-1.3999999999999986,2.8000000000000007,24.4,23.8,25.0,25.3,24.4,26.2,0.0105,0.037,0.00733,0.0112,2.01,0.0089,0.00678,0.0341,0.0356,0.229,0.0102,10.2,7.0,23,7,100,1.8,1.7,0.0266,1.5,1.0,1.0,2.0,1.1,1.7,1.1,3.3,0.5,2.0,21.7,1.76,0.929,1.76,2.26
16.0,16.8,15.2,2.8999999999999986,2.6000000000000014,3.1999999999999993,24.9,23.8,26.0,26.3,25.8,26.8,0.0114,0.0371,0.00778,0.0108,2.09,0.00904,0.00673,0.0341,0.0356,0.228,0.0111,10.2,7.0,25,7,100,1.8,1.4,0.0263,1.8,0.7,1.6,1.7,1.6,1.9,1.4,3.9,1.0,1.1,23.1,1.01,1.88,0.963,3.63
12.8,12.399999999999999,13.2,2.0,1.3999999999999986,2.6000000000000014,26.6,29.2,24.0,21.9,23.4,20.4,0.0114,0.0369,0.00727,0.0107,2.12,0.00975,0.0067,0.0342,0.0357,0.227,0.0109,10.1,7.0,26,7,100,1.7,1.7,0.0266,1.5,0.8,1.7,1.6,1.2,1.7,1.5,3.9,1.4,1.4,23.9,1.92,0.954,1.58,3.63
11.8,15.8,7.800000000000001,3.3999999999999986,1.3999999999999986,5.399999999999999,28.0,31.0,25.0,21.6,21.6,21.6,0.0113,0.0369,0.00787,0.0106,2.21,0.00975,0.00726,0.0343,0.0357,0.229,0.0111,10.2,7.0,29,7,100,1.7,1.3,0.0257,1.2,1.1,1.5,1.0,0.7,1.7,1.5,2.6,1.0,1.5,21.0,0.911,0.954,2.53,2.51
11.3,11.600000000000001,11.0,1.1000000000000014,-2.1999999999999993,4.399999999999999,24.5,27.0,22.0,25.3,28.2,22.4,0.0104,0.0368,0.00759,0.0103,2.32,0.00901,0.00711,0.0341,0.0356,0.231,0.0109,10.2,7.0,29,7,100,1.1,1.1,0.0264,1.2,1.2,1.6,1.1,1.3,1.9,1.2,1.8,0.7,2.4,20.7,0.911,0.0,2.53,1.14
14.600000000000001,12.8,16.4,6.600000000000001,4.800000000000001,8.399999999999999,25.4,26.0,24.8,25.2,23.0,27.4,0.0112,0.0371,0.00816,0.00764,2.45,0.00975,0.00725,0.0339,0.0355,0.229,0.0111,10.1,7.0,27,7,100,0.8,1.3,0.0263,1.8,1.1,1.4,1.5,1.9,1.2,1.1,2.5,1.1,3.3,22.5,0.0,0.0,1.73,2.45
14.399999999999999,16.6,12.2,5.300000000000001,1.0,9.600000000000001,26.9,28.0,25.8,26.9,26.2,27.6,0.0105,0.0384,0.00813,0.00968,15.7,0.012,0.00693,0.0374,0.037,0.249,0.0099,17.6,17.0,38,19,25,0.0,0.0,0.0262,0.0,0.0,0.0,0.0,0.0,0.0,14.7,0.0,0.0,0.0,0.0,0.0,1.05,0.0,0.0
10.600000000000001,8.8,12.399999999999999,1.1999999999999993,4.0,-1.6000000000000014,22.3,21.6,23.0,21.9,22.0,21.8,0.0114,0.0381,0.00802,0.00985,14.7,0.012,0.00755,0.0374,0.0368,0.248,0.0101,15.5,13.0,33,12,25,1.2,0.6,0.0265,0.4,0.4,0.4,0.6,0.2,0.4,0.0,1.0,0.4,0.6,12.8,0.956,1.05,0.0,0.0
10.8,8.0,13.600000000000001,2.1000000000000014,2.6000000000000014,1.6000000000000014,24.1,26.0,22.2,21.4,23.6,19.2,0.0104,0.0379,0.00825,0.00951,13.8,0.0127,0.00703,0.0373,0.037,0.246,0.0101,13.3,10.0,22,7,25,0.5,0.4,0.027,0.4,0.3,0.5,0.4,0.4,0.3,0.2,0.8,0.2,0.6,8.0,0.956,1.05,1.06,0.0
10.100000000000001,5.399999999999999,14.8,2.5,-2.6000000000000014,7.600000000000001,21.6,20.2,23.0,20.6,16.2,25.0,0.0115,0.0381,0.00874,0.00979,12.8,0.0105,0.00829,0.0376,0.037,0.245,0.0102,12.6,9.0,20,7,25,0.2,0.1,0.0269,0.2,0.1,0.5,0.3,0.4,0.3,0.2,0.4,0.0,0.5,4.5,0.956,0.000196,1.06,0.0
9.600000000000001,11.399999999999999,7.800000000000001,2.1000000000000014,4.399999999999999,-0.1999999999999993,23.3,21.2,25.4,20.5,23.4,17.6,0.0105,0.0377,0.00839,0.00894,11.9,0.0113,0.00765,0.0373,0.0371,0.243,0.00975,11.8,8.0,20,6,25,0.3,0.2,0.0265,0.4,0.1,0.6,0.2,0.6,0.5,0.1,0.3,0.1,0.6,5.1,0.0,0.0,1.06,1.33
10.600000000000001,9.600000000000001,11.600000000000001,2.1999999999999993,5.0,-0.6000000000000014,23.2,22.8,23.6,21.9,18.8,25.0,0.0114,0.0377,0.00868,0.00755,10.9,0.00967,0.00682,0.0374,0.0368,0.243,0.00954,11.9,8.0,28,7,25,0.3,0.3,0.0267,0.6,0.6,0.4,0.1,0.6,0.5,0.5,0.7,0.1,0.4,5.8,0.0,0.0,0.0,1.33
10.0,13.0,7.0,0.10000000000000142,3.3999999999999986,-3.1999999999999993,22.6,26.8,18.4,20.5,22.4,18.6,0.0105,0.0376,0.00861,0.00739,9.88,0.00967,0.0067,0.0372,0.0367,0.238,0.00945,11.4,7.0,24,7,25,0.2,0.2,0.0263,0.4,0.6,0.2,0.2,0.3,0.5,0.8,0.8,0.0,0.3,5.3,0.0,0.0,0.0,1.33
8.5,5.0,12.0,5.300000000000001,2.8000000000000007,7.800000000000001,24.8,20.2,29.4,21.7,23.8,19.6,0.0105,0.0371,0.00903,0.00739,8.96,0.0109,0.00725,0.0372,0.0371,0.238,0.00962,11.0,7.0,22,6,25,0.6,0.4,0.0264,0.4,0.1,0.2,0.4,0.3,0.5,0.4,0.7,0.0,0.3,5.4,0.0,0.0,0.0,0.0
9.2,5.0,13.399999999999999,1.1000000000000014,-2.3999999999999986,4.600000000000001,24.1,20.0,28.2,21.1,24.6,17.6,0.0105,0.0367,0.00877,0.00831,8.27,0.0099,0.0072,0.0371,0.037,0.239,0.00958,10.8,7.0,24,7,25,0.6,0.6,0.0271,0.3,0.2,0.3,0.6,0.4,0.4,0.1,1.1,0.5,0.3,6.2,0.0,0.0,0.0,0.0
12.3,15.2,9.399999999999999,2.0,2.6000000000000014,1.3999999999999986,21.7,24.0,19.4,21.0,22.0,20.0,0.0113,0.0364,0.00927,0.0084,7.17,0.0107,0.00723,0.037,0.0372,0.236,0.00987,10.7,7.0,21,7,25,0.4,0.4,0.0273,0.3,0.4,0.7,0.8,0.2,0.3,0.2,1.0,0.8,0.3,6.5,0.657,0.0,0.0,0.0
10.8,11.600000000000001,10.0,1.0,5.399999999999999,-3.3999999999999986,24.1,24.2,24.0,21.5,20.8,22.2,0.0105,0.0362,0.00882,0.00818,6.3,0.00963,0.00669,0.0368,0.0374,0.233,0.00975,10.2,7.0,16,7,25,0.3,0.6,0.0272,0.2,0.5,0.6,0.6,0.4,0.0,0.2,0.6,0.4,0.2,5.7,0.657,0.0,0.0,0.0
10.3,10.8,9.8,5.0,6.600000000000001,3.3999999999999986,21.9,18.8,25.0,23.3,25.0,21.6,0.0114,0.0361,0.0095,0.0077,5.35,0.0104,0.00728,0.0366,0.0372,0.234,0.0103,9.98,7.0,12,7,25,0.2,0.7,0.0275,0.5,0.6,0.6,0.3,0.6,0.2,0.1,0.9,0.4,0.1,6.4,0.657,0.0,0.0,0.0
8.8,13.2,4.399999999999999,1.3000000000000007,1.8000000000000007,0.8000000000000007,24.2,24.6,23.8,20.8,23.4,18.2,0.0114,0.0361,0.00869,0.00822,4.37,0.0102,0.00676,0.0366,0.0372,0.232,0.0107,9.93,7.0,19,7,25,0.1,0.4,0.0277,0.6,0.5,0.7,0.2,0.7,0.5,0.2,0.8,0.3,0.4,6.3,0.619,0.0,1.41,0.0
12.8,9.8,15.8,2.0,-2.0,6.0,23.6,24.4,22.8,21.4,24.8,18.0,0.0113,0.036,0.00923,0.00761,3.49,0.0102,0.00727,0.0361,0.0374,0.229,0.0108,9.99,7.0,25,8,25,0.1,0.3,0.027,0.2,0.4,0.2,0.2,0.5,0.4,0.7,0.3,0.1,0.3,4.6,0.619,0.0,1.41,0.0
8.8,3.3999999999999986,14.2,0.3999999999999986,-0.3999999999999986,1.1999999999999993,24.1,26.4,21.8,21.2,21.0,21.4,0.0104,0.0361,0.00754,0.00801,2.29,0.0109,0.00727,0.0359,0.0375,0.231,0.0106,9.99,7.0,30,7,25,0.6,0.2,0.0277,0.2,0.2,0.3,0.4,0.3,0.3,1.0,0.8,0.5,0.2,5.6,0.619,0.0,1.41,0.0
10.100000000000001,10.0,10.2,6.399999999999999,11.399999999999999,1.3999999999999986,22.9,21.0,24.8,20.2,22.2,18.2,0.0104,0.0356,0.00891,0.0078,1.38,0.0089,0.00725,0.0353,0.0373,0.229,0.0108,9.87,7.0,27,7,25,0.9,0.1,0.028,0.2,0.2,0.7,0.2,0.2,0.6,0.7,1.1,0.6,0.5,6.6,0.0,0.0,0.0,1.01
13.600000000000001,10.0,17.2,0.10000000000000142,-4.800000000000001,5.0,25.7,23.6,27.8,20.9,21.7,20.1,0.0102,0.0357,0.00891,0.00818,0.603,0.0089,0.00671,0.0351,0.0373,0.229,0.0107,9.76,7.0,21,6,25,0.4,0.1,0.0272,0.2,0.3,0.5,0.0,0.2,0.7,0.5,0.9,0.4,0.6,5.7,0.0,0.0,0.785,1.01
10.100000000000001,9.0,11.2,2.8999999999999986,3.8000000000000007,2.0,21.5,18.0,25.0,23.1,25.5,20.7,0.0102,0.0355,0.00881,0.00769,0.637,0.00968,0.0072,0.0349,0.0373,0.228,0.0108,9.66,7.0,17,5,25,0.4,0.2,0.0277,0.3,0.2,0.5,0.1,0.3,0.3,0.5,0.4,0.2,0.6,5.1,0.987,2.17,0.785,1.92
10.0,14.0,6.0,0.5,-2.8000000000000007,3.8000000000000007,23.3,24.0,22.6,19.5,21.8,17.2,0.0101,0.0352,0.00862,0.00797,0.664,0.00968,0.00663,0.0347,0.0374,0.228,0.0107,9.49,7.0,16,5,25,0.3,0.1,0.0278,0.3,0.5,0.5,0.5,0.4,0.1,0.3,0.3,0.0,0.4,4.7,0.987,2.17,0.785,0.911
8.8,10.0,7.600000000000001,1.5,0.8000000000000007,2.1999999999999993,22.5,18.6,26.4,21.2,18.8,23.6,0.0114,0.0357,0.00915,0.00761,0.69,0.00884,0.00676,0.0346,0.0375,0.229,0.00984,9.51,7.0,20,6,25,0.1,0.4,0.027,0.2,0.4,0.2,0.6,0.7,0.3,0.1,0.5,0.1,0.6,4.9,0.987,2.17,0.0,0.911
15.899999999999999,17.4,14.399999999999999,3.8000000000000007,2.3999999999999986,5.199999999999999,27.7,27.6,27.8,22.0,21.6,22.4,0.00983,0.0356,0.00863,0.00779,0.654,0.00807,0.00672,0.0337,0.037,0.226,0.011,9.5,6.0,23,6,50,0.0,0.0,0.0275,0.0,0.0,0.0,0.0,0.0,0.0,0.0,0.0,0.1,0.0,0.0,0.979,0.0,0.0,0.0
9.7,6.399999999999999,13.0,2.0,-0.3999999999999986,4.399999999999999,21.9,24.6,19.2,25.6,30.2,21.0,0.0108,0.0357,0.00891,0.00785,0.672,0.00893,0.00729,0.0335,0.0368,0.225,0.0102,9.44,6.0,24,6,50,1.25,1.25,0.0276,1.75,1.0,1.0,0.5,0.5,0.25,1.25,1.0,0.1,1.5,27.0,0.979,0.0,0.844,0.0
9.8,5.800000000000001,13.8,1.1999999999999993,-2.8000000000000007,5.199999999999999,23.5,22.4,24.6,20.8,20.2,21.4,0.00989,0.0353,0.00853,0.008,0.709,0.00893,0.0068,0.0336,0.0371,0.224,0.0105,8.63,6.0,18,6,50,0.889,0.778,0.0267,1.33,0.444,0.889,0.444,0.333,0.556,0.889,0.778,0.0,1.44,16.9,0.979,0.0,0.844,0.0
11.8,13.399999999999999,10.2,2.3999999999999986,8.0,-3.1999999999999993,26.3,28.4,24.2,21.6,24.4,18.8,0.0109,0.0353,0.00877,0.00812,0.737,0.0102,0.00732,0.0336,0.0372,0.228,0.0107,8.48,6.0,16,6,50,0.8,1.0,0.0275,1.0,0.2,1.0,0.4,0.5,0.6,0.8,1.3,0.2,0.9,10.3,0.00021,0.0,0.844,0.0
10.3,7.0,13.600000000000001,1.1999999999999993,2.3999999999999986,0.0,23.6,21.8,25.4,24.5,27.8,21.2,0.0109,0.0357,0.00822,0.00859,0.75,0.00901,0.00677,0.0336,0.0369,0.227,0.0106,8.26,6.0,16,6,50,0.9,1.0,0.0275,1.5,0.4,0.9,0.9,0.7,0.3,0.7,1.5,0.4,0.9,11.3,0.0,1.02,0.787,0.0
9.8,6.399999999999999,13.2,3.1999999999999993,1.8000000000000007,4.600000000000001,21.6,21.2,22.0,21.4,19.4,23.4,0.011,0.0359,0.00874,0.00686,0.788,0.00979,0.00633,0.0335,0.0369,0.23,0.0106,8.44,6.0,20,7,50,1.1,0.7,0.0271,1.8,0.3,0.9,0.9,0.5,0.3,0.6,1.2,0.4,1.1,11.4,0.0,1.02,0.787,2.41
9.899999999999999,6.600000000000001,13.2,2.8999999999999986,8.2,-2.3999999999999986,25.6,27.4,23.8,22.9,20.8,25.0,0.0103,0.0356,0.00814,0.00849,0.82,0.00977,0.00732,0.0335,0.0372,0.227,0.0103,8.51,7.0,23,7,50,1.1,0.8,0.0271,1.5,0.5,0.9,0.4,0.4,0.3,0.7,1.0,0.2,1.1,10.9,0.685,1.02,1.5,2.41
11.600000000000001,15.2,8.0,1.8000000000000007,-2.3999999999999986,6.0,23.3,24.6,22.0,21.7,19.7,23.7,0.0103,0.0356,0.00854,0.00813,0.841,0.00977,0.00736,0.0336,0.037,0.23,0.0105,8.74,7.0,26,8,50,0.9,0.4,0.0268,0.9,0.7,0.4,0.3,1.1,0.6,0.9,0.8,0.4,1.1,10.1,0.685,0.0,0.715,2.41
10.600000000000001,12.399999999999999,8.8,2.1000000000000014,0.6000000000000014,3.6000000000000014,24.7,28.4,21.0,25.1,25.9,24.3,0.0101,0.0358,0.00786,0.00858,0.871,0.00899,0.00676,0.0336,0.0368,0.23,0.00974,8.64,7.0,21,7,50,1.5,0.2,0.0273,1.1,0.6,0.2,0.6,1.4,0.5,0.7,1.5,0.6,0.8,11.2,0.685,0.0,1.51,0.0
13.7,19.4,8.0,1.8000000000000007,-0.8000000000000007,4.399999999999999,25.2,24.4,26.0,21.9,21.4,22.4,0.0111,0.0359,0.00786,0.00805,0.922,0.009,0.00732,0.0338,0.037,0.228,0.00935,8.53,7.0,18,6,50,1.3,0.4,0.0271,1.0,0.5,0.4,0.8,1.0,0.7,0.9,1.8,0.6,1.0,12.2,0.0,0.0,0.793,0.0
11.399999999999999,9.2,13.600000000000001,2.8999999999999986,3.6000000000000014,2.1999999999999993,22.4,25.6,19.2,21.5,22.4,20.6,0.0102,0.0357,0.00808,0.00853,0.943,0.00973,0.00682,0.0338,0.037,0.23,0.00984,8.45,7.0,17,6,50,0.7,0.6,0.0272,0.9,0.5,0.5,0.6,0.4,1.1,0.7,1.8,0.8,1.4,11.7,0.0,0.0,0.793,1.13
10.899999999999999,11.399999999999999,10.399999999999999,2.0,-1.1999999999999993,5.199999999999999,27.3,30.0,24.6,21.8,20.2,23.4,0.0102,0.0359,0.00845,0.00812,0.976,0.00899,0.00738,0.0339,0.0369,0.229,0.0101,8.58,7.0,21,7,50,0.7,0.7,0.0266,0.9,0.4,0.6,0.5,0.9,0.9,0.9,1.6,0.8,0.7,11.2,0.554,0.0,0.0,1.13
10.600000000000001,10.8,10.399999999999999,0.6000000000000014,3.0,-1.8000000000000007,22.6,19.4,25.8,25.1,30.4,19.8,0.0112,0.0361,0.00716,0.00851,1.0,0.00975,0.00685,0.0344,0.037,0.23,0.00982,8.73,7.0,26,7,50,0.6,1.0,0.027,0.8,0.4,0.5,0.6,1.1,0.7,0.7,1.5,0.8,0.8,11.6,0.554,0.0,0.93,2.49
13.5,13.600000000000001,13.399999999999999,2.3000000000000007,4.600000000000001,0.0,24.7,24.4,25.0,21.3,23.0,19.6,0.0117,0.036,0.00777,0.00821,1.04,0.00975,0.00734,0.0344,0.0369,0.231,0.00998,8.69,7.0,24,7,50,0.5,1.2,0.027,0.8,0.4,0.3,0.6,0.7,0.3,0.7,1.8,0.6,1.1,11.0,0.554,1.23,0.93,1.35
11.8,7.399999999999999,16.2,4.600000000000001,2.8000000000000007,6.399999999999999,25.9,23.2,28.6,20.8,18.4,23.2,0.0117,0.036,0.00699,0.00896,1.06,0.00898,0.00733,0.0348,0.0371,0.23,0.00997,8.64,7.0,19,7,50,1.2,0.7,0.0264,1.0,0.5,0.8,0.7,0.6,0.2,0.8,1.4,0.3,1.0,11.0,0.0,1.23,1.87,1.35
10.100000000000001,12.8,7.399999999999999,2.6999999999999993,-2.8000000000000007,8.2,23.6,20.0,27.2,21.0,17.6,24.4,0.0109,0.0362,0.00822,0.00874,1.09,0.00898,0.00745,0.0347,0.0371,0.231,0.0108,8.6,7.0,16,7,50,1.1,0.4,0.027,0.8,0.7,1.0,0.5,1.1,0.5,0.6,1.5,0.4,0.9,11.0,0.897,1.23,0.945,0.0
14.100000000000001,11.8,16.4,0.3000000000000007,1.8000000000000007,-1.1999999999999993,23.6,23.6,23.6,21.8,21.0,22.6,0.0106,0.0358,0.0077,0.00919,1.14,0.00971,0.00688,0.0348,0.0369,0.23,0.0106,8.8,7.0,23,7,50,0.8,0.6,0.0273,0.5,0.6,0.7,0.5,1.0,0.7,0.5,2.2,0.6,0.9,11.4,0.897,0.0,0.945,1.1
9.0,11.0,7.0,2.3000000000000007,7.199999999999999,-2.6000000000000014,22.3,19.6,25.0,24.8,23.8,25.8,0.0114,0.0358,0.00823,0.00873,1.18,0.00899,0.00824,0.0347,0.037,0.229,0.0104,8.76,7.0,23,7,50,0.9,0.6,0.0268,0.6,1.0,0.7,0.6,0.8,0.7,0.8,2.3,0.6,0.9,12.1,0.897,0.915,0.0,1.1
11.5,10.600000000000001,12.399999999999999,1.8000000000000007,0.0,3.6000000000000014,28.0,28.6,27.4,20.6,18.6,22.6,0.0105,0.0357,0.00763,0.00927,1.24,0.00899,0.00816,0.0349,0.0371,0.229,0.0107,8.79,7.0,21,7,50,0.5,0.3,0.0272,0.9,1.1,0.8,0.4,1.2,0.6,0.8,1.8,0.9,1.2,11.7,0.0,0.915,0.0,1.1
10.8,12.8,8.8,4.5,3.3999999999999986,5.600000000000001,23.1,20.2,26.0,21.8,24.2,19.4,0.0113,0.0358,0.00823,0.00879,1.35,0.00898,0.00851,0.0348,0.0372,0.231,0.0108,8.77,7.0,21,7,50,0.2,0.2,0.0307,0.7,0.7,0.6,0.7,1.2,0.4,0.7,2.0,1.0,1.5,11.4,0.0,0.915,0.798,0.0
15.2,16.8,13.600000000000001,2.1000000000000014,1.8000000000000007,2.3999999999999986,28.1,25.6,30.6,26.4,26.0,26.8,0.0136,0.0355,0.0104,0.0091,1.31,0.00965,0.0076,0.0347,0.0367,0.231,0.0105,6.77,5.0,18,5,100,2.75,1.75,0.0303,3.0,3.0,1.75,1.25,1.75,0.5,3.75,7.0,2.75,2.5,62.5,0.0,0.0,0.0,0.0
11.7,14.0,9.399999999999999,1.3999999999999986,-0.6000000000000014,3.3999999999999986,25.7,29.0,22.4,21.9,22.0,21.8,0.0126,0.0353,0.00993,0.00902,1.36,0.00888,0.0076,0.035,0.037,0.229,0.0101,7.07,5.0,18,5,100,1.78,1.22,0.0297,2.11,1.78,1.11,0.667,1.44,0.778,2.56,4.22,1.56,2.33,36.1,0.811,0.0,0.0,0.0
12.5,15.2,9.8,3.3000000000000007,6.600000000000001,0.0,26.6,27.8,25.4,25.0,30.0,20.0,0.0135,0.0355,0.0105,0.00787,1.38,0.00886,0.00707,0.0349,0.0366,0.231,0.0102,7.39,5.0,20,6,100,1.3,1.3,0.0296,1.4,1.0,1.3,0.8,1.4,1.4,1.3,2.8,0.9,2.8,20.3,1.47,0.0,2.25,2.2
15.2,14.2,16.2,2.6000000000000014,3.3999999999999986,1.8000000000000007,23.9,22.6,25.2,25.6,29.4,21.8,0.0135,0.0356,0.0103,0.00773,1.47,0.00964,0.00703,0.0349,0.0366,0.231,0.0107,7.43,5.0,19,6,100,1.7,1.3,0.0299,1.3,1.2,1.6,1.3,1.3,1.6,1.2,2.5,0.8,3.1,22.3,1.47,1.7,2.25,3.31
11.3,6.399999999999999,16.2,4.899999999999999,4.0,5.800000000000001,27.0,29.0,25.0,21.9,17.0,26.8,0.0136,0.0356,0.0107,0.00871,1.49,0.00964,0.00759,0.0349,0.0368,0.231,0.0109,7.61,5.0,19,6,100,1.9,1.5,0.0295,1.1,1.0,1.7,1.2,1.0,1.4,1.1,2.5,0.8,2.4,21.4,1.23,1.7,3.06,3.31
15.0,11.2,18.8,1.8999999999999986,1.3999999999999986,2.3999999999999986,27.1,25.8,28.4,25.6,25.2,26.0,0.0127,0.0355,0.0108,0.00914,1.58,0.00953,0.0075,0.0348,0.0366,0.232,0.0112,7.82,6.0,23,7,100,1.8,1.6,0.0303,1.0,1.5,1.8,1.2,1.0,1.8,1.1,2.9,0.8,1.8,23.0,1.37,2.27,1.58,2.51
10.8,12.600000000000001,9.0,4.100000000000001,2.0,6.199999999999999,25.8,28.8,22.8,22.3,23.4,21.2,0.0137,0.0358,0.0107,0.00862,1.64,0.0088,0.00762,0.0348,0.0367,0.233,0.0107,7.78,6.0,21,7,100,1.4,1.7,0.0305,1.4,1.3,1.7,0.8,1.3,2.3,1.2,3.0,0.7,1.8,23.1,1.37,1.37,2.54,1.41
15.8,17.4,14.2,0.0,-1.0,1.0,24.2,27.4,21.0,26.2,26.2,26.2,0.0137,0.0358,0.0103,0.00903,1.68,0.0088,0.00705,0.0348,0.0367,0.232,0.0106,7.9,6.0,23,7,100,1.8,1.8,0.0305,1.3,0.6,1.5,1.2,1.7,2.1,0.8,3.0,0.8,2.1,22.7,0.795,1.37,1.73,2.82
14.0,17.8,10.2,6.300000000000001,2.6000000000000014,10.0,25.8,25.4,26.2,21.9,23.0,20.8,0.0135,0.0358,0.0108,0.00846,1.75,0.00875,0.00759,0.0346,0.0368,0.232,0.0108,8.07,6.0,25,8,100,1.8,1.1,0.03,1.3,0.9,1.4,2.1,1.8,1.1,0.8,1.7,0.5,1.6,20.2,0.0,0.8,1.75,1.42
15.399999999999999,14.0,16.8,0.1999999999999993,-3.0,3.3999999999999986,28.4,30.0,26.8,21.4,23.8,19.0,0.0122,0.036,0.0103,0.00901,1.81,0.00875,0.0071,0.0346,0.037,0.232,0.0106,8.06,6.0,22,7,100,1.5,1.0,0.0303,2.0,1.1,1.6,1.8,1.8,0.7,1.4,2.4,1.0,1.7,21.8,0.0,0.813,1.71,1.42
11.7,11.8,11.600000000000001,7.0,6.199999999999999,7.800000000000001,22.6,21.4,23.8,24.8,24.8,24.8,0.0132,0.0361,0.0108,0.00827,1.85,0.00951,0.00795,0.0344,0.0368,0.231,0.0105,8.0,6.0,18,5,100,1.9,0.9,0.0304,1.8,1.3,1.5,1.2,1.9,0.9,1.2,3.1,1.1,2.1,23.0,1.72,0.813,1.71,1.14
15.8,17.2,14.399999999999999,-0.6000000000000014,-2.8000000000000007,1.6000000000000014,27.2,22.8,31.6,26.5,26.8,26.2,0.0132,0.0359,0.00934,0.00865,1.91,0.00951,0.00784,0.0346,0.0368,0.231,0.00967,7.86,6.0,17,5,100,2.0,1.0,0.0304,1.3,1.7,1.5,0.8,1.5,1.3,1.3,3.1,1.1,1.8,22.1,1.72,0.813,2.26,2.53
13.8,13.8,13.8,2.0,-0.3999999999999986,4.399999999999999,26.6,25.8,27.4,22.1,22.2,22.0,0.0132,0.0359,0.0108,0.00821,1.96,0.0088,0.00844,0.0343,0.037,0.23,0.00984,7.96,6.0,23,5,100,1.2,0.7,0.0298,1.7,1.7,1.2,1.5,1.5,1.7,1.5,3.1,1.1,1.5,21.5,1.72,0.902,1.66,2.53
12.7,12.8,12.600000000000001,1.3000000000000007,-3.8000000000000007,6.399999999999999,27.8,30.8,24.8,21.0,20.0,22.0,0.0123,0.0359,0.0103,0.00863,2.01,0.0088,0.00707,0.0346,0.0369,0.234,0.00972,8.01,6.0,25,6,100,1.0,0.5,0.03,2.1,1.1,1.6,2.2,1.5,1.8,1.1,2.6,0.6,1.6,21.6,0.0,0.902,1.66,1.38
11.5,8.8,14.2,5.399999999999999,7.399999999999999,3.3999999999999986,23.5,22.2,24.8,24.7,24.9,24.5,0.0131,0.0361,0.011,0.00809,2.07,0.0088,0.00721,0.0344,0.0367,0.231,0.00995,8.0,6.0,21,6,100,1.6,1.1,0.03,1.8,0.7,1.8,1.7,1.4,1.3,1.7,2.1,0.6,2.3,22.5,0.785,0.902,1.26,0.0
14.3,17.6,11.0,-0.10000000000000142,-0.6000000000000014,0.3999999999999986,26.8,27.4,26.2,25.7,25.1,26.3,0.0123,0.0362,0.0105,0.00908,2.08,0.00882,0.00686,0.0342,0.0368,0.23,0.00983,8.07,6.0,22,6,100,1.8,1.8,0.0266,1.3,1.2,1.4,1.6,1.6,1.1,1.8,2.4,1.0,2.5,22.5,0.785,0.884,0.94,2.55
12.0,10.0,14.0,5.300000000000001,1.3999999999999986,9.2,24.5,20.8,28.2,23.8,21.3,26.3,0.0108,0.0364,0.00872,0.00853,2.2,0.00951,0.00691,0.034,0.0367,0.231,0.01,8.12,6.0,23,7,100,1.1,1.5,0.0261,1.1,1.7,1.7,1.5,1.4,1.6,2.1,3.3,1.3,2.2,23.1,1.77,0.884,1.84,2.55
12.600000000000001,13.0,12.2,1.8000000000000007,-2.3999999999999986,6.0,26.3,25.8,26.8,19.5,21.1,17.9,0.00996,0.0365,0.00892,0.00841,2.28,0.00952,0.00678,0.0339,0.0366,0.232,0.00975,8.14,6.0,18,7,100,0.5,1.5,0.0258,1.1,1.1,1.6,1.2,1.9,1.4,1.8,2.7,0.9,2.2,22.3,0.983,0.884,1.92,3.7
12.899999999999999,11.0,14.8,1.1000000000000014,1.6000000000000014,0.6000000000000014,23.0,20.6,25.4,25.5,29.8,21.2,0.0108,0.0366,0.00865,0.00885,2.4,0.00952,0.00727,0.034,0.0366,0.23,0.0101,8.22,6.0,21,7,100,0.9,1.9,0.0261,1.0,1.1,1.1,1.2,1.6,1.2,1.1,1.9,0.5,1.9,20.4,0.983,0.0,1.92,1.14
13.5,9.0,18.0,4.100000000000001,2.8000000000000007,5.399999999999999,26.9,26.2,27.6,26.6,30.0,23.2,0.0111,0.0358,0.00758,0.00918,15.6,0.0104,0.00668,0.0342,0.0367,0.249,0.0102,18.4,16.0,8,8,25,0.0,0.0,0.026,13.3,0.0,0.0,0.0,0.0,0.0,0.0,29.0,9.0,0.0,0.0,0.0,1.03,0.0,0.0
10.2,11.0,9.399999999999999,2.5,0.1999999999999993,4.800000000000001,22.8,18.4,27.2,19.9,18.6,21.2,0.011,0.0358,0.0081,0.00848,14.7,0.0111,0.00743,0.0339,0.0367,0.25,0.0105,15.8,13.0,24,7,25,0.5,0.5,0.0263,13.3,0.5,1.25,1.0,0.25,1.75,1.25,0.75,0.25,0.5,15.5,0.0,1.03,0.0,0.0
9.0,6.800000000000001,11.2,0.8000000000000007,2.8000000000000007,-1.1999999999999993,24.3,28.6,20.0,22.1,19.4,24.8,0.0101,0.0354,0.00753,0.00898,13.7,0.011,0.00739,0.0338,0.0369,0.247,0.0103,13.9,10.0,23,7,25,0.3,0.3,0.0257,0.0,0.7,0.8,0.6,0.1,0.8,0.7,0.6,0.2,0.4,8.8,0.992,1.03,0.0,1.43
9.399999999999999,5.199999999999999,13.600000000000001,2.6999999999999993,0.3999999999999986,5.0,23.7,23.8,23.6,20.1,23.5,16.7,0.0109,0.0355,0.00806,0.00953,12.9,0.011,0.00672,0.034,0.0367,0.248,0.01,13.0,9.0,23,7,25,0.2,0.1,0.0265,0.2,0.6,0.5,0.4,0.1,0.3,0.3,0.5,0.2,0.4,4.8,0.992,0.000195,1.15,1.43
9.399999999999999,4.800000000000001,14.0,0.3999999999999986,4.399999999999999,-3.6000000000000014,22.5,20.2,24.8,20.4,23.1,17.7,0.01,0.0353,0.00752,0.00969,12.0,0.00992,0.00713,0.0336,0.0372,0.246,0.0103,12.8,8.0,29,8,25,0.2,0.5,0.0259,0.4,0.4,0.5,0.4,0.3,0.6,0.3,0.6,0.1,0.5,5.8,0.992,0.0,1.15,1.43
9.0,6.0,12.0,2.1000000000000014,5.399999999999999,-1.1999999999999993,22.2,23.6,20.8,21.2,22.4,20.0,0.0116,0.0351,0.00788,0.00895,11.0,0.0107,0.00672,0.0332,0.0369,0.242,0.0105,12.1,8.0,29,7,25,0.1,0.6,0.0258,0.4,0.3,0.4,0.4,0.4,0.8,0.4,0.5,0.0,0.3,5.4,0.0,0.0,1.15,0.0
10.3,9.600000000000001,11.0,5.0,1.3999999999999986,8.600000000000001,23.5,29.2,17.8,21.1,17.7,24.5,0.0116,0.0348,0.00809,0.00883,10.2,0.00974,0.00669,0.0334,0.0368,0.24,0.0104,11.3,7.0,15,5,25,0.2,0.3,0.0264,0.3,0.4,0.3,0.5,0.5,0.4,0.5,0.8,0.2,0.2,5.4,0.0,0.0,0.0,0.0
10.600000000000001,15.600000000000001,5.600000000000001,1.3000000000000007,2.0,0.6000000000000014,24.9,28.2,21.6,20.0,21.9,18.1,0.0102,0.0345,0.00764,0.00936,9.4,0.0106,0.00721,0.0332,0.037,0.238,0.0105,10.8,7.0,15,5,25,0.3,0.2,0.0262,0.2,0.3,0.3,0.3,0.5,0.3,0.6,0.8,0.3,0.6,5.4,0.657,0.0,0.785,0.0
11.899999999999999,7.0,16.8,2.3000000000000007,-3.0,7.600000000000001,22.7,28.4,17.0,21.1,24.2,18.0,0.011,0.0344,0.00755,0.00874,8.38,0.00969,0.00661,0.0331,0.037,0.237,0.0108,10.5,7.0,17,6,25,0.2,0.2,0.026,0.3,0.1,0.3,0.6,0.1,0.2,0.7,0.7,0.3,0.7,5.3,0.657,0.0,0.785,0.0
10.100000000000001,10.0,10.2,2.0,-3.3999999999999986,7.399999999999999,24.2,24.0,24.4,24.4,26.0,22.8,0.0102,0.0342,0.00796,0.00866,7.23,0.00953,0.00669,0.033,0.0369,0.237,0.00991,10.2,7.0,17,7,25,0.2,0.4,0.0266,0.3,0.3,0.3,0.6,0.2,0.2,0.7,0.6,0.2,0.3,5.1,0.657,0.0,0.785,0.0
9.5,14.0,5.0,4.0,6.399999999999999,1.6000000000000014,21.7,24.0,19.4,21.3,21.0,21.6,0.0101,0.034,0.00807,0.00901,6.36,0.00951,0.00657,0.0327,0.037,0.232,0.0098,10.0,7.0,16,6,25,0.2,0.4,0.0267,0.2,0.5,0.6,0.2,0.5,0.8,0.3,0.8,0.4,0.0,5.6,0.0,0.768,0.0,1.15
10.399999999999999,11.8,9.0,1.0,3.8000000000000007,-1.8000000000000007,23.4,25.2,21.6,20.6,20.2,21.0,0.011,0.034,0.00792,0.00865,5.32,0.00939,0.0072,0.0327,0.037,0.232,0.0095,9.85,7.0,15,6,25,0.4,0.4,0.0269,0.3,0.6,0.4,0.0,0.2,0.5,0.1,0.9,0.4,0.5,5.2,0.0,0.768,0.0,1.15
8.899999999999999,13.399999999999999,4.399999999999999,4.100000000000001,6.600000000000001,1.6000000000000014,23.9,25.0,22.8,22.8,19.8,25.8,0.01,0.034,0.0073,0.00929,4.66,0.00939,0.00673,0.0326,0.0369,0.232,0.00983,9.53,7.0,14,5,25,0.6,0.3,0.0268,0.4,0.4,0.3,0.0,0.1,0.2,0.4,0.7,0.1,0.8,5.3,0.559,0.768,0.0,1.15
10.600000000000001,9.0,12.2,1.6999999999999993,-1.3999999999999986,4.800000000000001,24.9,22.6,27.2,19.6,18.6,20.6,0.0108,0.0337,0.00782,0.00865,3.51,0.00924,0.00719,0.0324,0.0372,0.232,0.00995,9.51,7.0,19,7,25,0.5,0.1,0.0267,0.4,0.6,0.5,0.3,0.2,0.3,0.4,0.4,0.2,0.4,5.6,0.559,0.0,0.0,0.0
12.3,13.399999999999999,11.2,3.3000000000000007,3.0,3.6000000000000014,22.4,20.0,24.8,22.2,24.0,20.4,0.0108,0.0335,0.00793,0.00904,2.55,0.00997,0.00708,0.0325,0.037,0.229,0.00974,9.54,7.0,27,8,25,0.3,0.3,0.0268,0.3,0.4,0.5,0.5,0.3,0.4,0.3,0.6,0.3,0.3,5.6,1.35,0.706,0.0,0.0
9.100000000000001,5.600000000000001,12.600000000000001,3.3999999999999986,5.399999999999999,1.3999999999999986,23.5,26.4,20.6,20.5,15.6,25.4,0.0108,0.0333,0.00791,0.0077,1.54,0.00836,0.00712,0.0323,0.0371,0.228,0.00943,9.55,7.0,24,8,25,0.2,0.5,0.0275,0.2,0.4,0.1,0.6,0.1,0.4,0.4,0.6,0.1,0.6,5.2,0.79,0.706,0.0,0.0
10.8,10.399999999999999,11.2,0.3999999999999986,4.600000000000001,-3.8000000000000007,21.7,19.4,24.0,21.1,22.0,20.2,0.00976,0.0329,0.00751,0.0076,0.74,0.00836,0.00656,0.0324,0.0373,0.225,0.0102,9.68,7.0,27,7,25,0.3,0.4,0.0275,0.1,0.5,0.2,0.7,0.0,0.3,0.4,0.9,0.3,0.6,5.9,0.79,0.706,0.0,0.0
8.8,6.0,11.600000000000001,1.8999999999999986,5.600000000000001,-1.8000000000000007,24.3,21.8,26.8,21.2,26.4,16.0,0.0107,0.0331,0.00789,0.011,0.598,0.00894,0.00656,0.0324,0.0376,0.227,0.0105,9.68,7.0,32,7,25,0.3,0.1,0.028,0.3,0.3,0.3,0.5,0.1,0.2,0.2,0.8,0.3,0.5,5.6,0.0,0.0,0.645,0.0
10.100000000000001,8.0,12.2,5.0,8.2,1.8000000000000007,27.0,28.0,26.0,26.6,25.2,28.0,0.00992,0.0329,0.008,0.0108,0.627,0.00967,0.00657,0.0325,0.0378,0.227,0.0104,9.81,7.0,28,8,25,0.3,0.3,0.0279,0.3,0.2,0.1,0.3,0.3,0.2,0.2,0.4,0.0,0.9,4.7,0.0,0.0,0.645,0.0
12.100000000000001,9.8,14.399999999999999,2.6000000000000014,-1.6000000000000014,6.800000000000001,21.1,24.6,17.6,20.4,17.6,23.2,0.00992,0.033,0.00799,0.0105,0.654,0.00967,0.00716,0.0325,0.0378,0.228,0.0105,9.7,7.0,24,7,25,0.7,0.3,0.0275,0.1,0.3,0.1,0.3,0.4,0.4,0.2,0.5,0.1,0.6,4.9,0.756,0.0,1.44,0.0
9.7,14.0,5.399999999999999,3.8000000000000007,1.6000000000000014,6.0,24.7,25.4,24.0,25.6,22.8,28.4,0.0113,0.0331,0.00789,0.0105,0.657,0.00971,0.00694,0.0332,0.0376,0.224,0.00995,7.69,7.0,12,6,50,1.25,0.5,0.0281,1.75,0.75,1.75,1.75,1.75,0.25,1.0,2.5,0.25,0.75,29.5,1.0,1.01,0.0,0.0
12.399999999999999,11.8,13.0,-0.1999999999999993,-0.3999999999999986,0.0,23.6,25.2,22.0,22.1,25.5,18.7,0.00976,0.0331,0.00753,0.011,0.699,0.00897,0.00731,0.0333,0.0376,0.227,0.00981,8.34,7.0,21,7,50,1.0,0.667,0.0284,0.889,0.778,1.11,1.11,0.889,0.333,1.22,1.67,0.333,1.0,18.6,1.0,1.01,0.0,0.0
11.3,14.2,8.399999999999999,2.6000000000000014,-2.6000000000000014,7.800000000000001,26.8,27.8,25.8,21.0,22.5,19.5,0.0106,0.033,0.00732,0.0111,0.739,0.00971,0.00743,0.0331,0.0377,0.225,0.00999,8.8,7.0,30,7,50,0.5,0.6,0.0285,0.5,0.9,0.6,0.6,0.4,0.5,0.9,1.1,0.4,0.7,9.7,1.0,1.01,1.69,1.2
10.600000000000001,8.8,12.399999999999999,1.6000000000000014,6.199999999999999,-3.0,21.7,19.0,24.4,24.4,23.6,25.2,0.0106,0.0334,0.00767,0.0111,0.773,0.00883,0.00691,0.0333,0.0376,0.228,0.0105,8.91,7.0,24,7,50,0.3,0.7,0.0282,0.8,0.9,0.5,0.7,0.9,0.5,0.5,1.3,0.4,0.4,10.5,0.0,0.0,1.69,2.38
10.3,10.399999999999999,10.2,2.1000000000000014,5.199999999999999,-1.0,23.5,24.4,22.6,20.6,21.0,20.2,0.0106,0.0334,0.00774,0.0112,0.799,0.00953,0.00738,0.0334,0.0375,0.225,0.0106,8.51,6.0,21,6,50,1.0,0.6,0.0285,0.6,0.9,0.4,0.5,0.7,0.4,0.6,1.9,0.5,0.5,11.4,0.0,0.0,2.24,2.38
11.399999999999999,7.800000000000001,15.0,2.6000000000000014,-0.1999999999999993,5.399999999999999,25.3,20.2,30.4,22.3,23.8,20.8,0.0106,0.0333,0.00742,0.0114,0.826,0.00878,0.00687,0.0337,0.0375,0.226,0.0105,8.48,7.0,20,6,50,0.7,0.8,0.0278,0.8,0.7,0.3,0.8,0.5,0.4,0.7,1.7,0.6,0.5,11.0,0.0,0.0,0.556,1.18
10.100000000000001,7.800000000000001,12.399999999999999,4.899999999999999,2.0,7.800000000000001,25.0,19.4,30.6,19.9,23.6,16.2,0.0107,0.0335,0.0078,0.0111,0.868,0.00953,0.00734,0.0335,0.0376,0.229,0.0107,8.53,7.0,18,7,50,0.7,0.8,0.0285,0.9,1.1,0.6,1.1,0.7,0.5,0.5,1.2,0.4,0.4,10.7,0.0,0.0,0.556,0.0
11.100000000000001,8.0,14.2,2.1999999999999993,2.8000000000000007,1.6000000000000014,23.8,26.2,21.4,25.7,25.0,26.4,0.00977,0.0335,0.00743,0.0117,0.894,0.00879,0.00671,0.0337,0.0379,0.227,0.0106,8.52,7.0,20,7,50,1.4,0.5,0.0279,0.5,1.0,0.6,0.7,0.5,0.5,0.2,1.0,0.2,0.7,9.6,0.0,0.0,0.795,1.1
12.100000000000001,15.0,9.2,2.6000000000000014,1.8000000000000007,3.3999999999999986,23.3,25.0,21.6,21.5,23.8,19.2,0.00977,0.0334,0.00789,0.011,0.928,0.00957,0.00733,0.0337,0.0381,0.227,0.0106,8.5,7.0,20,7,50,1.2,0.4,0.0282,0.6,0.7,0.4,0.6,0.5,0.7,0.6,1.3,0.2,1.3,10.3,0.0,0.0,0.795,1.1
10.399999999999999,7.199999999999999,13.600000000000001,2.3999999999999986,5.600000000000001,-0.8000000000000007,27.7,29.2,26.2,22.8,24.4,21.2,0.00981,0.0337,0.00738,0.0111,0.962,0.00875,0.00687,0.0338,0.0381,0.224,0.0105,8.61,7.0,19,7,50,0.3,0.4,0.0288,0.6,0.6,0.4,0.2,1.0,1.0,1.0,1.6,0.7,1.1,11.1,0.0,0.688,1.75,1.1
11.3,11.0,11.600000000000001,3.0,3.6000000000000014,2.3999999999999986,24.7,23.8,25.6,20.8,17.9,23.7,0.0107,0.0337,0.00787,0.0111,0.979,0.00918,0.00692,0.0336,0.0379,0.225,0.0107,8.66,7.0,20,8,50,0.7,0.3,0.029,0.7,0.5,0.8,0.7,1.5,1.1,0.5,1.1,0.5,1.0,11.5,0.0,0.688,0.95,0.0
11.899999999999999,11.0,12.8,0.3999999999999986,4.0,-3.1999999999999993,24.1,26.2,22.0,25.0,28.5,21.5,0.0107,0.0339,0.00767,0.0108,1.02,0.00918,0.00688,0.0338,0.0381,0.226,0.011,8.74,7.0,21,8,50,0.7,0.4,0.0287,0.8,0.5,0.7,0.5,1.2,0.8,0.4,1.0,0.3,0.7,10.3,1.26,0.688,0.95,1.22
13.100000000000001,15.600000000000001,10.600000000000001,1.8000000000000007,3.8000000000000007,-0.1999999999999993,27.5,29.2,25.8,21.1,18.0,24.2,0.0107,0.0343,0.00814,0.0114,1.05,0.00997,0.00747,0.0337,0.0379,0.227,0.0101,8.81,7.0,23,7,50,0.4,0.3,0.0287,0.8,0.9,0.7,0.7,0.6,0.4,0.9,1.4,0.5,0.8,10.4,1.26,0.0,0.0,1.22
10.3,12.2,8.399999999999999,4.399999999999999,7.399999999999999,1.3999999999999986,23.1,21.4,24.8,22.3,19.1,25.5,0.00976,0.0342,0.00796,0.00733,1.08,0.00866,0.00879,0.0338,0.0379,0.226,0.00986,8.87,7.0,26,7,50,1.0,0.8,0.0284,0.4,1.0,0.6,1.2,0.5,0.6,0.7,1.5,0.3,1.0,12.0,2.17,0.565,0.0,1.22
11.0,13.0,9.0,3.1000000000000014,2.8000000000000007,3.3999999999999986,22.4,21.6,23.2,21.1,21.9,20.3,0.0106,0.0346,0.00835,0.00884,1.12,0.00864,0.00824,0.0338,0.038,0.223,0.00995,8.94,7.0,26,7,50,1.1,1.1,0.0289,0.2,0.8,0.5,1.0,0.8,0.7,0.4,1.3,0.3,0.8,11.2,0.913,0.565,0.793,0.0
13.0,12.0,14.0,1.3000000000000007,0.1999999999999993,2.3999999999999986,26.8,24.0,29.6,26.4,21.6,31.2,0.0106,0.0349,0.00794,0.00882,1.15,0.00864,0.00764,0.0338,0.0379,0.225,0.00981,9.07,7.0,29,8,50,0.8,1.0,0.029,0.2,0.8,0.8,0.7,0.6,0.7,0.6,1.1,0.5,0.8,10.2,0.913,1.52,1.8,1.12
10.2,15.600000000000001,4.800000000000001,1.5,4.399999999999999,-1.3999999999999986,23.7,25.8,21.6,20.7,21.4,20.0,0.0108,0.0351,0.00818,0.00898,1.19,0.00869,0.00817,0.0337,0.0379,0.225,0.01,9.11,7.0,24,8,50,1.0,1.0,0.0285,0.1,1.0,1.0,0.5,0.3,0.7,0.6,0.9,0.4,0.7,9.8,0.0,0.957,1.8,1.12
10.8,14.0,7.600000000000001,1.5,-0.8000000000000007,3.8000000000000007,22.0,17.8,26.2,22.2,26.2,18.2,0.01,0.035,0.00824,0.00942,1.25,0.00869,0.00734,0.0336,0.0382,0.227,0.00991,9.04,7.0,20,7,50,1.0,0.8,0.0284,0.6,1.0,0.9,0.4,0.3,0.3,0.9,1.5,0.5,0.9,10.5,0.0,0.957,1.01,1.12
10.100000000000001,10.0,10.2,1.6999999999999993,-1.3999999999999986,4.800000000000001,28.4,29.2,27.6,25.1,23.2,27.0,0.011,0.035,0.00868,0.00846,1.31,0.00866,0.00746,0.0336,0.038,0.226,0.0105,8.91,7.0,17,5,50,0.8,0.7,0.029,0.4,0.8,1.1,0.7,0.6,0.3,0.9,1.9,0.6,0.6,11.0,0.0,0.0,0.0,0.0
18.8,17.2,20.4,1.3000000000000007,5.800000000000001,-3.1999999999999993,26.7,26.8,26.6,25.9,23.4,28.4,0.0113,0.0358,0.00901,0.0083,1.24,0.00954,0.0073,0.0334,0.038,0.227,0.0101,7.11,5.0,16,6,100,3.67,3.0,0.0293,1.33,4.33,3.67,3.0,2.0,2.0,4.67,4.33,1.33,4.0,75.3,0.818,0.0,0.0,0.0
12.5,8.399999999999999,16.6,1.3999999999999986,1.0,1.8000000000000007,27.4,30.0,24.8,21.9,19.4,24.4,0.0104,0.0358,0.00881,0.0112,1.3,0.00956,0.00683,0.0335,0.0379,0.23,0.00998,7.85,6.0,20,6,100,1.88,1.5,0.0298,1.5,2.63,2.25,1.5,1.63,1.5,1.88,2.5,0.75,2.5,38.0,0.818,0.0,0.0,0.0
14.600000000000001,15.0,14.2,5.399999999999999,3.6000000000000014,7.199999999999999,24.8,24.8,24.8,24.3,24.0,24.6,0.014,0.0357,0.00928,0.0107,1.33,0.00956,0.00747,0.0333,0.0379,0.23,0.01,7.88,6.0,24,7,100,0.7,1.0,0.0298,1.7,1.6,1.6,0.8,1.5,1.4,0.5,2.6,0.7,1.4,19.5,1.48,1.71,2.26,0.0
12.2,10.2,14.2,1.0,3.0,-1.0,26.1,23.6,28.6,25.1,25.2,25.0,0.0132,0.0356,0.0088,0.011,1.37,0.00881,0.007,0.0335,0.0376,0.23,0.00984,7.87,6.0,18,7,100,0.7,1.9,0.0288,1.4,1.4,1.2,1.1,1.1,1.6,1.0,3.1,0.9,1.8,22.2,0.66,1.71,3.24,3.29
11.600000000000001,11.8,11.399999999999999,4.5,1.1999999999999993,7.800000000000001,25.0,27.6,22.4,20.3,21.2,19.4,0.014,0.0359,0.00934,0.0104,1.43,0.00966,0.00751,0.0332,0.0373,0.227,0.00992,8.06,6.0,22,7,100,1.2,1.9,0.0291,1.4,2.4,0.9,1.3,0.8,1.5,1.3,2.4,0.8,1.9,21.5,0.66,1.71,3.24,3.29
14.2,11.600000000000001,16.8,3.5,1.1999999999999993,5.800000000000001,25.7,25.6,25.8,24.6,28.4,20.8,0.014,0.0358,0.00887,0.0111,1.46,0.00962,0.00732,0.0331,0.0372,0.228,0.00975,7.83,6.0,22,6,100,1.6,1.3,0.0292,1.3,2.5,1.1,1.2,1.2,1.3,1.6,2.3,0.8,2.0,21.5,1.35,0.0,1.73,4.46
15.2,17.4,13.0,1.1000000000000014,2.1999999999999993,0.0,27.0,30.4,23.6,21.3,18.1,24.5,0.0141,0.0357,0.00927,0.0113,1.5,0.00962,0.00744,0.0329,0.0373,0.23,0.00981,7.93,6.0,19,5,100,1.2,1.5,0.0288,1.4,1.8,1.4,1.3,1.4,1.3,1.2,2.3,0.7,2.3,21.9,1.35,1.48,1.76,2.29
11.7,9.399999999999999,14.0,1.6999999999999993,0.1999999999999993,3.1999999999999993,23.1,26.4,19.8,24.8,30.5,19.1,0.0132,0.0358,0.00867,0.0112,1.57,0.00845,0.00694,0.0327,0.0375,0.231,0.0103,7.8,6.0,19,6,100,0.9,1.5,0.0286,1.3,2.0,1.6,1.1,1.0,1.9,1.0,2.3,0.7,1.6,21.5,1.35,1.48,2.55,2.29
12.399999999999999,12.0,12.8,7.399999999999999,9.2,5.600000000000001,27.7,27.2,28.2,25.0,25.4,24.6,0.0145,0.0355,0.00845,0.0113,1.59,0.00959,0.00818,0.0324,0.0372,0.23,0.0105,7.85,6.0,21,5,100,1.3,1.6,0.0279,1.1,1.6,1.3,1.2,0.5,2.0,1.4,2.0,0.6,1.7,20.5,0.0,1.48,1.8,2.6
15.3,13.0,17.6,1.3000000000000007,1.0,1.6000000000000014,25.9,28.4,23.4,22.7,20.4,25.0,0.0136,0.0356,0.00857,0.0112,1.67,0.0088,0.00759,0.0325,0.037,0.231,0.0103,8.01,6.0,23,7,100,1.9,1.7,0.028,1.5,1.1,0.9,1.2,0.7,1.9,1.5,1.7,0.9,2.0,20.6,0.0,0.0,1.76,1.49
11.899999999999999,11.399999999999999,12.399999999999999,1.3999999999999986,5.0,-2.1999999999999993,27.0,23.8,30.2,22.0,18.3,25.7,0.0145,0.0356,0.009,0.0113,1.72,0.00953,0.00678,0.0324,0.0371,0.228,0.0105,8.2,6.0,24,7,100,1.8,1.7,0.0283,1.6,0.8,1.2,0.9,1.3,1.8,1.5,2.8,1.7,2.7,23.0,0.959,0.0,1.76,2.43
12.5,13.2,11.8,4.0,3.8000000000000007,4.199999999999999,23.4,25.2,21.6,25.8,22.0,29.6,0.0136,0.0354,0.00849,0.0105,1.77,0.00882,0.00728,0.0322,0.0368,0.233,0.0103,8.18,6.0,22,7,100,1.5,2.0,0.0278,2.0,1.5,1.5,1.1,1.1,1.7,1.0,2.8,1.5,2.4,23.5,1.82,0.89,1.76,1.13
15.0,16.6,13.399999999999999,2.1999999999999993,1.6000000000000014,2.8000000000000007,26.3,28.6,24.0,21.5,22.1,20.9,0.0145,0.0353,0.0088,0.0112,1.82,0.00956,0.0074,0.0318,0.0371,0.229,0.0104,8.35,6.0,24,7,100,1.2,1.2,0.0275,2.2,1.6,1.1,1.0,0.8,1.6,1.2,2.4,0.9,1.7,21.2,1.82,1.74,2.14,1.13
13.8,14.399999999999999,13.2,1.8999999999999986,4.800000000000001,-1.0,25.9,22.4,29.4,25.2,26.8,23.6,0.0135,0.0353,0.00839,0.0117,1.88,0.00875,0.00687,0.0321,0.037,0.231,0.0103,8.48,7.0,29,8,100,1.6,0.9,0.028,2.0,1.1,1.2,1.2,1.2,1.0,1.1,2.1,0.5,2.1,20.3,0.857,1.74,1.57,1.33
12.100000000000001,8.8,15.399999999999999,4.0,6.199999999999999,1.8000000000000007,26.7,28.2,25.2,25.6,28.4,22.8,0.0144,0.0353,0.00844,0.0114,1.93,0.00948,0.00699,0.0321,0.0369,0.23,0.0105,8.51,7.0,23,7,100,2.3,1.6,0.028,1.8,1.2,1.5,1.5,1.1,1.0,0.7,2.0,1.0,1.8,21.5,0.0,0.851,2.54,1.14
12.899999999999999,12.399999999999999,13.399999999999999,1.5,5.399999999999999,-2.3999999999999986,23.2,22.0,24.4,22.8,21.6,24.0,0.0134,0.0355,0.00788,0.0118,2.0,0.00875,0.00734,0.0322,0.0367,0.231,0.00951,8.55,7.0,21,7,100,1.6,1.6,0.0272,1.8,1.3,1.2,1.4,1.2,1.0,0.9,2.8,1.3,1.8,21.8,0.783,0.0,1.2,2.44
15.3,12.600000000000001,18.0,1.8000000000000007,0.8000000000000007,2.8000000000000007,26.3,25.0,27.6,22.3,22.4,22.2,0.0142,0.0353,0.00844,0.0114,2.07,0.00953,0.00689,0.0322,0.0366,0.232,0.00958,8.68,7.0,26,7,100,1.4,1.5,0.0278,1.7,1.2,1.2,1.2,1.4,1.0,0.8,3.4,1.5,2.2,22.0,0.783,0.0,2.53,1.3
11.5,13.0,10.0,3.6999999999999993,2.3999999999999986,5.0,25.6,24.8,26.4,24.6,24.8,24.4,0.0127,0.0355,0.00807,0.0119,2.22,0.00876,0.0068,0.032,0.0368,0.231,0.0095,8.69,7.0,25,7,100,1.4,1.8,0.0277,1.0,1.5,1.5,1.0,1.8,0.8,1.1,3.1,1.2,2.8,22.4,0.783,0.813,1.56,2.44
15.100000000000001,12.0,18.2,2.3999999999999986,5.399999999999999,-0.6000000000000014,26.6,30.6,22.6,21.3,22.0,20.6,0.0137,0.0353,0.00863,0.0114,2.33,0.0095,0.00725,0.032,0.0364,0.232,0.00971,8.8,7.0,26,8,100,1.1,1.6,0.0267,0.7,1.6,1.4,1.1,2.3,0.9,1.5,2.6,0.9,2.4,21.7,0.973,1.7,2.52,1.13
12.899999999999999,15.0,10.8,2.1999999999999993,1.8000000000000007,2.6000000000000014,26.0,24.8,27.2,25.7,25.8,25.6,0.0129,0.0353,0.00875,0.0117,2.41,0.0095,0.00671,0.0321,0.0363,0.233,0.00963,8.88,7.0,26,8,100,1.1,1.0,0.0273,1.3,1.1,1.2,1.5,1.8,1.8,1.4,3.6,1.2,1.8,22.2,0.982,1.71,0.955,2.26
