Avg Host Node1 CPU Usage,Host Node1 CPU 0 Usage,Host Node1 CPU 1 Usage,Avg Host Node2 CPU Usage,Host Node2 CPU 0 Usage,Host Node2 CPU 1 Usage,Avg Host Node3 CPU Usage,Host Node3 CPU 0 Usage,Host Node3 CPU 1 Usage,Avg Host Node4 CPU Usage,Host Node4 CPU 0 Usage,Host Node4 CPU 1 Usage,checkoutservice CPU Usage,currencyservice CPU Usage,emailservice CPU Usage,frontend 1 CPU Usage,frontend 2 CPU Usage,loadgenerator CPU Usage,paymentservice CPU Usage,productcatalogservice CPU Usage,recommendationservice 1 CPU Usage,recommendationservice 2 CPU Usage,redis-cart CPU Usage,shippingservice CPU Usage,Average Response Time,Median Response Time,Current Response Time Percentile 95,Current Response Time Percentile 50,Number of Users,current_rps GET /,current_rps GET /cart,current_rps GET /product/0PUK6V6EV0,current_rps GET /product/1YMWWN1N4O,current_rps GET /product/2ZYFJ3GM2N,current_rps GET /product/66VCHSJNUP,current_rps GET /product/6E92ZMYYFZ,current_rps GET /product/9SIQT8TOJO,current_rps GET /product/L9ECAV7KIM,current_rps GET /product/LS4PSXUNUM,current_rps GET /product/OLJCESPC7Z,current_rps POST /cart,current_rps POST /cart/checkout,current_rps POST /setCurrency,current_rps Aggregated,Acme-Web CPU Usage,MongoDB CPU Usage
60.5,59.2,61.8,54.8,53.4,56.2,61.2,60.8,61.6,36.2,34.9,37.5,0.539,6.68,0.172,6.3,5.45,8.35,0.154,4.39,3.17,0.0407,0.259,0.559,107.0,94,270,97,600,66.1,13.9,6.44,5.11,6.22,6.78,7.22,7.22,8.0,8.33,6.56,14.1,4.56,8.89,169.0,3.34,1.15
53.1,52.4,53.8,54.6,57.2,52.0,49.5,49.0,50.0,35.5,36.5,34.5,0.544,6.77,0.177,6.47,5.55,8.57,0.159,4.49,3.22,0.0396,0.264,0.553,90.7,74,260,63,600,41.1,17.5,8.7,8.3,6.9,8.7,6.4,8.5,10.6,8.9,7.0,18.0,6.0,10.9,168.0,5.0,2.25
54.5,54.6,54.4,51.9,53.4,50.4,51.5,50.0,53.0,33.7,35.2,32.2,0.58,6.96,0.18,6.6,5.77,8.81,0.16,4.74,3.27,0.0383,0.265,0.572,80.7,62,92,32,600,9.3,17.3,8.9,8.9,6.6,9.0,6.6,8.5,10.2,8.6,8.5,19.5,6.3,10.7,139.0,6.61,3.0
54.2,54.8,53.6,57.0,58.0,56.0,51.9,53.0,50.8,35.4,35.0,35.8,0.583,7.07,0.184,6.68,5.88,9.04,0.167,4.71,3.47,0.0382,0.274,0.584,74.2,55,92,33,600,5.1,16.5,8.5,7.7,7.2,8.8,7.3,7.8,9.0,9.3,10.5,17.7,6.2,11.0,133.0,8.08,3.69
52.3,52.8,51.8,53.0,53.4,52.6,50.0,51.0,49.0,35.7,34.6,36.8,0.615,7.21,0.191,6.71,6.04,9.19,0.173,4.85,3.51,0.0401,0.279,0.589,69.6,50,94,32,600,5.1,15.6,8.6,7.8,9.3,8.5,7.3,8.0,8.1,9.6,9.3,16.7,5.8,11.7,131.0,8.62,4.44
50.9,52.6,49.2,57.4,57.6,57.2,54.6,56.2,53.0,38.4,41.4,35.4,0.623,7.43,0.2,7.0,6.14,9.27,0.179,4.99,3.62,0.0386,0.284,0.588,66.0,47,95,32,600,4.1,17.6,7.3,8.0,9.6,8.1,8.7,8.9,7.7,9.5,7.5,16.7,5.5,12.6,132.0,8.42,4.57
54.3,52.8,55.8,58.1,58.4,57.8,51.6,53.0,50.2,34.4,34.6,34.2,0.64,7.49,0.198,6.98,6.44,9.76,0.179,4.97,3.66,0.0376,0.287,0.623,63.7,45,100,34,600,4.8,18.4,7.3,9.1,8.2,7.8,8.0,8.4,7.2,9.2,8.6,17.5,5.6,11.6,132.0,8.54,4.52
55.1,57.6,52.6,54.0,53.8,54.2,53.9,53.8,54.0,33.7,32.8,34.6,0.667,7.86,0.214,7.04,6.45,9.89,0.192,5.15,3.83,0.0374,0.296,0.643,62.7,45,120,38,600,5.4,17.7,6.8,8.7,7.7,9.1,7.4,8.3,8.0,8.7,9.6,18.6,6.0,10.9,133.0,8.51,5.2
52.2,50.8,53.6,50.8,52.8,48.8,55.4,56.6,54.2,34.4,35.6,33.2,0.678,7.97,0.208,7.19,6.7,10.2,0.192,5.18,3.86,0.0381,0.303,0.648,61.1,43,120,37,600,6.2,18.7,7.3,7.9,7.7,9.2,7.4,8.0,8.0,8.6,8.2,18.1,6.9,9.9,132.0,8.04,5.14
52.2,53.4,51.0,56.9,57.6,56.2,62.5,64.0,61.0,34.8,33.6,36.0,0.684,8.04,0.212,7.34,6.83,10.3,0.196,5.33,3.95,0.0389,0.841,0.651,60.1,43,120,34,600,7.0,18.1,9.4,7.6,8.4,7.3,7.1,7.7,6.9,9.0,8.4,16.2,6.4,10.4,130.0,8.3,4.85
55.7,56.0,55.4,53.9,56.0,51.8,53.6,50.6,56.6,33.0,33.4,32.6,0.738,8.18,0.223,7.42,7.05,10.6,0.206,5.45,4.07,0.0377,0.847,0.662,59.5,42,120,36,600,5.7,15.3,8.5,8.2,8.9,6.9,7.1,8.0,8.1,9.4,8.1,16.9,5.7,13.6,130.0,7.99,4.82
53.3,52.4,54.2,55.9,54.2,57.6,52.6,50.6,54.6,35.7,34.8,36.6,0.742,8.39,0.227,7.61,7.13,10.8,0.208,5.47,4.19,0.0386,0.849,0.688,58.6,42,120,37,600,5.1,14.9,7.8,8.8,8.9,6.9,7.6,9.0,8.9,9.7,8.5,19.6,7.2,12.2,135.0,7.59,4.58
56.8,55.8,57.8,54.9,55.0,54.8,54.6,54.6,54.6,34.1,31.3,37.0,0.789,8.56,0.241,7.68,7.23,11.0,0.222,5.57,4.18,0.0372,0.859,0.706,57.8,42,110,36,600,6.2,17.1,8.4,8.2,8.6,6.0,7.9,9.0,8.1,8.8,8.5,17.7,7.0,10.5,132.0,7.37,4.22
51.5,50.8,52.2,54.8,55.0,54.6,52.1,53.8,50.4,33.8,36.8,30.8,0.807,8.65,0.247,7.85,7.46,11.2,0.223,5.76,4.37,0.038,0.864,0.693,56.9,41,110,35,600,5.4,19.5,8.7,7.9,8.0,7.2,7.9,9.6,7.3,8.2,8.0,15.9,6.2,12.1,132.0,7.93,4.5
55.4,57.4,53.4,55.2,56.2,54.2,52.5,51.2,53.8,33.0,30.8,35.2,0.803,8.86,0.245,7.92,7.49,11.5,0.219,5.85,4.42,0.037,0.869,0.707,56.0,40,92,32,600,5.1,17.3,8.2,8.8,8.7,8.6,9.5,9.3,7.9,8.7,8.4,15.9,5.5,10.3,132.0,7.27,4.47
53.6,54.8,52.4,56.9,57.6,56.2,53.0,52.0,54.0,33.4,34.4,32.4,0.837,9.02,0.251,8.07,7.87,12.0,0.228,5.97,4.52,0.037,0.88,0.738,55.3,40,92,34,600,5.8,16.1,8.4,8.3,10.6,8.3,8.6,7.6,8.0,9.1,8.0,17.0,5.6,9.9,131.0,7.42,4.46
52.8,53.4,52.2,56.0,53.8,58.2,50.2,50.8,49.6,33.0,31.6,34.4,0.878,9.6,0.265,8.62,8.29,12.5,0.243,6.34,4.84,0.037,0.894,0.773,54.7,40,98,34,600,6.2,19.6,8.7,7.5,9.2,7.8,7.4,9.0,7.7,8.0,7.5,18.1,6.0,11.4,134.0,7.27,4.34
55.1,55.2,55.0,54.9,55.8,54.0,55.4,56.2,54.6,34.6,33.4,35.8,0.927,10.1,0.277,9.06,8.85,13.2,0.256,6.74,5.08,0.0379,0.912,0.823,54.4,40,110,36,600,5.5,19.9,8.3,8.4,6.7,7.5,8.5,9.3,8.1,7.7,6.9,16.7,5.8,9.7,129.0,7.17,4.29
55.3,54.6,56.0,53.4,53.4,53.4,54.0,53.4,54.6,28.5,28.4,28.6,0.983,10.6,0.289,9.57,9.21,13.9,0.269,7.07,5.36,0.0371,0.929,0.867,53.9,39,110,37,600,5.2,19.1,8.3,7.5,7.5,7.5,8.9,8.1,8.0,9.1,8.1,17.1,7.0,9.9,131.0,6.67,4.06
63.0,64.4,61.6,56.4,56.8,56.0,64.9,63.2,66.6,45.5,43.6,47.4,0.843,9.05,0.25,8.08,7.73,11.7,0.227,6.02,4.49,0.0358,0.876,0.709,103.0,93,230,94,600,68.0,13.5,6.13,5.88,7.5,4.63,6.38,8.25,5.88,7.75,6.5,14.0,3.38,6.38,164.0,6.02,1.8
52.4,51.4,53.4,58.3,58.6,58.0,47.9,48.8,47.0,47.0,47.2,46.8,0.831,8.92,0.241,7.9,7.76,11.8,0.226,5.99,4.5,0.0367,0.873,0.721,90.7,78,230,70,600,47.0,15.9,8.5,6.7,8.8,6.9,9.3,10.8,8.1,8.4,7.2,17.1,5.0,8.1,168.0,8.85,3.7
49.2,47.8,50.6,61.0,60.2,61.8,48.7,50.6,46.8,45.8,44.8,46.8,0.811,9.0,0.244,8.1,7.53,11.6,0.219,6.07,4.51,0.0377,0.874,0.696,81.9,67,110,35,600,14.8,17.2,9.5,6.7,9.2,8.2,8.9,10.1,7.8,8.5,8.0,15.9,4.6,11.0,140.0,12.0,5.39
57.8,58.2,57.4,61.2,61.0,61.4,53.3,53.8,52.8,42.6,42.8,42.4,0.802,8.78,0.239,8.12,7.74,11.7,0.22,6.02,4.41,0.0368,0.87,0.704,75.4,60,100,36,600,5.2,16.9,8.1,7.5,8.3,8.8,8.5,7.5,6.7,7.1,8.5,16.2,4.7,11.2,125.0,14.4,6.55
50.0,51.2,48.8,57.7,58.6,56.8,50.5,52.0,49.0,43.1,41.8,44.4,0.818,8.74,0.247,7.93,7.63,11.6,0.221,6.01,4.46,0.0359,0.869,0.702,72.7,58,120,41,600,5.0,18.7,8.1,8.2,9.2,9.3,8.2,7.8,8.6,6.8,8.8,19.8,6.2,10.1,135.0,16.3,8.89
54.3,55.2,53.4,58.6,59.6,57.6,50.7,47.8,53.6,46.4,44.6,48.2,0.809,8.89,0.244,7.93,7.63,11.7,0.218,5.93,4.49,0.0363,0.332,0.709,68.5,53,120,38,600,5.1,18.8,6.8,9.0,8.5,9.3,6.8,8.2,8.5,8.4,9.2,19.0,6.3,11.0,135.0,14.1,8.7
54.6,52.8,56.4,58.8,59.4,58.2,51.8,51.6,52.0,44.9,43.8,46.0,0.79,8.91,0.237,7.96,7.59,11.6,0.218,5.9,4.54,0.0384,0.333,0.705,65.9,51,97,35,600,4.7,17.5,6.6,8.6,6.7,8.2,8.2,6.9,7.4,9.1,9.2,16.1,5.3,12.2,127.0,15.1,8.73
57.5,57.4,57.6,58.5,58.8,58.2,53.0,53.8,52.2,44.6,44.4,44.8,0.813,8.74,0.241,7.87,7.75,11.6,0.222,6.07,4.49,0.0364,0.337,0.715,64.2,49,110,39,600,5.5,18.8,8.1,8.7,8.9,7.0,7.6,7.2,6.8,9.7,9.1,16.5,5.4,12.0,131.0,14.4,8.6
51.7,49.6,53.8,59.2,59.0,59.4,52.2,52.0,52.4,44.3,43.6,45.0,0.785,8.73,0.235,7.99,7.78,11.7,0.214,6.05,4.49,0.0385,0.334,0.709,62.7,48,110,40,600,6.1,20.3,8.5,7.6,8.3,7.2,6.9,8.2,6.7,10.0,8.3,18.1,6.9,11.2,134.0,14.7,8.88
56.2,56.0,56.4,55.3,56.0,54.6,52.7,52.8,52.6,45.3,45.6,45.0,0.782,8.77,0.238,7.88,7.59,11.8,0.22,5.99,4.49,0.0366,0.333,0.736,61.5,47,100,39,600,6.3,18.9,9.3,6.5,7.5,7.3,8.1,7.9,8.0,8.8,7.6,17.7,6.3,11.7,132.0,14.5,7.83
53.0,53.2,52.8,59.4,58.8,60.0,49.8,48.6,51.0,43.9,43.8,44.0,0.808,8.77,0.24,7.87,7.74,11.7,0.221,6.0,4.46,0.0366,0.334,0.733,60.3,46,100,37,600,6.7,15.3,9.4,9.1,9.3,7.2,8.6,8.4,7.2,7.1,7.5,17.7,6.3,10.2,130.0,14.2,8.47
53.6,53.2,54.0,57.2,57.0,57.4,55.0,57.0,53.0,43.3,43.0,43.6,0.792,8.82,0.248,7.9,7.72,11.6,0.222,5.96,4.52,0.0384,0.329,0.729,59.7,46,110,38,600,6.1,15.9,9.4,10.1,8.2,7.0,8.3,8.4,6.2,8.2,8.0,18.7,7.5,9.5,132.0,13.6,7.92
50.9,48.8,53.0,57.4,57.6,57.2,51.9,52.8,51.0,44.2,42.2,46.2,0.799,8.72,0.241,7.87,7.72,11.7,0.216,5.96,4.46,0.0385,0.329,0.727,58.8,45,110,40,600,6.1,16.9,9.0,8.8,8.0,7.9,7.7,8.4,6.3,9.0,8.8,17.1,6.6,11.4,132.0,13.9,7.56
54.5,53.6,55.4,58.4,58.2,58.6,52.2,54.6,49.8,46.8,45.8,47.8,0.783,8.69,0.242,7.89,7.55,11.5,0.216,5.91,4.39,0.0367,0.329,0.729,58.0,44,110,37,600,4.9,14.8,7.6,6.8,8.7,8.3,7.9,8.7,8.7,7.5,8.9,15.5,5.1,12.4,126.0,13.9,7.53
54.0,53.6,54.4,58.7,58.0,59.4,53.5,52.0,55.0,45.9,46.8,45.0,0.795,8.69,0.243,7.88,7.58,11.5,0.218,5.97,4.45,0.0387,0.328,0.73,57.4,44,110,37,600,4.7,16.4,7.1,7.2,8.7,7.2,7.3,8.2,9.4,7.3,9.3,16.5,4.7,12.4,126.0,14.2,7.85
54.4,53.8,55.0,62.7,62.2,63.2,50.7,51.0,50.4,44.6,44.0,45.2,0.771,8.75,0.24,7.86,7.63,11.7,0.215,5.91,4.47,0.039,0.331,0.756,56.6,43,100,36,600,5.5,17.8,8.2,7.5,8.2,7.3,7.6,8.2,7.6,8.1,9.3,17.2,5.7,11.5,130.0,15.6,7.57
52.7,51.4,54.0,57.1,58.8,55.4,53.9,52.2,55.6,47.9,46.0,49.8,0.816,9.24,0.249,8.35,8.18,12.4,0.227,6.21,4.72,0.0382,0.346,0.798,56.8,44,130,41,600,6.6,17.3,8.8,8.4,7.6,8.1,8.5,8.8,7.1,8.3,9.4,17.7,6.0,10.0,133.0,14.8,8.16
52.2,53.2,51.2,60.3,60.6,60.0,65.4,65.6,65.2,47.1,48.1,46.1,0.861,9.58,0.263,8.7,8.66,13.1,0.241,6.6,4.99,0.0385,0.904,0.841,56.4,43,130,44,600,6.7,17.8,9.1,8.4,8.0,8.1,8.6,10.0,7.3,8.0,9.1,17.4,5.1,10.8,134.0,15.1,8.81
52.1,50.8,53.4,54.5,54.4,54.6,52.2,53.8,50.6,40.0,37.9,42.1,0.919,10.1,0.275,9.23,8.97,13.7,0.253,6.97,5.2,0.0386,0.921,0.894,56.2,43,130,39,600,6.3,17.4,8.4,7.4,7.8,8.0,7.9,8.8,8.0,7.3,7.9,16.1,5.8,11.1,128.0,15.0,9.12
53.1,53.4,52.8,36.3,38.2,34.4,51.1,50.6,51.6,29.1,29.0,29.2,0.954,10.7,0.284,9.63,9.5,14.3,0.263,7.37,5.48,0.0386,0.937,0.935,55.8,43,130,36,600,6.1,18.0,7.8,8.1,7.0,8.1,7.6,6.6,7.8,8.3,8.2,16.7,5.3,11.0,127.0,12.8,8.33
50.5,49.8,51.2,62.4,62.6,62.2,53.9,55.0,52.8,56.1,57.0,55.2,0.819,8.96,0.243,7.98,7.64,11.5,0.221,5.96,4.43,0.0388,0.875,0.756,84.9,74,210,86,600,65.6,15.9,7.9,7.9,7.1,7.2,7.3,6.4,7.4,6.4,6.2,15.2,5.5,9.7,176.0,10.9,4.07
54.1,54.0,54.2,59.9,61.0,58.8,52.2,51.2,53.2,55.3,54.2,56.4,0.803,8.85,0.247,8.0,7.55,11.6,0.219,5.97,4.39,0.0378,0.874,0.771,75.1,62,170,42,600,30.7,17.5,9.3,8.3,7.5,8.6,8.3,8.6,8.8,7.5,8.9,18.5,6.0,10.1,159.0,16.8,6.18
54.1,56.4,51.8,63.0,64.8,61.2,52.3,51.4,53.2,51.5,51.4,51.6,0.779,8.97,0.24,8.16,7.4,11.5,0.214,5.89,4.39,0.039,0.867,0.751,68.8,54,98,34,600,5.1,17.8,8.9,7.8,6.7,8.3,7.9,9.8,8.8,6.7,9.4,17.6,5.9,10.6,131.0,19.9,8.2
55.5,51.2,59.8,59.1,60.2,58.0,52.9,55.6,50.2,52.9,52.8,53.0,0.796,8.87,0.241,8.08,7.41,11.4,0.218,5.97,4.47,0.038,0.872,0.778,67.0,52,120,38,600,5.6,18.5,8.1,9.1,7.6,8.1,7.4,9.6,9.1,7.2,8.2,17.7,6.1,10.7,133.0,22.1,10.3
51.3,49.2,53.4,60.5,63.2,57.8,50.6,48.8,52.4,51.6,49.6,53.6,0.797,8.88,0.241,8.11,7.49,11.5,0.217,5.89,4.43,0.039,0.873,0.765,64.2,50,130,39,600,5.5,18.8,7.2,8.3,9.4,8.4,9.1,7.6,8.7,8.0,7.4,18.1,5.9,11.2,134.0,20.5,11.2
53.4,53.2,53.6,60.3,61.4,59.2,50.1,49.8,50.4,50.5,49.6,51.4,0.773,8.8,0.234,8.1,7.43,11.5,0.208,5.93,4.48,0.0392,0.867,0.755,61.8,47,99,34,600,5.6,17.5,8.2,7.3,9.2,8.5,9.5,6.5,8.5,7.5,7.5,16.9,5.9,11.4,130.0,20.9,10.5
51.9,51.6,52.2,60.5,62.6,58.4,51.7,51.4,52.0,52.3,50.2,54.4,0.761,8.77,0.228,8.18,7.44,11.3,0.209,5.96,4.37,0.0397,0.874,0.757,60.4,46,110,36,600,6.2,16.2,9.0,7.9,8.4,7.0,8.1,7.9,8.2,8.9,8.7,15.2,5.1,12.9,130.0,18.9,10.6
54.2,53.2,55.2,61.2,61.6,60.8,56.0,54.2,57.8,50.3,48.0,52.6,0.755,8.88,0.23,8.16,7.46,11.5,0.212,5.99,4.38,0.0399,0.875,0.782,58.7,45,100,37,600,6.9,17.3,8.1,8.1,7.9,7.3,7.6,7.5,7.8,8.8,9.1,15.6,4.4,12.6,129.0,20.1,10.5
50.6,50.0,51.2,61.2,60.8,61.6,52.5,54.0,51.0,50.6,49.8,51.4,0.775,8.91,0.228,8.15,7.38,11.6,0.209,5.98,4.5,0.0411,0.874,0.769,58.1,45,100,39,600,6.8,17.7,7.6,7.6,8.8,9.8,9.6,7.3,7.7,8.8,8.5,17.0,5.0,10.4,133.0,18.4,9.92
55.9,55.8,56.0,61.3,62.2,60.4,53.6,52.0,55.2,51.7,49.8,53.6,0.75,8.76,0.232,8.11,7.52,11.5,0.207,5.95,4.39,0.0391,0.868,0.78,57.3,44,110,42,600,5.1,18.3,7.2,7.1,8.6,10.5,9.9,8.1,8.5,9.8,8.1,16.4,6.2,11.0,135.0,18.5,10.0
51.6,51.8,51.4,60.6,59.2,62.0,53.9,53.0,54.8,50.5,50.2,50.8,0.758,8.78,0.234,8.23,7.53,11.5,0.213,6.02,4.42,0.0391,0.867,0.762,56.7,44,110,40,600,4.4,17.9,8.2,8.1,8.2,8.4,9.7,7.9,9.2,8.6,7.8,16.7,6.5,11.3,133.0,19.1,10.3
53.3,51.4,55.2,64.6,66.6,62.6,52.9,53.6,52.2,52.5,54.8,50.2,0.749,8.85,0.232,8.19,7.43,11.6,0.21,6.02,4.39,0.0401,0.87,0.762,56.1,44,110,38,600,4.9,17.4,8.4,8.3,8.2,7.7,9.9,7.4,10.4,8.2,8.5,19.0,5.2,10.6,134.0,18.7,9.57
49.3,48.8,49.8,59.4,59.4,59.4,51.4,48.8,54.0,49.5,49.6,49.4,0.741,8.97,0.224,8.23,7.35,11.5,0.202,5.96,4.49,0.0411,0.327,0.763,55.7,44,120,38,600,5.1,16.4,8.5,8.3,7.9,7.9,9.1,8.2,9.7,8.0,7.2,17.4,4.5,11.8,130.0,17.8,10.9
53.6,51.4,55.8,59.8,59.8,59.8,53.0,52.0,54.0,50.2,49.6,50.8,0.724,9.03,0.226,8.27,7.36,11.5,0.204,5.9,4.49,0.0392,0.329,0.764,55.3,43,110,38,600,5.7,18.4,9.3,8.4,8.4,7.9,7.7,8.6,8.2,7.1,6.2,14.9,4.0,12.3,127.0,19.5,11.0
51.2,50.4,52.0,62.7,65.0,60.4,52.8,51.8,53.8,48.8,47.4,50.2,0.732,8.85,0.226,8.35,7.22,11.7,0.203,5.91,4.46,0.0413,0.329,0.765,54.9,43,110,38,600,6.1,19.1,9.2,8.1,8.6,8.9,7.9,8.1,7.7,7.8,8.2,16.5,4.7,10.1,131.0,18.7,10.7
55.3,55.6,55.0,59.6,58.8,60.4,52.3,51.0,53.6,50.6,49.2,52.0,0.765,9.13,0.236,8.44,7.7,12.1,0.213,6.02,4.6,0.0403,0.338,0.812,54.7,43,120,39,600,5.5,16.1,9.8,8.8,7.1,7.6,10.0,9.2,6.9,8.3,7.6,17.6,6.0,9.4,130.0,17.7,10.5
50.0,50.4,49.6,59.7,60.8,58.6,54.1,52.8,55.4,49.0,46.8,51.2,0.801,9.7,0.247,8.93,8.09,12.6,0.223,6.45,4.84,0.0413,0.357,0.848,54.4,43,120,42,600,5.7,16.0,8.6,9.1,6.5,6.7,7.6,9.9,8.8,8.0,7.8,17.8,5.6,10.2,128.0,17.6,11.0
54.4,52.6,56.2,63.0,63.8,62.2,52.1,52.8,51.4,51.4,52.8,50.0,0.839,10.2,0.259,9.44,8.5,13.3,0.237,6.78,5.13,0.0414,0.371,0.89,53.9,43,110,38,600,5.3,16.4,7.8,8.4,7.2,7.7,6.4,9.3,9.0,8.3,8.7,16.5,5.0,12.0,128.0,17.3,10.2
54.7,52.6,56.8,60.7,62.2,59.2,57.2,56.6,57.8,49.1,49.6,48.6,0.909,10.6,0.274,9.94,9.0,13.9,0.251,7.13,5.36,0.0415,0.39,0.94,54.0,43,120,40,600,5.6,17.4,9.7,7.8,7.1,7.9,8.2,8.3,7.5,7.6,8.1,15.9,4.8,12.2,128.0,17.5,10.6
53.7,52.8,54.6,60.5,60.4,60.6,50.0,50.0,50.0,50.5,50.0,51.0,0.952,11.1,0.283,10.4,9.34,14.7,0.26,7.48,5.64,0.0407,0.401,0.99,53.9,43,130,43,600,7.2,18.7,10.0,7.2,7.1,8.9,8.5,9.9,8.3,6.5,7.8,18.9,6.6,10.8,136.0,17.9,10.5
49.8,50.6,49.0,58.5,58.8,58.2,51.8,52.6,51.0,45.9,43.6,48.2,0.988,11.6,0.292,10.8,9.76,15.2,0.271,7.84,5.91,0.0407,0.414,1.03,53.7,43,120,40,600,5.9,18.7,8.1,7.5,5.6,9.6,6.8,9.6,8.4,8.3,7.7,17.1,6.0,11.9,131.0,18.1,10.8
56.3,56.6,56.0,36.4,33.2,39.6,53.4,53.0,53.8,31.9,30.4,33.4,1.04,11.7,0.3,11.1,9.88,15.2,0.28,8.15,6.09,0.0408,0.428,1.04,53.5,42,110,39,600,5.1,18.6,8.3,8.0,6.3,8.4,6.8,7.6,7.5,8.7,7.6,13.9,4.8,11.5,123.0,16.2,10.1
53.9,55.6,52.2,68.2,69.0,67.4,55.8,55.4,56.2,61.3,59.4,63.2,0.77,9.03,0.234,8.09,7.35,11.6,0.204,5.93,4.46,0.0396,0.331,0.738,100.0,87,270,100,600,65.4,14.7,7.8,8.4,6.8,7.9,7.5,6.8,7.3,7.5,6.0,17.1,5.2,10.5,179.0,11.1,4.67
54.2,52.8,55.6,64.0,65.2,62.8,63.3,64.6,62.0,61.0,58.4,63.6,0.763,8.84,0.231,8.11,7.44,11.6,0.205,5.93,4.46,0.0385,0.864,0.75,89.5,75,210,56,600,28.9,15.5,9.1,8.8,8.1,7.7,8.9,8.3,7.1,8.2,7.3,19.9,6.4,12.2,156.0,16.2,8.17
50.8,50.0,51.6,66.5,68.0,65.0,50.9,51.8,50.0,60.2,58.6,61.8,0.777,9.09,0.226,7.98,7.37,11.6,0.208,5.89,4.47,0.0395,0.866,0.738,82.0,66,120,42,600,5.4,17.6,8.0,9.2,7.3,7.5,8.6,8.4,7.4,6.8,8.0,17.4,6.9,10.1,129.0,20.9,10.3
55.9,55.6,56.2,63.6,64.8,62.4,52.0,51.6,52.4,60.1,57.2,63.0,0.784,8.95,0.232,7.99,7.53,11.7,0.207,5.85,4.42,0.0394,0.864,0.762,77.4,61,110,40,600,4.8,19.2,8.4,8.2,7.8,9.0,7.0,8.3,8.2,7.5,8.4,16.9,7.0,10.4,131.0,24.7,13.6
55.2,56.4,54.0,64.1,65.2,63.0,50.9,49.0,52.8,59.0,58.1,60.0,0.792,8.87,0.239,7.95,7.48,11.6,0.207,5.88,4.46,0.0409,0.867,0.765,73.9,58,120,44,600,4.8,17.2,8.7,8.6,7.4,7.4,6.4,8.7,8.1,8.8,8.4,17.4,6.7,13.0,132.0,25.9,14.9
53.6,53.4,53.8,69.0,70.4,67.6,51.4,52.2,50.6,60.3,59.4,61.2,0.793,8.97,0.24,7.95,7.5,11.6,0.216,5.81,4.4,0.0399,0.865,0.758,70.7,56,110,41,600,4.9,17.0,7.8,10.1,6.9,6.5,7.7,8.2,9.4,8.5,7.7,16.5,6.1,12.8,130.0,25.5,15.1
55.7,55.4,56.0,65.6,66.2,65.0,51.4,50.8,52.0,61.9,60.0,63.8,0.799,8.78,0.239,7.9,7.6,11.7,0.211,5.95,4.44,0.04,0.862,0.755,68.8,54,110,41,600,6.0,16.5,7.4,9.0,7.8,8.6,8.4,8.0,9.1,7.2,7.7,16.1,5.4,12.1,129.0,25.3,14.9
52.3,52.0,52.6,64.5,66.8,62.2,49.0,49.8,48.2,62.7,61.6,63.8,0.799,8.85,0.244,7.79,7.6,11.6,0.216,5.79,4.45,0.04,0.859,0.747,67.0,52,120,42,600,6.3,17.3,9.1,7.6,9.2,8.7,7.7,7.0,8.5,7.3,8.8,17.3,5.7,12.4,133.0,26.0,15.7
54.8,53.6,56.0,66.0,67.2,64.8,51.5,52.6,50.4,60.7,59.5,61.9,0.791,8.84,0.241,7.78,7.52,11.5,0.218,5.88,4.39,0.0401,0.864,0.749,65.9,51,120,41,600,6.0,16.3,8.1,6.9,9.7,8.1,8.6,5.9,7.7,9.2,8.7,16.5,5.5,11.1,128.0,26.0,15.0
55.9,58.0,53.8,65.2,66.8,63.6,54.6,54.0,55.2,60.8,60.5,61.1,0.813,8.82,0.244,7.83,7.6,11.6,0.222,5.84,4.42,0.0393,0.858,0.785,65.3,51,130,44,600,6.7,15.4,7.6,7.5,8.9,7.6,9.6,7.5,7.1,9.9,7.9,16.0,5.9,10.2,128.0,24.7,14.6
55.1,54.8,55.4,65.7,67.2,64.2,50.0,49.0,51.0,61.6,61.6,61.6,0.812,8.81,0.241,7.77,7.77,11.7,0.217,5.82,4.41,0.0396,0.86,0.784,64.8,51,140,47,600,6.3,17.3,8.2,9.1,9.7,7.3,9.0,8.1,8.6,9.2,7.4,17.7,6.7,10.8,135.0,26.3,14.5
54.7,55.4,54.0,67.1,68.2,66.0,51.3,49.8,52.8,65.3,65.4,65.2,0.789,8.86,0.244,7.73,7.75,11.7,0.218,5.84,4.53,0.0397,0.856,0.781,63.9,50,130,45,600,5.6,17.3,8.3,8.2,10.2,7.7,8.9,7.2,9.4,8.5,7.5,18.1,5.6,13.1,136.0,26.5,14.0
52.7,52.8,52.6,64.2,64.0,64.4,51.2,49.8,52.6,61.6,60.2,63.0,0.789,8.94,0.244,7.73,7.8,11.7,0.216,5.83,4.5,0.0409,0.861,0.772,64.0,50,140,47,600,4.9,16.2,7.8,8.4,8.8,7.4,8.6,8.1,8.5,9.6,8.9,18.3,5.5,13.7,135.0,25.7,14.5
53.6,53.0,54.2,69.2,71.0,67.4,50.2,50.0,50.4,64.9,63.8,66.0,0.805,8.93,0.247,7.75,7.83,11.7,0.22,5.88,4.49,0.041,0.864,0.786,63.5,50,150,49,600,4.7,14.4,8.0,8.9,8.1,6.6,8.0,8.2,8.1,9.8,10.6,18.8,5.4,11.7,131.0,25.7,15.1
51.7,53.8,49.6,64.8,67.2,62.4,51.9,50.4,53.4,59.6,59.6,59.6,0.787,8.82,0.242,7.63,7.77,11.8,0.214,5.85,4.53,0.0414,0.863,0.795,63.3,50,150,46,600,4.7,15.9,7.9,9.0,8.2,7.0,7.0,8.8,8.6,7.8,9.2,17.5,5.5,11.9,129.0,26.0,15.1
53.8,52.6,55.0,67.0,66.4,67.6,48.1,49.2,47.0,62.2,61.1,63.3,0.806,9.09,0.246,7.86,8.03,12.3,0.222,5.95,4.6,0.0421,0.868,0.83,62.7,49,140,42,600,5.1,17.5,7.5,8.9,7.9,8.7,7.0,9.3,8.0,7.7,7.9,15.3,5.1,11.9,128.0,25.3,15.3
54.5,53.6,55.4,65.5,66.8,64.2,52.8,51.4,54.2,61.8,60.1,63.5,0.848,9.59,0.258,8.26,8.52,12.9,0.231,6.34,4.85,0.0422,0.882,0.874,62.2,49,120,41,600,5.9,16.4,8.4,7.1,8.0,8.5,8.7,8.9,8.3,7.4,8.6,15.2,4.0,10.7,126.0,26.6,16.0
53.3,51.4,55.2,65.3,68.0,62.6,50.1,50.2,50.0,58.3,60.0,56.6,0.896,10.0,0.27,8.68,8.99,13.5,0.25,6.65,5.14,0.0425,0.899,0.913,61.9,49,130,42,600,5.4,17.0,7.6,7.5,8.4,7.9,8.4,9.6,8.4,7.2,8.3,17.2,5.4,9.5,128.0,27.1,15.2
52.5,53.0,52.0,54.8,57.4,52.2,52.1,51.4,52.8,46.0,47.0,45.0,0.943,10.4,0.283,9.08,9.38,14.2,0.257,7.05,5.42,0.0418,0.91,0.956,61.3,48,130,42,600,5.5,17.3,7.8,8.0,7.5,8.7,8.3,8.6,6.8,8.3,7.8,17.1,6.3,9.6,128.0,25.5,14.7
66.9,67.2,66.6,67.3,68.2,66.4,66.4,65.6,67.2,67.7,66.0,69.4,0.741,8.81,0.225,7.65,7.65,11.6,0.208,5.76,4.44,0.0411,0.318,0.777,129.0,110,290,110,600,65.4,13.3,5.25,6.25,5.88,6.0,6.38,7.38,6.13,5.25,5.0,12.6,3.63,7.0,155.0,12.1,4.94
50.1,49.4,50.8,64.5,67.4,61.6,51.1,49.6,52.6,67.0,65.8,68.2,0.753,8.67,0.23,7.73,7.59,11.6,0.202,5.77,4.46,0.0425,0.319,0.784,108.0,88,260,84,600,51.8,15.1,8.3,7.4,9.1,7.9,9.0,9.5,8.1,6.8,7.7,17.8,5.9,10.1,175.0,19.2,8.11
53.3,52.8,53.8,69.7,73.0,66.4,50.4,51.6,49.2,59.5,61.0,58.0,0.751,8.8,0.227,7.58,7.71,11.6,0.204,5.67,4.47,0.0435,0.316,0.776,96.4,76,130,39,600,17.3,14.1,9.3,7.1,9.3,9.6,9.0,8.8,8.2,7.5,8.4,17.8,6.1,11.6,144.0,24.5,10.7
53.2,52.2,54.2,66.6,69.0,64.2,53.7,51.6,55.8,60.7,62.8,58.6,0.754,8.71,0.225,7.63,7.73,11.7,0.206,5.8,4.5,0.0427,0.319,0.791,88.0,69,120,39,600,4.6,17.6,8.3,6.8,8.4,9.6,7.8,7.6,8.4,8.2,7.0,16.2,5.2,11.3,127.0,28.1,13.9
54.5,54.4,54.6,62.5,64.2,60.8,51.5,52.8,50.2,66.5,65.0,68.0,0.756,8.72,0.228,7.67,7.74,11.7,0.201,5.81,4.48,0.0427,0.319,0.794,82.0,63,110,39,600,5.0,18.2,8.0,7.9,8.5,8.9,8.8,8.0,8.4,8.9,8.4,18.2,6.0,11.2,134.0,28.7,15.2
51.9,51.8,52.0,68.3,68.8,67.8,49.5,49.2,49.8,59.3,57.0,61.6,0.731,8.61,0.227,7.52,7.69,11.8,0.198,5.76,4.45,0.0427,0.323,0.763,78.5,59,130,37,600,6.0,15.4,8.5,7.6,8.6,8.6,9.4,7.7,9.3,8.4,9.6,18.9,5.9,11.2,135.0,28.1,15.9
52.4,50.4,54.4,65.2,67.8,62.6,53.6,53.0,54.2,61.0,61.6,60.4,0.748,8.65,0.229,7.63,7.45,11.6,0.201,5.77,4.43,0.0428,0.323,0.766,76.6,59,140,46,600,6.0,15.9,7.8,6.8,7.8,7.2,9.4,6.4,8.5,8.0,8.1,16.2,5.5,12.8,126.0,26.5,16.7
53.4,53.8,53.0,64.3,65.0,63.6,50.1,49.6,50.6,64.2,62.8,65.6,0.743,8.66,0.22,7.63,7.46,11.6,0.196,5.81,4.38,0.0439,0.322,0.762,73.9,56,140,42,600,5.8,17.1,6.8,8.0,6.7,7.3,8.3,7.6,8.3,8.6,7.5,16.3,6.1,12.3,127.0,26.5,17.2
53.6,51.6,55.6,65.9,66.2,65.6,49.0,51.2,46.8,64.5,60.8,68.2,0.738,8.53,0.226,7.56,7.48,11.5,0.204,5.7,4.32,0.0429,0.321,0.772,71.5,54,120,38,600,6.1,17.1,6.9,7.4,6.5,8.2,8.0,8.4,9.9,8.1,7.8,15.2,5.2,11.4,126.0,28.2,16.5
50.9,50.8,51.0,66.1,67.6,64.6,51.0,50.0,52.0,59.5,59.6,59.4,0.723,8.56,0.223,7.54,7.37,11.5,0.197,5.67,4.37,0.0439,0.319,0.755,70.1,52,120,39,600,5.6,16.8,7.7,7.9,8.4,7.3,8.5,7.2,10.0,7.3,8.4,14.2,4.8,11.9,126.0,27.0,16.9
54.8,54.0,55.6,64.1,66.8,61.4,62.5,62.6,62.4,66.4,63.4,69.4,0.733,8.6,0.226,7.54,7.47,11.4,0.2,5.72,4.34,0.0437,0.803,0.757,68.4,51,110,42,600,5.1,16.0,8.1,9.1,8.9,7.5,7.4,7.3,10.0,7.1,8.9,15.1,5.2,11.4,127.0,26.9,16.1
52.6,52.4,52.8,68.1,69.8,66.4,52.9,53.0,52.8,63.7,63.4,64.0,0.74,8.6,0.23,7.69,7.43,11.3,0.208,5.79,4.32,0.0425,0.805,0.765,67.6,51,120,43,600,5.8,15.5,8.3,8.1,7.5,8.3,7.9,7.8,8.9,7.6,8.2,15.7,5.9,12.9,128.0,27.9,15.2
52.4,52.4,52.4,68.8,70.6,67.0,49.0,49.8,48.2,57.8,55.9,59.7,0.763,8.54,0.234,7.69,7.4,11.4,0.208,5.75,4.35,0.0424,0.805,0.763,66.9,51,140,44,600,6.6,17.2,7.8,7.8,6.9,8.0,8.9,9.0,6.8,7.8,8.3,16.2,6.3,12.0,130.0,27.5,15.5
54.3,53.6,55.0,63.1,64.6,61.6,53.7,53.8,53.6,66.3,66.7,65.9,0.773,8.53,0.235,7.7,7.33,11.4,0.207,5.78,4.29,0.0438,0.808,0.767,66.0,50,130,47,600,5.4,17.9,7.4,8.8,7.2,7.9,8.3,8.7,7.1,7.0,9.5,16.3,6.8,10.0,128.0,26.6,16.5
52.4,49.8,55.0,66.0,65.8,66.2,50.2,51.0,49.4,67.8,66.0,69.6,0.771,8.7,0.236,7.72,7.45,11.4,0.213,5.7,4.32,0.0427,0.813,0.775,65.1,50,110,43,600,4.9,18.6,7.8,9.2,7.7,8.9,9.7,7.2,7.4,6.4,9.1,17.4,6.7,10.3,131.0,27.8,16.2
56.2,55.6,56.8,72.6,75.2,70.0,54.3,55.0,53.6,58.8,57.6,60.0,0.805,8.51,0.241,7.72,7.53,11.5,0.22,5.75,4.4,0.043,0.815,0.793,65.2,50,150,48,600,5.3,17.3,8.4,7.7,7.9,8.9,10.7,7.1,7.0,6.2,8.7,18.8,6.3,11.2,132.0,29.3,16.1
54.7,55.2,54.2,64.2,67.2,61.2,51.9,52.2,51.6,68.4,69.2,67.6,0.853,9.17,0.256,8.12,7.92,12.3,0.234,6.08,4.61,0.0419,0.827,0.842,64.7,50,150,49,600,5.5,17.8,7.9,7.0,8.0,9.3,8.9,6.8,7.8,6.9,7.3,17.6,6.6,12.5,130.0,28.5,17.0
54.1,55.2,53.0,67.6,69.2,66.0,53.8,53.0,54.6,66.0,65.4,66.6,0.893,9.68,0.267,8.54,8.45,12.9,0.244,6.33,4.9,0.0423,0.844,0.89,63.8,49,120,41,600,7.2,18.0,7.9,7.9,7.9,8.9,8.0,7.4,7.9,8.1,6.1,16.8,6.7,10.9,130.0,28.2,16.3
55.5,56.2,54.8,63.5,63.0,64.0,53.4,54.2,52.6,55.5,51.6,59.4,0.981,10.2,0.285,9.19,8.81,13.5,0.265,6.82,5.19,0.0446,0.86,0.945,63.7,49,130,42,600,7.4,15.1,9.0,8.5,8.5,8.2,9.2,8.2,7.0,8.0,7.9,17.7,6.4,10.1,131.0,28.6,15.9
68.5,67.6,69.4,61.1,60.6,61.6,66.0,64.2,67.8,35.1,35.2,35.0,0.871,9.33,0.246,8.26,7.59,12.1,0.232,5.86,4.43,0.0434,0.821,0.787,143.0,120,340,150,800,64.3,19.7,10.8,8.8,8.7,9.1,7.7,7.5,7.6,9.7,7.6,17.3,4.9,11.5,195.0,4.19,2.24
63.3,63.0,63.6,61.4,61.8,61.0,63.8,64.2,63.4,36.0,36.4,35.6,0.885,9.36,0.256,8.23,7.68,12.3,0.237,5.98,4.52,0.0419,0.828,0.793,124.0,100,320,120,800,38.7,22.4,10.3,10.4,10.9,11.2,11.2,10.1,9.9,12.2,10.6,24.3,7.8,13.7,204.0,5.71,3.36
63.2,65.6,60.8,60.7,62.4,59.0,59.1,59.4,58.8,35.7,35.2,36.2,0.905,9.45,0.263,8.38,7.73,12.6,0.244,6.03,4.6,0.041,0.834,0.801,111.0,91,140,47,800,13.8,23.2,9.0,9.4,11.3,10.8,11.3,11.8,13.3,12.6,13.0,25.1,9.0,14.8,188.0,7.42,4.1
60.1,59.8,60.4,60.8,60.2,61.4,57.8,58.8,56.8,35.6,35.0,36.2,0.906,9.63,0.261,8.57,7.83,12.6,0.246,6.13,4.73,0.0407,0.837,0.809,103.0,82,130,42,800,7.5,21.7,10.3,10.1,11.7,10.9,9.3,12.3,12.6,11.9,11.2,22.0,7.6,14.6,174.0,7.84,4.98
64.4,64.8,64.0,62.5,63.0,62.0,59.6,58.0,61.2,38.6,37.6,39.6,0.96,9.57,0.273,8.68,8.13,13.2,0.254,6.3,4.79,0.0407,0.84,0.822,96.0,75,120,43,800,7.2,21.7,11.7,11.0,11.6,10.7,10.1,9.4,13.2,11.5,10.0,21.3,7.5,15.8,173.0,7.88,5.03
61.1,60.4,61.8,59.5,60.2,58.8,59.8,59.4,60.2,36.3,38.6,34.0,0.956,9.86,0.273,8.79,8.1,13.2,0.253,6.3,4.96,0.042,0.358,0.83,90.8,71,120,44,800,7.4,22.9,11.3,10.0,12.3,10.1,11.8,9.3,11.9,9.8,11.5,21.3,7.3,16.4,173.0,8.24,4.77
63.8,62.2,65.4,59.6,60.2,59.0,61.1,60.6,61.6,34.2,35.2,33.2,0.96,9.93,0.278,8.85,8.32,13.5,0.253,6.26,5.02,0.0409,0.37,0.826,86.9,67,120,43,800,7.8,22.6,11.4,10.4,14.1,11.2,10.8,10.8,8.7,9.1,10.9,21.8,7.5,14.3,171.0,8.23,4.62
62.7,62.6,62.8,60.8,62.2,59.4,58.7,59.4,58.0,33.7,33.8,33.6,0.954,10.1,0.273,9.07,8.39,13.5,0.256,6.41,5.1,0.0418,0.376,0.832,84.0,64,130,43,800,7.5,22.5,12.1,11.4,12.6,11.3,10.8,10.8,9.6,9.3,10.1,22.6,6.7,16.5,174.0,7.89,4.77
62.0,61.0,63.0,60.3,58.4,62.2,61.9,63.0,60.8,35.5,31.6,39.4,0.974,10.2,0.285,9.24,8.42,14.0,0.262,6.37,5.19,0.0403,0.376,0.844,81.7,62,140,46,800,7.5,21.8,11.1,11.1,10.3,10.0,10.4,10.6,10.8,9.9,9.7,21.7,7.0,16.9,169.0,7.83,4.26
64.4,66.2,62.6,58.9,56.8,61.0,59.2,59.0,59.4,35.3,36.0,34.6,0.989,10.4,0.288,9.27,8.48,14.2,0.267,6.57,5.22,0.0413,0.38,0.854,82.2,63,190,58,800,7.1,22.0,11.1,11.3,10.3,11.1,11.1,9.5,11.8,9.8,10.3,23.4,8.9,14.3,172.0,7.5,4.36
63.0,63.4,62.6,61.1,60.0,62.2,58.1,57.6,58.6,37.5,40.2,34.8,0.976,10.5,0.286,9.54,8.58,14.4,0.261,6.63,5.23,0.0401,0.384,0.858,80.3,61,190,57,800,7.6,22.2,10.9,12.2,10.3,11.5,11.5,9.6,10.9,9.2,12.8,25.1,8.1,15.1,177.0,7.35,4.36
62.4,63.0,61.8,62.0,63.6,60.4,61.1,59.8,62.4,35.8,36.2,35.4,0.971,10.6,0.289,9.55,8.65,14.5,0.265,6.76,5.36,0.0413,0.387,0.88,79.1,60,150,46,800,8.1,23.0,9.9,12.7,11.7,11.0,9.9,10.4,8.3,9.2,12.5,23.8,6.5,15.7,173.0,7.44,4.28
64.3,64.2,64.4,61.1,62.2,60.0,62.1,62.4,61.8,34.8,37.0,32.6,0.987,10.7,0.29,9.78,8.74,14.9,0.27,6.93,5.44,0.0422,0.394,0.881,77.8,60,150,49,800,6.9,23.3,10.5,10.7,12.9,12.3,10.8,11.7,9.2,9.5,9.9,23.2,6.5,14.9,172.0,7.8,4.8
61.6,61.4,61.8,59.7,60.2,59.2,73.1,73.4,72.8,35.3,37.4,33.2,0.96,10.7,0.291,9.63,8.86,15.1,0.264,6.94,5.46,0.0398,0.941,0.872,76.9,59,140,53,800,8.0,22.3,10.7,11.1,11.7,12.2,11.1,10.6,11.8,9.8,11.2,22.5,7.3,14.1,174.0,8.01,5.12
65.0,64.2,65.8,60.0,61.2,58.8,60.6,59.8,61.4,34.8,34.0,35.6,0.965,10.8,0.298,9.89,9.06,15.2,0.283,7.05,5.65,0.0416,0.944,0.899,76.1,59,150,54,800,8.4,22.9,10.7,12.5,11.3,11.7,10.0,10.0,12.0,9.6,13.1,22.6,8.6,13.5,177.0,7.96,4.81
63.0,62.8,63.2,62.9,62.8,63.0,61.7,61.2,62.2,32.9,29.6,36.2,1.05,11.6,0.316,10.4,9.66,16.2,0.299,7.45,5.99,0.0409,0.964,0.961,75.2,58,150,49,800,7.0,22.3,10.6,12.1,11.7,12.0,10.7,9.8,11.6,9.3,11.7,24.0,9.2,14.0,176.0,7.68,4.77
63.9,62.2,65.6,61.0,61.8,60.2,61.1,61.8,60.4,36.1,36.8,35.4,1.14,12.2,0.337,10.9,10.2,17.1,0.32,7.85,6.35,0.0409,0.979,1.01,74.4,58,150,46,800,6.5,19.6,10.4,12.7,9.8,12.7,10.9,8.6,11.7,11.8,11.1,24.7,8.8,16.4,176.0,7.42,4.94
65.7,65.2,66.2,58.3,56.8,59.8,61.8,60.8,62.8,31.2,28.8,33.6,1.2,12.8,0.353,11.6,10.8,17.9,0.335,8.37,6.67,0.0409,1.0,1.07,73.7,57,140,49,800,6.2,21.3,10.2,13.3,9.8,11.4,11.8,9.8,11.7,12.1,10.6,24.1,8.5,14.7,176.0,6.95,4.26
55.4,55.8,55.0,27.5,29.2,25.8,58.4,59.2,57.6,24.2,26.0,22.4,1.25,13.4,0.365,12.1,11.2,18.9,0.349,8.75,6.99,0.041,1.03,1.1,72.9,57,140,51,800,7.4,22.1,10.7,12.6,12.4,10.4,12.3,10.8,11.3,11.5,11.6,24.2,8.1,13.1,179.0,6.02,3.96
63.9,63.8,64.0,65.4,66.2,64.6,57.8,57.8,57.8,50.0,47.8,52.2,1.01,11.0,0.304,9.75,8.96,15.2,0.285,7.02,5.67,0.0395,0.944,0.903,126.0,100,290,110,800,42.2,23.8,10.4,11.2,10.5,11.2,11.3,11.9,11.4,8.5,9.7,21.3,7.3,14.1,205.0,11.0,5.34
62.6,60.8,64.4,62.9,63.6,62.2,62.9,61.8,64.0,45.0,45.8,44.2,1.04,11.1,0.303,9.75,8.89,15.4,0.29,7.13,5.64,0.0404,0.938,0.906,113.0,94,190,55,800,20.2,24.1,11.2,11.6,11.0,11.1,12.2,11.8,12.5,9.2,9.5,23.3,7.0,14.8,190.0,14.0,6.17
63.5,63.2,63.8,63.9,65.4,62.4,59.2,58.6,59.8,44.1,42.2,46.0,1.05,11.1,0.311,9.83,8.98,15.5,0.29,7.06,5.73,0.0415,0.94,0.909,105.0,89,150,52,800,8.0,21.7,10.4,10.4,9.3,11.3,12.1,10.8,11.1,10.8,10.1,26.7,8.8,16.0,178.0,14.8,7.91
63.5,66.2,60.8,66.3,66.0,66.6,59.7,59.0,60.4,46.9,46.8,47.0,1.03,11.2,0.303,9.77,9.1,15.3,0.285,7.22,5.7,0.0406,0.941,0.923,101.0,84,170,58,800,7.9,21.2,9.0,11.1,12.3,10.8,11.4,9.2,9.7,10.8,11.8,24.6,9.1,18.0,177.0,15.3,8.39
62.8,64.4,61.2,62.9,64.2,61.6,59.6,59.4,59.8,45.4,44.2,46.6,1.04,11.0,0.303,9.81,9.11,15.2,0.287,7.09,5.7,0.0405,0.941,0.923,96.3,80,160,57,800,7.4,23.9,9.9,11.4,14.2,10.1,10.4,9.0,11.6,10.7,9.8,22.9,8.7,14.8,175.0,14.8,8.48
62.3,62.0,62.6,63.5,64.0,63.0,60.1,60.4,59.8,43.1,41.2,45.0,1.03,11.0,0.312,9.62,9.08,15.4,0.289,7.13,5.74,0.0418,0.943,0.921,91.9,75,130,50,800,7.5,22.4,10.7,8.7,13.9,11.9,9.5,11.1,11.8,10.8,9.5,23.3,8.1,13.5,173.0,14.8,7.91
63.6,63.6,63.6,64.0,64.2,63.8,57.5,58.0,57.0,46.6,45.6,47.6,1.03,11.0,0.307,9.79,9.07,15.3,0.286,7.09,5.79,0.0417,0.937,0.897,89.0,72,140,48,800,8.2,21.2,10.2,8.5,14.0,12.5,10.4,10.6,10.8,10.4,10.2,21.8,7.1,15.6,172.0,14.4,8.57
62.3,63.4,61.2,65.9,67.4,64.4,59.3,59.2,59.4,46.3,43.6,49.0,1.03,10.9,0.306,9.68,9.06,15.3,0.283,7.04,5.69,0.0407,0.94,0.896,87.5,71,170,51,800,7.6,22.5,10.9,10.6,12.0,12.6,11.7,10.2,11.2,10.4,11.4,22.3,7.2,15.6,176.0,15.0,8.25
65.1,66.0,64.2,63.3,64.8,61.8,61.0,62.2,59.8,45.5,44.2,46.8,1.04,11.0,0.305,9.59,9.05,15.4,0.286,6.92,5.69,0.0406,0.398,0.918,85.5,69,170,56,800,8.7,20.5,11.5,11.7,11.0,12.0,10.3,10.3,9.3,10.6,11.0,21.1,6.0,15.1,169.0,14.1,8.72
63.0,62.0,64.0,63.9,64.0,63.8,57.2,55.0,59.4,45.4,44.2,46.6,1.03,11.1,0.301,9.61,9.07,15.4,0.273,6.99,5.71,0.0399,0.402,0.918,84.5,68,170,56,800,8.9,19.5,12.0,11.3,12.1,11.6,9.4,10.4,9.8,10.9,11.3,24.4,7.8,14.6,174.0,14.6,8.58
64.7,66.4,63.0,65.6,65.8,65.4,60.8,61.4,60.2,44.2,44.8,43.6,0.993,10.7,0.302,9.58,9.11,15.4,0.272,6.98,5.64,0.0398,0.396,0.906,82.8,67,170,54,800,7.3,21.4,10.9,9.9,11.6,10.1,11.0,11.2,11.8,11.2,11.9,25.0,8.4,15.8,178.0,14.5,8.57
64.7,62.2,67.2,66.5,68.6,64.4,62.0,64.0,60.0,46.2,46.0,46.4,0.969,10.9,0.302,9.79,8.98,15.5,0.272,7.1,5.61,0.041,0.401,0.919,82.3,66,170,57,800,7.3,22.4,9.1,11.9,10.8,10.4,12.0,10.6,11.7,11.5,10.7,22.0,7.2,16.0,174.0,14.4,8.6
65.3,64.8,65.8,65.5,67.0,64.0,68.6,67.4,69.8,46.1,47.2,45.0,0.997,10.8,0.304,9.66,9.13,15.5,0.278,6.99,5.68,0.0399,0.402,0.937,81.3,66,170,60,800,7.3,21.8,10.4,12.4,10.6,11.9,11.9,10.7,10.4,11.9,10.6,25.9,9.6,16.2,182.0,14.2,8.46
64.8,65.2,64.4,64.4,64.0,64.8,66.1,66.0,66.2,45.8,46.6,45.0,1.03,11.0,0.316,9.73,9.25,15.5,0.282,7.08,5.74,0.0399,0.949,0.957,81.7,66,200,61,800,8.5,21.5,10.5,11.6,10.2,10.7,12.8,12.0,9.4,11.1,10.4,27.9,10.3,17.0,184.0,14.3,7.79
63.3,62.6,64.0,65.2,67.2,63.2,61.1,59.8,62.4,45.1,46.0,44.2,1.09,11.5,0.333,10.1,9.71,16.3,0.299,7.37,5.95,0.04,0.966,1.02,80.9,65,200,60,800,8.3,19.8,10.1,11.8,9.8,10.6,12.7,10.9,9.4,11.2,11.1,26.0,8.3,16.2,176.0,14.0,8.14
63.4,59.6,67.2,63.8,66.2,61.4,58.6,57.0,60.2,45.8,46.0,45.6,1.15,12.0,0.349,10.7,10.3,17.2,0.334,7.83,6.28,0.041,0.991,1.06,80.4,65,160,56,800,6.6,18.7,11.0,10.6,11.1,10.6,12.1,10.4,9.9,12.1,12.2,25.6,8.5,16.4,176.0,14.0,8.4
63.1,61.8,64.4,64.2,63.6,64.8,58.1,58.4,57.8,41.8,40.8,42.8,1.22,12.6,0.362,11.1,10.9,18.1,0.347,8.12,6.59,0.0401,1.01,1.12,80.4,65,210,56,800,6.6,20.1,11.4,10.0,11.6,11.3,10.6,10.9,10.0,10.3,12.4,21.0,7.9,15.8,170.0,14.1,8.12
60.6,59.2,62.0,51.1,51.0,51.2,61.2,61.6,60.8,32.1,33.4,30.8,1.27,13.2,0.372,11.7,11.4,18.9,0.361,8.63,6.93,0.041,1.03,1.16,79.2,64,190,49,800,6.5,21.0,11.6,11.0,10.2,11.5,10.2,10.5,11.0,9.0,12.2,19.9,6.2,16.4,167.0,12.9,7.84
68.4,68.4,68.4,69.0,70.8,67.2,65.3,63.8,66.8,53.7,53.6,53.8,1.01,10.8,0.303,9.72,9.0,15.6,0.296,6.97,5.69,0.0403,0.945,0.906,143.0,120,320,150,800,57.7,20.8,9.1,8.3,8.8,8.6,10.2,9.4,8.1,7.1,9.4,18.0,5.2,14.2,195.0,11.6,4.76
62.5,60.8,64.2,67.8,67.2,68.4,58.6,59.4,57.8,50.0,48.0,52.0,1.02,11.0,0.306,9.59,9.02,15.4,0.297,6.99,5.7,0.0391,0.942,0.918,125.0,100,310,89,800,31.8,22.3,11.9,11.4,12.1,10.0,9.7,9.8,9.7,11.9,10.6,22.4,7.5,17.9,199.0,15.2,6.93
59.0,59.2,58.8,66.7,68.2,65.2,58.2,57.2,59.2,52.3,48.6,56.0,1.02,11.0,0.304,9.66,8.99,15.5,0.303,7.02,5.61,0.0401,0.946,0.922,114.0,94,140,50,800,12.1,20.9,10.5,12.0,12.6,10.2,8.9,11.8,10.4,12.4,10.5,23.6,8.3,16.5,181.0,17.4,9.5
64.3,64.6,64.0,65.2,67.2,63.2,58.1,58.0,58.2,50.8,49.6,52.0,1.04,11.0,0.31,9.65,9.06,15.4,0.3,7.01,5.76,0.039,0.945,0.935,106.0,87,140,51,800,7.4,23.8,10.6,9.6,9.3,10.8,9.1,12.4,12.2,9.3,11.2,21.0,6.9,16.1,170.0,19.3,10.8
60.9,61.0,60.8,68.8,68.4,69.2,62.1,61.8,62.4,50.2,50.2,50.2,1.03,11.0,0.305,9.9,9.04,15.3,0.302,7.11,5.8,0.0399,0.944,0.917,99.6,80,140,53,800,6.0,26.6,11.3,10.3,8.9,11.6,9.5,11.4,12.9,9.7,10.4,21.4,6.7,16.1,173.0,19.5,10.7
62.4,62.0,62.8,70.2,70.8,69.6,59.0,59.4,58.6,50.3,49.2,51.4,1.03,11.0,0.309,9.72,9.08,15.2,0.301,7.05,5.65,0.0396,0.945,0.924,94.8,76,130,50,800,8.3,22.9,10.1,11.7,9.2,9.9,11.2,12.2,11.6,11.8,10.8,24.8,7.7,13.7,176.0,17.4,10.3
63.2,60.8,65.6,65.4,67.6,63.2,57.6,57.2,58.0,49.3,48.0,50.6,1.04,11.1,0.307,9.65,8.9,15.4,0.305,7.06,5.74,0.0395,0.948,0.94,92.2,74,160,51,800,7.8,21.4,11.7,11.1,9.9,9.8,12.1,11.8,11.5,11.2,11.5,24.8,8.3,13.3,176.0,18.3,11.0
65.6,65.0,66.2,68.8,69.4,68.2,60.6,60.4,60.8,50.3,50.2,50.4,1.04,10.8,0.304,9.48,9.04,15.2,0.301,6.91,5.79,0.0395,0.945,0.926,89.4,71,170,54,800,6.1,25.0,12.1,11.2,9.7,12.8,9.0,11.3,11.1,9.3,11.8,22.0,8.2,14.5,174.0,18.5,10.3
60.3,60.6,60.0,63.1,64.2,62.0,60.3,61.8,58.8,53.7,51.4,56.0,1.02,11.1,0.296,9.57,8.93,15.1,0.305,6.87,5.7,0.0404,0.944,0.898,87.0,69,140,54,800,6.9,24.4,10.8,13.1,9.5,12.0,10.8,11.2,10.6,10.0,10.5,22.3,8.3,15.8,176.0,18.8,10.4
61.2,60.2,62.2,66.6,69.0,64.2,58.6,59.4,57.8,50.6,48.8,52.4,0.992,10.9,0.292,9.55,8.9,15.2,0.299,6.93,5.67,0.0403,0.386,0.906,84.8,67,130,51,800,7.5,21.5,9.5,13.4,10.4,10.6,12.4,11.0,9.9,11.5,8.8,21.6,7.9,16.0,172.0,17.8,10.9
60.5,61.0,60.0,67.3,69.2,65.4,58.6,57.4,59.8,51.1,51.6,50.6,0.971,10.9,0.289,9.56,8.94,15.1,0.298,6.84,5.65,0.0401,0.392,0.896,83.2,66,140,52,800,8.0,23.0,10.3,12.7,10.2,11.0,8.7,11.6,9.7,12.0,9.2,19.2,6.8,16.5,169.0,19.5,10.9
62.4,62.2,62.6,68.0,69.6,66.4,59.9,59.0,60.8,49.6,47.5,51.7,0.971,10.9,0.285,9.72,8.78,15.0,0.273,6.81,5.6,0.0391,0.387,0.892,81.6,65,150,52,800,7.4,22.8,10.0,12.8,9.6,9.8,9.2,10.9,11.7,11.3,10.1,19.3,7.0,17.9,170.0,17.9,10.2
61.9,61.8,62.0,65.3,66.0,64.6,59.7,61.0,58.4,50.5,47.5,53.5,0.962,11.0,0.285,9.68,8.75,15.2,0.281,7.01,5.7,0.039,0.383,0.909,80.8,64,150,54,800,7.4,23.0,10.8,13.1,10.2,10.5,10.1,10.8,11.3,10.3,11.1,20.4,7.1,16.5,173.0,19.3,10.5
64.4,63.0,65.8,68.1,68.4,67.8,57.9,57.8,58.0,52.1,52.2,52.0,0.959,10.9,0.292,9.82,8.79,15.2,0.276,6.86,5.71,0.039,0.385,0.909,80.3,64,170,60,800,7.6,25.5,12.8,11.9,10.8,11.8,9.3,11.4,11.7,10.4,10.8,22.6,7.2,14.6,178.0,17.5,10.3
60.1,58.4,61.8,65.2,66.6,63.8,58.3,57.8,58.8,49.6,48.6,50.6,0.954,10.9,0.292,9.72,9.07,15.5,0.279,7.03,5.72,0.038,0.391,0.94,79.3,64,170,56,800,8.1,23.8,11.4,10.4,11.0,11.0,10.7,13.4,10.6,9.6,10.4,23.6,6.4,13.2,174.0,18.7,9.88
61.9,62.6,61.2,66.4,67.8,65.0,72.5,72.6,72.4,51.4,50.8,52.0,1.01,11.6,0.307,10.4,9.61,16.3,0.295,7.44,6.01,0.0391,0.949,1.0,79.1,64,160,62,800,8.3,21.7,11.1,9.6,10.2,11.5,10.9,13.3,9.5,10.4,11.6,21.7,5.5,13.1,168.0,18.1,10.2
60.7,61.4,60.0,71.7,72.8,70.6,59.8,60.2,59.4,53.2,54.4,52.0,1.07,12.2,0.318,11.0,10.2,17.2,0.306,7.89,6.43,0.0394,0.968,1.05,78.3,63,170,56,800,7.7,22.0,11.6,9.7,10.3,11.3,10.0,10.9,11.2,10.7,11.4,21.7,7.0,13.9,169.0,19.0,10.5
62.2,60.0,64.4,70.9,72.2,69.6,61.0,61.6,60.4,52.2,51.8,52.6,1.12,12.7,0.334,11.6,10.7,18.0,0.323,8.3,6.74,0.0394,0.99,1.11,77.6,62,150,52,800,6.9,22.2,11.0,9.9,11.4,10.4,9.8,10.0,11.9,10.3,10.1,21.4,7.0,14.8,167.0,18.0,10.8
62.5,62.0,63.0,70.9,72.4,69.4,63.3,63.0,63.6,52.8,52.6,53.0,1.17,13.3,0.349,12.2,11.2,18.9,0.333,8.71,7.08,0.0406,1.01,1.16,77.2,62,150,59,800,6.8,21.3,11.4,11.0,11.0,10.7,9.2,9.1,12.2,12.4,12.0,21.6,6.6,15.4,171.0,19.3,10.7
64.4,63.0,65.8,67.8,66.6,69.0,58.7,59.6,57.8,51.2,50.4,52.0,1.25,14.0,0.368,12.7,11.7,19.8,0.355,9.11,7.37,0.0387,1.03,1.21,76.8,62,150,61,800,7.5,20.9,12.2,11.6,10.7,9.7,9.6,10.4,11.1,13.1,11.1,23.9,7.4,15.9,175.0,18.8,11.0
64.5,64.2,64.8,53.3,52.4,54.2,62.0,62.4,61.6,37.0,36.8,37.2,1.31,14.6,0.377,13.2,12.2,20.3,0.368,9.56,7.75,0.0399,1.04,1.27,76.3,62,150,59,800,6.6,22.5,12.4,10.8,10.4,9.6,10.4,10.8,11.4,12.5,10.1,22.6,7.5,15.2,173.0,17.8,11.3
64.2,63.4,65.0,69.0,71.4,66.6,64.7,63.2,66.2,62.8,59.8,65.8,0.932,10.9,0.268,9.92,8.82,15.1,0.252,6.92,5.64,0.0389,0.927,0.888,137.0,120,310,150,800,57.4,19.6,9.8,10.3,9.0,12.1,10.0,7.9,8.0,10.9,7.7,20.2,6.5,12.6,202.0,14.7,7.16
61.0,60.6,61.4,75.3,76.0,74.6,56.4,56.0,56.8,61.0,58.6,63.4,0.896,10.7,0.273,9.93,8.61,15.0,0.244,6.93,5.65,0.0392,0.92,0.906,121.0,100,300,93,800,30.8,22.1,10.6,11.3,10.3,12.6,11.1,10.6,9.4,10.9,10.2,22.2,6.5,15.9,195.0,20.2,10.6
61.9,62.0,61.8,69.5,70.2,68.8,59.6,60.4,58.8,60.5,58.4,62.6,0.91,10.8,0.271,10.1,8.64,15.2,0.246,6.87,5.63,0.0383,0.924,0.895,112.0,94,180,54,800,11.6,24.4,10.1,11.8,10.4,11.7,10.8,12.0,9.9,10.2,12.6,21.4,6.8,15.3,179.0,24.7,13.8
63.6,63.6,63.6,71.6,72.4,70.8,60.2,58.6,61.8,62.4,62.0,62.8,0.916,10.8,0.272,9.95,8.69,15.3,0.246,6.98,5.71,0.0382,0.922,0.902,106.0,88,180,60,800,7.4,23.6,10.0,10.2,10.8,11.1,10.2,10.8,12.2,11.2,12.3,22.2,7.7,13.8,174.0,24.8,15.4
60.6,58.2,63.0,71.0,73.0,69.0,60.8,60.0,61.6,61.1,60.4,61.8,0.899,10.7,0.271,9.87,8.7,15.2,0.25,6.94,5.73,0.0395,0.922,0.917,100.0,83,160,60,800,7.2,21.9,9.3,9.9,12.7,11.9,10.8,9.5,12.7,10.7,12.8,22.5,7.5,15.6,175.0,25.8,14.8
64.0,61.2,66.8,72.8,73.2,72.4,59.9,58.4,61.4,60.6,59.6,61.6,0.921,10.8,0.279,9.97,8.64,15.1,0.251,6.82,5.63,0.0393,0.928,0.903,97.0,79,160,58,800,7.5,21.5,9.9,11.6,11.0,11.8,11.2,10.3,11.0,10.1,11.4,21.3,7.1,16.0,172.0,26.0,15.6
60.2,60.0,60.4,70.9,72.8,69.0,60.1,58.2,62.0,61.7,59.7,63.7,0.934,10.8,0.278,9.85,8.62,14.8,0.263,7.0,5.59,0.0407,0.925,0.915,94.6,77,180,59,800,8.8,22.1,10.9,11.4,10.7,10.6,10.0,11.4,9.7,11.1,9.6,23.8,8.5,15.9,175.0,24.8,14.6
61.7,59.4,64.0,73.0,74.0,72.0,58.3,57.2,59.4,59.5,57.5,61.5,0.934,10.8,0.274,10.0,8.6,15.1,0.256,6.86,5.71,0.0396,0.921,0.909,91.5,74,170,55,800,8.9,24.0,10.6,11.8,10.9,11.1,9.0,10.6,10.5,10.1,10.5,25.1,8.6,14.2,176.0,25.4,14.3
57.8,57.6,58.0,68.9,70.4,67.4,58.5,57.8,59.2,58.0,56.0,60.0,0.906,10.7,0.268,9.93,8.64,15.1,0.247,6.91,5.73,0.0408,0.384,0.896,90.2,73,180,53,800,7.5,23.2,11.8,11.8,10.3,11.9,10.5,10.7,10.9,10.3,11.4,20.8,5.4,13.4,170.0,23.9,15.1
61.6,61.2,62.0,71.7,73.2,70.2,60.1,60.0,60.2,62.2,60.2,64.2,0.89,10.6,0.27,9.84,8.59,14.9,0.251,6.83,5.57,0.0396,0.379,0.914,87.9,71,180,55,800,8.5,23.7,12.7,11.4,10.9,10.7,11.7,11.3,9.3,11.7,11.5,18.3,3.9,13.9,170.0,23.8,13.9
63.6,63.4,63.8,75.6,77.2,74.0,63.0,62.6,63.4,60.2,58.1,62.3,0.888,10.9,0.271,9.9,8.61,15.2,0.251,6.77,5.73,0.0398,0.386,0.907,86.4,70,140,57,800,8.4,25.7,10.3,10.6,10.0,9.9,11.5,10.5,9.1,11.2,11.3,20.0,5.5,14.1,168.0,24.8,14.7
60.4,61.4,59.4,74.5,76.2,72.8,59.7,59.8,59.6,60.7,60.9,60.5,0.938,11.0,0.272,10.0,8.51,15.0,0.259,6.88,5.73,0.0386,0.387,0.909,86.5,70,190,67,800,5.8,23.5,9.4,11.1,10.5,11.5,12.3,11.0,11.6,11.4,11.0,24.9,7.7,14.9,177.0,25.1,15.0
63.3,63.2,63.4,70.9,72.4,69.4,61.3,61.6,61.0,62.3,64.0,60.6,0.912,10.9,0.271,9.83,8.62,15.0,0.251,6.95,5.72,0.0407,0.387,0.929,85.4,70,180,68,800,5.8,21.4,10.2,11.0,10.9,11.7,12.0,12.1,12.6,12.0,9.4,26.3,8.4,15.0,179.0,23.8,16.3
65.0,65.6,64.4,70.3,72.4,68.2,59.6,60.0,59.2,63.0,62.4,63.6,0.918,11.0,0.275,10.1,8.43,15.2,0.254,6.84,5.7,0.0407,0.379,0.904,84.8,69,170,59,800,7.3,23.3,11.3,10.9,10.1,11.1,10.8,10.6,10.9,11.6,9.5,22.7,7.6,15.8,174.0,26.3,15.6
62.2,61.2,63.2,73.3,75.2,71.4,74.5,72.4,76.6,62.3,60.2,64.4,0.938,11.0,0.282,10.2,8.82,15.5,0.264,6.94,5.76,0.04,0.917,0.955,84.4,69,180,63,800,7.1,23.8,10.7,12.0,10.8,10.5,10.8,10.6,10.7,11.1,11.1,22.5,7.6,16.9,176.0,25.9,15.8
63.5,63.2,63.8,72.4,73.4,71.4,61.9,61.6,62.2,61.5,60.2,62.8,0.986,11.6,0.301,10.7,9.24,16.3,0.28,7.21,6.04,0.0399,0.939,1.02,83.4,68,170,62,800,6.8,23.4,9.5,11.4,10.4,10.8,11.4,10.4,11.0,10.1,11.6,22.6,7.0,16.2,173.0,25.9,15.6
61.0,61.0,61.0,73.2,73.6,72.8,61.6,61.4,61.8,59.0,57.6,60.4,1.08,12.3,0.317,11.4,9.9,17.1,0.304,7.7,6.42,0.0411,0.959,1.08,82.5,68,150,57,800,7.4,22.6,10.7,10.5,9.6,10.3,10.8,9.7,12.1,10.5,11.3,23.5,8.1,14.6,172.0,26.4,15.5
61.7,60.8,62.6,64.7,66.8,62.6,60.1,59.6,60.6,50.0,49.0,51.0,1.15,12.9,0.332,12.0,10.4,18.1,0.32,8.25,6.81,0.0396,0.975,1.12,82.0,67,160,61,800,7.4,19.2,13.0,11.0,10.9,11.5,10.7,10.4,13.3,12.5,11.7,26.1,9.4,12.1,179.0,25.8,14.2
60.5,60.6,60.4,33.9,31.6,36.2,60.1,58.2,62.0,27.5,28.0,27.0,1.2,13.4,0.349,12.4,10.9,18.9,0.334,8.68,7.1,0.0407,1.0,1.18,81.5,67,170,59,800,6.3,19.7,12.4,10.7,12.0,12.4,12.5,10.7,11.5,12.5,11.7,24.3,8.1,14.2,179.0,21.2,13.6
63.0,61.0,65.0,71.1,73.0,69.2,59.8,59.6,60.0,59.7,58.6,60.8,0.988,10.8,0.288,10.0,8.74,14.9,0.273,7.01,5.66,0.041,0.912,0.928,125.0,110,290,120,800,49.0,20.6,10.5,8.9,11.7,10.0,10.5,9.4,8.8,11.4,10.2,20.9,6.8,14.9,204.0,21.3,11.1
64.5,64.6,64.4,70.2,71.8,68.6,61.3,61.8,60.8,69.2,69.2,69.2,0.988,10.8,0.29,9.99,8.71,15.3,0.271,6.82,5.78,0.0386,0.913,0.932,115.0,99,210,68,800,22.1,21.4,11.3,11.9,11.7,10.1,10.0,11.2,11.4,11.8,10.4,24.1,8.0,16.1,192.0,26.9,13.4
58.4,56.6,60.2,71.9,74.2,69.6,54.0,55.0,53.0,64.8,62.4,67.2,0.997,11.1,0.296,9.96,8.74,15.1,0.274,6.87,5.65,0.0408,0.915,0.935,107.0,91,160,61,800,7.8,22.4,11.6,12.0,9.3,11.7,9.9,11.0,11.8,10.0,10.3,23.2,8.6,18.1,178.0,29.4,14.6
61.3,59.8,62.8,73.6,75.0,72.2,56.2,55.2,57.2,57.2,58.2,56.2,1.01,11.0,0.3,9.86,8.63,15.4,0.283,6.82,5.64,0.0395,0.909,0.94,103.0,88,180,55,800,6.3,22.8,11.8,9.6,8.6,12.1,9.7,11.4,11.1,9.7,11.6,21.5,8.3,15.8,170.0,27.0,15.3
63.4,64.0,62.8,70.5,73.0,68.0,59.2,59.4,59.0,64.3,64.8,63.8,1.04,11.0,0.302,9.82,8.67,15.4,0.285,6.85,5.75,0.0405,0.918,0.925,100.0,86,200,67,800,6.0,22.7,10.5,9.0,11.0,11.0,8.6,12.6,9.7,11.1,10.5,20.4,7.3,13.8,164.0,27.5,15.9
62.2,62.8,61.6,72.8,75.0,70.6,59.1,60.0,58.2,63.2,61.2,65.2,1.06,10.8,0.305,9.77,8.57,15.2,0.291,6.95,5.64,0.0406,0.902,0.938,97.5,83,190,69,800,5.9,23.2,10.8,10.5,10.9,11.5,9.7,12.7,10.3,11.8,10.5,22.5,7.7,15.6,174.0,28.0,14.9
61.8,60.0,63.6,71.0,72.0,70.0,58.5,58.6,58.4,56.3,57.4,55.2,1.03,10.7,0.302,9.6,8.83,15.1,0.29,6.79,5.59,0.0396,0.912,0.937,95.3,81,180,61,800,6.9,24.3,11.8,9.5,10.8,10.8,10.1,10.5,11.4,11.9,10.2,23.5,8.5,15.8,176.0,26.0,15.2
62.1,60.8,63.4,74.9,76.6,73.2,55.9,55.8,56.0,64.4,65.0,63.8,1.04,10.9,0.305,9.7,8.8,15.1,0.289,6.71,5.67,0.0387,0.908,0.927,92.4,78,170,57,800,8.6,24.2,11.0,9.2,12.0,11.0,9.7,10.4,11.0,10.8,8.8,20.4,8.3,14.2,170.0,26.7,15.4
60.7,61.4,60.0,69.2,71.6,66.8,61.2,60.8,61.6,64.6,63.8,65.4,1.02,10.6,0.308,9.54,8.95,14.9,0.29,6.75,5.58,0.0399,0.916,0.945,91.9,78,180,62,800,8.8,23.2,11.2,10.8,10.2,11.4,10.8,9.9,12.0,11.5,8.1,19.5,8.3,13.6,169.0,27.2,16.3
62.3,63.2,61.4,72.7,73.6,71.8,55.1,54.4,55.8,58.7,57.3,60.2,1.01,10.6,0.304,9.4,8.7,14.9,0.284,6.75,5.56,0.0388,0.379,0.917,90.3,76,180,67,800,7.6,23.4,10.4,10.6,8.7,11.4,10.9,9.5,11.9,11.1,9.0,21.5,7.8,14.3,168.0,25.9,16.4
60.9,57.6,64.2,69.1,70.4,67.8,57.0,55.6,58.4,66.2,66.4,66.0,1.01,10.7,0.292,9.31,8.88,15.0,0.281,6.89,5.62,0.0411,0.377,0.905,88.4,74,170,54,800,7.2,23.5,10.4,9.0,9.6,11.3,9.9,10.5,10.8,10.7,11.3,20.2,5.8,14.8,165.0,25.9,17.0
62.4,62.8,62.0,70.8,72.2,69.4,58.9,58.8,59.0,69.4,66.3,72.6,0.964,10.6,0.29,9.21,8.74,15.0,0.269,6.78,5.61,0.0388,0.375,0.903,87.7,73,170,59,800,7.6,21.8,10.3,9.1,9.5,10.8,11.3,10.7,11.7,11.8,11.6,19.7,5.3,15.0,166.0,27.8,16.4
62.0,60.6,63.4,75.6,78.2,73.0,63.1,63.0,63.2,60.2,60.8,59.6,0.966,10.5,0.293,9.39,8.72,14.9,0.274,6.63,5.57,0.0409,0.38,0.914,86.4,72,170,62,800,8.2,21.2,9.6,12.3,9.7,11.4,11.8,10.4,10.0,10.6,11.4,21.8,5.9,14.1,168.0,25.7,17.2
61.2,62.4,60.0,71.3,73.8,68.8,55.9,58.0,53.8,64.3,65.6,63.0,0.971,10.7,0.292,9.29,8.86,14.9,0.276,6.67,5.63,0.041,0.375,0.922,85.9,72,180,60,800,6.9,25.1,10.5,13.2,11.3,11.4,11.4,10.4,8.8,11.3,10.8,23.8,6.8,13.7,175.0,27.3,15.8
62.6,63.4,61.8,71.4,71.8,71.0,58.0,56.4,59.6,68.1,66.4,69.8,1.0,11.0,0.306,9.67,9.37,15.7,0.29,6.94,5.84,0.0402,0.389,0.969,85.4,71,190,64,800,6.3,26.0,10.1,11.8,10.7,10.4,10.8,11.5,10.3,12.4,10.9,24.0,8.5,13.0,177.0,28.4,14.9
63.4,64.6,62.2,75.1,77.2,73.0,71.1,71.0,71.2,60.9,60.0,61.8,1.05,11.7,0.321,10.2,9.8,16.5,0.303,7.27,6.15,0.0403,0.926,1.03,85.4,71,200,67,800,7.8,22.8,9.6,11.9,9.7,9.8,9.6,11.7,10.3,11.5,10.0,22.6,7.6,14.3,169.0,28.1,15.0
64.1,65.4,62.8,72.2,73.8,70.6,61.0,62.6,59.4,64.3,63.1,65.5,1.11,12.2,0.337,10.7,10.3,17.3,0.325,7.71,6.46,0.0405,0.941,1.1,84.4,70,180,62,800,8.1,20.5,9.3,11.2,10.6,11.4,9.3,12.0,10.6,10.9,8.3,21.3,6.2,16.5,166.0,27.4,16.7
63.4,63.4,63.4,40.1,39.8,40.4,60.3,59.8,60.8,42.3,44.8,39.8,1.21,12.8,0.359,11.3,11.1,18.3,0.343,8.12,6.78,0.0408,0.97,1.15,84.1,70,170,58,800,8.4,20.2,10.3,13.1,11.4,12.4,10.4,11.4,11.7,10.2,9.3,24.0,8.1,15.7,177.0,27.0,15.0
70.2,66.8,73.6,66.4,66.4,66.4,61.0,59.4,62.6,37.8,38.2,37.4,0.951,11.0,0.281,9.41,8.94,15.8,0.269,6.81,5.64,0.0407,0.893,0.894,245.0,220,670,320,1000,24.1,25.7,12.9,13.6,13.1,13.4,12.6,11.6,12.0,10.1,11.5,26.9,8.8,17.2,214.0,8.88,4.2
67.0,68.0,66.0,65.5,65.8,65.2,62.8,62.0,63.6,37.1,37.0,37.2,0.965,11.1,0.285,9.66,9.11,15.9,0.274,6.83,5.72,0.0396,0.894,0.904,229.0,200,560,210,1000,15.8,27.3,15.0,13.9,14.2,13.4,13.4,12.6,12.3,11.8,11.8,28.4,9.1,19.0,218.0,8.78,4.53
71.5,71.8,71.2,64.3,65.8,62.8,61.8,61.6,62.0,39.0,35.4,42.6,0.987,11.2,0.287,9.47,9.05,16.1,0.284,6.87,5.98,0.0382,0.904,0.902,214.0,190,290,110,1000,10.1,28.2,15.7,13.7,14.2,12.2,13.9,14.4,12.2,13.4,11.6,29.9,8.6,18.7,217.0,8.56,4.59
66.7,64.0,69.4,63.7,64.8,62.6,61.5,62.0,61.0,34.9,34.9,34.9,0.997,11.4,0.293,9.79,9.2,16.2,0.284,6.78,6.04,0.0402,0.906,0.92,224.0,200,540,160,1000,10.6,24.5,13.9,11.9,12.5,13.7,14.3,14.3,12.0,14.6,12.4,28.0,9.1,18.1,210.0,8.56,5.19
69.8,71.0,68.6,59.8,60.2,59.4,60.4,62.2,58.6,35.0,31.4,38.5,1.02,11.2,0.303,9.95,9.29,16.4,0.294,6.9,6.03,0.0379,0.905,0.935,216.0,190,550,190,1000,9.3,23.4,13.6,11.6,12.2,14.1,13.8,13.1,13.6,15.5,13.7,28.6,10.0,18.3,211.0,8.04,5.35
68.7,68.2,69.2,62.7,63.2,62.2,62.4,61.4,63.4,35.9,36.6,35.2,1.03,11.2,0.309,9.96,9.11,16.6,0.3,6.97,6.12,0.0402,0.909,0.935,211.0,190,330,130,1000,9.8,28.7,14.6,12.5,13.3,13.5,13.0,13.6,13.0,14.5,14.0,26.9,9.5,18.6,216.0,7.9,4.97
70.5,68.2,72.8,63.0,62.6,63.4,63.7,64.2,63.2,35.4,37.8,33.0,1.02,11.5,0.31,9.69,9.28,16.8,0.291,7.03,6.11,0.0391,0.907,0.937,208.0,190,370,140,1000,10.1,29.6,13.5,12.8,13.3,13.1,12.4,13.2,11.7,12.3,14.9,24.7,9.0,18.5,209.0,7.82,4.79
70.0,68.6,71.4,61.7,60.4,63.0,63.8,65.8,61.8,37.6,40.0,35.2,1.05,11.5,0.315,10.0,9.36,17.3,0.303,6.97,6.18,0.0381,0.91,0.924,202.0,180,320,130,1000,9.1,25.9,12.3,14.3,13.3,12.5,12.9,13.9,11.3,13.4,14.2,27.7,9.8,18.8,209.0,7.92,5.09
70.7,72.0,69.4,63.2,63.8,62.6,60.5,59.4,61.6,35.3,34.8,35.8,1.05,11.5,0.314,9.96,9.38,17.4,0.305,7.05,6.25,0.0381,0.916,0.939,198.0,170,310,120,1000,9.0,25.1,13.3,14.6,11.4,13.2,13.6,15.5,12.2,14.4,14.8,29.1,9.9,18.3,214.0,7.92,4.22
72.0,71.2,72.8,61.3,60.6,62.0,64.7,63.4,66.0,37.8,37.1,38.5,1.1,11.7,0.326,10.1,9.58,17.5,0.309,7.16,6.43,0.0388,0.402,0.939,194.0,170,310,120,1000,9.0,28.7,14.9,12.6,11.7,13.9,14.7,14.4,14.5,14.3,13.6,29.5,9.4,17.2,218.0,7.79,4.39
70.0,69.2,70.8,65.2,65.0,65.4,61.5,61.2,61.8,35.3,33.7,36.9,1.09,11.7,0.325,10.2,9.6,17.9,0.303,7.18,6.46,0.0398,0.407,0.935,192.0,160,400,120,1000,9.1,29.0,14.6,12.2,13.1,13.2,14.3,13.0,14.3,13.1,13.3,27.3,9.1,19.7,215.0,8.05,4.53
70.5,71.6,69.4,61.0,60.0,62.0,67.3,68.4,66.2,34.3,34.4,34.2,1.08,11.9,0.32,10.2,9.38,18.0,0.309,7.11,6.57,0.0397,0.4,0.95,186.0,150,400,94,1000,8.9,27.7,13.6,12.2,13.7,13.0,12.9,13.8,15.4,12.0,13.1,24.7,8.4,21.2,211.0,7.96,4.65
70.1,72.4,67.8,63.3,63.4,63.2,74.6,76.2,73.0,36.3,34.0,38.6,1.13,12.1,0.338,10.6,9.92,18.8,0.323,7.37,6.82,0.0388,0.929,1.01,185.0,150,300,100,1000,8.5,27.2,12.7,12.7,13.7,13.5,12.3,13.6,15.2,14.1,13.8,26.7,9.1,18.5,212.0,7.83,4.35
72.0,72.4,71.6,61.9,63.0,60.8,61.4,60.8,62.0,35.7,36.0,35.4,1.19,12.8,0.355,11.3,10.5,19.7,0.347,7.78,7.22,0.039,0.955,1.07,188.0,150,440,190,1000,8.1,27.1,12.9,13.2,13.4,15.0,14.0,11.9,13.9,14.1,14.6,29.7,9.6,16.7,214.0,7.41,4.29
70.7,71.2,70.2,66.1,66.2,66.0,65.4,66.6,64.2,37.0,36.4,37.6,1.28,13.5,0.379,11.8,11.1,20.7,0.369,8.25,7.67,0.0381,0.974,1.14,185.0,150,460,140,1000,8.8,28.5,14.8,12.2,11.4,14.0,14.0,12.2,13.9,13.0,12.1,30.0,9.7,19.4,214.0,7.95,4.24
69.0,67.8,70.2,50.4,50.0,50.8,63.6,63.2,64.0,29.8,28.8,30.8,1.35,14.2,0.392,12.3,11.6,21.9,0.388,8.78,8.11,0.0391,1.0,1.2,180.0,140,230,93,1000,10.4,28.5,14.2,12.9,12.2,12.2,13.7,13.0,11.9,14.6,13.8,27.8,9.8,19.1,214.0,7.01,4.61
70.6,69.6,71.6,64.3,65.8,62.8,64.8,66.8,62.8,45.2,45.0,45.4,1.1,11.9,0.333,10.2,9.37,17.8,0.307,7.24,6.59,0.0393,0.917,0.987,271.0,220,850,360,1000,29.0,24.6,12.5,11.7,12.3,11.5,12.4,11.4,13.6,10.4,12.0,25.4,7.8,16.4,211.0,15.4,7.54
68.5,71.6,65.4,66.0,64.6,67.4,60.3,62.2,58.4,47.6,45.0,50.2,1.12,11.8,0.334,10.3,9.48,17.9,0.303,7.15,6.48,0.0381,0.92,0.993,259.0,210,800,290,1000,17.1,27.0,14.0,11.5,12.5,12.4,13.1,11.5,12.3,12.9,13.1,27.0,9.8,20.9,215.0,15.3,8.76
67.7,68.4,67.0,69.9,70.2,69.6,63.3,63.6,63.0,47.8,48.8,46.8,1.13,11.9,0.332,10.3,9.45,18.1,0.312,7.24,6.65,0.038,0.919,0.996,238.0,200,330,130,1000,11.2,29.3,14.2,11.3,13.1,12.5,13.1,12.4,12.6,14.3,13.7,26.8,10.3,20.7,216.0,15.7,8.98
69.4,69.2,69.6,64.0,63.2,64.8,63.2,63.2,63.2,50.6,49.0,52.2,1.11,11.9,0.329,10.3,9.36,17.8,0.303,7.2,6.67,0.0389,0.919,1.01,220.0,180,210,90,1000,8.6,29.8,14.7,11.7,13.7,15.1,12.7,13.6,13.0,13.4,10.4,25.5,9.6,18.0,210.0,16.2,8.54
67.0,64.8,69.2,67.2,69.6,64.8,65.8,66.2,65.4,45.6,48.2,43.0,1.12,11.9,0.331,10.4,9.38,17.7,0.304,7.17,6.57,0.0391,0.922,1.01,211.0,170,280,99,1000,8.4,29.9,14.7,13.4,13.8,17.6,12.3,12.3,12.7,12.6,9.6,24.8,8.7,18.2,209.0,15.4,8.64
70.1,68.4,71.8,67.6,66.8,68.4,64.3,64.8,63.8,45.4,41.6,49.2,1.1,11.7,0.321,10.5,9.22,17.8,0.303,7.22,6.56,0.0401,0.921,1.02,199.0,150,280,98,1000,8.5,27.7,13.5,13.1,14.1,15.5,12.8,11.3,14.0,12.2,11.7,27.2,8.0,18.8,208.0,15.5,8.37
68.4,68.0,68.8,66.7,66.8,66.6,64.4,65.2,63.6,47.2,48.0,46.4,1.09,12.0,0.329,10.4,9.37,17.6,0.308,7.13,6.64,0.0382,0.925,1.0,192.0,140,220,91,1000,8.5,27.2,12.6,12.5,14.1,12.8,15.3,12.9,14.1,12.2,13.1,27.9,8.8,17.5,210.0,15.3,8.11
70.3,73.4,67.2,65.7,65.4,66.0,61.8,63.4,60.2,47.7,48.7,46.7,1.08,11.9,0.325,10.3,9.43,17.6,0.3,7.29,6.56,0.0383,0.923,1.02,185.0,130,260,100,1000,9.4,28.1,12.8,12.5,12.6,13.9,14.8,14.6,14.3,11.6,12.1,26.9,9.0,17.0,210.0,15.8,8.08
69.9,69.6,70.2,65.6,66.8,64.4,62.0,61.6,62.4,44.9,43.8,46.0,1.06,11.9,0.326,10.3,9.24,17.8,0.304,7.25,6.51,0.0384,0.411,1.02,184.0,130,300,120,1000,10.3,28.6,12.5,10.4,12.4,15.0,14.3,14.4,14.4,13.3,12.3,26.9,8.9,18.2,212.0,14.7,8.35
69.4,69.0,69.8,65.7,66.0,65.4,63.4,64.6,62.2,46.9,47.8,46.0,1.06,11.8,0.332,10.2,9.31,17.8,0.301,7.3,6.51,0.0393,0.4,1.02,180.0,130,300,130,1000,9.5,29.1,13.2,11.2,13.6,12.4,14.9,13.7,14.4,13.9,12.7,27.2,9.0,17.6,212.0,14.9,7.95
70.9,70.8,71.0,67.4,68.2,66.6,60.0,59.8,60.2,47.3,44.4,50.2,1.05,11.6,0.324,10.3,9.2,18.0,0.289,7.27,6.53,0.0393,0.407,1.01,189.0,140,510,180,1000,9.6,27.2,14.2,11.9,13.0,11.7,13.4,14.4,14.1,11.8,13.6,27.4,9.2,17.7,209.0,14.4,7.82
67.0,67.6,66.4,69.9,70.8,69.0,76.1,76.0,76.2,45.8,45.2,46.4,1.05,11.8,0.328,10.3,9.25,17.6,0.292,7.17,6.55,0.0394,0.956,1.01,188.0,140,570,210,1000,11.2,27.2,13.0,11.7,12.4,13.8,13.0,13.1,12.1,13.6,16.0,28.3,9.6,17.8,213.0,15.2,7.99
70.0,70.4,69.6,66.7,68.0,65.4,65.2,64.0,66.4,46.5,45.6,47.4,1.07,11.9,0.331,10.6,9.44,18.1,0.302,7.26,6.56,0.0388,0.968,1.06,182.0,130,340,100,1000,10.7,27.9,13.9,13.0,12.2,13.1,13.6,11.5,11.1,14.6,14.9,27.3,8.8,18.8,211.0,14.6,7.79
68.6,66.2,71.0,65.8,67.0,64.6,61.3,62.6,60.0,45.7,46.4,45.0,1.11,12.7,0.347,11.1,10.0,19.3,0.317,7.69,7.08,0.0398,0.99,1.11,178.0,130,210,91,1000,9.9,27.0,15.7,13.7,13.7,11.5,13.1,11.4,10.7,14.4,13.6,25.3,7.2,19.3,207.0,14.3,8.68
68.8,68.8,68.8,65.3,66.2,64.4,66.5,66.0,67.0,46.6,45.6,47.6,1.19,13.3,0.371,11.8,10.6,20.2,0.341,8.09,7.45,0.0398,1.01,1.19,181.0,130,380,160,1000,8.3,29.3,14.7,13.6,14.6,12.0,12.4,11.8,11.1,14.3,12.9,25.4,7.2,20.0,208.0,14.8,8.7
68.4,68.4,68.4,63.0,62.6,63.4,63.1,64.4,61.8,38.9,40.0,37.8,1.28,13.9,0.385,12.5,11.2,21.4,0.355,8.64,7.78,0.0409,1.03,1.24,179.0,130,390,170,1000,8.4,29.6,13.5,12.7,11.6,11.7,13.6,13.2,12.3,12.9,12.0,26.5,9.3,22.0,209.0,14.7,8.49
67.4,68.0,66.8,35.7,33.8,37.6,63.9,64.2,63.6,28.1,25.6,30.6,1.37,14.8,0.41,12.9,11.8,22.3,0.378,8.99,8.24,0.0409,1.05,1.31,179.0,130,340,130,1000,10.8,29.1,14.5,12.1,12.5,11.7,13.7,13.6,12.6,13.0,12.5,28.0,10.0,19.8,214.0,12.1,8.28
68.0,66.6,69.4,70.9,71.4,70.4,66.2,65.0,67.4,52.0,51.8,52.2,1.08,12.1,0.325,10.2,9.58,17.9,0.3,7.14,6.57,0.0398,0.963,0.977,203.0,190,420,200,1000,26.9,27.6,11.6,12.1,11.6,12.9,13.3,14.5,13.7,13.1,13.0,25.2,8.4,16.9,221.0,18.9,9.86
70.3,69.6,71.0,67.8,68.2,67.4,60.7,61.4,60.0,49.4,49.8,49.0,1.09,11.8,0.324,10.2,9.27,18.0,0.298,7.24,6.55,0.0397,0.961,0.995,192.0,180,280,110,1000,15.7,25.7,12.4,12.6,12.9,12.8,12.2,15.9,13.0,13.4,12.8,24.4,7.8,18.8,210.0,19.2,10.9
71.3,73.2,69.4,69.0,69.0,69.0,59.7,59.2,60.2,48.5,46.6,50.4,1.09,11.8,0.323,10.1,9.33,17.9,0.309,7.1,6.54,0.0405,0.956,0.96,207.0,190,530,170,1000,9.8,26.0,14.8,13.2,12.5,13.5,13.5,16.6,11.9,13.8,12.3,27.0,8.7,17.7,211.0,18.6,10.8
69.8,69.8,69.8,68.6,70.2,67.0,61.4,61.8,61.0,49.0,50.0,48.0,1.08,11.8,0.332,9.96,9.56,18.0,0.308,7.05,6.62,0.0407,0.957,0.985,202.0,180,540,200,1000,9.7,28.3,14.6,12.6,12.8,14.2,14.3,14.7,12.5,13.8,12.5,29.5,10.6,16.4,217.0,19.1,9.89
72.8,71.4,74.2,69.8,69.4,70.2,60.6,63.2,58.0,48.8,44.8,52.8,1.12,11.8,0.326,9.96,9.45,17.9,0.314,7.08,6.64,0.0388,0.965,0.966,207.0,190,480,180,1000,8.0,28.7,13.4,11.6,13.8,14.2,13.9,13.9,11.1,12.1,13.3,30.0,11.1,17.9,213.0,17.1,10.3
72.2,70.4,74.0,68.6,69.6,67.6,61.8,61.6,62.0,50.8,49.6,52.0,1.11,12.1,0.327,10.0,9.7,17.9,0.323,7.0,6.48,0.0398,0.954,0.976,205.0,180,500,180,1000,9.5,26.9,13.8,10.7,14.2,15.1,13.4,13.0,10.8,12.8,14.9,29.6,9.8,19.1,214.0,16.9,10.8
69.6,70.8,68.4,70.9,72.4,69.4,60.9,62.8,59.0,49.6,49.6,49.6,1.1,11.8,0.332,10.0,9.71,18.1,0.317,7.02,6.53,0.041,0.401,0.971,206.0,190,460,170,1000,10.9,26.3,14.3,11.6,13.9,15.2,13.0,10.8,13.3,13.3,14.3,29.0,9.7,19.6,215.0,16.5,10.0
69.8,69.8,69.8,72.0,72.6,71.4,63.8,63.8,63.8,50.2,49.0,51.4,1.13,11.8,0.337,9.87,9.79,18.0,0.321,7.05,6.57,0.0409,0.406,0.966,199.0,180,410,130,1000,10.8,26.4,13.6,14.8,12.9,13.9,13.4,13.1,13.6,14.7,12.3,28.4,10.6,18.2,217.0,17.2,10.1
69.8,67.2,72.4,70.1,68.2,72.0,73.4,73.8,73.0,50.7,47.4,54.0,1.17,11.8,0.344,9.9,9.8,17.9,0.328,6.99,6.43,0.041,0.783,0.967,195.0,170,280,110,1000,10.3,28.0,12.8,13.9,10.7,11.2,13.0,13.9,12.1,13.9,13.2,26.3,10.4,19.6,209.0,16.7,10.9
70.9,69.2,72.6,69.5,69.8,69.2,60.0,59.0,61.0,50.8,51.0,50.6,1.14,11.8,0.334,9.73,9.79,17.9,0.318,7.14,6.55,0.0401,0.918,0.946,202.0,170,590,160,1000,9.2,28.1,14.1,12.5,11.7,11.6,13.5,12.3,12.9,12.4,12.9,25.9,9.5,20.9,208.0,17.7,11.1
68.9,67.8,70.0,68.6,70.4,66.8,65.0,64.8,65.2,50.3,48.0,52.6,1.12,12.0,0.339,9.67,9.85,17.9,0.325,7.04,6.62,0.0399,0.921,0.959,197.0,170,590,150,1000,9.1,28.5,15.0,13.2,13.4,13.1,14.1,12.1,13.7,12.2,13.4,26.1,9.2,20.5,214.0,18.3,11.1
71.2,73.0,69.4,67.3,68.8,65.8,58.8,57.2,60.4,48.8,50.2,47.4,1.09,11.7,0.336,9.78,9.76,17.9,0.315,7.03,6.6,0.0389,0.922,0.946,196.0,170,330,120,1000,10.3,29.4,14.2,14.1,13.3,12.2,12.8,12.7,13.6,13.0,14.7,25.7,8.4,18.6,213.0,18.9,11.2
70.7,69.4,72.0,68.9,69.2,68.6,63.7,62.6,64.8,49.1,48.6,49.6,1.16,12.2,0.355,10.0,10.3,18.8,0.338,7.25,6.73,0.041,0.93,1.01,197.0,170,400,200,1000,10.0,28.2,14.4,14.1,13.4,12.4,12.2,13.7,13.7,14.3,14.3,27.7,8.3,16.8,214.0,18.7,11.1
70.0,69.2,70.8,68.3,69.2,67.4,59.5,59.2,59.8,53.4,53.0,53.8,1.24,12.8,0.377,10.6,11.0,19.7,0.357,7.74,7.27,0.04,0.953,1.07,200.0,180,480,220,1000,8.3,26.2,14.2,13.2,13.3,11.4,12.2,14.6,13.2,13.7,15.9,30.3,10.2,17.7,214.0,18.3,11.1
71.5,71.8,71.2,69.5,70.0,69.0,62.7,61.4,64.0,48.1,46.0,50.3,1.31,13.6,0.396,11.2,11.5,21.1,0.382,8.18,7.67,0.0402,0.974,1.13,199.0,170,440,200,1000,9.6,24.3,13.9,12.5,12.6,13.4,12.7,15.9,14.7,11.6,15.3,31.0,10.3,16.1,214.0,18.2,10.5
71.2,70.0,72.4,70.2,70.8,69.6,63.9,62.6,65.2,50.7,48.7,52.7,1.39,14.4,0.412,11.8,12.0,22.2,0.39,8.64,8.03,0.0401,0.994,1.19,195.0,170,300,120,1000,10.4,24.9,13.9,12.7,12.9,14.4,12.1,15.0,16.8,11.8,13.2,28.8,10.0,16.5,213.0,18.0,10.8
69.9,73.0,66.8,68.4,69.8,67.0,61.3,59.2,63.4,49.0,47.8,50.2,1.45,14.9,0.429,12.4,12.6,23.2,0.408,9.1,8.49,0.0411,1.01,1.25,193.0,170,330,110,1000,8.9,25.4,12.7,13.7,12.2,13.9,11.4,13.2,14.3,14.8,13.5,24.6,9.2,19.9,208.0,17.8,11.0
68.8,68.2,69.4,65.9,66.0,65.8,62.8,61.8,63.8,43.8,41.6,46.0,1.52,15.5,0.448,13.0,13.3,24.3,0.428,9.58,8.9,0.0401,1.04,1.32,193.0,170,400,150,1000,9.6,25.0,13.5,13.0,11.4,13.8,13.8,15.0,12.7,14.5,13.3,25.6,8.3,18.3,208.0,16.6,11.0
71.8,72.0,71.6,36.4,37.6,35.2,65.8,64.2,67.4,26.4,25.8,27.0,1.62,15.9,0.464,13.5,13.6,24.3,0.448,9.83,9.28,0.0393,1.05,1.34,191.0,170,340,160,1000,9.6,29.0,14.1,11.3,12.2,12.0,15.3,15.6,13.3,13.9,13.4,28.5,9.1,16.5,214.0,15.0,10.1
68.3,67.8,68.8,73.3,74.2,72.4,60.5,60.4,60.6,59.8,58.0,61.6,1.06,11.9,0.323,9.75,9.61,17.9,0.293,6.99,6.49,0.0397,0.902,0.928,265.0,230,700,330,1000,26.7,25.7,12.2,12.3,11.8,12.9,11.1,14.8,13.2,13.6,12.0,25.3,7.8,16.2,216.0,26.0,13.6
68.9,69.0,68.8,73.4,73.8,73.0,64.7,64.2,65.2,62.9,62.6,63.2,1.05,11.8,0.317,9.8,9.43,17.9,0.29,7.09,6.57,0.0395,0.524,0.95,241.0,210,700,220,1000,16.8,25.7,14.6,13.7,10.9,14.2,12.3,13.2,14.7,14.9,13.9,27.0,9.2,16.8,218.0,24.1,15.1
67.9,67.8,68.0,75.1,74.6,75.6,61.7,62.2,61.2,58.9,59.4,58.4,1.08,11.8,0.322,9.82,9.39,18.1,0.292,6.98,6.53,0.0408,0.394,0.953,230.0,200,290,110,1000,10.7,25.8,14.6,12.7,12.8,13.1,12.0,13.0,15.5,13.6,13.3,26.9,8.8,17.9,211.0,24.5,15.3
67.7,67.8,67.6,73.5,75.6,71.4,61.3,61.4,61.2,61.0,61.2,60.8,1.07,11.6,0.321,9.86,9.4,18.0,0.289,6.99,6.53,0.0389,0.393,0.948,225.0,200,400,150,1000,10.7,27.2,13.2,11.7,14.4,12.9,12.3,12.1,13.7,13.8,11.2,25.7,8.1,17.7,205.0,25.3,15.7
69.3,71.2,67.4,71.8,74.0,69.6,74.3,75.4,73.2,58.9,59.6,58.2,1.06,11.6,0.32,10.0,9.44,18.0,0.297,6.99,6.5,0.04,0.855,0.946,227.0,200,470,210,1000,8.4,29.9,12.6,14.2,13.8,14.2,13.1,11.0,13.3,12.7,10.4,28.0,8.7,17.5,208.0,26.4,14.7
70.0,70.8,69.2,71.7,72.6,70.8,58.2,57.2,59.2,61.2,61.4,61.0,1.05,11.6,0.316,9.91,9.38,17.8,0.29,7.01,6.55,0.039,0.907,0.952,221.0,200,420,200,1000,8.3,29.1,11.9,14.7,12.1,14.3,13.4,12.5,13.3,12.7,10.7,29.3,9.1,20.5,212.0,25.0,14.9
68.6,69.0,68.2,74.3,76.0,72.6,64.9,64.8,65.0,60.7,57.6,63.8,1.03,11.7,0.314,10.0,9.26,18.0,0.286,6.97,6.43,0.0412,0.912,0.955,215.0,190,330,130,1000,10.7,26.1,11.1,13.9,12.9,12.3,14.4,12.5,13.5,13.6,13.3,27.3,8.6,20.5,211.0,26.4,15.1
68.8,69.8,67.8,70.9,72.6,69.2,63.3,63.6,63.0,59.2,57.6,60.8,1.03,11.5,0.306,9.96,9.46,17.7,0.28,6.94,6.39,0.0402,0.91,0.959,207.0,180,290,120,1000,11.2,27.2,11.7,12.7,12.5,10.6,14.2,12.1,13.6,14.5,15.3,26.3,8.0,18.6,209.0,25.6,15.1
69.5,70.8,68.2,75.9,77.4,74.4,61.6,60.8,62.4,60.2,62.2,58.2,1.01,11.5,0.311,10.0,9.37,17.7,0.287,7.0,6.51,0.0396,0.907,0.954,210.0,180,520,120,1000,10.5,26.7,13.0,12.8,12.0,11.9,12.7,13.2,14.0,14.6,14.2,26.5,8.3,18.9,209.0,25.8,14.5
68.9,69.0,68.8,73.3,75.4,71.2,64.2,63.0,65.4,62.6,61.8,63.4,1.02,11.7,0.311,10.2,9.35,17.6,0.289,6.93,6.47,0.041,0.91,0.941,203.0,170,520,120,1000,9.9,30.3,13.5,14.3,12.6,11.5,11.5,13.4,13.1,13.1,12.3,25.0,8.4,19.4,208.0,25.2,15.1
70.8,73.4,68.2,72.2,74.6,69.8,64.8,65.0,64.6,61.8,62.0,61.6,1.01,11.5,0.309,10.1,9.2,17.6,0.286,6.94,6.4,0.0411,0.904,0.952,203.0,180,330,130,1000,8.8,31.4,12.8,14.0,12.3,11.3,11.8,13.1,14.0,13.8,10.6,24.6,8.7,18.9,206.0,24.0,15.5
68.1,68.6,67.6,75.7,77.8,73.6,59.6,62.8,56.4,62.9,62.0,63.8,0.979,11.5,0.306,9.98,9.07,18.1,0.283,7.01,6.36,0.0422,0.913,0.968,203.0,180,390,190,1000,8.3,29.1,11.1,13.8,11.8,13.2,12.5,13.9,15.9,13.9,11.3,26.3,8.8,17.8,208.0,25.7,15.3
68.8,68.6,69.0,74.3,76.4,72.2,65.7,65.8,65.6,62.3,60.6,64.0,1.05,11.7,0.329,10.5,9.62,18.7,0.298,7.15,6.67,0.0424,0.924,1.03,200.0,170,390,150,1000,8.6,28.3,11.8,13.6,12.6,14.3,14.8,14.1,14.0,14.2,14.4,30.0,9.0,16.2,216.0,26.3,15.2
69.2,67.6,70.8,71.5,71.6,71.4,61.1,61.2,61.0,62.6,62.2,63.0,1.11,12.6,0.345,11.0,10.3,19.8,0.319,7.58,7.08,0.0415,0.944,1.09,200.0,180,380,170,1000,9.5,25.2,12.9,13.0,14.3,15.4,15.3,13.6,11.2,13.4,13.5,30.3,10.3,16.7,215.0,25.2,15.0
69.9,70.8,69.0,75.5,76.8,74.2,65.4,65.6,65.2,58.0,54.8,61.2,1.18,13.2,0.358,11.7,10.8,20.6,0.342,8.08,7.47,0.0418,0.966,1.15,200.0,180,410,200,1000,10.4,25.2,12.6,11.5,14.0,14.4,13.3,12.3,11.2,13.8,13.3,29.1,10.4,18.9,210.0,24.5,14.9
71.4,70.8,72.0,59.7,59.4,60.0,63.5,63.4,63.6,43.2,45.0,41.4,1.25,13.8,0.382,12.4,11.4,21.7,0.351,8.38,7.86,0.042,0.988,1.21,201.0,180,410,200,1000,9.0,25.9,12.2,13.4,12.8,14.4,12.8,12.6,12.3,14.8,13.8,29.4,8.6,19.2,211.0,25.0,15.5
69.8,66.8,72.8,77.8,79.2,76.4,62.6,63.6,61.6,66.0,61.2,70.8,1.05,11.7,0.318,10.3,9.17,18.0,0.289,6.92,6.47,0.0425,0.394,0.973,273.0,240,710,340,1000,25.1,25.3,13.0,12.8,11.5,11.0,11.2,13.2,12.3,12.8,11.7,25.8,8.2,15.6,210.0,29.1,15.9
66.9,67.0,66.8,72.7,75.0,70.4,63.4,64.0,62.8,56.7,53.4,60.0,1.06,11.6,0.318,10.3,9.09,18.0,0.292,6.99,6.45,0.0403,0.38,0.984,249.0,220,690,220,1000,18.3,27.6,13.7,11.8,12.8,12.1,14.1,14.1,12.5,13.2,12.0,26.3,8.9,17.2,215.0,27.9,15.7
69.2,70.2,68.2,73.9,74.8,73.0,72.0,72.8,71.2,66.4,64.0,68.8,1.05,11.5,0.318,10.2,9.05,18.0,0.287,7.0,6.42,0.0424,0.948,0.976,266.0,230,720,170,1000,11.6,28.6,13.6,11.9,13.4,11.1,15.3,13.5,12.1,13.5,12.3,25.1,8.9,19.1,210.0,28.9,16.5
68.6,66.6,70.6,75.3,75.6,75.0,63.4,64.6,62.2,67.0,65.6,68.4,1.06,11.6,0.314,10.2,9.19,17.9,0.29,6.81,6.4,0.0413,0.947,0.984,258.0,220,720,240,1000,9.3,27.3,13.1,11.9,12.4,11.6,13.8,13.0,12.3,13.6,12.5,26.3,9.1,20.2,206.0,27.1,15.9
71.0,73.4,68.6,78.1,80.2,76.0,64.0,64.4,63.6,58.7,56.4,61.0,1.04,11.5,0.314,10.1,9.19,18.1,0.287,6.9,6.38,0.0403,0.95,1.0,245.0,210,330,140,1000,11.4,29.0,14.0,13.7,11.7,12.3,14.7,12.1,12.5,11.9,13.6,28.4,9.7,20.1,215.0,27.3,14.7
68.9,66.8,71.0,76.1,78.2,74.0,63.6,63.2,64.0,64.9,66.2,63.6,1.04,11.7,0.314,10.3,9.11,18.2,0.281,6.79,6.4,0.0413,0.943,0.979,236.0,200,290,120,1000,10.9,29.4,13.3,13.2,11.7,12.1,15.1,12.8,13.4,11.6,13.6,26.3,8.3,21.4,213.0,26.7,15.7
69.6,69.0,70.2,74.6,75.8,73.4,64.6,65.0,64.2,64.7,63.4,66.0,1.04,11.7,0.31,10.4,9.14,17.8,0.276,6.86,6.44,0.0401,0.939,0.985,227.0,200,300,120,1000,9.1,28.0,13.3,11.9,12.3,12.2,13.7,14.6,13.5,13.8,13.7,25.3,7.1,20.5,209.0,26.5,16.1
69.0,68.8,69.2,73.8,73.8,73.8,61.1,60.8,61.4,64.5,63.8,65.2,1.03,11.8,0.301,10.3,9.17,17.8,0.278,6.94,6.36,0.0413,0.942,0.975,222.0,190,320,120,1000,9.5,28.0,14.1,12.9,13.0,13.3,14.7,13.7,12.2,13.7,13.7,25.9,7.3,18.7,211.0,26.7,14.7
66.7,67.2,66.2,72.7,74.0,71.4,65.0,63.6,66.4,62.6,61.4,63.9,1.02,11.6,0.306,10.3,8.96,17.8,0.28,6.91,6.35,0.0421,0.939,0.974,229.0,200,530,200,1000,10.7,26.2,14.6,14.1,14.0,14.6,14.4,11.9,12.4,13.3,13.1,27.0,7.7,17.0,211.0,28.0,14.9
68.3,69.2,67.4,72.0,73.6,70.4,59.8,60.4,59.2,67.5,67.9,67.1,1.02,11.6,0.309,10.2,9.06,18.1,0.269,6.86,6.39,0.0421,0.936,0.981,224.0,190,520,210,1000,11.4,26.8,13.9,13.9,13.0,14.8,12.7,11.3,13.2,13.6,12.4,28.1,8.5,16.1,210.0,27.6,15.8
72.0,71.8,72.2,79.2,81.4,77.0,65.2,66.4,64.0,60.5,59.2,61.8,1.01,11.7,0.306,10.3,8.97,18.1,0.288,6.95,6.45,0.041,0.936,0.996,224.0,200,340,190,1000,9.7,28.9,12.4,12.6,13.2,14.0,12.0,13.1,13.8,13.6,13.5,29.6,9.6,18.0,214.0,26.7,14.8
69.1,68.8,69.4,70.8,71.8,69.8,60.4,60.4,60.4,63.1,61.8,64.4,1.04,11.6,0.316,10.1,9.03,18.0,0.284,6.88,6.46,0.0413,0.935,1.01,224.0,200,410,200,1000,9.5,26.7,13.2,13.6,12.8,13.9,12.0,15.0,14.8,13.1,15.4,29.0,11.1,19.8,220.0,27.4,16.5
67.1,68.4,65.8,74.3,75.6,73.0,62.4,62.4,62.4,67.6,64.6,70.6,1.08,12.2,0.333,10.7,9.62,18.9,0.304,7.15,6.6,0.0406,0.953,1.07,223.0,200,420,200,1000,8.8,24.7,13.7,13.1,10.5,13.6,12.0,15.0,15.6,14.1,14.0,28.0,10.1,19.5,213.0,27.5,15.9
70.0,71.0,69.0,73.4,74.4,72.4,61.8,62.4,61.2,60.1,59.6,60.6,1.16,12.7,0.352,11.5,10.1,20.1,0.326,7.61,7.07,0.0416,0.969,1.13,219.0,190,340,160,1000,8.2,26.1,11.8,12.7,10.9,12.4,11.9,14.1,14.4,14.2,11.8,28.4,9.0,18.5,204.0,27.3,17.1
69.5,66.4,72.6,75.3,77.4,73.2,63.7,63.4,64.0,62.6,60.6,64.6,1.26,13.3,0.369,12.0,10.6,21.2,0.336,7.99,7.53,0.0418,0.996,1.2,219.0,190,400,180,1000,8.4,27.2,10.8,13.5,12.1,13.2,13.8,11.7,14.2,12.6,11.4,28.8,9.8,18.7,206.0,26.4,16.7
69.9,67.8,72.0,47.2,44.6,49.8,62.9,63.2,62.6,44.0,44.4,43.6,1.3,14.2,0.389,12.5,11.2,22.0,0.359,8.47,7.88,0.0413,1.02,1.26,213.0,190,400,130,1000,8.8,26.6,14.3,14.2,14.3,13.8,13.8,13.4,13.6,14.2,12.0,28.8,9.4,18.0,215.0,26.1,16.6
50.9,50.0,51.8,53.3,51.4,55.2,50.4,51.0,49.8,37.5,37.8,37.2,0.491,6.69,0.159,6.06,5.59,8.45,0.135,4.42,3.12,0.039,0.256,0.554,83.8,70,230,78,600,57.6,16.4,8.9,7.4,9.5,7.3,8.6,6.7,7.0,7.4,7.8,14.8,4.9,10.3,175.0,4.52,2.62
51.5,50.4,52.6,53.9,54.0,53.8,52.2,51.6,52.8,35.3,36.8,33.8,0.504,6.97,0.161,6.32,5.77,8.4,0.14,4.57,3.18,0.0403,0.261,0.559,74.6,61,90,32,600,22.2,16.8,7.3,7.7,8.8,9.0,8.4,7.5,8.4,9.1,9.4,16.0,5.4,11.0,147.0,6.51,3.43
53.2,54.4,52.0,54.6,56.6,52.6,49.9,48.4,51.4,36.7,35.6,37.8,0.515,7.18,0.168,6.36,5.9,8.78,0.143,4.66,3.28,0.0402,0.269,0.575,68.3,53,91,32,600,4.9,16.8,7.8,6.8,9.3,10.2,7.4,7.4,9.2,6.8,8.8,16.5,5.1,11.3,128.0,7.89,4.25
54.2,53.2,55.2,55.3,54.8,55.8,52.5,54.2,50.8,35.7,32.4,39.0,0.526,7.25,0.168,6.46,6.05,8.95,0.147,4.76,3.38,0.0412,0.272,0.584,63.9,49,94,31,600,4.5,17.0,8.4,7.3,9.4,8.9,7.7,7.8,9.1,8.4,8.3,17.1,4.6,11.8,130.0,8.84,4.85
53.4,54.0,52.8,54.6,56.0,53.2,53.6,53.4,53.8,37.9,37.4,38.4,0.549,7.41,0.175,6.76,6.23,9.34,0.151,4.85,3.51,0.04,0.282,0.596,61.3,47,95,31,600,4.1,13.9,8.0,8.3,7.5,8.7,8.2,8.2,8.6,10.4,8.7,18.7,6.1,12.0,131.0,8.54,4.54
55.3,55.6,55.0,55.2,53.0,57.4,53.5,54.4,52.6,35.5,34.4,36.6,0.561,7.58,0.183,6.82,6.41,9.62,0.161,4.98,3.55,0.0395,0.282,0.604,59.4,46,96,37,600,5.5,14.2,8.9,7.6,7.6,9.1,8.0,7.4,8.4,9.3,8.5,19.3,6.2,11.4,131.0,8.65,4.56
54.5,54.2,54.8,52.5,54.6,50.4,53.8,52.0,55.6,35.1,33.2,37.0,0.592,7.72,0.193,6.99,6.51,9.65,0.164,5.09,3.64,0.0395,0.292,0.62,57.9,44,100,37,600,6.4,17.2,9.5,8.7,8.4,9.0,7.5,8.2,9.4,9.1,7.9,19.2,6.0,11.1,138.0,8.39,4.54
52.4,52.0,52.8,53.9,53.2,54.6,51.9,51.8,52.0,31.9,33.4,30.4,0.615,7.95,0.193,7.07,6.81,10.0,0.171,5.18,3.75,0.0394,0.296,0.626,56.3,43,100,33,600,5.6,17.9,9.1,9.2,8.3,8.9,7.1,7.6,9.1,8.7,7.8,17.4,6.4,12.1,135.0,8.06,4.66
54.2,52.4,56.0,53.0,53.0,53.0,52.3,53.0,51.6,34.3,34.6,34.0,0.639,8.12,0.202,7.24,6.87,10.1,0.18,5.37,3.85,0.0403,0.304,0.648,55.2,42,98,32,600,5.2,19.3,7.9,7.5,8.7,7.9,8.4,6.9,7.4,8.5,9.2,15.2,5.8,12.5,130.0,7.75,4.67
54.8,55.4,54.2,53.4,54.8,52.0,51.7,54.2,49.2,36.3,36.2,36.4,0.652,8.12,0.203,7.28,7.03,10.5,0.179,5.45,3.99,0.0394,0.308,0.645,54.1,41,96,33,600,6.6,19.1,6.9,8.2,9.3,7.1,9.4,8.4,8.3,8.0,9.4,14.8,4.9,12.2,133.0,7.42,4.63
54.2,53.0,55.4,58.1,56.6,59.6,52.8,53.0,52.6,36.6,38.2,35.0,0.655,8.23,0.209,7.36,7.19,10.6,0.186,5.5,4.07,0.039,0.312,0.657,53.1,40,93,33,600,6.8,17.1,7.7,10.1,8.9,8.0,9.2,8.1,8.0,8.5,7.6,15.7,4.2,11.0,131.0,7.12,4.24
56.4,54.2,58.6,56.9,58.6,55.2,51.2,52.4,50.0,34.9,35.4,34.4,0.676,8.53,0.216,7.6,7.27,10.8,0.204,5.73,4.12,0.0389,0.316,0.66,52.4,40,93,33,600,5.9,18.2,8.8,10.0,7.3,9.6,8.8,6.9,7.3,8.7,8.1,16.4,5.2,10.7,132.0,7.24,4.86
54.2,54.2,54.2,53.2,53.6,52.8,52.7,50.6,54.8,34.6,34.0,35.2,0.703,8.64,0.221,7.7,7.53,11.2,0.209,5.78,4.27,0.0399,0.318,0.676,51.8,39,97,33,600,5.4,17.7,9.5,8.0,8.1,9.1,8.5,8.1,7.5,8.5,7.7,16.4,5.8,11.1,131.0,7.89,4.77
52.5,53.2,51.8,53.9,53.0,54.8,52.4,53.2,51.6,34.6,33.8,35.4,0.729,8.71,0.226,7.76,7.67,11.3,0.217,5.92,4.29,0.0394,0.33,0.684,51.3,39,99,33,600,5.3,16.2,9.2,7.2,8.5,6.6,8.9,8.6,6.9,9.9,7.1,16.1,6.6,11.7,129.0,7.67,4.86
51.8,53.2,50.4,52.9,51.6,54.2,50.8,50.0,51.6,32.4,30.0,34.8,0.75,8.95,0.229,7.8,7.71,11.5,0.225,5.95,4.35,0.0383,0.335,0.702,51.0,39,100,33,600,5.3,19.0,8.6,8.7,8.2,7.2,8.3,7.7,7.2,8.3,8.0,15.6,6.6,11.3,130.0,7.76,4.97
55.9,53.8,58.0,55.1,57.0,53.2,53.8,54.8,52.8,34.5,34.6,34.4,0.79,9.27,0.245,8.19,8.22,12.2,0.235,6.25,4.55,0.0383,0.348,0.737,50.8,38,120,35,600,5.8,19.5,8.4,9.1,7.6,8.2,7.4,8.4,8.9,7.6,7.6,16.1,5.8,10.5,131.0,7.67,4.86
50.8,51.2,50.4,54.3,55.8,52.8,51.7,49.4,54.0,33.3,33.8,32.8,0.834,9.68,0.258,8.67,8.64,12.8,0.247,6.56,4.89,0.0372,0.358,0.788,50.4,38,110,35,600,6.8,15.9,8.4,9.5,7.2,7.9,8.0,8.5,7.8,8.5,7.7,16.7,6.1,11.1,130.0,7.32,4.31
52.2,52.2,52.2,52.8,54.6,51.0,51.0,49.0,53.0,30.2,29.0,31.4,0.893,10.2,0.269,9.11,9.05,13.4,0.259,6.87,5.11,0.0382,0.374,0.816,50.3,38,110,33,600,6.2,14.9,8.0,9.6,8.3,8.2,7.6,9.0,7.5,8.8,7.4,16.8,6.3,10.6,129.0,6.92,4.28
57.0,54.4,59.6,33.9,30.8,37.0,55.0,53.4,56.6,25.4,26.2,24.6,0.945,10.7,0.282,9.63,9.58,14.2,0.274,7.23,5.38,0.0382,0.395,0.861,50.1,38,110,33,600,5.6,14.8,7.0,7.1,8.7,8.5,6.5,9.4,9.0,9.4,7.4,15.8,5.4,11.3,126.0,6.29,4.08
52.9,52.4,53.4,58.6,59.6,57.6,52.5,52.2,52.8,44.8,44.4,45.2,0.796,8.92,0.238,7.77,7.79,11.6,0.235,6.01,4.43,0.0376,0.877,0.694,92.7,84,220,89,600,64.1,15.1,7.9,8.2,5.6,7.7,8.2,7.0,7.5,9.4,8.5,17.8,5.4,10.3,183.0,6.67,2.89
52.1,51.0,53.2,57.0,57.8,56.2,50.1,50.2,50.0,47.3,49.6,45.0,0.79,8.82,0.235,7.74,7.79,11.7,0.233,6.01,4.51,0.0377,0.876,0.689,82.3,71,170,39,600,30.8,18.0,8.3,8.9,6.8,8.1,8.6,8.2,9.6,9.5,9.0,18.4,5.6,10.3,160.0,10.0,4.35
52.0,49.0,55.0,57.9,59.8,56.0,49.4,48.2,50.6,43.6,43.0,44.2,0.791,8.76,0.232,7.64,7.87,11.6,0.232,5.95,4.45,0.0377,0.877,0.68,75.1,63,100,34,600,6.9,17.7,7.4,7.6,7.8,7.7,8.7,8.5,7.6,8.3,8.0,16.5,5.6,8.6,127.0,13.3,6.37
52.0,50.8,53.2,58.4,59.6,57.2,51.8,54.2,49.4,43.0,44.8,41.2,0.783,8.71,0.237,7.73,7.77,11.5,0.234,5.98,4.45,0.0377,0.877,0.686,70.4,58,99,35,600,5.8,16.5,7.2,7.6,9.2,8.7,8.4,8.7,6.7,8.5,7.2,14.5,5.4,9.4,124.0,15.1,7.79
55.8,55.8,55.8,58.5,58.8,58.2,51.6,51.2,52.0,45.5,44.6,46.4,0.785,8.8,0.235,7.68,7.76,11.6,0.232,5.92,4.51,0.0378,0.876,0.688,67.5,54,100,39,600,5.7,17.7,8.6,7.1,8.8,9.3,8.1,9.5,7.1,8.1,7.5,15.5,5.3,9.9,128.0,15.5,8.47
52.0,51.8,52.2,56.4,57.4,55.4,50.3,52.0,48.6,46.4,43.6,49.2,0.781,8.86,0.238,7.71,7.72,11.4,0.239,5.87,4.42,0.039,0.874,0.698,64.9,51,100,40,600,6.3,17.6,8.0,8.3,6.8,8.2,8.9,8.5,7.6,8.7,7.9,18.0,5.5,11.6,132.0,15.7,8.5
54.6,56.2,53.0,57.3,57.6,57.0,50.4,51.6,49.2,44.2,42.2,46.2,0.788,8.91,0.24,7.69,7.76,11.7,0.243,5.89,4.41,0.0371,0.874,0.701,63.5,50,110,38,600,6.0,17.5,6.4,9.0,7.0,8.2,9.5,7.6,8.1,8.2,7.2,16.5,5.4,12.6,129.0,15.3,8.11
56.8,57.2,56.4,59.8,63.8,55.8,52.3,51.0,53.6,43.6,43.0,44.2,0.807,8.71,0.241,7.55,7.86,11.6,0.231,5.81,4.4,0.0382,0.873,0.707,62.1,49,120,39,600,5.9,16.7,6.5,8.4,7.4,7.8,10.4,8.8,7.0,8.3,7.2,18.2,6.2,12.7,132.0,14.8,7.73
53.8,52.0,55.6,59.3,61.0,57.6,54.5,53.8,55.2,44.7,44.6,44.8,0.797,8.78,0.238,7.54,7.78,11.5,0.232,5.87,4.43,0.0372,0.877,0.705,60.9,47,110,38,600,5.8,15.6,7.0,8.5,8.2,6.3,9.1,8.6,6.6,8.7,8.0,20.2,6.4,13.2,132.0,14.3,7.49
53.1,54.0,52.2,57.1,56.0,58.2,50.9,48.2,53.6,44.9,43.6,46.2,0.773,8.78,0.235,7.56,7.73,11.5,0.223,5.8,4.4,0.0373,0.874,0.708,59.7,46,110,37,600,5.5,16.7,7.2,8.9,9.2,7.0,7.4,7.8,8.0,8.2,8.6,18.1,6.0,12.7,131.0,14.4,8.72
53.6,51.6,55.6,58.2,59.4,57.0,54.1,53.8,54.4,45.1,42.6,47.6,0.776,8.69,0.24,7.59,7.81,11.6,0.225,5.93,4.45,0.0392,0.873,0.709,58.6,45,110,37,600,5.7,18.7,7.3,9.0,7.3,7.7,8.1,8.0,8.9,7.7,9.4,16.3,5.1,12.0,131.0,14.2,8.69
53.4,51.2,55.6,59.1,61.6,56.6,50.0,50.4,49.6,43.9,41.0,46.8,0.782,8.77,0.237,7.55,7.71,11.5,0.23,5.88,4.47,0.0393,0.874,0.717,57.8,44,100,35,600,5.1,17.8,7.7,8.8,6.8,7.7,8.6,9.1,9.7,7.3,8.2,17.4,5.3,11.2,131.0,13.4,8.9
54.3,53.2,55.4,59.3,60.2,58.4,50.5,51.2,49.8,49.8,46.8,52.8,0.78,8.85,0.23,7.53,7.86,11.7,0.223,5.89,4.41,0.0385,0.874,0.705,57.4,44,110,38,600,5.2,16.7,7.0,8.8,7.7,7.2,8.7,8.5,10.4,8.4,7.9,17.5,6.2,11.1,131.0,14.3,8.72
54.2,52.8,55.6,57.7,59.8,55.6,50.8,48.6,53.0,46.6,48.2,45.0,0.771,8.83,0.235,7.6,7.97,11.6,0.23,5.93,4.48,0.0377,0.877,0.719,56.8,44,110,42,600,5.5,15.9,7.8,9.0,7.7,7.5,7.2,8.1,10.0,8.7,8.3,16.3,5.3,11.4,129.0,15.2,8.84
53.8,54.6,53.0,55.9,55.4,56.4,54.2,54.0,54.4,44.9,42.6,47.2,0.777,8.85,0.235,7.51,7.89,11.6,0.228,5.98,4.43,0.04,0.87,0.718,56.4,43,110,40,600,4.4,13.9,9.8,8.8,9.2,8.8,7.1,9.1,10.9,7.7,6.8,18.0,5.7,11.2,131.0,15.3,7.81
51.6,50.8,52.4,60.1,60.4,59.8,49.0,48.8,49.2,46.9,43.0,50.8,0.782,9.01,0.24,7.85,8.17,12.0,0.233,6.08,4.57,0.0382,0.884,0.772,55.8,43,110,37,600,4.3,15.6,9.6,7.9,8.2,9.3,7.9,8.3,9.5,7.3,7.7,16.4,5.6,11.5,129.0,14.5,7.74
54.4,53.6,55.2,58.1,57.4,58.8,51.3,50.8,51.8,47.0,44.2,49.8,0.825,9.44,0.252,8.25,8.6,12.7,0.242,6.41,4.76,0.0392,0.899,0.816,55.2,43,97,36,600,5.2,17.3,9.8,8.5,7.0,8.4,6.9,8.5,8.6,6.2,9.0,14.3,4.8,10.7,125.0,16.3,7.87
55.3,54.6,56.0,55.7,57.8,53.6,51.9,53.0,50.8,46.0,45.4,46.6,0.883,9.93,0.268,8.64,9.05,13.4,0.261,6.75,5.1,0.0384,0.913,0.863,55.1,43,110,39,600,6.6,16.9,9.1,8.6,7.2,6.7,6.9,9.3,9.5,7.7,8.2,15.6,5.5,9.9,128.0,15.4,7.96
53.3,53.0,53.6,51.9,50.6,53.2,50.7,51.0,50.4,33.5,34.8,32.2,0.933,10.3,0.279,9.07,9.64,13.9,0.272,7.19,5.34,0.0395,0.93,0.911,54.9,43,130,41,600,6.9,17.1,8.5,8.1,7.0,6.4,8.8,9.1,8.7,10.2,7.6,16.9,6.8,10.8,133.0,14.0,7.92
60.3,61.2,59.4,59.6,61.4,57.8,63.9,64.8,63.0,52.4,53.2,51.6,0.794,8.91,0.235,7.51,7.79,11.7,0.224,5.85,4.38,0.0386,0.327,0.734,107.0,96,240,98,600,71.8,13.8,7.0,8.63,6.63,6.63,6.75,6.0,5.25,7.63,6.13,13.4,3.88,9.25,173.0,6.67,2.37
51.8,49.0,54.6,64.3,64.8,63.8,50.1,49.2,51.0,55.3,53.0,57.6,0.79,8.79,0.233,7.62,7.78,11.6,0.222,5.86,4.4,0.0384,0.332,0.749,90.2,76,220,66,600,47.2,17.2,7.3,9.3,8.3,8.3,7.0,7.2,6.7,9.8,8.5,16.5,5.7,12.0,171.0,10.8,4.64
51.7,51.4,52.0,62.5,64.8,60.2,52.6,51.2,54.0,51.1,50.8,51.4,0.804,8.77,0.234,7.65,7.66,11.5,0.216,5.95,4.41,0.0404,0.328,0.742,81.9,65,110,36,600,12.3,18.1,7.1,8.6,8.3,8.8,7.9,8.1,7.8,8.6,8.7,16.3,6.3,11.3,138.0,14.7,7.19
51.6,49.8,53.4,63.8,63.6,64.0,49.9,48.6,51.2,54.3,54.4,54.2,0.779,8.7,0.234,7.75,7.62,11.5,0.216,5.92,4.51,0.0395,0.328,0.748,76.9,61,130,39,600,5.8,16.6,8.0,8.6,8.3,8.5,7.8,8.8,7.1,8.3,7.7,16.3,6.0,10.7,129.0,19.6,8.56
56.5,56.2,56.8,58.4,60.8,56.0,52.5,53.2,51.8,49.9,45.8,54.0,0.782,8.77,0.236,7.73,7.56,11.6,0.216,5.96,4.37,0.0407,0.325,0.753,73.3,59,130,42,600,5.5,16.8,9.1,8.9,8.4,7.8,7.3,8.4,6.8,9.0,8.1,18.7,6.9,10.5,132.0,19.3,10.6
54.2,52.2,56.2,63.7,63.6,63.8,50.8,50.0,51.6,52.2,51.4,53.0,0.779,8.87,0.236,7.73,7.58,11.5,0.221,5.91,4.46,0.0408,0.319,0.748,69.9,55,110,40,600,5.9,18.8,9.0,8.3,9.1,7.3,7.5,8.4,8.4,8.9,8.2,18.2,6.3,10.3,135.0,20.1,10.7
52.1,52.2,52.0,59.2,59.4,59.0,51.8,50.8,52.8,50.2,50.8,49.6,0.771,8.82,0.233,7.81,7.58,11.4,0.217,5.81,4.44,0.0389,0.325,0.757,68.1,53,130,37,600,5.8,19.5,8.2,7.1,8.2,7.5,6.1,8.3,9.9,8.4,9.0,16.4,5.5,11.6,132.0,19.5,11.2
51.3,51.0,51.6,61.2,61.6,60.8,61.6,55.8,67.4,52.9,50.6,55.2,0.756,8.74,0.229,7.81,7.6,11.4,0.21,5.86,4.41,0.0399,0.828,0.754,66.1,51,120,38,600,5.7,17.9,8.8,7.4,7.2,8.4,6.4,7.1,9.1,7.2,8.8,16.4,5.1,12.0,128.0,19.6,10.6
54.2,54.2,54.2,59.4,62.4,56.4,50.9,49.8,52.0,49.5,50.2,48.8,0.76,8.63,0.234,7.79,7.51,11.4,0.218,5.86,4.41,0.0399,0.831,0.756,64.4,49,110,37,600,4.7,16.0,9.2,6.5,7.9,8.9,7.3,7.0,8.6,9.0,8.5,15.5,4.5,10.1,124.0,18.2,11.4
53.8,54.0,53.6,61.6,61.8,61.4,53.1,52.2,54.0,53.6,52.0,55.2,0.754,8.7,0.233,7.76,7.4,11.6,0.211,5.83,4.3,0.0397,0.822,0.748,62.8,48,110,34,600,5.2,16.8,8.1,7.4,7.5,7.2,7.5,7.4,10.4,8.7,9.3,14.9,5.2,11.3,127.0,19.3,10.6
51.9,51.6,52.2,59.6,62.8,56.4,54.7,54.4,55.0,52.1,52.8,51.4,0.744,8.63,0.229,7.74,7.37,11.4,0.213,5.88,4.42,0.0397,0.824,0.767,62.4,47,130,39,600,6.5,16.6,8.6,9.6,7.9,6.2,8.4,7.0,9.5,8.0,10.5,17.8,6.3,13.2,136.0,20.0,10.5
54.1,54.4,53.8,61.9,63.0,60.8,53.1,53.0,53.2,50.7,48.8,52.6,0.752,8.67,0.234,7.71,7.5,11.5,0.214,5.79,4.37,0.0408,0.827,0.758,61.2,46,120,40,600,6.4,15.6,8.0,8.8,8.0,7.5,8.1,7.3,7.8,8.6,10.1,18.7,6.3,11.6,133.0,18.8,9.93
48.8,49.2,48.4,59.7,60.6,58.8,52.5,51.0,54.0,52.5,51.2,53.8,0.763,8.79,0.233,7.86,7.43,11.5,0.215,5.84,4.43,0.0397,0.822,0.751,60.1,46,99,36,600,6.4,15.5,6.5,7.0,7.7,8.9,7.5,7.6,8.5,8.1,8.8,15.7,4.7,11.8,125.0,19.4,10.4
52.6,51.8,53.4,56.6,58.4,54.8,51.6,52.0,51.2,53.1,51.6,54.6,0.75,8.74,0.228,8.04,7.33,11.4,0.207,5.88,4.39,0.0398,0.829,0.758,59.1,45,94,36,600,4.7,17.4,6.9,7.6,8.1,9.7,8.5,7.5,9.4,8.4,8.5,15.4,4.4,11.4,128.0,19.8,9.81
52.6,52.0,53.2,61.6,62.4,60.8,51.8,51.4,52.2,50.4,49.8,51.0,0.722,8.81,0.227,7.99,7.23,11.4,0.205,5.82,4.36,0.0411,0.823,0.754,58.3,44,95,36,600,3.5,19.3,7.4,7.7,7.7,9.6,8.7,6.4,9.5,7.3,9.3,15.2,4.8,11.1,128.0,19.7,10.1
53.4,54.8,52.0,61.2,63.2,59.2,51.6,51.0,52.2,52.5,52.0,53.0,0.731,8.73,0.23,8.1,7.36,11.7,0.209,5.83,4.39,0.0401,0.829,0.78,58.0,44,110,38,600,3.9,17.1,7.9,6.9,7.8,9.2,8.9,6.8,8.4,8.1,10.8,15.4,5.0,10.3,127.0,19.0,10.4
52.7,50.2,55.2,62.6,63.2,62.0,52.6,54.2,51.0,51.2,49.0,53.4,0.781,9.2,0.243,8.56,7.76,12.2,0.224,6.28,4.66,0.0395,0.845,0.82,57.3,44,110,38,600,4.4,16.8,8.4,8.1,8.2,7.2,10.2,8.5,7.6,9.0,10.0,16.2,5.7,9.6,130.0,20.5,10.5
56.2,53.6,58.8,64.4,64.4,64.4,56.7,57.0,56.4,51.5,50.0,53.0,0.818,9.86,0.254,9.0,8.22,13.0,0.239,6.61,4.89,0.0396,0.856,0.877,57.1,44,110,40,600,5.2,17.2,8.5,8.3,7.3,7.4,9.8,8.8,6.7,8.2,8.8,17.9,5.8,12.2,132.0,19.3,10.0
49.9,51.0,48.8,61.1,62.2,60.0,52.1,53.0,51.2,51.9,51.6,52.2,0.88,10.3,0.267,9.64,8.59,13.5,0.249,6.91,5.23,0.0406,0.88,0.921,56.9,43,130,41,600,5.5,17.8,9.2,7.6,7.9,8.9,7.1,7.9,6.4,8.7,8.7,18.6,5.8,14.5,135.0,19.0,11.1
55.0,53.2,56.8,60.6,61.4,59.8,53.6,54.2,53.0,52.3,52.4,52.2,0.927,10.9,0.28,9.94,9.03,14.2,0.264,7.26,5.44,0.0408,0.896,0.962,56.4,43,130,35,600,5.4,18.6,8.8,8.1,9.1,8.2,6.6,6.3,8.5,8.3,8.2,16.7,5.9,12.2,131.0,20.0,11.5
54.4,56.6,52.2,60.1,60.2,60.0,53.3,54.0,52.6,52.5,51.2,53.8,0.992,11.2,0.292,10.4,9.56,15.0,0.279,7.7,5.71,0.0402,0.912,1.02,56.2,43,120,37,600,6.0,16.6,8.3,8.1,9.1,8.1,6.8,6.7,10.0,8.4,7.5,16.0,6.4,11.6,130.0,19.0,11.4
51.7,53.4,50.0,51.9,54.6,49.2,50.7,52.8,48.6,40.6,38.8,42.4,1.03,11.7,0.304,10.9,9.84,15.5,0.288,8.01,5.97,0.0413,0.925,1.04,55.9,43,120,41,600,5.4,14.2,8.3,7.6,9.6,8.4,6.5,8.8,9.0,9.0,9.1,16.2,6.2,12.9,131.0,18.1,10.9
62.6,62.2,63.0,66.3,67.2,65.4,63.0,63.2,62.8,64.1,65.6,62.6,0.779,8.88,0.228,8.27,7.31,11.8,0.215,5.83,4.33,0.0402,0.324,0.759,135.0,110,350,110,600,71.8,13.6,6.25,5.63,5.25,6.0,7.88,6.13,5.38,6.13,8.0,11.1,2.38,10.3,166.0,10.2,4.24
50.8,50.2,51.4,66.2,69.2,63.2,53.7,54.4,53.0,64.9,65.8,64.0,0.776,8.98,0.232,8.25,7.27,11.7,0.215,5.89,4.36,0.0402,0.327,0.764,113.0,86,370,82,600,45.3,18.0,7.7,8.9,7.1,7.4,8.8,7.2,6.6,8.1,8.7,16.5,5.2,11.5,167.0,15.8,7.34
52.2,52.2,52.2,65.2,66.4,64.0,48.8,48.6,49.0,62.5,59.6,65.4,0.771,9.01,0.224,8.31,7.24,11.7,0.21,5.99,4.46,0.0414,0.333,0.787,99.6,72,120,38,600,11.9,19.2,8.4,9.6,7.7,8.9,9.3,7.9,8.3,7.1,7.2,20.0,7.3,12.0,145.0,21.8,10.4
53.8,52.0,55.6,65.2,64.8,65.6,52.6,50.6,54.6,62.4,60.2,64.6,0.765,8.9,0.225,8.28,7.23,11.5,0.209,5.85,4.39,0.0393,0.329,0.755,92.4,67,140,41,600,4.9,19.5,7.3,6.8,7.0,7.9,8.9,8.8,9.2,8.1,7.7,17.7,5.1,12.5,131.0,27.0,13.2
53.0,52.2,53.8,65.7,67.4,64.0,53.7,54.8,52.6,63.2,62.4,64.0,0.756,8.89,0.228,8.27,7.13,11.7,0.211,5.87,4.45,0.0394,0.325,0.776,85.4,60,130,39,600,5.3,18.9,7.3,6.8,8.0,6.9,8.6,7.9,8.6,9.6,7.9,15.8,4.3,11.7,128.0,27.2,15.0
55.0,54.0,56.0,65.3,66.8,63.8,54.4,54.2,54.6,64.7,62.2,67.2,0.774,8.88,0.231,8.24,7.28,11.6,0.219,5.87,4.47,0.0404,0.324,0.784,82.1,59,130,43,600,5.7,18.5,8.4,7.9,9.4,7.8,8.6,7.5,7.9,8.7,7.0,15.9,6.5,12.9,133.0,28.2,14.7
55.3,55.2,55.4,63.7,65.8,61.6,53.9,52.4,55.4,62.3,61.8,62.8,0.778,8.95,0.238,8.13,7.28,11.7,0.221,5.84,4.42,0.0418,0.327,0.779,78.5,56,130,45,600,5.5,16.8,9.4,8.8,8.9,7.7,7.9,7.0,8.8,8.6,7.8,17.4,7.1,13.1,135.0,27.6,14.3
52.4,50.8,54.0,66.1,67.2,65.0,52.6,53.2,52.0,63.4,63.2,63.6,0.808,8.93,0.237,8.27,7.3,11.9,0.222,5.82,4.45,0.0404,0.331,0.795,76.0,54,130,40,600,5.3,17.5,11.0,9.5,7.9,6.1,8.4,7.2,9.2,6.3,8.9,19.1,6.6,10.7,134.0,27.3,15.0
53.8,52.8,54.8,64.9,66.8,63.0,50.8,50.8,50.8,62.2,61.4,63.0,0.812,8.92,0.241,8.26,7.33,11.8,0.228,5.91,4.43,0.0406,0.332,0.792,74.3,53,140,40,600,6.0,17.6,9.5,9.6,7.4,7.3,8.1,8.9,8.6,6.4,8.4,20.7,6.5,11.3,136.0,26.9,14.3
54.6,54.2,55.0,64.9,66.8,63.0,53.6,53.0,54.2,60.1,60.4,59.8,0.806,9.04,0.242,8.17,7.35,11.8,0.226,5.75,4.43,0.0416,0.327,0.807,72.9,53,140,44,600,5.5,16.7,7.1,9.6,7.3,8.2,7.1,8.3,9.0,7.6,6.9,19.2,5.9,12.2,131.0,27.7,15.1
51.5,52.2,50.8,64.5,65.0,64.0,51.5,49.6,53.4,62.7,59.8,65.6,0.809,8.82,0.239,8.2,7.23,11.6,0.221,5.86,4.49,0.0421,0.333,0.785,71.2,52,130,42,600,5.7,18.1,6.9,8.2,7.1,6.7,7.4,7.8,9.6,8.3,6.9,16.2,5.5,11.0,125.0,26.5,15.0
54.9,52.0,57.8,72.6,73.8,71.4,56.2,55.8,56.6,59.0,58.4,59.6,0.797,8.86,0.238,8.11,7.28,11.9,0.224,5.9,4.4,0.0423,0.327,0.8,70.1,51,130,42,600,7.0,16.9,8.4,8.1,7.0,7.3,6.8,9.8,9.5,8.2,8.4,17.7,5.5,10.8,131.0,26.6,15.3
53.1,53.0,53.2,64.7,65.2,64.2,50.6,52.0,49.2,63.4,60.6,66.2,0.815,8.84,0.24,8.28,7.36,11.8,0.224,5.8,4.42,0.0411,0.33,0.806,69.3,51,130,48,600,7.0,18.1,9.1,9.1,6.3,8.6,6.5,8.9,9.4,7.8,8.4,18.2,5.9,11.2,135.0,26.6,15.8
53.4,52.2,54.6,66.9,68.6,65.2,67.3,66.8,67.8,63.3,61.5,65.0,0.803,9.0,0.242,8.31,7.24,11.7,0.221,5.83,4.49,0.0411,0.889,0.8,69.5,52,160,54,600,5.3,18.8,9.7,7.5,7.0,7.7,6.9,7.5,8.8,9.2,8.5,18.9,6.8,10.0,133.0,27.2,16.7
52.7,50.8,54.6,66.9,70.0,63.8,52.4,52.8,52.0,61.0,59.3,62.7,0.823,8.96,0.245,8.24,7.2,11.8,0.225,5.74,4.51,0.0424,0.888,0.804,68.5,51,150,47,600,3.6,18.4,8.8,7.0,9.3,7.3,6.2,9.1,8.2,9.0,8.6,18.6,6.7,10.8,132.0,28.0,16.0
53.1,52.0,54.2,63.2,66.0,60.4,54.6,52.6,56.6,62.7,63.0,62.4,0.801,8.98,0.243,8.25,7.34,12.0,0.229,5.86,4.49,0.0414,0.888,0.815,67.9,51,130,42,600,5.5,17.5,9.0,7.8,9.4,7.6,6.1,9.2,8.1,8.0,8.2,17.0,5.7,11.7,131.0,27.6,16.5
52.4,51.4,53.4,67.2,67.6,66.8,52.3,52.0,52.6,62.3,62.4,62.2,0.837,9.45,0.253,8.74,7.76,12.7,0.239,6.09,4.66,0.0417,0.903,0.862,66.8,50,120,41,600,6.8,16.2,10.2,8.3,8.4,7.4,6.1,7.5,8.0,8.0,6.9,16.0,5.0,12.9,128.0,27.4,16.4
53.5,54.0,53.0,66.2,67.0,65.4,53.8,53.6,54.0,63.6,61.2,66.0,0.9,9.92,0.267,9.21,8.22,13.1,0.252,6.47,4.95,0.0417,0.92,0.895,66.4,50,130,42,600,6.1,17.4,9.4,8.4,9.0,7.3,6.9,7.1,8.4,9.5,7.6,16.0,5.5,12.3,131.0,26.4,15.3
54.2,53.0,55.4,59.0,58.6,59.4,54.1,53.8,54.4,53.1,50.0,56.2,0.954,10.5,0.281,9.65,8.61,13.8,0.268,6.84,5.25,0.0415,0.941,0.95,65.7,50,130,46,600,6.4,17.8,8.3,8.0,8.7,7.7,7.2,6.6,8.4,8.5,8.9,15.7,6.1,10.7,129.0,26.6,14.8
51.6,51.4,51.8,34.4,35.0,33.8,55.2,54.6,55.8,30.9,32.2,29.6,0.991,11.0,0.291,10.1,9.04,14.4,0.277,7.26,5.48,0.0429,0.955,0.986,64.8,48,110,39,600,6.9,17.3,7.5,8.9,8.5,8.7,6.9,6.7,7.6,7.6,7.8,15.4,5.8,12.5,128.0,22.2,14.1
48.5,49.4,47.6,67.7,69.8,65.6,54.1,53.4,54.8,64.6,60.7,68.5,0.814,9.04,0.242,8.3,7.27,11.7,0.22,5.9,4.44,0.0419,0.896,0.758,101.0,85,250,100,600,64.8,15.8,7.7,6.8,7.7,7.6,8.3,9.1,7.7,6.8,6.8,15.1,4.9,10.3,179.0,17.0,6.94
54.9,55.2,54.6,63.8,64.0,63.6,50.0,49.0,51.0,65.2,62.8,67.6,0.808,9.08,0.239,8.26,7.33,11.7,0.22,5.91,4.39,0.0404,0.884,0.77,90.4,74,210,46,600,28.3,17.6,8.8,8.1,8.3,9.2,7.8,10.3,7.6,8.3,8.4,18.7,6.3,10.5,158.0,21.8,10.4
52.7,53.2,52.2,64.0,64.4,63.6,54.0,54.8,53.2,73.5,73.4,73.6,0.807,9.13,0.24,8.19,7.23,11.6,0.228,5.83,4.49,0.0406,0.892,0.752,84.1,67,140,45,600,5.5,16.8,8.5,7.4,7.3,8.5,9.0,8.3,7.6,7.1,9.6,17.0,6.6,10.5,130.0,30.9,12.1
52.0,52.6,51.4,70.4,72.8,68.0,49.8,50.2,49.4,64.6,66.0,63.2,0.812,9.08,0.241,8.16,7.3,11.5,0.223,5.77,4.42,0.0393,0.887,0.775,78.7,61,130,44,600,6.1,18.2,7.5,7.3,6.7,7.0,9.0,8.2,8.5,7.8,10.1,16.2,6.1,10.9,130.0,32.1,14.9
53.3,52.6,54.0,63.9,65.2,62.6,51.4,50.6,52.2,65.8,67.8,63.8,0.817,8.93,0.24,8.23,7.27,11.6,0.231,5.9,4.45,0.0395,0.89,0.764,74.9,57,120,38,600,5.8,17.8,7.4,7.4,8.4,6.2,7.7,8.9,8.6,8.0,9.6,17.0,6.3,10.7,130.0,31.3,15.7
53.4,53.2,53.6,63.4,63.4,63.4,51.7,51.4,52.0,68.4,65.8,71.0,0.812,8.87,0.243,8.25,7.31,11.6,0.229,5.75,4.39,0.0403,0.887,0.757,72.3,56,120,40,600,5.7,15.7,7.3,7.4,8.2,6.7,9.5,9.6,8.2,8.0,8.0,16.4,6.3,11.8,129.0,31.7,15.4
52.2,52.2,52.2,69.1,71.0,67.2,51.6,50.0,53.2,64.8,65.4,64.2,0.806,8.89,0.241,8.12,7.29,11.4,0.226,5.78,4.42,0.0391,0.885,0.753,70.5,54,130,44,600,5.9,16.3,7.1,7.0,7.2,8.7,9.2,10.1,8.0,7.4,8.4,17.2,5.6,11.2,129.0,31.6,14.5
53.3,53.8,52.8,64.4,66.8,62.0,54.2,54.8,53.6,65.1,64.8,65.4,0.793,8.86,0.241,8.1,7.18,11.5,0.226,5.87,4.46,0.0403,0.879,0.752,69.6,53,150,44,600,6.2,17.4,7.0,8.2,8.0,8.8,7.5,8.2,8.2,8.0,8.8,18.2,6.3,10.5,131.0,29.5,16.5
48.7,48.2,49.2,66.0,65.8,66.2,49.9,49.0,50.8,68.1,66.2,70.0,0.774,8.74,0.238,8.1,7.19,11.3,0.226,5.69,4.4,0.0414,0.32,0.752,67.9,52,130,44,600,4.8,17.3,6.9,9.7,8.3,7.2,9.3,6.9,8.3,8.7,6.9,17.2,6.3,11.2,129.0,30.5,14.8
53.9,51.2,56.6,69.2,69.2,69.2,51.8,50.8,52.8,65.7,64.2,67.2,0.77,8.85,0.234,8.05,7.3,11.3,0.226,5.88,4.32,0.0405,0.326,0.758,66.6,51,120,40,600,4.4,16.9,7.1,8.4,7.9,6.9,9.4,8.8,8.8,7.3,6.9,15.5,5.1,10.5,124.0,31.5,15.5
54.1,54.4,53.8,65.4,66.8,64.0,54.4,54.0,54.8,63.6,65.5,61.7,0.768,8.69,0.237,8.06,7.28,11.3,0.223,5.7,4.38,0.0404,0.326,0.765,66.3,51,140,43,600,5.1,18.1,7.5,7.7,7.5,8.6,6.8,8.6,8.2,8.6,8.3,16.3,4.9,10.2,126.0,30.6,17.1
52.6,54.4,50.8,66.0,67.6,64.4,50.9,49.8,52.0,68.8,67.3,70.3,0.788,8.71,0.24,8.01,7.26,11.3,0.225,5.85,4.41,0.0394,0.325,0.772,65.7,50,150,47,600,5.3,18.2,8.6,8.9,7.4,9.8,7.3,7.2,6.3,10.0,8.7,18.9,6.0,12.1,135.0,31.2,17.2
51.6,50.0,53.2,69.4,71.8,67.0,52.7,53.8,51.6,64.4,63.6,65.2,0.77,8.81,0.236,8.06,7.26,11.5,0.226,5.81,4.4,0.0406,0.327,0.779,65.0,50,130,45,600,5.3,17.4,8.0,8.6,7.3,9.6,8.3,7.0,6.3,8.3,8.4,17.4,6.7,12.0,131.0,31.3,16.3
55.6,56.0,55.2,66.3,67.8,64.8,54.6,53.8,55.4,66.1,64.8,67.4,0.777,8.78,0.238,8.13,7.26,11.5,0.224,5.74,4.44,0.041,0.32,0.767,64.5,50,130,46,600,5.6,17.2,6.4,8.4,7.9,9.2,8.8,8.0,7.2,7.6,8.1,16.0,6.0,11.0,127.0,31.3,17.3
54.1,52.2,56.0,67.5,70.0,65.0,51.9,53.2,50.6,70.3,70.1,70.5,0.774,8.63,0.24,8.11,7.19,11.4,0.227,5.67,4.4,0.0398,0.323,0.783,64.1,49,130,47,600,5.4,17.9,7.3,8.4,7.5,8.9,9.0,8.9,8.5,9.1,8.3,17.5,5.8,11.8,134.0,31.3,16.5
52.8,52.8,52.8,72.7,73.6,71.8,51.3,50.6,52.0,63.6,62.9,64.3,0.809,8.95,0.251,8.26,7.64,11.9,0.236,5.91,4.6,0.0401,0.334,0.817,63.7,49,130,46,600,5.7,15.4,9.1,8.1,8.0,8.5,7.8,8.8,8.7,9.5,9.4,19.6,5.9,11.0,136.0,29.6,14.9
52.4,52.0,52.8,68.5,70.6,66.4,52.3,50.8,53.8,62.0,63.0,61.0,0.862,9.36,0.266,8.8,8.05,12.6,0.252,6.29,4.86,0.0423,0.349,0.868,63.6,49,150,45,600,5.7,14.3,9.1,9.0,8.7,8.4,6.6,8.2,7.7,10.0,8.6,17.9,5.9,10.8,131.0,30.9,15.3
53.2,52.2,54.2,68.9,69.4,68.4,51.0,50.2,51.8,67.2,68.8,65.6,0.906,9.92,0.277,9.19,8.36,13.3,0.263,6.64,5.12,0.0404,0.362,0.912,63.5,49,150,49,600,5.1,17.1,8.4,9.1,8.3,8.3,7.1,7.1,7.7,9.5,7.4,16.2,6.2,12.0,130.0,31.0,15.6
54.7,54.0,55.4,61.2,62.2,60.2,53.8,55.2,52.4,58.8,61.0,56.6,0.963,10.4,0.291,9.68,8.94,13.9,0.283,7.01,5.38,0.0414,0.378,0.957,63.0,49,130,46,600,4.6,17.1,7.9,8.5,8.2,7.8,8.9,6.6,8.7,8.7,8.3,17.7,6.0,11.4,130.0,30.4,15.7
66.2,66.4,66.0,60.5,59.4,61.6,63.3,64.2,62.4,37.1,39.0,35.2,0.784,9.14,0.246,8.24,7.45,12.2,0.23,5.89,4.62,0.0393,0.909,0.787,147.0,120,350,140,800,62.3,22.6,9.4,8.9,10.2,10.3,8.7,7.3,9.2,7.7,9.2,17.7,5.0,11.9,200.0,5.01,2.15
63.4,62.0,64.8,61.8,61.2,62.4,58.3,57.8,58.8,35.0,34.0,36.0,0.81,9.22,0.253,8.37,7.51,12.6,0.233,5.95,4.68,0.0412,0.904,0.779,127.0,100,320,97,800,33.4,23.4,10.4,10.8,11.1,11.4,10.6,9.7,10.8,9.9,12.0,23.0,7.3,13.2,197.0,6.64,3.02
63.4,61.2,65.6,61.2,62.8,59.6,62.1,61.0,63.2,37.7,34.0,41.4,0.836,9.31,0.256,8.47,7.75,12.8,0.238,6.04,4.84,0.0401,0.913,0.796,114.0,94,130,47,800,10.2,22.2,11.5,11.3,11.5,12.0,11.1,11.9,10.9,11.1,11.2,26.2,9.2,14.4,185.0,8.33,3.98
61.3,60.8,61.8,61.4,60.6,62.2,60.2,61.6,58.8,35.9,33.2,38.6,0.862,9.65,0.264,8.67,7.78,12.8,0.243,6.23,4.88,0.0389,0.922,0.799,106.0,86,140,51,800,7.0,21.9,11.6,12.3,12.0,11.3,10.8,11.1,11.9,12.5,10.1,26.5,9.0,15.3,183.0,8.34,4.52
60.5,59.4,61.6,63.8,64.0,63.6,58.8,59.2,58.4,37.8,38.2,37.4,0.865,9.51,0.264,8.83,7.85,13.1,0.244,6.22,5.11,0.0385,0.931,0.797,99.1,77,130,46,800,6.8,20.5,10.5,12.1,12.4,9.0,11.8,9.0,11.6,12.2,10.2,23.5,8.3,15.3,173.0,7.8,4.69
60.1,59.4,60.8,61.2,61.0,61.4,59.1,58.2,60.0,35.2,32.0,38.4,0.883,9.93,0.265,8.88,7.89,13.5,0.247,6.32,5.01,0.0406,0.931,0.808,94.5,73,130,44,800,6.5,22.7,10.5,11.0,11.8,9.6,11.7,8.9,10.8,10.4,10.2,21.0,6.3,14.6,166.0,8.33,5.36
59.5,60.0,59.0,59.1,60.0,58.2,60.7,59.6,61.8,33.7,32.8,34.6,0.866,9.92,0.265,9.0,8.08,13.5,0.246,6.42,5.26,0.0404,0.941,0.814,90.6,70,140,46,800,7.2,24.4,10.7,10.6,11.6,9.5,10.8,10.6,10.0,10.9,9.9,22.8,6.1,14.3,169.0,8.27,5.33
63.7,62.8,64.6,60.1,59.8,60.4,63.1,62.6,63.6,34.9,37.0,32.8,0.889,10.0,0.277,9.04,8.15,13.7,0.253,6.41,5.24,0.0401,0.94,0.822,87.8,68,130,49,800,7.6,23.9,10.0,10.6,11.1,10.4,10.3,10.0,9.8,11.5,10.2,21.4,6.5,15.1,168.0,7.52,5.06
61.6,61.2,62.0,59.9,61.0,58.8,60.9,60.4,61.4,35.1,35.6,34.6,0.888,9.98,0.269,9.08,8.21,13.9,0.254,6.63,5.29,0.039,0.947,0.825,85.0,65,130,50,800,8.5,23.2,10.0,11.2,10.8,11.4,10.8,10.3,10.8,10.6,11.1,20.6,7.7,15.4,172.0,7.88,5.1
63.3,63.8,62.8,65.1,63.4,66.8,62.9,63.4,62.4,34.3,36.4,32.2,0.892,10.3,0.276,9.26,8.35,14.2,0.264,6.67,5.4,0.0397,0.952,0.837,83.4,64,150,46,800,9.8,23.8,10.2,11.7,11.1,10.7,10.6,10.9,10.6,10.9,10.9,23.6,7.7,14.9,177.0,7.61,4.88
61.4,63.8,59.0,60.9,60.8,61.0,60.5,60.6,60.4,34.5,33.2,35.8,0.908,10.5,0.276,9.46,8.47,14.3,0.265,6.73,5.41,0.0387,0.955,0.846,82.3,63,180,47,800,8.5,23.7,10.3,11.6,9.9,10.4,11.2,8.9,11.6,11.3,10.3,23.2,6.7,15.9,174.0,7.36,4.38
60.4,58.0,62.8,62.5,62.8,62.2,58.5,58.0,59.0,38.7,36.6,40.8,0.923,10.6,0.276,9.42,8.44,14.5,0.268,6.78,5.56,0.0375,0.955,0.851,80.9,62,170,49,800,7.3,23.7,9.5,11.7,10.3,8.9,12.2,9.0,11.7,9.7,10.2,19.3,6.9,17.2,168.0,7.29,4.2
60.8,62.0,59.6,60.9,61.0,60.8,59.4,59.0,59.8,34.6,30.8,38.4,0.923,10.7,0.282,9.69,8.72,14.7,0.267,6.93,5.64,0.0394,0.963,0.846,79.7,61,150,51,800,6.9,23.8,10.0,11.8,11.8,10.1,11.2,10.5,9.6,10.4,10.7,20.6,7.2,17.3,172.0,7.63,4.46
63.1,63.0,63.2,61.5,63.0,60.0,61.9,61.6,62.2,35.7,35.6,35.8,0.92,10.8,0.277,9.81,8.67,14.9,0.26,7.0,5.73,0.0384,0.968,0.852,78.2,60,140,49,800,7.5,23.9,11.7,10.6,11.2,10.4,11.3,11.0,8.4,10.8,12.3,21.6,5.8,14.4,171.0,7.41,4.67
63.7,63.2,64.2,59.6,59.2,60.0,61.7,61.2,62.2,34.4,33.6,35.2,0.935,11.1,0.287,9.88,8.93,15.3,0.268,7.07,5.78,0.0383,0.969,0.885,76.8,59,120,47,800,8.0,23.3,12.4,10.1,10.5,9.2,11.6,10.5,9.6,10.5,11.2,20.6,5.9,14.3,168.0,7.58,4.68
62.4,63.4,61.4,62.7,63.4,62.0,63.7,62.8,64.6,35.0,35.0,35.0,1.01,11.7,0.306,10.6,9.45,16.1,0.289,7.44,6.09,0.0382,0.993,0.931,75.7,58,130,44,800,8.0,22.5,11.6,9.6,10.5,10.0,11.5,11.3,11.2,11.3,9.5,22.9,8.1,15.8,174.0,7.21,4.4
63.9,64.8,63.0,63.8,65.8,61.8,62.3,62.6,62.0,35.2,32.4,38.0,1.11,12.5,0.331,11.3,10.0,17.2,0.312,7.93,6.53,0.0384,1.01,0.988,75.0,58,140,49,800,7.3,23.4,10.3,9.9,10.4,9.0,10.1,11.6,10.8,12.9,9.6,23.3,8.4,15.9,173.0,7.31,4.53
63.0,62.2,63.8,60.0,59.6,60.4,62.7,62.0,63.4,29.3,32.6,26.0,1.17,13.0,0.345,11.7,10.5,17.9,0.327,8.45,6.82,0.0384,1.04,1.05,74.7,58,160,57,800,7.0,24.0,11.2,11.5,10.9,10.1,10.0,11.2,10.5,12.1,11.0,22.2,9.3,15.5,177.0,6.87,5.02
61.0,58.4,63.6,66.8,66.4,67.2,70.2,70.8,69.6,48.6,45.4,51.8,0.994,11.1,0.294,9.95,8.95,15.2,0.279,7.07,5.77,0.0369,0.974,0.863,134.0,110,380,130,800,39.0,19.0,10.3,9.5,9.4,11.7,10.3,11.6,9.5,10.0,11.3,22.1,8.0,15.0,197.0,10.9,5.17
60.3,61.0,59.6,62.8,64.2,61.4,58.2,57.8,58.6,46.7,48.2,45.2,1.02,11.1,0.299,9.83,8.83,15.3,0.282,6.96,5.68,0.0371,0.972,0.862,119.0,97,210,52,800,13.9,21.9,11.4,10.4,11.4,13.0,12.2,11.1,10.6,11.5,11.5,25.1,8.8,14.8,188.0,14.5,7.15
60.0,58.2,61.8,65.5,65.8,65.2,57.3,57.2,57.4,45.4,43.4,47.4,0.999,11.0,0.289,9.98,8.75,15.1,0.275,7.14,5.71,0.0371,0.97,0.857,109.0,87,120,45,800,6.1,23.0,11.4,10.2,11.2,12.5,11.1,10.7,10.4,11.7,10.2,21.1,7.8,15.1,173.0,15.1,8.46
63.2,62.2,64.2,65.3,65.6,65.0,61.1,61.0,61.2,45.9,43.8,48.0,0.985,11.0,0.295,9.9,8.83,15.1,0.274,6.92,5.66,0.0378,0.975,0.86,102.0,79,130,47,800,7.6,22.8,11.1,10.6,10.3,12.0,10.0,11.6,10.8,12.0,9.8,20.0,7.1,13.5,169.0,15.4,9.05
61.8,61.0,62.6,69.7,72.0,67.4,59.0,59.0,59.0,49.6,48.4,50.8,1.02,11.1,0.292,9.88,8.84,15.2,0.266,7.04,5.8,0.0372,0.978,0.872,96.3,73,130,48,800,8.0,22.5,12.0,11.3,11.6,11.4,10.2,12.4,11.1,11.0,9.6,21.4,6.3,13.2,172.0,15.6,8.78
63.2,62.0,64.4,66.8,67.6,66.0,58.1,57.2,59.0,45.9,43.8,48.0,1.01,10.8,0.296,9.8,8.89,15.1,0.273,7.03,5.71,0.0382,0.979,0.876,92.5,70,140,49,800,7.6,22.7,10.6,10.9,13.6,10.4,10.0,11.4,12.1,10.1,9.2,21.9,6.9,15.4,173.0,16.1,9.0
62.6,61.0,64.2,66.9,68.2,65.6,60.7,60.4,61.0,45.9,46.0,45.8,1.0,10.9,0.293,9.97,8.92,15.1,0.268,7.01,5.7,0.0394,0.983,0.867,89.3,68,140,52,800,7.1,22.6,9.7,11.7,12.8,10.4,9.8,10.6,10.2,10.2,11.3,22.3,7.6,16.1,172.0,15.2,8.15
65.9,65.2,66.6,68.2,68.0,68.4,57.6,56.2,59.0,44.9,46.4,43.4,1.01,10.8,0.298,9.79,8.9,15.1,0.279,6.98,5.65,0.0383,0.982,0.891,86.9,66,140,49,800,6.9,22.9,11.5,9.4,11.6,11.8,10.3,10.1,8.4,11.8,12.4,22.3,7.1,15.9,172.0,15.3,8.19
62.8,62.0,63.6,65.8,67.0,64.6,58.8,57.8,59.8,45.1,43.4,46.8,1.01,10.9,0.3,9.77,8.95,15.2,0.28,6.86,5.66,0.0384,0.975,0.893,85.1,65,150,54,800,6.8,22.3,11.7,8.1,11.5,11.8,11.8,10.1,10.0,11.5,11.1,23.5,7.1,15.2,173.0,14.8,8.25
66.2,63.8,68.6,66.3,65.6,67.0,59.6,61.0,58.2,45.4,43.6,47.2,1.02,10.7,0.305,9.82,9.09,15.2,0.285,7.11,5.75,0.0386,0.976,0.895,83.5,65,150,58,800,6.7,21.8,11.3,9.8,10.1,10.8,12.4,10.4,12.3,10.2,12.3,25.3,7.7,16.1,177.0,14.9,8.18
63.4,62.8,64.0,66.0,66.2,65.8,60.0,60.6,59.4,46.2,45.2,47.2,1.01,10.8,0.303,9.42,9.18,15.4,0.279,7.06,5.75,0.0397,0.978,0.888,83.6,65,190,59,800,7.0,23.4,10.8,11.0,9.2,9.4,12.4,9.9,12.0,11.9,12.8,23.9,8.5,15.4,178.0,14.5,7.62
61.9,62.6,61.2,68.1,68.0,68.2,59.6,58.2,61.0,47.2,45.0,49.4,0.978,10.6,0.292,9.52,9.12,15.2,0.272,7.05,5.66,0.0389,0.98,0.899,82.0,63,200,55,800,6.8,22.9,10.5,10.4,10.9,9.5,11.5,9.9,10.4,13.0,12.3,23.1,8.3,15.8,175.0,15.0,8.32
65.4,64.6,66.2,70.4,68.4,72.4,61.6,61.2,62.0,45.9,43.0,48.8,0.984,10.7,0.289,9.55,9.13,15.4,0.27,6.92,5.67,0.04,0.977,0.879,81.5,63,170,54,800,7.8,21.0,11.3,8.2,12.5,9.9,10.6,12.2,10.4,12.4,11.8,24.2,7.3,16.1,176.0,15.1,8.46
64.7,64.0,65.4,64.7,65.0,64.4,58.3,57.2,59.4,45.4,44.8,46.0,0.973,10.8,0.293,9.51,9.25,15.4,0.271,6.96,5.7,0.0391,0.971,0.896,80.7,63,180,59,800,9.3,19.8,11.1,7.8,12.4,10.5,10.8,12.3,10.9,10.2,11.0,23.8,7.3,15.9,173.0,15.3,7.97
63.4,63.4,63.4,63.0,64.2,61.8,61.7,60.8,62.6,45.7,43.0,48.4,1.04,11.4,0.315,9.94,9.73,16.2,0.291,7.29,5.97,0.0392,0.997,0.958,80.0,63,160,59,800,8.1,21.3,9.9,9.8,11.5,10.7,11.0,10.8,11.9,9.5,11.0,23.6,7.4,16.1,173.0,15.2,9.02
63.6,62.0,65.2,67.0,68.0,66.0,60.5,61.4,59.6,46.6,46.6,46.6,1.1,12.0,0.329,10.5,10.3,17.0,0.306,7.8,6.25,0.0393,1.02,1.02,79.4,63,160,59,800,7.7,22.1,10.5,11.5,10.9,9.3,9.8,11.6,11.6,11.0,9.8,24.0,8.3,15.9,174.0,14.3,8.91
66.2,66.8,65.6,61.6,61.2,62.0,62.9,64.0,61.8,43.2,42.2,44.2,1.17,12.5,0.351,11.0,10.8,17.9,0.329,8.2,6.68,0.0396,1.04,1.08,79.1,63,180,61,800,7.5,21.8,11.5,10.8,12.0,9.9,9.4,11.2,11.9,11.6,9.3,22.8,8.9,15.9,175.0,14.1,8.85
62.0,60.8,63.2,46.8,45.0,48.6,58.4,59.2,57.6,31.7,31.8,31.6,1.23,13.3,0.365,11.7,11.3,18.9,0.342,8.71,6.96,0.0399,1.06,1.13,77.8,62,160,52,800,6.7,21.5,10.9,10.3,10.9,12.2,12.1,11.2,10.7,12.9,11.6,22.2,8.2,14.8,176.0,13.4,8.36
68.9,67.8,70.0,72.0,74.4,69.6,62.8,62.2,63.4,52.2,53.0,51.4,1.0,10.8,0.296,9.51,9.24,15.4,0.278,6.94,5.53,0.0414,0.395,0.867,152.0,120,390,180,800,54.5,17.6,9.7,10.0,8.2,8.5,9.4,11.0,9.8,7.8,8.2,18.0,5.8,14.5,193.0,11.9,5.48
62.4,62.6,62.2,68.1,68.6,67.6,67.4,69.8,65.0,51.7,50.4,53.0,0.995,11.0,0.3,9.56,9.12,15.5,0.273,6.93,5.74,0.0405,0.64,0.895,132.0,110,330,110,800,31.4,20.8,10.9,10.8,11.1,8.4,11.4,11.2,11.3,10.3,11.0,22.8,7.5,15.6,195.0,14.7,7.93
64.2,64.0,64.4,70.1,69.8,70.4,63.7,63.4,64.0,51.9,52.4,51.4,0.994,10.9,0.3,9.33,9.24,15.5,0.279,6.92,5.69,0.0404,0.944,0.897,122.0,99,160,58,800,11.8,24.2,10.3,10.2,12.5,10.0,11.3,12.2,10.9,11.7,12.4,25.6,8.5,14.0,186.0,18.6,9.79
60.6,60.2,61.0,66.7,68.4,65.0,60.2,60.8,59.6,51.6,48.6,54.6,0.986,11.0,0.293,9.55,9.15,15.6,0.273,6.89,5.71,0.0407,0.95,0.9,113.0,93,170,60,800,7.8,22.7,9.7,13.1,10.8,10.7,10.9,10.6,12.3,9.6,11.7,25.7,7.8,15.5,179.0,20.8,10.8
62.9,65.4,60.4,69.5,69.4,69.6,58.0,58.2,57.8,51.1,49.0,53.2,1.0,11.0,0.298,9.52,9.22,15.6,0.274,6.99,5.64,0.0405,0.952,0.891,106.0,86,150,53,800,8.4,22.2,10.6,11.2,10.5,10.4,11.7,9.7,11.4,9.1,10.8,22.7,7.4,16.6,173.0,19.2,10.4
61.1,59.8,62.4,67.3,69.4,65.2,61.8,61.2,62.4,50.2,51.4,49.0,0.979,11.1,0.288,9.5,9.04,15.7,0.267,6.85,5.63,0.0407,0.951,0.886,100.0,80,140,47,800,8.7,21.3,11.5,8.8,10.2,11.8,11.0,9.4,10.7,10.0,11.7,19.8,6.6,17.1,169.0,18.8,11.1
63.0,62.2,63.8,65.7,66.6,64.8,56.5,56.6,56.4,52.9,53.2,52.6,0.966,11.0,0.29,9.75,9.11,15.3,0.268,6.86,5.66,0.0409,0.943,0.906,96.8,78,140,50,800,8.7,21.1,11.9,10.9,10.9,12.1,9.0,8.9,12.5,9.8,11.6,20.1,6.4,15.7,170.0,20.2,10.5
64.8,65.2,64.4,66.2,68.6,63.8,60.5,59.6,61.4,49.9,49.0,50.8,0.97,11.1,0.29,9.58,9.12,15.5,0.271,6.85,5.66,0.0419,0.943,0.897,93.9,75,150,57,800,7.3,24.2,11.7,10.7,12.9,10.8,8.5,11.6,11.3,9.0,11.7,22.7,7.7,13.6,174.0,18.7,10.6
61.9,61.4,62.4,65.0,67.0,63.0,58.1,57.0,59.2,49.3,47.2,51.4,0.982,10.9,0.299,9.56,9.07,15.1,0.277,6.86,5.67,0.041,0.947,0.914,90.8,73,140,54,800,7.2,24.6,11.4,10.5,12.0,9.2,8.9,12.5,9.2,11.4,12.4,24.7,8.4,12.8,175.0,18.4,10.3
63.4,63.4,63.4,68.3,67.0,69.6,60.3,60.8,59.8,51.2,51.0,51.4,0.989,10.7,0.298,9.49,9.03,15.3,0.275,6.95,5.69,0.04,0.949,0.917,89.1,72,150,54,800,7.4,23.0,11.1,11.0,10.6,10.3,9.9,10.3,11.0,11.7,12.4,25.4,8.7,11.7,175.0,18.8,10.3
61.9,62.2,61.6,71.4,71.6,71.2,58.6,58.0,59.2,51.3,48.0,54.6,0.965,10.7,0.292,9.57,9.17,15.2,0.271,7.01,5.64,0.04,0.948,0.909,86.8,69,150,53,800,7.8,23.4,11.2,10.7,10.1,12.5,10.9,8.8,10.5,10.8,12.4,22.8,7.9,13.0,173.0,18.9,10.2
65.3,66.8,63.8,67.8,68.6,67.0,59.1,57.2,61.0,52.0,49.6,54.4,0.989,10.6,0.293,9.5,9.1,15.4,0.275,6.91,5.69,0.041,0.945,0.908,85.3,68,140,53,800,8.5,23.6,10.4,11.9,8.6,12.6,11.6,9.6,10.3,12.5,11.2,21.7,7.8,14.5,175.0,17.9,11.2
64.5,63.6,65.4,67.5,66.6,68.4,62.5,61.4,63.6,50.8,48.8,52.8,0.966,10.8,0.294,9.54,8.98,15.4,0.269,7.01,5.72,0.0409,0.943,0.917,84.0,67,150,57,800,7.3,22.2,11.7,11.9,9.5,11.3,12.0,9.2,11.6,11.5,10.5,23.2,8.5,14.1,175.0,18.3,11.1
62.9,62.4,63.4,67.8,69.8,65.8,60.5,60.4,60.6,50.5,46.8,54.2,0.987,10.7,0.297,9.59,9.13,15.4,0.272,6.88,5.68,0.0412,0.953,0.917,83.0,67,160,58,800,8.3,23.5,12.6,10.2,9.8,10.7,11.2,9.4,12.1,10.4,12.0,24.0,8.3,14.0,177.0,18.5,10.8
66.3,66.6,66.0,69.5,68.4,70.6,60.2,59.2,61.2,50.3,48.2,52.4,1.02,11.0,0.31,9.8,9.41,15.8,0.288,7.12,5.8,0.0413,0.952,0.973,82.0,66,150,57,800,8.3,23.8,11.1,10.0,9.1,9.6,11.6,11.2,12.0,11.5,11.7,25.3,8.4,13.0,177.0,18.2,11.4
63.6,63.8,63.4,66.8,68.8,64.8,60.3,60.4,60.2,50.1,49.8,50.4,1.07,11.4,0.323,10.2,9.99,16.7,0.301,7.5,6.17,0.0416,0.975,1.02,81.8,66,170,58,800,7.1,23.8,11.1,8.4,8.9,10.5,12.5,12.6,11.4,11.9,11.2,25.7,8.6,13.5,177.0,18.4,11.3
62.5,61.6,63.4,65.7,66.4,65.0,57.3,55.2,59.4,50.6,50.4,50.8,1.14,12.1,0.339,10.8,10.4,17.6,0.315,7.92,6.53,0.0409,0.998,1.07,81.5,66,190,61,800,7.0,23.8,12.4,9.3,10.6,11.7,11.9,11.8,11.5,11.9,12.0,25.5,8.1,15.3,183.0,18.7,10.4
62.3,62.8,61.8,66.3,68.0,64.6,57.4,56.8,58.0,52.4,51.4,53.4,1.19,12.6,0.351,11.3,11.1,18.5,0.332,8.33,6.91,0.0419,1.01,1.12,82.0,66,210,67,800,6.4,22.6,11.9,11.5,12.1,10.5,10.2,10.3,11.1,10.8,10.9,22.0,6.8,14.1,171.0,19.2,10.6
63.4,60.8,66.0,67.6,68.8,66.4,59.2,57.4,61.0,52.3,52.6,52.0,1.23,13.4,0.364,12.0,11.6,19.4,0.343,8.83,7.23,0.0431,1.03,1.16,81.4,66,200,66,800,7.6,22.7,10.3,11.2,10.7,10.6,10.2,9.4,12.0,10.6,11.3,20.4,6.6,13.3,167.0,18.2,11.1
63.7,64.4,63.0,65.3,66.4,64.2,59.8,61.0,58.6,49.2,47.8,50.6,1.3,14.0,0.379,12.5,12.1,20.0,0.358,9.22,7.6,0.0415,1.05,1.23,81.2,66,170,63,800,8.3,22.2,9.6,12.2,11.9,10.8,10.4,9.4,13.5,10.8,11.9,23.2,6.9,15.4,177.0,19.4,10.7
65.0,64.0,66.0,49.9,51.4,48.4,60.1,58.8,61.4,36.1,33.6,38.6,1.35,14.5,0.393,13.0,12.3,20.7,0.372,9.65,7.89,0.0423,1.07,1.27,80.7,65,170,61,800,8.6,22.7,9.3,12.3,11.6,11.5,10.5,11.2,12.2,8.9,11.6,23.0,6.8,16.6,177.0,17.4,10.4
66.8,66.8,66.8,76.6,78.0,75.2,76.7,76.6,76.8,62.3,64.0,60.6,0.998,10.9,0.296,9.59,8.89,15.4,0.265,6.97,5.77,0.0411,0.949,0.91,157.0,130,400,180,800,58.0,18.2,8.3,9.2,9.4,8.6,10.7,9.7,9.2,8.8,10.6,19.7,6.0,10.9,197.0,15.7,7.46
62.5,60.8,64.2,74.0,74.8,73.2,58.9,59.2,58.6,66.1,67.0,65.2,0.988,11.0,0.294,9.63,9.11,15.7,0.266,6.97,5.79,0.0412,0.943,0.895,141.0,110,400,120,800,29.8,23.2,9.7,11.2,10.9,10.9,11.6,10.8,11.1,10.9,12.4,24.2,7.3,12.5,197.0,22.4,10.4
60.2,60.2,60.2,73.6,74.0,73.2,57.1,57.8,56.4,64.4,66.2,62.6,0.984,11.0,0.293,9.62,9.11,15.3,0.268,6.89,5.74,0.0414,0.944,0.901,128.0,100,180,64,800,9.5,22.9,10.0,12.1,12.8,11.7,9.8,12.3,12.3,10.5,11.3,23.4,8.3,15.7,183.0,26.9,13.2
61.3,60.0,62.6,74.0,74.8,73.2,59.5,59.0,60.0,62.9,65.4,60.4,0.997,10.9,0.294,9.6,8.8,15.6,0.268,6.97,5.72,0.0414,0.934,0.907,122.0,97,180,66,800,4.8,23.9,8.7,11.0,11.7,12.1,10.3,12.1,11.8,9.3,10.9,21.2,8.0,16.4,172.0,28.3,14.6
61.0,61.2,60.8,79.9,81.0,78.8,58.7,57.8,59.6,60.9,58.0,63.8,0.978,10.9,0.294,9.59,8.97,15.3,0.263,6.91,5.78,0.0418,0.936,0.902,115.0,92,180,64,800,5.4,28.0,8.6,10.5,10.5,11.4,12.4,10.6,10.7,9.7,10.4,22.0,7.6,14.6,172.0,28.1,14.2
60.2,60.0,60.4,74.1,75.4,72.8,61.0,61.0,61.0,62.2,61.4,63.0,0.961,10.8,0.285,9.59,8.97,15.2,0.263,6.85,5.69,0.043,0.938,0.906,110.0,89,160,61,800,7.5,27.0,10.3,10.0,11.3,11.1,11.5,10.3,9.6,9.3,10.0,20.4,6.8,14.4,170.0,28.2,15.2
63.2,64.4,62.0,73.3,75.0,71.6,61.1,59.8,62.4,63.5,63.6,63.4,0.946,10.7,0.283,9.52,8.81,15.2,0.265,6.94,5.74,0.041,0.928,0.906,107.0,86,180,67,800,8.2,23.5,10.3,11.5,11.0,11.8,9.4,10.7,10.2,10.2,10.2,20.7,7.4,15.1,170.0,26.1,15.2
63.8,63.6,64.0,73.6,74.0,73.2,59.1,58.8,59.4,61.8,60.4,63.2,0.931,10.9,0.281,9.49,8.74,15.2,0.259,6.77,5.76,0.0434,0.932,0.895,105.0,85,190,68,800,8.8,22.4,11.0,10.6,11.3,12.1,11.3,10.7,10.1,10.7,10.6,23.0,8.7,14.7,176.0,26.6,15.0
62.1,61.2,63.0,76.3,77.6,75.0,58.2,56.4,60.0,61.5,60.8,62.2,0.966,10.9,0.283,9.72,8.69,15.2,0.26,6.81,5.68,0.0424,0.93,0.911,102.0,82,180,64,800,9.0,23.7,10.9,9.2,10.4,11.1,13.3,10.1,9.2,11.4,11.2,23.1,8.1,14.9,176.0,25.9,16.4
62.0,63.6,60.4,74.0,74.8,73.2,59.2,59.2,59.2,59.1,55.8,62.4,0.943,10.8,0.284,9.55,8.8,15.1,0.258,6.86,5.71,0.0424,0.927,0.908,99.6,80,170,60,800,8.8,23.2,10.9,10.5,10.7,10.4,13.1,10.1,10.1,11.1,10.1,22.0,6.7,14.6,172.0,26.5,15.8
61.1,61.0,61.2,76.1,78.6,73.6,56.7,56.2,57.2,60.7,60.2,61.2,0.95,10.9,0.284,9.52,8.67,15.0,0.255,6.81,5.7,0.0436,0.929,0.925,96.7,77,150,58,800,8.0,22.3,12.5,10.4,12.6,11.0,11.5,12.0,10.9,10.8,9.5,20.5,6.1,13.1,171.0,25.3,14.8
61.7,60.2,63.2,75.1,76.6,73.6,61.4,62.0,60.8,63.3,62.2,64.4,0.965,10.7,0.288,9.63,8.62,15.0,0.267,6.71,5.76,0.0426,0.926,0.935,95.1,76,160,56,800,8.0,21.7,11.7,11.0,12.5,11.0,11.3,12.9,10.7,12.5,11.3,21.5,6.3,12.5,175.0,26.5,16.0
65.7,65.0,66.4,73.1,74.4,71.8,61.6,61.4,61.8,65.6,65.2,66.0,0.973,10.8,0.293,9.6,8.63,15.3,0.265,6.9,5.67,0.0437,0.928,0.929,94.9,76,200,72,800,8.9,21.7,10.2,12.3,11.5,11.2,11.5,11.5,12.0,12.1,11.1,24.7,8.6,12.0,179.0,25.1,15.9
62.9,62.6,63.2,71.0,72.0,70.0,59.6,58.6,60.6,63.1,63.4,62.8,0.986,10.7,0.296,9.79,8.58,15.1,0.27,6.78,5.75,0.042,0.924,0.955,93.9,76,190,77,800,8.2,24.2,10.5,13.1,10.8,10.6,10.6,12.5,11.6,9.8,9.7,27.4,10.1,13.5,183.0,25.3,15.4
61.4,60.8,62.0,74.8,76.0,73.6,59.1,56.4,61.8,62.9,62.6,63.2,1.01,10.9,0.307,9.92,8.91,15.6,0.279,6.99,5.82,0.0434,0.934,0.998,92.4,75,170,62,800,7.4,23.8,11.9,13.1,10.1,10.6,11.2,12.0,10.1,10.0,9.8,24.0,8.0,14.7,177.0,25.8,16.6
64.9,65.2,64.6,71.9,72.6,71.2,61.5,60.6,62.4,59.9,58.9,60.9,1.08,11.4,0.325,10.5,9.4,16.4,0.297,7.4,6.23,0.0435,0.952,1.06,91.9,74,180,62,800,7.4,22.2,11.9,12.0,10.6,10.6,11.8,11.9,10.4,10.1,9.9,22.8,8.3,14.6,175.0,26.7,16.7
59.9,60.6,59.2,75.2,77.2,73.2,59.1,59.6,58.6,62.6,59.7,65.5,1.14,12.1,0.34,11.1,9.84,17.3,0.312,7.88,6.49,0.0445,0.973,1.11,90.7,73,180,63,800,7.6,20.9,11.1,10.7,12.8,9.4,11.2,12.7,10.2,9.9,11.9,25.6,9.0,14.8,178.0,25.1,15.1
61.5,62.2,60.8,65.1,65.8,64.4,58.8,58.4,59.2,49.2,47.6,50.8,1.2,12.7,0.352,11.6,10.5,18.2,0.326,8.24,6.89,0.0429,0.992,1.17,90.0,73,170,62,800,6.8,20.3,11.5,9.2,12.8,10.3,10.8,11.8,10.8,11.5,11.4,22.8,7.3,15.7,173.0,25.2,16.8
64.4,65.4,63.4,32.9,36.8,29.0,62.2,60.2,64.2,29.0,32.4,25.6,1.25,13.3,0.368,12.2,11.0,19.0,0.343,8.62,7.26,0.043,1.01,1.22,88.7,72,160,59,800,7.0,20.6,11.1,9.4,10.5,11.7,11.4,12.1,11.3,12.6,9.0,21.6,7.2,15.2,171.0,21.3,14.7
58.9,57.6,60.2,74.4,74.6,74.2,59.4,59.2,59.6,61.7,60.8,62.6,1.02,11.0,0.295,9.72,8.72,15.3,0.273,6.94,5.76,0.0419,0.381,0.934,120.0,100,290,110,800,46.0,22.7,11.7,8.0,9.1,10.0,8.8,11.9,9.7,11.2,9.5,19.7,6.5,14.8,200.0,21.6,10.4
58.8,60.8,56.8,70.5,70.4,70.6,70.5,71.0,70.0,65.2,65.6,64.8,1.02,10.9,0.298,9.65,8.8,15.1,0.269,6.72,5.8,0.0429,0.949,0.942,112.0,98,260,67,800,19.6,24.2,11.2,9.8,9.9,11.4,9.5,11.7,10.6,9.5,11.0,21.2,7.2,16.3,183.0,28.1,12.7
63.5,64.2,62.8,73.7,75.0,72.4,57.8,58.2,57.4,64.8,65.8,63.8,1.01,10.7,0.297,9.66,8.81,15.1,0.272,6.96,5.67,0.0417,0.95,0.934,106.0,93,180,64,800,7.7,23.9,9.8,11.5,9.6,11.8,12.4,9.8,10.6,9.1,10.6,21.5,7.6,14.4,170.0,29.5,16.2
62.1,63.6,60.6,72.4,74.4,70.4,55.9,55.8,56.0,61.0,60.4,61.6,0.984,10.8,0.295,9.52,8.79,15.1,0.269,6.86,5.7,0.0419,0.948,0.942,103.0,89,200,64,800,7.0,24.3,11.7,11.4,9.7,10.5,11.9,11.0,10.5,10.7,10.3,22.8,8.6,12.9,173.0,27.5,16.1
61.7,62.8,60.6,71.3,71.2,71.4,58.6,59.4,57.8,68.6,70.0,67.2,0.992,10.6,0.294,9.59,8.85,15.0,0.272,6.74,5.65,0.0429,0.948,0.952,98.0,83,180,58,800,7.4,24.2,13.5,10.4,10.2,11.0,10.3,10.6,10.1,10.0,11.0,21.4,7.3,13.6,171.0,28.5,17.0
66.7,66.8,66.6,73.5,75.6,71.4,58.6,57.2,60.0,63.9,61.2,66.6,0.996,10.7,0.301,9.6,8.77,15.2,0.279,6.94,5.71,0.0416,0.953,0.932,97.6,83,190,67,800,7.4,21.9,12.3,11.6,10.7,12.2,10.9,9.5,10.1,10.4,11.0,22.3,6.7,15.4,172.0,28.9,15.9
62.2,62.4,62.0,73.2,75.0,71.4,59.1,58.4,59.8,61.3,60.0,62.6,1.02,10.7,0.301,9.52,8.91,15.3,0.275,6.97,5.65,0.0418,0.955,0.947,95.5,81,210,73,800,6.8,22.9,9.7,11.4,10.9,12.6,11.6,11.1,11.2,11.0,10.2,25.1,9.0,15.1,179.0,28.4,16.9
63.1,61.8,64.4,70.4,71.8,69.0,60.3,61.0,59.6,67.0,66.2,67.8,0.998,10.8,0.293,9.61,8.83,15.2,0.274,6.67,5.76,0.0426,0.953,0.935,93.7,80,190,63,800,7.0,23.4,8.7,12.8,12.1,10.6,11.3,11.4,11.5,10.5,10.4,24.4,8.4,15.7,178.0,27.7,15.6
66.1,69.0,63.2,71.7,72.6,70.8,58.7,58.2,59.2,65.2,64.8,65.6,0.995,10.7,0.297,9.38,8.91,15.0,0.273,6.75,5.69,0.0433,0.954,0.92,93.2,79,180,69,800,7.1,22.0,9.1,12.5,11.3,9.7,10.6,11.0,9.6,10.4,10.8,24.3,7.2,15.3,171.0,29.8,16.1
60.9,61.4,60.4,72.5,75.6,69.4,60.1,60.0,60.2,56.7,55.8,57.6,0.976,10.7,0.296,9.33,8.85,15.0,0.272,6.82,5.71,0.0411,0.946,0.915,91.4,78,180,65,800,6.8,23.9,9.4,10.3,10.3,10.4,10.6,11.6,9.6,11.2,11.6,25.1,8.5,15.8,175.0,26.9,15.5
62.6,59.2,66.0,72.6,73.2,72.0,58.7,57.2,60.2,66.1,64.4,67.8,0.965,10.8,0.292,9.37,8.97,15.1,0.267,6.73,5.66,0.042,0.945,0.915,89.9,76,160,59,800,6.5,24.0,10.3,11.2,10.2,10.3,10.9,10.5,12.1,10.7,11.8,24.1,8.0,15.7,176.0,27.8,16.3
63.5,62.8,64.2,69.0,71.6,66.4,61.5,61.0,62.0,67.5,65.6,69.4,0.987,10.8,0.296,9.41,9.01,15.1,0.276,6.77,5.72,0.0409,0.952,0.922,89.2,76,170,67,800,7.1,21.9,11.5,12.2,9.9,10.8,10.7,10.3,12.4,10.3,10.4,22.8,7.5,14.5,172.0,28.5,15.6
59.8,59.4,60.2,77.0,78.4,75.6,56.8,57.2,56.4,61.3,62.0,60.6,0.979,10.7,0.294,9.29,8.92,14.9,0.273,6.71,5.65,0.0419,0.947,0.907,87.6,74,170,60,800,7.4,21.7,11.3,11.7,11.0,11.7,9.6,11.6,11.1,10.9,10.7,24.2,7.9,14.5,175.0,27.5,15.5
60.8,61.6,60.0,73.2,74.0,72.4,58.5,58.4,58.6,66.1,66.8,65.4,0.977,10.6,0.288,9.37,8.83,15.0,0.269,6.9,5.69,0.0428,0.948,0.928,87.4,74,180,61,800,6.7,23.1,9.7,12.3,10.7,12.1,10.1,12.5,10.1,11.4,10.4,22.5,6.2,14.8,173.0,27.5,15.5
64.7,64.4,65.0,73.7,74.2,73.2,58.2,58.6,57.8,69.5,70.4,68.6,0.988,11.2,0.3,9.73,9.44,15.7,0.279,6.97,5.89,0.041,0.965,0.986,86.2,73,170,65,800,5.9,23.3,9.3,12.3,10.6,11.0,10.3,12.1,10.0,11.5,10.3,20.6,6.4,13.6,167.0,28.6,17.2
62.8,62.4,63.2,76.8,79.0,74.6,60.2,59.2,61.2,60.6,59.0,62.2,1.05,11.7,0.318,10.3,9.97,16.7,0.296,7.54,6.27,0.0424,0.981,1.05,85.8,73,160,65,800,7.5,21.3,9.8,12.2,11.3,11.5,10.7,10.7,11.0,10.7,10.2,22.2,7.1,14.5,171.0,28.9,16.3
62.2,61.2,63.2,73.7,74.0,73.4,60.4,59.2,61.6,63.3,62.8,63.8,1.11,12.2,0.33,10.8,10.5,17.5,0.311,7.83,6.63,0.0437,1.0,1.11,85.3,72,180,67,800,8.8,21.8,8.4,11.6,11.8,12.6,10.8,9.5,11.3,10.4,11.1,25.0,7.0,15.1,175.0,27.6,16.9
64.6,65.0,64.2,45.1,46.0,44.2,61.1,60.2,62.0,45.7,46.0,45.4,1.17,12.9,0.346,11.3,11.1,18.4,0.33,8.38,6.95,0.0428,1.02,1.16,84.8,72,190,61,800,7.8,21.6,8.9,8.8,12.3,11.5,10.0,10.4,9.9,11.0,12.7,24.4,7.8,13.7,171.0,28.1,16.9
66.8,66.2,67.4,62.6,62.4,62.8,73.8,74.4,73.2,35.3,37.2,33.4,0.957,11.2,0.289,9.46,8.75,15.8,0.258,6.7,5.79,0.0404,0.898,0.921,235.0,210,620,290,1000,27.5,28.1,11.4,12.4,13.4,13.1,10.4,13.0,12.9,13.6,11.2,22.8,7.4,19.6,217.0,8.57,4.92
70.7,67.4,74.0,64.6,64.6,64.6,62.2,63.2,61.2,38.1,36.0,40.2,0.964,11.1,0.3,9.48,9.03,15.7,0.263,6.93,5.85,0.0394,0.894,0.926,232.0,210,520,220,1000,16.8,29.4,12.6,12.1,13.0,13.8,10.7,10.2,14.3,14.9,13.5,25.8,8.9,20.1,216.0,9.0,5.26
71.5,72.6,70.4,61.8,63.4,60.2,63.9,63.0,64.8,40.1,38.0,42.2,0.982,11.4,0.295,9.73,9.04,16.4,0.27,6.94,5.93,0.0404,0.901,0.934,223.0,200,420,170,1000,9.1,29.7,13.4,11.1,11.6,13.6,12.8,10.4,13.3,14.9,12.9,30.1,10.2,18.8,212.0,8.85,4.62
68.8,66.6,71.0,62.1,60.8,63.4,61.0,61.4,60.6,36.1,35.0,37.2,0.995,11.3,0.292,9.64,9.06,16.4,0.265,6.78,6.02,0.0403,0.904,0.945,214.0,190,320,140,1000,9.6,30.0,13.7,12.7,11.2,11.8,14.5,12.0,11.0,15.1,13.0,28.9,10.2,20.7,214.0,8.54,4.64
67.3,67.4,67.2,60.0,60.6,59.4,62.0,61.8,62.2,35.8,37.2,34.4,0.979,11.2,0.288,9.83,9.0,16.5,0.271,6.99,5.99,0.0403,0.91,0.937,202.0,180,260,110,1000,10.8,28.0,13.7,13.8,12.9,13.1,14.3,13.6,11.2,14.1,14.7,25.2,7.8,19.9,213.0,8.58,4.71
70.2,70.8,69.6,64.2,65.2,63.2,61.8,60.4,63.2,36.1,34.2,38.0,0.956,11.2,0.292,9.69,9.0,16.6,0.265,6.88,6.09,0.0403,0.903,0.938,202.0,180,370,120,1000,11.3,26.9,12.6,13.9,13.2,16.6,12.1,14.7,12.7,13.6,13.5,26.3,7.9,18.0,213.0,8.49,4.75
70.4,69.6,71.2,62.6,63.4,61.8,66.6,67.2,66.0,36.8,33.8,39.8,0.987,11.4,0.297,9.94,8.95,16.8,0.275,7.04,6.16,0.0403,0.917,0.966,192.0,170,370,120,1000,10.1,28.0,12.4,13.4,13.5,14.9,10.9,15.9,13.1,14.3,11.7,28.8,10.0,18.2,215.0,7.96,4.52
70.6,68.8,72.4,64.9,67.6,62.2,64.7,65.2,64.2,37.4,37.6,37.2,1.01,11.7,0.309,9.97,9.16,17.0,0.281,6.86,6.12,0.039,0.912,0.968,185.0,160,230,76,1000,9.8,27.9,13.1,12.7,15.8,14.1,11.9,14.5,13.1,13.1,10.0,27.8,10.2,18.4,212.0,7.56,4.37
69.0,68.8,69.2,65.6,64.2,67.0,65.0,64.2,65.8,36.1,34.0,38.2,1.06,11.6,0.318,9.98,9.22,17.2,0.29,7.2,6.37,0.0409,0.921,0.969,179.0,140,250,85,1000,9.3,27.3,13.0,13.4,14.3,13.1,13.1,13.1,12.8,12.8,10.8,27.5,9.7,19.5,210.0,7.88,4.49
69.9,70.2,69.6,67.8,67.6,68.0,60.6,59.2,62.0,41.7,43.8,39.6,1.05,11.9,0.317,10.2,9.28,17.5,0.29,7.04,6.37,0.0404,0.918,0.949,178.0,150,300,120,1000,8.9,26.6,12.7,14.1,12.4,11.8,13.1,14.1,13.1,13.1,13.7,28.0,9.1,17.7,208.0,7.92,5.03
67.3,66.0,68.6,63.8,64.0,63.6,64.7,64.4,65.0,35.2,34.8,35.6,1.06,12.0,0.325,10.2,9.22,17.4,0.295,7.21,6.45,0.0382,0.916,0.951,174.0,140,340,120,1000,9.6,28.7,12.3,14.8,13.6,13.1,12.6,13.7,12.4,13.3,12.6,25.4,8.3,17.6,208.0,7.97,4.98
70.7,69.4,72.0,61.2,59.2,63.2,63.7,62.0,65.4,33.8,34.6,33.0,1.09,11.9,0.326,10.3,9.34,17.8,0.294,7.1,6.52,0.0402,0.921,0.962,170.0,130,280,92,1000,9.6,28.9,11.6,14.4,15.6,12.8,12.2,12.3,13.5,14.5,12.1,24.9,9.0,17.8,209.0,8.05,5.36
69.1,70.2,68.0,63.9,63.2,64.6,61.2,59.6,62.8,35.2,31.8,38.6,1.11,12.3,0.339,10.5,9.8,18.4,0.306,7.32,6.72,0.0391,0.939,1.02,169.0,130,310,100,1000,9.0,28.5,12.4,11.9,15.0,12.8,12.7,11.1,14.5,15.2,12.6,25.4,8.9,18.1,208.0,7.75,5.38
70.2,69.6,70.8,63.3,63.8,62.8,64.3,63.6,65.0,35.1,35.8,34.4,1.19,13.0,0.36,11.2,10.2,19.4,0.327,7.8,7.15,0.0392,0.959,1.06,165.0,130,310,95,1000,8.4,30.1,11.2,12.9,14.8,14.3,12.7,11.8,12.5,15.6,11.8,24.7,8.1,19.0,208.0,7.26,5.12
70.9,70.2,71.6,60.3,59.0,61.6,65.2,64.6,65.8,34.7,34.8,34.6,1.26,13.7,0.374,11.8,10.8,20.6,0.345,8.21,7.56,0.039,0.979,1.12,162.0,130,210,98,1000,9.6,28.0,12.1,13.7,13.4,14.3,14.4,12.6,12.8,13.5,12.4,24.3,8.8,18.2,208.0,7.16,4.61
68.3,67.0,69.6,54.4,55.0,53.8,61.6,61.6,61.6,29.3,30.4,28.2,1.32,14.2,0.386,12.5,11.4,21.6,0.359,8.74,7.83,0.0389,1.0,1.17,162.0,130,300,120,1000,10.5,26.0,14.1,13.8,12.2,15.2,14.2,12.8,13.4,13.6,13.5,25.7,8.6,19.3,213.0,6.68,4.29
70.2,68.4,72.0,67.3,69.2,65.4,62.0,61.4,62.6,44.1,43.8,44.4,1.1,12.0,0.337,10.3,9.34,17.8,0.313,7.21,6.58,0.0392,0.965,0.92,262.0,220,690,330,1000,26.9,22.9,12.6,13.1,12.2,12.9,14.5,12.7,12.7,10.9,11.6,27.1,8.7,15.2,214.0,13.5,7.15
69.8,69.6,70.0,63.6,65.0,62.2,64.7,65.4,64.0,43.7,42.0,45.4,1.14,12.0,0.337,10.5,9.38,17.7,0.326,7.25,6.56,0.0381,0.965,0.93,238.0,210,680,240,1000,20.5,25.1,13.8,13.6,12.2,11.6,14.7,12.2,13.8,14.3,12.6,29.2,10.7,17.2,222.0,15.4,8.41
69.6,68.6,70.6,66.6,68.6,64.6,59.8,58.6,61.0,45.1,45.0,45.2,1.12,11.8,0.341,10.5,9.34,18.0,0.323,7.19,6.57,0.0381,0.963,0.902,238.0,210,400,160,1000,12.9,27.2,13.4,12.4,12.2,12.5,11.8,12.8,14.6,15.5,13.1,29.4,11.8,18.5,218.0,14.4,8.35
67.6,67.2,68.0,67.1,66.8,67.4,65.2,65.4,65.0,44.9,42.4,47.4,1.12,11.9,0.34,10.2,9.26,18.0,0.325,7.37,6.65,0.0383,0.963,0.91,223.0,200,410,160,1000,7.7,27.9,12.9,12.4,13.9,13.7,12.2,13.3,13.7,14.3,11.8,28.2,10.4,20.8,213.0,14.7,8.47
69.8,69.6,70.0,67.8,69.4,66.2,64.2,63.8,64.6,43.4,41.2,45.6,1.12,11.8,0.337,10.4,9.14,17.8,0.326,7.19,6.53,0.0381,0.956,0.913,215.0,190,310,110,1000,8.2,28.7,12.9,12.6,14.9,14.0,14.3,13.1,13.4,14.0,11.2,28.2,9.4,20.7,216.0,14.3,8.58
66.7,66.6,66.8,71.4,71.0,71.8,66.0,66.6,65.4,43.3,42.2,44.4,1.11,11.9,0.344,10.4,9.11,17.6,0.327,7.23,6.6,0.0382,0.971,0.915,202.0,180,290,110,1000,9.1,28.3,14.5,12.9,14.2,14.6,14.3,14.0,14.3,13.5,12.9,28.0,10.5,17.1,218.0,14.1,8.03
71.7,69.4,74.0,68.0,67.4,68.6,64.8,64.4,65.2,44.6,42.6,46.6,1.14,11.9,0.338,10.4,9.21,18.0,0.327,7.2,6.5,0.0391,0.965,0.903,195.0,160,210,97,1000,9.5,26.8,14.4,13.7,12.6,13.9,13.3,14.4,13.9,13.9,13.3,27.0,10.3,18.6,216.0,14.1,8.65
68.1,67.0,69.2,65.8,65.4,66.2,66.1,65.8,66.4,42.7,41.6,43.8,1.11,12.0,0.345,10.5,9.07,17.7,0.325,7.15,6.56,0.037,0.964,0.912,187.0,150,220,100,1000,9.0,26.7,13.8,12.7,12.5,13.6,14.9,13.9,13.5,13.7,12.8,26.1,8.8,21.1,213.0,13.6,8.46
68.2,68.4,68.0,68.2,70.6,65.8,61.0,61.6,60.4,43.1,39.8,46.4,1.12,11.8,0.34,10.6,9.0,18.0,0.332,7.26,6.58,0.0381,0.956,0.899,185.0,150,310,110,1000,8.8,27.0,13.3,11.2,12.9,12.0,15.1,14.1,14.0,13.7,12.8,27.8,9.6,21.3,214.0,13.1,8.88
68.6,65.8,71.4,65.4,64.8,66.0,66.7,67.4,66.0,44.8,42.2,47.4,1.1,11.8,0.339,10.6,9.2,17.9,0.331,7.26,6.49,0.0379,0.962,0.923,178.0,130,310,100,1000,8.6,28.4,12.4,11.0,12.4,12.4,14.1,13.0,11.9,13.9,12.8,26.9,8.8,21.0,208.0,14.0,8.47
70.1,69.8,70.4,68.7,69.2,68.2,66.9,65.6,68.2,45.4,44.8,46.0,1.1,12.0,0.344,10.6,9.11,17.8,0.331,7.23,6.53,0.0373,0.968,0.932,176.0,130,240,100,1000,9.9,28.3,12.4,10.9,13.8,16.4,12.1,12.6,12.1,13.9,12.8,27.0,7.8,20.0,210.0,13.6,8.81
66.6,68.0,65.2,66.9,68.6,65.2,62.5,61.4,63.6,45.6,42.6,48.6,1.12,12.0,0.345,10.6,9.14,18.0,0.337,7.14,6.73,0.0374,0.963,0.935,175.0,130,310,120,1000,9.7,25.6,13.3,11.6,14.2,16.0,11.7,12.9,14.1,15.2,13.1,25.9,8.6,19.3,211.0,13.2,7.84
68.7,69.4,68.0,67.5,68.8,66.2,64.0,64.6,63.4,44.9,45.2,44.6,1.15,12.0,0.349,10.8,9.11,18.3,0.344,7.16,6.71,0.0384,0.965,0.969,172.0,130,320,120,1000,8.9,26.3,14.0,14.0,13.5,14.5,12.8,13.0,15.4,14.1,13.3,26.3,9.2,17.4,213.0,13.7,8.25
67.3,66.6,68.0,67.7,67.6,67.8,63.5,63.8,63.2,45.2,41.8,48.6,1.21,12.8,0.37,11.4,9.84,19.3,0.362,7.64,7.13,0.0384,0.988,1.03,168.0,130,290,97,1000,9.5,30.7,14.4,14.2,12.5,13.3,10.8,14.8,15.0,11.6,12.6,28.1,9.3,18.1,215.0,14.6,7.97
69.7,70.8,68.6,68.2,69.8,66.6,63.5,61.4,65.6,44.7,43.4,46.0,1.27,13.3,0.388,12.0,10.2,20.5,0.382,8.22,7.52,0.0385,1.01,1.09,169.0,130,300,120,1000,8.5,30.9,14.9,13.4,12.9,12.5,11.4,15.5,12.5,11.9,11.5,25.8,8.4,18.3,208.0,13.8,8.44
67.2,66.2,68.2,60.8,61.2,60.4,64.7,64.6,64.8,39.6,38.8,40.4,1.35,14.0,0.406,12.8,10.8,21.3,0.4,8.64,7.94,0.0386,1.03,1.13,167.0,130,310,140,1000,9.1,26.6,14.3,12.3,15.1,13.3,13.1,14.8,13.3,14.1,11.6,26.6,8.7,17.2,210.0,13.6,7.92
70.7,70.4,71.0,40.5,42.4,38.6,60.6,60.6,60.6,28.1,27.6,28.6,1.44,14.7,0.429,13.3,11.5,22.5,0.414,9.06,8.29,0.0386,1.06,1.18,176.0,130,670,170,1000,10.5,25.5,13.7,11.9,15.8,13.8,14.4,13.5,13.1,14.6,12.3,28.3,10.2,16.8,214.0,12.1,7.78
68.1,68.8,67.4,71.9,73.0,70.8,65.6,65.0,66.2,51.2,50.4,52.0,1.13,11.7,0.32,10.7,8.95,18.1,0.303,7.09,6.55,0.0378,0.932,0.931,277.0,230,620,300,1000,23.4,24.1,13.0,11.3,10.6,12.4,12.1,12.7,13.3,11.8,11.8,27.9,9.9,19.7,214.0,18.5,9.48
66.6,65.4,67.8,70.9,72.6,69.2,62.1,61.8,62.4,49.1,48.6,49.6,1.08,11.9,0.322,10.8,9.01,17.6,0.297,7.13,6.66,0.0388,0.942,0.941,247.0,210,530,130,1000,17.6,27.8,15.3,13.2,11.5,12.1,13.1,12.8,13.7,13.4,13.3,26.9,8.9,19.7,219.0,19.1,10.8
69.2,68.8,69.6,70.1,72.2,68.0,60.6,59.4,61.8,50.5,49.0,52.0,1.09,11.6,0.312,10.6,8.91,17.8,0.305,7.1,6.5,0.0388,0.935,0.922,251.0,210,490,120,1000,9.8,27.3,15.6,14.9,12.8,11.8,13.6,12.3,12.9,14.2,13.4,24.9,7.0,18.1,209.0,18.4,11.7
68.0,65.2,70.8,67.8,67.4,68.2,67.5,67.4,67.6,50.2,47.4,53.0,1.1,11.8,0.317,10.7,8.98,17.8,0.302,7.08,6.52,0.039,0.933,0.929,231.0,190,490,120,1000,9.3,24.2,14.8,14.9,14.4,12.5,13.1,11.4,12.8,12.9,14.6,26.1,8.5,18.0,208.0,17.9,11.5
70.4,69.4,71.4,69.2,69.4,69.0,61.0,61.8,60.2,51.7,53.0,50.4,1.1,11.7,0.319,10.6,9.04,17.7,0.301,7.06,6.57,0.0391,0.937,0.913,228.0,190,330,120,1000,10.6,24.2,15.7,14.9,14.4,13.5,12.2,11.9,13.7,13.0,14.3,28.7,9.8,18.3,215.0,18.0,11.1
68.7,67.4,70.0,69.9,69.0,70.8,66.8,67.0,66.6,49.8,45.0,54.6,1.11,11.5,0.316,10.7,8.96,18.0,0.304,7.01,6.66,0.039,0.928,0.914,217.0,180,330,150,1000,10.5,25.6,15.4,13.3,13.7,13.4,11.3,13.8,12.8,13.2,13.4,28.0,10.0,19.0,213.0,18.1,11.2
68.7,67.8,69.6,71.2,73.0,69.4,64.4,65.8,63.0,51.5,50.2,52.8,1.12,11.7,0.326,10.7,8.96,17.7,0.303,7.1,6.62,0.0399,0.932,0.939,207.0,160,220,99,1000,9.7,26.8,14.3,11.9,14.6,12.6,12.4,13.8,12.1,14.0,13.6,29.3,10.3,19.0,214.0,18.6,10.8
67.3,67.4,67.2,67.2,67.6,66.8,65.0,64.0,66.0,51.4,49.2,53.6,1.09,11.9,0.324,10.6,9.18,17.8,0.303,7.12,6.57,0.039,0.938,0.919,198.0,150,210,89,1000,9.8,28.5,14.3,14.0,14.1,11.7,14.1,12.6,11.9,14.2,14.3,27.9,8.8,18.0,214.0,18.5,10.3
69.5,69.8,69.2,68.9,69.6,68.2,59.6,58.8,60.4,53.5,52.6,54.4,1.07,11.7,0.314,10.6,8.87,17.9,0.296,7.24,6.52,0.0401,0.934,0.925,202.0,150,480,120,1000,10.7,27.4,14.0,15.6,13.5,12.1,14.1,12.7,11.3,12.6,14.6,24.3,7.4,17.1,207.0,18.6,10.2
67.9,66.8,69.0,70.7,71.2,70.2,62.3,62.4,62.2,51.0,51.2,50.8,1.08,11.8,0.31,10.6,9.03,17.7,0.293,7.08,6.47,0.039,0.939,0.925,196.0,150,480,140,1000,10.8,27.7,14.4,14.0,12.6,13.4,13.3,14.0,11.7,11.6,12.9,24.8,7.2,16.9,205.0,19.0,10.7
68.1,67.6,68.6,70.7,71.0,70.4,63.0,61.8,64.2,50.8,50.8,50.8,1.06,11.7,0.313,10.5,9.01,17.8,0.289,7.09,6.45,0.04,0.933,0.937,195.0,140,350,120,1000,9.6,28.0,14.9,13.9,13.3,12.9,12.9,13.6,12.0,14.4,12.3,27.0,7.9,18.0,211.0,18.1,10.9
66.0,65.2,66.8,68.1,69.2,67.0,66.7,67.8,65.6,52.5,51.2,53.8,1.06,11.7,0.305,10.5,8.99,17.5,0.295,7.05,6.59,0.0402,0.931,0.959,189.0,140,370,100,1000,8.5,26.9,13.4,14.6,14.5,12.8,13.8,12.3,12.2,16.8,11.3,27.4,7.9,17.8,210.0,18.1,11.1
67.5,67.0,68.0,71.9,73.0,70.8,64.0,63.4,64.6,50.5,49.2,51.8,1.08,12.0,0.323,10.9,9.44,18.5,0.302,7.19,6.76,0.0392,0.947,1.0,185.0,130,240,89,1000,8.9,26.3,12.2,12.6,13.6,14.1,14.1,12.2,12.9,14.7,11.9,25.1,8.7,17.6,205.0,18.0,10.9
69.1,67.6,70.6,66.9,67.8,66.0,62.3,63.2,61.4,51.6,51.0,52.2,1.12,12.7,0.337,11.5,10.0,19.6,0.315,7.78,7.16,0.0406,0.969,1.06,180.0,130,220,94,1000,9.3,28.1,12.8,12.8,13.3,14.3,13.2,12.0,13.6,11.9,13.4,22.5,8.6,19.0,205.0,18.4,10.6
70.8,74.0,67.6,76.9,76.8,77.0,60.7,59.8,61.6,51.9,51.8,52.0,1.2,13.4,0.358,12.1,10.6,20.6,0.337,8.24,7.53,0.0398,0.987,1.11,184.0,130,500,120,1000,9.4,28.7,13.2,13.9,14.0,13.1,12.8,12.8,13.1,12.4,14.4,25.3,7.3,18.4,209.0,18.0,10.9
65.4,65.2,65.6,65.7,66.4,65.0,73.9,75.2,72.6,53.1,49.0,57.2,1.27,14.0,0.377,12.7,11.0,21.5,0.357,8.61,7.92,0.04,1.55,1.18,186.0,140,520,220,1000,8.8,28.5,12.1,12.6,14.8,14.2,12.6,14.1,11.5,13.0,14.4,28.4,8.6,16.6,210.0,19.2,11.2
70.7,72.8,68.6,71.7,73.0,70.4,62.0,63.0,61.0,52.2,49.2,55.2,1.32,14.6,0.396,13.2,11.5,22.7,0.374,9.13,8.35,0.0401,1.57,1.24,188.0,140,460,210,1000,9.4,26.2,11.7,12.8,14.7,15.5,12.3,13.7,11.2,12.4,12.8,29.6,9.8,16.2,208.0,18.7,11.1
68.0,69.2,66.8,68.0,69.8,66.2,66.3,67.0,65.6,48.6,47.6,49.6,1.41,15.3,0.414,14.0,12.1,23.6,0.395,9.59,8.72,0.0391,1.59,1.3,186.0,140,420,150,1000,9.3,27.1,13.0,14.0,14.1,13.4,12.9,13.8,12.3,12.8,12.4,30.3,10.3,15.9,212.0,19.0,11.3
69.5,67.4,71.6,43.6,44.6,42.6,66.9,66.6,67.2,34.4,36.4,32.4,1.51,15.9,0.429,14.5,12.4,24.1,0.411,9.99,9.22,0.0393,1.52,1.36,181.0,130,230,97,1000,7.5,28.3,13.9,13.6,14.7,11.8,14.4,14.5,13.4,13.1,12.5,29.7,9.5,17.9,215.0,16.8,11.7
71.5,69.2,73.8,72.8,74.4,71.2,60.6,60.4,60.8,61.2,57.2,65.2,1.07,11.4,0.306,10.5,9.13,17.7,0.289,7.16,6.5,0.0418,0.941,0.983,308.0,280,810,400,1000,25.5,23.8,15.4,12.6,11.7,12.6,12.6,12.8,12.0,14.0,13.4,25.0,8.7,14.9,215.0,24.7,14.5
69.4,70.4,68.4,74.7,75.8,73.6,62.3,62.0,62.6,60.7,59.8,61.6,1.09,11.7,0.322,10.5,9.24,17.5,0.3,6.98,6.61,0.041,0.943,0.989,278.0,230,770,280,1000,14.8,22.5,13.2,13.5,13.4,12.3,14.6,14.5,13.3,13.4,13.8,28.8,9.8,17.1,215.0,26.0,15.6
68.8,67.8,69.8,75.3,77.8,72.8,61.4,61.0,61.8,63.1,60.0,66.2,1.1,11.7,0.322,10.3,9.21,17.4,0.299,7.04,6.65,0.0411,0.943,0.992,254.0,200,230,96,1000,11.2,26.5,11.3,13.9,15.2,13.8,15.3,14.8,13.2,11.1,13.9,27.6,9.7,18.3,216.0,25.7,14.7
68.7,68.0,69.4,72.9,74.6,71.2,61.6,60.2,63.0,62.5,58.8,66.2,1.07,11.5,0.318,10.3,9.33,17.8,0.3,7.02,6.62,0.0419,0.942,0.989,235.0,190,210,93,1000,10.4,27.7,14.0,13.0,15.6,13.5,14.5,13.2,13.4,12.2,13.5,26.5,9.2,15.7,212.0,26.4,15.0
68.3,66.2,70.4,75.3,75.8,74.8,58.8,59.4,58.2,64.6,63.4,65.8,1.04,11.5,0.316,10.2,9.23,17.8,0.297,7.17,6.6,0.041,0.935,0.998,237.0,190,500,130,1000,8.8,28.6,16.1,11.9,15.1,13.8,14.3,11.3,13.9,13.2,13.4,26.4,8.3,16.1,211.0,25.7,15.7
69.0,68.2,69.8,73.0,74.6,71.4,64.9,66.0,63.8,60.6,62.2,59.0,1.06,11.6,0.326,10.3,9.21,17.8,0.302,7.21,6.57,0.043,0.935,1.01,227.0,180,500,150,1000,9.8,30.1,13.8,12.9,15.1,13.5,12.9,12.5,12.2,12.8,13.5,27.8,8.5,16.6,212.0,26.9,15.1
70.2,69.4,71.0,74.9,76.0,73.8,64.1,62.8,65.4,63.0,59.8,66.2,1.09,11.6,0.332,10.2,9.27,17.8,0.304,6.99,6.59,0.041,0.942,1.0,219.0,170,270,120,1000,9.8,30.0,12.5,13.9,13.4,11.8,12.6,13.0,10.8,14.0,13.5,30.5,10.4,17.2,213.0,24.6,14.9
70.7,71.2,70.2,72.9,75.6,70.2,62.4,64.2,60.6,60.1,56.2,64.0,1.1,11.6,0.33,10.2,9.27,17.6,0.304,7.01,6.65,0.042,0.942,1.02,216.0,170,330,140,1000,9.7,29.7,13.0,13.6,12.4,12.3,14.2,13.4,12.8,13.5,13.3,28.4,10.1,17.5,214.0,25.5,14.9
71.7,71.6,71.8,80.3,81.2,79.4,62.0,60.8,63.2,63.0,61.8,64.2,1.1,11.5,0.335,10.2,9.39,18.0,0.307,7.1,6.61,0.042,0.405,1.04,211.0,170,380,140,1000,9.2,30.7,14.1,13.4,13.3,13.3,14.6,13.8,13.5,13.1,11.8,26.4,9.5,17.1,214.0,25.6,15.4
69.7,68.2,71.2,72.1,72.8,71.4,61.6,62.2,61.0,62.0,57.8,66.2,1.13,11.7,0.335,10.2,9.43,17.5,0.307,6.95,6.67,0.0421,0.404,1.03,206.0,160,290,130,1000,8.7,29.4,14.2,12.8,12.5,13.7,14.2,13.5,12.0,13.0,12.2,28.7,10.5,18.8,214.0,26.0,14.8
69.8,72.0,67.6,71.4,73.0,69.8,66.0,66.8,65.2,63.1,62.8,63.4,1.12,11.6,0.334,10.2,9.37,18.0,0.305,6.94,6.67,0.0436,0.404,1.02,206.0,160,340,160,1000,8.6,26.7,13.3,11.9,11.0,13.3,13.7,14.0,12.9,13.4,13.5,27.7,10.0,21.0,211.0,26.0,16.3
71.0,68.4,73.6,71.8,73.2,70.4,74.8,75.0,74.6,60.7,59.6,61.8,1.08,11.6,0.33,10.0,9.46,17.9,0.314,6.98,6.46,0.0426,1.0,1.03,207.0,170,410,210,1000,8.3,29.3,13.2,12.1,12.8,13.7,12.3,13.3,13.6,14.2,13.1,25.1,8.6,20.7,210.0,25.7,16.1
68.7,67.2,70.2,74.9,76.4,73.4,58.3,56.2,60.4,62.1,61.6,62.6,1.14,11.8,0.344,10.2,9.86,18.7,0.323,7.07,6.75,0.044,1.01,1.08,207.0,170,460,210,1000,9.9,29.1,12.1,12.3,13.3,13.6,12.0,12.5,12.6,14.6,12.8,26.3,8.6,18.7,208.0,27.2,16.1
68.9,69.2,68.6,74.9,76.4,73.4,61.1,61.8,60.4,63.2,63.6,62.8,1.17,12.5,0.358,10.9,10.2,19.5,0.339,7.45,7.16,0.0421,1.04,1.13,207.0,170,480,190,1000,10.5,28.0,13.5,13.1,13.4,12.5,13.5,13.2,11.3,12.0,14.7,26.8,8.9,18.0,209.0,25.4,16.6
69.4,69.4,69.4,70.7,72.6,68.8,62.0,61.6,62.4,61.6,57.6,65.6,1.25,13.0,0.377,11.4,11.0,20.8,0.357,8.06,7.58,0.0435,1.05,1.2,203.0,170,380,140,1000,8.7,27.4,15.8,12.9,14.9,12.5,14.0,14.4,12.0,11.4,15.9,28.1,8.5,16.9,213.0,25.1,16.2
71.1,69.6,72.6,66.4,68.0,64.8,63.2,63.4,63.0,44.0,44.2,43.8,1.31,13.7,0.399,12.0,11.5,21.7,0.377,8.48,7.94,0.0424,1.07,1.26,203.0,170,360,150,1000,7.6,26.1,12.9,11.9,14.3,13.0,13.9,13.7,13.3,13.0,14.7,28.3,8.2,17.5,208.0,23.4,14.3
67.2,67.0,67.4,71.3,72.2,70.4,61.7,61.8,61.6,67.4,64.4,70.4,1.08,11.7,0.318,9.9,9.29,17.8,0.297,6.98,6.44,0.0407,1.0,0.977,258.0,210,780,280,1000,20.9,22.6,12.8,13.1,13.7,13.3,14.1,13.2,12.6,13.1,12.6,28.3,9.2,17.9,217.0,28.5,16.2
70.2,68.2,72.2,78.9,79.8,78.0,61.6,62.0,61.2,59.3,58.0,60.6,1.06,11.6,0.314,9.82,9.27,17.9,0.297,7.06,6.39,0.0417,1.0,0.994,250.0,210,470,150,1000,14.0,25.7,13.2,13.5,12.7,13.7,14.2,14.6,13.4,14.9,12.2,28.4,9.5,17.6,218.0,27.2,14.9
67.1,66.0,68.2,71.2,73.6,68.8,61.9,61.8,62.0,67.7,65.0,70.4,1.06,11.6,0.317,9.81,9.33,18.0,0.301,6.96,6.43,0.041,1.01,0.998,236.0,200,430,140,1000,10.1,26.1,14.2,13.8,11.6,12.6,11.8,14.0,15.3,13.5,13.5,28.5,9.6,18.9,214.0,28.2,16.0
71.6,68.8,74.4,69.9,69.8,70.0,58.5,60.0,57.0,69.3,67.8,70.8,1.05,11.9,0.311,9.86,9.34,17.7,0.294,6.83,6.51,0.0424,1.0,0.968,231.0,200,360,140,1000,9.7,26.9,13.7,13.3,10.4,13.4,12.1,13.1,14.7,12.8,15.0,26.8,9.4,18.5,210.0,29.8,16.3
69.5,68.2,70.8,81.4,82.4,80.4,61.5,59.6,63.4,62.0,60.0,64.0,1.01,11.6,0.312,9.93,9.36,18.0,0.297,7.02,6.37,0.0438,1.01,0.983,240.0,210,500,240,1000,9.6,27.4,11.7,11.5,11.9,14.0,12.6,14.7,13.3,13.5,12.7,25.6,8.9,18.0,205.0,28.9,15.7
71.7,71.4,72.0,74.4,74.4,74.4,62.0,61.2,62.8,65.8,65.2,66.4,1.01,11.7,0.314,9.8,9.42,17.9,0.294,6.82,6.43,0.0416,1.0,0.994,232.0,200,490,220,1000,9.9,27.6,11.3,12.1,13.7,13.2,13.0,15.3,13.9,14.1,12.4,28.1,8.9,20.9,214.0,29.5,15.3
66.8,66.0,67.6,75.2,75.6,74.8,61.3,61.2,61.4,71.8,69.8,73.8,1.04,11.6,0.318,9.76,9.29,17.8,0.292,6.93,6.54,0.0425,0.385,0.98,227.0,200,350,140,1000,9.9,26.2,13.3,13.7,12.6,13.2,12.9,12.2,13.0,13.5,12.4,28.0,9.5,20.3,211.0,31.7,16.6
69.9,70.4,69.4,76.3,78.6,74.0,61.9,61.4,62.4,62.1,61.7,62.5,1.01,11.6,0.321,9.84,9.22,17.8,0.3,6.99,6.44,0.0416,0.4,0.983,220.0,190,350,130,1000,10.1,27.2,13.7,13.0,12.1,12.8,13.3,11.8,13.3,13.1,13.3,28.6,10.5,16.8,210.0,28.2,17.3
69.3,70.2,68.4,73.5,75.0,72.0,71.2,70.6,71.8,62.0,63.1,60.9,1.06,11.5,0.326,9.82,9.56,17.9,0.301,7.03,6.53,0.043,0.846,0.995,220.0,190,390,160,1000,9.1,27.1,13.6,12.3,11.9,13.6,12.8,12.8,14.4,13.7,15.3,29.1,9.8,16.5,212.0,27.7,16.5
69.7,67.8,71.6,74.0,74.2,73.8,64.3,64.0,64.6,70.2,68.3,72.1,1.06,11.5,0.33,9.95,9.28,17.8,0.303,6.86,6.47,0.0431,0.925,1.01,218.0,190,420,190,1000,8.7,28.3,13.2,13.9,13.1,14.8,11.6,12.4,13.2,12.5,15.8,29.3,9.7,17.6,214.0,29.3,17.0
70.0,69.8,70.2,78.1,80.0,76.2,63.4,63.0,63.8,64.7,63.5,65.9,1.08,11.6,0.325,9.86,9.16,18.1,0.3,6.84,6.59,0.0445,0.926,1.01,213.0,190,310,150,1000,10.3,29.8,12.7,13.9,15.1,13.8,12.6,11.8,12.7,14.5,13.8,29.5,10.1,16.6,217.0,29.8,17.3
69.3,69.0,69.6,73.6,75.0,72.2,61.4,60.6,62.2,63.4,65.0,61.8,1.08,11.6,0.327,10.0,9.37,18.0,0.305,6.78,6.51,0.0436,0.923,1.04,208.0,180,290,120,1000,9.0,29.3,12.4,12.6,14.8,14.9,13.5,13.2,13.0,14.0,12.5,27.4,8.9,17.2,213.0,27.5,17.1
70.4,71.8,69.0,72.5,72.2,72.8,62.2,61.8,62.6,70.5,68.0,73.0,1.13,12.1,0.346,10.5,10.1,19.1,0.321,7.23,6.81,0.0431,0.944,1.11,209.0,180,370,140,1000,8.2,27.6,12.6,11.8,13.3,13.6,13.4,13.1,13.3,12.2,13.0,26.8,7.8,18.0,205.0,30.3,15.5
71.9,71.8,72.0,77.8,80.0,75.6,62.0,61.0,63.0,62.6,60.2,65.0,1.17,12.8,0.356,11.1,10.6,20.2,0.336,7.69,7.27,0.0443,0.962,1.18,206.0,180,400,170,1000,8.5,27.8,14.7,12.2,13.1,12.4,12.8,13.1,14.8,13.9,12.1,27.8,7.8,17.2,208.0,30.4,15.6
67.6,68.8,66.4,72.7,73.8,71.6,63.6,64.6,62.6,63.7,63.2,64.2,1.26,13.4,0.375,11.7,11.1,21.3,0.355,8.12,7.71,0.0437,0.988,1.23,201.0,170,310,120,1000,9.3,27.8,15.4,13.8,14.2,13.6,11.8,14.0,14.5,13.9,12.2,29.7,8.3,16.8,215.0,28.3,16.4
71.1,71.0,71.2,40.6,37.6,43.6,63.2,62.6,63.8,42.1,42.2,42.0,1.32,14.1,0.401,12.1,11.7,22.3,0.374,8.56,8.06,0.0449,1.01,1.3,202.0,180,350,140,1000,10.7,24.5,11.8,13.5,15.6,13.2,12.2,13.3,14.6,14.0,13.9,28.1,8.7,15.9,210.0,26.1,16.0
68.8,68.4,69.2,55.9,55.8,56.0,68.5,68.6,68.4,36.0,36.6,35.4,0.557,6.58,0.171,5.61,6.01,8.35,0.145,4.39,3.12,0.041,0.803,0.569,104.0,90,250,94,600,76.8,14.0,5.67,6.0,5.33,6.33,6.5,8.83,5.5,6.33,7.5,14.8,5.17,8.83,178.0,2.09,1.51
55.5,56.0,55.0,53.8,55.0,52.6,50.7,50.6,50.8,37.5,38.8,36.2,0.562,6.87,0.179,5.79,6.14,8.52,0.153,4.53,3.3,0.042,0.813,0.576,86.4,71,250,74,600,58.2,17.0,6.1,8.0,7.0,7.6,8.2,9.0,7.2,8.3,8.2,16.4,5.8,10.6,178.0,4.45,2.54
54.4,53.8,55.0,56.1,56.6,55.6,49.6,51.6,47.6,36.1,35.2,37.0,0.562,6.9,0.182,5.87,6.28,8.84,0.156,4.62,3.33,0.0417,0.819,0.59,76.9,61,99,33,600,19.8,16.9,7.7,8.8,8.9,7.7,8.2,8.7,8.6,8.2,10.0,19.1,5.8,12.4,151.0,5.45,2.71
53.3,54.2,52.4,51.4,51.6,51.2,51.2,48.8,53.6,33.3,34.6,32.0,0.603,7.0,0.192,5.99,6.53,9.14,0.163,4.74,3.42,0.0414,0.819,0.607,70.3,54,99,31,600,4.9,14.8,8.3,9.0,8.1,8.0,6.6,9.5,8.2,7.7,10.1,19.0,5.6,11.7,132.0,7.15,3.43
52.4,51.0,53.8,54.4,55.6,53.2,50.6,50.4,50.8,34.5,33.2,35.8,0.626,7.23,0.192,6.08,6.6,9.24,0.166,4.96,3.52,0.0414,0.829,0.608,65.6,49,90,31,600,6.7,15.3,8.8,8.9,6.3,9.5,8.0,9.2,8.0,9.0,7.6,16.4,5.6,10.0,129.0,7.79,4.08
53.2,53.4,53.0,53.3,53.6,53.0,49.9,51.4,48.4,36.3,35.8,36.8,0.618,7.42,0.195,6.23,6.73,9.48,0.174,4.98,3.56,0.0402,0.831,0.617,62.4,46,89,31,600,5.9,14.7,7.9,9.1,6.7,8.8,9.1,7.8,8.9,8.7,9.5,16.7,5.5,9.7,129.0,8.21,4.79
54.8,55.6,54.0,54.6,53.6,55.6,50.4,51.6,49.2,38.3,35.8,40.8,0.625,7.46,0.194,6.35,6.89,9.55,0.17,5.07,3.65,0.0408,0.834,0.623,60.4,45,94,35,600,5.8,17.1,6.9,9.0,7.5,7.9,8.3,7.4,8.9,8.4,9.8,16.2,5.4,10.7,129.0,7.82,4.66
55.8,56.8,54.8,53.8,54.8,52.8,50.2,51.0,49.4,35.1,33.8,36.4,0.643,7.67,0.198,6.44,7.0,9.89,0.176,5.09,3.71,0.0384,0.847,0.63,58.6,43,96,37,600,5.7,19.8,7.9,7.4,8.9,7.4,7.6,7.6,7.4,8.0,8.0,15.1,5.0,11.7,128.0,8.17,4.62
54.7,54.8,54.6,57.9,57.0,58.8,50.4,51.8,49.0,34.4,36.0,32.8,0.645,7.77,0.205,6.51,7.06,9.93,0.18,5.2,3.86,0.0393,0.849,0.631,56.9,42,94,35,600,4.5,17.6,9.1,7.8,9.9,7.7,7.7,8.4,7.6,7.4,7.8,16.6,5.1,12.0,129.0,7.78,4.59
52.7,51.6,53.8,54.2,55.8,52.6,51.6,49.8,53.4,34.6,34.6,34.6,0.658,7.94,0.207,6.64,7.25,10.1,0.183,5.4,3.89,0.0391,0.854,0.646,55.8,41,97,34,600,4.4,17.2,7.7,8.4,7.9,8.8,9.4,7.6,8.2,8.5,7.9,16.6,5.3,12.9,131.0,7.86,5.41
57.4,55.6,59.2,54.3,54.0,54.6,51.2,49.2,53.2,35.5,35.6,35.4,0.669,8.01,0.208,6.78,7.49,10.4,0.183,5.35,4.0,0.0388,0.856,0.652,54.7,40,97,34,600,5.2,17.6,7.4,7.9,6.6,9.1,9.3,6.9,8.7,8.0,7.7,15.8,5.2,12.7,128.0,7.87,4.94
57.6,60.0,55.2,53.1,53.0,53.2,50.3,51.2,49.4,36.2,35.6,36.8,0.694,8.21,0.215,6.82,7.67,10.6,0.191,5.41,4.07,0.0387,0.862,0.67,54.2,40,100,33,600,5.7,17.4,7.7,7.4,7.2,9.2,8.3,8.2,8.4,7.3,8.0,17.4,5.5,11.7,129.0,7.64,4.94
57.3,58.0,56.6,53.5,51.0,56.0,52.7,52.2,53.2,35.5,37.0,34.0,0.708,8.26,0.22,6.92,7.84,10.9,0.198,5.66,4.14,0.0397,0.323,0.672,53.7,40,110,35,600,6.0,16.9,8.0,8.7,7.7,8.3,7.7,8.2,8.1,7.3,9.0,18.1,6.2,11.0,131.0,7.8,4.83
54.1,52.8,55.4,57.1,58.0,56.2,50.0,49.2,50.8,34.6,35.8,33.4,0.711,8.42,0.222,7.02,7.92,11.2,0.202,5.64,4.22,0.0398,0.332,0.687,53.0,39,100,37,600,6.5,16.4,8.9,9.9,7.2,7.9,7.0,8.0,8.0,6.7,9.3,17.1,6.6,12.2,132.0,7.62,5.02
56.2,55.2,57.2,53.6,54.2,53.0,51.6,51.8,51.4,34.8,31.2,38.4,0.733,8.62,0.226,7.15,8.1,11.4,0.209,5.87,4.28,0.0387,0.332,0.697,52.8,40,100,39,600,5.4,17.8,9.1,8.0,6.4,8.2,9.0,7.6,7.3,7.3,9.5,16.5,5.7,13.0,131.0,7.9,4.5
55.4,55.8,55.0,53.9,55.8,52.0,50.7,50.8,50.6,33.1,31.0,35.2,0.758,8.83,0.236,7.3,8.24,11.6,0.211,5.85,4.37,0.0393,0.34,0.71,52.6,39,120,39,600,4.7,18.1,8.7,6.2,7.3,9.3,8.9,8.3,8.2,7.7,9.3,18.0,6.2,10.7,132.0,7.38,4.54
56.6,56.6,56.6,55.0,55.2,54.8,52.7,52.6,52.8,35.4,34.2,36.6,0.797,9.05,0.249,7.66,8.69,12.3,0.228,6.14,4.6,0.0386,0.356,0.748,52.2,39,110,36,600,4.9,16.3,7.9,7.6,9.1,9.6,5.9,8.7,9.4,7.5,8.3,18.9,6.8,10.5,131.0,6.97,4.36
53.5,51.8,55.2,52.0,52.8,51.2,50.8,52.2,49.4,32.9,31.8,34.0,0.854,9.59,0.26,7.99,9.16,13.0,0.239,6.5,4.85,0.0389,0.368,0.787,52.0,39,100,37,600,4.9,16.8,8.8,8.4,8.5,8.1,5.8,6.9,9.5,8.7,8.9,18.3,6.0,11.3,131.0,6.89,4.43
55.6,53.8,57.4,54.6,55.8,53.4,51.7,50.8,52.6,32.6,31.6,33.6,0.886,10.2,0.266,8.45,9.67,13.6,0.25,6.88,5.13,0.0388,0.388,0.833,51.4,39,94,35,600,5.4,16.5,8.3,8.2,6.6,7.9,6.5,7.3,8.8,8.8,9.9,15.8,5.1,11.8,127.0,7.32,4.28
55.5,54.8,56.2,33.6,31.0,36.2,51.2,53.0,49.4,26.6,27.8,25.4,0.947,10.6,0.284,8.89,10.2,14.3,0.265,7.26,5.35,0.0388,0.401,0.874,51.1,39,93,34,600,6.0,15.0,7.8,8.8,7.9,8.2,7.4,8.3,9.2,9.1,9.1,16.0,5.2,12.2,130.0,6.02,3.79
51.5,52.6,50.4,58.3,60.6,56.0,53.5,53.4,53.6,45.3,44.6,46.0,0.805,8.88,0.238,7.42,8.24,11.7,0.222,5.91,4.38,0.0395,0.34,0.701,116.0,84,410,100,600,65.2,15.2,8.6,8.3,7.1,8.3,6.8,7.0,7.4,6.5,7.4,16.8,6.5,11.2,182.0,7.25,2.91
53.7,55.2,52.2,59.9,60.8,59.0,49.7,51.0,48.4,48.4,47.8,49.0,0.796,8.91,0.242,7.34,8.11,11.8,0.222,5.89,4.41,0.0376,0.338,0.7,100.0,69,200,46,600,30.4,18.9,10.0,8.2,7.9,9.8,8.2,7.1,8.3,7.3,8.2,15.5,5.8,12.4,158.0,10.7,4.62
51.4,50.8,52.0,58.9,57.4,60.4,50.5,50.0,51.0,46.2,43.8,48.6,0.784,8.84,0.242,7.47,8.08,11.7,0.222,5.86,4.46,0.0387,0.336,0.694,90.2,61,100,38,600,5.9,19.6,8.9,7.1,8.0,8.7,7.6,7.1,8.9,7.7,8.5,14.0,4.3,10.5,127.0,13.3,6.13
54.4,55.6,53.2,57.5,57.4,57.6,50.1,51.4,48.8,45.6,44.2,47.0,0.798,8.8,0.243,7.52,8.11,11.9,0.221,5.95,4.37,0.0397,0.335,0.723,83.0,57,100,37,600,6.3,18.2,7.0,7.7,9.2,8.1,7.7,7.7,7.4,7.8,10.1,16.8,5.6,10.0,130.0,15.1,7.5
53.1,51.8,54.4,61.8,62.4,61.2,65.8,68.4,63.2,46.4,45.2,47.6,0.797,8.87,0.242,7.52,7.88,11.8,0.226,5.82,4.44,0.039,0.871,0.715,78.2,53,110,36,600,6.0,18.2,7.3,8.1,8.7,8.7,8.4,6.9,6.4,8.7,8.4,18.1,6.0,8.9,129.0,16.0,8.31
50.8,49.8,51.8,57.4,56.4,58.4,51.2,51.2,51.2,46.9,44.2,49.6,0.801,8.83,0.248,7.56,7.87,11.6,0.231,5.82,4.44,0.039,0.87,0.713,75.2,51,130,39,600,6.3,18.6,8.6,8.8,8.7,8.3,8.6,7.7,7.7,8.4,7.0,18.0,6.3,9.9,133.0,15.0,8.81
52.8,51.6,54.0,59.2,61.0,57.4,53.3,53.2,53.4,46.8,47.4,46.2,0.794,8.76,0.245,7.65,7.81,11.7,0.226,5.88,4.44,0.0392,0.864,0.717,72.1,50,120,37,600,6.2,15.5,7.9,8.1,8.3,7.4,8.6,7.6,8.4,8.4,7.0,15.8,6.5,11.6,127.0,14.7,8.81
56.2,54.4,58.0,56.9,56.6,57.2,54.2,53.4,55.0,43.4,39.4,47.4,0.789,8.9,0.244,7.69,7.77,11.6,0.224,5.84,4.4,0.038,0.867,0.726,69.5,48,100,36,600,5.4,15.4,7.8,7.7,7.4,9.2,9.1,6.9,7.9,8.9,8.0,14.8,5.4,12.6,127.0,15.0,8.76
50.9,52.0,49.8,60.0,61.2,58.8,49.6,50.2,49.0,47.2,48.8,45.6,0.803,8.72,0.239,7.64,7.79,11.7,0.223,5.9,4.43,0.0388,0.864,0.711,67.7,47,110,38,600,4.8,16.9,8.3,7.4,10.0,10.0,8.7,7.7,7.1,8.4,9.3,15.8,5.7,12.8,133.0,15.0,8.58
57.5,56.8,58.2,59.0,57.4,60.6,54.0,53.4,54.6,42.1,38.8,45.4,0.777,8.76,0.245,7.74,7.58,11.7,0.217,5.84,4.45,0.0386,0.871,0.711,66.0,46,110,37,600,4.6,18.5,9.3,7.4,9.6,9.7,8.7,8.1,6.4,8.1,8.9,17.4,5.6,11.8,134.0,14.7,8.92
52.6,53.2,52.0,59.7,61.6,57.8,52.9,53.2,52.6,45.5,46.2,44.8,0.789,8.73,0.242,7.79,7.64,11.5,0.219,5.9,4.43,0.0388,0.868,0.716,64.3,45,100,36,600,5.7,17.9,9.3,8.7,7.6,9.0,9.0,7.3,7.2,8.0,8.5,17.1,5.0,11.0,131.0,14.6,8.13
52.9,55.0,50.8,57.8,58.0,57.6,51.8,50.2,53.4,42.6,44.0,41.2,0.785,8.8,0.235,7.82,7.55,11.6,0.217,5.85,4.41,0.0388,0.864,0.727,63.3,44,110,36,600,7.0,15.7,10.0,8.7,7.5,8.7,8.6,7.9,7.5,8.3,8.3,16.6,6.5,10.0,131.0,14.4,7.84
50.7,52.0,49.4,57.9,60.4,55.4,50.6,51.8,49.4,45.3,45.0,45.6,0.764,8.79,0.239,8.02,7.48,11.5,0.217,5.91,4.44,0.0377,0.867,0.723,62.1,44,110,36,600,6.2,16.6,8.9,8.8,7.0,8.9,7.9,8.6,6.2,7.8,7.8,16.9,5.6,10.4,128.0,13.4,8.29
54.4,51.0,57.8,58.9,61.2,56.6,53.6,53.6,53.6,44.9,44.4,45.4,0.772,8.72,0.239,7.93,7.54,11.5,0.214,5.82,4.39,0.0389,0.865,0.723,60.8,43,94,35,600,6.2,17.0,7.0,8.2,7.9,8.1,7.5,8.1,6.5,8.9,8.1,16.3,4.5,10.2,125.0,14.3,8.33
54.5,53.0,56.0,59.0,60.4,57.6,53.9,53.4,54.4,45.2,42.8,47.6,0.757,8.73,0.237,7.98,7.46,11.4,0.212,5.81,4.44,0.0398,0.866,0.727,60.0,42,96,37,600,6.3,15.9,7.3,7.7,8.8,8.2,7.8,9.4,8.0,10.1,9.1,17.6,5.2,9.6,131.0,14.1,7.55
55.6,57.0,54.2,57.2,56.4,58.0,52.2,49.6,54.8,43.9,42.0,45.8,0.791,9.13,0.243,8.39,7.83,12.2,0.224,6.0,4.58,0.039,0.876,0.769,59.5,42,120,36,600,5.5,15.8,8.1,8.3,8.1,7.9,8.1,9.5,7.4,9.0,8.5,19.1,5.8,12.2,133.0,14.2,7.72
53.4,52.4,54.4,66.6,67.8,65.4,52.3,52.2,52.4,45.2,43.8,46.6,0.83,9.55,0.26,8.82,8.22,12.7,0.235,6.39,4.86,0.039,0.893,0.819,58.8,42,130,35,600,4.8,17.6,8.8,7.6,8.2,7.4,7.6,7.9,7.0,7.5,8.1,18.5,6.5,13.3,131.0,14.2,8.2
55.0,54.2,55.8,59.6,59.8,59.4,54.7,55.0,54.4,44.3,43.7,44.9,0.893,10.1,0.273,9.15,8.73,13.3,0.249,6.76,5.09,0.0403,0.909,0.862,59.2,42,150,43,600,5.4,18.4,8.5,6.8,8.1,7.8,8.4,7.7,9.0,7.1,8.5,16.5,5.7,13.1,131.0,15.1,8.58
54.2,54.8,53.6,51.6,50.8,52.4,51.6,53.4,49.8,32.6,30.9,34.3,0.94,10.5,0.283,9.66,9.14,14.1,0.263,7.17,5.37,0.0395,0.925,0.908,58.6,42,150,44,600,5.2,18.4,9.3,6.3,7.6,9.1,9.6,8.4,8.1,8.3,8.1,16.5,6.7,12.3,134.0,13.2,8.97
63.7,63.4,64.0,62.2,61.8,62.6,65.7,64.4,67.0,52.8,52.8,52.8,0.788,8.96,0.24,8.1,7.52,11.6,0.212,5.99,4.47,0.04,0.329,0.741,116.0,100,240,100,600,68.3,14.3,8.88,4.88,6.63,6.38,6.63,6.25,5.88,6.75,5.5,14.8,4.88,7.63,168.0,6.1,2.7
51.8,51.6,52.0,64.0,64.8,63.2,48.6,47.8,49.4,53.0,55.2,50.8,0.786,8.83,0.235,8.1,7.47,11.8,0.211,6.03,4.43,0.0389,0.332,0.749,98.9,90,220,85,600,46.4,19.2,9.9,6.9,7.3,7.5,8.9,8.0,7.2,6.2,7.4,18.3,5.7,10.5,169.0,10.5,4.52
50.3,50.0,50.6,61.5,60.8,62.2,50.2,49.2,51.2,52.3,51.2,53.4,0.76,8.83,0.239,8.12,7.41,11.7,0.209,5.97,4.45,0.039,0.333,0.744,88.1,77,110,38,600,13.6,21.3,8.4,8.3,6.6,7.9,10.2,7.8,7.2,6.7,9.2,17.5,5.7,11.6,142.0,15.2,7.77
55.6,56.2,55.0,61.6,61.4,61.8,51.4,51.2,51.6,54.7,51.6,57.8,0.786,8.71,0.24,8.06,7.41,11.7,0.214,5.88,4.51,0.0403,0.332,0.751,80.7,68,110,36,600,5.2,17.7,8.2,8.2,8.4,8.5,7.9,9.0,7.9,8.2,8.5,17.0,5.6,9.6,130.0,18.1,9.03
54.7,56.6,52.8,59.7,60.6,58.8,54.2,51.4,57.0,52.2,52.7,51.7,0.788,8.84,0.245,8.19,7.46,11.6,0.217,5.92,4.43,0.0383,0.332,0.752,77.0,63,130,39,600,5.2,15.7,9.3,8.1,9.5,9.7,6.9,9.0,8.1,7.8,8.6,19.0,6.7,7.9,132.0,20.0,11.3
51.6,49.6,53.6,61.4,61.4,61.4,51.1,50.6,51.6,49.8,48.7,50.9,0.795,8.79,0.239,8.15,7.54,11.7,0.218,5.9,4.49,0.0404,0.327,0.756,73.3,59,130,40,600,5.5,16.8,9.0,8.3,8.9,8.4,7.1,8.6,8.1,7.2,9.4,18.4,6.5,11.0,133.0,20.3,11.3
54.7,54.0,55.4,61.9,63.2,60.6,53.0,52.4,53.6,51.5,52.6,50.4,0.783,8.84,0.236,8.17,7.33,11.8,0.218,5.88,4.42,0.0394,0.324,0.754,70.4,56,110,38,600,6.1,17.0,9.4,8.1,7.8,7.9,7.6,6.8,8.7,7.8,7.4,15.7,5.3,13.4,129.0,19.6,11.6
53.5,51.6,55.4,61.7,62.2,61.2,53.5,54.8,52.2,50.4,48.3,52.5,0.785,8.83,0.246,8.09,7.53,11.6,0.215,6.02,4.51,0.0383,0.328,0.761,68.1,54,110,41,600,5.7,18.1,10.1,8.2,8.1,8.8,8.0,6.7,8.7,8.3,8.4,15.6,6.0,11.6,132.0,18.0,10.3
52.8,53.2,52.4,58.5,60.0,57.0,51.5,52.2,50.8,48.3,47.0,49.6,0.802,8.87,0.243,7.99,7.49,11.7,0.219,5.88,4.48,0.0404,0.331,0.765,66.1,52,100,40,600,5.5,17.4,9.0,8.0,8.2,9.7,7.5,9.2,8.9,8.2,8.5,17.8,6.7,11.3,136.0,19.1,11.1
54.6,56.2,53.0,62.3,63.8,60.8,51.2,51.4,51.0,52.9,50.8,55.0,0.794,8.88,0.249,8.08,7.43,11.7,0.222,5.98,4.48,0.0393,0.329,0.762,64.4,50,100,38,600,5.2,15.3,8.0,8.3,7.7,10.3,7.5,9.3,9.5,8.3,7.2,18.2,6.0,10.7,132.0,18.9,10.2
52.7,52.6,52.8,63.3,63.0,63.6,52.6,50.6,54.6,51.5,50.0,53.0,0.797,8.78,0.245,8.17,7.3,11.8,0.222,6.0,4.52,0.0386,0.333,0.77,63.4,49,110,36,600,5.1,16.8,7.9,7.5,7.5,8.9,8.3,8.8,9.6,8.0,8.5,18.6,5.7,9.7,131.0,18.5,9.89
52.8,52.6,53.0,61.9,63.8,60.0,50.9,50.2,51.6,49.7,49.0,50.4,0.796,8.76,0.247,8.01,7.35,11.6,0.219,6.05,4.49,0.0386,0.331,0.769,62.7,49,130,40,600,5.2,17.0,9.0,7.4,8.4,7.8,8.7,7.6,9.0,7.3,8.0,17.6,5.8,10.7,130.0,18.1,10.2
52.1,51.2,53.0,61.4,62.8,60.0,63.3,64.8,61.8,51.6,50.8,52.4,0.813,8.83,0.243,8.03,7.43,11.7,0.219,5.95,4.49,0.0407,0.603,0.755,61.8,48,120,41,600,5.0,15.6,9.3,8.4,10.0,7.3,9.5,7.8,8.1,8.0,7.5,15.5,5.8,11.0,129.0,19.0,10.1
52.3,53.0,51.6,68.5,68.2,68.8,51.2,50.6,51.8,51.5,49.6,53.4,0.78,8.71,0.239,8.05,7.32,11.7,0.216,5.98,4.49,0.0397,0.847,0.76,60.7,47,110,35,600,5.4,16.5,7.6,9.0,8.6,7.8,9.1,7.9,7.8,8.7,8.9,15.9,5.6,10.8,130.0,18.7,10.5
53.4,52.4,54.4,58.1,57.8,58.4,54.5,53.0,56.0,51.1,50.8,51.4,0.769,8.87,0.24,8.16,7.38,11.5,0.211,5.89,4.52,0.04,0.851,0.754,60.0,46,100,37,600,5.0,15.7,7.8,9.7,6.0,9.7,8.1,7.0,8.9,7.2,7.9,16.0,5.3,11.2,126.0,19.1,11.5
52.2,50.0,54.4,62.4,62.4,62.4,51.3,52.6,50.0,51.6,50.2,53.0,0.762,8.73,0.24,8.03,7.56,11.7,0.215,5.95,4.51,0.0401,0.851,0.782,59.2,45,100,38,600,5.6,17.1,8.8,8.8,6.4,10.4,8.4,9.2,8.7,7.8,6.3,16.6,4.9,12.0,131.0,19.2,11.7
52.6,54.0,51.2,58.6,59.8,57.4,52.1,53.0,51.2,51.2,51.6,50.8,0.822,9.22,0.252,8.44,7.98,12.4,0.226,6.27,4.73,0.0413,0.87,0.823,58.5,45,100,35,600,6.3,17.6,7.9,8.0,9.3,8.3,8.8,8.9,7.5,9.0,8.0,16.8,4.7,11.4,133.0,19.3,11.4
51.3,47.6,55.0,63.3,65.0,61.6,52.0,51.2,52.8,52.2,50.8,53.6,0.859,9.8,0.26,9.0,8.35,12.9,0.239,6.67,5.01,0.0405,0.879,0.862,58.0,44,110,34,600,6.4,15.5,7.7,8.0,9.2,8.1,7.5,7.5,9.4,9.2,8.1,16.8,5.2,9.8,128.0,19.3,11.5
55.0,52.6,57.4,61.4,62.8,60.0,57.0,57.0,57.0,52.0,51.2,52.8,0.919,10.2,0.274,9.48,8.76,13.6,0.253,6.97,5.24,0.0416,0.9,0.902,58.2,45,140,41,600,5.9,16.3,8.1,9.1,7.7,8.5,7.6,8.2,10.3,9.6,7.9,18.0,6.0,9.2,132.0,17.9,11.4
51.8,49.4,54.2,63.4,64.4,62.4,52.7,51.2,54.2,52.4,51.4,53.4,0.968,10.8,0.29,9.86,9.23,14.3,0.265,7.43,5.52,0.0406,0.914,0.957,57.6,44,130,45,600,5.2,17.7,8.1,9.8,8.1,8.9,8.2,8.1,8.1,8.6,8.6,18.1,6.4,10.3,134.0,18.3,10.3
58.3,57.6,59.0,59.9,60.8,59.0,53.8,56.4,51.2,52.2,51.6,52.8,1.03,11.3,0.302,10.4,9.72,14.9,0.277,7.73,5.88,0.0416,0.932,0.99,57.4,44,110,40,600,5.1,17.4,7.4,8.4,8.1,8.4,8.3,9.1,7.3,8.3,7.5,17.3,6.3,11.3,130.0,19.3,10.9
51.4,51.6,51.2,52.4,51.0,53.8,49.9,49.6,50.2,38.5,38.2,38.8,1.07,11.8,0.308,10.9,10.2,15.6,0.288,8.09,6.12,0.041,0.947,1.04,56.8,44,100,38,600,5.8,18.3,7.4,7.7,7.9,7.4,10.0,9.6,8.1,8.4,6.7,16.6,5.7,10.7,130.0,18.1,10.7
64.9,64.0,65.8,65.8,67.8,63.8,63.0,62.6,63.4,64.7,66.4,63.0,0.786,8.86,0.228,8.01,7.41,11.5,0.21,5.98,4.42,0.0401,0.853,0.728,116.0,98,280,98,600,67.1,12.8,5.88,6.0,6.75,8.63,5.63,6.5,5.38,7.5,7.13,12.0,3.88,9.38,165.0,10.2,3.83
53.6,52.6,54.6,66.1,68.6,63.6,51.9,51.2,52.6,64.6,64.8,64.4,0.783,8.93,0.23,8.0,7.49,11.6,0.21,6.08,4.42,0.0402,0.855,0.745,98.2,82,300,77,600,46.6,17.5,7.2,8.4,8.1,9.4,8.2,7.6,6.0,8.5,8.5,17.1,6.2,11.0,170.0,15.7,6.67
50.4,49.6,51.2,63.2,64.2,62.2,50.0,48.0,52.0,64.6,65.2,64.0,0.777,8.82,0.225,8.12,7.38,11.5,0.206,5.89,4.51,0.0401,0.852,0.745,88.1,72,110,38,600,15.5,17.5,7.4,8.9,8.0,9.7,8.0,7.8,8.2,8.3,8.4,17.3,6.7,11.2,143.0,21.6,9.61
54.7,52.0,57.4,65.8,67.4,64.2,50.5,50.8,50.2,62.6,62.1,63.1,0.767,8.88,0.226,7.99,7.53,11.6,0.207,5.88,4.47,0.0412,0.85,0.727,80.8,64,100,36,600,5.2,16.7,7.7,8.0,7.7,7.8,7.7,7.9,9.7,8.5,8.5,14.7,5.5,11.4,127.0,26.1,12.5
54.2,54.8,53.6,65.1,67.2,63.0,52.4,53.2,51.6,63.2,62.4,64.0,0.762,8.82,0.227,7.94,7.58,11.6,0.204,5.9,4.45,0.0414,0.844,0.743,75.9,60,100,38,600,5.7,18.1,7.9,8.3,7.9,6.6,9.0,7.3,7.4,8.8,8.5,15.9,5.5,12.7,130.0,27.5,15.4
52.2,51.8,52.6,65.9,67.2,64.6,52.3,52.2,52.4,63.4,62.0,64.8,0.754,8.86,0.227,8.03,7.49,11.6,0.208,6.0,4.5,0.0393,0.572,0.752,72.6,57,110,40,600,6.4,17.5,7.2,8.5,8.8,8.3,8.7,7.7,6.7,9.9,7.7,17.6,5.6,13.3,134.0,26.8,15.0
51.9,51.8,52.0,65.9,67.4,64.4,53.4,52.4,54.4,61.8,60.3,63.3,0.775,8.89,0.229,8.18,7.48,11.6,0.209,5.93,4.53,0.0394,0.328,0.746,70.9,56,130,45,600,4.9,16.8,7.2,8.0,8.3,7.7,7.6,10.0,8.3,9.4,8.6,18.3,5.7,11.6,132.0,26.6,15.1
52.6,53.8,51.4,66.6,69.0,64.2,51.3,52.2,50.4,62.6,61.8,63.4,0.779,8.78,0.232,8.03,7.5,11.6,0.211,5.93,4.49,0.0393,0.325,0.748,69.2,54,140,46,600,5.0,16.6,7.4,7.7,7.7,7.5,9.0,10.3,8.8,9.4,7.8,18.2,6.3,11.2,133.0,26.8,14.4
56.2,54.2,58.2,71.6,73.2,70.0,51.0,49.4,52.6,62.6,62.4,62.8,0.784,8.81,0.231,8.04,7.43,11.6,0.211,5.92,4.45,0.0411,0.325,0.739,68.6,54,140,45,600,5.6,17.0,8.0,7.5,8.6,7.6,11.1,7.7,8.1,10.1,7.6,16.7,5.8,12.1,134.0,27.0,15.2
53.7,54.0,53.4,65.1,66.6,63.6,51.9,52.0,51.8,61.0,59.8,62.2,0.765,8.83,0.227,8.01,7.52,11.7,0.205,5.88,4.53,0.0392,0.322,0.737,68.1,54,150,47,600,5.3,16.2,8.1,7.7,8.3,7.7,10.4,7.1,6.8,8.8,9.2,16.4,5.2,11.6,129.0,25.3,15.6
49.5,50.2,48.8,66.9,67.6,66.2,50.8,51.6,50.0,64.3,63.4,65.2,0.773,8.72,0.232,7.93,7.53,11.8,0.206,5.8,4.53,0.0402,0.329,0.738,66.9,53,140,43,600,5.2,15.9,7.8,8.0,8.7,8.6,9.9,9.5,6.7,8.3,8.7,16.9,5.3,11.2,131.0,26.8,15.8
53.8,54.6,53.0,65.6,68.6,62.6,51.4,51.2,51.6,63.5,61.6,65.4,0.758,8.74,0.228,7.89,7.55,11.7,0.204,5.8,4.57,0.0393,0.324,0.753,65.7,52,120,42,600,5.0,18.6,7.7,7.6,7.9,9.5,9.5,9.0,7.9,8.9,8.8,15.2,4.5,9.6,130.0,27.1,16.6
50.7,50.4,51.0,65.2,66.2,64.2,54.1,54.0,54.2,62.1,60.6,63.6,0.754,8.68,0.225,8.0,7.43,11.6,0.202,5.77,4.53,0.0393,0.328,0.746,64.7,51,110,41,600,4.2,17.9,9.0,9.1,7.7,8.8,9.2,8.1,7.9,7.6,8.1,16.2,4.9,10.2,129.0,27.4,16.8
54.7,55.8,53.6,65.8,68.6,63.0,53.1,52.4,53.8,63.6,60.6,66.6,0.741,8.76,0.221,7.86,7.45,11.6,0.2,5.87,4.41,0.0402,0.326,0.759,64.1,51,130,43,600,5.4,16.7,9.6,9.2,8.1,8.3,8.8,9.6,6.5,6.8,7.9,17.3,5.2,12.2,132.0,27.1,16.1
52.1,51.8,52.4,65.7,65.2,66.2,50.8,51.2,50.4,63.0,61.0,65.0,0.733,8.67,0.224,7.83,7.44,11.4,0.199,5.8,4.47,0.0404,0.326,0.748,63.2,50,110,40,600,7.0,16.6,8.6,6.8,6.8,7.5,8.6,9.0,6.6,7.4,7.1,16.4,4.5,11.4,124.0,29.0,15.6
53.9,53.6,54.2,69.2,71.4,67.0,52.7,51.4,54.0,64.2,61.8,66.6,0.732,8.84,0.224,7.76,7.57,11.7,0.202,5.77,4.45,0.0395,0.326,0.772,62.5,49,110,38,600,5.6,17.4,8.3,8.0,6.0,7.6,8.4,7.9,7.2,8.1,7.2,16.8,4.5,11.5,125.0,27.7,15.5
53.2,53.6,52.8,67.7,70.0,65.4,49.9,49.6,50.2,65.2,63.8,66.6,0.758,9.23,0.234,8.32,8.04,12.4,0.21,6.16,4.68,0.0406,0.337,0.82,62.0,49,120,41,600,4.4,18.7,8.3,8.7,7.4,8.6,8.1,8.8,7.1,8.8,8.4,16.2,4.4,12.6,131.0,28.1,14.8
51.1,50.6,51.6,64.6,65.2,64.0,51.2,51.0,51.4,62.9,61.0,64.8,0.809,9.73,0.246,8.74,8.41,13.0,0.222,6.47,4.96,0.0412,0.352,0.865,61.6,48,120,45,600,5.1,17.8,8.9,8.1,9.1,8.1,7.9,8.0,7.0,8.4,7.3,15.7,4.8,12.1,128.0,26.8,15.2
52.0,52.4,51.6,61.8,61.8,61.8,54.3,52.8,55.8,55.2,56.6,53.8,0.863,10.2,0.258,9.15,8.84,13.7,0.236,6.87,5.25,0.0412,0.368,0.909,61.1,48,130,42,600,5.7,16.3,9.4,9.3,8.4,7.4,7.7,7.5,7.1,7.5,8.1,16.8,5.9,11.3,128.0,27.8,15.1
55.0,54.4,55.6,39.8,42.0,37.6,67.1,67.2,67.0,34.1,36.2,32.0,0.917,10.7,0.272,9.73,9.31,14.3,0.254,7.17,5.5,0.0414,0.963,0.946,61.1,48,140,42,600,5.6,16.7,9.9,8.6,8.4,7.1,7.7,8.0,7.8,7.9,8.4,16.2,6.3,10.5,129.0,23.9,14.0
53.4,51.0,55.8,70.8,72.4,69.2,57.6,57.4,57.8,61.5,59.2,63.8,0.742,8.73,0.219,7.99,7.32,11.6,0.192,5.78,4.35,0.0417,0.896,0.747,100.0,85,270,100,600,64.2,13.6,8.6,7.8,7.8,8.1,8.0,7.2,6.7,6.3,6.5,15.7,4.3,9.0,174.0,16.3,6.1
51.7,52.0,51.4,65.0,66.0,64.0,50.9,49.2,52.6,62.9,61.4,64.4,0.735,8.79,0.22,7.9,7.31,11.6,0.193,5.75,4.36,0.0415,0.897,0.741,88.9,70,210,52,600,31.3,16.2,9.1,8.9,7.9,9.1,8.2,8.1,8.5,8.2,7.2,18.3,5.7,11.5,158.0,22.4,10.0
52.5,54.6,50.4,63.7,64.2,63.2,53.8,53.4,54.2,66.5,62.0,71.0,0.741,8.74,0.22,7.95,7.27,11.6,0.197,5.79,4.39,0.0404,0.894,0.748,82.0,64,120,45,600,5.9,16.9,8.6,8.3,7.7,8.6,6.1,8.3,8.3,9.4,6.7,17.1,5.6,11.5,129.0,28.5,12.8
52.2,53.0,51.4,70.5,71.8,69.2,52.9,52.0,53.8,64.6,66.6,62.6,0.739,8.84,0.221,8.0,7.17,11.5,0.2,5.77,4.44,0.0396,0.893,0.749,77.4,61,120,44,600,6.7,17.3,9.5,7.7,7.8,8.4,6.8,8.7,7.8,9.3,7.7,17.6,5.9,10.5,132.0,29.6,15.6
50.4,49.6,51.2,72.5,72.6,72.4,51.3,52.0,50.6,65.9,63.0,68.8,0.734,8.8,0.221,8.04,7.08,11.3,0.201,5.81,4.4,0.0417,0.897,0.759,75.3,59,140,47,600,5.5,16.4,9.7,7.6,8.3,8.2,8.8,7.7,9.0,9.1,7.8,18.2,6.0,11.3,134.0,29.6,15.6
53.0,54.4,51.6,66.7,67.6,65.8,51.2,48.4,54.0,67.2,66.0,68.4,0.739,8.81,0.221,8.05,7.12,11.5,0.198,5.84,4.37,0.0419,0.894,0.745,73.6,58,160,47,600,5.2,14.8,8.0,7.6,9.3,8.9,8.3,8.0,9.4,8.9,8.1,17.3,4.8,11.1,130.0,28.6,17.4
51.1,49.8,52.4,67.8,71.0,64.6,51.0,51.0,51.0,62.4,63.0,61.8,0.734,8.9,0.222,8.16,7.19,11.4,0.198,5.93,4.41,0.042,0.896,0.75,70.9,55,140,43,600,5.0,15.5,8.9,8.6,8.9,8.4,7.4,8.7,7.9,8.5,9.2,16.7,4.8,11.0,130.0,27.7,16.0
51.1,48.8,53.4,66.3,67.4,65.2,51.3,48.8,53.8,62.6,61.0,64.2,0.729,8.8,0.22,8.12,7.21,11.5,0.198,5.75,4.44,0.0421,0.892,0.74,69.0,53,120,39,600,4.9,16.7,9.6,11.0,8.6,7.1,7.1,8.2,8.4,8.3,8.6,16.0,5.6,10.4,131.0,28.3,16.7
54.8,53.2,56.4,64.1,66.6,61.6,55.0,53.6,56.4,67.2,64.0,70.4,0.737,8.68,0.227,8.18,7.09,11.4,0.203,5.77,4.47,0.0402,0.892,0.754,68.0,52,130,44,600,5.6,18.4,8.4,9.3,9.1,8.1,7.0,7.2,9.4,7.2,7.3,17.9,6.4,9.3,131.0,30.0,16.3
53.3,51.2,55.4,69.8,70.6,69.0,52.6,52.6,52.6,63.2,59.0,67.4,0.763,8.82,0.227,8.27,7.01,11.7,0.207,5.85,4.38,0.0404,0.897,0.76,66.7,51,130,46,600,6.1,18.5,9.3,6.5,10.2,7.9,7.9,7.1,6.9,6.5,8.4,19.4,5.9,10.5,131.0,28.6,17.2
50.4,49.8,51.0,63.9,66.8,61.0,55.2,53.4,57.0,64.3,64.4,64.2,0.753,8.74,0.233,8.28,7.11,11.6,0.209,5.84,4.43,0.0413,0.893,0.754,66.4,51,140,44,600,5.2,16.4,8.6,7.1,8.7,7.3,9.0,8.4,6.1,7.3,9.2,17.9,5.9,11.9,129.0,29.6,16.1
52.5,52.4,52.6,66.6,68.6,64.6,52.4,52.0,52.8,68.2,69.0,67.4,0.785,8.79,0.232,8.3,6.97,11.3,0.214,5.81,4.48,0.0423,0.9,0.744,65.4,51,140,44,600,4.8,17.2,7.4,7.6,7.7,7.9,9.5,7.7,8.9,8.1,8.4,15.3,5.6,11.4,128.0,30.0,16.2
50.2,50.8,49.6,66.8,69.0,64.6,48.8,47.6,50.0,62.5,61.4,63.6,0.776,8.69,0.23,8.34,7.04,11.4,0.209,5.74,4.45,0.0412,0.899,0.748,64.8,50,130,42,600,4.7,18.4,9.2,8.1,8.3,7.2,9.4,6.6,9.4,8.1,8.2,16.0,5.7,11.3,131.0,28.2,15.4
51.9,51.4,52.4,67.2,69.6,64.8,50.8,52.2,49.4,61.1,62.0,60.2,0.746,8.72,0.227,8.3,7.03,11.4,0.2,5.73,4.41,0.042,0.896,0.741,64.2,50,130,44,600,4.1,17.5,10.1,8.4,7.1,7.4,8.6,7.6,8.4,9.1,8.7,16.3,5.4,11.0,130.0,29.4,16.6
51.8,50.6,53.0,65.2,66.8,63.6,53.2,54.8,51.6,65.7,66.1,65.3,0.733,8.57,0.226,8.23,6.95,11.2,0.198,5.71,4.42,0.041,0.317,0.758,63.8,50,130,44,600,6.2,17.3,8.4,8.5,7.2,7.8,7.4,7.3,9.4,8.6,8.6,14.2,4.0,10.8,126.0,30.2,16.6
52.1,54.0,50.2,68.1,69.8,66.4,52.0,50.6,53.4,64.1,61.4,66.8,0.754,8.92,0.231,8.48,7.27,11.8,0.209,5.96,4.53,0.0412,0.326,0.787,63.2,49,130,43,600,6.4,17.5,6.4,8.4,8.8,7.8,7.8,6.8,8.9,8.4,7.1,16.2,5.4,11.3,127.0,29.0,15.8
54.2,53.4,55.0,73.9,76.0,71.8,52.8,52.6,53.0,60.8,61.5,60.1,0.787,9.4,0.241,9.05,7.79,12.5,0.221,6.27,4.84,0.0414,0.344,0.843,62.7,49,120,41,600,5.0,17.2,6.1,7.6,8.0,8.2,9.1,8.0,7.3,9.5,7.7,17.7,5.6,11.6,129.0,28.3,16.5
52.8,53.0,52.6,67.0,68.4,65.6,51.9,51.2,52.6,65.1,65.4,64.8,0.84,9.99,0.252,9.44,8.17,13.2,0.231,6.69,5.06,0.0417,0.356,0.888,62.3,49,120,46,600,4.7,17.6,7.2,8.3,6.7,7.4,8.0,8.5,8.8,9.5,9.8,17.0,4.5,11.7,130.0,28.8,16.9
54.3,55.0,53.6,51.3,51.4,51.2,53.0,52.2,53.8,51.2,48.8,53.6,0.876,10.5,0.264,9.89,8.6,13.8,0.243,6.96,5.31,0.0407,0.375,0.937,61.8,48,120,45,600,5.5,17.7,8.3,9.4,6.8,7.4,8.1,8.7,8.4,8.6,9.4,16.8,5.2,11.2,132.0,26.6,16.8
64.8,64.8,64.8,61.6,62.8,60.4,61.6,62.4,60.8,36.6,35.8,37.4,0.766,9.03,0.232,8.3,7.49,12.0,0.211,5.96,4.51,0.0398,0.332,0.774,125.0,100,320,120,800,60.1,21.1,10.8,8.5,8.4,8.7,10.2,9.3,8.0,9.7,9.5,17.5,5.8,12.9,201.0,5.26,2.09
64.7,64.6,64.8,63.2,63.4,63.0,57.4,57.2,57.6,34.9,36.6,33.2,0.771,9.22,0.234,8.46,7.61,12.2,0.212,5.95,4.64,0.0395,0.333,0.785,109.0,91,300,71,800,30.5,21.6,11.2,9.6,10.3,9.1,11.5,9.7,10.7,13.3,11.4,23.8,7.6,14.2,195.0,6.71,3.23
61.5,61.2,61.8,60.5,60.6,60.4,57.6,58.0,57.2,36.7,37.2,36.2,0.796,9.29,0.241,8.43,7.67,12.3,0.217,6.09,4.65,0.0384,0.338,0.782,102.0,84,140,50,800,9.4,21.9,10.5,11.3,11.0,10.3,11.9,9.3,11.2,13.2,12.6,25.8,8.2,14.1,181.0,7.95,4.55
63.1,61.4,64.8,58.0,58.2,57.8,70.6,69.2,72.0,35.7,34.0,37.4,0.808,9.61,0.244,8.41,7.94,12.8,0.224,6.07,4.76,0.0393,0.34,0.786,96.2,77,150,56,800,7.6,24.1,9.6,11.7,12.2,10.8,11.1,9.4,10.5,12.6,12.0,25.0,7.8,13.9,178.0,8.64,5.19
64.3,65.2,63.4,63.0,64.2,61.8,58.4,56.8,60.0,37.6,39.6,35.6,0.814,9.43,0.247,8.53,8.12,12.9,0.22,6.17,4.81,0.0387,0.921,0.788,93.4,74,200,54,800,9.2,23.3,9.3,11.2,12.5,9.5,10.3,9.3,10.4,12.2,11.5,23.3,6.9,14.4,173.0,8.26,5.53
63.1,63.2,63.0,59.1,59.6,58.6,60.2,60.2,60.2,37.2,35.6,38.8,0.847,9.57,0.248,8.75,8.14,13.1,0.225,6.19,4.97,0.0397,0.926,0.802,90.1,71,180,52,800,8.9,21.9,11.5,11.4,10.3,9.9,10.4,10.2,12.0,11.7,12.3,22.8,7.2,14.3,175.0,8.81,5.47
66.7,66.8,66.6,60.6,61.0,60.2,60.0,59.8,60.2,35.0,34.0,36.0,0.826,9.75,0.255,8.69,8.4,13.6,0.231,6.27,4.99,0.0387,0.926,0.828,87.7,70,160,55,800,8.0,21.3,11.5,10.2,10.1,10.6,12.2,11.2,11.4,12.0,11.7,22.0,7.3,14.4,174.0,8.75,5.22
63.8,62.4,65.2,60.0,60.2,59.8,60.8,60.2,61.4,33.9,32.8,35.0,0.862,10.1,0.259,8.81,8.47,13.8,0.246,6.59,5.08,0.0383,0.935,0.837,85.4,67,160,55,800,7.5,19.9,9.5,9.1,11.1,10.5,13.5,11.5,11.6,11.5,10.4,22.0,7.8,17.1,173.0,8.3,4.71
64.8,63.8,65.8,62.0,60.4,63.6,57.2,58.0,56.4,36.8,40.8,32.8,0.902,10.1,0.275,8.98,8.57,14.1,0.256,6.61,5.16,0.0375,0.945,0.837,83.0,65,150,48,800,8.0,20.9,9.5,11.5,11.0,10.6,12.0,12.3,11.6,9.6,10.8,24.1,9.3,17.0,178.0,8.26,4.7
64.6,62.8,66.4,61.3,62.8,59.8,63.1,62.4,63.8,34.1,35.4,32.8,0.941,10.5,0.279,9.15,8.74,14.6,0.257,6.75,5.26,0.0392,0.944,0.861,81.4,64,150,49,800,7.3,21.9,11.9,11.1,13.1,9.2,12.7,12.4,9.4,9.6,11.7,24.5,8.3,15.2,178.0,7.84,4.58
64.3,62.6,66.0,59.3,60.4,58.2,61.4,61.8,61.0,37.0,36.6,37.4,0.949,10.5,0.285,9.22,8.82,14.8,0.261,6.69,5.41,0.0381,0.953,0.867,80.3,64,160,55,800,5.3,23.0,12.0,11.2,12.8,9.4,12.5,10.4,11.6,11.8,9.9,25.4,8.0,14.5,178.0,7.16,4.21
64.0,65.0,63.0,59.7,60.6,58.8,59.2,59.4,59.0,34.7,37.2,32.2,0.983,10.7,0.298,9.29,8.95,14.9,0.269,6.86,5.4,0.0388,0.961,0.873,80.1,63,200,56,800,5.6,25.1,10.9,11.4,12.0,11.2,10.4,9.4,13.9,10.9,8.3,25.1,8.6,15.6,178.0,7.3,4.56
63.7,63.2,64.2,62.1,60.6,63.6,59.1,60.2,58.0,34.6,35.6,33.6,0.969,10.6,0.297,9.38,9.18,15.0,0.269,6.89,5.59,0.0367,0.965,0.873,78.7,62,190,52,800,6.6,23.9,11.2,10.7,11.5,9.6,11.4,9.1,12.5,9.3,10.6,23.1,7.8,16.8,174.0,7.81,4.51
65.0,65.4,64.6,63.7,64.4,63.0,60.3,59.2,61.4,34.5,36.0,33.0,0.984,10.7,0.298,9.46,9.24,15.4,0.27,7.02,5.63,0.0387,0.963,0.872,77.1,61,120,46,800,7.3,21.6,12.4,11.0,10.7,10.6,11.2,8.7,11.5,10.5,11.0,21.2,6.4,16.1,170.0,7.4,4.59
63.9,64.0,63.8,59.3,61.6,57.0,60.4,59.0,61.8,35.8,37.0,34.6,0.995,11.1,0.31,9.68,9.64,15.9,0.284,7.14,5.73,0.0387,0.971,0.914,76.9,61,160,51,800,8.5,23.8,12.0,9.8,11.2,12.1,10.5,10.5,11.3,10.3,9.7,22.4,7.0,16.6,176.0,7.24,4.93
62.8,62.6,63.0,60.7,60.6,60.8,59.5,61.8,57.2,33.1,33.2,33.0,1.08,11.6,0.324,10.2,10.2,16.7,0.298,7.49,6.12,0.0365,0.995,0.972,75.8,60,170,51,800,8.5,24.8,10.9,10.7,10.9,10.0,10.3,12.0,10.4,10.8,10.6,24.1,8.7,15.7,178.0,7.42,5.18
63.7,62.6,64.8,61.5,61.8,61.2,58.4,56.8,60.0,35.6,35.7,35.5,1.14,12.4,0.338,10.7,10.7,17.7,0.317,8.01,6.45,0.0386,1.02,1.01,74.6,59,120,45,800,8.1,20.4,11.5,10.8,9.9,10.0,10.4,11.9,11.8,11.5,10.5,22.1,8.2,13.7,171.0,7.47,4.95
61.8,61.0,62.6,53.3,52.4,54.2,58.7,57.4,60.0,30.3,27.4,33.3,1.2,13.0,0.353,11.3,11.3,18.5,0.353,8.48,6.79,0.0378,1.04,1.08,73.7,58,120,46,800,7.3,23.2,11.3,11.2,9.3,11.1,11.7,10.7,12.1,10.7,11.4,21.6,6.7,14.0,172.0,6.71,4.91
64.3,63.2,65.4,62.7,63.0,62.4,66.0,66.6,65.4,49.6,47.8,51.4,0.981,11.1,0.29,9.68,9.19,15.4,0.291,7.06,5.77,0.0389,0.398,0.874,130.0,110,320,130,800,64.3,20.2,9.6,8.1,8.9,9.4,7.7,10.0,9.6,10.2,9.8,18.5,4.8,9.7,201.0,8.02,4.17
63.0,63.2,62.8,63.8,66.0,61.6,59.9,58.4,61.4,46.1,46.4,45.8,0.978,11.1,0.29,9.77,9.08,15.4,0.292,7.05,5.6,0.0369,0.399,0.876,118.0,100,300,100,800,34.3,23.5,12.0,10.7,10.3,11.6,9.9,11.8,10.3,11.6,10.7,22.8,7.1,14.4,201.0,11.7,6.17
58.1,59.0,57.2,66.7,67.2,66.2,57.0,58.2,55.8,45.5,41.8,49.2,0.997,11.1,0.288,9.81,8.96,15.2,0.287,7.11,5.67,0.0382,0.4,0.871,106.0,89,150,51,800,13.2,23.7,9.7,10.9,9.4,11.8,10.3,11.9,11.9,10.7,10.9,23.0,7.9,13.9,179.0,14.4,7.79
66.9,66.4,67.4,63.4,65.8,61.0,60.8,61.0,60.6,44.7,41.8,47.6,0.972,10.9,0.29,9.77,9.01,15.4,0.279,6.95,5.68,0.0373,0.396,0.859,100.0,84,140,54,800,9.1,24.1,8.4,9.8,9.8,11.8,8.6,10.3,12.6,11.3,10.9,21.1,6.3,13.8,168.0,14.5,8.96
61.2,62.0,60.4,66.1,68.0,64.2,58.1,59.2,57.0,46.4,47.5,45.3,0.966,11.0,0.277,9.8,9.05,15.1,0.283,6.93,5.65,0.0392,0.391,0.874,93.9,77,150,51,800,8.6,21.8,10.4,9.0,11.2,12.4,8.1,10.2,12.2,11.1,12.8,23.4,7.1,14.5,173.0,14.2,8.29
63.4,62.4,64.4,62.6,64.2,61.0,73.6,75.0,72.2,43.3,42.9,43.7,0.963,10.8,0.281,9.73,8.89,15.2,0.284,7.0,5.63,0.0385,0.86,0.867,90.0,73,130,45,800,7.8,20.7,11.4,10.9,10.8,11.2,9.7,9.8,12.5,12.5,12.2,25.2,8.8,13.7,177.0,14.7,8.49
59.1,60.8,57.4,65.9,68.2,63.6,60.2,59.6,60.8,47.2,46.8,47.6,0.945,10.8,0.278,9.72,8.99,15.0,0.28,7.0,5.66,0.0386,0.974,0.865,86.3,70,140,47,800,6.3,22.2,10.7,12.6,10.9,10.6,11.6,9.4,10.9,13.2,10.3,22.2,8.7,15.3,175.0,14.1,8.04
62.4,60.2,64.6,64.2,63.4,65.0,60.5,59.8,61.2,43.6,43.8,43.4,0.945,10.8,0.271,9.77,8.88,15.0,0.28,7.0,5.69,0.0389,0.977,0.861,83.8,67,130,47,800,6.4,23.0,10.9,11.1,10.7,10.7,11.1,10.9,9.8,13.1,9.7,22.3,7.2,16.1,173.0,13.9,8.19
60.5,61.8,59.2,65.1,63.6,66.6,58.6,57.4,59.8,44.2,45.4,43.0,0.954,10.9,0.277,9.82,8.64,15.0,0.283,7.02,5.65,0.0389,0.973,0.868,82.3,66,150,55,800,7.1,23.3,11.2,9.9,11.0,11.6,9.9,10.2,9.8,11.7,9.0,22.1,6.4,15.6,169.0,14.5,8.07
62.9,62.4,63.4,85.4,84.8,86.0,61.6,61.4,61.8,42.7,40.6,44.8,0.953,10.8,0.278,9.85,8.79,14.8,0.289,6.93,5.64,0.0379,0.975,0.88,80.5,64,160,52,800,6.9,25.2,11.2,9.6,11.6,12.5,10.2,9.9,10.3,10.1,9.3,23.0,6.7,15.5,172.0,14.3,8.57
54.3,54.2,54.4,97.8,97.0,98.6,52.3,53.6,51.0,42.1,40.6,43.6,0.944,10.7,0.27,9.79,8.53,14.7,0.282,6.85,5.67,0.0378,0.973,0.863,92.3,67,620,77,800,6.4,25.6,11.4,9.6,11.0,11.2,10.2,9.8,10.0,10.5,9.4,22.0,6.3,15.2,169.0,14.1,7.93
51.3,49.0,53.6,83.1,82.6,83.6,46.9,47.0,46.8,43.5,45.8,41.2,0.89,10.6,0.263,9.62,8.35,14.6,0.275,6.79,5.42,0.0392,0.962,0.833,139.0,71,1.60000,420,800,6.7,22.7,10.8,9.2,11.2,9.5,8.8,8.5,9.6,9.3,9.0,15.7,5.5,14.4,151.0,13.5,7.56
60.7,60.6,60.8,64.2,65.6,62.8,56.9,57.4,56.4,48.5,50.0,47.0,0.849,10.3,0.264,9.49,8.25,14.6,0.273,6.51,5.47,0.0394,0.958,0.855,193.0,75,2.20000,980,800,7.1,19.0,8.4,7.8,9.4,8.4,8.3,8.3,8.2,8.9,8.2,12.4,4.0,11.9,130.0,13.3,8.53
60.6,58.6,62.6,65.7,65.6,65.8,59.7,59.2,60.2,44.9,41.8,48.0,0.903,10.2,0.268,9.55,8.13,14.5,0.254,6.53,5.43,0.0394,0.955,0.841,185.0,73,2.20000,100,800,6.7,20.8,9.6,9.9,11.7,11.6,11.0,11.3,9.8,9.7,11.4,21.7,8.6,12.2,166.0,14.2,8.48
62.2,61.0,63.4,63.3,65.8,60.8,61.6,62.2,61.0,46.3,46.0,46.6,0.934,10.5,0.278,9.71,8.36,15.0,0.265,6.57,5.58,0.0385,0.961,0.882,177.0,72,150,51,800,9.0,22.6,10.6,11.6,13.7,12.8,12.1,12.5,13.1,10.3,13.1,25.8,10.7,15.2,193.0,14.3,8.83
61.9,62.6,61.2,64.2,66.6,61.8,59.1,57.2,61.0,45.8,43.8,47.8,0.982,11.0,0.29,10.2,8.84,15.8,0.282,7.02,5.88,0.0395,0.973,0.935,172.0,71,160,53,800,8.9,20.9,8.6,11.7,10.9,9.5,10.9,10.8,12.3,12.0,11.5,22.8,7.7,14.7,173.0,14.6,8.98
62.6,63.6,61.6,66.7,68.2,65.2,60.9,59.8,62.0,45.6,47.4,43.8,1.05,11.7,0.31,10.9,9.45,16.6,0.3,7.47,6.23,0.0398,0.993,0.982,166.0,70,160,54,800,7.2,23.1,9.7,11.0,9.9,11.3,10.5,11.4,11.3,12.4,10.6,22.0,7.7,14.8,173.0,14.8,9.48
63.9,62.6,65.2,62.2,61.0,63.4,61.0,62.0,60.0,40.4,38.0,42.8,1.12,12.4,0.328,11.4,10.0,17.5,0.32,7.89,6.57,0.0409,1.02,1.04,161.0,69,150,54,800,7.5,23.6,12.1,9.5,10.7,10.8,10.9,11.3,10.7,11.6,10.1,20.5,7.3,14.3,171.0,14.9,8.46
62.4,60.2,64.6,39.3,38.6,40.0,61.0,59.6,62.4,27.6,25.0,30.2,1.18,12.9,0.346,12.1,10.4,18.3,0.338,8.34,6.91,0.0391,1.03,1.1,156.0,68,150,53,800,7.4,24.0,11.8,10.6,11.6,10.6,12.0,10.3,10.5,10.7,10.7,23.1,8.5,13.2,175.0,12.1,8.27
62.8,62.2,63.4,65.9,66.2,65.6,57.7,58.0,57.4,51.1,49.4,52.8,0.926,10.4,0.276,9.37,8.55,14.6,0.267,6.5,5.55,0.0388,0.487,0.84,144.0,120,360,170,800,50.7,21.2,9.3,10.7,9.8,8.6,9.9,10.4,9.7,10.0,10.7,21.0,6.0,13.3,201.0,12.7,5.76
64.2,62.0,66.4,70.1,70.4,69.8,60.9,60.8,61.0,50.3,50.0,50.6,0.965,10.5,0.287,9.41,8.42,14.7,0.273,6.57,5.49,0.0399,0.373,0.85,127.0,100,290,82,800,23.3,22.8,10.4,11.5,10.2,9.4,12.2,10.7,11.4,10.7,11.2,23.4,7.7,14.3,189.0,15.6,7.82
62.3,62.2,62.4,66.1,66.8,65.4,57.0,58.6,55.4,52.9,54.2,51.6,0.958,10.5,0.284,9.31,8.41,14.8,0.273,6.58,5.51,0.0386,0.363,0.847,118.0,95,170,57,800,8.7,21.8,10.1,11.0,11.3,11.6,11.8,11.3,12.0,11.2,11.7,22.6,8.2,15.5,179.0,18.2,9.5
61.6,60.0,63.2,67.3,69.6,65.0,59.3,57.0,61.6,51.2,49.8,52.6,0.955,10.4,0.285,9.28,8.6,14.7,0.272,6.47,5.46,0.0406,0.37,0.838,110.0,87,170,53,800,8.2,21.1,9.1,10.1,11.8,11.9,10.2,10.7,10.9,11.3,11.4,22.3,7.4,15.8,172.0,18.9,11.0
63.9,62.6,65.2,68.4,68.4,68.4,58.6,59.2,58.0,49.8,48.4,51.2,0.949,10.5,0.287,9.28,8.45,14.9,0.269,6.52,5.55,0.0407,0.367,0.837,105.0,83,160,53,800,7.9,21.1,9.4,8.3,11.6,12.6,10.3,11.2,10.4,9.7,11.6,21.6,7.1,14.8,168.0,18.5,10.8
63.5,65.8,61.2,66.4,67.2,65.6,58.1,57.2,59.0,51.1,51.4,50.8,0.961,10.4,0.284,9.14,8.65,15.0,0.269,6.68,5.44,0.0397,0.369,0.864,101.0,80,170,58,800,7.5,21.9,10.0,10.3,11.2,12.2,11.4,11.7,10.7,9.4,13.2,21.9,7.2,15.9,175.0,17.3,10.6
60.6,60.6,60.6,63.4,64.0,62.8,56.9,56.4,57.4,48.8,47.0,50.6,0.975,10.6,0.298,9.44,8.77,15.1,0.281,6.78,5.68,0.0397,0.374,0.896,97.2,77,160,57,800,6.9,22.1,10.1,11.6,11.4,11.3,11.5,9.5,11.9,11.7,11.9,23.2,8.1,15.2,176.0,17.5,10.8
62.8,60.8,64.8,72.2,72.0,72.4,74.8,76.6,73.0,50.2,48.4,52.0,1.02,10.7,0.3,9.42,8.82,15.1,0.276,6.84,5.61,0.0394,0.974,0.876,98.2,78,240,69,800,6.9,21.6,9.6,11.6,11.2,11.5,10.7,8.9,12.6,12.4,9.5,24.9,7.6,13.0,172.0,18.3,10.7
63.5,62.8,64.2,66.8,67.2,66.4,59.1,59.2,59.0,52.8,50.2,55.4,0.973,10.7,0.293,9.53,8.82,15.1,0.28,6.91,5.71,0.0396,0.978,0.901,95.3,75,230,67,800,6.9,21.2,9.6,11.3,10.4,11.9,9.3,10.4,11.9,11.4,10.6,23.7,7.5,14.2,170.0,17.7,11.1
63.6,64.0,63.2,67.2,68.0,66.4,59.0,57.0,61.0,52.6,50.4,54.8,0.961,10.5,0.289,9.34,9.03,15.2,0.27,6.87,5.68,0.0397,0.975,0.889,93.0,73,150,54,800,6.4,22.0,10.6,10.6,11.1,11.1,9.8,11.9,10.6,13.7,12.2,23.4,7.5,14.6,176.0,17.8,10.8
62.6,61.4,63.8,68.7,69.8,67.6,58.9,58.2,59.6,52.1,53.8,50.4,0.965,10.6,0.291,9.51,9.06,15.2,0.269,6.8,5.69,0.0408,0.985,0.891,90.6,71,150,50,800,6.9,23.6,12.3,11.0,11.6,10.2,10.5,12.2,8.9,12.8,11.2,23.8,6.7,13.3,175.0,18.5,11.4
62.4,62.0,62.8,67.6,66.8,68.4,59.0,60.2,57.8,50.9,49.8,52.0,0.945,10.7,0.29,9.33,8.98,15.2,0.268,6.91,5.62,0.0386,0.981,0.888,88.9,70,140,54,800,8.2,23.5,12.1,11.5,10.3,12.0,11.2,10.0,10.2,9.7,11.4,22.4,6.4,13.3,172.0,18.5,10.7
60.0,60.4,59.6,64.8,65.2,64.4,56.7,58.6,54.8,49.8,48.0,51.6,0.931,10.5,0.283,9.43,8.96,15.1,0.26,6.8,5.65,0.0395,0.974,0.892,87.1,69,140,54,800,8.1,22.6,12.2,10.9,11.2,10.8,11.3,10.8,12.3,9.1,13.3,22.3,6.8,13.6,175.0,18.6,11.7
64.9,65.2,64.6,68.4,68.2,68.6,60.0,59.6,60.4,51.3,50.8,51.8,0.934,10.6,0.275,9.27,8.97,15.1,0.261,6.74,5.67,0.0406,0.982,0.897,87.3,70,180,69,800,7.8,22.7,11.6,8.5,13.3,9.4,10.5,11.2,11.8,10.4,13.2,21.3,7.3,12.2,171.0,18.3,10.3
64.5,62.6,66.4,65.5,66.0,65.0,58.9,59.0,58.8,53.1,52.0,54.2,0.967,10.9,0.295,9.63,9.37,15.7,0.272,7.09,5.82,0.0398,0.988,0.94,86.4,69,190,73,800,8.8,23.1,10.1,9.0,12.7,10.5,10.6,9.2,10.7,13.1,10.5,22.5,7.3,12.8,171.0,19.4,10.9
61.8,60.2,63.4,66.1,66.6,65.6,60.9,61.6,60.2,52.5,53.2,51.8,1.03,11.5,0.311,10.2,10.1,16.7,0.295,7.45,6.25,0.0409,1.01,1.0,85.5,68,160,57,800,9.3,24.1,9.9,11.2,12.1,11.1,10.0,9.9,10.6,12.3,10.1,24.2,7.4,15.1,177.0,18.6,10.7
63.5,63.0,64.0,68.3,70.2,66.4,59.7,60.6,58.8,51.5,51.4,51.6,1.11,12.0,0.328,10.7,10.5,17.6,0.312,7.8,6.61,0.0391,1.03,1.07,84.3,67,160,55,800,8.1,21.9,10.2,11.1,11.4,10.6,9.8,10.5,10.2,11.8,11.5,21.2,8.2,14.8,171.0,20.0,11.2
61.8,60.2,63.4,66.9,66.8,67.0,58.1,59.0,57.2,52.8,50.6,55.0,1.17,12.7,0.343,11.3,11.1,18.3,0.325,8.35,6.96,0.0401,1.05,1.13,83.6,67,160,54,800,7.5,22.4,9.8,11.7,10.3,10.5,10.9,9.6,10.7,12.1,11.4,20.7,8.2,15.0,171.0,18.1,10.6
62.8,61.0,64.6,67.3,67.6,67.0,60.0,60.2,59.8,52.3,50.0,54.6,1.23,13.3,0.364,11.7,11.7,19.1,0.345,8.77,7.28,0.0413,1.07,1.19,82.8,66,160,58,800,7.9,24.2,10.5,11.6,9.9,11.6,11.5,8.8,11.3,11.3,10.0,21.5,7.1,14.0,171.0,18.3,10.8
64.3,65.4,63.2,69.6,70.8,68.4,59.2,58.6,59.8,47.2,44.6,49.8,1.31,14.0,0.379,12.4,12.1,20.1,0.358,9.14,7.61,0.0402,1.08,1.23,81.9,65,150,53,800,7.6,22.4,10.4,11.8,9.4,12.2,10.6,11.7,11.3,10.1,8.9,22.5,7.6,13.0,170.0,18.0,10.6
61.6,62.6,60.6,39.9,41.6,38.2,58.6,60.0,57.2,30.1,28.6,31.6,1.35,14.6,0.388,12.6,12.3,20.1,0.365,9.51,7.93,0.0414,1.11,1.26,81.9,65,200,49,800,7.9,20.8,8.6,12.3,10.6,11.0,11.6,12.2,12.0,10.8,10.2,22.9,7.9,15.1,174.0,16.7,11.4
62.7,63.2,62.2,71.8,73.6,70.0,62.6,62.8,62.4,62.4,62.0,62.8,1.0,10.7,0.289,9.5,9.13,15.2,0.274,6.99,5.74,0.0392,0.389,0.916,129.0,110,340,120,800,52.4,19.6,10.6,9.6,9.8,10.2,10.0,9.4,10.7,10.6,10.3,20.1,6.7,11.2,201.0,17.0,8.18
62.5,64.2,60.8,74.1,76.0,72.2,61.8,62.8,60.8,62.7,63.8,61.6,0.999,10.9,0.287,9.47,9.19,15.2,0.268,6.85,5.65,0.041,0.384,0.91,118.0,100,240,76,800,25.8,23.1,11.7,10.1,11.0,10.9,11.3,10.5,12.8,12.0,11.1,22.8,9.0,14.3,196.0,21.1,10.2
61.8,60.4,63.2,69.5,71.2,67.8,57.2,57.4,57.0,59.6,60.4,58.8,0.987,11.1,0.284,9.48,8.93,14.9,0.274,6.96,5.66,0.0411,0.39,0.909,109.0,90,160,62,800,6.8,24.3,11.0,10.2,11.3,10.7,10.3,9.2,12.6,10.0,11.2,20.1,8.0,16.2,172.0,26.4,13.7
61.7,60.8,62.6,71.3,72.2,70.4,59.5,58.8,60.2,61.1,61.4,60.8,0.984,10.9,0.293,9.4,8.92,15.0,0.275,6.95,5.61,0.0391,0.384,0.914,104.0,86,160,59,800,7.1,25.1,10.4,11.5,11.5,11.1,10.2,10.7,12.5,8.0,11.5,21.4,6.9,15.8,174.0,25.2,15.9
62.0,60.8,63.2,73.0,73.8,72.2,56.9,56.2,57.6,61.8,59.2,64.4,0.997,10.7,0.29,9.46,9.04,14.9,0.273,6.84,5.68,0.0404,0.387,0.919,98.8,82,170,58,800,7.5,22.0,10.7,11.2,10.3,12.3,13.1,11.2,12.2,9.1,11.2,22.8,7.5,15.2,176.0,26.3,15.5
63.4,61.4,65.4,71.0,73.8,68.2,60.6,59.6,61.6,60.9,59.2,62.6,1.02,10.8,0.3,9.35,9.02,15.2,0.28,6.86,5.64,0.0393,0.388,0.924,98.8,81,210,63,800,8.9,21.1,9.9,11.1,11.1,12.5,12.4,10.0,11.2,11.2,11.3,23.7,8.2,14.5,177.0,25.0,15.5
59.5,59.6,59.4,69.8,71.2,68.4,72.9,73.6,72.2,60.8,59.0,62.6,1.01,10.8,0.302,9.42,9.02,15.0,0.276,6.9,5.65,0.0402,0.982,0.911,95.8,79,200,66,800,9.6,21.2,8.7,11.1,11.1,10.7,10.5,10.6,11.6,11.6,10.7,21.7,8.1,13.8,171.0,25.3,16.5
63.8,62.8,64.8,71.3,72.8,69.8,58.6,58.2,59.0,61.1,61.4,60.8,1.0,10.8,0.293,9.48,8.97,15.1,0.281,6.78,5.75,0.0403,0.98,0.928,92.4,75,150,55,800,7.8,21.5,10.8,10.5,9.6,10.5,11.1,10.8,11.4,11.4,11.0,19.3,6.9,13.3,166.0,25.6,15.5
60.3,59.2,61.4,70.6,72.8,68.4,61.5,61.2,61.8,59.7,58.1,61.3,0.992,10.7,0.295,9.47,8.87,15.1,0.281,6.83,5.66,0.0402,0.982,0.933,90.9,74,160,55,800,7.6,22.7,11.6,11.8,10.7,9.8,10.5,10.4,11.9,11.1,12.0,22.8,7.5,14.6,175.0,25.9,15.6
63.8,64.6,63.0,72.0,74.6,69.4,60.2,59.6,60.8,61.8,59.3,64.3,0.985,11.0,0.297,9.56,8.98,15.0,0.279,6.86,5.57,0.0414,0.977,0.915,90.1,74,180,66,800,7.8,22.4,10.4,12.4,12.3,9.4,10.5,10.0,12.1,11.2,11.0,22.8,7.9,16.8,177.0,25.9,15.2
64.6,62.6,66.6,73.0,73.0,73.0,60.3,59.8,60.8,60.8,59.4,62.2,0.977,10.9,0.295,9.41,8.83,15.2,0.283,6.85,5.58,0.0405,0.978,0.916,88.7,73,180,65,800,8.7,23.6,9.7,12.0,11.3,9.4,11.8,10.1,10.7,11.0,11.6,22.0,7.7,15.6,175.0,25.2,14.4
61.8,61.2,62.4,72.5,74.4,70.6,58.3,58.6,58.0,61.2,60.8,61.6,0.974,10.9,0.287,9.63,8.86,15.2,0.276,6.76,5.61,0.0397,0.976,0.904,88.1,72,190,61,800,8.2,23.3,9.9,12.8,10.9,9.8,10.7,9.6,10.9,12.1,11.9,23.8,7.1,14.6,176.0,26.9,15.3
60.9,61.2,60.6,73.0,74.2,71.8,58.0,59.6,56.4,62.8,61.8,63.8,0.936,10.7,0.283,9.42,8.88,15.2,0.271,6.83,5.66,0.0419,0.984,0.917,86.5,70,180,57,800,8.1,21.6,13.3,10.8,11.4,9.8,8.7,9.7,11.1,12.0,9.7,22.8,5.8,14.6,169.0,25.4,15.4
65.2,66.8,63.6,81.1,82.8,79.4,59.4,59.8,59.0,62.3,61.0,63.6,0.966,10.7,0.288,9.38,8.86,15.4,0.278,6.89,5.62,0.0398,0.979,0.936,85.4,70,140,55,800,8.2,23.3,11.8,10.6,10.9,10.7,9.7,10.5,11.1,10.8,8.6,22.0,5.6,14.4,168.0,25.5,14.9
62.3,61.4,63.2,72.7,73.6,71.8,62.4,62.6,62.2,62.0,61.2,62.8,1.0,11.1,0.3,9.88,9.17,15.8,0.289,6.93,5.8,0.04,0.995,0.985,85.5,70,180,69,800,6.4,23.4,10.4,12.2,11.4,11.5,12.2,11.6,10.9,10.5,9.9,23.8,7.8,14.8,177.0,26.0,17.1
68.2,68.0,68.4,71.6,72.6,70.6,60.9,60.2,61.6,63.0,62.4,63.6,1.06,11.7,0.322,10.4,9.68,16.8,0.307,7.44,6.13,0.041,1.01,1.04,84.4,69,170,68,800,6.0,20.9,12.2,11.8,11.9,11.0,11.5,12.5,10.3,9.9,11.3,23.2,9.1,15.1,177.0,26.3,17.5
64.1,63.8,64.4,70.4,70.6,70.2,57.9,56.4,59.4,61.8,62.8,60.8,1.14,12.5,0.337,10.9,10.3,17.7,0.324,7.8,6.58,0.0414,1.03,1.09,84.1,70,160,65,800,8.1,19.9,13.0,11.7,11.3,12.3,10.8,11.0,11.2,9.9,11.5,23.4,8.7,16.1,179.0,24.8,16.4
62.4,63.6,61.2,63.1,63.8,62.4,61.3,59.6,63.0,43.4,44.4,42.4,1.21,13.0,0.356,11.6,10.8,18.6,0.342,8.26,6.92,0.0414,1.05,1.16,84.3,70,190,75,800,8.4,21.5,14.7,10.8,10.6,12.2,10.8,9.1,10.7,10.3,11.2,24.9,8.8,15.1,179.0,23.8,16.4
68.5,69.6,67.4,68.6,69.0,68.2,66.4,67.2,65.6,67.9,67.2,68.6,0.972,11.0,0.287,9.56,8.87,15.5,0.276,6.8,5.74,0.0408,0.983,0.928,157.0,140,370,180,800,63.7,18.3,7.2,8.4,8.7,8.0,10.2,8.5,9.5,8.6,8.8,16.7,5.1,11.6,193.0,18.2,8.33
60.2,61.4,59.0,75.3,76.6,74.0,59.0,60.2,57.8,60.2,59.3,61.1,0.96,11.0,0.279,9.59,8.84,15.1,0.269,6.92,5.72,0.0398,0.978,0.906,141.0,120,350,140,800,39.2,24.8,8.6,11.8,10.7,11.1,12.3,10.5,9.6,10.8,9.3,21.5,6.9,15.5,203.0,23.3,11.7
63.0,64.6,61.4,69.8,70.2,69.4,57.6,58.4,56.8,67.9,68.5,67.3,0.951,11.0,0.289,9.58,8.81,15.4,0.273,6.9,5.68,0.0398,0.38,0.912,129.0,110,210,67,800,15.2,25.5,10.2,11.5,9.7,11.5,10.5,11.6,9.2,11.5,10.4,22.4,7.3,15.7,182.0,28.0,15.0
61.4,59.8,63.0,71.3,71.6,71.0,60.1,60.4,59.8,67.1,64.2,70.0,0.986,11.1,0.297,9.58,8.91,15.3,0.278,6.92,5.68,0.0398,0.387,0.923,120.0,99,180,62,800,6.4,21.1,10.5,9.8,8.8,12.6,11.4,11.1,10.9,11.8,11.6,23.9,7.8,13.9,172.0,29.5,16.9
61.7,61.0,62.4,79.0,80.2,77.8,59.1,57.6,60.6,58.3,55.4,61.2,0.98,11.1,0.292,9.68,8.77,15.2,0.27,6.89,5.67,0.0388,0.384,0.907,114.0,94,170,63,800,6.4,21.2,10.8,9.4,10.3,12.3,11.2,11.0,11.0,11.6,12.3,25.1,8.8,14.3,176.0,29.0,16.5
60.5,59.4,61.6,71.3,72.2,70.4,59.4,61.0,57.8,65.0,65.6,64.4,0.97,10.8,0.288,9.59,8.8,15.4,0.269,6.88,5.8,0.04,0.384,0.921,109.0,89,170,61,800,7.8,23.7,11.6,10.0,10.6,8.8,10.1,12.3,10.0,10.9,12.6,22.3,7.6,13.8,172.0,27.7,17.1
64.1,65.4,62.8,72.1,72.4,71.8,58.2,58.6,57.8,67.9,65.4,70.4,0.978,10.6,0.293,9.81,8.81,15.2,0.274,6.85,5.79,0.04,0.391,0.913,103.0,83,150,55,800,7.2,24.7,11.9,10.5,11.6,9.9,11.1,10.2,9.8,10.8,12.4,21.3,7.0,13.5,172.0,26.6,16.3
61.0,61.2,60.8,75.9,77.6,74.2,57.6,58.4,56.8,59.3,58.2,60.4,0.966,10.9,0.297,9.6,8.68,15.2,0.277,6.89,5.75,0.0408,0.385,0.931,101.0,81,150,59,800,5.8,22.5,12.7,11.5,12.3,12.1,11.9,8.7,10.4,11.0,12.5,22.7,7.6,14.6,176.0,28.6,16.2
62.7,63.2,62.2,71.0,72.4,69.6,73.3,74.0,72.6,66.1,65.3,66.9,1.01,10.8,0.303,9.7,8.75,15.1,0.284,6.89,5.74,0.0386,0.972,0.929,99.0,81,170,69,800,6.2,23.0,12.4,10.9,10.0,11.5,10.2,10.6,12.0,10.2,12.0,22.2,7.9,13.4,173.0,25.9,16.7
61.1,61.6,60.6,71.1,70.8,71.4,59.0,57.6,60.4,67.4,65.9,69.0,0.977,10.8,0.294,9.76,8.73,15.2,0.277,6.65,5.74,0.0409,0.974,0.917,96.0,78,170,60,800,6.7,23.3,12.2,10.9,9.9,12.1,9.9,10.9,11.6,10.2,12.0,22.6,7.4,13.3,173.0,27.5,16.8
63.5,63.8,63.2,75.9,76.8,75.0,59.7,58.8,60.6,63.2,59.6,66.8,0.964,10.8,0.293,9.61,8.72,15.2,0.281,6.9,5.8,0.0398,0.974,0.923,95.7,78,190,63,800,6.6,23.7,11.3,12.6,11.7,13.0,11.2,10.2,10.3,10.1,11.5,23.9,7.0,14.1,177.0,28.3,15.8
62.2,61.2,63.2,77.6,77.6,77.6,61.4,61.6,61.2,64.5,65.0,64.0,0.991,10.8,0.293,9.63,8.83,14.9,0.281,6.82,5.77,0.0399,0.975,0.915,94.8,78,210,73,800,5.9,21.8,11.3,11.3,11.2,10.8,9.5,11.4,11.0,9.5,12.4,22.5,7.0,16.0,172.0,28.2,17.0
62.1,63.6,60.6,74.8,77.0,72.6,60.2,61.4,59.0,67.5,67.4,67.6,0.981,10.7,0.292,9.67,8.7,15.0,0.28,6.8,5.74,0.0396,0.976,0.931,94.1,77,200,68,800,6.2,20.4,10.8,10.1,11.6,10.3,10.0,12.2,11.1,10.0,12.7,23.5,8.6,17.7,175.0,27.1,17.3
60.4,59.2,61.6,76.7,77.0,76.4,58.7,57.0,60.4,61.3,59.2,63.4,0.962,10.8,0.289,9.71,8.67,15.0,0.279,6.75,5.69,0.0397,0.979,0.927,93.2,76,200,63,800,6.2,23.1,9.9,9.4,13.0,9.9,11.8,11.1,11.0,11.0,12.1,23.4,9.1,16.1,177.0,27.7,16.5
65.1,63.6,66.6,70.8,73.0,68.6,60.9,59.8,62.0,60.2,58.6,61.8,0.99,10.6,0.295,9.77,8.74,15.2,0.284,6.74,5.73,0.0399,0.971,0.947,92.5,76,200,66,800,6.5,23.0,10.4,9.2,13.7,9.5,11.4,10.6,10.8,12.0,11.6,21.5,7.4,14.6,172.0,28.5,17.5
57.8,56.4,59.2,72.1,72.8,71.4,59.5,59.4,59.6,66.2,66.6,65.8,1.03,11.3,0.308,10.2,9.28,16.1,0.295,7.07,6.01,0.0404,0.992,1.01,91.0,74,170,62,800,7.8,21.7,10.3,10.5,13.7,10.6,11.8,9.9,10.8,11.7,10.2,21.4,6.9,15.2,173.0,26.8,16.9
66.5,65.8,67.2,73.3,75.0,71.6,59.7,60.2,59.2,63.9,61.8,66.0,1.1,11.7,0.327,10.9,9.66,16.9,0.317,7.56,6.39,0.0396,1.01,1.07,91.3,74,210,67,800,8.2,21.1,11.0,11.2,10.9,10.2,11.6,10.5,10.6,11.6,11.4,20.5,6.6,14.4,170.0,28.4,16.3
59.9,60.8,59.0,70.1,70.4,69.8,62.1,62.4,61.8,60.3,61.4,59.2,1.15,12.5,0.338,11.4,10.3,17.8,0.326,7.9,6.65,0.0409,1.03,1.13,90.1,73,220,66,800,7.6,22.7,10.2,11.7,8.5,10.2,11.4,11.4,10.0,12.5,13.0,21.6,8.2,14.0,173.0,28.9,16.0
65.5,63.6,67.4,36.5,39.6,33.4,60.4,61.4,59.4,37.9,35.4,40.4,1.25,13.1,0.361,12.0,10.8,18.7,0.349,8.39,7.06,0.0402,1.05,1.19,90.6,73,220,64,800,7.8,22.8,9.1,11.6,8.9,12.4,11.7,11.0,10.5,11.6,11.9,22.7,8.1,15.7,176.0,26.3,15.6
68.1,66.2,70.0,64.0,63.6,64.4,65.9,66.2,65.6,35.4,36.8,34.0,1.02,11.1,0.295,9.8,8.96,15.9,0.277,6.73,5.89,0.0392,0.98,0.923,236.0,210,660,290,1000,24.0,27.0,12.0,11.5,14.2,13.5,11.2,13.4,12.0,12.1,11.6,25.7,8.7,17.2,214.0,8.11,4.35
67.2,65.8,68.6,62.7,62.6,62.8,61.5,61.6,61.4,37.7,37.0,38.4,1.01,11.3,0.291,9.95,8.84,16.1,0.279,6.89,5.89,0.0391,0.393,0.932,218.0,190,490,140,1000,15.8,26.6,15.6,13.8,14.0,13.6,12.7,14.3,11.5,11.8,12.0,28.0,9.3,17.6,217.0,8.04,4.69
69.9,67.4,72.4,65.0,64.4,65.6,59.6,58.2,61.0,38.1,39.4,36.8,1.02,11.2,0.302,9.92,8.87,15.9,0.277,7.02,6.05,0.0387,0.384,0.931,222.0,200,450,140,1000,9.0,28.1,15.3,14.2,12.1,11.8,13.8,13.0,12.8,12.3,13.2,28.5,9.2,17.6,211.0,7.89,4.63
66.5,65.2,67.8,60.5,59.2,61.8,64.7,63.8,65.6,36.5,36.2,36.8,1.02,11.3,0.301,10.1,8.9,16.1,0.27,6.88,5.96,0.0388,0.389,0.924,205.0,180,450,110,1000,9.5,30.9,12.9,14.0,13.7,11.3,13.4,12.9,12.8,13.1,13.6,27.1,8.3,18.6,212.0,8.06,4.63
70.6,71.4,69.8,63.1,63.0,63.2,63.9,64.2,63.6,34.9,32.8,37.0,0.982,11.3,0.295,10.1,8.94,16.6,0.273,6.92,6.11,0.0395,0.391,0.945,204.0,180,380,95,1000,10.6,28.6,12.3,14.1,14.8,12.6,13.7,14.9,13.0,13.2,12.6,26.5,7.4,17.0,211.0,8.06,4.77
67.1,65.6,68.6,67.9,68.6,67.2,75.7,73.6,77.8,34.7,34.4,35.0,0.999,11.5,0.301,10.2,8.96,16.5,0.273,7.05,6.12,0.0394,0.477,0.918,198.0,170,400,130,1000,10.4,26.0,12.0,14.7,12.6,14.6,11.6,14.2,13.1,14.0,12.9,27.7,8.1,17.5,209.0,8.08,4.68
69.1,69.8,68.4,63.0,65.2,60.8,63.0,62.6,63.4,35.4,34.2,36.6,1.02,11.4,0.303,10.1,9.07,16.6,0.281,7.04,6.17,0.0393,0.966,0.941,188.0,150,280,95,1000,10.0,28.2,13.5,14.0,13.6,14.8,12.6,12.6,12.6,12.9,14.0,27.4,9.6,17.8,214.0,8.14,5.31
67.7,67.2,68.2,61.7,62.8,60.6,65.0,66.0,64.0,37.9,37.0,38.8,1.01,11.7,0.306,10.1,9.24,16.8,0.279,7.16,6.29,0.0383,0.973,0.945,181.0,130,210,85,1000,9.1,31.3,12.9,13.4,14.4,12.1,14.7,13.4,12.9,11.6,13.1,25.1,9.5,16.6,210.0,7.86,5.32
70.6,69.0,72.2,65.0,63.8,66.2,60.9,60.6,61.2,37.1,39.2,35.0,1.02,11.5,0.305,10.2,9.27,16.8,0.281,7.24,6.35,0.0368,0.971,0.945,186.0,140,510,110,1000,8.8,31.1,11.9,13.2,13.2,11.1,15.2,14.5,13.8,12.1,12.7,24.8,8.3,19.6,210.0,7.85,5.07
69.1,69.8,68.4,64.8,63.8,65.8,62.8,61.6,64.0,37.2,34.0,40.4,1.03,11.9,0.307,10.2,9.43,17.2,0.278,7.11,6.34,0.0377,0.975,0.955,189.0,150,580,210,1000,8.5,29.5,12.2,12.8,11.1,13.0,15.1,14.7,13.9,14.5,12.3,25.9,7.9,19.6,211.0,7.58,5.23
69.7,68.4,71.0,63.7,63.4,64.0,64.1,64.0,64.2,34.5,31.4,37.6,1.04,11.8,0.313,10.2,9.34,17.3,0.295,7.35,6.52,0.0372,0.981,0.951,184.0,140,360,130,1000,9.1,29.8,11.7,13.7,10.6,14.0,13.2,13.9,13.9,16.2,12.9,29.2,9.5,17.7,215.0,7.62,5.1
70.4,70.0,70.8,63.2,63.4,63.0,65.5,65.6,65.4,36.3,34.2,38.4,1.03,11.8,0.314,10.4,9.51,17.7,0.295,7.17,6.54,0.0372,0.98,0.962,180.0,130,290,100,1000,9.3,30.7,13.4,15.2,12.7,13.0,12.9,12.9,13.5,14.1,13.2,30.1,10.3,17.8,219.0,7.52,4.55
70.1,70.2,70.0,60.7,60.0,61.4,63.0,63.4,62.6,33.2,35.4,31.0,1.09,12.1,0.333,10.9,10.0,18.6,0.306,7.63,6.96,0.0372,0.995,1.01,175.0,130,240,94,1000,8.2,30.0,13.6,14.9,14.6,13.5,14.4,13.5,12.4,13.1,13.1,29.0,10.0,16.3,217.0,7.43,4.42
67.8,66.0,69.6,64.4,64.6,64.2,61.2,62.4,60.0,36.7,35.0,38.4,1.15,12.9,0.351,11.4,10.5,19.8,0.321,8.02,7.34,0.0373,1.01,1.07,178.0,130,490,110,1000,7.5,27.8,13.5,14.0,14.7,13.6,15.0,14.1,13.3,11.5,13.4,27.2,9.0,16.0,211.0,6.86,4.69
71.6,69.8,73.4,62.1,62.2,62.0,64.7,63.8,65.6,32.2,34.2,30.2,1.22,13.7,0.369,12.0,11.1,20.9,0.342,8.53,7.71,0.0372,1.04,1.14,175.0,130,510,120,1000,7.7,26.6,15.9,14.0,12.4,14.5,14.2,13.6,13.7,11.7,12.0,27.6,8.6,17.5,210.0,7.21,4.37
69.1,67.2,71.0,43.3,45.2,41.4,65.5,66.2,64.8,29.1,29.6,28.6,1.31,14.2,0.388,12.8,11.7,21.8,0.363,9.03,8.23,0.0373,1.06,1.2,174.0,130,310,110,1000,9.7,27.6,14.7,13.8,12.6,13.6,12.1,12.9,13.2,15.5,12.1,28.3,9.3,18.9,214.0,6.5,4.38
68.9,68.2,69.6,65.9,66.6,65.2,63.8,63.6,64.0,44.8,42.8,46.8,1.1,11.7,0.328,10.2,9.47,17.5,0.303,7.32,6.7,0.0364,0.969,0.929,313.0,220,1.20000,430,1000,27.1,21.8,10.7,11.3,12.7,13.6,12.5,13.5,11.1,11.6,13.5,26.3,8.4,16.2,210.0,14.8,7.47
69.9,69.4,70.4,67.3,67.4,67.2,65.0,65.8,64.2,46.8,47.4,46.2,1.11,11.5,0.333,10.4,9.55,18.0,0.308,7.33,6.6,0.0368,0.886,0.969,279.0,200,820,210,1000,16.8,27.9,11.2,11.1,12.5,13.8,12.5,13.9,13.7,13.1,14.4,29.4,10.5,17.2,218.0,15.5,8.68
68.7,70.2,67.2,71.1,71.4,70.8,64.4,62.8,66.0,46.5,43.8,49.2,1.12,11.6,0.337,10.2,9.56,17.7,0.304,7.43,6.7,0.0379,0.402,0.951,256.0,180,230,95,1000,12.1,28.7,12.3,12.4,12.7,13.0,13.6,13.4,14.0,13.5,14.2,27.4,10.5,18.5,216.0,14.8,8.17
70.1,72.6,67.6,67.6,68.8,66.4,62.8,65.2,60.4,44.9,43.4,46.4,1.12,11.7,0.333,10.2,9.47,17.9,0.306,7.27,6.65,0.0387,0.407,0.949,239.0,170,260,100,1000,9.8,26.1,13.4,13.6,13.9,13.6,14.5,13.0,13.2,13.3,12.9,28.6,10.4,17.7,214.0,14.8,8.74
69.4,68.6,70.2,67.4,66.2,68.6,74.0,73.8,74.2,50.1,46.4,53.8,1.13,11.7,0.343,10.4,9.3,18.0,0.312,7.22,6.66,0.0379,1.01,0.947,238.0,180,400,160,1000,8.8,28.1,12.7,13.3,14.0,14.4,14.1,12.4,14.2,14.0,13.1,27.4,10.0,18.2,215.0,14.3,8.96
69.2,69.8,68.6,66.9,67.8,66.0,62.1,60.8,63.4,43.7,41.6,45.8,1.12,11.6,0.343,10.1,9.36,18.1,0.31,7.4,6.79,0.0392,1.01,0.938,224.0,160,400,130,1000,7.7,32.0,13.3,13.2,12.8,14.8,14.4,12.2,14.0,13.5,12.8,27.7,10.0,17.7,216.0,14.2,8.88
69.1,69.0,69.2,64.4,65.0,63.8,64.0,64.2,63.8,46.0,46.0,46.0,1.13,11.6,0.341,10.3,9.4,18.0,0.31,7.2,6.7,0.0392,1.0,0.952,213.0,140,190,86,1000,8.9,29.7,12.8,14.5,14.0,15.1,13.8,13.0,12.4,12.9,13.1,27.6,9.0,18.2,215.0,13.8,8.56
69.4,67.6,71.2,67.1,66.6,67.6,60.0,60.0,60.0,41.9,42.0,41.8,1.1,11.6,0.337,10.0,9.37,17.8,0.304,7.31,6.67,0.0382,1.0,0.936,224.0,150,680,140,1000,9.2,27.1,10.8,14.3,12.9,14.8,14.1,12.5,10.9,13.1,12.0,25.0,7.7,18.4,203.0,14.2,8.8
69.4,70.4,68.4,64.9,65.6,64.2,63.5,64.2,62.8,48.0,47.0,49.0,1.13,11.8,0.338,10.1,9.37,17.8,0.316,7.19,6.68,0.0383,1.01,0.959,216.0,140,670,160,1000,8.0,25.8,12.0,11.7,12.7,16.7,14.5,12.9,13.4,13.4,11.4,29.5,9.7,17.5,209.0,14.0,8.61
73.3,71.6,75.0,66.9,67.4,66.4,58.5,59.2,57.8,44.0,42.4,45.6,1.12,11.7,0.336,10.1,9.39,17.8,0.321,7.23,6.67,0.0378,1.01,0.962,219.0,150,510,130,1000,8.6,25.0,13.2,11.5,14.0,15.5,14.4,12.3,13.2,13.3,13.1,29.4,10.4,18.3,212.0,13.5,8.12
66.7,66.6,66.8,67.4,67.2,67.6,63.5,63.2,63.8,46.4,44.2,48.6,1.1,11.5,0.334,10.1,9.45,17.6,0.317,7.16,6.73,0.039,1.01,0.948,218.0,150,710,170,1000,9.6,26.5,11.7,14.3,14.8,13.2,15.5,12.2,11.9,14.3,13.4,27.8,9.1,19.5,214.0,14.2,8.05
70.1,69.6,70.6,67.2,66.6,67.8,63.4,62.8,64.0,45.1,45.3,44.9,1.1,11.6,0.335,9.97,9.37,17.8,0.315,7.02,6.59,0.0403,1.0,0.945,214.0,140,480,110,1000,8.3,25.7,11.9,14.6,14.3,13.5,14.7,13.6,12.5,14.8,12.5,27.9,7.9,17.9,210.0,14.2,8.15
68.8,71.2,66.4,67.2,66.4,68.0,62.6,63.8,61.4,44.7,43.3,46.1,1.13,11.8,0.354,10.4,9.75,18.4,0.331,7.2,6.76,0.0393,1.01,1.01,209.0,140,300,110,1000,7.1,26.4,13.5,13.5,12.8,13.4,13.5,14.1,11.9,14.1,11.9,26.1,8.7,15.8,203.0,14.3,8.34
69.9,68.8,71.0,67.5,69.8,65.2,66.2,66.4,66.0,44.3,42.0,46.6,1.23,12.5,0.372,11.0,10.3,19.3,0.348,7.65,7.22,0.0395,1.04,1.06,207.0,140,310,120,1000,8.5,25.9,12.4,14.0,13.9,14.4,13.6,13.8,13.4,11.7,13.0,28.1,10.8,17.2,211.0,13.7,8.41
66.6,67.6,65.6,64.9,64.4,65.4,63.3,62.2,64.4,45.9,43.0,48.8,1.28,13.2,0.384,11.6,10.7,20.4,0.363,8.2,7.6,0.0399,1.06,1.13,201.0,130,290,110,1000,9.5,28.4,12.4,15.2,14.5,13.8,13.7,10.5,13.9,11.4,14.7,27.3,9.0,18.6,213.0,14.6,8.3
70.6,69.6,71.6,70.6,71.0,70.2,62.9,63.2,62.6,38.9,38.0,39.8,1.35,13.9,0.403,12.2,11.3,21.5,0.38,8.59,7.98,0.04,1.08,1.17,200.0,130,320,120,1000,9.9,29.4,13.0,13.5,13.4,12.8,15.0,10.9,12.0,12.8,14.4,24.8,7.5,19.1,209.0,13.6,8.06
61.0,60.2,61.8,30.1,31.0,29.2,60.0,59.6,60.4,25.9,27.6,24.2,1.41,14.6,0.419,12.8,11.9,22.6,0.397,9.09,8.33,0.0401,1.1,1.23,195.0,130,320,120,1000,9.9,26.9,11.9,13.2,13.5,12.3,13.3,13.9,13.4,12.0,13.8,26.3,8.5,18.6,208.0,11.5,8.61
68.3,68.4,68.2,69.6,69.8,69.4,63.6,61.6,65.6,54.8,55.0,54.6,1.09,11.7,0.321,10.2,9.23,17.6,0.309,7.0,6.52,0.0398,0.398,0.954,268.0,210,960,360,1000,23.3,25.2,10.5,12.1,12.7,13.5,12.0,12.5,14.1,12.2,12.0,26.6,9.3,18.6,215.0,19.8,10.9
70.2,70.4,70.0,66.7,67.2,66.2,67.7,68.6,66.8,50.4,48.4,52.4,1.07,11.8,0.324,10.1,9.35,17.7,0.295,7.16,6.54,0.0412,0.406,0.941,261.0,210,690,210,1000,14.9,25.8,10.7,12.9,12.3,15.2,11.7,12.8,14.9,13.2,12.2,27.6,9.0,21.9,215.0,18.3,11.7
69.8,69.2,70.4,70.3,71.0,69.6,69.1,68.6,69.6,50.1,49.3,50.9,1.09,11.5,0.32,10.1,9.21,18.0,0.295,7.11,6.64,0.0413,1.02,0.968,262.0,210,510,230,1000,10.4,26.5,13.2,14.0,10.6,15.7,12.2,10.7,13.2,13.4,11.8,27.0,8.6,20.4,208.0,17.6,11.4
69.9,72.0,67.8,68.0,68.0,68.0,60.9,60.4,61.4,50.1,47.7,52.5,1.04,11.4,0.322,9.96,9.14,18.0,0.297,7.08,6.44,0.0414,1.01,0.945,243.0,200,430,140,1000,8.6,26.7,14.1,14.1,12.4,14.2,12.0,12.6,12.1,14.3,13.7,27.1,9.2,18.3,209.0,18.2,11.3
68.7,69.0,68.4,69.3,69.0,69.6,64.2,63.8,64.6,50.4,49.2,51.6,1.07,11.8,0.324,10.1,9.39,17.9,0.291,7.03,6.49,0.0423,1.01,0.954,240.0,200,340,140,1000,8.3,26.9,15.0,12.3,12.6,12.6,14.1,14.5,12.0,14.3,14.4,28.8,10.0,18.4,214.0,17.9,11.6
73.8,72.8,74.8,67.7,69.2,66.2,62.8,64.0,61.6,51.0,50.9,51.1,1.12,11.6,0.333,10.3,9.31,17.9,0.298,7.01,6.51,0.0422,1.02,0.965,230.0,190,360,160,1000,9.0,27.7,12.5,13.2,12.7,12.4,15.2,14.4,13.0,13.6,14.8,29.7,9.8,16.7,215.0,17.2,10.4
69.2,71.4,67.0,73.3,74.0,72.6,59.7,58.4,61.0,50.8,47.6,53.9,1.08,11.6,0.332,10.1,9.32,17.8,0.299,7.24,6.44,0.0402,1.02,0.971,234.0,190,560,140,1000,9.6,27.8,12.0,12.4,13.7,12.0,14.9,13.8,12.7,12.8,14.1,28.8,9.4,18.8,213.0,18.1,10.6
69.0,68.6,69.4,70.2,71.8,68.6,64.1,64.6,63.6,51.0,46.4,55.6,1.12,11.6,0.326,9.96,9.26,17.9,0.296,7.16,6.59,0.0404,1.02,0.955,224.0,190,560,140,1000,8.7,26.9,13.5,11.5,14.9,13.3,15.1,11.5,12.0,12.0,13.0,27.9,10.2,18.9,209.0,18.3,9.76
70.1,67.8,72.4,68.7,70.6,66.8,64.2,65.2,63.2,51.8,48.2,55.4,1.07,11.8,0.332,10.1,9.33,17.9,0.299,7.19,6.51,0.0422,1.02,0.971,218.0,180,270,110,1000,8.0,25.7,13.7,13.1,14.5,14.5,16.4,12.7,13.9,13.2,13.4,26.8,10.1,17.1,213.0,17.9,10.4
68.7,71.4,66.0,67.1,66.8,67.4,62.5,59.4,65.6,50.7,50.0,51.4,1.09,11.7,0.34,9.86,9.46,17.9,0.301,7.02,6.49,0.041,1.01,0.962,218.0,180,390,170,1000,8.4,25.5,11.7,15.0,11.1,13.1,14.6,12.6,13.4,15.6,13.4,26.6,9.8,17.5,208.0,18.1,10.6
69.2,67.0,71.4,67.5,67.0,68.0,63.6,64.0,63.2,49.5,48.4,50.6,1.09,11.7,0.332,9.98,9.49,18.0,0.3,7.21,6.53,0.041,1.02,0.979,213.0,180,390,160,1000,9.8,27.2,10.5,14.9,13.2,12.9,13.7,13.1,13.6,12.9,15.0,28.5,10.4,18.1,214.0,18.6,10.5
70.7,69.2,72.2,77.2,78.0,76.4,58.8,59.6,58.0,51.9,52.2,51.6,1.11,11.5,0.339,9.99,9.36,17.9,0.297,7.15,6.63,0.0422,1.02,0.981,216.0,180,510,150,1000,10.4,25.8,12.6,13.3,14.4,14.4,13.7,14.9,13.2,11.9,14.0,28.2,8.4,19.8,215.0,18.1,10.5
68.0,66.0,70.0,69.8,72.0,67.6,65.4,64.2,66.6,51.5,51.8,51.2,1.17,12.3,0.358,10.5,9.96,18.9,0.324,7.38,6.85,0.0404,1.03,1.03,211.0,170,520,140,1000,8.9,27.4,14.5,12.1,13.6,13.5,12.1,13.7,13.1,14.6,11.4,27.2,9.0,19.4,211.0,17.6,12.1
72.1,73.6,70.6,69.7,70.0,69.4,62.1,61.0,63.2,49.5,51.0,48.0,1.24,13.0,0.379,11.1,10.6,20.1,0.344,7.84,7.25,0.0407,1.05,1.09,209.0,170,320,130,1000,8.7,27.9,15.0,12.8,12.8,12.2,13.3,13.6,13.4,14.1,12.8,26.8,10.1,17.7,211.0,18.5,12.2
69.4,68.0,70.8,70.1,72.0,68.2,64.6,65.8,63.4,54.3,54.0,54.6,1.32,13.6,0.4,11.7,11.1,21.2,0.358,8.3,7.74,0.0428,1.08,1.16,206.0,170,320,130,1000,9.4,25.8,15.8,13.6,12.1,13.7,15.1,14.5,13.5,12.5,12.7,28.0,9.6,17.1,213.0,18.3,11.4
69.4,70.6,68.2,70.2,71.2,69.2,63.1,61.8,64.4,51.4,48.4,54.4,1.41,14.2,0.421,12.4,11.7,22.3,0.387,8.81,8.08,0.0418,1.1,1.22,206.0,170,390,140,1000,10.0,26.1,16.3,12.8,13.0,12.6,15.0,13.9,13.4,12.6,11.0,28.2,10.4,17.6,213.0,18.1,11.6
68.5,68.2,68.8,69.7,70.0,69.4,62.2,61.2,63.2,52.3,48.8,55.8,1.48,15.0,0.431,13.0,12.2,23.1,0.397,9.12,8.55,0.0421,1.12,1.29,201.0,160,380,110,1000,10.3,26.2,14.7,12.9,13.0,10.7,13.2,14.2,13.9,12.4,13.0,27.2,9.4,17.9,209.0,18.4,12.2
71.6,70.8,72.4,63.9,67.0,60.8,63.8,63.6,64.0,44.2,39.6,48.8,1.54,15.6,0.448,13.5,12.8,24.1,0.419,9.65,8.93,0.0421,1.15,1.34,198.0,160,250,100,1000,10.9,27.6,13.4,13.7,12.0,11.7,12.8,14.1,14.4,12.4,14.7,27.7,8.9,18.4,213.0,18.1,10.9
63.4,62.8,64.0,30.4,24.8,36.0,61.6,60.4,62.8,26.7,24.6,28.8,1.61,15.7,0.46,13.8,13.0,24.3,0.424,10.1,9.31,0.0421,1.15,1.36,194.0,150,280,110,1000,11.0,29.2,14.3,13.6,11.5,14.5,14.1,12.9,13.1,12.0,13.4,28.0,9.0,17.0,214.0,14.7,9.84
69.7,66.6,72.8,74.5,74.6,74.4,59.9,60.8,59.0,60.3,59.6,61.0,1.09,12.0,0.332,10.2,9.44,18.1,0.294,7.26,6.57,0.0407,1.0,0.971,283.0,240,770,330,1000,21.2,26.7,11.4,13.2,12.5,13.4,12.1,12.3,13.8,12.5,12.3,28.4,9.9,17.4,217.0,26.1,14.7
69.9,70.0,69.8,70.8,72.0,69.6,61.7,61.8,61.6,60.3,58.4,62.2,1.12,11.6,0.325,10.1,9.45,18.0,0.297,7.18,6.62,0.0396,0.998,0.967,260.0,220,510,210,1000,13.8,28.4,13.7,14.6,11.6,12.0,13.4,14.8,12.7,12.5,11.6,30.2,11.5,18.9,220.0,24.7,15.6
67.2,66.0,68.4,75.5,76.4,74.6,61.9,63.8,60.0,64.5,63.0,66.0,1.12,11.7,0.32,10.2,9.34,18.0,0.295,7.21,6.62,0.0419,1.0,0.971,252.0,210,390,130,1000,8.4,28.9,14.9,14.5,10.3,12.4,12.9,15.4,11.7,12.1,13.0,28.4,9.1,18.5,211.0,25.4,15.7
70.0,69.0,71.0,72.2,73.0,71.4,64.0,64.4,63.6,61.9,60.2,63.6,1.12,11.5,0.331,10.0,9.36,17.8,0.299,7.07,6.6,0.0409,1.0,0.985,239.0,200,390,140,1000,9.4,26.9,12.8,13.3,11.7,13.3,12.9,13.9,13.8,12.0,15.3,26.1,7.9,17.5,207.0,25.1,15.0
69.4,68.2,70.6,75.4,77.2,73.6,61.9,62.8,61.0,60.7,58.2,63.2,1.12,11.7,0.327,10.2,9.48,18.0,0.306,7.01,6.53,0.0408,1.0,0.985,233.0,200,310,150,1000,9.8,25.7,12.7,12.6,13.2,12.1,14.3,12.5,14.2,12.0,14.7,27.1,9.8,19.0,210.0,24.8,15.2
69.4,70.8,68.0,78.4,78.8,78.0,63.0,64.0,62.0,62.1,59.0,65.2,1.12,11.7,0.329,10.1,9.43,17.7,0.298,7.0,6.53,0.0406,1.0,1.0,222.0,190,300,130,1000,9.9,29.0,13.0,12.3,14.0,11.3,15.6,12.0,14.0,13.2,13.3,28.8,10.3,20.2,217.0,25.7,15.3
69.0,68.4,69.6,75.4,76.6,74.2,60.7,63.0,58.4,62.5,60.8,64.2,1.11,11.4,0.322,10.1,9.37,17.6,0.294,7.09,6.51,0.0416,1.01,1.0,223.0,190,450,140,1000,9.3,31.8,12.2,13.2,14.2,11.9,15.1,10.6,14.1,13.1,13.8,27.1,9.9,18.4,215.0,26.0,16.4
69.3,68.6,70.0,70.5,70.2,70.8,61.9,62.8,61.0,59.7,55.4,64.0,1.12,11.4,0.323,10.2,9.35,17.9,0.301,7.1,6.58,0.0399,1.0,1.02,220.0,190,450,200,1000,8.3,29.7,13.4,14.5,13.4,12.8,14.4,11.8,12.5,12.6,13.6,28.2,9.3,17.7,212.0,26.1,16.3
67.8,66.8,68.8,75.4,77.2,73.6,60.1,59.6,60.6,61.5,59.0,64.0,1.09,11.4,0.319,10.0,9.34,17.5,0.289,6.94,6.62,0.041,1.0,1.02,222.0,190,470,190,1000,8.3,28.0,13.6,14.4,11.8,13.5,13.1,14.5,14.2,12.2,13.4,27.7,9.3,19.5,214.0,25.6,15.9
69.7,69.2,70.2,78.1,79.2,77.0,64.5,64.8,64.2,61.9,60.2,63.6,1.08,11.4,0.326,10.0,9.38,18.0,0.297,7.15,6.57,0.0409,1.0,0.998,216.0,190,470,150,1000,9.0,28.1,12.4,13.3,12.2,13.8,13.6,14.6,13.7,12.5,13.0,27.6,9.7,18.9,212.0,25.0,16.7
69.8,67.4,72.2,73.5,74.4,72.6,60.1,60.2,60.0,63.1,62.4,63.8,1.08,11.3,0.329,10.1,9.37,18.0,0.286,6.97,6.62,0.0402,0.999,1.01,213.0,190,300,130,1000,8.8,28.8,13.4,12.3,12.3,14.1,14.3,13.6,12.4,13.4,12.8,27.5,7.6,17.8,209.0,25.8,16.4
69.9,66.8,73.0,75.1,75.8,74.4,60.8,61.6,60.0,62.8,62.4,63.2,1.08,11.2,0.327,10.0,9.3,18.0,0.297,6.88,6.5,0.0425,0.997,1.02,216.0,190,480,190,1000,8.8,27.6,12.5,13.5,11.9,13.9,12.3,14.1,13.0,12.0,14.3,27.1,7.5,18.8,207.0,26.4,14.7
67.9,67.2,68.6,73.8,75.6,72.0,64.9,64.8,65.0,63.9,60.8,67.0,1.14,11.8,0.34,10.5,9.72,19.0,0.311,7.26,6.82,0.0407,1.01,1.09,211.0,180,480,170,1000,9.3,28.5,13.7,14.4,13.0,12.4,11.1,14.4,13.4,12.4,13.4,31.1,9.7,20.0,217.0,25.4,15.3
71.1,71.8,70.4,73.8,75.2,72.4,59.4,61.0,57.8,63.7,63.0,64.4,1.19,12.5,0.359,11.0,10.4,19.9,0.328,7.74,7.26,0.0421,1.04,1.15,210.0,180,340,130,1000,8.0,28.8,14.6,12.6,13.4,13.1,11.9,14.7,14.4,14.1,12.4,29.5,8.6,19.3,215.0,26.0,15.6
69.3,70.0,68.6,71.2,72.2,70.2,63.3,64.2,62.4,57.8,57.0,58.6,1.25,13.1,0.371,11.5,11.0,21.0,0.343,8.2,7.71,0.0422,1.06,1.2,209.0,180,370,170,1000,7.4,28.6,14.3,12.2,15.1,12.6,12.6,14.6,12.7,13.8,12.6,26.3,7.2,17.9,208.0,26.5,14.6
73.6,74.4,72.8,56.8,54.8,58.8,73.5,72.6,74.4,38.4,35.2,41.6,1.33,13.7,0.391,12.3,11.6,22.1,0.366,8.61,8.08,0.0421,1.68,1.26,208.0,180,350,170,1000,9.2,30.0,14.9,12.1,14.3,11.9,13.3,13.2,12.0,13.6,12.6,27.9,8.3,15.8,209.0,23.2,14.8
70.6,71.8,69.4,73.3,74.6,72.0,61.7,62.8,60.6,63.5,61.2,65.8,1.05,11.4,0.315,9.85,9.18,18.0,0.282,6.98,6.59,0.0412,0.997,0.989,278.0,220,800,380,1000,30.9,22.3,12.7,10.6,12.8,11.3,12.1,11.8,12.8,9.9,14.0,23.8,8.2,15.5,209.0,30.6,14.3
67.2,68.0,66.4,74.3,75.2,73.4,62.8,63.2,62.4,69.0,68.4,69.6,1.05,11.3,0.312,9.87,9.21,18.2,0.28,6.99,6.55,0.0413,1.0,0.981,280.0,220,790,340,1000,18.5,25.1,14.4,11.9,13.0,12.7,11.7,13.4,12.8,12.0,13.7,28.4,10.6,18.5,217.0,28.9,16.0
71.7,70.8,72.6,75.0,77.0,73.0,59.8,59.4,60.2,61.6,61.6,61.6,1.07,11.5,0.324,9.89,9.35,18.3,0.283,6.96,6.69,0.0401,0.993,0.988,273.0,220,610,210,1000,11.4,26.4,15.4,13.7,12.1,12.7,14.2,13.2,12.5,12.6,13.3,28.9,11.0,17.8,215.0,28.5,15.4
67.1,65.6,68.6,79.2,81.0,77.4,61.3,63.2,59.4,62.4,61.8,63.0,1.05,11.3,0.315,9.78,9.2,18.0,0.286,6.89,6.51,0.041,1.0,0.969,259.0,210,440,180,1000,9.2,26.1,13.1,13.1,14.0,12.8,14.5,13.8,13.0,13.1,12.9,27.8,9.9,18.2,212.0,27.3,15.7
69.9,67.4,72.4,72.4,73.4,71.4,60.3,60.4,60.2,69.7,65.6,73.8,1.05,11.3,0.326,9.76,9.32,18.0,0.288,6.89,6.5,0.0409,0.999,0.977,254.0,210,380,180,1000,8.2,28.3,12.3,14.2,15.7,11.9,13.7,14.7,12.1,13.5,11.8,27.0,9.1,17.4,210.0,28.3,16.1
69.0,67.8,70.2,77.3,78.6,76.0,60.2,60.2,60.2,63.4,61.8,65.0,1.05,11.1,0.322,9.74,9.21,18.1,0.288,6.87,6.43,0.0408,0.999,0.973,245.0,200,390,180,1000,9.3,29.7,14.3,16.0,14.0,12.3,13.4,13.6,13.0,12.5,10.8,27.7,10.0,17.0,214.0,28.5,16.9
69.2,69.0,69.4,77.3,78.6,76.0,63.0,62.0,64.0,61.5,62.6,60.4,1.05,11.3,0.321,9.88,9.21,18.2,0.299,6.93,6.48,0.0405,0.994,0.982,234.0,200,310,120,1000,10.5,30.1,14.5,16.7,12.6,12.7,13.6,13.5,12.3,11.6,13.2,28.2,9.7,16.3,216.0,27.9,16.6
66.8,67.8,65.8,70.4,70.4,70.4,62.4,63.8,61.0,68.8,67.4,70.2,1.05,11.5,0.32,9.89,9.3,17.9,0.29,6.8,6.66,0.0402,1.0,0.987,224.0,190,270,110,1000,10.0,27.8,13.6,15.3,12.8,12.3,13.1,15.0,11.8,13.5,14.5,27.7,8.0,16.8,212.0,28.4,15.8
69.7,70.8,68.6,76.3,77.0,75.6,59.3,58.8,59.8,61.6,59.8,63.4,1.03,11.3,0.321,9.69,9.47,17.7,0.291,6.93,6.58,0.0412,1.01,0.967,233.0,190,690,150,1000,9.4,25.5,12.3,14.5,12.4,12.5,12.7,14.6,12.7,13.6,13.3,26.3,7.7,19.2,207.0,28.5,16.1
68.7,67.8,69.6,72.3,74.6,70.0,61.9,62.6,61.2,63.0,64.8,61.2,1.06,11.2,0.324,9.82,9.25,18.1,0.289,6.82,6.59,0.0389,0.994,0.969,228.0,190,690,190,1000,9.2,26.6,12.8,13.6,12.3,13.2,12.8,12.2,12.3,12.6,14.6,27.1,8.3,17.4,205.0,28.1,16.4
69.5,70.6,68.4,73.5,74.4,72.6,58.6,58.2,59.0,66.0,65.0,67.0,1.07,11.4,0.332,9.9,9.15,18.1,0.288,6.79,6.42,0.0399,0.992,0.963,232.0,190,520,190,1000,9.7,26.6,13.1,12.5,12.0,12.3,12.1,12.9,13.1,14.2,14.4,27.5,8.6,17.6,207.0,28.3,15.1
68.3,68.0,68.6,76.5,78.8,74.2,65.5,64.6,66.4,64.0,60.6,67.4,1.06,11.3,0.324,9.79,9.32,17.8,0.293,6.81,6.56,0.039,0.397,0.988,231.0,190,590,220,1000,10.0,26.7,12.4,13.3,11.4,11.8,13.4,13.3,15.1,13.9,13.0,27.3,9.6,19.3,211.0,26.9,16.1
71.3,70.6,72.0,74.4,76.4,72.4,61.5,63.4,59.6,62.9,63.2,62.6,1.07,11.3,0.333,9.89,9.54,17.9,0.303,6.84,6.56,0.0392,0.401,1.01,224.0,190,330,140,1000,8.7,28.4,12.1,13.9,13.1,11.7,15.0,13.8,13.9,13.2,14.1,27.4,9.5,16.6,211.0,27.3,17.1
68.0,69.6,66.4,75.6,76.8,74.4,75.4,76.8,74.0,67.9,66.8,69.0,1.15,12.1,0.353,10.5,9.95,19.1,0.335,7.24,6.91,0.0413,0.964,1.09,220.0,180,270,120,1000,8.5,29.6,13.6,12.1,13.8,11.2,14.4,13.3,13.0,14.6,14.5,26.9,8.8,16.4,211.0,28.5,16.3
71.4,72.4,70.4,74.7,77.2,72.2,62.5,65.0,60.0,64.2,62.2,66.2,1.25,12.7,0.376,11.1,10.7,20.3,0.355,7.8,7.37,0.0406,0.985,1.15,217.0,180,300,150,1000,8.7,28.0,14.4,11.9,12.7,11.8,14.2,12.3,15.4,14.9,12.8,29.7,9.9,17.2,214.0,27.8,16.4
68.6,68.4,68.8,77.8,79.8,75.8,64.2,65.2,63.2,62.2,62.3,62.1,1.29,13.4,0.388,11.7,11.3,21.4,0.374,8.07,7.65,0.0406,1.01,1.21,212.0,180,280,130,1000,9.2,26.6,13.4,12.0,12.0,11.9,14.8,14.8,13.7,13.5,14.2,28.7,9.6,17.5,212.0,27.5,16.9
69.8,69.0,70.6,37.7,39.8,35.6,60.2,59.6,60.8,36.5,36.6,36.4,1.37,14.0,0.405,12.3,11.8,22.3,0.393,8.63,8.07,0.0406,1.02,1.26,214.0,180,510,140,1000,9.1,27.1,13.8,11.7,11.2,12.0,14.5,14.6,11.4,13.0,16.1,25.6,9.5,22.2,212.0,26.2,16.6
57.1,55.4,58.8,55.6,55.4,55.8,55.7,54.4,57.0,36.7,38.0,35.4,0.521,6.73,0.166,5.89,5.78,8.36,0.147,4.42,3.2,0.0403,0.755,0.575,103.0,84,280,96,600,65.0,13.8,6.3,7.8,7.5,7.5,5.4,7.7,5.7,8.1,6.5,14.3,4.8,11.0,171.0,3.85,2.62
49.9,49.8,50.0,51.9,50.2,53.6,50.2,50.8,49.6,34.8,35.6,34.0,0.527,6.83,0.17,6.11,5.86,8.53,0.153,4.49,3.3,0.0391,0.757,0.583,88.0,66,250,47,600,35.1,17.7,7.7,8.6,8.9,8.5,7.6,9.0,7.0,9.6,7.4,18.9,7.2,12.2,165.0,5.64,2.42
52.8,52.4,53.2,54.5,55.2,53.8,50.9,49.4,52.4,34.2,36.8,31.6,0.534,6.98,0.176,6.19,6.05,8.74,0.157,4.57,3.36,0.0399,0.762,0.586,80.1,59,98,35,600,6.1,16.7,9.1,7.8,7.6,7.8,6.3,8.2,8.7,9.9,8.5,18.2,5.9,10.2,131.0,7.22,3.22
52.9,52.6,53.2,53.0,53.8,52.2,49.7,49.6,49.8,34.3,37.2,31.4,0.549,7.06,0.177,6.26,6.22,8.88,0.16,4.79,3.49,0.0406,0.768,0.596,74.0,52,98,35,600,6.2,15.5,7.8,8.0,8.6,8.8,7.1,8.2,7.1,8.9,9.5,16.4,4.8,10.9,128.0,8.4,3.98
54.4,54.2,54.6,56.0,56.0,56.0,54.6,54.6,54.6,36.2,35.2,37.2,0.571,7.08,0.191,6.31,6.3,9.26,0.172,4.91,3.44,0.0383,0.775,0.599,70.9,50,110,37,600,5.6,14.3,7.6,6.6,10.0,8.5,9.7,7.1,7.0,8.1,7.5,16.4,5.7,11.6,126.0,8.08,4.45
49.2,50.2,48.2,54.8,55.0,54.6,50.6,51.8,49.4,38.1,38.2,38.0,0.592,7.31,0.189,6.42,6.44,9.27,0.176,4.86,3.54,0.0403,0.777,0.605,67.2,47,110,36,600,6.2,14.8,10.5,6.2,9.8,8.4,9.5,7.0,8.8,8.6,7.0,16.5,6.1,11.2,131.0,8.42,4.61
51.9,50.8,53.0,55.0,53.2,56.8,51.7,52.0,51.4,34.2,36.2,32.2,0.602,7.53,0.194,6.58,6.6,9.34,0.177,4.95,3.69,0.0388,0.782,0.614,64.6,45,90,31,600,6.6,17.2,9.6,7.1,8.1,9.8,8.6,7.0,8.0,8.9,8.2,15.8,6.0,9.3,130.0,8.03,4.72
53.2,52.6,53.8,56.9,58.8,55.0,51.9,51.4,52.4,36.5,36.0,37.0,0.613,7.71,0.197,6.77,6.62,9.82,0.172,5.16,3.73,0.0375,0.787,0.622,62.6,44,98,34,600,6.8,18.3,7.5,7.7,8.2,10.5,8.2,7.7,7.7,8.4,7.9,16.3,5.1,9.1,129.0,7.92,4.69
51.5,50.8,52.2,53.9,55.2,52.6,51.6,50.2,53.0,34.6,33.0,36.2,0.623,7.82,0.2,6.97,6.73,9.89,0.175,5.18,3.81,0.0383,0.793,0.637,61.8,43,120,35,600,6.4,17.1,7.3,8.5,9.1,9.8,7.8,8.1,7.4,8.0,8.1,15.9,4.1,11.8,129.0,7.92,5.13
53.5,54.0,53.0,53.9,54.6,53.2,51.8,51.2,52.4,34.5,36.4,32.6,0.642,8.04,0.207,7.06,6.89,10.1,0.182,5.26,3.89,0.0381,0.795,0.652,60.5,43,130,36,600,5.0,17.3,8.0,9.0,7.1,8.4,7.3,8.8,6.9,7.5,9.5,15.0,4.2,12.2,126.0,7.97,5.27
53.9,56.6,51.2,55.6,54.0,57.2,52.0,52.4,51.6,34.6,35.4,33.8,0.646,7.99,0.207,7.13,6.99,10.4,0.187,5.29,3.96,0.0369,0.8,0.662,59.2,42,110,34,600,4.9,18.0,8.1,9.0,7.8,8.7,7.1,9.8,7.9,8.0,9.8,17.4,5.1,10.2,132.0,7.2,4.83
53.4,53.2,53.6,55.1,56.2,54.0,56.3,54.4,58.2,35.5,35.2,35.8,0.688,8.14,0.212,7.32,7.23,10.6,0.197,5.51,4.09,0.0378,0.804,0.68,58.1,41,100,33,600,5.6,17.3,8.2,8.3,9.3,9.2,8.8,8.8,8.1,8.5,8.9,19.3,6.3,9.8,136.0,7.22,4.84
54.8,53.0,56.6,55.2,54.2,56.2,54.2,54.0,54.4,34.7,34.0,35.4,0.717,8.34,0.224,7.49,7.28,10.9,0.2,5.61,4.21,0.0367,0.818,0.685,57.3,41,100,37,600,5.0,15.8,7.7,8.8,8.6,9.0,9.1,8.1,7.3,8.0,9.6,18.7,7.5,11.6,135.0,7.65,4.91
55.5,57.0,54.0,55.9,56.0,55.8,52.5,50.2,54.8,36.1,36.6,35.6,0.744,8.43,0.234,7.66,7.4,11.0,0.213,5.72,4.24,0.0367,0.822,0.688,56.5,41,100,37,600,5.7,15.5,8.2,9.9,8.7,8.8,8.1,8.8,7.3,8.0,9.5,18.5,7.5,12.1,137.0,7.43,4.5
54.7,53.2,56.2,53.7,53.2,54.2,54.6,54.4,54.8,33.5,34.2,32.8,0.772,8.7,0.237,7.99,7.6,11.4,0.217,5.88,4.42,0.0367,0.824,0.704,55.9,40,110,37,600,6.1,15.9,8.8,8.9,9.5,8.9,8.1,9.1,7.2,8.7,7.9,17.9,6.4,11.2,135.0,7.45,4.4
52.1,49.0,55.2,54.6,56.2,53.0,50.3,48.4,52.2,33.0,32.0,34.0,0.803,9.06,0.25,8.16,7.87,11.8,0.228,6.04,4.56,0.0375,0.842,0.736,55.3,40,110,37,600,5.8,16.8,7.4,8.3,8.3,8.7,7.9,8.2,8.2,8.9,7.7,17.2,6.4,10.7,131.0,7.31,4.43
54.2,52.8,55.6,55.0,56.4,53.6,55.0,54.8,55.2,34.2,34.6,33.8,0.859,9.54,0.262,8.67,8.27,12.4,0.24,6.43,4.77,0.0376,0.855,0.787,54.8,40,110,36,600,6.9,17.5,7.6,9.1,7.5,7.4,9.1,7.8,9.5,8.3,7.1,16.8,6.4,10.0,131.0,7.62,4.22
54.2,52.4,56.0,51.8,51.2,52.4,53.6,53.6,53.6,34.5,35.2,33.8,0.916,10.1,0.274,9.14,8.76,13.1,0.254,6.65,5.07,0.0384,0.874,0.831,54.6,40,120,36,600,6.3,16.7,8.4,9.8,8.7,8.8,8.9,7.3,8.1,8.4,7.0,17.5,6.1,10.8,133.0,7.04,4.4
55.5,56.4,54.6,45.7,45.8,45.6,50.3,50.4,50.2,28.3,28.6,28.0,0.967,10.4,0.288,9.58,9.21,13.7,0.267,7.14,5.32,0.0373,0.892,0.873,54.2,39,120,35,600,5.4,17.4,9.2,9.2,8.0,8.8,6.9,8.5,7.1,10.6,7.1,17.7,5.9,10.5,132.0,6.66,4.21
56.9,57.4,56.4,55.6,57.4,53.8,59.3,60.4,58.2,46.3,47.2,45.4,0.815,9.02,0.242,8.09,7.62,11.4,0.221,5.96,4.55,0.0374,0.328,0.713,101.0,88,250,96,600,70.3,13.7,6.56,7.22,7.44,4.56,6.78,7.0,8.0,8.56,6.89,14.8,5.22,7.67,175.0,5.46,2.15
50.8,48.8,52.8,60.6,61.8,59.4,51.0,52.0,50.0,45.7,41.6,49.8,0.793,8.87,0.244,7.95,7.61,11.5,0.216,5.97,4.45,0.0376,0.324,0.722,87.2,70,220,59,600,41.5,17.4,6.3,8.1,8.3,7.0,7.7,8.9,9.4,9.7,7.9,15.5,5.4,9.2,162.0,8.91,3.61
51.8,49.2,54.4,57.5,60.4,54.6,52.7,52.6,52.8,48.9,46.2,51.6,0.808,8.86,0.243,8.02,7.59,11.6,0.223,5.93,4.45,0.0366,0.331,0.721,78.8,61,110,33,600,7.3,18.0,6.1,8.8,6.4,7.6,8.4,8.7,10.1,8.0,8.0,16.3,5.3,10.1,129.0,11.8,5.42
51.7,52.6,50.8,59.0,59.2,58.8,51.4,49.6,53.2,42.4,40.0,44.8,0.804,8.84,0.243,8.12,7.62,11.5,0.221,5.93,4.48,0.0375,0.334,0.727,73.1,54,110,33,600,4.7,17.7,7.4,9.1,6.1,8.1,9.4,7.6,9.0,7.9,8.0,17.4,5.7,11.8,130.0,14.8,7.28
53.3,51.6,55.0,64.8,63.8,65.8,51.6,54.0,49.2,43.6,40.6,46.6,0.824,8.85,0.251,8.05,7.55,11.4,0.227,5.89,4.47,0.0367,0.33,0.721,69.1,50,110,34,600,6.5,16.6,8.2,9.1,6.0,6.8,8.9,6.9,8.1,8.3,8.4,17.1,5.9,12.2,129.0,15.1,8.37
55.2,56.2,54.2,59.3,60.0,58.6,51.5,52.4,50.6,45.9,43.4,48.4,0.828,8.8,0.249,8.04,7.57,11.6,0.228,5.92,4.54,0.0367,0.33,0.727,66.9,48,120,38,600,7.7,15.7,6.3,9.4,7.9,5.9,7.9,8.6,9.3,7.8,9.4,17.0,5.9,11.1,130.0,14.9,8.8
51.1,51.6,50.6,61.7,61.2,62.2,52.9,53.4,52.4,43.8,43.0,44.6,0.847,8.96,0.253,8.18,7.52,11.6,0.23,6.1,4.53,0.0391,0.333,0.723,64.4,46,110,37,600,6.3,16.2,5.6,9.7,10.2,7.7,8.2,8.5,8.9,7.8,8.9,17.4,6.2,11.1,133.0,14.2,9.22
54.0,52.0,56.0,59.6,60.4,58.8,70.1,71.2,69.0,43.0,40.6,45.4,0.83,9.03,0.253,8.17,7.54,11.6,0.225,5.94,4.49,0.0392,0.959,0.716,64.5,47,140,42,600,6.3,17.2,7.3,9.1,10.0,7.8,8.1,7.4,7.4,7.5,8.4,17.7,6.2,12.0,132.0,14.0,8.96
51.5,54.6,48.4,61.3,61.8,60.8,51.1,50.8,51.4,44.1,40.2,48.0,0.791,8.79,0.245,8.07,7.53,11.5,0.221,5.95,4.46,0.0381,0.949,0.708,62.7,46,140,42,600,7.3,18.5,9.0,8.6,8.3,7.3,8.6,7.1,6.4,7.5,8.7,17.0,5.4,12.9,133.0,13.7,8.48
55.1,55.4,54.8,60.9,60.8,61.0,56.6,55.8,57.4,44.7,44.8,44.6,0.79,9.01,0.24,8.12,7.53,11.5,0.217,5.98,4.51,0.0381,0.954,0.721,61.7,45,110,36,600,6.6,18.5,9.2,7.6,7.5,7.9,9.6,6.6,7.9,8.1,8.1,15.9,5.3,12.7,132.0,13.8,8.57
53.0,52.8,53.2,60.8,61.2,60.4,50.9,51.6,50.2,44.1,40.8,47.4,0.794,9.01,0.243,7.89,7.46,11.5,0.218,5.87,4.42,0.038,0.954,0.717,60.6,44,120,37,600,6.4,15.0,8.2,7.4,9.2,8.5,9.2,8.1,9.5,7.3,7.3,16.3,5.7,11.3,129.0,13.9,8.14
52.4,50.6,54.2,58.6,57.8,59.4,53.0,52.4,53.6,43.3,43.8,42.8,0.779,8.87,0.238,8.04,7.48,11.5,0.216,5.88,4.4,0.0391,0.945,0.716,59.7,44,110,35,600,5.8,15.0,7.2,9.0,8.9,7.7,9.7,10.0,8.1,7.5,7.4,18.0,6.5,12.1,133.0,14.1,7.88
52.3,54.8,49.8,59.3,61.2,57.4,50.1,48.2,52.0,44.6,42.0,47.2,0.773,8.86,0.24,7.95,7.56,11.6,0.215,5.8,4.5,0.039,0.95,0.712,58.8,43,110,36,600,4.2,16.4,7.0,9.8,6.3,8.1,9.3,9.2,7.4,7.6,8.6,16.8,6.2,14.0,131.0,13.8,7.48
56.5,54.6,58.4,60.7,61.0,60.4,55.7,53.6,57.8,44.7,44.2,45.2,0.767,8.86,0.241,7.99,7.5,11.6,0.217,5.91,4.44,0.0372,0.947,0.713,58.4,43,120,38,600,4.5,16.7,7.8,8.1,7.7,8.0,8.2,8.0,7.4,8.6,9.1,15.9,5.8,13.1,129.0,14.3,8.12
52.1,52.8,51.4,61.0,60.2,61.8,50.5,50.4,50.6,45.3,46.0,44.6,0.773,8.91,0.237,7.93,7.43,11.5,0.217,5.89,4.49,0.0383,0.945,0.716,58.0,43,140,39,600,5.3,16.9,9.3,6.6,9.2,8.0,9.4,8.0,7.9,9.5,9.3,17.5,6.1,11.4,134.0,14.1,7.67
52.2,51.4,53.0,60.6,60.2,61.0,54.1,53.2,55.0,46.3,45.6,47.0,0.79,8.97,0.244,8.03,7.65,11.7,0.222,5.95,4.48,0.0383,0.954,0.749,57.5,42,120,35,600,4.8,17.1,8.7,7.0,7.5,8.8,9.8,8.0,7.9,7.5,8.8,16.5,5.6,12.3,130.0,14.3,7.9
53.0,52.0,54.0,66.8,68.4,65.2,51.1,53.4,48.8,48.2,47.6,48.8,0.817,9.44,0.254,8.63,8.17,12.5,0.236,6.3,4.72,0.0384,0.964,0.8,56.9,42,110,33,600,5.2,17.5,7.4,8.3,7.5,7.4,9.0,7.4,8.4,7.2,8.7,15.0,5.3,13.0,127.0,14.9,7.95
54.3,53.2,55.4,63.9,64.6,63.2,53.8,54.6,53.0,45.1,43.8,46.4,0.888,9.88,0.267,9.06,8.56,13.1,0.247,6.67,5.06,0.0385,0.98,0.848,56.7,42,120,37,600,6.5,17.4,7.3,9.1,8.5,7.6,8.2,6.7,9.3,8.1,9.3,16.2,5.4,11.4,131.0,15.2,9.25
55.6,53.2,58.0,56.3,55.0,57.6,52.7,50.4,55.0,40.7,39.0,42.4,0.947,10.4,0.288,9.47,8.95,13.7,0.263,6.94,5.25,0.0395,1.0,0.893,56.2,42,110,38,600,6.2,17.0,5.9,8.6,8.0,8.5,7.5,6.6,7.9,8.7,8.9,17.1,6.3,11.9,129.0,14.4,8.95
49.8,45.8,53.8,31.4,29.4,33.4,52.8,54.6,51.0,25.8,22.2,29.4,0.995,11.0,0.297,10.0,9.39,14.4,0.273,7.45,5.52,0.0387,1.01,0.926,55.5,41,100,34,600,5.9,17.4,6.5,7.3,7.3,8.6,8.2,7.7,7.3,9.0,8.9,18.1,6.7,12.2,131.0,13.0,8.58
48.4,46.4,50.4,68.2,70.0,66.4,50.3,50.4,50.2,54.9,55.6,54.2,0.791,9.04,0.24,8.16,7.44,11.7,0.214,6.04,4.42,0.0382,0.953,0.723,86.4,73,230,81,600,60.9,15.7,8.4,8.5,8.1,7.4,7.6,6.1,6.4,8.4,8.7,16.8,5.3,11.0,179.0,8.51,3.62
54.9,55.8,54.0,59.8,60.0,59.6,52.6,51.2,54.0,51.3,51.8,50.8,0.782,9.02,0.238,8.12,7.64,11.6,0.209,5.91,4.43,0.0381,0.948,0.733,79.0,65,140,40,600,24.5,17.4,7.9,8.8,9.4,8.7,8.1,7.3,7.7,8.8,9.0,17.7,4.9,12.0,152.0,13.0,6.71
52.0,53.4,50.6,61.9,62.2,61.6,51.0,50.2,51.8,50.9,48.6,53.2,0.759,8.98,0.24,8.04,7.5,11.4,0.215,5.88,4.39,0.0371,0.32,0.73,72.5,58,110,39,600,6.0,17.5,6.5,8.5,7.6,8.9,9.6,8.6,7.9,8.5,8.5,17.2,5.0,11.1,131.0,17.1,8.74
54.9,55.0,54.8,61.7,61.0,62.4,52.8,51.4,54.2,50.2,47.4,53.0,0.802,8.96,0.245,8.18,7.46,11.5,0.227,5.89,4.43,0.0379,0.325,0.752,69.2,55,110,38,600,4.7,18.2,8.6,8.1,6.6,8.4,8.6,8.8,8.0,8.6,10.2,16.9,6.0,10.9,133.0,19.3,10.7
50.6,48.4,52.8,59.9,61.8,58.0,51.9,50.2,53.6,50.0,47.2,52.8,0.8,8.92,0.246,8.05,7.45,11.5,0.224,5.84,4.42,0.0381,0.326,0.741,65.8,51,110,37,600,6.0,16.8,9.0,8.0,7.0,8.2,7.0,8.3,7.8,8.1,9.1,16.5,6.8,12.6,131.0,19.1,11.1
54.1,53.4,54.8,60.0,61.6,58.4,53.5,53.2,53.8,50.5,49.6,51.4,0.802,8.85,0.244,8.09,7.41,11.4,0.224,5.97,4.49,0.0392,0.323,0.741,63.9,49,110,35,600,5.9,15.3,8.0,9.6,8.0,8.3,7.9,6.7,8.1,7.4,8.1,17.1,6.4,12.3,129.0,19.1,11.2
52.4,52.2,52.6,60.9,60.2,61.6,50.2,49.6,50.8,50.3,46.8,53.8,0.815,8.78,0.245,8.03,7.38,11.4,0.224,5.94,4.46,0.0374,0.33,0.748,62.3,48,120,36,600,4.4,15.5,7.1,8.7,8.3,8.9,9.1,7.1,9.1,8.7,7.5,17.1,6.2,10.9,129.0,18.6,10.3
52.6,51.4,53.8,60.1,60.6,59.6,50.3,50.8,49.8,49.3,46.6,52.0,0.818,8.88,0.247,8.06,7.36,11.5,0.229,6.05,4.44,0.0375,0.324,0.748,60.8,46,110,36,600,5.8,17.6,6.4,7.5,8.2,7.5,8.1,7.7,8.5,9.6,8.4,16.9,6.3,11.5,130.0,17.9,10.3
54.1,53.6,54.6,63.6,64.6,62.6,54.5,56.0,53.0,50.0,48.2,51.8,0.82,8.67,0.246,7.98,7.34,11.4,0.228,6.08,4.46,0.0385,0.327,0.755,59.4,45,110,35,600,5.8,16.5,8.2,6.3,8.8,7.3,7.8,6.5,7.9,9.7,9.3,17.7,6.7,10.6,129.0,17.7,10.3
55.0,55.2,54.8,63.8,64.4,63.2,54.2,53.2,55.2,51.1,48.2,54.0,0.816,8.83,0.25,8.11,7.51,11.6,0.23,5.88,4.46,0.0395,0.323,0.766,58.8,44,110,38,600,4.4,15.0,7.9,6.7,8.5,9.0,8.8,7.2,8.5,10.0,9.3,19.8,7.1,11.4,134.0,17.9,10.4
53.7,54.4,53.0,60.3,61.8,58.8,54.4,51.8,57.0,50.4,48.4,52.4,0.844,8.83,0.255,8.31,7.53,11.7,0.235,5.98,4.54,0.0386,0.326,0.767,58.2,44,120,40,600,4.7,15.9,7.5,9.2,8.1,8.7,8.9,8.2,8.3,9.5,9.9,19.9,7.3,12.8,139.0,18.1,10.6
54.1,53.4,54.8,60.5,62.8,58.2,54.0,53.0,55.0,51.5,50.6,52.4,0.863,8.87,0.261,8.1,7.37,11.5,0.234,5.99,4.56,0.0385,0.334,0.763,57.8,44,120,42,600,5.7,16.4,8.7,8.4,9.2,9.0,6.7,8.0,6.5,9.4,9.1,19.5,7.3,12.4,136.0,18.2,10.6
51.7,52.8,50.6,61.9,63.6,60.2,50.7,50.6,50.8,51.1,51.0,51.2,0.838,8.95,0.255,8.14,7.53,11.3,0.24,5.95,4.48,0.0386,0.334,0.756,57.3,44,120,41,600,6.5,16.8,7.5,7.2,9.6,8.1,7.5,8.9,6.7,8.8,9.8,19.1,7.2,11.9,136.0,18.0,10.5
53.5,55.8,51.2,66.1,66.4,65.8,61.6,61.0,62.2,51.6,50.4,52.8,0.835,8.89,0.249,8.2,7.46,11.5,0.233,6.04,4.55,0.0377,0.328,0.757,57.2,44,120,42,600,5.7,15.9,9.4,7.1,7.8,6.6,8.9,8.6,8.5,8.9,8.3,17.6,6.9,10.3,131.0,18.3,10.4
54.7,52.4,57.0,61.1,60.0,62.2,59.8,60.8,58.8,52.1,50.0,54.2,0.832,8.67,0.252,7.92,7.49,11.5,0.237,5.84,4.53,0.0388,0.922,0.769,57.0,44,130,42,600,4.7,17.1,9.6,6.9,7.9,7.2,7.7,7.6,9.0,8.4,6.3,17.5,5.7,11.7,127.0,18.4,11.4
52.1,50.8,53.4,59.1,59.0,59.2,56.4,57.6,55.2,50.4,49.4,51.4,0.856,9.21,0.262,8.4,7.91,12.2,0.246,6.19,4.65,0.0389,0.931,0.827,56.4,43,110,39,600,4.7,16.9,7.7,7.4,8.2,7.7,7.6,8.3,8.6,9.4,7.8,18.3,4.9,12.7,130.0,18.4,11.6
50.7,49.8,51.6,58.7,59.2,58.2,51.2,51.8,50.6,50.3,48.6,52.0,0.9,9.63,0.273,8.95,8.3,12.7,0.257,6.57,4.93,0.0398,0.949,0.86,55.8,43,99,35,600,4.6,16.7,9.1,8.7,7.3,8.7,7.8,9.2,8.8,8.6,9.8,18.6,5.7,11.1,135.0,17.9,11.0
52.5,50.4,54.6,62.7,63.2,62.2,52.6,50.8,54.4,50.8,46.0,55.6,0.944,10.2,0.282,9.42,8.7,13.3,0.271,6.86,5.23,0.0389,0.963,0.907,55.4,43,110,35,600,4.9,16.8,8.0,8.9,7.6,9.0,8.0,8.7,7.1,6.7,9.7,16.3,5.3,13.0,130.0,17.9,11.1
54.2,52.2,56.2,64.5,64.8,64.2,49.9,52.0,47.8,50.8,48.2,53.4,0.986,10.6,0.295,9.86,9.19,14.0,0.279,7.2,5.41,0.039,0.98,0.954,55.0,42,110,36,600,4.7,17.0,6.7,9.1,8.6,8.6,7.1,7.6,6.8,9.6,7.7,14.3,4.4,12.6,125.0,18.2,11.5
54.4,52.8,56.0,59.2,58.4,60.0,54.2,53.4,55.0,52.4,51.8,53.0,1.05,11.1,0.308,10.3,9.57,14.6,0.294,7.54,5.75,0.0402,0.996,0.997,54.9,42,120,40,600,5.0,16.8,7.9,9.2,9.3,8.7,8.3,8.0,8.4,10.1,7.9,17.1,6.4,10.6,134.0,18.8,10.8
56.2,56.0,56.4,57.3,56.8,57.8,54.6,55.2,54.0,44.9,41.4,48.4,1.1,11.7,0.32,10.7,10.1,15.4,0.311,8.0,6.0,0.0393,1.01,1.04,54.7,42,110,42,600,5.7,14.7,10.0,7.8,9.3,7.6,8.1,8.1,8.9,8.0,9.4,18.1,7.3,11.6,135.0,18.0,10.1
50.7,50.8,50.6,29.8,27.2,32.4,53.3,51.8,54.8,26.7,23.4,30.0,1.16,11.7,0.33,10.7,10.0,15.2,0.323,8.38,6.21,0.0394,1.01,1.05,54.4,42,110,40,600,5.8,15.3,9.3,8.7,8.4,8.1,7.4,7.2,8.6,8.7,9.5,16.8,6.5,12.2,133.0,15.8,10.2
50.5,48.4,52.6,64.7,67.4,62.0,49.9,50.4,49.4,62.0,62.8,61.2,0.82,9.02,0.243,8.14,7.52,11.6,0.227,5.98,4.44,0.0383,0.922,0.761,90.9,72,270,84,600,61.9,16.3,6.8,7.5,6.3,7.9,8.3,7.5,7.2,8.9,6.6,15.4,5.2,11.6,177.0,12.0,5.93
53.9,53.2,54.6,65.1,66.8,63.4,50.0,49.2,50.8,61.0,58.8,63.2,0.822,9.16,0.246,8.24,7.55,11.6,0.223,5.97,4.42,0.0396,0.915,0.756,81.1,62,110,37,600,21.5,16.7,7.2,7.2,7.6,7.1,8.9,8.9,9.5,6.6,7.9,16.8,6.0,11.7,144.0,18.6,7.87
50.1,47.0,53.2,65.6,67.4,63.8,51.3,51.4,51.2,61.6,59.8,63.4,0.814,8.94,0.24,8.08,7.37,11.3,0.224,5.96,4.47,0.0388,0.921,0.748,74.6,56,100,35,600,5.1,17.1,8.2,6.9,8.5,6.8,8.5,9.0,10.6,6.4,8.0,16.5,6.0,9.6,127.0,23.8,11.0
55.0,55.2,54.8,66.6,66.6,66.6,51.7,54.2,49.2,59.8,56.8,62.8,0.782,8.98,0.234,7.93,7.39,11.5,0.225,5.9,4.45,0.0387,0.918,0.741,70.9,54,110,39,600,6.2,16.0,8.1,8.1,8.7,8.8,8.4,7.9,8.9,8.6,7.9,17.4,5.7,10.0,131.0,26.6,14.4
52.6,52.4,52.8,63.2,65.6,60.8,50.8,48.4,53.2,60.6,57.8,63.4,0.794,8.98,0.235,8.09,7.46,11.4,0.222,5.89,4.41,0.04,0.916,0.753,68.2,52,110,41,600,6.3,15.2,8.0,8.6,8.3,9.4,8.3,8.1,7.2,8.7,7.9,15.1,4.9,12.0,128.0,26.5,15.3
54.9,54.2,55.6,65.6,67.6,63.6,49.7,50.2,49.2,59.7,60.0,59.4,0.779,8.89,0.236,8.0,7.37,11.5,0.215,5.98,4.46,0.039,0.916,0.752,66.8,51,120,41,600,5.8,16.5,10.2,8.5,7.9,10.1,7.5,7.7,7.7,8.4,8.2,16.4,5.6,11.5,132.0,25.9,14.7
52.8,54.2,51.4,67.8,69.6,66.0,51.6,53.0,50.2,60.6,59.0,62.2,0.76,8.84,0.236,7.91,7.41,11.5,0.218,5.93,4.47,0.0391,0.912,0.752,64.9,49,130,40,600,5.1,16.3,10.3,8.6,6.9,9.6,7.5,7.7,8.8,8.0,8.8,17.7,5.2,10.9,131.0,24.2,15.8
56.1,54.4,57.8,73.2,73.6,72.8,54.2,53.4,55.0,60.8,59.4,62.2,0.794,8.91,0.237,8.23,7.5,11.5,0.223,5.96,4.43,0.0401,0.324,0.755,64.1,49,120,43,600,4.4,16.5,8.2,8.6,7.8,7.8,8.1,8.5,8.2,8.1,8.5,18.7,6.3,12.9,133.0,24.5,15.3
52.4,55.6,49.2,67.4,69.2,65.6,53.8,52.4,55.2,59.4,58.0,60.8,0.802,8.69,0.239,8.1,7.41,11.3,0.227,5.87,4.48,0.0401,0.329,0.749,63.7,49,130,47,600,5.0,16.8,7.0,8.6,8.7,7.9,9.0,8.9,8.7,8.1,7.4,21.1,8.0,13.3,139.0,25.3,16.2
54.1,57.4,50.8,67.1,68.4,65.8,53.0,51.4,54.6,61.6,60.4,62.8,0.829,8.87,0.247,7.95,7.33,11.6,0.232,5.8,4.49,0.0391,0.327,0.765,63.1,49,140,44,600,5.4,16.0,6.9,8.5,7.4,7.5,9.0,8.5,8.9,7.7,8.0,19.4,7.4,12.0,133.0,24.0,15.4
51.6,51.2,52.0,62.9,66.2,59.6,53.0,52.4,53.6,61.0,60.0,62.0,0.832,8.76,0.251,7.98,7.43,11.6,0.231,5.92,4.47,0.0393,0.328,0.77,62.1,48,130,43,600,5.6,17.7,7.4,8.6,8.2,8.0,8.3,9.8,8.5,7.4,8.6,17.3,6.6,10.3,132.0,26.3,16.4
54.0,51.8,56.2,66.7,69.0,64.4,51.8,51.8,51.8,63.7,66.2,61.2,0.845,8.82,0.248,8.01,7.35,11.5,0.235,5.89,4.51,0.0392,0.325,0.768,61.5,48,120,43,600,6.0,17.3,8.4,8.0,9.0,8.1,8.2,10.0,8.2,7.8,8.0,18.0,6.5,10.8,134.0,26.5,15.3
53.2,50.8,55.6,70.0,70.4,69.6,49.8,48.4,51.2,62.5,60.8,64.2,0.82,8.81,0.249,8.01,7.49,11.6,0.231,5.98,4.49,0.0394,0.324,0.775,60.6,47,120,41,600,6.0,16.8,9.1,6.8,7.5,7.5,8.0,8.5,7.1,8.8,8.9,17.5,6.2,11.5,130.0,26.1,16.3
55.1,55.6,54.6,65.5,66.2,64.8,52.2,51.0,53.4,63.9,62.4,65.4,0.836,8.72,0.251,8.06,7.3,11.4,0.229,5.91,4.49,0.0396,0.324,0.775,60.2,47,110,41,600,5.2,18.2,8.4,8.1,7.1,7.4,8.5,8.5,8.1,7.9,8.3,16.2,6.0,10.8,129.0,25.8,15.1
53.3,52.6,54.0,64.5,66.8,62.2,53.6,54.2,53.0,63.5,61.4,65.6,0.818,8.81,0.248,8.13,7.5,11.5,0.231,5.86,4.54,0.0408,0.322,0.8,60.1,47,130,45,600,5.3,16.1,9.2,8.4,8.5,8.1,8.8,8.6,9.0,8.7,7.0,19.3,7.0,11.2,135.0,27.0,15.9
52.1,51.2,53.0,65.8,67.8,63.8,52.9,51.4,54.4,62.8,60.0,65.6,0.853,9.15,0.254,8.31,7.87,11.9,0.24,6.04,4.64,0.0399,0.338,0.84,59.6,46,140,43,600,5.2,17.1,9.9,8.2,8.1,7.8,8.7,7.4,8.6,9.4,8.1,18.3,6.2,11.3,134.0,26.1,15.1
49.9,49.0,50.8,66.6,69.0,64.2,50.9,48.6,53.2,60.0,60.0,60.0,0.896,9.54,0.268,8.68,8.2,12.6,0.254,6.48,4.87,0.0402,0.352,0.887,59.1,46,120,39,600,5.5,19.5,9.3,8.0,7.3,7.1,7.8,7.8,7.9,7.8,8.7,14.6,5.0,11.2,128.0,26.6,16.0
56.9,56.0,57.8,62.4,64.0,60.8,54.7,55.0,54.4,59.5,60.2,58.8,0.945,10.1,0.285,9.13,8.63,13.4,0.269,6.81,5.21,0.0415,0.367,0.932,59.1,46,140,42,600,6.0,16.5,9.8,8.3,6.8,7.4,6.6,8.3,8.2,8.0,9.0,14.8,5.2,11.1,126.0,26.6,15.3
52.9,54.4,51.4,47.8,48.8,46.8,52.8,52.2,53.4,38.4,38.4,38.4,1.01,10.6,0.292,9.66,9.16,14.0,0.283,7.11,5.47,0.0416,0.383,0.979,58.8,46,140,43,600,4.8,15.4,10.4,9.4,7.3,6.5,7.5,7.6,8.9,8.2,8.1,17.6,6.4,12.8,131.0,24.3,14.6
60.7,60.8,60.6,65.1,66.0,64.2,63.7,62.6,64.8,62.6,62.8,62.4,0.842,8.75,0.252,8.04,7.44,11.6,0.236,5.95,4.52,0.0394,0.93,0.8,113.0,100,250,100,600,71.3,13.4,7.63,7.88,7.5,7.63,8.75,4.75,7.75,7.88,7.25,14.6,5.13,8.25,180.0,12.3,5.77
50.9,50.2,51.6,66.3,65.8,66.8,50.6,49.0,52.2,69.1,69.6,68.6,0.867,8.81,0.258,8.0,7.31,11.7,0.237,5.9,4.52,0.0407,0.932,0.807,95.5,79,240,67,600,41.1,16.4,8.9,8.2,8.8,8.9,8.9,7.1,8.2,8.7,8.0,17.1,6.6,10.0,167.0,20.2,8.58
51.1,50.4,51.8,65.9,67.2,64.6,53.4,53.2,53.6,65.1,61.4,68.8,0.869,8.86,0.251,8.29,7.36,11.6,0.236,5.88,4.53,0.0422,0.94,0.81,85.7,68,110,38,600,10.4,18.4,7.7,9.5,8.1,8.8,7.6,8.4,8.7,10.2,9.0,18.8,6.5,10.4,143.0,26.2,11.8
48.1,47.8,48.4,68.5,70.6,66.4,49.5,50.2,48.8,62.7,61.8,63.6,0.826,8.73,0.245,7.95,7.11,11.4,0.224,5.98,4.56,0.041,0.931,0.797,80.4,63,120,39,600,4.6,17.8,7.9,8.9,6.9,9.5,7.5,8.7,8.2,9.6,9.6,18.0,4.8,10.4,132.0,29.0,15.2
54.6,54.0,55.2,71.2,73.8,68.6,54.2,52.6,55.8,67.3,68.4,66.2,0.821,8.84,0.247,8.14,7.14,11.5,0.223,5.96,4.47,0.0402,0.927,0.801,76.1,59,120,41,600,4.7,16.8,7.8,8.2,6.5,10.6,8.4,9.6,8.2,7.2,7.7,15.9,4.3,10.9,127.0,29.3,15.8
48.3,48.4,48.2,69.6,70.6,68.6,50.3,51.0,49.6,62.8,58.8,66.8,0.793,8.7,0.238,8.22,7.21,11.5,0.218,5.99,4.5,0.0402,0.926,0.787,73.5,56,120,42,600,4.8,14.7,8.6,7.6,8.5,9.8,8.8,8.7,8.5,8.3,7.1,17.7,5.4,11.1,130.0,29.5,15.4
51.3,50.2,52.4,67.4,69.0,65.8,53.9,53.0,54.8,60.7,61.8,59.6,0.774,8.57,0.231,8.13,7.12,11.4,0.211,5.85,4.47,0.0423,0.93,0.772,71.2,54,130,40,600,4.8,15.0,9.3,8.0,9.0,8.1,8.0,8.1,8.0,8.8,8.1,18.2,5.4,11.3,130.0,27.8,16.4
54.0,51.8,56.2,64.1,64.0,64.2,54.8,54.2,55.4,67.5,66.4,68.6,0.763,8.73,0.236,8.21,7.01,11.6,0.216,5.95,4.5,0.0423,0.932,0.772,69.1,53,120,41,600,4.7,16.1,8.9,8.6,7.2,7.8,7.9,8.2,8.2,7.9,8.2,17.1,4.7,11.2,127.0,27.6,15.9
53.6,53.8,53.4,68.1,69.4,66.8,54.5,54.2,54.8,66.2,65.6,66.8,0.783,8.7,0.234,8.24,6.96,11.6,0.219,5.84,4.4,0.04,0.935,0.781,67.6,51,120,42,600,6.0,15.6,8.4,8.4,8.3,8.2,8.0,7.9,7.7,7.4,7.9,17.4,5.6,11.9,129.0,26.7,15.3
50.6,49.8,51.4,67.1,67.0,67.2,51.6,52.0,51.2,60.0,61.6,58.4,0.776,8.73,0.236,8.19,7.01,11.5,0.215,5.79,4.44,0.0421,0.931,0.789,66.9,51,140,44,600,6.3,14.6,7.4,8.8,8.0,10.0,8.7,9.9,7.9,8.9,7.2,18.5,6.7,12.0,135.0,27.9,16.2
52.3,52.8,51.8,65.4,67.6,63.2,54.0,52.4,55.6,68.0,69.0,67.0,0.765,8.74,0.237,8.35,6.87,11.4,0.214,5.88,4.39,0.0399,0.931,0.773,65.9,50,140,44,600,6.3,18.0,6.6,9.1,8.3,10.0,8.5,9.5,8.0,9.9,7.2,18.1,6.5,10.4,136.0,28.8,17.2
51.4,49.8,53.0,65.1,67.0,63.2,55.2,55.0,55.4,66.4,65.2,67.6,0.789,8.73,0.241,8.4,6.77,11.6,0.215,5.94,4.46,0.041,0.932,0.775,65.4,50,140,44,600,5.5,18.6,7.7,8.4,9.2,8.9,8.6,7.1,7.4,8.1,8.3,16.7,6.7,11.4,133.0,28.8,15.9
52.3,51.2,53.4,67.3,67.2,67.4,52.8,51.4,54.2,59.2,54.6,63.8,0.782,8.84,0.237,8.38,6.85,11.5,0.212,5.76,4.45,0.0411,0.934,0.774,64.3,49,130,42,600,4.7,15.0,8.7,7.6,6.7,8.4,9.1,7.7,7.4,8.3,7.8,16.9,6.2,12.9,127.0,27.7,16.3
49.8,51.0,48.6,65.4,67.0,63.8,51.0,51.8,50.2,65.9,65.0,66.8,0.758,8.75,0.228,8.45,6.79,11.3,0.205,5.77,4.45,0.0401,0.935,0.768,63.1,48,110,36,600,5.9,15.7,8.2,8.0,6.4,7.3,7.7,9.0,8.2,9.1,7.5,16.0,4.4,11.8,125.0,30.3,16.6
53.8,52.8,54.8,65.3,66.6,64.0,54.4,54.0,54.8,66.3,66.6,66.0,0.739,8.69,0.232,8.52,6.66,11.3,0.202,5.93,4.42,0.0404,0.934,0.768,62.5,48,110,38,600,6.7,18.3,8.2,8.1,7.0,7.1,6.8,7.7,8.6,8.5,9.1,15.1,4.3,11.2,127.0,28.9,16.3
51.3,51.8,50.8,71.1,72.4,69.8,53.4,55.0,51.8,61.2,61.2,61.2,0.771,8.79,0.237,8.6,6.98,11.6,0.212,5.87,4.47,0.0405,0.33,0.804,62.1,47,140,40,600,7.0,18.3,9.0,7.5,6.8,7.2,7.5,8.1,7.7,8.7,7.9,15.8,5.8,11.5,129.0,29.2,15.4
52.3,54.4,50.2,65.7,68.0,63.4,53.9,53.0,54.8,67.7,69.8,65.6,0.814,9.2,0.246,9.03,7.32,12.1,0.224,6.26,4.75,0.0428,0.347,0.85,61.8,47,140,43,600,5.4,18.3,8.6,8.4,7.7,7.6,8.8,8.0,8.6,10.1,7.0,18.2,7.0,11.2,135.0,28.4,16.2
51.4,52.0,50.8,76.0,76.4,75.6,54.7,54.4,55.0,64.9,63.2,66.6,0.858,9.76,0.261,9.67,7.73,12.9,0.238,6.6,4.98,0.0419,0.363,0.89,61.5,47,130,46,600,4.5,20.5,7.8,8.5,7.8,7.4,7.5,7.8,8.5,9.6,8.7,17.4,6.0,11.6,134.0,29.0,16.6
55.7,54.6,56.8,63.5,63.6,63.4,56.6,57.0,56.2,58.1,59.4,56.8,0.921,10.3,0.275,10.1,8.12,13.6,0.249,6.97,5.28,0.0431,0.379,0.941,61.8,47,160,47,600,4.4,19.4,7.0,8.4,8.1,8.1,7.3,8.8,8.1,8.7,9.0,16.0,5.4,12.4,131.0,28.6,17.9
47.0,50.0,44.0,29.9,30.6,29.2,52.0,53.0,51.0,30.8,31.6,30.0,0.986,10.9,0.291,10.5,8.54,14.1,0.267,7.24,5.6,0.0423,0.397,0.983,61.5,47,150,44,600,4.1,16.9,6.9,9.0,8.7,8.7,8.7,8.6,8.5,8.8,8.5,19.2,7.1,11.6,135.0,24.8,17.0
62.7,63.0,62.4,65.7,65.6,65.8,58.0,57.4,58.6,35.2,34.8,35.6,0.875,9.56,0.258,8.75,7.18,12.3,0.234,6.07,4.58,0.0394,0.332,0.809,112.0,97,280,100,800,44.0,24.2,8.7,9.8,10.2,9.2,11.2,11.5,9.7,10.0,11.5,19.9,8.5,14.2,203.0,6.05,2.81
61.4,60.8,62.0,59.9,58.4,61.4,59.9,59.2,60.6,35.4,37.4,33.4,0.877,9.44,0.258,8.65,7.47,12.2,0.234,5.97,4.75,0.0396,0.345,0.808,101.0,86,130,49,800,17.4,23.8,8.6,10.2,12.6,10.1,10.7,13.4,10.2,11.2,12.2,22.5,8.7,14.3,186.0,7.59,4.19
63.2,63.6,62.8,60.1,61.2,59.0,61.3,58.8,63.8,36.3,39.0,33.6,0.892,9.45,0.266,8.89,7.57,12.4,0.238,6.12,4.83,0.0415,0.343,0.801,98.5,83,190,57,800,8.7,22.2,10.8,12.2,12.5,10.1,10.8,11.8,10.2,10.0,11.1,23.0,7.0,13.3,174.0,8.22,4.81
63.8,63.6,64.0,60.3,61.4,59.2,68.9,69.8,68.0,36.9,38.2,35.6,0.904,9.63,0.27,8.97,7.69,12.9,0.246,6.3,4.91,0.0394,0.993,0.802,98.5,84,220,79,800,8.7,20.3,10.0,13.4,11.6,11.8,10.4,11.4,9.5,9.2,10.8,24.7,9.2,15.8,177.0,8.34,5.09
60.2,59.2,61.2,61.9,62.0,61.8,57.5,57.0,58.0,39.3,41.0,37.6,0.918,9.68,0.272,8.84,7.86,13.0,0.25,6.23,5.03,0.0413,0.997,0.818,93.1,78,200,59,800,7.1,23.5,9.3,11.4,12.5,12.9,10.3,10.8,10.3,10.4,10.9,25.5,8.6,15.5,179.0,7.92,5.21
63.8,63.4,64.2,58.5,59.4,57.6,60.6,59.6,61.6,36.2,35.2,37.2,0.902,9.68,0.275,8.78,8.08,13.3,0.253,6.33,5.11,0.0403,0.993,0.83,90.9,75,160,48,800,6.0,26.6,9.4,10.8,10.9,11.3,10.6,10.1,9.9,11.5,9.8,22.5,6.8,13.5,170.0,7.98,5.23
60.7,57.2,64.2,60.3,60.6,60.0,58.7,58.8,58.6,33.6,32.0,35.2,0.924,9.77,0.28,8.98,8.29,13.5,0.257,6.47,5.22,0.0399,1.0,0.834,87.2,71,160,47,800,8.0,23.3,9.8,10.9,8.6,10.1,10.9,11.5,12.1,10.9,10.7,22.1,7.2,15.0,171.0,8.08,4.61
63.6,60.6,66.6,59.2,59.0,59.4,59.9,58.4,61.4,34.9,36.0,33.8,0.976,10.1,0.289,9.1,8.4,13.7,0.269,6.63,5.22,0.0407,1.01,0.848,85.0,69,130,48,800,8.9,21.7,11.7,10.5,10.0,11.4,10.5,11.6,13.8,9.7,11.4,24.5,8.2,16.0,180.0,8.42,4.54
63.8,63.0,64.6,60.4,62.0,58.8,60.9,61.0,60.8,35.2,37.4,33.0,0.977,10.3,0.293,9.03,8.58,14.2,0.275,6.44,5.28,0.0406,1.01,0.855,82.7,67,140,51,800,8.6,21.1,11.9,10.2,9.8,11.6,9.7,9.6,10.0,10.0,11.3,22.3,8.3,15.6,170.0,7.91,4.7
63.0,63.4,62.6,59.9,59.0,60.8,59.5,59.0,60.0,36.8,39.2,34.4,0.963,10.3,0.29,9.16,8.62,14.2,0.273,6.66,5.44,0.0395,1.01,0.851,80.9,66,130,49,800,8.1,22.8,12.9,12.8,9.7,9.6,11.1,9.8,9.3,9.2,10.9,21.8,6.8,17.1,172.0,7.6,4.48
65.6,65.4,65.8,63.1,63.0,63.2,58.3,59.0,57.6,34.6,36.7,32.5,0.983,10.7,0.302,9.21,8.86,14.6,0.282,6.57,5.45,0.0393,1.01,0.858,83.0,69,200,76,800,7.3,24.8,11.5,12.5,9.7,9.0,11.0,12.0,10.9,9.0,10.5,23.5,6.8,16.8,175.0,7.83,4.17
66.3,67.0,65.6,62.8,64.0,61.6,59.1,60.4,57.8,36.7,36.5,36.9,1.02,10.5,0.306,9.2,8.95,14.8,0.28,6.71,5.6,0.0382,1.02,0.878,81.8,67,200,76,800,7.3,23.0,9.4,10.8,10.7,10.8,10.7,11.6,10.9,10.4,11.2,25.7,8.9,16.0,177.0,7.63,4.47
63.7,60.6,66.8,66.8,67.2,66.4,61.7,61.8,61.6,35.4,36.4,34.4,1.03,10.7,0.313,9.32,9.18,14.9,0.296,6.81,5.64,0.0389,1.03,0.887,80.2,66,150,50,800,7.8,22.2,11.2,11.9,10.5,12.2,10.8,10.1,9.9,10.2,12.0,25.4,8.9,15.7,179.0,7.53,4.54
63.2,63.4,63.0,59.0,59.0,59.0,60.0,60.6,59.4,34.0,30.2,37.8,1.04,10.8,0.314,9.5,9.22,15.3,0.294,7.07,5.76,0.0388,1.03,0.901,79.1,65,130,50,800,8.4,24.2,12.1,13.2,8.5,12.4,11.7,10.3,10.1,9.4,11.5,23.7,8.7,13.6,178.0,7.6,5.15
60.6,60.4,60.8,61.8,63.6,60.0,58.9,59.8,58.0,35.0,35.0,35.0,1.09,11.3,0.333,9.86,9.84,16.0,0.306,7.29,6.0,0.04,1.05,0.946,77.9,64,140,50,800,9.1,23.8,10.9,12.2,9.6,11.5,11.9,11.5,10.3,10.9,10.3,23.8,9.0,13.0,178.0,7.54,4.83
63.0,63.2,62.8,60.2,61.6,58.8,59.8,61.2,58.4,36.1,34.6,37.6,1.14,11.9,0.344,10.4,10.3,16.8,0.329,7.68,6.31,0.0393,1.07,0.999,76.8,63,130,47,800,8.6,22.2,10.1,9.6,10.6,9.9,11.0,12.3,9.8,12.7,10.1,23.3,8.0,12.9,171.0,7.39,5.25
61.8,60.4,63.2,58.0,56.6,59.4,56.1,56.6,55.6,32.3,32.4,32.2,1.21,12.4,0.361,10.9,10.8,17.8,0.347,8.19,6.64,0.0392,1.09,1.06,76.0,62,130,49,800,7.1,23.0,11.1,9.8,11.4,11.0,11.7,11.0,10.7,10.9,10.0,22.5,8.0,13.6,172.0,7.13,4.73
62.9,63.2,62.6,37.6,38.4,36.8,63.6,63.4,63.8,25.6,23.0,28.2,1.25,13.0,0.37,11.5,11.4,18.6,0.36,8.51,6.96,0.0383,1.11,1.09,75.3,62,140,49,800,7.4,25.1,11.7,9.0,11.4,10.5,12.0,12.0,9.8,10.4,10.5,20.7,7.1,14.8,172.0,6.02,4.74
62.3,62.2,62.4,65.6,66.6,64.6,61.6,60.8,62.4,47.9,46.9,48.9,1.0,11.0,0.298,9.4,9.2,15.1,0.278,6.94,5.56,0.0388,0.392,0.874,108.0,94,270,100,800,48.8,21.9,10.0,9.8,9.8,9.6,10.0,9.8,10.3,8.9,9.6,18.5,6.0,13.2,196.0,10.4,4.94
60.6,61.6,59.6,65.9,66.8,65.0,56.9,56.2,57.6,46.3,45.5,47.1,1.0,11.1,0.295,9.53,9.11,15.1,0.276,6.93,5.65,0.0388,0.391,0.868,96.5,82,180,52,800,22.4,21.8,11.1,11.2,10.3,12.0,12.0,10.3,10.6,10.4,9.5,23.0,8.2,16.3,189.0,13.1,6.06
63.0,61.8,64.2,65.6,67.4,63.8,59.6,59.8,59.4,45.2,46.6,43.8,1.0,11.0,0.297,9.53,9.15,15.1,0.283,6.98,5.61,0.0391,0.387,0.877,90.5,76,130,47,800,7.7,19.9,9.6,10.8,11.2,12.7,12.3,11.1,10.7,10.4,10.1,24.3,8.1,17.3,176.0,15.0,8.13
62.1,61.6,62.6,65.1,66.0,64.2,57.7,57.4,58.0,44.3,45.2,43.4,0.971,10.8,0.289,9.57,9.12,15.0,0.276,7.03,5.57,0.038,0.387,0.869,85.8,72,130,50,800,7.8,22.6,9.9,10.0,10.9,11.4,11.7,12.2,12.2,10.0,12.2,22.8,6.9,15.3,176.0,14.9,7.96
61.7,62.0,61.4,64.4,66.6,62.2,69.6,69.6,69.6,48.0,49.0,47.0,0.97,10.9,0.288,9.48,9.16,15.0,0.271,7.17,5.74,0.0391,0.387,0.877,82.8,69,130,52,800,8.6,24.1,11.1,9.3,9.8,10.4,12.2,11.1,12.1,9.6,11.7,21.3,6.7,14.6,173.0,15.6,8.4
63.8,64.2,63.4,62.8,64.0,61.6,63.5,65.0,62.0,46.0,45.4,46.6,0.984,11.0,0.294,9.46,9.16,15.2,0.274,7.01,5.67,0.0392,1.0,0.874,82.3,68,170,57,800,9.2,21.9,11.3,9.6,10.3,10.6,12.4,9.7,11.1,11.1,9.6,21.0,6.5,16.7,171.0,13.9,8.16
63.6,64.4,62.8,63.2,65.0,61.4,58.3,58.2,58.4,45.8,43.6,48.0,0.962,10.8,0.285,9.55,8.99,14.9,0.265,7.14,5.69,0.0382,0.999,0.873,80.4,66,180,56,800,8.5,20.4,11.7,10.6,11.9,9.6,12.7,10.5,10.7,10.7,8.9,21.7,6.9,17.5,172.0,15.0,8.45
60.8,60.8,60.8,63.7,63.8,63.6,59.0,59.4,58.6,46.4,45.6,47.2,0.936,11.0,0.282,9.44,9.08,14.9,0.27,7.1,5.68,0.0389,0.998,0.874,78.1,64,140,48,800,6.8,23.6,11.5,10.9,12.1,9.3,12.4,11.8,10.0,9.9,10.2,22.4,6.8,17.7,175.0,15.0,7.98
65.3,65.0,65.6,62.5,62.2,62.8,58.6,58.4,58.8,45.9,43.0,48.8,0.926,10.9,0.275,9.53,9.11,14.9,0.255,7.06,5.69,0.039,0.992,0.856,77.1,64,140,49,800,7.0,25.7,10.2,10.9,11.8,11.8,10.9,11.4,9.1,10.4,12.0,20.7,6.6,15.0,174.0,14.6,8.79
63.0,61.2,64.8,67.2,67.2,67.2,59.8,59.2,60.4,43.0,41.8,44.2,0.902,10.8,0.274,9.52,9.06,14.9,0.253,6.9,5.56,0.0391,1.0,0.857,75.8,62,150,51,800,7.8,22.2,8.8,12.7,10.1,11.4,10.3,11.1,10.3,10.3,11.5,21.3,6.9,14.0,169.0,14.1,8.17
64.4,63.4,65.4,64.7,66.2,63.2,59.7,59.4,60.0,46.4,46.4,46.4,0.881,10.9,0.269,9.5,9.05,15.0,0.259,6.9,5.58,0.0382,0.995,0.875,75.1,61,150,48,800,9.2,20.2,11.3,12.3,10.3,10.3,11.8,10.7,10.6,11.3,10.7,25.0,7.1,15.3,176.0,14.9,8.91
63.1,63.0,63.2,64.1,65.6,62.6,61.5,61.6,61.4,46.2,46.2,46.2,0.923,11.0,0.273,9.48,9.1,15.0,0.252,7.01,5.64,0.0392,0.999,0.867,74.4,61,150,54,800,8.4,20.3,10.4,10.7,11.7,11.7,12.6,11.0,10.0,10.8,11.1,24.4,7.0,15.2,175.0,14.4,9.01
61.9,63.2,60.6,65.0,64.8,65.2,56.9,58.0,55.8,46.5,46.4,46.6,0.888,10.9,0.276,9.57,9.21,14.9,0.247,6.87,5.61,0.0393,0.997,0.869,73.2,60,140,50,800,7.0,20.4,10.0,10.9,10.4,12.2,11.0,10.4,11.5,9.5,11.2,23.0,7.3,17.2,172.0,14.9,8.67
62.3,60.8,63.8,64.4,63.4,65.4,59.2,59.0,59.4,43.9,43.9,43.9,0.922,11.1,0.28,9.55,9.09,15.0,0.257,7.03,5.74,0.0403,1.0,0.888,72.7,59,150,48,800,7.4,22.6,10.6,11.6,10.8,12.3,9.6,9.9,11.8,11.3,10.6,24.3,7.9,15.3,176.0,14.7,8.82
61.4,61.8,61.0,64.8,65.2,64.4,59.0,59.0,59.0,48.0,47.9,48.1,0.979,11.4,0.297,9.84,9.5,15.7,0.272,7.27,5.87,0.0386,1.01,0.946,72.1,59,150,53,800,7.3,23.2,10.7,12.2,10.9,11.7,9.8,9.8,11.6,11.8,10.8,23.4,8.1,13.7,175.0,14.5,8.79
63.2,61.2,65.2,65.8,66.2,65.4,59.7,60.8,58.6,45.0,45.2,44.8,1.03,11.9,0.313,10.3,10.2,16.6,0.287,7.71,6.1,0.0387,1.03,1.0,71.4,58,140,51,800,7.7,21.5,12.6,10.5,9.2,12.5,9.2,9.4,11.7,11.6,10.9,22.6,8.4,14.9,173.0,15.4,8.05
62.0,62.0,62.0,65.4,65.4,65.4,62.9,61.8,64.0,45.9,43.5,48.3,1.09,12.6,0.323,11.0,10.7,17.4,0.308,8.06,6.56,0.0397,1.05,1.06,71.5,58,160,53,800,7.5,24.0,11.9,9.7,9.0,11.8,9.9,10.7,11.9,11.7,10.3,22.3,7.9,15.1,174.0,14.8,8.48
64.8,63.6,66.0,56.9,56.6,57.2,59.2,59.2,59.2,36.2,36.2,36.2,1.17,13.2,0.345,11.6,11.3,18.3,0.322,8.56,6.85,0.0398,1.07,1.12,71.0,58,160,53,800,6.9,26.4,9.5,9.4,10.4,10.6,9.9,11.8,12.6,11.1,12.1,22.1,7.8,13.9,175.0,13.6,8.33
62.9,61.8,64.0,69.8,69.2,70.4,59.8,58.8,60.8,52.6,51.4,53.8,0.975,11.0,0.288,9.56,9.11,14.9,0.266,7.11,5.65,0.0404,0.392,0.9,130.0,110,330,120,800,38.1,20.7,10.1,9.9,11.4,11.1,10.1,13.0,11.0,8.9,12.2,22.8,8.2,13.0,201.0,14.2,6.64
61.0,59.2,62.8,68.4,68.6,68.2,58.3,57.2,59.4,56.5,56.4,56.6,0.99,11.0,0.293,9.51,9.24,15.1,0.277,7.1,5.72,0.0406,0.393,0.901,118.0,98,160,55,800,15.9,21.3,10.5,10.2,11.1,14.6,10.0,12.3,11.7,10.8,12.2,24.3,9.6,15.1,190.0,19.0,8.55
62.9,63.2,62.6,70.2,70.2,70.2,59.7,58.8,60.6,53.3,51.8,54.8,0.984,11.0,0.296,9.59,9.07,15.1,0.27,7.03,5.58,0.0397,0.391,0.886,110.0,90,150,56,800,8.0,21.9,9.8,9.9,10.2,13.3,11.3,11.5,11.0,11.7,9.5,22.6,8.7,15.5,175.0,19.7,9.91
60.7,58.6,62.8,70.3,72.2,68.4,57.9,58.4,57.4,51.1,52.2,50.0,0.985,10.9,0.294,9.56,8.97,15.0,0.275,6.9,5.67,0.0388,0.387,0.914,103.0,85,150,53,800,8.7,24.1,9.9,10.5,10.4,11.5,10.8,10.2,10.9,9.9,8.2,20.8,6.7,15.9,169.0,19.7,10.1
63.5,62.8,64.2,70.2,70.4,70.0,61.0,61.2,60.8,51.1,48.0,54.2,1.0,10.9,0.296,9.44,9.14,14.9,0.28,6.97,5.71,0.0396,0.382,0.916,99.7,82,160,54,800,8.6,21.6,11.4,9.8,9.9,12.6,10.8,9.3,12.4,8.5,10.5,22.5,7.0,15.5,170.0,19.2,10.2
60.1,58.0,62.2,69.8,71.0,68.6,73.6,71.4,75.8,50.6,48.4,52.8,1.0,10.9,0.299,9.55,9.12,15.1,0.277,7.13,5.65,0.0396,0.648,0.902,96.2,78,160,56,800,7.3,20.0,10.3,10.5,10.0,11.1,10.8,11.0,13.1,10.3,10.9,24.0,8.6,15.4,173.0,19.1,10.8
65.5,65.2,65.8,76.7,77.0,76.4,57.7,56.8,58.6,50.2,49.4,51.0,0.99,10.9,0.302,9.55,9.04,15.0,0.278,7.01,5.63,0.0408,0.965,0.913,93.3,76,150,58,800,7.3,19.7,9.0,10.8,12.0,10.2,11.1,12.0,11.6,11.3,10.3,24.9,8.9,14.3,173.0,18.3,10.7
60.8,59.4,62.2,68.1,69.4,66.8,60.2,59.0,61.4,52.6,52.2,53.0,1.01,10.9,0.299,9.5,8.92,15.1,0.282,7.16,5.7,0.0397,0.972,0.93,91.7,75,170,59,800,7.8,21.6,11.0,9.4,10.9,9.7,10.7,11.2,11.9,10.4,11.9,25.4,9.0,13.7,175.0,18.6,11.4
64.4,66.8,62.0,70.3,72.6,68.0,58.6,58.8,58.4,50.6,48.8,52.4,1.0,10.8,0.299,9.5,8.97,15.1,0.274,6.97,5.65,0.0387,0.969,0.928,89.3,72,170,54,800,9.1,25.1,12.0,10.1,9.4,9.2,10.3,10.9,12.0,11.4,11.0,22.8,7.9,14.3,176.0,18.8,11.8
62.6,61.8,63.4,72.5,72.8,72.2,59.4,60.0,58.8,52.9,55.0,50.8,0.987,10.7,0.298,9.65,9.07,14.9,0.282,7.0,5.68,0.0397,0.972,0.922,87.9,71,160,55,800,8.4,24.9,11.5,11.5,10.8,9.7,10.6,11.5,11.1,12.1,10.0,21.1,7.3,14.4,175.0,17.8,11.7
64.8,64.4,65.2,70.3,71.0,69.6,61.9,60.8,63.0,51.0,50.8,51.2,0.989,10.7,0.302,9.7,8.95,15.2,0.281,6.96,5.74,0.0397,0.966,0.918,86.9,70,180,59,800,7.2,21.9,12.2,11.3,12.7,9.2,10.1,12.5,9.8,10.4,12.0,24.6,7.6,15.7,177.0,19.2,11.0
63.3,62.0,64.6,69.8,71.2,68.4,58.5,59.2,57.8,50.1,47.4,52.8,0.996,10.8,0.304,9.53,8.96,15.2,0.274,6.99,5.68,0.0387,0.969,0.909,85.5,69,170,57,800,8.3,19.5,13.9,10.8,11.2,10.3,10.9,11.8,10.3,10.2,11.7,24.4,8.4,15.7,177.0,19.2,11.3
64.3,63.0,65.6,70.4,70.8,70.0,61.0,61.2,60.8,49.8,49.6,50.0,0.972,10.7,0.297,9.5,8.95,15.2,0.275,6.95,5.76,0.0408,0.968,0.902,84.4,69,150,55,800,7.8,20.8,12.9,10.8,10.3,11.4,12.0,11.6,12.4,10.2,10.3,23.4,8.1,15.3,177.0,19.0,10.7
62.3,60.0,64.6,71.3,73.4,69.2,60.0,61.8,58.2,50.5,53.0,48.0,1.02,10.9,0.306,9.71,9.05,15.5,0.287,6.95,5.68,0.04,0.968,0.951,83.1,67,150,53,800,6.8,24.0,11.5,9.7,10.3,10.9,10.9,10.5,13.2,9.3,11.0,23.3,7.1,16.2,175.0,18.8,10.5
63.3,63.8,62.8,67.6,69.6,65.6,62.2,61.4,63.0,49.9,51.8,48.0,1.08,11.3,0.328,10.2,9.66,16.1,0.304,7.44,6.0,0.0392,0.986,0.999,83.1,67,180,56,800,6.9,23.6,11.5,9.2,9.3,10.6,11.4,9.8,12.3,9.0,10.9,24.1,7.9,16.4,173.0,18.3,10.5
59.1,60.0,58.2,71.0,72.6,69.4,58.5,57.8,59.2,53.4,52.8,54.0,1.12,12.1,0.34,10.8,10.1,17.2,0.317,7.84,6.32,0.0402,1.01,1.04,81.8,66,180,55,800,8.0,24.0,11.5,10.4,10.3,11.5,11.9,9.6,11.3,9.2,9.8,25.2,7.8,13.8,174.0,18.0,11.0
65.7,65.8,65.6,70.4,71.0,69.8,60.3,59.8,60.8,50.5,51.2,49.8,1.18,12.6,0.353,11.4,10.6,17.9,0.333,8.37,6.75,0.0397,1.03,1.1,82.4,66,200,57,800,7.7,22.5,11.8,11.5,10.4,10.5,9.8,9.2,10.9,11.3,10.7,21.9,6.8,14.5,170.0,17.3,10.7
60.3,61.6,59.0,70.2,72.2,68.2,62.8,63.6,62.0,50.3,46.8,53.8,1.25,13.3,0.366,12.0,11.2,18.9,0.346,8.83,7.07,0.0407,1.05,1.15,81.6,66,200,62,800,8.4,20.3,10.8,12.1,10.6,9.6,10.0,10.4,10.7,11.5,11.6,21.8,7.0,16.0,171.0,18.2,10.6
64.6,63.0,66.2,76.5,77.6,75.4,59.4,59.4,59.4,51.5,48.8,54.2,1.3,13.9,0.385,12.5,11.8,19.8,0.372,9.19,7.38,0.0398,1.07,1.2,82.0,67,180,68,800,9.4,20.7,9.9,10.3,11.4,11.4,11.0,9.6,11.2,11.3,11.8,21.9,6.5,17.2,174.0,17.6,10.7
65.2,61.6,68.8,62.4,63.0,61.8,62.4,62.2,62.6,40.8,39.6,42.0,1.41,14.5,0.406,13.1,12.2,20.6,0.393,9.55,7.79,0.0407,1.08,1.26,82.1,67,200,78,800,8.6,21.0,9.6,11.2,10.4,10.3,11.0,8.9,12.3,10.3,11.3,22.1,7.7,16.9,172.0,17.2,11.8
66.4,66.0,66.8,75.0,75.6,74.4,63.4,64.4,62.4,63.9,61.8,66.0,1.03,11.1,0.296,9.69,9.02,15.4,0.28,7.06,5.78,0.04,0.381,0.912,145.0,120,320,150,800,63.9,20.4,8.8,8.1,8.6,7.9,7.8,7.6,9.2,8.6,7.5,15.4,5.4,10.9,190.0,14.5,6.21
61.8,61.2,62.4,79.4,80.2,78.6,57.4,57.6,57.2,61.1,58.2,64.0,1.02,10.9,0.295,9.64,9.08,15.2,0.277,6.95,5.74,0.0401,0.384,0.881,127.0,110,320,110,800,37.0,24.5,10.5,9.6,11.1,9.2,9.7,10.1,10.4,9.7,10.0,20.2,6.8,14.8,194.0,20.7,9.4
62.7,61.2,64.2,73.4,74.6,72.2,58.5,60.4,56.6,61.5,60.0,63.0,1.01,10.8,0.295,9.69,9.04,15.3,0.28,7.07,5.62,0.0416,0.382,0.889,116.0,98,160,54,800,14.6,23.4,9.5,12.1,11.8,11.2,9.6,12.0,9.8,10.4,12.2,22.3,6.9,16.9,183.0,24.8,13.2
63.3,63.0,63.6,71.9,73.6,70.2,58.1,56.4,59.8,60.9,59.0,62.8,1.01,11.0,0.291,9.59,9.08,15.4,0.272,7.06,5.7,0.0418,0.384,0.892,107.0,90,150,58,800,7.3,22.9,10.9,11.8,10.0,11.5,11.4,10.6,9.3,9.6,12.2,23.2,6.8,16.1,174.0,26.6,16.0
61.0,61.2,60.8,70.2,71.4,69.0,58.5,57.8,59.2,63.0,62.2,63.8,1.01,11.0,0.285,9.53,9.02,15.2,0.278,7.02,5.76,0.0418,0.387,0.899,102.0,84,140,58,800,7.5,24.3,12.6,10.0,11.1,9.8,11.1,10.6,8.8,10.4,11.6,24.7,7.1,13.6,173.0,24.9,15.8
67.8,67.6,68.0,71.3,73.8,68.8,74.9,75.0,74.8,62.4,60.4,64.4,1.01,10.9,0.297,9.47,9.02,15.1,0.282,6.98,5.63,0.0409,1.01,0.902,102.0,84,210,72,800,8.2,21.6,11.2,9.7,10.9,8.8,11.9,11.7,10.4,11.1,12.4,22.9,7.4,13.9,172.0,26.1,15.8
58.7,59.2,58.2,70.4,73.0,67.8,56.6,56.0,57.2,61.3,58.6,64.0,1.02,10.8,0.297,9.46,8.93,15.0,0.284,7.01,5.69,0.0398,1.0,0.907,99.2,81,220,72,800,7.4,20.3,10.4,10.4,12.4,8.4,12.5,10.8,11.5,11.2,12.3,23.5,9.9,15.7,177.0,25.9,15.6
64.7,63.8,65.6,71.5,72.0,71.0,60.5,59.6,61.4,61.9,59.4,64.4,0.996,10.7,0.297,9.43,9.1,15.2,0.279,7.04,5.67,0.0409,1.01,0.895,97.4,81,180,65,800,7.1,21.7,9.4,11.0,14.3,10.9,10.3,10.7,10.9,11.5,11.4,24.9,9.7,15.5,179.0,26.1,15.0
61.1,61.2,61.0,72.4,74.6,70.2,58.0,57.8,58.2,59.5,59.0,60.0,0.984,10.9,0.292,9.49,8.88,15.4,0.277,6.86,5.74,0.0409,1.0,0.909,94.4,78,160,64,800,8.1,21.3,10.0,11.3,12.0,10.6,11.2,10.2,10.6,10.9,12.0,23.3,7.5,14.6,174.0,24.3,14.3
63.9,62.4,65.4,73.2,74.8,71.6,57.2,57.0,57.4,61.2,61.2,61.2,0.994,10.8,0.289,9.36,8.97,15.1,0.278,6.95,5.76,0.042,1.0,0.915,92.5,77,160,55,800,7.9,21.1,10.9,11.3,11.9,10.8,11.5,10.1,9.9,10.4,11.0,22.8,6.8,14.2,171.0,26.8,15.2
64.9,63.2,66.6,74.0,74.8,73.2,60.9,60.0,61.8,61.6,58.4,64.8,1.0,10.9,0.301,9.36,9.17,15.2,0.281,6.79,5.71,0.0409,1.01,0.916,91.6,76,180,65,800,7.3,21.5,10.6,10.1,11.6,12.0,11.8,10.7,10.0,11.1,11.7,23.6,7.3,14.0,173.0,25.3,15.5
64.7,65.0,64.4,72.3,74.0,70.6,62.8,62.8,62.8,64.5,64.5,64.5,1.02,10.7,0.305,9.27,9.06,15.1,0.285,6.85,5.79,0.041,1.01,0.942,91.2,76,190,72,800,7.8,20.8,11.9,11.0,10.5,10.9,12.4,10.9,12.1,10.1,12.5,25.0,8.7,15.3,180.0,24.9,15.4
61.3,62.0,60.6,71.3,73.2,69.4,57.7,57.8,57.6,62.2,62.9,61.5,1.03,10.8,0.302,9.44,8.96,15.1,0.276,6.83,5.71,0.0423,1.0,0.945,89.3,75,170,64,800,7.6,21.5,11.8,12.4,9.9,11.3,11.4,10.3,12.1,9.3,11.0,23.6,8.6,16.5,177.0,24.8,15.6
62.3,61.6,63.0,72.2,73.4,71.0,59.2,60.4,58.0,63.0,63.9,62.1,0.964,10.8,0.295,9.3,9.05,15.2,0.268,6.99,5.72,0.0414,1.01,0.952,88.0,73,150,55,800,7.6,24.3,12.4,11.4,9.5,10.8,12.0,10.2,11.2,10.6,12.6,21.9,7.8,14.0,176.0,27.7,15.8
60.5,60.4,60.6,75.9,75.2,76.6,57.0,58.4,55.6,64.3,63.3,65.3,0.962,10.7,0.292,9.4,9.1,15.2,0.274,6.84,5.65,0.0418,1.01,0.954,86.7,72,160,55,800,7.7,23.3,12.6,10.0,9.0,10.0,11.0,10.7,11.9,10.5,12.2,22.5,7.1,14.0,173.0,26.4,16.1
64.1,64.6,63.6,71.0,73.0,69.0,61.1,61.2,61.0,62.3,59.9,64.7,1.04,11.3,0.311,9.94,9.64,16.1,0.288,7.16,6.08,0.0431,1.02,1.01,88.8,74,250,77,800,8.2,21.7,11.4,9.3,8.7,9.4,10.3,11.8,10.2,9.8,8.5,21.6,7.0,15.6,164.0,27.0,16.5
61.5,61.6,61.4,71.1,72.0,70.2,56.3,57.0,55.6,60.7,58.3,63.1,1.09,11.8,0.324,10.5,10.2,16.8,0.298,7.66,6.37,0.0414,1.04,1.06,87.8,73,240,82,800,8.3,23.1,12.5,9.5,10.7,9.8,11.5,11.1,10.2,10.4,8.6,21.7,6.8,17.1,171.0,27.0,16.7
61.3,61.0,61.6,67.8,69.0,66.6,59.6,60.8,58.4,55.6,54.6,56.6,1.14,12.4,0.334,10.9,10.7,17.8,0.31,7.95,6.69,0.0414,1.06,1.12,86.7,72,150,55,800,7.2,21.5,10.9,10.9,11.4,12.1,9.9,10.3,10.7,11.9,9.8,22.3,6.3,17.9,173.0,25.7,16.3
61.6,61.4,61.8,42.8,40.6,45.0,59.9,59.4,60.4,35.3,34.2,36.4,1.19,13.2,0.346,11.5,11.2,18.6,0.322,8.53,6.99,0.0434,1.08,1.17,85.1,70,140,48,800,7.6,21.0,9.9,11.1,10.4,11.1,8.9,9.5,9.9,12.8,10.3,20.5,6.0,16.6,166.0,22.0,15.6
62.0,61.0,63.0,73.8,75.0,72.6,60.9,59.0,62.8,66.9,65.0,68.8,0.929,10.8,0.272,9.42,8.81,15.1,0.249,6.91,5.63,0.042,0.373,0.917,153.0,120,390,180,800,55.9,17.9,9.9,10.8,7.4,10.9,10.4,9.7,10.0,9.6,10.9,19.1,6.6,13.4,203.0,20.8,11.0
63.5,63.0,64.0,71.0,72.0,70.0,59.4,58.8,60.0,68.9,71.2,66.6,0.933,10.9,0.274,9.51,8.94,15.2,0.248,6.76,5.62,0.0422,0.381,0.905,135.0,110,320,85,800,24.0,21.5,11.0,13.4,8.7,12.4,11.3,10.2,11.2,11.4,12.5,23.9,8.2,16.0,196.0,27.2,13.3
61.3,63.0,59.6,73.6,75.4,71.8,59.9,60.0,59.8,61.8,60.7,62.9,0.934,10.9,0.281,9.38,8.76,15.0,0.252,6.67,5.69,0.041,0.376,0.913,126.0,100,170,66,800,7.5,20.8,10.1,11.8,9.9,12.1,10.2,10.3,11.6,11.7,11.1,24.4,8.8,16.5,177.0,29.1,15.9
68.0,68.0,68.0,70.4,71.8,69.0,58.3,57.4,59.2,67.3,65.3,69.3,0.963,10.9,0.285,9.38,9.04,15.0,0.253,6.78,5.64,0.0419,0.376,0.907,121.0,95,190,72,800,7.4,19.8,8.6,10.0,10.9,11.8,9.3,10.5,10.6,12.9,10.3,22.5,8.7,16.1,169.0,28.1,16.5
58.6,60.4,56.8,72.9,73.6,72.2,58.5,58.4,58.6,69.3,67.9,70.7,0.935,10.9,0.285,9.43,8.8,15.0,0.253,6.71,5.6,0.0398,0.382,0.92,113.0,89,180,63,800,7.5,23.6,9.7,11.8,11.0,10.6,11.2,10.7,8.5,11.6,11.5,23.3,8.3,14.5,174.0,28.6,15.4
59.3,61.2,57.4,74.8,76.8,72.8,61.9,63.4,60.4,61.8,59.9,63.7,0.948,10.8,0.274,9.46,8.68,15.1,0.252,6.8,5.64,0.041,0.379,0.905,108.0,85,150,58,800,7.1,25.1,10.7,11.0,11.2,11.1,11.8,10.6,9.0,11.6,12.3,22.6,7.4,14.2,176.0,29.1,14.8
60.3,58.2,62.4,70.0,71.6,68.4,70.9,71.2,70.6,64.8,66.2,63.4,0.916,10.8,0.275,9.43,8.65,14.9,0.25,6.7,5.55,0.0421,0.999,0.894,107.0,85,200,72,800,7.0,21.9,12.4,10.0,10.6,10.9,10.6,10.1,9.9,11.6,11.2,22.5,6.9,12.8,168.0,28.5,15.9
66.1,65.2,67.0,70.9,72.0,69.8,58.1,58.2,58.0,69.8,68.4,71.2,0.904,10.8,0.277,9.31,8.71,15.1,0.249,6.74,5.67,0.0408,1.0,0.887,103.0,82,190,66,800,7.7,20.5,12.4,11.4,10.3,10.2,11.6,11.6,9.8,10.6,9.8,23.1,7.1,13.8,170.0,29.3,16.5
61.8,62.4,61.2,76.1,78.2,74.0,60.4,61.8,59.0,62.7,60.8,64.6,0.922,10.8,0.279,9.44,8.73,14.9,0.251,6.65,5.58,0.0422,1.0,0.888,100.0,79,150,56,800,8.2,22.0,12.2,11.3,11.6,11.0,11.2,12.2,9.7,9.9,10.2,22.4,7.8,15.8,176.0,29.1,16.2
63.5,64.4,62.6,72.4,73.2,71.6,58.7,60.2,57.2,61.6,59.8,63.4,0.923,10.6,0.278,9.36,8.78,15.0,0.247,6.74,5.69,0.0419,1.0,0.897,98.5,78,180,58,800,7.2,22.3,12.7,11.7,11.3,11.8,10.3,13.0,9.9,11.3,9.0,24.3,8.4,14.6,178.0,29.3,16.7
61.5,62.4,60.6,78.2,79.8,76.6,59.4,57.8,61.0,68.5,66.8,70.2,0.904,10.7,0.277,9.44,8.7,15.0,0.248,6.86,5.5,0.04,1.0,0.899,97.5,77,210,67,800,6.5,22.2,11.9,12.8,11.1,11.1,11.6,12.3,10.9,12.6,8.7,25.6,7.7,15.0,180.0,29.7,16.7
63.8,63.6,64.0,72.6,74.2,71.0,60.0,59.0,61.0,62.7,60.6,64.8,0.896,10.8,0.275,9.28,8.67,15.2,0.265,6.65,5.68,0.0408,1.0,0.902,96.5,76,220,67,800,7.1,22.4,11.1,9.6,11.7,10.1,11.8,10.8,10.8,12.0,9.3,22.9,6.3,15.2,171.0,28.8,17.6
62.0,60.6,63.4,73.6,74.0,73.2,59.5,57.0,62.0,59.2,57.8,60.6,0.939,10.9,0.281,9.46,8.75,15.1,0.275,6.91,5.6,0.042,1.01,0.907,94.6,75,180,63,800,9.1,22.2,11.2,9.5,12.7,10.9,11.6,11.0,9.8,10.2,9.8,21.3,6.8,14.2,170.0,27.9,17.1
63.7,63.6,63.8,72.2,73.2,71.2,59.6,58.8,60.4,66.6,67.2,66.0,0.943,10.7,0.289,9.39,8.89,15.0,0.279,6.75,5.74,0.0401,1.0,0.912,93.6,74,170,63,800,9.7,21.3,12.5,11.7,13.3,11.5,11.4,10.8,9.9,8.9,10.3,23.5,8.2,14.2,177.0,29.4,17.3
62.2,62.6,61.8,73.4,73.6,73.2,61.3,61.2,61.4,65.9,65.0,66.8,1.01,10.9,0.306,9.77,9.12,15.7,0.291,6.94,5.83,0.0411,1.02,0.96,92.5,74,180,65,800,8.8,21.8,10.5,10.0,11.9,11.1,11.3,10.9,11.6,9.4,10.2,23.7,8.1,14.1,173.0,28.2,17.0
67.0,65.4,68.6,71.8,74.2,69.4,60.7,62.2,59.2,61.2,59.8,62.6,1.06,11.7,0.322,10.4,9.51,16.8,0.312,7.38,6.13,0.0405,1.04,1.02,92.2,74,170,71,800,9.1,23.1,10.1,10.2,11.3,10.8,10.9,11.4,13.2,9.6,10.6,22.5,8.4,14.0,175.0,26.2,17.2
60.1,58.8,61.4,71.2,72.6,69.8,58.2,55.4,61.0,68.0,67.6,68.4,1.13,12.4,0.334,10.8,10.1,17.5,0.326,7.7,6.5,0.0418,1.05,1.09,91.2,73,170,70,800,8.5,22.9,12.0,11.6,11.5,10.5,9.8,12.1,12.4,9.3,11.4,23.2,8.6,14.5,178.0,27.5,16.9
63.3,61.4,65.2,55.4,55.4,55.4,61.8,61.8,61.8,55.5,54.2,56.8,1.2,12.9,0.353,11.4,10.7,18.4,0.339,8.19,6.84,0.043,1.08,1.15,90.3,73,160,59,800,7.0,22.3,12.6,11.2,11.1,10.5,10.9,11.4,10.8,8.4,12.3,23.9,7.5,15.0,175.0,27.6,16.0
72.5,72.2,72.8,61.3,61.2,61.4,63.2,63.2,63.2,35.5,35.8,35.2,1.0,11.3,0.297,9.68,9.16,16.0,0.293,6.8,5.75,0.0404,0.38,0.928,243.0,210,630,290,1000,27.4,26.1,11.3,12.0,13.2,12.0,12.7,11.3,12.3,13.7,12.2,26.2,8.4,17.4,216.0,8.4,4.04
71.4,72.8,70.0,65.5,67.4,63.6,59.3,60.4,58.2,38.3,39.8,36.8,1.01,11.1,0.303,9.67,9.15,15.9,0.298,6.9,5.9,0.0395,0.38,0.937,241.0,210,570,240,1000,18.8,26.2,9.9,13.4,12.2,13.5,14.4,13.2,12.7,14.1,13.8,27.6,8.8,17.6,216.0,8.68,4.69
69.9,67.8,72.0,61.9,61.2,62.6,64.4,64.4,64.4,39.6,36.8,42.4,1.02,11.1,0.304,9.6,9.27,16.1,0.302,6.94,5.97,0.0392,0.381,0.928,221.0,200,440,110,1000,11.7,27.0,10.7,15.2,13.2,14.5,14.0,12.3,13.5,14.5,12.8,29.0,9.9,18.4,217.0,8.81,4.37
69.9,68.8,71.0,63.1,62.2,64.0,63.0,62.2,63.8,37.2,37.2,37.2,1.04,11.4,0.315,9.75,9.19,16.4,0.308,6.91,5.96,0.039,0.384,0.943,210.0,190,260,98,1000,10.1,28.4,12.7,12.5,13.8,14.3,12.7,12.7,13.4,15.0,10.7,26.5,8.8,19.4,211.0,8.76,4.74
72.3,73.0,71.6,65.4,67.6,63.2,75.8,75.8,75.8,35.5,36.2,34.8,1.04,11.4,0.321,9.55,9.26,16.6,0.313,6.8,6.15,0.0399,1.01,0.943,202.0,180,290,120,1000,10.1,29.6,11.4,12.1,12.1,13.6,13.4,13.6,14.0,13.7,14.0,27.6,9.7,19.2,214.0,8.65,4.78
67.7,68.0,67.4,62.1,61.4,62.8,62.4,61.6,63.2,32.3,31.2,33.4,1.08,11.5,0.327,9.82,9.45,16.7,0.309,7.06,6.14,0.0399,1.01,0.953,190.0,160,240,95,1000,8.4,28.3,12.1,13.4,11.6,12.9,14.5,13.8,14.0,13.0,16.8,30.6,11.1,18.2,219.0,8.24,4.6
71.1,68.4,73.8,66.8,67.0,66.6,64.5,65.0,64.0,35.6,35.4,35.8,1.07,11.3,0.33,9.8,9.41,16.8,0.305,6.92,6.29,0.0387,1.0,0.942,192.0,160,380,110,1000,9.0,26.7,13.6,12.7,12.0,12.8,13.4,13.1,14.3,12.4,13.1,28.5,9.8,16.7,208.0,7.97,4.44
69.0,68.4,69.6,61.3,63.0,59.6,65.2,64.4,66.0,35.8,35.8,35.8,1.09,11.5,0.334,9.83,9.39,17.2,0.312,7.08,6.35,0.0406,1.02,0.947,185.0,150,380,120,1000,10.3,24.8,13.3,13.4,12.6,13.4,14.0,12.4,15.1,12.2,12.8,27.9,9.1,18.8,210.0,7.38,5.24
71.9,73.0,70.8,61.5,63.8,59.2,62.7,62.2,63.2,37.3,38.8,35.8,1.07,11.6,0.325,9.67,9.51,17.4,0.311,7.11,6.4,0.0404,1.01,0.964,188.0,160,420,120,1000,9.8,24.9,14.0,13.0,13.4,13.6,14.2,12.0,14.8,12.2,14.6,28.7,10.1,19.0,214.0,7.33,4.98
69.8,68.8,70.8,68.2,69.0,67.4,62.3,62.8,61.8,35.3,36.2,34.4,1.1,11.5,0.334,9.79,9.84,17.1,0.314,7.13,6.49,0.0392,1.01,0.972,189.0,160,500,200,1000,8.8,27.6,12.9,12.7,14.0,13.3,12.6,11.5,13.8,12.0,13.7,29.0,11.3,20.7,214.0,7.62,4.68
69.5,68.8,70.2,63.0,63.8,62.2,64.2,63.2,65.2,36.0,34.8,37.2,1.08,11.7,0.344,9.84,9.81,17.5,0.315,7.23,6.58,0.0388,1.02,0.946,184.0,150,390,110,1000,8.5,29.4,11.7,13.5,13.9,13.7,12.0,12.6,14.6,12.6,13.8,28.9,10.8,22.0,218.0,7.77,4.83
71.1,70.6,71.6,62.8,62.4,63.2,65.3,64.6,66.0,33.9,34.4,33.4,1.12,11.8,0.342,9.83,9.73,17.8,0.329,7.2,6.49,0.0377,1.02,0.953,181.0,140,300,100,1000,9.4,28.2,13.1,12.0,13.0,12.9,14.4,12.0,12.8,14.2,13.5,25.7,8.9,19.0,209.0,7.8,5.25
70.6,69.4,71.8,66.1,65.6,66.6,63.0,63.0,63.0,34.9,35.0,34.8,1.14,12.0,0.356,10.2,10.1,18.4,0.335,7.32,6.72,0.0396,1.02,0.997,180.0,140,310,130,1000,9.5,27.3,14.4,13.2,12.7,12.0,14.6,11.5,11.0,13.6,13.8,27.1,10.1,18.4,209.0,7.24,4.51
71.7,71.6,71.8,66.0,65.8,66.2,64.8,65.6,64.0,35.9,35.6,36.2,1.24,12.8,0.375,10.7,10.7,19.3,0.357,7.78,7.06,0.0397,1.05,1.07,176.0,140,300,110,1000,8.8,27.0,13.1,14.6,11.9,12.1,14.9,12.5,13.3,10.6,15.8,29.9,10.8,18.9,214.0,7.22,4.35
72.1,73.2,71.0,64.8,65.4,64.2,61.6,61.0,62.2,34.2,32.6,35.8,1.3,13.4,0.394,11.2,11.4,20.5,0.373,8.32,7.59,0.038,1.07,1.13,173.0,130,220,100,1000,8.3,26.7,12.0,12.8,14.3,13.2,15.9,13.0,15.5,11.0,14.7,29.0,9.8,17.4,214.0,6.9,4.43
69.9,69.8,70.0,62.2,61.2,63.2,62.7,63.6,61.8,30.1,30.2,30.0,1.38,14.0,0.414,11.9,12.0,21.7,0.391,8.79,7.89,0.0379,1.09,1.19,173.0,140,320,120,1000,9.9,29.5,10.9,11.8,15.0,14.8,13.3,12.4,14.1,13.6,13.3,28.3,9.3,18.1,214.0,6.7,4.35
67.5,67.2,67.8,67.6,68.2,67.0,61.5,60.0,63.0,46.5,47.6,45.4,1.15,11.9,0.336,10.0,9.83,18.0,0.313,7.47,6.67,0.0392,0.392,0.964,267.0,210,890,320,1000,28.0,26.9,11.6,11.8,13.7,11.7,12.1,11.2,12.0,10.5,13.0,24.2,8.4,15.0,210.0,14.0,6.9
70.6,71.4,69.8,66.2,67.4,65.0,63.2,64.0,62.4,47.2,48.0,46.4,1.15,11.8,0.339,10.1,9.71,18.0,0.312,7.26,6.56,0.0393,0.406,0.97,243.0,200,910,200,1000,20.1,25.1,14.3,11.8,15.3,12.3,13.3,15.1,13.3,12.2,13.4,27.5,9.2,17.1,220.0,15.5,8.28
67.8,66.8,68.8,67.4,68.0,66.8,76.5,76.4,76.6,47.9,47.0,48.8,1.13,12.0,0.337,10.1,9.77,17.9,0.31,7.36,6.65,0.0392,1.04,0.975,230.0,190,310,120,1000,11.5,25.7,16.0,13.5,13.6,13.0,13.4,15.1,13.1,11.5,13.8,29.7,9.7,18.9,219.0,14.9,8.11
70.7,71.2,70.2,69.4,69.0,69.8,66.8,66.0,67.6,44.8,43.8,45.8,1.13,11.9,0.328,10.2,9.8,17.9,0.306,7.27,6.56,0.0384,1.03,0.991,218.0,180,310,130,1000,9.0,27.2,15.6,14.8,11.5,13.5,14.0,13.3,12.2,12.1,13.6,29.4,8.1,19.0,213.0,15.7,8.36
69.3,69.2,69.4,67.6,68.4,66.8,64.5,63.8,65.2,47.7,46.6,48.8,1.11,11.9,0.335,10.2,9.69,17.8,0.308,7.31,6.64,0.0386,1.03,0.973,209.0,170,290,120,1000,8.9,31.1,15.2,13.5,11.3,12.7,14.3,12.6,13.3,12.4,12.1,29.6,8.2,19.5,215.0,15.9,8.92
68.6,69.2,68.0,65.8,66.6,65.0,62.2,62.6,61.8,45.5,45.0,46.0,1.11,11.8,0.326,10.2,9.5,18.0,0.299,7.28,6.57,0.0408,1.04,0.973,199.0,160,280,110,1000,9.3,33.9,13.3,13.6,13.8,11.2,13.7,12.2,14.1,13.3,11.8,29.1,8.9,18.5,217.0,15.3,8.98
68.1,67.8,68.4,67.7,67.6,67.8,65.1,63.8,66.4,46.1,42.8,49.4,1.11,11.7,0.324,10.2,9.57,18.1,0.301,7.24,6.61,0.04,1.03,0.978,196.0,160,300,120,1000,9.0,30.2,12.8,12.7,14.7,12.2,13.3,12.1,13.4,15.2,13.3,27.5,8.6,20.2,215.0,15.1,8.75
69.8,70.6,69.0,64.9,66.6,63.2,62.7,62.6,62.8,47.6,46.8,48.4,1.09,11.6,0.323,10.3,9.51,17.8,0.294,7.37,6.64,0.041,1.04,0.977,189.0,150,300,120,1000,9.9,26.1,13.3,11.9,12.7,13.7,13.2,11.4,11.9,14.9,14.1,27.2,7.4,20.4,208.0,15.9,8.58
68.1,65.8,70.4,69.4,70.2,68.6,61.7,59.4,64.0,46.2,47.2,45.2,1.07,11.7,0.319,10.1,9.56,18.0,0.294,7.29,6.67,0.0403,1.04,0.975,195.0,150,480,140,1000,9.8,27.7,13.5,13.7,13.8,13.9,13.9,13.4,11.8,15.3,13.1,29.1,8.7,19.2,217.0,14.5,8.63
71.0,70.8,71.2,68.5,69.2,67.8,65.5,66.6,64.4,44.3,44.0,44.6,1.05,11.5,0.315,10.4,9.51,17.8,0.285,7.4,6.63,0.0404,1.04,0.971,187.0,140,480,120,1000,8.3,27.4,13.7,14.1,14.6,12.6,14.3,13.5,13.3,14.1,14.2,29.9,9.7,18.3,218.0,15.2,7.76
67.1,66.0,68.2,66.5,68.2,64.8,63.1,63.6,62.6,46.5,46.4,46.6,1.07,11.8,0.32,10.5,9.46,17.7,0.292,7.3,6.64,0.0406,1.04,0.968,182.0,140,210,85,1000,8.2,26.5,15.0,13.7,13.0,12.4,13.7,12.3,15.0,11.3,14.1,28.2,8.5,19.4,211.0,15.7,7.95
69.5,69.2,69.8,67.4,67.2,67.6,63.6,64.0,63.2,45.8,42.8,48.8,1.03,11.7,0.309,10.4,9.45,17.8,0.286,7.31,6.69,0.0407,1.04,0.961,181.0,140,380,110,1000,9.0,27.8,14.3,12.7,12.6,13.1,13.4,13.8,13.9,11.5,13.1,26.2,8.4,19.2,209.0,14.9,7.89
68.0,69.6,66.4,65.6,65.8,65.4,64.1,63.2,65.0,44.7,44.0,45.4,1.06,11.7,0.322,10.6,9.29,18.1,0.296,7.38,6.66,0.0398,1.05,1.0,178.0,130,400,110,1000,9.9,29.6,14.4,12.9,12.5,12.1,12.7,14.6,12.5,13.1,13.1,26.7,8.8,17.8,211.0,14.9,8.48
71.8,72.8,70.8,65.5,66.6,64.4,63.8,65.0,62.6,46.1,44.2,48.0,1.12,12.2,0.34,11.2,9.93,18.9,0.309,7.67,7.06,0.0415,1.06,1.06,176.0,130,330,110,1000,9.5,27.7,13.4,13.4,12.4,11.3,12.6,13.5,12.9,15.1,13.7,27.1,8.8,17.4,209.0,14.5,8.46
69.0,69.2,68.8,66.5,66.0,67.0,61.6,60.6,62.6,46.6,44.4,48.8,1.19,13.1,0.357,11.8,10.6,20.2,0.336,8.12,7.47,0.0409,1.08,1.12,178.0,130,440,150,1000,9.2,25.3,11.7,13.8,14.3,12.4,13.3,13.7,12.0,14.3,13.8,28.0,8.4,16.2,206.0,14.4,8.42
69.3,67.8,70.8,70.3,71.0,69.6,64.6,64.6,64.6,42.7,41.4,44.0,1.27,13.8,0.379,12.4,11.1,21.2,0.353,8.54,7.86,0.0409,1.11,1.18,176.0,130,390,150,1000,8.6,26.8,12.6,12.5,15.8,13.9,12.7,14.6,14.2,12.7,12.8,29.7,8.8,17.0,213.0,13.9,8.43
69.3,68.4,70.2,46.4,44.4,48.4,60.9,61.0,60.8,29.6,29.2,30.0,1.35,14.3,0.398,13.0,11.7,22.1,0.372,9.09,8.2,0.0402,1.13,1.23,177.0,130,350,150,1000,9.3,29.0,13.9,11.6,13.1,14.0,12.4,13.9,14.2,12.9,14.3,28.6,9.1,16.2,213.0,13.1,8.9
67.8,69.4,66.2,70.8,71.0,70.6,60.4,60.0,60.8,55.1,55.8,54.4,1.08,11.9,0.328,10.3,9.4,17.7,0.299,7.22,6.61,0.0404,0.978,0.955,240.0,210,650,290,1000,29.0,25.1,12.0,12.5,12.3,13.0,11.6,11.1,12.1,11.6,12.9,24.3,8.6,17.0,213.0,19.6,10.1
70.8,70.8,70.8,73.0,73.2,72.8,61.3,62.8,59.8,51.8,51.0,52.6,1.1,11.8,0.326,10.1,9.39,17.6,0.299,7.26,6.51,0.0406,0.98,0.966,222.0,190,510,130,1000,18.7,27.7,13.6,12.1,13.2,11.9,13.0,11.4,13.2,14.4,12.5,27.6,9.1,18.0,216.0,19.4,11.2
70.8,68.2,73.4,72.4,72.4,72.4,62.6,63.4,61.8,51.9,52.8,51.0,1.07,11.7,0.326,10.3,9.6,17.8,0.298,7.14,6.58,0.0406,0.973,0.974,217.0,190,340,130,1000,9.0,29.1,12.4,13.2,13.5,10.6,12.6,12.5,13.6,14.8,13.9,30.3,9.2,18.5,213.0,18.7,10.8
70.7,70.4,71.0,72.0,72.8,71.2,63.8,64.2,63.4,52.8,52.2,53.4,1.09,12.0,0.325,10.1,9.3,17.8,0.297,7.35,6.45,0.0404,0.971,0.982,204.0,180,380,120,1000,9.3,28.4,12.6,14.3,13.2,12.7,11.9,12.6,12.9,12.7,14.2,29.7,9.6,18.9,213.0,18.2,11.5
68.9,67.8,70.0,71.3,71.4,71.2,62.7,61.4,64.0,53.2,52.3,54.1,1.1,11.9,0.331,10.2,9.52,18.1,0.307,7.24,6.63,0.0416,0.961,0.987,197.0,170,290,100,1000,10.6,27.5,12.2,12.0,13.5,16.1,13.8,13.1,11.8,11.8,12.9,28.0,9.4,18.5,211.0,18.8,11.0
71.3,70.4,72.2,69.8,70.6,69.0,62.4,61.6,63.2,51.2,50.3,52.1,1.07,11.7,0.322,10.1,9.44,17.9,0.299,7.16,6.51,0.0425,0.963,0.985,188.0,150,260,110,1000,9.4,27.9,12.8,11.0,14.7,14.9,14.3,13.0,13.4,10.8,14.0,25.8,8.7,19.3,210.0,18.3,10.4
70.7,67.0,74.4,70.0,71.2,68.8,61.1,59.8,62.4,50.9,48.6,53.2,1.09,11.8,0.33,10.1,9.47,17.7,0.309,7.22,6.55,0.0414,0.966,0.998,191.0,160,410,130,1000,8.8,28.4,14.0,13.6,15.3,12.6,14.3,11.8,13.4,11.3,14.6,25.8,8.3,19.5,212.0,17.9,10.3
72.4,73.8,71.0,70.5,71.4,69.6,61.1,61.2,61.0,51.4,50.4,52.4,1.06,11.8,0.318,9.91,9.64,17.6,0.3,7.18,6.55,0.0427,0.954,0.988,199.0,160,610,220,1000,9.3,26.1,14.9,14.5,13.4,13.3,15.1,11.2,11.9,12.7,12.3,29.3,9.2,18.6,212.0,19.3,11.1
68.9,68.8,69.0,73.1,74.0,72.2,60.8,58.4,63.2,50.7,48.4,53.0,1.06,11.8,0.322,9.78,9.63,18.1,0.306,7.09,6.46,0.0409,0.957,0.987,201.0,170,600,220,1000,8.7,24.7,15.0,11.3,13.7,13.7,13.3,12.1,11.8,13.1,11.8,31.6,10.2,20.7,212.0,18.6,9.87
72.0,71.4,72.6,71.0,72.0,70.0,61.3,61.6,61.0,54.6,53.0,56.2,1.08,11.6,0.328,9.7,9.48,17.7,0.304,7.2,6.44,0.0409,0.953,0.981,197.0,160,380,170,1000,7.5,26.1,13.4,11.7,14.2,13.1,11.8,12.5,12.3,15.2,12.3,31.0,9.5,19.2,210.0,17.7,9.88
69.6,68.4,70.8,70.9,71.2,70.6,63.0,61.4,64.6,49.8,46.6,53.0,1.05,11.5,0.325,9.96,9.66,17.9,0.311,7.28,6.5,0.0421,0.953,0.999,196.0,160,350,140,1000,6.8,24.7,11.8,12.8,14.1,14.3,12.5,12.8,13.7,14.3,13.4,28.7,8.9,18.0,207.0,19.1,10.3
71.7,71.6,71.8,73.7,74.6,72.8,64.8,63.0,66.6,51.5,50.2,52.8,1.08,11.8,0.327,9.84,9.56,17.9,0.308,7.15,6.53,0.0432,0.953,1.02,194.0,160,330,150,1000,9.1,24.9,11.8,12.0,14.2,14.0,14.6,13.9,14.0,13.3,12.2,26.9,10.1,19.7,211.0,19.0,10.6
68.8,68.0,69.6,73.1,73.6,72.6,63.5,63.4,63.6,53.2,52.2,54.2,1.1,12.1,0.341,10.2,10.2,18.6,0.319,7.36,6.64,0.0435,0.959,1.06,192.0,160,320,140,1000,9.5,25.6,11.6,12.1,14.1,12.3,15.5,14.5,14.0,13.8,11.5,27.8,10.8,19.7,213.0,18.3,10.7
69.9,69.6,70.2,71.1,71.2,71.0,60.1,59.2,61.0,50.0,48.2,51.8,1.18,12.7,0.356,10.6,10.7,19.7,0.334,7.83,7.08,0.0426,0.976,1.11,193.0,160,420,160,1000,8.8,25.6,12.7,12.6,14.6,12.0,13.8,12.4,14.8,14.4,12.4,28.7,9.6,19.3,212.0,18.8,11.9
67.8,68.0,67.6,72.5,71.8,73.2,64.2,64.2,64.2,53.1,53.0,53.2,1.24,13.4,0.377,11.4,11.2,20.7,0.353,8.29,7.43,0.0427,0.997,1.18,191.0,160,400,160,1000,8.8,26.7,15.2,14.4,13.9,12.5,12.5,11.4,14.2,14.8,13.3,28.9,8.9,18.9,214.0,19.0,11.7
71.9,72.4,71.4,70.0,71.0,69.0,62.2,62.4,62.0,52.3,51.4,53.2,1.32,13.9,0.392,12.0,11.9,21.9,0.37,8.64,7.91,0.0417,1.02,1.25,187.0,150,300,110,1000,9.4,28.0,14.8,13.8,13.1,12.5,12.6,12.2,13.0,14.1,13.4,27.4,8.3,17.5,210.0,17.7,11.7
69.7,68.8,70.6,67.6,67.4,67.8,63.1,62.8,63.4,51.1,49.6,52.6,1.37,14.5,0.407,12.5,12.5,22.7,0.389,9.16,8.36,0.0426,1.04,1.31,190.0,160,390,160,1000,10.0,27.3,12.5,13.0,12.6,12.3,13.0,12.1,13.1,13.3,13.6,27.2,8.5,18.2,207.0,18.5,12.1
68.3,67.2,69.4,65.2,65.6,64.8,78.7,79.6,77.8,47.8,47.2,48.4,1.45,15.4,0.433,13.0,12.9,23.9,0.41,9.56,8.73,0.0429,1.68,1.36,188.0,160,400,190,1000,8.5,27.4,11.1,12.8,13.4,13.4,12.6,13.7,13.7,12.6,14.2,28.7,9.3,18.8,210.0,18.4,10.9
70.6,68.4,72.8,56.2,56.4,56.0,60.7,62.2,59.2,33.7,34.0,33.4,1.53,15.8,0.45,13.4,13.3,24.6,0.432,10.0,9.17,0.0438,1.7,1.41,192.0,160,540,170,1000,9.9,26.9,12.6,13.1,14.9,15.9,11.8,13.2,13.7,13.4,13.9,28.4,9.7,18.0,215.0,16.6,10.3
70.6,69.0,72.2,73.3,73.2,73.4,60.0,58.6,61.4,60.5,61.6,59.4,1.12,11.6,0.332,9.83,9.7,18.0,0.308,7.04,6.51,0.0419,0.995,0.974,278.0,230,780,350,1000,27.7,27.1,14.2,10.4,11.7,11.1,8.8,12.0,9.9,10.2,12.7,23.6,7.6,19.3,206.0,28.4,12.6
70.8,69.4,72.2,75.0,75.6,74.4,60.1,61.4,58.8,60.4,59.7,61.1,1.14,11.8,0.334,9.87,9.58,17.9,0.31,7.18,6.55,0.0419,0.994,1.0,300.0,260,840,400,1000,21.7,28.5,16.2,10.8,11.9,10.2,11.4,12.4,11.8,11.1,13.4,26.7,8.9,17.7,213.0,26.6,14.4
68.7,67.4,70.0,75.3,77.4,73.2,59.5,59.8,59.2,63.2,65.1,61.3,1.11,11.7,0.329,9.88,9.61,18.1,0.303,7.06,6.45,0.0418,0.994,0.991,277.0,230,650,220,1000,13.3,30.3,15.5,12.0,11.7,10.7,12.9,12.2,14.7,12.9,12.4,28.4,9.8,17.9,215.0,27.5,15.0
71.3,68.8,73.8,75.2,76.0,74.4,61.9,60.6,63.2,63.2,62.4,64.0,1.15,11.7,0.335,9.57,9.46,18.0,0.303,6.99,6.51,0.0417,0.986,0.974,269.0,220,370,170,1000,9.4,26.5,13.7,11.3,12.7,12.0,14.6,13.2,14.5,13.2,12.6,28.1,11.1,18.4,211.0,26.5,14.9
69.7,68.6,70.8,77.9,79.2,76.6,64.5,63.2,65.8,60.1,58.0,62.2,1.12,11.6,0.327,9.65,9.69,18.0,0.309,6.96,6.59,0.0406,0.983,1.0,261.0,220,400,200,1000,9.8,26.2,12.5,12.2,13.2,13.3,15.4,14.8,13.0,11.9,13.9,29.8,11.3,17.9,215.0,27.2,14.5
71.0,70.4,71.6,73.0,74.6,71.4,63.6,62.2,65.0,62.1,60.4,63.8,1.13,11.6,0.33,9.53,9.55,18.0,0.307,7.04,6.54,0.0405,0.988,0.989,244.0,200,320,120,1000,9.0,28.5,12.5,13.9,12.3,15.2,12.6,13.7,13.7,11.5,13.5,29.4,10.5,19.2,216.0,24.9,14.4
70.0,68.2,71.8,82.3,83.2,81.4,59.6,59.8,59.4,59.1,58.8,59.4,1.12,11.6,0.341,9.71,9.47,18.0,0.311,6.98,6.46,0.0426,0.992,0.999,246.0,210,470,140,1000,9.6,28.8,14.6,14.0,13.3,13.2,11.9,11.0,12.2,13.1,11.3,25.7,9.6,19.6,208.0,25.4,15.3
71.3,69.4,73.2,77.5,79.6,75.4,61.3,60.8,61.8,59.7,59.0,60.4,1.14,11.5,0.342,9.59,9.54,17.9,0.319,6.9,6.59,0.0427,0.992,0.996,249.0,210,560,250,1000,11.1,25.7,13.8,13.7,12.5,12.2,13.1,11.2,12.2,13.7,11.9,26.7,10.3,18.4,207.0,24.2,16.2
68.8,68.0,69.6,73.0,73.4,72.6,62.4,63.2,61.6,61.8,57.2,66.4,1.12,11.6,0.344,9.58,9.61,17.9,0.315,7.07,6.5,0.0418,0.98,1.01,238.0,200,470,160,1000,9.1,25.3,12.7,13.9,12.9,13.0,13.3,12.9,13.5,14.1,14.1,30.0,11.1,19.1,215.0,24.7,15.8
70.5,68.4,72.6,75.9,76.4,75.4,59.8,60.2,59.4,64.2,62.8,65.6,1.15,11.7,0.348,9.65,9.5,18.1,0.317,6.88,6.47,0.0432,0.991,1.0,244.0,200,620,140,1000,7.6,26.6,13.3,12.7,14.1,12.0,12.9,12.6,14.6,15.2,13.6,27.5,9.3,19.3,211.0,25.1,16.1
68.8,66.8,70.8,76.3,76.4,76.2,62.5,61.0,64.0,61.6,59.2,64.0,1.11,11.6,0.341,9.61,9.61,18.0,0.311,6.94,6.52,0.0408,0.361,1.02,241.0,200,650,200,1000,9.2,23.8,12.6,12.5,13.8,11.8,13.0,12.5,15.3,13.4,13.0,27.3,8.0,20.0,206.0,26.4,16.7
71.5,73.4,69.6,72.6,73.8,71.4,61.1,59.6,62.6,61.6,60.2,63.0,1.11,11.6,0.326,9.56,9.5,17.9,0.309,6.9,6.44,0.041,0.357,0.993,238.0,200,470,160,1000,9.6,25.8,13.2,12.8,14.3,12.3,13.2,12.8,12.6,11.4,13.4,29.9,9.2,18.8,209.0,26.2,16.1
69.0,70.0,68.0,75.1,75.4,74.8,78.3,79.4,77.2,64.4,63.6,65.2,1.1,11.7,0.344,9.66,9.81,18.4,0.318,6.99,6.51,0.0424,0.98,1.05,239.0,200,490,210,1000,7.9,28.0,13.8,11.9,14.2,13.7,15.0,13.8,11.8,12.5,13.8,28.8,9.2,17.9,212.0,26.4,15.2
74.2,74.6,73.8,72.3,73.4,71.2,62.5,61.8,63.2,61.6,59.6,63.6,1.17,12.3,0.359,10.1,10.4,19.4,0.334,7.36,6.9,0.0428,1.01,1.13,234.0,200,410,190,1000,7.6,28.1,14.2,15.1,13.2,13.8,13.5,14.2,12.3,13.0,13.3,28.0,8.8,19.4,215.0,26.1,15.1
70.0,66.8,73.2,74.6,76.6,72.6,58.4,58.0,58.8,62.0,60.6,63.4,1.23,13.0,0.376,10.7,11.0,20.5,0.351,7.86,7.27,0.0429,1.03,1.18,237.0,200,510,190,1000,9.5,26.7,15.4,15.0,12.1,11.2,11.3,11.7,11.9,12.8,14.8,28.8,9.9,17.2,208.0,25.9,15.8
71.9,71.6,72.2,71.7,70.6,72.8,65.1,64.0,66.2,53.1,51.0,55.3,1.33,13.6,0.396,11.2,11.5,21.6,0.373,8.34,7.74,0.043,1.05,1.26,232.0,200,510,180,1000,9.2,28.1,15.4,13.1,13.9,13.8,11.8,12.2,12.0,15.3,14.0,28.4,9.5,18.2,215.0,25.0,15.1
71.1,68.4,73.8,48.1,48.2,48.0,59.4,58.0,60.8,33.1,34.0,32.2,1.39,14.3,0.42,11.9,12.2,22.5,0.393,8.76,8.13,0.0432,1.06,1.31,238.0,200,680,160,1000,8.9,28.0,12.1,14.8,14.9,14.5,13.1,13.4,12.5,15.7,13.9,28.8,9.7,19.2,220.0,22.1,14.6
68.1,65.6,70.6,76.7,77.8,75.6,64.4,65.8,63.0,60.0,58.0,62.0,1.07,11.6,0.332,9.94,9.38,18.0,0.298,6.88,6.47,0.0424,0.997,1.02,254.0,220,670,310,1000,28.0,25.1,11.8,12.5,12.2,12.1,12.8,12.1,12.2,10.8,12.6,22.7,7.9,17.2,210.0,27.9,15.1
68.3,67.6,69.0,72.4,73.4,71.4,62.4,61.2,63.6,66.2,64.3,68.1,1.09,11.7,0.325,9.97,9.5,18.0,0.299,6.91,6.51,0.0425,1.0,1.02,230.0,200,590,190,1000,18.6,29.2,11.6,13.4,13.6,13.0,14.2,13.6,14.5,10.5,12.8,26.4,8.9,18.1,218.0,27.7,15.5
69.3,69.8,68.8,79.1,80.0,78.2,59.9,57.2,62.6,66.6,67.7,65.5,1.06,11.7,0.319,9.75,9.53,17.9,0.295,7.0,6.42,0.0425,1.0,1.03,221.0,200,310,110,1000,11.2,32.3,13.6,13.8,14.6,12.7,14.9,12.7,14.0,10.6,13.2,28.0,8.7,17.9,218.0,26.5,16.4
69.9,69.8,70.0,77.1,78.4,75.8,64.3,65.4,63.2,58.9,55.2,62.6,1.08,11.7,0.318,9.79,9.34,17.9,0.301,6.84,6.49,0.0425,1.0,1.01,210.0,190,330,120,1000,10.4,27.0,13.3,14.7,13.1,12.0,14.6,13.3,12.1,12.8,13.9,26.5,8.7,18.3,211.0,25.7,17.0
68.8,71.2,66.4,73.7,74.0,73.4,60.5,62.0,59.0,64.0,65.4,62.6,1.08,11.6,0.327,9.81,9.28,17.9,0.301,6.99,6.45,0.0414,1.0,1.01,214.0,190,410,170,1000,9.5,26.6,10.4,14.1,13.5,11.4,15.4,12.1,12.2,13.7,13.9,29.4,10.0,18.3,211.0,26.3,17.0
70.9,71.2,70.6,73.4,74.2,72.6,63.3,62.8,63.8,66.2,63.0,69.4,1.13,11.5,0.323,10.0,9.36,17.8,0.31,6.97,6.45,0.0424,1.0,1.02,205.0,180,400,170,1000,7.2,27.9,11.7,14.0,15.4,13.9,13.0,10.8,11.5,14.3,13.9,28.9,10.8,20.1,213.0,27.8,17.0
67.4,67.6,67.2,75.6,77.8,73.4,63.4,64.4,62.4,60.7,59.2,62.2,1.12,11.5,0.339,10.0,9.42,17.7,0.312,6.95,6.52,0.0436,1.01,1.03,199.0,180,250,110,1000,8.0,26.3,13.9,15.7,14.5,16.1,11.9,11.9,12.2,13.7,12.8,27.2,10.0,19.3,214.0,26.1,16.8
70.0,69.2,70.8,72.4,71.8,73.0,64.6,65.8,63.4,64.9,63.6,66.2,1.12,11.6,0.333,9.96,9.27,17.9,0.306,6.95,6.54,0.0413,0.392,1.03,198.0,180,320,140,1000,10.4,27.7,13.7,13.0,12.8,13.9,13.5,12.9,14.6,14.8,11.8,27.6,9.3,16.9,213.0,28.4,17.1
67.1,66.6,67.6,73.0,73.2,72.8,61.7,61.8,61.6,70.4,72.2,68.6,1.12,11.7,0.332,10.2,9.32,17.9,0.306,7.0,6.57,0.0411,0.386,1.01,194.0,170,320,160,1000,11.7,26.7,12.2,11.2,13.3,12.4,14.0,13.8,14.9,14.5,14.5,27.3,9.7,17.2,213.0,28.4,14.9
70.5,71.2,69.8,74.2,75.8,72.6,77.4,78.6,76.2,60.0,61.8,58.2,1.13,11.4,0.336,10.2,9.15,17.8,0.309,6.91,6.58,0.0413,1.02,1.02,196.0,180,350,180,1000,9.5,26.2,12.4,12.9,13.7,12.7,14.1,12.4,13.1,11.6,15.7,28.3,9.6,18.6,211.0,27.1,15.3
67.3,65.0,69.6,73.1,74.2,72.0,60.8,61.4,60.2,65.1,64.6,65.6,1.12,11.6,0.334,10.2,9.33,17.8,0.309,6.87,6.52,0.0425,1.02,1.02,198.0,180,450,200,1000,8.2,28.2,12.5,14.1,13.4,13.2,14.8,12.6,11.1,11.6,15.0,28.1,9.2,16.4,208.0,27.3,15.7
73.0,73.6,72.4,74.4,74.8,74.0,61.8,61.8,61.8,68.6,67.6,69.6,1.12,11.6,0.334,9.98,9.08,17.9,0.307,6.9,6.5,0.0424,1.02,1.02,198.0,180,490,190,1000,9.0,28.6,12.3,14.1,13.1,11.1,14.1,13.4,12.2,12.5,14.3,29.2,10.3,15.3,210.0,29.6,15.5
66.2,63.4,69.0,76.4,78.6,74.2,66.7,66.4,67.0,62.0,61.8,62.2,1.12,11.9,0.342,10.4,9.43,18.5,0.315,7.04,6.72,0.0427,1.03,1.08,193.0,170,340,130,1000,9.9,32.2,13.4,13.5,13.5,10.4,13.6,14.6,13.8,14.1,13.1,30.6,10.2,17.4,220.0,28.3,14.5
70.0,67.2,72.8,75.4,77.4,73.4,59.0,60.8,57.2,61.8,60.3,63.3,1.19,12.5,0.362,10.9,10.0,19.6,0.33,7.41,7.08,0.043,1.05,1.15,201.0,180,600,180,1000,10.0,30.8,12.4,14.6,11.0,11.7,13.7,15.3,12.5,13.4,13.1,26.0,8.1,15.9,209.0,27.3,17.3
69.8,70.4,69.2,71.5,73.4,69.6,64.4,64.6,64.2,67.1,64.9,69.3,1.26,13.2,0.378,11.6,10.5,20.5,0.355,8.02,7.57,0.0424,1.08,1.21,200.0,180,610,220,1000,8.4,28.3,11.5,14.4,11.7,13.0,14.4,14.1,11.6,13.6,15.2,28.3,9.4,15.9,210.0,26.9,16.3
70.2,71.0,69.4,77.4,77.2,77.6,59.1,58.2,60.0,54.8,52.0,57.6,1.34,13.8,0.4,12.2,11.2,21.6,0.37,8.44,7.86,0.0434,1.09,1.28,201.0,180,420,190,1000,8.3,29.4,12.2,12.2,16.0,15.8,14.2,12.4,13.6,14.3,15.5,31.8,10.3,16.8,223.0,25.9,15.8
52.9,51.0,54.8,59.2,60.8,57.6,48.6,49.0,48.2,33.9,32.2,35.6,0.572,6.82,0.177,6.06,5.79,8.52,0.168,4.49,3.23,0.0398,0.867,0.549,93.5,77,270,86,600,62.1,15.3,6.6,10.0,6.9,8.4,7.4,7.9,6.6,8.6,6.3,16.7,4.9,11.7,179.0,3.96,1.73
49.4,49.6,49.2,57.2,59.2,55.2,50.4,49.6,51.2,33.5,33.0,34.0,0.559,6.89,0.182,6.28,5.93,8.62,0.167,4.62,3.28,0.0397,0.867,0.55,81.7,63,110,32,600,21.7,17.2,7.0,10.6,7.0,9.2,7.9,8.0,7.7,8.5,9.2,18.5,6.1,11.4,150.0,5.45,2.73
52.1,52.2,52.0,55.5,56.4,54.6,49.8,50.2,49.4,34.1,34.0,34.2,0.561,7.08,0.18,6.13,6.02,8.85,0.169,4.6,3.33,0.0399,0.871,0.568,74.9,56,100,31,600,5.4,15.1,8.9,9.1,8.0,8.7,7.7,7.3,8.1,7.4,9.0,16.3,5.0,11.7,128.0,6.73,3.34
51.5,50.2,52.8,54.4,54.4,54.4,53.5,53.6,53.4,34.4,31.4,37.4,0.573,7.26,0.181,6.45,6.18,8.86,0.168,4.79,3.43,0.0417,0.88,0.566,70.0,51,99,36,600,6.1,15.2,10.2,9.4,8.4,7.3,7.2,7.9,7.6,8.1,7.2,17.1,5.0,11.6,128.0,7.59,4.3
51.7,51.8,51.6,55.1,54.8,55.4,50.9,51.6,50.2,35.4,35.2,35.6,0.565,7.22,0.181,6.45,6.16,9.12,0.17,4.81,3.42,0.0407,0.882,0.569,66.3,48,95,34,600,6.2,15.8,8.5,9.1,8.3,7.7,6.8,9.0,8.1,9.5,8.6,16.7,5.2,9.2,129.0,7.92,4.77
54.0,55.0,53.0,55.1,54.4,55.8,53.7,54.6,52.8,37.0,38.2,35.8,0.582,7.5,0.19,6.63,6.44,9.26,0.168,4.97,3.56,0.0406,0.287,0.583,64.2,47,100,36,600,5.4,16.4,7.5,8.3,8.8,8.3,7.6,8.8,8.2,9.4,8.4,16.4,4.8,9.3,128.0,7.78,4.88
54.6,55.8,53.4,52.1,52.2,52.0,52.3,52.0,52.6,34.1,36.4,31.8,0.606,7.67,0.191,6.85,6.49,9.71,0.172,5.04,3.64,0.0408,0.291,0.596,61.9,45,100,36,600,5.8,17.7,8.1,8.0,8.8,8.1,7.1,7.3,7.3,9.5,7.4,17.1,5.6,12.1,130.0,7.95,4.98
52.3,51.6,53.0,54.4,54.8,54.0,51.1,49.4,52.8,33.3,32.0,34.6,0.622,7.79,0.196,6.85,6.63,9.83,0.18,5.1,3.68,0.0403,0.295,0.61,60.0,44,95,33,600,5.9,18.5,7.8,7.4,8.9,8.1,7.2,7.5,6.9,10.0,7.1,17.0,5.8,12.4,131.0,8.05,5.03
53.0,53.0,53.0,53.1,52.6,53.6,51.5,52.2,50.8,34.0,34.0,34.0,0.649,7.91,0.199,7.04,6.68,9.94,0.182,5.2,3.84,0.0402,0.301,0.62,58.6,43,99,33,600,5.7,17.2,8.5,8.0,9.1,8.3,9.5,8.3,7.2,9.5,8.4,17.4,5.7,10.5,133.0,7.9,4.87
52.4,50.6,54.2,54.0,54.4,53.6,53.1,52.8,53.4,36.1,36.8,35.4,0.629,8.1,0.198,7.3,6.87,10.2,0.184,5.28,3.86,0.041,0.305,0.624,57.4,42,100,33,600,6.4,17.1,10.3,8.7,8.9,8.7,9.5,8.0,7.2,7.6,9.5,16.5,5.1,10.3,134.0,7.24,4.57
54.5,54.0,55.0,52.7,54.4,51.0,56.4,56.6,56.2,33.2,31.6,34.8,0.651,8.29,0.205,7.32,7.01,10.4,0.187,5.36,3.97,0.0406,0.312,0.644,56.4,41,98,36,600,7.2,17.4,9.7,7.6,7.8,9.7,8.5,8.4,7.2,7.0,8.9,15.2,4.4,11.5,131.0,7.3,4.5
53.3,53.2,53.4,55.3,53.6,57.0,52.8,52.4,53.2,33.7,32.2,35.2,0.666,8.46,0.203,7.56,7.16,10.7,0.187,5.57,4.05,0.0394,0.314,0.65,55.5,41,99,36,600,6.8,16.1,8.2,6.5,7.1,8.4,7.9,8.3,8.0,8.8,8.8,15.4,5.0,12.3,128.0,7.11,4.25
55.4,55.6,55.2,56.3,54.8,57.8,53.2,54.0,52.4,34.2,34.2,34.2,0.68,8.43,0.212,7.51,7.27,10.8,0.197,5.62,4.15,0.0392,0.315,0.655,54.5,40,93,33,600,5.5,17.5,8.3,7.8,7.4,7.7,8.2,7.9,7.6,9.2,8.6,16.8,5.8,12.7,131.0,6.98,4.43
55.0,54.4,55.6,53.5,52.8,54.2,54.4,53.6,55.2,34.2,34.4,34.0,0.706,8.76,0.218,7.86,7.37,11.1,0.203,5.75,4.19,0.04,0.332,0.672,53.8,40,95,33,600,7.0,17.0,7.9,8.3,7.9,8.1,9.3,8.6,7.5,7.9,7.9,18.3,5.8,11.7,133.0,6.92,4.14
52.6,50.8,54.4,51.4,51.6,51.2,53.2,54.2,52.2,32.5,31.2,33.8,0.73,8.92,0.226,7.99,7.66,11.4,0.209,5.92,4.35,0.039,0.337,0.696,53.3,39,97,33,600,7.3,15.8,8.4,7.7,8.5,7.3,9.7,8.0,9.9,7.2,7.1,19.5,6.4,11.7,135.0,7.16,4.04
52.6,52.4,52.8,60.6,59.4,61.8,50.6,52.6,48.6,32.6,34.0,31.2,0.771,9.32,0.234,8.34,8.07,11.9,0.219,6.19,4.51,0.0392,0.346,0.734,52.7,39,100,31,600,4.5,16.7,8.3,7.2,8.6,7.0,8.9,7.3,10.4,7.4,8.1,18.5,6.5,12.5,132.0,6.51,4.08
55.1,55.6,54.6,52.9,54.0,51.8,54.3,52.0,56.6,34.1,37.8,30.4,0.831,9.91,0.25,8.85,8.48,12.6,0.235,6.49,4.78,0.0403,0.367,0.772,52.5,39,100,34,600,4.6,17.3,7.6,7.4,8.5,8.4,7.9,8.3,7.7,8.6,8.1,16.9,5.6,11.4,128.0,6.59,4.59
53.5,53.6,53.4,51.2,52.8,49.6,52.7,52.6,52.8,33.5,32.8,34.2,0.889,10.3,0.262,9.25,8.88,13.2,0.249,6.87,5.03,0.0384,0.382,0.818,52.0,39,98,36,600,5.9,16.9,7.3,8.4,8.0,8.9,8.1,8.1,6.6,8.8,8.9,16.2,6.2,11.1,129.0,6.56,4.67
52.7,52.8,52.6,35.4,34.8,36.0,51.9,50.8,53.0,25.0,27.4,22.6,0.931,10.9,0.273,9.77,9.4,13.8,0.258,7.15,5.31,0.0394,0.398,0.854,51.4,38,94,32,600,6.4,15.8,7.0,8.2,8.0,8.1,9.1,7.0,6.2,9.2,10.3,16.0,6.9,10.1,128.0,6.06,4.56
53.2,53.2,53.2,60.5,60.6,60.4,64.6,67.8,61.4,47.6,44.6,50.6,0.809,9.19,0.238,8.26,7.77,11.4,0.214,5.92,4.37,0.0401,0.338,0.7,93.0,78,240,90,600,65.4,16.1,7.8,7.9,8.4,7.2,8.7,7.1,7.6,6.3,7.7,17.1,6.0,8.7,182.0,7.1,2.74
54.9,52.2,57.6,58.5,58.0,59.0,56.9,57.2,56.6,47.9,48.4,47.4,0.792,9.23,0.232,8.24,7.67,11.6,0.212,5.94,4.34,0.04,0.943,0.704,84.1,66,160,46,600,26.7,17.5,8.4,8.5,9.3,6.3,9.7,7.5,9.0,8.0,7.9,20.0,6.6,10.5,156.0,10.6,4.57
54.1,53.0,55.2,57.1,56.4,57.8,51.9,50.4,53.4,49.7,50.8,48.6,0.782,9.18,0.237,8.2,7.64,11.3,0.211,6.01,4.32,0.0401,0.943,0.708,77.0,58,120,39,600,5.7,17.5,7.5,7.4,9.1,6.6,8.5,8.4,8.0,9.9,8.5,17.4,5.5,11.1,131.0,14.2,6.65
51.0,50.2,51.8,59.7,59.6,59.8,53.1,52.4,53.8,45.2,45.4,45.0,0.794,9.08,0.24,8.29,7.58,11.5,0.217,5.97,4.42,0.0382,0.944,0.723,71.5,52,100,35,600,5.6,16.5,8.0,6.9,7.8,7.5,7.6,8.3,8.1,10.3,8.8,17.0,6.1,12.2,131.0,15.7,7.79
51.0,51.2,50.8,57.3,56.4,58.2,53.4,52.2,54.6,46.2,45.0,47.4,0.796,9.22,0.24,8.31,7.58,11.5,0.218,5.97,4.39,0.0405,0.938,0.711,67.8,49,95,35,600,5.1,14.9,9.3,8.0,6.6,8.3,8.4,8.9,9.4,9.0,8.3,15.9,6.8,11.7,131.0,16.2,9.03
53.9,54.0,53.8,58.4,58.0,58.8,50.3,51.4,49.2,46.2,44.8,47.6,0.819,9.14,0.245,8.17,7.52,11.3,0.219,6.0,4.37,0.0387,0.944,0.729,64.8,47,100,35,600,5.7,16.3,9.3,9.0,7.7,9.1,8.4,9.0,8.7,8.4,7.9,15.6,6.4,10.9,132.0,16.0,8.43
51.2,52.4,50.0,58.3,58.2,58.4,50.8,50.6,51.0,47.3,47.5,47.1,0.806,9.08,0.243,8.22,7.45,11.4,0.217,6.03,4.42,0.0388,0.937,0.711,62.8,46,100,34,600,7.0,17.3,8.8,9.2,9.0,8.4,5.7,6.9,7.6,8.8,8.6,16.8,6.1,10.7,131.0,15.3,8.54
52.9,53.6,52.2,58.9,59.6,58.2,51.8,51.6,52.0,44.8,41.9,47.7,0.807,8.89,0.249,8.2,7.53,11.4,0.224,5.92,4.37,0.0398,0.942,0.722,61.5,45,110,37,600,6.9,16.5,7.7,8.8,8.5,7.7,8.7,8.3,7.7,8.5,8.8,16.4,5.6,10.0,130.0,14.4,7.99
52.5,54.4,50.6,58.7,59.6,57.8,52.0,50.6,53.4,44.8,47.6,42.0,0.793,9.01,0.243,8.29,7.5,11.4,0.219,5.99,4.43,0.0397,0.941,0.716,59.9,44,100,38,600,5.3,16.1,8.0,7.3,7.0,9.0,11.5,9.1,6.5,8.9,8.1,16.5,5.0,10.1,128.0,14.5,8.13
55.0,55.4,54.6,62.1,64.0,60.2,53.6,53.8,53.4,43.3,41.8,44.8,0.787,8.86,0.241,8.14,7.46,11.4,0.215,5.92,4.45,0.039,0.934,0.717,58.9,44,100,38,600,5.4,16.9,8.5,6.5,7.0,9.3,8.9,7.5,7.5,9.4,8.3,17.6,5.6,11.0,129.0,13.9,8.03
52.7,51.6,53.8,56.1,57.8,54.4,54.5,55.6,53.4,43.7,41.4,46.0,0.803,8.93,0.242,8.04,7.44,11.4,0.219,5.97,4.41,0.04,0.937,0.716,57.8,43,110,37,600,5.8,14.7,7.1,8.1,8.7,8.7,7.9,7.5,9.7,8.9,8.2,19.6,7.2,9.9,132.0,13.8,8.07
52.6,52.4,52.8,56.4,56.6,56.2,52.3,51.8,52.8,42.9,45.2,40.6,0.798,8.81,0.245,8.12,7.33,11.4,0.221,5.9,4.45,0.0398,0.937,0.72,56.7,42,95,34,600,5.3,14.6,7.9,9.3,9.0,9.0,8.6,8.3,11.0,8.1,8.0,20.3,7.1,10.1,137.0,13.5,7.45
53.6,54.4,52.8,64.1,63.6,64.6,52.1,53.6,50.6,44.3,44.4,44.2,0.772,8.73,0.237,8.12,7.3,11.4,0.215,6.02,4.41,0.0396,0.932,0.731,56.1,42,100,35,600,5.8,17.0,7.3,8.3,8.6,7.0,9.1,9.0,10.1,8.4,8.1,17.6,5.4,10.4,132.0,14.1,7.68
54.9,52.6,57.2,57.3,57.8,56.8,57.3,57.0,57.6,46.8,45.6,48.0,0.786,8.94,0.242,8.26,7.42,11.5,0.219,6.0,4.49,0.0396,0.933,0.719,56.0,42,120,42,600,6.6,16.0,6.0,8.0,8.5,6.6,8.7,8.9,8.9,9.1,8.0,17.1,5.6,10.7,129.0,14.6,8.57
54.9,55.4,54.4,58.3,59.0,57.6,55.0,54.2,55.8,46.8,45.8,47.8,0.789,8.85,0.247,8.24,7.37,11.6,0.225,6.05,4.47,0.0406,0.937,0.74,56.0,42,140,43,600,5.5,17.3,6.9,8.2,8.7,9.6,9.0,9.3,9.6,8.2,7.5,19.2,6.5,11.7,137.0,14.8,8.31
51.7,49.6,53.8,57.4,58.4,56.4,53.9,53.8,54.0,44.2,42.4,46.0,0.838,9.23,0.256,8.54,7.68,11.9,0.232,6.16,4.6,0.041,0.946,0.774,55.6,42,130,39,600,5.6,19.0,7.4,7.6,8.4,9.6,8.4,8.4,8.5,6.4,8.1,19.4,7.5,11.5,136.0,15.7,8.32
52.2,51.6,52.8,57.3,57.6,57.0,52.9,53.4,52.4,43.7,45.4,42.0,0.879,9.62,0.269,9.02,8.13,12.6,0.246,6.53,4.89,0.0411,0.965,0.816,55.0,42,100,36,600,5.6,18.1,7.2,8.0,7.9,7.8,7.0,6.5,8.5,7.9,9.2,16.4,5.9,10.6,127.0,16.5,8.67
53.8,54.0,53.6,55.3,53.8,56.8,51.5,51.8,51.2,41.9,40.0,43.8,0.942,10.1,0.28,9.46,8.54,13.2,0.26,6.87,5.16,0.0411,0.982,0.867,54.4,41,95,35,600,6.2,16.4,6.3,9.0,8.8,8.4,7.4,6.7,9.2,9.4,9.8,16.2,5.0,9.4,128.0,15.2,8.31
53.2,52.0,54.4,54.6,56.0,53.2,54.1,53.8,54.4,34.7,35.2,34.2,0.996,10.6,0.296,9.97,9.0,13.9,0.271,7.2,5.38,0.0401,0.995,0.916,53.9,41,98,34,600,6.6,15.2,6.8,8.6,9.8,9.6,7.5,7.7,7.8,8.9,9.6,17.4,6.6,10.0,132.0,14.4,7.42
66.0,65.8,66.2,58.4,60.0,56.8,67.0,67.8,66.2,53.1,51.6,54.6,0.818,8.96,0.247,8.08,7.46,11.6,0.22,5.93,4.43,0.0394,0.335,0.743,110.0,97,260,98,600,75.6,15.7,7.86,7.43,6.43,7.0,6.14,7.57,7.71,6.43,6.71,13.1,4.14,8.86,181.0,6.18,3.09
50.5,51.4,49.6,61.6,63.4,59.8,48.2,46.2,50.2,53.5,53.4,53.6,0.8,8.85,0.241,8.18,7.45,11.5,0.22,5.86,4.43,0.0404,0.325,0.732,93.3,79,230,79,600,50.4,17.1,9.3,7.4,8.6,6.6,8.1,8.1,8.6,7.6,7.5,15.5,5.1,11.2,171.0,10.8,4.52
53.4,52.2,54.6,61.0,61.2,60.8,52.9,54.0,51.8,50.1,50.8,49.4,0.804,8.88,0.239,8.1,7.35,11.5,0.222,5.81,4.43,0.0407,0.328,0.743,83.0,67,100,37,600,16.1,18.3,8.6,7.8,8.9,7.8,8.3,7.5,8.3,8.6,7.3,16.6,5.3,12.3,142.0,14.1,7.02
52.5,51.2,53.8,62.0,61.6,62.4,51.6,52.8,50.4,53.6,52.6,54.6,0.81,8.98,0.244,8.18,7.38,11.6,0.217,5.95,4.5,0.0406,0.328,0.743,76.1,59,99,38,600,5.2,17.6,8.5,7.6,8.0,9.1,7.8,7.7,8.5,7.4,7.2,17.1,5.1,11.8,129.0,18.1,9.48
51.3,52.4,50.2,60.1,61.0,59.2,52.2,50.8,53.6,50.0,47.0,53.0,0.824,8.98,0.244,8.22,7.41,11.5,0.22,5.94,4.42,0.0408,0.328,0.739,72.9,57,120,41,600,5.3,16.5,8.8,7.0,7.6,9.9,7.9,9.0,9.2,7.4,7.8,18.7,6.0,11.8,133.0,18.9,10.5
52.7,53.2,52.2,60.3,61.0,59.6,49.9,50.4,49.4,49.3,49.6,49.0,0.811,8.91,0.243,8.09,7.39,11.5,0.219,5.89,4.39,0.0396,0.325,0.74,69.4,54,120,40,600,5.5,15.5,8.4,6.8,8.5,10.1,6.5,9.4,8.5,8.1,7.9,17.1,5.9,11.3,130.0,19.0,10.5
54.3,53.6,55.0,61.3,62.2,60.4,53.0,52.6,53.4,49.7,45.8,53.6,0.788,8.69,0.24,8.12,7.29,11.5,0.215,5.82,4.4,0.0398,0.323,0.729,67.1,52,110,37,600,5.4,16.7,8.3,6.7,9.0,8.9,7.4,8.4,8.2,8.9,8.2,15.9,5.1,9.7,127.0,17.9,11.0
51.8,51.8,51.8,60.0,61.0,59.0,50.4,48.6,52.2,49.0,48.2,49.8,0.788,8.89,0.241,8.08,7.39,11.5,0.215,5.89,4.42,0.0401,0.325,0.736,64.5,49,100,34,600,5.1,17.1,7.9,6.7,9.0,8.7,8.1,8.1,7.9,8.7,8.9,16.6,5.4,10.0,128.0,17.9,10.8
53.5,51.0,56.0,60.1,60.0,60.2,54.4,55.0,53.8,46.2,43.6,48.8,0.791,8.84,0.243,8.13,7.42,11.4,0.215,5.9,4.45,0.0392,0.327,0.735,62.5,47,95,33,600,5.7,17.2,8.4,7.4,9.1,9.3,7.7,7.4,6.9,9.3,8.3,16.5,5.6,11.6,130.0,17.4,10.4
54.6,54.4,54.8,59.6,60.6,58.6,67.5,68.0,67.0,48.0,48.0,48.0,0.762,8.73,0.237,8.05,7.28,11.5,0.209,5.86,4.43,0.0411,0.949,0.74,62.1,48,110,42,600,6.3,19.2,9.3,7.5,8.3,8.2,7.2,7.5,7.6,9.0,7.7,18.4,5.4,11.6,133.0,17.7,10.2
53.6,53.6,53.6,66.6,68.0,65.2,50.7,51.6,49.8,46.4,46.1,46.7,0.77,8.72,0.231,8.03,7.26,11.4,0.207,5.87,4.39,0.0392,0.943,0.73,60.7,47,110,41,600,6.6,18.2,8.5,8.5,8.2,8.8,7.1,8.8,7.8,7.7,8.1,17.3,4.8,10.8,131.0,16.4,9.8
51.9,50.6,53.2,61.5,60.8,62.2,51.9,54.0,49.8,46.0,42.9,49.1,0.756,8.65,0.233,7.98,7.45,11.5,0.212,5.92,4.43,0.0392,0.946,0.736,60.3,46,120,36,600,7.0,17.6,7.8,8.7,7.0,10.0,8.4,8.8,8.4,7.5,7.5,17.3,5.5,10.8,132.0,16.7,11.2
54.8,54.4,55.2,58.8,58.8,58.8,51.3,51.2,51.4,46.6,46.2,47.0,0.766,8.82,0.234,8.03,7.32,11.4,0.209,5.86,4.41,0.0402,0.943,0.746,59.3,45,130,37,600,6.3,16.7,7.6,8.9,7.0,9.6,9.2,7.7,8.5,6.8,7.8,19.2,7.0,10.5,133.0,16.3,10.4
50.6,51.0,50.2,58.5,59.0,58.0,50.9,52.4,49.4,45.5,46.2,44.8,0.74,8.76,0.233,8.01,7.33,11.5,0.207,5.92,4.35,0.0391,0.939,0.729,58.5,44,110,36,600,6.3,17.4,9.2,8.7,7.6,8.0,9.0,7.6,6.8,7.7,9.0,16.8,6.1,10.2,130.0,16.0,10.6
53.8,54.0,53.6,61.6,63.0,60.2,52.9,53.4,52.4,47.0,49.0,45.0,0.733,8.81,0.228,7.86,7.44,11.4,0.208,5.9,4.44,0.0403,0.942,0.724,57.9,44,110,38,600,6.3,18.9,9.3,6.4,8.3,7.5,7.4,8.9,6.6,8.2,8.5,15.8,4.8,10.1,127.0,15.6,10.7
51.4,50.2,52.6,59.9,62.0,57.8,51.7,52.0,51.4,48.4,46.2,50.6,0.722,8.73,0.231,8.04,7.5,11.4,0.204,5.88,4.39,0.0392,0.943,0.737,57.5,44,110,40,600,4.8,16.9,8.6,7.0,8.8,7.4,7.8,7.9,9.0,9.0,10.2,17.1,5.3,10.1,130.0,16.7,11.2
53.9,55.2,52.6,60.2,59.8,60.6,50.9,49.8,52.0,45.9,45.6,46.2,0.773,9.11,0.243,8.4,7.99,12.2,0.216,6.11,4.65,0.0412,0.953,0.792,57.5,44,120,43,600,4.1,16.4,9.6,8.7,7.8,7.1,8.6,7.6,9.8,9.9,10.7,17.1,6.2,10.3,134.0,16.5,9.87
52.1,49.6,54.6,59.6,59.8,59.4,52.7,53.6,51.8,50.3,49.0,51.6,0.824,9.61,0.256,8.82,8.4,12.8,0.232,6.58,4.94,0.0403,0.975,0.839,57.0,44,120,42,600,4.9,17.9,7.5,9.8,8.3,7.3,8.2,8.4,8.8,8.4,8.4,16.7,6.0,10.3,131.0,16.5,10.4
54.7,53.0,56.4,60.5,59.6,61.4,54.4,55.2,53.6,47.0,48.2,45.8,0.875,10.1,0.269,9.38,8.74,13.5,0.243,6.85,5.16,0.0414,0.987,0.882,56.5,44,100,36,600,5.7,16.8,6.5,9.8,8.3,7.7,8.6,9.2,8.2,7.2,6.9,17.6,5.9,10.3,129.0,16.5,10.2
54.7,55.6,53.8,59.7,60.6,58.8,53.9,55.0,52.8,47.3,43.8,50.8,0.929,10.6,0.282,9.87,9.3,14.1,0.258,7.26,5.44,0.0406,1.01,0.926,56.3,44,110,40,600,6.2,16.6,8.3,8.1,9.1,7.6,8.6,8.5,9.1,7.3,7.0,18.9,6.8,10.2,132.0,16.9,9.9
51.9,50.4,53.4,61.0,61.2,60.8,55.7,55.6,55.8,49.3,49.6,49.0,0.984,11.1,0.293,10.4,9.68,14.7,0.271,7.67,5.69,0.0405,1.02,0.972,55.9,43,110,40,600,7.0,18.4,8.4,7.2,9.5,7.9,7.7,7.3,9.5,8.1,8.8,18.1,5.9,11.8,136.0,16.5,10.3
53.9,52.8,55.0,52.7,52.6,52.8,54.5,53.4,55.6,38.8,38.2,39.4,1.03,11.7,0.305,10.8,10.1,15.3,0.281,7.98,5.95,0.0397,1.03,1.01,55.7,43,110,38,600,6.8,17.6,7.5,8.3,7.6,8.1,7.4,8.0,8.7,8.5,8.4,16.7,5.4,12.0,131.0,15.9,9.97
66.2,65.6,66.8,66.9,68.2,65.6,67.5,69.0,66.0,64.4,61.0,67.8,0.79,8.79,0.235,8.23,7.44,11.4,0.228,5.97,4.35,0.0402,0.951,0.747,112.0,99,250,99,600,74.6,14.9,7.43,8.0,7.14,6.71,5.86,5.29,6.29,7.29,5.57,14.7,4.86,9.29,178.0,9.15,3.05
53.2,52.6,53.8,66.5,68.2,64.8,51.2,52.2,50.2,61.4,61.6,61.2,0.802,8.95,0.236,8.14,7.55,11.6,0.231,5.84,4.4,0.0403,0.948,0.753,94.0,81,230,77,600,52.4,17.6,8.7,8.6,8.2,8.5,8.0,7.0,7.5,7.9,8.4,17.1,5.9,10.0,176.0,14.5,6.37
53.5,52.0,55.0,67.4,68.4,66.4,51.3,51.2,51.4,60.5,60.0,61.0,0.822,8.92,0.242,8.04,7.58,11.4,0.237,5.85,4.33,0.0392,0.327,0.767,84.2,69,110,39,600,16.4,17.5,8.8,8.3,7.4,9.5,7.9,8.5,8.0,7.9,8.8,17.6,6.2,11.0,144.0,19.9,9.14
53.8,52.0,55.6,68.9,70.0,67.8,49.3,49.4,49.2,59.6,59.2,60.0,0.811,8.97,0.243,8.04,7.59,11.4,0.236,5.92,4.38,0.0418,0.33,0.753,78.6,63,110,40,600,5.3,17.0,8.9,7.8,7.3,8.9,6.9,9.0,9.7,7.0,7.1,17.7,6.7,11.7,131.0,24.6,12.8
52.3,53.2,51.4,75.5,76.0,75.0,51.8,51.8,51.8,60.4,58.8,62.0,0.823,8.97,0.244,8.12,7.46,11.5,0.236,5.8,4.49,0.0407,0.327,0.764,75.8,61,140,44,600,5.3,16.6,9.2,8.8,8.1,9.6,7.1,10.1,9.3,7.8,7.8,19.0,6.9,10.3,136.0,27.3,14.3
52.6,53.0,52.2,68.9,69.8,68.0,50.4,51.8,49.0,63.6,61.2,66.0,0.81,8.83,0.242,7.87,7.5,11.5,0.238,5.94,4.48,0.0396,0.33,0.763,73.3,59,140,47,600,4.3,17.5,7.9,9.1,8.5,10.3,6.7,9.4,8.0,8.0,8.8,18.7,5.8,9.8,133.0,24.9,16.0
54.2,54.2,54.2,68.1,70.6,65.6,51.0,51.4,50.6,61.3,60.4,62.2,0.818,8.85,0.244,7.96,7.5,11.6,0.235,5.9,4.49,0.0408,0.329,0.773,71.1,57,130,45,600,4.5,17.9,6.6,9.1,9.2,9.1,7.5,7.8,7.8,8.3,8.6,18.1,5.8,10.6,131.0,25.3,15.5
53.7,53.2,54.2,67.0,68.2,65.8,51.5,51.8,51.2,58.2,58.0,58.4,0.812,8.79,0.246,8.09,7.36,11.4,0.238,5.9,4.5,0.0417,0.332,0.789,69.2,55,120,42,600,5.2,17.1,6.6,10.8,8.7,8.8,8.2,8.7,6.8,8.4,8.0,19.4,6.0,9.7,132.0,24.6,16.3
54.4,53.8,55.0,63.8,63.0,64.6,49.0,48.2,49.8,55.6,56.4,54.8,0.808,8.71,0.243,7.88,7.46,11.7,0.239,5.91,4.5,0.041,0.326,0.788,67.5,54,110,42,600,5.0,16.3,6.9,9.7,8.7,8.5,7.3,8.6,7.6,8.7,8.1,19.0,5.5,10.7,131.0,23.6,15.0
50.2,52.4,48.0,64.0,66.6,61.4,50.0,50.6,49.4,55.7,54.9,56.5,0.799,8.75,0.239,8.07,7.42,11.4,0.237,5.94,4.47,0.0409,0.331,0.784,66.0,53,110,41,600,6.2,16.5,8.0,8.4,7.8,8.7,7.4,8.9,8.3,8.7,8.2,18.2,5.7,10.4,131.0,23.6,15.4
56.8,57.2,56.4,64.9,64.6,65.2,49.9,50.0,49.8,57.0,56.3,57.7,0.78,8.72,0.238,8.05,7.37,11.7,0.231,5.82,4.44,0.0411,0.325,0.778,65.2,52,130,42,600,6.3,18.5,8.5,8.0,7.0,8.8,8.0,8.7,7.7,7.8,8.6,16.8,4.6,8.8,128.0,23.8,14.9
53.6,51.8,55.4,63.9,65.0,62.8,53.6,51.2,56.0,55.7,52.5,58.9,0.793,8.81,0.235,7.95,7.58,11.4,0.233,5.92,4.44,0.0412,0.331,0.777,64.7,52,130,48,600,5.2,18.4,8.3,9.2,7.8,8.0,8.4,7.8,8.1,9.0,8.8,16.3,4.8,10.8,131.0,22.8,14.6
50.5,51.4,49.6,67.5,68.2,66.8,49.6,48.0,51.2,55.7,58.3,53.1,0.776,8.76,0.232,7.83,7.44,11.5,0.229,5.9,4.48,0.0413,0.323,0.774,63.6,51,120,43,600,5.4,16.4,8.2,9.9,8.3,6.9,9.0,7.8,9.0,9.6,8.1,16.3,6.2,11.8,133.0,22.5,14.4
54.0,52.6,55.4,64.0,64.2,63.8,52.8,54.8,50.8,59.5,60.2,58.8,0.77,8.78,0.235,7.75,7.47,11.6,0.232,5.81,4.51,0.0415,0.321,0.772,62.8,50,110,40,600,5.2,16.7,7.3,8.8,9.8,8.2,8.9,7.0,7.8,8.4,7.8,14.5,5.2,11.4,127.0,23.3,14.9
51.4,52.4,50.4,65.1,66.4,63.8,66.9,64.0,69.8,54.6,52.3,56.9,0.765,8.67,0.23,7.82,7.41,11.5,0.23,5.78,4.47,0.0417,0.917,0.777,62.4,50,130,43,600,6.5,16.1,7.1,8.1,10.5,8.5,8.7,9.1,8.0,8.0,7.2,15.3,5.7,11.9,131.0,22.7,15.3
53.2,52.0,54.4,66.3,67.2,65.4,50.4,49.8,51.0,60.9,59.1,62.7,0.755,8.57,0.236,7.77,7.61,11.6,0.228,5.85,4.49,0.042,0.908,0.789,61.9,50,130,44,600,6.4,16.0,7.3,7.2,7.7,9.0,9.4,9.9,8.2,7.5,7.3,16.9,5.5,11.8,130.0,23.4,15.0
52.8,51.2,54.4,71.0,73.6,68.4,52.2,52.0,52.4,57.3,54.3,60.3,0.789,9.04,0.247,8.27,8.03,12.2,0.242,6.19,4.7,0.041,0.923,0.825,61.7,50,130,48,600,5.6,17.8,8.0,7.2,5.8,9.2,9.5,8.0,6.9,8.1,7.7,17.0,4.2,11.2,126.0,23.7,14.9
56.2,54.0,58.4,65.8,66.0,65.6,52.0,51.6,52.4,55.8,52.7,58.9,0.85,9.53,0.254,8.71,8.51,12.9,0.254,6.53,4.95,0.0425,0.937,0.87,61.2,49,120,45,600,5.5,16.9,8.8,7.3,5.9,7.9,8.9,8.2,8.4,8.8,6.5,16.9,4.6,12.1,127.0,22.4,14.2
52.8,53.2,52.4,61.7,60.8,62.6,52.5,52.6,52.4,50.5,50.4,50.6,0.882,10.2,0.267,9.08,8.92,13.6,0.261,6.88,5.2,0.0425,0.957,0.915,60.9,49,130,42,600,4.3,15.7,8.9,7.9,8.8,8.5,9.2,8.1,8.2,9.3,7.8,18.6,5.6,12.5,133.0,22.8,15.2
53.9,54.4,53.4,41.6,39.4,43.8,52.7,51.6,53.8,31.2,28.0,34.4,0.935,10.6,0.28,9.68,9.38,14.2,0.276,7.18,5.51,0.0425,0.973,0.964,60.6,49,140,41,600,4.6,16.7,9.0,7.6,9.6,8.3,8.8,7.1,8.0,9.5,8.7,19.2,6.0,12.3,135.0,20.4,14.9
56.7,55.6,57.8,67.9,69.8,66.0,58.2,58.4,58.0,57.5,57.4,57.6,0.728,8.92,0.221,8.0,7.69,11.7,0.2,5.87,4.41,0.0426,0.903,0.738,109.0,89,310,100,600,64.8,14.4,6.8,7.2,6.5,6.4,6.1,7.1,6.5,7.0,8.6,13.4,4.7,10.1,170.0,14.2,6.23
54.8,55.6,54.0,69.3,71.0,67.6,50.9,50.6,51.2,64.0,64.4,63.6,0.726,8.89,0.218,7.95,7.65,11.6,0.208,5.8,4.39,0.0414,0.904,0.743,96.6,76,290,65,600,33.8,15.2,8.3,8.1,8.0,8.8,8.3,9.1,6.6,7.6,9.9,17.4,6.1,12.6,160.0,19.3,9.73
51.7,52.6,50.8,66.0,68.0,64.0,53.3,53.2,53.4,62.2,61.2,63.2,0.726,8.84,0.221,7.85,7.65,11.7,0.204,5.84,4.43,0.0406,0.897,0.716,88.1,68,130,46,600,5.8,15.4,7.6,7.9,8.2,8.2,8.4,9.0,6.8,6.9,9.0,17.5,5.8,12.4,129.0,23.5,13.6
54.3,54.0,54.6,67.6,68.4,66.8,49.5,50.4,48.6,58.4,60.6,56.2,0.736,9.01,0.223,7.92,7.52,11.5,0.206,5.8,4.36,0.043,0.906,0.732,84.4,66,140,45,600,5.7,16.0,7.8,9.1,8.2,6.8,8.6,9.7,7.1,8.0,8.7,16.1,5.3,11.3,128.0,25.6,16.1
52.6,53.6,51.6,64.4,64.8,64.0,52.3,51.0,53.6,63.7,62.4,65.0,0.755,8.92,0.229,7.79,7.56,11.7,0.212,5.82,4.45,0.041,0.909,0.724,79.7,61,140,46,600,5.9,15.8,9.0,8.8,8.6,8.0,8.3,9.6,7.6,9.2,8.1,17.8,6.2,10.0,133.0,27.2,16.2
53.7,53.2,54.2,66.0,68.4,63.6,49.5,47.2,51.8,64.6,64.8,64.4,0.754,9.02,0.225,7.85,7.67,11.5,0.214,5.87,4.44,0.0421,0.908,0.725,75.9,57,100,41,600,5.6,15.5,9.2,9.2,8.9,9.6,7.3,8.7,9.6,7.4,8.7,19.2,6.2,9.8,135.0,25.8,16.6
53.8,53.6,54.0,70.7,74.0,67.4,51.4,51.2,51.6,59.0,56.2,61.8,0.735,8.84,0.227,7.74,7.61,11.8,0.212,5.84,4.42,0.0411,0.902,0.734,73.5,55,120,41,600,6.1,15.1,7.8,9.4,9.3,8.0,6.9,8.8,9.2,6.5,8.7,17.3,4.8,9.8,128.0,25.8,16.2
49.5,49.6,49.4,63.0,65.0,61.0,50.2,50.8,49.6,62.5,62.4,62.6,0.737,8.77,0.227,7.81,7.55,11.4,0.209,5.83,4.45,0.0423,0.903,0.728,71.3,54,120,41,600,7.1,15.7,7.9,8.5,9.7,6.5,8.1,9.7,8.1,7.8,8.6,15.7,5.2,9.7,128.0,27.0,15.8
53.2,55.0,51.4,63.8,66.4,61.2,52.3,51.4,53.2,57.6,56.0,59.2,0.74,8.67,0.222,7.9,7.59,11.5,0.207,5.78,4.38,0.0432,0.909,0.728,69.2,52,120,38,600,6.3,16.3,7.4,9.1,8.4,7.5,8.2,7.8,8.5,8.6,9.2,14.8,5.2,11.0,128.0,25.8,16.3
53.0,52.4,53.6,67.3,69.2,65.4,52.1,52.6,51.6,58.5,53.4,63.6,0.734,8.72,0.223,7.9,7.59,11.6,0.208,5.81,4.39,0.0422,0.317,0.728,67.9,51,120,38,600,6.2,16.3,8.5,9.4,8.3,8.0,8.5,5.8,8.3,8.4,7.7,16.2,5.1,11.1,128.0,25.3,16.3
52.2,52.0,52.4,66.7,67.0,66.4,52.2,52.4,52.0,57.7,56.0,59.4,0.741,8.86,0.226,7.96,7.52,11.6,0.211,5.81,4.43,0.0422,0.319,0.723,66.6,50,120,41,600,5.8,17.4,9.5,7.8,8.5,7.8,9.0,6.6,7.5,8.2,8.4,16.8,5.1,10.5,129.0,25.6,16.4
51.5,52.2,50.8,65.8,67.4,64.2,51.2,50.6,51.8,62.5,62.8,62.2,0.76,8.86,0.226,7.82,7.54,11.6,0.212,5.75,4.41,0.0433,0.325,0.73,65.4,49,110,41,600,5.1,16.6,8.1,7.3,7.8,8.7,7.9,8.3,7.5,9.1,9.4,16.6,5.6,11.5,130.0,26.1,16.6
55.8,58.0,53.6,69.9,70.2,69.6,53.2,51.6,54.8,55.5,54.0,57.0,0.748,8.82,0.234,7.75,7.43,11.5,0.211,5.76,4.45,0.0418,0.322,0.731,65.0,49,130,46,600,5.3,16.0,8.3,8.1,8.7,8.3,6.5,9.2,8.7,8.7,8.4,17.0,6.6,11.9,132.0,25.1,15.5
54.5,54.6,54.4,71.7,72.6,70.8,51.5,49.6,53.4,61.3,59.6,63.0,0.766,8.6,0.233,7.93,7.46,11.5,0.222,5.74,4.51,0.042,0.319,0.734,64.3,49,130,45,600,4.9,16.6,9.4,8.3,8.3,6.7,6.3,9.3,8.6,8.3,7.9,17.5,6.4,11.7,130.0,25.7,15.3
51.8,51.2,52.4,62.9,64.6,61.2,50.0,49.0,51.0,60.9,59.6,62.2,0.755,8.75,0.23,7.72,7.5,11.5,0.216,5.83,4.48,0.0423,0.317,0.729,63.9,49,140,44,600,5.4,15.9,10.6,9.6,7.9,7.0,8.0,8.9,7.2,9.2,8.2,17.9,5.9,11.2,133.0,25.2,15.7
53.1,53.8,52.4,67.5,68.4,66.6,51.8,52.2,51.4,55.4,53.4,57.4,0.774,8.92,0.241,7.88,7.81,11.8,0.225,5.92,4.49,0.0413,0.328,0.76,63.2,48,140,44,600,6.5,15.3,9.8,10.2,8.2,8.8,9.7,8.1,7.7,7.7,8.1,18.1,5.6,10.0,134.0,24.5,15.7
54.8,54.2,55.4,67.6,68.2,67.0,52.1,50.8,53.4,57.8,57.0,58.6,0.821,9.34,0.25,8.38,8.24,12.4,0.237,6.24,4.77,0.0416,0.343,0.809,62.7,48,120,42,600,6.2,14.7,7.9,8.7,9.7,8.7,8.7,7.4,9.2,7.5,7.9,18.1,4.9,9.2,129.0,24.1,15.7
53.7,53.8,53.6,64.9,66.6,63.2,52.7,54.2,51.2,60.3,58.6,62.0,0.869,9.82,0.262,8.81,8.64,13.2,0.249,6.63,5.05,0.0437,0.36,0.854,62.1,47,120,42,600,5.6,17.7,8.5,8.6,9.7,8.3,7.6,7.4,9.3,8.5,8.2,17.9,5.0,10.7,133.0,24.5,15.9
53.7,53.2,54.2,64.2,65.8,62.6,53.6,52.4,54.8,53.3,53.0,53.6,0.92,10.3,0.279,9.35,9.15,13.8,0.267,6.99,5.29,0.0429,0.376,0.906,61.9,47,140,42,600,5.9,18.7,8.4,9.1,8.7,8.0,8.9,8.3,9.6,7.0,7.8,18.4,5.9,10.5,135.0,22.9,16.0
68.0,66.2,69.8,60.3,59.6,61.0,85.1,85.2,85.0,34.4,33.2,35.6,0.797,9.01,0.234,8.22,7.48,11.9,0.223,5.88,4.42,0.0428,0.977,0.749,144.0,120,330,150,800,66.2,18.8,7.8,7.7,8.8,8.1,8.5,8.2,8.1,9.4,7.4,17.9,6.0,10.3,193.0,4.0,2.67
58.3,58.4,58.2,59.9,60.4,59.4,60.9,60.6,61.2,34.6,35.0,34.2,0.796,9.44,0.242,8.33,7.43,11.9,0.228,5.9,4.67,0.0426,0.982,0.754,124.0,100,340,120,800,39.5,20.9,10.8,9.3,9.7,9.4,11.0,11.0,10.6,12.8,11.5,22.8,8.2,14.1,202.0,5.6,3.54
62.8,62.0,63.6,62.4,63.4,61.4,60.9,60.4,61.4,35.3,35.8,34.8,0.831,9.6,0.249,8.57,7.66,12.5,0.233,5.94,4.64,0.0422,0.988,0.765,112.0,91,130,46,800,16.4,20.9,13.3,10.4,9.9,10.4,11.7,11.5,11.5,12.1,12.0,23.1,8.9,15.7,188.0,7.26,4.5
60.5,60.2,60.8,59.6,62.0,57.2,60.2,58.4,62.0,33.9,35.2,32.6,0.831,9.66,0.255,8.66,7.57,12.6,0.245,6.11,4.68,0.041,0.986,0.769,103.0,83,140,52,800,8.6,23.0,12.8,10.9,9.6,9.4,10.3,10.4,12.5,10.5,11.1,21.9,8.2,13.9,173.0,7.99,4.59
58.8,59.4,58.2,60.6,60.8,60.4,61.0,60.6,61.4,37.4,36.0,38.8,0.869,9.61,0.262,8.61,7.75,12.9,0.25,6.34,4.9,0.0419,0.99,0.784,97.0,77,130,48,800,8.5,22.4,11.4,10.8,9.6,10.2,10.1,10.3,12.9,10.4,11.1,22.4,7.9,14.9,173.0,7.59,4.79
64.2,62.2,66.2,63.0,63.6,62.4,64.1,63.6,64.6,36.1,36.2,36.0,0.91,9.84,0.273,8.86,7.79,13.0,0.262,6.27,5.0,0.0406,1.0,0.798,92.8,73,140,50,800,7.8,22.4,10.6,10.4,10.4,11.4,11.8,10.8,12.2,10.3,10.7,22.4,8.0,16.1,175.0,8.35,4.88
58.3,57.2,59.4,62.4,61.6,63.2,62.0,61.4,62.6,33.7,33.6,33.8,0.911,10.0,0.279,9.09,7.79,13.3,0.259,6.43,4.98,0.0395,1.0,0.804,88.1,69,130,46,800,7.5,23.1,9.4,10.4,11.1,10.1,11.7,11.1,11.9,11.5,12.3,21.7,8.8,14.9,176.0,8.13,4.91
63.6,62.8,64.4,63.3,64.0,62.6,60.4,60.4,60.4,33.4,35.6,31.2,0.926,10.2,0.279,9.42,7.97,13.4,0.271,6.58,5.03,0.0406,1.01,0.808,84.9,66,120,42,800,8.0,21.8,10.5,10.8,10.5,10.3,10.9,11.0,10.8,11.5,12.6,22.8,9.1,15.6,176.0,7.71,4.69
60.0,57.6,62.4,63.8,66.6,61.0,61.4,60.6,62.2,34.9,31.2,38.6,0.94,10.3,0.279,9.55,8.0,13.5,0.268,6.64,5.1,0.0403,1.02,0.817,82.4,64,140,44,800,8.3,21.1,11.9,11.7,8.7,11.1,11.6,10.8,10.7,10.0,10.7,22.2,8.3,17.3,174.0,7.23,4.44
63.2,63.2,63.2,64.3,65.6,63.0,63.6,63.2,64.0,36.2,36.8,35.6,0.967,10.4,0.295,9.76,7.95,14.0,0.274,6.71,5.2,0.04,1.02,0.84,81.1,64,140,53,800,7.1,21.9,10.6,11.0,10.0,10.8,12.6,11.4,10.4,10.7,11.6,22.7,8.1,17.1,176.0,7.76,4.54
58.8,59.4,58.2,59.0,59.0,59.0,60.4,62.0,58.8,34.7,35.2,34.2,0.974,10.5,0.295,9.99,7.94,14.2,0.284,6.81,5.31,0.04,1.02,0.834,78.8,61,140,49,800,5.9,22.7,11.1,10.3,12.1,10.5,10.6,10.5,11.1,10.1,12.1,24.5,8.5,16.3,176.0,6.8,4.38
58.9,57.4,60.4,60.2,59.8,60.6,58.0,55.6,60.4,34.7,36.6,32.8,0.974,10.5,0.294,10.1,8.12,14.4,0.284,6.9,5.38,0.0399,1.02,0.844,77.0,59,120,41,800,7.4,21.7,9.6,12.8,12.4,11.2,9.4,10.6,13.1,9.9,9.5,22.2,7.6,15.4,173.0,7.36,4.8
61.4,59.8,63.0,59.0,60.4,57.6,64.2,64.4,64.0,33.4,32.0,34.8,0.985,10.7,0.299,10.3,8.22,14.5,0.282,6.93,5.43,0.0398,1.03,0.851,75.7,59,130,45,800,8.7,22.8,8.7,13.1,13.6,11.0,9.4,10.7,12.9,10.1,10.3,20.7,5.5,14.1,172.0,7.48,4.86
63.2,62.6,63.8,62.6,60.6,64.6,58.6,59.0,58.2,35.2,32.0,38.4,0.978,10.9,0.302,10.3,8.14,14.7,0.283,6.98,5.55,0.0385,1.03,0.852,74.8,58,140,46,800,8.3,23.3,10.4,11.4,12.7,8.8,9.3,8.2,11.5,9.0,12.0,20.8,6.0,13.6,165.0,7.38,4.98
61.0,61.6,60.4,58.7,59.0,58.4,60.3,60.0,60.6,31.8,34.8,28.8,1.0,11.0,0.308,10.6,8.28,15.1,0.292,7.12,5.65,0.0382,1.04,0.879,74.1,57,150,49,800,6.9,22.4,10.7,11.6,11.4,9.6,11.4,8.2,11.4,10.4,11.9,25.4,8.3,14.0,174.0,6.72,4.61
61.8,62.2,61.4,59.5,59.2,59.8,63.2,63.6,62.8,34.4,34.2,34.6,1.08,11.4,0.326,11.1,8.69,15.9,0.31,7.39,5.88,0.0383,1.06,0.926,73.1,57,140,49,800,5.9,22.2,10.8,10.9,10.8,10.8,12.4,10.6,10.5,10.8,13.1,26.4,8.8,14.8,179.0,6.91,4.71
60.9,57.8,64.0,59.7,59.4,60.0,61.2,60.2,62.2,33.9,36.0,31.8,1.12,12.2,0.338,11.6,9.2,16.8,0.326,7.96,6.22,0.0385,1.07,0.974,72.1,56,120,44,800,7.4,20.0,12.0,11.4,9.4,10.4,12.7,9.9,10.6,9.7,12.3,23.8,7.5,14.6,172.0,6.74,3.99
60.1,59.8,60.4,57.8,55.6,60.0,61.9,61.6,62.2,31.0,30.4,31.6,1.18,12.7,0.352,12.4,9.81,17.6,0.34,8.4,6.63,0.0395,1.1,1.03,71.3,55,130,43,800,7.2,23.1,11.6,10.8,10.4,9.7,12.8,9.0,12.2,9.6,10.3,23.0,7.2,15.4,172.0,6.48,3.95
59.4,58.6,60.2,31.9,31.8,32.0,64.3,63.0,65.6,26.3,27.4,25.2,1.25,13.3,0.366,13.1,10.2,18.5,0.354,8.8,6.9,0.0395,1.12,1.07,70.6,55,140,45,800,6.3,25.1,11.3,10.7,11.1,9.1,11.6,11.0,11.7,9.1,10.1,21.6,7.5,16.5,173.0,5.89,3.86
61.9,62.0,61.8,66.2,67.8,64.6,76.6,76.4,76.8,46.2,46.2,46.2,0.981,11.1,0.296,10.4,8.49,14.9,0.277,7.06,5.53,0.0403,0.388,0.872,125.0,110,290,120,800,47.9,20.9,11.0,10.8,10.7,9.5,10.2,12.3,9.6,11.2,9.2,22.8,8.1,12.6,207.0,10.4,4.78
62.3,63.6,61.0,62.1,62.0,62.2,60.5,59.4,61.6,46.7,47.6,45.8,0.996,10.9,0.299,10.4,8.48,14.9,0.282,7.05,5.66,0.0393,1.06,0.873,116.0,100,240,71,800,22.4,21.4,12.1,11.0,12.5,9.7,11.4,11.3,10.8,11.4,11.1,23.9,8.1,13.7,191.0,13.6,6.39
61.3,59.8,62.8,63.7,64.8,62.6,58.5,59.4,57.6,44.3,46.2,42.4,0.985,10.9,0.297,10.2,8.6,15.2,0.275,6.95,5.71,0.04,1.06,0.879,106.0,92,160,51,800,7.5,22.5,10.8,11.1,11.1,9.6,10.0,11.7,11.5,10.1,11.9,22.0,8.8,13.3,172.0,15.3,7.94
64.8,65.0,64.6,64.4,65.4,63.4,56.7,57.2,56.2,49.2,46.2,52.2,0.977,11.0,0.295,10.1,8.51,15.2,0.274,7.08,5.62,0.0402,1.06,0.885,99.7,85,140,50,800,7.7,22.5,11.1,10.5,10.5,10.8,10.9,13.6,9.9,8.9,12.8,21.5,8.1,13.3,172.0,16.3,8.49
61.5,61.8,61.2,63.8,64.4,63.2,59.2,59.0,59.4,47.1,46.8,47.4,0.959,10.8,0.286,9.99,8.61,14.9,0.276,7.1,5.62,0.0393,1.05,0.866,94.8,80,140,54,800,8.7,23.8,10.4,9.1,9.4,11.4,11.1,12.3,9.2,11.8,12.2,22.3,7.2,14.6,174.0,15.8,8.56
62.9,64.6,61.2,64.1,66.0,62.2,56.4,57.8,55.0,46.0,44.0,48.0,0.95,10.8,0.291,10.0,8.82,15.0,0.271,6.95,5.61,0.0394,1.07,0.888,90.8,76,150,49,800,8.5,24.5,9.5,10.5,8.9,11.1,10.5,11.5,9.5,12.4,10.2,22.4,7.2,16.4,173.0,15.2,8.3
62.7,60.4,65.0,71.0,70.4,71.6,59.5,57.8,61.2,44.8,45.4,44.2,0.964,10.9,0.294,9.95,8.77,14.8,0.271,6.97,5.67,0.0394,1.06,0.891,87.7,72,150,46,800,7.8,22.8,9.3,11.1,10.2,10.8,12.0,12.2,9.5,10.8,9.3,22.6,6.3,14.5,169.0,15.0,8.33
62.1,62.6,61.6,61.9,63.0,60.8,59.9,60.6,59.2,43.3,45.6,41.0,0.968,10.8,0.291,9.89,8.69,14.9,0.275,7.03,5.7,0.0386,1.06,0.887,85.0,69,140,51,800,6.5,24.3,8.8,11.2,11.3,11.1,12.3,12.4,10.5,10.9,9.7,22.6,6.2,13.9,172.0,14.8,8.8
61.8,64.0,59.6,65.4,66.6,64.2,59.1,59.0,59.2,41.7,43.4,40.0,0.975,10.8,0.281,9.82,8.73,14.8,0.272,7.08,5.67,0.0404,1.06,0.88,82.7,67,120,49,800,7.0,23.1,11.6,11.5,9.6,11.9,10.3,11.5,12.7,10.2,11.8,20.8,6.6,15.3,174.0,14.2,8.78
62.5,62.6,62.4,63.8,64.0,63.6,60.0,60.0,60.0,43.3,43.0,43.6,0.96,10.7,0.289,9.75,8.87,15.0,0.269,7.01,5.68,0.0397,1.06,0.88,80.9,65,140,50,800,8.4,21.9,11.7,11.0,9.6,11.4,9.3,10.6,12.1,9.6,13.8,21.6,7.4,16.3,175.0,12.7,8.32
66.5,66.4,66.6,64.8,65.6,64.0,59.9,59.2,60.6,40.9,43.6,38.2,0.947,10.9,0.283,9.61,8.98,15.1,0.27,6.97,5.71,0.0397,1.06,0.891,79.7,65,140,53,800,7.0,23.0,10.0,10.8,11.8,10.0,9.0,9.5,10.1,10.4,13.7,23.6,7.8,15.9,173.0,13.4,8.22
65.0,65.0,65.0,63.5,64.2,62.8,60.3,58.6,62.0,45.9,46.8,45.0,0.98,10.7,0.295,9.73,9.03,15.0,0.28,6.99,5.64,0.0397,1.06,0.892,78.9,64,160,56,800,7.0,23.0,10.5,10.6,11.9,11.2,10.5,9.6,9.6,10.7,12.1,24.8,8.9,15.7,176.0,12.9,8.44
64.4,62.6,66.2,63.5,65.4,61.6,58.6,59.4,57.8,42.5,43.0,42.0,0.965,10.9,0.291,9.36,8.87,15.1,0.276,6.94,5.64,0.0389,1.06,0.891,78.5,64,170,60,800,7.1,22.2,10.5,9.9,11.5,11.5,11.6,10.8,9.5,9.3,11.0,23.4,8.8,15.8,173.0,13.3,7.68
61.2,61.4,61.0,62.9,63.0,62.8,59.4,59.2,59.6,44.5,46.8,42.2,0.967,11.0,0.293,9.42,9.07,15.0,0.276,6.93,5.7,0.039,1.06,0.904,77.1,62,150,52,800,6.9,22.3,10.0,11.6,10.4,11.4,10.5,11.5,11.0,9.4,12.4,22.7,7.1,15.1,172.0,12.7,7.47
60.6,60.6,60.6,63.5,63.6,63.4,59.7,59.6,59.8,43.2,43.2,43.2,0.997,11.1,0.301,9.89,9.56,15.9,0.286,7.15,5.86,0.0398,1.07,0.945,76.0,61,130,44,800,8.0,22.5,9.5,11.5,9.2,11.5,10.7,11.1,11.3,10.2,11.7,21.9,6.2,15.8,171.0,13.2,8.09
61.2,61.4,61.0,64.8,65.0,64.6,56.5,57.0,56.0,44.2,43.2,45.2,1.04,11.8,0.311,10.3,10.2,16.7,0.295,7.59,6.2,0.0393,1.09,0.988,75.0,61,130,46,800,8.0,21.7,9.7,9.6,10.2,11.1,11.8,10.1,9.7,11.0,11.8,20.8,5.3,14.8,166.0,13.0,8.2
62.7,62.2,63.2,64.3,65.6,63.0,60.7,60.4,61.0,42.6,42.6,42.6,1.1,12.4,0.329,10.8,10.6,17.6,0.314,8.15,6.48,0.0401,1.11,1.05,74.2,60,130,49,800,8.3,21.7,10.8,10.5,9.8,12.6,11.9,10.5,9.7,10.4,11.9,20.2,5.6,13.7,168.0,13.1,7.86
62.9,64.8,61.0,54.2,55.8,52.6,57.3,58.6,56.0,34.6,34.0,35.2,1.17,13.0,0.35,11.5,11.3,18.4,0.331,8.56,6.8,0.0411,1.13,1.11,73.8,60,150,51,800,7.8,25.1,10.2,10.8,9.6,12.8,10.6,11.1,10.6,10.6,11.4,21.3,7.4,15.1,174.0,12.3,7.35
70.3,71.4,69.2,67.5,68.0,67.0,66.2,67.0,65.4,54.8,52.8,56.8,0.982,10.9,0.285,9.57,9.23,15.1,0.267,6.88,5.62,0.0387,0.391,0.867,150.0,130,320,160,800,59.9,18.6,9.3,9.1,8.6,8.4,7.7,10.8,8.6,8.6,8.2,20.3,7.4,12.5,198.0,11.2,4.84
60.0,60.2,59.8,66.7,68.4,65.0,56.9,57.0,56.8,50.7,50.8,50.6,0.981,10.9,0.28,9.38,9.09,15.1,0.267,7.04,5.68,0.0397,0.386,0.866,131.0,110,310,110,800,37.5,20.2,10.3,10.6,11.3,9.5,9.8,12.8,10.4,12.0,10.2,23.9,8.3,15.7,203.0,15.9,6.6
61.7,60.2,63.2,65.4,66.2,64.6,57.6,56.6,58.6,51.7,49.4,54.0,0.963,10.7,0.278,9.47,8.99,15.2,0.27,6.97,5.59,0.0398,0.383,0.851,118.0,100,130,47,800,18.8,20.4,10.4,9.8,11.8,9.8,12.9,11.8,10.8,12.1,11.2,22.1,6.2,15.8,184.0,18.7,9.16
63.5,63.2,63.8,71.6,72.0,71.2,75.4,74.2,76.6,50.4,50.3,50.5,0.959,10.9,0.281,9.33,9.24,15.2,0.276,6.88,5.56,0.0396,1.04,0.866,114.0,98,190,62,800,8.7,21.6,10.5,10.4,12.0,10.2,12.6,10.0,10.1,11.3,9.8,22.5,7.1,13.0,170.0,19.5,10.9
60.0,60.0,60.0,66.5,68.6,64.4,56.6,56.2,57.0,49.6,49.3,49.9,0.972,10.9,0.289,9.35,9.26,15.1,0.269,6.92,5.55,0.0389,1.05,0.859,108.0,92,200,63,800,7.6,23.4,10.1,11.3,10.8,9.8,11.0,10.6,10.7,12.0,10.6,23.4,8.4,13.8,174.0,19.7,12.1
59.8,60.6,59.0,66.6,68.0,65.2,59.0,58.6,59.4,49.6,50.7,48.5,0.955,10.7,0.279,9.26,9.16,14.9,0.269,6.93,5.65,0.0409,1.04,0.863,102.0,85,160,51,800,7.7,22.3,9.2,10.9,10.3,9.8,10.9,11.3,11.0,13.1,11.6,21.8,6.9,14.9,172.0,19.4,11.8
64.1,63.4,64.8,67.3,67.6,67.0,59.3,57.8,60.8,52.1,52.5,51.7,0.942,10.8,0.287,9.39,9.14,14.8,0.27,7.09,5.58,0.0399,1.04,0.853,98.1,81,150,52,800,7.7,19.9,9.6,11.8,11.0,10.3,11.4,12.1,10.8,13.9,10.4,21.1,6.1,14.6,171.0,17.8,11.8
62.2,62.2,62.2,63.0,64.0,62.0,59.9,59.8,60.0,44.5,43.0,46.0,0.951,10.9,0.28,9.42,9.02,14.9,0.262,6.9,5.67,0.0402,1.05,0.863,94.2,77,140,51,800,7.8,21.6,10.7,12.7,10.6,10.7,10.2,12.8,10.4,12.8,10.9,21.3,8.0,14.8,175.0,18.1,10.9
62.4,59.2,65.6,64.4,65.4,63.4,56.8,54.4,59.2,46.8,45.8,47.8,0.95,10.8,0.286,9.45,9.17,14.8,0.27,6.92,5.63,0.0399,1.04,0.862,91.0,74,130,48,800,7.2,22.5,10.8,11.7,11.1,12.4,10.3,11.3,11.1,10.1,10.6,22.1,9.1,13.3,174.0,17.7,10.7
61.5,60.0,63.0,67.6,70.4,64.8,59.8,58.0,61.6,48.8,48.4,49.2,0.94,10.6,0.277,9.17,9.13,14.8,0.265,6.92,5.55,0.0409,1.04,0.854,89.2,72,150,50,800,7.3,23.8,10.4,10.8,12.7,10.1,10.3,9.5,11.3,10.8,9.1,22.4,7.8,14.8,171.0,15.6,10.1
63.3,61.2,65.4,64.0,65.8,62.2,57.6,56.0,59.2,46.7,45.8,47.6,0.944,10.7,0.281,9.26,9.12,14.9,0.268,7.02,5.63,0.041,1.04,0.854,87.9,71,170,56,800,7.2,23.2,10.7,11.0,11.7,9.0,9.6,11.0,11.1,10.8,10.2,21.0,5.9,17.4,170.0,15.5,9.75
64.6,65.0,64.2,69.4,70.6,68.2,59.3,58.8,59.8,48.2,47.0,49.4,0.946,10.6,0.287,9.22,9.13,14.9,0.271,6.89,5.61,0.0408,1.05,0.875,86.4,70,160,58,800,7.7,22.6,12.3,10.8,11.1,11.1,10.8,10.6,10.7,9.2,10.3,19.7,5.3,17.8,170.0,16.0,9.94
62.4,61.4,63.4,64.2,64.4,64.0,57.8,58.0,57.6,46.7,45.8,47.6,0.947,10.7,0.282,9.45,9.12,14.8,0.27,6.89,5.72,0.04,1.04,0.85,84.7,68,160,54,800,9.1,22.6,12.3,12.1,12.0,10.6,10.5,10.0,10.3,10.1,9.4,21.4,6.3,16.0,173.0,15.9,10.0
63.8,63.6,64.0,65.1,65.6,64.6,59.1,57.8,60.4,48.1,47.1,49.1,0.941,10.8,0.276,9.23,9.01,14.9,0.268,6.86,5.72,0.039,1.04,0.863,84.1,68,170,56,800,7.7,23.8,10.1,12.6,12.7,11.5,9.8,10.0,10.6,11.6,10.9,21.3,6.9,13.4,173.0,16.0,9.61
61.8,59.2,64.4,66.3,67.4,65.2,58.5,58.8,58.2,47.8,49.9,45.7,0.934,10.8,0.282,9.3,9.32,15.4,0.262,6.86,5.6,0.0408,1.04,0.895,83.2,67,170,59,800,6.0,25.0,9.9,11.3,13.7,12.1,11.5,10.0,10.4,11.4,9.6,21.8,7.8,13.3,174.0,16.5,9.51
62.7,64.8,60.6,74.8,76.8,72.8,60.4,59.6,61.2,46.5,42.8,50.2,0.989,11.3,0.303,9.78,9.82,16.2,0.283,7.25,5.97,0.0391,1.06,0.949,82.1,66,150,57,800,5.8,25.0,10.2,9.6,12.2,9.2,12.4,10.6,10.9,10.7,9.3,22.9,8.1,16.6,174.0,16.7,10.0
63.9,63.8,64.0,66.5,67.2,65.8,59.7,58.6,60.8,46.2,44.0,48.4,1.08,12.0,0.318,10.5,10.4,17.0,0.302,7.66,6.35,0.04,1.09,1.01,81.8,66,150,62,800,5.7,23.4,10.5,10.3,10.6,9.0,12.7,9.9,10.6,10.7,12.1,22.2,7.1,17.2,172.0,16.2,10.7
63.6,63.8,63.4,68.4,68.6,68.2,61.3,61.0,61.6,47.3,47.0,47.6,1.13,12.7,0.334,10.9,10.9,17.9,0.316,8.26,6.67,0.04,1.11,1.06,81.0,66,150,61,800,6.5,22.3,11.2,11.9,10.1,10.4,11.0,10.2,11.5,10.8,12.2,23.5,8.0,15.1,175.0,16.5,11.4
63.3,62.0,64.6,67.7,68.4,67.0,57.3,56.2,58.4,51.0,51.9,50.1,1.21,13.4,0.35,11.5,11.6,18.7,0.331,8.69,7.05,0.0394,1.13,1.11,80.2,65,150,56,800,8.0,24.2,10.1,11.8,9.7,10.9,10.3,11.3,12.2,11.0,10.5,24.0,8.1,15.8,178.0,16.8,11.2
64.8,64.8,64.8,69.2,70.0,68.4,60.3,59.2,61.4,48.0,43.9,52.1,1.29,13.8,0.376,12.1,11.9,19.5,0.357,9.08,7.34,0.0414,1.15,1.17,79.5,65,150,56,800,7.4,23.4,10.6,11.0,10.5,11.8,11.8,11.5,11.9,11.5,9.5,22.9,7.8,14.7,176.0,16.9,11.2
63.6,61.6,65.6,57.0,58.0,56.0,60.0,60.6,59.4,37.6,34.0,41.2,1.36,14.5,0.392,12.7,12.6,20.5,0.374,9.57,7.77,0.0405,1.17,1.24,78.7,64,140,55,800,6.6,22.1,11.5,11.0,10.9,12.4,10.7,10.9,11.2,12.2,10.8,25.4,9.9,12.7,178.0,15.4,10.7
62.2,60.6,63.8,70.6,71.8,69.4,73.6,74.4,72.8,61.1,60.4,61.8,1.03,10.9,0.295,9.3,9.15,15.5,0.275,6.9,5.68,0.0409,0.816,0.878,136.0,110,330,130,800,38.3,20.9,10.1,9.6,10.5,9.0,10.0,11.1,11.4,11.9,10.0,23.5,7.2,16.5,200.0,20.3,10.1
58.8,60.6,57.0,73.5,75.8,71.2,56.1,55.2,57.0,61.9,60.6,63.2,1.02,10.9,0.303,9.48,9.01,15.5,0.28,6.98,5.71,0.04,0.978,0.887,123.0,100,200,64,800,16.4,20.5,10.9,11.0,12.2,8.5,12.3,10.7,9.3,12.3,10.6,25.3,9.3,16.3,186.0,23.8,12.7
62.0,61.8,62.2,72.9,73.6,72.2,59.4,59.2,59.6,61.1,61.4,60.8,1.04,10.9,0.304,9.31,9.14,15.3,0.283,6.92,5.71,0.0404,0.975,0.906,113.0,94,150,52,800,6.7,23.2,10.5,9.9,12.3,10.1,11.7,9.1,10.1,10.8,10.7,20.8,6.8,14.8,168.0,26.9,14.2
62.6,63.0,62.2,70.2,72.2,68.2,57.3,57.6,57.0,61.6,60.8,62.4,1.05,11.0,0.309,9.54,8.96,15.4,0.286,7.01,5.71,0.0407,0.978,0.905,108.0,90,170,57,800,6.6,25.7,10.6,9.2,11.3,10.2,11.2,10.5,12.2,10.6,9.5,22.2,7.3,14.1,171.0,26.1,15.7
62.2,60.8,63.6,72.1,73.0,71.2,61.5,61.0,62.0,61.0,58.2,63.8,1.06,10.9,0.31,9.23,9.16,15.3,0.29,6.89,5.68,0.0397,0.981,0.929,103.0,85,180,61,800,7.3,24.2,11.9,10.2,10.6,9.6,13.0,12.0,11.9,11.1,9.3,25.3,8.3,14.0,179.0,24.3,15.7
61.1,60.2,62.0,72.0,74.0,70.0,57.6,58.6,56.6,59.8,59.6,60.0,1.05,10.8,0.309,9.48,9.15,15.3,0.292,6.93,5.69,0.0419,0.983,0.914,99.9,82,160,58,800,7.6,24.0,12.3,11.0,9.7,10.0,11.2,11.9,10.8,10.3,9.5,23.3,7.4,14.9,174.0,24.6,15.1
65.7,65.8,65.6,71.3,73.0,69.6,60.4,59.6,61.2,54.0,52.4,55.6,1.05,10.8,0.312,9.45,9.02,15.1,0.294,7.03,5.73,0.0401,0.979,0.912,98.4,81,180,68,800,7.8,23.6,11.3,11.8,10.1,9.6,11.2,12.1,9.4,11.0,9.7,22.5,8.0,15.3,173.0,24.9,15.7
61.8,60.0,63.6,70.6,72.8,68.4,59.2,58.4,60.0,58.8,59.6,58.0,1.08,10.8,0.31,9.61,8.94,15.2,0.295,7.09,5.83,0.042,0.986,0.92,96.0,79,180,67,800,7.0,22.9,10.2,12.2,11.8,9.9,12.0,11.8,10.3,11.1,10.5,24.9,8.8,14.5,178.0,23.2,16.1
64.6,64.8,64.4,74.0,75.6,72.4,60.6,57.4,63.8,55.5,51.8,59.2,1.04,10.9,0.311,9.42,8.97,15.3,0.293,7.11,5.8,0.0413,0.978,0.926,94.6,78,170,64,800,7.6,22.2,10.7,10.8,11.3,10.8,11.2,11.6,11.7,11.6,11.5,26.3,8.5,13.7,180.0,24.1,14.8
61.7,59.6,63.8,72.5,74.8,70.2,58.4,60.2,56.6,57.2,58.0,56.4,1.04,10.7,0.304,9.64,8.94,15.3,0.294,6.84,5.82,0.0413,0.978,0.912,93.0,76,170,66,800,8.7,21.9,10.1,9.6,10.5,11.0,10.8,11.1,11.6,12.8,11.8,25.2,7.8,14.8,178.0,23.5,14.4
64.2,64.4,64.0,70.4,71.8,69.0,56.9,55.8,58.0,55.2,50.8,59.6,1.02,10.6,0.309,9.38,8.87,15.5,0.292,6.79,5.71,0.0411,0.978,0.923,90.9,75,150,59,800,8.5,22.3,9.8,10.6,10.4,10.8,10.6,10.5,11.4,10.9,11.3,21.0,6.4,16.5,171.0,22.1,15.8
60.5,61.6,59.4,72.4,72.4,72.4,58.3,58.8,57.8,58.6,56.8,60.4,0.994,10.8,0.289,9.39,9.03,15.4,0.281,6.82,5.7,0.0411,0.974,0.908,89.3,74,140,57,800,9.3,23.6,10.6,10.8,11.1,9.7,10.7,10.1,10.4,9.9,11.3,19.5,6.8,15.7,170.0,23.3,15.4
62.7,63.6,61.8,71.9,72.8,71.0,59.5,58.6,60.4,58.6,57.4,59.8,0.995,10.6,0.293,9.38,8.93,15.2,0.276,6.87,5.74,0.0402,0.972,0.903,87.7,72,150,52,800,8.9,24.0,9.9,10.6,10.6,8.9,11.3,9.5,10.7,12.6,11.0,20.9,7.4,14.5,171.0,22.3,15.6
60.2,60.8,59.6,69.6,70.8,68.4,57.8,57.6,58.0,56.5,56.4,56.6,0.956,10.8,0.286,9.61,8.99,15.2,0.273,6.85,5.59,0.0415,0.97,0.917,86.8,71,170,54,800,7.5,23.7,11.2,11.5,9.2,10.8,11.8,9.4,11.8,12.8,11.1,21.8,7.1,14.6,174.0,22.7,15.9
64.2,64.8,63.6,69.1,70.4,67.8,60.8,59.6,62.0,56.6,57.4,55.8,1.01,11.2,0.301,9.97,9.58,16.2,0.289,7.23,6.0,0.0407,0.99,0.974,86.1,71,170,62,800,8.4,23.7,12.4,11.4,11.1,11.8,10.8,10.3,10.2,9.7,10.5,19.6,5.7,14.7,170.0,23.2,15.9
60.1,57.0,63.2,69.2,70.2,68.2,59.4,58.2,60.6,56.3,53.7,58.8,1.07,11.9,0.316,10.5,10.0,16.9,0.305,7.48,6.29,0.0418,1.01,1.02,85.6,71,170,66,800,9.0,23.6,11.3,10.4,11.5,10.5,9.3,11.7,9.7,8.7,11.7,19.4,5.3,16.4,169.0,23.4,15.2
63.7,65.6,61.8,69.1,69.0,69.2,59.1,56.4,61.8,50.1,47.7,52.5,1.12,12.6,0.326,11.2,10.5,17.7,0.314,7.93,6.63,0.042,1.03,1.07,84.7,70,160,62,800,9.3,21.9,10.5,9.0,9.7,10.9,9.7,12.2,10.4,9.9,11.5,21.6,6.8,16.5,170.0,22.6,14.9
62.7,65.0,60.4,42.5,40.8,44.2,62.0,61.0,63.0,36.3,37.8,34.8,1.18,13.2,0.342,11.7,11.2,18.7,0.332,8.4,7.04,0.0409,1.05,1.12,84.7,70,190,61,800,8.7,22.9,10.4,10.4,9.3,12.0,10.0,10.9,9.2,12.3,9.6,21.5,7.2,15.7,170.0,20.4,13.8
63.7,62.4,65.0,71.0,72.8,69.2,60.8,61.6,60.0,65.1,66.2,64.0,0.912,10.9,0.271,9.59,8.86,15.2,0.262,6.87,5.62,0.0415,0.379,0.878,145.0,120,370,160,800,53.1,22.2,8.8,8.9,9.1,9.2,8.9,8.8,9.4,8.5,9.8,19.9,5.5,14.2,196.0,20.4,9.98
58.5,58.2,58.8,69.7,69.4,70.0,55.5,57.6,53.4,64.9,65.0,64.8,0.918,11.1,0.272,9.36,8.85,15.1,0.259,6.81,5.63,0.0394,0.38,0.866,126.0,100,330,76,800,25.6,23.0,10.7,10.4,10.7,10.0,10.0,11.1,11.6,10.6,12.3,23.7,7.3,15.2,192.0,24.8,12.8
62.8,60.4,65.2,73.9,76.0,71.8,66.2,67.6,64.8,56.9,51.8,62.0,0.914,11.0,0.268,9.43,8.83,15.1,0.264,6.72,5.69,0.0404,0.382,0.887,119.0,94,180,56,800,7.8,23.9,11.7,10.4,11.2,9.9,10.6,10.4,11.3,10.5,11.4,22.4,7.4,14.4,173.0,28.6,15.5
62.3,60.8,63.8,72.0,72.8,71.2,61.7,62.0,61.4,64.1,63.4,64.8,0.886,11.0,0.266,9.39,8.9,15.0,0.258,6.68,5.5,0.0395,1.01,0.871,114.0,90,210,69,800,8.1,23.1,12.2,10.9,9.8,8.6,10.4,10.5,8.2,10.2,12.1,22.8,7.2,13.3,167.0,27.3,16.2
61.8,62.4,61.2,69.0,70.6,67.4,59.8,60.8,58.8,65.5,66.0,65.0,0.888,10.8,0.267,9.4,8.94,15.0,0.259,6.6,5.49,0.0416,1.01,0.86,108.0,86,190,65,800,7.0,20.9,11.5,10.6,10.4,10.1,9.6,11.5,8.6,11.9,12.7,24.0,6.9,14.3,170.0,27.0,17.2
65.3,65.0,65.6,77.3,77.4,77.2,57.1,58.4,55.8,61.1,59.6,62.6,0.894,10.7,0.27,9.3,8.86,14.9,0.258,6.76,5.54,0.0419,1.01,0.889,108.0,85,210,73,800,7.1,22.3,9.4,11.6,10.8,11.8,10.7,12.0,11.3,11.2,13.3,23.9,6.8,14.7,177.0,27.1,15.5
60.6,61.0,60.2,73.2,75.0,71.4,57.3,55.2,59.4,61.9,60.2,63.6,0.897,10.9,0.266,9.43,8.81,14.9,0.26,6.8,5.55,0.0411,1.01,0.879,104.0,83,210,74,800,6.9,22.7,9.4,12.1,10.4,10.1,11.1,10.6,12.9,9.9,12.7,24.2,8.1,14.4,176.0,26.5,17.2
62.5,61.0,64.0,69.8,70.4,69.2,58.5,58.6,58.4,59.4,58.0,60.8,0.881,10.8,0.27,9.34,8.88,14.9,0.26,6.75,5.71,0.0399,1.01,0.897,102.0,81,170,63,800,6.7,23.0,10.2,10.3,10.5,10.4,11.4,11.1,12.8,10.1,10.0,22.2,7.2,15.1,171.0,26.1,17.5
60.7,59.4,62.0,73.8,74.4,73.2,56.0,55.2,56.8,56.4,55.8,57.0,0.886,10.8,0.271,9.36,8.75,15.1,0.262,6.59,5.59,0.041,1.01,0.872,98.5,78,170,57,800,6.7,23.1,9.7,9.9,11.8,11.5,11.8,11.9,12.0,11.2,8.9,19.4,6.1,15.1,169.0,24.9,16.4
65.9,66.8,65.0,70.9,70.8,71.0,64.0,65.0,63.0,58.5,58.2,58.8,0.901,10.8,0.275,9.42,8.84,15.0,0.261,6.69,5.68,0.0407,1.01,0.894,97.2,78,170,60,800,7.3,23.8,9.3,10.3,12.8,10.9,11.0,10.4,12.0,11.7,10.5,20.5,7.8,13.7,172.0,25.3,16.3
59.0,60.2,57.8,68.3,68.2,68.4,58.1,59.0,57.2,62.8,60.4,65.2,0.916,10.9,0.274,9.46,8.71,14.9,0.26,6.63,5.56,0.0416,1.01,0.884,95.0,76,170,62,800,7.6,24.1,9.8,12.4,13.1,10.6,10.3,10.1,11.8,11.3,12.0,24.7,8.6,14.5,181.0,23.4,16.9
64.2,64.4,64.0,75.6,76.8,74.4,60.6,60.8,60.4,56.1,55.6,56.6,0.915,10.9,0.275,9.43,8.97,15.1,0.263,6.83,5.64,0.0406,1.01,0.893,93.4,75,160,58,800,6.5,22.1,10.4,12.0,12.8,11.6,9.5,8.7,11.2,11.5,12.3,23.0,7.4,15.8,175.0,24.2,15.5
60.5,61.2,59.8,71.3,72.2,70.4,58.6,58.4,58.8,58.8,60.2,57.4,0.932,10.7,0.278,9.3,8.96,15.0,0.265,6.77,5.66,0.0409,1.01,0.908,92.7,74,180,62,800,7.5,20.6,9.7,10.0,10.9,12.3,10.8,9.9,10.9,11.4,11.7,21.9,7.0,16.3,171.0,25.0,15.2
64.2,63.0,65.4,70.0,70.8,69.2,59.5,57.4,61.6,65.1,63.8,66.4,0.919,10.8,0.277,9.31,8.82,15.0,0.262,6.65,5.56,0.0421,1.01,0.914,90.7,72,180,56,800,8.3,22.8,9.2,9.8,9.7,11.7,12.3,12.2,11.0,10.9,10.1,22.9,6.8,14.3,172.0,26.1,15.2
58.2,58.8,57.6,72.5,73.0,72.0,54.7,54.2,55.2,61.4,61.4,61.4,0.937,11.0,0.287,9.63,9.23,15.5,0.27,6.91,5.78,0.0412,1.02,0.932,89.4,71,150,52,800,8.2,24.8,9.9,10.1,11.3,12.1,11.6,12.0,10.1,10.4,9.9,20.3,6.7,13.8,171.0,26.5,15.2
64.2,65.8,62.6,73.3,73.6,73.0,60.9,59.6,62.2,57.7,56.8,58.6,1.01,11.5,0.301,10.1,9.75,16.2,0.287,7.18,6.13,0.0412,1.04,0.986,89.4,71,190,63,800,7.9,22.8,10.4,12.6,11.7,12.1,12.4,10.7,8.9,7.9,10.4,20.2,7.1,13.2,168.0,26.2,15.8
62.6,63.8,61.4,69.8,71.8,67.8,60.3,61.0,59.6,61.8,62.6,61.0,1.07,12.3,0.316,10.8,10.3,17.3,0.304,7.68,6.43,0.0403,1.06,1.05,88.6,71,190,67,800,7.3,22.5,10.9,14.0,10.9,11.9,11.5,10.5,8.9,9.5,11.1,21.9,7.5,13.2,172.0,26.6,15.2
64.6,64.0,65.2,75.3,75.4,75.2,60.6,61.2,60.0,54.1,53.6,54.6,1.12,12.9,0.338,11.4,10.8,18.1,0.322,8.23,6.75,0.0412,1.08,1.1,87.8,70,160,63,800,7.2,24.6,11.3,13.6,11.0,11.5,9.8,10.6,9.4,11.0,10.2,23.3,7.5,15.4,176.0,25.1,15.1
72.6,72.6,72.6,63.6,63.8,63.4,60.6,60.6,60.6,36.2,38.2,34.2,0.968,11.1,0.293,9.62,9.0,15.6,0.264,6.85,5.75,0.0391,0.376,0.899,263.0,210,840,320,1000,33.5,27.6,10.2,12.8,13.2,12.2,10.0,10.9,12.7,11.0,13.8,21.8,8.6,16.5,215.0,7.21,3.57
67.5,65.0,70.0,64.8,64.0,65.6,63.2,63.8,62.6,35.3,35.6,35.0,1.01,11.2,0.304,9.86,8.96,15.9,0.27,6.89,5.72,0.0401,0.389,0.904,250.0,200,800,220,1000,20.2,28.1,12.9,11.5,12.8,12.0,11.0,13.1,12.5,14.1,14.7,28.9,11.4,19.0,222.0,7.95,4.46
70.5,70.8,70.2,62.9,61.6,64.2,76.6,74.2,79.0,38.9,41.2,36.6,1.02,11.2,0.299,9.72,9.03,16.0,0.275,6.88,5.88,0.039,1.01,0.915,229.0,180,340,100,1000,11.8,28.0,14.1,11.6,13.6,10.8,11.7,12.7,12.6,15.5,13.9,28.8,10.4,18.9,214.0,7.74,4.97
68.1,67.4,68.8,62.1,64.0,60.2,61.2,62.4,60.0,35.5,33.6,37.4,1.01,11.0,0.308,9.68,9.06,16.1,0.279,6.86,5.83,0.0379,1.01,0.913,229.0,180,460,110,1000,9.0,28.5,14.4,13.8,14.0,12.6,12.2,11.1,14.9,13.2,12.7,26.0,8.8,18.4,210.0,8.13,5.21
69.3,69.4,69.2,64.3,64.8,63.8,65.0,64.8,65.2,34.8,33.1,36.5,1.01,11.3,0.311,9.82,9.08,16.4,0.279,6.99,6.02,0.0379,1.01,0.922,214.0,160,450,110,1000,8.0,28.7,12.3,13.7,12.3,14.7,12.8,13.1,13.7,11.8,12.4,26.3,8.4,21.6,210.0,7.79,5.18
69.4,68.4,70.4,60.5,59.0,62.0,65.5,66.0,65.0,34.6,32.7,36.5,1.03,11.3,0.315,9.93,9.17,16.4,0.282,7.1,6.08,0.0389,1.02,0.931,200.0,140,180,86,1000,9.2,27.8,11.9,14.5,12.4,13.7,12.4,15.6,13.4,13.5,11.6,27.2,8.6,21.1,213.0,7.71,5.24
70.5,71.6,69.4,62.7,64.0,61.4,59.7,61.8,57.6,34.9,34.2,35.6,1.04,11.4,0.318,9.9,9.13,16.7,0.285,7.08,6.14,0.0395,1.02,0.908,203.0,140,420,120,1000,9.9,26.8,13.8,14.9,12.8,10.5,11.5,16.9,14.4,13.8,11.7,26.3,8.9,18.0,210.0,7.34,4.92
69.8,68.0,71.6,62.4,63.2,61.6,64.2,63.2,65.2,34.7,34.6,34.8,1.07,11.5,0.321,10.1,9.23,16.9,0.293,7.27,6.17,0.0384,1.02,0.92,193.0,130,420,110,1000,9.6,29.9,14.0,12.8,15.2,10.7,12.3,17.0,13.4,11.3,12.8,27.1,9.0,19.5,215.0,7.29,4.58
70.9,69.4,72.4,63.4,65.6,61.2,65.4,65.0,65.8,36.1,37.8,34.4,1.06,11.5,0.322,10.1,9.3,17.0,0.297,7.1,6.2,0.0392,1.02,0.94,186.0,130,220,81,1000,10.5,27.8,12.1,13.3,14.0,13.2,12.8,14.5,14.5,10.8,14.1,27.5,9.0,18.6,213.0,6.95,4.45
69.7,68.8,70.6,65.5,65.6,65.4,61.6,61.2,62.0,40.4,40.2,40.6,1.06,11.9,0.319,10.3,9.33,17.4,0.299,7.27,6.32,0.038,1.02,0.951,180.0,120,230,93,1000,11.5,27.7,12.6,14.0,11.0,13.4,14.0,13.5,14.4,11.1,14.1,25.9,8.1,16.7,208.0,8.09,4.35
70.4,68.6,72.2,65.2,66.2,64.2,67.6,67.8,67.4,36.7,37.8,35.6,1.08,11.7,0.329,10.2,9.45,17.5,0.298,7.24,6.44,0.0379,1.03,0.938,174.0,120,210,85,1000,10.0,31.3,13.5,13.8,12.9,12.1,13.9,14.1,14.7,12.2,13.8,28.2,8.3,16.9,216.0,8.32,4.22
70.0,71.8,68.2,62.9,64.4,61.4,65.0,64.6,65.4,36.0,37.5,34.5,1.1,11.9,0.321,10.3,9.5,17.7,0.295,7.11,6.56,0.038,1.03,0.953,171.0,120,230,97,1000,8.0,29.7,13.8,13.1,14.7,11.6,12.1,15.1,13.7,13.9,13.3,28.7,8.5,17.9,214.0,9.01,4.44
69.5,69.4,69.6,64.1,62.4,65.8,62.4,62.8,62.0,33.1,32.1,34.1,1.09,12.0,0.325,10.4,9.62,18.0,0.306,7.3,6.45,0.0387,1.03,0.961,168.0,120,290,110,1000,9.0,28.1,14.2,12.0,12.4,13.2,12.6,15.4,11.5,13.9,13.5,28.3,8.3,17.0,209.0,8.93,4.27
68.3,69.2,67.4,69.8,68.4,71.2,64.1,63.4,64.8,35.0,35.0,35.0,1.16,12.5,0.34,10.9,10.1,19.1,0.322,7.66,6.86,0.037,1.05,1.01,165.0,120,290,100,1000,9.3,29.5,10.7,12.1,12.9,14.6,12.2,15.3,13.2,12.2,14.6,29.3,9.9,17.1,213.0,8.82,4.11
71.7,72.6,70.8,63.1,65.4,60.8,65.7,66.2,65.2,36.5,36.6,36.4,1.24,13.3,0.367,11.6,10.7,19.9,0.342,8.18,7.3,0.038,1.08,1.07,164.0,120,300,110,1000,8.4,29.7,11.5,13.6,13.2,15.4,12.1,13.7,12.3,12.4,14.2,29.2,10.1,19.6,215.0,8.14,4.83
68.3,67.6,69.0,63.7,65.0,62.4,61.5,61.8,61.2,31.3,33.4,29.2,1.32,14.0,0.385,12.2,11.3,21.1,0.363,8.65,7.79,0.037,1.1,1.13,162.0,120,320,110,1000,8.5,28.4,13.0,14.9,12.4,13.5,11.6,13.6,12.0,13.4,13.1,27.8,8.8,18.8,210.0,7.88,4.77
66.8,66.2,67.4,34.0,32.0,36.0,64.0,62.8,65.2,26.2,27.2,25.2,1.36,14.6,0.403,12.8,11.9,22.2,0.381,9.13,8.18,0.0382,1.12,1.18,163.0,120,350,130,1000,9.1,29.5,12.8,15.0,14.1,11.7,10.8,14.4,14.2,13.8,12.4,27.6,9.4,15.8,211.0,6.39,4.38
68.6,68.4,68.8,68.0,67.8,68.2,76.9,77.6,76.2,43.4,41.6,45.2,1.14,12.0,0.336,10.5,9.43,18.1,0.312,7.29,6.59,0.0394,1.09,0.936,235.0,200,650,240,1000,23.2,24.7,13.3,12.2,12.4,14.4,14.4,13.4,13.2,10.9,12.0,27.5,11.0,15.9,219.0,15.1,8.29
69.8,71.2,68.4,64.3,63.4,65.2,62.7,63.6,61.8,47.2,45.8,48.6,1.12,12.0,0.334,10.6,9.64,17.9,0.32,7.39,6.54,0.0377,1.1,0.94,211.0,180,350,99,1000,15.4,27.5,12.3,12.7,13.0,14.0,13.7,13.9,13.0,14.7,13.4,28.6,10.7,16.4,219.0,14.6,8.93
69.8,70.0,69.6,68.6,68.0,69.2,59.8,62.0,57.6,47.3,46.6,48.0,1.13,11.7,0.332,10.4,9.47,17.9,0.31,7.28,6.74,0.038,1.1,0.951,223.0,190,600,100,1000,10.2,28.3,11.5,13.1,13.2,12.5,11.1,14.6,12.6,12.7,12.4,25.8,9.2,17.1,204.0,15.8,9.37
67.0,66.2,67.8,64.1,64.6,63.6,62.6,63.4,61.8,43.6,43.0,44.2,1.18,12.0,0.339,10.3,9.5,18.0,0.315,7.31,6.65,0.039,1.09,0.952,211.0,180,580,150,1000,8.7,28.7,12.1,14.1,14.9,14.5,12.2,14.0,12.5,11.8,11.8,30.2,9.9,17.6,213.0,14.7,9.15
70.0,71.0,69.0,68.5,70.4,66.6,59.8,61.0,58.6,44.4,44.8,44.0,1.15,11.8,0.339,10.3,9.54,17.7,0.308,7.41,6.56,0.0392,1.1,0.94,212.0,180,490,110,1000,8.8,28.6,12.4,14.0,15.9,14.4,13.3,13.2,13.3,12.9,11.6,30.2,9.4,17.2,215.0,14.7,8.03
69.8,69.0,70.6,65.8,66.4,65.2,63.2,64.4,62.0,41.5,41.6,41.4,1.15,11.6,0.342,10.3,9.51,17.6,0.316,7.4,6.62,0.0393,1.09,0.952,210.0,170,610,130,1000,9.3,27.0,11.9,14.0,13.3,13.1,13.5,13.6,14.6,13.1,12.8,26.1,9.4,18.6,210.0,14.3,8.02
72.0,70.6,73.4,66.1,65.4,66.8,67.3,67.0,67.6,42.8,41.0,44.6,1.19,11.9,0.351,10.2,9.51,17.9,0.325,7.31,6.65,0.0394,1.09,0.948,200.0,150,390,100,1000,9.8,25.1,13.9,13.5,13.4,13.9,13.9,12.8,15.5,13.8,14.3,29.7,11.4,17.7,219.0,14.2,7.91
68.5,68.6,68.4,63.1,64.2,62.0,60.9,60.2,61.6,41.9,44.2,39.6,1.18,12.0,0.351,10.1,9.54,17.8,0.313,7.33,6.65,0.0384,1.09,0.944,196.0,150,280,110,1000,10.5,25.1,14.8,13.6,13.1,13.3,12.7,12.1,15.6,14.3,12.9,29.3,11.3,17.2,216.0,12.8,7.62
70.7,70.0,71.4,65.7,66.4,65.0,62.0,60.8,63.2,40.0,41.6,38.4,1.17,11.8,0.352,10.2,9.59,17.4,0.318,7.32,6.7,0.0393,1.09,0.956,189.0,130,280,100,1000,11.1,27.1,13.8,13.3,12.9,13.2,11.3,10.8,14.5,15.4,12.2,26.5,9.2,17.7,209.0,12.4,7.6
70.9,69.8,72.0,63.3,64.6,62.0,62.3,62.2,62.4,43.1,40.0,46.2,1.17,11.7,0.347,10.2,9.41,18.1,0.318,7.15,6.6,0.0384,1.09,0.972,187.0,130,300,100,1000,10.4,27.3,12.0,13.1,13.5,14.3,12.4,12.6,11.7,14.3,12.2,26.1,8.3,18.6,207.0,12.1,7.28
70.9,70.8,71.0,73.1,74.8,71.4,60.9,61.6,60.2,42.3,40.8,43.8,1.14,11.8,0.346,10.2,9.47,18.0,0.319,7.2,6.61,0.0405,1.08,0.957,185.0,130,360,130,1000,10.1,28.9,11.6,14.3,12.6,13.9,14.2,14.3,12.3,13.1,12.3,26.7,9.5,18.8,213.0,12.5,7.67
67.7,69.2,66.2,66.2,67.8,64.6,63.9,65.4,62.4,42.3,42.4,42.2,1.19,12.0,0.353,10.2,9.49,17.7,0.321,7.14,6.57,0.0405,1.08,0.974,182.0,130,340,120,1000,9.5,28.0,12.3,14.4,13.9,13.7,13.9,12.1,13.7,12.0,14.0,28.3,11.0,19.3,216.0,11.6,8.5
72.2,73.8,70.6,63.1,64.6,61.6,65.5,65.6,65.4,42.6,41.6,43.6,1.21,12.4,0.36,10.6,10.0,18.7,0.331,7.49,6.88,0.0397,1.1,1.04,178.0,130,240,110,1000,8.4,28.2,11.5,14.0,13.9,12.8,13.2,11.6,12.5,13.0,15.5,26.6,9.9,20.4,212.0,11.9,8.54
70.5,72.8,68.2,66.9,66.6,67.2,59.2,60.4,58.0,44.4,41.8,47.0,1.26,13.1,0.379,11.1,10.6,20.0,0.35,7.99,7.2,0.0389,1.12,1.1,182.0,130,450,140,1000,10.1,28.5,12.3,12.8,13.3,11.5,12.2,11.7,12.6,12.3,14.5,26.0,7.9,19.2,205.0,13.0,8.39
71.2,70.0,72.4,64.2,64.4,64.0,65.3,64.2,66.4,41.7,39.6,43.8,1.36,13.7,0.395,11.8,11.2,21.0,0.369,8.42,7.61,0.0409,1.14,1.14,179.0,130,460,140,1000,9.4,27.5,13.5,12.4,14.0,14.1,14.0,12.5,13.9,12.3,14.0,29.7,8.6,19.5,215.0,12.6,9.03
71.6,73.2,70.0,60.9,62.6,59.2,59.6,59.4,59.8,32.5,31.2,33.8,1.42,14.5,0.422,12.3,11.7,22.0,0.387,8.83,8.09,0.0391,1.17,1.21,184.0,130,540,140,1000,8.1,28.3,13.9,13.8,12.1,14.2,15.0,14.5,13.6,14.0,13.7,29.9,9.5,18.5,219.0,11.5,8.44
67.7,64.6,70.8,70.9,71.0,70.8,60.4,62.2,58.6,51.7,49.8,53.6,1.12,11.9,0.339,10.0,9.41,18.0,0.305,7.08,6.62,0.0411,1.02,0.962,261.0,210,800,300,1000,30.3,24.7,11.6,11.7,13.1,12.8,11.9,12.2,13.2,10.9,13.8,23.7,8.1,15.3,213.0,17.4,9.04
69.9,69.6,70.2,69.9,70.8,69.0,64.8,66.0,63.6,52.9,50.6,55.2,1.14,12.0,0.333,10.1,9.35,18.0,0.306,7.09,6.54,0.0414,1.03,0.964,238.0,200,800,210,1000,17.4,28.4,12.2,12.1,13.3,12.1,13.6,13.7,13.0,12.9,13.8,28.3,9.6,17.9,218.0,19.3,10.2
68.2,67.8,68.6,68.6,69.8,67.4,61.9,61.2,62.6,49.6,48.2,51.0,1.08,11.7,0.324,10.2,9.29,17.8,0.298,7.26,6.54,0.0405,1.02,0.971,219.0,180,230,100,1000,8.8,30.4,13.5,11.9,13.3,12.6,15.3,14.3,12.1,13.5,12.9,29.1,10.3,21.2,219.0,19.7,10.8
68.9,67.8,70.0,69.9,68.8,71.0,66.5,65.2,67.8,51.1,49.8,52.4,1.09,11.8,0.326,10.1,9.2,17.8,0.3,7.06,6.64,0.0418,1.02,0.964,206.0,170,240,100,1000,7.4,30.2,14.3,12.7,14.9,12.7,14.6,12.6,12.5,11.2,12.9,25.8,9.0,20.5,211.0,18.2,10.5
68.4,67.4,69.4,68.4,69.2,67.6,64.8,64.4,65.2,49.6,48.4,50.8,1.08,11.8,0.332,10.2,9.25,18.3,0.302,7.13,6.55,0.042,1.02,0.975,204.0,170,320,130,1000,10.5,28.5,13.8,12.7,14.1,12.7,14.6,12.5,12.0,12.1,13.4,26.4,8.9,19.3,212.0,18.1,10.7
69.5,72.0,67.0,69.9,70.0,69.8,61.5,61.4,61.6,47.6,47.6,47.6,1.07,11.9,0.329,10.2,9.46,17.9,0.303,7.25,6.64,0.0411,1.02,0.968,203.0,170,380,190,1000,12.1,28.5,12.8,13.0,13.5,13.2,13.1,13.5,11.6,13.5,14.4,28.6,9.9,17.9,216.0,17.6,10.9
69.7,68.8,70.6,67.6,68.8,66.4,64.8,63.2,66.4,47.0,48.3,45.7,1.11,11.9,0.328,10.3,9.34,17.8,0.301,7.16,6.5,0.0399,1.03,0.97,193.0,160,330,110,1000,11.2,29.4,12.0,12.7,14.8,12.8,12.8,13.9,13.0,14.4,13.7,28.6,10.7,18.7,219.0,16.5,10.6
70.9,71.0,70.8,75.0,75.8,74.2,66.7,66.4,67.0,45.8,44.0,47.6,1.08,11.7,0.321,10.2,9.31,18.1,0.297,7.26,6.67,0.0398,1.03,0.975,187.0,150,210,98,1000,10.2,27.6,13.6,11.7,14.1,13.2,12.4,13.3,14.8,15.2,12.9,28.2,10.9,19.8,218.0,16.3,10.9
66.7,68.8,64.6,68.4,68.0,68.8,61.5,60.6,62.4,50.1,50.8,49.4,1.1,11.6,0.337,10.2,9.29,18.2,0.307,7.13,6.6,0.0412,1.03,0.967,189.0,150,390,130,1000,9.0,28.1,13.5,13.1,13.4,12.5,10.7,12.8,15.0,13.3,12.9,28.4,10.1,20.2,213.0,16.0,11.3
69.5,70.4,68.6,67.6,67.8,67.4,63.5,63.2,63.8,48.1,48.8,47.4,1.12,11.8,0.332,10.4,9.15,17.9,0.304,7.05,6.6,0.0423,1.03,0.965,185.0,140,400,150,1000,8.6,28.0,14.1,14.5,12.0,11.8,13.0,12.2,13.9,10.8,12.9,29.0,9.6,20.1,211.0,16.2,10.9
68.6,66.6,70.6,68.2,68.0,68.4,63.3,64.6,62.0,48.6,50.8,46.4,1.09,11.7,0.333,10.4,9.09,17.9,0.307,7.18,6.69,0.0412,1.03,0.987,184.0,140,330,120,1000,8.4,26.8,13.6,13.8,12.7,14.0,13.7,13.5,14.0,10.1,13.1,26.5,8.7,19.9,209.0,16.0,11.1
74.0,74.2,73.8,70.2,71.8,68.6,62.7,61.4,64.0,47.5,46.4,48.6,1.08,11.7,0.324,10.5,9.29,18.0,0.301,7.19,6.55,0.0413,1.02,0.98,183.0,150,340,160,1000,7.4,27.8,11.7,13.3,13.9,15.5,13.1,15.3,13.6,10.5,12.4,27.0,8.8,19.7,210.0,16.8,10.5
67.4,67.0,67.8,69.4,69.8,69.0,62.8,64.0,61.6,49.0,48.4,49.6,1.09,11.7,0.33,10.6,9.3,18.1,0.318,7.08,6.66,0.0405,1.03,1.0,180.0,140,320,140,1000,8.4,28.4,13.5,13.6,12.7,15.0,12.7,14.4,12.8,12.4,13.3,29.9,9.9,19.5,217.0,15.9,10.8
70.8,68.0,73.6,67.8,68.8,66.8,61.8,61.6,62.0,46.9,46.8,47.0,1.15,12.4,0.347,11.0,9.8,19.1,0.333,7.6,6.94,0.0405,1.04,1.06,185.0,150,510,150,1000,8.7,27.7,13.1,13.6,12.4,14.1,12.6,14.0,13.2,13.8,14.3,28.5,8.9,18.4,213.0,16.0,9.85
66.8,67.6,66.0,68.2,68.6,67.8,64.3,62.2,66.4,48.7,47.0,50.4,1.23,13.1,0.361,11.8,10.2,20.2,0.354,8.03,7.41,0.0427,1.06,1.13,186.0,150,600,180,1000,9.2,27.5,13.3,13.3,13.5,13.6,13.2,13.9,12.8,12.9,13.6,27.6,8.4,18.3,211.0,16.5,9.59
71.5,73.0,70.0,67.8,68.6,67.0,64.1,65.2,63.0,49.4,51.8,47.0,1.29,13.8,0.378,12.4,10.8,21.4,0.371,8.44,7.76,0.0408,1.08,1.19,187.0,150,470,170,1000,10.5,28.0,14.5,11.7,12.5,13.9,13.0,15.1,12.0,12.7,13.5,26.8,8.3,19.6,212.0,16.4,9.5
68.8,66.8,70.8,70.3,71.0,69.6,77.1,77.2,77.0,48.2,46.0,50.4,1.35,14.4,0.393,12.9,11.2,22.5,0.386,8.79,8.15,0.0408,1.78,1.25,187.0,150,410,190,1000,10.2,28.7,13.1,11.9,12.7,14.5,13.0,16.3,11.3,12.0,13.1,26.6,7.8,19.1,210.0,15.9,10.6
70.4,68.4,72.4,68.0,69.2,66.8,66.8,66.6,67.0,50.4,51.4,49.4,1.4,15.2,0.412,13.7,11.9,23.6,0.403,9.3,8.64,0.0409,1.8,1.31,185.0,150,330,130,1000,10.7,27.4,12.3,13.6,13.2,15.1,13.0,13.9,11.9,14.7,12.3,27.5,8.4,18.8,213.0,17.5,10.2
66.9,68.6,65.2,60.2,58.6,61.8,64.3,63.6,65.0,38.2,40.6,35.8,1.48,15.8,0.43,14.2,12.4,24.6,0.419,9.69,9.02,0.041,1.82,1.36,182.0,140,240,110,1000,9.8,27.5,12.8,13.6,12.7,14.7,14.6,11.3,14.0,15.2,12.8,29.8,9.5,18.4,217.0,16.7,10.3
70.6,70.2,71.0,75.4,75.8,75.0,61.5,62.2,60.8,60.1,57.8,62.4,1.05,11.9,0.305,10.4,9.07,17.9,0.292,7.09,6.46,0.0392,1.06,0.974,291.0,240,900,370,1000,22.2,28.1,11.0,13.8,12.2,11.3,11.3,13.2,10.7,13.0,12.8,27.2,8.9,18.1,214.0,25.5,14.6
69.3,69.6,69.0,76.6,77.8,75.4,60.3,61.0,59.6,60.5,59.4,61.6,1.03,11.5,0.311,10.3,9.33,18.0,0.291,7.11,6.55,0.0389,1.07,0.971,273.0,220,690,240,1000,12.2,26.9,11.7,13.6,14.6,13.2,12.4,14.3,10.2,12.7,13.4,30.6,9.8,19.1,215.0,25.5,15.2
70.8,71.2,70.4,75.3,76.8,73.8,64.6,65.2,64.0,62.8,62.8,62.8,1.03,11.9,0.306,10.3,9.28,18.0,0.288,6.95,6.43,0.0392,1.06,0.968,255.0,210,320,130,1000,9.4,26.6,12.9,14.3,14.3,13.9,12.5,15.1,11.5,13.0,14.7,31.4,10.4,17.0,217.0,25.1,16.3
67.7,67.4,68.0,68.7,70.4,67.0,61.0,61.4,60.6,60.5,61.0,60.0,1.05,11.7,0.308,10.1,9.23,17.8,0.295,6.93,6.58,0.0403,1.06,0.981,237.0,200,250,100,1000,10.2,30.6,13.8,13.0,13.1,13.9,11.6,14.1,13.9,14.1,12.3,30.6,9.3,16.1,217.0,24.8,16.0
73.5,76.0,71.0,74.1,76.0,72.2,59.2,60.0,58.4,56.1,54.2,58.0,1.01,11.7,0.308,10.1,9.1,18.1,0.28,7.02,6.46,0.0399,1.07,0.975,242.0,200,610,120,1000,10.3,29.6,13.3,11.5,11.8,13.1,11.2,12.0,12.6,15.7,14.2,27.6,8.1,18.2,209.0,24.7,15.9
68.5,71.0,66.0,72.7,73.6,71.8,61.3,59.2,63.4,55.7,54.0,57.4,1.03,11.8,0.309,10.2,9.32,18.1,0.28,6.9,6.53,0.0411,1.07,0.979,233.0,190,610,140,1000,10.9,26.6,13.1,11.8,11.5,13.6,12.8,12.4,11.1,15.0,16.5,26.2,8.5,17.5,208.0,24.3,15.7
71.0,69.2,72.8,73.1,74.4,71.8,62.3,62.8,61.8,58.0,56.2,59.8,1.01,11.7,0.31,9.95,9.38,18.1,0.274,6.98,6.49,0.0391,1.07,0.981,229.0,190,370,130,1000,10.1,25.8,14.0,12.6,14.1,12.4,14.5,13.8,12.6,12.4,13.0,28.0,9.1,16.3,209.0,24.1,16.0
67.7,65.0,70.4,71.2,73.0,69.4,61.1,61.6,60.6,60.3,58.6,62.0,1.02,11.7,0.31,10.1,9.38,17.9,0.274,6.99,6.57,0.0414,1.08,0.981,221.0,180,340,130,1000,9.9,26.9,14.4,13.5,13.9,11.4,15.7,13.6,14.5,12.7,12.0,27.9,8.6,18.8,214.0,23.3,14.6
71.6,70.4,72.8,72.5,74.4,70.6,61.5,63.6,59.4,62.4,62.1,62.7,1.03,11.8,0.311,9.95,9.57,18.0,0.282,7.07,6.45,0.0406,0.391,0.973,223.0,190,440,180,1000,9.2,26.6,14.7,14.0,12.9,11.9,14.8,12.8,16.5,12.0,12.1,27.2,8.1,19.8,213.0,24.1,14.5
67.9,70.0,65.8,74.9,75.8,74.0,60.1,60.0,60.2,58.1,55.5,60.7,1.03,11.5,0.307,9.91,9.32,17.9,0.275,7.0,6.42,0.0406,0.397,0.965,222.0,190,460,210,1000,8.9,27.6,13.1,13.0,12.7,12.1,13.3,12.7,14.5,11.8,12.1,27.9,8.3,18.3,206.0,24.4,14.5
69.4,68.2,70.6,73.7,73.2,74.2,78.3,79.6,77.0,58.9,58.4,59.4,1.01,11.6,0.308,9.79,9.5,17.7,0.279,6.99,6.45,0.0407,1.01,0.986,214.0,180,340,130,1000,10.6,29.1,12.3,12.1,13.9,14.1,14.6,13.9,13.6,13.6,12.9,28.6,9.2,18.2,217.0,25.1,14.8
68.5,68.2,68.8,72.2,72.2,72.2,64.9,63.8,66.0,59.0,57.6,60.4,1.04,11.6,0.315,9.92,9.6,18.0,0.28,6.9,6.49,0.0409,1.04,0.997,209.0,170,220,110,1000,10.7,28.3,12.3,11.9,14.4,14.4,15.0,13.2,13.9,13.2,12.2,25.4,8.7,17.6,211.0,25.4,15.3
69.0,70.6,67.4,73.6,75.2,72.0,62.1,61.4,62.8,56.3,54.6,58.1,1.08,12.0,0.327,10.3,10.1,18.9,0.294,7.25,6.79,0.041,1.06,1.06,209.0,170,330,140,1000,9.4,30.7,13.1,12.8,12.5,13.3,13.2,14.3,14.3,11.5,12.6,25.5,8.2,18.9,210.0,25.1,15.3
67.3,69.4,65.2,77.9,78.0,77.8,62.7,63.4,62.0,58.8,59.5,58.1,1.15,12.9,0.347,10.9,10.7,20.0,0.317,7.7,7.15,0.041,1.08,1.13,204.0,170,330,140,1000,8.6,30.2,13.0,13.6,11.2,11.9,12.8,15.6,14.9,12.3,13.3,27.6,8.3,20.1,213.0,23.2,15.0
72.3,70.6,74.0,69.5,70.8,68.2,59.2,60.6,57.8,54.1,57.0,51.2,1.2,13.4,0.368,11.4,11.2,21.2,0.334,8.1,7.5,0.041,1.1,1.19,206.0,170,410,150,1000,8.9,27.0,11.2,14.8,11.3,11.7,13.0,13.3,13.5,12.6,13.0,26.8,8.4,17.7,203.0,23.2,15.9
68.1,66.0,70.2,54.6,56.2,53.0,64.4,65.4,63.4,36.1,33.6,38.6,1.29,14.1,0.388,12.2,11.7,22.2,0.358,8.51,7.99,0.0401,1.12,1.25,203.0,170,480,180,1000,7.9,26.1,11.7,15.9,11.6,14.4,13.5,13.7,12.8,10.9,12.4,28.2,9.9,17.6,207.0,20.5,15.8
69.4,72.0,66.8,73.6,74.2,73.0,60.6,60.0,61.2,60.9,60.0,61.8,1.05,11.8,0.312,9.91,9.44,17.6,0.281,6.96,6.43,0.0404,1.04,0.975,272.0,230,780,360,1000,28.3,25.4,13.2,12.8,10.5,11.7,11.0,11.8,14.2,11.1,10.6,24.5,9.0,17.0,211.0,27.5,15.9
71.5,70.2,72.8,73.9,77.2,70.6,63.5,61.8,65.2,65.4,64.6,66.2,1.03,11.6,0.308,10.0,9.23,17.6,0.282,6.99,6.38,0.0395,1.04,0.984,253.0,210,780,280,1000,17.4,27.6,13.3,13.9,11.5,13.4,11.8,11.5,15.2,12.9,10.9,27.8,9.7,20.1,217.0,28.1,17.9
67.1,65.8,68.4,73.9,74.2,73.6,61.9,61.4,62.4,64.7,62.2,67.2,1.04,11.8,0.307,9.86,9.43,17.8,0.287,6.96,6.35,0.0405,1.04,0.971,230.0,200,290,100,1000,10.9,28.8,13.8,12.8,13.8,12.8,14.6,12.1,14.5,12.3,11.7,28.9,9.2,21.7,218.0,27.0,16.8
66.6,66.6,66.6,75.4,76.0,74.8,63.2,62.0,64.4,58.1,55.8,60.4,1.01,11.7,0.311,9.98,9.24,17.9,0.285,6.89,6.38,0.0394,1.04,0.98,218.0,180,270,99,1000,8.6,28.2,12.4,11.6,12.8,12.6,14.8,13.5,12.1,11.3,13.0,27.1,7.5,19.3,205.0,27.2,16.7
69.3,70.4,68.2,72.3,74.4,70.2,62.8,62.0,63.6,66.0,66.0,66.0,1.02,11.6,0.314,10.3,9.24,17.7,0.28,6.88,6.47,0.0403,1.04,0.981,211.0,180,320,120,1000,7.5,29.5,12.1,12.2,12.1,14.5,13.6,14.3,13.4,13.0,13.5,25.9,7.0,18.3,207.0,28.9,15.7
70.5,71.2,69.8,74.6,73.8,75.4,61.8,62.0,61.6,59.4,56.2,62.6,1.05,11.9,0.318,10.1,9.28,17.6,0.293,7.0,6.43,0.0401,1.05,0.994,202.0,170,300,120,1000,7.9,30.8,13.1,13.4,13.5,14.5,13.5,13.7,14.8,13.3,13.1,26.7,9.6,18.2,216.0,26.9,15.8
68.5,65.2,71.8,77.2,78.6,75.8,59.7,57.8,61.6,56.7,55.4,58.0,1.05,11.7,0.32,10.2,9.16,18.0,0.285,6.95,6.51,0.0401,0.425,0.97,218.0,180,670,170,1000,8.8,28.3,14.4,13.0,14.1,14.3,13.7,12.6,13.8,12.6,13.0,28.2,11.1,16.7,215.0,26.1,14.6
71.4,72.0,70.8,69.8,69.4,70.2,63.1,63.4,62.8,61.2,60.8,61.6,1.04,11.7,0.319,10.0,9.11,17.6,0.288,6.83,6.53,0.0404,0.392,0.975,213.0,170,670,200,1000,9.2,25.6,14.3,12.9,13.7,15.6,12.6,11.2,13.8,12.0,14.5,29.6,10.3,19.0,214.0,24.9,15.5
68.0,72.2,63.8,73.5,74.4,72.6,61.1,60.8,61.4,60.7,58.2,63.2,1.05,11.7,0.323,10.1,9.17,17.9,0.289,6.91,6.39,0.0392,0.385,0.979,217.0,180,460,190,1000,11.0,25.3,13.6,13.2,14.1,14.7,12.2,12.1,13.0,11.0,14.1,30.9,9.1,21.0,215.0,23.4,15.4
70.2,71.0,69.4,77.1,79.6,74.6,80.0,80.4,79.6,57.3,55.8,58.8,1.07,11.7,0.322,10.1,9.2,17.9,0.289,6.87,6.49,0.0394,1.06,0.982,216.0,180,480,210,1000,10.4,26.2,14.1,13.4,14.3,11.4,14.3,12.3,12.5,11.3,12.0,30.2,9.5,19.0,211.0,23.6,16.3
68.3,70.0,66.6,77.6,78.6,76.6,63.5,64.8,62.2,61.2,62.0,60.4,1.09,11.7,0.319,10.1,9.11,17.6,0.293,6.9,6.59,0.0397,1.07,0.979,211.0,170,340,150,1000,8.2,28.4,13.5,12.8,14.0,11.9,15.1,11.1,12.9,12.8,13.2,29.2,10.1,19.3,213.0,24.7,15.7
68.4,69.2,67.6,75.5,77.4,73.6,60.2,59.8,60.6,58.0,55.6,60.4,1.05,11.6,0.323,10.0,9.12,17.6,0.291,6.87,6.54,0.0408,1.07,0.979,210.0,180,330,150,1000,8.1,29.5,12.5,12.4,12.6,14.3,13.5,12.6,13.3,12.2,13.7,28.3,9.4,19.0,211.0,24.4,17.2
67.9,67.4,68.4,73.7,75.6,71.8,63.6,64.6,62.6,59.2,60.8,57.6,1.09,11.8,0.335,10.3,9.33,18.2,0.305,6.96,6.61,0.0399,1.07,1.04,207.0,180,370,190,1000,8.4,28.3,13.8,13.1,11.9,14.4,14.0,13.2,14.0,12.9,13.4,28.1,8.9,16.4,211.0,25.7,17.5
70.9,71.2,70.6,69.0,70.6,67.4,61.6,59.6,63.6,59.9,53.8,66.0,1.17,12.4,0.349,10.9,9.93,19.2,0.319,7.38,6.98,0.0409,1.09,1.09,204.0,170,340,130,1000,8.4,27.5,15.4,13.8,12.4,12.9,14.3,13.3,15.3,14.2,12.5,28.4,9.7,15.3,213.0,26.2,16.8
68.2,69.2,67.2,75.9,76.6,75.2,63.3,63.8,62.8,57.3,58.2,56.4,1.22,13.0,0.371,11.5,10.5,20.6,0.336,7.9,7.36,0.0413,1.12,1.16,204.0,170,350,150,1000,8.5,26.0,13.6,14.1,14.0,13.3,13.4,12.4,14.3,14.1,12.5,27.4,9.2,17.0,210.0,24.3,15.5
69.2,68.6,69.8,69.3,70.0,68.6,65.1,65.4,64.8,51.3,49.2,53.4,1.3,13.9,0.388,12.0,11.0,21.6,0.353,8.24,7.84,0.0414,1.14,1.21,199.0,170,340,130,1000,9.5,25.3,10.8,14.2,15.0,13.8,14.0,11.5,12.0,15.0,15.9,28.4,9.3,19.1,214.0,23.2,15.8
66.6,69.2,64.0,37.0,39.2,34.8,62.0,60.8,63.2,35.1,35.6,34.6,1.36,14.4,0.404,12.7,11.7,22.4,0.378,8.64,8.25,0.0425,1.16,1.27,199.0,170,400,120,1000,10.3,26.5,12.8,13.4,13.8,13.2,13.1,12.5,10.7,15.9,16.2,27.0,10.0,19.7,215.0,21.5,14.5
53.3,53.8,52.8,53.5,55.6,51.4,56.8,55.4,58.2,35.4,34.0,36.8,0.528,6.86,0.165,6.1,5.81,8.61,0.148,4.38,3.12,0.0416,0.833,0.556,102.0,93,250,100,600,71.3,14.1,8.56,6.0,8.11,7.33,7.44,7.33,7.22,7.22,5.89,16.0,5.78,10.9,183.0,3.73,2.35
52.0,52.4,51.6,53.3,52.0,54.6,50.3,49.0,51.6,36.3,35.2,37.4,0.533,6.99,0.177,6.25,5.86,8.83,0.154,4.57,3.27,0.0424,0.839,0.567,89.3,72,240,56,600,36.1,17.9,9.3,6.8,7.9,8.8,8.2,8.8,8.1,8.2,6.3,16.0,5.3,10.7,158.0,5.5,3.23
50.5,52.8,48.2,53.4,52.6,54.2,48.9,48.8,49.0,33.7,31.8,35.6,0.553,7.07,0.176,6.39,6.03,9.11,0.156,4.61,3.29,0.0424,0.838,0.569,81.3,62,140,31,600,5.7,17.4,9.4,7.7,7.6,8.8,9.1,9.8,7.6,8.5,7.9,16.8,5.5,9.2,131.0,6.98,4.11
53.1,52.0,54.2,53.1,52.8,53.4,51.5,49.8,53.2,34.9,32.6,37.2,0.565,7.2,0.182,6.55,6.09,9.31,0.165,4.68,3.41,0.0411,0.846,0.579,75.3,55,110,33,600,5.9,16.8,9.5,7.9,8.4,7.4,8.1,9.1,8.1,7.2,8.8,17.2,6.3,9.4,130.0,8.35,4.86
53.1,54.2,52.0,55.0,52.6,57.4,53.9,52.4,55.4,35.7,35.8,35.6,0.573,7.39,0.186,6.72,6.13,9.53,0.167,4.76,3.5,0.0401,0.852,0.582,70.3,50,98,32,600,6.9,16.8,7.7,8.3,9.2,7.1,7.1,8.1,6.8,5.2,8.0,16.0,5.4,10.1,123.0,7.88,4.5
52.0,53.8,50.2,55.4,55.4,55.4,50.0,48.4,51.6,37.1,37.5,36.7,0.587,7.5,0.184,6.75,6.22,9.53,0.169,4.91,3.52,0.0408,0.856,0.593,66.9,46,91,31,600,6.9,17.2,7.4,8.7,8.3,7.8,8.5,8.1,8.5,6.9,8.5,17.5,5.5,11.0,131.0,8.03,4.58
53.4,53.8,53.0,54.5,53.6,55.4,52.6,51.0,54.2,35.3,34.1,36.5,0.585,7.69,0.186,7.0,6.33,9.72,0.168,5.01,3.61,0.0406,0.283,0.606,64.6,44,100,34,600,6.7,17.6,7.8,8.6,7.1,7.3,8.4,8.5,8.7,8.4,8.7,15.6,4.7,11.0,129.0,8.25,4.58
51.4,53.4,49.4,54.1,55.2,53.0,52.9,51.6,54.2,33.4,35.5,31.3,0.583,7.7,0.193,7.05,6.46,9.9,0.17,5.02,3.69,0.0395,0.293,0.605,62.1,43,100,33,600,6.4,17.7,7.7,8.4,8.4,7.4,7.4,7.5,5.2,8.5,8.8,15.7,3.8,12.6,126.0,8.31,4.56
54.1,54.6,53.6,53.2,53.4,53.0,54.3,53.2,55.4,34.3,31.3,37.3,0.59,7.8,0.194,7.22,6.56,10.2,0.178,5.21,3.78,0.0414,0.291,0.628,60.0,41,92,31,600,5.8,18.1,8.2,7.3,9.0,8.7,8.5,6.8,6.8,8.5,7.6,15.9,4.6,13.1,129.0,8.29,4.67
52.4,52.8,52.0,55.3,55.0,55.6,52.8,54.6,51.0,33.5,32.0,35.0,0.618,7.93,0.2,7.4,6.7,10.4,0.181,5.29,3.84,0.039,0.299,0.638,58.6,40,94,33,600,6.0,18.2,8.5,8.2,8.2,10.6,8.7,8.3,8.0,6.7,7.9,15.9,5.5,12.3,133.0,8.17,4.69
53.9,53.4,54.4,58.7,58.6,58.8,56.0,53.8,58.2,36.5,36.8,36.2,0.66,8.22,0.208,7.68,6.79,10.6,0.186,5.37,3.98,0.04,0.308,0.648,57.6,40,100,36,600,6.0,17.4,8.3,8.0,8.4,9.1,8.7,8.9,7.4,6.8,9.2,18.5,6.3,12.0,135.0,7.86,4.5
52.8,51.8,53.8,54.3,53.4,55.2,51.9,52.0,51.8,36.5,36.8,36.2,0.68,8.33,0.213,7.72,6.84,10.8,0.187,5.48,4.04,0.0408,0.313,0.664,56.7,39,100,37,600,5.7,17.0,7.8,7.4,8.4,8.0,9.3,8.4,7.8,7.8,8.4,18.7,6.5,10.9,132.0,7.18,4.93
56.3,56.0,56.6,54.4,55.8,53.0,51.6,52.0,51.2,34.6,33.8,35.4,0.704,8.53,0.219,7.88,6.85,11.1,0.197,5.59,4.06,0.0405,0.315,0.677,56.2,39,110,36,600,5.5,19.0,7.5,8.2,8.8,9.9,9.5,8.2,7.1,6.7,7.3,16.3,5.8,11.4,131.0,7.22,4.99
53.2,54.0,52.4,54.8,57.4,52.2,52.9,53.6,52.2,34.5,33.0,36.0,0.709,8.67,0.227,8.03,6.96,11.4,0.203,5.61,4.24,0.0393,0.324,0.689,55.2,39,99,35,600,4.5,17.5,7.4,7.6,8.6,9.2,9.5,8.6,7.8,7.4,8.0,16.2,4.9,12.4,130.0,7.25,5.01
53.8,53.0,54.6,52.9,51.4,54.4,56.9,55.4,58.4,32.6,38.4,26.8,0.713,8.8,0.223,8.25,7.16,11.5,0.206,5.72,4.27,0.0404,0.323,0.703,54.6,39,95,33,600,4.2,16.7,7.5,8.2,8.2,9.4,8.8,8.6,7.8,8.5,9.5,19.3,5.2,12.0,134.0,7.24,4.73
50.7,52.2,49.2,53.8,52.8,54.8,51.8,51.2,52.4,34.5,33.6,35.4,0.746,9.13,0.237,8.61,7.49,11.9,0.212,5.93,4.44,0.0394,0.337,0.733,53.9,38,100,33,600,5.2,18.5,7.2,8.4,7.5,8.5,8.6,8.3,7.3,8.7,8.7,19.2,5.9,10.6,133.0,7.17,4.71
52.5,53.6,51.4,51.8,52.8,50.8,51.3,52.4,50.2,31.4,33.0,29.8,0.785,9.5,0.246,9.07,7.82,12.6,0.224,6.34,4.69,0.0395,0.352,0.779,53.3,38,100,31,600,4.7,18.6,7.3,6.6,6.0,7.3,8.9,8.4,9.3,8.5,7.9,16.8,5.7,11.0,127.0,7.13,4.06
52.4,53.4,51.4,52.8,52.2,53.4,53.6,53.8,53.4,35.3,31.8,38.8,0.823,10.1,0.254,9.49,8.3,13.3,0.237,6.68,4.92,0.0395,0.367,0.808,53.0,38,100,33,600,4.3,15.7,8.2,6.5,6.7,8.8,9.4,8.8,8.7,8.6,7.8,15.9,4.6,12.3,126.0,7.35,3.89
52.1,53.8,50.4,47.1,48.4,45.8,52.4,52.4,52.4,27.4,28.8,26.0,0.878,10.4,0.267,9.98,8.65,13.9,0.246,7.02,5.22,0.0384,0.383,0.854,52.4,37,99,34,600,5.8,15.2,9.1,7.1,8.7,9.1,8.7,9.4,6.8,9.1,7.6,17.2,4.8,10.8,129.0,6.65,3.85
62.8,63.4,62.2,58.0,58.6,57.4,61.5,61.8,61.2,48.6,47.8,49.4,0.782,9.08,0.228,8.48,7.34,11.8,0.213,5.94,4.35,0.0395,0.334,0.722,119.0,100,280,100,600,69.9,15.0,6.0,6.88,7.38,4.88,7.13,5.5,7.63,7.0,7.38,14.5,5.38,9.75,174.0,6.37,2.22
52.2,52.4,52.0,58.2,59.6,56.8,63.0,59.8,66.2,46.2,43.4,49.0,0.778,9.01,0.233,8.45,7.32,11.9,0.217,5.87,4.37,0.0405,0.612,0.717,100.0,85,290,82,600,42.7,16.8,7.0,8.0,9.1,7.4,8.7,7.7,8.3,7.4,9.4,17.7,6.8,10.6,168.0,9.04,3.46
52.9,53.0,52.8,59.8,59.4,60.2,52.5,52.4,52.6,50.0,48.4,51.6,0.777,8.87,0.238,8.34,7.3,11.8,0.219,5.97,4.37,0.0397,0.958,0.718,89.8,72,100,37,600,11.9,18.0,7.5,8.9,9.0,9.3,8.4,9.4,7.2,7.6,9.1,18.7,6.2,11.9,143.0,13.0,5.55
58.2,58.6,57.8,57.0,56.2,57.8,52.8,53.8,51.8,45.7,43.0,48.4,0.778,8.95,0.234,8.45,7.31,11.9,0.218,5.99,4.37,0.0395,0.959,0.742,83.4,65,120,41,600,3.7,17.5,8.7,8.6,7.9,8.6,8.1,9.6,6.1,8.8,6.6,17.6,5.2,13.1,130.0,15.8,7.46
54.1,52.2,56.0,57.5,58.6,56.4,52.5,50.6,54.4,43.9,42.4,45.4,0.794,8.97,0.236,8.35,7.31,11.9,0.22,5.8,4.39,0.0398,0.96,0.738,78.4,60,120,41,600,4.9,17.4,9.8,8.3,8.1,7.7,9.1,8.6,6.9,9.0,6.8,16.2,5.1,13.5,131.0,15.8,8.26
54.4,54.8,54.0,57.2,59.4,55.0,51.9,50.6,53.2,46.3,44.4,48.2,0.786,8.94,0.231,8.4,7.23,11.7,0.22,5.86,4.41,0.0399,0.956,0.74,75.1,57,120,41,600,6.4,17.3,8.2,9.1,7.5,7.2,8.8,8.0,8.3,9.2,9.6,17.4,5.4,11.6,134.0,15.1,8.69
52.2,51.6,52.8,57.0,58.6,55.4,51.8,54.2,49.4,47.1,44.6,49.6,0.75,8.89,0.23,8.19,7.28,11.7,0.215,5.89,4.36,0.0398,0.952,0.734,72.1,55,110,40,600,6.6,16.2,7.1,9.2,7.8,7.7,7.3,8.0,8.1,8.7,9.8,18.1,6.1,11.4,132.0,16.1,8.84
54.1,54.0,54.2,61.7,59.2,64.2,51.1,51.8,50.4,47.1,48.8,45.4,0.757,8.81,0.23,8.16,7.28,11.7,0.219,5.86,4.42,0.0389,0.952,0.73,69.4,52,100,38,600,4.3,15.0,8.9,8.2,8.1,7.4,8.0,7.6,7.5,8.5,8.5,15.6,5.6,13.0,126.0,14.6,8.44
54.1,53.2,55.0,60.7,59.0,62.4,49.7,48.6,50.8,44.6,42.4,46.8,0.762,8.68,0.231,8.06,7.35,11.7,0.213,5.81,4.37,0.039,0.955,0.734,67.3,51,110,36,600,4.1,15.8,8.9,8.2,7.6,6.9,8.5,7.4,8.0,7.4,8.7,14.3,5.3,12.6,124.0,15.1,7.8
54.8,53.6,56.0,57.2,58.8,55.6,52.7,53.2,52.2,42.5,39.2,45.8,0.781,8.82,0.235,8.1,7.36,11.7,0.215,5.91,4.34,0.0412,0.952,0.729,65.8,49,110,39,600,5.2,19.0,8.6,8.6,8.0,6.5,8.2,7.2,8.1,7.0,7.4,16.0,5.5,12.2,128.0,14.9,8.73
53.8,53.4,54.2,58.5,59.2,57.8,53.2,54.8,51.6,42.1,44.4,39.8,0.783,8.71,0.24,8.12,7.34,11.9,0.218,5.86,4.41,0.0391,0.957,0.734,64.4,48,110,39,600,6.0,18.0,9.1,8.5,8.7,7.4,8.3,8.1,8.6,9.3,7.3,19.1,6.9,10.9,136.0,14.5,8.61
57.0,55.6,58.4,57.0,58.2,55.8,53.9,54.4,53.4,44.2,43.2,45.2,0.773,8.63,0.238,8.02,7.35,11.9,0.22,5.93,4.42,0.0401,0.952,0.752,63.4,48,110,40,600,6.1,15.2,9.1,7.6,9.3,8.4,7.0,9.2,8.8,10.7,8.0,19.5,6.5,10.0,135.0,13.6,8.19
52.5,48.2,56.8,59.0,60.6,57.4,51.2,50.2,52.2,43.9,42.0,45.8,0.789,8.65,0.238,7.97,7.51,12.0,0.221,5.82,4.39,0.0411,0.954,0.745,62.2,47,110,38,600,5.2,16.8,9.2,7.0,9.4,7.8,6.9,9.9,6.9,9.4,7.9,18.9,6.1,11.5,133.0,14.4,8.06
56.9,55.8,58.0,56.4,56.0,56.8,54.1,53.4,54.8,44.5,45.6,43.4,0.808,8.62,0.244,8.07,7.52,12.0,0.222,5.89,4.48,0.0414,0.952,0.762,61.2,46,110,37,600,4.3,16.9,8.4,8.7,9.3,7.6,8.3,9.9,6.6,8.1,7.9,16.4,6.7,12.5,132.0,14.0,8.61
53.4,54.4,52.4,58.2,59.6,56.8,53.7,53.0,54.4,46.1,49.0,43.2,0.778,8.87,0.242,7.99,7.63,12.0,0.222,5.88,4.43,0.0403,0.955,0.759,60.4,46,110,37,600,4.9,17.4,8.5,9.1,8.9,7.4,8.3,9.5,6.9,8.7,8.5,17.2,5.8,13.0,134.0,14.8,7.66
56.2,55.2,57.2,58.5,61.2,55.8,52.7,53.6,51.8,41.4,41.6,41.2,0.787,8.87,0.245,7.95,7.71,12.2,0.228,5.88,4.46,0.0396,0.956,0.786,59.7,45,110,37,600,6.3,18.2,8.3,8.2,8.6,7.7,7.8,9.3,7.1,10.0,8.2,18.5,5.3,11.7,135.0,15.0,7.87
52.0,50.4,53.6,60.2,63.4,57.0,52.2,53.2,51.2,45.8,45.6,46.0,0.834,9.37,0.252,8.51,8.24,12.8,0.24,6.24,4.78,0.0407,0.975,0.826,59.0,45,100,36,600,6.1,19.0,8.5,8.3,8.4,7.4,7.9,7.4,7.4,9.7,7.5,18.2,5.5,10.7,132.0,15.2,7.73
54.3,54.6,54.0,56.0,57.6,54.4,54.3,55.4,53.2,41.9,39.6,44.2,0.89,9.81,0.27,8.96,8.59,13.6,0.251,6.62,5.03,0.0417,0.994,0.869,58.7,45,110,37,600,5.3,22.1,8.5,7.9,7.2,7.9,7.6,7.6,8.1,8.2,7.4,19.4,6.3,11.7,135.0,14.4,8.07
52.0,51.2,52.8,53.9,55.0,52.8,50.0,49.8,50.2,38.7,41.4,36.0,0.925,10.4,0.28,9.4,9.11,14.2,0.265,6.94,5.21,0.0399,1.01,0.914,58.1,44,120,38,600,5.5,20.6,7.7,7.7,6.7,8.9,7.4,9.2,9.3,7.7,7.9,16.2,5.5,11.5,132.0,14.0,7.58
55.4,55.6,55.2,35.7,32.4,39.0,53.5,53.2,53.8,27.6,28.2,27.0,0.97,10.8,0.291,9.84,9.59,14.8,0.275,7.26,5.54,0.0409,1.02,0.958,57.4,44,100,35,600,5.8,17.9,7.1,7.4,8.1,8.5,6.8,8.8,8.8,7.9,8.3,13.8,4.8,11.8,126.0,11.3,7.35
50.4,51.2,49.6,60.5,62.6,58.4,53.2,51.8,54.6,53.5,54.2,52.8,0.786,8.88,0.237,7.78,7.79,12.0,0.21,5.95,4.4,0.04,0.328,0.74,97.5,84,250,96,600,64.8,16.7,7.6,6.2,6.1,8.9,7.6,7.4,7.5,7.4,8.0,15.9,5.5,8.8,178.0,9.12,3.97
55.0,54.4,55.6,60.8,63.4,58.2,51.8,52.2,51.4,52.7,53.2,52.2,0.773,8.87,0.235,7.93,7.75,11.9,0.211,5.91,4.45,0.0403,0.329,0.763,85.6,70,200,43,600,30.3,16.9,8.2,8.3,7.5,9.7,8.4,7.3,6.9,10.0,9.0,17.0,4.9,9.9,154.0,13.9,6.02
54.8,55.4,54.2,60.1,61.4,58.8,50.6,50.0,51.2,53.5,53.8,53.2,0.79,8.92,0.239,7.9,7.92,12.0,0.213,5.92,4.39,0.0405,0.331,0.759,79.5,64,120,41,600,6.0,16.3,7.7,9.1,7.6,8.9,8.5,6.5,8.0,8.1,8.9,16.6,5.2,12.0,129.0,17.5,8.06
56.4,56.2,56.6,61.4,63.6,59.2,52.9,51.4,54.4,52.7,51.0,54.4,0.782,8.96,0.238,7.89,7.8,12.0,0.216,5.99,4.5,0.0416,0.327,0.759,74.4,58,120,41,600,5.7,17.3,7.4,6.8,8.1,8.1,8.8,8.6,7.8,7.5,9.2,16.2,6.6,13.0,131.0,20.8,10.2
56.1,57.2,55.0,66.3,65.4,67.2,49.0,50.6,47.4,52.7,50.0,55.4,0.776,8.84,0.236,7.88,7.85,12.0,0.212,5.89,4.47,0.0405,0.328,0.763,70.3,53,100,37,600,4.9,17.2,7.5,5.8,8.9,8.5,8.7,9.0,7.8,7.5,7.7,17.0,5.8,11.8,128.0,19.6,11.4
53.1,53.2,53.0,60.1,59.6,60.6,48.7,50.6,46.8,52.2,51.6,52.8,0.753,8.93,0.23,7.75,7.94,11.8,0.208,5.96,4.46,0.0406,0.322,0.762,69.5,53,140,42,600,4.8,17.6,7.4,8.0,9.4,8.5,9.2,8.7,9.1,7.0,7.9,19.3,5.0,11.1,133.0,19.6,11.1
53.9,53.2,54.6,62.0,62.8,61.2,51.4,51.4,51.4,52.4,52.0,52.8,0.743,8.86,0.225,7.69,7.88,11.9,0.208,5.85,4.42,0.0395,0.322,0.744,67.3,51,150,44,600,5.0,18.4,7.8,7.3,9.3,9.0,9.2,7.9,9.4,7.2,9.3,18.6,5.0,10.6,134.0,19.2,11.0
58.7,59.2,58.2,59.6,61.0,58.2,53.1,52.0,54.2,50.2,50.6,49.8,0.747,9.06,0.229,7.71,7.94,11.9,0.209,5.99,4.49,0.0407,0.32,0.753,66.7,51,140,45,600,5.4,16.7,9.0,5.4,8.6,9.0,8.9,8.6,8.7,7.9,10.3,19.4,5.7,10.2,134.0,18.7,10.9
54.3,53.8,54.8,60.7,61.8,59.6,52.3,52.4,52.2,49.2,49.2,49.2,0.739,8.97,0.232,7.71,7.86,11.9,0.208,5.88,4.36,0.0396,0.328,0.768,64.9,50,130,45,600,5.4,16.8,8.4,7.4,8.1,8.1,7.8,10.1,8.2,7.9,9.1,19.0,5.8,10.7,133.0,18.7,10.8
55.2,53.4,57.0,61.5,62.2,60.8,65.9,65.4,66.4,46.8,46.6,47.0,0.769,8.75,0.231,7.63,7.91,11.8,0.211,5.87,4.46,0.0418,0.97,0.759,63.9,49,110,39,600,4.7,17.9,7.7,9.8,7.7,9.6,8.7,9.1,8.2,7.7,6.9,17.3,5.5,9.6,130.0,18.6,10.5
55.0,55.6,54.4,60.1,61.8,58.4,54.7,54.2,55.2,50.6,50.2,51.0,0.759,8.91,0.227,7.72,7.95,11.8,0.207,5.89,4.42,0.0407,0.975,0.754,62.7,48,110,39,600,5.9,16.0,8.5,9.5,6.7,10.0,9.7,9.0,8.4,7.9,7.8,17.7,6.5,8.8,132.0,18.7,9.99
53.1,51.8,54.4,59.6,61.6,57.6,50.5,51.0,50.0,49.2,46.6,51.8,0.753,8.8,0.236,7.59,7.84,12.0,0.206,5.95,4.34,0.0416,0.97,0.756,61.7,47,110,37,600,6.6,15.2,8.7,8.0,7.2,8.1,8.9,9.1,8.4,7.7,8.9,16.8,6.0,10.8,130.0,18.4,10.1
54.7,54.8,54.6,60.2,59.4,61.0,52.8,52.8,52.8,49.1,46.0,52.2,0.742,8.84,0.228,7.62,7.86,11.7,0.206,5.86,4.34,0.0396,0.964,0.751,61.3,47,130,39,600,6.7,15.0,8.6,7.6,6.9,7.6,9.7,7.9,8.7,8.2,7.6,15.1,5.2,11.3,126.0,18.8,10.0
53.0,50.8,55.2,57.3,60.0,54.6,52.4,53.0,51.8,47.9,49.4,46.4,0.755,8.78,0.229,7.63,7.82,11.8,0.203,5.94,4.49,0.0414,0.967,0.751,60.4,46,120,39,600,6.7,16.9,8.4,8.5,5.9,7.7,9.1,8.4,8.8,8.4,7.0,15.4,4.8,11.9,128.0,17.4,9.85
54.8,54.6,55.0,61.5,63.0,60.0,49.6,48.0,51.2,46.8,43.8,49.8,0.734,8.74,0.224,7.55,7.86,11.8,0.204,5.94,4.38,0.0396,0.97,0.743,59.6,45,110,36,600,6.5,17.1,7.9,7.8,8.1,8.6,7.8,8.4,7.7,7.9,8.6,17.3,5.1,12.2,131.0,18.5,9.86
54.8,56.4,53.2,57.8,56.8,58.8,51.9,53.8,50.0,50.8,52.2,49.4,0.767,9.07,0.234,7.76,8.22,12.5,0.215,6.08,4.53,0.0416,0.982,0.791,59.0,45,110,39,600,6.4,16.1,7.1,7.2,8.8,9.9,7.6,8.2,7.2,8.9,10.0,17.2,4.7,11.0,130.0,17.7,10.6
55.3,55.2,55.4,69.9,70.4,69.4,49.7,48.6,50.8,50.9,49.4,52.4,0.817,9.55,0.248,8.2,8.58,13.0,0.225,6.43,4.78,0.0398,0.997,0.842,58.5,45,110,39,600,5.4,17.0,7.8,7.4,7.1,8.9,8.7,8.7,6.7,9.0,8.0,17.0,5.4,10.4,128.0,17.7,10.4
53.1,52.2,54.0,61.0,63.4,58.6,51.7,49.0,54.4,49.5,49.8,49.2,0.854,10.1,0.26,8.76,9.08,13.7,0.237,6.73,5.09,0.0407,1.01,0.882,58.2,44,120,38,600,5.1,18.4,7.2,5.9,7.5,7.3,9.2,8.1,8.0,8.2,7.1,17.0,6.0,10.9,126.0,17.0,11.2
54.1,53.0,55.2,60.4,61.0,59.8,51.2,52.0,50.4,49.9,45.6,54.2,0.905,10.5,0.269,9.22,9.56,14.5,0.248,7.12,5.31,0.0408,1.02,0.925,57.8,44,120,39,600,5.6,18.6,6.3,6.3,7.9,7.6,7.6,7.9,8.3,8.4,8.9,16.6,5.1,12.0,127.0,19.1,11.1
55.7,56.4,55.0,61.4,62.6,60.2,53.7,54.4,53.0,49.7,46.6,52.8,0.934,11.0,0.283,9.63,10.1,15.1,0.264,7.39,5.63,0.0398,1.04,0.968,57.5,44,120,41,600,5.1,18.9,7.7,7.8,7.0,8.0,8.5,8.8,8.5,8.1,8.9,16.4,5.6,11.1,130.0,18.3,11.7
56.3,55.0,57.6,59.0,58.6,59.4,52.4,53.6,51.2,43.6,43.9,43.3,0.995,11.6,0.297,10.0,10.5,15.8,0.277,7.87,5.89,0.0412,1.06,1.02,57.2,44,120,41,600,5.5,18.0,8.6,7.8,8.9,8.9,8.1,7.6,8.8,8.0,9.4,17.7,6.1,10.9,134.0,18.2,10.8
54.0,53.8,54.2,32.9,33.8,32.0,52.1,52.0,52.2,29.5,27.3,31.7,1.04,12.0,0.302,10.2,10.7,15.7,0.28,8.1,6.14,0.0421,1.07,1.04,56.8,44,110,40,600,5.5,17.8,9.1,6.9,10.0,8.8,7.0,7.2,8.4,7.7,9.4,18.6,5.6,10.6,133.0,15.4,10.4
51.0,49.8,52.2,65.7,65.8,65.6,52.5,49.4,55.6,64.2,62.0,66.4,0.742,8.92,0.225,7.87,7.63,11.7,0.205,5.75,4.36,0.0395,0.974,0.746,93.2,84,230,94,600,65.4,16.8,7.3,6.9,6.9,6.2,6.7,6.8,8.0,7.8,7.2,14.6,4.7,10.2,176.0,12.4,5.37
53.9,53.0,54.8,66.3,68.6,64.0,51.6,51.4,51.8,62.0,62.2,61.8,0.734,8.83,0.215,7.78,7.69,11.8,0.2,5.85,4.39,0.0406,0.97,0.721,81.7,67,170,44,600,31.3,17.2,9.0,6.3,8.0,7.4,7.7,7.2,9.2,8.0,7.4,16.2,5.3,12.3,153.0,18.1,9.11
52.1,51.8,52.4,65.7,68.6,62.8,51.5,50.8,52.2,62.3,61.6,63.0,0.713,9.06,0.22,7.88,7.66,11.8,0.2,5.83,4.31,0.0396,0.329,0.729,74.8,59,100,36,600,6.8,14.8,7.9,6.4,7.9,8.3,7.8,8.8,9.0,9.1,8.0,15.3,3.9,12.1,126.0,23.6,12.0
51.7,52.8,50.6,62.7,63.2,62.2,48.9,49.6,48.2,61.4,59.6,63.2,0.707,8.81,0.222,7.77,7.58,11.8,0.201,5.87,4.35,0.0406,0.323,0.716,70.2,54,95,36,600,5.5,14.0,7.9,6.8,8.1,9.0,9.2,9.1,8.1,8.9,9.1,17.0,5.3,10.6,129.0,26.2,15.1
53.3,53.6,53.0,67.1,67.4,66.8,51.6,50.0,53.2,63.9,64.0,63.8,0.706,8.85,0.218,7.83,7.62,11.6,0.202,5.78,4.43,0.0398,0.321,0.721,67.3,51,100,38,600,5.4,14.5,8.0,7.5,7.6,9.9,9.6,6.5,7.2,8.0,8.7,16.0,5.7,10.2,125.0,28.2,15.5
52.6,52.8,52.4,66.0,67.2,64.8,52.5,53.6,51.4,61.5,62.4,60.6,0.706,8.79,0.219,7.7,7.73,11.8,0.198,5.8,4.39,0.041,0.32,0.723,64.6,49,110,36,600,5.6,16.2,7.0,10.1,7.8,8.4,9.0,8.1,8.1,7.6,7.7,15.3,4.8,10.1,126.0,27.7,15.1
55.6,55.0,56.2,68.0,70.2,65.8,51.3,48.8,53.8,64.7,62.3,67.1,0.716,8.85,0.221,7.79,7.65,11.7,0.204,5.77,4.39,0.0404,0.327,0.734,63.4,48,120,38,600,5.0,16.6,7.7,9.8,9.3,6.3,7.7,8.6,8.8,7.5,9.2,16.7,5.3,11.2,130.0,27.6,14.6
54.9,53.6,56.2,64.2,65.4,63.0,55.8,54.4,57.2,60.1,57.1,63.1,0.771,8.87,0.233,7.91,7.58,11.7,0.211,5.79,4.43,0.0425,0.324,0.751,62.9,48,140,47,600,5.4,17.2,8.6,8.3,10.2,6.7,7.7,7.4,9.3,8.0,9.7,18.1,7.1,10.9,135.0,27.5,15.4
51.5,52.6,50.4,65.8,65.8,65.8,49.5,48.6,50.4,56.8,53.6,60.0,0.754,8.78,0.232,7.91,7.61,11.7,0.21,5.71,4.43,0.0413,0.321,0.739,63.0,48,150,50,600,6.0,16.4,7.9,8.0,9.8,7.2,9.8,8.6,8.3,9.1,8.2,18.5,8.0,10.5,136.0,27.7,15.1
59.3,59.2,59.4,66.2,66.8,65.6,53.8,54.8,52.8,56.9,57.4,56.4,0.744,8.8,0.231,7.96,7.68,11.9,0.212,5.69,4.45,0.0413,0.323,0.738,62.9,49,160,50,600,6.0,14.6,8.8,7.9,8.3,8.1,9.3,8.2,7.2,8.4,7.9,16.2,6.3,12.3,130.0,25.7,15.4
53.5,53.0,54.0,74.0,73.2,74.8,49.7,47.4,52.0,59.2,57.6,60.8,0.754,8.77,0.232,7.78,7.6,11.7,0.217,5.75,4.36,0.0405,0.322,0.74,62.0,48,120,44,600,5.5,15.0,8.9,8.5,7.3,8.6,7.2,7.6,8.3,7.7,7.4,16.4,5.3,12.1,126.0,25.2,15.3
54.6,53.0,56.2,65.4,66.2,64.6,53.9,53.4,54.4,60.1,57.8,62.4,0.767,8.78,0.237,7.82,7.59,11.6,0.218,5.78,4.42,0.0419,0.323,0.752,61.8,48,120,45,600,5.6,16.6,8.0,8.4,8.1,8.0,7.0,9.5,9.6,8.3,8.8,18.2,6.1,10.8,133.0,24.3,16.3
54.2,52.0,56.4,67.4,70.2,64.6,52.8,53.0,52.6,60.4,58.6,62.2,0.786,8.85,0.234,7.83,7.46,11.8,0.215,5.92,4.41,0.0423,0.324,0.756,61.1,47,120,44,600,6.0,17.6,8.3,8.1,8.7,7.7,9.5,9.5,8.0,8.9,9.3,18.8,6.6,10.4,137.0,23.5,15.7
55.7,54.4,57.0,64.8,66.4,63.2,53.3,52.8,53.8,59.4,60.0,58.8,0.788,8.81,0.237,7.89,7.44,11.8,0.216,5.73,4.4,0.0409,0.329,0.748,60.5,47,110,42,600,6.8,17.6,9.5,8.7,7.7,6.5,10.1,8.4,6.8,9.2,8.6,19.8,5.8,10.8,136.0,25.2,15.0
52.6,53.0,52.2,66.0,67.4,64.6,50.9,50.4,51.4,60.9,61.2,60.6,0.769,8.77,0.236,8.04,7.38,11.8,0.217,5.79,4.41,0.0411,0.324,0.746,59.7,47,110,40,600,6.7,17.6,8.0,9.8,6.9,8.4,8.5,8.9,7.1,7.6,7.8,18.4,5.8,10.9,132.0,24.6,15.6
55.4,55.8,55.0,64.9,66.4,63.4,70.3,71.2,69.4,57.0,58.6,55.4,0.809,8.96,0.25,8.25,7.83,12.3,0.224,5.93,4.57,0.0435,1.01,0.797,60.3,47,140,48,600,5.6,17.9,6.7,9.5,6.6,9.7,7.7,8.3,8.3,7.4,8.8,17.5,5.7,10.9,131.0,24.6,16.4
52.7,51.6,53.8,65.1,64.6,65.6,54.8,53.2,56.4,60.9,59.0,62.8,0.858,9.52,0.262,8.66,8.11,13.0,0.241,6.25,4.84,0.0426,1.02,0.836,60.1,47,150,53,600,5.2,16.4,6.5,8.2,7.9,8.0,7.6,7.7,9.6,7.9,8.9,17.8,6.0,12.2,130.0,25.9,15.0
55.1,54.4,55.8,63.2,64.6,61.8,50.9,48.6,53.2,57.3,55.0,59.6,0.904,9.98,0.272,9.12,8.64,13.7,0.25,6.64,5.1,0.0428,1.04,0.886,59.9,47,140,43,600,6.0,15.4,6.5,7.7,8.3,7.7,8.7,7.2,7.7,8.3,8.3,16.8,6.2,13.1,128.0,25.3,15.4
52.9,54.2,51.6,55.3,56.2,54.4,55.1,56.0,54.2,41.9,44.6,39.2,0.963,10.5,0.286,9.62,9.12,14.3,0.263,6.98,5.35,0.0418,1.05,0.923,59.8,47,140,41,600,6.1,17.7,9.1,8.5,7.2,7.3,9.5,7.4,6.8,8.6,8.9,17.0,5.8,11.8,132.0,22.6,15.2
65.0,64.0,66.0,63.3,64.2,62.4,65.6,65.2,66.0,66.0,65.6,66.4,0.836,8.91,0.242,7.99,7.54,11.9,0.227,5.79,4.41,0.042,1.0,0.766,125.0,110,280,100,600,71.6,12.4,6.86,7.71,8.43,7.29,5.86,5.71,7.43,7.14,5.29,12.4,4.29,10.6,173.0,13.2,5.38
52.3,51.0,53.6,65.1,67.0,63.2,50.1,50.8,49.4,68.9,67.8,70.0,0.833,9.01,0.247,8.02,7.44,11.9,0.232,5.81,4.49,0.042,1.0,0.763,105.0,87,290,78,600,49.6,14.4,6.9,9.3,8.1,7.7,7.3,8.8,10.5,7.2,6.9,15.2,4.7,12.3,169.0,18.4,8.6
55.9,56.8,55.0,69.5,70.6,68.4,52.9,51.2,54.6,58.3,57.0,59.6,0.83,8.89,0.243,7.98,7.57,12.0,0.226,5.7,4.43,0.0431,0.997,0.762,95.0,78,130,44,600,18.2,15.0,8.3,8.3,7.8,8.3,7.7,10.0,11.6,6.3,9.0,17.5,5.5,12.6,146.0,23.9,11.2
51.5,50.4,52.6,64.9,65.4,64.4,50.9,51.0,50.8,67.5,66.0,69.0,0.79,8.91,0.239,7.86,7.55,12.1,0.222,5.73,4.44,0.0421,0.999,0.757,87.9,70,140,47,600,5.9,15.1,8.8,7.6,9.4,9.2,8.7,8.4,8.3,7.4,10.1,17.9,6.0,9.9,133.0,28.8,14.8
52.2,51.2,53.2,63.5,63.4,63.6,49.4,51.8,47.0,67.8,64.0,71.6,0.791,8.85,0.239,7.83,7.44,11.8,0.221,5.82,4.37,0.0414,0.996,0.761,82.8,64,130,43,600,6.4,15.6,7.1,7.7,8.8,8.4,8.1,8.5,7.2,9.4,9.5,16.8,5.6,10.9,130.0,30.8,16.1
53.4,53.6,53.2,71.3,74.4,68.2,50.3,50.6,50.0,59.6,58.6,60.6,0.781,8.89,0.233,7.91,7.52,11.9,0.219,5.81,4.44,0.0437,0.997,0.759,78.6,61,130,41,600,5.4,15.8,7.5,8.4,7.4,8.2,7.5,9.1,8.0,8.3,7.6,16.1,5.2,11.9,126.0,29.4,15.7
53.4,52.6,54.2,64.4,67.2,61.6,54.9,53.6,56.2,67.8,65.4,70.2,0.784,8.76,0.235,7.97,7.55,12.0,0.214,5.83,4.47,0.0437,1.0,0.766,75.3,58,120,40,600,5.1,18.1,8.5,9.4,7.4,7.3,8.9,7.9,8.3,7.9,7.6,15.6,4.2,10.9,127.0,29.4,16.7
54.2,52.8,55.6,67.7,67.0,68.4,47.4,47.2,47.6,70.8,71.0,70.6,0.767,8.88,0.232,7.81,7.5,11.9,0.213,5.77,4.41,0.0414,1.0,0.755,73.0,56,130,40,600,4.6,17.6,9.8,8.1,7.8,7.5,8.9,7.6,7.9,8.9,8.5,17.7,5.4,11.6,132.0,31.6,16.7
54.5,52.6,56.4,74.3,75.4,73.2,53.8,53.4,54.2,56.3,52.2,60.4,0.76,8.77,0.231,7.94,7.48,11.7,0.211,5.66,4.38,0.0426,0.991,0.74,72.9,55,170,45,600,4.3,16.8,8.3,7.3,9.7,8.2,8.6,8.0,8.2,8.9,8.8,18.2,6.0,11.6,133.0,30.6,15.5
52.7,51.8,53.6,63.4,65.4,61.4,50.6,50.8,50.4,63.2,61.4,65.0,0.719,8.77,0.223,7.91,7.51,11.6,0.207,5.65,4.35,0.0426,0.993,0.734,72.5,55,170,51,600,4.6,16.4,7.2,8.9,8.9,7.6,9.7,7.5,9.1,8.4,9.2,17.7,4.5,11.2,131.0,28.5,17.1
54.9,55.2,54.6,62.4,64.6,60.2,51.3,52.6,50.0,63.7,65.0,62.4,0.718,8.76,0.222,7.82,7.45,11.9,0.205,5.65,4.41,0.0426,0.987,0.74,70.7,54,140,44,600,4.8,16.5,7.2,9.1,8.7,8.3,9.3,8.4,9.5,7.4,8.2,17.1,3.9,11.8,130.0,28.8,16.8
52.5,51.2,53.8,67.4,69.4,65.4,50.6,50.6,50.6,57.2,54.6,59.8,0.709,8.8,0.216,7.77,7.56,11.7,0.201,5.64,4.36,0.0416,0.314,0.734,69.5,53,130,41,600,5.8,18.2,7.1,8.0,8.6,9.0,7.9,8.7,8.5,8.3,7.5,15.8,4.4,13.0,131.0,28.9,15.1
52.8,53.6,52.0,63.3,64.2,62.4,54.0,53.6,54.4,61.6,61.2,62.0,0.705,8.84,0.217,7.77,7.68,11.7,0.198,5.73,4.36,0.0425,0.322,0.741,68.5,52,130,44,600,6.5,18.8,7.7,8.5,7.1,8.6,8.2,7.6,7.7,9.4,8.4,15.2,4.7,13.2,132.0,26.3,16.2
55.0,54.8,55.2,64.5,65.2,63.8,51.7,51.4,52.0,64.7,63.8,65.6,0.693,8.82,0.218,7.74,7.57,11.6,0.2,5.68,4.36,0.0426,0.315,0.737,67.3,51,120,43,600,5.6,18.1,7.6,8.8,6.8,7.8,9.2,7.4,8.4,8.2,8.5,16.0,5.2,11.2,129.0,26.6,16.2
53.6,53.8,53.4,67.4,69.8,65.0,54.1,53.4,54.8,56.7,57.6,55.8,0.679,8.67,0.214,7.76,7.54,11.8,0.201,5.67,4.36,0.0427,0.317,0.748,66.8,51,120,44,600,5.4,18.0,7.6,7.6,8.4,7.2,9.3,8.8,7.7,8.5,7.6,17.7,5.4,10.3,130.0,26.8,14.5
53.9,51.6,56.2,66.7,67.0,66.4,52.9,53.2,52.6,63.5,64.0,63.0,0.707,8.69,0.221,7.81,7.67,11.9,0.204,5.66,4.38,0.0441,0.317,0.758,66.3,51,140,48,600,5.7,17.4,7.5,7.7,9.1,8.0,8.9,8.8,7.7,9.2,6.8,17.4,5.4,12.1,132.0,26.3,15.6
55.8,53.4,58.2,63.6,64.6,62.6,54.8,53.6,56.0,61.3,61.0,61.6,0.765,9.19,0.234,8.2,8.12,12.5,0.22,6.03,4.59,0.0431,0.332,0.803,65.9,51,140,49,600,4.9,17.3,7.1,8.7,7.7,9.2,9.5,8.4,7.6,8.1,6.7,17.2,6.6,12.0,131.0,26.3,15.5
51.7,51.0,52.4,68.5,68.8,68.2,48.6,47.8,49.4,55.5,53.6,57.4,0.807,9.76,0.248,8.57,8.53,13.1,0.231,6.41,4.9,0.0441,0.344,0.856,65.3,51,130,49,600,4.7,16.9,6.7,7.8,8.9,9.0,9.5,9.0,7.2,7.1,7.8,16.8,6.6,12.1,130.0,26.3,14.5
54.1,53.0,55.2,61.4,61.6,61.2,50.9,52.0,49.8,56.8,57.8,55.8,0.871,10.2,0.262,9.06,8.99,13.8,0.245,6.71,5.18,0.0423,0.36,0.899,64.7,50,130,40,600,5.8,14.9,7.4,7.1,9.3,7.9,9.1,8.7,8.2,8.2,9.0,16.0,5.6,12.1,129.0,26.2,15.6
54.2,55.0,53.4,44.0,41.6,46.4,52.6,53.0,52.2,42.9,44.2,41.6,0.916,10.7,0.271,9.56,9.33,14.5,0.257,7.0,5.42,0.0424,0.373,0.953,63.9,50,130,39,600,6.1,16.2,7.7,8.9,7.6,7.3,8.6,8.9,8.8,9.4,9.1,17.3,6.3,10.3,133.0,23.9,15.7
64.8,64.6,65.0,59.7,58.2,61.2,61.3,59.6,63.0,37.3,38.8,35.8,0.776,9.35,0.231,8.07,7.87,12.4,0.215,5.82,4.45,0.0412,0.319,0.758,114.0,99,290,110,800,54.9,21.0,13.2,9.0,9.5,8.0,9.3,9.4,9.5,10.4,10.8,19.0,5.8,12.8,203.0,5.07,2.51
62.1,59.4,64.8,58.6,56.2,61.0,73.8,73.8,73.8,35.9,35.8,36.0,0.79,9.44,0.237,8.14,7.78,12.7,0.217,5.83,4.56,0.0412,0.772,0.766,103.0,88,240,65,800,27.1,24.1,14.5,8.2,10.8,10.2,11.4,9.2,11.7,10.4,11.6,22.7,7.3,13.4,193.0,6.43,3.3
61.7,60.6,62.8,60.3,61.0,59.6,58.2,59.2,57.2,35.7,35.0,36.4,0.801,9.63,0.246,8.29,7.98,12.8,0.232,6.11,4.63,0.042,0.979,0.789,94.4,80,140,46,800,8.1,22.1,10.6,9.0,11.5,11.2,10.1,9.4,12.8,8.7,11.9,22.9,9.1,14.7,172.0,7.95,4.18
66.3,67.0,65.6,63.8,65.6,62.0,59.6,59.4,59.8,35.6,36.6,34.6,0.862,9.52,0.257,8.41,8.18,13.0,0.24,6.23,4.75,0.042,0.987,0.803,92.9,78,170,56,800,7.5,20.8,9.6,9.2,12.7,10.5,9.3,10.2,11.2,9.2,12.5,21.6,8.7,16.6,170.0,8.08,4.49
61.5,59.4,63.6,60.1,60.6,59.6,60.3,62.2,58.4,39.0,39.2,38.8,0.882,9.85,0.265,8.44,8.22,13.1,0.245,6.16,4.77,0.0407,0.993,0.808,87.5,71,160,52,800,8.5,22.3,10.1,11.6,11.8,9.6,10.5,10.3,10.8,10.4,12.5,22.5,7.5,14.8,173.0,8.33,5.14
61.9,61.8,62.0,57.6,57.4,57.8,58.2,57.4,59.0,36.0,37.0,35.0,0.893,9.95,0.27,8.47,8.25,13.5,0.254,6.41,4.94,0.0404,1.0,0.816,84.6,69,120,49,800,7.2,22.0,8.9,13.1,10.9,10.7,11.9,12.5,11.7,10.1,11.0,23.5,7.6,13.1,174.0,8.36,4.97
64.9,64.8,65.0,61.4,62.0,60.8,59.7,60.0,59.4,34.5,35.2,33.8,0.908,9.91,0.275,8.65,8.36,13.5,0.26,6.28,4.98,0.0403,0.999,0.818,82.9,67,150,57,800,6.1,21.1,9.5,11.2,11.2,10.3,12.7,12.5,11.7,9.7,11.4,22.7,7.8,14.3,172.0,8.36,5.12
63.6,64.0,63.2,61.4,62.4,60.4,58.8,57.8,59.8,33.5,32.8,34.2,0.925,10.2,0.273,8.77,8.44,13.9,0.256,6.33,5.07,0.0403,1.01,0.819,80.4,65,150,51,800,7.1,22.1,10.5,11.1,12.1,9.2,12.3,10.2,11.5,10.5,11.8,22.3,6.9,15.7,173.0,7.88,4.87
61.6,61.0,62.2,57.7,57.2,58.2,60.5,60.2,60.8,34.8,35.4,34.2,0.944,10.3,0.283,8.94,8.56,13.9,0.264,6.48,5.19,0.0402,1.01,0.816,78.4,63,130,49,800,7.2,21.2,10.4,11.4,11.7,10.7,11.7,11.4,11.2,11.6,11.4,23.1,6.5,15.1,175.0,7.48,5.06
62.0,60.6,63.4,61.2,62.0,60.4,58.2,59.2,57.2,34.9,35.6,34.2,0.924,10.5,0.281,8.97,8.64,14.2,0.265,6.68,5.23,0.0388,1.02,0.823,76.1,60,120,42,800,6.8,20.4,10.2,11.5,10.6,11.6,11.7,12.4,11.1,11.9,10.0,21.3,7.3,14.9,172.0,7.06,4.26
63.3,62.2,64.4,59.3,56.8,61.8,60.0,58.8,61.2,34.1,33.4,34.8,0.935,10.5,0.283,9.07,8.8,14.4,0.264,6.7,5.34,0.0399,1.02,0.828,75.1,60,140,45,800,8.2,21.3,11.2,11.4,10.2,13.0,10.8,11.7,11.4,11.0,9.7,22.4,6.9,13.3,173.0,7.21,4.29
61.3,61.6,61.0,57.6,56.0,59.2,60.5,59.8,61.2,34.2,34.6,33.8,0.94,10.5,0.279,9.31,8.91,14.7,0.262,6.72,5.33,0.0387,1.03,0.831,73.8,59,140,49,800,8.1,22.1,10.8,10.9,10.3,12.1,10.5,11.9,10.4,10.8,11.7,23.4,6.6,12.9,173.0,7.2,4.2
61.1,59.6,62.6,60.8,60.0,61.6,55.9,56.4,55.4,33.3,34.8,31.8,0.903,10.7,0.271,9.42,8.95,14.8,0.256,6.82,5.42,0.0396,1.03,0.832,72.3,57,120,43,800,6.8,21.7,11.9,11.2,11.0,10.6,11.0,10.4,8.6,11.1,11.2,20.6,5.8,15.3,167.0,6.8,4.24
66.3,67.6,65.0,58.8,58.6,59.0,59.7,59.6,59.8,34.7,36.0,33.4,0.91,10.8,0.279,9.45,9.08,15.1,0.26,7.04,5.44,0.0396,1.04,0.827,71.7,57,130,45,800,7.5,22.1,11.9,12.1,10.7,9.9,10.7,10.4,9.9,12.2,10.6,19.0,4.6,15.1,167.0,7.0,4.43
62.6,61.0,64.2,61.6,60.6,62.6,59.2,59.8,58.6,32.8,34.6,31.0,0.932,11.0,0.285,9.73,9.36,15.7,0.266,7.14,5.7,0.0386,1.05,0.872,70.8,56,140,46,800,8.5,22.3,10.5,10.4,10.5,10.9,10.8,11.7,11.7,12.8,12.0,20.2,6.2,14.2,173.0,7.39,4.5
64.5,62.4,66.6,60.2,61.0,59.4,60.2,59.2,61.2,34.7,34.2,35.2,0.982,11.7,0.3,10.5,10.0,16.7,0.284,7.55,6.06,0.0386,1.06,0.923,70.7,56,150,51,800,7.7,21.9,11.8,9.6,9.4,12.0,11.0,11.8,11.8,11.1,11.7,21.9,7.1,14.5,173.0,6.48,4.2
61.3,63.0,59.6,58.7,57.6,59.8,61.2,61.0,61.4,32.4,36.6,28.2,1.05,12.3,0.317,11.0,10.5,17.4,0.297,8.0,6.32,0.0406,1.08,0.972,69.8,55,150,51,800,7.4,21.0,9.9,11.1,9.7,11.3,9.8,11.7,10.4,11.7,10.9,21.9,6.3,15.8,169.0,6.94,4.58
63.0,60.6,65.4,49.8,51.4,48.2,58.5,58.6,58.4,28.3,29.2,27.4,1.12,12.8,0.335,11.5,11.1,18.4,0.316,8.5,6.67,0.0406,1.1,1.03,68.9,55,110,44,800,8.0,21.4,11.2,11.1,11.2,11.1,9.4,11.7,10.1,11.2,10.4,21.4,7.0,15.6,171.0,6.6,4.76
70.0,70.0,70.0,67.9,68.0,67.8,64.7,65.6,63.8,48.3,46.6,50.0,0.905,10.8,0.272,9.61,9.12,15.3,0.251,7.08,5.5,0.0391,0.39,0.83,141.0,120,330,150,800,58.4,17.8,8.6,8.2,7.9,9.2,9.4,8.2,9.1,10.4,9.2,18.8,5.8,12.8,194.0,8.6,3.79
63.7,65.2,62.2,63.8,64.0,63.6,60.8,58.0,63.6,47.5,47.2,47.8,0.923,10.8,0.277,9.78,9.08,15.1,0.257,6.93,5.58,0.0401,0.383,0.825,124.0,100,320,110,800,32.0,21.2,11.4,10.7,11.2,10.8,9.6,11.2,10.7,11.6,11.0,23.8,8.8,14.8,199.0,12.7,6.22
64.8,65.2,64.4,64.2,64.4,64.0,58.5,58.2,58.8,45.2,43.6,46.8,0.905,10.8,0.273,9.76,8.99,15.4,0.25,7.08,5.57,0.0401,0.384,0.831,116.0,96,170,64,800,13.2,21.7,11.1,12.2,12.1,11.4,10.4,11.2,11.0,11.0,11.0,24.8,9.1,16.3,187.0,14.6,7.72
61.9,61.6,62.2,64.3,66.0,62.6,72.0,71.4,72.6,45.6,45.0,46.2,0.922,10.7,0.278,9.66,9.08,15.4,0.256,7.06,5.49,0.0401,0.38,0.84,108.0,90,180,61,800,8.5,21.5,11.2,11.1,10.7,11.4,11.6,9.4,10.3,12.4,9.9,24.4,7.1,16.8,176.0,15.3,8.78
63.2,62.4,64.0,64.8,66.2,63.4,60.0,59.4,60.6,48.3,49.0,47.6,0.916,10.8,0.274,9.59,9.05,15.3,0.254,7.02,5.54,0.0392,1.01,0.856,101.0,83,140,51,800,7.7,24.0,11.3,11.2,8.7,10.9,9.3,10.0,11.6,11.9,9.9,23.0,7.0,16.4,173.0,15.6,8.85
60.8,61.0,60.6,64.6,64.4,64.8,61.6,61.8,61.4,45.3,45.2,45.4,0.925,10.7,0.274,9.69,9.02,15.4,0.254,6.93,5.45,0.0392,1.01,0.858,95.6,78,120,47,800,6.7,24.5,11.5,10.0,8.3,10.7,9.2,11.3,12.4,9.6,10.0,21.1,7.4,15.3,168.0,15.7,8.86
65.0,64.0,66.0,63.3,63.2,63.4,58.4,58.4,58.4,45.6,43.4,47.8,0.904,10.8,0.277,9.83,8.93,15.4,0.256,6.94,5.51,0.0392,1.0,0.861,92.6,75,140,51,800,7.1,23.9,12.6,9.9,10.7,11.0,12.3,10.1,10.6,10.4,9.9,22.1,7.5,15.3,173.0,14.5,8.2
61.8,60.0,63.6,65.3,66.0,64.6,59.8,59.4,60.2,46.4,46.0,46.8,0.912,10.9,0.289,9.67,8.86,15.5,0.264,6.96,5.62,0.0405,1.0,0.86,89.6,73,150,54,800,6.4,24.9,11.9,9.5,11.8,10.7,12.8,11.5,10.7,10.3,9.9,23.4,7.9,14.3,176.0,15.1,8.25
65.0,64.4,65.6,61.9,61.8,62.0,57.7,55.2,60.2,41.7,42.4,41.0,0.96,10.8,0.292,9.64,8.9,15.7,0.269,7.05,5.5,0.0404,1.0,0.872,87.2,71,140,52,800,6.5,24.7,11.2,7.6,11.0,11.1,9.5,12.9,12.3,9.6,10.5,22.8,7.8,14.0,172.0,14.5,8.19
58.5,60.6,56.4,67.2,68.2,66.2,57.9,56.6,59.2,42.6,42.0,43.2,0.946,10.9,0.291,9.76,8.94,15.3,0.269,6.89,5.59,0.0393,1.01,0.882,85.1,69,150,48,800,7.7,23.0,11.8,9.8,11.2,10.2,10.1,12.4,12.6,10.3,10.3,22.8,6.8,14.0,173.0,14.1,8.48
64.7,63.8,65.6,60.1,61.6,58.6,61.8,61.0,62.6,42.9,40.4,45.4,0.952,10.8,0.294,9.66,9.01,15.4,0.273,6.94,5.55,0.0393,1.01,0.896,84.3,68,180,53,800,6.8,21.7,11.4,11.6,11.1,10.1,12.2,12.4,10.6,11.1,9.0,22.2,5.9,15.5,172.0,13.7,7.97
63.1,63.0,63.2,63.9,64.0,63.8,61.2,60.8,61.6,43.4,42.0,44.8,0.978,10.8,0.295,9.73,8.75,15.3,0.272,7.0,5.54,0.04,1.01,0.892,84.1,69,180,65,800,6.7,22.6,10.8,11.1,9.6,11.2,12.6,12.3,10.0,12.8,9.7,23.1,7.5,15.2,175.0,13.3,7.45
63.6,64.2,63.0,63.4,62.6,64.2,58.5,57.6,59.4,43.4,40.4,46.4,0.959,10.7,0.292,9.73,8.85,15.3,0.269,6.93,5.67,0.0389,1.01,0.901,82.7,68,170,64,800,8.4,23.6,11.9,10.4,9.5,10.1,11.9,11.8,10.2,11.1,12.3,22.4,8.1,15.0,177.0,13.3,7.78
61.7,61.0,62.4,68.7,69.4,68.0,58.3,59.4,57.2,42.1,42.4,41.8,0.958,10.9,0.287,9.86,8.85,15.5,0.266,6.87,5.67,0.0398,1.0,0.891,81.2,66,140,51,800,7.9,23.3,10.9,10.8,10.8,10.1,11.4,10.6,9.6,10.4,11.8,20.6,6.9,15.2,170.0,13.6,8.4
65.0,64.8,65.2,65.9,66.6,65.2,63.5,62.4,64.6,44.5,41.6,47.4,0.955,10.9,0.295,9.96,9.0,15.9,0.271,7.04,5.58,0.039,1.01,0.934,79.8,65,130,47,800,7.0,23.3,9.8,10.0,11.2,11.1,12.4,11.0,8.3,12.4,11.3,20.2,6.7,13.5,168.0,13.7,8.48
63.5,61.6,65.4,63.2,63.8,62.6,61.3,61.0,61.6,43.7,43.0,44.4,1.02,11.5,0.314,10.5,9.67,16.7,0.293,7.48,6.02,0.0409,1.03,0.983,78.8,64,140,48,800,8.2,23.7,11.2,9.6,11.0,11.4,12.4,10.4,8.5,11.1,11.4,21.1,7.3,15.3,173.0,13.1,8.88
64.5,63.2,65.8,63.9,62.8,65.0,59.6,60.0,59.2,43.0,44.6,41.4,1.09,12.1,0.335,10.9,10.1,17.6,0.311,7.91,6.31,0.041,1.05,1.04,77.6,63,140,49,800,8.1,22.0,12.1,10.7,11.6,12.2,11.1,9.8,10.9,9.1,10.4,23.1,8.0,17.3,176.0,13.1,8.92
64.8,64.2,65.4,59.9,62.6,57.2,59.3,60.0,58.6,38.4,35.2,41.6,1.16,12.7,0.348,11.7,10.8,18.6,0.329,8.31,6.61,0.0401,1.07,1.09,77.0,63,140,52,800,7.7,22.4,10.6,10.7,11.9,11.9,9.8,10.5,12.2,9.7,9.9,22.4,8.2,16.4,174.0,13.0,8.53
61.6,61.6,61.6,34.2,31.0,37.4,64.4,63.2,65.6,27.7,26.0,29.4,1.23,13.4,0.368,12.2,11.3,19.5,0.345,8.76,7.02,0.0392,1.09,1.15,76.1,62,140,51,800,8.0,23.7,12.4,11.9,10.8,10.4,9.6,11.1,11.1,10.9,9.6,22.8,8.0,15.2,176.0,11.3,7.53
61.3,60.0,62.6,65.1,67.0,63.2,57.6,57.4,57.8,52.4,49.6,55.2,0.964,10.8,0.295,9.69,8.96,15.4,0.266,7.02,5.69,0.0415,0.387,0.897,113.0,100,280,110,800,49.5,22.1,11.4,9.1,9.9,9.9,10.2,10.5,9.8,9.5,9.2,19.9,7.0,14.2,202.0,13.1,6.42
62.9,64.2,61.6,66.5,67.4,65.6,58.9,59.0,58.8,52.0,52.6,51.4,0.956,11.0,0.293,9.61,8.97,15.3,0.262,6.98,5.65,0.0415,0.389,0.907,102.0,90,210,53,800,24.8,22.7,10.6,10.4,10.8,10.4,11.4,10.9,9.8,9.6,10.0,20.9,5.9,17.2,185.0,16.7,8.77
61.3,61.2,61.4,66.7,67.2,66.2,59.5,59.8,59.2,52.1,50.6,53.6,0.975,10.7,0.287,9.87,9.1,15.1,0.263,7.06,5.53,0.0404,0.393,0.913,95.7,82,140,50,800,7.7,22.4,10.4,9.3,9.9,10.9,12.2,11.5,9.7,9.5,9.9,21.3,6.4,16.3,167.0,19.0,10.4
61.5,62.0,61.0,67.4,66.6,68.2,58.6,58.4,58.8,55.9,55.8,56.0,0.951,10.8,0.292,9.66,9.07,15.1,0.267,6.92,5.57,0.0397,0.386,0.907,90.0,76,140,50,800,7.5,22.1,7.8,11.3,11.0,10.5,11.4,12.6,11.2,11.1,10.5,21.3,7.2,15.1,171.0,19.7,10.7
65.3,65.0,65.6,64.1,65.6,62.6,56.3,55.4,57.2,49.7,48.6,50.8,0.966,10.8,0.291,9.72,9.14,15.2,0.264,6.99,5.6,0.0407,0.388,0.903,86.7,72,140,50,800,9.2,21.1,8.0,12.3,10.6,10.5,11.9,11.1,12.3,11.1,10.7,21.4,7.0,14.4,172.0,19.8,11.3
64.2,63.4,65.0,67.4,68.8,66.0,73.4,71.6,75.2,51.3,51.0,51.6,0.958,10.9,0.29,9.78,9.01,15.4,0.261,6.87,5.59,0.0408,1.04,0.898,85.1,71,160,58,800,7.8,22.3,10.1,11.5,10.0,11.5,11.2,10.3,11.6,10.9,9.6,21.3,6.7,15.3,170.0,19.9,11.1
65.1,65.6,64.6,65.4,66.2,64.6,59.9,58.6,61.2,48.8,46.6,51.0,0.952,10.8,0.291,9.56,9.18,15.4,0.266,6.91,5.57,0.0402,1.04,0.908,83.8,70,170,63,800,7.0,24.7,11.0,11.9,9.4,12.4,9.5,10.2,11.2,10.4,9.1,22.2,7.3,15.7,172.0,19.2,10.8
64.3,64.0,64.6,67.7,68.8,66.6,60.4,59.4,61.4,48.4,47.6,49.2,0.975,10.9,0.296,9.64,9.12,15.5,0.272,6.95,5.53,0.0406,1.04,0.903,82.0,68,160,56,800,6.9,23.1,11.1,11.5,9.9,12.2,10.1,10.1,12.3,10.5,8.4,22.9,8.4,16.2,174.0,18.5,11.0
60.1,60.8,59.4,67.2,67.2,67.2,60.0,61.0,59.0,48.9,49.1,48.7,0.951,10.8,0.293,9.34,9.04,15.2,0.27,6.95,5.54,0.0398,1.05,0.912,81.4,68,170,55,800,6.8,22.2,10.9,9.2,11.1,10.9,10.0,12.6,11.4,11.2,10.6,22.0,8.3,15.9,173.0,18.2,11.1
63.9,65.0,62.8,71.7,71.8,71.6,59.9,61.6,58.2,49.6,48.3,50.9,0.958,10.8,0.296,9.47,9.24,15.1,0.272,6.95,5.62,0.0419,1.04,0.9,79.6,65,160,52,800,6.8,23.7,11.5,9.6,9.8,10.2,10.2,13.2,9.0,10.8,11.5,22.4,6.8,15.0,171.0,17.7,10.5
66.8,65.6,68.0,63.7,65.2,62.2,56.6,55.2,58.0,47.5,44.8,50.2,0.952,10.8,0.289,9.43,9.11,15.4,0.26,6.9,5.5,0.041,1.05,0.908,79.0,65,150,54,800,7.4,22.4,12.1,9.9,10.8,11.4,10.3,11.5,9.5,10.3,9.9,22.3,6.1,15.8,170.0,16.5,11.2
61.7,61.2,62.2,65.8,68.0,63.6,58.2,57.6,58.8,49.9,47.3,52.5,0.934,10.8,0.279,9.58,9.11,15.5,0.255,6.84,5.56,0.04,1.04,0.9,78.3,64,170,59,800,6.8,19.1,10.6,10.2,12.1,12.8,10.4,11.6,11.4,10.0,9.4,22.4,6.6,15.8,169.0,17.4,11.2
64.5,64.8,64.2,64.9,64.6,65.2,60.6,59.2,62.0,46.5,45.2,47.7,0.921,10.8,0.277,9.38,9.03,15.3,0.253,6.82,5.61,0.0408,1.04,0.889,77.5,64,150,55,800,6.7,21.5,9.2,12.1,10.8,13.0,11.6,11.8,11.8,10.1,8.4,22.1,6.1,15.1,170.0,17.7,11.2
65.3,66.8,63.8,67.7,67.8,67.6,59.7,59.4,60.0,48.1,47.2,49.0,0.916,10.6,0.276,9.39,8.94,15.1,0.254,6.84,5.55,0.0423,1.04,0.882,76.8,64,150,56,800,7.5,23.3,11.0,12.2,10.9,11.5,11.1,10.5,10.8,11.7,8.9,22.9,6.8,15.3,174.0,17.1,10.5
63.9,63.0,64.8,64.1,65.4,62.8,57.8,57.8,57.8,48.5,51.0,46.0,0.961,11.1,0.29,9.84,9.56,16.2,0.275,7.03,5.79,0.0403,1.05,0.952,76.7,64,160,62,800,6.5,24.2,11.0,10.7,10.7,11.8,11.8,8.8,11.4,10.9,11.2,23.9,7.8,14.6,175.0,17.5,10.2
65.0,65.2,64.8,68.6,69.6,67.6,59.0,58.8,59.2,48.7,50.0,47.4,1.03,11.8,0.311,10.3,10.2,16.9,0.293,7.51,6.1,0.0423,1.07,0.998,76.8,64,190,68,800,6.5,26.1,9.8,10.4,11.3,12.4,12.2,9.1,11.3,8.6,12.1,22.6,7.3,15.2,175.0,17.4,10.1
61.7,60.2,63.2,64.8,66.2,63.4,58.4,59.0,57.8,48.0,47.6,48.4,1.1,12.3,0.328,10.9,10.7,17.8,0.308,7.99,6.47,0.0413,1.09,1.05,76.3,64,170,64,800,6.8,25.2,10.7,10.6,12.9,10.3,10.0,10.2,11.4,9.1,11.9,24.9,9.0,15.1,178.0,16.7,9.44
65.1,67.4,62.8,67.4,69.2,65.6,59.7,57.6,61.8,51.3,52.9,49.7,1.14,12.9,0.342,11.4,11.1,18.8,0.336,8.46,6.77,0.0405,1.11,1.12,76.1,63,170,55,800,7.5,24.3,11.8,10.3,10.7,9.9,9.9,11.3,10.6,10.0,11.5,24.0,9.1,15.3,176.0,16.6,9.98
66.0,66.0,66.0,67.5,69.8,65.2,60.5,59.6,61.4,49.1,48.9,49.3,1.22,13.5,0.361,12.1,11.8,19.6,0.357,8.85,7.19,0.0424,1.13,1.16,75.5,63,170,54,800,8.0,23.4,10.8,10.8,10.0,9.8,9.3,12.2,10.4,10.7,11.3,21.6,7.1,15.5,171.0,17.5,10.0
63.2,65.4,61.0,61.1,62.2,60.0,57.8,57.0,58.6,43.6,40.4,46.8,1.26,14.3,0.373,12.5,12.3,20.4,0.371,9.22,7.53,0.0406,1.15,1.21,74.9,62,150,52,800,8.4,24.2,9.5,11.7,12.4,9.7,10.3,10.9,12.6,11.1,10.7,21.7,6.9,15.7,176.0,16.6,10.6
62.6,65.0,60.2,33.8,35.4,32.2,59.7,59.4,60.0,28.9,28.0,29.8,1.32,14.3,0.378,12.8,12.4,20.9,0.381,9.61,7.71,0.0405,1.16,1.24,75.1,62,180,56,800,8.4,24.2,9.3,10.3,11.9,11.2,11.2,10.6,11.2,8.9,10.5,19.3,6.2,15.8,169.0,15.0,9.62
63.1,62.4,63.8,75.6,76.4,74.8,61.6,61.2,62.0,64.3,65.4,63.2,0.919,10.9,0.268,9.41,9.08,15.4,0.27,6.91,5.59,0.0416,0.382,0.883,137.0,110,350,150,800,49.7,22.4,9.4,9.1,10.8,9.2,9.9,11.8,11.2,10.9,10.9,20.5,6.2,12.5,205.0,18.8,8.27
63.2,62.0,64.4,74.7,76.0,73.4,55.3,56.4,54.2,62.9,61.6,64.2,0.932,10.9,0.278,9.58,9.16,15.5,0.272,6.88,5.59,0.0417,0.378,0.88,123.0,100,310,73,800,23.3,24.5,11.4,9.7,10.7,10.4,9.9,12.5,12.0,10.5,11.2,22.2,7.5,14.5,190.0,23.8,12.0
62.2,62.6,61.8,74.5,74.8,74.2,59.4,59.0,59.8,61.9,62.0,61.8,0.928,10.8,0.276,9.43,8.99,15.5,0.272,6.88,5.63,0.0396,0.375,0.878,114.0,92,160,58,800,6.2,21.2,11.9,11.1,11.5,10.9,10.6,11.0,11.1,9.5,11.2,22.7,8.1,13.9,171.0,26.5,14.7
62.3,61.8,62.8,79.4,81.4,77.4,57.7,58.2,57.2,62.4,59.8,65.0,0.921,10.9,0.279,9.54,9.09,15.3,0.282,6.82,5.7,0.0398,0.377,0.891,107.0,86,170,57,800,6.3,21.4,13.5,11.2,11.5,10.4,10.6,11.3,11.3,9.4,11.3,22.3,7.1,14.8,172.0,28.1,16.5
61.5,61.4,61.6,72.4,74.0,70.8,75.3,74.6,76.0,61.9,60.4,63.4,0.922,10.7,0.283,9.35,9.07,15.1,0.28,6.95,5.73,0.041,0.677,0.899,104.0,83,160,62,800,6.3,24.0,12.6,10.5,9.7,11.2,10.4,11.0,11.4,10.5,10.7,23.5,7.2,14.6,174.0,26.8,16.3
66.3,65.8,66.8,70.9,73.0,68.8,62.0,61.6,62.4,65.0,65.8,64.2,0.923,10.8,0.281,9.52,9.06,15.3,0.284,6.89,5.65,0.0422,1.03,0.914,99.6,80,160,63,800,6.3,23.4,12.0,9.1,10.6,12.9,10.6,10.2,12.3,9.7,11.1,24.0,7.3,13.4,173.0,26.9,16.5
65.9,66.0,65.8,69.8,70.6,69.0,61.1,61.2,61.0,60.3,59.0,61.6,0.936,11.0,0.282,9.64,9.16,15.6,0.281,6.9,5.7,0.0413,1.03,0.913,97.8,79,170,63,800,7.6,22.5,11.8,9.8,10.9,12.3,11.0,10.3,12.5,9.6,11.6,23.1,7.1,14.9,175.0,26.3,15.2
62.3,63.2,61.4,69.2,69.6,68.8,58.0,58.8,57.2,57.2,58.2,56.2,0.925,10.9,0.283,9.5,9.04,15.4,0.289,6.97,5.64,0.0425,1.03,0.896,95.5,76,190,65,800,7.8,21.3,12.3,10.1,9.8,11.5,11.0,10.4,11.8,12.1,10.2,23.0,8.1,16.2,176.0,26.9,15.2
61.8,61.2,62.4,70.9,71.2,70.6,60.2,61.2,59.2,60.6,59.8,61.4,0.903,10.8,0.279,9.57,8.93,15.3,0.291,6.92,5.66,0.0415,1.03,0.904,93.6,75,170,61,800,8.1,22.6,12.3,9.9,9.7,10.8,11.2,12.5,11.2,10.4,9.3,21.5,7.7,15.2,172.0,25.2,15.2
63.2,64.0,62.4,69.9,71.0,68.8,58.0,58.4,57.6,59.8,57.4,62.2,0.896,10.9,0.277,9.41,8.89,15.4,0.292,6.77,5.65,0.0417,1.03,0.917,92.0,73,170,61,800,8.1,24.9,11.2,10.1,11.0,8.9,10.5,12.1,11.8,9.9,9.0,21.2,7.3,15.2,171.0,25.3,14.5
62.0,62.4,61.6,74.9,75.4,74.4,60.6,59.0,62.2,60.5,58.6,62.4,0.91,10.8,0.276,9.5,8.94,15.3,0.275,6.77,5.64,0.0427,1.03,0.904,90.3,72,160,60,800,8.7,22.9,11.1,11.9,11.4,10.1,10.6,10.6,11.7,10.6,8.7,22.1,8.3,16.2,175.0,25.0,14.8
61.1,61.2,61.0,71.3,70.8,71.8,57.1,55.8,58.4,61.6,62.0,61.2,0.904,10.7,0.275,9.52,8.95,15.2,0.272,6.77,5.59,0.0417,1.02,0.897,88.6,71,150,56,800,8.8,23.4,9.8,13.2,12.2,11.3,10.5,10.6,9.3,9.7,9.4,22.4,7.8,14.2,173.0,25.0,15.8
65.3,65.0,65.6,72.0,72.6,71.4,60.9,60.2,61.6,60.1,59.8,60.4,0.919,10.8,0.279,9.53,8.86,15.5,0.277,6.81,5.54,0.0429,1.02,0.916,87.6,71,150,61,800,8.2,24.0,10.1,12.1,12.1,10.4,10.3,10.6,11.0,10.4,9.5,22.2,6.7,13.8,171.0,24.8,15.6
64.1,62.2,66.0,74.8,75.8,73.8,60.1,61.4,58.8,59.5,57.2,61.8,0.924,10.8,0.282,9.41,9.0,15.2,0.281,6.69,5.73,0.042,1.03,0.919,86.6,71,170,63,800,8.2,20.3,10.6,11.2,12.6,10.2,10.3,11.4,11.6,11.1,10.8,23.8,7.6,14.7,174.0,25.5,15.7
61.6,61.8,61.4,69.8,72.4,67.2,59.6,61.0,58.2,59.5,58.0,61.0,0.974,11.2,0.298,9.93,9.41,16.1,0.295,7.0,5.85,0.0435,1.04,0.969,87.5,71,220,69,800,7.9,19.2,10.4,10.9,13.1,10.2,12.2,10.9,10.2,10.9,10.6,24.3,8.1,15.2,174.0,25.3,16.3
63.4,64.0,62.8,74.1,75.2,73.0,57.9,57.6,58.2,63.1,62.0,64.2,1.02,11.9,0.312,10.4,9.92,16.9,0.307,7.44,6.1,0.0426,1.06,1.02,87.0,71,220,68,800,7.4,20.4,11.2,12.5,11.2,10.6,12.5,9.4,10.4,11.2,9.5,22.8,8.0,15.3,172.0,25.1,15.3
64.2,65.0,63.4,73.5,74.0,73.0,61.2,60.2,62.2,58.3,57.4,59.2,1.07,12.3,0.326,11.0,10.4,18.0,0.33,7.89,6.51,0.0428,1.08,1.08,87.0,71,190,71,800,8.0,22.3,11.7,10.8,9.7,11.0,11.7,10.3,10.4,11.2,10.5,22.7,7.1,15.3,173.0,25.9,16.3
63.4,62.6,64.2,62.5,63.6,61.4,60.4,61.0,59.8,40.8,41.2,40.4,1.13,13.0,0.349,11.6,10.9,18.8,0.341,8.25,6.8,0.0429,1.1,1.13,86.0,70,170,67,800,7.8,22.9,12.1,11.0,10.5,10.7,12.4,12.2,11.6,10.2,10.9,23.2,6.7,14.7,177.0,23.9,16.0
68.2,68.0,68.4,72.8,74.0,71.6,60.5,60.0,61.0,68.0,66.2,69.8,0.957,10.8,0.287,9.73,8.94,15.7,0.281,6.77,5.5,0.0421,0.723,0.878,149.0,130,310,150,800,61.0,17.1,8.9,9.0,8.9,7.5,9.9,8.6,8.9,7.7,8.8,18.0,5.9,11.1,191.0,19.8,8.21
59.9,59.4,60.4,79.2,80.6,77.8,60.3,60.4,60.2,60.7,60.4,61.0,0.934,10.7,0.29,9.43,8.84,15.4,0.278,6.86,5.62,0.0422,0.366,0.887,131.0,110,300,120,800,36.9,21.4,12.5,10.0,10.6,9.7,11.1,9.5,9.6,10.9,10.6,22.3,7.3,13.6,196.0,24.5,11.2
62.6,61.8,63.4,71.2,74.2,68.2,56.7,57.4,56.0,65.2,62.8,67.6,0.93,10.7,0.285,9.32,8.79,15.2,0.278,6.78,5.59,0.0418,0.367,0.901,122.0,100,180,61,800,14.7,23.2,12.3,10.4,9.1,9.8,11.7,9.4,10.7,11.5,12.2,23.1,7.3,15.0,180.0,28.6,16.1
62.9,62.2,63.6,68.8,68.6,69.0,59.0,58.2,59.8,69.0,67.2,70.8,0.926,10.6,0.289,9.3,8.84,15.2,0.268,6.77,5.56,0.0419,0.368,0.906,111.0,95,160,52,800,6.7,22.6,11.8,9.5,11.1,9.7,9.7,9.4,12.2,10.1,11.3,21.8,8.0,14.4,168.0,28.9,17.2
64.6,65.8,63.4,75.9,76.6,75.2,57.1,58.6,55.6,63.6,63.0,64.2,0.943,10.7,0.288,9.48,8.86,15.5,0.263,6.75,5.52,0.041,0.369,0.912,107.0,91,160,54,800,5.9,21.6,13.3,10.2,12.6,12.3,8.9,10.1,11.5,9.7,10.9,21.3,8.5,14.3,171.0,29.2,17.0
67.2,66.2,68.2,68.8,69.8,67.8,58.7,57.2,60.2,64.5,66.0,63.0,0.972,10.6,0.29,9.44,9.01,15.4,0.268,6.76,5.62,0.0422,0.371,0.9,104.0,88,180,69,800,6.0,23.6,12.0,10.6,12.5,13.8,8.5,10.2,11.0,10.4,12.8,22.6,7.9,14.4,176.0,28.5,17.3
58.9,59.4,58.4,72.1,73.6,70.6,71.3,73.4,69.2,65.8,63.6,68.0,0.953,10.6,0.291,9.47,9.04,15.3,0.272,6.78,5.69,0.0424,0.999,0.897,100.0,85,180,65,800,6.2,24.9,10.9,10.4,12.1,14.4,9.7,9.5,12.8,11.0,12.2,25.0,8.1,13.6,181.0,29.4,17.1
66.7,67.8,65.6,73.2,76.2,70.2,59.1,59.2,59.0,61.3,61.6,61.0,0.942,10.6,0.288,9.33,8.82,15.4,0.27,6.81,5.68,0.0428,1.0,0.928,101.0,85,230,72,800,6.5,22.6,12.7,11.5,9.6,12.0,10.9,8.2,13.4,10.5,10.9,23.7,7.6,12.9,173.0,28.6,15.5
62.4,63.6,61.2,71.1,71.0,71.2,58.8,57.4,60.2,61.0,61.8,60.2,0.931,10.6,0.288,9.31,9.05,15.3,0.264,6.79,5.73,0.0425,1.01,0.917,97.9,82,220,68,800,6.3,23.7,13.1,12.9,9.9,9.1,10.6,8.5,11.9,9.6,11.3,21.9,6.7,15.7,171.0,29.6,15.6
64.9,64.0,65.8,67.6,69.6,65.6,61.0,59.6,62.4,63.2,60.6,65.8,0.925,10.5,0.289,9.54,8.81,15.6,0.268,6.82,5.62,0.0437,0.998,0.91,96.6,81,170,64,800,7.5,23.9,12.3,13.0,8.9,9.6,10.9,12.0,10.7,11.9,12.2,23.8,6.4,16.1,179.0,26.7,14.7
62.2,62.4,62.0,77.5,77.2,77.8,58.2,56.8,59.6,56.4,58.2,54.6,0.934,10.6,0.287,9.44,8.89,15.3,0.268,6.76,5.64,0.0412,1.0,0.911,94.4,79,180,65,800,7.8,23.6,12.3,11.7,8.6,11.0,10.9,12.1,10.3,11.2,11.6,23.5,7.0,15.4,177.0,25.4,15.0
63.4,64.8,62.0,70.0,70.8,69.2,57.7,57.6,57.8,62.7,63.2,62.2,0.937,10.6,0.287,9.35,8.95,15.4,0.272,6.74,5.79,0.0434,1.0,0.911,94.1,78,200,62,800,7.2,25.3,12.6,11.3,11.3,11.4,11.6,9.6,10.3,10.3,9.6,21.9,7.1,15.9,175.0,25.7,15.2
61.3,61.8,60.8,70.2,71.0,69.4,60.7,60.0,61.4,63.6,63.0,64.2,0.951,10.8,0.288,9.46,8.9,15.1,0.264,6.8,5.67,0.0435,1.0,0.905,92.0,76,200,60,800,7.0,23.8,10.8,11.9,11.4,11.5,11.1,10.6,11.1,11.8,8.8,22.0,6.9,15.8,175.0,26.9,15.4
65.2,63.6,66.8,80.7,81.6,79.8,60.1,60.0,60.2,58.9,57.4,60.4,0.926,10.8,0.28,9.43,8.99,15.4,0.271,6.83,5.75,0.0424,0.995,0.919,90.9,75,150,60,800,8.1,23.2,10.5,10.7,10.9,11.9,10.5,10.8,10.4,12.2,10.1,22.1,6.6,15.5,174.0,26.5,15.2
63.5,61.6,65.4,69.8,71.0,68.6,59.2,59.4,59.0,63.7,64.6,62.8,0.936,10.8,0.288,9.25,9.06,15.6,0.273,6.79,5.66,0.0427,1.01,0.935,90.1,75,170,68,800,8.6,23.9,12.5,8.5,11.4,12.5,10.6,9.7,10.8,11.2,10.2,22.4,7.1,13.2,173.0,27.6,17.4
63.1,62.8,63.4,71.4,72.4,70.4,58.3,56.2,60.4,64.1,63.2,65.0,1.01,11.3,0.3,9.96,9.75,16.4,0.289,7.16,5.94,0.0435,1.02,0.998,88.8,74,150,60,800,8.2,21.6,12.2,8.9,11.3,12.0,10.7,10.5,10.9,11.5,10.2,24.0,7.4,14.0,173.0,28.2,15.6
65.3,64.2,66.4,71.7,73.6,69.8,58.2,59.6,56.8,59.4,59.4,59.4,1.06,11.9,0.314,10.4,10.2,17.4,0.308,7.48,6.37,0.0416,1.04,1.05,88.5,74,180,60,800,8.3,21.1,10.5,9.8,10.7,9.9,10.8,10.9,11.0,12.8,11.9,23.7,6.8,16.1,174.0,27.7,16.5
64.5,62.8,66.2,64.1,63.8,64.4,61.2,59.8,62.6,51.8,50.8,52.8,1.12,12.4,0.331,10.9,10.8,18.3,0.317,8.04,6.63,0.0424,1.06,1.1,87.9,73,190,64,800,7.1,23.5,9.8,10.8,10.2,9.8,10.7,11.4,11.5,11.6,11.8,22.8,7.2,16.4,175.0,26.5,16.1
62.9,62.0,63.8,43.3,42.8,43.8,60.5,60.0,61.0,33.6,36.4,30.8,1.19,13.0,0.351,11.6,11.3,19.2,0.337,8.5,7.0,0.0426,1.08,1.16,86.5,72,160,55,800,6.3,23.4,10.5,10.5,9.9,9.9,11.0,11.2,11.1,11.9,10.4,23.6,7.5,15.6,173.0,23.0,15.0
68.9,67.2,70.6,65.2,64.8,65.6,60.8,60.8,60.8,36.2,36.4,36.0,0.975,11.2,0.289,9.67,9.02,16.2,0.27,6.8,5.61,0.0393,0.38,0.87,246.0,210,710,300,1000,27.1,25.2,12.3,12.1,12.5,11.7,11.6,13.6,12.2,11.3,11.2,24.0,8.3,20.8,214.0,8.24,4.86
72.6,73.8,71.4,61.4,61.0,61.8,60.5,60.6,60.4,36.6,35.8,37.4,0.994,11.1,0.296,9.72,9.05,16.4,0.275,6.78,5.76,0.0393,0.376,0.875,227.0,200,560,180,1000,16.9,25.6,13.5,12.3,12.4,12.5,14.1,13.8,14.1,11.1,11.6,27.7,9.5,19.7,215.0,8.41,4.4
68.8,68.2,69.4,64.1,64.0,64.2,63.7,62.2,65.2,38.8,39.0,38.6,0.99,11.1,0.299,9.62,9.03,16.1,0.283,6.89,5.9,0.0379,0.382,0.889,223.0,200,400,130,1000,8.5,26.8,14.5,13.7,14.8,11.5,14.8,14.6,13.0,11.6,13.3,30.0,10.0,17.3,214.0,7.81,4.65
70.1,69.6,70.6,61.5,61.8,61.2,64.1,63.4,64.8,35.2,37.0,33.4,0.993,11.3,0.3,9.83,9.14,16.6,0.283,6.91,5.97,0.0392,0.385,0.898,208.0,180,330,120,1000,8.2,26.9,15.0,13.8,16.4,10.9,12.3,13.2,13.8,14.1,13.6,30.7,8.9,17.9,216.0,8.35,4.95
70.1,70.4,69.8,63.3,63.0,63.6,76.3,79.2,73.4,35.2,33.8,36.6,1.02,11.3,0.307,9.93,8.96,16.7,0.289,6.99,5.93,0.038,0.684,0.897,210.0,180,400,120,1000,8.5,28.9,13.1,13.7,13.6,12.9,12.7,12.0,14.8,14.5,12.0,29.3,9.6,19.7,215.0,8.02,4.83
69.7,68.2,71.2,62.7,63.2,62.2,62.8,63.6,62.0,33.7,31.2,36.2,1.02,11.3,0.313,9.78,9.05,17.2,0.295,7.01,6.06,0.0387,1.01,0.906,203.0,170,400,150,1000,8.2,28.9,13.2,13.8,14.1,15.0,13.5,11.6,12.2,14.2,13.2,27.9,10.3,17.9,214.0,7.71,4.7
68.2,65.2,71.2,60.7,62.4,59.0,65.6,65.6,65.6,35.2,38.4,32.0,1.07,11.3,0.315,10.0,9.18,17.0,0.293,7.01,6.11,0.0377,1.02,0.909,192.0,160,220,97,1000,9.2,26.6,14.1,12.9,15.6,14.3,13.2,11.7,12.2,14.1,15.3,29.1,10.2,17.0,216.0,7.68,4.83
71.0,72.4,69.6,62.6,63.4,61.8,61.0,61.2,60.8,36.2,34.2,38.2,1.05,11.4,0.324,10.1,9.29,17.2,0.301,7.13,6.19,0.0383,1.01,0.915,195.0,160,440,110,1000,8.3,27.9,13.5,12.2,13.0,14.3,12.3,11.8,11.9,13.0,15.3,27.0,8.2,18.1,207.0,7.65,4.42
68.3,69.0,67.6,67.1,66.2,68.0,64.6,64.2,65.0,34.1,35.6,32.6,1.06,11.4,0.327,10.1,9.16,17.3,0.303,7.19,6.38,0.0374,1.02,0.913,188.0,150,440,130,1000,7.6,27.6,13.5,13.9,11.3,13.6,12.4,14.2,12.2,14.8,14.1,26.1,8.7,19.3,209.0,7.23,4.11
69.9,68.0,71.8,63.6,62.8,64.4,60.9,61.6,60.2,36.0,35.6,36.4,1.07,11.3,0.334,10.3,9.23,17.6,0.307,7.24,6.29,0.0383,1.02,0.921,191.0,150,420,120,1000,8.8,27.0,12.4,15.9,13.1,10.9,14.4,14.8,13.5,14.7,11.8,28.0,9.8,20.4,216.0,7.36,4.93
71.1,73.2,69.0,62.2,62.0,62.4,63.1,62.8,63.4,35.2,32.2,38.2,1.08,11.6,0.332,10.3,9.2,17.8,0.312,7.22,6.42,0.0383,1.02,0.925,187.0,150,420,140,1000,8.9,27.5,12.4,15.7,14.8,12.2,13.4,14.0,11.6,12.2,12.4,29.2,9.3,17.3,211.0,7.49,4.86
69.7,70.8,68.6,61.0,60.6,61.4,62.7,62.4,63.0,33.4,30.6,36.2,1.09,11.7,0.335,10.3,9.24,17.8,0.311,7.2,6.54,0.0382,1.03,0.924,183.0,140,270,110,1000,9.1,29.0,14.6,15.2,12.8,13.9,13.0,14.0,11.9,13.0,13.6,29.4,9.8,17.7,217.0,7.2,5.06
71.3,68.8,73.8,61.3,62.8,59.8,65.7,65.6,65.8,34.7,32.0,37.4,1.14,12.0,0.344,10.8,9.53,18.8,0.331,7.33,6.78,0.0371,1.03,0.989,181.0,140,280,120,1000,8.2,28.9,13.2,14.1,12.5,12.1,12.5,13.8,13.7,14.4,14.0,28.0,9.5,19.6,215.0,7.12,5.0
70.3,72.0,68.6,60.3,61.8,58.8,65.1,65.0,65.2,34.3,31.6,37.0,1.23,12.6,0.372,11.4,10.1,20.0,0.353,7.79,7.19,0.0382,1.06,1.04,181.0,140,310,140,1000,9.9,28.0,12.6,14.8,12.5,11.6,10.8,13.3,13.2,13.4,14.5,27.6,9.4,17.4,209.0,6.8,4.99
69.9,70.0,69.8,61.7,60.4,63.0,62.9,61.8,64.0,33.3,34.4,32.2,1.29,13.3,0.392,12.1,10.5,21.0,0.373,8.23,7.61,0.0391,1.08,1.11,182.0,140,370,180,1000,11.5,27.1,13.7,15.2,11.9,12.9,11.3,11.2,14.2,13.6,14.7,30.1,10.3,17.9,216.0,6.64,4.12
72.2,70.6,73.8,56.3,56.8,55.8,65.8,65.0,66.6,29.7,29.0,30.4,1.38,14.0,0.414,12.8,11.3,22.0,0.399,8.69,7.98,0.038,1.1,1.16,181.0,150,340,180,1000,9.0,24.6,12.8,13.8,13.1,13.8,13.0,11.5,14.9,14.3,14.9,31.5,11.9,17.0,216.0,6.11,4.04
70.5,68.8,72.2,65.2,65.2,65.2,63.2,64.0,62.4,44.7,43.2,46.2,1.14,11.7,0.333,10.4,9.2,18.2,0.327,7.09,6.61,0.0379,0.728,0.938,250.0,210,680,300,1000,32.6,24.3,13.4,11.2,11.2,11.7,10.0,11.3,12.8,11.9,11.4,24.2,7.9,16.9,211.0,13.6,7.17
70.0,70.4,69.6,66.8,68.4,65.2,62.4,62.6,62.2,45.0,47.0,43.0,1.12,11.5,0.333,10.5,9.4,18.0,0.326,7.03,6.6,0.0371,0.4,0.922,243.0,210,520,230,1000,22.7,24.7,12.8,11.7,12.5,16.0,12.2,10.5,14.6,12.9,12.0,26.6,7.3,17.9,214.0,14.8,7.86
69.3,71.8,66.8,66.3,68.2,64.4,76.0,75.2,76.8,46.9,44.2,49.6,1.1,11.4,0.33,10.3,9.15,18.0,0.325,7.13,6.59,0.0382,0.903,0.937,229.0,200,370,150,1000,14.2,27.3,12.3,12.3,13.6,16.8,12.9,11.4,14.7,13.6,12.8,29.1,7.8,18.5,217.0,15.4,8.53
66.1,67.6,64.6,69.2,70.8,67.6,60.8,59.4,62.2,45.2,47.6,42.8,1.09,11.6,0.321,10.2,9.24,17.9,0.315,7.17,6.55,0.0383,1.05,0.915,212.0,180,260,110,1000,10.1,28.5,12.7,13.1,14.6,12.8,13.6,13.1,13.7,13.1,13.6,28.4,8.5,17.2,213.0,14.7,8.62
69.7,69.4,70.0,63.9,66.0,61.8,64.0,65.2,62.8,44.9,43.0,46.8,1.09,11.4,0.328,10.4,9.22,18.1,0.32,7.08,6.55,0.0397,1.04,0.917,201.0,170,270,88,1000,8.8,27.4,14.1,13.4,14.1,12.7,14.1,11.7,14.2,13.9,14.0,26.2,8.4,15.6,209.0,14.1,8.77
69.2,70.6,67.8,71.8,71.6,72.0,60.5,61.8,59.2,43.8,42.8,44.8,1.07,11.7,0.325,10.2,9.19,17.9,0.314,7.1,6.58,0.0388,1.05,0.916,204.0,180,400,160,1000,7.8,26.8,13.4,11.0,14.8,14.8,13.9,11.9,13.5,14.1,15.6,25.8,8.3,16.3,208.0,14.5,7.72
68.3,69.2,67.4,64.1,64.8,63.4,62.6,61.0,64.2,45.2,45.2,45.2,1.1,11.5,0.325,10.2,9.2,17.9,0.317,7.01,6.59,0.0389,1.04,0.916,206.0,180,490,210,1000,9.3,27.3,11.5,9.2,15.6,14.1,14.4,12.0,12.8,13.6,15.3,28.0,9.1,18.6,211.0,14.2,9.1
67.3,69.4,65.2,64.2,63.8,64.6,61.5,60.6,62.4,40.4,38.6,42.2,1.07,11.5,0.318,10.2,9.17,18.2,0.315,6.91,6.46,0.0399,1.04,0.921,202.0,180,430,140,1000,9.7,26.6,13.1,11.8,14.9,14.4,14.1,11.2,11.9,13.5,14.2,28.2,8.5,19.3,211.0,13.3,8.46
69.7,72.4,67.0,65.3,65.0,65.6,61.6,62.8,60.4,43.2,40.6,45.8,1.04,11.4,0.327,10.1,9.14,17.9,0.311,7.1,6.42,0.039,1.05,0.912,200.0,170,410,130,1000,9.3,27.3,16.1,13.3,14.8,14.7,11.0,11.0,11.3,13.0,13.1,28.5,8.7,19.0,211.0,13.0,8.76
70.4,68.8,72.0,64.6,67.2,62.0,62.2,61.6,62.8,42.2,40.8,43.6,1.03,11.4,0.316,10.2,9.13,17.7,0.306,7.07,6.34,0.04,1.04,0.924,196.0,160,410,120,1000,9.1,27.6,14.9,13.3,15.0,11.8,10.7,13.0,11.4,14.7,11.4,31.1,8.6,17.3,210.0,13.8,8.3
70.4,69.4,71.4,64.8,65.6,64.0,62.8,62.4,63.2,43.8,43.7,43.9,1.03,11.6,0.316,10.2,9.28,17.8,0.303,7.09,6.41,0.0383,1.04,0.916,193.0,160,290,120,1000,9.5,28.0,13.0,13.7,13.6,11.5,12.4,13.6,11.3,13.7,12.3,29.3,8.1,17.0,207.0,13.6,8.95
70.6,71.0,70.2,65.2,65.4,65.0,59.9,61.2,58.6,43.0,44.3,41.7,1.02,11.3,0.307,9.95,9.19,17.9,0.298,7.14,6.47,0.0395,1.04,0.913,195.0,170,420,190,1000,9.5,26.2,14.4,13.1,12.3,12.3,11.8,13.1,11.1,13.9,12.2,25.8,9.8,19.7,205.0,13.1,8.03
68.0,66.4,69.6,65.0,64.2,65.8,65.9,64.2,67.6,43.3,45.8,40.8,1.04,11.6,0.313,10.1,9.37,18.0,0.303,7.19,6.59,0.0404,1.04,0.934,190.0,160,410,140,1000,8.6,27.4,14.1,12.5,12.6,14.2,11.4,14.2,13.2,15.8,13.9,26.9,9.3,20.1,214.0,13.3,8.1
71.5,71.0,72.0,67.1,68.4,65.8,60.1,60.8,59.4,44.8,44.8,44.8,1.08,12.1,0.331,10.6,9.92,19.1,0.317,7.41,6.8,0.0395,1.06,0.985,188.0,150,290,110,1000,8.5,29.3,11.4,12.7,13.2,13.9,13.6,14.9,13.2,13.4,15.9,26.9,8.2,18.8,214.0,13.6,7.58
67.0,65.8,68.2,64.6,63.6,65.6,65.3,66.0,64.6,42.6,41.6,43.6,1.15,12.9,0.348,11.2,10.5,20.0,0.338,7.85,7.22,0.0397,1.08,1.03,184.0,150,310,110,1000,9.1,26.7,11.1,13.2,12.1,12.7,14.2,14.9,13.0,12.7,14.6,26.1,9.0,18.9,208.0,13.2,7.96
69.9,70.4,69.4,64.5,64.2,64.8,61.4,61.6,61.2,45.4,45.0,45.8,1.21,13.5,0.369,11.9,11.1,21.1,0.353,8.38,7.66,0.0397,1.1,1.1,188.0,150,480,150,1000,9.7,27.9,11.9,12.2,10.6,15.6,12.2,13.3,13.8,13.9,12.7,25.2,8.4,17.1,205.0,13.3,7.61
71.9,71.0,72.8,48.0,49.2,46.8,63.4,62.4,64.4,29.9,30.6,29.2,1.29,14.2,0.385,12.5,11.6,22.3,0.375,8.74,8.04,0.0397,1.12,1.15,189.0,150,580,230,1000,9.1,27.4,11.0,13.2,13.1,17.0,13.0,12.1,13.0,13.8,12.7,26.9,8.7,16.2,207.0,12.3,7.3
69.8,73.6,66.0,70.9,72.2,69.6,77.5,75.8,79.2,54.9,52.4,57.4,1.06,11.7,0.319,10.3,9.25,17.8,0.295,7.13,6.4,0.0403,1.07,0.917,273.0,220,880,370,1000,26.0,26.5,11.3,12.2,11.5,12.3,11.8,11.9,14.0,12.3,12.7,22.0,7.4,18.3,210.0,20.3,9.46
68.5,65.8,71.2,70.5,70.4,70.6,64.4,64.4,64.4,51.3,50.2,52.4,1.08,11.6,0.324,10.3,9.39,17.9,0.3,7.12,6.44,0.0404,1.07,0.934,251.0,200,860,300,1000,16.9,25.6,12.9,13.0,13.4,12.5,12.2,12.4,15.2,14.0,14.4,29.2,9.7,18.1,220.0,20.1,10.8
70.0,68.4,71.6,69.6,70.6,68.6,57.7,57.2,58.2,51.6,50.2,53.0,1.06,11.6,0.326,10.3,9.3,17.8,0.292,7.18,6.44,0.0395,1.07,0.915,273.0,210,790,160,1000,10.9,25.9,14.2,12.1,13.4,12.5,11.9,12.2,13.6,12.7,15.1,29.7,10.9,17.7,213.0,19.5,11.5
67.5,66.8,68.2,68.7,69.2,68.2,61.9,63.2,60.6,51.7,50.0,53.4,1.06,11.7,0.322,10.1,9.39,17.9,0.293,7.15,6.46,0.0396,1.07,0.915,256.0,200,800,180,1000,9.6,27.2,13.8,11.1,12.5,14.5,12.6,13.6,13.7,12.6,13.7,26.8,8.7,20.1,211.0,19.2,11.5
71.8,72.6,71.0,70.4,69.4,71.4,60.9,60.6,61.2,51.5,51.6,51.4,1.04,11.6,0.318,10.2,9.53,17.8,0.287,7.05,6.5,0.0397,1.07,0.918,248.0,200,400,120,1000,9.0,29.8,13.9,12.1,12.4,14.8,13.5,13.8,13.3,12.3,14.3,27.9,8.1,19.7,215.0,19.1,11.5
69.7,68.0,71.4,70.7,72.2,69.2,60.1,62.2,58.0,46.5,46.8,46.2,1.05,11.5,0.318,10.1,9.46,17.9,0.288,7.1,6.48,0.0396,1.07,0.911,240.0,190,390,140,1000,9.3,28.4,14.0,13.7,13.3,13.9,12.2,12.7,13.3,12.3,14.2,25.9,8.4,16.5,208.0,18.6,11.1
68.1,67.6,68.6,66.2,69.0,63.4,64.8,63.0,66.6,48.2,48.8,47.6,1.02,11.7,0.32,10.2,9.36,17.8,0.29,7.07,6.36,0.0399,1.07,0.923,229.0,180,300,120,1000,8.8,28.5,13.9,13.0,12.8,13.9,12.0,12.2,12.1,14.3,12.8,27.6,8.7,18.3,209.0,18.2,11.4
69.0,68.8,69.2,69.8,70.8,68.8,57.8,57.4,58.2,49.3,50.0,48.6,0.992,11.5,0.316,10.2,9.25,17.9,0.284,6.99,6.31,0.0389,1.07,0.92,230.0,190,430,140,1000,8.8,29.7,11.3,13.5,10.2,14.8,13.0,12.3,12.5,14.3,11.8,24.8,7.4,18.7,203.0,17.7,9.89
68.1,68.4,67.8,68.5,69.4,67.6,64.4,64.0,64.8,49.5,50.2,48.8,1.0,11.6,0.314,10.2,9.33,17.9,0.291,6.96,6.46,0.0397,1.07,0.925,225.0,180,450,190,1000,9.9,26.5,12.7,14.0,10.5,13.3,13.6,13.2,15.0,14.2,13.3,25.2,8.0,18.3,208.0,17.1,10.3
69.9,67.2,72.6,71.5,72.8,70.2,58.7,59.6,57.8,49.8,50.2,49.4,1.0,11.4,0.317,10.2,9.28,17.9,0.29,7.03,6.4,0.0401,1.07,0.942,226.0,180,460,170,1000,9.0,27.8,15.5,13.3,13.3,10.9,12.4,13.3,14.1,13.3,14.7,27.7,9.1,18.4,213.0,17.3,10.3
69.2,69.6,68.8,67.4,69.8,65.0,63.6,63.4,63.8,50.9,50.0,51.8,1.02,11.4,0.315,10.1,9.2,17.9,0.292,6.92,6.42,0.0401,1.06,0.926,220.0,180,480,150,1000,9.2,29.7,14.5,13.6,15.5,11.9,11.1,13.9,11.2,11.5,14.3,27.4,10.0,17.2,211.0,16.7,10.7
70.5,73.8,67.2,66.2,67.2,65.2,60.3,62.0,58.6,46.5,43.0,50.0,1.0,11.4,0.319,10.1,9.23,17.7,0.294,7.0,6.42,0.0391,1.07,0.944,219.0,180,390,140,1000,9.0,26.0,13.1,13.0,17.3,13.3,10.9,14.7,11.2,13.3,14.0,27.2,9.8,16.6,209.0,17.6,10.5
73.3,75.2,71.4,67.9,67.6,68.2,65.6,63.0,68.2,49.6,49.8,49.4,1.04,11.7,0.33,10.3,9.48,18.6,0.307,7.04,6.6,0.0401,1.07,0.986,218.0,180,420,190,1000,8.7,24.7,13.7,13.4,16.3,13.3,10.7,14.0,11.6,14.6,10.4,27.7,9.1,20.9,209.0,17.4,10.2
68.6,68.4,68.8,69.8,71.6,68.0,64.1,65.2,63.0,47.6,46.4,48.8,1.14,12.4,0.355,11.0,10.1,19.7,0.326,7.56,6.87,0.0413,1.1,1.04,215.0,180,400,170,1000,9.4,26.8,14.9,12.8,14.0,13.2,10.4,13.5,12.6,13.4,10.0,28.3,10.5,22.3,212.0,17.8,10.5
70.2,69.6,70.8,67.5,69.0,66.0,62.3,62.0,62.6,50.2,50.2,50.2,1.23,12.9,0.368,11.5,10.7,20.6,0.347,7.98,7.4,0.0413,1.12,1.11,219.0,180,530,180,1000,10.3,25.7,13.6,11.1,12.6,13.5,11.7,13.9,13.2,14.4,12.0,27.0,10.3,18.7,208.0,17.0,11.1
69.7,68.6,70.8,67.5,68.8,66.2,62.0,61.6,62.4,51.6,52.0,51.2,1.3,13.7,0.393,12.1,11.2,21.6,0.367,8.41,7.79,0.0415,1.14,1.16,217.0,180,520,190,1000,10.2,25.6,14.1,12.6,12.5,14.0,11.9,13.8,12.3,15.1,11.6,28.1,9.7,18.1,210.0,17.0,11.0
69.0,67.0,71.0,68.4,68.4,68.4,62.9,62.4,63.4,48.7,52.6,44.8,1.37,14.3,0.41,12.7,11.8,22.6,0.389,8.89,8.2,0.0406,1.16,1.23,215.0,180,360,180,1000,8.4,27.5,15.2,13.0,11.9,14.3,12.2,12.6,13.2,14.2,13.4,30.2,10.1,18.5,215.0,17.0,10.6
68.8,69.4,68.2,67.3,68.2,66.4,63.5,63.8,63.2,47.7,49.8,45.6,1.45,15.0,0.431,13.5,12.3,23.9,0.407,9.37,8.66,0.0397,1.18,1.28,212.0,180,340,150,1000,8.7,28.3,14.5,13.7,11.0,13.5,14.8,11.3,13.2,12.8,12.9,28.5,9.7,18.0,211.0,17.5,11.7
69.4,69.6,69.2,59.0,57.2,60.8,78.7,80.2,77.2,33.7,33.8,33.6,1.52,15.8,0.448,13.9,12.6,24.4,0.422,9.77,9.01,0.0415,1.81,1.32,209.0,170,290,120,1000,9.3,27.9,12.8,14.3,12.3,12.6,16.0,14.4,13.5,12.4,12.7,27.0,9.1,16.5,211.0,15.8,10.5
69.2,71.0,67.4,74.1,75.0,73.2,62.8,61.2,64.4,63.4,61.7,65.1,1.13,11.7,0.329,10.2,9.07,17.9,0.314,6.95,6.56,0.0396,1.06,0.964,226.0,210,540,280,1000,33.9,25.9,12.2,12.8,14.0,13.1,11.5,10.2,11.9,11.3,11.0,24.2,8.0,14.1,214.0,23.8,12.9
66.8,65.4,68.2,74.0,76.2,71.8,64.0,63.6,64.4,62.5,61.1,63.9,1.15,11.7,0.333,10.2,9.13,17.8,0.314,7.13,6.46,0.0399,1.05,0.973,218.0,200,620,240,1000,23.9,29.0,12.9,12.6,13.5,11.7,13.1,11.6,12.4,12.0,14.4,26.3,8.0,16.0,217.0,28.1,15.6
69.5,68.0,71.0,74.6,75.2,74.0,64.3,64.2,64.4,61.7,60.0,63.5,1.14,11.7,0.326,10.1,9.07,18.0,0.303,7.1,6.43,0.0388,1.06,0.968,201.0,180,360,94,1000,13.1,29.0,13.1,11.1,13.6,12.1,12.1,12.2,12.0,13.2,14.8,27.1,9.5,17.9,211.0,26.9,16.4
69.2,67.0,71.4,72.1,71.4,72.8,60.3,62.0,58.6,62.7,61.3,64.1,1.12,11.7,0.33,10.1,9.04,17.7,0.308,7.0,6.39,0.0411,1.06,0.967,192.0,170,240,110,1000,8.5,30.7,13.1,12.0,13.8,14.4,11.6,12.0,13.5,13.1,12.8,25.1,8.0,17.5,206.0,26.9,16.3
69.9,69.2,70.6,75.5,76.6,74.4,59.2,59.2,59.2,65.1,65.6,64.6,1.12,11.5,0.318,10.3,9.0,18.0,0.302,6.96,6.5,0.0414,1.06,0.979,196.0,170,420,150,1000,9.0,28.5,14.5,13.4,14.8,14.1,13.0,11.9,14.1,12.3,12.7,27.4,8.4,15.6,210.0,27.1,15.4
68.7,68.4,69.0,74.5,75.2,73.8,63.9,63.0,64.8,61.3,59.8,62.8,1.09,11.5,0.321,10.3,9.14,17.6,0.296,7.13,6.41,0.0416,1.06,0.971,190.0,160,480,150,1000,10.6,25.9,13.0,12.8,15.8,13.0,14.0,12.5,13.8,13.2,14.3,29.7,8.9,15.7,213.0,27.4,16.3
73.0,72.6,73.4,72.0,73.0,71.0,62.9,61.4,64.4,59.7,58.2,61.2,1.08,11.5,0.318,10.3,9.06,17.8,0.31,6.89,6.59,0.0396,1.06,0.986,195.0,170,440,150,1000,10.6,25.9,11.6,12.6,14.5,11.8,14.4,13.7,13.8,14.5,14.2,28.8,8.8,16.9,212.0,25.7,15.2
68.4,70.2,66.6,74.6,75.4,73.8,62.5,62.4,62.6,60.9,59.2,62.6,1.07,11.6,0.327,10.3,8.88,17.9,0.308,6.97,6.47,0.0397,1.06,0.978,199.0,170,490,220,1000,9.9,27.8,13.5,12.2,12.6,12.8,13.6,14.7,14.0,13.7,12.2,27.8,10.6,16.7,212.0,27.0,15.4
69.8,68.6,71.0,74.4,75.8,73.0,60.3,61.4,59.2,59.4,61.4,57.4,1.07,11.5,0.322,10.4,8.97,17.9,0.308,6.99,6.54,0.0408,1.06,1.0,197.0,170,410,190,1000,9.1,27.0,13.2,12.4,13.1,13.0,12.8,13.8,14.3,14.5,13.1,30.2,11.1,17.6,215.0,26.6,14.9
69.7,66.4,73.0,75.0,74.6,75.4,61.3,62.0,60.6,62.6,60.6,64.6,1.08,11.5,0.325,10.3,8.97,17.8,0.307,6.97,6.51,0.0408,1.06,0.995,203.0,180,500,190,1000,7.8,25.0,12.1,14.1,14.3,13.3,12.7,12.0,14.6,14.8,12.4,29.0,10.2,18.9,211.0,26.9,16.4
70.1,69.4,70.8,71.2,72.0,70.4,63.0,64.6,61.4,61.8,61.6,62.0,1.08,11.6,0.325,10.1,8.95,17.7,0.311,6.95,6.39,0.0406,1.06,0.985,202.0,180,510,200,1000,8.0,28.8,13.3,13.2,13.3,15.0,13.0,12.6,14.2,13.0,12.0,28.3,10.6,17.4,213.0,25.9,15.4
68.5,70.2,66.8,75.1,76.4,73.8,60.9,60.8,61.0,60.7,62.6,58.8,1.07,11.4,0.329,10.2,9.02,18.0,0.309,6.94,6.53,0.0411,0.44,1.0,205.0,180,480,200,1000,8.4,28.5,12.6,13.4,13.2,14.1,12.4,13.1,13.4,13.4,14.5,29.5,11.0,16.9,214.0,25.8,15.9
69.8,69.6,70.0,72.8,74.2,71.4,67.4,68.4,66.4,60.3,60.2,60.4,1.1,11.5,0.335,10.3,9.01,17.9,0.321,6.93,6.55,0.0413,0.397,1.02,202.0,180,490,170,1000,8.8,25.7,11.6,14.1,13.4,13.7,12.5,13.0,13.3,12.0,15.0,27.7,10.3,20.3,211.0,24.9,15.8
68.3,69.8,66.8,71.4,72.8,70.0,70.1,69.4,70.8,63.6,62.0,65.2,1.16,12.0,0.358,10.8,9.6,19.2,0.339,7.17,6.69,0.0406,0.413,1.08,199.0,170,300,120,1000,7.6,24.2,12.3,13.9,12.9,13.7,13.5,13.2,14.1,11.3,13.5,25.4,9.5,22.0,207.0,25.5,15.9
69.8,68.8,70.8,73.9,74.8,73.0,67.4,66.0,68.8,60.6,59.0,62.2,1.21,12.5,0.368,11.4,10.0,20.0,0.356,7.7,7.15,0.0407,1.13,1.15,205.0,180,530,200,1000,8.1,27.0,12.9,12.4,12.3,13.0,12.9,14.0,13.3,12.2,13.0,26.3,9.1,20.1,207.0,24.9,15.4
70.9,69.0,72.8,71.4,71.4,71.4,61.1,59.8,62.4,54.4,53.2,55.6,1.28,13.3,0.394,12.0,10.6,21.0,0.378,8.09,7.61,0.0419,1.14,1.21,209.0,180,590,280,1000,9.5,27.8,13.8,12.5,12.2,11.8,12.6,14.4,11.5,13.4,13.6,28.4,9.1,19.1,210.0,25.3,14.8
70.1,69.2,71.0,55.0,55.0,55.0,62.7,64.6,60.8,36.7,35.6,37.8,1.36,13.9,0.409,12.4,11.2,22.4,0.396,8.56,7.97,0.0411,1.16,1.26,212.0,190,550,250,1000,8.9,25.5,12.4,15.4,14.2,11.6,12.6,14.8,10.9,14.7,14.4,29.8,9.3,19.8,214.0,23.0,14.9
67.6,68.6,66.6,71.9,73.0,70.8,58.9,60.2,57.6,64.5,62.8,66.2,1.09,11.6,0.333,9.95,8.98,18.1,0.315,6.77,6.4,0.0399,1.08,0.971,260.0,210,740,310,1000,29.0,22.1,12.7,10.4,11.6,13.5,10.7,10.9,12.4,10.0,13.5,22.1,7.4,16.4,203.0,30.5,14.5
67.6,66.2,69.0,73.1,75.4,70.8,63.5,63.4,63.6,67.7,66.4,69.0,1.08,11.5,0.33,9.91,8.96,18.0,0.299,6.9,6.42,0.0407,1.08,0.968,238.0,200,750,210,1000,20.2,26.1,14.4,14.4,12.0,12.6,11.7,12.1,15.0,11.9,13.3,26.6,7.4,16.0,214.0,28.9,15.3
69.1,67.8,70.4,76.1,76.4,75.8,62.8,62.6,63.0,63.4,64.6,62.2,1.05,11.6,0.32,10.1,9.1,17.9,0.289,6.85,6.4,0.0418,1.08,0.953,222.0,190,260,110,1000,10.9,27.5,14.1,14.8,14.7,10.8,13.6,13.0,15.4,14.0,13.1,29.3,8.3,18.3,218.0,29.2,15.9
69.0,67.6,70.4,75.8,77.2,74.4,60.9,60.2,61.6,62.7,60.8,64.6,1.04,11.6,0.318,9.97,9.14,18.1,0.286,6.72,6.32,0.0397,1.07,0.939,236.0,200,570,210,1000,9.1,26.6,12.3,14.2,14.1,11.1,12.1,12.5,12.8,14.1,12.1,23.9,7.4,19.1,201.0,29.1,16.4
70.4,70.8,70.0,75.1,76.4,73.8,63.2,63.6,62.8,67.5,66.8,68.2,1.02,11.6,0.32,10.1,8.98,18.1,0.284,6.75,6.33,0.0399,1.08,0.933,226.0,190,570,210,1000,8.6,26.5,13.4,13.7,13.0,13.3,14.2,13.8,12.9,12.9,13.1,26.7,8.0,18.9,209.0,28.8,16.4
68.1,70.6,65.6,74.7,76.0,73.4,57.9,58.0,57.8,59.7,58.8,60.6,1.0,11.5,0.318,9.98,9.09,18.1,0.282,6.7,6.44,0.0421,1.08,0.959,239.0,200,630,180,1000,9.9,25.7,14.0,14.0,13.2,13.8,15.2,13.8,12.2,11.1,13.9,29.6,9.5,16.8,213.0,27.8,17.0
69.8,70.4,69.2,70.5,71.6,69.4,62.6,62.4,62.8,63.8,62.6,65.0,1.04,11.4,0.318,9.94,9.03,18.1,0.296,6.78,6.36,0.041,1.07,0.942,234.0,190,650,210,1000,10.1,27.3,13.3,14.0,13.0,14.7,14.9,12.3,11.2,10.6,13.7,27.9,9.6,18.0,211.0,27.5,17.3
68.5,68.4,68.6,73.4,73.6,73.2,58.6,56.6,60.6,68.7,71.6,65.8,0.992,11.4,0.318,10.0,9.08,18.0,0.277,6.66,6.36,0.04,1.07,0.955,245.0,200,690,210,1000,9.7,27.3,13.1,12.2,11.9,13.0,14.0,12.9,12.8,11.3,12.6,26.9,10.5,20.1,208.0,28.7,15.8
71.3,71.6,71.0,73.0,74.2,71.8,63.2,64.0,62.4,59.5,58.4,60.6,1.02,11.5,0.311,9.91,9.12,17.8,0.284,6.81,6.56,0.0421,1.07,0.961,239.0,200,690,210,1000,9.5,28.0,12.4,14.0,13.3,12.3,12.8,13.7,15.0,12.3,11.7,28.9,10.5,17.9,212.0,26.8,15.9
67.5,68.2,66.8,73.0,73.0,73.0,61.5,61.0,62.0,61.8,61.6,62.0,1.02,11.6,0.317,9.95,9.21,18.2,0.283,6.67,6.42,0.0421,0.379,0.955,233.0,190,350,130,1000,8.3,29.7,13.0,16.8,14.5,14.7,14.0,13.8,14.7,12.8,10.7,29.7,8.9,19.0,221.0,27.4,16.4
69.7,68.0,71.4,73.8,74.0,73.6,63.9,66.0,61.8,66.5,65.4,67.6,1.0,11.4,0.308,9.92,9.03,18.0,0.279,6.71,6.37,0.0412,0.392,0.939,226.0,190,310,130,1000,8.8,28.1,14.1,13.7,13.3,13.8,13.2,13.1,13.0,13.6,11.0,24.2,8.0,18.9,207.0,28.7,15.9
69.5,69.0,70.0,73.4,73.4,73.4,77.3,75.6,79.0,62.7,61.0,64.4,1.03,11.6,0.315,10.1,9.11,17.8,0.28,6.79,6.4,0.0412,0.698,0.955,221.0,180,280,130,1000,8.7,25.3,14.5,12.4,13.5,13.1,14.0,12.6,12.9,15.4,14.2,27.0,9.2,18.2,211.0,28.9,15.1
69.2,70.2,68.2,73.8,74.4,73.2,61.8,61.8,61.8,63.9,64.0,63.8,1.01,11.5,0.318,10.0,9.39,18.4,0.284,6.82,6.51,0.0414,1.03,0.982,224.0,180,450,180,1000,7.9,26.1,13.8,13.1,13.7,12.7,14.1,13.5,13.4,14.7,15.0,29.3,9.5,18.8,216.0,28.0,16.0
69.5,68.2,70.8,72.5,73.0,72.0,64.3,64.0,64.6,63.6,62.2,65.0,1.08,12.3,0.334,10.6,9.92,19.4,0.304,7.27,6.93,0.0419,1.04,1.05,221.0,180,470,190,1000,9.5,26.1,12.1,12.5,13.8,12.2,12.6,13.3,11.9,14.3,15.7,26.5,8.8,19.3,209.0,28.7,15.8
70.0,72.0,68.0,76.9,77.6,76.2,64.8,65.2,64.4,57.6,53.0,62.2,1.15,13.0,0.356,11.4,10.4,20.6,0.326,7.73,7.24,0.0411,1.07,1.11,216.0,180,310,130,1000,11.5,26.8,12.9,11.5,12.2,12.1,13.4,11.9,11.3,14.4,14.5,28.8,9.5,19.9,211.0,29.7,15.6
69.2,66.8,71.6,68.7,69.6,67.8,64.3,65.4,63.2,51.3,50.6,52.0,1.23,13.6,0.373,12.0,11.1,21.6,0.346,8.11,7.7,0.0433,1.1,1.17,213.0,170,300,120,1000,10.9,27.6,14.3,11.9,11.1,14.2,14.5,11.3,14.4,13.8,12.7,29.2,10.3,18.4,215.0,26.0,15.4
70.9,72.2,69.6,42.9,43.6,42.2,64.9,64.8,65.0,34.2,33.0,35.4,1.31,14.4,0.395,12.7,11.7,22.5,0.364,8.56,8.1,0.0424,1.12,1.23,208.0,170,290,110,1000,9.5,26.0,13.3,14.5,12.9,13.9,14.0,12.5,13.3,14.2,14.6,28.5,10.2,17.5,215.0,23.5,15.0
