Avg Host Node1 CPU Usage,Host Node1 CPU 0 Usage,Host Node1 CPU 1 Usage,Avg Host Node2 CPU Usage,Host Node2 CPU 0 Usage,Host Node2 CPU 1 Usage,Avg Host Node3 CPU Usage,Host Node3 CPU 0 Usage,Host Node3 CPU 1 Usage,Avg Host Node4 CPU Usage,Host Node4 CPU 0 Usage,Host Node4 CPU 1 Usage,checkoutservice CPU Usage,currencyservice CPU Usage,emailservice CPU Usage,frontend 1 CPU Usage,frontend 2 CPU Usage,loadgenerator CPU Usage,paymentservice CPU Usage,productcatalogservice CPU Usage,recommendationservice 1 CPU Usage,recommendationservice 2 CPU Usage,redis-cart CPU Usage,shippingservice CPU Usage,Average Response Time,Median Response Time,Current Response Time Percentile 95,Current Response Time Percentile 50,Number of Users,current_rps GET /,current_rps GET /cart,current_rps GET /product/0PUK6V6EV0,current_rps GET /product/1YMWWN1N4O,current_rps GET /product/2ZYFJ3GM2N,current_rps GET /product/66VCHSJNUP,current_rps GET /product/6E92ZMYYFZ,current_rps GET /product/9SIQT8TOJO,current_rps GET /product/L9ECAV7KIM,current_rps GET /product/LS4PSXUNUM,current_rps GET /product/OLJCESPC7Z,current_rps POST /cart,current_rps POST /cart/checkout,current_rps POST /setCurrency,current_rps Aggregated,Acme-Web CPU Usage,MongoDB CPU Usage
35.6,37.6,33.6,39.5,42.6,36.4,42.5,42.6,42.4,33.9,33.6,34.2,0.168,2.27,0.0714,1.87,1.89,2.46,0.053,1.44,0.998,0.0413,0.122,0.168,37.7,29,90,29,200,42.4,7.0,3.4,2.4,3.0,4.2,4.2,3.0,4.4,4.6,2.2,7.8,3.0,4.8,96.4,1.96,0.677
34.9,37.4,32.4,39.6,37.4,41.8,34.7,35.8,33.6,37.1,39.8,34.4,0.171,2.38,0.076,2.0,1.97,2.61,0.0564,1.48,1.03,0.0421,0.127,0.181,34.9,26,88,27,200,22.4,5.5,2.6,2.4,2.7,3.2,3.0,2.2,3.2,3.6,2.2,5.3,2.0,3.5,63.8,4.22,1.44
34.2,32.2,36.2,39.0,42.4,35.6,32.8,34.6,31.0,32.5,33.4,31.6,0.188,2.46,0.0769,2.07,2.02,2.69,0.0612,1.56,1.09,0.0417,0.13,0.191,33.9,26,70,22,200,2.3,4.8,1.9,2.9,2.4,2.1,2.8,2.1,2.7,3.4,2.7,5.0,2.1,3.2,40.4,5.88,2.53
31.7,34.0,29.4,37.6,36.8,38.4,33.7,31.0,36.4,33.9,33.0,34.8,0.198,2.56,0.0811,2.2,2.06,2.81,0.0636,1.62,1.15,0.0396,0.132,0.198,33.0,25,68,22,200,2.6,4.9,2.6,2.5,2.3,2.4,3.2,2.7,3.3,3.4,3.2,6.6,2.8,4.1,46.6,7.07,3.3
32.7,30.0,35.4,42.0,41.6,42.4,33.1,35.8,30.4,33.6,34.8,32.4,0.198,2.58,0.0811,2.26,2.13,2.85,0.063,1.65,1.16,0.0403,0.135,0.205,32.3,25,65,22,200,2.6,5.7,2.9,2.6,1.6,2.9,2.8,2.5,3.0,2.8,2.4,5.2,1.8,4.0,42.8,8.33,3.93
32.5,34.8,30.2,38.2,36.2,40.2,32.4,30.4,34.4,34.2,35.0,33.4,0.206,2.67,0.0843,2.36,2.17,2.97,0.066,1.73,1.22,0.0399,0.137,0.208,32.0,25,65,24,200,1.9,6.9,2.7,2.8,2.0,2.8,3.4,2.6,2.3,2.5,2.9,5.1,1.5,3.5,42.9,8.35,4.43
32.5,30.0,35.0,41.3,40.6,42.0,32.7,33.2,32.2,33.9,34.4,33.4,0.207,2.72,0.0854,2.49,2.21,3.09,0.0671,1.76,1.25,0.0395,0.141,0.214,31.8,24,71,22,200,1.9,5.8,2.0,2.4,2.5,3.2,3.0,2.8,1.9,2.3,3.6,5.7,1.6,3.7,42.4,7.66,4.35
33.4,34.0,32.8,37.8,39.0,36.6,33.4,32.8,34.0,33.8,31.2,36.4,0.217,2.82,0.087,2.6,2.28,3.18,0.0754,1.82,1.3,0.0405,0.144,0.219,31.4,24,69,21,200,2.3,5.2,1.8,2.5,3.0,3.1,2.1,3.3,2.3,2.5,2.7,6.0,1.8,3.9,42.5,7.47,4.21
33.0,35.8,30.2,40.6,40.4,40.8,34.4,34.8,34.0,30.5,32.4,28.6,0.217,2.96,0.0886,2.63,2.35,3.22,0.0766,1.86,1.29,0.0403,0.146,0.225,31.1,24,67,22,200,2.3,5.7,2.4,2.3,3.1,2.0,2.5,2.9,2.3,2.7,2.8,6.3,2.1,3.6,43.0,7.67,4.31
31.3,32.6,30.0,36.1,34.2,38.0,35.0,34.6,35.4,33.0,32.0,34.0,0.235,3.05,0.09,2.83,2.38,3.39,0.078,1.93,1.36,0.0381,0.15,0.24,30.9,24,68,21,200,2.0,5.9,1.9,2.7,2.6,2.4,2.8,2.6,2.3,2.5,3.3,6.3,1.8,3.3,42.4,7.77,4.28
31.7,31.2,32.2,37.5,35.8,39.2,32.1,33.4,30.8,31.8,29.4,34.2,0.233,3.12,0.0912,2.87,2.41,3.4,0.0793,1.99,1.4,0.0389,0.151,0.232,30.9,23,72,21,200,1.9,6.7,1.9,3.0,2.8,2.7,2.1,2.6,2.8,2.8,3.6,5.8,1.7,3.0,43.4,7.14,4.09
31.9,29.2,34.6,37.9,39.4,36.4,35.1,36.4,33.8,35.2,36.0,34.4,0.25,3.25,0.095,2.97,2.49,3.5,0.0844,2.04,1.43,0.0388,0.156,0.243,30.9,24,71,22,200,2.1,6.9,2.4,3.3,2.4,2.3,2.3,2.4,3.1,2.2,3.0,4.6,1.7,3.2,41.9,7.24,4.2
31.8,31.0,32.6,40.3,42.0,38.6,34.4,31.8,37.0,33.6,35.0,32.2,0.263,3.29,0.0977,3.11,2.56,3.62,0.0862,2.11,1.46,0.0384,0.158,0.251,30.9,23,71,22,200,2.3,5.5,3.4,3.0,2.9,1.8,2.6,2.7,2.7,1.9,2.5,4.0,1.8,2.8,39.9,7.36,4.06
32.3,28.2,36.4,38.7,39.0,38.4,33.3,30.6,36.0,33.2,31.4,35.0,0.268,3.38,0.0986,3.16,2.64,3.73,0.0894,2.17,1.5,0.0388,0.161,0.256,30.9,23,74,21,200,2.6,4.6,3.2,2.5,3.6,1.8,2.8,2.4,2.3,2.9,2.6,5.1,2.3,3.7,42.4,7.35,3.9
32.3,32.8,31.8,40.6,41.8,39.4,31.7,32.4,31.0,31.9,32.8,31.0,0.278,3.49,0.101,3.29,2.61,3.82,0.0891,2.23,1.53,0.0377,0.162,0.258,30.8,23,69,22,200,2.4,5.4,2.4,2.8,3.0,2.3,3.6,2.3,1.9,3.3,2.6,5.0,2.0,3.9,42.9,7.14,4.39
33.9,37.4,30.4,36.9,38.2,35.6,35.1,35.8,34.4,30.3,29.4,31.2,0.28,3.53,0.104,3.4,2.66,3.92,0.0947,2.27,1.57,0.0365,0.165,0.262,30.8,23,69,22,200,1.8,5.4,2.7,3.0,2.8,2.6,3.0,2.5,1.6,3.3,2.4,4.4,1.7,3.4,40.6,7.38,4.38
33.7,33.4,34.0,40.2,38.2,42.2,32.3,30.6,34.0,32.2,32.8,31.6,0.302,3.63,0.108,3.5,2.83,4.05,0.1,2.36,1.64,0.0374,0.17,0.278,30.8,23,77,23,200,1.4,4.2,2.8,2.8,3.0,2.5,3.0,2.7,2.2,2.5,3.0,5.9,2.5,3.9,42.4,6.76,4.3
31.5,28.6,34.4,35.3,35.0,35.6,43.2,40.6,45.8,31.9,33.6,30.2,0.326,3.87,0.113,3.72,3.03,4.31,0.102,2.51,1.73,0.0363,0.177,0.295,30.8,23,73,23,200,1.6,4.5,4.0,2.4,2.7,2.1,3.3,2.7,2.9,2.7,3.1,6.3,2.8,4.2,45.3,6.76,4.19
32.9,30.4,35.4,38.0,36.4,39.6,36.0,38.0,34.0,31.0,29.6,32.4,0.348,4.06,0.118,3.89,3.15,4.49,0.109,2.65,1.83,0.0373,0.64,0.309,30.8,23,78,23,200,2.2,5.4,3.6,2.3,1.7,2.4,2.8,2.3,3.6,2.7,1.9,6.1,2.5,4.4,43.9,6.79,4.19
33.9,31.8,36.0,32.1,35.0,29.2,34.9,32.8,37.0,25.3,24.2,26.4,0.365,4.25,0.122,4.09,3.34,4.7,0.112,2.78,1.92,0.0384,0.646,0.321,30.7,23,71,22,200,2.2,5.8,2.3,2.3,2.3,2.7,2.5,2.3,3.2,2.4,1.8,5.5,2.3,4.7,42.3,6.05,3.79
39.3,38.0,40.6,39.5,40.6,38.4,46.7,44.8,48.6,41.3,42.0,40.6,0.303,3.61,0.109,3.39,2.84,3.96,0.0944,2.37,1.62,0.0365,0.625,0.263,44.5,35,100,39,200,43.3,6.5,3.5,3.0,3.25,3.0,5.25,3.75,2.75,3.5,3.75,8.5,3.75,5.5,99.3,2.95,1.13
32.9,34.2,31.6,42.4,42.8,42.0,32.1,33.8,30.4,42.5,40.6,44.4,0.299,3.6,0.107,3.35,2.87,3.92,0.0936,2.29,1.61,0.0368,0.624,0.261,40.4,31,95,35,200,23.8,5.33,3.0,2.78,2.44,2.89,3.11,2.89,2.22,3.33,3.0,6.22,2.56,5.22,68.8,5.73,2.13
33.6,33.4,33.8,42.1,45.2,39.0,33.0,36.2,29.8,45.6,45.2,46.0,0.302,3.62,0.106,3.27,2.94,3.96,0.0915,2.33,1.64,0.0358,0.623,0.265,38.4,29,71,25,200,4.3,6.1,2.4,3.0,2.8,3.3,1.7,2.7,2.0,2.8,2.5,4.4,1.5,4.0,43.5,8.61,4.07
33.8,30.4,37.2,42.0,43.8,40.2,29.7,30.4,29.0,44.6,43.6,45.6,0.294,3.59,0.105,3.2,2.96,3.93,0.0853,2.31,1.61,0.0357,0.623,0.258,37.0,28,76,22,200,1.3,6.8,3.1,3.1,2.8,3.2,2.2,2.7,2.4,2.7,2.5,4.7,1.5,3.5,42.5,11.3,5.59
34.9,34.8,35.0,43.9,45.8,42.0,32.9,35.4,30.4,42.1,40.6,43.6,0.3,3.52,0.106,3.27,2.99,3.92,0.0855,2.37,1.65,0.0357,0.623,0.256,36.2,28,78,24,200,2.3,5.1,3.4,3.2,2.2,3.3,2.3,2.1,2.6,2.9,2.9,4.6,1.4,4.0,42.3,13.5,6.65
34.2,35.6,32.8,43.3,45.8,40.8,31.7,27.6,35.8,44.7,44.6,44.8,0.301,3.55,0.109,3.12,3.04,3.95,0.0913,2.34,1.66,0.0368,0.624,0.258,35.6,27,79,25,200,2.0,4.8,3.1,3.2,2.5,3.4,2.4,2.5,2.4,2.8,3.2,5.7,1.9,3.9,43.8,14.8,7.66
33.7,33.4,34.0,42.2,42.8,41.6,35.3,33.6,37.0,45.0,47.4,42.6,0.304,3.54,0.107,3.15,3.06,4.02,0.0906,2.34,1.65,0.0378,0.625,0.269,35.2,27,79,25,200,1.4,5.4,3.4,2.2,2.3,2.7,2.5,3.2,3.0,3.1,3.1,7.1,2.3,3.2,44.9,14.6,7.91
34.1,35.8,32.4,44.0,45.4,42.6,31.8,29.2,34.4,42.8,41.8,43.8,0.289,3.51,0.107,3.13,3.12,4.0,0.089,2.36,1.66,0.0369,0.625,0.265,34.6,27,71,24,200,1.9,5.8,2.8,2.5,2.3,2.0,2.6,3.4,3.4,3.2,3.5,6.4,1.7,3.4,44.9,14.5,7.47
33.3,32.8,33.8,41.1,42.6,39.6,34.0,33.6,34.4,43.4,44.2,42.6,0.296,3.54,0.106,3.08,3.15,4.02,0.0884,2.39,1.69,0.037,0.626,0.265,34.6,27,76,25,200,2.7,5.8,2.2,3.9,2.7,2.0,2.4,3.7,3.3,2.7,3.4,5.6,1.8,3.8,46.0,15.1,7.84
32.6,32.0,33.2,41.6,43.6,39.6,30.3,31.2,29.4,42.8,43.4,42.2,0.289,3.54,0.106,3.11,3.14,4.05,0.0854,2.36,1.68,0.036,0.624,0.264,34.5,27,84,24,200,2.5,5.4,2.2,3.7,2.9,3.5,2.5,3.7,3.0,2.1,3.2,5.3,2.0,3.5,45.5,15.3,7.91
32.3,31.6,33.0,44.0,45.8,42.2,32.6,30.0,35.2,45.7,45.8,45.6,0.284,3.48,0.104,3.05,3.2,3.99,0.0855,2.4,1.67,0.036,0.624,0.27,34.2,26,87,22,200,2.4,5.5,2.5,2.7,2.5,4.2,2.3,3.0,2.1,2.1,3.0,5.0,1.4,3.4,42.1,14.2,7.29
34.0,32.4,35.6,41.8,41.0,42.6,32.4,30.8,34.0,41.9,42.0,41.8,0.284,3.52,0.101,2.97,3.24,4.0,0.0818,2.38,1.68,0.0371,0.622,0.271,33.9,26,77,23,200,2.3,5.3,2.8,2.3,2.9,3.0,2.4,2.3,2.2,2.7,2.5,5.6,1.6,3.5,41.4,14.4,7.35
31.4,31.0,31.8,43.5,42.8,44.2,33.5,35.6,31.4,44.6,43.8,45.4,0.272,3.54,0.103,3.0,3.26,4.06,0.08,2.39,1.66,0.0374,0.623,0.267,34.0,26,77,24,200,2.3,5.1,2.9,3.0,3.1,1.6,2.8,3.0,2.9,3.1,2.6,5.8,1.8,3.9,43.9,14.5,7.95
33.9,34.2,33.6,41.8,41.4,42.2,32.9,33.0,32.8,44.2,44.6,43.8,0.26,3.47,0.0992,2.9,3.26,4.03,0.0808,2.37,1.69,0.0375,0.621,0.269,34.0,26,74,25,200,2.2,6.1,2.6,3.0,2.4,2.1,1.7,3.5,3.0,2.9,2.3,4.6,1.4,3.9,41.7,14.1,7.47
33.8,34.4,33.2,41.5,42.4,40.6,31.7,31.4,32.0,43.9,42.6,45.2,0.253,3.44,0.0989,2.9,3.34,4.07,0.0837,2.37,1.69,0.0384,0.166,0.269,33.8,26,72,24,200,2.0,6.7,2.3,2.4,2.3,3.0,2.0,3.2,2.6,2.2,2.6,5.0,1.4,3.3,41.0,14.8,7.63
31.5,29.0,34.0,43.2,42.4,44.0,31.1,29.2,33.0,43.9,42.8,45.0,0.247,3.43,0.0973,2.84,3.29,4.04,0.0847,2.35,1.69,0.0366,0.166,0.268,33.7,26,79,22,200,2.5,6.8,1.9,2.9,2.7,2.8,3.0,2.9,2.1,2.8,3.3,5.6,1.6,2.7,43.6,14.9,7.91
34.2,36.0,32.4,42.2,42.6,41.8,33.9,31.6,36.2,44.1,43.2,45.0,0.247,3.49,0.0979,2.91,3.46,4.14,0.0877,2.38,1.71,0.0367,0.169,0.291,33.7,26,73,24,200,1.8,7.2,1.9,3.4,2.4,2.3,3.6,3.0,2.2,3.4,2.6,4.8,1.7,2.8,43.1,15.3,7.91
34.6,34.4,34.8,43.4,43.4,43.4,35.4,37.0,33.8,44.3,43.6,45.0,0.264,3.76,0.101,3.06,3.59,4.33,0.0901,2.54,1.8,0.0368,0.176,0.309,33.7,26,71,26,200,2.2,6.5,1.9,2.8,2.6,2.1,3.5,3.7,2.4,2.7,2.1,5.1,1.9,4.5,44.0,15.2,7.3
33.1,31.0,35.2,39.1,39.6,38.6,31.5,28.8,34.2,44.2,41.4,47.0,0.283,3.93,0.108,3.24,3.8,4.54,0.0944,2.68,1.88,0.0388,0.183,0.321,33.7,26,75,26,200,2.8,5.6,1.9,2.4,3.1,3.3,2.2,3.3,1.8,2.1,2.3,5.4,2.1,4.6,42.9,15.1,7.29
34.5,35.8,33.2,37.5,35.8,39.2,31.9,30.6,33.2,36.7,35.6,37.8,0.295,4.09,0.109,3.34,3.98,4.78,0.0973,2.78,1.95,0.038,0.188,0.332,33.5,26,71,25,200,1.9,5.1,2.5,2.8,2.5,3.4,2.0,2.9,3.0,2.3,2.4,4.9,1.8,3.0,40.5,14.0,7.13
30.1,28.6,31.6,25.3,21.8,28.8,30.9,27.8,34.0,23.4,26.0,20.8,0.303,4.27,0.111,3.52,4.16,4.98,0.0995,2.94,2.04,0.038,0.194,0.343,33.3,26,65,23,200,2.5,4.8,2.4,3.5,2.3,2.2,3.0,2.6,2.7,2.6,2.1,4.7,1.2,3.2,39.8,11.9,6.85
29.4,27.8,31.0,44.9,48.6,41.2,31.8,32.6,31.0,49.1,47.4,50.8,0.225,2.8,0.0898,2.94,3.25,3.95,0.0763,2.36,1.62,0.0379,0.165,0.273,37.3,29,82,27,200,35.5,6.67,5.17,4.0,4.33,2.17,2.33,2.67,2.83,3.67,3.33,6.67,2.33,4.17,85.8,5.35,1.6
34.7,34.0,35.4,45.9,46.2,45.6,32.5,34.2,30.8,53.3,50.4,56.2,0.228,3.5,0.0927,2.94,3.24,3.9,0.0771,2.38,1.62,0.0377,0.163,0.275,36.0,28,87,25,200,17.4,6.7,3.4,3.0,3.5,2.9,2.4,2.0,3.0,3.1,2.5,5.9,1.8,3.9,61.5,8.98,4.04
32.2,34.0,30.4,46.0,48.0,44.0,32.2,31.4,33.0,49.6,47.6,51.6,0.235,3.49,0.0917,2.92,3.17,3.99,0.0783,2.36,1.64,0.0377,0.165,0.277,35.3,27,75,23,200,1.3,6.2,2.6,2.0,3.5,2.9,2.7,1.6,2.6,2.4,1.8,5.0,1.5,3.8,39.9,12.8,5.54
34.5,36.8,32.2,45.8,45.4,46.2,35.2,34.0,36.4,48.0,48.0,48.0,0.241,3.5,0.0947,2.97,3.18,3.97,0.0802,2.37,1.62,0.0389,0.166,0.283,34.8,27,78,24,200,1.4,5.7,3.1,2.0,4.2,2.3,2.8,2.4,2.9,2.2,2.3,5.5,2.2,3.7,42.7,16.2,8.05
32.7,31.2,34.2,43.9,42.6,45.2,32.5,32.8,32.2,48.0,48.2,47.8,0.244,3.5,0.0932,2.95,3.15,3.91,0.0818,2.38,1.64,0.0392,0.166,0.284,34.2,26,73,23,200,1.5,6.2,3.1,2.4,4.0,2.4,3.0,2.5,3.1,3.0,2.1,6.3,2.5,3.5,45.6,18.9,9.77
35.0,35.6,34.4,44.6,46.0,43.2,31.5,29.0,34.0,48.9,48.2,49.6,0.246,3.54,0.099,3.02,3.22,4.0,0.0831,2.35,1.67,0.039,0.169,0.283,34.6,27,81,26,200,1.9,6.2,3.0,2.7,3.4,2.9,2.8,2.3,3.4,2.7,2.2,6.5,2.1,3.3,45.4,18.7,10.6
33.2,30.0,36.4,45.7,47.2,44.2,35.7,35.2,36.2,47.5,47.4,47.6,0.244,3.49,0.0964,3.03,3.17,4.04,0.0813,2.38,1.66,0.038,0.168,0.281,34.2,26,78,26,200,1.7,4.5,2.7,2.6,3.3,2.9,2.9,2.7,2.5,2.6,3.1,6.1,1.9,3.8,43.3,18.4,9.64
34.5,33.8,35.2,48.5,50.0,47.0,32.4,30.0,34.8,48.1,49.4,46.8,0.241,3.5,0.0935,3.04,3.14,4.0,0.0828,2.33,1.66,0.0382,0.168,0.282,34.1,26,74,24,200,1.5,5.3,3.2,3.0,2.9,2.4,3.2,2.5,2.3,3.0,3.0,6.1,1.6,4.3,44.3,18.0,9.84
34.1,31.2,37.0,42.7,43.2,42.2,35.1,31.2,39.0,45.4,43.8,47.0,0.253,3.55,0.0982,3.07,3.1,3.99,0.0917,2.35,1.64,0.0382,0.169,0.284,34.1,26,79,25,200,1.2,6.4,4.0,2.5,3.3,2.8,3.1,1.8,2.9,2.5,2.9,6.5,1.5,3.9,45.3,17.3,9.93
33.0,31.0,35.0,47.2,46.2,48.2,32.4,34.2,30.6,48.0,46.8,49.2,0.251,3.59,0.0962,3.13,3.07,3.97,0.0844,2.35,1.66,0.0373,0.168,0.282,33.9,26,81,25,200,1.8,6.1,3.1,2.2,3.2,3.0,3.3,1.6,2.6,3.0,2.4,6.4,2.3,4.0,45.0,16.7,9.49
30.2,33.4,27.0,46.2,46.6,45.8,34.9,37.0,32.8,48.1,50.4,45.8,0.251,3.56,0.0953,3.16,3.07,4.04,0.0839,2.41,1.66,0.0385,0.169,0.29,34.0,26,84,23,200,2.5,5.5,1.7,2.9,3.1,2.7,4.0,2.5,3.1,3.2,2.2,5.3,1.9,3.2,43.8,17.3,9.27
33.5,31.2,35.8,44.6,45.8,43.4,33.7,36.4,31.0,49.5,47.2,51.8,0.257,3.6,0.0964,3.14,3.0,3.98,0.0822,2.41,1.66,0.0396,0.167,0.275,34.1,26,79,26,200,1.6,5.4,1.9,2.6,3.1,2.7,4.2,3.4,2.7,2.9,2.5,5.2,1.4,3.4,43.0,16.6,10.2
33.8,35.0,32.6,45.4,46.8,44.0,35.2,35.2,35.2,48.6,48.0,49.2,0.259,3.53,0.0978,3.2,3.01,3.99,0.0847,2.35,1.65,0.0398,0.167,0.271,34.0,26,75,26,200,2.2,5.4,3.2,2.2,2.4,2.9,3.5,2.6,2.6,2.4,2.6,5.6,1.9,4.1,43.6,17.2,10.4
32.8,34.6,31.0,46.3,47.8,44.8,33.1,31.2,35.0,48.2,47.2,49.2,0.255,3.51,0.0974,3.18,2.99,4.02,0.0838,2.38,1.68,0.038,0.167,0.278,33.9,26,75,25,200,2.6,5.7,3.0,2.5,2.5,2.7,2.7,2.8,2.3,2.7,2.7,6.1,2.3,3.8,44.4,18.4,9.73
33.3,35.2,31.4,45.4,46.6,44.2,34.4,34.8,34.0,47.5,43.4,51.6,0.263,3.55,0.1,3.3,3.0,4.09,0.0878,2.42,1.7,0.0379,0.169,0.282,33.9,26,77,25,200,2.2,5.9,2.5,3.3,3.1,2.9,2.8,2.5,1.8,3.2,2.7,6.2,2.1,3.8,45.0,17.6,9.79
34.0,33.8,34.2,44.2,47.8,40.6,34.0,36.2,31.8,49.8,48.0,51.6,0.27,3.55,0.102,3.3,2.96,4.07,0.0861,2.43,1.72,0.0392,0.169,0.285,34.1,26,84,26,200,1.8,5.6,2.7,2.9,3.3,2.5,3.8,2.4,2.2,2.4,2.8,5.9,1.9,4.7,44.9,17.1,10.2
31.1,30.8,31.4,47.0,46.8,47.2,32.2,31.0,33.4,48.5,48.4,48.6,0.28,3.68,0.103,3.41,3.16,4.29,0.0893,2.51,1.76,0.0394,0.174,0.299,34.1,26,83,26,200,1.4,5.4,2.7,2.8,3.6,2.3,3.0,3.5,1.9,2.0,2.8,6.2,1.8,4.6,44.0,18.0,9.62
34.6,35.0,34.2,47.3,49.0,45.6,32.4,34.4,30.4,48.6,47.6,49.6,0.299,3.93,0.107,3.62,3.31,4.51,0.0958,2.7,1.87,0.0395,0.182,0.317,34.0,26,83,25,200,1.8,5.6,2.9,3.3,3.6,2.8,2.5,2.4,1.8,2.7,2.7,6.7,1.6,3.4,43.8,17.4,9.81
31.0,34.0,28.0,45.7,47.4,44.0,33.7,36.2,31.2,49.1,48.6,49.6,0.319,4.13,0.114,3.79,3.48,4.76,0.102,2.84,1.95,0.0386,0.188,0.334,34.0,26,83,25,200,2.4,5.5,3.4,3.1,2.6,2.8,2.5,1.8,2.2,2.8,3.2,6.4,2.1,3.3,44.1,17.1,9.79
35.1,34.8,35.4,48.3,49.4,47.2,36.1,38.2,34.0,48.9,48.6,49.2,0.338,4.3,0.119,4.03,3.64,4.99,0.107,2.96,2.05,0.0407,0.195,0.348,34.1,26,79,27,200,2.5,5.3,4.0,2.5,2.6,2.5,1.9,1.8,2.6,2.8,3.0,5.5,2.4,3.6,43.0,18.2,10.2
31.2,33.4,29.0,44.8,44.8,44.8,33.7,35.8,31.6,48.1,46.6,49.6,0.35,4.48,0.123,4.2,3.83,5.19,0.11,3.13,2.15,0.0398,0.201,0.364,33.9,26,70,24,200,2.4,5.1,3.3,2.5,3.0,2.1,2.5,1.8,3.1,2.0,2.7,5.3,2.1,4.4,42.3,17.5,10.2
34.7,35.0,34.4,40.3,40.4,40.2,32.3,32.4,32.2,42.2,42.4,42.0,0.374,4.74,0.126,4.38,3.99,5.41,0.114,3.26,2.25,0.0391,0.208,0.379,33.9,26,76,24,200,2.7,5.4,3.1,3.8,3.2,2.2,3.2,2.4,2.3,1.8,2.9,5.7,2.2,4.0,44.9,17.0,10.4
30.8,30.2,31.4,25.6,24.2,27.0,32.9,30.2,35.6,24.8,26.2,23.4,0.39,4.93,0.125,4.57,3.78,5.12,0.113,3.36,2.25,0.039,0.206,0.389,33.8,26,76,24,200,2.9,5.1,3.0,3.5,3.3,2.0,2.9,2.9,2.0,2.6,3.0,5.7,1.8,3.6,44.3,14.9,9.38
30.7,32.4,29.0,55.9,56.6,55.2,31.0,33.8,28.2,60.5,59.3,61.7,0.304,3.66,0.108,3.33,2.97,4.14,0.0959,2.47,1.67,0.0387,0.652,0.284,38.8,29,98,29,200,30.3,6.29,2.29,2.57,3.57,2.86,3.43,2.71,2.71,2.71,2.0,5.71,3.0,4.29,74.4,7.23,2.56
35.3,31.0,39.6,52.8,53.6,52.0,35.8,35.6,36.0,59.3,58.7,59.9,0.3,3.67,0.107,3.4,3.02,4.16,0.0892,2.5,1.7,0.0411,0.654,0.281,38.8,29,100,29,200,17.1,6.9,3.5,2.8,2.8,2.8,4.4,2.5,2.4,2.9,2.7,6.6,2.5,4.1,64.0,12.3,5.44
30.1,31.2,29.0,52.3,54.4,50.2,33.2,34.8,31.6,60.7,58.6,62.8,0.3,3.64,0.108,3.36,2.97,4.13,0.0919,2.47,1.68,0.0411,0.654,0.282,37.0,28,79,25,200,1.9,5.6,3.7,3.2,2.0,2.5,3.4,2.6,2.4,2.5,2.7,7.1,2.2,3.4,45.2,17.5,8.33
35.1,38.0,32.2,51.5,51.8,51.2,32.7,33.6,31.8,60.5,57.4,63.6,0.303,3.67,0.11,3.36,2.99,4.13,0.0907,2.44,1.67,0.0401,0.651,0.285,36.3,27,69,23,200,2.1,4.8,3.0,3.5,2.7,2.3,2.3,2.8,2.7,2.1,2.6,5.9,2.1,3.4,42.3,23.0,11.8
31.2,33.6,28.8,48.5,51.6,45.4,33.6,32.6,34.6,58.6,57.2,60.0,0.3,3.63,0.11,3.37,2.96,4.15,0.088,2.43,1.69,0.0402,0.653,0.283,36.1,27,80,25,200,2.6,5.5,2.7,3.5,2.8,2.6,2.3,2.3,2.6,2.7,3.2,5.4,1.9,3.8,43.9,26.8,14.0
32.3,33.0,31.6,53.4,53.0,53.8,31.5,32.4,30.6,61.7,62.2,61.2,0.289,3.56,0.107,3.31,3.03,4.19,0.0869,2.5,1.72,0.0393,0.653,0.285,35.6,26,80,24,200,2.5,5.8,3.2,3.4,2.2,2.5,2.5,2.3,2.6,3.2,3.4,5.7,1.6,3.3,44.2,26.2,14.8
33.0,35.4,30.6,49.0,51.6,46.4,33.3,31.2,35.4,59.5,58.2,60.8,0.283,3.59,0.105,3.36,3.0,4.18,0.0879,2.46,1.69,0.0404,0.65,0.282,35.7,26,78,25,200,1.3,6.0,3.7,2.3,1.9,2.3,3.6,2.2,2.4,3.0,3.1,4.5,1.0,3.2,40.5,25.9,15.1
33.6,34.4,32.8,51.7,52.8,50.6,33.5,33.8,33.2,60.6,60.8,60.4,0.289,3.57,0.107,3.32,2.93,4.08,0.0873,2.48,1.7,0.0418,0.651,0.284,35.6,26,82,26,200,1.3,5.1,3.5,3.3,2.0,3.4,3.6,2.4,2.0,3.0,2.7,6.0,1.7,3.4,43.4,25.4,15.1
32.3,36.2,28.4,52.0,52.0,52.0,33.6,32.2,35.0,58.9,57.4,60.4,0.295,3.63,0.108,3.32,3.0,4.1,0.0921,2.43,1.69,0.0406,0.651,0.283,36.0,27,87,27,200,2.4,3.6,2.8,3.8,3.1,3.6,2.8,2.1,2.7,2.9,2.7,7.7,2.9,3.5,46.6,25.4,14.0
34.4,33.8,35.0,52.8,52.6,53.0,34.8,37.4,32.2,60.2,56.0,64.4,0.303,3.59,0.111,3.36,2.93,4.13,0.0923,2.44,1.71,0.0418,0.652,0.293,35.9,27,88,27,200,2.1,3.4,2.9,2.7,3.3,2.6,3.3,2.2,2.9,3.1,3.6,6.1,2.5,3.2,43.9,23.7,14.1
31.5,31.6,31.4,49.2,48.2,50.2,33.8,31.8,35.8,58.8,58.0,59.6,0.302,3.6,0.111,3.35,2.95,4.12,0.0918,2.42,1.68,0.0409,0.652,0.286,36.2,27,91,26,200,2.5,4.6,3.9,2.2,2.4,3.1,3.4,2.9,1.9,2.5,3.6,5.6,2.1,2.6,43.3,25.2,14.6
33.0,30.6,35.4,52.1,54.0,50.2,32.7,30.2,35.2,59.0,58.2,59.8,0.297,3.54,0.107,3.33,2.95,4.11,0.087,2.44,1.7,0.0409,0.65,0.287,35.9,26,85,26,200,2.8,5.6,3.4,2.8,2.7,3.5,2.3,2.3,2.3,2.3,3.0,6.2,2.4,3.3,44.9,25.7,13.7
32.3,32.2,32.4,50.6,52.2,49.0,33.1,36.0,30.2,58.3,58.0,58.6,0.291,3.56,0.106,3.3,2.96,4.07,0.0864,2.45,1.69,0.0402,0.65,0.288,35.7,26,74,25,200,1.6,5.2,3.0,2.5,2.8,2.7,2.1,1.6,2.5,3.0,2.9,5.4,1.4,4.5,41.2,25.2,13.8
33.0,32.2,33.8,57.4,59.6,55.2,34.8,35.8,33.8,59.2,58.2,60.2,0.292,3.56,0.105,3.27,2.92,4.06,0.0864,2.4,1.68,0.0402,0.652,0.291,35.6,26,78,25,200,1.6,5.6,2.9,1.9,2.7,2.3,2.6,2.9,2.8,2.7,2.8,5.3,1.2,4.4,41.7,25.8,14.0
33.0,31.6,34.4,52.3,53.8,50.8,32.7,34.4,31.0,59.2,57.0,61.4,0.283,3.52,0.106,3.31,2.9,4.13,0.0855,2.44,1.67,0.0413,0.65,0.291,35.9,26,94,25,200,1.8,5.1,3.0,2.3,2.6,2.7,2.5,4.1,2.9,2.9,2.3,6.0,1.4,3.5,43.1,26.3,15.4
34.1,36.0,32.2,53.7,55.2,52.2,34.4,33.8,35.0,62.1,62.2,62.0,0.288,3.51,0.106,3.33,2.91,4.1,0.0873,2.5,1.71,0.0424,0.653,0.301,35.9,26,91,27,200,1.8,4.7,3.6,2.4,2.5,2.9,3.0,2.7,2.5,3.0,1.9,6.7,1.8,3.8,43.3,25.0,15.0
34.5,33.4,35.6,49.1,50.2,48.0,34.7,35.4,34.0,60.6,58.0,63.2,0.304,3.67,0.112,3.55,3.07,4.32,0.0919,2.57,1.78,0.0427,0.176,0.32,35.8,26,80,26,200,1.8,4.9,2.9,2.6,3.4,3.0,3.6,2.2,2.0,3.2,2.6,7.2,2.7,4.3,46.4,24.4,15.5
32.2,31.2,33.2,51.1,51.8,50.4,33.6,35.0,32.2,57.7,56.0,59.4,0.319,3.91,0.115,3.68,3.22,4.55,0.0959,2.71,1.88,0.0417,0.183,0.336,35.5,26,75,24,200,1.5,5.0,2.7,3.0,3.3,2.7,3.2,2.7,1.6,2.9,3.0,6.7,2.7,4.2,45.2,25.1,15.3
34.3,35.0,33.6,46.8,45.4,48.2,32.4,32.4,32.4,57.3,57.2,57.4,0.334,4.05,0.119,3.89,3.42,4.81,0.1,2.9,1.99,0.0411,0.188,0.349,35.3,26,75,23,200,1.1,5.4,3.5,3.3,3.0,2.1,3.2,2.9,2.2,1.9,2.7,5.5,1.7,3.8,42.3,24.8,15.5
33.0,31.8,34.2,36.7,37.0,36.4,33.8,33.6,34.0,35.0,36.0,34.0,0.35,4.27,0.125,4.06,3.54,4.96,0.105,3.04,2.08,0.042,0.195,0.367,35.4,26,82,24,200,1.7,5.4,3.5,3.5,3.2,2.5,3.5,2.7,2.8,2.8,3.1,5.7,1.5,4.1,46.0,22.6,13.6
40.2,36.4,44.0,53.5,55.8,51.2,46.7,46.8,46.6,63.3,61.0,65.6,0.293,2.95,0.107,3.37,2.94,4.1,0.0876,2.34,1.71,0.0401,0.168,0.294,47.7,40,110,46,200,43.0,7.5,2.0,4.0,5.0,3.25,2.25,5.0,3.5,1.75,2.25,6.0,2.0,6.0,93.5,8.82,2.57
35.2,33.4,37.0,51.1,51.0,51.2,33.5,31.8,35.2,58.7,58.0,59.4,0.292,3.56,0.109,3.37,2.88,4.1,0.0891,2.46,1.68,0.0411,0.169,0.297,44.1,34,100,37,200,24.2,6.11,2.44,3.56,3.67,2.67,1.78,2.78,2.78,2.22,2.44,6.0,2.33,4.56,67.6,14.1,6.24
31.1,31.2,31.0,50.2,49.8,50.6,31.5,31.4,31.6,63.3,63.2,63.4,0.303,3.6,0.109,3.34,2.88,4.06,0.0866,2.45,1.71,0.041,0.17,0.297,42.7,33,87,27,200,5.2,4.9,3.0,2.6,2.8,2.8,1.8,1.8,3.4,2.3,2.6,6.4,2.1,4.5,46.2,19.7,9.56
33.1,35.4,30.8,52.6,53.2,52.0,33.3,34.8,31.8,63.9,63.2,64.6,0.287,3.59,0.107,3.31,2.91,4.05,0.0853,2.46,1.68,0.0399,0.168,0.296,40.5,31,77,25,200,1.9,5.5,2.8,2.1,2.8,3.1,2.1,1.7,3.5,2.2,2.7,5.5,1.6,4.6,42.1,24.1,11.7
34.4,32.4,36.4,53.6,57.2,50.0,34.6,35.2,34.0,56.5,56.2,56.8,0.292,3.57,0.107,3.34,2.95,4.1,0.0849,2.48,1.69,0.0401,0.168,0.302,40.5,30,86,25,200,2.3,6.2,2.6,2.3,3.0,2.5,2.8,1.7,2.8,2.8,3.2,5.1,2.2,3.1,42.6,27.1,14.5
32.4,32.8,32.0,50.4,51.4,49.4,33.6,32.0,35.2,63.8,64.0,63.6,0.279,3.6,0.105,3.31,2.96,4.09,0.0844,2.49,1.7,0.04,0.166,0.292,39.9,30,92,27,200,1.9,6.6,2.8,3.1,3.0,2.5,3.1,2.1,2.7,2.9,3.4,6.0,2.1,3.6,45.8,27.0,16.1
33.3,34.4,32.2,51.6,50.6,52.6,30.8,29.8,31.8,61.4,58.4,64.4,0.281,3.46,0.104,3.28,2.96,4.09,0.083,2.45,1.72,0.0399,0.166,0.296,38.7,29,77,26,200,2.0,6.4,2.6,3.6,2.8,2.7,2.6,1.7,2.4,2.7,3.0,5.5,1.4,3.9,43.3,26.4,14.5
32.4,30.0,34.8,55.0,55.8,54.2,33.7,29.8,37.6,56.5,54.4,58.6,0.272,3.56,0.106,3.33,2.99,4.08,0.0824,2.48,1.7,0.042,0.167,0.297,38.4,29,82,27,200,2.7,5.5,2.4,3.7,3.0,2.9,2.9,2.7,1.7,2.9,2.7,5.8,1.8,3.5,44.2,26.6,14.6
33.0,32.4,33.6,52.9,56.2,49.6,31.7,30.4,33.0,64.4,62.8,66.0,0.286,3.54,0.108,3.26,2.98,4.11,0.0863,2.48,1.71,0.041,0.167,0.307,38.2,29,88,27,200,2.2,5.9,2.6,3.2,2.8,3.0,3.4,3.2,1.9,2.8,3.1,6.3,2.1,3.3,45.8,26.9,15.5
35.6,35.8,35.4,50.7,50.8,50.6,36.7,34.8,38.6,63.4,60.0,66.8,0.298,3.57,0.111,3.31,3.04,4.13,0.0893,2.5,1.74,0.0422,0.168,0.312,38.3,29,88,28,200,1.4,6.7,3.1,2.4,2.6,2.6,2.9,3.0,3.1,2.5,3.2,6.8,2.3,3.5,46.1,27.1,15.0
31.8,32.6,31.0,56.9,57.2,56.6,32.5,31.6,33.4,60.4,60.6,60.2,0.295,3.56,0.11,3.31,3.0,4.07,0.0896,2.48,1.77,0.0422,0.169,0.31,38.2,28,93,27,200,1.5,7.2,3.0,2.4,2.2,2.4,2.5,2.5,3.0,2.9,2.4,7.4,2.7,3.7,45.8,26.0,15.0
33.3,34.4,32.2,50.1,51.6,48.6,33.3,30.4,36.2,61.6,59.0,64.2,0.288,3.54,0.107,3.25,3.03,4.04,0.0854,2.47,1.72,0.0403,0.167,0.302,37.9,28,88,25,200,2.1,6.4,2.8,2.1,2.8,2.4,2.8,2.0,2.2,3.4,1.8,5.5,2.1,3.8,42.2,26.6,16.3
33.4,35.2,31.6,48.8,51.8,45.8,33.2,35.4,31.0,68.8,69.6,68.0,0.279,3.54,0.103,3.16,3.03,4.06,0.0847,2.46,1.73,0.0404,0.166,0.305,37.7,28,84,26,200,2.9,4.9,2.6,1.9,3.1,3.1,2.4,2.7,2.2,3.3,1.8,4.4,1.2,3.7,40.2,27.2,16.5
34.1,31.6,36.6,52.3,52.2,52.4,32.2,29.8,34.6,61.1,60.4,61.8,0.282,3.51,0.105,3.24,3.06,4.07,0.0848,2.5,1.71,0.0413,0.166,0.299,37.5,28,80,26,200,2.6,5.1,3.2,3.1,2.2,3.3,2.6,3.0,3.1,2.8,3.5,6.9,1.7,3.6,46.7,29.1,16.3
33.8,32.6,35.0,50.6,52.6,48.6,32.2,34.4,30.0,59.5,57.2,61.8,0.28,3.55,0.105,3.2,3.05,4.03,0.0836,2.44,1.7,0.0412,0.167,0.304,37.5,28,87,27,200,1.9,6.4,3.5,3.2,1.8,2.7,3.0,2.7,3.4,2.2,3.7,6.5,2.1,3.5,46.6,28.0,16.5
31.7,34.8,28.6,52.5,53.6,51.4,32.5,28.8,36.2,63.9,61.7,66.0,0.271,3.49,0.103,3.18,3.09,4.05,0.0836,2.44,1.69,0.0413,0.165,0.309,37.3,28,87,27,200,2.4,5.9,2.9,2.3,2.3,2.5,1.8,2.7,3.3,2.3,2.2,4.9,1.5,3.3,40.3,28.5,16.4
35.4,36.6,34.2,53.8,57.2,50.4,35.9,33.2,38.6,63.2,60.7,65.8,0.278,3.54,0.106,3.18,3.16,4.23,0.086,2.49,1.75,0.0405,0.167,0.32,37.3,28,83,27,200,2.5,5.5,2.2,2.6,2.4,2.1,1.7,3.4,3.5,3.0,2.0,5.9,1.8,3.6,42.2,27.8,16.1
34.0,34.6,33.4,54.0,56.6,51.4,33.9,33.2,34.6,56.4,58.4,54.4,0.293,3.77,0.112,3.38,3.34,4.45,0.0887,2.65,1.85,0.0408,0.175,0.341,37.3,28,97,26,200,1.9,6.2,2.4,2.5,2.5,2.1,2.0,3.7,3.5,3.2,2.1,6.6,2.5,4.3,45.5,26.4,15.7
32.5,34.6,30.4,49.9,53.6,46.2,31.6,33.4,29.8,64.1,64.6,63.6,0.319,3.93,0.115,3.61,3.56,4.66,0.0932,2.8,1.97,0.0433,0.181,0.36,37.4,28,97,27,200,1.6,7.1,3.5,2.6,3.0,2.9,1.8,2.9,3.0,3.1,2.4,7.6,2.4,3.6,47.5,25.9,15.9
32.3,29.8,34.8,36.6,36.8,36.4,33.9,32.8,35.0,47.8,48.2,47.4,0.328,4.11,0.117,3.77,3.69,4.88,0.0957,2.95,2.05,0.0424,0.187,0.376,37.2,28,81,28,200,1.7,7.5,3.5,2.4,2.2,2.8,2.1,2.5,2.7,2.9,3.1,6.6,2.1,3.0,45.1,26.4,16.2
42.9,44.4,41.4,41.5,39.8,43.2,48.9,45.8,52.0,32.2,32.2,32.2,0.295,3.73,0.108,3.26,3.23,4.47,0.0861,2.59,1.85,0.042,0.694,0.326,93.5,72,240,98,300,78.8,9.0,5.75,8.0,7.25,4.25,5.75,6.0,9.5,7.25,7.0,15.5,5.25,8.5,178.0,1.74,0.849
40.7,40.2,41.2,44.8,45.0,44.6,39.9,38.8,41.0,36.4,35.6,37.2,0.308,3.83,0.112,3.34,3.33,4.58,0.0885,2.63,1.86,0.0409,0.697,0.334,75.7,52,220,50,300,35.6,8.44,5.0,6.22,5.44,3.89,4.89,4.67,5.33,5.33,4.44,10.8,3.89,5.89,110.0,3.17,1.48
38.2,38.2,38.2,40.5,40.0,41.0,39.0,40.4,37.6,32.4,34.8,30.0,0.312,4.02,0.115,3.46,3.4,4.62,0.0907,2.69,1.9,0.0411,0.696,0.341,67.0,45,80,25,300,1.7,8.8,4.2,5.7,3.9,3.8,4.9,3.5,3.4,3.7,2.9,8.0,3.2,4.7,62.4,5.11,2.29
38.8,35.6,42.0,43.9,46.0,41.8,36.8,38.6,35.0,36.2,35.4,37.0,0.326,4.02,0.113,3.53,3.43,4.75,0.095,2.71,1.95,0.0407,0.702,0.345,60.8,40,81,26,300,3.1,8.8,4.5,5.5,3.7,3.6,4.5,3.0,4.9,4.5,3.9,7.7,3.0,6.1,66.8,6.17,2.87
35.8,38.2,33.4,39.2,41.8,36.6,36.9,35.6,38.2,33.7,30.4,37.0,0.314,4.06,0.113,3.62,3.47,4.8,0.0933,2.78,1.99,0.0406,0.702,0.337,56.6,36,75,25,300,3.6,9.1,4.4,4.0,3.9,3.8,3.8,3.0,4.1,5.1,4.2,7.3,2.4,5.3,64.0,7.43,3.84
37.0,36.6,37.4,43.7,41.4,46.0,39.2,38.4,40.0,34.9,34.4,35.4,0.306,4.09,0.114,3.69,3.46,4.92,0.0922,2.82,2.0,0.0394,0.702,0.34,53.1,33,72,24,300,2.7,9.2,3.8,2.5,3.8,3.9,3.8,4.6,4.3,4.1,3.9,7.0,2.0,4.8,60.4,7.46,4.19
39.8,37.8,41.8,44.0,44.4,43.6,39.4,40.6,38.2,35.7,36.2,35.2,0.321,4.16,0.117,3.79,3.58,5.02,0.0953,2.85,2.01,0.0393,0.706,0.345,50.7,32,71,23,300,2.9,8.6,3.3,2.3,4.6,3.5,3.4,5.1,4.2,3.6,4.6,7.0,2.8,5.7,61.6,8.23,4.18
37.1,35.6,38.6,43.3,42.8,43.8,37.6,35.2,40.0,33.1,32.6,33.6,0.33,4.33,0.119,3.88,3.65,5.1,0.0974,2.89,2.07,0.0401,0.708,0.349,49.0,31,78,24,300,3.7,8.7,3.5,4.0,4.6,3.4,4.3,5.1,3.2,3.5,4.0,7.6,2.9,6.4,64.9,7.63,4.3
38.9,38.0,39.8,42.5,43.4,41.6,39.4,38.0,40.8,33.1,31.4,34.8,0.331,4.39,0.123,3.98,3.72,5.23,0.0999,2.98,2.11,0.0401,0.712,0.354,47.6,30,78,25,300,3.7,7.2,4.6,4.6,3.1,3.7,4.5,4.8,3.1,3.6,3.9,7.8,2.3,6.3,63.2,7.71,4.86
38.5,37.0,40.0,44.6,43.4,45.8,38.1,36.8,39.4,33.5,36.0,31.0,0.343,4.44,0.127,4.02,3.76,5.3,0.105,2.98,2.15,0.0401,0.714,0.367,46.0,29,76,24,300,3.7,6.8,4.2,4.1,3.6,3.4,4.2,4.1,3.2,3.4,4.6,8.3,2.7,5.8,62.1,7.4,4.62
39.6,37.0,42.2,41.5,41.0,42.0,40.2,38.0,42.4,31.6,32.0,31.2,0.34,4.53,0.128,4.14,3.88,5.38,0.109,3.02,2.22,0.0408,0.717,0.374,44.8,29,73,24,300,2.9,8.8,3.7,4.5,4.0,3.1,4.0,4.5,4.5,4.2,4.3,8.4,2.8,5.5,65.2,7.42,4.68
38.7,38.2,39.2,43.8,43.4,44.2,38.7,39.2,38.2,33.5,32.4,34.6,0.363,4.68,0.129,4.25,3.92,5.6,0.111,3.09,2.25,0.0397,0.72,0.37,43.7,28,74,23,300,2.9,9.6,3.8,4.0,3.5,4.5,3.5,4.8,4.6,5.2,4.0,9.5,3.1,5.4,68.4,6.36,4.62
38.2,36.4,40.0,45.4,47.4,43.4,39.8,40.6,39.0,36.1,33.0,39.2,0.364,4.71,0.13,4.38,3.97,5.58,0.11,3.21,2.28,0.0396,0.722,0.38,43.0,28,75,25,300,2.8,9.6,3.5,3.4,4.7,5.6,4.2,4.3,3.9,3.5,3.4,10.2,3.2,5.2,67.5,6.94,4.43
40.9,39.4,42.4,43.9,45.6,42.2,41.3,41.6,41.0,33.3,33.0,33.6,0.395,4.84,0.133,4.47,4.07,5.71,0.117,3.21,2.3,0.0394,0.724,0.387,42.5,28,83,26,300,2.2,9.7,3.6,4.3,4.7,4.8,4.0,4.1,4.2,3.4,4.0,9.5,3.6,5.3,67.4,7.04,4.14
35.7,36.4,35.0,41.7,40.4,43.0,36.7,39.8,33.6,34.2,33.0,35.4,0.38,4.94,0.136,4.45,4.07,5.77,0.113,3.26,2.31,0.038,0.727,0.386,41.9,28,82,25,300,2.8,9.0,4.1,4.3,3.7,4.7,4.0,4.7,4.3,4.4,4.1,8.5,4.0,5.9,68.5,7.32,4.1
37.6,38.2,37.0,44.9,46.4,43.4,37.7,35.4,40.0,33.3,31.8,34.8,0.399,5.02,0.14,4.57,4.19,5.89,0.119,3.35,2.4,0.0387,0.729,0.394,41.3,27,72,24,300,3.1,7.7,4.9,3.7,3.8,5.2,3.7,3.5,4.7,3.4,3.8,7.6,3.0,6.3,64.4,7.45,4.1
38.5,38.6,38.4,43.4,43.0,43.8,38.7,39.8,37.6,32.5,36.4,28.6,0.405,5.11,0.145,4.68,4.37,6.19,0.129,3.41,2.46,0.0388,0.734,0.416,40.9,27,76,24,300,2.4,7.8,4.9,4.2,4.0,4.6,3.4,2.9,6.1,3.2,4.0,7.9,2.5,5.6,63.5,7.65,4.14
37.2,38.0,36.4,43.9,42.4,45.4,40.0,40.0,40.0,31.6,32.2,31.0,0.438,5.4,0.151,5.01,4.61,6.47,0.135,3.68,2.62,0.0396,0.744,0.434,40.5,27,79,25,300,2.3,9.9,4.2,4.5,4.7,3.9,4.9,4.2,5.2,3.4,3.3,9.1,3.3,4.1,67.0,6.9,4.09
40.3,41.8,38.8,39.9,40.8,39.0,39.9,39.2,40.6,32.8,33.8,31.8,0.466,5.7,0.156,5.26,4.88,6.81,0.139,3.88,2.76,0.0398,0.756,0.459,40.1,27,77,24,300,2.7,10.3,4.5,3.6,5.4,3.3,5.2,4.8,3.5,3.8,2.9,7.8,3.0,4.9,65.7,7.06,3.95
37.2,37.8,36.6,37.2,36.4,38.0,36.1,39.2,33.0,26.1,25.2,27.0,0.479,5.9,0.159,5.55,5.05,7.1,0.143,4.06,2.9,0.0388,0.763,0.475,39.6,27,76,22,300,2.9,9.2,4.9,3.3,5.6,3.3,3.9,4.5,3.9,4.4,3.2,7.5,2.2,6.2,65.0,6.36,3.98
47.4,47.8,47.0,45.6,46.8,44.4,50.9,51.6,50.2,40.3,41.4,39.2,0.398,5.03,0.137,4.74,4.17,5.93,0.118,3.18,2.42,0.0383,0.212,0.391,98.6,88,240,92,300,66.0,9.75,4.25,5.0,5.25,4.75,4.75,6.75,4.5,4.0,5.25,9.0,1.5,7.25,138.0,2.34,0.713
35.7,31.2,40.2,48.9,49.0,48.8,42.6,41.2,44.0,44.7,43.6,45.8,0.395,5.04,0.134,4.78,4.2,5.94,0.117,3.4,2.37,0.0384,0.211,0.379,78.8,54,230,63,300,36.2,9.0,4.44,4.89,4.33,4.22,4.0,5.33,4.22,3.11,4.44,8.89,2.33,6.22,102.0,5.14,2.28
38.7,38.6,38.8,50.2,49.2,51.2,38.3,38.8,37.8,44.6,43.0,46.2,0.402,5.02,0.136,4.77,4.19,6.0,0.118,3.47,2.45,0.0394,0.212,0.392,67.8,41,78,24,300,7.6,8.8,4.1,4.8,4.8,4.4,4.4,3.9,3.1,3.8,3.7,8.7,3.0,5.5,70.6,7.78,3.5
37.2,39.8,34.6,47.3,49.2,45.4,38.4,36.4,40.4,49.1,48.8,49.4,0.401,4.95,0.137,4.78,4.14,5.95,0.118,3.46,2.43,0.0394,0.214,0.399,61.9,37,79,26,300,2.4,9.1,3.7,4.0,5.7,4.7,4.4,3.9,3.4,5.2,3.6,8.5,3.3,6.4,68.3,12.4,5.39
36.9,39.8,34.0,48.4,48.6,48.2,39.4,40.0,38.8,43.3,43.8,42.8,0.398,4.96,0.136,4.8,4.14,5.99,0.119,3.47,2.45,0.0394,0.212,0.387,57.4,34,81,26,300,2.5,8.8,3.5,3.5,5.2,4.1,3.8,4.1,4.8,4.2,3.3,7.8,3.2,5.4,64.2,14.5,6.76
38.5,40.8,36.2,46.1,47.8,44.4,38.8,41.0,36.6,41.9,38.8,45.0,0.402,4.95,0.136,4.84,4.12,5.99,0.116,3.44,2.47,0.0384,0.21,0.389,54.6,33,90,24,300,3.2,8.7,3.6,4.5,4.0,4.7,4.2,4.0,4.7,4.1,3.4,8.4,3.1,4.1,64.7,15.6,8.01
37.2,37.2,37.2,47.2,46.6,47.8,35.6,34.6,36.6,46.2,44.6,47.8,0.411,4.89,0.133,4.79,4.06,6.02,0.113,3.47,2.44,0.0375,0.209,0.391,52.0,31,85,26,300,3.1,9.2,3.8,5.5,3.7,5.0,4.0,4.3,3.9,4.4,3.3,9.3,2.8,4.9,67.2,15.1,8.33
35.8,35.8,35.8,46.8,46.4,47.2,38.1,39.6,36.6,42.6,42.4,42.8,0.391,4.85,0.133,4.83,4.01,5.87,0.113,3.45,2.46,0.0387,0.212,0.393,50.5,31,84,26,300,2.3,9.9,3.9,4.5,4.7,4.2,3.6,4.1,4.0,3.8,3.5,8.6,2.1,5.8,65.0,15.4,8.61
36.9,38.0,35.8,47.0,45.4,48.6,40.2,40.2,40.2,42.5,39.2,45.8,0.393,4.97,0.134,4.79,4.06,5.94,0.113,3.37,2.43,0.0388,0.209,0.386,49.2,31,91,27,300,2.0,9.5,3.7,3.1,5.1,3.8,3.7,4.6,4.3,3.9,4.0,7.0,2.3,6.9,63.9,13.9,7.98
37.9,38.2,37.6,45.4,46.4,44.4,40.5,38.2,42.8,42.0,42.2,41.8,0.36,4.87,0.131,4.83,4.0,5.85,0.107,3.46,2.44,0.0389,0.213,0.381,47.9,30,84,26,300,2.6,8.1,4.3,3.7,4.9,3.1,3.6,4.4,4.6,3.6,3.6,7.8,2.4,6.9,63.6,14.5,8.33
38.7,40.0,37.4,48.3,47.4,49.2,37.7,37.6,37.8,44.8,44.8,44.8,0.37,4.84,0.129,4.89,3.95,5.92,0.11,3.46,2.47,0.0388,0.212,0.387,46.6,29,76,24,300,2.6,8.1,4.8,3.9,4.6,3.9,3.1,3.4,5.9,3.3,3.1,9.0,2.2,6.0,63.9,13.9,7.76
36.0,35.4,36.6,45.4,48.0,42.8,38.8,38.6,39.0,40.8,42.0,39.6,0.371,4.84,0.129,4.86,3.98,5.92,0.109,3.42,2.42,0.0391,0.211,0.382,45.5,29,73,24,300,2.7,8.7,4.7,3.8,4.1,4.5,4.1,3.1,6.4,3.3,3.4,8.2,2.6,5.7,65.3,13.6,7.19
40.5,39.6,41.4,46.8,47.6,46.0,36.5,35.4,37.6,42.0,42.8,41.2,0.38,4.85,0.127,4.84,3.91,5.93,0.105,3.45,2.44,0.0381,0.212,0.381,44.7,29,75,26,300,2.6,7.9,4.8,4.1,4.4,4.1,4.5,3.0,4.7,3.4,4.7,8.6,2.9,4.8,64.5,13.7,7.33
36.7,34.4,39.0,44.9,47.2,42.6,42.1,40.6,43.6,43.1,44.6,41.6,0.367,4.83,0.128,4.87,3.87,5.87,0.102,3.4,2.41,0.0382,0.213,0.389,43.9,28,76,25,300,2.3,9.0,3.4,4.3,4.9,4.3,4.0,3.1,3.6,3.5,4.3,8.8,3.1,5.3,63.9,13.8,7.36
37.7,34.4,41.0,48.3,50.4,46.2,37.6,39.0,36.2,44.7,45.4,44.0,0.36,4.75,0.127,4.86,3.85,5.92,0.106,3.36,2.39,0.0393,0.209,0.378,43.4,28,79,26,300,2.8,10.0,3.8,4.1,4.8,3.6,4.1,4.2,4.3,3.5,3.2,8.7,2.9,6.3,66.3,13.0,7.57
37.9,36.4,39.4,45.4,43.4,47.4,39.1,39.2,39.0,43.3,43.2,43.4,0.375,4.88,0.128,4.83,3.93,5.96,0.107,3.39,2.41,0.0394,0.21,0.389,42.8,28,81,27,300,2.5,9.1,4.3,3.5,4.3,3.5,3.3,4.6,4.0,3.4,3.7,8.6,2.5,6.0,63.3,13.6,7.78
38.6,37.4,39.8,50.4,49.2,51.6,38.0,37.0,39.0,42.6,41.0,44.2,0.381,4.91,0.137,4.88,4.06,6.01,0.112,3.42,2.43,0.0385,0.212,0.403,42.5,28,83,26,300,2.2,8.0,4.3,3.7,3.7,4.4,2.9,3.7,4.0,3.3,4.0,8.4,2.8,6.1,61.5,14.2,7.67
40.1,38.6,41.6,47.6,48.4,46.8,41.5,41.8,41.2,43.4,45.4,41.4,0.418,5.14,0.146,5.18,4.27,6.41,0.129,3.64,2.62,0.0405,0.221,0.433,42.1,28,84,28,300,1.9,8.0,3.9,4.3,4.0,4.3,3.4,4.1,3.4,4.0,3.8,8.6,3.8,5.9,63.4,14.4,8.03
38.7,37.6,39.8,47.6,48.0,47.2,38.1,39.6,36.6,44.2,40.6,47.8,0.447,5.47,0.151,5.43,4.49,6.79,0.134,3.8,2.73,0.0406,0.231,0.458,41.6,28,75,26,300,2.1,9.5,2.8,4.9,4.8,3.6,4.3,4.7,3.6,4.4,3.8,9.5,4.1,5.7,67.8,13.9,8.42
36.9,36.2,37.6,43.7,44.0,43.4,38.8,34.6,43.0,37.2,35.8,38.6,0.469,5.7,0.156,5.8,4.73,7.09,0.138,4.07,2.89,0.0398,0.242,0.477,41.2,28,76,24,300,2.5,9.1,3.0,4.4,5.3,3.9,4.2,5.2,4.6,3.7,4.6,10.0,3.2,6.0,69.7,13.7,7.94
37.9,38.4,37.4,25.9,23.8,28.0,39.5,38.8,40.2,26.6,26.4,26.8,0.502,5.97,0.162,6.09,4.96,7.43,0.146,4.28,3.01,0.0389,0.252,0.496,40.8,28,81,24,300,2.1,7.7,3.6,4.0,4.2,5.0,4.3,4.6,3.4,4.1,5.1,9.4,2.6,6.4,66.5,11.5,7.39
37.7,37.6,37.8,53.8,54.8,52.8,35.8,38.2,33.4,49.7,47.4,51.9,0.421,4.93,0.14,4.79,4.09,5.92,0.125,3.47,2.41,0.0405,0.215,0.406,70.6,58,180,56,300,53.5,8.83,4.33,3.5,5.83,5.5,5.67,5.33,5.67,5.67,4.67,13.0,5.17,6.5,133.0,4.48,1.58
37.6,37.8,37.4,49.6,51.8,47.4,37.8,40.0,35.6,51.8,50.7,52.9,0.423,4.97,0.143,4.78,4.09,5.95,0.125,3.49,2.4,0.0396,0.217,0.402,62.5,49,160,33,300,29.3,8.8,3.8,4.0,6.1,5.1,5.0,5.4,4.9,5.0,4.5,11.3,4.3,6.1,104.0,9.16,4.08
40.0,41.2,38.8,49.5,51.6,47.4,36.5,35.0,38.0,49.0,48.6,49.4,0.432,4.98,0.146,4.74,4.27,6.05,0.127,3.52,2.42,0.0394,0.211,0.406,56.3,42,82,28,300,3.0,7.1,3.5,4.9,5.3,4.8,3.5,4.2,4.1,3.6,4.1,8.2,2.6,4.7,63.6,13.1,5.96
38.3,37.6,39.0,50.9,51.6,50.2,39.7,41.0,38.4,49.4,50.4,48.4,0.432,4.88,0.143,4.71,4.17,6.04,0.128,3.49,2.41,0.0398,0.217,0.413,52.1,38,75,25,300,3.4,7.4,4.1,4.9,3.8,4.5,4.4,4.0,3.2,4.0,4.0,8.1,2.6,5.1,63.5,16.3,8.11
38.7,40.6,36.8,49.8,50.0,49.6,36.7,33.8,39.6,49.2,46.8,51.6,0.449,4.86,0.145,4.65,4.22,6.05,0.126,3.49,2.45,0.0398,0.216,0.405,49.9,36,85,26,300,3.2,9.0,3.9,4.4,3.3,4.2,4.9,4.8,3.2,3.8,4.2,9.6,3.4,6.0,67.9,18.8,9.49
38.9,39.6,38.2,50.0,51.2,48.8,52.6,51.6,53.6,49.4,47.6,51.2,0.452,4.93,0.147,4.61,4.29,6.08,0.132,3.46,2.43,0.04,0.732,0.408,49.5,35,100,29,300,2.0,7.8,3.6,3.9,3.8,4.9,5.7,4.8,4.8,3.8,3.8,9.9,3.3,6.4,68.5,19.4,10.3
40.6,39.6,41.6,50.3,49.2,51.4,37.9,35.8,40.0,50.5,49.0,52.0,0.451,4.9,0.151,4.59,4.35,6.04,0.133,3.51,2.43,0.0398,0.732,0.414,47.9,35,99,31,300,1.6,7.4,3.7,3.9,4.0,4.6,5.7,3.8,4.2,4.7,3.6,8.5,2.8,6.2,64.7,17.8,9.94
38.4,39.8,37.0,47.7,48.8,46.6,37.3,40.0,34.6,49.9,50.0,49.8,0.447,4.91,0.15,4.63,4.41,5.96,0.131,3.5,2.45,0.0408,0.732,0.41,46.7,34,85,28,300,2.3,9.0,4.0,4.4,3.9,4.2,3.9,4.4,4.0,4.5,5.1,8.7,3.3,5.8,67.5,17.8,10.4
40.9,38.2,43.6,49.3,52.6,46.0,36.4,33.8,39.0,46.9,45.8,48.0,0.455,4.94,0.149,4.45,4.52,6.18,0.133,3.51,2.42,0.0408,0.731,0.407,45.7,33,82,28,300,3.0,8.8,4.3,4.3,3.7,4.0,4.0,5.1,4.1,3.5,4.4,8.5,3.0,4.8,65.5,17.7,10.0
36.7,37.6,35.8,51.0,53.8,48.2,38.8,37.8,39.8,47.2,43.6,50.8,0.458,4.99,0.152,4.49,4.49,6.08,0.133,3.54,2.43,0.0387,0.733,0.422,45.0,33,82,28,300,2.6,8.5,4.4,4.4,4.3,4.1,5.2,3.9,4.2,3.0,3.9,9.2,2.6,4.9,65.2,17.1,9.99
42.3,44.0,40.6,51.1,50.8,51.4,40.5,42.4,38.6,50.1,50.2,50.0,0.46,4.95,0.154,4.5,4.54,6.13,0.134,3.55,2.48,0.0389,0.736,0.42,44.5,32,91,29,300,2.3,8.4,4.1,4.3,4.9,4.4,5.7,3.4,4.3,3.6,3.3,9.8,3.1,5.3,66.9,17.6,10.3
40.2,39.8,40.6,52.7,52.4,53.0,38.3,37.6,39.0,50.1,48.6,51.6,0.455,4.93,0.147,4.48,4.58,6.22,0.134,3.58,2.49,0.0398,0.734,0.421,43.9,32,90,30,300,2.5,8.9,3.8,3.2,5.2,5.3,5.2,3.8,4.2,3.7,3.1,8.5,3.6,5.7,66.7,18.3,9.98
40.9,40.4,41.4,54.2,55.4,53.0,40.6,40.8,40.4,49.5,49.0,50.0,0.453,5.0,0.146,4.46,4.63,6.12,0.126,3.59,2.45,0.0388,0.734,0.418,43.8,32,90,32,300,2.6,9.9,3.5,3.5,5.0,5.2,4.7,4.3,3.8,3.8,4.6,9.4,3.7,6.8,70.8,17.5,9.48
37.6,36.4,38.8,48.1,49.4,46.8,38.7,38.8,38.6,48.7,47.2,50.2,0.446,4.98,0.148,4.41,4.66,6.16,0.126,3.65,2.5,0.0398,0.735,0.417,43.5,32,87,32,300,3.2,8.4,3.8,4.8,4.3,3.4,4.8,4.7,3.2,4.6,4.5,9.7,3.3,6.1,68.8,17.7,10.1
38.3,37.2,39.4,47.5,50.2,44.8,37.0,38.4,35.6,47.3,46.2,48.4,0.446,4.98,0.149,4.28,4.65,6.13,0.125,3.57,2.49,0.0388,0.731,0.423,43.0,32,82,29,300,2.9,8.1,3.7,4.5,4.1,4.1,4.5,4.6,3.4,4.9,5.1,8.7,2.7,4.7,66.0,18.0,10.4
37.6,38.4,36.8,49.8,50.4,49.2,38.3,37.8,38.8,49.2,50.0,48.4,0.443,4.96,0.15,4.2,4.75,6.13,0.128,3.57,2.5,0.0407,0.731,0.427,42.9,32,90,28,300,2.8,9.6,3.3,3.6,3.9,4.9,3.4,5.1,4.1,3.9,5.7,9.2,3.3,4.7,67.5,17.5,10.5
39.3,39.0,39.6,49.2,48.8,49.6,37.2,34.8,39.6,49.0,46.2,51.8,0.469,5.19,0.154,4.46,4.97,6.42,0.132,3.7,2.58,0.0398,0.74,0.448,42.6,32,95,29,300,2.9,7.9,3.4,3.1,4.1,4.4,3.2,4.7,4.4,4.2,4.9,8.7,3.3,5.6,64.8,16.7,10.6
38.4,36.2,40.6,50.7,50.4,51.0,38.8,39.4,38.2,48.6,47.2,50.0,0.492,5.39,0.161,4.67,5.18,6.75,0.137,3.9,2.71,0.0401,0.748,0.471,42.1,31,76,26,300,2.6,7.2,3.5,3.3,4.6,4.6,3.4,3.9,4.0,4.8,4.0,6.8,2.0,6.2,60.9,17.8,10.3
41.5,40.4,42.6,48.8,50.8,46.8,37.1,39.0,35.2,49.1,46.2,52.0,0.515,5.74,0.166,4.94,5.48,7.1,0.143,4.12,2.83,0.0401,0.758,0.5,41.9,31,81,26,300,2.8,8.0,3.3,4.6,3.9,4.9,3.8,4.8,3.9,4.3,4.0,8.2,2.8,6.2,65.5,17.6,9.92
37.5,40.4,34.6,50.5,49.6,51.4,38.1,40.2,36.0,51.8,50.6,53.0,0.53,6.0,0.172,5.12,5.67,7.44,0.147,4.29,2.98,0.0402,0.765,0.516,41.7,31,82,29,300,3.3,8.6,3.5,5.5,3.4,4.4,3.2,4.3,3.9,4.1,4.2,8.8,3.2,5.7,66.1,18.0,10.0
40.8,37.2,44.4,50.8,53.6,48.0,40.2,39.4,41.0,50.6,51.2,50.0,0.563,6.28,0.179,5.39,5.99,7.75,0.168,4.46,3.11,0.0402,0.773,0.546,41.6,31,82,29,300,2.8,10.3,4.2,5.1,3.6,3.7,2.9,4.1,4.4,3.3,3.9,7.2,2.5,6.4,64.4,17.7,9.84
40.2,41.4,39.0,45.8,43.8,47.8,39.5,38.0,41.0,42.5,40.0,45.0,0.589,6.63,0.183,5.69,6.32,8.1,0.176,4.74,3.29,0.041,0.784,0.568,41.4,31,89,27,300,2.2,10.5,4.3,4.7,4.0,3.7,3.4,4.4,4.7,3.5,3.6,7.9,3.2,6.5,66.6,17.7,9.93
39.3,39.4,39.2,27.4,30.0,24.8,41.2,41.4,41.0,25.2,23.6,26.8,0.597,6.57,0.182,5.65,6.17,7.76,0.172,4.74,3.32,0.0401,0.786,0.569,41.1,30,89,25,300,2.7,8.9,4.2,4.5,5.3,4.2,3.7,4.1,4.5,4.3,4.5,9.0,3.4,5.5,68.8,14.8,9.77
36.4,36.8,36.0,55.0,59.0,51.0,34.9,33.2,36.6,62.0,63.8,60.2,0.445,5.17,0.147,4.39,4.71,6.19,0.134,3.56,2.45,0.0381,0.218,0.426,65.6,52,160,51,300,53.7,9.0,5.83,6.5,5.0,4.33,4.67,5.0,4.0,5.0,4.67,10.2,4.33,6.33,129.0,7.78,2.81
38.0,36.2,39.8,53.8,56.2,51.4,37.8,37.0,38.6,60.2,58.0,62.4,0.444,5.16,0.145,4.44,4.71,6.07,0.135,3.6,2.48,0.0383,0.215,0.424,58.3,45,110,29,300,29.4,8.1,5.1,6.6,4.1,4.6,4.2,4.3,4.5,5.7,4.4,9.6,3.5,6.7,101.0,13.2,5.63
37.4,37.8,37.0,55.6,58.6,52.6,39.3,41.8,36.8,60.4,59.6,61.2,0.44,5.11,0.143,4.36,4.66,6.12,0.134,3.54,2.49,0.0401,0.217,0.422,53.9,39,93,27,300,2.6,6.7,4.1,5.1,3.6,4.1,4.5,3.2,4.1,4.6,3.2,7.9,2.3,6.0,62.0,17.4,8.81
39.0,41.6,36.4,55.5,57.6,53.4,36.9,36.0,37.8,59.0,57.8,60.2,0.433,5.13,0.143,4.36,4.65,6.02,0.136,3.58,2.45,0.04,0.215,0.422,51.2,37,87,27,300,3.8,8.1,5.2,5.2,3.8,3.5,4.6,3.4,3.7,3.8,3.4,8.3,3.0,4.6,64.4,22.6,11.8
38.8,38.0,39.6,55.6,57.4,53.8,39.5,41.4,37.6,57.9,59.4,56.4,0.442,5.15,0.146,4.4,4.63,6.0,0.133,3.49,2.47,0.0402,0.219,0.42,49.0,36,87,29,300,3.4,9.0,5.5,4.9,3.0,3.7,4.7,2.9,3.7,4.3,5.0,9.7,3.4,4.4,67.6,24.3,14.2
37.1,37.2,37.0,54.5,56.4,52.6,38.2,40.4,36.0,58.1,58.8,57.4,0.422,5.12,0.145,4.3,4.57,6.05,0.131,3.5,2.47,0.0391,0.215,0.412,47.9,35,85,30,300,2.4,9.9,5.2,3.8,2.8,5.5,4.9,3.2,4.2,4.6,5.1,9.3,3.0,5.3,69.2,24.5,14.3
37.5,39.2,35.8,59.9,60.8,59.0,38.2,35.6,40.8,59.0,58.0,60.0,0.422,5.05,0.143,4.34,4.6,5.97,0.131,3.5,2.44,0.0391,0.213,0.417,46.6,34,82,29,300,3.1,9.2,4.4,3.7,3.5,5.1,3.7,3.1,4.7,4.4,4.0,7.0,2.6,5.3,63.8,24.7,13.8
38.6,41.8,35.4,56.1,57.0,55.2,37.7,40.8,34.6,59.5,58.8,60.2,0.418,5.07,0.139,4.4,4.63,5.99,0.131,3.47,2.44,0.0402,0.214,0.411,45.8,34,83,28,300,2.7,8.3,3.6,4.2,4.0,4.2,3.8,3.5,4.8,3.6,3.9,7.0,2.6,5.8,62.0,25.8,14.5
39.1,38.0,40.2,55.8,54.8,56.8,37.3,35.6,39.0,60.9,57.4,64.4,0.414,5.09,0.139,4.4,4.59,6.0,0.127,3.47,2.42,0.0383,0.213,0.412,45.0,33,84,28,300,2.4,7.9,4.0,4.7,4.1,4.5,4.6,4.5,4.2,3.8,4.2,7.5,2.3,5.8,64.5,25.2,14.3
39.1,36.6,41.6,54.6,58.4,50.8,38.9,40.8,37.0,57.5,54.6,60.4,0.423,5.0,0.143,4.36,4.57,6.03,0.132,3.42,2.46,0.0393,0.214,0.413,44.6,33,88,31,300,3.3,8.2,4.7,4.0,3.8,4.2,5.2,4.0,3.5,4.7,4.1,8.5,3.0,5.8,67.0,25.3,15.0
37.6,33.4,41.8,52.7,54.6,50.8,38.1,36.8,39.4,58.7,59.4,58.0,0.43,5.08,0.141,4.39,4.63,5.99,0.134,3.5,2.44,0.0394,0.215,0.413,44.2,33,92,32,300,2.7,9.8,4.5,3.3,3.5,5.3,4.5,4.2,3.6,5.3,4.4,9.3,3.6,5.3,69.3,25.7,14.8
39.6,38.4,40.8,53.8,55.2,52.4,39.6,38.0,41.2,59.2,58.8,59.6,0.426,5.05,0.142,4.34,4.56,5.99,0.132,3.46,2.46,0.0393,0.214,0.413,43.7,33,91,28,300,2.6,9.2,3.6,2.8,2.8,5.4,4.0,4.1,3.8,5.1,4.2,8.5,2.9,5.1,64.1,24.4,15.8
39.1,33.6,44.6,55.3,57.2,53.4,36.3,39.0,33.6,57.7,55.0,60.4,0.435,5.01,0.146,4.4,4.64,5.95,0.139,3.48,2.47,0.0404,0.216,0.423,43.2,32,90,27,300,3.0,7.6,3.8,4.4,2.6,4.1,4.4,3.7,4.6,3.9,3.4,8.2,2.6,6.4,62.7,24.0,14.5
38.5,39.4,37.6,55.7,56.4,55.0,39.5,40.4,38.6,60.7,59.8,61.6,0.439,5.05,0.146,4.42,4.52,5.99,0.124,3.5,2.48,0.0396,0.216,0.417,43.1,32,90,29,300,2.3,7.8,4.0,5.8,3.7,3.8,4.5,4.0,3.9,3.4,3.4,8.6,3.4,7.1,65.7,24.3,14.9
38.3,39.2,37.4,54.4,57.6,51.2,37.9,39.2,36.6,59.3,59.0,59.6,0.431,4.88,0.145,4.33,4.51,5.97,0.121,3.42,2.42,0.0399,0.214,0.413,42.9,32,91,31,300,3.2,8.8,3.7,4.6,3.9,4.2,4.9,4.9,4.3,3.6,3.7,8.8,3.7,6.0,68.3,25.3,14.5
41.3,43.4,39.2,54.2,57.4,51.0,38.6,38.8,38.4,57.7,57.6,57.8,0.423,4.94,0.14,4.37,4.56,5.9,0.119,3.47,2.43,0.0399,0.215,0.412,42.5,32,84,29,300,3.8,7.8,3.0,3.9,3.4,4.6,5.0,4.8,5.4,3.4,4.4,8.4,2.6,5.5,66.0,24.2,15.1
38.4,35.4,41.4,55.0,57.6,52.4,37.0,35.6,38.4,60.0,57.6,62.4,0.427,5.09,0.146,4.48,4.78,6.19,0.125,3.55,2.52,0.0392,0.22,0.435,42.1,31,79,27,300,3.3,7.2,3.6,4.0,3.4,5.1,5.3,3.9,4.8,3.6,4.9,8.8,2.2,5.7,65.8,25.7,14.8
37.2,37.6,36.8,53.8,54.6,53.0,39.6,42.0,37.2,59.8,57.2,62.4,0.455,5.33,0.152,4.7,4.98,6.58,0.13,3.78,2.65,0.0405,0.228,0.449,41.9,31,82,28,300,2.7,8.5,3.4,3.9,3.4,4.5,5.0,4.1,4.4,4.1,4.0,8.2,2.8,5.8,64.8,26.2,14.6
39.3,38.4,40.2,53.0,54.2,51.8,37.7,39.4,36.0,57.4,55.8,59.0,0.475,5.66,0.157,4.99,5.28,6.85,0.136,3.98,2.77,0.0406,0.235,0.476,41.8,31,89,29,300,2.5,8.6,3.3,3.5,3.2,4.3,5.2,3.8,3.3,4.1,3.1,7.1,3.1,6.2,61.3,25.8,14.4
39.3,40.2,38.4,39.6,40.8,38.4,39.4,39.4,39.4,36.1,36.2,36.0,0.5,5.98,0.162,5.22,5.51,7.15,0.141,4.15,2.92,0.0416,0.244,0.5,41.6,31,88,29,300,3.3,8.7,3.6,4.3,3.8,4.7,4.7,3.8,3.1,4.6,3.1,8.2,2.6,6.0,64.5,22.7,13.9
46.1,47.4,44.8,57.0,58.6,55.4,58.1,57.8,58.4,59.7,58.0,61.4,0.412,5.0,0.137,4.32,4.45,5.99,0.113,3.48,2.4,0.0397,0.21,0.402,120.0,110,270,110,300,61.3,11.5,3.25,2.25,4.0,5.0,3.75,4.5,5.5,4.5,4.25,9.75,3.0,5.25,128.0,6.52,2.27
35.8,36.6,35.0,55.3,58.2,52.4,34.5,33.0,36.0,58.0,55.8,60.2,0.411,4.93,0.135,4.34,4.46,5.86,0.112,3.4,2.38,0.0407,0.213,0.407,97.8,79,260,84,300,36.8,11.1,3.56,3.67,4.33,3.78,3.89,3.44,5.33,4.33,4.56,8.22,2.44,4.78,100.0,11.9,5.62
38.8,37.8,39.8,53.0,52.0,54.0,37.6,35.8,39.4,60.8,61.0,60.6,0.407,4.94,0.136,4.36,4.39,5.91,0.111,3.37,2.38,0.0389,0.213,0.399,83.7,59,92,29,300,10.0,11.8,3.8,4.5,3.7,3.0,3.9,3.6,4.9,4.2,4.6,7.5,2.5,4.9,72.9,17.6,8.08
37.0,34.4,39.6,60.0,59.6,60.4,39.2,36.6,41.8,63.4,60.4,66.4,0.423,4.9,0.14,4.41,4.38,5.9,0.118,3.42,2.41,0.0389,0.214,0.404,75.6,50,98,30,300,2.5,10.4,4.4,4.7,3.2,4.5,4.5,3.9,3.6,3.5,4.0,8.1,2.8,5.9,66.0,22.2,11.5
38.2,36.4,40.0,55.2,57.2,53.2,38.2,38.0,38.4,54.0,53.2,54.8,0.417,4.93,0.141,4.43,4.29,5.94,0.12,3.44,2.44,0.0399,0.214,0.408,69.2,42,100,27,300,2.5,7.8,5.6,4.8,3.9,4.4,5.1,3.8,3.1,2.8,4.5,8.5,3.3,5.9,66.0,25.2,14.6
37.7,37.8,37.6,55.4,55.2,55.6,39.6,36.0,43.2,62.3,63.2,61.4,0.418,4.96,0.141,4.47,4.29,5.92,0.122,3.45,2.36,0.0402,0.21,0.407,65.2,40,91,28,300,2.2,8.5,5.3,3.7,4.0,3.7,4.5,4.1,3.9,4.3,4.6,9.4,4.0,5.9,68.1,27.5,15.6
35.7,37.0,34.4,53.9,53.6,54.2,37.5,36.4,38.6,61.8,60.4,63.2,0.413,4.94,0.142,4.49,4.25,5.92,0.118,3.41,2.45,0.0401,0.213,0.402,62.1,38,97,28,300,2.6,8.5,4.2,3.6,3.9,4.2,4.0,4.8,4.2,4.0,4.0,10.0,3.5,6.4,67.9,26.8,14.6
37.4,37.6,37.2,60.0,61.4,58.6,39.1,40.8,37.4,59.1,59.0,59.2,0.415,4.92,0.138,4.48,4.19,5.84,0.123,3.4,2.4,0.0401,0.212,0.398,59.6,36,95,26,300,3.0,7.8,3.3,3.7,4.0,5.2,4.0,4.5,3.9,3.4,3.9,8.1,2.8,5.9,63.5,27.0,16.1
37.9,40.4,35.4,55.7,55.4,56.0,49.2,54.2,44.2,62.0,62.8,61.2,0.415,4.96,0.135,4.6,4.23,5.92,0.117,3.43,2.42,0.0402,0.663,0.398,57.9,37,93,31,300,3.0,8.8,4.0,3.3,4.3,5.7,3.6,4.1,3.7,4.4,3.1,7.6,2.8,5.7,64.1,28.0,15.7
38.7,41.0,36.4,55.8,55.8,55.8,37.4,36.8,38.0,65.2,65.4,65.0,0.4,4.86,0.135,4.51,4.26,5.87,0.116,3.41,2.4,0.0413,0.663,0.398,55.7,35,86,29,300,2.6,9.2,4.1,3.7,4.1,3.9,4.2,4.5,4.1,4.9,3.8,8.3,2.6,6.4,66.4,28.5,15.9
37.1,36.6,37.6,59.6,59.8,59.4,39.0,38.4,39.6,57.9,55.6,60.2,0.406,4.98,0.136,4.55,4.15,5.94,0.117,3.41,2.45,0.0392,0.664,0.396,54.7,35,87,29,300,2.6,9.3,3.0,4.1,3.5,3.2,4.4,4.7,4.0,5.2,4.3,8.8,2.6,6.0,65.7,26.4,15.7
38.2,35.6,40.8,52.2,55.0,49.4,38.9,38.8,39.0,59.9,60.4,59.4,0.4,4.87,0.136,4.52,4.09,6.0,0.115,3.43,2.45,0.0402,0.662,0.389,53.6,34,92,31,300,3.7,8.8,4.1,3.7,3.4,3.6,3.6,5.1,3.2,4.7,3.8,8.5,2.3,5.1,63.6,27.8,16.7
38.6,41.0,36.2,54.2,56.4,52.0,39.5,38.8,40.2,61.6,61.0,62.2,0.401,4.94,0.134,4.6,4.13,5.94,0.112,3.42,2.44,0.0412,0.662,0.387,52.7,34,98,29,300,3.7,8.9,4.7,3.3,3.3,3.8,4.3,4.3,3.5,4.7,4.2,7.6,1.9,4.9,63.1,26.3,15.9
37.3,38.0,36.6,57.1,57.2,57.0,39.4,38.2,40.6,60.1,57.2,63.0,0.398,4.96,0.134,4.67,4.16,5.91,0.115,3.38,2.43,0.0399,0.663,0.397,51.9,33,100,28,300,3.1,8.8,5.3,3.7,3.7,3.8,4.2,3.6,4.0,4.5,4.8,7.6,2.2,5.0,64.3,26.9,15.3
37.2,36.8,37.6,57.3,59.0,55.6,40.3,38.8,41.8,57.4,55.6,59.2,0.402,4.89,0.134,4.67,4.05,5.97,0.115,3.36,2.42,0.039,0.666,0.39,50.9,33,95,26,300,2.7,7.5,5.3,4.0,3.7,4.4,4.0,3.4,3.8,4.2,4.1,7.9,2.9,5.9,63.8,26.1,16.3
40.0,39.0,41.0,53.9,56.4,51.4,40.0,38.4,41.6,65.6,62.8,68.4,0.402,4.83,0.136,4.67,4.05,6.0,0.115,3.37,2.41,0.0402,0.665,0.387,50.3,32,95,28,300,3.6,7.6,3.9,4.5,3.5,4.1,4.0,3.6,3.7,4.4,3.9,9.1,3.2,5.9,65.0,27.3,16.3
36.8,37.8,35.8,60.3,62.0,58.6,37.9,37.4,38.4,61.0,60.2,61.8,0.406,4.99,0.138,4.82,4.18,6.11,0.119,3.39,2.45,0.0404,0.664,0.404,49.7,32,96,30,300,4.0,8.7,4.3,4.5,3.3,4.1,3.4,4.2,4.3,3.7,5.0,9.4,2.9,6.6,68.4,27.1,15.7
39.2,38.0,40.4,54.6,57.6,51.6,38.1,38.0,38.2,54.6,54.2,55.0,0.431,5.23,0.143,5.08,4.37,6.39,0.124,3.59,2.6,0.0407,0.675,0.426,49.3,32,94,30,300,2.8,8.6,5.1,4.7,4.1,4.6,4.0,4.7,4.4,3.7,4.4,9.0,3.0,6.5,69.6,26.3,16.0
33.6,30.2,37.0,54.2,54.4,54.0,37.0,34.0,40.0,61.8,60.6,63.0,0.444,5.47,0.147,5.3,4.61,6.62,0.129,3.79,2.73,0.042,0.681,0.443,48.7,32,90,30,300,2.7,8.2,4.9,4.6,4.5,4.2,3.8,4.0,4.0,4.2,4.1,7.8,2.5,5.3,64.8,25.9,17.6
38.2,40.2,36.2,40.4,40.6,40.2,39.8,39.8,39.8,47.3,45.8,48.8,0.47,5.72,0.155,5.56,4.8,7.0,0.135,4.0,2.88,0.0403,0.691,0.469,48.0,32,74,27,300,3.0,7.9,4.1,4.0,4.0,4.7,3.8,3.9,3.7,3.4,4.3,6.2,2.0,5.8,60.8,25.9,16.2
53.6,55.0,52.2,47.3,49.8,44.8,60.2,58.8,61.6,36.2,33.2,39.2,0.419,5.21,0.136,4.96,4.17,6.19,0.116,3.42,2.44,0.0418,0.667,0.384,85.4,72,200,73,400,65.0,10.6,6.4,4.0,5.6,5.2,5.0,5.8,3.6,4.6,6.6,9.0,3.8,6.6,142.0,1.74,0.54
44.5,44.4,44.6,47.5,49.8,45.2,45.2,44.8,45.6,35.4,35.8,35.0,0.418,5.27,0.139,5.04,4.29,6.32,0.113,3.54,2.48,0.0406,0.673,0.393,70.1,50,200,58,400,43.3,11.0,6.0,4.0,4.7,5.6,5.3,5.9,4.7,4.9,6.5,9.8,3.8,7.9,123.0,3.69,1.2
41.2,41.0,41.4,47.6,46.2,49.0,40.1,38.4,41.8,35.2,36.4,34.0,0.419,5.33,0.138,5.0,4.24,6.32,0.118,3.51,2.46,0.0394,0.67,0.406,62.1,41,77,25,400,13.1,10.4,5.2,4.6,4.9,5.4,4.7,6.3,6.4,6.0,5.4,12.5,4.3,8.0,97.2,5.66,2.58
42.9,42.8,43.0,45.8,49.6,42.0,45.5,46.6,44.4,34.0,31.6,36.4,0.429,5.4,0.145,5.18,4.42,6.54,0.121,3.64,2.55,0.0406,0.675,0.41,56.9,37,83,25,400,4.0,11.4,4.8,5.2,5.0,4.6,4.7,6.1,6.2,6.1,5.4,12.0,3.9,7.5,86.9,7.03,3.5
41.1,39.6,42.6,46.7,45.8,47.6,42.8,43.2,42.4,35.4,35.8,35.0,0.426,5.38,0.144,5.23,4.41,6.59,0.12,3.63,2.6,0.0393,0.226,0.416,53.5,35,88,26,400,4.2,13.7,5.0,5.8,5.0,5.2,5.0,5.5,5.2,5.4,6.4,10.4,3.5,7.7,88.0,8.37,4.28
41.5,39.4,43.6,48.0,48.0,48.0,42.8,40.4,45.2,35.1,33.0,37.2,0.436,5.61,0.146,5.36,4.46,6.68,0.125,3.76,2.65,0.0391,0.23,0.42,50.9,33,81,25,400,4.6,12.4,5.2,5.5,6.1,5.2,5.6,4.8,5.3,5.1,5.7,11.4,4.1,7.7,88.7,8.91,4.79
42.0,41.6,42.4,50.6,50.8,50.4,44.0,43.8,44.2,38.0,38.7,37.3,0.438,5.63,0.146,5.44,4.5,6.7,0.127,3.75,2.6,0.0401,0.229,0.432,48.9,32,80,25,400,4.2,12.5,4.8,4.8,5.6,4.5,6.3,5.3,5.6,4.4,5.4,10.9,3.5,8.1,85.9,8.71,5.08
44.2,44.0,44.4,46.4,45.4,47.4,45.4,44.6,46.2,33.7,33.7,33.7,0.46,5.79,0.154,5.64,4.56,6.88,0.132,3.84,2.68,0.0401,0.232,0.449,48.0,32,94,27,400,4.2,12.9,6.2,5.2,5.9,4.9,5.6,4.9,5.4,5.4,5.3,11.9,4.1,7.7,89.6,8.51,4.59
42.1,40.8,43.4,47.8,46.6,49.0,45.1,43.6,46.6,31.6,32.6,30.6,0.476,5.83,0.157,5.66,4.58,7.0,0.137,3.9,2.73,0.0397,0.233,0.45,46.8,31,90,29,400,3.1,12.0,6.6,5.8,6.9,5.0,5.7,4.7,4.5,6.4,5.2,13.4,4.7,7.3,91.3,8.29,4.54
42.6,44.2,41.0,46.1,45.4,46.8,48.3,47.4,49.2,31.4,31.0,31.8,0.479,5.97,0.158,5.76,4.63,7.17,0.135,3.92,2.78,0.0396,0.243,0.456,45.6,31,82,27,400,3.2,11.1,5.4,5.7,6.7,4.8,5.4,5.9,4.9,5.1,5.1,12.0,3.3,7.8,86.4,7.79,4.55
42.1,43.0,41.2,49.6,50.8,48.4,41.8,42.8,40.8,33.1,33.0,33.2,0.475,5.97,0.157,5.81,4.72,7.16,0.135,4.06,2.83,0.0393,0.245,0.464,44.4,30,71,25,400,3.3,11.1,6.6,5.0,5.7,5.4,5.2,5.1,6.9,4.8,5.4,11.7,3.1,8.2,87.5,7.37,4.39
42.3,42.8,41.8,47.4,45.8,49.0,46.8,48.6,45.0,34.3,36.2,32.4,0.476,6.08,0.157,6.01,4.77,7.22,0.133,4.07,2.9,0.0393,0.247,0.463,44.0,30,81,26,400,2.7,11.4,6.0,5.4,4.7,6.1,5.9,5.4,6.6,5.1,5.7,11.1,3.1,8.9,88.1,6.82,4.2
42.8,41.4,44.2,49.2,50.2,48.2,45.3,43.8,46.8,34.2,36.6,31.8,0.491,6.12,0.161,6.04,4.8,7.38,0.137,4.19,2.91,0.04,0.25,0.465,43.6,30,95,28,400,3.9,10.2,4.9,6.2,5.1,5.1,6.6,6.1,5.6,5.5,5.5,10.0,3.0,9.0,86.7,6.76,4.21
41.0,39.0,43.0,48.6,48.4,48.8,45.3,45.4,45.2,32.2,31.8,32.6,0.487,6.23,0.159,6.15,4.91,7.51,0.138,4.17,2.94,0.0389,0.249,0.474,43.3,30,98,28,400,4.2,10.4,5.1,7.2,6.1,5.5,6.5,5.5,4.7,5.6,6.7,11.3,3.7,7.3,89.8,6.74,4.28
42.8,45.2,40.4,49.9,50.6,49.2,44.4,41.2,47.6,33.3,34.8,31.8,0.505,6.35,0.161,6.3,4.93,7.67,0.141,4.29,3.0,0.0387,0.254,0.489,43.2,30,100,28,400,3.7,11.9,5.6,7.1,6.0,6.6,5.0,5.4,3.7,4.6,6.3,11.1,3.8,6.2,87.0,7.16,4.7
41.1,42.0,40.2,46.1,47.8,44.4,44.8,46.6,43.0,31.6,31.2,32.0,0.517,6.4,0.166,6.42,5.02,7.72,0.146,4.34,3.03,0.0386,0.257,0.488,43.0,30,91,27,400,4.2,12.8,6.2,5.6,5.1,6.8,4.6,5.2,4.0,5.7,5.2,12.2,4.2,6.5,88.3,6.8,4.81
41.6,41.0,42.2,47.1,45.4,48.8,44.6,43.0,46.2,34.6,37.0,32.2,0.535,6.55,0.172,6.62,5.19,7.94,0.149,4.43,3.12,0.0377,0.264,0.508,42.5,29,90,25,400,4.2,12.5,4.8,5.2,5.1,6.3,5.0,4.6,4.4,6.1,5.9,12.2,4.0,7.4,87.7,6.84,4.68
43.7,43.8,43.6,44.7,45.6,43.8,44.9,47.6,42.2,31.9,31.6,32.2,0.554,6.92,0.176,6.94,5.48,8.36,0.154,4.69,3.31,0.0388,0.275,0.534,42.0,29,84,24,400,4.0,12.2,4.7,5.6,5.6,5.2,4.6,4.7,5.8,4.3,5.9,9.5,3.0,7.4,82.5,6.62,4.53
44.9,44.4,45.4,45.7,44.2,47.2,44.9,42.6,47.2,32.0,32.8,31.2,0.583,7.31,0.182,7.24,5.8,8.91,0.161,4.98,3.43,0.0378,0.284,0.563,41.7,29,79,26,400,4.2,12.4,5.8,4.9,6.1,5.5,3.8,5.3,6.3,3.9,6.1,10.3,3.0,8.0,85.6,6.78,4.51
39.1,37.4,40.8,39.7,41.2,38.2,43.8,46.0,41.6,26.1,27.4,24.8,0.608,7.61,0.192,7.58,6.03,9.25,0.169,5.19,3.61,0.0387,0.295,0.593,41.4,29,80,27,400,3.6,12.3,5.5,4.7,7.7,5.2,4.2,5.4,6.0,4.7,5.5,11.5,3.3,7.9,87.5,6.05,3.87
63.6,62.0,65.2,48.7,49.8,47.6,65.0,63.6,66.4,47.6,50.8,44.4,0.525,6.63,0.165,6.45,5.07,7.84,0.14,4.43,3.05,0.0383,0.257,0.471,96.8,82,250,85,400,65.0,10.0,6.0,5.0,5.0,3.0,6.0,7.25,4.25,3.75,5.75,11.5,3.5,4.25,140.0,4.5,0.914
42.6,44.8,40.4,51.5,50.2,52.8,40.4,40.8,40.0,50.4,53.8,47.0,0.509,6.46,0.157,6.4,5.17,7.89,0.134,4.34,3.04,0.0383,0.258,0.465,79.4,61,230,68,400,47.7,10.6,6.33,6.22,5.67,4.0,6.44,6.78,6.0,5.22,5.22,11.6,3.89,6.78,132.0,8.5,2.45
45.3,46.8,43.8,50.9,52.2,49.6,43.0,42.0,44.0,46.4,44.8,48.0,0.512,6.47,0.161,6.29,5.15,7.85,0.135,4.45,3.11,0.0394,0.26,0.463,69.5,49,83,28,400,19.1,11.0,6.2,7.6,6.4,5.0,5.8,5.6,6.5,5.6,5.2,11.7,3.7,8.2,108.0,11.6,4.12
42.6,42.6,42.6,51.6,53.0,50.2,42.2,42.2,42.2,47.1,46.6,47.6,0.504,6.34,0.157,6.13,5.29,7.79,0.134,4.37,3.06,0.0383,0.254,0.468,63.2,43,85,29,400,4.2,11.4,5.8,6.3,5.7,5.0,4.9,5.0,5.5,5.0,5.5,12.1,3.4,7.1,86.9,14.8,5.58
42.8,41.6,44.0,47.9,47.8,48.0,40.6,41.0,40.2,44.4,44.6,44.2,0.49,6.31,0.156,6.13,5.24,7.86,0.132,4.38,3.07,0.0384,0.26,0.469,59.4,40,85,29,400,4.6,12.4,5.8,5.2,5.7,5.8,4.5,5.0,4.9,5.3,5.2,12.4,3.2,6.7,86.7,17.1,7.22
43.2,39.6,46.8,50.6,50.4,50.8,43.7,44.2,43.2,44.9,44.2,45.6,0.483,6.32,0.155,6.09,5.4,7.68,0.134,4.39,3.05,0.0385,0.248,0.469,56.1,38,87,30,400,4.1,12.2,5.0,7.3,5.9,6.0,4.4,4.6,5.5,4.7,4.5,11.4,2.6,7.0,85.2,16.4,8.3
46.6,46.0,47.2,49.4,50.4,48.4,44.0,43.8,44.2,44.0,43.0,45.0,0.496,6.32,0.159,6.03,5.41,7.79,0.134,4.35,3.1,0.0387,0.252,0.466,53.8,37,86,28,400,3.1,11.0,5.0,6.6,6.8,5.8,4.8,5.1,6.4,4.6,5.4,10.4,3.2,8.0,86.2,15.2,8.09
42.8,44.4,41.2,54.5,53.4,55.6,41.1,42.8,39.4,45.5,43.4,47.6,0.507,6.27,0.161,5.92,5.54,7.85,0.142,4.37,3.05,0.0375,0.254,0.48,52.0,36,84,29,400,4.1,10.3,5.6,4.2,7.3,6.6,5.4,6.2,5.0,4.2,6.3,10.7,3.7,8.0,87.6,15.7,7.93
45.3,44.6,46.0,49.7,49.8,49.6,43.1,41.4,44.8,43.1,40.0,46.2,0.511,6.2,0.162,5.84,5.57,7.8,0.141,4.36,3.09,0.0377,0.254,0.48,50.6,35,82,29,400,4.2,11.6,6.7,4.5,5.4,6.0,5.8,5.5,4.2,4.3,6.2,10.9,4.2,6.7,86.2,15.1,8.0
44.4,44.2,44.6,51.0,50.2,51.8,41.2,40.4,42.0,44.4,42.6,46.2,0.513,6.21,0.164,5.76,5.55,7.84,0.142,4.44,3.06,0.0396,0.254,0.478,49.8,35,98,31,400,4.0,13.1,8.1,6.0,5.1,4.4,5.2,5.6,5.8,5.1,5.4,11.5,4.7,7.0,91.0,15.0,7.67
42.5,43.6,41.4,52.6,53.2,52.0,42.1,42.0,42.2,41.4,40.0,42.8,0.507,6.2,0.164,5.7,5.59,7.8,0.139,4.35,3.05,0.0376,0.256,0.476,48.6,34,92,28,400,3.6,11.2,6.6,6.6,5.5,4.2,5.2,6.6,6.5,5.7,4.8,11.0,3.9,7.9,89.3,15.1,7.45
46.4,43.4,49.4,52.0,52.4,51.6,44.6,43.6,45.6,42.3,42.2,42.4,0.493,6.23,0.16,5.69,5.69,7.83,0.139,4.37,3.07,0.0396,0.253,0.476,47.8,34,86,29,400,2.7,10.2,6.3,6.4,5.6,4.2,5.0,6.6,5.9,6.2,5.8,10.7,3.1,7.5,86.2,14.8,8.28
43.8,43.8,43.8,50.1,52.2,48.0,43.2,44.2,42.2,42.1,41.8,42.4,0.5,6.27,0.162,5.61,5.77,7.92,0.14,4.39,3.09,0.0388,0.254,0.489,47.2,34,88,31,400,4.1,11.4,6.9,6.1,6.7,4.4,5.1,6.1,4.3,5.6,6.1,11.4,3.4,7.8,89.4,13.5,8.08
45.3,46.8,43.8,50.8,51.0,50.6,41.7,42.0,41.4,44.4,43.2,45.6,0.507,6.22,0.163,5.58,5.88,8.03,0.14,4.4,3.08,0.0397,0.254,0.489,46.6,33,90,30,400,4.4,11.9,5.9,6.3,6.2,5.3,5.4,5.7,4.3,5.3,5.9,11.7,3.8,8.5,90.6,13.9,7.95
45.0,42.8,47.2,50.6,52.2,49.0,56.0,57.4,54.6,44.4,44.4,44.4,0.508,6.28,0.165,5.58,5.86,7.94,0.144,4.37,3.16,0.0387,0.735,0.49,46.2,33,95,30,400,4.3,10.9,6.0,6.7,5.5,5.8,5.6,5.2,5.0,6.1,4.9,12.3,3.6,7.8,89.7,13.6,7.94
45.3,45.6,45.0,53.1,53.0,53.2,42.0,44.6,39.4,45.7,42.8,48.6,0.5,6.29,0.16,5.56,5.97,8.0,0.139,4.39,3.16,0.0388,0.734,0.491,45.8,33,90,30,400,4.9,10.1,5.7,6.8,5.7,6.1,5.6,5.5,4.8,7.2,4.8,12.5,3.2,7.6,90.5,13.4,8.26
44.6,43.2,46.0,50.6,51.8,49.4,45.1,43.8,46.4,43.5,42.8,44.2,0.51,6.36,0.167,5.52,6.23,8.16,0.146,4.48,3.13,0.0392,0.738,0.516,45.5,33,89,31,400,3.7,10.6,6.1,7.3,5.3,4.9,6.0,5.4,6.1,6.2,5.9,12.5,3.7,7.6,91.3,14.2,7.74
45.5,45.6,45.4,51.2,49.8,52.6,42.0,43.6,40.4,46.2,44.8,47.6,0.544,6.65,0.177,5.87,6.57,8.69,0.154,4.71,3.32,0.0403,0.752,0.547,45.0,32,85,30,400,2.9,11.9,6.0,7.0,5.5,4.5,6.4,5.1,4.7,5.5,5.7,12.2,4.5,8.4,90.3,15.0,7.92
43.2,41.4,45.0,52.0,53.6,50.4,45.8,44.0,47.6,43.3,43.6,43.0,0.588,7.11,0.185,6.12,6.86,9.08,0.162,5.0,3.47,0.0394,0.765,0.576,44.8,33,86,31,400,2.4,11.8,5.1,6.2,5.5,5.1,6.5,6.3,3.7,6.1,5.5,11.4,4.0,8.7,88.3,14.5,7.98
46.1,43.8,48.4,46.8,45.4,48.2,43.5,41.8,45.2,38.9,39.4,38.4,0.62,7.46,0.193,6.43,7.18,9.54,0.173,5.26,3.65,0.0404,0.776,0.609,44.6,33,89,34,400,2.9,12.6,5.2,5.8,5.2,6.0,6.7,6.2,4.5,4.9,5.5,10.9,3.8,7.8,88.0,13.8,8.06
43.0,44.4,41.6,30.4,29.6,31.2,41.6,42.0,41.2,24.0,24.8,23.2,0.656,7.81,0.203,6.72,7.58,9.87,0.181,5.54,3.89,0.0396,0.787,0.632,44.2,32,85,30,400,3.5,13.7,5.9,5.3,5.5,6.4,6.1,6.1,5.0,4.5,4.6,11.5,4.0,7.7,89.8,12.2,7.3
46.0,44.0,48.0,52.5,52.6,52.4,51.9,51.0,52.8,49.2,48.0,50.4,0.563,6.34,0.174,5.58,5.91,8.1,0.149,4.45,3.13,0.0402,0.74,0.502,89.6,80,210,79,400,72.2,10.8,6.67,5.83,5.67,5.17,5.17,6.17,7.67,7.5,6.67,13.8,5.17,9.5,168.0,5.48,1.57
43.0,40.0,46.0,52.7,54.2,51.2,44.9,45.0,44.8,53.2,51.0,55.4,0.554,6.46,0.172,5.58,5.92,8.05,0.149,4.45,3.1,0.0402,0.735,0.504,75.6,60,200,52,400,40.5,8.7,5.3,5.7,5.5,5.6,4.8,5.3,6.5,6.7,5.3,12.5,4.4,9.1,126.0,9.08,3.96
44.9,46.2,43.6,54.8,57.2,52.4,43.6,43.0,44.2,51.2,49.6,52.8,0.541,6.51,0.175,5.63,5.85,8.08,0.15,4.49,3.1,0.0401,0.737,0.513,67.2,49,83,28,400,4.1,9.1,5.5,5.2,4.9,5.3,4.7,5.9,4.5,4.9,4.7,10.9,3.8,7.8,81.3,13.1,5.72
41.9,39.6,44.2,56.6,57.8,55.4,42.9,42.0,43.8,49.7,49.6,49.8,0.535,6.5,0.17,5.76,5.79,8.1,0.148,4.4,3.08,0.039,0.737,0.514,62.1,44,84,29,400,3.7,12.1,7.8,5.1,4.8,5.9,6.1,6.9,5.1,5.6,4.7,12.3,4.6,7.7,92.4,17.3,7.85
44.5,44.2,44.8,52.1,52.6,51.6,44.6,44.0,45.2,50.5,50.6,50.4,0.546,6.52,0.173,5.74,5.79,8.09,0.147,4.37,3.09,0.0381,0.738,0.519,58.8,41,91,29,400,3.9,10.6,6.8,4.8,6.1,5.9,6.1,5.5,5.3,6.0,4.0,12.1,4.0,7.9,89.0,19.5,9.69
42.4,43.6,41.2,53.2,56.4,50.0,43.3,43.8,42.8,50.9,49.2,52.6,0.548,6.47,0.173,5.78,5.76,8.15,0.149,4.4,3.13,0.0401,0.735,0.513,56.6,40,100,29,400,3.8,11.1,5.8,6.0,6.4,5.3,5.7,5.1,4.9,5.9,5.7,11.3,3.7,7.5,88.2,18.8,10.6
42.2,40.2,44.2,56.7,57.8,55.6,41.5,41.2,41.8,49.1,47.4,50.8,0.547,6.48,0.173,5.77,5.72,8.1,0.146,4.38,3.11,0.0392,0.735,0.523,54.3,38,95,29,400,4.3,11.6,5.9,6.1,4.8,4.3,5.6,5.4,4.8,6.5,6.5,10.7,3.3,7.1,86.9,18.7,10.4
46.6,47.8,45.4,52.6,55.2,50.0,46.0,45.2,46.8,49.7,49.2,50.2,0.537,6.46,0.173,5.8,5.74,8.17,0.149,4.37,3.12,0.0393,0.733,0.521,52.9,37,86,29,400,4.1,11.1,5.1,5.9,4.9,4.7,5.0,5.8,5.3,7.9,5.2,11.8,3.2,7.6,87.6,17.5,10.7
44.5,44.8,44.2,53.0,52.4,53.6,44.2,44.4,44.0,48.1,47.6,48.6,0.549,6.57,0.179,5.84,5.64,8.01,0.153,4.41,3.13,0.0383,0.736,0.53,51.4,36,91,29,400,3.4,10.8,4.5,6.4,4.5,5.4,6.0,6.0,6.7,8.0,5.2,13.6,4.3,8.4,93.2,16.8,10.3
41.3,40.6,42.0,52.8,54.4,51.2,42.2,43.0,41.4,52.4,51.2,53.6,0.561,6.43,0.177,5.85,5.61,8.02,0.154,4.39,3.11,0.0393,0.261,0.526,50.4,36,91,29,400,3.4,10.9,4.6,5.1,5.0,4.6,6.7,6.4,6.9,5.5,5.8,13.3,4.7,8.5,91.4,16.7,10.0
42.4,40.6,44.2,53.2,55.6,50.8,43.1,45.0,41.2,50.6,50.2,51.0,0.566,6.39,0.178,5.87,5.56,8.06,0.157,4.4,3.1,0.0392,0.259,0.529,49.5,35,89,29,400,2.8,12.1,5.2,5.2,5.0,5.3,5.9,5.1,5.9,5.2,4.9,11.2,4.0,7.9,85.7,17.2,10.3
42.8,43.2,42.4,52.1,51.6,52.6,41.2,41.4,41.0,51.4,49.2,53.6,0.55,6.35,0.175,5.9,5.43,8.03,0.151,4.31,3.09,0.0381,0.256,0.524,48.7,35,84,29,400,3.0,12.1,6.1,5.3,4.6,6.8,5.6,3.6,6.1,6.4,5.2,9.9,3.0,7.4,85.1,17.5,10.0
41.0,39.8,42.2,55.9,57.4,54.4,43.5,43.8,43.2,49.4,49.0,49.8,0.543,6.41,0.172,5.93,5.38,7.82,0.149,4.42,3.08,0.038,0.252,0.527,48.1,34,88,31,400,3.1,11.1,5.2,5.0,5.8,6.4,4.9,4.5,5.6,6.2,5.4,10.1,2.8,6.4,82.5,18.3,10.1
44.7,43.2,46.2,52.9,55.4,50.4,44.4,46.0,42.8,49.6,49.4,49.8,0.524,6.28,0.174,6.02,5.42,7.88,0.152,4.37,3.13,0.0389,0.251,0.532,47.3,34,85,31,400,3.3,11.5,4.6,5.0,5.6,5.2,5.2,5.1,5.0,5.2,6.4,11.3,3.3,6.4,83.1,19.0,10.3
42.7,42.8,42.6,54.8,56.6,53.0,44.6,42.8,46.4,48.1,49.2,47.0,0.536,6.27,0.172,5.97,5.36,7.84,0.15,4.38,3.16,0.038,0.254,0.538,46.8,34,82,28,400,3.5,11.2,5.5,5.1,5.8,6.0,5.4,6.0,5.3,5.0,6.3,12.7,4.5,8.5,90.8,18.5,10.3
44.6,45.6,43.6,52.5,51.6,53.4,44.1,43.6,44.6,49.3,49.6,49.0,0.535,6.34,0.172,6.1,5.31,8.04,0.152,4.36,3.09,0.0391,0.256,0.538,46.3,33,89,29,400,3.1,11.4,6.6,4.5,5.5,5.7,4.8,6.8,5.7,6.2,5.4,12.0,4.3,8.9,90.9,19.0,9.84
44.9,45.6,44.2,54.0,54.4,53.6,42.9,44.6,41.2,49.8,50.6,49.0,0.555,6.61,0.182,6.3,5.58,8.35,0.159,4.59,3.21,0.0392,0.264,0.581,45.9,33,91,28,400,3.5,12.2,6.4,3.9,4.7,5.9,4.9,6.0,6.8,5.5,6.5,11.3,3.8,7.7,89.1,18.0,10.1
43.6,43.6,43.6,52.2,54.6,49.8,43.0,44.0,42.0,49.6,48.4,50.8,0.579,6.89,0.187,6.61,5.87,8.77,0.166,4.83,3.39,0.0406,0.275,0.608,45.7,33,95,31,400,5.0,12.7,5.1,5.4,5.5,5.6,5.6,4.9,6.7,4.5,5.7,10.8,4.0,6.8,88.3,18.0,10.1
42.7,44.4,41.0,56.0,58.0,54.0,42.9,42.6,43.2,50.3,48.4,52.2,0.624,7.29,0.194,6.99,6.2,9.15,0.173,5.06,3.57,0.0397,0.283,0.632,45.5,33,97,33,400,4.5,11.3,4.8,6.6,5.7,4.6,5.7,4.3,6.0,5.1,4.1,10.3,3.8,6.3,83.1,18.2,9.91
40.7,40.8,40.6,52.6,53.4,51.8,42.4,45.2,39.6,51.9,50.2,53.6,0.636,7.51,0.2,7.29,6.43,9.47,0.178,5.33,3.74,0.0398,0.294,0.66,45.2,33,92,31,400,2.8,10.8,5.8,5.0,5.9,5.7,5.9,4.7,5.5,5.4,4.8,11.0,3.2,5.9,82.4,18.7,11.0
43.2,43.4,43.0,53.6,55.0,52.2,44.3,45.6,43.0,49.8,47.2,52.4,0.679,7.92,0.207,7.59,6.73,9.94,0.187,5.57,3.91,0.0402,0.306,0.694,45.1,33,92,31,400,2.9,12.8,5.9,3.8,6.3,5.9,5.9,5.4,4.8,6.0,5.8,11.2,2.7,6.9,86.3,18.5,10.6
43.9,44.2,43.6,52.0,54.0,50.0,44.4,44.4,44.4,44.8,44.0,45.6,0.71,8.3,0.215,7.96,7.08,10.4,0.196,5.84,4.08,0.0403,0.318,0.728,44.9,33,98,32,400,3.6,12.5,6.2,5.0,5.7,4.1,4.2,5.1,5.0,6.8,5.8,10.2,3.2,8.5,85.9,18.7,10.7
41.9,41.8,42.0,28.3,25.8,30.8,44.2,46.0,42.4,26.3,23.0,29.6,0.729,8.6,0.217,8.31,7.41,10.1,0.194,5.92,4.19,0.0402,0.318,0.725,44.9,33,100,31,400,3.6,10.9,5.3,5.7,5.0,5.3,3.5,5.0,5.7,6.7,6.3,11.0,3.8,8.3,86.1,16.0,9.86
42.5,39.6,45.4,63.0,64.6,61.4,51.4,51.2,51.6,60.9,56.2,65.6,0.548,6.37,0.168,5.97,5.2,7.69,0.149,4.45,3.04,0.0395,0.252,0.534,97.1,77,260,75,400,71.3,12.7,6.5,8.5,5.67,5.67,3.5,5.33,6.67,7.33,5.83,13.5,5.33,10.3,168.0,7.71,2.58
45.0,46.2,43.8,57.6,58.8,56.4,44.9,43.2,46.6,63.3,66.8,59.8,0.538,6.32,0.163,6.04,5.19,7.82,0.15,4.41,3.03,0.0397,0.249,0.526,81.3,58,240,55,400,39.2,11.4,5.6,7.3,5.2,4.8,4.4,5.4,6.1,6.6,4.5,10.8,4.6,8.6,125.0,12.7,5.51
42.2,42.0,42.4,59.7,61.4,58.0,41.9,40.0,43.8,59.6,58.0,61.2,0.53,6.29,0.164,6.06,5.25,7.73,0.147,4.41,3.03,0.0414,0.246,0.533,73.1,50,89,31,400,3.5,9.8,3.8,6.0,5.0,4.2,4.9,4.5,6.6,5.6,5.5,10.1,3.9,8.3,81.7,18.1,9.08
43.1,39.6,46.6,57.0,56.6,57.4,43.7,46.0,41.4,59.0,55.4,62.6,0.529,6.34,0.164,6.08,5.26,7.76,0.149,4.4,3.07,0.0415,0.252,0.532,67.8,46,100,32,400,3.6,11.4,4.5,6.0,5.7,5.1,4.2,4.9,7.0,5.9,6.5,11.4,3.8,9.0,89.0,22.8,11.7
43.6,45.4,41.8,57.2,59.6,54.8,42.9,42.6,43.2,60.3,58.2,62.4,0.534,6.36,0.168,6.0,5.23,7.79,0.15,4.41,3.11,0.0402,0.251,0.533,63.6,44,98,34,400,4.1,11.1,5.4,5.3,6.3,5.7,5.3,6.1,4.7,4.7,5.9,11.7,3.6,7.2,87.1,24.9,13.6
43.6,43.6,43.6,58.2,59.0,57.4,41.8,41.0,42.6,58.9,61.2,56.6,0.533,6.3,0.168,6.0,5.25,7.91,0.154,4.28,3.08,0.0415,0.25,0.531,60.7,42,91,32,400,3.7,10.6,5.8,5.1,5.8,5.8,6.5,6.3,4.5,5.1,5.2,12.5,4.0,6.9,87.8,24.6,15.2
44.0,43.4,44.6,58.0,60.2,55.8,44.5,42.4,46.6,59.4,60.0,58.8,0.547,6.39,0.165,6.01,5.18,7.88,0.151,4.29,3.08,0.0417,0.253,0.531,58.6,40,98,31,400,3.6,10.4,6.4,5.8,5.9,5.0,6.0,5.5,5.3,5.5,4.6,11.7,3.9,6.5,86.1,24.6,14.8
42.7,41.8,43.6,60.6,62.8,58.4,43.8,44.6,43.0,61.2,58.8,63.6,0.535,6.36,0.17,6.08,5.23,7.85,0.15,4.33,3.05,0.0408,0.253,0.531,57.0,40,100,33,400,4.5,11.7,5.6,5.9,6.3,4.9,5.3,5.7,4.8,4.8,6.0,12.1,3.7,6.7,88.0,23.8,14.6
43.2,43.6,42.8,59.7,59.4,60.0,44.5,47.0,42.0,58.9,57.0,60.8,0.538,6.26,0.168,5.99,5.18,7.78,0.151,4.34,3.03,0.0408,0.252,0.544,55.9,39,99,34,400,4.3,12.7,5.7,4.7,5.6,4.6,5.2,6.5,4.6,4.9,5.6,11.6,3.8,6.9,86.7,25.9,14.7
42.8,44.4,41.2,59.4,60.0,58.8,40.5,41.4,39.6,60.1,57.6,62.6,0.537,6.29,0.167,5.92,5.18,7.71,0.152,4.3,3.08,0.0409,0.249,0.53,54.4,38,92,31,400,3.3,12.7,6.0,5.0,5.7,5.1,6.0,5.4,4.9,4.9,5.6,10.6,4.3,7.1,86.6,25.3,15.1
41.2,42.6,39.8,61.1,60.8,61.4,42.7,43.8,41.6,59.2,58.6,59.8,0.538,6.34,0.167,5.99,5.24,7.71,0.15,4.32,3.06,0.0399,0.25,0.525,53.0,37,84,28,400,3.2,12.4,5.0,5.9,5.7,5.4,6.4,5.6,4.7,5.7,5.7,9.5,3.7,7.6,86.5,26.1,14.8
46.2,46.8,45.6,57.2,59.6,54.8,45.6,47.4,43.8,61.4,61.6,61.2,0.53,6.19,0.171,5.94,5.19,7.78,0.155,4.35,3.06,0.0421,0.252,0.536,52.6,37,95,33,400,4.0,11.1,5.9,5.6,4.9,4.3,5.1,6.5,5.3,6.8,4.9,10.5,3.9,7.0,85.8,25.6,14.8
40.3,36.6,44.0,62.6,63.0,62.2,56.6,55.8,57.4,59.8,58.4,61.2,0.55,6.3,0.17,5.93,5.25,7.89,0.155,4.29,3.05,0.0411,0.781,0.542,52.4,37,120,36,400,4.3,10.0,5.5,5.4,5.2,5.0,4.3,5.3,6.1,6.4,4.7,11.4,4.2,8.2,86.0,26.1,14.1
42.8,44.8,40.8,62.3,63.4,61.2,43.6,42.8,44.4,61.7,60.8,62.6,0.531,6.34,0.169,6.08,5.23,7.84,0.155,4.35,3.07,0.0414,0.779,0.531,51.8,37,120,35,400,4.0,10.7,5.5,4.9,6.0,6.5,5.2,4.4,5.4,5.2,5.9,10.6,3.1,8.8,86.2,24.3,15.6
41.9,41.0,42.8,58.7,59.2,58.2,46.7,44.8,48.6,60.9,60.0,61.8,0.529,6.22,0.173,6.04,5.21,7.84,0.155,4.36,3.11,0.0414,0.78,0.53,51.3,37,98,34,400,3.6,11.3,5.7,4.7,6.8,6.2,5.2,4.5,4.6,5.8,6.9,10.4,3.2,8.2,87.1,25.6,15.4
43.0,41.0,45.0,59.3,62.2,56.4,42.3,43.6,41.0,58.0,56.4,59.6,0.54,6.3,0.172,6.08,5.13,7.7,0.156,4.41,3.09,0.0419,0.778,0.539,50.5,36,91,31,400,3.7,11.2,4.7,5.2,7.3,5.3,4.4,4.8,5.6,6.8,7.0,10.5,3.9,7.7,88.1,25.8,15.3
43.1,45.8,40.4,60.5,63.2,57.8,46.1,48.6,43.6,64.0,62.8,65.2,0.549,6.57,0.18,6.32,5.41,8.24,0.162,4.54,3.18,0.0432,0.786,0.566,49.9,36,87,29,400,3.0,12.1,4.8,4.9,6.0,5.8,5.2,4.4,6.5,5.9,6.7,10.2,4.0,8.3,87.8,26.4,15.4
43.0,44.0,42.0,56.4,60.0,52.8,44.8,45.4,44.2,59.6,56.8,62.4,0.598,6.9,0.189,6.61,5.8,8.64,0.173,4.81,3.38,0.0423,0.797,0.603,49.7,36,95,33,400,3.1,11.4,5.8,4.9,5.6,6.6,5.9,5.3,4.7,5.3,7.0,10.7,4.0,8.5,88.8,26.2,15.4
41.5,43.0,40.0,55.3,57.0,53.6,46.5,47.0,46.0,56.6,57.4,55.8,0.628,7.24,0.197,7.02,6.08,9.07,0.179,5.05,3.58,0.0426,0.809,0.635,49.1,35,94,30,400,3.8,11.8,5.3,5.4,5.4,6.0,5.2,6.0,3.6,6.5,7.0,10.9,4.0,7.4,88.3,26.3,14.7
44.0,45.8,42.2,40.8,41.6,40.0,42.7,44.0,41.4,36.7,36.6,36.8,0.656,7.61,0.202,7.33,6.33,9.46,0.187,5.26,3.72,0.0417,0.821,0.664,48.8,35,93,30,400,3.9,12.1,4.2,4.3,5.2,5.8,5.1,5.6,6.2,7.0,6.0,11.1,3.8,7.1,87.4,23.5,14.3
59.9,58.6,61.2,58.7,60.8,56.6,67.9,68.2,67.6,66.0,66.0,66.0,0.508,6.22,0.169,6.16,5.24,7.83,0.148,4.13,3.05,0.042,0.78,0.544,95.0,84,210,84,400,66.8,10.3,5.5,5.75,2.25,6.75,3.5,6.0,4.5,4.0,5.75,7.75,2.0,6.0,137.0,7.92,2.22
41.4,43.0,39.8,57.3,57.8,56.8,39.5,36.4,42.6,62.4,61.2,63.6,0.531,6.36,0.167,6.05,5.24,7.67,0.143,4.45,3.04,0.0421,0.784,0.534,79.7,69,200,71,400,48.9,10.2,4.89,6.89,5.22,6.0,4.33,5.44,4.33,4.78,5.33,10.3,2.89,7.33,127.0,13.9,6.31
43.5,42.0,45.0,56.2,55.8,56.6,42.1,42.6,41.6,64.5,63.0,66.0,0.525,6.22,0.169,5.91,5.27,7.72,0.142,4.41,3.03,0.041,0.777,0.535,70.3,54,100,29,400,19.3,10.8,4.8,6.6,6.3,4.6,5.7,5.3,5.2,5.9,5.8,11.7,3.9,7.3,103.0,20.0,9.18
42.0,38.4,45.6,59.3,61.2,57.4,44.2,44.2,44.2,61.7,61.8,61.6,0.516,6.28,0.166,6.06,5.23,7.77,0.144,4.32,3.02,0.0434,0.773,0.53,64.5,47,100,31,400,4.6,11.5,5.2,5.6,4.5,4.6,5.4,6.1,6.3,5.2,5.2,10.2,3.5,6.9,84.8,24.0,11.5
42.5,41.8,43.2,59.1,60.6,57.6,42.0,44.4,39.6,56.7,57.6,55.8,0.507,6.31,0.165,5.98,5.24,7.72,0.142,4.34,3.06,0.0423,0.774,0.526,60.8,43,97,31,400,4.6,9.8,5.6,6.2,5.4,5.2,4.8,6.9,6.7,4.5,5.1,9.9,3.5,7.3,85.5,26.9,14.4
41.8,42.0,41.6,58.9,59.6,58.2,44.0,43.4,44.6,64.9,63.6,66.2,0.522,6.29,0.168,6.1,5.23,7.78,0.143,4.36,3.07,0.0422,0.779,0.528,57.9,41,92,31,400,3.6,10.0,6.2,5.9,5.9,4.9,5.2,6.2,5.5,5.6,6.0,10.6,4.1,7.3,87.0,27.0,15.3
44.2,43.6,44.8,58.8,61.0,56.6,44.9,44.4,45.4,63.5,62.4,64.6,0.53,6.33,0.167,6.02,5.21,7.81,0.146,4.33,3.05,0.0422,0.781,0.547,55.4,39,92,29,400,3.9,11.5,6.3,5.1,4.9,4.8,5.5,5.7,4.2,7.5,5.5,11.7,4.1,7.2,87.9,27.6,14.9
42.2,42.0,42.4,61.4,61.6,61.2,43.5,43.6,43.4,56.7,53.4,60.0,0.513,6.37,0.167,6.04,5.24,7.78,0.145,4.28,3.1,0.0421,0.781,0.541,53.6,38,92,29,400,3.6,11.8,5.8,5.3,5.4,6.2,5.4,5.0,5.2,6.6,4.7,12.1,3.7,7.5,88.3,25.5,15.4
43.1,42.8,43.4,56.5,58.6,54.4,40.6,42.6,38.6,66.9,64.6,69.2,0.51,6.38,0.166,6.07,5.25,7.78,0.148,4.38,3.07,0.043,0.25,0.537,52.8,38,100,31,400,3.4,11.4,5.5,5.2,5.7,7.5,6.1,4.9,5.7,5.6,4.1,13.1,3.9,7.6,89.7,27.2,16.1
40.8,41.2,40.4,61.4,60.8,62.0,44.9,42.2,47.6,63.9,62.0,65.8,0.506,6.27,0.167,6.03,5.21,7.76,0.143,4.33,3.07,0.0405,0.25,0.539,51.4,37,98,30,400,4.3,9.8,5.0,5.1,4.8,6.0,5.9,6.0,5.2,6.3,4.9,12.4,3.5,7.5,86.7,29.4,15.0
42.5,43.0,42.0,59.9,61.8,58.0,43.0,44.6,41.4,58.6,58.2,59.0,0.506,6.24,0.162,5.96,5.2,7.77,0.14,4.26,3.03,0.0428,0.249,0.544,50.6,36,88,30,400,4.5,10.1,4.8,5.2,5.0,5.8,5.1,5.2,5.9,5.6,5.7,10.5,2.9,6.9,83.2,27.3,16.9
39.8,40.8,38.8,58.9,60.8,57.0,42.9,41.0,44.8,62.1,61.0,63.2,0.498,6.23,0.163,5.93,5.2,7.72,0.143,4.31,3.04,0.0425,0.25,0.533,50.0,36,97,34,400,5.0,12.5,4.9,5.1,5.4,6.3,5.6,5.0,6.0,5.7,5.2,10.2,3.1,6.7,86.7,26.3,16.9
43.3,42.8,43.8,58.9,60.8,57.0,41.9,43.6,40.2,66.3,64.6,68.0,0.508,6.1,0.161,6.01,5.22,7.64,0.145,4.24,3.06,0.0414,0.253,0.538,49.1,35,90,32,400,4.0,12.2,4.9,5.4,5.0,5.0,5.0,5.1,6.2,6.8,4.6,9.7,2.8,7.1,83.8,27.7,15.9
44.7,44.2,45.2,62.1,62.6,61.6,44.8,45.0,44.6,60.4,59.4,61.4,0.496,6.17,0.164,6.06,5.11,7.7,0.142,4.31,3.07,0.0423,0.251,0.53,48.8,35,94,32,400,2.9,10.2,5.1,5.1,5.5,4.2,5.6,6.0,6.4,6.9,4.9,11.6,3.9,7.2,85.5,28.4,15.7
43.8,42.2,45.4,58.4,60.8,56.0,43.6,43.6,43.6,61.1,58.6,63.6,0.496,6.18,0.164,6.0,5.13,7.73,0.144,4.33,3.03,0.0412,0.251,0.531,48.4,35,99,34,400,3.6,11.3,6.2,4.9,5.0,4.3,6.2,6.2,5.1,6.1,4.6,11.8,4.5,7.9,87.7,26.6,18.1
42.4,43.8,41.0,59.6,62.4,56.8,42.8,42.4,43.2,65.0,65.6,64.4,0.49,6.14,0.163,6.07,5.11,7.68,0.142,4.37,3.03,0.0414,0.252,0.538,48.3,35,100,34,400,4.8,11.5,7.5,4.7,3.8,4.1,5.4,5.2,6.0,5.5,5.8,11.3,4.0,8.0,87.6,28.3,16.3
40.9,39.8,42.0,59.0,60.4,57.6,43.7,43.0,44.4,62.6,62.0,63.2,0.503,6.25,0.166,6.05,5.28,7.85,0.147,4.37,3.05,0.0407,0.252,0.549,48.1,35,110,34,400,4.3,11.1,7.0,4.8,3.9,4.7,5.1,6.4,6.2,5.3,6.8,11.6,3.7,7.8,88.7,26.8,15.7
42.7,44.4,41.0,58.5,60.8,56.2,42.2,43.6,40.8,59.4,61.0,57.8,0.522,6.64,0.17,6.39,5.58,8.27,0.15,4.62,3.26,0.041,0.262,0.573,47.8,35,100,31,400,2.5,10.6,5.7,5.3,4.8,5.4,5.9,5.7,5.4,5.4,6.3,9.7,3.2,7.3,83.2,27.3,16.6
41.7,40.4,43.0,59.3,59.8,58.8,42.4,44.6,40.2,64.9,65.0,64.8,0.551,6.99,0.174,6.76,5.85,8.68,0.158,4.83,3.41,0.0422,0.273,0.613,47.7,35,100,34,400,3.0,12.0,5.7,5.8,4.7,4.9,6.8,4.7,5.6,5.8,5.3,9.6,2.8,7.8,84.5,27.3,16.4
43.5,40.6,46.4,50.4,52.8,48.0,44.4,42.4,46.4,52.2,49.8,54.6,0.588,7.27,0.188,7.1,6.2,9.11,0.176,5.13,3.58,0.0421,0.283,0.647,47.5,35,110,34,400,3.3,12.1,5.2,5.8,5.2,5.3,6.9,4.8,5.1,6.6,4.1,9.9,2.7,8.2,85.2,26.7,15.0
45.4,46.0,44.8,34.7,32.6,36.8,54.0,54.4,53.6,33.7,31.6,35.8,0.156,2.24,0.0709,2.03,1.66,2.42,0.0459,1.36,0.945,0.041,0.64,0.182,41.4,32,94,32,200,36.3,5.33,3.67,3.0,3.33,2.67,2.33,1.33,2.0,3.0,3.0,5.0,1.0,4.0,76.0,1.37,0.331
33.0,32.2,33.8,39.1,40.2,38.0,29.8,33.6,26.0,36.2,35.2,37.2,0.159,2.25,0.0717,2.04,1.76,2.47,0.0511,1.4,0.968,0.0429,0.641,0.182,38.6,28,92,28,200,27.5,5.25,3.25,3.0,4.63,3.88,2.0,2.5,2.63,3.38,2.38,5.75,1.25,3.63,71.0,3.08,1.11
32.6,34.6,30.6,38.7,39.0,38.4,35.0,35.6,34.4,35.0,35.2,34.8,0.173,2.37,0.0751,2.1,1.83,2.61,0.0553,1.46,1.02,0.0428,0.644,0.191,36.2,27,70,23,200,11.9,5.4,3.1,2.9,3.7,4.4,2.5,2.8,2.3,2.9,2.1,5.6,1.0,3.3,53.9,5.24,1.83
35.5,36.0,35.0,39.1,38.0,40.2,33.5,33.4,33.6,33.7,36.4,31.0,0.188,2.46,0.0789,2.2,1.95,2.72,0.0614,1.54,1.05,0.0407,0.648,0.203,35.2,26,70,23,200,1.7,5.4,2.7,2.2,2.2,3.4,3.8,2.7,1.3,2.5,2.3,5.9,2.0,4.3,42.4,6.87,2.61
32.7,34.8,30.6,35.5,37.8,33.2,33.6,32.6,34.6,35.8,37.8,33.8,0.183,2.54,0.08,2.29,2.07,2.83,0.0633,1.56,1.07,0.0425,0.65,0.203,34.5,26,75,24,200,1.7,4.8,2.6,2.1,2.8,2.9,3.8,3.1,1.5,3.5,2.2,6.0,2.4,5.2,44.6,8.41,3.35
33.7,34.4,33.0,37.3,36.6,38.0,31.9,31.2,32.6,34.7,37.2,32.2,0.185,2.58,0.081,2.32,2.14,2.92,0.0642,1.63,1.13,0.0422,0.652,0.208,33.8,25,77,23,200,1.6,4.8,2.5,2.6,2.8,3.1,2.6,3.0,2.1,4.1,1.8,4.8,1.4,5.6,42.8,8.58,4.07
32.9,34.4,31.4,40.3,40.2,40.4,31.7,36.0,27.4,36.6,37.8,35.4,0.196,2.68,0.0815,2.39,2.25,3.03,0.0676,1.68,1.16,0.0409,0.656,0.216,33.5,25,77,21,200,1.5,5.1,2.3,2.8,2.4,2.1,2.2,2.9,2.9,2.9,2.8,4.5,1.6,5.2,41.2,8.59,4.14
32.0,31.6,32.4,38.0,40.0,36.0,31.0,34.0,28.0,34.0,30.8,37.2,0.201,2.77,0.0833,2.45,2.31,3.12,0.069,1.74,1.22,0.0396,0.658,0.221,33.4,25,82,23,200,1.9,6.8,2.2,3.3,2.3,1.8,2.0,2.7,3.3,2.1,3.7,4.1,1.7,4.3,42.2,8.58,4.64
33.3,34.6,32.0,37.3,35.8,38.8,34.2,31.8,36.6,33.5,30.2,36.8,0.196,2.81,0.0848,2.5,2.43,3.21,0.0685,1.78,1.24,0.0406,0.14,0.226,33.1,25,66,24,200,2.4,6.7,2.4,3.5,2.1,2.5,2.4,2.5,2.6,2.7,2.6,3.8,1.2,3.8,41.2,8.38,4.75
35.0,34.6,35.4,38.1,37.2,39.0,31.1,28.8,33.4,32.4,32.8,32.0,0.203,2.89,0.0843,2.55,2.5,3.3,0.0689,1.84,1.25,0.0404,0.142,0.225,32.6,25,66,24,200,2.3,5.0,3.4,2.7,2.3,2.4,3.0,2.7,2.3,2.9,1.9,4.5,1.0,3.8,40.2,7.95,4.69
32.7,28.6,36.8,36.4,33.4,39.4,34.5,32.4,36.6,34.4,33.6,35.2,0.203,2.97,0.0837,2.62,2.63,3.38,0.0686,1.9,1.31,0.0415,0.145,0.229,32.3,25,63,23,200,2.0,4.6,3.0,2.7,2.2,2.2,3.0,2.8,2.9,2.8,3.2,5.4,1.3,4.2,42.3,8.2,4.48
35.0,34.4,35.6,39.3,39.4,39.2,33.2,33.6,32.8,34.6,33.8,35.4,0.198,3.04,0.0854,2.7,2.73,3.54,0.0694,1.98,1.33,0.0412,0.15,0.242,32.0,24,63,23,200,2.4,5.1,2.0,2.9,2.3,2.4,2.6,2.4,3.8,3.1,3.4,5.9,1.7,3.8,43.8,7.92,4.48
33.6,33.6,33.6,40.5,41.4,39.6,35.7,36.6,34.8,35.5,34.6,36.4,0.212,3.13,0.0864,2.76,2.81,3.65,0.0709,2.04,1.38,0.0401,0.152,0.239,31.7,24,62,23,200,2.5,6.3,2.4,2.3,3.6,2.8,2.7,2.2,3.5,2.8,2.4,6.7,2.3,3.3,45.8,7.66,3.88
32.9,36.2,29.6,38.8,35.4,42.2,32.2,32.2,32.2,34.8,34.2,35.4,0.217,3.22,0.0891,2.81,2.91,3.73,0.0722,2.07,1.42,0.0408,0.155,0.252,31.6,24,68,23,200,2.0,5.9,3.1,2.7,3.7,2.7,3.4,2.7,3.5,2.3,2.1,6.4,1.9,3.4,45.8,7.55,3.81
33.9,31.8,36.0,38.6,41.2,36.0,34.4,30.8,38.0,34.0,30.6,37.4,0.225,3.29,0.09,2.9,3.02,3.85,0.076,2.17,1.48,0.0383,0.157,0.259,31.7,24,73,25,200,1.9,6.2,2.7,2.7,2.7,2.9,3.0,2.8,3.8,2.9,2.3,6.4,2.0,3.7,46.0,8.24,4.04
34.2,37.4,31.0,38.4,36.0,40.8,34.6,32.4,36.8,33.9,31.6,36.2,0.237,3.43,0.0926,2.97,3.11,3.98,0.0773,2.24,1.52,0.0381,0.16,0.272,31.5,24,70,23,200,1.5,6.9,2.4,2.2,2.6,2.9,2.8,2.8,3.0,3.0,2.8,6.0,2.2,4.0,45.1,8.08,4.21
34.6,35.8,33.4,37.0,36.6,37.4,32.4,33.2,31.6,33.2,29.8,36.6,0.236,3.53,0.0954,3.03,3.24,4.15,0.0807,2.29,1.56,0.0393,0.163,0.279,31.3,24,69,22,200,1.9,5.6,2.1,2.5,2.5,2.8,2.7,2.2,2.5,2.5,2.2,6.2,1.8,4.9,42.4,8.03,3.91
33.7,31.2,36.2,38.6,40.8,36.4,33.7,32.2,35.2,34.1,34.2,34.0,0.26,3.7,0.0971,3.17,3.46,4.33,0.0852,2.45,1.62,0.0394,0.171,0.295,31.4,24,77,24,200,2.2,4.4,2.7,3.0,2.7,3.4,2.8,2.3,1.9,2.8,2.3,7.8,2.1,4.4,44.8,7.35,4.04
32.2,30.0,34.4,40.7,41.2,40.2,33.4,30.8,36.0,33.0,33.8,32.2,0.287,3.9,0.104,3.4,3.57,4.58,0.0943,2.59,1.72,0.0395,0.176,0.312,31.3,24,70,24,200,1.6,5.2,3.7,2.8,2.9,2.8,2.8,3.1,2.1,2.9,2.9,7.0,2.3,3.4,45.5,7.93,3.94
34.7,31.6,37.8,37.6,36.6,38.6,32.2,34.2,30.2,29.7,27.6,31.8,0.297,4.08,0.107,3.54,3.75,4.79,0.0964,2.71,1.8,0.0403,0.181,0.33,31.3,24,66,22,200,1.5,5.6,2.9,2.0,2.8,1.9,2.9,2.5,2.4,2.9,2.8,5.8,2.3,4.6,42.9,6.92,4.35
53.5,54.4,52.6,41.8,39.6,44.0,53.6,51.8,55.4,40.4,42.4,38.4,0.267,3.52,0.0986,2.72,3.19,4.07,0.0817,2.35,1.55,0.0394,0.163,0.281,37.3,31,83,29,200,37.5,8.0,2.5,2.0,2.0,1.0,1.5,1.0,3.0,2.5,3.0,0.5,0.0,4.5,69.0,1.91,0.384
31.1,30.0,32.2,40.4,40.6,40.2,31.2,29.0,33.4,46.5,50.0,43.0,0.274,3.57,0.0982,3.0,3.31,4.1,0.0806,2.37,1.56,0.0384,0.167,0.285,36.1,29,81,28,200,31.1,6.86,3.29,3.14,3.0,2.14,3.0,3.71,3.43,3.43,3.14,5.86,1.29,4.14,77.6,3.99,1.75
35.6,33.2,38.0,42.2,40.8,43.6,30.7,33.4,28.0,43.6,42.6,44.6,0.267,3.58,0.0995,3.0,3.3,4.08,0.0807,2.38,1.59,0.0394,0.165,0.282,34.7,28,73,25,200,15.5,6.9,3.0,3.2,2.7,2.5,3.1,4.2,2.8,2.7,2.7,6.0,1.7,3.5,60.5,7.94,2.97
31.0,34.8,27.2,45.4,43.0,47.8,33.4,33.4,33.4,47.2,47.2,47.2,0.267,3.56,0.101,2.97,3.32,4.04,0.0829,2.37,1.53,0.0404,0.164,0.291,33.9,27,68,24,200,2.0,7.1,2.5,2.8,3.0,2.1,2.3,3.5,1.8,2.0,1.8,3.9,1.5,4.0,40.3,11.4,4.43
35.9,37.2,34.6,40.7,40.8,40.6,31.1,28.8,33.4,43.9,43.2,44.6,0.275,3.59,0.103,2.95,3.29,4.13,0.0854,2.39,1.58,0.0394,0.165,0.291,33.7,27,72,24,200,1.8,5.9,3.0,2.9,3.4,2.5,2.6,3.3,1.9,1.9,1.8,4.8,1.9,4.6,42.3,14.1,6.59
33.7,36.0,31.4,43.7,43.4,44.0,32.4,29.4,35.4,44.5,41.8,47.2,0.273,3.58,0.101,2.94,3.3,4.08,0.083,2.36,1.6,0.0395,0.166,0.293,33.4,26,77,24,200,1.3,5.3,2.9,2.3,2.6,3.4,3.9,2.5,2.3,1.9,2.6,5.7,1.9,4.2,42.8,14.6,8.02
36.9,37.0,36.8,43.8,45.0,42.6,30.7,30.2,31.2,44.5,41.8,47.2,0.266,3.6,0.0995,2.94,3.31,4.07,0.0818,2.38,1.58,0.0395,0.167,0.301,33.5,26,77,25,200,1.5,4.7,2.7,1.8,2.4,2.7,3.0,2.9,3.0,2.6,3.0,5.9,1.1,3.5,40.8,15.7,8.17
32.8,32.0,33.6,42.8,44.0,41.6,32.6,35.4,29.8,46.7,46.0,47.4,0.275,3.59,0.0991,2.91,3.37,4.11,0.0887,2.37,1.58,0.0395,0.165,0.289,33.4,26,75,25,200,2.0,5.9,2.0,2.8,2.6,2.9,2.0,3.8,3.2,2.5,3.0,6.3,1.4,3.3,43.7,15.6,8.37
34.7,33.6,35.8,41.5,43.4,39.6,32.1,30.4,33.8,41.5,39.8,43.2,0.268,3.56,0.0986,2.85,3.38,4.07,0.0875,2.33,1.57,0.0395,0.165,0.293,33.3,26,77,25,200,2.4,7.0,1.4,3.9,3.1,2.8,2.7,3.2,2.3,2.8,3.0,5.2,1.6,4.6,46.0,15.1,8.24
33.4,34.2,32.6,41.4,41.0,41.8,32.9,34.0,31.8,46.2,44.6,47.8,0.251,3.55,0.0974,2.91,3.33,4.12,0.0837,2.39,1.58,0.0386,0.163,0.286,33.1,26,71,24,200,2.1,5.1,2.4,3.8,3.2,2.1,3.2,2.5,1.6,3.4,4.2,5.1,1.3,5.5,45.5,15.2,7.72
33.9,32.0,35.8,42.5,43.6,41.4,30.8,30.0,31.6,43.3,42.8,43.8,0.241,3.57,0.0943,2.84,3.37,4.11,0.0797,2.33,1.57,0.0397,0.166,0.282,33.0,26,74,24,200,1.7,5.3,3.1,2.4,3.5,2.9,3.4,2.1,1.5,3.4,4.0,5.9,1.5,4.5,45.2,15.6,7.37
32.8,31.8,33.8,40.7,43.4,38.0,32.7,31.4,34.0,43.7,42.8,44.6,0.241,3.56,0.0948,2.82,3.43,4.1,0.0813,2.34,1.58,0.0397,0.165,0.287,32.7,26,72,23,200,2.1,5.8,2.9,2.1,3.1,3.3,3.0,2.4,1.9,3.2,2.9,5.7,1.4,4.0,43.8,15.3,7.34
37.3,39.6,35.0,42.7,42.4,43.0,33.0,30.8,35.2,44.9,42.2,47.6,0.241,3.57,0.0934,2.81,3.45,4.06,0.0782,2.32,1.57,0.0396,0.164,0.287,32.8,26,75,24,200,1.5,6.7,2.6,2.7,1.9,3.2,2.9,2.5,2.3,2.4,3.1,5.6,1.4,4.6,43.4,14.5,7.47
33.8,32.8,34.8,41.5,42.6,40.4,31.8,31.8,31.8,43.4,43.6,43.2,0.227,3.57,0.0921,2.87,3.44,4.11,0.0753,2.33,1.59,0.0396,0.164,0.283,32.8,26,76,26,200,1.9,7.4,2.1,3.8,2.2,2.1,3.4,2.0,2.2,2.3,2.9,5.9,1.4,4.2,43.8,14.2,7.5
36.1,33.8,38.4,44.3,46.2,42.4,32.7,31.4,34.0,44.7,46.0,43.4,0.206,3.52,0.0875,2.74,3.48,4.11,0.0701,2.34,1.56,0.0396,0.163,0.286,32.7,26,71,26,200,1.6,5.1,3.0,3.9,3.6,1.7,3.4,2.6,2.4,2.7,3.3,5.7,0.9,4.0,43.9,14.7,7.13
33.2,33.0,33.4,46.8,46.8,46.8,33.7,33.0,34.4,44.9,43.6,46.2,0.213,3.58,0.0876,2.8,3.52,4.13,0.0719,2.38,1.61,0.0385,0.166,0.284,32.9,26,76,26,200,1.0,4.5,4.0,2.9,3.7,2.5,3.3,3.2,3.3,2.5,3.5,6.1,1.0,5.0,46.5,14.1,7.65
34.7,32.4,37.0,44.1,44.0,44.2,35.0,34.4,35.6,43.5,41.8,45.2,0.208,3.57,0.0873,2.8,3.55,4.17,0.0692,2.38,1.58,0.0396,0.166,0.289,33.0,26,79,27,200,1.6,5.5,3.1,2.8,2.7,2.4,3.9,3.1,3.1,2.5,2.6,6.5,1.5,4.8,46.1,14.3,8.04
34.8,32.2,37.4,42.9,45.6,40.2,33.9,34.6,33.2,45.5,43.8,47.2,0.22,3.71,0.0918,2.96,3.7,4.43,0.0732,2.46,1.65,0.0389,0.17,0.31,33.2,26,87,27,200,2.3,5.6,2.9,3.1,3.1,2.1,2.8,2.7,2.7,2.8,2.8,6.5,2.1,3.9,45.4,15.1,7.96
34.6,37.0,32.2,42.5,44.0,41.0,42.4,44.0,40.8,45.6,43.0,48.2,0.239,3.91,0.0972,3.1,3.95,4.66,0.0777,2.62,1.76,0.0401,0.628,0.329,33.2,26,87,26,200,2.3,5.3,2.6,3.4,3.7,2.3,2.0,3.0,2.8,2.5,3.1,7.2,2.4,3.3,45.9,15.3,8.12
32.4,31.2,33.6,39.6,37.0,42.2,33.5,35.4,31.6,41.9,40.8,43.0,0.25,4.08,0.0982,3.27,4.13,4.83,0.0805,2.75,1.84,0.0393,0.638,0.338,33.2,26,75,26,200,1.7,5.2,2.9,3.5,3.3,2.1,2.6,3.1,2.7,2.5,3.1,6.3,2.3,3.3,44.6,14.6,8.17
33.2,33.0,33.4,32.1,32.8,31.4,31.8,28.2,35.4,30.4,28.2,32.6,0.258,4.29,0.103,3.38,4.3,5.08,0.0852,2.88,1.94,0.0392,0.643,0.352,33.0,26,69,24,200,1.5,5.2,3.4,3.3,3.1,2.9,2.1,2.7,3.2,2.0,2.7,4.6,1.4,3.9,42.0,13.9,7.82
37.1,33.6,40.6,45.4,45.0,45.8,44.1,44.8,43.4,49.4,49.4,49.4,0.234,3.57,0.0927,2.91,3.53,4.17,0.0754,2.23,1.63,0.0398,0.624,0.288,46.8,37,120,45,200,47.8,6.25,3.5,4.25,6.0,3.25,4.25,4.25,3.0,4.25,4.0,10.3,3.0,5.0,109.0,3.31,1.38
32.1,32.8,31.4,46.2,45.8,46.6,32.3,34.2,30.4,54.1,56.4,51.8,0.246,3.57,0.0955,2.9,3.47,4.19,0.0762,2.44,1.62,0.0386,0.623,0.288,42.2,32,110,36,200,24.3,6.0,2.44,3.56,3.67,2.89,2.78,3.78,3.78,3.11,2.67,7.22,2.44,4.11,72.8,8.13,3.64
34.0,31.6,36.4,49.0,50.0,48.0,33.7,31.4,36.0,53.1,50.6,55.6,0.238,3.57,0.0951,2.9,3.38,4.13,0.07,2.4,1.61,0.0388,0.622,0.293,40.3,31,70,25,200,4.1,6.3,2.6,2.4,2.3,2.3,1.9,3.4,3.3,2.4,2.5,5.2,1.9,3.1,43.7,12.3,5.36
31.2,32.6,29.8,42.2,43.6,40.8,33.1,34.6,31.6,49.4,51.0,47.8,0.243,3.6,0.0953,3.01,3.38,4.1,0.073,2.45,1.64,0.0397,0.622,0.294,38.9,29,75,25,200,1.9,6.6,3.2,2.2,3.6,2.1,2.7,3.0,2.5,2.7,2.7,5.9,2.2,2.5,43.8,16.0,7.25
34.0,31.4,36.6,46.7,48.0,45.4,32.7,33.4,32.0,52.3,49.0,55.6,0.247,3.6,0.0961,2.97,3.34,4.06,0.0724,2.42,1.62,0.0398,0.624,0.294,37.6,28,72,23,200,1.4,6.0,2.8,2.9,3.1,2.6,2.6,2.7,3.0,2.6,3.1,5.6,1.9,2.8,43.1,19.1,9.06
33.0,33.2,32.8,45.2,47.8,42.6,33.8,35.8,31.8,50.9,48.0,53.8,0.257,3.55,0.0979,3.01,3.34,4.1,0.0774,2.39,1.61,0.0411,0.622,0.303,37.0,28,68,26,200,1.4,5.1,2.6,2.8,1.8,2.9,2.7,2.7,2.9,2.7,3.5,5.2,1.4,3.4,41.1,20.8,10.4
33.8,33.0,34.6,44.9,44.0,45.8,33.1,33.0,33.2,49.2,48.8,49.6,0.25,3.53,0.098,3.07,3.27,4.04,0.0743,2.43,1.63,0.0399,0.626,0.295,36.3,27,70,25,200,1.4,4.9,2.6,3.3,3.0,3.0,2.6,2.9,2.7,2.7,3.7,6.3,1.9,3.3,44.3,20.3,9.99
31.2,32.8,29.6,44.7,43.4,46.0,35.7,35.6,35.8,50.5,49.8,51.2,0.252,3.51,0.0989,3.11,3.23,4.07,0.0771,2.44,1.61,0.0401,0.626,0.295,35.8,27,77,23,200,2.1,5.7,2.8,3.2,3.5,2.6,2.4,2.6,3.2,2.0,3.8,6.2,1.9,4.0,46.0,20.3,9.96
34.4,33.0,35.8,44.5,44.0,45.0,32.3,31.6,33.0,49.7,47.6,51.8,0.263,3.59,0.101,3.08,3.18,4.07,0.0847,2.39,1.63,0.0411,0.624,0.304,35.6,27,80,25,200,2.5,5.8,2.5,2.8,3.4,3.1,2.9,1.8,2.9,2.7,3.7,5.5,1.9,4.3,45.8,20.2,10.3
32.5,31.4,33.6,45.4,46.4,44.4,32.2,33.2,31.2,49.4,50.8,48.0,0.264,3.59,0.103,3.15,3.23,4.07,0.0857,2.4,1.65,0.0412,0.624,0.298,35.2,27,78,25,200,2.6,6.3,1.6,2.9,3.7,3.2,2.6,1.8,2.5,4.2,3.6,5.4,1.5,3.7,45.6,19.7,10.1
33.3,32.8,33.8,43.4,45.6,41.2,33.2,33.2,33.2,51.4,48.8,54.0,0.268,3.52,0.104,3.16,3.17,4.02,0.0859,2.42,1.61,0.0401,0.624,0.304,34.8,26,73,23,200,2.1,5.9,2.0,2.8,3.5,2.2,2.3,2.7,3.0,3.7,2.6,5.4,1.7,3.7,43.6,19.4,9.24
31.4,32.0,30.8,48.7,50.2,47.2,33.1,35.2,31.0,50.9,50.2,51.6,0.265,3.54,0.101,3.14,3.12,4.04,0.0828,2.41,1.61,0.0401,0.624,0.307,34.6,26,73,24,200,2.1,6.0,2.9,3.2,3.3,2.2,2.5,3.0,2.8,2.8,1.5,6.0,2.3,3.3,43.9,18.5,9.6
32.8,32.8,32.8,46.6,46.0,47.2,34.1,37.0,31.2,53.7,53.2,54.2,0.267,3.58,0.102,3.14,3.11,3.98,0.0881,2.41,1.64,0.0403,0.624,0.303,34.9,27,85,26,200,2.4,6.9,2.7,2.6,2.5,2.6,2.5,2.5,2.8,2.7,1.9,6.2,1.9,4.2,44.4,18.4,10.5
33.7,35.4,32.0,44.4,45.6,43.2,34.6,35.4,33.8,50.3,51.2,49.4,0.264,3.51,0.1,3.18,3.06,3.93,0.0877,2.4,1.6,0.0393,0.172,0.297,34.9,27,88,27,200,1.8,5.8,2.6,1.9,2.6,3.0,2.6,3.0,2.7,2.4,3.2,5.8,1.7,4.1,43.2,19.4,10.3
34.7,36.8,32.6,45.7,45.2,46.2,32.4,34.4,30.4,48.9,45.0,52.8,0.265,3.6,0.104,3.22,3.03,3.99,0.089,2.42,1.65,0.0415,0.169,0.306,34.6,26,78,26,200,2.4,4.8,3.3,2.2,2.9,3.3,2.7,3.2,2.5,2.7,3.3,5.9,1.8,3.2,44.2,19.5,10.5
30.7,31.4,30.0,42.5,46.0,39.0,35.4,33.2,37.6,49.9,48.2,51.6,0.278,3.54,0.104,3.26,3.02,3.98,0.088,2.43,1.65,0.0417,0.171,0.31,34.4,26,67,24,200,2.8,5.3,3.8,2.5,2.2,3.4,2.0,2.5,3.5,2.6,3.4,6.4,2.1,3.2,45.7,19.9,10.8
33.5,34.6,32.4,45.7,45.8,45.6,32.1,32.2,32.0,50.4,49.2,51.6,0.269,3.64,0.105,3.35,3.1,4.13,0.0904,2.47,1.66,0.0399,0.171,0.32,34.3,26,73,24,200,2.0,5.4,3.3,3.2,2.5,2.7,2.2,2.5,3.6,2.7,2.6,6.4,2.0,2.7,43.8,20.2,10.4
32.8,30.4,35.2,44.5,45.4,43.6,33.7,31.6,35.8,49.7,49.2,50.2,0.29,3.87,0.107,3.52,3.28,4.4,0.0935,2.61,1.75,0.0416,0.178,0.34,34.3,26,74,27,200,1.7,4.7,3.5,3.4,2.8,2.6,2.6,2.6,3.0,3.4,1.7,6.0,1.7,3.8,43.5,19.7,9.43
33.3,34.4,32.2,43.9,47.2,40.6,34.5,34.0,35.0,51.4,51.0,51.8,0.307,4.04,0.113,3.73,3.43,4.59,0.0985,2.73,1.84,0.0404,0.183,0.352,34.3,26,76,26,200,1.4,5.1,4.0,2.6,2.3,2.3,2.8,2.7,3.1,3.3,2.3,5.5,1.9,4.1,43.4,18.8,9.69
31.0,33.6,28.4,45.2,46.2,44.2,31.0,31.0,31.0,52.2,52.0,52.4,0.317,4.19,0.116,3.84,3.62,4.82,0.0997,2.85,1.92,0.0404,0.191,0.367,34.1,26,78,23,200,1.5,4.7,3.1,2.2,3.4,1.9,2.9,2.9,3.2,3.2,2.3,5.1,2.1,3.3,41.8,19.2,9.51
33.8,32.8,34.8,47.5,49.8,45.2,33.3,35.4,31.2,50.5,49.0,52.0,0.338,4.36,0.12,4.06,3.76,5.04,0.107,2.99,2.01,0.0406,0.197,0.385,34.0,26,75,23,200,1.6,5.3,2.3,2.3,3.4,2.9,2.9,2.9,3.5,2.7,2.2,4.7,1.8,3.2,41.7,18.9,9.81
37.1,37.4,36.8,43.4,43.0,43.8,35.2,34.6,35.8,48.8,48.6,49.0,0.36,4.55,0.125,4.25,3.95,5.24,0.118,3.17,2.12,0.0408,0.203,0.402,34.0,26,75,25,200,1.1,6.3,2.7,2.7,2.5,3.4,2.7,3.3,3.2,2.2,2.7,5.2,2.0,3.7,43.7,19.2,10.0
33.4,32.8,34.0,32.2,32.4,32.0,33.2,30.2,36.2,32.6,31.8,33.4,0.382,4.51,0.128,4.35,3.97,5.25,0.119,3.29,2.22,0.0416,0.206,0.405,33.8,26,77,26,200,1.6,6.0,3.2,2.9,3.6,3.4,2.5,3.0,2.1,2.8,2.8,6.4,2.9,4.2,47.4,18.0,9.75
39.2,42.4,36.0,49.1,49.6,48.6,44.5,46.0,43.0,62.8,61.6,64.0,0.299,3.64,0.105,3.27,3.1,4.1,0.0951,2.5,1.66,0.0394,0.168,0.304,43.0,34,98,41,200,47.3,8.75,4.5,5.0,1.75,4.5,6.0,3.75,2.0,4.75,4.25,8.5,2.5,5.75,109.0,5.54,1.72
34.1,34.4,33.8,48.9,50.8,47.0,34.2,35.2,33.2,63.9,61.0,66.8,0.289,3.58,0.106,3.28,3.13,4.06,0.0889,2.5,1.64,0.0395,0.166,0.304,40.9,31,96,36,200,24.3,6.67,3.56,3.56,2.44,3.0,3.78,2.89,1.89,3.22,3.56,5.78,1.89,4.89,71.4,11.9,4.54
33.0,34.6,31.4,50.5,51.2,49.8,31.7,33.2,30.2,65.7,64.0,67.4,0.3,3.57,0.104,3.25,3.08,4.08,0.0912,2.47,1.62,0.0395,0.169,0.309,39.6,30,85,26,200,4.4,5.2,2.4,2.5,2.6,1.7,2.7,2.7,2.6,3.1,2.3,4.9,1.8,3.8,42.7,17.8,7.22
32.9,35.0,30.8,48.1,52.0,44.2,32.4,33.4,31.4,62.8,60.8,64.8,0.295,3.61,0.106,3.22,3.08,4.07,0.0906,2.42,1.65,0.0396,0.166,0.303,38.9,30,85,26,200,2.0,6.0,2.6,2.4,2.5,2.2,3.0,2.9,3.3,3.3,2.9,6.0,2.1,2.5,43.7,23.3,10.1
33.2,35.2,31.2,51.0,51.2,50.8,30.6,33.0,28.2,61.2,59.6,62.8,0.291,3.54,0.107,3.21,3.1,4.05,0.0919,2.46,1.64,0.0395,0.164,0.301,38.8,29,89,28,200,1.3,6.6,3.7,2.1,3.1,2.2,2.9,2.6,3.2,2.6,3.6,5.9,1.8,2.7,44.3,28.1,13.2
34.6,34.2,35.0,52.7,52.6,52.8,33.5,32.4,34.6,61.1,60.2,62.0,0.284,3.54,0.105,3.18,3.12,4.09,0.0879,2.45,1.63,0.0408,0.168,0.302,37.7,29,83,26,200,1.8,6.6,3.1,2.1,2.5,2.3,3.0,2.6,3.0,3.4,3.0,5.8,1.6,2.7,43.5,29.0,14.1
32.0,33.0,31.0,48.1,48.8,47.4,31.5,30.8,32.2,60.2,60.4,60.0,0.286,3.52,0.104,3.17,3.09,4.11,0.0876,2.43,1.65,0.0408,0.169,0.312,37.6,29,80,27,200,2.5,5.8,3.1,2.2,2.1,2.5,2.9,2.8,2.9,2.7,2.9,6.1,2.2,1.7,42.4,28.1,14.9
32.6,28.2,37.0,50.6,51.6,49.6,33.2,29.2,37.2,61.7,63.2,60.2,0.28,3.46,0.104,3.15,3.12,4.09,0.0882,2.44,1.63,0.0384,0.166,0.31,37.2,28,80,27,200,2.7,5.9,4.1,1.9,2.9,1.9,2.2,3.0,3.0,1.5,3.5,6.0,1.9,2.8,43.3,27.1,14.8
34.3,34.8,33.8,49.3,48.4,50.2,34.1,33.4,34.8,60.8,61.0,60.6,0.286,3.5,0.105,3.17,3.09,4.09,0.0886,2.44,1.64,0.0384,0.166,0.305,36.9,28,77,26,200,2.1,6.0,3.9,2.4,3.4,2.3,1.8,3.0,3.1,2.1,3.4,5.6,1.5,3.8,44.4,28.2,14.4
32.3,30.8,33.8,50.8,53.8,47.8,32.3,33.8,30.8,62.9,65.2,60.6,0.284,3.43,0.104,3.1,3.11,4.02,0.0871,2.4,1.64,0.0393,0.166,0.309,36.3,28,75,24,200,1.3,4.3,2.7,2.8,3.5,2.7,2.7,2.8,3.2,2.8,2.9,5.4,1.9,3.6,42.6,26.8,14.3
34.6,35.0,34.2,50.9,52.6,49.2,32.9,33.0,32.8,63.7,62.0,65.4,0.271,3.4,0.103,3.09,3.1,4.02,0.0853,2.42,1.62,0.0387,0.166,0.308,36.1,28,73,25,200,1.2,5.4,1.7,2.8,3.4,2.5,2.5,1.9,3.4,3.4,2.9,4.8,1.6,3.8,41.3,28.3,15.1
33.5,32.4,34.6,50.6,54.0,47.2,34.0,35.8,32.2,62.7,59.4,66.0,0.268,3.5,0.102,3.05,3.16,4.04,0.0852,2.42,1.63,0.0399,0.167,0.308,35.9,28,76,27,200,2.4,6.1,2.1,2.7,2.7,2.2,2.6,2.2,3.1,3.2,3.5,5.2,1.6,3.6,43.2,27.8,14.1
32.4,30.2,34.6,49.6,49.4,49.8,32.8,32.2,33.4,63.9,60.4,67.4,0.284,3.51,0.104,3.14,3.17,4.02,0.0898,2.49,1.65,0.04,0.167,0.317,35.7,27,76,26,200,3.0,5.1,3.1,2.4,2.8,2.8,3.2,2.5,2.8,2.8,3.9,6.0,1.8,3.1,45.3,28.6,14.6
32.9,35.4,30.4,50.6,53.6,47.6,34.1,35.0,33.2,63.7,61.8,65.6,0.279,3.55,0.103,3.03,3.19,4.0,0.0875,2.47,1.65,0.0412,0.167,0.313,35.8,27,85,26,200,2.2,5.1,3.7,2.5,3.0,3.1,3.0,2.0,3.2,2.7,2.9,6.2,2.1,3.5,45.2,27.4,15.1
33.4,37.0,29.8,49.7,52.4,47.0,32.5,32.2,32.8,63.6,61.6,65.6,0.27,3.53,0.102,3.07,3.18,4.09,0.0782,2.42,1.66,0.0404,0.166,0.316,36.1,27,90,27,200,2.1,5.3,2.8,2.7,2.8,2.7,3.2,2.1,3.0,2.2,3.7,6.7,2.2,3.7,45.2,28.1,14.9
32.3,29.6,35.0,50.3,52.6,48.0,33.3,32.6,34.0,63.9,62.6,65.2,0.261,3.51,0.101,2.99,3.21,4.03,0.0769,2.44,1.62,0.0398,0.166,0.317,36.0,27,85,27,200,2.0,6.1,1.8,2.2,3.3,2.6,3.3,2.9,1.9,2.0,3.8,6.0,1.5,3.5,42.9,27.5,13.9
35.1,34.0,36.2,50.7,52.0,49.4,32.2,33.2,31.2,64.1,62.6,65.6,0.263,3.52,0.101,3.08,3.3,4.16,0.0798,2.47,1.67,0.0409,0.166,0.335,35.9,27,79,27,200,1.3,6.5,2.4,3.0,3.2,2.7,3.0,3.2,2.0,2.0,2.6,5.4,1.5,3.2,42.0,27.7,14.6
32.5,30.0,35.0,52.1,52.4,51.8,33.1,36.8,29.4,62.0,61.4,62.6,0.268,3.75,0.101,3.24,3.47,4.35,0.0807,2.62,1.75,0.0427,0.173,0.348,35.9,27,80,28,200,1.2,6.1,3.0,4.0,3.1,2.5,2.7,2.3,2.9,2.8,2.6,6.1,1.5,3.6,44.4,29.3,14.0
34.8,33.2,36.4,54.6,55.6,53.6,32.5,34.8,30.2,60.7,61.3,60.1,0.291,3.95,0.108,3.37,3.7,4.59,0.088,2.74,1.84,0.041,0.18,0.372,35.9,27,84,27,200,1.7,5.6,2.5,3.3,3.0,1.9,2.3,2.0,3.5,3.6,2.7,5.9,1.7,4.1,43.8,27.7,13.7
36.0,35.8,36.2,39.8,37.0,42.6,35.6,35.2,36.0,48.4,50.8,46.0,0.32,4.11,0.114,3.57,3.88,4.83,0.0932,2.89,1.93,0.041,0.185,0.389,35.9,27,87,28,200,2.2,5.5,2.5,2.2,2.7,1.9,2.5,2.5,3.7,3.6,2.9,5.7,2.3,4.1,44.3,28.2,14.5
31.3,34.0,28.6,50.1,54.2,46.0,31.1,27.8,34.4,71.1,70.2,72.0,0.27,3.51,0.0999,3.11,3.17,4.07,0.0775,2.45,1.64,0.0407,0.641,0.326,41.8,32,95,31,200,30.7,5.29,1.71,3.14,2.86,2.71,3.57,2.57,3.71,3.29,3.29,7.0,2.71,4.43,77.0,12.4,4.86
33.0,32.8,33.2,51.9,52.8,51.0,37.4,34.2,40.6,69.1,65.2,73.0,0.277,3.64,0.102,3.12,3.18,4.08,0.0793,2.46,1.62,0.0407,0.642,0.314,39.7,30,84,26,200,15.1,5.5,2.4,2.7,2.8,2.6,3.7,2.3,3.7,3.3,2.8,6.9,2.4,3.9,60.1,19.8,6.7
31.7,32.4,31.0,60.0,62.4,57.6,31.5,30.6,32.4,60.8,63.8,57.8,0.28,3.63,0.101,3.11,3.13,4.06,0.0785,2.44,1.64,0.042,0.642,0.318,38.4,29,82,24,200,1.8,4.9,2.2,2.7,2.1,2.6,2.9,2.1,3.1,3.1,2.4,5.1,1.8,4.4,41.2,25.3,10.4
32.6,31.2,34.0,49.3,49.8,48.8,32.7,31.0,34.4,68.3,67.8,68.8,0.263,3.59,0.0997,3.13,3.14,4.02,0.0779,2.44,1.61,0.0421,0.642,0.326,38.0,29,82,26,200,1.8,4.3,2.7,2.9,2.7,2.1,3.5,2.2,3.1,3.6,2.9,5.0,1.5,4.5,42.8,30.4,14.1
31.7,34.6,28.8,50.9,53.0,48.8,31.5,34.0,29.0,67.0,65.2,68.8,0.278,3.64,0.102,3.16,3.09,4.06,0.08,2.47,1.63,0.0431,0.642,0.321,37.2,28,76,27,200,1.2,5.8,3.2,2.7,3.4,1.5,3.4,2.6,3.9,3.3,2.8,6.4,1.9,3.3,45.5,32.8,15.8
33.1,31.2,35.0,53.7,56.8,50.6,34.2,36.4,32.0,63.5,62.0,65.0,0.281,3.62,0.102,3.2,3.08,4.05,0.0811,2.45,1.66,0.0419,0.643,0.318,36.8,28,81,25,200,1.3,6.4,2.6,2.2,3.0,1.5,2.2,2.1,3.3,3.0,2.6,6.1,2.1,3.2,41.6,30.9,15.4
32.3,31.2,33.4,50.5,53.2,47.8,34.1,31.8,36.4,65.7,65.8,65.6,0.278,3.53,0.104,3.23,3.04,4.04,0.0795,2.43,1.64,0.0419,0.644,0.322,36.8,28,87,26,200,1.6,5.9,2.8,2.0,2.9,2.1,2.5,2.3,2.2,2.6,3.0,6.2,2.0,4.5,42.5,30.5,16.6
32.9,34.0,31.8,51.3,52.2,50.4,34.7,32.0,37.4,69.4,70.0,68.8,0.267,3.58,0.103,3.28,2.99,4.01,0.0782,2.42,1.62,0.0423,0.643,0.315,36.3,27,79,26,200,1.8,5.2,3.3,2.4,3.2,3.0,2.5,2.2,2.1,2.7,3.1,6.2,1.8,4.5,44.0,31.3,15.2
32.6,33.8,31.4,54.5,57.8,51.2,34.7,34.4,35.0,62.9,58.2,67.6,0.274,3.54,0.103,3.37,2.98,4.05,0.0811,2.42,1.66,0.0412,0.644,0.324,36.7,28,86,26,200,2.3,5.3,3.3,2.3,2.9,3.2,2.6,2.3,1.9,3.4,2.9,7.1,2.2,3.5,45.2,30.7,14.7
34.6,36.2,33.0,52.3,54.0,50.6,35.0,32.4,37.6,64.8,65.0,64.6,0.285,3.57,0.106,3.33,2.96,4.04,0.0844,2.44,1.61,0.0422,0.643,0.328,36.7,28,93,27,200,3.0,5.8,2.2,2.4,2.5,3.3,3.3,3.2,1.9,3.3,3.2,7.6,2.4,3.1,47.2,29.1,15.2
33.7,32.4,35.0,53.4,55.8,51.0,34.4,33.2,35.6,69.1,67.1,71.1,0.285,3.65,0.104,3.45,2.93,4.01,0.0859,2.47,1.66,0.0434,0.644,0.328,36.5,27,82,25,200,2.6,5.3,2.3,2.7,2.6,2.8,3.1,2.7,2.4,2.9,3.1,6.7,2.1,3.9,45.2,31.8,15.6
31.7,29.8,33.6,52.4,55.2,49.6,35.6,35.4,35.8,64.2,63.7,64.7,0.292,3.63,0.107,3.44,2.88,4.03,0.0847,2.43,1.62,0.0435,0.644,0.324,36.3,27,90,24,200,2.2,5.4,2.2,3.3,2.5,2.4,3.4,3.2,2.8,2.7,2.5,5.9,2.0,4.0,44.5,30.3,14.9
32.1,30.0,34.2,50.5,53.6,47.4,33.2,31.4,35.0,63.2,63.0,63.4,0.293,3.58,0.109,3.45,2.88,4.03,0.0847,2.41,1.62,0.041,0.644,0.326,36.1,27,87,23,200,2.7,6.1,2.3,2.8,2.1,2.7,3.0,3.0,3.0,2.6,2.3,5.3,1.9,3.8,43.6,30.1,15.9
31.9,29.0,34.8,51.6,53.2,50.0,33.8,32.4,35.2,70.2,69.0,71.4,0.285,3.56,0.105,3.48,2.8,4.0,0.0826,2.42,1.63,0.042,0.643,0.321,36.0,27,79,25,200,2.2,5.8,2.8,2.4,2.2,2.8,2.2,3.1,3.3,2.5,2.3,5.0,1.9,4.2,42.7,31.3,15.2
31.9,33.8,30.0,60.1,61.4,58.8,33.1,34.8,31.4,65.1,63.2,67.0,0.279,3.63,0.103,3.51,2.78,4.01,0.0812,2.43,1.62,0.0424,0.644,0.321,35.9,27,79,27,200,1.7,5.1,2.8,2.9,3.4,2.6,2.1,3.3,2.8,2.3,2.7,4.8,1.8,3.8,42.1,33.3,15.3
32.8,30.4,35.2,50.9,51.6,50.2,34.6,36.6,32.6,60.7,59.2,62.2,0.27,3.66,0.103,3.56,2.78,4.01,0.0812,2.42,1.6,0.0426,0.61,0.323,36.5,27,100,29,200,1.8,5.1,3.9,3.0,3.9,2.3,2.1,1.9,3.1,2.5,2.8,5.8,1.6,3.8,43.6,31.5,16.3
32.9,31.8,34.0,50.2,51.6,48.8,31.1,30.8,31.4,70.2,68.6,71.8,0.281,3.8,0.104,3.69,2.94,4.25,0.0841,2.49,1.7,0.0426,0.172,0.336,36.2,27,100,29,200,1.9,5.3,3.5,2.2,2.8,2.2,2.1,2.3,3.6,2.9,3.6,5.2,1.0,3.8,42.4,32.8,15.9
31.9,32.6,31.2,53.6,55.4,51.8,34.4,35.8,33.0,64.8,67.0,62.6,0.294,3.97,0.107,3.84,3.08,4.39,0.085,2.65,1.76,0.044,0.178,0.353,36.2,27,79,25,200,2.4,6.0,2.1,2.6,2.4,2.3,1.9,2.9,3.0,2.9,4.0,5.3,1.3,3.9,43.0,31.9,15.7
31.4,32.6,30.2,51.6,51.4,51.8,32.1,30.4,33.8,61.3,60.0,62.6,0.303,4.18,0.109,4.07,3.25,4.64,0.0888,2.81,1.87,0.0442,0.185,0.373,36.1,27,87,25,200,2.1,6.6,2.9,3.1,2.7,2.8,2.4,2.4,1.9,2.9,3.5,5.7,1.2,4.1,44.3,31.5,16.4
32.6,35.4,29.8,28.8,32.4,25.2,36.5,37.0,36.0,39.0,42.8,35.2,0.318,4.34,0.116,4.23,3.41,4.83,0.0965,2.95,1.97,0.0423,0.193,0.394,36.1,27,82,27,200,1.7,5.6,3.6,3.0,2.8,2.7,2.8,2.6,1.8,2.8,3.4,4.8,1.1,3.4,42.1,27.3,16.2
35.8,34.4,37.2,45.5,45.0,46.0,35.6,36.6,34.6,36.7,36.0,37.4,0.271,3.88,0.102,3.63,3.03,4.32,0.0816,2.5,1.68,0.0411,0.173,0.328,60.6,45,170,44,300,52.5,12.0,4.33,5.0,4.17,5.5,4.67,4.33,5.5,3.33,3.67,7.67,3.17,6.33,122.0,2.44,1.35
38.9,40.0,37.8,41.3,43.0,39.6,39.8,40.0,39.6,35.3,37.2,33.4,0.276,3.94,0.103,3.67,3.11,4.4,0.0826,2.52,1.7,0.0433,0.173,0.339,52.9,38,160,27,300,29.8,9.3,3.8,4.3,4.7,4.9,4.1,4.6,5.0,4.8,3.6,8.7,3.3,7.5,98.4,4.34,2.27
37.5,37.8,37.2,42.7,41.6,43.8,38.7,39.8,37.6,34.5,37.0,32.0,0.293,4.03,0.109,3.77,3.21,4.6,0.0909,2.61,1.78,0.0431,0.176,0.345,48.2,33,75,24,300,2.9,7.4,3.9,3.5,5.4,3.4,2.8,4.4,3.5,5.1,2.9,8.3,2.8,7.1,63.4,5.96,2.94
42.7,43.0,42.4,43.7,41.6,45.8,39.8,40.4,39.2,35.9,35.6,36.2,0.31,4.09,0.112,3.72,3.26,4.72,0.0946,2.63,1.81,0.0428,0.18,0.359,45.9,32,83,25,300,2.8,9.4,4.6,4.7,4.8,3.4,3.4,4.0,4.1,4.4,4.0,8.8,3.4,5.6,67.4,7.52,3.83
37.7,35.6,39.8,42.8,41.2,44.4,40.0,39.2,40.8,35.4,34.6,36.2,0.312,4.18,0.113,3.81,3.45,4.85,0.0898,2.78,1.86,0.0427,0.182,0.355,44.1,31,83,26,300,3.6,9.4,4.3,4.4,4.2,3.8,4.4,4.0,3.5,4.9,5.5,9.5,3.7,5.2,70.4,8.74,4.59
38.6,40.8,36.4,43.5,45.2,41.8,35.5,35.8,35.2,35.5,35.8,35.2,0.305,4.3,0.11,3.87,3.45,4.9,0.0889,2.82,1.9,0.0416,0.185,0.355,42.5,30,77,26,300,3.5,7.8,4.7,3.6,5.1,4.3,3.8,4.5,2.8,5.7,4.7,9.6,2.9,5.4,68.4,8.59,4.2
35.7,35.0,36.4,44.2,44.0,44.4,38.4,39.8,37.0,37.8,35.8,39.8,0.31,4.26,0.113,3.9,3.6,4.98,0.0935,2.83,1.93,0.041,0.189,0.359,41.6,29,73,25,300,2.6,9.9,4.2,2.9,5.5,4.0,3.5,4.0,4.5,4.6,4.0,8.2,2.2,5.3,65.4,8.79,4.3
41.7,39.2,44.2,42.3,44.0,40.6,37.7,37.2,38.2,33.2,35.4,31.0,0.326,4.37,0.115,3.91,3.71,5.07,0.0958,2.94,1.97,0.0399,0.19,0.369,40.5,29,74,26,300,2.5,10.3,3.6,3.5,4.5,4.7,3.9,3.3,4.5,3.0,4.0,7.5,2.7,5.3,63.3,8.77,4.48
38.6,35.8,41.4,42.9,42.6,43.2,39.1,40.6,37.6,34.7,36.0,33.4,0.337,4.49,0.119,4.0,3.78,5.22,0.0992,3.01,2.01,0.0407,0.191,0.371,39.7,28,72,25,300,3.0,7.6,3.0,5.0,3.9,5.0,4.0,4.3,4.4,3.5,3.9,9.0,3.4,5.9,65.9,8.47,4.42
37.9,36.4,39.4,41.1,39.2,43.0,38.5,41.2,35.8,34.3,36.0,32.6,0.335,4.56,0.12,4.13,3.92,5.31,0.101,3.03,2.1,0.0406,0.196,0.372,39.2,28,79,25,300,3.0,8.8,3.3,4.8,4.4,4.4,4.4,5.1,4.9,4.5,4.2,8.8,2.4,6.2,69.2,8.27,4.29
37.7,38.8,36.6,41.0,41.4,40.6,38.3,38.8,37.8,33.9,32.8,35.0,0.323,4.57,0.12,4.17,3.94,5.43,0.1,3.11,2.12,0.0402,0.197,0.382,38.5,28,73,25,300,2.6,8.8,4.6,4.3,4.4,4.2,3.4,4.9,4.3,4.5,4.0,7.8,1.7,5.6,65.1,8.1,4.26
38.4,35.6,41.2,47.9,47.0,48.8,36.2,38.8,33.6,33.6,33.0,34.2,0.348,4.68,0.124,4.18,4.05,5.53,0.105,3.13,2.14,0.0409,0.201,0.389,38.1,27,74,25,300,2.1,8.1,4.5,3.2,4.3,4.2,3.7,4.8,4.5,3.9,3.8,7.5,1.9,6.3,62.8,7.5,4.1
39.0,39.6,38.4,43.6,43.0,44.2,37.6,40.6,34.6,35.3,33.8,36.8,0.362,4.75,0.128,4.26,4.13,5.59,0.11,3.18,2.18,0.0408,0.201,0.397,37.8,27,78,25,300,2.4,9.0,3.6,3.2,4.1,4.5,3.7,4.3,5.3,3.8,3.8,7.3,2.5,5.5,63.0,7.08,4.67
38.7,37.4,40.0,42.6,43.4,41.8,38.9,38.2,39.6,34.8,34.0,35.6,0.368,4.84,0.129,4.38,4.25,5.76,0.111,3.28,2.25,0.0395,0.203,0.41,37.6,27,80,24,300,3.0,8.9,4.4,4.2,4.2,4.7,3.4,4.0,5.3,3.6,3.7,9.2,2.9,4.8,66.3,7.69,4.69
35.8,35.6,36.0,42.1,44.2,40.0,38.7,37.2,40.2,35.1,34.8,35.4,0.374,4.84,0.132,4.45,4.31,5.86,0.112,3.29,2.26,0.0392,0.207,0.405,37.2,27,78,25,300,2.1,9.4,4.6,4.0,5.0,4.4,4.1,3.4,4.5,4.0,3.7,9.4,2.0,5.2,65.8,7.56,4.63
39.8,39.8,39.8,42.4,43.2,41.6,39.4,40.8,38.0,32.3,31.0,33.6,0.386,4.99,0.13,4.49,4.43,5.96,0.111,3.33,2.3,0.0402,0.209,0.408,37.0,27,73,25,300,2.7,9.3,3.0,4.3,4.6,3.8,4.0,3.9,5.1,4.1,3.5,7.4,2.1,5.7,63.5,7.2,4.76
37.7,36.6,38.8,44.7,45.6,43.8,38.0,40.4,35.6,33.9,35.8,32.0,0.385,5.12,0.135,4.71,4.61,6.24,0.117,3.47,2.38,0.0391,0.219,0.428,36.7,27,75,25,300,3.0,9.1,3.3,4.5,4.1,4.1,4.2,4.1,4.9,3.8,3.9,7.3,3.0,6.0,65.3,7.3,4.71
38.3,40.0,36.6,43.4,42.0,44.8,37.9,40.4,35.4,33.4,32.6,34.2,0.415,5.46,0.141,4.95,4.82,6.57,0.124,3.73,2.53,0.0392,0.228,0.459,36.4,27,72,24,300,2.5,9.3,4.1,4.4,4.3,4.1,4.3,3.5,4.1,4.0,4.8,7.2,2.6,5.4,64.6,7.54,4.05
40.3,41.4,39.2,41.1,39.2,43.0,40.3,38.2,42.4,32.0,28.8,35.2,0.443,5.67,0.147,5.19,5.16,6.85,0.131,3.93,2.67,0.0381,0.235,0.482,36.2,26,78,24,300,2.9,8.6,4.2,4.4,4.7,3.9,4.3,3.6,4.3,3.8,5.2,8.6,3.1,4.7,66.3,7.23,4.02
37.4,37.4,37.4,29.4,30.6,28.2,37.3,39.2,35.4,25.8,25.2,26.4,0.465,6.0,0.152,5.44,5.37,7.16,0.135,4.14,2.77,0.0393,0.243,0.504,36.0,26,78,25,300,3.5,8.7,4.1,4.6,4.8,3.9,4.3,3.7,3.9,4.7,4.4,8.5,3.3,5.3,67.7,6.38,3.88
56.1,55.2,57.0,45.5,45.2,45.8,66.7,68.0,65.4,33.1,33.0,33.2,0.362,4.36,0.123,4.41,4.44,5.83,0.102,3.46,2.3,0.0385,0.708,0.398,55.2,47,120,48,200,0.0,0.0,0.0,0.0,0.0,0.0,0.0,0.0,0.0,0.0,0.0,0.0,0.0,0.0,0.0,0.895,0.557
34.3,32.8,35.8,46.9,46.4,47.4,39.3,36.0,42.6,43.9,42.8,45.0,0.351,4.95,0.121,4.51,4.32,5.81,0.102,3.36,2.29,0.0374,0.714,0.391,66.4,54,170,57,300,63.2,9.2,6.6,5.6,4.6,6.0,5.0,5.2,5.6,5.8,5.0,9.2,1.8,8.0,141.0,3.72,1.33
37.8,41.4,34.2,46.1,46.2,46.0,38.5,40.4,36.6,45.1,41.8,48.4,0.354,4.89,0.124,4.54,4.45,5.8,0.105,3.43,2.34,0.0386,0.716,0.396,56.1,40,160,31,300,32.1,7.9,5.2,4.2,4.5,5.8,4.1,5.1,5.5,5.4,4.1,8.2,1.7,5.9,99.7,6.35,3.17
38.9,37.0,40.8,47.9,47.4,48.4,39.0,40.2,37.8,48.8,47.0,50.6,0.371,4.93,0.126,4.58,4.34,5.84,0.104,3.41,2.29,0.0388,0.715,0.395,51.6,36,80,25,300,2.4,8.2,4.2,3.4,4.0,4.8,2.7,5.1,4.9,4.7,3.5,8.2,2.8,4.1,63.0,9.62,4.18
36.9,39.0,34.8,45.4,49.0,41.8,39.2,38.4,40.0,45.8,45.6,46.0,0.353,4.96,0.123,4.59,4.32,5.91,0.102,3.4,2.34,0.0389,0.716,0.4,48.9,34,87,27,300,4.2,9.5,4.0,4.8,3.7,4.3,2.8,4.3,4.6,4.4,5.1,9.8,4.0,5.1,70.6,12.8,5.76
38.9,38.6,39.2,48.4,51.0,45.8,36.4,36.2,36.6,44.4,44.4,44.4,0.354,4.9,0.122,4.57,4.35,5.85,0.103,3.35,2.35,0.04,0.714,0.394,46.5,32,80,26,300,3.9,8.9,3.2,4.6,3.8,4.2,4.3,4.1,4.4,4.0,4.9,8.9,3.1,5.3,67.6,14.7,7.4
39.6,39.6,39.6,47.2,49.0,45.4,41.7,42.4,41.0,46.1,44.0,48.2,0.373,4.91,0.126,4.55,4.28,5.88,0.105,3.45,2.29,0.039,0.717,0.412,45.5,32,81,28,300,3.6,7.4,4.2,4.4,4.0,4.2,5.2,5.3,4.0,3.9,2.9,8.4,2.5,4.4,64.4,14.8,8.16
37.9,40.0,35.8,48.2,48.0,48.4,40.2,38.4,42.0,44.3,42.6,46.0,0.383,4.91,0.131,4.58,4.27,5.86,0.108,3.42,2.35,0.0391,0.718,0.407,43.8,31,82,28,300,2.6,7.5,4.9,4.7,4.5,4.5,4.3,5.3,3.6,4.0,2.9,9.7,2.9,4.8,66.2,15.8,7.89
37.0,35.6,38.4,45.2,44.4,46.0,39.4,39.8,39.0,44.1,43.8,44.4,0.39,4.88,0.132,4.68,4.3,5.88,0.109,3.45,2.35,0.0381,0.716,0.412,42.5,30,71,24,300,1.7,8.1,4.5,4.0,4.5,4.5,4.1,4.4,3.9,4.4,3.2,9.3,3.5,5.4,65.5,15.7,8.11
38.8,41.0,36.6,51.8,50.4,53.2,37.4,34.6,40.2,42.4,42.0,42.8,0.386,4.93,0.13,4.71,4.27,5.84,0.107,3.52,2.34,0.0394,0.722,0.412,41.6,30,71,24,300,2.8,6.7,4.5,3.9,3.8,3.9,4.9,5.0,4.2,4.9,3.9,9.3,3.7,5.3,66.8,15.0,7.88
36.6,39.2,34.0,46.5,47.0,46.0,40.7,40.0,41.4,43.4,41.8,45.0,0.391,4.88,0.133,4.69,4.29,5.83,0.114,3.44,2.35,0.0387,0.721,0.41,41.1,29,79,25,300,2.9,6.8,4.4,4.3,4.5,4.6,4.7,5.0,3.4,3.9,4.9,9.7,3.4,4.9,67.4,15.4,8.19
38.8,36.6,41.0,46.7,46.0,47.4,37.4,36.8,38.0,45.1,45.2,45.0,0.404,4.96,0.136,4.62,4.28,5.82,0.115,3.49,2.33,0.0395,0.719,0.41,40.4,29,78,25,300,2.8,7.9,3.9,3.5,5.4,4.2,4.1,3.0,3.0,4.0,5.2,8.8,3.3,5.4,64.5,15.1,7.82
37.5,34.8,40.2,45.5,48.0,43.0,37.7,35.4,40.0,44.7,44.4,45.0,0.392,4.89,0.135,4.67,4.23,5.82,0.112,3.46,2.3,0.0386,0.719,0.416,39.9,29,77,25,300,3.6,9.0,3.8,3.2,5.7,2.7,4.0,2.5,3.3,3.9,4.9,7.5,2.5,6.0,62.6,13.8,8.08
38.1,39.4,36.8,46.4,46.4,46.4,38.1,34.6,41.6,43.7,45.0,42.4,0.39,5.03,0.133,4.6,4.3,5.84,0.112,3.5,2.34,0.039,0.716,0.415,39.5,28,76,26,300,4.1,9.5,3.9,4.2,4.6,2.9,4.6,3.6,3.3,3.7,4.5,7.8,2.0,4.8,63.5,13.8,7.9
36.5,35.4,37.6,47.3,47.8,46.8,39.8,37.8,41.8,44.7,47.2,42.2,0.386,4.95,0.133,4.6,4.32,5.76,0.109,3.43,2.34,0.0401,0.716,0.418,39.2,28,81,26,300,3.7,9.6,3.2,4.0,3.7,3.8,5.2,3.5,3.4,4.5,4.6,8.9,2.5,4.9,65.5,14.5,8.0
39.0,42.0,36.0,49.3,50.2,48.4,38.3,39.6,37.0,45.3,42.4,48.2,0.377,4.97,0.133,4.65,4.27,5.83,0.109,3.45,2.31,0.0413,0.718,0.418,38.8,28,81,25,300,3.2,9.6,3.6,3.7,3.4,4.0,4.4,3.2,4.3,3.6,4.7,8.3,2.5,5.1,63.6,14.9,7.44
37.0,38.4,35.6,46.3,49.4,43.2,39.2,38.6,39.8,44.3,41.0,47.6,0.38,4.95,0.131,4.65,4.28,5.82,0.11,3.42,2.37,0.0394,0.719,0.412,38.7,28,87,26,300,3.3,9.0,3.7,4.2,3.1,4.4,4.1,4.2,4.0,3.4,4.1,8.2,2.7,5.4,63.8,14.9,7.87
38.4,38.6,38.2,47.2,48.4,46.0,37.6,38.0,37.2,44.5,42.4,46.6,0.396,5.12,0.136,4.74,4.43,6.05,0.114,3.5,2.37,0.0406,0.722,0.441,38.6,28,87,27,300,2.5,8.7,3.3,5.2,3.3,4.5,4.6,4.3,3.5,4.6,4.1,8.4,2.4,5.7,65.1,15.2,7.4
36.2,37.8,34.6,44.2,46.6,41.8,38.8,41.2,36.4,45.9,45.4,46.4,0.416,5.39,0.142,5.02,4.68,6.3,0.12,3.71,2.51,0.0408,0.73,0.459,38.5,28,86,27,300,1.9,8.3,4.2,5.0,3.0,3.4,4.5,3.1,4.3,5.2,5.1,7.5,2.0,4.9,62.4,14.7,7.74
38.9,41.0,36.8,46.9,48.4,45.4,38.4,40.4,36.4,44.4,42.6,46.2,0.438,5.64,0.145,5.25,4.88,6.65,0.124,3.94,2.65,0.0419,0.74,0.485,38.4,28,85,27,300,2.6,8.4,4.8,4.2,4.5,3.2,4.8,3.6,4.4,4.2,4.9,7.7,2.7,4.8,64.8,14.7,7.87
38.4,37.4,39.4,41.2,40.0,42.4,38.5,37.6,39.4,35.2,33.6,36.8,0.457,5.95,0.152,5.58,5.12,6.98,0.132,4.12,2.78,0.0417,0.749,0.509,38.3,28,86,28,300,3.1,8.6,4.6,3.9,5.3,3.7,4.2,4.9,3.8,3.4,4.6,8.4,2.8,5.4,66.7,13.6,7.61
59.1,59.6,58.6,46.5,47.4,45.6,64.1,64.8,63.4,43.4,41.8,45.0,0.392,5.05,0.131,4.72,4.27,5.88,0.112,3.46,2.32,0.0402,0.212,0.43,88.5,76,210,73,300,78.0,16.5,6.5,5.5,6.0,4.5,4.0,2.5,3.5,4.0,5.5,8.5,0.5,12.0,158.0,2.76,0.638
38.0,38.8,37.2,50.3,51.8,48.8,39.0,40.6,37.4,54.8,56.2,53.4,0.387,5.02,0.13,4.64,4.24,5.88,0.111,3.43,2.3,0.0413,0.21,0.418,73.4,57,190,52,300,46.3,12.3,5.14,6.14,5.0,5.29,4.71,4.14,3.71,3.71,5.57,9.29,2.29,9.0,123.0,5.77,1.87
38.2,39.2,37.2,48.6,47.8,49.4,38.1,36.6,39.6,54.5,55.0,54.0,0.384,5.03,0.131,4.61,4.3,5.81,0.109,3.46,2.3,0.0414,0.209,0.42,63.9,47,82,27,300,18.8,10.8,4.0,5.3,3.7,4.8,4.5,4.6,3.6,3.5,4.6,8.8,3.3,6.9,87.2,10.8,4.45
38.5,36.8,40.2,49.9,48.2,51.6,40.6,39.4,41.8,51.3,49.8,52.8,0.368,5.03,0.129,4.58,4.24,5.91,0.116,3.39,2.32,0.0414,0.213,0.424,57.9,41,82,26,300,3.2,10.4,3.3,3.8,2.7,5.4,3.6,4.4,3.9,5.0,3.4,7.9,3.3,5.5,65.8,15.1,6.39
38.5,39.0,38.0,49.4,51.6,47.2,38.6,40.2,37.0,51.1,48.6,53.6,0.382,5.05,0.133,4.58,4.28,5.94,0.117,3.39,2.29,0.0414,0.208,0.426,53.8,37,82,26,300,3.2,9.6,3.5,3.8,3.6,5.8,3.9,4.2,3.8,5.5,3.3,9.2,3.5,5.7,68.6,17.8,8.02
38.7,41.0,36.4,53.9,54.6,53.2,40.2,38.6,41.8,51.0,48.4,53.6,0.384,5.13,0.133,4.57,4.27,5.95,0.116,3.42,2.29,0.0414,0.212,0.431,50.7,35,79,25,300,3.5,8.7,4.2,4.4,3.6,3.9,4.7,4.4,3.8,4.5,4.6,9.8,3.2,5.9,69.2,20.1,9.81
40.2,37.2,43.2,50.9,51.8,50.0,38.5,37.2,39.8,50.4,47.8,53.0,0.383,5.06,0.131,4.63,4.27,5.98,0.116,3.44,2.35,0.0406,0.212,0.44,49.6,34,89,27,300,2.5,8.8,4.4,4.0,2.9,4.5,4.2,5.5,3.8,4.6,6.0,9.7,3.2,5.7,69.8,20.6,11.2
40.3,37.8,42.8,46.7,47.4,46.0,38.0,35.4,40.6,48.2,48.8,47.6,0.401,5.07,0.135,4.67,4.31,6.06,0.121,3.57,2.41,0.0417,0.211,0.436,47.7,33,85,27,300,1.8,8.5,4.7,3.9,3.1,5.1,4.5,5.5,3.8,3.7,4.6,9.8,3.7,5.4,68.1,18.6,10.3
38.2,37.2,39.2,51.5,51.8,51.2,39.4,40.4,38.4,49.5,49.8,49.2,0.41,5.04,0.138,4.64,4.24,5.98,0.12,3.45,2.37,0.0424,0.213,0.441,46.3,32,76,24,300,2.3,6.9,4.3,4.1,4.0,3.1,4.3,5.2,4.7,3.3,4.0,9.1,3.1,5.9,64.3,18.3,10.7
37.8,39.4,36.2,47.5,49.2,45.8,37.5,36.2,38.8,48.8,46.4,51.2,0.42,4.98,0.137,4.66,4.3,6.05,0.124,3.54,2.32,0.0414,0.214,0.431,45.3,32,77,25,300,2.6,5.9,5.1,3.4,3.4,3.4,4.2,4.2,5.2,4.6,5.2,8.9,2.9,6.3,65.3,19.4,11.0
39.6,39.8,39.4,47.5,49.4,45.6,40.9,41.6,40.2,50.2,48.4,52.0,0.422,5.02,0.137,4.61,4.19,6.02,0.124,3.49,2.4,0.0403,0.215,0.434,44.6,31,85,27,300,2.6,7.8,5.8,3.2,2.6,4.4,4.8,3.2,4.2,5.0,5.5,9.5,3.2,5.7,67.5,18.2,10.2
38.5,41.8,35.2,50.7,54.0,47.4,38.3,39.8,36.8,48.6,48.6,48.6,0.415,4.97,0.138,4.67,4.24,6.07,0.125,3.51,2.36,0.0413,0.212,0.437,43.8,31,82,27,300,3.2,10.5,3.8,3.9,3.8,3.2,4.0,4.0,3.5,4.4,5.3,9.0,2.9,6.1,67.6,18.2,9.87
40.3,39.4,41.2,49.5,52.4,46.6,41.6,41.4,41.8,50.3,47.4,53.2,0.43,5.03,0.141,4.71,4.28,6.04,0.127,3.49,2.4,0.0423,0.215,0.441,43.6,31,89,28,300,2.9,9.1,3.6,3.9,4.5,3.5,3.7,3.8,4.8,4.6,3.6,8.6,3.2,6.6,66.4,19.2,10.0
37.4,38.4,36.4,48.7,50.8,46.6,36.9,35.2,38.6,50.0,51.6,48.4,0.433,5.06,0.14,4.67,4.23,6.16,0.128,3.53,2.38,0.0402,0.214,0.439,43.0,31,89,28,300,3.2,7.7,4.2,3.6,5.4,3.7,4.9,3.4,4.3,4.2,3.2,8.9,3.8,6.7,67.2,18.6,9.78
39.4,39.8,39.0,47.8,47.4,48.2,38.8,39.6,38.0,50.7,48.2,53.2,0.431,5.05,0.145,4.75,4.24,6.16,0.129,3.45,2.38,0.0401,0.212,0.439,42.4,30,76,26,300,2.9,7.3,3.3,3.9,4.6,3.5,5.3,4.3,3.3,3.7,4.4,7.4,2.9,5.3,62.1,18.0,9.96
38.4,37.8,39.0,48.6,50.0,47.2,38.0,37.8,38.2,51.0,51.6,50.4,0.435,4.99,0.141,4.66,4.29,6.18,0.129,3.5,2.37,0.0406,0.212,0.433,41.8,30,75,25,300,2.5,9.3,3.6,3.9,2.9,3.6,4.0,4.3,4.2,4.1,5.2,7.2,2.5,5.6,62.9,18.7,10.1
37.9,36.8,39.0,48.3,47.6,49.0,39.1,39.8,38.4,50.3,48.6,52.0,0.428,5.05,0.142,4.69,4.31,6.21,0.126,3.49,2.37,0.0407,0.216,0.442,41.4,30,75,25,300,2.3,9.7,4.9,3.7,2.6,3.8,4.0,3.9,5.1,5.0,5.1,8.3,2.9,6.3,67.6,19.0,9.81
37.1,33.6,40.6,49.7,50.4,49.0,36.8,37.6,36.0,49.2,47.8,50.6,0.443,5.32,0.146,4.98,4.51,6.48,0.131,3.67,2.48,0.0407,0.221,0.466,41.0,29,77,25,300,2.4,7.8,5.5,3.4,2.3,4.4,3.4,3.8,4.9,5.6,4.0,8.6,2.4,4.7,63.2,18.4,10.0
40.6,38.6,42.6,54.1,55.2,53.0,37.6,35.8,39.4,50.1,48.6,51.6,0.461,5.5,0.152,5.22,4.76,6.81,0.133,3.85,2.63,0.0409,0.228,0.49,40.9,29,84,27,300,2.9,8.3,4.9,3.6,2.6,4.5,2.1,4.7,4.7,5.1,3.6,8.1,2.1,4.9,62.1,18.8,9.82
38.5,35.8,41.2,49.4,52.4,46.4,41.0,42.0,40.0,49.6,49.6,49.6,0.489,5.84,0.157,5.48,5.01,7.22,0.141,4.04,2.75,0.0413,0.241,0.514,40.6,29,86,29,300,2.9,8.5,4.0,3.7,4.2,4.6,3.6,4.5,4.1,4.6,3.5,7.8,2.5,6.4,64.9,18.9,10.4
38.4,36.8,40.0,50.9,54.2,47.6,38.4,38.8,38.0,51.4,50.6,52.2,0.516,6.12,0.162,5.74,5.25,7.49,0.146,4.3,2.88,0.0413,0.247,0.537,40.5,29,87,28,300,3.2,8.2,5.1,3.7,5.4,4.9,4.5,3.7,2.7,4.0,3.5,8.6,3.0,6.1,66.6,18.1,10.7
36.9,34.4,39.4,48.2,49.6,46.8,37.6,39.2,36.0,49.7,48.2,51.2,0.535,6.41,0.169,6.01,5.48,7.84,0.153,4.44,3.04,0.0425,0.26,0.56,40.2,29,87,25,300,2.4,9.3,4.9,3.9,4.6,4.5,4.2,3.7,3.3,4.0,2.9,7.8,2.8,4.7,63.0,18.6,10.3
40.5,39.6,41.4,43.4,44.4,42.4,38.5,37.8,39.2,39.4,41.4,37.4,0.565,6.58,0.176,6.21,5.71,8.13,0.162,4.68,3.16,0.0414,0.267,0.585,40.1,29,87,25,300,2.4,9.4,3.5,4.1,3.7,3.5,4.8,3.5,3.7,3.7,3.6,7.5,2.5,5.0,60.9,17.9,10.3
58.7,59.2,58.2,53.9,55.0,52.8,63.1,63.2,63.0,54.6,53.8,55.4,0.404,4.3,0.132,4.59,4.25,6.0,0.11,3.38,2.28,0.0416,0.212,0.406,93.0,85,200,86,300,52.7,8.33,3.67,4.67,5.0,5.67,4.33,2.33,2.33,2.0,2.67,6.67,2.0,4.67,107.0,4.13,0.887
36.9,36.4,37.4,60.0,60.8,59.2,34.4,31.8,37.0,60.3,62.6,58.0,0.39,4.91,0.129,4.53,4.26,5.99,0.109,3.41,2.28,0.0396,0.208,0.402,77.9,66,190,66,300,40.0,8.5,3.88,3.88,4.38,5.0,5.75,4.0,3.5,3.63,4.63,8.25,2.25,5.13,103.0,8.97,3.46
38.6,36.4,40.8,56.1,60.2,52.0,49.3,47.4,51.2,62.8,63.6,62.0,0.387,4.92,0.131,4.54,4.2,6.05,0.109,3.37,2.35,0.0419,0.625,0.408,67.7,52,89,28,300,18.5,9.3,3.7,3.1,3.9,3.8,5.7,4.3,3.8,4.3,5.5,7.4,2.4,5.9,81.6,14.3,6.56
37.1,37.2,37.0,54.4,55.0,53.8,36.8,38.6,35.0,62.7,63.6,61.8,0.376,4.86,0.128,4.56,4.26,6.01,0.106,3.36,2.3,0.042,0.673,0.399,60.8,45,79,27,300,3.1,9.5,4.2,3.4,4.5,3.2,3.8,4.2,4.8,4.1,4.4,7.0,3.0,4.8,64.0,19.5,9.26
39.8,38.4,41.2,55.6,57.2,54.0,36.9,34.4,39.4,61.6,61.4,61.8,0.373,4.87,0.131,4.43,4.22,5.91,0.108,3.36,2.29,0.0411,0.676,0.402,58.1,41,99,26,300,2.4,8.6,4.8,3.9,4.9,4.1,4.1,3.6,5.1,4.5,3.8,8.3,2.8,5.6,66.5,25.0,12.0
38.8,36.4,41.2,55.5,57.2,53.8,37.6,39.2,36.0,61.9,58.1,65.7,0.366,4.83,0.126,4.48,4.2,5.96,0.105,3.41,2.28,0.0402,0.671,0.404,55.6,39,110,32,300,2.8,7.9,3.4,3.9,4.5,5.0,5.2,3.5,3.9,4.6,3.5,8.9,2.6,6.1,65.8,26.5,14.2
37.8,38.0,37.6,54.6,54.0,55.2,37.5,37.6,37.4,63.7,62.7,64.7,0.355,4.78,0.125,4.43,4.25,5.93,0.102,3.33,2.3,0.0424,0.672,0.408,53.5,38,90,30,300,3.0,8.5,3.3,3.6,4.2,5.3,4.2,4.6,3.8,3.7,3.8,9.3,2.7,5.0,65.0,27.0,15.3
38.4,39.8,37.0,55.1,54.8,55.4,35.1,34.4,35.8,61.9,59.8,64.0,0.354,4.83,0.124,4.34,4.35,5.88,0.107,3.41,2.32,0.0426,0.675,0.402,51.9,37,89,28,300,3.1,8.5,4.7,4.0,3.7,4.7,3.3,4.4,3.6,4.2,4.5,9.0,1.9,5.5,65.1,27.7,14.4
40.0,40.0,40.0,53.2,53.8,52.6,39.5,41.2,37.8,61.6,62.6,60.6,0.355,4.84,0.126,4.39,4.28,5.87,0.104,3.41,2.34,0.0417,0.674,0.408,50.4,35,92,28,300,2.0,7.8,4.9,4.5,2.8,4.9,3.4,4.3,4.2,5.0,4.5,8.7,2.7,4.8,64.5,27.4,15.3
40.3,38.4,42.2,54.1,56.6,51.6,37.0,36.0,38.0,61.7,59.4,64.0,0.371,4.81,0.129,4.32,4.29,5.87,0.108,3.43,2.35,0.043,0.672,0.408,48.9,34,85,27,300,2.8,7.2,5.1,4.2,3.0,4.5,4.4,4.0,4.8,4.6,3.6,8.5,3.3,5.3,65.3,27.9,15.5
38.3,37.8,38.8,53.2,53.2,53.2,37.9,37.2,38.6,61.9,61.6,62.2,0.373,4.77,0.13,4.28,4.4,5.95,0.109,3.42,2.35,0.0431,0.674,0.413,47.8,34,80,27,300,3.2,8.3,4.7,4.1,4.6,3.2,4.7,3.5,4.5,4.1,4.2,8.6,3.3,6.0,67.0,27.0,14.7
37.4,38.8,36.0,54.2,57.6,50.8,36.4,37.4,35.4,60.5,60.4,60.6,0.38,4.86,0.13,4.23,4.37,5.93,0.114,3.46,2.31,0.0434,0.676,0.42,46.8,33,81,28,300,2.8,9.6,3.7,4.5,4.8,3.0,3.8,3.2,4.2,3.6,5.2,8.6,3.2,5.4,65.6,28.2,14.5
38.9,37.2,40.6,61.0,61.2,60.8,38.3,40.8,35.8,63.2,61.6,64.8,0.382,4.7,0.131,4.26,4.44,5.87,0.114,3.44,2.34,0.0413,0.675,0.418,46.1,33,82,28,300,3.3,8.3,3.1,4.6,4.9,3.5,4.5,3.8,3.8,3.5,3.7,9.2,3.2,4.3,63.7,26.8,14.7
39.1,37.8,40.4,54.6,55.0,54.2,38.4,35.4,41.4,63.0,64.4,61.6,0.383,4.8,0.133,4.23,4.43,5.91,0.114,3.42,2.34,0.0423,0.679,0.43,46.2,33,100,31,300,3.2,8.5,3.1,4.3,4.8,3.8,5.1,4.4,3.9,3.7,3.4,9.5,3.3,5.1,66.1,27.7,14.7
39.4,39.8,39.0,56.3,60.6,52.0,36.5,36.8,36.2,63.5,61.6,65.4,0.378,4.78,0.13,4.17,4.47,5.94,0.109,3.47,2.33,0.0423,0.673,0.432,45.6,32,110,30,300,3.0,7.7,4.3,3.9,4.6,4.2,4.5,3.3,3.9,4.6,4.3,9.2,2.6,5.7,65.8,26.9,15.0
40.7,38.2,43.2,56.7,58.0,55.4,38.7,38.0,39.4,63.8,65.4,62.2,0.37,4.87,0.129,4.24,4.49,5.98,0.108,3.42,2.35,0.0433,0.676,0.436,45.3,32,92,28,300,2.3,7.8,5.0,3.6,4.3,5.0,4.6,4.0,3.7,5.3,4.8,9.1,2.6,5.6,67.7,27.5,15.9
39.4,38.2,40.6,56.0,56.4,55.6,41.2,41.4,41.0,62.6,61.6,63.6,0.382,4.92,0.134,4.26,4.59,6.06,0.113,3.43,2.38,0.0425,0.677,0.46,45.5,32,100,34,300,2.1,9.2,4.3,4.5,4.0,5.4,4.4,4.6,3.6,4.8,4.5,9.8,3.1,6.5,70.8,26.3,15.6
37.6,37.2,38.0,55.4,56.6,54.2,36.9,35.4,38.4,63.7,65.0,62.4,0.416,5.14,0.141,4.54,4.83,6.4,0.121,3.69,2.54,0.0427,0.688,0.486,45.1,32,100,34,300,2.8,9.7,4.2,4.1,5.2,5.3,4.1,3.2,3.4,3.7,4.3,10.9,3.3,5.6,69.8,28.8,15.8
39.2,37.8,40.6,55.8,56.6,55.0,38.7,37.8,39.6,62.6,63.8,61.4,0.431,5.39,0.143,4.8,5.08,6.72,0.127,3.85,2.65,0.0431,0.697,0.508,44.8,32,83,31,300,2.1,8.3,4.6,3.3,5.3,4.4,4.1,3.6,4.1,3.9,4.6,10.0,2.9,4.7,65.9,28.0,15.6
38.6,39.2,38.0,50.5,51.4,49.6,38.0,37.8,38.2,56.5,53.0,60.0,0.454,5.66,0.151,5.02,5.37,7.0,0.133,4.12,2.78,0.0424,0.705,0.531,44.9,33,98,33,300,1.6,6.8,4.8,4.4,5.0,4.2,4.1,4.6,3.8,4.4,5.1,9.1,2.5,5.4,65.8,28.2,15.4
38.9,36.8,41.0,32.3,34.4,30.2,40.2,38.4,42.0,35.0,37.2,32.8,0.494,5.97,0.157,5.3,5.65,7.42,0.139,4.27,2.93,0.0434,0.715,0.561,44.3,32,89,29,300,2.3,7.8,3.7,4.8,4.3,3.8,4.8,3.8,3.5,4.1,4.2,8.7,2.5,6.0,64.3,25.1,14.3
40.9,39.8,42.0,53.1,53.8,52.4,44.9,42.6,47.2,69.3,67.0,71.6,0.436,5.11,0.141,4.38,4.6,6.07,0.121,3.57,2.42,0.0437,0.215,0.455,95.1,80,260,84,300,64.2,10.0,6.8,4.4,6.0,8.0,6.2,4.8,4.6,5.8,4.2,12.8,5.6,8.0,151.0,10.5,3.13
38.5,36.6,40.4,56.8,59.8,53.8,37.9,37.8,38.0,59.6,58.8,60.4,0.438,5.05,0.144,4.44,4.61,6.09,0.122,3.57,2.42,0.0414,0.219,0.464,78.7,56,250,58,300,32.7,9.7,4.5,4.4,5.0,6.0,4.4,3.3,4.3,4.4,3.9,10.3,3.6,5.5,102.0,16.0,6.7
40.0,39.8,40.2,55.1,56.2,54.0,37.5,35.4,39.6,67.9,66.4,69.4,0.442,5.1,0.139,4.42,4.58,6.15,0.117,3.56,2.39,0.0413,0.213,0.467,70.4,48,86,28,300,2.2,9.3,3.3,4.0,5.4,4.5,3.4,2.8,3.4,3.9,3.7,8.1,1.8,4.6,60.4,22.4,10.0
37.5,39.2,35.8,54.5,55.4,53.6,38.2,38.6,37.8,71.1,70.6,71.6,0.436,5.07,0.139,4.39,4.57,6.14,0.117,3.51,2.4,0.0423,0.216,0.461,64.2,42,89,27,300,3.4,8.6,3.7,3.1,5.7,4.4,4.9,4.3,3.2,4.3,4.0,8.0,2.2,6.3,66.1,27.7,12.9
41.4,41.2,41.6,57.6,58.6,56.6,40.4,39.4,41.4,61.5,62.0,61.0,0.422,5.1,0.143,4.46,4.61,6.15,0.12,3.5,2.41,0.042,0.215,0.47,60.7,40,89,27,300,2.8,7.3,4.2,4.0,4.5,3.4,5.1,4.1,3.5,3.3,4.7,8.5,2.8,5.8,64.0,32.2,14.9
38.4,38.4,38.4,54.2,55.0,53.4,36.7,34.2,39.2,67.0,66.4,67.6,0.447,5.04,0.145,4.43,4.56,6.1,0.122,3.51,2.4,0.0409,0.215,0.467,57.8,38,92,31,300,2.4,6.0,5.1,4.3,4.8,4.1,4.1,3.9,3.8,3.6,5.5,9.4,4.2,4.8,66.0,30.1,16.2
36.7,37.4,36.0,52.9,52.6,53.2,37.9,38.6,37.2,69.4,67.2,71.6,0.442,5.05,0.144,4.5,4.56,6.09,0.119,3.5,2.44,0.0408,0.215,0.46,55.8,36,91,31,300,2.8,7.0,4.7,3.2,4.2,4.4,3.7,4.7,3.7,4.8,5.4,9.6,4.3,5.1,67.6,31.2,15.7
39.8,36.4,43.2,59.0,61.6,56.4,35.8,37.8,33.8,62.7,61.4,64.0,0.422,5.14,0.139,4.44,4.5,6.11,0.113,3.49,2.42,0.0418,0.216,0.462,54.4,36,98,31,300,2.6,9.0,4.2,3.1,3.3,4.2,3.9,4.4,3.2,5.3,4.4,9.4,2.5,4.8,64.3,32.3,14.2
38.7,38.4,39.0,55.9,57.0,54.8,38.9,37.4,40.4,63.5,64.2,62.8,0.42,4.99,0.138,4.49,4.48,6.14,0.113,3.53,2.44,0.0431,0.212,0.45,53.3,36,99,32,300,2.7,9.4,4.6,4.1,3.4,4.8,4.5,3.9,3.5,5.2,3.8,9.2,2.2,4.3,65.6,32.4,15.4
37.2,34.6,39.8,55.8,57.4,54.2,39.1,40.0,38.2,68.7,68.8,68.6,0.429,5.0,0.139,4.56,4.46,6.02,0.118,3.5,2.44,0.0409,0.214,0.453,52.0,35,93,32,300,3.1,8.6,4.5,4.9,3.6,4.6,3.7,4.3,3.8,4.3,3.7,8.5,2.3,5.6,65.5,32.1,16.7
38.9,35.6,42.2,56.7,57.2,56.2,39.5,37.6,41.4,62.0,61.8,62.2,0.442,5.03,0.144,4.58,4.44,6.01,0.12,3.48,2.44,0.0424,0.215,0.449,51.1,34,87,30,300,3.3,9.2,3.1,4.2,3.5,4.6,2.3,4.4,4.2,4.0,4.8,7.9,2.7,5.8,64.0,31.6,15.9
38.6,36.8,40.4,52.2,55.2,49.2,36.4,36.2,36.6,64.5,68.2,60.8,0.436,4.94,0.141,4.44,4.42,6.08,0.119,3.49,2.44,0.0424,0.213,0.443,50.4,34,97,31,300,3.0,8.0,3.8,3.3,3.9,4.5,2.7,4.6,5.2,4.0,5.7,8.6,3.7,5.8,66.8,31.5,16.5
36.9,36.2,37.6,54.1,54.8,53.4,37.1,33.8,40.4,68.9,68.4,69.4,0.426,4.97,0.142,4.43,4.43,6.0,0.12,3.46,2.38,0.0423,0.212,0.44,49.5,34,92,29,300,2.4,7.0,4.9,2.9,5.0,3.5,3.9,4.7,4.6,3.6,4.7,7.9,3.6,6.3,65.0,29.5,16.8
39.5,39.0,40.0,56.4,56.8,56.0,39.6,41.0,38.2,63.1,58.2,68.0,0.444,5.03,0.144,4.39,4.46,6.04,0.121,3.51,2.39,0.0433,0.21,0.442,48.7,34,89,28,300,2.6,9.2,4.3,3.2,5.0,2.9,4.5,4.2,3.4,4.0,4.1,7.7,3.2,5.4,63.7,29.4,15.3
38.3,39.4,37.2,55.6,58.0,53.2,37.1,38.8,35.4,63.2,64.4,62.0,0.434,5.01,0.14,4.45,4.38,6.08,0.121,3.38,2.4,0.0431,0.212,0.443,48.3,33,89,30,300,3.4,9.3,4.8,3.0,3.7,3.7,4.2,3.5,3.8,4.7,3.7,8.0,2.6,5.2,63.6,28.1,14.7
37.7,40.6,34.8,54.5,56.8,52.2,40.7,40.2,41.2,70.5,72.0,69.0,0.426,5.01,0.146,4.37,4.35,5.97,0.123,3.41,2.4,0.0422,0.211,0.447,48.1,34,100,33,300,3.2,7.7,5.0,3.1,4.0,3.8,4.4,4.5,4.0,4.9,3.9,8.7,2.7,5.3,65.2,31.2,15.6
41.1,38.2,44.0,57.1,58.0,56.2,42.0,43.2,40.8,65.4,64.2,66.6,0.449,5.08,0.152,4.61,4.57,6.29,0.132,3.45,2.44,0.0425,0.217,0.472,47.7,33,98,33,300,2.7,6.9,4.3,4.1,4.2,3.3,4.4,5.0,3.3,4.2,4.7,9.8,3.6,6.2,66.7,29.8,15.1
37.3,39.8,34.8,55.2,54.2,56.2,35.9,36.0,35.8,62.2,60.8,63.6,0.481,5.34,0.157,4.85,4.76,6.54,0.135,3.73,2.59,0.0417,0.226,0.492,47.4,33,100,31,300,2.7,7.8,3.5,4.5,3.1,4.3,4.7,5.1,3.4,4.0,4.6,9.5,3.8,5.7,66.7,30.9,14.9
39.1,37.8,40.4,54.0,54.0,54.0,38.6,40.2,37.0,68.8,70.2,67.4,0.505,5.66,0.162,5.08,5.02,6.86,0.142,3.87,2.71,0.0428,0.235,0.513,46.8,33,87,29,300,3.1,9.1,2.6,4.2,3.2,5.4,4.4,5.0,4.5,4.3,3.9,7.8,3.0,5.1,65.6,31.5,15.7
38.8,38.4,39.2,42.8,41.2,44.4,38.3,37.2,39.4,55.6,55.2,56.0,0.514,5.9,0.165,5.31,5.34,7.23,0.146,4.09,2.85,0.042,0.243,0.541,46.5,33,87,29,300,3.6,8.7,3.6,4.4,3.6,4.5,4.0,4.1,4.8,4.3,4.0,7.4,2.1,6.5,65.6,30.7,14.9
58.6,59.8,57.4,46.0,44.8,47.2,63.1,62.8,63.4,34.6,32.4,36.8,0.437,4.14,0.136,4.59,4.53,6.17,0.119,3.49,2.33,0.0416,0.216,0.439,91.3,78,220,87,400,74.5,14.3,4.0,4.25,6.5,5.0,3.75,5.75,8.75,5.25,5.5,10.3,3.0,6.0,157.0,1.62,0.544
44.4,44.4,44.4,48.0,46.8,49.2,44.0,41.6,46.4,36.8,36.4,37.2,0.414,5.32,0.137,4.73,4.58,6.4,0.119,3.51,2.38,0.0415,0.22,0.438,73.8,52,210,58,400,48.4,11.7,4.22,4.56,5.78,5.56,4.22,6.11,7.11,5.33,5.33,10.4,3.0,7.11,129.0,3.23,1.34
42.2,40.0,44.4,46.4,45.0,47.8,40.2,42.2,38.2,34.0,31.2,36.8,0.421,5.39,0.14,4.72,4.63,6.47,0.119,3.56,2.44,0.0419,0.218,0.445,64.4,42,73,24,400,15.5,10.3,4.4,5.3,5.2,6.6,4.9,6.0,7.2,5.2,5.2,11.3,3.3,8.9,99.3,5.07,2.12
42.1,40.8,43.4,43.6,46.0,41.2,43.8,41.8,45.8,33.2,32.4,34.0,0.431,5.41,0.143,4.85,4.68,6.51,0.122,3.66,2.46,0.0417,0.22,0.444,58.5,37,73,24,400,3.8,11.5,4.8,4.7,6.2,6.6,4.8,5.1,7.2,4.8,5.6,10.4,3.0,9.3,87.8,6.62,3.08
41.5,42.8,40.2,45.9,48.8,43.0,41.0,39.0,43.0,34.3,31.0,37.6,0.424,5.47,0.144,4.86,4.79,6.57,0.124,3.56,2.47,0.0404,0.222,0.442,54.6,35,74,24,400,3.8,12.6,5.2,4.3,6.5,4.9,4.3,4.8,5.2,5.1,5.8,9.1,2.6,8.5,82.7,7.73,3.69
44.0,45.8,42.2,49.9,49.6,50.2,43.2,44.6,41.8,33.6,30.4,36.8,0.431,5.57,0.146,4.86,4.77,6.71,0.126,3.63,2.5,0.0404,0.224,0.444,52.1,33,80,26,400,4.1,12.8,4.6,5.0,5.5,4.9,4.9,5.1,4.1,5.6,5.6,9.3,3.1,8.8,83.4,7.86,4.31
41.9,41.4,42.4,46.8,45.8,47.8,44.7,45.2,44.2,35.8,35.4,36.2,0.432,5.59,0.141,4.93,4.93,6.67,0.124,3.77,2.54,0.0389,0.222,0.448,50.6,33,92,28,400,3.9,13.2,4.7,5.5,5.6,5.6,5.6,4.3,3.9,5.1,5.9,9.4,3.5,8.1,84.3,8.45,4.67
45.3,44.6,46.0,45.5,44.6,46.4,44.4,41.4,47.4,33.8,34.2,33.4,0.439,5.77,0.148,5.18,4.89,6.83,0.126,3.79,2.55,0.0398,0.229,0.453,48.8,32,89,26,400,3.5,12.9,4.4,6.2,5.3,4.6,4.9,5.7,4.2,5.5,5.9,10.5,3.7,7.6,84.9,7.82,4.78
42.7,43.0,42.4,46.2,47.2,45.2,58.3,59.0,57.6,33.0,33.8,32.2,0.46,5.81,0.149,5.14,4.98,6.99,0.128,3.82,2.67,0.0397,0.786,0.469,49.1,32,120,28,400,4.2,12.7,4.9,5.3,3.9,5.5,5.0,6.7,4.6,6.0,5.6,13.0,5.1,8.1,90.6,7.87,4.63
45.2,43.8,46.6,43.6,41.6,45.6,40.9,42.2,39.6,33.2,32.4,34.0,0.445,5.9,0.15,5.32,5.02,7.11,0.127,3.83,2.7,0.0384,0.791,0.474,47.8,31,120,29,400,4.1,12.1,5.1,4.3,3.7,5.5,6.3,5.9,4.9,6.8,5.9,13.2,4.4,7.5,89.7,7.7,4.63
45.7,44.8,46.6,48.1,49.2,47.0,46.3,43.2,49.4,35.6,38.6,32.6,0.455,5.95,0.151,5.37,5.16,7.15,0.134,3.92,2.71,0.0383,0.792,0.476,46.8,31,77,28,400,4.2,10.7,4.6,4.9,4.9,4.3,4.8,5.2,4.7,6.3,7.0,11.8,2.6,8.4,84.4,7.48,4.49
40.9,42.8,39.0,46.3,45.8,46.8,44.7,45.0,44.4,34.6,32.8,36.4,0.471,6.04,0.152,5.51,5.19,7.34,0.133,4.02,2.76,0.0399,0.794,0.474,46.2,31,90,28,400,4.0,13.0,6.1,5.4,4.7,4.7,4.0,5.3,5.5,5.1,6.7,12.4,4.0,9.2,90.1,6.69,4.03
45.5,43.6,47.4,47.1,45.2,49.0,44.2,43.6,44.8,33.2,33.0,33.4,0.477,6.18,0.153,5.49,5.28,7.37,0.132,4.11,2.83,0.0376,0.796,0.479,45.7,31,97,28,400,3.6,11.0,6.4,5.3,4.3,4.9,5.7,6.6,5.8,6.0,5.6,12.7,4.3,8.2,90.4,7.37,3.91
44.1,41.4,46.8,46.3,44.2,48.4,43.9,42.2,45.6,33.4,32.4,34.4,0.474,6.31,0.156,5.57,5.39,7.56,0.139,4.08,2.83,0.0384,0.796,0.49,45.2,30,91,29,400,3.1,9.3,5.3,5.1,5.4,5.9,6.0,6.1,5.9,5.8,5.8,13.2,4.6,7.6,89.1,7.33,4.13
43.5,41.0,46.0,46.0,48.2,43.8,42.7,44.0,41.4,33.1,33.6,32.6,0.486,6.31,0.161,5.73,5.5,7.72,0.14,4.19,2.92,0.0393,0.8,0.495,44.6,30,86,28,400,3.4,10.8,4.5,6.1,5.4,5.5,5.1,5.2,6.3,5.2,6.6,12.2,4.9,7.8,89.0,7.41,4.31
42.4,43.0,41.8,45.8,47.6,44.0,41.8,42.0,41.6,30.8,32.4,29.2,0.508,6.4,0.161,5.85,5.46,7.77,0.14,4.2,2.92,0.0381,0.806,0.489,44.1,30,81,27,400,4.1,11.4,5.2,7.0,6.1,4.8,6.1,4.4,5.2,4.8,6.0,11.6,4.1,8.0,88.8,7.52,4.35
43.7,43.8,43.6,46.9,46.4,47.4,46.6,44.0,49.2,33.5,34.4,32.6,0.521,6.6,0.171,5.97,5.66,7.97,0.15,4.31,3.0,0.0373,0.809,0.517,43.5,30,77,26,400,4.5,11.3,4.7,7.2,6.5,5.6,7.0,4.6,4.2,3.9,5.0,11.9,3.2,7.1,86.7,7.54,4.37
45.4,43.4,47.4,50.4,52.8,48.0,45.9,45.6,46.2,32.5,33.4,31.6,0.564,6.98,0.183,6.34,5.91,8.4,0.158,4.61,3.2,0.0381,0.824,0.549,43.2,30,81,27,400,4.9,10.0,3.7,7.0,5.5,6.5,5.1,5.5,4.5,4.7,5.6,11.5,4.1,7.4,86.0,6.63,4.27
42.2,44.6,39.8,42.8,43.2,42.4,44.2,41.6,46.8,31.6,29.2,34.0,0.609,7.33,0.188,6.64,6.31,8.87,0.165,4.87,3.35,0.037,0.832,0.574,43.0,29,90,27,400,4.9,11.7,3.6,5.4,5.5,6.9,5.5,5.4,5.3,5.1,5.8,11.9,5.0,7.2,89.2,6.52,4.03
41.9,44.0,39.8,42.2,42.2,42.2,44.9,47.0,42.8,29.1,31.6,26.6,0.638,7.67,0.197,6.97,6.54,9.26,0.175,5.04,3.54,0.037,0.845,0.606,42.6,29,88,26,400,4.7,12.2,5.0,3.9,4.5,6.4,5.8,5.1,4.5,4.6,5.1,11.8,3.8,7.0,84.4,6.39,4.64
65.0,64.8,65.2,49.5,49.0,50.0,69.1,67.2,71.0,40.2,41.2,39.2,0.589,6.41,0.177,5.84,5.56,7.87,0.143,4.38,2.99,0.0374,0.807,0.508,95.7,87,210,91,400,75.0,10.0,6.67,5.33,5.33,5.67,7.33,4.67,5.33,4.33,5.0,11.0,3.33,6.67,156.0,1.91,0.735
42.3,41.6,43.0,53.5,54.6,52.4,40.4,40.4,40.4,42.6,41.7,43.5,0.587,6.6,0.178,5.97,5.63,7.89,0.154,4.38,3.03,0.0373,0.812,0.504,78.5,67,200,68,400,54.3,11.6,6.75,5.5,3.75,6.5,6.75,5.88,6.25,6.13,5.75,11.9,4.25,7.5,143.0,5.0,1.95
44.6,45.4,43.8,54.5,56.0,53.0,42.6,41.8,43.4,45.2,46.7,43.7,0.583,6.58,0.179,5.89,5.51,7.96,0.157,4.34,3.04,0.0373,0.815,0.508,69.9,56,95,29,400,22.7,12.6,6.4,5.3,4.1,6.0,5.2,5.5,5.9,6.7,5.8,11.8,4.6,7.7,110.0,8.19,3.51
45.1,45.2,45.0,56.5,58.6,54.4,41.0,41.2,40.8,45.1,43.8,46.4,0.586,6.44,0.178,5.83,5.55,7.95,0.158,4.32,3.06,0.0373,0.812,0.513,65.1,51,110,33,400,4.4,11.8,5.3,5.4,6.5,4.7,4.4,4.3,5.2,6.1,5.3,11.6,4.6,7.9,87.5,10.9,5.19
44.9,41.4,48.4,50.8,50.8,50.8,43.2,46.4,40.0,43.7,44.6,42.8,0.571,6.54,0.176,5.87,5.65,7.95,0.153,4.33,3.0,0.0385,0.259,0.501,60.6,46,98,31,400,4.2,11.1,5.1,6.2,7.3,5.0,5.3,4.3,5.4,4.7,4.8,11.0,4.3,8.0,86.7,14.3,7.21
48.0,47.6,48.4,51.8,51.2,52.4,46.6,46.8,46.4,43.8,43.2,44.4,0.593,6.51,0.181,5.84,5.68,7.93,0.161,4.35,3.01,0.0374,0.255,0.501,57.5,43,91,30,400,3.3,11.0,5.1,6.3,7.1,4.9,6.7,4.4,5.1,5.1,5.2,10.4,4.0,9.0,87.6,15.5,8.15
43.4,44.2,42.6,53.4,54.6,52.2,42.7,44.4,41.0,45.1,45.6,44.6,0.595,6.55,0.186,5.79,5.6,8.09,0.157,4.39,3.04,0.0375,0.257,0.501,55.1,41,85,31,400,3.8,11.3,4.3,6.6,5.9,5.1,7.0,4.8,4.5,6.4,6.3,11.8,4.3,8.9,91.0,15.4,8.38
46.3,45.2,47.4,53.6,54.0,53.2,43.0,41.0,45.0,44.2,44.8,43.6,0.587,6.48,0.182,5.76,5.68,7.88,0.155,4.33,3.06,0.0366,0.256,0.494,53.5,39,88,31,400,3.9,10.6,5.9,5.9,5.0,6.5,5.4,5.7,4.3,5.4,5.8,12.7,4.8,9.0,90.9,14.8,8.36
45.0,47.0,43.0,49.0,48.4,49.6,43.4,43.0,43.8,42.7,44.4,41.0,0.582,6.47,0.18,5.72,5.68,8.03,0.155,4.37,3.06,0.0377,0.257,0.503,52.0,38,89,31,400,3.7,11.6,6.5,5.3,5.7,6.5,3.5,5.2,5.5,6.0,5.4,12.3,4.2,9.3,90.7,15.1,8.26
45.2,42.6,47.8,52.5,53.8,51.2,43.9,44.6,43.2,42.7,42.8,42.6,0.581,6.51,0.18,5.82,5.66,8.0,0.155,4.32,3.04,0.0377,0.261,0.501,50.6,37,86,29,400,3.7,12.3,5.5,5.7,6.3,5.6,5.1,3.8,5.4,5.7,5.8,11.8,3.5,8.3,88.5,13.9,8.1
44.5,43.0,46.0,50.3,52.2,48.4,40.7,38.8,42.6,42.8,42.4,43.2,0.573,6.5,0.18,5.6,5.67,7.85,0.156,4.32,2.98,0.0369,0.257,0.498,50.3,36,93,29,400,3.6,12.1,5.4,4.9,6.0,5.5,6.9,4.0,5.1,4.1,5.5,11.7,4.4,8.1,87.3,14.4,7.82
43.5,44.8,42.2,50.1,50.8,49.4,42.9,41.0,44.8,44.4,44.0,44.8,0.581,6.52,0.184,5.63,5.68,7.9,0.16,4.35,3.03,0.039,0.253,0.507,49.5,36,110,30,400,4.0,11.9,5.0,4.4,5.0,5.5,5.3,5.5,6.0,4.5,6.0,12.2,4.9,7.5,87.7,14.4,8.11
42.3,42.4,42.2,51.3,50.8,51.8,41.1,41.4,40.8,41.8,42.2,41.4,0.57,6.37,0.179,5.61,5.71,8.02,0.153,4.37,3.07,0.0391,0.255,0.505,48.5,35,84,27,400,3.9,11.4,5.6,5.3,4.8,5.6,4.7,5.3,5.6,5.9,5.4,9.7,3.6,7.1,83.9,14.3,7.7
44.8,43.0,46.6,53.4,53.4,53.4,41.9,40.4,43.4,42.7,42.4,43.0,0.55,6.36,0.172,5.48,5.75,7.95,0.152,4.3,2.99,0.0383,0.251,0.501,47.8,35,86,28,400,3.1,12.2,5.2,6.4,4.8,6.5,4.9,4.9,5.1,5.8,5.0,9.6,2.8,6.6,82.9,13.7,7.62
44.6,41.6,47.6,52.1,52.0,52.2,45.4,44.0,46.8,43.7,43.8,43.6,0.533,6.32,0.177,5.56,5.76,7.98,0.155,4.25,3.06,0.0395,0.257,0.499,47.4,35,89,31,400,3.1,11.9,4.1,6.0,5.1,6.3,5.8,4.8,5.3,5.1,5.1,10.3,3.3,8.1,84.3,13.8,7.11
45.4,48.2,42.6,60.8,61.8,59.8,41.7,43.4,40.0,43.0,40.4,45.6,0.539,6.26,0.176,5.53,5.85,8.05,0.153,4.37,3.01,0.0386,0.254,0.498,47.0,34,94,30,400,3.8,11.0,4.7,5.1,5.2,4.7,7.0,5.1,6.0,5.6,4.6,9.5,3.4,9.2,84.9,13.4,7.89
45.7,45.0,46.4,50.8,51.2,50.4,44.4,45.4,43.4,43.1,42.8,43.4,0.552,6.33,0.18,5.53,5.98,8.24,0.161,4.37,3.06,0.038,0.255,0.526,46.5,34,94,30,400,4.1,10.7,7.4,5.1,5.5,4.1,6.3,6.3,5.5,6.0,5.4,11.9,4.1,7.0,89.4,13.7,8.25
44.5,42.2,46.8,51.4,53.4,49.4,42.8,43.0,42.6,43.7,41.8,45.6,0.601,6.68,0.192,5.77,6.34,8.68,0.17,4.57,3.27,0.04,0.266,0.56,46.3,34,94,32,400,3.4,11.5,8.2,4.5,5.4,5.0,6.0,5.9,5.3,5.9,6.1,12.5,4.8,6.3,90.8,13.7,8.65
43.9,45.8,42.0,52.7,51.4,54.0,41.9,40.8,43.0,47.0,45.0,49.0,0.617,7.1,0.199,6.13,6.7,9.13,0.182,4.88,3.43,0.0402,0.28,0.585,45.9,34,90,30,400,3.4,11.5,5.7,4.4,4.2,6.9,6.5,4.7,5.3,5.6,5.7,11.5,4.8,7.5,87.7,14.6,8.8
45.0,44.4,45.6,51.2,53.0,49.4,43.2,40.4,46.0,37.1,37.2,37.0,0.651,7.43,0.207,6.41,6.97,9.48,0.188,5.14,3.62,0.0394,0.29,0.616,45.5,33,88,29,400,3.5,11.8,4.8,5.7,4.5,6.7,6.2,4.2,5.8,6.0,5.1,11.2,4.2,8.1,87.8,14.5,8.75
42.3,44.6,40.0,31.2,35.2,27.2,40.3,37.8,42.8,27.3,25.6,29.0,0.678,7.75,0.214,6.75,7.3,9.94,0.193,5.34,3.77,0.0395,0.302,0.639,45.1,33,85,29,400,4.2,11.4,6.5,4.9,6.1,6.2,5.7,4.4,6.2,6.1,5.4,10.9,3.0,7.1,88.1,12.7,7.94
49.8,51.6,48.0,49.8,52.0,47.6,54.8,55.4,54.2,52.3,51.8,52.8,0.541,6.33,0.174,5.45,5.84,8.02,0.152,4.35,3.07,0.0402,0.256,0.514,101.0,88,240,88,400,62.5,11.7,5.33,5.67,5.67,5.33,5.17,5.0,4.83,4.33,4.5,12.0,4.33,8.67,145.0,5.15,1.64
41.7,42.4,41.0,52.4,54.6,50.2,39.5,39.0,40.0,54.2,54.0,54.4,0.527,6.35,0.17,5.47,5.85,7.91,0.151,4.27,3.06,0.0403,0.251,0.519,83.9,64,240,68,400,43.6,12.3,5.7,5.6,5.3,5.8,6.3,5.3,6.7,5.6,5.7,12.3,4.0,8.4,133.0,8.8,4.15
42.9,41.2,44.6,52.6,53.4,51.8,42.5,39.6,45.4,52.7,51.4,54.0,0.52,6.3,0.169,5.42,5.76,8.07,0.152,4.36,3.01,0.0393,0.252,0.516,75.0,54,93,28,400,7.8,11.3,5.7,5.5,3.9,5.0,5.7,5.6,5.7,5.4,6.4,10.1,3.2,6.7,88.0,13.5,6.29
42.0,42.8,41.2,51.6,53.6,49.6,42.4,44.0,40.8,52.4,54.0,50.8,0.514,6.23,0.166,5.47,5.66,7.89,0.15,4.21,2.95,0.0402,0.251,0.505,68.3,46,93,30,400,3.2,11.3,5.9,6.1,5.6,5.4,4.9,5.8,3.9,4.5,4.9,9.6,3.4,9.0,83.5,17.5,8.22
43.7,45.0,42.4,54.0,57.0,51.0,42.8,41.0,44.6,52.0,50.8,53.2,0.501,6.24,0.167,5.37,5.71,7.85,0.146,4.3,2.98,0.0394,0.247,0.502,64.1,43,89,30,400,4.8,10.0,5.3,6.2,5.9,4.6,4.1,4.7,5.3,5.0,4.2,9.9,3.1,9.8,82.9,20.4,10.3
45.9,44.4,47.4,52.7,52.8,52.6,45.7,46.2,45.2,49.2,46.4,52.0,0.507,6.2,0.168,5.52,5.71,8.04,0.147,4.31,3.04,0.0405,0.251,0.519,60.4,40,92,30,400,5.4,9.9,4.5,6.2,5.5,5.5,4.4,5.1,5.4,5.7,6.3,10.9,3.1,7.8,85.7,19.8,10.7
45.0,45.2,44.8,54.5,55.8,53.2,42.7,42.2,43.2,52.6,51.0,54.2,0.505,6.19,0.168,5.41,5.77,7.95,0.149,4.3,3.01,0.0386,0.254,0.522,57.7,39,84,30,400,3.9,10.4,4.1,6.8,5.4,7.9,5.9,5.2,5.1,5.3,6.2,12.4,4.2,7.1,89.9,19.2,10.1
41.6,43.4,39.8,51.8,53.8,49.8,41.6,43.2,40.0,50.2,49.6,50.8,0.52,6.31,0.168,5.49,5.65,7.88,0.149,4.22,3.01,0.0385,0.251,0.517,55.7,37,81,29,400,3.6,10.0,5.2,7.1,5.6,6.7,5.9,5.2,5.1,5.3,6.1,13.3,4.8,7.1,91.0,19.2,9.72
45.5,46.2,44.8,53.3,53.6,53.0,57.0,58.8,55.2,51.2,52.0,50.4,0.532,6.29,0.174,5.56,5.77,7.94,0.152,4.27,3.07,0.0405,0.778,0.53,54.8,38,94,33,400,3.7,10.0,5.3,5.9,6.0,5.4,5.2,6.0,4.8,5.2,5.7,11.6,4.4,7.5,86.7,18.5,10.2
42.0,40.2,43.8,54.4,54.4,54.4,43.3,44.4,42.2,50.3,47.6,53.0,0.519,6.28,0.171,5.56,5.58,7.93,0.151,4.31,2.99,0.0386,0.779,0.538,53.4,36,95,34,400,2.8,10.3,5.5,5.4,5.0,5.0,5.4,6.1,5.3,6.1,4.3,12.4,4.0,6.6,84.2,19.4,9.67
42.6,44.0,41.2,58.0,57.4,58.6,42.3,41.2,43.4,51.2,52.0,50.4,0.524,6.31,0.169,5.53,5.57,7.83,0.149,4.32,3.09,0.0396,0.779,0.542,52.2,36,85,29,400,2.8,11.7,5.0,5.8,4.9,5.3,5.2,6.0,4.8,6.4,4.8,12.9,3.5,7.1,86.2,18.9,9.83
43.9,43.4,44.4,58.9,59.8,58.0,42.6,41.4,43.8,51.3,48.4,54.2,0.511,6.3,0.169,5.53,5.56,7.85,0.145,4.3,3.01,0.0406,0.78,0.533,51.1,35,87,28,400,3.5,11.8,4.5,5.4,6.3,5.8,6.3,5.2,4.1,5.9,5.4,11.6,3.5,7.5,86.8,19.5,10.1
45.4,45.0,45.8,57.2,59.0,55.4,44.8,43.6,46.0,53.0,52.6,53.4,0.492,6.3,0.163,5.65,5.47,7.79,0.142,4.3,2.97,0.0397,0.776,0.534,50.5,35,93,31,400,3.9,10.1,5.8,5.4,6.0,6.1,7.0,5.4,4.5,6.0,5.2,11.7,3.6,6.8,87.5,19.7,11.2
43.1,44.2,42.0,54.5,56.0,53.0,44.7,46.6,42.8,50.5,48.2,52.8,0.515,6.25,0.164,5.6,5.42,7.78,0.142,4.25,3.03,0.0389,0.776,0.536,49.9,35,92,34,400,4.0,11.9,6.0,5.3,5.5,6.0,5.9,5.8,4.8,6.5,5.6,11.5,4.0,7.6,90.4,19.8,11.1
44.7,45.2,44.2,55.3,55.0,55.6,42.9,43.0,42.8,49.0,49.8,48.2,0.505,6.29,0.167,5.7,5.51,7.91,0.143,4.23,3.01,0.0399,0.777,0.533,49.3,35,90,31,400,3.4,12.2,5.0,5.1,5.3,5.1,4.7,5.3,5.6,5.8,5.6,10.9,4.0,8.7,86.7,18.4,11.5
40.0,40.6,39.4,56.5,59.6,53.4,42.5,41.2,43.8,50.5,47.8,53.2,0.513,6.26,0.165,5.67,5.47,7.89,0.143,4.32,3.02,0.04,0.778,0.541,49.0,35,95,33,400,3.4,11.1,5.5,5.3,4.5,4.9,4.4,6.5,6.7,4.1,5.8,11.6,3.7,9.2,86.7,19.3,10.9
44.5,44.2,44.8,56.4,58.0,54.8,44.0,45.4,42.6,50.6,47.6,53.6,0.528,6.52,0.172,5.88,5.77,8.21,0.15,4.41,3.16,0.0403,0.785,0.565,48.4,35,89,31,400,3.1,10.1,5.9,5.2,5.3,4.9,5.4,6.0,7.2,5.3,6.2,11.5,3.4,7.5,87.0,19.4,11.2
44.3,43.8,44.8,55.9,57.2,54.6,42.9,42.2,43.6,53.3,53.3,53.3,0.571,6.87,0.18,6.15,6.11,8.64,0.157,4.76,3.32,0.0414,0.796,0.606,48.2,34,98,31,400,2.4,10.6,4.7,5.9,6.5,5.4,6.0,4.8,6.1,6.9,5.7,10.3,3.6,6.6,85.5,19.0,10.2
44.5,43.2,45.8,53.2,53.0,53.4,45.0,44.6,45.4,50.1,47.7,52.5,0.59,7.18,0.185,6.58,6.36,9.08,0.163,4.97,3.49,0.0408,0.807,0.631,47.9,34,95,33,400,2.7,12.0,5.3,5.5,6.4,6.1,5.6,6.1,4.9,6.0,5.2,11.1,3.8,7.9,88.6,18.3,9.83
45.2,46.2,44.2,52.9,54.6,51.2,44.1,44.0,44.2,52.4,52.2,52.6,0.629,7.51,0.196,6.92,6.74,9.48,0.174,5.26,3.68,0.0409,0.819,0.674,47.5,34,91,33,400,3.8,10.2,5.8,5.7,5.4,6.3,4.7,6.4,5.0,5.6,5.2,11.6,3.6,8.7,88.0,20.3,9.58
43.5,43.4,43.6,52.5,53.8,51.2,42.6,44.6,40.6,49.9,46.8,53.0,0.654,7.95,0.202,7.25,6.96,10.0,0.183,5.53,3.86,0.0422,0.829,0.706,47.2,34,90,30,400,4.2,10.1,5.6,6.6,5.6,7.2,4.3,5.7,5.2,6.3,4.8,11.7,4.0,7.1,88.4,19.6,10.4
45.0,45.0,45.0,50.5,54.4,46.6,45.1,45.2,45.0,46.7,45.2,48.2,0.683,8.23,0.21,7.53,7.41,10.3,0.19,5.8,3.99,0.0412,0.841,0.739,46.9,34,90,30,400,4.6,10.9,5.7,6.3,6.0,6.3,3.4,5.9,6.0,5.8,4.1,11.0,3.1,6.8,85.9,19.6,10.0
42.0,39.2,44.8,31.9,31.2,32.6,42.4,41.6,43.2,29.6,27.0,32.2,0.713,8.36,0.21,7.55,7.37,9.96,0.191,5.9,4.17,0.0405,0.844,0.743,46.5,34,90,29,400,4.3,11.4,5.8,5.8,6.4,4.3,4.3,6.1,5.4,5.2,4.9,11.4,3.2,7.8,86.3,16.5,9.75
48.4,47.6,49.2,55.7,56.2,55.2,54.6,54.4,54.8,61.9,61.6,62.2,0.528,6.42,0.166,5.9,5.53,7.98,0.146,4.46,3.08,0.0406,0.779,0.551,100.0,83,260,84,400,63.8,9.5,5.0,7.0,5.0,6.0,5.5,5.17,6.17,6.33,5.0,11.2,3.17,8.67,148.0,7.46,2.45
43.8,44.8,42.8,59.6,60.2,59.0,42.1,43.4,40.8,64.3,62.6,66.0,0.522,6.37,0.164,5.96,5.38,7.92,0.143,4.4,3.09,0.0408,0.251,0.541,83.3,59,260,66,400,41.5,10.7,5.7,7.5,4.8,5.9,6.2,4.9,5.9,6.1,5.6,12.0,4.1,8.9,130.0,12.9,5.54
40.4,39.6,41.2,59.3,59.6,59.0,44.6,43.2,46.0,61.3,60.2,62.4,0.536,6.31,0.162,5.92,5.41,7.92,0.142,4.4,3.13,0.0418,0.249,0.543,74.6,51,93,31,400,5.6,12.2,6.0,6.8,4.7,5.2,5.7,4.4,4.8,5.1,5.2,12.0,4.4,7.4,89.5,18.5,7.96
43.8,45.2,42.4,60.8,62.6,59.0,44.7,44.2,45.2,61.8,63.0,60.6,0.524,6.44,0.163,6.01,5.41,8.01,0.142,4.33,3.04,0.041,0.249,0.543,68.2,46,95,32,400,2.9,13.2,5.7,5.4,5.8,5.2,5.1,5.9,5.8,4.4,5.1,11.3,3.8,8.7,88.3,23.1,11.2
42.0,40.8,43.2,55.8,58.0,53.6,41.8,42.4,41.2,60.7,60.8,60.6,0.527,6.37,0.163,6.06,5.31,7.9,0.144,4.37,3.08,0.0405,0.251,0.539,64.4,43,90,32,400,3.3,11.8,5.4,4.0,5.7,5.5,5.4,6.8,6.3,5.1,4.5,9.9,3.1,9.1,85.9,27.9,13.8
42.8,43.2,42.4,61.9,61.8,62.0,44.6,42.4,46.8,63.2,61.2,65.2,0.527,6.31,0.167,6.03,5.32,7.81,0.146,4.41,3.13,0.04,0.253,0.536,61.0,41,88,32,400,4.9,10.3,5.3,5.0,5.6,5.5,6.0,6.4,5.1,5.8,5.1,10.9,3.7,6.6,86.2,27.3,13.7
43.3,44.2,42.4,58.3,62.0,54.6,43.1,43.8,42.4,61.7,60.5,62.9,0.524,6.23,0.165,6.05,5.32,7.95,0.144,4.37,3.07,0.0423,0.251,0.549,58.8,40,92,30,400,4.5,11.0,5.7,5.3,5.1,4.7,4.7,5.6,5.3,5.9,5.7,11.8,4.1,6.6,86.0,27.7,14.8
41.5,41.2,41.8,57.4,59.2,55.6,44.3,44.4,44.2,63.0,61.5,64.5,0.541,6.34,0.166,6.06,5.23,7.79,0.146,4.45,3.07,0.0425,0.248,0.553,56.4,38,92,28,400,3.4,11.2,6.0,4.7,4.6,4.7,4.5,5.6,6.8,6.1,4.8,11.9,4.5,8.1,86.9,26.8,15.3
42.2,41.4,43.0,60.1,61.0,59.2,41.6,42.0,41.2,60.1,60.6,59.6,0.532,6.37,0.168,6.02,5.25,7.84,0.147,4.37,3.12,0.0414,0.249,0.55,54.7,37,90,27,400,4.8,9.9,5.3,5.2,4.9,5.0,5.1,6.2,5.6,5.9,5.6,11.3,4.7,7.8,87.3,26.9,14.9
44.4,44.6,44.2,59.8,61.4,58.2,44.4,44.6,44.2,62.4,61.2,63.6,0.546,6.34,0.171,6.11,5.2,7.86,0.149,4.39,3.09,0.0404,0.253,0.555,53.7,36,93,30,400,4.9,10.9,4.6,5.8,5.5,5.6,4.6,6.6,4.1,5.6,6.1,12.0,3.8,7.1,87.2,26.2,14.6
43.0,44.6,41.4,56.9,58.2,55.6,42.3,39.6,45.0,59.8,57.0,62.6,0.545,6.24,0.174,6.14,5.16,7.91,0.154,4.35,3.06,0.0413,0.252,0.544,53.4,36,110,34,400,3.1,11.4,4.3,6.0,5.6,6.0,4.5,5.6,5.8,5.2,6.7,12.2,4.3,6.5,87.2,26.2,15.8
41.8,42.0,41.6,56.1,57.2,55.0,42.2,41.6,42.8,61.2,59.6,62.8,0.546,6.35,0.173,6.06,5.23,7.78,0.153,4.39,3.11,0.0403,0.253,0.554,52.7,36,120,32,400,3.1,11.6,5.0,5.7,5.3,6.1,4.7,5.0,7.5,5.7,6.3,10.9,4.5,6.7,88.1,26.6,14.6
42.1,41.8,42.4,57.6,61.2,54.0,42.8,44.6,41.0,60.9,60.0,61.8,0.539,6.23,0.172,6.05,5.15,7.86,0.151,4.32,3.1,0.0413,0.249,0.539,51.9,35,100,30,400,4.1,12.4,5.4,5.3,4.6,5.4,4.7,5.3,6.8,5.7,4.8,9.6,4.0,6.5,84.6,26.1,14.2
42.3,45.2,39.4,59.9,62.0,57.8,43.8,43.8,43.8,61.9,63.4,60.4,0.546,6.1,0.172,6.1,5.18,7.75,0.148,4.25,3.11,0.0402,0.253,0.545,51.2,35,98,29,400,3.4,11.9,5.5,6.0,5.0,4.9,4.9,5.6,5.7,5.5,5.2,9.9,3.8,6.5,83.8,28.1,14.9
44.1,44.4,43.8,59.4,61.0,57.8,43.0,43.6,42.4,61.7,60.0,63.4,0.539,6.17,0.17,6.16,5.05,7.77,0.149,4.28,3.15,0.0414,0.25,0.533,50.7,35,97,31,400,3.4,12.0,6.5,5.6,6.0,5.7,5.7,5.4,5.5,5.0,5.0,10.5,3.0,7.1,86.4,26.6,15.1
44.4,41.8,47.0,58.7,61.0,56.4,46.8,46.6,47.0,63.0,64.2,61.8,0.553,6.27,0.177,6.25,5.16,7.88,0.15,4.37,3.09,0.0411,0.254,0.558,50.2,35,95,33,400,4.5,12.2,6.5,5.4,5.9,6.6,4.8,4.6,6.1,4.7,4.8,10.7,3.4,7.3,87.5,28.0,14.9
41.5,41.8,41.2,60.9,63.8,58.0,42.9,41.6,44.2,63.1,63.2,63.0,0.562,6.45,0.179,6.42,5.34,8.16,0.155,4.53,3.19,0.0416,0.261,0.584,49.6,34,93,30,400,5.2,11.6,5.8,5.1,4.9,6.7,5.0,4.2,5.7,5.8,4.7,12.6,4.7,7.4,89.4,26.5,15.0
44.8,47.2,42.4,60.1,59.6,60.6,42.6,41.0,44.2,62.7,63.8,61.6,0.59,6.78,0.186,6.69,5.63,8.64,0.161,4.75,3.38,0.0427,0.272,0.62,49.3,34,100,31,400,4.0,11.9,6.7,5.2,4.9,5.9,5.7,5.2,5.1,5.5,5.5,13.3,4.2,6.1,89.2,27.0,15.0
42.1,40.4,43.8,60.7,63.0,58.4,44.2,44.6,43.8,58.0,55.3,60.7,0.627,7.03,0.195,7.09,5.93,9.02,0.171,5.04,3.56,0.042,0.285,0.652,49.0,34,110,33,400,2.9,10.5,6.6,6.8,5.4,5.9,5.0,6.0,5.0,5.1,6.2,12.6,3.1,5.4,86.5,26.5,15.0
42.9,40.6,45.2,46.0,46.4,45.6,44.8,46.6,43.0,41.0,41.2,40.8,0.668,7.48,0.206,7.46,6.23,9.45,0.18,5.32,3.73,0.0411,0.291,0.687,48.7,34,100,32,400,3.2,11.2,4.7,6.7,5.8,5.0,5.3,5.5,5.5,5.8,5.1,11.9,3.7,7.3,86.7,25.2,15.5
65.0,64.2,65.8,60.0,62.2,57.8,73.2,72.4,74.0,62.7,63.0,62.4,0.541,6.29,0.18,5.97,5.22,7.83,0.156,4.44,3.13,0.0404,0.253,0.569,112.0,96,250,99,400,68.0,9.33,5.33,7.0,4.0,4.0,4.33,4.33,4.33,5.33,5.0,11.0,4.0,7.67,144.0,7.03,1.6
41.0,42.8,39.2,56.0,59.0,53.0,39.6,41.2,38.0,68.1,67.4,68.8,0.575,6.24,0.177,6.15,5.15,7.95,0.154,4.35,3.09,0.0412,0.255,0.559,91.5,74,230,73,400,54.1,10.4,5.75,6.88,5.0,4.75,6.0,5.5,5.25,5.75,6.5,12.0,4.25,8.25,140.0,13.5,5.22
43.7,45.0,42.4,57.4,57.2,57.6,42.2,44.6,39.8,71.1,72.6,69.6,0.574,6.27,0.179,6.09,5.22,7.81,0.153,4.43,3.13,0.0412,0.253,0.552,81.0,63,100,31,400,24.6,12.2,5.9,5.6,5.4,5.7,5.9,6.1,5.4,5.2,6.2,11.5,3.9,8.9,113.0,20.0,7.94
42.6,40.6,44.6,66.7,67.4,66.0,43.2,40.2,46.2,60.3,61.7,58.9,0.568,6.19,0.18,6.02,5.22,7.79,0.154,4.38,3.1,0.04,0.255,0.553,74.5,57,120,35,400,3.0,11.9,5.5,5.3,4.8,5.5,4.3,6.4,5.8,5.1,4.9,10.8,4.2,8.6,86.1,25.8,11.0
42.8,43.8,41.8,58.2,61.0,55.4,43.9,41.6,46.2,66.8,68.8,64.8,0.584,6.2,0.178,6.08,5.16,7.77,0.16,4.41,3.06,0.041,0.256,0.565,69.7,53,110,35,400,3.3,11.0,5.3,5.8,6.2,5.5,4.8,5.8,7.0,4.9,5.3,11.3,4.7,6.9,87.8,29.6,15.4
44.0,45.6,42.4,58.4,58.6,58.2,42.2,42.0,42.4,70.6,69.5,71.7,0.585,6.22,0.18,6.01,5.19,7.79,0.159,4.4,3.12,0.0419,0.253,0.564,65.8,49,93,33,400,3.8,11.7,5.4,5.0,7.1,6.5,5.7,5.4,6.1,4.2,6.3,12.9,5.3,5.2,90.6,32.6,16.7
43.2,43.2,43.2,61.8,62.0,61.6,55.8,51.4,60.2,64.2,61.6,66.8,0.581,6.29,0.181,6.11,5.2,7.73,0.156,4.33,3.17,0.0409,0.757,0.572,63.1,46,97,33,400,3.0,10.6,6.4,5.8,5.8,6.4,5.0,5.3,4.6,4.9,5.4,12.9,5.6,5.7,87.4,31.4,15.4
43.5,43.0,44.0,56.3,56.2,56.4,43.1,45.2,41.0,62.6,65.8,59.4,0.586,6.16,0.185,5.99,5.18,7.93,0.156,4.29,3.11,0.0417,0.757,0.572,61.3,44,110,32,400,2.1,9.9,7.9,5.9,5.8,5.9,4.1,5.0,4.8,5.9,5.0,10.9,4.3,6.7,84.2,30.8,16.8
44.2,46.0,42.4,56.0,57.6,54.4,41.4,41.0,41.8,68.3,69.6,67.0,0.58,6.25,0.179,6.01,5.14,7.84,0.156,4.3,3.11,0.0398,0.756,0.569,59.7,42,110,33,400,2.1,10.3,6.5,6.0,6.3,6.4,4.4,5.9,5.2,5.2,5.3,10.5,3.7,7.7,85.5,31.9,16.3
43.5,44.2,42.8,60.0,62.4,57.6,44.3,43.6,45.0,64.4,62.8,66.0,0.575,6.25,0.181,5.99,5.24,7.91,0.158,4.37,3.09,0.0407,0.754,0.566,58.9,42,120,33,400,3.4,12.4,4.5,5.6,5.5,6.5,5.2,6.5,4.8,4.7,4.1,10.9,3.4,8.0,85.5,30.4,14.5
42.0,41.4,42.6,59.4,61.8,57.0,41.1,43.2,39.0,65.7,65.8,65.6,0.593,6.23,0.184,5.85,5.22,7.93,0.158,4.38,3.05,0.0406,0.755,0.574,57.3,41,110,31,400,4.3,12.9,4.2,4.8,5.8,4.0,5.9,6.1,4.4,5.2,5.1,10.2,3.2,7.5,83.6,29.5,15.3
42.4,39.6,45.2,58.5,58.6,58.4,46.3,46.0,46.6,68.5,69.0,68.0,0.566,6.14,0.175,5.82,5.21,7.7,0.155,4.24,3.06,0.0421,0.753,0.561,56.3,40,90,32,400,4.2,10.8,4.2,5.6,6.2,3.6,6.7,5.2,5.7,5.6,5.9,10.6,3.9,7.8,86.0,30.8,15.8
44.1,43.4,44.8,61.3,63.2,59.4,42.9,41.0,44.8,63.6,61.6,65.6,0.568,6.18,0.176,5.82,5.26,7.86,0.154,4.27,3.1,0.0407,0.75,0.561,55.3,40,97,33,400,5.1,10.9,3.7,5.9,5.3,4.7,5.2,5.2,6.7,6.0,5.4,9.7,3.6,8.3,85.7,31.8,14.3
40.8,43.8,37.8,58.8,62.2,55.4,40.6,40.6,40.6,61.8,64.8,58.8,0.566,6.16,0.178,5.87,5.22,7.66,0.154,4.3,3.05,0.0397,0.752,0.548,54.6,39,92,32,400,4.9,10.9,4.6,5.5,5.2,4.9,4.9,5.3,5.7,6.0,5.4,8.8,2.8,9.1,84.0,29.9,15.6
43.5,43.4,43.6,57.6,61.0,54.2,43.0,41.4,44.6,69.3,66.2,72.4,0.546,6.18,0.172,5.75,5.28,7.79,0.149,4.22,3.04,0.0404,0.748,0.545,53.7,39,95,33,400,4.1,11.1,5.2,5.1,5.0,5.6,6.1,5.1,5.4,5.5,4.6,9.0,2.6,7.7,82.1,32.4,15.6
47.2,48.4,46.0,66.9,68.0,65.8,44.5,41.8,47.2,65.1,65.2,65.0,0.534,6.17,0.168,5.76,5.29,7.79,0.146,4.2,3.04,0.0404,0.751,0.545,52.8,38,85,31,400,5.0,11.3,4.9,5.8,5.0,5.6,5.4,5.7,6.3,4.6,4.5,9.9,2.4,6.3,82.7,31.2,15.1
40.6,37.4,43.8,58.8,60.6,57.0,42.8,44.8,40.8,62.3,60.4,64.2,0.52,6.23,0.168,5.79,5.35,7.76,0.146,4.28,3.04,0.0406,0.747,0.558,52.6,38,110,32,400,4.6,10.9,5.0,5.7,5.3,5.4,5.6,6.0,5.8,5.1,5.7,12.2,2.9,7.3,87.5,29.7,16.7
44.6,44.2,45.0,56.6,56.2,57.0,43.2,42.2,44.2,70.7,69.8,71.6,0.548,6.52,0.172,6.08,5.66,8.24,0.152,4.44,3.18,0.0397,0.76,0.59,52.1,38,110,35,400,3.3,11.7,3.9,5.3,4.8,5.2,5.5,5.3,5.6,6.0,7.0,10.1,3.1,8.2,85.0,30.3,17.1
42.6,40.2,45.0,62.5,63.0,62.0,46.2,44.0,48.4,68.9,66.4,71.4,0.58,6.86,0.183,6.5,5.95,8.64,0.16,4.71,3.36,0.0408,0.77,0.624,51.6,38,97,34,400,4.0,10.8,3.9,5.5,4.2,5.0,5.8,5.0,6.4,5.6,6.2,9.7,3.1,9.4,84.6,29.9,15.7
42.0,41.8,42.2,58.9,60.0,57.8,44.8,45.0,44.6,59.0,57.8,60.2,0.615,7.2,0.19,6.86,6.28,9.05,0.17,5.0,3.57,0.0403,0.782,0.655,51.1,37,92,31,400,4.7,10.3,5.3,5.3,5.6,5.2,5.5,5.5,5.8,5.5,4.9,10.9,3.4,8.1,86.0,29.1,16.6
40.7,37.8,43.6,28.4,29.0,27.8,42.2,41.4,43.0,35.0,38.0,32.0,0.647,7.56,0.197,7.18,6.58,9.5,0.177,5.29,3.76,0.0415,0.792,0.678,50.7,36,97,29,400,3.6,10.8,6.2,6.2,6.3,5.7,5.9,5.4,4.5,6.5,5.3,11.6,4.0,6.9,88.9,27.2,16.6
30.2,29.8,30.6,46.4,44.4,48.4,29.9,31.2,28.6,38.5,37.6,39.4,0.154,2.29,0.0732,1.94,1.79,2.49,0.0479,1.42,0.991,0.0395,0.592,0.175,37.5,29,87,27,200,36.3,4.83,3.33,4.33,3.67,4.67,4.5,3.0,2.5,3.5,3.67,7.33,3.17,4.83,89.7,3.01,0.824
33.1,33.4,32.8,37.2,34.8,39.6,34.1,32.4,35.8,36.1,36.6,35.6,0.16,2.38,0.0739,2.04,1.92,2.66,0.0486,1.44,1.01,0.0402,0.596,0.186,35.5,28,85,25,200,18.1,4.2,3.2,2.8,3.2,3.5,3.2,3.3,2.7,3.2,3.1,6.4,2.4,4.3,63.6,5.08,1.67
32.8,33.4,32.2,38.7,36.8,40.6,32.1,33.4,30.8,33.6,32.0,35.2,0.173,2.45,0.0805,2.07,1.98,2.71,0.0524,1.49,1.04,0.041,0.598,0.197,34.4,27,66,23,200,1.5,5.2,3.0,1.5,2.8,2.4,1.5,2.9,2.5,2.8,2.7,5.4,1.4,3.5,39.1,6.52,3.13
33.0,30.6,35.4,38.0,35.0,41.0,33.0,30.4,35.6,33.7,30.6,36.8,0.181,2.51,0.0798,2.21,2.07,2.82,0.0546,1.6,1.11,0.04,0.601,0.2,33.8,26,65,22,200,1.6,6.0,2.8,1.6,3.4,2.8,3.2,2.4,3.1,3.1,3.1,5.8,2.1,3.7,44.7,8.18,3.8
32.5,31.4,33.6,35.8,34.8,36.8,34.0,34.4,33.6,34.0,32.8,35.2,0.179,2.61,0.0798,2.27,2.14,2.88,0.0535,1.65,1.14,0.039,0.605,0.202,33.5,26,75,23,200,1.7,5.5,2.5,2.0,3.5,3.4,3.6,2.2,3.5,3.1,2.5,6.0,2.2,3.5,45.2,9.49,4.41
33.0,32.0,34.0,39.5,39.0,40.0,32.3,29.6,35.0,36.3,34.6,38.0,0.185,2.7,0.0828,2.35,2.23,3.04,0.0548,1.69,1.18,0.0401,0.607,0.21,33.0,25,74,23,200,2.3,6.1,3.0,3.0,2.5,3.6,2.6,2.3,2.1,2.6,2.3,5.1,1.3,4.5,43.3,8.44,5.0
33.1,32.2,34.0,38.6,39.6,37.6,31.6,30.2,33.0,36.1,37.0,35.2,0.188,2.78,0.0831,2.43,2.36,3.15,0.0575,1.79,1.23,0.0408,0.612,0.223,32.9,25,71,24,200,2.2,6.9,3.3,3.1,2.0,3.0,3.0,2.6,2.0,2.1,2.3,5.1,1.1,5.0,43.7,8.64,4.99
34.0,32.4,35.6,37.4,37.2,37.6,36.1,32.8,39.4,34.4,36.2,32.6,0.198,2.88,0.0851,2.58,2.4,3.29,0.0588,1.84,1.27,0.0397,0.614,0.228,32.9,25,81,24,200,2.0,6.4,3.3,2.9,2.1,2.4,2.3,2.3,2.9,2.4,3.0,6.0,1.2,3.6,42.8,8.78,4.35
34.4,34.4,34.4,37.6,35.6,39.6,32.5,29.0,36.0,31.4,33.0,29.8,0.196,2.96,0.0847,2.68,2.46,3.4,0.06,1.91,1.29,0.0394,0.616,0.236,32.6,25,76,23,200,2.8,5.8,3.2,2.6,2.8,2.6,1.6,2.1,2.8,2.7,3.2,6.2,1.7,3.7,43.8,8.27,4.42
32.2,34.2,30.2,39.1,39.0,39.2,33.3,31.6,35.0,32.9,34.2,31.6,0.213,3.0,0.0882,2.74,2.55,3.48,0.0643,1.96,1.34,0.0404,0.621,0.243,32.5,25,70,23,200,2.5,4.2,3.3,2.6,3.8,2.6,2.4,2.0,2.5,3.7,2.6,6.5,2.3,4.1,45.1,7.77,4.51
34.0,32.2,35.8,34.8,38.6,31.0,32.2,29.4,35.0,33.1,31.4,34.8,0.217,3.15,0.0879,2.82,2.69,3.56,0.0633,2.05,1.39,0.0394,0.623,0.252,32.3,24,74,23,200,2.1,4.9,3.3,3.3,3.4,2.8,2.8,2.2,2.6,3.5,2.2,5.8,1.8,3.4,44.1,8.08,4.0
33.0,35.0,31.0,39.4,39.8,39.0,33.3,35.6,31.0,33.9,32.4,35.4,0.22,3.23,0.089,2.92,2.7,3.68,0.0662,2.1,1.4,0.0392,0.624,0.251,32.2,24,63,23,200,2.2,5.5,3.4,3.7,1.9,3.1,2.5,2.1,2.8,2.3,2.1,5.1,1.6,3.7,42.0,7.07,4.14
33.3,35.4,31.2,44.9,47.0,42.8,32.6,29.2,36.0,34.2,33.4,35.0,0.223,3.28,0.0911,3.05,2.78,3.72,0.0679,2.14,1.44,0.0391,0.629,0.26,31.9,24,63,23,200,2.5,4.9,3.2,3.9,1.6,3.1,2.5,2.1,2.1,2.2,3.1,4.9,1.6,3.9,41.6,7.52,4.09
32.4,30.8,34.0,37.8,35.2,40.4,32.9,30.8,35.0,33.2,33.0,33.4,0.238,3.35,0.0923,3.11,2.88,3.82,0.0694,2.22,1.5,0.039,0.161,0.263,32.2,24,77,23,200,2.6,6.5,2.6,3.7,1.6,3.0,1.9,3.3,1.9,2.9,3.4,5.8,1.8,3.4,44.4,7.71,4.66
31.3,32.4,30.2,36.3,34.8,37.8,33.7,32.2,35.2,33.0,32.8,33.2,0.245,3.43,0.0952,3.16,2.92,3.91,0.0707,2.24,1.52,0.0389,0.164,0.266,31.8,24,76,23,200,2.3,6.3,2.6,3.0,2.2,2.2,1.9,3.2,2.7,3.2,2.5,6.1,1.7,2.9,42.8,7.85,4.6
33.1,33.2,33.0,38.3,37.2,39.4,34.7,33.8,35.6,34.7,36.8,32.6,0.258,3.49,0.0989,3.24,2.99,3.99,0.0744,2.33,1.55,0.0396,0.165,0.273,31.7,24,65,22,200,1.8,4.5,2.8,2.8,3.0,2.1,3.3,3.0,3.5,3.0,2.8,5.1,2.1,3.3,43.1,7.39,4.95
32.5,33.8,31.2,38.4,37.8,39.0,32.9,32.0,33.8,33.6,33.4,33.8,0.266,3.67,0.101,3.4,3.11,4.19,0.0768,2.44,1.65,0.0398,0.171,0.29,31.6,24,65,23,200,1.3,4.9,2.9,2.2,2.9,2.6,4.0,2.9,3.5,3.0,2.9,5.2,2.7,3.9,44.9,7.46,4.53
32.4,28.8,36.0,38.1,36.0,40.2,32.5,28.8,36.2,33.9,36.2,31.6,0.285,3.83,0.106,3.56,3.29,4.41,0.0823,2.6,1.74,0.0389,0.176,0.303,31.6,24,73,24,200,1.8,6.5,2.8,2.0,2.5,2.7,3.1,2.3,2.8,2.4,3.1,5.4,2.2,2.9,42.5,6.87,4.51
31.1,32.6,29.6,37.7,42.6,32.8,32.5,33.6,31.4,31.2,33.2,29.2,0.296,4.02,0.109,3.75,3.46,4.65,0.085,2.73,1.83,0.0389,0.181,0.317,31.6,24,73,23,200,1.5,5.9,3.1,2.6,3.1,3.2,2.3,2.0,3.2,2.5,3.7,5.4,1.4,3.1,43.0,6.87,4.17
36.6,38.6,34.6,27.9,23.6,32.2,37.7,37.2,38.2,24.9,22.6,27.2,0.312,4.21,0.112,3.95,3.64,4.88,0.0882,2.88,1.93,0.0389,0.189,0.333,31.6,24,76,23,200,1.1,6.1,3.1,2.9,3.0,3.0,2.2,2.5,3.1,3.1,3.0,4.9,0.9,3.2,42.1,5.96,3.86
32.8,29.4,36.2,43.5,41.8,45.2,37.1,37.6,36.6,43.4,45.0,41.8,0.255,3.51,0.096,3.26,3.02,4.04,0.073,2.36,1.6,0.0385,0.164,0.273,38.5,29,94,28,200,35.2,6.5,3.67,3.17,2.83,4.33,3.17,2.83,2.83,2.17,3.5,5.83,1.83,5.33,83.2,3.92,1.47
32.1,35.2,29.0,40.6,39.6,41.6,31.7,28.6,34.8,44.4,45.4,43.4,0.266,3.53,0.0985,3.25,3.0,4.02,0.0751,2.42,1.61,0.0385,0.165,0.27,37.3,28,98,30,200,20.8,5.8,3.1,3.7,3.0,4.2,2.7,3.7,3.1,1.7,3.5,6.3,2.2,4.4,68.2,6.12,3.09
33.4,32.4,34.4,43.8,44.8,42.8,34.3,33.8,34.8,45.5,42.6,48.4,0.268,3.45,0.0999,3.3,2.95,4.03,0.075,2.38,1.61,0.0375,0.164,0.265,35.9,27,77,24,200,1.2,5.0,1.9,4.1,2.5,3.0,2.6,3.0,3.1,1.8,2.8,5.3,2.1,3.3,41.7,9.75,4.5
33.3,31.4,35.2,43.2,43.4,43.0,32.3,30.4,34.2,44.1,42.8,45.4,0.264,3.48,0.0991,3.26,2.96,4.04,0.0755,2.4,1.61,0.0386,0.163,0.265,35.0,26,68,23,200,1.6,5.7,1.9,3.5,2.1,2.7,3.9,2.4,2.9,2.9,2.1,5.0,1.7,4.6,43.0,12.8,5.74
34.0,33.6,34.4,41.4,40.8,42.0,34.1,35.0,33.2,42.6,40.6,44.6,0.266,3.44,0.102,3.25,2.99,3.97,0.0779,2.37,1.59,0.0376,0.162,0.271,34.7,26,72,25,200,1.2,5.6,2.4,3.1,2.5,2.8,3.5,3.0,2.5,2.9,1.8,5.5,1.6,3.9,42.3,14.6,7.2
31.4,30.6,32.2,45.1,45.4,44.8,33.4,32.6,34.2,44.3,43.4,45.2,0.274,3.49,0.102,3.29,2.94,3.99,0.0785,2.4,1.63,0.0384,0.162,0.27,34.5,26,78,27,200,1.6,5.6,2.9,3.6,2.9,3.1,2.6,2.6,3.0,2.7,3.1,6.2,2.6,3.6,46.1,14.7,8.05
33.8,36.2,31.4,43.4,44.0,42.8,35.4,37.4,33.4,44.7,43.2,46.2,0.279,3.4,0.107,3.31,2.95,4.06,0.081,2.39,1.61,0.0383,0.165,0.278,34.4,26,80,25,200,1.9,6.3,3.1,3.0,2.5,2.9,2.2,2.3,3.0,3.4,3.2,6.1,2.9,3.8,46.6,15.9,7.94
33.5,31.0,36.0,44.7,44.4,45.0,33.2,36.2,30.2,44.8,45.4,44.2,0.296,3.42,0.109,3.3,2.95,4.04,0.0824,2.42,1.65,0.0373,0.167,0.292,34.1,26,82,24,200,1.2,6.9,3.4,3.0,2.6,2.3,2.4,3.0,2.4,3.5,2.5,6.6,2.7,3.2,45.7,15.3,8.02
35.1,36.4,33.8,41.9,41.8,42.0,35.0,36.6,33.4,43.7,44.6,42.8,0.316,3.48,0.112,3.31,3.02,4.15,0.0853,2.44,1.67,0.0384,0.167,0.29,34.1,26,78,25,200,1.3,6.1,3.0,3.3,3.6,2.2,3.0,3.8,2.4,2.8,2.7,7.8,3.0,3.8,48.8,15.3,7.78
34.5,34.8,34.2,40.7,42.6,38.8,34.0,35.4,32.6,43.9,44.2,43.6,0.308,3.51,0.113,3.35,3.0,4.16,0.0875,2.42,1.67,0.0393,0.167,0.295,34.3,26,78,28,200,1.6,5.8,3.3,2.8,3.6,2.6,3.2,3.0,2.9,2.6,2.0,7.6,2.9,4.6,48.5,15.0,7.81
32.4,34.6,30.2,46.9,46.6,47.2,32.4,33.8,31.0,44.8,45.8,43.8,0.304,3.53,0.109,3.32,3.02,4.15,0.0847,2.47,1.67,0.0383,0.166,0.294,34.2,26,83,28,200,2.5,5.7,3.1,2.4,2.3,2.4,3.0,2.1,3.1,2.5,2.3,6.1,2.2,5.1,44.8,14.7,7.83
33.0,33.4,32.6,42.5,42.2,42.8,34.6,32.2,37.0,42.8,43.0,42.6,0.299,3.49,0.109,3.3,3.0,4.13,0.0839,2.45,1.66,0.0375,0.168,0.294,34.0,26,82,24,200,3.5,5.2,2.1,2.4,1.4,2.6,3.1,2.7,2.7,2.0,3.3,4.8,1.4,4.3,41.5,14.8,8.33
33.7,31.0,36.4,41.8,43.2,40.4,35.1,34.6,35.6,43.2,44.6,41.8,0.296,3.47,0.109,3.3,3.07,4.21,0.0841,2.46,1.65,0.0375,0.166,0.294,33.7,26,70,23,200,2.5,5.3,2.0,3.0,2.7,3.4,2.5,2.9,2.2,2.1,3.7,4.9,1.6,3.8,42.6,14.5,7.8
30.9,33.0,28.8,41.2,42.0,40.4,30.0,27.2,32.8,45.6,44.4,46.8,0.286,3.52,0.109,3.32,2.98,4.18,0.0839,2.41,1.62,0.0387,0.168,0.293,33.5,26,67,24,200,1.6,5.3,2.8,3.3,3.3,3.6,2.0,2.5,2.0,2.4,4.0,5.9,2.0,4.3,45.0,14.3,8.21
35.4,32.6,38.2,44.2,46.4,42.0,33.5,35.0,32.0,44.7,42.8,46.6,0.301,3.54,0.111,3.31,3.02,4.12,0.0849,2.43,1.65,0.0387,0.17,0.298,33.3,26,72,23,200,1.8,4.2,3.7,3.7,2.1,3.3,2.2,3.0,2.5,2.0,2.4,4.9,1.8,4.3,41.9,14.8,8.13
32.4,32.0,32.8,40.5,40.2,40.8,33.2,34.8,31.6,44.0,40.6,47.4,0.304,3.54,0.114,3.32,2.98,4.12,0.0881,2.41,1.64,0.0379,0.167,0.294,33.3,26,78,23,200,1.6,4.3,2.8,3.6,2.3,2.9,2.7,3.6,2.4,2.3,2.1,5.2,2.5,4.1,42.4,14.7,7.84
35.2,37.2,33.2,43.3,46.2,40.4,34.0,32.4,35.6,46.4,47.4,45.4,0.312,3.63,0.115,3.42,3.16,4.32,0.0906,2.52,1.67,0.039,0.171,0.315,33.2,26,78,25,200,1.4,5.6,2.0,2.8,2.2,2.7,3.7,3.2,2.6,2.3,3.3,6.9,2.6,3.5,44.8,14.8,7.27
32.4,30.8,34.0,43.1,43.8,42.4,33.8,35.0,32.6,44.0,46.4,41.6,0.328,3.85,0.121,3.65,3.32,4.55,0.0957,2.67,1.78,0.0393,0.179,0.333,33.2,26,75,25,200,1.7,6.6,2.5,1.8,2.3,2.3,3.0,3.0,3.4,2.6,3.5,6.6,1.9,3.8,45.0,15.3,8.05
32.6,32.6,32.6,44.0,45.4,42.6,32.7,35.4,30.0,44.2,42.6,45.8,0.343,4.03,0.121,3.82,3.47,4.75,0.0971,2.79,1.86,0.0384,0.184,0.346,33.2,26,77,26,200,1.8,6.8,2.4,2.1,2.7,1.8,2.9,2.8,2.9,2.9,3.1,5.6,1.7,4.1,43.6,14.8,7.64
32.3,32.6,32.0,34.4,34.6,34.2,33.1,36.4,29.8,33.8,35.2,32.4,0.354,4.25,0.126,3.99,3.64,4.96,0.1,2.93,1.95,0.0405,0.191,0.365,33.3,26,80,25,200,1.7,6.3,2.0,3.1,3.7,1.8,3.4,2.3,2.2,2.4,3.3,5.1,1.3,3.6,42.2,14.3,7.49
45.3,42.8,47.8,42.1,42.6,41.6,51.7,51.2,52.2,44.0,43.2,44.8,0.304,3.6,0.107,3.32,3.02,4.13,0.0836,2.44,1.67,0.0397,0.653,0.299,41.6,33,97,33,200,41.3,5.33,3.0,3.0,3.67,3.0,2.0,4.67,4.67,3.33,1.33,4.33,0.667,3.0,83.3,2.92,1.44
33.9,35.0,32.8,47.1,46.4,47.8,33.7,35.8,31.6,52.2,53.8,50.6,0.292,3.57,0.107,3.28,3.04,4.12,0.0824,2.42,1.62,0.0379,0.653,0.294,38.9,30,93,30,200,27.4,4.75,3.25,3.63,2.5,4.13,3.0,3.38,3.38,3.13,3.38,5.75,1.88,3.5,73.0,6.66,2.13
34.0,33.4,34.6,45.4,47.8,43.0,32.3,31.2,33.4,53.1,53.0,53.2,0.287,3.65,0.105,3.28,3.02,4.1,0.0824,2.45,1.61,0.0399,0.652,0.288,37.8,30,79,24,200,10.7,4.8,3.4,3.2,1.9,3.6,3.4,2.9,2.9,3.3,4.1,6.3,2.3,3.8,56.6,10.6,4.6
34.1,32.4,35.8,43.2,43.2,43.2,33.1,30.6,35.6,50.4,47.6,53.2,0.279,3.58,0.105,3.25,3.05,4.14,0.0802,2.41,1.62,0.0391,0.651,0.282,36.7,28,77,25,200,2.0,4.9,3.2,2.4,2.7,2.1,3.0,2.5,3.2,2.7,3.3,6.6,2.0,3.4,44.0,14.4,6.24
29.7,29.2,30.2,46.4,46.8,46.0,32.0,33.8,30.2,50.1,49.2,51.0,0.253,3.53,0.0997,3.18,2.96,4.02,0.0773,2.41,1.6,0.0389,0.649,0.28,35.9,27,78,24,200,2.1,4.7,3.0,2.6,3.4,2.3,3.2,2.3,2.7,1.9,3.0,6.5,1.7,3.3,42.7,17.7,8.64
35.1,35.4,34.8,44.9,45.4,44.4,34.5,34.0,35.0,50.4,52.4,48.4,0.252,3.59,0.0995,3.24,2.95,4.01,0.0757,2.39,1.58,0.0379,0.65,0.279,35.2,27,69,24,200,2.1,5.8,2.4,2.2,2.9,2.2,3.2,2.6,2.5,2.5,3.3,5.0,1.5,3.9,42.1,19.9,9.94
32.5,30.8,34.2,45.3,45.0,45.6,31.5,32.6,30.4,50.5,50.0,51.0,0.263,3.52,0.103,3.25,3.0,4.04,0.0771,2.35,1.59,0.0399,0.651,0.285,34.8,26,68,25,200,1.6,6.2,2.9,1.8,3.1,2.4,2.5,2.6,2.2,2.9,2.7,5.1,2.0,4.5,42.5,18.9,10.6
35.2,34.2,36.2,49.8,50.0,49.6,32.7,35.4,30.0,49.1,48.2,50.0,0.265,3.56,0.102,3.21,3.0,4.08,0.0783,2.37,1.6,0.0388,0.65,0.282,34.4,26,75,24,200,1.3,6.1,3.7,2.4,3.0,2.9,2.2,2.4,2.4,2.5,2.1,5.4,2.1,4.3,42.8,19.5,9.61
31.7,31.8,31.6,42.5,42.0,43.0,33.9,34.4,33.4,49.1,49.2,49.0,0.269,3.59,0.105,3.2,2.94,4.0,0.08,2.33,1.58,0.0387,0.651,0.285,34.5,26,79,24,200,1.7,5.7,3.8,3.0,2.5,2.3,1.8,2.4,2.4,3.0,2.7,5.0,1.8,4.2,42.3,18.8,10.9
32.2,30.2,34.2,45.2,46.8,43.6,33.2,35.0,31.4,49.0,49.6,48.4,0.272,3.54,0.102,3.23,3.03,4.03,0.0775,2.39,1.61,0.0386,0.65,0.286,34.1,26,74,25,200,2.2,5.8,3.3,3.1,2.7,2.2,2.4,2.2,2.4,2.8,2.5,5.1,2.1,5.1,43.9,19.2,10.6
32.2,32.8,31.6,45.3,44.8,45.8,33.1,32.2,34.0,49.7,48.4,51.0,0.257,3.52,0.0991,3.21,2.96,4.05,0.077,2.33,1.58,0.0398,0.649,0.284,33.9,26,74,25,200,1.9,6.3,2.0,2.8,2.8,2.2,2.5,2.4,3.5,2.0,2.3,5.1,1.9,4.9,42.6,18.6,10.9
34.5,35.6,33.4,46.5,46.8,46.2,34.8,36.0,33.6,53.0,52.6,53.4,0.251,3.58,0.0976,3.22,3.01,4.08,0.0755,2.35,1.58,0.0387,0.65,0.286,33.8,26,78,25,200,2.2,5.5,1.8,2.2,2.6,2.6,2.2,3.3,3.2,2.4,2.7,5.7,1.4,4.0,41.8,19.3,10.6
32.4,33.4,31.4,44.9,47.6,42.2,33.6,33.6,33.6,49.0,47.6,50.4,0.26,3.59,0.1,3.23,3.01,4.04,0.0775,2.36,1.6,0.0378,0.651,0.289,33.8,26,80,25,200,2.7,5.4,2.8,2.2,2.4,3.6,2.4,3.1,2.7,2.3,2.1,5.6,1.9,3.5,42.7,18.8,11.2
32.8,34.2,31.4,47.1,47.6,46.6,33.8,34.8,32.8,50.8,49.0,52.6,0.261,3.59,0.0999,3.19,3.01,4.01,0.0771,2.35,1.59,0.0377,0.65,0.283,33.8,26,86,25,200,3.0,6.2,3.2,2.2,2.6,2.9,2.3,3.0,3.8,1.8,1.9,5.2,2.5,3.5,44.1,19.6,9.97
34.3,35.2,33.4,44.5,45.4,43.6,34.5,36.6,32.4,50.6,51.8,49.4,0.269,3.55,0.104,3.21,2.99,4.06,0.0791,2.37,1.6,0.0388,0.65,0.292,33.9,26,84,25,200,2.8,5.7,2.5,2.4,2.4,2.6,3.1,2.9,3.2,2.4,2.9,6.3,2.5,3.2,44.9,20.0,10.5
33.2,32.8,33.6,46.5,46.6,46.4,32.9,32.8,33.0,50.3,50.2,50.4,0.274,3.56,0.102,3.17,2.99,4.09,0.0812,2.39,1.6,0.0388,0.65,0.29,33.6,25,76,24,200,1.5,5.3,3.0,2.6,2.9,2.5,2.5,3.2,2.1,3.2,3.6,5.7,2.0,3.5,43.6,18.9,10.3
33.3,35.4,31.2,44.5,43.8,45.2,34.3,35.2,33.4,49.1,49.6,48.6,0.283,3.66,0.105,3.26,3.05,4.14,0.082,2.36,1.61,0.039,0.652,0.297,33.7,25,75,24,200,0.9,6.3,3.0,2.7,2.8,2.8,2.1,3.2,2.2,2.6,3.5,5.4,1.8,4.8,44.1,19.4,10.4
31.4,30.6,32.2,45.8,47.8,43.8,33.0,32.2,33.8,50.6,49.8,51.4,0.287,3.8,0.107,3.43,3.24,4.33,0.0828,2.5,1.7,0.0382,0.657,0.31,33.6,25,82,24,200,2.2,6.4,2.5,2.3,2.1,3.4,2.3,2.8,3.5,2.7,2.2,5.9,2.1,5.0,45.4,19.0,10.3
33.0,31.2,34.8,45.9,46.0,45.8,31.9,30.4,33.4,50.3,48.4,52.2,0.296,3.98,0.11,3.57,3.42,4.56,0.086,2.66,1.75,0.0404,0.663,0.327,33.4,25,74,23,200,2.7,5.1,2.4,2.4,2.3,3.2,2.3,2.5,3.7,2.8,2.4,5.3,1.3,3.9,42.3,18.9,10.5
32.1,31.6,32.6,52.7,53.4,52.0,32.8,33.6,32.0,50.0,50.8,49.2,0.311,4.14,0.112,3.77,3.56,4.8,0.0891,2.79,1.87,0.0386,0.67,0.344,33.5,25,79,26,200,2.0,5.4,2.5,3.0,2.7,2.6,3.3,1.9,2.3,2.3,3.2,5.4,1.3,2.6,40.5,18.1,9.62
34.0,31.2,36.8,45.9,47.0,44.8,33.9,36.6,31.2,49.9,52.4,47.4,0.333,4.37,0.118,3.93,3.76,5.03,0.0949,2.94,1.96,0.0396,0.193,0.365,33.6,25,91,25,200,2.0,6.4,2.4,3.7,2.8,1.6,3.7,1.8,2.6,2.9,2.2,5.6,1.6,3.3,42.6,19.3,10.7
35.1,37.2,33.0,44.4,46.4,42.4,33.3,31.2,35.4,50.0,46.4,53.6,0.354,4.55,0.122,4.09,3.94,5.21,0.0992,3.09,2.06,0.0407,0.197,0.382,33.5,25,85,24,200,1.8,5.5,2.1,3.8,2.9,2.0,3.6,2.4,3.0,3.0,2.1,6.9,2.0,3.6,44.7,19.2,11.1
33.4,34.0,32.8,36.9,39.4,34.4,33.1,34.4,31.8,37.0,35.4,38.6,0.368,4.75,0.125,4.32,4.13,5.35,0.102,3.23,2.16,0.0389,0.207,0.397,33.5,25,80,25,200,1.7,6.5,3.0,3.0,3.1,2.8,3.5,2.8,2.8,2.3,2.8,6.7,2.6,3.2,46.8,17.7,10.7
47.3,47.8,46.8,48.1,50.4,45.8,51.3,51.2,51.4,54.1,52.4,55.8,0.285,3.54,0.102,3.32,3.11,4.18,0.0783,2.42,1.61,0.0407,0.169,0.302,43.3,35,93,35,200,41.0,8.33,4.0,2.67,3.67,1.67,3.67,1.67,2.67,2.0,3.67,5.0,1.67,6.0,87.7,4.81,1.25
34.7,34.8,34.6,58.3,58.4,58.2,32.6,34.8,30.4,64.6,62.8,66.4,0.289,3.58,0.104,3.3,3.16,4.19,0.0791,2.47,1.6,0.0398,0.167,0.3,39.6,32,90,31,200,26.8,6.25,3.13,2.88,2.88,2.5,3.5,2.5,3.38,2.25,3.13,5.75,2.25,4.75,71.9,10.7,3.95
35.4,35.8,35.0,51.9,53.0,50.8,34.0,33.4,34.6,62.8,63.4,62.2,0.305,3.68,0.108,3.27,3.17,4.17,0.0834,2.43,1.62,0.04,0.168,0.303,38.9,31,81,25,200,10.5,6.5,3.2,2.4,2.2,2.5,3.3,2.4,3.5,2.9,2.5,6.4,3.1,4.0,55.4,16.2,7.36
35.2,39.2,31.2,52.2,52.8,51.6,33.1,29.6,36.6,63.5,63.6,63.4,0.3,3.65,0.107,3.28,3.22,4.25,0.0825,2.48,1.62,0.0389,0.168,0.302,38.0,30,82,27,200,2.4,5.9,3.5,1.9,1.9,2.1,3.2,2.3,3.3,3.4,2.9,6.2,3.0,4.2,46.2,21.5,9.53
34.1,32.8,35.4,49.0,51.0,47.0,31.4,30.0,32.8,62.2,62.0,62.4,0.322,3.65,0.111,3.23,3.23,4.2,0.0841,2.5,1.65,0.0409,0.169,0.31,37.8,30,80,27,200,1.9,4.9,3.5,2.3,1.5,2.5,3.5,2.6,3.2,3.1,2.7,5.8,2.6,4.2,44.3,25.8,13.1
33.9,34.2,33.6,52.0,52.4,51.6,32.8,36.4,29.2,59.7,58.4,61.0,0.309,3.65,0.109,3.2,3.17,4.21,0.0823,2.45,1.63,0.0411,0.168,0.303,37.3,29,81,26,200,1.8,5.8,2.7,3.5,1.6,3.0,3.0,1.9,2.8,3.0,2.5,6.1,2.4,3.8,43.9,27.1,15.0
34.7,31.8,37.6,51.1,50.6,51.6,33.8,33.8,33.8,61.1,60.2,62.0,0.303,3.64,0.106,3.2,3.22,4.23,0.082,2.43,1.64,0.0411,0.167,0.306,37.0,29,76,26,200,2.2,5.7,1.9,3.9,1.8,3.2,2.0,2.5,2.7,2.7,2.7,6.2,1.9,4.7,44.1,26.3,14.9
33.2,34.0,32.4,51.3,52.2,50.4,33.4,36.2,30.6,62.8,62.4,63.2,0.297,3.68,0.106,3.13,3.24,4.21,0.0813,2.44,1.63,0.041,0.169,0.305,37.1,29,85,27,200,2.5,5.1,2.7,2.5,2.0,4.1,2.5,2.4,2.9,2.6,2.3,6.0,1.9,5.6,45.1,27.0,14.5
31.8,33.0,30.6,50.5,49.6,51.4,33.0,36.2,29.8,61.4,60.2,62.6,0.286,3.6,0.103,3.2,3.26,4.15,0.0779,2.41,1.64,0.0391,0.167,0.296,36.8,29,80,28,200,2.2,5.5,3.1,2.1,3.5,3.6,2.7,1.5,3.0,2.8,2.1,5.4,1.5,4.8,43.8,26.5,15.7
33.3,33.4,33.2,50.2,52.0,48.4,30.8,32.2,29.4,60.7,58.0,63.4,0.27,3.54,0.1,3.09,3.22,4.15,0.0749,2.41,1.63,0.0392,0.167,0.297,36.5,29,77,28,200,1.6,6.3,3.3,2.6,3.8,2.4,2.3,1.9,3.7,2.0,2.2,4.3,0.8,4.0,41.2,27.8,14.2
32.1,29.2,35.0,50.9,53.8,48.0,32.5,30.8,34.2,60.2,59.6,60.8,0.277,3.6,0.102,3.08,3.23,4.18,0.079,2.41,1.62,0.0401,0.167,0.305,36.3,28,76,25,200,1.3,6.2,3.3,2.5,2.6,2.7,2.5,2.3,3.9,2.1,3.4,4.7,1.2,3.8,42.5,27.0,14.7
34.3,30.4,38.2,49.8,51.4,48.2,33.1,30.8,35.4,62.2,60.2,64.2,0.289,3.6,0.104,3.13,3.23,4.19,0.0795,2.41,1.68,0.0392,0.17,0.305,36.2,28,83,25,200,1.6,5.8,2.6,2.8,2.6,2.9,2.1,2.5,3.0,2.6,2.9,5.5,1.8,3.9,42.6,27.0,14.6
30.8,30.4,31.2,50.1,49.6,50.6,31.4,28.4,34.4,60.9,58.6,63.2,0.281,3.57,0.104,3.09,3.22,4.17,0.0796,2.43,1.64,0.0402,0.167,0.301,36.2,28,83,27,200,1.6,6.3,2.9,3.5,2.6,3.4,1.9,2.9,2.2,2.1,2.6,5.8,1.6,3.7,43.1,26.5,15.0
34.4,36.6,32.2,58.5,58.4,58.6,33.1,31.0,35.2,62.0,60.6,63.4,0.268,3.52,0.102,3.06,3.24,4.15,0.0763,2.41,1.65,0.0413,0.164,0.299,36.3,28,89,28,200,1.4,6.1,3.4,3.0,2.4,3.6,2.3,2.4,1.9,2.6,3.4,5.9,1.5,3.0,42.9,27.3,14.5
32.0,31.4,32.6,50.8,50.6,51.0,34.1,33.6,34.6,62.8,59.0,66.6,0.267,3.54,0.104,3.09,3.17,4.21,0.0788,2.4,1.64,0.0405,0.167,0.3,36.4,28,84,28,200,1.3,5.6,3.1,1.6,2.5,3.2,2.4,2.3,2.5,3.2,3.3,6.1,2.2,3.4,42.7,27.3,15.7
35.2,34.0,36.4,50.8,51.6,50.0,33.5,33.2,33.8,63.0,63.2,62.8,0.283,3.48,0.106,3.08,3.17,4.17,0.0788,2.43,1.64,0.0407,0.163,0.303,36.3,28,83,29,200,1.5,6.6,2.6,2.0,2.1,2.7,1.9,3.3,2.8,3.2,3.3,6.0,2.4,4.3,44.7,27.1,15.2
34.1,36.8,31.4,51.9,51.0,52.8,34.3,33.6,35.0,61.3,61.8,60.8,0.283,3.57,0.105,3.03,3.29,4.31,0.0809,2.39,1.63,0.0397,0.165,0.312,36.4,28,86,28,200,1.9,5.8,2.4,3.4,2.0,2.2,2.0,3.1,2.2,2.6,2.8,5.3,2.1,5.1,42.9,26.9,15.6
33.2,34.4,32.0,50.5,53.4,47.6,32.2,32.4,32.0,62.5,62.6,62.4,0.311,3.77,0.113,3.27,3.41,4.51,0.0881,2.58,1.74,0.0399,0.173,0.332,36.4,28,81,29,200,1.6,4.7,2.6,3.2,3.0,2.6,3.2,2.7,2.4,3.1,3.0,7.5,2.5,5.0,47.1,28.1,15.8
32.8,33.2,32.4,49.9,49.8,50.0,35.2,34.4,36.0,61.2,60.6,61.8,0.331,3.96,0.117,3.44,3.61,4.73,0.0927,2.7,1.83,0.0411,0.18,0.351,36.3,28,76,30,200,1.0,4.7,2.8,2.7,3.3,2.7,3.5,2.6,2.6,3.7,2.9,7.1,2.6,3.2,45.4,26.9,15.9
35.1,34.4,35.8,43.9,45.0,42.8,33.3,32.8,33.8,52.1,50.8,53.4,0.347,4.11,0.121,3.59,3.84,4.93,0.096,2.85,1.94,0.0412,0.185,0.369,36.3,28,76,28,200,1.6,6.1,3.7,2.0,2.1,2.1,2.3,2.6,2.8,3.1,2.5,5.6,2.1,2.6,41.2,26.4,14.7
32.0,34.0,30.0,27.2,29.4,25.0,32.4,33.4,31.4,29.5,31.6,27.4,0.357,4.29,0.123,3.75,3.95,5.19,0.0995,3.02,2.02,0.0424,0.192,0.385,36.2,28,81,26,200,2.0,6.7,3.7,2.2,2.7,3.0,2.6,3.2,3.3,2.6,2.5,6.3,1.9,2.6,45.3,23.3,14.0
30.3,31.0,29.6,47.1,48.8,45.4,34.9,34.6,35.2,67.7,68.2,67.2,0.26,3.45,0.0973,3.08,3.17,4.04,0.0728,2.42,1.62,0.0396,0.708,0.298,43.0,34,100,34,200,36.2,8.0,3.17,2.0,2.33,2.67,1.83,3.17,2.33,4.67,2.17,5.33,1.67,4.5,80.0,10.2,4.72
34.6,33.4,35.8,55.9,56.0,55.8,33.4,32.4,34.4,61.3,62.8,59.8,0.265,3.42,0.101,3.05,3.13,4.05,0.0754,2.4,1.62,0.0397,0.711,0.305,40.7,31,100,31,200,22.0,7.4,2.8,2.2,2.6,2.9,2.5,2.8,2.7,3.9,2.7,5.3,1.8,4.2,65.8,15.6,6.87
32.4,30.6,34.2,49.5,50.2,48.8,32.7,35.6,29.8,60.3,62.4,58.2,0.267,3.38,0.101,3.07,3.15,4.03,0.0768,2.4,1.62,0.0407,0.709,0.302,40.7,31,84,29,200,1.0,5.0,2.6,2.2,2.1,3.1,3.2,2.3,2.6,2.8,2.9,5.1,2.1,3.5,40.5,21.6,10.9
34.1,34.2,34.0,51.6,51.2,52.0,32.2,33.0,31.4,67.0,66.4,67.6,0.284,3.42,0.104,3.06,3.12,4.06,0.079,2.45,1.65,0.0406,0.71,0.313,38.9,30,79,27,200,1.0,6.2,2.8,3.1,2.3,3.0,3.4,2.5,2.8,3.8,2.9,5.8,2.2,3.3,45.1,27.2,13.1
32.3,34.0,30.6,53.6,54.8,52.4,31.8,34.0,29.6,63.7,63.2,64.2,0.289,3.43,0.107,3.07,3.17,4.05,0.0819,2.43,1.65,0.0417,0.709,0.315,38.5,29,76,25,200,1.6,6.1,2.6,3.5,2.9,2.4,3.1,2.0,3.3,2.9,3.5,5.9,2.3,2.5,44.6,29.8,14.9
35.0,35.2,34.8,52.2,54.0,50.4,34.1,30.6,37.6,62.0,61.8,62.2,0.293,3.34,0.107,3.08,3.13,4.05,0.079,2.44,1.68,0.0418,0.711,0.308,38.5,29,84,27,200,1.7,4.6,2.4,2.8,2.9,3.6,2.7,3.5,3.1,1.8,4.0,5.8,2.4,2.6,43.9,28.7,15.9
31.8,31.0,32.6,50.8,50.2,51.4,33.9,35.0,32.8,67.2,65.4,69.0,0.281,3.34,0.106,3.06,3.13,4.06,0.0822,2.41,1.65,0.0407,0.71,0.31,38.0,29,85,27,200,1.5,4.8,2.1,2.6,2.6,3.9,2.5,5.2,2.6,2.4,2.9,5.4,1.7,3.6,43.8,29.2,16.3
35.4,33.2,37.6,52.3,55.4,49.2,33.9,34.0,33.8,65.8,64.4,67.2,0.304,3.42,0.109,3.08,3.19,4.08,0.0841,2.44,1.66,0.0407,0.711,0.32,37.6,29,81,27,200,1.5,6.1,3.1,1.9,2.4,3.0,2.8,4.1,2.5,2.8,2.1,5.7,2.3,4.5,44.8,31.0,15.3
31.6,30.2,33.0,52.5,52.4,52.6,30.8,30.8,30.8,60.0,60.4,59.6,0.3,3.41,0.107,3.12,3.13,4.05,0.0813,2.41,1.64,0.0401,0.711,0.312,37.4,28,78,27,200,1.7,5.6,3.2,2.2,2.4,3.1,3.3,3.3,3.1,2.1,2.0,6.3,2.4,4.4,45.1,30.7,16.4
34.5,34.4,34.6,47.1,46.2,48.0,32.6,35.2,30.0,66.0,66.6,65.4,0.304,3.4,0.107,3.08,3.18,4.01,0.0811,2.43,1.67,0.0398,0.711,0.315,37.9,29,91,28,200,1.9,5.4,2.3,3.6,3.2,3.0,3.4,3.3,3.2,1.8,1.8,5.3,1.9,3.7,43.8,28.0,16.3
30.1,32.0,28.2,57.0,55.4,58.6,32.1,34.0,30.2,64.4,63.6,65.2,0.284,3.42,0.104,3.01,3.13,3.99,0.0814,2.39,1.66,0.042,0.711,0.309,37.8,28,100,28,200,1.4,7.1,2.4,3.6,3.1,2.1,2.8,2.4,2.4,2.8,2.7,4.7,1.6,3.2,42.3,30.2,14.9
33.1,33.8,32.4,54.5,56.2,52.8,32.9,34.4,31.4,61.8,61.6,62.0,0.285,3.32,0.108,3.05,3.04,3.95,0.0811,2.42,1.66,0.0412,0.709,0.309,38.3,28,100,28,200,1.5,6.6,3.0,2.7,2.2,1.9,2.5,2.2,2.4,3.0,3.4,5.2,1.4,3.0,41.0,28.8,16.7
33.5,32.8,34.2,47.4,47.0,47.8,32.2,33.0,31.4,66.7,66.8,66.6,0.269,3.29,0.103,3.0,3.11,3.92,0.0768,2.37,1.64,0.041,0.706,0.303,38.3,29,97,29,200,2.1,5.2,3.4,2.1,2.5,2.3,2.9,2.7,2.4,2.3,2.7,4.8,2.0,3.1,40.5,28.3,17.0
31.8,32.6,31.0,51.7,50.2,53.2,31.3,32.6,30.0,67.9,66.6,69.2,0.258,3.25,0.102,2.98,3.06,3.9,0.0755,2.38,1.65,0.0401,0.704,0.298,37.9,28,81,26,200,1.8,4.3,3.3,3.0,2.7,2.5,3.0,2.8,2.0,3.0,2.7,4.1,1.6,3.7,40.5,28.5,16.7
32.6,36.2,29.0,54.5,56.8,52.2,33.7,32.0,35.4,60.9,60.2,61.6,0.261,3.34,0.102,2.98,3.01,3.91,0.0771,2.35,1.63,0.0413,0.707,0.299,37.9,28,83,25,200,1.3,5.6,2.8,3.5,3.1,2.1,2.7,2.9,2.7,2.8,3.0,4.0,1.4,3.7,41.6,30.3,17.0
35.1,34.0,36.2,49.3,51.2,47.4,33.8,36.4,31.2,64.4,62.8,66.0,0.264,3.29,0.107,3.03,3.1,3.93,0.0794,2.33,1.66,0.0402,0.707,0.308,37.7,28,84,28,200,1.3,5.9,3.0,3.1,3.2,2.8,2.4,2.2,3.9,2.7,2.5,5.5,2.4,3.1,44.0,29.4,16.9
32.5,32.8,32.2,49.0,50.8,47.2,33.7,34.6,32.8,66.9,68.6,65.2,0.288,3.48,0.109,3.09,3.2,4.13,0.0838,2.45,1.7,0.0424,0.712,0.319,37.5,28,76,27,200,2.0,4.4,3.0,3.7,2.5,3.0,2.4,2.2,3.4,3.7,2.6,6.8,2.8,3.1,45.6,31.7,15.8
34.5,34.2,34.8,55.6,60.2,51.0,33.6,35.2,32.0,62.1,59.8,64.4,0.298,3.64,0.114,3.3,3.38,4.34,0.087,2.59,1.79,0.0406,0.718,0.34,37.3,28,77,26,200,2.6,4.3,3.2,3.9,2.2,2.1,3.4,2.4,2.6,3.3,2.8,6.1,1.8,4.8,45.5,29.4,15.5
33.6,35.0,32.2,48.9,51.4,46.4,33.4,32.6,34.2,62.0,62.6,61.4,0.323,3.81,0.117,3.46,3.58,4.56,0.091,2.7,1.87,0.0418,0.725,0.353,37.2,28,80,26,200,2.2,5.4,3.1,2.8,2.8,2.6,3.0,1.6,2.5,3.7,2.7,5.2,1.8,4.6,44.0,29.5,16.5
31.3,30.4,32.2,31.5,32.8,30.2,32.2,33.6,30.8,42.7,43.4,42.0,0.345,4.02,0.122,3.65,3.73,4.75,0.0968,2.85,2.0,0.0409,0.73,0.372,36.9,28,76,25,200,2.1,5.9,2.9,2.3,3.4,3.4,2.0,2.3,3.1,3.8,2.8,5.4,2.4,3.1,44.9,28.2,16.3
38.5,39.4,37.6,43.9,43.0,44.8,45.4,44.2,46.6,34.1,35.6,32.6,0.292,3.62,0.11,3.27,3.14,4.28,0.0827,2.46,1.7,0.0391,0.166,0.309,76.5,56,190,60,300,62.8,11.0,4.0,4.8,5.4,5.6,3.0,6.4,5.0,6.8,6.2,11.4,3.8,8.8,145.0,1.93,1.62
38.9,41.6,36.2,41.8,40.6,43.0,37.7,39.4,36.0,38.8,40.4,37.2,0.291,3.79,0.11,3.32,3.24,4.45,0.0846,2.47,1.69,0.0389,0.168,0.314,63.6,40,190,40,300,32.8,9.2,3.7,4.1,4.3,5.2,2.8,4.7,4.5,4.6,4.4,8.6,2.8,6.9,98.6,3.75,1.47
37.7,39.2,36.2,44.5,44.6,44.4,38.5,37.6,39.4,34.6,34.8,34.4,0.301,3.84,0.11,3.47,3.25,4.57,0.0822,2.54,1.73,0.0398,0.172,0.318,56.7,35,69,25,300,2.4,9.0,3.8,3.7,4.9,4.3,4.7,3.9,3.8,3.0,4.2,7.1,2.1,5.6,62.5,5.4,2.22
38.2,39.6,36.8,40.4,39.2,41.6,38.6,38.0,39.2,34.7,32.0,37.4,0.296,3.91,0.11,3.56,3.3,4.65,0.0846,2.59,1.82,0.0397,0.175,0.326,52.3,33,74,26,300,2.0,10.3,4.4,4.8,5.3,4.4,5.1,4.6,3.5,3.4,3.8,8.6,2.0,6.7,68.9,7.48,2.99
35.3,37.4,33.2,44.8,44.0,45.6,38.2,37.2,39.2,34.6,36.4,32.8,0.309,3.97,0.114,3.69,3.34,4.72,0.0884,2.69,1.83,0.04,0.18,0.332,49.2,31,76,25,300,2.7,9.9,4.2,5.0,3.4,4.8,4.4,4.0,3.1,3.6,3.0,8.6,2.4,6.3,65.4,9.09,3.84
36.7,36.0,37.4,44.8,46.0,43.6,38.1,38.8,37.4,35.7,36.0,35.4,0.298,4.06,0.114,3.75,3.39,4.79,0.0863,2.73,1.87,0.039,0.181,0.338,47.4,30,85,24,300,3.6,8.3,5.1,4.4,2.9,4.1,4.5,3.8,3.4,4.1,4.1,8.3,2.9,5.5,65.0,8.79,3.97
39.0,36.8,41.2,42.5,42.0,43.0,42.4,42.4,42.4,37.8,35.4,40.2,0.326,4.12,0.117,3.92,3.45,4.92,0.0912,2.8,1.91,0.0386,0.185,0.353,46.0,30,86,26,300,3.7,9.2,4.7,3.6,4.0,4.2,4.4,4.0,3.8,3.8,3.7,8.3,2.9,4.5,64.8,8.95,4.23
38.0,37.2,38.8,48.2,48.0,48.4,38.8,37.8,39.8,34.3,37.8,30.8,0.334,4.29,0.121,4.01,3.55,4.99,0.0946,2.87,1.97,0.0393,0.189,0.356,44.5,29,81,26,300,4.4,11.3,3.7,3.5,4.7,4.5,4.6,3.9,2.8,3.5,3.3,8.1,3.3,4.2,65.8,8.65,4.47
38.2,34.8,41.6,43.2,40.6,45.8,38.6,39.2,38.0,31.6,30.8,32.4,0.344,4.4,0.124,4.14,3.58,5.1,0.0989,2.96,2.01,0.0393,0.191,0.37,43.6,29,82,24,300,4.1,9.2,4.1,4.2,3.9,4.1,3.9,4.8,3.3,3.5,3.8,8.6,2.9,5.5,65.9,8.13,4.93
37.1,38.8,35.4,40.5,39.8,41.2,38.1,39.6,36.6,33.9,36.2,31.6,0.354,4.46,0.126,4.23,3.66,5.28,0.0998,2.99,2.08,0.0381,0.196,0.379,42.5,28,80,24,300,2.3,8.0,4.6,4.3,3.6,3.7,3.8,4.4,5.1,3.9,4.6,8.7,3.1,4.5,64.6,7.89,4.82
37.0,38.0,36.0,44.0,44.0,44.0,38.9,39.2,38.6,32.9,31.0,34.8,0.364,4.49,0.127,4.38,3.77,5.37,0.102,3.06,2.11,0.0386,0.196,0.376,41.5,28,72,23,300,2.7,8.7,4.3,5.0,4.3,3.2,4.4,3.7,5.0,4.2,4.8,8.2,3.4,4.4,66.3,7.42,4.88
37.0,38.8,35.2,43.2,43.2,43.2,40.2,39.6,40.8,35.5,33.6,37.4,0.362,4.62,0.126,4.46,3.73,5.4,0.0991,3.15,2.11,0.0376,0.2,0.378,40.7,27,72,23,300,3.5,9.3,2.9,4.7,4.4,3.2,4.2,5.0,5.3,3.9,4.2,7.9,2.3,5.7,66.5,7.03,4.71
36.9,35.6,38.2,42.1,41.8,42.4,39.1,39.4,38.8,33.0,33.6,32.4,0.368,4.62,0.128,4.54,3.81,5.46,0.102,3.15,2.19,0.0366,0.203,0.389,40.1,27,79,23,300,3.5,9.6,3.2,4.2,3.5,3.9,3.2,5.2,4.6,4.2,4.7,7.5,2.0,5.9,65.2,7.63,4.62
39.4,40.4,38.4,41.9,40.4,43.4,39.4,40.0,38.8,34.0,37.4,30.6,0.365,4.78,0.127,4.63,3.81,5.68,0.106,3.23,2.23,0.0385,0.203,0.389,39.7,27,78,25,300,4.0,8.6,3.7,4.9,3.8,4.2,3.2,4.6,3.0,4.6,4.6,8.5,2.8,6.2,66.7,7.44,4.13
40.4,42.2,38.6,42.7,42.2,43.2,39.6,40.4,38.8,33.5,32.4,34.6,0.373,4.86,0.132,4.72,3.92,5.74,0.113,3.35,2.27,0.0383,0.206,0.402,39.2,27,76,25,300,4.0,8.0,3.7,3.9,4.2,3.9,3.5,4.5,3.4,4.3,3.0,8.9,2.8,6.7,64.8,7.47,4.26
35.0,35.0,35.0,39.1,36.6,41.6,38.4,41.2,35.6,33.1,31.2,35.0,0.37,4.99,0.131,4.84,3.98,5.85,0.11,3.37,2.26,0.0384,0.209,0.396,39.0,27,80,25,300,2.9,8.9,4.4,3.6,4.5,4.7,3.7,4.0,3.9,3.9,3.1,9.7,2.9,6.9,67.1,7.7,4.38
36.3,37.2,35.4,44.0,44.2,43.8,38.1,37.6,38.6,33.1,34.2,32.0,0.389,5.14,0.136,5.04,4.13,6.15,0.117,3.46,2.37,0.0366,0.215,0.421,38.6,27,80,26,300,2.0,8.2,4.7,3.7,4.4,5.0,3.0,2.8,4.3,4.2,3.6,8.9,2.3,7.2,64.3,7.69,4.28
38.6,39.2,38.0,42.6,44.4,40.8,42.1,39.6,44.6,33.4,32.6,34.2,0.409,5.44,0.142,5.39,4.39,6.47,0.123,3.69,2.51,0.0368,0.224,0.441,38.3,27,79,24,300,2.4,7.5,4.2,2.7,4.5,3.9,3.6,3.2,3.8,5.0,3.5,7.2,1.6,6.8,59.9,7.18,4.04
39.4,40.0,38.8,42.4,44.4,40.4,38.2,38.4,38.0,33.0,34.6,31.4,0.446,5.77,0.147,5.59,4.6,6.78,0.13,3.87,2.65,0.037,0.23,0.468,38.0,27,78,24,300,3.0,7.3,4.0,4.0,4.8,3.0,4.3,4.8,3.4,4.3,3.8,9.0,3.2,6.6,65.5,7.08,4.0
36.6,34.2,39.0,37.3,35.8,38.8,39.5,40.8,38.2,28.0,27.6,28.4,0.455,6.01,0.152,5.91,4.82,7.1,0.135,4.05,2.76,0.0371,0.242,0.487,37.7,26,76,24,300,2.7,8.6,3.8,4.5,3.5,3.4,4.3,4.7,4.0,3.1,4.8,9.7,3.2,6.5,66.8,6.53,3.98
40.6,41.6,39.6,43.7,44.8,42.6,47.1,45.2,49.0,43.2,40.2,46.2,0.394,4.28,0.132,4.9,4.06,5.86,0.128,3.42,2.32,0.0384,0.211,0.399,84.8,70,210,90,300,81.0,15.0,6.25,5.75,8.0,5.25,3.75,4.0,9.75,6.5,6.25,11.3,2.75,6.5,172.0,2.7,0.797
40.7,42.0,39.4,47.5,50.6,44.4,37.8,36.2,39.4,45.8,44.0,47.6,0.396,4.0,0.134,4.93,4.08,6.0,0.132,3.4,2.3,0.0383,0.211,0.403,69.0,43,200,55,300,37.4,10.1,4.67,5.11,5.22,4.0,3.44,3.67,6.11,4.78,4.33,8.89,2.33,5.33,105.0,6.82,2.43
38.0,38.2,37.8,49.5,49.4,49.6,37.2,35.6,38.8,47.3,46.8,47.8,0.385,5.08,0.132,4.85,4.15,5.93,0.127,3.4,2.32,0.0386,0.211,0.394,62.0,38,81,26,300,2.5,8.0,3.2,4.4,4.4,4.1,3.9,3.2,4.2,4.0,3.3,8.4,2.7,6.1,62.4,9.78,3.63
39.6,37.2,42.0,48.3,47.6,49.0,36.0,39.4,32.6,44.6,44.2,45.0,0.375,5.01,0.129,4.84,4.15,5.93,0.126,3.39,2.31,0.0377,0.21,0.395,57.2,35,87,26,300,2.2,8.6,4.0,4.1,4.8,4.7,3.9,3.3,5.2,4.1,3.0,8.7,2.9,6.4,65.9,12.6,5.81
38.4,38.6,38.2,49.4,49.2,49.6,37.3,35.2,39.4,43.7,43.8,43.6,0.384,4.99,0.131,4.78,4.18,5.96,0.125,3.37,2.33,0.0378,0.21,0.388,53.2,32,80,25,300,2.5,7.8,4.4,5.2,3.8,4.4,3.1,4.5,5.5,3.6,3.3,7.4,2.7,4.8,63.0,15.5,7.11
37.6,39.4,35.8,48.9,48.4,49.4,48.6,47.6,49.6,45.2,43.8,46.6,0.386,4.95,0.133,4.77,4.14,5.9,0.127,3.42,2.27,0.0387,0.701,0.395,50.8,31,78,25,300,3.0,8.9,4.0,5.1,3.2,4.5,3.4,5.0,5.0,3.3,4.6,7.1,2.9,4.6,64.6,15.9,8.5
39.7,41.6,37.8,49.3,51.0,47.6,40.1,41.0,39.2,45.0,41.6,48.4,0.384,5.02,0.133,4.74,4.11,5.88,0.128,3.43,2.32,0.0391,0.704,0.404,48.7,30,82,27,300,3.2,8.9,4.5,3.7,3.3,4.1,3.8,3.6,4.5,3.8,5.1,7.9,3.4,5.1,64.9,15.3,8.62
39.3,38.0,40.6,48.9,48.2,49.6,39.9,42.0,37.8,43.9,42.8,45.0,0.404,5.04,0.135,4.75,4.18,5.96,0.133,3.39,2.34,0.039,0.704,0.403,47.6,30,86,28,300,2.7,8.6,4.9,3.8,3.9,3.5,5.0,3.9,4.1,4.7,5.5,9.3,3.8,6.5,70.2,15.0,8.89
37.0,35.8,38.2,46.9,45.8,48.0,37.3,37.0,37.6,44.5,46.2,42.8,0.388,5.03,0.133,4.76,4.22,5.99,0.13,3.43,2.32,0.0389,0.703,0.408,47.1,30,94,28,300,2.4,8.1,4.3,5.2,4.0,3.6,6.0,4.0,4.1,4.5,5.2,9.3,3.3,5.7,69.7,15.1,8.27
37.0,37.0,37.0,48.5,48.8,48.2,37.8,36.0,39.6,43.2,43.4,43.0,0.403,4.97,0.137,4.65,4.25,5.91,0.129,3.39,2.29,0.0378,0.702,0.404,46.0,30,82,26,300,3.1,8.7,3.7,5.2,4.2,3.5,4.4,4.2,4.0,3.9,4.2,8.6,2.9,5.2,65.8,15.2,8.32
37.4,37.4,37.4,48.7,47.8,49.6,40.1,39.8,40.4,44.7,43.6,45.8,0.384,4.94,0.136,4.69,4.22,5.94,0.126,3.37,2.36,0.0389,0.704,0.401,45.1,29,82,26,300,3.3,9.1,3.7,3.9,4.8,3.1,3.2,4.7,3.6,4.5,3.7,7.7,2.5,5.9,63.7,15.1,7.8
38.4,36.0,40.8,47.0,49.4,44.6,37.7,40.0,35.4,42.9,43.4,42.4,0.391,4.89,0.139,4.66,4.21,5.97,0.13,3.38,2.37,0.0379,0.705,0.411,44.7,29,86,27,300,3.2,8.7,4.4,4.6,4.3,3.3,4.0,3.7,3.8,5.0,4.2,8.4,2.6,5.2,65.4,14.4,7.64
39.8,36.8,42.8,47.5,46.6,48.4,41.2,42.6,39.8,44.2,42.8,45.6,0.416,4.95,0.142,4.6,4.33,5.92,0.132,3.4,2.36,0.0389,0.704,0.415,44.1,29,87,28,300,3.6,8.4,5.3,5.7,3.6,3.1,4.2,3.7,3.4,4.3,4.0,8.6,3.1,4.7,65.7,14.5,7.54
38.8,42.2,35.4,49.8,51.0,48.6,38.4,36.8,40.0,44.6,42.6,46.6,0.41,4.9,0.141,4.52,4.25,5.99,0.131,3.39,2.33,0.0399,0.704,0.413,43.5,29,81,27,300,3.3,9.0,3.7,5.0,4.1,3.5,3.4,5.2,3.1,3.7,3.9,8.7,4.0,5.4,66.0,14.8,7.76
39.1,38.4,39.8,48.4,47.2,49.6,37.4,38.2,36.6,45.9,44.4,47.4,0.404,4.82,0.142,4.62,4.36,5.99,0.132,3.38,2.35,0.0398,0.705,0.421,42.9,29,80,26,300,2.3,11.2,3.1,4.4,3.4,4.6,3.2,5.8,3.2,3.4,4.0,8.9,3.5,5.6,66.6,14.3,7.87
38.2,38.4,38.0,44.8,45.4,44.2,38.1,38.2,38.0,43.1,41.2,45.0,0.418,4.83,0.142,4.55,4.36,6.0,0.13,3.41,2.38,0.04,0.702,0.415,42.7,29,82,27,300,2.0,10.9,3.9,4.0,3.5,5.2,4.1,4.2,4.2,3.6,4.2,8.5,3.0,5.5,66.8,14.1,7.85
37.9,40.6,35.2,53.7,52.6,54.8,37.4,38.2,36.6,44.4,43.6,45.2,0.411,4.93,0.144,4.55,4.48,6.12,0.133,3.4,2.37,0.0391,0.705,0.431,42.0,29,79,26,300,2.9,9.3,3.9,3.3,4.5,4.3,3.7,4.0,3.9,3.5,4.0,7.2,2.6,6.3,63.4,14.4,7.86
40.1,38.4,41.8,48.1,51.0,45.2,41.2,39.8,42.6,44.5,41.8,47.2,0.433,5.24,0.149,4.89,4.69,6.47,0.139,3.63,2.5,0.0382,0.715,0.454,42.3,29,96,28,300,3.2,9.4,3.8,3.5,4.5,3.7,3.2,4.4,3.4,3.7,4.3,7.9,2.1,6.7,63.8,14.6,8.77
40.5,41.6,39.4,45.7,45.0,46.4,40.1,38.2,42.0,45.4,43.2,47.6,0.463,5.51,0.154,5.14,4.95,6.82,0.147,3.89,2.67,0.0391,0.726,0.488,41.9,29,97,29,300,2.6,8.5,3.5,3.7,4.3,4.7,4.2,4.3,3.2,3.9,5.0,9.5,2.5,6.6,66.5,13.9,8.33
38.4,37.2,39.6,43.5,43.4,43.6,41.2,41.4,41.0,36.5,36.8,36.2,0.497,5.84,0.163,5.43,5.31,7.18,0.154,4.1,2.8,0.0384,0.735,0.509,41.4,29,79,26,300,2.6,8.3,3.7,4.6,4.2,4.6,4.5,3.9,3.6,3.8,4.0,9.9,2.9,5.8,66.4,14.2,8.58
34.4,35.2,33.6,25.2,27.2,23.2,36.7,34.2,39.2,25.5,28.2,22.8,0.52,6.08,0.166,5.63,5.48,7.5,0.157,4.31,2.96,0.0402,0.744,0.527,41.1,28,73,25,300,2.1,8.9,4.9,5.6,4.1,4.3,4.6,3.8,4.5,4.0,3.7,11.0,3.4,6.2,71.1,12.3,7.86
36.2,37.4,35.0,52.0,54.6,49.4,35.4,32.8,38.0,51.7,51.4,52.0,0.427,5.09,0.138,4.64,4.43,6.13,0.12,3.41,2.38,0.0392,0.212,0.417,67.5,56,160,56,300,46.0,11.1,4.29,4.14,2.43,3.29,5.29,4.86,3.86,3.57,4.14,10.3,2.86,6.86,113.0,5.78,1.49
41.0,40.0,42.0,55.2,58.8,51.6,39.0,38.6,39.4,52.9,52.0,53.8,0.427,4.96,0.143,4.68,4.41,6.21,0.118,3.41,2.35,0.0392,0.213,0.423,58.3,46,77,25,300,25.7,11.1,4.8,4.9,2.9,3.8,5.7,4.6,3.8,4.8,3.2,10.8,3.9,6.0,96.0,10.3,3.57
40.5,39.6,41.4,48.6,49.2,48.0,39.7,38.0,41.4,55.2,51.4,59.0,0.429,4.96,0.145,4.66,4.43,6.2,0.119,3.45,2.38,0.0404,0.214,0.436,53.7,41,79,28,300,2.9,8.3,5.4,4.4,3.1,3.8,4.9,3.8,3.5,5.1,3.7,10.7,4.1,5.2,68.9,14.5,6.95
39.4,38.8,40.0,49.8,52.8,46.8,37.4,33.6,41.2,56.9,57.0,56.8,0.437,5.07,0.148,4.64,4.45,6.17,0.123,3.5,2.4,0.0394,0.215,0.433,50.4,38,81,26,300,3.4,8.4,5.2,4.7,3.9,4.0,4.4,3.4,3.9,4.2,5.0,10.8,3.9,5.7,70.9,18.5,8.62
37.7,36.0,39.4,50.4,51.6,49.2,37.1,35.8,38.4,53.9,55.2,52.6,0.445,5.02,0.147,4.65,4.45,6.17,0.122,3.53,2.4,0.0395,0.217,0.441,48.4,36,82,26,300,3.4,8.9,4.3,4.2,4.1,3.7,4.1,4.0,3.6,3.3,4.4,9.0,3.7,6.2,66.9,20.9,10.2
39.8,39.8,39.8,46.7,45.2,48.2,38.3,37.6,39.0,50.3,48.2,52.4,0.458,5.11,0.148,4.59,4.44,6.21,0.123,3.5,2.37,0.0396,0.215,0.44,47.0,35,86,28,300,2.5,9.8,3.6,3.9,4.5,4.1,3.6,3.7,3.6,3.4,3.8,7.8,3.4,6.2,63.9,22.2,11.7
38.7,36.4,41.0,49.2,48.4,50.0,39.2,37.0,41.4,50.6,48.0,53.2,0.455,5.0,0.148,4.55,4.51,6.22,0.124,3.49,2.37,0.0396,0.214,0.443,45.3,33,82,26,300,2.8,10.1,3.6,4.3,4.5,4.6,3.3,2.2,4.7,4.5,3.3,7.6,2.9,5.0,63.4,21.3,11.5
38.3,39.6,37.0,48.4,49.0,47.8,36.7,35.8,37.6,50.5,49.4,51.6,0.435,5.01,0.144,4.63,4.41,6.17,0.12,3.47,2.37,0.0395,0.212,0.437,44.4,33,82,26,300,2.8,9.4,4.0,3.9,4.3,4.1,3.5,3.5,4.6,5.2,3.5,8.2,3.0,5.8,65.8,21.5,10.0
37.8,38.4,37.2,48.1,50.4,45.8,37.6,39.8,35.4,49.9,46.4,53.4,0.438,5.01,0.142,4.56,4.5,6.11,0.118,3.47,2.37,0.0387,0.214,0.444,43.5,32,76,26,300,2.7,9.5,3.3,4.5,4.3,4.2,3.6,4.7,4.0,4.3,4.0,7.9,3.0,5.7,65.7,21.1,10.2
39.7,39.6,39.8,51.9,54.4,49.4,37.4,39.4,35.4,48.1,46.8,49.4,0.43,4.97,0.141,4.55,4.4,6.06,0.117,3.47,2.34,0.0387,0.217,0.431,42.6,31,77,24,300,3.5,8.4,3.1,4.4,4.7,3.7,3.4,4.6,3.8,4.2,3.4,7.4,2.2,4.7,61.5,20.2,10.6
41.2,39.8,42.6,50.3,50.2,50.4,39.5,37.2,41.8,51.7,53.0,50.4,0.44,5.02,0.145,4.5,4.46,6.07,0.12,3.49,2.32,0.0385,0.217,0.442,42.1,31,89,25,300,3.2,8.0,3.2,2.8,4.9,3.4,2.8,6.2,3.5,4.7,4.3,8.2,2.7,5.3,63.2,18.9,9.84
40.2,42.2,38.2,50.3,54.0,46.6,36.7,35.8,37.6,52.4,52.0,52.8,0.441,5.05,0.146,4.55,4.5,6.19,0.12,3.56,2.41,0.0395,0.216,0.445,41.7,30,92,27,300,2.6,9.6,2.9,3.0,3.8,4.1,3.9,6.0,4.4,4.0,4.5,8.5,2.9,6.4,66.6,18.7,9.81
38.9,39.6,38.2,47.3,46.8,47.8,38.2,37.0,39.4,53.0,52.0,54.0,0.443,5.01,0.146,4.47,4.54,6.11,0.119,3.49,2.37,0.0395,0.213,0.446,41.3,30,79,28,300,3.2,9.6,2.6,4.5,3.6,4.4,4.2,4.6,4.4,3.9,4.0,8.6,2.7,5.8,66.1,18.8,10.2
37.0,37.2,36.8,57.1,56.4,57.8,39.3,40.6,38.0,51.3,48.0,54.6,0.427,5.01,0.145,4.46,4.55,6.08,0.117,3.43,2.35,0.0408,0.209,0.433,40.9,30,83,27,300,3.6,8.9,2.8,4.9,4.0,4.3,3.5,4.5,3.6,3.8,4.6,8.4,2.6,6.4,65.9,18.9,10.2
39.3,38.4,40.2,49.4,51.6,47.2,41.0,42.2,39.8,52.7,51.6,53.8,0.421,4.94,0.142,4.41,4.44,6.03,0.123,3.41,2.37,0.0407,0.212,0.433,41.0,30,94,28,300,4.0,8.6,3.8,4.0,4.8,4.1,3.4,4.3,4.4,2.9,4.1,7.6,2.6,6.9,65.5,20.1,11.2
36.9,37.8,36.0,48.9,49.8,48.0,37.0,35.2,38.8,50.6,51.0,50.2,0.409,4.98,0.14,4.56,4.51,6.1,0.123,3.44,2.35,0.0389,0.214,0.443,40.5,30,88,27,300,3.6,8.3,4.4,4.5,4.4,3.5,4.0,4.8,4.6,3.0,3.6,8.1,2.2,5.5,64.5,20.2,11.3
39.6,38.2,41.0,50.4,50.6,50.2,38.3,37.6,39.0,50.0,49.6,50.4,0.439,5.19,0.148,4.68,4.75,6.39,0.131,3.59,2.42,0.0389,0.22,0.458,40.4,30,81,26,300,2.3,9.0,4.5,4.7,3.4,3.4,4.7,4.6,4.2,3.7,3.9,8.1,2.2,5.6,64.3,20.2,11.3
39.2,39.0,39.4,49.9,50.6,49.2,37.4,37.4,37.4,49.3,52.2,46.4,0.463,5.4,0.155,4.91,5.04,6.72,0.134,3.79,2.58,0.039,0.229,0.489,40.3,29,94,27,300,2.2,8.6,4.2,4.6,4.3,3.6,4.1,4.2,3.9,3.7,4.7,8.3,3.3,5.5,65.2,19.7,11.2
37.2,38.6,35.8,50.1,53.0,47.2,39.4,40.6,38.2,52.4,53.2,51.6,0.488,5.67,0.161,5.17,5.23,7.09,0.141,3.99,2.73,0.0413,0.238,0.515,40.1,29,88,26,300,2.7,6.8,4.6,5.1,4.9,3.6,3.9,5.0,4.4,3.9,4.1,9.5,3.1,4.2,65.8,19.9,11.3
39.6,41.4,37.8,49.6,52.4,46.8,37.1,38.8,35.4,49.6,47.8,51.4,0.509,5.97,0.166,5.39,5.47,7.39,0.147,4.17,2.87,0.0406,0.247,0.538,39.8,29,77,26,300,2.7,7.2,4.4,4.0,4.8,4.1,4.2,4.3,5.4,3.7,3.5,8.1,2.5,4.5,63.4,19.3,10.1
38.3,34.6,42.0,47.4,46.6,48.2,40.4,38.6,42.2,50.5,48.4,52.6,0.524,6.18,0.168,5.57,5.76,7.74,0.151,4.43,2.95,0.0398,0.256,0.558,39.5,29,77,26,300,2.9,8.3,3.2,4.2,3.8,4.1,4.6,3.4,4.4,4.5,3.3,7.1,2.4,5.9,62.1,19.3,9.96
40.5,40.0,41.0,43.2,43.8,42.6,38.2,41.2,35.2,42.8,45.0,40.6,0.554,6.58,0.174,5.88,6.01,8.09,0.157,4.62,3.09,0.041,0.264,0.589,39.3,29,82,27,300,2.6,8.5,3.2,4.8,3.8,3.8,4.1,3.9,4.1,5.1,3.3,8.5,2.6,7.0,65.3,18.9,10.2
35.0,34.4,35.6,26.1,24.8,27.4,37.8,37.4,38.2,25.6,23.6,27.6,0.54,6.38,0.171,6.22,5.76,7.5,0.152,4.63,3.17,0.042,0.261,0.572,39.2,29,82,27,300,2.3,9.9,3.8,4.0,4.4,3.3,3.7,3.6,4.1,4.3,3.8,9.1,2.5,7.6,66.4,15.9,9.34
34.7,35.4,34.0,56.2,56.4,56.0,35.5,39.2,31.8,64.2,64.4,64.0,0.386,5.03,0.131,4.49,4.41,6.09,0.111,3.45,2.29,0.0396,0.213,0.422,65.1,50,160,50,300,45.4,9.0,3.86,3.29,3.57,4.57,4.0,4.29,4.57,5.29,4.71,9.14,2.71,6.86,111.0,8.61,3.38
41.1,40.8,41.4,55.8,58.0,53.6,39.7,37.0,42.4,62.7,61.8,63.6,0.391,5.05,0.133,4.54,4.36,6.12,0.116,3.41,2.34,0.0405,0.211,0.416,57.2,43,80,25,300,25.6,8.7,4.4,3.8,4.9,3.9,4.2,5.0,4.9,5.1,4.3,9.8,3.9,6.8,95.3,12.9,5.33
38.6,37.4,39.8,55.0,56.2,53.8,41.4,41.2,41.6,62.4,61.4,63.4,0.396,5.06,0.137,4.55,4.43,6.15,0.117,3.45,2.35,0.0396,0.21,0.418,53.7,40,84,30,300,2.2,7.3,3.8,5.7,4.4,3.3,3.8,4.3,4.7,3.3,4.6,9.4,4.3,6.2,67.3,19.9,8.4
38.5,40.4,36.6,55.0,55.8,54.2,39.8,40.8,38.8,62.2,62.4,62.0,0.396,5.11,0.137,4.66,4.35,6.21,0.12,3.4,2.37,0.0401,0.211,0.425,51.1,38,89,30,300,2.2,7.3,3.6,5.4,4.1,4.4,3.9,3.9,4.5,3.2,5.4,8.3,3.8,6.7,66.7,24.9,11.9
39.3,40.0,38.6,54.3,54.0,54.6,37.8,39.8,35.8,62.0,58.8,65.2,0.409,5.07,0.137,4.68,4.32,6.11,0.12,3.38,2.33,0.0391,0.214,0.418,49.1,36,85,29,300,3.5,8.0,4.0,4.1,4.3,3.9,4.7,3.6,4.7,3.4,3.9,8.7,3.5,5.4,65.7,28.5,14.4
37.0,38.0,36.0,54.8,57.4,52.2,38.7,41.6,35.8,60.3,61.0,59.6,0.402,5.06,0.136,4.68,4.23,6.13,0.119,3.44,2.36,0.0414,0.213,0.415,47.5,35,91,28,300,3.6,8.1,4.1,4.3,4.4,3.9,5.0,3.7,3.9,4.2,4.4,9.1,3.3,4.7,66.7,27.5,14.8
39.9,38.6,41.2,54.0,57.8,50.2,39.3,39.6,39.0,62.1,62.2,62.0,0.404,5.07,0.14,4.69,4.23,6.19,0.12,3.42,2.36,0.0394,0.214,0.422,46.2,34,87,27,300,2.4,7.4,4.6,4.2,4.0,4.7,5.1,3.8,4.7,4.4,4.9,8.5,2.8,5.6,67.1,27.1,15.1
37.1,39.2,35.0,60.0,62.6,57.4,40.4,39.8,41.0,62.9,61.8,64.0,0.396,4.97,0.139,4.71,4.23,6.19,0.113,3.45,2.35,0.0396,0.213,0.423,45.0,33,80,28,300,2.7,7.5,4.2,4.1,3.3,4.6,5.0,3.8,4.6,4.4,4.5,8.8,2.7,5.9,66.1,26.8,14.7
36.6,37.4,35.8,54.3,54.8,53.8,52.5,50.2,54.8,63.4,62.8,64.0,0.409,4.97,0.141,4.64,4.17,6.05,0.114,3.36,2.31,0.0408,0.783,0.418,46.4,34,140,33,300,3.7,8.0,4.1,4.2,3.7,4.2,4.0,4.7,3.3,3.7,4.5,7.3,2.3,5.6,63.3,26.9,15.0
38.7,39.0,38.4,54.1,54.0,54.2,39.3,39.0,39.6,61.2,60.6,61.8,0.401,4.97,0.14,4.68,4.18,6.1,0.114,3.44,2.38,0.0419,0.784,0.43,45.9,34,140,35,300,3.2,9.2,4.7,4.7,3.6,4.1,3.4,4.9,3.0,3.9,4.9,7.8,2.6,5.0,65.0,26.6,15.2
37.6,37.0,38.2,55.0,56.0,54.0,38.3,37.4,39.2,60.3,57.0,63.6,0.394,5.01,0.138,4.75,4.07,6.05,0.115,3.43,2.38,0.0418,0.784,0.428,45.1,33,94,28,300,2.3,10.8,4.5,5.3,3.5,3.2,3.6,4.7,2.8,4.8,4.1,9.2,3.0,4.6,66.4,26.0,15.6
39.0,40.8,37.2,55.3,57.0,53.6,36.8,37.0,36.6,61.2,60.6,61.8,0.406,4.99,0.137,4.74,4.14,6.02,0.114,3.45,2.35,0.0406,0.784,0.428,44.7,33,93,28,300,2.1,10.1,4.7,4.8,4.5,3.3,4.2,4.7,3.4,4.1,3.5,8.3,2.6,4.5,64.8,27.7,16.0
37.5,34.4,40.6,53.3,56.0,50.6,40.4,39.4,41.4,63.2,62.6,63.8,0.401,4.9,0.139,4.86,4.13,6.05,0.114,3.48,2.38,0.0405,0.783,0.432,44.1,32,89,28,300,1.6,8.1,4.2,3.7,4.3,3.8,4.7,5.0,3.8,3.8,4.8,8.9,2.8,4.9,64.4,25.9,16.1
37.8,35.2,40.4,55.2,56.8,53.6,36.9,36.8,37.0,62.4,60.2,64.6,0.4,4.99,0.14,4.9,4.07,6.02,0.113,3.37,2.41,0.0416,0.781,0.431,43.6,32,91,26,300,2.4,8.1,4.5,3.8,3.7,3.6,5.2,4.6,3.7,4.0,4.9,9.1,2.7,6.0,66.3,25.9,15.7
36.5,37.0,36.0,55.6,57.6,53.6,38.1,39.2,37.0,63.4,63.2,63.6,0.392,4.8,0.138,4.8,4.04,6.0,0.111,3.37,2.41,0.0406,0.782,0.422,43.2,31,91,27,300,2.8,8.8,5.4,4.2,4.1,3.5,4.4,3.6,4.1,5.0,3.9,8.1,2.2,4.5,64.6,25.7,15.5
41.4,41.6,41.2,57.5,58.4,56.6,41.4,42.2,40.6,60.0,58.8,61.2,0.403,4.92,0.142,4.86,4.08,6.09,0.117,3.43,2.39,0.0396,0.783,0.444,42.9,31,92,28,300,2.5,9.4,4.5,4.4,4.1,3.2,3.4,4.2,4.8,4.9,3.3,7.2,2.3,5.1,63.3,26.6,15.6
38.4,40.6,36.2,54.9,57.4,52.4,38.3,41.4,35.2,64.3,64.2,64.4,0.429,5.1,0.149,5.03,4.29,6.36,0.123,3.59,2.53,0.0409,0.793,0.469,42.7,31,91,29,300,2.6,10.0,5.1,3.9,4.5,3.8,3.5,3.8,4.3,4.1,4.1,7.8,2.9,6.5,66.9,27.2,15.3
38.7,41.2,36.2,53.6,56.6,50.6,38.9,40.8,37.0,62.6,61.6,63.6,0.464,5.39,0.155,5.31,4.56,6.77,0.131,3.79,2.64,0.0402,0.8,0.493,42.4,31,91,29,300,2.8,7.5,5.5,3.4,4.0,4.2,3.2,3.3,3.9,4.3,4.7,8.4,3.3,7.1,65.6,28.7,15.3
37.7,34.8,40.6,51.8,52.6,51.0,40.1,41.0,39.2,57.5,56.4,58.6,0.485,5.66,0.161,5.63,4.8,7.06,0.137,4.02,2.8,0.0413,0.809,0.519,42.0,31,83,27,300,2.9,7.0,4.7,4.2,3.2,4.0,3.8,3.3,3.7,4.7,4.8,8.4,3.4,7.2,65.3,28.8,15.1
38.1,37.6,38.6,43.5,41.4,45.6,40.3,40.2,40.4,37.2,37.6,36.8,0.507,5.93,0.166,5.86,4.99,7.39,0.142,4.22,2.94,0.0414,0.819,0.539,41.8,30,86,26,300,2.6,9.1,4.8,4.6,4.2,3.9,4.3,3.8,3.7,5.7,4.4,8.5,2.7,5.8,68.1,26.1,14.4
44.2,44.6,43.8,55.2,57.0,53.4,50.9,51.4,50.4,66.4,65.2,67.6,0.387,4.93,0.132,4.86,4.09,5.97,0.106,3.5,2.41,0.0418,0.784,0.431,95.4,80,230,100,300,73.3,11.3,7.75,6.0,4.75,4.0,5.75,6.0,5.75,3.75,6.0,11.8,4.5,8.75,159.0,7.96,2.72
38.9,41.2,36.6,55.2,58.2,52.2,39.2,36.8,41.6,59.3,61.2,57.4,0.395,4.93,0.136,4.79,4.11,6.03,0.11,3.45,2.38,0.0396,0.787,0.437,79.1,54,220,69,300,36.8,8.56,5.78,3.22,3.56,4.56,5.56,4.78,4.78,4.0,4.78,9.33,3.22,5.89,105.0,14.0,5.95
36.6,35.6,37.6,54.4,55.2,53.6,37.4,35.6,39.2,65.9,66.0,65.8,0.399,4.92,0.134,4.85,4.05,5.97,0.109,3.43,2.39,0.0407,0.787,0.433,70.0,45,91,27,300,5.5,8.0,3.7,3.5,3.5,5.3,4.1,4.2,3.7,4.9,3.7,8.7,2.9,5.1,66.8,20.6,8.46
37.0,39.6,34.4,56.3,57.6,55.0,40.8,43.0,38.6,67.0,63.6,70.4,0.386,5.02,0.134,4.85,4.02,5.92,0.109,3.46,2.38,0.0407,0.783,0.431,63.9,40,84,28,300,2.7,7.1,4.2,4.8,4.3,5.5,3.1,4.7,3.8,5.3,3.5,8.7,2.7,6.5,66.9,25.8,11.2
38.8,41.0,36.6,62.7,62.4,63.0,40.7,38.8,42.6,57.7,56.4,59.0,0.403,4.97,0.139,4.78,4.09,6.05,0.113,3.48,2.45,0.0407,0.213,0.435,60.6,38,90,30,300,2.6,7.3,4.3,4.4,3.9,5.2,4.5,4.1,4.4,4.8,3.4,8.4,2.7,5.8,65.8,29.1,14.9
35.9,35.4,36.4,53.7,54.2,53.2,37.4,34.0,40.8,69.1,67.6,70.6,0.404,5.01,0.136,4.89,4.04,5.99,0.111,3.47,2.38,0.0401,0.213,0.429,57.7,37,91,31,300,2.5,8.7,3.1,3.8,4.4,4.9,4.4,4.2,3.7,4.6,3.4,8.1,3.6,5.7,65.1,29.7,17.1
38.2,40.2,36.2,55.5,57.8,53.2,36.9,39.2,34.6,66.0,63.8,68.2,0.405,5.02,0.136,4.79,4.13,6.01,0.111,3.42,2.36,0.0414,0.21,0.424,55.2,36,88,28,300,2.4,7.6,4.8,2.5,4.0,4.4,3.6,5.0,3.4,4.0,3.6,7.5,3.0,6.0,61.8,29.3,16.2
36.2,35.8,36.6,57.5,59.4,55.6,38.8,35.8,41.8,60.8,61.4,60.2,0.381,4.98,0.134,4.8,4.05,6.0,0.109,3.4,2.36,0.0415,0.211,0.421,53.4,35,84,25,300,2.3,8.8,4.9,3.1,3.6,4.8,5.1,4.8,4.0,2.7,3.8,7.1,2.3,6.4,63.7,28.3,17.3
39.7,38.4,41.0,54.5,57.0,52.0,38.8,40.4,37.2,66.1,67.6,64.6,0.394,5.04,0.136,4.72,4.1,5.93,0.11,3.4,2.33,0.0428,0.21,0.422,52.1,34,91,29,300,3.3,10.2,3.7,3.0,4.6,4.5,5.0,3.4,3.4,3.5,3.4,6.9,2.3,5.8,63.0,30.1,17.8
40.1,41.4,38.8,55.8,56.4,55.2,40.5,38.2,42.8,68.9,67.2,70.6,0.412,5.08,0.137,4.84,4.12,6.0,0.113,3.45,2.38,0.0418,0.213,0.432,51.0,34,92,32,300,4.2,9.5,4.1,4.0,4.4,3.7,3.7,3.6,3.4,4.9,3.7,8.2,2.7,5.8,65.9,29.0,16.6
37.8,38.0,37.6,60.5,61.8,59.2,39.9,37.4,42.4,59.0,60.2,57.8,0.411,5.11,0.142,4.87,4.07,6.03,0.117,3.51,2.38,0.0418,0.214,0.441,50.1,34,92,32,300,3.2,8.0,4.6,4.9,4.3,4.1,4.6,4.7,4.5,3.3,4.0,9.7,3.3,6.7,69.9,28.7,14.6
38.8,40.6,37.0,54.0,55.4,52.6,39.1,37.6,40.6,64.3,63.4,65.2,0.412,5.0,0.136,4.75,4.09,6.02,0.111,3.51,2.37,0.043,0.214,0.427,49.5,34,98,31,300,2.9,8.2,4.7,4.0,4.3,4.0,5.3,4.9,4.9,2.7,4.0,9.4,3.1,5.2,67.6,30.2,16.3
37.1,36.2,38.0,53.2,53.6,52.8,36.6,34.8,38.4,67.2,66.2,68.2,0.397,5.07,0.133,4.85,4.06,6.0,0.109,3.41,2.33,0.041,0.209,0.43,48.6,33,87,29,300,3.2,8.5,4.1,4.2,3.8,3.3,5.6,5.1,4.2,3.3,4.5,8.8,2.3,4.6,65.5,31.0,15.9
37.1,37.2,37.0,62.2,65.2,59.2,38.0,38.2,37.8,62.6,62.6,62.6,0.376,5.07,0.132,4.83,4.11,5.87,0.106,3.46,2.39,0.0421,0.212,0.422,48.0,33,82,28,300,3.1,8.1,3.9,3.8,3.8,3.4,5.0,5.2,3.4,3.1,4.7,8.3,1.8,6.1,63.7,29.9,15.1
37.9,37.4,38.4,55.4,57.8,53.0,36.2,36.0,36.4,59.3,57.6,61.0,0.37,5.01,0.129,4.76,4.07,5.94,0.104,3.41,2.37,0.0423,0.209,0.419,47.6,33,91,31,300,2.3,8.3,3.7,3.3,3.9,3.7,3.9,5.9,4.3,4.0,4.3,7.7,1.8,6.7,63.8,29.5,16.1
36.2,32.2,40.2,54.4,55.8,53.0,37.7,37.0,38.4,66.2,66.0,66.4,0.359,4.95,0.128,4.77,4.04,5.92,0.104,3.43,2.37,0.0436,0.208,0.431,47.1,33,91,32,300,1.9,9.3,4.3,3.7,3.6,4.5,3.8,4.8,4.4,4.3,4.3,8.1,1.6,5.2,63.8,29.8,16.6
38.7,39.2,38.2,57.7,58.4,57.0,39.7,41.6,37.8,62.3,60.4,64.2,0.383,5.09,0.132,4.85,4.18,6.13,0.107,3.51,2.41,0.0437,0.209,0.444,46.7,33,88,29,300,1.8,9.6,4.3,4.6,3.1,4.4,4.7,3.1,3.7,4.4,4.3,7.9,2.1,5.4,63.4,29.2,15.3
37.1,34.8,39.4,60.8,61.6,60.0,39.6,42.6,36.6,60.5,59.6,61.4,0.402,5.29,0.138,5.11,4.38,6.35,0.111,3.68,2.58,0.043,0.22,0.473,46.3,33,86,29,300,2.4,10.4,3.4,5.4,4.0,3.8,4.7,2.9,3.6,4.0,4.2,7.9,2.6,6.0,65.3,28.0,15.9
39.7,41.6,37.8,55.4,57.0,53.8,38.9,40.4,37.4,66.7,67.1,66.3,0.419,5.68,0.141,5.43,4.69,6.79,0.117,3.87,2.72,0.0432,0.228,0.494,46.0,33,93,31,300,2.6,10.3,3.8,4.9,4.4,3.4,4.1,5.1,3.3,3.9,3.9,8.3,2.2,5.7,65.9,27.0,17.7
37.4,37.6,37.2,48.5,46.8,50.2,39.3,41.2,37.4,54.9,54.5,55.3,0.443,5.89,0.148,5.7,4.9,7.08,0.123,4.06,2.84,0.0447,0.235,0.517,46.1,33,110,30,300,3.3,9.1,3.8,4.6,4.4,2.7,4.8,5.5,3.6,4.3,3.4,8.3,2.3,6.3,66.4,27.8,16.6
65.1,64.4,65.8,46.4,48.8,44.0,73.0,73.2,72.8,34.3,34.8,33.8,0.356,5.17,0.121,4.91,4.22,6.24,0.0952,3.53,2.38,0.0424,0.209,0.427,88.6,80,190,82,400,74.0,9.33,6.0,6.0,4.67,4.67,7.0,7.0,4.33,5.33,5.33,12.7,3.33,6.0,156.0,1.4,0.482
39.5,39.6,39.4,45.3,45.4,45.2,40.7,40.8,40.6,35.1,35.6,34.6,0.354,5.22,0.121,4.92,4.26,6.29,0.0968,3.48,2.45,0.0421,0.211,0.436,73.5,61,180,60,400,54.3,10.0,7.13,5.5,4.88,5.75,6.5,6.13,4.88,5.38,6.88,11.8,3.38,7.63,140.0,3.04,1.02
41.6,40.8,42.4,51.6,49.6,53.6,43.7,45.2,42.2,36.0,33.8,38.2,0.362,5.29,0.124,5.08,4.26,6.37,0.103,3.61,2.49,0.0408,0.214,0.437,64.8,52,78,23,400,22.4,10.7,7.0,4.8,5.4,5.6,6.2,6.2,5.3,5.4,6.8,9.8,3.5,7.9,107.0,4.95,2.1
43.6,41.0,46.2,46.1,45.4,46.8,43.5,46.0,41.0,33.6,33.0,34.2,0.377,5.37,0.13,5.22,4.33,6.44,0.104,3.62,2.55,0.0405,0.221,0.437,58.7,45,87,27,400,3.3,10.8,5.7,4.7,5.0,4.1,6.5,6.7,5.5,5.3,5.8,9.6,3.5,7.1,83.6,6.19,3.43
42.2,42.4,42.0,48.2,50.4,46.0,44.8,44.4,45.2,36.4,34.0,38.8,0.373,5.45,0.13,5.28,4.39,6.66,0.106,3.65,2.57,0.0402,0.222,0.442,54.8,41,78,26,400,4.6,10.5,5.1,5.3,4.7,4.9,6.2,5.9,5.0,5.0,5.9,11.5,3.4,7.7,85.7,8.18,4.42
43.7,42.6,44.8,44.9,46.0,43.8,42.7,41.4,44.0,34.6,31.2,38.0,0.375,5.55,0.133,5.31,4.44,6.71,0.105,3.74,2.58,0.0399,0.224,0.443,51.9,37,82,27,400,4.6,10.6,5.1,5.7,5.3,6.0,6.0,5.3,5.3,5.3,5.2,12.4,3.8,8.6,89.2,8.11,4.91
43.5,44.2,42.8,48.9,47.6,50.2,43.3,46.4,40.2,38.8,38.2,39.4,0.376,5.63,0.129,5.37,4.63,6.69,0.104,3.72,2.65,0.0409,0.225,0.444,49.8,35,79,26,400,4.0,11.5,5.1,5.1,6.1,4.9,6.5,5.2,5.4,5.3,4.7,12.4,3.7,8.3,88.2,8.24,5.21
42.1,39.6,44.6,48.3,51.2,45.4,42.8,44.0,41.6,35.8,36.0,35.6,0.377,5.69,0.13,5.41,4.64,6.77,0.107,3.78,2.69,0.0407,0.226,0.451,48.4,35,79,27,400,4.1,12.4,4.7,4.3,6.3,5.9,6.1,5.5,4.5,5.1,5.4,12.5,3.3,8.0,88.1,8.37,5.18
44.0,44.4,43.6,49.0,50.2,47.8,47.4,47.0,47.8,32.5,34.2,30.8,0.401,5.73,0.139,5.47,4.76,6.93,0.116,3.89,2.72,0.0415,0.233,0.454,47.0,33,85,27,400,3.6,10.7,4.5,4.1,5.7,6.9,4.9,6.0,4.9,4.5,5.7,12.2,3.5,7.9,85.1,8.93,4.52
41.0,40.6,41.4,46.6,48.6,44.6,41.0,40.4,41.6,32.8,32.8,32.8,0.422,5.86,0.141,5.61,4.7,7.03,0.118,3.94,2.75,0.0404,0.235,0.469,45.9,32,84,25,400,3.9,11.4,5.2,4.1,6.7,5.5,6.0,5.7,4.8,3.8,4.9,11.7,4.2,7.9,85.8,8.38,4.56
44.3,42.8,45.8,47.7,48.6,46.8,43.8,41.2,46.4,35.0,34.0,36.0,0.434,5.9,0.147,5.71,4.85,7.18,0.123,4.02,2.78,0.0412,0.238,0.475,44.6,31,75,24,400,3.8,14.7,5.4,4.7,6.5,4.1,6.4,4.7,5.4,5.6,4.9,10.5,3.4,6.6,86.7,8.38,4.51
44.3,44.0,44.6,47.4,47.8,47.0,46.3,44.4,48.2,33.9,31.6,36.2,0.461,6.09,0.151,5.85,4.97,7.4,0.127,4.03,2.85,0.0389,0.24,0.482,44.3,31,91,26,400,3.2,13.8,4.9,4.9,5.9,4.8,6.0,5.0,6.2,5.8,6.6,12.4,3.6,5.6,88.7,8.06,4.26
42.6,43.0,42.2,45.8,49.2,42.4,45.1,47.0,43.2,36.9,36.0,37.8,0.47,6.11,0.156,5.89,5.01,7.44,0.131,4.05,2.89,0.0389,0.247,0.495,43.9,31,100,29,400,3.6,11.9,5.8,5.1,6.0,6.6,6.8,5.2,6.2,5.3,6.6,13.9,5.1,7.6,95.7,7.73,4.27
45.6,45.0,46.2,48.8,47.8,49.8,47.1,48.0,46.2,34.9,34.4,35.4,0.492,6.28,0.161,6.02,5.11,7.64,0.138,4.13,2.89,0.0397,0.248,0.494,43.2,30,87,28,400,4.3,11.4,5.6,6.4,4.8,6.1,5.5,4.9,6.4,5.1,5.3,11.3,4.4,7.8,89.3,7.5,4.47
40.2,40.8,39.6,52.3,53.4,51.2,57.2,56.2,58.2,34.2,38.0,30.4,0.503,6.21,0.164,6.01,5.08,7.61,0.14,4.25,2.94,0.0404,0.555,0.501,43.1,30,86,28,400,4.5,11.2,4.6,6.6,4.4,5.0,5.3,6.0,6.1,4.7,5.7,12.3,4.1,7.9,88.4,8.01,4.4
45.1,43.8,46.4,46.2,47.4,45.0,42.5,45.0,40.0,33.7,34.2,33.2,0.513,6.39,0.166,6.12,5.15,7.69,0.143,4.32,2.99,0.0382,0.755,0.506,42.9,30,99,29,400,2.9,11.5,4.7,5.5,5.2,5.5,5.4,6.2,5.7,5.8,6.4,12.1,4.3,7.9,89.1,7.86,5.05
43.8,44.8,42.8,47.3,46.8,47.8,44.4,46.4,42.4,33.1,32.6,33.6,0.531,6.44,0.169,6.23,5.31,7.95,0.147,4.37,3.04,0.039,0.757,0.521,42.6,30,98,28,400,2.6,12.0,4.8,4.7,5.8,6.1,4.5,5.6,6.9,6.2,6.0,10.6,3.6,6.6,86.0,7.85,5.15
42.3,40.8,43.8,44.7,45.4,44.0,41.6,38.2,45.0,33.7,33.4,34.0,0.557,6.81,0.176,6.53,5.56,8.33,0.154,4.59,3.2,0.0382,0.763,0.547,42.1,30,84,26,400,3.6,11.9,5.1,4.7,4.9,5.4,4.4,6.5,7.4,5.9,4.9,10.6,3.1,6.8,85.2,7.42,4.68
42.4,42.0,42.8,45.1,46.2,44.0,44.1,43.0,45.2,35.7,35.6,35.8,0.586,7.12,0.185,6.99,5.81,8.75,0.161,4.88,3.34,0.0399,0.777,0.574,41.8,30,85,26,400,3.1,10.6,6.2,5.6,4.6,5.2,4.8,6.2,6.0,5.2,4.5,9.4,3.2,7.7,82.3,7.46,4.84
42.5,42.0,43.0,44.3,43.4,45.2,43.6,44.6,42.6,29.9,29.8,30.0,0.623,7.46,0.192,7.32,6.2,9.18,0.168,5.06,3.57,0.0402,0.789,0.606,41.5,29,91,27,400,3.2,10.0,7.1,6.0,5.1,5.6,5.2,5.4,6.1,4.6,4.6,10.5,3.6,7.9,84.9,6.64,4.57
42.0,42.6,41.4,51.9,52.4,51.4,41.7,40.0,43.4,47.3,45.0,49.6,0.55,6.36,0.168,6.16,5.32,7.77,0.15,4.41,3.09,0.039,0.755,0.522,75.0,61,190,58,400,62.1,12.0,5.57,4.43,8.43,6.14,7.29,5.0,5.86,5.43,6.43,13.3,4.14,7.57,154.0,5.25,1.94
42.9,41.2,44.6,50.1,50.0,50.2,45.5,45.6,45.4,47.1,46.2,48.0,0.553,6.44,0.169,6.14,5.23,7.91,0.148,4.42,3.03,0.0388,0.755,0.52,65.4,50,130,31,400,28.7,10.6,6.6,5.5,7.1,5.5,6.1,5.8,6.5,5.2,6.2,13.6,5.0,6.8,119.0,7.69,3.65
43.1,43.4,42.8,51.6,54.0,49.2,41.9,40.4,43.4,48.5,46.8,50.2,0.554,6.43,0.173,6.16,5.24,7.75,0.148,4.39,3.07,0.0389,0.752,0.518,60.2,45,84,30,400,3.4,11.1,6.2,6.2,6.0,5.3,6.5,5.7,5.1,4.7,5.5,9.7,3.5,7.4,86.3,11.3,5.7
42.7,44.4,41.0,49.5,48.0,51.0,41.3,42.4,40.2,43.8,46.4,41.2,0.55,6.42,0.17,6.1,5.32,7.74,0.146,4.4,3.07,0.038,0.75,0.522,56.1,42,87,28,400,3.9,11.4,5.3,5.9,5.6,5.1,7.5,5.8,4.1,5.3,5.2,9.6,3.2,7.4,85.3,14.9,7.15
40.6,42.4,38.8,51.1,50.4,51.8,41.9,41.8,42.0,44.1,44.6,43.6,0.539,6.3,0.168,6.07,5.28,7.86,0.145,4.37,3.05,0.0398,0.749,0.518,53.3,39,81,25,400,4.2,11.1,5.3,5.3,5.9,5.0,5.7,5.8,5.7,7.1,5.4,11.4,4.0,5.9,87.8,16.0,8.27
43.2,45.6,40.8,50.1,53.0,47.2,43.0,44.6,41.4,45.6,43.8,47.4,0.534,6.35,0.163,6.07,5.28,7.73,0.143,4.3,3.07,0.0388,0.751,0.515,51.1,37,79,28,400,4.1,10.9,6.0,5.2,6.7,4.9,4.7,5.3,6.3,6.4,5.0,10.5,3.2,6.1,85.3,15.5,8.35
45.1,45.8,44.4,51.9,51.2,52.6,43.1,41.4,44.8,44.7,45.4,44.0,0.524,6.33,0.167,5.99,5.33,7.64,0.14,4.4,3.02,0.0389,0.751,0.51,49.2,36,76,29,400,3.9,11.4,6.6,6.1,6.3,4.6,5.4,5.5,6.0,5.5,4.8,10.5,3.3,6.8,86.7,15.7,8.75
43.4,43.0,43.8,51.9,52.2,51.6,42.3,45.0,39.6,42.3,42.6,42.0,0.52,6.3,0.166,5.88,5.34,7.62,0.141,4.33,3.05,0.0389,0.747,0.507,48.5,35,93,29,400,3.6,11.6,5.8,5.9,5.4,5.4,6.4,5.9,5.7,6.6,5.4,11.7,3.6,7.9,90.9,15.4,8.12
43.8,41.8,45.8,49.4,48.8,50.0,44.1,42.2,46.0,45.6,45.6,45.6,0.509,6.16,0.163,5.9,5.35,7.71,0.137,4.39,3.05,0.0388,0.747,0.509,48.2,34,97,29,400,3.3,10.7,5.2,5.9,5.1,5.8,5.4,5.2,4.4,6.6,4.4,10.9,3.9,7.4,84.2,13.9,7.84
42.6,43.6,41.6,51.1,52.0,50.2,41.2,42.6,39.8,42.8,38.4,47.2,0.493,6.25,0.159,5.89,5.37,7.57,0.136,4.36,3.04,0.0378,0.442,0.514,47.5,34,97,29,400,3.4,12.3,5.8,6.3,5.6,5.7,5.3,4.6,4.6,6.2,4.7,10.4,3.5,7.7,86.1,14.1,7.59
43.5,41.8,45.2,56.1,56.8,55.4,42.2,43.4,41.0,43.6,40.6,46.6,0.493,6.18,0.16,5.79,5.39,7.76,0.133,4.32,3.05,0.0389,0.249,0.513,46.7,34,88,29,400,3.1,13.2,5.1,6.2,5.7,5.0,5.1,6.3,4.8,6.5,4.9,10.6,2.8,8.8,88.1,14.3,8.1
43.6,42.4,44.8,48.5,46.4,50.6,44.4,42.8,46.0,43.4,40.6,46.2,0.496,6.22,0.161,5.83,5.44,7.71,0.137,4.3,3.02,0.0401,0.25,0.516,46.3,33,90,31,400,3.5,12.4,5.0,6.6,5.2,4.2,4.6,6.0,4.8,6.3,5.7,10.8,3.8,7.7,86.6,13.9,8.11
42.1,43.2,41.0,52.8,52.0,53.6,41.9,41.0,42.8,43.5,44.2,42.8,0.503,6.18,0.164,5.86,5.52,7.74,0.138,4.33,3.03,0.04,0.255,0.518,45.7,33,92,28,400,4.5,12.8,5.6,5.9,5.3,4.2,4.9,4.0,5.9,6.1,5.9,11.1,4.0,6.8,87.0,14.1,8.22
45.0,44.8,45.2,50.7,50.4,51.0,43.4,45.6,41.2,44.1,43.0,45.2,0.504,6.21,0.16,5.7,5.57,7.76,0.139,4.27,3.07,0.0393,0.251,0.521,45.1,32,83,27,400,4.3,10.9,5.8,4.4,6.0,4.5,4.6,4.6,4.5,6.6,4.8,10.8,3.2,7.6,82.6,14.2,8.44
43.7,43.6,43.8,51.7,54.2,49.2,46.1,43.6,48.6,46.6,48.0,45.2,0.502,6.25,0.163,5.81,5.43,7.76,0.139,4.4,3.05,0.0383,0.251,0.52,44.5,32,84,28,400,4.3,10.4,5.2,4.6,5.9,5.6,4.7,5.6,4.8,5.6,4.6,11.3,3.5,8.7,84.8,14.7,8.61
42.5,44.0,41.0,51.8,50.4,53.2,41.7,43.4,40.0,44.4,44.6,44.2,0.494,6.16,0.161,5.73,5.53,7.82,0.137,4.29,2.98,0.0404,0.249,0.524,43.9,32,82,26,400,4.3,11.8,4.3,5.7,5.3,6.1,5.3,6.0,5.7,4.7,5.2,11.1,3.7,8.7,87.9,14.1,8.6
43.4,42.6,44.2,50.7,52.0,49.4,44.7,44.0,45.4,45.0,46.6,43.4,0.527,6.52,0.169,6.04,5.89,8.2,0.145,4.53,3.19,0.0396,0.26,0.555,43.8,32,89,28,400,3.8,11.5,5.0,5.6,5.2,5.6,5.7,6.9,5.9,4.1,5.0,10.8,3.5,7.4,86.0,15.5,8.04
43.8,42.2,45.4,51.5,52.0,51.0,41.6,42.8,40.4,43.8,43.4,44.2,0.55,6.91,0.176,6.38,6.16,8.63,0.155,4.8,3.37,0.0394,0.27,0.581,43.4,31,93,29,400,3.6,10.3,6.2,5.2,6.2,6.1,5.0,6.1,6.4,3.7,5.2,10.8,3.3,6.7,84.8,14.8,8.09
44.4,43.2,45.6,48.9,51.4,46.4,44.4,46.4,42.4,44.3,42.2,46.4,0.587,7.24,0.186,6.7,6.47,9.05,0.162,5.11,3.51,0.0396,0.281,0.609,43.2,31,90,29,400,3.6,10.5,5.7,6.1,6.3,6.1,4.6,5.6,6.0,4.5,5.6,10.6,3.8,7.7,86.7,15.2,8.18
44.1,44.2,44.0,34.2,36.4,32.0,43.2,40.8,45.6,30.9,30.8,31.0,0.615,7.56,0.194,7.03,6.84,9.53,0.171,5.31,3.71,0.0396,0.294,0.639,42.9,31,89,29,400,3.4,10.7,5.5,5.5,6.6,5.6,5.7,6.9,4.9,6.0,4.4,11.0,4.0,8.1,88.3,13.2,7.67
52.3,50.4,54.2,51.0,52.8,49.2,55.8,56.6,55.0,48.9,48.4,49.4,0.499,6.39,0.162,5.74,5.6,7.78,0.135,4.34,3.0,0.039,0.25,0.505,85.1,68,210,71,400,70.4,11.0,7.4,6.6,4.8,4.0,3.8,4.8,5.8,7.0,5.4,9.4,3.2,8.8,152.0,5.08,1.8
46.6,45.2,48.0,54.4,54.0,54.8,43.6,43.6,43.6,53.1,54.4,51.8,0.513,6.32,0.17,5.74,5.65,7.92,0.142,4.4,2.98,0.038,0.248,0.516,71.3,53,210,61,400,44.2,11.4,7.0,5.6,4.9,4.4,3.8,5.1,5.8,6.2,4.8,10.2,3.5,8.1,125.0,8.67,3.27
41.7,40.2,43.2,53.0,55.4,50.6,39.3,37.4,41.2,52.1,50.6,53.6,0.512,6.37,0.16,5.64,5.56,7.89,0.14,4.27,3.0,0.0389,0.251,0.507,64.1,45,90,30,400,10.9,12.3,5.9,4.7,6.1,5.5,4.5,5.8,6.3,6.1,4.9,11.7,4.2,7.7,96.6,12.6,5.09
42.6,40.6,44.6,54.8,55.0,54.6,42.6,42.2,43.0,52.4,50.6,54.2,0.497,6.33,0.16,5.66,5.59,7.89,0.138,4.37,2.99,0.04,0.25,0.514,59.7,41,100,29,400,3.5,12.8,5.5,5.2,6.6,5.1,5.8,5.6,6.2,5.5,5.8,11.1,3.6,7.0,89.3,16.8,7.63
46.0,42.8,49.2,53.7,55.2,52.2,43.2,44.2,42.2,50.1,49.2,51.0,0.506,6.39,0.165,5.65,5.64,7.83,0.142,4.32,3.02,0.0401,0.249,0.519,56.3,39,97,30,400,3.6,11.6,6.6,5.2,5.9,4.6,6.2,6.1,5.9,4.1,5.6,11.1,3.2,6.3,86.0,20.2,9.48
46.6,46.0,47.2,53.5,55.4,51.6,43.1,43.8,42.4,50.8,48.2,53.4,0.521,6.32,0.169,5.58,5.74,7.99,0.141,4.37,3.02,0.0401,0.256,0.522,53.8,38,87,31,400,4.0,9.5,7.7,5.2,5.8,5.9,5.4,6.4,6.1,4.7,5.7,12.7,4.4,7.3,90.8,19.5,10.0
43.3,44.6,42.0,53.0,52.8,53.2,43.1,45.0,41.2,48.9,46.6,51.2,0.52,6.41,0.167,5.72,5.76,7.96,0.144,4.37,3.04,0.04,0.252,0.522,52.3,37,90,31,400,4.2,8.9,6.5,5.3,5.7,6.0,5.9,5.4,6.2,5.1,6.9,13.0,4.7,7.8,91.6,19.7,10.5
44.1,42.8,45.4,60.0,62.6,57.4,42.7,42.4,43.0,51.7,51.8,51.6,0.509,6.41,0.17,5.65,5.71,7.87,0.143,4.33,3.07,0.038,0.251,0.518,50.7,36,88,31,400,4.1,9.6,5.0,5.8,5.4,5.5,6.0,5.6,5.5,5.9,6.7,11.7,3.4,8.1,88.3,19.3,10.8
45.7,46.4,45.0,52.9,55.0,50.8,40.4,41.8,39.0,48.8,50.0,47.6,0.524,6.39,0.171,5.62,5.7,7.89,0.146,4.37,3.06,0.038,0.252,0.528,49.6,36,83,30,400,3.7,10.0,5.9,5.9,5.2,5.9,4.6,6.5,4.4,6.2,6.1,11.5,3.9,7.5,87.3,18.5,9.99
45.1,44.6,45.6,53.5,56.2,50.8,42.6,43.0,42.2,51.1,49.5,52.7,0.527,6.34,0.173,5.58,5.82,7.95,0.146,4.45,3.09,0.0381,0.25,0.529,48.6,35,86,28,400,3.6,9.9,6.2,5.2,5.0,5.6,5.1,6.0,4.8,5.0,6.2,12.7,4.9,7.0,87.2,19.0,10.7
45.7,45.4,46.0,52.9,53.2,52.6,40.6,43.0,38.2,50.3,48.3,52.3,0.514,6.32,0.167,5.48,5.84,7.97,0.145,4.36,3.05,0.0401,0.251,0.53,48.2,35,97,30,400,3.9,11.7,6.0,5.2,4.6,5.2,5.4,5.5,5.8,5.1,6.1,11.8,4.1,7.8,88.2,18.1,11.1
43.4,44.4,42.4,53.1,52.8,53.4,42.3,42.0,42.6,51.4,50.4,52.4,0.522,6.29,0.172,5.44,5.84,7.97,0.148,4.38,3.15,0.0382,0.249,0.528,47.6,35,100,32,400,3.2,11.0,6.1,6.2,4.9,5.4,5.0,5.9,6.3,5.3,5.8,12.2,3.5,7.0,87.8,19.1,10.6
42.8,42.2,43.4,50.8,51.8,49.8,44.1,45.2,43.0,51.6,51.0,52.2,0.513,6.29,0.172,5.44,5.89,7.9,0.146,4.45,3.11,0.0393,0.25,0.527,47.1,34,96,30,400,3.2,10.6,5.3,5.2,5.6,5.6,4.9,5.0,5.9,5.1,5.3,11.3,3.5,6.6,83.1,18.8,10.6
44.3,46.6,42.0,54.4,55.0,53.8,42.9,40.8,45.0,53.5,52.6,54.4,0.515,6.24,0.166,5.47,5.92,7.89,0.142,4.38,3.07,0.0385,0.252,0.539,46.6,34,94,29,400,4.2,13.4,4.6,3.9,6.6,5.9,3.9,5.2,5.8,5.4,4.7,9.3,3.0,6.5,82.4,19.7,10.9
41.9,43.2,40.6,52.7,54.8,50.6,39.9,39.8,40.0,49.4,50.2,48.6,0.504,6.23,0.166,5.42,5.91,7.85,0.141,4.34,3.1,0.0396,0.251,0.539,46.1,34,92,28,400,4.9,13.0,5.2,4.8,7.4,6.7,3.6,5.4,6.5,4.9,4.4,11.1,2.5,6.6,87.0,18.8,10.3
46.9,46.0,47.8,53.5,55.6,51.4,45.9,44.6,47.2,50.4,48.8,52.0,0.502,6.25,0.165,5.34,5.88,7.77,0.141,4.38,3.08,0.0409,0.253,0.539,45.6,33,92,29,400,4.7,11.6,5.6,5.7,6.2,7.1,5.1,4.5,6.4,3.5,5.4,11.1,2.9,7.2,87.0,19.9,10.1
42.9,44.2,41.6,54.1,54.2,54.0,44.1,44.8,43.4,49.2,47.2,51.2,0.507,6.43,0.169,5.58,6.16,8.21,0.146,4.48,3.16,0.0399,0.259,0.562,45.4,33,95,30,400,3.9,10.8,5.0,5.6,5.8,6.6,5.5,5.0,5.8,4.8,6.5,10.6,3.4,7.8,87.1,18.4,10.2
44.3,44.0,44.6,51.6,52.0,51.2,59.3,61.4,57.2,50.7,50.2,51.2,0.545,6.84,0.177,5.86,6.56,8.65,0.154,4.67,3.36,0.0402,0.856,0.589,45.7,33,110,35,400,4.1,10.8,4.5,4.8,5.9,5.5,5.1,5.5,6.0,6.1,6.2,11.9,3.0,8.2,87.6,18.7,10.1
45.5,44.2,46.8,53.1,52.2,54.0,41.5,42.6,40.4,49.1,48.0,50.2,0.571,7.18,0.185,6.06,6.83,8.96,0.162,4.96,3.48,0.0412,0.867,0.618,45.3,33,110,34,400,4.0,12.0,5.2,5.5,5.4,5.0,5.5,5.4,5.1,5.5,5.5,10.2,3.0,7.0,84.3,18.4,9.89
43.6,46.2,41.0,54.8,55.0,54.6,44.2,43.6,44.8,51.7,50.0,53.4,0.609,7.57,0.192,6.45,7.22,9.42,0.166,5.2,3.67,0.0403,0.878,0.651,44.9,33,80,29,400,3.6,12.3,6.1,6.0,5.1,4.8,5.8,6.5,3.5,5.5,4.5,9.2,4.4,8.0,85.3,18.4,10.1
44.5,43.0,46.0,57.7,56.0,59.4,43.3,43.0,43.6,51.3,50.0,52.6,0.649,7.94,0.202,6.82,7.53,9.91,0.178,5.43,3.88,0.0404,0.89,0.681,44.6,33,86,29,400,3.3,11.7,6.0,5.6,4.4,5.3,5.3,6.8,4.0,5.4,4.7,10.1,4.3,8.5,85.4,19.3,10.4
41.3,44.2,38.4,51.2,50.2,52.2,39.9,38.4,41.4,48.4,46.8,50.0,0.675,8.15,0.207,7.0,7.84,10.3,0.186,5.71,4.01,0.0399,0.899,0.713,44.3,33,89,28,400,3.2,12.3,5.3,5.5,4.8,5.9,5.4,5.9,4.7,5.6,5.8,9.9,3.7,7.3,85.3,19.5,11.3
43.1,42.8,43.4,33.4,35.6,31.2,42.5,43.8,41.2,30.9,30.4,31.4,0.703,8.56,0.209,7.24,7.74,10.3,0.185,5.98,4.2,0.0407,0.903,0.718,44.3,33,100,29,400,2.7,12.0,4.3,6.4,5.4,5.0,5.4,5.7,5.8,5.2,6.4,10.2,3.9,6.3,84.7,17.6,11.0
52.9,52.6,53.2,56.7,58.2,55.2,56.2,53.6,58.8,60.4,58.2,62.6,0.517,6.29,0.156,5.41,5.81,7.78,0.137,4.41,3.08,0.0404,0.836,0.518,98.6,76,300,83,400,69.0,9.6,7.2,5.8,4.8,5.8,5.2,6.2,4.6,7.2,5.8,11.0,3.4,7.4,153.0,5.5,2.02
43.2,45.2,41.2,59.2,61.6,56.8,42.6,42.2,43.0,62.3,61.2,63.4,0.496,6.31,0.154,5.43,5.86,7.76,0.134,4.35,3.02,0.0396,0.835,0.517,81.7,55,290,70,400,43.5,9.0,6.5,5.8,4.8,5.5,5.3,6.0,4.6,6.6,5.2,12.0,3.7,7.5,126.0,10.5,4.46
43.0,43.8,42.2,63.2,63.8,62.6,39.5,39.2,39.8,62.8,63.8,61.8,0.488,6.39,0.153,5.37,5.71,7.63,0.132,4.28,3.05,0.0398,0.839,0.512,73.6,48,94,32,400,10.8,10.5,5.2,5.6,5.6,5.9,5.3,6.4,4.6,5.8,5.0,12.6,4.2,7.8,95.3,16.4,8.06
43.1,44.2,42.0,58.3,59.8,56.8,44.5,44.2,44.8,64.0,61.0,67.0,0.492,6.34,0.158,5.41,5.75,7.59,0.133,4.32,3.06,0.0388,0.833,0.508,69.3,45,120,33,400,3.2,12.1,4.7,4.8,6.0,6.5,5.2,6.2,4.4,5.8,4.7,11.5,3.6,8.1,86.8,21.9,10.8
46.3,44.6,48.0,56.3,56.0,56.6,41.2,41.2,41.2,61.9,59.8,64.0,0.488,6.34,0.155,5.45,5.7,7.64,0.132,4.29,3.01,0.0398,0.834,0.514,66.0,44,120,36,400,4.3,11.3,5.1,4.7,5.7,5.8,5.1,5.5,4.9,5.7,4.9,11.2,3.3,8.1,85.6,28.7,14.6
44.1,43.2,45.0,62.3,64.2,60.4,44.4,46.0,42.8,62.0,60.2,63.8,0.489,6.32,0.159,5.45,5.62,7.82,0.132,4.24,3.01,0.0397,0.836,0.535,62.6,42,110,35,400,4.4,10.3,5.4,5.2,6.3,5.7,4.6,5.3,5.6,5.5,6.2,11.9,3.8,7.8,88.0,28.6,15.2
44.4,43.6,45.2,56.1,58.2,54.0,44.5,45.0,44.0,61.9,62.4,61.4,0.506,6.35,0.167,5.38,5.65,7.86,0.14,4.28,3.06,0.0407,0.836,0.527,60.8,41,100,36,400,3.1,11.9,5.7,4.5,7.3,5.3,4.2,4.6,5.5,5.1,6.2,13.5,4.8,8.2,89.9,28.5,15.6
44.2,41.4,47.0,59.7,62.4,57.0,44.5,43.6,45.4,64.8,64.6,65.0,0.511,6.35,0.165,5.44,5.69,7.9,0.143,4.28,3.08,0.0396,0.838,0.525,58.7,40,98,36,400,3.1,12.9,5.6,4.4,5.9,4.7,5.4,5.0,5.9,5.1,6.1,12.6,4.7,8.3,89.7,28.9,14.7
42.5,39.8,45.2,58.2,60.4,56.0,40.7,39.8,41.6,62.1,61.2,63.0,0.52,6.32,0.165,5.56,5.72,7.86,0.141,4.26,3.07,0.0387,0.833,0.528,57.0,39,93,32,400,3.0,11.3,5.8,5.8,4.8,5.8,5.8,6.1,5.8,5.4,5.9,10.8,3.4,7.5,87.2,28.7,14.8
44.3,43.6,45.0,59.9,60.0,59.8,41.9,42.2,41.6,60.7,59.8,61.6,0.521,6.29,0.166,5.42,5.68,7.79,0.14,4.25,3.06,0.0408,0.833,0.525,55.7,38,97,31,400,3.1,10.7,5.8,6.1,5.5,6.2,5.8,5.6,5.5,5.1,5.2,11.3,3.3,7.7,86.9,26.3,14.5
43.9,45.0,42.8,57.2,58.0,56.4,43.6,44.6,42.6,61.9,60.2,63.6,0.508,6.3,0.167,5.53,5.54,7.75,0.141,4.37,3.07,0.0388,0.247,0.538,54.7,37,98,32,400,3.0,10.4,5.7,5.6,4.7,5.3,6.3,5.4,5.6,4.8,5.6,11.5,3.2,9.0,86.1,26.6,15.1
41.8,43.6,40.0,60.3,62.0,58.6,42.1,43.6,40.6,60.1,59.0,61.2,0.523,6.23,0.165,5.56,5.66,7.77,0.143,4.31,3.09,0.0399,0.249,0.54,53.7,37,91,31,400,2.9,10.4,5.7,5.3,3.7,5.8,5.8,6.1,5.3,4.9,5.5,11.7,4.1,8.4,85.6,26.8,15.4
44.7,45.2,44.2,61.6,63.8,59.4,43.9,43.6,44.2,64.2,62.7,65.7,0.521,6.26,0.165,5.46,5.58,7.89,0.146,4.29,3.1,0.0399,0.252,0.53,53.0,37,94,33,400,3.4,11.2,4.9,5.4,4.5,5.7,5.4,5.7,5.3,4.8,5.7,9.9,4.3,8.0,84.2,26.1,16.0
44.9,43.8,46.0,60.5,60.4,60.6,42.6,43.0,42.2,63.9,62.3,65.5,0.509,6.2,0.166,5.42,5.63,7.73,0.144,4.39,3.12,0.0411,0.251,0.544,52.3,37,98,33,400,3.4,11.2,5.3,5.6,5.8,5.1,5.6,5.7,5.7,4.8,5.5,10.8,3.7,9.1,87.3,26.0,16.2
42.6,43.4,41.8,65.4,67.2,63.6,40.2,37.0,43.4,64.2,63.2,65.2,0.508,6.3,0.168,5.56,5.59,7.84,0.142,4.35,3.13,0.0412,0.25,0.54,51.8,36,96,34,400,2.9,12.1,5.7,5.0,6.4,5.4,5.2,6.0,5.3,5.9,4.3,11.5,3.6,8.4,87.7,26.9,14.9
44.9,45.6,44.2,60.9,61.0,60.8,41.4,44.0,38.8,62.4,59.8,65.0,0.513,6.2,0.169,5.5,5.65,7.92,0.146,4.34,3.12,0.0416,0.249,0.546,51.4,36,99,36,400,3.1,12.1,5.1,5.0,6.8,5.0,4.8,5.8,5.3,6.2,4.7,10.8,3.8,6.7,85.2,27.9,16.8
46.4,45.8,47.0,57.8,58.0,57.6,44.5,41.8,47.2,62.8,62.2,63.4,0.537,6.48,0.175,5.7,5.95,8.24,0.154,4.45,3.21,0.041,0.257,0.575,51.2,37,100,38,400,3.3,9.7,5.0,5.6,6.7,5.2,5.1,6.0,5.8,5.6,5.7,12.4,4.5,8.1,88.7,28.2,16.7
45.5,45.6,45.4,61.6,63.8,59.4,45.8,43.4,48.2,62.6,61.2,64.0,0.582,6.76,0.185,6.01,6.24,8.66,0.168,4.72,3.42,0.0422,0.271,0.61,51.0,37,110,36,400,3.4,9.9,5.4,6.2,6.0,6.0,4.3,6.1,5.2,5.5,6.6,13.4,4.7,9.0,91.7,28.0,16.4
43.7,41.6,45.8,55.2,58.8,51.6,42.2,39.4,45.0,61.8,61.8,61.8,0.61,7.11,0.193,6.32,6.6,9.13,0.174,4.96,3.6,0.0411,0.283,0.64,50.8,37,120,35,400,4.6,10.2,6.5,6.7,5.4,6.1,4.4,5.9,4.7,5.7,6.2,13.0,3.9,7.4,90.7,27.6,15.9
44.1,47.0,41.2,50.2,53.4,47.0,42.7,42.6,42.8,44.4,44.4,44.4,0.623,7.48,0.196,6.64,6.99,9.51,0.18,5.2,3.77,0.0426,0.292,0.674,50.3,36,100,32,400,4.0,11.5,7.8,7.2,5.7,5.7,4.6,5.7,4.5,5.3,5.4,10.7,3.0,7.5,88.6,26.5,16.4
42.9,44.2,41.6,58.5,57.6,59.4,40.6,39.4,41.8,65.9,65.0,66.8,0.535,6.32,0.167,5.59,5.74,7.87,0.151,4.37,3.14,0.0412,0.25,0.544,85.2,73,210,70,400,60.6,15.7,5.29,7.29,5.29,5.29,6.43,6.0,6.43,5.29,5.71,9.71,3.86,8.57,151.0,11.7,4.84
44.5,45.4,43.6,56.9,58.8,55.0,43.1,46.0,40.2,71.1,71.6,70.6,0.531,6.32,0.166,5.57,5.8,7.86,0.147,4.4,3.11,0.0414,0.249,0.539,73.3,58,170,35,400,30.2,13.7,5.3,6.7,5.1,5.9,6.6,5.8,6.7,4.9,6.6,12.1,4.2,8.2,122.0,18.3,8.7
42.2,41.4,43.0,62.6,64.6,60.6,42.3,45.2,39.4,55.6,52.0,59.2,0.521,6.31,0.163,5.63,5.73,7.94,0.144,4.4,3.11,0.0426,0.247,0.539,66.9,51,92,31,400,3.6,11.1,5.8,5.3,5.7,5.1,6.9,5.4,5.9,4.1,5.3,11.7,3.8,6.9,86.6,23.5,11.5
40.6,39.8,41.4,56.1,58.6,53.6,40.6,40.4,40.8,67.5,66.8,68.2,0.498,6.36,0.16,5.56,5.7,7.93,0.142,4.39,3.1,0.0415,0.252,0.539,62.8,47,92,31,400,4.6,10.9,6.2,5.7,6.3,6.1,5.8,5.6,6.4,3.2,4.3,11.0,2.7,7.2,86.0,29.4,14.9
43.8,45.4,42.2,58.8,60.6,57.0,43.3,43.0,43.6,61.5,58.6,64.4,0.49,6.31,0.16,5.6,5.73,7.81,0.142,4.38,3.1,0.0403,0.253,0.537,59.5,43,97,30,400,4.9,8.9,6.4,5.9,4.6,6.3,5.1,6.0,6.1,3.9,5.0,10.2,1.7,7.4,82.4,29.2,15.0
45.4,44.8,46.0,63.3,65.2,61.4,41.0,40.2,41.8,60.4,58.4,62.4,0.497,6.25,0.156,5.52,5.79,7.91,0.139,4.34,3.05,0.0412,0.25,0.528,57.3,41,99,29,400,4.2,10.1,6.0,5.4,3.8,5.7,5.9,6.3,5.3,5.2,5.3,10.2,2.3,7.9,83.6,28.3,15.8
43.7,42.6,44.8,55.8,57.2,54.4,46.9,47.0,46.8,63.7,63.0,64.4,0.494,6.27,0.158,5.61,5.68,7.99,0.137,4.31,3.13,0.0404,0.25,0.524,56.3,41,110,33,400,3.7,12.4,5.6,5.3,5.2,6.2,6.3,5.9,5.4,5.0,5.3,11.7,3.0,7.4,88.4,27.3,16.1
43.2,43.4,43.0,59.3,60.2,58.4,40.7,39.4,42.0,68.5,68.4,68.6,0.473,6.25,0.156,5.62,5.67,7.75,0.133,4.3,3.08,0.0414,0.248,0.537,54.3,39,96,31,400,3.8,12.2,6.5,5.7,5.7,5.3,6.2,5.4,4.8,4.1,6.1,10.9,3.6,7.4,87.7,29.6,16.3
45.0,43.4,46.6,62.2,63.8,60.6,43.3,44.0,42.6,58.7,57.2,60.2,0.467,6.19,0.155,5.62,5.64,7.94,0.136,4.2,2.99,0.0403,0.247,0.528,53.2,39,86,31,400,3.8,11.3,6.9,5.9,5.1,4.5,6.0,4.9,4.7,4.5,5.3,9.6,3.0,7.8,83.3,26.3,15.8
41.7,41.8,41.6,59.2,61.0,57.4,43.4,45.4,41.4,63.6,64.6,62.6,0.485,6.27,0.156,5.59,5.66,7.78,0.133,4.28,3.09,0.0401,0.249,0.533,52.4,38,99,32,400,3.6,10.5,6.5,5.6,4.4,5.3,6.5,4.7,5.0,5.6,5.0,12.1,3.6,7.7,86.1,28.2,16.7
44.8,46.2,43.4,63.9,66.8,61.0,43.7,44.0,43.4,68.1,67.6,68.6,0.485,6.32,0.157,5.57,5.71,7.76,0.136,4.28,3.1,0.0402,0.252,0.527,51.9,38,100,36,400,4.2,10.2,5.6,5.3,3.6,5.7,5.4,6.7,5.9,6.0,6.5,13.6,4.4,6.7,89.8,30.3,16.9
45.6,45.4,45.8,63.2,63.6,62.8,43.9,43.4,44.4,63.2,65.8,60.6,0.486,6.24,0.157,5.58,5.62,7.79,0.133,4.32,3.08,0.0414,0.247,0.539,51.2,38,100,35,400,4.7,11.2,5.6,5.6,4.6,5.7,4.5,6.1,5.6,6.0,5.7,12.4,3.8,7.5,89.0,29.3,16.6
44.3,42.6,46.0,56.7,60.4,53.0,43.3,42.2,44.4,65.0,65.2,64.8,0.473,6.29,0.154,5.59,5.7,7.83,0.128,4.24,3.04,0.0402,0.244,0.532,51.4,38,120,36,400,4.7,11.9,5.9,5.4,5.3,5.4,4.1,6.2,4.5,6.0,5.5,11.9,4.1,8.5,89.4,27.3,17.2
44.8,41.6,48.0,58.8,58.0,59.6,43.8,43.4,44.2,68.5,69.4,67.6,0.478,6.24,0.153,5.56,5.69,7.88,0.128,4.25,3.05,0.0407,0.247,0.534,50.7,38,110,36,400,5.1,11.9,5.4,5.5,4.7,4.7,4.5,6.5,5.5,6.0,5.4,10.7,3.5,7.9,87.3,32.2,17.1
43.7,44.4,43.0,61.3,63.6,59.0,43.2,44.6,41.8,65.1,63.6,66.6,0.495,6.3,0.159,5.56,5.57,7.84,0.13,4.33,3.02,0.0404,0.25,0.533,50.2,37,93,31,400,4.9,10.9,5.8,5.5,4.6,5.9,5.0,4.4,6.3,5.7,5.0,11.6,3.8,7.3,86.7,29.7,16.5
42.8,43.6,42.0,58.5,61.4,55.6,42.3,41.8,42.8,59.6,60.0,59.2,0.497,6.28,0.16,5.54,5.69,7.88,0.132,4.3,3.06,0.0405,0.254,0.541,50.0,37,100,32,400,4.0,11.1,6.9,5.9,4.5,6.2,5.2,4.6,6.2,5.4,5.7,13.0,4.3,7.4,90.4,28.4,16.8
44.5,45.0,44.0,56.9,58.0,55.8,57.6,58.0,57.2,68.6,65.6,71.6,0.521,6.59,0.165,5.86,5.97,8.26,0.141,4.5,3.25,0.0405,0.807,0.574,49.7,37,100,34,400,4.3,12.0,6.7,6.3,5.0,4.7,5.0,4.2,5.6,5.5,5.7,11.2,3.7,8.1,88.0,31.0,15.0
45.4,45.2,45.6,61.8,63.4,60.2,44.0,45.2,42.8,64.8,62.8,66.8,0.557,6.9,0.177,6.16,6.34,8.65,0.149,4.81,3.43,0.0407,0.814,0.613,49.4,37,95,37,400,4.8,11.4,4.8,5.9,5.7,5.6,5.2,4.2,5.5,6.3,5.3,10.4,3.6,6.4,85.1,30.3,14.6
43.3,42.4,44.2,58.4,60.4,56.4,41.5,38.6,44.4,60.8,58.8,62.8,0.594,7.22,0.183,6.48,6.72,9.08,0.158,5.02,3.6,0.0418,0.828,0.643,49.4,37,110,36,400,3.8,10.6,5.5,5.4,5.4,7.0,5.1,5.2,5.5,5.6,5.7,11.9,4.3,5.7,86.7,29.2,15.7
44.0,47.6,40.4,28.7,25.4,32.0,41.9,39.6,44.2,38.8,40.2,37.4,0.626,7.56,0.191,6.75,7.03,9.6,0.166,5.29,3.8,0.0424,0.84,0.672,49.1,37,100,32,400,3.3,9.9,6.5,5.7,4.9,5.8,4.5,6.8,4.8,4.8,6.2,11.1,3.7,6.4,84.4,27.0,16.0
44.0,45.0,43.0,43.6,43.6,43.6,50.5,49.2,51.8,34.0,30.6,37.4,0.139,2.15,0.0713,1.73,1.87,2.43,0.0447,1.34,0.914,0.0415,0.574,0.181,42.7,35,90,34,200,47.0,9.0,3.67,3.67,3.33,5.0,3.0,2.33,1.67,2.33,2.33,5.0,1.67,3.67,93.7,1.68,0.451
33.7,33.0,34.4,39.2,39.4,39.0,31.7,35.0,28.4,36.1,37.0,35.2,0.144,2.23,0.0714,1.82,1.9,2.51,0.0446,1.38,0.945,0.0424,0.576,0.186,40.0,32,89,31,200,27.8,6.75,3.0,3.38,2.63,4.13,2.88,3.13,2.38,1.5,2.63,6.5,1.75,3.75,72.1,3.63,1.86
30.9,30.8,31.0,37.9,39.8,36.0,32.6,34.0,31.2,34.6,35.2,34.0,0.141,2.33,0.073,1.89,2.05,2.63,0.0478,1.44,0.989,0.0413,0.58,0.187,38.3,30,83,24,200,9.4,5.4,2.6,3.0,2.6,2.9,2.5,2.9,3.4,1.8,3.5,7.1,1.8,4.4,53.3,5.16,2.68
34.5,34.0,35.0,38.4,37.0,39.8,33.0,32.6,33.4,34.1,31.6,36.6,0.154,2.4,0.0735,2.0,2.08,2.69,0.0481,1.51,1.06,0.0419,0.585,0.194,36.8,29,80,25,200,1.5,5.5,2.2,2.8,2.9,2.0,3.2,2.4,4.1,3.0,3.3,5.7,1.7,4.1,44.4,7.05,3.65
31.0,31.4,30.6,36.4,36.2,36.6,31.6,33.2,30.0,35.0,34.8,35.2,0.158,2.44,0.0743,2.01,2.21,2.79,0.05,1.56,1.09,0.0419,0.587,0.195,35.5,28,68,24,200,0.9,5.6,2.3,2.3,3.2,2.3,3.3,1.9,3.6,3.3,2.5,5.1,1.8,3.0,41.1,8.15,4.41
35.1,34.0,36.2,38.9,40.6,37.2,31.4,29.0,33.8,35.0,32.2,37.8,0.166,2.56,0.0782,2.1,2.25,2.92,0.0516,1.61,1.12,0.0417,0.588,0.21,34.9,27,66,23,200,1.7,6.5,3.3,1.8,2.9,2.6,2.3,2.0,2.9,2.6,2.7,5.7,1.7,3.2,41.9,8.19,4.92
34.5,34.4,34.6,39.5,39.4,39.6,33.1,35.8,30.4,37.6,36.2,39.0,0.178,2.62,0.0819,2.19,2.34,2.99,0.0544,1.69,1.16,0.0419,0.592,0.215,34.9,27,76,25,200,1.5,5.9,3.1,1.6,1.9,2.6,2.2,3.2,3.3,2.9,2.9,6.7,1.9,3.7,43.4,8.5,4.38
34.6,35.4,33.8,39.6,38.2,41.0,33.7,31.0,36.4,36.3,38.2,34.4,0.19,2.72,0.0829,2.3,2.48,3.13,0.0563,1.78,1.2,0.0423,0.596,0.225,34.7,27,79,25,200,1.7,4.8,2.7,2.4,2.2,3.0,2.5,3.2,3.5,3.3,3.1,6.6,1.7,3.4,44.1,8.31,4.61
33.5,32.6,34.4,36.5,36.4,36.6,32.7,30.0,35.4,32.4,36.0,28.8,0.205,2.86,0.0853,2.34,2.53,3.27,0.0601,1.83,1.27,0.0415,0.599,0.235,34.1,26,70,24,200,2.0,6.5,2.8,2.7,2.2,3.5,2.4,2.5,2.8,2.9,3.4,6.3,1.8,3.7,45.5,8.13,4.38
31.9,33.4,30.4,37.6,37.4,37.8,33.3,31.6,35.0,33.3,32.0,34.6,0.207,2.89,0.0865,2.49,2.55,3.29,0.0597,1.91,1.29,0.0411,0.602,0.235,33.9,26,71,24,200,2.0,6.6,2.5,2.4,1.7,3.0,2.3,2.2,2.7,3.1,3.6,6.5,2.0,4.4,45.0,8.2,4.31
33.4,33.0,33.8,37.7,37.2,38.2,33.4,34.4,32.4,32.2,30.6,33.8,0.213,3.01,0.0867,2.59,2.64,3.46,0.0616,1.98,1.34,0.0408,0.605,0.242,33.5,26,67,23,200,2.3,5.3,2.4,3.3,2.8,3.0,3.0,1.9,2.8,2.4,3.0,5.5,1.7,4.2,43.6,8.15,4.21
32.2,33.8,30.6,38.4,41.6,35.2,32.4,31.0,33.8,33.7,34.6,32.8,0.223,3.09,0.0901,2.64,2.74,3.57,0.0644,2.01,1.36,0.0397,0.61,0.247,33.2,26,71,22,200,2.2,5.0,2.5,3.1,3.4,3.1,3.0,1.9,2.8,2.4,2.3,4.6,1.9,4.6,42.8,7.14,4.16
33.7,32.6,34.8,44.4,44.0,44.8,33.8,31.6,36.0,33.1,31.8,34.4,0.228,3.18,0.0919,2.77,2.78,3.62,0.0656,2.04,1.39,0.0405,0.612,0.254,32.9,25,71,22,200,1.9,4.3,2.7,2.6,3.0,3.1,2.6,2.0,2.9,2.5,3.0,4.6,1.8,3.5,40.5,7.37,4.03
32.5,33.2,31.8,39.4,38.0,40.8,33.8,34.0,33.6,34.6,35.2,34.0,0.246,3.24,0.097,2.86,2.85,3.76,0.0731,2.16,1.45,0.0388,0.613,0.26,33.2,25,81,24,200,1.7,4.6,2.8,2.9,3.0,2.8,2.4,2.5,3.3,2.6,2.9,5.3,1.8,2.8,41.4,7.27,4.84
32.8,33.2,32.4,38.2,41.0,35.4,32.0,34.2,29.8,35.0,33.0,37.0,0.245,3.32,0.095,2.96,2.95,3.84,0.0722,2.21,1.5,0.0396,0.617,0.266,32.8,25,74,23,200,1.9,4.9,3.6,3.2,2.7,2.5,2.4,2.8,3.1,2.9,2.7,5.5,1.8,3.4,43.4,7.32,4.83
35.3,37.0,33.6,38.5,39.4,37.6,32.6,30.4,34.8,32.1,31.2,33.0,0.27,3.45,0.101,3.01,3.04,3.93,0.0782,2.28,1.53,0.0394,0.619,0.271,32.7,25,66,21,200,1.7,5.4,4.3,2.4,2.8,3.2,3.1,2.6,3.1,2.2,2.7,6.4,2.4,3.4,45.7,7.37,5.09
32.7,36.2,29.2,37.6,37.4,37.8,33.5,36.6,30.4,32.5,30.0,35.0,0.274,3.51,0.104,3.08,3.14,4.07,0.0807,2.35,1.59,0.0396,0.622,0.28,32.7,25,73,24,200,1.4,6.1,3.9,1.9,2.9,2.8,3.2,2.6,2.9,2.8,2.3,6.2,2.7,3.5,45.2,7.43,4.91
35.4,33.2,37.6,38.0,38.0,38.0,33.4,32.4,34.4,33.8,32.4,35.2,0.301,3.74,0.11,3.27,3.33,4.34,0.0853,2.47,1.67,0.0387,0.627,0.299,32.5,25,72,23,200,1.7,5.5,3.5,2.3,2.8,2.9,2.7,2.4,2.2,2.3,2.8,4.9,2.3,3.8,42.1,7.57,4.82
34.0,33.0,35.0,37.3,37.6,37.0,34.7,37.2,32.2,33.3,30.8,35.8,0.322,3.93,0.114,3.44,3.51,4.54,0.0923,2.66,1.79,0.0398,0.179,0.317,32.3,25,71,23,200,2.3,6.0,3.5,2.2,3.2,2.5,2.5,2.1,2.9,1.5,3.0,4.9,2.4,4.7,43.7,7.24,3.98
33.3,36.0,30.6,34.9,35.0,34.8,33.4,32.4,34.4,29.2,29.8,28.6,0.338,4.09,0.117,3.68,3.68,4.79,0.0958,2.8,1.85,0.0397,0.185,0.333,32.3,25,68,23,200,2.4,6.0,3.4,2.5,2.9,1.9,2.8,3.2,3.3,2.2,2.9,5.1,2.3,4.9,45.8,7.14,3.92
50.8,50.8,50.8,39.8,41.2,38.4,53.2,54.2,52.2,37.9,35.2,40.6,0.298,3.58,0.109,3.18,3.13,4.09,0.0834,2.23,1.57,0.0391,0.164,0.278,39.7,31,87,29,200,45.5,8.0,1.0,3.5,3.0,3.0,2.5,4.0,3.5,4.5,4.0,5.0,2.0,3.0,92.5,2.29,0.934
32.0,29.6,34.4,41.8,41.4,42.2,31.7,32.6,30.8,44.9,44.4,45.4,0.297,3.57,0.107,3.15,3.15,4.11,0.084,2.4,1.58,0.0401,0.167,0.274,37.2,28,82,27,200,30.3,6.71,2.14,3.86,3.43,2.86,2.57,3.71,3.43,4.29,3.43,6.86,2.0,3.71,79.3,4.74,2.16
34.9,33.6,36.2,45.7,46.8,44.6,34.8,35.0,34.6,45.2,42.4,48.0,0.295,3.56,0.107,3.15,3.17,4.09,0.0845,2.37,1.57,0.0401,0.166,0.28,35.2,27,68,22,200,13.3,6.3,2.9,2.8,3.0,2.6,2.3,2.5,3.0,3.3,3.2,6.4,2.3,3.9,57.8,7.76,3.72
32.3,31.8,32.8,44.0,43.0,45.0,31.1,33.4,28.8,46.3,47.0,45.6,0.3,3.58,0.108,3.12,3.11,4.03,0.0853,2.38,1.6,0.0395,0.168,0.283,34.8,27,71,24,200,2.0,6.4,2.8,2.1,2.8,2.7,2.7,1.9,3.0,3.0,2.9,6.1,2.5,3.3,44.2,11.1,4.88
38.5,38.6,38.4,42.1,43.4,40.8,34.1,35.6,32.6,42.8,42.6,43.0,0.298,3.51,0.109,3.15,3.11,4.04,0.09,2.39,1.58,0.0403,0.164,0.28,34.5,26,80,24,200,1.4,6.0,3.3,2.6,2.8,2.9,3.0,3.0,3.5,2.9,2.2,7.1,2.0,3.2,45.9,13.9,6.34
33.0,32.2,33.8,42.9,45.0,40.8,30.9,33.4,28.4,41.7,40.8,42.6,0.31,3.56,0.112,3.09,3.21,4.12,0.09,2.37,1.62,0.0405,0.165,0.285,33.8,26,74,22,200,1.6,5.7,3.3,2.4,2.7,3.2,2.4,3.4,3.1,2.6,2.4,6.2,2.6,3.6,45.2,14.6,7.7
32.2,33.0,31.4,42.2,44.2,40.2,32.4,30.2,34.6,46.0,43.8,48.2,0.301,3.5,0.11,3.06,3.2,4.08,0.0919,2.35,1.6,0.0396,0.166,0.286,33.5,26,72,22,200,1.8,5.6,2.6,2.2,2.8,3.0,2.6,3.1,2.9,2.7,2.4,4.6,2.4,3.8,42.5,15.3,7.89
35.1,32.6,37.6,41.4,42.2,40.6,34.3,34.4,34.2,45.1,42.0,48.2,0.304,3.55,0.111,3.09,3.17,4.15,0.0891,2.43,1.63,0.0405,0.163,0.285,33.2,25,77,24,200,2.3,6.0,3.5,2.7,2.3,2.4,2.5,2.5,3.7,2.7,2.0,5.5,2.0,3.3,43.4,14.8,8.0
33.3,29.0,37.6,42.3,41.6,43.0,31.4,27.6,35.2,41.1,43.0,39.2,0.304,3.56,0.11,3.02,3.24,4.15,0.089,2.42,1.62,0.0396,0.166,0.289,32.8,25,71,24,200,2.4,5.6,3.3,3.2,2.7,2.8,2.2,2.0,3.3,2.6,2.6,5.5,1.7,3.8,43.7,13.9,7.63
31.9,35.0,28.8,48.1,49.2,47.0,30.8,32.8,28.8,45.3,45.6,45.0,0.301,3.51,0.108,3.04,3.25,4.12,0.086,2.38,1.62,0.0397,0.164,0.285,32.7,25,70,24,200,1.3,5.7,2.0,3.7,4.4,2.4,2.3,2.0,2.8,3.2,2.8,4.5,1.2,4.2,42.5,14.5,7.74
35.7,34.2,37.2,41.0,44.2,37.8,33.8,34.4,33.2,43.2,45.2,41.2,0.309,3.5,0.112,2.97,3.22,4.12,0.0881,2.41,1.61,0.0386,0.166,0.289,33.0,26,76,27,200,1.3,5.2,1.9,3.5,4.6,1.9,1.7,2.1,4.1,3.5,2.7,5.6,2.2,3.6,43.9,13.8,7.89
31.5,29.8,33.2,41.2,43.6,38.8,31.8,30.6,33.0,42.4,41.0,43.8,0.291,3.51,0.108,3.0,3.24,4.17,0.0852,2.37,1.6,0.0396,0.165,0.287,32.9,26,73,27,200,1.3,5.9,2.4,3.1,3.4,1.9,1.4,2.4,3.8,3.2,2.9,6.0,2.0,3.7,43.4,13.4,7.88
36.0,33.6,38.4,40.6,40.2,41.0,34.1,32.4,35.8,43.8,42.6,45.0,0.287,3.53,0.105,3.02,3.24,4.14,0.082,2.39,1.59,0.0395,0.164,0.286,32.8,25,73,25,200,1.3,6.4,3.0,2.6,3.2,2.0,2.4,3.0,2.7,2.7,3.3,4.8,1.7,4.2,43.3,14.1,7.97
31.3,32.8,29.8,41.0,39.8,42.2,35.1,32.8,37.4,41.7,42.0,41.4,0.273,3.51,0.104,3.01,3.23,4.11,0.0812,2.36,1.59,0.0394,0.165,0.282,32.8,26,76,25,200,2.0,5.8,3.0,1.6,3.4,2.2,3.2,2.9,3.0,2.1,2.5,4.4,1.5,4.9,42.5,14.2,8.04
36.3,36.6,36.0,44.9,46.2,43.6,33.8,33.2,34.4,44.3,46.0,42.6,0.264,3.51,0.103,3.04,3.22,4.12,0.0781,2.36,1.59,0.0394,0.165,0.279,32.9,25,80,25,200,1.9,6.9,2.7,1.9,3.1,2.2,2.4,2.6,2.7,3.0,2.3,5.1,1.5,4.6,42.9,13.5,8.13
34.2,35.4,33.0,41.2,40.4,42.0,31.1,34.2,28.0,44.7,44.8,44.6,0.252,3.5,0.102,2.94,3.28,4.08,0.0778,2.36,1.62,0.0404,0.166,0.279,32.7,25,75,24,200,1.6,6.2,2.9,2.7,2.8,2.2,2.2,2.5,2.3,4.2,3.1,5.3,1.6,4.4,44.0,14.2,7.82
34.4,32.2,36.6,40.9,42.2,39.6,33.1,31.0,35.2,44.3,45.2,43.4,0.266,3.58,0.104,2.89,3.33,4.18,0.0804,2.34,1.6,0.0385,0.164,0.289,32.7,25,69,24,200,1.7,6.3,3.0,2.5,2.6,2.7,2.7,2.0,2.4,3.6,3.4,5.4,1.2,4.9,44.4,14.0,7.78
32.4,32.0,32.8,44.1,45.2,43.0,32.4,30.4,34.4,43.5,41.8,45.2,0.275,3.73,0.107,3.1,3.55,4.42,0.0821,2.5,1.67,0.0396,0.171,0.306,32.9,26,84,26,200,1.2,6.0,2.7,2.1,2.3,3.4,2.3,2.3,2.4,2.7,3.3,5.4,1.6,5.4,43.1,14.1,7.28
34.1,32.8,35.4,41.8,42.6,41.0,32.2,30.0,34.4,44.4,45.6,43.2,0.287,3.91,0.109,3.23,3.73,4.66,0.0875,2.65,1.77,0.0397,0.178,0.321,32.9,25,76,26,200,1.5,5.5,3.0,2.7,2.5,2.8,2.3,3.0,1.8,3.4,2.9,5.3,1.6,5.0,43.3,14.7,7.72
34.3,35.0,33.6,40.0,41.6,38.4,35.1,33.6,36.6,40.3,40.0,40.6,0.314,4.11,0.114,3.43,3.94,4.88,0.0922,2.79,1.86,0.0406,0.183,0.342,32.8,26,70,25,200,1.8,5.2,2.7,2.4,2.7,2.7,2.9,3.4,1.7,3.6,3.1,6.6,1.6,4.0,44.4,14.5,7.54
32.8,34.0,31.6,30.3,30.4,30.2,32.9,36.2,29.6,29.0,29.6,28.4,0.334,4.31,0.121,3.54,4.09,5.06,0.0969,2.92,1.98,0.0396,0.192,0.359,32.9,26,74,26,200,1.9,4.8,2.7,1.4,2.7,2.4,2.9,3.0,3.0,3.3,3.6,7.2,2.7,3.8,45.4,12.9,7.22
37.2,38.2,36.2,45.4,45.6,45.2,50.2,46.4,54.0,48.7,50.2,47.2,0.267,3.49,0.0997,2.98,3.24,4.07,0.0782,2.41,1.6,0.0381,0.164,0.281,39.5,30,94,31,200,41.4,6.6,3.8,3.8,3.8,3.4,3.0,5.2,4.2,3.0,2.8,8.4,3.6,3.4,96.4,4.32,1.28
32.7,34.0,31.4,44.7,44.6,44.8,36.3,32.0,40.6,51.4,48.2,54.6,0.267,3.53,0.1,2.99,3.2,4.1,0.0746,2.4,1.62,0.039,0.701,0.282,37.5,29,95,34,200,21.4,5.5,2.9,3.6,3.1,2.7,2.8,3.6,3.3,2.3,2.4,6.6,2.4,2.9,65.5,7.81,3.19
33.8,34.6,33.0,47.2,47.0,47.4,34.6,36.6,32.6,49.9,48.0,51.8,0.249,3.54,0.0997,2.99,3.22,4.06,0.0755,2.36,1.59,0.0394,0.704,0.287,37.0,28,79,24,200,1.8,5.0,1.9,3.1,3.4,2.5,2.4,2.6,3.1,3.2,2.4,5.4,1.2,3.1,41.1,11.8,5.43
30.7,29.4,32.0,43.7,46.0,41.4,32.1,31.6,32.6,50.7,50.0,51.4,0.266,3.5,0.101,3.04,3.18,4.03,0.0784,2.4,1.61,0.0403,0.704,0.289,36.5,27,76,24,200,2.1,6.5,2.1,2.9,3.2,2.9,2.3,3.1,3.2,3.6,3.3,6.5,1.7,3.8,47.2,16.2,7.18
31.9,35.2,28.6,44.4,45.2,43.6,34.0,34.4,33.6,50.8,50.0,51.6,0.261,3.53,0.0988,3.02,3.16,4.06,0.076,2.37,1.6,0.0405,0.705,0.291,36.2,27,78,25,200,1.5,5.8,3.0,3.0,2.1,2.1,3.3,2.3,2.6,3.2,3.0,6.3,1.7,3.0,42.9,18.3,9.29
32.3,35.6,29.0,47.0,46.6,47.4,30.3,31.8,28.8,49.5,47.8,51.2,0.251,3.56,0.0964,3.08,3.2,4.03,0.073,2.34,1.62,0.0394,0.702,0.29,35.8,27,83,24,200,2.0,5.3,3.0,2.8,2.1,2.6,3.2,1.7,2.5,3.0,2.0,5.6,1.4,3.0,40.2,19.4,10.1
32.6,33.6,31.6,49.8,49.4,50.2,32.9,32.8,33.0,48.9,46.2,51.6,0.253,3.48,0.0977,3.07,3.12,4.02,0.074,2.39,1.63,0.0395,0.702,0.294,35.7,27,80,25,200,2.0,6.3,2.7,2.8,2.5,3.7,2.6,2.6,2.6,2.1,2.5,6.2,1.8,3.0,43.4,18.4,9.98
33.9,37.0,30.8,45.2,46.6,43.8,34.9,32.2,37.6,48.4,48.2,48.6,0.272,3.47,0.103,3.1,3.13,4.05,0.0782,2.4,1.64,0.0407,0.705,0.304,35.5,27,77,26,200,1.0,6.0,2.7,3.3,3.2,3.1,2.9,3.6,2.8,2.4,2.6,6.7,2.0,2.5,44.8,18.7,10.1
35.2,35.4,35.0,45.9,46.2,45.6,35.3,32.8,37.8,48.0,46.6,49.4,0.265,3.44,0.102,3.1,3.12,4.02,0.0793,2.45,1.65,0.0408,0.704,0.305,35.5,27,80,26,200,1.2,6.1,2.4,3.4,3.6,2.9,2.9,3.2,2.7,2.3,2.2,6.6,2.4,3.4,45.3,17.9,10.6
31.6,30.4,32.8,46.3,45.8,46.8,32.4,28.8,36.0,49.9,47.0,52.8,0.276,3.48,0.102,3.06,3.16,4.02,0.0789,2.41,1.64,0.0398,0.705,0.305,35.3,26,81,26,200,1.6,6.1,2.4,3.2,3.3,2.6,2.6,2.3,3.0,2.7,2.1,6.4,2.5,3.7,44.5,18.0,10.3
33.6,37.0,30.2,47.6,48.0,47.2,35.3,35.6,35.0,48.7,48.2,49.2,0.299,3.51,0.105,3.13,3.09,4.04,0.0851,2.45,1.66,0.0399,0.707,0.308,35.1,26,80,25,200,1.5,6.7,2.0,3.9,3.6,2.0,3.0,1.9,2.7,3.1,2.5,6.3,2.2,3.5,44.9,16.4,10.5
34.2,32.4,36.0,45.1,44.2,46.0,32.4,33.6,31.2,50.2,50.0,50.4,0.296,3.44,0.107,3.22,3.08,4.04,0.0873,2.47,1.65,0.0397,0.708,0.314,34.9,26,74,25,200,0.7,6.0,2.3,3.8,3.9,2.8,2.7,2.2,2.8,2.3,3.0,6.9,2.5,3.4,45.3,18.4,10.7
33.1,32.6,33.6,45.4,45.0,45.8,33.7,31.6,35.8,48.2,46.6,49.8,0.304,3.41,0.111,3.19,3.03,4.03,0.0892,2.43,1.68,0.0399,0.706,0.313,34.9,26,77,25,200,1.1,5.5,3.0,3.1,2.6,3.6,2.8,2.2,3.3,2.3,2.9,6.8,2.6,3.3,45.1,18.2,10.1
33.7,32.8,34.6,45.4,46.0,44.8,35.3,33.2,37.4,48.8,47.8,49.8,0.31,3.49,0.111,3.24,3.02,4.06,0.0906,2.48,1.66,0.0398,0.705,0.321,34.9,26,89,25,200,2.4,6.3,2.9,3.1,1.8,3.6,2.8,2.3,2.3,3.2,2.8,6.2,2.4,3.1,45.2,18.5,9.64
33.7,35.2,32.2,45.7,48.0,43.4,31.5,34.6,28.4,48.7,48.4,49.0,0.297,3.42,0.11,3.21,3.04,4.09,0.0889,2.48,1.68,0.0391,0.706,0.318,34.8,26,86,25,200,2.3,5.5,2.7,3.0,1.5,3.0,2.0,3.0,2.5,3.2,3.3,6.4,2.3,4.0,44.7,19.2,10.4
31.9,33.0,30.8,42.7,41.8,43.6,32.9,33.6,32.2,48.0,47.6,48.4,0.297,3.39,0.107,3.28,3.06,4.11,0.089,2.49,1.67,0.0401,0.705,0.315,34.8,26,78,25,200,1.5,5.7,2.8,2.8,1.9,2.3,2.6,2.7,3.7,2.3,3.5,6.0,1.8,3.9,43.5,19.7,9.71
32.3,30.0,34.6,44.2,44.6,43.8,32.2,30.2,34.2,49.5,47.0,52.0,0.297,3.5,0.109,3.34,3.15,4.17,0.09,2.57,1.71,0.0405,0.709,0.328,34.5,26,70,23,200,1.4,6.2,4.3,2.3,2.8,2.3,2.2,2.2,3.8,1.6,3.1,6.0,1.6,2.8,42.6,17.9,9.72
33.4,32.6,34.2,46.4,48.6,44.2,31.7,32.8,30.6,50.5,52.8,48.2,0.309,3.71,0.111,3.49,3.32,4.41,0.0941,2.68,1.8,0.0416,0.715,0.344,34.5,26,71,24,200,1.4,6.0,3.7,2.2,3.0,2.5,2.6,2.4,2.5,1.8,3.3,6.1,1.7,3.3,42.5,18.0,9.96
35.8,38.2,33.4,53.3,55.8,50.8,36.3,34.2,38.4,48.3,47.2,49.4,0.332,3.87,0.116,3.73,3.51,4.65,0.101,2.84,1.91,0.0407,0.723,0.369,34.4,26,74,26,200,1.9,5.3,2.8,3.3,3.0,1.9,2.8,2.5,2.3,2.8,2.6,6.5,2.0,3.3,43.0,18.0,10.2
31.3,33.6,29.0,44.0,43.0,45.0,34.1,34.8,33.4,49.3,51.2,47.4,0.361,4.1,0.125,3.9,3.65,4.89,0.105,2.98,1.98,0.042,0.728,0.383,34.6,26,89,27,200,1.8,5.1,3.3,3.1,3.7,2.4,2.4,2.5,2.3,3.7,2.4,6.9,2.8,3.6,46.0,17.6,10.7
34.1,35.0,33.2,44.6,47.4,41.8,34.0,36.4,31.6,50.5,51.0,50.0,0.382,4.31,0.129,4.07,3.78,5.07,0.111,3.15,2.08,0.041,0.736,0.398,34.4,26,83,24,200,1.2,4.8,2.8,2.0,2.8,3.3,2.4,3.1,2.0,2.8,3.6,6.0,2.4,3.4,42.6,18.3,11.3
34.0,31.8,36.2,43.1,45.2,41.0,33.2,29.4,37.0,47.6,48.0,47.2,0.393,4.47,0.132,4.23,3.98,5.37,0.113,3.25,2.18,0.0412,0.743,0.414,34.3,26,72,24,200,2.3,4.9,2.4,2.7,2.6,3.0,1.8,2.9,3.2,1.8,3.6,6.2,1.9,3.1,42.4,18.2,11.4
34.4,31.0,37.8,29.8,27.4,32.2,33.7,33.0,34.4,28.4,26.6,30.2,0.398,4.51,0.132,4.33,3.92,5.29,0.114,3.42,2.23,0.0413,0.749,0.419,34.2,26,74,23,200,2.9,4.9,2.1,3.2,3.6,2.9,2.2,3.0,3.2,2.5,3.4,6.0,2.0,3.3,45.2,16.2,10.6
36.6,36.8,36.4,55.5,57.0,54.0,40.9,40.6,41.2,59.9,58.4,61.4,0.316,3.6,0.111,3.31,3.08,4.16,0.0917,2.51,1.63,0.0396,0.166,0.301,43.1,32,100,34,200,42.2,6.4,3.8,3.4,4.6,3.8,3.6,1.0,3.4,3.8,3.8,6.8,2.8,5.2,94.6,5.21,1.33
32.5,36.0,29.0,50.3,53.0,47.6,33.1,34.2,32.0,61.4,58.2,64.6,0.319,3.59,0.11,3.32,3.05,4.2,0.0902,2.5,1.63,0.0407,0.17,0.302,40.7,29,110,34,200,22.7,5.5,2.7,3.1,3.7,3.2,2.7,1.3,2.9,3.2,3.0,5.8,2.2,4.5,66.5,12.0,4.74
32.1,31.8,32.4,49.6,49.8,49.4,35.0,35.0,35.0,59.0,58.6,59.4,0.31,3.56,0.11,3.33,3.01,4.21,0.0915,2.48,1.64,0.0406,0.168,0.303,38.9,29,77,25,200,2.2,4.9,2.8,2.7,2.4,2.9,2.0,2.8,3.0,2.2,2.2,5.1,1.7,3.4,40.3,16.6,8.23
31.6,30.6,32.6,49.8,52.0,47.6,34.0,33.0,35.0,60.2,57.0,63.4,0.302,3.56,0.111,3.29,3.01,4.19,0.0874,2.46,1.62,0.0409,0.165,0.3,38.4,28,77,25,200,1.0,5.5,3.5,2.6,2.3,3.1,2.3,3.0,2.9,3.0,3.4,5.6,1.9,3.4,43.5,21.4,10.9
33.0,35.4,30.6,51.3,52.4,50.2,33.2,33.0,33.4,59.7,60.0,59.4,0.298,3.57,0.107,3.25,2.98,4.17,0.0851,2.44,1.65,0.041,0.164,0.296,38.3,28,88,26,200,1.7,5.2,2.7,2.9,2.5,2.9,2.6,2.2,2.8,3.1,3.8,5.4,2.0,3.8,43.6,26.1,13.5
33.3,33.2,33.4,50.2,49.8,50.6,32.9,33.4,32.4,59.4,57.8,61.0,0.296,3.61,0.105,3.27,2.99,4.17,0.083,2.48,1.63,0.0421,0.166,0.301,37.8,28,84,27,200,2.5,5.6,2.9,2.3,2.0,3.6,2.5,2.6,3.3,2.0,2.3,5.6,1.8,3.5,42.5,26.7,15.7
33.1,34.4,31.8,51.2,52.0,50.4,34.2,31.8,36.6,59.4,58.8,60.0,0.287,3.53,0.105,3.33,2.97,4.16,0.0812,2.42,1.67,0.0423,0.166,0.291,37.2,27,84,25,200,2.2,5.9,2.8,2.2,2.5,4.0,2.6,2.7,2.6,2.5,2.6,5.8,1.8,3.5,43.7,24.8,14.9
34.0,35.2,32.8,50.0,50.2,49.8,32.8,29.0,36.6,59.6,61.2,58.0,0.286,3.6,0.106,3.34,2.92,4.11,0.0822,2.43,1.65,0.0411,0.167,0.293,36.8,27,75,25,200,2.3,6.1,3.2,3.0,2.8,2.9,2.8,2.7,2.5,2.8,3.2,5.6,1.6,4.2,45.7,25.0,14.0
32.8,31.6,34.0,50.0,48.8,51.2,34.9,36.6,33.2,59.4,59.0,59.8,0.282,3.63,0.104,3.36,2.91,4.1,0.0798,2.45,1.64,0.0424,0.165,0.295,36.6,27,77,26,200,2.1,6.5,3.6,2.9,2.1,2.4,2.8,3.1,2.8,2.8,3.0,5.4,1.6,4.3,45.4,26.4,14.3
32.1,32.2,32.0,49.7,50.0,49.4,35.1,36.0,34.2,58.1,57.2,59.0,0.286,3.67,0.105,3.39,2.95,4.13,0.082,2.41,1.63,0.0414,0.167,0.298,36.3,27,77,24,200,1.6,6.3,2.6,3.0,1.8,3.3,2.7,2.9,3.3,3.2,2.7,5.3,1.6,4.1,44.4,25.5,14.3
34.0,35.6,32.4,52.4,52.4,52.4,33.5,34.8,32.2,58.4,56.0,60.8,0.293,3.65,0.11,3.41,2.92,4.16,0.0837,2.43,1.64,0.0402,0.167,0.299,36.2,27,81,25,200,2.0,5.4,2.6,2.3,2.7,3.2,2.5,2.6,3.4,2.5,2.4,5.6,1.9,4.5,43.6,25.3,14.1
32.6,36.2,29.0,50.3,54.0,46.6,36.0,36.2,35.8,59.3,59.6,59.0,0.295,3.68,0.109,3.36,2.89,4.17,0.0824,2.42,1.63,0.0414,0.165,0.296,36.1,27,80,26,200,2.1,4.6,2.4,1.7,4.0,2.9,2.5,3.0,3.4,2.5,2.5,6.9,2.9,4.1,45.5,24.9,14.0
33.9,35.0,32.8,59.9,61.8,58.0,35.3,32.2,38.4,59.0,59.8,58.2,0.299,3.62,0.108,3.36,2.93,4.18,0.0839,2.44,1.67,0.0403,0.169,0.3,36.3,27,88,26,200,2.1,5.9,2.4,2.9,3.7,3.1,2.7,3.3,3.3,2.9,2.1,6.5,2.8,3.4,47.1,24.3,14.3
32.8,31.4,34.2,49.3,49.8,48.8,33.0,33.2,32.8,60.5,57.8,63.2,0.294,3.61,0.109,3.41,2.96,4.19,0.0836,2.45,1.67,0.0426,0.166,0.303,36.3,27,91,26,200,2.6,5.4,2.6,3.5,3.0,3.2,2.6,2.9,2.1,3.2,2.3,5.2,2.4,4.0,45.0,24.9,15.8
33.3,31.8,34.8,50.4,51.0,49.8,34.3,36.6,32.0,59.9,58.6,61.2,0.294,3.66,0.106,3.43,2.88,4.13,0.0826,2.48,1.68,0.0406,0.167,0.305,36.2,27,87,26,200,2.6,5.0,2.4,3.1,2.6,3.3,2.4,2.5,2.2,3.7,2.8,5.7,2.4,4.1,44.8,24.4,16.4
32.3,32.2,32.4,48.0,48.2,47.8,33.0,32.8,33.2,61.4,61.0,61.8,0.29,3.64,0.107,3.4,2.87,4.12,0.0821,2.42,1.68,0.0416,0.167,0.297,36.1,27,82,26,200,1.6,5.5,2.2,2.7,2.9,2.6,2.6,3.4,2.9,3.1,3.0,5.4,2.0,3.3,43.2,25.5,15.7
35.7,35.0,36.4,53.2,55.6,50.8,35.6,36.4,34.8,61.3,60.4,62.2,0.299,3.79,0.108,3.52,3.01,4.24,0.0861,2.49,1.7,0.0429,0.172,0.32,36.0,27,80,26,200,1.6,4.8,2.3,2.6,2.6,2.6,2.4,3.5,2.5,2.8,2.9,4.7,1.4,4.6,41.3,25.8,16.8
32.4,33.2,31.6,51.7,52.0,51.4,33.6,31.8,35.4,61.6,63.2,60.0,0.327,3.96,0.115,3.69,3.18,4.51,0.0916,2.64,1.81,0.0427,0.177,0.333,36.3,27,92,27,200,1.6,4.6,2.4,2.7,2.4,2.7,2.4,3.3,2.3,2.7,3.8,5.5,2.5,5.6,44.5,27.2,16.9
35.4,33.0,37.8,47.7,46.6,48.8,34.6,34.4,34.8,56.8,56.6,57.0,0.34,4.13,0.119,3.87,3.33,4.78,0.0977,2.78,1.9,0.0419,0.184,0.352,36.2,27,93,29,200,1.8,5.0,2.1,2.6,2.2,2.7,2.4,3.0,2.7,2.4,4.3,6.2,3.1,4.7,45.2,25.3,15.2
31.6,33.2,30.0,39.5,39.8,39.2,34.7,32.8,36.6,43.3,42.6,44.0,0.364,4.35,0.125,4.08,3.49,4.98,0.102,2.93,1.98,0.0431,0.192,0.373,36.3,27,87,27,200,1.9,5.9,2.0,2.9,2.7,3.1,2.9,2.2,2.2,2.2,3.4,6.4,2.4,4.4,44.6,24.8,14.1
46.8,46.0,47.6,52.8,54.8,50.8,56.8,56.6,57.0,59.0,57.8,60.2,0.317,3.56,0.11,3.56,2.95,4.13,0.0856,2.47,1.67,0.0407,0.17,0.315,41.1,31,93,28,200,46.0,9.5,2.5,3.0,4.5,3.0,3.0,3.5,3.0,2.0,3.5,6.0,1.5,3.5,94.5,5.45,2.41
33.5,32.8,34.2,49.9,50.2,49.6,29.4,26.6,32.2,65.2,66.0,64.4,0.309,3.72,0.11,3.47,2.92,4.09,0.086,2.45,1.67,0.0406,0.172,0.311,39.1,30,87,27,200,31.0,9.0,2.86,3.0,3.43,3.29,3.57,3.57,3.14,3.14,2.86,6.71,2.14,3.29,81.0,12.5,6.06
31.4,30.4,32.4,48.2,51.4,45.0,34.4,35.0,33.8,67.2,63.2,71.2,0.309,3.71,0.108,3.39,2.9,4.05,0.084,2.41,1.65,0.0408,0.173,0.308,36.5,28,70,23,200,13.1,7.8,2.8,2.5,2.6,2.9,2.9,2.5,3.2,3.2,2.7,5.5,1.8,3.5,57.0,18.3,8.38
35.4,37.6,33.2,54.2,56.6,51.8,32.7,29.6,35.8,58.4,56.8,60.0,0.312,3.7,0.11,3.39,2.88,4.07,0.0851,2.45,1.65,0.0419,0.171,0.309,36.4,28,78,24,200,2.0,6.9,2.1,2.5,2.1,2.5,2.3,2.1,3.2,2.5,2.4,4.6,1.4,3.5,40.1,23.8,10.5
33.4,33.8,33.0,51.6,51.8,51.4,48.1,46.0,50.2,64.9,65.8,64.0,0.313,3.68,0.112,3.37,2.93,4.07,0.0864,2.4,1.65,0.0397,0.728,0.313,37.7,28,96,30,200,2.7,6.1,2.2,3.2,2.6,2.2,2.6,2.9,2.9,2.3,2.8,5.7,2.0,3.1,43.3,29.3,13.7
34.5,37.6,31.4,50.3,52.8,47.8,35.0,34.2,35.8,65.6,65.4,65.8,0.32,3.64,0.113,3.32,2.9,4.12,0.0902,2.46,1.67,0.0407,0.726,0.313,37.7,29,94,31,200,2.1,5.2,2.4,3.0,2.6,2.6,2.6,3.2,2.7,3.6,3.1,6.0,2.7,3.7,45.5,30.9,15.8
32.4,34.8,30.0,52.6,55.4,49.8,33.2,34.0,32.4,59.5,57.6,61.4,0.319,3.6,0.11,3.37,2.94,4.11,0.0878,2.47,1.64,0.0417,0.729,0.31,37.2,28,81,26,200,1.4,5.3,2.2,2.2,3.2,2.9,2.7,3.5,3.0,3.4,2.3,5.0,2.3,4.7,44.1,28.0,14.2
32.4,30.0,34.8,51.9,54.0,49.8,32.6,29.6,35.6,63.1,62.0,64.2,0.305,3.65,0.109,3.36,2.94,4.03,0.0844,2.42,1.65,0.0407,0.729,0.309,37.0,28,83,24,200,1.8,5.5,2.4,2.1,4.0,2.1,3.3,2.9,2.9,2.4,1.9,5.0,1.7,4.7,42.7,27.8,16.1
31.3,32.0,30.6,52.3,52.0,52.6,32.5,30.8,34.2,66.9,71.0,62.8,0.279,3.64,0.103,3.38,2.87,3.98,0.0838,2.44,1.62,0.0418,0.726,0.302,36.6,28,80,25,200,2.3,6.2,2.4,3.0,3.2,2.1,2.9,2.8,2.5,2.8,2.5,5.5,1.6,4.1,43.9,29.6,15.7
33.5,32.0,35.0,56.2,58.2,54.2,33.6,34.4,32.8,60.1,62.2,58.0,0.279,3.6,0.102,3.33,2.91,4.04,0.0805,2.4,1.65,0.0395,0.728,0.3,36.8,27,85,26,200,2.4,5.1,3.6,3.4,2.7,3.8,2.6,2.9,3.3,2.7,3.0,6.4,1.6,2.7,46.2,29.3,15.1
33.3,33.6,33.0,55.1,58.4,51.8,34.6,36.2,33.0,63.2,64.8,61.6,0.285,3.62,0.106,3.33,2.95,4.02,0.0832,2.41,1.62,0.0408,0.725,0.308,36.7,28,88,28,200,1.8,5.3,3.5,2.4,2.4,3.7,2.9,2.9,3.1,2.6,2.8,6.3,1.6,3.2,44.5,27.5,16.5
34.0,34.8,33.2,50.8,50.2,51.4,33.8,36.0,31.6,65.9,63.0,68.8,0.285,3.62,0.107,3.38,2.89,4.03,0.0832,2.42,1.63,0.0409,0.728,0.315,36.5,27,76,27,200,1.3,6.2,1.9,2.7,1.8,2.9,2.3,2.9,2.4,3.0,3.1,5.9,1.9,4.7,43.0,28.4,16.9
32.4,31.2,33.6,52.1,52.6,51.6,35.0,33.6,36.4,63.7,61.6,65.8,0.272,3.57,0.105,3.34,2.94,4.08,0.0808,2.41,1.66,0.04,0.727,0.309,36.2,27,78,26,200,1.6,6.4,3.0,2.8,1.9,2.9,2.3,2.3,2.0,3.7,2.8,6.5,1.9,4.0,44.1,28.3,15.0
34.6,32.4,36.8,51.2,55.0,47.4,33.3,33.0,33.6,57.2,56.8,57.6,0.268,3.64,0.103,3.36,2.88,4.04,0.0789,2.41,1.64,0.0403,0.729,0.311,36.3,27,88,27,200,1.8,6.3,3.3,2.2,2.2,2.4,3.1,2.5,2.1,4.1,2.6,6.9,2.0,4.1,45.6,27.8,16.9
32.8,29.8,35.8,49.8,49.6,50.0,35.3,37.6,33.0,66.6,64.8,68.4,0.27,3.65,0.103,3.36,2.93,3.97,0.0777,2.41,1.63,0.0423,0.726,0.309,36.3,27,87,27,200,1.8,5.3,2.6,2.1,2.2,2.5,2.7,2.6,2.7,3.6,2.4,6.2,2.1,4.9,43.7,27.9,17.5
32.9,30.6,35.2,53.0,53.2,52.8,32.5,35.2,29.8,63.2,62.4,64.0,0.266,3.63,0.0986,3.28,2.94,4.01,0.0763,2.39,1.64,0.0415,0.725,0.299,36.3,27,86,27,200,1.9,5.5,3.3,2.4,2.3,3.0,1.8,2.6,2.7,2.7,2.5,5.4,2.2,4.7,43.0,26.8,14.5
31.9,29.8,34.0,50.9,51.2,50.6,33.2,33.6,32.8,59.6,58.0,61.2,0.269,3.63,0.102,3.29,2.99,4.04,0.0802,2.42,1.62,0.0416,0.727,0.31,36.1,27,75,25,200,2.5,4.9,3.0,2.6,2.1,3.2,2.4,2.5,2.6,2.4,3.1,5.0,2.2,3.8,42.3,28.5,15.8
31.5,28.4,34.6,48.5,48.6,48.4,34.0,34.2,33.8,65.4,64.4,66.4,0.284,3.79,0.106,3.44,3.13,4.21,0.0845,2.52,1.7,0.0417,0.733,0.324,36.1,27,81,25,200,2.5,4.6,2.4,2.9,2.5,3.2,2.7,2.3,2.0,3.2,3.0,4.7,1.7,3.6,41.3,28.5,17.1
32.1,32.2,32.0,49.8,50.2,49.4,32.1,35.0,29.2,68.6,68.8,68.4,0.287,3.96,0.106,3.61,3.28,4.42,0.0867,2.61,1.79,0.041,0.739,0.342,35.8,27,77,24,200,1.7,4.7,2.2,3.2,2.9,2.8,2.2,2.6,2.0,3.5,2.7,4.8,1.6,3.6,40.5,27.5,15.7
32.6,33.8,31.4,51.7,52.0,51.4,33.4,35.4,31.4,53.9,53.4,54.4,0.301,4.16,0.111,3.84,3.46,4.66,0.0906,2.81,1.87,0.0421,0.746,0.358,35.7,27,79,24,200,1.6,5.8,2.3,2.8,2.7,2.4,2.6,2.8,2.4,2.6,2.4,4.6,1.2,3.8,40.0,28.0,15.1
61.4,61.2,61.6,41.5,41.0,42.0,66.0,66.0,66.0,31.2,31.2,31.2,0.25,3.72,0.101,3.38,3.02,4.35,0.0718,2.53,1.64,0.0419,0.174,0.309,91.7,80,220,78,300,63.0,7.5,3.5,4.0,6.5,4.0,7.5,4.5,4.0,6.0,2.0,10.5,2.0,4.0,129.0,1.01,1.4
34.6,32.6,36.6,40.3,41.0,39.6,35.4,34.8,36.0,37.7,38.4,37.0,0.279,3.79,0.102,3.47,3.08,4.3,0.0794,2.49,1.69,0.0409,0.176,0.313,77.3,61,210,57,300,46.4,9.14,4.14,5.0,4.43,4.57,4.86,5.57,4.57,3.43,4.71,11.3,4.14,6.29,119.0,2.76,0.979
38.2,37.0,39.4,42.4,43.2,41.6,36.2,36.2,36.2,34.9,35.4,34.4,0.279,3.87,0.104,3.5,3.14,4.39,0.081,2.52,1.73,0.0397,0.177,0.317,65.8,47,73,25,300,20.8,8.5,4.6,4.8,4.1,4.6,4.6,3.9,5.0,2.3,4.3,9.8,3.8,7.0,88.1,4.35,1.72
38.4,37.8,39.0,42.7,40.2,45.2,39.4,40.0,38.8,34.8,35.0,34.6,0.291,3.93,0.109,3.56,3.2,4.5,0.0846,2.62,1.75,0.0407,0.18,0.322,58.9,40,76,25,300,2.4,7.9,3.9,3.6,5.0,4.5,4.2,3.4,4.0,3.6,4.3,7.6,2.5,5.8,62.7,5.98,2.64
37.3,37.8,36.8,42.3,41.6,43.0,37.4,36.0,38.8,32.6,31.6,33.6,0.312,3.99,0.113,3.66,3.37,4.61,0.0877,2.63,1.84,0.0403,0.184,0.338,54.2,36,77,24,300,2.9,9.3,3.6,3.8,4.8,4.7,4.2,4.9,2.8,4.5,4.7,8.4,2.8,4.4,65.8,7.38,3.46
37.1,37.6,36.6,41.5,43.4,39.6,39.0,37.6,40.4,33.6,32.8,34.4,0.313,4.05,0.115,3.73,3.39,4.68,0.0904,2.73,1.85,0.0403,0.185,0.343,50.9,34,70,24,300,3.4,10.0,4.3,4.6,4.1,4.2,4.9,4.8,3.7,4.0,3.6,8.9,3.1,4.0,67.6,7.79,4.0
38.1,38.2,38.0,44.5,44.0,45.0,38.8,37.6,40.0,37.6,39.4,35.8,0.311,4.06,0.118,3.82,3.47,4.75,0.0937,2.78,1.91,0.0399,0.188,0.343,48.6,32,73,25,300,3.4,9.1,4.8,4.9,3.9,3.6,4.2,4.4,4.2,4.0,3.7,8.7,2.6,4.1,65.6,7.74,4.31
37.3,34.6,40.0,47.7,48.2,47.2,38.5,37.2,39.8,34.6,35.4,33.8,0.326,4.24,0.117,3.83,3.52,4.87,0.101,2.84,1.95,0.0405,0.191,0.348,47.1,31,77,25,300,2.9,9.7,4.4,5.5,3.7,4.2,3.9,3.8,4.0,3.6,3.1,8.9,2.8,4.8,65.3,8.06,4.49
39.0,41.8,36.2,41.1,39.8,42.4,35.6,34.4,36.8,32.4,31.0,33.8,0.336,4.25,0.118,3.93,3.6,4.93,0.0991,2.91,1.96,0.0403,0.192,0.352,46.1,31,87,25,300,2.6,9.9,4.0,4.9,3.8,5.0,3.6,4.1,4.7,3.5,3.4,8.2,3.2,4.4,65.3,7.99,4.66
37.9,37.0,38.8,41.9,39.2,44.6,40.3,38.2,42.4,34.1,34.6,33.6,0.346,4.27,0.124,3.91,3.72,5.06,0.105,2.95,1.98,0.0399,0.194,0.356,44.7,30,79,24,300,2.7,8.6,3.9,3.8,3.9,4.7,3.5,4.5,4.3,4.8,3.4,7.1,2.4,4.3,61.9,7.93,4.71
39.7,39.8,39.6,42.7,42.6,42.8,40.5,40.8,40.2,32.5,31.4,33.6,0.361,4.38,0.124,4.04,3.8,5.15,0.106,3.02,2.05,0.0378,0.198,0.362,44.2,30,82,25,300,3.2,8.7,4.2,3.6,3.8,4.2,4.5,4.6,3.9,5.0,4.2,9.3,3.4,5.1,67.7,7.74,4.77
37.7,36.4,39.0,41.3,42.6,40.0,39.6,37.8,41.4,33.2,35.0,31.4,0.36,4.47,0.13,4.2,3.87,5.3,0.11,3.12,2.09,0.0374,0.202,0.375,43.2,29,81,25,300,3.8,8.4,4.8,3.7,3.7,3.7,4.9,3.5,3.8,4.7,5.3,10.3,3.5,5.9,70.0,7.58,4.68
38.8,36.6,41.0,44.0,43.6,44.4,37.4,38.0,36.8,34.9,37.4,32.4,0.365,4.52,0.13,4.25,3.94,5.34,0.109,3.15,2.15,0.0391,0.202,0.383,42.5,29,75,24,300,4.7,8.0,4.3,5.0,3.4,3.9,3.8,3.8,3.3,4.3,4.2,8.1,2.9,5.8,65.5,7.21,4.47
37.1,35.6,38.6,39.2,39.2,39.2,37.5,39.2,35.8,34.8,32.4,37.2,0.373,4.67,0.133,4.28,4.06,5.55,0.112,3.2,2.18,0.0382,0.208,0.391,42.1,29,82,26,300,3.7,9.0,3.5,5.6,3.0,4.7,3.1,5.3,3.8,3.4,4.0,7.8,3.3,4.9,65.1,7.18,4.23
38.4,35.4,41.4,43.6,41.0,46.2,38.0,40.8,35.2,32.3,30.6,34.0,0.392,4.72,0.138,4.37,4.1,5.57,0.115,3.29,2.21,0.039,0.211,0.393,41.4,28,78,25,300,3.0,10.1,2.9,4.6,3.3,4.2,3.0,4.6,4.3,3.5,4.7,7.8,2.9,5.2,64.1,7.26,4.14
39.5,39.2,39.8,41.4,40.8,42.0,40.4,42.2,38.6,32.5,31.6,33.4,0.401,4.86,0.138,4.36,4.21,5.65,0.12,3.28,2.26,0.0379,0.215,0.4,41.3,28,83,26,300,3.8,8.4,3.4,4.5,4.0,3.7,3.4,4.2,4.0,4.2,4.2,7.8,2.9,5.4,63.9,7.33,4.29
38.0,38.0,38.0,41.4,39.2,43.6,38.6,38.6,38.6,33.4,31.2,35.6,0.413,4.9,0.141,4.48,4.34,5.82,0.121,3.37,2.32,0.0378,0.219,0.402,41.0,28,88,29,300,3.7,6.5,4.1,4.3,3.7,4.0,3.9,3.9,4.7,4.4,4.0,8.4,3.1,6.2,64.9,7.05,4.16
35.6,33.6,37.6,42.6,41.0,44.2,36.1,36.0,36.2,34.4,36.0,32.8,0.43,5.17,0.146,4.77,4.57,6.1,0.125,3.52,2.39,0.0379,0.225,0.425,40.5,28,78,25,300,3.4,6.4,3.6,3.3,3.8,4.5,3.9,3.4,4.8,3.7,4.5,8.0,2.4,6.3,62.0,7.24,4.21
40.6,42.4,38.8,42.7,40.0,45.4,37.4,38.6,36.2,32.9,31.8,34.0,0.444,5.41,0.148,4.98,4.84,6.45,0.129,3.72,2.54,0.0387,0.233,0.444,40.1,28,76,24,300,2.5,7.6,3.2,3.8,4.6,3.9,3.3,3.9,4.2,3.4,4.0,7.4,1.6,5.8,59.2,7.19,4.08
35.6,36.4,34.8,43.8,43.0,44.6,38.1,37.0,39.2,30.0,29.4,30.6,0.467,5.67,0.153,5.23,5.07,6.73,0.135,3.92,2.64,0.0371,0.243,0.467,39.8,28,76,25,300,1.9,9.3,4.1,4.4,5.3,4.0,2.8,3.8,3.8,3.7,4.7,7.7,2.2,5.3,63.0,6.91,4.05
37.2,35.6,38.8,24.8,26.2,23.4,38.0,40.8,35.2,23.7,26.0,21.4,0.479,6.01,0.157,5.46,5.27,7.07,0.138,4.11,2.77,0.0379,0.251,0.481,39.5,28,73,26,300,2.8,10.9,4.8,3.2,4.6,4.1,3.6,4.1,3.4,3.8,4.7,6.8,2.2,6.0,65.0,6.0,4.16
34.1,32.2,36.0,47.0,48.2,45.8,32.8,33.0,32.6,44.5,43.6,45.4,0.376,5.02,0.128,4.46,4.31,5.8,0.107,3.32,2.23,0.0375,0.213,0.374,64.0,50,140,46,300,53.5,11.7,4.33,6.33,4.83,3.83,5.33,5.67,5.5,4.83,4.17,8.33,2.83,6.67,128.0,4.22,1.52
37.3,35.4,39.2,48.7,48.4,49.0,37.6,40.0,35.2,46.1,46.6,45.6,0.379,4.99,0.127,4.45,4.34,5.82,0.108,3.31,2.22,0.0386,0.215,0.374,55.1,42,76,23,300,26.6,9.6,4.6,5.1,4.2,3.9,4.6,5.0,4.9,4.6,4.0,7.4,2.7,5.9,93.1,6.91,3.03
40.0,38.0,42.0,47.7,48.0,47.4,39.4,39.8,39.0,44.3,41.8,46.8,0.379,4.89,0.131,4.47,4.35,5.83,0.103,3.28,2.24,0.0369,0.21,0.376,51.4,37,84,26,300,2.4,8.0,4.5,4.2,3.4,4.7,3.8,4.7,3.8,4.7,3.8,7.9,2.7,5.2,63.8,10.4,4.46
36.7,36.2,37.2,48.5,45.8,51.2,40.9,40.4,41.4,45.2,44.2,46.2,0.379,5.02,0.133,4.47,4.28,5.79,0.105,3.29,2.25,0.0366,0.213,0.381,48.5,35,84,26,300,2.6,7.7,4.0,4.3,4.5,4.8,4.5,5.1,3.5,4.7,3.7,8.9,3.0,6.4,67.7,13.7,6.19
39.2,39.6,38.8,46.9,45.4,48.4,37.3,40.2,34.4,42.3,41.8,42.8,0.375,5.04,0.128,4.54,4.29,5.78,0.102,3.25,2.28,0.0368,0.216,0.392,46.5,33,81,27,300,2.7,7.2,3.6,4.4,4.8,5.0,3.9,4.9,3.4,4.4,3.6,8.8,2.9,6.1,65.7,15.1,8.0
35.9,39.8,32.0,46.1,48.8,43.4,39.3,40.2,38.4,45.5,45.6,45.4,0.363,5.02,0.127,4.51,4.2,5.78,0.102,3.31,2.27,0.038,0.214,0.38,44.8,31,82,25,300,2.5,8.1,3.9,4.8,4.3,4.0,3.5,4.3,4.1,4.3,4.3,9.3,3.3,5.4,66.1,14.7,8.47
38.9,40.6,37.2,46.1,46.0,46.2,37.7,38.8,36.6,42.8,45.4,40.2,0.371,4.96,0.128,4.49,4.25,5.71,0.102,3.28,2.26,0.038,0.214,0.381,43.7,31,83,25,300,2.5,8.6,3.8,4.4,4.0,2.8,5.1,3.9,4.9,4.0,4.4,8.5,3.0,6.5,66.4,15.6,8.14
38.6,38.6,38.6,46.0,46.0,46.0,39.6,38.8,40.4,45.9,46.8,45.0,0.367,5.0,0.127,4.5,4.26,5.88,0.101,3.29,2.26,0.0371,0.215,0.381,42.6,30,81,26,300,3.2,7.7,3.4,3.9,4.1,4.2,5.1,3.6,4.6,2.3,4.3,7.7,2.5,7.1,63.7,14.7,8.24
37.3,38.4,36.2,44.5,47.0,42.0,37.8,40.2,35.4,43.4,43.2,43.6,0.363,4.96,0.126,4.54,4.23,5.79,0.101,3.29,2.27,0.0373,0.216,0.382,42.2,30,81,27,300,2.7,8.1,4.1,3.0,4.6,4.1,4.2,4.6,4.7,2.7,4.2,8.3,2.6,7.1,65.0,13.7,8.21
37.8,39.2,36.4,46.4,47.6,45.2,52.4,54.4,50.4,46.1,47.4,44.8,0.357,5.01,0.125,4.52,4.27,5.82,0.105,3.27,2.28,0.0384,0.211,0.381,41.5,30,82,27,300,2.4,8.2,4.3,3.8,4.7,3.5,4.0,5.1,4.6,4.2,3.1,7.8,2.4,7.1,65.2,14.5,7.57
40.1,37.8,42.4,46.7,48.2,45.2,37.7,37.0,38.4,41.4,40.4,42.4,0.362,4.99,0.13,4.54,4.29,5.81,0.105,3.27,2.3,0.0384,0.72,0.381,41.1,29,80,26,300,2.2,8.7,4.1,5.3,4.4,3.2,3.1,3.8,3.8,5.0,3.0,7.2,2.6,5.9,62.3,14.5,7.47
37.3,36.0,38.6,45.2,47.0,43.4,40.8,43.4,38.2,43.2,41.4,45.0,0.37,5.07,0.131,4.57,4.24,5.85,0.109,3.26,2.28,0.0385,0.725,0.396,40.6,29,81,26,300,2.1,8.8,4.4,4.7,3.7,4.0,2.7,4.2,3.6,4.9,4.0,9.5,3.8,5.9,66.3,13.9,7.58
37.6,40.6,34.6,46.6,48.4,44.8,38.9,41.0,36.8,42.3,42.6,42.0,0.38,5.02,0.13,4.46,4.27,5.78,0.111,3.29,2.27,0.0395,0.726,0.397,40.2,29,81,26,300,3.0,7.7,3.9,4.4,3.7,4.6,3.5,3.6,3.7,3.8,3.0,9.3,3.7,7.5,65.4,13.6,7.68
37.4,36.6,38.2,46.3,46.4,46.2,38.6,39.4,37.8,44.9,44.8,45.0,0.389,5.1,0.133,4.54,4.24,5.79,0.112,3.28,2.27,0.0377,0.727,0.398,39.9,29,85,26,300,3.8,7.9,3.8,4.9,3.2,4.6,4.1,3.0,4.0,3.9,3.2,8.1,3.3,7.0,64.8,14.3,7.62
38.7,36.4,41.0,47.8,48.2,47.4,37.6,38.8,36.4,43.9,42.2,45.6,0.382,5.11,0.136,4.55,4.25,5.88,0.111,3.31,2.32,0.0386,0.724,0.394,39.5,29,82,26,300,3.9,8.6,3.6,4.3,3.8,5.3,3.7,4.2,4.5,3.2,4.0,7.4,2.7,5.7,64.9,13.9,7.73
37.0,37.2,36.8,50.2,48.0,52.4,40.0,40.0,40.0,44.3,42.2,46.4,0.395,5.06,0.136,4.62,4.23,5.84,0.114,3.28,2.27,0.0398,0.726,0.405,39.3,28,77,26,300,3.5,7.6,3.2,4.6,5.0,5.2,2.9,4.2,4.1,2.4,3.8,7.5,2.0,5.9,61.9,14.5,7.5
37.7,39.2,36.2,45.5,46.4,44.6,36.3,36.4,36.2,43.5,42.6,44.4,0.413,5.27,0.14,4.79,4.47,6.09,0.119,3.46,2.39,0.0398,0.733,0.425,39.2,29,83,28,300,3.2,7.3,3.9,4.7,3.9,4.1,3.2,4.0,4.5,3.5,3.7,9.1,2.5,6.1,63.7,14.4,8.47
38.7,38.6,38.8,46.0,48.0,44.0,39.6,36.8,42.4,44.9,44.8,45.0,0.433,5.54,0.147,5.02,4.76,6.45,0.124,3.68,2.51,0.038,0.743,0.45,38.9,28,84,28,300,2.7,8.8,4.8,4.2,3.0,3.2,3.3,4.3,4.7,4.4,3.3,9.2,2.6,5.8,64.3,14.8,8.55
37.4,35.8,39.0,44.4,43.2,45.6,38.3,40.4,36.2,42.9,44.0,41.8,0.462,5.83,0.151,5.31,4.97,6.75,0.131,3.86,2.64,0.0393,0.753,0.474,38.6,28,79,25,300,2.8,9.4,4.9,4.6,3.2,3.5,3.6,3.6,3.7,4.2,3.3,8.9,2.8,5.8,64.3,14.7,8.49
37.1,34.6,39.6,37.2,35.0,39.4,37.5,35.2,39.8,30.9,31.0,30.8,0.475,6.09,0.155,5.51,5.23,6.99,0.134,4.05,2.78,0.0394,0.761,0.489,38.3,28,75,24,300,3.7,9.3,3.8,4.8,4.2,4.4,3.6,3.5,3.4,4.1,3.8,7.6,2.6,5.5,64.3,13.2,8.07
47.8,49.2,46.4,50.1,49.8,50.4,56.3,57.8,54.8,49.5,48.6,50.4,0.421,5.12,0.14,4.6,4.31,5.87,0.117,3.41,2.33,0.0404,0.729,0.397,97.6,87,230,88,300,64.5,11.3,5.25,2.5,6.0,4.75,5.0,3.75,5.25,6.5,2.75,9.75,2.75,5.0,135.0,3.32,0.922
39.0,37.8,40.2,50.6,52.4,48.8,36.5,33.6,39.4,51.2,49.2,53.2,0.426,5.11,0.139,4.53,4.36,5.9,0.117,3.31,2.29,0.0403,0.729,0.404,79.9,63,220,67,300,36.2,10.0,5.11,3.56,3.89,3.33,4.0,3.67,5.22,5.0,3.11,9.44,3.67,5.44,102.0,7.91,2.38
37.2,36.6,37.8,50.6,51.4,49.8,38.4,39.2,37.6,51.1,48.6,53.6,0.426,5.13,0.137,4.5,4.28,5.87,0.119,3.32,2.31,0.0395,0.73,0.406,70.4,51,81,28,300,8.1,7.2,4.1,5.1,3.7,3.3,4.1,4.7,4.5,4.3,3.9,9.1,3.6,5.2,70.9,11.5,5.08
38.6,40.0,37.2,50.1,50.0,50.2,36.9,37.6,36.2,50.2,51.4,49.0,0.419,5.13,0.14,4.5,4.32,5.77,0.121,3.34,2.28,0.0396,0.729,0.407,62.5,42,73,25,300,2.7,6.4,3.0,5.4,4.4,3.9,4.5,4.7,4.0,4.8,3.3,7.6,2.8,4.8,62.3,15.3,7.2
37.0,34.6,39.4,50.9,50.8,51.0,37.7,38.4,37.0,54.4,52.6,56.2,0.425,5.1,0.139,4.46,4.35,5.76,0.12,3.31,2.33,0.0394,0.726,0.407,58.0,37,71,23,300,3.4,8.6,3.5,5.0,3.7,4.0,4.0,3.9,4.1,4.5,2.9,7.6,2.8,4.7,62.7,18.7,9.41
41.4,38.2,44.6,51.2,52.0,50.4,38.2,37.8,38.6,49.3,47.8,50.8,0.429,5.01,0.142,4.48,4.33,5.82,0.117,3.38,2.32,0.0384,0.729,0.411,54.6,35,76,26,300,3.7,9.8,3.9,5.3,4.6,3.7,4.3,4.6,4.2,4.0,3.6,8.3,2.8,4.1,66.9,19.5,10.7
36.9,38.6,35.2,51.1,51.8,50.4,37.7,40.6,34.8,48.7,46.2,51.2,0.42,5.03,0.137,4.52,4.31,5.87,0.114,3.41,2.31,0.0402,0.221,0.41,51.7,33,76,25,300,3.5,9.1,3.6,4.9,4.8,3.3,4.7,3.8,4.2,4.4,3.9,8.1,2.9,4.6,65.8,18.3,11.1
38.9,39.8,38.0,49.4,51.6,47.2,38.2,37.8,38.6,49.0,49.4,48.6,0.4,4.96,0.136,4.46,4.35,5.83,0.112,3.36,2.27,0.0393,0.216,0.409,50.1,32,83,24,300,2.8,8.9,4.3,4.3,3.9,4.2,4.9,4.3,3.6,4.6,3.5,9.1,2.8,4.7,65.9,18.4,10.6
39.7,40.4,39.0,48.1,51.4,44.8,38.5,38.0,39.0,48.9,47.0,50.8,0.402,4.98,0.136,4.53,4.37,5.96,0.112,3.44,2.37,0.0394,0.215,0.407,48.5,31,85,26,300,2.4,9.2,4.7,4.3,4.5,4.4,4.6,5.5,4.3,4.7,3.7,9.7,3.1,4.2,69.3,18.1,10.3
38.3,34.8,41.8,49.1,49.6,48.6,37.9,36.4,39.4,45.5,43.8,47.2,0.395,4.97,0.134,4.5,4.36,5.91,0.108,3.44,2.35,0.0405,0.216,0.407,47.4,31,85,26,300,2.8,8.5,3.8,4.0,4.8,3.8,5.0,4.3,4.5,4.8,4.9,8.9,2.9,5.6,68.6,18.6,9.9
40.1,38.8,41.4,50.1,53.2,47.0,38.9,41.0,36.8,49.2,46.2,52.2,0.402,4.91,0.134,4.47,4.4,5.87,0.11,3.42,2.36,0.0395,0.216,0.411,46.5,30,89,26,300,3.5,8.1,4.3,3.3,4.1,3.9,4.5,4.1,4.3,4.4,3.8,7.8,2.5,6.1,64.7,18.0,10.0
38.7,39.0,38.4,47.9,46.8,49.0,37.2,34.4,40.0,48.7,47.8,49.6,0.391,4.99,0.133,4.43,4.51,5.83,0.108,3.48,2.39,0.0386,0.217,0.403,45.7,30,82,28,300,3.4,9.4,4.7,3.0,4.3,4.2,4.6,3.7,4.9,4.4,3.0,8.0,2.3,5.8,65.7,18.2,9.72
36.5,35.0,38.0,51.4,51.2,51.6,37.2,36.2,38.2,51.8,49.4,54.2,0.389,4.95,0.135,4.42,4.46,5.94,0.112,3.45,2.36,0.0397,0.214,0.413,45.0,29,82,26,300,3.2,10.3,4.1,3.6,4.3,4.7,4.8,3.8,4.1,4.1,2.7,8.0,2.1,5.5,65.3,17.9,10.0
40.7,40.0,41.4,56.2,56.6,55.8,37.7,37.4,38.0,49.5,51.0,48.0,0.396,5.01,0.137,4.43,4.47,5.96,0.112,3.44,2.39,0.0397,0.215,0.413,44.4,29,89,27,300,2.9,8.6,4.5,3.9,3.7,4.4,3.8,4.8,3.8,4.3,2.8,8.4,2.6,5.1,63.6,18.5,9.87
36.8,37.6,36.0,47.3,49.8,44.8,39.3,41.2,37.4,49.2,47.0,51.4,0.388,4.95,0.135,4.37,4.49,5.93,0.111,3.45,2.38,0.0387,0.213,0.407,43.8,29,83,27,300,2.2,7.6,4.2,3.9,4.1,4.7,4.3,4.8,4.1,3.8,3.6,9.3,2.9,6.2,65.7,17.5,11.0
39.3,37.6,41.0,48.2,50.0,46.4,37.6,36.4,38.8,49.5,49.8,49.2,0.393,4.92,0.137,4.37,4.5,6.04,0.113,3.46,2.34,0.0385,0.214,0.415,43.1,29,79,26,300,2.8,8.3,3.9,3.9,4.9,5.2,3.7,3.8,3.7,3.5,3.8,7.9,2.7,7.4,65.5,17.8,10.8
38.4,38.0,38.8,49.1,50.2,48.0,37.4,36.2,38.6,50.3,51.0,49.6,0.392,4.93,0.138,4.41,4.6,6.07,0.113,3.5,2.39,0.0386,0.214,0.419,42.7,29,84,25,300,3.4,8.1,4.2,4.6,4.6,4.1,2.8,3.6,4.2,4.3,4.2,7.2,2.5,6.0,63.8,18.3,11.2
39.7,36.4,43.0,48.7,51.8,45.6,40.8,40.0,41.6,47.8,46.8,48.8,0.418,5.22,0.145,4.71,4.91,6.41,0.121,3.7,2.48,0.0389,0.222,0.451,42.6,29,96,27,300,3.2,8.7,3.5,5.1,4.3,4.0,4.5,3.9,4.2,4.5,4.1,8.5,3.0,4.4,65.9,17.9,10.9
37.6,36.6,38.6,49.2,51.2,47.2,39.2,40.8,37.6,51.3,50.6,52.0,0.445,5.51,0.152,4.93,5.15,6.74,0.128,3.91,2.67,0.04,0.235,0.476,42.3,29,95,28,300,2.6,9.5,3.5,4.3,4.5,4.8,4.8,3.3,3.7,4.9,4.8,9.6,3.5,5.9,69.7,17.6,10.9
38.4,38.2,38.6,49.3,48.0,50.6,38.5,35.0,42.0,48.8,45.8,51.8,0.463,5.83,0.156,5.15,5.39,7.04,0.133,4.1,2.82,0.041,0.242,0.494,42.1,29,89,29,300,2.1,9.8,4.5,3.9,4.5,5.0,3.7,3.4,4.0,5.0,5.2,9.1,3.1,5.4,68.7,17.8,10.0
37.6,37.2,38.0,49.8,48.6,51.0,40.1,38.6,41.6,49.6,49.4,49.8,0.486,6.03,0.159,5.46,5.65,7.38,0.139,4.33,2.94,0.0401,0.252,0.52,41.8,29,85,27,300,2.3,8.2,4.2,4.8,4.1,4.4,4.0,3.4,3.9,3.6,4.4,7.8,2.5,4.5,62.1,18.3,9.98
41.3,41.6,41.0,50.5,53.0,48.0,38.3,34.6,42.0,47.2,46.6,47.8,0.522,6.38,0.169,5.66,5.93,7.69,0.146,4.5,3.08,0.0412,0.261,0.543,41.5,29,77,27,300,2.4,7.7,3.7,5.7,4.7,3.9,3.7,4.0,4.3,2.8,3.5,7.4,2.5,6.1,62.4,17.2,9.82
38.6,38.0,39.2,38.5,36.4,40.6,37.8,35.0,40.6,35.5,32.6,38.4,0.54,6.64,0.174,5.87,6.15,8.06,0.149,4.69,3.2,0.04,0.267,0.558,41.1,28,75,26,300,2.1,8.2,3.7,4.6,5.6,4.2,3.6,4.8,4.4,3.3,3.7,8.3,2.9,6.4,65.8,17.2,10.0
45.6,46.6,44.6,52.2,56.0,48.4,54.2,53.6,54.8,56.3,54.6,58.0,0.411,5.07,0.133,4.43,4.56,5.93,0.109,3.57,2.43,0.0407,0.211,0.408,97.8,88,220,91,300,63.3,10.0,2.5,5.25,6.5,6.25,5.5,4.25,4.25,7.75,3.0,11.5,3.25,5.25,139.0,4.59,2.0
40.0,42.2,37.8,56.9,59.6,54.2,36.2,39.0,33.4,62.8,60.4,65.2,0.391,5.07,0.135,4.38,4.58,5.97,0.107,3.48,2.36,0.0399,0.211,0.407,80.4,66,220,71,300,35.7,9.33,3.11,4.33,5.33,4.78,5.22,3.78,4.33,5.44,3.0,8.89,2.78,5.44,101.0,9.7,3.38
39.1,37.6,40.6,54.6,56.8,52.4,41.0,40.0,42.0,59.7,58.2,61.2,0.404,5.0,0.137,4.41,4.56,5.99,0.115,3.5,2.39,0.0388,0.21,0.415,70.0,51,78,27,300,8.4,8.9,3.9,3.7,4.3,4.3,4.2,4.0,4.0,4.7,3.5,8.2,2.8,5.4,70.3,14.9,7.13
37.3,33.6,41.0,54.1,54.6,53.6,38.3,36.6,40.0,60.0,59.2,60.8,0.404,5.08,0.137,4.44,4.5,5.95,0.112,3.46,2.37,0.04,0.214,0.418,63.2,43,80,26,300,2.8,8.7,4.1,3.4,4.1,4.3,2.8,4.5,3.9,5.6,4.6,8.8,3.1,6.0,66.7,21.0,9.46
38.3,39.2,37.4,53.7,56.2,51.2,38.0,38.8,37.2,58.6,55.4,61.8,0.408,5.0,0.137,4.42,4.44,6.01,0.113,3.48,2.35,0.0402,0.207,0.422,59.4,40,79,25,300,3.3,8.2,4.1,3.8,3.7,3.6,3.9,4.1,4.2,4.4,3.9,7.9,2.7,6.5,64.3,24.9,12.5
37.4,35.8,39.0,54.2,53.6,54.8,36.5,36.4,36.6,58.8,57.2,60.4,0.411,5.03,0.134,4.43,4.43,5.97,0.11,3.45,2.36,0.0403,0.211,0.408,56.6,38,83,28,300,3.0,7.9,4.2,4.1,4.1,3.2,5.2,4.3,4.1,4.0,2.8,7.7,2.4,6.1,63.1,25.9,14.7
36.8,36.2,37.4,51.3,53.6,49.0,38.4,39.2,37.6,60.2,59.4,61.0,0.397,4.91,0.13,4.43,4.41,5.9,0.108,3.47,2.35,0.0412,0.209,0.413,54.4,37,86,28,300,2.1,7.6,4.3,4.4,4.3,3.9,4.6,3.5,3.8,4.8,3.3,8.4,2.5,6.0,63.5,26.1,15.3
37.5,38.8,36.2,62.2,63.8,60.6,36.0,34.8,37.2,60.4,60.0,60.8,0.394,4.96,0.135,4.43,4.37,5.86,0.107,3.42,2.34,0.0414,0.206,0.417,52.6,35,87,27,300,2.4,8.1,4.0,4.8,2.9,4.7,3.8,2.4,4.5,4.5,3.6,7.5,2.2,5.5,60.9,25.8,14.0
38.9,38.6,39.2,56.6,59.0,54.2,38.1,36.6,39.6,60.1,57.6,62.6,0.404,4.97,0.133,4.52,4.35,5.84,0.11,3.43,2.39,0.0405,0.209,0.417,51.8,35,100,28,300,2.7,9.4,3.5,3.7,2.8,4.7,3.3,4.1,5.1,4.1,4.1,6.8,2.0,5.1,61.4,24.7,15.7
38.3,36.4,40.2,55.3,57.4,53.2,37.5,36.8,38.2,61.5,58.8,64.2,0.404,4.96,0.132,4.45,4.38,5.96,0.109,3.45,2.35,0.0415,0.213,0.426,50.6,34,100,30,300,2.6,9.7,3.5,4.3,4.0,4.2,4.9,4.6,4.9,3.8,3.8,9.0,3.1,5.6,68.0,25.2,16.0
38.1,38.8,37.4,53.3,54.2,52.4,40.6,39.2,42.0,60.4,58.6,62.2,0.397,4.99,0.131,4.39,4.31,5.93,0.107,3.44,2.39,0.0416,0.211,0.419,49.4,34,84,30,300,2.0,8.4,3.7,5.4,4.8,3.4,5.7,3.8,3.9,3.9,3.1,9.4,3.2,5.7,66.4,25.4,15.6
37.7,39.2,36.2,54.6,55.6,53.6,36.8,37.8,35.8,58.5,59.0,58.0,0.401,4.93,0.132,4.47,4.26,5.85,0.107,3.42,2.33,0.0417,0.207,0.412,48.5,33,83,27,300,2.4,8.7,4.1,4.2,4.9,4.7,4.8,4.0,2.7,3.9,3.3,8.9,2.8,5.7,65.1,24.7,16.0
36.6,39.6,33.6,52.0,55.8,48.2,38.4,36.8,40.0,61.3,59.4,63.2,0.393,4.86,0.131,4.45,4.26,5.92,0.108,3.42,2.32,0.0406,0.208,0.417,47.4,32,77,26,300,3.3,7.7,3.6,3.1,4.3,4.7,4.3,3.6,3.6,4.0,3.4,7.5,2.6,6.8,62.5,25.1,16.2
38.4,39.6,37.2,54.6,56.0,53.2,51.8,50.0,53.6,60.4,58.6,62.2,0.399,4.93,0.133,4.39,4.25,5.89,0.105,3.37,2.32,0.0408,0.787,0.416,47.3,33,96,29,300,3.0,7.0,2.7,4.0,4.0,3.1,4.3,4.0,5.0,4.6,3.9,6.4,2.6,6.3,60.9,25.1,15.2
35.5,36.2,34.8,54.9,54.6,55.2,37.8,36.0,39.6,61.5,60.6,62.4,0.376,4.81,0.127,4.46,4.16,5.83,0.105,3.39,2.29,0.0399,0.786,0.411,46.6,32,98,29,300,2.8,8.7,2.9,4.8,4.4,3.6,3.7,4.4,4.3,4.4,4.1,6.6,2.3,5.9,62.9,26.6,15.1
38.8,38.0,39.6,53.6,56.0,51.2,40.7,41.8,39.6,61.2,58.4,64.0,0.392,4.87,0.128,4.51,4.23,5.81,0.105,3.43,2.35,0.0401,0.791,0.415,46.1,32,85,27,300,2.8,8.8,3.5,3.9,4.7,4.3,3.7,4.1,3.2,4.3,4.5,7.2,2.7,7.0,64.7,25.9,15.1
36.9,39.6,34.2,55.5,55.6,55.4,38.3,36.8,39.8,61.3,58.8,63.8,0.391,4.86,0.133,4.51,4.28,5.92,0.106,3.38,2.33,0.0401,0.79,0.429,45.6,32,85,30,300,2.4,8.9,4.2,3.4,4.6,4.2,3.8,4.1,3.5,3.7,4.8,7.2,3.5,7.4,65.7,26.6,15.0
39.7,41.6,37.8,55.3,58.6,52.0,38.0,35.0,41.0,60.2,59.8,60.6,0.413,5.14,0.138,4.74,4.54,6.28,0.114,3.54,2.44,0.0423,0.798,0.45,45.5,32,91,30,300,2.7,8.4,4.3,3.9,3.9,4.0,3.3,4.1,3.8,3.1,4.2,6.5,2.7,7.2,62.1,26.1,14.5
38.1,39.8,36.4,54.5,58.6,50.4,40.8,40.6,41.0,60.7,62.0,59.4,0.439,5.44,0.144,5.03,4.8,6.6,0.119,3.7,2.59,0.0416,0.807,0.475,45.3,32,99,31,300,3.3,7.8,3.7,4.4,3.2,4.2,3.3,4.0,3.4,4.4,3.2,7.5,2.3,6.7,61.4,26.5,15.3
40.5,41.4,39.6,59.3,60.6,58.0,39.1,39.2,39.0,48.6,47.4,49.8,0.455,5.78,0.147,5.35,5.03,7.0,0.124,3.93,2.74,0.0415,0.817,0.499,44.9,32,88,28,300,3.2,8.9,3.6,4.0,3.5,4.3,4.2,3.8,4.0,5.1,3.3,10.2,2.5,6.1,66.7,24.7,15.0
34.6,34.4,34.8,26.7,25.6,27.8,39.3,38.8,39.8,28.2,28.0,28.4,0.482,6.01,0.155,5.58,5.28,7.32,0.13,4.21,2.86,0.0408,0.826,0.522,44.3,31,84,25,300,2.9,9.7,3.9,3.6,4.7,3.7,4.7,2.7,4.9,4.9,4.0,10.0,2.5,5.2,67.4,21.2,14.8
35.3,35.0,35.6,53.0,54.8,51.2,34.8,36.6,33.0,67.9,66.8,69.0,0.391,4.94,0.131,4.57,4.28,5.84,0.11,3.41,2.3,0.04,0.79,0.421,69.3,55,180,53,300,53.5,8.67,4.0,4.5,5.17,4.17,4.67,5.5,5.83,4.83,5.5,11.3,3.5,7.17,128.0,11.5,4.15
40.4,40.0,40.8,57.2,58.4,56.0,39.1,38.2,40.0,63.7,62.4,65.0,0.41,5.02,0.135,4.57,4.21,5.88,0.111,3.38,2.29,0.0413,0.792,0.418,61.8,47,160,32,300,29.0,9.2,4.4,4.7,5.2,4.3,5.5,4.9,5.1,3.7,3.9,10.7,3.7,6.5,101.0,17.5,6.83
38.6,36.4,40.8,54.6,55.6,53.6,39.5,41.0,38.0,61.6,61.4,61.8,0.404,5.04,0.131,4.59,4.35,6.0,0.109,3.44,2.32,0.0414,0.796,0.424,56.8,42,93,30,300,3.0,9.7,3.6,4.7,4.1,3.7,4.7,3.8,3.9,3.8,3.1,8.4,3.0,6.0,65.5,21.1,10.8
37.1,37.4,36.8,59.7,59.6,59.8,35.5,32.6,38.4,64.0,65.4,62.6,0.391,5.01,0.131,4.52,4.3,6.0,0.106,3.42,2.3,0.0425,0.793,0.418,54.8,41,90,30,300,2.8,7.5,3.3,4.7,4.1,2.9,4.3,4.6,3.8,5.4,4.1,9.2,2.2,7.1,66.0,28.0,13.4
36.5,33.8,39.2,55.7,57.8,53.6,35.1,32.6,37.6,64.8,64.8,64.8,0.378,5.0,0.129,4.47,4.29,5.85,0.106,3.4,2.29,0.0415,0.789,0.419,52.3,38,86,31,300,2.1,6.4,3.2,5.0,4.2,3.7,4.8,3.7,3.9,4.2,3.7,8.2,1.8,6.3,61.2,29.2,15.7
43.9,43.6,44.2,58.2,58.2,58.2,38.5,39.0,38.0,57.6,59.6,55.6,0.381,4.91,0.131,4.53,4.26,5.82,0.107,3.39,2.28,0.0405,0.793,0.419,50.7,37,87,31,300,2.2,8.6,3.4,5.1,4.7,3.6,4.9,3.1,4.3,3.5,3.0,7.1,1.8,5.6,60.9,27.9,16.4
37.6,39.2,36.0,54.9,56.6,53.2,38.7,40.2,37.2,67.2,67.0,67.4,0.375,4.95,0.129,4.46,4.39,5.97,0.108,3.38,2.27,0.0413,0.794,0.425,49.4,36,88,32,300,3.0,8.0,4.0,5.3,4.0,3.3,4.8,3.8,5.0,3.3,4.6,8.9,3.0,6.0,67.0,26.3,17.2
39.5,38.8,40.2,56.2,57.0,55.4,38.4,36.6,40.2,64.8,65.4,64.2,0.386,5.02,0.129,4.55,4.36,5.9,0.106,3.44,2.32,0.0405,0.794,0.425,48.4,36,93,29,300,3.6,7.5,3.9,4.5,2.0,4.9,3.7,4.6,5.0,2.9,5.0,9.3,3.5,5.5,65.9,29.0,15.6
37.2,37.2,37.2,54.1,54.2,54.0,36.3,37.4,35.2,60.4,59.2,61.6,0.38,5.0,0.129,4.43,4.39,5.87,0.106,3.42,2.33,0.0416,0.212,0.429,47.7,35,96,29,300,3.1,9.0,3.4,4.4,3.0,5.8,3.5,4.3,5.0,3.3,4.2,7.6,2.3,5.9,64.8,28.6,16.5
40.5,39.8,41.2,54.6,56.0,53.2,37.7,37.2,38.2,67.8,65.6,70.0,0.389,5.02,0.133,4.42,4.44,5.95,0.111,3.43,2.35,0.0417,0.213,0.431,47.0,35,96,30,300,2.9,9.3,3.3,4.1,4.8,4.8,3.2,3.8,5.2,3.9,4.4,7.5,2.8,6.3,66.3,29.3,17.3
35.4,37.8,33.0,52.6,52.2,53.0,36.9,38.2,35.6,68.6,66.8,70.4,0.379,4.95,0.132,4.42,4.37,5.93,0.108,3.39,2.3,0.0419,0.209,0.422,46.4,34,94,29,300,2.8,8.6,3.7,4.2,3.9,3.7,3.2,4.6,4.3,4.3,3.9,8.4,4.2,6.0,65.8,29.4,15.6
40.1,41.8,38.4,58.9,60.6,57.2,39.2,35.8,42.6,57.5,56.8,58.2,0.391,5.03,0.134,4.41,4.45,6.05,0.113,3.38,2.32,0.0417,0.212,0.429,46.1,34,97,29,300,2.2,9.0,3.9,5.1,2.4,3.5,4.3,3.9,2.9,4.3,3.5,8.0,3.4,5.6,62.0,30.5,14.9
36.7,36.8,36.6,53.8,56.0,51.6,37.9,38.4,37.4,63.8,64.2,63.4,0.389,5.09,0.134,4.42,4.4,5.98,0.109,3.47,2.33,0.0406,0.212,0.438,45.6,34,94,31,300,2.3,8.9,4.2,3.5,4.1,3.5,3.7,3.5,2.9,4.2,4.0,7.7,2.5,6.2,61.2,29.9,16.5
38.2,38.4,38.0,55.5,55.8,55.2,38.5,34.4,42.6,63.6,58.8,68.4,0.387,5.04,0.134,4.43,4.32,5.95,0.112,3.48,2.33,0.0407,0.212,0.436,45.2,33,88,31,300,2.5,9.5,4.3,3.1,5.5,4.1,3.0,3.8,4.0,4.2,3.8,8.0,3.0,6.7,65.5,28.8,14.8
38.6,39.2,38.0,58.4,59.8,57.0,39.4,40.2,38.6,60.4,58.6,62.2,0.401,4.96,0.14,4.35,4.41,5.9,0.113,3.51,2.31,0.0435,0.212,0.437,44.9,33,93,31,300,2.9,10.1,3.8,3.5,4.3,3.6,3.7,3.8,3.6,4.2,4.7,8.8,3.5,5.9,66.4,27.8,15.4
39.9,41.6,38.2,60.5,62.6,58.4,38.7,38.8,38.6,60.2,59.6,60.8,0.42,4.99,0.141,4.36,4.44,5.9,0.116,3.42,2.34,0.0424,0.215,0.443,44.6,33,100,30,300,3.7,8.7,3.6,3.4,3.2,3.4,4.7,3.6,3.6,4.3,4.8,9.2,3.6,5.6,65.4,26.7,16.3
38.0,39.8,36.2,57.9,58.8,57.0,38.0,38.4,37.6,69.0,66.4,71.6,0.43,5.18,0.145,4.52,4.71,6.24,0.123,3.56,2.41,0.0416,0.22,0.482,44.4,33,93,31,300,3.8,8.1,4.0,3.9,2.5,4.1,5.7,4.0,4.1,4.3,4.3,9.9,3.1,5.5,67.3,28.0,17.3
37.3,34.4,40.2,57.8,59.2,56.4,37.0,36.2,37.8,62.5,61.8,63.2,0.452,5.39,0.15,4.82,4.91,6.58,0.127,3.78,2.57,0.043,0.228,0.499,44.3,33,100,30,300,2.9,9.3,4.9,3.9,3.6,3.6,5.0,4.8,4.1,3.7,5.3,10.7,3.1,4.8,69.7,28.4,16.5
36.3,35.6,37.0,53.2,54.6,51.8,40.2,42.6,37.8,61.6,60.8,62.4,0.451,5.68,0.155,5.04,5.19,6.89,0.131,3.97,2.7,0.0424,0.236,0.518,44.1,33,110,29,300,2.8,7.7,4.9,3.8,4.0,3.7,3.5,4.5,4.5,4.0,4.9,9.0,2.4,4.7,64.4,28.6,18.4
40.0,40.2,39.8,30.3,31.8,28.8,38.3,39.4,37.2,38.7,38.4,39.0,0.494,5.97,0.162,5.27,5.46,7.18,0.137,4.18,2.79,0.0437,0.243,0.545,43.8,33,91,30,300,3.3,6.7,4.7,4.6,3.4,3.3,3.2,4.4,3.6,3.9,4.4,7.2,1.5,5.7,59.9,26.3,17.2
47.9,46.6,49.2,45.2,46.6,43.8,50.7,51.8,49.6,36.5,36.8,36.2,0.439,5.3,0.147,4.6,4.55,6.25,0.12,3.48,2.39,0.0426,0.216,0.454,104.0,71,350,72,400,72.3,12.2,6.33,6.33,5.17,5.0,6.67,4.33,3.67,5.0,7.33,12.0,4.5,7.5,158.0,2.32,0.678
42.5,41.0,44.0,50.3,48.8,51.8,42.8,43.4,42.2,34.0,34.4,33.6,0.437,5.35,0.146,4.61,4.63,6.42,0.119,3.51,2.43,0.0434,0.216,0.457,84.7,52,360,49,400,42.5,13.2,6.3,6.7,5.8,5.3,6.2,5.2,4.2,6.1,7.3,12.8,4.6,8.1,134.0,4.12,1.68
40.8,40.4,41.2,45.9,47.0,44.8,42.1,44.2,40.0,33.2,32.8,33.6,0.444,5.39,0.149,4.72,4.57,6.3,0.119,3.62,2.51,0.0414,0.217,0.455,75.4,46,88,25,400,2.5,11.3,5.3,5.9,5.8,5.4,4.2,5.7,4.9,5.6,5.7,10.7,3.7,7.6,84.3,5.44,3.15
43.4,42.0,44.8,47.3,49.6,45.0,44.5,45.2,43.8,37.4,38.0,36.8,0.454,5.34,0.154,4.66,4.73,6.51,0.13,3.59,2.5,0.0433,0.222,0.466,67.7,40,84,25,400,2.5,9.8,6.3,5.6,5.1,6.1,4.5,6.2,5.3,4.6,5.6,10.2,3.5,7.2,82.5,7.09,3.93
45.1,45.6,44.6,46.3,48.0,44.6,43.9,44.4,43.4,33.1,33.0,33.2,0.482,5.5,0.161,4.91,4.71,6.59,0.135,3.75,2.53,0.042,0.227,0.464,62.7,37,79,26,400,3.1,12.2,5.9,5.7,4.5,6.4,4.8,5.3,4.8,5.7,6.0,10.9,4.6,7.1,87.0,7.86,4.52
43.2,43.2,43.2,45.4,45.8,45.0,42.4,43.2,41.6,35.8,37.0,34.6,0.496,5.59,0.161,5.0,4.78,6.7,0.133,3.73,2.56,0.0429,0.229,0.478,58.6,35,75,25,400,4.3,12.5,4.3,5.7,5.7,5.1,4.9,5.3,5.2,6.0,6.9,11.1,5.1,7.3,89.4,7.62,5.19
41.7,42.6,40.8,45.0,43.8,46.2,42.7,43.2,42.2,35.0,32.4,37.6,0.488,5.7,0.16,5.09,4.88,6.77,0.137,3.8,2.65,0.0418,0.23,0.476,55.7,33,75,24,400,4.3,10.5,4.6,5.3,6.1,4.3,5.7,5.4,6.6,5.6,6.6,11.2,4.4,7.3,87.9,7.77,5.11
38.0,36.2,39.8,44.9,46.4,43.4,42.6,41.4,43.8,35.1,35.6,34.6,0.478,5.74,0.159,5.21,4.87,6.81,0.133,3.93,2.67,0.0416,0.233,0.476,53.8,32,83,27,400,4.3,11.8,5.4,5.0,5.1,5.2,5.6,5.5,7.1,5.2,5.3,10.0,3.9,7.7,87.1,8.05,4.4
43.8,41.0,46.6,46.0,45.4,46.6,43.5,45.2,41.8,30.6,28.0,33.2,0.488,5.7,0.16,5.23,4.91,6.89,0.137,3.88,2.72,0.0426,0.235,0.476,51.6,31,78,26,400,4.2,13.2,5.4,4.9,5.0,5.8,4.7,6.8,5.3,3.5,4.6,8.4,2.9,7.0,81.7,7.61,4.46
42.3,42.4,42.2,46.2,48.2,44.2,41.7,43.4,40.0,34.8,36.0,33.6,0.486,5.77,0.159,5.34,5.01,7.07,0.134,3.98,2.74,0.0423,0.238,0.479,50.0,30,74,24,400,4.3,13.0,6.1,5.0,5.2,6.7,3.9,7.0,4.8,4.3,5.2,9.8,2.7,6.1,84.1,7.71,4.5
43.5,45.8,41.2,44.7,46.0,43.4,43.7,41.0,46.4,33.2,31.2,35.2,0.482,5.86,0.159,5.44,5.04,7.02,0.134,3.94,2.79,0.0396,0.237,0.481,48.6,30,76,25,400,4.1,12.5,6.1,4.2,5.3,6.4,4.8,6.1,6.7,5.6,5.7,10.0,2.9,6.0,86.4,7.83,4.13
41.6,41.0,42.2,46.4,47.2,45.6,43.7,44.2,43.2,35.5,34.0,37.0,0.464,5.94,0.154,5.5,5.06,7.21,0.131,4.03,2.83,0.0408,0.235,0.476,47.6,30,78,26,400,3.7,12.5,5.2,4.1,5.4,5.5,6.5,5.1,6.3,4.8,4.6,9.0,3.2,8.2,84.1,7.27,4.05
44.0,43.8,44.2,47.5,46.6,48.4,43.4,43.8,43.0,34.2,30.2,38.2,0.477,5.96,0.16,5.67,5.08,7.31,0.131,4.07,2.82,0.0414,0.241,0.47,46.7,29,78,27,400,3.4,12.5,4.6,5.2,5.4,5.6,6.4,5.8,4.7,4.1,5.0,10.6,3.4,8.5,85.2,7.08,4.22
43.2,43.0,43.4,50.8,51.8,49.8,43.3,41.8,44.8,35.0,33.4,36.6,0.477,6.19,0.16,5.65,5.21,7.41,0.137,4.15,2.83,0.0412,0.242,0.481,45.8,29,78,26,400,3.2,11.0,4.8,5.5,5.5,7.5,5.4,5.5,4.7,4.5,5.7,10.5,3.2,7.5,84.5,7.35,4.12
43.0,40.2,45.8,46.6,48.8,44.4,41.8,39.4,44.2,33.5,32.0,35.0,0.5,6.16,0.16,5.8,5.2,7.47,0.135,4.21,2.91,0.0397,0.244,0.481,45.4,29,89,25,400,3.3,10.2,6.0,5.1,5.7,6.4,5.6,4.5,7.3,5.7,4.9,10.4,2.9,9.4,87.4,6.97,4.99
42.3,41.2,43.4,46.3,47.4,45.2,43.2,45.8,40.6,34.0,34.6,33.4,0.479,6.27,0.159,5.87,5.21,7.57,0.135,4.18,3.0,0.0395,0.251,0.49,44.9,29,92,27,400,2.6,10.6,6.9,5.6,6.6,4.4,5.1,5.3,7.7,5.1,5.1,11.7,2.7,9.7,89.1,7.05,4.97
45.0,45.6,44.4,47.0,46.0,48.0,44.8,44.4,45.2,34.1,35.4,32.8,0.502,6.41,0.165,6.12,5.52,7.93,0.143,4.39,3.06,0.0396,0.254,0.516,44.3,29,84,27,400,2.2,11.3,6.6,4.5,6.7,5.6,5.3,4.9,6.1,5.0,5.7,10.1,2.8,9.0,85.8,7.29,4.88
42.6,42.8,42.4,46.6,47.6,45.6,43.6,44.6,42.6,33.1,33.6,32.6,0.523,6.82,0.171,6.47,5.9,8.46,0.152,4.65,3.24,0.0398,0.27,0.546,43.7,28,75,25,400,2.9,11.3,6.6,3.2,5.5,6.0,5.9,3.7,5.3,5.9,6.0,9.0,2.7,9.5,83.5,6.9,4.56
45.1,46.0,44.2,45.0,42.8,47.2,58.4,62.6,54.2,33.1,33.2,33.0,0.573,7.24,0.185,6.84,6.19,8.91,0.162,4.92,3.42,0.0398,0.476,0.574,43.2,28,76,25,400,3.7,10.4,6.3,4.8,5.5,4.9,6.8,4.7,4.5,5.7,5.9,11.5,3.3,8.6,86.6,6.92,4.65
41.7,43.0,40.4,32.2,35.2,29.2,43.7,42.0,45.4,26.9,28.6,25.2,0.59,7.53,0.189,7.21,6.5,9.26,0.168,5.18,3.6,0.0398,0.838,0.607,42.8,28,82,26,400,4.3,10.7,5.1,4.9,5.4,5.9,6.9,7.0,5.1,5.5,6.2,13.4,4.3,6.4,91.1,6.48,3.77
50.2,52.0,48.4,49.3,52.0,46.6,56.1,55.0,57.2,42.6,43.4,41.8,0.473,5.28,0.153,6.08,5.39,7.72,0.132,4.27,2.98,0.0398,0.794,0.493,96.6,76,320,81,400,77.6,11.6,5.4,7.0,7.0,8.0,4.4,6.6,5.4,6.2,6.4,12.6,3.8,6.6,169.0,3.61,1.47
43.2,43.2,43.2,49.9,50.6,49.2,42.3,43.6,41.0,44.8,41.4,48.2,0.463,6.36,0.154,6.06,5.34,7.6,0.132,4.32,2.97,0.0385,0.793,0.493,79.5,53,310,62,400,44.5,11.0,4.6,6.5,5.9,6.4,4.7,6.3,5.3,5.3,6.4,11.2,4.1,6.9,129.0,6.01,2.88
42.9,41.0,44.8,50.6,50.8,50.4,42.6,43.4,41.8,46.9,46.8,47.0,0.472,6.26,0.157,6.01,5.29,7.7,0.133,4.38,2.96,0.0398,0.798,0.493,70.2,45,89,26,400,7.5,11.9,4.2,5.2,5.2,5.8,5.5,6.5,5.4,5.3,5.8,11.6,5.1,7.0,92.0,8.81,4.42
44.5,44.4,44.6,49.8,52.4,47.2,42.6,43.6,41.6,43.6,42.8,44.4,0.482,6.29,0.157,6.0,5.37,7.75,0.136,4.26,3.01,0.0411,0.794,0.498,64.9,42,93,29,400,3.6,11.5,4.0,4.3,5.3,7.1,5.9,6.0,5.0,6.7,6.4,12.4,4.4,7.0,89.6,12.6,6.08
41.1,41.4,40.8,51.1,51.4,50.8,42.3,39.6,45.0,43.0,42.0,44.0,0.474,6.41,0.156,6.02,5.34,7.82,0.136,4.39,3.01,0.0399,0.794,0.501,60.3,38,92,27,400,3.5,9.3,4.7,4.6,5.6,6.8,5.5,5.3,4.2,6.6,6.9,11.3,3.0,7.8,85.1,14.8,7.4
45.3,44.0,46.6,50.6,50.6,50.6,43.8,45.0,42.6,45.0,43.8,46.2,0.49,6.4,0.158,5.9,5.38,7.63,0.139,4.34,3.01,0.0391,0.794,0.501,58.1,37,93,27,400,3.3,10.4,6.3,4.4,6.4,5.6,4.6,5.8,4.5,7.1,5.3,10.5,3.6,8.0,85.8,15.1,8.01
42.0,42.0,42.0,49.4,50.4,48.4,42.5,42.2,42.8,45.2,45.6,44.8,0.49,6.3,0.159,5.9,5.41,7.75,0.14,4.36,3.0,0.0402,0.797,0.503,55.4,36,88,28,400,3.3,11.3,6.1,4.4,5.6,5.8,5.1,5.1,4.9,7.5,4.4,9.7,3.7,8.3,85.2,15.4,8.35
41.9,40.2,43.6,51.3,51.8,50.8,41.0,41.0,41.0,44.5,43.2,45.8,0.487,6.41,0.162,5.95,5.36,7.68,0.14,4.29,3.01,0.041,0.797,0.505,53.2,34,79,26,400,4.1,10.8,5.6,5.5,4.7,6.3,5.3,4.0,5.8,5.9,4.8,9.6,3.5,8.5,84.4,16.0,8.3
45.1,45.8,44.4,50.8,50.2,51.4,43.5,42.6,44.4,43.7,41.2,46.2,0.486,6.39,0.162,5.9,5.45,7.66,0.143,4.36,3.06,0.0402,0.795,0.502,51.6,33,84,26,400,3.8,11.3,5.7,5.3,5.3,5.8,4.3,4.4,6.6,5.1,5.7,9.4,3.4,8.2,84.3,14.3,7.91
45.0,45.8,44.2,51.4,51.8,51.0,43.2,44.8,41.6,43.5,45.2,41.8,0.502,6.26,0.166,5.9,5.41,7.59,0.142,4.31,3.05,0.0392,0.795,0.504,50.2,32,79,27,400,3.4,11.9,5.5,6.1,7.3,5.3,4.3,4.9,6.7,4.7,5.2,11.1,3.7,7.4,87.5,14.4,8.15
44.2,43.8,44.6,57.7,59.8,55.6,43.9,45.8,42.0,45.9,43.2,48.6,0.532,6.33,0.173,5.86,5.44,7.77,0.151,4.36,3.02,0.0414,0.801,0.524,49.3,32,84,28,400,4.6,12.1,6.2,6.5,7.0,5.9,4.3,5.3,5.7,4.4,5.1,11.6,5.1,7.2,91.0,13.8,7.96
43.0,45.2,40.8,47.5,48.8,46.2,44.3,43.4,45.2,43.0,44.8,41.2,0.54,6.32,0.178,5.89,5.46,7.77,0.153,4.4,3.01,0.0403,0.799,0.518,48.9,33,91,33,400,4.4,10.7,6.4,5.5,6.2,6.8,5.4,5.9,4.3,5.2,5.0,12.5,5.1,7.7,91.1,14.2,8.59
43.3,42.4,44.2,51.2,49.2,53.2,44.4,44.2,44.6,44.0,43.6,44.4,0.548,6.34,0.179,5.85,5.53,7.73,0.154,4.38,3.07,0.0404,0.801,0.522,48.1,32,92,32,400,3.7,10.4,6.5,5.4,6.2,5.8,6.0,5.3,5.3,4.4,4.3,12.4,5.1,7.4,88.2,13.3,8.51
44.9,44.4,45.4,51.2,51.6,50.8,42.7,43.2,42.2,44.5,46.0,43.0,0.549,6.28,0.182,5.82,5.43,7.75,0.153,4.39,3.03,0.0403,0.797,0.525,47.6,32,92,29,400,3.7,11.1,6.5,5.4,4.6,6.0,6.4,5.0,5.4,3.9,5.4,10.0,4.0,7.8,85.2,13.8,8.38
40.4,40.4,40.4,50.7,51.4,50.0,43.7,46.6,40.8,44.5,43.4,45.6,0.539,6.27,0.175,5.84,5.45,7.68,0.152,4.37,3.05,0.0392,0.6,0.523,47.1,32,96,29,400,3.9,12.3,5.8,5.1,5.4,5.9,5.7,5.4,5.2,4.6,6.8,10.9,3.2,8.2,88.4,14.8,8.4
47.2,47.2,47.2,50.1,50.8,49.4,43.3,41.8,44.8,43.5,41.0,46.0,0.563,6.3,0.181,5.82,5.43,7.75,0.155,4.37,3.06,0.0414,0.248,0.52,46.5,32,86,28,400,3.6,12.5,5.4,4.4,6.3,5.7,4.3,5.6,5.7,4.5,6.2,11.7,4.3,8.4,88.6,14.4,8.59
43.4,42.8,44.0,50.0,52.6,47.4,45.1,45.4,44.8,43.4,41.0,45.8,0.576,6.51,0.185,6.0,5.7,8.07,0.162,4.47,3.14,0.0404,0.258,0.554,46.3,32,92,31,400,3.9,9.6,5.8,4.3,5.8,7.1,4.6,5.6,4.9,4.7,6.5,11.7,4.4,9.3,88.2,14.7,7.48
44.6,44.0,45.2,52.5,53.4,51.6,42.5,42.2,42.8,45.2,46.4,44.0,0.606,6.84,0.192,6.32,6.07,8.49,0.168,4.68,3.3,0.0405,0.269,0.585,45.8,31,90,29,400,4.5,10.2,5.8,4.0,5.7,6.0,5.0,5.7,4.3,5.6,6.9,11.0,3.7,8.6,87.0,14.7,7.64
43.5,43.4,43.6,49.6,50.6,48.6,42.8,44.4,41.2,43.4,44.6,42.2,0.64,7.25,0.203,6.66,6.38,8.98,0.177,4.94,3.45,0.0403,0.282,0.609,45.4,31,84,28,400,4.2,11.6,4.2,4.5,5.2,4.7,4.7,5.5,4.7,6.4,6.3,11.5,3.8,8.2,85.5,15.1,8.21
45.4,43.8,47.0,47.0,47.0,47.0,45.2,45.0,45.4,34.3,34.0,34.6,0.672,7.56,0.211,6.97,6.7,9.38,0.185,5.15,3.62,0.0396,0.291,0.64,45.3,31,91,30,400,3.6,12.1,4.8,5.4,5.3,5.0,3.8,5.1,5.5,5.9,7.0,11.8,4.2,7.9,87.4,13.3,7.64
38.7,38.2,39.2,53.9,55.2,52.6,40.8,39.0,42.6,50.0,46.2,53.8,0.562,6.34,0.182,5.78,5.56,7.86,0.152,4.31,2.99,0.0409,0.251,0.523,89.8,79,220,74,400,61.9,11.6,4.0,6.29,7.0,5.71,6.71,5.57,5.0,4.86,7.43,10.3,3.71,9.14,149.0,5.82,2.55
44.2,44.2,44.2,53.4,54.0,52.8,42.3,43.4,41.2,50.9,50.6,51.2,0.565,6.43,0.18,5.8,5.49,7.84,0.152,4.33,3.03,0.0398,0.257,0.531,75.8,56,160,30,400,29.4,10.9,4.5,6.2,6.4,5.8,5.9,5.4,5.0,4.8,5.7,10.8,3.8,8.0,113.0,10.1,3.96
42.2,43.0,41.4,53.7,55.0,52.4,43.5,46.2,40.8,49.9,47.6,52.2,0.562,6.3,0.18,5.79,5.59,7.92,0.151,4.33,2.96,0.0388,0.255,0.533,68.9,49,92,29,400,4.2,12.5,5.1,4.8,6.5,5.8,4.6,5.1,6.1,4.6,4.4,11.2,3.5,6.9,85.3,13.6,6.42
45.3,43.0,47.6,54.6,52.6,56.6,42.2,41.8,42.6,50.3,51.0,49.6,0.568,6.43,0.178,5.69,5.52,7.86,0.151,4.3,3.02,0.0398,0.252,0.528,65.0,47,110,33,400,4.1,13.3,6.2,4.6,6.0,6.1,4.7,5.7,6.4,4.2,4.7,12.6,3.4,8.5,90.5,17.5,8.45
42.3,42.8,41.8,53.0,53.8,52.2,41.1,42.6,39.6,50.3,47.8,52.8,0.551,6.39,0.174,5.75,5.55,7.89,0.149,4.3,3.03,0.0409,0.253,0.528,61.0,43,96,31,400,3.8,11.5,6.5,5.2,4.9,5.4,5.0,5.4,4.4,5.2,5.1,11.8,3.3,8.6,86.1,18.8,10.1
43.7,45.2,42.2,55.9,56.2,55.6,41.9,40.6,43.2,48.6,48.0,49.2,0.527,6.38,0.167,5.68,5.53,7.82,0.145,4.23,3.0,0.0386,0.25,0.523,58.0,40,85,28,400,3.8,10.4,5.6,5.1,5.3,5.6,5.3,5.5,4.0,5.8,5.7,10.5,3.1,7.5,83.2,18.5,10.2
46.3,45.0,47.6,59.2,58.2,60.2,44.7,46.2,43.2,51.4,48.6,54.2,0.541,6.35,0.172,5.71,5.61,7.87,0.145,4.28,3.04,0.04,0.249,0.534,56.0,38,87,29,400,4.0,10.4,4.8,5.1,5.7,5.5,5.7,6.7,4.5,6.6,5.1,11.1,3.7,7.5,86.4,17.9,10.2
41.6,42.8,40.4,52.7,52.2,53.2,42.9,41.8,44.0,50.4,49.2,51.6,0.538,6.45,0.17,5.67,5.47,7.91,0.146,4.28,2.99,0.041,0.253,0.532,54.5,37,91,30,400,3.8,10.7,5.2,5.3,5.7,4.7,5.9,6.5,4.9,6.4,4.4,13.3,4.8,8.1,89.7,18.1,9.88
43.8,42.2,45.4,55.2,56.8,53.6,44.5,44.2,44.8,46.6,48.0,45.2,0.536,6.42,0.167,5.71,5.59,7.79,0.146,4.26,3.03,0.039,0.249,0.528,52.9,36,87,30,400,3.2,10.2,5.8,4.8,6.0,4.8,6.3,6.4,4.5,6.0,4.8,12.3,4.3,7.9,87.3,17.8,11.0
45.7,49.2,42.2,52.7,52.0,53.4,44.5,42.8,46.2,50.6,47.6,53.6,0.522,6.33,0.172,5.69,5.59,7.84,0.144,4.24,2.97,0.0408,0.253,0.538,51.9,36,97,29,400,4.3,10.0,6.0,4.9,5.9,5.2,5.5,6.4,4.1,5.9,5.3,10.0,3.5,9.0,86.0,17.6,10.9
43.3,44.0,42.6,52.7,54.0,51.4,43.5,41.4,45.6,49.9,49.6,50.2,0.526,6.35,0.169,5.62,5.57,7.87,0.143,4.27,3.01,0.0387,0.254,0.532,51.0,35,95,29,400,5.2,10.3,5.9,5.4,5.6,5.4,4.6,5.4,5.4,5.1,5.2,11.0,3.8,9.3,87.6,17.6,10.4
43.8,45.2,42.4,53.2,55.0,51.4,41.0,43.4,38.6,48.8,49.4,48.2,0.519,6.3,0.17,5.6,5.6,7.72,0.143,4.24,3.0,0.0398,0.249,0.523,50.0,35,85,29,400,3.9,10.2,4.7,5.0,6.4,5.1,6.2,5.0,4.9,6.4,4.9,11.7,3.3,8.1,85.8,18.1,10.9
42.8,39.4,46.2,52.9,53.8,52.0,45.3,44.6,46.0,50.7,50.4,51.0,0.522,6.36,0.172,5.68,5.51,7.75,0.146,4.31,3.01,0.0396,0.253,0.526,49.1,34,85,30,400,3.8,11.3,4.4,4.4,6.3,4.8,6.6,4.9,4.7,6.5,5.9,11.3,3.7,7.5,86.1,18.2,10.7
44.3,44.8,43.8,53.2,53.2,53.2,44.3,45.8,42.8,50.1,49.6,50.6,0.521,6.29,0.173,5.67,5.51,7.79,0.147,4.27,3.04,0.0388,0.25,0.53,48.6,34,88,30,400,4.9,12.3,5.6,5.4,5.2,5.9,5.7,4.9,5.3,5.8,5.4,10.7,4.5,6.5,88.1,17.8,10.0
42.3,41.6,43.0,54.9,54.2,55.6,43.3,41.8,44.8,48.6,45.2,52.0,0.527,6.37,0.172,5.68,5.46,7.79,0.148,4.28,3.06,0.0407,0.254,0.537,48.0,34,94,31,400,4.7,11.7,5.8,5.9,4.0,6.1,5.8,5.2,5.0,5.8,4.6,11.0,4.6,7.3,87.5,18.9,10.2
42.9,43.8,42.0,53.3,54.4,52.2,41.4,40.6,42.2,49.8,48.8,50.8,0.536,6.43,0.173,5.67,5.58,7.8,0.146,4.3,3.0,0.0408,0.251,0.54,47.5,34,94,30,400,3.6,11.4,5.4,5.4,5.2,5.1,5.8,4.4,5.2,5.0,6.2,10.8,4.5,7.9,85.9,18.3,9.98
42.4,42.0,42.8,51.1,53.4,48.8,43.6,43.8,43.4,48.5,47.0,50.0,0.554,6.75,0.177,6.04,5.93,8.28,0.152,4.5,3.18,0.0399,0.26,0.57,47.1,34,89,29,400,3.7,10.8,4.9,6.8,6.9,5.3,5.3,5.6,5.7,4.9,6.1,9.8,3.3,6.5,85.6,17.9,10.5
42.6,43.8,41.4,53.6,54.8,52.4,41.1,42.2,40.0,48.9,47.7,50.1,0.57,7.04,0.182,6.26,6.18,8.67,0.159,4.78,3.36,0.0398,0.27,0.594,46.5,33,85,29,400,3.5,10.6,5.3,6.8,5.6,4.8,4.7,6.3,6.4,5.1,5.6,9.6,2.8,7.2,84.3,18.1,10.3
42.4,44.0,40.8,54.7,55.2,54.2,43.4,43.8,43.0,51.0,51.1,50.9,0.599,7.44,0.19,6.66,6.5,9.14,0.166,4.97,3.48,0.041,0.282,0.629,46.2,33,85,28,400,4.8,10.8,5.5,5.7,5.4,4.3,5.1,4.7,7.0,5.1,5.1,9.9,3.0,8.1,84.5,18.6,10.2
45.6,46.0,45.2,59.5,59.2,59.8,43.9,43.4,44.4,51.1,51.0,51.2,0.625,7.7,0.198,6.99,6.84,9.58,0.174,5.29,3.68,0.04,0.294,0.661,45.9,33,89,30,400,5.3,11.8,5.5,6.1,5.2,4.2,6.0,4.4,5.8,5.9,5.3,9.7,3.1,6.8,85.1,18.2,9.78
43.7,44.0,43.4,53.1,54.2,52.0,58.6,56.4,60.8,51.9,50.0,53.8,0.663,8.13,0.203,7.3,7.11,9.92,0.181,5.54,3.86,0.041,0.861,0.692,45.8,33,92,33,400,4.4,11.9,5.6,6.2,4.6,4.6,5.8,3.9,4.7,5.9,6.1,11.4,3.3,7.0,85.4,18.9,11.9
44.4,46.2,42.6,47.6,49.6,45.6,43.1,45.8,40.4,40.3,39.4,41.2,0.684,8.5,0.212,7.61,7.43,10.4,0.187,5.81,4.07,0.041,0.871,0.712,45.8,33,100,34,400,4.4,11.3,5.6,6.2,5.2,5.7,6.3,4.9,4.8,4.3,5.3,12.1,3.3,7.5,86.9,17.2,11.2
41.7,37.6,45.8,59.0,59.6,58.4,43.2,40.2,46.2,61.3,58.4,64.2,0.515,6.42,0.167,5.83,5.59,7.7,0.142,4.36,3.0,0.0386,0.8,0.528,79.8,70,200,70,400,52.8,13.3,5.0,4.5,5.25,3.63,5.13,6.0,5.0,6.5,5.0,9.38,4.0,7.38,133.0,7.95,2.99
42.6,44.0,41.2,62.3,62.6,62.0,42.9,44.4,41.4,59.9,62.0,57.8,0.521,6.5,0.165,5.8,5.46,7.73,0.14,4.29,3.03,0.0386,0.805,0.528,70.6,58,150,33,400,26.3,13.2,5.7,5.2,5.8,5.1,5.4,5.9,5.7,6.9,5.1,12.4,4.1,8.6,115.0,14.4,5.79
43.1,42.2,44.0,58.2,58.6,57.8,41.0,42.0,40.0,60.8,62.4,59.2,0.524,6.5,0.165,5.71,5.49,7.67,0.141,4.35,3.07,0.038,0.8,0.52,65.4,51,110,32,400,3.4,12.0,4.9,5.4,5.3,4.9,5.1,4.6,5.5,6.5,5.3,10.1,3.0,7.6,83.6,18.5,10.5
42.8,42.8,42.8,59.7,62.2,57.2,43.0,42.8,43.2,58.6,56.4,60.8,0.505,6.4,0.164,5.71,5.48,7.72,0.141,4.3,3.0,0.0389,0.8,0.526,60.9,45,100,31,400,4.3,11.4,4.8,5.8,5.5,5.1,5.2,4.3,4.7,6.8,5.0,9.9,3.9,7.3,84.0,23.1,12.9
43.5,41.8,45.2,57.6,59.4,55.8,42.6,42.8,42.4,59.5,58.4,60.6,0.516,6.41,0.167,5.79,5.41,7.76,0.144,4.33,2.98,0.0388,0.805,0.533,57.7,42,92,29,400,3.7,10.2,4.6,6.4,5.5,5.6,5.1,5.7,4.9,6.4,4.6,11.7,4.5,8.7,87.6,26.4,15.8
44.6,45.4,43.8,58.4,60.2,56.6,44.9,46.8,43.0,58.8,55.4,62.2,0.512,6.37,0.167,5.69,5.4,7.78,0.142,4.28,3.03,0.04,0.801,0.534,55.9,41,95,31,400,3.7,11.1,5.4,5.7,6.5,5.3,5.4,6.1,5.0,5.7,4.5,12.2,4.5,8.3,89.4,25.3,16.4
42.0,40.6,43.4,56.9,58.0,55.8,42.1,44.2,40.0,61.6,60.0,63.2,0.512,6.35,0.164,5.68,5.42,7.65,0.142,4.3,3.05,0.0399,0.803,0.54,54.2,39,95,33,400,3.9,12.5,5.5,5.1,5.8,6.1,5.2,5.0,4.6,5.5,5.5,12.5,4.2,7.3,88.7,25.4,16.4
42.9,41.8,44.0,57.9,59.8,56.0,43.0,44.6,41.4,59.1,55.3,62.9,0.493,6.3,0.16,5.76,5.46,7.72,0.151,4.29,3.04,0.038,0.8,0.535,52.7,39,90,31,400,3.5,12.3,4.8,4.8,4.4,6.7,4.4,5.5,5.5,4.6,6.3,11.6,3.8,7.2,85.4,25.5,14.1
42.6,44.8,40.4,58.4,61.2,55.6,44.8,44.0,45.6,62.7,63.9,61.5,0.486,6.23,0.166,5.77,5.4,7.73,0.154,4.25,3.06,0.039,0.802,0.537,51.7,38,91,33,400,3.7,12.1,5.2,4.5,5.2,6.0,4.5,6.4,5.6,3.7,6.5,11.7,3.6,7.6,86.3,26.4,14.8
42.2,39.4,45.0,58.6,60.4,56.8,40.6,38.4,42.8,61.3,58.2,64.4,0.505,6.29,0.167,5.71,5.38,7.69,0.158,4.32,3.05,0.038,0.805,0.533,50.8,38,91,33,400,4.1,10.6,5.4,5.2,4.9,5.3,5.2,5.8,5.7,4.3,6.8,11.8,3.8,7.3,86.2,25.7,14.4
42.5,43.4,41.6,57.7,58.2,57.2,42.4,41.2,43.6,57.7,55.8,59.6,0.505,6.31,0.166,5.83,5.43,7.61,0.156,4.26,3.04,0.039,0.804,0.541,50.1,37,92,32,400,3.6,10.1,4.9,6.8,3.8,4.9,5.6,6.4,5.2,4.7,5.7,10.5,3.9,7.1,83.2,25.9,14.2
43.5,40.8,46.2,55.9,58.0,53.8,43.2,43.0,43.4,59.1,58.0,60.2,0.508,6.28,0.166,5.72,5.38,7.65,0.156,4.32,3.07,0.038,0.802,0.53,49.6,37,92,31,400,3.5,11.6,3.8,6.8,4.1,4.0,5.6,7.1,4.9,5.0,4.3,8.7,3.1,8.3,80.8,24.5,14.1
42.5,43.8,41.2,61.2,62.0,60.4,44.1,41.8,46.4,61.0,60.3,61.7,0.497,6.33,0.165,5.67,5.34,7.47,0.155,4.25,3.01,0.0392,0.799,0.535,49.1,37,95,31,400,3.8,12.0,4.2,6.1,4.2,4.6,6.0,5.7,4.8,5.9,4.7,7.8,2.4,9.2,81.4,25.9,15.1
42.5,41.0,44.0,68.1,68.8,67.4,42.4,44.2,40.6,61.4,59.3,63.5,0.486,6.21,0.163,5.74,5.34,7.61,0.154,4.24,3.01,0.0382,0.246,0.534,48.8,37,100,34,400,5.2,11.4,5.5,5.9,5.1,5.8,5.4,4.4,4.6,6.5,4.9,9.5,2.8,7.0,84.0,24.9,14.9
42.3,41.4,43.2,59.8,61.8,57.8,41.9,42.2,41.6,61.8,59.8,63.8,0.506,6.11,0.163,5.67,5.31,7.58,0.156,4.2,3.03,0.0386,0.245,0.542,48.9,37,110,38,400,5.1,11.1,5.9,6.2,6.1,5.7,4.8,4.6,4.4,5.5,5.2,12.1,3.9,5.3,85.9,25.8,15.5
44.6,44.2,45.0,58.3,60.6,56.0,45.6,44.0,47.2,61.5,59.6,63.4,0.509,6.14,0.168,5.71,5.38,7.71,0.159,4.32,3.08,0.0399,0.245,0.561,48.7,37,110,38,400,4.3,12.0,6.0,5.5,6.9,5.2,4.8,5.0,4.1,4.6,5.2,10.9,4.1,7.4,86.0,25.8,15.9
41.6,43.8,39.4,58.0,57.6,58.4,43.1,43.6,42.6,60.6,61.4,59.8,0.541,6.49,0.178,6.1,5.7,8.14,0.167,4.5,3.19,0.0411,0.258,0.585,48.5,37,100,35,400,4.7,11.5,5.5,5.8,6.0,6.0,4.8,5.3,5.1,4.5,5.1,11.1,4.8,9.0,89.2,26.0,16.9
45.9,44.0,47.8,61.6,63.0,60.2,43.9,42.6,45.2,59.3,59.6,59.0,0.569,6.88,0.185,6.41,6.0,8.6,0.177,4.72,3.39,0.0414,0.27,0.622,48.2,36,99,34,400,3.6,10.0,5.6,5.7,5.3,6.1,5.1,5.0,5.6,5.1,5.4,11.9,4.9,8.3,87.6,25.7,16.0
44.3,44.4,44.2,52.5,54.6,50.4,45.8,42.4,49.2,54.7,54.8,54.6,0.604,7.32,0.194,6.7,6.33,9.05,0.186,4.98,3.61,0.0397,0.282,0.651,48.0,36,100,33,400,3.4,10.5,6.0,4.5,6.6,5.6,6.2,4.1,5.3,5.0,5.5,12.3,3.6,7.0,85.6,25.5,16.6
43.7,44.6,42.8,32.6,35.0,30.2,42.0,41.8,42.2,31.9,27.8,36.0,0.633,7.64,0.199,7.03,6.64,9.39,0.194,5.24,3.73,0.0398,0.293,0.677,47.5,36,95,30,400,4.2,12.1,6.5,5.4,7.5,5.2,6.4,5.4,4.9,5.1,5.6,12.2,3.1,7.3,90.9,21.4,14.8
51.7,49.0,54.4,57.8,59.2,56.4,55.2,53.8,56.6,67.8,66.4,69.2,0.505,6.35,0.166,5.79,5.41,7.67,0.157,4.23,3.09,0.0408,0.244,0.528,97.8,86,230,90,400,72.4,13.2,5.6,5.2,6.0,5.4,5.4,7.4,3.6,4.2,4.4,12.6,3.2,9.6,158.0,8.76,3.52
43.2,45.4,41.0,62.4,64.6,60.2,42.4,43.2,41.6,59.6,60.2,59.0,0.5,6.29,0.16,5.8,5.36,7.63,0.156,4.23,2.99,0.0398,0.246,0.532,80.7,62,220,67,400,43.1,11.7,4.9,5.6,5.7,5.5,5.8,5.7,4.6,4.3,4.7,12.0,3.4,8.6,126.0,16.0,7.08
44.2,43.8,44.6,56.1,56.6,55.6,41.9,41.0,42.8,67.4,67.4,67.4,0.503,6.33,0.162,5.76,5.42,7.62,0.154,4.28,3.03,0.0398,0.243,0.531,72.4,53,93,33,400,8.5,11.2,4.0,6.0,5.0,5.0,6.9,4.7,4.9,5.3,5.6,11.8,3.7,8.0,90.6,22.2,11.0
43.3,42.6,44.0,57.4,60.8,54.0,43.5,43.6,43.4,68.3,65.7,70.9,0.517,6.31,0.164,5.69,5.43,7.69,0.144,4.29,3.01,0.0398,0.249,0.52,66.1,46,90,33,400,3.3,11.4,5.3,5.9,4.4,4.3,7.1,5.4,4.7,5.7,6.4,11.2,3.8,7.8,86.7,27.7,13.5
42.5,43.8,41.2,64.3,65.8,62.8,41.0,40.2,41.8,61.3,60.5,62.1,0.509,6.29,0.159,5.64,5.43,7.65,0.14,4.28,3.02,0.0387,0.246,0.516,62.9,44,95,32,400,3.8,10.7,6.4,4.5,4.5,5.2,6.9,5.6,5.5,5.4,6.6,9.7,3.4,8.5,86.7,30.4,15.5
43.4,42.2,44.6,60.0,62.8,57.2,43.5,42.2,44.8,65.8,66.6,65.0,0.496,6.37,0.164,5.63,5.4,7.64,0.145,4.2,2.98,0.0409,0.243,0.525,60.5,44,99,36,400,3.8,10.5,5.1,4.6,5.1,6.1,6.7,5.6,5.4,5.5,6.4,9.6,3.6,8.5,86.5,30.8,16.7
44.6,46.2,43.0,56.4,58.0,54.8,44.0,43.6,44.4,67.5,65.2,69.8,0.516,6.34,0.167,5.57,5.41,7.78,0.144,4.28,3.02,0.041,0.246,0.533,58.5,42,100,36,400,3.5,10.2,4.9,4.9,5.1,6.2,6.3,5.6,5.4,6.9,5.7,11.9,4.7,7.6,88.9,30.9,15.5
41.6,40.4,42.8,60.6,62.6,58.6,42.9,41.2,44.6,64.3,64.0,64.6,0.513,6.32,0.167,5.59,5.51,7.69,0.145,4.26,3.05,0.0399,0.247,0.537,57.1,41,110,33,400,5.0,11.0,5.0,3.6,5.6,6.0,5.8,5.8,6.0,6.3,4.5,12.7,4.4,7.2,88.9,29.1,14.9
42.9,40.6,45.2,56.6,59.4,53.8,41.6,41.4,41.8,59.8,60.8,58.8,0.53,6.35,0.17,5.71,5.48,7.88,0.148,4.22,3.06,0.0388,0.249,0.535,56.1,40,120,32,400,4.7,12.1,4.0,3.8,7.2,4.8,5.2,6.7,5.1,5.1,5.1,11.2,3.6,7.6,86.2,30.0,16.3
41.5,39.8,43.2,60.2,60.6,59.8,42.3,41.4,43.2,70.0,70.0,70.0,0.524,6.36,0.169,5.59,5.56,7.7,0.146,4.22,3.11,0.041,0.243,0.538,54.8,40,100,31,400,3.1,11.8,4.2,5.4,6.9,4.1,4.9,6.6,4.2,5.2,6.0,10.3,3.2,8.1,84.0,30.3,16.3
43.5,42.8,44.2,64.9,65.6,64.2,43.6,43.6,43.6,64.4,65.0,63.8,0.516,6.44,0.169,5.73,5.54,7.77,0.146,4.31,3.07,0.0397,0.249,0.54,54.0,39,97,35,400,3.1,11.1,5.2,5.9,5.6,5.4,5.3,5.5,5.3,5.0,5.9,10.2,2.8,7.6,83.9,30.5,14.6
42.2,42.4,42.0,64.3,67.0,61.6,41.0,41.6,40.4,62.0,59.0,65.0,0.503,6.37,0.166,5.66,5.44,7.76,0.143,4.28,3.06,0.0398,0.247,0.535,53.2,38,100,34,400,3.2,11.9,5.3,4.9,5.1,6.7,5.6,6.0,5.6,5.4,5.6,11.4,3.7,6.6,87.0,28.7,16.8
43.3,40.8,45.8,57.9,61.2,54.6,43.2,40.8,45.6,64.4,65.8,63.0,0.498,6.3,0.163,5.54,5.51,7.64,0.149,4.22,3.11,0.0399,0.244,0.542,52.5,38,100,33,400,3.0,12.2,4.9,4.9,5.0,6.5,4.5,6.8,5.7,4.8,5.4,10.5,3.9,6.1,84.2,30.0,17.3
41.4,41.2,41.6,60.9,63.8,58.0,42.0,43.6,40.4,64.8,61.8,67.8,0.495,6.25,0.16,5.49,5.57,7.68,0.148,4.31,3.08,0.0398,0.243,0.533,51.8,37,100,32,400,3.4,11.5,5.1,6.4,6.0,5.0,4.5,6.6,6.2,4.8,6.2,9.8,3.5,6.8,85.8,29.2,16.0
45.7,45.2,46.2,60.3,62.4,58.2,41.5,39.4,43.6,58.1,56.0,60.2,0.486,6.08,0.159,5.59,5.54,7.59,0.143,4.29,3.02,0.0409,0.241,0.533,51.4,37,110,33,400,4.1,12.0,5.5,6.4,5.3,5.3,4.9,5.6,6.1,6.0,6.0,10.8,3.4,6.4,87.8,26.9,16.7
42.3,40.8,43.8,58.8,60.4,57.2,42.6,44.4,40.8,65.4,64.2,66.6,0.49,6.16,0.164,5.56,5.53,7.74,0.141,4.32,3.09,0.0409,0.244,0.542,51.0,37,100,35,400,4.1,12.2,5.5,5.0,4.4,6.3,5.8,4.9,5.7,5.6,4.8,10.7,3.3,7.4,85.7,27.4,18.8
44.8,46.2,43.4,59.4,61.4,57.4,45.2,45.4,45.0,63.2,64.0,62.4,0.5,6.32,0.168,5.68,5.73,8.06,0.146,4.4,3.17,0.0391,0.251,0.566,50.5,37,99,34,400,3.4,12.6,6.0,4.2,5.9,5.5,6.3,5.4,5.7,4.5,5.8,10.6,3.3,7.9,87.1,28.0,16.6
44.6,46.2,43.0,61.2,61.6,60.8,41.9,40.0,43.8,60.8,60.2,61.4,0.524,6.8,0.171,5.97,6.15,8.36,0.157,4.64,3.33,0.0414,0.261,0.602,50.0,37,94,33,400,4.5,12.6,6.1,4.5,6.0,5.4,5.6,5.8,6.0,5.0,6.0,11.6,3.0,6.9,89.0,27.4,15.9
42.5,43.0,42.0,58.0,59.8,56.2,42.7,43.0,42.4,64.1,65.0,63.2,0.555,7.08,0.178,6.32,6.41,8.84,0.162,4.89,3.5,0.0416,0.268,0.64,49.9,37,100,34,400,5.5,12.0,5.5,5.1,5.3,4.9,5.7,5.7,6.5,5.7,5.6,11.5,3.4,6.7,89.1,27.7,17.1
40.9,43.4,38.4,40.5,38.8,42.2,40.4,42.6,38.2,49.5,48.4,50.6,0.581,7.36,0.186,6.55,6.7,9.22,0.17,5.12,3.66,0.0417,0.282,0.667,49.3,36,95,31,400,3.6,11.3,5.0,4.8,6.0,4.8,5.0,6.3,5.9,5.8,5.6,10.0,3.4,5.9,83.4,28.3,15.7
47.8,46.8,48.8,38.7,37.0,40.4,56.3,54.2,58.4,30.7,29.4,32.0,0.121,2.08,0.0689,1.81,1.79,2.39,0.041,1.22,0.884,0.0412,0.677,0.165,38.8,30,81,27,200,44.5,7.0,5.5,4.0,3.0,2.0,3.5,1.5,4.0,5.0,2.0,4.5,1.5,5.5,93.5,0.947,0.992
32.8,32.2,33.4,36.1,37.0,35.2,33.8,31.8,35.8,36.5,36.2,36.8,0.144,2.22,0.0714,1.9,1.85,2.45,0.045,1.32,0.918,0.0408,0.681,0.172,36.5,28,81,26,200,30.9,6.57,3.14,3.86,4.0,3.29,4.57,2.86,2.86,4.29,3.0,6.14,2.57,4.14,82.1,2.75,1.71
31.8,31.4,32.2,37.4,36.6,38.2,33.3,31.0,35.6,32.6,33.2,32.0,0.144,2.36,0.073,2.03,1.88,2.59,0.0479,1.39,0.982,0.0394,0.686,0.18,34.7,27,74,22,200,14.0,6.0,2.0,3.6,3.5,2.9,4.1,3.1,2.3,3.3,2.4,5.9,2.4,3.3,58.8,4.26,2.44
31.7,31.0,32.4,40.8,42.4,39.2,32.2,29.8,34.6,34.0,32.4,35.6,0.151,2.46,0.0738,2.13,1.95,2.7,0.0487,1.45,1.01,0.0401,0.689,0.182,33.7,26,70,22,200,2.5,4.3,2.2,3.1,2.8,2.2,2.8,2.5,2.2,3.3,2.3,5.6,1.6,4.0,41.4,5.96,3.36
31.8,29.6,34.0,37.1,40.2,34.0,33.4,35.8,31.0,34.2,33.8,34.6,0.151,2.51,0.075,2.22,2.0,2.78,0.0478,1.55,1.05,0.04,0.692,0.183,33.0,26,72,23,200,1.6,2.9,3.1,2.3,3.1,2.6,2.5,2.5,3.4,3.2,3.2,5.6,1.9,4.7,42.6,7.22,4.08
32.9,36.6,29.2,40.0,40.4,39.6,32.6,32.4,32.8,34.3,35.2,33.4,0.172,2.56,0.0809,2.34,2.05,2.91,0.0554,1.59,1.1,0.039,0.692,0.195,32.5,26,70,23,200,1.4,3.6,3.0,2.4,2.7,3.4,2.7,3.0,3.4,2.8,3.5,6.3,2.1,3.3,43.6,7.84,3.91
31.7,35.6,27.8,38.3,35.4,41.2,35.0,38.0,32.0,36.1,33.0,39.2,0.185,2.64,0.0845,2.42,2.17,3.03,0.0583,1.67,1.15,0.0386,0.699,0.206,32.3,25,72,23,200,1.9,5.8,2.5,2.5,2.2,3.6,2.0,3.3,2.4,3.6,3.3,7.1,2.4,2.5,45.1,7.73,4.13
34.2,31.2,37.2,37.8,35.4,40.2,33.4,35.4,31.4,35.2,32.6,37.8,0.194,2.75,0.0866,2.56,2.27,3.17,0.061,1.76,1.2,0.0377,0.703,0.216,32.2,25,70,24,200,1.9,6.0,2.0,2.6,3.3,3.0,1.6,3.8,2.8,3.2,2.9,6.2,2.3,3.5,45.1,8.03,4.44
32.1,31.4,32.8,37.9,35.8,40.0,32.6,30.6,34.6,32.1,30.8,33.4,0.195,2.82,0.0879,2.64,2.29,3.19,0.0622,1.79,1.25,0.0373,0.704,0.218,31.8,24,66,22,200,2.0,5.3,2.9,2.6,3.7,2.7,2.7,3.5,2.9,2.4,2.6,5.8,1.5,4.2,44.8,8.07,4.33
35.3,31.6,39.0,37.4,39.6,35.2,34.5,35.8,33.2,33.5,33.8,33.2,0.209,2.95,0.0915,2.74,2.39,3.32,0.0653,1.89,1.29,0.0385,0.706,0.232,31.5,24,68,21,200,1.9,5.9,3.6,2.1,3.2,2.7,2.9,2.7,1.9,2.3,2.3,5.5,1.6,3.7,42.3,8.01,4.42
30.0,31.2,28.8,41.7,40.4,43.0,32.5,33.8,31.2,32.7,33.2,32.2,0.215,2.98,0.0906,2.84,2.45,3.41,0.0649,1.96,1.34,0.0391,0.71,0.235,31.3,24,70,22,200,1.4,6.1,3.1,2.1,3.1,3.0,2.9,2.3,2.5,2.5,2.8,6.1,1.9,3.7,43.5,7.84,4.39
34.2,36.8,31.6,39.7,38.0,41.4,35.8,33.6,38.0,31.0,30.0,32.0,0.227,3.1,0.0934,2.91,2.55,3.54,0.068,2.05,1.38,0.037,0.713,0.241,31.7,24,83,24,200,1.6,5.4,3.2,2.7,3.2,2.8,2.9,2.6,3.6,3.4,3.2,6.0,1.4,4.1,46.1,7.58,4.2
31.8,27.8,35.8,36.5,35.8,37.2,31.8,30.8,32.8,32.7,32.6,32.8,0.232,3.17,0.0935,3.03,2.6,3.66,0.0688,2.1,1.42,0.0378,0.715,0.244,31.5,24,80,24,200,1.5,4.9,2.6,2.5,3.4,2.7,2.7,2.7,2.9,3.4,2.8,5.1,1.2,4.0,42.4,6.96,4.49
34.8,34.4,35.2,39.2,41.4,37.0,34.0,37.4,30.6,33.7,34.4,33.0,0.244,3.19,0.0986,3.07,2.71,3.75,0.0864,2.12,1.46,0.0385,0.155,0.255,31.7,24,78,22,200,1.2,6.1,2.4,2.3,2.9,3.1,3.1,2.4,2.1,2.5,2.5,5.8,1.6,4.3,42.3,6.75,4.34
32.9,35.4,30.4,36.7,39.6,33.8,33.6,33.6,33.6,33.8,33.2,34.4,0.256,3.34,0.1,3.2,2.74,3.87,0.091,2.22,1.51,0.0363,0.159,0.259,31.5,24,76,23,200,1.4,6.1,2.7,2.2,3.0,3.4,3.1,3.0,2.3,2.4,2.6,6.9,2.4,3.9,45.4,7.05,4.34
33.6,32.6,34.6,37.9,36.4,39.4,35.8,37.4,34.2,32.0,32.2,31.8,0.27,3.41,0.106,3.33,2.86,3.94,0.096,2.31,1.55,0.0381,0.163,0.274,31.3,24,62,21,200,2.1,5.6,3.0,2.2,3.8,2.9,2.6,3.7,2.7,2.7,2.1,6.7,2.9,3.0,46.0,7.2,4.53
31.6,34.2,29.0,39.5,37.8,41.2,31.0,29.2,32.8,30.8,27.4,34.2,0.279,3.48,0.107,3.37,2.91,4.11,0.0953,2.36,1.59,0.0373,0.165,0.277,31.1,24,67,21,200,2.2,5.7,3.0,2.6,3.4,2.9,2.9,3.4,3.3,2.6,1.8,6.5,2.7,3.7,46.7,6.92,4.66
35.1,33.6,36.6,38.8,40.0,37.6,34.4,38.4,30.4,32.3,33.2,31.4,0.295,3.69,0.112,3.6,3.09,4.32,0.102,2.5,1.68,0.0374,0.173,0.302,31.1,24,75,23,200,2.3,5.6,2.0,1.9,2.6,3.8,3.5,2.5,3.4,2.6,2.2,6.1,2.1,4.2,44.8,7.38,4.01
31.8,32.0,31.6,37.3,37.4,37.2,32.1,30.8,33.4,36.5,40.2,32.8,0.319,3.88,0.116,3.75,3.29,4.48,0.105,2.66,1.78,0.0377,0.178,0.317,31.1,24,75,24,200,2.2,5.6,1.5,2.3,2.7,4.0,3.1,2.2,3.1,3.2,2.6,5.5,2.1,3.7,43.8,7.86,4.01
35.9,36.6,35.2,37.4,38.4,36.4,35.3,36.4,34.2,30.4,28.4,32.4,0.337,4.06,0.122,3.95,3.47,4.73,0.111,2.81,1.88,0.0366,0.183,0.334,31.0,24,66,23,200,1.4,5.7,2.3,2.7,2.5,2.9,3.0,2.6,3.0,2.8,2.7,5.6,2.7,3.6,43.5,7.69,3.85
28.7,26.2,31.2,25.2,24.8,25.6,30.8,29.4,32.2,23.6,21.6,25.6,0.35,4.25,0.124,4.1,3.6,4.95,0.113,2.93,1.95,0.0376,0.19,0.345,30.8,23,63,21,200,1.5,5.8,2.9,3.6,2.6,2.3,3.1,2.9,2.4,2.2,3.0,6.1,1.9,4.3,44.6,6.76,3.74
31.5,29.4,33.6,44.0,43.2,44.8,30.2,33.2,27.2,46.2,48.2,44.2,0.282,3.55,0.106,3.3,3.08,4.07,0.0959,2.44,1.6,0.0374,0.166,0.285,35.6,27,88,27,200,30.1,5.29,3.0,2.43,2.71,2.86,3.43,1.71,2.86,2.43,2.29,6.0,2.14,6.57,73.9,4.48,1.79
35.4,33.0,37.8,43.0,43.8,42.2,37.1,39.0,35.2,47.2,47.6,46.8,0.292,3.6,0.109,3.33,3.04,4.08,0.0972,2.41,1.61,0.0366,0.164,0.29,35.0,27,81,23,200,16.8,6.1,3.2,2.9,2.8,4.0,3.7,2.5,2.5,2.8,2.1,7.0,2.5,5.0,63.9,8.51,3.21
30.5,26.8,34.2,42.5,44.2,40.8,32.3,32.8,31.8,48.8,48.2,49.4,0.3,3.59,0.109,3.28,3.03,4.05,0.0983,2.38,1.6,0.0389,0.166,0.29,34.2,26,75,25,200,2.0,6.3,2.9,2.6,2.2,3.4,3.3,2.8,2.2,2.2,2.8,6.3,2.5,3.9,45.4,11.7,4.42
34.7,33.4,36.0,40.4,39.2,41.6,33.4,33.8,33.0,43.7,45.2,42.2,0.306,3.6,0.11,3.25,3.05,4.12,0.0993,2.43,1.59,0.0379,0.166,0.295,33.4,26,69,23,200,2.3,6.3,2.4,3.2,2.7,2.6,2.6,3.1,2.6,1.6,2.8,5.5,2.2,3.8,43.7,15.1,6.31
32.1,32.4,31.8,41.4,39.4,43.4,30.9,27.8,34.0,41.2,42.0,40.4,0.304,3.57,0.11,3.26,3.04,4.07,0.101,2.39,1.61,0.0368,0.166,0.286,33.1,25,73,22,200,2.0,6.0,2.2,3.1,3.2,3.4,2.6,2.6,2.8,2.2,2.2,5.5,2.4,3.3,43.5,16.1,7.4
34.8,35.4,34.2,42.8,44.4,41.2,33.3,34.4,32.2,46.0,46.0,46.0,0.305,3.57,0.11,3.21,3.08,4.11,0.102,2.4,1.6,0.0378,0.165,0.294,33.0,25,75,22,200,1.9,4.9,2.8,2.7,2.8,3.9,3.0,1.5,2.3,2.9,2.5,5.3,2.2,4.0,42.7,16.4,7.72
32.1,32.0,32.2,43.7,43.6,43.8,31.9,33.4,30.4,45.5,45.0,46.0,0.302,3.54,0.114,3.19,3.06,4.02,0.102,2.38,1.61,0.0387,0.164,0.296,32.9,25,74,24,200,1.9,5.2,3.2,3.6,2.9,3.1,2.3,3.0,2.1,2.4,2.5,5.5,1.9,3.4,43.0,15.6,7.4
37.3,34.4,40.2,47.2,46.2,48.2,36.7,35.4,38.0,42.9,42.4,43.4,0.328,3.61,0.119,3.24,3.12,4.14,0.107,2.44,1.62,0.0387,0.165,0.306,32.9,25,73,25,200,2.0,6.3,3.0,3.4,2.5,2.6,2.1,3.9,2.1,2.0,2.8,6.3,2.4,3.3,44.7,14.7,7.91
31.9,34.0,29.8,40.8,40.2,41.4,32.5,34.4,30.6,40.5,41.4,39.6,0.324,3.58,0.114,3.22,3.1,4.05,0.0901,2.43,1.64,0.0368,0.168,0.3,33.2,25,82,27,200,1.7,5.7,2.8,3.0,2.9,2.6,2.5,2.6,2.2,2.2,3.5,7.4,2.8,4.0,45.9,14.7,8.23
32.3,32.4,32.2,41.7,41.0,42.4,32.6,30.2,35.0,41.6,42.0,41.2,0.305,3.53,0.111,3.2,3.12,4.06,0.0851,2.44,1.63,0.0377,0.164,0.294,33.1,25,76,24,200,1.3,5.6,2.4,3.2,3.1,3.9,3.1,2.5,2.3,2.1,3.6,6.2,2.0,3.9,45.2,14.6,8.37
32.0,28.8,35.2,39.7,41.2,38.2,33.5,33.8,33.2,41.1,41.6,40.6,0.303,3.55,0.111,3.17,3.12,4.08,0.0839,2.36,1.61,0.0377,0.166,0.291,32.9,25,73,23,200,1.2,6.0,2.3,3.2,2.1,4.3,3.1,3.0,2.4,2.3,2.5,5.0,1.2,3.6,42.2,14.3,8.42
35.5,35.8,35.2,40.6,41.8,39.4,31.7,29.6,33.8,39.7,37.4,42.0,0.292,3.56,0.11,3.17,3.16,4.07,0.0842,2.37,1.61,0.0367,0.164,0.294,32.7,25,70,23,200,1.6,5.8,2.5,2.7,1.9,3.0,2.5,2.4,2.8,2.3,2.1,5.2,1.7,4.1,40.6,13.2,8.16
32.8,34.6,31.0,40.7,41.0,40.4,32.1,29.0,35.2,40.6,41.0,40.2,0.298,3.52,0.111,3.09,3.13,4.07,0.0843,2.38,1.63,0.0377,0.164,0.284,32.5,25,71,24,200,1.8,5.5,2.8,2.7,2.5,3.0,2.2,2.1,2.8,2.5,2.7,5.7,2.0,4.1,42.4,13.7,7.69
36.8,38.0,35.6,40.8,40.0,41.6,34.6,37.2,32.0,41.6,41.8,41.4,0.29,3.49,0.111,3.1,3.15,4.16,0.0847,2.36,1.59,0.0375,0.163,0.29,32.5,25,74,24,200,1.4,5.6,2.4,3.0,3.5,3.3,2.1,2.9,2.1,3.0,2.3,5.6,1.9,4.3,43.4,12.8,7.07
31.6,35.6,27.6,42.9,42.4,43.4,31.9,32.6,31.2,44.2,44.4,44.0,0.283,3.53,0.11,3.06,3.14,4.09,0.0816,2.35,1.59,0.0386,0.164,0.289,32.4,25,72,24,200,1.7,5.7,2.2,3.1,3.4,3.3,3.2,2.5,2.7,2.3,1.5,5.6,1.9,4.7,43.8,12.7,6.94
35.9,36.6,35.2,41.8,42.0,41.6,34.6,33.8,35.4,46.6,46.4,46.8,0.3,3.53,0.114,3.12,3.18,4.09,0.087,2.36,1.61,0.0367,0.165,0.299,32.5,25,78,24,200,2.4,6.7,2.0,2.8,3.3,2.9,2.8,2.5,2.7,2.7,2.1,5.9,2.4,3.7,44.9,14.0,6.93
31.2,31.6,30.8,42.6,42.2,43.0,32.1,34.4,29.8,42.4,42.4,42.4,0.315,3.67,0.117,3.23,3.34,4.34,0.0919,2.47,1.66,0.0379,0.169,0.312,32.7,25,86,25,200,2.6,7.1,2.5,2.1,3.4,2.6,2.0,2.9,2.5,3.2,3.4,5.5,3.0,3.0,45.8,15.5,7.6
36.7,35.8,37.6,39.5,38.0,41.0,33.5,30.0,37.0,43.0,42.2,43.8,0.329,3.84,0.12,3.38,3.55,4.55,0.0952,2.59,1.74,0.0369,0.174,0.328,32.5,25,74,24,200,2.8,5.6,2.7,2.2,3.7,2.4,2.5,2.6,2.6,3.0,3.3,5.5,2.1,3.3,44.3,15.6,7.5
31.1,31.4,30.8,40.5,43.2,37.8,30.9,30.4,31.4,41.3,42.2,40.4,0.34,4.01,0.124,3.52,3.7,4.8,0.0995,2.74,1.84,0.038,0.182,0.348,32.5,25,72,24,200,2.4,4.9,2.3,3.2,4.2,1.8,2.4,2.6,1.9,2.6,3.0,6.4,1.6,3.4,42.7,15.6,7.4
34.3,35.8,32.8,39.3,36.8,41.8,35.9,39.2,32.6,31.2,33.2,29.2,0.361,4.24,0.128,3.72,3.85,4.98,0.103,2.87,1.94,0.0391,0.189,0.359,32.5,25,80,24,200,1.6,5.7,2.6,2.9,3.3,1.6,2.6,2.7,2.5,2.5,2.7,5.8,1.9,3.9,42.3,15.1,7.51
40.9,38.2,43.6,42.3,44.0,40.6,47.1,46.4,47.8,48.0,48.6,47.4,0.29,3.49,0.106,3.12,3.13,4.13,0.0804,2.38,1.6,0.0389,0.639,0.292,45.8,38,99,40,200,40.5,7.0,4.0,2.0,4.25,2.75,2.5,3.5,4.0,2.75,4.0,6.0,2.25,3.0,88.5,3.42,0.984
32.4,35.0,29.8,47.1,45.4,48.8,33.1,35.2,31.0,52.3,54.6,50.0,0.291,3.5,0.109,3.15,3.12,4.14,0.0813,2.36,1.59,0.037,0.64,0.295,41.3,32,96,35,200,24.4,6.78,3.0,3.33,3.0,2.56,2.11,2.56,2.89,2.67,3.33,5.11,1.78,3.56,67.1,7.28,2.98
33.6,31.0,36.2,44.0,43.4,44.6,34.1,33.0,35.2,51.3,50.2,52.4,0.289,3.54,0.107,3.2,3.08,4.23,0.0818,2.37,1.59,0.0371,0.64,0.294,38.7,30,72,24,200,6.3,6.6,2.3,3.5,2.2,2.8,2.6,2.8,2.1,3.3,2.4,5.9,1.9,4.1,48.8,11.7,4.88
31.6,33.4,29.8,43.5,43.6,43.4,31.7,32.8,30.6,49.1,51.2,47.0,0.273,3.46,0.102,3.14,3.07,4.1,0.0789,2.32,1.58,0.0374,0.638,0.287,37.8,29,74,24,200,1.8,5.8,2.5,2.4,2.6,2.6,3.2,3.4,2.1,3.0,2.9,6.4,2.5,4.1,45.3,15.3,6.68
32.9,31.6,34.2,49.9,51.6,48.2,35.2,35.2,35.2,49.8,47.4,52.2,0.27,3.5,0.103,3.16,3.04,4.14,0.0778,2.37,1.57,0.0386,0.637,0.285,37.4,28,81,25,200,2.3,5.9,2.2,2.5,2.5,2.9,2.6,2.9,2.3,2.5,3.2,5.2,1.8,3.6,42.4,18.3,8.91
30.7,33.6,27.8,44.3,45.8,42.8,32.3,30.8,33.8,48.5,49.6,47.4,0.274,3.51,0.103,3.15,3.01,4.09,0.0807,2.33,1.58,0.0387,0.637,0.29,37.5,28,91,26,200,2.5,5.8,2.7,2.3,2.6,3.8,2.6,2.2,2.4,2.6,2.4,3.9,1.2,4.1,41.1,19.8,10.8
33.0,30.6,35.4,44.6,45.6,43.6,33.1,34.4,31.8,48.3,46.8,49.8,0.267,3.45,0.102,3.1,3.02,4.08,0.0787,2.35,1.56,0.0378,0.635,0.289,36.4,27,82,25,200,2.1,5.8,3.6,3.0,2.6,2.8,2.8,2.6,2.5,1.9,2.4,3.7,1.5,4.1,41.4,19.0,10.6
31.7,32.2,31.2,44.4,45.0,43.8,33.2,34.0,32.4,48.1,46.6,49.6,0.285,3.48,0.104,3.19,3.0,4.03,0.0841,2.38,1.57,0.04,0.639,0.295,35.7,27,64,22,200,1.2,5.3,3.0,2.9,2.3,2.8,2.4,3.6,3.2,2.8,2.5,5.7,2.2,3.0,42.9,17.5,10.8
30.9,28.2,33.6,43.3,43.6,43.0,32.6,31.8,33.4,46.6,47.0,46.2,0.276,3.46,0.104,3.24,2.98,4.07,0.0813,2.34,1.57,0.04,0.638,0.294,35.4,27,74,23,200,1.6,4.7,2.9,2.5,2.3,3.5,2.2,3.3,3.4,3.5,2.4,6.2,2.5,3.1,44.1,18.3,10.7
32.7,34.0,31.4,43.9,44.0,43.8,32.2,30.4,34.0,43.5,41.4,45.6,0.271,3.45,0.105,3.22,2.89,4.03,0.0824,2.34,1.6,0.0393,0.637,0.289,35.0,26,79,23,200,1.8,5.6,3.4,3.6,2.6,2.6,2.6,2.8,2.5,2.8,2.5,5.4,1.8,3.5,43.5,17.3,10.1
32.6,29.4,35.8,43.7,44.4,43.0,36.7,36.2,37.2,45.8,45.0,46.6,0.281,3.45,0.105,3.29,2.91,4.06,0.082,2.37,1.59,0.0383,0.638,0.29,34.7,26,77,22,200,1.5,5.5,3.1,3.5,2.5,2.2,3.0,2.4,2.5,2.1,2.9,5.1,1.8,3.9,42.0,16.3,9.59
31.7,35.6,27.8,44.3,44.6,44.0,33.4,30.4,36.4,45.6,44.0,47.2,0.273,3.45,0.102,3.27,2.89,4.09,0.0791,2.36,1.58,0.0402,0.638,0.289,34.4,26,77,23,200,1.4,5.3,3.2,2.6,2.8,2.7,2.6,2.4,2.7,2.4,2.8,6.1,2.2,3.9,43.1,15.9,9.66
35.0,30.2,39.8,45.0,45.6,44.4,33.2,35.2,31.2,46.3,46.0,46.6,0.281,3.47,0.105,3.28,2.85,4.05,0.0859,2.35,1.61,0.0401,0.639,0.297,34.3,26,75,24,200,2.1,5.8,3.3,2.3,3.4,3.1,1.9,2.3,2.4,3.1,3.2,7.6,2.6,3.3,46.4,16.8,9.18
32.0,31.6,32.4,44.0,43.2,44.8,35.1,37.8,32.4,44.8,45.2,44.4,0.29,3.48,0.109,3.3,2.85,4.07,0.0904,2.4,1.6,0.0402,0.639,0.298,34.3,26,81,24,200,2.3,5.2,2.8,2.4,2.7,2.7,2.3,3.0,2.6,2.9,3.1,7.1,2.8,3.1,45.0,15.5,9.41
34.6,32.4,36.8,44.2,46.0,42.4,34.6,32.6,36.6,45.6,44.2,47.0,0.298,3.52,0.11,3.36,2.83,4.06,0.0889,2.39,1.61,0.0403,0.64,0.296,34.1,26,79,24,200,2.0,5.0,2.4,2.9,2.4,2.7,3.3,3.4,2.5,2.8,1.9,6.3,2.8,3.4,43.8,15.9,9.58
30.1,31.6,28.6,43.6,44.0,43.2,32.6,31.2,34.0,47.1,46.2,48.0,0.282,3.46,0.104,3.36,2.84,4.03,0.0869,2.37,1.58,0.0384,0.637,0.294,34.1,26,75,23,200,2.2,6.3,2.7,2.7,2.7,2.8,3.6,2.5,2.8,2.6,1.8,5.6,2.2,3.3,43.8,16.0,9.66
35.7,35.2,36.2,49.1,49.6,48.6,35.4,35.4,35.4,45.7,47.8,43.6,0.286,3.52,0.108,3.41,2.87,4.12,0.0897,2.37,1.62,0.0393,0.639,0.303,34.2,26,85,26,200,2.0,6.3,2.6,2.6,1.6,2.6,3.0,2.6,2.4,3.0,2.3,4.4,1.2,4.2,40.8,16.0,9.35
31.6,34.6,28.6,43.0,44.6,41.4,32.8,35.0,30.6,44.8,43.2,46.4,0.296,3.73,0.108,3.61,3.03,4.36,0.0927,2.48,1.68,0.0394,0.645,0.314,33.9,25,83,24,200,2.2,6.0,2.2,2.7,1.1,3.0,2.3,2.8,2.1,3.0,2.7,4.1,1.2,5.3,40.7,14.8,10.5
35.1,34.8,35.4,43.5,46.4,40.6,32.8,31.8,33.8,49.5,50.2,48.8,0.304,3.91,0.112,3.79,3.15,4.54,0.095,2.64,1.79,0.0396,0.176,0.334,33.8,25,68,23,200,3.2,6.1,2.4,1.9,2.1,3.5,2.6,2.9,2.8,2.5,3.4,5.1,1.2,4.2,43.9,15.9,10.6
30.4,26.6,34.2,42.7,44.4,41.0,31.9,32.6,31.2,47.8,47.2,48.4,0.315,4.07,0.115,3.96,3.34,4.78,0.0964,2.77,1.87,0.0399,0.181,0.346,33.8,25,82,25,200,2.6,6.9,1.9,2.2,2.9,3.6,3.2,2.6,1.9,2.6,3.3,5.0,1.3,3.7,43.7,17.0,10.5
33.2,34.2,32.2,44.7,44.0,45.4,34.8,35.8,33.8,50.3,51.8,48.8,0.332,4.25,0.119,4.15,3.5,5.01,0.102,2.9,1.95,0.0389,0.187,0.361,33.7,25,82,25,200,1.3,6.4,1.9,3.0,2.5,3.1,2.9,2.5,1.3,2.3,2.8,4.4,1.4,3.7,39.5,17.9,10.1
33.5,34.4,32.6,44.4,45.2,43.6,33.0,31.4,34.6,44.3,43.0,45.6,0.345,4.46,0.123,4.34,3.66,5.19,0.105,3.03,2.05,0.0409,0.195,0.38,33.7,25,76,25,200,1.5,5.5,2.4,3.2,1.9,3.6,2.2,2.8,3.4,2.6,2.6,5.0,1.3,3.1,41.1,18.2,10.5
33.4,33.0,33.8,34.5,35.6,33.4,35.9,36.4,35.4,33.1,32.6,33.6,0.357,4.58,0.124,4.53,3.64,5.26,0.108,3.14,2.15,0.041,0.198,0.38,33.7,25,76,25,200,1.5,5.7,2.4,2.5,2.6,4.1,2.8,2.5,3.9,2.9,2.0,5.4,1.7,3.8,43.8,17.9,9.47
42.7,40.8,44.6,48.1,51.0,45.2,48.8,47.8,49.8,59.7,57.6,61.8,0.275,3.57,0.102,3.43,2.82,4.18,0.0828,2.35,1.61,0.0382,0.165,0.284,44.2,38,92,39,200,38.3,5.25,2.0,4.75,4.5,3.75,4.0,1.75,2.25,2.5,4.5,6.75,2.25,4.0,86.5,5.33,1.84
32.0,30.6,33.4,50.5,50.4,50.6,31.1,32.6,29.6,61.3,63.4,59.2,0.272,3.55,0.102,3.36,2.87,4.1,0.0826,2.32,1.57,0.0393,0.164,0.283,40.3,31,90,32,200,23.1,4.89,1.78,4.11,2.89,2.78,3.0,2.67,2.33,2.44,4.11,6.11,2.0,4.33,66.6,11.0,3.97
33.4,37.2,29.6,49.1,52.8,45.4,32.7,31.6,33.8,60.9,57.0,64.8,0.27,3.6,0.098,3.37,2.92,4.11,0.0799,2.35,1.57,0.0404,0.166,0.282,39.1,30,82,24,200,6.2,4.9,2.4,4.5,2.1,2.3,2.4,2.6,2.8,3.1,3.9,6.5,1.8,4.2,49.7,16.9,7.16
32.5,34.2,30.8,50.5,51.0,50.0,32.5,33.4,31.6,60.1,58.6,61.6,0.26,3.56,0.098,3.31,2.92,4.17,0.081,2.3,1.56,0.0406,0.165,0.282,38.2,30,76,27,200,1.9,5.7,2.5,3.6,2.7,2.1,2.5,1.9,3.0,3.3,3.8,5.9,1.3,4.4,44.6,21.0,10.6
33.6,30.4,36.8,49.4,51.8,47.0,35.0,35.0,35.0,59.4,57.4,61.4,0.243,3.53,0.0962,3.37,2.85,4.17,0.0777,2.33,1.57,0.0387,0.163,0.277,37.5,29,82,25,200,2.4,5.9,2.7,1.9,2.9,1.9,2.3,1.4,3.0,2.6,3.4,4.7,1.0,4.7,40.8,24.9,12.2
34.0,31.6,36.4,50.5,52.4,48.6,32.5,29.6,35.4,59.5,60.0,59.0,0.24,3.5,0.0957,3.32,2.97,4.21,0.0714,2.33,1.54,0.039,0.163,0.275,37.2,29,80,25,200,2.4,5.9,2.9,2.4,3.2,3.0,2.2,1.9,3.3,2.6,2.6,5.6,1.2,4.2,43.4,25.4,13.7
33.4,35.6,31.2,48.9,51.4,46.4,33.3,33.8,32.8,57.9,55.6,60.2,0.231,3.52,0.0916,3.31,2.89,4.16,0.0681,2.3,1.58,0.04,0.163,0.271,36.5,28,79,24,200,2.3,5.7,2.3,3.3,3.1,2.7,2.9,3.4,2.7,2.6,1.9,5.9,2.2,4.1,45.1,25.4,15.1
34.4,33.4,35.4,51.0,54.4,47.6,31.2,32.6,29.8,59.6,56.8,62.4,0.227,3.46,0.0914,3.32,2.96,4.17,0.0696,2.29,1.56,0.0401,0.161,0.279,36.5,28,83,26,200,2.0,6.1,2.3,3.1,2.9,2.7,3.6,3.0,2.3,3.1,1.8,5.3,2.4,4.0,44.6,23.8,14.6
33.8,32.2,35.4,48.6,48.4,48.8,32.9,35.6,30.2,57.5,55.4,59.6,0.243,3.46,0.0977,3.28,3.02,4.21,0.0735,2.33,1.6,0.0412,0.163,0.284,36.6,28,86,28,200,2.1,7.3,2.3,2.1,3.1,3.5,3.1,3.1,2.1,2.9,2.5,5.9,2.0,3.4,45.4,25.8,14.1
33.6,33.4,33.8,47.9,49.2,46.6,32.4,29.6,35.2,53.4,55.4,51.4,0.238,3.47,0.0947,3.24,3.02,4.24,0.0715,2.34,1.59,0.0413,0.162,0.279,36.3,28,82,27,200,1.6,7.1,2.9,1.8,2.8,3.1,3.1,3.3,2.6,2.2,3.1,5.7,1.9,3.0,44.2,25.6,14.8
33.3,32.4,34.2,55.5,56.0,55.0,34.2,32.6,35.8,54.8,54.6,55.0,0.241,3.44,0.0984,3.24,3.03,4.17,0.0715,2.37,1.59,0.0403,0.164,0.285,36.1,27,77,25,200,1.7,5.6,3.2,2.8,2.1,3.2,3.2,3.2,2.6,2.8,2.1,5.0,1.3,4.2,43.0,24.7,15.0
31.6,32.2,31.0,49.8,50.2,49.4,33.1,34.8,31.4,54.0,56.6,51.4,0.236,3.45,0.0969,3.24,3.03,4.25,0.0746,2.34,1.59,0.0404,0.163,0.278,36.1,28,80,27,200,2.4,4.6,2.9,3.2,3.1,3.1,3.2,3.8,1.7,2.9,2.6,5.2,1.4,4.2,44.3,22.7,15.0
34.3,35.4,33.2,49.8,50.8,48.8,33.0,33.4,32.6,55.1,54.0,56.2,0.244,3.5,0.0975,3.25,3.01,4.22,0.0748,2.34,1.6,0.0403,0.163,0.279,35.9,27,80,27,200,1.5,5.2,2.3,2.3,3.1,2.5,3.6,3.3,1.7,3.1,3.1,5.0,1.8,4.2,42.7,23.5,14.3
32.0,29.4,34.6,49.2,52.0,46.4,33.4,33.0,33.8,55.7,55.4,56.0,0.241,3.48,0.0962,3.25,3.02,4.22,0.0745,2.36,1.62,0.0417,0.163,0.283,36.1,28,85,28,200,1.4,6.2,1.9,2.0,2.3,2.5,3.1,2.9,2.4,3.4,3.0,5.1,1.6,5.0,42.8,21.5,14.3
34.2,32.6,35.8,51.1,51.8,50.4,34.8,34.4,35.2,55.1,54.8,55.4,0.252,3.47,0.0976,3.25,3.05,4.26,0.0765,2.38,1.62,0.0409,0.162,0.28,36.0,28,81,30,200,2.2,6.0,2.7,2.4,2.6,2.4,3.1,2.9,3.0,3.1,2.7,5.3,1.5,4.2,44.1,21.0,14.4
32.9,33.0,32.8,48.1,47.6,48.6,32.1,31.4,32.8,58.5,56.0,61.0,0.249,3.48,0.0984,3.25,3.04,4.21,0.0744,2.39,1.62,0.0401,0.162,0.285,35.9,28,80,26,200,1.9,5.4,2.6,2.8,3.1,1.9,2.9,2.8,2.7,2.3,2.3,5.0,2.0,4.3,42.0,22.5,14.3
33.0,32.6,33.4,49.0,50.6,47.4,32.4,29.0,35.8,53.2,48.4,58.0,0.245,3.47,0.0988,3.22,3.15,4.25,0.0758,2.38,1.63,0.04,0.162,0.293,35.8,28,76,27,200,1.0,5.7,1.5,3.3,2.9,2.5,2.4,2.9,2.7,2.1,3.1,5.1,2.0,5.4,42.6,23.4,13.7
33.6,32.8,34.4,48.5,49.4,47.6,33.8,32.6,35.0,54.8,56.0,53.6,0.258,3.67,0.101,3.4,3.3,4.48,0.0797,2.51,1.72,0.0412,0.168,0.305,35.7,28,76,26,200,0.9,6.2,2.6,3.2,2.3,3.2,2.1,2.4,3.1,1.9,3.7,4.9,1.7,4.3,42.5,22.6,15.0
31.8,28.8,34.8,49.5,51.4,47.6,33.8,36.8,30.8,54.1,54.6,53.6,0.265,3.82,0.105,3.58,3.44,4.74,0.0818,2.65,1.81,0.0417,0.173,0.324,35.5,27,74,25,200,1.1,5.8,3.2,2.7,2.7,2.6,1.8,2.3,3.3,1.9,4.6,4.6,1.4,3.8,41.8,23.4,14.6
34.1,32.8,35.4,39.6,43.2,36.0,32.1,30.0,34.2,45.7,42.0,49.4,0.28,4.08,0.107,3.77,3.64,4.93,0.0837,2.8,1.91,0.0428,0.18,0.335,35.6,27,85,26,200,1.2,6.2,2.0,3.3,2.7,2.0,1.8,2.4,2.8,2.4,4.3,5.3,1.4,4.9,42.7,22.6,14.3
32.4,30.2,34.6,27.4,30.8,24.0,34.5,37.4,31.6,26.4,26.2,26.6,0.288,4.21,0.111,3.91,3.82,5.13,0.0891,2.91,1.98,0.0419,0.187,0.35,35.4,27,87,25,200,1.4,5.8,2.6,2.9,2.8,3.1,1.5,2.2,2.6,2.9,3.5,5.4,1.4,4.6,42.7,18.5,13.4
30.0,30.2,29.8,49.8,50.0,49.6,36.0,35.4,36.6,66.7,66.8,66.6,0.249,3.47,0.0962,3.31,2.95,4.06,0.0736,2.36,1.63,0.0412,0.723,0.282,40.7,30,100,30,200,35.3,6.67,2.83,3.17,3.0,3.17,3.83,4.33,4.17,3.17,3.0,7.5,2.83,3.5,86.5,11.1,4.83
32.1,31.4,32.8,52.8,55.6,50.0,33.8,35.2,32.4,60.7,61.4,60.0,0.246,3.49,0.0971,3.33,2.95,4.13,0.0754,2.37,1.59,0.0415,0.724,0.284,39.1,29,100,33,200,20.4,5.9,2.5,3.0,2.6,4.1,2.9,3.9,3.3,3.0,2.8,7.0,2.6,3.9,67.9,14.8,6.95
32.5,33.0,32.0,53.2,54.8,51.6,32.4,33.2,31.6,62.9,62.8,63.0,0.242,3.52,0.098,3.31,2.9,4.12,0.0716,2.35,1.61,0.0403,0.723,0.272,37.9,28,83,24,200,2.0,4.7,1.8,2.3,2.1,3.1,1.9,2.9,2.4,2.7,2.2,4.8,1.4,4.3,38.6,20.7,9.97
33.1,35.2,31.0,50.2,53.2,47.2,34.3,33.2,35.4,65.0,63.4,66.6,0.234,3.48,0.0983,3.33,2.83,4.16,0.0744,2.37,1.59,0.0414,0.725,0.286,37.4,28,80,25,200,1.5,5.4,1.9,2.9,2.3,2.1,2.6,3.2,2.7,3.0,2.7,5.4,1.3,3.9,40.9,26.1,13.1
34.1,37.0,31.2,53.3,53.2,53.4,34.7,34.8,34.6,62.3,60.6,64.0,0.259,3.51,0.101,3.43,2.82,4.1,0.076,2.35,1.61,0.0406,0.726,0.294,36.9,27,81,26,200,1.6,6.2,2.5,2.7,2.1,2.5,3.3,3.4,2.9,3.2,3.7,6.8,2.1,3.2,46.2,28.7,15.8
32.4,35.4,29.4,52.5,51.8,53.2,32.8,31.4,34.2,58.8,58.6,59.0,0.257,3.49,0.1,3.42,2.82,4.11,0.077,2.36,1.62,0.0417,0.724,0.294,36.3,27,79,25,200,1.7,5.5,3.2,2.2,2.3,3.3,2.7,3.1,2.7,2.7,3.6,7.1,2.4,3.0,45.5,26.4,16.1
35.3,38.6,32.0,51.9,52.0,51.8,35.8,37.2,34.4,64.5,64.2,64.8,0.274,3.53,0.104,3.45,2.87,4.11,0.0785,2.38,1.63,0.0428,0.726,0.303,36.4,27,84,25,200,1.8,5.3,3.5,2.3,2.3,3.7,3.0,3.2,2.2,2.5,2.6,6.7,2.4,3.8,45.3,28.8,16.6
32.4,32.6,32.2,58.1,59.2,57.0,32.7,31.8,33.6,61.9,59.8,64.0,0.278,3.5,0.104,3.44,2.87,4.17,0.0817,2.44,1.63,0.042,0.727,0.307,35.8,27,83,26,200,1.5,5.9,3.2,3.0,2.4,3.2,4.0,4.1,2.5,2.5,2.2,7.1,2.7,4.6,48.9,28.2,15.5
33.7,32.6,34.8,50.5,49.4,51.6,34.2,31.8,36.6,51.8,49.8,53.8,0.282,3.48,0.107,3.45,2.83,4.12,0.0803,2.41,1.64,0.0409,0.728,0.308,36.2,27,88,25,200,1.7,5.0,2.7,3.4,2.7,3.2,2.9,3.6,3.0,2.8,2.0,6.3,2.6,5.0,46.9,27.5,17.2
31.3,31.2,31.4,46.5,50.2,42.8,32.1,31.8,32.4,59.5,57.6,61.4,0.274,3.46,0.106,3.46,2.83,4.19,0.0805,2.41,1.62,0.0417,0.726,0.315,36.0,27,89,27,200,2.1,4.8,3.0,3.0,2.9,2.9,2.6,2.1,3.1,3.0,1.7,5.3,1.9,4.5,42.9,24.8,16.6
32.9,34.6,31.2,53.2,53.8,52.6,32.5,32.0,33.0,59.1,58.6,59.6,0.269,3.53,0.104,3.42,2.82,4.17,0.0812,2.39,1.61,0.0427,0.727,0.311,35.9,27,76,27,200,2.1,5.4,2.6,2.9,3.4,2.3,2.9,2.0,3.0,2.8,2.3,6.1,1.7,3.6,43.1,24.5,16.0
33.1,34.2,32.0,51.0,52.4,49.6,33.8,31.6,36.0,54.6,54.2,55.0,0.277,3.56,0.105,3.51,2.84,4.15,0.0799,2.44,1.62,0.0421,0.727,0.311,36.1,27,94,26,200,2.5,5.1,2.0,3.1,3.8,2.2,2.3,2.5,2.8,3.0,2.7,5.1,1.8,3.3,42.2,23.5,15.5
32.7,34.0,31.4,48.1,48.8,47.4,34.0,32.0,36.0,59.7,58.2,61.2,0.28,3.54,0.107,3.51,2.81,4.15,0.0813,2.44,1.63,0.0421,0.725,0.313,36.3,27,96,27,200,2.3,6.0,2.4,2.9,4.0,2.1,2.0,2.8,3.4,2.7,3.0,5.0,1.8,3.5,43.9,24.3,16.3
33.4,31.4,35.4,48.7,47.4,50.0,32.5,31.2,33.8,58.6,56.6,60.6,0.288,3.6,0.107,3.52,2.83,4.13,0.0816,2.45,1.64,0.0416,0.728,0.307,36.1,27,82,26,200,1.7,6.0,2.5,2.6,3.3,2.6,2.7,2.2,3.4,2.4,2.9,5.8,2.2,4.2,44.5,24.0,14.8
33.6,33.4,33.8,53.3,55.0,51.6,32.3,32.2,32.4,53.8,53.8,53.8,0.287,3.5,0.109,3.51,2.79,4.11,0.0844,2.42,1.61,0.0407,0.725,0.317,35.8,26,78,24,200,1.8,4.2,2.3,2.8,2.4,3.6,3.7,2.5,2.6,2.8,2.2,5.4,1.9,3.4,41.6,24.6,15.1
31.6,33.0,30.2,47.7,52.0,43.4,33.9,36.0,31.8,60.5,60.2,60.8,0.297,3.56,0.109,3.55,2.74,4.14,0.0818,2.45,1.67,0.0421,0.726,0.322,35.9,27,76,28,200,2.2,5.5,2.4,1.8,2.5,3.6,3.5,3.2,3.0,3.4,2.2,5.7,1.7,3.0,43.7,25.3,15.4
34.3,33.4,35.2,50.8,51.8,49.8,34.4,35.4,33.4,60.0,58.8,61.2,0.294,3.67,0.11,3.69,2.94,4.3,0.0864,2.51,1.7,0.0422,0.728,0.336,35.9,27,76,30,200,2.4,7.7,2.6,2.2,2.8,2.4,2.5,2.4,2.5,3.0,2.4,6.2,1.6,3.6,44.3,24.4,15.3
31.6,28.8,34.4,51.7,52.6,50.8,33.1,28.6,37.6,55.6,57.2,54.0,0.31,3.85,0.112,3.89,3.05,4.55,0.0889,2.64,1.79,0.0434,0.736,0.35,36.2,27,92,29,200,2.8,6.6,2.3,3.1,3.2,2.1,2.3,2.2,2.1,2.3,2.2,6.0,1.6,4.5,43.3,23.9,15.3
34.2,37.0,31.4,48.3,50.8,45.8,33.0,31.0,35.0,60.3,57.6,63.0,0.319,3.98,0.115,4.04,3.2,4.77,0.0934,2.77,1.87,0.0425,0.741,0.373,36.2,27,97,28,200,2.7,5.2,2.3,2.3,3.0,2.7,2.7,3.0,2.8,2.5,2.2,4.9,1.2,4.0,41.5,24.8,15.3
30.6,32.2,29.0,49.3,48.4,50.2,32.4,31.0,33.8,48.5,49.4,47.6,0.338,4.17,0.118,4.26,3.33,4.98,0.0968,2.89,1.97,0.0426,0.746,0.386,36.2,27,86,26,200,1.8,5.6,2.6,1.8,2.8,2.5,3.2,3.6,3.6,2.6,2.4,5.3,1.6,2.7,42.1,24.1,14.4
50.1,52.2,48.0,39.5,38.8,40.2,52.7,53.4,52.0,33.6,30.4,36.8,0.291,3.7,0.11,3.56,3.01,4.45,0.0827,2.49,1.68,0.0413,0.168,0.313,87.6,73,220,78,300,63.3,7.25,4.25,5.25,5.0,4.5,5.5,6.75,4.75,5.0,7.0,10.8,5.25,6.5,141.0,1.07,0.586
39.6,42.0,37.2,42.0,42.0,42.0,37.7,38.6,36.8,35.1,34.2,36.0,0.301,3.79,0.107,3.52,3.12,4.55,0.086,2.46,1.7,0.0421,0.17,0.321,73.2,52,210,61,300,36.3,7.44,3.78,4.11,3.78,3.89,5.44,4.44,4.44,4.33,4.44,8.33,3.78,5.67,100.0,2.93,1.36
38.3,40.8,35.8,42.6,41.8,43.4,36.4,32.8,40.0,35.3,32.2,38.4,0.309,3.77,0.112,3.53,3.2,4.68,0.087,2.48,1.71,0.0399,0.17,0.325,64.6,45,88,25,300,8.2,9.0,4.5,4.1,3.9,3.9,4.7,2.7,4.4,4.0,3.1,7.9,3.1,5.8,69.3,4.91,2.1
40.3,37.2,43.4,43.0,44.2,41.8,35.3,37.6,33.0,32.9,33.2,32.6,0.304,3.86,0.113,3.6,3.28,4.71,0.0856,2.53,1.77,0.0415,0.171,0.325,58.5,38,83,26,300,2.1,9.6,4.8,4.1,4.1,4.2,4.0,4.0,4.1,3.9,3.5,8.2,3.0,6.2,65.8,6.3,2.8
36.3,35.2,37.4,44.2,41.6,46.8,35.1,35.6,34.6,34.4,34.4,34.4,0.301,3.9,0.111,3.65,3.42,4.85,0.0874,2.57,1.79,0.0405,0.174,0.332,54.9,36,81,25,300,2.8,7.8,3.9,3.6,4.7,3.6,3.7,4.6,4.5,4.5,3.6,8.1,2.7,4.7,62.8,7.47,3.81
39.4,41.2,37.6,43.4,45.0,41.8,36.9,38.8,35.0,34.1,36.8,31.4,0.31,4.03,0.112,3.64,3.49,4.87,0.0868,2.61,1.83,0.0403,0.173,0.324,51.9,34,77,25,300,2.5,7.1,3.8,4.4,5.5,3.2,3.3,4.0,4.2,5.1,3.9,7.9,2.4,5.0,62.3,8.37,4.37
36.8,36.4,37.2,41.9,41.6,42.2,37.5,34.8,40.2,38.1,38.8,37.4,0.311,4.08,0.113,3.69,3.57,4.99,0.089,2.7,1.85,0.0391,0.181,0.331,49.7,32,73,24,300,2.5,7.4,3.2,4.6,3.7,3.6,3.8,3.8,3.3,4.8,4.5,6.3,1.7,7.2,60.4,8.35,4.45
40.6,38.4,42.8,44.2,43.8,44.6,39.2,38.6,39.8,35.0,39.0,31.0,0.311,4.14,0.112,3.75,3.67,5.03,0.0938,2.72,1.89,0.041,0.181,0.344,47.8,31,77,24,300,2.8,6.9,2.6,4.3,3.3,3.8,4.0,3.9,3.6,5.0,4.5,7.7,2.2,6.9,61.5,8.09,4.82
37.9,37.2,38.6,41.5,43.4,39.6,38.8,40.2,37.4,33.9,32.8,35.0,0.333,4.2,0.118,3.78,3.74,5.22,0.0954,2.78,1.94,0.0396,0.188,0.348,46.1,30,74,24,300,3.0,7.1,2.9,4.2,3.8,3.9,3.7,4.8,3.7,5.4,4.4,9.2,3.1,5.1,64.3,8.39,4.78
39.7,36.4,43.0,41.3,41.4,41.2,38.3,38.2,38.4,32.2,32.2,32.2,0.332,4.28,0.12,3.82,3.88,5.33,0.0981,2.86,1.96,0.0388,0.187,0.356,45.0,30,75,25,300,2.5,8.5,3.8,3.9,4.5,5.1,4.2,5.1,3.8,4.4,5.0,8.5,3.3,5.8,68.4,7.97,4.57
40.0,39.4,40.6,41.4,42.6,40.2,36.3,37.4,35.2,34.2,34.4,34.0,0.347,4.35,0.122,3.94,3.95,5.5,0.101,2.91,2.04,0.0396,0.19,0.366,44.0,29,79,27,300,2.4,8.6,3.5,4.2,4.8,4.6,3.7,4.0,3.8,3.6,4.2,8.4,2.7,6.9,65.4,8.37,4.25
39.5,40.2,38.8,40.5,43.6,37.4,36.7,35.6,37.8,34.0,33.8,34.2,0.354,4.4,0.126,4.01,4.11,5.54,0.102,2.97,2.06,0.0383,0.194,0.363,43.1,29,75,26,300,2.7,8.1,4.0,4.4,3.3,4.0,2.9,4.0,3.0,4.8,4.2,8.5,2.9,5.4,62.2,7.95,4.14
37.4,39.0,35.8,41.9,45.6,38.2,36.2,35.8,36.6,34.0,33.8,34.2,0.358,4.44,0.126,3.93,4.17,5.61,0.103,3.02,2.08,0.0391,0.197,0.368,42.3,28,71,24,300,2.3,8.0,5.2,3.8,3.4,5.0,3.1,4.6,2.9,5.1,4.9,7.8,2.9,4.6,63.6,7.69,3.77
40.7,41.2,40.2,42.2,45.2,39.2,41.1,38.6,43.6,32.2,32.0,32.4,0.362,4.54,0.126,4.02,4.31,5.84,0.104,3.07,2.13,0.039,0.2,0.376,41.7,28,81,24,300,2.4,7.3,4.7,4.1,4.3,4.9,3.5,4.5,3.8,3.9,4.1,7.4,1.8,6.2,62.9,7.2,4.11
39.8,37.8,41.8,42.5,41.4,43.6,37.8,38.0,37.6,33.5,33.0,34.0,0.38,4.74,0.133,4.12,4.4,5.88,0.108,3.15,2.18,0.039,0.201,0.379,41.3,28,81,27,300,3.2,8.0,4.4,4.0,4.5,4.9,4.1,4.3,4.3,3.1,4.2,8.4,2.2,5.8,65.4,7.53,4.11
41.4,40.2,42.6,41.3,41.2,41.4,38.9,37.2,40.6,32.3,32.8,31.8,0.376,4.79,0.134,4.17,4.52,6.01,0.109,3.2,2.21,0.0388,0.205,0.389,40.8,28,74,26,300,3.7,9.5,3.6,3.0,4.3,4.8,3.8,4.5,3.9,3.7,4.6,7.8,3.0,6.4,66.6,7.01,4.21
38.3,35.4,41.2,49.1,48.4,49.8,37.5,36.6,38.4,32.6,34.0,31.2,0.389,4.9,0.137,4.24,4.71,6.2,0.116,3.3,2.29,0.0391,0.208,0.404,40.4,28,76,26,300,3.4,10.4,3.4,3.0,3.8,4.0,3.7,4.5,3.9,4.5,4.5,7.3,2.9,6.5,65.8,7.19,4.18
42.5,41.8,43.2,40.8,43.4,38.2,39.9,41.8,38.0,34.3,35.6,33.0,0.422,5.24,0.145,4.53,5.02,6.69,0.121,3.54,2.43,0.039,0.218,0.43,40.0,28,77,26,300,2.8,10.3,4.0,3.5,4.1,4.3,4.1,3.7,5.2,3.6,4.1,9.0,2.8,6.2,67.7,7.08,4.61
37.3,37.4,37.2,40.6,38.4,42.8,36.6,35.8,37.4,33.3,33.0,33.6,0.442,5.45,0.149,4.7,5.28,6.95,0.127,3.7,2.56,0.0381,0.228,0.453,39.7,28,78,26,300,2.9,9.0,4.4,4.3,3.8,5.2,3.2,4.0,4.8,3.6,3.3,10.1,3.2,7.1,68.9,7.04,4.45
38.3,37.0,39.6,38.4,40.0,36.8,37.1,33.8,40.4,27.1,22.8,31.4,0.462,5.75,0.154,5.02,5.55,7.26,0.131,3.93,2.68,0.0401,0.235,0.484,39.4,28,84,25,300,3.6,9.3,4.2,4.2,3.5,4.9,3.6,4.6,3.5,3.8,3.4,9.0,2.9,5.8,66.3,6.79,4.33
56.8,57.0,56.6,43.2,43.0,43.4,60.9,61.2,60.6,41.6,41.8,41.4,0.386,5.0,0.133,4.35,4.59,6.19,0.109,3.39,2.24,0.0396,0.21,0.397,112.0,100,250,110,300,68.7,8.33,4.33,4.67,5.67,6.0,3.33,4.67,6.67,4.67,4.33,13.7,3.67,8.33,147.0,2.59,0.63
37.0,36.0,38.0,50.2,51.4,49.0,35.8,37.2,34.4,46.2,49.4,43.0,0.379,4.88,0.131,4.39,4.51,6.21,0.108,3.35,2.25,0.0377,0.211,0.402,89.3,69,240,71,300,41.4,8.38,4.38,4.88,5.25,4.13,3.38,4.13,5.25,4.38,3.88,10.8,3.13,7.75,111.0,5.68,1.94
40.2,41.6,38.8,46.4,47.2,45.6,41.4,41.2,41.6,45.3,43.2,47.4,0.391,4.86,0.131,4.41,4.6,6.24,0.111,3.35,2.31,0.0388,0.207,0.408,76.0,52,76,26,300,13.9,8.0,4.6,4.5,4.7,3.4,3.7,3.9,3.7,4.1,4.5,9.1,2.8,6.9,77.8,9.09,3.43
37.9,39.0,36.8,48.4,49.4,47.4,36.5,34.8,38.2,47.5,45.8,49.2,0.39,4.88,0.136,4.35,4.58,6.33,0.108,3.34,2.3,0.0378,0.21,0.397,68.1,44,82,27,300,3.1,7.6,4.6,3.9,4.6,3.5,3.2,4.5,4.2,4.0,4.9,9.6,2.9,5.4,66.0,12.2,5.3
39.3,41.4,37.2,48.0,47.2,48.8,53.9,49.6,58.2,42.8,42.6,43.0,0.371,4.9,0.133,4.38,4.55,6.13,0.108,3.37,2.29,0.0379,0.622,0.409,63.4,40,86,27,300,2.5,7.2,4.8,3.5,4.5,3.9,3.7,4.2,4.8,4.1,4.1,9.3,2.9,5.9,65.4,14.1,7.34
37.5,38.4,36.6,48.8,47.8,49.8,36.9,37.6,36.2,45.9,47.0,44.8,0.392,4.88,0.135,4.43,4.51,6.13,0.111,3.39,2.28,0.039,0.767,0.411,58.5,36,80,25,300,1.8,7.9,4.7,3.4,4.6,4.3,4.3,4.2,4.5,3.8,3.8,8.6,3.0,5.8,64.7,14.4,8.09
39.5,41.8,37.2,48.3,49.6,47.0,42.2,42.6,41.8,43.8,44.4,43.2,0.402,4.87,0.138,4.4,4.54,6.12,0.111,3.37,2.33,0.0391,0.767,0.408,56.2,35,87,25,300,3.1,8.3,3.9,4.2,5.5,4.4,3.4,4.8,4.9,4.5,3.6,9.8,3.7,4.2,68.3,15.4,8.38
37.7,39.4,36.0,45.3,45.2,45.4,37.8,39.0,36.6,47.7,48.8,46.6,0.404,4.97,0.137,4.45,4.49,6.23,0.115,3.44,2.31,0.0399,0.765,0.424,54.0,34,95,29,300,3.9,8.0,3.2,4.2,4.6,3.8,3.5,4.6,5.5,5.1,3.9,10.3,4.0,5.0,69.6,14.5,8.52
37.1,33.8,40.4,47.8,47.2,48.4,38.1,35.4,40.8,42.5,45.2,39.8,0.408,5.0,0.139,4.58,4.43,6.25,0.115,3.43,2.33,0.04,0.766,0.419,52.1,33,82,27,300,3.6,9.3,3.6,3.6,3.4,3.2,3.5,4.4,5.3,4.5,4.7,8.4,3.4,5.7,66.6,14.7,8.29
39.9,37.4,42.4,46.6,48.2,45.0,39.8,40.8,38.8,42.3,44.0,40.6,0.403,4.98,0.14,4.56,4.47,6.09,0.116,3.44,2.34,0.0389,0.767,0.424,50.2,32,71,25,300,2.7,8.4,3.6,4.0,3.2,4.1,3.2,4.5,4.0,4.6,4.6,7.3,2.6,6.8,63.6,14.4,7.59
38.8,42.2,35.4,46.3,48.6,44.0,39.5,39.4,39.6,40.8,41.6,40.0,0.408,4.92,0.14,4.53,4.4,6.09,0.117,3.44,2.35,0.0389,0.768,0.427,49.1,31,83,26,300,2.8,8.0,3.7,3.8,3.5,4.4,3.8,4.3,4.3,4.5,4.4,8.8,2.6,6.4,65.3,14.8,7.99
37.9,34.6,41.2,47.0,47.6,46.4,40.0,39.8,40.2,40.7,41.4,40.0,0.422,4.96,0.142,4.56,4.4,6.11,0.12,3.51,2.32,0.0399,0.77,0.433,48.0,31,83,27,300,2.7,9.0,4.0,3.9,3.6,3.8,5.0,4.1,5.1,5.0,4.7,10.7,3.6,5.0,70.2,13.0,7.77
39.8,40.2,39.4,46.8,47.8,45.8,39.8,38.0,41.6,40.0,41.6,38.4,0.432,4.96,0.145,4.65,4.43,6.22,0.124,3.48,2.33,0.0389,0.77,0.437,46.9,30,78,27,300,2.1,9.5,3.7,4.4,3.8,3.8,5.2,3.7,4.7,5.0,4.0,10.4,4.0,4.5,68.8,13.0,7.11
38.3,37.4,39.2,49.9,48.0,51.8,38.6,39.0,38.2,41.6,40.4,42.8,0.435,4.9,0.143,4.61,4.35,6.02,0.126,3.39,2.37,0.039,0.769,0.435,45.8,30,77,24,300,3.0,10.4,3.9,4.0,3.8,4.2,4.6,4.0,4.4,4.0,3.3,9.1,3.6,4.7,67.0,12.6,7.05
40.9,40.6,41.2,47.3,49.8,44.8,39.2,41.0,37.4,43.0,42.2,43.8,0.444,4.97,0.146,4.71,4.33,6.11,0.128,3.53,2.36,0.0389,0.768,0.443,45.2,30,82,25,300,3.4,10.3,4.6,3.9,4.5,4.0,3.9,4.8,4.2,3.9,3.6,8.8,3.7,5.1,68.7,12.6,7.18
37.6,37.4,37.8,45.9,46.2,45.6,36.1,34.0,38.2,39.7,39.2,40.2,0.443,4.9,0.146,4.62,4.26,6.11,0.127,3.45,2.35,0.0378,0.769,0.432,44.6,30,83,28,300,3.5,9.7,5.0,4.6,4.4,3.7,3.6,4.0,3.7,3.8,3.9,8.4,3.1,5.1,66.5,12.6,8.04
38.0,35.8,40.2,45.2,45.2,45.2,38.9,41.0,36.8,40.6,44.0,37.2,0.444,4.98,0.146,4.76,4.33,6.25,0.128,3.48,2.37,0.0399,0.769,0.443,44.1,29,74,26,300,2.3,9.6,4.2,4.7,3.2,4.3,3.9,5.3,4.3,3.5,4.2,8.1,2.1,6.4,66.1,12.5,7.7
37.0,36.6,37.4,47.2,47.6,46.8,36.8,36.6,37.0,40.8,40.8,40.8,0.467,5.14,0.153,4.98,4.56,6.48,0.133,3.65,2.52,0.0397,0.779,0.466,43.5,29,82,24,300,1.9,8.7,3.2,4.1,3.6,5.0,4.4,5.5,4.7,4.0,4.1,7.8,2.6,6.1,65.7,12.9,8.16
40.3,41.4,39.2,45.9,43.6,48.2,41.4,40.0,42.8,42.1,43.6,40.6,0.492,5.48,0.16,5.26,4.85,6.92,0.142,3.9,2.66,0.0387,0.786,0.495,43.1,29,80,25,300,3.6,8.3,2.9,3.3,3.3,4.7,4.9,3.7,4.3,4.9,3.9,7.3,2.5,5.8,63.4,12.2,8.4
38.0,36.6,39.4,43.5,45.6,41.4,37.5,39.2,35.8,36.6,36.0,37.2,0.52,5.76,0.167,5.53,5.06,7.2,0.149,4.07,2.78,0.0388,0.794,0.513,42.8,29,87,26,300,3.0,10.0,3.6,3.3,3.5,4.2,5.0,3.4,3.8,4.9,4.6,8.5,2.8,7.7,68.3,13.0,8.2
39.2,42.6,35.8,31.4,29.4,33.4,39.6,40.6,38.6,27.3,26.4,28.2,0.54,6.05,0.172,5.81,5.33,7.53,0.153,4.27,2.9,0.04,0.806,0.546,42.3,29,82,24,300,2.3,10.1,4.2,3.7,3.3,3.5,3.9,3.6,3.8,4.0,5.2,8.5,3.2,7.4,66.7,11.2,6.92
35.0,35.0,35.0,48.6,47.6,49.6,41.6,42.0,41.2,50.3,49.8,50.8,0.446,5.03,0.145,4.77,4.28,6.07,0.124,3.47,2.39,0.0397,0.21,0.443,73.1,50,200,49,300,63.2,15.8,6.0,4.2,7.4,5.0,3.8,5.8,4.6,6.2,5.8,9.6,3.4,6.8,148.0,4.24,1.92
37.5,36.2,38.8,50.9,55.4,46.4,38.8,36.8,40.8,52.3,50.6,54.0,0.423,5.12,0.141,4.7,4.32,6.07,0.12,3.49,2.33,0.0386,0.21,0.435,62.0,40,200,37,300,32.9,12.1,4.0,3.6,5.5,4.7,3.3,4.3,4.1,5.3,4.9,8.3,2.7,6.1,102.0,7.95,3.73
40.4,40.4,40.4,48.9,49.6,48.2,37.4,39.2,35.6,51.0,49.8,52.2,0.426,5.03,0.141,4.66,4.27,5.97,0.121,3.43,2.32,0.0379,0.211,0.43,56.3,36,75,27,300,3.5,8.1,3.8,3.6,3.7,3.9,3.6,2.8,3.1,4.6,5.0,7.4,2.6,5.8,61.5,12.7,5.72
37.8,36.4,39.2,51.5,53.0,50.0,37.2,35.2,39.2,51.3,51.4,51.2,0.429,5.01,0.141,4.67,4.41,6.04,0.123,3.46,2.35,0.0378,0.21,0.442,52.1,33,81,26,300,3.0,7.7,4.9,4.3,4.8,3.3,4.5,2.6,3.6,4.2,5.3,7.5,3.1,6.7,65.5,16.4,7.93
39.2,37.8,40.6,50.3,50.2,50.4,40.5,40.2,40.8,50.0,52.2,47.8,0.448,5.06,0.145,4.69,4.36,6.02,0.124,3.5,2.37,0.039,0.21,0.449,49.4,32,78,26,300,2.0,8.3,4.2,5.8,4.8,3.7,3.9,3.6,4.3,4.2,4.4,8.5,3.2,6.2,67.1,18.0,9.39
39.1,38.0,40.2,47.7,48.8,46.6,37.8,37.2,38.4,49.3,47.8,50.8,0.439,5.06,0.143,4.65,4.43,6.13,0.124,3.48,2.35,0.039,0.212,0.444,47.6,31,79,27,300,2.2,9.5,3.7,5.4,3.8,4.2,3.5,3.7,4.1,5.2,3.7,9.4,3.8,5.3,67.5,19.4,10.3
37.4,39.8,35.0,48.2,50.2,46.2,37.6,35.4,39.8,48.8,48.2,49.4,0.439,4.97,0.142,4.61,4.37,6.09,0.123,3.47,2.37,0.0381,0.209,0.435,46.0,30,77,26,300,2.7,8.7,3.7,3.4,5.2,4.4,3.8,3.7,3.9,4.3,3.6,9.3,3.6,5.0,65.3,18.7,10.2
37.1,38.6,35.6,48.5,49.2,47.8,38.0,38.6,37.4,49.9,50.0,49.8,0.423,5.03,0.139,4.66,4.31,5.97,0.115,3.46,2.37,0.038,0.208,0.436,44.7,30,79,25,300,3.1,8.5,4.8,4.3,6.0,3.8,4.5,4.4,3.4,3.6,3.5,9.0,3.1,4.7,66.7,17.7,10.1
41.4,43.6,39.2,49.2,49.2,49.2,36.8,37.6,36.0,44.7,44.6,44.8,0.403,4.95,0.138,4.61,4.32,5.93,0.114,3.48,2.3,0.0403,0.207,0.439,43.8,29,85,26,300,2.1,8.7,4.8,5.0,4.8,3.2,3.8,4.0,3.0,3.2,4.1,7.6,2.3,7.0,63.6,17.5,10.3
37.4,38.2,36.6,47.2,50.2,44.2,37.1,39.6,34.6,45.5,44.6,46.4,0.397,4.9,0.136,4.6,4.38,5.98,0.111,3.39,2.31,0.0395,0.206,0.432,43.1,29,85,27,300,2.0,7.7,4.3,4.8,3.9,3.8,3.0,3.1,4.2,2.8,4.5,8.2,2.0,7.2,61.5,17.7,9.76
38.8,40.0,37.6,58.5,59.4,57.6,38.3,37.6,39.0,45.5,48.0,43.0,0.397,4.94,0.138,4.61,4.38,6.0,0.115,3.39,2.36,0.0395,0.207,0.438,42.3,29,78,27,300,2.3,9.3,4.0,4.1,4.3,3.6,4.3,3.4,5.0,3.2,4.9,9.1,2.8,4.9,65.2,16.0,9.98
38.5,37.2,39.8,47.1,50.2,44.0,37.0,38.6,35.4,47.5,45.8,49.2,0.399,4.83,0.14,4.54,4.35,5.96,0.115,3.44,2.32,0.0386,0.208,0.443,42.2,29,95,27,300,1.7,9.2,4.1,3.4,4.5,3.4,5.1,4.5,3.7,3.7,5.4,8.6,2.8,5.3,65.4,16.5,10.6
40.1,42.4,37.8,48.6,48.6,48.6,37.8,35.2,40.4,46.4,49.2,43.6,0.406,5.0,0.137,4.55,4.41,6.05,0.115,3.41,2.31,0.0388,0.208,0.439,41.6,28,96,26,300,2.5,7.1,4.7,4.3,4.5,4.1,4.8,4.7,3.1,4.3,3.8,9.7,2.6,5.1,65.3,17.0,10.7
35.8,36.8,34.8,48.5,47.4,49.6,38.5,38.0,39.0,46.4,43.8,49.0,0.399,4.95,0.137,4.53,4.3,5.89,0.113,3.39,2.32,0.04,0.207,0.442,41.1,28,78,24,300,2.9,7.9,4.2,4.7,5.0,4.8,4.4,4.7,4.2,3.3,3.9,9.5,2.6,4.5,66.6,16.0,10.6
40.3,42.0,38.6,47.5,47.0,48.0,41.9,42.4,41.4,46.6,48.0,45.2,0.401,4.93,0.137,4.59,4.37,5.94,0.112,3.42,2.37,0.0399,0.21,0.449,40.8,28,86,25,300,2.4,9.2,3.3,4.3,5.0,4.6,4.2,4.2,5.1,3.7,5.0,7.6,2.7,5.2,66.5,16.3,11.1
37.2,37.4,37.0,48.0,49.4,46.6,37.5,38.2,36.8,46.1,46.4,45.8,0.398,4.87,0.136,4.48,4.27,5.95,0.115,3.43,2.35,0.0389,0.207,0.434,40.6,28,90,27,300,3.0,9.2,4.3,4.3,5.0,3.6,4.0,3.6,4.3,4.4,4.6,8.6,3.0,5.1,67.0,17.6,10.4
40.2,37.8,42.6,48.9,51.8,46.0,37.3,36.2,38.4,46.6,44.8,48.4,0.411,4.98,0.143,4.67,4.51,6.2,0.119,3.53,2.43,0.0388,0.212,0.47,40.3,28,88,26,300,2.7,7.7,4.0,4.6,3.9,4.3,3.7,3.1,4.3,3.6,4.0,9.5,3.2,4.7,63.3,16.5,9.9
37.7,39.0,36.4,46.5,46.8,46.2,39.9,39.4,40.4,46.6,47.4,45.8,0.435,5.28,0.149,4.93,4.8,6.53,0.125,3.77,2.56,0.0411,0.222,0.495,40.0,28,81,26,300,2.0,8.7,2.9,4.6,3.6,4.9,3.8,3.8,4.1,4.6,4.1,9.2,2.9,4.8,64.0,16.4,9.8
39.0,38.8,39.2,51.9,53.6,50.2,39.0,38.4,39.6,47.1,44.2,50.0,0.456,5.54,0.152,5.21,5.06,6.91,0.129,3.96,2.68,0.041,0.23,0.519,39.8,28,81,27,300,2.7,10.2,3.9,5.1,3.8,4.3,4.4,4.7,3.0,4.8,4.5,8.9,2.9,4.9,68.1,16.4,9.45
37.3,35.2,39.4,50.3,53.8,46.8,38.6,36.4,40.8,48.3,50.6,46.0,0.477,5.87,0.156,5.44,5.28,7.19,0.134,4.14,2.82,0.0403,0.24,0.542,39.7,28,86,29,300,3.6,10.0,3.7,4.7,3.3,3.2,4.3,4.1,3.3,4.3,5.7,7.7,2.6,6.0,66.5,17.3,9.21
38.0,39.0,37.0,47.8,48.4,47.2,37.7,36.6,38.8,46.4,43.8,49.0,0.498,6.06,0.159,5.76,5.51,7.51,0.14,4.34,2.95,0.0403,0.248,0.567,39.5,28,89,28,300,2.8,8.9,3.9,3.5,3.7,3.6,4.2,3.9,3.8,3.3,5.6,8.1,2.1,6.4,63.8,16.6,9.76
36.7,36.6,36.8,45.1,44.2,46.0,37.4,37.8,37.0,42.7,41.8,43.6,0.518,6.41,0.164,5.97,5.8,7.79,0.142,4.57,3.12,0.0392,0.253,0.589,39.3,28,88,26,300,1.9,9.5,5.7,3.0,3.5,4.9,4.5,3.5,3.7,3.5,4.3,8.0,2.2,5.4,63.6,16.9,9.83
39.8,38.8,40.8,41.2,42.0,40.4,40.4,40.2,40.6,28.7,29.6,27.8,0.542,6.37,0.167,6.15,5.67,7.49,0.14,4.75,3.17,0.0403,0.255,0.579,39.3,28,88,27,300,2.6,11.0,5.5,2.8,3.6,5.5,3.8,3.2,3.1,4.2,3.7,7.1,2.1,5.7,63.9,14.3,9.15
36.3,35.4,37.2,55.0,55.6,54.4,42.0,39.8,44.2,60.2,58.8,61.6,0.375,4.95,0.124,4.49,4.36,5.94,0.107,3.42,2.35,0.0409,0.207,0.424,76.5,60,190,65,300,64.6,10.4,6.0,6.2,4.8,4.8,5.8,5.2,4.6,7.2,4.0,13.0,3.8,7.0,147.0,6.31,2.0
38.2,41.0,35.4,57.9,58.4,57.4,37.2,36.8,37.6,60.1,59.0,61.2,0.374,4.99,0.127,4.51,4.38,5.95,0.105,3.43,2.37,0.0387,0.207,0.419,65.9,47,200,47,300,33.5,8.0,4.3,4.4,4.4,4.5,3.9,4.6,3.7,4.9,4.4,9.2,2.8,5.7,98.3,11.6,4.87
38.2,41.0,35.4,54.0,53.8,54.2,36.6,35.6,37.6,62.1,63.6,60.6,0.373,4.96,0.124,4.52,4.3,5.96,0.106,3.46,2.33,0.0395,0.207,0.427,60.3,42,89,27,300,2.5,8.4,3.7,4.3,3.2,4.2,2.8,3.6,3.1,4.1,4.3,5.8,2.0,5.6,57.6,16.9,7.6
37.2,38.8,35.6,55.4,55.2,55.6,38.0,38.8,37.2,60.5,59.8,61.2,0.371,4.94,0.121,4.48,4.39,5.92,0.102,3.46,2.33,0.0407,0.205,0.424,56.4,39,89,28,300,2.6,10.2,4.1,5.1,3.3,4.0,3.5,3.6,3.2,5.1,3.5,7.7,2.5,5.8,64.2,22.2,10.8
40.4,39.6,41.2,63.5,63.6,63.4,37.9,36.4,39.4,58.8,58.2,59.4,0.365,5.05,0.123,4.43,4.41,5.93,0.102,3.4,2.34,0.0407,0.201,0.42,53.4,37,85,28,300,3.0,9.8,3.9,4.1,4.2,4.3,3.3,4.2,2.9,4.5,4.2,7.7,1.9,5.1,63.1,25.9,13.4
38.2,37.6,38.8,52.9,53.8,52.0,37.6,35.0,40.2,61.3,57.4,65.2,0.356,4.96,0.121,4.48,4.32,5.95,0.102,3.45,2.35,0.0407,0.202,0.431,52.1,36,96,30,300,2.9,7.9,4.4,4.3,4.3,4.5,3.3,4.3,3.3,5.2,4.6,8.9,1.9,5.7,65.5,26.0,15.2
39.1,41.6,36.6,55.0,57.4,52.6,47.5,44.2,50.8,61.0,60.6,61.4,0.355,4.92,0.12,4.46,4.4,5.94,0.1,3.43,2.36,0.0395,0.205,0.419,51.0,36,100,35,300,2.2,8.6,4.7,5.3,4.7,3.8,2.5,5.1,3.7,5.4,4.0,10.5,2.5,6.3,69.3,24.8,15.0
39.8,41.0,38.6,54.7,53.6,55.8,44.1,46.0,42.2,61.4,59.8,63.0,0.344,4.88,0.119,4.36,4.33,5.92,0.1,3.44,2.33,0.0398,0.787,0.418,50.8,36,130,34,300,1.9,9.7,4.4,4.6,4.2,4.0,3.8,5.5,3.9,3.9,4.0,8.6,2.4,5.1,66.0,25.3,15.8
38.2,37.0,39.4,53.2,55.4,51.0,37.5,34.0,41.0,53.9,57.0,50.8,0.357,4.96,0.122,4.44,4.4,5.96,0.101,3.43,2.37,0.041,0.787,0.423,49.7,35,110,30,300,3.2,7.2,4.1,4.1,3.7,4.8,5.0,4.4,4.6,3.9,3.9,8.6,2.9,4.7,65.1,24.3,15.4
37.7,36.0,39.4,52.8,53.2,52.4,37.8,38.8,36.8,54.3,49.6,59.0,0.345,5.01,0.118,4.35,4.38,5.96,0.0983,3.4,2.34,0.0412,0.788,0.407,48.7,35,91,30,300,3.4,7.6,4.1,4.3,4.0,4.7,4.8,4.0,4.2,4.1,4.5,8.5,2.8,5.8,66.8,24.9,15.3
39.6,41.8,37.4,52.5,55.6,49.4,39.6,40.8,38.4,55.1,56.6,53.6,0.354,4.96,0.121,4.38,4.39,5.95,0.102,3.39,2.36,0.0404,0.789,0.415,47.8,34,87,28,300,2.3,8.4,3.6,3.5,3.6,3.3,4.9,4.2,5.0,3.8,4.5,8.1,2.7,5.7,63.6,24.0,14.4
37.3,35.0,39.6,53.9,56.0,51.8,39.4,36.6,42.2,53.7,51.4,56.0,0.362,4.99,0.122,4.37,4.39,5.93,0.105,3.38,2.37,0.0405,0.789,0.417,47.1,34,87,28,300,2.8,7.8,3.4,3.9,4.4,2.5,3.8,3.4,5.7,4.1,4.3,8.7,3.6,6.6,65.0,23.3,14.3
38.4,40.8,36.0,54.6,55.0,54.2,38.9,38.0,39.8,54.0,55.0,53.0,0.358,4.98,0.124,4.41,4.37,5.94,0.104,3.4,2.32,0.0395,0.788,0.411,46.5,33,84,28,300,3.4,8.2,3.8,3.6,5.4,4.3,3.8,3.5,4.5,3.6,3.8,7.6,3.1,7.6,66.2,22.1,13.5
39.8,39.0,40.6,55.1,56.8,53.4,37.7,38.4,37.0,57.8,58.2,57.4,0.359,5.07,0.125,4.35,4.41,5.94,0.105,3.39,2.37,0.0414,0.789,0.41,46.0,33,90,28,300,3.3,8.8,4.5,3.7,5.2,4.2,4.0,3.7,4.2,3.5,3.4,7.3,2.5,6.5,64.8,22.3,14.1
39.1,34.4,43.8,54.5,55.6,53.4,37.9,38.0,37.8,55.5,53.4,57.6,0.363,4.96,0.128,4.31,4.34,6.04,0.108,3.34,2.3,0.0406,0.79,0.412,45.5,32,96,27,300,3.6,7.5,4.9,4.3,4.2,4.2,4.4,3.5,4.8,3.3,4.4,7.8,2.6,5.5,65.0,22.9,13.8
38.6,37.8,39.4,52.3,52.6,52.0,40.1,37.6,42.6,58.6,59.2,58.0,0.372,5.02,0.128,4.35,4.37,5.91,0.11,3.4,2.36,0.0397,0.792,0.423,45.3,32,97,30,300,3.7,7.4,3.7,3.5,3.6,4.8,4.4,3.5,5.4,3.6,4.4,8.3,2.7,6.4,65.4,22.4,14.5
38.6,41.8,35.4,60.8,61.2,60.4,37.6,33.8,41.4,57.7,55.8,59.6,0.381,5.1,0.134,4.49,4.64,6.21,0.111,3.48,2.38,0.0417,0.795,0.44,45.0,32,93,30,300,3.3,8.9,3.3,3.2,4.0,3.5,4.3,2.9,4.9,4.7,3.5,8.8,3.0,7.3,65.6,24.0,14.6
37.8,39.6,36.0,53.5,55.0,52.0,40.1,40.8,39.4,56.3,54.6,58.0,0.416,5.46,0.139,4.75,4.86,6.51,0.116,3.69,2.52,0.0397,0.805,0.467,44.7,32,84,29,300,3.4,9.2,3.6,4.0,4.5,2.9,4.4,3.2,4.4,5.2,3.1,7.8,2.8,6.2,64.7,23.9,15.4
41.0,40.2,41.8,53.0,55.4,50.6,39.3,40.2,38.4,55.0,54.4,55.6,0.429,5.71,0.143,5.0,5.12,6.86,0.122,3.85,2.68,0.04,0.815,0.494,44.4,32,87,30,300,2.8,8.9,4.2,4.3,4.6,3.7,3.5,2.9,4.3,5.2,3.3,8.0,3.1,5.7,64.5,24.6,15.5
38.8,38.4,39.2,42.5,41.8,43.2,38.5,36.6,40.4,41.7,40.8,42.6,0.456,5.95,0.15,5.29,5.39,7.18,0.128,4.12,2.81,0.0412,0.823,0.52,44.0,32,82,29,300,2.6,9.1,4.6,4.1,3.9,5.3,3.2,3.2,4.0,4.7,4.2,8.7,2.8,6.5,66.9,21.5,15.7
58.7,58.8,58.6,55.8,56.6,55.0,64.9,65.8,64.0,59.0,57.8,60.2,0.413,5.15,0.135,4.47,4.38,6.07,0.119,3.45,2.4,0.0399,0.799,0.429,98.4,80,270,71,300,59.0,5.0,6.0,6.0,6.5,2.5,5.5,4.5,2.0,5.5,4.5,6.5,1.5,4.5,120.0,5.31,1.75
37.6,34.2,41.0,55.8,58.4,53.2,36.1,37.2,35.0,64.9,64.6,65.2,0.408,5.08,0.139,4.48,4.38,6.08,0.119,3.43,2.34,0.0404,0.794,0.423,81.5,58,240,52,300,44.9,10.0,6.0,5.14,6.71,3.29,5.14,4.14,4.29,4.71,4.29,9.43,2.71,5.57,116.0,10.9,5.24
37.6,38.2,37.0,59.8,58.8,60.8,39.5,36.8,42.2,68.5,64.6,72.4,0.422,5.12,0.138,4.54,4.32,6.11,0.121,3.41,2.32,0.0414,0.795,0.433,70.1,48,91,29,300,21.2,9.6,5.4,4.4,5.5,4.2,4.5,4.2,4.5,4.7,4.2,9.1,3.4,5.8,90.7,17.1,8.29
38.2,35.2,41.2,59.0,61.6,56.4,36.4,37.6,35.2,57.3,55.4,59.2,0.432,5.13,0.14,4.53,4.4,6.08,0.123,3.41,2.34,0.0427,0.213,0.435,64.4,45,97,31,300,3.4,8.3,5.3,3.8,4.4,4.0,4.0,4.1,3.6,5.7,3.9,8.0,3.9,5.8,68.2,23.8,11.8
37.1,35.6,38.6,52.9,54.8,51.0,36.0,38.6,33.4,62.9,64.8,61.0,0.417,5.07,0.138,4.59,4.36,6.0,0.119,3.41,2.33,0.0416,0.21,0.435,60.7,42,97,31,300,3.5,9.6,4.2,3.7,4.4,2.8,3.8,4.3,3.8,5.4,3.5,8.4,3.1,5.1,65.6,28.6,15.4
38.4,40.0,36.8,53.2,53.4,53.0,37.9,39.4,36.4,65.0,64.8,65.2,0.42,5.06,0.139,4.58,4.34,6.02,0.121,3.42,2.36,0.0406,0.21,0.444,57.2,39,89,29,300,2.9,9.1,3.4,3.8,3.8,3.8,3.3,4.9,3.4,4.4,3.5,7.5,2.0,5.8,61.6,28.4,16.5
36.3,35.2,37.4,60.0,62.4,57.6,39.1,41.6,36.6,56.3,56.0,56.6,0.412,5.04,0.136,4.57,4.24,6.04,0.119,3.42,2.34,0.0405,0.207,0.436,54.9,37,86,27,300,2.5,8.5,4.5,3.7,3.6,4.6,3.2,4.4,3.4,4.7,3.8,8.6,2.8,6.9,65.2,27.4,15.7
38.2,40.4,36.0,54.1,55.6,52.6,40.4,39.8,41.0,61.8,59.8,63.8,0.399,4.99,0.137,4.57,4.25,6.0,0.118,3.45,2.34,0.0407,0.21,0.438,53.4,37,95,29,300,2.2,8.2,4.5,3.6,3.8,4.0,4.0,3.9,4.5,4.8,4.0,9.5,3.2,5.6,65.8,27.0,16.1
36.5,36.4,36.6,53.2,53.4,53.0,36.6,36.2,37.0,65.5,62.4,68.6,0.405,4.99,0.136,4.6,4.26,5.99,0.119,3.44,2.4,0.0417,0.211,0.442,51.6,36,86,30,300,2.2,8.9,4.7,3.9,3.4,3.9,4.1,4.1,3.7,5.0,3.6,8.1,2.7,5.0,63.3,26.0,16.4
37.7,36.0,39.4,57.4,59.6,55.2,37.1,38.2,36.0,53.9,51.8,56.0,0.407,4.97,0.136,4.55,4.19,5.93,0.12,3.45,2.34,0.0408,0.21,0.443,50.4,34,84,27,300,2.6,9.2,4.4,4.4,3.3,4.5,3.9,4.2,3.3,5.3,3.1,7.1,2.8,6.0,64.1,26.1,15.5
37.5,35.0,40.0,54.0,53.8,54.2,41.5,41.8,41.2,55.2,53.8,56.6,0.416,4.98,0.138,4.69,4.26,5.98,0.121,3.41,2.34,0.0431,0.212,0.446,49.4,34,93,27,300,3.0,8.7,4.0,4.3,3.2,4.8,4.1,3.0,4.2,5.0,2.8,6.8,2.8,6.0,62.7,25.4,16.3
38.6,35.4,41.8,56.7,56.2,57.2,39.6,40.0,39.2,60.4,59.4,61.4,0.394,4.93,0.135,4.61,4.19,6.02,0.12,3.41,2.34,0.042,0.208,0.443,48.4,33,86,28,300,2.7,8.2,5.4,3.3,3.7,3.8,4.5,3.3,4.2,4.6,4.0,8.5,2.7,5.7,64.6,26.6,16.0
37.7,39.4,36.0,56.3,58.4,54.2,39.0,39.0,39.0,59.0,59.4,58.6,0.404,5.0,0.138,4.71,4.09,5.98,0.121,3.44,2.41,0.0412,0.209,0.444,47.4,33,83,27,300,2.6,9.1,5.2,2.4,4.2,4.5,4.4,4.9,4.9,4.3,4.9,9.8,2.7,5.5,69.4,25.4,15.0
41.1,42.8,39.4,53.8,54.0,53.6,37.9,39.8,36.0,60.7,61.8,59.6,0.402,4.89,0.138,4.72,4.12,5.99,0.122,3.4,2.39,0.0422,0.21,0.441,47.2,33,94,29,300,3.5,8.9,3.7,3.1,3.8,4.5,3.5,4.1,4.7,5.3,4.2,9.0,3.1,5.6,67.0,25.8,15.3
35.3,32.2,38.4,56.6,58.4,54.8,39.3,38.4,40.2,60.8,59.2,62.4,0.397,4.99,0.136,4.73,4.07,5.96,0.118,3.43,2.33,0.0419,0.208,0.435,46.7,32,93,30,300,3.7,7.7,3.4,3.8,3.7,4.1,3.6,3.5,3.9,5.5,3.6,8.0,2.8,6.1,63.4,25.4,14.4
38.0,38.4,37.6,59.8,61.4,58.2,40.1,40.4,39.8,51.8,53.2,50.4,0.388,4.99,0.133,4.71,4.02,5.91,0.117,3.38,2.33,0.0417,0.21,0.43,46.3,32,96,29,300,3.8,8.3,3.5,3.7,3.6,4.7,4.2,4.0,4.3,3.9,3.6,6.8,1.5,6.7,62.6,26.1,15.2
38.5,37.0,40.0,50.5,52.0,49.0,40.6,42.8,38.4,60.7,60.2,61.2,0.381,5.02,0.134,4.74,4.06,5.94,0.113,3.4,2.36,0.0429,0.206,0.44,46.0,32,100,31,300,3.8,8.2,4.3,4.0,4.1,4.8,3.9,4.6,4.8,3.4,4.4,6.9,2.2,6.5,65.9,25.1,15.9
38.5,39.4,37.6,52.9,54.0,51.8,40.6,41.8,39.4,59.3,57.6,61.0,0.402,5.25,0.139,4.95,4.29,6.33,0.118,3.53,2.47,0.0422,0.215,0.467,45.6,32,86,30,300,3.4,9.4,5.1,3.9,4.4,3.9,3.9,4.3,4.2,2.6,4.5,7.5,3.5,5.7,66.3,26.8,16.3
35.7,36.6,34.8,57.4,60.2,54.6,39.1,39.4,38.8,56.4,56.0,56.8,0.42,5.5,0.143,5.26,4.52,6.62,0.122,3.72,2.6,0.0433,0.222,0.487,45.2,32,84,28,300,3.4,9.1,4.0,2.9,4.5,3.0,5.1,4.4,4.2,3.0,4.2,7.2,2.8,6.1,63.9,25.4,15.0
39.4,37.0,41.8,54.4,54.8,54.0,39.1,40.6,37.6,59.2,58.4,60.0,0.444,5.76,0.15,5.53,4.69,6.94,0.127,3.94,2.75,0.0433,0.233,0.516,44.9,32,90,28,300,3.6,8.0,3.6,3.1,5.5,3.6,5.0,4.9,4.8,4.5,3.6,6.8,1.8,6.7,65.5,25.1,16.8
38.2,36.6,39.8,36.8,38.8,34.8,39.4,41.6,37.2,44.2,42.6,45.8,0.466,6.09,0.156,5.8,4.97,7.24,0.135,4.12,2.89,0.0415,0.241,0.539,44.5,32,84,29,300,2.9,8.8,4.8,5.2,5.4,4.0,3.2,3.9,4.2,4.6,3.1,8.4,2.3,5.5,66.3,24.8,15.2
51.5,49.8,53.2,47.4,46.6,48.2,58.2,58.8,57.6,34.1,36.2,31.9,0.39,5.27,0.134,4.92,4.25,6.14,0.112,3.49,2.37,0.0404,0.211,0.433,82.9,74,190,77,400,69.2,9.2,5.4,4.2,5.4,8.6,6.0,7.0,5.8,5.0,3.6,11.6,3.4,9.0,153.0,1.81,1.43
44.8,44.6,45.0,51.3,50.4,52.2,43.2,44.2,42.2,37.1,37.4,36.8,0.385,5.42,0.135,4.91,4.34,6.27,0.112,3.49,2.4,0.0401,0.214,0.436,69.3,54,190,59,400,44.0,10.9,5.6,4.0,5.1,6.6,5.5,6.0,4.7,4.8,4.2,10.5,3.3,8.3,124.0,3.7,2.19
44.3,41.0,47.6,47.5,45.8,49.2,43.3,43.4,43.2,35.4,36.2,34.6,0.405,5.47,0.138,5.02,4.47,6.39,0.116,3.55,2.43,0.0399,0.215,0.44,60.9,44,80,27,400,12.3,11.3,5.6,4.9,4.8,5.0,4.8,6.0,5.2,6.3,4.2,10.4,4.1,8.0,92.9,5.09,3.11
43.9,45.4,42.4,46.5,48.8,44.2,42.1,43.2,41.0,32.6,32.4,32.8,0.413,5.56,0.14,5.03,4.54,6.52,0.117,3.59,2.48,0.0406,0.218,0.444,55.7,38,76,25,400,4.5,11.3,6.1,6.3,4.3,5.6,4.5,5.9,7.2,6.0,3.6,12.4,4.3,8.3,90.3,6.88,4.05
42.9,44.8,41.0,46.0,47.2,44.8,43.0,42.0,44.0,34.7,38.2,31.2,0.405,5.63,0.142,5.17,4.68,6.65,0.116,3.61,2.51,0.0405,0.22,0.453,52.4,35,79,25,400,4.6,12.0,6.6,5.8,4.2,4.8,4.6,5.4,6.8,5.4,3.9,11.4,2.9,7.6,86.0,8.09,3.93
42.7,45.2,40.2,46.4,45.6,47.2,41.2,42.0,40.4,35.4,33.8,37.0,0.408,5.74,0.142,5.17,4.71,6.69,0.124,3.75,2.57,0.0381,0.226,0.448,50.1,34,80,28,400,4.5,11.1,6.5,5.2,4.5,4.1,5.0,5.4,7.4,5.7,4.8,10.4,3.2,8.8,86.6,8.3,4.49
44.7,45.8,43.6,46.9,47.4,46.4,44.3,41.2,47.4,38.8,37.6,40.0,0.427,5.71,0.148,5.27,4.88,6.83,0.127,3.77,2.61,0.0391,0.229,0.456,48.1,33,81,27,400,3.0,11.2,6.2,5.4,4.6,4.8,4.7,5.3,6.8,4.3,5.2,10.4,4.2,9.5,85.6,8.04,4.57
43.4,45.8,41.0,46.6,47.4,45.8,41.8,44.0,39.6,33.8,34.6,33.0,0.438,5.91,0.148,5.23,4.93,6.84,0.129,3.81,2.6,0.039,0.229,0.464,46.9,32,81,27,400,3.4,12.0,5.8,6.2,5.5,4.4,5.2,6.1,6.0,5.7,4.9,10.5,4.5,7.8,88.0,8.51,4.54
43.8,42.8,44.8,45.7,47.2,44.2,42.1,41.8,42.4,32.7,32.4,33.0,0.435,5.95,0.149,5.25,5.04,6.98,0.128,3.84,2.68,0.0389,0.232,0.467,45.7,31,83,27,400,3.7,11.9,5.6,6.1,5.6,3.2,5.6,6.3,5.8,6.6,4.9,10.2,3.5,7.5,86.5,8.22,4.52
44.5,45.0,44.0,46.9,48.8,45.0,44.5,44.6,44.4,34.4,36.2,32.6,0.447,5.97,0.151,5.27,5.1,6.98,0.133,3.9,2.75,0.0388,0.233,0.477,44.8,31,77,27,400,4.4,11.8,6.7,5.2,4.6,4.6,5.4,5.4,5.3,5.7,5.3,9.3,2.8,8.3,84.8,8.21,4.52
41.6,44.0,39.2,51.9,52.0,51.8,43.0,42.2,43.8,33.8,37.2,30.4,0.453,6.09,0.152,5.29,5.22,7.17,0.133,3.98,2.79,0.0387,0.235,0.487,44.1,31,84,27,400,4.0,10.3,7.7,5.6,4.2,6.2,5.9,5.4,5.4,5.9,5.6,10.6,3.4,8.2,88.4,7.7,4.21
46.1,44.4,47.8,46.8,46.4,47.2,44.0,42.2,45.8,33.3,33.8,32.8,0.472,6.03,0.158,5.44,5.29,7.36,0.138,3.99,2.78,0.0375,0.242,0.485,43.4,31,83,27,400,3.6,8.7,6.2,5.1,4.4,6.0,6.3,5.5,4.8,5.7,5.5,12.2,3.7,7.7,85.4,7.61,4.8
42.6,41.4,43.8,44.8,47.0,42.6,58.4,59.8,57.0,34.5,33.2,35.8,0.479,6.13,0.157,5.49,5.36,7.3,0.139,4.15,2.87,0.0393,0.834,0.488,43.2,31,88,30,400,3.2,10.5,6.0,5.3,5.9,4.8,6.1,5.9,5.5,5.3,5.3,11.7,4.0,8.2,87.7,7.14,4.49
45.8,44.8,46.8,46.4,48.8,44.0,43.7,43.4,44.0,34.4,36.4,32.4,0.488,6.2,0.163,5.44,5.52,7.57,0.144,4.16,2.85,0.0381,0.839,0.498,42.8,31,87,30,400,2.2,12.4,4.9,6.6,6.1,4.0,5.8,6.4,6.5,5.3,5.0,10.7,3.5,9.0,88.4,7.31,4.56
40.6,41.2,40.0,45.4,47.2,43.6,42.9,45.6,40.2,32.0,29.6,34.4,0.496,6.33,0.166,5.52,5.64,7.59,0.147,4.22,2.91,0.0384,0.838,0.494,42.5,30,83,28,400,3.2,12.8,3.5,6.1,4.8,4.7,5.5,5.6,5.9,5.8,5.1,10.8,3.6,8.8,86.2,7.04,4.51
44.5,45.4,43.6,47.5,48.4,46.6,41.4,39.8,43.0,34.4,35.2,33.6,0.498,6.37,0.166,5.53,5.75,7.73,0.145,4.24,2.93,0.0392,0.844,0.504,41.9,30,82,26,400,4.2,10.8,5.7,5.7,4.4,5.0,4.4,4.7,5.6,5.9,4.8,10.5,3.8,8.2,83.7,7.19,4.73
43.4,43.2,43.6,47.4,47.4,47.4,45.9,45.2,46.6,33.5,31.0,36.0,0.525,6.61,0.171,5.79,5.94,8.04,0.153,4.4,3.07,0.0384,0.849,0.527,41.8,30,88,27,400,3.5,9.9,7.0,5.6,4.6,5.6,4.4,5.3,6.5,5.6,5.2,11.6,4.1,7.7,86.6,6.83,4.06
44.2,45.4,43.0,45.8,46.0,45.6,43.9,44.4,43.4,31.6,32.2,31.0,0.542,6.97,0.179,6.1,6.3,8.52,0.161,4.58,3.2,0.0384,0.857,0.56,41.2,30,81,26,400,3.8,11.6,6.5,5.2,5.4,5.4,4.3,6.3,6.0,5.4,5.2,11.5,3.2,7.6,87.4,6.86,4.17
42.8,44.8,40.8,45.8,47.4,44.2,41.8,40.2,43.4,33.3,31.6,35.0,0.575,7.33,0.183,6.41,6.6,8.85,0.168,4.87,3.41,0.0383,0.87,0.584,40.9,30,77,25,400,4.2,11.4,6.4,6.1,5.7,4.4,5.5,5.9,5.1,5.2,5.2,10.9,3.0,7.5,86.5,6.72,3.9
43.9,45.0,42.8,37.4,36.2,38.6,42.9,42.0,43.8,27.2,26.2,28.2,0.603,7.62,0.191,6.74,6.93,9.35,0.173,5.18,3.56,0.0373,0.879,0.606,40.8,29,84,27,400,3.7,9.8,6.1,6.6,6.0,4.4,6.6,5.9,6.1,4.4,5.7,11.6,4.1,8.3,89.3,6.37,3.96
62.1,61.8,62.4,51.1,51.6,50.6,65.3,64.6,66.0,43.8,43.4,44.2,0.535,6.5,0.17,5.56,5.76,7.86,0.153,4.35,3.01,0.0384,0.843,0.497,92.7,79,220,85,400,71.0,10.8,3.75,4.25,5.0,5.25,5.25,6.25,5.25,5.25,7.0,12.3,5.75,8.25,155.0,2.53,1.18
44.0,41.6,46.4,49.1,49.6,48.6,43.7,45.0,42.4,46.2,45.0,47.4,0.536,6.49,0.173,5.68,5.75,7.84,0.15,4.26,2.98,0.0385,0.841,0.51,76.0,56,210,65,400,49.3,9.44,4.78,5.0,5.78,5.44,5.78,6.67,5.78,4.89,6.56,12.2,5.33,7.67,135.0,6.25,2.27
43.2,42.8,43.6,54.5,56.4,52.6,41.0,40.6,41.4,47.5,47.0,48.0,0.538,6.55,0.172,5.62,5.77,7.83,0.147,4.31,2.99,0.0387,0.842,0.511,67.2,47,83,28,400,17.9,8.8,6.0,5.1,5.4,5.2,5.9,6.3,6.0,4.9,6.3,12.3,5.4,9.0,105.0,9.17,3.86
46.1,47.4,44.8,50.6,52.8,48.4,42.9,44.4,41.4,45.7,45.0,46.4,0.547,6.44,0.174,5.65,5.85,7.85,0.151,4.32,2.99,0.0395,0.848,0.518,61.4,43,88,28,400,2.9,11.2,5.5,4.7,4.6,5.8,6.3,5.8,5.6,5.3,5.5,11.8,5.1,9.5,89.6,12.7,5.76
43.0,41.2,44.8,49.8,51.0,48.6,42.5,44.0,41.0,44.6,45.8,43.4,0.528,6.47,0.171,5.65,5.8,7.88,0.149,4.33,2.99,0.0397,0.844,0.513,58.6,41,92,28,400,2.1,12.8,5.6,5.2,4.9,6.9,5.5,5.7,5.9,5.6,4.6,11.7,3.8,9.5,89.8,14.8,7.15
42.9,43.8,42.0,51.8,53.4,50.2,44.7,44.6,44.8,47.4,46.8,48.0,0.537,6.44,0.176,5.71,5.87,7.92,0.15,4.39,2.97,0.0398,0.847,0.524,55.8,39,96,29,400,3.3,12.9,7.1,5.5,4.8,5.9,4.9,5.5,5.8,6.1,4.2,11.8,3.1,9.7,90.6,16.2,7.98
45.7,44.0,47.4,51.9,53.8,50.0,43.5,42.8,44.2,47.2,46.6,47.8,0.548,6.42,0.178,5.71,5.88,7.89,0.153,4.33,3.05,0.0398,0.846,0.525,53.8,38,92,30,400,3.8,13.2,7.0,4.7,5.3,5.6,5.5,4.7,5.6,6.9,4.6,11.2,3.8,7.7,89.6,16.4,8.0
42.7,40.4,45.0,53.1,52.0,54.2,42.0,41.0,43.0,47.0,47.8,46.2,0.551,6.47,0.173,5.55,5.79,7.83,0.151,4.4,3.01,0.0388,0.844,0.523,52.0,37,89,30,400,3.9,12.6,6.4,4.9,5.5,5.9,5.9,4.7,5.0,6.0,5.1,11.4,4.7,6.3,88.3,16.0,8.4
45.9,47.0,44.8,51.5,51.0,52.0,41.2,42.2,40.2,42.9,41.2,44.6,0.539,6.47,0.175,5.54,5.89,7.96,0.15,4.33,3.02,0.0389,0.255,0.53,50.5,35,83,28,400,4.3,11.2,6.2,6.2,4.5,4.5,5.6,5.7,4.5,5.1,4.6,11.4,4.2,7.3,85.3,15.6,8.54
43.4,40.8,46.0,50.4,53.6,47.2,43.3,44.2,42.4,46.5,44.4,48.6,0.539,6.47,0.173,5.68,5.82,7.83,0.148,4.35,3.07,0.039,0.254,0.529,49.5,35,89,29,400,4.2,11.0,6.3,5.7,4.6,5.6,5.1,6.0,4.6,5.5,5.1,12.1,2.9,9.0,87.7,15.4,8.36
45.4,46.2,44.6,51.1,50.0,52.2,42.7,42.8,42.6,47.7,47.2,48.2,0.53,6.42,0.172,5.68,5.85,7.79,0.15,4.36,3.05,0.0378,0.253,0.534,48.6,34,89,30,400,3.5,11.2,6.5,4.8,5.0,7.4,5.1,6.1,5.2,4.7,4.6,12.3,2.8,8.7,87.9,16.8,8.39
43.2,45.2,41.2,48.6,49.4,47.8,42.9,44.2,41.6,43.7,43.2,44.2,0.544,6.36,0.171,5.71,5.79,7.83,0.152,4.39,3.04,0.0387,0.253,0.525,48.0,34,87,31,400,3.0,10.9,5.8,4.9,4.6,7.0,5.3,6.4,6.8,4.0,4.4,12.1,3.8,8.4,87.4,15.0,8.37
44.1,43.6,44.6,49.1,47.8,50.4,43.1,42.4,43.8,40.5,41.6,39.4,0.532,6.39,0.171,5.55,5.88,7.87,0.148,4.33,3.01,0.0387,0.255,0.519,47.3,34,89,32,400,3.4,10.1,4.7,5.4,4.9,5.9,6.2,5.9,7.0,5.5,4.7,11.1,3.9,8.3,87.0,15.6,8.09
42.8,41.0,44.6,49.6,49.4,49.8,44.0,42.2,45.8,43.0,43.4,42.6,0.545,6.4,0.17,5.6,5.86,7.85,0.147,4.39,3.04,0.0379,0.259,0.519,46.4,33,79,28,400,3.9,9.2,5.0,6.2,4.1,4.9,6.5,4.8,7.1,6.1,4.3,9.8,2.9,7.8,82.6,15.1,7.44
43.3,42.8,43.8,49.5,49.2,49.8,41.6,41.0,42.2,42.2,37.6,46.8,0.534,6.38,0.172,5.54,5.87,7.87,0.146,4.42,3.04,0.038,0.256,0.519,46.0,33,85,27,400,4.1,12.0,5.3,5.8,4.9,5.9,7.0,5.4,6.2,6.1,5.4,11.6,3.0,6.7,89.4,15.3,7.42
43.5,40.6,46.4,52.3,55.8,48.8,41.2,41.4,41.0,42.6,43.4,41.8,0.536,6.36,0.172,5.58,5.86,7.84,0.151,4.33,3.06,0.0399,0.257,0.536,45.4,33,85,29,400,3.5,13.0,5.4,4.6,6.2,6.7,6.6,5.7,4.7,5.5,5.7,11.4,3.1,6.7,88.8,13.1,7.65
46.2,45.2,47.2,53.8,54.0,53.6,41.5,41.2,41.8,41.3,39.8,42.8,0.548,6.41,0.177,5.64,6.06,8.08,0.157,4.4,3.07,0.039,0.26,0.554,45.2,33,88,29,400,3.4,11.0,5.6,3.5,4.2,6.2,5.9,5.9,6.7,4.5,4.9,10.9,3.4,7.5,83.6,14.0,7.78
44.0,44.4,43.6,49.9,50.2,49.6,44.2,45.8,42.6,41.3,38.8,43.8,0.591,6.85,0.186,5.99,6.38,8.49,0.165,4.65,3.28,0.0393,0.271,0.587,45.0,33,99,31,400,3.7,10.9,5.4,5.0,4.8,6.1,5.2,6.4,7.3,5.0,5.0,12.8,4.5,7.5,89.6,14.0,7.33
43.7,44.0,43.4,51.8,53.4,50.2,42.8,42.4,43.2,41.7,43.4,40.0,0.614,7.13,0.19,6.22,6.73,9.0,0.171,4.97,3.46,0.0395,0.28,0.611,44.7,32,93,30,400,3.3,11.5,5.4,7.2,5.0,5.6,5.1,5.8,5.5,4.7,6.8,12.5,4.2,7.5,90.1,13.9,7.34
42.5,43.4,41.6,53.3,56.4,50.2,42.8,42.6,43.0,37.9,37.2,38.6,0.646,7.52,0.198,6.58,7.09,9.35,0.182,5.19,3.6,0.0397,0.294,0.637,44.4,32,89,29,400,3.3,12.0,4.9,6.3,4.9,5.4,5.7,5.9,4.7,5.1,7.1,10.5,3.7,7.7,87.2,13.4,7.68
41.2,40.0,42.4,30.6,30.4,30.8,41.7,41.2,42.2,24.8,25.0,24.6,0.679,7.78,0.205,6.87,7.38,9.83,0.188,5.43,3.78,0.0407,0.304,0.667,44.0,32,85,29,400,3.5,11.7,5.2,5.4,6.4,5.4,5.4,5.7,5.7,4.8,5.4,10.3,3.3,8.4,86.6,11.7,6.82
44.7,44.4,45.0,55.0,57.0,53.0,48.9,48.6,49.2,50.7,48.6,52.8,0.514,6.35,0.157,5.55,5.72,7.88,0.138,4.31,3.05,0.0382,0.249,0.514,89.8,66,240,63,400,72.0,12.8,5.5,4.83,5.17,6.5,5.0,5.5,6.5,9.17,5.83,11.2,3.17,9.0,162.0,5.79,1.85
42.2,44.4,40.0,55.5,55.4,55.6,43.3,43.0,43.6,53.4,52.4,54.4,0.504,6.38,0.159,5.55,5.76,7.86,0.14,4.31,2.97,0.0394,0.25,0.518,75.6,51,220,46,400,40.2,12.9,5.1,4.8,4.6,6.6,4.2,4.9,6.2,6.9,5.7,11.2,3.0,8.8,125.0,9.94,3.68
43.4,42.6,44.2,55.8,56.0,55.6,45.0,46.4,43.6,49.8,50.2,49.4,0.49,6.36,0.158,5.57,5.81,7.81,0.136,4.35,3.02,0.0405,0.251,0.519,68.0,44,93,29,400,4.1,12.2,5.3,4.1,4.9,5.1,3.6,5.1,5.8,4.5,4.8,10.5,3.4,8.3,81.7,13.5,6.14
41.7,39.4,44.0,54.1,55.8,52.4,41.5,41.0,42.0,52.1,52.0,52.2,0.502,6.29,0.16,5.7,5.69,7.7,0.14,4.29,2.96,0.0386,0.249,0.511,63.4,40,100,29,400,4.0,11.5,5.9,4.4,6.0,5.5,5.0,6.2,5.4,5.3,4.9,10.7,4.0,9.3,88.1,16.8,8.09
43.9,44.2,43.6,60.3,61.8,58.8,43.0,43.0,43.0,51.5,49.6,53.4,0.503,6.39,0.157,5.66,5.64,7.75,0.141,4.28,2.97,0.0396,0.252,0.522,59.7,38,93,30,400,3.5,11.0,5.1,5.2,6.2,5.4,4.9,6.2,4.0,5.7,4.8,10.4,3.9,9.4,85.7,19.6,9.91
40.8,38.6,43.0,57.6,58.2,57.0,40.4,39.2,41.6,50.6,51.6,49.6,0.496,6.33,0.157,5.56,5.59,7.79,0.133,4.31,2.97,0.0407,0.251,0.522,57.1,37,91,30,400,3.9,12.4,4.6,5.5,6.7,4.7,4.5,5.3,4.0,5.4,4.3,10.3,3.0,9.1,83.7,18.9,11.0
43.3,42.0,44.6,56.4,58.4,54.4,47.5,45.6,49.4,48.7,46.4,51.0,0.498,6.37,0.159,5.6,5.59,7.85,0.14,4.29,3.03,0.039,0.247,0.532,55.9,37,98,32,400,4.1,11.3,5.6,5.0,6.9,5.3,4.7,5.9,5.6,5.6,6.1,12.6,3.8,6.6,89.1,18.8,11.2
45.1,44.8,45.4,55.5,56.6,54.4,45.5,43.6,47.4,51.1,50.8,51.4,0.505,6.3,0.164,5.65,5.58,7.75,0.143,4.37,3.03,0.0398,0.244,0.54,54.1,36,98,32,400,3.1,9.5,6.9,5.2,6.3,5.6,4.5,5.7,6.1,6.2,6.8,12.8,4.7,5.7,89.1,18.9,10.7
46.5,43.8,49.2,54.6,55.4,53.8,45.5,46.4,44.6,44.8,43.4,46.2,0.535,6.33,0.171,5.69,5.58,7.82,0.151,4.36,3.06,0.04,0.247,0.55,52.9,36,94,30,400,3.7,11.2,7.0,5.7,5.9,5.6,5.8,5.3,5.1,6.4,5.1,13.2,5.3,6.2,91.5,18.6,10.4
44.3,45.6,43.0,54.7,57.0,52.4,43.8,45.0,42.6,45.6,44.2,47.0,0.54,6.36,0.174,5.79,5.61,7.82,0.151,4.3,3.01,0.0409,0.25,0.556,52.0,35,98,31,400,3.4,12.1,6.5,4.6,6.0,6.2,6.5,5.8,5.5,5.5,4.1,14.4,5.9,7.7,94.2,17.4,10.6
43.1,40.2,46.0,54.3,54.4,54.2,45.3,44.2,46.4,45.7,46.2,45.2,0.556,6.38,0.175,5.75,5.6,7.77,0.155,4.32,3.04,0.039,0.251,0.556,50.7,35,89,30,400,3.4,11.5,6.7,4.4,5.7,6.5,5.5,4.6,6.0,4.8,4.1,11.8,4.4,8.8,88.2,17.4,10.1
41.9,42.4,41.4,50.4,50.0,50.8,42.4,40.0,44.8,47.7,45.6,49.8,0.557,6.44,0.176,5.83,5.46,7.81,0.153,4.38,3.1,0.0398,0.249,0.55,50.1,35,96,30,400,3.6,11.9,6.1,5.7,4.8,5.2,7.1,5.0,5.4,5.5,5.6,12.3,5.3,7.6,91.1,16.4,9.59
43.5,40.8,46.2,54.4,56.4,52.4,44.4,45.8,43.0,45.2,45.6,44.8,0.537,6.34,0.174,5.81,5.51,7.73,0.152,4.38,3.05,0.0394,0.246,0.549,49.3,34,96,28,400,3.5,12.0,4.5,5.3,4.4,4.8,6.7,5.5,5.1,5.3,6.9,12.2,4.9,7.4,88.5,15.5,10.0
43.0,39.6,46.4,52.4,51.6,53.2,59.9,61.0,58.8,49.5,47.0,52.0,0.55,6.31,0.176,5.93,5.4,7.83,0.156,4.28,3.01,0.0396,0.887,0.556,49.4,34,120,30,400,3.5,11.5,4.6,5.5,5.2,5.3,5.1,5.2,5.3,5.2,6.7,9.6,3.3,7.8,83.8,16.2,9.76
45.1,43.0,47.2,51.2,51.8,50.6,47.0,48.4,45.6,46.0,46.6,45.4,0.559,6.35,0.179,5.89,5.46,7.82,0.154,4.37,3.07,0.0384,0.89,0.563,48.5,34,110,30,400,3.7,11.0,5.4,5.5,6.4,4.8,5.5,6.2,4.6,4.5,6.0,10.0,3.7,9.3,86.6,16.5,9.76
40.4,42.2,38.6,52.8,53.6,52.0,41.6,39.6,43.6,47.4,51.0,43.8,0.547,6.44,0.176,5.93,5.41,7.75,0.154,4.36,3.09,0.0395,0.89,0.557,47.9,33,84,27,400,4.0,12.3,5.4,5.5,6.9,5.3,5.1,7.5,4.9,4.0,5.3,11.2,4.1,9.6,91.1,17.4,9.57
43.5,41.8,45.2,61.1,59.2,63.0,43.4,43.6,43.2,46.3,44.3,48.3,0.578,6.67,0.187,6.14,5.77,8.17,0.163,4.49,3.16,0.0404,0.897,0.6,47.5,33,88,30,400,4.3,13.1,5.0,6.1,7.4,5.8,4.9,5.9,4.9,5.5,4.9,10.2,3.6,7.2,88.8,16.8,9.96
43.2,41.0,45.4,53.6,53.0,54.2,43.4,43.4,43.4,50.9,48.9,52.9,0.617,7.01,0.193,6.58,6.08,8.58,0.172,4.77,3.38,0.0395,0.907,0.631,48.0,33,140,32,400,4.2,13.1,5.1,6.9,6.0,5.2,5.2,4.7,4.4,5.9,5.4,11.6,3.9,5.0,86.6,17.6,10.5
44.6,45.6,43.6,53.4,56.6,50.2,44.9,45.2,44.6,46.3,43.0,49.6,0.642,7.36,0.201,6.87,6.29,9.12,0.181,5.02,3.53,0.0405,0.922,0.66,47.6,33,140,32,400,3.8,13.2,5.4,6.9,4.5,5.7,5.8,5.6,5.0,5.2,6.1,13.2,4.2,6.0,90.6,18.0,11.0
42.8,41.2,44.4,51.9,53.6,50.2,42.6,43.4,41.8,47.2,49.6,44.8,0.672,7.7,0.208,7.21,6.59,9.55,0.187,5.3,3.72,0.0387,0.93,0.684,47.2,33,84,31,400,3.9,11.7,5.2,5.0,5.2,5.7,6.3,5.2,5.2,5.7,5.5,11.9,3.3,7.5,87.3,17.3,10.3
45.0,42.8,47.2,54.7,55.2,54.2,42.4,42.4,42.4,46.4,45.8,47.0,0.711,8.03,0.217,7.49,6.96,9.96,0.197,5.53,3.89,0.0397,0.941,0.712,46.7,33,91,29,400,3.3,12.3,4.9,5.6,5.7,5.1,6.0,5.0,5.6,5.7,4.3,10.6,3.4,7.6,85.1,17.1,10.5
43.0,41.8,44.2,46.7,47.6,45.8,43.0,44.6,41.4,40.3,41.8,38.8,0.742,8.42,0.224,7.85,7.28,10.4,0.204,5.8,4.07,0.0386,0.953,0.744,46.4,32,86,28,400,2.7,11.6,5.0,6.5,5.5,5.7,5.2,5.4,6.0,5.5,5.2,10.2,3.6,7.7,85.8,16.8,10.4
42.0,43.2,40.8,30.3,30.2,30.4,44.8,46.8,42.8,27.6,27.6,27.6,0.767,8.71,0.229,7.83,7.21,10.1,0.217,5.87,4.15,0.0405,0.954,0.749,45.9,32,85,28,400,3.3,10.0,6.2,5.3,4.9,5.7,4.4,4.9,5.7,5.2,6.2,11.2,4.3,8.5,85.8,14.5,9.21
45.8,44.2,47.4,60.2,60.8,59.6,49.0,51.0,47.0,66.6,63.0,70.2,0.581,6.53,0.177,6.04,5.4,7.82,0.159,4.35,3.03,0.0398,0.893,0.548,83.1,68,210,61,400,72.0,14.5,5.83,5.83,6.5,5.83,4.67,6.17,7.17,3.67,6.33,9.67,3.33,9.5,161.0,9.23,3.38
42.8,44.0,41.6,59.8,61.4,58.2,44.4,43.2,45.6,63.5,61.2,65.8,0.549,6.45,0.171,5.85,5.42,7.74,0.154,4.33,3.05,0.0387,0.888,0.546,72.6,55,200,54,400,39.8,12.6,5.7,5.2,6.5,5.1,4.7,7.1,6.0,4.1,6.6,10.5,4.0,9.2,127.0,15.8,6.36
42.6,42.6,42.6,56.2,56.0,56.4,41.8,39.0,44.6,60.7,60.0,61.4,0.544,6.46,0.167,5.84,5.46,7.8,0.151,4.33,3.05,0.0379,0.887,0.541,65.2,46,94,32,400,3.5,10.8,5.3,4.5,5.7,5.1,4.6,6.9,5.1,5.2,6.0,11.3,3.6,6.8,84.4,21.4,9.2
42.0,44.4,39.6,57.8,59.0,56.6,43.5,43.6,43.4,60.4,61.0,59.8,0.521,6.47,0.167,5.87,5.34,7.76,0.146,4.34,3.05,0.0399,0.89,0.535,60.9,43,88,30,400,3.6,11.9,5.4,5.3,6.0,5.7,4.6,6.2,5.2,5.1,5.6,11.6,2.7,7.1,86.0,26.6,12.0
43.0,41.4,44.6,60.6,61.2,60.0,42.0,44.4,39.6,59.0,54.4,63.6,0.514,6.37,0.161,5.89,5.44,7.79,0.141,4.33,3.04,0.0401,0.89,0.539,57.8,40,90,31,400,4.2,10.7,4.8,5.4,6.2,5.4,4.2,6.2,5.4,5.1,6.0,11.1,3.2,8.8,86.7,28.0,13.8
42.6,42.2,43.0,59.6,62.4,56.8,42.8,39.6,46.0,60.9,62.0,59.8,0.518,6.42,0.163,5.89,5.4,7.82,0.145,4.33,3.04,0.0404,0.891,0.539,55.5,39,91,32,400,4.8,10.8,5.3,4.8,5.0,5.5,5.1,6.5,7.1,6.2,5.7,11.1,3.5,8.0,89.4,27.1,15.2
45.0,46.8,43.2,60.9,63.2,58.6,44.2,42.2,46.2,59.6,58.8,60.4,0.516,6.45,0.163,5.88,5.52,7.7,0.141,4.34,3.06,0.0393,0.252,0.538,53.7,38,94,32,400,4.9,10.7,5.6,5.2,4.8,5.8,5.7,5.4,5.8,6.1,4.6,11.7,3.6,6.2,86.1,25.5,15.1
40.1,40.2,40.0,60.0,60.8,59.2,43.0,41.2,44.8,60.8,59.2,62.4,0.501,6.4,0.161,5.89,5.41,7.67,0.142,4.28,3.05,0.0393,0.248,0.536,52.3,38,87,32,400,4.6,9.2,4.1,6.1,6.6,6.2,5.1,4.0,5.1,7.1,5.3,11.4,3.6,6.2,84.6,25.1,14.8
46.1,46.2,46.0,60.1,59.8,60.4,44.9,42.4,47.4,54.7,54.9,54.5,0.522,6.36,0.166,5.9,5.49,7.77,0.145,4.31,3.05,0.0394,0.251,0.552,51.2,37,89,31,400,4.3,10.0,4.7,5.8,6.0,5.4,4.4,4.3,6.0,6.4,5.5,11.3,3.5,8.3,85.9,25.3,15.2
43.0,43.2,42.8,57.9,60.4,55.4,41.6,40.4,42.8,60.7,55.3,66.1,0.521,6.43,0.16,5.9,5.38,7.75,0.145,4.36,3.04,0.0394,0.253,0.539,50.7,37,100,32,400,3.9,11.5,5.5,6.1,5.3,5.7,4.8,6.1,5.3,4.2,5.2,12.8,4.4,8.3,89.1,22.8,15.3
45.4,45.6,45.2,65.3,64.4,66.2,43.4,45.8,41.0,61.5,61.8,61.2,0.52,6.35,0.166,5.73,5.37,7.77,0.144,4.37,3.03,0.0387,0.254,0.547,50.1,37,100,35,400,3.3,10.7,4.3,7.2,5.9,5.1,5.4,6.0,6.1,5.6,6.0,12.5,4.3,7.2,89.6,26.6,14.1
42.8,41.0,44.6,58.0,60.0,56.0,44.2,41.6,46.8,56.4,54.8,58.0,0.53,6.31,0.166,5.86,5.5,7.71,0.143,4.41,3.08,0.0388,0.251,0.55,49.5,36,100,33,400,3.1,10.1,4.4,6.5,5.2,4.4,5.1,5.4,6.8,6.5,6.5,12.6,3.9,8.0,88.5,26.1,14.9
43.6,43.0,44.2,58.0,59.8,56.2,43.4,44.0,42.8,54.7,52.4,57.0,0.527,6.41,0.166,5.81,5.51,7.7,0.145,4.35,3.04,0.0397,0.25,0.552,49.2,36,100,34,400,3.6,11.4,5.5,5.2,5.9,4.9,4.9,6.2,5.9,5.4,5.6,12.4,4.1,8.2,89.2,26.1,15.5
41.2,40.0,42.4,58.1,58.6,57.6,42.7,40.4,45.0,58.7,55.2,62.2,0.517,6.36,0.163,5.91,5.46,7.6,0.142,4.34,3.07,0.0399,0.253,0.554,48.7,36,96,35,400,4.4,12.0,4.8,5.9,6.0,4.9,6.1,6.3,5.8,5.3,4.3,10.3,4.0,6.7,86.8,25.4,15.6
43.4,42.4,44.4,60.0,61.0,59.0,42.5,39.8,45.2,56.1,55.4,56.8,0.531,6.33,0.168,5.88,5.4,7.64,0.144,4.38,3.07,0.04,0.254,0.55,48.4,36,99,31,400,4.1,9.9,3.9,6.0,5.2,5.1,6.0,5.6,5.7,6.2,5.2,10.7,3.3,6.8,83.7,25.9,15.0
42.9,43.4,42.4,56.0,58.2,53.8,44.0,44.0,44.0,58.9,58.4,59.4,0.531,6.36,0.167,5.84,5.39,7.68,0.14,4.31,3.07,0.0392,0.252,0.557,48.0,36,100,31,400,3.4,9.7,5.4,4.9,5.0,5.4,4.8,4.4,5.9,6.2,6.6,12.4,4.4,6.8,85.3,23.2,15.9
42.6,44.4,40.8,56.1,59.2,53.0,42.2,40.2,44.2,57.5,55.2,59.8,0.544,6.59,0.171,6.12,5.62,8.14,0.147,4.5,3.19,0.0413,0.259,0.581,47.4,35,91,28,400,4.0,12.0,6.2,5.8,4.0,5.2,5.3,5.5,6.1,6.1,6.1,11.0,4.5,7.1,88.9,23.9,14.9
43.9,42.6,45.2,61.1,62.4,59.8,41.9,44.0,39.8,54.9,54.4,55.4,0.567,6.87,0.177,6.37,6.03,8.55,0.154,4.76,3.33,0.0404,0.269,0.614,47.0,35,89,29,400,4.3,12.1,5.1,6.7,5.2,5.4,4.9,6.0,5.7,5.3,5.0,9.6,3.2,7.0,85.5,23.7,14.6
44.4,46.6,42.2,54.4,55.2,53.6,44.6,42.8,46.4,51.5,49.8,53.2,0.598,7.19,0.186,6.79,6.32,8.99,0.163,4.97,3.54,0.0408,0.278,0.642,47.0,35,100,34,400,4.0,12.2,5.3,6.0,6.8,5.9,4.8,5.8,5.1,5.1,4.4,10.5,2.5,6.8,85.2,22.6,14.6
41.8,41.6,42.0,43.8,45.2,42.4,45.3,43.4,47.2,37.0,36.8,37.2,0.643,7.57,0.195,7.14,6.66,9.35,0.174,5.26,3.69,0.0408,0.292,0.671,46.7,35,100,33,400,3.9,12.3,5.1,4.9,6.3,6.3,5.0,5.3,6.2,5.1,5.0,12.3,3.5,8.0,89.2,22.1,14.4
61.4,59.6,63.2,61.8,62.6,61.0,69.5,69.2,69.8,63.3,61.6,65.0,0.568,6.35,0.177,5.94,5.47,7.83,0.154,4.4,3.08,0.0389,0.253,0.544,104.0,90,250,92,400,77.3,12.7,5.0,6.0,5.67,6.33,5.33,5.33,6.67,5.67,4.0,10.3,3.67,6.0,160.0,7.13,2.99
42.7,43.0,42.4,60.4,62.2,58.6,39.6,39.2,40.0,60.5,58.0,63.0,0.568,6.33,0.178,5.85,5.44,7.84,0.151,4.38,3.07,0.0399,0.251,0.544,85.9,67,230,67,400,53.5,12.3,6.13,6.5,4.88,6.63,5.5,6.5,6.38,5.5,6.5,13.6,4.88,7.88,147.0,12.1,6.02
40.7,41.0,40.4,57.6,57.2,58.0,40.3,37.2,43.4,67.1,66.4,67.8,0.565,6.38,0.179,5.83,5.33,7.72,0.152,4.37,3.11,0.041,0.25,0.539,74.8,56,91,30,400,20.6,11.4,6.3,6.2,4.8,6.6,6.1,5.2,5.5,5.4,7.5,13.0,4.5,7.1,110.0,19.4,8.69
44.2,43.8,44.6,62.8,64.2,61.4,43.1,43.8,42.4,62.7,64.0,61.4,0.572,6.26,0.177,5.81,5.3,7.77,0.152,4.35,3.12,0.0399,0.248,0.537,68.5,50,95,30,400,2.7,11.6,4.2,5.1,5.0,5.7,6.0,4.8,5.3,4.7,6.4,10.1,3.7,5.9,81.2,24.3,11.7
41.9,43.4,40.4,61.2,63.2,59.2,42.8,41.2,44.4,61.0,61.8,60.2,0.563,6.32,0.178,5.71,5.32,7.68,0.153,4.35,3.06,0.039,0.251,0.53,64.4,47,100,32,400,3.4,12.3,4.1,5.2,5.5,5.3,5.7,5.9,5.0,4.3,6.3,11.0,4.5,7.3,85.8,28.2,15.5
44.4,45.8,43.0,58.8,62.6,55.0,44.6,45.6,43.6,64.4,67.2,61.6,0.573,6.21,0.18,5.82,5.34,7.79,0.157,4.39,3.12,0.04,0.248,0.546,61.1,44,98,34,400,4.0,11.4,5.3,5.1,5.6,5.2,6.0,6.2,4.4,5.0,6.1,12.3,3.9,7.1,87.6,28.9,16.0
43.1,42.0,44.2,60.4,59.8,61.0,43.1,42.0,44.2,65.1,65.6,64.6,0.555,6.36,0.177,5.91,5.36,7.74,0.154,4.32,3.1,0.041,0.249,0.537,58.8,42,98,33,400,4.2,11.3,6.2,4.8,5.8,4.3,5.7,6.7,4.1,5.9,5.2,14.0,4.5,6.9,89.6,29.3,16.1
42.0,39.4,44.6,63.5,65.4,61.6,44.3,46.0,42.6,55.1,54.6,55.6,0.563,6.36,0.175,5.73,5.39,7.7,0.156,4.28,3.11,0.0412,0.252,0.542,57.1,41,98,31,400,3.9,11.6,5.5,5.5,5.8,5.2,5.3,5.7,4.4,6.1,5.2,13.1,4.6,7.1,89.0,26.6,16.4
45.3,44.4,46.2,65.2,66.4,64.0,43.0,44.0,42.0,61.5,63.0,60.0,0.565,6.25,0.181,5.88,5.37,7.73,0.158,4.38,3.15,0.0411,0.255,0.543,56.0,41,100,35,400,3.7,10.2,5.2,5.6,5.2,6.9,5.9,5.3,5.2,5.6,6.4,12.3,4.1,6.6,88.2,26.9,16.7
43.5,43.8,43.2,57.7,59.4,56.0,42.7,42.2,43.2,60.3,55.4,65.2,0.582,6.32,0.182,5.83,5.35,7.84,0.163,4.38,3.15,0.04,0.252,0.552,55.1,40,100,36,400,3.7,10.6,5.9,5.7,5.7,7.0,6.2,5.9,5.9,5.8,6.6,13.1,4.8,6.2,93.1,27.3,17.0
44.3,45.4,43.2,60.7,63.8,57.6,45.0,46.6,43.4,51.5,50.0,53.0,0.569,6.31,0.18,5.82,5.38,7.85,0.165,4.41,3.18,0.04,0.25,0.562,53.8,39,99,32,400,3.7,13.2,6.2,6.1,6.0,6.3,6.3,5.0,6.1,5.4,5.4,12.2,4.4,5.8,92.1,25.0,16.6
44.6,44.8,44.4,54.4,54.8,54.0,58.3,59.2,57.4,59.4,58.2,60.6,0.569,6.2,0.179,5.76,5.36,7.8,0.174,4.44,3.17,0.04,0.85,0.551,53.1,39,94,33,400,4.4,12.2,6.2,5.6,6.3,5.9,5.7,3.7,6.7,5.9,4.9,11.5,4.2,5.8,89.0,23.6,16.2
42.2,39.8,44.6,58.8,58.6,59.0,43.7,42.4,45.0,60.0,57.2,62.8,0.57,6.21,0.184,5.73,5.51,7.64,0.173,4.38,3.17,0.0387,0.855,0.556,52.3,38,93,34,400,4.1,11.1,4.9,5.0,6.3,5.8,4.5,5.2,7.0,6.8,5.4,11.7,4.0,5.8,87.6,23.6,16.1
42.1,41.6,42.6,60.1,64.0,56.2,41.2,41.6,40.8,51.7,51.0,52.4,0.57,6.31,0.182,5.83,5.43,7.69,0.171,4.39,3.22,0.0412,0.856,0.545,51.6,37,97,31,400,2.6,11.3,4.4,5.6,5.3,5.4,4.8,6.4,6.7,5.3,6.1,11.5,3.7,6.9,86.0,23.5,15.5
44.4,41.8,47.0,57.2,55.8,58.6,42.6,42.4,42.8,60.2,58.0,62.4,0.564,6.25,0.181,5.71,5.45,7.71,0.172,4.49,3.17,0.0391,0.859,0.554,50.9,37,96,32,400,3.0,10.1,5.0,6.4,5.8,5.5,5.2,6.1,6.2,3.8,5.9,9.9,2.8,8.3,84.0,23.5,14.4
44.2,45.8,42.6,57.9,60.2,55.6,42.4,43.0,41.8,56.1,57.0,55.2,0.566,6.26,0.181,5.65,5.45,7.81,0.169,4.47,3.24,0.0393,0.856,0.555,50.3,37,94,32,400,3.8,10.6,6.0,6.7,5.7,6.0,6.1,6.7,5.5,4.2,6.4,11.8,3.7,6.8,90.0,23.1,14.6
44.5,45.0,44.0,58.3,60.8,55.8,45.1,46.4,43.8,55.3,53.2,57.4,0.575,6.18,0.182,5.76,5.64,7.94,0.173,4.5,3.22,0.0396,0.86,0.569,50.3,37,110,33,400,3.7,10.9,5.6,6.4,4.4,6.3,6.7,6.3,6.0,5.4,5.9,13.3,4.9,6.0,91.8,23.6,14.7
42.9,44.4,41.4,55.5,58.8,52.2,44.4,46.0,42.8,56.0,58.6,53.4,0.596,6.62,0.19,6.08,5.9,8.24,0.18,4.68,3.39,0.04,0.869,0.598,49.9,37,120,36,400,3.7,10.9,5.6,5.1,4.7,6.3,5.5,5.8,5.4,6.0,4.4,11.6,3.6,7.6,86.2,24.0,14.4
44.1,43.0,45.2,56.2,58.6,53.8,43.4,41.0,45.8,58.5,57.8,59.2,0.63,7.04,0.198,6.46,6.24,8.79,0.186,4.96,3.54,0.0403,0.883,0.636,49.4,36,92,32,400,4.9,11.3,6.1,4.3,5.3,6.2,5.0,6.6,5.4,6.0,4.8,11.4,3.3,7.9,88.5,24.1,14.2
43.3,43.8,42.8,57.6,60.0,55.2,42.7,41.6,43.8,54.0,54.6,53.4,0.668,7.34,0.207,6.8,6.56,9.13,0.195,5.22,3.75,0.0414,0.893,0.661,49.2,36,95,32,400,4.4,10.9,5.3,5.5,5.1,5.7,6.0,5.5,5.7,5.8,4.9,11.4,4.1,7.5,87.8,22.7,14.8
40.8,43.2,38.4,42.0,42.8,41.2,42.7,41.8,43.6,33.2,32.2,34.2,0.692,7.71,0.212,7.11,6.81,9.58,0.202,5.46,3.89,0.0406,0.901,0.685,48.9,36,100,33,400,3.4,9.3,4.1,6.9,4.4,5.5,5.5,5.9,5.7,4.8,5.0,9.8,3.6,8.1,82.0,21.7,15.1
31.8,31.8,31.8,38.0,39.4,36.6,34.5,34.4,34.6,38.5,36.0,41.0,0.153,2.22,0.0734,1.85,1.87,2.54,0.0481,1.33,0.917,0.0415,0.706,0.181,35.9,28,85,27,200,35.2,6.5,2.67,4.0,3.0,4.33,2.83,2.83,4.17,3.5,1.83,6.17,2.0,6.0,85.0,3.34,0.73
33.3,35.6,31.0,37.9,39.2,36.6,33.7,35.4,32.0,36.4,38.4,34.4,0.162,2.37,0.0762,1.94,1.95,2.64,0.0503,1.41,1.01,0.0393,0.712,0.184,34.5,27,86,27,200,19.3,6.3,2.5,3.7,2.4,3.7,3.0,2.3,3.7,3.5,2.5,6.8,2.3,4.9,66.9,5.48,1.69
31.8,30.2,33.4,39.0,38.0,40.0,31.5,28.8,34.2,33.9,33.6,34.2,0.167,2.43,0.0768,2.05,2.06,2.77,0.0514,1.45,1.04,0.0393,0.712,0.192,33.3,25,74,22,200,1.5,5.5,2.3,2.8,1.7,2.4,3.2,2.5,2.4,3.3,2.8,5.5,1.7,3.4,41.0,7.07,2.41
33.6,30.2,37.0,39.2,38.2,40.2,33.2,33.2,33.2,34.8,33.8,35.8,0.174,2.53,0.0777,2.17,2.14,2.89,0.0522,1.55,1.07,0.0402,0.718,0.196,32.8,25,72,22,200,1.3,5.9,3.1,2.8,2.5,2.9,3.2,2.7,1.9,3.1,3.7,5.1,1.3,3.9,43.4,8.62,3.27
33.5,35.4,31.6,41.0,38.8,43.2,33.8,33.4,34.2,34.8,32.4,37.2,0.179,2.61,0.079,2.25,2.2,2.98,0.053,1.63,1.1,0.0403,0.721,0.206,32.4,25,66,23,200,1.3,6.0,3.1,2.6,2.8,2.8,2.6,2.1,2.1,2.9,3.8,6.0,1.5,4.2,43.8,9.21,3.98
32.8,32.2,33.4,41.6,40.4,42.8,33.2,34.6,31.8,34.5,34.0,35.0,0.185,2.69,0.0781,2.35,2.3,3.11,0.055,1.69,1.13,0.0393,0.722,0.21,32.1,24,72,23,200,1.7,6.3,2.5,2.6,2.0,2.1,2.8,3.0,2.8,2.6,3.1,5.8,1.5,4.5,43.3,8.61,4.34
33.7,32.4,35.0,39.5,40.6,38.4,32.2,33.2,31.2,36.0,36.8,35.2,0.181,2.75,0.0808,2.37,2.35,3.2,0.0551,1.73,1.17,0.0403,0.724,0.216,31.9,24,75,24,200,2.0,6.3,1.9,2.7,2.3,2.6,2.9,3.3,2.7,2.2,2.7,5.2,1.4,4.1,42.3,8.4,4.59
34.1,33.8,34.4,37.5,35.6,39.4,32.0,30.4,33.6,32.7,30.6,34.8,0.184,2.84,0.0824,2.48,2.45,3.28,0.0565,1.77,1.25,0.0413,0.726,0.225,31.9,24,72,24,200,1.6,5.7,2.6,2.5,2.8,3.2,2.7,3.1,2.5,2.7,2.3,5.3,1.8,3.9,42.7,8.57,4.7
33.6,33.4,33.8,37.3,37.0,37.6,32.0,32.4,31.6,33.0,31.2,34.8,0.191,2.88,0.0821,2.51,2.51,3.38,0.0568,1.85,1.27,0.0403,0.728,0.23,31.8,24,75,23,200,1.4,5.7,3.1,2.3,2.9,2.5,2.3,3.2,2.8,3.0,3.2,5.3,1.8,3.9,43.4,8.33,4.69
32.9,31.2,34.6,39.7,38.4,41.0,31.6,31.6,31.6,33.2,35.0,31.4,0.196,2.94,0.0847,2.61,2.56,3.45,0.0575,1.92,1.3,0.0387,0.731,0.228,31.6,24,75,22,200,1.8,5.9,2.3,1.8,3.3,1.6,2.6,2.8,2.4,2.8,2.7,4.5,1.4,3.8,39.7,8.04,4.65
32.5,36.0,29.0,37.5,41.0,34.0,33.2,32.0,34.4,32.5,30.6,34.4,0.209,3.03,0.0858,2.69,2.65,3.59,0.0607,1.98,1.38,0.0394,0.733,0.233,31.4,24,72,22,200,2.0,5.7,2.4,2.4,3.2,1.7,4.1,3.3,2.3,2.6,2.5,4.8,1.7,3.9,42.6,7.76,4.61
35.2,36.2,34.2,40.3,38.8,41.8,34.2,34.8,33.6,34.8,35.6,34.0,0.219,3.15,0.09,2.76,2.75,3.68,0.0635,2.02,1.4,0.0404,0.738,0.239,31.3,24,71,22,200,1.7,5.6,2.1,2.6,2.7,2.4,3.8,2.5,2.6,2.6,4.2,4.8,2.0,3.7,43.3,7.33,4.15
33.5,34.8,32.2,36.5,38.6,34.4,32.0,29.8,34.2,32.4,32.8,32.0,0.226,3.24,0.0899,2.88,2.83,3.78,0.0654,2.08,1.45,0.04,0.152,0.245,31.4,24,73,23,200,1.6,6.0,2.4,3.1,2.7,2.8,2.4,1.8,3.0,2.6,4.1,4.8,2.2,4.2,43.7,7.25,4.12
32.9,34.0,31.8,38.1,41.0,35.2,34.0,34.4,33.6,32.9,29.4,36.4,0.234,3.33,0.0929,2.94,2.93,3.88,0.0679,2.15,1.47,0.0397,0.152,0.247,31.2,24,69,22,200,2.5,5.6,2.6,3.8,2.7,1.9,2.2,2.0,3.1,2.8,2.9,5.4,2.3,4.1,43.9,7.27,4.12
32.9,35.2,30.6,40.0,39.8,40.2,31.8,32.4,31.2,31.3,30.2,32.4,0.227,3.39,0.0915,3.01,3.0,3.94,0.0665,2.21,1.53,0.0396,0.157,0.254,31.0,24,65,21,200,2.3,5.4,2.6,3.7,3.7,2.0,2.2,1.5,2.6,2.0,3.1,5.6,1.6,4.3,42.6,7.51,3.99
33.8,35.6,32.0,37.9,37.8,38.0,35.5,35.2,35.8,31.3,32.6,30.0,0.246,3.49,0.095,3.05,3.08,4.11,0.0727,2.28,1.57,0.0385,0.161,0.265,31.0,24,67,22,200,1.6,4.6,2.8,3.9,3.2,2.9,3.4,1.9,2.9,1.7,3.0,6.7,1.5,4.6,44.7,7.23,4.06
34.7,34.8,34.6,39.0,40.6,37.4,35.1,36.0,34.2,33.8,34.2,33.4,0.263,3.68,0.101,3.27,3.3,4.33,0.0768,2.4,1.64,0.0393,0.167,0.279,30.9,24,68,23,200,1.6,4.0,2.4,3.0,2.3,2.5,3.8,3.2,3.5,2.2,2.4,6.9,2.2,4.4,44.4,7.0,4.02
33.9,33.2,34.6,42.5,38.2,46.8,31.7,33.4,30.0,32.7,31.2,34.2,0.277,3.88,0.106,3.42,3.45,4.56,0.0805,2.57,1.72,0.0393,0.171,0.293,30.9,24,72,24,200,1.5,5.4,2.7,2.2,3.2,2.7,2.8,3.0,2.5,2.7,2.9,6.5,2.2,4.8,45.1,6.92,4.03
34.0,32.6,35.4,36.9,35.8,38.0,35.9,39.4,32.4,33.0,34.2,31.8,0.286,4.04,0.109,3.63,3.65,4.78,0.0847,2.72,1.82,0.0383,0.176,0.31,30.8,24,74,23,200,1.8,5.5,3.3,2.0,3.0,2.5,3.3,2.4,1.5,2.4,3.2,5.7,1.7,4.1,42.4,7.02,4.46
31.7,29.4,34.0,27.7,26.4,29.0,32.1,30.6,33.6,24.9,21.4,28.4,0.314,4.22,0.114,3.79,3.78,5.0,0.09,2.83,1.9,0.0372,0.184,0.329,30.9,24,70,22,200,2.0,5.2,3.6,2.5,2.6,2.6,3.1,2.9,2.4,2.5,3.0,5.6,2.4,3.7,44.1,6.26,4.21
35.3,36.2,34.4,42.5,45.4,39.6,40.1,42.0,38.2,45.1,45.2,45.0,0.27,3.52,0.102,3.12,3.17,4.16,0.079,2.31,1.58,0.0367,0.162,0.267,42.8,30,100,32,200,43.6,7.2,2.6,3.2,3.2,3.8,3.8,4.2,4.6,2.8,3.0,6.4,2.2,4.8,95.4,4.28,1.27
34.5,37.4,31.6,43.5,42.2,44.8,31.3,33.4,29.2,44.5,46.2,42.8,0.266,3.52,0.102,3.09,3.13,4.11,0.0769,2.28,1.58,0.0377,0.16,0.27,39.7,29,100,31,200,23.3,7.0,2.5,2.8,2.3,3.0,2.7,3.0,3.0,2.8,2.9,5.1,1.7,3.8,65.9,7.37,2.69
33.0,30.4,35.6,46.8,47.8,45.8,34.3,32.0,36.6,46.3,44.2,48.4,0.276,3.56,0.103,3.06,3.16,4.13,0.0789,2.33,1.6,0.0365,0.161,0.268,38.2,28,73,25,200,2.6,6.3,2.5,2.8,1.8,1.6,1.6,2.5,2.5,2.8,3.1,5.4,1.4,3.8,40.7,9.85,4.22
35.2,36.2,34.2,42.6,43.0,42.2,32.5,33.4,31.6,44.5,43.4,45.6,0.278,3.57,0.102,3.09,3.15,4.19,0.0787,2.35,1.58,0.0376,0.164,0.267,38.4,28,86,27,200,1.8,6.4,2.6,3.2,2.6,1.5,2.4,3.3,2.8,2.7,2.3,6.3,1.9,5.0,44.8,13.8,6.09
33.4,30.2,36.6,42.7,40.4,45.0,32.6,35.6,29.6,44.0,43.0,45.0,0.265,3.57,0.101,3.11,3.21,4.16,0.0765,2.31,1.59,0.0375,0.164,0.268,37.4,28,83,26,200,1.3,6.5,2.8,3.1,3.1,2.0,3.1,3.1,2.3,2.7,2.1,5.7,1.8,5.0,44.6,15.3,7.57
33.3,30.2,36.4,43.2,41.6,44.8,33.4,32.8,34.0,43.7,42.4,45.0,0.269,3.57,0.102,3.08,3.24,4.22,0.078,2.34,1.61,0.0375,0.162,0.278,36.9,28,77,26,200,1.6,6.6,2.4,3.3,3.2,3.1,3.2,3.2,2.4,2.4,2.6,6.0,1.4,3.9,45.3,15.4,8.24
35.5,34.8,36.2,42.5,44.6,40.4,31.3,31.6,31.0,45.3,43.0,47.6,0.269,3.58,0.104,3.06,3.27,4.23,0.0796,2.34,1.6,0.0389,0.165,0.283,36.8,28,85,27,200,2.3,6.1,2.3,3.1,2.9,3.7,2.9,3.2,3.0,2.1,2.6,6.0,2.0,3.3,45.5,15.0,8.27
35.9,35.2,36.6,44.1,43.2,45.0,33.5,32.0,35.0,43.1,43.2,43.0,0.273,3.57,0.102,3.08,3.24,4.21,0.0781,2.37,1.59,0.0379,0.165,0.281,36.3,28,78,26,200,2.0,5.3,3.2,2.6,2.5,2.6,3.6,2.6,2.8,2.3,3.3,5.6,2.4,3.7,44.5,15.4,8.51
34.2,34.6,33.8,42.8,43.2,42.4,32.2,28.8,35.6,43.1,41.8,44.4,0.265,3.52,0.102,3.07,3.26,4.23,0.0765,2.37,1.6,0.037,0.166,0.276,36.1,28,72,26,200,1.4,5.8,3.3,2.5,2.5,2.5,3.7,2.9,1.9,1.7,3.3,5.8,1.7,4.5,43.5,14.6,8.25
34.6,34.0,35.2,41.4,42.6,40.2,32.9,30.4,35.4,39.9,40.8,39.0,0.26,3.48,0.102,3.01,3.25,4.29,0.0763,2.39,1.64,0.0371,0.166,0.281,35.8,27,78,26,200,1.4,5.3,3.5,2.8,2.2,3.2,3.1,3.0,1.8,2.1,3.4,6.2,1.5,4.2,43.7,14.0,8.24
33.8,34.4,33.2,39.8,38.8,40.8,31.8,28.4,35.2,40.5,42.4,38.6,0.276,3.53,0.104,2.96,3.25,4.3,0.08,2.41,1.6,0.0372,0.162,0.281,35.4,27,77,24,200,1.0,5.5,3.4,3.8,2.6,2.0,2.7,2.8,2.4,3.3,3.4,5.8,1.8,3.8,44.3,13.2,7.53
34.9,34.8,35.0,41.1,40.6,41.6,34.2,34.4,34.0,40.4,40.2,40.6,0.272,3.49,0.104,3.02,3.28,4.22,0.0777,2.39,1.62,0.0381,0.162,0.282,35.2,27,68,25,200,1.1,5.9,2.5,3.5,2.7,1.6,2.4,2.5,2.4,3.1,2.9,5.3,2.1,4.5,42.5,13.3,7.62
32.9,30.2,35.6,41.2,39.4,43.0,32.8,33.2,32.4,40.0,40.2,39.8,0.257,3.48,0.1,2.92,3.25,4.25,0.0757,2.39,1.6,0.0372,0.16,0.28,35.0,27,69,24,200,2.3,5.5,3.0,2.5,2.1,2.4,2.3,3.0,1.6,2.7,3.1,4.6,1.8,4.4,41.3,13.4,7.46
34.9,33.6,36.2,41.4,40.6,42.2,31.6,28.0,35.2,42.6,43.0,42.2,0.257,3.47,0.0989,2.95,3.33,4.26,0.0758,2.34,1.62,0.0373,0.164,0.282,34.7,26,71,23,200,2.1,6.2,3.3,2.2,2.5,2.2,2.8,3.1,1.8,2.5,3.4,5.1,1.4,3.8,42.4,12.7,7.04
32.6,33.8,31.4,55.5,55.8,55.2,31.0,28.8,33.2,40.0,38.6,41.4,0.261,3.49,0.0974,2.9,3.31,4.24,0.0741,2.35,1.6,0.0381,0.164,0.277,34.5,26,71,24,200,1.9,6.4,3.1,2.4,2.9,2.5,2.9,3.0,2.4,2.8,2.7,4.9,1.5,3.4,42.8,13.1,6.94
34.2,33.8,34.6,45.9,49.0,42.8,32.8,35.8,29.8,41.1,40.0,42.2,0.248,3.49,0.096,2.92,3.38,4.26,0.0733,2.34,1.63,0.0383,0.16,0.272,35.0,26,93,26,200,2.1,6.4,3.0,3.1,2.8,2.6,3.3,3.2,2.1,2.8,3.0,4.7,1.3,3.4,43.8,13.2,8.48
33.3,32.6,34.0,41.1,39.2,43.0,32.6,33.0,32.2,40.4,42.2,38.6,0.26,3.58,0.101,2.97,3.52,4.42,0.0782,2.44,1.68,0.0371,0.166,0.294,35.1,26,96,28,200,1.7,6.7,1.9,3.4,2.6,2.7,4.4,3.0,1.5,2.9,3.2,6.2,1.7,3.1,45.0,12.9,8.51
34.8,34.4,35.2,43.2,44.8,41.6,34.5,36.8,32.2,44.1,46.0,42.2,0.275,3.72,0.106,3.19,3.71,4.67,0.0812,2.61,1.76,0.0381,0.175,0.313,34.9,26,74,25,200,1.6,5.7,2.6,2.7,3.1,2.9,3.6,3.5,2.2,3.0,2.4,6.3,2.4,2.5,44.5,12.7,8.23
33.6,33.8,33.4,41.3,46.0,36.6,31.2,30.4,32.0,41.4,43.0,39.8,0.29,3.92,0.108,3.31,3.89,4.89,0.0865,2.73,1.88,0.0394,0.181,0.327,34.9,26,76,25,200,1.7,5.3,2.9,2.5,3.8,3.1,2.9,3.2,2.8,2.9,3.1,6.1,2.3,2.8,45.4,13.4,8.49
33.2,30.0,36.4,36.7,35.4,38.0,33.6,31.8,35.4,33.0,32.4,33.6,0.306,4.15,0.112,3.48,4.03,5.11,0.0901,2.86,1.94,0.0383,0.187,0.342,34.8,26,78,25,200,1.8,5.4,2.3,2.4,3.3,3.4,2.6,2.9,2.6,3.1,3.4,5.5,1.9,4.1,44.7,13.1,8.53
51.4,52.8,50.0,42.8,46.6,39.0,54.8,53.6,56.0,43.8,42.8,44.8,0.271,3.35,0.104,2.92,3.35,4.29,0.0786,2.3,1.66,0.0387,0.66,0.285,40.5,32,86,29,200,46.0,6.0,1.5,3.5,2.5,1.0,2.5,4.5,7.0,4.0,5.5,6.0,1.5,7.0,98.5,2.07,0.873
32.1,30.2,34.0,44.7,45.6,43.8,31.7,30.0,33.4,50.9,50.2,51.6,0.277,3.5,0.104,2.99,3.35,4.23,0.0787,2.42,1.62,0.04,0.662,0.281,38.4,30,86,27,200,30.1,7.14,2.57,2.14,2.71,2.57,3.14,4.14,4.43,3.43,3.86,6.14,2.0,5.29,79.7,5.71,2.83
32.4,33.6,31.2,46.8,47.0,46.6,32.6,32.0,33.2,51.4,49.0,53.8,0.265,3.43,0.0977,2.97,3.31,4.2,0.074,2.43,1.64,0.0388,0.66,0.27,36.7,28,80,24,200,13.0,7.3,2.9,2.2,2.3,2.7,2.9,3.6,2.7,3.0,2.7,6.1,1.9,3.6,56.9,10.2,4.91
32.0,31.6,32.4,43.9,43.6,44.2,35.1,32.8,37.4,52.4,50.0,54.8,0.249,3.46,0.0994,2.96,3.3,4.23,0.0759,2.4,1.62,0.0388,0.659,0.275,35.6,28,76,24,200,1.8,6.1,3.3,2.9,2.0,1.8,2.5,3.0,1.9,2.6,2.7,4.8,1.2,4.5,41.1,14.5,6.49
35.9,39.0,32.8,45.0,46.2,43.8,29.9,25.6,34.2,51.1,52.0,50.2,0.255,3.51,0.096,2.95,3.25,4.19,0.074,2.37,1.6,0.0398,0.659,0.273,34.9,27,76,23,200,1.7,5.5,3.0,2.8,3.1,1.6,2.9,2.9,2.1,3.0,3.0,4.1,1.3,4.4,41.4,18.5,9.12
32.5,31.6,33.4,45.8,45.8,45.8,32.9,34.2,31.6,49.8,47.8,51.8,0.258,3.53,0.0966,2.99,3.26,4.08,0.0739,2.39,1.59,0.039,0.658,0.275,34.6,26,80,24,200,2.2,5.8,2.6,3.0,3.4,1.8,2.5,3.0,2.3,3.3,3.4,4.3,1.4,3.0,42.0,20.2,10.2
35.7,32.8,38.6,45.8,44.4,47.2,32.2,32.4,32.0,47.9,46.0,49.8,0.245,3.5,0.0959,3.02,3.26,4.1,0.0719,2.36,1.62,0.0391,0.659,0.272,34.5,26,79,25,200,2.1,6.3,2.5,2.8,2.5,1.5,2.3,2.2,3.0,2.8,3.4,4.7,1.4,3.7,41.2,19.9,10.6
33.1,31.8,34.4,45.7,44.0,47.4,33.3,37.0,29.6,49.5,48.0,51.0,0.242,3.49,0.0945,2.98,3.27,4.16,0.0716,2.34,1.6,0.0403,0.656,0.273,34.5,26,81,26,200,1.7,5.9,1.5,2.1,2.0,2.0,3.2,1.7,3.7,2.5,2.9,5.3,1.6,4.9,41.0,19.4,10.5
33.6,35.2,32.0,45.2,47.6,42.8,33.3,33.0,33.6,48.2,49.4,47.0,0.259,3.51,0.0969,3.02,3.27,4.1,0.0745,2.33,1.62,0.0405,0.659,0.275,34.3,26,77,25,200,2.0,5.2,1.8,2.1,1.9,2.7,3.6,2.5,3.0,2.8,2.9,5.0,1.9,5.5,42.9,18.4,10.6
34.2,38.2,30.2,44.0,47.6,40.4,34.1,35.8,32.4,43.5,43.8,43.2,0.26,3.5,0.1,3.03,3.19,4.08,0.0749,2.38,1.63,0.0405,0.657,0.275,33.8,26,72,22,200,2.3,5.5,2.9,2.3,2.0,2.5,3.4,3.3,2.3,2.9,2.7,5.6,2.3,3.5,43.5,17.4,10.1
33.1,33.6,32.6,45.1,46.2,44.0,31.8,32.4,31.2,46.1,44.0,48.2,0.271,3.5,0.102,3.04,3.23,4.11,0.0779,2.32,1.64,0.0398,0.663,0.278,33.7,26,70,24,200,2.0,5.8,2.9,2.4,2.6,3.0,3.3,2.9,2.5,2.5,2.5,6.7,2.3,3.1,44.5,17.8,10.2
33.4,31.4,35.4,50.7,51.2,50.2,31.3,31.4,31.2,46.3,44.6,48.0,0.27,3.49,0.101,3.01,3.17,4.07,0.0775,2.4,1.61,0.0399,0.662,0.285,33.7,26,75,25,200,1.9,5.6,2.9,2.9,3.1,3.0,3.4,2.1,2.0,2.0,2.8,5.9,2.0,3.8,43.4,17.8,10.1
35.7,36.6,34.8,43.2,44.0,42.4,34.4,31.2,37.6,45.4,44.2,46.6,0.264,3.5,0.101,3.04,3.19,4.16,0.0755,2.39,1.64,0.0401,0.663,0.277,33.9,26,81,26,200,1.8,5.8,3.1,3.5,2.8,3.3,3.4,2.4,1.9,1.9,3.4,6.5,1.9,3.8,45.5,17.1,10.6
33.9,32.4,35.4,42.3,42.4,42.2,32.1,30.2,34.0,46.7,43.8,49.6,0.263,3.58,0.0989,3.01,3.18,4.14,0.0751,2.33,1.62,0.0403,0.659,0.274,33.8,26,79,26,200,1.8,5.0,2.9,3.4,2.5,3.8,3.1,2.5,2.7,3.0,2.7,7.3,1.9,4.4,47.0,16.5,10.7
32.4,31.2,33.6,45.4,46.0,44.8,32.8,33.4,32.2,47.2,47.8,46.6,0.26,3.55,0.0973,3.03,3.17,4.09,0.0735,2.36,1.6,0.0405,0.658,0.275,33.8,26,71,26,200,2.1,5.7,2.2,2.8,3.0,3.5,2.3,3.1,2.5,2.4,2.0,6.5,1.8,4.0,43.9,17.3,10.2
35.6,35.0,36.2,44.6,43.6,45.6,34.1,35.0,33.2,47.0,50.6,43.4,0.265,3.53,0.0975,3.08,3.23,4.11,0.0746,2.38,1.63,0.0417,0.661,0.284,33.8,26,74,27,200,2.4,6.3,2.8,2.8,3.4,3.4,1.7,2.7,2.2,1.5,2.5,5.9,2.0,3.4,43.0,16.2,10.3
33.2,31.2,35.2,43.9,45.0,42.8,34.6,33.0,36.2,46.1,43.8,48.4,0.261,3.56,0.0977,3.05,3.23,4.08,0.0741,2.36,1.62,0.0408,0.663,0.288,33.7,26,75,27,200,2.1,4.9,3.3,3.4,2.8,2.9,3.1,1.6,2.2,2.2,2.5,5.3,2.1,3.6,42.0,16.1,10.1
32.2,34.0,30.4,45.6,49.0,42.2,32.6,32.4,32.8,48.6,48.6,48.6,0.273,3.71,0.103,3.21,3.35,4.32,0.078,2.48,1.69,0.0407,0.666,0.301,33.5,26,70,24,200,1.8,5.4,2.0,3.6,2.6,2.4,4.3,2.4,2.1,2.9,2.3,5.6,2.1,3.8,43.3,17.3,9.19
33.6,31.8,35.4,42.7,42.0,43.4,32.3,35.4,29.2,47.5,46.6,48.4,0.284,3.9,0.106,3.37,3.59,4.53,0.082,2.6,1.78,0.0399,0.648,0.314,33.6,26,72,24,200,1.9,5.7,1.5,3.8,2.4,3.5,3.1,2.8,1.9,2.5,3.2,5.0,1.7,4.4,43.4,17.7,9.25
33.0,32.8,33.2,43.2,43.0,43.4,33.0,35.4,30.6,47.7,46.2,49.2,0.301,4.07,0.112,3.52,3.75,4.76,0.0891,2.76,1.88,0.0408,0.181,0.333,33.5,26,74,27,200,1.5,5.3,2.2,3.6,2.6,3.9,2.2,2.7,2.4,2.3,2.9,4.3,1.5,4.6,42.0,17.5,9.83
34.1,37.4,30.8,44.5,43.8,45.2,34.6,33.8,35.4,47.5,47.2,47.8,0.324,4.27,0.116,3.67,3.96,5.01,0.0925,2.85,1.96,0.041,0.186,0.35,33.4,26,74,26,200,1.8,4.9,2.7,2.6,2.9,2.5,2.8,2.8,2.2,2.6,2.1,5.3,2.3,3.4,40.9,17.4,9.68
32.5,31.8,33.2,44.1,44.6,43.6,34.3,33.2,35.4,48.3,49.8,46.8,0.338,4.48,0.12,3.84,4.14,5.22,0.0981,3.0,2.05,0.041,0.195,0.366,33.5,26,80,26,200,2.7,5.2,3.2,2.6,3.2,2.7,2.8,2.8,1.9,2.1,2.6,5.8,2.4,3.5,43.5,18.4,9.56
31.8,32.8,30.8,38.8,39.8,37.8,30.6,30.6,30.6,37.7,39.4,36.0,0.355,4.65,0.122,4.05,4.29,5.41,0.101,3.15,2.13,0.0419,0.201,0.379,33.4,26,75,24,200,2.3,5.3,3.1,2.4,3.1,3.2,2.1,3.0,2.6,3.0,3.0,5.0,2.4,4.1,44.6,17.0,9.35
48.3,47.0,49.6,45.3,48.4,42.2,55.8,57.4,54.2,53.6,52.4,54.8,0.282,3.59,0.107,3.14,3.2,4.04,0.0754,2.26,1.62,0.0399,0.169,0.287,41.2,32,95,29,200,46.5,5.0,2.5,2.5,3.0,5.5,3.5,3.0,5.0,2.5,3.5,5.5,2.5,5.5,96.0,2.82,0.671
31.7,29.0,34.4,54.2,55.2,53.2,32.3,33.0,31.6,62.4,60.6,64.2,0.29,3.54,0.106,3.04,3.11,4.06,0.0821,2.39,1.6,0.04,0.166,0.288,38.6,29,93,27,200,30.7,7.71,3.0,3.14,2.29,3.57,1.86,2.29,3.0,3.57,2.57,5.57,2.29,4.43,76.0,8.79,3.47
34.4,33.8,35.0,51.1,51.4,50.8,34.7,32.8,36.6,61.6,59.0,64.2,0.305,3.54,0.109,3.13,3.18,4.05,0.0838,2.36,1.6,0.0402,0.169,0.295,38.4,29,88,26,200,13.0,7.0,3.2,3.1,2.1,2.7,2.2,3.0,2.6,3.6,2.9,6.9,2.8,3.4,58.5,15.6,5.85
32.4,31.2,33.6,51.9,54.6,49.2,33.7,31.6,35.8,61.2,58.2,64.2,0.295,3.59,0.107,3.13,3.13,4.03,0.0822,2.43,1.61,0.0413,0.167,0.295,37.5,28,83,26,200,1.6,5.0,3.4,3.1,2.8,3.1,2.6,3.5,2.9,2.7,3.2,7.3,3.2,3.0,47.4,19.7,8.56
34.7,34.6,34.8,51.2,50.4,52.0,33.9,34.8,33.0,60.8,62.0,59.6,0.297,3.61,0.108,3.18,3.14,4.1,0.0834,2.38,1.64,0.0402,0.169,0.295,37.0,28,83,26,200,1.9,6.0,3.0,3.2,3.0,3.9,2.0,2.5,3.1,2.5,3.8,6.1,2.4,3.0,46.4,25.1,11.8
30.8,30.4,31.2,49.0,47.6,50.4,32.8,30.0,35.6,61.8,65.4,58.2,0.299,3.59,0.108,3.22,3.09,3.99,0.0834,2.38,1.61,0.0411,0.167,0.295,36.4,27,81,26,200,1.9,6.2,2.8,3.1,2.3,3.3,2.3,2.4,3.2,2.7,3.6,6.0,2.1,2.8,44.7,28.1,14.5
33.1,31.6,34.6,57.4,58.6,56.2,31.3,28.2,34.4,60.7,60.6,60.8,0.294,3.51,0.108,3.17,3.04,3.98,0.0847,2.4,1.62,0.04,0.166,0.293,36.0,27,77,24,200,1.8,6.7,2.8,2.9,2.4,2.7,2.7,2.5,2.5,2.9,2.7,4.7,1.6,3.5,42.4,28.0,14.6
33.0,32.4,33.6,48.0,50.2,45.8,34.1,34.2,34.0,60.0,58.2,61.8,0.291,3.57,0.108,3.2,3.05,4.0,0.0807,2.36,1.61,0.0387,0.167,0.296,36.4,27,92,25,200,1.6,6.8,2.6,2.3,2.3,3.0,2.6,2.1,2.4,2.8,3.0,4.1,1.2,4.7,41.5,26.5,15.9
33.1,35.4,30.8,50.0,48.4,51.6,34.2,32.0,36.4,58.6,60.0,57.2,0.285,3.46,0.109,3.16,2.96,3.98,0.0832,2.34,1.61,0.0397,0.163,0.289,36.2,27,88,27,200,1.5,5.9,3.5,2.5,2.2,2.7,1.8,2.6,2.9,2.2,2.7,4.3,1.5,5.4,41.7,26.8,16.2
32.3,31.6,33.0,52.2,54.0,50.4,32.1,32.6,31.6,54.6,53.4,55.8,0.28,3.51,0.106,3.24,2.92,4.06,0.0808,2.37,1.64,0.0395,0.164,0.287,36.2,27,77,28,200,1.8,5.9,3.5,2.4,2.9,3.1,1.9,3.0,2.7,2.4,2.7,4.5,1.6,5.3,43.7,26.4,15.9
34.3,32.0,36.6,48.2,49.2,47.2,34.4,34.8,34.0,55.2,52.6,57.8,0.279,3.47,0.104,3.26,2.95,4.04,0.0827,2.35,1.61,0.0397,0.168,0.297,36.0,27,77,27,200,2.0,5.8,2.3,2.1,3.1,3.8,3.1,2.5,2.2,2.5,2.8,5.5,1.8,3.9,43.4,25.3,15.6
32.8,33.2,32.4,50.9,53.4,48.4,35.8,32.2,39.4,53.9,56.2,51.6,0.279,3.54,0.105,3.34,2.85,4.06,0.0828,2.38,1.61,0.0406,0.165,0.301,35.8,27,74,25,200,2.7,6.2,1.9,2.4,3.0,2.7,3.3,2.3,2.3,2.7,2.8,6.1,2.0,3.0,43.4,23.5,15.2
34.3,32.8,35.8,49.0,49.4,48.6,33.0,32.2,33.8,56.4,55.4,57.4,0.282,3.56,0.105,3.32,2.91,4.09,0.0781,2.37,1.62,0.0397,0.165,0.3,35.9,27,84,26,200,2.3,5.8,2.2,2.8,2.8,2.5,3.6,2.4,3.0,3.3,2.8,6.4,2.2,3.7,45.8,23.6,13.8
32.3,29.4,35.2,49.9,52.8,47.0,32.7,32.8,32.6,57.3,56.2,58.4,0.276,3.58,0.104,3.39,2.82,4.05,0.0787,2.42,1.63,0.0405,0.169,0.301,35.7,27,83,26,200,1.2,6.3,2.7,3.1,3.2,2.4,3.8,2.9,2.4,3.0,1.8,5.8,1.7,4.6,44.9,24.7,14.2
31.6,32.2,31.0,50.3,53.2,47.4,33.7,30.6,36.8,57.7,60.6,54.8,0.275,3.53,0.104,3.39,2.77,4.03,0.0779,2.39,1.64,0.0397,0.165,0.301,35.7,27,76,25,200,1.1,6.9,3.4,2.7,3.1,2.6,3.1,2.6,2.1,2.6,2.6,6.2,2.0,4.2,45.2,23.9,13.9
31.2,34.8,27.6,52.0,54.8,49.2,31.1,29.6,32.6,58.6,59.0,58.2,0.269,3.53,0.105,3.38,2.83,4.07,0.0798,2.39,1.64,0.0399,0.165,0.301,35.7,27,82,26,200,1.3,6.0,2.9,1.7,2.5,2.9,2.5,3.1,3.4,3.2,3.9,5.9,1.9,3.7,44.9,24.4,14.5
33.0,31.8,34.2,50.1,50.8,49.4,34.2,35.2,33.2,56.5,53.2,59.8,0.285,3.52,0.105,3.43,2.84,4.07,0.081,2.4,1.68,0.0399,0.165,0.307,36.0,27,91,29,200,1.3,5.1,2.2,1.9,2.6,2.6,2.1,3.9,2.5,2.5,3.7,5.7,1.5,4.1,41.7,26.0,14.6
32.1,33.0,31.2,54.3,56.0,52.6,33.7,35.2,32.2,58.3,57.4,59.2,0.287,3.68,0.11,3.57,2.96,4.32,0.0834,2.5,1.74,0.0412,0.172,0.324,35.9,27,82,27,200,1.5,4.4,2.4,2.8,2.1,2.8,2.3,3.4,2.9,2.4,3.7,6.7,2.1,3.9,43.4,25.3,15.3
34.4,33.8,35.0,57.0,57.2,56.8,35.1,37.2,33.0,57.8,57.8,57.8,0.309,3.91,0.114,3.77,3.19,4.54,0.0897,2.64,1.83,0.0404,0.179,0.347,36.1,27,87,28,200,2.0,5.2,2.3,3.3,2.0,2.2,2.7,3.3,3.8,2.7,3.7,6.8,2.2,3.1,45.3,24.0,14.9
32.2,33.6,30.8,45.5,44.4,46.6,33.6,33.8,33.4,50.2,49.0,51.4,0.319,4.08,0.118,4.02,3.31,4.77,0.0924,2.77,1.91,0.0406,0.183,0.364,36.1,27,94,28,200,2.0,6.2,1.5,3.4,2.6,2.5,2.2,2.8,2.7,2.7,3.0,5.8,2.0,3.5,42.9,24.0,15.8
35.4,35.6,35.2,32.2,34.8,29.6,33.8,32.2,35.4,32.6,31.8,33.4,0.341,4.31,0.124,4.19,3.47,5.0,0.0987,2.96,2.05,0.0407,0.189,0.379,36.0,27,86,25,200,1.9,6.3,2.4,2.5,2.2,2.8,2.3,2.7,2.6,4.0,2.0,5.1,1.9,3.7,42.4,21.3,14.4
38.6,36.4,40.8,49.5,51.8,47.2,42.3,43.0,41.6,69.5,68.8,70.2,0.269,3.53,0.1,3.37,2.87,4.07,0.0751,2.42,1.67,0.0397,0.754,0.299,42.1,30,100,30,200,41.2,8.8,2.6,3.0,2.8,2.6,3.8,4.6,2.4,3.4,3.6,6.0,1.6,5.0,91.4,10.6,3.58
34.1,33.0,35.2,51.6,53.6,49.6,33.0,34.8,31.2,55.6,54.2,57.0,0.271,3.59,0.1,3.38,2.91,4.09,0.074,2.4,1.68,0.0406,0.756,0.305,40.6,29,100,34,200,21.8,7.1,2.2,2.6,2.4,2.3,3.2,2.8,2.9,3.1,2.7,5.0,1.1,4.4,63.6,15.6,6.12
35.9,35.6,36.2,57.4,56.8,58.0,31.7,32.4,31.0,66.2,66.4,66.0,0.279,3.48,0.103,3.35,2.93,4.11,0.0812,2.41,1.66,0.0397,0.754,0.303,39.9,29,87,29,200,2.6,5.0,2.6,2.8,2.4,2.3,2.6,1.9,2.4,3.1,2.2,5.3,1.6,4.4,41.2,21.8,9.56
33.2,35.4,31.0,48.4,49.6,47.2,33.5,32.6,34.4,67.4,69.0,65.8,0.283,3.55,0.101,3.35,2.97,4.11,0.0763,2.44,1.67,0.0387,0.757,0.304,39.6,29,92,29,200,2.6,4.4,2.6,3.3,3.0,2.9,2.4,3.2,2.3,3.4,2.2,6.1,2.5,4.5,45.4,27.8,13.4
35.6,35.0,36.2,54.7,57.2,52.2,33.6,35.8,31.4,61.0,59.6,62.4,0.281,3.58,0.103,3.29,2.97,4.08,0.0812,2.41,1.66,0.04,0.757,0.307,39.2,29,87,27,200,2.2,5.0,2.3,3.1,3.1,2.9,2.7,3.3,2.8,2.5,2.9,5.5,1.9,4.3,44.5,29.1,16.1
34.6,30.4,38.8,50.0,51.8,48.2,32.6,30.0,35.2,64.5,63.2,65.8,0.284,3.6,0.109,3.26,3.05,4.12,0.0816,2.43,1.66,0.0401,0.754,0.306,39.4,29,90,28,200,2.7,5.8,2.2,3.5,2.8,2.7,2.6,3.4,2.2,1.8,2.8,5.7,2.0,4.3,44.5,29.0,16.2
32.7,29.8,35.6,50.0,52.6,47.4,34.6,34.6,34.6,66.4,65.2,67.6,0.293,3.54,0.108,3.2,3.08,4.07,0.0797,2.39,1.67,0.0392,0.756,0.305,38.8,29,86,27,200,2.7,5.9,2.5,3.8,2.3,3.1,2.0,3.6,2.5,1.9,2.4,6.2,2.8,3.9,45.6,30.3,17.4
33.5,30.2,36.8,54.8,57.8,51.8,33.2,34.4,32.0,62.3,59.8,64.8,0.285,3.52,0.104,3.25,3.05,4.08,0.08,2.4,1.65,0.0413,0.757,0.3,38.8,29,82,28,200,1.7,5.6,3.3,2.9,2.6,3.0,1.9,3.1,2.9,2.1,2.7,5.6,2.2,4.8,44.4,29.0,16.8
35.0,35.8,34.2,50.1,52.0,48.2,32.8,30.4,35.2,60.4,59.2,61.6,0.275,3.48,0.105,3.15,3.07,4.11,0.0791,2.38,1.64,0.0396,0.755,0.304,38.7,29,83,29,200,1.5,4.7,2.9,2.5,3.4,3.2,2.7,2.9,2.4,2.2,2.0,5.1,1.2,4.7,41.4,28.6,16.1
31.8,27.6,36.0,47.6,50.2,45.0,33.6,31.6,35.6,63.5,65.8,61.2,0.279,3.53,0.103,3.19,3.13,4.11,0.0773,2.39,1.66,0.0394,0.754,0.298,38.5,29,79,28,200,2.5,5.5,2.6,2.5,2.4,3.1,3.7,2.9,2.2,2.4,2.8,6.5,1.6,3.9,44.6,30.7,16.1
35.9,35.0,36.8,56.1,57.8,54.4,32.9,34.8,31.0,54.3,55.0,53.6,0.278,3.52,0.105,3.15,3.1,4.15,0.079,2.39,1.66,0.0392,0.756,0.307,38.2,29,81,27,200,2.4,6.5,2.3,2.3,1.6,3.2,2.9,2.7,2.8,3.0,3.7,6.2,1.6,3.2,44.4,27.8,15.8
31.8,31.4,32.2,53.2,53.0,53.4,33.6,35.0,32.2,63.7,61.8,65.6,0.276,3.58,0.102,3.18,3.11,4.18,0.0778,2.41,1.65,0.0412,0.755,0.304,38.2,29,83,28,200,1.6,5.9,2.8,2.9,2.0,3.3,2.6,3.0,2.5,2.7,3.1,5.2,2.0,3.8,43.4,26.6,15.5
32.9,33.6,32.2,47.5,46.6,48.4,31.9,32.4,31.4,66.6,66.0,67.2,0.285,3.58,0.104,3.15,3.17,4.14,0.0795,2.38,1.65,0.0401,0.755,0.309,38.2,29,87,29,200,1.9,6.7,3.6,3.1,2.2,2.6,2.8,2.9,1.8,2.4,2.2,4.9,2.2,4.6,43.9,28.4,15.8
34.3,36.4,32.2,53.7,55.8,51.6,33.0,31.0,35.0,56.7,54.6,58.8,0.267,3.48,0.102,3.14,3.16,4.1,0.078,2.42,1.63,0.0401,0.755,0.303,37.9,29,84,27,200,2.3,7.1,3.7,2.2,2.7,2.5,2.6,2.3,2.5,3.3,2.0,4.3,1.4,3.8,42.7,29.3,15.2
35.2,38.0,32.4,59.4,59.6,59.2,33.3,35.8,30.8,57.3,57.2,57.4,0.277,3.52,0.102,3.09,3.24,4.17,0.0766,2.44,1.65,0.0389,0.755,0.308,38.0,29,81,28,200,2.6,7.3,2.9,2.2,2.7,2.6,2.9,2.1,2.6,3.7,3.2,5.8,2.0,3.2,45.8,28.2,15.6
34.0,33.4,34.6,47.4,50.4,44.4,36.6,37.0,36.2,62.4,62.0,62.8,0.277,3.53,0.103,3.07,3.25,4.15,0.0765,2.41,1.64,0.0389,0.758,0.308,37.9,29,84,29,200,2.3,6.5,3.3,3.5,2.8,2.9,3.6,1.8,2.4,2.4,2.9,7.6,2.2,3.0,47.2,27.7,16.5
33.9,33.8,34.0,53.4,55.0,51.8,33.1,35.0,31.2,56.6,54.6,58.6,0.27,3.66,0.104,3.18,3.36,4.28,0.0793,2.47,1.66,0.0412,0.757,0.318,37.9,29,83,28,200,1.9,4.9,3.9,3.8,3.1,3.5,3.5,2.4,2.6,1.7,2.0,6.9,2.1,4.3,46.6,27.6,15.7
31.8,32.8,30.8,48.4,48.8,48.0,32.8,33.8,31.8,59.1,58.2,60.0,0.292,3.79,0.108,3.32,3.53,4.5,0.0829,2.56,1.76,0.0412,0.765,0.337,37.9,29,83,28,200,2.1,4.6,3.2,2.9,2.6,3.7,2.6,2.8,2.6,2.8,2.0,5.6,2.2,4.9,44.6,27.6,15.9
34.1,31.8,36.4,48.8,48.2,49.4,34.4,37.0,31.8,65.1,64.4,65.8,0.306,3.99,0.112,3.53,3.7,4.74,0.0856,2.7,1.87,0.0416,0.77,0.355,37.8,29,84,28,200,2.0,5.3,2.9,2.8,2.8,3.6,2.8,2.1,2.6,2.9,2.2,5.1,1.5,5.1,43.7,27.5,15.8
34.1,36.2,32.0,49.6,51.8,47.4,32.7,31.8,33.6,59.7,59.2,60.2,0.318,4.22,0.114,3.68,3.85,5.03,0.0915,2.87,1.96,0.0421,0.776,0.371,37.9,29,87,28,200,1.4,5.8,3.6,2.3,3.6,3.4,3.0,2.3,2.2,2.5,3.2,5.5,1.7,4.7,45.2,28.2,15.4
60.2,59.2,61.2,42.4,41.8,43.0,65.9,67.2,64.6,32.4,33.2,31.6,0.294,3.8,0.11,3.34,3.31,4.49,0.0799,2.5,1.68,0.0403,0.171,0.314,85.9,77,200,74,300,61.5,8.0,4.5,6.0,4.5,3.0,5.0,6.0,5.0,4.0,4.5,11.5,4.5,4.5,133.0,0.803,0.387
38.2,36.4,40.0,45.1,46.2,44.0,36.0,37.6,34.4,35.5,34.0,37.0,0.295,3.82,0.105,3.38,3.29,4.54,0.0791,2.54,1.74,0.04,0.17,0.316,70.0,54,190,51,300,46.3,9.57,4.43,5.0,4.57,4.71,5.29,5.29,4.29,5.14,4.29,9.14,4.0,5.86,118.0,3.01,1.58
39.8,39.0,40.6,42.8,44.0,41.6,41.0,39.0,43.0,35.2,33.6,36.8,0.298,3.92,0.11,3.52,3.4,4.66,0.0861,2.64,1.8,0.04,0.174,0.326,60.2,43,79,23,300,21.9,8.2,3.3,4.6,3.8,4.4,5.3,4.7,4.2,4.9,5.2,9.4,3.5,5.7,89.1,4.66,2.63
37.4,38.8,36.0,42.9,42.4,43.4,37.9,36.8,39.0,34.1,34.8,33.4,0.31,4.0,0.113,3.59,3.47,4.81,0.0864,2.63,1.79,0.0398,0.18,0.333,54.7,37,79,24,300,3.1,5.7,2.7,5.6,4.0,3.2,4.9,4.2,4.9,4.5,5.3,10.2,3.5,6.0,67.8,6.08,3.43
38.3,36.4,40.2,41.9,43.2,40.6,37.9,36.2,39.6,35.9,34.6,37.2,0.314,4.05,0.113,3.67,3.49,4.86,0.0892,2.71,1.85,0.0396,0.18,0.327,51.4,35,77,25,300,2.6,6.9,3.4,5.3,4.3,4.1,4.3,3.8,4.8,4.8,4.0,9.4,2.8,6.9,67.4,7.67,4.16
38.1,39.2,37.0,42.1,44.2,40.0,38.3,38.8,37.8,32.9,34.0,31.8,0.314,4.1,0.113,3.7,3.58,4.98,0.0901,2.79,1.89,0.0395,0.183,0.35,48.9,33,80,27,300,2.4,9.0,3.9,3.7,3.6,4.1,5.4,3.4,4.0,3.9,3.5,8.5,1.9,7.2,64.5,8.34,4.8
36.1,38.2,34.0,43.6,41.4,45.8,37.9,40.8,35.0,36.8,36.4,37.2,0.324,4.2,0.115,3.89,3.6,5.0,0.0883,2.79,1.92,0.0406,0.187,0.351,47.1,32,81,26,300,2.1,8.3,4.4,3.4,4.6,3.4,6.0,4.9,3.2,3.2,3.0,8.6,2.6,7.1,64.8,7.95,4.36
40.6,39.8,41.4,41.4,39.6,43.2,41.4,40.8,42.0,34.6,31.8,37.4,0.336,4.28,0.121,3.96,3.72,5.14,0.0948,2.85,1.95,0.0385,0.191,0.36,45.3,30,75,25,300,2.5,7.6,5.1,3.7,4.5,3.8,4.2,5.3,3.6,3.4,3.4,9.0,2.6,5.8,64.5,8.08,4.46
36.6,38.6,34.6,42.5,42.4,42.6,38.0,36.0,40.0,33.8,37.4,30.2,0.343,4.39,0.122,4.07,3.74,5.3,0.0967,2.95,2.0,0.0395,0.195,0.363,44.1,29,78,24,300,3.5,8.9,4.6,3.3,3.4,3.8,3.6,4.4,4.0,4.2,4.2,8.7,2.7,5.1,64.4,7.93,4.37
39.8,40.0,39.6,42.5,43.2,41.8,39.8,40.8,38.8,32.5,32.8,32.2,0.363,4.6,0.126,4.18,3.79,5.44,0.0988,2.98,2.06,0.0405,0.196,0.371,43.1,29,81,24,300,3.7,9.9,3.8,3.2,3.4,3.2,4.2,3.9,3.5,5.4,3.5,8.9,3.4,5.8,65.8,7.76,4.48
34.7,32.2,37.2,42.6,40.8,44.4,36.6,37.6,35.6,32.2,34.8,29.6,0.356,4.57,0.123,4.23,3.75,5.39,0.101,2.99,2.07,0.0395,0.198,0.371,42.1,28,77,24,300,2.8,9.4,3.9,3.8,3.0,3.0,4.1,3.4,5.1,5.5,2.9,8.6,2.9,6.5,64.9,7.53,4.35
40.2,38.2,42.2,42.1,39.8,44.4,38.3,40.8,35.8,34.7,37.0,32.4,0.364,4.68,0.127,4.23,3.91,5.59,0.103,3.04,2.07,0.0393,0.199,0.376,41.3,28,72,23,300,3.2,8.7,4.3,3.6,3.7,3.8,3.5,3.6,5.1,4.7,3.3,7.3,2.2,7.0,64.0,7.36,4.43
37.4,40.4,34.4,47.9,50.2,45.6,39.2,38.2,40.2,34.1,32.2,36.0,0.369,4.73,0.127,4.34,3.98,5.66,0.0998,3.11,2.13,0.0391,0.204,0.392,41.1,28,81,26,300,4.0,8.5,4.0,3.4,4.8,4.1,4.1,4.0,3.6,4.1,4.2,8.4,2.9,6.4,66.5,6.6,4.07
39.9,40.2,39.6,41.6,44.2,39.0,40.5,39.6,41.4,32.6,32.0,33.2,0.376,4.92,0.131,4.48,4.01,5.78,0.106,3.2,2.16,0.0381,0.205,0.391,40.5,28,82,26,300,3.3,7.5,3.4,4.5,4.8,3.5,3.9,3.8,3.5,4.7,5.0,9.5,3.1,5.8,66.3,7.03,4.68
36.5,36.2,36.8,42.2,40.8,43.6,36.4,36.6,36.2,32.4,34.0,30.8,0.381,4.98,0.129,4.48,4.12,5.89,0.106,3.29,2.19,0.0377,0.208,0.4,40.1,28,83,23,300,2.9,7.7,4.3,5.1,3.1,2.6,3.3,3.6,4.0,5.2,5.3,8.9,2.5,6.2,64.7,6.89,4.7
37.7,39.6,35.8,42.0,42.8,41.2,38.6,36.2,41.0,33.1,33.8,32.4,0.392,5.02,0.133,4.6,4.19,5.9,0.105,3.31,2.22,0.0373,0.21,0.402,39.7,27,81,24,300,2.6,8.4,4.8,3.8,2.9,3.4,4.4,4.1,4.5,4.3,5.0,8.0,2.5,5.7,64.4,7.03,4.81
37.7,39.2,36.2,40.3,41.4,39.2,38.2,35.0,41.4,31.3,32.4,30.2,0.389,5.08,0.134,4.68,4.23,5.99,0.108,3.33,2.23,0.039,0.212,0.41,39.4,27,81,24,300,3.3,7.6,4.0,3.6,4.6,4.3,3.6,3.7,4.3,4.5,4.3,7.4,2.4,5.4,63.0,6.93,4.7
39.0,39.2,38.8,41.0,39.8,42.2,38.7,37.4,40.0,32.4,31.6,33.2,0.415,5.38,0.14,4.96,4.45,6.4,0.114,3.48,2.37,0.0381,0.222,0.429,39.1,27,83,25,300,3.5,7.3,3.5,4.6,5.3,3.7,2.1,3.9,4.7,4.5,3.6,7.8,2.2,6.9,63.6,7.34,4.69
37.9,39.4,36.4,42.8,41.0,44.6,36.6,37.4,35.8,32.8,33.6,32.0,0.428,5.67,0.144,5.19,4.74,6.71,0.119,3.68,2.52,0.0393,0.23,0.451,38.7,27,80,25,300,2.1,6.7,4.0,3.7,4.8,3.6,3.9,4.4,4.7,4.0,3.9,7.4,2.3,7.5,63.0,6.87,4.02
38.7,38.0,39.4,40.9,41.4,40.4,39.3,37.8,40.8,30.0,28.6,31.4,0.455,5.93,0.148,5.43,5.0,7.02,0.125,3.89,2.66,0.0382,0.24,0.478,38.3,27,78,22,300,2.1,7.1,4.0,3.5,3.9,4.7,4.9,4.4,5.0,4.0,3.9,7.8,2.6,6.4,64.3,6.81,3.96
37.6,37.8,37.4,26.6,27.2,26.0,37.8,39.6,36.0,24.6,20.8,28.4,0.476,6.17,0.155,5.71,5.24,7.35,0.132,4.09,2.78,0.0384,0.249,0.493,38.2,27,78,24,300,2.9,9.1,4.7,4.1,4.0,4.3,3.9,4.7,4.5,4.1,3.5,8.7,2.9,6.6,68.0,5.96,3.62
34.7,35.4,34.0,48.7,47.6,49.8,34.3,30.6,38.0,47.7,46.4,49.0,0.378,5.19,0.131,4.68,4.24,5.95,0.103,3.38,2.26,0.0388,0.21,0.393,59.6,49,150,46,300,53.8,10.5,4.5,7.0,5.33,3.83,6.5,5.67,6.67,4.17,4.17,9.67,2.67,7.0,132.0,4.79,1.79
40.8,41.0,40.6,47.8,49.0,46.6,39.1,38.6,39.6,46.4,44.6,48.2,0.391,5.18,0.13,4.56,4.33,6.05,0.109,3.42,2.26,0.0389,0.211,0.396,52.7,40,74,23,300,27.6,9.7,4.5,5.2,5.9,3.7,4.1,4.9,6.0,3.4,3.6,9.6,2.9,6.9,98.0,7.64,3.52
38.2,36.2,40.2,47.7,49.0,46.4,37.2,38.8,35.6,47.1,47.8,46.4,0.382,5.16,0.13,4.51,4.31,6.0,0.107,3.38,2.25,0.0389,0.21,0.401,49.1,37,78,27,300,2.5,9.4,4.1,3.6,5.5,4.5,3.0,4.1,4.2,3.9,2.6,8.9,3.5,5.7,65.5,10.7,4.73
42.2,39.8,44.6,47.4,47.4,47.4,51.2,48.8,53.6,45.4,45.6,45.2,0.382,5.13,0.132,4.48,4.38,5.95,0.106,3.4,2.29,0.0382,0.754,0.398,47.2,36,79,29,300,3.2,8.4,4.4,3.8,3.3,5.5,3.9,4.5,4.9,4.5,2.8,9.0,3.7,5.9,67.8,14.0,6.34
39.9,35.6,44.2,44.9,46.0,43.8,38.3,38.8,37.8,42.3,39.4,45.2,0.386,5.12,0.129,4.47,4.43,6.0,0.108,3.4,2.28,0.0382,0.765,0.396,45.6,35,84,30,300,3.1,7.3,4.5,4.3,2.6,5.3,3.2,4.0,4.9,4.6,3.9,10.0,3.7,6.6,68.0,15.8,7.66
38.4,38.6,38.2,47.5,50.0,45.0,36.6,36.0,37.2,44.8,46.0,43.6,0.389,5.16,0.132,4.42,4.49,6.02,0.106,3.39,2.29,0.0401,0.765,0.395,44.0,33,81,26,300,2.3,7.4,3.3,4.9,5.2,4.5,3.1,3.2,4.3,4.7,4.3,9.4,3.0,6.9,66.5,15.8,8.1
37.1,35.2,39.0,45.4,44.0,46.8,35.4,32.2,38.6,47.5,47.8,47.2,0.367,5.08,0.126,4.47,4.5,6.0,0.103,3.43,2.28,0.0393,0.761,0.397,42.8,32,76,24,300,2.9,8.4,3.0,4.1,5.1,3.9,2.8,3.4,5.3,4.6,3.6,8.1,1.5,6.3,63.0,15.4,8.29
42.5,42.4,42.6,47.3,49.8,44.8,39.1,37.4,40.8,41.9,41.6,42.2,0.369,5.02,0.128,4.33,4.53,5.98,0.107,3.38,2.28,0.0384,0.762,0.392,42.0,32,80,26,300,2.8,9.6,3.4,3.1,4.1,3.3,3.1,4.4,4.5,4.4,4.1,7.8,1.3,6.2,62.1,15.2,7.99
38.0,37.0,39.0,51.6,49.8,53.4,37.6,40.4,34.8,43.5,45.4,41.6,0.364,4.99,0.125,4.35,4.59,6.02,0.103,3.38,2.3,0.0396,0.76,0.395,41.5,31,83,28,300,1.8,8.9,3.5,3.3,4.2,2.9,4.4,5.0,3.9,4.0,4.1,8.3,2.6,6.5,63.4,15.3,7.78
40.8,42.4,39.2,47.2,46.4,48.0,37.5,36.8,38.2,39.8,40.8,38.8,0.376,5.03,0.13,4.38,4.59,5.98,0.107,3.37,2.31,0.0407,0.764,0.392,41.1,31,85,27,300,2.3,7.9,4.8,3.8,4.2,3.2,5.0,4.3,4.0,4.0,4.2,8.5,3.3,6.1,65.6,14.1,8.65
39.1,36.4,41.8,43.6,41.0,46.2,38.4,36.2,40.6,39.9,41.2,38.6,0.373,4.99,0.131,4.33,4.63,6.11,0.109,3.42,2.32,0.0409,0.766,0.395,40.5,31,84,28,300,3.3,7.5,5.4,4.2,4.2,3.4,4.6,4.1,3.6,4.6,4.7,9.4,2.9,6.0,67.9,13.6,8.64
39.9,38.8,41.0,46.4,46.0,46.8,38.0,34.6,41.4,40.2,40.2,40.2,0.377,4.99,0.128,4.28,4.71,6.15,0.107,3.41,2.32,0.0401,0.764,0.399,39.7,30,69,24,300,3.4,7.3,4.9,4.7,3.9,4.5,4.3,4.5,3.2,4.5,4.6,9.6,2.5,6.4,68.3,13.3,7.89
39.9,38.2,41.6,46.7,47.6,45.8,37.2,36.4,38.0,41.7,41.6,41.8,0.363,5.02,0.126,4.22,4.7,6.09,0.106,3.48,2.35,0.0411,0.763,0.401,39.4,30,79,25,300,2.9,8.0,4.6,5.1,4.6,4.0,5.2,4.5,3.8,3.6,4.7,9.1,2.1,5.6,67.8,12.7,8.09
37.8,37.0,38.6,47.0,47.2,46.8,38.2,39.4,37.0,42.7,45.0,40.4,0.376,5.0,0.127,4.28,4.71,6.03,0.106,3.47,2.29,0.0392,0.764,0.402,39.2,30,79,29,300,3.4,10.1,3.8,5.1,4.2,3.3,4.4,4.2,4.5,3.0,4.4,8.7,2.1,5.3,66.5,12.9,8.0
39.7,42.0,37.4,46.6,47.2,46.0,38.2,41.2,35.2,41.6,40.4,42.8,0.378,4.99,0.13,4.26,4.74,6.13,0.109,3.45,2.32,0.0402,0.764,0.402,38.8,29,73,28,300,2.7,9.9,3.7,4.6,3.5,4.4,3.0,3.6,3.5,3.7,3.9,7.8,2.5,5.4,62.2,13.0,7.52
39.1,38.2,40.0,48.8,47.6,50.0,38.0,36.8,39.2,43.0,42.8,43.2,0.384,5.05,0.132,4.2,4.75,6.04,0.108,3.48,2.33,0.0414,0.764,0.407,38.5,29,75,27,300,2.0,9.6,4.7,4.7,4.1,5.6,4.1,3.8,3.2,5.2,3.8,8.9,3.2,5.6,68.5,13.1,7.27
40.7,39.2,42.2,44.3,42.6,46.0,38.6,40.2,37.0,40.2,38.6,41.8,0.409,5.28,0.138,4.41,5.02,6.46,0.115,3.61,2.46,0.0405,0.774,0.434,38.4,29,78,28,300,2.8,8.3,3.5,4.3,4.1,5.5,4.6,4.1,3.8,4.8,3.4,9.7,3.4,6.2,68.5,13.4,7.8
38.7,38.6,38.8,46.4,47.0,45.8,38.1,39.2,37.0,44.4,41.6,47.2,0.427,5.46,0.143,4.69,5.26,6.74,0.123,3.81,2.59,0.0406,0.783,0.459,38.0,29,75,26,300,3.3,8.5,2.5,4.5,3.7,3.8,4.7,3.9,3.8,3.8,3.7,8.4,3.1,5.6,63.3,14.5,7.89
37.4,37.6,37.2,46.6,47.8,45.4,39.9,43.4,36.4,43.0,42.8,43.2,0.459,5.79,0.151,4.93,5.59,7.09,0.128,4.04,2.72,0.0406,0.791,0.481,37.7,29,70,24,300,3.4,9.8,4.1,5.0,4.1,3.1,4.3,3.9,3.4,4.5,4.6,8.8,3.2,5.2,67.4,13.6,7.87
40.8,40.6,41.0,36.2,36.2,36.2,38.4,37.2,39.6,31.7,32.2,31.2,0.483,6.04,0.158,5.15,5.86,7.35,0.135,4.22,2.86,0.0396,0.8,0.501,37.6,29,79,25,300,3.8,8.4,5.1,5.1,3.7,3.2,3.0,3.7,3.6,4.6,4.4,9.6,3.0,6.2,67.4,13.2,7.22
49.4,48.0,50.8,48.0,49.0,47.0,56.1,56.2,56.0,48.0,46.6,49.4,0.363,4.24,0.132,4.19,4.78,6.03,0.108,3.46,2.34,0.0397,0.209,0.395,89.9,81,190,95,300,81.0,10.7,5.33,7.33,6.33,4.0,7.0,7.67,7.33,4.0,3.33,11.3,3.67,7.67,167.0,3.78,0.965
39.3,39.6,39.0,49.6,50.8,48.4,35.9,33.0,38.8,51.7,51.2,52.2,0.389,4.98,0.134,4.21,4.79,6.1,0.11,3.44,2.34,0.0388,0.21,0.399,72.1,56,180,58,300,40.9,8.5,4.25,4.88,5.0,3.88,4.5,5.13,5.25,4.13,3.88,8.5,3.13,5.88,108.0,7.03,2.88
37.9,36.2,39.6,50.9,53.6,48.2,37.6,37.2,38.0,52.9,53.2,52.6,0.409,4.95,0.137,4.26,4.68,6.02,0.114,3.45,2.36,0.0407,0.213,0.408,62.9,44,76,25,300,9.5,8.3,4.2,3.7,3.9,4.5,4.0,3.7,4.5,5.0,3.7,8.6,2.9,5.5,72.0,10.8,4.59
37.4,35.2,39.6,50.7,50.8,50.6,37.1,36.4,37.8,53.7,52.2,55.2,0.417,5.07,0.135,4.31,4.64,6.07,0.113,3.49,2.36,0.0399,0.212,0.407,58.1,40,85,27,300,2.2,9.3,4.5,4.0,3.7,5.2,4.5,4.6,4.5,4.8,3.2,10.2,3.1,5.0,68.8,15.6,7.13
40.6,43.2,38.0,51.3,51.0,51.6,37.9,35.2,40.6,51.4,51.0,51.8,0.417,5.04,0.141,4.22,4.62,6.02,0.115,3.46,2.38,0.0408,0.213,0.408,54.7,37,92,28,300,2.6,8.8,3.6,4.3,3.9,4.3,3.6,6.0,5.1,3.6,3.4,9.5,3.3,4.6,66.6,19.0,8.55
38.6,39.2,38.0,52.4,54.4,50.4,39.3,38.4,40.2,50.0,48.8,51.2,0.416,4.94,0.14,4.3,4.62,6.07,0.114,3.47,2.35,0.0401,0.211,0.416,52.5,36,90,29,300,3.2,8.9,3.8,4.5,3.8,3.9,4.2,4.8,5.7,3.4,3.6,10.3,3.5,4.8,68.4,20.3,10.0
37.2,35.4,39.0,50.5,51.6,49.4,35.0,35.8,34.2,50.1,49.0,51.2,0.414,4.98,0.136,4.27,4.57,5.9,0.113,3.44,2.33,0.0389,0.208,0.412,50.2,34,79,26,300,3.2,8.6,4.1,4.0,3.8,4.1,5.0,3.5,4.6,3.2,3.8,9.5,3.0,4.9,65.3,20.7,10.8
36.2,35.4,37.0,49.5,48.0,51.0,38.8,37.0,40.6,48.6,47.2,50.0,0.415,4.95,0.139,4.31,4.54,5.9,0.116,3.44,2.39,0.0391,0.212,0.409,48.6,33,79,25,300,3.2,7.6,3.6,3.7,3.6,4.7,4.3,3.5,4.2,4.0,4.5,7.3,2.4,4.9,61.5,20.4,11.1
39.9,40.4,39.4,49.6,51.8,47.4,37.7,35.4,40.0,49.2,48.8,49.6,0.425,4.91,0.144,4.39,4.57,5.87,0.117,3.46,2.34,0.0392,0.211,0.412,46.8,32,78,25,300,2.9,7.8,3.8,3.7,3.5,5.1,4.1,2.9,5.2,4.7,4.1,7.8,2.7,5.0,63.3,19.0,10.5
39.0,38.2,39.8,46.7,46.8,46.6,38.6,36.6,40.6,47.2,47.4,47.0,0.42,4.99,0.144,4.32,4.48,5.98,0.118,3.43,2.38,0.0411,0.212,0.414,45.8,31,78,25,300,2.6,8.0,4.4,3.2,3.7,4.9,4.3,4.1,5.3,4.1,3.8,8.5,3.2,6.3,66.4,18.9,11.2
38.6,34.6,42.6,50.8,51.2,50.4,40.2,37.8,42.6,47.5,46.0,49.0,0.411,5.01,0.141,4.36,4.48,5.96,0.116,3.45,2.34,0.0412,0.211,0.415,44.8,30,80,25,300,2.9,8.6,3.9,3.7,3.6,4.7,4.5,5.4,4.0,3.8,3.2,8.3,2.8,6.6,66.0,17.3,10.6
36.9,35.4,38.4,46.1,46.8,45.4,40.7,39.0,42.4,49.3,48.6,50.0,0.417,4.98,0.139,4.47,4.45,6.0,0.115,3.43,2.36,0.04,0.209,0.417,44.0,30,81,25,300,2.8,9.2,3.6,4.4,3.9,4.2,4.6,4.3,3.8,4.3,3.8,8.3,2.3,7.0,66.5,18.1,10.2
40.1,40.6,39.6,49.1,47.8,50.4,38.4,36.2,40.6,49.1,46.4,51.8,0.41,4.9,0.137,4.41,4.4,5.88,0.114,3.38,2.32,0.0411,0.208,0.407,43.6,30,87,27,300,2.1,7.8,4.4,3.9,3.8,4.4,3.9,3.9,4.7,4.5,4.8,8.4,2.7,7.0,66.3,17.6,9.65
37.5,39.0,36.0,47.8,49.0,46.6,34.9,35.2,34.6,46.0,44.6,47.4,0.405,4.96,0.136,4.41,4.46,5.95,0.11,3.4,2.31,0.0412,0.207,0.411,43.0,30,79,27,300,2.1,7.8,5.3,3.8,3.3,4.6,2.7,4.9,4.8,4.2,4.3,8.1,2.8,5.8,64.5,18.3,10.2
37.7,37.2,38.2,49.9,50.0,49.8,38.2,36.0,40.4,46.6,46.2,47.0,0.382,4.94,0.134,4.38,4.34,5.89,0.108,3.38,2.32,0.0392,0.206,0.411,42.4,29,77,25,300,3.0,10.5,5.2,4.5,3.7,4.3,2.6,3.5,4.2,4.6,4.1,7.1,1.8,4.6,63.7,18.1,10.0
37.3,35.0,39.6,46.7,48.8,44.6,36.3,36.8,35.8,46.4,43.6,49.2,0.383,4.89,0.131,4.44,4.29,5.89,0.108,3.39,2.3,0.0403,0.207,0.414,42.1,29,79,26,300,3.3,9.9,3.6,4.7,4.4,3.5,3.9,2.9,3.7,4.4,4.7,8.2,1.8,4.8,63.8,17.9,10.3
36.3,34.6,38.0,49.5,51.4,47.6,39.2,38.8,39.6,46.8,48.4,45.2,0.388,4.87,0.134,4.44,4.34,6.0,0.109,3.41,2.34,0.0416,0.208,0.428,41.5,29,78,25,300,2.9,8.7,2.9,4.5,3.7,3.5,5.0,3.3,3.7,3.1,5.0,8.5,2.9,5.2,62.9,16.9,9.32
39.7,39.2,40.2,54.1,56.2,52.0,38.4,38.4,38.4,49.7,48.4,51.0,0.404,5.23,0.14,4.72,4.64,6.34,0.114,3.57,2.48,0.0417,0.218,0.452,41.1,28,82,25,300,3.2,8.8,4.3,4.2,2.9,3.0,5.0,3.0,4.7,3.6,3.7,7.9,2.9,4.9,62.1,17.6,10.4
39.4,36.4,42.4,50.9,52.2,49.6,39.6,39.4,39.8,49.1,50.5,47.7,0.45,5.49,0.148,5.06,4.89,6.68,0.124,3.82,2.62,0.0409,0.226,0.475,40.9,28,83,27,300,3.3,8.0,5.6,3.2,3.8,3.0,4.3,3.9,4.8,5.1,3.9,9.1,2.9,5.4,66.3,16.7,10.3
37.6,37.0,38.2,46.9,47.0,46.8,37.7,39.2,36.2,53.7,52.1,55.3,0.466,5.73,0.153,5.23,5.11,7.03,0.13,4.0,2.74,0.041,0.233,0.498,40.8,28,92,28,300,2.3,8.0,5.0,3.1,4.1,4.9,3.7,4.2,4.1,5.1,3.6,8.6,3.3,7.4,67.4,18.6,10.5
39.1,42.4,35.8,50.1,50.4,49.8,38.3,37.6,39.0,49.7,49.6,49.8,0.489,5.97,0.159,5.55,5.42,7.3,0.135,4.2,2.89,0.0421,0.241,0.521,40.4,28,89,26,300,1.9,9.2,4.0,3.2,3.9,5.0,4.2,4.8,4.3,4.9,3.4,7.8,3.0,6.6,66.2,18.9,9.97
39.2,37.6,40.8,48.4,47.6,49.2,37.7,38.8,36.6,46.7,47.2,46.2,0.51,6.24,0.164,5.74,5.68,7.62,0.142,4.38,3.01,0.0414,0.253,0.543,40.0,28,72,25,300,2.0,9.9,3.6,3.5,3.9,4.1,4.8,4.6,4.2,4.4,4.1,8.0,2.5,4.8,64.4,19.2,11.3
40.4,39.2,41.6,38.0,40.4,35.6,41.5,39.8,43.2,36.3,36.4,36.2,0.536,6.53,0.166,5.96,5.7,7.67,0.151,4.64,3.15,0.0422,0.261,0.56,39.9,28,78,26,300,2.8,9.4,4.2,4.1,4.0,4.7,3.8,3.9,4.1,4.2,4.1,8.1,2.9,5.7,66.0,18.5,10.3
49.3,50.0,48.6,53.6,55.8,51.4,56.2,58.0,54.4,58.8,56.2,61.4,0.399,4.33,0.133,4.62,4.36,6.02,0.111,3.44,2.32,0.0414,0.207,0.41,108.0,91,280,100,300,75.0,15.0,6.0,2.0,6.0,6.67,7.0,4.67,5.0,6.67,6.0,12.3,4.67,6.67,164.0,5.85,0.972
38.9,38.8,39.0,55.1,54.6,55.6,35.7,36.2,35.2,64.4,62.4,66.4,0.385,5.05,0.129,4.51,4.34,5.99,0.106,3.37,2.31,0.0405,0.206,0.413,88.1,66,250,73,300,39.9,11.0,5.13,3.75,5.0,5.88,5.0,3.88,4.5,4.75,4.25,9.5,3.13,6.38,112.0,11.3,4.17
36.9,36.6,37.2,56.9,58.8,55.0,38.6,40.6,36.6,64.3,64.2,64.4,0.384,5.0,0.125,4.5,4.33,6.01,0.107,3.39,2.33,0.0397,0.204,0.411,76.6,54,85,28,300,11.1,9.1,3.4,4.7,4.7,4.6,5.1,3.8,4.0,4.0,3.3,7.8,2.1,6.4,74.1,17.0,7.2
39.0,37.0,41.0,55.1,56.0,54.2,39.0,41.2,36.8,61.6,59.4,63.8,0.384,4.98,0.13,4.59,4.25,5.9,0.107,3.4,2.31,0.0398,0.206,0.41,69.7,47,89,31,300,2.9,8.4,2.9,4.6,4.9,4.2,5.3,4.0,3.5,4.1,3.5,8.0,2.4,6.6,65.3,22.8,10.1
38.3,36.4,40.2,56.8,57.4,56.2,37.7,36.6,38.8,59.4,56.2,62.5,0.371,4.91,0.127,4.46,4.29,6.01,0.106,3.38,2.28,0.0401,0.207,0.411,64.8,44,89,31,300,2.4,7.2,4.0,5.2,4.7,5.2,4.3,3.8,3.4,3.8,3.6,8.7,2.4,6.3,65.0,27.3,13.3
34.6,36.0,33.2,57.3,59.0,55.6,39.0,39.2,38.8,62.6,60.7,64.5,0.37,4.91,0.128,4.53,4.3,5.97,0.105,3.41,2.31,0.0414,0.204,0.414,61.1,41,89,29,300,2.7,7.6,4.4,4.5,4.0,5.7,3.9,3.7,3.1,3.9,4.3,9.2,2.1,5.4,64.5,26.8,14.9
39.0,41.0,37.0,55.8,57.0,54.6,47.5,45.2,49.8,60.0,59.8,60.2,0.378,4.99,0.131,4.54,4.21,5.93,0.108,3.37,2.32,0.0404,0.388,0.413,58.3,39,85,27,300,3.3,6.8,4.0,3.5,3.8,5.2,4.1,3.7,2.9,5.0,4.9,8.7,2.8,4.7,63.4,27.2,15.1
37.1,39.0,35.2,55.4,55.6,55.2,43.0,40.4,45.6,61.2,59.0,63.4,0.391,4.89,0.129,4.51,4.21,5.97,0.111,3.4,2.32,0.0427,0.816,0.416,56.7,38,100,27,300,3.0,7.1,3.6,3.6,4.2,4.8,4.5,3.3,3.7,4.6,4.8,8.0,2.7,5.0,62.9,27.0,15.3
38.5,38.2,38.8,53.7,54.0,53.4,36.4,35.2,37.6,57.8,56.0,59.6,0.388,4.95,0.132,4.51,4.23,6.0,0.11,3.43,2.35,0.0417,0.815,0.414,55.0,36,100,28,300,2.2,8.3,4.4,3.8,5.0,5.0,3.5,3.4,4.7,4.0,4.7,8.2,2.6,5.8,65.6,26.4,15.3
39.5,40.6,38.4,52.0,51.6,52.4,40.3,38.4,42.2,56.8,58.8,54.8,0.388,5.05,0.135,4.54,4.27,5.97,0.114,3.44,2.33,0.0416,0.815,0.406,53.7,36,96,30,300,2.5,6.8,5.1,3.8,5.1,4.1,3.5,4.0,5.1,3.9,4.8,8.6,3.0,6.5,66.8,25.0,15.1
39.9,39.2,40.6,54.2,57.4,51.0,36.8,36.6,37.0,57.3,54.6,60.0,0.389,4.95,0.132,4.57,4.32,5.98,0.112,3.42,2.32,0.0415,0.815,0.409,52.2,35,89,28,300,3.1,6.3,4.7,3.8,4.4,4.0,4.4,3.5,3.9,3.0,4.5,8.3,2.8,7.2,63.9,25.7,15.3
37.5,39.0,36.0,53.0,53.4,52.6,40.3,43.0,37.6,56.1,54.0,58.2,0.377,4.91,0.132,4.5,4.29,6.05,0.109,3.37,2.3,0.0424,0.814,0.412,51.0,34,79,27,300,3.0,7.8,4.7,3.8,4.3,4.5,4.6,3.6,3.7,3.5,4.2,8.4,3.0,7.6,66.7,24.1,14.7
39.5,37.4,41.6,60.8,61.4,60.2,37.7,37.6,37.8,57.0,53.4,60.6,0.383,4.91,0.132,4.63,4.31,6.03,0.11,3.42,2.33,0.0414,0.818,0.414,50.2,34,91,29,300,2.6,10.3,5.1,3.4,4.7,4.1,3.9,4.1,4.1,3.9,4.5,8.4,3.2,6.3,68.6,23.6,14.3
37.5,38.2,36.8,53.2,54.6,51.8,38.1,37.6,38.6,57.4,58.6,56.2,0.381,4.99,0.131,4.55,4.18,5.99,0.108,3.41,2.31,0.0406,0.819,0.419,49.3,33,87,28,300,2.5,10.1,5.1,3.6,4.6,3.1,3.9,4.1,3.8,3.5,5.3,8.7,2.6,5.2,66.1,23.4,14.9
38.7,40.8,36.6,55.1,54.6,55.6,38.9,38.0,39.8,58.7,60.6,56.8,0.374,4.93,0.134,4.62,4.15,5.99,0.108,3.48,2.34,0.0427,0.813,0.421,48.7,33,86,26,300,3.0,9.5,4.2,4.3,3.8,3.5,4.2,3.9,4.0,3.5,4.3,8.5,2.3,5.2,64.2,24.8,14.8
41.6,40.6,42.6,55.6,58.2,53.0,41.1,39.6,42.6,61.6,63.8,59.4,0.381,4.93,0.137,4.7,4.24,6.06,0.107,3.42,2.33,0.0418,0.817,0.419,48.5,33,99,31,300,2.6,10.1,3.2,4.4,4.6,4.9,4.1,3.8,3.8,3.5,3.1,8.6,3.3,5.0,65.0,23.5,15.9
38.3,37.8,38.8,53.5,54.0,53.0,38.8,38.2,39.4,57.2,58.0,56.4,0.397,5.03,0.139,4.66,4.31,6.13,0.113,3.45,2.34,0.043,0.816,0.437,48.1,33,100,33,300,3.1,9.0,3.4,5.1,4.8,4.5,3.8,3.6,4.1,3.4,4.0,9.5,3.9,5.8,68.0,25.5,15.3
38.4,39.2,37.6,54.8,56.0,53.6,38.1,40.4,35.8,57.8,61.8,53.8,0.418,5.25,0.14,4.86,4.54,6.42,0.117,3.66,2.49,0.043,0.826,0.458,47.6,32,93,29,300,3.4,7.9,3.7,5.3,4.1,4.4,3.6,4.2,3.9,4.0,3.9,8.9,3.1,6.7,67.1,25.7,16.1
38.9,40.4,37.4,53.7,54.0,53.4,37.9,37.8,38.0,55.4,51.6,59.2,0.435,5.57,0.147,5.12,4.82,6.86,0.12,3.88,2.63,0.0411,0.835,0.478,47.2,32,88,29,300,1.9,7.2,4.4,4.5,4.3,4.5,4.2,4.5,3.9,3.9,3.8,9.2,2.2,6.5,65.0,25.1,15.3
36.3,37.8,34.8,49.0,51.4,46.6,37.6,36.2,39.0,47.9,44.6,51.2,0.464,5.79,0.154,5.35,5.04,7.08,0.128,4.08,2.78,0.0424,0.842,0.501,46.9,32,89,29,300,1.7,8.2,5.0,3.9,4.8,4.3,4.0,4.9,4.1,3.8,3.8,8.4,2.3,6.3,65.5,24.7,14.6
39.4,38.0,40.8,29.9,31.4,28.4,39.4,40.6,38.2,29.7,25.6,33.8,0.489,6.04,0.16,5.67,5.26,7.45,0.134,4.23,2.87,0.0417,0.853,0.527,46.3,32,89,27,300,2.9,7.7,4.7,4.1,3.9,3.9,4.8,4.9,4.3,3.8,2.9,7.6,3.0,5.3,63.8,21.7,13.0
35.3,36.2,34.4,53.5,53.8,53.2,40.4,41.8,39.0,66.7,67.4,66.0,0.424,5.02,0.141,4.66,4.31,6.06,0.116,3.47,2.36,0.0402,0.822,0.422,67.4,54,160,55,300,54.5,9.5,4.67,5.17,4.17,5.5,4.17,3.83,5.0,4.0,4.67,9.67,3.83,7.17,126.0,11.0,4.55
39.0,39.4,38.6,59.6,61.2,58.0,37.6,36.4,38.8,62.4,60.2,64.6,0.432,4.98,0.143,4.59,4.31,6.1,0.12,3.54,2.37,0.0414,0.639,0.425,59.3,45,140,36,300,33.5,10.3,4.6,4.6,3.5,4.6,4.3,4.0,5.1,4.4,5.3,10.1,4.2,7.9,106.0,15.7,7.52
40.2,39.2,41.2,54.0,56.2,51.8,41.1,41.2,41.0,64.0,64.6,63.4,0.444,5.07,0.146,4.65,4.36,6.09,0.125,3.51,2.39,0.0412,0.213,0.428,54.5,40,92,29,300,3.1,8.6,4.0,3.6,2.8,3.7,4.0,4.2,3.6,4.1,3.8,8.2,4.0,6.2,63.9,21.8,10.6
38.2,36.2,40.2,54.0,57.2,50.8,36.5,37.0,36.0,68.1,67.6,68.6,0.435,5.04,0.148,4.62,4.44,6.07,0.124,3.47,2.38,0.0421,0.211,0.43,51.8,38,88,29,300,3.6,9.1,4.6,4.1,3.9,4.5,4.8,4.0,3.8,4.0,3.8,8.5,3.7,5.9,68.3,28.4,13.7
39.9,40.6,39.2,61.6,64.6,58.6,38.3,40.6,36.0,63.6,62.4,64.8,0.441,4.97,0.144,4.63,4.43,6.09,0.121,3.5,2.35,0.0415,0.212,0.438,49.4,36,85,28,300,2.7,8.6,4.2,3.9,4.4,4.3,5.1,3.1,4.1,4.5,4.1,8.5,3.2,6.1,66.8,30.7,15.3
39.4,39.8,39.0,55.7,58.2,53.2,37.8,38.6,37.0,60.3,60.4,60.2,0.45,4.98,0.146,4.61,4.36,6.08,0.125,3.53,2.4,0.0405,0.216,0.439,48.3,36,90,29,300,1.9,8.6,3.9,3.8,4.3,3.6,4.0,4.3,4.6,5.2,4.3,9.0,3.1,5.0,65.6,27.7,16.7
42.2,42.2,42.2,56.7,57.4,56.0,41.2,40.4,42.0,66.1,66.2,66.0,0.44,5.03,0.146,4.55,4.37,6.08,0.127,3.51,2.42,0.0419,0.216,0.442,47.4,35,92,32,300,2.4,9.6,4.9,3.3,3.8,4.0,3.7,4.0,3.9,4.5,4.7,9.5,2.9,5.1,66.3,29.9,16.7
38.1,36.4,39.8,57.5,59.6,55.4,36.2,36.2,36.2,62.8,60.8,64.8,0.437,5.1,0.146,4.54,4.38,5.99,0.123,3.51,2.38,0.0418,0.213,0.438,46.7,35,91,32,300,3.2,9.8,4.9,3.7,3.5,5.5,3.9,3.0,2.9,3.7,4.1,9.1,3.2,6.0,66.5,30.2,16.7
40.8,41.2,40.4,62.6,63.4,61.8,37.8,37.0,38.6,58.0,57.6,58.4,0.431,5.06,0.145,4.52,4.48,6.17,0.125,3.5,2.39,0.0418,0.214,0.444,46.1,35,94,31,300,3.5,8.9,3.5,5.4,3.5,5.0,3.2,2.9,4.4,3.8,4.3,8.9,2.6,6.0,65.9,28.6,16.2
38.8,40.0,37.6,50.4,52.4,48.4,39.7,37.8,41.6,58.3,56.2,60.4,0.454,5.14,0.146,4.51,4.48,6.16,0.127,3.47,2.38,0.0419,0.219,0.443,46.5,35,110,34,300,3.4,7.1,3.3,4.8,3.9,4.3,3.8,4.0,4.6,4.1,4.3,9.8,2.5,6.0,65.9,28.1,18.3
39.1,36.2,42.0,57.3,59.6,55.0,37.5,39.2,35.8,57.9,58.4,57.4,0.437,5.05,0.144,4.39,4.46,6.08,0.124,3.49,2.36,0.0422,0.212,0.439,45.5,34,100,30,300,2.9,7.4,4.6,3.4,4.2,4.3,3.9,4.7,4.4,4.4,4.5,9.5,3.2,5.0,66.4,27.8,17.1
39.1,37.6,40.6,56.8,58.4,55.2,38.0,40.6,35.4,57.9,55.0,60.8,0.43,4.95,0.142,4.43,4.5,6.03,0.122,3.47,2.4,0.0411,0.216,0.433,45.6,34,100,28,300,2.8,7.5,5.5,2.9,4.6,4.4,3.2,3.6,4.8,4.7,3.6,9.2,3.3,4.8,64.9,25.9,17.1
39.4,36.2,42.6,55.3,57.4,53.2,39.2,37.2,41.2,59.9,59.2,60.6,0.428,4.99,0.147,4.47,4.53,6.15,0.123,3.45,2.39,0.0423,0.215,0.444,45.2,34,100,29,300,3.0,7.5,4.8,2.5,4.6,3.9,4.0,3.9,4.8,5.3,3.4,9.0,2.2,5.1,64.0,24.8,16.4
39.2,41.0,37.4,58.9,59.6,58.2,36.9,37.2,36.6,58.4,59.4,57.4,0.428,4.93,0.146,4.5,4.43,6.0,0.128,3.46,2.38,0.0423,0.214,0.447,45.3,34,100,32,300,2.7,9.0,3.9,4.0,4.6,3.5,4.7,4.2,4.7,4.9,3.8,8.2,2.2,4.9,65.3,24.9,16.4
40.2,38.2,42.2,56.1,59.4,52.8,41.9,42.4,41.4,57.5,58.6,56.4,0.432,4.98,0.144,4.54,4.56,6.24,0.125,3.45,2.38,0.042,0.217,0.449,45.2,34,110,34,300,3.0,9.5,4.1,4.6,4.3,3.4,3.8,3.6,4.4,4.7,3.3,8.6,3.2,5.9,66.4,24.7,15.2
38.1,36.0,40.2,51.2,52.8,49.6,37.7,35.8,39.6,63.1,62.0,64.2,0.433,5.04,0.145,4.47,4.58,6.16,0.126,3.47,2.38,0.042,0.215,0.445,44.7,33,93,30,300,3.3,7.7,4.5,3.5,3.3,3.1,3.6,3.7,4.1,4.9,4.0,7.7,2.7,7.8,63.9,26.7,15.6
43.8,43.0,44.6,55.6,57.2,54.0,38.1,37.0,39.2,59.9,58.4,61.4,0.443,5.2,0.149,4.56,4.73,6.45,0.13,3.56,2.44,0.0412,0.219,0.471,44.3,33,84,29,300,2.9,8.3,4.0,3.3,3.5,3.9,5.4,4.4,3.5,4.7,3.8,9.0,3.0,7.6,67.3,26.8,14.9
39.4,35.8,43.0,57.2,57.6,56.8,43.2,44.8,41.6,56.4,57.2,55.6,0.481,5.49,0.158,4.8,5.01,6.81,0.138,3.7,2.55,0.0423,0.229,0.497,44.1,33,94,30,300,3.0,8.0,4.1,3.2,4.7,5.2,4.3,4.0,4.2,3.7,2.9,9.2,3.2,6.7,66.4,26.6,15.3
39.0,39.2,38.8,53.5,53.2,53.8,36.1,37.6,34.6,60.4,58.0,62.8,0.505,5.79,0.165,5.11,5.3,7.04,0.145,3.93,2.72,0.0414,0.236,0.517,43.8,33,96,29,300,3.5,7.2,4.8,3.0,5.2,4.4,3.0,3.6,4.3,4.7,4.1,7.9,3.3,6.8,65.8,27.5,15.7
39.3,38.8,39.8,54.7,55.6,53.8,38.4,38.2,38.6,49.5,45.8,53.2,0.524,6.01,0.169,5.33,5.56,7.44,0.15,4.13,2.86,0.0424,0.245,0.543,43.5,32,87,28,300,2.9,8.7,4.8,3.8,4.8,3.0,4.1,4.2,3.2,6.0,4.3,8.3,3.1,6.3,67.5,26.2,14.4
62.9,62.4,63.4,48.6,50.6,46.6,71.2,70.6,71.8,33.5,31.8,35.2,0.424,5.36,0.141,4.66,4.65,6.52,0.129,3.39,2.44,0.041,0.215,0.442,89.1,81,200,85,400,78.7,12.0,4.33,5.0,5.0,5.67,5.33,7.67,5.33,5.33,6.33,10.7,2.33,10.3,164.0,1.09,0.4
44.5,43.4,45.6,50.0,51.6,48.4,39.6,40.2,39.0,37.3,34.8,39.8,0.417,5.32,0.14,4.58,4.68,6.67,0.129,3.5,2.41,0.041,0.215,0.441,73.0,63,190,63,400,53.6,11.6,6.63,5.5,4.75,6.88,5.75,5.5,5.25,5.0,6.0,12.5,2.75,10.0,142.0,3.37,1.21
41.1,42.6,39.6,48.1,48.0,48.2,44.3,44.8,43.8,34.5,31.6,37.4,0.425,5.44,0.138,4.82,4.77,6.65,0.128,3.57,2.45,0.0407,0.218,0.443,64.6,52,86,26,400,21.8,11.7,6.8,6.2,3.7,5.4,6.6,5.4,5.7,5.8,5.4,13.9,3.6,9.4,111.0,4.82,2.13
44.0,40.8,47.2,49.2,48.8,49.6,42.2,41.2,43.2,34.8,36.4,33.2,0.433,5.46,0.146,4.83,4.87,6.81,0.133,3.65,2.54,0.0417,0.225,0.452,58.7,44,89,27,400,4.1,11.2,6.4,7.1,4.5,4.8,6.2,6.1,5.0,6.5,5.0,12.1,4.0,7.9,90.9,6.35,2.87
44.9,44.0,45.8,48.2,48.4,48.0,43.8,43.4,44.2,34.7,33.4,36.0,0.457,5.48,0.151,4.91,4.89,6.83,0.135,3.71,2.56,0.0405,0.225,0.45,55.5,40,88,27,400,2.8,11.2,5.2,6.7,6.0,6.7,5.5,5.1,4.6,6.3,5.4,11.3,4.0,7.6,88.4,7.56,3.69
43.3,41.4,45.2,51.2,52.0,50.4,43.8,43.2,44.4,34.2,33.4,35.0,0.45,5.53,0.15,5.05,4.96,6.88,0.138,3.74,2.58,0.0391,0.226,0.461,52.7,38,88,28,400,2.7,12.1,4.0,4.9,5.4,6.2,5.8,6.0,5.2,6.1,4.8,11.9,4.8,8.0,87.9,8.27,4.33
45.3,44.4,46.2,48.2,46.2,50.2,43.9,45.6,42.2,36.7,36.0,37.4,0.471,5.64,0.156,5.2,5.0,7.06,0.146,3.78,2.66,0.0387,0.233,0.469,50.3,36,76,27,400,3.3,11.5,5.4,4.9,4.2,5.6,5.9,7.0,4.7,6.5,5.2,11.1,4.5,7.9,87.7,7.64,4.74
42.1,40.6,43.6,47.8,48.4,47.2,45.0,47.0,43.0,35.9,36.4,35.4,0.481,5.8,0.158,5.25,4.98,7.15,0.146,3.85,2.7,0.0397,0.234,0.485,48.6,34,76,27,400,3.5,11.0,5.8,5.2,4.4,5.9,6.3,6.5,3.9,6.3,5.6,10.9,4.1,8.4,87.8,8.17,4.95
44.4,44.4,44.4,45.0,45.4,44.6,44.5,45.0,44.0,32.8,32.6,33.0,0.494,5.87,0.159,5.31,5.14,7.33,0.15,3.96,2.72,0.0385,0.239,0.48,47.2,33,80,26,400,3.6,12.4,5.5,6.2,5.7,5.9,5.4,6.0,4.4,6.0,4.5,10.9,4.3,7.9,88.7,7.77,4.97
44.1,43.0,45.2,46.1,48.4,43.8,41.0,39.8,42.2,33.8,33.8,33.8,0.504,5.91,0.163,5.43,5.24,7.43,0.15,3.99,2.79,0.0405,0.241,0.485,46.5,33,91,27,400,4.0,11.5,5.8,6.5,6.4,6.0,5.4,5.8,5.6,6.3,5.2,12.1,3.9,6.8,91.3,8.01,4.98
42.8,42.4,43.2,46.9,47.2,46.6,45.0,45.8,44.2,33.5,36.4,30.6,0.5,6.04,0.167,5.48,5.21,7.44,0.155,4.07,2.8,0.0395,0.24,0.493,45.7,32,88,27,400,3.5,10.9,7.2,4.7,6.1,6.1,6.0,4.5,6.6,5.4,5.2,12.0,3.7,7.2,89.1,7.75,4.9
43.9,43.4,44.4,45.9,45.0,46.8,43.0,44.6,41.4,32.4,33.6,31.2,0.505,6.09,0.165,5.59,5.26,7.51,0.153,4.15,2.91,0.0394,0.241,0.494,44.9,32,83,27,400,2.7,12.4,6.5,4.6,5.7,6.3,6.2,4.6,6.2,5.0,4.1,10.9,3.7,8.9,87.8,7.76,4.3
40.9,40.0,41.8,48.0,50.6,45.4,61.0,60.8,61.2,33.7,32.0,35.4,0.506,6.08,0.169,5.74,5.31,7.54,0.157,4.23,2.9,0.0392,0.882,0.495,44.6,32,92,29,400,3.3,11.0,5.6,4.8,6.7,5.7,6.2,6.1,5.4,5.5,4.7,10.7,3.5,8.0,87.2,6.83,4.05
46.0,47.2,44.8,46.0,46.4,45.6,43.5,44.0,43.0,34.7,34.2,35.2,0.515,6.12,0.168,5.74,5.38,7.68,0.157,4.33,2.95,0.0382,0.884,0.497,43.8,31,86,28,400,3.7,10.6,6.4,5.0,7.2,7.3,5.1,5.2,5.8,5.2,5.1,10.8,3.6,6.0,87.0,7.54,4.32
43.8,42.4,45.2,47.6,48.2,47.0,43.2,44.8,41.6,34.0,32.2,35.8,0.516,6.2,0.168,5.87,5.4,7.88,0.159,4.31,3.01,0.04,0.888,0.51,43.5,31,80,27,400,3.8,10.9,6.1,5.2,7.0,7.8,4.8,5.3,5.6,5.2,5.4,11.4,3.8,7.0,89.3,6.99,4.22
44.8,45.0,44.6,46.6,47.0,46.2,43.1,40.2,46.0,32.9,32.6,33.2,0.533,6.32,0.17,5.99,5.45,7.92,0.159,4.37,3.01,0.0389,0.888,0.506,43.0,31,83,27,400,4.6,10.4,5.6,4.5,5.9,4.8,5.0,6.5,5.0,5.7,6.4,12.0,3.8,8.2,88.4,7.3,4.13
41.6,42.2,41.0,44.9,42.2,47.6,42.5,42.2,42.8,33.1,34.0,32.2,0.522,6.52,0.171,6.01,5.63,8.15,0.16,4.36,3.09,0.0391,0.891,0.52,42.6,30,80,27,400,4.7,10.3,6.0,4.0,5.6,4.8,5.9,5.9,4.2,6.9,6.2,11.1,3.4,7.9,86.9,6.76,4.26
46.4,46.4,46.4,51.1,51.4,50.8,45.1,43.6,46.6,33.3,34.0,32.6,0.548,6.81,0.176,6.35,5.89,8.57,0.169,4.67,3.22,0.039,0.903,0.554,42.2,30,82,27,400,4.4,10.6,6.5,4.1,5.6,5.5,6.4,5.0,4.7,6.4,5.1,11.0,2.6,8.3,86.2,6.94,4.11
41.4,42.4,40.4,44.9,44.8,45.0,43.2,43.2,43.2,32.1,32.4,31.8,0.595,7.21,0.187,6.78,6.28,9.07,0.177,4.95,3.39,0.039,0.918,0.582,41.9,30,85,27,400,4.0,12.3,6.3,4.0,4.6,5.1,6.4,5.3,5.5,5.0,6.5,12.8,3.5,7.9,89.2,6.61,4.53
44.5,46.6,42.4,43.4,42.4,44.4,46.2,46.4,46.0,29.6,29.4,29.8,0.628,7.59,0.195,7.07,6.59,9.4,0.187,5.23,3.61,0.0402,0.929,0.611,41.6,30,85,28,400,3.5,12.9,5.7,5.1,5.2,5.0,6.0,5.8,5.5,5.3,6.6,12.2,4.6,6.5,89.9,6.72,4.34
40.9,40.8,41.0,50.4,50.6,50.2,41.0,41.2,40.8,44.8,44.0,45.6,0.538,6.5,0.165,5.96,5.51,7.92,0.145,4.44,3.01,0.0399,0.888,0.506,79.0,69,220,66,400,61.6,11.1,7.0,6.43,6.0,6.43,4.86,5.14,5.57,7.71,6.86,13.6,3.86,8.29,154.0,5.23,1.97
42.0,43.0,41.0,51.7,52.2,51.2,44.7,44.0,45.4,47.1,46.0,48.2,0.527,6.49,0.164,5.97,5.53,7.83,0.143,4.39,3.04,0.039,0.887,0.506,68.3,55,100,30,400,28.7,11.0,5.9,6.2,6.1,6.5,4.1,4.8,5.1,7.6,6.2,13.0,4.3,7.0,117.0,8.47,3.67
43.1,44.4,41.8,53.0,53.8,52.2,43.2,43.0,43.4,47.5,45.4,49.6,0.526,6.36,0.166,5.97,5.56,7.9,0.15,4.44,2.97,0.0402,0.89,0.498,61.5,46,82,28,400,4.0,11.6,5.4,5.1,6.0,5.9,4.5,4.7,5.1,4.5,5.6,10.6,3.8,6.4,83.2,11.8,5.14
42.7,43.2,42.2,49.6,51.4,47.8,44.3,40.4,48.2,42.8,38.2,47.4,0.522,6.36,0.164,6.02,5.46,7.78,0.148,4.39,3.01,0.0394,0.887,0.501,57.9,43,88,29,400,4.2,11.4,5.2,4.7,5.4,5.1,6.0,5.4,5.8,4.4,6.4,11.0,4.2,7.5,86.7,14.0,7.44
40.9,40.8,41.0,48.2,48.6,47.8,39.9,43.4,36.4,45.7,43.2,48.2,0.519,6.42,0.163,5.87,5.44,7.78,0.148,4.36,2.98,0.0383,0.888,0.505,54.4,39,83,27,400,4.3,11.1,4.9,4.4,4.9,4.5,6.7,5.5,4.8,5.4,5.7,10.3,3.7,7.7,83.9,15.4,8.33
43.7,41.8,45.6,50.2,53.4,47.0,43.7,45.6,41.8,46.2,45.2,47.2,0.52,6.33,0.159,5.83,5.44,7.75,0.144,4.33,3.0,0.0394,0.888,0.5,52.5,38,82,27,400,4.3,11.1,4.5,5.7,5.1,4.9,6.3,5.1,4.2,4.8,6.0,10.0,2.9,7.9,82.8,15.2,8.71
44.2,44.2,44.2,50.3,52.6,48.0,42.5,43.8,41.2,45.9,47.2,44.6,0.513,6.35,0.163,5.83,5.41,7.76,0.146,4.32,2.96,0.0394,0.888,0.511,50.7,36,86,29,400,4.6,10.8,5.1,5.8,4.4,5.7,6.1,5.6,5.0,4.4,6.0,11.5,3.5,8.1,86.6,15.4,8.23
44.7,47.0,42.4,49.5,48.6,50.4,41.8,40.6,43.0,44.6,45.8,43.4,0.521,6.43,0.16,5.79,5.52,7.78,0.146,4.3,2.99,0.0396,0.251,0.511,49.1,35,81,27,400,3.9,10.2,6.3,4.8,5.8,6.3,5.0,6.2,5.7,4.6,5.4,11.4,3.3,6.9,85.8,14.5,8.52
42.1,44.6,39.6,52.2,52.2,52.2,43.7,41.4,46.0,43.3,44.4,42.2,0.501,6.42,0.157,5.89,5.48,7.68,0.144,4.27,3.02,0.0406,0.252,0.514,48.1,34,82,27,400,3.2,11.4,5.2,5.4,6.3,6.6,3.9,6.2,5.1,5.5,6.1,11.3,3.2,6.9,86.3,14.9,7.52
44.8,43.4,46.2,50.0,51.0,49.0,45.2,46.0,44.4,42.5,46.4,38.6,0.502,6.39,0.163,5.82,5.47,7.8,0.145,4.37,2.97,0.0386,0.256,0.507,47.2,34,88,28,400,3.3,13.1,4.8,6.4,4.8,5.7,4.8,4.7,4.7,6.2,6.4,11.8,3.6,7.7,88.0,14.7,7.96
43.4,44.4,42.4,48.9,49.0,48.8,42.7,44.0,41.4,42.5,44.8,40.2,0.517,6.42,0.166,5.85,5.43,7.73,0.149,4.37,2.97,0.0399,0.259,0.523,46.4,33,88,28,400,3.6,12.3,6.1,5.8,4.6,4.7,5.8,5.5,4.7,6.2,5.9,12.9,4.2,6.9,89.2,14.9,7.35
41.5,44.2,38.8,50.0,50.8,49.2,41.8,41.2,42.4,44.5,42.8,46.2,0.52,6.27,0.168,5.83,5.49,7.78,0.151,4.34,2.99,0.0389,0.256,0.515,45.8,33,90,27,400,3.9,11.5,5.8,5.1,5.1,3.6,6.1,6.5,4.7,6.4,5.3,12.1,4.4,7.0,87.5,13.5,7.86
42.4,46.2,38.6,52.4,52.4,52.4,44.8,45.2,44.4,43.0,41.6,44.4,0.524,6.4,0.169,5.84,5.51,7.75,0.152,4.34,2.99,0.0411,0.257,0.512,45.1,32,86,26,400,3.6,10.6,6.1,5.0,5.9,4.1,5.7,5.6,5.0,5.9,4.9,9.6,3.9,8.1,84.0,14.8,7.49
45.4,45.0,45.8,54.5,53.6,55.4,41.8,43.2,40.4,44.0,44.8,43.2,0.515,6.2,0.166,5.75,5.4,7.63,0.15,4.29,3.03,0.0413,0.251,0.513,44.6,32,80,28,400,3.5,10.0,6.6,4.5,5.3,5.2,4.4,5.7,5.6,5.4,4.8,9.5,3.7,8.9,83.1,14.7,7.5
44.7,46.2,43.2,55.4,55.2,55.6,45.4,43.6,47.2,42.2,44.2,40.2,0.521,6.29,0.169,5.85,5.45,7.85,0.153,4.26,3.02,0.0392,0.252,0.526,44.4,32,88,31,400,3.7,11.1,6.4,5.1,4.5,5.0,4.2,6.1,6.1,6.1,5.6,12.2,4.1,8.0,88.2,13.9,7.41
42.9,42.8,43.0,47.9,49.4,46.4,44.1,45.4,42.8,41.3,40.8,41.8,0.521,6.33,0.168,5.82,5.52,7.9,0.154,4.24,3.01,0.0412,0.255,0.535,44.1,32,89,32,400,3.4,11.1,6.9,6.1,5.4,5.2,4.3,5.4,6.1,5.7,6.5,13.9,4.5,6.4,90.9,13.9,8.49
43.5,45.4,41.6,49.9,49.4,50.4,42.2,44.4,40.0,43.5,41.2,45.8,0.562,6.6,0.177,6.07,5.84,8.33,0.161,4.52,3.12,0.0402,0.266,0.564,43.7,32,85,29,400,3.9,10.9,5.7,6.4,5.4,5.5,4.5,5.4,5.8,5.2,5.8,12.1,3.7,7.4,87.7,14.5,8.18
42.7,40.4,45.0,51.4,53.6,49.2,42.8,43.2,42.4,46.7,46.0,47.4,0.589,6.97,0.183,6.38,6.13,8.65,0.17,4.74,3.35,0.0392,0.272,0.601,43.4,32,83,27,400,4.0,12.9,4.5,6.5,4.4,5.6,5.5,5.3,5.2,4.6,5.1,10.8,3.2,8.0,85.6,14.4,8.5
42.8,43.4,42.2,48.7,49.4,48.0,43.7,45.6,41.8,42.3,42.0,42.6,0.618,7.37,0.19,6.78,6.45,9.1,0.176,5.07,3.51,0.0402,0.287,0.63,43.2,32,94,28,400,3.2,13.4,4.5,5.6,5.4,5.8,5.5,5.2,5.4,3.9,5.2,11.2,3.4,7.5,85.2,14.7,8.7
44.0,44.0,44.0,34.1,32.2,36.0,45.9,46.6,45.2,29.6,30.6,28.6,0.65,7.72,0.201,7.1,6.77,9.62,0.187,5.31,3.68,0.0404,0.297,0.657,42.9,31,94,28,400,3.8,11.6,4.7,4.9,6.2,6.2,5.3,6.1,6.4,3.8,4.5,10.9,3.4,7.4,85.2,13.8,8.08
57.5,58.6,56.4,51.0,50.4,51.6,61.1,60.4,61.8,51.6,51.8,51.4,0.551,6.54,0.168,5.89,5.53,7.94,0.149,4.34,3.03,0.04,0.252,0.528,94.4,84,210,87,400,69.2,12.2,4.0,6.2,7.4,4.6,3.2,4.8,4.0,4.4,6.6,10.4,4.0,9.0,150.0,5.19,2.0
41.5,42.4,40.6,56.3,57.6,55.0,41.3,41.0,41.6,54.2,52.8,55.6,0.539,6.5,0.168,5.92,5.5,7.95,0.147,4.36,3.0,0.041,0.251,0.521,78.2,58,210,68,400,44.3,12.7,4.2,5.2,6.3,5.5,3.8,5.1,4.7,5.5,6.1,10.7,3.6,7.7,125.0,8.46,3.93
48.6,48.6,48.6,52.9,53.6,52.2,43.5,41.6,45.4,52.4,50.8,54.0,0.552,6.42,0.171,5.95,5.56,8.12,0.15,4.34,3.02,0.0401,0.256,0.526,69.5,49,87,29,400,11.5,12.8,5.8,5.0,5.1,5.6,5.2,5.5,5.1,5.6,5.8,10.6,3.1,7.6,94.3,13.2,6.04
42.4,41.6,43.2,53.0,55.6,50.4,41.8,40.0,43.6,54.7,54.4,55.0,0.552,6.41,0.174,5.91,5.49,8.15,0.152,4.35,3.01,0.04,0.254,0.529,64.9,45,95,32,400,4.1,10.0,5.9,5.6,5.2,6.4,5.7,5.9,5.5,5.6,5.7,11.8,4.0,9.3,90.7,17.3,8.43
42.0,42.0,42.0,53.0,56.2,49.8,41.0,38.2,43.8,51.2,49.0,53.4,0.548,6.39,0.174,5.88,5.48,8.17,0.149,4.36,2.99,0.0392,0.251,0.525,60.6,41,91,28,400,4.6,9.1,5.5,5.5,5.5,6.0,5.1,5.5,6.0,5.6,5.0,11.9,4.3,7.7,87.3,20.4,10.1
44.4,45.6,43.2,53.4,54.0,52.8,42.9,42.0,43.8,51.8,49.4,54.2,0.552,6.39,0.172,5.9,5.42,8.06,0.149,4.31,2.99,0.0402,0.248,0.523,57.4,39,84,27,400,3.7,10.8,6.1,5.5,5.5,4.6,6.0,4.9,5.3,5.8,4.5,10.7,3.3,5.9,82.6,20.3,10.4
42.5,42.2,42.8,51.1,53.4,48.8,45.3,45.8,44.8,50.0,47.6,52.4,0.528,6.27,0.165,5.83,5.53,8.1,0.146,4.3,3.01,0.0411,0.248,0.521,55.3,38,83,30,400,3.5,11.0,6.5,6.4,6.3,5.7,5.8,4.5,4.6,6.4,4.3,11.4,3.4,6.9,86.7,20.9,10.1
41.4,42.8,40.0,54.2,55.6,52.8,40.0,39.0,41.0,52.2,50.2,54.2,0.526,6.44,0.164,5.9,5.4,7.95,0.142,4.3,2.97,0.0401,0.247,0.524,53.4,36,86,28,400,4.6,10.8,5.6,6.6,6.9,5.5,4.2,3.8,4.3,5.5,4.7,10.0,2.9,8.7,84.1,19.8,10.2
45.1,44.6,45.6,54.4,56.2,52.6,44.0,42.2,45.8,51.0,50.4,51.6,0.522,6.32,0.166,5.8,5.43,8.02,0.141,4.25,3.04,0.04,0.246,0.524,52.1,36,94,28,400,4.4,12.0,4.7,6.0,6.2,5.9,4.4,4.7,5.0,4.6,5.3,8.8,2.5,7.9,82.4,19.3,10.0
42.8,42.0,43.6,52.4,53.2,51.6,42.6,43.0,42.2,45.4,43.6,47.2,0.514,6.44,0.163,5.91,5.45,8.09,0.144,4.27,3.01,0.0398,0.249,0.528,51.1,35,92,30,400,3.5,12.6,5.1,5.7,6.2,5.5,5.8,4.3,5.4,5.8,5.6,10.7,3.3,8.2,87.7,19.2,10.0
44.2,45.0,43.4,51.7,51.4,52.0,45.2,46.0,44.4,47.5,46.2,48.8,0.506,6.32,0.164,5.79,5.42,7.92,0.142,4.34,2.97,0.0399,0.247,0.522,50.1,35,90,30,400,3.2,11.8,5.1,5.9,6.0,4.3,5.5,3.5,5.2,7.2,5.3,11.2,3.7,8.4,86.3,18.1,10.2
43.3,42.2,44.4,60.0,62.4,57.6,44.6,45.0,44.2,47.0,48.2,45.8,0.518,6.41,0.168,5.88,5.4,7.97,0.142,4.33,3.02,0.0392,0.248,0.517,49.6,34,96,30,400,4.0,11.2,5.1,6.3,5.5,5.4,6.0,4.3,5.9,5.7,5.2,11.3,4.4,7.0,87.3,17.4,9.95
44.4,47.8,41.0,52.5,53.6,51.4,45.1,48.0,42.2,47.2,44.0,50.4,0.524,6.47,0.168,5.96,5.38,7.96,0.147,4.32,3.05,0.0401,0.248,0.524,49.1,34,110,29,400,3.9,11.4,5.7,5.5,5.8,5.2,7.4,4.4,6.4,4.8,4.8,11.7,4.2,7.3,88.5,16.9,10.9
42.2,40.2,44.2,54.0,55.4,52.6,39.5,39.0,40.0,51.4,50.4,52.4,0.517,6.41,0.166,5.99,5.4,8.15,0.144,4.35,2.97,0.0402,0.25,0.516,48.3,33,94,28,400,2.9,11.3,6.4,6.4,6.0,3.6,4.9,5.8,6.5,4.9,4.4,12.0,3.9,8.1,87.1,17.2,10.8
43.7,40.6,46.8,50.9,53.2,48.6,60.9,62.8,59.0,47.5,49.4,45.6,0.513,6.34,0.169,5.82,5.38,8.14,0.146,4.25,3.01,0.0413,0.882,0.519,48.2,34,95,31,400,3.3,11.3,5.6,7.0,5.9,4.9,3.7,6.3,5.6,5.3,4.5,10.7,3.9,8.8,86.8,17.4,11.0
43.8,44.8,42.8,54.6,53.6,55.6,46.8,46.8,46.8,49.6,48.8,50.4,0.519,6.36,0.165,5.92,5.38,8.12,0.145,4.28,2.99,0.0403,0.886,0.521,47.7,33,97,33,400,3.9,11.1,5.2,6.5,5.2,6.1,4.3,5.2,5.4,5.3,4.9,10.0,3.7,9.0,85.8,18.3,10.5
42.4,42.6,42.2,51.8,51.0,52.6,41.8,41.8,41.8,47.1,45.8,48.4,0.531,6.51,0.175,6.04,5.58,8.42,0.152,4.4,3.04,0.0405,0.892,0.553,47.2,33,91,29,400,3.7,11.1,5.9,5.8,4.6,5.8,4.7,4.5,6.9,4.3,5.9,11.9,3.8,8.4,87.3,17.6,11.3
45.0,45.0,45.0,55.3,58.4,52.2,45.4,43.2,47.6,49.7,51.0,48.4,0.569,6.85,0.187,6.41,5.9,8.87,0.164,4.67,3.26,0.0405,0.901,0.589,46.7,33,83,28,400,3.2,11.8,6.2,5.4,5.7,5.9,5.8,4.2,6.6,4.5,5.1,12.4,4.2,5.9,86.9,18.4,9.93
47.6,47.2,48.0,55.1,56.0,54.2,49.1,51.8,46.4,47.6,46.3,48.9,0.615,7.21,0.196,6.77,6.22,9.31,0.175,4.97,3.46,0.0406,0.916,0.619,46.4,33,87,31,400,3.3,11.2,5.9,5.9,6.4,5.6,6.0,4.5,5.6,4.8,5.2,13.1,5.1,8.1,90.7,18.0,9.8
43.2,39.8,46.6,54.3,54.4,54.2,43.8,42.2,45.4,49.6,48.9,50.3,0.646,7.52,0.204,7.09,6.6,9.72,0.178,5.22,3.59,0.0417,0.927,0.647,46.1,33,89,34,400,3.3,10.6,5.4,7.0,5.7,6.0,5.7,4.9,5.6,4.9,6.5,14.1,5.2,9.6,94.5,18.0,9.9
44.0,44.6,43.4,52.4,54.4,50.4,42.2,42.4,42.0,46.9,45.8,48.0,0.684,7.95,0.212,7.48,6.9,10.3,0.188,5.44,3.83,0.0399,0.939,0.682,45.9,33,93,31,400,3.0,11.6,6.1,6.3,5.4,6.2,5.5,4.4,6.4,5.4,6.0,13.1,3.9,7.5,90.8,16.9,10.4
42.4,44.0,40.8,49.5,50.8,48.2,43.4,42.4,44.4,47.0,48.0,46.0,0.718,8.27,0.217,7.79,7.15,10.7,0.195,5.76,3.99,0.0409,0.949,0.712,45.6,33,90,30,400,4.4,11.2,6.6,4.5,5.3,5.7,5.5,4.7,6.1,5.0,5.3,11.6,3.7,6.1,85.7,18.2,9.61
43.7,43.6,43.8,35.6,36.0,35.2,44.3,45.0,43.6,30.0,31.2,28.8,0.74,8.29,0.217,8.01,7.2,10.5,0.197,5.95,4.13,0.0419,0.952,0.716,45.3,32,88,29,400,4.4,11.1,4.5,5.2,6.1,5.4,4.6,5.3,5.3,4.3,5.5,11.1,3.5,6.6,82.9,16.2,9.63
56.7,55.8,57.6,58.5,58.8,58.2,58.1,59.8,56.4,58.8,58.8,58.8,0.58,6.51,0.178,5.98,5.59,8.24,0.157,4.49,3.05,0.0414,0.896,0.541,96.0,79,240,80,400,67.6,12.8,5.4,4.0,4.6,3.6,5.6,7.0,4.8,5.8,4.8,10.2,3.4,5.2,145.0,5.34,1.31
43.3,42.6,44.0,58.3,60.0,56.6,40.4,42.2,38.6,63.0,61.2,64.8,0.584,6.5,0.18,5.99,5.53,8.13,0.16,4.46,3.05,0.0405,0.893,0.542,79.6,60,230,69,400,43.5,11.5,5.1,4.9,4.8,5.1,5.9,6.3,5.0,5.2,5.1,12.1,4.7,5.9,125.0,11.5,4.91
43.6,43.4,43.8,59.2,61.8,56.6,41.2,42.8,39.6,61.4,62.0,60.8,0.579,6.51,0.183,5.84,5.59,8.13,0.159,4.44,3.02,0.0409,0.891,0.535,71.2,51,93,29,400,11.4,11.2,5.8,5.3,5.4,5.9,6.3,6.2,5.9,5.3,6.0,12.2,4.8,7.0,98.7,17.0,7.37
44.3,42.2,46.4,57.5,59.2,55.8,42.3,40.4,44.2,63.7,61.2,66.2,0.569,6.41,0.177,5.86,5.62,8.19,0.155,4.35,3.03,0.0409,0.89,0.533,65.7,46,94,31,400,3.7,11.4,5.4,5.7,5.6,5.2,5.4,6.2,7.0,5.8,6.3,9.9,3.3,6.9,87.8,22.3,10.4
45.4,47.8,43.0,58.9,60.0,57.8,42.0,43.0,41.0,61.5,59.4,63.6,0.569,6.38,0.178,5.67,5.69,8.04,0.158,4.4,3.05,0.0407,0.888,0.543,62.0,43,97,32,400,3.8,11.8,3.9,6.6,5.3,4.6,4.7,6.1,6.2,4.9,6.2,11.0,3.8,7.9,86.8,26.6,13.0
44.9,45.0,44.8,64.2,64.4,64.0,42.9,43.0,42.8,64.4,62.8,66.0,0.56,6.38,0.177,5.62,5.74,8.12,0.153,4.38,3.07,0.0418,0.889,0.544,59.7,42,97,36,400,4.1,12.0,4.3,6.6,5.9,5.4,4.6,5.7,5.7,4.5,5.8,12.2,4.2,7.9,88.9,28.2,15.8
42.7,43.0,42.4,57.3,58.8,55.8,39.2,40.4,38.0,60.0,57.0,63.0,0.554,6.35,0.178,5.62,5.65,7.99,0.153,4.37,3.1,0.0418,0.893,0.538,57.4,41,91,33,400,3.3,12.4,5.4,6.2,6.2,5.6,4.7,4.8,6.5,5.3,5.2,10.6,3.7,6.9,86.8,27.6,15.6
42.5,39.6,45.4,58.4,60.8,56.0,40.4,40.2,40.6,60.9,62.8,59.0,0.553,6.3,0.173,5.62,5.76,8.02,0.15,4.39,3.06,0.0396,0.256,0.538,55.6,39,89,30,400,2.9,13.5,6.3,5.8,5.4,4.6,4.6,4.9,5.5,4.8,5.6,9.7,3.0,7.1,83.7,26.8,15.9
48.0,49.4,46.6,57.0,59.0,55.0,41.2,40.4,42.0,59.0,58.8,59.2,0.539,6.23,0.173,5.48,5.77,8.01,0.15,4.36,3.07,0.0407,0.251,0.545,54.5,39,91,33,400,3.6,11.8,5.8,5.7,4.6,5.2,4.2,5.6,5.0,5.5,5.0,10.0,2.2,8.3,82.5,26.6,16.4
45.9,44.6,47.2,60.2,60.2,60.2,42.2,41.0,43.4,55.5,56.8,54.2,0.543,6.31,0.172,5.46,5.84,8.03,0.151,4.33,3.11,0.04,0.252,0.531,53.7,38,100,34,400,4.5,11.1,5.2,5.5,4.3,5.6,5.6,6.1,5.0,5.8,4.6,11.1,3.1,8.9,86.4,25.7,15.5
47.2,48.2,46.2,56.1,58.6,53.6,40.9,40.8,41.0,55.9,56.2,55.6,0.544,6.3,0.166,5.33,5.91,7.98,0.147,4.37,3.07,0.042,0.252,0.53,52.8,38,110,33,400,4.6,10.7,5.1,4.6,6.0,5.1,7.2,5.8,4.8,5.7,4.5,12.5,4.2,7.2,88.0,24.5,15.4
42.9,43.4,42.4,55.5,57.2,53.8,42.5,43.8,41.2,56.0,53.8,58.2,0.523,6.19,0.165,5.25,5.91,7.9,0.143,4.26,2.99,0.0419,0.25,0.536,52.1,37,96,32,400,4.5,10.8,4.5,4.6,6.7,4.6,6.9,4.7,6.2,5.8,4.4,12.7,4.6,7.6,88.6,24.4,14.2
43.8,42.8,44.8,57.9,59.2,56.6,42.0,43.6,40.4,54.7,52.4,57.0,0.517,6.24,0.165,5.24,5.94,8.05,0.147,4.24,3.08,0.04,0.253,0.53,51.5,37,100,32,400,3.9,12.1,5.1,5.7,5.1,4.6,7.0,4.1,6.7,4.9,5.4,11.3,4.0,6.9,86.8,24.0,14.7
46.0,45.8,46.2,60.4,64.0,56.8,42.1,41.8,42.4,57.2,57.6,56.8,0.5,6.18,0.166,5.11,5.98,7.83,0.145,4.34,3.0,0.0421,0.25,0.528,51.2,37,110,33,400,3.9,12.0,5.3,5.8,5.4,5.1,6.9,5.7,5.6,4.9,5.4,10.9,2.8,6.4,86.1,22.7,13.8
45.5,46.2,44.8,61.5,62.8,60.2,42.5,41.6,43.4,58.9,59.0,58.8,0.5,6.17,0.166,5.07,6.11,7.97,0.144,4.23,3.0,0.0414,0.252,0.528,50.7,37,100,36,400,5.0,12.4,4.8,6.1,5.7,5.3,5.6,5.4,5.4,4.3,4.4,11.1,3.3,7.5,86.3,24.2,15.7
45.6,45.8,45.4,57.2,57.8,56.6,40.9,39.2,42.6,61.3,63.2,59.4,0.502,6.2,0.167,5.09,6.05,7.99,0.144,4.31,3.09,0.0403,0.253,0.539,50.9,37,120,38,400,3.4,12.0,5.8,6.2,5.6,5.1,5.9,4.5,5.9,4.3,3.8,11.4,3.8,9.0,86.7,24.5,14.9
46.4,44.6,48.2,58.3,58.4,58.2,42.3,41.2,43.4,57.5,58.0,57.0,0.507,6.25,0.172,5.12,6.41,8.32,0.151,4.36,3.1,0.0416,0.256,0.556,50.4,37,120,34,400,2.4,10.8,7.6,5.4,5.5,5.8,5.5,6.1,6.0,5.3,4.3,12.7,3.6,8.2,89.2,24.4,15.1
44.9,41.6,48.2,63.8,67.2,60.4,44.7,44.4,45.0,58.4,59.2,57.6,0.555,6.59,0.179,5.43,6.69,8.74,0.161,4.59,3.28,0.0426,0.271,0.602,50.2,37,100,34,400,3.5,11.4,7.0,5.3,6.0,6.5,4.3,6.8,5.8,5.1,4.5,12.1,3.6,6.5,88.4,24.3,15.0
45.4,44.6,46.2,59.5,61.0,58.0,42.7,40.8,44.6,58.3,58.6,58.0,0.595,7.04,0.19,5.81,7.11,9.25,0.169,4.87,3.49,0.0407,0.282,0.626,50.0,37,110,35,400,4.2,12.0,4.3,5.4,7.3,6.6,4.3,6.2,5.6,4.5,5.0,11.2,4.2,7.5,88.3,25.8,15.1
46.4,47.2,45.6,48.3,49.2,47.4,42.0,42.8,41.2,44.9,42.6,47.2,0.618,7.37,0.199,6.12,7.45,9.65,0.176,5.23,3.69,0.0428,0.292,0.664,49.5,36,88,31,400,4.1,10.4,4.1,5.7,6.2,6.2,5.8,5.8,5.4,5.1,6.3,11.2,4.1,7.4,87.8,24.5,15.5
44.3,43.4,45.2,58.7,59.8,57.6,48.1,51.4,44.8,66.6,65.8,67.4,0.516,6.2,0.163,5.2,6.07,8.19,0.147,4.35,3.0,0.04,0.253,0.536,90.7,80,210,79,400,60.9,10.1,5.71,6.14,6.29,5.29,6.57,6.43,3.43,5.43,6.57,14.4,4.0,8.43,150.0,11.9,4.38
42.2,43.0,41.4,60.0,60.4,59.6,43.0,43.2,42.8,68.6,67.6,69.6,0.523,6.24,0.165,5.17,6.18,8.25,0.149,4.35,3.01,0.0411,0.249,0.543,78.1,63,180,47,400,33.2,11.5,5.9,5.8,5.6,5.5,5.8,6.9,4.9,5.7,6.6,13.8,4.0,8.7,124.0,18.2,7.21
43.0,41.8,44.2,65.7,67.0,64.4,40.2,37.6,42.8,57.8,58.4,57.2,0.519,6.34,0.165,5.25,6.05,8.1,0.148,4.31,3.05,0.0413,0.251,0.546,71.1,56,92,32,400,3.2,12.2,4.6,5.0,4.2,5.4,5.3,5.5,6.4,4.3,5.1,10.6,3.1,7.2,82.1,23.9,11.2
42.7,43.6,41.8,59.8,61.0,58.6,42.4,40.6,44.2,69.2,67.2,71.2,0.519,6.32,0.166,5.29,6.08,8.12,0.145,4.34,3.07,0.0414,0.253,0.532,66.8,52,100,35,400,4.3,11.4,3.9,5.6,4.4,7.0,5.9,4.2,6.7,3.9,4.9,10.5,3.4,8.1,84.2,29.8,15.2
44.3,43.2,45.4,60.8,62.2,59.4,43.2,41.2,45.2,65.0,63.6,66.4,0.497,6.2,0.158,5.31,6.01,8.15,0.139,4.31,3.0,0.0411,0.25,0.544,62.9,47,100,34,400,3.9,10.7,4.3,4.3,4.3,7.1,6.6,4.1,7.5,5.7,5.9,9.8,2.8,8.2,85.2,28.0,16.1
43.5,43.8,43.2,62.0,65.4,58.6,42.2,41.8,42.6,59.8,60.4,59.2,0.484,6.23,0.162,5.4,5.99,8.14,0.142,4.31,3.06,0.0404,0.255,0.54,61.1,46,100,34,400,3.6,10.8,4.6,4.6,5.1,5.6,6.5,4.8,7.4,5.7,6.9,11.7,2.5,7.1,86.9,28.9,17.1
43.6,41.4,45.8,59.5,62.4,56.6,40.3,39.2,41.4,64.5,63.2,65.8,0.496,6.3,0.16,5.39,5.96,8.19,0.141,4.34,3.1,0.0405,0.251,0.533,58.6,44,100,33,400,3.6,9.6,6.3,5.4,6.2,4.8,5.7,5.2,5.6,5.2,6.0,13.4,3.9,6.7,87.6,29.9,18.2
44.2,46.2,42.2,58.6,58.8,58.4,42.8,43.6,42.0,68.4,68.0,68.8,0.49,6.31,0.164,5.41,5.85,8.04,0.143,4.33,3.04,0.0415,0.251,0.55,56.9,43,87,32,400,3.6,9.4,6.1,4.7,6.7,5.7,4.9,5.6,5.4,5.6,5.3,10.7,3.4,6.3,83.4,29.4,17.2
43.9,44.2,43.6,62.9,63.4,62.4,44.4,44.0,44.8,55.6,53.8,57.4,0.512,6.25,0.161,5.46,5.85,8.13,0.141,4.33,3.04,0.0416,0.25,0.545,55.6,42,95,33,400,3.8,11.5,4.9,4.8,5.6,5.5,4.6,5.7,5.1,6.4,5.8,10.2,3.3,7.6,84.8,28.8,15.9
44.8,45.6,44.0,58.7,57.8,59.6,41.5,43.4,39.6,59.1,59.4,58.8,0.499,6.25,0.163,5.51,5.78,8.05,0.142,4.36,3.08,0.0413,0.249,0.554,55.3,42,110,38,400,3.6,14.1,5.9,5.5,5.4,4.5,4.9,5.7,4.6,6.4,5.7,11.7,4.4,7.8,90.2,28.6,17.7
45.2,42.6,47.8,56.4,57.6,55.2,44.8,48.0,41.6,59.4,58.6,60.2,0.494,6.27,0.163,5.53,5.82,8.09,0.143,4.32,3.04,0.0417,0.247,0.549,54.2,41,120,36,400,4.2,12.1,5.9,5.9,5.7,5.0,4.6,7.0,4.7,5.6,5.1,11.4,3.5,7.8,88.5,26.9,16.3
43.0,41.2,44.8,62.9,65.8,60.0,56.4,54.8,58.0,59.3,58.4,60.2,0.506,6.3,0.16,5.55,5.71,8.08,0.143,4.31,3.07,0.0406,0.825,0.551,53.6,40,110,34,400,4.4,11.5,5.6,5.8,4.6,5.1,5.0,6.5,4.2,5.1,6.3,12.0,3.7,8.6,88.4,26.2,15.4
42.9,42.0,43.8,61.5,63.6,59.4,46.3,47.4,45.2,59.8,59.0,60.6,0.493,6.33,0.16,5.6,5.69,8.04,0.139,4.39,3.09,0.0418,0.817,0.538,53.3,40,110,37,400,4.0,11.4,6.2,5.9,4.9,5.0,5.3,5.6,4.5,5.4,6.9,12.8,4.0,7.7,89.6,26.4,16.0
44.5,44.0,45.0,56.3,56.8,55.8,43.7,44.2,43.2,62.9,60.2,65.6,0.483,6.3,0.157,5.65,5.64,8.01,0.138,4.34,3.02,0.0417,0.822,0.54,52.5,40,100,35,400,4.1,9.7,6.0,5.0,5.3,4.7,5.5,6.2,4.7,4.6,6.3,12.2,3.5,7.4,85.2,26.0,16.3
46.0,46.8,45.2,65.6,67.2,64.0,46.1,44.0,48.2,57.7,55.4,60.0,0.482,6.33,0.158,5.56,5.66,8.11,0.139,4.22,3.03,0.0419,0.825,0.536,51.9,39,90,33,400,4.3,9.6,5.8,4.8,5.3,5.2,5.5,7.4,4.1,3.7,6.3,11.1,3.2,8.7,85.0,27.7,15.4
44.0,41.8,46.2,58.7,60.0,57.4,40.8,40.0,41.6,61.7,62.0,61.4,0.479,6.32,0.158,5.66,5.59,8.11,0.141,4.32,3.02,0.042,0.825,0.543,51.7,39,110,33,400,4.7,9.7,5.7,5.1,5.7,6.1,4.9,6.6,3.3,5.5,5.8,10.9,3.1,7.9,85.0,28.4,16.7
44.7,44.6,44.8,59.0,60.0,58.0,44.9,46.2,43.6,61.6,62.0,61.2,0.499,6.62,0.165,6.03,5.94,8.53,0.15,4.5,3.16,0.0413,0.834,0.574,51.3,39,110,35,400,4.8,10.9,6.1,4.7,5.9,6.1,4.7,5.3,4.4,6.6,5.0,11.6,3.7,7.5,87.3,27.6,16.8
43.8,43.4,44.2,57.2,58.0,56.4,42.0,39.8,44.2,54.0,52.8,55.2,0.516,6.93,0.17,6.37,6.31,9.02,0.156,4.75,3.36,0.0417,0.847,0.603,50.9,38,100,34,400,4.4,12.0,5.6,5.5,6.0,6.1,5.9,4.8,5.9,5.2,5.7,11.2,2.9,7.8,89.0,26.2,16.0
45.8,44.2,47.4,57.8,57.8,57.8,43.4,44.0,42.8,59.0,58.0,60.0,0.545,7.3,0.172,6.68,6.6,9.35,0.163,5.01,3.53,0.0428,0.853,0.641,50.6,38,100,33,400,3.4,13.3,4.9,6.1,6.2,6.9,5.9,4.8,5.9,5.3,6.5,10.0,2.1,7.2,88.5,26.8,16.1
42.3,40.8,43.8,42.5,40.8,44.2,43.9,43.4,44.4,47.9,43.2,52.6,0.59,7.7,0.185,6.99,6.91,9.83,0.172,5.26,3.69,0.0429,0.87,0.668,50.4,38,100,35,400,3.4,13.9,6.5,4.9,6.1,5.8,4.8,5.0,6.0,5.8,5.7,10.2,3.0,8.1,89.2,24.4,15.7
