Avg Host Node1 CPU Usage,Host Node1 CPU 0 Usage,Host Node1 CPU 1 Usage,Avg Host Node2 CPU Usage,Host Node2 CPU 0 Usage,Host Node2 CPU 1 Usage,Avg Host Node3 CPU Usage,Host Node3 CPU 0 Usage,Host Node3 CPU 1 Usage,Avg Host Node4 CPU Usage,Host Node4 CPU 0 Usage,Host Node4 CPU 1 Usage,currencyservice CPU Usage,emailservice CPU Usage,frontend 1 CPU Usage,frontend 2 CPU Usage,loadgenerator CPU Usage,paymentservice CPU Usage,productcatalogservice CPU Usage,recommendationservice 1 CPU Usage,recommendationservice 2 CPU Usage,redis-cart CPU Usage,shippingservice CPU Usage,Average Response Time,Median Response Time,Current Response Time Percentile 95,Current Response Time Percentile 50,Number of Users,current_rps GET /product/0PUK6V6EV0,current_rps GET /product/1YMWWN1N4O,adservice CPU Usage,current_rps GET /product/2ZYFJ3GM2N,current_rps GET /product/66VCHSJNUP,current_rps GET /product/6E92ZMYYFZ,current_rps GET /product/9SIQT8TOJO,current_rps GET /product/L9ECAV7KIM,current_rps GET /product/LS4PSXUNUM,current_rps GET /product/OLJCESPC7Z,current_rps POST /cart,current_rps POST /cart/checkout,current_rps POST /setCurrency,current_rps Aggregated,StressNG 1 CPU Usage,StressNG 2 CPU Usage,StressNG 3 CPU Usage,StressNG 4 CPU Usage
28.2,31.6,24.8,6.300000000000001,3.0,9.600000000000001,25.8,28.2,23.4,24.9,24.8,25.0,0.0151,0.0345,0.0108,0.00846,1.99,0.01,0.00736,0.0362,0.0388,0.224,0.0106,11.7,9,23,9,200,3.33,3.33,0.0354,3.33,2.67,2.67,4.17,4.0,2.67,3.17,6.5,2.67,3.83,85.7,0.0,0.0,0.0,0.0
25.9,25.6,26.2,8.0,11.2,4.800000000000001,25.0,23.2,26.8,28.2,28.6,27.8,0.0162,0.0345,0.0112,0.00798,2.08,0.00888,0.00791,0.0362,0.0389,0.224,0.0106,11.7,9,25,9,200,3.0,3.0,0.0362,3.2,2.5,2.6,3.7,4.1,2.7,2.8,5.9,2.3,3.7,66.4,1.05,0.0,0.0,0.0
26.0,26.8,25.2,6.800000000000001,9.0,4.600000000000001,24.7,24.6,24.8,28.2,30.4,26.0,0.0162,0.0344,0.0109,0.00754,2.19,0.00888,0.00733,0.0361,0.0389,0.227,0.0105,11.7,9,26,9,200,3.7,2.2,0.0361,3.6,2.3,2.3,2.7,3.4,2.8,2.6,5.8,1.8,3.9,43.7,1.05,0.894,0.0,0.0
25.1,26.8,23.4,6.399999999999999,9.399999999999999,3.3999999999999986,25.2,24.8,25.6,24.5,28.0,21.1,0.0162,0.0346,0.0113,0.00702,2.26,0.00961,0.00791,0.0362,0.039,0.225,0.0101,11.6,9,27,9,200,4.0,2.2,0.0351,3.5,2.3,2.7,2.9,3.3,3.3,3.0,7.7,2.8,4.4,48.6,1.05,0.894,0.0,5.8
29.8,26.6,33.0,9.899999999999999,13.0,6.800000000000001,25.0,21.6,28.4,26.9,31.8,22.0,0.0147,0.0345,0.011,0.00829,2.33,0.0089,0.00735,0.0363,0.0387,0.224,0.0111,11.5,9,25,9,200,2.6,2.2,0.0358,2.2,3.4,3.2,2.0,3.5,2.5,2.6,6.4,2.5,4.7,46.6,0.0,1.64,0.0,5.8
24.0,24.8,23.2,10.100000000000001,9.8,10.399999999999999,23.7,22.8,24.6,26.2,28.2,24.2,0.0158,0.0346,0.0113,0.00801,2.42,0.00958,0.00741,0.0362,0.0389,0.225,0.0112,11.3,9,24,8,200,2.4,2.6,0.0345,2.6,3.3,3.2,2.3,2.8,1.7,2.6,4.9,1.5,4.5,43.1,0.0,0.742,0.0,8.12
27.0,24.0,30.0,8.3,12.2,4.399999999999999,25.1,20.0,30.2,26.7,27.6,25.8,0.0114,0.0345,0.00809,0.00807,2.43,0.00884,0.00705,0.0362,0.0387,0.224,0.011,11.1,9,24,8,200,2.8,3.1,0.0354,3.3,2.9,2.8,2.8,1.6,2.6,3.2,5.5,1.9,3.3,43.1,0.0,0.742,0.0,3.48
26.5,28.8,24.2,6.300000000000001,7.600000000000001,5.0,24.3,20.2,28.4,26.5,24.4,28.6,0.0129,0.0343,0.00867,0.00794,2.52,0.00961,0.0084,0.0361,0.0385,0.224,0.0112,11.0,9,24,9,200,3.1,2.9,0.0355,3.0,2.8,2.2,2.3,2.2,2.5,3.7,5.4,2.0,4.0,44.1,0.0,0.0,0.0,4.64
25.1,26.8,23.4,7.899999999999999,10.600000000000001,5.199999999999999,24.0,22.4,25.6,26.5,30.0,23.0,0.012,0.0345,0.00845,0.0081,2.57,0.00878,0.00833,0.0359,0.0388,0.225,0.0112,10.9,9,23,9,200,2.8,2.9,0.0341,2.8,2.3,2.7,1.8,2.6,1.4,3.4,5.0,2.2,5.0,42.2,0.655,0.0,0.0,3.49
27.8,26.6,29.0,8.600000000000001,5.600000000000001,11.600000000000001,24.2,19.8,28.6,26.8,31.8,21.8,0.012,0.0344,0.00896,0.00822,2.68,0.00952,0.00842,0.0359,0.0388,0.226,0.0113,10.9,9,25,9,200,2.2,2.8,0.034,3.4,2.2,3.1,1.9,2.4,1.8,2.7,4.9,1.6,4.2,40.9,0.655,0.0,0.0,3.49
29.8,27.4,32.2,6.600000000000001,10.600000000000001,2.6000000000000014,26.7,25.0,28.4,27.6,21.0,34.2,0.0122,0.0342,0.00841,0.00813,2.79,0.00881,0.00707,0.036,0.0387,0.228,0.0109,11.1,9,28,10,200,2.8,2.6,0.0346,2.8,2.0,2.7,2.6,3.4,2.6,2.6,5.8,1.3,5.0,44.7,1.21,0.0,0.0,3.5
25.4,25.8,25.0,9.2,5.399999999999999,13.0,24.6,19.4,29.8,26.2,28.0,24.4,0.0122,0.0345,0.0087,0.00822,2.85,0.00956,0.0076,0.0359,0.0386,0.227,0.0114,11.0,9,24,9,200,3.3,3.5,0.0351,2.8,2.5,3.0,2.2,3.8,2.5,2.4,7.0,2.1,5.4,47.7,0.555,0.0,0.0,2.32
27.2,29.0,25.4,7.699999999999999,11.8,3.6000000000000014,23.8,25.2,22.4,26.7,29.8,23.6,0.0132,0.034,0.00818,0.0087,2.91,0.0097,0.00706,0.0361,0.0385,0.227,0.0108,10.9,9,22,8,200,3.1,3.8,0.0337,2.9,2.6,2.7,2.2,4.0,2.4,3.2,7.3,2.5,4.1,47.0,0.555,0.0,0.0,3.46
24.4,22.6,26.2,9.2,9.399999999999999,9.0,23.0,21.0,25.0,27.7,26.6,28.8,0.0133,0.034,0.00891,0.0075,2.98,0.00896,0.0076,0.0359,0.0386,0.227,0.0113,10.8,9,25,8,200,2.5,2.9,0.0347,2.3,3.1,1.8,2.4,3.2,2.7,3.5,6.1,2.3,4.2,43.2,0.0,0.0,0.0,3.43
27.1,29.0,25.2,6.800000000000001,10.8,2.8000000000000007,24.1,25.0,23.2,26.5,21.2,31.8,0.0123,0.034,0.00766,0.00742,3.04,0.00896,0.007,0.036,0.0387,0.227,0.0107,10.8,9,24,9,200,3.5,2.6,0.0332,2.3,2.8,1.9,2.8,2.5,3.0,3.2,5.2,2.0,4.6,42.6,0.946,0.754,0.0,4.45
30.6,29.8,31.4,7.5,7.600000000000001,7.399999999999999,25.5,23.4,27.6,29.3,31.1,27.5,0.0138,0.0341,0.00884,0.00789,3.13,0.00891,0.00751,0.0359,0.0389,0.23,0.0113,10.9,9,27,10,200,3.9,3.2,0.0333,2.7,2.2,2.7,3.1,2.8,2.8,2.1,5.5,1.9,4.2,43.4,0.946,1.71,0.0,2.92
26.0,28.6,23.4,7.100000000000001,3.6000000000000014,10.600000000000001,26.0,28.2,23.8,27.3,28.7,25.9,0.0125,0.0341,0.00854,0.00787,3.26,0.00975,0.00699,0.0361,0.0384,0.226,0.0106,11.0,9,27,9,200,3.5,2.7,0.0342,2.9,2.0,3.5,2.2,3.5,3.0,2.1,6.7,2.1,3.7,44.7,0.946,1.71,0.0,3.17
25.7,25.8,25.6,6.300000000000001,5.199999999999999,7.399999999999999,25.3,28.0,22.6,24.5,26.0,23.0,0.0135,0.034,0.00894,0.00753,3.44,0.00975,0.00757,0.036,0.0388,0.226,0.0108,11.0,9,27,9,200,3.3,2.1,0.0332,2.2,2.4,3.9,1.7,3.8,3.5,3.0,6.8,2.0,4.1,45.5,0.0,0.955,0.0,2.15
25.8,24.4,27.2,8.5,7.0,10.0,24.5,26.6,22.4,29.4,26.2,32.6,0.0124,0.034,0.00858,0.0078,3.63,0.00963,0.00692,0.0359,0.0382,0.227,0.0107,11.0,9,27,9,200,2.8,2.6,0.034,2.2,3.4,3.4,2.1,2.6,2.8,2.3,5.7,1.9,4.8,43.2,0.00126,0.0,0.0,3.52
31.4,30.6,32.2,7.699999999999999,9.2,6.199999999999999,28.4,31.4,25.4,32.9,37.2,28.6,0.0122,0.034,0.00866,0.00709,3.3,0.00883,0.00729,0.0359,0.0384,0.227,0.0116,11.2,9,23,9,300,3.0,7.4,0.0339,4.2,6.4,6.8,6.4,5.2,5.4,4.4,8.4,2.6,6.0,141.0,0.0,0.0,0.0,0.0
28.2,26.4,30.0,7.199999999999999,4.399999999999999,10.0,24.3,24.8,23.8,26.8,26.4,27.2,0.0134,0.034,0.00884,0.00643,3.42,0.0096,0.00857,0.0359,0.0386,0.229,0.0106,11.3,9,25,9,300,3.9,5.3,0.0342,3.5,4.2,4.9,4.9,4.1,4.8,4.2,6.5,1.6,5.2,96.0,0.0,0.0,0.0,0.0
28.8,25.8,31.8,8.399999999999999,6.199999999999999,10.600000000000001,26.2,26.0,26.4,28.2,30.8,25.6,0.0123,0.0339,0.00842,0.00634,3.45,0.00892,0.00795,0.0358,0.0387,0.228,0.0104,11.2,9,26,9,300,4.4,3.7,0.0339,3.0,3.5,3.9,3.0,4.1,4.7,3.5,6.4,1.8,6.0,59.4,0.0,0.0,0.0,0.0
26.8,23.4,30.2,6.399999999999999,12.399999999999999,0.40000000000000036,25.2,27.2,23.2,32.7,31.4,34.0,0.0134,0.0339,0.00912,0.00759,3.6,0.00979,0.00844,0.0361,0.0388,0.228,0.0107,11.0,9,24,9,300,3.7,4.6,0.0334,3.8,5.0,4.6,2.9,4.6,4.6,4.5,8.6,2.5,6.5,66.8,0.972,0.0,0.0,7.17
31.8,35.4,28.2,8.100000000000001,6.0,10.2,26.8,29.2,24.4,28.4,27.6,29.2,0.0118,0.034,0.00864,0.00765,3.66,0.00979,0.0076,0.0362,0.0389,0.229,0.0105,11.2,9,27,9,300,4.1,4.3,0.0343,4.4,4.5,4.1,3.5,4.8,4.0,4.7,9.2,2.7,5.6,67.0,0.972,1.94,0.0,8.54
28.3,28.4,28.2,7.5,10.600000000000001,4.399999999999999,25.3,23.8,26.8,27.9,27.8,28.0,0.0118,0.0339,0.0088,0.00747,3.81,0.00979,0.00716,0.0364,0.039,0.229,0.0106,11.2,9,27,9,300,4.2,3.8,0.0345,3.9,3.5,4.2,3.9,4.7,3.8,4.3,9.7,3.8,5.5,67.1,0.972,1.94,0.0,9.79
28.8,28.6,29.0,6.399999999999999,4.399999999999999,8.399999999999999,25.4,28.4,22.4,32.7,33.0,32.4,0.0128,0.0339,0.00836,0.00796,3.78,0.00904,0.00708,0.0363,0.0391,0.23,0.0104,11.2,9,27,9,300,3.5,3.9,0.0344,4.1,4.1,4.3,4.5,3.4,4.7,5.1,10.2,3.9,5.7,69.9,0.0,1.94,0.0,3.83
31.2,34.2,28.2,9.899999999999999,15.600000000000001,4.199999999999999,26.4,25.0,27.8,29.8,30.0,29.6,0.0117,0.0338,0.00815,0.00762,3.93,0.00976,0.0077,0.0362,0.0393,0.228,0.0105,11.2,9,27,9,300,3.5,4.1,0.0336,4.7,4.9,3.8,4.0,3.6,4.6,5.1,9.7,3.1,6.2,69.1,0.0,0.0,0.0,5.26
28.9,28.4,29.4,6.199999999999999,5.800000000000001,6.600000000000001,26.3,25.2,27.4,29.0,27.8,30.2,0.0127,0.0336,0.00822,0.00808,3.97,0.00901,0.00716,0.0363,0.0392,0.23,0.0109,11.3,9,28,9,300,3.5,5.3,0.0344,4.6,5.3,4.0,3.9,4.6,3.3,5.1,9.7,2.8,5.8,67.1,0.653,0.658,0.0,5.36
26.8,23.6,30.0,7.300000000000001,10.2,4.399999999999999,26.3,27.8,24.8,28.4,26.5,30.3,0.0127,0.0337,0.0086,0.00771,4.05,0.00903,0.00782,0.0361,0.0392,0.229,0.011,11.3,9,28,9,300,4.1,5.4,0.0347,4.6,4.9,4.8,3.7,4.7,3.8,4.9,9.5,2.9,5.2,67.3,0.653,0.658,0.0,5.52
31.9,31.8,32.0,9.8,11.399999999999999,8.2,25.9,27.4,24.4,29.5,27.3,31.7,0.0115,0.0338,0.00793,0.00796,4.09,0.00903,0.00728,0.0362,0.0393,0.228,0.0105,11.2,9,25,9,300,4.3,4.2,0.0336,4.7,4.0,4.4,3.1,4.7,4.0,4.7,8.6,2.5,6.4,65.8,0.653,0.658,0.0,4.1
28.2,28.0,28.4,7.300000000000001,3.8000000000000007,10.8,25.4,29.0,21.8,28.9,24.0,33.8,0.0138,0.0339,0.00848,0.00804,4.26,0.00975,0.00786,0.036,0.0391,0.226,0.0109,11.2,9,23,9,300,4.7,4.0,0.0344,4.8,4.5,5.2,3.1,4.2,3.6,5.0,8.8,2.8,6.2,66.8,0.0,0.968,0.0,4.97
28.6,25.6,31.6,5.600000000000001,1.0,10.2,26.3,26.6,26.0,29.3,34.8,23.8,0.0123,0.0336,0.00711,0.00768,4.32,0.00904,0.00735,0.036,0.0391,0.227,0.0103,11.1,9,24,9,300,4.9,4.3,0.0348,4.7,4.6,5.2,2.7,4.2,4.1,4.7,9.6,3.8,4.9,68.7,0.556,0.968,0.0,5.56
28.5,28.6,28.4,6.899999999999999,2.6000000000000014,11.2,25.4,27.4,23.4,31.2,28.4,34.0,0.0133,0.0336,0.00699,0.00773,4.44,0.00897,0.00783,0.036,0.0394,0.227,0.0102,11.2,9,27,9,300,3.7,4.4,0.0338,4.4,4.7,3.8,3.6,4.1,4.9,4.1,10.5,4.2,5.5,70.3,0.556,0.968,0.0,5.31
32.4,34.4,30.4,12.3,16.0,8.600000000000001,25.0,30.0,20.0,29.2,30.4,28.0,0.0123,0.0336,0.00779,0.00818,4.53,0.00897,0.00777,0.0358,0.0391,0.229,0.0106,11.2,9,28,9,300,3.8,3.8,0.0348,3.9,5.1,4.1,4.2,3.9,4.6,3.5,11.2,4.6,6.5,71.4,0.556,0.0,0.0,4.2
28.3,29.8,26.8,6.399999999999999,6.199999999999999,6.600000000000001,24.9,28.0,21.8,28.1,30.0,26.2,0.0123,0.0336,0.00818,0.00782,4.59,0.009,0.00781,0.0359,0.0396,0.228,0.0107,11.2,9,26,9,300,4.8,3.6,0.0341,5.2,5.3,4.0,3.8,4.7,4.0,3.7,10.3,4.4,6.3,71.0,0.0,0.958,0.0,3.52
29.3,30.6,28.0,6.800000000000001,3.3999999999999986,10.2,26.3,26.0,26.6,30.9,27.2,34.6,0.0123,0.0338,0.00779,0.00773,4.81,0.0102,0.00717,0.036,0.0396,0.23,0.00989,11.2,9,28,9,300,4.7,4.3,0.0349,4.4,4.3,3.7,4.0,4.3,5.2,4.2,8.7,3.4,4.4,66.0,0.931,0.958,0.0,4.94
27.4,25.8,29.0,8.100000000000001,6.600000000000001,9.600000000000001,23.7,24.2,23.2,31.2,33.4,29.0,0.0139,0.034,0.00829,0.0077,5.07,0.009,0.00785,0.036,0.0399,0.229,0.00955,11.2,9,28,9,300,4.5,4.3,0.0347,3.0,4.0,4.0,4.2,4.1,5.9,4.0,7.5,2.4,5.2,64.5,0.931,0.958,0.0,5.31
31.2,34.6,27.8,6.600000000000001,4.199999999999999,9.0,26.1,22.8,29.4,29.5,28.2,30.8,0.0129,0.0339,0.00799,0.00796,5.3,0.009,0.00726,0.0359,0.0397,0.23,0.0099,11.1,9,24,9,300,4.6,4.0,0.0338,3.4,3.9,5.3,4.0,4.3,4.5,4.2,8.2,2.6,6.0,64.8,0.931,0.0,0.0,5.34
39.9,42.1,37.7,7.600000000000001,5.399999999999999,9.8,30.3,29.8,30.8,34.3,35.2,33.4,0.0129,0.0338,0.00754,0.00752,4.79,0.00888,0.00723,0.0356,0.0401,0.23,0.0107,10.9,8,26,8,400,6.75,4.75,0.0427,6.75,5.75,5.75,5.75,6.75,6.0,7.5,11.5,3.5,8.25,173.0,1.06,1.13,0.0,0.0
30.6,30.7,30.5,7.5,10.8,4.199999999999999,24.3,21.6,27.0,31.5,34.4,28.6,0.0129,0.0338,0.00809,0.00804,4.93,0.00882,0.00726,0.0356,0.0401,0.23,0.0108,11.0,9,26,9,400,5.44,5.11,0.0418,6.0,5.11,6.33,6.22,5.67,4.78,5.44,12.0,3.44,8.0,134.0,1.06,1.13,0.0,0.0
32.8,34.6,31.0,6.100000000000001,8.8,3.3999999999999986,27.4,31.0,23.8,33.1,38.8,27.4,0.0139,0.0338,0.00795,0.00793,4.91,0.00882,0.00718,0.0357,0.0398,0.227,0.0106,11.3,9,29,9,400,5.9,4.8,0.0418,6.2,4.4,6.7,5.4,4.7,5.0,3.9,11.4,4.2,7.4,95.6,0.00026,0.000222,0.0,6.11
29.7,31.4,28.0,9.399999999999999,15.0,3.8000000000000007,25.6,30.6,20.6,32.1,34.4,29.8,0.0129,0.0337,0.00833,0.00803,5.02,0.00959,0.00783,0.0359,0.0397,0.227,0.0107,11.5,9,31,10,400,5.7,4.1,0.0637,6.8,3.9,5.7,4.7,5.6,6.4,4.7,10.6,3.9,7.4,86.1,0.0,0.883,0.0,8.78
30.1,31.4,28.8,5.600000000000001,6.0,5.199999999999999,25.7,28.6,22.8,30.5,31.8,29.2,0.0139,0.0338,0.00848,0.00829,5.07,0.00972,0.00721,0.0359,0.0395,0.226,0.0106,11.5,9,28,9,400,6.0,5.0,0.0637,5.8,5.2,4.9,5.9,5.7,5.8,5.4,10.9,3.8,7.1,87.4,0.0,0.883,0.0,10.1
31.1,31.6,30.6,10.2,11.8,8.600000000000001,25.5,28.4,22.6,33.8,31.8,35.8,0.0129,0.034,0.00843,0.00798,5.14,0.00972,0.00776,0.036,0.0396,0.226,0.0101,11.6,9,28,10,400,5.6,5.7,0.0627,4.3,6.1,5.4,6.1,5.6,5.3,4.9,9.8,3.4,6.5,84.0,0.0,1.47,0.0,6.43
32.2,31.6,32.8,6.600000000000001,3.6000000000000014,9.600000000000001,26.3,28.8,23.8,30.3,32.8,27.8,0.0131,0.0338,0.00805,0.00837,5.17,0.00884,0.0071,0.0359,0.0399,0.228,0.01,11.5,9,27,9,400,3.8,5.4,0.0635,4.3,5.8,5.8,5.7,5.9,5.1,4.7,9.7,2.9,7.7,81.3,0.0,1.47,0.0,5.11
31.1,29.2,33.0,9.399999999999999,5.800000000000001,13.0,26.5,30.4,22.6,34.0,28.8,39.2,0.0141,0.034,0.00843,0.00806,5.4,0.00962,0.0071,0.0359,0.0397,0.229,0.0101,11.5,9,26,9,400,5.1,6.5,0.0637,4.5,7.0,5.6,6.2,4.9,4.5,4.9,11.3,3.8,8.8,88.2,0.0,1.47,0.0,6.76
32.3,35.6,29.0,7.300000000000001,6.0,8.600000000000001,27.0,28.4,25.6,29.2,29.4,29.0,0.0119,0.0339,0.00787,0.00801,5.34,0.00891,0.00758,0.0361,0.0399,0.228,0.00999,11.5,9,26,9,400,6.3,7.2,0.064,4.4,6.4,5.7,5.6,5.1,4.9,4.8,11.9,3.9,7.2,89.1,0.0,1.7,0.0,5.21
33.4,34.4,32.4,6.899999999999999,4.199999999999999,9.600000000000001,24.6,23.6,25.6,33.4,30.0,36.8,0.0134,0.0339,0.00834,0.00842,5.49,0.00968,0.00771,0.0361,0.0398,0.23,0.0102,11.4,9,25,9,400,6.4,6.0,0.0637,5.3,5.8,5.7,4.2,5.6,5.8,4.4,12.0,4.7,5.9,87.5,0.0,0.822,0.0,6.21
30.7,33.0,28.4,9.5,14.2,4.800000000000001,25.0,24.0,26.0,30.9,29.6,32.2,0.0123,0.034,0.00834,0.00837,5.52,0.0089,0.00771,0.0359,0.0399,0.229,0.0107,11.4,9,25,9,400,5.4,4.8,0.0638,6.4,6.4,5.5,4.4,5.9,5.8,4.3,12.1,4.9,8.3,89.8,0.0,1.76,0.0,5.35
30.2,29.6,30.8,7.0,9.0,5.0,25.7,25.2,26.2,31.9,30.2,33.6,0.0141,0.034,0.00763,0.00792,5.54,0.00959,0.00723,0.0362,0.0399,0.228,0.0102,11.4,9,27,9,400,4.6,4.0,0.0626,7.8,5.3,6.1,5.6,5.6,5.2,4.3,12.3,4.1,9.8,90.5,1.26,0.94,0.0,6.6
32.8,31.4,34.2,7.199999999999999,10.8,3.6000000000000014,27.2,27.8,26.6,32.7,29.8,35.6,0.0141,0.0338,0.00837,0.00818,5.67,0.00885,0.00719,0.0361,0.0397,0.228,0.0107,11.5,9,29,9,400,5.1,4.4,0.0637,6.4,5.3,4.9,6.5,5.6,5.9,4.1,11.6,4.3,8.2,87.7,1.26,1.83,0.0,6.77
31.4,31.6,31.2,11.600000000000001,15.2,8.0,24.8,22.2,27.4,30.5,32.8,28.2,0.0152,0.0338,0.00877,0.00826,5.81,0.00767,0.00784,0.0361,0.0396,0.226,0.011,11.5,9,29,9,400,5.3,5.8,0.0626,5.6,6.0,4.0,6.5,6.3,5.7,3.9,11.5,4.2,6.8,86.9,1.26,0.895,0.0,6.12
32.2,33.4,31.0,7.100000000000001,2.6000000000000014,11.600000000000001,26.0,25.2,26.8,33.0,31.8,34.2,0.0126,0.0337,0.00827,0.00818,5.87,0.00873,0.00716,0.0359,0.0394,0.225,0.0109,11.5,9,27,10,400,6.1,5.3,0.0628,6.4,5.0,5.5,5.7,6.1,4.8,3.9,12.8,4.1,6.9,87.4,0.0,0.895,0.0,6.48
35.0,34.8,35.2,7.100000000000001,5.399999999999999,8.8,26.6,28.2,25.0,29.6,32.4,26.8,0.0137,0.0339,0.00875,0.00783,6.01,0.00957,0.00851,0.0362,0.0396,0.226,0.011,11.6,9,28,10,400,6.5,5.0,0.0689,6.2,4.5,5.7,5.1,6.7,4.9,4.4,11.6,4.3,8.2,87.7,0.996,0.0,0.0,5.37
31.8,34.0,29.6,6.0,5.0,7.0,26.8,25.8,27.8,33.1,31.4,34.8,0.0126,0.0341,0.00841,0.00833,6.24,0.00878,0.00846,0.0359,0.0395,0.229,0.0109,11.6,9,27,10,400,5.8,6.1,0.0676,6.1,5.5,5.6,5.1,5.9,6.3,4.1,10.8,4.3,8.4,90.3,0.996,0.0,0.0,6.45
34.6,35.2,34.0,7.600000000000001,5.199999999999999,10.0,23.9,25.2,22.6,29.8,33.0,26.6,0.0126,0.0343,0.00894,0.00778,6.61,0.00874,0.00856,0.0357,0.0392,0.226,0.0109,11.7,9,27,10,400,5.7,6.1,0.0677,5.0,5.6,5.5,5.1,4.9,6.7,4.8,10.5,3.8,8.2,87.6,0.996,2.04,0.0,5.27
31.0,31.4,30.6,7.300000000000001,4.600000000000001,10.0,26.7,25.2,28.2,32.9,32.2,33.6,0.0126,0.0343,0.00843,0.00854,6.9,0.00874,0.00856,0.0359,0.0393,0.227,0.0109,11.6,9,27,10,400,5.4,5.5,0.0683,4.6,5.0,5.3,4.9,4.8,5.9,6.4,9.4,3.2,7.1,83.1,0.0,2.04,0.0,6.41
26.9,27.2,26.6,7.300000000000001,2.6000000000000014,12.0,23.9,25.6,22.2,25.8,26.6,25.0,0.0124,0.0339,0.00887,0.00858,1.97,0.00851,0.00797,0.0359,0.0388,0.23,0.0104,8.62,6,18,6,200,3.17,3.67,0.0341,3.17,4.17,2.67,2.0,2.83,3.33,3.17,6.33,2.67,5.17,86.2,0.0,0.888,0.0,0.0
27.5,25.2,29.8,7.199999999999999,2.8000000000000007,11.600000000000001,26.8,24.8,28.8,27.2,29.6,24.8,0.0124,0.0338,0.00948,0.0108,2.08,0.00853,0.00776,0.0362,0.0388,0.232,0.0101,8.77,6,20,8,200,3.0,3.3,0.0351,2.8,3.1,3.4,2.7,3.2,3.0,2.9,5.6,2.1,4.5,66.4,0.0,0.888,0.0,0.0
28.1,28.2,28.0,8.899999999999999,4.199999999999999,13.600000000000001,24.6,26.0,23.2,31.5,33.8,29.2,0.0165,0.0339,0.00892,0.0114,2.15,0.00853,0.00764,0.0365,0.039,0.232,0.01,8.99,6,23,7,200,2.2,2.8,0.0352,2.5,2.3,3.0,3.5,3.2,3.2,3.4,6.0,1.3,3.3,44.2,0.0,0.0,0.0,0.0
25.2,23.2,27.2,6.0,6.399999999999999,5.600000000000001,25.6,21.0,30.2,25.4,24.1,26.7,0.0166,0.0344,0.00994,0.0108,2.22,0.0093,0.00818,0.0364,0.0393,0.233,0.0101,9.21,7,25,9,200,1.8,3.0,0.0345,2.7,2.8,1.9,3.7,2.6,3.4,3.8,6.6,1.6,2.9,44.1,0.944,0.0,0.0,0.0
28.7,30.6,26.8,8.0,8.8,7.199999999999999,25.0,23.8,26.2,26.9,23.9,29.9,0.0155,0.0341,0.00941,0.0113,2.28,0.00854,0.00808,0.0363,0.0391,0.231,0.00996,9.41,8,25,9,200,1.8,2.7,0.0356,2.9,3.1,1.5,2.8,2.5,2.5,3.1,4.6,1.7,3.6,41.0,0.944,0.771,0.0,6.87
25.3,24.4,26.2,10.7,8.399999999999999,13.0,23.8,25.2,22.4,27.5,26.2,28.8,0.0165,0.0345,0.0099,0.0114,2.38,0.00859,0.0077,0.0368,0.0392,0.231,0.01,9.41,8,22,9,200,2.5,2.1,0.0355,2.6,2.8,2.0,2.5,2.8,2.5,2.7,4.7,1.9,4.3,42.2,0.944,0.771,0.0,8.47
26.8,27.6,26.0,7.300000000000001,4.199999999999999,10.399999999999999,25.5,27.6,23.4,27.3,25.4,29.2,0.0155,0.0345,0.00964,0.0108,2.44,0.00859,0.0076,0.037,0.0393,0.232,0.00981,9.55,8,22,9,200,2.8,2.9,0.0353,2.3,3.0,2.1,2.9,2.4,3.1,2.5,6.0,1.8,4.4,43.9,0.859,0.771,0.0,9.63
25.5,22.2,28.8,8.2,11.399999999999999,5.0,24.5,23.6,25.4,27.8,28.8,26.8,0.0171,0.0341,0.00996,0.011,2.53,0.00861,0.00808,0.0372,0.0394,0.233,0.00993,9.6,8,22,9,200,2.8,3.7,0.0352,2.4,3.5,2.7,3.0,2.3,3.2,2.5,5.7,1.6,3.5,45.2,0.859,0.0,0.0,2.76
26.8,29.6,24.0,7.199999999999999,8.399999999999999,6.0,23.7,25.2,22.2,27.8,26.4,29.2,0.016,0.0344,0.00949,0.0113,2.56,0.00861,0.00749,0.0372,0.039,0.231,0.012,9.68,8,22,9,200,2.8,3.0,0.035,2.3,3.0,3.0,3.0,2.4,3.3,2.7,5.7,2.3,3.4,45.6,0.859,0.0,0.0,1.16
25.1,25.2,25.0,6.800000000000001,4.600000000000001,9.0,24.8,21.6,28.0,27.4,25.6,29.2,0.017,0.0343,0.00971,0.011,2.6,0.00867,0.00799,0.037,0.0391,0.231,0.0121,9.64,8,22,9,200,2.4,3.0,0.0342,3.7,3.0,2.3,1.9,2.3,2.8,2.7,5.6,2.7,4.2,44.5,0.0,0.0,0.0,2.43
28.7,27.8,29.6,10.0,17.200000000000003,2.8000000000000007,24.4,25.2,23.6,27.0,25.4,28.6,0.0159,0.034,0.00926,0.0115,2.71,0.00867,0.00799,0.0374,0.0389,0.231,0.012,9.67,8,22,8,200,2.2,2.4,0.0353,3.8,2.4,2.7,1.5,2.7,2.8,2.9,5.4,2.4,4.1,42.6,0.0,0.0,0.0,3.54
26.1,27.6,24.6,7.0,6.399999999999999,7.600000000000001,26.6,25.8,27.4,27.2,28.0,26.4,0.0169,0.0342,0.00966,0.0116,2.75,0.00937,0.00872,0.0375,0.0391,0.232,0.0121,9.58,8,23,8,200,2.6,2.1,0.0354,2.5,2.2,3.2,2.4,2.9,2.2,3.0,5.0,1.9,4.4,42.1,0.0,0.0,0.0,4.71
27.3,27.6,27.0,7.300000000000001,10.2,4.399999999999999,25.5,25.0,26.0,27.2,30.8,23.6,0.0169,0.0342,0.00932,0.0116,2.84,0.0101,0.00858,0.0377,0.039,0.229,0.0119,9.53,8,22,7,200,3.2,2.2,0.0353,2.6,2.6,2.9,2.1,3.1,2.0,2.6,5.3,2.0,4.2,42.6,0.0,0.0,0.0,4.15
29.6,28.2,31.0,6.699999999999999,4.600000000000001,8.8,24.3,28.2,20.4,26.2,23.2,29.2,0.0166,0.0343,0.00971,0.0102,2.92,0.00859,0.00862,0.0376,0.0391,0.229,0.012,9.52,8,22,8,200,3.2,1.9,0.0344,2.5,3.0,2.8,1.7,3.2,2.5,2.7,6.7,2.4,3.7,43.0,0.0,0.0,0.0,3.52
25.2,26.6,23.8,10.3,13.0,7.600000000000001,23.5,18.8,28.2,29.3,31.0,27.6,0.0155,0.0341,0.00916,0.0101,2.99,0.00934,0.00766,0.0377,0.0393,0.231,0.0119,9.51,8,22,8,200,2.3,2.5,0.0355,2.8,3.2,3.3,2.1,2.3,2.5,2.8,7.0,2.2,3.6,43.3,0.0,1.61,0.0,3.5
24.7,26.6,22.8,7.5,4.199999999999999,10.8,24.9,19.8,30.0,27.6,35.8,19.5,0.0166,0.0341,0.00992,0.0114,3.09,0.00862,0.0077,0.0377,0.039,0.23,0.0122,9.56,8,23,9,200,2.5,2.5,0.0355,2.8,3.0,3.2,2.7,1.8,3.1,2.4,6.7,2.3,4.8,44.3,1.47,1.61,0.0,3.36
27.4,23.4,31.4,7.0,2.3999999999999986,11.600000000000001,26.2,28.2,24.2,30.5,28.0,33.0,0.0157,0.0341,0.01,0.0117,3.27,0.00937,0.00705,0.0378,0.0389,0.232,0.0116,9.61,8,25,9,200,2.8,3.6,0.0359,2.8,3.0,3.0,3.3,2.1,3.3,2.3,6.2,2.2,5.4,46.4,1.47,1.61,0.0,4.38
26.2,28.4,24.0,7.399999999999999,5.800000000000001,9.0,23.9,28.2,19.6,23.4,26.6,20.2,0.0167,0.0344,0.0101,0.0113,3.41,0.00866,0.00705,0.038,0.0389,0.232,0.0117,9.61,8,26,8,200,2.1,4.0,0.0356,2.9,2.9,3.4,3.0,2.3,2.7,2.4,5.9,1.9,3.9,43.9,1.47,0.0,0.0,3.23
25.7,25.8,25.6,7.899999999999999,7.800000000000001,8.0,24.8,22.6,27.0,26.5,26.4,26.6,0.0152,0.034,0.00959,0.0116,3.57,0.00986,0.00759,0.038,0.0387,0.231,0.0116,9.66,8,23,9,200,1.9,2.9,0.0358,2.8,2.4,3.0,2.2,2.0,3.5,3.5,5.3,1.6,3.5,42.3,0.0,0.0,0.0,3.49
32.5,34.2,30.8,7.199999999999999,8.8,5.600000000000001,28.4,30.6,26.2,33.3,31.2,35.4,0.012,0.0334,0.00791,0.00884,3.34,0.00944,0.00727,0.0381,0.0384,0.23,0.0123,9.9,8,23,7,300,5.8,4.2,0.0343,4.8,5.4,5.8,5.2,7.6,6.0,5.8,15.2,5.0,7.8,154.0,1.01,0.0,0.0,0.0
27.5,22.8,32.2,7.5,9.600000000000001,5.399999999999999,27.3,27.0,27.6,27.8,24.8,30.8,0.012,0.0336,0.00791,0.00853,3.43,0.00944,0.00683,0.0383,0.0383,0.233,0.0125,10.2,8,26,9,300,4.9,3.8,0.0332,4.4,4.9,4.7,3.4,5.8,4.4,4.7,10.3,3.8,6.1,104.0,1.01,1.08,0.0,3.94
30.1,29.2,31.0,6.600000000000001,2.3999999999999986,10.8,25.6,28.6,22.6,28.5,25.0,32.0,0.011,0.0337,0.00788,0.00845,3.52,0.00868,0.00721,0.0379,0.0382,0.235,0.0124,10.3,8,26,9,300,4.6,3.6,0.0343,4.1,4.7,3.8,2.7,3.8,3.0,3.7,7.6,3.2,5.0,61.0,0.000254,1.08,0.0,6.18
27.7,25.8,29.6,6.5,4.199999999999999,8.8,26.1,24.8,27.4,32.5,31.8,33.2,0.011,0.0336,0.00832,0.00902,3.54,0.00942,0.00729,0.0377,0.0384,0.233,0.0127,10.3,8,25,9,300,4.5,3.5,0.0344,4.7,4.9,3.6,4.1,3.8,4.4,3.3,9.5,3.3,5.7,67.7,0.0,1.08,0.0,7.55
31.3,27.8,34.8,7.699999999999999,11.2,4.199999999999999,27.2,25.6,28.8,30.1,31.0,29.2,0.0121,0.0336,0.0079,0.0088,3.65,0.00866,0.00681,0.0375,0.0382,0.229,0.0125,10.5,8,26,9,300,3.9,3.5,0.0336,3.9,3.9,4.1,4.6,3.8,4.5,3.3,9.0,2.4,5.9,63.5,0.0,0.0,0.0,5.02
27.9,29.2,26.6,7.800000000000001,8.600000000000001,7.0,26.3,25.6,27.0,28.4,24.2,32.6,0.0131,0.0337,0.00851,0.00849,3.79,0.00944,0.00789,0.0375,0.0385,0.234,0.0105,10.7,9,27,9,300,4.5,4.0,0.0335,4.1,4.5,5.0,4.7,3.3,3.9,3.9,8.6,2.5,5.3,63.8,0.0,0.832,0.0,4.17
28.3,32.0,24.6,11.399999999999999,10.8,12.0,25.4,21.0,29.8,28.6,28.8,28.4,0.0121,0.0339,0.0083,0.00838,3.86,0.00865,0.0074,0.0376,0.0384,0.233,0.0107,10.7,9,28,9,300,4.0,4.3,0.0344,5.5,4.5,5.0,4.6,4.0,4.3,3.9,8.7,2.7,5.8,66.9,0.0,0.832,0.0,4.04
31.2,31.2,31.2,7.699999999999999,10.2,5.199999999999999,26.8,24.6,29.0,31.7,32.6,30.8,0.0193,0.0341,0.00882,0.00845,3.91,0.00938,0.00796,0.0373,0.0385,0.233,0.0104,10.7,9,26,9,300,3.5,3.2,0.0333,4.5,4.1,4.4,3.4,5.3,4.4,4.8,8.2,3.2,5.9,65.7,0.0,1.48,0.0,5.29
28.6,31.8,25.4,6.0,9.0,3.0,24.3,25.4,23.2,29.6,28.6,30.6,0.0183,0.034,0.00821,0.0089,4.05,0.00868,0.0067,0.0371,0.0385,0.235,0.0103,10.6,9,24,9,300,3.3,2.7,0.0343,3.9,5.1,3.8,3.9,4.7,4.8,5.3,7.6,3.4,5.5,66.2,0.0,0.645,0.0,5.26
31.6,30.0,33.2,8.100000000000001,8.8,7.399999999999999,25.7,25.4,26.0,28.7,24.6,32.8,0.0234,0.0343,0.00811,0.00872,4.18,0.00866,0.00686,0.0369,0.0386,0.237,0.011,10.6,9,24,9,300,4.3,3.0,0.0342,3.7,4.6,4.1,4.7,3.7,5.6,4.7,8.8,2.7,5.3,67.3,0.0,0.645,0.0,5.41
30.1,28.8,31.4,6.100000000000001,10.399999999999999,1.8000000000000007,26.1,23.8,28.4,28.1,26.2,30.0,0.0223,0.0343,0.00826,0.00857,4.25,0.00866,0.00732,0.0368,0.0386,0.233,0.0105,10.6,9,25,9,300,4.3,2.9,0.0343,3.9,3.3,4.6,3.2,4.2,4.8,4.2,8.7,2.5,5.0,63.3,0.835,1.0,0.0,4.11
30.1,29.8,30.4,7.899999999999999,11.8,4.0,26.9,24.8,29.0,28.1,25.6,30.6,0.0235,0.0345,0.00884,0.00922,4.33,0.00871,0.00682,0.0369,0.0385,0.233,0.0107,10.6,9,24,9,300,3.3,4.1,0.0329,4.7,3.8,4.2,3.3,4.0,4.0,4.1,8.2,2.7,5.7,64.5,0.835,1.0,0.0,4.12
28.4,28.4,28.4,10.100000000000001,5.199999999999999,15.0,26.5,28.6,24.4,29.1,27.6,30.6,0.0224,0.0346,0.00807,0.00915,4.49,0.00947,0.00729,0.0368,0.0384,0.233,0.0112,10.6,9,24,9,300,4.6,5.2,0.0339,3.5,5.8,4.3,3.6,4.0,4.5,3.7,8.2,2.7,5.9,67.0,0.835,1.0,0.0,4.63
31.0,32.2,29.8,6.300000000000001,9.8,2.8000000000000007,24.9,23.6,26.2,32.2,27.4,37.0,0.0234,0.0347,0.0086,0.0091,4.51,0.00872,0.0074,0.0366,0.0384,0.234,0.0112,10.6,9,25,9,300,3.8,4.9,0.033,3.3,5.5,4.6,3.4,4.8,5.5,3.2,8.8,3.2,5.6,66.3,0.649,0.0,0.0,4.97
29.1,29.2,29.0,6.399999999999999,10.2,2.6000000000000014,26.9,23.8,30.0,28.3,30.8,25.8,0.0224,0.0347,0.00805,0.00901,4.62,0.00952,0.0074,0.0366,0.0385,0.234,0.0111,10.6,9,26,9,300,3.8,4.3,0.0329,4.5,4.6,4.5,3.3,4.4,5.3,3.7,9.7,3.6,4.8,67.2,0.649,0.8,0.0,5.49
31.4,33.2,29.6,7.100000000000001,11.0,3.1999999999999993,25.6,30.2,21.0,32.0,34.2,29.8,0.0234,0.0351,0.00871,0.00916,4.79,0.00832,0.00684,0.0365,0.0386,0.233,0.0113,10.7,9,27,9,300,5.1,4.6,0.0335,3.8,4.0,4.3,3.3,3.7,4.0,3.8,7.7,2.4,4.8,62.1,0.649,1.73,0.0,4.98
29.1,28.2,30.0,9.899999999999999,12.399999999999999,7.399999999999999,24.4,26.0,22.8,28.4,30.8,26.0,0.0224,0.0351,0.0089,0.00909,5.01,0.00832,0.00681,0.0367,0.0384,0.233,0.0113,10.6,9,27,9,300,4.7,4.9,0.0336,3.4,4.1,3.7,3.8,3.9,4.1,3.9,8.1,2.8,5.5,64.2,0.0,1.73,0.0,4.62
29.9,29.8,30.0,6.600000000000001,6.800000000000001,6.399999999999999,27.0,24.2,29.8,27.6,28.0,27.2,0.0234,0.0353,0.00857,0.00917,5.26,0.00894,0.00733,0.0364,0.0385,0.235,0.0114,10.6,9,26,8,300,5.4,5.0,0.0328,3.9,4.0,4.3,3.9,3.6,4.0,3.8,10.3,3.3,5.1,68.5,0.983,0.932,0.0,4.05
28.9,26.2,31.6,7.100000000000001,9.8,4.399999999999999,25.5,24.6,26.4,29.0,29.6,28.4,0.0224,0.0354,0.00831,0.00959,5.52,0.00894,0.00734,0.0365,0.0386,0.235,0.0113,10.6,9,25,9,300,5.8,4.7,0.0336,3.8,4.0,4.7,3.7,3.4,3.9,3.2,9.4,2.9,4.8,66.0,0.983,0.0,0.0,5.13
40.3,38.2,42.4,6.800000000000001,5.600000000000001,8.0,29.5,26.8,32.2,35.4,29.3,41.5,0.0243,0.0356,0.00837,0.00938,5.03,0.00895,0.00803,0.0359,0.039,0.232,0.0104,11.0,8,28,8,400,5.75,7.75,0.035,4.75,7.5,7.75,7.5,6.5,9.25,7.25,16.3,5.25,6.5,185.0,1.05,0.0,0.0,0.0
28.9,31.2,26.6,7.399999999999999,12.600000000000001,2.1999999999999993,27.3,23.8,30.8,32.6,31.8,33.4,0.0233,0.0355,0.00876,0.00904,5.03,0.00895,0.00815,0.0358,0.0389,0.236,0.0112,11.1,8,28,9,400,4.0,6.67,0.0348,4.78,5.78,6.44,6.67,5.78,7.22,6.44,12.6,4.11,6.11,135.0,1.05,0.0,0.0,0.0
30.4,32.6,28.2,7.600000000000001,11.0,4.199999999999999,25.0,25.6,24.4,29.9,29.2,30.6,0.0222,0.0355,0.00811,0.00944,5.02,0.00981,0.00706,0.0359,0.0389,0.232,0.011,11.0,8,26,9,400,4.5,6.2,0.0352,5.4,4.6,5.2,6.3,5.0,5.8,5.6,8.3,2.9,8.0,91.8,1.05,1.11,0.0,0.0
33.5,32.4,34.6,6.800000000000001,10.399999999999999,3.1999999999999993,28.0,27.4,28.6,34.1,35.6,32.6,0.0232,0.0354,0.00838,0.00952,5.18,0.00981,0.00763,0.0358,0.0392,0.233,0.0109,11.1,9,25,9,400,6.2,6.1,0.0341,5.6,5.3,5.7,5.6,5.4,4.6,5.2,8.9,3.0,7.9,85.3,0.0,1.8,0.0,8.74
32.2,28.4,36.0,8.3,7.0,9.600000000000001,26.3,26.6,26.0,32.8,28.0,37.6,0.016,0.0354,0.00803,0.00936,5.28,0.00991,0.00706,0.0358,0.0391,0.231,0.0116,11.2,9,25,9,400,5.4,6.4,0.0349,5.3,6.7,5.7,5.0,6.3,4.0,4.6,11.3,4.0,6.4,86.7,0.0,1.8,0.0,11.4
30.9,30.0,31.8,9.3,12.399999999999999,6.199999999999999,25.3,29.8,20.8,30.9,31.0,30.8,0.016,0.0353,0.00853,0.00886,5.25,0.00991,0.0077,0.0358,0.039,0.232,0.0113,11.3,9,26,9,400,5.0,5.8,0.0339,5.4,6.7,5.0,5.6,6.9,5.4,4.8,11.0,4.1,7.1,87.8,0.0,1.41,0.0,12.8
33.1,32.0,34.2,6.600000000000001,7.399999999999999,5.800000000000001,25.8,26.0,25.6,34.1,28.8,39.4,0.0119,0.0355,0.00853,0.00918,5.32,0.00921,0.00709,0.036,0.0388,0.23,0.0106,11.2,9,26,9,400,5.0,4.4,0.0351,5.7,6.3,4.1,5.7,6.8,5.9,5.3,10.5,3.1,7.8,84.7,0.0,1.59,0.0,6.58
31.1,31.2,31.0,6.699999999999999,4.0,9.399999999999999,25.6,26.6,24.6,31.1,34.4,27.8,0.0119,0.0353,0.00845,0.00927,5.39,0.00921,0.0071,0.0361,0.0393,0.235,0.0111,11.1,9,24,9,400,4.9,5.6,0.0349,5.1,7.0,4.4,5.8,5.5,5.4,5.7,10.9,3.5,7.2,85.9,0.0,1.59,0.0,5.27
31.7,28.2,35.2,6.399999999999999,7.600000000000001,5.199999999999999,26.3,27.8,24.8,29.9,29.8,30.0,0.0122,0.0353,0.00797,0.00919,5.53,0.0102,0.00706,0.036,0.0392,0.23,0.0109,11.1,9,25,9,400,5.3,6.7,0.0352,4.3,6.0,6.0,6.4,5.3,4.5,6.2,10.9,3.6,6.9,87.8,0.0,1.67,0.0,5.21
33.1,33.2,33.0,8.600000000000001,6.800000000000001,10.399999999999999,25.6,28.6,22.6,32.2,27.6,36.8,0.0122,0.035,0.00847,0.00773,5.45,0.00942,0.00713,0.0359,0.0392,0.232,0.0102,11.2,9,27,9,400,5.8,6.2,0.0342,5.1,4.8,6.2,6.5,6.0,5.0,5.5,11.6,3.7,7.7,88.4,1.21,0.802,0.0,5.09
29.5,27.8,31.2,7.399999999999999,2.3999999999999986,12.399999999999999,27.4,25.6,29.2,32.7,31.2,34.2,0.0122,0.0351,0.00812,0.0073,5.55,0.00942,0.00702,0.036,0.0394,0.232,0.01,11.2,9,26,9,400,5.6,5.4,0.0347,5.0,5.2,6.0,5.6,5.1,6.0,5.7,11.1,3.8,8.0,85.7,1.21,1.81,0.0,6.06
30.7,31.0,30.4,7.800000000000001,5.399999999999999,10.2,26.4,25.6,27.2,32.0,30.6,33.4,0.0131,0.0351,0.00841,0.00872,5.67,0.00939,0.00757,0.0361,0.0394,0.231,0.0101,11.1,9,24,9,400,4.8,5.8,0.035,4.4,5.9,4.7,5.2,5.4,6.3,5.3,9.1,2.8,8.4,81.7,1.21,1.01,0.0,6.66
31.9,29.6,34.2,6.600000000000001,4.600000000000001,8.600000000000001,25.2,23.4,27.0,31.9,34.2,29.6,0.0121,0.0348,0.00789,0.00881,5.63,0.00939,0.00698,0.0361,0.0396,0.231,0.00991,11.1,9,25,9,400,5.1,6.4,0.0344,4.8,5.4,3.7,6.4,6.4,5.9,4.7,10.0,3.7,8.4,84.7,0.0,1.82,0.0,6.85
31.3,32.4,30.2,10.0,6.600000000000001,13.399999999999999,26.6,29.2,24.0,32.2,35.0,29.4,0.013,0.0349,0.00808,0.00895,5.75,0.0107,0.00762,0.0359,0.0396,0.232,0.00997,11.1,9,26,9,400,4.8,5.3,0.0352,4.9,5.5,5.4,7.8,5.7,6.1,5.7,12.2,4.1,8.4,88.5,0.0,0.812,0.0,5.89
33.7,30.8,36.6,7.699999999999999,3.3999999999999986,12.0,24.7,24.4,25.0,32.7,35.8,29.6,0.012,0.0349,0.00761,0.00904,5.76,0.0102,0.0071,0.0362,0.0395,0.231,0.00984,11.0,9,26,9,400,4.3,5.1,0.0352,5.2,5.8,6.2,6.9,5.5,6.4,5.5,12.4,3.8,7.7,89.4,0.788,1.66,0.0,6.65
34.1,34.0,34.2,5.800000000000001,6.399999999999999,5.199999999999999,27.8,25.6,30.0,31.4,28.8,34.0,0.012,0.0346,0.00782,0.00878,5.89,0.0102,0.0071,0.0359,0.0395,0.229,0.00993,11.1,9,25,9,400,5.9,5.4,0.0352,5.2,5.6,5.1,5.1,5.3,6.4,5.4,11.5,3.9,6.7,88.0,0.788,1.83,0.0,5.47
30.3,31.6,29.0,7.199999999999999,9.2,5.199999999999999,26.8,29.2,24.4,33.5,33.4,33.6,0.0188,0.0346,0.00732,0.0088,6.06,0.0102,0.00702,0.0361,0.0395,0.231,0.0104,11.0,9,27,9,400,6.1,4.7,0.0351,5.8,4.8,5.7,5.8,4.7,6.2,5.9,11.9,3.9,6.9,87.5,0.788,1.83,0.0,6.66
30.9,29.6,32.2,10.8,6.600000000000001,15.0,26.6,26.6,26.6,29.1,30.6,27.6,0.0188,0.0345,0.00759,0.00902,6.43,0.00944,0.00755,0.0364,0.0393,0.229,0.0101,11.0,9,27,9,400,5.0,4.3,0.0335,5.3,3.7,5.9,6.1,5.5,6.7,6.8,12.1,3.9,8.7,88.6,0.0,0.975,0.0,5.69
34.1,36.6,31.6,8.100000000000001,7.800000000000001,8.399999999999999,25.5,22.0,29.0,35.6,39.6,31.6,0.0187,0.0345,0.00716,0.00894,6.82,0.00944,0.00697,0.0364,0.0394,0.229,0.0105,11.0,9,28,9,400,4.5,5.7,0.0346,4.6,5.1,4.8,5.3,6.1,6.5,7.0,11.4,4.0,8.9,89.4,0.794,0.0,0.0,6.6
27.9,27.8,28.0,5.199999999999999,9.399999999999999,1.0,25.8,27.2,24.4,25.8,25.8,25.8,0.0222,0.0339,0.0101,0.00901,1.84,0.00859,0.00736,0.0376,0.0392,0.229,0.0107,8.83,6,21,6,200,3.67,2.0,0.0344,3.33,2.17,3.5,3.17,2.17,3.67,4.33,5.0,1.17,4.5,80.0,0.0,1.07,0.0,0.0
26.1,28.0,24.2,9.8,7.800000000000001,11.8,24.3,26.8,21.8,26.2,25.9,26.5,0.0231,0.034,0.0105,0.00867,1.92,0.00931,0.00792,0.0376,0.0392,0.228,0.0108,8.99,7,20,8,200,3.5,2.4,0.0337,3.4,2.0,3.3,2.9,2.5,3.9,3.6,5.0,1.6,4.9,66.3,1.05,1.07,0.0,0.0
25.8,23.0,28.6,6.199999999999999,7.199999999999999,5.199999999999999,24.3,20.2,28.4,26.5,25.1,27.9,0.022,0.034,0.0101,0.0084,2.02,0.00856,0.00732,0.0378,0.0395,0.227,0.0106,9.39,7,24,9,200,2.7,2.1,0.0337,2.5,2.7,2.7,2.3,2.2,3.8,2.9,5.2,2.4,3.9,43.5,1.05,0.000202,0.0,3.41
26.8,28.2,25.4,8.0,4.800000000000001,11.2,25.1,26.6,23.6,28.5,23.7,33.3,0.0231,0.0343,0.0106,0.00849,2.07,0.00858,0.00781,0.0375,0.0389,0.228,0.011,9.73,8,27,9,200,2.9,2.3,0.0347,3.3,3.7,2.7,2.4,2.1,2.9,3.3,6.7,2.8,3.7,46.2,1.05,0.0,0.0,4.6
27.0,25.6,28.4,5.199999999999999,9.600000000000001,0.8000000000000007,26.0,26.0,26.0,27.0,25.9,28.1,0.0208,0.0343,0.0101,0.0084,2.19,0.00858,0.00718,0.0379,0.0391,0.229,0.0108,10.1,8,28,9,200,3.4,2.9,0.0337,3.7,3.0,2.6,2.1,1.8,2.6,3.4,6.3,2.3,4.2,45.8,0.0,0.0,0.0,6.93
25.8,25.0,26.6,11.3,13.600000000000001,9.0,24.3,26.6,22.0,28.6,27.8,29.4,0.0221,0.0344,0.0108,0.00839,2.3,0.00875,0.00774,0.0375,0.0395,0.229,0.0099,10.1,8,25,9,200,3.0,2.0,0.0337,2.7,2.7,2.6,2.4,2.0,2.7,3.3,5.4,2.2,4.9,44.2,0.0,0.0,0.0,4.69
25.6,24.0,27.2,7.199999999999999,8.0,6.399999999999999,24.9,25.6,24.2,27.6,27.3,27.9,0.0211,0.0342,0.00935,0.00877,2.38,0.00951,0.00715,0.038,0.0393,0.228,0.0103,10.2,8,24,8,200,3.2,2.1,0.0346,3.5,2.7,2.9,2.4,2.6,2.9,2.3,6.7,2.4,3.7,44.3,0.654,0.0,0.0,4.69
28.7,28.6,28.8,6.399999999999999,4.0,8.8,24.1,26.0,22.2,27.8,25.9,29.7,0.0211,0.0344,0.0111,0.00835,2.44,0.00874,0.00774,0.0376,0.0393,0.227,0.0105,10.3,8,25,9,200,3.5,2.6,0.0336,3.8,2.3,2.9,3.0,3.0,3.0,2.1,6.7,2.0,2.8,44.0,0.654,0.0,0.0,3.53
26.9,26.4,27.4,7.800000000000001,4.800000000000001,10.8,25.0,28.2,21.8,27.1,22.5,31.7,0.0213,0.0344,0.0108,0.00879,2.57,0.00948,0.00725,0.038,0.0394,0.226,0.0104,10.4,8,28,9,200,2.5,2.6,0.0346,2.4,2.8,3.0,3.8,2.5,2.1,3.0,5.0,1.6,4.0,42.6,0.654,0.0,0.0,2.35
25.3,23.0,27.6,9.100000000000001,11.600000000000001,6.600000000000001,24.4,23.4,25.4,26.6,30.3,22.9,0.0222,0.0346,0.0111,0.00839,2.62,0.00948,0.00779,0.0379,0.0392,0.227,0.0103,10.6,9,28,9,200,2.3,3.1,0.0346,2.0,2.9,2.7,3.4,1.5,2.2,2.9,5.0,1.5,3.6,40.9,0.577,0.0,0.0,1.17
26.3,25.6,27.0,6.800000000000001,4.600000000000001,9.0,25.0,22.8,27.2,27.3,25.2,29.4,0.0212,0.0347,0.0106,0.00899,2.73,0.00964,0.00779,0.0381,0.0391,0.227,0.0106,10.6,9,28,9,200,2.5,3.1,0.0345,2.2,2.1,2.7,3.2,1.9,2.1,3.3,4.9,1.0,4.2,40.9,0.577,0.783,0.0,3.51
26.1,28.6,23.6,8.100000000000001,10.8,5.399999999999999,23.9,23.4,24.4,28.6,32.5,24.7,0.0221,0.0349,0.0106,0.00844,2.84,0.00891,0.0074,0.038,0.0391,0.227,0.0107,10.6,9,26,9,200,2.7,3.0,0.0338,2.1,2.8,2.0,3.2,2.9,2.2,4.4,5.7,2.2,4.7,44.8,0.577,0.783,0.0,4.68
24.3,23.0,25.6,6.399999999999999,4.0,8.8,23.7,20.8,26.6,27.2,30.5,23.9,0.0212,0.0348,0.0107,0.00899,2.85,0.00891,0.00728,0.0379,0.0389,0.229,0.0107,10.6,9,23,9,200,2.9,2.7,0.0344,3.0,3.4,2.6,2.9,3.1,2.1,2.9,6.3,2.8,3.9,45.7,0.0,0.784,0.0,5.86
28.2,23.8,32.6,12.8,14.2,11.399999999999999,24.2,28.2,20.2,28.3,24.6,32.0,0.0222,0.0348,0.0111,0.00853,2.92,0.00891,0.00678,0.0383,0.0391,0.223,0.0112,10.7,9,25,10,200,2.7,2.7,0.0336,2.6,2.9,3.3,2.2,2.6,1.7,1.7,5.1,1.7,4.4,42.6,0.0,0.613,0.0,3.55
25.3,26.6,24.0,5.5,4.600000000000001,6.399999999999999,23.6,26.0,21.2,27.1,27.4,26.8,0.014,0.0346,0.0107,0.00896,3.04,0.00976,0.00733,0.038,0.0389,0.227,0.011,10.7,9,26,9,200,3.2,3.2,0.0348,2.0,2.2,3.2,1.9,3.0,2.2,2.6,4.6,2.2,3.9,42.8,1.02,0.613,0.0,3.41
27.2,29.2,25.2,7.300000000000001,5.199999999999999,9.399999999999999,24.4,26.8,22.0,28.5,26.0,31.0,0.0151,0.0345,0.0112,0.0085,3.12,0.00976,0.00863,0.0382,0.0391,0.227,0.0111,10.7,9,24,9,200,2.7,3.0,0.0344,2.7,2.5,3.3,2.1,4.1,2.8,3.1,5.9,2.5,3.3,44.9,1.02,0.613,0.0,2.9
26.3,27.2,25.4,6.699999999999999,7.800000000000001,5.600000000000001,23.4,27.2,19.6,29.6,32.0,27.2,0.0151,0.0345,0.0109,0.00835,3.31,0.00902,0.00853,0.0385,0.0388,0.227,0.0109,10.7,9,24,9,200,2.2,2.7,0.0336,2.9,3.1,2.8,2.8,3.1,2.9,2.9,5.9,1.8,3.8,43.3,1.02,0.0,0.0,3.03
25.2,24.6,25.8,8.8,11.0,6.600000000000001,24.8,21.4,28.2,24.2,22.8,25.6,0.0149,0.0345,0.0112,0.00817,3.46,0.00895,0.00737,0.0384,0.0386,0.225,0.011,10.7,9,24,9,200,2.8,3.6,0.0335,3.8,3.4,2.9,2.8,1.6,2.7,2.6,6.0,1.9,4.4,45.7,0.0,0.0,0.0,3.07
26.0,26.8,25.2,7.699999999999999,7.800000000000001,7.600000000000001,26.1,27.8,24.4,28.6,26.3,30.9,0.0149,0.0346,0.00832,0.00854,3.65,0.00895,0.00749,0.0385,0.0388,0.225,0.0109,10.6,9,22,9,200,2.3,3.4,0.0339,3.9,3.4,2.6,2.0,2.5,3.5,2.4,6.5,2.3,4.8,46.9,0.0,0.811,0.0,2.4
31.2,32.2,30.2,6.199999999999999,5.199999999999999,7.199999999999999,27.5,24.8,30.2,34.7,39.1,30.3,0.0142,0.0342,0.00812,0.00978,3.39,0.0103,0.00707,0.0387,0.0389,0.227,0.0102,9.59,8,23,8,300,6.8,5.2,0.0342,4.4,5.4,3.8,4.4,5.4,4.6,5.2,10.6,3.2,8.6,144.0,0.0,0.0,0.0,0.0
30.1,27.2,33.0,8.2,3.8000000000000007,12.600000000000001,25.6,21.6,29.6,28.4,30.4,26.4,0.0151,0.034,0.00843,0.00987,3.45,0.0103,0.00758,0.0385,0.039,0.225,0.0108,9.89,8,24,9,300,4.8,4.3,0.0343,4.3,4.6,3.5,3.4,5.1,4.0,4.1,8.9,2.8,6.3,98.7,0.0,0.0,0.0,0.0
26.6,30.0,23.2,5.899999999999999,9.8,2.0,23.8,27.8,19.8,31.7,37.0,26.4,0.0138,0.0339,0.00805,0.00932,3.46,0.00974,0.00702,0.0388,0.0387,0.224,0.0112,9.8,8,24,8,300,3.4,3.6,0.0344,3.7,4.2,4.2,3.7,5.2,3.7,4.3,8.2,2.4,4.7,62.1,0.975,1.12,0.0,6.05
28.0,27.2,28.8,8.3,3.6000000000000014,13.0,26.4,26.0,26.8,29.0,28.8,29.2,0.015,0.0341,0.00844,0.00928,3.58,0.00898,0.00755,0.0383,0.0388,0.227,0.0108,9.88,8,25,8,300,3.4,4.6,0.0334,2.8,4.1,4.2,4.7,4.0,3.7,4.8,8.1,2.7,5.0,65.9,0.975,1.12,0.0,7.45
30.9,32.4,29.4,7.5,2.8000000000000007,12.2,23.9,22.6,25.2,29.3,27.0,31.6,0.015,0.034,0.00648,0.00919,3.61,0.00898,0.00696,0.0385,0.0387,0.225,0.0106,9.88,8,26,8,300,3.4,4.4,0.0344,2.7,3.7,4.1,4.0,3.0,4.4,4.1,8.1,2.7,4.6,63.2,0.975,1.12,0.0,8.86
28.4,28.0,28.8,7.0,8.2,5.800000000000001,26.1,25.2,27.0,28.6,29.2,28.0,0.0155,0.0339,0.00841,0.00924,3.68,0.00919,0.00768,0.0382,0.039,0.227,0.0107,9.9,8,23,8,300,3.8,3.8,0.0334,3.6,4.7,4.1,3.9,5.2,4.8,4.1,9.3,2.5,4.6,65.6,0.0,0.693,0.0,4.06
29.4,32.0,26.8,6.199999999999999,7.0,5.399999999999999,26.6,23.6,29.6,33.9,33.7,34.1,0.0146,0.0338,0.00792,0.00962,3.79,0.00993,0.00714,0.0384,0.0388,0.227,0.0105,10.1,8,25,9,300,4.3,4.2,0.0335,4.9,3.9,3.7,4.9,5.6,5.0,4.4,10.3,3.2,5.9,69.3,0.0,1.27,0.0,5.36
29.4,29.8,29.0,9.899999999999999,11.2,8.600000000000001,26.8,29.8,23.8,29.4,28.7,30.1,0.0156,0.0338,0.0085,0.00904,3.92,0.0091,0.00765,0.0383,0.0392,0.227,0.0106,10.3,8,28,9,300,5.1,4.2,0.0343,4.5,4.0,4.2,4.5,4.2,4.6,5.4,10.7,3.5,5.1,68.6,0.799,1.27,0.0,5.33
30.8,30.6,31.0,6.5,4.399999999999999,8.600000000000001,25.5,26.4,24.6,30.0,31.6,28.4,0.0147,0.0336,0.00867,0.00944,3.93,0.0091,0.00705,0.0382,0.0392,0.223,0.0105,10.4,8,30,9,300,4.8,4.0,0.0344,4.6,5.3,3.1,4.5,4.2,3.3,5.8,9.7,3.8,4.3,68.6,0.799,1.4,0.0,5.47
27.6,30.0,25.2,8.100000000000001,2.3999999999999986,13.8,26.4,28.8,24.0,28.8,26.8,30.8,0.0157,0.0338,0.0088,0.00885,4.06,0.00986,0.00835,0.0383,0.0393,0.225,0.0102,10.6,8,28,9,300,4.1,4.6,0.0347,5.1,4.4,2.8,5.1,4.4,4.8,4.5,9.2,3.4,5.1,69.4,0.799,0.819,0.0,2.77
31.6,33.8,29.4,6.100000000000001,5.600000000000001,6.600000000000001,23.9,24.2,23.6,30.2,34.6,25.8,0.0146,0.0338,0.00828,0.00938,4.17,0.00986,0.00835,0.0383,0.0393,0.229,0.01,10.6,9,28,9,300,4.4,4.3,0.0345,4.4,4.3,4.4,4.7,3.7,5.4,3.4,8.4,2.4,4.9,66.1,0.0,1.74,0.0,4.18
29.0,29.2,28.8,9.7,7.399999999999999,12.0,25.8,27.6,24.0,29.0,28.4,29.6,0.0157,0.0339,0.0082,0.00891,4.2,0.00908,0.00834,0.0385,0.0393,0.228,0.0102,10.6,9,27,9,300,4.4,3.9,0.0335,4.5,4.2,4.7,3.7,4.0,3.9,3.1,7.8,3.1,5.9,65.9,0.397,0.921,0.0,4.23
27.5,28.1,26.9,8.0,10.2,5.800000000000001,24.1,21.2,27.0,28.6,26.4,30.8,0.0147,0.0338,0.00821,0.0093,4.29,0.00992,0.00704,0.0383,0.0394,0.226,0.0102,10.5,8,26,9,300,4.7,4.6,0.0345,4.3,4.5,3.8,2.9,4.4,4.0,3.0,8.7,2.8,6.0,65.8,0.552,0.921,0.0,6.01
28.0,27.6,28.4,8.5,8.600000000000001,8.399999999999999,28.3,27.0,29.6,30.0,28.6,31.4,0.0157,0.034,0.00879,0.00938,4.33,0.00992,0.00721,0.0381,0.0394,0.227,0.0104,10.5,8,22,9,300,5.0,4.6,0.0346,3.8,5.0,3.4,4.6,3.9,4.1,4.3,8.8,1.6,6.0,65.9,0.552,0.0,0.0,5.48
31.4,32.4,30.4,6.399999999999999,3.1999999999999993,9.600000000000001,24.1,23.0,25.2,32.7,34.4,31.0,0.0148,0.034,0.00845,0.00946,4.47,0.0101,0.00713,0.0383,0.0395,0.228,0.0102,10.5,9,24,9,300,4.2,3.9,0.0346,3.3,4.3,4.5,5.2,4.4,3.9,5.8,8.5,2.3,6.1,66.2,0.155,0.0,0.0,6.34
28.5,26.2,30.8,10.399999999999999,7.0,13.8,27.3,32.2,22.4,27.9,21.8,34.0,0.0148,0.034,0.00828,0.00909,4.48,0.0101,0.00728,0.0381,0.0395,0.228,0.0103,10.6,9,28,9,300,4.0,4.4,0.0338,3.7,3.7,4.1,4.8,4.6,3.4,5.4,8.7,3.2,5.9,66.4,0.0,0.0,0.0,4.56
29.3,31.6,27.0,7.600000000000001,7.199999999999999,8.0,24.4,22.8,26.0,32.8,36.4,29.2,0.0148,0.0341,0.00824,0.00967,4.74,0.0102,0.00722,0.0382,0.0394,0.229,0.0107,10.7,9,30,10,300,3.8,4.6,0.0347,4.2,4.4,2.7,4.7,3.9,3.3,4.1,8.7,3.2,5.8,64.4,0.947,1.73,0.0,4.82
31.3,31.8,30.8,7.5,11.600000000000001,3.3999999999999986,27.4,23.0,31.8,30.0,31.2,28.8,0.0159,0.034,0.0088,0.00923,4.97,0.0102,0.00785,0.0379,0.0397,0.23,0.0108,10.8,9,29,10,300,3.6,4.0,0.0347,4.9,4.5,3.6,3.9,3.4,4.3,3.7,8.7,3.5,6.2,65.5,0.947,1.73,0.0,3.97
28.3,28.4,28.2,7.0,11.399999999999999,2.6000000000000014,24.5,27.2,21.8,29.2,32.0,26.4,0.0159,0.0343,0.00843,0.00963,5.25,0.00943,0.00728,0.038,0.0396,0.231,0.0105,10.8,9,26,10,300,3.6,4.6,0.0349,4.7,4.1,4.9,3.4,3.3,3.9,4.1,8.1,2.9,5.9,64.8,0.947,1.73,0.0,5.35
39.3,42.2,36.4,7.300000000000001,7.399999999999999,7.199999999999999,29.5,25.6,33.4,35.9,37.2,34.6,0.0123,0.0338,0.00866,0.00794,4.73,0.0101,0.00723,0.0382,0.0398,0.229,0.0104,10.6,8,25,8,400,7.0,7.25,0.0351,6.75,4.5,4.0,6.25,4.5,5.25,3.5,11.3,4.25,9.75,159.0,0.9,1.03,0.0,0.0
29.6,27.6,31.6,7.600000000000001,4.800000000000001,10.399999999999999,25.5,28.2,22.8,29.7,33.2,26.2,0.0133,0.0339,0.00899,0.00846,4.85,0.0101,0.00788,0.0383,0.0398,0.229,0.0105,10.5,8,25,9,400,6.0,6.11,0.0348,5.67,4.56,6.0,5.56,5.33,4.67,4.33,11.3,3.89,8.67,131.0,0.9,1.03,0.0,4.81
33.0,30.0,36.0,8.600000000000001,10.2,7.0,27.0,28.6,25.4,34.4,31.8,37.0,0.0117,0.0339,0.00728,0.00818,4.94,0.0098,0.00856,0.0381,0.0395,0.229,0.0108,10.8,8,26,9,400,5.0,6.4,0.035,5.6,4.6,6.6,4.6,6.7,5.4,4.7,12.0,4.4,7.9,102.0,0.00022,1.03,0.0,6.17
32.3,34.6,30.0,6.300000000000001,6.800000000000001,5.800000000000001,27.1,28.0,26.2,31.9,29.6,34.2,0.0128,0.0342,0.0088,0.00775,5.03,0.00905,0.00868,0.0382,0.0397,0.229,0.0105,10.9,9,27,9,400,5.6,6.6,0.0349,6.4,4.7,6.0,5.1,6.2,5.5,4.3,12.3,4.6,6.8,89.8,0.0,0.768,0.0,8.7
31.7,35.0,28.4,8.5,6.600000000000001,10.399999999999999,26.7,25.0,28.4,32.5,35.2,29.8,0.0119,0.0342,0.00823,0.00824,4.94,0.00905,0.00817,0.0382,0.0398,0.23,0.0104,10.9,9,25,9,400,6.6,5.3,0.0342,5.9,5.5,6.0,5.6,5.7,5.4,5.2,12.3,3.9,5.7,87.8,0.0,1.47,0.0,5.39
30.8,30.2,31.4,8.0,11.0,5.0,27.4,24.6,30.2,34.8,34.4,35.2,0.0128,0.0342,0.00862,0.00788,5.14,0.00978,0.00875,0.0384,0.0398,0.232,0.0112,11.0,9,25,9,400,6.5,5.5,0.0351,4.8,5.5,5.6,4.8,5.4,7.2,5.9,12.3,3.4,6.2,88.0,0.653,1.47,0.0,6.56
34.1,35.0,33.2,6.399999999999999,3.1999999999999993,9.600000000000001,24.0,21.2,26.8,30.5,27.0,34.0,0.0119,0.0341,0.0081,0.0083,5.23,0.00903,0.00746,0.0384,0.0399,0.229,0.0111,11.0,9,25,9,400,5.8,6.4,0.0341,4.6,5.7,5.7,5.0,5.0,6.4,4.8,11.5,3.5,6.5,85.1,0.653,0.699,0.0,5.61
29.6,31.0,28.2,9.2,12.0,6.399999999999999,25.7,28.5,23.0,33.5,29.8,37.2,0.0128,0.034,0.00866,0.00774,5.28,0.00981,0.00803,0.0381,0.0398,0.228,0.0112,10.9,9,26,9,400,5.5,5.1,0.0341,4.9,6.3,6.0,6.2,5.2,5.9,4.8,11.2,3.9,7.0,87.0,0.653,1.03,0.0,6.54
30.3,30.4,30.2,8.8,8.0,9.600000000000001,26.7,26.0,27.4,30.9,26.5,35.3,0.0117,0.0339,0.00866,0.00827,5.29,0.00896,0.00741,0.038,0.0398,0.229,0.0111,10.9,9,27,9,400,6.0,3.4,0.0351,4.4,5.8,6.9,6.2,5.3,5.9,5.5,11.3,3.5,7.1,87.9,0.0,1.84,0.0,5.39
34.2,36.4,32.0,7.5,8.399999999999999,6.600000000000001,27.9,25.3,30.5,32.3,35.1,29.5,0.0127,0.034,0.00862,0.00792,5.36,0.00893,0.00849,0.0381,0.0394,0.229,0.0112,10.9,9,27,9,400,5.9,3.8,0.034,4.9,5.9,6.4,5.1,5.0,4.9,5.5,9.7,2.6,6.7,83.2,0.566,1.84,0.0,6.19
30.2,30.4,30.0,6.800000000000001,6.199999999999999,7.399999999999999,25.7,24.6,26.8,32.8,35.4,30.2,0.0116,0.0339,0.00784,0.00839,5.47,0.0097,0.00785,0.0383,0.0399,0.23,0.011,10.9,9,24,9,400,5.1,4.9,0.0342,6.0,6.4,5.6,4.5,5.5,5.0,5.1,9.3,2.4,7.4,84.4,0.566,1.69,0.0,5.94
32.8,32.2,33.4,7.600000000000001,3.3999999999999986,11.8,28.2,28.0,28.4,29.5,29.0,30.0,0.0164,0.034,0.00784,0.00784,5.45,0.00879,0.00839,0.0381,0.0399,0.23,0.0112,10.8,9,24,8,400,6.1,5.3,0.035,6.2,6.0,5.4,4.4,5.6,5.8,5.1,11.2,3.9,7.8,89.6,0.566,0.876,0.0,6.8
33.6,33.2,34.0,11.3,8.600000000000001,14.0,25.6,25.2,26.0,33.5,33.0,34.0,0.0164,0.0341,0.00846,0.00771,5.62,0.00879,0.0078,0.0382,0.0397,0.23,0.011,10.7,9,22,8,400,5.7,6.3,0.0351,6.0,5.3,5.8,5.1,4.4,6.1,5.4,11.5,4.0,6.9,87.8,0.0,1.9,0.0,5.78
31.3,35.2,27.4,6.5,2.3999999999999986,10.600000000000001,25.9,22.2,29.6,32.8,35.6,30.0,0.0164,0.034,0.0087,0.00754,5.71,0.00796,0.00839,0.0382,0.04,0.23,0.0112,10.6,8,22,7,400,4.9,5.8,0.0342,4.8,6.2,6.5,5.3,4.0,5.2,4.4,10.4,3.1,7.6,84.0,0.0,1.03,0.0,6.23
29.5,29.8,29.2,8.7,10.8,6.600000000000001,26.0,21.8,30.2,32.4,35.6,29.2,0.0152,0.0338,0.00822,0.00792,5.71,0.00953,0.00776,0.0384,0.0398,0.229,0.0107,10.5,8,21,7,400,5.8,4.2,0.0351,4.9,6.3,6.1,5.0,5.5,4.6,4.0,10.5,3.3,8.1,84.4,0.98,1.85,0.0,6.59
33.1,34.4,31.8,8.3,9.2,7.399999999999999,26.1,27.3,24.9,33.1,33.0,33.2,0.0162,0.0337,0.00878,0.00746,5.75,0.00953,0.00831,0.0384,0.0397,0.228,0.0108,10.5,8,24,9,400,5.4,5.6,0.0344,5.7,4.7,6.7,4.9,6.3,3.9,4.3,10.6,3.2,7.6,84.0,0.98,0.818,0.0,6.59
33.5,33.8,33.2,6.800000000000001,3.3999999999999986,10.2,24.4,25.7,23.1,31.3,31.3,31.3,0.0152,0.0339,0.00816,0.00747,5.98,0.00973,0.00777,0.0385,0.0399,0.23,0.0107,10.5,8,25,9,400,5.5,6.4,0.0363,4.9,3.9,6.3,5.0,5.3,3.9,4.6,9.2,2.7,8.1,82.1,0.98,0.818,0.0,6.63
29.7,31.6,27.8,7.800000000000001,6.600000000000001,9.0,28.1,27.0,29.2,33.7,39.1,28.3,0.0162,0.034,0.00794,0.00689,6.29,0.00973,0.00846,0.0387,0.04,0.227,0.0107,10.5,8,25,9,400,7.1,6.2,0.0365,4.3,4.6,5.1,5.7,5.2,5.1,5.3,9.9,3.6,7.7,86.7,0.0,0.946,0.0,5.5
31.5,33.8,29.2,8.7,10.8,6.600000000000001,26.5,29.6,23.4,31.9,33.9,29.9,0.0154,0.0339,0.00815,0.0068,6.64,0.009,0.00853,0.0383,0.0398,0.23,0.0105,10.5,8,27,9,400,6.2,5.6,0.0356,4.2,4.6,5.4,5.5,5.6,6.4,6.3,11.4,3.8,7.8,89.1,0.0,0.946,0.0,6.06
27.6,28.4,26.8,6.0,4.199999999999999,7.800000000000001,25.0,25.8,24.2,25.1,28.2,22.0,0.0284,0.0342,0.00824,0.0128,1.87,0.00966,0.00847,0.0369,0.039,0.224,0.011,9.59,8,19,8,200,3.33,3.17,0.0343,3.0,3.67,2.67,2.83,3.17,2.17,3.67,5.0,2.17,5.0,81.3,0.0,1.03,0.0,0.0
26.5,26.4,26.6,8.8,11.600000000000001,6.0,24.7,22.0,27.4,26.2,24.8,27.6,0.0294,0.0343,0.00814,0.0123,1.99,0.00966,0.00721,0.0372,0.0387,0.226,0.0112,9.57,8,20,8,200,2.5,2.9,0.0349,3.4,3.4,3.2,2.9,2.8,3.1,3.2,5.7,1.8,4.9,67.5,0.0,1.02,0.0,3.49
25.6,27.4,23.8,6.699999999999999,5.300000000000001,8.0,26.3,24.2,28.4,27.1,28.8,25.4,0.0283,0.034,0.00817,0.0122,2.02,0.00887,0.00762,0.0371,0.039,0.228,0.0112,9.92,8,29,9,200,2.4,2.2,0.0353,3.3,2.0,3.0,2.5,2.2,3.6,2.3,5.6,1.5,3.4,41.6,0.0,1.02,0.0,4.87
24.5,25.8,23.2,9.0,12.8,5.100000000000001,22.9,24.8,21.0,28.8,27.4,30.2,0.0293,0.0344,0.00846,0.0123,2.13,0.0101,0.00727,0.0369,0.0387,0.226,0.0112,9.93,8,28,9,200,2.9,2.8,0.0344,3.2,2.4,1.9,2.9,2.5,2.8,3.0,6.0,2.3,3.3,43.1,0.964,0.0,0.0,5.27
27.4,25.2,29.6,6.300000000000001,5.800000000000001,6.800000000000001,26.0,22.4,29.6,29.0,31.8,26.2,0.0293,0.0342,0.00828,0.00952,2.2,0.00969,0.00722,0.037,0.0386,0.226,0.0111,10.1,8,25,9,200,1.8,2.6,0.0355,2.7,2.5,1.9,3.5,2.3,3.2,3.8,6.1,2.2,4.1,43.6,0.964,0.0,0.0,3.72
26.8,25.8,27.8,7.100000000000001,6.399999999999999,7.800000000000001,23.7,27.8,19.6,27.1,28.8,25.4,0.0292,0.0343,0.00855,0.00961,2.29,0.00969,0.00675,0.0371,0.0392,0.224,0.0111,9.97,8,24,9,200,2.1,2.7,0.0347,2.4,1.8,2.8,2.8,2.8,3.6,3.3,6.8,2.4,4.5,45.3,0.964,0.0,0.0,2.34
25.6,24.2,27.0,8.399999999999999,3.0,13.8,25.2,28.4,22.0,27.0,25.0,29.0,0.0322,0.0345,0.0111,0.0104,2.36,0.00893,0.00754,0.037,0.039,0.229,0.0103,9.82,8,20,8,200,3.1,2.7,0.0351,2.3,2.1,3.5,2.3,3.2,2.9,2.6,6.7,3.0,4.0,45.1,0.0,0.0,0.0,1.93
28.8,28.8,28.8,7.600000000000001,6.0,9.2,24.0,25.4,22.6,27.1,30.4,23.8,0.0323,0.0346,0.0114,0.0106,2.44,0.0097,0.0081,0.0372,0.0393,0.226,0.0105,9.85,8,21,8,200,3.8,3.0,0.0364,1.9,2.5,2.8,3.2,3.2,3.1,2.7,6.3,2.2,3.5,44.8,0.0,0.0,0.0,2.36
27.3,24.6,30.0,7.699999999999999,4.199999999999999,11.2,24.3,27.8,20.8,27.0,28.2,25.8,0.0314,0.0345,0.0109,0.01,2.54,0.00896,0.00757,0.0375,0.0394,0.229,0.0104,9.86,8,24,9,200,3.0,3.2,0.0362,2.1,2.5,2.5,2.9,2.8,2.9,2.6,5.8,1.6,4.0,43.9,0.656,0.0,0.0,3.53
24.0,27.6,20.4,6.800000000000001,6.399999999999999,7.199999999999999,26.4,31.0,21.8,27.7,24.4,31.0,0.0324,0.0343,0.0116,0.00997,2.58,0.00971,0.00804,0.0375,0.0392,0.226,0.0109,9.83,8,23,8,200,2.7,2.4,0.0353,3.4,2.4,2.9,2.0,2.4,3.1,3.5,5.7,2.2,3.9,44.7,0.656,0.0,0.0,4.71
27.5,24.4,30.6,9.5,9.600000000000001,9.399999999999999,23.5,20.2,26.8,27.5,22.2,32.8,0.0316,0.0345,0.0118,0.00987,2.71,0.00894,0.00743,0.0375,0.0393,0.227,0.0105,9.88,8,23,8,200,3.1,2.8,0.0362,3.7,2.1,2.5,2.0,3.0,2.8,3.7,6.1,2.2,3.3,45.2,0.656,0.813,0.0,4.21
25.2,27.4,23.0,7.199999999999999,6.399999999999999,8.0,24.1,21.2,27.0,27.8,23.4,32.2,0.0331,0.034,0.0114,0.00996,2.78,0.00967,0.00791,0.0375,0.0394,0.228,0.0108,9.9,8,24,9,200,2.2,3.7,0.0364,2.6,2.4,2.5,2.3,3.1,2.5,2.4,6.4,1.9,4.4,44.8,0.0,0.813,0.0,4.2
28.2,24.8,31.6,7.399999999999999,3.1999999999999993,11.600000000000001,25.6,22.6,28.6,27.1,26.5,27.7,0.0253,0.0341,0.0109,0.00822,2.82,0.00887,0.00761,0.0375,0.0397,0.23,0.0105,9.95,8,24,9,200,1.9,3.8,0.0349,2.7,2.8,2.2,2.3,3.5,2.4,2.7,6.3,2.4,5.3,45.0,0.552,1.5,0.0,3.53
27.0,24.4,29.6,8.0,3.3999999999999986,12.600000000000001,25.3,25.0,25.6,26.5,30.1,22.9,0.0262,0.034,0.0108,0.00786,2.93,0.00963,0.00765,0.0379,0.0397,0.227,0.0113,9.91,8,23,8,200,2.3,3.8,0.0358,3.4,2.6,2.5,1.8,3.1,2.3,3.6,5.7,2.8,3.9,44.4,0.552,0.692,0.0,2.86
25.7,27.6,23.8,10.3,7.399999999999999,13.2,25.2,28.6,21.8,27.6,29.6,25.6,0.0252,0.0341,0.0105,0.00805,2.99,0.00887,0.00714,0.0378,0.0396,0.229,0.0111,9.82,8,20,8,200,2.6,3.8,0.0358,3.4,2.0,3.1,2.2,2.3,3.2,2.7,6.2,2.4,3.5,45.4,1.37,0.692,0.0,2.98
24.9,24.0,25.8,6.399999999999999,9.2,3.6000000000000014,23.5,26.2,20.8,27.9,27.2,28.6,0.0252,0.0341,0.0116,0.00851,3.02,0.00969,0.00714,0.0379,0.0399,0.229,0.0113,9.86,8,23,8,200,2.6,3.3,0.035,2.3,2.1,3.2,2.8,2.4,3.2,2.0,5.4,1.5,4.5,42.9,0.818,0.0,0.0,2.47
27.1,30.2,24.0,6.600000000000001,7.0,6.199999999999999,23.7,25.0,22.4,25.8,26.6,25.0,0.0262,0.0339,0.0111,0.00838,3.21,0.00892,0.00704,0.0377,0.0399,0.229,0.0112,9.86,8,24,9,200,2.9,2.4,0.0359,2.1,2.6,3.2,2.5,2.6,2.8,2.3,4.7,1.4,4.0,41.0,0.818,0.0,0.0,3.38
30.0,31.2,28.8,9.399999999999999,7.0,11.8,25.7,28.4,23.0,28.2,29.2,27.2,0.0191,0.0339,0.011,0.00796,3.38,0.00892,0.0076,0.0377,0.04,0.23,0.0113,9.96,8,23,9,200,3.4,2.1,0.0361,3.1,2.8,3.5,2.9,3.0,2.5,2.7,5.5,1.9,3.2,44.2,0.0,0.0,0.0,3.48
26.3,25.8,26.8,9.100000000000001,12.600000000000001,5.600000000000001,25.6,27.4,23.8,25.5,26.4,24.6,0.0191,0.0338,0.0112,0.00831,3.52,0.00889,0.00703,0.0379,0.0399,0.229,0.0111,10.0,8,27,10,200,3.7,2.8,0.0351,3.4,3.2,3.8,2.8,2.6,3.0,2.5,5.9,1.8,3.5,46.8,0.0,0.0,0.0,3.48
32.9,31.6,34.2,6.699999999999999,10.8,2.6000000000000014,30.0,28.0,32.0,35.9,34.2,37.6,0.0178,0.0337,0.0118,0.00794,3.3,0.0098,0.00712,0.0382,0.0397,0.226,0.0106,9.78,8,23,8,300,7.4,6.4,0.0362,4.8,4.6,4.4,3.4,6.6,4.2,5.8,12.4,4.2,8.0,147.0,0.0,1.08,0.0,0.0
27.5,27.2,27.8,8.899999999999999,6.800000000000001,11.0,25.1,27.8,22.4,28.6,26.0,31.2,0.0178,0.0337,0.0119,0.00808,3.38,0.00896,0.00773,0.0381,0.0401,0.227,0.0108,9.82,8,25,8,300,5.6,4.6,0.0348,4.3,3.4,4.8,3.5,4.5,4.2,4.2,9.5,3.2,7.3,101.0,0.973,1.08,0.0,3.69
28.7,27.6,29.8,4.899999999999999,10.5,-0.6999999999999993,26.3,24.4,28.2,31.2,34.6,27.8,0.0177,0.0335,0.0115,0.00799,3.44,0.00982,0.00773,0.038,0.0396,0.23,0.0112,9.96,8,25,8,300,3.4,3.4,0.0355,4.2,3.2,4.8,3.9,3.0,4.4,3.5,7.2,2.5,6.7,61.2,0.973,0.000221,0.0,6.32
29.3,29.8,28.8,9.399999999999999,9.100000000000001,9.7,24.4,27.6,21.2,31.3,31.4,31.2,0.0147,0.0334,0.00919,0.00687,3.51,0.00982,0.0074,0.0383,0.0396,0.226,0.0113,10.3,8,27,9,300,3.8,3.7,0.0348,4.9,4.6,4.3,4.6,3.8,4.5,4.1,9.0,2.4,6.1,67.4,0.972,0.0,0.0,7.71
29.2,29.4,29.0,7.5,11.399999999999999,3.6000000000000014,24.8,26.8,22.8,29.3,28.2,30.4,0.0148,0.0334,0.00894,0.0111,3.7,0.0099,0.00684,0.0383,0.0396,0.23,0.011,10.6,9,27,9,300,4.2,3.6,0.0356,4.7,3.5,4.0,4.1,3.8,5.1,3.4,9.0,2.7,5.5,65.4,0.0,0.0,0.0,5.5
29.1,28.6,29.6,6.899999999999999,6.600000000000001,7.199999999999999,25.9,23.6,28.2,28.2,28.0,28.4,0.0192,0.0333,0.00946,0.0112,3.7,0.0099,0.00757,0.038,0.0394,0.227,0.0112,10.8,9,26,9,300,3.8,4.5,0.0356,5.1,3.3,4.9,3.4,4.1,4.9,2.9,8.5,2.6,6.0,66.4,0.0,0.0,0.0,4.27
29.0,27.6,30.4,8.100000000000001,7.199999999999999,9.0,26.4,26.4,26.4,30.9,27.6,34.2,0.0182,0.0335,0.00876,0.0112,3.81,0.00916,0.00757,0.0382,0.0394,0.232,0.0106,10.8,9,27,9,300,4.0,4.1,0.0356,4.7,4.0,4.6,4.0,4.6,3.9,3.5,9.6,2.6,5.3,65.6,0.0,0.0,0.0,4.32
30.7,29.6,31.8,9.600000000000001,3.6000000000000014,15.600000000000001,25.2,24.4,26.0,28.9,24.6,33.2,0.0216,0.0336,0.00966,0.0115,3.83,0.00916,0.00762,0.0383,0.0397,0.229,0.0111,10.8,9,26,9,300,4.4,4.6,0.0359,4.5,3.8,3.4,4.3,5.2,3.6,3.3,9.5,3.3,5.2,66.1,0.0,0.0,0.0,4.04
28.5,27.2,29.8,6.699999999999999,1.6999999999999993,11.7,25.5,28.2,22.8,32.9,27.6,38.2,0.0201,0.0337,0.0093,0.0117,3.88,0.00999,0.00756,0.0383,0.0393,0.231,0.0108,10.8,9,25,9,300,4.1,6.5,0.036,4.2,3.7,3.8,3.9,4.4,3.8,3.1,8.8,2.9,4.9,66.4,0.0,0.0,0.0,5.2
27.6,23.8,31.4,9.399999999999999,12.100000000000001,6.699999999999999,25.9,28.8,23.0,28.2,28.4,28.0,0.0201,0.0336,0.00975,0.0113,4.02,0.00999,0.00712,0.0382,0.0392,0.231,0.0109,10.7,9,25,8,300,3.8,5.6,0.0362,3.7,4.0,3.3,3.4,4.6,4.3,3.9,8.0,2.6,3.6,62.4,0.679,1.52,0.0,5.16
31.3,26.6,36.0,5.899999999999999,2.1999999999999993,9.600000000000001,25.7,21.6,29.8,30.0,28.0,32.0,0.0201,0.0336,0.00975,0.0118,4.08,0.00998,0.00708,0.0381,0.0392,0.232,0.0101,10.7,9,24,8,300,5.1,4.0,0.035,3.9,4.6,4.2,3.0,5.2,4.2,4.7,8.2,2.9,4.6,65.8,0.679,2.39,0.0,5.35
28.8,30.6,27.0,9.7,11.0,8.399999999999999,25.8,27.8,23.8,28.7,30.2,27.2,0.0201,0.0335,0.00834,0.0115,4.12,0.00998,0.00771,0.0384,0.0391,0.231,0.0102,10.6,9,24,9,300,4.5,3.6,0.0358,3.6,4.3,5.6,2.8,4.7,3.9,4.4,9.2,3.0,4.9,66.5,1.37,2.39,0.0,4.11
29.3,33.8,24.8,7.399999999999999,10.8,4.0,26.3,24.4,28.2,30.9,32.0,29.8,0.0212,0.0334,0.0077,0.0116,4.23,0.00917,0.00899,0.0382,0.039,0.232,0.0101,10.6,9,25,9,300,3.5,3.8,0.036,3.4,4.2,4.7,3.9,5.4,4.0,3.4,8.7,2.5,4.8,64.1,0.695,0.869,0.0,4.6
30.4,29.0,31.8,7.699999999999999,4.699999999999999,10.7,26.0,25.0,27.0,28.7,27.4,30.0,0.0202,0.0335,0.00836,0.0111,4.3,0.00997,0.00859,0.0385,0.0392,0.231,0.0104,10.7,9,27,9,300,3.8,4.6,0.0348,4.0,4.3,3.9,4.3,5.0,4.1,3.2,7.9,2.4,5.8,63.8,0.695,0.785,0.0,5.47
28.1,26.8,29.4,6.5,9.100000000000001,3.8999999999999986,26.2,24.2,28.2,31.9,34.2,29.6,0.0212,0.0335,0.00836,0.0116,4.36,0.00997,0.00803,0.0388,0.0387,0.23,0.0103,10.7,9,26,9,300,3.6,5.0,0.0357,3.7,3.7,3.8,3.9,5.1,4.4,2.7,7.8,1.9,5.9,61.8,0.0,0.785,0.0,5.33
31.7,31.8,31.6,8.3,9.2,7.399999999999999,24.4,25.6,23.2,28.6,31.2,26.0,0.0212,0.0336,0.00926,0.0112,4.47,0.00996,0.00875,0.0387,0.0389,0.23,0.0106,10.7,9,26,9,300,3.5,4.1,0.0359,2.4,3.9,4.5,4.8,4.7,3.6,3.7,8.1,2.2,6.1,63.1,0.0,1.8,0.0,5.77
27.5,28.4,26.6,8.0,13.2,2.8000000000000007,27.2,23.0,31.4,32.4,38.6,26.2,0.0212,0.0336,0.00872,0.0116,4.67,0.00904,0.00737,0.0384,0.0388,0.231,0.0105,10.8,9,29,9,300,3.1,3.6,0.0349,3.8,5.3,4.7,5.0,4.2,2.3,5.1,7.8,2.6,6.8,66.4,0.803,1.02,0.0,4.88
27.9,29.4,26.4,7.5,12.0,3.0,24.0,25.2,22.8,29.4,27.8,31.0,0.0211,0.0337,0.00884,0.0111,4.91,0.00915,0.00737,0.0386,0.0386,0.23,0.0117,10.8,9,29,9,300,3.9,3.6,0.0355,4.2,5.5,4.4,3.5,4.6,3.4,4.3,7.8,2.6,6.6,66.4,0.803,1.02,0.0,5.08
31.1,27.6,34.6,8.0,8.8,7.199999999999999,26.6,27.2,26.0,30.5,29.0,32.0,0.0201,0.0337,0.00846,0.0115,5.17,0.00987,0.00733,0.0386,0.039,0.231,0.0115,10.8,9,26,9,300,3.9,4.0,0.036,4.0,4.6,4.3,4.0,3.4,4.2,4.8,9.0,3.1,5.8,66.8,0.803,0.0,0.0,4.15
40.9,38.8,43.0,7.199999999999999,4.0,10.399999999999999,31.0,31.8,30.2,34.1,31.6,36.6,0.0178,0.0337,0.00843,0.0117,4.7,0.0101,0.00729,0.0385,0.0392,0.231,0.011,11.9,9,32,9,400,8.67,6.33,0.0362,5.67,6.0,6.0,7.33,7.0,8.0,7.33,15.0,4.67,11.3,207.0,0.0,0.969,0.0,0.0
34.0,34.6,33.4,7.300000000000001,4.399999999999999,10.2,24.5,25.8,23.2,29.4,26.0,32.8,0.0183,0.034,0.00884,0.00739,4.66,0.01,0.00787,0.0384,0.0391,0.23,0.0112,11.5,9,29,9,400,5.13,5.25,0.0342,5.75,6.0,5.0,6.5,6.63,6.0,6.38,12.4,3.63,9.0,148.0,0.0,1.83,0.0,4.88
31.5,34.0,29.0,6.800000000000001,6.0,7.600000000000001,25.9,28.4,23.4,33.6,28.8,38.4,0.0139,0.034,0.00822,0.00864,4.85,0.01,0.00713,0.0388,0.0392,0.23,0.011,11.3,9,25,9,400,4.7,4.6,0.0344,5.4,5.4,5.8,6.7,5.8,5.1,6.1,11.8,3.1,7.8,101.0,0.0,0.859,0.0,6.66
32.4,33.4,31.4,7.399999999999999,11.7,3.1000000000000014,26.8,25.6,28.0,31.0,30.8,31.2,0.0151,0.0339,0.00887,0.0082,4.89,0.0108,0.00715,0.0387,0.0395,0.228,0.0112,11.1,9,26,9,400,6.5,4.6,0.0354,5.4,4.7,7.8,6.6,5.3,4.7,5.3,11.9,3.8,7.8,88.2,0.0,0.859,0.0,8.95
31.7,33.4,30.0,10.3,13.600000000000001,7.0,26.8,26.2,27.4,33.9,31.8,36.0,0.0116,0.0337,0.00775,0.00843,4.98,0.0108,0.0071,0.0385,0.0389,0.23,0.011,10.8,8,23,8,400,6.3,4.7,0.034,5.9,5.4,7.2,5.5,5.0,4.8,4.9,10.7,4.3,7.6,85.8,1.59,0.0,0.0,5.47
32.6,33.6,31.6,6.5,5.800000000000001,7.199999999999999,24.9,25.4,24.4,34.0,34.6,33.4,0.0116,0.0337,0.00825,0.00787,5.09,0.0101,0.00726,0.0385,0.0394,0.23,0.0112,10.7,8,22,8,400,5.4,5.3,0.0337,5.5,6.8,5.6,4.8,5.4,5.6,5.4,11.0,4.1,8.2,89.0,1.59,1.63,0.0,6.33
31.3,28.0,34.6,8.100000000000001,10.399999999999999,5.800000000000001,27.8,26.6,29.0,30.0,31.4,28.6,0.0116,0.0336,0.0079,0.00827,5.13,0.0101,0.00723,0.0388,0.0394,0.227,0.0117,10.6,8,22,8,400,4.7,5.7,0.0346,5.4,6.6,4.3,5.2,6.2,5.9,4.5,11.7,3.5,8.7,89.3,1.59,1.63,0.0,6.01
29.6,31.4,27.8,6.699999999999999,7.800000000000001,5.600000000000001,27.0,25.8,28.2,33.1,33.6,32.6,0.0147,0.034,0.00842,0.00776,5.22,0.0101,0.00944,0.0387,0.0394,0.228,0.0118,10.5,8,24,8,400,5.3,5.4,0.0346,6.1,5.8,4.2,6.0,5.5,6.2,4.4,11.1,3.3,7.7,85.7,0.0,1.63,0.0,6.56
33.7,32.0,35.4,8.3,7.800000000000001,8.8,25.0,22.2,27.8,32.0,30.4,33.6,0.0147,0.0338,0.00842,0.00835,5.39,0.0109,0.00881,0.0386,0.0396,0.228,0.0116,10.6,8,25,9,400,6.0,5.9,0.034,6.4,6.0,5.5,6.2,5.3,5.8,4.9,10.8,3.8,7.5,88.3,0.0,0.0,0.0,5.88
29.4,30.6,28.2,6.300000000000001,4.800000000000001,7.800000000000001,28.6,30.2,27.0,33.2,34.4,32.0,0.0145,0.034,0.00783,0.00796,5.44,0.0109,0.00814,0.0385,0.0395,0.229,0.0121,10.6,8,25,9,400,6.1,6.0,0.0343,6.1,5.0,5.0,6.8,6.0,5.9,5.3,12.1,3.7,7.1,91.1,0.0,0.0,0.0,5.79
33.0,32.0,34.0,8.3,11.0,5.600000000000001,25.3,26.8,23.8,32.4,34.4,30.4,0.0145,0.0338,0.00805,0.00823,5.47,0.0108,0.00805,0.0383,0.0396,0.228,0.0115,10.6,8,25,9,400,6.3,6.3,0.0346,5.9,3.5,4.8,6.0,6.1,6.8,5.7,11.8,3.1,6.4,88.5,0.0,1.64,0.0,5.89
31.6,32.0,31.2,7.399999999999999,11.8,3.0,25.8,24.8,26.8,30.4,28.6,32.2,0.0136,0.034,0.00848,0.0079,5.61,0.0108,0.00866,0.0383,0.04,0.228,0.0117,10.6,8,25,9,400,5.1,6.3,0.0337,5.3,4.6,5.3,5.9,6.0,7.6,4.7,9.9,2.5,6.7,83.2,0.0,2.52,0.0,5.15
31.0,29.4,32.6,8.100000000000001,9.8,6.399999999999999,26.1,26.6,25.6,34.4,36.8,32.0,0.0135,0.034,0.00696,0.00831,5.61,0.0101,0.00841,0.0382,0.0397,0.231,0.0114,10.6,8,25,9,400,4.9,4.9,0.0346,5.1,5.9,5.6,6.5,6.2,6.5,4.4,10.5,3.1,7.0,85.1,0.0,2.52,0.0,5.58
30.0,31.4,28.6,6.600000000000001,8.8,4.399999999999999,26.9,29.8,24.0,33.9,31.4,36.4,0.0135,0.0339,0.00843,0.00789,5.72,0.0101,0.00854,0.0384,0.0396,0.229,0.0116,10.7,9,27,9,400,5.9,5.2,0.0344,6.0,5.5,5.9,5.3,5.4,4.9,5.3,11.2,3.4,6.5,87.0,0.0,0.873,0.0,6.09
34.3,33.4,35.2,12.5,12.2,12.8,26.2,25.8,26.6,29.2,27.6,30.8,0.0146,0.0339,0.00806,0.00825,5.85,0.00921,0.00854,0.0382,0.0402,0.229,0.0104,10.8,9,26,9,400,6.0,4.9,0.0338,6.4,5.4,4.5,4.3,6.2,5.9,6.4,11.3,3.2,8.3,86.2,0.0,0.0,0.0,7.41
30.5,31.6,29.4,6.199999999999999,8.8,3.6000000000000014,27.8,31.2,24.4,35.4,32.6,38.2,0.0156,0.0337,0.00849,0.00781,5.88,0.00998,0.00859,0.0382,0.0399,0.227,0.0105,10.7,9,26,9,400,5.5,4.9,0.0345,6.4,5.8,4.0,4.3,7.2,5.2,7.4,10.9,2.9,9.8,86.5,1.69,0.0,0.0,6.53
33.9,36.0,31.8,6.600000000000001,11.0,2.1999999999999993,26.3,32.0,20.6,32.3,34.4,30.2,0.0144,0.0336,0.00801,0.0083,6.1,0.00998,0.00803,0.0385,0.0399,0.23,0.0104,10.8,9,26,9,400,4.3,6.3,0.0336,5.9,5.4,4.6,5.3,6.1,4.6,7.2,10.6,3.3,7.9,85.7,1.69,1.93,0.0,6.49
31.6,32.8,30.4,7.600000000000001,8.8,6.399999999999999,27.2,26.6,27.8,30.9,32.2,29.6,0.0155,0.0338,0.00816,0.00807,6.47,0.0107,0.00859,0.0384,0.0402,0.225,0.0107,10.8,9,26,9,400,4.9,5.6,0.0349,5.5,6.2,4.3,5.8,5.9,5.3,6.6,12.3,4.3,7.8,88.4,1.69,1.93,0.0,5.3
29.6,27.8,31.4,8.2,8.2,8.2,26.7,29.0,24.4,33.7,34.6,32.8,0.0146,0.0338,0.00795,0.00782,6.8,0.0102,0.00804,0.0385,0.0397,0.231,0.0105,10.7,9,25,9,400,5.8,4.9,0.0349,6.0,6.4,4.6,6.3,5.7,5.1,5.6,11.4,4.2,8.9,90.2,0.0,1.93,0.0,6.42
28.2,30.8,25.6,6.100000000000001,5.199999999999999,7.0,28.7,26.4,31.0,28.0,32.1,23.9,0.0128,0.0333,0.00857,0.00764,1.91,0.00864,0.00703,0.0381,0.0393,0.233,0.0105,9.67,8,22,8,200,3.0,3.5,0.0352,2.5,3.83,1.17,3.67,3.5,2.67,3.17,8.0,3.0,3.5,84.5,0.99,1.06,0.0,0.0
25.9,29.4,22.4,8.3,6.0,10.600000000000001,24.6,21.0,28.2,25.5,25.1,25.9,0.0137,0.0333,0.00922,0.00751,1.97,0.00937,0.00665,0.0382,0.0396,0.235,0.0105,10.2,8,23,9,200,2.9,3.2,0.0352,2.4,3.7,2.0,4.1,3.1,2.6,3.6,6.7,2.3,3.2,68.2,0.99,1.06,0.0,3.48
26.5,27.6,25.4,7.899999999999999,6.800000000000001,9.0,24.4,22.8,26.0,28.8,25.3,32.3,0.0122,0.0334,0.00878,0.00738,2.03,0.00937,0.00786,0.0381,0.0394,0.233,0.0111,10.4,9,27,9,200,2.8,1.9,0.0362,2.3,2.9,3.2,3.3,2.5,2.8,3.3,3.8,1.1,2.6,39.2,0.99,1.06,0.0,3.48
25.0,24.0,26.0,7.300000000000001,4.399999999999999,10.2,26.4,24.6,28.2,26.1,30.3,21.9,0.0137,0.0335,0.00952,0.00735,2.12,0.0101,0.0079,0.0381,0.0397,0.233,0.0111,10.7,9,27,9,200,3.1,2.3,0.0362,3.1,2.2,4.0,2.5,2.9,3.1,2.6,4.6,1.5,3.6,43.4,0.0,0.0,0.0,4.67
26.0,25.0,27.0,6.699999999999999,2.6000000000000014,10.8,24.2,22.6,25.8,29.0,31.4,26.6,0.0126,0.0336,0.00973,0.00761,2.18,0.00863,0.00739,0.0382,0.0397,0.233,0.0111,10.6,9,23,9,200,2.7,3.6,0.0362,2.8,2.3,4.0,2.0,1.9,2.4,2.7,5.5,2.1,4.2,44.7,0.0,0.0,0.0,3.51
26.2,29.0,23.4,8.0,8.0,8.0,25.0,24.8,25.2,26.2,23.8,28.6,0.0136,0.0336,0.00967,0.00723,2.25,0.00878,0.00793,0.0381,0.0399,0.232,0.0112,10.6,9,22,9,200,2.0,3.9,0.0372,2.1,3.3,3.6,2.3,2.2,2.0,2.8,5.1,2.2,4.2,42.7,0.0,0.0,0.0,4.69
27.8,28.6,27.0,9.100000000000001,9.600000000000001,8.600000000000001,26.3,29.6,23.0,27.9,28.4,27.4,0.0128,0.0335,0.00894,0.0077,2.37,0.0103,0.00793,0.0382,0.0397,0.233,0.0111,10.8,9,25,9,200,1.3,2.4,0.0374,3.4,3.5,3.3,2.7,2.8,2.4,2.6,5.3,2.0,4.5,43.1,0.0,0.0,0.0,4.67
26.3,25.2,27.4,6.899999999999999,9.600000000000001,4.199999999999999,23.4,28.4,18.4,26.2,21.4,31.0,0.0137,0.0332,0.00917,0.00743,2.45,0.00948,0.00691,0.038,0.0399,0.233,0.0112,10.7,9,25,9,200,1.7,1.6,0.0361,3.3,4.1,2.3,3.5,2.7,3.2,2.2,6.8,2.2,4.4,46.1,0.0,0.0,0.0,3.51
27.4,27.4,27.4,6.300000000000001,10.399999999999999,2.1999999999999993,26.0,23.2,28.8,29.2,27.8,30.6,0.0128,0.0334,0.00887,0.00778,2.53,0.00948,0.00687,0.038,0.0401,0.232,0.0112,10.6,9,23,8,200,3.0,2.8,0.037,1.8,3.6,2.3,4.0,3.2,3.1,2.4,7.3,2.6,3.8,47.2,0.0,0.0,0.0,3.52
26.2,24.2,28.2,9.2,12.2,6.199999999999999,24.5,23.8,25.2,26.7,26.8,26.6,0.0137,0.0335,0.00898,0.0074,2.63,0.00877,0.00746,0.0381,0.04,0.233,0.0113,10.5,9,22,8,200,3.1,2.7,0.0373,3.0,2.7,3.1,2.6,2.5,3.2,3.4,6.8,2.1,3.3,44.9,0.959,0.0,0.0,3.5
27.1,30.6,23.6,7.800000000000001,3.0,12.600000000000001,25.6,22.0,29.2,26.7,28.4,25.0,0.0128,0.0333,0.00862,0.00791,2.7,0.00958,0.00696,0.0382,0.0403,0.233,0.0104,10.4,9,21,8,200,2.9,2.2,0.0364,4.2,3.0,2.5,2.1,2.1,3.7,3.2,6.9,2.3,3.0,46.4,1.21,0.0,0.0,3.5
24.9,21.8,28.0,8.7,12.600000000000001,4.800000000000001,25.4,26.4,24.4,26.3,25.8,26.8,0.0138,0.0334,0.0084,0.00642,2.78,0.0103,0.00743,0.0382,0.04,0.232,0.0104,10.4,9,25,9,200,2.5,3.1,0.042,3.3,3.2,1.4,2.3,2.0,3.3,2.5,6.1,2.5,3.1,43.5,1.21,1.27,0.0,3.48
28.3,25.8,30.8,5.899999999999999,7.0,4.800000000000001,24.2,23.6,24.8,27.2,24.3,30.1,0.0129,0.0334,0.00877,0.00679,2.85,0.00951,0.00741,0.0379,0.04,0.233,0.0103,10.4,9,24,9,200,1.9,3.2,0.0422,3.2,2.8,1.9,2.3,2.3,2.7,2.8,5.3,1.4,3.4,40.6,0.25,1.28,0.0,3.51
26.0,23.8,28.2,12.2,13.2,11.2,24.8,25.0,24.6,27.9,28.8,27.0,0.0129,0.0335,0.00902,0.00756,2.92,0.0103,0.00744,0.0382,0.0402,0.233,0.0104,10.3,9,21,8,200,3.3,2.9,0.0403,2.9,2.5,2.5,2.6,3.2,2.6,3.1,6.1,2.3,3.5,45.4,0.0,1.28,0.0,2.34
26.8,29.6,24.0,5.5,10.600000000000001,0.40000000000000036,25.5,21.6,29.4,27.1,28.9,25.3,0.0138,0.0334,0.00872,0.00692,2.95,0.00908,0.00734,0.038,0.04,0.232,0.0102,10.3,9,21,8,200,3.3,2.3,0.0412,2.7,2.5,2.2,2.3,3.2,2.4,2.6,5.4,2.5,3.8,44.1,0.0,0.0,0.0,1.18
28.7,26.4,31.0,10.100000000000001,15.2,5.0,25.0,25.2,24.8,25.9,23.9,27.9,0.0138,0.0333,0.00914,0.00755,3.03,0.00908,0.00747,0.0381,0.04,0.231,0.0103,10.4,9,26,9,200,2.5,2.2,0.0415,3.2,1.8,2.1,2.6,2.4,2.4,3.0,4.6,1.5,3.9,41.2,1.01,0.0,0.0,2.18
24.6,22.4,26.8,5.5,6.800000000000001,4.199999999999999,25.2,24.2,26.2,31.3,30.1,32.5,0.011,0.0334,0.00867,0.00698,3.2,0.00908,0.00695,0.0381,0.04,0.235,0.0101,10.3,9,24,9,200,2.1,2.6,0.0415,2.8,1.8,1.9,3.0,2.2,3.0,3.1,4.9,1.5,4.0,41.0,1.01,0.973,0.0,4.28
27.2,29.8,24.6,8.7,6.800000000000001,10.600000000000001,24.5,23.6,25.4,23.0,21.9,24.1,0.012,0.0334,0.00891,0.00716,3.4,0.0104,0.00748,0.0381,0.0396,0.233,0.0109,10.3,9,22,8,200,1.9,2.2,0.0414,2.8,2.3,2.5,3.1,3.2,2.5,2.5,6.1,2.0,4.2,43.3,1.01,0.973,0.0,4.28
25.4,25.0,25.8,6.5,6.399999999999999,6.600000000000001,26.0,24.2,27.8,31.3,31.5,31.1,0.0111,0.0335,0.00827,0.00754,3.56,0.0104,0.00687,0.0382,0.0396,0.233,0.0108,10.3,9,24,9,200,2.7,2.7,0.0401,2.4,2.7,2.2,3.1,4.3,2.8,2.2,6.8,2.2,4.8,45.9,0.0,0.973,0.0,4.35
33.9,34.6,33.2,6.399999999999999,11.2,1.6000000000000014,28.7,26.4,31.0,34.3,30.2,38.4,0.011,0.0335,0.00785,0.00768,3.31,0.00964,0.00679,0.0378,0.0394,0.231,0.0103,9.66,8,23,8,300,7.4,5.0,0.0402,5.0,5.2,4.0,5.0,4.4,5.0,5.0,9.2,3.2,9.6,142.0,0.0,0.0,0.0,0.0
29.1,27.8,30.4,9.0,7.399999999999999,10.600000000000001,26.4,24.0,28.8,27.7,26.2,29.2,0.012,0.0334,0.00829,0.00737,3.45,0.0104,0.00732,0.0379,0.0393,0.235,0.0105,10.2,9,25,9,300,5.6,4.5,0.0406,3.8,4.2,3.5,3.8,4.2,4.9,4.7,9.0,3.2,7.8,101.0,1.05,0.0,0.0,0.0
28.7,30.4,27.0,5.699999999999999,5.800000000000001,5.600000000000001,27.6,26.2,29.0,32.9,31.4,34.4,0.011,0.0335,0.00796,0.0078,3.5,0.0103,0.00678,0.0377,0.0393,0.232,0.0103,10.7,9,28,9,300,4.2,3.8,0.0396,3.9,3.9,3.1,3.6,3.8,4.5,4.4,8.7,3.3,5.5,64.5,1.05,1.11,0.0,0.0
28.6,27.4,29.8,8.3,11.8,4.800000000000001,24.1,26.4,21.8,29.2,33.4,25.0,0.012,0.0335,0.00908,0.00745,3.61,0.00887,0.00731,0.0379,0.0392,0.232,0.0104,10.6,9,28,9,300,4.0,3.5,0.0423,5.1,4.4,4.1,4.4,3.5,4.7,4.6,9.4,3.4,4.9,68.7,1.05,1.11,0.0,0.0
32.8,35.8,29.8,6.0,7.199999999999999,4.800000000000001,25.4,29.0,21.8,28.7,29.4,28.0,0.0111,0.0337,0.00884,0.00772,3.69,0.0096,0.00668,0.0378,0.0388,0.232,0.0103,10.7,9,26,9,300,4.1,3.9,0.0424,4.5,4.5,4.1,3.9,4.0,4.8,3.7,8.4,3.1,5.7,65.8,0.0,1.9,0.0,9.01
27.6,29.0,26.2,7.399999999999999,11.600000000000001,3.1999999999999993,26.4,26.4,26.4,28.8,32.2,25.4,0.0111,0.0339,0.00915,0.00736,3.77,0.0096,0.00715,0.0381,0.0391,0.234,0.0104,10.8,9,26,9,300,4.2,4.3,0.0415,3.4,4.8,3.6,4.1,4.8,4.0,4.1,7.1,2.3,5.8,62.7,0.0,0.783,0.0,10.4
28.7,30.4,27.0,10.3,10.2,10.399999999999999,27.2,28.0,26.4,30.9,29.0,32.8,0.0102,0.0337,0.00877,0.00728,3.77,0.0096,0.00657,0.0379,0.039,0.235,0.0107,10.8,9,27,9,300,4.5,4.0,0.0422,3.6,4.0,4.7,5.2,4.2,4.3,5.1,8.4,1.9,5.3,65.2,0.744,0.783,0.0,11.8
27.7,26.8,28.6,8.2,10.2,6.199999999999999,24.9,26.8,23.0,26.8,23.4,30.2,0.0121,0.0338,0.00952,0.00717,3.85,0.00958,0.00723,0.0378,0.039,0.233,0.011,10.8,9,27,9,300,5.6,3.8,0.0423,4.1,2.7,4.3,5.5,3.8,3.3,4.4,8.5,2.3,6.8,66.0,0.744,0.0,0.0,5.17
31.0,28.6,33.4,7.0,5.0,9.0,25.3,27.0,23.6,32.8,34.2,31.4,0.0111,0.0339,0.00963,0.00743,3.95,0.00889,0.00677,0.0378,0.0392,0.236,0.0109,11.0,9,27,10,300,5.1,3.9,0.0365,4.0,3.0,4.8,4.8,3.8,2.5,3.3,8.1,2.9,6.2,64.4,0.744,0.614,0.0,5.11
32.4,33.2,31.6,7.199999999999999,12.0,2.3999999999999986,27.3,26.0,28.6,28.5,27.0,30.0,0.0111,0.0339,0.00959,0.00718,4.04,0.00968,0.00685,0.0379,0.0391,0.235,0.0114,11.1,9,27,10,300,4.0,4.4,0.0371,3.6,4.0,4.9,4.8,3.7,3.2,3.0,7.2,2.4,5.1,63.3,0.0,1.68,0.0,5.08
29.9,31.6,28.2,9.3,9.0,9.600000000000001,25.6,22.4,28.8,30.2,31.6,28.8,0.0111,0.034,0.00933,0.00682,4.11,0.00892,0.0073,0.0376,0.039,0.232,0.0109,11.1,9,26,9,300,4.0,4.4,0.0375,3.4,3.5,3.5,4.7,4.0,3.2,3.5,7.4,2.0,5.8,62.8,0.0,1.68,0.0,4.12
29.6,27.4,31.8,7.0,10.0,4.0,24.8,21.4,28.2,28.1,27.2,29.0,0.012,0.034,0.00962,0.00695,4.29,0.00969,0.0069,0.0376,0.0389,0.234,0.011,11.1,9,25,9,300,4.5,4.3,0.0374,4.3,3.6,3.7,4.0,4.3,3.8,3.2,8.5,2.4,5.3,65.2,0.557,1.07,0.0,4.19
27.8,29.2,26.4,7.399999999999999,6.199999999999999,8.600000000000001,26.8,26.8,26.8,29.8,28.8,30.8,0.011,0.0339,0.00911,0.00786,4.32,0.0103,0.00676,0.0377,0.0394,0.235,0.0108,11.0,9,24,9,300,4.0,4.3,0.037,4.1,3.8,4.6,3.9,4.4,4.6,4.2,9.8,3.0,5.7,68.0,0.557,0.0,0.0,5.69
31.1,29.8,32.4,8.100000000000001,4.199999999999999,12.0,24.1,23.2,25.0,29.0,30.4,27.6,0.011,0.0339,0.00934,0.00816,4.4,0.0103,0.00726,0.0377,0.0393,0.233,0.0109,11.0,9,22,9,300,3.9,3.6,0.0362,3.1,3.3,4.8,4.0,4.3,4.9,5.0,9.2,3.3,6.3,66.0,0.557,0.782,0.0,5.36
27.7,30.2,25.2,9.600000000000001,12.2,7.0,26.0,29.2,22.8,32.5,36.6,28.4,0.0109,0.0339,0.00909,0.00816,4.5,0.00982,0.00673,0.0375,0.0391,0.235,0.0101,11.0,9,25,9,300,4.3,3.5,0.0364,3.4,4.2,3.5,4.8,4.2,4.7,4.1,8.5,2.9,5.1,65.1,0.0,0.782,0.0,5.15
31.5,28.6,34.4,7.399999999999999,3.8000000000000007,11.0,26.9,26.0,27.8,28.8,24.4,33.2,0.0109,0.0341,0.00953,0.00784,4.56,0.00982,0.0073,0.0378,0.0393,0.234,0.00973,11.0,9,25,9,300,3.6,3.0,0.0377,3.9,5.0,3.2,5.6,4.7,3.9,3.8,9.8,2.9,6.0,69.1,0.0,0.782,0.0,4.62
28.3,27.6,29.0,8.2,8.399999999999999,8.0,26.6,24.4,28.8,31.9,29.2,34.6,0.0113,0.0341,0.00888,0.00834,4.76,0.00984,0.00676,0.0376,0.0396,0.234,0.0101,11.0,9,27,9,300,3.7,3.1,0.0374,3.7,4.2,3.7,5.1,4.4,3.7,3.6,9.5,2.7,6.6,65.5,0.968,0.941,0.0,4.92
29.0,28.6,29.4,8.0,7.600000000000001,8.399999999999999,26.3,23.8,28.8,28.2,32.8,23.6,0.0122,0.034,0.00866,0.00845,4.99,0.0091,0.00767,0.0376,0.0394,0.234,0.0103,11.0,9,29,9,300,4.0,4.1,0.0367,3.7,4.6,3.9,4.1,4.1,4.3,3.4,8.5,2.8,6.2,63.8,0.968,0.941,0.0,5.14
28.3,29.8,26.8,6.300000000000001,1.8000000000000007,10.8,27.3,26.2,28.4,29.6,31.4,27.8,0.0113,0.0341,0.0087,0.00845,5.23,0.0091,0.00764,0.0379,0.0394,0.234,0.0101,11.0,9,26,9,300,3.4,3.9,0.0374,3.6,5.0,3.9,4.4,4.3,4.5,3.3,8.6,2.7,6.0,64.7,0.968,0.941,0.0,4.45
43.8,44.4,43.2,7.100000000000001,9.2,5.0,31.2,28.8,33.6,35.7,32.0,39.4,0.0112,0.0339,0.00785,0.0085,4.73,0.00891,0.00715,0.0378,0.0398,0.235,0.0105,12.1,9,33,10,400,7.67,9.33,0.0343,5.33,8.67,6.33,7.67,6.0,5.0,7.67,14.3,4.33,8.33,200.0,0.0,1.06,0.0,0.0
28.6,31.2,26.0,7.399999999999999,3.1999999999999993,11.600000000000001,27.2,26.8,27.6,29.8,32.3,27.3,0.0112,0.034,0.0081,0.0082,4.83,0.00898,0.00728,0.0378,0.0398,0.234,0.0108,11.5,9,30,9,400,6.63,7.0,0.0355,5.63,7.0,5.38,6.25,6.0,5.63,6.0,12.6,4.13,7.38,148.0,0.0,1.06,0.0,0.0
31.0,28.0,34.0,7.699999999999999,7.800000000000001,7.600000000000001,25.9,26.4,25.4,33.1,30.2,36.0,0.0122,0.0337,0.00753,0.00866,4.81,0.00975,0.00725,0.0379,0.0395,0.233,0.0107,11.3,9,24,9,400,5.7,6.0,0.0355,5.8,6.1,5.0,5.6,5.7,6.4,5.7,13.6,4.3,7.4,108.0,0.818,1.06,0.0,0.0
31.8,34.0,29.6,6.699999999999999,9.0,4.399999999999999,26.4,24.6,28.2,32.2,35.5,28.9,0.0122,0.034,0.00816,0.00874,4.91,0.00975,0.00728,0.038,0.0398,0.232,0.0103,11.5,9,28,9,400,4.5,5.1,0.0345,5.1,5.1,5.1,6.5,4.7,7.3,6.5,11.8,3.4,6.7,85.9,0.818,0.715,0.0,8.9
32.7,32.4,33.0,10.899999999999999,10.600000000000001,11.2,27.3,29.8,24.8,32.3,35.6,29.0,0.0114,0.0341,0.00762,0.00822,5.02,0.00895,0.00662,0.0381,0.0397,0.233,0.01,11.4,9,27,9,400,4.9,5.1,0.05,4.5,3.5,6.2,6.8,4.2,7.2,4.7,9.2,2.3,6.7,79.6,1.59,1.45,0.0,10.3
30.0,31.2,28.8,8.0,10.0,6.0,28.1,26.6,29.6,32.8,32.4,33.2,0.0123,0.0341,0.00802,0.00837,5.13,0.00973,0.00722,0.0381,0.0395,0.234,0.0102,11.6,9,28,10,400,5.7,6.9,0.05,4.6,4.8,6.1,5.7,5.5,5.8,4.0,10.0,2.8,8.7,87.1,0.773,1.45,0.0,13.0
34.5,34.6,34.4,6.5,7.0,6.0,27.1,26.8,27.4,31.9,28.6,35.2,0.0123,0.0341,0.00718,0.00868,5.23,0.00962,0.00666,0.0381,0.0392,0.231,0.00971,11.6,9,29,9,400,5.1,6.2,0.0493,5.0,7.1,5.2,5.0,6.1,5.3,5.1,11.2,4.0,8.6,88.8,0.773,1.57,0.0,5.46
30.4,30.6,30.2,7.899999999999999,9.399999999999999,6.399999999999999,28.4,29.6,27.2,33.8,35.2,32.4,0.0133,0.0339,0.00761,0.00838,5.35,0.00962,0.00677,0.0381,0.0393,0.236,0.0102,11.4,9,25,9,400,5.9,5.2,0.0498,6.1,5.7,4.5,5.2,6.2,5.8,6.2,12.7,5.0,7.6,90.2,0.0,0.841,0.0,6.66
32.8,34.2,31.4,6.0,2.1999999999999993,9.8,27.0,29.2,24.8,30.9,33.8,28.0,0.0114,0.0341,0.0072,0.00876,5.26,0.0101,0.00673,0.0383,0.0394,0.235,0.01,11.4,9,27,9,400,7.4,5.4,0.0489,6.1,4.5,4.8,5.7,6.7,5.4,5.7,12.0,4.4,7.4,89.2,0.0,1.66,0.0,6.68
34.5,38.0,31.0,7.399999999999999,7.800000000000001,7.0,25.0,24.6,25.4,32.9,28.2,37.6,0.0114,0.0343,0.00717,0.00732,5.47,0.00875,0.00739,0.0381,0.039,0.236,0.0103,11.4,9,27,9,400,7.0,5.9,0.05,5.7,4.8,6.4,5.8,5.7,4.3,4.1,10.7,3.7,6.7,84.7,0.0,1.81,0.0,6.52
30.4,31.2,29.6,10.2,7.399999999999999,13.0,27.7,30.2,25.2,33.3,36.0,30.6,0.0124,0.0345,0.00741,0.00846,5.55,0.00875,0.00818,0.0381,0.0387,0.235,0.0113,11.4,9,26,9,400,6.1,6.6,0.0501,6.0,5.8,5.8,5.5,6.1,4.3,4.5,11.0,4.2,6.1,86.9,0.666,1.81,0.0,6.05
31.2,32.2,30.2,7.600000000000001,3.8000000000000007,11.399999999999999,25.6,26.4,24.8,28.3,28.0,28.6,0.0125,0.0345,0.0073,0.00795,5.54,0.00792,0.00822,0.0381,0.0391,0.236,0.011,11.4,9,25,9,400,5.0,6.8,0.0499,6.7,6.0,5.1,6.4,6.4,5.5,5.9,11.6,3.9,7.2,90.4,0.666,0.992,0.0,4.55
35.0,37.2,32.8,7.399999999999999,5.0,9.8,26.5,25.2,27.8,32.9,32.8,33.0,0.0125,0.0343,0.00753,0.00829,5.7,0.00874,0.00815,0.0379,0.0391,0.235,0.0114,11.4,9,25,9,400,5.6,5.2,0.0497,6.4,6.0,6.2,6.8,5.3,5.9,6.4,11.3,3.7,8.0,89.5,0.666,0.0,0.0,6.73
32.5,33.0,32.0,8.399999999999999,8.600000000000001,8.2,25.9,26.8,25.0,32.6,34.6,30.6,0.0112,0.0343,0.00796,0.00789,5.73,0.00876,0.00824,0.0377,0.0389,0.237,0.011,11.3,9,25,9,400,6.2,4.8,0.0498,4.7,6.7,5.6,6.0,5.3,6.0,5.8,12.5,4.0,7.8,89.4,0.0,1.89,0.0,7.14
30.3,33.0,27.6,8.899999999999999,7.800000000000001,10.0,26.7,27.8,25.6,33.6,36.0,31.2,0.0117,0.0346,0.008,0.00833,5.81,0.00876,0.00691,0.0378,0.0389,0.234,0.0108,11.2,9,26,8,400,5.0,5.2,0.0499,4.4,6.3,3.9,5.9,6.1,5.6,5.8,12.3,3.5,7.0,86.0,0.0,1.89,0.0,7.46
29.2,32.4,26.0,8.5,7.399999999999999,9.600000000000001,27.1,26.6,27.6,29.6,29.4,29.8,0.0128,0.0344,0.00801,0.00797,5.89,0.00951,0.00691,0.0375,0.0389,0.235,0.0109,11.2,9,28,9,400,5.3,5.6,0.0496,4.8,7.2,4.4,6.3,6.0,4.5,5.8,11.6,3.6,6.6,86.6,0.87,1.89,0.0,5.43
33.8,37.8,29.8,6.100000000000001,1.1999999999999993,11.0,27.2,24.6,29.8,35.4,36.2,34.6,0.0112,0.0344,0.0075,0.0084,6.16,0.00955,0.00747,0.0377,0.0389,0.233,0.0107,11.2,9,27,9,400,6.1,6.3,0.0497,5.1,7.0,4.8,6.0,4.6,5.3,5.9,12.0,4.1,6.7,89.1,0.87,0.0,0.0,5.46
31.2,33.6,28.8,7.0,7.0,7.0,26.2,25.4,27.0,29.5,27.4,31.6,0.0112,0.0345,0.00784,0.00792,6.47,0.00955,0.00755,0.0376,0.0387,0.236,0.0108,11.2,9,27,9,400,6.0,5.9,0.049,5.4,6.0,6.8,4.5,4.9,5.9,5.5,12.1,4.2,6.4,88.4,0.87,0.0,0.0,5.41
32.7,32.2,33.2,6.5,12.600000000000001,0.40000000000000036,25.3,22.0,28.6,34.2,30.8,37.6,0.0104,0.0344,0.0075,0.00818,6.73,0.00877,0.00706,0.0378,0.0385,0.233,0.0101,11.2,9,26,9,400,5.0,6.4,0.0487,5.8,5.7,7.2,5.4,5.0,7.1,4.7,12.7,4.5,6.7,90.9,0.0,1.69,0.0,6.63
34.2,33.8,34.6,8.100000000000001,10.0,6.199999999999999,26.1,28.2,24.0,29.2,28.2,30.2,0.0151,0.0345,0.00794,0.00788,7.03,0.009,0.0076,0.0377,0.0386,0.235,0.0102,11.2,9,25,9,400,4.6,5.9,0.0499,5.9,4.9,5.6,5.4,4.8,7.5,5.0,12.1,3.9,7.0,87.9,0.0104,2.69,0.0,5.39
27.0,28.6,25.4,6.399999999999999,4.800000000000001,8.0,26.2,26.0,26.4,26.3,24.3,28.2,0.0172,0.0329,0.00864,0.00733,1.9,0.00934,0.00717,0.0376,0.0388,0.233,0.0107,11.6,9,26,9,200,3.5,2.0,0.0474,4.5,4.0,3.0,3.0,2.0,2.5,2.67,5.5,1.67,4.67,79.8,1.07,0.0,0.0,0.0
27.6,30.8,24.4,8.7,6.0,11.399999999999999,24.9,24.0,25.8,27.0,25.3,28.6,0.0221,0.033,0.00869,0.00723,1.98,0.0107,0.0073,0.0377,0.0392,0.233,0.0109,11.8,9,28,9,200,3.4,2.1,0.0329,4.1,4.2,3.3,2.6,2.0,2.5,2.0,5.9,1.9,5.2,66.5,1.07,1.04,0.0,3.39
24.4,27.2,21.6,6.899999999999999,4.399999999999999,9.399999999999999,24.5,28.6,20.4,27.1,25.6,28.6,0.0212,0.0331,0.00822,0.00755,2.07,0.00943,0.00768,0.0378,0.0393,0.232,0.0108,11.3,9,25,9,200,3.2,2.1,0.0328,3.4,3.3,2.7,3.1,2.5,2.2,1.8,5.6,2.1,3.5,43.3,0.000209,1.04,0.0,4.57
26.0,23.0,29.0,6.699999999999999,9.2,4.199999999999999,25.4,25.6,25.2,27.0,22.4,31.6,0.0222,0.033,0.00866,0.00717,2.17,0.00943,0.00781,0.038,0.0391,0.233,0.0105,11.0,9,21,8,200,3.8,2.5,0.0337,3.2,3.3,2.8,4.1,2.9,2.3,3.2,7.1,2.4,3.0,48.7,0.0,1.04,0.0,5.71
25.6,28.4,22.8,8.2,11.399999999999999,5.0,24.5,25.4,23.6,27.6,33.8,21.4,0.0209,0.0331,0.00814,0.00762,2.23,0.00867,0.00778,0.0381,0.0393,0.231,0.0108,10.9,9,23,9,200,3.0,2.7,0.0327,2.3,2.7,3.6,3.3,2.9,2.8,3.5,7.2,2.5,3.1,47.6,0.0,0.0,0.0,3.51
26.3,23.4,29.2,9.100000000000001,7.199999999999999,11.0,23.8,22.0,25.6,27.2,29.4,25.0,0.0219,0.0331,0.00866,0.00716,2.27,0.0094,0.0079,0.0382,0.0394,0.232,0.011,10.9,9,24,9,200,2.1,2.7,0.0335,1.9,2.1,3.9,3.4,3.7,3.5,3.2,6.1,2.2,2.7,44.9,0.0,0.0,0.0,2.33
26.4,28.4,24.4,10.600000000000001,12.0,9.2,27.7,27.4,28.0,28.5,25.4,31.6,0.0208,0.0333,0.00827,0.00753,2.37,0.00861,0.00727,0.0379,0.0393,0.232,0.0111,10.8,9,25,9,200,2.0,2.6,0.0335,2.3,2.3,3.1,3.3,3.3,3.4,2.5,5.8,2.0,3.5,43.0,0.0,0.0,0.0,3.57
25.5,23.8,27.2,6.899999999999999,10.0,3.8000000000000007,24.2,21.0,27.4,26.7,21.6,31.8,0.0208,0.0332,0.00847,0.00743,2.39,0.00935,0.00838,0.038,0.0393,0.235,0.0118,10.8,9,25,9,200,2.9,2.4,0.0335,2.5,2.2,2.1,2.6,2.8,2.6,2.8,5.3,2.0,5.0,42.6,0.0,0.0,0.0,3.6
24.7,27.2,22.2,6.699999999999999,2.6000000000000014,10.8,25.8,28.8,22.8,28.1,31.2,25.0,0.0222,0.0332,0.00717,0.00776,2.44,0.00945,0.00771,0.0383,0.0398,0.232,0.0116,10.8,9,26,9,200,3.0,2.8,0.0337,2.6,2.5,1.7,2.5,2.4,3.3,3.4,5.0,1.5,4.8,43.2,0.772,0.0,0.0,3.6
29.0,26.8,31.2,7.800000000000001,7.199999999999999,8.399999999999999,23.6,23.4,23.8,27.4,27.2,27.6,0.0222,0.0336,0.00858,0.00745,2.53,0.00875,0.00832,0.0381,0.0396,0.23,0.0117,10.8,9,24,9,200,2.3,2.9,0.0337,3.2,2.4,1.9,1.9,2.1,3.4,3.0,4.3,1.1,4.1,40.1,0.772,0.0,0.0,3.08
25.8,26.0,25.6,7.600000000000001,11.2,4.0,25.1,26.8,23.4,27.3,32.2,22.4,0.0231,0.0336,0.00794,0.008,2.64,0.00875,0.00695,0.0381,0.0396,0.235,0.0115,10.7,9,24,9,200,2.5,2.1,0.0341,3.0,2.4,2.6,1.9,2.1,2.2,3.0,4.5,1.7,4.7,42.1,0.772,0.661,0.0,2.35
26.7,25.4,28.0,9.600000000000001,11.0,8.2,26.5,26.8,26.2,26.4,23.7,29.1,0.0213,0.0335,0.00794,0.00778,2.7,0.00875,0.00744,0.038,0.0397,0.233,0.0113,10.7,9,24,8,200,2.1,2.5,0.033,3.4,2.7,3.4,1.9,1.6,2.3,3.5,6.2,2.1,3.9,44.7,0.0,0.661,0.0,3.52
26.1,26.4,25.8,7.199999999999999,9.8,4.600000000000001,23.6,27.4,19.8,28.5,28.3,28.7,0.0214,0.0333,0.00858,0.0083,2.82,0.00875,0.00683,0.0385,0.0397,0.233,0.0116,10.6,9,20,8,200,2.5,3.9,0.0338,3.0,2.2,3.4,2.0,1.7,3.6,3.0,6.4,1.9,3.8,44.6,0.661,0.661,0.0,2.84
26.5,29.8,23.2,6.699999999999999,1.3999999999999986,12.0,26.1,24.4,27.8,27.1,27.0,27.2,0.0224,0.0333,0.0082,0.00828,2.9,0.00877,0.0074,0.0385,0.0393,0.23,0.0118,10.5,9,22,8,200,2.4,3.8,0.0329,3.2,2.6,2.5,2.6,2.9,4.0,3.7,6.0,1.6,3.4,45.0,0.661,0.0,0.0,4.7
25.4,27.2,23.6,8.100000000000001,9.8,6.399999999999999,25.4,28.3,22.5,27.5,25.0,30.0,0.0214,0.0332,0.00777,0.00834,2.99,0.00877,0.00683,0.0383,0.0391,0.232,0.0107,10.5,9,24,9,200,2.2,2.1,0.0339,3.4,3.4,2.8,2.3,3.7,4.4,3.7,5.8,1.2,2.5,44.1,0.661,0.571,0.0,4.57
27.1,25.4,28.8,8.7,12.2,5.199999999999999,25.8,24.1,27.5,26.3,26.3,26.3,0.0214,0.0333,0.00801,0.00803,3.04,0.00945,0.00744,0.0384,0.0391,0.233,0.0108,10.5,9,26,9,200,2.7,1.8,0.0339,2.3,2.5,3.5,2.5,3.2,4.6,3.3,5.4,1.9,2.7,44.3,0.0,0.571,0.0,3.38
28.5,30.2,26.8,8.3,11.0,5.600000000000001,24.4,27.2,21.6,29.3,28.3,30.3,0.0214,0.0332,0.00757,0.00794,3.2,0.00872,0.00691,0.0386,0.0391,0.232,0.0107,10.4,9,21,8,200,2.3,2.1,0.0337,2.6,1.4,3.6,2.7,2.7,3.6,4.0,5.0,2.0,3.7,43.8,0.787,1.55,0.0,3.09
25.7,30.2,21.2,7.5,3.0,12.0,24.5,25.6,23.4,25.0,24.6,25.4,0.0222,0.0333,0.00817,0.00792,3.36,0.00949,0.00747,0.0385,0.0392,0.233,0.0108,10.3,9,21,7,200,2.4,1.9,0.033,3.4,2.5,3.4,2.4,2.1,2.6,3.6,5.2,2.0,4.3,43.5,0.787,0.979,0.0,2.63
27.3,25.2,29.4,6.899999999999999,6.399999999999999,7.399999999999999,24.2,24.0,24.4,26.9,20.6,33.2,0.0209,0.0332,0.00753,0.00778,3.54,0.00951,0.00693,0.0387,0.039,0.231,0.0113,10.4,9,26,8,200,2.6,2.2,0.0343,3.6,2.9,3.5,2.4,1.5,3.1,2.6,6.4,2.8,2.9,44.2,0.787,0.979,0.0,3.1
33.6,33.0,34.2,6.0,7.800000000000001,4.199999999999999,29.1,32.0,26.2,33.9,36.2,31.6,0.0148,0.033,0.00773,0.0111,3.27,0.00871,0.00854,0.0385,0.0393,0.234,0.011,10.7,9,23,9,300,6.0,6.6,0.0375,5.6,5.6,4.2,3.8,5.4,3.6,4.6,12.8,3.2,8.0,145.0,1.04,0.0,0.0,0.0
29.6,26.8,32.4,7.600000000000001,10.2,5.0,25.4,29.6,21.2,27.8,26.4,29.2,0.0148,0.0333,0.00824,0.0107,3.31,0.00942,0.00804,0.0384,0.0394,0.233,0.0111,10.8,9,26,9,300,4.7,4.6,0.0375,4.1,4.3,4.4,4.6,3.6,3.7,3.7,9.7,2.4,6.7,99.2,1.04,0.0,0.0,0.0
27.9,29.6,26.2,7.600000000000001,5.399999999999999,9.8,26.9,25.0,28.8,31.4,35.0,27.8,0.0173,0.0332,0.00792,0.0106,3.47,0.00869,0.00792,0.0385,0.0393,0.233,0.011,10.9,9,28,9,300,4.5,3.9,0.0369,3.8,4.0,5.0,4.9,2.0,3.7,3.2,6.7,2.5,4.9,59.1,0.000199,0.0,0.0,0.0
29.8,32.0,27.6,8.600000000000001,5.600000000000001,11.600000000000001,24.6,24.0,25.2,30.5,29.0,32.0,0.0182,0.0333,0.00818,0.0106,3.52,0.00942,0.00851,0.0388,0.0396,0.232,0.0104,10.8,9,28,9,300,5.0,5.5,0.0379,4.9,4.8,5.3,4.0,3.1,4.0,4.2,8.9,4.1,4.9,69.0,0.0,1.07,0.0,6.24
30.9,31.8,30.0,7.0,4.600000000000001,9.399999999999999,27.8,27.6,28.0,30.7,26.2,35.2,0.0182,0.0332,0.00797,0.0103,3.65,0.00868,0.0074,0.0387,0.0395,0.23,0.0101,10.9,9,27,9,300,5.1,4.9,0.0376,3.9,4.8,4.5,3.6,4.4,4.3,3.5,9.5,3.8,5.2,68.0,0.0,1.07,0.0,9.02
29.0,30.8,27.2,9.2,9.0,9.399999999999999,25.3,27.4,23.2,28.2,27.3,29.1,0.0169,0.0331,0.00839,0.0104,3.69,0.0086,0.00791,0.0384,0.0392,0.231,0.0103,10.9,9,26,9,300,4.7,3.9,0.037,3.6,4.7,5.3,4.4,4.0,4.4,3.6,9.0,3.0,5.3,67.4,0.0,1.9,0.0,10.4
28.4,28.4,28.4,6.100000000000001,7.600000000000001,4.600000000000001,25.2,29.8,20.6,29.7,26.1,33.3,0.0178,0.0332,0.00702,0.0103,3.79,0.0086,0.00785,0.0387,0.0395,0.235,0.0102,10.8,9,23,9,300,3.2,4.1,0.0379,3.6,3.8,5.6,4.5,3.7,3.7,4.7,8.1,2.3,5.9,65.0,0.0,0.835,0.0,5.53
30.8,28.8,32.8,10.7,9.600000000000001,11.8,24.8,27.6,22.0,28.5,26.0,31.0,0.0177,0.033,0.00916,0.0101,3.84,0.00934,0.00789,0.0386,0.0395,0.231,0.0105,10.8,9,26,9,300,3.0,4.2,0.0375,4.2,3.6,5.0,5.3,4.0,2.6,4.1,7.2,1.9,6.0,63.3,0.0,0.835,0.0,4.23
28.5,29.8,27.2,6.399999999999999,3.0,9.8,27.1,29.6,24.6,29.9,28.2,31.6,0.0177,0.0333,0.00932,0.00983,3.96,0.00934,0.0074,0.0387,0.0395,0.231,0.0103,11.0,9,28,9,300,4.7,3.7,0.0376,4.6,4.1,5.4,5.0,3.9,2.9,4.5,8.9,2.8,5.6,67.1,0.0,0.0,0.0,5.14
27.4,27.6,27.2,7.5,10.600000000000001,4.399999999999999,25.7,21.0,30.4,29.4,28.8,30.0,0.0177,0.0332,0.00921,0.00984,4.01,0.0101,0.00798,0.0384,0.0396,0.233,0.0104,11.0,9,27,10,300,5.2,4.0,0.0379,3.3,3.5,4.9,4.2,3.6,3.5,4.8,8.7,3.1,6.0,65.9,0.77,0.696,0.0,3.95
31.0,29.4,32.6,7.800000000000001,9.2,6.399999999999999,25.0,24.6,25.4,32.4,31.8,33.0,0.0166,0.0333,0.00869,0.0102,4.09,0.0086,0.00741,0.0383,0.0398,0.234,0.0108,11.0,9,23,9,300,4.3,4.0,0.038,3.9,3.4,4.1,4.5,3.2,4.2,4.5,8.1,3.4,6.3,65.7,0.77,1.53,0.0,5.23
28.4,26.8,30.0,6.300000000000001,6.800000000000001,5.800000000000001,24.6,27.8,21.4,28.9,30.8,27.0,0.0177,0.0338,0.00971,0.00962,4.12,0.00938,0.00796,0.0384,0.04,0.235,0.011,11.0,9,24,9,300,4.5,3.5,0.037,5.4,4.4,3.5,3.9,3.7,4.5,4.6,8.9,3.0,5.0,64.8,0.77,1.53,0.0,4.26
32.1,34.2,30.0,8.399999999999999,7.399999999999999,9.399999999999999,25.6,22.4,28.8,29.0,28.5,29.5,0.0177,0.0336,0.00943,0.0102,4.28,0.0087,0.00735,0.0385,0.04,0.232,0.0109,11.0,9,25,9,300,4.0,4.0,0.0371,6.3,4.7,4.0,3.5,3.9,3.9,4.8,9.0,2.5,5.5,66.1,0.0,1.77,0.0,5.32
27.9,27.2,28.6,9.8,9.2,10.399999999999999,26.0,29.0,23.0,30.6,31.3,29.9,0.0177,0.0338,0.00993,0.0103,4.33,0.00944,0.00791,0.0386,0.04,0.231,0.011,10.9,9,26,9,300,3.8,4.5,0.0379,5.6,4.4,3.5,3.3,4.1,4.1,3.6,7.4,2.4,6.0,63.3,0.566,0.931,0.0,4.67
28.9,32.2,25.6,5.800000000000001,1.8000000000000007,9.8,25.7,26.8,24.6,31.0,30.1,31.9,0.0167,0.0337,0.00934,0.0104,4.43,0.00867,0.00784,0.0383,0.0397,0.231,0.0109,11.0,9,28,9,300,4.1,4.4,0.0381,4.4,4.0,3.8,3.3,4.7,4.5,2.7,7.0,2.0,4.6,61.8,0.566,0.931,0.0,4.64
28.4,27.2,29.6,6.800000000000001,8.399999999999999,5.199999999999999,25.0,22.4,27.6,28.2,32.1,24.3,0.0177,0.0339,0.00974,0.00988,4.43,0.00872,0.00797,0.0385,0.0397,0.234,0.0109,10.9,9,26,9,300,3.8,4.6,0.0377,3.9,3.8,4.5,4.0,4.0,3.9,4.3,8.7,2.1,4.0,63.6,0.566,0.0,0.0,4.51
31.5,32.8,30.2,10.3,12.600000000000001,8.0,27.3,26.8,27.8,29.2,30.7,27.7,0.0177,0.0338,0.00986,0.00979,4.73,0.00872,0.00739,0.0384,0.0395,0.232,0.0108,10.9,9,22,9,300,3.9,4.7,0.0378,3.6,3.7,4.4,4.3,3.6,4.2,5.2,8.7,2.3,5.6,65.4,0.0,0.0,0.0,4.77
28.1,27.2,29.0,7.199999999999999,6.800000000000001,7.600000000000001,25.6,21.8,29.4,32.2,29.9,34.5,0.0177,0.0337,0.00973,0.00957,4.96,0.00874,0.00793,0.0387,0.0397,0.234,0.0109,10.9,9,24,9,300,3.9,3.6,0.0376,3.5,3.9,4.0,4.9,3.5,4.7,4.8,7.8,2.4,7.1,65.6,1.0,0.844,0.0,4.89
29.2,27.4,31.0,8.8,8.2,9.399999999999999,25.9,22.6,29.2,30.3,31.8,28.8,0.0177,0.0339,0.00933,0.0104,5.24,0.00874,0.00738,0.0386,0.0396,0.235,0.0101,10.9,9,23,9,300,3.8,3.4,0.0377,3.3,4.2,4.7,5.5,3.7,4.3,4.7,9.4,3.2,6.1,68.1,1.0,1.69,0.0,3.77
40.9,41.2,40.6,7.899999999999999,11.399999999999999,4.399999999999999,30.8,29.2,32.4,35.1,32.6,37.6,0.0111,0.0335,0.0092,0.00813,4.7,0.00941,0.00699,0.0384,0.0391,0.232,0.0109,10.7,8,27,8,400,6.75,5.25,0.0345,4.0,5.25,3.5,6.5,5.5,5.0,4.25,10.8,2.75,8.25,152.0,0.0,0.0,0.0,2.47
30.3,30.2,30.4,6.100000000000001,1.3999999999999986,10.8,25.4,22.8,28.0,29.0,28.6,29.4,0.012,0.0336,0.00985,0.00827,4.7,0.00941,0.0075,0.0385,0.0392,0.235,0.011,10.3,8,26,8,400,5.22,5.22,0.0356,5.11,5.67,5.11,6.89,5.22,5.0,4.67,10.7,2.56,8.0,130.0,0.0,0.0,0.0,4.81
29.0,30.2,27.8,8.600000000000001,9.600000000000001,7.600000000000001,28.0,31.4,24.6,33.7,29.7,37.6,0.012,0.0338,0.00953,0.00817,4.84,0.00868,0.00698,0.0385,0.039,0.233,0.0108,10.1,8,22,8,400,5.0,5.3,0.0353,5.2,6.0,7.1,6.4,5.4,5.5,4.8,9.8,2.4,7.9,101.0,0.0,0.0,0.0,7.32
32.9,33.4,32.4,8.600000000000001,6.399999999999999,10.8,27.3,29.6,25.0,33.2,33.9,32.5,0.0121,0.0335,0.00992,0.00822,4.89,0.00868,0.00691,0.0385,0.0389,0.23,0.0111,10.2,8,26,8,400,5.5,5.0,0.0342,4.9,5.8,6.7,5.6,4.8,5.1,5.4,9.4,2.6,8.6,86.5,0.821,0.0,0.0,6.2
31.2,28.8,33.6,7.699999999999999,10.600000000000001,4.800000000000001,27.4,28.8,26.0,30.5,33.9,27.1,0.0111,0.0337,0.00778,0.00838,4.95,0.00794,0.00686,0.0385,0.0391,0.231,0.0109,10.2,8,26,8,400,5.1,5.3,0.0354,4.9,5.5,6.1,5.5,5.4,4.2,5.1,11.4,3.8,8.5,86.1,1.57,2.33,0.0,5.28
33.2,32.3,34.1,9.600000000000001,13.600000000000001,5.600000000000001,27.4,26.4,28.4,32.3,32.3,32.3,0.0121,0.0337,0.00889,0.00851,5.06,0.00945,0.00743,0.0385,0.039,0.234,0.011,10.1,8,24,8,400,5.1,6.0,0.0355,4.0,5.4,6.2,5.7,6.6,5.9,4.4,13.6,4.9,7.8,90.8,1.57,3.24,0.0,5.41
28.7,27.5,29.9,6.100000000000001,2.3999999999999986,9.8,27.1,25.0,29.2,29.3,25.7,32.9,0.0112,0.0338,0.00859,0.00798,5.12,0.0087,0.00685,0.0386,0.0388,0.232,0.0107,10.2,8,25,9,400,5.7,5.5,0.0344,4.8,5.5,5.9,4.8,5.1,6.6,5.1,11.6,3.8,7.2,87.6,0.754,3.24,0.0,6.68
31.4,30.2,32.6,7.199999999999999,12.0,2.3999999999999986,25.7,26.2,25.2,35.0,34.7,35.3,0.0121,0.0338,0.00919,0.00799,5.17,0.00943,0.00743,0.0385,0.0388,0.232,0.0103,10.3,8,25,9,400,6.6,4.7,0.0364,5.4,5.8,5.5,4.9,5.3,6.1,4.8,10.9,3.1,7.1,86.1,0.0,0.911,0.0,7.84
33.6,34.4,32.8,8.0,12.0,4.0,26.3,26.6,26.0,34.4,36.7,32.1,0.011,0.0335,0.00823,0.0085,5.32,0.00866,0.00688,0.0387,0.0387,0.231,0.0101,10.5,8,26,9,400,6.3,5.0,0.0364,5.9,5.3,5.2,6.0,5.9,6.2,4.6,11.9,3.9,7.4,89.5,0.0,0.0,0.0,6.61
30.9,32.0,29.8,7.399999999999999,6.399999999999999,8.399999999999999,27.3,25.2,29.4,29.3,26.4,32.2,0.012,0.0337,0.00856,0.00794,5.35,0.00942,0.00749,0.0386,0.039,0.233,0.0103,10.6,8,27,9,400,5.9,5.7,0.0366,5.8,5.5,5.0,6.1,5.5,5.1,6.4,11.8,4.1,7.5,88.7,0.0,0.95,0.0,5.25
33.5,33.6,33.4,9.399999999999999,12.8,6.0,26.7,30.2,23.2,32.0,37.2,26.8,0.012,0.0338,0.00794,0.00851,5.47,0.00868,0.00693,0.0383,0.0388,0.235,0.0105,10.7,9,26,10,400,5.9,5.5,0.0365,5.0,6.4,5.7,6.1,5.6,4.1,6.5,11.8,4.1,7.4,88.8,0.0,1.89,0.0,5.77
32.3,30.0,34.6,7.0,3.6000000000000014,10.399999999999999,26.2,28.2,24.2,32.9,33.4,32.4,0.0119,0.0338,0.00835,0.00806,5.63,0.00957,0.00702,0.0387,0.0391,0.236,0.0102,10.7,9,25,10,400,5.5,4.2,0.0364,4.9,7.1,6.2,6.2,5.8,4.7,6.0,11.7,4.0,7.6,89.3,0.0,1.89,0.0,6.71
30.9,34.2,27.6,7.399999999999999,8.600000000000001,6.199999999999999,26.7,25.6,27.8,35.8,28.6,42.9,0.011,0.0342,0.00794,0.00835,5.76,0.00875,0.00689,0.0384,0.039,0.234,0.01,10.8,9,25,9,400,5.5,5.0,0.0357,5.4,6.6,5.1,7.0,5.7,5.9,5.9,12.0,3.9,7.2,90.0,0.0,0.935,0.0,7.99
33.7,34.8,32.6,7.100000000000001,10.0,4.199999999999999,27.6,25.4,29.8,32.9,31.0,34.8,0.0125,0.034,0.00782,0.00846,5.76,0.00962,0.00747,0.0384,0.0392,0.233,0.0102,10.8,9,26,9,400,6.0,5.6,0.0366,5.4,5.7,5.2,7.0,6.3,5.9,5.9,12.6,4.4,5.1,90.8,0.684,0.0,0.0,4.9
31.1,31.0,31.2,10.3,12.2,8.399999999999999,27.3,29.0,25.6,29.8,31.0,28.6,0.0125,0.0342,0.00801,0.00837,5.91,0.0096,0.00813,0.0384,0.0388,0.232,0.0107,10.9,9,28,9,400,5.0,4.7,0.0368,4.9,6.7,5.5,7.1,6.3,6.0,5.7,12.6,4.7,5.3,91.1,0.684,1.67,0.0,5.73
33.9,32.2,35.6,8.0,11.600000000000001,4.399999999999999,26.0,24.6,27.4,34.3,37.4,31.2,0.0135,0.0342,0.00788,0.00698,5.93,0.0096,0.00822,0.0382,0.0388,0.235,0.0108,11.0,9,29,9,400,4.0,5.4,0.0361,5.6,6.1,4.7,7.6,4.8,5.1,5.4,10.7,3.7,7.9,86.7,1.68,1.67,0.0,5.34
31.8,28.6,35.0,6.199999999999999,7.0,5.399999999999999,26.7,28.2,25.2,29.4,29.4,29.4,0.0109,0.0343,0.00813,0.00685,6.17,0.0101,0.00767,0.0383,0.0388,0.237,0.0108,10.9,9,26,9,400,4.9,5.9,0.036,5.8,4.8,4.9,7.5,4.1,4.0,5.8,10.1,2.6,7.9,83.7,0.996,2.65,0.0,6.76
32.4,31.8,33.0,7.5,9.0,6.0,26.0,30.2,21.8,33.6,31.6,35.6,0.0118,0.0345,0.00875,0.00797,6.47,0.0101,0.00819,0.0382,0.0391,0.233,0.0108,11.0,9,26,9,400,4.7,5.5,0.0367,4.9,5.6,6.2,6.1,5.2,5.2,5.0,11.2,3.2,7.1,84.3,0.996,0.98,0.0,6.17
30.7,31.4,30.0,6.5,9.2,3.8000000000000007,25.8,24.6,27.0,30.7,26.6,34.8,0.0118,0.0345,0.00839,0.00834,6.85,0.00902,0.00819,0.0383,0.039,0.235,0.0106,10.9,9,25,9,400,4.4,5.7,0.0371,4.5,6.6,6.5,5.2,5.4,6.2,4.7,11.9,4.0,6.7,85.3,0.0,1.83,0.0,5.4
28.3,29.8,26.8,5.5,9.2,1.8000000000000007,25.8,23.0,28.6,25.4,21.4,29.4,0.015,0.0329,0.00813,0.00749,1.88,0.00876,0.00795,0.0373,0.0388,0.221,0.0115,10.4,8,25,8,200,2.5,3.83,0.0403,2.67,2.83,3.0,3.33,3.17,4.67,3.33,7.5,3.0,3.5,86.3,1.01,1.04,0.0,0.0
26.9,25.6,28.2,8.7,9.600000000000001,7.800000000000001,25.3,22.4,28.2,26.0,24.8,27.2,0.016,0.0329,0.00874,0.0076,1.96,0.00876,0.00762,0.0373,0.039,0.222,0.0117,10.3,8,25,9,200,2.5,3.6,0.0402,2.9,2.6,2.9,3.4,3.1,3.6,3.1,6.4,2.3,4.1,68.3,1.01,1.04,0.0,0.0
25.6,22.8,28.4,5.399999999999999,8.0,2.8000000000000007,23.9,24.8,23.0,31.0,28.0,34.0,0.016,0.0328,0.00829,0.00686,2.05,0.00942,0.00752,0.0376,0.0387,0.223,0.0115,10.6,8,27,9,200,3.1,2.6,0.0396,2.9,2.6,1.7,3.2,3.5,2.1,2.6,5.0,1.7,4.3,42.9,1.01,0.000185,0.0,3.44
26.5,28.0,25.0,9.100000000000001,10.0,8.2,22.6,22.4,22.8,24.6,20.4,28.8,0.0161,0.0329,0.00837,0.00689,2.16,0.00861,0.00759,0.0373,0.0388,0.224,0.0111,10.3,8,26,9,200,2.9,2.5,0.0405,3.5,3.4,2.4,3.1,3.4,2.2,2.3,5.6,1.9,4.5,46.0,0.0,0.0,0.0,4.75
27.1,25.6,28.6,6.100000000000001,5.800000000000001,6.399999999999999,24.8,25.2,24.4,26.7,23.4,30.0,0.0161,0.0326,0.00799,0.00677,2.23,0.00942,0.00747,0.0374,0.039,0.221,0.0107,10.1,8,20,7,200,1.9,2.3,0.0405,3.3,4.0,3.4,3.5,2.7,2.0,2.2,5.4,2.2,4.1,44.7,0.0,0.0,0.0,4.75
25.0,28.2,21.8,8.899999999999999,10.2,7.600000000000001,25.7,28.0,23.4,26.8,29.2,24.4,0.0151,0.0328,0.00831,0.00784,2.3,0.00942,0.00808,0.0377,0.0389,0.222,0.0108,10.1,8,21,9,200,1.9,2.9,0.0398,2.1,3.2,3.2,3.2,2.8,2.6,2.6,5.8,2.3,4.5,43.8,0.0,0.0,0.0,3.64
26.6,24.4,28.8,8.100000000000001,9.8,6.399999999999999,23.0,23.2,22.8,26.9,23.6,30.2,0.015,0.0325,0.00801,0.0082,2.38,0.00944,0.00793,0.0373,0.0389,0.222,0.0111,9.89,8,20,8,200,2.2,3.2,0.0407,1.8,2.4,2.9,2.3,3.6,3.2,3.0,6.2,2.1,5.3,45.2,0.75,0.0,0.0,3.52
30.2,28.2,32.2,8.399999999999999,3.8000000000000007,13.0,24.1,22.8,25.4,26.6,22.4,30.8,0.015,0.0328,0.00845,0.00781,2.52,0.00944,0.00797,0.0374,0.0391,0.221,0.0107,9.83,8,18,8,200,3.0,2.7,0.0406,2.5,3.5,2.4,2.3,3.3,2.5,3.1,5.8,1.9,4.6,46.1,0.75,0.0,0.0,4.69
28.1,28.2,28.0,6.699999999999999,4.0,9.399999999999999,23.7,21.6,25.8,27.4,22.4,32.4,0.0149,0.0328,0.00773,0.00809,2.63,0.0087,0.00733,0.0376,0.0391,0.224,0.0104,9.9,8,24,8,200,3.0,2.2,0.0405,2.9,3.7,2.8,2.3,2.8,2.5,3.1,4.9,1.7,3.5,44.3,0.75,0.0,0.0,3.53
26.7,23.2,30.2,7.399999999999999,10.8,4.0,23.8,25.4,22.2,26.9,25.4,28.4,0.0149,0.0331,0.0083,0.00754,2.67,0.00873,0.00733,0.0374,0.0395,0.221,0.0106,9.89,8,24,8,200,3.4,1.9,0.041,2.6,3.0,3.4,2.6,3.6,3.8,3.0,5.9,2.7,3.0,46.0,0.0,0.0,0.0,2.35
26.4,24.6,28.2,8.0,5.199999999999999,10.8,24.3,28.8,19.8,29.2,26.6,31.8,0.015,0.033,0.00769,0.00806,2.8,0.00873,0.0073,0.0374,0.0397,0.223,0.0109,9.97,8,23,9,200,3.9,2.2,0.0404,2.4,2.8,2.6,2.2,3.2,3.5,3.5,6.3,2.7,4.5,46.4,0.0,0.813,0.0,3.79
25.2,21.4,29.0,10.7,10.2,11.2,25.4,22.2,28.6,23.1,22.4,23.8,0.015,0.0332,0.00814,0.00814,2.88,0.00943,0.00866,0.0374,0.0397,0.22,0.0111,9.96,8,25,9,200,3.7,1.9,0.0398,3.0,2.9,2.3,1.8,2.7,2.4,3.6,5.6,2.5,5.5,45.1,0.0,0.813,0.0,2.61
27.3,26.2,28.4,8.5,9.399999999999999,7.600000000000001,24.6,24.8,24.4,26.7,31.6,21.7,0.0151,0.0331,0.00747,0.00838,2.91,0.0103,0.00807,0.0375,0.0399,0.222,0.011,10.0,8,23,9,200,3.3,2.1,0.0427,2.7,3.4,2.4,2.9,2.5,2.2,2.8,5.4,2.4,4.7,42.8,0.0,0.813,0.0,4.97
29.0,29.4,28.6,6.300000000000001,3.3999999999999986,9.2,24.7,25.2,24.2,26.1,29.5,22.7,0.016,0.0333,0.00725,0.0085,2.99,0.00878,0.00733,0.0377,0.0402,0.224,0.0111,10.0,8,25,9,200,3.0,2.9,0.0425,2.2,3.8,1.9,2.9,2.4,2.9,2.3,4.8,1.2,4.0,40.7,0.0,0.0,0.0,2.36
24.9,25.0,24.8,6.699999999999999,6.800000000000001,6.600000000000001,24.1,24.0,24.2,27.7,34.6,20.8,0.0151,0.0333,0.00718,0.00853,3.05,0.00961,0.00726,0.0373,0.0402,0.224,0.011,10.0,8,21,9,200,3.1,2.5,0.0427,2.6,2.8,2.1,2.5,2.2,2.5,2.3,5.3,1.6,3.5,40.4,0.65,0.744,0.0,4.68
27.2,25.6,28.8,10.0,9.399999999999999,10.600000000000001,23.1,22.0,24.2,26.6,26.0,27.2,0.016,0.0333,0.0073,0.00866,3.17,0.00961,0.00782,0.0376,0.0402,0.226,0.0111,10.0,8,21,8,200,2.3,2.7,0.0418,2.9,2.5,2.5,3.3,2.0,2.6,2.1,5.8,2.6,3.7,43.1,0.65,0.744,0.0,2.41
26.9,25.8,28.0,6.800000000000001,11.399999999999999,2.1999999999999993,24.7,24.4,25.0,26.9,21.6,32.2,0.015,0.0334,0.00621,0.00866,3.31,0.00962,0.00706,0.0375,0.0401,0.224,0.011,10.1,8,22,9,200,1.8,2.8,0.0425,2.5,3.0,2.7,3.1,2.8,3.3,2.5,6.7,3.0,3.9,46.6,1.44,0.744,0.0,4.04
26.8,26.6,27.0,9.7,11.399999999999999,8.0,22.8,21.2,24.4,29.7,30.6,28.8,0.0183,0.0335,0.00676,0.00803,3.49,0.00884,0.00765,0.0375,0.0401,0.225,0.0111,9.98,8,21,8,200,2.7,2.3,0.0352,2.1,2.4,3.6,2.0,3.1,3.0,2.5,6.6,2.2,4.0,44.7,0.79,0.0,0.0,3.14
29.2,31.0,27.4,5.0,5.600000000000001,4.399999999999999,23.8,26.2,21.4,25.7,28.0,23.4,0.0176,0.0337,0.00746,0.00789,3.7,0.00884,0.007,0.0377,0.04,0.227,0.0101,10.0,8,22,9,200,2.9,2.3,0.0351,2.6,2.7,3.6,2.2,2.6,2.9,1.7,6.0,2.0,4.2,43.2,0.79,1.04,0.0,3.05
31.4,30.8,32.0,6.899999999999999,2.8000000000000007,11.0,26.2,23.2,29.2,33.6,30.4,36.8,0.0131,0.0335,0.0076,0.00827,3.35,0.0105,0.00719,0.0377,0.0396,0.222,0.0104,9.15,8,20,8,300,6.2,5.2,0.0369,5.2,6.2,6.2,6.2,3.2,3.8,6.8,10.6,3.6,7.4,144.0,0.0,0.0,0.0,0.0
29.5,30.4,28.6,7.199999999999999,10.8,3.6000000000000014,24.5,24.0,25.0,26.5,31.0,22.0,0.0139,0.0335,0.00832,0.00836,3.51,0.00968,0.00779,0.0379,0.0398,0.224,0.0105,9.77,8,23,9,300,5.9,3.7,0.0369,4.1,5.0,4.4,4.6,3.0,3.7,4.5,9.2,2.4,6.1,98.8,0.0,0.0,0.0,0.0
27.7,26.6,28.8,7.100000000000001,12.399999999999999,1.8000000000000007,24.9,27.4,22.4,33.3,37.0,29.6,0.0139,0.0334,0.0079,0.00687,3.57,0.00968,0.00719,0.0376,0.0398,0.224,0.0104,9.97,8,26,9,300,4.3,3.0,0.0409,3.0,4.2,3.1,3.5,3.4,3.5,3.4,8.4,2.0,5.4,59.6,0.0,1.05,0.0,0.0
28.7,29.4,28.0,7.899999999999999,4.0,11.8,24.6,20.8,28.4,27.8,28.2,27.4,0.013,0.0336,0.00823,0.00797,3.63,0.00893,0.00733,0.0379,0.0398,0.219,0.01,10.1,8,27,8,300,3.5,4.8,0.0403,2.9,5.4,4.2,3.0,3.8,3.7,5.5,10.1,2.6,5.8,67.7,0.0,1.05,0.0,7.48
30.8,31.0,30.6,5.899999999999999,5.0,6.800000000000001,25.1,22.4,27.8,29.6,32.2,27.0,0.014,0.0335,0.00778,0.00836,3.65,0.00893,0.00729,0.0378,0.0395,0.225,0.0104,10.2,8,26,8,300,4.9,4.7,0.0411,3.5,5.7,4.7,3.6,3.7,3.3,5.2,9.3,2.0,5.6,66.8,0.983,1.88,0.0,8.91
28.7,28.6,28.8,7.899999999999999,8.2,7.600000000000001,25.9,29.0,22.8,27.9,27.4,28.4,0.0131,0.0335,0.00778,0.00804,3.73,0.0105,0.009,0.0376,0.0396,0.223,0.0106,10.1,8,24,8,300,4.6,4.1,0.044,3.7,4.3,5.0,4.9,4.4,2.3,4.7,8.6,2.5,5.7,65.8,0.983,0.828,0.0,11.3
27.8,29.2,26.4,5.800000000000001,7.800000000000001,3.8000000000000007,25.4,23.6,27.2,33.1,31.8,34.4,0.0205,0.0332,0.0104,0.00841,3.78,0.00927,0.00845,0.0379,0.0392,0.223,0.0104,9.9,8,21,7,300,4.1,4.4,0.0431,2.7,3.5,5.5,4.4,3.8,3.4,4.5,9.4,3.0,5.7,66.1,0.983,0.828,0.0,5.21
31.1,28.4,33.8,10.5,8.399999999999999,12.600000000000001,23.2,27.2,19.2,28.4,27.6,29.2,0.0203,0.0331,0.0104,0.00789,3.81,0.01,0.009,0.0377,0.0393,0.223,0.01,9.81,8,21,7,300,4.2,4.9,0.0448,4.1,3.4,5.2,3.8,4.0,3.7,3.7,8.9,2.8,5.7,65.4,0.0,0.746,0.0,5.21
28.0,28.0,28.0,6.399999999999999,2.3999999999999986,10.399999999999999,26.7,22.2,31.2,28.2,25.6,30.8,0.0203,0.0332,0.0107,0.00832,3.9,0.00934,0.00763,0.0378,0.0394,0.225,0.00979,9.73,8,22,8,300,3.5,4.8,0.0446,4.7,3.8,4.2,3.7,4.9,3.3,3.4,7.8,2.7,5.6,64.4,0.688,0.746,0.0,4.27
28.6,27.4,29.8,7.699999999999999,9.2,6.199999999999999,24.3,20.8,27.8,28.6,30.4,26.8,0.0203,0.0331,0.0112,0.00771,3.98,0.0085,0.00829,0.0378,0.039,0.224,0.00998,9.61,8,21,6,300,3.6,4.0,0.0419,3.2,4.7,4.2,4.0,3.6,3.9,3.7,6.7,2.4,5.2,62.4,0.688,0.746,0.0,5.27
32.0,31.2,32.8,6.399999999999999,2.1999999999999993,10.600000000000001,26.1,23.6,28.6,32.0,32.8,31.2,0.0194,0.0329,0.0115,0.0076,4.1,0.00933,0.00772,0.0377,0.0391,0.222,0.00988,9.52,8,19,7,300,4.4,3.6,0.042,3.9,5.1,4.3,4.2,3.7,3.6,3.7,7.9,2.4,5.3,64.4,0.688,0.0,0.0,5.14
27.2,27.2,27.2,11.3,13.0,9.600000000000001,22.9,27.6,18.2,28.8,30.4,27.2,0.0202,0.033,0.0115,0.00754,4.13,0.00981,0.00829,0.0378,0.0392,0.222,0.00999,9.57,8,21,8,300,4.0,3.7,0.0436,3.9,5.5,4.0,5.1,4.4,4.0,4.1,8.3,2.1,6.0,66.1,0.0,0.999,0.0,5.05
28.7,26.0,31.4,5.399999999999999,5.800000000000001,5.0,24.3,21.8,26.8,31.9,32.6,31.2,0.0193,0.0329,0.0112,0.00789,4.17,0.00981,0.00815,0.0375,0.039,0.221,0.0098,9.64,8,25,9,300,2.8,3.9,0.0435,3.3,4.4,4.4,5.9,4.5,3.5,4.6,7.8,1.7,6.1,62.9,0.678,0.999,0.0,4.72
28.7,30.6,26.8,9.7,12.399999999999999,7.0,25.3,28.6,22.0,27.0,29.0,25.0,0.0207,0.0326,0.0116,0.00813,4.31,0.0098,0.00825,0.0378,0.0393,0.223,0.00996,9.71,8,26,9,300,3.1,4.1,0.0427,4.9,4.0,4.1,5.2,4.2,3.8,3.5,8.4,2.1,5.4,63.5,0.678,1.8,0.0,4.62
30.6,32.8,28.4,5.800000000000001,4.600000000000001,7.0,25.1,28.4,21.8,28.7,24.0,33.4,0.0174,0.0327,0.011,0.0078,4.36,0.0098,0.00766,0.0378,0.0389,0.22,0.0103,9.71,8,24,8,300,3.7,4.5,0.0474,4.3,4.9,3.1,4.6,4.2,4.4,4.1,10.0,3.2,5.5,67.3,0.678,0.8,0.0,5.57
27.2,31.1,23.3,10.100000000000001,8.2,12.0,25.0,26.6,23.4,28.8,29.4,28.2,0.0182,0.0326,0.0106,0.00789,4.43,0.0106,0.00825,0.0377,0.039,0.22,0.0107,9.7,8,23,8,300,4.4,3.9,0.0474,3.5,4.4,3.6,4.7,4.5,3.9,4.1,10.2,3.0,6.0,67.6,0.0,0.8,0.0,4.83
32.3,33.1,31.5,10.3,9.0,11.600000000000001,24.2,27.4,21.0,32.1,32.2,32.0,0.0173,0.0326,0.00998,0.00785,4.66,0.0106,0.00825,0.0376,0.039,0.221,0.0107,9.72,8,25,8,300,5.1,4.7,0.047,4.2,3.9,4.4,4.3,4.2,3.5,2.8,8.0,2.3,5.4,65.4,0.0,1.02,0.0,5.02
29.0,30.8,27.2,8.0,7.399999999999999,8.600000000000001,25.4,29.4,21.4,29.2,25.0,33.4,0.0182,0.0325,0.0115,0.00738,4.89,0.0106,0.00837,0.0376,0.0392,0.222,0.0108,9.75,8,26,8,300,4.9,5.8,0.0471,3.7,3.6,3.8,3.9,4.4,4.1,3.4,8.4,2.5,4.9,65.4,0.939,1.02,0.0,4.1
27.1,27.8,26.4,5.399999999999999,8.2,2.6000000000000014,25.1,24.4,25.8,30.4,29.6,31.2,0.0182,0.0328,0.011,0.00778,5.16,0.00905,0.00773,0.0376,0.0392,0.222,0.0107,9.68,8,23,7,300,3.4,4.4,0.0462,3.8,3.8,5.2,3.8,3.9,4.5,4.2,10.0,3.5,5.5,68.2,0.939,1.02,0.0,4.18
40.6,38.4,42.8,6.5,4.399999999999999,8.600000000000001,31.6,31.6,31.6,34.3,30.4,38.2,0.018,0.0324,0.0105,0.0071,4.62,0.00977,0.00888,0.0379,0.039,0.224,0.0102,10.6,8,28,8,400,6.75,5.0,0.0543,3.75,5.75,4.25,6.25,6.5,4.0,6.5,8.0,2.5,9.75,155.0,0.0,1.09,0.0,0.0
29.4,26.0,32.8,8.7,13.600000000000001,3.8000000000000007,25.0,27.4,22.6,29.2,31.2,27.2,0.0179,0.0326,0.011,0.00765,4.67,0.0105,0.00892,0.0379,0.0393,0.224,0.00985,10.4,8,27,9,400,6.11,4.78,0.0535,4.89,6.78,6.0,5.22,6.33,4.22,5.44,10.7,2.89,9.22,133.0,0.901,1.09,0.0,0.0
29.8,30.8,28.8,6.0,1.1999999999999993,10.8,25.1,23.2,27.0,35.3,28.2,42.4,0.0179,0.0326,0.011,0.00797,4.76,0.00965,0.00768,0.0379,0.039,0.224,0.0102,10.4,8,24,8,400,6.1,6.4,0.0505,5.9,6.1,6.3,5.1,6.3,5.2,5.9,12.4,3.8,9.1,106.0,0.901,1.09,0.0,0.0
31.6,30.6,32.6,8.7,11.399999999999999,6.0,25.6,28.4,22.8,28.7,33.6,23.8,0.0173,0.0329,0.00776,0.00757,4.9,0.00965,0.00778,0.0378,0.0391,0.224,0.0115,10.4,8,24,9,400,6.1,6.3,0.0515,5.1,4.3,5.7,5.9,5.4,5.6,6.7,11.1,3.5,7.8,88.0,0.901,0.7,0.0,0.0
32.1,33.6,30.6,8.3,2.6000000000000014,14.0,25.1,25.6,24.6,32.8,28.4,37.2,0.0163,0.033,0.00841,0.00798,4.98,0.00962,0.00724,0.0379,0.0392,0.223,0.011,10.5,8,25,9,400,4.7,4.7,0.0505,5.4,4.2,5.3,5.9,5.8,4.9,5.9,10.2,3.4,8.1,83.7,0.0,0.7,0.0,10.1
31.1,31.6,30.6,8.8,6.399999999999999,11.2,27.0,27.4,26.6,35.0,35.8,34.2,0.0163,0.033,0.00813,0.00769,5.03,0.00962,0.0078,0.0379,0.0391,0.224,0.0112,10.5,8,27,9,400,4.5,4.8,0.0506,6.1,4.8,4.3,4.8,6.6,5.2,5.4,9.9,3.2,9.4,85.7,0.0,2.21,0.0,12.7
35.1,31.4,38.8,6.100000000000001,11.0,1.1999999999999993,26.1,22.2,30.0,30.1,34.6,25.6,0.0164,0.0331,0.00773,0.00817,5.17,0.00962,0.00715,0.0377,0.0393,0.225,0.011,10.5,8,26,9,400,4.9,4.5,0.0517,6.3,5.0,5.1,4.6,6.4,6.3,5.9,11.6,4.0,8.2,89.9,0.655,1.51,0.0,14.1
30.2,31.8,28.6,9.2,8.2,10.2,25.5,24.4,26.6,33.1,33.0,33.2,0.0164,0.0332,0.00809,0.00826,5.19,0.0101,0.00772,0.0378,0.0389,0.223,0.0112,10.5,8,25,8,400,4.8,5.3,0.0517,6.7,4.7,5.4,5.5,5.4,5.2,5.8,12.1,4.3,8.1,91.0,0.655,1.51,0.0,6.55
34.2,34.0,34.4,7.699999999999999,10.2,5.199999999999999,26.0,22.6,29.4,31.1,35.8,26.4,0.0164,0.0333,0.00769,0.00829,5.37,0.00875,0.00716,0.0378,0.039,0.225,0.011,10.6,8,25,9,400,6.3,6.0,0.0511,6.1,5.5,4.9,5.0,4.6,4.0,5.4,10.2,3.4,7.8,85.2,0.655,0.807,0.0,6.59
33.8,37.2,30.4,8.0,4.399999999999999,11.600000000000001,25.7,24.0,27.4,32.6,33.0,32.2,0.0172,0.0334,0.00819,0.00792,5.41,0.00949,0.00728,0.0378,0.0388,0.224,0.0111,10.6,8,26,9,400,6.5,5.8,0.0512,5.9,6.6,6.1,5.4,5.5,4.5,5.4,10.0,3.3,7.3,86.4,0.0,1.85,0.0,6.92
31.1,31.6,30.6,8.2,8.8,7.600000000000001,25.7,23.4,28.0,32.1,29.6,34.6,0.0158,0.0335,0.00772,0.0083,5.47,0.00942,0.00718,0.0376,0.039,0.223,0.011,10.7,9,29,9,400,5.4,5.4,0.0511,5.5,6.6,6.3,6.1,6.7,4.6,4.7,11.5,4.0,7.8,87.3,0.578,1.85,0.0,6.02
29.0,29.6,28.4,9.100000000000001,11.600000000000001,6.600000000000001,24.8,27.8,21.8,29.4,28.6,30.2,0.0158,0.0335,0.00822,0.0081,5.51,0.00942,0.00775,0.0375,0.0394,0.224,0.0106,10.8,9,29,9,400,5.4,5.0,0.0517,5.3,5.8,6.1,5.2,7.1,5.5,4.6,11.9,4.3,7.7,85.7,0.578,1.04,0.0,5.53
32.9,34.6,31.2,8.600000000000001,3.8000000000000007,13.399999999999999,25.5,29.0,22.0,33.6,39.0,28.2,0.0166,0.0335,0.00752,0.00802,5.59,0.00945,0.00764,0.0375,0.0393,0.224,0.0103,10.8,9,26,9,400,5.7,5.7,0.0517,5.4,5.6,5.8,4.4,6.2,6.1,5.1,9.6,2.4,8.4,84.6,1.51,0.0,0.0,6.31
30.0,30.2,29.8,8.8,6.800000000000001,10.8,25.4,27.6,23.2,34.1,33.0,35.2,0.0166,0.0335,0.00794,0.00811,5.67,0.00866,0.00725,0.0375,0.0392,0.224,0.0104,10.8,9,26,9,400,5.0,4.9,0.0498,5.4,6.3,5.6,3.7,5.3,5.4,5.4,8.8,2.2,11.1,84.8,0.929,1.68,0.0,6.36
32.3,30.0,34.6,5.300000000000001,1.0,9.600000000000001,25.9,23.4,28.4,33.6,32.4,34.8,0.0165,0.0335,0.00657,0.00853,5.75,0.00866,0.00713,0.0373,0.0392,0.225,0.0103,10.8,9,25,9,400,4.7,4.3,0.0516,5.6,6.3,6.0,3.7,5.0,5.2,6.4,10.8,3.2,11.4,87.5,0.929,1.68,0.0,6.56
34.3,35.4,33.2,7.800000000000001,5.199999999999999,10.399999999999999,25.3,29.4,21.2,30.2,28.0,32.4,0.0174,0.0334,0.0082,0.00816,5.88,0.00953,0.00765,0.0374,0.0394,0.227,0.0104,10.8,9,24,9,400,5.1,5.1,0.0515,5.8,5.4,5.7,4.6,5.7,5.7,6.6,11.9,3.8,8.7,89.3,0.0,2.69,0.0,5.4
31.1,27.2,35.0,6.800000000000001,6.600000000000001,7.0,26.1,28.8,23.4,35.0,26.4,43.6,0.0164,0.0337,0.00773,0.00848,6.13,0.0088,0.007,0.0374,0.0393,0.224,0.0102,10.8,9,25,9,400,5.1,6.5,0.0517,5.0,5.5,5.1,5.5,5.8,5.4,5.3,10.7,3.9,8.9,88.2,0.0,1.01,0.0,6.26
31.0,29.0,33.0,9.0,8.399999999999999,9.600000000000001,24.5,24.6,24.4,30.3,27.6,33.0,0.0173,0.0338,0.00816,0.00804,6.5,0.0096,0.00785,0.0377,0.0391,0.226,0.00993,10.8,9,25,9,400,6.0,6.6,0.0498,4.7,6.2,5.4,6.4,4.9,5.5,5.3,11.9,4.3,8.7,91.7,0.0,1.01,0.0,5.32
33.3,30.8,35.8,8.399999999999999,7.600000000000001,9.2,26.8,28.4,25.2,36.5,33.8,39.2,0.0164,0.0338,0.00837,0.00837,6.77,0.0101,0.00806,0.0377,0.0393,0.224,0.0108,10.8,9,24,9,400,5.7,5.0,0.0609,6.2,6.2,5.8,5.3,5.4,6.6,5.1,12.4,4.8,7.5,90.7,0.0,0.0,0.0,6.61
29.5,31.6,27.4,5.899999999999999,4.199999999999999,7.600000000000001,25.4,28.6,22.2,26.1,29.4,22.8,0.0115,0.0331,0.00747,0.00779,1.81,0.00937,0.00735,0.0365,0.039,0.226,0.0111,10.8,9,25,8,200,4.8,3.4,0.0372,3.2,3.4,3.0,4.2,3.6,3.6,5.0,7.6,2.6,4.2,98.0,0.0,0.0,0.0,0.0
25.4,23.6,27.2,8.5,7.399999999999999,9.600000000000001,24.5,22.2,26.8,26.8,25.4,28.2,0.0123,0.0333,0.00871,0.00748,1.92,0.00861,0.00782,0.0365,0.039,0.226,0.0112,10.8,9,26,9,200,3.8,2.7,0.036,2.7,2.9,2.9,3.1,3.0,3.3,3.6,6.2,2.3,3.2,67.6,0.0,0.0,0.0,0.0
26.8,23.8,29.8,5.600000000000001,7.0,4.199999999999999,25.0,27.4,22.6,28.8,34.6,23.0,0.0123,0.033,0.00829,0.00795,1.99,0.00931,0.00712,0.0364,0.0389,0.224,0.011,11.0,9,26,9,200,2.7,2.3,0.0366,3.2,3.0,2.6,2.6,2.5,3.6,2.0,5.2,1.5,3.0,41.4,0.0,1.07,0.0,0.0
26.2,23.2,29.2,8.600000000000001,6.0,11.2,24.0,22.4,25.6,27.5,26.8,28.2,0.0129,0.0329,0.00854,0.00769,2.11,0.00838,0.0077,0.0365,0.0391,0.226,0.0111,10.9,9,25,9,200,2.7,2.9,0.036,2.7,3.3,2.3,3.3,2.6,3.4,2.3,5.5,1.4,3.4,44.5,1.01,1.07,0.0,0.0
25.2,26.6,23.8,7.699999999999999,7.0,8.399999999999999,25.4,26.6,24.2,27.3,27.4,27.2,0.0121,0.0329,0.00815,0.00764,2.12,0.00838,0.0072,0.0368,0.0394,0.224,0.0109,10.8,9,24,9,200,2.5,3.1,0.036,1.5,3.0,2.8,2.5,2.9,2.9,2.6,5.0,1.6,3.9,42.9,1.01,1.07,0.0,6.02
26.9,28.8,25.0,8.399999999999999,8.600000000000001,8.2,24.6,24.8,24.4,26.6,27.2,26.0,0.013,0.033,0.00873,0.00766,2.24,0.00727,0.00667,0.0368,0.0394,0.228,0.0103,10.8,9,24,9,200,2.8,3.0,0.0366,2.1,3.2,2.7,2.0,2.9,2.7,2.0,5.2,2.0,4.1,41.8,1.01,0.0,0.0,7.21
26.7,29.2,24.2,9.3,6.600000000000001,12.0,24.3,24.8,23.8,26.9,23.6,30.2,0.0121,0.0332,0.00828,0.00804,2.28,0.0092,0.00763,0.0367,0.0396,0.226,0.01,10.8,9,24,9,200,3.3,2.5,0.036,2.3,3.1,2.9,3.3,2.1,2.7,2.2,5.1,2.4,3.1,42.4,0.0,0.0,0.0,8.38
25.6,22.8,28.4,6.800000000000001,5.199999999999999,8.399999999999999,23.9,25.2,22.6,26.0,25.4,26.6,0.0129,0.0331,0.00881,0.00766,2.39,0.0092,0.00766,0.0367,0.0398,0.227,0.00999,10.9,9,25,9,200,3.0,2.8,0.0361,2.8,2.7,3.0,3.1,2.3,3.2,2.5,5.0,1.9,3.8,43.3,0.745,0.0,0.0,3.55
28.8,29.8,27.8,7.0,7.0,7.0,24.6,26.2,23.0,29.4,28.8,30.0,0.0121,0.0333,0.00834,0.00809,2.47,0.00915,0.00704,0.0366,0.0397,0.226,0.00982,10.9,9,27,9,200,2.4,3.1,0.0384,3.4,1.9,2.6,2.0,2.8,3.2,2.4,5.6,2.2,4.4,43.3,0.745,0.0,0.0,3.65
27.3,28.4,26.2,9.100000000000001,13.399999999999999,4.800000000000001,26.2,29.0,23.4,27.3,26.2,28.4,0.013,0.0331,0.00859,0.00777,2.58,0.00915,0.0076,0.0368,0.0397,0.228,0.00945,11.0,9,27,9,200,2.3,2.6,0.0374,4.0,2.1,3.4,2.7,2.9,2.6,2.6,5.5,2.1,3.9,44.4,0.745,0.796,0.0,3.89
26.8,25.8,27.8,6.899999999999999,3.8000000000000007,10.0,24.5,23.2,25.8,26.8,26.0,27.6,0.0121,0.0332,0.00818,0.00698,2.63,0.00841,0.00839,0.0367,0.0397,0.228,0.00978,11.1,9,27,9,200,2.4,2.5,0.0374,3.3,3.4,3.1,3.4,3.5,2.3,3.2,5.8,1.5,2.8,45.1,0.0,0.796,0.0,3.87
25.9,27.2,24.6,9.7,5.399999999999999,14.0,24.3,23.6,25.0,27.0,24.4,29.6,0.013,0.0332,0.00792,0.00767,2.7,0.00917,0.00795,0.0369,0.0396,0.228,0.00992,11.0,9,27,9,200,2.0,3.1,0.0386,2.3,2.7,3.1,3.2,3.3,3.2,3.0,6.3,1.8,2.4,44.6,0.556,0.796,0.0,3.76
25.5,26.4,24.6,5.600000000000001,8.8,2.3999999999999986,24.2,20.0,28.4,29.1,22.8,35.4,0.013,0.0334,0.00812,0.00781,2.79,0.00845,0.00784,0.037,0.0397,0.227,0.0104,10.9,9,24,8,200,2.1,3.4,0.0386,3.0,1.8,3.7,2.8,3.1,2.9,2.2,5.5,1.5,3.2,42.4,0.556,0.0,0.0,3.53
26.6,28.2,25.0,8.5,7.800000000000001,9.2,24.6,28.8,20.4,26.5,27.2,25.7,0.0121,0.0332,0.00849,0.0075,2.86,0.00842,0.00838,0.037,0.0396,0.229,0.0105,10.8,9,22,8,200,2.5,3.7,0.0375,3.5,2.3,3.5,2.8,2.9,2.5,2.1,5.7,1.1,3.8,43.1,0.556,0.0,0.0,2.36
28.9,30.8,27.0,6.399999999999999,5.800000000000001,7.0,25.4,28.4,22.4,27.8,28.6,27.0,0.0111,0.0332,0.00804,0.00805,2.92,0.00842,0.0076,0.037,0.0396,0.23,0.0103,10.8,9,24,9,200,2.3,3.2,0.0466,3.2,2.6,2.9,3.1,2.6,3.1,1.9,6.0,1.8,4.1,43.0,0.0,0.0,0.0,3.54
24.7,22.0,27.4,13.3,18.0,8.600000000000001,23.6,24.2,23.0,26.8,28.0,25.6,0.0128,0.0332,0.00834,0.0076,3.02,0.00928,0.00764,0.037,0.0397,0.232,0.0104,10.9,9,25,9,200,2.3,2.8,0.0438,2.9,3.1,2.4,3.4,2.8,2.8,2.0,5.6,2.1,3.8,44.5,1.02,0.0,0.0,2.37
26.4,23.4,29.4,7.100000000000001,5.0,9.2,25.0,21.2,28.8,28.9,33.2,24.6,0.012,0.0332,0.00824,0.00784,3.17,0.00853,0.00744,0.0373,0.0397,0.231,0.0102,11.0,9,27,10,200,2.2,2.9,0.0436,2.9,3.3,2.2,3.3,4.1,2.4,3.3,6.5,1.9,4.0,47.5,1.02,0.0,0.0,3.44
24.9,26.2,23.6,8.2,10.8,5.600000000000001,24.4,23.6,25.2,29.0,30.2,27.8,0.0128,0.0333,0.00862,0.0076,3.36,0.00938,0.00758,0.037,0.0397,0.232,0.0103,11.0,9,27,9,200,2.1,2.5,0.0444,2.1,2.5,2.2,3.2,3.4,2.2,3.3,6.3,2.2,3.8,42.6,1.02,0.0,0.0,3.08
26.5,23.2,29.8,5.600000000000001,8.2,3.0,25.3,23.6,27.0,24.4,26.0,22.8,0.0102,0.0333,0.00798,0.00791,3.51,0.00869,0.00694,0.0371,0.0397,0.23,0.0101,10.9,9,23,9,200,2.2,2.2,0.0446,1.5,2.7,2.3,3.6,1.8,2.6,2.9,4.8,1.7,4.4,41.5,0.0,0.747,0.0,3.08
32.9,33.2,32.6,5.899999999999999,8.600000000000001,3.1999999999999993,29.6,32.0,27.2,34.1,29.8,38.4,0.0102,0.0332,0.00671,0.00799,3.23,0.00878,0.00703,0.0371,0.0405,0.229,0.0096,10.7,9,24,9,300,4.5,7.25,0.127,6.75,5.0,5.75,7.25,6.5,7.25,5.0,11.0,4.0,13.0,174.0,0.968,0.0,0.0,0.0
28.8,28.4,29.2,8.0,13.0,3.0,24.0,24.8,23.2,28.3,27.6,29.0,0.011,0.0333,0.00812,0.00807,3.37,0.00999,0.00757,0.0372,0.0401,0.23,0.0105,11.0,9,27,10,300,3.56,5.44,0.127,4.78,4.22,4.78,5.0,4.33,5.11,4.44,8.56,3.0,8.0,106.0,0.968,0.0,0.0,0.0
30.9,34.2,27.6,7.199999999999999,4.600000000000001,9.8,25.1,23.0,27.2,29.5,29.4,29.6,0.0102,0.0333,0.00755,0.00814,3.45,0.00999,0.00801,0.0372,0.0403,0.227,0.0105,11.2,9,27,10,300,4.6,4.1,0.127,3.5,3.5,5.1,3.3,4.0,4.1,4.4,8.6,3.4,4.2,63.6,0.000334,0.0,0.0,6.0
29.0,29.8,28.2,7.600000000000001,5.0,10.2,25.2,22.4,28.0,31.6,35.8,27.4,0.0111,0.0334,0.00799,0.00779,3.55,0.00872,0.007,0.0373,0.0401,0.228,0.0107,11.2,9,27,9,300,4.8,4.0,0.127,3.7,4.3,5.8,4.0,4.1,4.7,4.9,10.8,4.6,5.2,71.7,0.0,1.09,0.0,7.4
30.7,29.2,32.2,5.800000000000001,4.800000000000001,6.800000000000001,24.8,22.6,27.0,31.0,35.0,27.0,0.0103,0.0332,0.00767,0.00806,3.59,0.00872,0.00696,0.0372,0.04,0.228,0.0107,11.0,9,25,9,300,3.9,4.7,0.127,3.7,5.7,5.1,3.9,3.1,3.8,4.3,10.6,4.1,6.3,69.2,0.0,1.09,0.0,8.78
28.1,27.4,28.8,7.699999999999999,5.199999999999999,10.2,24.4,21.8,27.0,28.3,32.2,24.4,0.0111,0.0333,0.00795,0.00768,3.73,0.00879,0.00832,0.0371,0.04,0.229,0.0109,11.1,9,25,9,300,4.3,5.2,0.125,3.6,5.2,4.4,4.0,3.5,4.0,3.5,10.0,3.9,6.1,69.3,0.0,1.95,0.0,4.13
28.3,29.2,27.4,10.100000000000001,8.8,11.399999999999999,25.9,25.4,26.4,29.7,34.6,24.8,0.0102,0.0332,0.00761,0.00807,3.76,0.0095,0.00825,0.037,0.0399,0.227,0.0108,11.1,9,27,9,300,3.4,4.4,0.126,4.5,4.1,4.3,4.5,4.2,4.6,3.3,8.7,3.5,5.0,65.4,0.0,0.859,0.0,4.16
30.7,33.2,28.2,7.699999999999999,12.8,2.6000000000000014,24.3,22.0,26.6,27.6,33.0,22.2,0.0112,0.0334,0.00811,0.00778,3.88,0.0095,0.00698,0.0371,0.0399,0.227,0.0108,11.1,9,26,9,300,4.1,4.2,0.126,4.6,4.1,4.7,3.4,4.2,4.8,3.7,8.3,3.5,5.0,66.1,0.0,1.57,0.0,5.13
28.3,31.6,25.0,5.699999999999999,6.399999999999999,5.0,24.4,22.2,26.6,32.6,32.8,32.4,0.0102,0.0335,0.00832,0.00755,3.95,0.00874,0.00738,0.037,0.0401,0.229,0.0107,11.1,9,26,9,300,5.5,4.1,0.125,3.4,3.4,4.0,3.0,3.9,4.9,4.6,9.3,3.4,6.1,68.0,0.0,0.706,0.0,5.2
27.5,28.4,26.6,7.899999999999999,12.399999999999999,3.3999999999999986,25.3,24.8,25.8,29.2,28.4,30.0,0.0111,0.0333,0.00797,0.00715,4.04,0.00947,0.00748,0.0371,0.04,0.228,0.0102,11.1,9,28,9,300,5.5,4.3,0.13,3.9,3.4,3.3,3.4,4.2,3.6,4.6,9.0,3.1,6.7,66.2,0.0,0.706,0.0,5.2
31.7,29.8,33.6,9.3,13.600000000000001,5.0,25.5,23.2,27.8,29.0,27.2,30.8,0.0111,0.0334,0.00763,0.00836,4.14,0.00872,0.00694,0.0373,0.0402,0.228,0.0101,11.1,9,27,9,300,4.5,5.1,0.13,4.5,3.7,3.4,3.3,4.9,4.0,3.9,9.3,2.9,5.9,66.0,0.0,0.816,0.0,4.22
27.3,27.6,27.0,6.300000000000001,9.2,3.3999999999999986,24.0,20.8,27.2,27.9,25.6,30.2,0.0121,0.0334,0.00816,0.00782,4.2,0.00947,0.00701,0.0373,0.0402,0.226,0.0103,11.2,9,26,9,300,3.5,4.3,0.121,4.2,3.0,3.3,3.0,5.0,4.6,3.3,9.2,2.2,5.5,63.4,0.0,0.816,0.0,4.2
30.9,30.4,31.4,6.399999999999999,10.0,2.8000000000000007,26.8,24.8,28.8,30.2,28.0,32.4,0.0104,0.0333,0.00769,0.00822,4.29,0.00938,0.00697,0.0375,0.0402,0.225,0.0107,11.2,9,26,9,300,4.0,3.6,0.121,3.8,4.3,3.8,3.7,3.8,3.6,3.2,7.8,2.6,6.2,63.6,1.22,1.8,0.0,4.68
29.3,33.2,25.4,7.600000000000001,3.6000000000000014,11.600000000000001,25.5,27.6,23.4,31.2,30.4,32.0,0.0113,0.0334,0.00782,0.00799,4.39,0.00938,0.0071,0.0372,0.0401,0.226,0.0104,11.2,9,26,9,300,4.4,3.6,0.122,4.4,5.4,4.0,4.2,4.1,3.5,4.0,7.2,3.0,6.4,65.3,1.22,0.984,0.0,5.77
29.5,30.4,28.6,9.899999999999999,12.8,7.0,25.2,25.8,24.6,33.2,35.6,30.8,0.0104,0.0335,0.00735,0.00845,4.45,0.00853,0.00696,0.0377,0.0399,0.226,0.0103,11.1,9,25,9,300,4.2,3.4,0.121,5.4,4.9,4.3,4.2,3.8,3.8,4.0,8.1,3.0,6.5,67.0,2.22,0.984,0.0,5.52
28.2,27.8,28.6,8.899999999999999,5.199999999999999,12.600000000000001,23.8,25.8,21.8,28.3,22.4,34.2,0.0112,0.0334,0.00773,0.00814,4.51,0.00923,0.00743,0.0375,0.04,0.226,0.0104,11.2,9,25,9,300,3.9,3.8,0.122,4.7,4.6,4.3,4.2,3.9,3.4,3.3,8.3,2.5,5.7,64.6,0.999,0.0,0.0,4.95
30.5,30.8,30.2,6.0,8.8,3.1999999999999993,26.2,26.0,26.4,31.5,30.9,32.1,0.0112,0.0336,0.00726,0.0086,4.75,0.00853,0.00693,0.0376,0.0402,0.226,0.0109,11.1,9,25,9,300,4.0,4.2,0.122,4.0,4.8,2.9,4.3,4.4,3.3,4.3,7.8,2.6,5.3,62.6,0.999,0.0,0.0,3.85
28.2,29.8,26.6,7.199999999999999,6.800000000000001,7.600000000000001,24.1,22.6,25.6,29.4,29.3,29.5,0.0103,0.0335,0.00768,0.00813,5.02,0.00937,0.00747,0.0377,0.0399,0.225,0.0105,11.1,9,25,9,300,4.5,5.0,0.0384,4.2,4.9,2.7,3.7,3.6,3.7,4.8,8.1,3.2,5.9,64.3,0.0,0.807,0.0,5.37
31.1,32.6,29.6,5.899999999999999,4.399999999999999,7.399999999999999,24.6,24.6,24.6,33.0,31.8,34.2,0.0112,0.0337,0.00725,0.00854,5.24,0.00859,0.0069,0.0378,0.0397,0.227,0.0109,11.1,9,25,9,300,4.7,5.0,0.0394,4.0,4.0,3.8,3.1,4.2,3.4,4.8,7.9,2.9,6.6,64.8,0.0,1.79,0.0,5.44
44.0,44.6,43.4,7.0,9.399999999999999,4.600000000000001,30.1,26.6,33.6,34.6,36.6,32.6,0.0101,0.0335,0.00863,0.00815,4.77,0.00865,0.00761,0.0377,0.0393,0.226,0.0102,11.9,9,32,10,400,6.67,6.33,0.0379,9.33,8.33,6.0,6.33,6.67,8.33,6.33,16.3,5.33,10.3,198.0,0.0,0.0,0.0,0.0
29.5,29.0,30.0,6.899999999999999,6.199999999999999,7.600000000000001,27.4,27.0,27.8,29.1,31.8,26.4,0.011,0.0336,0.00899,0.00785,4.88,0.00946,0.00761,0.0379,0.0392,0.226,0.0107,11.7,9,30,9,400,6.75,5.88,0.0389,6.25,7.25,5.88,7.25,5.38,6.25,4.75,15.1,5.25,8.38,150.0,0.0,0.0,0.0,0.0
32.4,29.8,35.0,8.3,9.8,6.800000000000001,28.0,29.6,26.4,34.1,32.2,36.0,0.0102,0.0335,0.0087,0.00771,4.9,0.00872,0.00679,0.038,0.039,0.226,0.0102,11.3,9,26,9,400,5.5,4.8,0.0393,5.3,6.3,5.8,7.2,5.6,6.2,4.4,12.6,4.3,7.6,106.0,0.814,0.0,0.0,0.0
33.4,34.4,32.4,8.3,8.600000000000001,8.0,25.5,22.4,28.6,31.5,29.2,33.8,0.0102,0.0337,0.00903,0.00778,5.07,0.00877,0.00692,0.038,0.0394,0.226,0.0103,10.9,9,23,8,400,5.1,4.7,0.0375,6.6,5.7,7.0,5.6,6.6,6.2,6.0,11.5,3.5,7.5,90.4,0.814,2.37,0.0,8.98
32.4,33.8,31.0,10.0,9.0,11.0,27.2,29.4,25.0,31.7,31.4,32.0,0.00926,0.0336,0.00864,0.00812,5.15,0.00877,0.00679,0.0378,0.0392,0.227,0.0103,10.9,9,23,9,400,5.3,5.4,0.0391,6.5,5.7,7.3,5.5,5.5,5.9,6.4,12.1,4.1,7.9,90.3,0.814,2.37,0.0,10.4
34.9,36.8,33.0,7.600000000000001,5.399999999999999,9.8,28.0,27.4,28.6,33.5,29.4,37.6,0.00926,0.0335,0.0091,0.00774,5.18,0.00962,0.00691,0.038,0.0391,0.227,0.011,11.0,9,26,9,400,5.3,4.6,0.0389,7.2,6.0,7.6,5.4,5.1,5.8,4.7,13.6,5.0,7.8,92.3,0.0,3.22,0.0,12.9
33.9,34.4,33.4,7.100000000000001,4.399999999999999,9.8,26.4,27.4,25.4,30.9,30.6,31.2,0.0104,0.0333,0.00871,0.00794,5.28,0.00889,0.0068,0.0378,0.0391,0.228,0.0109,11.1,9,27,9,400,5.2,4.5,0.0344,6.3,6.0,6.9,5.2,5.8,5.1,4.8,13.2,4.8,7.1,89.9,0.0,0.849,0.0,5.41
32.3,36.0,28.6,6.800000000000001,1.8000000000000007,11.8,24.7,29.0,20.4,33.3,35.4,31.2,0.0114,0.0336,0.00857,0.00673,5.37,0.00986,0.00728,0.0375,0.0391,0.226,0.011,11.0,9,26,9,400,5.3,5.2,0.0351,5.1,5.0,5.0,6.0,5.4,6.0,6.2,10.8,3.9,8.0,88.0,0.854,1.81,0.0,6.62
29.9,28.8,31.0,7.0,11.2,2.8000000000000007,27.2,25.6,28.8,30.1,29.4,30.8,0.0104,0.0334,0.00852,0.00803,5.51,0.00912,0.00672,0.0377,0.039,0.228,0.0109,11.0,9,25,9,400,5.5,4.8,0.0356,5.7,4.7,4.9,5.5,5.9,6.1,5.7,10.1,3.6,8.0,86.2,0.854,0.958,0.0,6.61
33.6,34.4,32.8,10.600000000000001,14.399999999999999,6.800000000000001,25.0,26.0,24.0,31.6,36.0,27.2,0.0114,0.0334,0.009,0.00765,5.53,0.0092,0.0073,0.0375,0.0393,0.23,0.0105,10.9,9,23,9,400,5.0,5.7,0.0345,5.2,5.1,4.8,4.7,7.3,6.1,6.1,11.6,3.7,7.7,88.1,0.854,1.78,0.0,6.34
34.1,34.2,34.0,6.600000000000001,9.600000000000001,3.6000000000000014,27.3,23.0,31.6,32.3,30.2,34.4,0.0105,0.0335,0.00857,0.00819,5.64,0.0092,0.0067,0.0376,0.0392,0.228,0.0108,10.9,9,23,9,400,5.9,5.7,0.0359,5.8,5.3,5.0,5.2,7.6,6.5,6.4,14.7,4.7,7.0,94.2,0.0,1.83,0.0,5.88
31.2,32.4,30.0,9.0,6.0,12.0,25.9,24.2,27.6,31.1,36.0,26.2,0.0105,0.0335,0.00893,0.00793,5.68,0.00995,0.00725,0.0375,0.0394,0.229,0.0109,10.9,9,25,9,400,5.6,5.0,0.0358,6.3,6.2,5.1,4.7,5.5,6.4,5.7,13.2,4.5,7.6,88.4,0.0,1.83,0.0,6.72
30.6,34.2,27.0,7.0,7.0,7.0,27.6,26.0,29.2,33.3,34.6,32.0,0.0106,0.0336,0.00874,0.00779,5.84,0.00924,0.00677,0.0374,0.0392,0.229,0.0108,10.9,9,24,9,400,4.8,5.9,0.0357,6.0,6.5,5.1,4.9,4.8,6.5,5.6,11.2,3.6,8.6,86.0,0.555,1.01,0.0,6.81
31.8,35.2,28.4,12.399999999999999,15.0,9.8,26.5,26.0,27.0,30.4,34.4,26.4,0.0106,0.0336,0.00902,0.00782,5.88,0.01,0.00736,0.0374,0.0393,0.229,0.0104,10.9,9,25,9,400,5.8,6.5,0.0355,4.9,6.1,4.6,5.5,5.5,6.7,6.3,11.6,4.2,7.0,89.5,1.54,0.0,0.0,6.11
34.2,32.6,35.8,5.600000000000001,9.0,2.1999999999999993,25.2,28.0,22.4,34.0,34.6,33.4,0.0115,0.0336,0.00864,0.00771,5.92,0.00919,0.00829,0.0374,0.0394,0.228,0.0107,11.0,9,27,9,400,6.9,6.1,0.0359,4.3,6.1,4.5,5.7,5.3,6.5,7.3,11.2,4.2,5.2,89.1,1.54,1.87,0.0,5.29
31.7,31.8,31.6,7.699999999999999,5.800000000000001,9.600000000000001,26.6,26.6,26.6,29.4,28.2,30.6,0.0121,0.0333,0.00919,0.00776,6.02,0.0101,0.0084,0.0375,0.0395,0.23,0.0104,11.0,9,26,9,400,7.6,5.6,0.0346,4.4,6.1,6.2,6.1,5.3,5.3,5.6,10.9,4.4,6.1,87.7,0.989,1.87,0.0,5.38
31.8,29.6,34.0,6.899999999999999,11.8,2.0,26.1,29.4,22.8,33.3,34.6,32.0,0.0108,0.0336,0.00919,0.00811,6.24,0.00933,0.00837,0.0377,0.0395,0.23,0.0101,11.0,9,25,9,400,6.7,5.8,0.036,4.8,6.5,6.9,5.5,5.2,4.7,3.9,11.7,4.1,7.6,87.8,0.0,1.87,0.0,6.62
33.1,32.0,34.2,8.8,4.800000000000001,12.8,25.7,23.0,28.4,31.1,30.2,32.0,0.0117,0.0334,0.00917,0.00768,6.64,0.01,0.00846,0.0375,0.0396,0.232,0.0103,11.0,9,25,9,400,5.7,5.0,0.0346,6.0,5.5,6.7,6.2,5.4,4.1,4.9,13.4,3.7,8.4,89.6,0.0,0.0,0.0,5.43
30.7,29.2,32.2,5.699999999999999,7.0,4.399999999999999,25.8,28.2,23.4,34.6,34.2,35.0,0.0109,0.0336,0.00878,0.00826,6.94,0.0105,0.00836,0.0377,0.0396,0.233,0.0101,10.9,9,25,9,400,6.0,4.7,0.0346,5.1,5.0,6.5,5.8,5.6,4.8,5.8,12.6,4.0,8.3,90.0,0.0,1.67,0.0,6.61
33.1,34.4,31.8,7.199999999999999,7.600000000000001,6.800000000000001,27.6,28.0,27.2,29.4,31.2,27.6,0.0109,0.0334,0.00919,0.00792,7.2,0.0105,0.00845,0.0378,0.0397,0.233,0.0104,11.0,9,26,9,400,6.2,4.9,0.0358,4.3,5.4,6.6,5.5,5.2,5.8,4.9,11.4,3.7,7.5,87.0,0.0,1.68,0.0,5.32
28.8,32.8,24.8,7.399999999999999,10.0,4.800000000000001,25.5,23.8,27.2,26.1,26.2,26.0,0.0124,0.0328,0.00854,0.00768,1.9,0.00899,0.00679,0.0373,0.0386,0.225,0.0114,11.8,9,27,9,200,3.17,2.83,0.0345,3.83,2.83,2.5,3.0,3.17,3.5,3.17,6.0,1.83,4.33,81.8,0.0,1.03,0.0,0.0
26.4,26.4,26.4,6.5,7.199999999999999,5.800000000000001,23.5,26.8,20.2,27.3,27.2,27.4,0.011,0.0327,0.00886,0.00776,1.98,0.00971,0.00735,0.0373,0.0384,0.223,0.0116,11.8,9,26,10,200,3.3,3.4,0.0343,3.2,2.7,2.7,3.0,3.1,3.7,3.0,6.0,1.5,4.9,68.7,0.935,1.03,0.0,0.0
25.8,25.0,26.6,7.0,9.399999999999999,4.600000000000001,25.7,22.6,28.8,26.8,24.2,29.4,0.0108,0.0331,0.00851,0.0072,2.08,0.00957,0.00686,0.0373,0.0388,0.224,0.0114,11.7,9,26,9,200,3.7,3.1,0.0345,2.2,2.6,2.8,2.3,2.0,2.6,2.9,5.7,1.5,4.0,42.7,0.935,1.03,0.0,4.81
26.7,26.2,27.2,8.3,10.2,6.399999999999999,24.6,22.2,27.0,28.1,32.0,24.2,0.0116,0.0333,0.00872,0.00746,2.14,0.00957,0.00731,0.0374,0.0389,0.223,0.0113,11.6,9,23,9,200,4.0,3.1,0.0343,2.4,2.9,3.1,2.0,1.6,2.9,3.1,6.1,2.1,3.4,43.6,0.935,0.0,0.0,5.98
26.1,23.6,28.6,5.600000000000001,3.1999999999999993,8.0,23.6,27.4,19.8,27.0,30.0,24.0,0.0107,0.0331,0.00825,0.00783,2.18,0.00887,0.00676,0.0371,0.039,0.225,0.0111,11.6,9,23,9,200,3.3,2.0,0.0334,2.1,2.6,2.7,1.9,1.9,3.3,2.6,5.2,1.8,4.0,40.0,0.0,0.0,0.0,7.16
26.8,28.1,25.5,9.600000000000001,5.0,14.2,24.9,23.4,26.4,27.6,28.1,27.1,0.0115,0.0332,0.00878,0.00748,2.32,0.00966,0.00741,0.0372,0.0391,0.221,0.0113,11.5,9,25,9,200,2.7,1.4,0.0342,2.8,2.8,2.8,2.3,2.4,3.0,3.3,5.5,2.3,4.4,42.3,0.0,0.0,0.0,3.57
26.5,25.7,27.3,8.399999999999999,4.199999999999999,12.600000000000001,25.4,25.2,25.6,27.4,27.5,27.3,0.0105,0.0332,0.00818,0.00814,2.37,0.00891,0.00738,0.0371,0.039,0.224,0.0106,11.6,9,25,9,200,2.0,2.8,0.0342,3.8,3.4,3.0,2.5,3.4,2.9,3.3,6.4,2.9,4.6,48.2,0.682,0.0,0.0,3.57
25.2,23.6,26.8,7.100000000000001,3.0,11.2,24.4,25.8,23.0,27.3,24.8,29.8,0.0114,0.0332,0.00809,0.00773,2.48,0.00879,0.00704,0.0374,0.0391,0.221,0.0106,11.6,9,25,10,200,1.8,3.1,0.0324,3.6,3.2,2.6,2.0,3.3,2.6,2.5,6.4,2.1,4.2,45.9,0.682,0.0,0.0,2.4
26.2,29.4,23.0,7.100000000000001,5.800000000000001,8.399999999999999,25.9,26.4,25.4,27.5,28.4,26.6,0.0104,0.0333,0.0073,0.00765,2.54,0.00879,0.00701,0.0373,0.0391,0.224,0.0105,11.7,9,25,10,200,2.7,3.1,0.0325,3.0,2.7,3.0,2.0,2.7,2.6,2.2,5.9,1.7,3.5,43.2,0.682,0.0,0.0,2.75
29.7,32.4,27.0,8.5,8.399999999999999,8.600000000000001,23.6,21.6,25.6,28.3,23.4,33.2,0.0104,0.0336,0.00888,0.00713,2.62,0.00878,0.00844,0.0374,0.0389,0.222,0.0107,11.8,9,27,10,200,3.4,3.0,0.0332,2.8,2.0,3.3,2.4,3.0,3.1,2.4,5.0,2.0,3.9,43.6,0.0,0.0,0.0,2.37
27.2,23.8,30.6,9.3,13.399999999999999,5.199999999999999,23.2,25.0,21.4,27.8,27.8,27.8,0.0103,0.0334,0.00826,0.00747,2.71,0.00878,0.0079,0.0373,0.0393,0.222,0.0104,11.7,9,28,9,200,3.1,2.7,0.0325,2.7,1.9,3.1,3.0,2.8,2.9,2.8,5.0,2.0,3.7,42.4,0.0,0.0,0.0,3.54
24.8,28.4,21.2,5.899999999999999,9.2,2.6000000000000014,26.2,24.6,27.8,26.5,21.8,31.2,0.0103,0.0334,0.00876,0.00747,2.81,0.00882,0.00851,0.0373,0.0392,0.222,0.0106,11.7,9,28,9,200,2.2,2.2,0.0334,2.7,2.5,3.1,2.8,2.8,2.5,3.2,6.2,2.2,4.1,44.6,0.647,0.0,0.0,3.14
27.1,26.4,27.8,8.899999999999999,11.8,6.0,24.0,23.4,24.6,28.0,30.6,25.4,0.0112,0.0336,0.00817,0.00799,2.84,0.00882,0.00763,0.0374,0.039,0.222,0.0109,11.7,9,27,9,200,2.0,2.9,0.0333,3.4,3.0,2.8,2.0,2.8,2.6,2.8,6.8,2.0,4.6,45.7,0.647,0.0,0.0,3.53
27.9,26.8,29.0,8.2,4.199999999999999,12.2,22.8,21.2,24.4,26.7,27.8,25.6,0.0102,0.0337,0.00875,0.00748,2.92,0.00882,0.00775,0.0374,0.0393,0.223,0.00992,11.7,9,26,9,200,2.6,3.2,0.0337,2.9,2.9,2.5,2.2,2.6,2.5,2.3,6.0,1.6,4.1,43.2,0.647,0.0,0.0,3.52
26.3,28.8,23.8,8.8,14.0,3.6000000000000014,24.3,25.2,23.4,27.2,25.0,29.4,0.0111,0.0334,0.00828,0.00802,2.98,0.00959,0.00709,0.0375,0.0391,0.223,0.0108,11.7,9,30,9,200,2.7,2.5,0.0335,2.0,2.3,2.7,1.9,2.8,2.1,2.6,4.8,1.2,4.6,40.7,0.0,0.0,0.0,3.49
25.1,24.4,25.8,8.5,11.600000000000001,5.399999999999999,23.7,27.2,20.2,27.0,29.2,24.8,0.0101,0.0336,0.00874,0.00756,3.09,0.00959,0.00719,0.0375,0.039,0.225,0.0104,11.7,9,29,9,200,2.5,2.9,0.0336,2.2,2.5,2.8,1.6,2.3,1.8,2.8,5.3,1.5,4.9,41.3,0.793,0.0,0.0,3.35
26.3,21.6,31.0,5.899999999999999,3.3999999999999986,8.399999999999999,23.6,21.4,25.8,30.2,28.2,32.2,0.01,0.0335,0.00839,0.00741,3.29,0.0103,0.00752,0.0375,0.0391,0.22,0.0104,11.8,9,27,10,200,2.7,2.9,0.0329,2.0,2.8,3.2,2.3,2.2,2.6,2.3,6.1,1.9,4.3,43.2,0.793,0.0,0.0,4.3
29.9,28.2,31.6,8.2,3.6000000000000014,12.8,23.0,24.6,21.4,26.4,23.0,29.8,0.01,0.0338,0.00889,0.00743,3.46,0.00885,0.00756,0.0376,0.0392,0.224,0.0109,11.7,9,28,10,200,3.5,3.0,0.0326,2.0,3.2,2.9,2.5,4.0,2.8,1.9,5.8,1.7,4.1,43.9,0.793,0.0,0.0,3.15
27.1,28.2,26.0,10.0,7.0,13.0,23.4,23.8,23.0,27.3,23.0,31.6,0.00997,0.0338,0.00889,0.00725,3.65,0.00964,0.0075,0.0376,0.0393,0.218,0.0106,11.7,9,25,9,200,3.5,2.8,0.0334,2.1,3.8,3.3,2.4,3.4,2.8,1.8,7.8,2.7,4.4,46.6,0.0,0.0,0.0,3.16
33.7,32.8,34.6,7.0,4.199999999999999,9.8,28.6,28.8,28.4,34.0,29.0,39.0,0.0101,0.0338,0.00816,0.00802,3.38,0.00973,0.00706,0.0377,0.0393,0.218,0.00992,10.3,9,23,9,300,6.5,7.0,0.034,6.25,9.0,7.25,4.25,6.25,6.25,5.5,13.0,4.5,10.8,178.0,0.0,0.0,0.0,0.0
27.8,25.8,29.8,8.0,10.0,6.0,24.1,23.0,25.2,28.1,24.8,31.4,0.0101,0.0342,0.0088,0.00756,3.51,0.00973,0.00763,0.0381,0.0391,0.221,0.0104,10.6,9,25,9,300,5.44,5.0,0.0338,4.33,6.11,5.11,3.56,4.44,4.89,4.11,10.7,3.89,6.67,110.0,0.0,0.0,0.0,0.0
29.1,29.2,29.0,6.899999999999999,3.8000000000000007,10.0,24.8,20.8,28.8,32.8,33.0,32.6,0.0102,0.0342,0.00808,0.00819,3.59,0.00894,0.00826,0.0381,0.0394,0.22,0.0107,10.6,9,25,9,300,3.9,3.9,0.0334,3.7,3.9,3.8,3.9,3.2,3.7,3.8,8.1,2.9,5.3,61.0,0.0,1.06,0.0,0.0
28.5,29.6,27.4,8.100000000000001,11.0,5.199999999999999,26.0,26.4,25.6,30.1,25.4,34.8,0.011,0.0343,0.00852,0.00766,3.71,0.00894,0.00788,0.038,0.0392,0.218,0.0109,10.8,9,24,9,300,4.2,4.5,0.0336,4.2,3.2,4.7,5.6,3.7,3.8,3.5,7.9,2.6,7.6,66.6,1.01,1.06,0.0,7.56
31.4,31.6,31.2,7.199999999999999,4.199999999999999,10.2,26.2,27.6,24.8,28.9,29.6,28.2,0.0101,0.0344,0.00852,0.00797,3.78,0.00826,0.00777,0.0382,0.039,0.221,0.0108,10.9,9,26,9,300,4.3,5.1,0.0346,4.0,3.4,5.7,5.1,3.5,3.2,2.8,8.8,3.1,7.0,66.9,1.01,1.87,0.0,8.98
29.6,29.2,30.0,7.5,4.199999999999999,10.8,24.7,27.4,22.0,29.9,29.4,30.4,0.011,0.0343,0.00836,0.00808,3.84,0.00981,0.00829,0.0382,0.039,0.218,0.0109,11.1,9,27,9,300,3.7,5.3,0.0346,4.3,4.4,5.3,3.8,4.3,3.7,3.3,9.3,3.9,5.3,67.9,1.01,0.81,0.0,10.3
28.2,26.2,30.2,9.600000000000001,13.0,6.199999999999999,24.2,19.6,28.8,30.5,30.6,30.4,0.011,0.0344,0.00686,0.00855,3.94,0.00907,0.00685,0.038,0.0393,0.221,0.0107,11.0,9,27,9,300,4.4,4.5,0.0336,5.2,4.2,4.0,4.4,4.8,4.5,3.7,8.5,3.3,4.8,67.7,0.0,0.81,0.0,4.22
31.0,30.4,31.6,6.699999999999999,9.600000000000001,3.8000000000000007,26.4,24.0,28.8,27.6,24.6,30.6,0.0111,0.0346,0.00807,0.00829,4.01,0.00979,0.0074,0.0382,0.0392,0.222,0.0109,11.1,9,26,9,300,3.7,4.4,0.0362,4.6,3.8,4.8,4.6,3.5,4.6,4.4,8.0,2.7,5.3,65.3,0.0,0.0,0.0,4.19
28.2,30.2,26.2,8.600000000000001,4.199999999999999,13.0,25.1,23.4,26.8,30.9,31.2,30.6,0.0111,0.0345,0.00746,0.00838,4.07,0.00965,0.00679,0.0382,0.0393,0.221,0.0108,11.0,9,26,9,300,3.6,4.3,0.0354,3.7,3.9,4.6,3.3,2.9,5.0,4.8,8.7,3.1,6.5,64.9,0.0,0.705,0.0,4.23
28.1,29.8,26.4,6.899999999999999,2.3999999999999986,11.399999999999999,24.1,24.4,23.8,27.0,24.0,30.0,0.0112,0.0347,0.00743,0.00789,4.17,0.00965,0.00703,0.0381,0.0395,0.221,0.011,11.0,9,26,9,300,4.1,3.7,0.0371,4.1,3.4,4.0,3.6,3.2,4.1,4.7,8.4,2.6,6.2,63.7,0.795,0.705,0.0,5.28
32.4,32.8,32.0,6.399999999999999,3.0,9.8,26.6,28.6,24.6,31.9,34.2,29.6,0.0112,0.0347,0.00728,0.00837,4.28,0.00886,0.00692,0.038,0.0391,0.221,0.0113,11.0,9,27,9,300,3.8,4.5,0.0366,3.9,3.2,4.0,4.7,3.5,3.5,4.6,7.2,2.2,6.2,62.6,0.795,1.58,0.0,5.37
27.8,23.6,32.0,10.0,6.199999999999999,13.8,25.4,29.2,21.6,30.8,30.0,31.6,0.0112,0.035,0.00774,0.00801,4.35,0.0088,0.00755,0.0378,0.0395,0.222,0.0103,10.9,9,25,8,300,3.6,5.0,0.0361,3.2,3.5,4.2,4.3,3.4,5.0,4.6,8.2,3.3,6.6,66.5,0.795,0.871,0.0,5.29
30.7,32.0,29.4,6.699999999999999,8.8,4.600000000000001,22.6,24.6,20.6,29.4,28.0,30.8,0.0112,0.0346,0.00717,0.00849,4.44,0.00957,0.00696,0.0379,0.0396,0.222,0.0102,10.8,9,23,8,300,3.4,4.7,0.0372,3.4,3.2,4.9,4.0,3.8,5.0,3.6,8.4,3.4,6.8,65.8,0.719,1.87,0.0,4.08
29.1,30.4,27.8,7.100000000000001,4.0,10.2,25.7,25.0,26.4,26.2,25.6,26.8,0.0112,0.0346,0.00768,0.00859,4.49,0.00881,0.00711,0.038,0.0395,0.224,0.0104,10.9,9,25,9,300,4.1,4.0,0.037,3.8,3.4,4.9,3.9,3.6,4.9,3.0,6.9,2.4,8.1,64.6,0.719,1.0,0.0,4.56
28.7,25.6,31.8,6.899999999999999,1.8000000000000007,12.0,24.3,23.6,25.0,33.5,39.6,27.4,0.0112,0.0349,0.00739,0.00803,4.55,0.0095,0.00707,0.038,0.0392,0.222,0.0102,11.0,9,28,9,300,4.6,3.9,0.0371,3.4,3.6,4.4,3.5,3.4,5.2,5.0,8.4,2.7,7.1,67.7,0.719,1.0,0.0,4.42
29.4,29.6,29.2,10.8,9.399999999999999,12.2,25.0,29.2,20.8,27.3,26.2,28.4,0.0116,0.0349,0.00792,0.00787,4.6,0.00871,0.0072,0.038,0.0396,0.226,0.0103,11.0,9,30,9,300,4.8,4.2,0.0364,4.1,4.2,2.8,4.5,4.8,4.6,5.7,9.3,3.3,4.7,66.8,0.0,0.0,0.0,5.49
31.1,28.2,34.0,7.0,3.3999999999999986,10.600000000000001,23.7,21.6,25.8,34.1,32.4,35.8,0.0102,0.0349,0.00796,0.00832,4.8,0.01,0.00717,0.0379,0.0394,0.224,0.0101,11.1,9,28,9,300,5.1,3.8,0.037,3.9,4.2,2.7,4.8,5.5,4.3,4.3,8.6,3.3,4.1,63.5,0.799,0.0,0.0,3.53
28.1,25.8,30.4,8.5,10.0,7.0,25.9,29.8,22.0,29.4,28.8,30.0,0.0102,0.0349,0.00772,0.00853,5.06,0.01,0.00735,0.038,0.0395,0.223,0.0109,11.1,9,26,9,300,5.0,3.6,0.0367,4.5,3.3,3.5,4.6,4.9,4.0,4.5,8.7,2.8,5.4,65.5,0.799,0.815,0.0,5.12
29.8,30.4,29.2,6.199999999999999,1.0,11.399999999999999,24.1,24.8,23.4,29.0,25.8,32.2,0.0111,0.0349,0.00737,0.0099,5.3,0.00867,0.00723,0.038,0.0397,0.226,0.0108,11.1,9,27,9,300,4.6,4.1,0.0445,4.2,3.9,3.5,5.1,4.7,4.0,3.7,7.5,2.1,5.7,64.6,0.799,1.75,0.0,4.15
43.1,43.6,42.6,6.800000000000001,7.399999999999999,6.199999999999999,28.5,31.4,25.6,34.3,37.2,31.4,0.0103,0.0341,0.00765,0.00825,4.73,0.0102,0.0073,0.0374,0.0397,0.225,0.0101,12.3,9,31,10,400,5.0,6.33,0.0448,8.0,6.33,6.33,8.67,8.33,7.0,8.67,15.0,5.0,7.0,198.0,0.827,0.0,0.0,0.0
31.6,34.8,28.4,7.899999999999999,10.0,5.800000000000001,25.9,27.4,24.4,28.5,27.6,29.4,0.0112,0.0343,0.00814,0.0079,4.83,0.0102,0.00782,0.0371,0.0397,0.223,0.0104,12.0,9,29,9,400,5.88,5.75,0.0438,7.0,6.88,6.25,6.5,7.0,5.63,7.75,14.5,5.25,6.25,152.0,0.827,0.0,0.0,0.0
30.7,29.6,31.8,6.800000000000001,6.0,7.600000000000001,27.2,29.0,25.4,35.3,40.6,30.0,0.0103,0.0342,0.00761,0.00827,4.93,0.00868,0.0073,0.0372,0.0397,0.226,0.0103,11.6,9,24,9,400,6.3,6.3,0.0445,6.4,5.7,6.0,5.1,5.7,5.8,5.8,13.2,4.4,6.7,108.0,0.00021,1.75,0.0,0.0
32.8,34.2,31.4,9.399999999999999,4.800000000000001,14.0,25.4,23.4,27.4,32.9,36.0,29.8,0.0112,0.034,0.00796,0.00793,4.94,0.00935,0.00781,0.0372,0.0396,0.226,0.0105,11.4,9,24,9,400,5.8,5.5,0.0446,5.2,5.8,5.0,5.0,5.3,6.3,5.8,10.8,2.9,7.8,87.2,0.0,2.4,0.0,0.0
30.2,30.0,30.4,7.899999999999999,8.600000000000001,7.199999999999999,26.1,24.6,27.6,31.3,35.0,27.6,0.0103,0.0341,0.00669,0.00839,5.08,0.00863,0.00772,0.0371,0.0395,0.225,0.0103,11.2,9,26,8,400,4.9,5.3,0.0437,4.9,7.0,5.1,4.5,5.4,5.5,7.0,10.8,2.6,7.4,84.3,0.76,2.4,0.0,11.7
33.7,28.4,39.0,8.8,4.600000000000001,13.0,25.6,24.0,27.2,32.4,37.0,27.8,0.0111,0.0344,0.00669,0.00793,5.12,0.00866,0.00776,0.0373,0.0395,0.226,0.00999,11.2,9,25,9,400,3.9,6.9,0.0437,5.0,6.7,5.8,4.8,5.2,5.7,6.1,13.1,4.1,8.6,89.1,0.76,1.49,0.0,14.3
34.0,33.0,35.0,7.699999999999999,11.2,4.199999999999999,25.1,23.6,26.6,33.6,30.8,36.4,0.0102,0.0341,0.00711,0.00839,5.23,0.00866,0.00746,0.0374,0.0393,0.224,0.0114,11.1,9,25,9,400,4.5,6.8,0.0422,4.4,5.4,6.6,5.3,5.3,6.9,6.2,13.0,4.3,8.6,90.5,0.76,0.842,0.0,15.7
31.2,28.4,34.0,8.0,3.0,13.0,27.0,29.0,25.0,30.3,31.8,28.8,0.0102,0.034,0.00827,0.00792,5.32,0.00942,0.00758,0.0375,0.0391,0.226,0.0111,11.2,9,28,9,400,6.4,5.8,0.0424,4.4,4.0,6.5,5.6,5.6,6.5,6.2,11.5,3.3,6.7,86.9,0.0,1.84,0.0,6.55
30.2,32.8,27.6,6.800000000000001,2.8000000000000007,10.8,25.0,21.0,29.0,34.5,35.4,33.6,0.0101,0.0341,0.0079,0.00801,5.42,0.00871,0.00695,0.0376,0.0388,0.224,0.011,11.1,9,26,9,400,6.8,5.6,0.0646,5.1,5.1,5.9,6.3,5.2,5.0,5.9,10.1,2.8,6.1,86.1,0.0,0.999,0.0,5.36
33.3,34.8,31.8,8.7,10.0,7.399999999999999,27.7,28.8,26.6,29.0,28.4,29.6,0.0115,0.0342,0.00849,0.00756,5.41,0.00865,0.00758,0.0379,0.0386,0.224,0.0111,11.1,9,25,9,400,6.6,7.2,0.0638,6.2,4.6,5.7,5.4,5.1,5.2,6.1,11.8,3.7,6.0,88.9,0.0,0.999,0.0,5.26
30.2,30.2,30.2,7.100000000000001,11.600000000000001,2.6000000000000014,25.4,27.8,23.0,32.1,32.6,31.6,0.0107,0.0343,0.00795,0.00782,5.44,0.00865,0.00698,0.0375,0.0387,0.223,0.011,11.1,9,26,9,400,5.8,6.4,0.0648,6.4,3.6,4.8,5.2,6.3,5.7,6.2,12.6,4.0,7.2,88.2,0.0,0.93,0.0,4.77
34.8,37.4,32.2,7.300000000000001,10.399999999999999,4.199999999999999,24.9,29.0,20.8,33.0,31.2,34.8,0.0116,0.0343,0.00837,0.008,5.58,0.00874,0.00758,0.0375,0.0388,0.224,0.0112,11.1,9,28,9,400,6.3,5.0,0.0647,5.9,4.5,5.1,5.0,5.2,5.7,5.7,11.1,3.5,8.4,86.5,0.0,0.93,0.0,6.74
29.7,29.0,30.4,7.199999999999999,6.600000000000001,7.800000000000001,24.9,28.8,21.0,34.8,34.2,35.4,0.0103,0.034,0.00784,0.00802,5.73,0.00944,0.007,0.0374,0.0387,0.223,0.011,11.1,9,26,9,400,5.9,6.2,0.065,5.1,5.1,6.0,5.3,4.0,5.6,4.3,11.0,4.1,8.2,87.3,0.0,1.91,0.0,6.8
31.1,33.4,28.8,9.600000000000001,6.800000000000001,12.399999999999999,25.9,22.6,29.2,30.2,33.2,27.2,0.0112,0.0342,0.00844,0.00761,5.78,0.00814,0.00757,0.0375,0.0387,0.222,0.0113,11.1,9,26,9,400,4.5,6.0,0.0649,5.7,6.4,6.1,5.2,5.2,5.5,5.3,11.3,4.1,7.2,88.7,0.0,0.977,0.0,6.94
33.1,32.0,34.2,7.0,2.8000000000000007,11.2,26.7,30.6,22.8,33.3,35.2,31.4,0.0112,0.0343,0.00799,0.00749,5.82,0.00814,0.00737,0.0376,0.0389,0.226,0.0106,11.0,9,26,9,400,5.6,5.6,0.065,5.8,6.2,5.1,5.0,4.7,5.5,6.2,12.0,4.7,6.8,87.8,1.47,1.81,0.0,5.38
33.9,33.2,34.6,8.600000000000001,4.600000000000001,12.600000000000001,26.9,27.2,26.6,29.2,30.8,27.6,0.0175,0.0342,0.00861,0.00657,5.89,0.00936,0.0074,0.0378,0.0388,0.223,0.0107,11.0,9,25,9,400,5.5,5.2,0.0566,5.2,4.3,4.0,6.0,4.1,6.3,5.8,10.3,4.3,6.6,83.2,1.47,1.84,0.0,5.5
30.7,32.6,28.8,7.0,6.600000000000001,7.399999999999999,26.0,28.2,23.8,34.1,31.4,36.8,0.0175,0.0344,0.00845,0.00642,6.18,0.00859,0.00817,0.0378,0.0389,0.221,0.0106,11.0,9,24,9,400,5.8,5.6,0.0571,5.5,3.9,4.4,6.0,5.5,5.8,6.0,10.1,3.6,8.0,86.3,1.47,1.84,0.0,5.9
30.6,32.6,28.6,8.3,7.600000000000001,9.0,25.7,23.4,28.0,30.3,28.2,32.4,0.0173,0.0344,0.0088,0.00734,6.54,0.00861,0.00773,0.0379,0.039,0.223,0.0108,11.0,9,24,9,400,6.7,5.7,0.057,6.3,4.6,5.3,5.7,6.9,4.3,6.3,11.2,4.0,9.1,91.3,0.0,1.85,0.0,6.58
33.4,33.0,33.8,5.100000000000001,5.800000000000001,4.399999999999999,24.3,23.0,25.6,33.3,32.4,34.2,0.0165,0.0344,0.00827,0.00776,6.88,0.00861,0.00809,0.0379,0.0392,0.223,0.0106,11.0,9,24,9,400,5.3,4.8,0.056,5.9,5.0,5.0,6.4,6.6,4.3,6.4,10.7,4.2,7.9,87.9,0.0,0.84,0.0,6.49
33.3,34.2,32.4,8.8,8.0,9.600000000000001,28.0,31.0,25.0,30.7,31.0,30.4,0.0174,0.0344,0.00855,0.00791,7.07,0.00859,0.00821,0.0382,0.0389,0.223,0.0107,11.0,9,28,9,400,4.5,6.1,0.0562,5.4,4.6,4.9,6.6,5.7,4.9,6.4,11.2,3.7,6.9,86.5,0.0,1.85,0.0,6.32
29.1,27.2,31.0,5.399999999999999,7.0,3.8000000000000007,25.1,24.2,26.0,25.5,21.6,29.4,0.0102,0.0331,0.00859,0.0074,1.88,0.00936,0.00688,0.0372,0.0387,0.223,0.0114,9.98,8,25,8,200,2.5,2.5,0.0332,3.17,4.0,3.67,4.17,3.0,1.83,3.5,6.17,2.0,2.83,83.2,0.968,0.0,0.0,2.48
24.3,23.4,25.2,7.100000000000001,10.8,3.3999999999999986,24.0,24.8,23.2,26.0,24.8,27.2,0.0111,0.0329,0.00932,0.00701,1.93,0.00937,0.00693,0.0371,0.0384,0.223,0.0116,10.5,8,25,9,200,2.7,2.1,0.0333,3.1,3.6,3.0,3.5,2.8,2.1,4.2,5.4,1.8,4.0,66.7,0.968,0.0,0.0,3.42
27.0,31.4,22.6,7.300000000000001,3.0,11.600000000000001,24.3,23.8,24.8,30.9,27.0,34.8,0.0101,0.033,0.00862,0.00676,2.03,0.00863,0.00689,0.0372,0.0385,0.224,0.0114,10.8,9,26,10,200,2.3,2.5,0.0333,2.3,2.9,2.0,2.6,2.3,2.1,3.1,4.6,2.0,4.1,39.8,0.000215,0.0,0.0,4.93
27.5,30.4,24.6,7.0,10.2,3.8000000000000007,24.0,27.2,20.8,25.5,25.4,25.6,0.0114,0.0327,0.00853,0.00887,2.11,0.00948,0.00691,0.0372,0.0386,0.225,0.0115,11.0,9,26,10,200,2.8,3.6,0.0321,2.5,3.6,1.9,2.8,2.4,2.9,2.2,5.5,2.4,3.5,43.3,0.0,1.06,0.0,2.45
27.4,27.4,27.4,7.5,6.399999999999999,8.600000000000001,23.9,26.8,21.0,27.4,29.0,25.8,0.0114,0.033,0.00854,0.00892,2.18,0.00872,0.00687,0.0373,0.0386,0.225,0.0114,11.1,9,25,10,200,3.2,3.1,0.0326,3.1,3.4,2.2,2.5,2.7,4.0,2.6,6.4,2.3,3.7,45.6,0.0,1.06,0.0,1.51
25.6,28.4,22.8,7.300000000000001,6.399999999999999,8.2,24.6,24.6,24.6,27.4,32.6,22.2,0.0113,0.0329,0.00888,0.00904,2.29,0.00872,0.00687,0.0373,0.0385,0.223,0.0115,11.2,9,26,9,200,3.1,2.4,0.0319,3.3,3.1,3.2,2.6,2.3,3.5,2.4,6.8,2.0,3.0,45.4,0.0,1.06,0.0,2.33
25.5,28.6,22.4,7.899999999999999,13.399999999999999,2.3999999999999986,25.5,24.4,26.6,28.0,32.1,23.9,0.0113,0.0332,0.00853,0.00898,2.37,0.00948,0.00787,0.0372,0.0384,0.227,0.0107,11.2,9,26,9,200,3.3,2.0,0.033,3.2,2.7,3.3,2.4,3.2,2.7,2.3,6.1,1.2,2.9,43.6,0.0,0.0,0.0,3.51
27.0,30.0,24.0,8.399999999999999,8.0,8.8,23.9,20.8,27.0,26.1,30.3,21.9,0.0137,0.0333,0.00866,0.00915,2.45,0.00948,0.00774,0.0374,0.0383,0.226,0.0107,11.1,9,24,9,200,3.6,2.6,0.0332,3.3,2.0,2.4,3.1,3.7,2.9,2.5,5.6,1.6,3.3,43.7,0.0,0.0,0.0,4.68
27.5,25.4,29.6,5.600000000000001,5.0,6.199999999999999,24.3,21.0,27.6,28.1,29.6,26.6,0.0155,0.0331,0.0111,0.00927,2.51,0.00947,0.00787,0.0374,0.0385,0.227,0.0106,11.0,9,23,9,200,3.5,3.0,0.0332,2.6,2.3,2.0,3.6,2.7,3.0,1.8,6.1,2.2,3.2,43.3,0.0,0.674,0.0,3.53
26.0,27.6,24.4,9.100000000000001,7.399999999999999,10.8,24.5,25.8,23.2,27.0,31.6,22.4,0.0192,0.0332,0.0137,0.00877,2.61,0.00947,0.00801,0.0373,0.0386,0.227,0.0106,11.0,9,26,9,200,3.1,2.7,0.0332,1.9,2.5,2.9,2.6,3.1,3.0,2.3,5.6,1.9,3.7,42.9,0.0,0.674,0.0,3.54
26.1,23.0,29.2,6.800000000000001,7.199999999999999,6.399999999999999,25.7,27.4,24.0,28.2,33.0,23.4,0.0184,0.0331,0.0137,0.00918,2.68,0.00948,0.00745,0.0375,0.0386,0.227,0.0104,10.9,9,25,9,200,2.7,2.9,0.0337,2.9,2.5,3.2,2.9,3.5,2.5,3.5,5.0,2.0,4.0,44.4,0.0,0.674,0.0,3.54
26.9,25.0,28.8,7.199999999999999,3.0,11.399999999999999,24.1,23.6,24.6,27.8,30.8,24.8,0.0194,0.0334,0.0136,0.00926,2.74,0.00948,0.00747,0.0375,0.0385,0.226,0.0106,10.9,9,25,9,200,2.5,3.6,0.0332,3.2,2.3,2.5,3.6,3.6,2.8,3.3,5.7,2.2,3.5,46.1,1.21,0.0,0.0,4.57
27.1,27.8,26.4,6.600000000000001,8.399999999999999,4.800000000000001,24.0,25.2,22.8,26.8,28.4,25.2,0.0184,0.0334,0.0131,0.00974,2.85,0.00873,0.00734,0.0376,0.0383,0.226,0.0142,10.8,9,24,8,200,2.1,3.3,0.033,2.5,2.8,2.7,3.8,2.8,3.5,3.6,5.8,1.8,3.0,45.5,1.21,0.578,0.0,4.7
26.5,24.6,28.4,10.2,8.2,12.2,22.6,23.2,22.0,26.8,33.6,20.0,0.0196,0.0335,0.0135,0.00897,2.89,0.00873,0.00822,0.0376,0.0384,0.226,0.0144,10.7,9,21,8,200,2.5,2.2,0.034,2.4,3.5,2.9,3.5,2.4,2.4,3.9,5.2,1.6,3.6,43.4,2.17,0.578,0.0,3.52
25.2,26.0,24.4,7.0,9.0,5.0,25.3,21.4,29.2,27.8,22.6,33.0,0.0187,0.0335,0.0129,0.00887,2.98,0.00868,0.00857,0.0376,0.0385,0.227,0.0141,10.7,9,23,8,200,3.7,2.0,0.0336,2.8,2.5,2.7,2.8,2.9,1.6,3.4,5.7,1.9,5.0,44.1,0.956,0.578,0.0,2.5
30.6,31.0,30.2,6.899999999999999,7.600000000000001,6.199999999999999,23.2,25.4,21.0,26.5,22.4,30.6,0.0187,0.0337,0.0124,0.00879,3.11,0.00941,0.00869,0.0377,0.0382,0.226,0.014,10.8,9,24,9,200,2.8,2.5,0.0334,3.1,2.0,2.6,3.6,2.5,2.1,2.7,6.2,2.4,4.8,45.3,0.956,0.0,0.0,2.22
26.5,29.6,23.4,8.100000000000001,11.399999999999999,4.800000000000001,24.3,22.4,26.2,29.8,31.0,28.6,0.0188,0.0337,0.0121,0.00879,3.24,0.00873,0.00738,0.0376,0.0386,0.224,0.0138,10.9,9,27,10,200,2.9,2.8,0.0343,2.6,2.2,2.1,3.9,2.1,3.2,2.1,5.9,2.1,3.2,43.8,0.0,0.0,0.0,4.38
26.1,26.6,25.6,9.3,10.2,8.399999999999999,25.5,23.8,27.2,24.3,27.2,21.4,0.0196,0.0338,0.0137,0.00869,3.4,0.00947,0.0074,0.0374,0.0386,0.227,0.013,10.8,9,27,9,200,3.1,2.2,0.0344,2.4,2.6,1.9,2.5,2.9,3.8,2.7,6.0,1.3,3.7,43.1,0.0,0.0,0.0,3.2
27.4,27.0,27.8,6.600000000000001,12.0,1.1999999999999993,24.6,26.0,23.2,27.0,27.6,26.4,0.0188,0.0336,0.0138,0.00907,3.63,0.00871,0.00732,0.0378,0.0389,0.227,0.014,10.9,9,25,9,200,2.4,2.0,0.0343,3.3,3.1,1.9,2.3,3.0,3.4,3.3,6.9,2.0,4.6,45.0,0.0,1.03,0.0,4.19
35.1,36.8,33.4,7.800000000000001,7.199999999999999,8.399999999999999,27.6,31.6,23.6,33.6,34.0,33.2,0.0213,0.0343,0.0133,0.00978,3.38,0.0096,0.00775,0.0374,0.0391,0.224,0.0134,9.73,8,21,8,300,5.8,4.6,0.0365,4.8,4.0,3.8,5.2,6.4,5.8,5.8,10.0,3.6,7.8,145.0,0.0,0.0,0.0,0.0
27.7,27.6,27.8,7.199999999999999,3.6000000000000014,10.8,23.9,19.6,28.2,28.0,23.6,32.4,0.0222,0.0341,0.0131,0.00932,3.51,0.0096,0.00836,0.0372,0.039,0.227,0.014,9.78,8,22,9,300,5.2,3.9,0.0365,4.1,3.1,4.5,4.3,5.2,4.6,4.6,9.4,3.3,6.0,102.0,0.967,0.0,0.0,4.81
27.5,24.6,30.4,6.0,8.8,3.1999999999999993,25.4,24.2,26.6,31.6,30.0,33.2,0.0213,0.0342,0.0128,0.0106,3.54,0.00887,0.0088,0.0374,0.0391,0.224,0.0139,10.1,8,24,9,300,4.3,3.5,0.0366,3.3,2.2,5.6,3.6,3.7,3.4,3.8,8.3,2.9,5.3,60.8,0.967,1.09,0.0,4.81
27.5,26.4,28.6,7.0,7.800000000000001,6.199999999999999,26.2,24.2,28.2,29.6,25.8,33.4,0.0226,0.034,0.0133,0.0102,3.58,0.00894,0.00784,0.0372,0.0389,0.223,0.014,10.3,9,26,9,300,4.6,3.2,0.0357,3.5,3.1,5.1,4.7,3.8,3.4,5.2,8.2,2.3,6.4,65.5,0.967,1.09,0.0,7.56
31.8,30.2,33.4,5.5,1.1999999999999993,9.8,24.9,24.8,25.0,28.9,27.2,30.6,0.0188,0.0341,0.0131,0.0103,3.66,0.00894,0.00791,0.037,0.039,0.225,0.0139,10.3,8,25,9,300,4.7,3.3,0.0358,4.3,3.8,4.1,4.0,4.0,3.8,5.1,8.5,2.7,6.1,65.5,0.0,1.87,0.0,4.14
26.8,29.6,24.0,9.100000000000001,9.2,9.0,24.1,27.2,21.0,29.5,31.8,27.2,0.0162,0.0341,0.0107,0.00982,3.75,0.00891,0.00735,0.0372,0.0389,0.226,0.014,10.3,9,23,9,300,4.2,3.8,0.035,3.9,4.2,3.7,3.7,4.5,3.8,4.0,7.5,2.8,6.0,63.2,0.0,0.774,0.0,5.57
28.3,29.4,27.2,8.2,8.0,8.399999999999999,24.6,21.2,28.0,28.4,28.0,28.8,0.0135,0.0343,0.00818,0.0102,3.75,0.00891,0.0085,0.0372,0.0389,0.226,0.0139,10.4,9,24,9,300,4.8,4.1,0.0352,3.6,4.5,3.4,5.0,5.3,3.5,3.7,7.1,2.0,6.5,65.2,0.0,0.774,0.0,4.26
30.4,27.8,33.0,7.399999999999999,5.399999999999999,9.399999999999999,26.4,25.0,27.8,28.7,31.6,25.8,0.0135,0.0342,0.00859,0.00983,3.89,0.00902,0.00862,0.0369,0.0389,0.227,0.014,10.4,9,25,9,300,4.7,4.7,0.0353,3.6,4.2,3.3,4.6,5.2,3.4,3.6,7.0,1.9,6.6,62.9,0.0,0.0,0.0,4.31
27.8,30.2,25.4,6.600000000000001,5.399999999999999,7.800000000000001,24.9,22.2,27.6,27.9,27.2,28.6,0.0136,0.034,0.00818,0.00984,3.97,0.00902,0.00858,0.037,0.039,0.225,0.0137,10.4,9,26,9,300,4.5,4.5,0.0347,3.1,3.7,3.4,3.9,5.2,3.5,4.0,6.6,2.0,7.5,61.6,0.0,0.0,0.0,4.06
27.8,25.0,30.6,8.8,7.0,10.600000000000001,26.0,29.0,23.0,32.3,32.1,32.5,0.0144,0.034,0.00865,0.00985,4.06,0.0105,0.00867,0.0369,0.0392,0.227,0.0101,10.3,9,23,9,300,5.2,4.5,0.0349,3.6,4.0,3.2,3.8,4.9,3.6,5.1,7.3,2.4,7.4,64.4,0.0,0.631,0.0,5.11
31.4,34.0,28.8,7.899999999999999,11.399999999999999,4.399999999999999,25.8,26.6,25.0,28.1,26.7,29.5,0.0132,0.0339,0.00823,0.00978,4.13,0.0105,0.00782,0.0369,0.0393,0.228,0.00986,10.3,9,24,9,300,5.0,4.6,0.034,3.8,4.8,3.1,4.2,4.7,4.1,5.0,8.6,3.6,5.2,65.5,0.0,1.58,0.0,4.98
28.6,32.4,24.8,7.699999999999999,11.399999999999999,4.0,25.9,29.4,22.4,28.7,27.0,30.4,0.0142,0.0337,0.00846,0.0103,4.21,0.0101,0.00746,0.0369,0.0394,0.228,0.0101,10.4,9,25,9,300,4.6,4.4,0.0345,4.2,4.5,4.1,3.9,4.9,4.1,3.9,9.2,3.7,5.4,68.3,1.21,1.58,0.0,5.09
28.2,31.4,25.0,5.600000000000001,2.1999999999999993,9.0,25.3,24.0,26.6,29.1,28.6,29.6,0.0142,0.0341,0.00805,0.00992,4.23,0.0101,0.00781,0.0368,0.0395,0.226,0.0101,10.5,9,26,10,300,3.7,4.6,0.0346,4.3,4.2,4.2,3.1,4.6,3.3,4.5,7.7,2.5,5.8,64.2,1.21,0.945,0.0,3.8
28.3,27.2,29.4,9.2,10.600000000000001,7.800000000000001,24.7,21.6,27.8,30.5,28.2,32.8,0.0141,0.034,0.00833,0.0105,4.29,0.0101,0.00794,0.0369,0.0393,0.23,0.00977,10.6,9,26,9,300,3.3,4.2,0.0348,4.0,4.1,5.0,3.4,4.3,3.7,4.1,8.5,2.9,5.7,63.7,1.21,0.0,0.0,4.8
29.5,29.6,29.4,7.699999999999999,5.600000000000001,9.8,25.9,26.0,25.8,30.8,32.4,29.2,0.0132,0.0339,0.00679,0.01,4.46,0.0101,0.00735,0.0369,0.0394,0.226,0.0106,10.5,9,26,9,300,3.5,3.6,0.0349,4.4,3.4,5.2,4.1,3.5,4.4,3.4,8.9,3.1,6.3,65.6,0.0,0.0,0.0,4.71
28.0,31.2,24.8,9.3,10.0,8.600000000000001,24.8,24.0,25.6,28.2,27.8,28.6,0.0143,0.034,0.00794,0.0104,4.42,0.0101,0.00794,0.0369,0.0391,0.228,0.01,10.6,9,24,9,300,3.8,3.8,0.034,4.4,3.2,4.4,4.2,3.2,4.7,4.3,8.8,2.9,6.2,65.6,0.0,0.794,0.0,4.51
32.2,32.2,32.2,5.199999999999999,7.800000000000001,2.6000000000000014,25.0,26.6,23.4,28.2,25.4,31.0,0.0133,0.034,0.00769,0.0107,4.72,0.00927,0.00771,0.0369,0.0394,0.227,0.0104,10.6,9,26,9,300,3.8,4.7,0.034,4.6,3.5,5.1,4.3,3.8,5.1,5.2,9.8,3.1,5.6,69.3,0.819,1.76,0.0,3.6
29.4,31.0,27.8,8.7,8.0,9.399999999999999,24.6,23.6,25.6,29.1,28.2,30.0,0.0141,0.0339,0.0083,0.0102,4.96,0.0102,0.00739,0.037,0.0392,0.227,0.0106,10.7,9,28,10,300,3.5,5.1,0.0349,4.3,4.3,4.6,4.5,3.7,4.5,5.0,8.4,2.6,5.1,65.7,0.819,1.76,0.0,3.68
28.4,25.6,31.2,8.2,5.199999999999999,11.2,26.3,26.6,26.0,28.2,29.4,27.0,0.0132,0.034,0.00799,0.0101,5.21,0.0094,0.0078,0.0371,0.0392,0.227,0.0105,10.7,9,26,9,300,4.1,4.9,0.0352,4.1,4.9,3.4,4.3,4.2,3.8,4.5,7.4,2.3,5.8,63.7,1.57,0.971,0.0,5.14
42.2,43.4,41.0,5.399999999999999,6.600000000000001,4.199999999999999,29.6,33.0,26.2,34.2,35.2,33.2,0.0241,0.0336,0.00801,0.00862,4.71,0.00918,0.00842,0.0374,0.0392,0.23,0.00977,11.9,9,30,10,400,6.67,8.33,0.0329,5.33,5.67,7.33,6.67,8.0,9.0,7.0,13.7,5.33,10.7,203.0,0.0,0.0,0.0,0.0
28.6,29.0,28.2,8.399999999999999,9.8,7.0,24.9,23.0,26.8,29.5,29.4,29.6,0.0249,0.0336,0.0082,0.00845,4.77,0.00918,0.00802,0.0376,0.0392,0.228,0.00993,11.6,9,29,10,400,5.13,7.0,0.0323,5.5,5.38,6.5,5.0,5.5,7.38,6.0,11.9,3.88,9.25,145.0,0.824,0.0,0.0,0.0
33.9,31.2,36.6,6.800000000000001,5.399999999999999,8.2,24.9,24.0,25.8,33.2,32.2,34.2,0.0249,0.0336,0.00779,0.00904,4.87,0.00991,0.00837,0.0375,0.0391,0.224,0.00974,11.6,9,26,9,400,5.3,5.6,0.0333,6.1,6.3,6.4,4.6,3.9,6.0,5.5,12.3,3.6,8.3,102.0,0.824,0.0,0.0,0.0
35.4,36.4,34.4,8.600000000000001,4.399999999999999,12.8,25.2,29.4,21.0,33.5,32.4,34.6,0.0249,0.0334,0.00764,0.00861,5.03,0.00991,0.00721,0.0377,0.0392,0.227,0.00986,11.5,9,26,9,400,6.5,5.5,0.0332,5.7,6.5,6.0,5.1,4.1,5.4,5.6,11.9,4.0,8.1,90.4,0.824,0.0,0.0,8.94
31.6,32.4,30.8,8.899999999999999,14.399999999999999,3.3999999999999986,27.4,24.6,30.2,29.7,30.6,28.8,0.0249,0.0335,0.00775,0.00886,5.05,0.0104,0.00709,0.0378,0.0391,0.225,0.00979,11.5,9,25,9,400,6.3,5.8,0.0323,5.0,5.2,5.3,5.4,4.7,5.7,6.0,11.5,4.1,9.0,89.6,0.0,0.0,0.0,10.4
33.9,29.6,38.2,7.800000000000001,4.800000000000001,10.8,25.1,24.6,25.6,33.1,34.6,31.6,0.0249,0.0338,0.00826,0.00885,5.12,0.0104,0.00709,0.0376,0.0392,0.229,0.0108,11.6,9,26,9,400,5.9,6.4,0.0335,4.8,4.8,5.5,4.7,6.1,5.3,5.9,12.5,4.1,8.7,89.7,0.807,3.47,0.0,12.9
30.9,32.0,29.8,7.5,12.399999999999999,2.6000000000000014,27.7,26.8,28.6,30.2,29.4,31.0,0.024,0.0337,0.00779,0.00888,5.2,0.00961,0.00743,0.0377,0.0391,0.225,0.0107,11.7,9,29,10,400,6.0,6.5,0.0335,5.0,5.3,5.0,4.6,6.2,5.0,5.9,12.3,3.5,7.3,87.4,0.807,3.47,0.0,5.31
30.8,32.0,29.6,8.0,4.199999999999999,11.8,24.9,22.4,27.4,33.7,33.4,34.0,0.024,0.0338,0.0082,0.00896,5.35,0.00961,0.007,0.0378,0.0388,0.227,0.0109,11.6,9,28,9,400,5.4,5.5,0.0334,4.5,5.9,4.7,4.9,4.8,6.8,5.9,11.3,3.6,8.0,86.4,0.807,3.47,0.0,6.37
34.2,32.0,36.4,7.0,8.2,5.800000000000001,27.7,28.2,27.2,29.8,30.0,29.6,0.024,0.0337,0.00777,0.00892,5.43,0.0134,0.00688,0.0378,0.0385,0.225,0.0108,11.5,9,26,9,400,4.5,7.0,0.0324,3.4,5.7,6.3,5.2,5.6,6.9,5.6,11.3,3.7,7.7,87.5,0.0,0.0,0.0,6.11
30.2,29.6,30.8,7.899999999999999,4.399999999999999,11.399999999999999,26.0,24.6,27.4,32.8,37.8,27.8,0.0249,0.0336,0.0082,0.00905,5.55,0.0126,0.00694,0.0378,0.0385,0.229,0.0109,11.4,9,26,9,400,4.5,7.6,0.0331,5.3,5.3,7.2,5.7,6.4,5.5,5.7,12.8,4.2,6.7,91.4,0.0,0.832,0.0,6.3
33.0,30.2,35.8,8.100000000000001,8.2,8.0,25.6,25.2,26.0,31.1,29.4,32.8,0.0241,0.0337,0.00793,0.00845,5.72,0.0126,0.00682,0.0378,0.0386,0.223,0.0112,11.4,9,27,9,400,4.9,6.9,0.0319,5.6,5.0,7.4,5.7,5.6,4.9,4.8,12.6,5.2,7.4,91.3,0.0,1.66,0.0,5.86
33.4,30.4,36.4,6.899999999999999,5.800000000000001,8.0,24.4,28.2,20.6,29.9,27.6,32.2,0.025,0.0336,0.00834,0.00894,5.72,0.0126,0.0074,0.0377,0.0383,0.228,0.0108,11.3,9,24,9,400,4.9,7.1,0.035,4.5,5.4,6.0,5.8,5.0,5.3,4.7,12.5,5.2,8.9,90.6,0.0,1.66,0.0,5.85
31.2,32.8,29.6,6.899999999999999,9.8,4.0,26.7,29.8,23.6,33.1,36.6,29.6,0.024,0.0336,0.0071,0.00866,5.82,0.0126,0.00682,0.0378,0.0384,0.224,0.0107,11.2,9,22,9,400,4.6,6.1,0.0351,5.3,5.3,5.1,5.3,5.0,5.7,4.8,11.2,4.5,8.4,85.5,0.0,1.83,0.0,5.77
29.6,32.0,27.2,8.600000000000001,10.399999999999999,6.800000000000001,25.0,25.2,24.8,34.0,36.0,32.0,0.024,0.0339,0.00678,0.00839,5.81,0.0134,0.00692,0.0376,0.0383,0.225,0.0103,11.2,9,24,8,400,5.0,5.0,0.0349,5.8,4.4,6.1,5.6,4.8,5.5,5.6,10.0,3.5,8.1,83.7,0.0,0.995,0.0,6.24
33.6,34.4,32.8,8.100000000000001,10.2,6.0,25.3,29.6,21.0,29.3,33.0,25.6,0.0241,0.034,0.00671,0.0083,5.86,0.0133,0.00681,0.0375,0.0381,0.226,0.01,11.1,9,24,8,400,5.0,5.0,0.0344,5.1,5.2,5.9,6.2,5.4,4.9,7.8,9.8,3.0,9.0,86.7,1.49,1.93,0.0,5.53
30.9,29.8,32.0,8.600000000000001,9.8,7.399999999999999,27.7,26.6,28.8,32.9,31.8,34.0,0.0249,0.0338,0.00866,0.00882,5.93,0.0133,0.00636,0.0375,0.0383,0.229,0.0105,11.1,9,25,9,400,5.8,5.3,0.0383,4.5,5.6,5.6,6.0,6.3,4.0,6.8,9.3,2.9,8.2,85.1,1.49,0.94,0.0,6.55
31.5,29.0,34.0,8.0,8.2,7.800000000000001,26.0,25.0,27.0,30.1,30.0,30.2,0.024,0.0338,0.00794,0.00875,6.17,0.0133,0.0067,0.0373,0.0382,0.224,0.0104,11.0,9,24,8,400,7.1,5.2,0.0388,5.0,5.1,5.3,5.9,5.6,4.3,4.9,9.9,3.5,7.0,86.1,1.49,0.94,0.0,6.62
34.6,33.6,35.6,7.800000000000001,4.600000000000001,11.0,25.8,25.0,26.6,33.9,33.4,34.4,0.0249,0.034,0.00846,0.00833,6.53,0.0133,0.00683,0.0374,0.0382,0.228,0.0105,11.0,9,24,8,400,5.6,5.7,0.0383,5.3,5.6,5.5,4.9,5.4,5.7,4.6,10.9,4.2,7.1,88.6,0.0,0.0,0.0,6.48
33.2,36.0,30.4,6.5,5.800000000000001,7.199999999999999,27.2,24.0,30.4,29.6,26.8,32.4,0.0249,0.0341,0.00796,0.00877,6.88,0.0125,0.0067,0.0375,0.038,0.227,0.0104,10.9,9,24,8,400,4.4,5.9,0.0389,6.3,5.7,5.5,3.3,5.4,6.3,5.0,11.7,4.9,7.6,88.7,0.0,0.0,0.0,6.58
28.2,28.4,28.0,7.0,4.399999999999999,9.600000000000001,24.7,22.0,27.4,26.0,22.8,29.2,0.0152,0.0331,0.00713,0.0101,1.83,0.00993,0.00756,0.0381,0.039,0.233,0.0111,11.3,9,27,9,200,1.83,3.17,0.0329,2.67,3.33,3.0,2.67,3.83,3.5,2.83,5.67,1.33,6.33,80.5,1.04,0.0,0.0,0.0
26.2,23.6,28.8,7.399999999999999,10.8,4.0,24.7,23.8,25.6,26.6,23.0,30.2,0.016,0.0332,0.00909,0.00976,1.89,0.00993,0.00768,0.0378,0.039,0.23,0.0112,10.9,9,25,9,200,2.2,2.9,0.0329,3.3,2.8,2.8,3.3,3.7,3.2,3.2,5.6,1.8,5.6,66.6,1.04,0.0,0.0,3.15
27.0,27.4,26.6,7.399999999999999,6.0,8.8,26.1,26.0,26.2,27.8,26.2,29.4,0.0146,0.0331,0.00853,0.00964,1.96,0.00993,0.00713,0.0381,0.0389,0.232,0.011,11.0,9,26,9,200,1.9,2.1,0.0335,2.7,2.4,3.4,2.9,3.2,3.5,3.8,5.3,2.1,3.8,43.7,0.00026,0.0,0.0,3.4
26.5,29.6,23.4,9.3,12.600000000000001,6.0,23.4,23.4,23.4,27.3,25.4,29.2,0.0156,0.0333,0.0088,0.00985,2.1,0.00858,0.00763,0.0377,0.0389,0.232,0.0112,10.9,9,26,9,200,1.9,2.2,0.0338,2.5,3.0,3.8,2.9,2.3,3.5,3.5,5.6,2.0,3.9,43.6,0.0,0.0,0.0,4.58
26.3,26.0,26.6,6.100000000000001,8.2,4.0,27.5,28.8,26.2,27.4,23.2,31.6,0.0156,0.0332,0.00826,0.0103,2.19,0.0094,0.00705,0.0378,0.0391,0.23,0.011,10.8,9,24,9,200,2.7,2.9,0.0329,3.0,2.6,3.6,3.1,2.3,3.1,2.8,6.0,2.4,3.8,45.1,0.0,1.09,0.0,2.59
25.5,23.4,27.6,10.8,14.2,7.399999999999999,23.2,19.8,26.6,26.9,30.4,23.4,0.0153,0.0334,0.00876,0.00985,2.26,0.0094,0.00766,0.038,0.039,0.234,0.0112,10.7,9,23,9,200,2.6,3.2,0.0341,3.1,2.8,2.7,2.9,3.2,3.0,2.7,6.9,2.5,3.8,48.1,0.0,1.09,0.0,4.7
26.4,24.8,28.0,5.199999999999999,3.6000000000000014,6.800000000000001,24.9,22.0,27.8,27.7,29.0,26.4,0.0144,0.0333,0.00829,0.00973,2.31,0.00941,0.0071,0.0378,0.039,0.231,0.011,10.7,9,24,9,200,2.3,2.3,0.0333,2.6,2.7,2.4,2.5,3.4,2.1,2.5,6.8,2.1,3.7,43.9,0.0,1.09,0.0,3.52
28.2,26.0,30.4,8.8,12.0,5.600000000000001,26.1,27.4,24.8,26.7,22.6,30.8,0.0153,0.0333,0.0088,0.00983,2.35,0.00941,0.00759,0.0378,0.0391,0.231,0.0111,10.7,9,26,9,200,2.2,2.4,0.034,2.7,2.8,2.8,3.0,3.1,2.1,2.7,6.3,2.1,3.0,43.0,0.0,0.0,0.0,4.7
27.0,28.2,25.8,6.300000000000001,4.0,8.600000000000001,25.6,22.8,28.4,28.2,33.4,23.0,0.0145,0.0334,0.00849,0.00983,2.47,0.00871,0.00757,0.0379,0.0391,0.23,0.0106,10.8,9,25,9,200,1.9,3.9,0.0343,3.3,2.3,2.6,3.3,1.8,3.0,2.6,5.7,2.0,3.0,43.5,0.0,0.0,0.0,2.35
25.4,22.6,28.2,10.600000000000001,6.199999999999999,15.0,23.9,20.4,27.4,26.4,27.2,25.6,0.0154,0.0336,0.00904,0.00886,2.54,0.0087,0.00725,0.038,0.0392,0.231,0.0104,10.8,9,25,9,200,2.2,4.1,0.0341,3.0,1.9,3.5,2.2,2.0,3.2,3.0,5.9,1.8,3.7,44.4,0.0,0.752,0.0,4.69
27.6,26.4,28.8,6.300000000000001,4.399999999999999,8.2,24.0,25.2,22.8,27.2,32.0,22.4,0.0144,0.0334,0.00915,0.0103,2.63,0.0087,0.00714,0.0378,0.0392,0.233,0.0103,10.8,9,26,9,200,3.1,2.9,0.0334,2.8,3.2,3.3,2.0,2.4,2.8,3.3,5.5,1.6,2.9,43.4,0.0,0.752,0.0,3.52
26.3,22.8,29.8,8.3,7.800000000000001,8.8,26.2,28.8,23.6,26.2,31.4,21.0,0.0153,0.0333,0.00942,0.0098,2.75,0.00946,0.00669,0.0378,0.0394,0.232,0.0104,10.8,9,25,9,200,3.5,2.6,0.0342,2.6,4.5,2.9,2.7,2.6,2.7,2.7,5.7,1.9,2.3,44.4,1.21,0.752,0.0,4.7
25.5,24.2,26.8,5.699999999999999,9.0,2.3999999999999986,26.2,26.2,26.2,27.4,27.2,27.6,0.0153,0.0334,0.00942,0.0104,2.84,0.00951,0.00715,0.0377,0.0393,0.234,0.0103,10.7,9,23,8,200,3.4,2.2,0.0344,3.0,3.8,2.8,2.6,2.7,2.8,2.6,6.5,2.1,2.8,45.3,1.21,0.0,0.0,2.75
28.5,28.8,28.2,11.899999999999999,11.0,12.8,25.8,23.6,28.0,27.3,33.6,21.0,0.0151,0.0333,0.00885,0.00997,2.88,0.00951,0.00778,0.0377,0.0392,0.231,0.00995,10.6,9,25,8,200,3.1,1.9,0.0343,3.7,2.3,2.8,2.8,2.6,2.6,2.5,6.8,2.4,3.8,46.1,2.19,0.575,0.0,2.34
26.0,21.6,30.4,6.0,6.199999999999999,5.800000000000001,25.6,25.8,25.4,27.4,27.4,27.4,0.0141,0.0334,0.00877,0.00982,2.97,0.00958,0.00778,0.0377,0.0394,0.233,0.0103,10.6,9,27,9,200,3.1,2.0,0.0347,3.2,2.6,3.1,2.9,2.4,2.3,2.1,6.2,2.0,3.6,44.0,0.986,0.575,0.0,3.37
26.0,27.6,24.4,9.899999999999999,9.8,10.0,23.7,25.4,22.0,26.5,32.0,21.0,0.015,0.0332,0.00926,0.0104,3.07,0.00887,0.0074,0.0379,0.0395,0.232,0.011,10.6,9,25,9,200,3.5,2.2,0.0336,2.6,3.2,3.2,2.4,2.8,2.6,2.8,6.1,2.0,2.9,43.8,0.986,0.575,0.0,3.64
28.0,29.2,26.8,4.899999999999999,2.0,7.800000000000001,27.2,25.2,29.2,30.6,31.4,29.8,0.0142,0.0332,0.00893,0.00985,3.25,0.00887,0.00727,0.0377,0.0396,0.231,0.0108,10.7,9,26,9,200,2.8,2.4,0.0354,2.7,2.9,3.0,3.4,2.6,2.8,3.4,7.1,1.8,3.1,45.0,0.0,0.877,0.0,4.22
28.2,24.6,31.8,7.699999999999999,10.0,5.399999999999999,25.0,27.4,22.6,25.2,25.0,25.4,0.0151,0.0331,0.00934,0.0102,3.39,0.00963,0.00727,0.0376,0.0397,0.233,0.0112,10.7,9,26,9,200,2.4,2.7,0.0349,3.0,2.2,2.7,4.3,1.9,2.4,3.2,7.3,1.2,3.7,43.6,0.0,0.877,0.0,2.01
26.9,30.0,23.8,7.600000000000001,6.600000000000001,8.600000000000001,24.0,19.2,28.8,27.8,27.4,28.2,0.0101,0.0334,0.00893,0.00725,3.6,0.00978,0.00831,0.0378,0.0395,0.232,0.011,10.7,9,26,9,200,2.6,3.6,0.0351,2.9,2.1,2.4,3.9,2.5,2.2,3.0,6.6,1.7,4.0,43.6,0.0,0.877,0.0,3.33
32.1,32.2,32.0,5.899999999999999,7.0,4.800000000000001,28.0,27.4,28.6,34.2,33.8,34.6,0.0106,0.0333,0.00867,0.0079,3.3,0.00881,0.00701,0.0374,0.0398,0.231,0.0104,10.1,8,22,8,300,4.8,6.2,0.0351,2.8,4.6,5.2,6.2,4.8,6.0,5.4,10.4,3.2,6.2,141.0,1.05,1.1,0.0,0.0
27.8,25.4,30.2,9.8,6.600000000000001,13.0,25.0,26.2,23.8,27.1,26.6,27.6,0.0115,0.0334,0.00918,0.00771,3.39,0.00877,0.0076,0.0373,0.0397,0.233,0.0105,10.1,9,22,9,300,4.0,4.3,0.0352,3.1,4.2,3.8,4.8,3.6,4.5,3.4,8.4,2.4,5.4,95.1,1.05,1.1,0.0,0.0
28.7,30.4,27.0,5.5,2.8000000000000007,8.2,24.9,27.8,22.0,31.3,31.2,31.4,0.0107,0.0334,0.00868,0.00829,3.44,0.00967,0.00744,0.0372,0.0398,0.229,0.0104,10.4,9,25,9,300,3.5,3.1,0.034,3.9,4.6,2.6,3.7,4.0,3.6,3.0,8.0,2.0,5.0,59.0,0.00021,0.000189,0.0,6.15
27.3,29.6,25.0,7.399999999999999,8.8,6.0,27.2,28.4,26.0,31.5,32.4,30.6,0.0116,0.0335,0.00927,0.00838,3.53,0.00894,0.00748,0.0373,0.0399,0.231,0.0105,10.5,9,27,9,300,4.0,3.6,0.0346,4.4,4.1,2.7,4.5,4.8,3.7,4.4,8.5,3.1,5.9,65.9,0.0,0.000189,0.0,7.58
30.7,28.6,32.8,7.899999999999999,7.199999999999999,8.600000000000001,25.1,23.2,27.0,28.8,31.0,26.6,0.0106,0.0337,0.0089,0.00828,3.62,0.00967,0.00699,0.0373,0.0397,0.231,0.0109,10.5,9,26,9,300,4.3,3.9,0.034,4.1,4.3,2.6,4.7,3.8,4.1,4.2,8.0,3.4,5.7,65.6,0.0,0.0,0.0,8.9
28.4,31.8,25.0,6.0,6.0,6.0,24.8,23.4,26.2,28.0,29.0,27.0,0.0116,0.0336,0.00913,0.00839,3.72,0.00967,0.00701,0.037,0.04,0.233,0.0106,10.6,9,25,9,300,4.0,3.9,0.0348,4.0,5.3,3.2,3.9,3.0,3.7,4.9,9.1,2.6,4.7,63.6,0.0,0.793,0.0,4.15
28.9,28.6,29.2,9.5,10.8,8.2,25.5,24.2,26.8,30.7,31.2,30.2,0.0107,0.0336,0.00882,0.00833,3.72,0.00894,0.00691,0.0371,0.0397,0.233,0.0108,10.6,9,26,9,300,3.6,4.2,0.0349,3.8,4.8,3.6,4.7,2.8,3.8,5.4,8.9,2.3,4.8,63.5,0.0,0.793,0.0,4.17
29.1,27.0,31.2,8.8,6.0,11.600000000000001,26.6,30.4,22.8,28.2,30.0,26.4,0.0116,0.0335,0.00917,0.0069,3.88,0.00966,0.00746,0.0371,0.04,0.233,0.0109,10.6,9,28,8,300,3.2,4.7,0.0347,2.6,3.9,3.8,5.3,4.0,4.6,5.3,8.4,2.6,5.4,66.2,0.0,1.38,0.0,4.68
30.9,32.6,29.2,6.600000000000001,5.600000000000001,7.600000000000001,24.7,20.6,28.8,29.6,28.2,31.0,0.0106,0.0337,0.00847,0.00853,3.94,0.0089,0.00794,0.0372,0.0398,0.232,0.0107,10.6,9,26,8,300,3.8,3.9,0.0349,2.8,3.6,4.2,4.9,4.4,3.9,5.0,8.3,3.3,5.7,65.2,0.0,0.583,0.0,4.17
32.4,29.0,35.8,7.699999999999999,11.600000000000001,3.8000000000000007,25.8,23.6,28.0,32.5,30.2,34.8,0.0106,0.0336,0.00912,0.008,3.99,0.00887,0.00748,0.0373,0.04,0.233,0.0108,10.6,9,25,9,300,5.2,4.0,0.0345,4.1,3.4,3.7,4.2,3.8,4.1,4.8,9.6,3.8,5.6,67.5,0.658,0.583,0.0,5.41
28.8,30.2,27.4,9.8,8.0,11.600000000000001,25.4,24.6,26.2,30.1,30.4,29.8,0.0108,0.0337,0.00912,0.00827,4.13,0.00887,0.00685,0.0371,0.0399,0.235,0.0112,10.6,9,25,9,300,5.6,4.9,0.034,4.4,3.4,4.3,3.4,3.6,4.0,4.2,10.9,4.6,5.1,70.9,0.658,0.983,0.0,4.98
29.1,30.0,28.2,6.399999999999999,10.399999999999999,2.3999999999999986,26.0,25.4,26.6,28.3,29.2,27.4,0.0118,0.0337,0.00928,0.0084,4.16,0.00885,0.00815,0.0372,0.0396,0.234,0.0108,10.6,9,27,9,300,4.9,5.5,0.0336,5.0,4.8,4.3,3.4,3.3,4.4,3.1,10.0,3.8,4.7,68.7,1.24,0.983,0.0,5.4
27.3,28.6,26.0,6.899999999999999,11.399999999999999,2.3999999999999986,25.5,26.0,25.0,29.3,27.8,30.8,0.0109,0.0337,0.00868,0.00826,4.3,0.00885,0.0076,0.0372,0.0395,0.232,0.00998,10.7,9,28,9,300,4.5,4.5,0.0347,4.7,5.6,2.8,3.1,3.3,4.7,3.8,8.6,2.6,5.4,64.8,0.583,0.983,0.0,3.98
32.1,30.0,34.2,7.300000000000001,6.0,8.600000000000001,25.3,26.6,24.0,31.5,34.2,28.8,0.0123,0.0336,0.00902,0.00839,4.37,0.00962,0.00818,0.0372,0.0396,0.234,0.0102,10.8,9,27,10,300,4.7,3.7,0.0329,4.5,4.8,2.7,3.9,4.3,3.5,5.0,8.4,2.8,5.8,65.8,0.583,0.0,0.0,4.6
29.4,27.6,31.2,9.100000000000001,7.800000000000001,10.399999999999999,26.3,26.8,25.8,28.8,34.6,23.0,0.0114,0.034,0.00839,0.00864,4.43,0.00885,0.00864,0.0375,0.0395,0.232,0.00983,10.9,9,28,10,300,4.6,3.8,0.0326,4.6,3.8,3.6,4.4,4.2,3.5,4.5,8.5,2.2,5.7,64.2,0.0,0.936,0.0,4.53
27.5,22.4,32.6,8.8,7.600000000000001,10.0,27.8,24.0,31.6,27.9,31.6,24.2,0.0124,0.0339,0.00878,0.00882,4.48,0.00875,0.00696,0.0372,0.0399,0.232,0.01,10.9,9,28,9,300,4.6,4.1,0.0335,4.0,3.4,4.3,4.2,4.1,4.1,3.9,8.2,2.0,6.1,63.8,0.908,0.936,0.0,4.41
26.8,27.2,26.4,6.800000000000001,4.600000000000001,9.0,26.2,24.2,28.2,29.5,29.8,29.2,0.011,0.0338,0.00828,0.00873,4.68,0.00875,0.00737,0.0372,0.0398,0.235,0.00987,10.9,9,26,9,300,4.3,5.0,0.0336,4.0,3.4,4.5,3.9,4.9,3.3,4.2,7.4,1.8,7.1,64.4,0.908,1.78,0.0,4.74
30.1,28.0,32.2,7.199999999999999,1.3999999999999986,13.0,25.3,19.8,30.8,32.0,29.2,34.8,0.0119,0.0338,0.0087,0.00838,4.92,0.00884,0.00741,0.0377,0.0398,0.233,0.01,10.9,9,23,9,300,4.5,4.4,0.0327,4.4,3.9,3.9,3.4,4.7,3.3,4.6,7.4,2.3,6.9,63.5,0.908,0.844,0.0,4.85
28.5,30.2,26.8,6.600000000000001,3.1999999999999993,10.0,24.8,24.6,25.0,29.1,25.6,32.6,0.011,0.0342,0.00777,0.00884,5.23,0.00884,0.00678,0.0374,0.0399,0.234,0.00988,10.9,9,24,9,300,4.2,3.6,0.0335,4.5,4.2,4.0,3.0,3.9,3.7,4.9,8.1,2.7,5.7,64.0,0.0,0.844,0.0,5.11
41.3,42.8,39.8,6.899999999999999,11.0,2.8000000000000007,30.0,30.4,29.6,34.6,37.0,32.2,0.0105,0.0334,0.00714,0.00881,4.74,0.00869,0.00719,0.0378,0.0394,0.234,0.0108,11.5,9,29,9,400,4.0,5.75,0.0337,5.5,6.0,6.0,8.5,3.75,4.75,5.25,10.5,3.25,7.0,155.0,0.831,0.0,0.0,0.0
30.1,31.6,28.6,8.7,10.0,7.399999999999999,25.6,25.4,25.8,30.2,27.4,33.0,0.0105,0.0332,0.00746,0.0084,4.89,0.00884,0.00723,0.0379,0.0396,0.234,0.0104,11.2,9,28,9,400,3.89,6.11,0.0335,4.89,5.67,5.0,7.22,5.89,5.56,5.78,11.7,3.89,7.33,135.0,0.831,1.06,0.0,0.0
32.9,32.0,33.8,6.800000000000001,6.600000000000001,7.0,25.7,23.4,28.0,33.3,33.0,33.6,0.0104,0.0333,0.00701,0.00898,4.88,0.00884,0.00713,0.038,0.0394,0.234,0.0103,11.1,9,25,9,400,5.3,5.1,0.0325,4.5,5.4,4.8,5.6,6.6,5.8,6.3,12.1,4.0,9.1,104.0,0.831,1.86,0.0,0.0
31.3,29.8,32.8,7.199999999999999,4.600000000000001,9.8,27.1,27.2,27.0,32.6,33.6,31.6,0.0115,0.0332,0.00715,0.00869,5.1,0.00954,0.00719,0.0377,0.0396,0.235,0.0105,10.9,9,25,9,400,5.9,4.3,0.0326,5.3,5.1,5.6,5.5,4.7,5.4,5.2,11.8,4.0,9.1,87.2,0.0,1.86,0.0,8.86
32.3,36.4,28.2,11.0,12.399999999999999,9.600000000000001,27.1,29.0,25.2,31.8,32.0,31.6,0.0106,0.0335,0.00669,0.00914,5.13,0.00882,0.00788,0.0379,0.0393,0.234,0.0104,11.0,9,24,9,400,5.4,6.0,0.0335,5.9,4.0,5.2,5.9,4.5,6.1,5.2,12.7,4.9,7.7,91.1,0.0,1.44,0.0,10.3
30.0,28.8,31.2,7.100000000000001,12.8,1.3999999999999986,27.4,27.8,27.0,33.7,34.2,33.2,0.0106,0.0336,0.00731,0.00751,5.17,0.00956,0.00743,0.0379,0.0396,0.234,0.0105,10.9,9,25,9,400,6.3,6.1,0.0328,5.5,4.2,5.0,5.3,4.4,6.0,6.2,11.7,4.9,8.7,91.3,0.765,0.638,0.0,12.9
34.1,36.2,32.0,7.399999999999999,10.8,4.0,26.1,26.6,25.6,30.2,31.0,29.4,0.0116,0.0335,0.00681,0.00874,5.22,0.00879,0.0074,0.0379,0.0394,0.232,0.0104,10.9,9,25,9,400,6.7,3.9,0.0328,5.5,4.9,5.6,5.8,4.3,5.6,6.0,9.9,4.0,8.4,86.8,0.765,0.638,0.0,6.6
29.7,27.0,32.4,7.399999999999999,9.2,5.600000000000001,28.3,32.4,24.2,34.0,39.4,28.6,0.0107,0.0335,0.00726,0.0085,5.26,0.00963,0.00806,0.0377,0.0396,0.232,0.0105,11.0,9,28,9,400,6.0,3.4,0.0334,5.7,5.0,5.7,6.2,5.9,6.1,5.6,10.2,3.2,7.3,84.6,0.765,1.03,0.0,6.57
30.2,30.0,30.4,6.600000000000001,3.6000000000000014,9.600000000000001,25.0,21.4,28.6,33.4,36.0,30.8,0.0106,0.0335,0.00686,0.00837,5.42,0.0089,0.00723,0.0377,0.0395,0.231,0.0109,11.0,9,28,9,400,4.4,5.5,0.0336,4.3,4.9,6.5,5.3,5.3,5.6,5.3,10.1,3.3,8.2,83.7,0.0,1.03,0.0,5.18
33.2,33.0,33.4,9.600000000000001,10.8,8.399999999999999,27.3,28.2,26.4,29.2,28.4,30.0,0.012,0.0335,0.00724,0.0085,5.44,0.00961,0.00727,0.0375,0.0397,0.233,0.0111,10.9,9,26,9,400,3.5,6.5,0.0326,4.5,4.5,6.3,6.5,4.9,6.2,5.4,9.9,3.2,8.8,85.5,0.0,1.86,0.0,6.07
33.3,34.2,32.4,6.699999999999999,8.8,4.600000000000001,28.0,28.2,27.8,32.8,34.6,31.0,0.0106,0.0336,0.00669,0.00888,5.51,0.00884,0.00669,0.0375,0.0396,0.233,0.0109,11.1,9,28,9,400,4.8,5.8,0.0333,5.9,4.5,6.3,6.2,5.4,5.7,5.8,10.4,3.4,8.8,87.0,0.603,1.82,0.0,7.19
31.1,28.6,33.6,8.2,11.0,5.399999999999999,26.7,26.2,27.2,31.7,36.8,26.6,0.0116,0.0334,0.00669,0.00847,5.61,0.0095,0.00688,0.0374,0.0399,0.232,0.011,11.1,9,28,10,400,6.4,4.9,0.0336,5.5,4.9,6.4,5.6,3.8,5.6,6.2,11.9,3.9,8.1,88.8,0.603,1.82,0.0,7.9
31.5,30.8,32.2,5.399999999999999,8.2,2.6000000000000014,26.4,27.4,25.4,34.1,34.2,34.0,0.0106,0.0333,0.00692,0.00862,5.66,0.00872,0.00676,0.0376,0.0395,0.234,0.0108,11.0,9,25,9,400,5.7,4.5,0.0327,5.2,6.6,5.3,6.2,3.2,6.0,6.3,12.3,3.8,7.3,87.9,0.603,1.8,0.0,6.18
32.7,32.6,32.8,11.5,10.0,13.0,24.6,28.6,20.6,28.3,31.6,25.0,0.0106,0.0333,0.00758,0.00833,5.76,0.00945,0.00698,0.0375,0.0396,0.231,0.011,10.9,9,24,8,400,5.4,5.0,0.0373,5.3,6.5,5.6,5.5,5.3,5.0,6.1,11.4,3.8,8.0,88.1,0.0,0.811,0.0,6.18
33.6,34.8,32.4,7.0,3.0,11.0,28.4,27.2,29.6,33.6,39.2,28.0,0.00962,0.0331,0.00713,0.00888,5.87,0.00983,0.00694,0.0374,0.0396,0.234,0.0108,10.9,9,26,9,400,5.6,4.9,0.0374,4.9,5.6,6.1,4.8,6.3,5.5,6.2,10.9,3.6,8.2,87.0,1.04,0.811,0.0,5.65
29.5,32.6,26.4,8.8,6.800000000000001,10.8,25.0,25.2,24.8,33.4,35.4,31.4,0.0116,0.0329,0.00768,0.0084,5.87,0.00983,0.00751,0.0375,0.0398,0.235,0.011,10.9,9,25,9,400,5.4,4.9,0.0363,4.7,6.9,5.5,5.8,4.7,5.7,5.1,10.8,3.1,7.6,86.3,1.04,0.977,0.0,6.6
30.3,28.6,32.0,6.300000000000001,8.8,3.8000000000000007,27.1,28.2,26.0,30.2,28.6,31.8,0.0116,0.033,0.00749,0.00883,6.06,0.00948,0.00705,0.0376,0.0398,0.235,0.01,10.9,9,26,9,400,4.3,5.6,0.0375,5.4,6.7,4.9,6.9,4.8,5.0,5.3,10.0,2.0,7.0,83.9,1.04,0.977,0.0,5.36
34.1,33.6,34.6,7.100000000000001,9.0,5.199999999999999,25.9,28.6,23.2,33.9,32.2,35.6,0.0125,0.0332,0.00798,0.00832,6.4,0.00948,0.00765,0.0374,0.0395,0.236,0.0101,10.9,9,26,9,400,4.4,7.6,0.0376,6.4,4.7,5.2,6.1,5.8,4.9,5.5,10.1,2.2,6.4,83.3,0.0,0.977,0.0,6.67
31.0,31.0,31.0,6.0,1.1999999999999993,10.8,27.0,30.0,24.0,30.6,28.4,32.8,0.0108,0.0334,0.00832,0.0086,6.7,0.00948,0.00707,0.0376,0.0399,0.234,0.0101,10.9,9,25,9,400,6.0,7.4,0.037,5.7,4.1,6.1,4.9,6.6,5.8,3.7,11.6,3.3,8.1,90.0,0.0,1.71,0.0,5.37
29.3,29.8,28.8,7.300000000000001,6.0,8.600000000000001,25.7,28.0,23.4,26.0,24.4,27.6,0.0108,0.0339,0.00788,0.00797,1.97,0.00945,0.0127,0.0364,0.04,0.229,0.0102,12.3,9,29,9,200,2.5,4.0,0.0331,4.0,3.0,4.17,3.0,2.17,4.67,2.83,7.5,2.17,2.33,84.2,0.0,0.0,0.0,0.0
26.3,24.8,27.8,7.199999999999999,11.0,3.3999999999999986,24.6,26.4,22.8,27.8,25.2,30.4,0.0108,0.034,0.00818,0.00854,2.08,0.00876,0.0123,0.0365,0.0397,0.231,0.0104,12.3,9,28,10,200,2.6,3.7,0.0336,3.3,3.3,3.4,3.3,2.0,4.0,3.0,6.8,2.3,2.7,68.3,0.0,0.0,0.0,0.0
26.1,27.4,24.8,6.899999999999999,12.0,1.8000000000000007,26.6,24.8,28.4,30.1,30.0,30.2,0.0143,0.034,0.00795,0.00826,2.15,0.00947,0.0122,0.0365,0.0398,0.23,0.0102,12.4,9,28,10,200,2.4,3.3,0.0327,2.3,3.7,3.0,2.7,2.2,2.5,2.1,5.1,2.0,2.6,41.8,0.0,1.03,0.0,0.0
27.3,27.0,27.6,6.800000000000001,7.399999999999999,6.199999999999999,25.4,23.8,27.0,23.9,20.8,27.0,0.0133,0.0338,0.00836,0.00784,2.25,0.00947,0.0128,0.0363,0.0397,0.228,0.0106,12.1,9,26,9,200,2.4,3.7,0.0333,3.1,3.9,3.7,2.8,3.0,2.3,1.7,5.2,1.9,3.1,44.6,0.0,1.03,0.0,0.0
26.8,30.2,23.4,7.399999999999999,10.600000000000001,4.199999999999999,25.1,23.2,27.0,27.3,26.0,28.6,0.0131,0.0338,0.00823,0.00807,2.36,0.0087,0.0116,0.0365,0.0398,0.23,0.0128,12.1,9,26,9,200,2.5,3.2,0.0324,3.6,2.8,2.6,3.1,3.5,2.2,3.2,5.8,2.0,4.2,46.1,0.935,1.03,0.0,6.03
27.3,27.2,27.4,9.5,11.600000000000001,7.399999999999999,26.3,27.4,25.2,27.2,24.0,30.4,0.0141,0.034,0.00837,0.00819,2.41,0.00942,0.0118,0.0364,0.0395,0.231,0.0129,11.8,9,24,9,200,2.2,2.8,0.0323,3.7,2.1,1.9,3.0,3.4,2.6,3.9,6.0,2.0,4.7,45.6,0.935,0.0,0.0,7.21
26.9,26.8,27.0,7.199999999999999,4.199999999999999,10.2,24.0,27.0,21.0,27.1,22.8,31.4,0.0141,0.0341,0.00787,0.00829,2.48,0.0102,0.0118,0.0361,0.0394,0.232,0.0128,11.8,9,23,9,200,2.7,2.8,0.0331,3.6,2.8,2.7,2.6,2.5,2.7,2.6,4.7,1.5,4.3,41.2,1.59,0.0,0.0,8.38
25.0,20.2,29.8,7.5,7.199999999999999,7.800000000000001,26.2,26.2,26.2,26.3,25.2,27.4,0.015,0.0341,0.00775,0.00793,2.54,0.00936,0.0118,0.0364,0.0393,0.232,0.013,11.6,9,25,9,200,3.3,2.9,0.0332,3.4,2.9,3.1,2.7,2.6,2.3,2.3,4.0,1.4,3.8,41.0,0.658,0.0,0.0,3.53
28.4,26.2,30.6,7.800000000000001,8.8,6.800000000000001,25.1,27.6,22.6,26.9,27.0,26.8,0.015,0.0339,0.00658,0.00832,2.64,0.00865,0.0117,0.0363,0.0395,0.232,0.0128,11.6,9,27,9,200,2.6,2.4,0.0324,2.6,2.2,2.5,2.6,3.4,2.6,2.8,5.1,1.8,3.0,41.3,0.658,0.0,0.0,3.53
26.5,25.0,28.0,9.3,6.199999999999999,12.399999999999999,26.6,23.6,29.6,28.0,25.2,30.8,0.0141,0.0343,0.00826,0.00807,2.68,0.00988,0.0123,0.0361,0.0394,0.229,0.013,11.4,9,25,9,200,2.8,1.6,0.0334,2.5,2.5,3.4,2.2,3.2,2.3,2.4,5.5,1.8,3.2,41.6,0.0,0.0,0.0,3.53
26.2,26.2,26.2,5.699999999999999,5.800000000000001,5.600000000000001,25.2,21.0,29.4,26.7,27.6,25.8,0.0141,0.0344,0.00796,0.00791,2.78,0.00855,0.0117,0.0361,0.0393,0.23,0.0133,11.4,9,25,9,200,3.6,1.8,0.0324,3.1,3.1,4.0,2.2,2.0,1.9,1.6,5.3,2.1,3.5,42.9,0.0,0.0,0.0,3.53
26.7,23.4,30.0,9.0,13.600000000000001,4.399999999999999,25.9,23.6,28.2,28.2,32.2,24.2,0.0132,0.0344,0.00832,0.0079,2.88,0.00928,0.0123,0.0363,0.0394,0.234,0.0133,11.3,9,25,9,200,3.2,2.5,0.0324,2.6,2.7,3.4,2.2,2.3,3.2,2.7,6.2,2.1,2.8,44.7,0.553,0.0,0.0,4.69
27.7,31.0,24.4,6.699999999999999,8.600000000000001,4.800000000000001,24.8,24.6,25.0,27.7,29.0,26.4,0.0121,0.0345,0.00805,0.00818,2.96,0.00855,0.0123,0.0364,0.0395,0.23,0.012,11.2,9,23,9,200,2.7,2.7,0.033,1.9,2.3,2.8,2.0,3.5,3.4,3.8,5.7,1.8,3.4,43.9,0.553,1.25,0.0,3.51
27.4,28.6,26.2,12.3,14.8,9.8,27.2,28.6,25.8,26.9,31.8,22.0,0.0142,0.0344,0.00873,0.00788,3.01,0.00926,0.0122,0.0365,0.0391,0.232,0.0125,11.2,9,25,9,200,2.8,2.8,0.0324,2.2,2.7,3.1,2.2,3.6,3.2,3.6,6.4,2.6,3.8,46.8,1.39,1.25,0.0,2.35
26.8,23.4,30.2,6.0,2.6000000000000014,9.399999999999999,25.0,25.4,24.6,27.3,25.0,29.6,0.0134,0.0347,0.00809,0.00829,3.15,0.00852,0.0117,0.0362,0.0395,0.23,0.0122,11.2,9,23,9,200,2.5,2.4,0.0325,3.0,2.7,2.8,2.6,2.9,2.3,3.2,6.7,2.4,3.0,44.2,0.838,1.25,0.0,3.38
30.0,29.8,30.2,9.100000000000001,8.0,10.2,24.8,25.0,24.6,27.3,24.6,30.0,0.0149,0.0347,0.00799,0.0085,3.18,0.00919,0.0117,0.0361,0.0393,0.233,0.0124,11.2,9,25,9,200,2.7,2.3,0.0332,3.0,3.2,2.9,2.5,3.0,1.8,4.1,6.4,2.4,3.4,43.2,0.838,0.0,0.0,4.05
27.3,25.2,29.4,5.399999999999999,8.600000000000001,2.1999999999999993,25.5,27.0,24.0,29.7,28.8,30.6,0.0149,0.0349,0.00805,0.008,3.4,0.00851,0.0123,0.0363,0.0392,0.233,0.0124,11.3,9,26,10,200,3.2,2.9,0.0326,2.3,2.7,3.6,2.5,2.3,2.5,4.6,6.7,2.5,3.6,46.2,0.0,0.0,0.0,5.44
26.3,28.0,24.6,7.800000000000001,3.1999999999999993,12.399999999999999,24.2,21.2,27.2,23.6,27.8,19.4,0.0187,0.0349,0.00846,0.00702,3.53,0.00922,0.0124,0.0361,0.0391,0.234,0.0122,11.2,9,24,9,200,2.7,2.4,0.0334,2.9,2.4,3.4,2.8,1.9,2.3,2.9,6.2,2.5,3.2,44.0,0.0,1.05,0.0,2.06
25.8,29.4,22.2,10.100000000000001,6.0,14.2,26.0,28.8,23.2,27.1,29.0,25.2,0.0178,0.0347,0.00849,0.00735,3.72,0.00929,0.0118,0.0363,0.039,0.233,0.0124,11.2,9,23,9,200,1.7,2.3,0.0332,3.2,2.9,3.0,3.1,2.7,2.5,2.9,6.2,2.7,4.7,45.1,0.0,1.05,0.0,3.4
33.7,35.2,32.2,6.899999999999999,9.0,4.800000000000001,28.9,31.0,26.8,33.9,36.7,31.1,0.0176,0.0351,0.00909,0.00847,3.38,0.00873,0.00699,0.0365,0.0395,0.233,0.013,9.79,8,24,8,300,5.0,3.2,0.0325,5.4,3.8,6.6,6.4,4.6,5.6,3.4,10.6,4.2,8.2,143.0,0.921,0.0,0.0,0.0
27.7,30.8,24.6,7.600000000000001,12.600000000000001,2.6000000000000014,27.2,26.0,28.4,28.4,33.0,23.8,0.0178,0.0351,0.00949,0.00816,3.47,0.00945,0.00757,0.0365,0.0392,0.233,0.0106,10.2,8,27,9,300,4.9,4.1,0.0339,4.3,3.6,4.2,4.7,4.6,4.8,3.2,9.6,3.1,6.2,99.8,0.921,0.0,0.0,0.0
28.1,25.0,31.2,5.5,5.0,6.0,25.5,23.4,27.6,28.5,30.4,26.6,0.0169,0.035,0.00908,0.00854,3.52,0.00872,0.00691,0.0366,0.0393,0.234,0.0105,9.8,8,24,8,300,3.9,4.8,0.0339,3.5,3.7,2.9,2.7,4.5,4.3,3.3,8.0,2.1,6.1,61.2,0.000199,0.0,0.0,0.0
29.7,29.0,30.4,8.8,4.399999999999999,13.2,25.4,23.2,27.6,33.3,34.8,31.8,0.0178,0.0349,0.00955,0.00803,3.68,0.00871,0.00748,0.0368,0.0397,0.232,0.0106,10.1,8,24,8,300,3.3,4.5,0.0331,3.9,4.1,4.7,3.7,4.2,3.4,3.9,7.4,2.6,6.9,65.0,0.0,1.07,0.0,7.71
29.9,29.2,30.6,7.300000000000001,3.8000000000000007,10.8,26.7,24.6,28.8,29.5,27.6,31.4,0.0169,0.0349,0.00955,0.00853,3.78,0.00871,0.00689,0.0364,0.0397,0.233,0.0104,10.1,8,25,9,300,4.4,4.4,0.034,3.7,4.3,5.3,4.4,4.1,3.9,4.6,8.8,3.5,6.5,67.7,0.0,1.07,0.0,9.08
29.8,27.6,32.0,7.399999999999999,8.8,6.0,25.3,21.4,29.2,28.8,28.8,28.8,0.0169,0.0349,0.00957,0.00819,3.84,0.00992,0.00689,0.0364,0.0394,0.233,0.0104,10.1,8,23,8,300,4.6,3.9,0.0339,4.4,4.3,5.5,2.9,3.3,5.1,4.8,9.0,2.9,7.0,68.7,0.0,1.78,0.0,10.4
27.5,25.0,30.0,8.100000000000001,4.600000000000001,11.600000000000001,26.5,30.4,22.6,30.6,29.0,32.2,0.0158,0.0349,0.00779,0.00866,3.92,0.00945,0.00744,0.0365,0.0396,0.233,0.0103,10.0,8,22,9,300,4.9,3.7,0.033,5.1,4.1,4.3,3.0,4.0,3.9,5.1,8.3,1.9,6.5,66.8,0.0,0.717,0.0,4.16
30.4,26.4,34.4,10.899999999999999,10.600000000000001,11.2,25.4,26.0,24.8,29.1,34.6,23.6,0.0176,0.035,0.00877,0.00876,3.98,0.00945,0.00748,0.0366,0.0395,0.235,0.0107,9.91,8,22,8,300,4.1,4.5,0.0336,3.8,3.8,3.0,4.5,5.5,4.8,4.9,9.0,2.4,5.9,67.1,0.0,1.28,0.0,4.15
28.6,30.0,27.2,7.300000000000001,7.800000000000001,6.800000000000001,26.3,22.8,29.8,28.3,29.2,27.4,0.0176,0.035,0.00849,0.00876,4.1,0.00872,0.00693,0.0365,0.0394,0.232,0.0106,9.99,8,25,8,300,2.9,4.0,0.0336,3.8,4.6,3.5,4.1,5.1,5.6,4.4,8.8,2.9,6.0,66.3,0.0,0.568,0.0,4.23
31.9,31.6,32.2,7.300000000000001,11.8,2.8000000000000007,26.5,28.0,25.0,28.0,22.2,33.8,0.0186,0.0349,0.00898,0.00836,4.14,0.00944,0.00751,0.0365,0.0393,0.234,0.0113,10.1,8,25,9,300,3.6,3.1,0.033,4.8,5.4,3.6,3.8,4.9,4.7,5.1,8.6,2.9,5.5,66.8,0.835,1.38,0.0,5.14
28.0,26.0,30.0,6.399999999999999,10.0,2.8000000000000007,24.8,21.8,27.8,34.1,35.2,33.0,0.0166,0.0349,0.00827,0.00836,4.22,0.00873,0.00753,0.0364,0.0397,0.234,0.0111,10.2,8,25,9,300,4.1,3.8,0.0334,4.5,4.6,4.2,3.9,5.4,4.1,4.9,8.6,2.6,4.6,67.4,0.835,0.809,0.0,5.16
32.6,33.6,31.6,9.2,11.0,7.399999999999999,26.8,23.8,29.8,28.0,28.8,27.2,0.0166,0.0348,0.00891,0.0083,4.29,0.00951,0.00768,0.0363,0.0393,0.234,0.0112,10.2,8,26,9,300,3.8,4.5,0.0336,3.7,4.0,4.4,4.4,4.9,3.5,4.7,8.6,3.2,5.1,66.6,0.835,1.77,0.0,5.12
28.2,29.0,27.4,6.899999999999999,7.600000000000001,6.199999999999999,25.0,29.0,21.0,29.6,28.8,30.4,0.016,0.035,0.00905,0.00857,4.37,0.00884,0.00814,0.0365,0.0394,0.232,0.0111,10.2,8,24,9,300,3.6,4.0,0.0326,3.6,4.1,3.8,4.6,4.2,4.5,4.5,8.9,3.8,5.9,66.4,0.0,0.964,0.0,3.98
29.3,31.8,26.8,8.100000000000001,5.800000000000001,10.399999999999999,27.2,29.2,25.2,31.6,27.4,35.8,0.0175,0.0348,0.00884,0.00871,4.38,0.0096,0.00715,0.0365,0.0394,0.233,0.011,10.2,8,26,8,300,4.0,3.9,0.0358,3.5,4.3,3.5,4.0,4.5,4.1,3.8,8.7,2.9,6.9,65.8,0.553,0.964,0.0,4.71
27.4,29.2,25.6,7.0,7.600000000000001,6.399999999999999,24.7,26.0,23.4,28.3,26.0,30.6,0.0123,0.0348,0.00858,0.00866,4.51,0.00888,0.00828,0.0364,0.0395,0.232,0.0108,10.2,8,25,9,300,5.2,4.4,0.0354,3.4,3.5,3.2,4.3,4.9,3.6,3.1,8.6,2.8,7.1,65.8,0.553,0.0,0.0,4.54
32.2,31.0,33.4,7.800000000000001,8.0,7.600000000000001,28.0,29.6,26.4,28.8,25.6,32.0,0.0133,0.0348,0.00908,0.00837,4.6,0.00872,0.00832,0.0363,0.0395,0.232,0.0109,10.2,8,24,8,300,5.5,3.5,0.0377,3.8,4.1,3.4,4.0,5.0,3.6,3.6,8.5,3.1,6.3,66.1,0.553,0.824,0.0,4.91
28.4,25.6,31.2,9.2,9.600000000000001,8.8,26.1,27.2,25.0,30.9,34.4,27.4,0.0133,0.0344,0.00846,0.00754,4.82,0.00944,0.00772,0.0363,0.0393,0.233,0.00975,10.2,8,25,8,300,4.8,3.1,0.0376,3.6,5.0,3.9,3.3,4.6,2.9,4.7,9.4,3.5,5.8,68.0,0.0,0.824,0.0,4.96
31.1,29.4,32.8,8.5,6.199999999999999,10.8,25.4,21.6,29.2,31.3,32.6,30.0,0.0117,0.0347,0.00905,0.00806,5.09,0.00869,0.00834,0.0361,0.0394,0.231,0.0105,10.2,8,26,8,300,3.9,3.4,0.0377,4.0,4.5,4.2,4.3,4.8,3.9,4.4,9.4,3.8,4.8,68.1,0.793,1.83,0.0,5.14
29.0,31.8,26.2,6.899999999999999,1.8000000000000007,12.0,25.8,22.4,29.2,29.2,33.6,24.8,0.0117,0.0348,0.00851,0.00859,5.32,0.00869,0.00748,0.0361,0.0391,0.232,0.01,10.1,8,23,8,300,2.9,4.0,0.0378,4.1,3.7,3.9,5.0,4.6,3.9,4.3,8.1,2.6,4.8,64.0,0.793,1.01,0.0,4.9
43.7,41.8,45.6,5.600000000000001,10.399999999999999,0.8000000000000007,31.5,33.0,30.0,33.6,31.0,36.2,0.0108,0.0346,0.00796,0.00819,4.81,0.00854,0.00705,0.0359,0.0392,0.233,0.0107,11.0,8,29,9,400,9.33,7.0,0.0375,8.33,7.67,5.0,8.67,7.33,5.0,5.0,14.0,5.0,11.7,204.0,0.0,0.0,0.0,0.0
31.1,33.8,28.4,8.2,8.600000000000001,7.800000000000001,25.4,26.6,24.2,29.0,30.2,27.8,0.0118,0.0344,0.00861,0.00766,4.9,0.00854,0.00705,0.0362,0.0393,0.233,0.0109,11.2,9,28,9,400,8.5,6.0,0.0365,5.88,5.5,4.75,7.5,5.5,4.75,4.63,11.8,4.0,8.5,148.0,0.0,0.0,0.0,0.0
31.4,30.2,32.6,8.2,7.199999999999999,9.2,28.4,32.6,24.2,33.5,29.8,37.2,0.0118,0.0347,0.00838,0.00746,4.94,0.00733,0.00806,0.0362,0.0395,0.232,0.0108,11.6,9,27,10,400,6.5,6.3,0.0373,5.3,5.0,4.8,6.2,4.1,4.9,5.2,10.1,3.2,6.7,100.0,0.0,1.76,0.0,7.3
32.7,33.8,31.6,8.2,5.199999999999999,11.2,25.0,23.0,27.0,35.2,32.6,37.8,0.0128,0.0345,0.00878,0.00748,5.1,0.00868,0.00708,0.0362,0.0394,0.234,0.0104,11.4,9,25,10,400,5.8,6.1,0.0376,5.8,5.5,5.8,6.0,5.0,5.6,5.3,10.0,2.6,8.2,87.1,0.0,1.76,0.0,8.9
33.3,35.2,31.4,8.600000000000001,13.0,4.199999999999999,27.8,23.6,32.0,29.7,25.2,34.2,0.011,0.0344,0.00781,0.00738,5.22,0.0112,0.0075,0.0361,0.0393,0.232,0.00996,11.5,9,24,10,400,5.6,5.1,0.0366,5.9,5.4,5.7,7.0,5.7,6.7,4.6,11.3,3.1,8.5,89.5,1.61,2.45,0.0,10.3
31.8,29.8,33.8,8.5,5.399999999999999,11.600000000000001,26.4,28.8,24.0,33.4,32.6,34.2,0.011,0.0345,0.00816,0.00739,5.18,0.0112,0.0076,0.036,0.0395,0.232,0.0102,11.4,9,26,9,400,5.0,5.5,0.0376,5.7,6.0,4.9,6.6,5.2,5.9,5.6,11.6,4.2,7.5,89.1,1.61,0.686,0.0,5.59
32.7,32.4,33.0,5.399999999999999,1.3999999999999986,9.399999999999999,26.7,28.4,25.0,30.3,26.8,33.8,0.011,0.0345,0.00756,0.00796,5.22,0.0105,0.00751,0.0359,0.0396,0.233,0.00986,11.4,9,24,9,400,5.1,5.7,0.0375,5.7,6.3,5.3,6.0,5.1,5.7,5.5,11.4,3.5,8.1,86.2,1.61,1.7,0.0,6.52
32.3,33.8,30.8,8.7,9.399999999999999,8.0,27.5,29.4,25.6,33.6,24.8,42.4,0.0119,0.0342,0.00756,0.00816,5.48,0.0112,0.00706,0.036,0.0395,0.234,0.01,11.5,9,29,9,400,5.3,5.9,0.0376,6.4,5.2,5.8,5.9,5.4,5.8,5.5,12.6,3.5,8.1,88.3,0.0,1.01,0.0,6.51
31.9,33.8,30.0,7.5,6.800000000000001,8.2,26.3,23.6,29.0,29.8,25.4,34.2,0.0119,0.0344,0.00839,0.00832,5.48,0.0104,0.00691,0.0362,0.0393,0.235,0.00984,11.4,9,27,9,400,7.1,5.7,0.0373,6.0,5.3,5.9,5.6,5.8,4.9,6.0,13.2,4.5,7.1,92.6,0.0,1.81,0.0,5.34
32.3,35.2,29.4,7.199999999999999,7.0,7.399999999999999,25.6,22.4,28.8,32.6,34.2,31.0,0.0121,0.0344,0.00883,0.00796,5.54,0.0112,0.00776,0.0362,0.0393,0.234,0.0108,11.3,9,24,9,400,7.0,5.8,0.0377,5.2,5.7,5.9,6.0,4.2,4.9,6.1,11.7,3.8,6.7,90.0,0.0,0.802,0.0,5.86
32.5,33.0,32.0,9.5,12.600000000000001,6.399999999999999,27.4,24.6,30.2,31.4,27.8,35.0,0.0106,0.0346,0.00858,0.00816,5.69,0.0104,0.00772,0.036,0.0396,0.236,0.0105,11.1,9,22,8,400,5.6,6.1,0.0341,5.3,5.5,6.5,5.5,4.0,5.2,5.7,10.5,3.3,6.8,86.9,0.0,0.802,0.0,5.87
30.7,30.4,31.0,7.199999999999999,4.199999999999999,10.2,26.2,23.6,28.8,31.5,29.4,33.6,0.0114,0.0348,0.00903,0.00776,5.75,0.0112,0.00709,0.0361,0.0395,0.236,0.0108,11.1,9,24,9,400,6.2,5.8,0.0344,5.3,6.3,5.8,4.5,5.4,6.3,5.0,10.3,3.4,6.8,86.8,0.0,0.897,0.0,6.63
30.3,28.6,32.0,7.399999999999999,9.0,5.800000000000001,27.2,27.6,26.8,34.2,38.2,30.2,0.0104,0.0349,0.0086,0.00777,5.86,0.0104,0.00752,0.0363,0.0396,0.235,0.0107,11.1,9,25,9,400,6.3,4.5,0.0326,5.6,5.8,4.2,4.9,6.8,6.6,6.3,10.1,2.8,7.9,87.9,0.725,1.75,0.0,6.25
34.2,31.8,36.6,8.399999999999999,10.399999999999999,6.399999999999999,26.7,25.2,28.2,30.9,30.6,31.2,0.0115,0.0351,0.00906,0.00818,5.87,0.0106,0.00761,0.0361,0.0398,0.237,0.0108,11.1,9,24,9,400,5.3,5.0,0.0331,6.0,4.6,4.4,5.1,7.0,5.0,6.8,11.1,3.6,8.9,87.8,0.725,1.75,0.0,6.21
33.9,33.2,34.6,6.5,2.0,11.0,29.0,27.6,30.4,34.3,33.6,35.0,0.0106,0.0348,0.0086,0.0075,6.02,0.0106,0.00699,0.0361,0.0395,0.238,0.0104,11.2,9,27,10,400,5.5,5.6,0.0332,5.6,5.5,5.8,5.2,4.8,5.4,5.8,11.3,4.2,7.9,87.1,0.725,0.854,0.0,6.69
33.0,34.8,31.2,11.0,7.600000000000001,14.399999999999999,26.4,26.6,26.2,30.1,30.0,30.2,0.0115,0.0349,0.0091,0.00695,6.02,0.0113,0.00656,0.0362,0.0398,0.238,0.011,11.2,9,28,9,400,5.8,4.7,0.0321,5.0,6.1,6.7,6.1,4.7,6.3,5.1,11.8,4.0,7.7,89.9,0.0,1.06,0.0,6.58
30.7,28.4,33.0,6.899999999999999,3.8000000000000007,10.0,26.2,25.0,27.4,33.5,33.8,33.2,0.0106,0.0349,0.00865,0.00849,6.27,0.0114,0.00741,0.0361,0.04,0.234,0.0109,11.2,9,27,9,400,5.2,5.0,0.0322,6.1,4.6,7.0,5.7,5.4,5.7,5.1,12.2,4.2,8.6,89.4,0.976,1.06,0.0,6.63
34.2,33.6,34.8,8.100000000000001,4.199999999999999,12.0,27.8,27.6,28.0,30.5,31.6,29.4,0.0117,0.035,0.00905,0.00857,6.63,0.0114,0.00754,0.036,0.0401,0.239,0.0105,11.2,9,25,9,400,5.4,5.2,0.033,7.3,3.5,6.5,5.2,6.0,5.9,5.5,12.5,3.9,7.9,88.5,0.976,1.9,0.0,5.38
32.8,30.6,35.0,6.0,5.0,7.0,25.2,22.2,28.2,33.2,34.8,31.6,0.0108,0.035,0.00882,0.00832,6.96,0.0113,0.00692,0.0364,0.0398,0.239,0.0102,11.1,9,25,9,400,5.4,5.4,0.0322,6.4,3.7,5.8,5.1,7.3,5.4,5.5,12.7,4.0,7.2,91.2,0.976,1.7,0.0,5.44
29.4,30.0,28.8,6.199999999999999,6.0,6.399999999999999,25.7,27.0,24.4,27.9,26.6,29.2,0.0114,0.0345,0.00798,0.00865,2.0,0.0103,0.00732,0.0363,0.0395,0.229,0.0101,11.7,9,23,9,200,3.0,3.2,0.0324,4.6,3.6,4.0,5.0,2.8,3.4,3.4,8.0,1.2,4.8,96.8,0.975,0.0,0.0,0.0
27.9,29.4,26.4,7.100000000000001,4.199999999999999,10.0,25.3,22.6,28.0,26.6,26.9,26.3,0.0115,0.0346,0.0085,0.00733,2.1,0.00868,0.00873,0.0363,0.0398,0.228,0.0102,11.7,9,25,9,200,3.3,2.5,0.033,2.6,3.2,2.9,3.9,2.1,2.9,2.9,6.8,1.4,3.9,66.9,0.975,0.0,0.0,0.0
25.6,22.2,29.0,7.199999999999999,10.8,3.6000000000000014,24.3,22.6,26.0,26.3,23.9,28.7,0.0115,0.0347,0.00831,0.0074,2.17,0.00868,0.00812,0.0364,0.04,0.228,0.0101,11.6,9,24,9,200,3.5,1.8,0.0334,1.6,2.6,2.8,2.7,2.0,3.1,2.4,5.7,1.6,3.3,40.4,0.0002,1.03,0.0,4.66
25.9,24.0,27.8,7.5,10.399999999999999,4.600000000000001,23.4,20.6,26.2,26.9,23.8,30.0,0.0116,0.0347,0.00874,0.00838,2.18,0.0087,0.00873,0.0363,0.0396,0.227,0.011,11.4,9,24,9,200,2.8,2.4,0.0328,2.7,2.9,3.8,2.0,2.7,2.7,2.6,7.0,2.4,3.5,45.1,0.0,1.03,0.0,5.82
26.1,26.6,25.6,5.899999999999999,0.8000000000000007,11.0,25.8,22.8,28.8,27.0,31.0,23.0,0.0105,0.0347,0.00835,0.00756,2.3,0.0087,0.00738,0.0365,0.0397,0.227,0.0108,11.5,9,25,9,200,1.8,4.1,0.0332,3.4,3.4,3.1,1.9,2.5,2.1,2.8,6.5,2.6,3.8,45.1,0.0,1.03,0.0,6.99
26.1,22.2,30.0,7.5,5.399999999999999,9.600000000000001,23.7,21.6,25.8,26.8,25.4,28.2,0.0116,0.0348,0.00853,0.00818,2.39,0.00873,0.00745,0.0366,0.0396,0.228,0.0109,11.5,9,24,9,200,2.0,4.0,0.0335,3.4,3.3,2.7,2.8,2.7,2.4,3.0,5.2,1.9,3.9,44.4,0.0,0.0,0.0,3.51
27.4,28.2,26.6,8.2,2.8000000000000007,13.600000000000001,25.9,24.4,27.4,27.7,34.0,21.4,0.0106,0.0346,0.008,0.00818,2.46,0.00873,0.00733,0.0367,0.0399,0.23,0.0108,11.6,9,24,10,200,3.2,2.8,0.0324,3.1,2.8,2.5,2.6,3.4,2.5,2.5,5.0,1.9,3.1,43.2,0.0,0.0,0.0,3.52
26.9,27.8,26.0,7.300000000000001,2.6000000000000014,12.0,24.5,27.6,21.4,26.8,26.2,27.4,0.0121,0.0348,0.00847,0.00771,2.53,0.00943,0.00788,0.0364,0.0397,0.227,0.0108,11.6,9,28,10,200,2.5,2.7,0.0331,3.7,3.0,1.7,2.7,3.3,3.0,1.8,4.6,2.0,3.2,42.7,0.0,0.151,0.0,3.52
29.1,30.0,28.2,6.300000000000001,1.1999999999999993,11.399999999999999,23.8,21.4,26.2,26.7,31.6,21.8,0.0112,0.0349,0.00821,0.00809,2.61,0.0101,0.00775,0.0367,0.0397,0.227,0.0106,11.6,9,26,9,200,1.9,2.6,0.0322,3.9,2.8,2.2,3.3,2.5,3.2,2.5,5.4,1.8,4.3,43.7,0.0,0.662,0.0,2.34
25.7,23.6,27.8,7.100000000000001,2.8000000000000007,11.399999999999999,26.2,25.6,26.8,27.5,28.2,26.8,0.0112,0.035,0.00858,0.00764,2.71,0.00868,0.00786,0.0367,0.0397,0.231,0.0109,11.5,9,23,9,200,2.3,2.8,0.0332,2.6,2.4,3.4,3.5,2.0,3.4,2.7,5.5,1.5,3.5,42.4,0.0,0.662,0.0,3.6
26.9,31.6,22.2,8.600000000000001,6.600000000000001,10.600000000000001,24.7,23.6,25.8,29.3,30.0,28.6,0.0111,0.0348,0.00802,0.00816,2.76,0.00936,0.0076,0.0366,0.0396,0.23,0.0106,11.5,9,24,10,200,1.9,2.4,0.0327,2.2,3.1,3.7,2.9,2.3,3.0,2.9,5.1,1.7,3.1,42.8,1.25,0.511,0.0,2.42
27.0,24.4,29.6,8.600000000000001,10.2,7.0,23.6,20.6,26.6,26.7,18.6,34.8,0.0121,0.0347,0.00802,0.00767,2.83,0.00936,0.00771,0.0367,0.0398,0.226,0.00964,11.6,9,25,10,200,2.6,2.0,0.033,3.7,2.9,2.7,3.0,2.7,2.1,3.3,6.0,2.0,3.6,44.4,1.25,0.0,0.0,4.76
29.4,26.2,32.6,6.5,5.800000000000001,7.199999999999999,25.1,27.8,22.4,26.6,23.6,29.6,0.0138,0.0348,0.00812,0.0107,2.91,0.00938,0.00784,0.0367,0.0396,0.227,0.00996,11.6,9,24,9,200,4.0,2.6,0.0333,3.0,2.9,2.0,3.3,2.4,2.5,2.9,6.2,1.5,4.1,44.5,1.25,0.562,0.0,3.49
26.1,28.2,24.0,8.100000000000001,9.0,7.199999999999999,25.6,26.8,24.4,28.1,24.6,31.6,0.0152,0.0347,0.00847,0.0103,3.03,0.00938,0.00751,0.0369,0.0396,0.225,0.0101,11.5,9,25,9,200,3.6,2.7,0.0338,2.1,3.4,2.5,2.3,2.6,2.7,2.6,6.0,1.5,4.2,43.8,0.0,0.562,0.0,4.65
26.9,23.0,30.8,10.600000000000001,11.600000000000001,9.600000000000001,24.3,21.6,27.0,26.4,26.2,26.6,0.0152,0.0346,0.00795,0.0106,3.14,0.00928,0.0074,0.0366,0.0394,0.227,0.0105,11.5,9,27,9,200,3.8,2.1,0.0337,2.9,2.9,2.6,2.0,2.6,2.2,2.8,6.1,1.9,3.4,42.9,0.0,0.562,0.0,3.35
29.2,28.6,29.8,7.100000000000001,7.0,7.199999999999999,26.0,21.2,30.8,28.8,30.6,27.0,0.0153,0.0348,0.00869,0.0101,3.24,0.00928,0.0075,0.0368,0.0392,0.226,0.0102,11.5,9,26,9,200,4.2,2.1,0.0336,2.9,2.2,2.8,1.8,2.7,2.7,3.4,6.2,2.4,3.5,46.2,1.03,0.0,0.0,2.87
28.1,28.2,28.0,7.100000000000001,3.3999999999999986,10.8,26.0,25.4,26.6,30.1,25.8,34.4,0.0153,0.0349,0.00869,0.0107,3.45,0.00856,0.00794,0.0369,0.0396,0.23,0.00993,11.4,9,25,9,200,3.2,2.8,0.0336,3.0,2.6,3.1,2.2,3.1,2.9,3.6,6.4,2.5,3.7,47.7,1.03,0.953,0.0,3.07
26.2,26.2,26.2,9.3,11.2,7.399999999999999,25.6,21.6,29.6,23.9,21.6,26.2,0.0154,0.0353,0.00841,0.0103,3.63,0.0093,0.00797,0.0368,0.0393,0.227,0.0101,11.4,9,25,9,200,2.9,3.4,0.0329,3.4,3.3,3.0,2.5,3.0,2.5,2.7,6.8,2.0,3.7,46.1,1.03,0.953,0.0,2.03
27.9,29.8,26.0,7.199999999999999,5.199999999999999,9.2,24.1,22.8,25.4,28.0,24.8,31.2,0.014,0.035,0.00687,0.0107,3.81,0.00853,0.00733,0.037,0.0392,0.229,0.0106,11.4,9,23,10,200,2.5,3.1,0.034,3.4,2.7,2.9,3.4,3.0,2.5,2.9,7.3,1.8,4.1,46.2,0.0,0.953,0.0,2.42
33.4,31.0,35.8,6.5,5.199999999999999,7.800000000000001,30.2,30.2,30.2,35.1,32.4,37.8,0.014,0.0351,0.00767,0.00984,3.6,0.00917,0.00788,0.0367,0.0398,0.226,0.00985,11.6,9,24,9,300,4.75,9.25,0.034,6.25,6.5,7.25,7.0,5.25,8.5,5.0,12.3,5.0,6.5,180.0,0.0,0.0,0.0,0.0
28.4,25.6,31.2,7.5,8.600000000000001,6.399999999999999,24.3,26.8,21.8,27.1,31.2,23.0,0.0148,0.0349,0.00746,0.0107,3.64,0.00917,0.00792,0.0365,0.04,0.225,0.01,11.5,9,28,9,300,3.22,6.22,0.0335,5.0,4.78,4.78,5.44,4.0,5.67,4.22,8.33,3.33,6.22,109.0,0.904,0.0,0.0,0.0
28.4,28.6,28.2,8.399999999999999,5.199999999999999,11.600000000000001,25.9,26.4,25.4,28.6,30.6,26.6,0.0138,0.0347,0.00767,0.0107,3.73,0.00841,0.00727,0.0367,0.0399,0.226,0.0099,11.4,9,28,9,300,2.5,3.8,0.0339,4.0,4.5,3.9,4.0,3.8,3.9,3.1,6.6,2.7,5.8,59.4,0.904,0.0,0.0,0.0
28.5,27.8,29.2,7.5,9.600000000000001,5.399999999999999,26.4,26.4,26.4,32.6,33.2,32.0,0.0148,0.035,0.00816,0.0102,3.81,0.00913,0.00788,0.0366,0.0398,0.224,0.0101,11.5,9,27,9,300,3.1,3.2,0.0341,4.0,4.8,4.2,3.7,4.3,4.7,4.5,7.9,3.2,6.6,65.3,0.904,1.06,0.0,0.0
30.2,32.6,27.8,7.199999999999999,10.2,4.199999999999999,26.7,27.2,26.2,29.7,27.8,31.6,0.0133,0.0347,0.00772,0.0107,3.88,0.00927,0.00733,0.0365,0.0398,0.226,0.00997,11.5,9,27,9,300,4.2,3.8,0.0343,4.1,4.1,3.0,4.1,4.0,5.1,5.1,8.8,3.2,6.6,67.3,0.0,1.75,0.0,8.78
28.7,30.4,27.0,8.100000000000001,7.0,9.2,25.3,26.6,24.0,29.4,27.8,31.0,0.0133,0.0346,0.00799,0.0103,3.96,0.00858,0.00748,0.0363,0.0396,0.227,0.0102,11.5,9,27,9,300,4.5,4.3,0.0344,4.8,4.4,2.9,3.5,3.8,4.2,3.7,9.3,3.1,5.5,66.1,0.0,1.75,0.0,10.2
29.6,32.6,26.6,7.0,8.600000000000001,5.399999999999999,24.9,20.8,29.0,28.7,31.0,26.4,0.0141,0.0345,0.00747,0.0107,3.98,0.00858,0.00737,0.0365,0.0398,0.226,0.0101,11.4,9,27,9,300,4.1,3.0,0.0335,5.0,4.4,3.7,3.1,4.4,3.6,3.9,8.9,2.5,6.1,64.5,0.0,0.692,0.0,11.6
28.3,28.8,27.8,7.899999999999999,11.600000000000001,4.199999999999999,24.3,24.2,24.4,28.3,27.6,29.0,0.014,0.0346,0.00795,0.0103,4.12,0.0079,0.00756,0.0364,0.0398,0.228,0.0111,11.2,9,23,9,300,4.6,3.2,0.0346,4.4,3.5,3.3,4.8,4.2,4.2,3.5,8.1,2.3,6.5,64.7,0.0,0.646,0.0,5.26
28.8,26.0,31.6,6.199999999999999,3.0,9.399999999999999,27.8,28.6,27.0,32.4,34.6,30.2,0.0131,0.0348,0.00795,0.0108,4.18,0.00864,0.00745,0.0365,0.0397,0.226,0.0114,11.3,9,26,9,300,4.8,2.9,0.0345,3.6,3.2,3.6,4.8,3.5,4.1,3.6,7.5,2.6,6.2,62.7,0.0,0.646,0.0,5.27
32.4,32.4,32.4,8.0,7.399999999999999,8.600000000000001,23.8,26.8,20.8,31.2,30.8,31.6,0.0119,0.0346,0.00857,0.00879,4.28,0.00866,0.00744,0.0365,0.0395,0.228,0.0111,11.3,9,28,9,300,4.2,3.0,0.0335,3.3,4.1,3.8,4.4,4.5,4.4,4.2,8.1,3.1,6.9,66.4,0.0,1.49,0.0,5.27
29.2,29.4,29.0,8.100000000000001,8.2,8.0,26.8,24.6,29.0,28.7,27.0,30.4,0.0105,0.0348,0.00811,0.00905,4.31,0.00866,0.00797,0.0363,0.0394,0.227,0.011,11.4,9,27,10,300,2.9,4.0,0.0329,4.2,4.5,3.5,3.5,4.9,5.1,4.7,8.5,3.1,6.8,68.2,0.0,0.841,0.0,4.2
29.6,27.8,31.4,7.300000000000001,10.399999999999999,4.199999999999999,24.6,20.8,28.4,29.8,31.4,28.2,0.0105,0.0349,0.00888,0.00874,4.37,0.00865,0.00808,0.0365,0.0396,0.226,0.011,11.3,9,27,9,300,2.3,3.7,0.0336,5.1,4.0,4.4,2.9,3.9,4.6,4.3,9.1,3.3,5.2,65.2,0.0,1.75,0.0,2.77
29.9,26.8,33.0,6.800000000000001,9.0,4.600000000000001,24.2,26.8,21.6,28.2,26.8,29.6,0.0104,0.0348,0.00825,0.00924,4.4,0.00865,0.00752,0.0363,0.0398,0.227,0.0113,11.4,9,27,9,300,2.9,3.8,0.0325,5.2,3.3,3.7,4.2,4.3,4.2,4.2,8.4,2.8,5.3,63.4,1.23,0.908,0.0,4.06
27.9,28.8,27.0,8.3,9.2,7.399999999999999,26.1,22.0,30.2,32.1,31.2,33.0,0.0104,0.0346,0.00891,0.00872,4.38,0.00951,0.00754,0.0362,0.0394,0.226,0.011,11.5,9,28,9,300,3.3,3.5,0.0335,5.2,3.6,3.9,4.6,4.3,4.2,4.3,7.7,2.1,5.7,63.4,1.23,0.908,0.0,4.74
31.6,28.0,35.2,11.399999999999999,12.8,10.0,24.2,24.6,23.8,29.0,30.8,27.2,0.0103,0.0345,0.00854,0.0093,4.46,0.00991,0.00775,0.0363,0.0396,0.225,0.0109,11.4,9,27,9,300,3.7,3.6,0.0339,4.6,3.7,4.5,3.7,3.6,4.6,3.9,8.0,2.8,5.1,64.7,2.19,0.0,0.0,4.74
27.8,24.6,31.0,6.600000000000001,5.600000000000001,7.600000000000001,26.3,25.4,27.2,29.8,31.8,27.8,0.014,0.0348,0.0115,0.00895,4.57,0.00991,0.00903,0.0363,0.0396,0.227,0.0103,11.3,9,26,9,300,4.6,4.6,0.0328,3.6,3.7,4.0,3.5,4.4,3.9,4.0,8.7,3.6,5.2,65.4,0.954,0.0,0.0,5.76
29.2,30.4,28.0,7.600000000000001,9.0,6.199999999999999,25.9,26.4,25.4,31.9,32.2,31.6,0.0131,0.0346,0.0103,0.00922,4.7,0.00866,0.00843,0.0362,0.0392,0.223,0.0102,11.3,9,25,8,300,4.2,3.9,0.0329,3.7,3.8,3.8,3.8,4.8,3.1,4.6,9.4,2.9,5.8,64.8,0.954,0.954,0.0,5.04
27.8,27.6,28.0,7.699999999999999,4.399999999999999,11.0,24.5,26.2,22.8,30.7,30.8,30.6,0.0142,0.0345,0.0108,0.00887,4.93,0.00856,0.00903,0.0362,0.0393,0.227,0.0104,11.2,9,25,8,300,4.4,3.7,0.0336,3.7,3.4,4.9,3.1,4.2,3.7,5.0,8.2,2.3,5.7,63.7,0.0,0.954,0.0,6.44
29.9,27.6,32.2,6.300000000000001,4.600000000000001,8.0,26.9,25.4,28.4,28.7,30.4,27.0,0.0133,0.0348,0.0115,0.00949,5.21,0.00856,0.00828,0.0362,0.0393,0.225,0.0103,11.3,9,27,9,300,4.8,5.0,0.0336,3.1,2.9,6.0,3.6,4.8,4.8,4.0,8.5,2.9,6.0,67.2,0.0,0.954,0.0,4.21
45.5,40.8,50.2,6.800000000000001,5.800000000000001,7.800000000000001,30.3,33.6,27.0,33.8,34.4,33.2,0.0138,0.0346,0.0116,0.0117,4.7,0.00934,0.00755,0.0362,0.0383,0.23,0.011,11.9,9,29,10,400,7.33,8.33,0.0333,6.33,6.0,7.33,7.0,9.0,6.0,4.0,12.0,4.0,9.67,185.0,0.824,0.0,0.0,0.0
30.6,30.0,31.2,7.399999999999999,4.600000000000001,10.2,24.9,27.8,22.0,30.3,31.4,29.2,0.0138,0.0349,0.0119,0.0113,4.87,0.0085,0.00812,0.0364,0.0387,0.227,0.0112,11.4,9,27,9,400,4.75,6.63,0.0328,6.38,6.0,7.5,6.25,7.38,6.13,5.63,10.9,3.75,8.13,144.0,0.824,0.0,0.0,0.0
30.5,33.8,27.2,6.300000000000001,2.6000000000000014,10.0,28.0,25.4,30.6,32.7,34.6,30.8,0.0146,0.0349,0.0117,0.0116,4.86,0.00929,0.00751,0.0367,0.0388,0.227,0.0111,11.4,9,25,9,400,4.7,5.8,0.0323,6.7,5.8,6.6,6.2,5.2,5.3,6.2,10.5,3.5,6.8,106.0,0.824,1.69,0.0,6.2
33.8,35.0,32.6,8.5,12.399999999999999,4.600000000000001,25.5,23.4,27.6,30.6,38.2,23.0,0.0147,0.0349,0.0122,0.0112,5.01,0.00929,0.00808,0.0366,0.0388,0.228,0.0112,11.4,9,26,9,400,5.5,6.0,0.0334,5.1,6.3,4.7,5.9,4.6,4.5,5.8,10.2,3.3,7.3,86.4,0.000206,2.34,0.0,8.63
34.1,35.2,33.0,8.3,8.600000000000001,8.0,26.8,27.2,26.4,32.8,34.8,30.8,0.0139,0.0347,0.0117,0.0119,5.07,0.01,0.00744,0.0366,0.0387,0.229,0.0104,11.4,9,26,9,400,4.4,6.2,0.0327,4.0,6.5,4.2,5.6,5.4,5.2,6.2,10.9,3.8,7.4,85.6,0.0,3.34,0.0,11.3
31.0,33.8,28.2,8.8,9.399999999999999,8.2,25.4,25.6,25.2,34.8,36.2,33.4,0.0139,0.0346,0.0123,0.0114,5.21,0.00929,0.0081,0.0365,0.0388,0.229,0.0106,11.5,9,27,9,400,4.3,5.6,0.0324,4.5,6.2,5.0,5.3,6.4,5.7,7.1,11.9,4.1,7.3,89.6,0.751,1.64,0.0,6.42
29.9,31.2,28.6,7.699999999999999,9.2,6.199999999999999,28.5,29.6,27.4,30.4,32.8,28.0,0.0132,0.0348,0.0111,0.0109,5.23,0.00856,0.00739,0.0366,0.039,0.23,0.0105,11.5,9,27,10,400,5.3,5.2,0.0332,5.2,6.3,5.2,5.3,6.3,5.1,7.1,11.0,4.1,8.0,88.7,0.751,1.27,0.0,5.4
33.6,31.2,36.0,8.399999999999999,10.0,6.800000000000001,26.1,28.4,23.8,33.9,37.8,30.0,0.0141,0.0348,0.0117,0.0106,5.32,0.00856,0.00732,0.0367,0.0392,0.231,0.0106,11.6,9,27,10,400,5.3,5.5,0.0333,5.7,5.2,6.2,5.8,5.5,4.2,6.6,11.2,3.9,7.9,87.1,0.751,0.826,0.0,5.29
30.7,33.0,28.4,6.699999999999999,10.2,3.1999999999999993,27.1,24.0,30.2,30.4,32.2,28.6,0.0141,0.0347,0.0111,0.0105,5.36,0.00937,0.0072,0.0367,0.0388,0.232,0.0104,11.5,9,25,9,400,5.5,4.8,0.0324,5.5,4.7,6.7,5.3,5.5,4.2,5.8,11.6,3.0,8.6,86.4,0.0,0.826,0.0,5.33
34.9,31.8,38.0,9.899999999999999,9.2,10.600000000000001,26.6,29.6,23.6,33.8,39.4,28.2,0.0169,0.0346,0.014,0.013,5.48,0.00937,0.00903,0.037,0.039,0.232,0.0101,11.5,9,25,9,400,7.0,4.6,0.0349,5.2,6.2,5.2,4.3,5.8,5.1,4.5,11.6,2.6,8.5,86.6,0.702,1.42,0.0,5.08
34.1,32.4,35.8,7.399999999999999,10.2,4.600000000000001,26.4,24.4,28.4,31.7,31.8,31.6,0.0206,0.035,0.0134,0.0134,5.67,0.00981,0.00853,0.0369,0.0389,0.229,0.0103,11.5,9,28,9,400,7.4,6.3,0.0342,5.1,6.4,5.1,3.9,6.6,5.1,3.6,12.5,3.0,8.3,88.0,0.702,0.865,0.0,5.85
32.8,30.0,35.6,5.800000000000001,0.0,11.600000000000001,25.8,22.4,29.2,30.2,35.6,24.8,0.0207,0.0348,0.014,0.0128,5.69,0.00867,0.00878,0.0366,0.039,0.233,0.011,11.4,9,27,9,400,6.5,6.6,0.0337,7.0,5.6,5.8,4.3,6.6,4.2,3.8,11.9,3.5,9.0,90.2,0.702,1.9,0.0,5.66
29.9,28.4,31.4,6.800000000000001,7.399999999999999,6.199999999999999,27.6,30.6,24.6,32.3,35.4,29.2,0.0171,0.0347,0.0112,0.0129,5.77,0.0094,0.00751,0.0369,0.0392,0.231,0.011,11.4,9,25,9,400,5.2,5.8,0.0347,8.0,6.4,5.9,3.9,6.1,5.1,5.3,11.4,3.6,8.5,90.0,0.0,1.04,0.0,7.88
33.3,35.2,31.4,9.5,8.0,11.0,26.4,25.8,27.0,33.6,25.8,41.4,0.018,0.0347,0.0116,0.0127,5.86,0.0094,0.0081,0.037,0.0394,0.233,0.0111,11.4,9,27,9,400,5.2,5.6,0.035,6.0,6.9,6.2,4.4,5.6,5.1,5.1,10.9,3.2,9.1,88.3,0.0,1.85,0.0,6.67
30.6,31.6,29.6,7.0,3.6000000000000014,10.399999999999999,27.5,24.8,30.2,34.6,33.8,35.4,0.0169,0.0347,0.011,0.0131,5.94,0.00874,0.0075,0.0371,0.0392,0.231,0.011,11.4,9,29,9,400,6.4,5.4,0.0341,4.5,6.5,5.5,5.3,5.3,4.8,5.3,10.2,2.8,9.0,87.0,0.0,1.61,0.0,7.53
33.6,34.4,32.8,8.2,5.399999999999999,11.0,25.6,23.8,27.4,32.7,29.6,35.8,0.0181,0.0345,0.0102,0.0126,6.01,0.00947,0.00752,0.037,0.0393,0.233,0.0113,11.4,9,26,10,400,6.8,5.2,0.0353,5.7,7.0,5.6,5.3,5.4,5.8,6.0,11.9,3.3,6.7,88.9,0.793,1.61,0.0,6.72
35.6,37.6,33.6,5.699999999999999,2.0,9.399999999999999,27.0,27.6,26.4,33.3,31.8,34.8,0.0171,0.0346,0.00969,0.0131,6.23,0.00874,0.00748,0.0372,0.0393,0.231,0.0112,11.4,9,25,10,400,6.3,5.5,0.0357,5.9,7.2,6.4,5.6,5.3,5.5,6.1,12.0,3.3,6.6,89.7,0.793,1.86,0.0,6.03
29.6,28.4,30.8,7.899999999999999,11.8,4.0,27.2,26.6,27.8,31.7,32.4,31.0,0.0182,0.0345,0.011,0.0131,6.61,0.00949,0.00805,0.0371,0.0394,0.233,0.0114,11.4,9,25,9,400,6.1,5.8,0.0358,5.1,5.8,5.5,6.0,5.5,4.9,6.2,12.1,3.6,7.2,88.1,0.793,1.05,0.0,6.57
31.0,32.0,30.0,9.7,13.8,5.600000000000001,27.2,24.4,30.0,33.4,32.8,34.0,0.0172,0.0347,0.0105,0.0132,6.89,0.00879,0.00805,0.0372,0.0397,0.231,0.0114,11.4,9,27,9,400,6.2,5.4,0.0357,5.1,5.6,3.9,5.3,6.5,5.8,5.7,12.9,4.2,8.2,90.4,0.0,1.05,0.0,5.37
33.3,31.8,34.8,8.100000000000001,12.2,4.0,27.0,27.8,26.2,31.7,36.3,27.1,0.0182,0.0347,0.0109,0.0127,7.15,0.00952,0.00756,0.0374,0.0394,0.231,0.0108,11.4,9,26,9,400,6.1,5.5,0.0348,5.0,5.9,3.6,5.1,6.1,5.4,5.7,12.4,4.5,9.0,90.7,0.0,0.0,0.0,6.29
28.9,24.2,33.6,6.899999999999999,4.0,9.8,26.0,29.0,23.0,26.9,23.0,30.8,0.0105,0.0333,0.00836,0.00737,1.87,0.00794,0.0065,0.0363,0.0398,0.23,0.0103,12.2,9,25,9,200,3.6,4.6,0.0334,3.6,4.2,3.4,4.2,3.0,2.6,4.0,6.8,3.2,4.4,98.6,0.0,1.05,0.0,0.0
25.5,27.2,23.8,8.100000000000001,4.800000000000001,11.399999999999999,25.4,25.8,25.0,26.6,21.9,31.3,0.0116,0.0332,0.00846,0.00737,1.94,0.00936,0.00702,0.0363,0.0396,0.232,0.0104,11.7,9,25,9,200,3.0,3.5,0.0343,2.8,3.0,2.7,3.9,2.9,2.3,3.3,5.5,2.1,3.8,67.2,0.0,1.05,0.0,0.0
27.7,26.2,29.2,8.5,9.0,8.0,27.4,24.0,30.8,27.0,30.3,23.7,0.0106,0.0332,0.00829,0.00747,2.01,0.00936,0.00647,0.0364,0.0399,0.232,0.0102,11.9,9,25,9,200,2.6,2.3,0.0341,3.1,2.5,2.7,3.0,2.8,2.1,3.1,5.8,1.7,3.5,42.8,0.0,1.05,0.0,0.0
25.0,23.2,26.8,7.199999999999999,3.6000000000000014,10.8,23.1,25.6,20.6,27.8,24.6,31.0,0.0116,0.0331,0.0088,0.00779,2.09,0.00936,0.0071,0.0366,0.0395,0.233,0.0104,11.8,9,27,9,200,2.8,2.3,0.0333,3.3,2.7,3.2,2.8,2.5,2.9,3.1,7.1,2.3,3.6,47.8,1.03,0.0,0.0,4.69
26.7,25.0,28.4,7.699999999999999,5.199999999999999,10.2,26.2,30.0,22.4,27.4,27.6,27.2,0.0108,0.0332,0.00852,0.00781,2.2,0.00867,0.00661,0.0365,0.0396,0.229,0.00984,11.8,9,26,9,200,2.4,2.0,0.0333,2.4,3.2,2.5,3.7,2.7,3.0,2.3,5.8,2.0,4.4,43.8,1.03,0.0,0.0,7.0
27.1,27.2,27.0,7.600000000000001,11.8,3.3999999999999986,25.3,27.4,23.2,26.9,26.0,27.8,0.0117,0.0332,0.00787,0.00791,2.31,0.00872,0.00799,0.0368,0.0394,0.231,0.0103,11.8,9,24,9,200,2.2,2.7,0.0344,2.3,4.1,2.0,3.4,2.2,2.3,2.2,5.4,1.7,5.5,43.2,1.03,0.0,0.0,7.0
26.2,25.0,27.4,9.600000000000001,14.399999999999999,4.800000000000001,23.7,26.4,21.0,27.5,25.0,30.0,0.0109,0.0331,0.00807,0.008,2.38,0.00872,0.00739,0.0369,0.0394,0.23,0.00966,11.8,9,27,9,200,3.3,3.3,0.0336,2.4,4.0,2.3,2.4,1.8,2.5,2.6,6.5,2.5,5.1,46.0,0.0,0.0,0.0,3.49
25.1,23.0,27.2,7.199999999999999,4.0,10.399999999999999,24.4,27.4,21.4,27.2,27.2,27.2,0.0117,0.0331,0.00865,0.00744,2.44,0.00861,0.00805,0.037,0.0396,0.232,0.0107,11.7,9,28,9,200,3.5,2.7,0.0337,3.1,3.9,2.1,1.8,2.9,3.0,2.3,6.6,3.1,4.3,45.7,0.0,0.0,0.0,3.5
27.5,30.0,25.0,7.399999999999999,5.0,9.8,25.6,29.4,21.8,27.0,30.2,23.8,0.0108,0.0332,0.00875,0.00789,2.57,0.00861,0.0069,0.037,0.0398,0.232,0.0106,11.8,9,28,9,200,2.0,2.9,0.0343,3.2,3.3,1.8,2.2,3.2,3.5,2.0,5.7,2.1,3.8,42.1,0.754,0.0,0.0,4.68
26.7,25.2,28.2,8.100000000000001,12.399999999999999,3.8000000000000007,23.4,23.2,23.6,28.4,29.2,27.6,0.0122,0.0334,0.00852,0.00754,2.61,0.00848,0.007,0.0369,0.0397,0.229,0.0107,11.9,9,30,10,200,1.9,2.7,0.0342,3.2,3.3,2.2,3.2,3.1,3.7,2.5,6.2,2.1,3.5,44.6,0.754,0.0,0.0,4.67
27.7,30.6,24.8,6.399999999999999,6.0,6.800000000000001,25.9,30.0,21.8,27.2,33.6,20.8,0.0122,0.0334,0.00807,0.00782,2.7,0.00848,0.00696,0.0369,0.0395,0.23,0.0104,11.8,9,25,10,200,3.0,2.4,0.0345,3.2,4.0,2.2,2.6,2.7,2.9,3.2,6.5,2.5,3.1,46.2,0.754,0.0,0.0,3.51
25.2,24.2,26.2,9.3,15.0,3.6000000000000014,24.0,26.2,21.8,26.4,23.0,29.8,0.0107,0.0336,0.00885,0.00652,2.77,0.00922,0.00751,0.0367,0.0394,0.232,0.0105,11.8,9,24,9,200,2.6,3.0,0.034,2.7,3.3,2.3,1.9,2.4,2.6,3.4,5.3,2.2,3.7,42.4,0.0,0.0,0.0,3.51
27.2,29.2,25.2,6.800000000000001,5.800000000000001,7.800000000000001,24.9,24.6,25.2,27.3,29.2,25.4,0.0105,0.0337,0.00808,0.00898,2.86,0.00923,0.00687,0.0369,0.0394,0.228,0.0104,11.7,9,25,9,200,1.9,2.4,0.0333,2.1,3.2,2.8,2.3,3.6,3.4,3.0,5.0,1.9,3.9,43.0,0.65,0.0,0.0,3.51
27.2,28.2,26.2,8.2,9.0,7.399999999999999,25.8,26.0,25.6,27.4,26.6,28.2,0.0105,0.0337,0.00876,0.00851,2.96,0.00923,0.0071,0.0372,0.0396,0.231,0.0107,11.7,9,27,9,200,2.1,2.1,0.0333,2.0,3.6,2.3,2.5,3.3,3.4,2.8,5.1,1.5,2.7,42.7,0.65,0.0,0.0,3.5
25.6,25.0,26.2,7.300000000000001,8.0,6.600000000000001,24.1,23.0,25.2,27.2,31.0,23.4,0.0104,0.0337,0.0082,0.00897,3.03,0.00916,0.00693,0.0372,0.0393,0.23,0.0106,11.7,9,27,9,200,3.0,2.6,0.0339,2.7,2.5,2.4,2.5,2.4,2.4,3.1,5.2,1.3,3.4,42.4,0.65,0.0,0.0,3.39
26.9,25.6,28.2,7.0,10.0,4.0,25.6,22.2,29.0,27.7,29.8,25.6,0.0113,0.0335,0.00806,0.00867,3.1,0.00916,0.00749,0.0369,0.0395,0.233,0.0101,11.8,9,27,9,200,2.9,2.6,0.033,3.1,2.1,3.7,2.9,2.3,2.3,2.8,5.6,1.5,4.4,43.1,0.0,0.0,0.0,2.89
30.1,30.6,29.6,10.399999999999999,15.2,5.600000000000001,24.7,24.6,24.8,29.9,24.6,35.2,0.0113,0.0335,0.00815,0.00907,3.24,0.00921,0.00699,0.0369,0.0393,0.231,0.00994,11.8,9,28,10,200,2.3,3.2,0.0332,3.3,2.4,3.7,3.2,2.9,2.6,1.8,6.0,1.8,3.9,44.3,0.941,0.0,0.0,3.1
26.5,28.2,24.8,6.699999999999999,8.0,5.399999999999999,25.7,26.8,24.6,22.7,18.9,26.5,0.0113,0.0336,0.00848,0.0087,3.43,0.00921,0.00757,0.0371,0.0394,0.233,0.0101,11.8,9,27,9,200,2.5,3.0,0.034,2.6,2.9,3.7,3.1,3.0,3.0,2.5,7.3,2.0,3.5,47.5,0.941,2.31,0.0,3.08
26.4,26.6,26.2,8.3,5.399999999999999,11.2,24.6,24.6,24.6,29.8,29.5,30.1,0.0104,0.0336,0.00792,0.0091,3.61,0.00919,0.00756,0.0368,0.0392,0.231,0.00993,11.8,9,26,9,200,2.8,2.5,0.0341,2.7,2.6,3.7,2.8,2.3,2.8,3.6,6.5,2.1,3.4,45.0,0.941,2.31,0.0,3.51
33.0,30.6,35.4,6.800000000000001,2.6000000000000014,11.0,29.7,32.6,26.8,35.0,39.6,30.4,0.0103,0.0343,0.00806,0.00908,3.32,0.00855,0.00834,0.0374,0.0393,0.228,0.0106,11.1,9,24,9,300,6.0,6.75,0.0467,6.25,6.75,6.75,6.75,6.25,5.5,5.25,12.0,2.25,11.8,174.0,0.0,0.0,0.0,0.0
29.8,32.6,27.0,9.100000000000001,9.8,8.399999999999999,26.0,24.0,28.0,28.2,26.4,30.0,0.0103,0.0341,0.00824,0.00887,3.45,0.0093,0.00838,0.0376,0.0392,0.234,0.0107,11.4,9,26,9,300,4.56,5.11,0.0466,4.67,4.22,5.0,5.11,5.11,4.67,4.56,9.0,2.56,7.56,108.0,0.0,0.0,0.0,0.0
26.5,29.8,23.2,5.899999999999999,2.1999999999999993,9.600000000000001,27.5,26.2,28.8,29.0,24.4,33.6,0.0103,0.034,0.00779,0.00929,3.5,0.00851,0.007,0.0376,0.0392,0.232,0.0107,11.3,9,26,9,300,3.8,3.7,0.0457,3.2,3.4,4.6,3.3,4.6,4.3,4.9,7.8,2.4,5.0,61.9,0.0,0.0,0.0,5.93
27.7,31.8,23.6,8.7,11.600000000000001,5.800000000000001,26.3,24.0,28.6,32.3,33.8,30.8,0.0112,0.0342,0.0074,0.00885,3.56,0.00922,0.00756,0.0376,0.0392,0.232,0.0109,11.3,9,26,9,300,4.3,3.2,0.0462,3.7,5.0,4.9,3.5,3.9,4.3,4.6,8.4,1.9,5.9,64.9,1.02,1.08,0.0,7.34
30.2,27.4,33.0,6.600000000000001,5.600000000000001,7.600000000000001,25.4,21.8,29.0,29.6,28.4,30.8,0.0104,0.0341,0.0071,0.00876,3.64,0.00852,0.0069,0.0377,0.0393,0.232,0.0102,11.4,9,26,10,300,3.5,4.1,0.0467,4.8,4.6,4.5,4.2,2.6,4.5,4.3,7.4,2.4,5.9,64.0,1.02,1.88,0.0,8.72
28.8,30.2,27.4,9.399999999999999,13.0,5.800000000000001,26.5,30.6,22.4,29.0,25.8,32.2,0.0104,0.034,0.00863,0.00868,3.69,0.0099,0.00749,0.0377,0.039,0.234,0.0103,11.4,9,27,9,300,3.1,4.0,0.0457,4.4,4.0,4.6,4.3,3.6,5.2,4.1,7.8,2.2,5.9,65.6,1.02,1.88,0.0,4.22
27.5,25.6,29.4,9.8,7.0,12.600000000000001,24.6,25.0,24.2,28.4,24.4,32.4,0.00902,0.0341,0.00833,0.00906,3.79,0.00866,0.00736,0.038,0.039,0.235,0.0102,11.3,9,27,9,300,3.6,2.5,0.0467,4.2,3.7,4.1,4.5,4.3,5.1,4.1,8.5,2.6,4.6,64.5,0.0,0.803,0.0,5.18
31.3,31.6,31.0,7.600000000000001,5.199999999999999,10.0,25.3,25.4,25.2,32.4,31.6,33.2,0.0114,0.0339,0.00896,0.00885,3.85,0.00945,0.00747,0.0379,0.0392,0.235,0.0103,11.3,9,26,9,300,3.9,2.9,0.0458,5.1,3.8,3.9,5.2,4.5,4.9,4.5,9.4,3.5,3.9,67.2,0.791,0.0,0.0,5.21
27.6,29.6,25.6,7.199999999999999,7.199999999999999,7.199999999999999,24.6,22.2,27.0,29.3,29.0,29.6,0.0114,0.0339,0.00827,0.00919,3.98,0.00952,0.00745,0.0382,0.0392,0.235,0.0103,11.3,9,27,9,300,4.4,3.1,0.0468,5.4,4.1,4.0,4.3,4.4,4.3,4.4,8.8,2.4,5.6,65.7,0.791,0.0,0.0,5.14
28.9,29.0,28.8,9.2,7.199999999999999,11.2,26.1,29.2,23.0,28.9,26.4,31.4,0.0116,0.0339,0.00875,0.00678,4.06,0.00882,0.00758,0.038,0.0392,0.237,0.0104,11.4,9,27,9,300,4.2,4.4,0.0466,5.1,3.6,4.6,4.2,4.5,3.1,4.7,8.4,2.3,6.2,66.1,0.791,0.618,0.0,4.09
32.4,33.8,31.0,7.199999999999999,6.0,8.399999999999999,26.7,28.8,24.6,34.3,36.0,32.6,0.0116,0.0338,0.00823,0.00663,4.13,0.00882,0.00746,0.038,0.039,0.234,0.0101,11.5,9,28,10,300,4.2,5.8,0.0467,3.8,3.8,4.7,5.7,5.5,3.0,4.0,10.2,3.1,4.9,70.0,0.0,1.62,0.0,5.24
29.1,30.6,27.6,11.2,15.8,6.600000000000001,26.6,24.4,28.8,28.3,28.4,28.2,0.0115,0.0339,0.00863,0.0076,4.23,0.00899,0.0075,0.0378,0.0393,0.234,0.0109,11.5,9,29,10,300,5.4,4.9,0.0468,3.4,4.3,3.9,4.5,5.2,2.8,4.0,8.3,2.4,4.8,65.1,0.0,1.62,0.0,5.08
28.5,31.8,25.2,5.699999999999999,4.600000000000001,6.800000000000001,26.8,24.6,29.0,28.6,34.0,23.2,0.0106,0.0339,0.00863,0.00792,4.26,0.00899,0.00694,0.0382,0.0394,0.233,0.0108,11.5,9,25,9,300,5.1,4.0,0.0467,3.5,4.4,3.8,3.4,4.1,3.5,4.0,7.1,2.5,6.7,62.8,0.592,0.999,0.0,5.78
28.2,27.8,28.6,8.399999999999999,6.399999999999999,10.399999999999999,25.3,24.4,26.2,33.2,29.6,36.8,0.0116,0.034,0.00872,0.00755,4.33,0.00912,0.00742,0.0383,0.0392,0.235,0.0113,11.5,9,25,9,300,4.6,3.3,0.0471,4.2,4.3,4.1,3.0,3.7,4.4,3.5,9.0,2.9,7.2,65.1,0.592,0.0,0.0,4.39
30.8,29.0,32.6,7.5,10.399999999999999,4.600000000000001,26.8,28.4,25.2,27.6,30.6,24.6,0.0106,0.0341,0.00834,0.00785,4.4,0.00912,0.00683,0.0383,0.0392,0.233,0.0108,11.6,9,27,10,300,4.3,3.5,0.0469,4.8,3.5,4.0,4.0,4.9,3.9,3.6,9.5,2.7,6.4,66.6,0.592,0.0,0.0,4.3
30.0,28.6,31.4,7.199999999999999,5.199999999999999,9.2,24.7,30.0,19.4,28.4,27.8,29.0,0.0115,0.034,0.00889,0.00745,4.52,0.00925,0.00693,0.0384,0.0392,0.233,0.0109,11.6,9,27,9,300,3.4,3.8,0.0469,4.1,3.6,4.6,4.5,4.9,5.1,3.7,10.3,3.4,5.3,67.7,0.0,1.01,0.0,4.63
28.5,27.2,29.8,6.300000000000001,9.399999999999999,3.1999999999999993,24.8,21.8,27.8,31.8,29.0,34.6,0.0115,0.0343,0.00843,0.00787,4.73,0.00997,0.00739,0.0381,0.0392,0.236,0.0108,11.6,9,27,9,300,4.1,3.4,0.0468,4.3,4.6,4.1,3.6,4.1,4.8,3.4,9.3,3.4,4.8,66.0,0.0,1.01,0.0,4.83
28.6,27.2,30.0,10.5,16.4,4.600000000000001,26.1,22.0,30.2,30.1,25.2,35.0,0.0106,0.0342,0.00874,0.00751,4.97,0.00997,0.00743,0.0384,0.0394,0.236,0.0109,11.6,9,29,9,300,3.5,3.6,0.0472,4.5,4.7,4.5,4.0,4.0,3.5,4.4,7.8,2.7,5.3,65.0,0.787,1.01,0.0,5.1
31.7,31.4,32.0,6.5,3.1999999999999993,9.8,26.2,23.0,29.4,30.5,32.6,28.4,0.0114,0.0343,0.00808,0.00791,5.24,0.01,0.00798,0.0383,0.0391,0.234,0.0108,11.6,9,28,9,300,2.6,4.1,0.0471,5.2,4.7,5.1,4.0,3.6,3.9,5.3,9.1,3.4,6.2,68.0,0.787,0.0,0.0,4.14
45.1,45.4,44.8,6.899999999999999,4.399999999999999,9.399999999999999,30.1,27.6,32.6,34.6,32.4,36.8,0.0109,0.034,0.00792,0.00762,4.85,0.00929,0.00673,0.0382,0.0394,0.233,0.011,11.8,9,28,9,400,6.67,6.33,0.0333,6.67,7.67,10.0,4.33,4.67,8.67,5.33,14.0,5.33,9.33,189.0,0.0,0.975,0.0,0.0
33.0,34.8,31.2,8.0,8.399999999999999,7.600000000000001,26.1,27.0,25.2,31.1,32.0,30.2,0.0119,0.0341,0.00831,0.00816,4.94,0.0104,0.00731,0.0382,0.0394,0.231,0.0107,11.5,9,26,9,400,5.5,6.25,0.0336,6.38,6.0,6.88,6.63,5.25,7.5,6.5,13.1,6.13,7.5,150.0,0.0,1.84,0.0,0.0
32.1,29.0,35.2,6.5,7.199999999999999,5.800000000000001,27.4,30.4,24.4,33.4,32.0,34.8,0.0119,0.034,0.00679,0.00772,5.0,0.00905,0.00718,0.0382,0.0393,0.231,0.0108,11.6,9,25,9,400,6.6,5.3,0.0338,5.8,4.9,6.2,6.7,5.9,6.3,6.1,12.4,5.1,7.0,108.0,0.0,1.84,0.0,0.0
32.8,28.4,37.2,7.899999999999999,5.399999999999999,10.399999999999999,26.5,23.0,30.0,29.1,30.0,28.2,0.0128,0.0341,0.00915,0.00776,5.1,0.00992,0.00677,0.038,0.0392,0.232,0.0109,11.5,9,25,9,400,6.5,5.2,0.034,6.4,4.8,6.3,5.5,5.9,4.3,5.1,12.1,3.9,7.3,87.3,0.0,1.51,0.0,0.0
31.3,33.2,29.4,11.100000000000001,10.399999999999999,11.8,26.5,25.2,27.8,35.2,34.4,36.0,0.0104,0.0342,0.00863,0.00803,5.15,0.00912,0.00667,0.0381,0.0393,0.232,0.0112,11.4,9,28,9,400,5.2,5.3,0.0338,6.5,4.3,5.1,6.6,6.6,4.8,5.7,12.1,4.0,6.3,87.3,1.65,0.646,0.0,10.3
32.5,33.2,31.8,7.600000000000001,7.800000000000001,7.399999999999999,25.3,24.2,26.4,30.0,31.2,28.8,0.0113,0.0341,0.00918,0.00761,5.17,0.00907,0.00678,0.038,0.0394,0.231,0.0109,11.3,9,28,8,400,6.3,5.4,0.0331,5.1,4.4,4.7,6.5,7.2,6.5,5.5,11.3,3.8,7.5,87.9,1.65,1.7,0.0,11.7
31.1,26.6,35.6,7.5,4.199999999999999,10.8,26.1,26.4,25.8,33.3,37.2,29.4,0.0104,0.0341,0.0087,0.00805,5.24,0.00907,0.00666,0.038,0.0397,0.231,0.0107,11.2,9,24,9,400,5.7,5.4,0.0342,5.1,5.6,4.7,5.2,6.0,6.1,5.4,10.7,4.0,8.7,85.1,1.65,1.05,0.0,14.3
30.4,32.2,28.6,6.600000000000001,6.800000000000001,6.399999999999999,25.6,27.8,23.4,33.1,32.4,33.8,0.0113,0.034,0.00918,0.00815,5.33,0.0098,0.00674,0.0378,0.0396,0.231,0.0108,11.1,9,27,9,400,4.7,5.1,0.0339,5.1,6.5,4.4,5.3,6.1,5.1,5.9,11.8,3.6,8.6,85.5,0.0,1.05,0.0,6.47
32.5,31.8,33.2,6.699999999999999,11.2,2.1999999999999993,26.8,22.2,31.4,31.7,33.2,30.2,0.0105,0.0339,0.00877,0.00814,5.37,0.00973,0.0067,0.0379,0.0394,0.231,0.0101,11.2,9,28,9,400,5.3,4.7,0.0332,5.5,6.4,4.4,6.2,6.1,4.2,6.4,10.6,2.7,9.7,87.6,0.0,0.801,0.0,6.4
31.7,32.8,30.6,10.600000000000001,14.0,7.199999999999999,27.3,25.4,29.2,31.6,29.8,33.4,0.0115,0.034,0.00933,0.00771,5.56,0.00973,0.00726,0.0375,0.0397,0.232,0.0101,11.2,9,27,9,400,5.2,4.7,0.0342,5.2,6.0,5.1,6.0,5.3,3.9,6.6,9.6,3.0,8.3,85.3,0.0,0.801,0.0,6.31
32.5,29.4,35.6,6.100000000000001,8.8,3.3999999999999986,27.8,27.2,28.4,30.1,30.4,29.8,0.0106,0.0342,0.00873,0.00809,5.55,0.00953,0.00678,0.0376,0.0397,0.229,0.00963,11.2,9,26,9,400,5.1,5.5,0.0339,4.8,6.0,5.1,5.1,5.5,4.4,5.1,12.1,4.0,7.4,87.2,0.0,1.63,0.0,6.01
32.7,33.8,31.6,9.100000000000001,11.2,7.0,25.8,26.8,24.8,34.2,33.0,35.4,0.0115,0.0341,0.00911,0.00791,5.67,0.00953,0.0074,0.0377,0.0396,0.233,0.0104,11.0,9,22,8,400,4.9,4.7,0.0333,5.0,7.2,4.8,5.8,6.1,4.9,5.2,12.2,4.9,6.9,89.1,0.0,0.825,0.0,5.86
29.9,28.6,31.2,6.100000000000001,8.399999999999999,3.8000000000000007,25.0,23.6,26.4,33.4,35.6,31.2,0.0105,0.0341,0.00846,0.00851,5.7,0.00868,0.00683,0.0377,0.0396,0.233,0.00998,11.0,9,24,8,400,4.9,4.7,0.034,5.5,7.0,4.9,5.7,6.4,5.8,5.5,9.9,5.0,6.2,84.9,0.0,1.73,0.0,5.72
29.9,29.6,30.2,8.899999999999999,11.0,6.800000000000001,28.4,29.4,27.4,28.4,25.4,31.4,0.0115,0.0338,0.00846,0.00816,5.84,0.00873,0.00764,0.0378,0.0396,0.232,0.0101,10.9,9,23,8,400,4.9,4.9,0.034,6.6,5.8,6.0,4.9,5.9,6.2,4.6,10.2,4.4,7.6,86.3,0.679,0.908,0.0,4.79
34.1,34.4,33.8,10.3,11.8,8.8,24.9,22.0,27.8,33.3,32.6,34.0,0.0115,0.0339,0.00847,0.00862,5.88,0.00873,0.00807,0.0374,0.0394,0.232,0.00994,10.8,9,23,8,400,5.4,4.5,0.0332,5.7,6.0,6.3,5.4,4.6,5.6,5.0,12.2,4.2,7.7,89.6,1.7,1.75,0.0,6.16
31.4,33.2,29.6,7.100000000000001,5.0,9.2,26.1,26.2,26.0,33.6,33.2,34.0,0.0115,0.0336,0.00891,0.00827,5.93,0.00868,0.00697,0.0377,0.0394,0.234,0.0108,10.8,9,25,9,400,6.2,5.2,0.0333,5.7,5.6,5.3,5.6,4.7,5.7,5.8,11.6,3.6,6.9,86.9,1.7,0.847,0.0,6.44
32.3,32.8,31.8,6.5,5.399999999999999,7.600000000000001,26.8,23.2,30.4,31.1,31.8,30.4,0.0105,0.0338,0.00855,0.00818,6.04,0.00868,0.00693,0.0375,0.0394,0.232,0.0105,10.7,9,25,8,400,6.2,6.0,0.0339,6.0,5.5,4.7,5.0,6.6,5.2,5.8,11.7,4.1,6.3,86.2,1.02,1.67,0.0,6.58
33.6,34.4,32.8,8.0,4.0,12.0,25.2,26.6,23.8,32.0,29.6,34.4,0.0116,0.0338,0.0091,0.00826,6.38,0.00944,0.00745,0.0376,0.0391,0.234,0.011,10.7,9,24,8,400,5.9,5.7,0.0339,5.2,6.0,6.1,5.3,6.1,4.8,4.8,12.9,4.4,6.3,87.0,0.0,0.82,0.0,6.53
31.7,31.6,31.8,6.0,9.8,2.1999999999999993,25.3,21.6,29.0,29.0,28.0,30.0,0.0107,0.034,0.00855,0.00867,6.76,0.00948,0.00734,0.0375,0.0395,0.234,0.0108,10.7,9,22,8,400,5.9,5.4,0.0341,5.0,6.8,6.8,5.5,5.4,4.9,5.3,12.2,4.2,7.4,88.5,0.0,1.79,0.0,6.41
29.8,30.8,28.8,8.600000000000001,7.199999999999999,10.0,27.6,27.6,27.6,34.1,38.8,29.4,0.0117,0.034,0.00902,0.0083,7.0,0.00948,0.00697,0.0372,0.0396,0.234,0.011,10.6,8,22,8,400,5.9,5.6,0.034,5.4,6.3,6.7,4.9,5.8,4.9,5.5,11.8,4.8,7.8,89.6,0.0158,0.969,0.0,6.48
29.0,31.8,26.2,7.800000000000001,6.800000000000001,8.8,26.4,22.4,30.4,27.3,25.4,29.2,0.0177,0.0333,0.00823,0.00831,1.88,0.00874,0.00716,0.0367,0.0393,0.228,0.0108,10.0,8,19,8,200,2.8,4.0,0.0346,4.6,3.8,4.0,4.2,2.2,4.4,3.0,7.2,2.0,5.8,97.8,0.0,0.0,0.0,0.0
26.2,23.6,28.8,6.5,4.199999999999999,8.8,24.6,22.6,26.6,27.0,31.8,22.2,0.0186,0.0332,0.00815,0.00785,1.93,0.0095,0.00777,0.0368,0.0393,0.227,0.0111,10.4,9,25,9,200,2.8,3.3,0.0347,3.8,2.8,3.2,3.9,2.6,3.7,2.2,6.8,1.9,4.3,69.4,0.0,0.0,0.0,0.0
26.9,23.8,30.0,6.699999999999999,3.1999999999999993,10.2,24.4,21.8,27.0,27.8,29.2,26.4,0.0177,0.0334,0.00835,0.00785,2.03,0.0086,0.00716,0.0367,0.0393,0.229,0.0109,10.6,9,27,9,200,3.3,2.4,0.0335,3.7,2.1,2.7,3.4,2.8,2.6,1.7,6.9,1.9,3.1,43.0,0.0,1.03,0.0,4.6
24.8,27.2,22.4,6.800000000000001,3.3999999999999986,10.2,24.8,23.8,25.8,27.2,33.6,20.8,0.0187,0.0334,0.00879,0.00843,2.08,0.00933,0.00771,0.0366,0.0393,0.227,0.0112,10.7,9,24,9,200,3.5,2.5,0.0343,3.5,2.7,2.8,3.0,2.2,2.8,1.8,6.4,2.1,3.5,44.5,0.0,1.03,0.0,4.6
27.2,28.2,26.2,6.5,7.800000000000001,5.199999999999999,24.0,19.4,28.6,27.8,30.1,25.5,0.0177,0.0335,0.00814,0.00801,2.14,0.00939,0.00762,0.0367,0.0392,0.228,0.0105,10.7,9,24,9,200,3.4,2.3,0.0328,2.4,3.7,3.0,3.3,1.7,2.9,1.7,5.7,2.1,3.5,43.2,0.984,1.03,0.0,4.6
24.0,26.0,22.0,10.0,16.4,3.6000000000000014,24.2,20.2,28.2,26.6,26.3,26.9,0.0177,0.0334,0.00855,0.00853,2.24,0.00939,0.00765,0.0368,0.0393,0.227,0.0107,10.8,9,25,9,200,3.0,2.6,0.0339,2.5,4.1,2.3,3.2,2.0,2.3,2.6,5.5,2.0,3.7,43.2,0.984,0.0,0.0,3.5
27.4,30.2,24.6,9.3,9.600000000000001,9.0,24.9,25.6,24.2,28.1,23.0,33.2,0.0178,0.0334,0.0082,0.00838,2.32,0.00866,0.00706,0.0368,0.0395,0.226,0.0104,10.8,9,25,9,200,2.5,2.8,0.0336,2.9,2.6,2.5,3.4,3.2,2.2,2.6,4.8,1.9,3.5,43.2,1.64,0.0,0.0,4.67
26.4,24.8,28.0,6.300000000000001,6.800000000000001,5.800000000000001,24.4,28.0,20.8,26.8,29.2,24.4,0.0194,0.0334,0.00851,0.00859,2.4,0.00939,0.00717,0.0367,0.0391,0.226,0.0109,10.7,9,24,9,200,3.3,2.4,0.0336,2.6,2.5,3.3,2.9,4.1,2.3,2.0,5.5,2.1,3.5,44.1,0.654,0.0,0.0,4.67
28.6,28.6,28.6,7.5,7.800000000000001,7.199999999999999,23.2,19.6,26.8,27.2,29.6,24.8,0.0194,0.0333,0.00829,0.0084,2.46,0.00869,0.00705,0.0371,0.0392,0.23,0.0105,10.5,9,22,8,200,2.6,3.5,0.0328,2.2,3.5,2.9,1.8,3.1,2.9,2.3,6.1,2.3,3.5,43.9,0.654,0.0,0.0,1.18
26.0,21.4,30.6,8.3,9.0,7.600000000000001,26.4,26.8,26.0,26.7,29.0,24.4,0.0189,0.0338,0.00856,0.00799,2.52,0.00934,0.00841,0.0369,0.0391,0.23,0.0106,10.5,9,22,8,200,1.8,3.8,0.0335,2.1,3.5,2.7,2.1,3.0,2.2,3.2,4.9,1.4,2.9,40.8,0.0,0.0,0.0,3.55
26.3,26.6,26.0,6.5,5.199999999999999,7.800000000000001,22.7,22.8,22.6,27.9,29.6,26.2,0.0189,0.0334,0.00806,0.00854,2.65,0.00864,0.00839,0.0369,0.0393,0.227,0.0105,10.5,8,23,8,200,3.3,3.0,0.0339,3.1,3.4,3.1,2.9,3.1,1.6,2.8,5.5,1.8,2.2,44.3,0.555,0.0,0.0,3.55
25.2,25.4,25.0,7.399999999999999,3.8000000000000007,11.0,24.9,23.2,26.6,27.1,28.4,25.8,0.0189,0.0335,0.0085,0.00815,2.72,0.00939,0.00716,0.0369,0.0392,0.227,0.0114,10.4,8,21,8,200,3.6,2.8,0.0351,3.0,3.5,2.6,3.8,1.9,2.4,2.5,6.7,2.2,2.4,46.8,0.555,0.0,0.0,5.91
27.1,27.8,26.4,7.600000000000001,9.399999999999999,5.800000000000001,24.4,22.0,26.8,27.2,29.6,24.8,0.0179,0.0337,0.00682,0.00851,2.79,0.00947,0.00745,0.0369,0.039,0.229,0.0112,10.3,8,20,8,200,2.8,2.8,0.0352,2.3,4.1,1.9,4.0,1.9,2.0,2.9,5.6,1.4,3.3,44.7,0.555,0.796,0.0,2.35
25.7,23.6,27.8,11.0,12.600000000000001,9.399999999999999,24.2,21.0,27.4,26.3,28.4,24.2,0.0188,0.0338,0.00682,0.00824,2.88,0.0087,0.00749,0.0367,0.0394,0.227,0.0114,10.2,8,20,8,200,3.3,2.5,0.0344,2.6,3.5,2.6,3.7,2.5,2.0,2.6,5.3,1.9,4.0,44.5,0.789,0.796,0.0,2.35
26.9,21.4,32.4,7.100000000000001,3.3999999999999986,10.8,24.8,24.6,25.0,28.1,27.6,28.6,0.0188,0.0338,0.00763,0.0086,2.98,0.01,0.00693,0.0367,0.0395,0.229,0.0113,10.2,8,21,8,200,3.3,2.5,0.0342,3.3,2.9,2.7,3.1,3.1,3.3,2.2,5.3,1.5,4.3,43.9,0.789,1.37,0.0,3.36
26.1,28.0,24.2,8.2,10.399999999999999,6.0,24.8,28.4,21.2,27.8,31.6,24.0,0.0178,0.0339,0.00811,0.00819,3.01,0.01,0.00742,0.0368,0.0393,0.229,0.0114,10.1,8,23,8,200,2.5,3.1,0.0347,3.4,3.2,2.9,3.2,2.9,3.2,2.0,5.5,1.4,3.9,44.1,0.789,0.575,0.0,4.05
26.2,24.0,28.4,7.899999999999999,6.199999999999999,9.600000000000001,25.8,23.8,27.8,30.1,33.2,27.0,0.011,0.0339,0.00787,0.00791,3.22,0.00952,0.00689,0.0369,0.0395,0.229,0.0114,10.1,8,22,6,200,3.0,3.3,0.0341,2.9,2.9,2.2,3.4,2.8,3.1,3.1,5.4,1.9,3.6,45.0,0.0,0.575,0.0,5.41
29.9,31.6,28.2,9.600000000000001,5.399999999999999,13.8,24.7,24.6,24.8,22.9,21.6,24.2,0.0119,0.034,0.00819,0.00812,3.36,0.00952,0.00742,0.0369,0.0396,0.23,0.0115,9.98,8,21,6,200,2.7,3.0,0.0348,2.9,2.0,1.6,3.5,3.0,3.4,3.0,5.2,2.2,3.7,43.1,0.0,0.0,0.0,2.05
26.2,24.2,28.2,8.2,11.600000000000001,4.800000000000001,23.2,25.2,21.2,26.5,26.8,26.2,0.0109,0.034,0.00765,0.00863,3.54,0.0088,0.00679,0.0369,0.0392,0.228,0.0113,9.97,8,20,8,200,2.4,2.6,0.0349,2.5,2.3,2.8,3.7,2.8,2.4,2.7,5.5,2.1,4.6,42.5,0.755,1.05,0.0,1.36
32.9,30.6,35.2,7.899999999999999,6.800000000000001,9.0,28.2,31.2,25.2,33.7,37.0,30.4,0.0106,0.0338,0.0076,0.00845,3.27,0.00864,0.00663,0.037,0.039,0.229,0.011,9.43,7,22,7,300,5.5,6.75,0.0344,4.75,8.75,7.5,6.0,7.5,6.5,4.75,11.8,4.0,9.5,177.0,0.0,1.07,0.0,0.0
29.8,29.8,29.8,6.699999999999999,11.2,2.1999999999999993,27.1,24.8,29.4,29.4,31.4,27.4,0.0114,0.0339,0.00783,0.00847,3.42,0.00858,0.00678,0.0371,0.039,0.228,0.011,9.73,8,25,8,300,4.67,5.0,0.0346,3.44,5.67,5.56,4.78,5.44,4.89,4.44,9.67,3.44,6.78,110.0,1.01,1.07,0.0,0.0
28.5,29.2,27.8,8.2,5.0,11.399999999999999,24.4,26.4,22.4,31.8,29.2,34.4,0.0114,0.0338,0.00747,0.00795,3.47,0.00858,0.00675,0.0372,0.0389,0.231,0.0107,9.72,8,22,8,300,3.6,4.0,0.0336,3.5,3.7,4.3,5.2,3.8,4.2,5.2,8.5,2.8,4.6,63.0,1.01,1.07,0.0,0.0
27.2,26.0,28.4,5.899999999999999,3.0,8.8,26.7,28.6,24.8,30.4,31.8,29.0,0.0104,0.0338,0.00794,0.00811,3.49,0.00927,0.00812,0.0371,0.0386,0.233,0.0109,9.78,8,24,8,300,3.6,3.7,0.0345,3.7,4.3,4.1,5.1,4.3,4.0,6.1,8.3,2.6,5.2,66.7,1.01,0.0,0.0,0.0
28.9,25.2,32.6,8.399999999999999,10.8,6.0,26.4,30.8,22.0,28.8,29.4,28.2,0.0101,0.0338,0.00757,0.0079,3.63,0.00854,0.00753,0.0374,0.0388,0.228,0.0104,9.74,8,23,8,300,4.0,3.5,0.0345,3.0,4.3,3.5,3.9,5.2,3.6,5.0,8.4,3.6,6.0,65.1,0.0,0.0,0.0,8.95
29.7,33.0,26.4,8.7,12.2,5.199999999999999,24.7,20.8,28.6,29.2,26.8,31.6,0.0101,0.0339,0.00773,0.00815,3.71,0.00927,0.00753,0.0372,0.0389,0.23,0.0108,9.76,8,21,8,300,4.5,3.7,0.0343,4.1,3.5,4.0,4.5,4.7,3.5,4.0,8.6,3.2,5.4,65.5,0.0,0.81,0.0,10.3
27.1,29.6,24.6,8.2,2.6000000000000014,13.8,24.8,21.8,27.8,28.9,29.2,28.6,0.0101,0.0336,0.00743,0.00806,3.77,0.00862,0.00725,0.0373,0.0388,0.227,0.0107,9.75,8,23,8,300,5.0,4.0,0.0351,4.3,2.9,4.7,4.5,5.2,2.9,4.7,7.7,1.9,4.7,65.0,0.656,0.81,0.0,11.8
27.9,27.0,28.8,7.199999999999999,9.8,4.600000000000001,28.1,25.4,30.8,29.9,29.8,30.0,0.0109,0.0336,0.008,0.00797,3.84,0.00948,0.00678,0.0374,0.0386,0.23,0.0107,9.77,8,24,8,300,4.7,3.4,0.0349,4.4,4.0,4.0,4.1,5.4,3.2,4.7,7.5,2.4,5.3,63.9,0.656,0.81,0.0,5.29
30.0,30.4,29.6,7.100000000000001,9.2,5.0,23.1,24.0,22.2,32.2,29.2,35.2,0.00998,0.0334,0.00754,0.0083,3.9,0.00873,0.0067,0.0374,0.0388,0.228,0.00992,9.76,8,23,8,300,5.0,2.9,0.0325,4.9,5.8,4.0,4.2,4.4,4.4,3.7,9.1,3.7,5.3,67.3,0.656,0.707,0.0,5.33
28.7,31.2,26.2,9.3,8.600000000000001,10.0,27.9,26.0,29.8,30.1,27.0,33.2,0.0108,0.0336,0.00801,0.00801,3.97,0.00862,0.00678,0.0376,0.0388,0.231,0.0101,9.75,8,23,8,300,5.3,3.5,0.0336,5.2,6.0,4.2,3.6,3.8,4.9,3.9,10.8,4.2,5.6,72.2,0.0,0.707,0.0,5.3
28.7,27.6,29.8,7.300000000000001,6.600000000000001,8.0,25.2,27.0,23.4,29.6,26.4,32.8,0.01,0.0334,0.00824,0.0079,4.04,0.00862,0.00674,0.0377,0.0385,0.231,0.00987,9.77,8,23,8,300,4.1,3.2,0.0335,3.8,4.9,3.4,4.0,3.8,4.6,4.6,9.0,3.1,6.1,67.0,0.0,0.707,0.0,4.21
30.5,35.2,25.8,7.699999999999999,3.6000000000000014,11.8,26.2,28.4,24.0,29.6,28.8,30.4,0.011,0.0335,0.00721,0.00786,4.15,0.00801,0.00728,0.0377,0.0384,0.228,0.00999,9.82,8,23,8,300,3.9,3.8,0.0335,2.8,5.0,3.1,4.5,3.7,4.3,4.5,8.0,2.9,6.1,63.4,0.555,0.0,0.0,4.18
28.3,24.6,32.0,6.699999999999999,5.600000000000001,7.800000000000001,25.4,25.4,25.4,28.4,32.0,24.8,0.011,0.0335,0.00673,0.00828,4.25,0.00801,0.00724,0.0377,0.0386,0.229,0.0098,9.85,8,24,9,300,4.4,4.4,0.0327,4.3,5.2,4.1,3.4,2.9,3.4,4.1,8.3,2.7,4.9,62.6,0.555,0.0,0.0,4.68
29.7,28.0,31.4,10.399999999999999,10.8,10.0,25.4,26.4,24.4,31.5,29.2,33.8,0.0109,0.0334,0.00798,0.00837,4.24,0.0086,0.00736,0.0375,0.0384,0.231,0.00992,9.85,8,24,8,300,4.4,4.7,0.0331,4.4,4.6,3.6,3.9,3.9,2.8,3.8,8.5,2.8,5.0,64.7,1.54,1.77,0.0,4.7
26.9,27.8,26.0,7.800000000000001,7.199999999999999,8.399999999999999,24.8,25.8,23.8,28.4,31.4,25.4,0.00999,0.0336,0.00762,0.00777,4.32,0.0086,0.00732,0.0376,0.0385,0.228,0.0119,9.87,8,23,9,300,5.6,4.4,0.0323,4.0,3.8,2.5,4.1,3.4,3.2,3.8,7.2,2.4,6.2,63.2,0.985,1.77,0.0,4.55
28.9,32.0,25.8,6.699999999999999,12.399999999999999,1.0,25.1,25.4,24.8,29.5,29.8,29.2,0.0107,0.0337,0.00796,0.00765,4.4,0.00932,0.00743,0.0378,0.0386,0.232,0.0118,9.94,8,25,9,300,6.2,4.0,0.0334,3.8,3.3,4.3,4.0,3.2,3.7,4.0,6.4,1.6,5.8,61.0,0.985,1.77,0.0,5.07
27.1,26.4,27.8,6.5,10.8,2.1999999999999993,26.2,24.4,28.0,32.7,31.6,33.8,0.00988,0.0334,0.00748,0.00822,4.62,0.0086,0.00734,0.0377,0.0385,0.229,0.0118,9.96,8,26,8,300,5.4,3.9,0.0334,4.7,3.7,4.5,4.4,3.7,4.0,3.9,8.5,2.0,5.3,64.7,0.0,0.0,0.0,5.03
31.5,34.0,29.0,7.699999999999999,5.0,10.399999999999999,27.4,26.4,28.4,29.8,26.6,33.0,0.0108,0.0334,0.00783,0.00717,4.82,0.00862,0.00742,0.0381,0.0387,0.232,0.0119,10.0,8,26,9,300,4.5,3.4,0.0326,4.4,4.0,2.7,4.6,4.0,4.0,4.1,8.3,2.7,5.7,65.3,0.0,0.0,0.0,5.2
28.6,26.2,31.0,7.0,9.2,4.800000000000001,23.8,28.0,19.6,29.6,29.4,29.8,0.00985,0.0334,0.00733,0.00765,5.07,0.00936,0.00695,0.038,0.0387,0.228,0.0118,9.97,8,23,8,300,4.6,3.2,0.0328,3.9,4.9,3.2,4.6,4.3,3.2,4.6,8.1,3.3,6.5,67.1,0.0,1.0,0.0,4.18
43.2,42.4,44.0,7.199999999999999,3.6000000000000014,10.8,29.2,31.8,26.6,33.9,33.6,34.2,0.0116,0.0339,0.00768,0.00841,4.6,0.00874,0.00691,0.0383,0.039,0.227,0.0112,11.3,9,27,9,400,6.0,6.33,0.0328,5.0,3.0,7.0,6.67,6.67,9.33,6.67,10.3,4.0,10.7,182.0,0.0,0.0,0.0,0.0
31.8,33.6,30.0,7.600000000000001,11.600000000000001,3.6000000000000014,25.6,25.0,26.2,30.2,28.4,32.0,0.0111,0.0336,0.00794,0.00853,4.63,0.00944,0.00743,0.0381,0.039,0.229,0.0113,11.5,9,27,9,400,5.75,5.0,0.033,5.38,5.0,6.63,5.75,6.63,7.63,4.88,11.8,4.38,9.38,146.0,0.829,0.0,0.0,0.0
32.1,32.2,32.0,6.699999999999999,8.0,5.399999999999999,26.1,22.2,30.0,34.9,36.4,33.4,0.0111,0.0339,0.00765,0.00837,4.79,0.00872,0.00743,0.0383,0.039,0.228,0.0112,11.5,9,26,9,400,5.8,4.0,0.0338,5.7,6.1,6.1,4.7,6.6,5.7,3.9,11.8,4.1,8.7,106.0,0.829,0.0,0.0,6.18
33.8,34.4,33.2,7.699999999999999,10.600000000000001,4.800000000000001,26.4,30.0,22.8,28.3,29.0,27.6,0.0102,0.034,0.00795,0.00847,4.94,0.00954,0.00693,0.0383,0.0393,0.231,0.0114,11.5,9,25,9,400,5.5,4.9,0.0323,5.3,5.9,7.1,4.3,6.4,5.3,5.9,11.7,3.2,8.9,89.0,0.829,0.0,0.0,8.65
31.9,34.4,29.4,11.100000000000001,10.399999999999999,11.8,25.6,27.8,23.4,33.6,35.8,31.4,0.0102,0.0341,0.00738,0.00851,4.92,0.00869,0.00738,0.0381,0.0391,0.23,0.0119,11.4,9,25,9,400,4.5,5.9,0.0331,5.0,6.4,7.4,4.8,5.7,5.7,7.4,12.7,3.8,9.8,92.7,0.0,2.55,0.0,10.0
34.5,34.2,34.8,6.399999999999999,1.6000000000000014,11.2,27.8,27.0,28.6,34.1,35.6,32.6,0.0102,0.0343,0.00785,0.0082,5.01,0.00936,0.00746,0.0382,0.0392,0.231,0.0121,11.6,9,28,9,400,5.0,6.0,0.0332,5.4,5.8,6.6,6.1,4.8,5.0,5.8,11.3,4.1,9.3,90.4,0.762,2.55,0.0,6.53
30.5,33.2,27.8,7.600000000000001,7.199999999999999,8.0,26.0,24.6,27.4,32.1,30.4,33.8,0.0103,0.0341,0.00739,0.00846,5.23,0.00863,0.00696,0.0383,0.0392,0.228,0.012,11.5,9,28,9,400,6.1,6.2,0.0322,7.2,5.3,6.6,5.9,5.0,4.4,5.4,10.2,3.8,8.6,89.1,0.762,3.6,0.0,5.46
29.9,27.4,32.4,8.100000000000001,5.600000000000001,10.600000000000001,28.2,26.2,30.2,32.2,27.0,37.4,0.0111,0.0339,0.00776,0.00849,5.27,0.00952,0.00753,0.0384,0.0393,0.228,0.012,11.5,9,27,9,400,5.7,5.5,0.0332,7.0,6.5,6.0,5.4,4.7,4.9,5.8,11.0,4.4,9.5,89.4,0.762,1.05,0.0,6.63
32.1,34.4,29.8,6.899999999999999,7.199999999999999,6.600000000000001,25.7,26.6,24.8,30.6,28.6,32.6,0.0102,0.034,0.00744,0.00861,5.34,0.00879,0.007,0.0386,0.0394,0.232,0.012,11.4,9,26,9,400,4.9,4.8,0.0333,5.7,6.8,5.4,4.9,4.7,5.9,5.0,11.2,4.4,9.4,85.9,0.0,1.87,0.0,5.39
34.2,35.4,33.0,10.600000000000001,8.399999999999999,12.8,26.5,29.8,23.2,33.5,33.8,33.2,0.0112,0.0338,0.00785,0.00835,5.38,0.00996,0.00713,0.0385,0.0393,0.229,0.0121,11.4,9,25,9,400,4.9,5.4,0.0334,6.6,6.1,5.2,3.9,4.5,6.2,5.6,12.3,3.6,8.8,87.7,0.0,0.817,0.0,6.41
28.7,26.2,31.2,6.199999999999999,3.8000000000000007,8.600000000000001,26.9,25.6,28.2,31.4,32.4,30.4,0.0103,0.0341,0.00654,0.00826,5.46,0.00863,0.007,0.0388,0.0394,0.23,0.012,11.4,9,26,9,400,5.0,6.1,0.0328,5.8,4.8,4.9,5.6,4.9,5.7,6.0,11.5,3.3,8.6,87.5,0.648,1.83,0.0,5.88
30.2,30.0,30.4,7.300000000000001,10.399999999999999,4.199999999999999,25.9,25.4,26.4,29.5,26.8,32.2,0.0111,0.034,0.00786,0.00826,5.58,0.00931,0.00707,0.0387,0.0394,0.232,0.00999,11.4,9,25,9,400,4.8,6.0,0.0335,5.8,4.9,4.8,6.1,5.5,5.4,5.9,10.0,4.1,7.6,86.8,0.648,1.01,0.0,5.73
33.2,31.2,35.2,6.899999999999999,5.199999999999999,8.600000000000001,25.4,28.6,22.2,32.4,29.6,35.2,0.0104,0.0338,0.00756,0.00867,5.65,0.00859,0.00752,0.0387,0.0394,0.229,0.0101,11.4,9,26,9,400,5.1,5.4,0.0325,5.5,5.4,5.0,4.7,5.3,4.9,6.4,10.2,4.4,7.4,87.2,0.648,1.84,0.0,5.66
34.2,32.0,36.4,9.2,5.199999999999999,13.2,27.8,26.2,29.4,34.8,30.2,39.4,0.0104,0.034,0.00807,0.00816,5.72,0.00932,0.00713,0.0386,0.0396,0.233,0.0102,11.3,9,24,9,400,5.2,4.6,0.0322,5.0,5.2,6.6,4.9,5.5,5.8,5.3,10.3,3.8,7.6,86.6,0.0,1.83,0.0,6.17
28.8,28.0,29.6,9.100000000000001,9.399999999999999,8.8,25.8,23.0,28.6,31.3,29.4,33.2,0.00951,0.0342,0.00759,0.0084,5.89,0.00861,0.00704,0.0384,0.0396,0.231,0.0101,11.2,9,23,9,400,5.1,4.8,0.0329,5.6,6.3,7.5,4.6,4.8,6.0,5.6,11.4,3.9,6.8,87.1,0.812,1.83,0.0,7.54
31.0,31.6,30.4,8.0,8.0,8.0,27.0,25.8,28.2,33.0,30.8,35.2,0.0112,0.0342,0.00806,0.00792,5.94,0.00862,0.00704,0.0385,0.0395,0.233,0.0102,11.2,9,23,9,400,5.4,5.4,0.0331,5.5,6.9,5.8,4.2,4.2,5.3,5.6,11.8,4.7,7.1,85.6,0.812,0.999,0.0,6.52
35.3,37.0,33.6,5.899999999999999,1.1999999999999993,10.600000000000001,26.5,22.6,30.4,32.9,36.0,29.8,0.0103,0.0344,0.00784,0.00728,6.19,0.00862,0.00825,0.0384,0.0396,0.23,0.01,11.2,9,26,9,400,5.1,5.8,0.0335,7.9,5.8,5.1,5.4,4.7,5.0,4.2,11.5,4.4,7.9,86.4,0.812,0.0,0.0,5.39
30.1,27.2,33.0,6.899999999999999,11.0,2.8000000000000007,27.3,27.0,27.6,30.6,29.6,31.6,0.0113,0.0345,0.00826,0.00719,6.49,0.00938,0.00885,0.0385,0.0394,0.23,0.0103,11.3,9,28,9,400,5.3,5.3,0.033,8.2,4.4,5.9,5.5,7.0,4.8,4.6,12.1,3.8,8.7,90.1,0.0,1.0,0.0,3.93
30.2,31.8,28.6,9.2,11.8,6.600000000000001,24.6,25.8,23.4,33.3,32.4,34.2,0.0104,0.0348,0.00761,0.0081,6.8,0.00938,0.00755,0.0383,0.0396,0.232,0.0101,11.2,9,28,9,400,6.7,5.4,0.0329,6.3,5.4,6.3,5.0,7.0,5.7,4.7,11.2,3.5,7.6,89.7,0.765,1.83,0.0,6.67
33.0,34.2,31.8,7.300000000000001,6.199999999999999,8.399999999999999,26.6,28.6,24.6,32.8,34.8,30.8,0.0104,0.0347,0.0075,0.0082,7.05,0.0101,0.00813,0.0382,0.0396,0.234,0.0109,11.2,9,26,9,400,6.8,5.3,0.0333,5.9,5.3,6.3,5.6,5.1,6.9,5.2,10.9,3.5,7.1,88.7,0.775,1.84,0.0,6.76
