Avg Host Node1 CPU Usage,Host Node1 CPU 0 Usage,Host Node1 CPU 1 Usage,Avg Host Node2 CPU Usage,Host Node2 CPU 0 Usage,Host Node2 CPU 1 Usage,Avg Host Node3 CPU Usage,Host Node3 CPU 0 Usage,Host Node3 CPU 1 Usage,Avg Host Node4 CPU Usage,Host Node4 CPU 0 Usage,Host Node4 CPU 1 Usage,checkoutservice CPU Usage,currencyservice CPU Usage,emailservice CPU Usage,frontend 1 CPU Usage,frontend 2 CPU Usage,loadgenerator CPU Usage,paymentservice CPU Usage,productcatalogservice CPU Usage,recommendationservice 1 CPU Usage,recommendationservice 2 CPU Usage,redis-cart CPU Usage,shippingservice CPU Usage,Average Response Time,Median Response Time,Current Response Time Percentile 95,Current Response Time Percentile 50,Number of Users,current_rps GET /,current_rps GET /cart,current_rps GET /product/0PUK6V6EV0,current_rps GET /product/1YMWWN1N4O,current_rps GET /product/2ZYFJ3GM2N,current_rps GET /product/66VCHSJNUP,current_rps GET /product/6E92ZMYYFZ,current_rps GET /product/9SIQT8TOJO,current_rps GET /product/L9ECAV7KIM,current_rps GET /product/LS4PSXUNUM,current_rps GET /product/OLJCESPC7Z,current_rps POST /cart,current_rps POST /cart/checkout,current_rps POST /setCurrency,current_rps Aggregated,Acme-Web CPU Usage,MongoDB CPU Usage,StressNG 1 CPU Usage,StressNG 2 CPU Usage,StressNG 3 CPU Usage,StressNG 4 CPU Usage
52.6,54.6,50.6,61.1,60.2,62.0,51.7,51.8,51.6,40.9,45.4,36.4,0.797,8.78,0.215,7.22,7.68,10.8,0.199,5.95,5.06,0.0374,1.14,0.683,67.3,45.0,110,38,600,6.0,15.4,7.7,8.1,8.2,8.0,8.7,9.0,8.2,7.4,7.6,19.0,5.8,11.3,130.0,0.00419,0.187,7.2,0.0,0.0,13.6
63.4,63.0,63.8,67.1,66.2,68.0,58.8,58.0,59.6,40.5,44.6,36.4,0.991,10.9,0.28,9.39,9.1,15.0,0.266,7.13,7.03,0.0381,1.16,0.845,83.8,67.0,150,56,800,6.8,21.5,10.3,11.0,10.5,12.2,11.3,12.4,11.5,11.3,11.2,25.7,9.7,14.5,180.0,0.00333,0.201,5.97,0.0,0.0,14.2
72.0,72.2,71.8,70.3,69.0,71.6,62.6,61.6,63.6,41.4,45.2,37.6,1.04,11.7,0.297,10.1,9.35,17.4,0.28,7.51,7.59,0.0372,1.22,0.855,238.0,190.0,220,98,1000,7.3,28.4,13.1,12.1,12.7,14.4,13.3,13.3,14.4,13.6,14.1,29.4,9.3,17.9,213.0,0.00326,0.196,6.06,0.0,0.0,12.8
51.9,51.8,52.0,64.8,66.2,63.4,51.9,52.4,51.4,44.1,44.8,43.4,0.768,8.41,0.215,7.58,7.16,10.9,0.201,5.9,5.41,0.0372,0.313,0.643,74.4,57.0,140,45,600,5.9,16.9,7.5,9.5,8.6,8.7,10.0,9.0,7.2,9.1,7.5,16.8,6.4,11.4,135.0,0.00345,0.196,10.4,0.0,0.0,18.8
64.2,64.0,64.4,69.3,69.0,69.6,59.6,60.4,58.8,38.9,35.2,42.6,1.06,11.2,0.29,10.0,8.99,14.9,0.276,7.28,7.17,0.0366,1.07,0.857,82.5,67.0,190,55,800,6.6,21.2,9.7,11.8,8.9,10.9,13.2,11.8,10.9,12.1,10.2,21.3,7.2,15.5,171.0,0.00294,0.181,6.13,0.0,0.0,12.2
69.4,70.4,68.4,74.0,74.0,74.0,63.4,64.0,62.8,45.6,43.2,48.0,1.04,12.0,0.292,10.2,9.03,17.2,0.282,7.45,7.9,0.0368,1.16,0.883,157.0,130.0,320,130,1000,8.8,27.4,14.3,13.4,13.4,12.8,14.6,12.9,11.1,13.9,13.3,28.7,8.7,17.3,211.0,0.0046,0.202,10.6,0.0,0.0,18.0
60.5,63.0,58.0,66.3,65.2,67.4,61.3,62.4,60.2,42.2,50.2,34.2,1.04,10.9,0.275,9.66,8.57,14.3,0.26,7.06,7.06,0.0356,1.05,0.815,82.6,68.0,140,52,800,8.0,21.1,10.4,10.8,9.4,10.8,11.5,11.6,10.6,11.4,9.6,20.2,7.2,14.8,167.0,0.0026,0.201,7.08,0.0,0.0,12.9
69.9,68.0,71.8,69.8,69.0,70.6,64.9,63.6,66.2,41.5,37.0,46.0,0.994,11.8,0.292,10.2,9.15,17.4,0.261,7.38,7.37,0.038,1.17,0.879,163.0,140.0,310,120,1000,10.5,28.8,13.3,15.2,13.6,14.1,12.0,13.1,10.4,13.9,14.2,26.4,8.7,17.0,211.0,0.00329,0.208,5.95,0.0,0.0,13.9
63.5,62.8,64.2,71.2,72.6,69.8,61.8,61.6,62.0,42.0,46.4,37.6,1.11,11.7,0.299,10.4,9.54,15.9,0.289,7.75,7.68,0.0355,1.08,0.901,81.4,66.0,180,56,800,6.7,23.1,9.8,11.3,9.7,11.0,12.3,11.5,10.8,11.1,11.0,21.9,6.6,16.3,173.0,0.0031,0.2,6.1,0.0,0.0,13.7
70.5,71.2,69.8,70.5,69.4,71.6,61.3,61.0,61.6,40.8,37.6,44.0,1.03,11.7,0.296,9.97,9.21,17.4,0.272,7.27,7.63,0.0373,1.17,0.876,159.0,130.0,390,120,1000,9.9,27.3,13.3,13.4,12.6,12.4,14.1,13.2,14.1,13.5,15.7,28.1,9.4,16.7,214.0,0.00336,0.188,6.43,0.0,0.0,13.0
62.1,59.6,64.6,68.8,67.6,70.0,59.9,59.4,60.4,41.0,38.8,43.2,1.04,11.5,0.294,9.81,9.57,15.8,0.279,7.6,7.37,0.0373,1.18,0.884,82.9,67.0,150,51,800,7.6,20.5,10.7,12.9,10.3,10.7,11.1,10.8,11.2,11.6,10.4,23.9,9.1,14.4,175.0,0.0046,0.198,5.95,0.0,0.0,14.4
52.4,52.0,52.8,61.7,63.2,60.2,50.6,50.2,51.0,40.8,38.2,43.4,0.795,8.74,0.219,7.49,7.38,10.8,0.204,6.05,5.5,0.0379,1.13,0.672,74.8,50.0,130,38,600,6.1,18.1,6.3,8.4,8.8,8.4,7.4,8.2,7.2,8.5,7.5,16.7,6.1,10.6,128.0,0.00423,0.193,8.41,0.0,0.0,13.6
54.1,51.6,56.6,61.1,60.4,61.8,52.7,50.0,55.4,46.4,49.8,43.0,0.753,8.77,0.22,7.61,7.47,11.2,0.2,5.89,5.36,0.0371,0.321,0.681,75.9,60.0,140,42,600,5.3,16.1,7.3,7.9,8.7,8.3,8.4,9.2,8.1,8.7,8.2,20.1,6.0,12.9,135.0,0.0028,0.19,10.2,0.0,0.0,18.7
53.5,53.6,53.4,64.8,66.6,63.0,53.9,50.6,57.2,44.1,50.8,37.4,0.78,8.76,0.206,8.1,6.73,10.6,0.185,5.93,5.15,0.0372,0.32,0.678,68.4,54.0,110,41,600,5.3,17.0,6.3,8.4,8.3,8.2,10.3,6.1,8.8,7.2,8.3,18.6,5.8,10.9,130.0,0.00344,0.179,12.4,0.0,0.0,16.8
69.3,69.6,69.0,75.4,76.8,74.0,64.8,65.8,63.8,45.2,38.8,51.6,1.05,12.0,0.279,10.3,9.04,17.2,0.267,7.38,7.8,0.0372,0.399,0.891,139.0,110.0,210,98,1000,8.8,30.6,13.5,12.5,13.4,13.1,13.5,13.1,12.8,13.5,13.8,28.6,9.6,18.2,215.0,0.00441,0.212,7.91,0.0,0.0,18.1
63.3,63.2,63.4,64.8,66.4,63.2,57.7,57.2,58.2,41.1,39.2,43.0,0.93,10.7,0.263,9.82,8.61,14.7,0.243,7.24,6.95,0.0371,0.388,0.807,98.8,81.0,180,60,800,8.2,21.9,12.3,10.7,10.5,10.9,11.4,11.9,10.4,11.7,10.5,22.4,6.9,16.6,176.0,0.00308,0.213,5.93,0.0,0.0,13.8
53.5,54.6,52.4,61.4,60.4,62.4,52.8,51.4,54.2,40.8,41.0,40.6,0.805,8.89,0.22,7.36,8.01,11.2,0.208,6.0,5.2,0.0375,1.14,0.712,66.1,45.0,110,38,600,6.3,17.5,7.2,8.0,8.3,9.7,8.1,9.1,8.1,7.9,6.9,19.1,5.0,10.3,132.0,0.00364,0.183,5.87,0.0,0.0,14.4
62.4,61.4,63.4,68.7,68.2,69.2,59.1,58.2,60.0,40.1,41.6,38.6,1.07,11.7,0.288,10.2,9.62,16.0,0.284,7.58,6.63,0.0374,1.28,0.9,79.1,64.0,140,49,800,6.8,20.7,10.0,12.0,10.4,10.6,10.3,12.7,12.2,10.2,11.9,22.3,6.4,15.1,172.0,0.00325,0.196,5.95,0.0,0.0,12.5
62.8,64.0,61.6,72.3,71.6,73.0,60.7,60.6,60.8,45.9,43.0,48.8,1.03,11.4,0.279,10.2,9.22,15.5,0.255,7.45,6.95,0.0366,1.05,0.881,88.6,72.0,240,90,800,7.3,19.3,11.3,10.9,11.0,11.9,12.8,11.1,10.3,9.6,9.8,23.3,8.9,15.0,173.0,0.00342,0.222,9.82,0.0,0.0,20.3
64.7,64.0,65.4,62.6,61.4,63.8,63.9,63.4,64.4,39.2,42.8,35.6,1.01,11.5,0.288,10.2,9.57,16.2,0.272,7.44,6.56,0.0363,1.11,0.883,84.1,65.0,140,52,800,7.1,19.5,10.5,11.3,11.3,11.5,12.1,12.4,10.3,11.6,9.9,22.6,7.9,16.8,175.0,0.00323,0.186,7.37,0.0,0.0,12.8
71.4,72.4,70.4,72.7,71.8,73.6,64.4,64.4,64.4,46.4,49.4,43.4,1.04,11.7,0.298,10.2,8.93,17.5,0.269,7.12,7.5,0.0363,1.21,0.874,191.0,160.0,600,150,1000,8.6,24.1,14.2,13.2,10.3,13.8,13.1,14.3,12.8,13.4,13.0,29.8,10.5,18.1,209.0,0.00301,0.197,8.74,0.0,0.0,19.3
63.1,62.0,64.2,64.3,62.8,65.8,62.7,63.2,62.2,39.2,38.4,40.0,0.948,10.7,0.267,9.88,8.61,14.8,0.246,7.32,6.94,0.0371,0.377,0.798,101.0,82.0,150,57,800,7.3,23.3,11.7,9.7,10.8,11.9,11.4,11.2,9.8,11.5,10.9,23.8,7.4,17.5,178.0,0.00382,0.197,5.99,0.0,0.0,13.9
61.4,63.0,59.8,64.6,67.4,61.8,61.3,61.4,61.2,40.8,37.8,43.8,1.01,11.0,0.287,9.88,8.61,14.7,0.265,7.36,7.18,0.0369,0.386,0.812,89.2,73.0,170,58,800,8.2,22.7,13.0,13.4,12.9,10.1,11.4,9.7,9.1,11.3,10.0,24.0,8.8,15.6,180.0,0.00463,0.196,6.69,0.0,0.0,13.7
52.1,52.2,52.0,68.7,69.0,68.4,51.7,52.6,50.8,45.0,45.8,44.2,0.751,8.43,0.213,7.41,7.24,11.0,0.195,5.81,5.44,0.0373,1.04,0.651,71.7,56.0,150,53,600,6.4,18.1,8.5,7.5,9.0,8.0,8.2,8.8,7.8,9.0,7.4,18.2,6.5,11.7,135.0,0.00331,0.211,10.3,0.0,0.0,18.3
64.6,65.6,63.6,69.0,68.8,69.2,57.3,58.8,55.8,43.6,47.4,39.8,0.968,10.6,0.261,9.38,8.68,14.6,0.253,7.05,6.67,0.0367,1.1,0.805,120.0,97.0,170,60,800,8.3,22.7,10.8,10.4,12.5,9.9,12.0,12.8,10.3,10.0,11.3,22.2,8.0,13.7,175.0,0.00328,0.198,9.18,0.0,0.0,36.3
50.0,47.8,52.2,67.0,67.8,66.2,52.9,51.8,54.0,46.4,46.0,46.8,0.746,8.67,0.206,7.9,6.95,10.8,0.182,6.05,5.75,0.0381,0.961,0.643,67.8,52.0,150,45,600,5.1,16.0,9.6,8.0,8.4,8.5,9.1,8.9,6.1,9.1,7.8,17.5,5.5,10.6,130.0,0.00261,0.204,12.2,0.0,0.0,18.7
61.4,61.6,61.2,70.8,70.2,71.4,61.7,62.0,61.4,43.8,44.6,43.0,0.971,10.5,0.277,9.39,8.49,14.7,0.258,6.97,6.9,0.0375,1.15,0.801,122.0,100.0,170,61,800,13.2,21.6,12.0,11.7,9.0,11.4,11.7,12.3,11.7,12.1,12.2,24.5,8.3,13.8,186.0,0.00334,0.203,15.7,0.0,0.0,31.7
65.2,64.4,66.0,71.9,71.8,72.0,62.6,63.2,62.0,43.4,40.0,46.8,0.959,10.8,0.269,9.43,8.28,14.2,0.243,7.14,6.86,0.0365,0.373,0.801,97.7,80.0,180,63,800,8.5,22.3,11.7,12.3,9.4,9.1,9.8,10.9,10.2,11.4,10.2,22.3,7.0,15.9,171.0,0.00338,0.197,8.78,0.0,0.0,18.1
61.0,62.4,59.6,62.0,61.6,62.4,63.8,63.8,63.8,38.1,46.6,29.6,1.02,11.0,0.275,9.77,9.16,15.1,0.261,7.1,6.19,0.0375,1.25,0.846,80.2,65.0,210,62,800,6.6,22.9,11.7,11.8,11.7,10.6,10.8,11.9,10.5,10.1,10.7,19.8,7.9,13.9,171.0,0.00352,0.194,5.99,0.0,0.0,12.5
65.5,64.4,66.6,67.1,66.4,67.8,60.8,60.8,60.8,39.5,34.6,44.4,0.953,10.8,0.253,9.31,8.52,14.4,0.233,7.16,6.85,0.0381,0.375,0.814,90.7,73.0,170,64,800,7.3,22.5,10.7,10.3,10.6,10.7,10.6,12.7,11.2,11.3,11.2,22.2,7.1,14.5,173.0,0.00348,0.195,5.95,0.0,0.0,12.6
69.4,69.4,69.4,70.5,68.0,73.0,62.2,64.2,60.2,46.0,42.8,49.2,1.04,11.2,0.285,10.4,8.65,15.2,0.262,7.28,7.31,0.0378,1.19,0.875,89.7,74.0,190,71,800,7.3,21.7,11.3,12.2,11.6,10.8,12.6,10.9,10.3,9.2,10.4,23.4,7.7,15.6,175.0,0.00539,0.193,9.31,0.0,0.0,17.8
70.4,71.8,69.0,69.8,71.6,68.0,64.5,65.6,63.4,40.2,43.0,37.4,1.11,11.9,0.319,10.3,9.27,17.5,0.295,7.11,6.86,0.0372,1.12,0.908,170.0,140.0,250,91,1000,10.2,26.3,12.9,14.0,14.2,13.5,12.7,12.4,14.3,14.1,14.2,26.7,9.8,20.2,216.0,0.00247,0.205,5.97,0.0,0.0,13.3
67.2,65.0,69.4,76.0,77.8,74.2,66.3,64.0,68.6,45.8,53.2,38.4,1.04,11.9,0.275,10.4,9.1,17.1,0.279,7.36,7.94,0.0373,0.407,0.884,140.0,110.0,240,97,1000,8.4,28.8,14.1,14.1,15.4,11.5,14.6,13.2,11.6,13.7,14.8,29.3,9.9,17.9,217.0,0.00573,0.223,8.78,0.0,0.0,18.0
63.8,64.6,63.0,68.3,67.2,69.4,62.4,62.6,62.2,41.5,41.0,42.0,0.939,10.6,0.25,9.35,8.88,14.7,0.228,7.06,6.26,0.0369,1.1,0.802,86.9,69.0,170,54,800,7.9,21.9,11.2,11.4,10.4,10.4,11.1,11.6,8.2,11.7,9.8,23.2,7.7,14.6,171.0,0.00363,0.187,5.97,0.0,0.0,12.8
60.8,62.2,59.4,69.5,72.0,67.0,62.7,63.2,62.2,46.0,37.4,54.6,0.982,10.6,0.255,9.48,8.21,13.9,0.232,7.06,6.93,0.0376,0.368,0.784,92.8,76.0,180,62,800,8.3,23.9,12.1,12.0,11.1,9.3,9.1,11.6,12.1,9.3,11.0,20.2,7.5,14.4,172.0,0.00268,0.217,9.14,0.0,0.0,17.1
69.7,69.2,70.2,70.8,70.2,71.4,62.1,62.0,62.2,42.3,43.2,41.4,1.07,11.5,0.311,9.66,9.19,17.4,0.282,7.35,7.68,0.0368,1.22,0.863,198.0,160.0,190,78,1000,11.2,28.7,11.3,13.6,12.9,13.1,11.8,13.2,12.6,13.9,13.1,27.9,9.3,16.4,209.0,0.00332,0.203,6.19,0.0,0.0,13.1
53.3,53.6,53.0,59.5,58.0,61.0,51.1,51.4,50.8,40.5,37.0,44.0,0.795,8.64,0.219,7.75,7.32,10.7,0.203,6.11,5.49,0.0377,1.13,0.69,77.2,52.0,120,43,600,6.2,17.0,7.1,8.7,9.6,8.4,8.2,9.0,7.3,8.5,8.1,17.3,5.8,10.7,132.0,0.00423,0.201,7.88,0.0,0.0,12.0
53.0,54.0,52.0,65.1,64.2,66.0,55.1,54.0,56.2,44.1,58.6,29.6,0.755,8.44,0.214,7.29,7.37,10.9,0.198,5.86,5.53,0.0373,1.04,0.646,69.6,55.0,140,46,600,6.0,18.6,7.5,7.5,6.6,8.5,9.0,8.2,7.8,8.0,7.4,17.0,5.8,12.1,130.0,0.00335,0.195,10.5,0.0,0.0,18.9
62.2,62.4,62.0,73.8,74.4,73.2,60.9,60.4,61.4,46.5,48.2,44.8,1.06,11.7,0.297,10.5,9.67,16.3,0.274,7.66,7.45,0.0374,1.11,0.921,91.8,74.0,190,61,800,7.7,21.1,10.4,10.1,11.2,12.0,12.6,10.9,10.7,9.4,10.2,21.8,7.3,15.5,171.0,0.00392,0.183,9.49,0.0,0.0,17.3
69.0,68.4,69.6,68.5,67.0,70.0,63.9,61.8,66.0,46.3,47.4,45.2,1.12,12.2,0.292,10.4,9.09,17.2,0.273,7.19,6.86,0.0376,0.421,0.891,143.0,110.0,230,94,1000,9.3,27.0,15.6,13.5,14.0,12.7,12.6,14.2,11.7,11.0,14.4,26.3,7.7,18.3,208.0,0.00401,0.197,9.73,0.0,0.0,18.1
62.3,61.4,63.2,66.6,67.0,66.2,60.0,59.6,60.4,40.1,38.6,41.6,0.936,10.8,0.262,9.26,8.72,14.5,0.239,7.11,6.84,0.0372,1.15,0.797,90.8,73.0,210,68,800,8.9,22.2,10.9,11.1,9.7,10.7,10.8,9.6,11.3,10.6,10.3,22.4,7.0,15.6,171.0,0.00328,0.191,6.38,0.0,0.0,12.7
69.7,69.4,70.0,70.6,71.4,69.8,69.6,70.4,68.8,44.9,39.6,50.2,1.14,12.1,0.287,10.5,9.11,17.4,0.272,7.02,6.89,0.0374,0.408,0.901,141.0,110.0,240,92,1000,9.3,28.3,14.1,15.1,11.2,13.5,11.3,13.3,12.8,13.5,12.9,27.3,8.2,18.6,209.0,0.0028,0.199,10.2,0.0,0.0,19.7
62.4,62.0,62.8,69.7,69.8,69.6,59.6,58.2,61.0,37.4,34.8,40.0,1.02,10.7,0.296,9.71,8.75,14.9,0.289,7.32,6.96,0.0373,1.07,0.822,98.4,81.0,170,56,800,7.1,19.6,11.5,10.4,11.9,11.5,10.7,9.5,10.9,12.2,11.4,25.3,9.3,15.2,177.0,0.00371,0.187,7.35,0.0,0.0,14.0
62.1,62.4,61.8,66.8,68.8,64.8,61.0,60.2,61.8,40.7,45.8,35.6,0.933,10.6,0.245,9.26,8.73,14.7,0.23,7.06,6.39,0.036,1.1,0.784,86.5,69.0,190,63,800,7.8,23.3,12.7,10.7,9.1,10.6,11.3,11.5,9.9,10.9,9.6,21.2,7.5,16.0,172.0,0.00352,0.211,7.35,0.0,0.0,13.7
56.0,55.0,57.0,59.0,61.2,56.8,52.5,50.6,54.4,40.0,44.6,35.4,0.749,8.57,0.228,7.85,7.18,11.2,0.202,5.94,5.51,0.0373,1.19,0.675,69.9,48.0,140,41,600,6.7,17.1,7.3,8.3,8.4,8.5,7.6,10.0,8.2,7.6,7.7,18.6,6.4,11.3,134.0,0.0026,0.203,7.29,0.0,0.0,13.3
52.8,51.0,54.6,64.6,66.0,63.2,54.0,53.4,54.6,40.4,36.6,44.2,0.794,8.89,0.217,7.87,7.06,10.6,0.206,6.02,5.41,0.0358,1.13,0.682,82.5,54.0,130,42,600,5.4,18.4,7.9,8.2,8.3,9.2,9.0,9.1,8.3,8.2,8.4,19.5,6.9,10.7,138.0,0.00358,0.211,5.88,0.0,0.0,13.2
66.5,65.2,67.8,73.4,73.2,73.6,63.0,62.6,63.4,45.8,45.4,46.2,0.978,10.9,0.257,9.7,8.74,14.5,0.239,7.0,6.67,0.0375,1.03,0.83,87.6,70.0,230,80,800,7.1,20.2,10.1,11.6,12.3,12.8,10.5,12.4,10.9,10.8,10.5,24.5,9.2,15.7,179.0,0.00334,0.204,9.03,0.0,0.0,18.3
52.7,51.4,54.0,62.9,62.4,63.4,54.0,52.8,55.2,38.7,39.4,38.0,0.709,8.69,0.211,8.05,6.9,11.0,0.192,6.08,5.56,0.0362,1.08,0.667,66.5,50.0,110,41,600,6.8,14.7,8.8,7.9,8.5,7.6,9.5,7.1,9.0,7.7,7.6,17.8,6.1,11.4,131.0,0.00456,0.19,6.2,0.0,0.0,12.7
63.1,62.2,64.0,72.8,71.4,74.2,65.2,66.0,64.4,40.1,38.6,41.6,0.933,10.7,0.276,9.3,8.62,14.7,0.254,7.01,6.89,0.0363,1.16,0.801,85.0,68.0,150,62,800,7.0,22.0,10.8,8.5,10.1,12.2,11.0,10.4,12.7,10.0,12.2,22.4,7.4,15.6,172.0,0.0026,0.195,7.36,0.0,0.0,13.4
66.4,67.6,65.2,72.0,72.4,71.6,60.4,60.4,60.4,41.5,45.8,37.2,1.07,12.1,0.281,10.3,10.0,16.4,0.262,7.82,7.32,0.0377,1.14,0.921,83.6,67.0,150,59,800,6.6,20.8,10.6,11.7,11.9,10.5,10.2,8.9,11.0,10.7,12.2,21.7,6.4,15.6,169.0,0.00362,0.217,5.93,0.0,0.0,14.3
51.4,52.0,50.8,68.7,65.6,71.8,53.4,53.4,53.4,46.1,53.8,38.4,0.788,8.72,0.232,7.64,7.32,11.2,0.208,5.98,5.4,0.037,1.08,0.683,70.4,55.0,170,48,600,5.5,16.7,8.4,10.0,8.7,8.4,9.8,7.2,8.8,6.6,5.7,17.6,5.9,11.1,130.0,0.00435,0.202,11.4,0.0,0.0,18.9
59.4,58.6,60.2,72.2,72.0,72.4,61.2,62.2,60.2,44.4,38.2,50.6,0.955,10.7,0.267,9.49,8.67,14.7,0.245,7.06,6.79,0.0379,0.366,0.799,105.0,83.0,190,66,800,7.2,23.0,10.6,11.0,10.9,9.7,11.1,12.5,10.8,10.4,9.6,24.4,7.1,14.0,172.0,0.00365,0.194,11.8,0.0,0.0,19.7
69.5,70.6,68.4,72.7,73.2,72.2,62.7,61.4,64.0,40.1,35.2,45.0,1.03,11.4,0.301,10.1,9.3,17.6,0.28,7.46,7.64,0.0363,1.21,0.868,230.0,190.0,310,110,1000,7.5,27.6,14.0,13.2,14.5,13.8,14.2,13.7,13.9,12.7,12.9,27.9,8.9,18.7,214.0,0.00333,0.204,4.61,0.0,0.0,13.5
73.1,72.8,73.4,72.4,72.8,72.0,61.5,60.6,62.4,40.9,41.4,40.4,1.02,11.6,0.306,10.3,9.12,17.9,0.276,7.41,7.71,0.0376,1.12,0.847,234.0,210.0,370,180,1000,9.8,26.4,12.3,12.7,13.7,14.8,13.6,12.1,12.6,13.9,13.1,26.8,9.1,18.5,209.0,0.00356,0.204,6.31,0.0,0.0,13.6
70.9,73.0,68.8,71.8,71.4,72.2,65.2,64.8,65.6,41.2,42.6,39.8,1.0,12.0,0.28,10.4,8.94,17.2,0.261,7.27,7.14,0.0371,1.18,0.875,180.0,170.0,350,150,1000,10.2,25.6,11.8,13.4,14.8,14.1,13.7,15.0,13.1,11.1,14.0,28.4,8.9,17.3,211.0,0.00373,0.197,5.98,0.0,0.0,13.1
62.3,62.2,62.4,69.5,70.6,68.4,61.6,60.2,63.0,42.8,43.4,42.2,0.993,10.8,0.295,9.91,8.67,15.0,0.292,7.26,7.07,0.0363,1.07,0.804,101.0,84.0,160,56,800,7.2,21.8,11.4,12.4,12.1,10.1,10.4,9.3,11.5,12.6,10.4,24.1,9.5,14.8,178.0,0.00272,0.187,7.34,0.0,0.0,13.3
61.8,61.2,62.4,68.8,68.8,68.8,63.6,63.0,64.2,40.6,44.2,37.0,1.01,10.8,0.291,9.71,8.66,14.8,0.288,7.28,7.08,0.0381,1.03,0.812,95.5,79.0,180,64,800,8.5,20.5,11.9,9.9,10.6,12.2,11.5,10.7,11.6,10.1,11.7,25.7,8.2,14.2,177.0,0.00369,0.2,6.04,0.0,0.0,14.1
62.2,63.2,61.2,66.2,64.4,68.0,61.8,62.2,61.4,41.2,39.8,42.6,0.974,11.0,0.261,9.79,8.33,14.4,0.236,6.99,6.35,0.0377,0.376,0.802,87.8,70.0,180,57,800,8.6,22.7,8.6,10.9,11.3,10.1,10.4,10.8,11.1,12.9,9.2,22.4,7.3,14.3,171.0,0.00359,0.19,6.01,0.0,0.0,11.6
71.8,72.4,71.2,64.0,64.0,64.0,64.5,63.4,65.6,39.8,41.6,38.0,1.0,10.9,0.287,9.27,8.8,15.9,0.267,6.92,7.22,0.0376,1.12,0.829,171.0,140.0,230,98,1000,8.7,31.7,14.4,11.8,12.0,13.3,14.4,14.2,12.2,13.4,12.9,25.1,8.4,18.8,211.0,0.00265,0.191,6.98,0.0,0.0,8.4
71.4,68.8,74.0,72.7,73.6,71.8,61.5,61.0,62.0,39.3,40.4,38.2,0.998,12.0,0.276,10.5,8.99,17.6,0.261,7.3,7.15,0.037,1.18,0.88,192.0,190.0,340,140,1000,18.2,24.3,13.7,12.4,14.9,12.2,12.2,12.8,13.7,13.4,12.7,25.1,7.5,18.0,211.0,0.00306,0.194,5.95,0.0,0.0,28.4
57.3,55.2,59.4,65.3,63.8,66.8,51.5,51.4,51.6,40.8,41.4,40.2,0.801,8.75,0.236,7.94,7.1,11.1,0.209,5.99,5.59,0.0373,0.994,0.661,71.3,55.0,130,45,600,5.7,16.4,8.9,7.5,8.3,8.4,6.5,8.5,8.6,8.7,9.0,15.9,6.3,10.9,130.0,0.00348,0.206,7.17,0.0,0.0,13.0
61.1,62.4,59.8,66.0,67.2,64.8,76.5,76.4,76.6,41.5,44.2,38.8,0.914,10.9,0.257,9.56,8.58,14.7,0.234,7.16,6.86,0.037,1.1,0.81,95.0,76.0,230,54,800,7.5,21.3,10.2,10.2,11.4,10.7,11.1,11.1,10.6,12.2,10.4,24.4,7.4,16.3,175.0,0.00389,0.224,7.31,0.0,0.0,13.7
71.9,72.2,71.6,75.0,76.0,74.0,65.2,64.2,66.2,40.5,37.0,44.0,1.07,11.6,0.297,10.1,9.27,17.6,0.28,7.5,7.61,0.0358,1.23,0.868,257.0,210.0,510,130,1000,10.3,27.9,12.3,12.1,13.3,13.2,14.5,13.0,15.3,13.6,13.4,29.9,8.9,18.6,216.0,0.0027,0.198,15.9,0.0,0.0,12.8
59.9,61.2,58.6,70.7,70.8,70.6,61.5,61.2,61.8,40.8,40.2,41.4,1.03,10.9,0.295,9.84,8.71,14.9,0.275,7.31,7.1,0.0371,0.391,0.831,90.3,74.0,160,56,800,9.8,22.5,12.0,14.4,10.8,10.0,12.7,10.3,9.3,10.9,10.3,24.3,9.1,15.3,182.0,0.004,0.198,5.76,0.0,0.0,12.9
61.7,61.0,62.4,69.0,69.4,68.6,61.3,60.8,61.8,40.8,38.2,43.4,0.923,10.6,0.259,9.29,8.66,14.5,0.242,7.01,6.86,0.0381,1.15,0.801,88.5,71.0,160,54,800,8.0,22.9,10.0,10.5,10.6,9.9,10.8,10.5,11.2,10.0,10.1,21.5,7.1,14.2,167.0,0.00259,0.198,6.1,0.0,0.0,12.3
60.1,60.6,59.6,61.1,60.0,62.2,58.7,59.8,57.6,41.4,39.0,43.8,0.984,10.7,0.289,9.45,8.63,14.7,0.267,6.91,6.0,0.0365,0.399,0.777,88.2,72.0,170,55,800,7.8,21.9,10.5,9.9,10.5,11.6,11.8,11.4,10.9,9.9,10.2,22.8,7.4,15.7,172.0,0.00186,0.195,5.91,0.0,0.0,12.4
62.7,63.2,62.2,66.8,66.6,67.0,57.4,58.6,56.2,38.6,36.2,41.0,0.947,10.9,0.241,9.43,8.62,14.2,0.222,7.19,6.96,0.0381,0.377,0.798,95.3,76.0,150,51,800,7.5,21.9,10.5,10.1,11.2,10.3,8.7,12.1,10.6,10.7,10.9,20.7,6.7,15.8,168.0,0.00402,0.201,15.9,0.0,0.0,12.9
53.8,52.6,55.0,63.9,62.4,65.4,53.2,51.8,54.6,41.2,43.8,38.6,0.697,8.67,0.209,8.03,6.94,11.0,0.187,6.2,5.5,0.035,1.08,0.666,69.4,52.0,110,42,600,4.4,17.9,8.2,8.3,8.9,8.8,7.8,7.6,9.3,7.6,6.6,16.3,5.2,11.3,128.0,0.00394,0.199,7.2,0.0,0.0,13.6
61.1,62.8,59.4,63.8,62.0,65.6,62.7,62.2,63.2,39.9,38.8,41.0,0.915,10.6,0.262,9.43,8.59,14.8,0.248,7.13,6.5,0.0372,0.364,0.782,96.6,76.0,140,49,800,8.3,20.4,11.1,12.2,12.7,10.2,10.3,11.2,10.4,10.7,12.7,21.8,7.2,14.6,174.0,0.00365,0.199,7.14,0.0,0.0,14.1
61.3,61.6,61.0,67.2,67.2,67.2,61.1,61.0,61.2,42.7,44.0,41.4,0.939,10.9,0.266,9.39,8.75,14.9,0.251,6.96,6.3,0.0362,1.08,0.793,89.7,70.0,150,53,800,8.0,22.3,11.0,10.7,9.9,9.4,9.4,13.2,11.1,10.0,9.2,23.6,7.5,13.3,169.0,0.00395,0.203,6.38,0.0,0.0,13.5
70.0,69.2,70.8,69.1,68.0,70.2,65.3,65.6,65.0,41.6,37.0,46.2,1.17,11.9,0.302,10.2,9.18,17.2,0.287,7.51,7.8,0.0375,0.539,0.907,145.0,120.0,250,100,1000,9.1,27.2,15.3,11.5,14.7,12.9,12.2,15.3,13.9,11.3,14.8,31.4,9.5,17.7,217.0,0.00387,0.208,6.29,0.0,0.0,13.1
66.7,66.0,67.4,74.8,75.8,73.8,66.9,66.6,67.2,46.3,40.0,52.6,1.08,12.0,0.301,10.1,9.28,17.5,0.29,7.37,7.82,0.0366,1.17,0.889,164.0,130.0,330,100,1000,9.4,25.7,11.3,14.9,12.8,15.8,13.8,13.4,13.7,14.1,13.3,29.9,8.9,17.4,214.0,0.00418,0.209,9.85,0.0,0.0,16.8
63.1,61.6,64.6,73.1,71.4,74.8,61.8,62.0,61.6,41.9,40.6,43.2,1.01,10.6,0.293,9.91,8.81,15.2,0.291,7.29,6.98,0.0365,1.07,0.814,108.0,92.0,170,56,800,8.3,22.4,12.5,10.9,11.7,9.0,11.3,10.1,11.5,11.7,10.3,24.4,9.5,14.2,178.0,0.0035,0.191,12.4,0.0,0.0,24.9
66.2,67.6,64.8,66.9,67.8,66.0,73.8,74.4,73.2,39.5,46.0,33.0,0.906,10.8,0.254,9.19,8.73,14.8,0.231,7.11,6.96,0.0373,1.15,0.805,92.3,75.0,240,81,800,8.1,21.3,11.9,10.8,9.1,10.9,10.5,10.4,10.9,11.9,10.9,23.2,7.3,14.7,172.0,0.00397,0.203,5.91,0.0,0.0,14.3
69.2,69.8,68.6,77.6,77.4,77.8,63.7,63.4,64.0,44.3,50.8,37.8,1.1,11.7,0.32,10.0,9.2,17.4,0.304,7.17,7.72,0.0356,1.12,0.883,183.0,150.0,400,170,1000,8.5,27.7,14.2,13.5,13.8,13.2,14.6,12.3,12.4,13.7,13.0,27.3,8.1,21.0,213.0,0.00387,0.199,9.04,0.0,0.0,17.3
52.0,52.4,51.6,60.1,61.0,59.2,54.3,54.0,54.6,39.9,46.0,33.8,0.773,8.79,0.219,7.49,7.41,10.7,0.201,6.08,5.32,0.0373,1.14,0.681,70.9,48.0,110,36,600,4.5,18.2,7.9,8.6,8.2,8.1,7.6,8.2,8.5,8.7,8.1,19.1,6.0,11.9,134.0,0.00352,0.172,6.74,0.0,0.0,14.2
59.8,59.4,60.2,66.6,65.2,68.0,64.5,64.0,65.0,41.4,42.6,40.2,1.01,10.8,0.28,9.86,8.53,14.6,0.262,7.23,7.07,0.0356,1.05,0.822,85.3,70.0,160,58,800,7.4,21.4,11.1,12.2,11.4,10.1,9.7,9.8,11.3,11.7,11.6,22.9,8.3,15.9,175.0,0.00316,0.207,5.55,0.0,0.0,14.3
62.7,62.0,63.4,66.8,65.8,67.8,61.4,61.2,61.6,38.2,37.0,39.4,0.957,10.6,0.263,9.47,8.75,14.7,0.244,7.13,6.86,0.0363,0.368,0.786,116.0,94.0,210,69,800,6.5,23.9,10.4,11.0,10.0,9.9,11.4,10.3,10.9,9.7,11.1,22.6,7.6,15.4,171.0,0.00336,0.191,5.91,0.0,0.0,12.3
50.2,52.0,48.4,61.3,59.8,62.8,51.5,51.2,51.8,44.3,41.0,47.6,0.746,8.75,0.227,7.87,7.32,11.3,0.219,5.83,4.82,0.038,0.317,0.651,78.1,61.0,150,41,600,5.8,16.0,7.9,9.1,8.3,8.3,9.1,7.4,9.4,8.1,8.4,15.5,5.4,11.6,130.0,0.00358,0.197,19.7,0.0,0.0,19.9
64.1,62.8,65.4,71.1,69.0,73.2,62.4,61.2,63.6,45.6,39.0,52.2,1.11,11.9,0.288,10.8,9.66,16.2,0.272,7.8,7.42,0.0384,1.08,0.927,87.7,71.0,200,76,800,8.7,22.1,11.2,11.3,10.3,11.4,11.4,12.4,9.9,10.5,9.0,25.3,8.9,14.3,177.0,0.00355,0.211,8.96,0.0,0.0,18.7
64.3,64.8,63.8,69.3,70.4,68.2,59.0,61.0,57.0,40.4,43.6,37.2,0.982,10.8,0.295,9.48,8.69,14.9,0.272,6.85,6.07,0.0376,0.404,0.8,90.2,73.0,160,52,800,7.9,21.8,10.6,9.9,10.5,11.3,11.6,11.6,12.0,10.7,10.3,23.6,7.7,14.2,174.0,0.0025,0.194,6.43,0.0,0.0,13.6
50.5,49.0,52.0,64.7,64.6,64.8,53.4,52.0,54.8,36.8,38.4,35.2,0.686,8.72,0.206,8.1,6.88,11.0,0.184,6.01,5.48,0.0364,1.08,0.662,63.6,48.0,120,41,600,5.6,14.1,8.5,7.8,8.5,9.8,8.9,11.2,8.0,8.2,10.5,18.6,5.3,10.1,135.0,0.00409,0.209,6.93,0.0,0.0,13.1
68.6,69.4,67.8,69.8,69.2,70.4,63.7,62.0,65.4,43.7,49.2,38.2,1.09,12.1,0.302,10.5,9.06,17.7,0.273,7.29,7.31,0.0348,1.04,0.89,213.0,190.0,430,160,1000,9.0,25.3,13.1,12.8,14.3,15.4,13.8,12.6,14.1,10.8,14.5,30.6,9.6,16.5,212.0,0.00348,0.189,6.07,0.0,0.0,12.9
52.0,50.8,53.2,65.5,64.0,67.0,55.6,54.8,56.4,42.2,45.6,38.8,0.665,8.58,0.204,8.22,6.78,11.1,0.185,6.05,5.57,0.0363,1.08,0.648,63.2,47.0,140,43,600,5.6,14.6,8.6,7.7,8.7,9.5,9.0,9.9,8.1,7.5,9.3,18.1,5.2,11.2,133.0,0.00335,0.185,7.26,0.0,0.0,14.9
57.8,55.8,59.8,72.9,73.2,72.6,60.3,59.8,60.8,44.2,47.4,41.0,0.981,10.6,0.269,9.69,8.22,14.2,0.239,6.86,6.96,0.0376,0.375,0.776,93.7,77.0,170,59,800,7.5,23.4,9.8,12.2,9.8,9.8,8.9,11.1,12.4,11.2,11.0,21.0,8.5,15.3,172.0,0.00268,0.207,9.19,0.0,0.0,18.7
50.7,50.6,50.8,65.4,63.6,67.2,53.8,52.0,55.6,37.3,42.4,32.2,0.692,8.59,0.208,8.04,6.85,11.0,0.189,6.11,5.52,0.0354,1.09,0.655,65.4,49.0,150,39,600,6.5,16.3,8.9,7.5,8.5,7.9,7.9,7.5,8.7,6.6,7.6,17.7,5.5,12.4,130.0,0.00326,0.214,7.32,0.0,0.0,12.0
61.6,60.4,62.8,67.8,67.6,68.0,62.2,61.6,62.8,45.7,45.6,45.8,1.02,11.2,0.267,10.2,8.74,15.1,0.257,7.1,6.22,0.0382,1.16,0.868,78.4,63.0,150,52,800,7.1,23.4,10.4,12.5,9.8,9.6,11.1,11.6,9.2,10.9,11.5,21.8,9.0,14.3,172.0,0.00307,0.19,8.54,0.0,0.0,17.0
58.1,57.8,58.4,64.6,62.8,66.4,53.4,54.0,52.8,45.5,47.4,43.6,0.766,8.72,0.216,7.52,7.54,11.2,0.199,6.0,5.27,0.037,0.318,0.684,78.2,62.0,120,43,600,6.1,17.4,7.4,8.0,8.0,7.4,7.6,9.2,8.2,9.1,8.7,18.2,5.9,11.9,133.0,0.00409,0.211,9.23,0.0,0.0,17.4
57.0,59.4,54.6,61.6,62.4,60.8,55.4,55.8,55.0,40.3,42.0,38.6,0.794,8.77,0.22,7.35,7.63,10.8,0.205,5.94,5.26,0.0372,1.13,0.687,68.4,46.0,150,36,600,6.0,16.5,8.9,7.5,8.2,7.5,6.8,8.1,7.8,7.9,7.7,16.7,5.9,11.5,127.0,0.00203,0.177,7.23,0.0,0.0,14.5
63.0,61.2,64.8,62.4,61.6,63.2,64.0,63.6,64.4,40.1,34.8,45.4,0.948,10.8,0.26,9.58,8.66,14.7,0.238,7.2,6.9,0.0371,0.382,0.801,95.0,77.0,190,61,800,8.6,24.5,10.7,11.0,10.7,10.3,11.0,10.9,11.6,11.6,10.0,23.5,6.8,16.0,177.0,0.00388,0.195,5.94,0.0,0.0,12.5
73.4,73.4,73.4,70.3,70.2,70.4,65.1,66.4,63.8,46.5,42.0,51.0,1.13,11.9,0.322,10.3,9.07,17.4,0.296,7.47,7.9,0.0364,1.12,0.906,181.0,140.0,390,140,1000,8.9,28.4,12.3,15.0,13.2,14.0,13.5,11.4,12.3,13.4,13.9,27.8,9.8,18.9,213.0,0.00426,0.201,10.6,0.0,0.0,17.1
69.6,71.2,68.0,74.2,75.4,73.0,70.6,71.0,70.2,37.2,39.2,35.2,0.977,11.2,0.285,9.84,8.64,15.7,0.26,6.99,6.94,0.036,1.09,0.806,196.0,160.0,440,100,1000,22.7,27.7,13.0,12.0,15.1,12.7,13.1,14.0,12.6,14.8,12.8,28.1,8.1,19.1,226.0,0.00372,0.222,8.1,0.0,0.0,17.6
72.5,74.0,71.0,73.1,73.0,73.2,62.0,59.4,64.6,41.5,42.6,40.4,1.06,12.0,0.303,9.98,9.31,17.8,0.282,7.37,7.78,0.0371,0.391,0.9,164.0,140.0,410,190,1000,10.0,28.2,12.1,13.3,15.0,13.3,13.6,14.9,14.1,13.2,11.1,27.5,10.6,19.5,216.0,0.0035,0.196,7.1,0.0,0.0,14.4
56.3,55.8,56.8,69.0,69.8,68.2,54.2,57.0,51.4,43.8,36.8,50.8,0.78,8.74,0.214,7.34,7.51,11.0,0.198,5.86,5.21,0.0372,0.315,0.677,85.3,69.0,170,55,600,5.4,16.9,8.6,10.2,9.1,7.8,8.8,9.3,8.5,7.9,9.5,17.5,5.4,10.9,136.0,0.00268,0.198,20.3,0.0,0.0,18.3
62.8,60.4,65.2,72.0,72.2,71.8,60.2,61.4,59.0,37.0,39.8,34.2,1.03,10.7,0.279,9.65,8.57,14.6,0.259,7.23,7.03,0.0365,1.06,0.81,83.9,69.0,160,60,800,7.5,23.0,11.3,11.7,10.4,10.3,8.8,10.3,11.5,12.0,9.8,22.2,7.3,15.2,171.0,0.00323,0.186,5.8,0.0,0.0,13.5
70.2,69.6,70.8,78.5,79.8,77.2,65.1,64.4,65.8,43.8,46.6,41.0,1.16,11.8,0.303,10.5,9.02,17.3,0.275,7.74,7.96,0.0366,1.13,0.906,178.0,170.0,360,120,1000,25.5,30.1,13.1,13.5,14.4,14.6,12.5,13.0,11.7,12.1,15.3,25.0,10.0,16.3,227.0,0.00305,0.196,15.8,0.0,0.0,31.5
62.7,60.6,64.8,70.4,70.0,70.8,63.1,62.4,63.8,38.0,36.0,40.0,1.03,11.1,0.298,10.1,9.03,15.3,0.274,7.43,7.23,0.0391,1.17,0.864,76.5,62.0,160,57,800,9.0,22.7,9.4,10.9,11.9,12.3,10.9,10.8,11.6,8.7,10.8,21.0,8.5,15.3,174.0,0.00333,0.201,3.5,0.0,0.0,8.6
58.3,60.2,56.4,71.5,69.6,73.4,61.3,63.0,59.6,40.4,37.8,43.0,0.975,11.1,0.272,9.76,8.45,14.5,0.246,7.12,6.71,0.0376,1.15,0.797,107.0,88.0,160,48,800,7.7,21.9,12.9,9.8,10.8,11.2,12.8,11.4,11.4,10.0,9.2,24.8,8.6,17.5,180.0,0.00362,0.211,0.0,0.0,0.0,23.5
69.7,70.4,69.0,69.3,69.2,69.4,63.8,63.6,64.0,39.3,40.2,38.4,1.13,11.9,0.307,10.1,9.37,17.5,0.29,7.66,7.79,0.0378,1.22,0.891,147.0,120.0,240,99,1000,9.6,26.5,13.7,11.1,15.0,15.3,14.7,13.1,13.1,13.7,13.7,30.3,10.7,16.9,217.0,0.00462,0.189,5.85,0.0,0.0,14.1
70.0,72.4,67.6,69.1,70.4,67.8,65.1,65.2,65.0,37.5,44.4,30.6,1.09,12.0,0.28,10.6,9.21,17.1,0.255,7.66,7.91,0.0371,1.13,0.885,137.0,100.0,300,120,1000,8.5,26.6,13.5,12.0,15.1,13.2,13.3,13.1,13.2,14.6,13.5,28.7,9.7,18.9,214.0,0.00272,0.203,4.35,0.0,0.0,9.2
54.9,56.4,53.4,67.2,68.0,66.4,51.5,52.8,50.2,43.6,40.2,47.0,0.791,8.63,0.208,7.28,7.54,10.9,0.196,5.96,5.1,0.0379,0.323,0.665,92.5,75.0,130,47,600,6.2,14.6,8.3,8.3,7.5,8.8,6.4,7.5,8.6,8.4,7.2,19.5,7.2,12.1,131.0,0.00397,0.192,12.7,0.0,0.0,26.9
60.4,60.8,60.0,70.0,68.4,71.6,59.9,61.2,58.6,37.5,38.0,37.0,0.821,9.64,0.219,8.5,7.28,12.1,0.21,6.13,5.66,0.0373,0.329,0.701,99.7,80.0,160,53,800,7.9,23.1,11.6,10.7,9.7,9.6,12.7,11.2,9.2,11.5,11.0,23.1,7.9,15.7,175.0,0.00246,0.186,8.23,0.0,0.0,8.96
55.4,57.6,53.2,68.0,68.6,67.4,53.1,52.8,53.4,44.4,52.2,36.6,0.752,8.57,0.204,7.79,6.8,10.7,0.186,5.73,5.08,0.0374,1.06,0.672,65.1,51.0,150,48,600,5.1,17.9,7.2,8.9,8.0,7.7,7.7,8.8,7.1,7.2,9.2,16.2,5.0,11.4,127.0,0.00355,0.198,11.3,0.0,0.0,18.5
68.3,67.2,69.4,73.3,76.8,69.8,66.5,67.8,65.2,46.1,45.2,47.0,1.04,11.8,0.29,10.3,8.99,17.1,0.286,7.36,7.83,0.0371,1.17,0.881,151.0,120.0,280,87,1000,9.5,26.5,14.0,14.4,13.2,12.6,14.6,12.3,12.2,14.4,13.4,30.8,9.8,17.2,215.0,0.00548,0.215,10.4,0.0,0.0,16.5
61.2,60.6,61.8,73.9,74.2,73.6,61.1,61.0,61.2,43.9,38.0,49.8,0.964,10.6,0.258,9.48,7.99,13.9,0.241,7.01,6.91,0.0376,1.17,0.805,90.6,75.0,170,59,800,6.6,24.1,10.9,11.8,11.3,10.8,11.2,10.0,12.1,12.2,10.9,24.1,8.9,13.7,179.0,0.00402,0.204,9.66,0.0,0.0,18.6
50.9,51.6,50.2,58.2,61.0,55.4,50.7,49.6,51.8,40.3,41.4,39.2,0.713,8.57,0.201,8.02,7.26,10.8,0.186,5.7,4.76,0.0379,0.921,0.644,76.1,55.0,110,35,600,5.9,16.8,7.1,8.8,7.2,7.2,9.2,7.6,8.9,7.2,9.7,16.8,5.5,11.1,129.0,0.0032,0.2,12.6,0.0,0.0,25.7
70.3,71.2,69.4,73.7,73.4,74.0,63.6,61.8,65.4,45.0,46.0,44.0,1.06,11.6,0.296,9.95,8.99,17.5,0.27,7.29,7.47,0.037,0.398,0.881,190.0,170.0,400,170,1000,9.3,29.1,13.4,13.3,12.8,12.7,12.0,13.3,12.9,11.3,12.8,30.1,9.2,16.1,208.0,0.00417,0.199,7.48,0.0,0.0,19.5
62.5,64.0,61.0,64.2,64.6,63.8,60.1,60.6,59.6,41.3,41.0,41.6,0.923,11.0,0.243,9.83,8.13,14.0,0.224,7.05,6.09,0.0377,1.17,0.798,79.7,63.0,140,53,800,8.4,22.6,13.2,11.6,10.7,9.0,11.4,9.0,11.6,10.5,12.7,23.8,7.2,13.9,176.0,0.0048,0.208,6.97,0.0,0.0,13.8
62.2,60.6,63.8,60.5,60.8,60.2,60.8,61.2,60.4,42.5,50.6,34.4,1.17,12.3,0.317,10.9,10.0,16.7,0.302,8.15,8.06,0.0366,1.1,0.945,81.1,66.0,160,60,800,7.8,21.4,12.1,10.6,10.9,12.2,12.1,9.9,10.8,9.1,11.3,22.5,7.0,15.6,173.0,0.0032,0.199,6.0,0.0,0.0,14.1
60.9,60.2,61.6,69.4,70.4,68.4,62.5,62.0,63.0,38.5,40.6,36.4,0.936,10.8,0.242,9.89,8.14,14.2,0.221,6.97,6.2,0.0377,1.17,0.799,81.2,65.0,160,55,800,7.3,24.2,10.5,10.5,10.9,9.1,12.3,10.8,10.9,11.6,11.2,22.5,7.4,15.0,174.0,0.00471,0.191,6.82,0.0,0.0,14.2
66.8,67.0,66.6,63.5,62.6,64.4,59.5,59.2,59.8,40.5,40.8,40.2,0.996,11.4,0.27,10.5,8.92,15.5,0.252,7.27,6.31,0.0385,1.19,0.879,79.4,63.0,220,61,800,7.1,21.8,12.1,10.5,11.2,11.2,11.8,11.5,11.3,10.3,11.1,22.1,6.7,14.9,174.0,0.00536,0.202,6.04,0.0,0.0,13.6
71.2,72.4,70.0,74.5,74.0,75.0,59.8,59.4,60.2,44.7,48.8,40.6,1.14,11.8,0.325,10.4,9.32,17.5,0.313,7.38,7.93,0.0353,1.13,0.915,186.0,150.0,430,190,1000,10.1,27.5,11.9,12.5,11.2,13.2,13.8,11.4,12.1,14.7,14.8,27.1,9.1,17.4,207.0,0.00354,0.213,7.13,0.0,0.0,18.9
51.9,52.0,51.8,61.2,59.0,63.4,51.1,49.6,52.6,45.9,48.0,43.8,0.828,9.14,0.229,7.7,8.26,11.8,0.212,6.34,5.85,0.0364,1.06,0.722,66.9,52.0,110,40,600,4.1,16.6,7.4,9.7,9.1,7.2,8.8,8.9,8.4,8.7,6.5,15.6,4.9,10.6,127.0,0.00271,0.208,10.1,0.0,0.0,17.3
62.7,62.2,63.2,67.7,68.8,66.6,62.4,60.4,64.4,41.9,44.2,39.6,0.961,10.6,0.263,9.46,8.62,14.6,0.247,6.98,6.74,0.0382,0.365,0.786,110.0,89.0,210,69,800,7.1,23.5,10.0,10.2,10.4,9.0,10.9,12.3,11.9,9.3,10.1,20.4,7.4,16.5,169.0,0.00322,0.195,5.96,0.0,0.0,13.2
62.2,62.6,61.8,70.3,70.6,70.0,61.0,60.4,61.6,40.6,38.8,42.4,1.0,11.3,0.265,9.95,9.51,15.5,0.25,7.29,6.87,0.0376,1.12,0.873,84.1,68.0,140,57,800,7.5,21.6,10.0,11.8,11.6,11.5,9.1,10.6,9.9,10.4,11.0,21.3,6.8,14.9,168.0,0.00354,0.225,7.26,0.0,0.0,14.3
69.2,69.6,68.8,71.8,70.0,73.6,66.7,66.8,66.6,40.7,34.4,47.0,1.07,11.7,0.302,10.3,8.93,17.4,0.265,7.25,7.5,0.0362,1.03,0.869,179.0,140.0,230,110,1000,9.5,25.7,12.6,13.2,13.2,15.3,15.3,14.7,11.7,14.2,14.5,30.8,9.3,17.9,218.0,0.00349,0.204,6.94,0.0,0.0,12.2
52.4,52.8,52.0,64.7,65.2,64.2,53.7,52.6,54.8,45.7,45.8,45.6,0.753,8.59,0.217,7.77,7.23,11.0,0.19,5.91,5.67,0.0378,0.964,0.657,70.0,54.0,140,49,600,5.7,18.8,7.9,8.0,8.5,6.4,9.5,10.2,8.5,8.5,7.4,18.3,5.9,10.6,134.0,0.00322,0.199,7.64,0.0,0.0,18.6
73.1,73.4,72.8,68.9,69.6,68.2,62.9,64.0,61.8,40.7,42.8,38.6,1.1,11.8,0.325,9.94,9.37,17.6,0.293,7.12,6.9,0.0373,1.11,0.883,160.0,130.0,300,120,1000,11.9,29.8,13.0,12.3,13.7,12.2,11.9,14.4,12.0,12.8,12.4,25.2,9.2,19.4,210.0,0.00422,0.192,6.21,0.0,0.0,13.3
59.0,59.8,58.2,66.2,70.2,62.2,54.1,54.2,54.0,44.5,42.4,46.6,0.759,8.83,0.219,7.46,7.55,11.2,0.196,5.9,5.16,0.0364,0.316,0.671,81.1,65.0,140,45,600,6.3,18.4,8.3,9.5,8.4,7.5,8.3,9.0,8.5,8.0,8.1,17.8,5.0,10.9,134.0,0.00323,0.187,12.5,0.0,0.0,18.1
62.7,65.4,60.0,68.9,71.0,66.8,60.2,58.6,61.8,39.2,41.2,37.2,0.909,10.7,0.254,9.53,8.7,14.6,0.237,7.11,6.75,0.0361,1.1,0.803,92.8,74.0,230,62,800,8.1,21.5,11.2,10.1,11.7,10.5,11.0,10.4,10.6,11.0,11.3,23.1,7.4,16.0,174.0,0.00397,0.195,5.78,0.0,0.0,11.9
62.8,63.2,62.4,69.0,69.8,68.2,59.4,57.6,61.2,44.7,47.4,42.0,0.954,10.8,0.275,9.44,8.89,15.0,0.257,6.9,6.63,0.0361,1.12,0.83,90.3,73.0,160,46,800,8.3,24.7,8.6,10.7,11.0,10.0,10.7,10.9,10.2,10.8,11.9,20.5,7.3,14.5,170.0,0.00279,0.19,10.3,0.0,0.0,20.1
68.8,69.4,68.2,67.2,67.4,67.0,63.2,60.4,66.0,37.7,39.8,35.6,1.07,11.6,0.301,10.2,9.06,16.9,0.276,7.2,7.52,0.0371,1.17,0.884,201.0,130.0,310,97,1000,8.9,30.1,13.2,13.3,13.5,12.7,13.6,12.7,13.0,12.6,11.9,27.1,8.0,18.2,209.0,0.0034,0.199,2.89,0.0,0.0,10.4
58.2,56.4,60.0,68.5,67.6,69.4,58.7,60.8,56.6,38.3,34.6,42.0,0.997,11.0,0.269,10.3,8.21,14.3,0.257,7.2,6.56,0.0381,1.13,0.833,74.5,61.0,150,54,800,7.8,20.9,10.7,10.9,10.1,12.0,9.5,11.3,12.2,10.8,11.9,23.5,8.0,18.1,178.0,0.00349,0.214,2.99,0.0,0.0,8.71
62.9,64.2,61.6,72.3,71.6,73.0,62.9,62.4,63.4,45.1,44.8,45.4,0.972,10.6,0.264,9.69,8.09,14.2,0.245,6.95,6.82,0.0377,1.17,0.812,90.1,74.0,190,61,800,7.7,20.9,10.4,11.7,11.6,10.9,12.9,10.8,11.3,11.1,10.5,23.6,7.9,13.8,175.0,0.00474,0.213,10.5,0.0,0.0,18.5
62.1,60.0,64.2,65.4,67.2,63.6,59.7,61.8,57.6,38.2,35.8,40.6,0.867,9.64,0.245,8.5,7.8,12.7,0.245,6.25,5.92,0.037,0.346,0.726,94.6,75.0,130,51,800,7.4,24.6,10.3,11.0,11.7,9.6,11.3,11.1,10.5,10.5,10.5,23.9,9.3,15.9,178.0,0.00349,0.187,9.54,0.0,0.0,8.92
62.1,64.4,59.8,69.2,65.6,72.8,60.9,60.6,61.2,39.0,34.6,43.4,0.774,9.21,0.217,8.39,7.2,11.8,0.201,6.01,5.54,0.0372,0.325,0.688,106.0,87.0,130,52,800,8.6,23.2,11.1,10.9,11.1,11.3,12.5,11.0,9.1,12.1,11.2,25.2,7.7,14.5,180.0,0.00341,0.202,6.79,0.0,0.0,17.7
68.8,70.2,67.4,73.5,74.2,72.8,64.1,63.4,64.8,40.5,38.4,42.6,1.14,11.8,0.305,10.1,9.21,17.4,0.294,7.47,7.9,0.0385,1.21,0.904,150.0,120.0,330,110,1000,9.4,27.1,12.0,13.2,13.9,15.4,13.8,12.7,15.1,13.1,13.9,29.8,10.1,16.7,216.0,0.00328,0.203,6.79,0.0,0.0,13.5
71.5,71.2,71.8,73.0,72.4,73.6,65.4,65.2,65.6,41.2,41.6,40.8,0.967,11.7,0.285,10.0,9.04,17.6,0.266,7.29,7.44,0.037,1.18,0.885,160.0,140.0,310,120,1000,11.0,27.8,14.5,12.3,14.4,12.8,14.6,12.4,14.4,13.2,12.1,27.5,8.6,19.6,215.0,0.00321,0.201,5.79,0.0,0.0,14.5
61.2,59.6,62.8,64.6,64.0,65.2,60.9,59.4,62.4,37.8,43.4,32.2,0.949,10.7,0.264,9.47,8.64,14.8,0.249,6.97,6.73,0.0381,0.359,0.787,105.0,84.0,180,56,800,7.9,23.1,10.6,9.1,10.8,9.0,10.9,13.0,13.4,11.9,9.6,22.2,7.8,16.1,175.0,0.00325,0.186,5.98,0.0,0.0,12.3
59.5,58.8,60.2,56.6,55.8,57.4,62.0,61.2,62.8,42.5,35.6,49.4,1.07,12.2,0.304,10.8,10.0,17.0,0.282,7.79,6.92,0.0374,1.13,0.928,83.0,64.0,130,52,800,6.5,20.5,10.8,10.5,10.8,11.6,11.8,11.5,10.9,12.0,11.7,23.2,7.7,15.1,175.0,0.0038,0.204,5.93,0.0,0.0,14.8
49.5,46.2,52.8,61.8,61.4,62.2,52.9,52.0,53.8,40.0,39.2,40.8,0.774,8.82,0.221,7.93,7.12,11.3,0.207,6.08,5.57,0.0375,1.08,0.66,70.4,57.0,110,39,600,5.3,16.1,8.4,8.5,8.9,9.6,7.6,8.6,7.8,7.3,8.5,19.2,5.7,11.3,133.0,0.0041,0.2,15.5,0.0,0.0,13.1
52.7,49.6,55.8,60.3,60.2,60.4,53.8,54.4,53.2,39.7,39.8,39.6,0.787,8.74,0.214,7.92,7.26,10.8,0.211,6.1,5.43,0.0367,1.14,0.685,79.7,53.0,110,43,600,6.7,18.5,6.8,8.3,8.2,9.4,9.6,10.6,7.4,8.7,8.4,20.1,6.5,10.4,140.0,0.00274,0.199,7.04,0.0,0.0,13.9
59.2,58.0,60.4,43.6,41.4,45.8,60.3,62.2,58.4,44.4,51.8,37.0,1.13,12.3,0.302,10.8,9.71,16.7,0.281,7.53,6.92,0.0374,1.16,0.96,89.6,72.0,180,57,800,7.1,21.4,8.2,9.8,12.0,11.5,12.4,11.9,9.7,11.1,11.4,21.7,7.9,15.0,171.0,0.00361,0.183,15.3,0.0,0.0,22.7
69.4,70.6,68.2,70.3,71.4,69.2,60.6,59.4,61.8,39.6,45.2,34.0,1.11,11.8,0.299,10.4,9.01,17.6,0.268,7.3,7.21,0.0351,1.03,0.898,222.0,190.0,410,120,1000,9.1,27.4,12.5,12.0,12.9,13.0,12.9,12.4,13.9,12.6,13.7,29.4,10.3,19.1,211.0,0.00335,0.187,5.84,0.0,0.0,14.1
59.7,57.8,61.6,72.8,73.0,72.6,60.7,58.4,63.0,44.3,44.2,44.4,0.978,10.6,0.264,9.5,8.24,14.2,0.251,6.96,6.88,0.0375,0.374,0.792,103.0,85.0,160,56,800,8.4,22.1,10.0,10.7,10.3,11.2,10.7,12.3,11.9,10.2,10.5,21.7,7.4,15.2,173.0,0.00324,0.197,9.56,0.0,0.0,18.7
54.9,52.0,57.8,68.9,68.0,69.8,54.4,53.0,55.8,46.3,42.2,50.4,0.757,8.58,0.223,7.67,7.36,11.3,0.202,5.94,5.39,0.0371,1.08,0.669,70.5,55.0,120,44,600,5.1,16.8,7.9,9.1,8.0,8.4,8.8,7.1,7.5,7.5,8.4,16.7,5.6,11.0,128.0,0.00272,0.178,11.4,0.0,0.0,17.8
63.5,63.2,63.8,71.9,71.2,72.6,74.2,73.4,75.0,44.9,43.8,46.0,0.974,10.8,0.25,9.67,8.39,14.0,0.228,6.98,6.56,0.0364,0.545,0.791,86.8,69.0,200,65,800,7.5,21.7,11.1,11.1,11.9,12.1,10.7,11.0,10.2,13.2,10.2,24.4,7.9,15.0,178.0,0.00371,0.22,9.13,0.0,0.0,18.1
61.1,61.6,60.6,67.7,65.2,70.2,60.8,62.4,59.2,40.3,37.0,43.6,0.958,11.0,0.26,9.93,8.42,14.3,0.235,6.97,6.53,0.0386,0.378,0.808,90.9,73.0,180,58,800,7.5,23.4,10.3,11.3,11.5,10.2,10.4,11.6,10.2,10.8,10.9,22.2,7.0,15.6,173.0,0.00384,0.216,7.35,0.0,0.0,13.4
72.1,73.8,70.4,64.6,62.8,66.4,61.5,60.4,62.6,40.2,44.4,36.0,1.09,11.7,0.321,10.1,9.38,17.6,0.297,7.14,6.75,0.0374,1.11,0.88,162.0,130.0,390,160,1000,10.8,29.0,11.7,12.7,12.5,10.0,12.9,14.6,11.9,13.4,13.4,26.2,9.3,20.5,209.0,0.00488,0.208,6.94,0.0,0.0,13.5
61.2,59.6,62.8,67.3,67.0,67.6,61.8,62.0,61.6,41.2,39.0,43.4,0.966,10.7,0.264,9.32,8.58,14.1,0.246,6.68,6.01,0.0374,1.25,0.804,81.4,66.0,150,50,800,6.9,25.2,12.6,11.3,12.2,10.9,10.2,10.9,10.7,10.5,10.4,23.9,7.1,14.9,178.0,0.0043,0.194,6.92,0.0,0.0,14.5
54.9,56.0,53.8,61.7,63.4,60.0,52.0,52.2,51.8,40.2,40.4,40.0,0.815,8.78,0.227,7.91,7.09,10.9,0.2,6.12,5.64,0.0381,0.326,0.66,83.4,66.0,140,40,600,5.1,15.5,9.9,8.2,8.7,9.2,7.3,7.8,8.7,7.4,8.5,17.3,6.2,11.5,131.0,0.00369,0.189,10.1,0.0,0.0,21.4
57.2,54.8,59.6,71.8,73.4,70.2,59.7,58.2,61.2,46.3,49.6,43.0,0.955,10.7,0.27,9.4,8.46,14.3,0.25,7.02,6.93,0.0376,1.15,0.784,114.0,96.0,160,59,800,8.7,21.4,11.9,9.3,10.5,10.4,10.4,10.3,11.4,12.5,11.6,21.1,7.0,13.6,170.0,0.00317,0.197,17.2,0.0,0.0,17.5
70.5,68.8,72.2,69.4,71.0,67.8,63.6,64.8,62.4,37.3,35.6,39.0,1.11,11.8,0.319,10.2,9.15,17.5,0.292,7.11,6.91,0.0373,1.13,0.908,185.0,160.0,420,140,1000,11.8,27.5,12.0,11.9,12.9,14.2,12.3,13.7,13.5,12.2,14.0,27.4,10.4,19.1,213.0,0.00265,0.197,7.35,0.0,0.0,13.9
63.1,62.4,63.8,72.3,73.6,71.0,61.9,62.0,61.8,40.1,32.0,48.2,1.04,10.9,0.281,9.68,8.46,14.6,0.268,7.33,7.03,0.0368,0.388,0.819,87.9,72.0,180,61,800,6.0,22.2,12.3,11.4,13.2,10.5,11.1,10.0,9.9,10.9,11.3,23.1,7.8,14.7,174.0,0.00327,0.214,6.52,0.0,0.0,12.7
54.9,51.4,58.4,56.0,56.6,55.4,53.6,51.4,55.8,40.0,36.8,43.2,0.807,8.66,0.219,7.51,7.35,10.9,0.202,6.09,5.38,0.0362,1.13,0.686,72.5,49.0,110,34,600,5.4,19.1,6.4,8.1,7.4,8.0,7.6,8.1,8.3,8.4,7.7,18.3,6.9,10.5,130.0,0.00364,0.174,6.24,0.0,0.0,12.8
60.8,61.0,60.6,75.0,77.0,73.0,60.2,60.6,59.8,44.5,43.2,45.8,0.971,10.7,0.269,9.48,8.76,14.8,0.248,6.92,6.69,0.0371,0.38,0.791,112.0,89.0,240,69,800,6.2,23.6,10.4,9.8,11.8,11.7,10.4,11.6,13.4,11.1,12.3,22.7,6.5,13.9,175.0,0.00329,0.203,10.2,0.0,0.0,48.7
53.6,52.8,54.4,62.9,66.2,59.6,71.9,71.4,72.4,43.2,43.2,43.2,0.781,8.61,0.221,7.61,7.52,11.2,0.204,5.89,5.3,0.0379,1.08,0.678,74.6,59.0,150,46,600,4.3,15.7,7.7,7.6,7.7,9.1,8.9,8.5,10.3,7.3,7.4,19.1,6.6,12.2,132.0,0.00349,0.198,9.57,0.0,0.0,18.6
50.2,52.6,47.8,74.8,73.4,76.2,50.1,48.0,52.2,57.2,55.0,59.4,0.752,8.43,0.204,7.64,6.83,10.4,0.189,5.59,5.18,0.0381,1.08,0.638,98.1,67.0,160,52,600,5.6,17.3,7.5,7.9,8.4,8.0,7.9,8.6,9.2,9.7,6.6,15.7,5.2,10.8,128.0,0.00407,0.217,15.9,0.0,0.0,26.7
71.3,73.2,69.4,64.9,65.2,64.6,63.3,62.8,63.8,39.5,42.4,36.6,1.09,11.6,0.326,10.1,9.48,17.7,0.295,7.01,6.78,0.0365,0.381,0.875,164.0,130.0,480,180,1000,8.4,27.9,11.9,12.7,12.6,10.1,15.3,13.2,11.7,13.7,14.5,27.7,8.5,18.8,207.0,0.00363,0.189,7.01,0.0,0.0,13.3
59.3,57.8,60.8,71.7,73.4,70.0,66.5,68.2,64.8,45.7,44.0,47.4,0.944,10.7,0.264,9.37,8.66,14.6,0.244,7.0,7.0,0.0373,0.365,0.805,99.6,80.0,160,63,800,8.5,22.7,10.6,11.5,11.2,11.0,11.0,9.2,11.1,10.0,12.3,22.6,7.6,12.5,172.0,0.00374,0.207,9.18,0.0,0.0,17.6
62.1,61.4,62.8,68.8,67.2,70.4,60.2,61.6,58.8,40.1,39.4,40.8,0.969,11.1,0.262,10.0,8.47,14.5,0.242,7.21,6.63,0.0384,0.511,0.791,101.0,82.0,170,51,800,8.1,23.8,12.3,9.7,10.9,10.0,11.5,12.4,10.5,11.1,10.0,20.9,7.2,15.9,174.0,0.00362,0.19,12.9,0.0,0.0,12.6
55.4,57.6,53.2,61.7,63.2,60.2,55.0,55.6,54.4,40.6,45.0,36.2,0.716,8.63,0.218,7.73,6.97,11.1,0.197,5.96,5.58,0.0381,1.19,0.651,70.9,49.0,130,44,600,5.8,16.6,7.1,8.2,7.7,9.2,7.9,9.9,7.6,7.6,7.8,16.8,6.2,12.5,131.0,0.00327,0.21,5.92,0.0,0.0,12.0
69.8,70.4,69.2,73.7,72.8,74.6,65.5,64.8,66.2,41.4,41.0,41.8,1.09,11.8,0.296,10.5,9.04,17.6,0.265,7.39,7.42,0.0361,1.03,0.898,183.0,140.0,270,100,1000,9.4,27.9,13.0,12.9,11.7,15.0,13.2,14.4,13.5,13.2,13.4,30.5,9.3,18.2,216.0,0.00216,0.213,6.35,0.0,0.0,13.1
69.4,67.2,71.6,75.9,75.8,76.0,64.5,67.2,61.8,45.4,48.4,42.4,1.11,11.8,0.322,10.2,9.27,17.5,0.308,7.28,7.95,0.0375,1.13,0.891,185.0,160.0,390,160,1000,9.3,26.1,14.9,14.2,13.1,14.0,14.5,13.8,12.7,14.4,12.9,27.2,8.2,19.2,215.0,0.00382,0.215,8.08,0.0,0.0,18.5
52.5,53.2,51.8,65.4,66.8,64.0,51.5,49.8,53.2,40.4,35.6,45.2,0.805,8.9,0.218,8.4,7.06,11.2,0.198,6.33,5.82,0.0372,1.08,0.708,61.5,48.0,130,40,600,5.1,18.1,7.0,8.9,7.7,9.5,8.0,7.0,9.2,7.8,8.9,16.9,5.6,9.0,129.0,0.00365,0.192,5.98,0.0,0.0,14.1
52.0,51.6,52.4,65.8,64.2,67.4,50.7,51.2,50.2,43.6,49.2,38.0,0.77,8.62,0.218,7.36,7.81,11.3,0.2,6.05,5.65,0.0373,1.04,0.674,67.8,53.0,120,43,600,5.1,18.8,8.7,8.4,9.2,6.7,7.0,7.9,9.8,8.1,7.2,14.9,5.4,10.9,128.0,0.0034,0.198,9.55,0.0,0.0,18.2
58.9,59.4,58.4,73.3,73.0,73.6,63.1,64.6,61.6,44.3,41.6,47.0,0.942,10.6,0.246,9.39,8.36,14.3,0.226,6.89,6.56,0.0381,0.358,0.788,88.0,70.0,170,66,800,6.3,23.9,10.3,10.2,11.4,11.6,11.2,10.8,10.8,11.0,11.7,24.0,8.1,14.5,176.0,0.00316,0.206,7.53,0.0,0.0,18.1
53.3,51.4,55.2,64.4,62.8,66.0,52.0,54.2,49.8,45.5,49.8,41.2,0.772,8.52,0.22,7.75,7.13,10.9,0.204,6.06,5.49,0.0371,0.312,0.651,87.6,71.0,130,44,600,4.8,14.4,10.5,8.3,8.6,8.7,9.5,8.3,8.3,8.3,9.2,18.4,6.2,11.0,135.0,0.00352,0.196,16.8,0.0,0.0,18.2
67.2,67.6,66.8,64.2,65.8,62.6,60.9,61.6,60.2,42.6,48.6,36.6,0.949,10.6,0.253,9.43,8.51,14.6,0.235,7.16,7.0,0.0361,1.11,0.796,129.0,100.0,320,78,800,26.2,23.2,12.0,11.2,9.4,10.5,10.0,10.8,10.8,10.3,12.9,20.7,6.7,16.3,191.0,0.00341,0.192,9.74,0.0,0.0,22.1
66.6,68.2,65.0,72.0,72.6,71.4,67.4,67.2,67.6,40.8,35.2,46.4,1.08,11.8,0.295,10.4,8.9,17.4,0.27,7.26,7.51,0.0352,1.03,0.86,176.0,140.0,300,110,1000,10.2,26.4,12.8,14.2,13.9,15.4,15.3,14.5,11.8,14.7,15.0,28.4,8.6,17.9,219.0,0.00284,0.203,5.68,0.0,0.0,13.6
50.9,50.2,51.6,68.8,69.2,68.4,50.8,49.4,52.2,49.5,53.2,45.8,0.678,8.65,0.201,7.6,7.18,10.8,0.183,5.66,5.37,0.0378,0.305,0.64,73.1,56.0,120,38,600,5.4,18.8,6.8,7.7,9.2,8.2,9.4,7.9,7.5,8.3,9.8,14.9,4.5,11.4,130.0,0.00334,0.196,14.5,0.0,0.0,24.1
61.1,62.2,60.0,67.5,67.6,67.4,61.0,61.4,60.6,35.9,34.6,37.2,1.07,11.8,0.278,10.2,9.6,15.8,0.26,7.74,7.32,0.036,1.13,0.909,76.3,61.0,180,54,800,7.4,23.0,9.8,11.4,10.8,11.8,10.9,12.1,11.1,11.6,11.0,22.8,8.1,15.2,177.0,0.00517,0.207,3.73,0.0,0.0,8.7
65.8,66.6,65.0,68.7,68.0,69.4,59.5,59.2,59.8,41.5,39.0,44.0,0.896,10.8,0.256,9.11,8.63,14.6,0.244,7.13,6.9,0.0383,1.15,0.805,86.2,69.0,160,60,800,8.3,23.2,11.9,8.8,10.0,11.3,11.0,9.2,12.1,9.8,12.4,20.0,6.9,15.1,170.0,0.00322,0.193,7.09,0.0,0.0,13.8
55.4,57.0,53.8,57.8,59.4,56.2,53.0,52.6,53.4,33.9,36.2,31.6,0.705,8.19,0.218,7.34,6.87,10.4,0.201,5.62,4.83,0.0381,0.308,0.62,62.8,46.0,110,35,600,6.8,17.4,7.9,8.0,7.4,8.3,9.4,6.9,7.3,6.2,9.4,17.4,5.8,11.5,130.0,0.00315,0.205,5.71,0.0,0.0,7.83
61.9,62.0,61.8,71.2,72.8,69.6,61.4,62.0,60.8,43.8,37.2,50.4,0.929,10.6,0.261,9.36,8.74,14.6,0.242,7.07,6.84,0.0371,1.07,0.806,98.8,79.0,240,75,800,8.7,21.2,10.3,13.6,11.3,10.4,9.3,10.4,9.4,11.4,12.2,21.7,5.2,14.3,169.0,0.00352,0.21,9.06,0.0,0.0,17.5
63.1,63.2,63.0,67.4,67.6,67.2,59.2,57.6,60.8,41.2,39.6,42.8,0.954,10.7,0.273,9.32,8.63,14.4,0.255,6.83,6.05,0.0374,1.24,0.797,84.3,68.0,180,66,800,8.6,24.8,10.3,11.4,10.9,10.6,10.4,10.2,9.2,11.5,11.6,23.3,7.6,15.3,176.0,0.0023,0.209,7.5,0.0,0.0,15.0
59.0,59.8,58.2,69.9,70.8,69.0,63.1,62.0,64.2,42.1,46.8,37.4,0.969,11.0,0.264,9.83,8.45,14.4,0.242,7.09,6.61,0.0382,0.384,0.808,95.8,77.0,150,53,800,7.2,21.5,12.5,9.8,10.4,11.6,12.0,11.1,8.2,11.4,10.5,21.8,7.1,15.0,170.0,0.00392,0.203,15.8,0.0,0.0,15.0
57.7,58.6,56.8,70.8,71.2,70.4,59.2,59.2,59.2,39.0,38.8,39.2,0.975,10.8,0.244,9.42,8.56,13.9,0.225,7.25,6.88,0.0372,0.374,0.809,99.0,79.0,150,48,800,8.5,23.8,12.1,9.5,9.8,10.0,10.0,10.4,10.7,10.8,10.1,21.2,6.8,15.5,169.0,0.00332,0.183,14.3,0.0,0.0,29.9
59.2,56.8,61.6,64.6,64.0,65.2,61.2,62.2,60.2,41.1,40.2,42.0,0.968,11.0,0.257,9.89,8.32,14.4,0.237,7.11,6.29,0.0394,0.381,0.819,85.1,67.0,130,46,800,6.7,22.8,9.1,11.6,10.3,9.4,11.4,10.4,12.2,13.4,10.5,24.3,7.6,16.0,176.0,0.00413,0.206,5.54,0.0,0.0,12.7
62.9,64.8,61.0,65.7,62.6,68.8,58.5,56.6,60.4,40.3,37.2,43.4,0.955,10.5,0.259,9.5,8.72,14.6,0.242,7.17,6.9,0.0371,0.367,0.801,119.0,96.0,150,59,800,7.9,23.8,12.0,10.8,10.1,10.0,10.6,10.2,12.0,10.3,13.5,23.6,7.6,15.6,178.0,0.0041,0.198,12.6,0.0,0.0,27.3
67.7,65.6,69.8,71.9,72.2,71.6,66.4,65.6,67.2,45.4,47.0,43.8,1.08,11.8,0.298,10.3,9.31,17.4,0.283,7.15,6.79,0.0374,1.17,0.866,160.0,120.0,240,99,1000,10.3,29.0,13.7,15.1,13.2,14.3,13.4,13.3,14.8,11.5,13.3,30.0,10.5,18.0,220.0,0.00296,0.176,9.96,0.0,0.0,17.8
62.5,60.6,64.4,67.5,66.8,68.2,74.6,74.2,75.0,40.1,41.8,38.4,1.02,10.8,0.274,9.7,8.47,14.7,0.255,7.17,7.15,0.0366,0.704,0.812,86.2,71.0,160,58,800,7.7,20.2,10.7,12.0,12.2,10.4,10.6,10.2,10.6,10.4,12.6,22.8,8.6,14.7,174.0,0.00315,0.195,5.54,0.0,0.0,13.9
63.0,62.0,64.0,68.9,67.0,70.8,58.4,58.6,58.2,44.3,45.4,43.2,0.941,10.8,0.265,9.58,8.6,14.5,0.247,7.26,6.94,0.0372,0.381,0.81,107.0,89.0,160,62,800,7.9,23.8,11.4,9.9,11.7,9.9,12.5,9.8,10.8,10.5,11.9,24.7,7.8,16.9,180.0,0.00403,0.205,6.02,0.0,0.0,13.7
51.9,50.2,53.6,65.7,65.6,65.8,54.2,54.0,54.4,45.0,43.0,47.0,0.748,8.8,0.22,7.91,7.18,11.2,0.2,5.97,5.33,0.0385,0.326,0.664,82.6,64.0,150,43,600,6.4,17.6,7.9,8.0,8.6,8.1,8.9,8.2,6.6,8.1,7.1,16.8,5.4,11.5,129.0,0.00249,0.199,16.1,0.0,0.0,0.0
73.3,72.8,73.8,72.5,74.0,71.0,61.3,60.0,62.6,45.4,45.4,45.4,1.04,11.7,0.29,10.2,8.99,17.6,0.26,7.23,7.55,0.0363,1.21,0.882,193.0,170.0,620,240,1000,8.0,24.1,14.0,14.1,12.5,12.2,11.9,12.3,14.0,13.9,13.2,27.8,10.3,17.0,205.0,0.00301,0.189,9.91,0.0,0.0,17.4
70.3,68.2,72.4,69.8,69.4,70.2,68.9,68.0,69.8,40.9,41.4,40.4,0.975,11.6,0.284,10.0,9.07,17.6,0.259,7.29,7.53,0.037,1.17,0.859,161.0,140.0,320,120,1000,12.0,27.5,13.4,14.5,13.5,14.2,13.4,13.3,11.7,14.5,13.1,28.6,8.0,17.4,215.0,0.00327,0.192,5.93,0.0,0.0,12.5
63.7,63.8,63.6,68.6,69.4,67.8,62.9,62.8,63.0,45.0,35.4,54.6,0.956,10.8,0.263,9.43,9.1,14.9,0.243,6.8,6.08,0.0363,1.2,0.843,85.2,68.0,180,58,800,8.4,19.8,10.2,12.7,9.9,11.8,10.8,11.0,10.8,10.5,10.7,23.2,7.4,15.6,173.0,0.00336,0.194,11.5,0.0,0.0,17.7
52.6,53.2,52.0,66.2,66.4,66.0,54.7,55.8,53.6,39.6,37.2,42.0,0.68,8.73,0.208,8.01,7.07,11.0,0.191,6.15,5.58,0.035,1.09,0.669,71.3,54.0,110,43,600,6.0,16.6,7.5,7.8,9.0,7.8,7.1,8.7,8.9,8.9,8.0,16.6,4.7,11.1,129.0,0.00394,0.216,8.7,0.0,0.0,15.3
72.3,72.8,71.8,71.3,72.2,70.4,67.7,66.8,68.6,41.9,41.8,42.0,1.11,12.1,0.298,10.7,9.19,17.5,0.27,7.33,7.26,0.0361,1.04,0.897,223.0,190.0,580,150,1000,21.6,28.4,11.9,11.2,13.8,11.2,12.7,13.1,14.9,14.1,11.6,27.7,9.9,20.0,222.0,0.00258,0.177,7.29,0.0,0.0,29.8
64.7,64.6,64.8,70.3,68.4,72.2,62.9,61.2,64.6,46.4,50.4,42.4,0.988,10.9,0.262,9.38,8.83,14.8,0.246,7.01,6.69,0.0376,1.09,0.803,130.0,110.0,190,65,800,16.7,21.9,10.0,11.3,11.5,9.5,10.2,13.1,10.7,9.5,10.2,23.6,8.1,14.1,180.0,0.00317,0.198,7.59,0.0,0.0,0.0
52.1,51.0,53.2,61.8,60.6,63.0,51.4,51.4,51.4,40.1,36.8,43.4,0.772,8.87,0.211,7.89,7.02,10.8,0.207,6.0,5.34,0.0359,1.13,0.673,90.6,58.0,130,40,600,6.1,17.5,9.2,8.9,7.3,8.1,7.2,7.1,7.0,8.7,8.3,16.8,6.4,12.2,131.0,0.00199,0.201,15.5,0.0,0.0,14.3
67.4,68.6,66.2,71.3,70.6,72.0,66.6,66.8,66.4,44.4,53.8,35.0,1.07,11.9,0.286,10.4,9.07,17.2,0.254,7.35,7.68,0.0373,1.22,0.894,169.0,150.0,250,100,1000,8.9,30.7,12.1,12.2,13.4,14.2,13.6,14.7,13.6,12.7,12.3,28.0,8.8,17.1,212.0,0.00351,0.198,9.46,0.0,0.0,18.8
60.8,59.8,61.8,62.8,62.4,63.2,58.8,59.4,58.2,39.9,38.2,41.6,0.964,10.7,0.261,9.14,8.55,14.3,0.242,6.79,6.05,0.0373,1.24,0.789,80.6,65.0,170,50,800,6.7,24.8,10.2,10.4,11.0,12.7,9.8,10.4,11.0,11.6,10.9,24.2,7.7,15.9,177.0,0.00309,0.198,7.42,0.0,0.0,13.8
60.6,60.8,60.4,70.1,73.0,67.2,62.0,62.0,62.0,45.0,40.6,49.4,0.941,10.6,0.268,9.29,8.54,14.6,0.251,6.74,6.6,0.0363,1.12,0.795,92.2,76.0,220,65,800,8.2,25.8,9.2,12.3,9.5,8.8,11.4,12.0,9.4,10.7,12.3,21.1,6.8,16.1,174.0,0.00412,0.186,10.4,0.0,0.0,18.3
60.9,60.8,61.0,68.5,69.2,67.8,59.4,61.0,57.8,46.5,48.4,44.6,0.941,10.7,0.256,9.23,8.63,14.2,0.246,6.7,6.08,0.0377,1.23,0.808,101.0,83.0,170,60,800,5.7,20.2,10.6,11.0,8.6,11.5,12.2,11.1,11.8,10.3,11.0,23.0,8.4,16.8,172.0,0.00343,0.192,9.71,0.0,0.0,19.9
67.3,68.2,66.4,67.1,66.2,68.0,58.2,58.2,58.2,46.1,48.6,43.6,0.953,10.8,0.268,9.41,8.5,14.5,0.246,6.7,6.58,0.0382,1.12,0.788,93.9,77.0,220,80,800,8.2,23.5,9.8,12.1,9.8,10.6,12.9,11.3,9.9,9.1,9.9,22.3,6.3,15.5,171.0,0.00266,0.195,9.46,0.0,0.0,16.6
52.6,52.8,52.4,63.2,63.6,62.8,52.3,51.2,53.4,45.1,50.0,40.2,0.816,8.62,0.238,7.91,7.35,11.6,0.218,6.0,5.45,0.0365,1.08,0.71,68.6,54.0,140,49,600,5.3,18.5,9.0,7.7,8.2,8.9,7.4,7.5,10.0,8.9,8.3,19.5,6.8,10.7,137.0,0.00304,0.193,10.2,0.0,0.0,16.2
70.4,69.2,71.6,73.8,73.6,74.0,66.3,66.0,66.6,45.7,41.4,50.0,1.05,11.8,0.307,10.1,9.16,17.5,0.281,7.04,6.78,0.0366,1.17,0.854,185.0,160.0,310,100,1000,9.1,30.6,13.3,13.6,13.5,12.5,12.7,15.0,11.9,14.4,12.1,27.0,10.2,19.3,215.0,0.00308,0.175,9.59,0.0,0.0,17.4
51.8,51.8,51.8,74.9,75.2,74.6,52.1,51.2,53.0,54.9,50.2,59.6,0.733,8.45,0.212,7.62,6.89,10.8,0.209,5.61,5.19,0.0367,1.08,0.641,81.6,58.0,180,53,600,6.2,17.7,7.8,8.2,7.8,9.2,8.7,8.0,10.5,7.8,7.8,16.8,5.0,10.9,132.0,0.0044,0.199,16.9,0.0,0.0,29.9
58.4,57.2,59.6,71.7,70.4,73.0,58.2,56.8,59.6,40.4,35.8,45.0,0.924,10.7,0.255,9.41,8.7,14.8,0.231,6.97,6.48,0.0378,1.1,0.794,87.7,70.0,170,55,800,7.1,21.9,11.2,11.3,11.0,11.4,11.1,10.4,10.1,12.3,10.3,24.9,7.2,15.4,176.0,0.00382,0.204,7.79,0.0,0.0,14.4
68.0,66.4,69.6,70.1,68.8,71.4,68.6,69.0,68.2,43.3,45.4,41.2,1.02,11.6,0.289,10.2,8.99,17.5,0.28,7.15,7.6,0.0383,0.392,0.868,194.0,140.0,240,110,1000,9.4,28.2,14.4,14.0,15.0,13.8,13.6,13.7,13.0,12.6,12.8,30.1,10.3,18.9,220.0,0.00277,0.222,11.1,0.0,0.0,18.4
57.8,58.4,57.2,60.0,61.2,58.8,54.6,53.4,55.8,35.7,34.2,37.2,0.694,8.14,0.2,7.41,6.38,10.1,0.178,5.52,5.02,0.0367,0.288,0.597,103.0,49.0,110,41,600,6.0,17.5,7.8,7.8,8.1,7.9,8.8,8.2,6.0,7.3,8.5,16.1,5.3,12.7,128.0,0.00366,0.196,4.37,0.0,0.0,9.1
70.4,70.6,70.2,73.7,75.6,71.8,67.1,66.6,67.6,39.5,40.0,39.0,1.11,11.8,0.3,10.4,9.03,17.7,0.271,7.27,7.33,0.0352,1.03,0.883,189.0,150.0,370,130,1000,9.4,28.6,12.3,13.2,13.5,14.5,11.9,14.0,12.8,13.8,13.1,29.3,10.2,19.5,216.0,0.00283,0.197,6.54,0.0,0.0,13.7
60.2,57.6,62.8,74.4,74.8,74.0,75.0,75.0,75.0,44.9,46.6,43.2,0.939,10.4,0.261,9.5,8.01,14.0,0.229,6.94,6.78,0.037,1.16,0.777,93.1,77.0,210,75,800,8.3,23.1,10.9,11.0,12.5,10.0,11.7,11.0,11.6,9.6,11.8,23.1,7.8,12.5,175.0,0.00317,0.193,7.64,0.0,0.0,17.4
63.6,64.2,63.0,70.7,71.2,70.2,59.3,59.4,59.2,44.1,40.2,48.0,1.0,11.5,0.276,9.96,9.53,15.9,0.26,7.3,6.49,0.0373,1.22,0.899,84.5,68.0,180,64,800,7.4,20.9,9.7,12.5,9.7,11.1,11.7,10.4,11.3,11.4,10.4,24.4,7.3,16.7,175.0,0.00253,0.199,10.5,0.0,0.0,18.3
61.8,59.2,64.4,68.3,67.2,69.4,60.2,59.4,61.0,44.2,33.8,54.6,0.977,10.8,0.257,9.37,8.46,14.1,0.245,7.06,6.7,0.0364,1.03,0.782,102.0,80.0,160,53,800,6.3,20.7,10.4,9.9,12.5,12.8,10.6,10.0,11.3,10.8,11.3,22.2,6.6,15.3,171.0,0.00272,0.18,9.26,0.0,0.0,16.8
70.6,70.4,70.8,71.0,71.8,70.2,62.8,63.2,62.4,40.9,40.6,41.2,1.1,11.6,0.327,10.1,9.22,17.7,0.306,7.26,7.76,0.0373,0.404,0.902,199.0,180.0,320,140,1000,9.5,31.6,12.5,14.1,13.3,13.8,10.9,14.1,12.2,13.7,14.5,27.4,9.7,17.7,215.0,0.00305,0.193,6.02,0.0,0.0,15.1
58.0,59.4,56.6,67.3,68.6,66.0,52.7,53.0,52.4,40.4,42.6,38.2,0.77,8.93,0.214,7.91,7.06,10.7,0.204,6.03,5.35,0.036,1.13,0.69,86.6,56.0,130,40,600,5.6,16.8,9.1,8.2,8.2,7.6,7.6,7.2,9.0,6.8,7.9,16.6,6.0,11.2,128.0,0.00332,0.209,5.92,0.0,0.0,14.4
72.3,74.0,70.6,69.6,70.2,69.0,63.6,64.8,62.4,41.1,38.2,44.0,1.1,11.9,0.304,10.4,9.36,17.2,0.282,7.65,7.9,0.0377,1.21,0.902,162.0,130.0,200,80,1000,9.1,28.2,11.4,14.2,15.0,11.1,12.5,14.2,12.7,14.2,15.1,27.9,9.9,20.0,216.0,0.00358,0.184,4.59,0.0,0.0,12.4
51.1,50.0,52.2,68.2,68.4,68.0,50.0,49.0,51.0,45.6,51.6,39.6,0.75,8.61,0.214,7.79,7.29,11.0,0.194,5.92,5.43,0.0381,0.314,0.656,73.6,56.0,140,41,600,5.2,17.4,8.4,8.4,9.5,8.2,6.9,9.1,7.1,7.6,9.1,17.1,6.2,9.1,129.0,0.00325,0.19,11.6,0.0,0.0,17.0
65.6,64.8,66.4,68.2,68.6,67.8,62.1,61.8,62.4,40.5,42.0,39.0,0.926,10.9,0.253,10.1,8.43,14.6,0.236,6.81,6.03,0.0386,1.17,0.829,78.7,63.0,160,61,800,6.6,22.3,11.5,11.1,11.2,12.7,11.7,11.1,10.6,10.3,10.7,22.7,7.1,14.0,174.0,0.00527,0.204,7.34,0.0,0.0,12.9
68.5,69.2,67.8,70.0,68.8,71.2,62.6,62.8,62.4,45.0,41.8,48.2,0.985,10.6,0.256,9.44,8.43,14.2,0.239,6.86,6.36,0.0375,0.381,0.808,95.5,76.0,180,68,800,7.1,23.2,11.1,8.8,12.1,11.0,9.9,11.5,9.2,11.1,10.9,22.8,7.3,14.1,170.0,0.00369,0.202,9.16,0.0,0.0,18.2
61.6,59.8,63.4,68.8,68.2,69.4,64.2,65.2,63.2,46.4,43.6,49.2,0.951,10.4,0.262,9.48,8.58,14.5,0.244,6.92,6.8,0.0364,1.07,0.795,95.0,76.0,160,57,800,6.2,22.2,9.3,10.3,11.3,11.9,11.1,11.6,13.2,11.7,10.0,24.7,8.7,16.5,179.0,0.00385,0.203,10.2,0.0,0.0,18.3
61.8,61.0,62.6,68.3,69.4,67.2,64.3,62.8,65.8,46.4,41.0,51.8,0.961,10.5,0.257,9.59,8.02,14.1,0.24,6.91,6.95,0.0368,1.16,0.796,91.7,76.0,190,75,800,6.6,25.3,10.1,12.4,11.2,11.1,11.2,9.1,12.0,11.9,10.7,24.8,8.9,12.9,178.0,0.00517,0.219,8.76,0.0,0.0,18.5
53.1,51.6,54.6,58.1,57.8,58.4,53.6,51.6,55.6,41.0,44.8,37.2,0.878,9.91,0.239,8.22,8.78,12.2,0.223,6.69,5.88,0.0382,1.17,0.789,64.7,45.0,120,42,600,6.2,18.5,7.4,9.4,7.4,9.4,8.5,8.9,8.6,7.6,8.6,16.8,5.3,10.2,133.0,0.00452,0.178,7.11,0.0,0.0,14.4
60.2,60.2,60.2,73.2,73.0,73.4,61.6,60.8,62.4,45.2,48.4,42.0,0.944,10.7,0.267,9.32,8.35,14.3,0.248,7.0,6.95,0.0376,1.15,0.794,108.0,90.0,160,54,800,8.2,21.3,10.7,9.5,10.2,10.9,10.3,10.4,11.5,10.9,11.2,18.7,6.4,15.0,165.0,0.00383,0.207,22.1,0.0,0.0,20.3
60.2,59.8,60.6,66.6,66.2,67.0,60.7,61.6,59.8,41.6,48.6,34.6,1.08,12.1,0.309,10.5,10.0,16.7,0.289,7.97,7.85,0.0374,1.2,0.919,82.9,66.0,200,59,800,8.5,20.2,10.7,10.6,12.3,9.7,11.2,9.8,11.7,10.1,9.6,21.8,6.3,16.7,169.0,0.00335,0.203,5.97,0.0,0.0,15.2
72.6,72.4,72.8,69.8,70.6,69.0,63.0,64.0,62.0,45.9,43.2,48.6,1.06,11.6,0.301,10.2,8.93,17.7,0.266,7.14,7.68,0.037,0.389,0.858,190.0,160.0,380,140,1000,10.6,24.4,14.6,14.0,10.3,14.3,13.0,14.8,12.7,11.9,12.8,29.0,8.7,16.2,207.0,0.00334,0.194,8.98,0.0,0.0,19.7
50.5,49.6,51.4,63.0,63.6,62.4,52.3,51.6,53.0,38.6,37.8,39.4,0.772,8.71,0.208,8.11,6.83,10.6,0.189,6.16,5.62,0.0363,1.08,0.674,61.9,48.0,150,45,600,5.9,18.7,7.7,9.1,6.8,8.0,8.3,9.1,8.6,7.0,10.4,19.8,7.4,9.2,136.0,0.00365,0.207,7.41,0.0,0.0,13.2
52.9,53.8,52.0,67.0,66.4,67.6,51.8,51.0,52.6,44.3,43.0,45.6,0.737,8.71,0.211,7.84,7.19,10.9,0.194,6.01,5.62,0.0387,0.964,0.654,70.4,54.0,120,44,600,5.5,17.6,8.2,7.5,7.0,6.8,8.8,8.6,7.5,9.9,8.8,16.8,4.5,11.7,129.0,0.00384,0.194,9.19,0.0,0.0,18.9
62.7,63.4,62.0,62.9,65.2,60.6,60.4,61.0,59.8,40.3,37.8,42.8,1.0,10.8,0.292,9.32,8.71,14.7,0.267,6.86,6.1,0.0376,0.396,0.8,93.4,77.0,170,54,800,7.8,20.6,11.2,12.5,9.8,12.0,11.5,10.7,11.7,10.7,9.6,21.8,7.4,15.3,173.0,0.00318,0.176,5.99,0.0,0.0,13.1
60.0,62.0,58.0,69.5,68.2,70.8,62.3,61.0,63.6,44.7,49.6,39.8,1.1,11.9,0.285,10.7,9.19,15.9,0.274,7.58,6.58,0.0392,1.17,0.93,78.7,64.0,190,59,800,6.9,22.7,9.6,9.6,9.6,10.8,11.8,10.0,10.2,11.3,11.2,21.0,7.5,15.0,167.0,0.00245,0.193,10.6,0.0,0.0,18.2
52.2,50.4,54.0,61.8,63.6,60.0,50.8,52.6,49.0,39.7,32.8,46.6,0.769,8.9,0.214,8.02,6.95,10.8,0.205,6.03,5.25,0.0358,1.14,0.671,97.7,63.0,120,38,600,5.5,17.9,9.0,8.0,8.4,9.3,8.0,6.7,7.0,8.2,9.0,18.5,7.2,11.4,134.0,0.00314,0.19,12.7,0.0,0.0,26.3
69.2,68.8,69.6,70.5,69.2,71.8,63.1,62.4,63.8,35.8,37.6,34.0,1.09,11.6,0.315,10.1,9.25,17.2,0.288,7.51,7.72,0.0389,1.15,0.912,160.0,120.0,280,100,1000,9.6,27.6,13.3,15.3,14.4,13.7,11.8,12.8,13.3,12.4,10.8,27.0,7.9,19.0,209.0,0.00341,0.21,4.22,0.0,0.0,8.65
69.4,67.2,71.6,74.3,73.6,75.0,67.0,67.4,66.6,43.5,40.6,46.4,1.13,12.4,0.325,10.9,9.72,18.7,0.293,7.77,8.15,0.0377,1.24,0.961,180.0,150.0,310,100,1000,8.8,28.1,12.4,13.6,15.6,12.9,12.9,13.6,14.3,14.4,13.0,27.3,8.7,15.9,212.0,0.00408,0.186,10.7,0.0,0.0,17.6
52.3,53.4,51.2,67.7,65.8,69.6,54.4,54.0,54.8,46.2,44.0,48.4,0.745,8.82,0.213,7.86,7.37,11.2,0.197,5.95,5.46,0.0391,0.313,0.663,78.6,61.0,140,43,600,6.9,16.2,8.0,8.6,7.4,11.5,9.1,8.6,7.7,7.4,9.0,19.1,6.6,11.2,137.0,0.00259,0.21,8.81,0.0,0.0,18.7
66.1,67.2,65.0,73.3,73.6,73.0,64.0,64.4,63.6,44.6,41.2,48.0,1.07,11.6,0.323,10.2,9.33,17.4,0.305,7.39,7.8,0.036,0.554,0.889,177.0,140.0,250,84,1000,8.9,29.2,14.9,12.6,12.2,14.4,12.0,12.9,12.5,12.7,13.7,27.7,7.5,16.5,208.0,0.00248,0.195,10.5,0.0,0.0,19.6
70.3,70.0,70.6,69.1,66.8,71.4,64.3,62.6,66.0,36.5,36.0,37.0,0.948,10.9,0.261,9.66,8.48,15.4,0.231,6.86,7.06,0.0372,1.14,0.805,287.0,220.0,800,300,1000,12.5,26.7,11.5,15.4,13.0,12.6,13.9,16.3,12.4,13.6,12.5,28.3,10.3,18.6,218.0,0.00364,0.199,9.57,0.0,0.0,9.67
52.5,54.0,51.0,62.1,61.0,63.2,53.2,54.2,52.2,44.4,36.4,52.4,0.784,8.69,0.206,7.96,6.73,10.7,0.185,5.96,5.22,0.0369,0.314,0.659,73.1,58.0,140,42,600,5.5,16.9,7.8,8.2,7.1,8.2,8.7,7.7,7.7,9.5,8.5,18.0,6.4,12.3,133.0,0.00336,0.177,11.0,0.0,0.0,43.3
54.9,57.0,52.8,67.2,67.2,67.2,51.6,49.8,53.4,46.7,51.0,42.4,0.794,8.42,0.221,7.61,7.11,10.8,0.208,5.97,5.51,0.0372,0.31,0.658,76.3,58.0,120,45,600,5.4,17.2,7.0,9.6,9.0,8.6,9.4,7.6,7.7,8.0,7.8,18.3,6.8,10.9,133.0,0.00426,0.206,10.7,0.0,0.0,17.4
51.4,51.6,51.2,63.6,64.4,62.8,52.8,54.4,51.2,41.0,40.4,41.6,0.774,8.79,0.221,7.96,7.04,11.3,0.203,6.09,5.71,0.0364,1.07,0.655,67.0,54.0,130,45,600,4.5,17.1,8.2,9.7,6.6,10.5,9.4,7.7,8.2,8.6,7.7,15.1,4.7,11.9,130.0,0.00415,0.207,7.25,0.0,0.0,13.6
57.1,56.6,57.6,38.3,41.0,35.6,77.4,75.8,79.0,39.0,38.8,39.2,1.06,12.4,0.296,11.2,10.0,17.3,0.277,7.82,7.57,0.0355,1.13,0.921,92.4,76.0,190,83,800,7.9,20.3,10.8,10.4,9.7,9.9,11.9,11.5,9.3,11.3,11.4,20.4,6.6,17.3,169.0,0.00329,0.206,12.1,0.0,0.0,20.3
51.0,50.8,51.2,69.9,66.2,73.6,50.9,51.4,50.4,56.4,54.6,58.2,0.729,8.54,0.213,7.63,7.3,11.1,0.202,5.82,5.44,0.0383,1.12,0.642,82.8,61.0,160,47,600,5.0,18.1,8.8,8.8,9.4,7.2,9.1,8.6,8.2,6.4,8.2,17.8,6.2,9.5,131.0,0.00282,0.214,17.7,0.0,0.0,28.1
51.6,50.6,52.6,63.6,62.6,64.6,53.9,55.0,52.8,44.3,48.0,40.6,0.775,8.64,0.206,8.07,6.77,10.5,0.185,5.9,5.05,0.038,0.316,0.671,66.8,52.0,160,44,600,5.5,19.2,8.1,7.9,8.5,7.4,7.5,8.6,8.5,8.2,9.1,16.6,5.3,10.9,131.0,0.00338,0.176,10.0,0.0,0.0,18.7
72.3,70.8,73.8,73.7,74.8,72.6,63.8,64.2,63.4,41.5,40.8,42.2,1.05,11.7,0.292,9.99,9.16,17.6,0.275,7.43,7.64,0.0366,1.22,0.858,281.0,230.0,810,320,1000,18.8,25.0,11.1,12.9,12.1,12.8,13.5,12.4,14.5,11.8,12.0,27.0,7.8,18.0,210.0,0.00338,0.203,14.4,0.0,0.0,13.5
52.2,52.0,52.4,59.7,62.6,56.8,52.2,52.8,51.6,37.1,32.4,41.8,0.805,8.89,0.223,7.98,7.16,11.0,0.2,6.13,5.57,0.0372,0.324,0.66,82.4,65.0,160,40,600,5.0,16.2,8.6,8.1,8.2,8.8,8.2,6.8,8.9,7.7,8.8,17.3,5.7,11.6,130.0,0.00372,0.209,12.8,0.0,0.0,13.5
69.9,70.4,69.4,71.6,71.4,71.8,67.5,66.6,68.4,46.5,46.4,46.6,1.09,11.8,0.302,10.2,9.21,17.6,0.276,7.03,6.87,0.0373,1.18,0.871,155.0,120.0,210,84,1000,10.7,28.6,14.4,12.5,13.6,14.3,14.0,13.9,13.7,10.6,12.7,27.7,10.4,18.6,216.0,0.00342,0.176,10.1,0.0,0.0,19.5
70.7,71.8,69.6,72.3,74.2,70.4,64.7,64.4,65.0,40.0,36.2,43.8,1.14,11.8,0.31,10.1,9.35,17.5,0.288,7.68,7.88,0.0384,1.21,0.91,147.0,120.0,340,120,1000,8.2,26.2,13.4,13.8,14.5,14.0,13.4,12.6,14.0,12.7,15.0,30.7,10.4,18.7,218.0,0.00499,0.196,6.67,0.0,0.0,12.3
63.9,63.4,64.4,64.5,66.8,62.2,60.1,58.8,61.4,40.7,44.8,36.6,0.895,10.7,0.249,9.48,8.67,14.6,0.228,7.1,6.54,0.0371,1.1,0.804,91.0,73.0,160,59,800,8.5,24.5,11.2,11.5,11.9,9.8,10.9,10.1,10.4,9.4,10.4,23.7,8.0,17.0,177.0,0.00395,0.206,7.6,0.0,0.0,14.2
50.7,49.0,52.4,62.5,61.4,63.6,53.5,54.2,52.8,39.2,46.8,31.6,0.771,9.14,0.226,8.77,7.43,11.8,0.205,6.5,6.06,0.0355,1.1,0.724,61.4,46.0,130,40,600,4.1,17.5,9.1,7.4,7.6,11.8,7.7,8.9,8.1,7.8,7.9,15.8,6.6,11.4,132.0,0.00426,0.22,5.96,0.0,0.0,12.4
51.2,52.2,50.2,70.7,70.8,70.6,54.8,56.8,52.8,45.1,46.4,43.8,0.721,8.86,0.209,7.95,7.27,11.0,0.193,6.08,5.58,0.0387,1.12,0.693,64.5,50.0,110,45,600,6.4,18.1,8.4,7.6,7.2,8.2,9.0,8.8,5.3,6.9,6.2,16.3,6.3,10.6,125.0,0.00235,0.212,10.3,0.0,0.0,16.9
68.6,67.2,70.0,69.9,69.0,70.8,62.0,61.4,62.6,39.0,37.4,40.6,1.04,11.5,0.309,9.94,9.37,17.4,0.282,7.29,7.72,0.035,1.22,0.852,215.0,180.0,410,200,1000,8.9,27.2,12.7,13.8,14.0,13.0,13.6,15.1,11.1,12.7,11.5,29.7,10.4,19.2,213.0,0.00421,0.204,4.38,0.0,0.0,12.0
55.7,54.8,56.6,57.2,58.4,56.0,54.2,53.4,55.0,35.6,34.0,37.2,0.667,8.1,0.196,7.15,6.91,10.3,0.174,5.65,5.13,0.0379,0.299,0.595,65.0,49.0,120,41,600,5.7,16.9,8.0,8.7,7.7,7.9,7.3,6.8,8.7,8.3,8.6,16.4,4.9,11.5,127.0,0.00304,0.205,6.57,0.0,0.0,7.92
61.5,62.2,60.8,64.5,62.6,66.4,62.0,63.0,61.0,41.3,39.6,43.0,0.981,10.8,0.291,9.75,8.66,15.0,0.291,7.19,6.95,0.0364,1.07,0.795,116.0,98.0,210,63,800,23.6,20.6,11.8,9.3,11.3,9.6,11.7,10.7,11.8,12.0,10.8,24.2,8.9,14.7,191.0,0.00435,0.19,9.59,0.0,0.0,21.2
52.3,52.2,52.4,64.6,65.4,63.8,53.2,52.8,53.6,37.1,35.0,39.2,0.847,9.37,0.23,7.85,8.37,11.7,0.215,6.41,5.47,0.0383,1.15,0.752,65.4,45.0,110,39,600,5.6,20.0,7.9,8.8,7.5,10.3,8.7,8.5,8.1,7.5,7.4,17.3,5.5,10.4,134.0,0.00369,0.194,7.19,0.0,0.0,13.9
64.1,64.4,63.8,67.3,69.6,65.0,79.5,76.6,82.4,40.7,43.6,37.8,0.967,10.8,0.249,9.78,8.41,14.4,0.233,7.02,6.21,0.0375,0.617,0.812,83.6,66.0,140,51,800,5.8,23.3,10.3,10.6,10.2,10.9,12.3,9.4,12.6,12.0,10.7,23.1,7.3,17.1,176.0,0.00309,0.199,6.46,0.0,0.0,14.1
60.2,59.0,61.4,65.9,64.8,67.0,61.4,61.2,61.6,36.2,37.2,35.2,0.872,9.94,0.251,8.5,7.99,12.8,0.246,6.31,5.79,0.0371,0.35,0.726,89.8,69.0,130,49,800,7.2,22.4,10.1,11.0,13.4,10.4,9.7,11.5,11.4,10.8,10.2,22.5,8.7,14.8,174.0,0.00338,0.201,9.68,0.0,0.0,9.27
59.3,57.4,61.2,68.4,66.4,70.4,63.0,61.6,64.4,40.8,46.4,35.2,0.976,10.6,0.266,9.19,8.58,14.4,0.244,6.73,6.11,0.0364,1.24,0.806,81.3,66.0,220,63,800,7.1,22.9,11.2,10.6,11.1,11.6,10.3,9.8,10.2,11.3,10.8,21.3,8.2,14.8,171.0,0.00317,0.207,6.03,0.0,0.0,12.7
62.1,60.8,63.4,68.5,67.2,69.8,59.2,59.2,59.2,44.1,49.0,39.2,0.899,10.5,0.248,9.2,8.56,14.2,0.246,6.82,5.88,0.0382,0.385,0.799,87.1,70.0,160,55,800,8.4,24.1,9.0,12.0,9.7,11.1,9.8,11.4,10.7,9.9,9.8,21.0,6.4,14.6,168.0,0.00265,0.194,9.26,0.0,0.0,17.9
52.3,51.2,53.4,64.0,63.8,64.2,54.6,54.4,54.8,40.7,37.6,43.8,0.701,8.6,0.208,8.15,6.77,11.0,0.191,6.15,5.65,0.0365,1.09,0.662,62.6,47.0,140,42,600,5.3,16.3,9.9,9.0,8.2,7.7,7.9,7.5,7.9,8.1,8.5,16.8,5.6,11.8,131.0,0.00264,0.21,7.3,0.0,0.0,14.1
55.7,55.2,56.2,62.4,62.8,62.0,53.7,55.0,52.4,38.3,43.2,33.4,0.718,8.47,0.208,7.53,7.02,10.6,0.183,5.95,5.3,0.038,0.307,0.632,63.5,48.0,120,43,600,6.2,16.1,7.9,9.6,8.7,8.6,7.0,9.0,9.5,6.7,7.7,18.4,6.1,11.8,133.0,0.0041,0.207,4.23,0.0,0.0,9.88
59.7,60.6,58.8,70.7,71.6,69.8,62.7,62.0,63.4,41.1,42.0,40.2,0.929,11.0,0.275,9.71,9.05,15.3,0.258,6.87,6.14,0.0383,1.09,0.829,85.4,66.0,160,51,800,7.3,21.3,10.6,11.4,11.6,12.0,10.5,11.5,10.6,10.7,9.2,21.8,8.0,14.8,171.0,0.00405,0.212,6.01,0.0,0.0,13.4
61.6,60.4,62.8,65.8,64.4,67.2,75.0,73.6,76.4,40.2,39.6,40.8,0.932,10.7,0.262,9.39,8.57,14.7,0.248,6.91,6.57,0.0362,1.08,0.797,93.8,73.0,140,50,800,7.7,21.2,10.6,11.6,13.3,10.3,10.7,11.8,9.1,11.3,12.6,23.1,6.4,15.4,175.0,0.00376,0.197,6.62,0.0,0.0,13.5
68.7,68.6,68.8,63.6,64.6,62.6,63.0,62.2,63.8,40.8,39.2,42.4,0.913,10.6,0.263,9.49,8.56,14.7,0.243,6.86,6.17,0.0382,1.08,0.796,88.8,69.0,180,63,800,8.2,22.5,10.8,9.5,10.7,9.1,9.8,12.0,10.9,8.4,10.8,23.3,8.0,15.0,169.0,0.0048,0.195,6.92,0.0,0.0,13.5
50.8,51.0,50.6,63.0,64.2,61.8,56.7,57.2,56.2,46.3,47.4,45.2,0.767,8.81,0.207,8.27,6.63,10.6,0.184,5.98,5.38,0.037,0.321,0.658,75.5,61.0,140,39,600,5.1,18.2,7.0,8.6,7.9,9.0,7.2,9.5,9.0,9.2,7.6,18.3,6.0,10.9,134.0,0.00337,0.197,9.41,0.0,0.0,37.4
71.5,71.6,71.4,70.2,68.6,71.8,63.7,64.0,63.4,40.8,41.4,40.2,0.969,11.7,0.299,9.87,9.14,17.7,0.271,7.18,7.58,0.0368,1.17,0.891,159.0,140.0,310,130,1000,10.4,28.5,14.9,10.8,13.6,12.7,14.7,12.3,15.0,12.4,12.0,29.4,9.8,19.8,216.0,0.00407,0.195,5.3,0.0,0.0,13.2
69.4,68.4,70.4,70.0,71.4,68.6,67.2,66.2,68.2,37.0,41.0,33.0,0.949,11.0,0.256,9.95,8.51,15.4,0.239,7.08,7.25,0.0364,1.06,0.833,176.0,140.0,220,95,1000,8.9,28.8,12.4,14.6,13.3,13.3,14.9,14.0,13.4,13.4,15.0,25.7,7.6,19.5,215.0,0.00349,0.195,5.75,0.0,0.0,8.95
64.4,62.2,66.6,51.8,52.6,51.0,62.4,61.6,63.2,46.3,49.8,42.8,1.06,12.2,0.293,10.6,9.99,16.5,0.274,7.74,6.82,0.0373,1.23,0.941,83.7,67.0,160,59,800,6.9,21.9,10.0,11.5,11.1,10.4,12.1,12.0,10.7,12.1,11.1,23.7,7.2,15.7,176.0,0.00407,0.182,10.4,0.0,0.0,17.5
52.2,50.4,54.0,47.7,50.0,45.4,53.6,55.0,52.2,37.3,41.2,33.4,0.888,9.93,0.24,9.35,7.94,12.3,0.219,7.0,6.45,0.0373,1.11,0.782,60.1,47.0,100,36,600,6.0,16.5,8.0,8.3,8.8,8.5,7.5,8.3,6.4,8.1,7.7,14.4,5.2,12.3,126.0,0.00289,0.194,5.83,0.0,0.0,14.3
62.7,64.4,61.0,73.1,72.6,73.6,63.5,63.0,64.0,45.4,49.8,41.0,0.93,11.0,0.254,9.55,8.57,14.1,0.236,6.79,6.36,0.0375,0.707,0.791,93.1,73.0,190,65,800,8.1,20.9,10.6,11.3,11.2,11.7,9.8,11.0,11.3,11.8,11.8,21.9,6.0,14.8,172.0,0.00372,0.193,11.3,0.0,0.0,19.5
71.8,71.2,72.4,71.7,73.2,70.2,62.3,62.2,62.4,44.8,49.0,40.6,1.04,12.0,0.283,10.2,9.19,17.3,0.252,7.42,7.63,0.0372,1.23,0.889,175.0,150.0,440,130,1000,9.4,29.7,13.9,13.2,12.9,12.7,12.6,13.0,14.0,13.2,13.9,27.2,9.6,17.5,213.0,0.0041,0.194,7.79,0.0,0.0,18.1
71.0,70.8,71.2,68.8,69.6,68.0,64.5,64.2,64.8,45.9,52.6,39.2,1.05,11.8,0.3,10.2,9.16,17.7,0.279,6.91,6.69,0.0374,1.17,0.858,168.0,130.0,240,96,1000,9.4,27.2,12.5,15.6,12.9,13.7,11.7,12.8,13.9,12.2,15.7,29.1,10.2,17.6,215.0,0.00411,0.178,10.6,0.0,0.0,18.6
67.8,70.0,65.6,63.3,61.0,65.6,59.9,58.6,61.2,36.7,43.0,30.4,0.897,10.2,0.253,9.36,8.32,13.8,0.249,6.79,6.5,0.038,1.05,0.772,81.8,64.0,180,61,800,7.7,23.3,11.6,10.1,11.4,11.4,12.3,11.7,9.6,8.5,10.5,22.4,7.0,11.8,169.0,0.00315,0.191,5.7,0.0,0.0,8.21
60.5,61.6,59.4,69.0,71.0,67.0,58.2,57.6,58.8,38.7,33.8,43.6,1.04,11.3,0.271,9.98,9.15,15.1,0.273,7.51,7.32,0.0372,1.15,0.879,76.2,61.0,160,52,800,6.9,23.0,12.5,10.4,11.2,11.5,11.1,9.5,11.1,10.6,10.4,24.4,7.9,16.0,177.0,0.00389,0.197,1.5,0.0,0.0,10.1
59.7,58.6,60.8,64.4,62.0,66.8,54.2,54.6,53.8,43.4,44.0,42.8,0.857,9.65,0.249,8.77,7.73,12.1,0.238,6.11,5.02,0.038,0.96,0.732,62.8,48.0,150,47,600,4.6,16.7,7.6,7.5,7.3,7.9,8.8,7.9,8.3,9.2,9.1,18.7,5.9,12.4,132.0,0.00252,0.186,10.3,0.0,0.0,16.9
58.4,60.0,56.8,66.5,66.2,66.8,59.3,58.2,60.4,43.8,55.4,32.2,0.91,10.9,0.256,9.73,8.23,14.4,0.239,6.86,5.85,0.0383,1.18,0.804,94.0,79.0,140,51,800,6.2,23.3,9.5,10.7,13.3,12.6,10.9,11.8,11.2,10.7,11.4,25.8,8.2,14.8,180.0,0.0034,0.192,9.28,0.0,0.0,42.9
64.5,65.4,63.6,72.0,72.4,71.6,63.6,63.2,64.0,43.8,42.0,45.6,0.951,10.6,0.27,9.56,8.64,14.6,0.245,6.91,6.77,0.0383,1.07,0.827,93.5,75.0,160,59,800,7.7,21.3,9.2,10.3,11.4,8.5,11.0,11.0,11.8,11.6,10.8,23.5,8.8,15.3,172.0,0.00373,0.185,10.9,0.0,0.0,19.8
55.1,53.8,56.4,64.1,63.8,64.4,52.9,54.8,51.0,45.1,56.4,33.8,0.78,8.79,0.224,7.83,7.17,10.7,0.209,5.69,4.7,0.0378,0.319,0.652,69.4,53.0,130,45,600,7.3,17.5,7.2,7.8,8.4,7.2,9.8,6.3,7.8,8.6,8.7,17.0,5.2,11.3,130.0,0.00417,0.201,11.7,0.0,0.0,18.7
60.0,59.4,60.6,47.8,46.2,49.4,77.6,78.4,76.8,45.7,46.6,44.8,1.08,12.2,0.278,10.8,9.78,16.5,0.256,7.92,7.98,0.0371,1.15,0.92,96.2,79.0,260,85,800,8.6,20.7,11.4,8.8,11.7,11.5,13.5,9.5,10.4,9.9,13.6,22.8,6.9,15.3,175.0,0.00317,0.206,15.1,0.0,0.0,25.6
51.8,53.4,50.2,68.5,65.0,72.0,52.3,52.4,52.2,45.7,54.8,36.6,0.778,8.67,0.203,7.88,6.8,10.5,0.186,5.84,4.97,0.0372,0.314,0.676,65.9,51.0,160,47,600,5.6,16.8,8.9,9.3,8.2,7.3,5.4,9.7,8.3,8.7,7.9,17.6,4.6,10.2,129.0,0.00335,0.192,10.3,0.0,0.0,18.5
49.2,49.2,49.2,58.5,57.8,59.2,50.9,49.2,52.6,38.4,41.2,35.6,0.756,9.01,0.212,8.18,7.27,11.1,0.197,6.34,5.71,0.0367,0.331,0.694,55.1,44.0,130,42,600,5.2,17.9,5.9,8.2,8.7,6.7,9.6,9.3,7.2,8.2,9.0,18.1,5.9,13.7,134.0,0.00437,0.192,3.56,0.0,0.0,8.53
64.9,65.0,64.8,72.3,73.2,71.4,61.2,59.4,63.0,39.8,38.4,41.2,1.01,11.7,0.284,10.3,9.08,17.2,0.26,7.46,7.25,0.0371,1.19,0.897,170.0,150.0,220,91,1000,9.3,28.2,13.0,15.0,12.6,13.5,14.1,15.2,12.9,11.6,14.9,28.2,9.4,17.4,215.0,0.00265,0.204,4.63,0.0,0.0,13.1
52.1,51.0,53.2,58.5,56.2,60.8,53.7,52.4,55.0,40.5,41.2,39.8,0.747,8.63,0.199,7.84,7.27,10.5,0.194,5.78,4.75,0.038,0.922,0.64,66.9,49.0,120,37,600,4.9,17.9,7.8,7.8,8.8,8.2,7.3,8.1,8.1,8.6,9.1,17.5,6.4,12.4,133.0,0.0035,0.183,6.03,0.0,0.0,11.9
72.6,72.2,73.0,68.1,67.8,68.4,64.4,63.4,65.4,40.5,42.0,39.0,1.03,12.0,0.302,10.2,9.15,17.9,0.281,7.41,7.71,0.0383,1.12,0.861,231.0,210.0,400,190,1000,10.5,29.2,13.3,13.7,13.1,14.7,13.4,13.4,12.4,15.2,12.2,26.6,8.7,17.2,214.0,0.00359,0.209,5.96,0.0,0.0,13.7
51.1,52.0,50.2,66.3,66.6,66.0,55.1,55.0,55.2,40.2,40.2,40.2,0.701,8.67,0.209,8.13,6.87,10.9,0.188,6.18,5.58,0.0351,1.09,0.667,67.5,50.0,110,41,600,4.7,17.4,9.5,8.0,8.7,9.1,9.4,7.8,8.7,7.8,7.2,17.8,6.2,10.0,132.0,0.00385,0.221,7.77,0.0,0.0,13.6
53.4,50.4,56.4,64.7,65.0,64.4,53.3,53.8,52.8,46.1,54.4,37.8,0.752,8.64,0.231,7.84,7.24,11.1,0.218,5.81,4.75,0.0388,0.316,0.653,74.9,58.0,160,45,600,5.5,14.4,7.4,7.8,8.5,8.1,8.7,7.3,8.4,9.9,8.2,16.4,6.5,10.7,128.0,0.0028,0.174,23.0,0.0,0.0,19.2
52.6,51.0,54.2,64.3,63.8,64.8,54.7,54.4,55.0,42.1,39.6,44.6,0.761,8.66,0.211,8.07,6.66,10.7,0.188,6.06,5.67,0.0363,1.07,0.663,62.2,49.0,150,45,600,5.2,16.3,9.4,8.4,7.2,8.9,8.1,8.5,9.4,7.5,8.5,18.7,6.8,10.8,134.0,0.0035,0.207,7.03,0.0,0.0,14.4
69.6,69.8,69.4,70.6,71.6,69.6,64.2,63.0,65.4,35.9,30.2,41.6,1.07,11.7,0.299,10.0,8.78,16.7,0.269,7.19,7.51,0.037,1.22,0.866,155.0,120.0,260,89,1000,9.2,26.7,11.4,14.1,15.2,13.8,12.2,14.7,13.3,13.3,12.2,27.0,8.4,20.3,212.0,0.00325,0.202,2.94,0.0,0.0,8.27
60.5,60.8,60.2,71.0,71.2,70.8,59.1,57.8,60.4,45.6,49.2,42.0,0.913,10.4,0.253,9.17,8.67,14.3,0.227,6.56,5.85,0.0381,1.18,0.797,85.4,68.0,220,61,800,7.8,22.4,9.4,10.5,11.2,11.1,10.4,10.3,9.7,11.2,9.5,21.3,6.3,14.2,165.0,0.00398,0.203,10.2,0.0,0.0,17.5
65.8,66.0,65.6,69.2,69.8,68.6,78.9,77.2,80.6,44.2,45.4,43.0,0.978,10.7,0.264,9.26,8.6,14.5,0.242,6.85,6.67,0.0363,1.13,0.799,93.3,77.0,190,77,800,6.8,22.7,10.4,10.1,10.7,11.1,11.3,9.6,10.1,9.4,10.3,22.6,6.8,15.1,167.0,0.00327,0.185,9.01,0.0,0.0,16.0
56.1,55.8,56.4,74.0,74.0,74.0,51.4,50.0,52.8,55.5,57.2,53.8,0.777,8.78,0.215,7.54,7.27,10.9,0.191,5.91,5.45,0.0379,1.12,0.662,101.0,74.0,140,50,600,6.1,16.1,7.7,7.9,9.2,9.5,8.6,7.2,6.2,7.1,9.1,16.0,5.0,12.2,128.0,0.00382,0.192,35.8,0.0,0.0,27.4
53.2,52.2,54.2,62.7,64.2,61.2,54.1,52.6,55.6,39.9,35.4,44.4,0.771,8.86,0.222,8.08,7.02,11.3,0.203,6.13,5.66,0.0375,1.08,0.666,68.5,55.0,110,40,600,5.3,16.7,8.9,9.9,6.8,10.4,8.6,6.7,8.4,7.3,9.0,16.9,5.0,11.5,131.0,0.00394,0.186,17.0,0.0,0.0,14.2
63.2,64.6,61.8,75.4,76.4,74.4,60.6,60.0,61.2,46.1,49.0,43.2,0.953,10.8,0.253,9.54,8.41,14.2,0.225,6.83,6.45,0.0374,0.364,0.797,86.8,69.0,160,58,800,6.5,22.4,11.4,9.4,11.4,10.4,11.8,9.7,9.1,12.6,10.9,20.9,6.5,15.3,168.0,0.00356,0.208,8.27,0.0,0.0,16.8
62.2,63.0,61.4,61.9,59.0,64.8,60.5,60.8,60.2,39.5,39.8,39.2,0.918,10.7,0.264,9.47,8.66,14.6,0.245,6.77,6.04,0.0381,1.09,0.791,86.9,67.0,190,53,800,7.5,23.7,10.4,10.3,10.6,10.6,10.9,10.6,11.8,11.3,11.2,22.9,7.3,16.2,175.0,0.00329,0.196,7.41,0.0,0.0,11.9
62.3,61.8,62.8,68.5,68.6,68.4,59.2,57.8,60.6,39.1,32.8,45.4,0.974,10.9,0.281,9.46,8.57,14.9,0.259,6.94,6.09,0.0379,1.22,0.807,110.0,95.0,180,57,800,13.1,22.9,11.3,12.2,10.9,11.0,11.4,11.4,10.9,10.4,9.7,23.8,9.1,14.2,182.0,0.00371,0.198,9.86,0.0,0.0,13.3
70.8,73.2,68.4,67.9,67.8,68.0,68.6,69.2,68.0,41.0,39.0,43.0,1.12,11.8,0.302,10.1,9.33,17.5,0.285,7.52,7.94,0.0386,1.22,0.897,157.0,130.0,230,98,1000,10.3,28.8,14.4,13.0,14.8,9.8,13.2,12.2,15.0,12.6,13.3,25.4,10.5,18.8,212.0,0.00358,0.196,4.55,0.0,0.0,12.0
61.8,61.0,62.6,46.1,50.8,41.4,59.9,60.0,59.8,38.8,41.0,36.6,1.11,12.2,0.308,11.1,10.2,17.0,0.284,8.05,7.98,0.0374,1.12,0.958,90.8,73.0,190,57,800,8.6,21.7,11.3,11.3,11.1,11.8,13.6,9.7,9.8,9.2,9.8,21.5,7.0,14.1,171.0,0.00369,0.204,8.8,0.0,0.0,17.2
64.2,64.2,64.2,67.3,67.0,67.6,56.3,56.8,55.8,44.5,37.2,51.8,0.917,10.5,0.25,9.33,8.57,14.3,0.245,6.75,5.95,0.036,1.23,0.798,119.0,99.0,220,60,800,22.7,22.8,11.0,12.0,12.0,9.6,13.0,13.2,10.3,11.3,10.3,21.9,7.0,15.0,192.0,0.00315,0.203,15.6,0.0,0.0,28.3
71.3,70.0,72.6,70.8,69.2,72.4,65.1,64.6,65.6,41.5,43.4,39.6,1.03,11.6,0.31,9.85,9.23,17.4,0.28,7.25,7.77,0.0358,1.21,0.844,218.0,180.0,340,160,1000,7.8,27.7,12.9,13.2,13.6,13.8,13.2,14.7,12.2,13.2,13.5,27.1,10.0,17.8,211.0,0.00358,0.204,4.61,0.0,0.0,13.6
51.9,53.0,50.8,62.7,65.4,60.0,57.1,58.2,56.0,44.2,48.2,40.2,0.665,8.69,0.206,8.16,6.84,10.9,0.185,5.98,5.53,0.0355,1.08,0.65,64.3,48.0,130,37,600,5.5,16.3,10.1,7.9,7.9,7.9,7.4,9.3,7.5,7.9,10.2,18.4,4.7,11.2,132.0,0.00352,0.194,5.39,0.0,0.0,13.8
51.8,51.6,52.0,65.2,66.8,63.6,70.6,70.8,70.4,46.0,41.8,50.2,0.73,8.71,0.212,7.75,7.24,10.9,0.194,6.02,5.52,0.0379,0.467,0.664,71.8,55.0,140,44,600,5.5,16.5,8.0,7.9,8.1,8.1,7.3,7.7,6.7,9.0,9.4,16.1,4.4,10.6,125.0,0.00317,0.187,11.8,0.0,0.0,16.9
63.0,62.8,63.2,63.5,66.2,60.8,81.0,80.0,82.0,41.4,41.2,41.6,0.982,10.6,0.285,9.39,8.61,14.6,0.26,6.86,5.99,0.0377,0.646,0.785,85.4,69.0,180,57,800,6.9,24.6,10.0,9.8,9.3,12.3,11.0,9.9,9.6,11.5,11.9,21.1,7.3,15.7,171.0,0.00285,0.191,6.61,0.0,0.0,13.6
61.0,61.0,61.0,71.7,74.2,69.2,61.0,62.6,59.4,46.4,43.0,49.8,0.991,10.9,0.267,9.58,8.63,14.3,0.243,7.01,6.71,0.0371,1.04,0.798,115.0,91.0,140,55,800,6.9,21.1,11.0,9.5,10.2,11.1,8.1,10.8,10.9,10.3,10.7,21.5,7.0,14.8,164.0,0.00271,0.196,18.7,0.0,0.0,33.7
63.9,63.6,64.2,62.4,64.6,60.2,60.9,61.0,60.8,40.9,42.4,39.4,0.993,10.8,0.286,9.49,8.56,14.7,0.269,6.92,6.16,0.0386,1.09,0.798,102.0,87.0,170,57,800,6.3,24.8,10.2,10.2,11.7,9.3,11.6,9.6,11.4,12.3,9.2,21.8,8.8,14.6,172.0,0.00278,0.178,12.3,0.0,0.0,13.2
51.4,53.2,49.6,68.5,66.0,71.0,54.3,54.8,53.8,44.4,46.4,42.4,0.762,8.76,0.212,8.21,6.58,10.7,0.185,6.07,5.45,0.0378,0.316,0.66,85.0,72.0,110,41,600,13.8,17.6,7.7,8.5,7.9,9.2,8.2,6.8,8.4,9.3,9.2,17.0,5.1,10.7,139.0,0.00367,0.199,13.9,0.0,0.0,0.0
72.0,74.4,69.6,71.7,70.4,73.0,62.9,63.0,62.8,44.2,52.2,36.2,1.09,11.8,0.317,10.0,9.62,17.9,0.302,7.33,7.77,0.0364,0.403,0.913,174.0,140.0,300,130,1000,10.1,28.3,12.4,12.7,11.8,14.5,14.6,12.7,13.3,13.7,12.6,27.5,7.7,21.4,213.0,0.00307,0.21,10.5,0.0,0.0,17.5
72.8,73.2,72.4,67.5,66.8,68.2,72.5,73.8,71.2,41.9,45.8,38.0,1.09,11.9,0.333,10.2,9.75,18.2,0.3,7.1,6.88,0.0374,0.386,0.896,171.0,130.0,540,190,1000,9.1,27.0,12.3,13.1,14.3,12.7,13.4,13.5,11.7,14.4,13.1,25.3,8.0,19.8,208.0,0.0034,0.2,6.04,0.0,0.0,12.7
58.1,58.4,57.8,69.4,69.6,69.2,60.4,61.4,59.4,46.0,45.6,46.4,0.947,10.8,0.255,9.63,8.22,14.2,0.238,6.71,5.82,0.0383,1.14,0.825,79.4,64.0,180,63,800,7.4,21.5,11.4,11.0,10.8,10.8,9.1,10.7,12.3,10.9,12.1,25.0,9.3,14.9,177.0,0.00297,0.21,10.7,0.0,0.0,18.4
53.0,54.4,51.6,67.2,68.8,65.6,55.1,57.2,53.0,43.5,36.0,51.0,0.774,8.65,0.22,7.61,7.32,11.2,0.204,5.82,5.33,0.0372,1.08,0.683,71.6,56.0,140,42,600,4.3,15.9,7.8,8.9,8.2,6.3,8.1,8.6,7.9,8.2,9.9,15.9,6.0,12.7,129.0,0.00359,0.197,11.4,0.0,0.0,17.7
70.7,71.4,70.0,65.5,66.0,65.0,66.6,65.4,67.8,37.9,38.6,37.2,1.04,11.1,0.287,9.58,8.63,15.8,0.265,6.98,7.15,0.0369,1.2,0.812,198.0,180.0,210,89,1000,8.0,29.7,12.6,12.1,14.6,14.0,14.3,15.3,12.4,13.3,13.2,29.9,11.2,17.8,218.0,0.0034,0.19,4.4,0.0,0.0,9.86
72.4,71.6,73.2,67.2,66.0,68.4,63.0,62.2,63.8,44.9,50.0,39.8,1.05,11.7,0.288,10.3,9.0,17.5,0.262,7.31,7.61,0.0363,1.21,0.88,186.0,170.0,530,240,1000,9.2,24.4,14.1,15.4,12.8,11.7,11.0,12.7,13.4,13.0,12.7,25.6,8.0,17.5,202.0,0.00388,0.204,7.92,0.0,0.0,17.5
70.7,70.4,71.0,80.9,82.0,79.8,62.2,63.8,60.6,57.3,49.8,64.8,1.04,11.6,0.298,10.2,8.85,17.6,0.271,7.1,7.62,0.0375,1.06,0.871,224.0,200.0,550,170,1000,9.5,27.0,10.6,11.7,13.7,12.0,12.8,11.8,14.1,13.8,15.1,26.6,6.9,17.8,203.0,0.00373,0.196,14.1,0.0,0.0,29.3
60.4,62.6,58.2,65.7,64.4,67.0,60.4,62.4,58.4,41.4,43.8,39.0,0.975,10.6,0.267,9.28,8.63,14.5,0.246,6.84,6.0,0.0382,1.24,0.785,82.6,67.0,150,56,800,8.3,24.1,12.3,11.4,11.7,9.3,10.6,10.6,9.8,10.8,11.4,22.8,6.1,13.8,173.0,0.00352,0.2,7.69,0.0,0.0,15.2
60.8,60.4,61.2,68.5,69.2,67.8,61.4,61.8,61.0,41.0,42.4,39.6,0.967,11.0,0.273,9.65,8.3,14.4,0.246,7.25,6.95,0.0383,0.381,0.808,114.0,94.0,160,62,800,9.9,23.7,12.1,10.6,11.8,8.2,11.9,9.9,10.4,11.1,12.8,24.7,6.5,15.0,179.0,0.00421,0.186,7.42,0.0,0.0,24.2
50.7,50.6,50.8,38.9,44.0,33.8,52.4,53.6,51.2,41.5,44.0,39.0,0.876,9.88,0.256,8.86,8.39,13.0,0.254,6.65,6.26,0.036,1.13,0.773,79.5,58.0,170,58,600,5.7,17.2,7.2,8.0,7.3,9.2,9.3,8.2,9.3,8.8,6.0,18.4,6.5,12.2,133.0,0.00374,0.206,18.0,0.0,0.0,25.3
56.6,56.4,56.8,65.4,63.6,67.2,52.0,53.0,51.0,39.7,39.2,40.2,0.744,8.57,0.203,7.66,7.36,10.7,0.191,5.83,4.68,0.0383,0.921,0.648,59.4,43.0,150,41,600,7.6,18.4,7.8,7.8,10.4,6.8,9.7,10.9,7.2,8.0,7.9,17.3,5.8,9.5,135.0,0.00336,0.194,7.18,0.0,0.0,14.1
67.5,69.4,65.6,71.9,71.0,72.8,64.4,63.8,65.0,35.0,35.0,35.0,1.0,11.4,0.282,9.88,8.83,16.0,0.261,7.07,7.22,0.035,1.09,0.814,172.0,130.0,260,91,1000,8.7,27.6,14.3,13.3,14.2,15.0,13.3,13.2,14.7,12.6,13.5,28.5,9.5,18.7,217.0,0.00384,0.209,2.98,0.0,0.0,8.65
66.3,63.8,68.8,70.0,70.0,70.0,65.6,64.2,67.0,41.8,38.6,45.0,1.02,10.9,0.287,9.72,8.74,15.0,0.288,7.45,7.1,0.0372,0.39,0.825,92.8,77.0,150,62,800,9.6,21.4,11.1,11.7,10.1,10.7,13.0,11.8,10.8,10.0,10.6,24.3,8.4,14.6,178.0,0.00337,0.186,4.58,0.0,0.0,14.2
67.2,67.6,66.8,78.9,79.8,78.0,65.4,67.0,63.8,45.1,46.0,44.2,1.08,11.9,0.288,10.3,9.18,17.3,0.262,7.32,7.7,0.038,1.23,0.904,183.0,170.0,260,90,1000,8.5,26.2,13.0,15.0,13.1,10.4,14.2,13.5,11.8,15.4,16.0,28.6,10.4,18.9,215.0,0.00391,0.202,10.5,0.0,0.0,18.3
68.4,67.2,69.6,69.9,69.4,70.4,63.0,61.6,64.4,40.1,30.4,49.8,1.01,11.9,0.284,10.6,9.22,17.4,0.26,7.21,7.01,0.0388,1.19,0.876,187.0,180.0,430,190,1000,31.9,25.9,14.3,10.6,14.5,11.6,11.9,11.7,12.8,13.5,13.2,24.8,7.9,17.1,222.0,0.00311,0.18,11.2,0.0,0.0,24.9
54.2,52.2,56.2,63.3,64.8,61.8,54.9,56.0,53.8,38.6,37.8,39.4,0.64,8.09,0.185,7.16,6.43,9.71,0.168,5.43,4.79,0.0374,0.29,0.593,57.3,45.0,100,36,600,5.6,17.3,9.0,8.2,6.7,7.8,8.9,7.1,8.5,9.6,8.7,16.8,4.2,11.3,130.0,0.00362,0.184,4.42,0.0,0.0,9.19
58.3,61.4,55.2,69.7,69.0,70.4,60.5,60.4,60.6,45.9,45.6,46.2,0.935,10.8,0.251,9.52,8.56,14.2,0.232,6.88,6.52,0.0384,1.04,0.77,95.0,74.0,170,55,800,7.8,22.3,10.1,11.2,11.2,11.9,10.7,11.9,12.0,11.6,10.6,22.0,6.7,17.7,178.0,0.00417,0.194,9.15,0.0,0.0,18.1
52.7,52.6,52.8,72.1,74.8,69.4,51.7,51.2,52.2,51.7,49.0,54.4,0.74,8.57,0.215,7.65,7.05,10.8,0.195,5.86,5.52,0.0388,0.308,0.643,80.3,62.0,150,47,600,5.3,16.1,8.7,8.2,7.5,8.2,9.2,7.1,8.7,9.7,9.2,16.4,5.6,11.5,131.0,0.00412,0.192,13.7,0.0,0.0,23.9
66.8,67.6,66.0,67.9,67.8,68.0,62.6,63.4,61.8,36.8,36.2,37.4,1.02,11.2,0.293,10.1,9.24,15.7,0.294,7.48,7.21,0.0381,1.09,0.87,79.1,63.0,140,54,800,7.4,20.9,11.0,12.0,11.4,10.6,10.9,10.1,13.1,11.1,10.1,23.5,8.3,16.0,176.0,0.00341,0.21,4.09,0.0,0.0,8.73
63.2,63.2,63.2,65.5,67.8,63.2,64.9,66.8,63.0,35.5,39.0,32.0,0.967,10.7,0.278,9.55,8.44,14.4,0.252,7.09,7.01,0.0394,1.15,0.797,77.6,63.0,130,53,800,6.6,22.3,11.3,8.9,11.9,9.8,10.5,11.3,9.8,13.3,11.9,22.1,7.5,16.0,173.0,0.00336,0.205,2.81,0.0,0.0,9.16
72.3,73.0,71.6,71.3,72.0,70.6,64.4,64.2,64.6,39.6,42.0,37.2,1.01,11.5,0.315,9.98,9.15,17.7,0.291,7.35,7.69,0.0374,1.12,0.865,219.0,200.0,320,160,1000,9.4,28.3,13.2,13.0,13.8,13.1,13.9,14.6,13.6,11.4,13.3,27.2,8.4,17.7,211.0,0.00368,0.2,5.54,0.0,0.0,12.8
67.8,67.2,68.4,74.5,73.2,75.8,62.2,63.4,61.0,45.6,48.0,43.2,1.07,11.8,0.306,10.1,9.21,17.7,0.292,7.28,8.02,0.0375,1.17,0.899,192.0,180.0,490,160,1000,31.3,28.0,12.5,13.4,12.7,10.7,11.4,14.6,13.9,13.7,14.2,22.1,7.8,18.1,224.0,0.00387,0.198,14.3,0.0,0.0,30.7
71.7,72.2,71.2,74.5,75.6,73.4,66.8,66.0,67.6,46.5,52.2,40.8,0.985,11.7,0.285,10.1,9.17,17.4,0.272,7.26,7.62,0.0391,0.391,0.883,199.0,150.0,240,110,1000,8.9,27.8,13.0,14.4,13.6,13.2,14.7,14.4,14.9,14.3,13.1,29.5,9.7,17.0,219.0,0.00352,0.209,9.71,0.0,0.0,19.0
68.6,69.2,68.0,72.9,70.4,75.4,81.2,83.0,79.4,45.1,37.8,52.4,1.1,12.6,0.296,10.8,9.62,18.2,0.28,7.72,8.14,0.0373,0.894,0.948,137.0,110.0,200,98,1000,8.5,27.8,12.9,11.8,13.4,14.0,13.2,14.3,14.8,11.6,13.9,26.5,8.1,19.5,210.0,0.00449,0.22,8.09,0.0,0.0,18.1
60.6,58.2,63.0,65.7,65.2,66.2,62.5,63.0,62.0,38.9,42.6,35.2,0.964,11.0,0.256,10.0,8.29,14.2,0.237,7.09,6.58,0.0393,0.379,0.805,92.0,74.0,150,53,800,7.2,21.2,11.5,11.4,10.3,11.2,12.1,11.3,8.7,10.1,12.0,23.1,7.4,15.8,173.0,0.00403,0.198,18.5,0.0,0.0,14.5
62.9,62.0,63.8,70.0,67.6,72.4,59.7,58.6,60.8,45.2,37.0,53.4,0.926,10.4,0.253,9.43,8.57,14.0,0.245,6.84,5.86,0.0384,0.377,0.803,88.7,71.0,170,55,800,8.5,24.8,9.7,11.8,9.3,11.6,10.3,10.3,10.5,10.0,10.5,22.0,6.4,13.7,169.0,0.00254,0.201,9.1,0.0,0.0,17.6
67.8,67.2,68.4,69.3,71.0,67.6,80.6,80.4,80.8,44.2,48.6,39.8,1.11,12.1,0.293,10.6,9.31,17.5,0.27,7.04,6.86,0.0387,0.927,0.913,139.0,110.0,230,96,1000,10.9,28.0,14.8,13.4,12.9,13.9,12.3,13.6,13.1,14.2,12.5,27.3,8.5,18.9,214.0,0.00401,0.185,12.0,0.0,0.0,18.9
52.1,51.2,53.0,62.0,63.0,61.0,54.2,54.0,54.4,37.4,33.0,41.8,0.68,8.37,0.196,7.5,6.69,10.1,0.177,5.77,5.15,0.0367,0.305,0.631,56.5,44.0,120,43,600,5.2,18.2,9.5,9.4,8.6,8.3,9.1,8.5,7.7,7.6,7.6,18.6,6.7,12.2,137.0,0.0035,0.18,4.21,0.0,0.0,8.67
68.3,66.6,70.0,74.1,72.2,76.0,67.5,66.4,68.6,44.7,51.2,38.2,1.03,11.9,0.301,9.92,9.35,17.6,0.276,7.08,6.85,0.0374,1.17,0.86,199.0,180.0,330,100,1000,13.6,30.2,14.1,12.2,12.6,13.4,13.8,12.2,12.4,14.0,11.9,29.5,9.7,19.7,219.0,0.00326,0.184,20.0,0.0,0.0,17.0
63.7,64.6,62.8,75.9,74.2,77.6,56.5,56.0,57.0,46.0,47.4,44.6,0.984,10.9,0.25,9.43,8.54,13.9,0.232,6.85,6.32,0.0364,1.1,0.809,101.0,78.0,170,57,800,8.6,23.0,10.8,10.0,11.7,11.4,10.6,11.4,10.6,9.9,11.2,23.6,8.0,13.5,174.0,0.0035,0.222,23.4,0.0,0.0,18.9
64.5,64.0,65.0,64.0,63.8,64.2,62.4,62.6,62.2,36.4,34.8,38.0,0.87,9.45,0.246,8.67,7.6,12.4,0.23,6.07,5.58,0.0368,0.334,0.72,89.0,74.0,130,54,800,7.6,21.4,10.2,9.8,11.5,11.6,10.7,11.5,12.6,12.5,11.0,25.9,8.1,13.5,178.0,0.00328,0.201,8.13,0.0,0.0,20.8
69.8,68.8,70.8,74.3,74.8,73.8,64.6,64.8,64.4,35.4,36.6,34.2,0.996,11.0,0.277,9.65,8.59,15.8,0.251,6.88,7.28,0.0374,1.15,0.837,252.0,200.0,370,110,1000,8.9,27.6,15.0,12.5,12.2,12.3,14.8,12.3,14.5,14.1,12.5,26.5,9.6,16.9,210.0,0.00349,0.203,4.27,0.0,0.0,8.66
61.4,60.2,62.6,70.1,69.6,70.6,61.8,60.0,63.6,45.0,38.6,51.4,0.965,10.9,0.249,9.47,8.54,14.2,0.229,6.97,6.46,0.0364,1.1,0.797,106.0,84.0,170,58,800,8.0,22.5,10.9,9.5,11.4,11.3,11.6,11.4,10.4,9.8,11.3,21.8,7.5,16.7,174.0,0.00391,0.207,20.2,0.0,0.0,18.3
53.8,53.6,54.0,45.2,40.4,50.0,53.8,53.6,54.0,42.9,43.0,42.8,0.813,9.75,0.228,8.88,8.11,12.3,0.217,6.76,6.3,0.0388,1.15,0.781,63.9,50.0,140,47,600,5.5,15.8,8.0,9.0,7.2,7.8,9.1,8.1,9.2,8.5,7.9,16.8,5.7,11.2,130.0,0.00307,0.208,10.7,0.0,0.0,17.5
64.0,64.6,63.4,67.2,67.2,67.2,61.6,62.4,60.8,45.8,40.4,51.2,0.95,10.8,0.256,9.73,8.16,14.1,0.234,6.85,6.02,0.0384,1.14,0.813,80.2,64.0,180,67,800,6.9,22.6,11.1,9.4,11.9,12.1,9.2,9.9,13.7,11.5,11.7,25.6,7.5,14.1,177.0,0.00241,0.182,9.01,0.0,0.0,19.5
71.3,72.6,70.0,66.7,66.8,66.6,66.9,66.6,67.2,39.9,39.6,40.2,1.12,11.9,0.326,10.3,9.39,17.4,0.291,7.15,6.91,0.0374,1.12,0.902,159.0,130.0,210,96,1000,9.8,29.6,13.4,13.2,13.7,13.3,12.8,14.7,12.6,11.1,13.3,26.5,8.2,18.7,211.0,0.00335,0.198,5.23,0.0,0.0,12.8
72.0,71.4,72.6,73.3,72.6,74.0,64.7,64.0,65.4,41.9,44.8,39.0,1.07,11.8,0.302,10.4,8.73,17.3,0.271,7.27,7.42,0.0361,1.03,0.877,176.0,140.0,320,140,1000,10.8,29.2,13.2,11.8,13.6,13.5,14.5,12.9,12.4,13.0,15.6,26.5,8.6,16.6,212.0,0.00346,0.198,4.59,0.0,0.0,12.9
59.7,60.4,59.0,70.6,70.4,70.8,75.0,75.4,74.6,43.7,46.0,41.4,0.944,10.8,0.259,9.16,8.52,14.3,0.246,6.65,5.99,0.0373,0.598,0.812,85.9,69.0,160,57,800,8.6,23.2,9.8,13.1,12.3,10.1,10.6,11.4,11.5,8.9,8.7,22.1,7.0,16.2,174.0,0.00317,0.18,9.38,0.0,0.0,18.1
67.6,67.4,67.8,65.6,67.2,64.0,63.0,62.2,63.8,43.7,44.6,42.8,0.937,11.0,0.249,9.89,8.24,14.3,0.229,6.91,6.06,0.0385,1.18,0.808,79.3,63.0,150,56,800,7.9,22.4,12.1,11.8,10.6,11.2,12.0,9.7,10.7,10.4,11.3,24.0,6.7,13.0,174.0,0.00501,0.213,8.32,0.0,0.0,12.6
68.2,67.8,68.6,76.3,75.8,76.8,64.1,63.2,65.0,49.2,58.2,40.2,1.06,11.8,0.283,10.2,9.02,17.2,0.274,7.02,7.5,0.0353,1.09,0.875,163.0,130.0,200,83,1000,9.3,31.8,12.0,14.4,14.3,13.8,12.5,12.4,13.1,13.8,14.5,23.8,8.9,17.3,212.0,0.00323,0.192,13.5,0.0,0.0,21.6
69.4,70.4,68.4,66.5,64.4,68.6,63.8,63.6,64.0,37.1,37.4,36.8,0.976,12.0,0.28,10.6,9.36,17.4,0.262,7.62,7.85,0.0367,0.407,0.867,145.0,110.0,230,92,1000,10.3,26.5,13.8,13.7,13.6,13.2,15.2,12.7,14.2,14.6,14.3,26.4,6.8,18.1,213.0,0.00326,0.192,4.32,0.0,0.0,8.93
59.6,61.2,58.0,62.8,61.6,64.0,63.8,64.2,63.4,39.8,37.4,42.2,0.916,10.7,0.262,9.3,8.61,14.5,0.249,6.97,6.33,0.0371,1.09,0.794,90.9,70.0,130,49,800,8.3,21.7,10.9,10.8,10.2,10.2,9.6,12.7,9.5,11.5,10.0,23.2,6.8,14.1,170.0,0.00386,0.188,5.15,0.0,0.0,13.5
64.6,64.8,64.4,69.7,69.4,70.0,62.5,60.8,64.2,35.4,37.6,33.2,0.932,10.4,0.266,9.41,8.42,14.3,0.266,6.94,6.55,0.0371,1.06,0.802,80.4,63.0,180,61,800,6.4,23.1,10.8,10.6,14.0,11.7,11.9,10.9,10.7,10.2,9.1,23.7,7.6,13.5,174.0,0.00391,0.221,2.91,0.0,0.0,8.49
67.0,66.8,67.2,65.2,66.8,63.6,64.3,64.8,63.8,41.5,34.4,48.6,0.933,10.6,0.256,9.27,8.71,14.7,0.23,6.93,6.56,0.0361,1.1,0.8,89.6,72.0,170,61,800,6.8,22.7,11.3,11.5,11.4,10.6,11.4,10.0,9.9,10.3,9.6,23.7,7.5,17.5,174.0,0.00475,0.188,6.26,0.0,0.0,12.7
68.5,66.4,70.6,75.6,74.0,77.2,66.2,65.8,66.6,46.4,44.4,48.4,1.09,12.0,0.299,10.0,9.09,17.6,0.278,7.1,6.83,0.0383,1.18,0.879,152.0,120.0,220,100,1000,11.1,26.7,15.0,12.3,12.0,13.4,13.7,13.8,13.4,12.1,12.6,27.1,10.2,18.5,212.0,0.00281,0.185,9.06,0.0,0.0,16.3
62.9,61.4,64.4,72.0,72.4,71.6,59.9,60.6,59.2,46.1,42.2,50.0,0.996,10.8,0.26,9.4,8.39,14.1,0.242,6.84,6.41,0.0383,0.388,0.814,98.8,78.0,180,63,800,8.3,24.2,10.2,11.8,12.6,12.2,9.5,9.2,9.4,10.9,11.4,23.6,8.6,12.9,175.0,0.0035,0.212,8.23,0.0,0.0,16.4
52.4,53.2,51.6,63.2,66.4,60.0,52.3,51.0,53.6,46.5,39.6,53.4,0.766,8.75,0.208,8.17,6.64,10.7,0.191,6.05,5.51,0.0378,0.32,0.66,94.3,83.0,240,76,600,48.7,18.4,7.2,7.5,8.0,8.8,7.4,5.8,8.0,8.9,9.6,15.9,5.5,11.7,171.0,0.00471,0.191,10.9,0.0,0.0,0.0
69.3,69.8,68.8,70.7,70.0,71.4,65.6,64.8,66.4,43.1,42.6,43.6,1.14,12.0,0.305,10.2,9.34,17.2,0.289,7.58,7.99,0.0377,1.21,0.905,152.0,120.0,240,110,1000,7.3,26.7,15.3,11.1,14.7,15.2,15.0,13.3,11.7,14.6,13.3,27.2,9.9,20.1,215.0,0.00462,0.194,4.55,0.0,0.0,14.2
56.9,55.0,58.8,71.5,70.8,72.2,53.8,53.2,54.4,56.4,49.0,63.8,0.79,8.73,0.219,7.61,7.24,10.8,0.195,5.81,5.51,0.0366,1.13,0.665,108.0,80.0,150,48,600,4.7,16.7,8.0,9.0,8.9,8.2,8.3,7.7,7.9,8.3,9.8,18.6,5.8,11.8,134.0,0.00364,0.205,0.0,0.0,0.0,27.5
66.6,68.2,65.0,64.7,64.4,65.0,58.3,56.4,60.2,44.5,53.4,35.6,0.974,10.7,0.264,9.33,8.46,14.6,0.24,6.86,6.59,0.0374,0.38,0.806,93.6,77.0,180,68,800,6.6,24.0,10.9,10.8,11.1,10.1,9.4,9.1,10.5,10.3,11.8,22.6,7.4,17.9,173.0,0.00411,0.207,9.15,0.0,0.0,17.5
60.8,62.2,59.4,68.4,67.0,69.8,59.7,58.6,60.8,40.5,37.4,43.6,0.978,10.9,0.244,9.26,8.65,14.2,0.225,7.23,7.04,0.0378,0.379,0.808,106.0,88.0,180,54,800,8.0,22.3,11.7,11.3,9.3,9.8,11.1,9.6,11.3,9.9,9.1,22.3,7.5,14.5,168.0,0.00332,0.199,0.0,0.0,0.0,25.7
51.2,51.2,51.2,67.8,65.4,70.2,49.7,49.0,50.4,45.3,49.4,41.2,0.737,8.82,0.22,7.94,7.18,11.2,0.198,5.96,5.29,0.0393,0.328,0.66,77.3,59.0,130,39,600,5.1,16.7,8.8,7.7,8.9,8.6,8.0,8.4,7.8,9.8,7.2,15.8,4.5,11.4,129.0,0.00248,0.204,19.9,0.0,0.0,34.2
54.9,52.0,57.8,71.4,69.8,73.0,52.0,50.2,53.8,51.8,59.6,44.0,0.723,8.35,0.209,7.54,6.98,10.7,0.208,5.57,5.34,0.0371,1.08,0.656,82.1,58.0,150,51,600,6.2,16.6,7.4,8.7,8.1,8.6,7.8,7.4,8.7,8.4,8.0,17.2,5.2,11.7,130.0,0.0043,0.2,17.8,0.0,0.0,27.7
70.1,71.2,69.0,70.0,72.2,67.8,64.8,64.2,65.4,41.2,38.0,44.4,1.01,11.7,0.298,9.78,9.26,17.7,0.278,7.19,7.65,0.0377,1.17,0.889,156.0,130.0,290,120,1000,10.0,27.9,13.9,11.6,13.5,14.0,14.2,13.5,14.5,11.6,14.9,31.3,10.8,16.8,219.0,0.00276,0.22,3.78,0.0,0.0,14.4
55.5,55.0,56.0,62.8,61.0,64.6,55.0,54.4,55.6,35.7,31.0,40.4,0.654,7.79,0.196,6.95,6.65,9.69,0.171,5.5,4.93,0.0379,0.912,0.58,68.4,52.0,110,41,600,4.5,16.8,7.6,8.1,8.1,7.4,8.2,8.3,6.9,9.1,8.7,17.3,6.4,11.0,128.0,0.00327,0.186,6.53,0.0,0.0,8.05
70.3,68.4,72.2,65.9,63.2,68.6,62.2,61.4,63.0,41.2,43.4,39.0,1.13,11.7,0.312,10.5,9.28,17.4,0.288,7.39,7.0,0.0371,1.13,0.894,207.0,190.0,520,220,1000,27.9,25.7,14.7,13.0,8.9,12.9,12.6,11.2,13.1,14.9,12.6,26.7,8.7,17.2,220.0,0.0033,0.189,11.3,0.0,0.0,12.9
61.7,63.0,60.4,70.4,71.2,69.6,61.5,61.2,61.8,45.9,35.6,56.2,0.951,10.6,0.25,9.3,8.62,14.3,0.244,6.76,5.94,0.037,1.23,0.797,111.0,92.0,170,57,800,6.7,21.8,12.8,12.8,11.7,9.1,12.2,12.6,10.1,11.0,9.3,23.1,7.5,13.9,175.0,0.00315,0.187,17.1,0.0,0.0,34.7
59.6,59.4,59.8,62.0,64.6,59.4,58.1,59.2,57.0,42.1,49.2,35.0,0.965,10.8,0.277,9.81,8.65,14.7,0.254,6.98,6.1,0.0377,1.23,0.8,118.0,100.0,290,100,800,39.7,22.0,10.7,11.4,9.0,10.0,12.1,12.5,10.0,10.5,10.1,23.2,8.8,14.6,205.0,0.00497,0.185,8.34,0.0,0.0,19.2
53.7,53.4,54.0,59.1,59.6,58.6,56.0,56.0,56.0,36.2,38.6,33.8,0.707,7.91,0.216,7.29,6.77,10.3,0.198,5.48,4.81,0.0372,0.31,0.616,64.0,46.0,110,36,600,7.3,17.4,8.4,8.3,5.9,7.2,9.3,7.8,7.2,7.3,6.6,16.6,5.1,11.2,126.0,0.00271,0.202,4.19,0.0,0.0,9.11
67.9,68.2,67.6,72.8,74.0,71.6,65.9,65.6,66.2,38.0,41.4,34.6,1.06,11.5,0.289,10.1,8.78,16.3,0.266,7.24,7.48,0.0377,1.21,0.844,157.0,120.0,190,83,1000,9.2,28.2,11.4,13.6,14.0,12.9,14.3,14.1,11.9,13.2,14.4,27.0,8.2,19.2,212.0,0.00344,0.191,4.37,0.0,0.0,8.16
72.8,73.4,72.2,74.2,74.0,74.4,64.8,65.0,64.6,44.4,34.0,54.8,1.12,12.0,0.313,10.5,9.28,17.3,0.284,7.5,8.09,0.0363,1.13,0.925,182.0,140.0,720,200,1000,8.7,26.4,13.3,14.6,12.5,13.2,12.5,12.9,13.2,11.9,13.2,28.7,10.4,18.9,210.0,0.00359,0.217,9.32,0.0,0.0,19.4
70.6,72.0,69.2,65.9,67.2,64.6,65.4,63.6,67.2,35.1,33.4,36.8,1.02,11.2,0.286,9.86,8.82,16.3,0.269,7.11,7.51,0.0372,1.16,0.836,225.0,160.0,240,97,1000,11.2,29.5,13.1,13.3,13.5,12.9,12.3,13.4,12.5,14.4,15.4,27.1,10.6,17.1,216.0,0.00404,0.204,4.39,0.0,0.0,8.88
71.4,68.8,74.0,69.5,69.4,69.6,63.9,62.6,65.2,42.6,41.0,44.2,1.01,11.9,0.309,10.2,9.03,17.7,0.289,7.27,7.61,0.0365,1.12,0.84,226.0,200.0,400,190,1000,9.7,30.8,13.2,14.0,12.3,13.7,13.5,14.2,13.5,12.7,14.3,28.0,9.0,17.1,216.0,0.00378,0.189,5.92,0.0,0.0,13.6
55.0,54.8,55.2,64.8,63.0,66.6,52.2,53.4,51.0,40.7,39.0,42.4,0.694,8.65,0.199,7.97,7.09,10.8,0.178,6.17,5.41,0.0361,1.08,0.658,82.2,64.0,140,42,600,6.0,19.8,8.6,7.6,7.3,7.8,8.7,9.6,8.4,8.2,10.0,17.1,5.5,9.1,134.0,0.00341,0.189,10.9,0.0,0.0,13.3
59.5,59.6,59.4,68.5,67.6,69.4,59.0,57.6,60.4,37.4,39.2,35.6,0.903,10.2,0.24,8.98,8.31,13.6,0.219,6.75,6.41,0.0371,1.09,0.758,83.0,65.0,160,58,800,6.6,23.8,11.2,11.7,10.8,9.4,8.7,12.0,11.2,10.4,10.9,23.0,8.0,16.0,174.0,0.00256,0.213,4.26,0.0,0.0,9.85
61.4,62.8,60.0,66.8,65.2,68.4,59.6,58.6,60.6,35.1,39.2,31.0,1.09,11.6,0.313,10.5,9.59,16.2,0.286,7.8,7.65,0.0392,1.18,0.918,76.5,62.0,180,61,800,8.0,23.6,11.1,9.7,10.5,11.9,10.2,12.5,11.4,9.1,10.4,23.7,8.6,14.5,175.0,0.00414,0.204,5.06,0.0,0.0,8.82
72.7,72.4,73.0,68.6,69.0,68.2,68.4,67.0,69.8,36.7,41.4,32.0,1.04,11.9,0.268,10.5,9.14,16.9,0.248,7.61,7.83,0.0372,1.13,0.889,135.0,100.0,210,91,1000,8.7,29.3,13.1,12.9,13.0,13.7,14.0,12.8,12.5,14.2,11.8,26.9,8.5,19.2,211.0,0.00258,0.2,4.37,0.0,0.0,9.34
60.7,59.8,61.6,71.1,71.0,71.2,58.6,57.8,59.4,45.6,54.6,36.6,0.985,10.7,0.287,9.29,8.62,14.6,0.266,7.03,6.85,0.0367,1.15,0.81,133.0,110.0,330,110,800,36.5,19.5,11.7,11.9,8.5,11.2,11.7,11.9,10.5,11.0,12.5,25.3,9.3,16.2,208.0,0.00331,0.183,0.0,0.0,0.0,23.8
54.3,54.4,54.2,56.3,55.6,57.0,53.8,53.6,54.0,40.8,47.8,33.8,0.754,8.74,0.232,7.88,7.41,11.4,0.222,5.97,5.43,0.0372,0.988,0.66,66.6,51.0,140,41,600,5.7,17.1,7.8,8.5,8.9,8.4,6.9,8.8,10.5,6.7,7.8,17.7,6.0,11.3,132.0,0.00442,0.2,8.18,0.0,0.0,14.0
58.6,60.4,56.8,69.3,67.6,71.0,59.2,58.0,60.4,45.7,40.8,50.6,1.0,10.8,0.258,9.52,8.56,14.3,0.239,6.91,6.46,0.0382,0.378,0.811,97.5,78.0,200,73,800,7.8,24.7,10.8,10.3,11.9,11.1,9.9,10.2,8.2,12.1,12.0,23.1,9.1,14.4,176.0,0.00385,0.211,9.31,0.0,0.0,18.1
49.9,51.6,48.2,73.5,74.0,73.0,52.5,51.0,54.0,54.7,58.8,50.6,0.683,8.5,0.197,7.58,6.9,10.6,0.182,5.67,5.24,0.0393,1.05,0.635,75.3,57.0,150,48,600,6.9,18.1,7.6,8.3,9.1,7.1,9.5,9.3,8.0,8.6,8.4,16.8,5.6,9.8,133.0,0.00353,0.195,18.5,0.0,0.0,26.7
61.4,61.8,61.0,69.7,70.0,69.4,66.1,65.4,66.8,45.4,47.4,43.4,0.942,10.5,0.256,9.29,8.62,14.2,0.234,6.59,5.88,0.0371,1.18,0.801,86.9,69.0,220,67,800,8.0,23.6,9.4,10.9,13.0,10.9,10.8,9.7,10.7,10.5,7.9,22.5,7.4,15.5,171.0,0.00386,0.198,11.9,0.0,0.0,17.9
69.1,68.0,70.2,72.1,71.8,72.4,64.7,64.4,65.0,34.4,36.2,32.6,1.01,10.8,0.281,9.38,8.99,15.5,0.26,6.98,7.2,0.0366,1.11,0.816,178.0,150.0,230,86,1000,18.4,30.0,13.7,12.3,12.1,14.5,13.1,13.8,12.7,13.6,11.8,26.1,9.4,18.9,220.0,0.00429,0.209,6.98,0.0,0.0,8.94
52.7,50.4,55.0,62.9,64.4,61.4,52.2,52.8,51.6,43.3,38.4,48.2,0.778,8.66,0.208,8.21,6.62,10.5,0.183,6.04,5.43,0.038,0.313,0.662,79.2,64.0,120,39,600,5.4,17.9,7.7,9.0,7.2,9.2,7.6,8.9,9.5,9.6,8.0,17.4,5.5,10.1,133.0,0.00362,0.185,17.0,0.0,0.0,32.1
59.4,60.2,58.6,73.7,73.2,74.2,60.1,60.0,60.2,44.8,39.2,50.4,0.974,10.8,0.264,9.49,8.58,14.2,0.242,6.84,6.66,0.0381,1.03,0.786,107.0,85.0,150,54,800,7.6,20.6,10.3,8.9,11.3,13.2,9.7,10.9,12.8,10.4,11.4,21.5,6.4,15.7,171.0,0.00339,0.204,21.6,0.0,0.0,17.5
52.9,53.0,52.8,60.5,58.2,62.8,54.2,55.6,52.8,35.7,34.6,36.8,0.68,7.89,0.212,7.13,6.55,10.0,0.193,5.37,4.77,0.038,0.302,0.604,65.6,48.0,100,38,600,6.5,16.4,10.1,8.3,7.5,7.4,8.4,7.8,6.5,8.2,6.4,17.5,4.9,13.8,130.0,0.0026,0.189,4.31,0.0,0.0,7.59
61.7,59.6,63.8,70.7,70.6,70.8,59.4,61.0,57.8,44.7,42.4,47.0,0.941,10.7,0.254,9.77,8.2,14.5,0.235,6.78,5.87,0.0384,0.38,0.795,80.3,64.0,170,49,800,6.4,18.5,10.4,11.1,11.2,11.1,9.8,10.5,9.9,11.1,11.0,22.8,6.9,15.4,166.0,0.00353,0.188,9.99,0.0,0.0,18.6
73.4,74.4,72.4,71.6,73.6,69.6,64.7,63.6,65.8,38.0,36.4,39.6,1.08,11.6,0.311,9.93,9.01,16.7,0.285,7.38,7.63,0.0369,1.13,0.898,166.0,130.0,460,140,1000,8.5,28.2,12.7,12.8,11.9,12.7,15.3,13.1,13.7,13.1,14.2,27.7,10.2,19.1,213.0,0.00264,0.2,4.3,0.0,0.0,9.68
54.7,56.8,52.6,63.6,64.0,63.2,57.1,58.0,56.2,40.4,38.6,42.2,0.757,8.79,0.204,8.09,6.75,10.6,0.19,6.07,5.76,0.0372,1.07,0.661,62.6,49.0,170,51,600,4.9,17.3,8.2,9.0,6.9,8.1,8.9,8.9,9.3,7.4,9.8,20.5,7.7,10.5,137.0,0.00425,0.211,5.96,0.0,0.0,13.1
56.9,56.4,57.4,67.4,68.0,66.8,52.8,52.4,53.2,45.1,48.8,41.4,0.761,8.63,0.218,7.94,7.11,11.1,0.197,5.74,5.16,0.0388,1.06,0.696,64.0,50.0,130,46,600,5.1,17.1,7.9,8.6,7.9,8.5,7.6,8.2,8.1,8.3,7.9,15.4,5.8,12.6,129.0,0.00388,0.198,9.59,0.0,0.0,17.3
71.8,71.4,72.2,69.3,68.6,70.0,62.5,61.0,64.0,35.6,32.4,38.8,1.02,11.3,0.298,9.6,9.03,16.0,0.273,6.98,7.22,0.0377,1.13,0.854,174.0,140.0,430,160,1000,8.5,26.7,14.2,14.9,13.9,12.6,15.5,11.8,12.1,13.9,13.0,29.2,10.4,17.0,214.0,0.00316,0.194,3.11,0.0,0.0,8.84
63.0,63.8,62.2,71.6,71.4,71.8,61.3,61.8,60.8,41.6,40.0,43.2,0.953,10.6,0.291,9.62,8.76,15.0,0.287,7.27,6.99,0.0367,1.07,0.816,129.0,110.0,270,120,800,48.6,20.2,9.7,8.2,10.5,11.8,10.3,9.1,11.6,9.7,10.3,21.2,6.5,12.7,200.0,0.00347,0.178,8.05,0.0,0.0,16.7
68.7,68.4,69.0,69.6,69.2,70.0,63.4,64.0,62.8,35.9,36.4,35.4,0.917,10.4,0.274,9.56,8.68,14.7,0.268,7.03,6.8,0.0372,1.06,0.807,81.1,64.0,180,65,800,6.3,22.6,10.3,10.5,11.7,11.4,12.7,10.0,12.1,12.2,10.1,24.1,8.8,15.9,179.0,0.00346,0.209,4.39,0.0,0.0,9.1
67.4,67.8,67.0,68.8,67.8,69.8,62.0,63.8,60.2,38.7,37.0,40.4,1.1,11.9,0.29,10.5,9.29,17.5,0.266,7.48,7.45,0.036,1.04,0.895,247.0,210.0,690,300,1000,32.8,27.2,12.1,12.5,12.8,11.5,12.9,12.4,14.0,12.6,10.5,24.4,8.0,17.1,221.0,0.00405,0.196,7.27,0.0,0.0,25.6
69.5,68.8,70.2,73.6,73.6,73.6,66.2,65.8,66.6,35.3,35.6,35.0,1.1,11.9,0.29,10.4,8.83,17.1,0.274,7.49,7.77,0.0371,1.23,0.883,146.0,110.0,220,80,1000,8.1,27.4,14.5,12.3,14.0,12.2,15.4,12.5,14.1,15.5,13.5,29.3,10.4,19.0,218.0,0.00337,0.2,3.02,0.0,0.0,9.4
52.6,53.6,51.6,67.3,67.0,67.6,52.6,52.6,52.6,49.8,42.6,57.0,0.728,8.91,0.208,7.59,7.04,10.8,0.183,5.82,5.49,0.0375,0.328,0.651,69.2,54.0,150,51,600,4.5,18.9,9.4,8.2,8.3,8.0,7.4,7.3,9.1,7.2,8.0,16.7,5.7,10.4,129.0,0.00374,0.199,13.4,0.0,0.0,22.3
68.9,67.6,70.2,75.3,73.8,76.8,66.1,64.8,67.4,40.2,33.6,46.8,1.1,12.1,0.307,10.6,9.09,17.6,0.273,7.21,7.29,0.0357,1.04,0.893,201.0,170.0,310,110,1000,9.0,28.0,13.7,13.4,12.5,15.7,14.8,12.8,13.0,11.7,13.7,28.1,10.0,19.5,216.0,0.00432,0.192,6.05,0.0,0.0,13.6
73.1,72.8,73.4,65.3,67.8,62.8,64.3,64.6,64.0,41.4,46.6,36.2,1.03,11.7,0.301,10.3,9.28,17.7,0.277,7.55,7.82,0.0386,1.12,0.847,242.0,210.0,610,230,1000,10.0,26.8,13.3,14.0,13.0,13.4,14.0,13.2,12.4,12.8,14.6,29.0,9.3,17.7,214.0,0.00301,0.212,6.01,0.0,0.0,12.6
58.4,58.8,58.0,69.4,68.2,70.6,60.2,61.8,58.6,41.2,42.2,40.2,0.92,10.8,0.267,9.38,8.6,14.6,0.244,6.73,6.19,0.0382,1.08,0.786,88.0,69.0,200,62,800,9.0,23.2,9.8,9.6,9.9,9.1,11.4,10.2,10.4,10.1,12.2,23.7,7.7,18.4,175.0,0.00405,0.193,7.09,0.0,0.0,14.4
66.5,65.0,68.0,64.5,63.4,65.6,59.6,60.0,59.2,35.5,37.0,34.0,1.15,12.4,0.314,11.7,9.6,16.6,0.296,8.2,7.68,0.0382,1.17,0.972,74.3,61.0,160,62,800,7.7,22.2,10.9,9.8,12.0,10.8,11.8,10.5,9.8,12.1,9.6,23.4,7.7,13.1,171.0,0.00328,0.199,3.33,0.0,0.0,8.73
71.3,72.0,70.6,72.4,74.4,70.4,62.0,62.8,61.2,51.2,52.2,50.2,1.06,12.0,0.297,10.2,9.25,17.6,0.278,7.33,7.79,0.0371,1.15,0.9,243.0,200.0,320,140,1000,9.3,26.4,11.9,13.4,15.0,14.4,12.4,13.9,11.9,12.7,13.2,27.3,9.9,18.0,210.0,0.00382,0.199,12.1,0.0,0.0,22.7
68.5,68.2,68.8,68.9,67.4,70.4,66.6,67.8,65.4,40.6,37.2,44.0,1.12,12.0,0.307,10.2,9.12,17.6,0.293,7.74,7.88,0.0387,1.21,0.911,186.0,170.0,420,110,1000,18.8,26.2,12.6,12.5,13.8,13.9,12.5,11.3,13.8,12.0,13.2,26.5,10.3,19.6,217.0,0.00392,0.212,11.6,0.0,0.0,27.4
68.0,67.6,68.4,81.1,79.2,83.0,64.5,63.2,65.8,56.4,56.6,56.2,1.06,11.6,0.311,10.2,8.89,17.6,0.282,7.07,7.62,0.0361,1.15,0.86,209.0,180.0,400,150,1000,8.4,31.0,13.5,13.6,12.6,14.7,13.1,12.7,12.0,13.9,13.8,24.4,8.4,17.6,210.0,0.00346,0.208,15.1,0.0,0.0,27.7
50.4,51.0,49.8,69.0,67.6,70.4,52.9,52.2,53.6,50.5,49.0,52.0,0.79,8.61,0.204,7.33,7.26,10.7,0.188,5.83,5.51,0.0372,1.04,0.679,88.7,73.0,120,46,600,5.2,16.9,9.0,8.3,7.3,8.7,6.9,8.4,7.9,8.8,8.4,16.3,5.2,11.8,129.0,0.00346,0.196,20.1,0.0,0.0,33.9
52.9,51.0,54.8,66.5,65.4,67.6,50.6,49.2,52.0,46.8,51.0,42.6,0.75,8.62,0.213,7.34,7.42,10.8,0.197,5.82,5.49,0.0364,1.04,0.642,70.3,55.0,140,49,600,6.2,20.1,9.4,7.4,7.5,7.5,8.7,7.2,8.6,7.6,9.3,16.5,6.0,11.1,133.0,0.00337,0.215,9.04,0.0,0.0,17.7
73.2,72.2,74.2,70.8,71.2,70.4,64.7,64.4,65.0,46.1,50.0,42.2,1.12,11.7,0.322,10.1,9.37,17.7,0.305,7.39,7.82,0.0365,1.12,0.899,182.0,150.0,430,180,1000,9.3,26.9,14.2,12.8,11.6,13.8,13.6,13.6,12.5,15.6,12.6,28.4,8.8,17.3,211.0,0.00425,0.208,10.2,0.0,0.0,17.6
71.9,73.2,70.6,68.0,66.8,69.2,65.6,67.2,64.0,41.8,46.4,37.2,1.03,12.0,0.306,9.98,9.2,17.5,0.276,7.32,7.7,0.0382,0.597,0.887,160.0,140.0,430,160,1000,10.2,27.8,13.3,13.6,12.4,12.0,14.1,13.7,13.6,14.8,13.9,26.7,9.3,18.5,214.0,0.00349,0.209,5.56,0.0,0.0,13.7
50.4,49.0,51.8,61.1,62.8,59.4,51.9,53.2,50.6,40.2,35.4,45.0,0.773,8.72,0.217,8.01,6.96,11.0,0.2,6.17,5.7,0.0372,1.08,0.663,64.4,51.0,120,38,600,5.9,18.0,8.6,9.6,7.6,6.4,6.7,8.1,9.2,8.3,8.1,16.9,5.2,10.6,129.0,0.00294,0.193,7.9,0.0,0.0,13.6
69.2,70.0,68.4,72.9,75.4,70.4,65.2,64.0,66.4,43.6,42.4,44.8,1.1,11.8,0.33,10.2,9.29,17.5,0.31,7.5,7.69,0.0378,1.08,0.878,190.0,150.0,410,140,1000,9.2,27.1,13.5,14.6,13.3,12.6,14.1,12.1,13.3,15.6,12.2,28.9,9.3,18.3,214.0,0.00292,0.193,8.54,0.0,0.0,18.6
60.8,59.6,62.0,69.4,70.6,68.2,61.6,60.2,63.0,45.6,40.2,51.0,0.916,10.7,0.254,9.75,8.16,14.4,0.236,6.74,5.92,0.0385,0.372,0.794,82.1,65.0,180,50,800,7.4,22.4,10.6,11.6,11.2,11.2,10.0,10.3,8.9,10.2,11.3,23.4,7.6,15.7,172.0,0.00362,0.203,10.1,0.0,0.0,19.2
69.7,71.0,68.4,68.2,66.8,69.6,70.7,70.4,71.0,35.2,40.0,30.4,1.03,11.7,0.276,10.3,8.76,16.3,0.255,7.13,6.61,0.0377,1.17,0.876,120.0,99.0,190,76,1000,9.9,27.8,13.1,13.7,14.6,14.2,14.9,13.2,14.2,14.1,15.5,26.1,7.6,20.3,219.0,0.00337,0.223,1.56,0.0,0.0,8.47
72.4,72.2,72.6,64.8,63.2,66.4,64.3,65.8,62.8,35.1,34.8,35.4,1.05,11.3,0.291,9.95,8.85,16.5,0.272,7.3,7.29,0.0362,1.16,0.847,221.0,160.0,360,110,1000,9.4,30.3,12.3,14.6,13.0,14.3,12.4,12.5,13.1,12.1,13.6,24.5,8.8,20.2,211.0,0.00308,0.191,3.03,0.0,0.0,7.25
53.0,51.4,54.6,70.7,71.8,69.6,55.1,53.4,56.8,42.8,45.6,40.0,0.758,8.55,0.21,7.86,6.97,10.5,0.186,6.0,5.77,0.038,0.961,0.657,68.7,53.0,170,42,600,6.4,14.9,8.2,8.4,8.4,8.5,8.3,9.4,7.1,7.4,7.5,15.3,5.5,10.1,125.0,0.00322,0.196,8.93,0.0,0.0,18.4
68.9,69.8,68.0,81.0,80.6,81.4,63.6,64.4,62.8,56.2,56.2,56.2,1.06,11.4,0.299,10.0,8.9,17.6,0.274,6.89,7.63,0.0372,1.06,0.87,191.0,160.0,290,130,1000,8.6,28.1,14.7,14.3,14.2,12.7,13.3,12.6,14.9,12.1,11.1,28.9,9.1,19.3,214.0,0.00243,0.218,13.8,0.0,0.0,26.8
61.9,63.6,60.2,63.1,63.2,63.0,61.2,62.2,60.2,36.5,33.8,39.2,0.782,9.27,0.222,8.2,7.43,11.6,0.224,5.9,5.46,0.0368,0.334,0.684,102.0,85.0,140,49,800,8.3,20.6,12.3,11.1,10.4,11.5,11.8,13.2,11.0,9.5,11.5,24.3,7.8,13.9,177.0,0.00249,0.202,5.41,0.0,0.0,16.4
57.9,57.2,58.6,69.5,69.8,69.2,52.4,49.0,55.8,51.3,56.2,46.4,0.797,8.58,0.22,7.62,7.07,10.8,0.199,5.86,5.56,0.0371,0.317,0.674,67.9,53.0,140,47,600,6.0,17.3,7.5,9.4,8.3,8.2,8.6,7.5,8.1,7.4,8.4,15.5,6.2,11.3,130.0,0.00267,0.187,13.2,0.0,0.0,22.0
62.2,61.6,62.8,69.8,70.8,68.8,64.1,63.8,64.4,38.6,38.4,38.8,0.828,9.77,0.229,8.69,7.65,12.7,0.21,6.26,5.95,0.0362,1.07,0.723,90.8,71.0,140,50,800,7.0,24.8,10.9,11.8,9.9,10.8,11.8,13.4,10.6,9.4,11.3,20.9,6.4,14.4,173.0,0.00306,0.193,4.29,0.0,0.0,8.91
58.8,60.0,57.6,69.0,69.0,69.0,62.9,62.8,63.0,44.5,41.0,48.0,0.924,10.8,0.259,9.92,8.33,14.6,0.243,6.7,5.92,0.0382,0.382,0.792,83.0,67.0,160,49,800,6.8,25.2,11.9,11.8,11.0,11.0,9.4,10.6,8.7,10.6,11.3,22.6,7.7,14.4,173.0,0.00367,0.182,10.9,0.0,0.0,18.8
65.6,66.2,65.0,62.9,61.0,64.8,61.9,60.2,63.6,37.6,40.6,34.6,0.927,10.8,0.262,9.68,8.38,14.5,0.243,6.9,6.07,0.0373,1.22,0.792,77.2,62.0,220,67,800,7.5,20.6,9.0,11.6,9.4,11.3,11.2,9.6,12.3,9.8,11.4,23.5,8.1,16.5,172.0,0.00398,0.184,5.53,0.0,0.0,9.67
65.8,63.6,68.0,67.3,67.2,67.4,58.9,59.6,58.2,37.4,37.2,37.6,0.866,9.56,0.24,8.6,7.91,12.6,0.215,6.44,6.18,0.0383,0.349,0.741,89.3,73.0,150,56,800,7.7,21.4,10.5,10.9,11.2,11.9,12.9,11.9,10.5,9.9,10.5,25.0,7.6,13.5,175.0,0.00344,0.194,4.47,0.0,0.0,8.09
50.0,50.2,49.8,38.0,39.4,36.6,50.4,51.4,49.4,40.6,39.4,41.8,0.862,10.0,0.243,8.86,8.64,13.1,0.226,6.58,5.79,0.0377,0.993,0.778,71.4,56.0,140,53,600,5.5,15.2,9.1,10.0,9.7,9.0,7.0,8.0,6.5,7.9,7.5,18.0,6.0,10.5,130.0,0.00281,0.2,16.7,0.0,0.0,24.2
52.4,55.2,49.6,55.8,57.6,54.0,53.4,52.2,54.6,53.1,48.4,57.8,0.962,9.86,0.265,8.96,8.23,12.8,0.247,6.58,6.26,0.0369,1.06,0.785,78.3,57.0,150,47,600,5.1,15.8,7.3,8.1,8.1,9.3,8.8,8.0,8.0,9.0,7.6,18.2,6.5,10.1,130.0,0.00368,0.186,18.3,0.0,0.0,26.4
52.4,54.8,50.0,57.3,57.2,57.4,55.0,56.6,53.4,34.7,35.6,33.8,0.656,7.81,0.186,7.12,6.08,9.44,0.168,5.34,4.85,0.0367,0.282,0.576,111.0,51.0,120,40,600,6.0,17.1,7.8,7.8,8.8,7.9,8.9,8.7,7.0,8.4,8.9,16.8,5.1,12.0,131.0,0.00374,0.203,5.85,0.0,0.0,9.16
51.5,52.2,50.8,66.4,67.6,65.2,52.2,51.6,52.8,50.2,51.4,49.0,0.739,8.65,0.211,7.55,7.07,10.9,0.197,5.86,5.48,0.0378,0.31,0.638,78.3,61.0,150,46,600,5.3,16.7,7.4,10.1,8.3,7.4,9.0,7.1,7.2,8.0,9.4,15.3,5.2,12.7,129.0,0.00332,0.207,14.8,0.0,0.0,21.9
70.4,70.0,70.8,66.8,67.0,66.6,80.3,81.0,79.6,37.9,39.0,36.8,1.22,13.0,0.346,11.5,9.99,19.2,0.32,8.16,8.24,0.0374,1.17,1.0,182.0,120.0,290,100,1000,8.3,27.8,14.7,13.8,12.9,12.8,11.3,12.4,13.4,13.0,12.2,27.5,8.7,17.3,206.0,0.00329,0.199,5.01,0.0,0.0,8.55
61.3,62.8,59.8,40.5,41.2,39.8,63.9,64.4,63.4,35.4,40.6,30.2,1.14,12.4,0.306,10.9,10.0,16.7,0.3,8.0,7.03,0.0373,1.29,0.946,78.9,64.0,160,57,800,7.3,20.3,11.6,11.5,11.2,10.0,10.3,11.6,12.0,10.6,12.1,22.8,7.6,15.0,174.0,0.00331,0.193,7.42,0.0,0.0,12.7
59.9,59.0,60.8,70.6,71.0,70.2,78.7,80.4,77.0,45.9,38.8,53.0,0.926,10.9,0.249,9.88,8.15,14.4,0.232,6.75,5.91,0.0383,0.757,0.802,79.7,64.0,150,54,800,6.2,21.7,10.5,10.2,10.9,11.4,10.1,11.9,10.9,11.4,11.2,23.0,6.3,14.1,170.0,0.0041,0.194,10.2,0.0,0.0,18.5
69.0,70.8,67.2,67.0,68.6,65.4,68.2,66.8,69.6,36.2,35.8,36.6,1.0,11.1,0.281,9.75,8.68,15.9,0.262,7.05,6.98,0.0359,1.09,0.82,180.0,130.0,200,80,1000,8.9,27.7,12.9,12.9,14.9,13.3,15.5,14.1,13.6,13.5,14.7,30.8,9.5,20.3,223.0,0.00376,0.191,4.41,0.0,0.0,21.2
53.8,55.6,52.0,58.1,61.4,54.8,52.6,52.6,52.6,40.0,46.6,33.4,0.743,8.72,0.209,7.91,7.27,10.9,0.195,5.77,4.76,0.0391,0.919,0.638,81.8,61.0,120,35,600,6.0,17.4,8.0,8.5,7.1,8.2,8.4,7.5,9.4,7.5,8.2,17.6,5.7,11.8,131.0,0.00261,0.179,9.78,0.0,0.0,0.0
51.2,51.6,50.8,62.7,60.8,64.6,53.1,52.0,54.2,39.3,36.2,42.4,0.715,8.67,0.206,7.8,6.86,10.5,0.185,6.04,5.32,0.0384,1.19,0.646,84.3,57.0,120,35,600,6.4,17.2,9.9,9.4,7.0,7.7,8.1,8.3,8.5,9.4,6.2,15.1,5.0,10.9,129.0,0.00337,0.192,5.82,0.0,0.0,13.0
71.0,72.6,69.4,69.4,69.6,69.2,68.1,68.8,67.4,45.8,47.2,44.4,1.13,12.7,0.322,11.1,9.95,19.2,0.304,7.82,8.17,0.0369,1.21,0.972,179.0,130.0,220,87,1000,9.2,27.9,12.5,12.4,12.7,13.6,13.7,16.1,13.1,13.1,14.1,27.8,9.1,18.8,214.0,0.00358,0.206,9.17,0.0,0.0,17.0
70.1,68.6,71.6,70.3,70.4,70.2,63.4,63.2,63.6,38.9,34.0,43.8,1.04,11.7,0.33,10.1,9.24,17.8,0.302,7.25,7.66,0.037,0.396,0.875,195.0,180.0,340,140,1000,9.0,28.0,14.3,14.5,14.3,14.5,12.1,16.2,13.6,13.0,13.6,29.2,10.3,16.8,219.0,0.00304,0.177,5.6,0.0,0.0,14.7
59.0,59.0,59.0,66.8,65.2,68.4,54.8,54.6,55.0,46.0,40.4,51.6,0.735,8.65,0.208,7.79,6.93,10.8,0.19,5.8,5.01,0.0373,1.06,0.672,65.0,51.0,150,49,600,6.2,18.2,8.5,8.8,8.5,10.2,8.2,9.4,5.8,8.0,6.3,18.3,6.2,10.3,133.0,0.00354,0.191,10.5,0.0,0.0,19.4
62.4,61.4,63.4,71.8,71.8,71.8,61.2,61.2,61.2,44.4,48.2,40.6,1.02,10.9,0.27,9.53,8.46,14.5,0.247,6.98,6.89,0.0378,1.03,0.803,126.0,100.0,260,69,800,27.8,23.3,12.1,10.8,10.8,11.8,9.7,10.5,9.4,11.7,11.5,24.3,8.0,14.2,196.0,0.00277,0.196,14.6,0.0,0.0,27.3
67.4,67.2,67.6,77.7,77.6,77.8,65.3,64.0,66.6,55.0,65.6,44.4,1.05,11.5,0.303,10.2,8.96,17.5,0.274,7.15,7.7,0.0367,1.07,0.86,212.0,190.0,540,180,1000,9.2,26.3,12.3,12.0,14.1,14.5,12.8,13.7,14.1,13.7,13.6,29.4,9.3,18.3,213.0,0.00417,0.212,15.0,0.0,0.0,26.1
55.0,52.2,57.8,60.9,60.8,61.0,55.2,54.4,56.0,40.9,40.2,41.6,0.76,8.83,0.233,7.85,7.31,11.4,0.222,5.91,5.3,0.0375,0.989,0.67,64.1,49.0,140,40,600,6.0,17.0,9.2,8.7,7.3,8.5,8.9,6.8,7.6,8.7,8.9,16.0,6.1,10.4,130.0,0.00288,0.181,7.35,0.0,0.0,13.3
51.3,52.6,50.0,65.8,63.4,68.2,51.4,51.2,51.6,43.2,50.4,36.0,0.674,8.54,0.198,7.7,6.83,10.6,0.188,5.84,5.32,0.0384,1.11,0.646,67.4,52.0,150,44,600,5.7,18.3,9.3,7.5,7.8,7.6,7.9,8.1,7.7,8.9,8.0,12.6,3.9,12.9,126.0,0.00273,0.212,10.8,0.0,0.0,19.0
59.3,60.0,58.6,71.4,72.4,70.4,52.0,49.6,54.4,56.8,60.0,53.6,0.752,8.66,0.206,7.67,7.08,11.1,0.189,5.63,4.7,0.0371,0.318,0.651,103.0,87.0,160,45,600,15.4,18.0,7.4,7.6,7.4,7.8,9.0,9.6,7.8,7.8,9.7,16.3,4.2,11.1,139.0,0.00597,0.175,22.4,0.0,0.0,37.6
66.8,66.2,67.4,77.0,77.4,76.6,63.6,64.4,62.8,51.8,49.6,54.0,1.14,12.0,0.302,10.4,8.94,17.4,0.275,7.34,7.58,0.0372,1.01,0.891,172.0,140.0,250,110,1000,8.4,27.9,12.6,14.9,14.2,14.8,13.1,14.0,15.7,12.7,12.8,27.9,8.5,18.4,216.0,0.00365,0.209,11.5,0.0,0.0,21.4
57.9,61.2,54.6,75.2,74.8,75.6,57.9,58.4,57.4,44.9,43.6,46.2,0.936,10.8,0.249,9.49,8.42,14.0,0.228,6.84,6.47,0.0383,0.369,0.783,91.3,72.0,160,64,800,7.8,21.6,10.0,12.4,10.7,11.2,9.5,9.8,11.5,11.7,10.1,22.5,6.7,16.1,172.0,0.00362,0.195,11.2,0.0,0.0,18.4
68.4,66.8,70.0,68.2,69.4,67.0,68.4,68.0,68.8,35.3,39.4,31.2,0.991,11.5,0.276,10.1,8.74,16.0,0.252,6.94,6.45,0.0386,1.16,0.849,127.0,100.0,220,79,1000,9.6,27.7,12.6,13.3,12.7,15.0,13.4,13.7,13.9,13.6,13.6,26.6,7.9,16.9,211.0,0.00345,0.215,3.05,0.0,0.0,9.86
60.8,61.4,60.2,64.0,62.8,65.2,62.3,63.0,61.6,36.7,32.0,41.4,0.985,10.5,0.263,9.44,8.48,14.0,0.255,7.16,6.88,0.0371,1.13,0.8,77.5,62.0,160,57,800,7.3,22.4,11.8,11.1,9.6,10.6,11.0,12.5,10.6,11.7,12.0,23.0,7.0,13.6,174.0,0.00386,0.2,2.83,0.0,0.0,8.61
66.7,66.8,66.6,74.9,73.0,76.8,58.9,56.6,61.2,43.4,43.4,43.4,0.97,10.8,0.262,9.24,8.7,14.5,0.239,6.87,6.58,0.0367,1.1,0.803,142.0,120.0,330,130,800,39.6,23.3,9.4,12.2,8.5,10.5,8.9,11.9,11.5,8.7,8.7,21.2,7.4,13.7,196.0,0.00422,0.189,11.6,0.0,0.0,0.0
52.0,53.0,51.0,73.0,75.8,70.2,50.1,47.8,52.4,55.4,53.4,57.4,0.714,8.71,0.203,7.97,6.89,10.6,0.186,5.81,5.46,0.0375,1.05,0.657,86.8,66.0,160,46,600,5.7,15.9,7.1,8.7,8.4,9.4,8.4,8.0,7.0,8.7,6.6,17.7,6.3,11.2,129.0,0.00374,0.199,19.3,0.0,0.0,60.0
51.1,52.2,50.0,71.7,71.8,71.6,51.3,49.2,53.4,50.4,46.6,54.2,0.67,8.56,0.196,7.53,7.2,10.7,0.186,5.75,5.31,0.0396,0.306,0.639,71.8,55.0,120,37,600,5.6,17.6,7.8,7.8,8.1,7.3,8.9,8.0,8.1,9.0,8.5,15.4,4.0,11.6,128.0,0.00357,0.19,14.1,0.0,0.0,22.2
49.1,49.0,49.2,74.7,75.8,73.6,52.8,53.0,52.6,54.1,59.8,48.4,0.726,8.53,0.211,7.53,7.17,11.1,0.203,5.72,5.44,0.0384,1.13,0.648,84.6,62.0,170,53,600,5.2,17.1,7.4,9.4,10.0,8.3,9.8,7.5,9.7,7.9,7.2,17.5,6.4,10.4,134.0,0.00435,0.2,15.9,0.0,0.0,26.6
60.3,58.0,62.6,63.3,62.2,64.4,62.9,64.0,61.8,33.9,36.0,31.8,1.09,11.8,0.298,11.1,9.0,15.7,0.284,7.75,7.33,0.0371,1.15,0.911,74.6,61.0,180,63,800,7.1,20.9,11.0,9.5,11.9,12.6,10.6,11.2,11.6,10.5,9.8,20.7,6.3,14.5,168.0,0.00326,0.203,1.5,0.0,0.0,8.77
69.2,68.2,70.2,74.5,73.6,75.4,68.5,67.8,69.2,51.7,45.8,57.6,1.06,11.7,0.291,10.2,8.99,17.2,0.275,7.06,7.51,0.0353,1.09,0.886,164.0,130.0,310,120,1000,11.2,27.9,12.0,13.8,14.0,13.2,12.4,15.3,12.6,13.8,13.4,24.9,8.5,17.3,210.0,0.00458,0.207,10.8,0.0,0.0,22.4
53.9,52.8,55.0,59.6,58.4,60.8,54.1,53.4,54.8,40.9,43.4,38.4,0.739,8.59,0.2,7.73,7.21,10.6,0.189,5.78,4.73,0.0372,0.922,0.648,63.9,46.0,120,38,600,5.7,16.9,7.8,8.5,8.1,6.3,7.9,8.7,8.6,9.3,5.9,16.7,6.4,12.2,129.0,0.0034,0.182,7.98,0.0,0.0,12.8
71.1,69.8,72.4,68.2,66.6,69.8,63.6,63.2,64.0,35.5,29.0,42.0,1.03,12.0,0.281,10.8,8.94,16.5,0.256,7.41,6.78,0.0374,1.18,0.899,116.0,96.0,200,81,1000,8.9,29.0,14.3,14.1,15.4,14.8,14.2,13.8,12.1,13.1,13.1,28.1,9.5,16.4,217.0,0.00316,0.202,2.84,0.0,0.0,8.95
69.8,68.4,71.2,72.3,74.0,70.6,69.1,69.8,68.4,36.9,33.4,40.4,1.08,11.9,0.292,10.6,8.99,17.1,0.278,7.58,7.74,0.0381,1.23,0.893,143.0,110.0,190,79,1000,8.7,28.1,14.2,12.7,11.5,13.2,14.7,12.0,15.2,13.5,14.1,27.2,8.3,18.2,212.0,0.00429,0.194,4.47,0.0,0.0,8.91
71.9,72.4,71.4,68.7,70.0,67.4,63.2,62.6,63.8,36.3,37.8,34.8,0.966,11.0,0.268,9.49,8.55,15.6,0.241,6.94,7.18,0.0381,1.15,0.808,268.0,210.0,310,98,1000,7.8,27.4,13.6,13.4,13.4,12.7,14.0,14.3,14.2,13.0,12.6,25.9,10.5,17.7,211.0,0.00419,0.194,2.94,0.0,0.0,9.2
55.9,55.4,56.4,72.1,73.4,70.8,54.2,56.8,51.6,57.4,52.8,62.0,0.759,8.38,0.21,7.56,6.88,10.4,0.206,5.61,5.24,0.037,1.08,0.66,87.3,61.0,160,48,600,5.7,18.2,7.7,8.6,7.4,7.0,8.7,7.5,9.3,9.4,8.3,17.3,5.9,10.1,131.0,0.00344,0.206,17.6,0.0,0.0,26.0
70.4,72.2,68.6,63.3,62.6,64.0,69.5,69.0,70.0,35.1,36.8,33.4,1.03,11.1,0.282,9.65,8.58,15.8,0.259,7.05,7.42,0.0363,1.15,0.834,238.0,180.0,310,100,1000,9.8,27.6,15.1,12.2,11.8,12.1,14.6,12.9,13.0,15.0,13.9,28.7,10.4,16.2,213.0,0.00343,0.188,4.39,0.0,0.0,9.17
61.9,62.0,61.8,78.2,80.2,76.2,60.5,60.0,61.0,56.6,55.6,57.6,0.971,10.7,0.261,9.1,8.37,14.1,0.23,6.78,6.74,0.0367,1.17,0.793,105.0,86.0,170,63,800,7.7,24.4,10.2,11.7,11.5,8.8,12.6,11.4,11.7,9.4,11.0,21.4,6.5,13.5,172.0,0.00427,0.206,15.1,0.0,0.0,28.4
53.0,52.2,53.8,70.5,72.6,68.4,53.5,53.8,53.2,49.3,48.8,49.8,0.737,8.64,0.214,7.64,7.01,10.9,0.199,5.97,5.57,0.0377,0.305,0.644,81.9,63.0,130,44,600,5.1,16.1,10.1,7.4,9.0,8.3,9.6,7.8,8.8,9.1,8.4,16.6,5.3,11.1,133.0,0.00352,0.198,14.6,0.0,0.0,22.6
70.9,70.4,71.4,72.5,71.2,73.8,65.0,65.2,64.8,45.3,40.8,49.8,1.15,11.9,0.331,10.2,9.35,17.7,0.32,7.41,7.83,0.0357,1.09,0.898,195.0,160.0,200,88,1000,10.2,27.0,13.8,14.2,12.2,11.5,13.4,14.0,13.8,13.0,14.6,28.7,11.0,17.0,214.0,0.00315,0.199,9.55,0.0,0.0,17.4
67.8,67.0,68.6,69.9,68.4,71.4,58.9,59.6,58.2,36.7,35.0,38.4,0.863,10.0,0.232,8.66,7.85,12.9,0.216,6.49,6.15,0.036,1.08,0.745,86.0,68.0,160,56,800,7.4,23.5,9.9,12.0,9.1,12.4,12.5,11.0,10.3,11.1,10.9,22.8,8.0,14.5,175.0,0.00385,0.2,4.31,0.0,0.0,7.37
53.8,54.8,52.8,60.7,59.6,61.8,56.0,55.6,56.4,37.5,38.2,36.8,0.656,8.19,0.2,7.37,6.48,9.99,0.183,5.22,4.25,0.0367,0.293,0.61,57.2,43.0,110,39,600,5.0,15.8,7.4,7.5,8.6,7.9,9.9,7.1,8.4,7.4,9.8,16.9,5.3,11.9,129.0,0.00318,0.196,4.27,0.0,0.0,9.24
58.7,59.8,57.6,67.7,67.2,68.2,52.9,51.8,54.0,47.8,42.8,52.8,0.794,8.69,0.212,7.38,7.51,11.0,0.2,5.94,5.15,0.0371,0.316,0.682,88.6,72.0,160,54,600,4.4,14.9,8.6,9.1,9.0,8.7,8.2,7.9,8.4,9.0,9.4,17.7,7.5,11.1,134.0,0.00325,0.192,17.2,0.0,0.0,34.0
52.7,52.2,53.2,59.3,59.0,59.6,54.6,55.8,53.4,38.6,40.6,36.6,0.751,8.74,0.202,7.83,7.3,10.6,0.194,5.74,4.75,0.0391,0.925,0.658,61.4,45.0,120,35,600,6.2,17.9,8.7,8.2,8.5,8.2,8.0,8.6,8.6,7.8,6.9,17.5,5.4,10.6,131.0,0.00336,0.181,7.49,0.0,0.0,14.3
67.4,65.4,69.4,72.3,72.4,72.2,60.9,59.4,62.4,46.6,40.2,53.0,1.1,11.9,0.301,10.8,9.13,16.1,0.283,7.74,7.74,0.0365,1.21,0.915,90.7,75.0,220,81,800,7.0,22.4,11.4,11.0,12.7,10.6,10.9,11.0,11.7,9.7,11.0,23.9,7.9,15.1,176.0,0.00474,0.219,8.46,0.0,0.0,19.7
65.6,65.2,66.0,67.9,68.4,67.4,62.1,62.0,62.2,32.8,36.0,29.6,1.03,11.1,0.279,10.4,8.59,14.8,0.267,7.26,6.75,0.0373,1.14,0.874,74.6,61.0,170,55,800,6.7,21.1,11.6,11.7,10.6,12.3,10.4,11.1,11.1,10.4,10.9,22.0,6.6,16.0,173.0,0.00335,0.194,3.01,0.0,0.0,9.2
50.7,50.8,50.6,57.0,56.8,57.2,55.1,56.4,53.8,35.5,37.0,34.0,0.711,8.3,0.219,7.5,6.88,10.7,0.201,5.69,4.87,0.038,0.315,0.631,61.2,44.0,100,34,600,5.2,17.2,8.4,7.9,9.0,8.8,9.4,7.0,6.2,7.2,8.9,18.0,6.3,12.0,132.0,0.00328,0.201,2.87,0.0,0.0,10.2
50.0,50.6,49.4,72.9,72.6,73.2,52.4,50.8,54.0,54.2,60.0,48.4,0.775,8.52,0.216,7.58,6.88,10.6,0.201,5.74,5.23,0.0364,1.08,0.664,107.0,72.0,140,51,600,6.1,17.6,8.6,8.7,7.5,7.4,6.7,7.7,8.6,9.2,9.3,17.9,6.2,11.0,133.0,0.00439,0.211,34.7,0.0,0.0,53.6
54.1,54.2,54.0,64.9,64.4,65.4,52.9,51.8,54.0,40.6,38.8,42.4,0.745,8.82,0.21,8.06,6.81,10.6,0.199,6.02,5.23,0.0378,1.13,0.659,121.0,82.0,560,68,600,34.5,17.0,6.5,8.7,8.9,8.0,7.4,9.3,8.5,8.6,7.4,17.1,5.6,11.9,159.0,0.00317,0.189,0.0,0.0,0.0,16.4
69.6,69.0,70.2,68.9,67.6,70.2,65.9,63.6,68.2,35.8,36.6,35.0,1.0,12.1,0.292,10.8,9.41,17.9,0.271,7.64,7.92,0.0376,0.413,0.886,145.0,110.0,280,110,1000,10.6,28.0,13.1,13.9,15.0,14.2,11.8,11.7,12.6,14.6,14.2,24.7,6.1,18.9,209.0,0.00326,0.21,4.42,0.0,0.0,8.06
66.8,66.8,66.8,59.9,61.2,58.6,62.0,61.8,62.2,37.0,42.0,32.0,0.887,10.6,0.248,9.45,8.13,13.8,0.232,6.67,6.06,0.0372,1.2,0.777,75.8,61.0,150,58,800,5.5,25.4,12.1,11.7,12.9,11.8,10.6,11.2,10.2,11.0,10.0,22.6,7.4,14.6,177.0,0.00357,0.186,4.1,0.0,0.0,8.5
51.2,50.2,52.2,59.1,61.0,57.2,54.8,53.4,56.2,36.3,33.6,39.0,0.694,8.53,0.197,7.62,6.83,10.4,0.181,5.86,5.25,0.0366,0.312,0.647,56.0,44.0,110,41,600,4.3,17.5,9.6,7.7,7.7,8.1,8.5,7.6,7.6,7.7,9.4,18.6,6.3,11.5,132.0,0.00367,0.196,4.2,0.0,0.0,8.9
62.2,59.8,64.6,66.6,69.0,64.2,62.2,64.2,60.2,38.8,38.6,39.0,0.997,10.9,0.269,9.95,8.39,14.5,0.247,7.32,6.91,0.0385,1.12,0.813,139.0,120.0,340,140,800,64.1,18.4,9.4,10.8,8.6,10.5,9.8,8.6,9.7,9.2,8.9,19.7,6.6,11.8,206.0,0.00393,0.184,6.99,0.0,0.0,15.6
69.4,70.2,68.6,71.6,74.4,68.8,64.0,64.0,64.0,36.4,35.8,37.0,0.97,11.0,0.258,9.83,8.38,15.2,0.243,7.01,7.27,0.0382,1.06,0.819,184.0,150.0,170,78,1000,9.4,29.3,10.9,14.3,13.1,14.4,13.9,13.0,13.5,14.6,15.1,26.7,8.6,18.1,215.0,0.00324,0.211,4.87,0.0,0.0,8.49
52.8,53.6,52.0,66.0,65.6,66.4,55.0,55.0,55.0,45.1,39.8,50.4,0.775,8.76,0.23,7.8,7.11,11.0,0.214,5.76,4.66,0.0387,0.317,0.645,70.5,54.0,130,43,600,5.9,16.0,7.9,7.5,7.7,7.2,10.1,7.0,7.7,9.8,8.3,17.8,5.6,11.8,130.0,0.00331,0.184,10.5,0.0,0.0,17.7
66.0,64.8,67.2,63.4,63.8,63.0,60.6,60.0,61.2,36.1,36.4,35.8,0.911,10.8,0.273,9.95,8.62,14.7,0.255,6.95,6.16,0.0374,1.23,0.83,76.7,62.0,150,56,800,7.5,21.6,10.5,11.6,11.5,11.6,11.4,9.9,12.0,10.0,10.1,23.8,7.5,15.1,174.0,0.00303,0.185,3.61,0.0,0.0,9.18
50.0,48.8,51.2,68.7,70.4,67.0,55.3,57.2,53.4,43.6,51.4,35.8,0.743,8.76,0.217,7.73,7.33,11.1,0.195,6.03,5.44,0.0381,0.312,0.656,75.4,58.0,120,42,600,5.2,17.8,8.5,8.9,8.0,9.5,7.5,8.2,7.0,7.8,8.6,18.1,6.8,10.2,132.0,0.00257,0.185,11.4,0.0,0.0,16.9
49.2,49.0,49.4,72.5,74.2,70.8,50.2,48.2,52.2,53.0,56.4,49.6,0.763,8.48,0.22,7.82,6.78,11.0,0.202,5.44,4.85,0.0368,1.07,0.641,72.1,54.0,160,44,600,5.6,18.7,8.4,7.4,7.4,8.2,8.1,8.3,8.1,6.6,8.0,15.4,3.9,12.5,127.0,0.00283,0.193,20.0,0.0,0.0,27.2
48.9,48.6,49.2,62.5,63.8,61.2,54.4,56.0,52.8,39.8,43.4,36.2,0.766,8.61,0.22,8.06,7.17,11.1,0.199,6.05,5.59,0.0372,1.07,0.654,65.1,52.0,120,39,600,5.3,15.9,9.0,9.2,7.1,6.7,8.0,9.6,8.7,10.0,7.5,16.4,4.8,11.2,129.0,0.00473,0.192,6.97,0.0,0.0,13.9
54.6,54.4,54.8,71.0,70.4,71.6,53.9,53.2,54.6,53.6,43.6,63.6,0.752,8.49,0.212,7.57,6.89,10.6,0.21,5.67,5.29,0.037,1.08,0.645,85.2,60.0,130,49,600,7.1,16.8,7.3,10.1,7.7,8.4,8.5,9.4,8.4,7.2,8.4,18.0,7.8,10.3,135.0,0.00363,0.195,19.1,0.0,0.0,25.6
57.9,57.8,58.0,72.8,73.6,72.0,54.0,55.0,53.0,56.1,54.4,57.8,0.783,8.46,0.209,7.6,7.14,10.8,0.192,5.9,5.48,0.0377,1.03,0.664,89.2,61.0,160,51,600,5.5,17.7,8.2,8.9,6.8,7.5,8.2,8.1,7.3,7.4,5.9,18.2,6.1,10.9,127.0,0.0035,0.208,18.0,0.0,0.0,25.9
69.7,71.4,68.0,64.9,66.2,63.6,66.0,65.6,66.4,37.0,36.0,38.0,1.1,11.7,0.307,10.2,8.92,17.4,0.287,7.36,7.52,0.0363,1.17,0.877,196.0,130.0,330,120,1000,9.2,28.2,13.4,13.2,13.3,10.8,13.3,12.7,12.4,12.4,11.1,27.2,9.2,18.9,205.0,0.0028,0.178,2.89,0.0,0.0,9.56
60.1,59.2,61.0,70.1,71.0,69.2,61.4,61.0,61.8,45.4,47.6,43.2,0.936,10.9,0.262,9.85,8.32,14.6,0.241,6.75,5.93,0.0383,1.17,0.799,106.0,91.0,130,52,800,13.3,22.8,12.2,12.2,11.6,10.2,12.0,10.4,9.8,13.0,9.6,24.1,8.4,13.8,183.0,0.00258,0.201,17.1,0.0,0.0,30.0
69.4,69.8,69.0,78.5,75.2,81.8,64.4,64.2,64.6,50.2,49.8,50.6,1.05,11.9,0.282,9.88,9.17,17.5,0.271,7.18,7.67,0.0358,1.09,0.87,191.0,160.0,280,110,1000,9.8,27.0,13.1,12.0,15.0,13.8,15.2,13.1,14.3,13.7,12.6,27.7,9.5,19.8,217.0,0.00203,0.191,12.7,0.0,0.0,21.6
53.0,51.8,54.2,72.0,70.2,73.8,52.7,52.6,52.8,54.6,51.2,58.0,0.732,8.44,0.201,7.48,6.91,10.4,0.192,5.65,5.23,0.0362,1.08,0.641,91.9,64.0,160,51,600,5.3,16.5,8.7,8.2,6.9,7.3,7.6,7.6,6.9,9.1,9.0,17.1,5.0,11.4,127.0,0.00395,0.21,16.4,0.0,0.0,27.5
59.5,61.4,57.6,64.5,67.0,62.0,65.5,65.6,65.4,36.5,43.4,29.6,0.862,9.31,0.242,8.6,7.44,12.3,0.223,5.96,5.63,0.036,0.33,0.718,94.4,80.0,120,51,800,7.3,24.7,10.7,11.0,11.7,11.8,9.9,11.2,11.2,11.1,10.8,25.8,7.4,14.4,179.0,0.0033,0.186,6.72,0.0,0.0,17.4
67.6,67.0,68.2,59.5,58.6,60.4,66.8,66.0,67.6,35.1,28.8,41.4,1.07,11.4,0.296,10.1,8.86,17.0,0.271,7.36,7.47,0.0381,1.17,0.856,203.0,130.0,210,88,1000,10.3,28.0,14.0,13.8,13.3,14.9,14.0,13.3,13.8,13.7,13.2,31.7,9.9,18.7,223.0,0.00326,0.185,4.38,0.0,0.0,8.03
67.4,66.6,68.2,78.1,79.2,77.0,63.2,64.2,62.2,57.5,53.6,61.4,1.07,11.7,0.312,10.3,8.85,17.6,0.287,6.96,7.37,0.0365,1.18,0.863,174.0,150.0,320,130,1000,7.9,26.8,15.2,12.5,14.5,14.7,13.2,12.6,14.6,13.6,11.1,27.3,9.2,21.0,214.0,0.00459,0.19,16.8,0.0,0.0,27.1
63.4,61.4,65.4,71.7,69.0,74.4,64.5,64.6,64.4,40.1,41.6,38.6,0.97,10.9,0.275,9.79,8.64,14.9,0.251,7.25,6.94,0.0374,1.15,0.787,133.0,110.0,320,130,800,65.4,18.2,9.9,8.6,7.9,8.3,10.3,10.2,9.8,8.7,10.1,17.8,5.9,16.2,207.0,0.00327,0.197,0.0,0.0,0.0,15.1
58.8,57.0,60.6,61.4,60.2,62.6,55.2,55.2,55.2,38.9,43.8,34.0,0.755,8.89,0.214,7.84,7.64,11.2,0.203,5.87,4.8,0.0392,0.339,0.685,58.8,43.0,120,42,600,6.6,16.3,7.4,8.4,9.0,7.2,9.5,9.1,8.0,7.2,9.5,15.6,4.4,10.5,129.0,0.00322,0.206,7.16,0.0,0.0,12.4
68.6,69.4,67.8,62.6,61.4,63.8,65.5,65.2,65.8,37.8,34.8,40.8,1.02,11.2,0.276,9.96,8.34,14.9,0.252,6.58,6.21,0.0378,1.15,0.831,153.0,130.0,210,80,1000,7.9,30.8,14.2,13.1,13.0,13.6,14.9,12.4,12.1,12.7,15.3,27.1,8.3,18.3,214.0,0.00258,0.203,1.4,0.0,0.0,20.2
54.3,55.6,53.0,61.9,61.2,62.6,56.9,56.4,57.4,33.3,33.2,33.4,0.665,8.23,0.19,7.28,6.68,9.92,0.175,5.64,5.05,0.0377,0.303,0.621,57.0,45.0,110,42,600,6.6,17.3,7.9,8.4,7.8,7.1,8.9,8.0,8.1,7.8,8.2,16.9,5.4,11.0,129.0,0.00362,0.193,5.77,0.0,0.0,9.43
52.5,53.6,51.4,74.3,77.2,71.4,53.5,52.2,54.8,54.4,60.8,48.0,0.746,8.66,0.208,7.91,6.48,10.4,0.195,5.52,4.91,0.036,1.07,0.647,68.4,52.0,150,46,600,6.3,17.1,7.9,7.5,7.7,8.3,6.0,8.1,9.7,7.5,7.7,15.9,6.3,12.2,128.0,0.00412,0.206,17.8,0.0,0.0,28.5
51.2,51.6,50.8,71.0,70.0,72.0,53.5,54.0,53.0,50.4,56.2,44.6,0.774,8.52,0.201,7.89,6.8,10.5,0.187,5.81,5.47,0.0364,0.319,0.659,73.9,59.0,140,47,600,5.1,16.9,8.1,8.2,7.7,8.6,9.5,9.2,8.3,7.5,8.2,17.5,6.0,11.2,132.0,0.00415,0.194,14.7,0.0,0.0,22.5
53.3,54.0,52.6,69.1,69.2,69.0,54.4,52.2,56.6,52.0,50.4,53.6,0.762,8.73,0.21,7.86,6.71,10.5,0.193,5.82,5.45,0.0376,0.311,0.638,68.8,53.0,140,54,600,5.2,19.6,7.7,8.2,8.4,9.5,8.4,8.4,6.6,7.0,8.3,17.3,5.9,11.1,132.0,0.00322,0.204,12.9,0.0,0.0,24.2
60.4,59.6,61.2,67.5,67.8,67.2,58.8,58.6,59.0,36.8,39.2,34.4,0.944,10.1,0.255,8.87,8.14,13.5,0.248,6.76,6.39,0.0369,1.12,0.767,81.4,64.0,140,53,800,7.3,21.1,10.3,10.7,12.4,11.4,11.9,9.2,11.4,12.2,9.8,24.5,8.7,14.5,175.0,0.00263,0.192,3.01,0.0,0.0,8.33
71.5,70.8,72.2,69.9,69.8,70.0,68.0,67.2,68.8,35.2,33.4,37.0,1.16,12.5,0.295,11.1,9.73,18.2,0.275,8.07,8.17,0.0362,1.15,0.968,132.0,100.0,200,88,1000,12.2,28.7,12.1,14.7,14.7,14.5,14.0,14.1,13.5,13.3,11.5,28.9,11.0,18.4,222.0,0.00448,0.199,4.09,0.0,0.0,8.52
51.8,53.6,50.0,64.5,64.2,64.8,55.0,54.6,55.4,38.7,39.8,37.6,0.753,8.62,0.208,8.11,6.82,10.9,0.195,6.03,5.62,0.0385,1.07,0.67,62.1,49.0,120,42,600,6.2,16.7,9.3,7.5,7.7,9.5,6.6,8.6,8.0,7.9,8.2,17.4,6.6,12.4,133.0,0.0032,0.191,5.44,0.0,0.0,13.6
53.6,53.8,53.4,74.5,73.6,75.4,52.8,54.0,51.6,56.6,50.0,63.2,0.71,8.57,0.212,7.49,7.44,11.3,0.194,5.56,4.88,0.0383,0.95,0.675,72.9,56.0,160,50,600,5.8,15.2,8.7,9.0,7.3,7.2,9.7,8.5,9.6,6.3,9.0,17.0,5.1,12.7,131.0,0.00447,0.209,18.3,0.0,0.0,29.6
68.4,68.2,68.6,75.2,75.0,75.4,64.3,64.4,64.2,49.2,56.4,42.0,1.04,11.9,0.286,10.4,8.81,17.2,0.26,7.09,6.68,0.0382,1.14,0.859,180.0,160.0,260,110,1000,7.9,28.3,14.5,12.9,13.6,14.0,12.6,14.9,12.6,14.8,15.4,25.6,7.8,17.0,212.0,0.00478,0.196,13.0,0.0,0.0,20.5
62.9,62.6,63.2,70.5,68.4,72.6,64.7,65.8,63.6,35.0,35.8,34.2,0.926,10.2,0.266,9.3,8.36,14.0,0.244,6.94,6.78,0.0392,1.14,0.787,80.2,65.0,150,53,800,7.8,22.4,10.7,10.8,12.4,11.4,10.5,11.0,10.1,10.3,11.8,21.5,7.4,13.8,172.0,0.00259,0.202,2.87,0.0,0.0,6.92
62.4,63.2,61.6,67.5,71.2,63.8,61.9,61.6,62.2,38.0,38.2,37.8,0.922,9.94,0.264,8.83,8.14,13.5,0.241,6.78,6.54,0.0376,1.13,0.771,83.0,68.0,140,56,800,5.8,21.4,9.3,10.3,10.8,12.5,10.2,10.0,11.3,11.3,12.7,23.7,7.9,17.8,175.0,0.00323,0.204,2.93,0.0,0.0,8.99
65.8,66.8,64.8,70.0,71.4,68.6,63.8,64.2,63.4,35.1,36.6,33.6,0.886,10.1,0.252,9.11,8.21,13.5,0.238,6.63,6.42,0.0379,1.05,0.776,81.5,63.0,160,58,800,8.7,23.9,12.0,10.4,10.8,11.7,11.5,11.4,9.9,9.8,12.0,23.8,8.7,11.8,176.0,0.00332,0.212,4.33,0.0,0.0,7.97
61.7,61.0,62.4,61.6,61.6,61.6,61.7,62.8,60.6,36.9,36.0,37.8,0.841,10.2,0.233,9.1,7.88,13.0,0.219,6.41,5.78,0.039,1.2,0.741,79.2,64.0,150,54,800,7.6,23.2,11.5,11.4,11.4,10.4,9.2,12.1,11.0,11.8,12.6,23.6,7.6,15.3,179.0,0.00405,0.187,4.8,0.0,0.0,10.6
49.5,50.0,49.0,69.8,68.8,70.8,52.3,51.2,53.4,51.8,53.0,50.6,0.749,8.58,0.206,7.71,7.04,10.8,0.189,5.95,5.52,0.0383,0.957,0.653,99.6,82.0,170,51,600,6.0,17.5,8.6,7.4,7.6,9.0,8.9,8.9,7.9,7.1,7.7,15.0,4.7,9.7,126.0,0.00267,0.214,22.5,0.0,0.0,36.6
53.3,52.8,53.8,69.3,70.4,68.2,51.7,50.8,52.6,50.1,52.0,48.2,0.739,9.37,0.217,8.19,8.02,12.1,0.203,6.36,5.85,0.0384,0.33,0.714,70.5,54.0,170,51,600,6.3,16.5,7.5,7.9,8.9,9.2,8.6,7.6,10.1,8.3,7.6,16.4,5.4,11.7,132.0,0.00375,0.219,12.2,0.0,0.0,23.4
60.9,58.8,63.0,68.3,65.8,70.8,60.7,60.6,60.8,45.0,52.2,37.8,1.04,10.9,0.27,9.6,8.59,14.5,0.251,7.11,6.88,0.0369,1.04,0.81,143.0,120.0,370,150,800,60.4,21.2,9.6,8.3,10.6,10.7,9.5,10.2,9.3,9.3,10.6,21.4,7.2,12.9,211.0,0.00324,0.18,0.0,0.0,0.0,21.4
69.5,69.0,70.0,69.4,67.2,71.6,75.0,73.2,76.8,41.5,42.0,41.0,1.11,12.6,0.322,10.5,10.0,18.7,0.296,7.77,8.3,0.0362,0.461,0.972,163.0,140.0,430,150,1000,10.1,29.7,11.6,14.1,15.1,14.9,14.4,14.5,14.2,12.0,11.5,27.4,10.0,18.0,218.0,0.0034,0.205,4.62,0.0,0.0,14.3
70.3,71.8,68.8,79.4,79.6,79.2,64.3,63.0,65.6,56.9,49.2,64.6,1.11,11.9,0.3,10.2,8.77,17.4,0.278,7.02,7.67,0.0359,0.844,0.875,172.0,140.0,340,130,1000,8.4,30.0,14.7,14.6,12.0,12.2,12.7,13.9,14.3,11.6,13.3,24.2,8.0,19.7,210.0,0.00413,0.221,13.7,0.0,0.0,25.3
68.8,69.4,68.2,75.8,77.4,74.2,69.1,70.4,67.8,34.3,36.2,32.4,1.04,11.2,0.289,9.8,8.63,16.0,0.268,6.99,7.26,0.0357,1.2,0.832,183.0,160.0,200,81,1000,8.8,29.2,12.4,13.2,15.5,14.1,12.8,14.6,13.8,14.2,12.6,27.5,9.1,17.6,215.0,0.0046,0.193,1.54,0.0,0.0,9.31
68.5,67.8,69.2,77.4,78.4,76.4,64.1,64.4,63.8,51.9,50.6,53.2,1.06,11.9,0.287,10.1,8.93,17.1,0.274,7.11,7.72,0.0364,1.1,0.885,187.0,160.0,270,110,1000,9.1,29.6,12.4,11.1,13.8,13.0,14.0,13.3,13.4,14.1,12.0,27.4,11.1,19.3,214.0,0.00338,0.204,12.3,0.0,0.0,21.8
70.4,71.6,69.2,72.2,71.2,73.2,66.2,65.4,67.0,37.0,38.0,36.0,0.974,10.9,0.26,9.78,8.44,15.1,0.243,6.73,6.93,0.0372,1.05,0.804,201.0,180.0,390,95,1000,14.7,27.4,12.4,14.7,12.1,12.9,14.5,13.4,14.6,13.1,14.4,27.4,8.7,18.0,218.0,0.00295,0.192,6.83,0.0,0.0,8.87
61.2,61.6,60.8,66.8,66.0,67.6,60.1,61.0,59.2,36.7,38.4,35.0,0.821,9.54,0.226,8.6,7.69,12.2,0.208,6.28,6.03,0.0386,0.339,0.724,92.6,72.0,120,47,800,8.2,23.6,11.4,10.2,9.0,10.4,10.1,11.8,11.8,11.3,11.4,20.5,6.7,13.6,170.0,0.00296,0.199,3.49,0.0,0.0,8.47
53.1,52.6,53.6,69.9,70.8,69.0,53.0,53.0,53.0,50.1,59.6,40.6,0.792,8.71,0.213,7.43,7.28,10.6,0.193,5.91,5.56,0.0381,1.04,0.68,80.4,64.0,140,49,600,5.6,15.0,9.5,8.7,8.6,9.2,8.2,8.4,8.2,8.4,7.0,19.0,6.9,9.6,132.0,0.00348,0.19,27.8,0.0,0.0,22.2
52.5,51.2,53.8,73.5,74.0,73.0,51.0,51.8,50.2,53.4,57.0,49.8,0.755,8.45,0.213,7.47,6.9,10.7,0.201,5.68,5.18,0.0374,1.08,0.658,115.0,76.0,140,50,600,5.3,16.2,9.3,8.9,7.9,7.6,6.5,8.7,8.7,8.2,9.8,17.3,6.1,10.1,131.0,0.00316,0.197,30.3,0.0,0.0,47.2
49.3,49.2,49.4,76.8,77.0,76.6,52.6,54.4,50.8,55.9,58.8,53.0,0.75,8.41,0.211,7.81,6.66,10.7,0.198,5.5,4.92,0.0377,1.07,0.646,70.5,53.0,160,49,600,5.3,16.7,7.6,8.1,8.2,8.3,6.7,8.4,9.0,6.6,7.9,14.8,4.7,12.0,124.0,0.00344,0.197,17.9,0.0,0.0,24.4
53.5,50.8,56.2,64.7,64.2,65.2,52.3,50.6,54.0,39.5,45.4,33.6,0.782,8.8,0.224,7.95,7.23,11.4,0.205,6.09,5.48,0.0366,1.08,0.66,85.2,75.0,160,44,600,20.5,16.7,8.9,8.8,9.0,8.8,8.2,8.4,8.2,7.3,8.5,17.8,6.8,12.6,151.0,0.00447,0.179,0.0,0.0,0.0,18.0
71.0,72.4,69.6,77.0,76.8,77.2,66.6,66.4,66.8,43.4,37.4,49.4,1.13,11.7,0.34,10.1,9.31,17.7,0.315,7.3,7.78,0.0358,1.09,0.893,231.0,200.0,700,260,1000,25.2,28.1,12.3,13.9,12.8,12.5,11.5,12.6,12.7,12.9,11.4,26.3,9.0,18.8,220.0,0.00299,0.198,10.5,0.0,0.0,35.0
68.7,69.6,67.8,77.8,81.2,74.4,62.2,61.8,62.6,49.5,38.6,60.4,1.05,12.0,0.28,10.2,8.76,17.3,0.263,6.98,6.71,0.0375,1.14,0.867,197.0,180.0,340,130,1000,9.1,30.9,12.1,13.3,13.6,11.6,13.7,12.8,14.5,13.3,13.8,27.7,9.0,19.8,215.0,0.0051,0.2,13.7,0.0,0.0,25.3
51.5,50.4,52.6,74.0,77.4,70.6,51.1,51.8,50.4,54.6,55.8,53.4,0.69,8.52,0.196,7.83,6.85,10.6,0.175,5.75,5.29,0.0392,1.06,0.646,81.6,61.0,160,45,600,5.6,16.2,9.1,7.9,7.0,8.5,8.7,9.8,7.9,8.5,8.0,15.2,4.7,12.0,129.0,0.00438,0.212,16.3,0.0,0.0,28.3
59.7,58.8,60.6,76.1,77.2,75.0,62.1,60.8,63.4,48.0,53.4,42.6,1.07,11.7,0.289,10.6,9.38,15.8,0.271,7.74,7.64,0.0365,1.14,0.912,91.7,74.0,190,70,800,8.4,21.9,9.8,10.8,10.5,11.9,12.0,10.2,9.7,11.2,10.3,24.0,8.7,14.4,174.0,0.00439,0.203,13.5,0.0,0.0,23.6
49.4,50.2,48.6,58.2,58.0,58.4,51.0,50.8,51.2,35.0,27.2,42.8,0.649,7.6,0.188,6.85,6.03,9.26,0.166,5.24,4.81,0.0364,0.28,0.565,116.0,52.0,94,37,600,5.5,15.4,8.7,8.9,9.0,7.2,8.6,6.5,7.0,8.2,10.8,17.2,5.3,12.1,130.0,0.00382,0.217,4.29,0.0,0.0,9.72
60.5,61.8,59.2,69.3,68.6,70.0,60.3,58.0,62.6,45.5,51.8,39.2,0.947,10.4,0.254,9.38,8.65,14.2,0.242,6.86,5.92,0.037,1.23,0.799,132.0,110.0,310,110,800,47.3,22.7,9.1,10.2,12.2,9.2,10.8,11.1,8.8,9.5,9.8,19.9,6.6,13.9,201.0,0.0031,0.193,11.6,0.0,0.0,0.0
63.3,64.6,62.0,67.9,68.4,67.4,62.2,62.0,62.4,36.1,36.4,35.8,0.963,10.3,0.264,9.48,7.95,13.4,0.241,6.68,6.05,0.0364,1.1,0.786,77.8,63.0,170,57,800,8.2,22.1,11.8,12.5,10.5,11.7,10.3,11.4,10.2,11.0,11.3,23.4,8.6,12.7,176.0,0.00327,0.198,3.06,0.0,0.0,9.93
69.8,69.2,70.4,78.5,79.0,78.0,62.6,62.8,62.4,55.6,58.2,53.0,1.06,11.7,0.289,10.2,9.16,17.3,0.259,7.1,7.72,0.037,1.23,0.881,195.0,180.0,320,140,1000,9.3,26.9,12.7,15.8,14.8,13.9,13.7,13.7,14.3,13.1,16.2,27.5,10.4,18.9,221.0,0.00378,0.204,14.5,0.0,0.0,27.9
53.1,51.8,54.4,68.8,68.6,69.0,53.1,52.4,53.8,48.4,47.8,49.0,0.783,8.63,0.227,7.68,7.29,11.2,0.211,5.83,5.43,0.037,1.08,0.682,69.7,54.0,170,49,600,6.0,15.9,9.0,7.9,8.7,7.2,8.6,9.0,9.4,7.2,6.7,17.2,6.6,12.1,132.0,0.00303,0.188,10.2,0.0,0.0,16.9
66.8,67.4,66.2,78.8,77.4,80.2,60.8,60.0,61.6,54.4,59.4,49.4,0.999,11.0,0.296,9.91,8.92,15.6,0.273,7.0,6.87,0.0354,0.376,0.839,101.0,83.0,270,80,800,6.7,23.5,12.7,12.4,11.2,10.9,12.0,12.3,10.4,10.2,8.9,23.5,8.7,16.8,180.0,0.00302,0.209,15.5,0.0,0.0,27.9
71.5,71.0,72.0,69.8,71.0,68.6,80.0,79.6,80.4,41.4,43.2,39.6,1.06,11.8,0.329,10.2,9.26,18.1,0.306,7.34,7.61,0.0372,0.928,0.885,194.0,180.0,340,140,1000,8.6,23.6,15.4,13.9,12.3,12.7,14.0,14.5,12.7,13.3,12.3,28.1,9.8,18.9,210.0,0.00359,0.196,4.66,0.0,0.0,13.6
70.7,71.8,69.6,71.4,70.4,72.4,64.5,62.8,66.2,36.6,37.4,35.8,1.03,11.5,0.273,10.2,9.02,16.8,0.253,7.53,7.62,0.0363,1.12,0.854,141.0,110.0,210,81,1000,10.1,27.6,13.9,14.1,12.7,13.2,13.4,13.3,14.7,13.3,13.0,29.2,7.5,19.4,215.0,0.00209,0.207,2.89,0.0,0.0,9.11
71.3,70.4,72.2,77.1,77.8,76.4,62.6,63.2,62.0,50.2,45.8,54.6,1.06,11.7,0.302,10.1,9.16,17.6,0.279,7.33,7.8,0.0377,1.15,0.891,241.0,200.0,390,190,1000,9.5,25.6,12.3,11.7,14.3,12.1,12.6,12.4,12.9,12.2,13.3,25.8,9.4,19.3,203.0,0.00312,0.207,13.2,0.0,0.0,23.1
53.9,54.0,53.8,58.3,60.4,56.2,52.8,51.8,53.8,40.2,36.2,44.2,0.759,8.69,0.202,7.74,7.18,10.6,0.194,5.66,4.74,0.0382,0.926,0.651,62.5,45.0,120,36,600,5.1,14.3,8.2,9.1,8.2,8.2,7.8,8.8,7.8,8.1,6.5,17.3,6.4,11.4,127.0,0.0034,0.185,8.66,0.0,0.0,13.6
55.0,55.6,54.4,62.3,63.2,61.4,55.8,57.4,54.2,45.6,51.4,39.8,0.786,8.85,0.231,7.85,7.14,10.8,0.217,5.61,4.7,0.0377,0.325,0.655,65.7,50.0,140,43,600,6.4,16.9,10.1,8.2,8.8,8.8,8.5,9.6,8.2,7.3,7.4,17.3,6.1,9.6,133.0,0.00394,0.19,8.73,0.0,0.0,18.9
54.0,52.8,55.2,72.4,71.8,73.0,53.5,54.8,52.2,57.9,54.0,61.8,0.72,8.53,0.211,7.57,7.15,11.2,0.192,5.52,4.74,0.0365,0.946,0.655,76.7,59.0,170,51,600,6.2,18.3,8.7,7.8,6.2,8.5,7.1,6.3,7.4,9.4,7.4,15.4,4.6,13.3,127.0,0.00333,0.205,18.3,0.0,0.0,24.2
52.6,52.0,53.2,73.0,74.8,71.2,54.3,53.8,54.8,53.9,60.6,47.2,0.715,8.39,0.206,7.43,7.01,10.4,0.185,5.68,5.31,0.0373,1.05,0.644,74.3,57.0,140,48,600,6.0,18.3,7.9,8.0,8.3,8.3,7.8,8.8,7.6,9.2,8.1,16.0,6.1,9.1,130.0,0.00366,0.19,17.6,0.0,0.0,26.9
52.9,53.0,52.8,76.2,79.4,73.0,53.1,53.2,53.0,53.7,45.2,62.2,0.742,8.7,0.21,7.71,7.31,10.9,0.193,5.83,5.48,0.0375,1.06,0.673,73.9,56.0,160,51,600,5.9,15.9,8.0,8.1,8.5,9.1,6.7,7.7,7.2,9.0,7.0,15.9,5.9,10.0,125.0,0.00399,0.202,17.0,0.0,0.0,28.8
50.5,51.0,50.0,60.9,62.4,59.4,53.2,54.2,52.2,39.8,39.4,40.2,0.725,8.76,0.196,7.85,7.19,10.6,0.189,5.76,4.81,0.0382,0.921,0.654,65.3,47.0,110,36,600,5.2,18.4,8.0,7.7,8.2,6.3,6.9,9.6,8.3,8.6,8.0,15.8,5.1,12.6,129.0,0.00418,0.199,6.35,0.0,0.0,13.8
70.3,67.8,72.8,79.7,83.0,76.4,62.4,62.0,62.8,50.4,44.2,56.6,1.01,11.9,0.282,10.2,8.84,17.2,0.257,6.85,6.81,0.0372,1.13,0.84,189.0,160.0,540,160,1000,9.8,27.9,13.5,13.5,13.8,11.4,13.0,14.7,12.8,14.6,13.0,25.8,7.8,15.9,208.0,0.00419,0.207,12.4,0.0,0.0,23.5
61.9,63.8,60.0,68.6,67.8,69.4,61.2,60.6,61.8,36.2,32.2,40.2,1.0,11.2,0.266,9.59,9.05,14.8,0.249,7.29,6.96,0.0361,1.11,0.852,76.7,61.0,160,50,800,7.5,23.9,9.8,10.9,11.0,11.4,11.8,9.9,11.0,12.2,10.8,20.6,6.7,13.7,171.0,0.00453,0.211,4.3,0.0,0.0,7.85
54.4,52.8,56.0,54.6,54.8,54.4,53.8,55.6,52.0,44.1,40.4,47.8,0.887,9.58,0.242,8.22,8.62,12.4,0.225,6.7,6.24,0.0372,1.07,0.752,66.5,52.0,140,41,600,5.5,15.4,8.7,9.6,7.9,6.9,9.0,7.7,8.0,9.2,7.7,16.0,5.8,10.5,128.0,0.00388,0.201,10.3,0.0,0.0,17.5
56.8,56.8,56.8,69.0,66.8,71.2,52.1,51.0,53.2,49.3,58.6,40.0,0.784,8.52,0.213,7.82,7.0,10.5,0.193,5.91,5.42,0.037,0.312,0.664,68.4,54.0,130,47,600,6.2,17.8,8.2,9.0,7.5,8.8,8.4,8.6,9.6,8.2,8.0,16.7,6.6,8.9,133.0,0.00283,0.203,15.6,0.0,0.0,23.0
50.8,50.4,51.2,64.9,66.0,63.8,52.1,51.6,52.6,43.1,38.8,47.4,0.75,8.78,0.214,7.65,7.38,11.0,0.204,5.97,5.27,0.0376,0.317,0.657,93.8,79.0,150,48,600,12.0,18.2,7.9,6.7,7.9,8.6,9.3,7.6,7.6,9.4,8.1,17.4,6.1,10.9,138.0,0.00336,0.201,12.8,0.0,0.0,25.4
61.5,61.8,61.2,62.9,60.8,65.0,62.5,61.4,63.6,38.0,41.2,34.8,0.797,9.52,0.226,8.3,7.42,12.0,0.209,6.06,5.43,0.0372,0.339,0.706,89.1,72.0,140,46,800,8.8,24.8,10.3,10.9,13.0,11.2,11.2,9.7,9.7,10.1,10.3,20.5,6.6,16.1,173.0,0.00272,0.177,4.24,0.0,0.0,9.17
69.9,68.8,71.0,78.0,77.0,79.0,62.6,62.4,62.8,57.2,57.6,56.8,1.06,11.5,0.289,9.83,9.16,17.3,0.273,7.11,7.72,0.037,0.683,0.877,182.0,160.0,330,150,1000,9.7,29.6,12.4,15.8,13.7,11.6,15.2,12.6,13.2,13.7,11.9,27.3,7.4,18.2,212.0,0.00359,0.199,17.4,0.0,0.0,26.0
51.4,52.4,50.4,65.8,64.6,67.0,53.8,53.8,53.8,51.5,51.8,51.2,0.77,8.66,0.219,7.83,6.87,11.1,0.2,5.88,5.37,0.0376,1.06,0.665,83.6,63.0,120,41,600,6.7,14.3,7.1,8.0,7.8,8.3,9.6,7.9,7.4,8.8,8.6,16.4,6.3,12.4,130.0,0.00398,0.19,21.1,0.0,0.0,37.5
66.6,65.8,67.4,79.6,78.8,80.4,64.3,64.8,63.8,54.2,56.6,51.8,1.1,11.9,0.298,10.2,9.37,17.9,0.294,7.27,7.86,0.0372,1.27,0.933,170.0,150.0,240,110,1000,10.8,29.3,12.4,12.8,14.3,14.1,14.1,14.2,12.1,14.6,11.4,28.2,9.6,19.5,217.0,0.0035,0.194,14.4,0.0,0.0,26.3
63.9,64.8,63.0,71.4,69.8,73.0,59.8,59.6,60.0,46.8,51.8,41.8,1.11,12.2,0.308,10.6,9.92,16.8,0.29,7.67,7.54,0.036,1.16,0.93,89.6,73.0,200,70,800,8.3,22.8,12.1,10.2,9.9,8.6,11.3,10.8,12.3,11.4,10.6,22.1,7.9,15.7,174.0,0.00286,0.196,10.6,0.0,0.0,17.5
72.0,72.2,71.8,72.2,71.6,72.8,65.3,65.2,65.4,46.4,39.4,53.4,1.06,11.9,0.301,10.2,9.37,17.7,0.285,7.06,6.73,0.0384,1.17,0.846,232.0,210.0,550,260,1000,50.8,24.2,11.5,13.2,11.4,11.1,11.0,12.6,12.0,11.8,13.4,20.2,6.9,15.1,225.0,0.00332,0.187,14.1,0.0,0.0,26.3
54.9,53.4,56.4,61.1,60.4,61.8,55.8,55.8,55.8,40.5,40.2,40.8,0.74,8.62,0.209,7.89,7.18,10.8,0.19,5.7,4.78,0.0389,0.927,0.642,72.3,53.0,110,37,600,5.8,17.2,5.8,7.9,8.0,6.2,8.3,7.6,8.8,7.6,10.4,16.7,6.3,10.8,127.0,0.00315,0.189,15.0,0.0,0.0,29.0
55.9,58.8,53.0,62.9,62.6,63.2,52.4,54.2,50.6,45.0,48.2,41.8,0.74,8.72,0.231,7.71,7.27,11.4,0.223,5.85,4.9,0.0379,0.32,0.646,81.2,63.0,130,37,600,6.4,16.1,9.3,8.5,9.2,9.1,8.3,7.5,8.8,8.4,7.3,17.0,5.6,11.2,133.0,0.003,0.179,0.0,0.0,0.0,28.5
69.5,69.4,69.6,75.0,73.4,76.6,67.0,69.0,65.0,45.2,37.6,52.8,1.07,11.7,0.309,10.0,9.32,17.7,0.288,7.46,8.12,0.0374,1.17,0.906,220.0,200.0,510,220,1000,54.3,27.1,11.2,10.6,9.9,10.5,11.8,12.7,11.1,11.6,12.2,18.6,6.3,15.0,223.0,0.00399,0.197,12.7,0.0,0.0,23.9
71.9,71.2,72.6,71.2,70.8,71.6,80.9,79.2,82.6,45.1,45.8,44.4,1.14,12.5,0.334,10.7,10.1,18.9,0.323,7.64,8.22,0.0365,1.12,0.974,174.0,140.0,310,140,1000,9.5,28.5,13.2,13.1,12.1,14.8,14.6,14.9,12.5,11.1,11.8,28.4,8.9,20.8,214.0,0.00254,0.202,9.2,0.0,0.0,17.1
53.5,53.4,53.6,73.2,71.8,74.6,52.8,53.0,52.6,48.2,58.4,38.0,0.763,8.64,0.206,7.48,7.23,10.6,0.185,5.87,5.46,0.0372,1.04,0.662,83.6,67.0,130,48,600,5.9,15.0,9.5,8.5,8.1,9.9,7.7,7.7,8.2,8.6,7.2,19.1,6.5,10.2,132.0,0.00336,0.187,22.9,0.0,0.0,23.5
51.5,52.6,50.4,61.1,61.8,60.4,52.3,52.6,52.0,36.4,34.6,38.2,0.599,7.0,0.191,6.49,6.04,8.89,0.168,4.97,4.32,0.039,0.278,0.535,79.5,57.0,99,36,600,5.6,18.9,6.6,8.4,6.5,7.8,8.5,7.8,7.4,8.1,8.3,16.8,5.6,12.0,128.0,0.00311,0.22,6.83,0.0,0.0,8.88
53.4,55.8,51.0,65.0,67.0,63.0,57.2,57.8,56.6,44.9,54.2,35.6,0.779,8.75,0.23,8.01,7.09,10.8,0.217,5.64,4.66,0.0377,0.328,0.658,64.8,49.0,140,41,600,6.2,17.1,10.0,8.0,10.0,7.1,7.8,8.6,8.5,8.4,6.8,18.7,6.2,10.6,134.0,0.00379,0.196,10.6,0.0,0.0,18.8
66.1,64.8,67.4,76.9,75.8,78.0,67.2,67.4,67.0,56.4,56.8,56.0,1.07,11.7,0.3,10.1,8.93,17.1,0.283,6.99,7.42,0.0365,0.394,0.861,175.0,150.0,280,120,1000,8.1,29.1,12.4,14.4,13.0,12.9,11.9,15.9,14.7,11.8,12.6,27.1,8.2,20.4,213.0,0.00297,0.205,15.7,0.0,0.0,27.0
63.2,60.6,65.8,75.6,77.6,73.6,78.0,78.4,77.6,50.1,43.4,56.8,0.959,10.8,0.283,9.12,9.13,15.3,0.265,7.0,7.14,0.0367,1.09,0.842,94.2,80.0,190,67,800,8.1,23.5,11.2,10.5,10.3,10.3,11.8,10.8,9.2,10.3,9.9,20.3,7.4,16.1,170.0,0.00437,0.192,14.2,0.0,0.0,22.4
59.0,59.6,58.4,74.4,73.8,75.0,59.6,60.8,58.4,56.7,61.2,52.2,0.937,10.6,0.263,9.19,8.39,14.5,0.233,6.23,5.65,0.0372,1.12,0.781,104.0,80.0,170,59,800,7.9,23.2,10.2,12.7,8.6,13.4,10.1,11.7,9.1,11.6,10.5,25.6,8.4,15.4,178.0,0.00406,0.177,16.0,0.0,0.0,26.3
57.7,59.0,56.4,75.0,74.6,75.4,55.6,56.8,54.4,54.2,52.2,56.2,0.984,10.6,0.263,9.2,8.51,14.4,0.237,6.83,6.82,0.0377,1.17,0.817,108.0,88.0,190,72,800,7.7,22.6,9.9,11.1,11.4,9.5,12.1,11.6,10.4,10.3,11.5,21.3,6.5,15.2,171.0,0.00301,0.224,16.2,0.0,0.0,27.2
52.2,53.2,51.2,61.6,62.2,61.0,54.4,55.6,53.2,36.1,33.0,39.2,0.563,7.1,0.177,6.13,6.19,8.66,0.152,4.96,4.35,0.0369,0.885,0.525,81.4,64.0,120,37,600,5.8,17.2,8.1,8.0,7.0,9.4,9.7,6.7,11.5,9.2,7.7,17.5,4.6,11.1,134.0,0.00258,0.204,6.88,0.0,0.0,19.0
59.1,56.8,61.4,74.0,75.0,73.0,60.7,60.2,61.2,47.4,51.8,43.0,0.947,10.5,0.26,9.55,8.29,14.0,0.24,7.04,6.83,0.0366,0.374,0.782,99.3,82.0,160,57,800,8.9,22.4,10.7,11.2,10.0,9.7,11.0,12.8,10.5,11.3,9.6,23.9,6.9,15.4,174.0,0.00327,0.217,12.1,0.0,0.0,17.7
71.5,72.0,71.0,70.0,70.0,70.0,66.9,66.0,67.8,46.1,43.2,49.0,1.25,13.5,0.322,11.7,10.3,19.6,0.304,8.0,7.58,0.0366,1.21,1.03,141.0,110.0,360,140,1000,9.7,24.6,13.1,15.2,12.6,13.0,15.0,11.8,13.4,12.0,15.5,27.8,7.7,20.2,212.0,0.00308,0.18,9.29,0.0,0.0,18.0
59.7,58.8,60.6,69.0,68.4,69.6,59.5,58.8,60.2,41.7,45.6,37.8,0.981,11.0,0.25,9.53,8.62,14.3,0.229,7.25,7.15,0.036,0.84,0.813,115.0,98.0,230,64,800,24.9,22.8,10.5,13.5,11.3,10.2,12.9,10.1,11.6,9.2,9.7,24.2,8.3,16.1,195.0,0.00313,0.186,0.0,0.0,0.0,21.1
69.8,69.2,70.4,67.3,67.8,66.8,69.1,69.2,69.0,41.8,47.0,36.6,1.04,11.6,0.316,10.2,9.03,17.7,0.291,7.35,7.74,0.0373,1.12,0.872,209.0,190.0,270,110,1000,9.0,27.5,13.0,13.7,15.4,13.1,14.7,14.9,12.9,11.9,12.7,29.2,10.3,18.2,217.0,0.00368,0.181,4.85,0.0,0.0,12.4
61.6,60.4,62.8,67.8,69.4,66.2,61.9,62.6,61.2,34.3,33.0,35.6,0.945,10.4,0.274,9.39,8.4,14.1,0.248,6.98,6.84,0.0382,1.14,0.791,78.9,64.0,140,53,800,7.5,24.1,10.9,10.3,12.2,11.6,9.8,10.7,8.6,12.3,11.2,22.0,7.7,15.3,174.0,0.0031,0.197,5.6,0.0,0.0,9.22
52.5,52.8,52.2,74.6,73.8,75.4,52.7,51.8,53.6,53.4,57.8,49.0,0.696,8.58,0.2,7.62,6.82,10.7,0.181,5.81,5.33,0.0391,1.06,0.633,78.7,60.0,150,54,600,6.6,17.8,8.5,9.6,8.5,8.3,8.2,7.7,8.3,9.3,6.6,16.2,5.6,11.4,133.0,0.00344,0.214,19.6,0.0,0.0,29.8
63.1,63.2,63.0,68.6,69.2,68.0,62.9,64.2,61.6,36.2,37.2,35.2,1.07,11.7,0.311,10.9,9.67,16.4,0.31,7.95,7.68,0.0372,1.11,0.926,78.5,63.0,150,55,800,7.4,21.4,10.8,11.2,11.1,11.7,12.3,10.1,11.9,10.6,9.7,21.6,7.3,17.1,174.0,0.00404,0.217,3.61,0.0,0.0,9.54
50.7,53.6,47.8,71.1,71.8,70.4,51.7,51.8,51.6,55.0,60.8,49.2,0.681,8.61,0.198,7.62,6.88,10.6,0.182,5.66,5.27,0.0383,1.05,0.646,78.2,60.0,170,60,600,6.2,18.9,8.9,7.4,7.7,8.6,8.2,6.7,9.2,8.3,7.1,17.2,6.1,10.4,131.0,0.00341,0.191,17.8,0.0,0.0,27.5
49.5,48.0,51.0,48.2,49.2,47.2,51.4,51.0,51.8,47.5,49.4,45.6,0.889,9.99,0.231,9.41,7.74,12.2,0.222,6.52,5.94,0.0369,0.36,0.764,68.0,52.0,160,46,600,5.0,17.0,7.9,7.7,9.8,8.4,8.3,9.5,9.9,8.2,7.8,17.0,6.0,11.5,134.0,0.00366,0.214,17.9,0.0,0.0,28.1
65.9,67.0,64.8,79.9,81.6,78.2,64.1,65.0,63.2,51.3,43.4,59.2,1.02,11.8,0.282,10.4,8.73,17.3,0.252,6.84,7.07,0.0371,0.378,0.855,177.0,140.0,270,100,1000,7.4,25.4,13.7,13.4,12.8,13.5,14.0,12.8,12.1,13.8,16.1,26.6,8.2,20.1,210.0,0.00369,0.201,13.2,0.0,0.0,20.8
63.2,62.6,63.8,53.9,53.6,54.2,59.7,59.2,60.2,36.7,32.0,41.4,1.1,12.5,0.284,10.6,10.1,16.6,0.27,8.14,7.76,0.0379,1.15,0.96,75.3,60.0,150,53,800,6.9,20.6,10.1,10.4,10.4,10.4,11.2,13.1,10.5,10.3,12.9,22.3,7.3,16.0,172.0,0.00374,0.21,3.62,0.0,0.0,8.45
61.3,59.0,63.6,73.8,74.2,73.4,61.3,59.0,63.6,47.9,44.8,51.0,0.948,10.8,0.265,9.39,8.78,14.5,0.245,7.13,6.84,0.0362,0.37,0.804,102.0,81.0,160,62,800,7.1,22.9,10.3,10.4,11.5,11.0,12.4,11.6,9.7,10.6,10.8,22.4,7.1,14.2,172.0,0.0035,0.194,9.23,0.0,0.0,16.4
50.8,47.4,54.2,63.5,65.2,61.8,53.7,54.2,53.2,45.1,45.4,44.8,0.866,9.18,0.247,8.33,7.8,12.2,0.229,6.3,5.81,0.0382,1.1,0.747,67.7,53.0,130,45,600,5.0,16.8,8.4,9.5,7.2,8.2,7.8,8.4,9.6,8.6,8.6,17.4,5.7,11.5,133.0,0.00504,0.2,11.5,0.0,0.0,20.0
51.7,48.2,55.2,59.0,58.2,59.8,54.0,51.4,56.6,36.6,31.8,41.4,0.811,9.53,0.223,8.65,7.79,11.5,0.206,6.73,6.05,0.0368,0.347,0.743,54.5,43.0,110,36,600,6.2,18.9,7.0,9.0,8.2,7.6,9.5,9.2,7.2,9.0,8.1,17.2,5.4,11.0,134.0,0.00366,0.205,3.56,0.0,0.0,9.43
64.5,65.6,63.4,67.0,65.2,68.8,62.0,60.8,63.2,34.2,34.2,34.2,1.0,10.7,0.288,9.6,8.64,14.7,0.266,7.18,7.04,0.0373,1.15,0.822,76.6,62.0,130,52,800,7.7,21.5,10.0,10.0,11.9,11.3,11.0,10.5,10.7,11.6,11.9,21.7,8.2,16.8,175.0,0.00336,0.197,4.18,0.0,0.0,10.6
50.7,48.4,53.0,61.8,60.4,63.2,51.5,53.0,50.0,40.9,41.6,40.2,0.723,8.72,0.211,7.84,6.89,10.8,0.189,5.98,5.21,0.0393,1.2,0.649,88.2,61.0,120,40,600,6.1,15.8,8.5,8.5,7.0,8.5,7.0,9.0,8.4,9.0,6.6,15.1,5.0,12.7,127.0,0.00397,0.2,17.1,0.0,0.0,37.0
63.7,63.8,63.6,77.6,77.2,78.0,59.2,59.8,58.6,55.7,47.4,64.0,0.984,10.8,0.28,9.1,9.0,15.1,0.276,6.74,7.1,0.0372,0.375,0.842,99.5,84.0,190,69,800,6.2,22.1,12.4,11.1,11.6,12.5,12.2,10.8,9.1,11.6,10.2,22.9,7.9,14.4,175.0,0.00392,0.202,16.2,0.0,0.0,25.1
62.0,64.0,60.0,73.2,73.6,72.8,59.8,58.4,61.2,49.8,41.4,58.2,0.99,11.8,0.28,10.6,9.52,16.4,0.259,7.46,7.1,0.0367,0.4,0.874,92.3,75.0,180,66,800,8.1,20.5,11.4,10.4,9.6,13.0,11.8,12.5,9.3,9.7,9.7,21.9,7.6,14.8,170.0,0.00249,0.197,12.8,0.0,0.0,20.9
69.5,67.4,71.6,69.3,66.8,71.8,66.6,65.6,67.6,34.8,34.4,35.2,0.999,11.7,0.278,10.3,8.72,16.1,0.255,6.94,6.58,0.0378,1.16,0.843,124.0,100.0,180,77,1000,9.1,27.2,12.8,12.1,13.6,15.1,13.0,12.4,15.0,14.9,14.3,26.1,8.2,18.9,213.0,0.00329,0.202,3.15,0.0,0.0,9.07
60.1,58.6,61.6,74.5,73.6,75.4,61.2,59.8,62.6,52.3,52.2,52.4,0.952,10.4,0.259,9.42,8.39,13.9,0.249,7.03,6.99,0.0363,0.376,0.802,93.5,76.0,170,69,800,7.3,23.4,8.8,11.6,9.5,11.6,12.8,9.0,10.4,10.5,10.1,23.7,8.1,14.2,171.0,0.00438,0.21,12.9,0.0,0.0,23.2
49.1,49.0,49.2,73.1,73.6,72.6,53.4,52.8,54.0,56.0,53.2,58.8,0.731,8.46,0.206,7.98,6.53,10.7,0.193,5.44,4.85,0.0379,1.07,0.647,69.5,53.0,150,50,600,5.4,17.7,9.0,9.4,8.9,6.6,5.9,8.5,8.8,8.7,8.0,16.7,5.4,11.1,130.0,0.00348,0.201,16.1,0.0,0.0,26.9
53.4,51.4,55.4,74.0,75.4,72.6,53.5,54.2,52.8,52.9,46.2,59.6,0.723,8.4,0.2,7.45,6.75,10.4,0.19,5.77,5.22,0.0362,1.08,0.641,94.8,65.0,160,55,600,5.7,16.3,9.4,7.6,7.2,7.2,7.0,9.4,7.8,9.6,9.0,15.9,4.7,11.5,128.0,0.00331,0.205,17.3,0.0,0.0,29.7
54.7,54.8,54.6,74.2,74.0,74.4,51.1,50.2,52.0,55.5,61.2,49.8,0.767,8.93,0.219,7.98,7.85,11.8,0.204,5.86,5.22,0.0383,0.962,0.706,72.5,56.0,160,51,600,5.5,18.1,9.0,7.8,7.6,7.0,9.1,8.3,7.8,7.8,9.6,15.4,5.5,11.0,130.0,0.00415,0.194,17.4,0.0,0.0,28.9
60.7,60.0,61.4,64.0,64.8,63.2,61.6,61.4,61.8,34.6,34.0,35.2,1.15,12.2,0.326,11.1,9.98,16.9,0.3,8.35,8.08,0.0375,1.2,0.964,76.1,62.0,180,60,800,7.1,23.5,11.2,9.9,11.2,11.7,10.5,12.4,11.0,9.6,11.3,25.1,8.2,16.6,179.0,0.00356,0.208,3.69,0.0,0.0,9.89
73.5,74.0,73.0,69.4,69.0,69.8,62.8,61.8,63.8,35.9,30.4,41.4,0.941,10.7,0.243,9.46,8.4,14.9,0.217,6.84,6.96,0.0381,1.15,0.779,269.0,220.0,810,350,1000,31.1,27.6,11.6,12.5,11.4,12.0,10.9,12.4,10.6,12.0,12.5,23.7,7.4,16.3,212.0,0.0034,0.194,6.64,0.0,0.0,14.3
60.9,60.8,61.0,66.8,66.8,66.8,61.2,60.4,62.0,37.0,31.8,42.2,0.943,10.8,0.253,9.15,8.59,14.4,0.235,7.01,6.69,0.0371,1.1,0.802,77.2,61.0,120,47,800,7.7,22.8,9.6,11.2,10.3,10.3,11.7,10.6,11.0,10.2,11.7,20.7,6.7,14.9,169.0,0.00431,0.194,4.08,0.0,0.0,8.88
60.8,60.2,61.4,66.6,66.0,67.2,71.0,71.4,70.6,35.2,40.0,30.4,0.833,10.0,0.225,8.82,7.67,12.7,0.213,6.3,5.62,0.039,1.19,0.725,81.2,65.0,150,56,800,8.6,21.0,10.3,11.7,10.7,11.1,11.5,12.4,10.0,10.6,10.1,23.3,7.4,15.8,175.0,0.00405,0.171,4.34,0.0,0.0,8.96
60.9,60.0,61.8,64.5,64.8,64.2,60.3,60.8,59.8,34.2,40.8,27.6,0.92,10.7,0.248,9.1,8.52,14.1,0.23,7.03,6.68,0.0381,1.1,0.797,78.4,62.0,130,47,800,7.3,23.2,11.2,11.7,11.3,10.6,10.2,11.6,10.0,10.2,12.6,22.6,8.1,15.0,176.0,0.00284,0.22,5.04,0.0,0.0,8.81
65.9,65.8,66.0,77.7,76.6,78.8,66.7,66.4,67.0,51.1,44.6,57.6,1.07,11.7,0.282,9.99,9.13,17.4,0.272,7.11,7.63,0.0353,1.1,0.884,169.0,130.0,210,81,1000,8.9,31.3,13.1,13.9,13.6,14.4,13.5,11.7,14.4,13.6,14.8,26.0,8.5,18.3,216.0,0.00264,0.203,13.2,0.0,0.0,22.8
69.7,67.0,72.4,75.2,77.2,73.2,68.2,67.6,68.8,40.2,35.8,44.6,1.13,12.3,0.345,10.4,9.83,18.9,0.319,7.65,8.05,0.0371,1.1,0.953,190.0,170.0,320,130,1000,9.3,26.4,14.1,14.7,11.8,11.4,13.6,13.3,12.7,13.5,11.9,26.8,9.2,20.9,210.0,0.00297,0.182,4.56,0.0,0.0,12.5
52.3,54.6,50.0,60.1,57.2,63.0,55.8,55.0,56.6,37.5,30.2,44.8,0.771,8.63,0.234,7.8,7.29,11.4,0.22,5.96,5.28,0.0391,0.992,0.656,65.2,50.0,130,43,600,6.2,16.5,7.8,7.6,6.8,9.1,9.7,7.5,8.6,9.3,9.1,15.5,5.1,10.8,130.0,0.00382,0.19,7.26,0.0,0.0,13.8
48.5,47.4,49.6,72.0,73.6,70.4,53.0,55.0,51.0,49.8,50.2,49.4,0.782,8.66,0.215,7.83,6.72,10.8,0.198,5.94,5.37,0.0385,0.482,0.656,71.7,53.0,170,53,600,5.2,15.2,7.6,8.1,9.3,8.9,8.5,6.7,8.1,9.0,7.8,15.9,4.1,10.7,125.0,0.00348,0.197,13.6,0.0,0.0,23.1
60.9,60.0,61.8,77.5,76.2,78.8,61.4,60.6,62.2,51.7,58.8,44.6,1.0,11.1,0.272,10.0,8.88,15.0,0.257,7.28,7.33,0.0366,1.12,0.856,92.5,75.0,220,74,800,9.0,20.6,9.8,11.2,10.4,11.5,10.8,9.8,11.7,10.2,10.6,23.3,8.1,14.3,171.0,0.00313,0.196,13.5,0.0,0.0,22.7
54.5,54.0,55.0,58.9,60.4,57.4,53.4,53.6,53.2,40.3,42.2,38.4,0.829,9.59,0.249,8.78,7.94,12.4,0.225,6.7,6.12,0.039,1.22,0.746,68.3,48.0,130,41,600,6.7,17.0,8.2,8.8,9.1,8.8,6.9,8.8,8.1,7.3,7.1,17.9,6.2,10.5,131.0,0.00248,0.185,7.19,0.0,0.0,14.1
58.8,58.8,58.8,70.9,70.4,71.4,56.8,56.2,57.4,50.8,51.6,50.0,0.971,10.5,0.276,9.58,8.26,14.7,0.249,6.83,6.55,0.0375,1.16,0.816,103.0,83.0,180,61,800,6.2,23.7,10.5,9.9,11.1,11.0,10.5,11.6,12.3,10.9,11.8,22.8,8.9,13.5,175.0,0.00256,0.19,13.7,0.0,0.0,20.8
70.2,68.8,71.6,76.8,75.8,77.8,61.0,59.4,62.6,48.0,57.2,38.8,1.04,11.5,0.309,10.1,9.08,17.6,0.287,7.02,7.69,0.0365,0.669,0.892,212.0,180.0,390,140,1000,8.0,27.3,14.3,12.9,13.2,11.8,12.6,12.9,13.6,14.5,13.5,27.3,10.2,16.5,209.0,0.00457,0.19,13.5,0.0,0.0,21.1
60.4,59.4,61.4,71.0,70.8,71.2,54.3,54.6,54.0,50.2,47.6,52.8,0.789,8.61,0.207,7.55,7.3,10.8,0.193,5.81,5.53,0.0362,1.05,0.659,78.2,62.0,150,51,600,5.8,17.3,9.6,9.3,8.4,7.6,9.1,8.2,7.9,9.1,7.9,16.8,6.3,11.8,135.0,0.00355,0.181,12.1,0.0,0.0,21.5
50.5,48.2,52.8,65.6,65.4,65.8,52.7,51.8,53.6,37.4,44.8,30.0,0.741,8.86,0.209,7.82,7.02,10.9,0.188,5.89,5.03,0.0375,1.2,0.656,137.0,110.0,350,89,600,55.0,15.4,9.6,7.6,7.5,7.5,8.4,7.5,7.0,7.1,9.6,17.5,7.0,10.5,177.0,0.00537,0.187,0.0,0.0,0.0,0.0
66.3,65.0,67.6,73.8,74.0,73.6,65.9,66.6,65.2,50.4,55.6,45.2,1.12,12.0,0.302,10.3,8.92,17.2,0.276,7.34,7.51,0.0372,1.23,0.891,181.0,160.0,250,110,1000,8.9,29.2,12.6,14.8,14.7,14.6,13.1,13.7,13.6,13.2,13.7,29.7,9.9,19.4,221.0,0.00363,0.208,9.6,0.0,0.0,23.2
70.1,73.0,67.2,71.9,71.4,72.4,65.0,65.8,64.2,51.0,47.4,54.6,1.09,12.1,0.333,10.8,9.61,18.6,0.306,7.17,7.02,0.0359,1.15,0.922,174.0,140.0,420,140,1000,9.4,28.6,14.4,13.3,13.7,15.0,11.2,14.0,13.8,13.4,14.3,27.7,9.7,17.8,216.0,0.00511,0.18,13.7,0.0,0.0,20.6
52.2,55.4,49.0,60.4,61.6,59.2,55.4,57.8,53.0,40.8,42.2,39.4,0.782,8.98,0.238,8.32,7.47,11.8,0.215,6.35,5.76,0.0389,1.21,0.707,68.9,48.0,140,38,600,6.2,17.4,7.6,8.3,8.1,7.2,6.5,10.5,8.9,8.1,7.1,19.9,6.8,10.1,133.0,0.00318,0.194,7.37,0.0,0.0,12.5
61.2,61.2,61.2,70.8,70.4,71.2,62.5,62.0,63.0,50.8,47.0,54.6,0.997,11.6,0.283,10.4,9.18,15.9,0.272,7.14,6.3,0.038,1.19,0.871,86.9,70.0,190,72,800,7.0,23.2,12.9,10.4,10.7,10.7,10.5,10.8,10.3,11.3,10.1,20.9,7.8,16.0,173.0,0.00342,0.213,13.6,0.0,0.0,22.6
52.8,55.0,50.6,69.9,73.0,66.8,51.0,51.4,50.6,50.5,44.6,56.4,0.761,8.58,0.2,7.71,6.92,10.3,0.185,5.82,5.4,0.0371,0.315,0.67,70.6,55.0,110,42,600,5.5,18.8,7.8,7.4,7.8,6.8,7.4,7.3,9.2,8.4,8.7,15.8,5.3,10.3,127.0,0.00363,0.195,14.1,0.0,0.0,22.6
50.0,50.4,49.6,70.9,68.6,73.2,53.4,54.2,52.6,51.2,51.6,50.8,0.852,9.34,0.24,8.34,7.53,11.8,0.223,6.32,5.82,0.0365,0.328,0.729,68.7,54.0,150,49,600,5.3,18.6,7.5,7.6,9.8,7.3,8.9,8.8,8.6,7.0,8.5,16.2,5.4,10.9,130.0,0.00348,0.19,13.5,0.0,0.0,24.2
55.8,57.8,53.8,59.2,59.6,58.8,56.3,56.4,56.2,36.4,36.6,36.2,0.845,9.67,0.243,8.79,8.12,12.3,0.219,6.78,6.27,0.0382,0.35,0.738,60.7,46.0,140,41,600,5.3,17.3,8.0,7.8,6.5,6.6,9.2,7.5,8.3,8.5,7.8,16.5,5.2,12.0,127.0,0.00278,0.19,4.98,0.0,0.0,9.74
69.6,69.0,70.2,68.5,67.2,69.8,68.3,67.2,69.4,34.6,31.0,38.2,1.08,11.8,0.3,10.2,8.91,17.0,0.281,7.37,7.69,0.037,1.22,0.863,151.0,110.0,280,100,1000,7.9,25.8,12.2,13.6,14.9,13.0,13.0,13.3,12.8,14.8,12.4,28.0,9.4,19.3,210.0,0.00283,0.193,3.07,0.0,0.0,8.57
71.2,71.4,71.0,66.6,65.6,67.6,64.6,65.6,63.6,37.4,35.8,39.0,1.18,12.7,0.307,11.2,9.62,18.3,0.293,8.0,8.35,0.0374,0.445,0.977,143.0,110.0,440,120,1000,9.5,26.9,13.1,12.9,11.4,12.3,14.3,12.2,12.2,13.2,12.5,25.8,8.0,21.1,205.0,0.00408,0.205,1.52,0.0,0.0,9.04
49.0,47.2,50.8,69.5,69.0,70.0,53.1,53.6,52.6,50.4,43.6,57.2,0.732,8.68,0.198,7.87,6.65,10.6,0.182,5.77,5.23,0.0392,0.306,0.646,67.6,52.0,160,46,600,4.8,17.6,7.7,8.6,9.9,8.8,9.4,7.9,9.0,7.5,7.3,18.4,6.2,10.9,134.0,0.0032,0.19,14.2,0.0,0.0,23.0
53.2,51.6,54.8,73.0,72.6,73.4,54.1,54.4,53.8,56.2,49.4,63.0,0.804,8.66,0.226,7.82,7.13,11.1,0.207,5.76,5.53,0.0366,1.03,0.666,82.7,58.0,160,52,600,7.2,18.7,6.5,8.6,7.7,8.5,7.6,8.6,8.6,7.6,7.1,17.3,6.3,11.0,131.0,0.00359,0.2,17.7,0.0,0.0,30.1
68.8,69.4,68.2,74.0,77.6,70.4,63.6,64.0,63.2,51.4,61.0,41.8,1.03,11.8,0.283,10.7,8.89,17.4,0.261,6.93,6.71,0.0373,1.14,0.861,194.0,180.0,380,150,1000,9.4,28.1,13.5,12.0,12.4,12.2,12.1,14.5,12.4,15.1,12.5,28.7,9.2,20.1,212.0,0.00448,0.185,12.2,0.0,0.0,22.7
51.6,51.8,51.4,69.0,71.4,66.6,53.2,54.4,52.0,49.1,45.8,52.4,0.776,8.71,0.21,7.67,6.91,10.5,0.191,5.93,5.36,0.0365,0.317,0.668,81.0,63.0,160,45,600,5.5,17.8,8.6,9.1,8.9,6.6,9.2,8.2,8.5,8.2,8.8,16.6,5.8,11.3,133.0,0.00474,0.196,33.0,0.0,0.0,22.2
61.7,61.4,62.0,78.6,80.6,76.6,61.5,62.0,61.0,56.3,54.8,57.8,0.939,10.8,0.27,9.85,8.15,14.7,0.264,6.46,6.13,0.0369,1.07,0.785,107.0,88.0,210,66,800,6.2,21.9,11.2,11.8,10.9,11.1,11.2,11.1,10.6,11.3,9.8,23.6,7.0,15.5,173.0,0.00466,0.174,17.7,0.0,0.0,29.1
49.3,48.4,50.2,64.5,61.8,67.2,51.4,53.2,49.6,47.1,47.6,46.6,0.784,8.6,0.206,8.02,6.79,10.5,0.186,5.85,5.16,0.038,0.314,0.668,66.8,52.0,120,40,600,5.2,18.2,6.0,7.4,8.0,6.5,10.8,7.4,8.2,8.1,9.5,17.9,5.7,10.9,130.0,0.00342,0.191,10.8,0.0,0.0,19.4
53.1,51.6,54.6,67.9,70.2,65.6,53.7,53.8,53.6,49.1,49.8,48.4,0.793,9.42,0.224,8.18,7.93,11.9,0.201,6.39,5.98,0.0365,0.351,0.727,68.5,53.0,160,48,600,4.4,19.2,7.7,7.9,8.0,8.8,8.1,7.8,6.5,7.3,8.2,17.0,5.3,11.8,128.0,0.0035,0.189,14.4,0.0,0.0,23.9
52.7,49.8,55.6,65.1,67.4,62.8,52.3,54.4,50.2,49.9,53.2,46.6,0.871,9.39,0.237,8.53,7.86,12.1,0.221,6.4,6.07,0.0372,0.342,0.76,66.9,53.0,140,46,600,5.5,16.9,6.0,7.6,6.7,8.8,9.4,7.5,8.3,6.8,10.1,15.8,6.0,10.8,126.0,0.00365,0.203,12.2,0.0,0.0,23.2
53.8,54.6,53.0,69.0,71.0,67.0,53.2,53.2,53.2,50.0,56.4,43.6,0.838,9.24,0.235,8.32,7.76,11.7,0.215,5.98,4.95,0.0373,0.331,0.731,67.8,50.0,170,49,600,5.0,17.9,8.0,9.0,9.0,8.2,9.4,8.5,8.9,7.9,7.2,16.3,5.9,11.3,133.0,0.00296,0.187,15.5,0.0,0.0,21.1
69.3,71.2,67.4,76.8,76.8,76.8,65.1,66.4,63.8,48.6,48.0,49.2,1.01,11.9,0.284,10.4,9.11,16.9,0.275,7.3,7.84,0.0364,1.18,0.91,145.0,120.0,220,100,1000,9.5,30.0,11.8,14.2,13.9,12.1,12.7,13.1,15.1,15.5,15.1,27.7,8.3,19.6,219.0,0.00583,0.223,9.57,0.0,0.0,19.2
51.3,50.0,52.6,74.9,77.6,72.2,52.8,53.6,52.0,53.9,56.8,51.0,0.709,8.74,0.186,7.61,7.1,10.7,0.17,5.76,5.34,0.0365,1.02,0.642,117.0,72.0,150,51,600,6.0,17.1,7.4,8.8,6.6,9.5,9.9,7.8,8.6,9.8,6.9,17.4,6.2,12.0,134.0,0.00416,0.21,26.2,0.0,0.0,42.7
65.7,67.0,64.4,72.8,75.4,70.2,58.3,55.6,61.0,47.0,48.8,45.2,0.986,10.7,0.269,9.3,8.76,14.9,0.252,7.03,6.67,0.0368,0.373,0.797,116.0,94.0,190,66,800,6.3,25.0,10.1,10.4,11.2,11.0,11.7,11.8,12.2,9.6,11.2,22.0,7.7,13.0,173.0,0.00326,0.192,7.68,0.0,0.0,40.7
51.7,54.8,48.6,69.9,70.0,69.8,55.8,53.0,58.6,54.8,58.8,50.8,0.79,8.61,0.224,7.8,6.88,10.8,0.21,5.67,5.17,0.0359,1.07,0.666,84.5,64.0,170,45,600,5.5,17.3,7.8,7.9,8.7,7.0,8.0,9.8,8.0,8.9,8.1,17.9,7.6,11.7,134.0,0.00456,0.183,28.7,0.0,0.0,0.0
60.4,59.6,61.2,64.2,62.4,66.0,61.2,60.4,62.0,36.4,41.4,31.4,0.951,10.2,0.249,9.22,7.72,12.9,0.229,6.44,5.98,0.0365,1.09,0.777,79.6,64.0,120,42,800,6.5,25.9,10.1,9.2,9.4,11.3,11.5,9.4,11.4,11.9,10.7,21.2,7.1,15.9,172.0,0.00314,0.205,3.03,0.0,0.0,8.79
68.9,70.4,67.4,77.0,77.0,77.0,65.5,67.2,63.8,55.0,50.8,59.2,1.08,11.6,0.302,10.1,8.94,17.6,0.273,7.07,7.76,0.0372,1.07,0.873,194.0,170.0,250,110,1000,9.6,27.4,13.2,15.0,13.6,15.2,13.1,12.8,14.2,11.6,13.6,28.5,9.4,19.7,217.0,0.00309,0.199,14.0,0.0,0.0,26.3
63.7,63.0,64.4,72.5,71.2,73.8,59.6,58.6,60.6,52.2,46.0,58.4,0.948,10.4,0.272,9.41,8.29,14.5,0.254,6.94,6.44,0.0367,1.16,0.815,99.9,81.0,160,63,800,6.0,22.8,10.2,10.5,10.1,10.1,10.4,11.9,11.6,12.4,10.4,20.0,6.8,14.7,168.0,0.00335,0.192,12.9,0.0,0.0,22.9
62.3,62.6,62.0,72.0,71.0,73.0,57.2,58.0,56.4,50.1,47.4,52.8,0.996,10.5,0.273,9.74,8.33,14.7,0.251,6.86,6.64,0.0378,1.17,0.81,107.0,87.0,180,64,800,6.6,22.9,12.6,10.8,10.9,10.7,11.9,12.2,9.7,10.5,10.3,23.3,8.0,15.1,176.0,0.0024,0.205,13.9,0.0,0.0,22.6
61.3,62.0,60.6,76.1,77.6,74.6,60.6,61.8,59.4,51.7,51.6,51.8,0.854,10.6,0.253,9.4,8.55,14.8,0.23,6.64,6.25,0.037,0.359,0.763,94.7,77.0,180,72,800,6.6,21.3,11.6,11.4,10.0,9.9,10.0,10.8,11.3,11.8,11.6,23.2,7.0,16.4,173.0,0.00429,0.196,12.6,0.0,0.0,22.6
70.1,70.6,69.6,72.6,73.0,72.2,67.0,67.6,66.4,36.6,29.8,43.4,1.0,11.5,0.278,10.1,9.03,16.5,0.257,7.21,7.59,0.037,1.11,0.842,150.0,110.0,220,95,1000,8.7,27.9,12.5,14.4,13.5,13.3,13.3,14.2,12.6,14.7,14.6,28.0,8.9,17.5,214.0,0.00341,0.201,2.93,0.0,0.0,9.63
67.5,68.6,66.4,70.1,70.0,70.2,67.4,68.4,66.4,34.1,34.0,34.2,1.03,11.9,0.272,10.4,9.17,16.9,0.249,7.71,7.78,0.0372,1.13,0.875,137.0,100.0,170,77,1000,9.4,29.4,14.4,13.7,12.0,13.4,14.0,12.9,12.9,14.2,12.4,28.7,8.1,18.8,214.0,0.00341,0.217,4.32,0.0,0.0,8.53
51.5,52.2,50.8,71.9,70.2,73.6,52.8,52.8,52.8,52.5,50.2,54.8,0.797,8.63,0.216,7.81,7.0,10.8,0.195,5.78,5.26,0.0366,1.08,0.672,89.1,73.0,130,44,600,6.5,17.5,7.5,9.7,7.7,7.4,7.7,7.3,7.4,7.1,7.8,14.4,5.5,11.2,125.0,0.00335,0.199,22.1,0.0,0.0,39.5
61.0,60.8,61.2,73.2,72.6,73.8,64.1,65.4,62.8,43.2,42.4,44.0,0.967,10.9,0.249,9.58,8.52,14.1,0.237,6.98,6.16,0.0372,1.1,0.806,121.0,98.0,220,66,800,26.9,20.0,10.7,11.4,10.2,11.2,10.6,8.5,11.3,12.0,14.1,22.8,8.0,14.9,193.0,0.00374,0.21,0.0,0.0,0.0,27.4
54.2,53.6,54.8,66.8,65.8,67.8,54.6,54.8,54.4,43.7,47.6,39.8,0.774,8.79,0.21,7.38,7.56,10.8,0.194,5.93,5.14,0.0373,0.32,0.675,101.0,84.0,270,68,600,40.6,17.2,8.8,8.0,7.7,10.1,7.5,8.5,9.2,7.3,7.3,18.7,6.1,11.7,169.0,0.00268,0.183,0.0,0.0,0.0,21.0
61.3,61.0,61.6,75.3,74.8,75.8,61.7,63.8,59.6,47.1,48.0,46.2,0.966,10.8,0.271,9.39,8.75,14.6,0.252,7.04,6.66,0.037,0.366,0.792,108.0,86.0,210,61,800,7.0,23.1,10.5,10.3,11.6,10.7,10.5,11.6,13.0,11.5,11.2,25.0,6.5,13.8,176.0,0.00351,0.19,10.4,0.0,0.0,17.1
57.4,57.0,57.8,65.2,68.0,62.4,52.3,50.6,54.0,42.0,36.8,47.2,0.872,9.84,0.241,8.79,8.52,12.5,0.23,6.64,5.47,0.0382,0.353,0.762,58.8,44.0,140,46,600,5.3,16.7,9.2,7.1,8.7,7.1,9.0,7.9,7.9,9.8,7.8,17.6,7.0,11.2,132.0,0.00317,0.21,5.92,0.0,0.0,13.5
63.7,63.4,64.0,78.9,79.2,78.6,58.4,57.0,59.8,56.2,49.8,62.6,0.936,10.6,0.249,9.19,8.59,14.1,0.264,6.7,6.51,0.0384,1.16,0.793,106.0,90.0,240,94,800,7.4,22.2,11.0,10.6,11.1,11.4,11.2,9.8,10.9,9.0,12.6,22.2,8.4,14.0,172.0,0.00451,0.205,16.3,0.0,0.0,28.1
61.5,62.6,60.4,71.7,73.4,70.0,62.5,63.6,61.4,51.0,51.6,50.4,1.05,11.6,0.289,10.3,9.29,15.7,0.269,7.19,6.56,0.0364,1.15,0.91,90.3,73.0,190,54,800,8.5,23.5,10.9,10.0,10.3,11.9,10.8,10.0,8.4,10.5,10.0,20.8,7.3,12.8,166.0,0.00301,0.197,14.4,0.0,0.0,21.7
67.8,67.4,68.2,72.2,71.0,73.4,65.2,64.4,66.0,39.7,36.6,42.8,1.11,12.0,0.309,10.2,9.35,17.6,0.292,7.57,7.86,0.0376,1.21,0.908,200.0,190.0,500,210,1000,33.2,26.6,12.6,10.4,13.5,14.7,13.8,9.9,13.3,12.3,12.5,24.5,9.6,19.4,226.0,0.00314,0.204,10.0,0.0,0.0,22.3
71.1,68.2,74.0,76.2,75.6,76.8,61.3,60.6,62.0,55.9,56.0,55.8,1.02,11.7,0.289,10.1,8.9,17.1,0.263,6.98,7.66,0.0352,0.389,0.858,179.0,150.0,600,190,1000,10.2,27.0,11.9,12.2,11.6,14.4,13.3,13.9,13.6,12.1,11.9,27.4,7.4,18.4,205.0,0.00432,0.218,15.2,0.0,0.0,28.4
68.2,68.8,67.6,74.4,71.6,77.2,59.6,60.6,58.6,54.4,65.0,43.8,0.961,10.4,0.279,9.38,8.46,14.6,0.255,6.74,6.62,0.0362,1.08,0.803,101.0,83.0,250,75,800,7.6,21.8,10.0,10.3,11.9,9.6,10.8,11.4,10.8,10.9,8.5,20.2,7.2,14.5,166.0,0.00268,0.21,15.5,0.0,0.0,26.3
56.2,55.8,56.6,71.5,74.0,69.0,52.7,53.0,52.4,55.1,54.6,55.6,0.788,8.53,0.227,7.67,7.21,11.2,0.199,5.7,5.48,0.0357,1.03,0.668,85.3,60.0,150,51,600,7.3,17.1,7.5,8.0,7.1,7.5,8.6,8.5,7.5,7.6,7.9,17.7,5.8,10.9,129.0,0.00334,0.203,18.1,0.0,0.0,31.4
54.9,55.0,54.8,67.8,68.4,67.2,51.9,54.6,49.2,50.0,49.4,50.6,0.839,8.93,0.232,8.14,7.44,11.5,0.213,6.11,5.79,0.0362,0.328,0.715,67.6,54.0,140,51,600,6.0,15.2,6.7,8.9,7.7,8.7,8.0,7.3,8.7,7.1,8.9,16.6,6.5,12.1,128.0,0.0034,0.21,14.9,0.0,0.0,21.7
61.3,60.2,62.4,69.1,69.4,68.8,61.8,62.2,61.4,32.9,33.2,32.6,1.09,11.9,0.283,10.5,9.57,15.9,0.286,8.07,7.71,0.0372,1.17,0.93,75.3,60.0,160,53,800,7.0,22.7,11.7,11.2,11.5,12.3,10.2,9.5,11.3,10.1,10.9,21.3,7.3,16.3,173.0,0.00394,0.192,4.25,0.0,0.0,9.4
70.8,70.6,71.0,80.4,80.8,80.0,64.5,66.4,62.6,57.8,54.8,60.8,1.22,13.3,0.333,11.6,10.3,19.6,0.313,8.01,8.69,0.0366,1.15,1.0,178.0,150.0,300,140,1000,8.8,26.2,13.1,12.6,12.6,11.9,14.0,13.5,14.3,13.3,12.3,25.9,8.9,19.8,207.0,0.00363,0.207,16.1,0.0,0.0,27.6
55.8,56.2,55.4,68.1,67.2,69.0,53.0,53.2,52.8,44.7,42.4,47.0,0.739,8.78,0.217,7.95,7.0,11.0,0.205,5.79,5.31,0.0395,0.317,0.658,71.7,55.0,150,48,600,6.7,15.4,9.4,8.5,6.7,8.4,6.9,8.1,8.4,8.1,9.3,16.5,6.2,12.9,132.0,0.00415,0.204,9.32,0.0,0.0,19.4
73.5,74.2,72.8,77.2,77.6,76.8,64.6,66.2,63.0,55.1,54.6,55.6,1.06,12.0,0.287,10.2,8.82,17.2,0.265,7.23,7.91,0.0369,1.16,0.867,215.0,190.0,270,110,1000,12.6,23.2,13.5,13.0,11.8,12.0,13.7,13.2,15.9,13.5,14.0,28.9,9.6,20.4,215.0,0.00395,0.197,32.2,0.0,0.0,60.1
65.3,66.4,64.2,68.0,68.0,68.0,61.5,60.8,62.2,34.1,38.6,29.6,0.9,9.88,0.254,8.73,8.03,13.3,0.232,6.6,6.37,0.0384,1.12,0.762,85.1,69.0,140,59,800,5.3,22.7,10.1,11.9,10.6,11.2,10.4,10.4,11.4,11.6,9.8,23.2,7.2,14.6,170.0,0.00331,0.199,5.78,0.0,0.0,9.91
53.1,52.6,53.6,72.5,75.0,70.0,54.1,53.4,54.8,53.9,47.4,60.4,0.795,8.49,0.226,7.76,6.9,10.8,0.213,5.78,5.0,0.037,1.07,0.666,80.1,60.0,150,45,600,5.4,16.3,7.5,7.8,7.0,7.2,8.3,8.9,8.2,8.2,8.4,18.0,6.8,12.1,130.0,0.00394,0.193,33.0,0.0,0.0,55.7
68.0,66.2,69.8,66.7,64.0,69.4,67.2,66.0,68.4,39.7,37.0,42.4,1.1,12.0,0.311,10.6,9.27,18.0,0.281,7.5,7.82,0.037,0.407,0.917,172.0,140.0,300,130,1000,10.4,29.9,14.3,11.8,13.5,13.3,14.6,14.1,11.0,12.5,15.0,29.9,10.1,16.4,217.0,0.00412,0.208,4.61,0.0,0.0,14.5
67.4,67.2,67.6,68.4,67.0,69.8,64.3,63.0,65.6,35.1,28.2,42.0,1.01,11.3,0.277,9.91,8.48,15.3,0.251,6.82,6.35,0.0369,1.15,0.837,143.0,120.0,220,84,1000,8.8,30.1,14.0,13.7,12.9,15.2,14.5,12.8,12.7,13.0,13.9,25.5,9.1,18.2,214.0,0.00314,0.184,2.95,0.0,0.0,22.0
70.9,71.4,70.4,76.2,73.6,78.8,63.7,63.4,64.0,50.0,56.6,43.4,1.05,11.5,0.312,10.2,8.82,17.5,0.287,6.76,6.61,0.0378,1.13,0.847,175.0,140.0,460,160,1000,8.9,25.6,13.4,13.2,12.8,13.2,11.4,13.5,13.9,13.5,14.9,27.4,9.3,19.9,211.0,0.00405,0.2,14.6,0.0,0.0,21.8
70.3,70.2,70.4,77.9,79.4,76.4,76.4,75.2,77.6,54.8,58.6,51.0,1.06,11.5,0.288,9.92,8.99,17.2,0.281,6.99,7.59,0.0369,1.24,0.853,179.0,160.0,330,140,1000,9.6,28.0,14.5,12.3,13.3,13.6,13.2,12.6,12.1,13.8,13.6,25.2,9.0,17.9,209.0,0.00331,0.196,15.3,0.0,0.0,26.7
52.1,53.6,50.6,60.1,59.2,61.0,52.6,51.8,53.4,40.8,40.0,41.6,0.772,8.64,0.203,7.78,7.27,10.6,0.196,5.82,4.75,0.0393,0.928,0.646,60.5,43.0,120,35,600,6.3,18.2,8.0,7.3,7.3,7.9,8.5,8.5,9.3,7.6,7.5,16.2,4.5,11.8,129.0,0.00343,0.205,6.71,0.0,0.0,13.6
51.1,50.2,52.0,68.2,68.8,67.6,50.7,49.4,52.0,50.1,48.6,51.6,0.773,8.66,0.22,7.71,7.02,11.0,0.203,5.84,5.45,0.0375,0.31,0.68,69.5,54.0,130,47,600,6.1,15.4,7.7,8.5,9.6,7.4,5.9,9.0,8.4,7.0,10.0,16.4,5.5,13.1,130.0,0.00364,0.193,14.5,0.0,0.0,24.1
69.3,69.4,69.2,80.2,77.4,83.0,64.6,62.4,66.8,55.0,63.0,47.0,1.02,11.5,0.324,9.75,9.0,17.6,0.296,6.69,6.5,0.0364,1.1,0.838,294.0,230.0,310,110,1000,10.5,28.0,14.2,13.0,14.9,14.0,14.1,14.5,14.2,11.3,13.1,28.5,9.5,19.2,219.0,0.00352,0.187,14.7,0.0,0.0,29.0
67.6,67.4,67.8,79.4,79.2,79.6,64.1,65.0,63.2,54.5,54.4,54.6,1.14,11.8,0.298,10.2,8.79,17.2,0.278,7.17,7.68,0.0359,1.19,0.883,175.0,140.0,230,86,1000,8.6,27.6,12.5,12.6,14.1,15.4,14.3,12.5,12.9,12.6,12.4,27.1,9.5,18.9,211.0,0.00379,0.215,15.6,0.0,0.0,26.1
53.4,54.8,52.0,70.6,71.0,70.2,51.6,52.4,50.8,55.1,59.2,51.0,0.679,8.52,0.199,7.51,6.89,10.6,0.179,5.66,5.32,0.0384,1.05,0.639,76.2,58.0,160,46,600,6.3,16.2,7.7,8.4,9.2,6.6,8.3,8.9,7.2,7.9,6.8,16.4,4.6,11.8,126.0,0.00365,0.193,17.6,0.0,0.0,23.8
50.4,51.0,49.8,62.0,64.0,60.0,52.7,52.8,52.6,40.9,45.0,36.8,0.777,8.89,0.218,7.91,7.03,11.3,0.202,6.19,5.54,0.0383,1.08,0.66,78.7,68.0,130,41,600,4.2,15.6,7.8,9.1,8.4,7.8,8.1,9.2,8.6,6.8,8.8,18.3,6.3,11.4,130.0,0.003,0.188,0.0,0.0,0.0,22.3
66.2,65.4,67.0,72.8,73.6,72.0,68.9,68.8,69.0,44.9,50.4,39.4,0.978,10.7,0.283,9.2,8.54,14.9,0.266,6.94,6.9,0.0366,1.16,0.808,151.0,130.0,370,160,800,65.6,16.0,9.5,10.4,7.5,9.0,8.6,9.7,9.2,8.7,9.8,20.3,7.7,15.1,207.0,0.00322,0.193,0.0,0.0,0.0,20.1
52.3,51.6,53.0,72.3,70.4,74.2,53.9,52.2,55.6,53.4,44.6,62.2,0.861,8.82,0.239,8.04,7.33,11.5,0.223,5.91,5.62,0.0378,1.04,0.714,80.0,58.0,160,50,600,6.4,16.8,7.4,7.6,9.0,7.6,7.1,7.5,8.5,11.1,7.7,17.1,6.3,9.5,130.0,0.00376,0.185,16.4,0.0,0.0,26.6
50.1,51.0,49.2,65.5,66.8,64.2,53.5,52.6,54.4,45.5,54.0,37.0,0.67,8.49,0.197,7.75,6.83,10.5,0.185,5.83,5.36,0.0377,1.11,0.661,65.7,50.0,120,41,600,6.6,17.7,8.1,7.0,6.3,7.7,7.3,7.4,8.3,8.3,10.5,15.8,5.8,10.7,128.0,0.00315,0.22,9.46,0.0,0.0,17.5
60.0,60.0,60.0,70.6,69.6,71.6,61.3,63.6,59.0,41.0,41.8,40.2,0.962,10.9,0.248,9.3,8.64,14.3,0.223,7.26,7.13,0.0357,1.11,0.82,126.0,110.0,300,120,800,57.4,20.9,11.2,11.3,9.5,9.7,11.2,8.5,10.5,8.8,8.9,21.4,6.9,14.7,211.0,0.00396,0.193,0.0,0.0,0.0,0.0
61.7,60.4,63.0,80.0,81.0,79.0,60.8,60.0,61.6,55.3,57.6,53.0,0.905,10.5,0.24,9.39,8.18,14.1,0.244,6.57,6.15,0.0368,1.16,0.793,116.0,96.0,190,67,800,7.0,20.9,9.4,10.5,10.2,10.7,10.3,12.6,9.6,13.1,10.0,23.0,7.2,15.8,170.0,0.00289,0.201,16.4,0.0,0.0,51.4
72.4,72.2,72.6,81.3,79.8,82.8,63.2,62.6,63.8,57.0,57.4,56.6,1.06,11.8,0.291,10.4,8.93,17.6,0.267,7.23,7.75,0.0361,1.15,0.868,226.0,190.0,670,200,1000,10.1,28.8,9.6,12.6,15.3,11.4,12.9,14.7,13.0,12.2,13.8,26.7,8.6,17.9,208.0,0.00395,0.209,18.7,0.0,0.0,27.3
69.6,67.2,72.0,70.7,70.4,71.0,64.0,66.4,61.6,48.7,53.4,44.0,1.02,11.3,0.317,10.1,8.98,17.5,0.294,6.78,6.9,0.0378,0.818,0.837,176.0,140.0,270,100,1000,8.2,28.6,13.2,13.5,13.2,13.4,13.2,13.5,12.7,14.2,12.4,28.6,9.0,15.5,209.0,0.00348,0.21,12.9,0.0,0.0,23.0
53.3,56.0,50.6,58.9,57.6,60.2,54.5,54.2,54.8,36.3,38.8,33.8,0.775,9.61,0.231,8.77,7.88,12.1,0.215,6.3,5.13,0.0377,0.344,0.718,53.9,41.0,140,38,600,5.9,15.6,9.5,9.1,8.3,10.1,7.8,8.3,8.5,9.6,7.1,16.3,4.8,11.8,133.0,0.00304,0.175,3.53,0.0,0.0,8.87
70.3,68.2,72.4,80.3,79.2,81.4,61.4,59.6,63.2,55.8,64.0,47.6,1.07,11.6,0.285,10.0,8.92,17.4,0.266,7.15,7.84,0.0378,1.22,0.871,190.0,170.0,330,150,1000,8.0,30.3,13.8,14.3,14.3,14.0,12.2,13.2,13.9,12.3,13.1,27.5,10.3,17.8,215.0,0.00283,0.217,15.6,0.0,0.0,26.0
50.9,50.4,51.4,61.7,58.2,65.2,52.2,52.0,52.4,34.6,33.2,36.0,0.634,7.4,0.2,6.87,6.33,9.54,0.183,5.2,4.55,0.0381,0.29,0.574,69.4,50.0,100,35,600,6.6,17.7,7.4,8.0,7.3,8.2,9.3,8.2,7.9,7.1,8.1,17.7,6.2,12.1,132.0,0.00399,0.201,5.75,0.0,0.0,8.56
67.6,68.2,67.0,79.5,79.6,79.4,66.4,66.4,66.4,51.0,53.2,48.8,1.12,11.9,0.284,10.4,8.88,17.2,0.262,7.42,7.53,0.0376,1.19,0.922,178.0,150.0,200,88,1000,11.9,30.0,11.3,12.7,15.1,13.5,13.0,10.8,16.1,14.0,12.6,26.5,9.9,15.3,213.0,0.00515,0.217,13.0,0.0,0.0,21.9
67.6,67.6,67.6,78.3,78.4,78.2,63.2,65.6,60.8,52.3,58.2,46.4,1.06,11.7,0.306,10.0,9.1,17.5,0.281,7.0,7.56,0.0374,1.14,0.901,212.0,180.0,480,140,1000,9.0,29.2,12.9,12.8,12.8,12.2,14.3,13.0,14.3,13.6,10.6,29.3,9.7,18.8,213.0,0.0038,0.191,12.2,0.0,0.0,22.1
62.9,61.4,64.4,64.2,64.6,63.8,75.4,75.2,75.6,36.4,41.0,31.8,0.908,9.68,0.247,8.74,7.46,12.7,0.232,6.27,5.7,0.037,0.615,0.728,86.4,71.0,160,54,800,7.8,21.5,9.6,9.7,10.8,11.7,10.4,10.0,12.8,11.4,11.4,25.7,9.6,15.5,178.0,0.00329,0.184,4.38,0.0,0.0,8.67
60.0,60.0,60.0,76.8,77.2,76.4,62.3,62.4,62.2,51.5,53.4,49.6,0.931,11.2,0.27,9.97,9.09,15.7,0.248,7.01,6.73,0.0359,0.385,0.828,92.5,75.0,190,56,800,6.8,23.2,11.5,11.8,10.5,13.3,11.6,9.2,10.0,10.0,9.7,24.2,8.2,13.2,173.0,0.00399,0.205,12.0,0.0,0.0,23.4
62.5,64.2,60.8,73.1,73.4,72.8,61.2,61.8,60.6,47.3,51.0,43.6,0.951,10.5,0.255,9.17,8.59,14.2,0.254,6.71,6.0,0.0381,1.23,0.799,105.0,86.0,170,56,800,7.0,21.9,13.1,12.3,10.1,11.0,11.8,11.7,9.5,11.5,9.0,22.9,8.4,15.6,176.0,0.0034,0.207,10.0,0.0,0.0,40.1
59.2,60.6,57.8,68.5,67.6,69.4,59.5,60.0,59.0,34.0,41.0,27.0,0.844,9.97,0.233,8.73,7.82,12.8,0.211,6.45,6.18,0.0369,1.07,0.729,87.7,69.0,140,51,800,7.1,23.2,12.2,12.0,8.3,12.8,12.4,11.9,11.2,8.7,10.9,22.7,6.9,15.1,175.0,0.00246,0.207,4.29,0.0,0.0,7.92
69.3,69.6,69.0,73.1,72.8,73.4,65.9,65.0,66.8,51.7,54.8,48.6,1.03,11.6,0.315,10.2,8.97,17.5,0.286,6.83,6.55,0.0369,1.13,0.858,175.0,140.0,480,180,1000,9.1,26.8,14.1,13.0,13.8,14.8,13.1,13.5,12.8,13.4,15.3,26.0,9.2,18.1,213.0,0.00329,0.195,13.6,0.0,0.0,22.7
60.1,60.8,59.4,76.3,75.0,77.6,60.4,59.6,61.2,50.7,49.6,51.8,0.966,10.7,0.271,9.66,8.2,14.6,0.248,7.01,6.78,0.0375,1.17,0.798,121.0,97.0,190,58,800,14.8,19.7,10.4,12.1,12.0,11.0,12.8,12.1,11.3,9.8,10.9,24.3,7.9,13.7,183.0,0.00443,0.214,20.4,0.0,0.0,24.3
55.1,54.0,56.2,57.0,56.0,58.0,51.5,48.8,54.2,41.2,43.2,39.2,0.748,8.9,0.212,8.2,7.0,10.8,0.202,6.03,5.25,0.0368,1.13,0.671,106.0,68.0,120,43,600,5.2,16.8,7.4,7.3,8.9,8.3,7.7,8.6,8.5,6.2,7.3,17.6,6.0,9.9,126.0,0.00314,0.202,11.2,0.0,0.0,21.4
64.0,63.6,64.4,66.9,67.0,66.8,61.5,61.0,62.0,35.1,29.0,41.2,0.806,9.25,0.219,8.15,7.45,11.5,0.201,6.03,5.77,0.0392,0.33,0.699,98.7,83.0,140,54,800,7.3,21.6,10.8,10.4,10.4,11.6,9.1,9.8,14.4,9.9,10.8,24.2,9.0,15.1,174.0,0.00389,0.205,6.81,0.0,0.0,18.2
59.6,60.8,58.4,80.5,83.0,78.0,57.1,57.2,57.0,56.7,59.8,53.6,1.01,10.8,0.266,9.32,8.3,14.2,0.239,6.55,6.68,0.0368,0.47,0.802,98.0,80.0,200,71,800,7.5,19.3,11.7,11.0,8.9,11.3,11.1,10.7,11.3,11.7,11.3,24.7,9.7,14.4,175.0,0.00319,0.223,15.3,0.0,0.0,25.9
72.1,68.2,76.0,75.7,75.2,76.2,60.5,59.2,61.8,51.8,50.0,53.6,1.04,11.8,0.286,10.2,9.14,17.6,0.265,7.38,7.77,0.0375,1.16,0.888,267.0,210.0,510,160,1000,11.1,25.8,13.5,14.5,12.4,12.3,13.7,13.2,14.8,12.7,13.5,28.0,9.4,18.3,213.0,0.00368,0.197,12.1,0.0,0.0,49.8
72.9,72.2,73.6,76.7,77.2,76.2,63.0,62.0,64.0,55.4,53.2,57.6,1.08,11.8,0.296,10.2,8.79,17.4,0.272,7.14,7.66,0.0361,0.388,0.868,172.0,140.0,340,170,1000,10.1,29.3,13.3,12.9,10.3,12.0,13.8,14.1,14.6,12.3,12.9,26.8,7.5,20.5,210.0,0.00418,0.206,14.4,0.0,0.0,27.2
60.9,61.0,60.8,63.1,63.2,63.0,62.1,62.8,61.4,36.5,34.6,38.4,0.759,9.2,0.218,7.84,7.31,11.4,0.213,5.85,5.31,0.0371,0.328,0.656,111.0,95.0,270,74,800,32.3,21.4,11.2,10.9,9.2,10.2,12.3,11.5,10.9,9.4,10.6,21.4,6.9,13.7,192.0,0.00389,0.192,5.41,0.0,0.0,13.4
51.0,50.4,51.6,75.6,76.6,74.6,53.8,52.4,55.2,54.5,62.8,46.2,0.796,8.98,0.212,8.42,6.94,11.1,0.203,5.77,5.28,0.0368,0.328,0.693,68.6,52.0,170,55,600,5.7,17.4,8.0,8.5,7.7,7.9,7.6,8.7,9.5,8.4,8.3,17.3,6.5,12.0,134.0,0.00212,0.219,18.9,0.0,0.0,26.0
70.7,71.8,69.6,81.3,81.6,81.0,64.5,63.4,65.6,55.4,55.2,55.6,1.07,11.7,0.285,10.0,9.03,17.3,0.27,7.13,7.75,0.036,1.23,0.869,185.0,170.0,330,130,1000,8.3,31.3,13.3,12.7,12.6,14.4,12.5,12.1,13.5,11.6,13.3,28.7,10.4,17.3,212.0,0.00432,0.213,15.6,0.0,0.0,26.5
67.1,66.6,67.6,76.5,77.6,75.4,62.1,63.2,61.0,49.2,47.4,51.0,0.939,10.8,0.275,8.95,8.85,14.8,0.256,6.84,6.63,0.0367,0.969,0.792,101.0,88.0,250,84,800,8.5,25.7,9.1,10.4,10.8,10.4,10.6,11.4,9.7,9.9,10.0,22.7,8.1,15.8,173.0,0.00258,0.202,13.4,0.0,0.0,20.7
69.3,69.0,69.6,80.8,77.8,83.8,59.4,59.0,59.8,56.9,56.2,57.6,1.05,11.8,0.283,10.2,8.96,17.5,0.257,7.19,7.62,0.0371,1.23,0.881,208.0,190.0,530,170,1000,20.5,27.8,10.7,12.6,12.4,11.4,13.5,14.0,12.5,13.8,13.6,26.6,8.0,17.0,214.0,0.00426,0.209,28.9,0.0,0.0,28.2
51.5,49.6,53.4,69.4,67.2,71.6,51.1,50.0,52.2,49.8,44.2,55.4,0.786,8.54,0.21,7.72,6.99,10.6,0.194,5.9,5.27,0.0384,1.08,0.661,84.6,67.0,140,41,600,5.9,17.4,8.3,8.8,8.7,7.2,8.5,7.3,7.5,7.9,9.5,16.1,5.6,10.5,129.0,0.00331,0.226,28.7,0.0,0.0,22.5
51.4,52.8,50.0,67.1,69.4,64.8,53.4,53.8,53.0,46.5,36.8,56.2,0.677,8.55,0.199,7.7,6.96,10.6,0.186,5.82,5.33,0.0378,1.1,0.646,66.4,51.0,120,40,600,4.5,17.2,7.7,7.3,7.3,7.8,8.0,7.6,7.6,9.3,9.0,14.4,4.7,12.4,125.0,0.00392,0.199,9.11,0.0,0.0,18.7
54.0,54.4,53.6,73.2,76.0,70.4,54.5,54.0,55.0,49.9,56.0,43.8,0.808,8.46,0.208,7.78,6.98,10.6,0.192,5.89,5.42,0.0374,0.315,0.667,78.4,61.0,130,47,600,4.3,16.9,7.5,8.0,7.8,8.7,9.1,8.3,7.4,7.9,8.7,15.6,5.4,12.5,128.0,0.00354,0.21,15.2,0.0,0.0,21.5
61.2,61.8,60.6,76.9,77.4,76.4,61.4,60.2,62.6,49.3,45.0,53.6,0.942,10.6,0.26,9.41,8.31,14.2,0.248,6.97,6.8,0.0363,0.372,0.815,97.2,78.0,170,64,800,7.1,20.7,11.4,10.2,11.7,11.2,10.6,10.1,12.3,13.2,9.3,21.6,7.8,14.5,172.0,0.00493,0.209,12.6,0.0,0.0,23.2
71.2,71.8,70.6,75.9,73.4,78.4,63.3,65.2,61.4,54.8,57.4,52.2,1.08,11.8,0.306,10.3,8.87,17.4,0.274,7.2,7.76,0.037,1.15,0.862,215.0,180.0,480,120,1000,9.8,27.4,12.3,12.5,13.8,14.0,12.1,14.9,12.4,11.2,13.6,28.0,9.4,17.3,209.0,0.00386,0.216,16.8,0.0,0.0,26.9
53.0,54.4,51.6,64.3,63.2,65.4,53.6,54.2,53.0,41.1,44.0,38.2,0.742,8.69,0.217,7.75,6.96,10.6,0.191,5.97,5.19,0.0378,1.19,0.654,93.5,65.0,120,46,600,5.8,16.9,6.7,5.9,7.9,8.4,8.0,8.4,8.5,9.2,7.9,16.5,5.5,12.0,128.0,0.00319,0.191,15.6,0.0,0.0,32.3
54.2,53.6,54.8,64.6,62.6,66.6,53.1,51.6,54.6,50.0,51.6,48.4,0.71,8.62,0.21,7.46,7.14,10.9,0.195,5.81,5.47,0.0385,0.308,0.638,76.5,59.0,140,45,600,6.9,17.0,7.4,8.7,8.5,7.4,8.0,7.5,8.4,8.1,7.8,14.4,4.2,11.6,126.0,0.0033,0.191,14.2,0.0,0.0,23.3
57.2,57.2,57.2,54.9,54.6,55.2,54.8,55.0,54.6,35.1,32.2,38.0,0.637,7.73,0.18,6.86,6.28,9.27,0.161,5.23,4.66,0.0364,0.281,0.562,59.3,46.0,97,36,600,4.7,15.2,7.2,8.4,8.5,8.5,8.1,7.4,8.1,7.7,10.5,16.3,6.4,11.0,128.0,0.00363,0.186,4.28,0.0,0.0,9.18
59.0,57.6,60.4,73.0,71.4,74.6,60.0,60.6,59.4,50.6,57.8,43.4,0.932,10.7,0.275,9.53,8.27,14.8,0.246,6.73,6.25,0.0375,0.368,0.79,97.0,79.0,240,69,800,7.1,21.9,11.4,12.0,11.6,11.3,10.3,12.4,9.8,12.1,12.3,23.3,8.1,14.9,179.0,0.00346,0.185,15.0,0.0,0.0,22.5
68.2,66.8,69.6,67.8,67.4,68.2,60.0,59.2,60.8,36.8,33.2,40.4,0.843,9.34,0.23,8.13,7.54,12.0,0.213,6.15,5.94,0.0384,0.328,0.724,96.3,80.0,180,58,800,7.9,23.0,9.1,11.3,12.1,12.0,11.7,9.8,10.9,9.8,11.9,24.5,8.8,15.3,178.0,0.00382,0.206,1.52,0.0,0.0,20.9
66.7,67.2,66.2,82.4,81.4,83.4,61.2,60.6,61.8,54.2,51.0,57.4,1.05,11.6,0.31,10.4,9.36,16.4,0.287,7.4,7.29,0.0364,0.399,0.896,101.0,83.0,250,78,800,8.0,23.4,11.5,11.1,11.0,9.9,8.8,12.9,12.0,9.2,9.4,19.9,6.9,16.9,171.0,0.00297,0.199,15.3,0.0,0.0,27.2
70.4,71.2,69.6,77.9,77.4,78.4,63.5,62.2,64.8,55.3,58.6,52.0,1.09,11.7,0.309,10.2,8.86,17.4,0.289,6.95,7.51,0.0376,1.18,0.865,175.0,150.0,300,120,1000,8.6,28.2,13.5,11.6,13.9,13.6,13.7,12.1,14.7,13.3,13.4,27.0,9.1,20.8,214.0,0.00362,0.191,15.2,0.0,0.0,28.6
63.1,63.6,62.6,71.8,72.8,70.8,61.9,59.6,64.2,47.6,43.8,51.4,1.01,11.1,0.278,9.83,8.74,15.0,0.253,6.87,6.24,0.0372,1.13,0.864,91.4,74.0,220,62,800,8.6,25.8,11.4,10.9,10.9,11.4,10.2,10.5,9.2,10.1,9.8,23.2,7.4,12.5,172.0,0.0052,0.184,14.9,0.0,0.0,23.5
62.4,61.8,63.0,78.0,79.2,76.8,60.4,59.0,61.8,55.1,46.2,64.0,0.987,10.6,0.259,9.56,8.24,14.1,0.232,6.85,6.69,0.036,1.09,0.792,120.0,100.0,260,74,800,8.9,21.3,8.7,12.0,9.9,12.0,11.9,11.3,11.1,10.2,11.3,23.9,7.9,12.7,173.0,0.0037,0.2,15.0,0.0,0.0,27.0
62.6,63.8,61.4,80.0,81.2,78.8,61.4,61.2,61.6,54.2,58.4,50.0,0.967,11.0,0.255,9.69,8.71,14.9,0.233,7.1,7.12,0.0365,0.383,0.821,95.4,79.0,210,73,800,8.4,22.8,10.0,10.0,11.2,11.4,9.3,10.0,11.2,12.0,13.0,24.9,7.6,13.4,175.0,0.00365,0.202,16.3,0.0,0.0,27.3
64.2,64.2,64.2,77.2,75.6,78.8,61.4,60.0,62.8,55.2,56.6,53.8,0.952,10.6,0.262,9.14,8.49,14.5,0.263,6.69,6.58,0.0363,1.17,0.798,104.0,88.0,210,78,800,8.0,21.4,9.8,10.7,11.2,11.1,10.4,11.1,11.5,11.6,11.6,23.0,7.1,14.0,173.0,0.00383,0.201,16.4,0.0,0.0,29.0
73.0,69.6,76.4,72.6,72.8,72.4,60.5,60.2,60.8,50.4,56.4,44.4,1.05,12.0,0.277,10.6,8.91,17.2,0.251,7.35,7.48,0.0371,1.18,0.875,158.0,130.0,350,130,1000,9.0,26.9,13.1,13.7,12.3,13.4,13.2,14.7,15.4,12.4,13.3,27.3,7.9,17.1,210.0,0.00345,0.202,12.8,0.0,0.0,23.3
49.7,51.4,48.0,63.2,62.6,63.8,54.1,54.8,53.4,42.1,47.2,37.0,0.766,8.64,0.212,8.05,6.9,10.9,0.195,6.14,5.65,0.0373,1.07,0.667,63.0,50.0,150,43,600,5.8,17.9,8.2,7.2,7.4,10.5,7.3,6.7,7.2,9.8,8.9,16.2,5.8,12.0,131.0,0.00275,0.202,6.34,0.0,0.0,13.7
53.4,52.8,54.0,72.7,73.6,71.8,51.5,50.4,52.6,54.7,52.4,57.0,0.715,8.62,0.189,7.55,7.13,10.6,0.171,5.72,5.34,0.0371,1.02,0.651,102.0,65.0,150,47,600,6.2,17.8,9.4,8.0,6.6,7.1,7.9,8.4,8.7,8.2,6.7,15.5,5.7,11.4,128.0,0.00272,0.213,37.4,0.0,0.0,60.1
68.6,67.0,70.2,73.1,73.8,72.4,63.1,63.0,63.2,49.2,53.6,44.8,1.04,11.6,0.292,9.91,9.09,17.5,0.292,7.16,7.62,0.0359,1.09,0.86,215.0,190.0,380,110,1000,17.1,27.7,13.1,12.2,13.7,14.1,11.2,12.7,13.3,14.3,13.2,26.9,7.9,20.5,218.0,0.00344,0.186,24.7,0.0,0.0,45.0
55.5,53.8,57.2,62.4,61.6,63.2,52.1,50.6,53.6,35.0,41.0,29.0,0.542,6.81,0.169,6.0,5.95,8.52,0.147,4.79,4.27,0.0378,0.881,0.519,88.8,72.0,110,38,600,6.1,15.5,10.3,8.7,7.7,8.5,9.1,7.0,9.2,7.6,8.6,18.3,6.0,11.1,134.0,0.00323,0.187,5.43,0.0,0.0,16.3
59.7,59.8,59.6,77.7,79.2,76.2,59.2,58.8,59.6,54.3,50.8,57.8,1.02,10.4,0.252,9.45,8.34,14.1,0.232,6.74,6.72,0.0366,0.387,0.8,97.7,80.0,220,76,800,7.9,21.7,9.9,11.0,11.7,10.5,10.1,11.5,10.6,11.0,11.8,25.8,8.7,12.7,175.0,0.0033,0.211,14.9,0.0,0.0,24.5
63.6,64.8,62.4,52.4,52.8,52.0,61.2,61.6,60.8,46.7,43.0,50.4,1.12,12.2,0.324,10.9,10.0,17.3,0.299,7.86,7.58,0.0354,0.41,0.93,100.0,82.0,220,74,800,8.8,23.8,10.8,8.3,11.0,10.9,10.5,11.7,10.7,10.2,11.2,20.6,6.0,15.9,170.0,0.0036,0.214,15.5,0.0,0.0,26.6
62.4,64.2,60.6,71.0,71.6,70.4,61.2,61.8,60.6,48.3,42.6,54.0,0.94,10.7,0.274,9.37,8.49,14.7,0.247,6.61,6.24,0.0386,0.359,0.798,94.7,76.0,200,63,800,7.8,20.8,11.9,9.8,10.9,9.3,9.5,10.9,10.1,10.8,12.2,22.9,7.9,15.6,170.0,0.00428,0.187,13.8,0.0,0.0,24.0
62.1,62.4,61.8,61.7,62.2,61.2,60.1,60.8,59.4,35.4,29.8,41.0,0.86,9.29,0.241,8.28,7.22,12.1,0.224,6.03,5.6,0.0358,0.325,0.695,102.0,87.0,190,57,800,26.4,23.4,12.2,11.7,11.3,10.2,10.0,9.9,12.1,11.4,9.9,22.2,7.1,15.5,193.0,0.00331,0.189,5.32,0.0,0.0,14.2
60.3,60.8,59.8,79.3,79.2,79.4,62.2,63.4,61.0,56.4,50.6,62.2,0.943,10.8,0.276,9.78,8.26,14.8,0.263,6.49,6.13,0.0363,1.08,0.783,101.0,83.0,190,67,800,7.7,20.8,10.0,9.7,11.6,9.6,9.2,11.2,12.7,11.1,11.9,24.0,7.2,15.3,172.0,0.00371,0.188,16.7,0.0,0.0,26.1
51.9,50.2,53.6,55.3,54.2,56.4,54.9,53.4,56.4,37.5,35.0,40.0,0.653,8.32,0.193,7.61,6.35,9.76,0.171,5.55,4.85,0.0374,0.301,0.631,55.0,41.0,100,35,600,6.2,17.2,7.1,8.0,8.4,7.4,7.6,7.6,8.2,9.1,7.9,15.0,5.0,13.3,128.0,0.00406,0.201,2.83,0.0,0.0,10.2
69.3,69.0,69.6,78.4,78.0,78.8,82.1,82.0,82.2,52.0,46.4,57.6,1.01,12.0,0.287,10.4,8.71,17.3,0.257,6.93,7.26,0.036,1.09,0.864,173.0,140.0,300,130,1000,9.8,24.6,13.2,14.1,14.9,14.0,12.4,13.4,11.9,12.4,15.3,26.3,8.6,19.3,210.0,0.00278,0.201,12.0,0.0,0.0,21.2
67.9,68.0,67.8,75.7,75.2,76.2,67.4,66.4,68.4,48.0,42.6,53.4,1.03,11.7,0.283,9.82,8.98,17.3,0.265,7.18,7.79,0.0371,1.23,0.863,274.0,230.0,650,120,1000,13.2,26.8,11.1,13.8,14.8,14.6,13.2,12.6,13.0,13.3,11.2,27.4,8.6,19.0,213.0,0.00356,0.214,10.9,0.0,0.0,18.1
63.5,63.4,63.6,69.6,72.0,67.2,61.3,61.8,60.8,50.5,54.6,46.4,0.953,10.6,0.277,9.64,8.38,14.9,0.249,6.7,6.23,0.0366,0.368,0.803,95.3,77.0,190,60,800,6.9,20.6,10.0,11.0,11.7,11.2,9.1,11.9,9.1,11.1,12.8,23.5,7.6,15.1,172.0,0.00273,0.19,14.0,0.0,0.0,22.0
60.6,61.6,59.6,75.9,75.6,76.2,62.1,62.4,61.8,53.4,52.6,54.2,0.929,10.6,0.249,9.27,8.23,14.3,0.232,6.74,6.72,0.0375,1.1,0.761,98.5,80.0,170,67,800,8.0,22.9,12.4,10.4,11.3,11.3,10.2,11.3,8.9,11.6,10.9,22.7,6.7,16.1,175.0,0.00362,0.21,15.6,0.0,0.0,29.2
70.7,69.8,71.6,76.1,77.6,74.6,79.0,80.2,77.8,50.4,47.4,53.4,1.06,11.6,0.311,9.97,8.98,17.3,0.285,7.08,7.59,0.0351,0.734,0.881,203.0,170.0,290,120,1000,10.0,28.3,15.3,14.6,14.0,14.7,12.4,13.7,12.7,11.9,12.0,30.1,9.9,17.2,217.0,0.00375,0.201,13.0,0.0,0.0,22.4
58.0,60.0,56.0,68.7,67.6,69.8,51.7,51.6,51.8,50.3,56.2,44.4,0.749,8.63,0.206,7.68,7.0,10.7,0.189,5.89,5.53,0.0376,0.959,0.646,108.0,91.0,220,54,600,26.2,19.1,8.3,8.6,8.3,7.5,7.5,8.0,8.1,8.0,7.9,15.8,5.4,10.8,150.0,0.00398,0.187,17.0,0.0,0.0,30.7
68.1,70.0,66.2,75.9,76.4,75.4,56.0,56.4,55.6,50.6,44.4,56.8,0.975,10.8,0.28,8.98,8.79,14.8,0.256,6.79,6.56,0.0359,1.19,0.794,100.0,87.0,190,74,800,8.4,23.9,9.3,10.7,12.1,11.3,10.4,11.0,10.8,10.7,10.9,25.0,8.6,14.4,178.0,0.00242,0.21,13.0,0.0,0.0,22.4
71.0,71.0,71.0,73.8,73.4,74.2,63.6,62.8,64.4,50.1,50.6,49.6,1.01,11.2,0.318,10.0,8.99,17.6,0.295,6.89,7.06,0.0359,1.13,0.842,195.0,160.0,280,110,1000,9.0,26.6,13.7,13.9,13.7,14.0,11.5,13.7,14.4,13.3,13.0,27.4,8.7,18.0,211.0,0.00377,0.21,34.7,0.0,0.0,22.2
68.6,69.2,68.0,77.9,76.0,79.8,60.3,58.0,62.6,54.4,49.4,59.4,1.08,11.2,0.279,9.84,8.94,15.3,0.258,7.04,7.11,0.0358,0.404,0.875,97.5,82.0,210,93,800,8.1,23.9,12.2,9.6,8.9,9.7,12.3,11.9,10.9,10.3,9.6,24.2,9.0,15.8,176.0,0.00444,0.224,18.3,0.0,0.0,27.5
59.7,61.4,58.0,72.6,74.4,70.8,58.7,59.4,58.0,52.4,49.4,55.4,0.948,10.7,0.266,9.63,8.23,14.3,0.237,6.45,5.73,0.038,0.365,0.783,89.1,71.0,170,55,800,6.4,23.3,11.1,9.1,11.9,10.4,10.2,12.4,9.5,9.9,10.4,23.7,8.0,16.8,173.0,0.00376,0.215,14.7,0.0,0.0,22.1
60.0,60.8,59.2,71.6,72.8,70.4,59.1,59.0,59.2,51.5,60.4,42.6,0.936,10.7,0.262,9.36,8.28,14.2,0.239,6.58,6.0,0.0373,1.11,0.814,92.5,75.0,240,69,800,7.5,25.4,10.3,10.2,11.7,11.0,11.1,10.9,11.8,10.2,9.1,22.7,7.9,14.1,174.0,0.00381,0.192,12.9,0.0,0.0,21.7
67.3,66.6,68.0,66.7,67.8,65.6,66.4,66.6,66.2,34.9,37.6,32.2,1.11,11.8,0.291,10.4,8.9,17.2,0.275,7.66,7.91,0.0373,0.84,0.894,141.0,110.0,260,89,1000,10.3,28.2,11.7,13.4,11.1,15.7,11.8,13.7,15.5,12.2,15.5,27.2,8.7,16.3,211.0,0.00417,0.2,4.4,0.0,0.0,7.65
54.0,53.6,54.4,65.8,66.4,65.2,55.1,55.4,54.8,45.6,50.8,40.4,0.783,8.87,0.227,7.99,7.02,10.9,0.213,5.65,4.7,0.0379,0.928,0.666,63.1,48.0,120,43,600,5.1,16.7,8.8,6.7,8.1,10.4,9.1,8.8,8.5,10.3,6.5,16.2,5.9,11.5,133.0,0.00325,0.184,10.9,0.0,0.0,18.2
69.1,69.4,68.8,80.1,78.2,82.0,78.1,77.8,78.4,54.6,58.2,51.0,1.05,11.7,0.303,9.84,9.01,17.3,0.279,7.01,7.47,0.0374,1.18,0.852,184.0,160.0,530,180,1000,8.0,28.1,13.6,13.5,11.2,11.4,12.3,14.1,12.9,12.9,11.0,24.8,7.9,19.7,201.0,0.00428,0.212,15.4,0.0,0.0,27.2
60.4,59.0,61.8,73.1,72.6,73.6,60.5,59.8,61.2,50.4,50.4,50.4,0.966,10.8,0.259,9.69,8.23,14.5,0.239,6.64,5.76,0.0381,1.12,0.78,103.0,84.0,170,57,800,7.5,23.3,9.0,11.5,9.9,10.2,11.5,11.6,11.1,9.9,12.3,23.1,8.1,12.5,172.0,0.00267,0.196,12.6,0.0,0.0,21.8
70.9,71.8,70.0,78.5,78.0,79.0,63.7,63.6,63.8,48.5,53.2,43.8,1.08,11.7,0.322,10.2,9.29,17.5,0.305,7.44,7.71,0.037,1.08,0.89,182.0,140.0,320,99,1000,8.6,27.5,14.2,14.1,12.4,11.5,12.9,11.6,13.7,14.6,13.1,29.5,9.0,17.6,210.0,0.00303,0.204,9.52,0.0,0.0,17.1
52.9,52.0,53.8,70.5,73.0,68.0,54.6,55.4,53.8,49.4,52.4,46.4,0.763,9.0,0.206,8.41,7.02,11.1,0.191,6.03,5.43,0.0393,0.322,0.681,67.4,52.0,160,47,600,4.9,17.0,8.3,8.2,8.1,8.5,9.3,8.0,7.5,7.0,7.5,17.9,4.9,10.7,128.0,0.0034,0.217,14.4,0.0,0.0,21.5
64.3,65.2,63.4,79.9,80.6,79.2,57.2,57.8,56.6,55.7,57.0,54.4,0.929,10.4,0.25,9.13,8.54,14.5,0.271,6.69,6.52,0.0375,1.16,0.788,105.0,88.0,200,69,800,7.6,21.1,9.1,10.2,10.9,11.2,11.2,10.8,10.8,11.5,12.0,21.5,7.7,13.7,169.0,0.00381,0.204,16.5,0.0,0.0,29.1
51.4,51.2,51.6,67.4,69.2,65.6,59.1,59.0,59.2,46.2,51.6,40.8,0.714,8.68,0.215,7.92,6.98,11.0,0.202,5.88,5.25,0.0393,0.319,0.666,68.5,52.0,120,40,600,6.5,16.8,8.5,8.4,7.9,7.2,8.3,8.5,9.1,8.0,7.7,16.1,3.9,10.0,127.0,0.00428,0.208,10.2,0.0,0.0,19.3
53.9,55.2,52.6,73.4,73.4,73.4,55.2,55.6,54.8,49.3,48.2,50.4,0.722,8.69,0.202,7.73,6.95,10.6,0.179,5.84,5.42,0.039,0.326,0.658,73.9,59.0,160,53,600,5.2,16.1,7.0,8.2,7.7,7.1,8.5,8.5,7.9,8.6,7.5,16.5,5.0,13.1,127.0,0.00282,0.208,13.1,0.0,0.0,24.5
52.3,54.0,50.6,67.2,69.0,65.4,52.6,52.6,52.6,49.5,53.4,45.6,0.785,8.82,0.225,7.9,7.25,11.3,0.208,5.87,5.53,0.0384,0.315,0.698,69.1,54.0,150,47,600,5.1,16.9,7.8,8.0,9.9,7.4,7.6,7.5,8.7,6.4,9.6,17.4,5.1,11.4,129.0,0.00426,0.179,14.1,0.0,0.0,23.8
63.0,61.6,64.4,61.1,62.8,59.4,62.0,60.4,63.6,33.9,35.6,32.2,0.881,10.2,0.233,8.75,8.01,13.3,0.224,6.61,6.39,0.0362,1.09,0.748,84.7,67.0,170,61,800,6.5,23.3,9.7,12.5,10.1,11.5,9.5,11.5,10.2,11.9,11.0,22.5,8.3,15.0,174.0,0.00328,0.215,4.26,0.0,0.0,8.57
59.7,59.0,60.4,73.0,71.4,74.6,61.2,60.4,62.0,45.0,42.2,47.8,0.982,11.0,0.255,9.47,8.58,14.3,0.245,6.74,6.11,0.0371,1.1,0.812,135.0,110.0,320,120,800,59.1,18.9,9.0,9.9,10.4,10.6,10.1,8.8,10.2,11.2,11.0,21.4,7.7,13.9,212.0,0.00263,0.202,0.0,0.0,0.0,21.9
69.3,69.2,69.4,75.7,75.4,76.0,61.4,63.4,59.4,51.7,54.8,48.6,0.905,10.5,0.251,9.81,8.15,14.3,0.23,6.89,6.82,0.0364,0.369,0.785,89.4,75.0,200,74,800,6.7,21.4,8.3,11.9,10.6,12.3,11.2,11.0,10.7,10.2,11.1,20.8,6.2,15.4,168.0,0.00407,0.22,14.6,0.0,0.0,23.9
53.7,55.2,52.2,62.9,63.0,62.8,56.0,56.8,55.2,34.8,34.0,35.6,0.699,8.33,0.205,7.48,6.88,10.5,0.18,5.89,5.23,0.038,0.31,0.623,64.8,49.0,130,42,600,6.5,15.9,7.1,9.1,9.1,8.3,6.7,7.6,8.6,7.6,7.8,16.6,4.7,13.7,129.0,0.00401,0.218,2.86,0.0,0.0,11.0
53.1,50.4,55.8,66.9,67.8,66.0,53.8,55.2,52.4,39.9,40.6,39.2,0.737,8.76,0.21,7.78,6.98,10.6,0.187,6.0,5.03,0.0385,1.19,0.656,107.0,76.0,110,39,600,4.3,19.5,7.8,8.3,8.2,6.6,8.3,8.3,8.2,7.8,8.0,15.5,5.4,11.0,127.0,0.00406,0.195,0.0,0.0,0.0,0.0
68.0,66.0,70.0,75.7,76.2,75.2,69.4,68.8,70.0,51.7,56.8,46.6,1.17,12.8,0.345,11.4,10.1,19.6,0.324,7.59,7.5,0.0366,1.17,0.973,173.0,140.0,420,120,1000,8.9,27.9,14.4,12.4,13.9,13.1,10.5,15.0,15.1,13.6,13.9,28.5,9.5,17.5,214.0,0.00524,0.182,13.5,0.0,0.0,21.7
56.1,55.4,56.8,59.7,58.4,61.0,50.9,50.8,51.0,40.9,37.4,44.4,0.763,8.71,0.233,7.91,7.35,11.3,0.218,5.97,5.63,0.0374,0.996,0.654,69.8,54.0,150,46,600,5.4,18.7,8.4,7.3,8.8,6.8,8.5,7.8,9.1,10.6,8.5,16.2,4.2,10.8,131.0,0.00369,0.204,8.77,0.0,0.0,13.0
70.2,72.8,67.6,74.2,74.0,74.4,66.8,66.2,67.4,47.3,51.0,43.6,1.2,13.0,0.341,11.3,10.4,19.8,0.306,8.22,8.66,0.0369,1.26,1.0,176.0,140.0,310,91,1000,9.5,28.2,12.8,14.1,14.8,14.2,13.0,13.1,13.1,13.4,11.8,26.9,8.9,16.8,211.0,0.00344,0.196,8.53,0.0,0.0,16.6
49.2,48.4,50.0,67.7,66.2,69.2,51.7,51.0,52.4,48.6,45.2,52.0,0.813,8.57,0.218,7.78,6.97,10.8,0.199,5.84,5.35,0.0373,1.08,0.673,98.0,84.0,140,47,600,15.0,16.7,7.4,10.7,8.0,8.5,7.1,8.1,8.5,8.4,7.0,16.4,6.5,10.4,139.0,0.00278,0.21,0.0,0.0,0.0,33.1
63.4,63.2,63.6,71.2,68.4,74.0,62.0,60.4,63.6,49.3,46.4,52.2,0.939,10.7,0.273,9.62,8.27,14.8,0.254,6.81,6.4,0.0378,1.15,0.802,98.2,80.0,180,67,800,6.7,21.6,9.9,11.0,9.8,9.7,11.0,12.7,10.3,12.3,9.2,21.5,6.3,17.3,169.0,0.00356,0.184,13.2,0.0,0.0,23.6
67.0,65.8,68.2,77.5,78.0,77.0,64.8,64.4,65.2,52.4,60.4,44.4,1.07,11.7,0.304,10.1,9.15,17.8,0.287,7.32,7.66,0.0367,1.14,0.883,227.0,190.0,350,150,1000,10.2,26.2,14.6,12.7,14.1,12.6,13.9,12.1,12.6,12.1,14.1,27.7,11.1,19.1,213.0,0.00385,0.182,14.1,0.0,0.0,23.1
54.6,57.0,52.2,69.8,71.2,68.4,54.8,53.2,56.4,44.9,42.8,47.0,0.75,8.45,0.211,7.25,7.28,10.8,0.194,5.8,5.48,0.0381,1.04,0.649,71.2,56.0,150,53,600,6.7,18.1,8.7,6.8,8.0,7.8,7.7,7.8,8.3,7.9,8.3,16.3,6.0,11.2,130.0,0.00338,0.208,9.58,0.0,0.0,17.3
51.0,50.0,52.0,74.4,74.4,74.4,53.7,54.4,53.0,53.2,53.0,53.4,0.802,8.64,0.225,7.85,7.03,11.2,0.208,5.66,5.47,0.0375,1.02,0.663,81.9,58.0,160,52,600,5.4,17.5,7.0,7.8,9.0,7.0,7.2,8.2,9.7,8.0,8.6,16.7,6.0,12.3,130.0,0.00366,0.186,17.2,0.0,0.0,26.2
52.8,53.4,52.2,72.2,72.2,72.2,51.8,50.2,53.4,50.2,50.8,49.6,0.753,8.95,0.209,7.64,7.23,10.8,0.187,5.81,5.46,0.0373,0.322,0.658,69.4,54.0,150,48,600,4.7,15.9,7.9,6.8,8.2,8.8,10.0,6.6,10.5,7.4,7.9,16.6,6.2,11.4,129.0,0.00301,0.199,14.5,0.0,0.0,21.0
61.8,63.0,60.6,72.8,71.8,73.8,61.2,61.4,61.0,51.1,49.6,52.6,0.872,10.5,0.261,9.4,8.61,15.1,0.243,6.55,6.17,0.0374,0.846,0.781,98.2,80.0,190,60,800,7.5,20.6,11.3,11.8,10.5,8.5,12.4,11.6,11.6,9.0,12.3,26.8,7.5,13.8,175.0,0.00359,0.182,13.6,0.0,0.0,24.5
70.2,67.0,73.4,77.1,79.0,75.2,62.0,61.8,62.2,47.0,42.2,51.8,1.11,11.9,0.296,10.2,9.06,17.0,0.262,7.29,7.74,0.038,1.23,0.894,194.0,190.0,260,86,1000,12.9,30.0,14.4,13.7,10.9,11.4,13.9,12.1,11.3,14.8,15.6,28.7,9.7,19.6,219.0,0.00388,0.185,9.01,0.0,0.0,17.1
52.2,50.8,53.6,58.3,60.0,56.6,52.8,52.6,53.0,53.3,53.6,53.0,0.829,9.66,0.231,8.6,8.16,12.1,0.212,6.54,6.09,0.0383,1.09,0.746,72.8,56.0,150,51,600,5.3,15.2,10.2,7.6,8.6,9.2,8.0,8.6,7.7,8.0,9.4,17.7,6.0,12.4,134.0,0.00385,0.196,17.4,0.0,0.0,27.8
57.8,57.2,58.4,78.2,78.2,78.2,59.9,60.2,59.6,55.8,58.0,53.6,0.943,10.5,0.255,9.47,8.25,14.3,0.237,6.78,6.83,0.0376,1.1,0.785,101.0,82.0,180,70,800,8.1,21.1,11.9,10.1,11.7,12.4,10.5,9.4,12.4,10.9,12.4,25.0,8.5,15.5,180.0,0.00437,0.216,14.3,0.0,0.0,26.9
60.6,60.4,60.8,67.3,68.2,66.4,61.4,60.8,62.0,34.9,35.4,34.4,0.932,10.2,0.269,9.08,8.23,13.8,0.241,6.83,6.63,0.0375,1.13,0.776,81.5,66.0,150,52,800,6.8,20.5,10.2,9.3,11.4,10.7,10.7,10.5,11.6,9.8,14.0,22.2,7.5,16.4,172.0,0.00326,0.199,4.34,0.0,0.0,8.9
49.9,48.0,51.8,66.1,65.8,66.4,53.4,53.6,53.2,49.7,53.6,45.8,0.787,8.79,0.223,7.91,7.4,11.2,0.202,5.64,4.69,0.0382,0.317,0.685,68.1,50.0,150,45,600,4.5,15.8,8.8,7.8,9.1,8.9,9.4,8.7,8.8,8.3,7.4,17.4,5.6,11.6,132.0,0.00384,0.202,14.1,0.0,0.0,21.8
63.1,64.6,61.6,65.1,65.0,65.2,62.4,63.6,61.2,34.3,32.2,36.4,0.988,10.7,0.259,9.65,8.48,14.1,0.251,7.26,7.0,0.038,1.14,0.827,76.4,61.0,150,54,800,6.0,24.2,11.4,10.6,9.9,11.2,9.5,10.3,11.3,11.4,10.9,22.4,7.4,14.7,171.0,0.00386,0.191,4.33,0.0,0.0,9.73
61.6,62.2,61.0,73.8,74.2,73.4,58.7,59.6,57.8,47.3,48.6,46.0,0.927,10.7,0.25,9.47,8.37,14.4,0.226,6.95,6.4,0.0373,0.364,0.79,89.3,71.0,170,66,800,7.6,21.7,10.1,11.5,10.2,11.7,11.6,12.6,10.9,10.8,10.1,24.2,7.7,13.6,174.0,0.00411,0.186,9.08,0.0,0.0,16.9
53.1,51.6,54.6,69.4,67.8,71.0,51.9,52.6,51.2,49.5,47.2,51.8,0.7,8.91,0.208,7.73,7.58,11.5,0.196,6.04,5.54,0.0394,0.312,0.674,70.6,54.0,150,49,600,6.0,17.6,7.5,8.6,7.9,8.2,7.8,8.3,10.0,9.1,8.2,16.1,5.6,12.9,134.0,0.00383,0.19,11.2,0.0,0.0,23.0
51.8,49.6,54.0,69.3,71.6,67.0,53.5,54.6,52.4,54.1,49.0,59.2,0.741,8.71,0.213,7.6,7.08,10.9,0.206,5.64,5.23,0.0383,1.12,0.64,80.5,59.0,160,48,600,5.5,18.3,7.7,7.7,6.7,9.5,8.0,6.5,9.2,8.8,8.2,14.9,5.0,11.0,127.0,0.00349,0.21,19.7,0.0,0.0,24.4
60.1,59.8,60.4,73.8,73.8,73.8,62.8,64.8,60.8,52.6,44.4,60.8,0.943,10.7,0.264,9.39,8.3,14.7,0.245,6.73,6.07,0.0376,0.356,0.79,93.1,75.0,190,64,800,8.4,23.7,11.8,9.7,9.7,11.4,10.0,12.0,12.3,10.9,10.3,22.5,8.3,14.6,176.0,0.00294,0.187,11.9,0.0,0.0,22.5
65.0,65.0,65.0,78.7,78.6,78.8,62.8,63.2,62.4,52.3,50.8,53.8,1.1,11.9,0.303,10.1,8.7,17.3,0.279,6.97,7.77,0.0352,1.19,0.883,204.0,180.0,260,110,1000,8.3,26.4,14.3,12.9,12.7,13.5,12.9,12.8,13.2,12.8,16.5,26.7,8.0,18.6,210.0,0.00364,0.203,13.2,0.0,0.0,29.4
72.0,72.0,72.0,79.4,77.6,81.2,62.7,63.0,62.4,54.1,50.2,58.0,1.07,11.8,0.303,9.94,9.07,17.4,0.282,7.13,7.53,0.0374,1.24,0.865,187.0,160.0,550,240,1000,7.6,26.4,14.9,11.3,10.3,13.5,13.4,13.8,11.6,12.8,11.8,28.6,9.5,20.0,206.0,0.00348,0.208,14.3,0.0,0.0,25.9
51.3,51.0,51.6,56.4,57.2,55.6,54.4,55.4,53.4,50.9,53.6,48.2,0.866,9.94,0.234,8.76,8.23,12.5,0.212,6.71,6.3,0.0374,0.366,0.763,68.2,53.0,150,48,600,5.0,19.0,7.1,8.5,7.9,8.6,9.7,7.4,9.1,8.0,8.2,17.6,6.2,11.2,134.0,0.00278,0.203,14.4,0.0,0.0,21.1
61.2,60.8,61.6,74.6,75.6,73.6,61.9,61.2,62.6,50.8,55.8,45.8,0.975,10.8,0.284,8.94,8.86,14.9,0.267,6.99,6.85,0.0368,0.386,0.807,98.3,85.0,170,72,800,7.8,24.4,10.1,12.3,10.8,11.0,9.1,9.7,10.6,10.2,12.3,23.1,7.7,16.8,176.0,0.00264,0.202,12.9,0.0,0.0,20.9
68.7,68.4,69.0,72.7,72.0,73.4,64.1,63.2,65.0,33.8,26.8,40.8,1.1,11.6,0.304,9.67,9.0,16.9,0.289,7.23,7.54,0.0378,1.14,0.902,171.0,140.0,460,150,1000,8.7,29.9,13.2,12.1,13.7,12.4,14.5,13.7,13.4,11.9,14.7,28.9,10.1,17.3,215.0,0.00406,0.215,2.93,0.0,0.0,9.19
61.2,60.2,62.2,64.9,66.8,63.0,64.6,65.0,64.2,39.0,36.0,42.0,0.977,10.9,0.276,9.77,8.45,14.9,0.253,7.12,6.78,0.0385,1.15,0.792,116.0,97.0,310,75,800,29.6,20.4,12.7,9.5,9.4,11.4,13.1,10.2,11.6,9.8,10.6,25.2,8.9,18.4,201.0,0.00343,0.184,0.0,0.0,0.0,18.9
53.1,51.0,55.2,64.0,66.2,61.8,54.3,56.4,52.2,50.1,41.0,59.2,0.886,9.66,0.244,8.77,8.24,12.4,0.224,6.31,5.17,0.0371,0.345,0.772,67.3,50.0,160,45,600,5.3,17.7,8.4,9.3,8.9,7.8,8.7,9.0,9.1,7.6,7.7,15.7,5.8,10.4,131.0,0.00455,0.204,16.1,0.0,0.0,23.2
70.2,71.4,69.0,64.7,65.8,63.6,67.5,67.4,67.6,35.3,33.6,37.0,1.19,12.7,0.334,11.0,10.1,18.8,0.315,8.08,8.48,0.0373,0.43,1.02,150.0,120.0,230,97,1000,9.1,29.8,12.1,13.4,13.3,15.4,14.2,12.6,11.6,12.0,12.3,28.0,10.3,19.2,213.0,0.00454,0.214,4.14,0.0,0.0,9.41
72.7,72.4,73.0,73.9,71.8,76.0,62.6,61.8,63.4,52.1,52.0,52.2,1.11,11.7,0.291,10.5,8.77,17.3,0.272,7.25,7.52,0.0372,0.394,0.89,179.0,150.0,610,280,1000,8.8,25.3,14.2,11.8,12.8,13.7,14.2,14.5,12.1,12.4,13.7,29.0,11.0,17.6,211.0,0.00325,0.2,12.1,0.0,0.0,23.9
61.0,61.2,60.8,74.4,75.0,73.8,62.0,63.4,60.6,52.6,52.8,52.4,0.938,10.6,0.262,9.43,8.37,14.3,0.252,6.95,6.67,0.0362,0.364,0.811,99.5,79.0,170,63,800,7.5,22.3,10.2,9.7,10.7,10.2,11.1,9.5,11.8,12.9,11.6,20.8,6.7,13.1,168.0,0.00547,0.214,11.8,0.0,0.0,24.4
69.8,67.8,71.8,75.5,75.8,75.2,67.8,66.0,69.6,51.0,47.4,54.6,1.14,11.6,0.317,10.3,8.95,17.3,0.283,7.26,7.7,0.038,1.24,0.884,195.0,170.0,300,120,1000,8.7,28.7,12.6,13.1,11.7,13.8,13.7,13.1,12.3,13.6,14.4,25.4,8.6,19.0,209.0,0.00381,0.215,10.1,0.0,0.0,22.5
62.7,62.2,63.2,66.8,69.0,64.6,63.3,63.0,63.6,35.7,32.4,39.0,0.961,10.5,0.283,9.68,8.69,14.8,0.283,7.19,6.9,0.0381,1.08,0.832,80.2,64.0,180,68,800,7.5,21.4,10.0,10.3,10.8,10.7,11.0,10.7,13.6,12.2,10.5,24.0,9.2,16.3,178.0,0.00346,0.217,1.49,0.0,0.0,8.48
71.1,71.6,70.6,72.2,73.0,71.4,64.7,66.4,63.0,46.7,48.0,45.4,1.13,11.7,0.335,10.2,9.38,17.6,0.322,7.31,7.95,0.0367,1.08,0.896,195.0,160.0,520,140,1000,10.0,28.9,12.8,13.4,12.7,13.7,13.4,15.8,13.1,13.5,10.8,28.2,9.1,18.1,214.0,0.00297,0.2,8.87,0.0,0.0,17.5
52.9,53.8,52.0,73.0,73.8,72.2,52.8,52.4,53.2,47.6,45.0,50.2,0.748,8.69,0.21,7.62,7.05,10.8,0.194,5.94,5.61,0.0384,0.959,0.653,93.2,74.0,150,46,600,6.2,17.1,8.8,6.9,8.5,10.0,9.4,8.5,8.6,7.4,8.1,15.7,5.4,10.2,131.0,0.00409,0.191,27.2,0.0,0.0,46.6
51.8,51.6,52.0,68.5,68.0,69.0,54.8,54.6,55.0,49.0,51.8,46.2,0.743,8.89,0.209,7.73,7.13,10.8,0.189,5.88,5.5,0.0375,0.332,0.666,70.2,55.0,160,47,600,5.8,16.7,7.0,8.2,6.0,7.6,11.3,8.0,9.2,8.4,8.9,18.1,6.9,11.6,134.0,0.00442,0.187,14.5,0.0,0.0,23.3
62.6,61.8,63.4,72.6,71.8,73.4,61.2,62.0,60.4,49.9,44.8,55.0,0.945,10.7,0.272,9.64,8.2,14.9,0.251,6.82,6.4,0.0376,0.365,0.796,99.0,80.0,240,76,800,7.3,20.9,11.6,12.3,10.9,9.6,11.3,11.6,10.6,11.8,10.7,22.5,7.3,17.2,176.0,0.00415,0.192,13.1,0.0,0.0,21.6
70.4,69.2,71.6,77.0,76.0,78.0,63.0,62.0,64.0,53.9,53.0,54.8,1.04,11.5,0.323,10.1,8.96,17.8,0.3,6.82,7.04,0.0379,1.12,0.83,191.0,160.0,300,150,1000,10.0,26.3,13.1,15.4,14.7,12.7,13.2,12.6,14.5,11.8,13.3,28.9,9.1,19.3,215.0,0.00344,0.194,14.5,0.0,0.0,20.8
54.2,55.0,53.4,61.7,60.0,63.4,57.2,57.4,57.0,41.1,44.0,38.2,0.775,8.71,0.206,7.76,7.22,10.7,0.194,5.82,4.75,0.0384,0.926,0.646,59.9,43.0,130,38,600,5.9,18.2,7.3,6.2,7.9,8.8,8.6,8.6,8.7,8.0,9.6,16.1,4.4,11.9,130.0,0.00334,0.187,5.88,0.0,0.0,15.1
52.6,51.4,53.8,72.5,70.8,74.2,57.2,57.0,57.4,53.4,53.4,53.4,0.852,9.45,0.222,8.94,7.29,11.7,0.213,6.09,5.6,0.0369,0.343,0.733,68.1,52.0,150,47,600,4.8,18.8,8.0,7.7,8.8,8.7,7.3,9.3,9.3,6.5,8.1,16.2,5.9,11.3,131.0,0.00345,0.203,18.2,0.0,0.0,24.9
71.0,72.4,69.6,73.7,74.0,73.4,62.3,64.0,60.6,50.2,52.2,48.2,1.06,11.4,0.322,9.92,8.8,17.6,0.3,6.84,6.96,0.0378,1.12,0.843,187.0,160.0,310,140,1000,9.6,28.1,12.3,14.7,13.8,13.0,15.4,13.2,12.3,11.6,12.9,28.7,8.9,19.1,214.0,0.00246,0.203,12.8,0.0,0.0,23.8
53.8,54.8,52.8,67.3,67.6,67.0,52.3,53.4,51.2,46.9,47.2,46.6,0.849,9.6,0.231,8.73,7.84,11.7,0.206,6.69,6.34,0.038,0.993,0.75,65.1,50.0,120,42,600,4.6,16.3,7.8,9.9,8.7,7.4,8.1,6.9,9.2,7.0,8.8,17.7,4.6,10.7,128.0,0.00347,0.194,11.7,0.0,0.0,17.6
56.8,55.6,58.0,60.6,56.8,64.4,54.0,54.8,53.2,40.9,40.6,41.2,0.716,8.53,0.209,7.83,6.97,10.9,0.188,6.12,5.43,0.0376,1.2,0.651,76.7,52.0,130,43,600,4.2,19.2,7.1,6.7,8.6,7.4,7.9,7.9,7.6,8.5,8.3,17.6,5.4,13.6,130.0,0.00329,0.198,7.46,0.0,0.0,13.5
69.7,69.6,69.8,77.6,75.4,79.8,67.4,66.6,68.2,50.4,54.2,46.6,1.01,11.7,0.281,10.2,8.74,17.4,0.25,6.95,7.21,0.038,0.379,0.853,174.0,140.0,270,110,1000,9.1,26.7,13.6,13.8,14.6,13.1,14.2,13.3,11.1,12.0,15.5,26.2,8.2,20.1,212.0,0.00439,0.214,12.2,0.0,0.0,24.8
66.9,66.0,67.8,81.1,82.2,80.0,65.1,64.4,65.8,55.8,55.6,56.0,1.1,11.7,0.298,10.4,8.83,17.1,0.274,7.03,7.71,0.0349,1.19,0.883,171.0,140.0,280,100,1000,8.1,27.8,13.1,14.1,13.1,14.6,12.7,13.4,11.7,11.3,13.7,25.2,8.9,20.6,208.0,0.00383,0.213,15.9,0.0,0.0,25.3
58.7,58.0,59.4,75.2,75.6,74.8,62.2,64.2,60.2,48.5,46.2,50.8,0.943,10.7,0.25,9.76,8.2,14.2,0.221,6.88,6.91,0.0384,1.08,0.78,98.4,85.0,170,59,800,7.4,23.3,9.5,10.3,11.4,10.1,11.0,11.0,11.0,11.7,9.7,22.9,6.6,14.0,170.0,0.00404,0.217,12.5,0.0,0.0,22.0
73.0,71.2,74.8,75.8,76.2,75.4,66.8,65.8,67.8,46.3,37.6,55.0,0.971,10.9,0.255,9.4,8.72,14.8,0.236,6.93,6.61,0.0356,1.1,0.797,160.0,150.0,330,180,800,69.5,20.7,8.7,9.3,7.7,8.2,7.8,8.0,8.7,8.0,8.4,15.7,5.0,11.2,197.0,0.00368,0.175,8.47,0.0,0.0,0.0
55.3,57.4,53.2,74.6,71.8,77.4,53.3,55.8,50.8,53.6,51.6,55.6,0.739,8.71,0.21,7.51,7.17,11.2,0.202,5.74,5.47,0.0381,1.13,0.644,88.1,65.0,170,54,600,7.6,17.9,7.7,6.0,8.2,8.4,9.2,6.6,9.0,7.6,7.7,15.3,5.0,10.7,127.0,0.00463,0.202,19.6,0.0,0.0,25.7
64.0,64.8,63.2,77.4,79.0,75.8,60.9,61.2,60.6,50.1,50.6,49.6,0.903,10.7,0.252,9.8,8.07,14.2,0.228,6.91,6.75,0.0374,0.37,0.786,90.0,76.0,200,65,800,7.1,22.5,9.9,12.7,8.9,12.1,11.4,11.0,10.3,10.5,11.7,23.5,6.5,14.9,173.0,0.00333,0.203,12.5,0.0,0.0,23.8
55.7,56.0,55.4,75.5,75.2,75.8,53.9,55.4,52.4,54.8,60.6,49.0,0.794,8.51,0.22,7.66,7.15,11.1,0.198,5.8,5.46,0.0368,1.02,0.666,87.1,60.0,160,52,600,8.0,17.1,7.2,7.7,6.5,7.3,8.7,9.6,7.5,7.6,6.2,18.1,6.2,10.4,128.0,0.00421,0.199,17.6,0.0,0.0,24.7
52.9,51.6,54.2,68.1,68.2,68.0,54.5,52.4,56.6,50.2,48.6,51.8,0.809,8.55,0.225,7.65,7.18,11.0,0.207,5.8,5.41,0.0383,0.312,0.676,72.7,57.0,160,46,600,5.4,16.3,9.1,9.7,7.6,7.9,7.3,8.2,7.3,9.0,7.4,17.7,7.4,8.6,129.0,0.00501,0.209,14.5,0.0,0.0,22.5
67.5,69.2,65.8,78.0,81.6,74.4,72.4,71.8,73.0,55.6,47.6,63.6,1.13,11.9,0.297,10.5,9.42,16.2,0.275,7.49,7.44,0.0374,0.815,0.923,97.2,82.0,210,85,800,8.6,23.9,10.8,10.7,10.1,11.2,10.4,12.5,11.5,9.4,11.5,24.5,8.2,15.3,179.0,0.00325,0.201,16.6,0.0,0.0,27.1
64.1,63.6,64.6,77.2,78.6,75.8,62.2,61.4,63.0,54.5,53.4,55.6,1.01,10.5,0.271,9.58,8.41,14.4,0.246,6.79,6.6,0.0354,1.08,0.788,102.0,85.0,220,80,800,7.4,22.1,10.2,11.1,9.3,10.4,8.5,11.2,13.4,10.6,13.9,24.0,8.3,16.4,177.0,0.00337,0.214,16.0,0.0,0.0,26.6
58.8,59.0,58.6,65.9,66.2,65.6,60.7,60.0,61.4,33.2,38.6,27.8,0.793,9.44,0.223,8.21,7.45,12.0,0.205,6.06,5.47,0.0377,0.335,0.698,95.2,78.0,150,48,800,9.3,22.7,11.2,9.7,12.9,12.0,11.1,11.8,9.7,9.5,11.4,23.3,8.2,15.6,178.0,0.00195,0.186,4.32,0.0,0.0,9.53
62.4,62.6,62.2,74.6,75.0,74.2,61.0,61.4,60.6,56.0,52.2,59.8,0.916,10.5,0.26,9.2,8.36,14.6,0.235,6.37,5.58,0.0364,1.11,0.778,110.0,86.0,170,59,800,8.6,21.1,11.8,10.7,10.2,9.5,10.7,11.5,10.5,11.2,11.1,22.4,8.2,15.9,173.0,0.00327,0.186,17.9,0.0,0.0,26.4
72.2,72.2,72.2,81.3,81.6,81.0,65.2,65.0,65.4,50.5,45.8,55.2,1.11,11.8,0.288,10.3,9.08,17.1,0.27,7.4,7.75,0.0381,0.402,0.881,167.0,140.0,220,92,1000,8.4,28.7,14.0,15.3,13.3,13.8,12.1,14.5,14.1,14.7,13.9,28.0,8.8,16.4,216.0,0.00347,0.204,12.0,0.0,0.0,21.9
53.2,54.0,52.4,61.5,62.0,61.0,54.6,54.4,54.8,35.1,33.8,36.4,0.6,7.25,0.173,6.54,6.0,8.73,0.155,4.88,4.25,0.0354,0.272,0.54,65.3,52.0,100,39,600,5.0,18.0,7.7,7.6,9.3,8.9,8.0,7.9,7.6,7.3,8.8,17.5,4.5,11.5,130.0,0.00374,0.193,4.29,0.0,0.0,8.24
53.6,52.6,54.6,62.3,61.2,63.4,55.3,52.6,58.0,34.3,31.6,37.0,0.758,8.69,0.22,7.84,7.28,11.1,0.195,6.22,5.68,0.0391,0.322,0.661,62.0,47.0,100,39,600,6.0,15.8,9.5,7.9,6.6,6.8,8.9,8.1,8.2,8.0,9.3,17.5,6.4,11.5,131.0,0.00394,0.202,5.42,0.0,0.0,7.86
52.6,50.4,54.8,67.5,67.0,68.0,53.6,53.6,53.6,50.3,55.8,44.8,0.731,8.73,0.199,7.92,6.57,10.6,0.183,5.77,5.26,0.0376,0.309,0.654,68.6,53.0,180,53,600,5.7,16.0,9.0,8.1,7.3,7.6,7.9,8.0,8.6,10.2,9.5,18.9,5.1,10.8,133.0,0.00314,0.21,12.0,0.0,0.0,22.6
52.7,52.2,53.2,56.7,56.8,56.6,54.6,55.6,53.6,33.1,36.2,30.0,0.731,8.98,0.22,8.27,7.53,11.4,0.208,5.93,4.85,0.0368,0.327,0.685,54.1,41.0,140,37,600,5.3,15.8,9.6,8.3,7.5,8.3,8.2,7.8,8.2,8.8,8.9,17.5,3.9,11.3,129.0,0.00304,0.189,3.8,0.0,0.0,8.71
54.3,54.6,54.0,75.3,78.4,72.2,55.0,54.0,56.0,53.3,50.8,55.8,0.736,8.46,0.205,7.76,6.56,10.8,0.195,5.45,4.82,0.0371,1.07,0.64,69.6,52.0,150,48,600,5.2,16.8,6.6,9.9,8.2,8.8,6.5,8.9,8.7,7.4,8.1,16.1,5.0,11.1,127.0,0.0042,0.186,16.3,0.0,0.0,25.9
61.2,59.6,62.8,78.8,80.0,77.6,62.5,60.6,64.4,54.5,64.6,44.4,0.965,10.4,0.275,8.86,8.64,14.7,0.265,6.73,6.95,0.0372,0.367,0.784,100.0,85.0,200,78,800,7.2,21.8,10.8,11.9,11.7,11.7,10.5,9.8,9.9,12.5,9.9,21.3,8.2,15.0,172.0,0.00389,0.203,16.1,0.0,0.0,27.9
58.3,56.2,60.4,77.4,76.8,78.0,61.2,60.8,61.6,55.1,56.0,54.2,0.996,10.8,0.288,8.88,8.65,14.9,0.26,6.84,6.93,0.0357,1.17,0.798,133.0,110.0,340,87,800,34.2,24.3,10.4,10.3,10.2,11.3,11.1,11.8,10.9,8.4,10.9,22.2,7.9,14.9,199.0,0.00295,0.201,0.0,0.0,0.0,39.5
73.2,72.2,74.2,62.8,63.4,62.2,63.5,64.0,63.0,34.8,36.6,33.0,1.06,12.3,0.288,11.2,9.32,17.6,0.26,7.66,7.21,0.0372,0.427,0.934,113.0,95.0,240,91,1000,11.0,26.4,12.8,15.0,13.3,12.5,15.4,12.3,13.9,13.3,14.5,25.7,8.2,16.9,211.0,0.00324,0.18,4.26,0.0,0.0,8.01
71.0,70.0,72.0,76.9,75.8,78.0,58.2,58.4,58.0,54.8,45.2,64.4,0.916,10.7,0.251,9.02,8.44,14.2,0.263,6.67,6.36,0.0374,1.17,0.797,109.0,92.0,260,100,800,8.2,22.1,12.1,11.8,12.1,12.4,10.5,9.3,10.5,9.6,11.2,23.7,9.1,13.6,176.0,0.00293,0.194,16.5,0.0,0.0,26.2
65.7,64.4,67.0,77.6,77.2,78.0,59.0,59.0,59.0,54.6,61.2,48.0,0.948,10.3,0.267,9.02,8.62,14.4,0.267,6.58,6.84,0.0373,0.361,0.786,102.0,86.0,190,79,800,6.8,21.5,8.8,12.9,12.8,12.4,8.8,10.5,11.7,11.4,10.5,21.2,7.6,15.2,172.0,0.00237,0.192,16.1,0.0,0.0,25.2
61.8,62.4,61.2,70.2,69.4,71.0,61.9,61.2,62.6,47.1,50.8,43.4,0.93,10.7,0.263,9.26,8.61,14.6,0.239,7.11,6.9,0.0374,1.07,0.787,97.0,78.0,180,62,800,7.5,23.9,10.8,11.6,10.9,10.7,9.4,10.4,10.8,11.6,10.7,23.0,6.7,16.3,174.0,0.00365,0.198,7.61,0.0,0.0,17.4
69.7,71.4,68.0,79.4,78.6,80.2,66.6,66.6,66.6,51.0,54.8,47.2,1.05,11.9,0.286,10.4,9.1,17.1,0.269,7.21,7.51,0.0351,0.396,0.874,163.0,130.0,340,150,1000,8.7,27.8,14.3,12.7,14.0,13.7,14.3,11.3,15.2,11.6,13.3,29.4,10.3,20.7,217.0,0.00345,0.196,13.3,0.0,0.0,22.9
58.7,59.6,57.8,66.0,65.8,66.2,53.5,55.0,52.0,39.0,36.0,42.0,0.827,9.26,0.229,8.26,8.08,11.6,0.219,6.21,5.1,0.0382,0.339,0.736,58.8,43.0,130,44,600,4.8,16.5,7.5,6.9,8.5,7.9,8.6,8.5,8.8,9.8,9.1,16.6,5.1,10.9,130.0,0.00296,0.19,7.29,0.0,0.0,13.1
69.7,67.4,72.0,76.5,76.6,76.4,65.7,63.6,67.8,55.3,47.8,62.8,1.09,11.6,0.314,10.2,8.96,17.8,0.309,6.97,7.65,0.0371,0.391,0.881,208.0,170.0,710,150,1000,8.6,25.9,14.9,13.9,14.1,13.7,12.0,11.3,14.5,13.9,16.0,31.2,9.7,18.1,218.0,0.00317,0.192,15.3,0.0,0.0,25.5
68.4,67.8,69.0,66.5,65.6,67.4,67.1,69.2,65.0,39.0,38.6,39.4,0.967,10.8,0.272,9.79,8.57,14.6,0.248,6.92,6.16,0.038,1.23,0.803,134.0,110.0,300,140,800,71.2,18.6,8.0,9.7,7.7,7.8,11.0,9.6,8.3,9.1,8.8,17.4,6.1,12.9,206.0,0.005,0.194,0.0,0.0,0.0,14.0
52.2,51.2,53.2,68.6,68.8,68.4,54.9,54.0,55.8,50.3,48.0,52.6,0.708,8.64,0.201,7.7,7.12,10.7,0.178,5.8,5.46,0.0374,1.12,0.652,76.0,60.0,140,46,600,6.1,16.7,9.5,8.1,7.0,8.7,8.4,7.9,8.1,8.3,9.3,18.3,5.4,10.9,133.0,0.00212,0.192,35.1,0.0,0.0,21.0
69.5,68.8,70.2,73.9,73.4,74.4,64.5,63.2,65.8,52.4,51.8,53.0,1.06,11.5,0.325,10.1,8.96,17.6,0.299,6.79,6.74,0.0378,0.39,0.84,175.0,140.0,330,140,1000,9.5,27.0,14.2,14.3,12.9,15.0,11.3,13.9,13.3,14.9,11.1,26.5,8.4,17.1,209.0,0.00373,0.213,12.7,0.0,0.0,21.5
60.8,60.4,61.2,79.1,79.0,79.2,60.6,62.6,58.6,54.6,57.2,52.0,0.971,10.7,0.257,9.26,8.36,14.1,0.244,6.8,6.71,0.0366,1.11,0.776,105.0,85.0,190,77,800,8.1,19.9,9.4,11.4,11.3,11.0,10.5,10.3,11.8,10.8,11.5,22.6,8.0,14.7,171.0,0.00345,0.222,15.7,0.0,0.0,26.5
52.0,51.0,53.0,58.7,56.6,60.8,53.9,54.8,53.0,36.2,33.2,39.2,0.595,7.11,0.179,6.62,5.7,8.85,0.158,5.0,4.44,0.0363,0.271,0.559,67.9,51.0,96,36,600,5.2,17.9,7.6,8.1,9.0,7.4,7.3,9.1,8.4,8.8,7.4,18.0,5.7,11.7,132.0,0.00385,0.188,6.92,0.0,0.0,8.85
61.2,58.8,63.6,70.1,70.4,69.8,61.4,60.6,62.2,49.1,54.0,44.2,0.978,10.6,0.268,9.62,8.2,14.3,0.246,6.6,5.79,0.0389,1.13,0.79,99.6,80.0,190,58,800,7.3,26.4,10.2,10.8,10.4,9.1,10.2,11.1,11.7,11.7,10.0,22.1,7.6,14.4,173.0,0.00327,0.212,13.1,0.0,0.0,23.7
59.8,59.4,60.2,70.5,71.4,69.6,54.8,56.2,53.4,54.5,49.8,59.2,0.828,9.44,0.239,8.46,7.95,12.4,0.237,6.31,5.95,0.0369,1.12,0.745,79.9,58.0,180,58,600,5.4,18.9,7.5,9.0,8.0,9.1,8.4,8.5,8.2,10.0,8.5,17.6,6.2,12.4,138.0,0.00381,0.197,19.3,0.0,0.0,25.9
62.9,65.4,60.4,64.2,67.4,61.0,60.6,58.8,62.4,35.1,35.8,34.4,0.743,9.23,0.207,8.11,7.16,11.4,0.189,5.81,5.44,0.0382,0.315,0.658,114.0,95.0,280,61,800,23.8,22.1,10.7,12.1,11.2,10.8,9.9,12.4,9.6,10.0,12.2,25.0,8.7,15.8,194.0,0.00344,0.184,0.0,0.0,0.0,14.6
52.2,51.0,53.4,66.6,67.8,65.4,57.2,57.0,57.4,50.8,42.2,59.4,0.781,8.73,0.222,7.79,6.98,11.1,0.202,5.84,5.34,0.0395,1.06,0.653,79.3,59.0,120,41,600,6.6,15.9,8.8,8.4,9.0,8.4,8.9,7.9,7.7,9.8,8.2,17.2,6.4,11.1,134.0,0.0047,0.201,28.3,0.0,0.0,21.2
60.6,61.6,59.6,78.5,76.0,81.0,62.3,63.2,61.4,54.4,46.8,62.0,0.95,10.7,0.27,9.78,8.23,14.6,0.263,6.66,6.17,0.0371,1.08,0.795,99.1,81.0,180,66,800,8.4,20.8,10.7,9.7,12.0,9.8,10.8,10.0,10.8,10.0,11.2,22.6,7.4,15.9,170.0,0.00346,0.19,16.3,0.0,0.0,25.6
72.2,71.0,73.4,72.2,72.6,71.8,63.5,61.8,65.2,50.3,53.2,47.4,1.1,12.3,0.302,10.7,9.58,18.4,0.291,7.42,7.9,0.0361,1.09,0.939,165.0,130.0,450,130,1000,8.8,29.6,11.8,13.3,12.2,14.9,11.9,11.7,14.1,11.9,13.1,27.8,9.0,19.6,210.0,0.00348,0.189,13.4,0.0,0.0,23.6
53.5,53.6,53.4,63.2,63.6,62.8,53.9,55.0,52.8,45.0,44.0,46.0,0.813,9.13,0.237,8.27,7.29,11.3,0.22,5.79,4.75,0.0388,0.944,0.696,63.2,48.0,150,47,600,4.3,18.3,8.4,7.1,7.5,7.8,9.8,8.3,8.0,9.3,8.4,16.7,5.5,12.8,132.0,0.00313,0.195,9.67,0.0,0.0,17.3
51.1,49.0,53.2,59.9,58.2,61.6,55.0,55.4,54.6,39.6,36.6,42.6,0.815,9.69,0.237,9.16,7.81,12.4,0.215,6.95,6.34,0.0373,1.12,0.755,61.0,46.0,140,37,600,5.6,16.2,7.2,7.3,8.3,10.8,7.6,7.2,9.3,8.3,6.8,15.3,6.2,10.4,127.0,0.00443,0.205,7.25,0.0,0.0,12.4
58.5,58.8,58.2,73.4,75.4,71.4,62.4,60.6,64.2,51.1,39.6,62.6,0.966,10.5,0.263,9.72,8.13,14.5,0.252,6.39,5.77,0.0387,0.363,0.773,92.1,74.0,190,65,800,7.3,20.2,11.3,10.7,13.4,9.7,10.8,11.8,11.8,10.6,12.6,21.3,8.0,15.8,175.0,0.00431,0.198,14.7,0.0,0.0,22.7
61.5,59.8,63.2,76.1,75.6,76.6,61.0,61.6,60.4,51.6,46.4,56.8,0.926,10.8,0.269,9.25,8.62,14.7,0.255,6.63,6.61,0.0362,1.11,0.804,111.0,86.0,170,61,800,7.0,22.8,11.4,12.5,11.1,11.1,11.4,8.0,10.9,11.2,11.9,21.4,7.8,15.3,174.0,0.00347,0.209,12.9,0.0,0.0,23.7
52.5,53.4,51.6,58.7,57.4,60.0,53.1,52.8,53.4,34.9,38.2,31.6,0.739,8.79,0.224,8.01,7.41,11.3,0.207,6.04,5.1,0.0383,0.329,0.683,58.4,43.0,97,35,600,5.0,18.5,9.4,7.4,8.7,7.5,9.1,7.7,8.2,7.5,9.3,15.3,4.0,8.6,126.0,0.00307,0.192,4.93,0.0,0.0,9.2
64.8,64.4,65.2,64.4,65.0,63.8,62.4,61.2,63.6,33.5,38.2,28.8,0.815,9.83,0.226,8.57,7.76,12.5,0.215,6.35,6.09,0.0387,0.347,0.733,89.6,69.0,150,49,800,7.4,25.6,11.7,9.7,10.2,8.8,9.6,10.9,10.8,11.3,12.2,21.1,7.6,15.0,172.0,0.00257,0.216,3.75,0.0,0.0,8.39
61.8,61.4,62.2,70.5,73.0,68.0,61.4,61.0,61.8,47.3,49.0,45.6,0.921,10.7,0.263,9.68,8.39,14.5,0.247,6.73,5.91,0.0382,0.383,0.803,84.9,69.0,140,53,800,7.1,23.2,11.2,11.7,11.1,11.3,9.7,11.9,10.4,11.5,12.2,22.4,7.6,14.7,176.0,0.0038,0.201,9.97,0.0,0.0,18.7
50.9,51.4,50.4,69.9,70.4,69.4,53.5,52.8,54.2,49.3,48.0,50.6,0.886,9.75,0.248,8.69,7.99,12.4,0.232,6.67,6.25,0.0386,0.346,0.773,68.3,54.0,150,47,600,5.7,16.9,7.1,8.6,10.2,7.9,8.1,9.2,9.2,8.5,7.2,15.8,6.1,10.8,131.0,0.0029,0.186,14.5,0.0,0.0,21.0
66.7,66.6,66.8,81.4,80.4,82.4,63.5,64.2,62.8,54.2,53.2,55.2,1.06,11.7,0.29,9.82,9.11,17.4,0.269,7.07,7.72,0.0369,1.24,0.867,180.0,160.0,320,120,1000,8.9,29.3,12.4,14.6,13.2,13.0,14.3,11.3,11.8,13.0,13.8,26.4,9.0,18.4,209.0,0.00344,0.201,15.7,0.0,0.0,25.1
67.3,70.0,64.6,78.1,76.0,80.2,61.4,60.0,62.8,52.0,49.2,54.8,1.06,11.7,0.309,10.1,9.03,17.5,0.285,7.17,7.58,0.0356,1.14,0.89,219.0,180.0,480,130,1000,8.9,28.3,12.6,14.8,12.5,13.7,13.8,12.3,13.3,12.4,11.8,27.4,8.2,19.6,210.0,0.00321,0.189,11.9,0.0,0.0,23.4
65.6,65.6,65.6,70.0,70.0,70.0,67.4,68.2,66.6,46.9,41.6,52.2,0.929,10.5,0.261,9.41,8.69,14.6,0.241,6.97,6.99,0.0372,1.06,0.801,100.0,80.0,230,76,800,8.8,21.1,10.4,14.2,11.2,11.5,10.1,10.3,11.2,10.8,13.1,22.9,6.6,11.5,174.0,0.0035,0.188,7.69,0.0,0.0,17.9
51.7,50.6,52.8,75.7,78.0,73.4,54.2,53.0,55.4,53.8,55.4,52.2,0.774,8.56,0.222,7.6,6.9,10.7,0.21,5.83,5.28,0.0375,1.08,0.657,127.0,85.0,140,48,600,14.4,15.6,9.8,7.7,8.0,8.3,8.3,8.1,8.0,8.5,9.2,17.1,6.3,10.5,140.0,0.00395,0.195,0.0,0.0,0.0,0.0
60.2,60.4,60.0,75.4,73.6,77.2,60.3,61.0,59.6,48.5,45.0,52.0,0.946,10.6,0.258,9.41,8.18,13.8,0.243,6.92,6.79,0.0364,0.375,0.798,92.6,75.0,170,67,800,7.2,22.9,11.0,11.3,9.8,11.0,11.8,8.2,10.9,11.7,10.6,25.0,8.4,15.7,176.0,0.00293,0.198,11.9,0.0,0.0,22.7
68.7,67.4,70.0,78.2,76.8,79.6,68.3,68.0,68.6,49.2,39.4,59.0,1.06,12.3,0.297,10.8,9.23,18.2,0.268,7.41,7.61,0.0367,1.16,0.914,170.0,140.0,290,120,1000,9.6,26.6,13.1,13.8,12.9,14.0,12.9,13.9,13.4,13.5,12.5,28.2,9.6,20.2,214.0,0.00369,0.211,9.71,0.0,0.0,22.0
61.8,62.8,60.8,77.6,77.8,77.4,59.5,60.4,58.6,53.8,56.0,51.6,0.961,10.6,0.244,9.54,8.02,14.2,0.231,6.62,6.34,0.0369,0.372,0.806,94.8,79.0,210,82,800,7.6,23.3,10.2,10.0,12.8,12.5,9.6,11.5,12.1,11.3,11.7,21.4,8.0,13.4,175.0,0.00392,0.209,16.5,0.0,0.0,28.9
60.8,60.6,61.0,68.9,67.0,70.8,66.0,66.4,65.6,33.2,34.8,31.6,0.927,10.6,0.246,9.16,8.39,13.8,0.227,6.91,6.5,0.0372,1.09,0.784,79.8,63.0,130,51,800,5.4,24.0,10.9,11.1,11.2,11.6,10.0,12.5,9.0,9.8,11.5,22.2,7.9,14.5,172.0,0.00399,0.209,5.0,0.0,0.0,9.31
69.0,69.2,68.8,78.2,77.0,79.4,63.8,63.6,64.0,54.0,60.6,47.4,1.09,11.8,0.322,10.3,8.9,17.7,0.302,7.01,7.42,0.0371,1.19,0.865,185.0,170.0,270,110,1000,8.2,25.2,13.9,13.1,12.3,13.3,11.9,13.5,13.8,13.4,14.5,29.2,10.9,19.8,213.0,0.0043,0.2,15.3,0.0,0.0,27.2
63.1,63.6,62.6,76.6,77.4,75.8,63.1,63.6,62.6,50.7,49.2,52.2,1.02,11.5,0.305,9.55,9.6,16.2,0.285,7.32,7.58,0.0368,1.19,0.887,93.3,80.0,180,72,800,8.3,24.0,11.3,10.6,11.3,10.3,10.5,9.6,10.0,11.5,9.6,22.3,7.9,15.1,172.0,0.00371,0.206,14.6,0.0,0.0,21.9
68.4,68.4,68.4,67.1,68.0,66.2,67.7,67.0,68.4,33.7,40.4,27.0,1.03,11.5,0.287,10.0,8.69,16.2,0.267,7.14,7.51,0.0376,1.21,0.848,164.0,130.0,190,87,1000,9.8,28.1,13.1,14.1,12.5,12.2,14.8,13.5,11.1,14.2,14.7,26.5,9.2,20.0,214.0,0.00339,0.196,2.89,0.0,0.0,9.03
66.9,66.2,67.6,75.9,75.2,76.6,57.6,57.6,57.6,49.1,48.0,50.2,0.948,10.8,0.287,9.1,8.86,14.9,0.265,6.92,6.92,0.0368,0.377,0.811,97.0,84.0,160,69,800,7.2,23.1,10.9,11.0,11.8,12.1,9.8,10.2,10.0,11.1,11.6,22.6,7.3,16.2,175.0,0.00331,0.218,11.4,0.0,0.0,24.1
55.9,55.4,56.4,73.1,74.0,72.2,51.2,52.2,50.2,49.8,43.2,56.4,0.733,8.76,0.205,7.64,7.2,10.8,0.184,5.92,5.44,0.0386,0.329,0.644,70.6,55.0,140,43,600,6.1,17.2,8.8,7.6,5.6,7.0,7.8,9.1,9.0,8.4,9.4,18.7,6.4,10.7,132.0,0.00427,0.211,15.7,0.0,0.0,23.2
52.1,52.2,52.0,68.9,70.2,67.6,51.1,51.8,50.4,48.8,47.6,50.0,0.775,8.62,0.205,7.64,6.89,10.4,0.186,5.82,5.36,0.0372,0.314,0.664,69.8,55.0,140,48,600,4.9,16.5,8.8,6.2,8.7,7.2,8.6,7.1,10.9,8.2,9.6,18.0,5.4,10.3,130.0,0.00428,0.214,14.5,0.0,0.0,24.2
50.7,53.0,48.4,69.5,70.6,68.4,52.7,51.8,53.6,49.2,48.2,50.2,0.766,8.81,0.221,7.86,7.22,11.1,0.201,5.62,4.62,0.0378,0.317,0.654,71.1,52.0,130,44,600,5.7,16.3,6.5,7.8,8.7,8.7,9.2,10.2,8.2,7.2,8.4,19.4,5.8,11.4,134.0,0.00376,0.206,14.7,0.0,0.0,22.5
60.6,60.8,60.4,73.8,74.4,73.2,62.0,62.6,61.4,49.9,47.6,52.2,0.892,10.5,0.258,9.34,8.47,14.8,0.241,6.63,6.23,0.0372,0.369,0.772,96.3,78.0,180,60,800,8.0,19.9,11.9,12.1,11.1,8.7,12.7,10.4,9.7,9.3,12.7,22.9,6.3,13.7,169.0,0.00447,0.191,14.5,0.0,0.0,20.8
51.4,52.0,50.8,60.0,60.8,59.2,53.4,54.2,52.6,45.1,39.6,50.6,0.773,8.78,0.229,7.76,7.14,11.0,0.212,5.64,4.75,0.037,0.317,0.647,72.5,56.0,140,43,600,4.9,14.7,8.3,7.1,7.6,7.4,8.6,8.4,7.7,10.5,8.0,17.0,6.2,11.0,127.0,0.00326,0.184,26.2,0.0,0.0,16.6
63.4,63.2,63.6,75.3,73.6,77.0,62.8,61.6,64.0,55.1,59.4,50.8,0.963,10.8,0.251,9.49,8.11,14.1,0.236,6.59,6.46,0.0361,0.372,0.802,93.5,78.0,180,71,800,7.6,22.0,11.5,10.3,11.3,10.0,12.1,11.4,11.3,9.2,9.9,23.7,8.0,14.7,173.0,0.00446,0.201,17.5,0.0,0.0,25.3
60.7,58.6,62.8,72.5,71.4,73.6,60.2,60.8,59.6,51.1,54.8,47.4,0.962,10.5,0.267,9.52,8.26,14.2,0.247,6.47,5.77,0.0389,0.745,0.776,92.4,74.0,180,58,800,6.9,21.2,11.5,11.0,10.9,10.4,10.1,12.3,11.2,11.0,12.2,21.1,7.5,15.1,172.0,0.00361,0.195,13.4,0.0,0.0,22.8
55.5,54.6,56.4,58.4,60.4,56.4,56.5,54.8,58.2,35.5,34.6,36.4,0.842,9.76,0.25,8.96,8.27,12.6,0.232,6.73,5.63,0.0384,0.36,0.756,57.7,42.0,130,41,600,6.0,17.3,8.3,8.8,8.3,7.6,8.7,7.6,6.1,9.6,7.3,18.5,7.1,11.5,133.0,0.00275,0.181,2.35,0.0,0.0,8.3
70.3,71.2,69.4,81.2,81.8,80.6,62.7,60.4,65.0,56.4,54.4,58.4,1.05,11.6,0.294,10.1,8.9,17.4,0.269,6.9,7.64,0.0367,0.384,0.869,188.0,160.0,370,150,1000,9.2,30.8,12.9,12.5,13.6,12.7,15.4,13.7,12.0,12.4,14.3,27.6,8.5,19.1,215.0,0.00372,0.212,16.8,0.0,0.0,28.9
52.1,51.6,52.6,61.3,60.8,61.8,54.7,52.6,56.8,40.1,38.2,42.0,0.736,8.8,0.212,7.83,7.06,10.8,0.188,6.02,5.14,0.0387,1.2,0.649,99.0,70.0,120,42,600,4.8,19.7,6.1,6.7,7.5,7.0,9.7,7.7,8.8,9.9,8.3,15.5,4.9,11.1,128.0,0.00341,0.207,14.1,0.0,0.0,28.2
67.7,66.0,69.4,78.1,76.6,79.6,64.6,65.2,64.0,50.6,49.6,51.6,1.1,11.9,0.278,10.6,8.97,17.0,0.258,7.43,7.48,0.0371,1.18,0.894,159.0,130.0,270,94,1000,8.6,24.4,14.4,14.0,15.6,14.2,15.5,10.5,13.3,14.8,13.5,25.4,7.7,19.0,211.0,0.00266,0.2,10.7,0.0,0.0,21.9
53.8,56.4,51.2,71.4,73.8,69.0,51.9,49.8,54.0,54.2,50.6,57.8,0.737,8.51,0.209,7.43,7.32,11.3,0.192,5.47,4.66,0.0365,0.95,0.648,78.4,61.0,160,50,600,6.3,17.0,8.7,10.0,9.7,8.6,7.4,8.3,7.2,8.5,7.3,17.9,5.9,11.3,134.0,0.00407,0.19,16.7,0.0,0.0,27.5
62.4,61.8,63.0,64.6,64.4,64.8,65.1,64.8,65.4,34.6,37.2,32.0,0.952,10.1,0.259,9.16,8.25,13.7,0.251,6.9,6.66,0.0361,1.12,0.784,80.1,63.0,150,49,800,7.1,21.6,10.2,10.3,11.8,9.2,10.5,11.2,12.3,11.3,10.1,23.2,8.3,12.9,170.0,0.00356,0.181,3.06,0.0,0.0,8.74
68.5,69.4,67.6,75.6,76.8,74.4,65.9,64.2,67.6,34.1,27.4,40.8,0.97,10.8,0.251,9.65,8.26,15.0,0.24,6.94,6.79,0.0369,1.05,0.791,224.0,200.0,560,230,1000,26.5,26.3,13.4,14.4,11.4,11.8,13.1,13.8,13.1,12.6,14.3,25.6,8.0,18.2,223.0,0.00311,0.2,5.41,0.0,0.0,17.3
69.7,70.0,69.4,74.1,75.4,72.8,67.2,65.4,69.0,52.4,41.8,63.0,1.06,12.0,0.284,10.5,8.79,17.6,0.259,6.85,6.71,0.0374,1.15,0.85,200.0,180.0,300,120,1000,11.5,29.0,13.1,13.1,13.3,12.3,13.2,13.0,16.1,11.6,13.3,28.0,9.1,19.4,216.0,0.00489,0.187,12.7,0.0,0.0,22.7
68.3,69.0,67.6,79.1,79.8,78.4,62.6,62.0,63.2,56.9,50.8,63.0,0.967,10.4,0.279,9.39,8.37,14.7,0.257,6.65,6.49,0.0364,0.362,0.799,102.0,83.0,260,79,800,6.4,23.1,11.8,11.0,11.2,10.4,12.1,11.6,10.1,9.5,9.1,21.6,7.3,15.7,171.0,0.00351,0.203,17.7,0.0,0.0,24.9
61.4,61.6,61.2,67.6,67.2,68.0,60.8,61.6,60.0,47.3,48.8,45.8,0.91,10.9,0.257,9.86,8.22,14.5,0.241,6.73,5.84,0.0383,0.385,0.791,87.1,71.0,180,60,800,8.2,23.3,9.8,12.9,9.6,10.7,11.5,12.3,11.6,11.1,10.7,23.2,7.6,14.5,177.0,0.00353,0.186,10.8,0.0,0.0,16.5
68.4,67.8,69.0,80.0,80.2,79.8,66.6,66.8,66.4,51.6,43.8,59.4,1.12,12.0,0.291,10.4,8.79,17.5,0.272,7.36,7.7,0.0373,1.23,0.902,164.0,130.0,320,130,1000,7.5,29.5,15.0,13.8,11.7,14.8,13.7,12.2,14.1,12.8,13.0,27.5,8.8,19.5,214.0,0.0034,0.208,12.7,0.0,0.0,21.6
52.7,52.0,53.4,55.8,55.6,56.0,53.2,54.4,52.0,47.3,47.0,47.6,0.897,10.0,0.262,9.18,8.14,12.6,0.25,6.4,5.36,0.038,0.975,0.775,62.3,48.0,140,43,600,5.1,16.1,8.7,7.8,7.7,10.0,7.8,7.0,7.2,8.5,7.1,17.9,6.1,10.5,128.0,0.00336,0.207,10.3,0.0,0.0,17.4
69.3,69.6,69.0,67.1,68.8,65.4,66.7,67.8,65.6,36.0,32.8,39.2,1.11,12.2,0.293,10.7,9.07,17.3,0.275,7.7,8.02,0.0384,0.426,0.911,139.0,110.0,280,98,1000,10.9,27.4,12.1,13.0,11.9,13.7,13.2,13.9,13.5,11.6,16.1,27.2,9.8,18.0,212.0,0.00355,0.204,2.97,0.0,0.0,8.44
61.3,61.4,61.2,69.4,68.6,70.2,60.5,61.6,59.4,34.5,28.4,40.6,0.893,10.4,0.242,9.0,8.26,13.6,0.226,6.71,6.43,0.0381,1.09,0.773,81.3,65.0,130,52,800,5.8,24.3,11.0,11.6,10.5,10.8,9.7,12.3,9.8,9.2,10.6,21.7,7.4,15.0,170.0,0.00256,0.215,4.24,0.0,0.0,9.43
64.0,63.6,64.4,64.3,66.8,61.8,62.0,63.6,60.4,36.6,29.8,43.4,0.858,10.5,0.239,9.33,8.05,13.5,0.225,6.53,6.01,0.0381,1.2,0.771,76.1,61.0,130,47,800,8.4,24.3,10.3,11.4,11.1,10.8,10.1,8.8,11.1,10.0,8.7,21.9,6.8,16.5,170.0,0.00373,0.193,1.46,0.0,0.0,8.74
64.0,63.8,64.2,70.5,69.6,71.4,61.6,61.0,62.2,53.5,49.4,57.6,1.12,11.9,0.31,10.2,10.0,16.9,0.305,7.69,7.87,0.038,0.41,0.929,97.6,82.0,190,68,800,6.7,22.9,11.6,13.5,11.6,9.3,9.1,9.5,10.3,11.5,9.4,22.8,8.8,16.4,173.0,0.00463,0.194,16.1,0.0,0.0,25.7
69.9,71.4,68.4,81.0,81.8,80.2,64.7,65.6,63.8,55.5,48.2,62.8,1.07,11.4,0.294,9.93,9.18,17.3,0.279,7.0,7.76,0.0369,0.401,0.867,182.0,170.0,400,180,1000,9.1,28.4,11.4,14.0,11.5,12.3,14.1,13.8,16.1,13.3,13.7,29.6,8.7,17.2,213.0,0.00344,0.199,13.5,0.0,0.0,28.9
61.7,63.4,60.0,59.8,60.4,59.2,64.4,63.8,65.0,37.4,39.0,35.8,0.775,9.18,0.23,8.06,7.57,12.0,0.221,5.95,5.57,0.0372,0.326,0.675,121.0,98.0,350,100,800,41.8,21.1,11.2,10.9,10.4,11.1,10.5,10.7,10.8,10.4,8.8,23.9,7.4,17.0,206.0,0.00391,0.206,0.0,0.0,0.0,12.9
61.1,61.8,60.4,69.4,68.8,70.0,59.6,57.6,61.6,54.9,47.0,62.8,1.1,12.1,0.282,10.9,9.3,16.2,0.266,7.6,7.48,0.0378,1.09,0.924,91.5,76.0,210,67,800,7.3,24.4,9.8,10.1,11.7,10.1,9.5,10.0,11.7,10.6,10.0,20.0,6.4,14.3,166.0,0.00336,0.202,17.4,0.0,0.0,26.2
61.9,63.6,60.2,78.3,76.0,80.6,61.8,59.8,63.8,56.0,60.4,51.6,1.01,10.7,0.267,9.41,8.17,14.3,0.244,6.78,6.81,0.0352,1.09,0.8,104.0,86.0,200,79,800,8.3,23.0,11.2,10.1,10.6,11.0,9.1,12.0,11.5,10.0,13.6,24.1,8.2,14.7,177.0,0.00348,0.201,18.8,0.0,0.0,27.4
65.7,66.6,64.8,74.0,74.0,74.0,57.9,56.4,59.4,49.6,51.0,48.2,0.931,10.8,0.256,9.24,8.66,14.4,0.237,6.73,6.32,0.0371,1.18,0.791,105.0,91.0,180,69,800,6.3,19.3,10.8,10.3,11.6,11.1,12.5,10.5,10.5,12.4,10.7,24.8,8.6,15.7,175.0,0.00345,0.192,11.5,0.0,0.0,22.0
68.5,66.8,70.2,76.1,78.0,74.2,83.0,84.0,82.0,51.5,52.2,50.8,1.13,11.9,0.293,10.2,9.01,17.6,0.27,7.29,7.72,0.0363,0.955,0.886,163.0,130.0,230,98,1000,8.0,28.9,14.2,12.8,12.6,14.4,14.4,13.2,13.3,14.8,12.5,28.2,8.5,16.8,213.0,0.00333,0.204,12.2,0.0,0.0,22.4
54.3,54.8,53.8,59.2,57.4,61.0,54.1,53.2,55.0,35.1,34.6,35.6,0.625,7.35,0.199,6.78,6.15,9.39,0.179,5.09,4.5,0.0374,0.288,0.561,72.3,53.0,100,39,600,6.4,18.2,8.2,7.3,7.6,8.1,9.8,7.8,8.0,7.5,8.2,16.1,6.0,11.1,130.0,0.00342,0.217,11.1,0.0,0.0,9.15
60.5,60.0,61.0,68.1,68.0,68.2,74.6,77.2,72.0,33.3,32.2,34.4,0.816,9.5,0.221,8.39,7.61,12.3,0.212,6.31,5.83,0.0371,0.601,0.707,94.4,74.0,140,48,800,6.5,24.5,10.0,10.8,9.7,8.4,11.9,14.0,9.4,11.0,11.6,20.4,7.8,16.0,172.0,0.00375,0.195,9.64,0.0,0.0,10.1
60.2,61.6,58.8,75.6,74.0,77.2,60.9,60.2,61.6,54.0,45.0,63.0,0.951,10.8,0.277,9.87,8.3,14.6,0.265,6.58,6.06,0.0369,1.07,0.8,110.0,91.0,180,63,800,5.5,23.4,10.3,11.3,10.1,10.2,10.8,11.0,11.8,11.2,10.7,22.5,6.9,14.6,170.0,0.00328,0.189,16.9,0.0,0.0,51.4
63.9,65.8,62.0,77.9,77.6,78.2,60.7,59.0,62.4,55.5,53.0,58.0,0.959,10.5,0.262,9.25,8.22,14.2,0.24,6.81,6.85,0.0366,1.1,0.781,103.0,83.0,180,74,800,8.8,20.0,9.6,10.9,11.2,12.7,11.3,9.1,13.1,10.8,13.2,23.8,8.4,14.0,177.0,0.0035,0.209,15.2,0.0,0.0,25.4
63.7,65.4,62.0,73.9,70.6,77.2,60.3,57.6,63.0,51.4,53.2,49.6,0.909,10.4,0.257,9.59,8.31,14.3,0.246,6.37,5.82,0.0382,0.364,0.763,88.5,71.0,170,58,800,8.4,22.4,12.1,9.9,13.0,9.6,10.3,11.7,9.9,10.0,12.1,23.6,6.6,14.8,174.0,0.0037,0.192,11.8,0.0,0.0,22.1
58.9,56.8,61.0,76.0,75.8,76.2,60.6,62.0,59.2,49.8,46.4,53.2,0.887,10.6,0.25,9.34,8.43,14.6,0.235,6.6,6.39,0.0379,0.368,0.762,95.4,78.0,180,63,800,7.3,21.4,12.2,11.8,10.6,9.0,11.6,9.5,10.2,11.3,12.7,23.3,7.3,13.5,172.0,0.0044,0.188,13.4,0.0,0.0,23.2
61.7,61.6,61.8,77.3,77.0,77.6,59.6,61.2,58.0,54.4,57.2,51.6,0.955,10.5,0.248,9.48,8.21,14.2,0.231,6.93,6.64,0.0363,1.08,0.795,121.0,100.0,190,71,800,7.1,22.2,9.3,10.3,10.2,11.8,11.8,10.3,10.7,11.5,11.1,23.2,9.1,13.5,172.0,0.00517,0.218,30.7,0.0,0.0,53.6
49.8,47.6,52.0,71.3,71.8,70.8,52.0,52.4,51.6,55.8,55.4,56.2,0.698,8.52,0.192,7.56,7.15,10.7,0.168,5.86,5.41,0.0376,1.02,0.636,149.0,95.0,590,130,600,65.5,16.8,8.1,7.8,9.0,6.0,6.3,7.7,7.6,7.2,8.4,16.1,5.9,8.5,181.0,0.00333,0.204,0.0,0.0,0.0,0.0
65.4,66.2,64.6,73.1,73.0,73.2,57.8,58.0,57.6,54.4,49.0,59.8,0.976,10.5,0.271,9.41,8.28,14.5,0.25,6.72,6.65,0.0371,1.07,0.793,102.0,84.0,240,73,800,7.7,20.9,9.8,10.9,10.9,10.1,9.7,11.1,11.3,12.3,11.0,22.4,7.5,16.1,172.0,0.00323,0.203,17.9,0.0,0.0,27.8
62.9,63.0,62.8,59.1,59.4,58.8,67.0,69.0,65.0,35.2,29.6,40.8,0.918,9.81,0.243,9.04,7.64,12.8,0.231,6.34,5.87,0.0362,1.08,0.739,85.6,70.0,180,58,800,7.5,23.1,11.0,11.4,11.5,11.7,11.2,11.9,12.3,10.3,11.7,26.1,9.8,17.3,187.0,0.00329,0.203,2.98,0.0,0.0,8.01
51.6,52.2,51.0,56.0,57.2,54.8,54.0,55.6,52.4,36.2,34.2,38.2,0.608,7.39,0.186,6.92,5.96,9.19,0.161,5.25,4.57,0.0372,0.281,0.567,62.4,46.0,110,35,600,5.1,16.7,7.2,9.2,8.9,8.3,7.7,7.2,8.2,8.8,10.3,17.4,5.6,12.5,133.0,0.00265,0.183,4.28,0.0,0.0,8.4
61.8,61.6,62.0,77.0,75.2,78.8,63.2,62.2,64.2,55.1,55.4,54.8,0.994,10.7,0.286,9.03,8.74,14.9,0.269,6.76,6.93,0.0367,1.17,0.81,150.0,130.0,360,150,800,65.6,19.2,9.2,8.4,9.2,9.4,9.6,10.8,8.7,8.5,9.3,18.5,7.2,12.8,206.0,0.00295,0.187,0.0,0.0,0.0,29.4
66.6,67.0,66.2,78.7,78.4,79.0,66.4,66.2,66.6,55.5,55.4,55.6,1.14,11.9,0.304,10.1,8.82,17.1,0.285,6.96,7.73,0.0352,1.19,0.89,191.0,160.0,320,130,1000,9.0,27.6,13.2,14.3,12.6,14.1,13.5,13.2,12.8,14.1,14.0,27.7,10.0,15.3,211.0,0.00366,0.21,15.7,0.0,0.0,28.2
51.2,52.6,49.8,71.0,71.8,70.2,54.2,53.4,55.0,55.7,56.0,55.4,0.703,8.59,0.188,7.59,7.23,10.5,0.167,5.71,5.34,0.0372,1.02,0.641,108.0,67.0,150,48,600,6.0,16.9,8.8,9.8,6.7,7.3,9.8,7.2,8.2,9.7,7.2,17.1,5.6,12.2,133.0,0.00337,0.198,31.6,0.0,0.0,52.0
67.9,67.8,68.0,80.0,80.8,79.2,78.9,77.2,80.6,55.9,62.6,49.2,1.08,11.7,0.314,9.94,8.74,17.6,0.307,6.95,7.62,0.0379,1.15,0.871,209.0,170.0,390,140,1000,9.7,27.7,15.3,13.6,14.6,11.7,12.1,12.2,13.9,13.6,13.1,27.8,8.8,18.4,213.0,0.00346,0.199,19.2,0.0,0.0,27.6
62.4,63.0,61.8,71.6,71.2,72.0,58.9,58.6,59.2,48.5,55.6,41.4,0.945,10.6,0.267,9.33,8.55,15.0,0.243,6.75,6.56,0.0376,1.03,0.773,108.0,90.0,210,63,800,8.3,24.7,10.6,10.7,11.3,10.5,11.3,9.1,12.3,13.3,10.6,20.3,7.2,15.4,176.0,0.00334,0.193,12.8,0.0,0.0,22.5
52.6,51.0,54.2,63.2,62.4,64.0,74.3,76.2,72.4,42.2,38.2,46.2,0.755,8.56,0.215,7.34,7.38,10.8,0.198,5.93,5.5,0.0383,0.629,0.647,72.6,56.0,150,53,600,6.1,17.7,8.4,6.8,7.9,7.8,8.5,8.0,7.9,9.2,8.4,18.1,5.7,11.4,132.0,0.00295,0.202,11.6,0.0,0.0,20.1
61.5,59.8,63.2,73.1,74.4,71.8,60.0,59.6,60.4,49.8,49.0,50.6,0.945,10.6,0.248,9.65,8.23,14.3,0.224,6.87,6.93,0.0376,1.08,0.786,107.0,93.0,180,68,800,7.9,23.1,10.9,10.5,11.7,11.1,10.1,11.2,11.1,10.5,9.6,21.8,6.5,13.4,169.0,0.00358,0.208,25.3,0.0,0.0,43.1
66.5,65.0,68.0,70.0,69.6,70.4,60.9,61.2,60.6,50.4,42.4,58.4,0.964,10.6,0.266,9.5,8.5,14.7,0.251,6.83,6.66,0.0376,1.02,0.793,112.0,94.0,210,68,800,9.1,23.3,10.5,8.6,11.3,12.1,11.7,7.6,12.4,11.6,10.8,20.0,6.9,14.3,170.0,0.00271,0.213,14.9,0.0,0.0,23.6
52.4,55.8,49.0,68.4,67.6,69.2,52.4,53.0,51.8,49.1,50.4,47.8,0.797,8.72,0.227,7.72,7.11,11.1,0.211,5.86,5.42,0.0383,0.316,0.678,71.2,56.0,140,48,600,6.4,17.5,8.8,8.4,8.5,8.6,7.5,6.9,8.0,10.4,7.4,17.7,5.3,12.5,134.0,0.00538,0.197,12.1,0.0,0.0,22.0
54.5,56.6,52.4,75.2,74.6,75.8,53.2,52.4,54.0,56.4,52.0,60.8,0.831,8.54,0.229,7.74,7.07,11.2,0.214,5.76,5.44,0.0366,1.03,0.673,81.3,58.0,170,54,600,5.5,16.7,7.0,7.2,9.1,7.0,7.3,7.9,9.2,9.5,9.5,15.5,5.3,11.4,128.0,0.00366,0.192,16.5,0.0,0.0,27.0
55.5,53.4,57.6,57.9,58.4,57.4,53.2,52.2,54.2,40.3,36.6,44.0,0.771,8.68,0.204,7.79,7.26,10.5,0.199,5.84,4.78,0.0393,0.927,0.654,59.6,43.0,130,41,600,6.7,20.0,7.4,6.6,10.4,8.1,8.3,9.8,8.0,9.3,9.1,17.7,6.0,10.1,138.0,0.00342,0.2,7.18,0.0,0.0,13.4
59.8,59.0,60.6,81.3,80.8,81.8,60.6,61.4,59.8,55.9,60.6,51.2,0.92,10.6,0.242,9.34,8.24,14.0,0.22,6.82,6.84,0.0365,0.367,0.784,95.1,79.0,200,78,800,8.3,22.3,10.4,10.3,10.5,12.1,11.1,11.1,11.0,9.6,10.0,23.5,7.4,13.7,171.0,0.00378,0.213,16.5,0.0,0.0,28.1
59.4,59.6,59.2,74.7,76.6,72.8,59.3,58.8,59.8,49.4,58.4,40.4,0.932,10.7,0.248,9.55,8.25,14.0,0.225,6.94,6.81,0.0368,1.08,0.788,102.0,88.0,180,66,800,6.9,23.3,9.4,11.1,13.5,11.5,11.1,12.4,10.2,11.3,10.1,23.0,6.7,12.2,173.0,0.00346,0.2,29.3,0.0,0.0,50.3
57.0,56.2,57.8,80.2,78.4,82.0,57.4,57.0,57.8,54.7,47.2,62.2,0.988,10.8,0.272,9.14,8.66,14.8,0.25,6.72,6.86,0.0366,1.17,0.818,116.0,94.0,190,66,800,8.0,24.5,10.3,12.2,11.7,10.2,9.8,10.0,12.3,10.6,12.1,25.0,8.7,14.8,180.0,0.00465,0.205,32.7,0.0,0.0,25.5
61.9,62.8,61.0,78.6,81.4,75.8,59.0,59.0,59.0,54.0,53.8,54.2,0.921,10.7,0.24,9.39,8.29,14.1,0.246,6.56,6.26,0.0375,1.17,0.794,110.0,91.0,190,68,800,7.4,22.3,10.6,10.9,9.6,13.1,10.4,12.6,11.4,12.8,11.3,24.2,7.6,14.3,179.0,0.0035,0.198,16.6,0.0,0.0,59.4
61.8,63.4,60.2,64.2,63.6,64.8,60.6,62.2,59.0,34.5,34.4,34.6,0.8,9.61,0.227,8.68,7.62,12.1,0.206,6.12,5.58,0.037,0.351,0.715,84.8,67.0,110,45,800,7.8,24.7,11.2,11.3,13.3,12.4,11.3,10.6,10.8,10.6,10.7,21.1,6.6,13.5,176.0,0.00338,0.177,5.24,0.0,0.0,7.97
49.9,49.6,50.2,70.3,69.6,71.0,53.5,54.8,52.2,44.7,35.4,54.0,0.749,8.8,0.22,8.13,7.15,11.3,0.201,5.95,5.33,0.0381,0.328,0.665,88.7,70.0,140,42,600,23.6,20.0,8.1,7.1,9.0,8.3,8.4,7.8,6.9,7.8,8.1,17.2,6.5,11.3,150.0,0.00326,0.205,11.9,0.0,0.0,0.0
60.7,60.4,61.0,74.6,74.2,75.0,58.5,58.2,58.8,56.1,57.8,54.4,0.913,10.6,0.26,9.26,8.37,14.7,0.237,6.31,5.58,0.0374,0.365,0.782,96.9,75.0,180,59,800,6.1,25.0,11.3,11.1,12.2,11.6,10.5,9.2,10.0,11.3,11.4,23.1,8.2,16.9,178.0,0.00424,0.205,17.6,0.0,0.0,27.4
57.7,58.0,57.4,71.1,74.6,67.6,50.4,50.2,50.6,54.4,60.4,48.4,0.756,8.63,0.217,7.61,7.24,11.1,0.189,5.84,5.38,0.0388,1.13,0.653,95.9,69.0,130,50,600,7.0,16.1,8.6,7.2,9.3,9.0,8.4,6.8,7.0,6.7,8.6,15.2,4.0,10.9,125.0,0.00361,0.212,40.6,0.0,0.0,27.1
65.8,64.4,67.2,71.4,70.2,72.6,66.7,68.2,65.2,50.7,50.2,51.2,0.913,10.6,0.267,9.78,8.03,14.3,0.236,6.76,6.89,0.0376,0.377,0.782,88.5,75.0,180,69,800,7.5,21.8,8.6,10.8,11.8,12.1,12.1,10.8,11.2,11.1,9.0,22.5,8.4,15.5,173.0,0.00256,0.201,15.3,0.0,0.0,20.4
68.2,69.0,67.4,74.0,75.2,72.8,67.7,67.0,68.4,48.0,51.6,44.4,1.0,11.5,0.283,10.1,8.99,17.6,0.274,7.17,7.71,0.0382,1.24,0.865,205.0,160.0,230,94,1000,9.6,28.6,12.5,13.5,13.0,13.2,12.4,13.3,14.4,14.1,15.3,28.1,8.0,17.2,213.0,0.00276,0.205,7.57,0.0,0.0,18.9
54.2,52.2,56.2,70.8,69.0,72.6,52.8,52.2,53.4,48.3,43.2,53.4,0.669,8.63,0.2,7.66,7.06,10.7,0.176,5.86,5.37,0.0383,1.11,0.652,84.4,69.0,170,47,600,5.9,16.1,7.5,9.0,7.9,8.6,7.9,8.2,7.1,8.4,7.8,18.8,4.9,12.4,131.0,0.0045,0.183,0.0,0.0,0.0,37.1
66.0,65.4,66.6,78.1,78.6,77.6,67.3,66.6,68.0,55.0,63.0,47.0,1.16,12.7,0.33,10.9,9.95,19.1,0.328,7.48,8.01,0.0362,1.17,0.962,193.0,150.0,250,93,1000,9.3,26.3,13.6,14.8,13.0,13.8,13.7,11.9,13.9,14.0,11.2,29.1,8.2,16.4,209.0,0.00461,0.191,14.9,0.0,0.0,27.9
70.4,69.4,71.4,79.5,81.2,77.8,65.5,67.0,64.0,47.4,51.8,43.0,1.08,11.9,0.289,10.1,9.04,17.4,0.254,7.42,7.62,0.0373,1.22,0.901,176.0,160.0,270,100,1000,8.8,27.9,11.6,13.9,13.9,12.5,13.7,14.8,12.4,13.0,13.6,27.1,7.6,19.1,210.0,0.00323,0.192,10.1,0.0,0.0,18.4
61.9,62.6,61.2,77.0,76.0,78.0,64.0,64.2,63.8,52.7,54.0,51.4,0.939,10.6,0.249,9.67,8.11,14.2,0.224,6.86,6.79,0.0374,1.08,0.782,95.7,82.0,180,60,800,7.5,25.4,10.4,9.3,10.3,10.3,10.9,10.3,11.2,12.6,11.0,21.8,6.0,15.1,172.0,0.00264,0.196,12.8,0.0,0.0,22.2
60.6,62.6,58.6,74.9,73.4,76.4,61.1,60.2,62.0,54.3,51.6,57.0,0.962,11.0,0.281,9.65,8.66,15.3,0.255,6.44,5.87,0.0369,0.381,0.825,93.9,74.0,180,70,800,8.3,20.3,10.6,10.0,12.0,11.4,11.8,8.1,12.6,10.7,10.9,21.6,8.2,13.9,170.0,0.00432,0.189,17.7,0.0,0.0,27.4
56.1,57.2,55.0,73.1,71.4,74.8,54.0,51.8,56.2,56.2,50.8,61.6,0.784,8.85,0.23,8.01,7.53,11.5,0.224,5.98,5.58,0.0377,1.1,0.693,80.5,58.0,180,60,600,5.8,16.0,9.2,7.0,8.5,7.8,5.7,9.6,7.7,9.7,8.9,16.6,4.6,11.1,128.0,0.00435,0.207,18.7,0.0,0.0,28.9
69.2,69.6,68.8,78.2,78.0,78.4,66.0,64.0,68.0,52.1,55.0,49.2,1.06,11.6,0.314,10.0,8.98,17.5,0.293,7.17,7.54,0.0366,0.384,0.872,209.0,180.0,410,180,1000,8.5,27.7,15.5,14.7,13.0,13.4,14.0,12.9,12.9,12.7,13.4,27.7,9.3,16.7,212.0,0.00395,0.207,13.5,0.0,0.0,23.8
66.2,67.2,65.2,64.9,64.6,65.2,61.9,62.4,61.4,33.2,29.8,36.6,0.976,11.5,0.288,10.5,9.12,15.8,0.269,7.41,6.47,0.0382,1.24,0.864,76.5,62.0,170,60,800,7.6,21.2,10.0,10.6,12.9,11.8,11.0,9.9,11.4,10.8,10.4,23.7,7.4,13.6,172.0,0.00366,0.18,3.72,0.0,0.0,8.92
54.5,53.4,55.6,72.2,72.2,72.2,52.0,53.6,50.4,50.8,46.6,55.0,0.642,8.56,0.198,7.49,7.25,10.9,0.184,5.72,5.3,0.0386,0.302,0.632,71.0,54.0,160,49,600,5.6,18.4,7.2,7.3,7.6,7.7,9.5,8.7,8.6,10.1,8.0,16.0,4.8,11.4,131.0,0.00409,0.208,14.5,0.0,0.0,21.8
56.2,55.2,57.2,63.4,64.2,62.6,54.4,54.6,54.2,39.4,41.0,37.8,0.716,8.79,0.214,7.88,6.98,11.0,0.19,6.02,5.54,0.0376,1.2,0.644,74.3,50.0,130,38,600,5.5,19.2,8.2,7.1,8.3,6.6,7.7,9.1,8.2,9.1,8.2,15.9,4.9,11.0,129.0,0.00251,0.201,7.64,0.0,0.0,15.1
51.6,51.2,52.0,70.7,71.0,70.4,54.0,52.8,55.2,51.6,58.6,44.6,0.756,8.6,0.213,7.95,6.78,10.8,0.201,5.71,5.39,0.0395,0.311,0.648,70.1,52.0,130,45,600,5.1,15.3,8.0,8.5,7.6,9.4,8.2,7.5,8.4,9.2,7.6,15.6,4.9,10.7,126.0,0.00341,0.187,12.4,0.0,0.0,22.7
52.9,52.0,53.8,72.5,75.2,69.8,54.4,56.0,52.8,49.4,39.2,59.6,0.799,8.65,0.208,7.73,6.94,10.6,0.188,5.93,5.41,0.0373,0.313,0.661,71.6,56.0,120,42,600,6.3,18.4,8.3,8.9,7.2,6.9,8.2,7.9,7.1,7.8,7.9,15.4,5.7,10.6,127.0,0.00357,0.22,14.0,0.0,0.0,20.6
61.7,62.4,61.0,65.7,65.0,66.4,64.1,65.2,63.0,34.6,38.8,30.4,0.948,10.1,0.254,9.33,7.71,13.1,0.233,6.53,5.9,0.0364,1.09,0.775,79.1,64.0,170,48,800,8.0,24.1,11.9,10.7,11.3,11.3,11.3,10.5,10.6,10.9,10.9,21.5,8.0,13.5,175.0,0.00326,0.189,4.61,0.0,0.0,9.6
55.0,52.8,57.2,60.0,61.0,59.0,53.7,51.6,55.8,36.0,40.6,31.4,0.645,7.59,0.202,6.96,6.43,9.86,0.185,5.29,4.59,0.0389,0.298,0.59,67.2,49.0,99,36,600,6.8,17.0,9.4,7.8,7.9,8.6,7.5,7.8,7.2,7.2,7.7,18.7,5.2,14.1,133.0,0.0026,0.221,4.27,0.0,0.0,8.82
51.5,48.8,54.2,73.0,73.8,72.2,53.1,52.4,53.8,54.9,57.0,52.8,0.729,8.62,0.211,7.55,7.26,11.2,0.193,5.5,4.65,0.0366,0.949,0.661,75.2,58.0,140,50,600,6.1,16.8,8.0,8.4,7.1,6.9,8.2,7.5,7.9,10.3,8.0,17.3,6.3,11.9,131.0,0.0041,0.185,18.9,0.0,0.0,24.4
66.7,65.2,68.2,80.1,79.8,80.4,63.5,63.6,63.4,49.8,55.2,44.4,1.12,11.6,0.321,10.1,9.0,17.4,0.286,7.21,7.54,0.0368,1.24,0.861,200.0,180.0,240,100,1000,8.8,27.6,13.7,13.0,12.0,12.6,14.1,14.1,12.8,13.6,14.2,24.1,8.7,18.5,208.0,0.00368,0.203,32.0,0.0,0.0,21.3
54.4,54.0,54.8,73.9,73.0,74.8,53.0,53.0,53.0,55.2,64.6,45.8,0.733,8.57,0.213,7.72,7.31,11.3,0.194,5.53,4.64,0.0381,0.95,0.653,81.9,64.0,150,47,600,4.9,17.6,8.7,8.2,7.3,8.9,9.0,8.2,8.5,7.9,7.2,17.2,5.7,11.7,131.0,0.00396,0.201,18.9,0.0,0.0,29.1
59.6,58.8,60.4,71.1,73.0,69.2,80.4,80.2,80.6,49.8,56.6,43.0,0.949,10.9,0.271,9.76,8.63,15.1,0.26,6.69,5.99,0.0381,1.14,0.823,87.2,70.0,190,64,800,6.6,21.8,11.8,11.2,9.2,10.4,11.0,9.7,11.0,12.2,11.3,21.4,7.1,15.6,170.0,0.00286,0.199,12.7,0.0,0.0,21.7
53.6,52.8,54.4,69.8,68.8,70.8,52.4,52.6,52.2,55.4,47.6,63.2,0.794,8.59,0.221,7.71,6.97,10.8,0.208,5.72,5.24,0.037,1.07,0.654,97.4,76.0,270,86,600,58.8,14.7,8.8,7.9,8.2,8.8,6.2,8.1,6.7,7.3,8.3,16.3,5.7,11.9,178.0,0.00364,0.174,0.0,0.0,0.0,0.0
51.4,52.8,50.0,64.1,63.4,64.8,53.9,54.4,53.4,34.4,37.6,31.2,0.739,8.55,0.215,7.72,7.15,11.0,0.188,5.96,5.55,0.0381,0.318,0.637,62.4,47.0,110,39,600,5.4,15.8,8.9,8.9,6.0,6.9,9.1,8.7,9.9,6.9,9.2,18.1,6.7,11.1,132.0,0.0041,0.217,2.81,0.0,0.0,9.05
66.3,68.0,64.6,66.9,67.4,66.4,60.2,60.0,60.4,33.6,36.0,31.2,0.845,9.52,0.238,8.34,7.74,12.2,0.216,6.4,6.12,0.0374,0.336,0.724,92.2,76.0,180,60,800,9.3,21.2,9.4,12.4,12.4,10.1,13.4,10.3,8.8,9.3,10.7,24.0,7.7,14.8,174.0,0.00374,0.212,1.53,0.0,0.0,22.9
71.5,72.8,70.2,73.9,78.0,69.8,66.9,67.2,66.6,47.2,48.4,46.0,1.1,11.8,0.312,10.2,9.36,17.8,0.295,7.29,7.79,0.0363,0.403,0.897,175.0,140.0,260,110,1000,9.1,30.1,13.8,12.5,13.7,13.0,12.6,13.1,13.7,14.7,13.9,28.8,8.2,17.8,215.0,0.00246,0.214,9.14,0.0,0.0,17.2
52.0,52.2,51.8,62.8,60.6,65.0,53.0,55.0,51.0,35.6,27.4,43.8,0.811,9.15,0.232,8.33,7.8,11.8,0.207,6.52,5.87,0.0383,0.336,0.693,60.8,46.0,98,37,600,6.1,18.2,8.1,7.7,6.3,6.6,8.6,8.4,7.5,8.7,8.3,16.3,5.8,10.9,128.0,0.00451,0.199,3.49,0.0,0.0,8.95
53.1,53.8,52.4,74.7,75.4,74.0,55.1,53.4,56.8,55.5,52.2,58.8,0.762,8.66,0.205,7.98,6.56,10.6,0.192,5.64,4.98,0.0369,0.333,0.655,68.9,52.0,180,53,600,6.2,17.0,8.0,8.6,7.1,8.8,7.0,8.9,9.2,8.9,7.5,16.9,5.9,12.8,133.0,0.00349,0.198,17.5,0.0,0.0,25.8
69.5,67.2,71.8,76.1,78.2,74.0,60.4,59.8,61.0,55.0,65.2,44.8,1.07,11.9,0.343,10.1,9.48,18.6,0.311,6.75,6.68,0.0362,1.07,0.896,242.0,190.0,490,180,1000,10.2,30.5,14.5,12.5,12.9,12.5,11.1,12.2,14.0,12.8,11.9,26.1,9.4,17.5,208.0,0.0033,0.206,15.2,0.0,0.0,24.5
52.5,54.6,50.4,63.5,61.8,65.2,54.0,53.4,54.6,45.4,47.0,43.8,0.796,8.74,0.228,7.82,6.95,10.8,0.216,5.64,4.66,0.0387,0.326,0.652,67.5,52.0,130,44,600,5.5,18.4,8.1,7.9,8.1,6.9,8.1,7.9,7.7,8.5,9.1,15.9,5.9,10.5,129.0,0.00358,0.182,11.7,0.0,0.0,19.3
61.2,60.6,61.8,74.1,73.8,74.4,58.3,59.2,57.4,50.7,54.0,47.4,0.962,10.6,0.258,9.51,8.37,14.7,0.238,6.84,6.79,0.0372,1.03,0.803,121.0,100.0,180,65,800,7.2,21.6,11.4,9.5,11.8,11.1,11.3,9.5,12.1,12.3,11.0,21.9,5.8,16.3,173.0,0.00333,0.207,12.4,0.0,0.0,23.1
67.4,67.2,67.6,76.2,74.6,77.8,64.5,64.6,64.4,51.3,43.4,59.2,0.99,10.7,0.255,9.56,8.19,14.4,0.234,7.01,6.65,0.0362,1.04,0.794,155.0,140.0,360,170,800,66.0,19.0,10.2,8.3,8.5,8.6,8.8,10.4,7.9,8.0,9.4,16.6,6.3,14.9,203.0,0.00333,0.181,14.3,0.0,0.0,24.0
53.7,53.8,53.6,64.9,64.4,65.4,53.7,52.8,54.6,43.3,42.6,44.0,0.755,8.66,0.206,7.78,6.97,10.6,0.184,6.02,5.75,0.0389,0.966,0.665,66.9,51.0,130,42,600,4.9,16.6,8.7,6.7,7.8,8.7,7.2,8.4,6.8,10.9,8.2,18.2,6.0,11.3,130.0,0.00262,0.198,10.4,0.0,0.0,17.9
68.8,67.8,69.8,77.8,77.6,78.0,64.9,63.6,66.2,51.7,47.4,56.0,0.999,11.7,0.281,10.3,8.88,17.2,0.254,6.9,6.87,0.0381,1.13,0.85,186.0,160.0,550,190,1000,11.0,29.2,13.3,15.5,13.3,11.7,12.7,12.7,13.2,14.7,10.6,29.9,8.8,20.3,217.0,0.00402,0.198,12.0,0.0,0.0,22.0
63.3,63.0,63.6,72.0,73.8,70.2,62.0,62.6,61.4,50.2,44.4,56.0,0.928,10.7,0.269,9.75,8.03,14.7,0.249,6.84,6.59,0.0375,1.08,0.786,90.9,76.0,260,93,800,6.6,21.4,10.1,10.6,11.0,11.0,10.2,8.7,12.1,10.0,9.9,21.4,8.6,16.2,168.0,0.00393,0.205,14.8,0.0,0.0,22.9
52.7,54.2,51.2,73.1,74.4,71.8,55.0,55.2,54.8,55.3,59.8,50.8,0.729,8.77,0.207,7.81,6.94,10.7,0.184,5.86,5.36,0.0385,1.06,0.655,86.2,65.0,200,54,600,6.5,15.2,6.9,8.8,7.3,9.9,7.1,9.2,6.9,8.9,7.6,16.8,5.9,11.9,129.0,0.00442,0.211,18.7,0.0,0.0,30.4
59.7,60.6,58.8,74.0,74.2,73.8,59.5,59.6,59.4,56.0,54.2,57.8,0.923,10.6,0.257,9.16,8.36,14.4,0.241,6.33,5.68,0.0365,1.12,0.785,120.0,94.0,160,58,800,8.2,23.7,11.6,11.2,10.7,9.5,9.3,9.8,11.8,11.3,11.2,21.0,6.3,16.1,172.0,0.00342,0.185,43.1,0.0,0.0,28.8
60.9,61.2,60.6,74.2,74.6,73.8,76.4,77.6,75.2,51.6,53.0,50.2,0.94,10.7,0.262,9.43,8.41,14.3,0.24,6.92,6.8,0.0366,1.11,0.817,92.8,75.0,210,69,800,7.2,20.5,10.9,10.2,10.1,10.9,10.6,9.2,12.2,11.9,11.5,23.7,8.0,14.3,171.0,0.00387,0.198,11.7,0.0,0.0,22.9
59.6,58.0,61.2,74.1,77.4,70.8,62.4,61.0,63.8,49.0,48.6,49.4,0.959,10.7,0.267,9.46,8.19,14.3,0.249,6.54,5.91,0.0389,1.13,0.797,94.9,75.0,190,56,800,7.2,21.2,10.5,11.0,11.1,11.0,11.7,10.1,10.7,10.9,10.2,21.5,7.0,14.0,168.0,0.0035,0.206,14.6,0.0,0.0,24.1
69.2,68.6,69.8,63.3,63.8,62.8,66.1,66.8,65.4,33.6,28.8,38.4,1.15,12.2,0.333,10.9,9.47,18.3,0.304,7.68,7.77,0.0365,0.427,0.955,185.0,120.0,260,86,1000,9.0,29.0,15.6,13.2,14.6,13.5,11.7,14.2,12.8,12.1,13.0,28.6,9.0,16.5,213.0,0.00315,0.189,2.84,0.0,0.0,8.6
54.3,53.8,54.8,72.3,69.6,75.0,52.1,53.0,51.2,54.3,55.6,53.0,0.73,8.48,0.212,7.59,7.3,11.4,0.194,5.48,4.65,0.0374,0.949,0.648,77.6,60.0,170,50,600,5.9,18.7,9.0,8.2,7.2,8.8,7.2,6.4,7.5,9.7,6.5,16.3,4.6,11.5,128.0,0.00336,0.178,18.0,0.0,0.0,26.8
62.8,61.8,63.8,75.4,76.0,74.8,57.9,57.6,58.2,50.2,42.6,57.8,0.928,10.7,0.255,9.03,8.59,14.3,0.229,6.82,6.14,0.0372,1.18,0.798,114.0,99.0,190,71,800,6.4,21.4,9.5,9.9,10.0,10.6,11.0,11.7,10.0,10.8,12.1,23.1,7.7,15.4,170.0,0.00362,0.195,23.0,0.0,0.0,24.2
69.6,67.2,72.0,78.8,79.2,78.4,64.1,64.4,63.8,54.7,50.4,59.0,1.15,12.5,0.312,10.7,9.96,19.0,0.316,7.59,8.37,0.0378,1.29,0.985,170.0,150.0,320,110,1000,8.6,30.5,10.2,12.6,13.3,14.7,15.0,13.2,12.3,14.3,12.0,24.4,7.7,18.4,207.0,0.00352,0.2,14.0,0.0,0.0,25.2
62.2,63.0,61.4,74.8,72.8,76.8,58.3,57.4,59.2,50.0,55.4,44.6,0.929,10.6,0.262,9.17,8.5,14.7,0.251,6.85,6.47,0.0371,1.12,0.804,109.0,87.0,180,72,800,6.7,23.0,12.8,11.3,12.0,11.3,10.7,8.6,11.4,12.1,11.4,24.5,7.8,16.2,180.0,0.00284,0.202,12.2,0.0,0.0,21.4
70.0,68.6,71.4,78.4,80.4,76.4,63.3,64.8,61.8,55.1,55.8,54.4,0.99,10.7,0.268,9.33,8.39,14.3,0.244,6.67,6.72,0.0366,0.384,0.825,97.3,81.0,210,86,800,6.8,23.6,11.1,10.2,10.0,8.8,11.9,11.2,10.0,12.6,10.7,20.4,7.7,15.7,171.0,0.00313,0.218,18.1,0.0,0.0,25.0
67.4,68.4,66.4,76.1,76.0,76.2,57.4,55.8,59.0,50.9,49.6,52.2,0.952,10.8,0.269,9.23,8.73,14.4,0.243,6.8,6.39,0.037,1.19,0.798,104.0,90.0,180,78,800,7.5,21.2,10.2,9.4,11.1,12.2,11.2,10.6,11.3,10.3,9.8,22.2,6.8,16.3,170.0,0.00391,0.206,12.8,0.0,0.0,21.8
62.0,62.2,61.8,76.7,75.2,78.2,59.1,58.4,59.8,48.7,51.2,46.2,0.849,10.6,0.255,9.39,8.51,14.9,0.237,6.67,6.4,0.0378,0.363,0.785,94.0,77.0,190,71,800,6.5,22.3,11.9,12.4,10.6,11.4,10.6,10.4,11.1,10.9,10.3,22.1,6.4,15.3,172.0,0.00412,0.191,10.7,0.0,0.0,24.9
68.1,66.8,69.4,81.8,82.4,81.2,65.6,67.2,64.0,56.5,63.2,49.8,1.06,11.6,0.294,10.1,9.05,17.6,0.271,7.1,7.55,0.0354,1.07,0.856,228.0,200.0,580,200,1000,24.5,25.9,14.1,13.8,12.0,12.6,12.8,12.8,14.7,11.4,12.8,29.1,10.0,18.0,225.0,0.00487,0.202,27.7,0.0,0.0,28.0
59.8,58.2,61.4,58.1,56.6,59.6,55.5,54.4,56.6,40.0,41.0,39.0,0.719,8.63,0.218,7.95,6.99,11.2,0.199,6.1,5.55,0.0383,1.19,0.655,71.9,49.0,140,45,600,5.6,17.7,10.1,7.3,7.6,8.8,7.7,8.7,7.6,8.3,7.7,16.8,4.9,13.0,132.0,0.00268,0.197,5.86,0.0,0.0,14.8
63.6,63.6,63.6,79.2,82.0,76.4,57.8,58.2,57.4,53.9,56.6,51.2,0.92,10.4,0.244,9.37,8.2,14.1,0.231,6.72,6.75,0.0375,0.368,0.774,96.8,80.0,180,75,800,7.6,22.3,12.3,11.1,11.0,10.5,10.6,9.6,10.7,10.5,11.1,21.7,7.0,15.0,171.0,0.00383,0.2,15.0,0.0,0.0,26.4
60.3,62.0,58.6,75.6,75.2,76.0,60.0,59.8,60.2,55.5,49.0,62.0,0.943,10.6,0.251,9.54,8.39,14.5,0.226,6.9,6.68,0.0363,1.08,0.777,130.0,110.0,180,68,800,14.6,21.1,10.6,10.2,12.4,8.8,13.0,10.2,10.6,10.9,11.7,24.8,9.1,15.9,184.0,0.00508,0.193,26.0,0.0,0.0,45.7
70.2,69.4,71.0,80.6,80.8,80.4,64.9,63.2,66.6,54.3,51.0,57.6,1.07,11.4,0.306,9.95,8.95,17.6,0.279,6.94,7.7,0.0362,1.07,0.882,200.0,170.0,340,130,1000,9.1,26.3,10.9,15.8,11.3,14.7,12.7,12.6,13.5,14.1,14.3,29.4,10.0,18.5,213.0,0.00397,0.207,15.2,0.0,0.0,24.9
56.8,56.8,56.8,66.6,65.4,67.8,53.0,52.0,54.0,40.4,34.2,46.6,0.728,8.6,0.215,7.81,6.91,11.0,0.193,5.94,5.44,0.0384,1.2,0.644,73.0,50.0,120,39,600,5.9,18.5,10.8,7.0,7.6,7.5,8.0,8.9,8.1,8.7,8.0,15.8,4.0,10.7,130.0,0.0031,0.208,6.76,0.0,0.0,13.4
67.4,66.8,68.0,80.3,80.0,80.6,71.3,72.8,69.8,51.3,57.8,44.8,1.12,12.1,0.286,10.5,8.92,17.2,0.277,7.33,7.61,0.0376,1.19,0.907,210.0,200.0,420,180,1000,24.8,27.3,10.9,12.2,14.0,13.9,14.9,13.8,13.5,14.8,11.3,26.9,8.7,18.2,225.0,0.0039,0.22,12.4,0.0,0.0,41.2
62.9,63.2,62.6,70.8,71.0,70.6,63.8,66.0,61.6,46.8,45.2,48.4,0.908,10.8,0.261,9.89,8.25,14.5,0.244,6.75,5.85,0.0392,0.929,0.8,89.8,73.0,200,54,800,6.9,23.5,10.3,13.2,8.3,10.2,12.2,10.7,11.5,10.2,10.7,21.7,7.3,15.2,172.0,0.00353,0.198,10.6,0.0,0.0,17.9
61.6,61.6,61.6,75.9,77.4,74.4,68.8,67.0,70.6,55.3,56.0,54.6,1.03,11.7,0.296,10.3,9.1,16.1,0.271,6.97,6.2,0.0381,0.397,0.873,92.8,73.0,180,64,800,7.7,22.3,10.9,12.7,11.7,12.0,11.4,8.1,11.1,11.8,10.2,22.6,7.9,14.2,175.0,0.00292,0.203,18.1,0.0,0.0,26.9
55.3,57.0,53.6,67.3,70.0,64.6,53.8,51.6,56.0,43.6,48.6,38.6,0.821,8.58,0.235,7.76,7.28,11.5,0.214,6.04,5.39,0.0373,1.08,0.685,69.1,54.0,150,47,600,5.9,17.2,9.5,6.4,7.4,6.8,7.8,8.8,9.2,8.1,8.4,17.4,6.6,10.6,130.0,0.00444,0.196,10.6,0.0,0.0,17.8
61.4,59.6,63.2,78.8,77.4,80.2,58.9,59.6,58.2,54.7,62.0,47.4,0.934,10.7,0.242,9.36,8.27,14.2,0.261,6.67,6.41,0.0375,1.17,0.787,107.0,88.0,230,80,800,9.0,21.4,11.6,10.5,11.4,11.5,10.8,9.8,9.9,11.4,12.3,23.4,8.4,14.8,176.0,0.00358,0.199,17.8,0.0,0.0,25.7
71.4,72.0,70.8,76.7,76.4,77.0,64.5,64.0,65.0,56.3,63.0,49.6,1.01,11.6,0.328,9.96,9.11,17.7,0.295,6.56,6.45,0.0379,1.05,0.842,248.0,190.0,360,120,1000,10.4,26.0,13.4,12.8,13.4,11.8,13.7,13.5,12.2,11.9,14.6,27.9,8.7,19.0,209.0,0.00354,0.201,18.1,0.0,0.0,25.9
49.9,49.8,50.0,68.8,69.4,68.2,52.9,51.6,54.2,53.0,57.2,48.8,0.807,9.46,0.216,8.73,7.37,11.6,0.201,6.37,5.8,0.0381,0.334,0.728,67.0,51.0,160,44,600,5.9,14.9,7.2,7.2,7.9,10.2,7.6,8.5,8.9,8.4,7.5,19.1,5.4,11.4,130.0,0.00362,0.19,15.8,0.0,0.0,25.6
61.0,63.0,59.0,74.7,76.0,73.4,61.3,62.0,60.6,54.7,56.6,52.8,0.943,10.6,0.274,9.76,8.16,14.6,0.265,6.69,6.14,0.0361,1.07,0.8,117.0,97.0,230,66,800,24.6,24.4,10.4,10.8,10.3,10.6,10.6,12.1,12.0,10.0,10.7,22.5,7.3,16.0,192.0,0.0039,0.181,24.2,0.0,0.0,42.8
58.8,59.0,58.6,69.8,71.6,68.0,56.8,55.6,58.0,51.2,47.6,54.8,0.772,8.59,0.211,7.73,6.93,10.6,0.191,5.82,5.33,0.0364,0.314,0.666,69.2,54.0,150,48,600,6.4,15.2,9.6,7.4,7.7,8.5,7.9,8.3,9.9,8.4,8.6,17.4,5.6,8.7,130.0,0.0036,0.202,13.2,0.0,0.0,23.9
52.5,54.4,50.6,47.3,45.8,48.8,56.0,56.8,55.2,42.8,44.0,41.6,0.834,10.0,0.221,9.33,7.73,12.4,0.209,6.68,6.11,0.0393,0.352,0.757,66.3,51.0,140,42,600,6.6,15.0,7.7,6.9,7.9,9.8,7.3,7.6,8.7,8.4,7.0,17.3,5.1,11.7,127.0,0.00388,0.21,14.6,0.0,0.0,23.1
51.4,50.2,52.6,56.6,56.8,56.4,53.3,53.4,53.2,35.8,32.2,39.4,0.711,8.58,0.213,7.86,7.04,10.9,0.196,5.68,4.6,0.0377,0.315,0.637,54.3,41.0,110,36,600,6.9,16.9,7.7,8.2,7.7,8.3,7.8,6.7,8.3,9.6,7.9,14.7,4.8,11.9,127.0,0.00298,0.19,4.31,0.0,0.0,9.48
54.4,53.4,55.4,68.1,69.4,66.8,52.0,50.8,53.2,54.4,57.2,51.6,0.745,8.66,0.201,7.68,7.04,10.9,0.185,5.56,4.69,0.038,0.314,0.655,113.0,100.0,260,83,600,48.8,17.9,5.5,8.4,7.6,7.0,7.4,8.8,8.0,7.6,8.6,16.4,4.1,12.1,168.0,0.00414,0.179,16.7,0.0,0.0,0.0
65.2,65.8,64.6,78.6,79.6,77.6,58.6,59.0,58.2,54.9,63.2,46.6,0.932,10.5,0.262,8.88,8.56,14.3,0.263,6.65,6.61,0.0373,1.16,0.781,103.0,87.0,210,84,800,7.7,21.6,11.8,10.7,10.8,10.3,10.5,10.0,11.6,11.1,11.7,21.2,6.9,13.9,170.0,0.00395,0.198,17.2,0.0,0.0,25.9
52.1,51.4,52.8,68.8,69.0,68.6,53.2,52.4,54.0,49.9,48.4,51.4,0.74,8.84,0.202,7.69,7.03,10.8,0.182,5.81,5.49,0.0379,0.325,0.658,73.6,58.0,180,51,600,5.7,17.0,7.9,6.2,7.6,7.0,7.6,9.4,7.2,9.5,8.3,18.0,5.2,12.3,129.0,0.0036,0.192,13.9,0.0,0.0,22.9
68.8,67.8,69.8,78.9,79.4,78.4,67.7,68.0,67.4,55.1,53.2,57.0,1.04,11.3,0.301,10.1,9.09,17.4,0.275,7.04,7.53,0.0375,0.523,0.871,189.0,160.0,320,140,1000,10.0,29.2,12.7,13.3,13.7,13.5,12.8,13.4,13.5,13.2,12.7,29.4,8.7,18.5,215.0,0.00287,0.198,17.1,0.0,0.0,25.4
65.4,65.4,65.4,72.6,75.4,69.8,59.4,60.6,58.2,49.9,44.4,55.4,0.914,10.7,0.262,9.31,8.65,15.0,0.246,6.7,6.48,0.0386,1.02,0.783,106.0,87.0,200,59,800,6.1,24.3,11.0,11.8,11.4,11.2,10.8,10.0,12.2,12.7,10.5,20.3,5.7,15.1,173.0,0.00276,0.204,14.5,0.0,0.0,22.2
72.4,73.2,71.6,72.1,71.8,72.4,61.9,61.4,62.4,55.2,51.2,59.2,1.15,12.9,0.338,11.3,10.0,20.0,0.316,7.81,8.41,0.0362,1.23,0.993,196.0,170.0,380,180,1000,7.9,26.7,13.5,13.7,11.7,13.2,12.2,14.7,12.3,14.0,13.0,27.2,7.9,18.2,206.0,0.00373,0.22,18.9,0.0,0.0,28.0
69.8,70.4,69.2,80.7,80.4,81.0,64.3,63.6,65.0,56.9,55.6,58.2,1.05,11.9,0.277,10.4,8.94,17.2,0.25,7.23,7.73,0.0369,1.15,0.861,252.0,220.0,600,310,1000,39.6,21.8,13.5,10.0,11.4,13.0,14.0,11.5,11.6,12.1,13.1,26.2,9.7,15.2,223.0,0.00286,0.196,21.7,0.0,0.0,41.4
69.6,70.0,69.2,79.2,79.4,79.0,67.3,67.6,67.0,51.2,51.8,50.6,1.06,11.7,0.284,9.95,9.2,17.7,0.285,7.06,7.75,0.0357,1.09,0.869,205.0,180.0,300,120,1000,8.4,26.6,12.4,12.8,14.1,13.3,13.6,13.0,14.0,12.6,12.8,26.5,7.2,19.2,207.0,0.0028,0.2,29.1,0.0,0.0,24.2
58.8,58.2,59.4,58.3,57.6,59.0,55.2,55.2,55.2,34.9,36.0,33.8,0.732,8.43,0.212,7.75,6.72,10.7,0.187,5.72,5.31,0.0366,0.304,0.619,96.7,48.0,120,43,600,6.3,15.5,7.6,7.3,7.5,9.4,8.4,8.3,7.5,8.4,8.6,17.0,5.2,12.4,129.0,0.00318,0.19,5.76,0.0,0.0,9.16
68.2,69.2,67.2,70.1,71.0,69.2,69.6,72.4,66.8,50.7,43.2,58.2,0.934,10.4,0.264,9.8,7.94,14.3,0.243,6.77,6.77,0.0375,1.07,0.777,92.0,78.0,260,96,800,6.8,21.0,9.2,10.5,12.1,11.9,11.2,9.8,12.3,10.5,9.4,22.4,8.8,14.8,171.0,0.00367,0.224,14.0,0.0,0.0,20.2
53.8,52.6,55.0,72.8,71.2,74.4,55.2,55.0,55.4,53.7,51.4,56.0,0.75,8.67,0.214,7.6,7.31,11.3,0.194,5.56,4.54,0.0372,0.95,0.658,87.8,68.0,170,53,600,6.3,15.6,9.9,7.8,8.3,7.0,8.3,6.7,8.4,8.5,7.9,17.6,6.2,11.9,130.0,0.00567,0.2,21.2,0.0,0.0,26.5
54.4,53.0,55.8,58.0,56.8,59.2,55.0,56.2,53.8,32.6,35.0,30.2,0.7,8.28,0.206,7.5,6.65,10.1,0.192,5.25,4.27,0.0376,0.304,0.606,56.5,43.0,120,39,600,4.8,16.8,8.3,8.4,9.1,7.6,9.0,7.2,8.5,7.6,9.5,17.8,6.3,10.9,132.0,0.00305,0.186,2.79,0.0,0.0,8.58
52.0,51.2,52.8,69.7,66.2,73.2,53.8,55.8,51.8,54.9,48.4,61.4,0.701,8.69,0.197,7.69,6.83,10.6,0.177,5.63,5.34,0.0382,1.05,0.647,79.4,60.0,170,46,600,5.0,16.2,8.8,9.2,7.2,8.3,8.2,9.0,8.3,8.8,7.2,14.7,4.2,12.0,127.0,0.00355,0.2,16.4,0.0,0.0,26.1
60.0,59.2,60.8,52.4,54.4,50.4,59.7,59.8,59.6,50.0,51.2,48.8,1.05,12.1,0.29,11.0,9.71,16.6,0.29,7.45,6.61,0.039,1.21,0.92,86.4,70.0,180,69,800,7.4,23.5,11.9,11.0,10.9,11.0,9.4,10.2,12.5,10.5,11.1,20.1,7.4,16.8,174.0,0.00345,0.19,15.4,0.0,0.0,20.9
62.1,64.4,59.8,80.0,82.0,78.0,60.5,61.2,59.8,54.5,51.4,57.6,0.953,10.7,0.266,9.49,8.19,14.5,0.257,6.55,5.96,0.0371,1.08,0.787,97.2,79.0,200,65,800,9.3,20.8,10.6,8.8,10.9,9.5,11.4,10.1,9.7,10.9,10.7,22.1,7.4,17.6,170.0,0.00423,0.194,16.3,0.0,0.0,25.9
52.7,54.6,50.8,60.6,62.0,59.2,53.8,53.0,54.6,35.0,36.2,33.8,0.671,8.12,0.19,7.32,6.21,9.78,0.173,5.43,4.98,0.0367,0.287,0.592,106.0,49.0,120,40,600,6.4,16.8,7.9,7.1,8.3,8.5,8.3,9.5,7.5,7.3,8.1,17.6,5.4,11.1,130.0,0.00366,0.211,4.15,0.0,0.0,9.3
53.0,50.8,55.2,70.1,72.0,68.2,55.8,57.2,54.4,51.1,53.2,49.0,0.766,8.76,0.228,7.89,7.21,11.4,0.208,5.64,4.65,0.0372,0.92,0.669,76.1,55.0,120,42,600,5.2,16.4,9.5,7.8,7.6,7.6,8.0,8.1,8.0,7.1,9.7,16.4,4.7,12.5,129.0,0.0039,0.211,13.2,0.0,0.0,24.9
60.5,62.4,58.6,79.1,77.8,80.4,59.2,59.0,59.4,55.5,52.4,58.6,0.959,10.6,0.255,9.15,8.43,14.2,0.231,6.62,6.71,0.0358,1.16,0.813,102.0,83.0,180,65,800,7.5,24.0,9.9,10.0,11.8,9.2,10.4,10.4,11.7,10.4,10.9,20.7,6.1,12.6,166.0,0.00355,0.224,17.5,0.0,0.0,26.3
51.5,52.0,51.0,68.1,66.6,69.6,52.9,53.2,52.6,50.1,47.8,52.4,0.736,8.87,0.203,7.64,7.02,10.6,0.178,5.85,5.48,0.0378,0.33,0.666,72.7,57.0,180,49,600,7.5,16.1,8.9,6.5,8.4,7.0,7.7,8.7,7.9,10.5,8.0,18.3,6.0,10.9,132.0,0.00436,0.2,14.6,0.0,0.0,23.5
69.4,69.0,69.8,78.3,77.0,79.6,65.0,64.2,65.8,54.3,50.4,58.2,1.02,11.6,0.322,9.81,9.12,17.7,0.293,6.6,6.42,0.0371,0.444,0.827,281.0,220.0,350,120,1000,10.3,26.6,12.8,14.5,14.6,14.8,13.5,13.1,15.1,11.2,12.8,28.2,8.8,18.2,215.0,0.00285,0.197,16.0,0.0,0.0,23.6
60.6,61.2,60.0,81.1,79.4,82.8,60.8,60.2,61.4,54.0,45.4,62.6,0.962,10.7,0.262,9.41,8.31,14.2,0.245,6.86,6.77,0.0376,1.1,0.793,110.0,88.0,180,62,800,7.1,21.5,13.3,9.8,11.2,12.0,9.9,11.3,10.7,9.6,9.7,21.0,7.2,16.3,171.0,0.00431,0.215,37.7,0.0,0.0,27.0
64.2,66.6,61.8,75.7,75.6,75.8,62.6,63.4,61.8,49.9,50.6,49.2,0.941,10.7,0.253,9.0,8.65,14.3,0.226,6.75,6.23,0.0372,1.19,0.775,109.0,94.0,190,73,800,6.3,20.2,11.1,10.1,10.8,10.7,13.4,11.1,9.2,10.8,11.5,24.5,8.7,15.1,174.0,0.00345,0.204,27.4,0.0,0.0,21.2
66.9,66.4,67.4,79.2,78.4,80.0,65.2,64.6,65.8,54.8,54.8,54.8,1.06,11.6,0.289,9.75,8.9,17.1,0.28,6.87,7.68,0.0362,1.26,0.859,177.0,160.0,340,180,1000,8.9,26.9,13.3,12.0,14.4,12.5,13.2,12.8,12.7,12.9,11.4,27.9,9.4,19.0,207.0,0.0035,0.203,17.7,0.0,0.0,26.0
56.3,56.2,56.4,64.7,68.0,61.4,54.3,54.2,54.4,40.4,33.2,47.6,0.704,8.74,0.203,8.03,7.01,11.0,0.192,6.14,5.54,0.0362,1.09,0.676,74.2,57.0,110,40,600,5.2,16.9,7.3,6.7,9.2,7.1,8.3,9.6,8.8,9.1,8.9,18.1,5.9,10.2,131.0,0.00395,0.198,7.19,0.0,0.0,12.8
52.8,54.4,51.2,66.1,70.4,61.8,50.7,50.2,51.2,50.0,60.4,39.6,0.768,8.61,0.218,7.63,7.2,10.9,0.197,5.6,4.65,0.0367,0.31,0.662,69.3,51.0,150,43,600,5.8,15.7,8.4,8.5,8.9,7.0,7.5,8.6,9.0,9.0,8.3,17.7,6.0,10.8,131.0,0.00374,0.207,14.6,0.0,0.0,22.9
52.3,52.6,52.0,63.7,64.6,62.8,54.7,53.6,55.8,34.1,38.2,30.0,0.567,7.29,0.169,6.24,5.83,8.44,0.155,4.62,4.12,0.0361,0.955,0.518,67.6,53.0,96,36,600,5.4,18.3,7.9,7.8,9.6,8.2,7.2,8.6,6.8,6.4,9.6,16.6,5.6,10.5,129.0,0.00419,0.186,7.76,0.0,0.0,8.32
62.0,62.2,61.8,79.7,78.6,80.8,65.0,65.0,65.0,54.2,54.6,53.8,0.9,10.6,0.243,9.3,8.25,14.1,0.225,6.68,6.8,0.0366,0.37,0.763,96.2,80.0,210,79,800,6.8,22.8,11.7,10.6,10.7,12.3,10.8,10.1,10.7,9.2,10.4,22.4,6.6,13.2,168.0,0.00321,0.2,15.0,0.0,0.0,25.2
50.5,52.0,49.0,69.6,67.6,71.6,54.6,53.6,55.6,50.8,47.6,54.0,0.768,8.69,0.223,7.79,6.94,10.9,0.201,5.76,5.42,0.0396,1.06,0.658,72.9,53.0,170,43,600,5.4,16.1,7.5,7.7,9.5,9.9,7.5,6.2,7.9,11.0,7.0,16.8,4.2,11.0,128.0,0.00354,0.18,14.4,0.0,0.0,22.8
70.4,71.2,69.6,78.6,78.4,78.8,67.5,67.6,67.4,49.2,41.6,56.8,1.1,11.9,0.306,10.5,9.13,17.1,0.277,7.33,7.67,0.0362,1.24,0.883,178.0,150.0,260,110,1000,8.5,26.8,11.7,14.0,13.9,15.3,14.4,13.7,14.6,13.0,13.0,29.1,9.1,19.3,216.0,0.00374,0.205,10.8,0.0,0.0,21.6
63.5,65.4,61.6,79.5,79.4,79.6,61.9,61.0,62.8,54.8,51.4,58.2,0.982,10.7,0.257,9.13,8.4,14.2,0.233,6.77,6.66,0.0378,1.17,0.8,99.5,82.0,180,66,800,7.8,21.3,9.0,10.1,10.6,11.8,10.0,12.6,9.3,12.5,10.7,23.1,7.0,14.5,170.0,0.00326,0.213,17.9,0.0,0.0,27.3
53.4,51.4,55.4,56.7,55.4,58.0,57.9,58.6,57.2,32.7,30.8,34.6,0.793,9.23,0.236,8.41,7.85,11.9,0.218,6.32,5.35,0.0372,0.347,0.719,58.1,42.0,130,37,600,6.1,20.2,9.0,7.5,8.4,7.8,9.5,6.6,5.9,9.4,8.8,15.4,4.8,11.2,131.0,0.00345,0.178,5.02,0.0,0.0,8.68
66.4,64.2,68.6,79.5,80.6,78.4,66.1,65.6,66.6,54.0,54.2,53.8,1.07,11.6,0.311,9.86,9.04,17.6,0.304,6.99,7.53,0.0371,1.14,0.876,203.0,160.0,380,150,1000,9.0,27.8,15.3,13.2,13.1,12.1,12.5,12.8,11.9,14.5,10.9,25.8,8.5,18.9,206.0,0.00334,0.199,18.2,0.0,0.0,27.0
60.8,59.4,62.2,79.7,79.6,79.8,58.7,58.6,58.8,55.6,61.2,50.0,0.938,10.7,0.258,9.36,8.31,14.0,0.24,6.83,6.76,0.0375,1.1,0.79,115.0,93.0,180,61,800,7.1,20.1,13.0,8.5,11.0,12.3,10.7,10.7,10.2,9.3,10.7,22.0,7.0,14.9,168.0,0.00283,0.207,31.7,0.0,0.0,25.2
53.1,53.8,52.4,67.2,68.4,66.0,52.0,52.6,51.4,50.0,43.6,56.4,0.788,8.96,0.232,7.94,7.26,11.3,0.222,5.71,4.66,0.0373,0.928,0.656,105.0,84.0,310,73,600,39.0,16.1,8.0,8.1,9.4,7.3,8.6,7.4,8.6,7.6,7.0,16.5,6.5,11.8,162.0,0.00378,0.189,0.0,0.0,0.0,25.8
52.1,51.2,53.0,60.0,58.6,61.4,52.8,52.2,53.4,36.7,36.0,37.4,0.578,6.76,0.17,6.36,5.39,8.41,0.149,4.72,4.15,0.0371,0.932,0.531,78.2,62.0,110,36,600,24.4,19.5,8.5,8.9,6.9,7.4,8.8,7.6,7.5,8.6,8.0,16.3,6.4,12.1,151.0,0.00405,0.178,5.54,0.0,0.0,12.0
55.0,56.0,54.0,59.0,58.6,59.4,53.4,52.2,54.6,35.4,31.4,39.4,0.595,7.44,0.179,6.97,5.81,9.08,0.162,5.15,4.58,0.0372,0.275,0.578,64.8,48.0,100,38,600,4.6,16.1,6.8,8.7,9.5,7.4,8.2,7.9,8.3,9.1,9.7,17.3,5.1,11.1,130.0,0.00334,0.198,2.9,0.0,0.0,9.05
61.2,61.4,61.0,75.8,77.2,74.4,61.2,61.8,60.6,54.1,43.8,64.4,0.92,10.6,0.261,9.25,8.31,14.5,0.238,6.3,5.65,0.0374,1.11,0.783,115.0,89.0,180,63,800,9.7,22.6,11.5,10.8,11.1,9.4,10.6,9.5,11.3,10.0,10.0,19.6,6.4,15.4,168.0,0.00339,0.198,17.5,0.0,0.0,25.5
53.1,52.6,53.6,57.4,59.2,55.6,53.0,52.8,53.2,35.5,36.2,34.8,0.705,8.34,0.209,7.63,6.77,10.3,0.193,5.43,4.38,0.0387,0.306,0.622,55.4,42.0,100,36,600,4.5,16.4,8.7,9.4,8.5,8.3,7.7,8.1,8.4,8.2,9.7,17.9,6.2,10.8,133.0,0.00305,0.195,4.1,0.0,0.0,9.7
69.2,69.6,68.8,82.7,82.2,83.2,62.9,62.0,63.8,56.0,55.4,56.6,1.07,11.6,0.315,10.2,8.65,17.8,0.295,7.03,7.45,0.0371,1.18,0.858,204.0,190.0,270,110,1000,16.5,28.4,12.1,13.6,13.6,14.3,14.4,14.0,13.1,13.7,12.6,28.2,10.6,18.9,224.0,0.0035,0.203,30.5,0.0,0.0,27.6
49.6,49.0,50.2,38.3,38.8,37.8,55.3,55.0,55.6,33.7,31.6,35.8,0.883,9.95,0.26,9.24,8.3,13.0,0.237,7.03,6.39,0.0371,1.24,0.783,67.4,47.0,140,41,600,5.4,17.1,8.8,8.8,8.7,9.0,7.7,6.5,7.2,6.3,8.5,15.6,5.3,10.9,126.0,0.00365,0.199,6.96,0.0,0.0,12.8
60.3,60.4,60.2,77.9,77.6,78.2,61.2,61.0,61.4,53.9,58.0,49.8,0.948,10.6,0.264,9.5,8.38,14.0,0.245,6.84,6.91,0.0367,1.1,0.791,123.0,100.0,190,64,800,16.0,19.4,12.1,11.2,11.3,11.9,11.5,10.5,10.4,10.6,11.5,23.3,7.5,14.8,182.0,0.00358,0.2,26.7,0.0,0.0,26.2
50.1,52.4,47.8,61.5,61.4,61.6,53.4,55.0,51.8,34.2,34.6,33.8,0.571,7.02,0.173,6.54,5.7,8.51,0.152,4.95,4.36,0.0372,0.535,0.551,71.7,55.0,100,36,600,6.0,19.1,7.1,8.6,8.0,7.9,8.4,8.4,8.2,8.1,7.6,18.1,6.2,10.7,132.0,0.00334,0.201,5.54,0.0,0.0,15.2
59.9,61.4,58.4,70.3,69.6,71.0,64.1,64.2,64.0,33.6,33.8,33.4,0.749,8.93,0.205,7.76,7.18,11.2,0.189,5.95,5.57,0.0384,0.32,0.669,118.0,100.0,300,110,800,57.6,23.8,11.6,10.4,9.7,10.7,9.7,11.5,10.2,10.4,10.3,24.2,8.1,12.9,221.0,0.00362,0.194,5.29,0.0,0.0,0.0
69.9,68.8,71.0,80.0,78.8,81.2,68.6,68.2,69.0,56.1,56.8,55.4,0.937,10.7,0.253,9.51,8.48,14.5,0.231,6.86,6.45,0.0352,1.09,0.772,162.0,150.0,350,180,800,73.1,16.7,7.8,7.8,7.6,9.1,9.4,8.1,7.1,8.8,8.3,18.1,4.8,13.0,200.0,0.00495,0.185,0.0,0.0,0.0,0.0
55.6,56.0,55.2,62.3,62.2,62.4,59.6,59.0,60.2,32.8,29.6,36.0,0.747,8.8,0.205,7.97,7.09,10.7,0.192,6.14,5.51,0.0376,0.321,0.669,55.4,44.0,110,41,600,5.9,17.4,7.2,7.4,9.6,7.4,8.8,9.4,7.8,8.5,8.3,16.4,5.3,12.0,131.0,0.00364,0.204,1.47,0.0,0.0,8.3
62.4,64.0,60.8,57.9,59.2,56.6,71.6,72.6,70.6,54.7,53.2,56.2,1.09,12.3,0.315,10.9,9.59,16.9,0.286,7.24,6.58,0.0373,1.19,0.924,93.3,74.0,210,73,800,7.7,24.7,10.2,10.5,10.0,13.2,9.3,11.0,10.3,12.1,9.8,22.7,7.7,14.3,174.0,0.00286,0.192,18.3,0.0,0.0,26.6
56.7,57.2,56.2,59.2,61.2,57.2,54.6,53.6,55.6,40.7,47.0,34.4,0.799,8.87,0.233,7.85,7.18,11.0,0.209,6.04,5.63,0.0382,0.996,0.659,73.9,57.0,140,43,600,5.7,18.7,9.2,7.1,8.9,7.1,8.4,8.3,7.8,8.3,8.5,15.7,6.8,11.5,132.0,0.00269,0.192,5.91,0.0,0.0,12.8
52.1,51.6,52.6,74.7,75.8,73.6,54.8,54.0,55.6,54.1,49.8,58.4,0.734,8.53,0.205,7.92,6.55,10.6,0.189,5.57,4.79,0.0379,1.07,0.646,68.8,52.0,160,50,600,6.0,17.3,9.3,8.8,8.4,6.6,6.5,7.8,9.2,8.7,7.6,17.3,7.1,11.4,132.0,0.00418,0.2,15.4,0.0,0.0,28.4
59.9,61.0,58.8,80.4,80.8,80.0,58.8,58.0,59.6,55.4,56.8,54.0,0.936,10.8,0.251,9.79,8.2,14.3,0.248,6.55,6.14,0.037,0.38,0.8,94.9,78.0,200,70,800,7.1,22.1,10.3,13.3,11.3,12.2,10.2,12.1,8.3,9.6,10.9,23.2,7.9,15.7,174.0,0.00351,0.202,17.5,0.0,0.0,27.5
51.6,51.2,52.0,71.2,72.2,70.2,53.3,53.8,52.8,55.3,47.4,63.2,0.751,8.45,0.215,7.56,7.26,11.3,0.199,5.36,4.57,0.0374,0.953,0.66,79.9,62.0,160,47,600,6.0,17.7,8.2,8.8,9.2,8.0,7.3,8.9,9.2,7.6,7.6,17.2,6.0,12.7,134.0,0.00392,0.191,16.9,0.0,0.0,28.9
60.3,60.0,60.6,80.2,80.6,79.8,60.6,61.2,60.0,55.7,58.8,52.6,1.01,10.8,0.263,9.26,8.44,14.4,0.242,6.55,6.77,0.0359,1.17,0.811,100.0,82.0,240,72,800,9.3,21.8,9.4,10.9,10.9,11.5,10.5,13.1,8.8,11.3,10.1,22.6,8.2,13.5,172.0,0.00326,0.208,19.9,0.0,0.0,28.4
66.2,66.0,66.4,70.7,71.6,69.8,68.9,67.2,70.6,50.2,50.0,50.4,1.15,12.4,0.32,11.4,9.36,18.9,0.298,7.61,8.14,0.0368,1.2,0.957,188.0,160.0,430,180,1000,9.1,26.5,12.8,13.3,12.7,13.1,13.7,11.8,14.7,14.5,14.1,27.7,9.3,19.8,213.0,0.00222,0.187,13.7,0.0,0.0,22.3
56.3,55.2,57.4,60.8,60.6,61.0,53.9,54.2,53.6,39.9,37.2,42.6,0.864,9.53,0.26,8.6,8.12,12.6,0.25,6.45,5.74,0.0383,1.02,0.748,63.4,48.0,140,40,600,6.6,16.4,10.9,6.2,7.8,6.5,7.9,7.1,7.9,8.5,8.4,17.6,6.5,10.7,129.0,0.00367,0.175,7.32,0.0,0.0,12.5
71.0,70.4,71.6,73.8,74.6,73.0,67.0,66.6,67.4,51.6,56.8,46.4,1.21,12.6,0.348,11.0,9.93,19.3,0.325,7.76,8.22,0.0358,1.21,1.0,194.0,160.0,260,110,1000,11.0,29.8,12.9,13.4,12.9,11.8,11.7,12.5,15.4,14.8,13.0,28.7,10.0,17.5,215.0,0.00351,0.202,12.1,0.0,0.0,22.4
52.2,54.0,50.4,67.9,70.2,65.6,54.8,54.6,55.0,50.0,48.6,51.4,0.69,8.48,0.203,7.49,7.11,10.7,0.19,5.69,5.39,0.0388,0.307,0.631,75.0,58.0,150,44,600,7.1,18.4,7.6,7.2,8.9,8.6,8.4,7.7,9.4,7.5,8.4,15.2,4.1,9.8,128.0,0.00347,0.208,14.7,0.0,0.0,21.6
54.6,56.2,53.0,64.9,66.8,63.0,53.5,52.0,55.0,46.8,42.0,51.6,0.794,8.94,0.229,8.14,7.08,10.9,0.215,5.66,4.66,0.0378,0.327,0.658,64.4,49.0,150,43,600,5.8,17.6,9.1,9.6,8.9,6.2,7.8,9.2,8.7,9.6,7.5,19.5,6.2,10.9,137.0,0.00349,0.173,11.3,0.0,0.0,19.3
66.3,68.4,64.2,76.2,76.6,75.8,65.1,65.8,64.4,51.8,46.0,57.6,1.15,11.6,0.324,9.98,9.08,17.5,0.294,7.09,7.46,0.0369,1.23,0.875,212.0,200.0,270,97,1000,9.8,28.8,13.9,15.4,14.3,14.0,14.5,12.1,12.8,12.3,12.7,28.0,10.3,18.2,217.0,0.00361,0.207,28.9,0.0,0.0,52.3
49.9,50.4,49.4,70.7,70.2,71.2,53.0,51.2,54.8,49.4,47.0,51.8,0.749,8.6,0.202,7.93,6.64,10.6,0.188,5.88,5.29,0.0384,0.313,0.644,68.2,53.0,130,53,600,5.0,18.0,8.6,6.7,9.3,8.7,8.5,7.5,7.3,8.4,8.5,17.4,5.5,11.7,131.0,0.00308,0.222,15.1,0.0,0.0,21.8
56.9,57.0,56.8,56.0,59.0,53.0,57.1,57.2,57.0,37.1,37.8,36.4,0.587,7.46,0.168,6.57,5.77,8.62,0.161,4.74,3.81,0.0383,0.271,0.542,64.0,47.0,110,34,600,5.4,20.1,8.5,8.1,7.1,8.9,7.1,7.2,9.3,7.8,7.5,15.3,4.0,12.5,129.0,0.00271,0.179,2.83,0.0,0.0,8.92
63.2,62.8,63.6,77.5,79.0,76.0,62.6,61.4,63.8,53.4,51.6,55.2,0.924,10.6,0.267,9.48,8.38,14.6,0.242,6.39,5.63,0.0376,0.373,0.775,94.7,74.0,180,69,800,8.1,22.0,11.0,8.8,10.5,10.2,9.8,10.7,12.3,10.9,12.1,20.9,7.5,15.0,170.0,0.00278,0.212,17.0,0.0,0.0,27.9
62.6,63.0,62.2,62.5,62.8,62.2,66.2,67.2,65.2,33.1,34.6,31.6,0.734,9.03,0.214,7.87,7.32,11.5,0.208,5.74,5.31,0.0368,0.324,0.659,126.0,110.0,320,120,800,69.0,20.4,9.0,9.8,9.7,9.7,9.4,9.8,10.0,9.5,8.3,17.9,5.6,11.6,210.0,0.00248,0.203,3.9,0.0,0.0,10.3
55.1,54.4,55.8,65.6,68.4,62.8,58.2,58.6,57.8,40.5,36.8,44.2,0.685,8.62,0.197,8.07,6.87,10.7,0.174,6.01,5.46,0.037,1.09,0.656,88.3,69.0,140,47,600,7.2,20.1,8.5,6.3,7.0,7.6,8.6,10.0,6.9,8.3,8.0,13.4,3.9,10.1,126.0,0.00261,0.206,9.54,0.0,0.0,20.8
71.1,69.4,72.8,76.9,78.0,75.8,59.1,59.6,58.6,55.0,54.2,55.8,1.04,11.7,0.303,10.3,8.96,17.8,0.275,7.0,7.63,0.0361,1.18,0.894,196.0,160.0,670,280,1000,8.8,28.1,12.5,13.4,13.7,13.4,13.3,11.2,13.3,12.2,13.1,29.1,9.5,17.4,209.0,0.00318,0.214,16.8,0.0,0.0,25.8
63.2,62.8,63.6,72.9,74.0,71.8,61.0,58.6,63.4,48.2,47.0,49.4,0.935,10.7,0.271,9.44,8.47,14.7,0.26,6.76,6.56,0.0363,1.12,0.796,117.0,93.0,180,63,800,6.5,22.7,11.6,12.0,10.5,10.2,9.9,8.7,10.6,10.7,12.7,21.7,6.3,15.6,170.0,0.00363,0.188,24.3,0.0,0.0,20.4
54.3,53.8,54.8,68.8,67.6,70.0,57.6,56.4,58.8,49.9,58.8,41.0,0.788,8.63,0.224,7.84,7.0,11.1,0.21,5.86,5.57,0.0383,0.313,0.663,70.2,55.0,130,47,600,7.1,16.0,8.0,8.0,8.7,7.5,7.1,8.9,8.0,8.0,9.1,16.4,5.0,12.7,131.0,0.00606,0.19,12.8,0.0,0.0,21.8
72.0,72.4,71.6,80.9,80.8,81.0,70.5,69.8,71.2,55.0,50.2,59.8,1.05,11.5,0.3,10.4,8.78,17.7,0.29,7.01,7.26,0.0378,1.17,0.852,242.0,220.0,500,270,1000,47.7,24.1,10.9,10.9,11.8,11.9,13.3,12.7,12.4,12.2,9.6,24.1,7.7,14.6,224.0,0.00225,0.197,0.0,0.0,0.0,37.2
69.8,69.6,70.0,76.8,76.2,77.4,63.8,63.4,64.2,54.5,59.8,49.2,1.03,11.6,0.322,9.96,8.98,17.7,0.295,6.67,6.41,0.0368,1.06,0.822,256.0,200.0,360,130,1000,10.5,27.1,12.4,13.3,13.2,12.4,13.4,14.3,12.4,11.3,13.2,27.1,9.9,19.4,210.0,0.00362,0.195,17.9,0.0,0.0,29.2
72.0,72.0,72.0,75.5,75.2,75.8,66.3,65.0,67.6,49.5,49.2,49.8,1.05,11.6,0.319,10.2,8.91,17.9,0.292,6.88,6.66,0.0377,0.391,0.845,173.0,140.0,320,130,1000,9.1,26.2,14.3,14.3,11.1,13.5,13.6,13.6,12.8,14.0,11.8,27.9,9.2,19.3,211.0,0.00385,0.205,14.3,0.0,0.0,21.1
54.6,53.4,55.8,75.3,77.0,73.6,54.9,57.2,52.6,56.6,57.8,55.4,0.784,9.17,0.223,8.2,7.73,11.6,0.205,6.21,5.8,0.0382,1.08,0.717,73.3,56.0,170,52,600,5.6,15.0,9.0,7.1,8.7,9.4,6.8,7.6,8.4,8.0,8.6,15.8,5.2,10.6,126.0,0.00411,0.184,16.1,0.0,0.0,24.7
53.0,54.6,51.4,72.1,72.4,71.8,58.0,60.0,56.0,52.9,50.0,55.8,0.785,8.73,0.209,7.65,7.01,10.6,0.185,5.76,5.51,0.0373,1.13,0.669,153.0,130.0,410,150,600,71.7,14.9,7.78,8.78,7.44,6.78,6.67,6.44,6.67,6.78,8.67,16.0,6.56,10.6,186.0,0.00362,0.176,0.0,0.0,0.0,23.5
53.2,53.8,52.6,57.6,59.4,55.8,53.5,55.8,51.2,33.9,32.0,35.8,0.576,7.35,0.179,6.26,6.21,8.94,0.152,5.05,4.48,0.0378,0.892,0.528,77.4,60.0,130,40,600,5.9,16.1,8.5,8.0,7.9,10.0,9.1,8.2,10.4,9.1,7.3,18.1,5.5,10.2,134.0,0.00303,0.185,6.88,0.0,0.0,8.91
64.7,65.8,63.6,69.7,68.2,71.2,60.6,59.2,62.0,50.8,49.6,52.0,0.98,10.6,0.262,9.92,8.21,14.3,0.24,6.64,5.8,0.0391,1.13,0.795,124.0,100.0,280,77,800,24.8,21.7,9.5,11.5,11.1,11.0,11.3,11.9,11.9,11.2,11.6,23.5,7.8,14.9,194.0,0.00378,0.2,22.3,0.0,0.0,36.1
50.3,50.4,50.2,75.3,73.6,77.0,54.5,55.0,54.0,55.3,53.6,57.0,0.725,8.61,0.198,8.04,6.75,10.8,0.183,5.88,5.39,0.0384,1.06,0.642,91.1,70.0,170,45,600,5.8,16.0,8.4,7.9,7.8,8.2,7.8,7.7,8.6,9.8,6.6,18.1,6.0,10.3,129.0,0.00362,0.215,32.7,0.0,0.0,52.7
59.3,59.2,59.4,80.3,79.4,81.2,59.2,58.4,60.0,55.5,55.4,55.6,0.981,10.7,0.26,9.43,8.21,14.0,0.247,6.92,6.9,0.0376,1.11,0.783,135.0,110.0,330,110,800,41.3,21.6,10.5,12.0,10.5,9.5,11.1,9.7,10.4,11.7,11.1,21.7,6.8,13.7,202.0,0.0043,0.196,0.0,0.0,0.0,37.1
60.0,61.6,58.4,82.1,82.0,82.2,57.9,57.4,58.4,53.7,55.0,52.4,0.955,10.6,0.259,9.44,8.24,14.1,0.243,6.77,6.75,0.0376,1.1,0.779,107.0,86.0,180,70,800,8.2,21.0,12.3,11.0,10.8,10.7,9.1,11.2,11.2,10.9,9.5,21.9,7.4,17.1,172.0,0.0033,0.209,16.8,0.0,0.0,26.9
55.1,51.8,58.4,57.5,58.8,56.2,52.2,52.6,51.8,34.3,39.0,29.6,0.627,7.83,0.183,7.08,6.3,9.43,0.171,5.05,4.04,0.0376,0.285,0.571,59.0,44.0,110,36,600,6.5,16.7,7.4,9.1,7.6,7.6,6.4,7.0,8.4,7.2,9.2,16.2,6.0,11.8,127.0,0.00339,0.196,5.69,0.0,0.0,9.2
64.3,65.0,63.6,62.6,62.4,62.8,63.1,64.6,61.6,36.3,32.8,39.8,0.727,9.16,0.202,8.25,7.0,11.4,0.188,5.75,5.33,0.0379,0.316,0.641,130.0,110.0,320,140,800,50.2,19.1,8.7,10.4,10.4,9.6,8.7,9.7,10.8,7.6,10.3,20.0,6.3,14.2,196.0,0.00421,0.194,0.0,0.0,0.0,12.2
69.9,70.8,69.0,75.4,75.6,75.2,67.2,68.2,66.2,49.3,53.2,45.4,1.12,12.1,0.306,10.4,9.1,17.4,0.277,7.53,7.92,0.0364,1.14,0.888,198.0,190.0,430,210,1000,48.6,24.1,12.8,12.6,11.7,13.7,11.8,11.6,10.7,9.9,12.6,21.4,7.6,15.2,224.0,0.00371,0.185,12.8,0.0,0.0,26.4
72.3,70.0,74.6,81.8,82.0,81.6,70.1,69.6,70.6,50.5,53.8,47.2,1.11,12.0,0.327,10.4,9.49,18.2,0.302,7.22,7.74,0.0348,1.19,0.939,199.0,160.0,260,100,1000,11.1,29.8,12.4,13.7,13.5,15.4,11.2,12.6,14.1,12.9,11.8,28.8,9.2,17.8,214.0,0.00375,0.201,11.9,0.0,0.0,24.1
61.1,59.6,62.6,74.0,75.4,72.6,58.7,57.4,60.0,50.3,48.6,52.0,0.961,10.7,0.277,9.4,8.57,14.9,0.262,6.7,6.59,0.0364,1.12,0.805,135.0,110.0,390,91,800,34.1,21.0,12.1,11.1,9.6,11.1,12.0,11.1,9.7,10.4,12.2,23.1,6.7,13.8,198.0,0.00291,0.189,17.3,0.0,0.0,32.5
58.2,58.4,58.0,79.1,80.6,77.6,74.2,70.0,78.4,54.2,51.6,56.8,0.982,11.0,0.254,9.84,8.42,14.6,0.24,6.73,6.72,0.0361,0.644,0.824,92.2,77.0,170,68,800,7.4,20.4,9.9,10.1,10.8,9.7,12.1,11.4,12.9,9.3,10.7,23.0,8.2,15.2,171.0,0.00293,0.2,17.8,0.0,0.0,24.7
60.3,59.4,61.2,78.1,78.6,77.6,64.2,64.2,64.2,55.7,49.8,61.6,0.999,10.8,0.27,9.22,8.65,14.4,0.245,6.79,6.89,0.0377,1.18,0.813,112.0,92.0,180,64,800,8.5,22.1,11.0,11.0,12.4,10.1,9.8,10.2,11.0,10.2,12.5,22.9,6.8,13.8,172.0,0.00301,0.217,38.6,0.0,0.0,26.8
61.1,60.8,61.4,77.6,79.8,75.4,55.8,57.2,54.4,55.9,51.4,60.4,0.733,8.34,0.214,7.56,7.15,11.0,0.213,5.66,5.33,0.0358,1.08,0.665,80.7,58.0,170,56,600,6.3,15.5,10.0,6.1,8.5,8.7,6.7,9.1,8.9,8.0,8.9,16.6,4.3,9.5,127.0,0.00523,0.194,15.9,0.0,0.0,28.2
54.0,53.6,54.4,72.2,72.8,71.6,62.3,60.6,64.0,54.2,42.8,65.6,0.731,8.65,0.206,7.66,7.16,11.2,0.191,5.57,4.66,0.0372,0.49,0.665,95.3,76.0,150,47,600,6.8,15.0,8.0,6.5,7.6,8.5,8.5,8.7,7.8,8.3,10.1,16.8,5.2,10.1,128.0,0.00518,0.188,29.9,0.0,0.0,46.2
54.2,52.8,55.6,53.6,52.8,54.4,52.7,54.4,51.0,34.6,31.2,38.0,0.702,8.51,0.208,7.82,6.88,10.5,0.194,5.54,4.5,0.0376,0.311,0.631,54.9,41.0,96,36,600,4.9,16.2,7.0,8.0,7.5,8.3,7.7,6.9,7.6,8.8,9.2,16.0,5.1,11.8,125.0,0.00232,0.171,5.47,0.0,0.0,9.44
51.9,50.6,53.2,73.5,75.0,72.0,56.4,55.6,57.2,54.1,54.8,53.4,0.823,9.41,0.235,8.45,8.21,12.4,0.217,6.15,5.51,0.0384,0.981,0.749,71.9,56.0,150,53,600,5.5,17.6,9.8,9.2,8.6,7.7,7.6,8.0,7.0,8.0,8.5,16.5,5.2,9.5,129.0,0.00346,0.208,19.4,0.0,0.0,28.4
59.8,57.6,62.0,76.8,79.4,74.2,60.1,59.8,60.4,50.0,41.2,58.8,0.946,10.6,0.247,9.54,8.28,14.0,0.225,7.01,6.87,0.0385,1.08,0.802,112.0,98.0,170,68,800,21.2,21.3,10.7,9.6,10.0,12.0,9.4,10.5,12.0,9.9,10.6,21.4,6.4,15.6,181.0,0.00367,0.194,20.3,0.0,0.0,36.2
60.4,59.4,61.4,76.7,76.4,77.0,58.4,57.2,59.6,50.1,50.6,49.6,0.92,10.8,0.249,9.25,8.62,14.2,0.223,6.82,6.15,0.0371,1.19,0.789,119.0,100.0,210,73,800,25.2,23.0,9.8,12.0,11.1,10.8,9.2,10.9,11.2,11.8,13.3,24.2,7.7,15.7,196.0,0.00362,0.2,19.2,0.0,0.0,23.6
55.0,54.4,55.6,73.7,73.4,74.0,53.6,53.4,53.8,54.2,54.6,53.8,0.724,8.5,0.209,7.45,7.22,11.3,0.204,5.73,5.38,0.0393,1.12,0.629,86.2,63.0,160,51,600,6.4,16.3,8.7,7.2,9.8,8.9,8.5,6.4,11.0,7.4,8.1,16.6,5.5,11.4,132.0,0.00379,0.211,18.4,0.0,0.0,27.1
69.1,68.6,69.6,72.7,72.0,73.4,59.6,60.8,58.4,50.6,46.2,55.0,0.993,10.6,0.259,9.46,8.44,14.7,0.234,6.94,6.73,0.0362,1.03,0.801,129.0,110.0,190,76,800,11.6,23.5,10.9,9.9,10.9,11.7,10.6,9.2,10.9,10.2,10.3,21.6,6.5,18.1,176.0,0.00333,0.193,21.7,0.0,0.0,40.4
66.9,66.6,67.2,73.3,72.4,74.2,61.5,60.6,62.4,50.3,51.4,49.2,0.97,10.7,0.258,9.77,8.23,14.5,0.24,6.61,5.91,0.0391,1.13,0.785,136.0,110.0,340,140,800,51.7,18.2,9.0,9.5,11.1,9.9,10.0,10.8,11.7,9.3,11.6,20.8,5.6,11.5,201.0,0.00404,0.186,17.7,0.0,0.0,28.1
69.3,68.8,69.8,78.9,80.6,77.2,64.9,63.8,66.0,53.5,57.0,50.0,1.07,11.9,0.275,10.1,8.68,17.0,0.252,7.31,7.74,0.0361,1.16,0.868,230.0,200.0,600,230,1000,24.7,23.8,15.5,11.6,12.5,12.1,14.5,12.5,15.8,12.8,13.8,28.7,9.7,19.3,227.0,0.00279,0.223,26.5,0.0,0.0,49.1
50.5,49.6,51.4,56.1,56.4,55.8,51.0,50.6,51.4,33.7,38.0,29.4,0.547,7.09,0.159,6.42,5.79,8.28,0.155,4.68,3.77,0.0374,0.265,0.53,67.1,50.0,120,36,600,5.6,19.5,8.4,8.5,7.2,8.8,7.2,7.5,6.5,7.8,7.8,16.3,5.0,12.6,129.0,0.00404,0.181,4.36,0.0,0.0,17.2
70.0,70.2,69.8,81.8,81.0,82.6,68.6,68.6,68.6,55.5,54.0,57.0,1.05,11.8,0.301,10.2,8.93,17.6,0.271,7.01,7.47,0.0362,1.07,0.86,255.0,220.0,580,290,1000,43.6,25.6,13.6,10.3,10.0,11.2,10.4,11.8,12.7,10.6,10.7,23.6,7.4,17.3,219.0,0.00568,0.205,22.7,0.0,0.0,27.7
68.6,68.6,68.6,66.0,66.0,66.0,68.3,70.2,66.4,34.6,31.0,38.2,0.74,9.01,0.222,7.94,7.35,11.8,0.212,5.87,5.54,0.037,0.313,0.654,139.0,110.0,340,130,800,72.7,19.2,8.7,7.8,8.1,10.8,9.4,8.1,8.3,9.2,6.3,17.6,5.0,11.4,203.0,0.00377,0.193,0.0,0.0,0.0,0.0
68.8,70.4,67.2,80.9,81.0,80.8,64.6,65.0,64.2,57.2,53.4,61.0,1.14,12.0,0.325,10.1,8.98,17.3,0.293,7.12,7.59,0.0359,1.19,0.901,262.0,230.0,600,310,1000,42.9,23.1,12.8,12.8,10.8,12.1,12.6,11.3,11.5,12.0,11.7,24.9,8.2,17.0,224.0,0.00383,0.192,23.6,0.0,0.0,39.0
58.1,55.4,60.8,55.8,55.0,56.6,51.7,50.4,53.0,33.8,31.6,36.0,0.589,7.51,0.173,6.8,5.98,8.82,0.167,4.78,3.89,0.0365,0.274,0.549,62.1,46.0,100,38,600,6.7,17.7,7.2,7.6,7.3,8.6,7.4,8.0,9.3,7.5,8.2,16.5,5.3,12.5,130.0,0.00394,0.183,4.33,0.0,0.0,9.18
51.7,49.2,54.2,63.5,65.4,61.6,54.3,51.6,57.0,47.1,50.6,43.6,0.767,8.75,0.234,7.73,7.33,11.3,0.228,5.9,4.93,0.038,0.365,0.656,87.0,70.0,210,46,600,31.9,17.1,9.6,8.8,9.7,8.5,7.1,8.0,8.0,10.4,7.8,19.8,7.0,9.8,164.0,0.00382,0.182,0.0,0.0,0.0,21.1
51.3,51.8,50.8,63.9,62.2,65.6,54.3,54.8,53.8,47.4,53.8,41.0,0.764,8.65,0.209,7.78,6.94,10.6,0.187,6.03,5.75,0.0389,0.966,0.667,66.6,51.0,150,45,600,5.8,16.6,7.8,7.3,6.8,8.3,7.7,8.2,8.5,10.2,8.8,17.1,6.8,11.1,131.0,0.0034,0.196,11.9,0.0,0.0,17.3
68.9,68.0,69.8,76.4,77.2,75.6,65.6,66.2,65.0,55.1,52.8,57.4,1.1,12.0,0.317,10.1,9.33,18.1,0.312,7.06,7.56,0.0361,1.15,0.895,198.0,160.0,240,98,1000,8.4,26.6,14.2,14.0,13.4,15.6,14.7,11.7,11.9,14.9,10.6,28.7,8.4,18.8,212.0,0.00334,0.198,17.8,0.0,0.0,27.4
59.3,59.0,59.6,62.8,63.6,62.0,61.0,60.0,62.0,34.9,29.0,40.8,0.771,9.12,0.209,8.05,7.33,11.6,0.196,5.78,5.38,0.0375,0.326,0.669,127.0,110.0,320,110,800,41.9,21.5,10.0,9.3,10.5,10.4,9.9,10.2,12.0,11.4,10.6,22.7,7.6,17.2,205.0,0.0039,0.196,3.93,0.0,0.0,11.9
49.7,50.0,49.4,64.3,62.8,65.8,51.9,54.4,49.4,38.2,31.4,45.0,0.59,7.31,0.184,6.56,6.36,9.15,0.157,5.15,4.61,0.0386,0.897,0.552,75.2,58.0,130,38,600,5.8,14.4,7.8,7.3,9.1,9.4,8.3,8.6,9.4,9.4,8.5,17.3,5.3,11.2,132.0,0.00374,0.194,2.94,0.0,0.0,8.15
68.1,69.2,67.0,73.1,71.4,74.8,66.0,65.4,66.6,48.8,55.0,42.6,1.02,11.4,0.317,9.79,9.24,17.9,0.292,6.93,7.04,0.0362,1.12,0.831,202.0,170.0,220,88,1000,8.3,27.9,13.3,13.4,12.4,15.0,12.1,13.0,14.1,13.3,13.6,27.1,8.8,17.6,210.0,0.00385,0.194,31.6,0.0,0.0,20.9
60.0,62.4,57.6,76.9,79.8,74.0,60.3,61.2,59.4,50.6,42.8,58.4,0.944,10.8,0.248,9.26,8.61,14.4,0.221,6.87,6.12,0.0372,1.19,0.811,130.0,110.0,300,120,800,56.7,20.0,10.0,10.1,10.2,9.9,8.3,9.9,11.3,9.7,10.5,20.9,6.6,14.6,209.0,0.00337,0.184,0.0,0.0,0.0,27.5
53.8,53.4,54.2,74.1,74.4,73.8,55.9,57.2,54.6,54.3,64.8,43.8,0.707,8.57,0.206,7.6,7.36,11.4,0.187,5.49,4.68,0.0383,0.948,0.652,74.2,58.0,140,46,600,6.0,17.5,7.8,8.4,8.5,6.8,7.6,7.0,9.5,10.9,8.1,16.5,6.1,10.8,132.0,0.00394,0.202,17.5,0.0,0.0,25.1
55.6,56.0,55.2,56.9,57.2,56.6,56.8,55.6,58.0,35.7,29.2,42.2,0.612,7.69,0.182,6.81,6.05,9.13,0.175,4.91,3.99,0.0374,0.281,0.565,60.1,45.0,97,38,600,6.4,17.8,7.3,9.0,7.7,8.2,7.1,7.4,8.6,6.2,9.1,16.7,6.2,12.3,130.0,0.00266,0.181,2.79,0.0,0.0,8.76
71.3,71.4,71.2,72.7,72.6,72.8,65.7,67.8,63.6,55.0,55.2,54.8,1.05,11.4,0.328,9.71,9.18,17.6,0.298,6.58,6.56,0.037,1.05,0.838,242.0,190.0,310,120,1000,9.3,29.3,14.9,14.1,13.2,13.2,12.6,12.5,12.1,13.3,13.5,27.6,8.5,19.0,213.0,0.00409,0.189,17.2,0.0,0.0,27.4
52.5,51.8,53.2,60.9,59.4,62.4,54.7,54.6,54.8,36.4,31.6,41.2,0.596,7.49,0.184,6.61,6.42,9.25,0.16,5.19,4.78,0.0387,0.903,0.553,71.2,54.0,100,36,600,4.9,16.2,7.8,7.1,8.6,8.7,8.4,8.7,8.6,10.8,8.3,16.1,5.0,10.2,129.0,0.00325,0.192,2.92,0.0,0.0,8.84
71.5,71.4,71.6,80.4,80.8,80.0,66.8,66.8,66.8,51.8,56.8,46.8,1.11,11.7,0.321,10.3,9.01,17.6,0.293,7.15,7.38,0.0368,1.24,0.865,250.0,220.0,590,290,1000,30.8,24.8,14.1,11.0,13.2,11.4,13.0,12.7,13.3,10.0,12.6,25.8,7.6,16.3,217.0,0.00353,0.201,0.0,0.0,0.0,38.4
51.6,46.8,56.4,63.0,60.6,65.4,56.7,58.2,55.2,45.2,44.2,46.2,0.781,8.64,0.233,7.79,7.38,11.2,0.223,5.85,4.97,0.039,0.992,0.656,99.9,82.0,260,92,600,65.0,14.5,7.1,8.3,7.4,6.9,5.7,7.3,6.9,7.6,7.3,14.8,4.8,9.2,173.0,0.0038,0.178,0.0,0.0,0.0,15.2
61.1,60.6,61.6,73.0,72.4,73.6,61.7,61.0,62.4,46.8,52.4,41.2,0.92,10.7,0.254,9.95,8.19,14.4,0.234,6.79,5.97,0.0386,1.17,0.795,116.0,100.0,280,97,800,39.2,19.8,12.6,10.8,10.9,9.7,11.3,9.7,9.9,13.2,10.2,22.3,7.5,14.3,201.0,0.00333,0.18,13.6,0.0,0.0,0.0
60.8,59.8,61.8,81.3,82.4,80.2,60.3,60.6,60.0,54.1,47.0,61.2,0.915,10.4,0.248,9.49,8.22,14.0,0.249,6.5,6.09,0.0385,1.17,0.792,123.0,100.0,210,67,800,22.1,21.6,9.9,10.9,11.6,12.0,12.1,11.5,11.3,12.3,11.0,25.9,8.1,13.8,194.0,0.00381,0.196,23.5,0.0,0.0,0.0
57.6,57.2,58.0,68.1,68.6,67.6,52.8,53.0,52.6,44.3,48.6,40.0,0.76,8.62,0.213,8.0,6.94,10.9,0.198,6.04,5.6,0.0373,0.309,0.639,103.0,87.0,230,71,600,32.8,17.1,7.8,6.9,8.3,7.6,8.1,8.3,8.2,9.8,6.7,16.3,5.9,9.5,153.0,0.00276,0.194,0.0,0.0,0.0,21.5
55.7,55.6,55.8,58.2,56.6,59.8,53.1,51.8,54.4,34.0,38.8,29.2,0.639,7.99,0.193,7.27,6.45,9.62,0.178,5.07,4.18,0.0386,0.291,0.589,57.9,44.0,110,39,600,6.7,14.3,7.8,8.0,7.9,7.5,8.2,8.0,8.6,7.7,9.1,16.3,5.4,12.1,128.0,0.00318,0.184,3.01,0.0,0.0,8.87
54.0,54.4,53.6,59.9,61.6,58.2,67.9,68.4,67.4,39.6,32.8,46.4,0.731,9.02,0.209,8.22,6.82,10.7,0.197,6.05,5.16,0.0368,1.13,0.653,141.0,96.0,530,110,600,64.6,13.3,6.3,7.0,7.2,6.6,7.0,7.3,7.0,7.2,7.6,15.0,5.1,11.2,172.0,0.00405,0.202,0.0,0.0,0.0,0.0
66.8,66.4,67.2,74.9,73.8,76.0,63.1,62.4,63.8,53.1,50.6,55.6,0.93,10.7,0.259,9.1,8.21,14.5,0.235,6.42,5.73,0.0379,1.11,0.779,168.0,140.0,420,200,800,47.7,19.5,9.7,9.1,11.6,9.3,9.9,9.3,9.8,8.5,7.4,19.8,6.2,13.6,191.0,0.00349,0.176,0.0,0.0,0.0,0.0
54.7,54.4,55.0,61.8,62.0,61.6,50.0,49.4,50.6,42.5,41.2,43.8,0.735,8.83,0.225,8.06,7.09,11.3,0.205,5.93,5.4,0.0388,0.323,0.674,96.5,79.0,270,88,600,60.6,18.8,7.8,6.7,10.3,7.7,5.8,6.6,6.9,7.4,9.0,15.9,5.6,10.6,180.0,0.00196,0.189,0.0,0.0,0.0,0.0
69.2,67.2,71.2,81.2,82.0,80.4,66.7,67.8,65.6,51.4,42.0,60.8,1.14,12.0,0.293,10.6,9.0,17.3,0.278,7.39,7.44,0.0385,1.2,0.911,233.0,210.0,500,260,1000,42.9,27.0,10.9,11.5,13.4,14.4,11.3,11.0,12.1,13.5,10.7,24.7,7.7,15.1,226.0,0.00399,0.206,16.7,0.0,0.0,34.9
55.4,53.0,57.8,71.3,72.4,70.2,52.3,51.0,53.6,50.9,50.6,51.2,0.811,8.94,0.239,8.0,7.26,11.4,0.217,5.59,4.58,0.0382,0.93,0.668,84.1,62.0,140,39,600,6.0,19.5,8.1,7.9,6.9,7.8,7.6,8.6,6.5,9.2,7.4,17.9,6.7,10.4,131.0,0.00292,0.191,28.8,0.0,0.0,22.3
52.2,51.2,53.2,72.2,72.6,71.8,53.7,55.2,52.2,50.2,50.0,50.4,0.767,8.6,0.206,7.34,7.36,10.4,0.181,5.95,5.45,0.0364,1.04,0.658,97.4,83.0,230,58,600,39.5,18.5,8.7,7.2,7.3,7.7,7.3,9.5,9.8,8.9,7.3,16.6,5.3,12.6,166.0,0.00424,0.183,0.0,0.0,0.0,26.4
58.6,59.2,58.0,57.8,55.6,60.0,53.5,53.4,53.6,34.7,30.8,38.6,0.586,6.79,0.183,6.3,5.91,8.84,0.165,4.82,4.34,0.0371,0.273,0.523,85.8,64.0,120,41,600,6.0,15.6,6.3,9.7,7.8,7.8,8.4,8.4,8.2,8.4,7.9,18.2,5.9,11.2,130.0,0.00374,0.192,0.0,0.0,0.0,16.4
53.1,54.4,51.8,60.5,60.2,60.8,53.1,53.2,53.0,36.1,28.6,43.6,0.56,6.76,0.165,6.03,5.53,8.01,0.148,4.44,3.86,0.0368,0.943,0.502,78.6,68.0,150,47,600,28.6,15.8,8.8,8.2,7.8,8.9,6.2,8.6,8.4,8.8,8.7,19.4,5.9,12.9,157.0,0.00346,0.171,3.93,0.0,0.0,11.8
50.2,51.4,49.0,69.6,70.4,68.8,51.9,51.8,52.0,50.9,50.8,51.0,0.794,8.75,0.224,7.79,7.09,10.9,0.201,5.93,5.35,0.0383,1.08,0.678,107.0,95.0,270,82,600,50.5,13.5,8.8,9.9,8.9,9.3,6.7,6.6,8.8,8.8,8.4,18.2,5.7,10.0,174.0,0.00263,0.19,0.0,0.0,0.0,23.6
53.1,52.4,53.8,67.0,66.0,68.0,51.0,50.2,51.8,49.6,55.0,44.2,0.775,8.76,0.236,7.96,7.33,11.2,0.211,5.59,4.59,0.0382,0.92,0.668,81.7,60.0,140,46,600,4.6,20.8,9.1,9.5,6.9,8.4,6.9,9.7,7.8,8.1,8.4,16.7,5.1,10.9,133.0,0.00395,0.207,14.4,0.0,0.0,25.3
54.1,52.2,56.0,71.4,71.2,71.6,54.9,55.0,54.8,49.2,48.8,49.6,0.738,8.71,0.205,7.51,7.12,10.7,0.181,5.81,5.43,0.0387,0.323,0.651,71.4,56.0,150,46,600,6.7,15.2,9.3,7.0,7.2,7.5,6.8,8.1,9.6,8.7,7.9,17.2,5.6,10.7,128.0,0.00436,0.192,13.7,0.0,0.0,21.9
71.8,72.2,71.4,75.5,76.8,74.2,66.1,66.4,65.8,51.2,54.0,48.4,1.05,11.5,0.324,9.93,9.15,17.7,0.3,6.88,7.27,0.0373,1.12,0.831,243.0,210.0,670,290,1000,31.9,28.8,13.9,13.2,12.8,11.5,13.1,11.9,12.5,12.3,13.3,25.9,6.8,16.9,225.0,0.00467,0.188,0.0,0.0,0.0,24.2
52.5,54.6,50.4,70.2,71.0,69.4,56.8,56.2,57.4,49.6,56.4,42.8,0.754,8.67,0.229,7.8,7.2,11.1,0.207,5.58,4.57,0.0391,0.916,0.665,73.5,54.0,160,46,600,7.6,17.3,9.0,9.0,8.6,6.7,7.8,8.9,8.0,7.4,7.9,16.5,6.0,10.4,131.0,0.00455,0.216,14.6,0.0,0.0,23.6
66.5,66.6,66.4,78.1,79.6,76.6,68.1,68.2,68.0,48.9,47.0,50.8,0.966,10.6,0.267,9.65,8.2,14.7,0.249,6.96,6.78,0.0365,1.16,0.801,149.0,130.0,350,160,800,71.0,17.7,9.4,7.2,7.4,9.1,7.8,9.6,8.3,8.6,9.0,18.1,4.9,12.5,201.0,0.004,0.207,11.4,0.0,0.0,22.8
59.4,60.8,58.0,69.8,68.2,71.4,59.4,58.6,60.2,51.0,50.4,51.6,0.808,8.82,0.236,7.99,7.07,11.3,0.222,5.71,4.68,0.0381,0.931,0.66,121.0,100.0,300,110,600,68.0,14.9,7.11,7.33,7.0,6.67,6.67,6.89,7.0,7.33,5.89,13.2,5.22,11.1,174.0,0.00472,0.182,0.0,0.0,0.0,18.4
54.1,56.8,51.4,67.6,66.6,68.6,53.2,52.8,53.6,51.2,58.4,44.0,0.773,8.67,0.216,7.77,6.99,11.0,0.201,5.8,5.42,0.0386,1.05,0.666,102.0,81.0,290,88,600,58.6,17.2,8.0,7.3,8.3,7.6,8.6,6.5,8.5,7.6,7.0,14.5,5.4,12.5,178.0,0.00392,0.184,0.0,0.0,0.0,23.4
68.2,67.8,68.6,64.9,64.2,65.6,68.1,66.8,69.4,35.5,32.8,38.2,0.757,8.95,0.206,7.88,7.37,11.3,0.19,5.86,5.31,0.0385,0.32,0.667,146.0,120.0,360,150,800,70.3,18.5,9.1,7.2,9.6,8.3,7.7,8.0,9.9,10.8,7.1,18.0,5.6,13.4,204.0,0.00335,0.198,3.93,0.0,0.0,9.24
50.9,52.0,49.8,70.8,70.8,70.8,72.7,72.8,72.6,55.6,54.4,56.8,0.698,8.5,0.193,7.94,6.71,10.6,0.176,5.81,5.4,0.0383,1.05,0.648,119.0,98.0,310,110,600,64.8,16.0,6.7,7.5,7.4,6.9,6.5,8.3,7.9,7.5,7.7,14.6,5.5,10.9,178.0,0.00294,0.202,0.0,0.0,0.0,0.0
