Avg Host Node1 CPU Usage,Host Node1 CPU 0 Usage,Host Node1 CPU 1 Usage,Avg Host Node2 CPU Usage,Host Node2 CPU 0 Usage,Host Node2 CPU 1 Usage,Avg Host Node3 CPU Usage,Host Node3 CPU 0 Usage,Host Node3 CPU 1 Usage,checkoutservice CPU Usage,currencyservice CPU Usage,emailservice CPU Usage,frontend 1 CPU Usage,frontend 2 CPU Usage,loadgenerator CPU Usage,paymentservice CPU Usage,productcatalogservice CPU Usage,recommendationservice 1 CPU Usage,recommendationservice 2 CPU Usage,redis-cart CPU Usage,shippingservice CPU Usage,Average Response Time,Median Response Time,Current Response Time Percentile 95,Current Response Time Percentile 50,Number of Users,current_rps GET /,current_rps GET /cart,current_rps GET /product/0PUK6V6EV0,current_rps GET /product/1YMWWN1N4O,adservice CPU Usage,current_rps GET /product/2ZYFJ3GM2N,current_rps GET /product/66VCHSJNUP,current_rps GET /product/6E92ZMYYFZ,current_rps GET /product/9SIQT8TOJO,current_rps GET /product/L9ECAV7KIM,current_rps GET /product/LS4PSXUNUM,current_rps GET /product/OLJCESPC7Z,current_rps POST /cart,current_rps POST /cart/checkout,current_rps POST /setCurrency,current_rps Aggregated,StressNG 1 CPU Usage,StressNG 2 CPU Usage,StressNG 3 CPU Usage
23.7,27.0,20.4,27.9,33.2,22.6,23.4,25.3,21.5,0.00705,0.0113,0.033,0.00719,0.00752,0.0768,0.0155,0.00714,0.0396,0.0355,0.23,0.0113,7.48,5,6,6,25,0.0,0.0,0.0,0.4,0.0435,0.0,0.6,0.0,0.0,0.0,0.0,0.0,0.0,0.4,0.0,0.0,0,0,0
23.3,21.6,25.0,28.3,32.8,23.8,23.0,21.2,24.8,0.00711,0.0144,0.0327,0.00698,0.0101,0.0942,0.0126,0.0079,0.0396,0.0357,0.228,0.0119,6.89,5,8,6,25,5.8,0.8,0.6,0.0,0.0452,0.6,0.6,0.8,0.4,1.4,0.8,0.2,0.4,0.2,1.0,13.0,0,0,0
23.4,18.6,28.2,28.0,28.0,28.0,23.4,21.2,25.6,0.00645,0.0144,0.0328,0.00688,0.01,0.119,0.0126,0.0067,0.0405,0.0357,0.229,0.0111,6.82,5,11,6,25,3.0,0.6,0.6,0.3,0.0484,0.4,0.1,0.7,0.3,0.7,0.6,0.4,0.6,0.4,0.6,9.3,0,0,0
23.1,27.0,19.2,25.7,22.8,28.6,22.3,26.8,17.8,0.00692,0.0144,0.0327,0.00718,0.00994,0.15,0.0139,0.00671,0.0392,0.0356,0.228,0.0115,6.94,5,20,5,25,0.1,0.7,0.5,0.7,0.0476,0.2,0.3,0.3,0.2,0.2,0.4,0.3,0.6,0.5,0.5,5.5,0,0,0
23.7,23.8,23.6,26.4,29.6,23.2,23.3,25.4,21.2,0.00639,0.0143,0.0327,0.00771,0.0101,0.176,0.0147,0.00733,0.0394,0.0356,0.228,0.012,7.1,6,20,6,25,0.2,1.2,0.3,0.4,0.0494,0.5,0.4,0.0,0.3,0.4,0.3,0.2,0.7,0.3,0.6,5.8,0,0,0
24.0,26.0,22.0,28.0,28.0,28.0,24.3,25.8,22.8,0.00595,0.0152,0.0326,0.00724,0.0101,0.2,0.0112,0.00678,0.0395,0.0356,0.228,0.0115,7.02,6,16,6,25,0.2,0.7,0.1,0.1,0.0495,0.6,0.5,0.1,0.3,0.5,0.2,0.4,0.9,0.5,0.4,5.5,0,0,0
23.9,27.4,20.4,26.0,23.4,28.6,22.2,24.0,20.4,0.0069,0.0143,0.0327,0.00705,0.0103,0.219,0.0112,0.00735,0.0395,0.0356,0.227,0.0116,7.19,6,16,6,25,0.4,0.4,0.2,0.6,0.0396,0.2,0.3,0.3,0.1,0.7,0.3,0.4,0.5,0.5,0.4,5.3,0,0,0
23.5,20.0,27.0,26.6,22.4,30.8,24.7,20.8,28.6,0.00696,0.0152,0.0324,0.0083,0.00977,0.24,0.0113,0.00735,0.0397,0.0352,0.226,0.0119,7.31,6,21,6,25,0.4,0.6,0.4,0.6,0.0397,0.2,0.0,0.3,0.1,0.8,0.2,0.4,0.3,0.1,0.4,4.8,0,0,0
23.5,27.6,19.4,28.1,28.6,27.6,23.7,25.6,21.8,0.00644,0.0142,0.0325,0.00841,0.0107,0.266,0.0113,0.00678,0.0387,0.0353,0.228,0.012,7.32,6,18,6,25,0.2,0.8,0.2,0.2,0.0412,0.5,0.1,0.3,0.3,0.6,0.0,0.2,0.6,0.0,0.3,4.3,0,0,0
23.7,28.4,19.0,27.8,21.8,33.8,24.0,23.0,25.0,0.00664,0.0152,0.0325,0.00861,0.0107,0.294,0.0121,0.00678,0.0395,0.0353,0.23,0.012,7.28,6,15,6,25,0.2,0.9,0.1,0.4,0.0398,0.5,0.2,0.4,0.4,0.8,0.1,0.2,1.2,0.3,0.2,5.9,0,0,0
22.7,21.8,23.6,27.4,22.4,32.4,22.1,21.2,23.0,0.00645,0.0144,0.0324,0.00883,0.0105,0.32,0.0112,0.00681,0.0396,0.0355,0.228,0.0113,7.43,6,21,6,25,0.1,0.7,0.3,0.3,0.0403,0.4,0.2,0.2,0.4,0.8,0.1,0.5,1.2,0.7,0.3,6.2,0,0,0
23.9,21.8,26.0,27.1,31.2,23.0,25.1,23.8,26.4,0.00708,0.0144,0.0328,0.00855,0.00996,0.35,0.012,0.0075,0.0397,0.0356,0.227,0.0113,7.59,6,24,7,25,0.2,0.9,0.2,0.3,0.0429,0.6,0.1,0.2,0.5,0.4,0.2,0.5,0.8,0.6,0.4,5.9,0,0,0
24.4,21.0,27.8,26.5,27.0,26.0,22.7,21.4,24.0,0.00748,0.0144,0.0329,0.00881,0.0106,0.383,0.0112,0.00696,0.0398,0.0357,0.23,0.0111,7.56,6,18,6,25,0.1,0.9,0.2,0.5,0.0413,0.6,0.4,0.2,0.5,0.4,0.3,0.4,0.9,0.4,0.3,6.1,0,0,0
23.6,26.0,21.2,28.3,26.4,30.2,24.1,23.7,24.5,0.00682,0.0157,0.0328,0.0086,0.0106,0.41,0.012,0.00822,0.0388,0.0358,0.228,0.0108,7.54,6,16,6,25,0.2,0.6,0.5,0.4,0.043,0.3,0.9,0.0,0.5,0.4,0.3,0.4,0.6,0.3,0.2,5.6,0,0,0
23.6,19.4,27.8,27.1,30.2,24.0,22.1,18.3,25.9,0.0079,0.0147,0.0327,0.00916,0.0105,0.436,0.0115,0.00771,0.0397,0.0356,0.228,0.0111,7.49,6,16,6,25,0.2,0.5,0.4,0.1,0.0432,0.7,0.7,0.0,0.4,0.6,0.5,0.4,0.7,0.3,0.4,5.9,0,0,0
22.0,18.8,25.2,26.5,28.4,24.6,23.3,20.6,26.0,0.00794,0.0157,0.0329,0.00883,0.0108,0.455,0.0107,0.00772,0.0397,0.0359,0.227,0.0112,7.45,6,11,6,25,0.3,0.8,0.2,0.2,0.042,0.4,0.3,0.0,0.2,0.6,0.3,0.3,0.8,0.3,0.3,5.0,0,0,0
24.2,26.4,22.0,28.6,27.2,30.0,23.2,22.8,23.6,0.0074,0.0146,0.033,0.00922,0.0106,0.482,0.0107,0.00772,0.0398,0.0359,0.229,0.0119,7.52,6,16,6,25,0.6,0.9,0.3,0.3,0.0422,0.4,0.2,0.1,0.2,0.4,0.1,0.1,0.6,0.0,0.4,4.6,0,0,0
23.5,21.0,26.0,26.2,26.6,25.8,23.4,26.2,20.6,0.00696,0.0155,0.0332,0.00772,0.0107,0.499,0.0116,0.00826,0.0396,0.036,0.228,0.0111,7.58,6,17,6,25,0.5,0.6,0.3,0.2,0.0518,0.6,0.3,0.1,0.5,0.3,0.4,0.5,1.1,0.3,0.4,6.1,0,0,0
23.8,24.0,23.6,27.7,23.8,31.6,23.3,22.8,23.8,0.00691,0.0145,0.0333,0.00902,0.0103,0.541,0.0107,0.0076,0.0401,0.0362,0.228,0.0117,7.63,6,17,6,25,0.2,0.6,0.2,0.3,0.0508,0.3,0.4,0.1,0.7,0.2,0.4,0.6,1.3,0.7,0.3,6.3,0,0,0
23.8,21.4,26.2,28.1,27.8,28.4,24.3,21.2,27.4,0.00717,0.0154,0.0332,0.00865,0.0102,0.562,0.0116,0.0076,0.0401,0.0364,0.226,0.0111,7.66,6,20,6,25,0.0,0.5,0.2,0.5,0.0505,0.4,0.4,0.2,0.5,0.2,0.6,0.3,1.3,0.5,0.3,5.9,0,0,0
24.1,21.2,27.0,28.3,25.0,31.6,21.7,19.2,24.2,0.0073,0.0123,0.0337,0.00909,0.00816,0.539,0.0102,0.00671,0.0411,0.0366,0.228,0.0104,5.5,5,0,0,50,0.0,0.0,0.0,0.0,0.0481,0.0,0.0,0.0,0.0,0.0,0.0,0.0,0.0,0.0,0.0,0.0,0,0,0
26.3,31.0,21.6,26.5,30.6,22.4,23.4,26.6,20.2,0.00778,0.0115,0.0335,0.00855,0.00819,0.544,0.00943,0.00658,0.0402,0.0367,0.229,0.0103,5.84,5,12,5,50,14.0,2.75,1.75,1.25,0.0463,0.5,1.5,2.0,0.75,0.5,0.5,1.25,2.25,0.75,0.75,30.5,0,0,0
23.1,23.8,22.4,26.6,23.8,29.4,22.2,24.4,20.0,0.00778,0.0106,0.0336,0.00896,0.00806,0.574,0.00943,0.00658,0.04,0.0368,0.227,0.0106,6.17,5,15,6,50,6.22,1.44,1.22,0.889,0.0477,0.556,1.22,1.22,0.333,0.778,0.444,0.667,1.67,0.778,0.778,18.2,0,0,0
24.5,25.4,23.6,26.8,30.4,23.2,24.4,28.4,20.4,0.00676,0.0115,0.0337,0.00895,0.00826,0.605,0.0102,0.00723,0.04,0.0368,0.227,0.0102,6.73,5,19,6,50,0.2,1.1,1.0,0.8,0.0476,0.6,1.1,0.6,0.3,0.8,0.4,0.6,1.0,0.5,1.2,10.2,0,0,0
25.2,22.4,28.0,29.7,26.0,33.4,22.6,21.6,23.6,0.00732,0.0106,0.0337,0.00782,0.00846,0.632,0.00941,0.00774,0.0401,0.0368,0.23,0.00991,6.99,5,22,6,50,0.2,1.7,0.7,0.8,0.0478,0.8,0.9,1.0,0.7,0.7,0.8,0.6,1.1,0.2,1.0,11.2,0,0,0
24.2,27.0,21.4,25.5,23.2,27.8,24.5,24.2,24.8,0.00777,0.0117,0.0339,0.0078,0.00723,0.655,0.0102,0.00774,0.0401,0.0369,0.23,0.0103,7.03,5,22,6,50,0.2,1.3,0.7,0.7,0.0478,1.1,0.6,1.1,0.6,0.6,1.1,0.5,2.0,0.4,0.7,11.6,0,0,0
24.5,23.6,25.4,27.3,25.0,29.6,22.9,25.0,20.8,0.00779,0.0106,0.0339,0.0075,0.00753,0.683,0.0103,0.00774,0.0401,0.0371,0.227,0.0104,7.19,5,22,6,50,0.2,1.2,0.8,0.7,0.0476,1.0,0.5,0.7,0.6,0.4,1.2,0.4,1.9,0.3,0.9,10.8,0,0,0
26.1,28.4,23.8,27.6,27.6,27.6,25.2,20.4,30.0,0.008,0.0144,0.0339,0.00711,0.00786,0.697,0.0103,0.00776,0.04,0.0368,0.227,0.0111,7.23,5,22,6,50,0.3,1.8,0.5,0.5,0.0476,0.6,0.4,0.6,0.7,0.6,1.2,0.3,1.6,0.1,0.9,10.1,0,0,0
23.4,25.4,21.4,27.6,28.0,27.2,22.4,21.0,23.8,0.00737,0.0147,0.0336,0.0075,0.0077,0.721,0.0102,0.00707,0.0399,0.0368,0.228,0.0117,7.24,5,18,6,50,0.7,1.3,0.9,0.4,0.0464,0.7,0.6,0.4,0.6,1.1,0.7,0.7,1.7,0.2,1.4,11.4,0,0,0
24.4,23.0,25.8,27.8,26.8,28.8,24.7,22.0,27.4,0.00819,0.0147,0.0337,0.00704,0.00696,0.741,0.0102,0.00759,0.0399,0.037,0.228,0.0113,7.37,6,21,6,50,0.5,1.0,0.9,0.5,0.0464,0.8,0.7,0.5,0.8,0.8,0.5,0.8,1.5,0.3,1.1,10.7,0,0,0
26.1,21.8,30.5,25.6,21.0,30.2,21.8,20.8,22.8,0.00798,0.0142,0.0336,0.00685,0.00723,0.729,0.0102,0.00681,0.041,0.0369,0.227,0.0116,7.34,6,21,6,50,0.2,1.2,0.5,0.6,0.0445,0.8,0.5,0.7,0.8,0.3,0.6,0.8,1.3,0.2,0.5,9.0,0,0,0
24.2,21.6,26.9,27.8,30.0,25.6,25.7,26.7,24.7,0.00731,0.0142,0.0339,0.00678,0.00803,0.766,0.00942,0.00681,0.04,0.0372,0.229,0.0116,7.41,6,18,6,50,0.2,1.5,0.4,0.7,0.0458,0.8,0.5,1.0,0.3,0.5,0.6,0.6,1.1,0.1,0.4,8.7,0,0,0
24.2,26.4,22.0,28.6,31.8,25.4,22.4,23.4,21.4,0.00727,0.0132,0.0337,0.00678,0.00787,0.791,0.00942,0.00631,0.0398,0.0371,0.227,0.0113,7.54,6,21,6,50,0.4,2.0,0.7,0.7,0.0455,0.3,0.9,1.2,0.4,0.7,0.4,0.4,0.9,0.3,0.3,9.6,0,0,0
23.8,23.2,24.4,27.9,27.6,28.2,23.2,25.1,21.3,0.00771,0.0143,0.0338,0.00675,0.00813,0.805,0.0102,0.00682,0.04,0.037,0.229,0.0107,7.5,6,19,6,50,0.5,2.2,0.7,0.5,0.0459,0.5,0.8,0.6,0.5,1.1,0.7,0.6,0.8,0.3,0.7,10.5,0,0,0
23.5,19.8,27.2,26.1,23.6,28.6,23.1,21.8,24.4,0.00699,0.0134,0.0339,0.00675,0.00817,0.847,0.0102,0.00627,0.0411,0.0371,0.226,0.0111,7.6,6,17,6,50,0.4,1.7,0.7,0.4,0.0407,0.6,0.6,0.3,0.4,1.1,1.1,1.1,1.4,0.4,1.2,11.4,0,0,0
24.0,25.2,22.8,26.5,24.0,29.0,24.4,25.6,23.2,0.00765,0.0144,0.0339,0.00576,0.00808,0.846,0.0102,0.00629,0.0398,0.0371,0.228,0.0111,7.64,6,23,6,50,0.6,1.1,0.7,0.4,0.0407,0.4,0.6,0.6,0.5,0.8,0.7,1.0,1.4,0.5,1.2,10.5,0,0,0
24.4,26.6,22.2,26.8,28.2,25.4,22.2,24.4,20.0,0.00697,0.0135,0.0338,0.00572,0.00878,0.879,0.00934,0.00629,0.0398,0.0371,0.228,0.0111,7.64,6,21,6,50,0.7,1.1,0.7,0.6,0.0407,0.8,0.7,0.7,0.3,0.6,0.5,0.5,1.1,0.3,1.2,9.8,0,0,0
23.5,21.0,26.0,27.0,25.0,29.0,23.5,24.2,22.8,0.0076,0.0146,0.0339,0.00648,0.00858,0.903,0.0102,0.00629,0.0399,0.0371,0.227,0.0107,7.64,6,19,6,50,0.5,1.5,0.6,0.8,0.0405,0.8,0.7,0.6,0.4,0.6,0.5,0.5,1.1,0.2,1.1,9.9,0,0,0
23.4,19.4,27.4,29.2,31.6,26.8,23.4,21.6,25.2,0.00695,0.0136,0.034,0.00686,0.00878,0.95,0.0119,0.00729,0.0389,0.037,0.229,0.012,7.67,6,19,6,50,0.6,1.7,1.1,0.5,0.0404,0.9,0.4,0.6,0.5,0.5,0.7,0.8,0.8,0.1,0.5,9.7,0,0,0
24.0,26.0,22.0,26.0,22.6,29.4,23.5,25.4,21.6,0.00695,0.0127,0.0337,0.00652,0.0085,1.0,0.0119,0.00628,0.0396,0.037,0.232,0.0123,7.65,6,18,6,50,0.8,1.4,1.1,0.4,0.039,0.8,0.3,0.5,0.6,0.3,0.8,1.1,1.1,0.2,0.7,10.1,0,0,0
28.3,25.6,31.0,27.7,27.6,27.8,24.3,23.8,24.8,0.00792,0.0158,0.0338,0.00657,0.00849,0.974,0.0113,0.00638,0.0394,0.0373,0.225,0.0126,7.79,6,22,6,100,34.7,5.33,2.0,3.0,0.0803,4.0,3.0,2.33,4.0,4.0,2.33,2.33,5.67,2.0,4.0,78.7,0,0,0
25.4,23.0,27.8,29.7,32.4,27.0,23.8,23.2,24.4,0.00748,0.0195,0.0337,0.00648,0.0088,1.02,0.0105,0.00638,0.0395,0.0375,0.228,0.0134,7.86,6,21,6,100,13.4,4.0,1.5,2.0,0.0788,2.13,1.75,1.75,2.0,1.88,1.38,1.63,3.75,1.25,3.25,41.6,0,0,0
26.6,29.4,23.8,25.9,30.0,21.8,23.9,25.6,22.2,0.011,0.0195,0.0336,0.00651,0.00816,1.07,0.0105,0.00702,0.0395,0.0374,0.228,0.013,7.9,6,21,6,100,0.7,2.7,1.3,1.5,0.0803,0.9,1.0,1.9,1.0,1.0,0.9,0.8,2.8,1.0,2.3,19.8,0,0,0
25.5,27.2,23.8,27.5,27.8,27.2,23.9,24.0,23.8,0.0112,0.0157,0.0337,0.00669,0.00814,1.13,0.0113,0.00648,0.0404,0.0375,0.229,0.0126,7.9,6,19,6,100,0.9,2.7,1.4,1.3,0.0803,1.0,1.1,2.0,1.6,1.5,1.4,1.1,3.0,0.8,1.8,21.6,0,0,0
25.2,28.6,21.8,28.2,26.4,30.0,24.0,21.0,27.0,0.0113,0.0158,0.0338,0.00689,0.00793,1.17,0.0105,0.00697,0.0395,0.0376,0.23,0.0119,7.81,6,19,6,100,0.9,2.1,0.9,1.6,0.079,1.5,1.2,1.4,1.6,1.6,2.2,1.6,3.2,0.8,1.5,22.1,0,0,0
25.7,26.8,24.6,27.5,23.2,31.8,22.8,24.0,21.6,0.0101,0.0158,0.0338,0.00726,0.00797,1.22,0.0113,0.00692,0.0394,0.0374,0.228,0.0125,7.86,6,20,6,100,0.7,2.6,1.4,1.6,0.0786,1.6,1.3,1.1,1.6,1.6,1.9,1.4,2.9,0.9,1.4,22.0,0,0,0
26.6,25.6,27.6,26.7,27.6,25.8,26.7,27.2,26.2,0.0106,0.0158,0.0339,0.00726,0.00805,1.31,0.0105,0.00645,0.0393,0.0375,0.231,0.0125,7.98,6,23,6,100,0.8,3.5,1.9,1.1,0.0822,1.6,1.5,1.3,1.6,1.3,1.2,1.3,3.1,0.8,1.4,22.4,0,0,0
24.1,21.8,26.4,27.2,28.0,26.4,23.6,23.6,23.6,0.0101,0.0158,0.0339,0.00723,0.0073,1.31,0.0105,0.00645,0.0394,0.0375,0.23,0.0116,7.94,6,22,6,100,0.7,2.7,1.2,1.6,0.0811,1.6,1.8,1.4,1.1,1.1,1.6,1.6,3.7,1.4,1.2,22.7,0,0,0
25.2,29.6,20.8,26.5,25.6,27.4,22.8,24.6,21.0,0.0107,0.0167,0.0339,0.00723,0.00743,1.38,0.0113,0.00694,0.0392,0.0374,0.229,0.0121,7.87,6,18,6,100,0.4,2.3,1.0,1.8,0.0827,1.4,1.8,1.7,0.9,1.2,1.1,1.9,2.7,0.9,1.6,20.7,0,0,0
25.4,24.2,26.6,29.1,25.4,32.8,23.7,24.4,23.0,0.0103,0.0156,0.034,0.00696,0.00772,1.43,0.0113,0.00643,0.0391,0.0374,0.229,0.0123,7.9,6,17,6,100,0.5,2.6,1.3,1.8,0.0821,1.4,1.9,1.8,1.1,1.3,0.5,1.6,2.4,0.6,1.8,20.6,0,0,0
25.4,26.0,24.8,27.6,22.2,33.0,24.1,28.4,19.8,0.0108,0.0166,0.0339,0.00746,0.00766,1.44,0.0105,0.00949,0.0382,0.037,0.233,0.0123,7.93,6,20,6,100,1.0,2.7,1.2,1.6,0.0774,1.7,1.5,1.4,1.3,1.7,0.9,1.2,2.8,1.0,2.2,22.2,0,0,0
24.0,20.4,27.6,27.3,29.6,25.0,23.8,26.0,21.6,0.0101,0.0157,0.0341,0.00749,0.00787,1.51,0.0105,0.00899,0.0391,0.0371,0.229,0.0114,7.91,6,19,6,100,1.3,2.7,0.8,0.9,0.0772,1.6,1.5,1.5,1.5,1.7,1.2,1.3,2.4,0.5,2.5,21.4,0,0,0
25.6,22.2,29.0,26.4,21.6,31.2,24.4,27.0,21.8,0.0106,0.0166,0.0341,0.00751,0.00761,1.52,0.0113,0.00956,0.0391,0.037,0.232,0.0119,7.87,6,18,6,100,1.1,3.1,1.4,1.3,0.0789,1.0,1.9,1.1,1.6,1.1,1.0,1.5,2.4,0.4,2.0,20.9,0,0,0
25.4,24.8,26.0,27.5,31.0,24.0,22.5,18.0,27.0,0.01,0.0164,0.034,0.00655,0.00742,1.58,0.0105,0.00956,0.0399,0.037,0.229,0.0124,7.85,6,18,6,100,1.0,2.5,1.7,1.4,0.0776,0.8,1.8,0.9,1.4,1.1,1.3,1.1,2.7,0.7,1.7,20.1,0,0,0
25.9,24.8,27.0,26.5,20.8,32.2,23.9,21.4,26.4,0.0106,0.0164,0.0341,0.00716,0.00722,1.65,0.0135,0.0091,0.039,0.0369,0.23,0.0112,7.79,6,16,6,100,1.0,2.8,1.8,1.0,0.0789,1.3,1.8,1.6,1.6,1.0,1.9,0.7,3.0,1.0,1.2,21.7,0,0,0
25.1,22.8,27.4,28.8,29.8,27.8,23.5,23.4,23.6,0.0106,0.0164,0.0343,0.00742,0.0074,1.68,0.0135,0.0091,0.0391,0.0369,0.227,0.0112,7.72,6,13,6,100,0.9,3.6,2.0,1.8,0.079,1.6,1.7,1.5,1.2,0.8,1.7,1.1,4.2,1.5,0.9,24.5,0,0,0
25.5,25.6,25.4,27.6,30.4,24.8,24.0,28.2,19.8,0.0106,0.0202,0.0342,0.007,0.00761,1.75,0.0143,0.00964,0.038,0.0367,0.229,0.012,7.72,6,15,6,100,0.8,3.4,1.5,1.9,0.0775,1.8,2.2,1.3,0.8,1.4,1.3,0.9,3.8,1.6,1.2,23.9,0,0,0
25.6,29.0,22.2,27.5,28.0,27.0,22.4,25.4,19.4,0.01,0.0181,0.0342,0.00746,0.0072,1.84,0.0135,0.00972,0.0388,0.0367,0.23,0.0115,7.72,6,20,6,100,1.0,2.5,1.7,1.6,0.0788,1.9,1.8,1.4,1.3,1.4,1.0,0.6,2.2,0.8,1.9,21.1,0,0,0
25.0,21.4,28.6,26.1,21.0,31.2,23.9,22.0,25.8,0.0106,0.0207,0.0344,0.00737,0.0072,1.92,0.0136,0.00972,0.0388,0.0368,0.228,0.0111,7.72,6,18,5,100,0.9,2.9,1.9,1.7,0.0787,1.0,1.0,1.1,1.2,1.4,1.3,1.3,1.9,0.5,2.0,20.1,0,0,0
22.9,26.2,19.6,27.9,26.0,29.8,23.7,24.0,23.4,0.00749,0.0109,0.0362,0.00877,0.00752,14.0,0.0148,0.00704,0.0395,0.0395,0.235,0.0109,7.87,5,6,6,25,0.0,0.0,0.0,0.0,0.0556,0.0,0.0,13.1,0.0,0.0,0.0,0.0,0.0,0.0,0.0,0.0,0,0,0
22.7,23.6,21.8,26.7,25.6,27.8,25.5,29.0,22.0,0.00688,0.0109,0.0361,0.00679,0.00777,13.0,0.0156,0.00704,0.0393,0.0395,0.235,0.0118,8.06,5,29,6,25,5.4,0.8,0.6,0.2,0.0376,0.4,0.8,0.0,0.4,0.4,1.2,0.4,0.6,0.2,0.6,12.0,0,0,0
23.9,23.4,24.4,26.9,25.4,28.4,21.8,24.8,18.8,0.00683,0.0109,0.0362,0.00798,0.00747,12.3,0.0147,0.00705,0.0393,0.0391,0.234,0.0123,7.43,5,16,6,25,3.0,0.7,0.5,0.2,0.0443,0.4,0.5,0.2,0.4,0.2,0.7,0.6,0.5,0.1,0.5,8.5,0,0,0
24.0,23.4,24.6,27.5,23.8,31.2,23.8,24.8,22.8,0.00692,0.0118,0.036,0.0081,0.00776,11.5,0.0157,0.00705,0.038,0.039,0.232,0.0114,7.3,5,13,6,25,0.4,0.7,0.4,0.3,0.0443,0.4,0.3,0.2,0.2,0.2,0.4,0.7,0.8,0.3,0.3,5.6,0,0,0
24.2,25.4,23.0,27.3,32.0,22.6,23.3,25.0,21.6,0.00689,0.0109,0.0359,0.00814,0.00739,10.7,0.0163,0.00659,0.0388,0.0393,0.235,0.0119,7.4,6,16,6,25,0.2,1.1,0.3,0.4,0.0428,0.5,0.3,0.1,0.1,0.6,0.3,0.8,0.8,0.4,0.3,6.2,0,0,0
23.8,24.8,22.8,25.8,30.2,21.4,24.6,27.2,22.0,0.00738,0.0119,0.0361,0.00791,0.00762,9.98,0.0163,0.00715,0.0385,0.0392,0.233,0.0115,7.45,6,19,6,25,0.2,1.0,0.1,0.4,0.0445,0.3,0.4,0.2,0.4,0.4,0.2,0.7,0.4,0.3,0.3,5.3,0,0,0
23.9,28.2,19.6,26.1,22.6,29.6,22.9,24.8,21.0,0.00692,0.011,0.0357,0.0075,0.00789,9.2,0.0152,0.00661,0.0383,0.039,0.232,0.0115,7.36,6,19,6,25,0.2,0.6,0.2,0.4,0.0444,0.4,0.5,0.3,0.4,0.3,0.1,0.3,0.8,0.5,0.2,5.2,0,0,0
23.5,18.4,28.6,26.6,22.6,30.6,24.1,25.2,23.0,0.0076,0.013,0.0357,0.00812,0.00745,8.36,0.016,0.00713,0.0372,0.0391,0.23,0.0113,7.35,6,17,5,25,0.0,0.5,0.2,0.3,0.042,0.4,0.3,0.5,0.4,0.5,0.2,0.7,1.1,0.4,0.2,5.7,0,0,0
23.5,18.0,29.0,27.3,25.8,28.8,21.9,21.6,22.2,0.00707,0.0121,0.0357,0.00791,0.00729,7.53,0.0151,0.00664,0.0382,0.0386,0.228,0.011,7.33,6,17,6,25,0.0,0.3,0.3,0.5,0.0418,0.4,0.2,0.4,0.3,0.6,0.3,0.9,1.1,0.3,0.4,6.0,0,0,0
23.7,22.4,25.0,28.4,32.8,24.0,24.8,23.4,26.2,0.0078,0.013,0.0352,0.00765,0.0076,6.43,0.0158,0.008,0.0379,0.039,0.23,0.0107,7.37,6,18,6,25,0.1,0.4,0.3,0.4,0.0491,0.2,0.3,0.1,0.3,0.6,0.2,0.5,0.9,0.4,0.4,5.1,0,0,0
23.9,25.8,22.0,24.4,19.6,29.2,21.8,24.8,18.8,0.0078,0.0121,0.0351,0.00808,0.0078,5.6,0.0149,0.00745,0.0379,0.0385,0.229,0.0112,7.39,6,18,6,25,0.2,0.5,0.1,0.4,0.049,0.1,0.3,0.4,0.5,0.5,0.2,0.9,0.6,0.3,0.4,5.4,0,0,0
24.3,24.4,24.2,28.1,26.6,29.6,24.7,26.8,22.6,0.00673,0.0131,0.0352,0.00818,0.00759,4.88,0.0156,0.00803,0.0381,0.0383,0.23,0.0113,7.54,6,21,6,25,0.2,0.6,0.4,0.3,0.0489,0.3,0.3,0.6,0.2,0.3,0.3,0.7,0.4,0.2,0.6,5.4,0,0,0
23.7,20.8,26.6,25.8,28.4,23.2,21.5,20.4,22.6,0.00734,0.0119,0.035,0.00771,0.00744,3.96,0.0146,0.00756,0.0377,0.0379,0.229,0.0112,7.57,6,19,6,25,0.1,0.5,0.7,0.4,0.0484,0.3,0.5,0.4,0.1,0.0,0.3,0.2,0.7,0.3,0.4,4.9,0,0,0
23.7,24.6,22.8,28.3,29.8,26.8,24.6,19.4,29.8,0.008,0.0127,0.0346,0.00705,0.00751,3.27,0.0154,0.00807,0.0377,0.038,0.229,0.0113,7.67,6,17,6,25,0.0,0.5,0.5,0.6,0.0469,0.1,0.6,0.2,0.3,0.3,0.3,0.5,0.9,0.3,0.2,5.3,0,0,0
23.8,26.2,21.4,27.7,23.6,31.8,23.8,26.0,21.6,0.00743,0.0117,0.0344,0.00799,0.00715,2.42,0.0145,0.00677,0.0377,0.038,0.23,0.0111,7.69,6,22,6,25,0.1,0.5,0.3,0.5,0.0465,0.3,0.4,0.4,0.4,0.6,0.2,0.6,1.0,0.3,0.3,5.9,0,0,0
24.0,26.4,21.6,25.7,27.0,24.4,24.9,24.6,25.2,0.00802,0.0131,0.0341,0.00728,0.00749,1.55,0.0138,0.00729,0.0377,0.0377,0.227,0.0107,7.61,6,17,6,25,0.2,0.5,0.2,0.5,0.0567,0.5,0.4,0.5,0.3,0.5,0.0,0.4,1.1,0.5,0.6,6.2,0,0,0
23.4,19.2,27.6,26.5,22.8,30.2,22.6,22.6,22.6,0.00758,0.0122,0.0341,0.00716,0.00728,0.717,0.0146,0.00673,0.0376,0.0375,0.228,0.0108,7.61,6,15,6,25,0.3,0.8,0.2,0.3,0.0563,0.6,0.4,0.5,0.3,0.5,0.0,0.2,0.6,0.3,0.7,5.7,0,0,0
23.5,24.2,22.8,25.8,23.0,28.6,22.5,23.2,21.8,0.00818,0.013,0.0341,0.00725,0.00704,0.538,0.0146,0.00726,0.0385,0.0372,0.229,0.0102,7.61,6,19,6,25,0.2,0.8,0.1,0.5,0.0547,0.4,0.1,0.6,0.2,0.5,0.5,0.2,0.2,0.0,0.8,5.1,0,0,0
24.5,25.6,23.4,26.4,27.2,25.6,22.6,20.0,25.2,0.00749,0.0122,0.034,0.00707,0.00731,0.564,0.0154,0.00674,0.0374,0.0373,0.228,0.0115,7.55,6,18,6,25,0.3,0.4,0.2,0.6,0.0572,0.2,0.0,0.3,0.2,0.5,0.8,0.4,0.8,0.3,0.8,5.8,0,0,0
23.2,21.8,24.6,28.8,25.6,32.0,23.2,23.2,23.2,0.00864,0.0131,0.0339,0.00755,0.00697,0.588,0.00955,0.00727,0.0374,0.0371,0.229,0.0111,7.54,6,15,6,25,0.3,0.4,0.3,0.6,0.056,0.2,0.0,0.0,0.3,0.4,0.5,0.5,1.1,0.4,0.6,5.6,0,0,0
23.4,25.6,21.2,28.1,29.8,26.4,22.6,21.2,24.0,0.00766,0.0116,0.0331,0.0064,0.00779,0.571,0.00971,0.00656,0.037,0.0367,0.231,0.00992,5.5,5,0,0,50,0.0,0.0,0.0,0.0,0.0507,0.0,0.0,0.0,0.0,0.0,0.0,0.0,0.0,0.0,0.0,0.0,0,0,0
25.6,29.2,22.0,27.1,26.6,27.6,25.0,23.8,26.2,0.00839,0.0124,0.0329,0.00587,0.00769,0.576,0.00904,0.00706,0.0369,0.0364,0.23,0.00982,6.33,5,19,6,50,13.3,2.25,1.5,1.5,0.0516,1.5,1.0,1.0,0.25,2.0,1.75,1.5,5.0,1.75,0.75,35.0,0,0,0
24.5,25.2,23.8,25.2,29.8,20.6,22.7,24.8,20.6,0.0079,0.0114,0.0329,0.00732,0.00791,0.615,0.00904,0.0065,0.0371,0.0363,0.229,0.0103,6.96,5,19,6,50,6.11,2.11,0.889,0.889,0.0496,0.778,0.667,1.0,0.111,1.22,0.889,1.44,2.89,0.889,0.444,20.3,0,0,0
24.9,21.8,28.0,27.3,29.6,25.0,24.0,21.0,27.0,0.00849,0.0123,0.033,0.00732,0.00795,0.642,0.00976,0.00785,0.037,0.0366,0.228,0.0102,7.07,5,17,6,50,0.2,1.8,0.6,0.4,0.0507,0.6,0.6,1.0,0.6,0.6,0.5,0.8,2.0,0.9,1.1,11.7,0,0,0
24.7,26.8,22.6,26.0,27.4,24.6,23.1,22.6,23.6,0.00781,0.0102,0.033,0.00662,0.00788,0.669,0.009,0.00733,0.0373,0.0367,0.231,0.0104,7.18,5,18,6,50,0.1,1.4,0.7,0.9,0.0508,0.8,0.6,0.9,1.1,1.0,0.8,0.2,2.4,1.2,1.2,13.3,0,0,0
25.2,24.2,26.2,26.4,27.4,25.4,24.2,26.0,22.4,0.00832,0.0111,0.0329,0.00674,0.00807,0.694,0.00975,0.00792,0.0372,0.0367,0.23,0.0108,7.34,6,19,6,50,0.3,1.1,0.7,1.0,0.0508,0.4,0.6,0.9,0.8,1.0,0.9,0.1,1.7,0.5,0.7,10.7,0,0,0
24.1,22.6,25.6,26.4,29.2,23.6,24.5,23.2,25.8,0.00759,0.0102,0.0329,0.00701,0.00788,0.714,0.00981,0.00656,0.0383,0.0365,0.232,0.0104,7.53,6,19,6,50,0.4,1.0,0.7,0.6,0.0443,0.9,0.6,0.9,0.6,0.3,0.9,0.6,1.2,0.4,1.5,10.6,0,0,0
24.3,27.0,21.6,28.8,25.8,31.8,26.0,29.8,22.2,0.00833,0.0112,0.033,0.00671,0.00801,0.753,0.00981,0.00714,0.0371,0.0366,0.228,0.00987,7.68,6,22,6,50,0.5,0.8,0.5,0.8,0.0444,0.9,0.6,0.9,0.6,0.3,0.9,0.8,1.5,0.5,1.9,11.5,0,0,0
24.8,24.4,25.2,26.4,27.0,25.8,23.1,24.6,21.6,0.00833,0.0102,0.0328,0.00698,0.00793,0.767,0.00987,0.00656,0.037,0.0365,0.231,0.00947,7.74,6,22,6,50,0.6,0.7,0.4,1.1,0.0431,0.4,0.9,0.7,0.5,0.6,0.9,0.5,1.7,0.4,1.8,11.2,0,0,0
24.2,21.4,27.0,25.9,22.0,29.8,23.8,24.0,23.6,0.00835,0.0102,0.0328,0.00709,0.00837,0.801,0.00987,0.00702,0.0371,0.0366,0.231,0.0107,7.69,6,20,6,50,0.3,1.3,0.4,1.1,0.0448,0.5,1.0,0.4,0.5,0.8,0.9,0.3,1.2,0.2,1.5,10.4,0,0,0
24.4,22.6,26.2,25.9,28.6,23.2,23.3,20.4,26.2,0.00833,0.0118,0.033,0.00751,0.00808,0.828,0.00904,0.00701,0.0381,0.0368,0.234,0.0109,7.65,6,16,6,50,0.3,2.1,0.9,0.8,0.0448,0.3,1.1,0.4,0.5,0.8,0.8,0.4,1.3,0.5,1.2,11.4,0,0,0
24.4,26.1,22.7,26.9,29.2,24.6,23.9,25.2,22.6,0.00847,0.0118,0.033,0.00666,0.00827,0.868,0.00976,0.00701,0.0368,0.0367,0.227,0.0107,7.65,6,17,6,50,0.5,2.1,0.9,0.7,0.0447,0.2,1.2,0.6,0.5,0.8,0.6,1.1,2.1,0.8,0.9,13.0,0,0,0
25.0,24.2,25.8,25.9,23.0,28.8,22.2,23.6,20.8,0.00788,0.0104,0.033,0.00723,0.00803,0.873,0.00897,0.00698,0.038,0.037,0.232,0.0109,7.71,6,21,6,50,0.4,1.6,0.7,0.9,0.0359,0.3,1.0,0.5,0.3,0.7,0.5,1.4,1.9,0.5,0.7,11.4,0,0,0
24.8,23.6,26.0,27.8,26.6,29.0,25.5,22.8,28.2,0.00788,0.0114,0.0328,0.00723,0.00784,0.901,0.00894,0.00698,0.0381,0.0369,0.231,0.0108,7.7,6,20,6,50,0.9,1.3,0.6,1.1,0.0361,0.8,0.7,0.4,0.2,0.5,0.5,1.0,0.9,0.2,1.0,10.1,0,0,0
23.5,25.4,21.6,26.3,24.0,28.6,22.1,21.2,23.0,0.00854,0.0106,0.0328,0.00673,0.00862,0.926,0.00894,0.007,0.0363,0.0373,0.23,0.0113,7.64,6,15,6,50,1.1,1.4,0.3,0.9,0.036,0.8,0.7,1.0,0.7,0.8,0.4,0.6,1.4,0.4,1.1,11.6,0,0,0
24.5,27.0,22.0,26.9,31.6,22.2,25.9,26.6,25.2,0.0091,0.0114,0.0328,0.00717,0.00817,0.955,0.00897,0.007,0.0371,0.0372,0.23,0.01,7.75,6,21,6,50,0.8,1.6,0.5,0.8,0.0331,0.3,1.0,1.1,0.8,0.8,0.2,0.8,2.2,0.7,0.9,12.5,0,0,0
24.8,21.4,28.2,29.0,30.8,27.2,21.7,23.0,20.4,0.00848,0.0106,0.0328,0.00735,0.00782,0.984,0.00897,0.00647,0.0372,0.0374,0.232,0.01,7.82,6,21,7,50,0.6,1.8,0.3,0.7,0.0343,0.5,1.1,0.5,0.5,0.7,0.3,0.7,1.6,0.4,0.7,10.4,0,0,0
24.2,22.6,25.8,25.5,24.6,26.4,26.5,27.2,25.8,0.00854,0.0106,0.033,0.00693,0.0082,1.02,0.0103,0.00647,0.037,0.0373,0.234,0.0101,7.85,6,20,6,50,0.9,1.6,0.3,0.6,0.0344,0.8,0.9,0.5,0.7,0.6,0.3,0.4,0.9,0.2,1.1,9.8,0,0,0
24.4,27.2,21.6,26.9,25.2,28.6,23.3,22.6,24.0,0.00836,0.0114,0.0329,0.00744,0.00688,1.06,0.00991,0.00719,0.0371,0.0372,0.232,0.0101,7.89,6,21,6,50,1.0,1.4,0.5,0.7,0.0345,0.6,0.6,0.6,1.0,0.5,0.5,0.4,0.8,0.4,1.6,10.6,0,0,0
24.2,28.5,19.9,25.6,25.8,25.4,23.9,24.8,23.0,0.00804,0.0124,0.033,0.00708,0.00678,1.12,0.00917,0.00719,0.0372,0.0375,0.232,0.0104,7.84,6,21,6,50,0.7,1.1,0.5,0.8,0.0349,0.7,0.5,0.4,0.8,0.5,0.6,0.9,1.0,0.3,0.8,9.6,0,0,0
28.9,28.8,29.0,29.2,29.8,28.6,25.4,20.0,30.8,0.00758,0.0147,0.0332,0.00765,0.00745,1.1,0.00995,0.00717,0.0378,0.0373,0.233,0.0119,7.95,6,17,6,100,34.3,5.67,2.33,3.67,0.0347,2.33,3.33,2.0,2.67,2.0,3.67,5.33,5.0,1.33,2.67,76.3,0,0,0
25.4,24.4,26.4,28.0,27.8,28.2,22.9,22.2,23.6,0.00821,0.0139,0.033,0.00759,0.00755,1.14,0.00921,0.00713,0.0368,0.0372,0.233,0.0122,7.92,6,17,6,100,13.3,3.13,1.38,2.13,0.035,1.38,2.25,1.88,1.75,1.88,2.13,2.13,3.0,0.75,1.75,38.8,0,0,0
26.1,29.2,23.0,28.7,26.8,30.6,25.5,26.2,24.8,0.00841,0.0147,0.0333,0.00719,0.00733,1.22,0.00921,0.00713,0.0359,0.0374,0.232,0.012,7.85,6,16,6,100,0.7,2.6,1.2,1.1,0.034,1.3,1.8,2.0,1.2,1.5,1.6,0.8,2.3,0.4,1.5,20.0,0,0,0
25.7,27.8,23.6,28.3,27.6,29.0,24.0,25.4,22.6,0.00767,0.0137,0.0334,0.00766,0.0076,1.26,0.00921,0.00655,0.0369,0.0373,0.233,0.0121,7.8,6,17,6,100,0.6,2.9,1.3,1.1,0.035,1.8,1.6,1.7,1.9,1.3,1.7,1.5,4.0,1.2,1.9,24.5,0,0,0
25.5,28.6,22.4,28.2,25.0,31.4,26.5,28.2,24.8,0.00833,0.0145,0.0332,0.00729,0.00728,1.32,0.00921,0.00713,0.0368,0.0371,0.23,0.013,7.69,6,18,6,100,0.6,2.6,1.5,1.1,0.035,1.8,1.4,1.2,2.2,2.1,1.2,1.5,4.1,1.4,1.7,24.4,0,0,0
25.8,25.2,26.4,25.4,22.6,28.2,22.5,23.8,21.2,0.00765,0.0145,0.0333,0.00718,0.00734,1.36,0.0101,0.00667,0.0368,0.0371,0.231,0.0117,7.74,6,18,6,100,0.6,2.8,1.7,1.2,0.0333,1.6,1.4,1.2,1.7,1.9,2.0,1.2,3.3,0.6,1.8,23.0,0,0,0
27.3,32.2,22.4,28.1,23.6,32.6,24.8,24.0,25.6,0.00818,0.0131,0.0333,0.00745,0.00722,1.39,0.0101,0.00668,0.0359,0.0369,0.232,0.0116,7.73,6,18,6,100,0.6,2.8,1.2,1.6,0.0347,1.3,1.3,1.4,1.4,1.3,2.2,1.3,3.6,0.8,2.1,22.9,0,0,0
25.0,27.0,23.0,28.5,28.8,28.2,22.8,22.2,23.4,0.00803,0.0131,0.0335,0.00772,0.00726,1.42,0.0102,0.00668,0.037,0.0369,0.235,0.0117,7.76,6,19,6,100,0.9,2.8,1.0,1.2,0.0349,1.6,1.6,1.4,1.4,1.4,1.1,1.4,3.0,1.0,1.5,21.3,0,0,0
26.2,25.0,27.4,27.5,27.8,27.2,26.1,29.8,22.4,0.00873,0.0146,0.0334,0.00723,0.00741,1.47,0.0102,0.0068,0.0358,0.0368,0.231,0.0111,7.77,6,20,6,100,0.9,3.4,1.1,1.3,0.0336,1.9,1.1,1.5,1.6,1.0,1.4,1.0,2.7,1.0,1.5,21.4,0,0,0
25.0,24.2,25.8,27.2,30.2,24.2,22.7,23.2,22.2,0.00873,0.0145,0.0333,0.00771,0.0077,1.5,0.00944,0.0068,0.0367,0.0367,0.231,0.0116,7.85,6,19,6,100,0.8,3.4,1.6,1.5,0.0346,1.6,0.7,1.4,1.4,1.0,1.9,1.2,2.6,1.1,2.2,22.4,0,0,0
25.8,30.6,21.0,28.0,24.2,31.8,26.1,22.0,30.2,0.00808,0.0145,0.0335,0.00771,0.00728,1.56,0.0108,0.00684,0.0366,0.0365,0.231,0.012,7.83,6,18,6,100,0.9,2.9,1.7,1.6,0.0345,1.3,1.1,0.9,1.6,1.0,1.6,1.8,2.3,0.8,1.7,21.2,0,0,0
25.3,27.4,23.2,26.8,24.8,28.8,23.0,21.8,24.2,0.00751,0.0136,0.0336,0.00789,0.00712,1.65,0.00995,0.00684,0.0368,0.0366,0.231,0.0126,7.8,6,17,6,100,0.8,3.5,1.2,1.1,0.0349,1.2,1.2,1.1,1.4,0.7,1.5,1.8,2.8,0.7,1.9,20.9,0,0,0
26.5,26.6,26.4,29.5,34.4,24.6,25.7,23.8,27.6,0.00759,0.0145,0.0336,0.00722,0.00741,1.69,0.0111,0.00822,0.0365,0.0364,0.228,0.0125,7.84,6,19,6,100,1.3,3.8,0.9,1.2,0.0348,1.2,1.2,1.6,1.0,1.2,1.8,1.5,3.3,1.0,2.4,23.4,0,0,0
25.6,28.4,22.7,26.0,22.0,30.0,22.9,24.4,21.4,0.00753,0.0145,0.0337,0.00758,0.00721,1.74,0.00977,0.00822,0.0366,0.0369,0.23,0.0125,7.84,6,19,6,100,1.6,3.4,1.2,1.5,0.0349,1.0,1.1,1.6,0.6,2.1,2.1,1.1,2.7,1.0,1.8,22.8,0,0,0
26.3,21.1,31.6,28.7,31.8,25.6,25.7,24.8,26.6,0.00776,0.0146,0.0339,0.00709,0.00746,1.81,0.00978,0.0076,0.0365,0.0369,0.23,0.0124,7.86,6,20,6,100,1.3,3.2,1.0,1.0,0.0321,1.1,1.0,1.1,1.2,1.6,1.8,1.2,2.8,1.0,2.3,21.6,0,0,0
25.0,21.4,28.6,27.4,28.0,26.8,23.0,24.0,22.0,0.00755,0.0127,0.034,0.00736,0.00775,1.84,0.00978,0.00809,0.0376,0.037,0.229,0.0117,7.85,6,19,6,100,1.2,3.2,1.3,1.4,0.0333,1.1,0.8,0.9,1.9,1.0,1.4,1.7,3.2,0.8,2.3,22.2,0,0,0
26.7,24.4,29.0,26.5,29.6,23.4,24.7,25.8,23.6,0.00755,0.0137,0.034,0.00698,0.00784,1.94,0.00979,0.00809,0.0357,0.0371,0.229,0.0126,7.84,6,17,6,100,0.7,2.6,1.5,0.9,0.0333,1.1,0.9,1.4,1.6,0.9,1.6,1.6,2.6,0.6,1.7,19.7,0,0,0
25.2,22.8,27.6,28.9,28.6,29.2,24.9,27.2,22.6,0.00741,0.0127,0.034,0.00742,0.00742,2.04,0.00979,0.00736,0.0376,0.0373,0.232,0.0119,7.82,6,16,6,100,0.7,2.3,1.4,1.4,0.0325,1.4,0.8,1.8,1.4,0.9,1.6,1.5,2.5,1.0,1.8,20.5,0,0,0
26.3,25.4,27.2,26.1,31.8,20.4,24.7,24.0,25.4,0.00745,0.0127,0.0342,0.00751,0.00702,2.13,0.00983,0.00686,0.0367,0.037,0.233,0.0107,7.86,6,19,6,100,1.0,3.2,1.5,1.6,0.0336,1.4,0.5,1.7,0.8,1.5,1.3,1.4,2.5,1.2,2.2,21.8,0,0,0
23.7,26.4,21.0,28.8,24.8,32.8,22.6,25.2,20.0,0.0074,0.0107,0.037,0.00746,0.007,14.3,0.0146,0.00686,0.0403,0.0403,0.237,0.0103,9.02,6,22,6,25,5.0,1.0,1.0,15.4,0.037,0.0,0.0,12.8,0.0,0.0,1.0,13.9,0.0,0.0,18.0,8.0,0,0,0
23.9,20.4,27.4,27.1,29.6,24.6,23.8,22.4,25.2,0.00786,0.0107,0.0366,0.0075,0.007,13.6,0.0108,0.00735,0.0404,0.0402,0.237,0.0102,8.8,6,22,6,25,4.83,0.667,0.667,0.0,0.0378,0.667,0.667,0.167,0.833,0.667,0.667,0.0,1.67,0.667,0.167,12.3,0,0,0
24.1,22.6,25.6,28.9,30.0,27.8,22.2,23.2,21.2,0.00742,0.0107,0.0364,0.00784,0.00717,12.7,0.0108,0.00669,0.0402,0.0401,0.232,0.0112,8.55,6,17,7,25,2.5,0.7,0.5,0.4,0.0382,0.5,0.4,0.4,0.6,0.8,0.5,0.2,1.7,0.6,0.3,10.1,0,0,0
25.1,26.6,23.6,25.5,22.0,29.0,24.0,22.6,25.4,0.00839,0.0115,0.0362,0.00785,0.00717,11.9,0.0106,0.00818,0.0402,0.0399,0.235,0.0112,8.66,6,17,7,25,0.2,0.5,0.3,0.4,0.037,0.3,0.2,0.7,0.3,0.4,0.4,0.3,1.3,0.4,0.7,6.4,0,0,0
21.7,23.6,19.8,28.5,30.6,26.4,22.4,22.4,22.4,0.00794,0.0105,0.0362,0.00757,0.00643,11.1,0.0106,0.00762,0.0402,0.0396,0.234,0.00993,8.55,6,17,6,25,0.1,0.6,0.4,0.2,0.0382,0.3,0.5,0.5,0.4,0.1,0.3,0.5,0.8,0.3,0.6,5.6,0,0,0
24.3,24.0,24.6,26.7,24.4,29.0,25.4,25.6,25.2,0.00864,0.0114,0.0359,0.00796,0.00648,10.3,0.0113,0.0082,0.0394,0.0394,0.235,0.0108,8.39,6,18,6,25,0.0,0.7,0.6,0.3,0.0368,0.3,0.3,0.4,0.5,0.3,0.2,0.6,0.4,0.2,0.3,5.1,0,0,0
24.2,22.4,26.0,26.8,30.2,23.4,22.2,24.6,19.8,0.00729,0.0105,0.036,0.00776,0.00707,9.56,0.0104,0.00688,0.0403,0.0393,0.234,0.0108,8.17,6,12,6,25,0.0,0.6,0.4,0.2,0.0368,0.4,0.1,0.4,0.5,0.7,0.1,0.2,0.5,0.2,0.6,4.9,0,0,0
24.4,23.4,25.4,27.3,31.6,23.0,24.8,28.4,21.2,0.00784,0.0114,0.0356,0.00797,0.00689,8.68,0.0113,0.00736,0.0403,0.0387,0.233,0.0109,8.3,6,20,6,25,0.1,0.5,0.6,0.1,0.0377,0.3,0.5,0.2,0.4,0.6,0.0,0.3,0.8,0.3,0.5,5.2,0,0,0
22.3,18.8,25.8,28.3,24.8,31.8,22.9,25.8,20.0,0.00784,0.0105,0.0356,0.00807,0.0071,7.64,0.0104,0.00738,0.0403,0.0388,0.233,0.0116,8.28,6,26,6,25,0.2,0.6,0.6,0.1,0.0366,0.3,0.5,0.3,0.4,0.2,0.1,0.5,0.7,0.2,0.3,5.0,0,0,0
23.7,19.9,27.5,24.8,28.6,21.0,24.5,23.6,25.4,0.00781,0.0135,0.035,0.00818,0.00739,6.74,0.0112,0.00694,0.0401,0.0382,0.234,0.0111,8.43,6,23,6,25,0.2,0.8,0.2,0.3,0.0377,0.4,0.4,0.3,0.3,0.1,0.2,0.5,0.5,0.2,0.5,4.9,0,0,0
24.0,27.9,20.1,27.1,23.2,31.0,23.6,25.8,21.4,0.0072,0.0135,0.0351,0.00707,0.00717,5.84,0.0108,0.00687,0.0403,0.0376,0.231,0.0107,8.38,6,21,6,25,0.1,0.7,0.2,0.7,0.0377,0.4,0.4,0.1,0.3,0.2,0.1,0.5,0.7,0.3,0.6,5.3,0,0,0
24.1,22.0,26.2,28.9,25.8,32.0,23.5,23.0,24.0,0.0072,0.0129,0.0348,0.00662,0.00748,4.77,0.0108,0.00677,0.0402,0.0374,0.231,0.0112,8.38,6,16,6,25,0.2,0.6,0.2,0.5,0.0365,0.4,0.4,0.1,0.2,0.5,0.2,0.6,0.9,0.2,0.8,5.8,0,0,0
22.9,18.8,27.0,27.3,32.4,22.2,22.4,25.2,19.6,0.00756,0.0137,0.0348,0.00743,0.00719,3.93,0.00957,0.00677,0.0401,0.0371,0.231,0.0116,8.35,6,16,6,25,0.4,0.7,0.1,0.3,0.0378,0.2,0.6,0.5,0.2,0.4,0.3,0.5,0.9,0.3,0.7,6.1,0,0,0
23.3,19.2,27.4,28.4,27.2,29.6,24.7,25.4,24.0,0.00718,0.0129,0.0348,0.00808,0.00735,3.1,0.0104,0.00732,0.04,0.037,0.228,0.0105,8.45,6,19,7,25,0.3,0.6,0.0,0.5,0.0373,0.1,0.5,0.5,0.4,0.3,0.2,0.3,0.7,0.4,0.6,5.4,0,0,0
23.2,21.9,24.5,25.4,22.6,28.2,21.9,20.0,23.8,0.00697,0.0128,0.0346,0.00801,0.00713,2.28,0.0102,0.00666,0.0399,0.0368,0.229,0.0106,8.4,6,20,6,25,0.1,0.7,0.0,0.2,0.0363,0.2,0.5,0.4,0.5,0.2,0.2,0.3,0.6,0.5,0.5,4.9,0,0,0
23.7,22.5,24.9,29.2,27.2,31.2,25.7,26.2,25.2,0.00745,0.0138,0.0344,0.00735,0.00739,1.51,0.0102,0.00665,0.0409,0.0365,0.228,0.0101,8.32,6,19,6,25,0.0,1.1,0.1,0.3,0.0375,0.3,0.5,0.4,0.6,0.2,0.4,0.3,0.7,0.4,0.3,5.6,0,0,0
24.0,23.0,25.0,26.7,27.6,25.8,21.2,25.2,17.2,0.00692,0.0128,0.0343,0.00778,0.00777,0.771,0.00914,0.00665,0.0398,0.0362,0.229,0.0106,8.2,6,14,6,25,0.0,1.2,0.2,0.4,0.0375,0.2,0.5,0.2,0.3,0.5,0.5,0.2,0.6,0.1,0.4,5.3,0,0,0
24.5,19.0,30.0,27.4,29.0,25.8,24.3,19.2,29.4,0.00743,0.0137,0.0348,0.00746,0.00756,0.564,0.00912,0.00674,0.0398,0.0364,0.227,0.0101,8.21,6,17,6,25,0.2,1.0,0.5,0.5,0.0364,0.0,0.3,0.3,0.4,0.8,0.5,0.2,1.1,0.6,0.3,6.7,0,0,0
22.9,25.6,20.2,27.9,27.8,28.0,22.5,22.2,22.8,0.00677,0.0124,0.0346,0.00788,0.00751,0.578,0.00912,0.00666,0.0399,0.0361,0.228,0.0101,8.19,6,20,6,25,0.3,0.5,0.4,0.6,0.0374,0.0,0.1,0.4,0.7,0.6,0.7,0.2,1.0,0.6,0.3,6.4,0,0,0
24.5,20.4,28.6,27.6,23.4,31.8,25.1,28.2,22.0,0.0074,0.0137,0.0347,0.00746,0.00771,0.619,0.00989,0.00668,0.0397,0.0364,0.231,0.0109,8.2,6,21,6,25,0.3,0.7,0.1,0.4,0.0373,0.0,0.2,0.4,0.5,0.2,0.5,0.3,0.5,0.2,0.3,4.6,0,0,0
23.6,19.8,27.4,28.3,26.2,30.4,21.8,22.4,21.2,0.00673,0.0136,0.0345,0.0074,0.0081,0.59,0.00914,0.00715,0.04,0.0359,0.228,0.0112,6.28,5,14,5,50,0.0,0.0,0.0,0.0,0.0375,0.0,0.0,0.0,0.0,0.0,0.0,0.0,0.0,0.0,0.0,0.0,0,0,0
25.4,26.0,24.8,27.2,33.6,20.8,25.3,24.4,26.2,0.00739,0.0136,0.0344,0.0074,0.00757,0.595,0.0101,0.00715,0.0398,0.0361,0.227,0.0122,6.66,5,14,5,50,10.8,1.8,0.6,0.8,0.0358,0.6,1.8,1.6,0.6,0.8,0.8,1.2,1.4,0.8,1.2,24.8,0,0,0
24.8,29.4,20.2,26.8,28.4,25.2,22.4,21.0,23.8,0.00669,0.0127,0.0344,0.00753,0.00791,0.621,0.00932,0.00657,0.0399,0.0362,0.226,0.0112,7.01,5,19,6,50,5.7,1.4,0.5,0.8,0.0371,0.6,1.5,1.2,0.7,0.8,0.6,0.8,1.1,0.4,1.1,17.2,0,0,0
24.3,24.6,24.0,28.6,30.2,27.0,23.2,21.4,25.0,0.00719,0.0136,0.0344,0.00733,0.00802,0.657,0.0102,0.00657,0.04,0.0359,0.226,0.0113,7.32,6,21,7,50,0.4,1.1,0.7,0.6,0.037,0.6,0.9,0.7,0.8,0.5,0.8,0.8,1.1,0.2,1.0,10.2,0,0,0
24.2,29.4,19.0,27.8,32.0,23.6,22.0,21.0,23.0,0.00664,0.0127,0.0344,0.00736,0.00831,0.675,0.00927,0.00609,0.0402,0.0362,0.225,0.0108,7.59,6,22,7,50,0.3,1.8,0.8,0.6,0.0358,0.5,0.8,0.4,0.9,0.5,0.9,1.0,1.2,0.3,1.0,11.0,0,0,0
25.4,27.2,23.6,26.4,27.4,25.4,24.7,23.4,26.0,0.00727,0.0136,0.0343,0.00693,0.00757,0.713,0.01,0.00664,0.0401,0.0357,0.227,0.0105,7.59,6,21,6,50,0.4,2.0,0.6,0.7,0.0374,0.3,0.8,0.2,0.6,0.8,0.6,0.7,1.1,0.3,1.1,10.2,0,0,0
25.3,27.4,23.2,28.0,28.4,27.6,22.6,20.0,25.2,0.00674,0.0105,0.0346,0.00682,0.0077,0.728,0.00927,0.00664,0.0404,0.0357,0.225,0.011,7.68,6,18,6,50,0.6,2.2,0.9,0.4,0.0362,0.3,0.7,0.4,0.8,0.7,0.7,0.7,1.3,0.6,0.9,11.2,0,0,0
24.8,25.2,24.4,26.6,32.6,20.6,24.7,23.8,25.6,0.00736,0.0114,0.0344,0.00682,0.00795,0.754,0.00933,0.00715,0.0402,0.0357,0.228,0.0114,7.58,6,18,6,50,0.5,1.7,1.0,0.7,0.0374,0.4,0.8,0.7,0.9,0.8,0.4,0.4,1.2,0.8,1.1,11.4,0,0,0
24.1,28.6,19.6,28.2,29.8,26.6,22.5,24.6,20.4,0.00736,0.0102,0.0345,0.00751,0.00753,0.789,0.00933,0.00661,0.0405,0.036,0.225,0.012,7.6,6,16,6,50,0.3,0.8,0.7,1.0,0.0371,0.4,0.5,0.7,0.7,0.8,0.4,0.6,1.5,0.8,1.1,10.3,0,0,0
24.6,23.8,25.4,26.4,25.4,27.4,24.5,23.6,25.4,0.00637,0.00936,0.0345,0.00668,0.00779,0.817,0.0101,0.00712,0.0403,0.0356,0.227,0.0114,7.78,6,19,6,50,0.5,1.0,0.9,0.8,0.036,0.5,0.5,0.9,0.7,0.4,0.8,0.7,1.4,0.6,1.1,10.8,0,0,0
24.5,22.2,26.8,28.2,28.6,27.8,23.4,22.8,24.0,0.00682,0.011,0.0343,0.00733,0.00763,0.843,0.00935,0.00657,0.0401,0.0357,0.229,0.0115,7.71,6,21,6,50,0.5,1.1,0.9,1.0,0.0401,0.8,1.0,0.8,0.6,0.3,0.6,0.4,0.9,0.5,1.2,10.6,0,0,0
24.9,23.0,26.8,28.4,27.2,29.6,24.1,27.6,20.6,0.00739,0.011,0.0344,0.00701,0.00783,0.869,0.00862,0.00712,0.0406,0.0358,0.225,0.0111,7.75,6,19,6,50,0.3,1.4,0.4,0.9,0.0401,0.9,1.0,0.6,0.6,0.8,0.5,0.9,1.5,0.5,1.3,11.6,0,0,0
24.1,23.2,25.0,27.8,28.8,26.8,22.4,24.2,20.6,0.00691,0.01,0.0342,0.00742,0.00776,0.897,0.0098,0.0066,0.0394,0.036,0.228,0.012,7.84,6,19,6,50,0.6,2.2,0.6,0.5,0.039,0.7,0.7,0.7,0.3,1.3,0.5,0.6,1.4,0.4,1.2,11.7,0,0,0
23.8,29.0,18.6,27.0,25.0,29.0,23.7,26.8,20.6,0.00754,0.0115,0.0342,0.0072,0.00789,0.919,0.0106,0.00773,0.0405,0.036,0.224,0.0115,7.86,6,20,6,50,0.8,2.3,0.9,0.7,0.0402,0.6,0.6,0.7,0.4,1.2,0.2,0.2,0.9,0.3,1.0,10.8,0,0,0
24.9,26.0,23.8,27.9,27.8,28.0,24.1,22.8,25.4,0.00704,0.0106,0.0342,0.0075,0.00754,0.927,0.00928,0.00718,0.0404,0.0362,0.229,0.0121,7.85,6,21,6,50,0.4,1.3,0.8,0.8,0.0399,0.3,0.4,1.0,0.7,0.9,0.5,0.5,1.0,0.1,0.9,9.6,0,0,0
25.0,28.4,21.6,26.4,28.0,24.8,22.8,21.2,24.4,0.00769,0.0115,0.034,0.00719,0.0076,0.971,0.0101,0.00777,0.0415,0.0363,0.228,0.0117,7.87,6,21,6,50,0.5,1.3,0.6,0.6,0.0389,0.5,0.4,0.9,0.9,0.8,0.7,0.5,0.9,0.0,1.0,9.6,0,0,0
24.3,21.6,27.0,28.1,29.8,26.4,23.5,22.6,24.4,0.00706,0.0102,0.0339,0.00755,0.00745,0.993,0.0101,0.00723,0.0407,0.0362,0.228,0.0112,7.86,6,19,6,50,0.5,1.8,0.6,0.7,0.0401,0.8,0.3,0.8,0.8,0.8,0.7,0.4,1.1,0.2,1.6,11.1,0,0,0
25.2,27.0,23.4,26.7,22.4,31.0,24.0,21.4,26.6,0.00845,0.0112,0.034,0.00717,0.00772,1.03,0.0101,0.00773,0.0406,0.0362,0.229,0.0109,7.97,6,21,6,50,0.3,1.4,0.6,0.9,0.04,0.6,0.3,0.9,0.7,1.0,0.9,0.9,1.5,0.4,1.4,11.8,0,0,0
25.0,24.2,25.8,29.3,32.0,26.6,24.0,26.0,22.0,0.00783,0.0103,0.0344,0.00738,0.00781,1.08,0.0102,0.00651,0.0403,0.0366,0.229,0.0103,7.96,6,25,6,50,0.4,1.1,0.3,0.9,0.0401,0.7,0.6,0.8,0.7,0.8,1.1,1.3,1.4,0.5,1.0,11.6,0,0,0
24.5,21.8,27.2,25.6,24.6,26.6,22.8,20.4,25.2,0.00833,0.0112,0.0344,0.00786,0.0071,1.14,0.0102,0.00707,0.0413,0.0366,0.23,0.0112,7.97,6,24,6,50,0.4,1.3,0.6,0.6,0.0387,0.5,0.4,1.0,0.8,0.7,1.2,0.9,1.4,0.6,1.0,11.4,0,0,0
28.3,29.6,27.0,29.6,29.6,29.6,25.7,27.0,24.4,0.0077,0.0103,0.0341,0.00788,0.00631,1.13,0.00986,0.00744,0.0401,0.0369,0.232,0.0119,6.99,5,18,6,100,35.3,8.0,1.33,2.0,0.0405,3.33,1.0,3.67,5.67,2.67,2.67,3.67,7.0,2.33,3.0,81.7,0,0,0
24.2,22.4,26.0,28.6,31.2,26.0,22.9,24.2,21.6,0.00714,0.0104,0.0341,0.00832,0.00722,1.17,0.00988,0.00645,0.0403,0.0372,0.229,0.0119,7.12,5,19,6,100,13.4,4.63,1.13,0.875,0.0388,2.38,1.63,2.13,3.38,1.38,1.5,2.0,4.5,1.63,2.0,42.5,0,0,0
25.4,27.6,23.2,28.8,27.8,29.8,25.0,27.2,22.8,0.00774,0.0114,0.0342,0.00844,0.0067,1.23,0.00988,0.00698,0.041,0.0375,0.229,0.0111,7.18,5,19,6,100,0.6,3.2,1.2,1.6,0.0403,1.5,1.9,1.5,1.5,1.2,1.3,1.2,3.1,1.3,1.4,22.5,0,0,0
25.4,24.6,26.2,29.4,27.2,31.6,22.4,23.6,21.2,0.00713,0.0105,0.0342,0.00841,0.00685,1.27,0.00907,0.00647,0.0403,0.0376,0.229,0.0115,7.24,5,17,6,100,1.3,3.4,1.3,2.5,0.0389,1.5,2.4,1.8,1.0,1.4,1.4,1.3,3.1,1.4,1.1,24.9,0,0,0
26.0,26.0,26.0,27.1,29.0,25.2,24.6,27.4,21.8,0.00713,0.0115,0.0341,0.00772,0.0074,1.31,0.00907,0.00705,0.04,0.0373,0.23,0.0107,7.3,6,18,6,100,1.0,2.9,1.1,1.8,0.0404,1.5,2.0,1.8,1.1,1.6,1.2,1.3,3.3,1.3,1.5,23.4,0,0,0
24.6,22.4,26.8,28.3,30.0,26.6,23.9,25.4,22.4,0.00758,0.0115,0.0341,0.0082,0.00703,1.37,0.0108,0.00802,0.0402,0.0377,0.228,0.0103,7.4,6,22,6,100,0.6,3.1,1.2,1.7,0.0404,1.0,1.3,1.3,0.9,1.9,1.5,1.2,3.0,0.8,2.4,21.9,0,0,0
25.2,23.8,26.6,26.6,23.8,29.4,23.8,27.8,19.8,0.00768,0.0116,0.0345,0.007,0.00731,1.39,0.0108,0.00802,0.0402,0.0377,0.226,0.0104,7.43,6,19,6,100,1.1,3.0,1.1,1.4,0.0362,1.0,1.8,1.0,0.8,1.6,1.8,1.5,2.7,0.7,2.5,22.0,0,0,0
25.6,28.8,22.4,27.1,25.6,28.6,22.9,23.8,22.0,0.00711,0.0116,0.0344,0.00805,0.00713,1.44,0.012,0.00802,0.0402,0.0378,0.231,0.0112,7.43,6,17,6,100,0.9,2.3,1.4,0.9,0.036,1.3,1.3,1.4,1.3,1.8,1.5,1.5,2.5,0.8,2.8,21.7,0,0,0
25.5,21.2,29.8,27.1,27.4,26.8,25.0,23.8,26.2,0.00777,0.0128,0.0346,0.00764,0.00685,1.49,0.0108,0.00802,0.0403,0.0381,0.228,0.0114,7.38,6,15,6,100,0.9,2.5,1.6,1.5,0.0374,1.5,1.1,2.0,1.3,1.9,1.3,1.1,2.4,0.7,2.2,22.0,0,0,0
25.0,25.0,25.0,27.5,22.0,33.0,23.4,25.0,21.8,0.00714,0.0113,0.0346,0.00798,0.00699,1.54,0.0101,0.00689,0.0402,0.038,0.23,0.0116,7.33,6,15,6,100,1.0,3.2,1.0,1.4,0.0362,1.3,1.3,1.4,1.3,1.5,1.2,1.4,2.3,0.7,1.3,20.3,0,0,0
25.8,24.2,27.4,27.5,31.6,23.4,23.1,26.0,20.2,0.00714,0.0121,0.0345,0.00771,0.00749,1.59,0.0109,0.00746,0.0399,0.0379,0.224,0.0114,7.4,6,19,6,100,1.2,3.9,1.1,1.4,0.0373,1.1,1.0,0.6,1.6,1.1,1.3,1.3,2.4,0.9,2.1,21.0,0,0,0
26.5,24.8,28.2,27.7,24.0,31.4,22.6,24.6,20.6,0.00763,0.0113,0.0347,0.00804,0.0072,1.63,0.0109,0.00687,0.04,0.0377,0.228,0.0118,7.54,6,24,6,100,1.2,3.8,1.0,1.6,0.0373,1.5,1.5,1.4,1.6,1.1,1.5,0.8,2.2,0.7,2.4,22.3,0,0,0
26.9,27.4,26.4,28.5,26.6,30.4,26.1,27.4,24.8,0.00815,0.0123,0.0347,0.00759,0.00701,1.69,0.0101,0.00745,0.0408,0.0377,0.225,0.0114,7.56,6,22,6,100,1.1,3.0,0.7,1.4,0.0361,2.1,2.0,1.6,1.3,1.3,1.3,0.7,2.3,0.7,2.0,21.5,0,0,0
25.8,22.2,29.4,30.2,27.8,32.6,23.9,20.8,27.0,0.00721,0.0153,0.0347,0.00816,0.00713,1.74,0.0108,0.00752,0.0401,0.0378,0.226,0.0114,7.59,6,18,6,100,1.1,2.3,0.8,1.3,0.0377,1.6,1.9,1.2,1.7,1.9,1.5,1.2,2.9,1.3,2.3,23.0,0,0,0
26.0,22.6,29.4,27.6,31.4,23.8,24.7,27.8,21.6,0.00743,0.0154,0.0344,0.00796,0.00704,1.77,0.00997,0.00752,0.0403,0.0375,0.226,0.0114,7.62,6,17,6,100,0.8,2.7,1.0,1.1,0.0375,1.0,1.6,1.1,1.8,1.9,1.8,1.6,2.6,1.1,2.4,22.5,0,0,0
24.6,27.6,21.6,28.8,27.2,30.4,22.7,20.2,25.2,0.00693,0.0145,0.0345,0.00808,0.00752,1.83,0.0107,0.00696,0.0391,0.0374,0.228,0.011,7.62,6,17,6,100,1.3,3.4,1.0,1.1,0.0378,1.3,1.3,1.3,1.1,1.3,1.8,1.5,2.3,0.7,1.7,21.1,0,0,0
25.3,21.8,28.8,28.6,30.4,26.8,23.7,23.8,23.6,0.00756,0.0155,0.0345,0.00752,0.00734,1.89,0.0107,0.00739,0.0391,0.0376,0.226,0.0114,7.67,6,18,6,100,1.4,3.2,1.2,0.7,0.0362,1.3,2.0,1.5,1.2,1.0,1.8,1.2,2.1,0.9,2.1,21.6,0,0,0
23.5,22.0,25.0,28.1,27.2,29.0,23.2,24.4,22.0,0.00756,0.0145,0.0343,0.00783,0.00727,1.97,0.0115,0.00686,0.0401,0.0374,0.227,0.0116,7.65,6,17,6,100,1.4,2.9,1.7,1.4,0.0373,1.4,2.1,1.1,1.4,0.8,1.7,1.4,2.6,1.1,2.1,23.1,0,0,0
25.2,25.0,25.4,26.9,22.6,31.2,23.6,23.0,24.2,0.00742,0.0154,0.0344,0.00783,0.0074,2.06,0.0115,0.00737,0.04,0.0374,0.224,0.0114,7.66,6,17,6,100,1.2,2.6,2.0,1.1,0.0377,1.5,1.4,1.0,1.2,1.2,1.1,1.5,2.2,0.7,1.4,20.1,0,0,0
24.2,28.4,19.9,26.0,22.2,29.8,22.7,26.6,18.8,0.0075,0.0111,0.0366,0.00754,0.00722,14.0,0.00998,0.00659,0.0419,0.0403,0.233,0.0112,9.89,5,25,5,25,17.0,30.3,7.0,14.0,0.0441,0.0,3.0,13.5,1.0,1.0,1.0,3.0,2.0,9.0,1.0,36.0,0,0,0
22.0,25.5,18.5,29.6,27.8,31.4,24.4,23.0,25.8,0.00702,0.0259,0.0364,0.0072,0.00724,13.3,0.00982,0.00709,0.0418,0.0401,0.233,0.0116,9.34,6,17,5,25,5.0,0.167,1.33,14.0,0.0439,0.833,0.667,13.5,0.833,0.667,0.333,1.0,1.17,0.167,0.667,12.8,0,0,0
21.7,21.6,21.8,27.4,23.6,31.2,22.7,25.6,19.8,0.0072,0.0245,0.0361,0.00737,0.00721,12.4,0.00982,0.00659,0.0418,0.0393,0.236,0.012,8.77,6,17,6,25,3.1,0.2,1.0,0.1,0.0451,0.5,0.4,0.0,0.7,0.5,0.4,0.6,0.8,0.1,0.6,9.0,0,0,0
23.7,22.8,24.6,28.1,25.0,31.2,24.0,26.6,21.4,0.00764,0.0245,0.0358,0.0069,0.00711,11.6,0.00962,0.00709,0.0418,0.0394,0.234,0.012,8.74,6,19,6,25,0.5,0.4,0.5,0.4,0.0439,0.3,0.0,0.3,0.3,0.2,0.5,0.1,0.6,0.0,0.5,4.6,0,0,0
23.4,24.2,22.6,27.0,24.6,29.4,22.3,21.4,23.2,0.00711,0.0253,0.0356,0.00742,0.00739,10.5,0.00962,0.00711,0.0428,0.0392,0.237,0.0115,8.72,6,20,6,25,0.5,0.4,0.3,0.3,0.0455,0.6,0.0,0.2,0.3,0.3,0.5,0.1,0.3,0.0,0.4,4.2,0,0,0
23.0,23.8,22.2,27.2,24.0,30.4,24.5,24.6,24.4,0.00767,0.0255,0.0354,0.00742,0.00695,9.79,0.0108,0.00711,0.0418,0.0384,0.235,0.0112,8.47,6,19,6,25,0.2,0.4,0.2,0.2,0.0453,0.7,0.2,0.3,0.2,0.3,0.3,0.2,0.5,0.1,0.2,4.0,0,0,0
21.9,20.0,23.8,27.0,30.2,23.8,22.8,21.8,23.8,0.00767,0.0247,0.0351,0.00752,0.00728,8.98,0.0102,0.00713,0.0416,0.0383,0.235,0.0111,8.45,6,16,6,25,0.1,0.9,0.5,0.5,0.0455,0.4,0.2,0.4,0.0,0.7,0.1,0.4,1.1,0.2,0.2,5.7,0,0,0
23.7,23.6,23.8,27.0,25.2,28.8,23.8,25.2,22.4,0.00829,0.0257,0.0346,0.00732,0.00782,8.11,0.0102,0.00713,0.0414,0.0377,0.23,0.0111,8.36,6,17,6,25,0.1,0.9,0.5,0.3,0.0455,0.1,0.2,0.4,0.1,0.8,0.1,0.6,1.1,0.2,0.3,5.7,0,0,0
21.6,20.4,22.8,28.8,28.6,29.0,23.1,21.6,24.6,0.00777,0.0248,0.0342,0.00735,0.0074,7.33,0.00945,0.00671,0.0414,0.0381,0.231,0.0109,8.41,6,24,6,25,0.1,0.6,0.2,0.3,0.0455,0.2,0.6,0.3,0.3,0.5,0.1,0.6,0.9,0.4,0.4,5.5,0,0,0
23.6,25.2,22.0,27.0,23.6,30.4,22.8,20.4,25.2,0.00842,0.0257,0.0341,0.00699,0.00763,6.33,0.00945,0.00663,0.0416,0.0375,0.229,0.0113,8.21,6,16,6,25,0.0,0.9,0.3,0.2,0.0442,0.1,0.6,0.2,0.5,0.4,0.4,0.4,0.7,0.3,0.6,5.6,0,0,0
23.7,27.4,20.0,27.7,32.8,22.6,23.2,27.0,19.4,0.00715,0.0248,0.0337,0.00737,0.00751,5.64,0.0104,0.00663,0.0412,0.0375,0.23,0.0105,8.11,6,10,6,25,0.2,0.8,0.5,0.0,0.0453,0.1,0.5,0.2,0.3,0.4,0.6,0.5,0.6,0.1,0.7,5.5,0,0,0
23.0,20.8,25.2,26.5,22.4,30.6,24.3,19.6,29.0,0.00765,0.0248,0.0334,0.007,0.00771,4.73,0.00944,0.00679,0.0402,0.0373,0.229,0.0121,8.08,6,18,6,25,0.3,0.5,0.4,0.2,0.0452,0.2,0.5,0.3,0.2,0.5,0.5,0.6,0.5,0.1,0.6,5.4,0,0,0
23.6,25.2,22.0,29.3,28.8,29.8,21.6,17.0,26.2,0.00757,0.024,0.0331,0.00719,0.00791,3.88,0.0103,0.00951,0.0411,0.0369,0.231,0.012,7.97,6,16,6,25,0.1,0.7,0.0,0.2,0.0453,0.2,0.4,0.2,0.8,0.6,0.3,0.4,0.7,0.2,0.4,5.2,0,0,0
23.1,23.2,23.0,27.5,23.4,31.6,23.5,24.0,23.0,0.00765,0.0259,0.0328,0.00672,0.00721,3.1,0.00936,0.00951,0.0422,0.0368,0.232,0.0111,7.97,6,13,6,25,0.0,0.9,0.2,0.2,0.0486,0.3,0.3,0.1,0.8,0.7,0.3,0.1,0.5,0.2,0.4,5.0,0,0,0
21.4,23.6,19.2,28.9,28.2,29.6,23.1,23.2,23.0,0.00747,0.0297,0.0327,0.00652,0.0103,2.16,0.00936,0.00973,0.0413,0.0367,0.231,0.0117,7.97,6,18,6,25,0.3,0.8,0.5,0.5,0.0508,0.1,0.3,0.1,0.3,0.6,0.5,0.5,0.3,0.2,0.3,5.3,0,0,0
23.5,22.6,24.4,26.4,28.0,24.8,22.3,21.8,22.8,0.00747,0.0288,0.0323,0.00689,0.0105,1.58,0.00922,0.00973,0.041,0.0359,0.229,0.012,7.88,6,15,6,25,0.3,0.4,0.3,0.6,0.0458,0.2,0.3,0.3,0.3,0.5,0.3,0.7,0.5,0.3,0.2,5.2,0,0,0
23.7,21.6,25.8,29.3,29.8,28.8,23.6,19.4,27.8,0.00757,0.0279,0.032,0.00662,0.0105,0.661,0.00922,0.0092,0.04,0.0357,0.229,0.0112,7.86,6,18,6,25,0.1,0.5,0.3,0.4,0.0468,0.6,0.3,0.3,0.3,0.3,0.4,0.4,1.0,0.5,0.4,5.8,0,0,0
21.6,18.8,24.4,27.4,31.4,23.4,22.7,24.2,21.2,0.00761,0.0293,0.0321,0.00642,0.0109,0.541,0.0133,0.00959,0.0409,0.0357,0.229,0.0106,7.86,6,18,6,25,0.1,0.5,0.3,0.2,0.0466,0.7,0.3,0.3,0.4,0.0,0.7,0.2,1.1,0.6,0.7,6.1,0,0,0
22.6,21.2,24.0,27.4,28.4,26.4,22.5,18.2,26.8,0.0074,0.0284,0.032,0.00686,0.0104,0.572,0.0125,0.00817,0.041,0.0358,0.232,0.011,7.87,6,24,5,25,0.1,0.4,0.2,0.2,0.0454,0.5,0.3,0.5,0.5,0.3,0.8,0.1,0.9,0.5,0.7,6.0,0,0,0
22.6,21.0,24.2,26.6,32.4,20.8,25.0,24.2,25.8,0.00759,0.0284,0.0321,0.00693,0.0108,0.601,0.0133,0.00815,0.0423,0.0357,0.228,0.0109,7.82,6,24,5,25,0.1,0.9,0.2,0.6,0.0475,0.3,0.4,0.3,0.3,0.4,0.6,0.4,1.0,0.5,0.6,6.6,0,0,0
23.1,24.0,22.2,26.7,26.2,27.2,22.7,18.0,27.4,0.0072,0.0151,0.032,0.00629,0.0112,0.55,0.0124,0.00815,0.0406,0.0356,0.229,0.012,5.02,5,6,5,50,0.0,0.0,0.0,0.0,0.0546,0.0,0.0,0.0,0.0,0.0,0.0,0.0,0.0,0.0,0.0,0.0,0,0,0
25.1,20.6,29.6,29.1,25.0,33.2,23.6,24.4,22.8,0.00714,0.0153,0.0318,0.00622,0.0109,0.583,0.0133,0.00812,0.0394,0.0354,0.227,0.0123,5.74,5,12,5,50,11.0,1.8,0.8,0.8,0.0525,1.0,1.2,1.0,1.2,1.2,2.0,1.6,3.4,1.2,0.6,28.8,0,0,0
23.5,26.2,20.8,27.6,25.2,30.0,25.1,22.4,27.8,0.00782,0.0143,0.032,0.00631,0.0112,0.604,0.0121,0.00812,0.0404,0.0352,0.227,0.0123,6.21,5,19,6,50,6.0,1.5,0.6,0.4,0.054,0.7,0.9,0.9,1.4,0.8,1.6,1.0,2.2,0.9,0.6,19.5,0,0,0
24.0,26.4,21.6,27.1,23.4,30.8,23.9,23.0,24.8,0.0083,0.0152,0.032,0.00621,0.0109,0.618,0.0122,0.00814,0.0403,0.0351,0.227,0.0117,6.42,5,15,6,50,0.7,1.6,0.4,0.2,0.054,0.4,0.6,0.9,1.0,0.9,0.9,0.4,1.2,0.7,0.8,10.7,0,0,0
22.8,24.0,21.6,27.8,25.8,29.8,22.8,22.4,23.2,0.00725,0.0143,0.0321,0.0067,0.0105,0.635,0.0122,0.00814,0.0403,0.0353,0.229,0.0122,6.66,5,14,6,50,0.2,1.6,0.9,0.3,0.0527,0.5,0.4,0.9,0.7,1.1,0.6,0.4,1.0,0.5,0.8,9.9,0,0,0
23.5,23.2,23.8,27.0,23.8,30.2,24.6,24.0,25.2,0.00791,0.0153,0.0322,0.00639,0.0105,0.65,0.0136,0.00961,0.0402,0.0351,0.228,0.0113,7.03,6,19,6,50,0.3,1.2,1.0,0.2,0.0537,0.9,0.8,0.9,1.0,0.7,0.5,0.6,0.9,0.4,0.7,10.1,0,0,0
24.4,24.4,24.4,27.4,29.2,25.6,22.4,23.6,21.2,0.00726,0.0144,0.0322,0.00657,0.0107,0.669,0.0144,0.00918,0.0399,0.0352,0.228,0.0109,7.17,6,21,6,50,0.6,1.1,0.4,0.6,0.0536,1.0,0.8,0.8,1.3,0.6,0.6,0.6,1.3,0.6,0.8,11.1,0,0,0
24.2,22.0,26.4,28.2,24.7,31.7,25.0,25.4,24.6,0.0078,0.0152,0.0322,0.00632,0.0109,0.698,0.0125,0.0097,0.0398,0.0348,0.226,0.0117,7.24,6,15,6,50,0.4,0.7,0.4,1.0,0.0525,0.6,0.6,1.0,1.2,0.6,0.6,0.4,1.7,0.9,1.0,11.1,0,0,0
23.6,20.6,26.6,28.0,26.9,29.1,22.6,21.2,24.0,0.0073,0.016,0.0321,0.00674,0.0104,0.723,0.0132,0.0096,0.0396,0.0348,0.228,0.0108,7.25,6,15,6,50,0.3,1.3,0.5,0.8,0.0535,0.8,0.8,1.1,0.8,0.9,0.5,0.6,1.7,0.7,0.8,11.6,0,0,0
24.1,22.8,25.4,27.5,29.4,25.6,23.9,24.4,23.4,0.0075,0.0161,0.0324,0.00637,0.0102,0.759,0.0124,0.00694,0.0394,0.0352,0.227,0.0103,7.28,6,18,6,50,0.5,2.1,0.4,0.5,0.0539,1.3,0.8,0.6,1.1,0.7,0.4,0.8,1.3,0.3,0.9,11.7,0,0,0
22.6,23.8,21.4,27.2,30.0,24.4,23.3,24.0,22.6,0.00792,0.0142,0.0323,0.00697,0.0103,0.763,0.0124,0.00694,0.0395,0.035,0.224,0.0112,7.37,6,20,6,50,1.0,1.7,0.3,0.5,0.0467,0.9,0.7,0.5,0.9,0.4,0.8,0.7,1.2,0.4,1.1,11.1,0,0,0
24.4,26.8,22.0,27.0,29.2,24.8,24.2,27.6,20.8,0.00765,0.0104,0.032,0.00707,0.00713,0.811,0.0131,0.00667,0.0393,0.0348,0.227,0.0103,7.45,6,17,6,50,1.0,1.1,0.4,0.6,0.0441,1.0,0.7,0.6,0.5,0.5,0.9,0.7,1.0,0.3,0.7,10.0,0,0,0
24.2,24.2,24.2,26.9,30.4,23.4,23.7,27.8,19.6,0.00805,0.0112,0.0324,0.00718,0.00774,0.814,0.0124,0.00667,0.0392,0.0349,0.224,0.0109,7.57,6,18,6,50,0.5,0.9,0.6,0.7,0.0452,1.0,1.1,0.6,0.7,0.8,0.6,0.9,1.3,0.3,0.8,10.8,0,0,0
22.5,21.8,23.2,27.8,21.4,34.2,25.2,24.4,26.0,0.00802,0.0112,0.0323,0.00718,0.00783,0.852,0.0131,0.00715,0.0392,0.0351,0.228,0.0109,7.66,6,20,6,50,0.5,1.1,0.5,0.8,0.0441,0.6,0.9,0.5,0.8,1.0,0.6,1.2,1.9,0.6,0.8,11.8,0,0,0
23.0,23.8,22.2,27.7,26.8,28.6,22.4,24.0,20.8,0.00734,0.0121,0.0322,0.00732,0.00769,0.868,0.009,0.00676,0.04,0.035,0.228,0.0119,7.63,6,19,6,50,0.5,1.2,0.6,0.6,0.0439,0.7,0.6,0.5,0.9,0.8,0.7,0.9,2.0,0.4,0.9,11.3,0,0,0
24.4,22.6,26.2,26.5,31.0,22.0,23.4,23.6,23.2,0.00757,0.0121,0.0322,0.00679,0.00819,0.902,0.00984,0.00676,0.0389,0.0349,0.227,0.0114,7.62,6,14,6,50,0.7,1.1,0.7,0.3,0.045,0.9,0.8,0.3,0.5,0.8,0.8,0.5,1.7,0.0,1.1,10.2,0,0,0
23.5,22.4,24.6,26.5,28.4,24.6,23.7,20.6,26.8,0.00739,0.0121,0.0323,0.00725,0.00792,0.909,0.00984,0.00722,0.0378,0.0348,0.228,0.0114,7.63,6,18,6,50,0.5,1.2,0.5,0.4,0.0428,1.2,0.9,0.5,0.3,0.6,0.6,0.9,1.4,0.2,1.2,10.4,0,0,0
24.4,27.4,21.4,29.9,27.2,32.6,23.4,21.4,25.4,0.008,0.0118,0.0322,0.00691,0.00773,0.955,0.00906,0.00722,0.0386,0.0352,0.23,0.0109,7.64,6,18,6,50,0.1,1.4,0.4,0.6,0.0439,1.3,0.7,0.6,0.7,0.3,0.3,0.9,1.2,0.3,1.2,10.0,0,0,0
25.9,23.8,28.0,25.8,29.2,22.4,23.1,21.2,25.0,0.00785,0.011,0.0324,0.00731,0.00799,0.988,0.00996,0.00676,0.0397,0.0353,0.23,0.0116,7.58,6,16,5,50,0.3,1.5,0.7,0.8,0.0437,1.2,0.7,0.4,0.6,0.5,0.5,0.8,1.3,0.1,0.8,10.2,0,0,0
22.6,26.0,19.2,28.3,24.8,31.8,23.2,20.6,25.8,0.00788,0.0119,0.0324,0.00736,0.0078,1.06,0.00921,0.00725,0.0384,0.0354,0.229,0.0113,7.58,6,17,5,50,0.5,1.5,0.9,0.9,0.0425,0.9,0.8,0.7,0.7,0.8,0.6,0.7,1.8,0.4,0.9,12.1,0,0,0
27.9,24.2,31.6,27.0,22.0,32.0,26.6,29.8,23.4,0.00736,0.0149,0.033,0.00966,0.00803,1.04,0.0141,0.00833,0.0384,0.0354,0.226,0.0112,7.15,6,19,6,100,27.3,5.75,2.25,2.0,0.0377,1.75,2.0,2.5,2.75,2.5,1.5,1.25,4.5,2.0,3.25,61.3,0,0,0
24.9,26.2,23.6,26.6,27.4,25.8,24.5,25.4,23.6,0.00766,0.0148,0.0326,0.00997,0.00803,1.07,0.0127,0.00686,0.0383,0.0354,0.226,0.0116,7.16,6,20,6,100,12.3,4.33,1.11,1.56,0.0363,1.78,1.56,2.0,2.22,1.89,1.11,1.22,3.67,1.67,2.11,38.6,0,0,0
24.6,21.8,27.4,27.2,26.4,28.0,24.3,27.8,20.8,0.00787,0.0148,0.0327,0.00994,0.00798,1.12,0.0127,0.00734,0.0383,0.0354,0.228,0.012,7.25,5,18,5,100,0.7,3.0,1.2,0.9,0.0371,1.5,1.2,1.4,1.5,1.1,0.9,1.7,2.9,1.4,1.7,21.1,0,0,0
25.4,25.4,25.4,26.9,26.4,27.4,22.6,20.6,24.6,0.00781,0.014,0.0327,0.01,0.00749,1.16,0.0134,0.00681,0.0384,0.0357,0.227,0.0117,7.4,5,20,5,100,0.9,3.1,1.6,1.1,0.0368,1.0,1.1,1.2,1.5,0.9,1.3,1.8,2.8,1.3,2.4,22.0,0,0,0
25.3,21.8,28.8,28.0,32.0,24.0,24.4,21.2,27.6,0.00788,0.0141,0.0329,0.00972,0.00796,1.2,0.0127,0.00694,0.0384,0.0356,0.227,0.0113,7.48,5,21,6,100,0.8,3.1,0.9,1.4,0.0356,0.9,1.1,1.0,1.9,1.2,1.8,1.6,2.7,1.2,1.9,21.5,0,0,0
24.5,28.3,20.7,26.5,22.4,30.6,22.8,22.2,23.4,0.00721,0.0141,0.0327,0.0101,0.00831,1.23,0.014,0.00688,0.0384,0.0355,0.225,0.0118,7.42,5,19,6,100,0.7,2.6,0.9,1.2,0.0366,1.0,1.4,1.1,1.4,1.3,1.5,1.4,2.3,0.8,1.5,19.1,0,0,0
25.6,24.3,26.9,27.2,27.8,26.6,25.0,24.2,25.8,0.00714,0.015,0.0329,0.00969,0.00776,1.28,0.014,0.00737,0.0373,0.0356,0.229,0.0113,7.45,6,17,6,100,1.0,2.6,0.9,1.5,0.0363,1.2,1.1,1.5,0.9,1.4,1.8,1.5,3.1,0.8,2.6,21.9,0,0,0
24.5,21.4,27.6,27.8,25.6,30.0,24.2,21.8,26.6,0.00693,0.015,0.0331,0.0101,0.00787,1.29,0.014,0.00684,0.0381,0.0359,0.226,0.0113,7.4,6,17,6,100,1.0,2.7,0.7,1.0,0.0367,1.6,0.9,1.9,1.0,1.6,1.9,1.9,3.0,0.9,2.9,23.0,0,0,0
25.5,25.4,25.6,27.9,24.4,31.4,22.7,19.4,26.0,0.00713,0.015,0.0329,0.00979,0.00736,1.36,0.014,0.00734,0.0382,0.0358,0.23,0.0112,7.38,6,16,6,100,0.4,2.8,1.1,0.9,0.0363,1.4,1.3,1.6,1.6,1.3,1.4,2.2,2.2,0.8,1.9,20.9,0,0,0
25.7,24.4,27.0,27.0,29.6,24.4,24.4,20.8,28.0,0.00707,0.0158,0.0329,0.0101,0.00795,1.42,0.014,0.00738,0.0381,0.0359,0.225,0.0118,7.48,6,17,6,100,0.8,3.2,2.0,1.5,0.0363,1.1,1.4,0.9,2.2,1.1,1.6,1.9,3.2,1.0,1.8,23.7,0,0,0
24.8,27.2,22.4,28.0,25.4,30.6,23.1,20.0,26.2,0.00707,0.0136,0.0331,0.00974,0.00802,1.46,0.014,0.00738,0.0371,0.0361,0.226,0.0102,7.5,6,18,6,100,0.7,2.4,1.9,1.3,0.0364,1.0,1.7,1.2,2.2,1.0,1.4,0.8,3.3,1.3,2.3,22.5,0,0,0
24.2,22.1,26.3,25.8,25.4,26.2,22.3,20.8,23.8,0.00746,0.0136,0.0333,0.0102,0.00765,1.49,0.0132,0.00738,0.0379,0.0359,0.225,0.0106,7.45,6,17,6,100,1.0,2.3,1.5,1.2,0.036,1.4,1.8,1.0,1.5,0.9,1.4,0.4,2.3,1.0,2.1,19.8,0,0,0
25.7,27.5,23.9,28.8,25.8,31.8,24.6,25.4,23.8,0.00754,0.0146,0.0332,0.00962,0.00755,1.55,0.0131,0.00688,0.0379,0.0361,0.226,0.0105,7.53,6,18,6,100,1.5,3.1,1.8,0.9,0.0359,1.9,1.2,0.8,0.8,1.4,1.9,1.0,2.8,0.9,2.0,22.0,0,0,0
24.8,28.8,20.8,26.0,27.8,24.2,24.1,24.2,24.0,0.00692,0.0137,0.0331,0.00973,0.00811,1.57,0.0131,0.00688,0.038,0.0359,0.227,0.0109,7.54,6,21,6,100,1.1,2.4,1.8,1.2,0.0346,1.7,1.4,1.6,0.8,1.5,1.3,1.7,3.6,1.2,1.9,23.2,0,0,0
23.8,25.8,21.8,26.8,26.0,27.6,23.7,25.2,22.2,0.00765,0.0145,0.033,0.00984,0.00774,1.62,0.013,0.00742,0.0377,0.0358,0.226,0.0102,7.54,6,21,6,100,1.0,2.3,2.0,1.6,0.0358,1.6,1.7,1.8,0.7,1.2,0.6,1.9,2.7,0.7,1.9,21.7,0,0,0
25.6,25.4,25.8,27.2,26.6,27.8,22.3,21.2,23.4,0.00761,0.0136,0.0332,0.0102,0.00814,1.66,0.013,0.00837,0.0379,0.0359,0.227,0.0112,7.53,6,17,6,100,0.9,2.6,1.7,1.1,0.0359,1.1,1.4,1.6,0.9,1.3,1.3,1.7,2.3,0.4,2.3,20.6,0,0,0
25.3,29.6,21.0,27.3,31.6,23.0,25.4,25.0,25.8,0.00822,0.0157,0.0332,0.0102,0.0076,1.71,0.0137,0.00837,0.0375,0.0362,0.225,0.0113,7.55,6,19,6,100,1.6,2.9,1.3,1.5,0.0345,0.8,1.4,2.2,1.0,1.5,1.5,1.5,2.8,0.5,1.6,22.1,0,0,0
25.7,24.6,26.8,27.5,30.0,25.0,22.9,22.2,23.6,0.0069,0.0149,0.0333,0.00879,0.00776,1.82,0.0138,0.00789,0.0375,0.0364,0.225,0.0113,7.6,6,20,6,100,1.9,3.4,1.3,1.5,0.0341,1.2,0.9,1.9,1.1,1.5,1.4,1.7,2.8,0.5,1.6,22.7,0,0,0
25.9,26.0,25.8,26.2,25.0,27.4,25.8,25.8,25.8,0.00749,0.0159,0.0337,0.00998,0.00801,1.91,0.0138,0.00839,0.0375,0.0363,0.226,0.011,7.6,6,19,6,100,1.4,3.4,1.3,1.0,0.0352,1.5,0.7,1.1,1.1,1.4,1.1,1.5,2.7,0.6,2.5,21.3,0,0,0
23.7,23.6,23.8,28.7,30.6,26.8,23.6,23.0,24.2,0.00759,0.0104,0.0345,0.00825,0.00766,14.1,0.00995,0.00711,0.0402,0.0391,0.233,0.0112,8.42,6,8,6,25,0.0,0.0,14.9,0.0,0.0401,0.0,0.0,0.0,0.0,0.0,0.0,0.0,0.0,0.0,0.0,0.0,0,0,0
22.8,24.8,20.8,24.9,23.4,26.4,22.8,24.2,21.4,0.00816,0.0113,0.0347,0.0077,0.00739,13.3,0.0107,0.0071,0.0404,0.0389,0.235,0.0119,8.74,6,21,6,25,4.67,1.0,14.9,0.5,0.0403,0.5,0.5,0.667,0.167,0.5,0.667,0.5,0.833,0.333,0.667,11.5,0,0,0
23.0,21.8,24.2,28.0,30.8,25.2,23.3,23.6,23.0,0.00816,0.0103,0.0345,0.00836,0.00748,12.3,0.00972,0.0071,0.0403,0.0389,0.235,0.0116,8.71,6,22,6,25,0.2,0.5,0.2,0.5,0.0401,0.2,0.1,0.4,0.2,0.1,0.6,0.3,0.6,0.0,0.4,4.3,0,0,0
23.0,22.4,23.6,25.0,22.8,27.2,23.7,22.4,25.0,0.00803,0.0103,0.0345,0.00691,0.00738,11.4,0.0105,0.0066,0.0401,0.0388,0.233,0.0119,8.59,6,21,6,25,0.1,1.0,0.4,0.6,0.0401,0.3,0.3,0.3,0.2,0.3,0.7,0.4,0.7,0.0,0.4,5.7,0,0,0
24.1,25.9,22.4,28.2,24.0,32.4,23.1,19.4,26.8,0.00738,0.00944,0.0342,0.00754,0.007,10.6,0.00954,0.00709,0.0411,0.0387,0.235,0.0111,8.17,6,17,6,25,0.0,1.2,0.2,0.5,0.0388,0.1,0.3,0.1,0.3,0.6,0.2,0.5,0.6,0.1,0.8,5.5,0,0,0
24.4,25.4,23.4,26.2,27.0,25.4,23.5,23.4,23.6,0.00785,0.0111,0.0339,0.0079,0.00689,9.83,0.0122,0.00759,0.0401,0.0384,0.233,0.0119,7.94,6,11,6,25,0.2,0.5,0.4,0.4,0.0398,0.4,0.2,0.1,0.5,0.6,0.1,0.5,1.0,0.4,0.8,6.1,0,0,0
22.7,20.2,25.2,27.8,26.2,29.4,23.3,23.4,23.2,0.00769,0.0102,0.0339,0.00805,0.007,9.04,0.0114,0.00698,0.0389,0.0382,0.235,0.0114,7.89,6,18,6,25,0.3,0.5,0.4,0.3,0.0398,0.7,0.1,0.1,0.5,0.4,0.3,0.3,0.9,0.3,0.3,5.4,0,0,0
23.4,17.2,29.6,25.0,21.0,29.0,23.2,24.4,22.0,0.00772,0.0113,0.0337,0.00815,0.00724,8.08,0.0121,0.00787,0.0399,0.0379,0.231,0.0119,7.95,6,19,6,25,0.3,0.7,0.5,0.2,0.0386,0.6,0.5,0.1,0.3,0.5,0.4,0.3,1.1,0.4,0.3,6.2,0,0,0
22.6,26.0,19.2,28.0,29.6,26.4,23.7,22.2,25.2,0.00754,0.0123,0.0336,0.008,0.00721,7.1,0.0121,0.00787,0.0407,0.0378,0.229,0.0114,7.87,6,19,6,25,0.5,0.4,0.5,0.4,0.0395,0.0,0.5,0.0,0.4,0.6,0.1,0.4,0.8,0.3,0.4,5.3,0,0,0
24.0,20.6,27.4,26.3,28.4,24.2,24.9,21.2,28.6,0.00759,0.0114,0.0333,0.00771,0.00734,6.54,0.0121,0.00841,0.0395,0.0374,0.231,0.0104,7.86,6,17,6,25,0.5,0.4,0.5,0.5,0.0394,0.3,0.2,0.5,0.3,0.2,0.3,0.5,0.7,0.2,0.3,5.4,0,0,0
22.9,19.6,26.2,26.0,23.6,28.4,21.5,23.4,19.6,0.00759,0.01,0.0332,0.0079,0.00704,5.45,0.0111,0.00785,0.0394,0.0374,0.23,0.0107,7.92,6,20,6,25,0.3,0.3,0.6,0.4,0.0384,0.4,0.5,0.6,0.1,0.5,0.4,0.5,1.0,0.4,0.2,6.2,0,0,0
23.9,22.0,25.8,27.3,23.8,30.8,23.4,19.8,27.0,0.00709,0.0109,0.0331,0.0079,0.00735,4.66,0.0111,0.0084,0.0393,0.0375,0.229,0.0107,7.95,6,19,6,25,0.4,0.1,0.6,0.5,0.0397,0.3,0.5,0.3,0.0,0.5,0.5,0.4,0.6,0.3,0.2,5.2,0,0,0
24.8,21.8,27.8,26.4,29.8,23.0,22.1,21.8,22.4,0.00813,0.0101,0.033,0.00796,0.00706,3.93,0.0116,0.00692,0.0392,0.0372,0.229,0.0104,7.91,6,15,7,25,0.3,0.4,0.4,0.6,0.0393,0.1,0.4,0.4,0.3,0.2,0.5,0.4,0.4,0.2,0.4,5.0,0,0,0
22.9,28.4,17.4,29.0,34.2,23.8,24.8,23.4,26.2,0.0082,0.011,0.0328,0.00774,0.00714,2.96,0.0107,0.00747,0.0403,0.0371,0.23,0.0111,7.89,6,18,6,25,0.2,0.8,0.3,0.4,0.0383,0.0,0.6,0.4,0.4,0.3,0.2,0.3,0.5,0.3,0.5,5.2,0,0,0
23.4,20.8,26.0,26.9,27.8,26.0,21.2,21.0,21.4,0.0069,0.0102,0.0324,0.00806,0.00695,2.22,0.0107,0.00696,0.0394,0.0367,0.228,0.0103,7.8,6,18,6,25,0.2,0.8,0.3,0.2,0.0394,0.0,0.4,0.2,0.3,0.2,0.2,0.7,0.4,0.2,0.4,4.5,0,0,0
24.3,23.4,25.2,27.1,28.0,26.2,25.8,29.4,22.2,0.0075,0.0109,0.0322,0.00806,0.00667,1.44,0.0114,0.00746,0.0394,0.0362,0.226,0.0107,7.83,6,16,6,25,0.4,0.6,0.4,0.3,0.0393,0.3,0.4,0.3,0.3,0.3,0.1,0.6,0.5,0.2,0.5,5.2,0,0,0
23.9,24.8,23.0,27.5,28.0,27.0,21.4,20.6,22.2,0.00687,0.00996,0.032,0.00797,0.00684,0.519,0.0105,0.00725,0.0393,0.0364,0.228,0.0104,7.9,6,21,6,25,0.3,0.4,0.4,0.5,0.0393,0.5,0.6,0.3,0.2,0.4,0.5,0.4,1.1,0.5,0.5,6.6,0,0,0
24.0,22.8,25.2,25.0,21.6,28.4,25.0,21.4,28.6,0.00753,0.00996,0.0322,0.00788,0.00708,0.554,0.0113,0.00725,0.0393,0.0362,0.227,0.0108,7.95,6,22,6,25,0.2,0.4,0.3,0.5,0.0393,0.5,0.3,0.5,0.0,0.5,0.7,0.5,1.1,0.3,0.7,6.5,0,0,0
24.3,19.6,29.0,28.4,29.2,27.6,21.9,20.2,23.6,0.00688,0.00982,0.0323,0.00768,0.00694,0.579,0.0106,0.00674,0.0394,0.0361,0.227,0.0117,7.97,6,20,6,25,0.5,0.6,0.1,0.4,0.0392,0.6,0.2,0.5,0.1,0.6,0.4,0.5,0.9,0.1,0.8,6.3,0,0,0
23.5,26.6,20.4,26.9,29.6,24.2,24.4,22.2,26.6,0.00737,0.0117,0.0323,0.00737,0.00731,0.608,0.0106,0.00623,0.0405,0.0359,0.228,0.0112,7.95,6,17,6,25,0.4,0.8,0.2,0.2,0.0349,0.7,0.3,0.3,0.3,0.3,0.3,0.5,0.9,0.2,0.3,5.7,0,0,0
26.6,29.0,24.2,27.0,24.2,29.8,21.2,19.0,23.4,0.00706,0.0116,0.0323,0.00773,0.00711,0.487,0.0105,0.0105,0.0393,0.0365,0.227,0.0106,8.04,6,8,6,50,0.0,0.0,0.0,0.0,0.0533,0.0,0.0,0.0,0.0,0.0,0.0,0.0,0.0,0.0,0.0,0.0,0,0,0
23.4,27.4,19.4,26.0,29.2,22.8,24.8,22.6,27.0,0.00753,0.0125,0.0324,0.00719,0.00737,0.608,0.0112,0.0106,0.0384,0.0363,0.227,0.0111,7.65,6,12,6,50,10.8,1.4,1.4,1.6,0.0547,1.0,1.2,1.0,1.4,0.8,0.4,1.0,2.4,1.4,1.4,27.2,0,0,0
23.8,28.0,19.6,28.2,29.8,26.6,24.1,26.4,21.8,0.00707,0.0108,0.0327,0.00681,0.00746,0.634,0.0086,0.0101,0.0394,0.0362,0.226,0.0102,7.62,6,16,6,50,5.7,1.4,1.1,1.1,0.0535,0.6,0.9,0.7,1.3,0.6,0.6,1.0,2.0,1.0,1.1,19.1,0,0,0
24.2,23.8,24.6,25.4,27.6,23.2,24.5,23.6,25.4,0.00707,0.0116,0.0325,0.00727,0.00693,0.645,0.00939,0.0106,0.0405,0.0363,0.225,0.0108,7.54,6,18,6,50,0.7,1.7,0.7,0.7,0.0548,0.2,0.4,0.5,0.9,0.3,0.9,0.9,1.3,0.5,0.6,10.3,0,0,0
25.1,28.2,22.0,29.1,26.2,32.0,23.1,23.8,22.4,0.00704,0.0105,0.0325,0.00765,0.00717,0.673,0.00863,0.00965,0.0394,0.0364,0.226,0.0108,7.58,6,17,6,50,0.5,1.7,0.7,0.9,0.0547,0.7,0.4,0.3,1.0,0.6,0.7,0.7,1.1,0.5,0.8,10.6,0,0,0
23.7,22.6,24.8,26.6,24.4,28.8,24.4,21.2,27.6,0.0113,0.00952,0.0323,0.00738,0.00741,0.684,0.00788,0.00965,0.0384,0.0363,0.228,0.0108,7.55,6,17,6,50,0.3,1.6,0.8,1.0,0.0537,0.9,0.5,0.1,1.0,0.7,0.6,0.7,1.1,0.5,1.0,10.8,0,0,0
22.8,18.3,27.3,26.8,24.0,29.6,21.6,19.0,24.2,0.0112,0.0103,0.0322,0.00757,0.0072,0.702,0.00941,0.00961,0.0404,0.0363,0.226,0.0107,7.51,6,22,5,50,0.6,2.1,0.5,0.8,0.0551,1.0,0.5,0.3,0.5,0.4,0.9,0.4,0.9,0.5,1.0,10.4,0,0,0
24.3,20.1,28.5,26.8,30.8,22.8,23.9,20.8,27.0,0.0118,0.0117,0.0322,0.00735,0.00749,0.721,0.00941,0.00961,0.0394,0.0364,0.227,0.0116,7.46,6,20,6,50,0.4,2.2,0.3,0.5,0.0549,0.8,0.9,0.6,0.5,0.4,0.8,0.5,1.1,0.4,1.3,10.7,0,0,0
22.3,22.6,22.0,27.6,26.6,28.6,22.3,17.2,27.4,0.0118,0.0108,0.0322,0.00785,0.00718,0.783,0.00941,0.00906,0.0393,0.0361,0.226,0.0111,7.38,6,16,6,50,0.1,1.4,0.3,0.4,0.0539,0.4,1.0,1.0,0.7,0.8,0.5,1.0,1.5,0.2,1.3,10.6,0,0,0
24.9,21.8,28.0,25.2,22.0,28.4,23.8,24.0,23.6,0.0106,0.0116,0.0326,0.00737,0.00709,0.81,0.00889,0.00961,0.0394,0.0364,0.228,0.0116,7.37,6,16,5,50,0.4,1.9,0.4,0.3,0.0549,0.7,1.0,0.7,0.7,0.9,0.4,1.0,1.3,0.2,0.9,10.8,0,0,0
24.5,25.8,23.2,29.4,28.8,30.0,23.3,20.6,26.0,0.0105,0.0107,0.0325,0.00726,0.00731,0.828,0.0113,0.00906,0.0383,0.0364,0.227,0.0111,7.45,6,20,6,50,0.4,1.8,0.6,0.5,0.0546,0.5,1.1,0.5,0.6,0.4,0.8,0.9,1.4,0.2,1.0,10.7,0,0,0
23.9,27.7,20.1,24.8,23.4,26.2,23.5,25.0,22.0,0.0111,0.0115,0.0325,0.00733,0.00754,0.86,0.0113,0.00956,0.0391,0.0366,0.227,0.0116,7.43,6,20,6,50,0.4,1.5,0.8,0.7,0.0536,0.3,0.7,0.7,0.8,0.4,0.6,0.8,1.6,0.3,1.4,11.0,0,0,0
24.0,21.7,26.3,28.1,29.2,27.0,22.0,21.0,23.0,0.0105,0.0107,0.0324,0.00761,0.00754,0.874,0.0113,0.00956,0.0393,0.0366,0.228,0.011,7.38,6,17,6,50,0.5,1.8,0.9,0.7,0.0548,0.4,0.4,0.6,0.7,0.6,0.6,0.6,1.1,0.4,1.3,10.6,0,0,0
25.2,23.8,26.6,28.4,23.8,33.0,24.2,26.0,22.4,0.0112,0.0116,0.0325,0.00741,0.00696,0.896,0.0113,0.00913,0.0393,0.0363,0.224,0.0116,7.32,6,13,5,50,0.4,1.2,0.9,1.1,0.0549,0.6,0.5,0.6,0.4,0.7,1.1,0.4,1.3,0.8,0.8,10.8,0,0,0
24.2,25.6,22.8,27.5,30.2,24.8,23.1,20.2,26.0,0.011,0.0116,0.0322,0.00741,0.00737,0.908,0.0105,0.00913,0.0391,0.0366,0.228,0.0119,7.35,6,16,6,50,0.3,1.7,0.8,1.2,0.0537,0.8,0.6,0.5,0.7,0.6,0.7,0.5,1.6,0.7,0.8,11.5,0,0,0
24.9,27.6,22.2,26.2,29.2,23.2,24.2,26.6,21.8,0.0111,0.0108,0.0321,0.00765,0.00748,0.948,0.0113,0.00967,0.039,0.0368,0.225,0.0107,7.36,6,17,6,50,0.3,1.8,0.7,0.8,0.0536,0.7,0.8,0.3,0.9,0.6,0.7,1.2,1.9,1.0,0.7,12.4,0,0,0
23.7,20.2,27.2,27.3,29.2,25.4,22.1,25.0,19.2,0.0106,0.0089,0.0323,0.00801,0.0071,0.977,0.0113,0.00967,0.0377,0.0371,0.229,0.0104,7.33,6,17,6,50,0.4,1.5,1.0,0.6,0.0546,1.0,1.3,0.2,0.5,0.8,1.1,1.1,2.1,1.2,0.3,13.1,0,0,0
24.6,20.6,28.6,26.3,29.8,22.8,24.3,26.0,22.6,0.0108,0.0106,0.0323,0.00765,0.00754,1.01,0.0106,0.00978,0.0397,0.0371,0.227,0.0108,7.37,6,18,6,50,0.4,1.5,1.2,0.5,0.0344,1.1,1.3,0.6,0.4,0.8,1.0,0.7,2.1,0.9,0.2,12.7,0,0,0
24.8,26.0,23.6,29.2,28.4,30.0,22.8,26.2,19.4,0.0106,0.00973,0.0322,0.00803,0.00772,1.07,0.0106,0.00978,0.0388,0.0369,0.228,0.0112,7.39,6,20,6,50,0.5,0.9,0.9,0.7,0.0342,1.0,0.7,0.7,0.6,0.8,0.9,0.7,1.8,0.7,0.7,11.6,0,0,0
25.4,29.8,21.0,26.1,23.8,28.4,24.1,21.6,26.6,0.0111,0.0107,0.0323,0.00749,0.00681,1.12,0.0106,0.0104,0.0387,0.0369,0.228,0.0112,7.44,6,20,6,50,0.5,1.1,0.6,0.8,0.0357,1.0,0.4,0.7,0.4,1.1,0.8,0.6,1.3,0.3,1.1,10.7,0,0,0
29.0,32.8,25.2,27.2,23.4,31.0,24.2,23.2,25.2,0.0119,0.0113,0.0327,0.00609,0.00816,1.1,0.0107,0.00639,0.0389,0.0376,0.227,0.0111,5.98,5,16,5,100,27.3,5.25,1.25,2.25,0.0365,2.0,1.25,1.75,2.0,2.5,3.0,3.25,5.5,2.25,3.5,63.0,0,0,0
25.2,28.8,21.6,30.8,34.6,27.0,24.4,22.0,26.8,0.00761,0.0113,0.0327,0.00599,0.00806,1.16,0.0123,0.00639,0.0386,0.0375,0.228,0.0112,6.61,5,19,6,100,12.4,4.44,1.0,1.44,0.0366,1.89,1.33,1.11,1.22,2.22,1.89,2.0,4.0,1.78,2.11,38.9,0,0,0
25.6,29.8,21.4,27.5,27.6,27.4,24.7,21.8,27.6,0.0078,0.0117,0.0328,0.00722,0.00834,1.23,0.0108,0.0066,0.038,0.0375,0.227,0.0113,6.81,5,18,6,100,0.8,3.6,0.7,1.6,0.0354,1.4,1.3,1.5,1.6,1.4,0.9,1.6,3.4,1.8,1.4,23.0,0,0,0
25.6,25.8,25.4,28.2,35.0,21.4,22.5,21.2,23.8,0.00723,0.0103,0.0326,0.00702,0.00806,1.26,0.0115,0.00715,0.04,0.0375,0.227,0.0109,6.97,5,20,6,100,1.1,2.7,1.3,1.7,0.0351,1.7,1.1,1.8,2.3,1.4,1.1,1.7,3.8,1.3,1.5,24.5,0,0,0
26.0,27.6,24.4,26.3,24.0,28.6,24.5,22.0,27.0,0.00775,0.0111,0.0325,0.00713,0.00787,1.28,0.0115,0.00715,0.039,0.0374,0.228,0.0106,7.11,5,21,6,100,0.9,2.6,2.0,1.0,0.0365,1.9,1.1,1.3,1.6,1.7,2.0,1.2,3.5,0.8,0.9,22.5,0,0,0
25.3,26.4,24.2,28.1,30.8,25.4,23.7,25.0,22.4,0.0073,0.0103,0.0322,0.00745,0.00843,1.3,0.0114,0.0066,0.039,0.0372,0.227,0.0101,7.12,5,21,6,100,1.3,2.8,2.3,0.8,0.0353,1.5,1.2,1.7,1.2,1.6,1.8,1.3,2.9,1.2,0.8,22.4,0,0,0
27.3,25.0,29.6,26.8,30.6,23.0,24.1,24.4,23.8,0.00794,0.0111,0.0321,0.00735,0.00817,1.37,0.00903,0.00713,0.0391,0.0374,0.228,0.0105,7.16,5,16,6,100,1.6,3.1,2.0,0.8,0.0366,1.8,1.7,2.3,1.2,1.8,1.0,1.4,2.8,0.9,0.8,23.2,0,0,0
26.6,29.0,24.2,29.6,31.6,27.6,22.9,22.2,23.6,0.00731,0.0103,0.0322,0.00696,0.00807,1.41,0.00979,0.00663,0.0393,0.0367,0.225,0.0104,7.25,6,19,6,100,1.2,3.4,1.6,1.4,0.0366,2.1,2.0,2.0,1.3,1.7,0.9,1.3,3.1,0.9,0.9,23.8,0,0,0
25.8,27.6,24.0,26.8,26.6,27.0,25.2,23.8,26.6,0.00797,0.0111,0.0321,0.00744,0.00842,1.45,0.00904,0.00656,0.0391,0.0369,0.228,0.0109,7.31,6,19,6,100,1.1,3.0,1.3,1.8,0.0354,1.6,1.5,1.5,1.5,1.5,0.7,1.4,3.2,1.1,1.6,22.8,0,0,0
25.6,24.2,27.0,29.6,28.0,31.2,22.0,24.6,19.4,0.00767,0.0103,0.0322,0.00745,0.00853,1.52,0.00986,0.00656,0.0393,0.0374,0.231,0.0103,7.41,6,19,6,100,0.9,3.0,1.2,1.5,0.0364,1.1,1.4,1.7,1.5,1.6,1.1,1.3,2.7,0.8,2.1,21.9,0,0,0
27.0,31.0,23.0,27.1,27.2,27.0,25.9,25.4,26.4,0.00735,0.0113,0.0324,0.00764,0.00777,1.54,0.00986,0.00816,0.0405,0.0374,0.226,0.011,7.41,6,17,6,100,0.9,3.6,1.5,1.3,0.0362,0.8,1.0,1.9,1.3,1.9,1.4,1.1,2.1,0.5,2.2,21.5,0,0,0
25.3,28.4,22.2,28.7,30.6,26.8,23.2,23.0,23.4,0.00728,0.0113,0.0323,0.00748,0.00795,1.57,0.00995,0.00761,0.0397,0.037,0.227,0.0111,7.44,6,20,6,100,0.9,3.3,1.7,1.1,0.0365,1.4,1.0,1.8,1.2,1.7,1.2,1.4,2.6,0.5,2.0,21.8,0,0,0
24.6,21.2,28.0,26.0,21.8,30.2,25.6,31.2,20.0,0.00796,0.0123,0.0322,0.0072,0.00785,1.61,0.00995,0.00811,0.0398,0.037,0.226,0.0115,7.49,6,21,6,100,0.8,2.7,2.0,1.1,0.0365,1.7,1.7,1.9,1.5,1.8,1.5,1.2,3.5,0.9,1.9,24.2,0,0,0
25.2,25.8,24.6,30.7,32.2,29.2,22.7,22.2,23.2,0.00725,0.0107,0.0322,0.00749,0.00794,1.66,0.00996,0.0076,0.0388,0.0367,0.227,0.0106,7.51,6,19,6,100,1.0,2.8,1.6,0.9,0.0367,1.0,1.5,1.2,1.8,2.0,1.4,1.2,2.9,0.8,1.3,21.4,0,0,0
25.9,25.0,26.8,27.7,25.2,30.2,24.0,24.2,23.8,0.00725,0.0116,0.0323,0.00712,0.00819,1.68,0.00996,0.0076,0.0397,0.0375,0.225,0.011,7.61,6,22,6,100,1.0,3.2,1.3,0.9,0.0368,1.5,0.9,0.7,2.0,1.6,1.0,1.6,2.0,0.5,1.3,19.5,0,0,0
24.1,23.8,24.4,27.2,28.4,26.0,23.6,24.8,22.4,0.00722,0.0114,0.0321,0.00769,0.00781,1.72,0.00918,0.00753,0.0395,0.0371,0.226,0.0111,7.61,6,23,6,100,0.5,3.2,1.6,1.7,0.0352,1.5,0.7,1.1,1.6,1.0,0.7,1.6,2.2,0.6,2.1,20.1,0,0,0
26.0,30.2,21.8,27.1,30.6,23.6,24.1,22.6,25.6,0.00742,0.0114,0.0321,0.00728,0.00781,1.79,0.00987,0.00694,0.0399,0.037,0.226,0.0111,7.6,6,19,6,100,0.5,2.4,1.4,1.8,0.0363,1.3,1.6,1.3,1.3,0.8,1.1,1.5,2.9,0.8,2.0,20.7,0,0,0
24.8,23.8,25.8,30.6,32.8,28.4,23.4,23.2,23.6,0.0084,0.0106,0.0322,0.00752,0.00692,1.9,0.00912,0.00694,0.0407,0.0371,0.225,0.0105,7.59,6,18,6,100,1.7,2.2,0.9,2.0,0.0357,1.6,1.9,1.4,1.1,1.1,1.3,1.0,2.9,0.8,2.2,22.1,0,0,0
25.8,27.2,24.4,24.9,26.4,23.4,24.2,23.2,25.2,0.00844,0.0116,0.0322,0.00724,0.00657,1.99,0.01,0.00694,0.0397,0.0372,0.23,0.0103,7.58,6,17,6,100,2.1,2.4,1.1,2.2,0.0354,1.8,1.4,0.9,1.3,1.3,0.8,0.7,2.4,0.7,2.4,21.5,0,0,0
22.8,22.6,23.0,28.4,33.4,23.4,22.2,22.6,21.8,0.00731,0.0117,0.034,0.00837,0.00706,14.2,0.0128,0.00676,0.0392,0.0408,0.233,0.0115,9.94,8,21,6,25,25.0,3.0,2.0,1.0,0.0422,3.0,1.0,2.0,7.0,1.0,1.0,1.0,3.0,1.0,3.0,54.0,0,0,0
23.8,24.2,23.4,26.7,30.4,23.0,24.7,23.8,25.6,0.00701,0.0117,0.0339,0.00847,0.00703,13.3,0.0128,0.00698,0.038,0.0405,0.232,0.0105,9.21,7,21,6,25,4.17,0.667,0.333,0.333,0.0421,1.0,0.5,0.5,1.33,0.5,0.5,0.5,1.0,0.333,0.833,12.5,0,0,0
23.4,24.4,22.4,28.5,32.8,24.2,22.5,22.6,22.4,0.00696,0.0108,0.0336,0.00837,0.00724,12.6,0.0134,0.00698,0.0389,0.0403,0.232,0.0106,8.65,6,17,6,25,0.1,0.5,0.3,0.4,0.0362,0.6,0.5,0.2,0.2,0.6,0.2,0.3,1.1,0.6,0.2,5.8,0,0,0
23.9,27.4,20.4,25.9,25.0,26.8,24.7,24.4,25.0,0.00696,0.0116,0.0335,0.00826,0.00754,11.6,0.0134,0.00691,0.0388,0.0399,0.229,0.0111,8.55,6,21,6,25,0.3,0.8,0.4,0.3,0.0371,0.4,0.3,0.4,0.1,0.6,0.1,0.4,1.0,0.5,0.2,5.8,0,0,0
22.9,20.6,25.2,27.6,29.4,25.8,21.9,18.2,25.6,0.00799,0.0106,0.0335,0.00808,0.00755,10.8,0.0134,0.00747,0.0388,0.0399,0.23,0.0111,8.46,6,17,6,25,0.3,0.9,0.2,0.0,0.0371,0.2,0.1,0.5,0.0,0.5,0.3,0.5,0.7,0.3,0.8,5.3,0,0,0
23.9,27.8,20.0,25.6,26.4,24.8,25.2,24.0,26.4,0.00713,0.0116,0.0332,0.00808,0.00704,10.0,0.0122,0.00762,0.039,0.0395,0.229,0.0108,8.29,6,19,6,25,0.1,0.8,0.2,0.0,0.0357,0.2,0.2,0.2,0.3,0.5,0.5,0.6,0.7,0.3,0.8,5.4,0,0,0
24.0,27.2,20.8,28.8,27.2,30.4,22.5,24.4,20.6,0.00751,0.0106,0.0332,0.00811,0.00817,9.08,0.0122,0.00696,0.04,0.0392,0.228,0.011,8.44,6,19,6,25,0.7,0.6,0.3,0.3,0.036,0.1,0.4,0.1,0.7,0.5,0.7,0.5,0.8,0.0,0.4,6.1,0,0,0
23.8,19.1,28.5,25.0,22.6,27.4,24.3,27.4,21.2,0.00756,0.0115,0.0332,0.00752,0.00771,8.19,0.0121,0.00746,0.0388,0.0389,0.229,0.0105,8.25,6,19,6,25,0.7,0.4,0.2,0.4,0.0369,0.1,0.3,0.7,0.4,0.5,0.5,0.3,0.9,0.1,0.4,5.9,0,0,0
23.5,24.1,22.9,27.2,25.6,28.8,23.0,18.0,28.0,0.00693,0.0115,0.033,0.00732,0.00771,7.22,0.0121,0.00753,0.0388,0.0384,0.226,0.011,8.28,6,17,6,25,0.1,0.5,0.2,0.2,0.0358,0.2,0.1,0.8,0.4,0.3,0.3,0.4,0.5,0.1,0.8,4.9,0,0,0
24.9,27.2,22.6,25.9,22.8,29.0,23.4,20.0,26.8,0.00758,0.0108,0.0327,0.00726,0.00814,6.43,0.0128,0.00753,0.0389,0.0384,0.228,0.0113,8.22,6,17,6,25,0.2,0.4,0.2,0.3,0.0373,0.3,0.5,0.4,0.6,0.2,0.5,0.5,0.5,0.2,0.7,5.5,0,0,0
21.6,18.6,24.6,28.0,23.4,32.6,22.3,23.6,21.0,0.00755,0.00991,0.0325,0.00727,0.00824,5.55,0.012,0.00892,0.0392,0.0381,0.229,0.0109,8.21,6,18,6,25,0.2,0.5,0.2,0.3,0.037,0.6,0.4,0.6,0.3,0.2,0.4,0.3,0.5,0.2,0.5,5.2,0,0,0
23.7,21.4,26.0,27.3,25.6,29.0,24.4,26.4,22.4,0.00776,0.0107,0.0328,0.00714,0.00769,4.77,0.0127,0.00839,0.039,0.0384,0.229,0.0113,8.35,6,23,6,25,0.0,0.5,0.2,0.1,0.0359,0.7,0.4,0.7,0.2,0.2,0.3,0.2,0.7,0.2,0.5,4.9,0,0,0
23.3,19.6,27.0,28.1,29.8,26.4,22.2,24.8,19.6,0.00727,0.00986,0.0324,0.00707,0.00792,3.9,0.00939,0.00839,0.039,0.0379,0.226,0.0112,8.35,6,23,6,25,0.2,0.7,0.3,0.0,0.0371,0.5,0.6,0.5,0.2,0.3,0.2,0.4,0.9,0.2,0.4,5.4,0,0,0
23.5,21.8,25.2,26.7,26.6,26.8,23.7,26.0,21.4,0.00777,0.00986,0.0323,0.00598,0.00773,3.12,0.0092,0.00893,0.0379,0.0373,0.226,0.0114,8.29,6,17,6,25,0.4,1.1,0.4,0.3,0.0369,0.5,0.3,0.2,0.2,0.2,0.2,0.3,0.5,0.1,0.4,5.1,0,0,0
23.1,23.0,23.2,27.5,30.8,24.2,21.9,24.2,19.6,0.00728,0.0099,0.0321,0.00712,0.00789,2.28,0.0092,0.00824,0.0387,0.0372,0.226,0.0118,8.31,6,18,6,25,0.6,0.8,0.5,0.4,0.0358,0.4,0.1,0.3,0.2,0.3,0.4,0.2,0.7,0.2,0.5,5.6,0,0,0
24.1,27.4,20.7,27.3,21.8,32.8,24.4,21.6,27.2,0.00792,0.0113,0.0319,0.0069,0.00797,1.49,0.00892,0.00759,0.0387,0.037,0.226,0.0122,8.21,6,17,6,25,0.4,0.7,0.5,0.4,0.0385,0.2,0.2,0.7,0.2,0.3,0.6,0.3,0.9,0.2,0.8,6.4,0,0,0
22.7,20.4,25.0,26.8,27.2,26.4,21.9,22.6,21.2,0.0079,0.0112,0.0315,0.00711,0.00781,0.52,0.00975,0.00759,0.0385,0.0364,0.228,0.0121,8.15,6,16,6,25,0.3,1.0,0.3,0.3,0.0383,0.3,0.2,0.5,0.3,0.1,0.3,0.2,0.5,0.0,0.6,4.9,0,0,0
24.3,26.8,21.8,26.4,30.8,22.0,24.2,19.8,28.6,0.00845,0.0112,0.0318,0.00663,0.00808,0.542,0.00975,0.00759,0.0386,0.0364,0.223,0.0121,8.1,6,18,6,25,0.4,1.0,0.3,0.2,0.0372,0.5,0.2,0.1,0.5,0.2,0.8,0.1,0.5,0.3,0.2,5.3,0,0,0
23.3,28.2,18.4,26.9,26.2,27.6,21.5,20.6,22.4,0.00718,0.00991,0.0319,0.00642,0.00809,0.597,0.00886,0.00795,0.0396,0.0363,0.227,0.0116,8.26,6,18,6,25,0.3,0.5,0.2,0.3,0.0383,0.7,0.4,0.2,0.5,0.3,1.1,0.1,0.6,0.4,0.3,5.9,0,0,0
24.7,22.8,26.6,25.7,25.4,26.0,24.9,28.0,21.8,0.00782,0.0108,0.0318,0.00631,0.00845,0.629,0.00891,0.00747,0.0385,0.0363,0.225,0.0111,8.23,6,18,6,25,0.1,0.5,0.2,0.5,0.0384,0.5,0.6,0.4,0.3,0.6,0.7,0.2,0.3,0.1,0.7,5.7,0,0,0
25.3,22.8,27.7,28.8,24.2,33.4,21.6,19.3,23.9,0.00742,0.0131,0.0317,0.00678,0.00809,0.589,0.00892,0.00712,0.0386,0.0363,0.225,0.0111,7.58,5,7,5,50,0.0,0.0,0.0,0.0,0.123,0.0,0.0,0.0,0.0,0.0,0.0,0.0,0.0,0.0,0.0,0.0,0,0,0
24.0,25.4,22.6,26.0,28.2,23.8,24.7,29.4,20.0,0.00684,0.0189,0.0319,0.00642,0.00805,0.613,0.0102,0.00706,0.0387,0.0363,0.227,0.012,7.49,5,18,5,50,10.6,2.4,0.4,2.0,0.124,0.2,1.4,0.4,0.8,1.2,0.6,1.2,1.8,0.8,2.4,26.2,0,0,0
22.9,19.0,26.8,28.4,32.2,24.6,22.2,22.8,21.6,0.00678,0.0179,0.0319,0.00705,0.00776,0.625,0.00893,0.00692,0.0395,0.0362,0.227,0.0122,7.65,6,19,6,50,5.6,2.2,0.6,1.4,0.124,0.6,1.0,0.5,0.8,0.7,0.6,0.9,1.9,0.9,1.8,19.5,0,0,0
23.8,21.8,25.8,26.0,23.8,28.2,23.1,22.6,23.6,0.00694,0.0188,0.0318,0.00671,0.00664,0.665,0.00967,0.00839,0.0375,0.036,0.228,0.0116,7.66,6,19,6,50,0.4,1.7,0.7,1.0,0.124,0.7,0.5,0.5,1.0,0.3,0.5,0.5,1.9,0.6,0.9,11.2,0,0,0
24.1,21.2,27.0,26.5,24.6,28.4,23.3,22.8,23.8,0.00688,0.018,0.0316,0.00702,0.00992,0.674,0.00955,0.00839,0.0386,0.0363,0.224,0.0125,7.77,6,17,6,50,0.6,1.5,0.9,0.8,0.124,0.6,0.5,0.7,1.0,0.4,0.4,0.5,1.2,0.1,1.0,10.2,0,0,0
25.0,22.0,28.0,26.6,29.6,23.6,25.5,27.6,23.4,0.00754,0.0188,0.0319,0.00692,0.00979,0.719,0.00955,0.00786,0.0388,0.0363,0.228,0.0119,7.71,6,17,6,50,0.5,1.5,1.2,0.4,0.124,0.9,0.6,0.9,0.6,0.5,0.8,0.5,1.4,0.3,1.3,11.4,0,0,0
23.2,21.6,24.8,30.3,34.6,26.0,23.1,22.8,23.4,0.00689,0.018,0.0318,0.00697,0.00977,0.737,0.00953,0.0084,0.0385,0.0365,0.227,0.0116,7.72,6,21,6,50,0.0,1.2,0.8,0.2,0.123,0.9,0.8,1.0,0.5,1.0,0.9,0.5,1.8,0.5,1.4,11.5,0,0,0
25.0,23.2,26.8,26.1,23.4,28.8,24.1,21.6,26.6,0.00698,0.0188,0.0319,0.00699,0.01,0.781,0.00953,0.00664,0.0393,0.0364,0.224,0.0124,7.67,6,20,6,50,0.1,1.1,0.5,0.2,0.124,0.8,1.2,0.8,0.8,0.9,0.8,0.8,1.5,0.6,1.1,11.2,0,0,0
24.0,23.4,24.6,26.8,22.8,30.8,22.4,25.8,19.0,0.00677,0.018,0.0316,0.00665,0.0102,0.807,0.00882,0.00664,0.0385,0.0361,0.226,0.0112,7.69,6,19,6,50,0.7,1.2,0.6,0.6,0.124,0.7,0.9,0.4,0.8,0.8,0.9,0.7,1.8,0.7,0.8,11.6,0,0,0
25.0,22.8,27.2,27.0,25.6,28.4,24.4,24.2,24.6,0.00824,0.0188,0.0318,0.00702,0.0101,0.805,0.00961,0.00713,0.0385,0.0362,0.227,0.0117,7.64,6,18,6,50,1.2,1.2,0.7,1.0,0.123,0.7,0.8,0.6,0.6,1.1,0.7,0.4,1.6,0.4,0.6,11.6,0,0,0
22.5,18.6,26.4,28.1,24.8,31.4,22.1,19.8,24.4,0.00774,0.0188,0.0318,0.00708,0.0102,0.82,0.00887,0.00658,0.0385,0.0364,0.226,0.0115,7.67,6,15,6,50,0.6,1.2,0.7,1.0,0.124,0.6,1.0,0.7,0.5,0.5,0.7,0.7,1.1,0.1,0.7,10.1,0,0,0
24.5,22.2,26.8,25.4,28.4,22.4,25.9,24.2,27.6,0.00823,0.0193,0.0318,0.00573,0.00969,0.835,0.00963,0.00664,0.0386,0.0363,0.225,0.0115,7.74,6,18,6,50,0.5,1.3,0.7,0.6,0.124,0.4,0.7,0.5,0.3,0.2,0.6,1.0,0.8,0.2,1.5,9.3,0,0,0
23.2,19.2,27.2,28.7,31.0,26.4,23.1,21.0,25.2,0.00707,0.0179,0.0317,0.00608,0.00992,0.848,0.0089,0.00664,0.0388,0.0361,0.226,0.0112,7.76,6,19,6,50,0.6,1.3,0.8,0.5,0.122,0.5,0.7,0.6,0.5,0.4,0.6,0.9,0.8,0.2,1.4,9.8,0,0,0
24.9,24.4,25.4,25.6,26.0,25.2,23.7,25.2,22.2,0.00766,0.0181,0.0317,0.00652,0.0103,0.886,0.00877,0.00711,0.0388,0.0361,0.225,0.0109,7.69,6,18,6,50,0.1,1.3,0.5,0.6,0.124,0.9,0.5,0.7,0.7,0.6,0.7,0.6,1.1,0.2,1.4,9.9,0,0,0
25.4,23.4,27.4,28.6,24.8,32.4,22.2,24.6,19.8,0.00712,0.0181,0.0318,0.00698,0.0102,0.9,0.00952,0.00757,0.0397,0.0363,0.229,0.0109,7.69,6,18,6,50,0.5,0.8,0.4,0.5,0.123,0.9,0.4,0.5,0.8,0.5,0.5,0.9,1.2,0.4,1.7,10.0,0,0,0
23.7,19.6,27.8,25.5,24.2,26.8,25.5,26.8,24.2,0.00768,0.0189,0.0318,0.00708,0.0102,0.889,0.00952,0.00657,0.0375,0.0362,0.227,0.0109,7.7,6,18,6,50,0.7,1.0,1.0,0.6,0.122,0.5,0.7,0.4,0.8,0.8,0.8,0.9,1.7,0.3,1.1,11.3,0,0,0
23.9,20.8,27.0,28.4,32.8,24.0,23.4,22.8,24.0,0.00704,0.018,0.0317,0.00716,0.00997,0.928,0.00872,0.00657,0.0387,0.0362,0.225,0.011,7.68,6,18,6,50,0.3,1.8,0.8,0.7,0.128,0.2,0.6,0.6,0.6,1.0,0.9,0.6,1.7,0.4,0.8,11.0,0,0,0
24.6,29.6,19.6,25.9,25.2,26.6,24.3,19.0,29.6,0.00772,0.0188,0.032,0.00654,0.0103,0.966,0.00944,0.00658,0.0374,0.0363,0.226,0.0117,7.69,6,17,6,50,0.3,1.8,0.8,0.7,0.128,0.1,0.6,1.0,0.7,0.7,0.5,0.6,1.6,0.4,1.1,10.9,0,0,0
23.7,21.8,25.6,28.4,28.6,28.2,23.0,24.0,22.0,0.00724,0.0188,0.0318,0.00706,0.0102,1.02,0.00869,0.00658,0.0384,0.0364,0.226,0.0119,7.71,6,19,6,50,0.4,1.5,0.9,0.6,0.127,0.5,0.7,1.0,0.6,0.8,0.5,0.8,1.7,0.4,1.3,11.7,0,0,0
25.2,24.8,25.6,26.6,26.2,27.0,24.2,28.2,20.2,0.00775,0.0156,0.0319,0.0066,0.0103,1.08,0.0248,0.00641,0.0384,0.0361,0.226,0.0111,7.7,6,21,6,50,0.3,1.0,0.7,0.9,0.128,0.9,0.8,0.4,0.6,0.9,0.8,0.7,1.4,0.6,1.1,11.1,0,0,0
28.1,29.4,26.8,25.7,29.8,21.6,24.1,26.6,21.6,0.00794,0.0109,0.0319,0.00674,0.00765,1.04,0.0297,0.00629,0.0395,0.036,0.228,0.0108,6.11,5,16,5,100,27.3,4.5,1.25,3.5,0.0406,3.25,2.75,1.75,1.75,2.5,1.75,2.25,4.5,2.5,2.25,61.8,0,0,0
26.8,27.2,26.4,29.5,29.8,29.2,23.6,24.4,22.8,0.0085,0.01,0.0318,0.00726,0.00723,1.08,0.0297,0.00671,0.0385,0.036,0.226,0.011,6.5,5,18,5,100,12.3,3.11,1.22,2.0,0.0419,2.67,1.44,1.33,1.56,1.33,1.33,1.67,2.89,1.44,2.0,36.3,0,0,0
26.9,26.8,27.0,25.9,26.0,25.8,25.7,20.4,31.0,0.00854,0.0109,0.0318,0.00712,0.00804,1.12,0.0298,0.00617,0.0385,0.0359,0.227,0.0113,6.59,5,16,5,100,1.1,2.4,1.5,1.3,0.0418,2.0,0.9,1.3,1.3,1.3,1.5,1.4,2.3,0.9,2.0,21.2,0,0,0
23.5,24.8,22.2,28.5,28.4,28.6,23.0,25.6,20.4,0.00798,0.0101,0.0318,0.00737,0.00769,1.14,0.0298,0.00662,0.0378,0.036,0.229,0.0109,6.8,5,18,5,100,1.6,3.1,1.6,1.3,0.0408,1.4,1.1,1.8,1.1,1.6,1.9,1.8,2.4,0.9,1.6,23.2,0,0,0
25.6,23.4,27.8,25.9,24.4,27.4,24.2,27.2,21.2,0.00865,0.0116,0.0321,0.00737,0.00798,1.17,0.0306,0.00662,0.0387,0.0363,0.226,0.0113,6.99,5,18,6,100,1.3,2.6,1.9,1.3,0.0423,1.4,1.6,1.4,1.1,1.6,1.3,1.5,3.1,0.8,1.2,22.1,0,0,0
25.8,22.2,29.4,30.6,28.6,32.6,23.6,21.4,25.8,0.00718,0.0108,0.032,0.0069,0.00777,1.27,0.0298,0.00613,0.0389,0.0363,0.226,0.0104,7.11,5,18,6,100,0.8,1.9,2.3,1.3,0.042,1.5,1.8,0.9,1.4,2.3,1.3,1.0,3.9,1.1,2.0,23.5,0,0,0
26.2,25.4,27.0,27.9,24.6,31.2,24.2,27.0,21.4,0.00782,0.0143,0.0322,0.00694,0.00805,1.31,0.0327,0.00663,0.0388,0.0363,0.23,0.0116,7.14,5,18,6,100,0.8,2.8,1.5,0.6,0.0411,1.3,0.8,1.5,1.5,2.1,1.5,1.2,2.4,0.7,2.2,20.9,0,0,0
25.7,27.2,24.2,28.2,26.4,30.0,23.9,19.8,28.0,0.00733,0.0129,0.0321,0.00703,0.00834,1.36,0.0319,0.00607,0.0387,0.0364,0.229,0.0117,7.2,5,17,6,100,1.2,3.4,1.0,1.0,0.0423,1.7,0.8,2.1,1.4,1.6,1.1,1.3,2.4,0.4,1.9,21.3,0,0,0
26.6,28.2,25.0,25.7,22.0,29.4,23.7,25.8,21.6,0.00779,0.0138,0.0322,0.0068,0.00811,1.43,0.0327,0.00659,0.0386,0.0366,0.23,0.0115,7.25,5,17,6,100,0.9,2.8,1.5,1.6,0.042,1.8,1.4,1.4,1.0,1.0,0.9,1.1,3.1,0.7,1.8,21.0,0,0,0
25.5,25.4,25.6,28.3,24.8,31.8,24.0,23.4,24.6,0.00765,0.0127,0.0322,0.00608,0.0078,1.45,0.032,0.00611,0.0385,0.0365,0.229,0.0116,7.23,5,17,6,100,0.6,3.2,1.6,1.5,0.0401,1.4,1.6,1.2,0.8,0.5,1.2,1.3,2.6,0.7,1.6,19.8,0,0,0
26.0,26.2,25.8,26.2,28.8,23.6,24.5,20.0,29.0,0.00784,0.0136,0.032,0.00602,0.00787,1.51,0.0319,0.00618,0.0374,0.0363,0.227,0.012,7.42,6,21,6,100,0.4,3.7,1.6,1.4,0.0461,1.4,1.4,1.0,1.0,1.3,1.6,1.8,2.0,0.3,2.2,21.1,0,0,0
26.3,24.8,27.8,27.8,31.2,24.4,23.2,23.4,23.0,0.00727,0.0129,0.0322,0.00726,0.00774,1.58,0.0319,0.00618,0.0384,0.0368,0.229,0.0111,7.48,6,23,6,100,0.5,3.0,1.5,1.3,0.0456,1.6,0.9,1.4,0.8,2.2,1.6,1.7,2.0,0.5,2.2,21.2,0,0,0
27.1,26.4,27.8,27.7,24.6,30.8,25.2,25.8,24.6,0.00786,0.0137,0.0323,0.00704,0.00751,1.61,0.0327,0.00668,0.0381,0.0367,0.228,0.0115,7.49,6,20,6,100,0.4,3.0,1.1,1.3,0.0406,1.3,1.1,1.9,1.0,2.0,1.6,1.3,2.6,0.7,2.4,21.7,0,0,0
25.2,21.2,29.2,27.5,24.0,31.0,23.5,19.4,27.6,0.00719,0.0129,0.0321,0.00741,0.00758,1.65,0.0328,0.00736,0.0381,0.0364,0.23,0.0108,7.5,6,18,6,100,0.5,3.5,1.3,1.9,0.0428,1.0,1.4,1.1,1.2,1.6,1.8,1.3,2.6,0.9,2.3,22.4,0,0,0
25.1,29.6,20.6,26.0,29.4,22.6,23.9,20.6,27.2,0.00772,0.0138,0.0324,0.00699,0.0077,1.69,0.0328,0.00736,0.038,0.0367,0.232,0.0102,7.5,6,18,6,100,0.9,2.9,1.3,1.9,0.0423,1.0,1.4,1.0,1.3,1.1,1.7,1.3,2.2,1.3,1.7,21.0,0,0,0
25.0,27.2,22.8,28.1,27.0,29.2,24.1,19.4,28.8,0.00721,0.0138,0.0325,0.00735,0.00763,1.73,0.0174,0.00694,0.0381,0.0366,0.229,0.0111,7.54,6,19,6,100,0.7,1.9,1.0,1.2,0.0413,1.8,1.6,1.6,1.4,1.3,1.1,2.1,2.5,1.1,2.1,21.4,0,0,0
26.7,30.2,23.2,25.3,30.2,20.4,23.9,20.0,27.8,0.00775,0.0138,0.0323,0.00745,0.00779,1.79,0.0174,0.00746,0.0381,0.0366,0.228,0.0105,7.55,6,20,6,100,0.8,1.9,1.0,1.1,0.041,2.5,1.3,1.6,1.1,2.0,0.8,2.2,2.5,0.8,2.0,21.6,0,0,0
24.1,27.8,20.4,30.9,32.6,29.2,22.7,21.8,23.6,0.00817,0.0128,0.0322,0.00709,0.00741,1.89,0.0167,0.00616,0.0379,0.0366,0.23,0.0105,7.53,6,18,6,100,1.3,2.4,1.5,1.0,0.043,1.6,1.1,0.9,0.8,1.8,1.4,1.3,2.0,0.5,1.6,19.2,0,0,0
25.8,25.8,25.8,24.9,28.0,21.8,24.2,20.2,28.2,0.00766,0.0137,0.0323,0.00736,0.00712,1.99,0.0175,0.00668,0.0378,0.0367,0.228,0.0107,7.56,6,18,6,100,1.2,3.5,1.7,1.1,0.0429,0.7,1.1,1.7,1.1,1.5,2.0,1.2,2.6,0.5,1.3,21.2,0,0,0
25.1,27.3,22.9,27.4,29.0,25.8,23.7,21.4,26.0,0.00948,0.00962,0.0324,0.00703,0.00723,0.123,0.0131,0.00829,0.0373,0.0355,0.228,0.0117,7.13,5,12,5,25,8.33,0.667,1.0,0.333,0.0456,1.33,1.0,0.333,2.0,0.333,0.667,1.0,3.0,1.0,1.33,22.3,0,0,0
22.7,23.6,21.8,26.6,27.0,26.2,22.7,23.4,22.0,0.00944,0.00971,0.0326,0.00747,0.00744,0.149,0.0124,0.00823,0.0384,0.0354,0.227,0.0118,7.16,5,14,5,25,3.5,0.625,0.5,0.375,0.0487,0.75,0.5,0.5,1.0,0.375,0.375,0.75,1.38,0.5,0.625,11.8,0,0,0
23.9,23.2,24.6,25.9,20.6,31.2,24.8,23.0,26.6,0.01,0.0106,0.0325,0.00717,0.00732,0.171,0.0131,0.00689,0.0392,0.0355,0.226,0.0118,7.83,5,25,6,25,0.3,0.6,0.1,0.2,0.0484,0.3,0.3,0.5,0.5,0.4,0.3,0.6,0.5,0.2,0.5,5.3,0,0,0
23.6,20.1,27.1,25.3,29.8,20.8,22.9,21.0,24.8,0.00937,0.00971,0.0328,0.00727,0.00694,0.206,0.0124,0.00737,0.0372,0.0356,0.224,0.0118,8.08,5,28,6,25,0.3,0.6,0.1,0.4,0.0486,0.2,0.7,0.2,0.1,0.3,0.4,0.6,0.6,0.2,0.3,5.0,0,0,0
23.4,18.9,27.9,28.7,27.4,30.0,24.2,22.4,26.0,0.01,0.0105,0.0327,0.00715,0.0071,0.237,0.0131,0.00679,0.038,0.0356,0.227,0.0123,8.29,6,24,7,25,0.6,0.7,0.5,0.4,0.0474,0.6,0.8,0.4,0.2,0.2,0.2,0.3,0.6,0.3,0.2,6.0,0,0,0
23.2,22.4,24.0,25.9,28.0,23.8,22.8,24.2,21.4,0.0096,0.00971,0.0324,0.00715,0.00711,0.26,0.0131,0.00679,0.0379,0.0353,0.227,0.0115,8.3,6,20,7,25,0.3,0.8,0.6,0.3,0.0485,0.4,0.6,0.7,0.3,0.2,0.5,0.2,0.9,0.4,0.2,6.4,0,0,0
21.6,17.0,26.3,26.0,20.6,31.4,22.3,20.2,24.4,0.0102,0.0105,0.0328,0.00767,0.00592,0.282,0.0133,0.00679,0.0379,0.0356,0.226,0.0123,8.27,6,19,7,25,0.1,0.6,0.2,0.2,0.0431,0.3,0.5,0.7,0.2,0.3,0.6,0.4,0.8,0.2,0.1,5.2,0,0,0
23.8,26.4,21.2,28.3,26.8,29.8,24.0,20.2,27.8,0.00946,0.0097,0.0325,0.00733,0.00683,0.312,0.0126,0.0062,0.0379,0.0357,0.228,0.0117,8.25,6,15,7,25,0.1,0.7,0.1,0.3,0.0442,0.5,0.5,0.5,0.4,0.3,0.4,0.3,0.6,0.1,0.4,5.2,0,0,0
22.8,20.6,25.0,25.3,20.0,30.6,22.5,25.6,19.4,0.01,0.0106,0.0325,0.00782,0.00701,0.322,0.0133,0.00725,0.038,0.0357,0.227,0.011,8.21,6,15,7,25,0.0,0.8,0.3,0.5,0.044,0.4,0.5,0.2,0.5,0.1,0.3,0.2,0.7,0.1,0.5,5.1,0,0,0
23.6,23.0,24.2,27.1,26.2,28.0,24.3,22.4,26.2,0.01,0.00978,0.0324,0.0078,0.0072,0.35,0.00846,0.00663,0.038,0.0358,0.226,0.011,8.18,6,17,6,25,0.2,1.1,0.2,0.7,0.0414,0.5,0.7,0.2,0.2,0.2,0.1,0.2,0.6,0.1,0.5,5.5,0,0,0
22.9,21.4,24.4,26.4,23.6,29.2,22.0,20.4,23.6,0.00969,0.0112,0.0328,0.00736,0.00672,0.38,0.00921,0.00719,0.0379,0.0358,0.228,0.0111,8.13,6,16,6,25,0.5,1.0,0.1,0.5,0.0441,0.2,0.5,0.1,0.3,0.1,0.0,0.6,0.4,0.1,0.9,5.3,0,0,0
22.8,23.0,22.6,27.1,29.0,25.2,23.3,21.2,25.4,0.00969,0.0104,0.0326,0.00727,0.00739,0.401,0.00858,0.0066,0.038,0.0356,0.23,0.0115,8.05,6,14,6,25,0.4,0.3,0.3,0.3,0.0444,0.3,0.3,0.4,0.4,0.1,0.0,0.7,0.4,0.2,1.1,5.2,0,0,0
24.1,19.8,28.4,27.1,29.6,24.6,22.7,21.4,24.0,0.0103,0.0118,0.0327,0.00778,0.00718,0.435,0.00859,0.00729,0.0378,0.0357,0.227,0.011,8.06,6,19,7,25,0.3,1.1,0.5,0.2,0.0435,0.3,0.0,0.4,0.5,0.2,0.1,0.4,0.4,0.2,1.0,5.6,0,0,0
23.1,20.8,25.4,27.9,24.2,31.6,22.6,21.2,24.0,0.0102,0.0105,0.0326,0.0076,0.00709,0.464,0.00859,0.00729,0.0377,0.0355,0.227,0.0107,8.02,6,19,6,25,0.2,1.7,0.5,0.4,0.0442,0.2,0.2,0.1,0.6,0.2,0.3,0.6,0.6,0.1,0.6,6.3,0,0,0
23.7,23.8,23.6,27.1,30.0,24.2,23.2,24.4,22.0,0.0104,0.0112,0.0325,0.00723,0.00724,0.487,0.0093,0.00775,0.0387,0.0354,0.229,0.0122,8.1,6,22,6,25,0.1,1.4,0.4,0.4,0.0444,0.3,0.4,0.1,0.2,0.3,0.4,0.7,0.6,0.2,0.4,5.9,0,0,0
23.1,18.0,28.2,26.4,26.6,26.2,23.1,23.4,22.8,0.00995,0.0103,0.0324,0.00754,0.00721,0.524,0.0086,0.00729,0.0378,0.0358,0.227,0.0118,8.06,6,22,6,25,0.1,0.9,0.4,0.3,0.0442,0.3,0.2,0.5,0.2,0.4,0.5,0.5,0.8,0.5,0.4,6.0,0,0,0
21.0,17.4,24.6,26.0,22.4,29.6,23.9,21.8,26.0,0.00995,0.0111,0.0323,0.00683,0.00748,0.545,0.00978,0.00781,0.0367,0.0357,0.229,0.0116,7.99,6,18,5,25,0.2,0.4,0.2,0.3,0.06,0.4,0.2,0.7,0.3,0.3,0.8,0.4,1.1,0.5,0.3,6.1,0,0,0
23.8,19.9,27.7,25.4,27.4,23.4,21.9,20.6,23.2,0.00997,0.0103,0.0323,0.00789,0.00766,0.573,0.00903,0.00728,0.0377,0.0356,0.227,0.0116,7.95,6,12,6,25,0.3,0.6,0.1,0.2,0.06,0.7,0.2,0.6,0.2,0.4,0.7,0.4,0.9,0.5,0.3,6.1,0,0,0
21.6,24.9,18.3,27.5,31.2,23.8,23.6,21.2,26.0,0.011,0.0111,0.0325,0.00736,0.00725,0.602,0.00975,0.00779,0.0368,0.036,0.227,0.0107,7.98,6,17,6,25,0.1,0.7,0.2,0.4,0.0591,0.8,0.2,0.3,0.1,0.3,0.3,0.5,0.6,0.4,0.3,5.2,0,0,0
23.9,18.5,29.3,27.7,23.0,32.4,25.6,25.8,25.4,0.00791,0.0112,0.0326,0.00778,0.00786,0.537,0.00937,0.00649,0.0379,0.0358,0.23,0.0112,8.13,6,16,7,50,26.5,4.5,3.0,1.0,0.139,1.5,2.5,2.0,0.5,2.0,3.5,2.0,4.0,0.2,2.5,55.5,0,0,0
23.5,20.8,26.2,27.0,23.4,30.6,22.3,19.4,25.2,0.00723,0.0104,0.0327,0.00739,0.00762,0.569,0.00868,0.00649,0.039,0.0359,0.227,0.0108,7.88,6,16,6,50,7.86,2.14,1.29,1.0,0.139,0.571,0.857,0.857,0.429,0.714,1.29,1.0,1.43,0.0,1.14,20.6,0,0,0
22.2,23.6,20.8,29.4,32.0,26.8,23.2,24.2,22.2,0.00723,0.0104,0.0326,0.00806,0.0073,0.585,0.00948,0.007,0.038,0.0357,0.226,0.0112,7.77,6,18,6,50,0.2,1.3,1.0,0.8,0.225,0.5,0.5,0.8,0.6,0.4,0.5,0.6,1.1,0.3,1.0,9.6,0,0,0
23.1,22.6,23.6,26.5,28.2,24.8,24.2,21.0,27.4,0.00762,0.0106,0.0325,0.00792,0.00775,0.612,0.00855,0.00752,0.0384,0.0355,0.227,0.0116,7.61,6,18,6,50,0.2,1.3,1.2,0.3,0.227,0.6,0.9,1.0,0.7,0.9,0.5,0.5,1.7,0.5,1.1,11.4,0,0,0
23.0,25.0,21.0,28.0,33.4,22.6,23.3,23.0,23.6,0.00783,0.0114,0.0327,0.00772,0.00777,0.632,0.00925,0.00752,0.0383,0.0353,0.226,0.011,7.44,6,15,6,50,0.4,2.0,0.8,0.3,0.226,0.5,0.8,0.4,0.9,0.8,0.3,0.6,1.2,0.5,0.9,10.4,0,0,0
24.1,22.0,26.2,26.6,23.6,29.6,23.1,21.8,24.4,0.00726,0.0105,0.0328,0.0075,0.0076,0.656,0.0109,0.00647,0.0384,0.0355,0.227,0.011,7.6,6,22,6,50,0.3,2.1,0.5,0.9,0.228,0.7,0.7,0.6,1.0,0.5,0.4,0.7,1.0,0.5,0.9,10.8,0,0,0
22.8,21.4,24.2,26.9,27.4,26.4,25.1,26.8,23.4,0.00726,0.0105,0.0329,0.00722,0.00741,0.669,0.0109,0.00647,0.0384,0.0354,0.227,0.0118,7.66,6,22,6,50,0.4,1.6,0.5,1.0,0.228,0.7,0.5,0.7,0.8,0.9,0.6,0.5,1.1,0.4,0.8,10.5,0,0,0
22.8,25.8,19.8,29.4,29.6,29.2,23.0,25.0,21.0,0.00728,0.0091,0.0326,0.00763,0.00789,0.69,0.0102,0.00778,0.0387,0.0354,0.225,0.0113,7.72,6,20,6,50,0.6,1.7,0.6,0.8,0.225,0.6,0.7,0.4,0.7,1.0,0.7,0.2,1.0,0.3,0.8,10.1,0,0,0
23.0,24.8,21.2,28.3,24.4,32.2,23.5,19.4,27.6,0.00801,0.0112,0.0326,0.00763,0.00764,0.718,0.0109,0.00778,0.0389,0.0355,0.226,0.0105,7.75,6,20,6,50,0.6,1.6,0.6,0.6,0.227,0.5,0.9,0.5,0.6,0.7,0.5,0.6,0.7,0.1,1.1,9.6,0,0,0
23.0,22.4,23.6,26.0,27.8,24.2,24.4,20.6,28.2,0.00733,0.00979,0.0325,0.00721,0.00745,0.726,0.0102,0.00654,0.039,0.0353,0.224,0.0116,7.73,6,16,6,50,0.6,1.6,0.7,0.3,0.227,0.8,0.5,0.5,1.0,0.5,0.9,0.9,1.2,0.2,1.0,10.7,0,0,0
22.7,25.8,19.6,28.2,33.4,23.0,22.6,22.6,22.6,0.00755,0.0107,0.0325,0.00727,0.00757,0.744,0.0109,0.00711,0.039,0.0354,0.227,0.0119,7.72,6,16,6,50,0.7,1.4,0.5,0.5,0.226,1.3,0.2,0.4,1.1,0.5,1.3,0.7,1.3,0.5,0.7,11.1,0,0,0
24.3,25.2,23.4,28.4,30.0,26.8,23.3,24.4,22.2,0.00735,0.00998,0.0327,0.0076,0.00745,0.773,0.0102,0.00665,0.0382,0.0356,0.226,0.0109,7.8,6,20,6,50,0.8,1.3,0.6,0.6,0.227,1.1,0.5,0.4,0.9,0.5,0.9,0.8,1.1,0.4,0.6,10.5,0,0,0
23.6,21.2,26.0,27.5,23.0,32.0,24.1,22.2,26.0,0.00856,0.011,0.033,0.0072,0.00751,0.785,0.0109,0.00714,0.0391,0.0356,0.226,0.0104,7.76,6,19,6,50,0.6,1.6,0.9,0.7,0.227,0.8,0.8,0.5,0.7,0.4,0.9,0.8,1.9,0.8,0.6,12.0,0,0,0
24.7,22.4,27.0,26.9,25.6,28.2,23.0,20.4,25.6,0.00856,0.0111,0.033,0.00699,0.00733,0.819,0.0105,0.00662,0.0392,0.0356,0.224,0.0109,7.7,6,14,6,50,0.4,1.4,0.6,1.2,0.211,0.7,0.6,0.7,0.6,0.5,1.0,1.0,1.7,1.0,0.5,11.9,0,0,0
23.2,21.8,24.6,28.0,28.6,27.4,23.9,24.2,23.6,0.00791,0.0111,0.0331,0.00623,0.00753,0.836,0.0105,0.00718,0.0393,0.0356,0.227,0.0113,7.69,6,15,6,50,0.8,1.7,0.4,0.8,0.212,0.6,0.8,0.9,0.9,0.7,0.8,0.8,0.7,0.3,0.5,10.7,0,0,0
24.5,25.2,23.8,29.4,32.8,26.0,24.0,23.0,25.0,0.00778,0.0102,0.0327,0.00612,0.00785,0.865,0.00976,0.00726,0.0394,0.0356,0.227,0.0118,7.71,6,20,6,50,0.9,1.9,0.3,0.3,0.212,1.1,0.9,0.4,0.7,1.2,0.6,0.5,1.4,0.9,1.1,12.2,0,0,0
23.9,20.0,27.8,26.8,29.6,24.0,22.7,21.4,24.0,0.00781,0.0111,0.0328,0.00692,0.00773,0.88,0.011,0.00726,0.0394,0.0356,0.228,0.0104,7.64,6,17,6,50,0.3,1.2,0.5,0.5,0.211,1.5,0.7,0.4,0.4,1.0,0.9,0.6,1.9,1.2,1.2,12.3,0,0,0
24.4,23.6,25.2,26.9,29.0,24.8,23.6,24.2,23.0,0.00713,0.0111,0.0325,0.00748,0.0074,0.918,0.0104,0.00674,0.0395,0.0356,0.227,0.0109,7.7,6,17,6,50,0.3,0.6,0.8,0.6,0.213,1.1,0.7,0.5,0.5,0.7,0.7,0.6,1.0,0.3,1.2,9.6,0,0,0
24.0,21.6,26.4,29.0,24.6,33.4,23.0,22.8,23.2,0.00776,0.011,0.0325,0.00713,0.00761,0.983,0.0103,0.00622,0.0397,0.0359,0.226,0.0119,7.61,6,17,5,50,0.6,1.4,0.9,0.5,0.213,0.6,0.6,0.2,0.7,0.9,0.4,0.5,0.9,0.1,1.4,9.7,0,0,0
24.8,24.0,25.6,25.0,26.8,23.2,25.0,25.8,24.2,0.00708,0.011,0.0326,0.00753,0.00727,1.03,0.0111,0.00622,0.0398,0.0357,0.227,0.012,7.56,6,15,5,50,0.6,2.4,0.7,0.2,0.125,0.4,0.8,0.5,0.7,1.0,0.8,0.7,1.8,0.5,1.0,12.1,0,0,0
27.2,27.2,27.2,27.6,24.4,30.8,23.1,21.6,24.6,0.00744,0.0113,0.0324,0.00729,0.00761,0.989,0.0109,0.00754,0.0395,0.0356,0.23,0.0105,7.99,6,20,6,100,47.0,6.0,1.0,2.0,0.0481,5.0,2.0,1.0,6.0,2.0,2.0,2.0,5.0,2.0,4.0,87.0,0,0,0
24.6,23.4,25.8,29.6,32.2,27.0,24.2,25.8,22.6,0.00722,0.0105,0.0324,0.00739,0.00648,1.0,0.0109,0.00754,0.0398,0.0355,0.233,0.0108,8.12,6,20,6,100,18.7,3.67,1.17,1.67,0.0478,2.17,1.67,1.83,2.0,1.17,1.5,1.67,3.83,0.833,2.83,44.7,0,0,0
25.2,26.2,24.2,27.3,31.2,23.4,24.5,22.8,26.2,0.00722,0.0114,0.0323,0.00757,0.00677,1.07,0.0085,0.00805,0.0398,0.0358,0.23,0.0113,7.82,6,18,6,100,7.0,3.4,1.6,1.7,0.0463,1.6,1.5,1.2,1.3,1.4,1.2,2.0,3.3,0.9,1.8,29.9,0,0,0
24.2,24.6,23.8,29.6,28.8,30.4,23.1,25.6,20.6,0.00799,0.0114,0.0322,0.00749,0.00677,1.11,0.00931,0.00854,0.0397,0.0359,0.23,0.011,7.8,6,16,5,100,0.7,3.7,2.1,1.6,0.0475,1.7,1.2,0.5,1.2,1.4,1.3,1.8,2.7,1.2,0.9,22.0,0,0,0
25.4,25.2,25.6,28.0,32.0,24.0,25.3,24.6,26.0,0.00797,0.0114,0.0324,0.00743,0.00774,1.14,0.00931,0.00667,0.0396,0.0358,0.229,0.011,7.74,6,15,6,100,0.5,3.0,1.6,1.7,0.0476,1.6,0.9,1.2,1.2,1.4,1.5,1.4,2.5,0.8,1.5,20.8,0,0,0
26.1,25.4,26.8,27.0,24.0,30.0,23.8,21.6,26.0,0.00725,0.01,0.0325,0.00785,0.00765,1.21,0.00857,0.00717,0.0397,0.0357,0.231,0.011,7.79,6,17,6,100,0.6,2.6,1.4,1.5,0.0461,1.5,1.0,2.1,1.5,1.6,1.1,1.8,3.4,0.8,1.7,22.6,0,0,0
25.3,22.4,28.2,27.1,28.6,25.6,23.9,20.2,27.6,0.00855,0.011,0.0325,0.00785,0.00787,1.24,0.00935,0.00723,0.04,0.0359,0.232,0.0108,7.78,6,20,6,100,0.7,2.8,1.5,1.0,0.046,1.4,1.7,2.3,2.1,1.3,1.0,1.8,4.6,1.3,1.8,25.3,0,0,0
25.2,23.4,27.0,28.3,22.6,34.0,23.0,23.0,23.0,0.00788,0.0101,0.0326,0.00777,0.00769,1.3,0.00934,0.00809,0.0399,0.0359,0.231,0.0105,7.84,6,21,6,100,0.7,3.1,1.0,0.8,0.0474,1.3,1.8,1.7,2.1,1.1,1.4,1.5,3.6,1.2,1.8,23.1,0,0,0
23.8,26.6,21.0,28.7,27.4,30.0,24.9,24.2,25.6,0.00851,0.011,0.0325,0.00757,0.00791,1.32,0.00934,0.00809,0.0398,0.0358,0.229,0.00994,7.75,6,21,5,100,1.0,3.2,1.0,1.0,0.0462,1.3,0.9,1.3,1.3,1.3,1.3,1.3,2.1,0.9,1.1,19.0,0,0,0
24.4,24.2,24.6,29.2,30.8,27.6,24.1,20.6,27.6,0.00731,0.00995,0.0322,0.00766,0.00755,1.34,0.0086,0.0076,0.0398,0.0357,0.229,0.0115,7.71,6,17,5,100,1.5,2.8,1.0,1.7,0.0481,1.2,0.4,1.5,1.3,1.7,1.4,1.3,2.9,1.2,1.1,21.0,0,0,0
24.4,27.7,21.1,25.3,21.4,29.2,23.6,22.8,24.4,0.00792,0.00989,0.0323,0.00811,0.00788,1.38,0.00862,0.00815,0.0398,0.0355,0.232,0.0114,7.73,6,17,5,100,1.3,2.6,1.4,1.8,0.0479,1.2,0.7,1.7,1.1,1.5,1.7,1.8,3.3,1.4,1.3,22.8,0,0,0
25.4,26.3,24.5,28.4,31.0,25.8,23.2,23.2,23.2,0.00834,0.00989,0.0322,0.00791,0.00758,1.43,0.00862,0.00759,0.0398,0.0359,0.231,0.011,7.78,6,20,6,100,1.1,3.0,2.1,1.6,0.0465,1.1,1.1,1.0,0.7,1.0,1.5,2.0,3.0,1.4,1.2,21.8,0,0,0
25.7,22.8,28.6,27.4,30.8,24.0,23.8,24.6,23.0,0.00759,0.0107,0.0323,0.00802,0.00774,1.46,0.00998,0.00751,0.0397,0.0355,0.232,0.0114,7.81,6,21,6,100,0.9,3.3,1.6,1.6,0.0474,0.7,1.0,1.0,1.6,1.3,1.1,1.4,3.0,1.1,1.6,21.2,0,0,0
25.1,27.2,23.0,30.4,30.6,30.2,23.4,23.2,23.6,0.00751,0.00989,0.0321,0.00675,0.00728,1.49,0.00873,0.00751,0.0399,0.0358,0.23,0.0114,7.78,6,20,6,100,0.8,3.8,0.5,1.3,0.0475,0.7,0.8,1.6,1.9,1.5,0.9,1.0,2.5,0.5,2.0,19.8,0,0,0
24.1,24.4,23.8,26.6,27.4,25.8,23.9,23.0,24.8,0.00806,0.0107,0.0325,0.0074,0.00718,1.54,0.00953,0.00795,0.04,0.0361,0.231,0.011,7.75,6,18,6,100,1.2,3.6,1.2,1.2,0.0463,1.6,1.0,1.3,1.5,1.5,1.1,1.0,2.2,0.8,1.7,20.9,0,0,0
25.3,23.2,27.4,30.4,29.8,31.0,23.5,22.6,24.4,0.00743,0.00986,0.0325,0.00788,0.00731,1.59,0.00882,0.00795,0.04,0.036,0.229,0.0104,7.74,6,17,6,100,1.1,2.0,1.7,1.9,0.0463,1.5,1.8,1.6,1.0,1.9,1.2,0.6,3.0,1.4,1.9,22.6,0,0,0
24.1,21.6,26.6,26.0,22.2,29.8,25.0,21.0,29.0,0.00807,0.00986,0.0325,0.00752,0.00758,1.65,0.00896,0.00833,0.0411,0.036,0.231,0.0102,7.75,6,17,6,100,0.8,2.0,1.1,2.1,0.0471,1.1,1.8,1.5,1.0,1.9,0.9,1.0,3.6,1.5,1.7,22.0,0,0,0
25.3,23.8,26.8,28.4,31.0,25.8,23.0,20.2,25.8,0.00807,0.00968,0.0323,0.00767,0.00732,1.71,0.00896,0.00635,0.0403,0.036,0.23,0.0102,7.77,6,19,6,100,1.1,2.8,1.1,1.4,0.0475,1.3,1.4,1.4,1.2,1.5,1.1,1.9,3.0,1.1,1.7,22.0,0,0,0
25.0,24.2,25.8,26.3,22.6,30.0,24.9,29.0,20.8,0.00745,0.0107,0.0323,0.00748,0.00758,1.8,0.00906,0.00648,0.0401,0.0359,0.231,0.0106,7.75,6,19,6,100,1.3,2.3,1.2,1.0,0.0461,1.3,1.3,1.4,0.9,1.0,1.2,1.7,2.3,0.7,2.5,20.1,0,0,0
25.1,27.8,22.4,30.3,27.6,33.0,22.1,23.4,20.8,0.00808,0.00983,0.0323,0.0073,0.00778,1.89,0.00906,0.0064,0.04,0.036,0.23,0.0106,7.76,6,18,6,100,1.2,2.7,1.4,0.7,0.0456,1.0,0.8,1.5,1.4,0.6,0.7,1.3,2.2,0.8,3.4,19.7,0,0,0
24.4,24.2,24.6,27.8,31.6,24.0,23.2,25.4,21.0,0.00739,0.0113,0.0357,0.0083,0.00817,13.5,0.0124,0.00737,0.0412,0.0392,0.231,0.00984,6.22,5,13,6,25,12.5,3.0,0.0,1.0,0.0433,1.5,1.0,11.8,14.5,1.0,2.0,2.0,3.0,2.0,1.0,30.0,0,0,0
23.2,26.4,20.0,25.9,23.2,28.6,23.5,25.0,22.0,0.00686,0.0105,0.0355,0.00774,0.00793,12.9,0.0132,0.00742,0.0401,0.0389,0.231,0.0119,6.82,5,17,6,25,3.13,1.13,0.375,0.75,0.0435,0.625,0.375,0.125,0.125,0.25,0.625,0.5,1.38,0.625,0.625,10.6,0,0,0
21.9,22.8,21.0,27.2,29.4,25.0,22.7,19.2,26.2,0.00739,0.0105,0.0356,0.00779,0.00829,11.9,0.0132,0.00742,0.04,0.0388,0.233,0.0122,6.99,5,16,6,25,0.1,0.7,0.4,0.7,0.0448,0.3,0.2,0.3,0.2,0.1,0.3,0.0,0.5,0.1,0.6,4.5,0,0,0
23.9,20.3,27.5,26.8,20.8,32.8,24.5,26.8,22.2,0.00675,0.0104,0.0356,0.00821,0.00798,11.0,0.0123,0.00683,0.04,0.0384,0.233,0.0119,6.92,6,13,6,25,0.4,1.2,0.2,0.5,0.0447,0.3,0.3,0.4,0.1,0.1,0.4,0.1,0.6,0.3,0.5,5.4,0,0,0
22.2,24.9,19.5,27.4,29.4,25.4,24.3,26.0,22.6,0.00675,0.0113,0.0353,0.00794,0.00824,10.2,0.0123,0.00695,0.041,0.0383,0.231,0.0114,7.27,6,19,6,25,0.6,0.8,0.2,0.4,0.045,0.6,0.3,0.6,0.2,0.3,0.4,0.1,1.1,0.3,0.2,6.1,0,0,0
23.0,21.8,24.2,26.6,25.4,27.8,23.0,22.4,23.6,0.00789,0.0105,0.0355,0.00832,0.00841,9.58,0.0128,0.00695,0.0401,0.0383,0.232,0.0114,7.3,6,19,6,25,0.4,0.8,0.3,0.2,0.0437,0.6,0.2,0.7,0.4,0.3,0.2,0.0,0.8,0.2,0.3,5.4,0,0,0
23.5,19.4,27.6,28.4,27.6,29.2,24.3,24.4,24.2,0.0079,0.0114,0.0353,0.00814,0.00804,8.61,0.0128,0.00684,0.0399,0.0383,0.23,0.0119,7.42,6,19,6,25,0.2,0.9,0.5,0.1,0.0448,0.4,0.3,0.5,0.4,0.1,0.3,0.2,0.9,0.3,0.5,5.6,0,0,0
22.9,21.8,24.0,26.6,26.2,27.0,23.7,26.4,21.0,0.00734,0.0114,0.0351,0.00858,0.00793,7.97,0.0121,0.00684,0.04,0.0382,0.23,0.0115,7.48,6,19,6,25,0.3,0.5,0.9,0.3,0.0437,0.4,0.6,0.3,0.3,0.4,0.4,0.4,1.0,0.2,0.7,6.7,0,0,0
23.5,23.6,23.4,27.9,24.2,31.6,23.4,27.4,19.4,0.00756,0.0111,0.0348,0.00787,0.00809,6.98,0.0158,0.00824,0.0401,0.0379,0.229,0.0114,7.48,6,16,6,25,0.2,0.5,0.6,0.4,0.0451,0.2,0.3,0.1,0.5,0.5,0.2,0.4,0.4,0.0,0.7,5.0,0,0,0
23.6,24.2,23.0,26.8,25.4,28.2,21.7,22.8,20.6,0.00756,0.0102,0.0349,0.00795,0.00796,6.17,0.015,0.00767,0.04,0.0378,0.23,0.011,7.44,6,17,6,25,0.3,0.5,0.3,0.3,0.0446,0.4,0.1,0.3,0.5,0.4,0.3,0.4,0.3,0.0,0.3,4.4,0,0,0
22.6,19.6,25.6,27.7,28.6,26.8,24.7,28.6,20.8,0.00692,0.011,0.0346,0.00742,0.00824,5.35,0.0158,0.00828,0.04,0.0374,0.228,0.0105,7.59,6,21,6,25,0.6,0.6,0.5,0.4,0.0451,0.5,0.6,0.7,0.1,0.2,0.3,0.4,0.6,0.2,0.4,6.1,0,0,0
23.2,23.4,23.0,29.5,30.6,28.4,21.2,23.2,19.2,0.00725,0.0102,0.0347,0.00725,0.00856,4.73,0.0144,0.00695,0.0391,0.0373,0.228,0.0102,7.61,6,17,6,25,0.4,0.5,0.7,0.4,0.0389,0.3,0.5,0.5,0.0,0.0,0.4,0.5,0.6,0.2,0.6,5.6,0,0,0
24.1,23.0,25.2,27.0,25.6,28.4,23.4,20.8,26.0,0.00725,0.0111,0.0344,0.00716,0.00859,3.67,0.0152,0.00689,0.0401,0.037,0.225,0.0111,7.67,6,20,6,25,0.4,0.6,0.6,0.4,0.0392,0.4,0.2,0.2,0.2,0.1,0.6,0.5,0.8,0.1,0.5,5.6,0,0,0
23.4,24.2,22.6,25.7,27.4,24.0,22.7,23.6,21.8,0.00683,0.0103,0.0341,0.00745,0.00746,2.89,0.0142,0.00689,0.0402,0.0369,0.227,0.0103,7.72,6,25,7,25,0.4,0.6,0.5,0.4,0.0389,0.3,0.5,0.1,0.4,0.3,0.4,0.2,0.8,0.3,0.6,5.8,0,0,0
23.6,25.4,21.8,26.9,27.8,26.0,23.7,20.8,26.6,0.0069,0.0111,0.0338,0.0072,0.00785,1.99,0.0158,0.00685,0.04,0.0368,0.225,0.0114,7.83,6,20,7,25,0.1,0.8,0.9,0.2,0.0377,0.2,0.5,0.1,0.4,0.3,0.5,0.1,0.7,0.4,0.4,5.6,0,0,0
23.8,22.4,25.2,26.8,26.8,26.8,22.8,23.8,21.8,0.00734,0.0111,0.0335,0.00736,0.00883,1.17,0.0141,0.00685,0.0403,0.0362,0.227,0.0114,7.94,6,21,7,25,0.1,1.0,0.8,0.4,0.0388,0.2,0.2,0.2,0.4,0.3,0.6,0.2,0.8,0.2,0.1,5.5,0,0,0
25.3,29.4,21.2,28.1,32.2,24.0,23.8,25.4,22.2,0.00744,0.0115,0.0337,0.00694,0.0081,0.531,0.0141,0.00732,0.0403,0.0362,0.226,0.0123,7.84,6,21,6,25,0.1,1.0,0.2,0.5,0.0391,0.4,0.1,0.5,0.3,0.5,0.4,0.3,0.5,0.1,0.4,5.3,0,0,0
22.9,18.2,27.6,26.9,26.0,27.8,22.6,21.8,23.4,0.00693,0.011,0.0335,0.00685,0.00829,0.555,0.013,0.00679,0.0403,0.0363,0.226,0.0121,7.85,6,13,6,25,0.1,0.7,0.3,0.3,0.0387,0.4,0.3,0.7,0.2,0.3,0.9,0.4,0.7,0.3,0.4,6.0,0,0,0
23.4,22.6,24.2,26.4,27.8,25.0,24.0,25.6,22.4,0.00703,0.011,0.0336,0.00696,0.00843,0.581,0.013,0.00728,0.04,0.0361,0.225,0.0116,7.93,6,21,6,25,0.1,0.5,0.4,0.2,0.0384,0.5,0.4,0.8,0.2,0.0,0.8,0.3,0.8,0.3,0.2,5.5,0,0,0
22.7,22.4,23.0,28.3,29.0,27.6,23.1,24.4,21.8,0.0073,0.0101,0.0337,0.00686,0.00827,0.619,0.0129,0.00719,0.0404,0.0362,0.227,0.0112,7.94,6,21,6,25,0.0,0.7,0.1,0.2,0.0375,0.6,0.3,0.8,0.4,0.4,0.4,0.3,0.5,0.2,0.1,5.0,0,0,0
27.8,30.8,24.8,27.0,22.8,31.2,23.8,22.4,25.2,0.00796,0.0108,0.0331,0.00588,0.00853,0.661,0.0133,0.00815,0.0406,0.0361,0.223,0.0102,11.3,7,24,6,50,25.5,6.5,2.0,3.5,0.0366,2.0,0.5,1.0,1.5,2.0,2.0,2.0,4.0,1.0,1.5,55.0,0,0,0
24.6,24.2,25.0,26.7,31.0,22.4,22.2,24.4,20.0,0.00796,0.00981,0.0334,0.00711,0.00818,0.7,0.0133,0.00753,0.0394,0.0364,0.225,0.0113,10.5,7,23,6,50,7.29,3.0,0.857,1.57,0.0362,1.0,0.714,0.429,1.14,1.29,0.571,0.857,2.29,0.714,0.714,22.4,0,0,0
24.8,26.4,23.2,27.6,29.8,25.4,23.7,20.2,27.2,0.00687,0.0169,0.0332,0.00673,0.00847,0.727,0.0118,0.00753,0.0405,0.0363,0.225,0.0113,10.3,7,19,7,50,0.1,1.3,0.4,0.6,0.0364,0.8,1.1,0.2,0.9,1.3,0.5,0.5,1.5,0.5,0.8,10.5,0,0,0
25.9,23.8,28.0,27.6,26.6,28.6,22.8,26.6,19.0,0.00686,0.0161,0.0335,0.00648,0.00831,0.745,0.0118,0.00811,0.0406,0.0363,0.227,0.0113,10.1,7,20,7,50,0.3,1.0,0.7,0.4,0.0362,0.8,0.8,0.6,0.5,1.4,1.0,0.5,1.3,0.5,0.9,10.7,0,0,0
24.2,27.2,21.2,26.4,22.4,30.4,23.5,25.4,21.6,0.00686,0.017,0.0333,0.00658,0.00876,0.779,0.0133,0.00811,0.0414,0.0362,0.226,0.0108,9.9,7,19,7,50,0.6,1.3,0.8,0.5,0.036,0.7,0.4,0.6,0.5,0.9,0.8,0.5,1.2,0.7,0.9,10.4,0,0,0
24.0,27.0,21.0,26.7,31.8,21.6,24.8,25.2,24.4,0.00664,0.0161,0.0333,0.00649,0.00839,0.816,0.0104,0.00725,0.0402,0.0363,0.225,0.0105,9.67,7,19,7,50,0.7,1.3,0.5,0.5,0.0346,0.9,0.3,0.6,0.6,0.7,0.9,0.6,1.0,0.4,1.3,10.3,0,0,0
24.3,24.0,24.6,26.4,30.2,22.6,24.3,28.0,20.6,0.00709,0.0169,0.033,0.00657,0.00851,0.822,0.0104,0.00725,0.04,0.0364,0.228,0.0118,9.5,7,19,6,50,0.5,1.3,0.7,0.8,0.0357,0.9,0.4,0.7,0.9,0.4,1.0,0.6,1.1,0.2,1.1,10.6,0,0,0
24.6,27.4,21.8,29.6,31.2,28.0,22.1,20.8,23.4,0.00709,0.0161,0.0331,0.00718,0.00823,0.847,0.00953,0.00718,0.04,0.0369,0.225,0.0119,9.33,6,21,6,50,0.3,1.5,0.8,1.0,0.0357,0.8,0.9,0.3,1.1,0.5,0.9,0.5,1.6,0.4,0.6,11.2,0,0,0
23.9,25.0,22.8,26.2,24.0,28.4,24.2,21.8,26.6,0.0061,0.017,0.0333,0.00729,0.00842,0.902,0.0105,0.00718,0.0401,0.0368,0.226,0.0122,9.26,6,19,6,50,0.2,1.3,0.6,0.5,0.0348,0.8,0.7,0.5,0.7,0.7,0.9,0.6,1.3,0.4,1.0,10.2,0,0,0
24.9,22.8,27.0,27.1,28.4,25.8,22.8,19.6,26.0,0.00678,0.0161,0.0333,0.00718,0.00815,0.924,0.00968,0.00719,0.0398,0.037,0.23,0.0118,9.08,6,20,6,50,0.4,0.7,0.7,0.7,0.0343,1.2,0.7,0.7,0.7,0.9,1.0,0.7,1.4,0.4,1.4,11.6,0,0,0
24.2,25.8,22.6,26.4,29.0,23.8,23.3,19.8,26.8,0.00728,0.0174,0.0333,0.0066,0.00839,0.939,0.0105,0.00719,0.0399,0.037,0.226,0.0118,9.0,6,18,6,50,0.6,0.3,0.6,1.5,0.0355,1.1,0.8,0.6,0.6,1.3,0.8,0.9,1.5,0.7,0.9,12.2,0,0,0
24.1,20.8,27.4,27.5,29.2,25.8,23.2,23.8,22.6,0.00716,0.0166,0.0333,0.0064,0.00841,0.946,0.00891,0.00665,0.0408,0.0371,0.228,0.0111,9.01,6,21,6,50,0.6,0.8,0.6,1.5,0.0352,0.4,0.6,0.4,0.9,0.8,0.5,1.0,0.8,0.6,0.9,10.4,0,0,0
24.8,26.0,23.6,27.5,25.4,29.6,23.9,23.0,24.8,0.00684,0.0174,0.0335,0.00645,0.00808,0.994,0.00892,0.00713,0.0395,0.0372,0.229,0.0111,8.98,6,19,6,50,0.5,1.3,0.8,1.4,0.0346,0.3,0.9,0.6,0.9,0.5,0.5,0.9,0.8,0.3,0.7,10.4,0,0,0
23.8,24.4,23.2,27.1,26.4,27.8,23.8,23.6,24.0,0.00675,0.0162,0.0332,0.00645,0.00903,1.01,0.00963,0.00666,0.0405,0.037,0.227,0.0101,8.92,6,17,6,50,0.2,1.1,0.6,1.3,0.0343,0.7,1.3,1.1,0.4,0.9,0.5,0.8,1.2,0.3,0.4,10.8,0,0,0
24.4,26.9,21.9,24.8,24.2,25.4,23.3,27.2,19.4,0.0074,0.0164,0.0335,0.00703,0.00877,1.04,0.00891,0.00716,0.0396,0.037,0.227,0.0103,8.84,6,19,6,50,0.1,1.3,0.4,0.8,0.0329,1.1,0.9,1.0,0.5,1.5,0.5,0.5,1.3,0.2,0.8,10.9,0,0,0
24.0,22.5,25.5,29.0,32.0,26.0,24.7,23.8,25.6,0.00692,0.0164,0.0335,0.0069,0.0087,1.07,0.00891,0.00667,0.0395,0.0371,0.226,0.0103,8.77,6,19,6,50,0.3,1.4,0.7,0.6,0.034,1.2,0.3,0.6,0.6,1.1,0.7,0.7,1.7,0.3,0.7,10.9,0,0,0
26.4,29.6,23.2,26.4,21.8,31.0,23.7,23.8,23.6,0.00707,0.0172,0.0332,0.0069,0.00872,1.07,0.00955,0.00678,0.0391,0.0372,0.226,0.0112,8.76,6,19,6,50,0.3,1.3,1.3,0.5,0.0338,1.2,0.3,0.8,0.8,0.4,1.0,0.8,2.1,0.6,0.8,12.2,0,0,0
24.3,26.8,21.8,27.5,30.6,24.4,23.1,25.8,20.4,0.00707,0.0164,0.0333,0.00711,0.00872,1.13,0.0103,0.00678,0.0391,0.0372,0.224,0.0108,8.72,6,17,6,50,0.3,1.7,0.9,0.4,0.0326,1.0,0.8,1.0,1.0,0.5,0.9,0.5,2.1,0.8,0.9,12.8,0,0,0
25.2,23.8,26.6,28.2,26.6,29.8,23.8,22.4,25.2,0.00821,0.0175,0.0334,0.00711,0.00857,1.2,0.0096,0.00923,0.0377,0.0375,0.225,0.0111,8.68,6,17,6,50,0.7,1.6,1.0,0.6,0.0337,0.7,1.1,0.6,0.7,0.5,0.8,0.5,1.8,0.5,0.8,11.9,0,0,0
24.4,24.4,24.4,26.1,28.8,23.4,24.0,26.6,21.4,0.00768,0.0166,0.0334,0.00705,0.00854,1.26,0.0104,0.00973,0.0386,0.0377,0.225,0.0106,8.65,6,17,6,50,0.5,1.4,1.3,0.9,0.0339,0.5,0.8,0.9,0.8,0.5,0.6,0.7,1.9,0.9,0.8,12.5,0,0,0
27.6,27.8,27.4,27.9,29.2,26.6,22.8,25.4,20.2,0.00777,0.0106,0.0337,0.00648,0.00836,1.18,0.0109,0.00819,0.0393,0.0381,0.227,0.0111,8.05,6,16,6,100,18.0,0.0,2.0,0.0,0.0332,2.0,1.0,1.0,1.0,2.0,0.0,1.0,2.0,0.0,2.0,32.0,0,0,0
26.5,23.0,30.0,29.0,28.6,29.4,24.8,23.2,26.4,0.00716,0.0107,0.0339,0.007,0.00769,1.21,0.0101,0.00819,0.0384,0.0379,0.229,0.0117,8.41,6,17,6,100,18.3,2.83,1.83,1.17,0.0333,1.67,2.33,1.83,0.833,1.67,1.5,1.5,3.17,0.833,3.17,42.7,0,0,0
26.7,25.2,28.2,28.9,30.8,27.0,25.2,21.0,29.4,0.0076,0.0116,0.034,0.00764,0.00799,1.26,0.00933,0.00818,0.0393,0.038,0.229,0.0117,8.5,6,19,7,100,9.8,3.7,1.7,1.4,0.035,1.7,2.0,1.6,0.8,1.4,2.0,1.1,3.1,0.9,2.7,33.9,0,0,0
25.6,27.8,23.4,27.6,25.6,29.6,24.4,29.0,19.8,0.00757,0.0162,0.0341,0.00778,0.0102,1.29,0.00933,0.00896,0.0397,0.0382,0.225,0.0112,8.37,6,19,6,100,1.2,3.3,1.8,1.5,0.0349,1.1,1.5,1.2,0.9,1.6,1.7,0.7,2.9,0.9,2.0,22.3,0,0,0
26.2,28.4,24.0,27.1,24.6,29.6,23.6,22.0,25.2,0.0076,0.0162,0.0338,0.00723,0.0103,1.36,0.00933,0.00843,0.0406,0.038,0.228,0.0107,8.26,6,18,6,100,0.9,2.9,2.2,1.7,0.0348,0.7,1.5,1.3,1.3,1.5,1.1,0.7,2.8,0.9,1.4,20.9,0,0,0
26.6,25.2,28.0,28.2,29.4,27.0,23.8,29.2,18.4,0.0076,0.0153,0.0339,0.00722,0.00996,1.41,0.00841,0.00843,0.0397,0.0376,0.227,0.0109,8.29,6,20,6,100,1.0,3.1,2.1,1.4,0.0362,1.4,1.3,1.4,1.5,1.0,1.1,0.9,2.7,1.2,1.2,21.3,0,0,0
26.6,26.0,27.2,28.7,29.4,28.0,24.1,24.6,23.6,0.00757,0.0162,0.0339,0.0076,0.0103,1.47,0.00997,0.00848,0.0396,0.0379,0.228,0.0103,8.25,6,20,6,100,0.8,3.2,1.6,1.7,0.0366,1.5,1.0,1.4,1.2,1.4,1.7,1.2,3.0,1.0,1.5,22.2,0,0,0
25.9,29.6,22.2,27.6,28.4,26.8,22.9,22.4,23.4,0.00704,0.0149,0.034,0.00803,0.00998,1.55,0.00917,0.00848,0.0397,0.038,0.228,0.0112,8.16,6,17,6,100,0.4,3.4,2.0,1.9,0.0368,1.2,1.1,1.2,1.2,1.7,1.5,1.7,3.2,0.7,1.7,22.9,0,0,0
26.0,26.6,25.4,28.9,29.8,28.0,23.5,22.8,24.2,0.00728,0.0157,0.0338,0.00812,0.00999,1.61,0.00991,0.00903,0.0387,0.0379,0.228,0.0107,8.19,6,18,6,100,0.9,3.0,1.8,1.4,0.0369,1.0,1.3,1.2,1.2,1.3,1.0,1.7,3.0,1.3,2.2,22.3,0,0,0
25.7,23.8,27.6,26.9,28.8,25.0,25.3,25.4,25.2,0.0071,0.0149,0.0338,0.00806,0.00955,1.64,0.00913,0.00855,0.0399,0.0381,0.228,0.0107,8.11,6,18,6,100,0.8,2.4,1.8,1.8,0.0362,1.0,1.1,1.6,0.9,1.0,1.7,1.3,3.4,1.8,2.3,22.9,0,0,0
27.0,28.2,25.8,28.2,26.4,30.0,23.7,20.4,27.0,0.00762,0.0158,0.0338,0.00809,0.00904,1.71,0.00923,0.00909,0.039,0.0381,0.226,0.0112,8.18,6,17,6,100,1.2,2.2,2.1,1.5,0.0487,1.4,1.9,1.4,1.1,1.0,2.0,1.3,3.4,1.3,2.0,23.8,0,0,0
26.7,24.2,29.2,27.9,31.4,24.4,22.8,24.8,20.8,0.00697,0.0148,0.0338,0.00803,0.00884,1.74,0.0105,0.00859,0.0399,0.0383,0.229,0.0113,8.21,6,17,7,100,1.3,2.4,1.7,1.0,0.0491,1.6,2.1,1.1,1.4,1.4,1.3,1.4,2.9,0.7,1.5,21.8,0,0,0
26.2,27.4,25.0,28.8,24.0,33.6,24.6,26.4,22.8,0.00817,0.0157,0.0339,0.00787,0.00857,1.82,0.0105,0.00982,0.0403,0.0384,0.23,0.0114,8.13,6,17,6,100,0.7,2.9,1.6,1.0,0.0485,1.2,1.3,1.3,1.5,1.7,1.5,1.5,2.7,0.8,1.2,20.9,0,0,0
27.8,30.0,25.6,27.4,26.6,28.2,23.4,24.0,22.8,0.00756,0.0148,0.034,0.0083,0.00969,1.89,0.00985,0.00925,0.0415,0.0384,0.229,0.0109,8.13,6,18,6,100,1.0,3.2,1.4,0.7,0.0498,1.2,1.4,1.4,1.7,1.4,2.4,1.0,2.8,1.0,1.6,22.2,0,0,0
24.9,26.4,23.4,28.9,28.2,29.6,25.9,27.0,24.8,0.00809,0.0157,0.0341,0.00757,0.0101,1.9,0.00906,0.00973,0.0405,0.0385,0.233,0.0113,8.1,6,21,6,100,0.9,3.2,1.2,1.2,0.0498,1.4,1.4,1.7,1.7,1.4,2.3,0.8,3.2,1.2,1.7,23.3,0,0,0
25.5,28.4,22.6,27.5,33.2,21.8,23.2,26.2,20.2,0.00689,0.0146,0.0339,0.00757,0.00998,1.93,0.00906,0.00672,0.0409,0.0385,0.232,0.011,8.12,6,21,6,100,0.8,2.5,0.7,1.8,0.0492,1.6,1.3,1.8,1.6,1.0,1.3,1.0,2.7,1.1,2.0,21.2,0,0,0
26.1,27.0,25.2,29.5,29.6,29.4,24.7,25.4,24.0,0.00738,0.0155,0.0342,0.00756,0.01,2.01,0.00902,0.00673,0.0411,0.0385,0.229,0.0115,8.22,6,22,7,100,1.0,2.2,0.8,1.6,0.0489,1.9,1.4,1.3,1.7,0.9,1.1,1.1,2.7,1.1,1.8,20.6,0,0,0
27.8,30.4,25.2,26.6,25.6,27.6,25.0,22.4,27.6,0.00677,0.0146,0.0341,0.00803,0.0102,2.08,0.0098,0.00673,0.0408,0.039,0.228,0.0119,8.22,6,21,7,100,0.5,3.4,1.0,1.3,0.0516,1.8,1.2,1.7,1.7,1.1,1.1,1.3,2.9,1.0,1.2,21.2,0,0,0
24.5,19.8,29.2,30.0,30.2,29.8,23.7,22.4,25.0,0.00722,0.0154,0.0344,0.00762,0.00966,2.19,0.0098,0.00672,0.041,0.0389,0.233,0.0107,8.19,6,19,6,100,0.6,3.5,0.9,1.3,0.0516,1.5,1.1,2.0,1.7,0.9,0.8,1.4,2.4,0.8,1.7,20.6,0,0,0
25.6,23.4,27.8,28.8,31.4,26.2,24.5,22.8,26.2,0.00657,0.0145,0.0344,0.00806,0.01,2.29,0.00998,0.00721,0.0408,0.0389,0.234,0.0103,8.19,6,18,6,100,1.1,2.5,1.1,1.5,0.0518,1.6,2.0,1.3,1.2,1.1,1.2,1.5,2.7,0.9,1.7,21.4,0,0,0
22.7,19.8,25.6,28.8,31.2,26.4,22.2,21.2,23.2,0.00834,0.0121,0.0367,0.00742,0.00831,14.1,0.0106,0.00668,0.0424,0.0403,0.232,0.0119,6.63,5,16,6,25,9.0,1.33,1.33,1.33,0.0374,1.0,0.333,0.333,0.667,0.333,1.0,0.667,2.0,0.333,1.33,21.0,0,0,0
23.8,28.0,19.6,28.1,31.2,25.0,22.8,23.8,21.8,0.00791,0.012,0.0364,0.00789,0.00796,13.2,0.0114,0.00742,0.0413,0.0405,0.236,0.0114,7.3,5,25,6,25,3.63,1.0,0.75,0.875,0.0373,0.625,0.375,0.375,0.25,0.25,0.5,0.375,1.13,0.25,0.75,11.1,0,0,0
23.2,21.6,24.8,26.6,31.4,21.8,24.1,28.0,20.2,0.00858,0.012,0.0362,0.00801,0.00744,12.3,0.0104,0.00701,0.0424,0.0401,0.23,0.011,7.03,6,21,6,25,0.3,0.8,0.5,0.6,0.0364,0.3,0.3,0.3,0.1,0.1,0.3,0.3,0.7,0.2,0.5,5.3,0,0,0
23.8,24.6,23.0,28.1,27.6,28.6,23.2,20.6,25.8,0.00858,0.0111,0.036,0.00786,0.00763,11.5,0.0104,0.00701,0.0412,0.0396,0.232,0.0119,7.05,6,11,6,25,0.4,0.7,0.4,0.4,0.0385,0.2,0.2,0.3,0.5,0.0,0.6,0.5,0.6,0.1,0.3,5.2,0,0,0
23.8,21.6,26.0,26.1,30.8,21.4,23.6,24.6,22.6,0.00757,0.0147,0.0359,0.00811,0.0109,10.6,0.0111,0.00785,0.0421,0.0398,0.232,0.0113,7.35,6,22,6,25,0.3,0.7,0.1,0.4,0.0383,0.3,0.1,0.4,0.4,0.0,0.9,0.7,0.6,0.3,0.2,5.4,0,0,0
24.1,30.2,18.0,27.5,26.6,28.4,22.6,23.0,22.2,0.00805,0.0138,0.0357,0.00855,0.0106,9.79,0.0103,0.00722,0.042,0.0392,0.233,0.0107,7.49,6,22,6,25,0.4,0.5,0.4,0.5,0.0384,0.2,0.4,0.4,0.1,0.2,0.8,0.5,0.3,0.2,0.3,5.2,0,0,0
23.9,20.8,27.0,27.7,26.2,29.2,23.9,22.2,25.6,0.00852,0.0146,0.0355,0.00827,0.0107,8.9,0.011,0.00778,0.0421,0.0388,0.231,0.0107,7.68,6,22,6,25,0.4,0.4,0.7,0.4,0.0385,0.1,0.5,0.4,0.3,0.3,0.6,0.1,0.6,0.0,0.4,5.2,0,0,0
25.0,22.4,27.6,26.8,26.0,27.6,22.4,21.8,23.0,0.00795,0.0137,0.0354,0.00848,0.0104,8.16,0.0101,0.00776,0.0411,0.0389,0.231,0.0108,7.78,6,23,6,25,0.1,0.8,0.6,0.5,0.0385,0.2,0.3,0.1,0.3,0.2,0.6,0.2,1.0,0.1,0.3,5.3,0,0,0
24.1,22.0,26.2,28.4,33.4,23.4,23.3,20.4,26.2,0.00867,0.0145,0.0352,0.00839,0.0107,7.18,0.0108,0.00776,0.0419,0.0386,0.228,0.0106,7.63,6,17,6,25,0.1,0.5,0.9,0.4,0.0375,0.2,0.1,0.1,0.2,0.3,0.4,0.3,0.9,0.3,0.3,5.0,0,0,0
24.7,25.6,23.8,28.8,27.4,30.2,23.0,25.8,20.2,0.0086,0.0136,0.035,0.00847,0.0111,6.33,0.0106,0.00723,0.0419,0.038,0.23,0.0103,7.58,6,15,6,25,0.2,0.1,0.6,0.3,0.0385,0.3,0.3,0.1,0.2,0.5,0.3,0.6,1.0,0.3,0.2,5.0,0,0,0
24.2,25.8,22.6,28.2,25.2,31.2,22.7,20.6,24.8,0.00928,0.0144,0.0347,0.00793,0.0109,5.54,0.0106,0.00777,0.0418,0.038,0.225,0.0103,7.6,6,17,6,25,0.3,0.6,0.4,0.3,0.0384,0.5,0.2,0.2,0.2,0.3,0.2,0.6,1.1,0.4,0.2,5.5,0,0,0
22.9,25.2,20.6,26.4,24.6,28.2,22.9,23.8,22.0,0.00928,0.0157,0.0348,0.0083,0.0108,4.79,0.0106,0.00724,0.0413,0.0379,0.227,0.0116,7.66,6,24,6,25,0.1,1.5,0.5,0.2,0.0374,0.3,0.2,0.5,0.4,0.2,0.2,0.4,1.0,0.4,0.4,6.3,0,0,0
23.9,26.2,21.6,26.9,26.8,27.0,24.0,22.6,25.4,0.00729,0.0149,0.0345,0.00851,0.0106,3.81,0.0106,0.00724,0.0416,0.0378,0.226,0.0115,7.68,6,17,6,25,0.0,1.3,0.4,0.3,0.0372,0.0,0.4,0.7,0.3,0.3,0.2,0.4,0.6,0.2,0.4,5.5,0,0,0
24.6,21.2,28.0,26.9,28.2,25.6,22.5,20.2,24.8,0.0068,0.0139,0.0346,0.00821,0.0111,2.89,0.00901,0.00724,0.0413,0.0377,0.228,0.0117,7.68,6,15,6,25,0.1,1.3,0.6,0.2,0.0388,0.0,0.2,0.5,0.2,0.4,0.3,0.3,0.5,0.3,0.5,5.4,0,0,0
24.7,26.2,23.2,29.7,30.2,29.2,23.3,20.0,26.6,0.00731,0.0149,0.0344,0.00821,0.0107,2.05,0.00885,0.00776,0.0413,0.0377,0.226,0.012,7.65,6,17,6,25,0.2,1.0,0.5,0.3,0.0372,0.2,0.1,0.1,0.3,0.3,0.9,0.3,0.7,0.4,0.7,6.0,0,0,0
23.6,25.2,22.0,28.2,28.6,27.8,22.4,19.8,25.0,0.00686,0.0139,0.0342,0.00834,0.0105,1.21,0.00885,0.00776,0.0412,0.0378,0.227,0.0118,7.66,6,17,6,25,0.2,0.2,0.6,0.5,0.0392,0.6,0.5,0.0,0.2,0.2,0.6,0.1,0.8,0.2,0.6,5.3,0,0,0
23.6,22.6,24.6,26.5,27.0,26.0,24.5,23.8,25.2,0.00686,0.0148,0.0343,0.00828,0.0105,0.548,0.00871,0.00924,0.0412,0.0375,0.228,0.0118,7.65,6,17,6,25,0.3,0.5,0.6,0.6,0.0393,0.6,0.6,0.0,0.0,0.1,0.1,0.3,0.7,0.1,0.4,4.9,0,0,0
25.9,28.0,23.8,26.7,23.4,30.0,22.5,19.6,25.4,0.007,0.014,0.0339,0.00844,0.0102,0.583,0.00871,0.00862,0.04,0.0374,0.227,0.0119,7.69,6,18,7,25,0.3,0.8,0.3,0.5,0.0395,0.5,0.2,0.2,0.5,0.2,0.2,0.4,0.5,0.1,0.4,5.1,0,0,0
24.2,24.8,23.6,29.5,28.4,30.6,23.5,25.2,21.8,0.00763,0.014,0.0343,0.00846,0.0107,0.623,0.00948,0.00862,0.0409,0.0375,0.226,0.0122,7.76,6,18,7,25,0.2,0.6,0.2,0.3,0.0392,0.6,0.1,0.3,0.8,0.2,0.3,0.4,0.7,0.2,0.3,5.2,0,0,0
24.2,24.2,24.2,25.6,29.4,21.8,22.4,21.4,23.4,0.00763,0.0126,0.034,0.00812,0.0103,0.645,0.00948,0.00725,0.041,0.0374,0.225,0.0121,7.75,6,21,6,25,0.6,0.7,0.2,0.1,0.0397,0.6,0.3,0.3,0.3,0.5,0.3,0.5,1.0,0.6,0.2,6.2,0,0,0
25.3,25.8,24.8,29.7,28.8,30.6,24.0,24.0,24.0,0.00758,0.0135,0.0345,0.00818,0.0104,0.607,0.00948,0.00746,0.0406,0.0374,0.227,0.0109,8.89,6,19,6,50,25.5,3.5,1.0,1.0,0.0369,3.5,1.0,2.0,1.0,1.5,2.0,3.5,5.0,1.0,5.0,56.5,0,0,0
24.7,23.0,26.4,28.4,28.4,28.4,23.4,27.2,19.6,0.00758,0.00991,0.0346,0.0079,0.00736,0.635,0.00953,0.00663,0.0415,0.0374,0.225,0.0117,8.16,6,19,6,50,7.29,1.57,0.571,0.857,0.038,1.29,0.429,0.714,0.429,1.14,1.0,1.57,2.0,0.571,1.86,21.3,0,0,0
23.8,24.3,23.3,25.5,28.0,23.0,22.6,22.8,22.4,0.00705,0.0109,0.0345,0.00747,0.00763,0.649,0.00953,0.00724,0.0405,0.0372,0.226,0.0115,8.15,6,16,6,50,0.2,1.1,0.6,1.0,0.0383,0.3,0.7,0.5,0.6,1.1,0.4,1.2,1.4,0.3,0.7,10.1,0,0,0
23.7,20.8,26.6,28.3,32.4,24.2,24.0,21.0,27.0,0.00822,0.0101,0.0345,0.00726,0.00759,0.662,0.00957,0.00668,0.0402,0.0373,0.226,0.0115,8.05,6,18,6,50,0.4,1.4,0.7,0.9,0.0368,0.6,0.9,0.6,0.9,1.1,0.2,1.0,1.5,0.2,1.2,11.6,0,0,0
24.1,25.3,22.9,25.8,23.2,28.4,23.8,26.6,21.0,0.00836,0.0111,0.0341,0.00723,0.00796,0.676,0.00957,0.00873,0.0399,0.0369,0.23,0.0114,8.02,6,19,6,50,0.3,1.4,0.4,0.8,0.0373,0.8,0.5,0.5,0.6,0.9,0.4,0.6,1.1,0.3,1.2,9.8,0,0,0
24.2,24.2,24.2,26.3,32.2,20.4,22.2,22.8,21.6,0.00767,0.0102,0.0342,0.0075,0.00768,0.697,0.00885,0.00873,0.04,0.0368,0.227,0.0111,7.99,6,20,6,50,0.5,1.6,0.3,0.7,0.037,0.4,0.6,0.7,0.4,1.0,0.7,0.8,1.1,0.4,1.2,10.4,0,0,0
23.2,24.8,21.6,28.4,32.0,24.8,23.6,23.8,23.4,0.00774,0.011,0.034,0.00745,0.00772,0.731,0.00886,0.00929,0.0398,0.0368,0.229,0.0119,7.98,6,20,6,50,0.8,1.6,0.4,0.7,0.0357,0.3,1.0,0.5,0.7,1.1,0.5,0.8,1.3,0.5,1.5,11.7,0,0,0
24.7,22.6,26.8,26.0,24.0,28.0,23.8,22.4,25.2,0.00706,0.0102,0.0341,0.00795,0.00751,0.745,0.00886,0.00876,0.0397,0.0365,0.23,0.0114,8.06,6,20,6,50,0.7,1.4,0.4,0.8,0.0366,0.4,0.8,0.4,1.0,1.0,0.8,0.8,1.5,0.4,1.3,11.7,0,0,0
23.5,22.0,25.0,26.7,28.0,25.4,23.6,21.8,25.4,0.00767,0.00894,0.034,0.00758,0.00774,0.763,0.00886,0.00924,0.0409,0.0365,0.226,0.0103,8.04,6,22,6,50,0.5,1.1,0.4,0.8,0.0366,0.5,0.5,0.7,1.0,1.1,1.0,0.8,1.6,0.4,0.7,11.1,0,0,0
24.2,25.8,22.6,26.0,30.0,22.0,23.0,22.2,23.8,0.0071,0.0102,0.034,0.00778,0.00804,0.789,0.00886,0.00918,0.0395,0.0364,0.226,0.0102,8.01,6,17,6,50,0.4,1.3,0.4,1.2,0.0362,0.4,0.5,0.7,0.6,1.0,0.8,0.5,1.2,0.4,0.9,10.3,0,0,0
24.5,23.4,25.6,26.9,29.4,24.4,24.1,21.2,27.0,0.00758,0.011,0.034,0.00655,0.00781,0.802,0.00965,0.00918,0.0396,0.0365,0.228,0.0105,8.0,6,16,6,50,0.4,1.8,0.6,1.3,0.0358,0.9,0.4,0.6,0.3,0.8,0.8,0.4,1.5,0.4,1.1,11.3,0,0,0
23.5,24.0,23.0,25.8,28.2,23.4,23.3,21.4,25.2,0.00707,0.01,0.034,0.00778,0.00774,0.838,0.00884,0.00866,0.0395,0.0362,0.229,0.0106,8.04,6,19,6,50,0.4,1.7,0.6,0.8,0.0356,1.7,0.5,0.6,0.6,0.4,0.6,0.6,2.3,0.7,0.7,12.2,0,0,0
24.3,19.9,28.6,28.3,31.0,25.6,23.4,26.4,20.4,0.00776,0.0109,0.034,0.00716,0.00753,0.854,0.00958,0.00919,0.0393,0.0363,0.228,0.0105,8.08,6,21,6,50,0.2,1.4,0.4,0.9,0.0339,1.6,1.0,0.7,1.0,0.1,0.5,0.5,1.9,0.8,1.0,12.0,0,0,0
24.1,26.6,21.6,26.4,30.0,22.8,23.5,23.4,23.6,0.00817,0.0101,0.0338,0.00754,0.00778,0.885,0.00877,0.00771,0.0394,0.0363,0.227,0.0109,7.97,6,19,6,50,0.2,1.4,0.8,0.9,0.0346,1.2,0.9,0.6,0.9,0.1,0.4,0.4,1.0,0.5,1.0,10.3,0,0,0
24.2,25.2,23.2,28.0,23.0,33.0,23.6,23.2,24.0,0.00761,0.011,0.0339,0.00727,0.00766,0.899,0.00958,0.00767,0.0394,0.0363,0.228,0.0103,7.91,6,13,6,50,0.5,1.9,1.0,0.6,0.0345,0.9,0.7,0.3,0.7,0.2,0.7,0.5,0.8,0.4,1.0,10.2,0,0,0
24.1,20.8,27.3,26.0,24.0,28.0,23.6,26.6,20.6,0.00697,0.011,0.0338,0.00751,0.00778,0.913,0.0096,0.00826,0.0393,0.0362,0.227,0.01,7.93,6,21,6,50,0.6,1.9,0.8,0.6,0.0336,0.9,1.2,0.4,1.5,0.5,1.2,0.6,1.7,0.5,1.0,13.4,0,0,0
23.0,21.4,24.6,27.2,30.4,24.0,23.5,24.6,22.4,0.00758,0.0118,0.034,0.00749,0.00799,0.951,0.0096,0.00826,0.0393,0.036,0.228,0.0104,7.9,6,19,6,50,0.3,1.5,0.6,0.3,0.0342,1.2,1.3,0.7,1.2,0.6,1.0,0.6,1.6,0.6,0.6,12.1,0,0,0
24.7,22.6,26.8,25.9,24.0,27.8,24.5,25.6,23.4,0.00705,0.0101,0.0334,0.00706,0.00755,0.995,0.00962,0.00941,0.0389,0.0359,0.23,0.0102,7.88,6,16,6,50,0.0,1.5,0.5,0.4,0.0341,1.3,0.7,0.5,0.6,0.9,0.9,0.8,1.2,0.7,0.6,10.6,0,0,0
23.4,23.2,23.6,28.3,28.2,28.4,23.6,22.8,24.4,0.00705,0.0101,0.0335,0.00718,0.00778,1.06,0.00878,0.00941,0.0387,0.0356,0.229,0.0114,7.85,6,20,5,50,0.0,2.0,0.5,0.5,0.0328,0.8,0.6,0.5,0.8,0.9,0.7,0.6,1.5,0.4,0.9,10.7,0,0,0
24.9,23.0,26.8,27.4,28.4,26.4,22.4,18.6,26.2,0.00686,0.0102,0.0336,0.00718,0.00805,1.11,0.00878,0.00836,0.0384,0.0359,0.228,0.0114,7.91,6,21,6,50,0.2,1.9,0.8,0.4,0.0325,0.8,1.1,0.5,1.0,0.7,0.9,0.6,1.8,0.3,0.8,11.8,0,0,0
26.8,24.4,29.2,29.5,27.6,31.4,22.9,21.4,24.4,0.00699,0.0105,0.0336,0.00768,0.00793,1.08,0.00878,0.00887,0.0381,0.0351,0.229,0.0111,7.61,6,15,5,100,20.0,2.0,1.0,1.0,0.0337,2.0,2.0,2.0,1.0,3.0,1.0,1.0,3.0,1.0,0.0,40.0,0,0,0
27.4,25.8,29.0,27.9,28.8,27.0,24.5,23.8,25.2,0.00679,0.00954,0.0336,0.00758,0.00758,1.1,0.00953,0.00632,0.0384,0.0353,0.227,0.0103,7.89,6,20,6,100,18.2,4.17,1.83,1.83,0.0328,2.67,1.5,1.5,2.67,2.17,1.33,1.5,3.17,0.833,1.17,44.5,0,0,0
25.4,21.6,29.2,28.7,25.8,31.6,24.3,26.8,21.8,0.0068,0.011,0.0336,0.0074,0.00749,1.15,0.00953,0.00691,0.0384,0.0355,0.229,0.0111,8.0,6,20,6,100,9.1,3.4,1.4,1.5,0.034,1.9,1.3,1.4,2.1,1.5,1.3,1.5,3.1,1.0,1.8,32.3,0,0,0
26.5,26.6,26.4,26.3,23.0,29.6,24.1,22.0,26.2,0.00673,0.0102,0.0339,0.00735,0.00774,1.22,0.00959,0.00635,0.0384,0.0354,0.225,0.0102,7.97,6,19,6,100,0.6,2.3,1.2,0.8,0.0341,1.1,2.0,1.1,1.1,1.3,1.4,1.8,2.8,1.2,2.1,20.8,0,0,0
25.1,28.6,21.6,29.3,26.4,32.2,23.9,25.2,22.6,0.00724,0.011,0.0339,0.00675,0.00793,1.26,0.00959,0.00693,0.0382,0.0355,0.225,0.0111,7.92,6,17,6,100,0.8,3.0,1.5,1.1,0.0329,1.0,2.3,1.2,1.4,1.1,1.5,1.7,3.0,0.9,1.5,22.0,0,0,0
25.7,26.0,25.4,27.3,23.6,31.0,23.9,22.2,25.6,0.00663,0.011,0.0339,0.00675,0.00777,1.31,0.00846,0.00645,0.0374,0.0356,0.227,0.0107,7.83,6,17,6,100,0.9,2.9,1.4,1.1,0.033,0.9,2.0,1.6,1.6,0.7,1.6,1.2,3.1,0.8,1.3,21.1,0,0,0
25.0,27.0,23.0,27.5,24.2,30.8,23.4,21.8,25.0,0.00712,0.0106,0.034,0.00673,0.00799,1.35,0.00994,0.0065,0.0385,0.0356,0.229,0.0118,7.81,6,18,5,100,1.1,2.9,1.4,0.7,0.0352,0.8,1.3,1.6,1.3,1.0,1.9,1.6,3.2,1.2,1.4,21.4,0,0,0
24.8,19.6,30.0,26.7,29.4,24.0,24.5,23.0,26.0,0.00664,0.0106,0.0343,0.0066,0.00787,1.4,0.00915,0.00702,0.0385,0.0357,0.225,0.0115,7.8,6,18,6,100,1.3,3.6,1.1,1.3,0.034,1.1,0.5,1.6,1.0,1.5,1.7,1.7,3.1,1.3,1.3,22.1,0,0,0
25.5,23.2,27.8,27.2,29.0,25.4,23.5,21.4,25.6,0.00714,0.0106,0.0341,0.00597,0.00791,1.45,0.00996,0.00702,0.0386,0.0356,0.228,0.0114,7.79,6,19,6,100,1.1,2.9,0.8,1.7,0.0354,1.6,0.7,1.5,1.4,1.6,1.7,2.0,2.7,1.1,1.4,22.2,0,0,0
25.8,24.8,26.8,28.9,29.6,28.2,24.6,27.0,22.2,0.00645,0.00976,0.0344,0.0065,0.008,1.5,0.00922,0.00713,0.0385,0.0354,0.225,0.0116,7.82,6,21,6,100,0.7,2.4,0.8,1.8,0.0383,1.6,1.9,1.2,1.7,1.5,1.4,1.8,2.8,0.8,1.6,22.0,0,0,0
25.2,27.6,22.8,27.3,31.4,23.2,23.2,27.0,19.4,0.00654,0.00976,0.0345,0.00583,0.0103,1.55,0.01,0.00737,0.0383,0.0357,0.227,0.0115,7.8,6,21,6,100,0.7,2.7,1.1,2.1,0.0372,1.3,2.3,1.2,1.5,1.5,0.9,1.4,2.8,0.9,2.1,22.5,0,0,0
25.6,27.6,23.6,27.1,30.6,23.6,25.3,26.0,24.6,0.00647,0.00884,0.0345,0.00705,0.0106,1.61,0.00918,0.00823,0.0384,0.0357,0.227,0.0116,7.82,6,19,6,100,1.0,2.5,1.4,1.8,0.0381,1.2,1.6,1.5,1.3,1.1,1.2,1.5,2.7,1.0,2.3,22.1,0,0,0
24.7,25.0,24.4,27.8,29.0,26.6,24.7,25.2,24.2,0.00696,0.0148,0.0347,0.0068,0.0104,1.65,0.00923,0.00765,0.0383,0.0357,0.23,0.012,7.85,6,19,6,100,1.1,2.4,2.0,1.3,0.038,1.2,1.5,1.3,1.4,1.0,1.3,1.3,3.1,0.7,2.2,21.8,0,0,0
26.0,24.6,27.4,28.3,29.4,27.2,23.1,22.8,23.4,0.00635,0.0141,0.0345,0.00708,0.0103,1.7,0.0101,0.00765,0.0384,0.036,0.226,0.0111,7.83,6,17,6,100,0.8,2.6,2.2,1.4,0.037,1.1,1.6,1.2,1.5,1.2,1.2,1.7,3.3,1.1,2.0,22.9,0,0,0
27.7,25.6,29.8,29.0,30.8,27.2,24.2,22.6,25.8,0.00687,0.015,0.0349,0.00698,0.0108,1.79,0.00932,0.00697,0.0384,0.0358,0.228,0.0115,7.82,6,18,6,100,0.6,2.0,1.9,1.2,0.049,1.2,1.8,1.5,1.4,1.2,1.6,2.2,3.2,1.4,1.7,22.9,0,0,0
25.8,28.0,23.6,26.2,31.2,21.2,24.4,24.6,24.2,0.00687,0.015,0.0348,0.00644,0.0105,1.8,0.0101,0.00697,0.0387,0.0363,0.226,0.0107,7.8,6,18,6,100,0.7,2.5,1.4,1.2,0.0492,1.1,1.5,1.5,2.0,1.2,1.5,1.7,3.0,1.0,1.9,22.2,0,0,0
25.7,26.6,24.8,28.7,24.6,32.8,23.8,21.2,26.4,0.00769,0.0149,0.0346,0.00694,0.0102,1.87,0.0101,0.00754,0.0396,0.0362,0.228,0.0103,7.8,6,17,6,100,1.1,3.2,1.4,1.4,0.0494,1.5,1.5,1.1,2.3,0.9,1.1,0.9,2.9,0.5,1.9,21.7,0,0,0
27.2,25.6,28.8,27.5,24.6,30.4,23.5,22.0,25.0,0.00723,0.0141,0.0347,0.00698,0.0105,1.98,0.0101,0.007,0.0386,0.0363,0.228,0.0108,7.77,6,18,6,100,1.2,3.2,1.7,1.1,0.0493,1.3,1.8,1.2,1.8,1.1,1.1,1.0,3.3,0.7,1.5,22.0,0,0,0
25.3,26.8,23.8,28.0,28.6,27.4,24.3,24.8,23.8,0.00755,0.0148,0.0347,0.00659,0.0107,2.07,0.0101,0.00751,0.0387,0.0363,0.228,0.0102,7.74,6,18,6,100,0.9,3.3,1.3,1.3,0.0491,1.0,1.8,1.9,1.4,1.7,1.5,1.8,3.2,1.2,1.3,23.6,0,0,0
25.4,24.3,26.5,26.2,28.2,24.2,23.6,25.6,21.6,0.00629,0.014,0.0348,0.00695,0.0097,2.16,0.00937,0.00701,0.0389,0.0365,0.228,0.0109,7.74,6,18,6,100,1.1,3.0,1.3,1.5,0.0481,1.3,1.8,1.6,1.3,1.6,1.7,1.9,2.6,1.1,1.9,23.7,0,0,0
23.3,26.2,20.4,25.2,29.4,21.0,22.2,24.6,19.8,0.00608,0.0106,0.0373,0.00842,0.00667,13.7,0.0126,0.00676,0.0399,0.0398,0.218,0.0101,6.38,5,13,5,25,9.33,1.67,1.33,0.667,0.0353,14.6,0.333,0.333,0.333,1.0,0.333,0.667,1.0,0.0,1.0,18.0,0,0,0
30.9,29.6,32.2,27.9,23.8,32.0,21.5,22.4,20.6,0.00662,0.00972,0.0369,0.00842,0.00699,13.0,0.0118,0.00676,0.0409,0.0401,0.218,0.0108,9.52,6,19,6,25,3.5,1.25,0.625,0.375,0.0351,0.125,0.25,0.125,0.25,0.75,0.5,0.625,0.5,0.125,0.375,9.38,0,0,0
75.3,81.6,69.0,28.2,28.8,27.6,23.8,20.4,27.2,0.00721,0.00969,0.037,0.00913,0.00717,12.3,0.0127,0.00676,0.0399,0.04,0.215,0.0107,9.63,6,28,8,25,0.0,1.0,0.1,0.1,0.0351,0.2,0.2,1.0,0.2,0.5,0.4,0.4,0.6,0.5,0.1,5.3,0,0,0
44.1,39.5,48.7,25.8,30.0,21.6,21.2,23.0,19.4,0.00721,0.00969,0.0366,0.00833,0.00737,11.4,0.0111,0.0072,0.0387,0.0398,0.213,0.0104,9.26,6,21,7,25,0.2,0.7,0.1,0.2,0.034,0.4,0.2,1.1,0.3,0.5,0.2,0.4,0.8,0.4,0.4,5.9,0,0,0
22.6,24.9,20.3,25.9,27.4,24.4,22.2,20.4,24.0,0.00727,0.0105,0.0362,0.00797,0.00709,10.5,0.0101,0.0072,0.0399,0.0392,0.214,0.0108,9.11,6,21,6,25,0.4,0.5,0.1,0.4,0.0352,0.5,0.2,0.2,0.4,0.4,0.4,0.4,0.6,0.2,0.5,5.2,0,0,0
23.9,22.6,25.2,27.5,25.6,29.4,21.4,23.6,19.2,0.00678,0.0105,0.0357,0.00856,0.00664,9.73,0.0101,0.00666,0.04,0.0393,0.214,0.0109,8.69,6,14,5,25,0.3,1.1,0.1,0.3,0.035,0.4,0.3,0.1,0.4,0.1,0.4,0.4,0.5,0.3,0.5,5.2,0,0,0
23.3,23.0,23.6,26.7,31.4,22.0,23.2,20.6,25.8,0.00736,0.0113,0.0357,0.00805,0.00687,8.77,0.00921,0.00713,0.0397,0.039,0.211,0.0114,8.51,6,12,5,25,0.2,1.2,0.1,0.3,0.0353,0.4,0.4,0.1,0.4,0.1,0.4,0.3,0.4,0.2,0.7,5.2,0,0,0
23.4,22.0,24.8,27.3,27.0,27.6,21.9,23.8,20.0,0.00675,0.00934,0.036,0.00786,0.00681,8.02,0.0106,0.00668,0.0408,0.0385,0.21,0.0115,8.24,6,14,5,25,0.1,0.9,0.1,0.3,0.0342,0.3,0.3,0.3,0.3,0.4,0.4,0.1,0.6,0.2,0.7,5.0,0,0,0
22.8,24.4,21.2,25.4,23.6,27.2,22.7,20.6,24.8,0.00739,0.0103,0.0356,0.00795,0.00625,7.07,0.00972,0.00717,0.0398,0.0386,0.211,0.0114,8.06,6,13,5,25,0.1,0.9,0.2,0.3,0.0351,0.4,0.3,0.3,0.3,0.6,0.2,0.3,0.6,0.1,0.3,4.9,0,0,0
23.9,19.4,28.4,26.3,22.6,30.0,21.7,25.2,18.2,0.00739,0.00954,0.0352,0.00785,0.00718,6.16,0.0105,0.00661,0.0397,0.0381,0.21,0.0114,7.98,6,13,6,25,0.1,0.6,0.2,0.2,0.034,0.5,0.4,0.3,0.3,0.4,0.6,0.2,0.4,0.0,0.6,4.8,0,0,0
23.2,26.6,19.8,25.6,20.8,30.4,22.9,23.2,22.6,0.00695,0.0105,0.035,0.00782,0.00715,5.32,0.0105,0.00714,0.0386,0.0378,0.21,0.0113,7.91,6,13,6,25,0.1,0.8,0.3,0.2,0.0351,0.5,0.3,0.3,0.4,0.4,0.6,0.1,0.5,0.1,1.1,5.7,0,0,0
23.8,25.8,21.8,27.3,29.0,25.6,21.5,17.6,25.4,0.0069,0.00965,0.0347,0.00821,0.00684,4.71,0.011,0.00661,0.0396,0.0381,0.211,0.011,7.98,6,17,6,25,0.3,0.9,0.3,0.3,0.0349,0.4,0.3,0.1,0.7,0.4,0.2,0.2,0.5,0.2,0.7,5.5,0,0,0
25.4,23.4,27.4,26.7,24.2,29.2,22.2,19.6,24.8,0.00756,0.0105,0.0342,0.00772,0.00718,3.83,0.011,0.00714,0.0386,0.0376,0.212,0.0119,7.94,6,18,6,25,0.3,0.6,0.1,0.5,0.0353,0.5,0.2,0.0,0.6,0.3,0.2,0.2,0.3,0.1,0.6,4.5,0,0,0
23.7,21.8,25.6,28.3,28.0,28.6,21.9,20.2,23.6,0.00756,0.00959,0.0341,0.00806,0.00691,2.76,0.0101,0.0066,0.0404,0.0372,0.21,0.0124,7.94,6,18,6,25,0.2,0.6,0.4,0.5,0.0347,0.5,0.2,0.2,0.2,0.3,0.1,0.3,0.5,0.2,0.8,5.0,0,0,0
22.2,21.8,22.6,25.5,27.2,23.8,22.8,25.4,20.2,0.008,0.0104,0.0338,0.00792,0.00721,1.86,0.0101,0.00787,0.0395,0.037,0.21,0.0119,7.9,6,17,6,25,0.1,0.8,0.8,0.3,0.0346,0.2,0.5,0.5,0.2,0.3,0.2,0.6,0.6,0.4,0.6,6.1,0,0,0
23.7,21.4,26.0,27.2,23.4,31.0,21.0,18.0,24.0,0.00691,0.00966,0.0338,0.00769,0.00687,0.962,0.00918,0.00735,0.0394,0.0368,0.214,0.0112,7.9,6,13,6,25,0.1,0.7,0.7,0.3,0.0335,0.1,0.4,0.4,0.6,0.2,0.5,0.7,0.3,0.2,0.4,5.6,0,0,0
22.9,26.6,19.2,27.0,27.0,27.0,22.1,23.0,21.2,0.00745,0.0106,0.0333,0.00769,0.0068,0.541,0.00903,0.00784,0.0394,0.0365,0.212,0.0112,7.87,6,16,6,25,0.2,0.4,0.7,0.5,0.0351,0.2,0.1,0.3,0.6,0.4,0.3,0.5,0.7,0.4,0.6,5.9,0,0,0
23.7,28.4,19.0,28.3,29.6,27.0,21.3,20.6,22.0,0.00725,0.00982,0.0332,0.00741,0.00749,0.574,0.00903,0.00693,0.0396,0.0365,0.21,0.0107,7.86,6,17,5,25,0.2,0.3,0.6,0.5,0.0347,0.3,0.3,0.5,0.3,0.8,0.1,0.3,0.8,0.5,0.4,5.9,0,0,0
24.0,25.2,22.8,25.4,31.0,19.8,22.3,18.0,26.6,0.00746,0.0111,0.0334,0.00731,0.00738,0.588,0.00899,0.00693,0.0397,0.0366,0.211,0.0112,7.8,6,17,5,25,0.2,0.5,0.2,0.3,0.0348,0.4,0.6,0.4,0.2,0.9,0.1,0.4,0.7,0.1,0.4,5.4,0,0,0
24.5,23.8,25.2,27.1,32.2,22.0,22.8,23.4,22.2,0.00752,0.0106,0.0333,0.00651,0.00716,0.534,0.00899,0.00636,0.0411,0.0364,0.211,0.0113,8.23,6,22,6,50,26.0,4.5,2.0,3.0,0.0351,2.0,0.5,3.0,1.5,1.5,1.5,2.5,3.5,2.0,2.0,55.5,0,0,0
24.4,25.5,23.3,26.5,21.2,31.8,22.7,25.2,20.2,0.00697,0.00977,0.0336,0.00651,0.0075,0.567,0.00899,0.00636,0.0397,0.0364,0.209,0.0113,8.03,6,20,6,50,7.86,1.86,1.14,1.57,0.0341,0.857,0.714,0.857,1.0,1.0,0.571,1.14,1.71,0.714,0.857,21.9,0,0,0
24.6,26.7,22.5,26.4,31.0,21.8,22.0,22.6,21.4,0.00697,0.0107,0.034,0.0063,0.00767,0.6,0.012,0.00697,0.0398,0.0365,0.211,0.0108,8.44,6,20,6,50,0.4,1.0,0.6,1.1,0.0349,0.8,0.9,0.1,0.9,0.8,0.7,0.8,1.3,0.1,0.5,10.0,0,0,0
25.1,23.0,27.2,27.7,27.6,27.8,22.1,19.6,24.6,0.00704,0.00992,0.0337,0.00682,0.00753,0.632,0.012,0.0065,0.041,0.0364,0.212,0.0107,8.52,6,23,6,50,0.2,1.0,0.9,0.7,0.0348,0.9,0.9,0.1,0.5,0.8,0.9,1.0,1.4,0.3,0.9,10.5,0,0,0
24.3,25.4,23.2,28.5,28.0,29.0,22.0,18.2,25.8,0.00761,0.0107,0.0338,0.00682,0.00759,0.686,0.0114,0.00702,0.0398,0.0368,0.209,0.0105,8.52,6,22,6,50,0.3,0.8,0.9,0.4,0.0353,0.4,0.9,0.3,0.5,0.8,1.0,0.6,1.2,0.6,1.2,9.9,0,0,0
26.4,25.0,27.8,26.9,26.4,27.4,21.5,22.2,20.8,0.00698,0.00971,0.0337,0.00639,0.00748,0.702,0.0114,0.00653,0.0399,0.0367,0.208,0.0102,8.56,6,21,6,50,0.5,1.3,0.7,0.4,0.0355,0.5,0.8,0.6,0.8,1.2,1.1,0.5,1.7,1.1,0.9,12.1,0,0,0
25.7,24.4,27.0,25.5,30.6,20.4,22.4,23.2,21.6,0.0116,0.0106,0.0337,0.00692,0.00698,0.736,0.0115,0.0077,0.0397,0.0371,0.21,0.0103,8.45,6,20,6,50,0.8,1.5,0.5,0.6,0.0358,0.6,0.3,0.5,0.6,1.2,0.7,0.7,1.3,0.8,0.9,11.0,0,0,0
24.8,27.2,22.4,29.3,28.2,30.4,23.6,20.0,27.2,0.011,0.00972,0.0341,0.00697,0.00657,0.787,0.0115,0.00717,0.0397,0.037,0.21,0.0107,8.28,6,18,6,50,1.1,1.0,0.4,1.0,0.0344,0.5,0.2,0.6,0.8,0.9,0.9,0.3,1.0,0.2,0.8,9.7,0,0,0
25.1,27.0,23.2,28.3,24.0,32.6,22.9,25.8,20.0,0.0115,0.00972,0.0342,0.00658,0.00762,0.824,0.0109,0.00762,0.0397,0.0371,0.209,0.011,8.32,6,20,6,50,1.1,0.8,0.7,1.1,0.0358,0.5,0.4,0.7,1.5,0.7,1.2,0.6,1.8,0.8,0.7,12.6,0,0,0
23.7,25.8,21.6,26.9,28.2,25.6,22.4,24.2,20.6,0.0103,0.00976,0.0342,0.00646,0.00755,0.838,0.0109,0.00709,0.0404,0.0374,0.208,0.0106,8.3,6,20,6,50,0.5,1.0,0.9,0.9,0.0355,0.2,0.8,0.7,1.4,0.4,1.1,0.8,1.8,0.7,0.7,11.9,0,0,0
24.5,22.8,26.2,26.4,23.2,29.6,21.6,22.0,21.2,0.011,0.0106,0.0343,0.00681,0.00767,0.881,0.011,0.00755,0.0387,0.0375,0.206,0.0111,8.23,6,18,6,50,0.4,1.1,0.5,0.9,0.0347,0.5,1.3,0.6,1.0,0.9,0.8,0.6,1.4,0.3,0.5,10.8,0,0,0
25.1,23.6,26.6,30.0,29.0,31.0,21.2,24.2,18.2,0.0105,0.00974,0.0345,0.00707,0.00737,0.906,0.011,0.00628,0.0396,0.0375,0.209,0.0108,8.16,6,18,6,50,0.7,1.1,0.5,0.9,0.0358,0.7,1.4,0.5,0.8,1.4,0.6,0.4,1.5,0.5,0.5,11.5,0,0,0
24.6,27.0,22.2,26.2,23.4,29.0,22.3,21.4,23.2,0.0112,0.0105,0.0346,0.00669,0.00764,0.924,0.0122,0.00686,0.0396,0.0378,0.207,0.0103,8.12,6,15,6,50,0.5,1.5,0.8,0.5,0.0361,0.7,0.7,0.6,0.4,0.8,0.3,0.6,1.3,0.5,1.1,10.3,0,0,0
24.1,21.4,26.8,26.0,26.6,25.4,22.2,20.8,23.6,0.0106,0.00959,0.0348,0.00689,0.00792,0.952,0.0115,0.00638,0.0393,0.0378,0.208,0.0107,8.08,6,20,6,50,0.4,1.3,0.6,0.5,0.0348,1.1,0.5,0.4,0.5,0.4,0.4,0.9,1.3,0.5,1.6,10.4,0,0,0
22.6,22.0,23.2,27.8,23.6,32.0,21.0,21.6,20.4,0.0108,0.0109,0.0348,0.00694,0.0077,0.952,0.0122,0.00641,0.0393,0.0379,0.208,0.0113,8.08,6,17,6,50,0.5,1.2,0.6,0.7,0.0359,1.0,0.5,1.0,0.6,0.3,0.7,0.7,1.5,0.5,1.1,10.9,0,0,0
25.2,27.2,23.2,27.6,27.6,27.6,21.6,22.4,20.8,0.0106,0.0096,0.0349,0.00741,0.00744,1.0,0.0122,0.00641,0.0392,0.0379,0.206,0.0109,7.99,6,16,6,50,0.4,1.6,0.9,0.6,0.0361,0.6,0.3,1.3,0.5,0.6,0.5,0.5,1.3,0.5,0.9,10.5,0,0,0
24.1,24.8,23.4,27.2,29.0,25.4,21.8,22.8,20.8,0.0106,0.0104,0.0347,0.00692,0.00766,1.01,0.0122,0.00642,0.0391,0.0374,0.204,0.0109,7.93,6,16,6,50,0.7,1.7,0.9,0.8,0.0345,0.5,0.4,0.7,0.3,0.8,0.6,0.8,1.4,0.6,1.1,11.3,0,0,0
24.2,27.0,21.4,26.7,25.2,28.2,21.4,23.4,19.4,0.0106,0.0104,0.0349,0.00737,0.00741,1.06,0.0122,0.00642,0.038,0.0374,0.202,0.0113,7.98,6,21,6,50,0.8,1.9,0.8,0.7,0.0357,0.7,0.4,0.5,0.3,0.6,1.0,0.8,1.1,0.4,1.0,11.0,0,0,0
24.5,22.6,26.4,28.5,24.2,32.8,22.1,23.4,20.8,0.0112,0.00962,0.0348,0.00737,0.00743,1.1,0.0122,0.00586,0.0382,0.0378,0.203,0.0106,7.9,6,21,5,50,0.6,1.3,0.8,0.7,0.0358,0.9,0.4,0.6,0.2,0.6,0.8,0.4,1.2,0.3,0.9,9.7,0,0,0
24.1,23.2,25.0,24.7,24.6,24.8,21.6,24.0,19.2,0.0112,0.00962,0.0347,0.00647,0.00723,1.15,0.012,0.00635,0.0393,0.0373,0.203,0.0106,7.88,6,16,5,50,0.7,1.1,0.7,0.8,0.036,0.9,0.5,1.0,0.3,0.3,0.7,0.7,1.3,0.3,0.7,10.0,0,0,0
27.0,25.8,28.2,29.4,27.0,31.8,22.6,20.4,24.8,0.0118,0.0105,0.0342,0.00716,0.00733,1.08,0.00977,0.0078,0.0381,0.0372,0.202,0.0104,7.23,5,16,5,100,29.0,3.0,2.0,1.0,0.0358,3.0,3.0,2.0,2.0,2.0,3.0,1.0,4.0,2.0,2.0,59.0,0,0,0
25.6,24.8,26.4,28.8,30.2,27.4,22.4,24.2,20.6,0.0112,0.00967,0.034,0.0076,0.00737,1.1,0.00898,0.00781,0.0381,0.0373,0.204,0.0115,7.38,6,16,6,100,18.2,4.5,1.0,1.17,0.0355,2.0,1.83,2.5,1.83,2.33,1.17,1.67,3.5,0.667,2.17,44.5,0,0,0
25.6,25.4,25.8,27.1,30.8,23.4,23.3,19.2,27.4,0.0118,0.0105,0.0342,0.0076,0.0071,1.17,0.00971,0.00781,0.0389,0.0371,0.203,0.0116,7.32,6,17,6,100,8.8,3.2,1.1,1.3,0.034,1.8,1.6,1.7,1.3,1.8,0.6,1.4,2.4,0.4,2.4,29.8,0,0,0
26.0,23.6,28.4,28.3,28.6,28.0,21.5,24.4,18.6,0.00716,0.00959,0.0341,0.00735,0.00724,1.21,0.00886,0.00663,0.0391,0.0371,0.202,0.0119,7.27,5,17,5,100,1.1,1.8,1.4,1.5,0.035,1.9,1.8,1.3,1.0,1.5,0.8,1.1,2.2,0.7,2.3,20.4,0,0,0
23.8,28.2,19.4,25.7,26.4,25.0,24.2,23.6,24.8,0.00779,0.0103,0.034,0.00683,0.00773,1.21,0.00959,0.00713,0.0391,0.0368,0.204,0.011,7.22,6,16,6,100,1.0,2.9,0.8,1.4,0.0353,1.4,2.2,1.2,1.5,1.7,1.1,1.4,2.8,1.0,2.1,22.5,0,0,0
26.2,25.8,26.6,29.5,26.8,32.2,22.2,19.2,25.2,0.00724,0.0103,0.0341,0.00747,0.00656,1.26,0.00945,0.00668,0.0392,0.0367,0.204,0.0107,7.44,6,20,6,100,1.4,3.7,0.7,1.7,0.0343,1.2,2.2,1.1,1.9,1.4,1.1,1.2,2.9,0.8,2.4,23.7,0,0,0
25.4,23.4,27.4,26.5,25.0,28.0,23.0,20.8,25.2,0.0079,0.0103,0.034,0.00757,0.00747,1.31,0.00945,0.00708,0.0382,0.0364,0.203,0.0116,7.38,6,20,6,100,0.9,2.9,1.2,1.9,0.0353,1.1,2.0,1.4,1.7,0.9,1.4,1.3,2.9,0.6,2.2,22.4,0,0,0
25.5,25.0,26.0,28.8,31.4,26.2,22.2,17.6,26.8,0.00768,0.00952,0.034,0.00723,0.0072,1.33,0.00867,0.00662,0.039,0.0363,0.207,0.0111,7.55,6,20,6,100,0.4,3.1,1.2,1.6,0.0352,0.8,1.7,1.0,1.4,1.6,1.7,1.6,3.0,0.5,1.9,21.5,0,0,0
25.6,21.2,30.0,28.1,27.2,29.0,23.3,20.2,26.4,0.00778,0.0108,0.0337,0.00687,0.00712,1.36,0.00995,0.00709,0.0389,0.0362,0.204,0.0115,7.56,6,20,6,100,0.5,3.6,1.1,1.4,0.0341,1.0,1.4,1.6,1.1,2.4,1.5,1.6,2.6,0.6,1.8,22.2,0,0,0
25.5,22.4,28.6,27.8,29.6,26.0,22.2,19.8,24.6,0.00715,0.01,0.0336,0.00731,0.00746,1.39,0.00959,0.00651,0.04,0.0362,0.206,0.0115,7.56,6,17,6,100,0.9,2.8,1.3,1.4,0.0347,1.3,1.5,2.0,1.0,1.7,1.1,1.4,2.3,1.1,1.4,21.2,0,0,0
24.9,26.0,23.8,26.7,29.2,24.2,23.7,24.2,23.2,0.00783,0.0108,0.0337,0.00711,0.00753,1.45,0.00959,0.00701,0.039,0.0361,0.205,0.0107,7.5,6,17,6,100,0.9,3.0,1.6,1.6,0.0348,1.5,1.1,1.4,1.2,1.4,0.9,1.3,3.4,1.2,1.3,21.8,0,0,0
25.3,23.4,27.2,29.5,32.0,27.0,22.3,19.4,25.2,0.0076,0.00953,0.0337,0.0067,0.00739,1.49,0.00962,0.00704,0.0393,0.036,0.206,0.011,7.49,6,19,5,100,0.7,3.3,1.6,1.5,0.0337,1.1,1.1,1.1,1.3,1.6,1.5,1.4,3.6,0.9,1.6,22.3,0,0,0
25.8,24.9,26.7,25.4,25.0,25.8,24.5,26.0,23.0,0.00779,0.0104,0.0336,0.00669,0.00731,1.53,0.00885,0.00704,0.0392,0.0359,0.207,0.0111,7.5,6,19,5,100,0.8,3.3,1.9,1.2,0.0348,0.9,1.5,1.5,1.6,1.6,1.8,1.4,2.8,0.8,1.5,22.6,0,0,0
25.7,24.1,27.3,29.0,30.6,27.4,21.9,24.8,19.0,0.00821,0.00966,0.0337,0.00701,0.00747,1.59,0.00885,0.00647,0.0393,0.0361,0.208,0.011,7.46,6,18,5,100,1.1,3.1,2.0,1.2,0.0352,0.8,1.3,1.8,1.7,1.9,1.1,1.2,3.0,0.9,1.5,22.6,0,0,0
25.4,21.6,29.2,26.8,29.2,24.4,22.6,22.2,23.0,0.00789,0.0106,0.0335,0.00674,0.00776,1.62,0.00883,0.00808,0.0393,0.0363,0.21,0.0114,7.43,6,17,5,100,1.2,3.0,1.8,1.1,0.034,1.0,1.6,1.7,0.9,1.3,0.8,1.0,2.8,1.2,2.2,21.6,0,0,0
25.5,20.2,30.8,29.6,26.6,32.6,21.9,21.2,22.6,0.0073,0.00971,0.0339,0.00718,0.00754,1.66,0.00883,0.00808,0.0391,0.0361,0.212,0.011,7.42,6,17,6,100,0.9,2.9,1.7,1.2,0.0351,1.7,1.5,2.0,0.6,1.3,1.1,1.0,2.3,1.2,2.0,21.4,0,0,0
23.9,22.0,25.8,25.9,23.6,28.2,22.9,22.2,23.6,0.00788,0.0105,0.0339,0.00669,0.00783,1.72,0.00882,0.0082,0.0392,0.0365,0.212,0.011,7.4,6,17,6,100,0.9,3.4,1.3,1.5,0.035,1.3,1.1,1.8,1.2,2.3,1.5,1.3,2.8,1.2,1.2,22.8,0,0,0
25.3,25.2,25.4,27.5,30.6,24.4,22.2,21.4,23.0,0.00725,0.00973,0.0341,0.00621,0.00759,1.78,0.00882,0.0077,0.0389,0.0364,0.211,0.0118,7.41,6,18,6,100,0.7,3.6,1.2,1.5,0.0338,1.4,1.1,1.3,1.1,1.8,1.5,1.5,2.4,1.1,1.4,21.6,0,0,0
23.7,26.2,21.2,27.1,32.4,21.8,23.3,22.6,24.0,0.00773,0.0106,0.0341,0.00628,0.00793,1.86,0.00953,0.0082,0.0389,0.0361,0.213,0.0113,7.38,6,17,6,100,0.4,3.1,1.3,1.5,0.0351,2.2,1.0,1.4,0.9,0.9,1.3,1.2,2.0,0.8,1.6,19.6,0,0,0
25.9,25.2,26.6,28.7,29.2,28.2,21.5,23.0,20.0,0.00708,0.0106,0.034,0.00672,0.00756,1.94,0.0103,0.00797,0.0391,0.0361,0.215,0.0118,7.42,6,17,6,100,0.3,3.6,1.6,1.6,0.0349,1.6,1.5,1.7,1.3,1.0,1.5,1.0,2.7,0.6,2.0,22.0,0,0,0
23.7,25.0,22.4,28.9,28.6,29.2,22.1,21.4,22.8,0.00767,0.0105,0.0332,0.0066,0.00765,1.68,0.00944,0.007,0.0392,0.0351,0.214,0.0108,5.81,5,9,5,100,0.0,0.0,0.0,0.0,0.0339,0.0,0.0,0.0,0.0,0.0,0.0,0.0,0.0,0.0,0.0,0.0,0,0,0
22.6,22.0,23.2,29.2,34.2,24.2,21.0,20.2,21.8,0.00666,0.0111,0.0351,0.00751,0.00781,14.2,0.0096,0.00756,0.0391,0.0363,0.219,0.0103,4.73,5,0,0,25,0.0,0.0,0.0,0.0,0.0406,0.0,0.0,16.9,0.0,0.0,0.0,0.0,0.0,9.2,0.0,0.0,0,0,0
22.7,20.8,24.6,24.6,25.2,24.0,24.9,23.8,26.0,0.00669,0.0111,0.0347,0.00738,0.00779,13.4,0.00944,0.00756,0.0392,0.0363,0.215,0.0103,5.23,5,8,5,25,6.5,2.0,0.25,0.75,0.0402,0.75,0.25,0.0,0.75,0.75,0.25,0.5,1.25,0.0,0.75,14.8,0,0,0
23.8,25.4,22.2,28.2,32.8,23.6,21.7,23.8,19.6,0.0065,0.0103,0.0347,0.00796,0.00754,12.6,0.00944,0.00756,0.0391,0.036,0.217,0.00988,6.24,5,20,6,25,3.0,1.22,0.444,0.778,0.0391,0.444,0.222,0.111,0.444,0.667,0.111,0.333,1.11,0.333,0.444,9.67,0,0,0
23.8,23.0,24.6,26.8,27.4,26.2,23.0,21.2,24.8,0.00694,0.0118,0.0345,0.00774,0.00721,11.7,0.0102,0.00643,0.0391,0.0359,0.216,0.0103,6.68,5,21,6,25,0.3,0.6,0.4,0.7,0.0408,0.6,0.2,0.2,0.3,0.3,0.1,0.3,1.0,0.4,0.2,5.6,0,0,0
21.7,23.2,20.2,27.8,25.8,29.8,22.3,20.2,24.4,0.00647,0.0107,0.0344,0.00803,0.00726,11.1,0.00931,0.00643,0.0393,0.0359,0.217,0.0109,6.89,5,19,6,25,0.3,0.8,0.3,0.7,0.0405,0.6,0.1,0.2,0.4,0.0,0.3,0.2,0.8,0.1,0.5,5.3,0,0,0
24.0,21.6,26.4,26.1,26.4,25.8,22.7,21.2,24.2,0.0071,0.0119,0.0344,0.00751,0.00769,10.1,0.0105,0.00699,0.0401,0.0359,0.217,0.0111,6.87,5,16,6,25,0.3,0.9,0.4,0.7,0.0367,0.2,0.1,0.5,0.5,0.1,0.3,0.3,0.6,0.1,0.5,5.5,0,0,0
22.9,24.2,21.6,27.7,29.6,25.8,22.0,24.6,19.4,0.00646,0.0111,0.034,0.00634,0.00725,9.34,0.00999,0.00637,0.039,0.0355,0.216,0.0108,7.01,5,16,6,25,0.5,0.9,0.3,0.4,0.0378,0.2,0.2,0.5,0.3,0.3,0.2,0.5,0.6,0.2,0.3,5.4,0,0,0
23.8,22.4,25.2,25.8,26.6,25.0,23.1,24.8,21.4,0.0071,0.0111,0.0338,0.00764,0.0077,8.44,0.00999,0.00639,0.0391,0.0353,0.216,0.0109,7.05,5,20,6,25,0.3,1.0,0.4,0.2,0.0376,0.2,0.2,0.1,0.0,0.5,0.2,0.3,0.4,0.1,0.6,4.5,0,0,0
21.9,24.8,19.0,28.0,25.0,31.0,21.1,18.2,24.0,0.0065,0.012,0.0339,0.0079,0.00713,7.51,0.00995,0.00639,0.0393,0.0355,0.217,0.0116,7.14,5,20,6,25,0.1,0.9,0.5,0.1,0.0366,0.4,0.2,0.2,0.1,0.4,0.2,0.2,0.3,0.0,0.6,4.2,0,0,0
23.9,25.4,22.4,26.4,25.0,27.8,23.1,20.4,25.8,0.00661,0.012,0.0337,0.00791,0.00713,6.89,0.00995,0.00688,0.0394,0.0351,0.215,0.0116,7.23,5,17,6,25,0.2,1.1,0.1,0.1,0.0363,0.6,0.1,0.5,0.2,0.3,0.2,0.2,0.2,0.0,0.4,4.2,0,0,0
22.3,26.0,18.6,27.7,25.8,29.6,21.3,25.0,17.6,0.00656,0.0111,0.0336,0.00806,0.00722,5.93,0.0097,0.00627,0.0385,0.0352,0.216,0.0117,7.24,5,17,6,25,0.4,0.7,0.1,0.2,0.0375,0.4,0.3,0.5,0.3,0.4,0.4,0.2,0.9,0.6,0.4,5.8,0,0,0
22.9,23.2,22.6,26.4,24.8,28.0,23.6,25.0,22.2,0.007,0.0119,0.0331,0.00747,0.00731,4.99,0.00883,0.00676,0.0397,0.035,0.214,0.0115,7.23,6,14,6,25,0.3,0.6,0.3,0.2,0.0354,0.2,0.4,0.7,0.2,0.3,0.3,0.3,1.1,0.9,0.5,6.3,0,0,0
23.1,25.0,21.2,27.1,23.2,31.0,22.1,23.2,21.0,0.00652,0.0119,0.033,0.00782,0.00749,4.21,0.00883,0.00634,0.0395,0.035,0.215,0.0111,7.34,6,17,6,25,0.1,1.1,0.4,0.2,0.0363,0.1,0.2,0.6,0.1,0.4,0.2,0.5,0.4,0.3,0.6,5.2,0,0,0
23.1,18.8,27.4,26.8,27.8,25.8,22.9,25.6,20.2,0.00674,0.0119,0.0327,0.00801,0.00713,3.4,0.00952,0.00689,0.0383,0.0344,0.214,0.0109,7.41,6,26,6,25,0.2,1.1,0.4,0.2,0.0364,0.1,0.1,0.3,0.2,0.5,0.5,0.6,0.3,0.1,0.7,5.3,0,0,0
23.5,25.8,21.2,27.4,32.2,22.6,22.7,25.8,19.6,0.0071,0.0109,0.0325,0.00788,0.00693,2.65,0.00862,0.00648,0.0394,0.0345,0.215,0.0111,7.54,6,21,7,25,0.1,0.7,0.4,0.2,0.0362,0.2,0.4,0.4,0.1,0.3,0.6,0.6,0.5,0.2,0.7,5.4,0,0,0
23.2,21.0,25.4,27.3,23.2,31.4,22.3,21.6,23.0,0.00732,0.0119,0.0326,0.00746,0.00701,1.86,0.00942,0.00642,0.0396,0.0343,0.212,0.0105,7.57,6,18,7,25,0.1,0.8,0.3,0.2,0.0352,0.2,0.5,0.3,0.4,0.3,0.3,0.5,0.5,0.3,0.7,5.4,0,0,0
22.8,19.6,26.0,26.7,22.0,31.4,21.2,18.4,24.0,0.00801,0.011,0.0321,0.00746,0.00678,1.1,0.00857,0.00642,0.0405,0.0343,0.213,0.0113,7.56,6,17,6,25,0.1,1.2,0.3,0.1,0.0359,0.2,0.2,0.5,0.4,0.2,0.2,0.4,0.3,0.2,0.7,5.0,0,0,0
22.3,21.8,22.8,27.3,25.4,29.2,23.1,20.8,25.4,0.00805,0.0119,0.0321,0.00802,0.00565,0.483,0.00851,0.00702,0.0403,0.0341,0.211,0.0107,7.53,6,17,6,25,0.3,1.0,0.3,0.1,0.0361,0.5,0.3,0.4,0.1,0.1,0.4,0.4,0.6,0.1,0.6,5.2,0,0,0
23.3,22.8,23.8,27.3,23.2,31.4,23.0,27.4,18.6,0.00797,0.0111,0.0322,0.0081,0.00656,0.507,0.00851,0.0066,0.0393,0.0344,0.212,0.0109,7.56,6,14,6,25,0.3,0.7,0.4,0.1,0.0362,0.4,0.7,0.1,0.1,0.3,0.5,0.3,1.0,0.3,0.6,5.8,0,0,0
23.6,27.4,19.8,25.8,24.0,27.6,23.9,22.2,25.6,0.00687,0.012,0.0323,0.00766,0.00672,0.535,0.00925,0.00746,0.0393,0.0345,0.212,0.0109,7.54,6,17,6,25,0.1,0.7,0.7,0.3,0.0359,0.2,0.6,0.1,0.4,0.3,0.5,0.1,1.1,0.4,0.4,5.9,0,0,0
26.0,24.8,27.2,26.6,25.0,28.2,22.9,20.2,25.6,0.00724,0.0099,0.033,0.00749,0.00672,0.547,0.0099,0.00698,0.0394,0.0345,0.209,0.0112,7.2,5,17,5,50,17.7,2.67,1.0,1.0,0.0354,1.33,2.0,1.67,2.0,0.667,3.0,0.667,4.67,1.0,1.0,40.3,0,0,0
24.2,24.2,24.2,28.4,28.6,28.2,22.2,20.8,23.6,0.00661,0.0107,0.0331,0.00745,0.00646,0.576,0.00869,0.00642,0.0395,0.0346,0.208,0.0106,6.99,5,16,5,50,6.88,2.25,0.5,0.5,0.0355,1.13,1.38,0.875,1.5,0.5,1.25,0.625,2.75,0.625,0.625,21.4,0,0,0
24.9,23.0,26.8,27.4,25.6,29.2,22.8,25.0,20.6,0.0072,0.0107,0.0333,0.0078,0.0069,0.605,0.00857,0.00684,0.0396,0.0348,0.208,0.011,7.31,6,19,6,50,0.5,1.6,0.4,0.9,0.0346,1.1,1.0,0.4,0.9,0.6,0.6,0.7,1.6,0.7,0.7,11.7,0,0,0
25.8,23.4,28.2,26.7,22.2,31.2,23.3,20.6,26.0,0.00656,0.0107,0.0331,0.00646,0.00665,0.65,0.00857,0.00632,0.0396,0.0349,0.209,0.0108,7.27,6,18,6,50,0.5,1.0,0.6,1.0,0.0347,1.0,0.8,0.3,0.7,0.7,1.2,0.8,1.3,0.8,1.1,11.8,0,0,0
24.9,23.4,26.4,27.6,25.6,29.6,22.8,23.0,22.6,0.00656,0.00966,0.0332,0.00636,0.00702,0.69,0.00866,0.00683,0.0394,0.0348,0.209,0.0107,7.34,6,17,6,50,0.2,0.8,0.7,0.7,0.0356,0.6,1.1,0.4,1.0,0.7,0.7,0.7,1.8,0.3,1.2,10.9,0,0,0
23.6,21.6,25.6,26.6,32.0,21.2,21.6,19.6,23.6,0.00672,0.00966,0.0333,0.00732,0.0073,0.716,0.00866,0.00688,0.0394,0.0347,0.211,0.0112,7.28,6,17,6,50,0.4,1.6,0.6,1.0,0.0356,0.5,0.9,0.6,1.1,0.6,0.5,0.6,2.4,0.2,1.1,12.1,0,0,0
24.3,26.4,22.2,26.7,29.4,24.0,22.6,21.8,23.4,0.00723,0.0105,0.0335,0.00682,0.00721,0.742,0.00872,0.00688,0.0393,0.0346,0.208,0.0103,7.4,6,17,6,50,0.7,1.8,0.5,1.1,0.0351,0.8,0.3,0.7,0.6,0.4,1.1,0.7,1.7,0.6,0.9,11.9,0,0,0
24.7,23.6,25.8,28.6,31.6,25.6,21.5,23.6,19.4,0.00679,0.0097,0.0337,0.00694,0.00713,0.772,0.00872,0.0064,0.039,0.0349,0.21,0.0108,7.61,6,24,6,50,0.6,1.4,0.5,0.7,0.0346,0.7,0.4,0.6,0.6,0.6,1.0,1.1,1.2,0.6,1.0,11.0,0,0,0
25.8,21.4,30.2,26.3,25.6,27.0,22.6,22.6,22.6,0.00738,0.0104,0.0336,0.00694,0.00735,0.787,0.00951,0.0064,0.0389,0.0347,0.211,0.0107,7.63,6,25,6,50,0.6,1.7,0.4,0.6,0.0337,0.6,0.6,0.5,0.5,0.9,0.7,0.7,1.1,0.2,1.0,10.1,0,0,0
22.2,22.4,22.0,26.0,27.0,25.0,21.5,22.4,20.6,0.00674,0.00965,0.0338,0.00713,0.00723,0.807,0.00883,0.00682,0.0401,0.0349,0.213,0.0117,7.63,6,17,5,50,0.6,1.5,0.4,0.5,0.0346,0.7,0.8,0.7,0.4,1.4,0.8,0.5,1.1,0.0,0.8,10.2,0,0,0
24.3,19.2,29.4,26.4,24.6,28.2,24.2,26.2,22.2,0.00772,0.00965,0.0336,0.0069,0.00742,0.83,0.0096,0.00682,0.0398,0.0349,0.21,0.0111,7.64,6,17,6,50,0.5,1.3,0.5,0.1,0.0344,0.4,1.0,0.6,0.7,1.2,0.8,1.1,1.1,0.2,1.5,11.0,0,0,0
23.8,23.4,24.2,26.7,31.6,21.8,22.1,19.8,24.4,0.0075,0.00948,0.0337,0.00725,0.00726,0.863,0.0088,0.00634,0.0387,0.035,0.21,0.012,7.67,6,20,6,50,0.3,1.3,0.6,0.5,0.0344,0.4,0.8,0.7,0.4,0.5,0.6,1.0,1.1,0.2,2.0,10.4,0,0,0
24.7,26.0,23.4,26.5,21.0,32.0,23.2,25.8,20.6,0.00682,0.00948,0.0337,0.00739,0.00768,0.916,0.0095,0.00771,0.0375,0.0347,0.212,0.0112,7.92,6,21,6,50,0.3,1.1,1.3,0.6,0.0344,0.5,0.5,0.8,0.4,0.5,0.5,1.1,1.3,0.1,1.2,10.2,0,0,0
23.5,26.2,20.8,27.3,28.2,26.4,21.4,18.6,24.2,0.00678,0.00934,0.0338,0.00691,0.00768,0.931,0.00959,0.00711,0.0374,0.035,0.213,0.0118,7.93,6,21,6,50,0.4,1.2,1.2,0.6,0.0341,0.7,0.5,0.9,0.4,0.8,0.3,1.1,1.5,0.5,0.9,11.0,0,0,0
24.2,21.4,27.0,25.5,26.6,24.4,24.7,23.2,26.2,0.00693,0.0101,0.0336,0.00682,0.0068,0.96,0.00959,0.00761,0.0384,0.035,0.211,0.0116,7.94,6,19,6,50,0.2,1.5,0.8,0.8,0.0329,0.8,0.4,1.0,0.4,0.8,0.4,0.6,1.5,0.6,1.3,11.1,0,0,0
24.8,24.6,25.0,28.9,28.6,29.2,21.5,22.2,20.8,0.00688,0.00929,0.0336,0.00694,0.00747,0.988,0.00885,0.00632,0.0385,0.0348,0.21,0.0116,7.96,6,20,6,50,0.2,1.8,1.0,0.5,0.0338,1.0,0.3,0.7,0.8,0.4,0.3,0.7,1.3,0.5,1.3,10.8,0,0,0
25.2,27.0,23.4,26.2,25.6,26.8,23.5,24.2,22.8,0.0074,0.0101,0.0337,0.00723,0.00767,1.0,0.00885,0.0064,0.0383,0.0351,0.212,0.0121,7.95,6,21,6,50,0.5,2.0,0.8,0.4,0.034,1.3,0.6,0.4,0.8,0.5,0.9,0.8,1.6,0.3,0.9,11.8,0,0,0
22.1,18.6,25.6,29.5,29.8,29.2,23.3,26.4,20.2,0.00734,0.00936,0.0337,0.00663,0.00799,1.06,0.0081,0.0064,0.0381,0.0349,0.211,0.0115,7.91,6,17,6,50,0.4,1.4,0.8,0.4,0.0342,1.3,0.8,0.2,0.7,0.7,1.3,1.0,1.8,0.1,0.8,11.7,0,0,0
24.3,24.2,24.4,27.8,27.0,28.6,23.5,27.8,19.2,0.00753,0.0102,0.0336,0.00717,0.0079,1.11,0.00965,0.007,0.038,0.0346,0.212,0.0113,7.87,6,16,6,50,0.2,1.1,0.7,0.3,0.0343,0.9,0.8,0.5,1.3,0.9,0.6,1.0,1.6,0.3,0.9,11.1,0,0,0
24.3,24.4,24.2,28.1,24.0,32.2,21.1,23.4,18.8,0.00699,0.0105,0.0338,0.00706,0.00767,1.17,0.00889,0.00713,0.0387,0.0347,0.212,0.0109,7.82,6,16,6,50,0.3,1.5,0.7,0.4,0.0343,0.4,0.6,0.9,1.1,0.9,0.5,0.9,1.3,0.2,0.9,10.6,0,0,0
28.0,28.4,27.6,28.1,29.4,26.8,23.1,23.6,22.6,0.00751,0.01,0.0335,0.0071,0.00756,1.09,0.00969,0.00716,0.0375,0.0348,0.219,0.0116,8.43,6,19,6,100,53.0,4.0,2.0,4.0,0.0422,2.0,4.0,4.0,4.0,8.0,3.0,5.0,7.0,1.0,1.0,102.0,0,0,0
26.6,24.4,28.8,30.3,25.8,34.8,24.6,23.4,25.8,0.00751,0.00928,0.0337,0.00727,0.00729,1.12,0.00967,0.00709,0.0376,0.0349,0.216,0.0116,8.17,6,19,6,100,18.2,3.17,0.5,1.83,0.0439,1.17,1.83,2.33,2.17,3.5,1.83,2.0,4.33,0.667,1.67,45.2,0,0,0
25.8,24.0,27.6,26.1,28.4,23.8,23.6,23.8,23.4,0.00685,0.00928,0.0336,0.00611,0.00748,1.15,0.00967,0.00653,0.0377,0.0348,0.219,0.0114,8.05,6,19,6,100,6.1,3.0,1.2,1.1,0.0441,1.5,1.5,1.6,1.3,2.2,1.8,1.2,3.6,0.7,2.0,28.8,0,0,0
24.5,19.4,29.6,27.5,25.8,29.2,22.8,26.2,19.4,0.00806,0.0101,0.0335,0.00755,0.00721,1.18,0.00894,0.00697,0.0386,0.0349,0.218,0.0119,7.74,6,17,6,100,1.1,3.4,1.7,1.1,0.0433,1.6,1.2,1.1,1.3,1.7,1.5,0.9,3.4,1.0,2.2,23.2,0,0,0
25.4,25.8,25.0,26.2,30.8,21.6,24.0,25.6,22.4,0.00809,0.0102,0.0334,0.00755,0.0074,1.21,0.00967,0.00697,0.0376,0.0348,0.221,0.011,7.79,6,19,5,100,1.4,3.7,1.0,1.2,0.0446,1.0,1.1,1.0,1.1,1.3,1.5,1.6,2.8,0.9,2.1,21.7,0,0,0
24.9,27.4,22.4,29.1,32.0,26.2,22.9,21.6,24.2,0.00818,0.00943,0.0336,0.00735,0.00717,1.25,0.00888,0.00806,0.0378,0.0349,0.217,0.0115,7.77,6,20,5,100,1.8,3.6,0.8,1.2,0.0445,0.9,1.2,0.8,0.8,1.0,2.1,2.2,2.5,0.5,1.6,21.0,0,0,0
25.6,25.2,26.0,28.3,24.2,32.4,22.8,21.6,24.0,0.00822,0.0103,0.0335,0.00698,0.0074,1.29,0.00961,0.00708,0.0368,0.0349,0.217,0.0105,7.82,6,20,5,100,1.7,3.1,1.0,1.4,0.0434,0.9,0.6,0.8,1.7,1.2,1.7,1.9,2.4,0.4,1.6,20.4,0,0,0
25.5,21.8,29.2,27.7,29.0,26.4,22.0,25.6,18.4,0.00681,0.0103,0.0337,0.00679,0.00712,1.33,0.00884,0.00708,0.0369,0.0349,0.22,0.011,7.84,6,20,6,100,1.2,2.7,1.6,1.6,0.0437,1.0,1.2,1.6,1.8,1.2,0.8,1.8,2.9,0.7,1.6,21.7,0,0,0
25.3,30.2,20.4,26.5,27.0,26.0,23.3,20.2,26.4,0.00742,0.0104,0.0335,0.00695,0.00746,1.37,0.00957,0.00756,0.0377,0.035,0.22,0.0105,7.78,6,17,6,100,0.6,2.6,1.4,1.7,0.0444,1.6,1.8,1.7,1.8,1.3,1.5,1.3,3.1,0.9,1.2,22.5,0,0,0
24.7,21.6,27.8,29.0,29.2,28.8,22.9,21.4,24.4,0.00691,0.0104,0.0336,0.00681,0.00711,1.39,0.00887,0.00619,0.0377,0.0349,0.219,0.0105,7.75,6,17,5,100,0.3,2.7,1.3,1.3,0.0435,2.0,1.4,1.1,1.8,1.5,1.7,1.4,3.3,1.2,1.4,22.4,0,0,0
25.9,25.4,26.4,27.0,25.6,28.4,23.6,22.4,24.8,0.00735,0.0134,0.0337,0.00738,0.00711,1.43,0.0088,0.007,0.0377,0.035,0.218,0.0104,7.79,6,21,5,100,0.7,3.2,1.9,0.9,0.0451,1.4,1.3,1.4,1.0,1.2,1.4,2.1,3.8,1.4,1.6,23.3,0,0,0
26.4,26.9,25.9,25.8,26.6,25.0,23.4,19.6,27.2,0.00673,0.0126,0.0339,0.007,0.00939,1.47,0.0088,0.0065,0.0386,0.0349,0.219,0.0101,7.72,6,20,5,100,1.0,2.6,1.6,1.1,0.0449,1.4,1.3,1.1,1.0,1.1,2.0,1.6,3.0,0.8,2.1,21.7,0,0,0
25.6,23.2,27.9,28.2,31.0,25.4,23.1,20.4,25.8,0.00739,0.0135,0.0339,0.00721,0.00874,1.49,0.00958,0.00706,0.0385,0.0349,0.22,0.0106,7.72,6,18,5,100,0.7,2.6,1.4,1.3,0.0441,1.8,1.2,0.8,1.8,1.5,1.7,1.2,3.4,1.1,2.4,22.9,0,0,0
24.3,23.2,25.4,29.6,27.6,31.6,21.9,21.2,22.6,0.00687,0.0126,0.0338,0.00737,0.00854,1.55,0.00958,0.00644,0.0376,0.0347,0.222,0.0109,7.67,6,18,5,100,0.5,3.0,1.7,1.5,0.0449,1.2,0.9,1.6,1.7,1.0,1.3,1.3,3.3,1.3,2.1,22.4,0,0,0
25.8,26.4,25.2,27.4,28.6,26.2,24.5,24.8,24.2,0.00683,0.0126,0.0338,0.00747,0.00971,1.57,0.0103,0.00697,0.0376,0.035,0.221,0.0106,7.69,6,19,6,100,0.8,3.1,1.4,1.6,0.0445,1.3,1.1,1.9,1.2,0.4,1.5,1.3,2.8,0.8,2.4,21.6,0,0,0
24.9,25.4,24.4,26.8,22.4,31.2,23.8,21.6,26.0,0.00664,0.0126,0.0337,0.00738,0.00947,1.63,0.00874,0.00637,0.0374,0.0354,0.222,0.0106,7.68,6,22,5,100,1.4,2.9,1.1,1.3,0.0431,1.4,1.2,1.6,1.2,1.0,1.7,1.9,3.1,0.7,2.1,22.6,0,0,0
24.5,23.4,25.6,28.8,26.4,31.2,23.2,19.8,26.6,0.00718,0.0122,0.0339,0.00698,0.00977,1.67,0.00943,0.00631,0.0365,0.0357,0.223,0.0106,7.69,6,17,6,100,1.3,3.0,1.1,1.6,0.0427,1.3,0.8,1.5,1.1,1.4,1.7,2.0,2.6,0.8,1.1,21.3,0,0,0
24.1,22.4,25.8,28.3,32.8,23.8,22.0,23.6,20.4,0.00664,0.0122,0.0338,0.00669,0.01,1.76,0.0087,0.00631,0.0376,0.0355,0.221,0.0106,7.63,6,16,6,100,0.7,2.8,1.1,1.8,0.0439,2.0,0.8,1.3,1.4,1.6,1.6,1.4,2.5,1.2,1.4,21.6,0,0,0
25.0,27.2,22.8,27.1,27.2,27.0,23.1,23.4,22.8,0.00726,0.013,0.0341,0.00668,0.00999,1.83,0.00989,0.00672,0.0375,0.0353,0.224,0.0111,7.63,6,19,6,100,1.0,2.1,1.1,1.5,0.0439,2.5,1.2,0.9,1.8,1.6,1.2,1.4,2.7,1.1,2.2,22.3,0,0,0
23.1,27.0,19.2,27.6,28.2,27.0,21.6,25.2,18.0,0.00679,0.0122,0.0339,0.00685,0.00986,1.92,0.00924,0.00633,0.0376,0.0354,0.223,0.0109,7.61,6,19,6,100,0.9,1.9,1.1,1.8,0.0363,1.9,1.2,1.2,1.8,1.2,0.8,1.9,2.7,0.9,2.3,21.6,0,0,0
24.6,25.6,23.6,27.4,27.6,27.2,21.1,22.8,19.4,0.00638,0.0162,0.0378,0.0315,0.0096,15.6,0.0105,0.00722,0.0378,0.0406,0.222,0.0114,5.07,5,0,0,25,0.0,0.0,0.0,0.0,0.0432,0.0,0.0,0.0,0.0,12.9,13.3,13.1,0.0,8.8,0.0,0.0,0,0,0
24.2,22.2,26.2,25.5,23.0,28.0,22.4,24.8,20.0,0.00744,0.017,0.0372,0.0264,0.00898,14.7,0.0105,0.00675,0.0396,0.0406,0.219,0.012,5.71,5,17,5,25,6.5,1.25,0.25,1.0,0.0418,0.75,0.75,0.25,0.5,0.0,0.0,0.25,1.25,0.0,1.5,14.3,0,0,0
24.4,21.4,27.4,27.8,26.8,28.8,22.0,24.2,19.8,0.00746,0.016,0.0375,0.0216,0.00946,13.8,0.00964,0.00675,0.0384,0.0402,0.217,0.0129,6.29,5,17,7,25,3.0,0.889,0.111,0.778,0.0431,0.333,0.444,0.333,0.222,0.111,0.889,0.222,0.889,0.111,1.0,9.33,0,0,0
23.1,17.2,29.0,26.1,25.6,26.6,21.9,24.2,19.6,0.00767,0.0167,0.0371,0.0168,0.00918,12.9,0.0104,0.00623,0.0381,0.0403,0.214,0.0124,6.89,6,20,7,25,0.4,0.8,0.1,0.4,0.0421,0.1,0.2,0.3,0.1,0.3,1.0,0.3,0.6,0.2,0.4,5.2,0,0,0
24.4,26.6,22.2,27.2,27.4,27.0,21.1,24.0,18.2,0.00665,0.0158,0.0369,0.0117,0.0091,11.9,0.00945,0.00623,0.0382,0.0398,0.217,0.0124,7.02,6,17,6,25,0.5,0.8,0.1,0.6,0.0433,0.1,0.3,0.2,0.4,0.4,0.6,0.3,1.0,0.2,0.2,5.7,0,0,0
23.8,22.6,25.0,26.0,22.4,29.6,21.8,20.8,22.8,0.00674,0.0167,0.0365,0.0109,0.00945,11.0,0.0093,0.00656,0.038,0.0397,0.214,0.0124,7.4,6,19,6,25,0.4,1.0,0.1,0.5,0.0434,0.3,0.7,0.3,0.4,0.4,0.2,0.2,0.8,0.1,0.3,5.7,0,0,0
23.4,25.6,21.2,27.0,29.6,24.4,22.6,23.8,21.4,0.00668,0.0167,0.0365,0.0113,0.00965,10.2,0.0093,0.00656,0.0378,0.0394,0.212,0.0124,7.69,6,25,7,25,0.4,1.2,0.5,0.4,0.0434,0.4,0.5,0.3,0.1,0.3,0.2,0.3,0.7,0.2,0.3,5.8,0,0,0
24.1,26.8,21.4,25.7,24.8,26.6,22.3,20.8,23.8,0.00734,0.0164,0.0358,0.0111,0.00945,9.32,0.0093,0.00707,0.0388,0.0394,0.211,0.0126,7.58,6,22,6,25,0.3,0.7,0.4,0.4,0.0434,0.7,0.2,0.5,0.1,0.3,0.3,0.4,1.1,0.4,0.3,6.1,0,0,0
25.4,29.0,21.8,26.7,27.4,26.0,21.8,25.4,18.2,0.00675,0.0156,0.0357,0.0111,0.00904,8.31,0.00919,0.00704,0.0378,0.0392,0.214,0.0126,7.6,6,14,6,25,0.7,0.4,0.3,0.1,0.0433,0.8,0.4,0.7,0.1,0.5,0.1,0.8,0.9,0.4,0.4,6.6,0,0,0
24.1,24.2,24.0,27.1,32.6,21.6,21.7,26.4,17.0,0.00722,0.0165,0.0357,0.0106,0.00904,7.38,0.00997,0.00704,0.0377,0.039,0.212,0.0102,7.57,6,15,6,25,0.5,0.5,0.5,0.1,0.0423,0.7,0.4,0.5,0.3,0.3,0.1,0.7,0.6,0.3,0.3,5.8,0,0,0
23.9,27.6,20.2,27.6,29.6,25.6,21.0,24.4,17.6,0.00722,0.0157,0.0355,0.0109,0.00964,6.66,0.00992,0.00661,0.0388,0.0385,0.212,0.0106,7.59,6,14,6,25,0.2,0.7,0.5,0.1,0.0433,0.4,0.3,0.4,0.5,0.2,0.4,0.1,0.5,0.1,0.4,4.8,0,0,0
23.7,22.2,25.2,24.9,23.6,26.2,22.2,19.6,24.8,0.0068,0.0133,0.0353,0.0106,0.00734,5.67,0.00992,0.00718,0.0375,0.0383,0.209,0.0109,7.68,6,17,7,25,0.4,0.8,0.5,0.2,0.0402,0.1,0.5,0.4,0.2,0.3,0.5,0.2,0.6,0.1,0.5,5.3,0,0,0
24.0,27.8,20.2,26.0,30.4,21.6,22.3,20.8,23.8,0.00674,0.0124,0.035,0.0106,0.00687,4.67,0.00981,0.00698,0.0385,0.0383,0.207,0.0105,7.65,6,19,6,25,0.3,0.7,0.2,0.1,0.0406,0.2,0.5,0.5,0.3,0.2,0.3,0.5,1.1,0.5,0.5,5.9,0,0,0
23.8,26.2,21.4,27.5,23.8,31.2,23.0,24.8,21.2,0.00719,0.0124,0.0349,0.0109,0.0073,3.97,0.00981,0.00698,0.0374,0.0383,0.209,0.0104,7.64,6,18,6,25,0.3,0.6,0.2,0.1,0.0394,0.2,0.5,0.6,0.3,0.3,0.1,0.3,0.9,0.4,0.4,5.2,0,0,0
23.3,21.2,25.4,27.4,28.4,26.4,21.8,20.6,23.0,0.00677,0.00948,0.035,0.00802,0.00748,2.8,0.00892,0.00684,0.0374,0.0382,0.208,0.0106,7.66,6,17,6,25,0.3,0.7,0.4,0.1,0.0374,0.4,1.0,0.3,0.2,0.3,0.1,0.2,0.8,0.4,0.3,5.5,0,0,0
23.0,22.4,23.6,26.5,29.0,24.0,21.8,23.4,20.2,0.00739,0.0104,0.0351,0.00793,0.00718,2.02,0.00963,0.00684,0.0363,0.0379,0.209,0.0105,7.73,6,18,6,25,0.1,0.6,0.4,0.3,0.0348,0.3,0.7,0.2,0.3,0.2,0.5,0.4,0.9,0.4,0.7,6.0,0,0,0
24.1,22.0,26.2,27.8,29.8,25.8,22.2,21.4,23.0,0.00676,0.0104,0.0348,0.00853,0.00726,0.931,0.01,0.00775,0.0383,0.0374,0.209,0.011,7.78,6,19,6,25,0.0,0.4,0.2,0.5,0.0348,0.1,0.2,0.4,0.3,0.2,0.7,0.2,0.2,0.0,0.8,4.2,0,0,0
24.9,21.4,28.4,25.6,24.0,27.2,22.4,21.8,23.0,0.00717,0.0104,0.0348,0.00862,0.00701,0.557,0.01,0.00775,0.0374,0.0378,0.206,0.00999,7.79,6,19,6,25,0.1,0.9,0.2,0.2,0.0369,0.2,0.4,0.4,0.3,0.2,0.3,0.4,0.5,0.1,0.6,4.8,0,0,0
23.2,24.0,22.4,27.9,28.8,27.0,21.7,24.0,19.4,0.00717,0.00954,0.0348,0.00706,0.00686,0.593,0.00948,0.00724,0.0372,0.0379,0.204,0.0111,7.75,6,16,6,25,0.1,1.1,0.3,0.2,0.0358,0.2,0.4,0.4,0.3,0.2,0.2,0.5,0.6,0.1,0.4,5.0,0,0,0
24.1,25.8,22.4,26.5,24.4,28.6,21.4,19.6,23.2,0.00721,0.0104,0.0349,0.00816,0.00707,0.62,0.00948,0.00655,0.0372,0.0375,0.203,0.0107,7.8,6,16,6,25,0.1,0.7,0.2,0.3,0.0357,0.2,0.2,0.5,0.5,0.4,0.2,0.5,0.5,0.2,0.2,4.7,0,0,0
26.0,29.8,22.2,27.0,33.0,21.0,22.0,18.8,25.2,0.00712,0.00939,0.0355,0.00793,0.00744,0.595,0.00936,0.00765,0.0375,0.0374,0.202,0.0109,7.4,6,21,6,50,17.0,1.67,1.67,1.0,0.0342,1.33,2.67,1.33,1.33,1.0,1.33,2.33,2.33,0.333,1.67,37.0,0,0,0
25.4,27.0,23.8,28.0,28.4,27.6,21.8,18.4,25.2,0.00656,0.00932,0.0355,0.00783,0.00737,0.627,0.00936,0.0066,0.0375,0.0373,0.204,0.0106,7.59,6,21,6,50,6.38,1.38,0.75,0.375,0.0354,0.625,1.38,0.625,0.75,0.625,0.875,1.13,1.5,0.25,1.75,18.4,0,0,0
24.6,24.0,25.2,25.6,19.2,32.0,22.7,19.6,25.8,0.00716,0.0101,0.0353,0.00771,0.00754,0.668,0.00936,0.00701,0.0376,0.0374,0.203,0.0106,7.88,6,22,6,50,0.3,1.4,0.4,0.4,0.0352,0.2,0.7,0.7,0.3,0.4,0.7,0.7,1.4,0.5,1.7,9.8,0,0,0
25.1,29.2,21.0,29.7,28.4,31.0,21.9,21.6,22.2,0.0065,0.00937,0.0356,0.0075,0.00756,0.669,0.00936,0.00703,0.0366,0.0374,0.204,0.0109,7.85,6,19,6,50,0.7,1.3,0.7,1.1,0.0346,0.4,0.7,0.6,0.8,0.4,0.9,0.9,1.5,0.5,1.3,11.8,0,0,0
25.8,23.0,28.6,26.5,25.8,27.2,21.9,23.4,20.4,0.0065,0.00937,0.0355,0.00762,0.00777,0.698,0.0095,0.00654,0.0385,0.0376,0.201,0.0104,7.9,6,18,6,50,0.9,0.9,0.5,1.0,0.0355,0.7,0.4,0.5,1.1,0.6,0.9,0.6,1.4,0.4,1.1,11.0,0,0,0
24.5,19.6,29.4,27.6,30.4,24.8,21.9,19.2,24.6,0.00697,0.0106,0.0355,0.00772,0.00795,0.737,0.00872,0.007,0.0376,0.0376,0.205,0.011,7.86,6,19,6,50,0.9,0.9,0.7,0.4,0.0358,0.7,0.3,0.9,0.5,0.9,0.7,0.3,1.5,0.4,0.9,10.0,0,0,0
24.8,24.4,25.2,26.7,31.0,22.4,22.3,20.6,24.0,0.00702,0.0106,0.0356,0.00784,0.00771,0.761,0.00872,0.007,0.0366,0.0375,0.203,0.0115,7.81,6,16,6,50,0.6,1.2,1.1,0.5,0.0349,0.9,0.4,0.9,0.5,0.9,0.5,0.3,1.6,0.3,0.7,10.4,0,0,0
24.0,28.6,19.4,29.3,31.4,27.2,23.9,24.0,23.8,0.00642,0.00945,0.0356,0.0082,0.00744,0.788,0.00948,0.0078,0.0376,0.0375,0.204,0.0107,7.8,6,16,6,50,0.3,1.6,0.5,0.6,0.0361,1.2,0.5,0.9,0.9,0.8,0.5,1.0,1.7,0.6,0.7,11.8,0,0,0
25.1,22.8,27.4,26.5,24.8,28.2,22.7,26.4,19.0,0.00709,0.0103,0.0357,0.0084,0.00755,0.817,0.00877,0.0073,0.0365,0.0374,0.206,0.0111,7.86,6,20,6,50,0.5,1.3,0.0,0.7,0.0358,0.8,0.6,0.9,0.5,0.8,0.9,1.3,1.5,0.5,0.9,11.2,0,0,0
24.1,23.2,25.0,27.6,28.0,27.2,21.9,26.0,17.8,0.00663,0.0103,0.0357,0.0084,0.0073,0.847,0.00877,0.0073,0.0365,0.0372,0.206,0.0112,7.75,6,20,6,50,0.8,1.0,0.5,1.0,0.036,0.7,0.8,0.8,0.3,0.7,0.8,0.9,1.5,0.4,0.8,11.0,0,0,0
24.3,21.0,27.6,29.0,32.0,26.0,21.9,20.6,23.2,0.00663,0.0105,0.0358,0.00831,0.00747,0.872,0.00957,0.00725,0.0373,0.0373,0.203,0.011,7.7,6,15,6,50,0.6,1.4,0.9,0.8,0.0598,1.0,1.1,0.6,0.4,0.5,0.4,0.5,1.2,0.4,0.7,10.5,0,0,0
24.9,25.0,24.8,25.9,24.8,27.0,21.9,21.4,22.4,0.00648,0.0096,0.0357,0.00827,0.00739,0.901,0.00886,0.00725,0.0373,0.0374,0.208,0.0112,7.75,6,16,6,50,0.3,1.8,0.7,1.0,0.0595,0.8,0.8,0.8,0.4,0.7,0.3,0.4,1.4,0.3,1.1,10.8,0,0,0
24.8,29.8,19.8,29.3,29.0,29.6,22.3,24.8,19.8,0.00696,0.00932,0.0357,0.00752,0.00763,0.937,0.0089,0.00627,0.0364,0.0375,0.205,0.011,7.74,6,17,6,50,0.4,1.4,0.8,1.0,0.0597,0.7,0.5,0.6,0.5,0.8,0.8,0.4,1.6,0.6,1.0,11.1,0,0,0
24.7,25.8,23.6,28.3,24.2,32.4,21.8,22.4,21.2,0.0077,0.00932,0.0358,0.00805,0.00759,0.984,0.0089,0.00627,0.0375,0.0375,0.208,0.0116,7.75,6,18,6,50,0.5,1.2,0.7,0.7,0.0586,0.9,0.8,0.3,0.8,0.4,1.1,0.3,1.4,0.7,1.4,11.2,0,0,0
24.7,26.2,23.2,26.0,25.6,26.4,22.4,23.6,21.2,0.00775,0.0102,0.0358,0.00796,0.0077,0.994,0.00894,0.00679,0.0383,0.0374,0.209,0.0104,7.75,6,20,6,50,0.3,1.6,0.3,1.1,0.0583,0.6,0.8,0.3,1.1,0.4,0.5,0.5,1.3,0.5,1.7,11.0,0,0,0
24.9,24.2,25.6,27.7,24.6,30.8,22.7,18.4,27.0,0.00719,0.00931,0.0356,0.00696,0.0076,1.02,0.00971,0.00675,0.0374,0.0374,0.21,0.0104,7.77,6,17,6,50,0.2,2.1,0.4,1.4,0.0586,0.4,0.6,0.5,0.7,0.3,0.4,0.6,1.3,0.5,1.2,10.6,0,0,0
26.1,21.4,30.8,25.4,25.8,25.0,21.9,25.0,18.8,0.00781,0.00931,0.0357,0.00651,0.00782,1.07,0.00901,0.00675,0.0373,0.0376,0.211,0.01,7.81,6,17,6,50,0.3,2.2,1.0,1.1,0.0579,0.5,0.8,0.8,0.3,0.2,0.5,0.9,1.2,0.4,1.3,11.5,0,0,0
23.7,25.4,22.0,28.3,27.8,28.8,22.9,23.4,22.4,0.00666,0.0101,0.0358,0.00631,0.00774,1.1,0.00985,0.00626,0.0372,0.0375,0.213,0.0101,7.91,6,25,7,50,0.3,1.5,0.9,0.8,0.0579,0.4,0.6,0.9,0.3,0.5,0.7,0.9,1.0,0.3,1.0,10.1,0,0,0
24.6,20.8,28.4,25.8,25.0,26.6,22.3,23.8,20.8,0.00671,0.00944,0.0356,0.00739,0.008,1.17,0.00906,0.00666,0.0371,0.0376,0.212,0.0101,7.97,6,24,6,50,0.4,1.4,0.3,0.8,0.0569,0.8,0.3,1.2,0.4,0.8,0.9,0.5,1.1,0.5,0.8,10.2,0,0,0
25.0,26.0,24.0,27.1,24.0,30.2,22.2,18.2,26.2,0.00666,0.00944,0.0357,0.00783,0.00816,1.23,0.0098,0.00615,0.0372,0.0376,0.213,0.0106,8.03,6,21,6,50,0.3,1.4,0.3,0.8,0.058,0.7,0.5,1.2,0.5,1.0,1.1,0.3,1.2,0.5,1.3,11.1,0,0,0
31.3,27.2,35.4,28.9,32.2,25.6,22.2,22.8,21.6,0.00648,0.0125,0.0359,0.00794,0.00766,1.27,0.0115,0.00704,0.0383,0.0373,0.213,0.0109,10.1,6,21,6,100,25.5,3.5,0.5,0.0,0.0576,1.0,1.0,2.5,0.5,2.0,2.5,2.5,3.5,1.0,4.5,50.5,0,0,0
26.0,24.8,27.2,28.8,30.2,27.4,23.5,25.8,21.2,0.00712,0.0125,0.0359,0.00788,0.00738,1.31,0.0114,0.007,0.0365,0.0373,0.214,0.0109,9.49,6,22,6,100,15.6,4.29,1.0,1.43,0.0568,1.57,1.29,1.86,2.14,2.14,1.86,1.43,4.0,1.86,3.43,43.9,0,0,0
27.2,27.2,27.2,26.4,24.6,28.2,22.6,21.6,23.6,0.00665,0.0105,0.0359,0.00777,0.00752,1.36,0.0114,0.00712,0.0376,0.0373,0.212,0.0112,8.92,6,17,6,100,6.1,3.8,1.0,1.5,0.0568,1.5,1.5,1.7,2.3,1.5,1.5,1.0,3.6,1.6,2.5,31.1,0,0,0
25.9,23.0,28.8,27.7,27.6,27.8,23.1,25.8,20.4,0.0066,0.0112,0.0359,0.00757,0.00751,1.39,0.0116,0.00712,0.0376,0.0373,0.212,0.0109,8.75,6,18,6,100,0.9,2.9,1.0,1.6,0.0581,1.1,1.5,1.5,1.3,1.2,1.3,1.0,3.2,1.4,2.4,22.3,0,0,0
26.2,26.0,26.4,27.2,33.2,21.2,23.1,24.4,21.8,0.00722,0.0119,0.0356,0.00732,0.00778,1.49,0.0108,0.00625,0.0374,0.0375,0.215,0.0109,8.65,6,20,6,100,1.0,3.4,1.5,2.0,0.0571,1.2,1.1,1.4,1.5,1.0,0.9,1.0,2.9,1.4,2.7,23.0,0,0,0
26.1,26.2,26.0,28.7,31.4,26.0,21.8,25.0,18.6,0.00655,0.011,0.0356,0.00712,0.00758,1.52,0.0108,0.00625,0.0377,0.0375,0.213,0.0104,8.46,6,19,6,100,0.9,3.1,1.2,1.6,0.057,1.4,0.7,1.4,2.0,0.9,0.8,0.9,3.0,1.3,2.1,21.3,0,0,0
26.2,26.2,26.2,26.7,22.2,31.2,23.2,25.0,21.4,0.00655,0.011,0.0358,0.00717,0.00775,1.59,0.0115,0.00676,0.0386,0.0376,0.211,0.0105,8.35,6,17,6,100,1.0,3.2,1.2,1.4,0.0582,1.6,1.0,1.0,1.7,1.1,1.2,1.4,3.8,1.4,1.5,22.5,0,0,0
27.1,28.8,25.4,28.1,29.6,26.6,22.0,27.6,16.4,0.00719,0.0101,0.0355,0.00715,0.00766,1.65,0.0107,0.00669,0.0378,0.0378,0.213,0.011,8.24,6,20,6,100,0.9,3.4,1.7,2.1,0.0332,1.2,1.6,0.9,1.5,1.3,1.3,1.8,3.9,1.1,1.8,24.5,0,0,0
26.1,29.8,22.4,28.1,27.8,28.4,22.4,21.0,23.8,0.00782,0.0159,0.0354,0.00735,0.00996,1.72,0.0115,0.00693,0.038,0.0373,0.209,0.0107,8.16,6,18,6,100,1.0,2.9,1.6,2.2,0.0577,0.9,1.7,1.4,2.0,1.5,1.2,1.6,3.5,1.0,2.1,24.6,0,0,0
26.2,28.8,23.6,27.2,26.6,27.8,21.8,19.2,24.4,0.00735,0.0152,0.0356,0.00776,0.00982,1.77,0.0102,0.00701,0.0379,0.0376,0.212,0.0108,8.09,6,18,6,100,1.0,2.9,1.3,1.7,0.0576,1.2,1.3,1.8,2.2,1.0,1.4,1.9,3.4,1.4,1.7,24.2,0,0,0
26.7,31.6,21.8,29.0,27.6,30.4,22.5,25.4,19.6,0.00682,0.0159,0.0356,0.00723,0.00957,1.84,0.0109,0.00701,0.038,0.0374,0.21,0.0103,8.06,6,20,6,100,0.6,2.9,1.1,1.4,0.0566,1.5,1.3,1.8,1.8,1.6,1.5,1.4,3.8,1.9,1.2,23.8,0,0,0
25.4,22.2,28.6,29.9,33.2,26.6,22.4,26.4,18.4,0.00677,0.0151,0.0359,0.00767,0.00983,1.92,0.0109,0.0065,0.0372,0.0376,0.212,0.0109,7.94,6,17,6,100,0.9,2.9,1.5,1.3,0.0565,1.7,1.6,1.5,1.8,2.0,1.3,1.2,4.0,1.8,1.5,25.0,0,0,0
25.7,26.6,24.8,26.5,19.8,33.2,22.5,20.6,24.4,0.00725,0.0159,0.036,0.00711,0.00955,1.96,0.0101,0.00608,0.0379,0.0379,0.211,0.0119,7.92,6,15,6,100,1.4,3.0,1.6,1.5,0.0574,1.4,1.6,0.9,1.5,1.2,1.2,1.5,3.7,1.6,2.0,24.1,0,0,0
25.9,22.6,29.2,27.0,27.4,26.6,22.1,23.4,20.8,0.00663,0.0159,0.0361,0.00756,0.00977,1.99,0.0101,0.00708,0.0382,0.0376,0.209,0.0113,7.83,6,15,6,100,1.3,3.3,1.4,1.7,0.0567,1.2,1.5,1.1,1.4,1.4,1.0,1.1,3.2,1.7,1.8,23.1,0,0,0
25.9,26.4,25.4,26.1,21.2,31.0,22.7,25.0,20.4,0.00728,0.0151,0.0359,0.00756,0.00952,2.08,0.0106,0.00708,0.038,0.0378,0.21,0.0118,7.8,6,14,6,100,1.0,3.0,1.0,2.0,0.0577,1.5,1.2,1.0,1.7,1.5,1.1,1.0,2.6,1.5,1.3,21.4,0,0,0
27.2,28.0,26.4,29.2,27.8,30.6,22.7,21.2,24.2,0.00679,0.0151,0.0358,0.00623,0.00956,2.1,0.0106,0.00667,0.0383,0.0375,0.21,0.0117,7.79,6,18,6,100,1.0,2.3,1.1,1.6,0.0576,1.6,1.4,0.4,1.2,1.0,1.4,1.5,2.7,0.9,1.8,19.9,0,0,0
26.2,21.8,30.6,26.4,26.2,26.6,22.8,21.0,24.6,0.00679,0.016,0.0358,0.00694,0.00975,2.16,0.0106,0.00707,0.0381,0.0377,0.211,0.0113,7.79,6,20,6,100,1.4,2.6,1.2,1.3,0.0564,1.4,1.5,0.7,1.0,1.5,1.0,1.7,3.1,0.9,2.5,21.8,0,0,0
25.9,25.2,26.6,29.6,32.0,27.2,22.5,25.6,19.4,0.00735,0.016,0.0358,0.00751,0.00967,2.27,0.0106,0.00688,0.0381,0.0379,0.211,0.0113,7.82,6,18,6,100,1.0,2.4,0.5,1.8,0.0762,1.6,1.3,0.6,1.9,2.1,0.8,1.7,3.4,1.6,2.2,22.9,0,0,0
27.9,27.4,28.4,27.5,26.6,28.4,23.0,25.8,20.2,0.00742,0.0173,0.0357,0.00751,0.00986,2.36,0.0114,0.00641,0.038,0.0375,0.211,0.0109,7.79,6,17,6,100,0.4,2.4,1.3,1.3,0.0761,1.7,1.7,0.4,1.4,1.7,1.4,1.4,2.9,1.3,2.4,21.7,0,0,0
26.8,28.6,25.0,26.0,23.6,28.4,22.7,25.8,19.6,0.00677,0.0156,0.0361,0.00735,0.00957,2.5,0.0116,0.00641,0.0389,0.0377,0.21,0.0108,7.81,6,19,6,100,1.2,3.4,2.1,0.5,0.0753,1.8,1.8,1.2,0.6,1.5,1.6,0.8,2.1,0.8,2.3,21.7,0,0,0
