Avg Host Node1 CPU Usage,Host Node1 CPU 0 Usage,Host Node1 CPU 1 Usage,Avg Host Node2 CPU Usage,Host Node2 CPU 0 Usage,Host Node2 CPU 1 Usage,Avg Host Node3 CPU Usage,Host Node3 CPU 0 Usage,Host Node3 CPU 1 Usage,Avg Host Node4 CPU Usage,Host Node4 CPU 0 Usage,Host Node4 CPU 1 Usage,checkoutservice CPU Usage,currencyservice CPU Usage,emailservice CPU Usage,frontend 1 CPU Usage,frontend 2 CPU Usage,loadgenerator CPU Usage,paymentservice CPU Usage,productcatalogservice CPU Usage,recommendationservice 1 CPU Usage,recommendationservice 2 CPU Usage,redis-cart CPU Usage,shippingservice CPU Usage,Average Response Time,Median Response Time,Current Response Time Percentile 95,Current Response Time Percentile 50,Number of Users,current_rps GET /,current_rps GET /cart,current_rps GET /product/0PUK6V6EV0,current_rps GET /product/1YMWWN1N4O,current_rps GET /product/2ZYFJ3GM2N,current_rps GET /product/66VCHSJNUP,current_rps GET /product/6E92ZMYYFZ,current_rps GET /product/9SIQT8TOJO,current_rps GET /product/L9ECAV7KIM,current_rps GET /product/LS4PSXUNUM,current_rps GET /product/OLJCESPC7Z,current_rps POST /cart,current_rps POST /cart/checkout,current_rps POST /setCurrency,current_rps Aggregated,Acme-Web CPU Usage,MongoDB CPU Usage,StressNG 1 CPU Usage,StressNG 2 CPU Usage,StressNG 3 CPU Usage,StressNG 4 CPU Usage
56.7,55.4,58.0,46.0,45.6,46.4,60.3,59.6,61.0,19.0,19.8,18.2,0.536,7.18,0.186,6.3,6.3,10.2,0.165,4.38,3.11,0.0372,0.256,0.469,55.8,44.0,120,38,600,22.1,21.4,8.6,8.5,8.9,8.1,7.0,8.6,7.1,7.6,8.6,17.1,5.0,12.6,151.0,0,0,0,0,0,0
55.4,57.2,53.6,46.3,44.7,47.9,60.8,59.2,62.4,21.5,21.4,21.6,0.578,7.23,0.2,6.56,6.59,10.5,0.18,4.71,3.32,0.0369,0.264,0.49,52.0,41.0,96,35,600,4.8,17.1,8.1,8.5,8.2,8.2,7.4,7.2,9.1,7.2,9.6,16.7,5.9,12.4,130.0,0,0,0,0,0,0
55.6,56.4,54.8,44.5,44.4,44.6,61.4,60.2,62.6,20.2,20.6,19.8,0.604,7.61,0.199,6.86,6.77,10.9,0.194,4.86,3.53,0.0379,0.277,0.512,49.4,39.0,87,33,600,6.2,17.2,7.3,8.4,7.4,8.0,7.3,8.6,8.7,8.9,10.1,17.7,5.3,10.0,131.0,0,0,0,0,0,0
57.8,55.2,60.4,45.5,44.9,46.1,59.0,58.6,59.4,19.3,17.8,20.8,0.596,7.93,0.203,7.31,6.87,11.4,0.188,5.05,3.66,0.037,0.287,0.532,47.8,38.0,90,32,600,5.9,16.3,6.9,8.4,8.2,9.5,11.9,7.7,7.5,8.6,8.5,15.3,4.9,10.0,130.0,0,0,0,0,0,0
54.8,55.6,54.0,45.5,46.4,44.6,59.1,58.2,60.0,20.1,17.2,23.0,0.62,8.12,0.211,7.49,7.12,11.7,0.194,5.24,3.78,0.0377,0.297,0.55,47.7,38.0,110,37,600,5.7,15.6,7.8,7.7,9.0,8.5,7.6,8.6,9.1,7.7,8.8,18.9,5.8,11.1,132.0,0,0,0,0,0,0
57.4,56.6,58.2,47.8,49.6,46.0,58.4,59.0,57.8,19.8,21.8,17.8,0.655,8.32,0.221,7.85,7.41,12.4,0.208,5.39,3.97,0.0358,0.302,0.575,47.1,37.0,94,34,600,5.8,16.6,7.3,7.1,9.3,8.4,8.9,7.9,7.8,8.4,10.0,18.1,5.1,10.7,131.0,0,0,0,0,0,0
60.3,58.4,62.2,46.6,48.2,45.0,62.6,60.2,65.0,19.9,23.0,16.8,0.708,8.74,0.232,8.18,7.58,12.9,0.219,5.7,4.18,0.0377,0.34,0.59,47.3,38.0,110,41,600,5.0,15.5,8.7,6.3,8.6,7.2,9.3,7.2,9.3,10.3,10.0,19.8,6.5,10.4,134.0,0,0,0,0,0,0
58.9,59.2,58.6,46.3,47.8,44.8,59.7,59.4,60.0,20.0,18.4,21.6,0.779,9.49,0.26,8.89,8.43,14.4,0.243,6.22,4.6,0.0357,0.366,0.669,46.9,37.0,100,35,600,5.0,15.9,7.8,7.9,7.7,8.0,7.6,7.8,8.9,8.3,7.7,17.9,6.5,13.4,130.0,0,0,0,0,0,0
66.1,64.2,68.0,55.0,54.6,55.4,66.0,65.0,67.0,21.1,18.8,23.4,0.774,9.37,0.269,8.45,8.18,14.5,0.253,5.86,4.5,0.0365,0.351,0.634,97.5,78.0,200,61,800,16.2,21.9,10.3,11.9,10.8,12.0,11.5,10.7,11.3,10.6,11.2,23.1,7.8,15.9,185.0,0,0,0,0,0,0
66.5,65.0,68.0,54.9,55.0,54.8,64.2,62.6,65.8,21.5,24.0,19.0,0.802,9.54,0.273,8.54,8.43,14.7,0.255,5.96,4.63,0.0365,0.357,0.633,88.6,71.0,130,56,800,6.4,23.1,9.8,11.2,11.4,9.7,11.3,12.1,11.2,12.8,9.8,20.9,7.2,12.6,170.0,0,0,0,0,0,0
67.7,68.8,66.6,56.8,57.2,56.4,66.0,65.4,66.6,20.3,20.8,19.8,0.804,9.71,0.279,8.71,8.41,15.0,0.267,6.3,4.88,0.0366,0.365,0.656,84.4,67.0,170,57,800,8.4,23.5,10.7,10.5,10.9,11.8,11.6,12.5,10.4,10.7,10.4,21.7,6.5,13.9,174.0,0,0,0,0,0,0
69.6,70.0,69.2,55.2,54.4,56.0,66.9,66.2,67.6,20.1,17.2,23.0,0.855,9.92,0.29,8.98,8.67,15.5,0.275,6.4,4.96,0.0366,0.369,0.664,84.5,68.0,220,71,800,7.6,21.6,11.2,11.8,11.8,11.0,9.3,10.8,10.0,10.5,12.2,23.2,8.3,15.6,175.0,0,0,0,0,0,0
66.5,66.8,66.2,55.3,54.8,55.8,66.2,64.2,68.2,20.7,21.6,19.8,0.878,9.97,0.297,9.17,8.97,16.1,0.285,6.53,5.02,0.0366,0.356,0.703,82.4,67.0,160,60,800,7.2,22.2,11.7,11.1,10.6,9.1,10.5,9.2,11.3,9.8,10.3,25.0,8.9,14.6,172.0,0,0,0,0,0,0
68.9,70.2,67.6,52.7,52.4,53.0,65.3,63.0,67.6,21.5,19.2,23.8,0.905,10.4,0.302,9.22,9.15,16.4,0.291,6.64,5.26,0.0366,0.354,0.7,79.7,65.0,130,56,800,7.3,22.7,10.1,11.5,11.5,11.8,12.0,11.0,8.6,11.5,9.9,21.7,6.2,15.5,171.0,0,0,0,0,0,0
66.2,65.2,67.2,54.4,52.8,56.0,66.1,64.0,68.2,19.7,16.6,22.8,0.969,11.2,0.33,9.98,9.98,17.9,0.328,7.19,5.78,0.0366,0.384,0.775,82.1,66.0,270,81,800,7.3,20.4,10.7,12.0,9.3,11.5,11.2,8.5,12.1,11.6,10.7,28.4,7.9,17.3,179.0,0,0,0,0,0,0
70.3,67.0,73.6,54.5,53.8,55.2,67.5,67.8,67.2,21.4,19.0,23.8,0.963,10.9,0.309,9.35,9.24,17.2,0.296,6.55,5.47,0.0379,0.387,0.724,228.0,200.0,780,360,1000,18.8,27.3,12.1,11.8,12.9,12.4,14.9,12.3,11.6,13.7,11.2,28.6,10.9,15.9,214.0,0,0,0,0,0,0
70.9,75.4,66.4,53.8,52.4,55.2,65.3,62.6,68.0,20.7,21.2,20.2,0.916,10.9,0.304,9.21,9.24,17.1,0.29,6.63,5.46,0.0371,0.392,0.727,239.0,210.0,640,240,1000,8.0,27.7,14.6,12.6,13.1,11.0,12.2,11.9,10.7,10.2,14.3,28.5,9.0,19.3,203.0,0,0,0,0,0,0
70.2,72.4,68.0,51.6,52.6,50.6,66.2,65.0,67.4,19.9,19.8,20.0,0.942,11.0,0.324,9.27,9.29,17.6,0.301,6.63,5.68,0.0374,0.388,0.736,245.0,220.0,550,250,1000,8.1,28.2,11.7,12.2,11.1,12.4,15.6,14.9,13.4,13.8,13.4,29.3,10.0,19.4,214.0,0,0,0,0,0,0
70.7,73.2,68.2,55.3,56.0,54.6,67.1,66.8,67.4,20.9,24.0,17.8,0.942,11.1,0.325,9.51,9.46,17.7,0.297,6.7,5.85,0.0364,0.392,0.741,232.0,200.0,390,130,1000,9.7,26.4,13.6,16.2,12.9,14.0,12.3,13.0,14.4,12.5,13.3,26.0,8.6,19.7,213.0,0,0,0,0,0,0
71.7,70.0,73.4,52.2,50.4,54.0,68.1,66.8,69.4,22.1,21.0,23.2,0.941,11.1,0.326,9.43,9.36,18.0,0.299,6.73,5.92,0.0372,0.39,0.745,228.0,200.0,510,150,1000,9.6,26.6,11.5,13.2,11.7,14.1,13.2,13.0,11.7,14.2,12.3,26.2,8.9,15.8,202.0,0,0,0,0,0,0
73.0,68.8,77.2,49.7,48.6,50.8,65.9,67.2,64.6,21.0,19.6,22.4,1.01,11.8,0.35,9.96,10.0,19.1,0.316,7.01,6.47,0.0376,0.387,0.817,240.0,210.0,700,290,1000,8.2,26.5,14.2,13.0,13.5,14.1,14.2,12.7,13.2,13.7,14.5,29.9,9.3,16.4,213.0,0,0,0,0,0,0
72.5,69.6,75.4,50.6,49.8,51.4,65.8,65.8,65.8,21.1,17.6,24.6,1.15,13.1,0.383,11.1,11.2,21.4,0.359,7.87,7.25,0.0369,0.448,0.903,242.0,210.0,580,230,1000,7.6,27.0,12.9,11.6,10.9,13.5,12.6,14.3,12.3,12.2,12.4,27.8,8.5,20.1,204.0,0,0,0,0,0,0
51.7,49.4,54.0,44.9,44.6,45.2,58.2,59.2,57.2,20.8,20.8,20.8,0.469,6.92,0.157,6.36,5.64,8.36,0.133,4.43,3.1,0.0375,0.254,0.445,50.6,41.0,130,50,600,44.7,15.6,9.1,7.2,8.4,7.0,7.0,9.7,7.3,6.9,6.7,15.8,4.1,9.0,159.0,0,0,0,0,0,0
51.2,50.8,51.6,46.7,48.0,45.4,61.7,64.0,59.4,19.7,21.8,17.6,0.495,7.07,0.165,6.5,6.1,8.83,0.142,4.56,3.24,0.0366,0.26,0.484,47.4,38.0,93,32,600,5.2,19.9,7.9,8.8,9.1,8.8,8.5,7.1,6.9,7.9,7.1,14.8,5.0,11.4,128.0,0,0,0,0,0,0
53.2,53.4,53.0,44.6,42.6,46.6,57.9,54.2,61.6,19.4,16.2,22.6,0.52,7.45,0.175,6.77,6.3,9.07,0.157,4.75,3.44,0.0374,0.27,0.494,45.2,36.0,89,31,600,5.3,17.6,7.9,9.2,7.1,8.5,8.3,8.9,7.8,9.0,9.0,18.6,6.8,12.2,136.0,0,0,0,0,0,0
52.5,53.2,51.8,46.1,46.8,45.4,59.1,55.6,62.6,20.4,21.8,19.0,0.561,7.7,0.19,7.03,6.59,9.55,0.165,5.05,3.54,0.0365,0.277,0.525,44.0,35.0,86,32,600,5.8,18.2,8.3,8.1,8.3,8.2,7.7,7.1,7.4,9.3,8.6,15.8,5.8,10.8,129.0,0,0,0,0,0,0
56.8,56.8,56.8,44.4,43.4,45.4,59.0,57.6,60.4,20.7,22.2,19.2,0.614,8.04,0.201,7.29,6.82,10.1,0.18,5.28,3.8,0.0373,0.318,0.549,43.6,34.0,95,32,600,5.5,16.7,8.2,9.3,8.5,6.6,7.5,7.7,8.9,7.7,7.7,19.7,5.9,12.8,133.0,0,0,0,0,0,0
58.4,57.8,59.0,44.0,44.5,43.5,58.5,60.2,56.8,18.8,15.4,22.2,0.65,8.27,0.212,7.42,7.03,10.7,0.188,5.43,3.94,0.0374,0.327,0.562,43.6,34.0,97,34,600,5.9,16.1,7.4,8.7,8.0,9.6,7.7,8.0,8.0,8.5,7.3,16.1,5.8,10.6,128.0,0,0,0,0,0,0
60.6,60.2,61.0,46.6,47.8,45.4,61.4,61.6,61.2,20.3,18.2,22.4,0.674,8.71,0.219,7.78,7.46,11.4,0.199,5.62,4.12,0.0374,0.336,0.589,43.7,35.0,99,37,600,6.3,16.6,8.2,9.1,7.7,8.2,8.1,9.2,7.4,8.2,10.6,15.4,4.4,10.9,130.0,0,0,0,0,0,0
58.4,57.8,59.0,44.7,44.4,45.0,60.0,62.2,57.8,19.6,16.4,22.8,0.71,9.0,0.236,8.06,8.08,12.3,0.214,5.82,4.34,0.0384,0.349,0.614,43.8,35.0,99,36,600,6.4,16.4,8.2,7.5,8.2,9.3,7.4,7.4,7.6,7.7,9.9,17.4,5.1,14.0,133.0,0,0,0,0,0,0
57.2,57.8,56.6,37.3,38.4,36.2,56.5,55.4,57.6,19.4,20.2,18.6,0.804,10.0,0.261,8.95,9.02,13.9,0.241,6.55,4.88,0.0375,0.379,0.687,43.7,35.0,95,36,600,5.0,15.5,8.3,8.0,8.7,8.8,7.5,7.4,9.2,8.5,7.8,16.7,5.7,11.9,129.0,0,0,0,0,0,0
66.0,66.2,65.8,49.9,51.2,48.6,66.4,67.6,65.2,20.5,18.6,22.4,0.697,9.2,0.24,7.93,8.13,14.0,0.215,5.78,4.33,0.0375,0.349,0.593,94.0,85.0,230,98,800,29.9,20.4,11.1,8.4,8.8,10.2,14.8,8.6,10.3,11.6,11.0,20.6,6.2,16.5,188.0,0,0,0,0,0,0
67.4,68.6,66.2,52.3,52.8,51.8,64.2,63.8,64.6,21.2,24.0,18.4,0.713,9.51,0.241,8.19,8.37,14.6,0.216,5.88,4.49,0.0375,0.352,0.59,85.4,74.0,140,54,800,7.5,22.3,10.4,9.6,12.2,10.3,11.3,10.4,10.0,10.4,11.4,20.3,6.0,14.9,167.0,0,0,0,0,0,0
65.6,65.0,66.2,52.1,51.2,53.0,69.6,68.6,70.6,20.0,17.4,22.6,0.713,9.67,0.245,8.59,8.51,15.2,0.224,5.99,4.61,0.0364,0.333,0.616,81.1,71.0,140,62,800,7.4,22.2,10.1,11.0,11.2,11.1,11.5,10.1,9.5,13.2,10.3,23.0,6.5,17.2,174.0,0,0,0,0,0,0
67.6,67.6,67.6,51.9,52.0,51.8,66.9,67.4,66.4,20.7,22.0,19.4,0.737,9.86,0.255,8.69,8.6,15.5,0.227,6.09,4.89,0.0377,0.341,0.636,79.8,70.0,170,66,800,6.6,22.8,10.3,11.5,11.4,10.9,10.5,10.7,11.2,11.3,11.6,23.3,7.5,14.8,174.0,0,0,0,0,0,0
69.2,68.4,70.0,51.5,49.0,54.0,66.1,65.8,66.4,19.8,22.8,16.8,0.781,10.1,0.268,8.85,8.75,16.2,0.243,6.32,4.96,0.0375,0.348,0.644,79.7,69.0,190,68,800,8.3,22.7,10.0,11.3,10.3,11.8,11.8,12.3,11.0,12.3,9.9,22.7,7.0,15.6,177.0,0,0,0,0,0,0
69.4,68.6,70.2,52.0,52.4,51.6,65.0,66.6,63.4,19.9,16.4,23.4,0.818,10.1,0.274,9.21,8.83,16.6,0.25,6.29,5.16,0.0374,0.353,0.676,78.9,69.0,170,67,800,6.6,20.9,11.2,10.8,11.6,10.8,12.3,10.7,10.2,13.8,8.9,22.4,7.5,14.8,173.0,0,0,0,0,0,0
69.5,69.0,70.0,50.2,49.6,50.8,68.1,67.4,68.8,20.5,18.4,22.6,0.843,10.5,0.299,9.52,9.32,17.4,0.268,6.63,5.39,0.0376,0.365,0.713,79.9,70.0,210,76,800,7.0,22.9,11.4,11.6,12.2,10.4,10.8,11.2,9.0,10.6,10.2,22.8,6.6,15.9,173.0,0,0,0,0,0,0
69.7,70.4,69.0,51.7,50.8,52.6,64.8,65.2,64.4,20.6,19.4,21.8,0.962,11.9,0.334,10.7,10.4,19.5,0.302,7.37,6.07,0.0375,0.438,0.797,80.3,70.0,200,75,800,7.6,20.8,13.7,9.5,10.1,11.8,11.7,8.5,10.4,12.4,12.1,22.4,8.1,16.0,175.0,0,0,0,0,0,0
73.5,72.2,74.8,51.3,48.2,54.4,68.3,69.2,67.4,20.0,21.0,19.0,0.899,10.8,0.325,9.07,9.41,17.1,0.291,6.47,5.6,0.0378,0.382,0.698,257.0,210.0,970,320,1000,16.7,28.8,13.2,12.4,12.8,15.0,11.3,11.6,11.7,10.8,11.6,24.1,9.9,18.3,208.0,0,0,0,0,0,0
71.1,72.8,69.4,53.8,53.2,54.4,65.0,65.4,64.6,20.9,18.6,23.2,0.922,10.8,0.322,8.98,9.58,17.4,0.293,6.59,5.56,0.0389,0.372,0.728,265.0,210.0,710,230,1000,9.2,26.1,13.7,12.5,12.3,12.0,13.7,10.7,12.4,13.7,13.9,26.4,9.2,19.0,205.0,0,0,0,0,0,0
71.1,68.0,74.2,55.9,57.2,54.6,66.8,70.4,63.2,21.6,18.0,25.2,0.941,10.8,0.337,9.02,9.56,17.6,0.295,6.53,5.67,0.0378,0.377,0.724,268.0,220.0,600,240,1000,9.0,24.1,12.5,13.7,14.4,13.0,13.3,13.0,11.4,13.6,12.8,28.1,8.1,17.5,205.0,0,0,0,0,0,0
72.3,70.0,74.6,52.6,50.8,54.4,65.4,65.2,65.6,20.2,24.6,15.8,0.956,10.9,0.334,9.08,9.84,17.8,0.303,6.56,5.92,0.037,0.341,0.743,257.0,210.0,400,160,1000,10.1,29.7,13.4,14.9,14.1,11.9,12.8,12.7,13.4,12.7,12.7,26.9,10.1,17.0,212.0,0,0,0,0,0,0
72.5,73.6,71.4,53.6,54.2,53.0,63.1,64.4,61.8,20.7,19.0,22.4,0.961,11.1,0.344,9.01,9.92,17.9,0.309,6.51,5.93,0.0367,0.336,0.757,269.0,220.0,750,310,1000,8.9,25.4,12.1,11.3,13.6,11.2,14.1,12.1,12.9,12.0,12.0,27.0,9.0,21.0,203.0,0,0,0,0,0,0
72.3,72.2,72.4,54.5,55.0,54.0,66.7,68.2,65.2,21.6,23.8,19.4,1.08,12.1,0.379,10.0,11.0,20.4,0.346,7.31,6.71,0.0378,0.415,0.866,290.0,230.0,900,400,1000,7.4,26.7,13.4,12.5,13.2,13.0,13.0,11.2,13.9,12.0,11.6,27.4,9.0,16.7,201.0,0,0,0,0,0,0
59.0,57.2,60.8,44.8,42.8,46.8,58.6,56.6,60.6,18.7,19.0,18.4,0.545,7.13,0.179,6.47,5.96,9.61,0.16,4.47,3.21,0.0373,0.267,0.482,58.8,46.0,98,36,600,16.8,17.1,8.5,7.3,7.7,9.6,9.5,7.2,8.7,8.5,8.5,16.8,5.9,10.1,142.0,0,0,0,0,0,0
55.3,55.0,55.6,45.9,45.2,46.6,58.3,58.4,58.2,19.4,19.4,19.4,0.557,7.29,0.184,6.82,6.28,10.1,0.166,4.68,3.35,0.038,0.277,0.492,54.7,43.0,95,36,600,4.8,15.4,8.6,8.6,7.4,8.3,8.8,8.5,8.4,7.0,8.6,17.3,4.5,11.6,128.0,0,0,0,0,0,0
53.8,55.4,52.2,45.3,46.2,44.4,56.3,53.6,59.0,20.1,19.8,20.4,0.6,7.53,0.2,7.15,6.38,10.4,0.177,4.82,3.51,0.037,0.283,0.514,52.5,41.0,100,34,600,5.8,18.6,7.4,8.8,7.4,8.8,6.0,9.8,8.2,7.4,7.8,12.9,5.5,11.7,126.0,0,0,0,0,0,0
56.6,55.6,57.6,46.2,45.8,46.6,60.1,62.2,58.0,21.0,21.6,20.4,0.641,7.82,0.211,7.39,6.7,11.1,0.192,5.08,3.64,0.0369,0.293,0.535,50.9,40.0,98,35,600,6.3,16.4,7.1,8.3,7.7,8.0,7.1,8.9,8.5,7.8,8.7,16.5,6.0,10.5,128.0,0,0,0,0,0,0
58.4,59.4,57.4,46.3,46.0,46.6,58.4,60.0,56.8,19.7,23.0,16.4,0.67,8.03,0.226,7.59,7.05,11.7,0.205,5.29,3.84,0.037,0.337,0.558,50.0,39.0,110,37,600,5.2,16.1,9.5,8.4,7.5,8.6,9.1,9.2,7.7,8.8,8.4,17.6,5.9,12.0,134.0,0,0,0,0,0,0
57.6,55.6,59.6,45.0,44.6,45.4,59.9,58.2,61.6,21.6,22.0,21.2,0.68,8.4,0.231,7.68,7.31,12.4,0.208,5.49,4.0,0.036,0.343,0.573,49.2,39.0,100,34,600,6.9,16.9,6.8,8.1,7.8,8.9,7.6,6.3,8.9,9.2,9.3,16.1,5.7,10.5,129.0,0,0,0,0,0,0
58.8,60.2,57.4,44.7,44.4,45.0,60.4,60.8,60.0,18.8,15.6,22.0,0.693,8.53,0.242,7.96,7.67,13.2,0.22,5.57,4.13,0.0378,0.349,0.604,49.0,39.0,110,38,600,5.8,16.9,8.2,9.0,7.2,7.3,8.7,9.9,9.4,8.7,8.1,17.0,4.9,9.2,130.0,0,0,0,0,0,0
58.5,58.0,59.0,49.1,47.2,51.0,60.4,60.2,60.6,19.7,21.4,18.0,0.785,9.35,0.272,8.91,8.53,14.7,0.248,6.29,4.57,0.0361,0.379,0.682,48.4,38.0,93,36,600,5.4,18.2,9.4,7.8,8.5,7.0,7.8,7.7,6.2,9.2,7.7,17.0,6.0,11.2,129.0,0,0,0,0,0,0
70.9,69.4,72.4,55.2,55.8,54.6,69.1,69.6,68.6,20.1,16.6,23.6,0.758,8.88,0.26,7.97,8.01,13.7,0.233,5.84,4.32,0.0369,0.35,0.623,118.0,90.0,420,130,800,39.7,20.3,10.3,7.7,10.2,10.4,8.0,11.2,10.6,8.9,9.8,17.2,6.0,13.1,183.0,0,0,0,0,0,0
67.6,68.4,66.8,55.0,53.8,56.2,64.1,63.8,64.4,19.1,18.4,19.8,0.767,9.2,0.26,8.19,8.33,14.2,0.236,5.97,4.53,0.0377,0.36,0.632,100.0,75.0,140,55,800,9.8,23.1,12.2,11.5,9.1,11.3,11.2,11.6,10.5,12.1,10.3,21.3,7.8,14.8,177.0,0,0,0,0,0,0
65.4,65.0,65.8,56.2,55.7,56.7,66.5,66.6,66.4,18.9,18.6,19.2,0.786,9.44,0.274,8.29,8.5,14.6,0.243,6.08,4.67,0.037,0.335,0.663,92.2,70.0,160,59,800,8.1,25.6,11.4,9.3,11.5,10.2,12.1,10.4,12.6,8.4,12.0,23.3,7.1,15.6,178.0,0,0,0,0,0,0
65.1,66.6,63.6,56.1,55.6,56.6,63.9,63.6,64.2,18.9,17.2,20.6,0.841,9.76,0.279,8.54,8.79,14.9,0.255,6.14,4.8,0.037,0.341,0.681,86.9,67.0,150,58,800,9.6,23.6,10.9,9.5,10.5,11.2,12.1,11.1,9.4,11.3,9.4,22.5,8.3,15.8,175.0,0,0,0,0,0,0
66.0,65.0,67.0,52.9,54.2,51.6,66.1,64.8,67.4,19.5,17.2,21.8,0.864,10.1,0.294,8.79,9.08,15.1,0.269,6.39,5.01,0.038,0.35,0.682,81.7,63.0,120,47,800,8.2,23.1,10.6,13.3,11.0,12.3,8.7,12.1,10.1,9.5,12.3,21.7,8.1,15.3,176.0,0,0,0,0,0,0
68.5,68.0,69.0,50.3,51.4,49.2,67.3,67.4,67.2,19.7,21.4,18.0,0.91,10.3,0.301,8.83,9.15,15.5,0.27,6.47,5.09,0.0361,0.364,0.713,80.9,64.0,180,66,800,6.5,23.4,11.8,11.4,9.5,10.3,10.4,13.4,10.6,10.5,9.6,24.1,7.7,15.1,174.0,0,0,0,0,0,0
70.2,70.4,70.0,50.7,51.0,50.4,64.8,65.4,64.2,21.5,20.6,22.4,0.897,10.7,0.308,8.83,9.37,16.2,0.294,6.63,5.31,0.0372,0.368,0.719,85.2,67.0,320,91,800,7.2,21.0,10.1,9.7,10.1,11.1,12.1,11.5,10.4,10.3,10.1,23.5,6.6,16.5,170.0,0,0,0,0,0,0
68.1,69.6,66.6,50.9,52.0,49.8,64.6,66.8,62.4,19.5,17.0,22.0,0.996,11.4,0.335,9.78,10.4,18.1,0.328,7.15,5.93,0.0364,0.429,0.8,84.5,67.0,190,68,800,6.2,21.9,11.8,10.2,11.8,10.8,10.6,11.2,12.7,10.9,10.2,24.8,8.0,16.4,178.0,0,0,0,0,0,0
72.1,70.0,74.2,54.1,51.6,56.6,66.5,68.4,64.6,21.8,20.4,23.2,0.886,10.8,0.312,8.9,9.43,17.4,0.299,6.48,5.41,0.0386,0.405,0.711,269.0,210.0,920,400,1000,16.5,25.0,12.9,11.9,11.7,12.2,12.1,13.8,13.5,11.5,11.5,27.0,8.6,15.6,204.0,0,0,0,0,0,0
73.9,71.6,76.2,51.8,50.0,53.6,61.9,65.6,58.2,20.8,23.8,17.8,0.878,10.8,0.297,8.94,9.37,17.3,0.296,6.43,5.52,0.0365,0.399,0.718,264.0,200.0,720,140,1000,8.9,28.0,12.2,12.1,14.5,14.1,12.5,11.0,12.1,12.3,12.1,26.1,9.0,19.3,204.0,0,0,0,0,0,0
71.5,71.6,71.4,52.0,52.2,51.8,66.5,65.8,67.2,21.1,20.4,21.8,0.89,11.1,0.306,9.08,9.46,17.5,0.286,6.46,5.6,0.0384,0.392,0.706,267.0,210.0,610,240,1000,9.4,27.0,12.1,14.7,12.8,13.1,12.3,13.4,13.9,12.1,13.7,28.8,8.2,17.2,209.0,0,0,0,0,0,0
74.2,75.8,72.6,53.3,52.8,53.8,66.0,63.2,68.8,19.7,24.2,15.2,0.892,11.0,0.318,9.13,9.47,17.8,0.297,6.53,5.77,0.0375,0.361,0.729,260.0,210.0,420,210,1000,9.7,25.7,14.4,14.1,12.6,11.7,13.6,12.4,10.7,11.9,13.7,27.8,8.9,18.2,205.0,0,0,0,0,0,0
72.2,72.2,72.2,51.9,53.2,50.6,68.1,67.6,68.6,20.3,22.4,18.2,0.894,11.1,0.312,9.09,9.57,17.9,0.292,6.63,5.76,0.0362,0.355,0.731,253.0,210.0,420,200,1000,8.7,25.9,13.3,14.3,12.4,12.6,12.7,12.8,13.3,15.1,13.7,25.1,8.7,17.7,206.0,0,0,0,0,0,0
71.7,72.6,70.8,51.5,50.6,52.4,67.0,66.4,67.6,20.3,19.0,21.6,0.972,11.9,0.348,9.85,10.4,19.3,0.32,7.1,6.37,0.0374,0.426,0.812,256.0,210.0,600,250,1000,7.9,28.1,14.4,11.0,11.6,12.8,13.4,11.2,13.0,15.2,12.5,28.7,9.1,19.0,208.0,0,0,0,0,0,0
56.3,56.4,56.2,45.9,43.2,48.6,58.1,59.6,56.6,20.8,16.2,25.4,0.55,7.18,0.19,6.43,6.2,10.1,0.167,4.41,3.15,0.0358,0.255,0.476,59.2,48.0,180,48,600,28.0,18.7,7.7,8.0,8.5,9.1,7.7,7.5,8.5,6.5,9.1,16.7,5.4,10.9,152.0,0,0,0,0,0,0
58.0,57.8,58.2,46.1,47.2,45.0,58.3,58.2,58.4,19.7,21.2,18.2,0.561,7.36,0.198,6.7,6.39,10.7,0.178,4.65,3.26,0.0366,0.265,0.499,54.8,43.0,110,35,600,5.5,15.7,7.8,8.1,7.2,8.5,9.0,7.7,8.9,6.6,7.1,16.8,4.8,11.4,125.0,0,0,0,0,0,0
57.8,57.0,58.6,44.4,43.6,45.2,58.3,58.6,58.0,20.1,23.2,17.0,0.58,7.6,0.2,6.9,6.63,11.0,0.179,4.85,3.45,0.0358,0.268,0.509,52.6,41.0,100,36,600,4.2,19.5,9.5,8.1,8.5,7.9,8.3,8.2,8.1,8.4,8.1,16.6,6.0,12.3,134.0,0,0,0,0,0,0
59.5,59.8,59.2,43.9,46.0,41.8,61.9,60.8,63.0,20.9,19.8,22.0,0.616,7.78,0.216,7.25,6.81,11.5,0.189,4.99,3.62,0.0376,0.28,0.525,50.6,40.0,97,34,600,5.9,17.4,8.3,11.0,8.8,7.1,8.7,8.7,7.2,6.6,6.2,14.7,4.1,11.3,126.0,0,0,0,0,0,0
56.3,55.6,57.0,46.3,45.4,47.2,61.1,61.8,60.4,19.3,16.2,22.4,0.616,8.15,0.217,7.37,7.02,12.0,0.187,5.2,3.75,0.0357,0.325,0.544,49.6,39.0,98,37,600,5.9,18.3,7.7,9.7,7.4,8.4,8.0,8.4,6.9,7.1,7.9,16.0,5.4,11.9,129.0,0,0,0,0,0,0
50.9,51.2,50.6,47.2,47.2,47.2,60.3,60.0,60.6,21.0,18.6,23.4,0.647,8.53,0.224,7.76,7.32,12.4,0.198,5.34,3.93,0.0368,0.336,0.575,48.7,39.0,100,33,600,5.9,16.4,9.2,7.6,6.8,8.8,8.7,8.4,8.2,9.0,7.8,18.4,5.8,11.0,132.0,0,0,0,0,0,0
54.6,54.4,54.8,46.7,45.2,48.2,60.8,61.4,60.2,21.7,21.2,22.2,0.683,8.6,0.239,7.79,7.44,12.5,0.213,5.56,4.15,0.0376,0.347,0.593,48.5,38.0,100,36,600,3.8,18.6,9.2,7.9,9.3,8.0,8.3,7.5,9.2,8.3,7.1,18.0,6.9,11.1,133.0,0,0,0,0,0,0
48.9,47.8,50.0,44.0,44.2,43.8,58.0,55.8,60.2,19.9,22.6,17.2,0.753,9.25,0.255,8.53,8.27,13.5,0.231,6.06,4.5,0.0367,0.368,0.651,47.8,38.0,94,32,600,5.9,17.4,9.8,8.4,7.0,8.8,7.4,8.9,9.1,9.7,7.2,17.5,5.5,10.4,133.0,0,0,0,0,0,0
67.9,66.6,69.2,52.4,51.2,53.6,63.3,63.0,63.6,19.8,18.2,21.4,0.751,9.37,0.253,8.54,7.84,13.1,0.237,5.89,4.52,0.036,0.358,0.623,93.3,78.0,210,56,800,18.5,22.6,10.9,8.5,11.7,10.9,8.8,11.3,11.3,12.5,10.5,23.1,7.8,15.5,184.0,0,0,0,0,0,0
59.5,58.2,60.8,54.0,54.0,54.0,68.2,67.4,69.0,21.0,19.0,23.0,0.801,9.56,0.266,8.62,8.0,13.6,0.252,5.97,4.61,0.0367,0.328,0.655,85.4,70.0,160,52,800,8.3,23.2,11.6,8.3,11.8,11.0,13.0,10.4,10.4,7.0,11.9,22.7,8.2,15.9,174.0,0,0,0,0,0,0
62.4,62.2,62.6,54.2,53.8,54.6,66.7,65.4,68.0,19.9,22.2,17.6,0.835,9.87,0.273,8.9,8.1,14.0,0.26,6.12,4.83,0.036,0.342,0.668,79.1,63.0,140,45,800,8.1,23.1,12.0,11.7,11.2,11.3,10.1,12.5,11.0,10.8,9.1,25.9,7.5,14.3,179.0,0,0,0,0,0,0
58.8,61.0,56.6,52.0,52.2,51.8,67.5,67.2,67.8,20.8,22.8,18.8,0.858,9.9,0.275,9.04,8.37,14.5,0.262,6.36,4.98,0.0372,0.348,0.69,74.6,59.0,110,45,800,7.4,24.4,10.7,12.2,10.4,10.8,11.4,11.1,11.6,10.2,10.6,23.1,8.8,15.1,178.0,0,0,0,0,0,0
58.5,59.8,57.2,53.0,52.4,53.6,63.5,64.0,63.0,21.2,18.4,24.0,0.858,10.4,0.281,9.21,8.42,14.5,0.261,6.6,5.18,0.0362,0.356,0.707,71.0,56.0,110,42,800,6.7,20.9,11.7,11.4,11.0,11.1,11.1,10.9,13.1,10.0,12.1,23.4,6.8,13.7,174.0,0,0,0,0,0,0
59.0,57.8,60.2,51.4,49.6,53.2,68.5,69.8,67.2,21.9,21.8,22.0,0.881,10.5,0.284,9.56,8.7,15.1,0.268,6.7,5.25,0.0371,0.408,0.725,70.8,56.0,170,58,800,6.5,21.5,11.0,12.2,11.3,11.5,10.2,10.3,10.2,9.9,12.7,24.8,7.9,14.5,175.0,0,0,0,0,0,0
67.1,65.6,68.6,49.8,48.0,51.6,66.8,66.0,67.6,19.9,23.4,16.4,0.962,11.2,0.308,10.3,9.38,16.5,0.286,7.23,5.65,0.0373,0.435,0.783,70.4,57.0,150,60,800,7.9,23.1,9.4,10.7,11.5,10.6,11.5,10.2,10.4,10.3,12.2,21.5,6.3,13.9,170.0,0,0,0,0,0,0
70.8,70.6,71.0,50.9,49.0,52.8,68.9,67.6,70.2,21.3,20.4,22.2,0.9,11.0,0.281,9.78,8.68,16.1,0.252,6.75,5.63,0.0366,0.417,0.714,154.0,120.0,440,150,1000,16.9,25.4,13.0,12.3,15.7,13.5,13.2,15.1,13.6,14.7,11.7,28.4,9.9,17.2,221.0,0,0,0,0,0,0
70.2,68.0,72.4,54.7,55.6,53.8,65.6,66.2,65.0,21.0,18.6,23.4,0.898,10.9,0.297,9.72,8.85,16.5,0.261,6.69,5.66,0.0384,0.413,0.718,221.0,150.0,1000,440,1000,7.9,24.1,12.4,13.6,13.2,12.0,13.2,14.0,13.6,13.3,11.2,28.3,8.7,17.7,203.0,0,0,0,0,0,0
70.6,71.4,69.8,53.3,51.6,55.0,65.1,65.8,64.4,20.3,19.2,21.4,0.919,11.1,0.301,9.75,8.95,17.3,0.269,6.79,5.71,0.0364,0.419,0.733,220.0,150.0,540,160,1000,9.4,29.5,12.6,12.9,12.9,13.4,13.2,14.6,13.1,13.2,10.8,26.2,9.3,18.1,209.0,0,0,0,0,0,0
69.8,70.0,69.6,51.4,50.2,52.6,68.2,67.6,68.8,21.3,21.4,21.2,0.907,11.3,0.316,9.69,8.96,17.3,0.284,6.85,5.92,0.0384,0.364,0.73,230.0,180.0,590,240,1000,9.0,28.3,13.4,12.0,14.2,14.2,9.8,14.3,15.5,12.4,12.9,27.1,9.4,17.3,210.0,0,0,0,0,0,0
69.6,68.6,70.6,52.4,52.4,52.4,63.9,65.2,62.6,21.0,22.4,19.6,0.939,11.3,0.324,9.7,8.89,17.8,0.285,6.72,5.93,0.0373,0.371,0.751,240.0,200.0,620,280,1000,10.7,25.0,12.8,12.2,11.8,10.8,15.0,12.6,11.4,12.6,12.1,25.2,7.0,18.8,198.0,0,0,0,0,0,0
71.5,71.0,72.0,52.3,53.8,50.8,70.2,70.4,70.0,20.5,22.0,19.0,1.02,11.7,0.344,10.3,9.76,18.9,0.31,6.97,6.44,0.0383,0.43,0.809,237.0,200.0,410,190,1000,9.1,29.1,13.4,13.7,13.4,12.5,13.7,12.1,12.9,12.6,12.4,27.8,9.8,17.4,210.0,0,0,0,0,0,0
70.1,67.4,72.8,33.6,30.8,36.4,69.8,68.2,71.4,20.0,21.2,18.8,1.15,12.9,0.397,11.3,10.8,21.2,0.354,7.83,7.24,0.0382,0.465,0.902,264.0,210.0,1000,490,1000,10.0,25.1,13.5,11.9,11.6,13.3,14.1,12.6,10.4,12.5,13.8,27.0,9.2,14.7,200.0,0,0,0,0,0,0
50.0,49.6,50.4,47.4,45.0,49.8,58.5,58.4,58.6,21.1,23.2,19.0,0.591,6.97,0.197,6.68,5.87,9.74,0.174,4.52,3.14,0.0371,0.256,0.466,59.1,47.0,140,40,600,26.7,15.9,8.2,9.8,8.8,9.0,8.6,8.4,8.1,8.2,8.3,17.6,6.7,10.4,155.0,0,0,0,0,0,0
49.0,48.0,50.0,51.9,51.8,52.0,59.8,57.8,61.8,19.6,17.4,21.8,0.612,7.31,0.201,6.73,6.21,10.0,0.179,4.64,3.28,0.0371,0.264,0.49,52.5,39.0,83,28,600,4.5,16.6,7.5,8.0,6.9,9.0,7.7,8.9,8.8,7.5,9.4,15.5,4.2,11.5,126.0,0,0,0,0,0,0
50.9,50.8,51.0,44.9,43.4,46.4,59.5,58.6,60.4,19.3,14.6,24.0,0.648,7.53,0.209,7.09,6.47,10.3,0.186,4.85,3.49,0.0378,0.278,0.518,49.1,37.0,84,31,600,5.5,18.0,6.5,8.1,8.6,8.8,6.5,9.1,7.4,10.3,7.7,17.0,5.9,10.7,130.0,0,0,0,0,0,0
54.4,56.0,52.8,45.2,45.6,44.8,59.0,58.8,59.2,19.7,21.2,18.2,0.672,7.88,0.218,7.45,6.65,10.6,0.196,5.06,3.64,0.0368,0.325,0.548,47.6,36.0,92,33,600,5.8,19.5,7.2,8.9,7.1,9.4,8.7,8.3,7.4,8.9,7.1,17.4,6.4,12.0,134.0,0,0,0,0,0,0
55.9,58.2,53.6,46.9,47.2,46.6,60.2,60.6,59.8,18.9,16.8,21.0,0.671,8.0,0.22,7.55,6.89,10.9,0.197,5.17,3.8,0.0369,0.335,0.562,46.5,35.0,92,32,600,5.4,16.7,8.6,8.6,6.5,10.2,7.4,8.6,8.5,8.7,6.8,15.0,5.2,11.5,128.0,0,0,0,0,0,0
58.8,58.4,59.2,46.2,45.4,47.0,60.3,59.0,61.6,19.7,19.2,20.2,0.7,8.24,0.22,7.68,7.09,11.3,0.197,5.45,3.96,0.0358,0.342,0.572,46.3,36.0,97,37,600,5.8,17.2,8.2,8.7,7.2,7.9,7.0,9.1,8.8,7.9,8.3,16.6,5.9,12.1,131.0,0,0,0,0,0,0
51.9,51.4,52.4,45.4,43.8,47.0,58.3,59.2,57.4,19.1,21.0,17.2,0.714,8.64,0.229,7.96,7.34,11.8,0.206,5.56,4.1,0.0359,0.349,0.579,45.5,35.0,86,31,600,5.3,16.6,10.3,8.7,9.0,8.3,8.1,7.2,7.3,8.5,7.6,17.5,5.5,9.8,130.0,0,0,0,0,0,0
56.5,57.0,56.0,45.1,42.8,47.4,57.9,57.0,58.8,18.9,16.2,21.6,0.756,9.28,0.244,8.68,8.18,13.0,0.225,6.14,4.52,0.0367,0.375,0.639,45.2,35.0,95,35,600,5.2,16.1,7.7,8.4,10.0,8.7,7.9,9.7,7.1,8.7,6.9,15.0,4.3,11.6,127.0,0,0,0,0,0,0
68.4,66.2,70.6,52.7,52.8,52.6,68.0,68.2,67.8,20.8,18.0,23.6,0.764,9.19,0.255,8.42,8.19,13.5,0.233,5.95,4.4,0.0366,0.368,0.626,91.6,72.0,140,62,800,15.2,23.2,10.5,10.3,9.7,10.4,10.1,12.3,9.0,12.2,8.9,22.7,8.7,15.7,179.0,0,0,0,0,0,0
67.3,67.6,67.0,50.4,53.0,47.8,65.7,64.0,67.4,20.1,19.0,21.2,0.827,9.6,0.278,8.42,8.41,14.3,0.252,6.14,4.58,0.0367,0.339,0.646,87.5,71.0,170,70,800,6.3,22.5,10.0,10.6,10.8,10.6,12.6,10.2,10.7,12.0,10.7,23.7,9.0,17.2,177.0,0,0,0,0,0,0
65.5,64.2,66.8,51.1,51.0,51.2,61.6,62.4,60.8,19.5,17.0,22.0,0.848,9.66,0.282,8.48,8.6,15.0,0.262,6.06,4.81,0.0369,0.341,0.662,86.8,70.0,220,66,800,6.6,22.9,10.9,10.4,9.7,10.0,11.3,9.3,11.3,11.9,10.7,22.9,7.9,15.7,172.0,0,0,0,0,0,0
67.3,66.4,68.2,54.1,54.0,54.2,64.2,62.8,65.6,21.2,17.8,24.6,0.852,9.77,0.299,8.51,8.89,15.1,0.272,6.38,4.96,0.0358,0.343,0.684,84.5,70.0,170,68,800,7.9,23.5,11.0,11.0,12.5,10.0,10.9,12.3,11.3,10.1,9.7,22.2,6.8,13.1,172.0,0,0,0,0,0,0
63.2,62.4,64.0,51.2,51.0,51.4,63.7,63.0,64.4,20.2,22.4,18.0,0.937,10.1,0.312,8.88,9.02,15.7,0.288,6.43,5.27,0.0369,0.351,0.71,81.6,68.0,150,57,800,5.0,23.6,11.5,12.6,10.3,10.4,12.1,11.1,9.8,10.6,12.2,25.8,10.7,15.6,181.0,0,0,0,0,0,0
71.4,71.4,71.4,51.8,51.8,51.8,65.2,64.6,65.8,21.9,21.4,22.4,0.97,10.3,0.327,8.84,9.16,15.9,0.3,6.6,5.37,0.0362,0.404,0.735,79.9,66.0,160,58,800,7.3,20.9,9.9,12.6,12.2,11.2,12.1,10.7,9.7,9.9,12.4,22.4,7.0,14.5,173.0,0,0,0,0,0,0
67.8,66.6,69.0,50.8,52.2,49.4,65.2,65.4,65.0,20.4,21.8,19.0,1.03,11.0,0.351,9.46,10.2,17.4,0.327,7.07,5.75,0.0377,0.428,0.783,79.2,67.0,170,67,800,7.2,21.7,13.6,9.4,12.3,10.4,9.9,10.4,9.5,13.7,11.5,24.8,9.0,15.9,179.0,0,0,0,0,0,0
72.0,68.0,76.0,52.0,51.0,53.0,67.2,68.6,65.8,20.2,22.0,18.4,0.946,10.7,0.314,8.97,9.43,16.9,0.3,6.52,5.5,0.0366,0.406,0.709,262.0,200.0,1.20000,400,1000,20.5,23.9,12.0,11.9,11.4,11.9,11.9,10.3,11.8,12.4,11.3,23.2,8.6,16.5,198.0,0,0,0,0,0,0
71.5,72.0,71.0,54.9,54.6,55.2,67.2,66.6,67.8,21.1,25.0,17.2,0.94,10.7,0.316,9.04,9.41,17.1,0.307,6.53,5.63,0.0355,0.406,0.699,261.0,210.0,520,210,1000,9.6,26.2,12.2,12.6,11.7,15.7,14.2,13.9,12.1,13.6,15.3,30.8,9.8,17.4,215.0,0,0,0,0,0,0
70.0,69.2,70.8,52.8,50.0,55.6,63.3,62.4,64.2,20.4,19.0,21.8,0.924,10.8,0.312,9.23,9.4,17.4,0.3,6.53,5.64,0.0362,0.367,0.728,265.0,200.0,980,110,1000,7.4,27.3,11.3,13.2,13.7,14.7,11.9,11.2,13.4,12.8,11.6,22.9,7.4,18.5,197.0,0,0,0,0,0,0
70.8,66.0,75.6,51.6,52.2,51.0,66.7,67.2,66.2,21.6,25.2,18.0,0.952,11.0,0.326,9.35,9.42,17.6,0.313,6.55,5.74,0.0371,0.367,0.728,283.0,220.0,750,330,1000,9.5,27.7,12.6,11.8,13.5,13.4,12.9,11.9,12.7,12.1,13.2,28.5,10.2,20.2,210.0,0,0,0,0,0,0
69.8,68.6,71.0,51.2,51.8,50.6,72.9,71.0,74.8,21.5,22.4,20.6,0.964,10.8,0.336,9.41,9.18,17.5,0.329,6.58,5.9,0.0353,0.362,0.748,268.0,210.0,380,150,1000,7.4,28.9,14.2,13.5,11.2,13.1,15.1,11.8,13.9,13.4,11.3,26.5,9.9,17.7,208.0,0,0,0,0,0,0
72.2,71.8,72.6,51.4,51.4,51.4,66.9,66.2,67.6,19.9,17.6,22.2,1.03,11.5,0.349,9.87,9.97,18.7,0.346,6.85,6.2,0.0372,0.42,0.797,278.0,220.0,780,300,1000,8.6,24.6,11.6,13.8,11.4,13.1,14.1,12.6,14.3,12.7,13.5,25.9,9.1,20.0,205.0,0,0,0,0,0,0
69.2,69.6,68.8,35.5,35.4,35.6,71.2,72.0,70.4,19.2,22.2,16.2,1.17,12.9,0.392,11.1,11.1,21.1,0.387,7.83,7.0,0.0363,0.461,0.897,273.0,220.0,520,210,1000,9.3,28.6,12.6,14.1,13.5,13.0,14.7,11.7,11.2,11.0,12.3,26.6,8.9,18.6,206.0,0,0,0,0,0,0
50.0,50.4,49.6,45.6,44.2,47.0,55.4,54.0,56.8,19.4,21.6,17.2,0.523,6.92,0.174,6.25,6.01,8.47,0.149,4.56,3.14,0.0364,0.262,0.469,49.0,37.0,120,35,600,28.2,14.3,7.8,8.7,7.9,8.7,10.4,7.7,7.6,8.5,8.0,16.7,7.0,11.4,153.0,0,0,0,0,0,0
53.6,55.0,52.2,45.3,45.4,45.2,58.4,57.4,59.4,20.8,20.8,20.8,0.555,7.33,0.185,6.47,6.33,8.79,0.16,4.67,3.34,0.0373,0.267,0.485,46.0,35.0,90,31,600,4.2,17.1,8.6,8.9,7.7,8.8,8.0,8.8,9.6,7.9,7.7,17.8,6.0,9.4,131.0,0,0,0,0,0,0
54.5,53.2,55.8,43.8,42.6,45.0,59.6,61.2,58.0,18.6,16.2,21.0,0.575,7.53,0.191,6.66,6.45,9.15,0.166,4.95,3.51,0.0384,0.277,0.51,45.0,34.0,100,31,600,6.4,16.5,9.3,8.6,8.6,8.8,6.8,7.4,7.7,7.6,7.7,18.5,5.2,11.0,130.0,0,0,0,0,0,0
51.8,51.2,52.4,47.8,50.0,45.6,58.4,58.4,58.4,21.0,22.2,19.8,0.602,7.76,0.195,6.98,6.71,9.74,0.178,5.07,3.65,0.0383,0.328,0.536,43.7,33.0,86,30,600,5.8,14.8,9.9,7.6,9.1,9.7,8.2,8.4,6.4,7.0,8.2,17.5,3.5,11.0,127.0,0,0,0,0,0,0
52.3,53.2,51.4,45.2,45.4,45.0,60.8,61.2,60.4,19.6,21.4,17.8,0.642,8.05,0.207,7.27,7.04,10.0,0.188,5.28,3.88,0.0364,0.338,0.552,43.3,33.0,93,31,600,6.5,16.1,8.4,9.0,9.2,7.4,8.1,8.6,9.6,9.0,8.1,17.2,7.2,10.3,135.0,0,0,0,0,0,0
52.6,51.4,53.8,46.7,45.6,47.8,61.8,62.0,61.6,19.5,18.6,20.4,0.705,8.42,0.22,7.5,7.2,10.4,0.2,5.53,4.03,0.0364,0.353,0.584,43.7,34.0,110,37,600,6.0,16.6,7.6,9.4,9.4,8.8,8.6,7.1,7.4,8.3,8.5,18.3,6.7,11.6,134.0,0,0,0,0,0,0
54.2,54.0,54.4,44.8,47.2,42.4,61.7,60.8,62.6,19.5,17.0,22.0,0.747,8.88,0.232,7.93,7.34,10.8,0.215,5.67,4.22,0.0374,0.367,0.597,43.4,33.0,91,32,600,6.9,18.0,8.7,9.4,8.9,7.2,6.1,6.7,9.4,8.9,8.4,16.3,6.2,11.8,133.0,0,0,0,0,0,0
52.6,52.0,53.2,45.1,46.4,43.8,59.3,60.6,58.0,21.1,19.8,22.4,0.8,9.42,0.248,8.56,8.07,11.7,0.227,6.17,4.57,0.0382,0.391,0.648,43.3,34.0,98,35,600,6.0,16.9,7.9,7.9,8.6,9.1,8.6,8.7,6.9,8.7,8.1,15.1,5.1,12.8,130.0,0,0,0,0,0,0
64.9,64.8,65.0,51.8,54.2,49.4,70.9,70.2,71.6,19.9,23.6,16.2,0.772,9.45,0.235,8.21,7.86,11.6,0.214,6.0,4.28,0.0369,0.387,0.609,76.8,60.0,230,84,800,52.3,19.3,10.3,8.8,9.3,8.9,9.4,9.9,8.0,10.6,8.6,17.0,5.8,11.7,190.0,0,0,0,0,0,0
61.0,60.6,61.4,52.6,51.0,54.2,66.2,66.0,66.4,19.7,21.0,18.4,0.803,9.62,0.248,8.26,8.0,12.0,0.225,6.01,4.49,0.0372,0.394,0.624,66.8,52.0,100,41,800,10.8,23.8,9.4,9.7,11.2,10.4,11.2,10.9,11.7,8.3,12.1,22.6,7.0,15.1,174.0,0,0,0,0,0,0
57.7,58.2,57.2,50.8,50.2,51.4,64.0,63.8,64.2,20.6,22.2,19.0,0.83,9.91,0.252,8.56,8.12,12.4,0.226,6.33,4.71,0.0371,0.359,0.646,63.6,49.0,140,43,800,8.1,23.3,11.8,11.7,9.8,12.2,11.0,10.9,12.9,10.5,10.0,23.4,7.6,16.8,180.0,0,0,0,0,0,0
58.0,57.4,58.6,52.1,54.2,50.0,65.5,64.8,66.2,20.0,18.0,22.0,0.827,9.88,0.256,8.9,8.32,12.6,0.23,6.32,4.76,0.0373,0.365,0.66,61.8,48.0,120,42,800,7.8,24.4,11.4,11.3,10.3,10.2,10.7,11.2,10.1,11.2,9.6,22.2,7.4,15.1,173.0,0,0,0,0,0,0
59.5,60.6,58.4,54.0,53.2,54.8,66.8,64.8,68.8,20.3,23.0,17.6,0.835,10.1,0.254,8.81,8.54,13.2,0.236,6.63,4.99,0.036,0.369,0.669,59.9,47.0,110,40,800,7.3,22.8,10.2,11.0,11.3,10.3,10.7,10.7,11.0,10.5,12.2,21.3,7.2,13.7,170.0,0,0,0,0,0,0
60.7,62.2,59.2,54.5,53.4,55.6,66.8,65.6,68.0,20.7,19.2,22.2,0.833,10.3,0.261,9.01,8.69,13.6,0.244,6.66,5.14,0.0372,0.368,0.689,58.6,46.0,120,41,800,5.5,22.1,10.7,9.4,12.4,11.0,10.6,11.6,12.1,12.7,9.5,22.3,6.8,13.9,171.0,0,0,0,0,0,0
62.1,62.4,61.8,50.6,50.4,50.8,67.9,67.4,68.4,21.9,23.6,20.2,0.888,10.7,0.273,9.13,9.04,13.8,0.258,6.8,5.3,0.0379,0.431,0.708,57.6,46.0,110,44,800,9.4,23.8,10.5,11.2,9.4,10.6,10.6,11.4,9.1,12.5,10.5,21.6,7.8,15.3,174.0,0,0,0,0,0,0
61.6,62.0,61.2,51.8,53.4,50.2,68.4,67.8,69.0,20.3,21.2,19.4,0.925,11.3,0.286,9.87,9.66,15.0,0.268,7.3,5.75,0.0361,0.453,0.769,57.1,45.0,110,44,800,8.0,24.3,10.2,11.0,9.1,11.1,10.7,10.9,10.4,10.7,10.0,22.9,6.1,15.9,171.0,0,0,0,0,0,0
55.9,56.2,55.6,26.5,25.0,28.0,66.4,65.2,67.6,19.0,19.6,18.4,1.01,12.6,0.309,11.0,10.6,16.8,0.294,8.11,6.42,0.0372,0.488,0.852,56.2,45.0,110,39,800,7.8,22.8,10.4,9.0,12.8,11.2,10.7,11.7,10.7,10.3,12.8,21.5,5.6,15.5,173.0,0,0,0,0,0,0
66.4,66.6,66.2,58.2,59.4,57.0,69.3,68.4,70.2,19.7,15.0,24.4,0.908,11.3,0.269,9.78,8.88,14.9,0.252,6.94,5.64,0.0369,0.438,0.746,146.0,98.0,340,72,1000,14.8,28.3,12.8,14.6,12.5,13.2,14.2,12.3,14.1,12.6,13.3,28.1,9.9,17.1,218.0,0,0,0,0,0,0
71.0,71.8,70.2,56.0,55.8,56.2,65.4,63.2,67.6,21.8,21.0,22.6,0.896,11.3,0.284,9.97,8.94,15.5,0.252,6.96,5.72,0.0359,0.433,0.742,150.0,100.0,430,120,1000,9.2,28.5,12.4,10.7,10.9,14.6,13.5,13.4,14.8,13.9,15.0,27.2,8.9,17.9,211.0,0,0,0,0,0,0
66.9,67.4,66.4,56.4,55.8,57.0,72.3,71.0,73.6,19.9,17.6,22.2,0.935,11.5,0.282,10.2,9.13,16.1,0.267,7.01,5.9,0.037,0.439,0.76,144.0,100.0,290,98,1000,11.0,28.1,13.2,11.3,14.2,15.6,12.8,11.5,13.3,12.8,14.0,30.5,9.5,18.6,216.0,0,0,0,0,0,0
69.8,71.2,68.4,57.0,55.8,58.2,72.9,73.0,72.8,20.1,17.2,23.0,0.925,11.6,0.295,10.4,8.94,16.3,0.264,7.04,6.03,0.0379,0.393,0.771,136.0,96.0,200,80,1000,9.8,26.4,13.7,13.5,16.0,12.7,11.5,13.5,13.7,12.9,13.9,24.7,7.5,19.4,209.0,0,0,0,0,0,0
67.6,67.8,67.4,55.7,55.2,56.2,66.7,65.4,68.0,21.1,21.4,20.8,0.99,11.5,0.302,10.2,8.91,16.6,0.277,7.19,6.26,0.0369,0.393,0.77,138.0,98.0,420,110,1000,8.4,26.4,13.1,13.3,16.3,12.3,13.4,10.5,15.4,12.6,14.5,27.4,8.8,17.4,210.0,0,0,0,0,0,0
69.0,67.6,70.4,56.0,56.2,55.8,69.0,68.0,70.0,20.3,19.8,20.8,1.04,12.1,0.326,10.9,9.62,18.0,0.295,7.51,6.61,0.038,0.463,0.854,138.0,99.0,390,100,1000,8.5,31.3,14.8,12.6,13.1,12.4,13.0,14.4,12.6,14.7,13.1,26.9,8.6,19.5,216.0,0,0,0,0,0,0
69.4,68.8,70.0,37.0,36.8,37.2,71.7,73.0,70.4,21.3,22.4,20.2,1.16,13.6,0.359,12.3,10.7,20.2,0.336,8.5,7.43,0.0372,0.502,0.962,134.0,98.0,200,89,1000,9.7,28.1,14.1,13.3,13.1,13.5,12.9,12.0,15.0,13.9,12.3,29.6,8.2,20.1,216.0,0,0,0,0,0,0
55.9,56.2,55.6,47.9,47.6,48.2,60.3,57.6,63.0,21.7,19.8,23.6,0.559,6.98,0.18,6.15,6.18,8.34,0.151,4.49,3.16,0.0373,0.266,0.472,47.6,39.0,110,37,600,27.1,17.3,8.6,9.2,8.6,6.0,8.8,9.2,8.1,9.0,9.2,16.8,5.9,11.1,155.0,0,0,0,0,0,0
54.6,53.4,55.8,44.7,44.0,45.4,59.5,58.2,60.8,19.2,22.4,16.0,0.609,7.29,0.188,6.2,6.46,8.88,0.165,4.84,3.42,0.0374,0.283,0.509,46.8,38.0,97,35,600,5.4,16.6,7.2,9.2,7.0,7.2,9.2,6.8,8.7,9.5,8.7,19.1,6.9,11.4,133.0,0,0,0,0,0,0
52.5,52.2,52.8,46.3,45.2,47.4,60.0,60.6,59.4,19.1,17.6,20.6,0.632,7.73,0.195,6.67,6.66,9.27,0.173,5.02,3.6,0.0374,0.292,0.518,45.3,37.0,91,33,600,5.8,16.3,10.1,8.4,8.8,8.2,8.9,7.4,7.4,7.1,8.1,16.9,7.1,11.2,132.0,0,0,0,0,0,0
52.3,52.6,52.0,45.1,43.0,47.2,58.4,57.8,59.0,19.8,23.6,16.0,0.672,7.9,0.204,6.69,7.18,9.69,0.18,5.12,3.7,0.0374,0.349,0.541,44.6,36.0,93,32,600,6.2,18.3,8.3,8.4,9.2,7.9,8.8,7.4,8.0,8.3,9.7,16.6,5.5,11.5,134.0,0,0,0,0,0,0
57.0,58.2,55.8,49.2,47.6,50.8,61.5,61.4,61.6,19.9,17.4,22.4,0.716,8.17,0.219,7.04,7.45,9.97,0.195,5.38,3.88,0.0372,0.361,0.562,44.5,36.0,98,33,600,6.3,15.9,9.4,8.4,9.3,6.8,8.1,8.3,8.1,9.0,7.2,16.1,6.0,10.6,130.0,0,0,0,0,0,0
50.8,50.8,50.8,47.2,47.0,47.4,57.9,59.0,56.8,19.1,22.2,16.0,0.752,8.57,0.23,7.27,7.63,10.5,0.209,5.53,4.1,0.0373,0.369,0.585,43.9,35.0,88,32,600,5.6,15.9,8.6,7.7,8.8,7.7,8.8,9.6,8.8,7.2,8.3,19.6,7.1,12.2,136.0,0,0,0,0,0,0
54.0,53.4,54.6,44.6,42.2,47.0,59.3,58.4,60.2,19.9,17.8,22.0,0.77,8.85,0.241,7.42,7.91,11.0,0.22,5.76,4.27,0.0363,0.375,0.608,43.3,35.0,86,31,600,5.5,16.1,7.8,9.7,8.4,7.9,9.2,7.6,6.9,7.5,9.4,15.7,4.9,11.9,129.0,0,0,0,0,0,0
53.7,53.4,54.0,43.2,43.4,43.0,59.5,58.2,60.8,19.7,17.0,22.4,0.84,9.5,0.257,8.03,8.69,12.0,0.235,6.3,4.61,0.0375,0.396,0.668,43.1,34.0,94,33,600,5.3,16.5,7.5,8.5,7.4,7.1,8.0,8.9,9.0,8.4,7.6,17.5,5.7,12.0,129.0,0,0,0,0,0,0
67.0,67.6,66.4,51.2,51.0,51.4,70.6,70.4,70.8,19.7,16.8,22.6,0.776,9.38,0.232,7.72,8.18,11.7,0.215,5.86,4.43,0.0364,0.375,0.625,90.8,68.0,300,100,800,48.7,21.4,8.4,8.6,8.0,8.5,9.5,9.5,10.9,8.9,9.9,19.9,5.8,11.4,189.0,0,0,0,0,0,0
60.2,57.4,63.0,54.6,52.4,56.8,66.7,64.0,69.4,20.4,21.0,19.8,0.794,9.61,0.249,7.97,8.13,12.0,0.222,6.01,4.46,0.0363,0.331,0.637,78.2,58.0,120,45,800,12.3,24.1,9.8,10.1,9.6,11.1,12.8,11.2,10.3,11.9,12.5,25.4,8.0,15.9,185.0,0,0,0,0,0,0
60.6,60.0,61.2,53.7,53.8,53.6,64.6,64.8,64.4,20.2,17.8,22.6,0.806,9.75,0.256,8.22,8.34,12.5,0.234,6.24,4.72,0.0382,0.336,0.677,71.5,54.0,110,44,800,8.4,23.7,10.4,9.4,11.8,11.8,11.2,12.0,9.5,9.0,10.4,21.6,8.3,13.9,171.0,0,0,0,0,0,0
68.1,68.4,67.8,53.1,50.8,55.4,68.9,68.2,69.6,20.4,22.2,18.6,0.836,9.85,0.263,8.39,8.36,13.2,0.246,6.24,4.84,0.0374,0.345,0.684,71.7,54.0,200,55,800,7.0,21.8,10.9,10.8,10.9,10.5,10.2,11.1,11.4,12.0,10.9,25.2,7.6,13.8,174.0,0,0,0,0,0,0
59.5,60.2,58.8,52.4,53.4,51.4,65.8,66.8,64.8,19.4,21.2,17.6,0.878,10.2,0.268,8.53,8.47,13.4,0.248,6.46,5.13,0.0371,0.355,0.712,68.2,52.0,110,42,800,6.6,24.5,11.5,11.2,9.8,12.4,10.8,9.4,10.7,12.8,12.0,24.2,8.1,16.2,180.0,0,0,0,0,0,0
58.5,58.0,59.0,51.9,51.6,52.2,66.2,64.8,67.6,19.8,17.0,22.6,0.926,10.4,0.284,8.92,8.69,13.8,0.256,6.67,5.28,0.037,0.369,0.714,65.8,51.0,110,42,800,7.4,20.3,11.0,9.7,10.6,10.8,10.6,11.5,12.6,12.4,10.6,22.8,7.4,14.3,172.0,0,0,0,0,0,0
62.3,62.8,61.8,54.5,55.8,53.2,67.5,66.8,68.2,21.5,19.2,23.8,0.926,10.7,0.292,9.33,8.89,14.3,0.267,6.87,5.45,0.0369,0.433,0.743,65.5,51.0,160,52,800,6.9,23.6,10.2,11.3,10.4,10.5,11.2,10.7,11.5,11.0,12.0,22.0,8.3,15.8,175.0,0,0,0,0,0,0
61.8,59.6,64.0,51.7,50.2,53.2,70.0,71.2,68.8,19.0,15.2,22.8,1.0,11.3,0.313,10.1,9.59,15.5,0.288,7.31,5.89,0.0368,0.455,0.82,64.4,51.0,130,44,800,8.7,21.5,10.5,11.7,13.7,10.7,9.5,11.3,9.7,12.3,9.7,24.6,7.8,14.4,176.0,0,0,0,0,0,0
56.1,57.0,55.2,27.0,30.2,23.8,66.8,65.8,67.8,20.0,22.8,17.2,1.15,12.5,0.347,11.1,10.6,17.2,0.324,8.27,6.54,0.036,0.498,0.903,63.8,50.0,160,46,800,7.4,24.5,10.8,10.4,10.3,8.5,10.4,9.6,10.1,12.7,10.4,23.6,9.1,15.8,174.0,0,0,0,0,0,0
68.8,69.2,68.4,55.5,53.8,57.2,69.7,68.2,71.2,22.0,21.0,23.0,0.926,11.2,0.274,9.51,8.99,14.8,0.247,6.82,5.53,0.0382,0.438,0.719,147.0,100.0,590,200,1000,33.7,24.3,10.9,10.7,11.6,12.4,12.1,13.5,10.9,11.6,12.6,25.5,6.8,17.0,214.0,0,0,0,0,0,0
67.6,66.8,68.4,55.6,55.8,55.4,68.9,69.8,68.0,20.9,19.2,22.6,0.91,11.5,0.277,9.67,9.25,15.3,0.253,6.87,5.7,0.0364,0.448,0.745,143.0,100.0,310,100,1000,12.0,29.1,16.1,13.9,14.4,13.7,10.7,12.3,13.4,12.5,15.5,28.4,9.4,18.9,220.0,0,0,0,0,0,0
71.3,72.4,70.2,55.1,54.4,55.8,70.9,70.8,71.0,20.4,23.2,17.6,0.922,11.5,0.278,9.68,9.21,15.6,0.26,7.02,5.72,0.0374,0.446,0.764,130.0,96.0,170,75,1000,10.6,31.9,13.9,12.4,14.2,14.5,13.8,12.8,13.0,12.2,13.2,28.0,8.5,18.4,217.0,0,0,0,0,0,0
69.1,68.4,69.8,59.4,60.2,58.6,69.4,69.6,69.2,22.0,22.0,22.0,0.937,11.5,0.289,9.74,9.44,16.2,0.262,7.09,6.01,0.0374,0.395,0.757,129.0,96.0,300,100,1000,8.3,30.3,16.8,11.7,12.2,13.5,13.2,13.2,13.9,12.8,13.6,25.7,9.5,18.1,213.0,0,0,0,0,0,0
70.6,69.0,72.2,53.4,51.8,55.0,71.3,70.4,72.2,21.3,21.2,21.4,0.979,11.8,0.29,9.76,9.61,16.5,0.272,7.1,6.07,0.0374,0.395,0.792,129.0,97.0,360,99,1000,8.0,28.4,13.6,10.7,15.2,11.8,13.8,12.6,13.0,13.5,13.5,26.5,8.4,17.9,207.0,0,0,0,0,0,0
68.3,67.4,69.2,57.0,55.8,58.2,71.6,70.2,73.0,20.4,17.2,23.6,0.96,11.6,0.294,9.83,9.54,16.9,0.266,7.23,6.27,0.0362,0.46,0.795,133.0,98.0,410,110,1000,9.7,28.9,13.2,15.2,13.5,12.8,12.7,13.2,14.2,13.6,14.1,29.5,10.0,17.1,218.0,0,0,0,0,0,0
67.4,65.2,69.6,54.6,55.0,54.2,68.5,67.6,69.4,20.8,22.4,19.2,1.02,12.4,0.312,10.4,10.2,18.2,0.299,7.52,6.71,0.0373,0.48,0.853,134.0,98.0,420,91,1000,8.3,28.5,12.5,13.5,15.0,14.5,14.4,12.3,14.3,13.6,12.6,26.8,8.5,17.2,212.0,0,0,0,0,0,0
70.8,69.4,72.2,35.0,33.2,36.8,73.2,73.0,73.4,20.2,17.0,23.4,1.14,13.7,0.341,11.7,11.4,20.2,0.333,8.47,7.43,0.0373,0.525,0.948,133.0,98.0,290,110,1000,8.3,26.0,13.9,13.9,12.7,13.8,12.9,13.7,13.8,13.9,12.7,25.8,8.7,19.7,210.0,0,0,0,0,0,0
50.6,51.4,49.8,46.4,48.0,44.8,59.0,60.0,58.0,19.2,16.6,21.8,0.53,7.14,0.169,6.4,5.91,8.32,0.152,4.46,3.2,0.0368,0.259,0.47,49.1,39.0,130,36,600,26.6,17.0,8.7,7.6,8.0,7.6,8.8,8.8,7.9,7.2,9.3,17.5,4.6,10.9,151.0,0,0,0,0,0,0
53.6,53.8,53.4,47.3,47.0,47.6,57.6,56.8,58.4,20.1,18.6,21.6,0.555,7.29,0.18,6.6,6.2,8.61,0.16,4.68,3.46,0.0379,0.271,0.478,47.0,37.0,100,33,600,6.2,14.0,8.7,9.9,8.7,8.0,8.2,7.8,6.9,7.9,7.5,18.1,5.1,11.5,129.0,0,0,0,0,0,0
53.0,53.2,52.8,45.9,46.8,45.0,58.0,57.4,58.6,19.7,21.6,17.8,0.583,7.72,0.185,6.77,6.44,9.26,0.171,4.95,3.58,0.036,0.277,0.508,45.7,36.0,95,32,600,5.6,16.6,8.6,9.2,8.4,6.8,8.3,9.3,7.8,9.2,9.6,18.8,6.7,10.8,136.0,0,0,0,0,0,0
51.7,51.4,52.0,46.1,46.0,46.2,57.7,54.4,61.0,20.4,19.4,21.4,0.618,8.05,0.194,6.98,6.64,9.67,0.178,5.04,3.78,0.0371,0.353,0.534,45.2,35.0,96,35,600,4.9,17.5,6.5,6.6,7.4,9.6,9.2,8.5,9.5,7.6,8.0,19.1,5.5,11.6,132.0,0,0,0,0,0,0
55.0,57.0,53.0,46.2,46.2,46.2,58.3,58.0,58.6,19.7,21.6,17.8,0.651,8.26,0.202,7.26,7.05,10.1,0.188,5.32,3.98,0.0378,0.359,0.552,44.5,35.0,92,32,600,5.1,18.8,8.0,7.7,6.8,9.1,8.7,9.1,7.1,7.8,9.6,17.6,5.3,12.4,133.0,0,0,0,0,0,0
54.3,53.0,55.6,47.6,46.2,49.0,59.7,60.0,59.4,20.9,18.2,23.6,0.693,8.61,0.217,7.52,7.32,10.6,0.196,5.6,4.22,0.0361,0.365,0.582,44.1,35.0,92,35,600,6.3,15.9,9.4,8.2,8.1,8.4,7.9,7.9,9.9,8.6,7.8,18.5,6.1,11.5,135.0,0,0,0,0,0,0
53.3,53.6,53.0,45.3,45.6,45.0,59.6,59.2,60.0,19.9,23.2,16.6,0.733,8.77,0.227,7.7,7.65,11.0,0.207,5.72,4.37,0.0378,0.378,0.608,43.7,35.0,88,33,600,4.5,16.9,7.3,8.5,7.1,9.3,7.8,8.2,8.3,8.2,7.8,18.3,6.1,12.4,131.0,0,0,0,0,0,0
50.7,52.0,49.4,48.1,46.6,49.6,57.1,58.8,55.4,19.5,18.6,20.4,0.788,9.5,0.246,8.37,8.29,12.2,0.229,6.34,4.83,0.0371,0.4,0.674,43.3,34.0,90,31,600,5.3,17.7,7.0,8.5,7.9,7.6,8.6,8.6,9.3,9.6,7.1,18.0,5.4,10.5,131.0,0,0,0,0,0,0
70.1,69.6,70.6,52.3,53.2,51.4,68.0,68.4,67.6,20.4,20.6,20.2,0.744,9.24,0.229,7.85,7.85,11.8,0.218,5.95,4.53,0.0363,0.384,0.613,77.2,64.0,230,86,800,50.0,20.2,9.8,7.8,9.9,10.8,9.3,9.9,9.3,8.2,11.2,18.2,5.3,10.9,191.0,0,0,0,0,0,0
61.1,60.8,61.4,54.4,56.6,52.2,65.3,66.0,64.6,21.5,21.0,22.0,0.786,9.43,0.238,8.05,8.16,12.2,0.23,6.1,4.67,0.0374,0.337,0.636,67.5,55.0,110,41,800,11.2,21.1,8.9,10.9,10.6,11.3,12.3,10.6,10.1,12.3,12.0,24.6,8.2,15.3,179.0,0,0,0,0,0,0
62.0,61.8,62.2,51.3,52.0,50.6,64.2,64.4,64.0,20.4,21.8,19.0,0.832,9.79,0.255,8.3,8.2,12.7,0.244,6.13,4.81,0.0376,0.345,0.638,64.1,52.0,120,46,800,6.9,22.6,12.8,10.5,11.2,10.1,10.4,10.4,12.8,9.7,10.1,22.9,6.7,16.1,173.0,0,0,0,0,0,0
62.7,61.6,63.8,52.9,50.6,55.2,69.9,67.4,72.4,22.1,20.0,24.2,0.859,9.73,0.261,8.35,8.55,13.1,0.249,6.29,4.89,0.0376,0.355,0.668,65.6,53.0,200,56,800,6.1,20.8,10.6,11.2,10.5,11.4,9.8,10.1,11.5,13.9,10.4,24.5,8.5,15.4,175.0,0,0,0,0,0,0
65.0,66.2,63.8,53.3,52.8,53.8,64.5,66.0,63.0,19.8,16.8,22.8,0.868,10.1,0.262,8.61,8.64,13.3,0.249,6.48,5.1,0.0384,0.366,0.683,63.0,51.0,110,42,800,7.4,20.7,10.7,12.0,12.3,11.3,11.9,11.1,9.6,9.6,9.2,23.6,8.0,14.3,172.0,0,0,0,0,0,0
62.7,62.4,63.0,51.8,50.4,53.2,64.4,64.8,64.0,20.3,21.8,18.8,0.886,10.2,0.272,8.87,8.92,13.9,0.252,6.68,5.13,0.0384,0.376,0.702,61.4,50.0,110,42,800,8.5,24.9,10.7,11.4,10.9,10.4,11.6,9.2,9.6,11.0,11.3,21.6,6.4,13.7,171.0,0,0,0,0,0,0
63.0,62.0,64.0,53.6,55.0,52.2,65.9,67.4,64.4,20.8,18.2,23.4,0.917,10.4,0.272,8.91,9.11,14.3,0.255,6.71,5.35,0.0374,0.45,0.712,60.6,50.0,120,46,800,7.9,20.3,9.7,10.9,9.7,10.6,12.3,11.6,12.8,10.5,11.9,23.3,6.7,14.3,173.0,0,0,0,0,0,0
60.8,60.2,61.4,54.4,54.8,54.0,65.8,66.4,65.2,20.4,21.8,19.0,0.977,11.3,0.292,9.77,9.97,15.5,0.277,7.37,5.8,0.0373,0.472,0.793,60.1,49.0,130,48,800,6.2,25.9,11.7,10.0,11.4,11.1,12.2,10.6,11.1,11.4,10.5,24.5,7.0,13.8,177.0,0,0,0,0,0,0
72.3,72.6,72.0,51.1,49.2,53.0,71.7,72.4,71.0,20.5,19.0,22.0,0.924,11.0,0.271,9.31,9.17,14.7,0.256,6.93,5.48,0.0371,0.455,0.724,91.9,68.0,320,91,800,49.1,17.9,8.9,8.1,8.7,9.6,9.0,10.1,7.4,7.9,9.9,16.6,5.4,11.9,181.0,0,0,0,0,0,0
69.9,68.4,71.4,56.0,56.0,56.0,68.0,65.4,70.6,21.2,23.4,19.0,0.913,11.2,0.278,9.27,9.31,14.8,0.254,6.91,5.61,0.037,0.448,0.722,155.0,110.0,540,210,1000,32.3,26.0,10.8,10.3,10.1,11.4,13.7,13.3,10.0,11.8,10.7,23.8,8.6,17.3,210.0,0,0,0,0,0,0
67.7,70.6,64.8,56.4,57.0,55.8,66.5,68.6,64.4,20.8,23.0,18.6,0.908,11.2,0.279,9.49,9.26,15.3,0.269,7.02,5.77,0.036,0.454,0.735,154.0,110.0,370,110,1000,13.2,29.7,12.6,15.8,14.7,13.9,12.2,13.0,13.9,12.9,13.1,28.8,9.1,18.5,221.0,0,0,0,0,0,0
69.8,69.2,70.4,55.3,55.0,55.6,72.1,70.8,73.4,21.3,23.4,19.2,0.961,11.3,0.298,9.64,9.17,15.7,0.284,7.06,5.91,0.0371,0.453,0.752,146.0,110.0,290,99,1000,8.3,26.7,13.8,15.2,15.2,12.4,11.6,11.6,12.6,12.3,14.3,29.0,11.1,17.1,211.0,0,0,0,0,0,0
68.8,69.4,68.2,57.9,58.6,57.2,68.4,66.8,70.0,20.1,16.2,24.0,0.997,11.4,0.31,9.82,9.31,16.4,0.298,7.06,5.98,0.0372,0.392,0.783,153.0,110.0,440,180,1000,9.3,26.7,13.2,13.0,15.0,12.9,12.1,14.6,11.7,16.3,14.1,30.9,10.5,16.9,217.0,0,0,0,0,0,0
69.5,70.8,68.2,57.9,57.6,58.2,72.3,73.2,71.4,20.8,19.2,22.4,1.08,11.5,0.32,9.85,9.25,16.8,0.309,7.15,6.19,0.0374,0.4,0.797,147.0,110.0,220,98,1000,8.6,27.7,13.7,13.2,11.4,14.2,13.5,15.2,14.1,14.5,13.9,28.3,10.0,18.1,216.0,0,0,0,0,0,0
67.5,68.0,67.0,55.1,54.8,55.4,72.4,70.4,74.4,20.5,20.2,20.8,1.07,11.7,0.318,10.0,9.41,16.9,0.306,7.24,6.35,0.0371,0.453,0.788,141.0,110.0,240,88,1000,9.9,29.9,13.2,13.4,12.1,15.1,13.8,10.6,10.5,13.2,14.2,25.6,8.0,20.5,210.0,0,0,0,0,0,0
67.9,68.8,67.0,55.8,56.3,55.3,70.6,69.6,71.6,20.5,23.4,17.6,1.15,12.3,0.348,10.6,10.0,18.2,0.332,7.55,6.64,0.0371,0.478,0.859,137.0,100.0,240,92,1000,10.1,27.8,14.4,12.6,11.1,15.1,13.5,12.5,12.9,12.4,12.8,26.9,8.7,19.2,210.0,0,0,0,0,0,0
71.6,69.4,73.8,32.5,34.8,30.2,66.5,65.0,68.0,19.9,22.2,17.6,1.28,13.6,0.379,11.8,11.1,20.3,0.362,8.47,7.54,0.0372,0.519,0.963,138.0,110.0,400,120,1000,10.5,24.5,14.0,13.8,13.0,15.0,12.7,13.3,12.5,14.3,14.2,27.7,9.7,17.2,212.0,0,0,0,0,0,0
52.1,50.0,54.2,47.0,45.8,48.2,53.2,52.6,53.8,20.4,21.2,19.6,0.553,7.05,0.175,6.3,6.07,8.5,0.157,4.69,3.4,0.0357,0.264,0.471,47.1,36.0,110,32,600,24.1,19.9,9.1,6.5,8.5,7.1,7.5,9.8,9.0,7.5,8.9,16.8,4.7,11.4,151.0,0,0,0,0,0,0
52.2,52.8,51.6,47.5,48.0,47.0,56.1,53.4,58.8,21.3,23.2,19.4,0.578,7.33,0.187,6.48,6.43,8.93,0.164,4.81,3.59,0.0379,0.276,0.498,44.4,34.0,83,31,600,7.1,17.1,7.4,7.8,8.5,8.0,7.9,9.4,9.6,5.8,7.9,15.6,5.5,11.0,129.0,0,0,0,0,0,0
54.5,56.4,52.6,47.4,47.2,47.6,55.6,54.6,56.6,19.3,17.6,21.0,0.592,7.53,0.19,6.69,6.7,9.18,0.17,5.0,3.71,0.0371,0.284,0.511,43.6,34.0,93,32,600,4.9,18.1,7.2,8.0,9.0,8.6,9.6,6.9,6.8,6.9,9.7,16.5,4.3,12.2,129.0,0,0,0,0,0,0
52.4,53.0,51.8,46.1,45.6,46.6,57.4,58.8,56.0,19.8,20.4,19.2,0.623,7.73,0.195,6.82,6.8,9.65,0.176,5.2,3.86,0.0372,0.348,0.532,42.9,33.0,93,30,600,6.9,18.2,7.5,10.2,8.8,9.1,7.3,7.9,9.3,7.0,6.1,18.2,6.3,10.6,133.0,0,0,0,0,0,0
52.7,53.4,52.0,45.7,45.0,46.4,56.1,54.6,57.6,20.6,22.4,18.8,0.632,8.07,0.2,7.03,7.28,9.97,0.179,5.33,3.93,0.0371,0.354,0.546,42.2,32.0,92,29,600,5.8,16.9,7.9,8.4,8.7,8.4,8.6,7.1,8.0,8.8,7.6,15.2,5.2,10.5,127.0,0,0,0,0,0,0
57.2,56.0,58.4,46.1,45.6,46.6,56.7,55.8,57.6,20.9,17.8,24.0,0.667,8.26,0.211,7.2,7.54,10.3,0.191,5.58,4.1,0.038,0.365,0.564,42.2,33.0,92,35,600,5.3,17.9,8.9,6.4,9.0,6.3,7.6,8.6,9.3,8.7,8.6,18.0,5.6,11.8,132.0,0,0,0,0,0,0
52.4,51.2,53.6,45.4,45.0,45.8,57.7,59.0,56.4,21.1,21.6,20.6,0.671,8.51,0.215,7.34,7.84,10.9,0.194,5.69,4.25,0.036,0.373,0.581,41.9,33.0,91,30,600,5.9,14.9,7.8,8.3,8.4,7.8,8.9,8.4,7.8,9.8,8.0,18.9,5.7,10.9,132.0,0,0,0,0,0,0
52.9,49.4,56.4,46.4,46.7,46.1,57.4,58.2,56.6,20.6,21.8,19.4,0.745,9.27,0.237,8.09,8.43,11.9,0.218,6.29,4.61,0.0373,0.398,0.653,41.6,32.0,86,31,600,5.1,16.7,8.0,6.8,9.4,7.1,6.4,8.6,8.7,8.6,9.8,16.2,5.3,11.2,128.0,0,0,0,0,0,0
67.2,67.8,66.6,53.6,53.2,54.0,75.7,75.8,75.6,22.0,23.4,20.6,0.745,9.22,0.234,8.01,7.62,11.8,0.207,5.96,4.47,0.0388,0.391,0.609,88.8,68.0,290,100,800,47.5,18.0,10.1,10.2,8.8,10.7,9.9,8.7,8.9,9.4,10.1,19.6,5.2,11.5,189.0,0,0,0,0,0,0
60.6,60.4,60.8,52.9,53.4,52.4,67.0,67.8,66.2,20.3,22.2,18.4,0.807,9.31,0.237,8.28,7.59,12.0,0.212,6.07,4.54,0.0368,0.344,0.617,76.1,56.0,120,42,800,11.9,20.3,11.3,12.2,9.8,10.5,9.7,11.6,10.5,11.1,13.2,23.4,8.7,15.6,180.0,0,0,0,0,0,0
59.2,59.8,58.6,52.5,51.6,53.4,66.2,66.0,66.4,20.5,22.2,18.8,0.778,9.73,0.238,8.7,7.79,12.3,0.213,6.12,4.71,0.0376,0.346,0.635,69.8,52.0,120,40,800,7.8,21.1,10.2,11.5,11.6,11.0,10.0,12.6,11.9,10.4,10.7,23.0,6.2,14.0,172.0,0,0,0,0,0,0
61.9,62.2,61.6,52.7,53.4,52.0,67.1,66.8,67.4,20.4,20.6,20.2,0.797,9.98,0.248,9.09,7.9,12.8,0.221,6.38,4.99,0.0387,0.361,0.659,66.0,50.0,110,42,800,9.2,25.2,9.2,12.5,9.0,9.2,11.8,11.6,11.5,11.2,9.9,21.3,6.8,15.7,174.0,0,0,0,0,0,0
60.6,61.4,59.8,53.7,52.0,55.4,67.0,65.8,68.2,20.9,25.0,16.8,0.814,10.3,0.254,9.42,8.17,13.2,0.231,6.56,5.07,0.0368,0.367,0.678,62.9,48.0,100,39,800,7.8,22.7,11.0,13.4,11.1,9.5,11.8,10.0,10.0,12.6,10.3,20.8,6.8,13.8,172.0,0,0,0,0,0,0
59.5,56.4,62.6,52.0,50.2,53.8,66.1,67.4,64.8,21.3,18.6,24.0,0.88,10.6,0.268,9.7,8.17,13.5,0.239,6.8,5.2,0.0388,0.38,0.692,61.1,47.0,110,41,800,7.6,23.8,13.1,12.0,11.6,9.2,8.9,9.8,10.4,11.0,11.0,22.0,8.3,15.6,174.0,0,0,0,0,0,0
60.3,61.4,59.2,54.9,53.6,56.2,68.1,68.4,67.8,19.7,21.0,18.4,0.86,10.8,0.264,10.2,8.18,13.9,0.245,6.8,5.36,0.0376,0.446,0.697,60.2,46.0,130,43,800,8.2,23.8,11.5,10.7,10.0,11.0,11.2,9.4,12.2,12.0,11.7,19.8,7.4,17.6,177.0,0,0,0,0,0,0
61.3,61.2,61.4,53.0,53.2,52.8,68.9,67.2,70.6,20.8,19.8,21.8,0.976,11.5,0.292,10.9,8.91,15.4,0.273,7.29,5.75,0.0385,0.474,0.78,60.7,47.0,170,53,800,7.8,22.8,10.4,9.5,10.1,10.8,10.5,9.1,11.3,11.9,13.3,22.4,8.1,15.0,173.0,0,0,0,0,0,0
70.5,72.2,68.8,54.6,54.8,54.4,69.4,68.2,70.6,20.6,23.8,17.4,0.945,10.9,0.278,9.92,8.52,14.9,0.262,7.02,5.73,0.0363,0.452,0.716,154.0,120.0,530,210,1000,31.3,25.6,12.7,11.2,12.4,12.9,13.2,14.0,12.8,12.0,10.5,24.0,8.0,13.8,214.0,0,0,0,0,0,0
70.7,69.4,72.0,58.9,58.0,59.8,72.8,73.8,71.8,22.1,24.2,20.0,0.958,11.3,0.288,9.99,8.76,15.3,0.267,6.96,5.92,0.0363,0.462,0.733,138.0,100.0,220,82,1000,13.9,27.8,14.5,15.4,12.7,15.0,12.5,14.7,14.3,12.8,13.4,31.3,9.8,16.7,225.0,0,0,0,0,0,0
68.7,69.8,67.6,55.9,55.6,56.2,71.7,70.0,73.4,22.2,25.0,19.4,0.978,11.6,0.302,10.2,8.85,15.7,0.266,7.04,6.0,0.0381,0.465,0.753,136.0,110.0,280,110,1000,9.4,26.5,13.9,14.2,12.8,14.0,13.6,15.0,13.4,12.9,12.6,26.6,10.0,20.2,215.0,0,0,0,0,0,0
70.8,72.0,69.6,58.4,57.8,59.0,71.9,72.8,71.0,22.7,20.6,24.8,1.03,11.4,0.308,10.2,8.86,16.3,0.286,7.02,6.2,0.0363,0.44,0.783,133.0,110.0,270,110,1000,10.6,28.6,15.2,14.2,14.4,11.7,11.0,12.4,11.7,13.6,11.2,28.6,11.0,19.5,214.0,0,0,0,0,0,0
69.3,69.8,68.8,55.7,57.4,54.0,70.9,71.0,70.8,20.5,23.0,18.0,1.07,11.6,0.317,10.2,9.07,16.5,0.289,7.16,6.41,0.0382,0.421,0.781,128.0,100.0,210,91,1000,9.4,28.8,13.4,11.7,11.7,14.3,14.3,14.1,14.9,14.3,13.2,29.8,10.4,19.5,220.0,0,0,0,0,0,0
68.8,68.2,69.4,50.8,50.8,50.8,73.4,72.6,74.2,20.7,18.2,23.2,1.1,11.9,0.322,10.3,9.26,17.1,0.296,7.23,6.63,0.0372,0.494,0.798,126.0,100.0,260,94,1000,8.9,29.1,13.6,13.6,14.4,13.5,11.2,12.4,12.9,12.5,14.9,27.4,10.1,18.3,213.0,0,0,0,0,0,0
69.8,69.0,70.6,54.0,53.8,54.2,70.7,70.4,71.0,20.6,19.6,21.6,1.16,12.6,0.354,11.0,9.94,18.3,0.322,7.55,6.98,0.0371,0.516,0.872,129.0,100.0,410,110,1000,9.4,28.6,11.9,14.4,13.5,11.9,12.8,14.0,14.0,12.5,10.4,24.6,8.8,18.2,205.0,0,0,0,0,0,0
70.6,69.2,72.0,34.0,30.2,37.8,73.1,72.4,73.8,20.1,23.4,16.8,1.3,13.9,0.388,12.1,10.9,20.4,0.356,8.58,7.73,0.036,0.564,0.974,127.0,100.0,220,98,1000,9.3,28.0,14.6,12.0,13.5,14.0,12.7,11.9,14.4,13.9,14.0,26.3,8.3,20.3,213.0,0,0,0,0,0,0
54.1,54.2,54.0,45.6,47.0,44.2,48.5,45.8,51.2,21.3,25.0,17.6,0.526,6.88,0.167,6.05,6.12,8.23,0.148,4.43,3.19,0.0358,0.254,0.451,51.1,40.0,130,35,600,25.2,15.9,9.2,9.3,7.8,9.1,8.8,7.9,7.8,9.3,9.7,18.5,5.9,9.7,154.0,0,0,0,0,0,0
55.6,55.8,55.4,45.6,46.2,45.0,50.2,48.8,51.6,19.9,20.2,19.6,0.533,7.14,0.168,6.33,6.38,8.74,0.151,4.7,3.31,0.0375,0.264,0.476,47.0,36.0,87,30,600,5.2,15.6,7.5,9.0,8.2,7.9,8.4,8.1,7.9,8.3,7.5,16.9,3.9,12.0,126.0,0,0,0,0,0,0
52.6,53.4,51.8,46.0,45.0,47.0,49.9,49.0,50.8,19.6,22.0,17.2,0.551,7.53,0.182,6.53,6.57,9.26,0.16,4.94,3.45,0.0376,0.271,0.497,44.5,34.0,83,27,600,5.3,16.2,8.6,8.7,9.2,9.0,7.2,8.2,9.9,7.2,7.2,17.5,5.7,10.8,131.0,0,0,0,0,0,0
54.2,54.0,54.4,49.1,48.0,50.2,53.0,53.0,53.0,20.3,20.4,20.2,0.6,7.6,0.196,6.6,6.98,9.44,0.171,5.0,3.72,0.0365,0.351,0.524,43.4,33.0,89,29,600,5.6,16.9,9.2,7.0,8.7,7.4,8.0,8.2,7.3,9.3,9.0,17.4,5.7,10.5,130.0,0,0,0,0,0,0
54.5,55.2,53.8,48.5,46.2,50.8,51.7,51.0,52.4,19.4,22.0,16.8,0.658,7.92,0.212,6.96,7.28,9.98,0.19,5.34,3.83,0.0376,0.356,0.556,42.6,32.0,90,29,600,4.8,16.9,7.7,7.2,6.0,8.2,9.5,9.1,9.0,8.0,7.5,19.3,7.7,12.3,133.0,0,0,0,0,0,0
52.9,52.4,53.4,47.8,47.6,48.0,49.8,49.8,49.8,19.6,18.4,20.8,0.701,8.24,0.22,7.06,7.63,10.5,0.201,5.48,4.11,0.037,0.367,0.568,42.1,32.0,90,30,600,5.1,16.9,9.4,8.7,8.3,9.4,8.8,8.2,8.0,8.0,9.2,17.5,6.0,11.7,135.0,0,0,0,0,0,0
53.9,52.2,55.6,48.6,48.4,48.8,51.9,51.4,52.4,20.6,20.0,21.2,0.739,8.66,0.23,7.35,7.92,11.0,0.209,5.82,4.34,0.037,0.378,0.589,41.7,32.0,87,31,600,6.7,15.4,7.4,9.1,7.2,8.8,8.5,8.2,8.3,8.4,7.8,17.0,5.7,10.4,129.0,0,0,0,0,0,0
55.8,56.4,55.2,48.3,49.4,47.2,52.0,54.0,50.0,19.7,17.6,21.8,0.805,9.54,0.247,7.99,8.8,12.0,0.229,6.34,4.67,0.0362,0.405,0.663,41.6,32.0,90,32,600,6.8,18.0,7.1,7.6,6.4,6.7,8.7,8.8,8.5,11.5,9.2,17.2,5.1,10.1,132.0,0,0,0,0,0,0
63.6,62.2,65.0,53.2,52.0,54.4,63.0,62.4,63.6,20.0,20.8,19.2,0.785,9.35,0.243,8.0,7.97,11.8,0.22,6.04,4.41,0.0376,0.391,0.611,71.1,60.0,200,83,800,47.5,19.1,9.8,8.9,8.1,9.7,9.4,10.9,8.5,11.5,9.7,18.7,6.6,13.5,192.0,0,0,0,0,0,0
62.6,64.0,61.2,53.0,52.6,53.4,60.8,60.0,61.6,20.2,20.0,20.4,0.82,9.55,0.255,8.32,8.11,12.2,0.232,6.14,4.65,0.0378,0.395,0.639,64.2,53.0,120,40,800,9.4,23.6,11.2,11.8,9.8,10.2,12.0,10.6,11.2,11.7,9.6,22.1,7.2,15.4,176.0,0,0,0,0,0,0
64.0,60.8,67.2,55.1,54.2,56.0,60.2,60.8,59.6,22.4,19.6,25.2,0.81,9.79,0.251,8.5,8.2,12.7,0.231,6.31,4.79,0.0377,0.337,0.659,61.3,50.0,120,44,800,8.0,26.4,9.0,11.7,10.9,10.0,10.8,11.2,10.7,11.3,10.3,25.9,8.8,14.7,180.0,0,0,0,0,0,0
61.1,60.0,62.2,54.5,55.4,53.6,59.6,58.8,60.4,20.1,22.4,17.8,0.827,10.1,0.257,8.79,8.26,13.0,0.234,6.34,4.95,0.0376,0.347,0.665,59.4,48.0,120,42,800,9.5,20.9,11.7,11.9,9.0,10.1,11.1,12.7,10.9,11.1,11.3,24.5,7.3,15.0,177.0,0,0,0,0,0,0
62.2,64.0,60.4,52.5,52.6,52.4,60.5,61.6,59.4,20.7,18.8,22.6,0.847,10.4,0.27,9.3,8.47,13.5,0.246,6.67,5.05,0.0365,0.356,0.707,57.7,47.0,110,40,800,8.4,21.4,11.3,9.4,11.9,9.0,12.5,11.0,11.2,12.1,10.1,22.4,7.3,15.7,174.0,0,0,0,0,0,0
64.3,63.4,65.2,53.1,54.0,52.2,61.3,60.4,62.2,20.3,19.8,20.8,0.929,10.5,0.28,9.41,8.42,13.9,0.266,6.62,5.21,0.0383,0.366,0.713,56.5,46.0,110,40,800,8.0,23.8,11.2,9.6,10.9,10.5,11.8,9.9,10.2,10.5,9.7,21.4,8.0,15.2,171.0,0,0,0,0,0,0
64.8,64.4,65.2,54.5,54.0,55.0,60.2,58.4,62.0,21.3,20.8,21.8,0.927,10.8,0.284,9.83,8.45,14.2,0.266,6.88,5.37,0.0374,0.44,0.737,56.0,46.0,130,43,800,7.0,23.2,11.2,10.1,12.1,10.1,11.7,10.6,11.0,11.3,10.4,23.0,7.9,14.4,174.0,0,0,0,0,0,0
60.8,61.4,60.2,52.4,50.2,54.6,65.2,65.0,65.4,20.6,20.8,20.4,1.02,11.5,0.313,10.7,9.2,15.6,0.296,7.5,5.82,0.0364,0.476,0.812,55.1,45.0,110,40,800,6.8,21.1,12.3,11.8,11.4,11.4,13.3,11.3,11.9,10.4,10.6,25.6,8.9,14.4,181.0,0,0,0,0,0,0
69.8,71.2,68.4,57.1,57.2,57.0,66.2,65.6,66.8,20.7,18.2,23.2,0.942,11.1,0.277,9.86,8.91,15.1,0.264,7.09,5.57,0.0384,0.464,0.74,131.0,100.0,400,190,1000,32.3,26.6,11.6,11.7,12.4,13.4,10.9,13.3,11.2,11.6,11.6,23.8,7.6,17.2,215.0,0,0,0,0,0,0
67.3,64.6,70.0,55.1,55.4,54.8,58.7,60.6,56.8,21.9,23.4,20.4,0.946,11.4,0.282,9.76,9.09,15.6,0.274,7.02,5.55,0.0385,0.461,0.739,146.0,100.0,540,100,1000,12.6,27.1,12.0,12.3,13.6,14.3,13.7,13.0,14.0,11.4,13.1,26.8,8.1,19.5,212.0,0,0,0,0,0,0
69.6,67.4,71.8,54.1,53.8,54.4,62.1,63.0,61.2,21.3,23.0,19.6,0.94,11.3,0.288,10.1,9.16,15.8,0.262,7.09,5.82,0.0385,0.463,0.749,134.0,95.0,210,74,1000,10.0,27.0,14.3,12.0,13.0,11.7,14.4,13.2,12.9,14.2,14.6,28.1,7.5,18.3,211.0,0,0,0,0,0,0
68.8,69.0,68.6,51.7,49.4,54.0,62.5,62.4,62.6,20.7,18.6,22.8,0.923,11.8,0.282,9.84,9.4,16.0,0.258,7.2,5.85,0.0374,0.394,0.763,134.0,96.0,350,98,1000,10.3,27.1,13.3,14.2,14.9,15.0,12.3,15.2,12.5,14.1,10.8,27.8,8.5,19.1,215.0,0,0,0,0,0,0
67.8,68.0,67.6,55.5,55.2,55.8,62.8,64.2,61.4,20.6,21.4,19.8,0.906,11.7,0.295,9.97,9.56,16.4,0.267,7.02,5.96,0.0386,0.39,0.768,147.0,99.0,670,140,1000,9.9,27.1,13.3,12.9,12.5,12.0,13.6,12.2,13.1,13.0,13.6,27.1,9.0,20.4,210.0,0,0,0,0,0,0
69.3,69.0,69.6,54.1,53.4,54.8,63.5,61.8,65.2,20.2,16.4,24.0,0.96,11.6,0.295,9.77,9.62,16.7,0.278,7.01,6.17,0.0367,0.397,0.775,148.0,100.0,340,130,1000,9.3,26.8,13.4,13.0,11.7,14.3,12.4,14.0,13.1,13.8,12.5,25.3,9.4,16.9,206.0,0,0,0,0,0,0
68.3,69.2,67.4,56.4,56.0,56.8,62.2,64.6,59.8,20.6,20.4,20.8,1.01,12.5,0.32,10.3,10.3,18.0,0.297,7.52,6.63,0.0387,0.484,0.845,154.0,110.0,450,170,1000,9.6,29.0,14.1,13.6,14.6,12.1,14.3,13.3,13.8,12.5,12.3,28.7,9.5,17.9,215.0,0,0,0,0,0,0
65.8,67.2,64.4,32.2,28.0,36.4,62.4,62.8,62.0,19.7,18.8,20.6,1.18,13.7,0.361,11.5,11.5,20.3,0.332,8.38,7.38,0.0378,0.528,0.934,152.0,110.0,330,120,1000,8.2,28.6,12.1,15.8,14.1,11.6,13.8,14.3,13.7,13.0,14.7,27.9,10.2,18.4,216.0,0,0,0,0,0,0
52.1,50.6,53.6,44.7,46.2,43.2,50.5,49.8,51.2,20.2,22.8,17.6,0.523,6.95,0.163,6.05,6.04,8.19,0.143,4.56,3.22,0.0362,0.249,0.46,49.4,36.0,150,32,600,23.7,18.6,8.5,7.3,9.2,9.1,8.2,7.1,8.8,8.2,7.1,18.4,6.1,11.0,151.0,0,0,0,0,0,0
52.9,51.2,54.6,45.7,43.2,48.2,48.7,47.0,50.4,19.5,21.0,18.0,0.518,7.21,0.166,6.19,6.47,8.73,0.143,4.68,3.36,0.0381,0.256,0.473,46.0,34.0,86,29,600,5.4,17.8,9.5,7.9,8.6,8.2,8.1,7.7,7.0,7.4,9.8,15.9,4.8,10.8,129.0,0,0,0,0,0,0
55.2,54.4,56.0,47.8,49.6,46.0,52.3,51.4,53.2,21.0,22.8,19.2,0.545,7.48,0.177,6.48,6.69,9.16,0.156,4.95,3.57,0.0373,0.268,0.495,44.9,33.0,98,31,600,4.1,18.3,7.7,8.5,8.1,7.6,9.1,9.1,8.3,8.1,8.0,17.5,6.0,14.4,135.0,0,0,0,0,0,0
54.3,52.4,56.2,44.4,43.6,45.2,55.3,53.2,57.4,20.6,19.2,22.0,0.588,7.77,0.19,6.77,6.99,9.66,0.165,5.07,3.73,0.0362,0.358,0.507,44.0,32.0,98,29,600,6.1,17.1,7.7,9.1,9.8,6.8,8.7,9.6,8.0,8.7,8.4,16.7,5.6,10.8,133.0,0,0,0,0,0,0
55.4,54.0,56.8,45.5,45.3,45.7,51.5,50.6,52.4,21.4,22.6,20.2,0.626,8.06,0.199,6.87,7.23,9.9,0.178,5.19,3.84,0.0382,0.364,0.54,43.0,32.0,85,28,600,6.0,15.4,7.1,8.9,6.6,6.8,7.4,9.3,7.1,9.4,8.8,16.3,4.9,11.4,125.0,0,0,0,0,0,0
52.9,51.6,54.2,45.2,45.0,45.4,49.8,49.0,50.6,20.6,24.0,17.2,0.654,8.41,0.208,7.1,7.63,10.4,0.186,5.42,3.99,0.037,0.376,0.564,42.4,32.0,88,30,600,7.2,16.7,7.1,7.9,9.0,8.8,7.6,7.1,7.9,7.1,8.4,16.0,5.6,10.4,127.0,0,0,0,0,0,0
53.7,55.6,51.8,45.8,44.8,46.8,50.5,49.6,51.4,19.4,20.8,18.0,0.693,8.66,0.216,7.33,7.86,10.9,0.198,5.65,4.16,0.038,0.386,0.589,42.1,32.0,94,31,600,5.5,16.7,9.3,6.8,7.7,8.8,8.8,6.7,9.3,7.9,7.2,16.8,5.5,11.2,128.0,0,0,0,0,0,0
52.9,53.6,52.2,47.8,50.2,45.4,49.9,51.2,48.6,19.5,17.0,22.0,0.752,9.37,0.236,7.93,8.71,11.9,0.215,6.15,4.58,0.0371,0.409,0.651,41.9,32.0,83,31,600,7.1,17.7,8.0,7.7,9.3,8.9,8.2,7.0,6.8,7.7,8.0,16.3,5.3,11.7,130.0,0,0,0,0,0,0
62.5,62.4,62.6,50.8,50.8,50.8,62.4,62.6,62.2,19.8,24.0,15.6,0.74,9.08,0.225,7.79,7.89,11.4,0.208,5.93,4.31,0.0361,0.396,0.61,68.2,56.0,200,77,800,47.3,21.4,9.9,10.6,8.6,7.9,9.7,10.6,10.7,9.2,9.5,19.3,5.7,13.8,194.0,0,0,0,0,0,0
63.1,61.2,65.0,53.2,52.4,54.0,57.6,56.2,59.0,20.6,20.6,20.6,0.752,9.37,0.236,8.02,8.07,12.0,0.214,6.01,4.4,0.0371,0.401,0.628,61.7,50.0,110,41,800,8.5,22.6,8.2,11.3,9.7,10.5,12.1,11.1,11.2,11.6,11.6,22.8,8.3,16.3,176.0,0,0,0,0,0,0
60.6,60.0,61.2,51.0,49.9,52.1,56.9,58.8,55.0,22.0,22.4,21.6,0.75,9.49,0.239,8.25,8.26,12.3,0.214,6.18,4.61,0.0382,0.336,0.646,57.9,47.0,110,37,800,7.3,23.5,13.1,13.5,10.5,12.0,10.8,10.0,9.3,11.3,8.7,21.6,6.9,12.9,171.0,0,0,0,0,0,0
61.7,60.4,63.0,52.6,52.4,52.8,60.3,60.6,60.0,20.8,18.8,22.8,0.781,9.9,0.251,8.51,8.36,12.8,0.227,6.33,4.83,0.0365,0.343,0.68,55.5,44.0,100,38,800,7.7,20.8,10.1,11.3,10.5,12.2,10.4,11.5,10.6,11.7,11.4,22.3,8.2,13.4,172.0,0,0,0,0,0,0
64.3,64.0,64.6,53.3,51.2,55.4,59.9,60.2,59.6,20.6,23.4,17.8,0.852,10.1,0.263,8.81,8.55,13.3,0.237,6.57,4.94,0.0386,0.353,0.694,55.1,44.0,120,43,800,8.4,20.3,10.4,10.6,11.2,11.6,10.6,10.4,11.4,11.1,12.4,23.8,7.7,16.5,176.0,0,0,0,0,0,0
62.3,61.6,63.0,51.1,49.4,52.8,61.5,59.6,63.4,19.6,21.4,17.8,0.864,10.4,0.268,9.19,8.67,13.7,0.249,6.72,5.15,0.0367,0.362,0.711,54.3,44.0,110,40,800,8.3,25.7,11.5,9.0,10.5,10.6,10.5,11.0,10.4,12.3,11.8,22.6,8.0,15.0,177.0,0,0,0,0,0,0
62.7,62.4,63.0,50.9,51.0,50.8,61.7,61.0,62.4,20.8,21.0,20.6,0.931,10.8,0.276,9.45,8.88,14.3,0.259,6.89,5.36,0.0366,0.448,0.719,54.3,44.0,130,43,800,7.6,24.1,10.1,11.0,10.9,10.1,13.1,10.4,9.5,10.8,9.1,20.4,7.5,15.8,170.0,0,0,0,0,0,0
64.2,63.8,64.6,54.1,54.6,53.6,63.0,62.6,63.4,19.7,22.0,17.4,1.02,11.6,0.304,10.3,9.65,15.5,0.282,7.47,5.81,0.0376,0.475,0.804,54.4,44.0,130,45,800,7.6,22.9,10.5,10.4,12.0,10.8,11.9,12.8,12.0,10.1,11.0,25.3,7.3,13.1,178.0,0,0,0,0,0,0
70.8,68.4,73.2,59.6,60.4,58.8,61.9,61.4,62.4,21.4,22.4,20.4,1.01,11.1,0.3,9.7,8.99,14.9,0.274,6.97,5.56,0.0382,0.453,0.754,160.0,110.0,690,220,1000,30.9,24.1,14.6,12.3,12.8,12.7,11.6,13.0,10.6,13.6,11.9,22.9,8.3,15.3,215.0,0,0,0,0,0,0
70.5,68.8,72.2,57.9,58.4,57.4,58.3,57.4,59.2,21.5,19.4,23.6,1.01,11.3,0.294,9.75,9.22,15.3,0.28,7.02,5.65,0.0383,0.46,0.758,160.0,110.0,500,95,1000,13.5,28.7,11.6,13.0,14.6,14.7,15.6,14.8,14.6,12.3,11.8,27.1,9.5,18.1,220.0,0,0,0,0,0,0
71.2,75.2,67.2,58.1,58.8,57.4,61.2,62.2,60.2,21.0,20.2,21.8,1.01,11.5,0.304,9.88,9.12,15.8,0.283,7.16,5.82,0.0371,0.458,0.75,158.0,110.0,340,120,1000,10.2,27.5,11.9,12.9,14.4,13.2,13.0,14.3,12.1,13.2,12.5,28.1,8.8,20.6,213.0,0,0,0,0,0,0
69.3,70.0,68.6,58.0,56.8,59.2,63.5,63.8,63.2,20.6,19.2,22.0,1.04,11.5,0.312,10.1,9.4,16.4,0.285,7.22,6.06,0.0363,0.464,0.785,147.0,100.0,200,87,1000,7.0,28.7,13.6,14.0,14.2,12.8,14.7,15.0,12.9,12.9,13.6,29.9,11.2,19.0,220.0,0,0,0,0,0,0
69.1,69.2,69.0,58.7,58.6,58.8,63.5,63.4,63.6,21.0,21.4,20.6,1.03,11.7,0.312,10.3,9.48,16.6,0.291,7.25,6.01,0.0364,0.385,0.78,141.0,100.0,260,91,1000,9.6,28.8,13.3,13.5,12.4,11.7,12.7,14.9,12.5,14.4,14.5,26.3,7.5,19.0,211.0,0,0,0,0,0,0
69.2,69.0,69.4,52.8,51.6,54.0,64.6,65.4,63.8,21.6,24.2,19.0,1.04,11.7,0.313,10.2,9.49,16.8,0.284,7.22,6.26,0.0384,0.39,0.801,135.0,99.0,220,84,1000,8.7,30.0,13.2,11.8,13.0,14.9,13.4,15.1,12.4,11.8,12.9,25.0,7.8,19.8,210.0,0,0,0,0,0,0
69.9,69.0,70.8,55.5,53.8,57.2,64.4,62.2,66.6,21.9,23.0,20.8,1.09,12.4,0.331,10.8,10.2,18.2,0.303,7.74,6.7,0.0375,0.48,0.871,140.0,100.0,490,120,1000,9.4,28.6,14.5,12.2,12.7,12.2,14.1,12.2,15.1,14.9,14.1,28.8,9.8,18.4,217.0,0,0,0,0,0,0
66.5,65.4,67.6,32.4,29.8,35.0,61.0,61.2,60.8,19.3,21.0,17.6,1.19,13.9,0.36,12.1,11.3,20.2,0.331,8.54,7.52,0.0385,0.523,0.958,138.0,100.0,300,98,1000,8.4,27.2,13.2,12.9,11.6,12.2,13.5,12.8,13.6,13.7,12.2,27.9,6.7,19.4,205.0,0,0,0,0,0,0
52.7,51.4,54.0,46.9,45.6,48.2,53.4,53.2,53.6,20.9,22.2,19.6,0.565,6.95,0.176,6.41,5.79,8.14,0.167,4.48,3.14,0.037,0.262,0.476,45.1,35.0,110,32,600,23.0,15.2,9.2,8.6,9.5,7.3,9.8,8.4,9.4,9.2,7.6,17.2,6.0,10.1,151.0,0,0,0,0,0,0
51.8,52.8,50.8,47.3,46.8,47.8,53.1,54.0,52.2,22.2,21.4,23.0,0.619,7.45,0.191,6.71,6.1,8.6,0.172,4.66,3.27,0.0368,0.277,0.503,42.4,33.0,80,27,600,4.8,16.2,7.7,7.2,9.1,7.7,10.0,8.6,7.6,8.1,7.9,19.5,7.4,12.2,134.0,0,0,0,0,0,0
51.8,50.6,53.0,42.5,44.0,41.0,51.0,49.4,52.6,19.5,22.2,16.8,0.626,7.55,0.194,6.97,6.39,9.09,0.173,4.88,3.47,0.036,0.282,0.517,41.5,32.0,91,29,600,5.5,19.1,8.0,7.6,9.6,9.1,7.3,7.4,7.0,7.2,8.3,17.4,6.1,13.1,133.0,0,0,0,0,0,0
51.4,50.4,52.4,46.5,47.4,45.6,54.9,52.8,57.0,20.0,19.2,20.8,0.631,7.89,0.197,7.08,6.72,9.42,0.176,5.12,3.62,0.0381,0.368,0.534,40.5,31.0,85,27,600,5.9,17.3,9.3,8.1,8.2,7.4,8.8,7.8,6.8,9.0,7.6,15.3,4.1,11.8,127.0,0,0,0,0,0,0
53.7,54.8,52.6,46.2,49.2,43.2,53.8,53.8,53.8,20.9,24.4,17.4,0.674,8.33,0.208,7.34,6.88,9.75,0.184,5.29,3.83,0.0381,0.377,0.558,40.0,31.0,86,30,600,5.9,18.4,7.8,7.2,8.6,7.2,8.6,9.8,7.7,7.2,8.4,16.3,5.4,10.2,129.0,0,0,0,0,0,0
51.0,51.0,51.0,46.1,44.4,47.8,51.5,51.8,51.2,20.7,22.8,18.6,0.705,8.67,0.215,7.65,7.14,10.2,0.197,5.55,4.03,0.0381,0.393,0.591,40.1,31.0,94,30,600,5.7,16.3,7.3,7.4,8.2,8.9,9.2,9.2,8.4,8.3,7.6,18.8,7.0,11.2,134.0,0,0,0,0,0,0
52.4,52.8,52.0,43.1,43.0,43.2,53.2,52.8,53.6,20.0,18.8,21.2,0.733,8.87,0.223,8.01,7.45,10.7,0.207,5.75,4.15,0.0374,0.401,0.607,40.1,31.0,92,31,600,6.3,17.0,6.9,7.8,9.0,8.8,8.1,8.3,8.2,9.2,8.3,17.4,4.7,11.1,131.0,0,0,0,0,0,0
52.1,52.0,52.2,46.9,46.0,47.8,54.1,51.6,56.6,20.6,18.6,22.6,0.817,9.65,0.244,8.62,8.24,11.8,0.229,6.26,4.55,0.0372,0.423,0.668,39.9,31.0,91,28,600,5.8,17.0,7.7,8.3,8.5,6.9,7.9,9.2,6.7,7.4,7.9,15.7,5.2,13.3,128.0,0,0,0,0,0,0
66.9,67.4,66.4,56.9,56.6,57.2,63.9,65.0,62.8,20.8,18.0,23.6,0.775,9.39,0.233,8.14,7.74,11.3,0.21,5.87,4.21,0.0376,0.415,0.621,77.0,61.0,230,92,800,46.8,20.0,9.8,9.0,10.6,8.3,9.2,9.6,10.6,8.5,9.3,21.6,7.3,13.6,194.0,0,0,0,0,0,0
60.3,60.0,60.6,54.2,52.0,56.4,60.9,63.0,58.8,20.3,17.6,23.0,0.85,9.67,0.249,8.51,8.03,11.9,0.228,6.2,4.57,0.0384,0.429,0.645,67.0,52.0,100,41,800,9.6,22.5,12.3,10.9,10.8,10.4,11.2,11.7,11.0,11.5,11.4,26.9,9.5,15.7,185.0,0,0,0,0,0,0
59.8,61.0,58.6,51.3,49.1,53.5,56.9,55.4,58.4,20.9,17.4,24.4,0.847,9.81,0.253,8.66,8.2,12.3,0.233,6.31,4.62,0.0374,0.359,0.665,62.5,48.0,110,40,800,6.4,21.7,9.9,11.1,11.1,10.3,12.6,10.4,10.6,9.9,11.6,22.7,7.1,15.9,171.0,0,0,0,0,0,0
60.2,60.4,60.0,52.0,51.6,52.4,62.3,61.8,62.8,20.7,21.6,19.8,0.858,10.2,0.252,8.67,8.39,12.6,0.234,6.35,4.87,0.0364,0.363,0.662,59.2,46.0,100,38,800,7.0,23.8,13.6,11.8,10.1,10.5,9.6,12.8,9.6,9.6,10.3,20.5,6.4,15.9,172.0,0,0,0,0,0,0
61.1,61.8,60.4,55.3,54.3,56.3,59.6,57.4,61.8,24.0,26.2,21.8,0.894,10.2,0.263,8.86,8.53,13.2,0.241,6.61,4.93,0.0372,0.38,0.691,57.1,44.0,110,38,800,9.7,22.1,10.5,10.2,11.4,12.4,8.9,11.6,11.0,10.2,10.5,21.7,7.1,13.4,171.0,0,0,0,0,0,0
61.5,63.0,60.0,51.1,52.6,49.6,59.5,59.0,60.0,20.7,23.8,17.6,0.936,10.6,0.274,9.08,8.87,13.6,0.258,6.77,5.17,0.0383,0.382,0.717,57.2,44.0,150,44,800,8.1,23.0,11.1,9.2,11.8,9.7,10.9,9.2,10.4,12.1,11.8,21.5,7.4,16.5,173.0,0,0,0,0,0,0
64.2,64.0,64.4,55.1,53.6,56.6,65.5,64.2,66.8,21.4,25.2,17.6,0.918,10.9,0.273,9.34,9.03,14.0,0.253,6.84,5.24,0.0373,0.48,0.723,56.4,44.0,110,40,800,7.3,22.7,12.5,9.7,10.9,10.9,10.5,10.9,10.0,11.2,11.7,23.7,6.1,14.5,173.0,0,0,0,0,0,0
61.6,60.2,63.0,51.5,50.0,53.0,60.4,59.2,61.6,21.5,21.6,21.4,1.01,11.7,0.295,10.1,9.98,15.5,0.281,7.54,5.86,0.0373,0.515,0.811,56.9,45.0,140,49,800,7.1,23.3,11.3,10.6,10.6,9.9,12.2,11.7,10.7,12.1,11.6,26.5,8.3,15.6,182.0,0,0,0,0,0,0
67.5,66.4,68.6,57.7,57.0,58.4,63.7,63.8,63.6,21.0,24.2,17.8,0.987,11.5,0.289,9.71,9.32,15.4,0.269,6.92,5.76,0.0374,0.485,0.762,140.0,100.0,250,82,1000,12.9,26.7,13.9,13.5,12.6,13.2,13.5,13.5,12.0,15.3,12.4,28.6,9.8,20.6,219.0,0,0,0,0,0,0
70.9,70.0,71.8,54.7,54.6,54.8,67.0,67.2,66.8,22.4,22.2,22.6,0.988,11.4,0.295,9.89,9.42,15.8,0.273,7.1,5.74,0.0374,0.491,0.767,133.0,100.0,240,94,1000,9.5,31.0,13.8,11.5,14.4,15.0,12.6,13.5,13.5,12.8,14.3,26.5,7.1,19.4,215.0,0,0,0,0,0,0
70.6,67.4,73.8,55.2,54.2,56.2,63.5,65.0,62.0,22.4,23.0,21.8,1.04,11.9,0.315,10.0,9.47,16.3,0.29,7.05,6.01,0.0373,0.5,0.789,136.0,110.0,340,120,1000,9.7,26.7,14.6,12.0,14.2,16.1,12.6,14.6,12.6,12.7,13.5,28.6,10.6,17.4,216.0,0,0,0,0,0,0
69.1,67.8,70.4,54.1,54.2,54.0,61.7,61.6,61.8,22.7,20.8,24.6,1.02,11.8,0.312,10.2,9.5,16.7,0.285,7.04,6.18,0.0365,0.404,0.782,141.0,100.0,540,95,1000,9.1,29.8,14.2,14.1,11.1,11.7,14.5,12.9,12.0,13.8,11.7,27.4,7.4,19.3,209.0,0,0,0,0,0,0
68.6,69.6,67.6,54.0,52.4,55.6,66.2,64.6,67.8,20.5,20.8,20.2,1.05,12.0,0.319,10.1,9.3,16.8,0.293,7.33,6.2,0.0365,0.47,0.781,138.0,100.0,240,100,1000,10.6,28.3,15.0,15.1,13.2,11.9,12.5,14.1,14.1,14.4,11.6,28.7,9.6,19.2,218.0,0,0,0,0,0,0
70.2,71.4,69.0,55.8,56.4,55.2,61.2,62.0,60.4,20.7,20.2,21.2,1.11,12.7,0.345,10.7,10.1,18.3,0.31,7.62,6.68,0.0375,0.494,0.87,147.0,110.0,520,210,1000,7.3,27.7,13.3,13.7,12.5,14.1,15.4,12.3,12.7,13.5,12.1,27.5,9.9,19.0,211.0,0,0,0,0,0,0
66.4,69.2,63.6,31.0,30.0,32.0,64.2,64.2,64.2,21.4,22.4,20.4,1.27,14.1,0.378,12.1,11.4,20.5,0.355,8.54,7.53,0.0365,0.541,0.964,142.0,110.0,220,85,1000,9.1,30.9,14.5,12.3,14.0,12.3,11.9,13.6,12.9,13.1,14.0,26.9,8.8,19.6,214.0,0,0,0,0,0,0
50.6,48.4,52.8,44.5,45.0,44.0,51.3,49.4,53.2,20.3,17.2,23.4,0.522,6.86,0.172,6.37,5.79,8.02,0.149,4.52,3.17,0.0377,0.257,0.457,43.0,33.0,100,29,600,23.4,16.9,9.0,6.2,7.3,7.6,8.9,9.2,8.5,8.6,7.9,17.4,5.6,11.1,148.0,0,0,0,0,0,0
54.3,53.0,55.6,45.7,43.6,47.8,53.6,53.8,53.4,20.1,21.8,18.4,0.544,7.21,0.175,6.58,5.98,8.63,0.154,4.8,3.37,0.0377,0.263,0.483,42.2,32.0,94,31,600,6.3,18.9,7.4,7.6,7.7,8.9,9.2,8.5,6.9,7.9,8.3,16.7,4.8,13.5,133.0,0,0,0,0,0,0
52.1,54.6,49.6,49.7,49.2,50.2,51.5,53.0,50.0,19.1,18.8,19.4,0.568,7.46,0.181,7.06,6.22,8.96,0.158,4.83,3.48,0.0367,0.271,0.5,41.4,32.0,89,29,600,4.8,18.7,7.9,8.8,8.2,6.6,7.1,8.2,8.4,8.2,7.4,17.1,5.4,12.7,130.0,0,0,0,0,0,0
52.6,55.4,49.8,47.4,48.4,46.4,58.8,58.0,59.6,20.1,21.8,18.4,0.601,7.9,0.188,7.31,6.54,9.45,0.167,5.08,3.67,0.0385,0.369,0.512,41.0,32.0,90,31,600,5.0,13.5,9.2,7.7,8.6,7.1,8.1,7.6,9.6,9.7,9.6,16.5,5.2,12.1,130.0,0,0,0,0,0,0
52.6,51.4,53.8,49.6,50.4,48.8,52.6,53.2,52.0,19.6,20.4,18.8,0.619,8.15,0.201,7.5,6.82,9.76,0.175,5.33,3.83,0.0368,0.378,0.541,40.7,31.0,93,31,600,5.7,18.6,7.9,9.5,6.5,6.9,8.6,7.0,7.9,8.2,8.9,16.8,5.4,11.8,130.0,0,0,0,0,0,0
52.2,54.2,50.2,48.1,48.0,48.2,54.3,55.4,53.2,19.3,18.4,20.2,0.656,8.58,0.208,7.6,7.12,10.2,0.184,5.48,4.01,0.0376,0.394,0.565,40.8,32.0,97,33,600,5.4,17.7,8.4,9.2,8.9,8.8,8.9,8.9,7.3,8.7,8.8,17.4,5.5,9.9,134.0,0,0,0,0,0,0
50.3,49.6,51.0,49.7,51.2,48.2,51.9,48.6,55.2,20.2,16.2,24.2,0.679,8.9,0.215,8.02,7.48,10.8,0.193,5.68,4.22,0.0365,0.406,0.584,40.7,31.0,95,29,600,6.2,14.7,8.4,8.4,9.1,7.9,9.0,9.5,6.8,8.3,7.9,18.4,5.5,11.1,131.0,0,0,0,0,0,0
52.3,53.0,51.6,47.6,48.2,47.0,52.3,50.8,53.8,21.3,20.0,22.6,0.766,9.57,0.235,8.68,8.17,11.9,0.213,6.29,4.59,0.0384,0.428,0.652,41.0,31.0,100,32,600,5.4,17.8,9.0,7.4,7.2,7.9,9.0,8.4,9.2,7.7,8.4,16.8,5.5,12.4,132.0,0,0,0,0,0,0
62.5,61.8,63.2,51.4,52.8,50.0,66.4,65.4,67.4,20.2,16.2,24.2,0.737,9.33,0.219,8.4,7.58,11.5,0.2,5.94,4.33,0.0367,0.412,0.592,61.4,49.0,170,62,800,48.7,22.2,7.6,9.2,10.4,8.2,11.8,9.0,10.8,7.5,8.4,17.4,5.1,15.3,192.0,0,0,0,0,0,0
57.3,57.2,57.4,52.2,52.0,52.4,57.3,57.8,56.8,21.2,22.2,20.2,0.745,9.55,0.232,8.59,7.64,12.1,0.207,6.05,4.44,0.0386,0.423,0.624,56.1,45.0,100,39,800,8.2,25.7,10.8,9.3,11.4,11.9,8.7,12.0,10.3,12.1,9.3,19.9,7.0,18.5,175.0,0,0,0,0,0,0
61.9,64.0,59.8,52.7,51.2,54.2,59.9,58.8,61.0,20.4,20.0,20.8,0.783,9.99,0.24,8.87,7.83,12.5,0.221,6.16,4.71,0.0369,0.344,0.647,54.3,43.0,120,39,800,7.9,22.8,10.6,11.0,11.9,10.6,10.6,12.4,11.1,11.3,10.4,23.2,7.5,14.0,175.0,0,0,0,0,0,0
60.7,61.6,59.8,52.4,53.6,51.2,60.3,60.0,60.6,19.9,18.0,21.8,0.789,10.0,0.242,9.34,8.02,12.8,0.222,6.42,4.78,0.0369,0.351,0.656,52.8,42.0,100,37,800,6.9,24.4,12.8,12.5,9.6,10.1,10.1,10.9,10.2,10.9,12.1,21.3,6.8,15.2,174.0,0,0,0,0,0,0
59.3,60.6,58.0,52.4,51.2,53.6,59.1,58.8,59.4,19.9,16.4,23.4,0.818,10.4,0.249,9.6,8.06,13.1,0.224,6.59,4.94,0.0369,0.355,0.676,52.3,42.0,110,39,800,7.7,23.7,11.3,12.2,9.1,11.4,12.5,10.5,12.3,10.7,11.5,24.8,7.2,13.2,178.0,0,0,0,0,0,0
61.4,62.0,60.8,51.7,53.2,50.2,58.5,57.6,59.4,20.6,17.2,24.0,0.84,10.3,0.253,9.78,8.23,13.4,0.231,6.82,5.14,0.0371,0.361,0.69,51.9,41.0,110,40,800,6.3,22.4,11.0,10.8,10.2,10.8,11.6,11.0,9.6,11.3,9.1,21.7,7.2,16.7,170.0,0,0,0,0,0,0
58.9,60.0,57.8,51.2,50.6,51.8,62.2,62.8,61.6,23.0,23.4,22.6,0.857,10.7,0.261,9.97,8.52,13.9,0.244,6.92,5.35,0.039,0.374,0.715,52.3,42.0,130,44,800,6.2,19.5,11.7,12.1,10.7,11.3,10.7,11.1,13.1,12.5,12.0,24.2,7.4,14.3,177.0,0,0,0,0,0,0
62.1,60.8,63.4,52.3,53.2,51.4,60.9,60.6,61.2,20.4,20.8,20.0,0.933,11.5,0.287,10.8,9.22,15.3,0.263,7.47,5.81,0.0379,0.478,0.796,52.1,42.0,110,43,800,7.1,21.9,10.2,11.0,10.3,13.1,10.1,11.7,11.0,9.8,11.8,23.0,7.2,14.8,173.0,0,0,0,0,0,0
72.6,72.0,73.2,57.3,57.6,57.0,65.7,65.6,65.8,20.6,22.4,18.8,0.92,11.2,0.276,10.0,9.06,14.9,0.246,7.01,5.54,0.0382,0.458,0.743,122.0,97.0,400,190,1000,32.7,26.3,14.4,12.9,9.6,12.4,11.5,12.8,12.8,13.7,13.0,24.2,7.1,16.6,220.0,0,0,0,0,0,0
67.3,66.8,67.8,53.0,51.6,54.4,61.4,62.0,60.8,20.4,18.6,22.2,0.938,11.4,0.282,9.87,9.32,15.2,0.257,7.15,5.75,0.0391,0.469,0.774,113.0,91.0,220,73,1000,11.4,31.0,14.3,12.9,18.2,13.9,15.2,12.1,11.5,13.6,12.8,26.2,9.3,17.1,220.0,0,0,0,0,0,0
68.8,67.0,70.6,55.1,55.2,55.0,62.3,62.4,62.2,22.3,22.0,22.6,0.962,11.6,0.286,10.0,9.43,15.8,0.26,7.2,5.88,0.0392,0.467,0.782,118.0,94.0,320,110,1000,10.1,29.0,13.8,11.5,12.9,12.0,12.7,13.3,14.5,11.6,14.9,26.8,9.1,18.0,210.0,0,0,0,0,0,0
70.9,69.6,72.2,53.3,51.8,54.8,63.4,63.8,63.0,22.6,24.0,21.2,0.982,11.8,0.298,9.89,9.63,16.0,0.269,7.24,5.95,0.0373,0.472,0.799,117.0,94.0,230,96,1000,9.1,28.0,12.4,13.5,13.1,14.0,14.4,13.1,14.4,13.0,14.3,28.4,8.8,17.6,214.0,0,0,0,0,0,0
69.3,69.4,69.2,55.8,57.6,54.0,63.5,65.4,61.6,21.0,23.6,18.4,0.975,11.8,0.304,9.83,9.7,16.8,0.27,7.27,6.21,0.0382,0.406,0.804,125.0,99.0,430,130,1000,10.9,27.0,12.5,14.0,15.0,14.9,13.4,13.3,12.7,13.1,14.5,29.0,8.5,19.1,218.0,0,0,0,0,0,0
71.0,70.0,72.0,55.3,54.8,55.8,62.4,61.6,63.2,20.9,19.4,22.4,1.04,12.2,0.318,10.0,10.0,16.9,0.285,7.36,6.33,0.039,0.402,0.833,120.0,95.0,190,78,1000,9.7,25.8,11.5,13.8,12.7,11.5,14.8,14.8,14.6,15.2,14.5,31.5,10.2,16.3,217.0,0,0,0,0,0,0
69.5,67.8,71.2,55.9,57.0,54.8,65.1,64.0,66.2,20.9,17.8,24.0,1.09,12.7,0.337,10.5,10.6,18.4,0.309,7.8,6.76,0.0388,0.518,0.895,120.0,96.0,270,97,1000,8.7,29.0,14.5,13.7,14.9,11.8,13.4,12.7,11.4,13.6,14.6,28.2,9.4,18.0,214.0,0,0,0,0,0,0
65.3,62.4,68.2,30.8,27.2,34.4,64.5,64.2,64.8,18.8,22.2,15.4,1.22,14.2,0.374,11.6,11.9,20.2,0.343,8.8,7.62,0.0377,0.567,0.991,118.0,95.0,210,95,1000,9.3,29.3,15.2,13.3,13.3,12.2,11.5,15.5,12.9,13.0,13.0,25.9,8.8,20.7,214.0,0,0,0,0,0,0
55.3,57.0,53.6,46.3,47.4,45.2,52.9,53.8,52.0,20.4,21.4,19.4,0.603,7.3,0.188,6.31,6.12,8.31,0.166,4.65,3.24,0.0378,0.263,0.485,46.9,36.0,130,31,600,22.7,15.9,8.6,8.9,8.9,9.1,7.7,6.8,10.6,8.8,7.4,19.2,7.2,11.5,153.0,0,0,0,0,0,0
51.2,49.2,53.2,45.8,46.2,45.4,52.3,52.2,52.4,19.5,19.8,19.2,0.634,7.53,0.202,6.5,6.41,8.81,0.175,4.72,3.41,0.0378,0.277,0.506,43.8,33.0,86,27,600,5.1,16.5,9.0,7.6,7.7,9.9,8.7,7.7,8.4,7.9,7.7,19.3,6.7,11.1,133.0,0,0,0,0,0,0
52.2,51.8,52.6,45.6,43.4,47.8,52.0,49.0,55.0,20.3,19.0,21.6,0.655,7.83,0.211,6.88,6.58,9.21,0.181,4.99,3.59,0.0379,0.288,0.531,42.5,32.0,88,29,600,6.5,16.9,8.4,7.1,8.5,8.4,7.4,9.9,8.1,8.8,7.0,17.3,5.6,11.8,132.0,0,0,0,0,0,0
52.9,52.8,53.0,47.0,47.4,46.6,52.1,50.2,54.0,20.0,18.2,21.8,0.699,8.06,0.217,7.02,6.81,9.57,0.194,5.16,3.77,0.038,0.385,0.562,42.7,32.0,100,33,600,6.2,17.7,7.9,8.5,7.0,7.6,8.2,8.8,8.9,9.4,6.4,17.7,6.6,12.8,134.0,0,0,0,0,0,0
50.4,48.4,52.4,44.8,43.2,46.4,52.5,51.6,53.4,18.9,20.6,17.2,0.752,8.43,0.233,7.37,7.06,9.97,0.208,5.36,3.91,0.0369,0.397,0.584,41.8,31.0,85,28,600,5.6,16.9,9.1,6.7,8.4,8.2,8.2,8.1,7.3,7.5,8.9,17.8,6.2,10.9,130.0,0,0,0,0,0,0
51.2,51.4,51.0,47.3,48.0,46.6,55.2,57.2,53.2,19.4,19.8,19.0,0.764,8.55,0.239,7.75,7.23,10.4,0.213,5.64,4.12,0.0379,0.41,0.583,41.7,31.0,96,31,600,6.4,13.4,8.4,6.5,9.2,7.9,9.4,8.8,8.5,8.7,8.9,16.6,6.1,10.6,129.0,0,0,0,0,0,0
55.9,55.6,56.2,47.8,47.5,48.1,52.0,52.8,51.2,21.0,18.8,23.2,0.813,8.89,0.251,7.82,7.5,10.7,0.225,5.83,4.28,0.038,0.412,0.617,41.4,31.0,91,30,600,5.6,18.0,8.7,8.7,7.6,7.7,8.6,7.4,7.8,8.4,7.5,16.9,5.9,10.9,130.0,0,0,0,0,0,0
51.2,50.8,51.6,44.8,43.4,46.2,54.3,53.4,55.2,18.8,20.8,16.8,0.906,9.66,0.276,8.53,8.42,11.8,0.253,6.39,4.75,0.0369,0.439,0.692,41.2,32.0,87,32,600,5.7,17.2,7.7,8.9,8.3,7.6,8.6,7.6,8.1,7.9,9.2,17.5,7.1,11.2,133.0,0,0,0,0,0,0
62.3,62.4,62.2,53.0,53.6,52.4,64.8,64.0,65.6,20.9,20.0,21.8,0.834,9.37,0.252,8.38,7.73,11.5,0.226,5.96,4.4,0.0388,0.424,0.631,71.3,57.0,220,81,800,46.0,20.7,10.5,8.0,8.9,7.9,8.3,12.7,10.8,9.9,9.4,21.2,6.9,14.1,195.0,0,0,0,0,0,0
62.5,60.4,64.6,51.3,50.6,52.0,60.1,60.2,60.0,20.3,18.6,22.0,0.862,9.72,0.255,8.66,7.81,11.9,0.237,6.07,4.65,0.0377,0.344,0.653,63.1,50.0,100,38,800,9.5,25.7,9.9,10.7,10.5,10.6,12.0,10.6,10.8,12.2,9.9,22.3,8.0,14.5,177.0,0,0,0,0,0,0
62.2,62.2,62.2,49.2,49.2,49.2,59.2,58.6,59.8,20.4,18.8,22.0,0.839,9.85,0.256,8.85,7.96,12.2,0.233,6.19,4.72,0.0376,0.354,0.668,62.1,48.0,160,44,800,7.5,23.1,12.8,9.5,11.7,10.4,11.3,11.0,10.2,10.1,9.2,24.7,7.2,15.7,174.0,0,0,0,0,0,0
62.9,64.6,61.2,52.3,54.0,50.6,62.0,61.6,62.4,20.0,17.8,22.2,0.858,10.3,0.267,9.09,8.17,12.8,0.242,6.48,5.01,0.0374,0.366,0.693,59.8,47.0,110,40,800,8.8,24.0,10.5,10.7,11.0,11.9,11.2,11.4,12.2,10.6,8.3,23.2,7.3,15.2,176.0,0,0,0,0,0,0
61.1,62.8,59.4,52.5,52.2,52.8,60.0,60.6,59.4,21.2,17.0,25.4,0.899,10.5,0.275,9.42,8.18,13.4,0.249,6.59,5.16,0.0381,0.372,0.708,58.7,46.0,120,43,800,7.8,23.4,11.6,13.3,11.8,11.1,10.0,10.2,11.4,10.7,11.3,24.9,8.5,13.4,179.0,0,0,0,0,0,0
64.2,63.8,64.6,51.8,51.2,52.4,64.3,63.4,65.2,21.5,19.2,23.8,0.936,10.5,0.278,9.64,8.51,13.7,0.257,6.7,5.27,0.0383,0.465,0.73,57.8,46.0,120,43,800,7.9,18.9,11.6,11.6,12.8,11.5,11.0,11.8,11.9,8.8,9.2,24.7,8.6,13.7,174.0,0,0,0,0,0,0
62.0,62.6,61.4,52.0,51.2,52.8,62.7,63.4,62.0,20.2,22.4,18.0,0.957,11.0,0.284,9.9,8.59,14.1,0.26,7.01,5.48,0.0371,0.48,0.748,56.8,45.0,110,41,800,7.5,25.0,10.1,10.3,11.0,11.3,10.6,9.9,13.3,9.6,10.3,23.0,7.5,15.8,175.0,0,0,0,0,0,0
59.7,58.8,60.6,53.4,52.2,54.6,59.0,58.6,59.4,19.9,18.2,21.6,1.06,11.7,0.315,10.7,9.34,15.6,0.29,7.57,5.9,0.0368,0.509,0.826,58.2,46.0,180,55,800,8.2,22.8,11.9,10.8,13.6,9.8,10.3,11.0,10.0,10.1,11.8,25.8,8.7,14.9,180.0,0,0,0,0,0,0
71.4,69.8,73.0,54.7,54.0,55.4,62.2,62.4,62.0,20.8,18.6,23.0,1.02,11.3,0.302,9.99,8.95,15.5,0.275,6.95,5.56,0.0355,0.486,0.754,146.0,100.0,510,220,1000,33.3,25.2,12.5,11.1,12.3,12.2,12.4,11.9,12.9,13.3,9.8,25.1,8.4,17.0,217.0,0,0,0,0,0,0
71.0,73.2,68.8,57.0,55.0,59.0,65.8,66.8,64.8,20.4,18.2,22.6,1.02,11.3,0.305,10.0,9.15,15.7,0.279,6.95,5.78,0.0356,0.491,0.773,133.0,98.0,210,89,1000,12.3,28.0,12.9,12.7,13.3,13.9,14.7,13.7,14.4,13.9,12.9,31.1,10.6,16.4,221.0,0,0,0,0,0,0
70.2,69.8,70.6,53.9,54.4,53.4,63.4,63.8,63.0,22.2,19.6,24.8,1.02,11.7,0.314,9.97,9.27,15.6,0.283,7.28,5.85,0.0377,0.502,0.777,121.0,91.0,170,68,1000,8.3,27.2,14.0,13.9,14.1,13.5,12.3,14.2,14.1,15.6,14.9,27.2,9.0,17.8,216.0,0,0,0,0,0,0
71.9,72.2,71.6,54.8,55.8,53.8,63.8,62.6,65.0,20.9,22.8,19.0,1.04,11.7,0.309,9.99,9.37,16.2,0.288,7.3,5.96,0.0379,0.411,0.79,124.0,94.0,380,110,1000,10.0,28.0,13.8,15.2,13.6,14.5,12.5,13.1,12.5,12.5,13.3,28.5,9.6,17.8,215.0,0,0,0,0,0,0
70.2,69.8,70.6,54.9,56.0,53.8,62.6,63.0,62.2,20.1,20.6,19.6,1.06,11.7,0.315,9.97,9.59,16.7,0.286,7.21,6.15,0.0371,0.414,0.787,124.0,95.0,300,110,1000,9.3,26.9,13.4,14.1,12.2,14.4,15.3,11.9,11.0,14.0,13.0,27.5,9.1,18.3,210.0,0,0,0,0,0,0
71.3,69.4,73.2,53.8,53.2,54.4,65.1,64.2,66.0,20.0,22.4,17.6,1.08,11.9,0.325,10.1,9.76,17.0,0.297,7.19,6.31,0.036,0.515,0.795,119.0,91.0,200,65,1000,9.7,27.7,13.0,14.0,14.0,13.1,14.8,14.4,12.9,15.4,14.5,28.0,10.6,18.3,220.0,0,0,0,0,0,0
68.1,67.4,68.8,53.0,51.6,54.4,61.9,61.6,62.2,20.7,18.2,23.2,1.16,12.6,0.347,10.8,10.5,18.3,0.317,7.66,6.78,0.0382,0.543,0.876,123.0,92.0,440,100,1000,9.7,28.0,14.5,13.5,12.6,11.2,11.5,14.7,15.0,13.4,14.0,25.6,8.4,19.5,212.0,0,0,0,0,0,0
61.9,61.0,62.8,28.2,26.8,29.6,65.3,65.6,65.0,19.1,17.4,20.8,1.29,14.0,0.377,11.8,11.6,20.3,0.349,8.73,7.65,0.0371,0.583,0.96,124.0,93.0,340,110,1000,7.8,26.1,13.1,15.3,12.7,12.0,12.8,12.7,13.7,15.1,14.1,27.5,8.9,18.8,211.0,0,0,0,0,0,0
52.2,49.8,54.6,44.9,44.8,45.0,52.2,53.6,50.8,18.9,20.4,17.4,0.545,6.95,0.18,6.49,5.59,8.02,0.153,4.48,3.27,0.0374,0.248,0.479,45.8,36.0,110,30,600,20.1,17.0,7.7,6.5,10.4,9.2,8.1,8.6,9.7,8.4,9.2,19.2,6.6,11.8,153.0,0,0,0,0,0,0
53.9,52.8,55.0,45.7,47.0,44.4,52.3,52.0,52.6,19.7,19.2,20.2,0.592,7.26,0.19,6.66,5.99,8.47,0.162,4.74,3.5,0.0374,0.261,0.501,43.2,33.0,81,29,600,5.2,16.0,8.5,8.9,7.9,9.0,8.6,6.2,7.4,9.1,8.8,16.6,5.6,11.8,130.0,0,0,0,0,0,0
51.7,49.8,53.6,45.2,43.0,47.4,49.9,50.6,49.2,20.2,20.8,19.6,0.621,7.44,0.198,6.84,6.39,9.01,0.17,4.96,3.65,0.0366,0.269,0.518,42.6,33.0,92,32,600,4.9,17.6,8.8,7.5,7.6,8.2,9.2,8.1,7.8,10.2,7.9,18.0,6.6,11.5,134.0,0,0,0,0,0,0
53.2,52.6,53.8,44.9,47.2,42.6,50.6,50.2,51.0,20.0,17.0,23.0,0.646,7.85,0.206,7.05,6.73,9.34,0.179,5.15,3.76,0.0376,0.377,0.544,42.2,32.0,100,29,600,4.7,17.7,7.5,8.6,9.2,6.3,9.0,6.1,9.7,7.1,9.3,16.7,5.1,11.2,128.0,0,0,0,0,0,0
53.1,53.6,52.6,46.2,47.0,45.4,50.2,48.8,51.6,19.5,19.6,19.4,0.655,7.97,0.207,7.35,6.98,9.84,0.188,5.33,4.0,0.0375,0.381,0.558,41.3,32.0,84,29,600,4.7,16.4,10.2,7.4,8.1,8.8,7.2,9.2,9.0,8.3,8.5,16.7,4.7,11.7,131.0,0,0,0,0,0,0
51.0,50.6,51.4,44.4,43.2,45.6,50.1,49.8,50.4,19.7,17.6,21.8,0.686,8.32,0.214,7.44,7.18,10.2,0.192,5.63,4.11,0.0377,0.392,0.575,41.4,32.0,99,30,600,7.2,16.3,8.3,7.9,6.5,6.7,9.1,8.2,8.3,10.6,9.9,16.1,5.5,8.6,129.0,0,0,0,0,0,0
52.7,50.4,55.0,45.8,44.6,47.0,51.7,51.6,51.8,21.3,23.2,19.4,0.732,8.49,0.233,7.76,7.62,10.7,0.208,5.8,4.29,0.0368,0.404,0.619,40.9,31.0,90,28,600,4.7,20.0,8.7,9.0,7.8,8.6,8.3,7.5,7.0,7.9,9.0,17.0,6.5,10.9,133.0,0,0,0,0,0,0
52.7,53.2,52.2,46.2,45.8,46.6,53.0,51.0,55.0,20.7,21.0,20.4,0.836,9.42,0.253,8.49,8.42,11.9,0.235,6.3,4.74,0.0375,0.431,0.681,40.7,31.0,87,31,600,5.2,15.4,8.3,8.4,8.5,7.7,9.4,8.2,8.9,8.2,8.1,19.3,7.4,12.7,136.0,0,0,0,0,0,0
63.9,65.2,62.6,51.5,51.4,51.6,64.0,63.8,64.2,20.3,23.0,17.6,0.807,9.25,0.243,8.26,7.8,11.5,0.222,6.03,4.47,0.0375,0.415,0.625,84.3,69.0,270,100,800,45.1,19.9,8.0,10.6,10.1,9.1,10.0,10.4,10.1,10.1,11.3,20.5,8.1,13.1,196.0,0,0,0,0,0,0
61.9,62.8,61.0,53.3,51.8,54.8,61.0,60.8,61.2,20.2,18.4,22.0,0.86,9.53,0.262,8.49,7.86,12.0,0.243,6.18,4.67,0.0384,0.337,0.668,72.1,55.0,100,38,800,9.7,22.7,11.9,9.3,11.2,11.6,10.5,11.2,10.4,9.2,8.9,25.2,9.1,15.1,176.0,0,0,0,0,0,0
61.1,63.6,58.6,54.8,54.6,55.0,60.1,59.2,61.0,19.7,22.0,17.4,0.896,9.81,0.269,8.87,7.96,12.6,0.252,6.37,4.91,0.0375,0.344,0.679,67.1,51.0,120,40,800,7.0,22.9,11.5,11.4,10.3,12.8,8.9,11.5,12.0,11.1,12.5,23.3,9.2,12.8,177.0,0,0,0,0,0,0
56.8,57.0,56.6,54.3,55.2,53.4,56.7,57.6,55.8,20.1,17.6,22.6,0.934,10.0,0.286,9.07,8.14,12.9,0.26,6.49,5.04,0.0364,0.351,0.708,62.9,47.0,110,35,800,6.5,25.3,11.5,10.2,12.5,10.2,12.7,11.1,11.4,9.6,9.6,21.2,7.6,14.5,174.0,0,0,0,0,0,0
59.9,61.2,58.6,54.2,55.1,53.3,60.4,60.2,60.6,21.6,20.0,23.2,0.929,10.2,0.284,9.27,8.23,13.4,0.258,6.53,5.2,0.0375,0.358,0.709,60.5,45.0,120,36,800,8.8,24.5,10.1,10.6,9.6,10.2,10.5,9.1,13.5,10.7,11.4,20.6,6.2,15.3,171.0,0,0,0,0,0,0
61.9,61.0,62.8,51.2,49.8,52.6,61.4,63.2,59.6,20.5,22.8,18.2,0.94,10.6,0.289,9.54,8.36,13.7,0.26,6.72,5.39,0.0377,0.452,0.717,59.3,44.0,130,41,800,7.8,22.5,11.2,11.9,11.5,10.2,11.0,10.8,10.5,11.9,11.9,24.6,7.2,14.5,178.0,0,0,0,0,0,0
61.3,61.4,61.2,52.9,52.6,53.2,62.1,60.2,64.0,20.8,22.6,19.0,0.977,10.8,0.299,9.77,8.62,14.1,0.278,6.96,5.51,0.0377,0.458,0.751,57.8,44.0,99,39,800,7.1,22.3,11.5,10.9,10.3,10.1,11.7,12.0,10.0,11.3,10.3,19.2,7.1,16.2,170.0,0,0,0,0,0,0
62.2,60.8,63.6,51.9,51.8,52.0,60.3,60.6,60.0,19.5,16.4,22.6,1.04,11.8,0.32,10.6,9.48,15.4,0.297,7.5,5.97,0.0387,0.494,0.81,57.9,44.0,140,46,800,7.0,22.4,10.7,10.4,11.6,11.5,11.2,11.9,12.2,10.8,9.1,23.9,8.1,17.1,178.0,0,0,0,0,0,0
69.3,69.2,69.4,58.5,58.8,58.2,63.2,62.2,64.2,20.4,19.2,21.6,0.94,11.2,0.283,10.0,8.75,14.9,0.269,6.85,5.54,0.0377,0.465,0.719,173.0,120.0,660,280,1000,28.8,26.5,12.1,11.9,11.8,12.7,12.8,11.7,12.3,12.1,11.7,26.5,8.6,16.4,216.0,0,0,0,0,0,0
69.9,69.4,70.4,59.3,59.8,58.8,64.8,63.6,66.0,20.2,20.8,19.6,0.961,11.5,0.294,9.93,9.01,15.6,0.272,7.03,5.75,0.0377,0.474,0.742,163.0,110.0,310,110,1000,12.2,26.5,13.1,12.9,12.8,14.6,13.0,13.0,14.3,14.6,13.2,29.4,10.2,18.6,218.0,0,0,0,0,0,0
66.6,65.8,67.4,58.9,58.6,59.2,59.9,61.8,58.0,19.9,18.8,21.0,0.988,11.7,0.303,9.94,8.94,15.6,0.277,7.03,5.89,0.0378,0.473,0.757,151.0,110.0,250,94,1000,9.4,26.4,14.0,14.3,14.9,12.9,12.7,11.1,13.5,16.0,14.0,27.8,9.5,18.3,215.0,0,0,0,0,0,0
70.7,69.8,71.6,59.4,59.4,59.4,65.0,64.6,65.4,21.0,22.6,19.4,1.01,11.8,0.316,10.2,9.19,16.2,0.291,7.13,6.17,0.0377,0.392,0.78,142.0,100.0,220,92,1000,9.7,28.0,12.9,13.0,14.0,11.8,13.3,14.6,13.1,12.2,13.8,28.2,9.4,18.1,212.0,0,0,0,0,0,0
70.9,70.6,71.2,60.5,61.0,60.0,64.3,62.4,66.2,21.5,20.6,22.4,1.03,11.9,0.321,10.1,9.18,16.5,0.296,7.33,6.22,0.0368,0.391,0.795,136.0,100.0,240,90,1000,9.9,27.2,14.5,13.1,13.3,12.4,13.1,13.5,12.8,13.6,13.9,28.0,10.7,18.6,215.0,0,0,0,0,0,0
68.0,67.2,68.8,56.0,56.4,55.6,62.3,61.6,63.0,21.4,21.2,21.6,1.05,12.0,0.324,10.2,9.4,16.8,0.3,7.26,6.41,0.0376,0.487,0.783,132.0,99.0,210,93,1000,9.6,28.7,14.0,12.0,13.1,14.8,13.6,14.5,13.2,11.9,12.3,25.5,9.1,20.6,213.0,0,0,0,0,0,0
69.5,69.2,69.8,57.6,56.2,59.0,60.4,60.4,60.4,20.5,21.0,20.0,1.12,12.5,0.351,11.0,10.2,18.2,0.325,7.82,6.83,0.0388,0.502,0.866,140.0,100.0,440,190,1000,7.4,24.9,12.7,11.5,15.4,13.7,12.3,13.9,14.3,16.0,13.8,27.8,8.2,19.0,211.0,0,0,0,0,0,0
58.8,59.4,58.2,27.3,28.8,25.8,62.7,61.2,64.2,20.5,21.2,19.8,1.27,13.9,0.387,12.0,11.2,20.4,0.359,8.79,7.67,0.0371,0.547,0.968,136.0,100.0,240,91,1000,9.7,27.6,15.8,11.9,12.4,11.7,15.6,14.0,12.0,13.8,13.6,30.0,9.8,17.2,215.0,0,0,0,0,0,0
54.1,54.2,54.0,47.2,46.6,47.8,50.4,49.2,51.6,21.8,23.0,20.6,0.519,7.27,0.169,6.47,5.94,8.27,0.144,4.59,3.31,0.0364,0.251,0.476,43.6,34.0,88,30,600,20.6,19.4,7.7,8.1,8.7,7.2,7.9,8.5,8.2,6.7,7.3,16.0,4.9,14.3,146.0,0,0,0,0,0,0
50.5,48.6,52.4,45.4,43.4,47.4,50.2,51.2,49.2,20.5,17.6,23.4,0.566,7.36,0.183,6.54,6.18,8.67,0.158,4.79,3.45,0.0364,0.26,0.509,41.7,32.0,86,29,600,6.6,16.8,6.9,9.4,8.4,7.3,7.9,9.3,8.3,7.3,9.5,17.9,6.2,10.6,132.0,0,0,0,0,0,0
51.9,51.6,52.2,46.3,47.4,45.2,50.6,51.0,50.2,19.9,21.6,18.2,0.599,7.81,0.194,6.83,6.51,9.0,0.168,4.98,3.66,0.0365,0.274,0.528,41.0,32.0,86,30,600,7.3,16.0,7.8,9.0,9.0,6.9,9.0,9.0,8.6,8.1,8.8,15.9,5.6,9.7,131.0,0,0,0,0,0,0
51.0,51.6,50.4,48.8,46.8,50.8,52.3,51.4,53.2,21.7,24.8,18.6,0.619,8.06,0.199,6.98,6.83,9.43,0.187,5.21,3.82,0.0366,0.375,0.549,40.6,32.0,93,30,600,6.3,18.3,8.5,8.1,7.7,8.7,7.6,7.8,8.2,8.0,8.6,15.6,5.6,10.5,130.0,0,0,0,0,0,0
56.5,57.2,55.8,49.4,49.4,49.4,51.3,52.4,50.2,21.4,19.4,23.4,0.65,8.37,0.206,7.07,7.11,9.83,0.198,5.36,3.95,0.0356,0.386,0.564,40.6,32.0,92,32,600,6.0,17.4,7.8,7.9,8.3,8.9,7.1,9.7,7.5,9.8,8.5,15.6,5.1,10.1,130.0,0,0,0,0,0,0
51.4,52.0,50.8,49.1,47.0,51.2,53.8,54.2,53.4,20.6,20.2,21.0,0.69,8.49,0.215,7.34,7.41,10.2,0.207,5.6,4.09,0.0357,0.391,0.584,40.3,32.0,88,29,600,5.9,16.7,9.4,7.9,8.7,8.2,7.7,8.2,10.8,8.4,7.1,17.4,5.2,11.8,133.0,0,0,0,0,0,0
50.4,50.8,50.0,50.1,48.8,51.4,52.0,50.4,53.6,21.9,19.6,24.2,0.721,8.73,0.227,7.53,7.69,10.7,0.214,5.85,4.26,0.0365,0.401,0.606,40.3,32.0,92,31,600,5.8,17.5,6.9,8.1,7.6,8.3,8.8,8.5,7.6,7.6,9.1,19.0,6.1,9.5,130.0,0,0,0,0,0,0
55.7,58.4,53.0,48.5,49.0,48.0,52.3,52.0,52.6,21.9,20.4,23.4,0.791,9.62,0.241,8.23,8.53,11.9,0.235,6.37,4.7,0.0365,0.43,0.668,40.6,32.0,100,33,600,5.5,16.2,9.2,9.8,7.8,6.6,8.3,6.9,7.5,7.8,9.1,15.0,4.6,11.4,126.0,0,0,0,0,0,0
62.8,62.6,63.0,52.4,51.5,53.3,64.1,63.4,64.8,21.8,19.2,24.4,0.721,9.3,0.229,7.91,7.84,11.3,0.217,5.95,4.51,0.0365,0.418,0.621,70.7,55.0,210,82,800,46.6,19.2,9.3,10.0,9.4,12.7,9.5,9.8,10.0,9.6,11.2,21.5,7.7,13.9,200.0,0,0,0,0,0,0
61.5,60.2,62.8,53.1,54.2,52.0,57.6,58.4,56.8,20.8,20.2,21.4,0.766,9.48,0.235,8.23,8.1,11.8,0.235,5.96,4.56,0.0367,0.423,0.633,62.4,47.0,100,36,800,7.9,23.7,10.9,11.8,11.6,10.1,10.1,11.9,8.2,10.0,9.8,22.7,7.3,16.2,172.0,0,0,0,0,0,0
59.9,60.8,59.0,51.7,50.6,52.8,57.6,57.4,57.8,20.7,17.2,24.2,0.784,9.69,0.244,8.35,8.1,12.2,0.23,6.29,4.71,0.0358,0.343,0.653,59.1,44.0,120,39,800,7.4,26.0,10.1,11.0,11.9,10.8,11.0,10.0,10.4,10.6,11.5,21.8,8.4,14.3,175.0,0,0,0,0,0,0
61.7,61.8,61.6,53.6,55.0,52.2,59.7,58.6,60.8,22.1,25.8,18.4,0.819,10.0,0.255,8.6,8.27,12.9,0.241,6.5,4.95,0.0358,0.349,0.679,58.6,45.0,140,47,800,6.6,22.5,10.6,10.6,9.9,10.0,11.5,11.7,9.9,12.1,12.7,23.7,8.7,17.2,178.0,0,0,0,0,0,0
60.7,61.0,60.4,51.1,52.2,50.0,59.0,57.6,60.4,20.6,24.4,16.8,0.869,10.3,0.27,9.06,8.55,13.3,0.253,6.61,5.1,0.0369,0.359,0.705,56.9,44.0,100,40,800,8.5,20.3,11.7,9.7,11.4,9.4,10.6,9.7,10.8,11.0,12.4,23.6,8.1,13.6,171.0,0,0,0,0,0,0
60.3,59.2,61.4,56.3,55.8,56.8,60.9,59.6,62.2,21.7,20.8,22.6,0.914,10.6,0.281,9.26,8.65,13.8,0.27,6.66,5.29,0.0366,0.367,0.712,57.2,45.0,150,44,800,8.3,21.0,11.5,11.0,11.8,11.0,11.2,10.7,9.0,11.1,9.9,23.8,8.7,15.4,174.0,0,0,0,0,0,0
60.2,59.6,60.8,55.7,55.1,56.3,59.7,59.8,59.6,22.5,22.2,22.8,0.951,10.9,0.295,9.58,8.75,14.0,0.287,6.83,5.47,0.0367,0.463,0.739,56.2,44.0,110,42,800,8.3,22.9,12.1,10.4,14.0,11.1,11.7,11.0,10.2,10.9,9.8,23.0,8.2,14.8,178.0,0,0,0,0,0,0
61.3,60.8,61.8,51.6,51.4,51.8,59.6,60.8,58.4,20.5,23.4,17.6,1.07,11.8,0.322,10.3,9.75,15.5,0.318,7.55,5.96,0.0356,0.499,0.83,55.5,44.0,100,42,800,6.1,22.0,10.4,10.4,11.2,10.2,10.1,11.3,11.1,10.2,11.0,23.6,8.5,17.1,173.0,0,0,0,0,0,0
69.8,71.6,68.0,57.7,58.2,57.2,62.6,63.0,62.2,23.3,21.8,24.8,0.963,11.1,0.294,9.7,9.0,14.8,0.274,7.02,5.55,0.0371,0.473,0.747,171.0,110.0,750,280,1000,30.0,24.9,13.3,12.2,13.7,12.1,11.2,12.9,11.6,12.8,12.7,24.3,7.0,18.6,217.0,0,0,0,0,0,0
68.5,69.4,67.6,56.5,57.6,55.4,64.5,64.2,64.8,22.5,24.2,20.8,0.994,11.2,0.29,9.79,9.05,15.5,0.284,7.01,5.73,0.0361,0.474,0.761,152.0,100.0,220,87,1000,10.6,28.0,12.8,14.5,14.0,11.6,13.8,13.9,12.3,13.4,11.9,29.0,9.2,20.6,216.0,0,0,0,0,0,0
68.4,66.8,70.0,54.9,55.0,54.8,64.3,65.0,63.6,20.7,21.8,19.6,0.985,11.6,0.303,9.9,9.1,15.7,0.288,7.1,5.94,0.0353,0.476,0.762,140.0,97.0,210,88,1000,8.7,30.1,11.3,13.3,14.0,14.2,13.3,11.5,14.3,13.9,14.4,28.3,10.3,19.0,217.0,0,0,0,0,0,0
68.2,67.2,69.2,54.3,54.8,53.8,65.1,65.4,64.8,20.7,19.6,21.8,1.02,11.6,0.313,10.1,9.17,16.0,0.309,7.09,6.14,0.0355,0.402,0.788,134.0,96.0,280,90,1000,10.6,27.3,12.9,13.7,14.0,15.2,12.7,12.2,14.0,14.3,13.2,28.8,11.5,17.4,218.0,0,0,0,0,0,0
67.1,67.2,67.0,55.3,55.2,55.4,64.6,63.6,65.6,22.6,24.2,21.0,1.04,11.8,0.32,10.0,9.24,16.4,0.305,7.29,6.28,0.0364,0.399,0.798,134.0,97.0,320,110,1000,8.8,26.2,14.0,13.4,11.9,12.4,13.9,15.3,14.5,12.6,12.3,27.8,9.0,16.9,209.0,0,0,0,0,0,0
68.8,69.6,68.0,55.0,56.4,53.6,65.4,64.0,66.8,23.8,20.0,27.6,1.04,11.7,0.318,10.2,9.25,16.8,0.302,7.27,6.38,0.0374,0.514,0.811,133.0,97.0,320,97,1000,10.0,26.9,15.3,13.2,13.7,13.3,14.8,14.1,12.8,13.7,13.1,29.4,9.2,15.6,215.0,0,0,0,0,0,0
70.8,70.0,71.6,55.0,53.0,57.0,65.4,65.2,65.6,21.8,19.0,24.6,1.13,12.7,0.344,10.9,10.1,18.1,0.337,7.79,6.8,0.0373,0.54,0.884,136.0,98.0,400,110,1000,11.1,25.6,12.7,13.4,11.4,13.3,14.2,15.0,14.8,13.2,13.1,29.3,9.7,17.7,215.0,0,0,0,0,0,0
52.4,51.8,53.0,43.9,44.0,43.8,51.7,52.2,51.2,20.5,17.2,23.8,0.515,7.28,0.166,6.46,5.98,8.36,0.143,4.57,3.27,0.0386,0.252,0.458,43.6,34.0,96,29,600,18.5,18.7,7.8,8.1,6.5,7.6,7.4,8.7,9.3,9.2,7.8,17.0,6.5,13.1,146.0,0,0,0,0,0,0
52.3,51.8,52.8,44.3,44.0,44.6,52.7,54.2,51.2,20.2,22.6,17.8,0.537,7.46,0.176,6.73,6.2,8.78,0.152,4.75,3.36,0.0369,0.262,0.485,42.3,33.0,95,29,600,7.3,16.3,7.7,7.7,8.4,9.5,7.9,7.1,7.2,7.8,8.5,16.1,5.5,11.6,129.0,0,0,0,0,0,0
51.7,52.0,51.4,48.9,49.0,48.8,52.8,51.0,54.6,19.7,22.2,17.2,0.571,7.81,0.186,6.95,6.44,9.06,0.158,4.94,3.55,0.0377,0.273,0.513,41.7,32.0,93,29,600,6.3,17.3,8.0,6.8,8.1,7.6,8.3,9.0,8.3,8.3,9.9,18.2,5.1,12.4,134.0,0,0,0,0,0,0
52.0,50.8,53.2,45.9,45.8,46.0,52.8,52.6,53.0,20.4,21.0,19.8,0.603,7.96,0.194,7.25,6.7,9.49,0.169,5.1,3.77,0.0368,0.386,0.541,41.5,32.0,96,30,600,5.1,18.6,6.9,8.5,8.4,6.8,9.2,9.8,8.7,9.6,8.8,17.3,4.8,9.9,132.0,0,0,0,0,0,0
49.4,49.4,49.4,45.0,43.0,47.0,54.1,53.0,55.2,20.6,22.2,19.0,0.645,8.36,0.201,7.49,6.84,9.97,0.176,5.36,3.91,0.0378,0.396,0.555,41.3,32.0,97,31,600,7.0,18.5,7.3,9.1,6.9,9.8,5.9,8.7,9.0,7.1,9.7,16.6,5.4,11.3,132.0,0,0,0,0,0,0
51.9,51.8,52.0,46.4,48.4,44.4,53.7,51.4,56.0,22.3,20.2,24.4,0.691,8.63,0.214,7.84,7.12,10.2,0.186,5.58,4.09,0.0385,0.406,0.581,41.0,32.0,90,30,600,5.1,17.9,8.5,7.6,7.9,8.9,7.9,9.1,7.9,8.2,8.4,16.3,5.4,12.1,131.0,0,0,0,0,0,0
52.2,53.2,51.2,43.9,44.4,43.4,54.7,53.4,56.0,19.7,22.8,16.6,0.709,8.88,0.219,8.06,7.38,10.8,0.194,5.77,4.26,0.0364,0.415,0.606,40.8,31.0,92,29,600,4.6,17.1,8.6,8.4,8.8,7.2,8.3,8.1,8.6,9.9,9.1,19.3,6.3,11.0,135.0,0,0,0,0,0,0
51.6,51.6,51.6,45.1,45.7,44.5,51.1,52.4,49.8,21.2,22.4,20.0,0.798,9.65,0.243,8.94,8.12,11.7,0.217,6.24,4.69,0.0363,0.445,0.667,40.6,31.0,88,29,600,5.5,17.2,8.3,8.4,6.6,7.9,7.0,8.1,8.2,7.7,8.0,17.1,5.4,10.7,126.0,0,0,0,0,0,0
62.2,61.6,62.8,49.5,50.0,49.0,59.5,58.4,60.6,21.7,22.8,20.6,0.748,9.27,0.223,8.43,7.5,11.5,0.199,5.93,4.45,0.0376,0.428,0.604,76.6,59.0,240,92,800,44.9,21.8,9.9,8.3,8.7,9.3,9.8,9.6,9.4,10.1,10.1,20.0,6.6,13.8,192.0,0,0,0,0,0,0
61.6,60.4,62.8,53.1,52.8,53.4,62.3,61.6,63.0,20.8,22.4,19.2,0.795,9.44,0.231,8.67,7.71,11.7,0.214,5.98,4.47,0.038,0.331,0.634,65.9,48.0,98,35,800,9.8,23.8,9.4,9.3,11.0,11.6,11.8,10.4,10.0,10.6,9.6,20.8,7.0,14.8,170.0,0,0,0,0,0,0
60.8,59.8,61.8,49.1,48.2,50.0,58.4,57.6,59.2,20.5,19.2,21.8,0.814,9.67,0.242,8.65,7.92,12.1,0.224,6.14,4.69,0.037,0.338,0.65,62.3,46.0,130,40,800,7.6,24.7,11.5,10.1,10.7,11.1,10.8,10.6,11.1,10.6,12.6,24.4,8.2,15.6,180.0,0,0,0,0,0,0
63.5,62.2,64.8,53.3,54.0,52.6,59.0,58.6,59.4,22.4,25.2,19.6,0.847,9.85,0.25,8.99,8.07,12.7,0.231,6.28,4.81,0.0368,0.34,0.66,60.1,45.0,120,42,800,8.9,22.1,11.1,10.3,10.3,13.5,8.9,11.8,10.6,10.6,10.5,22.1,7.4,15.8,174.0,0,0,0,0,0,0
61.2,60.4,62.0,55.2,56.0,54.4,60.8,60.2,61.4,20.3,21.4,19.2,0.862,10.2,0.264,9.01,8.2,13.2,0.244,6.5,5.05,0.0362,0.355,0.695,59.1,45.0,130,42,800,7.8,22.2,11.6,11.1,11.3,10.1,10.5,12.5,10.9,10.5,9.2,22.8,8.4,15.1,174.0,0,0,0,0,0,0
60.9,62.8,59.0,51.8,49.8,53.8,58.8,58.2,59.4,20.6,17.6,23.6,0.912,10.4,0.276,9.33,8.38,13.4,0.256,6.74,5.27,0.0381,0.362,0.697,58.2,45.0,120,45,800,7.5,23.1,9.8,10.6,11.8,7.8,10.2,11.3,12.5,12.4,10.7,23.2,8.2,14.8,174.0,0,0,0,0,0,0
63.5,64.6,62.4,53.6,53.4,53.8,58.5,57.2,59.8,20.6,18.6,22.6,0.919,10.7,0.275,9.54,8.63,13.8,0.26,6.8,5.37,0.0366,0.472,0.729,57.2,44.0,120,39,800,7.7,21.8,10.6,11.8,10.4,11.3,12.3,9.7,9.9,11.1,10.5,22.5,6.7,12.5,169.0,0,0,0,0,0,0
64.1,65.2,63.0,52.7,51.0,54.4,62.4,60.4,64.4,20.4,20.8,20.0,1.01,11.5,0.302,10.4,9.49,15.2,0.278,7.43,5.92,0.0368,0.507,0.803,56.7,44.0,130,41,800,6.4,23.6,12.2,12.0,11.8,10.7,9.9,10.9,11.0,9.7,10.6,22.1,6.6,15.5,173.0,0,0,0,0,0,0
70.2,71.2,69.2,53.7,54.4,53.0,64.3,63.0,65.6,21.6,19.6,23.6,0.963,11.0,0.285,9.73,9.04,14.8,0.264,6.97,5.67,0.037,0.484,0.751,157.0,110.0,600,250,1000,30.7,26.3,12.5,13.2,13.7,12.4,11.5,12.5,11.4,13.7,12.1,26.3,7.3,17.9,222.0,0,0,0,0,0,0
69.5,68.8,70.2,55.1,56.4,53.8,64.3,64.4,64.2,20.8,22.8,18.8,0.959,11.3,0.293,9.87,8.94,14.9,0.267,7.1,5.78,0.0378,0.494,0.768,143.0,100.0,240,93,1000,12.1,25.7,14.4,14.1,14.4,10.7,11.9,14.4,14.7,13.5,14.0,31.0,11.2,20.8,223.0,0,0,0,0,0,0
68.6,69.0,68.2,55.5,55.4,55.6,61.7,60.8,62.6,22.2,18.2,26.2,0.969,11.4,0.29,9.88,9.08,15.7,0.271,7.13,5.92,0.0367,0.506,0.777,141.0,100.0,320,110,1000,10.2,29.3,13.7,14.3,13.3,11.2,12.7,14.1,15.5,13.0,13.3,25.4,9.5,19.4,215.0,0,0,0,0,0,0
69.3,72.4,66.2,56.2,54.6,57.8,61.3,61.2,61.4,21.5,19.6,23.4,1.02,11.7,0.299,10.1,9.29,16.1,0.286,7.22,6.04,0.0367,0.405,0.79,142.0,100.0,410,110,1000,10.1,27.6,14.4,12.5,12.1,14.9,13.5,14.2,13.8,11.3,13.9,27.6,9.5,20.2,216.0,0,0,0,0,0,0
69.9,66.8,73.0,55.1,54.4,55.8,62.6,61.4,63.8,20.8,21.8,19.8,1.04,11.9,0.317,10.2,9.34,16.5,0.292,7.2,6.24,0.0356,0.404,0.807,138.0,100.0,300,86,1000,8.7,28.8,13.0,13.1,15.7,13.6,13.1,15.1,12.6,12.4,12.1,28.8,9.5,18.6,215.0,0,0,0,0,0,0
71.8,71.0,72.6,56.1,54.6,57.6,67.0,66.2,67.8,22.7,22.0,23.4,1.06,11.9,0.323,10.2,9.53,17.0,0.298,7.28,6.46,0.0353,0.529,0.83,136.0,100.0,280,110,1000,8.7,29.7,13.0,13.3,13.9,14.0,14.6,13.6,12.0,14.8,14.7,31.1,9.5,19.4,222.0,0,0,0,0,0,0
66.2,65.0,67.4,55.0,53.5,56.5,61.6,63.2,60.0,22.0,22.8,21.2,1.19,12.7,0.349,10.9,10.3,18.3,0.324,7.88,6.98,0.0373,0.55,0.903,137.0,100.0,330,120,1000,8.7,28.1,15.5,13.3,14.0,14.8,14.1,12.4,13.6,13.5,13.1,29.1,10.7,16.7,218.0,0,0,0,0,0,0
61.4,60.4,62.4,26.8,28.4,25.2,60.5,60.8,60.2,19.6,15.2,24.0,1.34,14.1,0.383,12.2,11.4,20.3,0.357,8.72,7.79,0.0356,0.595,0.994,135.0,100.0,260,99,1000,9.1,28.6,12.8,14.2,13.6,12.7,14.9,14.1,13.0,12.9,13.0,27.8,9.2,18.8,215.0,0,0,0,0,0,0
53.4,53.4,53.4,45.4,42.6,48.2,50.6,50.4,50.8,19.8,16.0,23.6,0.536,6.89,0.171,6.3,5.94,8.2,0.149,4.52,3.23,0.0361,0.268,0.463,47.0,36.0,96,30,600,20.3,17.0,7.6,9.0,9.5,9.1,8.0,9.1,7.3,8.2,8.0,17.8,5.1,11.2,147.0,0,0,0,0,0,0
53.8,54.8,52.8,46.0,46.0,46.0,49.9,50.2,49.6,21.7,23.6,19.8,0.545,7.46,0.177,6.38,6.29,8.56,0.151,4.69,3.31,0.0369,0.279,0.481,43.7,34.0,82,29,600,6.1,19.4,7.9,7.4,8.6,8.7,7.0,8.3,7.4,8.4,9.2,16.1,5.2,9.6,129.0,0,0,0,0,0,0
53.7,52.4,55.0,45.6,45.8,45.4,51.4,50.0,52.8,21.7,19.6,23.8,0.57,7.68,0.183,6.6,6.58,9.06,0.161,4.9,3.56,0.0371,0.286,0.504,42.5,33.0,87,30,600,5.2,16.8,8.9,8.3,7.5,8.4,5.9,7.4,7.7,9.1,8.4,17.0,5.1,10.5,126.0,0,0,0,0,0,0
53.0,55.6,50.4,46.1,43.8,48.4,53.8,52.4,55.2,20.2,17.8,22.6,0.604,7.92,0.194,6.85,6.98,9.45,0.171,5.13,3.7,0.037,0.393,0.539,41.8,32.0,91,30,600,5.6,17.8,8.2,9.6,9.2,9.5,7.0,8.8,6.1,9.4,8.8,18.9,6.2,11.3,136.0,0,0,0,0,0,0
54.4,54.6,54.2,44.4,43.2,45.6,51.0,52.0,50.0,19.5,19.2,19.8,0.64,8.25,0.201,7.03,7.2,9.91,0.176,5.38,3.89,0.0371,0.404,0.551,41.4,32.0,89,31,600,4.2,16.8,8.3,7.9,9.4,7.3,7.4,8.8,10.2,8.4,8.4,18.0,6.4,11.4,133.0,0,0,0,0,0,0
53.2,54.4,52.0,47.0,49.2,44.8,50.1,48.6,51.6,20.1,19.2,21.0,0.695,8.45,0.216,7.24,7.64,10.6,0.195,5.57,4.1,0.0359,0.41,0.579,41.7,32.0,100,33,600,6.6,16.3,8.2,6.4,7.4,8.4,6.8,7.1,8.6,7.6,8.4,15.1,6.0,13.4,126.0,0,0,0,0,0,0
51.7,53.8,49.6,45.8,45.0,46.6,50.4,50.6,50.2,20.1,24.8,15.4,0.724,8.88,0.224,7.38,7.9,10.8,0.199,5.74,4.24,0.0376,0.423,0.596,41.2,32.0,86,30,600,5.2,16.2,8.1,8.5,8.0,8.3,8.1,7.5,8.3,8.2,8.0,16.3,5.1,12.7,129.0,0,0,0,0,0,0
52.8,54.8,50.8,46.5,47.8,45.2,50.9,51.0,50.8,20.2,22.8,17.6,0.817,9.64,0.249,8.11,8.81,12.1,0.227,6.35,4.69,0.0369,0.451,0.674,41.0,32.0,88,30,600,5.4,14.8,8.6,8.7,7.0,7.8,8.2,8.9,8.8,9.3,8.4,18.1,6.9,10.8,132.0,0,0,0,0,0,0
63.9,64.6,63.2,55.4,55.8,55.0,62.8,63.6,62.0,20.3,18.4,22.2,0.82,9.41,0.25,7.96,8.09,11.7,0.237,6.07,4.46,0.0371,0.433,0.629,72.5,53.0,270,76,800,45.9,21.7,10.6,10.7,11.9,9.1,8.6,10.7,9.3,10.6,10.5,21.5,7.3,13.6,202.0,0,0,0,0,0,0
61.9,61.0,62.8,56.3,56.8,55.8,60.4,61.6,59.2,20.5,21.6,19.4,0.863,9.57,0.262,8.17,8.27,12.2,0.249,6.15,4.63,0.0373,0.351,0.654,64.8,49.0,110,40,800,7.4,23.5,10.5,10.8,11.3,11.8,10.2,11.7,11.5,9.2,10.3,23.3,8.3,14.4,174.0,0,0,0,0,0,0
59.8,58.4,61.2,57.9,58.6,57.2,59.6,58.2,61.0,22.0,19.4,24.6,0.867,9.84,0.262,8.41,8.57,12.4,0.252,6.25,4.8,0.0382,0.355,0.657,61.6,47.0,120,42,800,6.1,23.8,8.5,12.6,10.1,9.8,11.5,11.7,10.4,11.3,11.5,24.1,7.7,14.7,174.0,0,0,0,0,0,0
63.3,63.2,63.4,55.2,56.8,53.6,58.8,59.6,58.0,20.4,21.2,19.6,0.911,10.0,0.268,8.79,8.59,12.7,0.259,6.46,5.06,0.0384,0.364,0.674,59.7,46.0,130,40,800,7.4,24.2,11.4,8.9,10.6,11.4,9.2,11.0,12.7,11.2,11.6,22.2,8.2,14.2,174.0,0,0,0,0,0,0
62.6,62.2,63.0,55.2,54.2,56.2,60.1,61.2,59.0,21.3,24.8,17.8,0.922,10.1,0.281,8.92,8.74,13.1,0.272,6.57,5.19,0.0365,0.373,0.701,58.1,45.0,110,42,800,6.9,23.4,9.9,9.9,12.1,11.1,10.3,11.4,12.3,9.4,11.0,20.8,7.1,14.8,170.0,0,0,0,0,0,0
61.8,59.6,64.0,56.7,57.6,55.8,61.7,62.0,61.4,20.3,19.4,21.2,0.94,10.4,0.279,9.17,8.97,13.6,0.277,6.84,5.32,0.0374,0.382,0.714,56.9,44.0,110,40,800,7.0,21.6,10.7,9.3,10.7,11.3,10.9,12.8,10.9,9.2,11.2,21.7,6.5,14.1,168.0,0,0,0,0,0,0
62.5,64.0,61.0,55.6,54.0,57.2,61.9,61.4,62.4,20.9,19.8,22.0,0.935,10.6,0.284,9.58,9.04,14.2,0.264,6.91,5.53,0.0365,0.497,0.737,56.6,45.0,120,46,800,6.7,22.3,13.0,9.5,10.5,10.4,11.2,11.9,11.5,12.0,10.1,23.9,7.1,15.9,176.0,0,0,0,0,0,0
62.3,60.4,64.2,51.2,52.0,50.4,61.1,59.2,63.0,21.8,17.8,25.8,1.03,11.6,0.314,10.4,9.96,15.4,0.296,7.58,5.98,0.0365,0.526,0.817,55.9,44.0,110,42,800,6.3,23.2,10.1,11.9,10.5,11.1,10.6,11.7,10.4,10.3,11.1,21.6,7.5,15.4,172.0,0,0,0,0,0,0
68.7,69.0,68.4,56.2,55.0,57.4,63.9,62.8,65.0,20.8,22.2,19.4,0.963,11.0,0.288,9.75,8.89,14.9,0.278,6.86,5.53,0.0372,0.502,0.723,208.0,110.0,920,340,1000,29.6,21.8,13.7,14.4,11.7,14.9,12.6,13.4,12.3,10.9,11.2,27.0,9.9,15.7,219.0,0,0,0,0,0,0
68.7,67.0,70.4,55.8,55.2,56.4,64.2,63.4,65.0,20.3,20.2,20.4,0.972,11.2,0.297,9.88,8.91,15.2,0.28,6.95,5.71,0.0372,0.513,0.741,184.0,100.0,290,95,1000,12.2,28.3,13.3,14.7,14.8,13.1,12.7,14.1,11.5,11.0,12.8,27.4,9.0,19.9,215.0,0,0,0,0,0,0
71.5,72.0,71.0,56.8,55.8,57.8,64.7,65.2,64.2,20.8,19.6,22.0,1.02,11.4,0.305,10.3,9.11,15.7,0.279,7.04,5.81,0.0373,0.518,0.756,174.0,110.0,330,110,1000,8.4,26.4,12.9,13.4,12.8,14.5,14.0,12.6,13.4,14.2,13.8,27.7,10.2,18.0,212.0,0,0,0,0,0,0
69.4,69.0,69.8,56.7,56.0,57.4,63.4,61.4,65.4,19.8,23.2,16.4,1.05,11.5,0.317,10.4,8.95,16.1,0.284,7.11,6.17,0.0367,0.411,0.773,169.0,110.0,400,110,1000,8.6,27.6,12.7,14.0,13.0,13.5,13.0,12.7,13.5,12.9,11.7,28.3,9.6,20.3,211.0,0,0,0,0,0,0
68.6,69.8,67.4,56.2,56.6,55.8,65.7,64.4,67.0,20.5,21.0,20.0,1.11,11.8,0.324,10.5,8.89,16.6,0.297,7.07,6.21,0.0375,0.431,0.788,158.0,100.0,210,84,1000,10.0,26.8,13.3,11.9,13.1,13.5,13.2,13.2,13.8,15.5,13.7,28.0,9.5,20.7,216.0,0,0,0,0,0,0
71.5,70.6,72.4,56.6,55.6,57.6,67.0,68.0,66.0,20.0,17.0,23.0,1.11,12.1,0.33,10.8,9.07,16.7,0.307,7.32,6.24,0.0386,0.547,0.796,151.0,100.0,240,92,1000,10.4,27.1,13.7,13.2,13.0,13.0,13.5,15.4,13.1,10.5,13.2,29.6,8.7,18.4,213.0,0,0,0,0,0,0
67.4,67.6,67.2,56.0,56.0,56.0,60.4,60.8,60.0,19.3,19.6,19.0,1.19,12.8,0.351,11.4,9.83,18.4,0.33,7.83,6.82,0.0388,0.576,0.88,145.0,99.0,220,93,1000,9.6,27.4,13.6,14.9,12.6,14.6,11.2,12.5,13.5,13.0,13.7,30.3,10.0,16.4,213.0,0,0,0,0,0,0
52.8,54.0,51.6,47.5,46.6,48.4,50.6,51.8,49.4,19.8,20.6,19.0,0.582,7.05,0.185,6.21,6.16,8.29,0.165,4.62,3.31,0.0376,0.258,0.474,44.4,35.0,96,30,600,20.6,16.5,8.9,9.2,9.4,9.3,8.2,7.2,10.1,9.7,6.9,19.3,7.1,12.1,155.0,0,0,0,0,0,0
52.3,50.0,54.6,45.7,44.4,47.0,50.5,50.8,50.2,19.6,18.8,20.4,0.606,7.3,0.188,6.47,6.3,8.74,0.17,4.81,3.47,0.0376,0.27,0.495,42.7,34.0,92,30,600,5.1,16.6,8.9,7.2,8.8,8.9,7.3,7.3,9.5,7.8,9.6,18.6,5.8,11.2,133.0,0,0,0,0,0,0
52.8,52.0,53.6,50.1,49.2,51.0,52.6,51.2,54.0,20.1,20.0,20.2,0.603,7.61,0.195,6.73,6.55,9.08,0.174,4.95,3.61,0.0385,0.28,0.511,41.2,32.0,82,27,600,5.9,17.1,8.4,8.3,7.1,8.6,8.1,7.2,8.9,8.7,6.7,15.0,5.0,11.7,127.0,0,0,0,0,0,0
52.3,52.0,52.6,49.9,49.2,50.6,52.9,54.0,51.8,20.5,20.2,20.8,0.611,7.82,0.2,7.12,6.81,9.4,0.176,5.25,3.85,0.0374,0.396,0.53,41.4,32.0,110,31,600,5.8,17.8,7.9,9.9,9.1,9.7,8.4,8.4,6.8,9.2,7.1,17.0,5.1,11.6,134.0,0,0,0,0,0,0
50.5,50.2,50.8,47.0,46.2,47.8,50.0,51.6,48.4,19.3,19.4,19.2,0.632,8.1,0.205,7.36,6.97,9.82,0.187,5.38,3.98,0.0367,0.409,0.553,41.6,32.0,96,32,600,6.4,15.8,7.5,9.4,9.2,9.3,7.5,7.9,7.7,7.7,8.3,16.5,4.6,12.4,130.0,0,0,0,0,0,0
52.6,49.4,55.8,49.9,50.6,49.2,55.1,53.6,56.6,19.8,22.0,17.6,0.679,8.45,0.216,7.84,7.12,10.4,0.195,5.64,4.16,0.0375,0.416,0.58,41.4,32.0,95,31,600,5.1,15.5,9.4,7.2,10.3,6.5,8.6,7.3,8.4,8.7,8.1,19.4,6.7,10.1,131.0,0,0,0,0,0,0
53.4,52.0,54.8,49.6,49.8,49.4,55.9,55.8,56.0,20.6,20.8,20.4,0.719,8.89,0.222,8.08,7.44,10.9,0.198,5.82,4.36,0.0383,0.428,0.603,41.2,32.0,87,31,600,5.4,16.4,8.4,8.4,8.0,7.6,7.5,8.6,8.5,8.5,8.1,19.3,6.2,11.3,132.0,0,0,0,0,0,0
51.2,51.6,50.8,49.1,51.0,47.2,53.0,52.8,53.2,20.0,17.8,22.2,0.792,9.72,0.248,8.97,8.11,12.0,0.222,6.48,4.75,0.0375,0.46,0.673,40.9,32.0,85,30,600,6.0,16.4,8.1,8.5,8.1,8.4,10.4,7.7,8.0,5.5,8.0,16.6,5.4,13.8,131.0,0,0,0,0,0,0
65.7,64.0,67.4,52.2,50.6,53.8,63.1,62.2,64.0,21.5,18.8,24.2,0.789,9.56,0.238,8.54,7.54,11.7,0.215,6.09,4.52,0.0372,0.445,0.634,81.6,61.0,290,94,800,45.3,20.4,8.5,10.0,11.2,10.2,9.5,8.8,10.4,9.5,8.7,21.5,7.2,12.9,194.0,0,0,0,0,0,0
61.3,60.6,62.0,52.8,53.6,52.0,60.0,59.0,61.0,21.7,20.8,22.6,0.836,9.67,0.245,8.81,7.71,11.9,0.222,6.2,4.61,0.0362,0.461,0.655,71.4,53.0,120,38,800,8.1,24.5,10.8,9.6,11.1,10.6,11.5,10.6,11.7,11.4,10.8,24.9,8.3,14.3,178.0,0,0,0,0,0,0
61.6,62.2,61.0,53.3,51.4,55.2,60.0,59.6,60.4,21.2,19.4,23.0,0.873,9.79,0.26,9.13,7.85,12.3,0.238,6.36,4.77,0.0373,0.359,0.686,66.5,50.0,130,40,800,6.5,23.4,11.8,12.0,10.1,11.2,11.0,11.3,10.9,12.4,11.5,26.4,7.8,12.3,179.0,0,0,0,0,0,0
61.4,61.6,61.2,54.7,54.0,55.4,61.4,61.0,61.8,21.4,21.2,21.6,0.911,10.3,0.266,9.19,8.13,12.9,0.244,6.41,4.98,0.0383,0.366,0.701,63.9,47.0,140,40,800,8.1,23.2,11.2,10.5,12.4,10.1,9.2,11.2,11.5,9.8,10.7,23.3,8.1,14.6,174.0,0,0,0,0,0,0
61.8,61.4,62.2,53.4,51.4,55.4,59.4,59.4,59.4,19.6,16.6,22.6,0.914,10.5,0.275,9.53,8.15,13.4,0.255,6.68,5.15,0.0383,0.376,0.709,62.8,47.0,150,44,800,7.4,22.2,12.1,10.7,11.8,10.2,10.9,12.2,9.9,12.2,11.0,24.2,7.9,15.0,178.0,0,0,0,0,0,0
61.4,60.6,62.2,53.3,51.2,55.4,64.6,64.0,65.2,20.5,18.0,23.0,0.951,10.7,0.291,9.62,8.31,13.7,0.259,6.78,5.32,0.0373,0.38,0.743,60.8,46.0,100,42,800,9.6,23.6,10.5,12.0,9.9,9.9,10.2,11.6,10.0,11.9,11.3,24.1,7.1,16.2,178.0,0,0,0,0,0,0
63.4,63.4,63.4,54.6,53.6,55.6,63.6,63.2,64.0,20.0,22.0,18.0,0.973,10.9,0.292,9.98,8.49,14.3,0.268,6.99,5.52,0.0375,0.486,0.751,59.5,45.0,120,40,800,7.4,21.9,10.9,12.1,9.0,11.6,10.4,10.4,11.1,11.8,12.1,23.0,7.4,15.0,174.0,0,0,0,0,0,0
61.4,63.0,59.8,52.2,53.4,51.0,60.8,61.2,60.4,20.2,21.6,18.8,1.04,11.8,0.313,10.8,9.34,15.7,0.293,7.51,5.97,0.0375,0.514,0.831,58.1,45.0,100,38,800,6.9,25.2,10.7,10.7,10.6,12.2,12.1,11.2,12.4,9.8,10.1,24.3,7.0,14.0,177.0,0,0,0,0,0,0
71.6,71.8,71.4,56.7,56.1,57.3,63.7,62.6,64.8,21.0,22.6,19.4,0.937,11.3,0.281,10.1,8.54,14.9,0.267,7.04,5.57,0.0377,0.485,0.743,149.0,110.0,530,210,1000,29.3,25.9,11.7,9.8,12.4,12.5,12.4,13.0,12.3,12.8,12.5,25.6,9.3,17.7,217.0,0,0,0,0,0,0
67.8,68.2,67.4,54.0,55.8,52.2,63.8,63.6,64.0,21.6,20.8,22.4,0.949,11.4,0.29,10.5,8.65,15.2,0.259,6.96,5.74,0.0377,0.489,0.766,147.0,110.0,380,110,1000,10.5,30.1,13.2,11.9,13.9,14.6,13.1,13.7,13.9,13.7,14.0,28.0,10.7,19.4,221.0,0,0,0,0,0,0
68.7,68.4,69.0,56.8,57.0,56.6,63.5,64.0,63.0,20.9,18.6,23.2,0.995,11.8,0.305,10.4,8.7,15.7,0.273,7.13,5.92,0.0378,0.495,0.777,137.0,100.0,260,82,1000,8.0,28.4,13.3,13.1,13.6,12.5,12.4,15.8,12.5,13.8,14.1,27.7,8.6,18.3,212.0,0,0,0,0,0,0
67.6,66.0,69.2,55.2,55.4,55.0,66.9,65.4,68.4,21.0,20.4,21.6,1.01,11.8,0.313,10.6,8.86,16.1,0.285,7.24,6.05,0.0386,0.402,0.78,125.0,92.0,160,59,1000,9.8,27.4,15.0,12.6,16.5,14.1,13.5,13.5,14.5,13.4,11.5,27.1,10.4,18.3,218.0,0,0,0,0,0,0
67.6,68.4,66.8,55.9,56.4,55.4,65.4,64.8,66.0,20.6,22.8,18.4,1.03,11.7,0.323,10.6,8.93,16.3,0.296,7.29,6.15,0.0377,0.406,0.81,125.0,94.0,310,100,1000,8.2,28.8,16.0,14.2,12.6,11.8,12.0,12.3,12.8,13.3,15.4,28.6,9.4,18.6,214.0,0,0,0,0,0,0
67.8,69.4,66.2,56.1,56.2,56.0,63.1,63.2,63.0,20.4,21.8,19.0,1.08,12.0,0.334,10.9,8.96,17.0,0.304,7.34,6.39,0.0367,0.514,0.809,122.0,93.0,220,89,1000,10.2,26.1,11.0,14.2,13.6,13.9,12.5,13.8,14.3,13.3,14.4,28.2,10.8,20.5,217.0,0,0,0,0,0,0
68.1,68.4,67.8,57.0,58.2,55.8,66.6,64.8,68.4,22.5,25.0,20.0,1.14,12.8,0.355,11.6,9.74,18.4,0.327,7.89,6.79,0.0384,0.542,0.888,116.0,88.0,140,63,1000,10.0,28.6,13.8,13.5,11.9,15.3,13.7,13.9,11.3,13.8,15.0,27.7,8.4,18.0,215.0,0,0,0,0,0,0
54.7,54.0,55.4,46.9,45.8,48.0,51.2,50.6,51.8,20.2,17.6,22.8,0.619,7.22,0.195,6.57,5.95,8.39,0.164,4.67,3.21,0.0373,0.261,0.491,43.9,34.0,90,28,600,18.3,16.1,9.3,8.8,9.4,7.8,8.1,9.9,8.1,8.7,8.0,18.2,6.9,12.5,150.0,0,0,0,0,0,0
52.0,51.0,53.0,48.5,47.5,49.5,49.3,49.8,48.8,21.2,24.2,18.2,0.626,7.41,0.195,6.73,6.28,8.67,0.17,4.76,3.39,0.0372,0.272,0.504,41.8,32.0,84,28,600,5.8,17.9,8.4,8.9,8.5,7.5,8.2,8.0,7.8,7.5,8.8,14.3,5.0,10.3,127.0,0,0,0,0,0,0
54.3,54.2,54.4,46.9,44.8,49.0,56.0,56.6,55.4,22.0,19.8,24.2,0.652,7.57,0.209,6.89,6.54,9.25,0.184,5.02,3.63,0.0372,0.395,0.538,41.4,32.0,90,31,600,4.5,19.1,8.3,8.4,8.5,8.2,7.6,8.1,10.2,8.3,8.1,20.8,6.4,9.6,136.0,0,0,0,0,0,0
55.7,56.6,54.8,44.4,42.0,46.8,53.4,54.0,52.8,21.3,24.2,18.4,0.673,7.82,0.216,7.18,6.74,9.68,0.184,5.23,3.74,0.0383,0.4,0.555,41.3,32.0,95,31,600,5.5,16.9,7.1,8.0,7.3,8.5,7.7,9.3,10.1,8.7,8.3,16.9,6.3,12.4,133.0,0,0,0,0,0,0
53.1,52.2,54.0,44.9,44.2,45.6,50.3,49.6,51.0,20.8,23.0,18.6,0.708,8.25,0.218,7.49,7.02,9.99,0.192,5.43,3.98,0.0375,0.416,0.568,40.8,32.0,86,29,600,6.9,15.5,8.5,8.2,8.4,9.5,9.6,8.7,7.8,6.1,8.4,18.3,6.5,10.7,133.0,0,0,0,0,0,0
54.0,51.6,56.4,46.5,46.4,46.6,53.4,54.0,52.8,21.2,21.8,20.6,0.701,8.42,0.222,7.82,7.31,10.5,0.197,5.63,4.06,0.0386,0.421,0.594,40.7,31.0,93,29,600,6.3,17.6,7.4,8.0,8.5,8.2,9.8,8.3,8.3,7.2,6.9,16.8,5.1,11.3,130.0,0,0,0,0,0,0
52.1,50.6,53.6,46.3,46.0,46.6,54.7,54.2,55.2,20.3,17.0,23.6,0.76,8.65,0.237,7.97,7.47,10.8,0.214,5.89,4.29,0.037,0.432,0.623,40.7,31.0,95,31,600,4.7,16.0,8.6,9.0,8.6,8.7,9.0,7.6,7.4,10.4,8.4,20.7,6.4,11.5,137.0,0,0,0,0,0,0
53.0,54.0,52.0,46.4,47.8,45.0,51.0,48.6,53.4,21.2,23.6,18.8,0.84,9.6,0.26,8.61,8.21,11.9,0.232,6.4,4.69,0.0379,0.461,0.686,40.9,31.0,98,31,600,5.4,18.1,7.8,8.9,7.3,8.8,8.2,7.2,7.0,7.5,8.4,18.7,7.0,11.7,132.0,0,0,0,0,0,0
63.2,64.6,61.8,53.0,53.0,53.0,61.1,62.2,60.0,20.0,19.4,20.6,0.799,9.36,0.249,8.27,7.6,11.4,0.222,5.95,4.45,0.038,0.442,0.636,69.7,55.0,210,81,800,46.0,18.6,10.2,9.1,9.3,12.7,10.2,12.0,10.3,10.1,10.1,20.3,6.7,12.8,198.0,0,0,0,0,0,0
60.3,59.8,60.8,50.7,49.8,51.6,57.0,58.2,55.8,20.4,22.8,18.0,0.805,9.58,0.248,8.44,7.99,11.8,0.22,6.21,4.51,0.038,0.334,0.641,62.3,48.0,110,36,800,6.7,22.3,9.8,11.8,13.0,10.6,11.5,10.4,11.8,9.5,12.3,22.6,6.7,16.3,175.0,0,0,0,0,0,0
60.8,61.2,60.4,51.2,53.0,49.4,58.6,58.6,58.6,20.6,18.4,22.8,0.801,9.9,0.252,8.57,8.02,12.2,0.232,6.34,4.75,0.0381,0.335,0.65,58.9,46.0,110,39,800,6.9,22.2,11.1,10.5,12.2,10.4,12.4,10.1,11.4,10.8,10.9,21.3,6.8,13.8,171.0,0,0,0,0,0,0
60.7,61.8,59.6,52.2,52.6,51.8,61.3,60.4,62.2,20.1,18.8,21.4,0.837,10.1,0.26,9.03,8.29,12.7,0.24,6.33,4.91,0.039,0.354,0.684,57.2,45.0,110,42,800,7.7,21.7,11.7,11.0,11.6,9.6,9.4,12.8,11.5,10.6,12.9,23.1,7.8,15.8,177.0,0,0,0,0,0,0
59.1,58.6,59.6,50.9,49.7,52.1,59.4,58.6,60.2,22.6,22.6,22.6,0.876,10.2,0.265,9.15,8.37,13.0,0.26,6.66,5.11,0.0391,0.357,0.678,55.8,44.0,100,40,800,6.5,25.6,11.2,9.3,9.3,10.6,10.4,9.3,11.0,11.4,10.0,22.4,7.6,14.9,170.0,0,0,0,0,0,0
60.5,61.0,60.0,50.0,48.4,51.6,61.6,62.8,60.4,19.8,17.6,22.0,0.861,10.5,0.263,9.29,8.62,13.4,0.258,6.63,5.22,0.039,0.362,0.697,54.8,43.0,110,40,800,7.8,22.6,10.0,9.1,12.3,10.6,11.1,11.0,13.0,10.7,11.5,20.4,6.0,14.6,171.0,0,0,0,0,0,0
62.6,63.0,62.2,51.7,50.4,53.0,60.1,59.2,61.0,20.3,16.6,24.0,0.86,10.5,0.27,9.31,8.63,13.6,0.266,6.85,5.33,0.0384,0.483,0.705,54.6,43.0,130,40,800,6.5,23.0,9.6,11.0,10.8,9.9,10.0,11.4,10.8,10.9,11.0,19.5,6.4,15.0,166.0,0,0,0,0,0,0
61.9,63.4,60.4,52.6,52.6,52.6,59.4,58.2,60.6,21.0,21.2,20.8,0.973,11.5,0.297,10.2,9.6,15.0,0.292,7.48,5.87,0.0383,0.511,0.783,53.6,42.0,100,35,800,7.3,21.5,9.5,9.9,10.8,10.7,11.2,9.8,12.0,10.5,10.6,21.3,7.8,15.4,168.0,0,0,0,0,0,0
70.5,67.8,73.2,59.5,58.4,60.6,61.0,61.0,61.0,21.8,20.8,22.8,0.926,11.0,0.282,9.63,8.96,14.6,0.276,6.83,5.45,0.0379,0.484,0.725,162.0,110.0,690,230,1000,30.6,25.1,12.7,13.5,13.1,11.0,10.7,11.4,12.9,12.3,11.5,23.6,7.3,17.8,214.0,0,0,0,0,0,0
72.0,68.0,76.0,57.7,59.0,56.4,61.1,60.4,61.8,20.7,21.8,19.6,0.923,11.2,0.281,9.56,8.85,15.0,0.274,6.81,5.61,0.0388,0.488,0.743,154.0,110.0,310,100,1000,10.3,29.5,13.1,14.5,15.5,13.2,11.8,14.4,10.7,14.5,13.6,29.7,9.6,20.6,221.0,0,0,0,0,0,0
68.8,68.8,68.8,55.3,54.0,56.6,63.5,63.2,63.8,21.8,22.8,20.8,0.956,11.6,0.292,9.73,9.16,15.5,0.284,7.02,5.82,0.0375,0.494,0.744,149.0,110.0,280,110,1000,9.8,28.3,15.8,13.5,11.6,11.3,13.8,14.1,14.8,16.5,14.4,29.5,10.0,18.9,222.0,0,0,0,0,0,0
69.7,68.6,70.8,58.9,57.8,60.0,64.2,65.8,62.6,20.9,20.4,21.4,0.99,11.4,0.309,9.74,9.28,16.2,0.294,7.03,5.97,0.0376,0.387,0.776,151.0,110.0,480,110,1000,7.4,28.7,12.2,12.7,14.3,13.0,14.6,11.9,12.6,15.8,13.3,26.9,8.8,19.9,212.0,0,0,0,0,0,0
69.6,70.4,68.8,59.2,58.2,60.2,61.4,60.4,62.4,21.2,18.8,23.6,1.02,11.6,0.317,9.98,9.45,16.6,0.3,7.12,6.18,0.0376,0.383,0.784,147.0,110.0,310,96,1000,9.1,30.4,13.7,14.3,16.4,12.5,14.6,12.6,12.0,14.1,13.9,28.4,10.1,15.9,218.0,0,0,0,0,0,0
68.4,70.6,66.2,56.3,57.8,54.8,65.2,64.8,65.6,20.9,21.4,20.4,1.02,11.7,0.32,10.0,9.48,16.8,0.313,7.29,6.26,0.0378,0.518,0.81,139.0,100.0,190,82,1000,7.9,28.4,13.5,15.5,11.3,13.3,14.5,13.4,14.1,14.0,13.7,29.1,9.5,15.5,214.0,0,0,0,0,0,0
69.9,67.6,72.2,55.7,55.0,56.4,63.1,64.0,62.2,22.1,21.4,22.8,1.16,12.6,0.359,10.8,10.3,18.5,0.338,7.8,6.95,0.0378,0.541,0.913,141.0,110.0,330,130,1000,8.7,30.9,13.8,14.8,13.4,15.2,12.8,14.3,14.0,11.2,13.8,27.1,11.6,16.8,218.0,0,0,0,0,0,0
48.1,46.4,49.8,44.2,44.0,44.4,50.9,50.8,51.0,19.9,16.4,23.4,0.561,7.19,0.177,6.43,5.84,8.17,0.151,4.58,3.26,0.0383,0.265,0.482,42.1,33.0,85,27,600,19.0,17.5,9.2,7.1,8.9,8.0,7.5,9.6,6.0,8.9,9.0,19.0,6.6,12.8,149.0,0,0,0,0,0,0
49.8,45.8,53.8,47.2,47.2,47.2,53.3,51.6,55.0,20.4,20.4,20.4,0.564,7.33,0.179,6.89,6.03,8.57,0.16,4.78,3.36,0.038,0.269,0.495,40.8,31.0,87,27,600,5.6,16.3,7.7,8.0,8.0,7.9,9.8,8.3,8.3,7.7,8.3,15.8,4.4,11.4,128.0,0,0,0,0,0,0
50.3,51.8,48.8,45.4,46.4,44.4,53.0,54.4,51.6,20.5,19.8,21.2,0.634,7.66,0.193,7.08,6.23,9.05,0.175,5.02,3.56,0.0371,0.285,0.522,40.9,31.0,95,30,600,4.6,16.8,8.1,8.3,8.7,8.7,7.5,8.7,7.7,7.5,10.4,19.6,7.7,10.2,135.0,0,0,0,0,0,0
51.0,53.2,48.8,44.4,45.8,43.0,50.8,51.0,50.6,20.3,19.8,20.8,0.665,7.95,0.208,7.51,6.34,9.36,0.187,5.23,3.77,0.0392,0.415,0.554,40.3,31.0,93,28,600,5.2,19.0,7.8,6.4,6.7,8.3,9.1,6.6,8.8,8.5,8.2,17.1,6.0,11.5,129.0,0,0,0,0,0,0
51.5,50.8,52.2,47.1,47.6,46.6,52.8,50.6,55.0,21.3,24.2,18.4,0.691,8.18,0.214,7.85,6.56,9.66,0.189,5.48,3.93,0.0374,0.423,0.582,39.8,30.0,89,28,600,5.6,17.9,9.0,7.2,7.1,7.5,9.7,9.0,7.6,9.0,8.4,15.6,4.6,10.3,129.0,0,0,0,0,0,0
51.0,52.2,49.8,43.8,45.2,42.4,50.6,50.0,51.2,20.3,16.8,23.8,0.703,8.43,0.221,8.04,6.71,10.3,0.206,5.59,4.09,0.0382,0.436,0.602,39.5,30.0,83,30,600,6.6,18.6,8.2,6.9,9.9,7.6,8.9,7.0,7.8,8.9,8.3,16.2,5.6,10.8,131.0,0,0,0,0,0,0
50.4,48.2,52.6,48.6,47.4,49.8,52.8,50.8,54.8,20.6,18.4,22.8,0.715,8.68,0.223,8.47,6.88,10.6,0.209,5.83,4.26,0.0391,0.435,0.619,39.1,30.0,88,27,600,6.6,18.1,8.3,6.0,8.1,8.0,8.5,8.6,7.8,7.8,6.1,16.5,5.6,11.5,128.0,0,0,0,0,0,0
50.9,50.0,51.8,44.8,45.7,43.9,53.8,51.4,56.2,19.7,22.4,17.0,0.807,9.64,0.247,9.37,7.73,11.8,0.231,6.3,4.6,0.0382,0.464,0.691,39.1,30.0,91,30,600,6.1,18.5,8.4,7.6,8.1,9.3,7.3,7.8,7.6,9.2,8.1,17.6,5.4,10.8,132.0,0,0,0,0,0,0
64.0,63.6,64.4,52.6,51.4,53.8,62.4,63.8,61.0,20.6,20.0,21.2,0.738,9.44,0.232,8.61,7.28,11.3,0.213,6.03,4.41,0.0371,0.442,0.625,70.5,55.0,220,74,800,45.2,22.0,10.4,10.9,10.2,10.8,9.5,8.9,8.6,10.3,11.5,21.1,7.2,14.2,201.0,0,0,0,0,0,0
62.8,62.4,63.2,51.8,51.6,52.0,61.8,61.2,62.4,20.4,22.6,18.2,0.77,9.51,0.235,8.82,7.57,11.8,0.22,6.08,4.56,0.0382,0.332,0.639,64.4,50.0,120,41,800,8.0,21.9,10.6,10.3,9.5,10.6,11.0,11.4,10.9,11.8,11.5,23.8,8.1,15.8,175.0,0,0,0,0,0,0
61.4,61.4,61.4,50.2,50.0,50.4,57.4,57.0,57.8,22.0,23.8,20.2,0.806,9.84,0.251,9.09,7.89,12.2,0.236,6.36,4.72,0.0372,0.341,0.677,60.5,47.0,110,39,800,6.8,22.9,11.2,11.4,10.3,11.1,11.9,9.2,12.1,11.0,9.0,26.0,8.6,14.2,176.0,0,0,0,0,0,0
63.1,63.4,62.8,52.4,51.4,53.4,62.2,62.8,61.6,22.4,21.6,23.2,0.864,10.1,0.264,8.96,8.11,12.6,0.242,6.54,4.94,0.0381,0.359,0.694,58.8,46.0,110,42,800,8.8,24.5,10.2,11.3,10.6,11.7,10.9,8.6,9.8,8.7,10.6,23.0,8.4,14.0,171.0,0,0,0,0,0,0
58.6,57.6,59.6,51.8,49.8,53.8,58.2,57.8,58.6,21.6,23.2,20.0,0.865,10.5,0.263,9.13,8.38,13.2,0.241,6.64,5.1,0.0381,0.365,0.715,57.8,45.0,120,41,800,7.5,21.4,10.7,11.1,8.4,10.1,10.0,13.2,11.3,8.8,12.0,22.2,7.4,17.7,172.0,0,0,0,0,0,0
63.9,64.0,63.8,51.2,51.4,51.0,57.0,55.6,58.4,20.7,23.0,18.4,0.867,10.6,0.275,9.54,8.56,13.5,0.251,6.74,5.18,0.038,0.362,0.731,56.5,45.0,100,39,800,7.7,25.7,12.4,11.6,11.0,9.8,10.0,10.6,10.4,11.1,11.3,21.2,6.3,14.3,173.0,0,0,0,0,0,0
60.5,61.8,59.2,52.6,54.8,50.4,62.7,62.2,63.2,21.1,22.6,19.6,0.902,10.8,0.287,9.54,8.84,14.2,0.264,6.85,5.4,0.0379,0.501,0.738,56.0,44.0,130,40,800,9.3,22.7,9.7,10.9,10.8,9.6,10.1,10.1,10.8,12.5,11.1,22.1,8.0,14.5,172.0,0,0,0,0,0,0
62.2,61.4,63.0,52.6,51.0,54.2,62.4,61.6,63.2,21.6,20.8,22.4,1.01,11.7,0.312,10.4,9.84,15.6,0.295,7.57,6.01,0.0377,0.529,0.817,55.4,44.0,120,39,800,6.5,22.2,9.6,12.1,10.0,12.0,10.1,10.8,11.5,11.2,9.4,20.6,7.5,17.3,171.0,0,0,0,0,0,0
69.4,68.4,70.4,57.4,56.6,58.2,60.5,61.0,60.0,20.9,18.0,23.8,0.923,11.1,0.284,9.63,8.95,14.7,0.264,7.07,5.73,0.0362,0.499,0.722,138.0,100.0,430,210,1000,33.2,28.5,11.9,11.3,14.0,12.4,12.6,12.7,13.1,12.5,12.8,23.6,7.9,17.2,224.0,0,0,0,0,0,0
69.6,69.8,69.4,58.9,58.6,59.2,65.4,65.2,65.6,20.8,22.2,19.4,0.941,11.3,0.286,9.84,9.11,15.2,0.272,7.1,5.79,0.0376,0.503,0.739,127.0,96.0,260,76,1000,8.8,27.4,13.7,13.7,13.7,13.0,14.8,14.3,13.2,13.5,13.0,32.1,11.5,16.4,219.0,0,0,0,0,0,0
69.7,71.2,68.2,55.5,54.6,56.4,66.9,67.2,66.6,22.4,22.2,22.6,1.01,11.6,0.315,9.97,9.13,15.6,0.288,7.1,6.19,0.0376,0.517,0.771,128.0,100.0,300,110,1000,10.3,28.8,15.2,13.3,13.6,12.9,13.2,13.8,12.2,11.0,11.7,29.1,9.3,20.8,215.0,0,0,0,0,0,0
71.3,71.4,71.2,53.3,55.2,51.4,64.4,64.6,64.2,20.8,24.2,17.4,1.03,11.7,0.323,10.0,9.16,16.4,0.297,7.35,6.35,0.0375,0.394,0.792,128.0,99.0,310,99,1000,9.1,32.9,14.5,12.0,15.6,14.6,14.4,13.6,13.4,12.7,10.6,28.8,10.7,16.1,219.0,0,0,0,0,0,0
68.7,69.8,67.6,56.5,55.0,58.0,62.0,64.0,60.0,21.1,17.4,24.8,1.09,11.5,0.324,10.1,9.32,16.6,0.299,7.13,6.56,0.0378,0.396,0.797,139.0,110.0,500,170,1000,9.0,28.1,12.1,13.7,12.6,12.7,13.8,13.0,15.5,14.7,13.9,30.2,10.4,19.9,220.0,0,0,0,0,0,0
69.9,69.0,70.8,54.4,53.2,55.6,65.6,66.4,64.8,21.3,17.6,25.0,1.09,11.8,0.339,10.2,9.41,17.2,0.313,7.44,6.72,0.0377,0.526,0.809,132.0,100.0,190,77,1000,9.1,28.1,13.3,14.4,12.5,14.7,13.5,13.4,14.3,14.8,13.7,27.2,9.8,18.4,217.0,0,0,0,0,0,0
69.2,69.8,68.6,55.3,55.6,55.0,64.2,64.0,64.4,21.8,23.6,20.0,1.19,12.7,0.365,10.8,10.4,18.6,0.338,7.77,7.06,0.0377,0.552,0.895,131.0,100.0,270,110,1000,8.0,27.2,13.5,14.4,11.4,14.3,13.7,12.6,12.9,12.9,12.7,27.8,9.2,18.8,209.0,0,0,0,0,0,0
52.7,52.4,53.0,45.5,47.4,43.6,54.8,54.4,55.2,21.3,22.6,20.0,0.62,7.35,0.193,6.59,5.89,8.32,0.166,4.68,3.41,0.0372,0.261,0.483,47.0,35.0,100,28,600,21.4,16.1,6.8,8.0,7.7,8.3,9.2,8.5,9.5,9.6,8.5,16.1,6.1,11.5,147.0,0,0,0,0,0,0
50.5,50.2,50.8,47.6,47.6,47.6,52.7,51.8,53.6,20.1,16.6,23.6,0.617,7.57,0.194,6.88,6.14,8.66,0.172,4.9,3.63,0.0354,0.27,0.495,43.6,32.0,80,26,600,6.1,16.4,9.1,7.6,7.4,8.1,8.6,9.2,8.7,7.7,7.3,16.1,6.3,11.4,130.0,0,0,0,0,0,0
50.1,51.6,48.6,46.1,44.4,47.8,54.6,55.0,54.2,21.0,17.6,24.4,0.628,7.78,0.203,6.97,6.44,9.14,0.179,5.07,3.75,0.0372,0.405,0.527,42.2,31.0,86,29,600,6.7,17.1,9.2,7.7,6.1,8.3,8.8,10.1,7.3,8.8,7.8,19.5,6.6,11.2,135.0,0,0,0,0,0,0
53.2,52.6,53.8,47.3,46.6,48.0,51.3,52.4,50.2,20.4,19.4,21.4,0.658,8.06,0.211,7.14,6.63,9.62,0.185,5.24,3.8,0.0364,0.409,0.542,40.9,30.0,84,28,600,6.3,15.7,8.2,8.0,6.7,8.8,8.8,6.6,7.4,9.4,9.0,16.7,5.1,10.5,127.0,0,0,0,0,0,0
51.6,49.2,54.0,45.4,46.2,44.6,52.7,51.2,54.2,20.8,18.8,22.8,0.699,8.34,0.222,7.49,6.81,9.79,0.195,5.51,4.02,0.0366,0.417,0.557,40.8,30.0,92,31,600,5.3,17.9,8.9,7.8,9.1,7.8,8.4,7.8,8.4,8.3,8.3,17.9,6.2,11.4,134.0,0,0,0,0,0,0
49.1,48.6,49.6,47.5,47.6,47.4,50.3,48.4,52.2,20.0,18.4,21.6,0.713,8.53,0.228,7.8,7.11,10.2,0.202,5.63,4.16,0.0375,0.428,0.584,40.4,30.0,90,28,600,5.5,16.7,8.3,7.5,7.4,9.5,8.3,7.5,7.9,7.8,8.8,15.2,5.5,10.3,126.0,0,0,0,0,0,0
53.0,53.8,52.2,46.0,46.4,45.6,52.9,50.8,55.0,20.8,19.0,22.6,0.748,8.95,0.231,7.99,7.25,10.6,0.21,5.82,4.26,0.0358,0.433,0.606,40.1,30.0,89,29,600,6.3,18.0,8.4,9.0,9.0,9.6,7.1,6.6,7.9,7.8,7.7,15.4,4.8,11.0,129.0,0,0,0,0,0,0
50.2,49.6,50.8,47.5,48.2,46.8,50.2,49.2,51.2,21.4,17.6,25.2,0.804,9.59,0.25,8.77,8.02,11.7,0.227,6.41,4.63,0.0359,0.459,0.669,40.0,30.0,89,30,600,6.1,18.6,7.9,9.0,8.1,7.9,8.9,8.3,7.3,8.6,7.8,17.3,5.7,11.2,133.0,0,0,0,0,0,0
61.9,60.4,63.4,51.1,51.8,50.4,62.7,61.6,63.8,21.8,22.4,21.2,0.75,9.42,0.23,8.21,7.44,11.3,0.199,5.96,4.3,0.0367,0.442,0.618,70.3,56.0,220,76,800,47.5,22.3,11.5,8.9,9.2,8.9,10.8,10.4,10.2,9.5,9.4,20.3,6.7,13.6,199.0,0,0,0,0,0,0
59.5,57.0,62.0,51.5,51.2,51.8,60.5,61.4,59.6,20.3,23.0,17.6,0.741,9.41,0.235,8.66,7.77,11.9,0.207,6.01,4.54,0.0368,0.329,0.634,62.7,50.0,110,38,800,8.5,22.0,9.3,9.5,11.3,11.7,11.2,12.8,10.7,12.6,10.2,23.1,7.0,14.2,174.0,0,0,0,0,0,0
64.3,64.4,64.2,52.6,51.4,53.8,60.9,61.2,60.6,22.4,22.6,22.2,0.773,9.83,0.242,8.73,7.9,12.4,0.213,6.34,4.75,0.0356,0.341,0.666,58.7,47.0,100,39,800,7.5,22.2,11.1,10.3,10.7,11.2,9.4,11.3,11.9,12.3,10.3,22.5,7.2,17.7,176.0,0,0,0,0,0,0
58.3,56.4,60.2,51.2,52.2,50.2,57.9,56.8,59.0,21.9,22.8,21.0,0.784,10.1,0.241,9.14,8.21,12.7,0.218,6.51,4.93,0.0356,0.349,0.683,57.1,45.0,120,38,800,7.6,24.7,11.8,10.1,10.0,12.3,11.8,10.0,11.7,10.5,10.6,23.0,6.8,14.6,176.0,0,0,0,0,0,0
60.8,62.2,59.4,51.8,54.0,49.6,63.8,64.8,62.8,20.4,21.2,19.6,0.846,10.4,0.256,9.27,8.49,13.3,0.234,6.52,5.04,0.0357,0.364,0.707,56.0,44.0,120,41,800,7.9,24.7,11.6,10.7,10.2,10.9,10.5,10.9,8.8,11.2,9.8,22.3,7.7,14.4,172.0,0,0,0,0,0,0
61.2,59.4,63.0,53.2,54.2,52.2,65.3,63.4,67.2,21.3,18.0,24.6,0.865,10.5,0.265,9.47,8.49,13.7,0.238,6.83,5.21,0.0376,0.366,0.721,55.1,43.0,120,39,800,7.2,24.3,13.4,11.3,9.0,11.7,11.0,10.4,11.1,11.4,11.6,23.1,8.4,13.3,177.0,0,0,0,0,0,0
63.4,62.8,64.0,51.3,51.8,50.8,60.7,61.6,59.8,22.1,21.6,22.6,0.894,10.9,0.272,9.62,8.86,14.1,0.254,6.89,5.49,0.0357,0.514,0.744,55.0,43.0,130,43,800,7.7,26.4,11.2,11.1,10.0,10.0,12.5,12.3,10.7,8.6,10.5,23.3,7.3,15.4,177.0,0,0,0,0,0,0
60.9,62.0,59.8,53.3,52.6,54.0,61.7,62.0,61.4,20.0,22.2,17.8,0.994,11.8,0.303,10.5,9.7,15.5,0.278,7.52,5.97,0.0366,0.538,0.825,54.7,43.0,120,40,800,6.9,21.8,11.4,10.1,11.6,10.8,10.9,13.0,12.4,10.1,10.9,24.5,8.6,13.2,176.0,0,0,0,0,0,0
68.3,67.4,69.2,54.9,54.4,55.4,62.7,61.0,64.4,21.9,20.6,23.2,1.01,11.3,0.3,9.71,9.1,14.8,0.296,6.98,5.58,0.0365,0.519,0.766,172.0,110.0,810,230,1000,30.4,24.9,11.2,12.9,11.9,9.6,12.1,14.2,11.6,12.6,11.5,24.4,8.8,16.2,212.0,0,0,0,0,0,0
69.7,67.8,71.6,56.3,55.8,56.8,65.7,65.2,66.2,20.3,20.8,19.8,1.06,11.3,0.312,9.94,9.13,15.2,0.301,7.1,5.82,0.0365,0.527,0.761,150.0,99.0,200,86,1000,9.4,30.0,15.0,14.3,13.1,11.1,13.7,14.3,12.7,13.2,13.7,28.8,10.8,21.2,221.0,0,0,0,0,0,0
68.1,67.8,68.4,54.4,55.2,53.6,64.8,64.4,65.2,22.1,20.4,23.8,1.01,11.3,0.313,9.91,9.29,15.7,0.303,7.16,5.99,0.0363,0.53,0.78,134.0,90.0,170,64,1000,10.4,25.3,14.4,15.0,11.7,12.8,14.8,14.8,13.8,13.2,13.5,25.6,7.4,18.4,211.0,0,0,0,0,0,0
67.7,66.0,69.4,57.9,58.6,57.2,62.3,62.6,62.0,21.8,24.0,19.6,1.03,11.6,0.317,10.2,9.25,16.1,0.304,7.15,6.13,0.0363,0.402,0.787,136.0,95.0,360,120,1000,9.7,27.7,12.5,11.4,13.6,13.0,14.0,14.4,13.3,12.3,14.2,26.4,8.6,21.9,213.0,0,0,0,0,0,0
71.5,72.0,71.0,56.5,57.6,55.4,63.2,64.0,62.4,22.5,22.8,22.2,1.02,11.6,0.316,10.2,9.42,16.6,0.303,7.11,6.22,0.0363,0.412,0.781,130.0,94.0,210,86,1000,7.9,30.7,12.1,12.4,11.2,14.6,10.4,13.6,15.9,13.4,14.9,25.9,8.6,19.0,211.0,0,0,0,0,0,0
67.4,64.8,70.0,53.8,53.2,54.4,66.0,65.0,67.0,22.0,21.0,23.0,1.03,11.9,0.319,10.2,9.42,16.7,0.303,7.22,6.34,0.0364,0.534,0.791,127.0,93.0,220,90,1000,9.3,26.4,11.9,13.9,13.4,13.7,15.0,11.8,14.9,14.7,12.3,28.1,9.3,21.8,217.0,0,0,0,0,0,0
66.2,67.6,64.8,53.8,53.0,54.6,64.8,64.6,65.0,20.4,17.6,23.2,1.08,12.7,0.331,10.9,10.2,18.2,0.322,7.76,6.74,0.0362,0.561,0.848,124.0,93.0,230,89,1000,8.7,26.6,12.1,13.5,13.9,13.6,12.1,13.3,11.2,13.6,15.0,25.3,7.1,21.3,207.0,0,0,0,0,0,0
53.9,53.0,54.8,46.0,46.8,45.2,52.1,50.8,53.4,20.0,21.6,18.4,0.556,7.13,0.182,6.11,6.26,8.41,0.165,4.58,3.3,0.0379,0.258,0.498,47.6,35.0,100,29,600,22.1,17.0,7.4,6.7,9.5,8.5,8.3,8.1,9.7,7.7,8.3,19.3,6.4,12.2,151.0,0,0,0,0,0,0
49.6,51.0,48.2,45.9,46.0,45.8,50.8,50.2,51.4,19.3,19.4,19.2,0.589,7.41,0.188,6.37,6.44,8.79,0.174,4.83,3.48,0.0388,0.266,0.508,44.9,34.0,89,29,600,5.8,15.8,8.5,8.0,8.0,8.5,8.0,8.2,7.7,7.4,8.5,15.9,4.7,11.6,127.0,0,0,0,0,0,0
49.5,48.0,51.0,44.3,42.2,46.4,52.2,51.4,53.0,19.4,19.4,19.4,0.578,7.77,0.187,6.73,6.66,9.12,0.18,4.9,3.6,0.0379,0.281,0.518,43.0,32.0,87,28,600,5.3,19.6,6.2,9.7,8.2,7.9,8.0,8.8,9.5,8.8,6.3,15.7,4.9,9.8,129.0,0,0,0,0,0,0
50.7,50.8,50.6,45.7,46.4,45.0,50.2,49.8,50.6,21.2,20.6,21.8,0.622,7.86,0.198,6.86,6.89,9.42,0.185,5.06,3.79,0.0368,0.402,0.538,42.1,31.0,92,28,600,5.8,18.7,7.0,8.7,8.5,8.0,8.8,7.0,8.0,7.3,7.2,15.1,5.7,10.8,127.0,0,0,0,0,0,0
50.4,52.6,48.2,44.8,46.2,43.4,51.4,51.0,51.8,20.0,18.8,21.2,0.645,8.13,0.205,7.12,7.17,9.85,0.197,5.28,3.93,0.0386,0.408,0.563,41.8,31.0,100,28,600,4.3,18.7,7.9,8.4,6.6,8.1,7.5,8.4,7.8,7.4,9.1,16.8,5.5,12.3,129.0,0,0,0,0,0,0
51.9,51.4,52.4,48.6,48.8,48.4,51.3,51.8,50.8,20.7,23.4,18.0,0.648,8.42,0.207,7.33,7.28,10.2,0.2,5.41,4.15,0.0377,0.419,0.578,41.2,31.0,82,29,600,5.9,16.9,6.9,7.2,8.1,9.5,8.2,8.4,6.6,8.7,9.1,15.6,4.6,11.0,127.0,0,0,0,0,0,0
51.2,52.2,50.2,44.9,46.4,43.4,47.8,47.8,47.8,19.8,20.6,19.0,0.676,8.63,0.212,7.54,7.58,10.6,0.203,5.77,4.23,0.0376,0.426,0.593,41.2,31.0,95,29,600,6.1,18.1,8.2,6.9,7.4,9.6,8.0,8.6,8.3,8.3,7.8,15.5,5.3,11.9,130.0,0,0,0,0,0,0
51.0,50.8,51.2,48.9,47.0,50.8,52.6,53.2,52.0,19.5,23.2,15.8,0.749,9.53,0.234,8.27,8.36,11.7,0.223,6.23,4.66,0.0366,0.454,0.666,40.9,31.0,93,31,600,5.5,16.1,7.9,8.4,8.5,8.5,8.7,9.5,8.5,6.4,7.7,17.6,5.5,11.8,131.0,0,0,0,0,0,0
62.7,61.2,64.2,54.5,53.2,55.8,60.2,59.8,60.6,20.2,22.2,18.2,0.718,9.29,0.225,7.77,8.01,11.5,0.21,5.83,4.52,0.0368,0.432,0.623,71.5,56.0,220,76,800,44.4,22.5,9.7,10.1,8.7,10.4,8.6,11.9,9.8,10.2,8.0,20.5,6.7,14.2,196.0,0,0,0,0,0,0
62.1,63.8,60.4,52.2,52.6,51.8,59.0,58.6,59.4,20.1,17.2,23.0,0.783,9.6,0.238,8.15,8.13,12.0,0.22,6.09,4.63,0.0377,0.326,0.644,65.0,51.0,120,42,800,6.9,21.7,8.9,9.3,11.6,11.8,10.1,10.3,11.2,11.9,10.3,22.7,8.1,16.6,171.0,0,0,0,0,0,0
63.4,63.4,63.4,52.3,52.4,52.2,60.4,59.4,61.4,20.7,19.8,21.6,0.817,9.6,0.25,8.38,8.38,12.4,0.233,6.23,4.93,0.0379,0.33,0.674,61.1,48.0,110,41,800,8.3,24.5,11.3,9.7,11.4,11.1,11.4,10.6,10.5,10.0,9.4,21.5,8.3,14.6,173.0,0,0,0,0,0,0
63.4,64.0,62.8,56.0,55.0,57.0,58.8,57.2,60.4,19.7,20.6,18.8,0.871,9.94,0.263,8.53,8.55,12.9,0.248,6.4,5.02,0.0391,0.348,0.675,58.5,45.0,110,37,800,7.3,23.6,11.6,11.3,11.1,11.3,12.0,10.4,10.6,11.3,10.4,22.4,8.6,15.4,177.0,0,0,0,0,0,0
60.7,62.8,58.6,52.4,50.8,54.0,58.4,59.2,57.6,20.1,21.2,19.0,0.878,10.3,0.268,8.78,8.9,13.2,0.252,6.66,5.3,0.0383,0.349,0.695,56.8,45.0,100,40,800,8.1,21.4,10.3,11.9,12.8,10.8,11.8,11.2,8.6,10.3,10.7,21.2,6.4,15.0,171.0,0,0,0,0,0,0
63.3,63.2,63.4,51.4,53.0,49.8,60.4,61.2,59.6,19.5,20.0,19.0,0.887,10.5,0.27,9.04,8.94,13.8,0.263,6.78,5.52,0.038,0.362,0.717,56.1,44.0,130,40,800,8.1,22.3,9.0,9.6,9.1,10.7,10.7,10.4,9.9,12.7,13.2,20.5,6.3,15.9,168.0,0,0,0,0,0,0
60.8,61.0,60.6,53.8,52.8,54.8,59.3,59.2,59.4,19.5,20.0,19.0,0.932,10.8,0.283,9.01,8.98,14.0,0.274,6.77,5.59,0.0372,0.489,0.736,55.0,43.0,100,38,800,8.8,21.9,9.7,10.0,11.1,11.2,10.0,10.8,10.9,10.3,12.5,22.5,7.6,16.1,173.0,0,0,0,0,0,0
59.9,60.6,59.2,54.6,54.4,54.8,59.7,59.6,59.8,20.1,18.6,21.6,0.999,11.7,0.306,9.97,10.1,15.3,0.296,7.48,6.1,0.0379,0.517,0.804,54.9,43.0,120,41,800,8.3,23.7,10.6,9.7,10.0,11.0,9.4,10.7,12.4,9.5,11.6,21.6,7.2,17.8,174.0,0,0,0,0,0,0
71.1,72.6,69.6,56.6,56.2,57.0,64.5,63.2,65.8,20.5,20.4,20.6,0.902,11.4,0.274,9.51,9.0,15.2,0.258,6.96,5.71,0.0378,0.497,0.743,153.0,110.0,540,230,1000,30.0,24.8,10.6,11.7,13.4,13.0,11.5,14.7,13.9,13.1,11.4,23.4,7.4,19.8,219.0,0,0,0,0,0,0
69.1,69.0,69.2,56.5,57.0,56.0,64.0,64.2,63.8,19.8,22.2,17.4,0.919,11.3,0.286,9.7,9.01,15.1,0.266,6.98,5.84,0.0377,0.5,0.756,139.0,100.0,220,87,1000,9.8,29.1,14.2,13.3,11.1,13.5,11.4,13.4,13.2,14.5,14.8,29.2,9.7,19.6,217.0,0,0,0,0,0,0
67.4,70.2,64.6,56.5,55.4,57.6,66.7,68.0,65.4,19.5,20.6,18.4,0.965,11.5,0.298,10.0,9.06,15.7,0.275,7.23,5.93,0.0378,0.509,0.77,130.0,97.0,220,90,1000,8.2,28.5,14.3,13.8,14.5,13.6,13.2,14.2,14.4,13.6,11.6,29.3,10.3,17.4,217.0,0,0,0,0,0,0
69.1,68.6,69.6,54.8,52.8,56.8,64.9,63.0,66.8,21.0,23.0,19.0,0.986,11.8,0.309,10.2,9.18,16.5,0.283,7.18,6.05,0.0378,0.395,0.786,121.0,91.0,180,67,1000,11.2,29.9,13.5,12.0,14.8,13.8,12.8,13.5,12.8,12.3,12.0,25.6,9.2,19.2,213.0,0,0,0,0,0,0
70.3,69.2,71.4,53.8,54.0,53.6,62.0,62.2,61.8,20.9,22.4,19.4,1.03,11.8,0.317,10.4,9.07,16.6,0.293,7.15,6.14,0.038,0.395,0.809,122.0,93.0,300,110,1000,8.7,26.2,13.6,13.3,13.5,12.7,12.9,13.8,14.5,14.3,13.9,28.8,9.9,19.2,215.0,0,0,0,0,0,0
67.8,67.0,68.6,54.8,53.4,56.2,65.2,64.2,66.2,20.6,18.4,22.8,1.03,12.0,0.324,10.5,9.09,16.6,0.293,7.32,6.33,0.0369,0.526,0.794,123.0,97.0,290,110,1000,7.4,28.9,12.7,12.9,13.4,15.9,12.9,12.9,13.4,14.9,10.0,26.9,9.7,20.2,212.0,0,0,0,0,0,0
68.6,68.0,69.2,56.7,56.4,57.0,65.6,64.0,67.2,20.8,22.0,19.6,1.12,12.7,0.343,11.1,9.97,18.4,0.319,7.72,6.84,0.0378,0.555,0.895,122.0,96.0,270,89,1000,9.7,30.2,13.8,13.9,13.3,12.6,14.4,14.2,13.7,13.6,11.8,29.5,9.8,19.4,220.0,0,0,0,0,0,0
53.7,52.8,54.6,46.7,45.6,47.8,54.7,55.8,53.6,19.3,16.6,22.0,0.567,7.14,0.186,6.39,5.88,8.12,0.155,4.61,3.32,0.0385,0.255,0.497,44.7,35.0,120,30,600,21.9,16.6,7.7,8.4,7.2,7.2,8.9,9.0,8.8,9.2,9.1,16.5,6.1,13.8,150.0,0,0,0,0,0,0
51.8,51.2,52.4,46.5,48.2,44.8,50.5,49.6,51.4,20.1,19.0,21.2,0.583,7.29,0.192,6.56,6.19,8.58,0.163,4.81,3.37,0.0369,0.267,0.507,42.2,32.0,85,26,600,5.5,17.4,8.8,9.0,8.0,7.3,8.1,8.1,9.0,8.1,7.3,17.9,6.8,11.2,133.0,0,0,0,0,0,0
51.1,50.2,52.0,44.5,44.0,45.0,58.6,56.8,60.4,20.0,19.2,20.8,0.643,7.77,0.207,6.93,6.5,8.9,0.179,4.99,3.63,0.0367,0.272,0.544,42.1,32.0,96,31,600,6.3,15.7,8.4,8.8,6.2,8.2,10.0,9.2,7.6,9.4,8.0,17.0,6.5,10.8,132.0,0,0,0,0,0,0
50.0,49.8,50.2,45.9,47.8,44.0,49.5,48.0,51.0,19.0,15.6,22.4,0.678,8.07,0.213,7.14,6.55,9.24,0.186,5.16,3.81,0.0385,0.416,0.549,41.3,32.0,86,28,600,6.5,16.9,8.2,7.8,9.0,9.5,7.1,9.2,7.6,7.5,8.6,16.3,5.3,10.8,130.0,0,0,0,0,0,0
51.7,50.2,53.2,47.2,45.4,49.0,50.6,51.6,49.6,19.6,18.0,21.2,0.694,8.38,0.219,7.45,6.93,9.85,0.192,5.41,4.02,0.0365,0.428,0.562,40.8,31.0,90,29,600,6.0,16.2,9.8,8.3,8.3,7.6,7.8,8.4,8.3,7.6,7.7,16.7,4.9,10.9,129.0,0,0,0,0,0,0
50.3,49.2,51.4,47.3,48.4,46.2,52.0,51.6,52.4,19.3,21.2,17.4,0.729,8.61,0.227,7.71,7.29,10.4,0.198,5.67,4.17,0.0382,0.442,0.583,40.6,31.0,93,30,600,5.1,15.1,7.9,9.3,9.8,9.5,8.6,8.3,7.7,10.8,8.4,18.8,7.1,10.8,137.0,0,0,0,0,0,0
48.7,48.0,49.4,46.2,45.6,46.8,50.0,52.2,47.8,20.5,19.0,22.0,0.748,8.85,0.234,8.02,7.4,10.8,0.205,5.73,4.24,0.0383,0.451,0.611,40.7,31.0,98,30,600,6.4,15.8,8.6,6.9,9.0,7.6,8.2,8.9,7.1,9.3,6.6,17.4,5.5,14.0,131.0,0,0,0,0,0,0
53.8,52.6,55.0,45.7,46.0,45.4,53.5,54.4,52.6,22.3,22.4,22.2,0.864,9.65,0.261,8.75,8.28,11.9,0.235,6.42,4.68,0.0384,0.48,0.678,40.5,31.0,93,29,600,4.9,17.9,8.0,8.9,6.9,8.7,7.5,6.7,10.4,9.2,9.7,17.8,6.4,10.2,133.0,0,0,0,0,0,0
63.4,63.8,63.0,51.3,52.0,50.6,63.2,63.0,63.4,20.3,21.0,19.6,0.796,9.33,0.242,8.3,7.64,11.6,0.217,5.93,4.43,0.0376,0.466,0.629,64.9,53.0,190,74,800,48.2,19.8,10.2,9.5,8.9,8.7,10.6,10.5,10.1,11.0,10.6,20.7,6.8,11.7,197.0,0,0,0,0,0,0
59.0,60.0,58.0,54.9,55.8,54.0,58.4,57.4,59.4,20.2,20.0,20.4,0.819,9.47,0.247,8.45,7.92,12.1,0.22,6.04,4.68,0.0368,0.337,0.63,61.9,49.0,140,41,800,9.5,20.0,10.7,11.7,10.0,10.4,11.3,12.3,11.7,10.5,11.2,24.2,8.6,15.5,178.0,0,0,0,0,0,0
57.8,58.6,57.0,49.8,50.0,49.6,61.1,61.6,60.6,20.1,20.6,19.6,0.838,9.75,0.254,8.72,8.16,12.3,0.229,6.23,4.76,0.0376,0.345,0.648,58.2,46.0,100,37,800,7.3,24.6,11.4,10.2,10.6,12.2,11.0,11.0,12.3,9.0,10.4,21.4,6.1,15.9,173.0,0,0,0,0,0,0
60.7,60.2,61.2,53.8,55.6,52.0,61.3,59.2,63.4,19.9,22.8,17.0,0.86,9.95,0.257,8.87,8.27,13.0,0.237,6.4,4.95,0.0368,0.344,0.667,57.1,45.0,130,41,800,8.6,22.7,10.0,10.0,11.3,10.3,11.1,12.3,9.7,11.4,10.6,22.0,7.6,17.4,175.0,0,0,0,0,0,0
60.0,59.2,60.8,52.8,53.4,52.2,58.4,59.2,57.6,20.5,23.0,18.0,0.861,10.2,0.263,9.26,8.36,13.3,0.242,6.5,5.07,0.0367,0.354,0.694,56.3,44.0,130,39,800,7.3,19.9,12.0,11.3,12.5,10.4,10.0,12.0,10.1,10.9,10.4,22.4,7.7,15.8,173.0,0,0,0,0,0,0
59.5,59.4,59.6,54.2,53.0,55.4,59.5,60.8,58.2,21.8,24.6,19.0,0.882,10.4,0.267,9.52,8.49,13.6,0.243,6.77,5.23,0.0377,0.364,0.702,54.8,44.0,100,38,800,7.7,23.0,11.6,10.4,12.4,10.2,9.5,12.0,12.3,10.0,11.1,21.4,6.8,14.3,173.0,0,0,0,0,0,0
60.7,61.6,59.8,53.3,54.8,51.8,59.4,59.2,59.6,20.5,16.6,24.4,0.895,10.7,0.274,9.64,8.76,13.8,0.254,7.02,5.44,0.0379,0.509,0.717,54.3,43.0,110,40,800,7.9,19.3,11.7,10.0,10.1,11.5,11.9,12.2,11.3,9.9,13.3,20.9,7.2,12.6,170.0,0,0,0,0,0,0
62.2,62.8,61.6,51.7,49.8,53.6,62.4,61.8,63.0,20.8,22.6,19.0,0.995,11.6,0.303,10.5,9.57,15.3,0.284,7.57,5.82,0.0377,0.54,0.803,55.1,43.0,170,45,800,6.9,22.4,10.9,10.6,8.8,11.7,9.7,11.8,11.1,11.4,10.9,23.5,8.7,15.5,174.0,0,0,0,0,0,0
68.5,67.4,69.6,56.1,56.6,55.6,62.9,63.4,62.4,22.0,23.2,20.8,0.925,10.9,0.291,9.89,8.84,15.1,0.269,7.03,5.66,0.0387,0.512,0.746,174.0,110.0,760,280,1000,31.8,22.4,11.9,12.5,10.9,12.7,11.8,11.8,12.3,12.7,13.5,26.5,7.7,17.0,216.0,0,0,0,0,0,0
69.6,69.6,69.6,58.6,58.8,58.4,60.7,58.8,62.6,20.6,19.8,21.4,0.936,11.1,0.294,9.88,8.87,15.2,0.271,7.0,5.7,0.0386,0.52,0.75,186.0,110.0,600,120,1000,11.7,31.0,12.7,13.5,14.9,15.3,12.9,12.1,14.3,13.3,11.6,27.6,9.8,19.1,220.0,0,0,0,0,0,0
67.9,68.6,67.2,54.2,52.6,55.8,65.4,65.8,65.0,20.7,18.4,23.0,0.984,11.3,0.307,9.92,8.95,15.5,0.278,7.12,5.91,0.0368,0.527,0.749,163.0,100.0,170,65,1000,10.4,26.8,13.7,13.8,12.0,14.7,12.6,13.4,13.8,12.8,12.5,26.4,9.1,21.2,213.0,0,0,0,0,0,0
67.7,67.8,67.6,54.9,55.4,54.4,63.9,62.8,65.0,22.3,23.0,21.6,0.985,11.4,0.307,10.0,9.21,16.0,0.274,7.06,6.14,0.0377,0.39,0.773,157.0,100.0,350,99,1000,9.0,27.5,13.3,17.1,15.6,12.5,12.7,12.5,12.6,10.9,15.7,28.6,8.6,18.2,215.0,0,0,0,0,0,0
67.2,66.2,68.2,56.2,54.2,58.2,64.7,66.6,62.8,20.7,19.6,21.8,1.02,11.5,0.319,10.1,9.26,16.4,0.283,7.27,6.21,0.0369,0.398,0.783,151.0,100.0,280,100,1000,8.6,28.7,13.3,11.8,12.9,15.1,12.7,13.3,13.2,13.6,13.6,28.8,10.0,18.8,214.0,0,0,0,0,0,0
68.0,67.4,68.6,54.2,52.8,55.6,67.0,66.4,67.6,21.2,19.4,23.0,1.02,11.6,0.314,10.1,9.41,16.7,0.288,7.47,6.37,0.0379,0.552,0.789,144.0,97.0,240,79,1000,9.0,32.1,13.7,14.6,12.9,13.2,12.3,12.6,14.5,14.8,13.3,26.8,9.1,17.3,216.0,0,0,0,0,0,0
68.6,68.8,68.4,55.0,54.6,55.4,64.2,63.2,65.2,20.3,22.4,18.2,1.1,12.4,0.344,10.9,9.96,18.3,0.309,7.76,6.88,0.0378,0.568,0.861,145.0,98.0,410,110,1000,9.7,28.4,13.4,12.8,13.6,11.8,13.8,14.4,12.5,15.1,12.1,28.3,10.4,16.7,213.0,0,0,0,0,0,0
63.7,66.0,61.4,29.7,29.6,29.8,62.3,60.6,64.0,20.9,18.4,23.4,1.23,13.7,0.378,12.2,11.0,20.2,0.358,8.6,7.57,0.0376,0.616,0.966,147.0,99.0,520,110,1000,9.8,29.9,13.3,13.8,14.7,12.7,12.3,10.3,13.5,14.8,11.6,24.8,7.9,18.8,208.0,0,0,0,0,0,0
52.2,53.8,50.6,46.7,47.6,45.8,50.7,49.6,51.8,20.1,22.4,17.8,0.542,7.04,0.174,6.16,6.09,8.21,0.151,4.53,3.15,0.0361,0.253,0.467,46.9,36.0,96,29,600,21.8,15.6,8.4,8.8,7.9,9.9,9.6,7.2,8.4,9.2,8.1,19.4,6.9,12.5,154.0,0,0,0,0,0,0
51.5,49.6,53.4,47.0,45.4,48.6,53.8,52.8,54.8,20.2,22.0,18.4,0.576,7.38,0.187,6.51,6.34,8.64,0.161,4.78,3.38,0.0377,0.268,0.481,45.4,34.0,96,30,600,5.9,16.1,9.3,8.3,8.5,7.9,8.5,7.4,8.6,7.8,9.3,16.0,5.6,11.3,131.0,0,0,0,0,0,0
51.8,49.4,54.2,47.3,46.0,48.6,51.1,49.0,53.2,19.5,16.6,22.4,0.6,7.49,0.192,6.73,6.64,8.95,0.171,4.96,3.51,0.0377,0.27,0.511,43.0,32.0,79,27,600,5.2,17.2,8.1,8.4,8.5,7.9,9.5,9.2,9.1,6.2,7.4,16.8,5.9,12.4,132.0,0,0,0,0,0,0
51.6,49.4,53.8,46.3,45.4,47.2,52.8,51.8,53.8,20.8,21.4,20.2,0.66,7.98,0.209,7.06,6.88,9.57,0.185,5.2,3.76,0.0371,0.407,0.535,41.9,32.0,87,30,600,4.5,17.5,7.5,10.2,8.6,8.0,7.8,9.2,7.9,7.6,8.0,17.2,6.1,10.7,131.0,0,0,0,0,0,0
53.6,56.4,50.8,47.6,46.8,48.4,53.2,51.0,55.4,20.6,18.6,22.6,0.691,8.2,0.215,7.26,7.02,9.91,0.196,5.37,3.89,0.0372,0.422,0.558,41.5,32.0,90,30,600,4.5,19.1,8.7,7.8,7.9,7.8,8.6,6.1,7.5,8.7,9.6,17.0,5.9,12.4,132.0,0,0,0,0,0,0
50.8,52.8,48.8,47.2,45.2,49.2,52.1,53.4,50.8,19.1,22.0,16.2,0.716,8.51,0.23,7.43,7.2,10.3,0.203,5.6,4.07,0.0372,0.427,0.576,40.8,31.0,84,29,600,5.0,15.8,8.9,8.2,8.8,8.8,7.0,8.6,10.0,8.7,7.3,16.1,5.3,11.6,130.0,0,0,0,0,0,0
51.6,52.0,51.2,44.8,44.6,45.0,52.4,53.8,51.0,20.0,18.0,22.0,0.754,8.7,0.235,7.9,7.45,10.7,0.211,5.76,4.22,0.0363,0.436,0.596,40.7,31.0,93,30,600,4.9,18.1,8.2,8.0,8.5,8.3,8.9,10.1,8.0,7.8,6.8,16.6,5.9,11.7,132.0,0,0,0,0,0,0
52.7,52.0,53.4,46.4,46.4,46.4,51.9,51.2,52.6,20.1,20.6,19.6,0.834,9.56,0.258,8.48,8.27,11.7,0.233,6.32,4.63,0.0371,0.462,0.67,40.4,31.0,86,29,600,5.3,18.4,7.5,6.2,9.0,10.6,7.8,6.1,8.5,7.6,9.6,16.2,5.5,11.5,130.0,0,0,0,0,0,0
64.0,64.0,64.0,52.8,53.0,52.6,61.8,61.0,62.6,20.3,21.4,19.2,0.759,9.34,0.237,8.17,7.72,11.6,0.217,5.94,4.42,0.0366,0.445,0.631,74.6,60.0,230,86,800,46.4,20.4,10.3,9.5,10.4,9.0,10.8,9.8,10.0,11.0,9.5,20.0,7.2,12.2,197.0,0,0,0,0,0,0
60.2,58.6,61.8,52.7,53.8,51.6,60.7,59.2,62.2,21.8,25.8,17.8,0.765,9.36,0.241,8.63,7.8,11.8,0.22,6.23,4.59,0.0376,0.334,0.651,65.1,50.0,110,36,800,8.7,22.7,10.4,10.2,11.8,12.6,11.4,9.5,12.4,10.9,12.2,25.2,7.3,14.6,180.0,0,0,0,0,0,0
62.1,61.4,62.8,52.3,52.8,51.8,61.9,61.4,62.4,20.0,24.2,15.8,0.775,9.69,0.245,8.63,8.08,12.3,0.223,6.3,4.73,0.0366,0.341,0.661,60.4,46.0,100,36,800,8.8,22.7,11.0,10.0,10.7,9.0,11.5,12.4,12.4,11.6,11.7,23.2,6.7,13.4,175.0,0,0,0,0,0,0
61.7,61.8,61.6,51.4,52.4,50.4,61.7,60.8,62.6,20.4,22.2,18.6,0.776,10.0,0.245,8.97,8.1,12.5,0.233,6.43,4.94,0.0374,0.344,0.673,57.7,43.0,100,36,800,6.3,25.3,12.3,11.6,10.2,9.1,10.5,10.5,10.7,9.6,10.1,19.9,5.5,17.1,169.0,0,0,0,0,0,0
60.9,59.4,62.4,55.0,54.8,55.2,60.8,62.0,59.6,21.1,17.4,24.8,0.787,10.4,0.25,9.2,8.19,13.1,0.237,6.6,5.11,0.0367,0.355,0.686,55.9,42.0,100,38,800,7.0,24.7,10.4,10.2,11.6,11.0,11.3,10.4,10.1,10.3,10.8,20.9,7.1,15.5,171.0,0,0,0,0,0,0
60.7,62.0,59.4,54.4,55.0,53.8,60.3,59.4,61.2,20.5,17.4,23.6,0.826,10.7,0.256,9.63,8.51,13.3,0.247,6.74,5.29,0.0374,0.366,0.703,54.8,42.0,110,39,800,7.3,23.2,10.9,11.4,11.0,10.8,11.6,10.5,11.8,10.9,10.0,22.2,8.0,15.4,175.0,0,0,0,0,0,0
61.7,60.8,62.6,56.1,55.8,56.4,64.6,63.8,65.4,20.6,16.8,24.4,0.871,10.9,0.272,9.77,8.6,14.1,0.265,6.98,5.34,0.0367,0.519,0.734,54.8,42.0,140,41,800,7.1,24.8,9.1,12.3,9.0,11.2,10.4,11.0,10.3,11.8,11.7,22.4,8.5,15.9,176.0,0,0,0,0,0,0
61.5,61.4,61.6,55.6,56.0,55.2,59.4,58.4,60.4,21.5,18.4,24.6,0.983,11.8,0.3,10.6,9.33,15.3,0.286,7.5,5.84,0.0377,0.55,0.809,54.6,42.0,120,40,800,7.1,22.1,10.2,10.7,9.7,11.7,12.1,11.3,13.6,11.5,11.0,22.6,8.4,14.8,177.0,0,0,0,0,0,0
68.3,68.4,68.2,56.8,55.6,58.0,62.3,63.6,61.0,20.7,22.4,19.0,0.982,11.3,0.292,9.75,8.83,15.0,0.268,7.16,5.6,0.0384,0.528,0.748,142.0,110.0,500,210,1000,28.6,25.8,12.4,13.6,12.9,13.5,10.8,11.8,12.9,12.4,12.5,24.8,8.1,16.1,216.0,0,0,0,0,0,0
69.2,69.8,68.6,54.7,55.4,54.0,61.9,62.2,61.6,21.1,22.4,19.8,0.988,11.4,0.301,9.97,9.17,15.0,0.272,7.11,5.72,0.0374,0.533,0.75,126.0,94.0,190,73,1000,12.3,27.5,13.2,13.3,13.9,11.5,13.7,13.1,12.8,13.7,10.3,25.5,8.2,18.7,208.0,0,0,0,0,0,0
70.3,70.0,70.6,55.9,56.4,55.4,61.5,62.0,61.0,20.3,21.4,19.2,0.999,11.6,0.31,9.94,9.12,15.6,0.285,6.98,5.99,0.0375,0.537,0.774,130.0,99.0,320,110,1000,11.2,26.5,14.2,13.5,13.5,15.1,13.0,12.8,15.6,12.4,11.9,27.3,9.1,17.8,214.0,0,0,0,0,0,0
69.6,68.4,70.8,56.2,55.4,57.0,61.2,61.0,61.4,21.5,23.2,19.8,1.02,11.8,0.306,9.98,9.19,15.9,0.287,7.08,6.11,0.0365,0.538,0.773,126.0,97.0,260,94,1000,8.8,32.4,9.9,14.8,13.4,13.8,13.3,14.8,12.8,13.1,10.9,27.5,8.2,16.8,211.0,0,0,0,0,0,0
67.3,67.6,67.0,55.1,55.4,54.8,65.7,65.4,66.0,21.2,22.4,20.0,1.04,11.7,0.311,10.0,9.21,16.3,0.29,7.35,6.26,0.0374,0.401,0.803,120.0,94.0,180,78,1000,9.0,32.1,14.6,13.1,14.3,12.9,14.6,12.1,11.6,12.6,16.7,29.3,10.4,18.2,222.0,0,0,0,0,0,0
68.6,68.6,68.6,57.4,56.2,58.6,65.5,65.6,65.4,21.8,23.0,20.6,1.02,11.8,0.316,10.0,9.41,16.7,0.297,7.28,6.36,0.0373,0.412,0.808,116.0,92.0,200,83,1000,9.5,25.5,13.3,14.7,13.6,13.3,13.3,12.9,14.6,14.4,14.7,24.4,8.5,18.2,211.0,0,0,0,0,0,0
70.7,73.0,68.4,60.3,59.0,61.6,60.8,58.8,62.8,21.3,24.2,18.4,1.1,12.6,0.345,10.8,10.3,18.1,0.319,7.82,6.86,0.0383,0.588,0.878,119.0,94.0,370,110,1000,10.0,26.1,15.3,14.1,14.6,11.9,13.1,12.8,12.7,15.5,12.2,28.9,9.4,17.2,214.0,0,0,0,0,0,0
63.1,61.2,65.0,28.2,30.4,26.0,63.6,61.6,65.6,20.5,21.6,19.4,1.24,14.0,0.377,12.0,11.4,20.2,0.354,8.7,7.61,0.0384,0.627,0.973,119.0,95.0,250,98,1000,10.1,28.1,13.9,12.0,12.5,11.3,11.8,15.7,13.5,14.1,15.0,29.9,9.2,16.5,214.0,0,0,0,0,0,0
50.9,49.4,52.4,46.0,47.8,44.2,53.1,52.2,54.0,20.3,19.0,21.6,0.551,7.1,0.178,6.54,5.83,8.26,0.153,4.45,3.28,0.0367,0.255,0.488,46.1,34.0,110,28,600,21.2,18.8,6.7,8.2,7.6,9.1,7.5,9.0,10.6,9.0,7.1,16.1,6.0,12.0,149.0,0,0,0,0,0,0
50.7,51.6,49.8,44.4,43.0,45.8,49.8,51.6,48.0,20.7,22.4,19.0,0.558,7.35,0.184,6.75,5.93,8.57,0.158,4.63,3.36,0.0386,0.264,0.493,43.3,32.0,85,28,600,7.3,17.8,8.8,7.6,7.8,7.5,7.3,6.9,7.7,8.5,8.8,17.0,6.2,11.1,130.0,0,0,0,0,0,0
51.1,50.6,51.6,45.7,45.0,46.4,49.9,47.4,52.4,20.4,16.6,24.2,0.58,7.53,0.186,7.08,6.17,8.85,0.16,4.91,3.51,0.0385,0.272,0.507,41.3,31.0,78,27,600,5.4,18.6,8.3,6.9,6.3,7.5,9.7,8.4,9.4,8.0,8.1,16.1,4.7,9.1,127.0,0,0,0,0,0,0
49.9,47.6,52.2,47.8,49.0,46.6,50.7,50.0,51.4,19.9,22.6,17.2,0.597,7.8,0.19,7.37,6.35,9.27,0.167,5.12,3.71,0.0386,0.413,0.523,41.0,30.0,96,28,600,4.8,16.5,7.8,8.4,8.2,7.8,8.6,9.4,7.1,8.5,8.5,16.5,5.2,11.1,128.0,0,0,0,0,0,0
51.9,52.6,51.2,50.5,48.3,52.6,51.3,50.8,51.8,21.5,17.8,25.2,0.638,8.18,0.202,7.68,6.61,9.78,0.177,5.28,3.93,0.0374,0.428,0.561,40.4,30.0,90,28,600,6.3,17.3,9.6,8.6,8.1,8.0,8.4,7.7,8.1,7.7,8.9,16.2,4.2,11.1,130.0,0,0,0,0,0,0
51.4,50.6,52.2,46.7,48.4,45.0,52.4,50.4,54.4,20.0,20.2,19.8,0.659,8.51,0.211,7.97,6.66,10.1,0.183,5.48,4.03,0.0377,0.434,0.58,40.3,30.0,90,30,600,5.2,18.9,6.7,10.3,7.8,8.3,9.2,7.4,8.4,8.4,7.3,18.3,6.0,10.0,132.0,0,0,0,0,0,0
48.7,50.6,46.8,47.1,45.6,48.6,51.0,50.0,52.0,21.3,20.8,21.8,0.682,8.79,0.213,8.21,6.94,10.6,0.19,5.72,4.24,0.0377,0.445,0.584,40.3,30.0,95,29,600,6.0,16.2,8.0,9.0,8.6,8.8,7.6,8.7,7.9,7.9,8.6,15.3,5.0,11.2,129.0,0,0,0,0,0,0
53.1,52.4,53.8,47.2,46.2,48.2,54.0,55.6,52.4,20.6,19.0,22.2,0.756,9.59,0.231,8.99,7.68,11.7,0.208,6.29,4.67,0.0379,0.467,0.649,40.0,30.0,88,28,600,5.1,17.3,6.5,6.8,8.7,10.1,8.0,8.1,9.4,8.2,6.6,16.2,4.5,12.1,128.0,0,0,0,0,0,0
64.1,64.4,63.8,51.3,50.8,51.8,60.0,58.0,62.0,20.1,20.8,19.4,0.722,9.16,0.22,8.49,7.27,11.5,0.196,5.9,4.47,0.039,0.453,0.608,80.0,64.0,250,94,800,45.5,24.2,8.5,9.0,8.5,11.1,10.3,10.5,8.7,8.3,10.2,19.2,7.9,14.8,197.0,0,0,0,0,0,0
59.8,60.4,59.2,51.0,49.2,52.8,59.7,59.8,59.6,20.8,25.0,16.6,0.751,9.61,0.228,8.77,7.65,11.7,0.213,6.01,4.59,0.0372,0.327,0.614,68.9,52.0,100,36,800,9.5,24.0,12.1,10.8,10.3,12.1,10.9,12.5,10.2,10.2,10.2,22.2,8.0,14.1,177.0,0,0,0,0,0,0
59.4,59.4,59.4,53.8,55.0,52.6,59.0,59.4,58.6,22.0,21.0,23.0,0.76,9.64,0.235,8.66,8.0,12.2,0.219,6.21,4.76,0.0381,0.332,0.643,63.8,48.0,110,38,800,7.7,21.9,13.4,10.7,11.6,11.0,9.5,9.9,10.8,10.8,10.8,20.6,6.3,15.6,171.0,0,0,0,0,0,0
60.4,60.4,60.4,52.4,53.2,51.6,60.3,61.2,59.4,22.8,23.6,22.0,0.789,9.92,0.246,8.91,8.24,12.6,0.226,6.41,4.92,0.0382,0.346,0.649,60.3,45.0,100,38,800,8.9,19.5,9.7,11.1,12.5,10.4,11.4,12.1,11.1,10.3,10.9,21.1,6.5,14.4,170.0,0,0,0,0,0,0
62.3,62.4,62.2,54.9,53.8,56.0,58.2,57.2,59.2,20.8,18.2,23.4,0.798,10.2,0.254,9.09,8.28,13.1,0.236,6.54,5.05,0.0381,0.351,0.669,58.8,45.0,110,43,800,6.9,24.4,11.6,12.3,10.9,10.2,11.3,11.1,10.6,11.3,10.4,21.1,7.3,13.8,173.0,0,0,0,0,0,0
61.4,59.2,63.6,52.8,53.5,52.1,59.6,59.6,59.6,21.1,20.2,22.0,0.851,10.4,0.27,9.26,8.71,13.6,0.252,6.76,5.28,0.0393,0.36,0.686,57.9,44.0,120,41,800,8.2,21.2,9.3,11.1,11.3,12.0,11.1,11.8,9.7,9.5,13.1,19.7,7.8,15.4,171.0,0,0,0,0,0,0
60.3,61.6,59.0,52.8,52.2,53.4,61.1,59.4,62.8,20.3,23.0,17.6,0.89,10.7,0.275,9.51,8.94,13.9,0.256,6.89,5.38,0.0382,0.365,0.714,57.5,44.0,130,44,800,7.5,20.8,11.9,10.8,9.9,10.6,11.6,11.0,12.4,13.0,12.3,25.7,8.8,15.0,181.0,0,0,0,0,0,0
61.2,61.0,61.4,54.2,53.6,54.8,60.4,60.2,60.6,21.4,21.2,21.6,0.973,11.4,0.304,10.2,9.62,15.3,0.286,7.49,5.84,0.0372,0.534,0.792,57.5,45.0,140,47,800,6.6,24.3,9.3,10.1,11.6,12.3,9.8,10.8,10.4,10.0,10.2,22.4,6.9,15.3,170.0,0,0,0,0,0,0
70.5,66.6,74.4,56.0,55.0,57.0,60.5,58.8,62.2,19.9,18.8,21.0,0.902,11.2,0.277,9.56,8.99,14.9,0.26,6.92,5.57,0.0388,0.511,0.721,165.0,110.0,660,280,1000,29.7,25.6,11.5,12.7,12.6,14.9,11.8,12.7,12.1,12.2,11.7,25.1,7.3,16.8,217.0,0,0,0,0,0,0
68.9,68.4,69.4,57.4,57.0,57.8,66.0,65.2,66.8,20.3,16.2,24.4,0.936,11.2,0.291,9.82,9.14,15.3,0.27,6.94,5.8,0.0369,0.521,0.734,146.0,95.0,220,72,1000,10.4,28.5,12.3,12.7,12.4,12.4,12.5,14.2,12.7,15.6,13.4,30.0,9.7,18.0,215.0,0,0,0,0,0,0
69.6,70.0,69.2,55.8,56.6,55.0,62.9,62.6,63.2,22.0,21.2,22.8,0.979,11.5,0.3,9.92,9.25,15.6,0.28,7.09,5.93,0.0375,0.528,0.753,140.0,95.0,320,94,1000,10.7,28.2,13.9,12.4,11.7,12.5,13.3,11.3,13.9,16.3,14.8,25.2,9.8,17.0,211.0,0,0,0,0,0,0
69.2,70.0,68.4,55.4,56.0,54.8,66.1,67.0,65.2,20.1,22.0,18.2,0.981,11.4,0.298,10.1,9.29,15.9,0.282,7.08,6.11,0.0373,0.534,0.783,132.0,92.0,210,84,1000,9.3,29.1,14.2,13.9,12.6,14.5,13.4,13.8,12.8,15.5,12.1,27.1,9.2,17.8,215.0,0,0,0,0,0,0
68.6,68.0,69.2,56.2,56.6,55.8,60.9,62.6,59.2,20.1,20.8,19.4,1.0,11.7,0.309,10.1,9.38,16.6,0.288,7.13,6.26,0.0376,0.399,0.786,134.0,94.0,340,110,1000,8.1,28.7,11.8,15.7,14.7,14.5,12.7,12.4,11.4,12.2,13.0,25.4,8.4,19.7,209.0,0,0,0,0,0,0
71.5,70.8,72.2,55.3,54.8,55.8,61.8,60.0,63.6,20.9,20.6,21.2,1.0,11.8,0.308,10.2,9.4,16.8,0.287,7.24,6.39,0.0376,0.395,0.797,131.0,96.0,230,100,1000,10.2,28.3,13.0,12.8,12.9,14.3,15.1,15.3,12.4,13.0,13.7,29.0,8.6,18.0,217.0,0,0,0,0,0,0
70.6,70.6,70.6,55.7,56.2,55.2,66.8,66.6,67.0,21.1,22.2,20.0,1.11,12.7,0.341,10.9,10.5,18.3,0.317,7.8,6.83,0.0377,0.577,0.886,126.0,94.0,200,82,1000,10.5,28.3,14.6,14.0,13.4,12.3,13.7,14.1,13.6,13.4,12.9,27.6,9.7,20.6,219.0,0,0,0,0,0,0
53.8,53.0,54.6,45.3,43.2,47.4,50.8,49.8,51.8,20.1,22.8,17.4,0.494,7.01,0.167,6.03,6.1,8.13,0.138,4.55,3.23,0.0376,0.249,0.49,44.3,35.0,88,30,600,20.2,18.8,9.4,7.7,9.4,8.3,7.3,8.0,8.0,6.6,7.7,14.8,4.7,12.8,144.0,0,0,0,0,0,0
51.0,49.4,52.6,45.3,44.4,46.2,51.6,50.8,52.4,20.5,19.0,22.0,0.517,7.1,0.168,6.28,6.36,8.4,0.149,4.72,3.34,0.0375,0.257,0.504,42.2,33.0,82,28,600,5.8,18.2,7.1,9.7,7.4,7.9,7.2,7.6,7.6,7.6,8.4,18.1,6.8,12.2,132.0,0,0,0,0,0,0
56.0,56.6,55.4,48.4,48.8,48.0,52.0,52.8,51.2,19.7,16.8,22.6,0.588,7.48,0.198,6.44,6.77,9.12,0.169,4.87,3.58,0.0374,0.273,0.543,42.3,33.0,97,33,600,6.5,16.5,8.1,7.5,8.0,8.0,8.7,7.7,9.0,9.7,8.1,17.4,6.4,10.8,132.0,0,0,0,0,0,0
49.9,49.6,50.2,43.4,41.8,45.0,53.8,53.0,54.6,19.2,15.8,22.6,0.626,7.97,0.199,6.7,7.06,9.51,0.176,5.11,3.72,0.0374,0.431,0.563,41.8,33.0,90,30,600,4.9,16.6,7.8,9.8,8.5,10.0,9.4,8.0,8.0,8.5,7.8,19.3,6.7,12.1,137.0,0,0,0,0,0,0
54.3,53.0,55.6,46.6,48.0,45.2,50.0,49.0,51.0,19.5,17.6,21.4,0.644,8.16,0.205,6.89,7.38,9.82,0.183,5.34,3.91,0.0384,0.441,0.589,41.0,32.0,84,28,600,6.2,15.7,8.0,6.6,9.5,8.0,7.2,8.0,8.2,8.0,7.4,15.9,5.0,13.0,127.0,0,0,0,0,0,0
53.3,55.2,51.4,46.2,46.0,46.4,53.1,51.0,55.2,19.6,20.0,19.2,0.681,8.58,0.215,7.29,7.69,10.3,0.191,5.54,4.09,0.0386,0.454,0.612,40.7,32.0,87,31,600,4.5,17.4,7.6,7.5,8.6,8.6,7.5,8.0,8.4,9.1,8.7,18.4,6.0,11.5,132.0,0,0,0,0,0,0
54.9,56.4,53.4,46.6,45.4,47.8,53.9,52.0,55.8,19.3,17.4,21.2,0.722,8.72,0.226,7.52,7.96,10.8,0.203,5.82,4.27,0.0378,0.464,0.632,40.7,32.0,91,31,600,6.5,17.7,9.1,7.7,8.7,6.5,8.1,9.2,8.2,8.7,7.1,18.1,5.5,11.1,132.0,0,0,0,0,0,0
52.1,55.4,48.8,48.5,50.6,46.4,53.0,53.4,52.6,18.7,17.4,20.0,0.81,9.66,0.251,8.29,8.69,12.0,0.229,6.44,4.67,0.0378,0.491,0.708,40.6,32.0,90,29,600,5.3,19.4,8.0,6.7,8.8,8.9,8.1,8.2,8.0,7.7,8.4,18.4,5.8,11.5,133.0,0,0,0,0,0,0
60.0,59.0,61.0,52.5,52.7,52.3,60.3,60.2,60.4,19.6,17.4,21.8,0.765,9.34,0.24,7.95,8.01,11.7,0.213,6.02,4.41,0.0367,0.474,0.641,74.1,59.0,230,89,800,45.4,21.9,10.5,10.9,8.2,12.0,10.1,8.9,10.1,9.5,8.5,20.0,6.9,14.0,197.0,0,0,0,0,0,0
60.3,60.2,60.4,54.0,53.0,55.0,60.0,61.2,58.8,19.8,23.2,16.4,0.792,9.59,0.242,8.2,8.12,12.0,0.222,6.06,4.65,0.0378,0.484,0.65,67.3,52.0,140,41,800,7.4,22.9,11.5,11.2,11.1,9.8,11.1,12.6,11.3,11.1,10.6,21.9,7.0,13.6,173.0,0,0,0,0,0,0
59.5,58.4,60.6,51.6,52.2,51.0,58.1,59.6,56.6,21.6,18.6,24.6,0.849,9.98,0.261,8.65,8.37,12.3,0.239,6.25,4.81,0.0375,0.348,0.675,62.2,47.0,100,37,800,8.1,22.2,9.6,9.6,11.3,12.1,10.1,11.3,10.4,10.1,10.5,24.0,8.9,16.5,175.0,0,0,0,0,0,0
63.0,62.6,63.4,52.8,51.6,54.0,59.3,59.2,59.4,20.1,22.8,17.4,0.857,10.1,0.265,8.83,8.42,12.9,0.241,6.46,4.85,0.0374,0.357,0.693,61.5,47.0,170,43,800,8.2,21.8,9.9,12.2,9.4,10.9,9.7,11.1,11.0,13.1,12.6,23.3,7.8,14.9,176.0,0,0,0,0,0,0
61.5,62.4,60.6,52.0,50.2,53.8,60.4,58.6,62.2,20.1,19.0,21.2,0.902,10.3,0.277,9.16,8.55,13.1,0.256,6.62,5.12,0.0384,0.36,0.712,59.5,45.0,110,39,800,6.7,24.3,10.8,9.4,11.8,9.3,10.6,12.7,10.9,11.1,10.7,21.7,8.1,15.5,174.0,0,0,0,0,0,0
60.3,59.8,60.8,52.3,52.4,52.2,59.1,59.6,58.6,20.3,16.8,23.8,0.929,10.4,0.28,9.2,8.77,13.7,0.26,6.69,5.26,0.0382,0.361,0.718,58.1,44.0,110,39,800,6.9,23.5,10.5,9.4,8.7,12.3,10.6,12.6,10.7,10.5,11.2,22.9,8.1,16.5,174.0,0,0,0,0,0,0
60.3,60.6,60.0,53.8,53.8,53.8,59.1,57.0,61.2,19.7,21.0,18.4,0.977,10.6,0.292,9.5,8.67,14.3,0.282,6.78,5.4,0.0371,0.515,0.739,57.2,44.0,120,42,800,6.3,21.6,10.7,10.7,10.5,12.0,11.4,11.8,11.2,10.6,10.7,25.0,8.5,14.4,175.0,0,0,0,0,0,0
62.6,62.4,62.8,51.9,53.2,50.6,61.1,61.4,60.8,19.4,21.0,17.8,1.07,11.6,0.325,10.3,9.73,15.5,0.303,7.58,5.91,0.0372,0.545,0.821,56.6,44.0,120,41,800,9.6,21.8,11.9,10.7,9.9,9.6,12.0,10.5,10.3,9.9,12.5,21.4,7.0,15.7,173.0,0,0,0,0,0,0
69.1,71.4,66.8,56.3,56.6,56.0,63.1,63.4,62.8,20.6,19.6,21.6,0.943,11.2,0.289,9.61,9.07,14.9,0.267,6.97,5.61,0.0373,0.521,0.729,129.0,100.0,400,190,1000,32.6,27.9,14.5,13.7,11.5,12.7,12.5,11.5,11.5,11.3,13.9,23.9,8.4,14.9,221.0,0,0,0,0,0,0
69.0,69.2,68.8,54.7,53.2,56.2,65.4,65.0,65.8,21.0,18.0,24.0,0.961,11.7,0.297,9.93,9.05,15.2,0.279,7.02,5.75,0.0383,0.528,0.753,113.0,90.0,160,63,1000,9.3,27.2,14.0,15.2,15.1,11.9,15.8,13.8,11.8,14.0,14.4,28.0,8.9,19.0,218.0,0,0,0,0,0,0
67.3,67.4,67.2,53.7,52.2,55.2,63.8,65.4,62.2,22.3,21.0,23.6,0.98,11.6,0.299,9.78,9.32,15.7,0.272,7.07,5.84,0.0371,0.536,0.751,119.0,93.0,390,100,1000,8.4,27.3,13.6,13.7,12.9,12.7,13.2,14.9,15.0,13.7,12.7,27.2,10.1,18.8,214.0,0,0,0,0,0,0
70.0,69.0,71.0,56.4,55.2,57.6,62.3,62.2,62.4,21.5,21.2,21.8,0.937,11.6,0.299,9.78,9.46,16.2,0.274,7.09,6.03,0.0372,0.488,0.768,123.0,97.0,320,120,1000,9.9,26.8,12.6,13.6,13.9,14.4,15.3,12.8,14.1,13.3,11.8,30.7,8.6,18.2,216.0,0,0,0,0,0,0
68.7,70.0,67.4,55.9,54.6,57.2,64.2,62.8,65.6,22.2,22.6,21.8,0.976,11.8,0.303,9.92,9.44,16.6,0.283,7.18,6.12,0.0362,0.408,0.781,119.0,94.0,220,84,1000,8.3,29.7,13.4,12.7,14.6,12.2,12.2,13.9,12.6,13.7,14.6,26.7,9.0,18.7,212.0,0,0,0,0,0,0
67.7,67.2,68.2,54.3,53.6,55.0,61.8,62.4,61.2,22.1,24.0,20.2,1.01,11.8,0.306,10.1,9.5,17.0,0.287,7.34,6.33,0.0378,0.404,0.795,117.0,94.0,240,94,1000,7.4,27.4,13.5,14.6,12.9,15.4,13.9,12.9,12.2,13.2,12.7,26.5,8.6,20.3,212.0,0,0,0,0,0,0
70.6,71.6,69.6,55.9,56.0,55.8,60.5,62.0,59.0,20.1,19.6,20.6,1.06,12.7,0.33,10.6,10.3,18.3,0.31,7.68,6.87,0.0362,0.592,0.87,116.0,94.0,270,92,1000,8.6,28.3,13.4,13.9,12.3,14.1,14.2,11.6,13.3,11.7,13.9,26.3,8.3,19.5,209.0,0,0,0,0,0,0
54.6,55.4,53.8,50.2,50.2,50.2,53.3,51.0,55.6,20.6,15.6,25.6,0.591,7.23,0.185,6.4,6.02,8.35,0.169,4.64,3.45,0.0376,0.259,0.487,49.1,36.0,94,30,600,19.4,18.4,9.0,8.1,7.7,7.6,7.2,8.3,7.6,8.5,10.0,18.4,6.1,10.5,147.0,0,0,0,0,0,0
51.1,51.0,51.2,49.0,50.9,47.1,52.5,51.8,53.2,21.3,24.2,18.4,0.602,7.53,0.191,6.66,6.19,8.79,0.167,4.77,3.61,0.0374,0.266,0.499,46.2,34.0,91,30,600,5.2,17.1,8.9,7.7,8.5,7.0,8.1,8.2,7.2,7.1,9.6,17.1,4.5,13.2,129.0,0,0,0,0,0,0
49.1,49.6,48.6,50.7,51.4,50.0,52.4,53.0,51.8,20.8,21.0,20.6,0.632,7.59,0.199,6.93,6.45,9.19,0.177,5.06,3.78,0.0374,0.274,0.528,44.1,32.0,86,28,600,5.8,18.4,6.8,8.1,7.6,8.7,8.3,7.8,8.2,9.1,8.5,18.2,5.7,11.4,133.0,0,0,0,0,0,0
52.3,52.2,52.4,50.4,50.2,50.6,52.6,49.8,55.4,20.7,21.0,20.4,0.658,8.01,0.204,7.14,6.6,9.67,0.187,5.22,3.85,0.0374,0.425,0.553,43.8,33.0,100,33,600,5.2,16.1,7.5,7.5,9.3,8.2,9.1,7.0,6.6,6.6,9.7,18.3,6.5,11.1,129.0,0,0,0,0,0,0
51.9,50.8,53.0,49.9,48.6,51.2,51.2,52.6,49.8,21.2,17.2,25.2,0.696,8.22,0.216,7.42,6.94,9.99,0.196,5.38,4.02,0.0373,0.436,0.572,43.1,32.0,93,30,600,5.9,17.3,9.3,8.0,7.8,7.5,8.1,8.7,9.4,8.1,7.5,18.0,6.8,11.6,134.0,0,0,0,0,0,0
50.4,52.8,48.0,50.2,51.0,49.4,52.0,51.2,52.8,22.0,21.8,22.2,0.721,8.5,0.219,7.66,7.04,10.3,0.199,5.56,4.18,0.0373,0.449,0.577,42.3,32.0,86,28,600,7.0,18.1,9.8,7.3,7.5,7.4,8.5,8.0,7.8,7.7,7.5,14.1,4.7,11.4,127.0,0,0,0,0,0,0
51.4,50.4,52.4,49.5,50.2,48.8,53.6,53.8,53.4,20.2,18.0,22.4,0.734,8.7,0.225,7.85,7.41,10.7,0.203,5.92,4.24,0.0373,0.46,0.612,41.9,32.0,87,30,600,4.7,17.3,8.8,9.0,7.0,6.2,8.3,7.8,8.4,9.7,9.6,18.3,6.0,9.7,131.0,0,0,0,0,0,0
54.9,54.4,55.4,44.0,41.6,46.4,54.4,54.2,54.6,21.5,23.2,19.8,0.809,9.5,0.25,8.78,8.32,11.9,0.227,6.37,4.72,0.0385,0.486,0.686,41.8,31.0,97,30,600,6.8,17.3,8.6,8.7,8.7,9.7,7.6,8.8,7.5,7.8,7.9,19.0,6.0,10.8,135.0,0,0,0,0,0,0
61.7,61.8,61.6,54.9,54.2,55.6,63.0,61.6,64.4,20.7,21.4,20.0,0.787,9.3,0.234,8.23,7.66,11.7,0.219,6.08,4.45,0.0378,0.471,0.624,71.0,53.0,210,85,800,45.4,19.7,11.5,9.1,10.2,10.7,10.6,9.8,9.1,10.5,10.7,20.9,7.7,12.2,198.0,0,0,0,0,0,0
60.8,60.4,61.2,53.1,52.4,53.8,59.4,58.4,60.4,20.2,16.2,24.2,0.775,9.53,0.236,8.55,7.92,11.9,0.214,6.05,4.58,0.0379,0.329,0.625,65.8,48.0,160,40,800,6.5,24.3,13.2,11.0,11.9,11.2,11.5,9.3,11.7,11.7,10.7,23.0,7.3,15.8,179.0,0,0,0,0,0,0
62.5,61.2,63.8,53.0,55.0,51.0,61.4,60.6,62.2,20.8,19.4,22.2,0.781,9.78,0.244,8.8,8.2,12.6,0.222,6.29,4.81,0.0379,0.341,0.657,63.4,47.0,140,44,800,6.9,23.0,11.5,10.3,8.2,10.7,12.4,13.3,11.4,10.7,10.9,22.1,6.4,15.7,174.0,0,0,0,0,0,0
62.5,61.6,63.4,52.4,51.2,53.6,60.4,60.0,60.8,22.3,22.8,21.8,0.824,10.0,0.251,9.07,8.22,12.9,0.235,6.48,4.98,0.0388,0.347,0.684,61.7,47.0,130,41,800,8.3,20.3,10.4,11.3,12.5,11.1,11.3,12.2,12.9,10.3,11.4,26.2,8.1,12.7,179.0,0,0,0,0,0,0
62.5,63.2,61.8,54.7,54.0,55.4,61.0,61.4,60.6,21.0,24.6,17.4,0.865,10.3,0.262,9.21,8.44,13.3,0.245,6.63,5.2,0.0378,0.362,0.687,59.6,45.0,110,38,800,8.3,23.2,9.9,11.1,9.8,10.9,11.7,10.2,12.9,10.6,11.9,24.3,8.6,13.8,177.0,0,0,0,0,0,0
61.6,62.2,61.0,52.1,50.2,54.0,60.9,60.0,61.8,20.9,17.4,24.4,0.874,10.7,0.272,9.6,8.59,13.8,0.246,6.72,5.4,0.0375,0.366,0.73,58.4,45.0,110,40,800,9.8,23.8,11.7,10.0,11.7,10.0,12.9,10.1,10.3,10.6,11.0,23.5,7.3,14.3,177.0,0,0,0,0,0,0
61.3,63.2,59.4,51.3,52.4,50.2,63.1,63.2,63.0,21.0,24.4,17.6,0.925,10.9,0.277,9.71,8.88,14.3,0.259,7.12,5.57,0.0376,0.553,0.746,58.0,44.0,140,42,800,9.1,21.8,11.8,10.9,11.8,11.1,12.7,12.3,11.5,8.0,9.8,23.2,7.4,14.9,176.0,0,0,0,0,0,0
59.5,59.8,59.2,53.5,54.0,53.0,59.1,59.4,58.8,20.4,22.0,18.8,0.991,11.8,0.299,10.6,9.74,15.6,0.28,7.69,5.98,0.0368,0.573,0.818,56.8,43.0,110,36,800,7.9,23.9,12.6,10.1,11.3,10.8,10.7,11.0,9.1,9.9,9.1,22.2,7.5,13.8,170.0,0,0,0,0,0,0
67.7,65.4,70.0,57.6,57.2,58.0,65.9,66.6,65.2,21.4,20.6,22.2,0.915,11.3,0.279,9.85,8.85,14.8,0.252,6.89,5.62,0.0376,0.551,0.755,148.0,110.0,540,220,1000,31.2,27.8,12.0,12.7,11.2,13.2,13.6,10.5,11.0,11.6,12.0,24.5,8.2,16.0,216.0,0,0,0,0,0,0
69.4,70.4,68.4,59.0,57.6,60.4,60.3,61.2,59.4,21.3,23.0,19.6,0.905,11.3,0.282,10.0,9.02,15.1,0.253,7.03,5.7,0.0387,0.551,0.746,149.0,110.0,470,100,1000,11.2,27.5,13.0,13.3,13.8,14.1,12.7,14.4,11.1,14.1,12.8,26.2,9.2,19.2,213.0,0,0,0,0,0,0
69.1,67.8,70.4,57.1,57.4,56.8,64.6,64.2,65.0,21.7,23.0,20.4,0.91,11.5,0.287,9.92,8.9,15.4,0.255,7.07,5.79,0.0388,0.557,0.774,137.0,98.0,200,80,1000,9.6,27.2,12.0,12.6,14.3,13.6,12.8,15.8,12.8,13.8,12.4,30.0,9.0,18.1,214.0,0,0,0,0,0,0
66.9,67.2,66.6,57.9,57.8,58.0,66.0,66.8,65.2,22.9,20.0,25.8,0.958,11.7,0.289,10.3,9.0,15.7,0.26,7.02,6.05,0.0377,0.4,0.782,124.0,90.0,160,55,1000,7.7,28.5,13.5,13.0,13.9,12.3,13.5,13.7,14.7,12.9,13.8,28.9,9.6,18.1,214.0,0,0,0,0,0,0
69.2,67.0,71.4,57.4,57.5,57.3,63.5,63.8,63.2,22.8,23.0,22.6,0.966,11.6,0.301,10.2,9.05,16.3,0.275,7.17,6.11,0.0376,0.394,0.786,120.0,89.0,220,83,1000,11.9,28.2,13.3,13.3,13.4,14.0,12.7,12.9,14.9,13.0,11.8,25.1,9.2,16.8,211.0,0,0,0,0,0,0
69.4,69.8,69.0,57.5,58.2,56.8,66.1,67.0,65.2,20.6,22.2,19.0,1.02,11.7,0.314,10.4,9.23,16.9,0.291,7.22,6.25,0.0377,0.57,0.807,123.0,93.0,360,120,1000,7.3,29.2,14.3,14.8,13.7,13.8,12.5,12.2,13.7,11.5,14.7,27.5,10.0,18.5,214.0,0,0,0,0,0,0
68.8,67.4,70.2,54.7,54.8,54.6,65.3,65.4,65.2,21.6,22.2,21.0,1.12,12.6,0.337,11.3,10.0,18.3,0.317,7.77,6.84,0.0368,0.591,0.889,117.0,88.0,160,60,1000,9.8,29.3,14.0,12.3,15.2,11.4,12.9,11.7,15.1,13.6,12.2,27.4,10.0,20.4,215.0,0,0,0,0,0,0
51.1,52.0,50.2,47.8,47.6,48.0,52.1,50.6,53.6,21.7,21.4,22.0,0.537,7.18,0.173,6.75,5.55,8.21,0.158,4.44,3.18,0.0368,0.276,0.476,43.3,32.0,91,27,600,18.7,16.2,8.5,8.5,9.8,8.2,7.6,10.2,7.9,8.2,6.7,16.8,6.0,11.0,144.0,0,0,0,0,0,0
50.5,51.0,50.0,44.9,46.0,43.8,53.6,53.6,53.6,21.1,18.6,23.6,0.582,7.59,0.185,7.13,5.94,8.7,0.171,4.68,3.37,0.0379,0.285,0.506,41.6,31.0,86,29,600,5.9,16.3,9.7,9.3,9.0,7.9,8.6,9.9,7.6,7.3,7.5,19.6,7.7,12.6,139.0,0,0,0,0,0,0
54.2,53.4,55.0,45.9,45.4,46.4,52.8,52.8,52.8,20.4,17.8,23.0,0.618,7.96,0.194,7.38,6.25,9.36,0.184,4.95,3.54,0.0368,0.295,0.525,40.8,31.0,87,30,600,6.1,16.2,8.0,8.8,9.9,9.1,7.5,7.2,6.8,8.3,8.0,17.5,6.4,11.4,131.0,0,0,0,0,0,0
50.5,50.2,50.8,47.1,45.2,49.0,50.1,50.2,50.0,21.5,20.0,23.0,0.641,8.13,0.205,7.45,6.52,9.44,0.197,5.15,3.69,0.0369,0.46,0.535,40.5,31.0,94,29,600,6.7,18.0,9.1,7.8,8.2,7.0,9.1,8.3,7.9,7.7,7.1,14.8,5.1,12.1,129.0,0,0,0,0,0,0
50.1,48.2,52.0,45.8,45.0,46.6,50.5,50.0,51.0,21.4,20.8,22.0,0.677,8.29,0.214,7.75,6.79,9.98,0.198,5.37,3.89,0.0386,0.465,0.564,40.1,30.0,91,29,600,5.6,16.5,9.1,8.6,9.1,7.3,7.4,9.2,7.6,8.9,7.2,16.3,5.2,11.2,129.0,0,0,0,0,0,0
51.4,52.8,50.0,46.6,46.2,47.0,51.3,51.0,51.6,21.7,20.0,23.4,0.706,8.54,0.22,7.91,7.05,10.5,0.204,5.56,4.06,0.0386,0.471,0.578,39.7,30.0,87,29,600,5.2,17.2,8.9,7.4,8.8,8.0,10.5,8.2,7.8,8.0,7.5,17.6,5.2,10.6,131.0,0,0,0,0,0,0
53.1,53.4,52.8,44.9,46.0,43.8,50.7,50.0,51.4,22.1,22.0,22.2,0.712,8.73,0.227,8.05,7.32,10.8,0.209,5.79,4.2,0.0378,0.474,0.598,39.5,30.0,90,29,600,5.4,19.0,6.8,7.7,7.7,6.8,8.7,8.9,10.0,9.7,7.2,14.1,4.9,10.0,127.0,0,0,0,0,0,0
53.8,54.8,52.8,46.0,46.6,45.4,53.1,52.8,53.4,19.7,19.0,20.4,0.812,9.47,0.253,8.85,8.11,11.9,0.238,6.29,4.62,0.0387,0.504,0.669,39.8,30.0,100,31,600,6.3,16.4,9.5,7.6,8.3,8.2,8.6,7.5,6.9,9.7,8.2,17.8,6.6,11.8,133.0,0,0,0,0,0,0
62.7,62.4,63.0,52.3,50.4,54.2,60.4,61.2,59.6,21.2,23.8,18.6,0.765,9.06,0.237,8.2,7.74,11.6,0.22,5.85,4.38,0.0371,0.485,0.614,69.2,56.0,200,79,800,45.7,20.0,9.8,11.6,9.7,7.3,9.6,11.0,9.3,12.4,10.3,21.4,6.9,15.4,200.0,0,0,0,0,0,0
59.3,59.8,58.8,52.9,51.6,54.2,59.0,60.6,57.4,21.5,18.6,24.4,0.783,9.37,0.244,8.42,7.87,12.0,0.232,6.05,4.54,0.0381,0.33,0.641,64.1,51.0,120,44,800,7.5,22.6,10.2,10.3,11.0,10.4,12.3,11.9,10.6,10.8,10.1,24.7,7.7,13.4,174.0,0,0,0,0,0,0
61.5,62.4,60.6,51.9,53.4,50.4,61.8,61.2,62.4,21.7,25.6,17.8,0.833,9.78,0.261,8.72,8.09,12.6,0.238,6.31,4.81,0.0375,0.339,0.661,60.4,48.0,120,39,800,8.8,23.2,10.4,12.1,10.9,11.0,9.5,11.4,11.0,12.2,11.3,22.1,8.4,13.0,175.0,0,0,0,0,0,0
61.1,61.0,61.2,53.6,53.4,53.8,57.0,57.0,57.0,20.3,21.4,19.2,0.857,9.87,0.273,9.04,8.34,12.8,0.25,6.48,5.05,0.0365,0.352,0.695,57.9,46.0,100,39,800,8.5,25.9,11.1,12.6,11.4,10.8,9.3,8.3,9.3,11.8,11.3,22.3,7.9,15.3,176.0,0,0,0,0,0,0
61.5,60.2,62.8,53.4,53.0,53.8,59.8,60.4,59.2,21.9,18.6,25.2,0.912,10.2,0.281,9.22,8.43,13.3,0.26,6.55,5.18,0.0362,0.363,0.712,57.2,46.0,120,43,800,8.4,23.3,10.5,10.4,11.7,11.1,12.1,11.1,12.7,11.5,10.4,22.5,8.8,12.9,177.0,0,0,0,0,0,0
60.8,60.2,61.4,50.2,50.8,49.6,59.7,59.0,60.4,21.3,20.4,22.2,0.933,10.4,0.287,9.4,8.65,13.9,0.265,6.65,5.37,0.0372,0.373,0.722,56.2,45.0,110,40,800,8.2,23.9,11.6,9.4,9.5,9.5,10.8,11.3,10.6,10.7,12.7,21.6,7.8,16.1,174.0,0,0,0,0,0,0
59.8,60.0,59.6,53.3,55.0,51.6,59.1,61.0,57.2,21.4,18.4,24.4,0.951,10.7,0.292,9.53,8.83,14.3,0.27,6.94,5.48,0.037,0.542,0.736,57.5,45.0,200,47,800,7.4,20.9,11.9,10.1,11.2,11.1,10.5,8.9,10.0,13.3,9.3,24.4,8.1,16.5,174.0,0,0,0,0,0,0
63.1,63.0,63.2,51.6,51.8,51.4,60.9,62.2,59.6,20.8,21.4,20.2,1.03,11.7,0.318,10.5,9.75,15.7,0.303,7.42,6.0,0.0369,0.566,0.83,57.0,45.0,130,41,800,7.6,23.7,10.6,14.0,9.8,9.9,11.8,10.8,9.2,10.5,10.4,21.4,6.9,14.9,172.0,0,0,0,0,0,0
70.9,72.2,69.6,54.6,52.4,56.8,62.9,62.0,63.8,21.2,21.2,21.2,0.961,11.1,0.293,9.77,8.91,15.2,0.289,6.91,5.47,0.0359,0.533,0.746,162.0,110.0,590,260,1000,30.9,25.8,13.9,12.9,12.7,15.1,10.7,11.2,12.5,11.1,11.1,24.6,9.1,16.1,218.0,0,0,0,0,0,0
68.7,69.2,68.2,55.6,53.4,57.8,63.2,63.4,63.0,21.3,23.0,19.6,0.993,11.3,0.304,9.77,8.95,15.5,0.305,6.92,5.65,0.036,0.538,0.753,143.0,100.0,200,86,1000,11.7,27.2,13.8,11.7,14.4,13.9,13.7,12.0,13.8,13.1,12.8,29.3,11.1,19.9,218.0,0,0,0,0,0,0
68.7,70.6,66.8,55.3,54.8,55.8,61.9,62.0,61.8,21.8,20.0,23.6,0.992,11.4,0.309,9.91,9.11,15.7,0.303,6.86,5.89,0.0369,0.545,0.771,133.0,95.0,220,78,1000,9.4,28.7,13.0,11.6,13.8,13.3,12.6,13.2,12.2,14.3,13.0,25.7,8.6,18.3,208.0,0,0,0,0,0,0
68.9,68.2,69.6,58.2,57.4,59.0,62.4,61.6,63.2,21.8,18.2,25.4,1.02,11.5,0.314,10.1,9.24,16.2,0.309,7.15,6.01,0.0361,0.389,0.765,124.0,92.0,190,78,1000,8.9,29.5,14.9,13.6,13.1,13.9,15.3,15.6,10.7,12.8,12.9,26.9,9.6,17.3,215.0,0,0,0,0,0,0
70.7,71.6,69.8,55.4,57.2,53.6,60.9,60.8,61.0,20.8,18.2,23.4,1.01,11.5,0.327,9.91,9.42,16.7,0.321,7.11,6.05,0.0372,0.39,0.792,130.0,95.0,400,130,1000,10.2,25.8,12.5,14.0,13.5,15.0,14.5,13.2,13.2,13.5,13.7,27.0,8.3,16.2,211.0,0,0,0,0,0,0
68.9,69.6,68.2,54.6,56.4,52.8,67.1,67.0,67.2,22.2,25.0,19.4,1.03,11.7,0.323,10.1,9.58,16.8,0.309,7.19,6.3,0.0364,0.568,0.785,131.0,97.0,310,110,1000,8.1,28.8,13.0,13.3,13.0,13.2,12.5,14.7,14.1,12.7,14.7,29.9,9.7,17.2,215.0,0,0,0,0,0,0
68.4,69.6,67.2,53.7,52.0,55.4,63.5,64.2,62.8,22.7,25.4,20.0,1.13,12.7,0.352,10.9,10.2,18.4,0.338,7.73,6.87,0.0375,0.604,0.883,128.0,96.0,270,89,1000,8.6,28.7,12.8,13.3,13.3,13.3,15.4,14.3,11.9,13.0,15.0,28.4,8.9,19.5,216.0,0,0,0,0,0,0
51.7,52.6,50.8,45.9,45.8,46.0,50.8,50.4,51.2,21.3,22.4,20.2,0.53,7.03,0.177,6.31,6.07,8.21,0.153,4.51,3.17,0.0379,0.255,0.478,42.4,33.0,82,28,600,20.0,18.9,8.6,7.6,8.2,8.6,8.5,9.7,10.8,6.7,8.4,17.1,5.3,11.5,150.0,0,0,0,0,0,0
52.7,53.6,51.8,46.9,47.1,46.7,52.1,52.2,52.0,21.2,20.0,22.4,0.557,7.23,0.184,6.69,6.32,8.66,0.163,4.63,3.32,0.0371,0.262,0.496,40.9,32.0,87,28,600,5.4,16.1,8.1,7.7,8.2,9.4,8.3,8.3,7.5,8.9,7.0,16.2,5.0,11.3,127.0,0,0,0,0,0,0
51.3,52.4,50.2,44.8,43.6,46.0,51.6,52.6,50.6,21.5,23.4,19.6,0.583,7.61,0.189,6.75,6.55,9.12,0.167,4.89,3.61,0.0378,0.274,0.528,40.6,32.0,91,31,600,5.7,17.6,6.2,10.0,8.2,9.7,8.2,7.8,10.2,7.3,7.5,17.6,5.4,11.2,133.0,0,0,0,0,0,0
52.1,52.8,51.4,44.7,45.4,44.0,54.6,54.8,54.4,19.8,17.4,22.2,0.637,7.82,0.201,7.14,6.7,9.44,0.178,5.13,3.73,0.0372,0.447,0.559,40.6,31.0,100,30,600,5.2,16.9,9.2,8.0,6.9,8.5,9.1,7.6,8.0,7.4,9.2,17.1,6.7,9.5,129.0,0,0,0,0,0,0
52.1,49.8,54.4,47.1,46.0,48.2,52.0,53.4,50.6,22.2,19.2,25.2,0.658,8.18,0.208,7.48,6.84,9.78,0.189,5.34,3.88,0.0381,0.455,0.585,40.3,31.0,88,29,600,4.9,18.0,8.5,7.4,8.4,8.5,7.0,7.6,8.7,6.6,8.5,18.2,5.6,11.6,130.0,0,0,0,0,0,0
51.2,48.8,53.6,45.8,44.4,47.2,49.8,50.2,49.4,20.3,17.6,23.0,0.662,8.36,0.211,7.81,7.08,10.3,0.189,5.55,4.08,0.0381,0.467,0.601,40.5,31.0,98,30,600,5.7,19.9,8.2,9.2,7.2,7.2,8.7,7.1,7.9,10.3,8.6,17.2,5.5,11.3,134.0,0,0,0,0,0,0
52.0,50.0,54.0,46.6,45.0,48.2,53.5,51.8,55.2,20.2,23.4,17.0,0.696,8.76,0.219,8.03,7.31,10.7,0.197,5.76,4.23,0.0378,0.476,0.636,40.6,31.0,97,31,600,4.6,18.0,8.3,8.1,8.3,8.3,8.8,8.6,8.7,8.5,7.6,19.3,5.8,10.4,133.0,0,0,0,0,0,0
55.3,55.2,55.4,46.2,46.8,45.6,53.0,53.6,52.4,20.7,16.6,24.8,0.778,9.66,0.236,8.79,8.23,11.9,0.221,6.38,4.69,0.0371,0.503,0.712,40.5,31.0,89,31,600,6.0,16.3,8.1,9.0,8.7,7.4,8.2,9.8,7.6,8.0,8.2,18.3,4.6,10.2,130.0,0,0,0,0,0,0
64.1,63.6,64.6,52.1,50.9,53.3,60.5,60.0,61.0,20.4,17.4,23.4,0.748,9.41,0.227,8.38,7.78,11.6,0.21,5.89,4.46,0.0366,0.491,0.648,68.9,56.0,200,78,800,45.4,21.3,10.3,10.9,9.9,10.4,12.6,11.5,10.3,8.9,8.3,22.4,6.4,15.6,204.0,0,0,0,0,0,0
61.0,61.0,61.0,53.0,51.4,54.6,59.9,60.0,59.8,19.9,22.6,17.2,0.778,9.64,0.241,8.31,8.13,12.0,0.22,6.12,4.58,0.0375,0.506,0.658,63.0,49.0,140,37,800,8.2,21.3,8.5,12.3,11.6,10.7,11.2,9.2,11.0,10.4,11.2,23.9,8.8,14.3,173.0,0,0,0,0,0,0
62.5,62.4,62.6,52.1,51.2,53.0,58.7,58.8,58.6,20.3,19.0,21.6,0.793,9.93,0.245,8.6,8.31,12.6,0.228,6.43,4.76,0.0383,0.341,0.672,61.4,48.0,140,43,800,6.9,22.4,10.5,10.7,10.8,12.0,12.1,11.5,10.7,10.1,11.7,22.6,6.6,17.1,176.0,0,0,0,0,0,0
62.5,61.0,64.0,52.6,50.6,54.6,58.9,58.8,59.0,20.5,21.6,19.4,0.823,10.3,0.256,8.74,8.47,13.2,0.233,6.5,4.97,0.0365,0.355,0.695,60.2,48.0,130,45,800,7.5,22.4,10.6,9.8,11.1,9.2,10.3,10.1,11.8,11.2,10.5,22.4,7.6,16.4,171.0,0,0,0,0,0,0
64.0,63.2,64.8,56.9,56.0,57.8,59.1,57.6,60.6,20.3,22.6,18.0,0.862,10.3,0.267,9.0,8.75,13.5,0.247,6.59,5.05,0.0385,0.365,0.72,59.6,48.0,130,46,800,5.1,23.1,10.2,13.2,10.7,10.8,11.1,12.2,9.9,11.1,11.3,22.7,7.9,15.0,174.0,0,0,0,0,0,0
65.4,65.4,65.4,52.4,53.0,51.8,60.5,59.8,61.2,20.0,18.2,21.8,0.911,10.7,0.28,9.15,8.98,14.2,0.26,6.73,5.34,0.0366,0.37,0.743,59.7,48.0,150,48,800,10.3,22.6,12.2,13.0,11.1,10.4,11.7,11.6,9.4,9.9,10.7,25.4,9.0,15.1,182.0,0,0,0,0,0,0
62.3,60.2,64.4,53.1,52.4,53.8,58.5,57.2,59.8,21.1,23.4,18.8,0.949,10.8,0.294,9.23,9.25,14.6,0.271,6.96,5.54,0.0384,0.554,0.759,58.5,47.0,120,41,800,6.4,24.6,11.4,11.7,11.4,11.9,9.1,11.3,12.4,11.6,9.0,20.8,8.0,13.8,173.0,0,0,0,0,0,0
59.1,58.4,59.8,52.3,53.0,51.6,57.5,56.4,58.6,20.2,23.2,17.2,1.05,11.6,0.324,10.1,10.2,16.1,0.299,7.59,6.04,0.0382,0.585,0.835,58.5,47.0,150,47,800,6.9,22.9,10.5,11.6,11.2,13.3,10.5,13.4,10.1,12.3,10.7,25.2,8.1,12.2,179.0,0,0,0,0,0,0
70.2,70.6,69.8,56.8,55.8,57.8,62.5,63.2,61.8,21.6,24.6,18.6,0.957,11.0,0.302,9.5,9.15,15.2,0.266,6.83,5.45,0.0377,0.552,0.756,158.0,110.0,590,220,1000,29.7,25.8,11.9,12.4,12.7,12.4,8.7,11.8,12.2,12.6,12.1,26.5,7.9,17.7,214.0,0,0,0,0,0,0
69.4,70.6,68.2,56.3,56.6,56.0,62.9,63.0,62.8,20.4,19.4,21.4,0.985,11.2,0.307,9.78,9.11,15.5,0.285,7.07,5.84,0.037,0.557,0.76,146.0,110.0,290,92,1000,11.7,28.3,13.5,14.2,13.6,13.3,14.9,14.1,10.5,12.4,13.5,31.0,11.2,19.0,221.0,0,0,0,0,0,0
66.4,64.8,68.0,55.4,53.0,57.8,64.8,64.2,65.4,19.9,18.8,21.0,0.982,11.3,0.306,9.97,9.18,15.6,0.285,7.01,5.86,0.0361,0.562,0.786,136.0,100.0,230,92,1000,9.1,28.4,14.7,12.6,12.8,14.6,14.2,14.1,12.0,12.7,16.1,29.3,9.4,16.5,217.0,0,0,0,0,0,0
68.0,65.8,70.2,53.2,54.0,52.4,64.4,64.9,63.9,20.3,21.4,19.2,0.993,11.5,0.304,9.98,9.14,16.0,0.286,7.19,6.05,0.038,0.396,0.79,131.0,100.0,250,91,1000,8.5,27.3,12.8,15.9,13.9,15.2,12.7,12.9,13.9,13.4,14.9,29.0,9.9,17.0,217.0,0,0,0,0,0,0
69.3,69.6,69.0,53.8,52.6,55.0,63.5,63.8,63.2,21.8,23.4,20.2,0.998,11.4,0.309,10.2,9.03,16.4,0.284,7.2,6.11,0.0381,0.393,0.794,132.0,100.0,320,110,1000,9.8,30.3,12.4,11.8,15.2,13.2,13.8,11.1,13.1,13.7,12.0,25.3,8.1,18.2,208.0,0,0,0,0,0,0
66.9,66.4,67.4,56.9,55.2,58.6,67.4,66.2,68.6,20.1,22.6,17.6,1.03,11.5,0.32,10.5,9.05,17.1,0.296,7.29,6.17,0.0363,0.571,0.805,138.0,100.0,450,140,1000,9.5,28.7,12.6,12.7,13.1,15.7,13.0,13.2,14.0,13.8,14.6,30.3,9.0,19.0,219.0,0,0,0,0,0,0
67.6,69.2,66.0,54.2,53.4,55.0,63.4,63.2,63.6,19.6,16.2,23.0,1.12,12.4,0.353,11.3,9.93,18.6,0.33,7.78,6.79,0.0382,0.604,0.899,138.0,110.0,320,110,1000,9.0,28.2,12.3,14.1,13.3,12.6,12.0,13.5,14.6,14.3,13.0,27.9,10.6,18.2,214.0,0,0,0,0,0,0
64.4,65.0,63.8,44.6,42.4,46.8,70.8,70.8,70.8,19.1,19.2,19.0,0.544,6.89,0.173,6.3,5.53,7.68,0.153,4.3,3.0,0.0368,0.248,0.458,50.7,39.0,130,44,600,51.0,11.4,5.0,5.7,6.1,5.7,6.9,6.3,4.3,7.2,4.8,12.1,3.6,8.1,138.0,0,0,0,0,0,0
55.7,56.2,55.2,46.3,46.4,46.2,53.6,53.6,53.6,19.8,17.8,21.8,0.552,7.09,0.177,6.47,5.83,8.23,0.157,4.52,3.12,0.0378,0.258,0.473,47.3,37.0,98,33,600,19.3,18.5,9.2,9.3,8.7,7.9,7.7,6.9,8.6,7.8,7.3,17.0,5.3,11.1,145.0,0,0,0,0,0,0
53.7,53.2,54.2,45.4,45.6,45.2,50.3,51.2,49.4,20.7,17.2,24.2,0.583,7.33,0.183,6.61,6.16,8.58,0.167,4.68,3.36,0.0378,0.26,0.484,44.6,34.0,92,29,600,6.3,15.8,8.2,7.2,8.6,8.1,9.4,7.2,7.8,7.8,8.8,16.4,6.0,13.4,131.0,0,0,0,0,0,0
53.2,52.0,54.4,44.0,45.2,42.8,53.4,52.4,54.4,19.6,18.8,20.4,0.597,7.64,0.185,6.72,6.49,8.94,0.17,4.91,3.48,0.0387,0.273,0.503,42.8,33.0,87,28,600,4.8,17.2,7.1,8.7,10.1,8.1,8.7,8.9,9.7,8.2,7.8,17.5,4.4,10.4,132.0,0,0,0,0,0,0
53.3,52.0,54.6,46.3,45.0,47.6,52.1,50.2,54.0,20.1,22.8,17.4,0.596,7.95,0.185,6.96,6.82,9.32,0.172,5.06,3.72,0.0376,0.452,0.526,42.4,32.0,95,29,600,6.6,17.8,7.2,7.4,10.8,9.4,8.0,7.3,9.3,6.7,6.0,17.3,4.7,11.8,130.0,0,0,0,0,0,0
52.2,51.6,52.8,45.3,45.4,45.2,50.5,49.4,51.6,20.4,20.2,20.6,0.627,8.13,0.199,7.3,6.97,9.93,0.176,5.39,3.8,0.0367,0.463,0.546,42.1,32.0,96,29,600,5.2,16.3,9.3,7.9,8.1,7.6,8.0,8.7,9.9,6.6,7.6,17.6,5.4,11.8,130.0,0,0,0,0,0,0
55.3,54.2,56.4,46.5,46.4,46.6,52.2,51.4,53.0,19.7,20.0,19.4,0.679,8.53,0.212,7.37,7.37,10.5,0.191,5.51,4.03,0.0365,0.478,0.58,41.6,32.0,87,31,600,5.3,16.7,6.7,8.2,8.4,9.1,8.8,8.1,8.3,7.8,7.1,16.5,6.8,11.7,130.0,0,0,0,0,0,0
52.7,53.6,51.8,50.8,49.2,52.4,50.0,49.8,50.2,19.8,21.2,18.4,0.675,8.8,0.213,7.65,7.63,10.7,0.198,5.75,4.21,0.0364,0.482,0.592,41.4,32.0,94,31,600,4.3,16.6,9.3,9.0,7.7,8.6,9.6,9.1,6.9,8.5,8.2,17.7,4.9,10.2,131.0,0,0,0,0,0,0
52.5,53.4,51.6,47.8,47.8,47.8,51.5,50.0,53.0,21.2,23.8,18.6,0.764,9.54,0.235,8.33,8.57,11.8,0.223,6.32,4.66,0.0364,0.513,0.666,41.3,32.0,94,32,600,4.4,16.0,7.9,7.3,8.7,9.0,7.3,9.8,8.7,7.4,8.3,16.9,6.1,10.8,129.0,0,0,0,0,0,0
60.5,57.2,63.8,51.0,49.4,52.6,63.5,62.2,64.8,19.9,21.6,18.2,0.727,9.4,0.229,8.19,7.71,11.4,0.205,5.94,4.43,0.036,0.498,0.617,71.3,54.0,230,81,800,45.4,21.7,9.8,10.5,9.6,9.4,10.8,9.7,10.5,10.0,10.8,21.7,6.9,14.2,201.0,0,0,0,0,0,0
60.3,60.8,59.8,52.0,52.4,51.6,58.5,60.0,57.0,19.6,19.8,19.4,0.799,9.72,0.247,8.33,7.85,11.7,0.22,6.14,4.49,0.037,0.329,0.637,63.2,46.0,110,34,800,7.1,24.8,8.1,10.9,12.2,9.8,12.0,11.3,9.4,10.5,9.4,22.8,7.4,13.7,169.0,0,0,0,0,0,0
61.4,59.8,63.0,52.6,50.4,54.8,59.3,58.4,60.2,21.4,22.2,20.6,0.794,9.67,0.245,8.69,7.83,12.3,0.229,6.2,4.77,0.0362,0.334,0.659,59.0,44.0,100,37,800,7.5,21.8,10.6,11.7,9.6,11.8,10.8,11.2,9.9,11.4,10.4,21.8,6.3,15.3,170.0,0,0,0,0,0,0
60.6,60.8,60.4,51.5,50.4,52.6,60.2,60.0,60.4,20.8,18.0,23.6,0.813,10.1,0.255,8.95,7.95,12.6,0.231,6.53,4.85,0.038,0.355,0.672,58.2,44.0,130,43,800,8.4,19.7,10.3,10.5,11.2,11.8,9.9,11.4,11.8,10.9,12.0,24.7,7.7,15.9,176.0,0,0,0,0,0,0
58.7,60.6,56.8,50.9,49.4,52.4,58.0,55.0,61.0,19.5,19.8,19.2,0.858,10.2,0.257,9.27,8.13,13.0,0.237,6.6,5.15,0.0372,0.358,0.693,57.2,43.0,120,40,800,7.4,23.7,10.6,9.4,11.9,10.5,10.5,11.2,10.6,9.6,12.3,21.9,7.3,15.8,173.0,0,0,0,0,0,0
61.2,62.6,59.8,51.8,51.8,51.8,61.5,61.6,61.4,19.9,21.8,18.0,0.899,10.6,0.269,9.62,8.38,13.6,0.245,6.8,5.21,0.0374,0.367,0.714,56.3,43.0,120,41,800,7.3,23.8,9.3,11.5,10.5,12.3,9.2,10.8,12.5,10.4,9.7,22.4,7.0,13.8,171.0,0,0,0,0,0,0
59.9,60.6,59.2,52.4,51.2,53.6,61.5,61.8,61.2,19.9,18.6,21.2,0.92,10.7,0.273,10.1,8.33,13.9,0.249,6.99,5.4,0.0373,0.539,0.721,55.7,43.0,110,43,800,7.7,22.9,10.5,9.3,9.2,10.9,10.4,11.4,12.6,12.3,11.9,22.1,7.9,14.4,174.0,0,0,0,0,0,0
60.1,60.0,60.2,52.5,52.4,52.6,62.0,62.8,61.2,21.4,24.2,18.6,0.965,11.7,0.295,10.9,9.11,15.3,0.277,7.59,5.9,0.0382,0.573,0.804,55.2,43.0,130,39,800,6.7,21.5,12.2,11.0,10.3,11.0,9.7,11.4,10.0,11.4,11.5,22.4,5.6,15.7,170.0,0,0,0,0,0,0
69.7,68.6,70.8,55.3,55.4,55.2,61.5,58.6,64.4,21.5,22.8,20.2,0.918,11.2,0.281,9.96,8.7,15.0,0.27,6.84,5.5,0.0374,0.54,0.725,146.0,110.0,510,220,1000,31.1,25.2,9.0,13.3,12.3,10.5,11.6,13.1,13.0,12.4,12.4,23.3,7.6,18.3,213.0,0,0,0,0,0,0
68.1,67.0,69.2,55.4,56.6,54.2,59.6,57.8,61.4,21.2,19.4,23.0,0.924,11.0,0.287,10.1,8.76,15.2,0.278,6.89,5.65,0.0373,0.542,0.743,155.0,120.0,470,130,1000,8.8,27.7,12.8,12.0,14.6,15.7,14.1,13.0,13.3,15.9,13.0,31.4,10.9,18.5,222.0,0,0,0,0,0,0
71.9,73.2,70.6,54.6,55.0,54.2,62.0,61.2,62.8,20.6,21.2,20.0,0.955,11.2,0.295,9.98,8.83,15.7,0.283,6.91,5.88,0.0371,0.554,0.754,145.0,110.0,250,90,1000,10.1,25.5,14.2,12.6,14.1,13.3,11.6,13.4,13.9,13.2,14.1,25.9,9.2,17.6,209.0,0,0,0,0,0,0
70.7,69.8,71.6,55.5,54.4,56.6,65.0,65.2,64.8,20.2,22.6,17.8,0.968,11.3,0.303,10.1,8.98,16.1,0.298,7.02,5.97,0.0363,0.426,0.769,145.0,110.0,410,100,1000,9.8,30.0,13.9,13.7,14.6,14.4,13.9,15.4,12.0,14.1,10.7,29.1,9.6,18.8,220.0,0,0,0,0,0,0
70.2,70.2,70.2,58.8,58.2,59.4,61.0,61.0,61.0,21.2,19.0,23.4,1.01,11.5,0.319,10.1,9.29,16.8,0.304,7.03,6.18,0.0373,0.392,0.769,144.0,110.0,340,110,1000,10.8,29.2,13.1,14.5,13.5,12.4,11.3,14.1,11.9,12.5,12.8,27.0,8.8,20.5,212.0,0,0,0,0,0,0
67.4,67.6,67.2,58.1,56.4,59.8,69.2,68.0,70.4,20.6,21.8,19.4,1.08,11.6,0.328,10.3,9.42,16.9,0.315,7.14,6.31,0.0382,0.584,0.819,137.0,110.0,210,82,1000,10.9,28.9,11.5,12.7,13.8,14.7,13.0,14.0,12.4,14.3,14.1,28.9,11.4,19.2,220.0,0,0,0,0,0,0
71.0,69.6,72.4,56.8,57.6,56.0,62.1,60.2,64.0,20.4,16.2,24.6,1.12,12.6,0.349,10.9,10.3,18.5,0.334,7.63,6.9,0.0381,0.611,0.879,135.0,110.0,250,110,1000,10.3,27.3,10.3,12.8,12.8,13.0,14.2,13.5,14.8,12.8,13.3,26.5,8.5,19.7,210.0,0,0,0,0,0,0
50.9,52.6,49.2,47.9,47.6,48.2,49.4,50.0,48.8,20.7,21.6,19.8,0.509,7.07,0.163,6.38,5.77,8.18,0.153,4.61,3.22,0.0375,0.253,0.476,46.8,35.0,130,29,600,23.8,18.1,7.7,10.0,8.3,7.8,8.7,7.8,7.7,7.1,8.9,17.9,5.5,11.7,151.0,0,0,0,0,0,0
50.7,53.0,48.4,46.7,45.2,48.2,49.5,48.2,50.8,19.9,22.8,17.0,0.54,7.27,0.179,6.67,5.94,8.43,0.158,4.67,3.38,0.0365,0.267,0.492,44.3,33.0,92,29,600,6.9,18.9,7.6,9.1,8.4,8.7,8.0,7.9,8.7,6.5,7.6,16.5,5.8,10.2,131.0,0,0,0,0,0,0
51.3,51.4,51.2,46.5,48.0,45.0,53.6,53.6,53.6,20.6,23.0,18.2,0.541,7.56,0.176,6.8,6.26,8.88,0.159,4.86,3.51,0.0365,0.271,0.519,42.4,32.0,83,28,600,5.6,19.1,8.1,8.3,9.1,7.5,6.9,7.7,6.2,8.5,7.5,15.7,3.9,10.5,125.0,0,0,0,0,0,0
52.9,52.8,53.0,48.7,50.0,47.4,54.8,54.6,55.0,20.3,19.2,21.4,0.57,7.79,0.188,7.05,6.62,9.45,0.16,5.04,3.69,0.0373,0.44,0.537,42.5,32.0,100,32,600,7.0,17.5,8.8,8.5,9.1,7.5,7.4,7.5,8.2,9.5,6.5,16.8,5.7,11.4,131.0,0,0,0,0,0,0
52.1,48.8,55.4,47.3,48.6,46.0,51.1,49.8,52.4,20.5,23.4,17.6,0.63,8.16,0.194,7.37,6.73,9.9,0.171,5.32,3.86,0.0364,0.451,0.563,42.3,32.0,95,32,600,5.5,17.6,7.2,8.9,7.2,8.8,9.4,8.1,8.8,8.1,7.9,20.5,6.8,11.4,136.0,0,0,0,0,0,0
54.6,55.2,54.0,45.2,43.2,47.2,50.8,50.0,51.6,20.7,17.6,23.8,0.659,8.51,0.209,7.5,7.09,10.2,0.185,5.56,4.06,0.0383,0.461,0.588,42.3,32.0,110,31,600,5.5,17.6,7.7,8.4,7.3,7.8,9.0,8.8,7.9,8.5,7.1,17.0,6.2,11.2,130.0,0,0,0,0,0,0
52.7,53.8,51.6,47.1,46.0,48.2,52.4,53.6,51.2,20.6,21.2,20.0,0.717,8.74,0.22,7.97,7.33,10.8,0.205,5.77,4.29,0.0383,0.473,0.618,42.7,32.0,100,35,600,4.9,18.0,7.3,7.3,9.8,8.8,8.1,6.2,10.2,9.6,8.0,18.8,5.8,11.8,135.0,0,0,0,0,0,0
51.0,49.2,52.8,45.9,44.4,47.4,52.5,52.8,52.2,22.0,25.4,18.6,0.796,9.55,0.247,8.71,8.18,11.9,0.227,6.31,4.67,0.0383,0.498,0.689,42.2,32.0,89,28,600,6.1,17.1,6.9,7.2,8.7,9.4,9.2,8.5,9.4,7.5,7.7,18.4,6.8,11.0,134.0,0,0,0,0,0,0
63.5,61.6,65.4,51.8,53.2,50.4,62.6,62.8,62.4,22.4,25.6,19.2,0.777,9.38,0.242,8.34,7.59,11.7,0.221,6.02,4.46,0.0364,0.485,0.636,67.2,53.0,200,79,800,48.7,19.9,9.0,11.3,10.4,7.6,11.0,10.5,10.8,9.1,9.4,21.2,6.9,14.0,200.0,0,0,0,0,0,0
59.6,60.0,59.2,52.7,52.0,53.4,59.0,59.2,58.8,20.7,20.2,21.2,0.793,9.59,0.243,8.66,7.8,12.1,0.224,6.15,4.73,0.0373,0.497,0.641,60.7,47.0,110,37,800,7.7,19.1,13.0,14.0,9.2,11.8,10.2,10.0,11.2,11.2,12.2,24.3,7.4,15.5,177.0,0,0,0,0,0,0
61.8,59.8,63.8,56.1,57.2,55.0,59.9,59.0,60.8,20.1,17.4,22.8,0.818,9.66,0.253,8.79,8.02,12.5,0.23,6.37,4.76,0.0383,0.346,0.658,57.7,46.0,110,41,800,7.4,22.7,10.2,10.1,11.1,11.5,11.3,11.0,9.3,11.1,11.0,21.3,6.6,16.5,171.0,0,0,0,0,0,0
60.7,62.8,58.6,53.5,53.6,53.4,60.4,60.6,60.2,20.5,22.0,19.0,0.804,10.1,0.252,9.08,8.12,12.8,0.23,6.33,4.94,0.0383,0.35,0.68,57.4,45.0,150,40,800,6.2,22.0,10.4,11.1,12.6,11.7,12.6,10.0,11.0,12.1,12.7,23.8,7.9,14.0,178.0,0,0,0,0,0,0
62.3,62.6,62.0,54.4,54.2,54.6,62.1,61.6,62.6,21.0,17.8,24.2,0.823,10.3,0.263,9.5,8.32,13.3,0.233,6.61,5.1,0.0377,0.36,0.699,56.4,44.0,110,43,800,8.8,23.9,10.2,10.6,10.8,12.4,10.2,10.3,9.4,10.6,12.0,20.5,5.9,13.8,169.0,0,0,0,0,0,0
63.6,64.6,62.6,52.8,52.4,53.2,60.0,59.4,60.6,20.9,21.6,20.2,0.866,10.4,0.27,9.74,8.46,13.7,0.245,6.79,5.28,0.0366,0.372,0.704,55.6,44.0,120,43,800,7.4,21.5,10.3,12.1,10.3,9.4,11.2,11.0,10.9,11.7,11.1,25.3,8.8,17.4,178.0,0,0,0,0,0,0
62.2,62.0,62.4,55.1,53.0,57.2,61.8,61.4,62.2,21.2,21.2,21.2,0.877,10.8,0.278,9.96,8.45,14.2,0.251,6.96,5.42,0.0366,0.537,0.722,55.9,44.0,150,43,800,7.6,25.0,10.7,11.1,10.6,9.8,11.7,9.9,10.3,10.8,9.7,24.3,7.3,17.5,176.0,0,0,0,0,0,0
61.8,62.0,61.6,54.0,53.0,55.0,60.3,60.2,60.4,20.9,19.4,22.4,0.954,11.6,0.303,10.8,9.28,15.6,0.277,7.47,5.92,0.0376,0.568,0.797,55.3,44.0,110,40,800,8.6,22.4,11.1,9.9,11.9,11.6,12.1,10.2,10.7,9.9,12.1,21.7,7.6,15.0,175.0,0,0,0,0,0,0
71.5,69.8,73.2,59.8,60.0,59.6,62.0,61.4,62.6,21.1,19.4,22.8,0.902,11.1,0.278,10.0,8.77,14.8,0.254,7.05,5.51,0.036,0.538,0.742,165.0,110.0,590,270,1000,29.3,24.5,14.9,14.1,12.9,13.5,9.7,10.0,11.4,12.2,13.0,25.1,7.1,17.7,215.0,0,0,0,0,0,0
69.2,70.2,68.2,57.8,57.4,58.2,63.5,64.0,63.0,21.6,18.4,24.8,0.931,11.5,0.286,10.1,9.13,15.4,0.264,7.07,5.67,0.0379,0.546,0.753,151.0,110.0,270,96,1000,13.9,25.7,13.6,12.9,12.8,12.4,13.2,12.3,13.3,12.9,14.2,28.4,7.7,20.8,214.0,0,0,0,0,0,0
67.9,67.4,68.4,59.1,59.4,58.8,64.2,64.2,64.2,21.4,19.2,23.6,0.92,11.5,0.281,10.1,9.07,15.8,0.256,7.15,5.82,0.0368,0.551,0.754,137.0,98.0,200,78,1000,9.2,29.4,14.0,13.6,12.3,14.7,14.3,14.2,12.8,13.3,12.1,28.5,8.2,19.7,216.0,0,0,0,0,0,0
71.2,71.8,70.6,58.6,58.0,59.2,60.6,60.4,60.8,22.4,19.6,25.2,0.957,11.6,0.282,9.88,9.33,16.1,0.258,7.17,6.02,0.0368,0.551,0.779,135.0,99.0,290,100,1000,9.4,27.0,13.0,15.8,14.0,14.5,10.2,12.8,14.3,13.9,12.6,26.5,8.6,18.1,211.0,0,0,0,0,0,0
69.1,68.4,69.8,61.3,61.2,61.4,61.4,60.8,62.0,21.8,21.2,22.4,0.922,11.7,0.287,10.2,9.47,16.6,0.263,7.2,6.12,0.0378,0.383,0.778,130.0,97.0,240,88,1000,8.9,28.5,11.3,12.4,13.5,13.4,11.9,13.4,14.8,11.7,13.4,27.1,7.4,21.9,210.0,0,0,0,0,0,0
68.1,69.8,66.4,59.2,60.6,57.8,60.9,60.6,61.2,21.5,22.4,20.6,0.958,11.8,0.294,9.99,9.79,16.7,0.273,7.27,6.35,0.0361,0.383,0.798,134.0,97.0,480,99,1000,9.7,28.8,13.6,12.7,12.8,13.3,14.7,13.5,15.3,12.7,13.0,26.9,10.6,17.0,215.0,0,0,0,0,0,0
70.6,68.8,72.4,57.6,56.6,58.6,64.1,63.4,64.8,22.3,18.6,26.0,1.04,12.4,0.32,10.6,10.5,18.3,0.292,7.63,6.76,0.0374,0.599,0.865,130.0,96.0,230,87,1000,8.6,32.0,16.2,12.2,13.1,12.2,13.8,14.3,12.9,14.1,12.4,27.9,8.7,17.6,216.0,0,0,0,0,0,0
64.3,64.2,64.4,30.6,27.8,33.4,63.7,62.8,64.6,19.7,21.6,17.8,1.19,13.9,0.356,11.8,11.5,20.4,0.331,8.64,7.7,0.0363,0.635,0.972,130.0,97.0,330,110,1000,8.8,25.8,13.3,14.9,14.3,13.5,13.5,15.0,13.6,11.6,15.0,29.0,9.7,17.6,216.0,0,0,0,0,0,0
50.3,48.2,52.4,45.9,45.8,46.0,52.3,53.0,51.6,21.9,19.2,24.6,0.564,6.92,0.182,6.36,5.79,8.15,0.168,4.51,3.19,0.0378,0.257,0.486,47.2,36.0,110,32,600,20.8,17.9,7.6,8.1,8.1,8.2,8.6,10.1,7.9,7.0,8.0,18.3,6.6,11.7,149.0,0,0,0,0,0,0
50.2,48.4,52.0,46.9,47.2,46.6,55.3,53.2,57.4,20.9,23.8,18.0,0.577,7.14,0.185,6.71,5.94,8.55,0.17,4.76,3.43,0.038,0.262,0.508,44.1,33.0,89,28,600,6.0,17.7,8.4,9.0,8.5,8.1,7.9,8.2,7.8,8.9,9.4,18.2,5.2,11.3,135.0,0,0,0,0,0,0
49.9,49.2,50.6,45.6,44.6,46.6,52.0,52.2,51.8,20.2,17.0,23.4,0.592,7.53,0.191,7.09,6.01,8.91,0.18,4.95,3.63,0.038,0.274,0.523,42.1,32.0,84,27,600,5.3,16.9,9.4,8.5,8.9,8.2,7.0,8.9,9.4,7.9,7.4,17.6,5.4,10.6,131.0,0,0,0,0,0,0
51.1,50.0,52.2,47.4,46.8,48.0,56.9,54.0,59.8,19.6,22.4,16.8,0.598,7.79,0.192,7.45,6.23,9.25,0.178,5.12,3.79,0.0381,0.457,0.536,40.7,31.0,78,27,600,5.6,15.7,8.1,7.3,7.8,9.0,8.9,7.2,8.2,8.6,8.3,16.0,4.5,10.2,125.0,0,0,0,0,0,0
52.8,52.6,53.0,47.9,49.2,46.6,54.2,54.0,54.4,20.8,18.0,23.6,0.628,8.2,0.202,7.79,6.42,9.73,0.195,5.49,3.99,0.0372,0.467,0.56,40.5,31.0,91,30,600,7.2,16.0,9.2,10.0,7.6,8.4,8.2,7.5,8.4,7.7,9.4,18.8,6.8,10.7,136.0,0,0,0,0,0,0
52.1,49.4,54.8,45.5,44.0,47.0,55.3,55.8,54.8,20.7,21.0,20.4,0.678,8.42,0.216,8.16,6.77,10.3,0.209,5.68,4.2,0.0379,0.487,0.592,40.7,31.0,98,32,600,5.8,15.9,8.0,8.1,7.5,9.3,6.9,8.7,9.5,7.2,9.7,17.0,5.5,11.6,131.0,0,0,0,0,0,0
50.1,51.4,48.8,46.3,44.6,48.0,53.3,52.4,54.2,20.7,21.4,20.0,0.736,8.73,0.226,8.4,6.88,10.5,0.218,5.93,4.33,0.0378,0.492,0.624,40.2,31.0,82,28,600,5.1,18.2,6.4,8.8,8.6,8.4,9.2,7.3,7.9,7.3,8.3,16.0,5.9,11.4,129.0,0,0,0,0,0,0
51.3,48.4,54.2,48.7,49.4,48.0,54.8,54.4,55.2,22.5,25.2,19.8,0.804,9.53,0.249,9.11,7.6,11.7,0.241,6.42,4.71,0.038,0.517,0.69,40.0,31.0,89,29,600,4.3,16.4,8.6,8.3,7.6,7.6,7.8,8.8,9.0,6.0,10.0,16.0,5.6,12.0,128.0,0,0,0,0,0,0
63.0,60.4,65.6,51.9,52.2,51.6,62.2,63.4,61.0,21.2,20.4,22.0,0.769,9.27,0.239,8.56,7.44,11.3,0.226,5.91,4.45,0.0378,0.506,0.634,67.4,52.0,200,71,800,46.6,19.9,10.5,9.1,9.6,10.0,9.4,10.0,11.4,10.9,10.2,21.0,7.4,10.7,197.0,0,0,0,0,0,0
61.1,60.2,62.0,54.4,55.4,53.4,60.9,60.2,61.6,20.2,17.0,23.4,0.793,9.36,0.247,8.67,7.65,11.9,0.23,6.19,4.61,0.0381,0.51,0.652,61.3,47.0,110,40,800,8.8,23.5,11.4,10.7,9.7,11.5,10.7,10.3,9.9,10.3,13.0,23.0,6.8,15.6,175.0,0,0,0,0,0,0
58.8,58.2,59.4,51.8,53.2,50.4,58.0,58.4,57.6,21.3,23.2,19.4,0.813,9.74,0.249,8.83,7.88,12.1,0.238,6.35,4.81,0.0389,0.341,0.661,58.9,45.0,140,37,800,6.9,23.6,11.2,10.4,10.5,9.8,11.6,10.5,11.2,10.0,11.6,23.6,7.8,15.4,174.0,0,0,0,0,0,0
60.0,59.2,60.8,52.6,53.2,52.0,61.9,63.2,60.6,21.0,18.8,23.2,0.843,9.84,0.263,9.05,8.17,12.7,0.25,6.4,5.0,0.038,0.352,0.682,56.6,44.0,110,38,800,6.3,23.4,10.2,7.7,11.6,12.0,10.7,11.1,12.8,11.7,9.6,20.7,7.0,14.7,170.0,0,0,0,0,0,0
60.7,61.2,60.2,51.0,50.0,52.0,62.2,62.8,61.6,20.5,16.6,24.4,0.863,10.3,0.266,9.22,8.23,13.0,0.254,6.66,5.09,0.0381,0.359,0.705,55.7,43.0,120,42,800,7.7,24.3,10.5,10.8,9.9,12.3,10.5,13.2,10.2,10.6,11.3,21.4,7.8,16.2,177.0,0,0,0,0,0,0
60.6,59.0,62.2,53.2,52.8,53.6,58.0,58.6,57.4,21.0,22.6,19.4,0.858,10.5,0.265,9.36,8.54,13.5,0.257,6.84,5.32,0.0381,0.363,0.71,54.5,43.0,100,37,800,8.7,21.9,12.2,10.4,11.8,10.5,11.0,10.9,10.0,9.2,10.2,21.1,7.1,15.4,170.0,0,0,0,0,0,0
61.6,59.8,63.4,52.5,53.6,51.4,64.4,65.0,63.8,21.8,22.2,21.4,0.879,10.7,0.271,9.54,8.75,14.1,0.257,6.93,5.51,0.0371,0.547,0.735,55.5,44.0,150,54,800,7.4,20.4,10.7,12.2,9.9,10.7,11.3,9.7,12.0,10.9,11.6,24.7,5.8,15.4,173.0,0,0,0,0,0,0
63.9,64.2,63.6,53.8,52.0,55.6,61.6,61.6,61.6,22.6,21.8,23.4,0.999,11.3,0.3,10.2,9.53,15.3,0.294,7.51,5.96,0.0381,0.583,0.82,55.1,44.0,110,43,800,8.1,23.9,9.7,10.7,11.8,10.6,11.6,11.0,10.4,10.9,9.1,24.4,8.5,15.4,176.0,0,0,0,0,0,0
68.7,65.6,71.8,55.0,54.0,56.0,63.8,64.0,63.6,22.2,23.2,21.2,0.963,11.1,0.281,9.89,9.08,15.2,0.26,7.01,5.59,0.0381,0.561,0.747,151.0,110.0,510,220,1000,32.1,26.2,14.3,12.9,12.0,12.3,13.4,11.7,13.2,12.1,9.4,25.6,7.6,16.9,220.0,0,0,0,0,0,0
70.8,69.2,72.4,55.9,56.8,55.0,64.2,64.4,64.0,22.7,20.4,25.0,0.921,11.3,0.283,10.0,8.99,15.3,0.264,6.99,5.7,0.038,0.574,0.765,146.0,110.0,300,110,1000,11.2,27.5,12.3,12.3,13.0,14.7,14.2,12.6,13.3,13.3,14.8,29.5,8.6,21.2,219.0,0,0,0,0,0,0
70.6,71.8,69.4,56.7,55.4,58.0,62.9,65.4,60.4,21.2,21.0,21.4,0.97,11.5,0.296,9.83,9.12,16.0,0.268,6.97,5.85,0.0371,0.571,0.774,143.0,110.0,320,110,1000,10.0,28.9,12.9,11.9,14.7,12.7,14.4,14.3,13.5,11.8,14.4,29.0,9.7,20.0,218.0,0,0,0,0,0,0
69.3,73.0,65.6,54.8,55.0,54.6,63.7,63.6,63.8,21.3,17.2,25.4,1.04,11.5,0.313,10.1,9.33,16.5,0.287,7.14,6.1,0.0388,0.58,0.799,141.0,110.0,320,110,1000,8.7,31.7,13.9,12.7,14.4,14.8,13.5,13.4,11.5,13.2,11.6,27.4,9.8,20.1,217.0,0,0,0,0,0,0
69.6,67.2,72.0,60.0,58.6,61.4,64.2,64.6,63.8,21.2,24.0,18.4,1.04,11.6,0.316,10.3,9.37,16.7,0.286,7.38,6.23,0.0379,0.399,0.811,132.0,100.0,180,68,1000,8.0,31.1,12.4,13.0,12.0,14.0,15.2,12.8,10.4,11.4,12.6,28.9,9.5,19.6,211.0,0,0,0,0,0,0
68.3,68.6,68.0,54.3,52.8,55.8,70.0,70.4,69.6,22.1,22.4,21.8,1.02,12.1,0.315,10.4,9.5,16.9,0.293,7.22,6.31,0.0386,0.443,0.825,125.0,97.0,180,66,1000,8.2,27.9,13.3,13.3,14.4,13.5,14.5,13.2,13.2,14.2,15.1,27.8,9.5,17.0,215.0,0,0,0,0,0,0
70.1,68.2,72.0,56.1,55.3,56.9,64.6,64.2,65.0,20.9,20.8,21.0,1.09,12.6,0.337,10.9,10.2,18.2,0.311,7.68,6.71,0.0377,0.604,0.894,131.0,100.0,440,130,1000,11.0,26.3,9.9,14.5,12.6,13.9,14.3,13.0,14.3,13.1,13.4,26.5,9.2,20.8,213.0,0,0,0,0,0,0
65.8,66.0,65.6,29.8,30.0,29.6,64.4,63.8,65.0,19.4,19.6,19.2,1.25,14.0,0.375,12.2,11.4,20.4,0.358,8.65,7.61,0.0367,0.642,0.987,132.0,100.0,310,120,1000,9.4,27.9,11.7,15.5,15.0,12.4,12.6,13.6,11.6,13.4,13.9,29.3,9.0,18.5,214.0,0,0,0,0,0,0
53.0,54.4,51.6,45.1,46.4,43.8,50.8,50.2,51.4,21.2,24.4,18.0,0.579,7.0,0.189,6.47,5.81,8.2,0.169,4.58,3.19,0.0378,0.253,0.501,46.5,37.0,120,32,600,22.7,19.0,9.1,9.0,8.0,8.6,8.0,7.7,8.0,7.4,9.4,17.4,6.5,11.6,152.0,0,0,0,0,0,0
52.3,52.0,52.6,44.8,46.2,43.4,52.2,49.8,54.6,21.7,22.0,21.4,0.593,7.42,0.189,6.82,6.09,8.62,0.169,4.73,3.37,0.037,0.268,0.505,44.8,35.0,96,30,600,5.0,17.9,7.2,9.8,7.9,8.9,6.9,8.7,8.3,8.0,7.2,17.4,5.3,10.3,129.0,0,0,0,0,0,0
52.2,53.0,51.4,44.7,44.2,45.2,52.8,52.8,52.8,19.5,22.4,16.6,0.623,7.62,0.201,6.95,6.47,9.2,0.183,4.85,3.55,0.0379,0.277,0.533,43.6,33.0,93,30,600,5.6,15.6,7.3,8.9,8.2,7.6,8.2,8.6,8.4,7.8,8.7,17.8,5.8,13.3,132.0,0,0,0,0,0,0
52.4,52.6,52.2,45.4,43.6,47.2,49.7,48.4,51.0,19.7,18.2,21.2,0.651,7.94,0.202,7.23,6.69,9.65,0.185,5.22,3.68,0.0369,0.458,0.544,42.7,33.0,87,30,600,5.7,17.2,7.9,9.3,8.7,8.2,7.6,8.4,9.2,6.7,8.1,17.6,5.5,11.4,132.0,0,0,0,0,0,0
52.0,54.2,49.8,45.9,46.6,45.2,53.8,53.6,54.0,20.9,20.4,21.4,0.672,8.21,0.214,7.22,7.04,10.0,0.19,5.35,3.89,0.037,0.463,0.557,41.9,32.0,86,28,600,5.2,16.5,7.6,9.1,8.8,6.7,9.4,7.6,7.9,6.7,8.4,15.2,4.5,12.9,127.0,0,0,0,0,0,0
52.3,50.4,54.2,45.6,46.4,44.8,54.2,54.2,54.2,20.2,23.0,17.4,0.698,8.51,0.216,7.64,7.34,10.3,0.191,5.51,4.03,0.0369,0.476,0.58,41.4,32.0,83,30,600,5.3,18.4,7.9,7.2,7.8,7.3,10.3,9.2,8.4,7.5,7.8,18.0,5.5,11.1,132.0,0,0,0,0,0,0
52.2,53.2,51.2,45.3,44.4,46.2,51.2,52.2,50.2,20.6,23.0,18.2,0.713,8.73,0.216,7.76,7.41,10.6,0.193,5.79,4.17,0.0371,0.485,0.6,40.9,31.0,88,29,600,4.6,18.6,7.7,9.1,8.3,6.8,8.0,7.0,9.1,6.4,8.2,17.2,4.5,10.7,126.0,0,0,0,0,0,0
53.7,53.2,54.2,47.3,45.2,49.4,51.0,51.6,50.4,20.6,17.4,23.8,0.777,9.44,0.24,8.48,8.18,11.8,0.219,6.32,4.58,0.0372,0.509,0.673,41.1,32.0,100,32,600,4.8,17.4,9.1,8.7,9.0,6.6,6.7,6.9,8.6,8.7,8.9,16.4,6.2,11.8,130.0,0,0,0,0,0,0
63.4,62.0,64.8,52.9,52.2,53.6,63.4,63.0,63.8,19.6,16.8,22.4,0.748,9.38,0.229,8.24,7.79,11.6,0.203,5.82,4.32,0.0365,0.502,0.626,69.1,53.0,220,74,800,47.6,22.1,9.1,11.8,10.2,11.5,9.6,8.6,9.3,9.1,11.0,20.4,5.8,11.7,198.0,0,0,0,0,0,0
61.7,60.8,62.6,56.1,57.6,54.6,61.9,61.0,62.8,19.6,20.2,19.0,0.76,9.48,0.238,8.41,7.98,12.0,0.212,6.21,4.48,0.0369,0.348,0.646,62.4,48.0,110,40,800,7.7,24.6,11.3,10.2,9.4,10.8,9.8,10.1,11.0,11.2,10.4,23.7,7.5,15.3,173.0,0,0,0,0,0,0
62.5,62.2,62.8,54.6,53.8,55.4,58.1,58.4,57.8,20.3,21.8,18.8,0.808,9.79,0.252,8.72,8.07,12.3,0.229,6.24,4.72,0.0388,0.343,0.656,59.6,46.0,130,39,800,6.1,22.8,9.7,9.8,13.1,10.0,11.0,11.8,12.8,14.3,10.6,22.8,8.7,15.9,179.0,0,0,0,0,0,0
60.7,60.2,61.2,53.2,51.8,54.6,58.1,60.0,56.2,20.6,18.8,22.4,0.831,10.2,0.253,8.86,8.19,12.8,0.235,6.42,4.93,0.0379,0.349,0.673,58.9,46.0,140,45,800,7.3,21.7,12.1,11.9,11.4,9.8,8.3,12.1,9.9,11.1,11.0,23.6,7.5,15.3,173.0,0,0,0,0,0,0
58.2,59.8,56.6,52.5,53.0,52.0,59.6,58.4,60.8,20.1,18.0,22.2,0.846,10.4,0.261,9.29,8.39,13.3,0.247,6.64,5.08,0.038,0.363,0.702,58.5,46.0,130,46,800,9.1,20.7,10.7,11.1,12.8,8.5,11.7,11.3,9.3,11.7,10.9,24.1,6.1,17.2,175.0,0,0,0,0,0,0
60.2,60.0,60.4,54.5,53.6,55.4,60.7,59.6,61.8,20.2,21.0,19.4,0.895,10.7,0.272,9.59,8.51,13.7,0.252,6.83,5.23,0.0372,0.369,0.723,57.5,45.0,130,39,800,6.8,21.9,11.2,11.2,11.8,10.7,10.2,11.2,9.1,10.2,11.4,23.9,7.4,15.2,172.0,0,0,0,0,0,0
61.8,60.6,63.0,54.0,53.8,54.2,60.4,60.6,60.2,21.2,19.4,23.0,0.908,10.9,0.282,9.81,8.68,14.3,0.258,6.98,5.4,0.038,0.562,0.73,57.0,45.0,140,44,800,7.8,22.5,11.2,8.6,11.7,12.9,10.9,10.5,10.7,9.8,10.7,21.1,6.8,16.6,172.0,0,0,0,0,0,0
57.9,57.2,58.6,52.1,52.4,51.8,58.8,60.2,57.4,19.7,23.0,16.4,0.991,11.7,0.304,10.8,9.56,15.5,0.284,7.61,5.93,0.0382,0.587,0.805,56.3,44.0,120,40,800,7.4,21.5,11.6,11.2,10.2,11.7,11.7,11.3,11.5,10.3,10.4,23.4,8.3,16.5,177.0,0,0,0,0,0,0
69.2,70.2,68.2,56.2,55.4,57.0,64.5,64.2,64.8,20.7,19.4,22.0,0.934,11.2,0.29,10.1,8.86,15.0,0.267,7.15,5.59,0.0369,0.56,0.74,124.0,100.0,400,190,1000,34.1,26.3,13.9,13.5,11.6,11.4,11.4,12.0,11.6,12.7,13.2,24.1,9.0,17.9,223.0,0,0,0,0,0,0
70.2,70.8,69.6,57.5,56.0,59.0,63.5,64.8,62.2,20.5,23.8,17.2,0.986,11.5,0.294,10.1,8.84,15.2,0.281,7.09,5.79,0.0371,0.566,0.752,118.0,98.0,220,94,1000,10.0,26.7,12.8,14.8,13.6,11.6,13.7,15.2,11.3,14.1,14.4,28.4,10.3,21.2,218.0,0,0,0,0,0,0
71.3,74.0,68.6,55.0,53.2,56.8,63.7,62.0,65.4,20.0,23.4,16.6,0.983,11.6,0.306,10.2,9.17,15.7,0.284,7.19,6.03,0.037,0.575,0.76,114.0,96.0,210,87,1000,9.7,27.7,12.4,15.3,12.1,13.0,13.6,13.6,14.8,16.0,13.7,31.5,9.5,16.5,219.0,0,0,0,0,0,0
70.4,69.0,71.8,56.8,57.4,56.2,61.7,62.6,60.8,20.5,21.6,19.4,0.988,11.7,0.308,10.2,9.28,16.2,0.284,7.06,6.1,0.0382,0.522,0.785,117.0,97.0,320,110,1000,9.9,27.1,12.3,11.2,13.5,13.8,14.7,14.4,12.0,13.2,12.6,27.0,8.9,21.0,212.0,0,0,0,0,0,0
69.2,69.2,69.2,55.1,52.8,57.4,63.6,63.0,64.2,23.1,23.0,23.2,1.02,11.9,0.318,10.1,9.31,16.4,0.292,7.28,6.27,0.0374,0.393,0.787,117.0,98.0,270,98,1000,9.7,28.6,13.7,14.4,12.8,13.1,13.1,14.3,12.2,13.5,14.8,27.9,8.4,18.4,215.0,0,0,0,0,0,0
70.4,68.4,72.4,57.4,56.4,58.4,65.2,65.4,65.0,20.1,18.2,22.0,1.05,12.0,0.321,10.2,9.56,16.6,0.296,7.28,6.47,0.0381,0.596,0.809,118.0,98.0,360,99,1000,9.2,25.1,12.6,14.4,13.8,13.9,12.4,12.7,14.7,14.9,14.5,27.1,9.0,17.1,211.0,0,0,0,0,0,0
69.2,68.2,70.2,54.8,53.2,56.4,65.0,64.6,65.4,20.6,23.6,17.6,1.11,12.7,0.343,10.8,10.3,18.2,0.318,7.84,6.92,0.0382,0.62,0.871,117.0,97.0,220,92,1000,9.7,28.5,14.1,15.0,15.4,12.0,13.3,13.2,12.4,14.7,15.2,28.6,9.8,16.1,218.0,0,0,0,0,0,0
59.2,60.2,58.2,29.4,26.8,32.0,63.9,66.2,61.6,20.6,18.8,22.4,1.24,14.1,0.377,12.0,11.4,20.3,0.349,8.63,7.8,0.0382,0.667,0.963,117.0,97.0,280,100,1000,9.8,26.9,13.2,13.1,12.9,12.2,15.1,14.3,12.5,12.6,12.5,26.4,8.6,20.9,211.0,0,0,0,0,0,0
52.6,51.6,53.6,44.0,43.6,44.4,52.0,50.8,53.2,19.3,17.0,21.6,0.612,6.98,0.195,6.01,6.11,8.32,0.171,4.54,3.22,0.0362,0.262,0.481,47.5,36.0,110,31,600,20.0,16.7,8.0,7.1,8.6,8.2,8.5,7.9,9.6,8.5,7.8,18.6,7.6,11.5,149.0,0,0,0,0,0,0
53.1,54.0,52.2,46.4,46.8,46.0,51.7,52.6,50.8,19.2,17.2,21.2,0.624,7.3,0.201,6.47,6.36,8.7,0.178,4.68,3.35,0.0354,0.264,0.514,44.9,34.0,87,30,600,5.8,18.7,9.0,7.7,8.7,8.4,8.0,8.7,8.4,7.9,7.4,15.9,4.8,11.8,131.0,0,0,0,0,0,0
50.3,50.4,50.2,46.7,46.8,46.6,52.0,52.8,51.2,20.2,20.0,20.4,0.646,7.57,0.211,6.81,6.57,9.21,0.186,5.01,3.52,0.0363,0.279,0.53,43.4,33.0,85,29,600,6.4,15.0,7.6,8.6,7.5,8.8,8.7,9.3,8.5,9.7,7.4,18.7,5.1,10.1,131.0,0,0,0,0,0,0
48.4,47.2,49.6,43.7,43.2,44.2,48.6,48.4,48.8,19.8,18.8,20.8,0.64,7.81,0.207,7.01,6.82,9.46,0.183,5.12,3.69,0.0365,0.458,0.549,43.8,33.0,120,33,600,5.2,17.6,8.4,8.3,7.5,9.0,9.4,7.9,7.9,8.9,8.6,17.8,6.1,10.8,133.0,0,0,0,0,0,0
50.6,52.2,49.0,44.4,46.8,42.0,52.1,53.8,50.4,20.4,23.3,17.5,0.681,8.09,0.216,7.24,6.98,9.9,0.192,5.46,3.92,0.0371,0.471,0.566,43.2,33.0,88,31,600,5.6,17.0,7.8,8.5,9.5,7.8,8.9,8.3,8.6,7.4,8.4,16.5,5.4,9.9,130.0,0,0,0,0,0,0
52.9,52.6,53.2,47.3,47.8,46.8,54.8,53.2,56.4,19.9,22.0,17.8,0.677,8.47,0.216,7.64,7.31,10.3,0.195,5.5,4.06,0.0365,0.483,0.585,42.7,32.0,95,30,600,5.4,18.3,6.7,8.9,9.7,8.9,7.4,7.8,9.0,7.4,8.5,14.9,5.1,12.2,130.0,0,0,0,0,0,0
53.5,52.0,55.0,47.3,48.8,45.8,54.0,55.0,53.0,19.7,22.4,17.0,0.721,8.7,0.231,7.93,7.61,10.8,0.203,5.85,4.26,0.0358,0.492,0.613,42.2,32.0,88,31,600,5.4,16.6,8.1,8.8,7.1,7.7,9.0,8.3,8.4,10.1,9.7,17.0,5.7,10.5,132.0,0,0,0,0,0,0
50.8,53.0,48.6,45.4,45.8,45.0,50.4,49.4,51.4,19.8,17.6,22.0,0.785,9.58,0.248,8.64,8.34,12.0,0.239,6.36,4.68,0.0377,0.525,0.675,41.7,32.0,87,29,600,5.4,15.8,9.1,7.6,8.2,7.9,7.4,7.7,9.3,8.4,9.9,16.2,5.8,12.6,131.0,0,0,0,0,0,0
61.0,61.6,60.4,52.4,50.6,54.2,58.9,58.4,59.4,20.4,18.6,22.2,0.728,9.35,0.228,8.07,7.76,11.7,0.227,5.93,4.34,0.0381,0.509,0.624,77.0,58.0,250,92,800,48.3,18.9,9.0,10.7,10.3,9.0,9.0,8.6,9.2,10.2,11.4,19.8,6.8,14.2,195.0,0,0,0,0,0,0
62.6,61.8,63.4,52.8,50.4,55.2,58.3,58.2,58.4,19.3,16.6,22.0,0.768,9.62,0.237,8.29,8.0,12.0,0.248,6.01,4.51,0.0363,0.346,0.632,68.1,52.0,120,42,800,7.6,23.5,11.5,12.1,12.4,10.5,11.3,11.4,8.5,10.3,11.7,24.1,8.1,14.8,178.0,0,0,0,0,0,0
61.4,61.0,61.8,50.4,49.2,51.6,58.9,60.4,57.4,20.6,17.8,23.4,0.786,9.79,0.247,8.4,8.43,12.5,0.264,6.26,4.67,0.0374,0.356,0.66,64.4,49.0,130,41,800,7.7,21.9,11.1,10.8,10.3,11.0,11.0,11.4,12.2,11.1,9.1,23.2,7.3,15.1,173.0,0,0,0,0,0,0
60.7,59.0,62.4,52.7,53.5,51.9,59.0,59.2,58.8,19.7,17.0,22.4,0.805,9.92,0.253,8.58,8.43,12.8,0.271,6.39,4.79,0.0372,0.36,0.655,62.1,48.0,120,42,800,9.1,21.1,9.2,11.2,11.2,10.0,10.6,10.6,12.1,10.9,11.3,20.2,6.7,16.7,171.0,0,0,0,0,0,0
63.5,65.4,61.6,53.2,53.2,53.2,57.0,56.8,57.2,20.1,21.0,19.2,0.859,10.2,0.262,8.74,8.6,13.4,0.293,6.53,5.02,0.0374,0.365,0.693,59.8,46.0,120,37,800,7.2,21.5,11.3,10.0,11.5,11.3,10.4,9.8,10.8,12.1,11.6,22.1,7.6,14.4,172.0,0,0,0,0,0,0
60.5,61.0,60.0,52.7,53.8,51.6,60.1,59.8,60.4,22.3,22.0,22.6,0.879,10.4,0.27,8.97,8.99,13.6,0.307,6.71,5.18,0.0364,0.371,0.709,59.8,46.0,150,46,800,7.4,21.9,10.9,13.0,11.0,11.9,12.4,11.4,11.3,11.7,10.7,24.7,8.7,12.3,179.0,0,0,0,0,0,0
65.1,65.6,64.6,53.2,51.6,54.8,66.0,65.6,66.4,20.8,18.8,22.8,0.866,10.7,0.28,9.11,9.13,14.2,0.295,6.78,5.31,0.0374,0.577,0.714,58.8,45.0,120,41,800,8.6,23.8,11.8,11.2,10.6,9.8,10.4,10.7,9.6,10.0,12.1,17.3,6.0,15.9,168.0,0,0,0,0,0,0
63.1,62.0,64.2,53.2,53.2,53.2,60.1,60.4,59.8,20.0,20.0,20.0,0.964,11.6,0.303,9.75,10.1,15.4,0.334,7.36,5.78,0.0375,0.603,0.801,58.0,45.0,110,44,800,8.8,22.4,11.9,12.3,11.8,11.6,9.8,11.3,10.1,10.1,10.2,22.3,7.5,16.4,177.0,0,0,0,0,0,0
71.3,70.4,72.2,57.7,58.4,57.0,60.9,60.6,61.2,20.8,19.4,22.2,0.889,11.2,0.277,9.48,9.11,14.7,0.299,6.9,5.52,0.0387,0.575,0.732,173.0,110.0,690,280,1000,28.9,24.9,12.2,10.8,13.1,15.2,11.9,11.2,11.8,13.7,11.0,23.5,8.1,17.1,213.0,0,0,0,0,0,0
69.1,69.2,69.0,59.1,57.0,61.2,61.4,60.4,62.4,20.3,18.6,22.0,0.879,11.2,0.281,9.4,9.35,15.3,0.305,6.98,5.64,0.0385,0.575,0.736,159.0,100.0,320,89,1000,13.0,30.5,13.4,12.8,13.0,13.5,13.2,13.0,13.0,14.4,12.1,28.7,7.5,18.3,216.0,0,0,0,0,0,0
70.6,69.4,71.8,54.1,51.8,56.4,63.8,63.4,64.2,20.7,19.6,21.8,0.916,11.6,0.291,9.58,9.37,15.6,0.302,6.97,5.8,0.0375,0.577,0.742,143.0,94.0,190,75,1000,10.9,27.8,13.1,13.7,13.8,13.2,13.5,13.6,14.0,13.8,13.7,28.2,9.9,16.6,216.0,0,0,0,0,0,0
69.6,71.8,67.4,60.4,60.0,60.8,62.8,61.4,64.2,21.1,18.8,23.4,0.945,11.4,0.293,9.93,9.46,16.1,0.311,7.18,5.93,0.0385,0.588,0.765,146.0,100.0,390,130,1000,8.6,30.0,11.9,12.9,12.7,13.1,13.1,14.0,12.7,13.5,13.3,27.7,9.6,19.7,213.0,0,0,0,0,0,0
69.5,72.0,67.0,56.1,55.0,57.2,64.1,64.4,63.8,20.2,21.4,19.0,0.959,11.6,0.299,9.82,9.59,16.3,0.329,7.17,6.03,0.0384,0.393,0.781,155.0,110.0,480,190,1000,10.6,27.8,11.8,14.0,14.4,11.1,14.9,14.5,11.6,14.5,13.2,30.0,9.2,18.6,216.0,0,0,0,0,0,0
69.5,70.4,68.6,56.2,56.0,56.4,62.8,62.8,62.8,20.4,22.8,18.0,1.0,12.0,0.312,9.91,9.55,16.9,0.324,7.06,6.25,0.0374,0.392,0.806,151.0,110.0,290,100,1000,9.1,25.6,13.1,13.6,13.9,11.1,13.5,14.2,13.4,15.9,12.7,28.1,9.7,18.8,213.0,0,0,0,0,0,0
68.0,66.6,69.4,51.7,53.4,50.0,63.6,63.2,64.0,22.0,21.0,23.0,1.07,12.7,0.333,10.6,10.3,18.2,0.351,7.64,6.76,0.0382,0.625,0.877,144.0,100.0,200,79,1000,9.0,28.8,12.2,13.8,13.3,14.1,12.3,14.1,13.8,14.7,11.4,28.8,9.9,18.6,215.0,0,0,0,0,0,0
62.9,62.0,63.8,27.3,27.4,27.2,61.8,61.8,61.8,19.0,21.6,16.4,1.21,14.0,0.369,11.9,11.4,20.3,0.39,8.6,7.47,0.0374,0.665,0.963,148.0,100.0,580,110,1000,9.9,28.0,13.1,11.8,12.9,11.5,11.8,13.2,13.4,12.4,14.7,23.4,7.3,22.4,206.0,0,0,0,0,0,0
49.2,48.0,50.4,44.2,44.8,43.6,49.8,49.8,49.8,20.4,21.2,19.6,0.507,7.01,0.167,6.4,5.79,8.05,0.148,4.43,3.19,0.0376,0.252,0.473,44.9,34.0,96,28,600,20.9,15.8,8.9,7.8,8.9,8.7,8.8,8.7,8.9,7.4,8.4,17.9,5.6,11.7,148.0,0,0,0,0,0,0
52.0,51.6,52.4,48.3,49.2,47.4,53.0,51.8,54.2,20.1,22.4,17.8,0.509,7.19,0.168,6.61,5.9,8.5,0.147,4.72,3.37,0.0376,0.26,0.488,42.3,32.0,85,27,600,4.4,17.9,8.1,7.2,7.9,9.3,7.8,6.8,8.4,8.0,8.3,15.8,4.7,11.9,127.0,0,0,0,0,0,0
52.9,51.2,54.6,45.3,43.6,47.0,54.5,53.8,55.2,20.1,19.0,21.2,0.537,7.48,0.173,6.95,6.27,8.98,0.156,4.87,3.55,0.0377,0.27,0.508,41.9,32.0,95,31,600,5.8,16.3,8.7,5.9,9.0,9.0,10.3,9.1,8.1,10.0,7.9,18.3,5.1,12.3,136.0,0,0,0,0,0,0
54.2,55.0,53.4,44.1,43.6,44.6,56.7,56.0,57.4,20.2,22.0,18.4,0.612,7.81,0.192,7.21,6.56,9.49,0.174,5.18,3.72,0.0384,0.483,0.538,42.8,33.0,120,35,600,5.3,16.4,7.8,7.7,9.8,7.0,8.9,8.5,9.4,7.7,8.9,19.9,7.3,11.7,136.0,0,0,0,0,0,0
55.2,53.6,56.8,47.8,46.8,48.8,54.2,54.2,54.2,20.3,22.2,18.4,0.646,8.35,0.202,7.47,6.95,10.1,0.189,5.37,3.89,0.0372,0.492,0.57,42.4,32.0,91,30,600,4.9,15.4,9.1,8.6,7.1,9.3,7.8,9.4,9.3,7.5,8.1,17.9,5.1,11.7,131.0,0,0,0,0,0,0
51.8,49.2,54.4,46.5,46.8,46.2,54.6,53.6,55.6,20.5,22.2,18.8,0.696,8.53,0.212,7.75,7.12,10.4,0.202,5.54,4.12,0.0373,0.507,0.591,42.1,32.0,93,31,600,5.0,17.9,8.9,9.3,7.9,6.3,9.1,8.5,7.7,9.1,7.8,19.3,6.7,12.4,136.0,0,0,0,0,0,0
51.9,51.6,52.2,47.2,46.2,48.2,54.2,54.0,54.4,19.7,20.0,19.4,0.719,8.78,0.218,8.01,7.32,11.0,0.209,5.8,4.24,0.0382,0.514,0.604,41.7,32.0,93,30,600,5.8,18.0,7.7,9.4,7.0,8.2,8.3,8.6,6.7,8.5,7.2,17.5,5.7,12.5,131.0,0,0,0,0,0,0
53.8,56.4,51.2,46.4,45.7,47.1,54.6,54.0,55.2,21.5,23.4,19.6,0.81,9.73,0.244,8.95,8.18,12.3,0.233,6.43,4.7,0.0373,0.541,0.676,41.7,32.0,98,32,600,4.5,16.6,7.8,7.7,9.8,9.3,7.6,8.1,9.8,7.4,8.9,18.1,6.4,13.0,135.0,0,0,0,0,0,0
61.4,60.6,62.2,54.4,54.4,54.4,61.2,60.2,62.2,20.4,18.8,22.0,0.783,9.38,0.234,8.35,7.92,11.8,0.225,6.07,4.49,0.0372,0.531,0.627,66.9,51.0,210,74,800,45.6,21.2,11.1,9.6,10.2,8.6,10.6,9.9,10.5,10.6,10.0,20.5,6.5,12.1,197.0,0,0,0,0,0,0
60.7,61.2,60.2,52.2,51.5,52.9,58.6,58.0,59.2,22.2,23.2,21.2,0.801,9.71,0.243,8.56,8.02,12.1,0.223,6.16,4.61,0.038,0.542,0.648,63.2,47.0,160,41,800,7.7,20.4,10.9,11.3,9.7,11.3,12.4,12.0,10.2,9.7,11.2,22.3,7.1,14.8,171.0,0,0,0,0,0,0
63.4,63.0,63.8,52.9,53.6,52.2,60.4,61.6,59.2,21.3,20.6,22.0,0.78,9.9,0.246,8.73,8.23,12.6,0.224,6.28,4.71,0.0381,0.35,0.67,60.3,46.0,120,43,800,8.3,23.3,11.1,11.1,9.9,9.7,13.5,10.5,10.5,12.2,10.1,23.9,7.7,15.2,177.0,0,0,0,0,0,0
62.3,61.6,63.0,53.7,55.8,51.6,58.2,58.0,58.4,20.2,22.4,18.0,0.822,10.1,0.25,8.93,8.36,13.0,0.233,6.47,4.91,0.0372,0.352,0.692,57.7,44.0,100,39,800,7.9,22.9,11.7,10.4,11.3,11.5,10.4,11.2,11.7,10.3,10.4,22.1,8.3,16.2,176.0,0,0,0,0,0,0
60.0,61.0,59.0,53.1,52.8,53.4,55.0,53.2,56.8,21.3,21.6,21.0,0.837,10.2,0.259,9.15,8.59,13.1,0.245,6.53,5.1,0.0372,0.359,0.702,56.3,44.0,120,39,800,7.3,22.3,13.7,9.6,9.6,11.9,12.2,9.9,10.4,12.3,9.7,23.2,7.2,14.0,173.0,0,0,0,0,0,0
61.4,59.8,63.0,51.1,52.8,49.4,59.1,60.8,57.4,22.0,23.6,20.4,0.85,10.5,0.266,9.05,8.98,13.6,0.242,6.72,5.3,0.0372,0.372,0.71,55.8,44.0,120,44,800,7.4,21.8,11.2,11.6,12.0,10.3,11.1,11.7,8.7,10.5,12.5,20.8,7.6,13.9,171.0,0,0,0,0,0,0
64.1,64.0,64.2,54.0,52.6,55.4,61.8,61.6,62.0,20.4,23.4,17.4,0.884,10.8,0.273,9.38,9.0,14.1,0.264,6.8,5.36,0.037,0.56,0.735,56.2,44.0,160,47,800,6.0,22.7,11.9,10.5,11.9,10.6,11.5,10.1,12.2,11.0,11.6,23.9,7.4,15.2,177.0,0,0,0,0,0,0
63.1,61.4,64.8,55.0,55.8,54.2,59.7,60.8,58.6,20.2,20.2,20.2,0.993,11.5,0.306,10.1,10.0,15.5,0.299,7.44,5.87,0.037,0.589,0.828,55.9,44.0,120,44,800,9.0,22.1,11.2,11.7,8.4,10.2,11.9,10.4,10.5,9.6,10.8,24.4,8.8,14.5,174.0,0,0,0,0,0,0
70.5,71.6,69.4,54.6,51.9,57.3,64.0,66.0,62.0,21.1,21.2,21.0,0.972,11.2,0.299,9.59,9.19,15.3,0.285,7.0,5.59,0.0369,0.574,0.777,127.0,100.0,400,200,1000,33.1,28.8,10.4,13.9,11.1,13.1,10.3,13.5,11.0,13.0,13.4,25.9,7.5,16.4,221.0,0,0,0,0,0,0
66.2,65.2,67.2,53.6,53.6,53.6,63.2,64.2,62.2,20.6,21.0,20.2,1.0,11.2,0.306,9.8,9.23,15.5,0.287,6.96,5.74,0.0376,0.569,0.774,116.0,95.0,210,73,1000,8.0,29.7,12.3,14.4,13.9,12.9,13.2,13.3,14.6,11.9,13.8,30.4,11.3,19.1,219.0,0,0,0,0,0,0
68.2,66.0,70.4,56.0,57.4,54.6,63.4,63.2,63.6,21.5,23.2,19.8,1.03,11.4,0.312,9.87,9.28,16.0,0.304,7.23,5.82,0.0366,0.593,0.794,131.0,100.0,490,130,1000,9.2,25.5,11.1,12.4,12.8,13.7,12.7,14.0,13.7,13.4,15.1,27.7,9.1,18.6,209.0,0,0,0,0,0,0
70.4,69.8,71.0,55.2,55.0,55.4,62.7,64.4,61.0,20.8,21.6,20.0,1.05,11.6,0.32,10.1,9.34,16.4,0.312,7.12,6.05,0.0358,0.421,0.797,131.0,100.0,320,98,1000,9.7,28.6,12.0,13.3,13.8,14.0,14.7,14.1,14.6,11.4,12.9,28.1,8.9,16.9,213.0,0,0,0,0,0,0
69.1,70.0,68.2,53.1,51.8,54.4,64.5,64.8,64.2,22.3,19.4,25.2,1.06,11.8,0.326,10.3,9.37,16.6,0.311,7.24,6.25,0.0367,0.421,0.821,126.0,97.0,270,71,1000,9.4,27.6,14.3,11.2,11.4,11.5,14.5,14.1,16.7,13.1,12.0,29.2,10.8,19.3,215.0,0,0,0,0,0,0
68.1,69.0,67.2,52.9,54.6,51.2,64.3,64.8,63.8,22.8,22.4,23.2,1.09,11.8,0.33,10.1,9.49,16.9,0.301,7.31,6.3,0.0366,0.619,0.82,124.0,96.0,270,92,1000,10.7,31.4,14.9,11.9,13.7,14.0,12.4,12.5,12.0,12.5,13.3,26.6,8.3,18.9,213.0,0,0,0,0,0,0
68.8,68.8,68.8,56.7,57.0,56.4,63.9,63.2,64.6,20.2,18.6,21.8,1.12,12.7,0.348,10.9,10.2,18.3,0.326,7.77,6.76,0.0367,0.638,0.896,123.0,96.0,240,100,1000,11.6,27.0,12.4,12.7,12.5,11.3,15.2,14.5,13.3,13.4,11.9,26.5,8.2,18.6,209.0,0,0,0,0,0,0
53.7,54.0,53.4,46.7,46.0,47.4,52.6,52.2,53.0,21.7,19.4,24.0,0.536,6.82,0.17,6.33,5.79,8.05,0.148,4.43,3.18,0.0376,0.254,0.476,43.2,33.0,95,30,600,19.9,16.9,10.4,9.4,7.9,6.2,9.6,6.4,8.9,10.5,8.1,15.0,5.5,9.3,144.0,0,0,0,0,0,0
52.4,50.6,54.2,46.1,46.2,46.0,53.7,53.2,54.2,19.8,21.8,17.8,0.58,7.12,0.182,6.65,5.96,8.38,0.159,4.75,3.42,0.0377,0.261,0.488,41.8,32.0,93,29,600,7.1,15.6,8.8,7.5,8.8,8.4,7.9,6.5,10.7,7.6,7.4,16.4,6.3,12.3,131.0,0,0,0,0,0,0
52.4,53.2,51.6,45.3,44.0,46.6,52.9,51.6,54.2,19.6,21.6,17.6,0.624,7.5,0.19,6.89,6.22,8.92,0.173,4.96,3.56,0.0368,0.273,0.519,41.3,32.0,92,30,600,4.5,17.3,8.5,9.3,9.3,10.4,8.7,8.0,6.8,7.8,9.2,19.2,6.0,9.8,135.0,0,0,0,0,0,0
50.9,50.6,51.2,46.8,47.4,46.2,51.6,51.8,51.4,20.8,18.6,23.0,0.653,7.74,0.205,7.08,6.49,9.33,0.18,5.1,3.74,0.0367,0.49,0.549,41.6,32.0,110,32,600,6.9,16.4,8.5,8.9,7.3,8.9,8.9,8.2,9.9,7.2,6.9,16.5,6.6,10.3,131.0,0,0,0,0,0,0
53.2,53.2,53.2,47.4,46.0,48.8,51.6,51.6,51.6,19.6,22.8,16.4,0.651,8.21,0.209,7.42,6.7,9.82,0.185,5.32,3.87,0.0367,0.496,0.554,41.4,32.0,94,30,600,4.5,15.7,8.4,7.8,8.3,8.1,9.6,8.8,8.5,7.5,7.0,17.5,5.0,12.5,129.0,0,0,0,0,0,0
50.2,48.4,52.0,46.4,45.0,47.8,53.0,51.6,54.4,21.4,23.4,19.4,0.691,8.36,0.215,7.79,7.01,10.3,0.195,5.54,4.07,0.0367,0.509,0.578,40.9,31.0,86,30,600,5.0,16.6,7.5,7.3,8.9,8.8,8.9,7.6,8.9,9.8,8.9,17.8,5.3,11.1,132.0,0,0,0,0,0,0
53.5,52.8,54.2,50.9,50.7,51.1,52.3,51.0,53.6,21.9,25.2,18.6,0.732,8.72,0.223,8.04,7.27,10.6,0.205,5.68,4.23,0.0366,0.523,0.596,40.7,32.0,85,32,600,5.1,18.0,7.5,8.9,7.4,7.8,9.2,8.3,8.1,6.7,8.8,18.3,5.7,11.3,131.0,0,0,0,0,0,0
53.3,52.4,54.2,45.2,46.6,43.8,55.1,52.6,57.6,20.5,18.8,22.2,0.819,9.67,0.253,8.81,8.11,11.7,0.231,6.33,4.74,0.0374,0.549,0.674,40.6,32.0,90,32,600,5.7,16.7,8.3,7.4,9.0,7.2,7.7,8.3,8.7,7.3,8.7,17.0,6.6,11.1,130.0,0,0,0,0,0,0
63.6,62.4,64.8,51.9,53.6,50.2,61.2,61.2,61.2,20.4,19.6,21.2,0.761,9.44,0.233,8.14,7.88,11.7,0.213,5.88,4.39,0.0361,0.537,0.633,68.5,55.0,200,78,800,47.6,20.7,9.3,8.3,10.8,9.9,9.8,10.2,11.1,10.1,11.7,20.2,5.5,13.4,199.0,0,0,0,0,0,0
60.3,61.4,59.2,53.2,53.0,53.4,58.9,58.8,59.0,22.1,19.4,24.8,0.78,9.42,0.244,8.46,8.03,12.0,0.218,6.1,4.54,0.037,0.339,0.644,62.3,50.0,110,42,800,5.8,22.9,10.7,9.2,9.7,11.2,10.7,11.8,11.3,9.6,11.8,21.8,8.2,17.0,172.0,0,0,0,0,0,0
62.6,62.2,63.0,50.4,48.4,52.4,59.2,57.2,61.2,22.2,22.0,22.4,0.837,9.87,0.251,8.5,8.26,12.5,0.246,6.37,4.84,0.0371,0.34,0.658,59.6,48.0,110,42,800,7.6,23.4,12.1,12.0,10.7,10.3,10.8,12.1,11.3,9.8,10.5,23.3,7.5,15.8,177.0,0,0,0,0,0,0
61.1,60.4,61.8,52.6,55.0,50.2,60.2,58.2,62.2,21.1,24.6,17.6,0.843,10.0,0.26,8.69,8.37,12.9,0.247,6.32,4.93,0.0363,0.349,0.668,58.4,47.0,130,41,800,9.5,22.7,11.6,9.7,10.4,11.3,10.0,11.2,8.5,10.5,10.6,21.9,7.5,14.9,170.0,0,0,0,0,0,0
61.3,60.8,61.8,51.3,50.2,52.4,58.6,58.6,58.6,20.5,24.0,17.0,0.872,10.2,0.263,8.97,8.67,13.4,0.254,6.52,4.99,0.0365,0.356,0.702,57.0,45.0,120,37,800,8.0,21.9,9.6,9.4,9.8,12.3,10.8,8.7,11.6,11.7,11.1,21.2,6.7,16.8,170.0,0,0,0,0,0,0
61.0,61.0,61.0,53.7,52.1,55.3,57.2,57.6,56.8,22.2,20.8,23.6,0.887,10.5,0.268,9.08,8.87,13.7,0.254,6.64,5.2,0.0376,0.366,0.712,55.4,44.0,99,37,800,8.1,23.9,11.5,11.0,11.2,11.1,10.4,10.1,10.5,10.7,11.7,22.3,6.1,13.8,172.0,0,0,0,0,0,0
62.2,58.4,66.0,52.1,51.2,53.0,58.9,58.2,59.6,22.3,21.6,23.0,0.88,10.6,0.268,9.21,9.03,13.9,0.27,6.67,5.39,0.0374,0.568,0.724,54.9,43.0,120,41,800,6.8,23.4,12.1,10.4,11.2,8.0,12.1,9.9,11.9,11.9,10.0,21.2,6.4,15.7,171.0,0,0,0,0,0,0
62.0,62.8,61.2,52.0,51.0,53.0,60.6,59.8,61.4,21.8,20.6,23.0,0.954,11.4,0.298,10.2,9.91,15.3,0.296,7.42,5.82,0.0376,0.601,0.8,54.5,43.0,120,42,800,7.4,19.5,10.4,10.5,10.8,9.2,11.1,12.5,12.2,12.2,9.5,24.4,8.0,17.0,175.0,0,0,0,0,0,0
69.9,70.4,69.4,59.3,59.8,58.8,61.1,59.0,63.2,21.3,22.8,19.8,0.91,11.2,0.284,9.42,9.19,15.0,0.276,6.81,5.65,0.0367,0.572,0.747,161.0,100.0,690,220,1000,31.7,24.8,13.4,10.7,11.6,11.6,10.4,12.6,13.9,12.4,12.7,24.5,7.0,15.8,213.0,0,0,0,0,0,0
68.7,65.6,71.8,58.6,58.6,58.6,62.8,62.0,63.6,21.0,18.8,23.2,0.962,11.4,0.29,9.71,9.19,15.5,0.289,7.13,5.72,0.0366,0.585,0.76,144.0,99.0,230,83,1000,8.6,32.1,12.3,14.1,12.5,12.1,14.7,13.2,13.7,15.5,12.9,29.2,11.4,17.9,220.0,0,0,0,0,0,0
69.4,68.6,70.2,60.5,60.8,60.2,62.0,62.0,62.0,21.8,19.0,24.6,0.966,11.3,0.304,9.56,9.19,15.7,0.302,6.98,6.0,0.0384,0.578,0.785,139.0,98.0,270,96,1000,7.8,28.2,13.2,12.5,13.2,14.8,12.1,13.6,12.5,14.6,12.4,28.6,8.1,18.0,210.0,0,0,0,0,0,0
70.0,70.2,69.8,60.6,60.6,60.6,61.1,61.6,60.6,21.4,23.0,19.8,1.01,11.5,0.31,9.8,9.43,16.2,0.3,7.16,6.11,0.0377,0.549,0.788,138.0,99.0,340,110,1000,9.9,29.9,11.6,12.5,13.9,12.3,13.7,12.7,12.4,14.5,12.8,26.6,8.1,17.1,208.0,0,0,0,0,0,0
70.5,68.0,73.0,56.2,55.2,57.2,60.6,58.8,62.4,21.3,20.8,21.8,1.01,11.6,0.314,9.95,9.46,16.6,0.306,7.19,6.22,0.0377,0.389,0.801,134.0,99.0,260,100,1000,8.9,27.9,12.7,11.9,11.4,14.3,14.9,12.3,13.8,14.3,12.9,28.0,9.7,20.0,213.0,0,0,0,0,0,0
69.2,69.4,69.0,57.0,58.4,55.6,67.7,67.2,68.2,22.4,21.8,23.0,1.04,11.5,0.321,9.99,9.45,17.0,0.31,7.3,6.29,0.0387,0.602,0.822,145.0,100.0,590,190,1000,9.2,28.3,12.8,12.9,15.2,14.6,12.3,12.7,13.9,12.3,12.5,29.9,11.2,19.4,217.0,0,0,0,0,0,0
70.4,68.8,72.0,58.3,57.0,59.6,63.5,63.0,64.0,21.0,20.4,21.6,1.12,12.2,0.354,10.7,10.2,18.5,0.348,7.87,6.86,0.0385,0.624,0.91,148.0,110.0,400,130,1000,7.7,29.6,14.5,12.4,16.1,11.9,13.0,13.4,13.6,14.1,14.0,27.9,9.6,16.8,215.0,0,0,0,0,0,0
62.2,62.6,61.8,27.9,24.8,31.0,63.3,63.0,63.6,19.7,17.0,22.4,1.26,13.8,0.389,12.0,11.3,20.5,0.377,8.75,7.74,0.0377,0.666,0.997,149.0,110.0,460,120,1000,9.0,29.4,12.7,13.9,11.0,13.0,12.9,14.8,12.1,17.1,13.7,27.5,10.4,18.9,216.0,0,0,0,0,0,0
51.2,50.6,51.8,48.7,49.2,48.2,51.6,49.6,53.6,19.2,22.4,16.0,0.562,7.12,0.185,6.36,5.84,8.2,0.167,4.53,3.18,0.0364,0.247,0.475,46.5,35.0,110,33,600,20.8,16.9,8.5,7.5,8.4,10.3,7.8,7.9,8.4,8.5,9.6,17.3,6.6,11.8,150.0,0,0,0,0,0,0
52.4,50.4,54.4,49.6,50.6,48.6,50.5,50.0,51.0,19.7,21.2,18.2,0.587,7.32,0.189,6.59,6.06,8.58,0.171,4.63,3.3,0.0381,0.262,0.495,44.5,33.0,90,28,600,6.5,16.2,7.5,8.5,7.7,6.8,7.5,9.2,7.3,6.9,9.3,17.7,5.7,12.1,129.0,0,0,0,0,0,0
55.2,54.8,55.6,45.7,47.8,43.6,52.4,51.0,53.8,19.5,17.2,21.8,0.615,7.59,0.195,6.75,6.38,9.06,0.179,4.88,3.5,0.0381,0.271,0.515,43.5,33.0,91,31,600,5.4,17.2,9.8,8.8,8.3,7.9,8.4,8.3,8.4,7.4,8.5,17.2,5.0,11.7,132.0,0,0,0,0,0,0
50.9,49.4,52.4,46.1,47.4,44.8,52.2,52.6,51.8,19.6,20.4,18.8,0.66,7.84,0.211,7.05,6.65,9.49,0.201,5.12,3.67,0.0372,0.494,0.534,43.2,33.0,93,33,600,7.0,15.5,7.7,8.0,8.4,9.3,7.5,7.9,8.5,8.5,7.2,18.1,6.9,11.7,132.0,0,0,0,0,0,0
53.4,53.0,53.8,48.5,45.8,51.2,52.3,51.6,53.0,19.6,16.6,22.6,0.695,8.2,0.219,7.22,6.92,9.8,0.21,5.26,3.82,0.037,0.5,0.565,42.3,32.0,88,29,600,5.3,18.3,9.0,8.5,7.9,7.9,8.2,7.5,8.8,7.9,7.7,17.5,5.8,11.6,132.0,0,0,0,0,0,0
54.3,55.8,52.8,48.2,48.2,48.2,55.8,55.6,56.0,19.6,19.6,19.6,0.758,8.4,0.228,7.68,7.19,10.4,0.226,5.55,4.04,0.037,0.513,0.588,41.8,32.0,87,31,600,5.1,16.9,8.9,7.4,9.2,7.8,8.9,7.3,8.4,7.9,7.8,17.6,7.1,10.7,131.0,0,0,0,0,0,0
53.2,54.0,52.4,45.1,45.4,44.8,51.4,51.8,51.0,19.4,17.4,21.4,0.779,8.78,0.237,7.86,7.38,10.8,0.235,5.74,4.19,0.0381,0.529,0.617,41.6,32.0,90,30,600,5.5,18.7,10.0,8.3,8.3,8.7,8.2,7.8,7.8,6.6,8.2,19.4,5.6,12.8,136.0,0,0,0,0,0,0
52.5,54.0,51.0,44.5,44.2,44.8,53.1,50.2,56.0,19.8,22.0,17.6,0.878,9.62,0.264,8.65,8.3,12.0,0.257,6.33,4.65,0.0371,0.549,0.685,41.3,32.0,88,29,600,5.7,15.3,9.1,6.8,7.1,9.4,6.5,8.7,7.2,8.7,9.6,16.9,5.7,12.0,129.0,0,0,0,0,0,0
59.9,58.6,61.2,54.3,54.4,54.2,64.1,62.0,66.2,22.9,25.8,20.0,0.823,9.42,0.246,8.48,7.56,11.6,0.235,6.0,4.48,0.037,0.536,0.635,67.7,51.0,220,76,800,45.6,18.8,9.3,11.1,10.4,10.1,10.0,10.0,10.3,9.6,9.7,19.8,6.7,13.1,195.0,0,0,0,0,0,0
59.1,62.0,56.2,52.9,54.6,51.2,58.7,57.8,59.6,20.2,22.6,17.8,0.838,9.82,0.252,8.77,7.64,11.9,0.237,6.14,4.57,0.0362,0.34,0.651,62.0,47.0,120,39,800,8.0,24.0,11.9,9.7,10.0,12.3,10.5,13.0,10.5,11.2,10.6,23.5,8.0,15.5,179.0,0,0,0,0,0,0
58.4,58.6,58.2,55.5,54.2,56.8,60.1,58.6,61.6,20.0,22.4,17.6,0.862,9.97,0.26,9.0,7.79,12.3,0.245,6.38,4.77,0.037,0.346,0.666,58.6,45.0,110,37,800,8.2,22.4,9.8,9.7,10.8,11.5,10.3,10.9,12.3,11.5,9.6,21.4,8.2,14.8,171.0,0,0,0,0,0,0
61.2,61.6,60.8,56.5,56.8,56.2,61.9,61.2,62.6,21.0,17.2,24.8,0.868,10.2,0.268,9.24,8.09,12.7,0.252,6.43,5.0,0.0371,0.354,0.691,57.0,44.0,120,40,800,7.5,24.1,10.4,10.7,10.3,10.5,8.8,13.8,11.0,12.6,8.7,20.8,7.2,14.2,171.0,0,0,0,0,0,0
60.4,59.8,61.0,57.8,58.0,57.6,61.0,59.8,62.2,20.5,20.0,21.0,0.881,10.5,0.268,9.6,8.14,13.2,0.247,6.67,5.13,0.0362,0.361,0.688,56.0,43.0,120,41,800,8.1,22.4,13.1,12.3,11.0,12.4,9.8,11.8,11.3,10.1,11.1,24.2,7.5,15.8,181.0,0,0,0,0,0,0
60.7,58.4,63.0,57.0,57.6,56.4,60.6,60.6,60.6,20.8,21.2,20.4,0.912,10.7,0.278,9.89,8.25,13.8,0.26,6.82,5.26,0.0372,0.374,0.711,55.5,43.0,120,41,800,7.9,23.0,11.3,10.9,10.6,11.2,10.5,11.9,9.5,11.4,11.8,22.2,7.8,14.5,175.0,0,0,0,0,0,0
57.9,57.4,58.4,57.6,57.4,57.8,60.7,60.2,61.2,19.9,19.2,20.6,0.931,11.0,0.283,10.2,8.22,14.1,0.265,6.91,5.42,0.0364,0.592,0.733,55.4,43.0,130,42,800,7.1,22.9,10.8,10.3,12.2,10.3,13.3,10.8,10.2,9.0,11.1,22.6,7.8,14.7,173.0,0,0,0,0,0,0
61.2,61.2,61.2,53.7,54.6,52.8,60.2,60.4,60.0,20.9,19.6,22.2,1.01,11.7,0.306,11.1,9.21,15.2,0.288,7.5,6.04,0.0371,0.621,0.807,55.4,43.0,130,44,800,7.6,22.8,10.0,9.7,11.1,10.9,13.0,11.2,9.7,11.1,11.5,23.2,7.3,15.6,175.0,0,0,0,0,0,0
70.0,70.4,69.6,56.7,54.8,58.6,61.8,62.0,61.6,20.2,19.8,20.6,0.915,11.4,0.282,10.1,8.69,14.9,0.26,6.95,5.57,0.0371,0.598,0.721,177.0,110.0,790,270,1000,28.4,25.1,12.5,10.7,13.2,10.6,12.3,11.7,12.7,13.4,12.1,24.8,8.2,15.6,211.0,0,0,0,0,0,0
67.6,69.4,65.8,56.4,57.2,55.6,62.0,60.0,64.0,19.9,22.4,17.4,0.928,11.4,0.283,10.1,8.81,15.2,0.262,7.08,5.81,0.038,0.601,0.741,157.0,100.0,220,86,1000,12.8,26.8,14.8,12.9,14.3,13.3,13.3,11.8,15.2,14.0,14.1,29.0,10.6,18.9,222.0,0,0,0,0,0,0
69.5,68.8,70.2,54.8,54.0,55.6,62.8,63.0,62.6,21.4,23.2,19.6,0.956,11.5,0.288,10.2,9.02,15.5,0.264,7.02,5.89,0.036,0.597,0.755,145.0,95.0,270,82,1000,8.8,26.6,13.8,13.1,13.4,14.5,12.5,11.0,12.3,11.5,14.5,28.2,8.6,20.1,209.0,0,0,0,0,0,0
67.4,68.2,66.6,56.6,57.0,56.2,65.4,65.6,65.2,20.5,22.8,18.2,0.935,11.7,0.295,10.2,9.07,15.8,0.269,6.93,6.05,0.0361,0.389,0.76,142.0,95.0,380,97,1000,10.2,30.3,13.4,11.1,13.3,14.2,15.5,13.6,13.6,13.5,13.9,27.5,8.3,18.2,217.0,0,0,0,0,0,0
68.5,70.0,67.0,55.4,54.8,56.0,63.5,61.8,65.2,20.0,21.2,18.8,0.956,11.7,0.302,10.1,9.31,16.5,0.283,7.08,6.2,0.037,0.397,0.771,135.0,94.0,210,87,1000,10.5,31.6,14.5,14.0,13.4,13.2,13.3,13.4,12.0,12.6,12.4,28.0,9.3,18.6,217.0,0,0,0,0,0,0
68.7,67.8,69.6,54.6,54.6,54.6,67.7,68.0,67.4,21.0,17.8,24.2,1.01,11.8,0.303,10.2,9.28,16.9,0.289,7.15,6.21,0.038,0.612,0.804,142.0,100.0,430,160,1000,8.8,30.8,13.3,12.6,14.2,13.2,12.0,13.1,14.4,12.2,11.9,27.9,9.9,18.3,213.0,0,0,0,0,0,0
67.1,66.0,68.2,58.1,58.6,57.6,62.7,63.8,61.6,21.6,22.2,21.0,1.08,12.5,0.336,10.9,10.2,18.4,0.316,7.68,6.79,0.0362,0.633,0.876,142.0,99.0,470,93,1000,9.3,26.7,14.2,14.7,13.2,14.1,14.8,12.4,14.3,14.1,13.1,30.6,10.0,18.8,220.0,0,0,0,0,0,0
63.6,62.0,65.2,28.7,24.8,32.6,64.7,64.2,65.2,19.3,22.6,16.0,1.24,14.1,0.378,12.1,11.4,20.3,0.353,8.62,7.66,0.038,0.681,0.982,137.0,97.0,220,83,1000,9.2,29.4,14.7,12.9,12.9,13.4,12.5,12.3,13.7,14.2,12.6,26.8,9.0,16.7,210.0,0,0,0,0,0,0
51.1,50.6,51.6,45.8,45.8,45.8,51.9,51.6,52.2,19.6,19.8,19.4,0.599,7.04,0.191,6.5,5.88,8.38,0.169,4.54,3.32,0.0363,0.262,0.482,47.6,35.0,140,31,600,22.8,17.8,8.0,8.9,8.3,7.8,9.8,8.4,9.2,8.0,9.3,19.2,6.9,11.3,156.0,0,0,0,0,0,0
52.4,53.4,51.4,50.2,49.8,50.6,52.8,54.0,51.6,19.9,20.0,19.8,0.632,7.4,0.199,6.74,6.07,8.73,0.177,4.77,3.45,0.0371,0.274,0.512,44.6,33.0,92,27,600,5.1,18.1,7.7,8.4,8.5,8.2,9.2,9.3,6.7,8.6,8.4,15.6,5.4,10.8,130.0,0,0,0,0,0,0
51.3,53.2,49.4,46.9,47.8,46.0,53.4,54.8,52.0,19.0,16.6,21.4,0.664,7.57,0.206,6.99,6.34,9.13,0.186,5.0,3.6,0.0363,0.278,0.523,44.4,33.0,100,32,600,4.7,18.0,8.0,9.3,9.4,8.3,6.4,8.4,8.5,7.3,8.5,17.2,6.0,12.1,132.0,0,0,0,0,0,0
51.6,50.0,53.2,48.1,49.8,46.4,53.1,52.4,53.8,20.0,22.4,17.6,0.656,7.86,0.21,7.3,6.5,9.45,0.186,5.19,3.82,0.0382,0.469,0.534,42.6,32.0,82,27,600,5.7,15.6,10.4,8.6,7.8,7.3,7.6,9.0,6.7,6.9,6.9,14.2,5.1,11.3,123.0,0,0,0,0,0,0
52.6,50.4,54.8,47.9,49.2,46.6,53.5,54.6,52.4,20.4,21.2,19.6,0.674,8.17,0.215,7.57,6.77,9.83,0.196,5.36,3.93,0.0373,0.478,0.556,41.8,31.0,87,28,600,5.8,16.6,8.0,9.6,6.5,9.1,8.7,8.9,9.1,7.9,8.7,18.0,6.4,11.4,135.0,0,0,0,0,0,0
50.7,50.4,51.0,47.7,47.8,47.6,51.7,51.8,51.6,19.4,21.2,17.6,0.71,8.44,0.225,7.87,7.0,10.3,0.204,5.58,4.16,0.0364,0.49,0.575,41.8,31.0,99,30,600,6.5,18.2,10.2,8.5,8.1,6.6,8.9,8.2,7.7,7.7,8.0,18.4,6.2,10.8,134.0,0,0,0,0,0,0
51.3,49.6,53.0,47.0,44.6,49.4,50.7,49.0,52.4,19.1,21.8,16.4,0.746,8.67,0.228,8.09,7.17,10.8,0.207,5.77,4.27,0.0374,0.5,0.604,41.5,31.0,92,29,600,6.5,18.0,8.1,7.6,8.5,7.1,8.7,9.1,7.0,8.5,7.5,17.0,5.2,11.2,130.0,0,0,0,0,0,0
53.1,55.2,51.0,49.0,49.2,48.8,52.7,53.2,52.2,19.7,21.0,18.4,0.805,9.49,0.247,8.9,8.01,11.8,0.227,6.3,4.71,0.0373,0.524,0.671,41.3,31.0,94,30,600,6.2,17.0,8.2,7.7,6.9,8.0,7.4,7.7,9.0,8.9,9.5,15.5,4.6,11.5,128.0,0,0,0,0,0,0
67.5,67.2,67.8,54.6,54.2,55.0,63.8,62.6,65.0,21.1,18.2,24.0,0.765,9.26,0.237,8.22,7.51,11.4,0.211,5.96,4.49,0.0382,0.502,0.623,79.7,65.0,240,93,800,47.3,21.0,10.5,9.1,10.7,8.2,6.7,9.5,10.7,9.7,8.1,21.6,7.0,12.7,193.0,0,0,0,0,0,0
61.4,60.2,62.6,53.2,51.0,55.4,59.7,59.8,59.6,20.5,17.4,23.6,0.811,9.55,0.25,8.61,7.91,11.8,0.222,6.19,4.72,0.0383,0.339,0.646,69.4,54.0,110,39,800,10.8,23.1,12.1,10.8,10.5,9.7,11.5,12.8,10.7,11.2,10.1,25.1,9.5,15.3,183.0,0,0,0,0,0,0
60.0,61.0,59.0,53.7,54.8,52.6,58.2,57.8,58.6,20.8,21.2,20.4,0.845,9.84,0.255,8.68,8.15,12.2,0.23,6.22,4.83,0.0382,0.346,0.664,63.9,49.0,110,38,800,7.5,21.4,12.1,9.8,11.6,12.7,9.3,11.0,9.8,12.1,9.4,22.2,7.9,16.8,174.0,0,0,0,0,0,0
64.6,65.2,64.0,53.6,52.4,54.8,59.8,59.6,60.0,19.0,19.2,18.8,0.892,10.2,0.273,8.94,8.4,12.9,0.245,6.44,4.86,0.0363,0.361,0.682,61.4,48.0,120,42,800,6.9,20.3,10.3,10.6,13.5,10.2,10.3,11.1,11.6,12.2,10.0,23.4,8.3,17.2,176.0,0,0,0,0,0,0
64.8,66.0,63.6,55.8,55.2,56.4,61.5,62.6,60.4,20.6,18.4,22.8,0.926,10.3,0.28,9.12,8.62,13.6,0.253,6.61,5.19,0.0373,0.364,0.714,60.0,47.0,130,44,800,7.5,20.9,10.1,11.9,10.0,11.3,11.5,9.7,12.0,10.6,10.5,22.7,8.6,18.1,175.0,0,0,0,0,0,0
58.3,60.4,56.2,52.2,51.0,53.4,65.1,63.6,66.6,20.5,20.8,20.2,0.981,10.5,0.299,9.34,8.73,13.9,0.271,6.83,5.32,0.0372,0.576,0.736,59.0,46.0,130,41,800,9.5,24.1,10.6,11.9,10.7,10.9,10.2,9.5,12.1,12.8,11.6,23.1,8.4,13.5,179.0,0,0,0,0,0,0
63.7,62.6,64.8,55.4,55.0,55.8,61.6,59.8,63.4,21.8,22.8,20.8,1.01,10.8,0.303,9.6,9.0,14.4,0.273,6.98,5.51,0.0369,0.584,0.766,57.6,46.0,110,39,800,8.2,23.4,10.2,12.3,9.5,9.9,11.5,12.5,9.8,9.9,11.2,19.9,7.0,14.2,170.0,0,0,0,0,0,0
60.6,59.8,61.4,52.3,51.4,53.2,58.3,58.6,58.0,20.3,19.8,20.8,1.05,11.6,0.32,10.2,9.88,15.6,0.294,7.43,5.91,0.036,0.61,0.836,56.5,44.0,110,37,800,8.0,21.6,12.2,10.3,10.3,9.5,10.4,11.7,10.5,12.6,12.6,22.7,6.7,15.0,174.0,0,0,0,0,0,0
68.5,72.4,64.6,55.8,54.2,57.4,61.7,63.8,59.6,21.7,21.6,21.8,0.929,11.1,0.282,9.72,8.87,15.0,0.275,6.98,5.58,0.0355,0.582,0.756,150.0,100.0,590,210,1000,33.1,27.1,11.5,12.0,10.1,11.7,11.8,13.3,13.6,13.0,12.9,22.0,7.4,20.2,220.0,0,0,0,0,0,0
67.9,69.4,66.4,57.4,58.2,56.6,64.6,66.0,63.2,20.5,22.6,18.4,0.912,11.2,0.28,10.1,8.88,15.3,0.268,6.99,5.66,0.0366,0.587,0.76,134.0,92.0,220,72,1000,11.0,28.4,14.8,15.3,12.0,11.1,13.2,14.1,13.1,13.4,14.3,27.1,8.6,19.3,216.0,0,0,0,0,0,0
68.8,69.4,68.2,57.7,58.2,57.2,63.9,64.2,63.6,20.7,22.2,19.2,0.908,11.3,0.288,10.3,8.75,15.6,0.278,6.97,5.92,0.0366,0.583,0.768,136.0,94.0,450,99,1000,9.0,27.7,12.6,12.0,13.3,14.4,15.2,15.0,12.6,13.4,14.0,28.4,9.5,17.1,214.0,0,0,0,0,0,0
69.5,74.0,65.0,57.6,58.2,57.0,62.6,60.4,64.8,20.2,22.4,18.0,0.947,11.5,0.3,10.2,8.91,16.1,0.3,7.11,6.03,0.0367,0.393,0.794,135.0,96.0,310,110,1000,10.0,26.8,13.1,14.5,13.7,13.6,14.7,12.7,14.4,14.3,14.3,27.5,9.7,17.1,216.0,0,0,0,0,0,0
71.3,72.4,70.2,56.7,55.2,58.2,63.0,62.0,64.0,20.3,17.2,23.4,0.991,11.6,0.31,10.5,8.99,16.5,0.304,7.22,6.29,0.0366,0.398,0.782,134.0,97.0,320,99,1000,8.7,26.3,11.7,13.9,14.1,13.5,11.5,13.1,12.3,13.6,15.4,28.5,10.3,20.0,213.0,0,0,0,0,0,0
67.5,68.8,66.2,58.0,59.2,56.8,70.0,70.4,69.6,19.5,17.2,21.8,1.03,11.7,0.314,10.6,9.02,16.7,0.315,7.26,6.31,0.0373,0.623,0.797,128.0,95.0,210,82,1000,11.7,27.6,14.1,14.4,14.0,15.0,9.7,13.3,14.0,14.9,14.9,26.6,8.3,17.1,216.0,0,0,0,0,0,0
69.0,69.0,69.0,56.2,56.6,55.8,64.2,64.6,63.8,21.1,22.2,20.0,1.08,12.4,0.34,11.2,9.66,18.0,0.317,7.73,6.69,0.0363,0.651,0.852,123.0,93.0,200,75,1000,8.9,28.8,12.8,14.4,14.8,13.5,12.7,12.4,13.2,13.7,13.4,25.1,8.4,19.0,211.0,0,0,0,0,0,0
68.8,70.6,67.0,35.0,35.0,35.0,65.6,65.8,65.4,22.5,19.0,26.0,1.24,14.0,0.381,12.6,10.7,20.1,0.365,8.7,7.6,0.0364,0.7,0.97,123.0,94.0,280,100,1000,9.6,25.7,13.6,13.7,11.3,11.2,15.4,13.9,13.8,14.2,14.4,27.0,9.7,20.7,214.0,0,0,0,0,0,0
52.7,51.0,54.4,46.8,48.2,45.4,52.3,53.2,51.4,19.5,17.8,21.2,0.519,7.07,0.174,6.25,5.99,8.09,0.154,4.56,3.28,0.0372,0.253,0.466,46.5,35.0,110,32,600,24.7,15.1,8.5,8.0,8.6,10.6,8.3,7.5,7.5,9.5,7.9,16.4,5.1,12.6,150.0,0,0,0,0,0,0
53.7,54.0,53.4,46.1,45.4,46.8,52.1,50.2,54.0,19.8,23.2,16.4,0.567,7.33,0.185,6.7,6.05,8.67,0.165,4.73,3.49,0.0372,0.262,0.484,44.1,33.0,91,29,600,4.6,14.5,9.0,7.6,7.9,8.1,8.2,8.5,8.9,11.2,8.7,18.7,6.6,11.8,134.0,0,0,0,0,0,0
52.0,52.4,51.6,47.6,47.0,48.2,51.8,53.8,49.8,19.5,20.6,18.4,0.589,7.63,0.189,6.93,6.33,9.22,0.174,5.02,3.64,0.0375,0.277,0.518,42.7,32.0,89,29,600,6.1,16.8,7.2,9.4,8.8,8.5,9.8,9.0,6.9,7.4,8.1,18.2,4.1,10.6,131.0,0,0,0,0,0,0
53.6,53.8,53.4,46.3,46.4,46.2,52.5,53.4,51.6,20.0,18.4,21.6,0.627,7.88,0.2,7.35,6.62,9.51,0.178,5.1,3.78,0.0384,0.477,0.545,42.1,32.0,90,30,600,4.3,17.1,7.6,9.0,9.8,8.5,9.3,8.8,7.1,6.3,8.5,17.9,5.8,11.7,132.0,0,0,0,0,0,0
52.7,52.4,53.0,49.0,49.2,48.8,53.5,53.6,53.4,21.4,23.0,19.8,0.646,8.16,0.204,7.43,6.93,9.82,0.188,5.4,3.98,0.0366,0.49,0.568,41.8,32.0,91,32,600,6.4,20.4,7.0,8.8,8.9,7.0,7.5,9.5,7.1,8.2,8.7,15.3,4.7,12.0,132.0,0,0,0,0,0,0
51.1,50.6,51.6,47.2,45.6,48.8,53.7,55.8,51.6,21.0,24.2,17.8,0.661,8.51,0.206,7.8,7.05,10.3,0.19,5.65,4.18,0.0364,0.507,0.575,42.4,32.0,130,31,600,6.6,16.1,9.2,7.3,8.6,8.5,7.8,8.7,8.4,8.8,8.8,18.7,5.2,10.8,134.0,0,0,0,0,0,0
50.6,52.2,49.0,50.0,51.2,48.8,53.2,52.2,54.2,20.1,17.2,23.0,0.664,8.87,0.211,8.31,7.19,10.8,0.194,5.78,4.37,0.0375,0.511,0.599,41.7,32.0,84,29,600,5.3,18.3,8.5,9.1,8.6,7.7,7.4,9.4,8.1,8.8,7.4,19.5,5.3,10.9,134.0,0,0,0,0,0,0
51.4,52.0,50.8,48.6,47.2,50.0,52.7,51.4,54.0,20.4,20.8,20.0,0.747,9.63,0.231,8.96,7.98,11.9,0.214,6.39,4.76,0.0374,0.535,0.673,41.6,32.0,93,31,600,5.9,17.9,8.8,5.9,7.8,9.4,7.3,9.2,8.2,7.4,9.0,15.2,5.0,10.0,127.0,0,0,0,0,0,0
65.5,65.8,65.2,54.5,54.4,54.6,63.9,61.6,66.2,20.2,18.2,22.2,0.721,9.33,0.22,8.42,7.56,11.7,0.207,5.98,4.51,0.0386,0.527,0.629,85.0,59.0,340,83,800,49.2,19.7,9.2,9.8,8.3,9.9,10.7,11.3,10.9,9.4,8.9,17.5,6.3,12.8,194.0,0,0,0,0,0,0
60.0,61.4,58.6,54.0,52.4,55.6,57.9,58.4,57.4,19.5,21.6,17.4,0.723,9.76,0.22,8.78,7.74,11.9,0.206,6.14,4.73,0.0363,0.337,0.63,71.7,50.0,100,35,800,8.1,22.3,11.1,11.9,10.5,11.9,10.8,10.8,13.3,10.7,9.5,22.3,7.6,16.3,177.0,0,0,0,0,0,0
59.8,60.8,58.8,51.5,50.6,52.4,59.9,60.0,59.8,20.5,21.6,19.4,0.765,10.0,0.239,9.02,7.81,12.4,0.236,6.33,4.82,0.0383,0.344,0.658,66.0,47.0,120,41,800,9.0,23.1,10.5,9.3,10.1,11.0,12.2,11.3,10.3,12.6,10.5,23.5,8.7,14.7,177.0,0,0,0,0,0,0
58.9,58.4,59.4,51.8,49.4,54.2,58.4,58.8,58.0,20.2,19.4,21.0,0.794,9.97,0.245,9.2,8.1,12.8,0.24,6.58,4.9,0.0375,0.353,0.665,62.4,46.0,110,38,800,9.3,24.7,11.3,10.1,13.8,9.2,10.8,10.6,10.1,9.6,10.0,20.8,6.1,14.1,171.0,0,0,0,0,0,0
59.1,58.2,60.0,52.4,51.2,53.6,58.9,59.4,58.4,20.3,21.4,19.2,0.848,10.3,0.259,9.3,8.33,13.1,0.256,6.58,5.13,0.0375,0.352,0.674,61.0,46.0,120,44,800,6.9,23.9,12.6,11.4,9.5,11.0,10.4,11.9,8.7,12.8,9.3,23.3,8.3,15.6,176.0,0,0,0,0,0,0
61.2,62.0,60.4,56.0,55.2,56.8,61.5,61.4,61.6,20.8,24.0,17.6,0.877,10.6,0.267,9.47,8.48,13.6,0.266,6.72,5.29,0.0368,0.364,0.699,61.5,46.0,170,53,800,8.4,21.9,10.0,10.5,11.9,11.1,10.0,11.1,10.8,12.1,11.4,22.9,7.8,15.6,176.0,0,0,0,0,0,0
59.8,60.6,59.0,57.6,56.2,59.0,65.3,65.6,65.0,20.6,23.6,17.6,0.918,10.6,0.281,9.5,8.71,14.1,0.28,6.88,5.53,0.0377,0.596,0.729,60.2,46.0,120,40,800,7.2,20.3,10.1,11.8,12.0,11.2,10.0,8.8,11.6,10.1,10.4,22.5,7.6,15.6,169.0,0,0,0,0,0,0
58.6,56.0,61.2,55.6,56.2,55.0,59.8,59.6,60.0,20.3,20.8,19.8,0.983,11.5,0.303,10.5,9.42,15.4,0.3,7.34,5.91,0.0377,0.618,0.805,59.1,45.0,110,40,800,6.3,24.1,13.3,12.5,10.7,10.7,11.1,12.4,11.1,9.3,10.1,24.2,8.3,15.1,179.0,0,0,0,0,0,0
71.1,74.8,67.4,56.4,57.2,55.6,63.4,62.6,64.2,22.0,24.2,19.8,0.951,11.1,0.29,9.82,8.9,14.8,0.27,6.89,5.54,0.0367,0.601,0.735,152.0,100.0,610,230,1000,31.7,25.1,12.5,12.7,10.6,11.4,12.8,11.6,11.4,12.3,13.6,24.8,8.5,17.3,216.0,0,0,0,0,0,0
69.0,68.0,70.0,55.5,53.6,57.4,61.2,59.4,63.0,21.4,24.0,18.8,0.976,11.5,0.295,9.85,9.09,15.1,0.275,7.01,5.76,0.0385,0.6,0.761,154.0,110.0,400,120,1000,9.6,28.3,14.8,11.8,13.0,13.3,14.6,12.7,14.5,14.6,13.9,29.0,10.6,16.8,218.0,0,0,0,0,0,0
69.2,71.0,67.4,55.2,53.2,57.2,66.0,66.6,65.4,20.5,17.4,23.6,0.974,11.5,0.299,9.99,9.07,15.5,0.284,7.04,5.91,0.0373,0.599,0.779,145.0,100.0,310,79,1000,9.3,28.1,13.9,14.3,15.6,14.2,13.0,12.3,12.4,11.9,14.0,28.9,9.3,19.5,217.0,0,0,0,0,0,0
70.2,72.4,68.0,56.2,57.2,55.2,58.9,58.4,59.4,21.9,23.0,20.8,0.98,11.5,0.301,9.81,9.1,15.9,0.28,7.02,6.12,0.0381,0.616,0.778,155.0,110.0,510,140,1000,11.3,27.6,12.8,13.8,10.7,12.3,13.7,12.1,15.9,12.4,10.6,26.1,8.6,19.4,207.0,0,0,0,0,0,0
70.0,69.8,70.2,55.8,56.4,55.2,63.6,62.0,65.2,22.0,22.8,21.2,0.981,11.6,0.311,9.96,9.43,16.2,0.284,7.17,6.22,0.0359,0.386,0.776,144.0,100.0,200,78,1000,9.6,26.6,13.9,12.0,13.0,14.4,12.6,14.1,13.5,15.8,12.9,31.0,8.8,20.2,218.0,0,0,0,0,0,0
69.2,68.8,69.6,53.7,54.6,52.8,68.0,68.2,67.8,22.0,19.8,24.2,0.995,12.0,0.313,9.88,9.53,16.8,0.289,7.13,6.39,0.0358,0.398,0.789,141.0,100.0,270,100,1000,9.9,27.8,14.5,13.0,13.5,12.5,12.7,12.3,11.4,15.3,14.6,28.4,8.1,18.0,212.0,0,0,0,0,0,0
70.0,70.4,69.6,57.9,59.4,56.4,61.9,63.0,60.8,21.5,23.0,20.0,1.09,12.7,0.344,10.5,10.4,18.2,0.32,7.61,6.89,0.0369,0.635,0.877,143.0,100.0,400,120,1000,8.6,28.5,13.8,12.8,15.6,14.2,13.0,12.7,14.0,12.8,12.0,29.6,9.8,19.8,217.0,0,0,0,0,0,0
65.2,63.4,67.0,30.4,28.8,32.0,64.4,63.6,65.2,20.0,21.0,19.0,1.25,14.0,0.381,11.9,11.5,20.3,0.36,8.7,7.74,0.038,0.678,0.974,138.0,100.0,210,88,1000,6.9,28.1,15.5,14.0,15.3,12.6,11.3,16.1,13.3,12.5,14.4,27.7,10.1,18.1,216.0,0,0,0,0,0,0
54.7,54.4,55.0,47.8,49.0,46.6,48.3,46.8,49.8,19.6,18.0,21.2,0.594,7.0,0.192,5.99,6.27,8.22,0.185,4.5,3.33,0.0369,0.254,0.491,47.5,36.0,130,33,600,21.7,19.1,8.9,9.3,8.3,8.3,7.5,8.5,8.2,8.0,8.4,19.2,6.2,11.6,153.0,0,0,0,0,0,0
54.5,52.0,57.0,49.3,47.8,50.8,51.2,52.0,50.4,20.6,23.4,17.8,0.625,7.24,0.202,6.14,6.6,8.79,0.201,4.59,3.42,0.0368,0.268,0.496,45.5,35.0,89,33,600,5.6,16.5,6.7,8.0,8.5,9.6,8.9,8.2,8.2,8.2,7.6,18.1,6.3,11.3,132.0,0,0,0,0,0,0
53.5,54.6,52.4,49.6,48.4,50.8,50.7,52.2,49.2,20.2,18.6,21.8,0.637,7.62,0.204,6.53,6.85,9.22,0.201,4.96,3.61,0.0361,0.267,0.53,43.9,34.0,94,28,600,6.8,16.3,9.0,8.7,8.9,7.8,8.9,8.6,8.1,6.8,8.9,16.1,6.2,12.4,134.0,0,0,0,0,0,0
52.2,51.2,53.2,49.2,49.0,49.4,50.1,48.6,51.6,20.1,16.8,23.4,0.672,7.92,0.209,6.75,7.16,9.57,0.21,5.12,3.7,0.0367,0.484,0.553,43.1,33.0,89,31,600,5.6,18.9,8.7,6.8,8.3,7.0,7.8,7.1,6.3,9.6,8.6,14.6,6.3,11.1,127.0,0,0,0,0,0,0
50.4,49.8,51.0,46.9,45.6,48.2,49.5,51.4,47.6,21.6,19.8,23.4,0.688,8.06,0.213,6.91,7.32,10.0,0.215,5.32,3.91,0.0369,0.493,0.571,42.0,32.0,85,29,600,5.7,16.8,9.0,8.4,6.5,8.0,9.0,8.2,7.7,8.1,8.6,18.2,6.1,10.4,131.0,0,0,0,0,0,0
54.8,54.0,55.6,46.0,46.6,45.4,54.4,51.6,57.2,20.5,18.2,22.8,0.737,8.34,0.237,7.15,7.64,10.5,0.235,5.46,4.1,0.0377,0.505,0.593,42.3,32.0,100,33,600,5.7,16.0,7.9,7.6,8.8,9.3,8.9,7.0,9.4,8.5,8.9,19.0,6.0,10.0,133.0,0,0,0,0,0,0
50.9,49.8,52.0,46.5,43.8,49.2,51.4,49.8,53.0,19.7,22.6,16.8,0.76,8.74,0.239,7.35,7.95,10.9,0.215,5.79,4.29,0.0358,0.516,0.608,41.8,32.0,89,29,600,5.8,18.3,8.5,7.0,7.9,9.1,7.9,9.9,8.3,7.8,7.6,17.4,5.8,12.5,134.0,0,0,0,0,0,0
52.7,55.0,50.4,47.2,48.8,45.6,52.3,53.6,51.0,19.7,16.2,23.2,0.83,9.44,0.255,8.11,8.72,12.0,0.235,6.28,4.68,0.0358,0.538,0.683,41.5,32.0,96,28,600,6.2,15.1,7.6,8.8,7.5,9.0,7.0,9.1,8.4,8.6,8.1,18.4,5.0,10.7,130.0,0,0,0,0,0,0
63.2,62.6,63.8,51.5,50.4,52.6,64.0,66.4,61.6,19.8,20.6,19.0,0.762,9.42,0.243,7.82,7.97,11.5,0.22,5.88,4.47,0.0357,0.522,0.628,74.8,58.0,230,86,800,48.5,23.1,10.8,9.5,10.4,9.6,9.1,8.9,7.3,10.1,10.0,18.5,6.3,12.0,194.0,0,0,0,0,0,0
59.9,59.2,60.6,54.0,54.4,53.6,60.8,61.6,60.0,22.0,19.6,24.4,0.787,9.45,0.252,8.2,8.25,11.9,0.229,6.09,4.62,0.0367,0.332,0.655,65.8,50.0,110,39,800,9.6,24.8,10.0,11.3,10.4,11.6,11.4,10.5,10.4,10.8,10.3,24.0,8.3,17.1,181.0,0,0,0,0,0,0
58.6,57.8,59.4,52.5,51.0,54.0,58.7,58.4,59.0,21.9,20.2,23.6,0.812,9.87,0.253,8.24,8.37,12.3,0.232,6.22,4.83,0.0367,0.346,0.668,61.5,46.0,120,37,800,8.1,23.9,11.8,10.6,10.4,10.9,10.5,12.2,12.1,9.4,10.8,22.4,7.3,13.1,174.0,0,0,0,0,0,0
63.1,64.8,61.4,54.2,53.3,55.1,58.4,56.4,60.4,21.4,22.4,20.4,0.828,10.0,0.257,8.55,8.6,12.7,0.228,6.42,4.96,0.0358,0.358,0.675,60.2,45.0,130,43,800,7.5,23.3,11.0,11.3,11.6,10.5,9.4,11.1,12.5,11.1,11.5,22.0,6.3,14.1,173.0,0,0,0,0,0,0
62.6,63.8,61.4,52.0,51.8,52.2,60.1,58.6,61.6,20.3,17.8,22.8,0.815,10.3,0.266,8.91,8.61,13.3,0.236,6.57,5.21,0.0377,0.365,0.7,58.5,45.0,110,43,800,9.1,21.6,10.0,10.8,10.8,11.0,10.2,12.3,10.3,11.9,11.6,22.6,6.7,15.0,174.0,0,0,0,0,0,0
62.1,63.0,61.2,51.5,51.3,51.7,61.0,61.4,60.6,21.8,21.6,22.0,0.863,10.4,0.271,9.12,8.96,13.6,0.25,6.71,5.33,0.0368,0.377,0.737,57.7,44.0,120,41,800,7.4,22.9,11.5,10.1,12.8,10.1,10.5,9.2,12.2,10.9,9.9,21.8,8.2,17.2,175.0,0,0,0,0,0,0
61.0,61.0,61.0,53.1,54.0,52.2,57.9,58.6,57.2,20.0,21.8,18.2,0.862,10.9,0.279,9.19,9.15,14.1,0.25,6.85,5.49,0.0361,0.601,0.738,56.7,44.0,110,38,800,6.7,24.8,11.0,10.6,11.1,9.4,9.4,11.2,11.4,10.6,10.1,22.0,6.6,16.8,172.0,0,0,0,0,0,0
61.9,60.8,63.0,52.9,54.4,51.4,60.0,59.2,60.8,20.9,20.4,21.4,0.995,11.7,0.308,10.0,9.83,15.5,0.28,7.4,6.01,0.036,0.625,0.819,56.3,43.0,130,42,800,7.3,20.8,11.6,9.7,12.7,11.9,12.4,11.3,11.3,8.9,12.4,24.1,9.4,14.6,178.0,0,0,0,0,0,0
69.9,66.8,73.0,60.8,60.8,60.8,63.5,62.2,64.8,20.6,21.4,19.8,0.991,11.3,0.301,9.63,9.14,15.1,0.274,6.93,5.65,0.0373,0.597,0.761,154.0,110.0,630,200,1000,32.0,25.7,11.9,13.7,12.5,11.6,12.2,12.3,10.0,12.9,12.0,26.6,10.7,15.6,220.0,0,0,0,0,0,0
69.5,67.6,71.4,55.8,56.2,55.4,61.9,61.8,62.0,21.6,19.4,23.8,1.03,11.4,0.311,9.8,9.21,15.4,0.285,7.02,5.84,0.0365,0.601,0.777,145.0,110.0,280,100,1000,11.4,29.0,12.5,13.2,13.0,12.3,12.9,13.5,11.6,13.0,11.7,28.4,10.3,19.7,213.0,0,0,0,0,0,0
69.8,68.8,70.8,55.1,55.8,54.4,64.1,65.8,62.4,21.1,23.2,19.0,1.07,11.6,0.326,10.0,9.07,15.9,0.312,7.14,6.04,0.0376,0.61,0.779,136.0,100.0,210,94,1000,10.2,27.6,13.0,13.7,12.3,14.3,13.6,13.3,13.9,13.3,15.6,29.7,9.9,20.8,221.0,0,0,0,0,0,0
69.2,69.6,68.8,57.8,59.2,56.4,64.5,64.4,64.6,21.1,22.0,20.2,1.08,11.7,0.33,10.2,9.22,16.3,0.317,7.28,6.17,0.0378,0.616,0.798,140.0,110.0,330,140,1000,10.1,26.6,12.7,12.0,14.5,14.6,11.9,14.1,14.9,12.0,13.7,31.4,10.7,18.7,218.0,0,0,0,0,0,0
65.5,66.2,64.8,54.2,54.0,54.4,63.1,63.2,63.0,21.1,23.0,19.2,1.08,11.9,0.329,10.2,9.11,16.6,0.32,7.24,6.38,0.0378,0.406,0.81,133.0,100.0,240,77,1000,9.2,31.7,13.2,13.4,11.8,12.3,13.4,12.9,13.6,15.9,10.5,28.5,7.7,18.3,212.0,0,0,0,0,0,0
67.7,67.0,68.4,57.6,56.8,58.4,68.8,68.0,69.6,20.4,21.2,19.6,1.06,12.0,0.329,10.4,9.23,16.8,0.32,7.41,6.4,0.0378,0.648,0.825,130.0,100.0,250,88,1000,9.4,27.6,14.0,15.1,12.3,13.9,15.0,13.7,11.1,13.6,12.1,27.3,8.4,19.3,213.0,0,0,0,0,0,0
70.6,69.8,71.4,58.8,57.4,60.2,65.9,65.4,66.4,20.9,19.2,22.6,1.13,12.6,0.353,11.2,9.98,18.2,0.339,7.82,6.83,0.0368,0.673,0.904,127.0,100.0,230,97,1000,10.1,24.7,13.5,14.4,12.1,14.8,13.7,14.5,11.8,13.0,14.8,25.7,8.6,19.2,211.0,0,0,0,0,0,0
63.5,64.2,62.8,30.8,32.4,29.2,62.9,62.8,63.0,18.8,17.4,20.2,1.28,14.2,0.391,12.4,11.1,20.4,0.38,8.7,7.69,0.0378,0.711,0.989,124.0,99.0,200,88,1000,7.8,31.0,12.7,13.9,16.4,15.5,12.8,13.1,11.3,15.3,12.5,27.3,9.3,19.1,218.0,0,0,0,0,0,0
52.5,53.0,52.0,50.8,51.2,50.4,51.1,49.0,53.2,20.1,22.4,17.8,0.529,6.93,0.175,6.42,5.84,8.02,0.148,4.47,3.22,0.0358,0.258,0.458,43.1,35.0,92,31,600,24.2,17.5,8.5,9.3,6.8,8.7,7.4,8.6,8.8,10.6,8.7,16.2,5.5,10.7,152.0,0,0,0,0,0,0
51.1,53.4,48.8,44.8,42.0,47.6,51.6,51.2,52.0,19.9,16.8,23.0,0.544,7.24,0.176,6.65,6.06,8.4,0.153,4.71,3.44,0.0357,0.263,0.474,41.6,33.0,90,29,600,7.1,15.9,8.3,8.6,7.8,9.5,8.1,7.5,7.8,8.7,9.2,17.1,5.8,11.2,133.0,0,0,0,0,0,0
53.9,53.8,54.0,45.6,48.0,43.2,52.5,51.6,53.4,19.3,17.8,20.8,0.567,7.59,0.184,6.83,6.3,8.87,0.165,4.9,3.54,0.0374,0.275,0.503,40.4,32.0,82,29,600,5.2,18.2,7.4,7.7,8.3,7.7,6.5,8.9,6.5,8.7,9.9,15.6,3.9,12.2,127.0,0,0,0,0,0,0
48.5,51.0,46.0,45.3,42.8,47.8,50.9,48.4,53.4,19.9,17.2,22.6,0.596,7.91,0.193,6.94,6.6,9.28,0.172,5.0,3.68,0.0363,0.286,0.523,39.6,31.0,81,28,600,7.4,16.9,7.3,6.5,9.7,9.6,9.3,8.2,9.0,8.2,6.7,17.1,6.3,11.7,134.0,0,0,0,0,0,0
53.4,52.4,54.4,45.3,44.2,46.4,51.9,51.2,52.6,20.0,20.4,19.6,0.629,8.15,0.2,7.23,6.84,9.65,0.179,5.27,3.89,0.0363,0.511,0.54,40.3,32.0,100,32,600,5.8,17.7,7.8,8.3,7.4,7.1,8.2,9.7,8.0,6.8,8.9,15.7,4.9,11.6,128.0,0,0,0,0,0,0
53.8,53.6,54.0,46.7,46.2,47.2,52.1,51.4,52.8,21.1,21.6,20.6,0.653,8.53,0.209,7.54,7.25,10.2,0.188,5.38,3.99,0.0364,0.525,0.567,40.1,32.0,90,29,600,4.6,17.3,8.2,8.7,8.0,8.6,7.4,6.9,9.5,6.8,8.3,16.0,4.9,12.0,127.0,0,0,0,0,0,0
53.8,53.2,54.4,44.9,42.6,47.2,54.0,55.2,52.8,19.9,23.4,16.4,0.661,8.7,0.218,7.71,7.58,10.6,0.197,5.69,4.24,0.0365,0.534,0.585,39.8,31.0,85,30,600,5.9,15.8,6.6,8.6,7.6,9.0,8.1,6.4,8.1,8.7,8.3,16.6,5.8,10.5,126.0,0,0,0,0,0,0
52.1,52.8,51.4,43.5,43.4,43.6,51.9,51.6,52.2,19.7,22.4,17.0,0.755,9.5,0.238,8.35,8.36,11.8,0.224,6.25,4.58,0.0374,0.554,0.656,39.6,31.0,85,29,600,5.4,15.8,6.8,7.2,8.5,8.7,8.7,7.9,8.6,9.3,9.1,18.1,6.2,13.2,134.0,0,0,0,0,0,0
63.9,62.2,65.6,55.5,54.8,56.2,62.5,63.4,61.6,20.3,21.8,18.8,0.722,9.16,0.226,8.07,7.76,11.5,0.211,5.79,4.36,0.0366,0.543,0.603,73.5,58.0,240,87,800,45.8,21.4,8.1,10.9,9.9,10.2,11.6,9.2,8.6,9.6,9.7,20.4,6.7,12.8,195.0,0,0,0,0,0,0
59.9,59.4,60.4,54.1,54.4,53.8,59.9,60.0,59.8,20.6,22.6,18.6,0.732,9.58,0.232,8.21,7.84,11.8,0.216,5.93,4.59,0.0367,0.548,0.63,66.8,51.0,130,43,800,10.7,22.2,12.0,10.8,9.4,9.1,12.4,11.3,10.1,11.3,12.1,23.4,7.0,16.2,178.0,0,0,0,0,0,0
62.0,61.2,62.8,50.9,51.2,50.6,59.5,57.6,61.4,20.1,20.2,20.0,0.787,9.83,0.243,8.56,7.98,12.4,0.227,6.14,4.79,0.0367,0.337,0.639,63.2,49.0,120,44,800,6.6,21.5,10.5,12.4,11.6,11.4,12.1,12.7,10.8,11.2,9.8,24.5,8.6,13.3,177.0,0,0,0,0,0,0
60.2,58.6,61.8,53.8,53.4,54.2,60.1,61.0,59.2,21.4,21.4,21.4,0.8,10.1,0.254,8.73,8.3,12.8,0.238,6.37,4.91,0.0376,0.344,0.667,60.0,47.0,100,38,800,8.2,24.1,10.4,11.3,11.4,11.4,10.6,11.2,9.9,10.8,10.5,22.5,7.0,14.1,173.0,0,0,0,0,0,0
59.6,59.8,59.4,50.4,48.8,52.0,61.1,60.4,61.8,21.7,20.0,23.4,0.845,10.4,0.265,9.21,8.42,13.1,0.25,6.62,5.11,0.0375,0.355,0.686,58.0,45.0,110,39,800,7.0,21.2,10.0,11.6,10.8,11.6,10.8,13.4,12.0,10.6,10.2,23.7,8.2,16.6,178.0,0,0,0,0,0,0
62.3,62.8,61.8,54.0,54.0,54.0,58.9,60.0,57.8,21.2,17.8,24.6,0.849,10.5,0.263,9.33,8.41,13.6,0.245,6.64,5.28,0.0365,0.362,0.713,57.4,44.0,130,41,800,7.9,23.3,10.5,10.9,12.3,10.6,8.8,9.7,10.0,9.7,12.7,21.5,7.0,16.3,171.0,0,0,0,0,0,0
61.1,62.6,59.6,52.4,53.0,51.8,60.0,59.2,60.8,22.1,24.6,19.6,0.89,10.7,0.281,9.72,8.8,14.1,0.256,6.97,5.47,0.0375,0.371,0.734,56.4,44.0,110,41,800,6.8,22.4,10.5,12.8,10.8,10.6,12.2,11.5,9.7,10.5,12.1,23.1,7.9,14.5,175.0,0,0,0,0,0,0
59.8,61.4,58.2,53.1,50.6,55.6,61.5,60.0,63.0,19.9,21.8,18.0,0.967,11.7,0.306,10.5,9.49,15.5,0.281,7.42,5.92,0.0367,0.637,0.807,56.3,44.0,150,40,800,7.8,22.7,9.4,11.2,9.8,11.0,10.6,11.6,10.6,10.9,10.2,22.7,7.1,16.5,172.0,0,0,0,0,0,0
68.7,67.6,69.8,57.1,56.2,58.0,67.6,67.8,67.4,21.1,22.6,19.6,0.917,11.3,0.284,9.86,8.88,14.7,0.266,6.97,5.61,0.0359,0.616,0.753,136.0,100.0,470,210,1000,33.5,24.2,14.1,11.2,12.6,13.4,13.4,12.3,13.5,11.5,12.0,24.4,8.0,17.4,222.0,0,0,0,0,0,0
70.5,70.4,70.6,59.3,60.0,58.6,64.4,64.4,64.4,20.7,20.2,21.2,0.933,11.5,0.285,10.2,8.96,15.2,0.273,7.16,5.83,0.0371,0.625,0.744,131.0,99.0,320,93,1000,12.7,26.5,12.6,14.4,12.2,14.1,13.8,13.9,12.6,12.1,14.1,27.7,9.5,17.9,214.0,0,0,0,0,0,0
70.2,69.4,71.0,59.1,60.0,58.2,61.3,62.8,59.8,20.2,19.8,20.6,0.946,11.5,0.296,10.2,9.0,15.6,0.275,7.11,5.91,0.037,0.615,0.768,136.0,100.0,400,120,1000,9.4,25.4,12.5,14.6,12.7,12.3,15.1,14.1,14.2,12.8,12.9,27.2,10.0,17.8,211.0,0,0,0,0,0,0
70.3,70.4,70.2,58.8,57.2,60.4,65.3,66.4,64.2,22.0,18.8,25.2,0.984,11.7,0.305,10.2,9.18,16.1,0.283,7.21,5.94,0.0371,0.625,0.775,130.0,100.0,230,94,1000,10.5,25.4,14.4,12.3,14.1,12.6,11.4,13.5,13.3,14.9,13.3,28.1,9.3,20.2,213.0,0,0,0,0,0,0
70.9,70.2,71.6,59.6,57.6,61.6,64.8,63.4,66.2,22.3,24.6,20.0,0.987,11.9,0.31,10.4,9.07,16.4,0.282,7.28,6.2,0.0378,0.388,0.808,128.0,99.0,300,91,1000,8.7,29.7,14.1,11.8,13.1,12.0,12.9,14.3,13.1,13.8,14.7,27.4,9.0,19.1,214.0,0,0,0,0,0,0
69.7,68.8,70.6,60.1,61.2,59.0,65.6,65.6,65.6,22.0,21.0,23.0,1.03,11.8,0.32,10.5,9.24,17.0,0.296,7.3,6.41,0.0369,0.396,0.815,127.0,100.0,300,110,1000,10.3,29.2,13.8,13.9,14.8,14.7,11.3,13.9,13.1,15.2,13.2,30.1,9.3,17.0,220.0,0,0,0,0,0,0
70.7,70.2,71.2,55.9,57.2,54.6,62.9,60.4,65.4,21.1,18.6,23.6,1.1,12.7,0.342,11.3,9.91,18.1,0.311,7.68,6.87,0.0371,0.65,0.898,123.0,99.0,210,86,1000,9.2,28.6,14.6,12.7,14.9,12.7,13.7,12.6,13.2,13.7,13.9,27.0,9.1,18.7,215.0,0,0,0,0,0,0
67.4,69.4,65.4,30.9,28.0,33.8,66.2,64.6,67.8,21.5,23.0,20.0,1.25,14.1,0.383,12.4,11.0,20.3,0.356,8.75,7.8,0.0377,0.697,0.996,122.0,97.0,290,88,1000,7.9,27.8,13.2,11.4,13.0,14.4,13.9,13.3,16.6,13.0,15.4,29.9,9.0,17.8,217.0,0,0,0,0,0,0
51.2,52.6,49.8,45.0,46.2,43.8,49.2,48.6,49.8,20.2,20.6,19.8,0.546,7.02,0.173,6.49,5.76,8.11,0.15,4.48,3.23,0.0364,0.256,0.469,46.4,36.0,100,31,600,22.7,16.1,8.6,8.1,7.7,9.7,9.6,8.8,8.7,8.5,9.3,15.7,5.1,11.6,150.0,0,0,0,0,0,0
51.3,49.0,53.6,45.3,47.0,43.6,50.2,51.0,49.4,20.9,20.4,21.4,0.589,7.23,0.184,6.71,5.98,8.65,0.162,4.76,3.44,0.0372,0.267,0.49,44.0,34.0,89,30,600,5.5,16.8,8.1,8.7,9.0,8.2,6.8,7.8,8.4,6.9,8.8,18.3,5.7,12.3,131.0,0,0,0,0,0,0
51.9,54.2,49.6,43.9,43.0,44.8,50.2,49.0,51.4,19.5,22.2,16.8,0.622,7.49,0.196,7.07,6.36,9.16,0.173,4.87,3.59,0.0354,0.277,0.517,42.9,33.0,89,30,600,6.5,18.0,8.1,8.8,7.8,8.3,8.7,8.9,8.3,6.8,6.6,16.1,5.5,12.0,130.0,0,0,0,0,0,0
51.3,50.6,52.0,46.0,44.4,47.6,59.1,59.6,58.6,21.8,21.0,22.6,0.625,7.91,0.199,7.02,6.42,9.48,0.172,5.08,3.76,0.0355,0.515,0.522,43.0,33.0,100,32,600,6.1,16.2,7.7,8.1,8.9,9.6,8.1,8.1,7.8,8.4,7.3,16.2,5.0,10.2,128.0,0,0,0,0,0,0
50.0,49.8,50.2,44.3,42.4,46.2,52.5,51.0,54.0,20.1,24.0,16.2,0.654,8.11,0.209,7.52,6.84,9.72,0.18,5.4,3.87,0.0375,0.524,0.549,42.2,33.0,91,28,600,6.1,17.2,8.4,9.0,9.0,7.3,8.6,6.4,8.2,8.0,8.2,15.9,5.5,10.6,128.0,0,0,0,0,0,0
48.9,48.4,49.4,44.8,43.8,45.8,49.5,49.8,49.2,19.7,21.2,18.2,0.667,8.43,0.21,7.54,7.09,10.2,0.185,5.47,4.06,0.0366,0.531,0.563,41.4,32.0,84,28,600,6.3,15.3,7.7,6.3,8.8,8.1,8.1,9.3,9.0,7.6,9.4,15.8,5.2,10.8,128.0,0,0,0,0,0,0
51.3,52.6,50.0,46.7,47.8,45.6,51.1,50.2,52.0,19.8,22.6,17.0,0.69,8.65,0.215,7.87,7.25,10.7,0.19,5.79,4.25,0.0356,0.539,0.568,41.2,32.0,90,30,600,5.9,18.2,8.8,7.4,8.8,7.9,8.0,8.2,8.1,7.3,7.6,16.5,5.4,12.9,131.0,0,0,0,0,0,0
53.1,52.4,53.8,48.5,49.1,47.9,52.6,53.8,51.4,21.1,22.4,19.8,0.768,9.38,0.237,8.69,8.0,11.8,0.215,6.3,4.61,0.0357,0.564,0.65,41.3,32.0,100,32,600,4.9,16.0,9.8,7.2,8.2,7.0,8.8,6.5,8.5,8.7,9.9,18.0,6.1,10.3,130.0,0,0,0,0,0,0
66.6,68.2,65.0,52.4,52.4,52.4,65.3,64.2,66.4,21.8,22.8,20.8,0.751,9.09,0.236,8.1,7.61,11.4,0.217,5.92,4.45,0.0367,0.55,0.62,77.2,61.0,220,89,800,45.8,19.4,7.6,9.7,10.2,9.4,9.3,9.7,9.8,11.4,9.7,18.8,6.7,13.6,191.0,0,0,0,0,0,0
59.7,58.4,61.0,50.6,49.0,52.2,57.8,57.6,58.0,21.7,23.8,19.6,0.813,9.63,0.249,8.45,7.89,12.1,0.233,6.13,4.69,0.0366,0.566,0.639,67.1,52.0,100,39,800,10.0,22.5,10.0,11.1,10.6,12.0,10.7,11.5,9.8,11.1,11.6,26.9,9.1,16.7,184.0,0,0,0,0,0,0
60.1,60.8,59.4,51.6,52.7,50.5,60.1,60.4,59.8,22.6,20.8,24.4,0.845,9.71,0.257,8.63,8.11,12.4,0.241,6.17,4.73,0.0355,0.345,0.674,62.9,50.0,110,40,800,8.2,20.9,10.1,10.8,9.4,11.2,11.3,11.5,10.6,10.7,10.2,23.5,8.1,16.7,173.0,0,0,0,0,0,0
61.3,61.2,61.4,54.4,53.8,55.0,58.7,59.2,58.2,20.7,20.4,21.0,0.842,9.97,0.264,8.91,8.45,12.9,0.245,6.35,4.94,0.0366,0.357,0.681,60.3,47.0,120,38,800,7.6,24.1,10.6,11.5,10.0,11.3,10.2,10.9,9.5,11.3,10.3,23.2,6.2,13.4,170.0,0,0,0,0,0,0
62.7,61.6,63.8,51.4,51.0,51.8,57.8,56.6,59.0,21.3,22.6,20.0,0.874,10.3,0.268,8.95,8.64,13.4,0.249,6.53,5.06,0.0357,0.359,0.694,58.6,46.0,110,41,800,6.2,19.6,10.7,13.1,8.8,12.3,12.5,9.6,12.6,11.0,11.5,20.7,5.6,15.7,170.0,0,0,0,0,0,0
64.0,64.2,63.8,55.9,53.4,58.4,60.9,60.0,61.8,20.2,19.6,20.8,0.87,10.5,0.274,9.1,8.85,13.8,0.249,6.73,5.24,0.0366,0.365,0.696,58.0,46.0,120,43,800,8.0,21.7,10.7,10.7,11.9,9.8,11.9,10.1,11.7,9.4,10.0,20.8,6.5,15.6,169.0,0,0,0,0,0,0
61.9,60.0,63.8,58.4,58.8,58.0,62.0,60.4,63.6,20.7,20.6,20.8,0.92,10.9,0.285,9.36,9.05,14.2,0.258,6.92,5.4,0.0363,0.623,0.739,57.8,45.0,140,44,800,7.5,19.5,10.3,12.8,12.0,10.7,13.3,10.2,10.2,11.8,12.1,25.2,8.5,15.3,179.0,0,0,0,0,0,0
62.0,63.2,60.8,54.1,53.4,54.8,59.3,59.4,59.2,20.3,21.4,19.2,0.996,11.6,0.306,10.0,10.0,15.5,0.289,7.41,5.94,0.0373,0.645,0.799,57.0,45.0,110,43,800,9.1,23.4,12.2,11.6,12.0,11.1,10.2,11.2,10.6,9.8,10.0,21.3,7.5,14.2,174.0,0,0,0,0,0,0
71.4,71.8,71.0,53.8,54.8,52.8,60.5,59.0,62.0,22.1,20.4,23.8,0.908,11.1,0.282,9.51,9.28,15.1,0.253,7.11,5.76,0.0368,0.612,0.733,167.0,120.0,630,230,1000,28.3,26.4,12.8,11.9,14.0,11.0,12.3,11.9,12.0,11.8,10.8,24.4,9.0,15.9,213.0,0,0,0,0,0,0
70.9,70.0,71.8,56.7,57.2,56.2,65.8,66.0,65.6,21.8,25.2,18.4,0.968,11.2,0.299,9.7,9.28,15.5,0.263,7.11,5.79,0.037,0.624,0.746,164.0,110.0,430,100,1000,13.1,24.6,13.3,15.1,15.4,12.0,14.8,15.2,13.5,12.4,13.7,30.5,9.2,18.8,222.0,0,0,0,0,0,0
70.7,74.4,67.0,56.4,54.6,58.2,61.8,61.8,61.8,22.0,24.0,20.0,1.02,11.4,0.301,9.78,9.54,16.0,0.283,7.16,5.96,0.0378,0.629,0.762,161.0,110.0,430,100,1000,9.1,29.1,12.7,14.1,13.4,13.5,15.2,16.1,10.9,12.6,11.9,27.6,10.0,18.7,215.0,0,0,0,0,0,0
69.7,69.0,70.4,55.1,56.0,54.2,64.1,65.4,62.8,21.5,22.2,20.8,0.995,11.8,0.31,9.75,9.67,16.0,0.282,7.35,6.17,0.038,0.624,0.785,146.0,98.0,170,66,1000,9.6,28.4,13.9,15.3,14.9,11.9,13.5,15.4,13.4,12.0,15.2,29.8,9.3,18.2,221.0,0,0,0,0,0,0
69.6,69.6,69.6,56.7,57.6,55.8,62.1,63.6,60.6,21.1,22.8,19.4,1.03,11.6,0.31,9.77,9.49,16.7,0.285,7.16,6.35,0.0364,0.395,0.796,151.0,110.0,400,170,1000,8.0,29.9,13.1,13.8,12.1,12.3,12.8,13.1,11.0,13.7,14.5,26.3,8.9,18.9,208.0,0,0,0,0,0,0
70.4,70.2,70.6,56.0,55.2,56.8,67.3,65.8,68.8,21.8,20.4,23.2,1.03,11.6,0.308,9.88,9.73,17.0,0.283,7.19,6.45,0.0365,0.395,0.805,149.0,100.0,420,96,1000,7.8,30.7,12.1,15.1,12.4,14.3,15.5,13.4,14.0,15.0,12.2,28.4,8.9,18.6,218.0,0,0,0,0,0,0
71.3,69.8,72.8,55.8,55.4,56.2,65.8,64.6,67.0,22.3,25.6,19.0,1.11,12.5,0.343,10.6,10.5,18.4,0.317,7.8,6.91,0.0372,0.656,0.893,143.0,100.0,210,92,1000,7.7,28.2,12.5,13.9,14.1,14.4,13.5,13.4,12.7,14.5,14.3,31.2,10.0,16.7,217.0,0,0,0,0,0,0
66.4,65.0,67.8,30.9,28.2,33.6,64.2,63.4,65.0,19.9,19.6,20.2,1.27,13.9,0.388,11.6,11.6,20.5,0.357,8.67,7.78,0.0373,0.699,0.991,146.0,110.0,380,130,1000,9.7,28.9,11.8,15.7,11.0,11.5,12.2,14.2,12.7,13.5,13.7,29.4,9.9,19.2,213.0,0,0,0,0,0,0
48.6,47.6,49.6,44.8,43.6,46.0,51.0,50.4,51.6,19.7,21.8,17.6,0.573,6.87,0.185,6.54,5.6,8.22,0.159,4.54,3.33,0.0377,0.253,0.475,47.2,34.0,110,30,600,21.9,19.3,8.5,7.9,9.3,7.9,7.6,10.2,8.0,8.3,7.7,16.9,6.0,9.8,149.0,0,0,0,0,0,0
48.6,50.6,46.6,44.9,45.6,44.2,52.4,52.4,52.4,21.7,19.2,24.2,0.586,7.28,0.184,6.71,5.98,8.59,0.161,4.63,3.44,0.0366,0.258,0.5,44.0,32.0,82,27,600,6.0,19.0,7.8,9.0,8.2,7.0,8.0,7.3,7.7,8.3,9.6,14.7,4.0,10.3,127.0,0,0,0,0,0,0
50.4,48.0,52.8,45.0,43.2,46.8,52.9,53.6,52.2,20.8,18.8,22.8,0.593,7.62,0.187,7.07,6.12,8.88,0.162,4.9,3.58,0.0376,0.272,0.518,42.6,32.0,87,30,600,6.4,16.6,8.0,7.2,7.7,8.2,7.5,9.2,8.8,8.0,8.2,16.4,5.1,12.0,129.0,0,0,0,0,0,0
51.7,51.4,52.0,47.8,46.6,49.0,52.4,53.4,51.4,19.5,15.4,23.6,0.618,7.93,0.2,7.18,6.37,9.35,0.174,5.12,3.82,0.0367,0.502,0.531,42.0,31.0,93,28,600,5.0,16.4,7.2,9.4,8.9,9.7,8.6,8.1,7.4,7.7,6.7,17.1,5.7,9.8,128.0,0,0,0,0,0,0
49.8,50.8,48.8,46.5,47.4,45.6,51.5,53.2,49.8,20.8,22.2,19.4,0.642,8.08,0.207,7.45,6.62,9.6,0.181,5.3,3.97,0.0383,0.507,0.562,41.7,31.0,96,30,600,5.4,16.6,9.1,9.7,9.2,8.0,7.9,8.8,7.6,7.2,9.2,18.2,6.1,11.8,135.0,0,0,0,0,0,0
53.7,55.2,52.2,47.2,45.4,49.0,55.4,54.8,56.0,21.2,19.6,22.8,0.679,8.34,0.216,7.92,6.87,10.2,0.189,5.48,4.16,0.037,0.518,0.584,41.5,31.0,91,30,600,6.2,18.3,8.7,8.7,8.9,7.3,7.7,8.3,6.3,6.8,7.6,15.2,5.6,11.7,127.0,0,0,0,0,0,0
51.0,50.6,51.4,47.3,47.0,47.6,53.9,52.8,55.0,20.3,17.2,23.4,0.703,8.59,0.223,7.97,7.08,10.3,0.199,5.73,4.34,0.0378,0.53,0.604,40.9,31.0,83,28,600,4.5,16.7,7.9,6.7,9.1,8.2,9.9,7.8,7.1,8.0,8.6,17.9,6.1,11.9,130.0,0,0,0,0,0,0
49.1,46.4,51.8,47.5,48.8,46.2,52.3,52.8,51.8,21.3,25.0,17.6,0.782,9.56,0.241,8.84,7.77,11.6,0.218,6.28,4.7,0.0369,0.555,0.672,40.7,31.0,90,30,600,5.5,16.1,8.4,8.6,7.6,7.2,8.3,8.8,8.8,8.3,9.3,16.7,6.4,12.3,132.0,0,0,0,0,0,0
60.2,60.6,59.8,50.7,49.8,51.6,64.3,64.8,63.8,20.3,24.4,16.2,0.779,9.43,0.241,8.61,7.21,11.4,0.218,5.9,4.44,0.0369,0.541,0.614,75.2,57.0,250,84,800,47.4,18.0,10.0,8.7,10.0,10.8,9.4,9.8,10.5,10.0,11.9,19.7,7.2,12.5,196.0,0,0,0,0,0,0
57.9,55.6,60.2,53.7,53.6,53.8,60.2,58.8,61.6,21.1,22.0,20.2,0.809,9.71,0.249,8.73,7.52,12.0,0.227,6.09,4.65,0.0379,0.334,0.645,68.7,53.0,130,41,800,7.3,22.8,10.2,11.3,8.9,11.2,10.1,10.1,10.9,10.8,10.9,21.5,7.5,17.4,171.0,0,0,0,0,0,0
58.5,58.8,58.2,52.4,49.8,55.0,57.4,56.8,58.0,19.5,17.6,21.4,0.848,10.1,0.258,9.11,7.64,12.4,0.233,6.27,4.76,0.037,0.338,0.648,64.6,50.0,120,42,800,7.0,22.2,10.9,12.6,10.7,9.2,12.1,10.1,9.7,10.6,12.1,23.6,9.0,16.8,177.0,0,0,0,0,0,0
61.0,60.2,61.8,54.4,54.4,54.4,60.2,60.2,60.2,20.9,20.6,21.2,0.863,10.2,0.267,9.34,7.79,12.7,0.245,6.38,5.02,0.0362,0.351,0.671,61.1,47.0,100,39,800,7.3,23.9,11.2,9.8,9.3,10.7,11.3,9.6,11.4,12.1,10.5,21.4,7.0,15.5,171.0,0,0,0,0,0,0
61.9,61.8,62.0,52.2,53.4,51.0,61.6,62.2,61.0,20.7,22.8,18.6,0.879,10.5,0.272,9.44,8.06,13.2,0.245,6.5,5.2,0.0372,0.356,0.674,59.7,47.0,120,44,800,7.1,23.3,10.8,9.9,11.3,13.0,13.2,11.0,11.7,11.8,9.8,24.8,7.0,15.9,181.0,0,0,0,0,0,0
58.6,60.0,57.2,52.1,54.2,50.0,60.8,60.8,60.8,20.6,23.2,18.0,0.911,10.6,0.274,9.77,8.14,13.8,0.249,6.77,5.37,0.0383,0.366,0.704,58.4,46.0,120,41,800,8.5,23.0,10.1,9.6,11.8,9.7,13.1,10.9,11.3,10.4,12.3,23.9,8.3,15.1,178.0,0,0,0,0,0,0
59.0,60.0,58.0,54.8,54.2,55.4,62.6,61.4,63.8,20.0,21.8,18.2,0.932,11.0,0.284,9.91,8.54,14.1,0.262,6.97,5.53,0.0384,0.606,0.724,58.6,46.0,140,47,800,7.8,21.9,10.2,12.8,11.6,13.4,11.6,11.3,10.2,12.5,11.4,24.4,7.7,13.2,180.0,0,0,0,0,0,0
63.6,62.2,65.0,53.5,52.8,54.2,59.6,58.8,60.4,20.8,23.2,18.4,1.01,11.8,0.31,10.8,9.28,15.5,0.283,7.52,6.02,0.0374,0.636,0.806,57.6,45.0,120,39,800,9.3,22.1,9.7,10.4,11.4,11.3,11.9,9.0,12.8,10.0,10.8,22.8,6.7,14.9,173.0,0,0,0,0,0,0
70.5,70.6,70.4,57.0,55.8,58.2,63.0,63.6,62.4,21.5,22.8,20.2,0.92,11.4,0.276,10.2,8.65,14.8,0.259,7.03,5.8,0.0384,0.615,0.732,186.0,100.0,800,310,1000,30.4,25.5,11.1,11.6,11.9,12.0,12.9,12.4,11.9,13.5,12.1,25.2,8.1,17.6,216.0,0,0,0,0,0,0
70.4,69.8,71.0,53.5,54.2,52.8,64.6,64.0,65.2,22.3,20.2,24.4,0.933,11.5,0.283,10.2,8.55,15.4,0.27,7.03,5.91,0.0375,0.619,0.746,171.0,100.0,310,100,1000,13.6,26.0,13.0,13.3,14.0,12.6,11.4,12.6,13.5,14.4,13.5,31.0,10.0,17.8,217.0,0,0,0,0,0,0
68.6,69.2,68.0,56.0,54.8,57.2,66.7,66.4,67.0,22.7,21.4,24.0,0.958,11.3,0.291,10.4,8.71,15.7,0.267,7.28,6.03,0.0384,0.629,0.767,164.0,100.0,420,97,1000,10.0,28.4,13.8,15.2,14.5,12.2,12.1,13.3,14.0,14.5,13.4,30.1,10.3,19.3,221.0,0,0,0,0,0,0
67.7,66.6,68.8,55.0,52.6,57.4,65.9,64.4,67.4,20.3,23.0,17.6,0.981,11.6,0.297,10.7,8.82,16.0,0.282,7.11,6.14,0.0376,0.402,0.773,154.0,100.0,220,96,1000,8.3,25.4,13.3,15.3,13.8,13.9,14.1,13.2,13.8,14.6,13.6,29.6,9.8,19.1,218.0,0,0,0,0,0,0
65.0,64.8,65.2,55.1,55.8,54.4,65.8,65.4,66.2,21.2,25.0,17.4,1.02,11.8,0.305,10.7,8.85,16.6,0.29,7.23,6.33,0.0372,0.403,0.784,148.0,100.0,260,97,1000,7.6,28.1,12.0,12.2,13.5,13.0,14.0,14.4,12.0,14.5,14.1,26.3,8.7,19.4,210.0,0,0,0,0,0,0
66.7,67.2,66.2,57.6,58.8,56.4,72.5,72.8,72.2,20.6,22.2,19.0,0.98,11.8,0.304,11.0,8.77,16.7,0.277,7.26,6.45,0.0373,0.655,0.794,142.0,98.0,220,85,1000,9.1,26.8,13.1,13.4,14.2,14.6,15.3,11.1,13.7,13.4,13.2,28.0,7.7,16.9,211.0,0,0,0,0,0,0
70.2,70.2,70.2,55.6,55.0,56.2,64.1,64.4,63.8,21.4,18.6,24.2,1.08,12.5,0.33,11.5,9.53,18.2,0.305,7.74,6.89,0.0371,0.675,0.868,135.0,95.0,190,82,1000,9.2,27.2,12.4,12.4,13.9,13.5,14.1,13.8,13.9,12.7,14.3,25.3,7.9,17.3,208.0,0,0,0,0,0,0
61.0,59.2,62.8,28.7,27.4,30.0,63.3,64.2,62.4,19.9,15.2,24.6,1.24,13.9,0.377,12.8,10.7,20.2,0.353,8.79,7.75,0.038,0.724,0.972,133.0,96.0,250,100,1000,8.0,28.3,14.1,13.6,12.2,15.0,10.9,13.4,13.7,15.7,13.1,29.1,11.1,17.3,216.0,0,0,0,0,0,0
52.6,53.0,52.2,47.5,46.2,48.8,53.5,53.2,53.8,20.3,21.0,19.6,0.62,7.21,0.191,6.46,5.92,8.33,0.169,4.71,3.38,0.0373,0.258,0.499,49.2,35.0,110,31,600,20.1,14.9,6.4,9.5,8.8,9.9,8.6,7.2,8.1,9.9,9.9,18.6,6.1,14.0,152.0,0,0,0,0,0,0
51.9,51.0,52.8,53.4,54.0,52.8,50.9,49.0,52.8,21.3,22.6,20.0,0.625,7.39,0.199,6.72,6.12,8.73,0.175,4.93,3.58,0.0363,0.267,0.514,45.5,33.0,87,28,600,6.4,17.7,8.2,7.1,9.1,8.8,7.6,6.4,8.1,8.1,9.2,15.3,4.5,12.1,129.0,0,0,0,0,0,0
53.1,53.6,52.6,51.0,52.4,49.6,56.9,59.0,54.8,19.9,20.0,19.8,0.669,7.6,0.212,7.0,6.4,9.08,0.186,5.09,3.77,0.0373,0.49,0.53,43.8,32.0,87,29,600,4.4,15.9,10.2,7.9,8.9,9.4,8.5,8.6,8.9,6.8,7.7,17.8,6.2,11.1,132.0,0,0,0,0,0,0
52.6,50.4,54.8,48.8,47.8,49.8,54.9,53.4,56.4,19.4,16.2,22.6,0.684,7.99,0.214,7.35,6.68,9.7,0.192,5.26,3.94,0.0381,0.496,0.554,42.6,32.0,83,30,600,7.0,16.1,7.8,9.9,8.8,7.7,8.4,6.7,9.6,8.8,8.3,17.7,5.6,12.5,135.0,0,0,0,0,0,0
53.5,54.2,52.8,49.2,50.0,48.4,53.7,52.4,55.0,20.9,22.8,19.0,0.698,8.37,0.22,7.57,7.0,9.96,0.2,5.58,4.06,0.0372,0.508,0.567,42.5,32.0,99,32,600,5.9,14.5,8.0,8.4,7.7,9.0,7.8,7.6,9.0,7.5,9.4,18.5,5.8,12.1,131.0,0,0,0,0,0,0
50.5,50.4,50.6,47.9,49.4,46.4,51.5,51.0,52.0,20.5,20.6,20.4,0.711,8.57,0.224,7.72,7.09,10.4,0.203,5.81,4.22,0.0363,0.514,0.59,42.1,32.0,92,30,600,5.1,18.3,7.9,9.0,8.2,8.1,8.7,7.1,8.8,9.2,7.1,15.5,5.2,11.5,130.0,0,0,0,0,0,0
52.9,51.0,54.8,45.8,44.2,47.4,53.6,51.6,55.6,19.6,20.2,19.0,0.72,8.91,0.221,8.09,7.42,10.8,0.204,5.95,4.35,0.0364,0.524,0.586,42.1,32.0,97,34,600,5.7,16.8,8.3,8.2,9.6,9.0,7.2,11.1,8.1,7.5,8.7,18.4,7.1,9.5,135.0,0,0,0,0,0,0
53.5,52.4,54.6,47.1,46.0,48.2,51.8,52.6,51.0,19.8,19.4,20.2,0.793,9.62,0.245,8.78,8.13,11.9,0.224,6.47,4.79,0.0372,0.547,0.665,41.8,32.0,94,28,600,4.6,16.6,9.4,9.0,8.1,7.6,9.1,9.0,8.1,7.5,8.3,16.8,5.4,10.8,130.0,0,0,0,0,0,0
62.3,63.8,60.8,55.7,54.8,56.6,61.1,61.4,60.8,20.4,16.8,24.0,0.739,9.24,0.233,8.36,7.59,11.4,0.214,5.94,4.56,0.0373,0.534,0.604,72.7,57.0,230,81,800,45.5,19.3,9.8,12.4,10.2,10.9,8.7,9.4,9.4,8.0,10.7,20.5,7.0,14.4,196.0,0,0,0,0,0,0
59.5,59.6,59.4,57.1,56.2,58.0,57.9,59.6,56.2,20.2,16.8,23.6,0.758,9.46,0.238,8.43,7.82,11.9,0.22,6.19,4.69,0.0366,0.325,0.631,65.3,50.0,120,41,800,8.7,25.5,9.7,10.0,10.8,11.0,12.0,11.1,11.6,9.8,11.4,21.8,7.3,15.1,176.0,0,0,0,0,0,0
62.3,60.8,63.8,56.5,54.8,58.2,58.3,58.8,57.8,21.7,19.8,23.6,0.784,9.71,0.251,8.56,7.79,12.3,0.227,6.28,4.87,0.0367,0.333,0.643,61.7,48.0,110,43,800,6.6,20.6,11.9,11.9,12.0,9.8,12.1,12.0,12.3,9.9,10.5,21.2,7.9,14.1,173.0,0,0,0,0,0,0
62.7,61.8,63.6,54.8,54.8,54.8,58.7,59.2,58.2,20.4,19.0,21.8,0.824,9.99,0.264,8.99,8.2,12.8,0.233,6.57,5.05,0.0374,0.348,0.669,60.5,47.0,150,41,800,8.2,21.0,11.6,10.9,11.2,9.5,9.6,10.4,10.6,10.6,10.4,25.3,8.3,16.3,174.0,0,0,0,0,0,0
58.4,59.4,57.4,53.5,54.4,52.6,57.8,57.0,58.6,20.4,22.8,18.0,0.841,10.1,0.267,9.08,8.38,13.1,0.239,6.69,5.13,0.0377,0.347,0.681,58.4,45.0,100,38,800,8.4,23.0,10.6,10.9,12.8,12.5,10.8,8.8,9.3,12.5,10.5,23.9,7.1,13.5,175.0,0,0,0,0,0,0
63.0,63.2,62.8,56.0,54.4,57.6,66.5,67.4,65.6,20.2,23.2,17.2,0.865,10.2,0.27,9.34,8.47,13.6,0.252,6.7,5.35,0.0378,0.596,0.725,57.2,44.0,120,39,800,7.5,24.3,12.0,10.1,12.9,11.6,11.7,10.3,10.8,12.1,9.8,23.2,7.2,11.8,175.0,0,0,0,0,0,0
64.2,64.2,64.2,54.2,55.2,53.2,61.9,60.6,63.2,20.9,18.6,23.2,0.958,10.7,0.293,9.57,8.81,14.3,0.273,7.06,5.55,0.0378,0.608,0.751,56.5,44.0,120,39,800,8.2,20.8,11.9,10.9,13.3,10.7,10.7,11.3,9.7,10.8,14.6,26.3,10.2,13.3,183.0,0,0,0,0,0,0
62.3,62.6,62.0,54.5,51.8,57.2,58.4,57.8,59.0,20.2,20.2,20.2,1.07,11.6,0.324,10.3,9.79,15.6,0.301,7.62,6.15,0.0385,0.634,0.838,56.4,43.0,130,42,800,6.8,24.8,11.1,10.2,12.2,11.2,9.3,13.2,11.7,11.0,10.9,23.4,9.0,15.0,180.0,0,0,0,0,0,0
69.6,69.8,69.4,56.1,57.2,55.0,66.0,64.6,67.4,22.3,25.8,18.8,0.981,11.1,0.293,9.8,9.02,14.9,0.274,7.17,5.72,0.0377,0.618,0.761,144.0,100.0,510,220,1000,32.5,25.5,13.0,13.9,15.1,10.9,13.1,11.1,13.9,12.1,11.7,26.6,9.0,14.2,223.0,0,0,0,0,0,0
70.8,70.4,71.2,58.9,56.0,61.8,63.0,62.6,63.4,21.4,24.2,18.6,0.968,11.3,0.292,9.94,9.07,15.3,0.27,7.16,6.06,0.0375,0.627,0.77,134.0,100.0,230,96,1000,11.5,28.4,15.0,13.3,12.6,13.8,13.2,11.9,13.8,11.6,14.2,28.5,8.0,19.2,215.0,0,0,0,0,0,0
69.1,66.6,71.6,54.1,54.8,53.4,61.7,61.4,62.0,22.2,24.2,20.2,0.982,11.5,0.304,10.1,9.18,15.7,0.275,7.22,6.12,0.0384,0.628,0.78,130.0,98.0,330,90,1000,9.6,24.3,13.5,12.5,12.7,12.5,13.9,15.2,16.2,13.5,17.1,29.1,9.3,18.6,218.0,0,0,0,0,0,0
70.7,71.8,69.6,58.6,58.0,59.2,65.8,65.4,66.2,20.5,23.6,17.4,1.0,11.6,0.304,10.1,9.19,16.3,0.271,7.3,6.26,0.0374,0.393,0.789,123.0,95.0,200,81,1000,10.0,29.1,14.8,12.0,14.6,13.8,11.5,13.0,13.8,13.5,11.4,28.7,9.4,17.8,213.0,0,0,0,0,0,0
69.6,70.4,68.8,54.8,54.2,55.4,61.2,61.4,61.0,21.2,24.2,18.2,0.977,11.8,0.299,10.4,9.28,16.5,0.272,7.36,6.32,0.0366,0.394,0.795,125.0,96.0,360,100,1000,8.4,28.0,14.3,13.7,13.5,13.6,14.2,12.4,15.1,12.2,12.0,25.6,9.2,19.2,211.0,0,0,0,0,0,0
68.7,68.6,68.8,54.1,51.6,56.6,64.9,63.8,66.0,20.4,19.8,21.0,0.976,12.0,0.302,10.4,9.39,16.8,0.278,7.33,6.52,0.0368,0.659,0.803,124.0,96.0,280,99,1000,9.3,29.7,14.5,12.5,15.6,16.8,13.1,12.4,12.9,12.5,13.6,29.8,8.8,17.9,219.0,0,0,0,0,0,0
66.7,66.6,66.8,55.1,53.4,56.8,65.6,64.2,67.0,22.0,22.2,21.8,1.08,12.5,0.329,10.9,9.98,18.3,0.306,7.78,6.95,0.0387,0.678,0.897,131.0,98.0,510,120,1000,9.5,26.3,13.9,14.0,11.5,13.3,13.1,14.4,14.5,14.8,14.1,29.5,9.8,16.2,215.0,0,0,0,0,0,0
60.6,60.6,60.6,28.1,29.4,26.8,66.0,67.6,64.4,21.4,19.8,23.0,1.25,14.0,0.37,12.3,11.2,20.4,0.344,8.81,7.8,0.0368,0.725,0.986,136.0,99.0,590,120,1000,9.1,27.1,13.3,14.3,11.9,13.4,13.2,13.1,13.9,11.4,13.8,27.8,9.4,18.9,211.0,0,0,0,0,0,0
51.1,50.4,51.8,47.4,47.6,47.2,51.1,51.2,51.0,19.2,21.4,17.0,0.568,7.02,0.182,6.23,6.1,8.19,0.16,4.59,3.42,0.0363,0.259,0.483,45.3,34.0,91,30,600,20.1,15.7,8.3,9.0,7.3,8.4,9.6,8.1,10.3,8.2,7.7,19.4,5.6,9.1,147.0,0,0,0,0,0,0
51.3,49.6,53.0,48.7,49.8,47.6,51.2,50.0,52.4,20.1,21.4,18.8,0.56,7.26,0.184,6.46,6.28,8.69,0.162,4.78,3.51,0.0383,0.263,0.5,43.6,33.0,91,30,600,7.8,17.1,8.6,7.3,9.0,7.8,8.0,9.4,8.1,8.4,7.8,15.7,4.3,10.7,130.0,0,0,0,0,0,0
51.1,52.2,50.0,46.3,46.6,46.0,48.8,48.0,49.6,19.4,16.6,22.2,0.595,7.75,0.193,6.77,6.61,9.17,0.175,4.95,3.72,0.0375,0.274,0.524,43.0,33.0,93,32,600,5.5,20.5,8.7,7.6,8.8,6.9,8.7,8.1,7.3,8.8,8.8,17.8,6.1,11.8,135.0,0,0,0,0,0,0
52.6,51.2,54.0,47.3,45.6,49.0,49.9,50.8,49.0,21.4,19.4,23.4,0.635,7.96,0.205,7.04,6.88,9.47,0.182,5.16,3.87,0.0373,0.539,0.544,42.7,33.0,96,31,600,5.2,16.6,7.6,9.4,6.5,7.3,7.5,8.9,8.5,7.5,8.3,16.2,6.7,11.5,128.0,0,0,0,0,0,0
51.2,52.2,50.2,46.1,47.0,45.2,49.6,49.4,49.8,19.6,24.2,15.0,0.683,8.31,0.215,7.22,7.22,9.83,0.193,5.43,4.07,0.0365,0.551,0.568,42.4,32.0,95,30,600,6.6,16.2,7.8,10.0,6.8,8.4,9.3,7.4,9.4,7.9,7.8,18.2,5.9,10.5,132.0,0,0,0,0,0,0
53.4,53.6,53.2,46.5,47.0,46.0,49.4,50.0,48.8,19.4,22.0,16.8,0.675,8.45,0.213,7.37,7.35,10.3,0.191,5.52,4.22,0.0373,0.555,0.569,42.0,32.0,92,29,600,5.2,18.8,7.8,9.2,7.3,7.8,7.8,8.5,8.4,8.0,8.5,13.7,4.8,10.8,127.0,0,0,0,0,0,0
53.6,53.6,53.6,46.8,46.8,46.8,52.4,53.0,51.8,20.7,22.0,19.4,0.701,8.81,0.221,7.66,7.61,10.7,0.199,5.76,4.4,0.0374,0.57,0.6,41.6,32.0,93,30,600,5.9,18.5,8.0,8.2,6.4,8.4,8.3,7.8,8.0,9.2,7.9,18.1,5.8,11.9,132.0,0,0,0,0,0,0
53.3,53.6,53.0,46.5,44.6,48.4,51.1,52.2,50.0,21.5,22.8,20.2,0.773,9.43,0.24,8.46,8.44,11.9,0.219,6.28,4.76,0.0375,0.596,0.666,41.4,32.0,90,30,600,5.8,16.8,8.4,9.4,7.3,7.9,8.5,8.0,8.0,8.5,7.8,17.4,5.0,9.5,128.0,0,0,0,0,0,0
64.6,66.0,63.2,50.8,52.2,49.4,61.9,63.2,60.6,20.0,19.8,20.2,0.712,9.15,0.227,8.18,7.73,11.3,0.207,5.86,4.44,0.0369,0.574,0.614,72.7,59.0,210,80,800,46.6,20.4,10.6,9.0,11.2,10.1,10.3,9.6,8.8,11.6,8.6,21.2,6.8,12.5,197.0,0,0,0,0,0,0
58.1,59.0,57.2,53.0,51.4,54.6,60.3,59.0,61.6,19.3,18.0,20.6,0.747,9.4,0.233,8.32,7.82,12.0,0.213,5.99,4.57,0.037,0.333,0.63,64.1,49.0,110,35,800,7.9,23.7,11.6,11.0,10.6,11.0,11.2,12.2,10.3,9.8,9.8,22.4,8.7,14.1,174.0,0,0,0,0,0,0
61.7,62.6,60.8,51.7,52.4,51.0,59.6,60.0,59.2,19.9,20.6,19.2,0.752,9.71,0.229,8.64,7.99,12.2,0.215,6.21,4.83,0.0369,0.334,0.645,60.9,47.0,120,40,800,7.3,24.4,10.9,10.5,11.1,12.3,9.6,10.9,11.2,13.3,10.4,22.6,7.3,13.2,175.0,0,0,0,0,0,0
63.7,65.0,62.4,52.7,53.6,51.8,61.0,61.2,60.8,20.0,19.6,20.4,0.773,10.0,0.239,8.95,8.15,12.7,0.219,6.34,5.05,0.037,0.355,0.676,59.4,46.0,130,45,800,7.0,23.4,13.5,8.7,10.8,11.5,9.9,10.3,12.9,10.0,10.1,21.6,5.1,16.5,171.0,0,0,0,0,0,0
61.3,60.8,61.8,53.7,54.2,53.2,60.6,59.8,61.4,21.5,23.8,19.2,0.803,10.2,0.246,9.26,8.5,13.1,0.229,6.57,5.16,0.038,0.358,0.684,57.7,45.0,120,38,800,7.0,21.9,10.6,11.5,10.0,12.1,11.0,12.4,11.7,10.7,11.0,23.9,8.4,15.8,178.0,0,0,0,0,0,0
63.5,64.6,62.4,55.0,53.6,56.4,60.1,59.2,61.0,21.4,21.8,21.0,0.804,10.5,0.248,9.32,8.5,13.7,0.234,6.73,5.38,0.0371,0.364,0.711,56.5,45.0,110,40,800,7.9,24.8,11.4,10.7,11.4,9.6,11.1,10.4,9.7,11.5,9.3,21.8,6.3,15.3,171.0,0,0,0,0,0,0
62.3,62.2,62.4,51.7,52.0,51.4,62.6,60.6,64.6,21.4,23.0,19.8,0.875,11.0,0.269,9.58,8.72,14.2,0.247,6.82,5.57,0.0372,0.616,0.735,56.2,44.0,130,43,800,7.9,22.5,10.0,10.5,11.5,9.3,10.2,11.8,12.5,12.1,11.6,23.3,7.4,15.1,176.0,0,0,0,0,0,0
60.9,60.4,61.4,54.0,53.6,54.4,60.2,59.4,61.0,20.0,17.6,22.4,0.938,11.8,0.29,10.3,9.65,15.3,0.274,7.48,6.05,0.0381,0.645,0.804,56.0,44.0,130,44,800,6.7,23.4,11.1,12.4,10.5,10.1,11.1,11.2,11.8,10.9,10.9,22.2,6.7,15.1,174.0,0,0,0,0,0,0
70.9,73.6,68.2,60.1,59.6,60.6,63.9,63.6,64.2,20.9,20.8,21.0,0.886,11.4,0.27,9.6,9.05,15.1,0.253,7.04,5.74,0.037,0.611,0.721,155.0,110.0,510,220,1000,29.1,26.4,12.5,12.3,11.4,12.8,12.2,14.5,11.5,13.3,13.0,26.8,8.2,14.9,219.0,0,0,0,0,0,0
68.6,69.0,68.2,56.4,57.2,55.6,62.9,62.8,63.0,19.9,23.2,16.6,0.905,11.3,0.273,9.73,9.17,15.4,0.259,7.04,5.77,0.0359,0.621,0.728,139.0,100.0,220,84,1000,12.8,28.8,10.8,13.7,14.0,13.3,10.7,15.1,13.9,11.9,14.2,27.5,8.3,21.2,216.0,0,0,0,0,0,0
69.1,70.8,67.4,58.7,56.8,60.6,60.7,61.0,60.4,20.2,19.4,21.0,0.932,11.6,0.287,9.86,9.3,15.6,0.266,6.98,5.94,0.0378,0.629,0.752,139.0,100.0,370,100,1000,8.1,26.2,13.2,13.8,14.7,14.1,14.2,15.0,13.7,13.8,12.6,29.3,8.7,18.5,216.0,0,0,0,0,0,0
70.0,70.6,69.4,55.6,55.2,56.0,62.8,61.0,64.6,22.2,24.4,20.0,0.938,11.7,0.287,9.83,9.2,16.0,0.272,7.15,6.22,0.0378,0.393,0.754,131.0,98.0,190,88,1000,9.5,25.9,13.4,14.8,14.0,12.0,14.4,14.1,13.0,12.1,13.0,27.4,9.6,19.3,213.0,0,0,0,0,0,0
70.6,71.8,69.4,58.0,56.8,59.2,63.6,63.2,64.0,20.5,20.6,20.4,0.944,11.7,0.292,10.0,9.39,16.4,0.279,7.2,6.25,0.0377,0.399,0.77,127.0,98.0,230,98,1000,9.3,28.5,13.9,13.3,11.4,13.3,16.0,12.7,13.4,12.4,13.8,26.0,8.2,20.4,213.0,0,0,0,0,0,0
67.9,69.0,66.8,54.5,54.6,54.4,68.3,67.6,69.0,21.3,19.6,23.0,1.0,11.8,0.307,10.1,9.46,16.9,0.287,7.22,6.4,0.0368,0.396,0.79,120.0,94.0,180,66,1000,8.5,26.3,13.4,13.6,16.9,14.4,12.9,13.7,13.3,14.1,11.4,29.1,9.3,16.4,213.0,0,0,0,0,0,0
71.6,72.4,70.8,54.1,54.0,54.2,61.3,60.6,62.0,22.2,22.4,22.0,1.07,12.5,0.325,10.8,10.3,18.3,0.311,7.65,6.87,0.0368,0.682,0.863,132.0,99.0,530,210,1000,9.1,27.9,14.4,11.3,14.5,11.4,14.2,14.3,10.6,13.4,12.7,25.1,9.1,20.6,209.0,0,0,0,0,0,0
60.8,62.2,59.4,26.2,29.0,23.4,61.3,60.0,62.6,19.3,16.0,22.6,1.23,13.9,0.365,12.0,11.4,20.3,0.354,8.61,7.82,0.0369,0.728,0.955,132.0,100.0,310,100,1000,9.3,28.3,12.0,14.1,13.6,14.0,12.9,14.9,12.9,14.5,13.4,30.4,9.9,17.8,218.0,0,0,0,0,0,0
50.9,52.4,49.4,45.4,44.6,46.2,51.0,51.8,50.2,20.6,19.2,22.0,0.528,7.14,0.173,6.23,6.02,8.3,0.158,4.49,3.26,0.0379,0.258,0.461,45.4,34.0,110,31,600,20.5,17.3,7.0,8.4,8.5,7.3,7.5,8.7,8.9,9.4,9.1,17.0,5.3,11.5,146.0,0,0,0,0,0,0
49.4,47.8,51.0,45.2,45.2,45.2,53.1,52.2,54.0,19.9,18.4,21.4,0.562,7.39,0.178,6.52,6.23,8.56,0.166,4.75,3.41,0.036,0.262,0.495,42.4,31.0,84,26,600,5.9,17.7,7.5,8.0,8.4,7.1,8.9,8.7,8.3,7.6,7.0,16.9,5.8,9.5,127.0,0,0,0,0,0,0
50.5,50.8,50.2,43.3,43.6,43.0,50.9,49.6,52.2,21.1,23.6,18.6,0.603,7.5,0.192,6.84,6.34,8.84,0.174,4.95,3.6,0.0362,0.269,0.51,41.2,31.0,85,28,600,5.4,17.3,9.5,8.1,8.4,9.1,8.5,6.1,8.6,7.1,7.9,16.1,6.2,10.4,129.0,0,0,0,0,0,0
50.7,50.6,50.8,44.6,47.6,41.6,57.2,58.0,56.4,19.7,23.2,16.2,0.593,7.73,0.189,6.99,6.55,9.03,0.171,5.06,3.73,0.0364,0.526,0.526,40.3,30.0,87,27,600,6.2,19.8,9.0,8.2,8.5,6.8,7.1,6.7,7.9,8.3,8.0,13.2,4.0,10.1,124.0,0,0,0,0,0,0
52.8,50.2,55.4,45.6,47.4,43.8,52.8,53.8,51.8,20.1,18.8,21.4,0.621,7.9,0.193,7.39,6.66,9.41,0.176,5.3,3.92,0.0362,0.537,0.544,39.7,30.0,87,28,600,5.4,18.0,6.7,7.3,7.7,8.1,9.3,8.9,7.7,7.0,7.8,15.1,5.5,11.1,126.0,0,0,0,0,0,0
52.2,54.0,50.4,46.9,47.4,46.4,51.6,50.8,52.4,20.9,19.0,22.8,0.669,8.28,0.208,7.68,6.83,9.81,0.187,5.39,4.0,0.0379,0.549,0.571,39.3,30.0,81,28,600,6.8,18.4,8.9,7.8,6.6,7.8,7.7,9.1,7.3,8.9,8.9,17.1,6.2,10.1,132.0,0,0,0,0,0,0
52.4,52.2,52.6,46.9,47.2,46.6,54.8,55.0,54.6,21.4,21.2,21.6,0.685,8.65,0.214,7.9,7.01,10.3,0.192,5.74,4.21,0.0378,0.552,0.598,39.3,30.0,93,30,600,6.4,17.7,7.7,8.6,9.7,6.9,8.9,7.8,8.8,9.0,7.1,15.8,5.4,10.5,130.0,0,0,0,0,0,0
51.2,50.8,51.6,45.4,44.0,46.8,54.1,55.6,52.6,20.7,20.8,20.6,0.766,9.37,0.236,8.73,7.89,11.4,0.216,6.29,4.66,0.0369,0.58,0.661,39.2,30.0,90,29,600,6.2,17.0,7.0,7.1,7.7,10.2,9.0,8.3,9.3,8.4,8.3,17.9,6.2,11.6,134.0,0,0,0,0,0,0
59.2,58.2,60.2,56.3,57.4,55.2,60.7,62.2,59.2,20.3,17.8,22.8,0.741,9.11,0.224,8.36,7.26,10.9,0.208,5.88,4.47,0.0366,0.569,0.614,60.0,49.0,160,66,800,48.4,21.3,8.5,10.3,11.6,9.5,10.0,11.2,10.4,11.0,8.8,20.2,6.6,13.3,201.0,0,0,0,0,0,0
57.7,57.8,57.6,58.7,59.6,57.8,60.1,59.8,60.4,21.0,22.8,19.2,0.74,9.71,0.233,8.82,7.63,11.4,0.215,6.11,4.6,0.0364,0.575,0.645,55.0,44.0,110,34,800,7.0,23.7,9.5,11.2,10.5,10.7,11.8,11.9,10.2,11.1,9.6,19.1,5.7,14.2,166.0,0,0,0,0,0,0
60.0,58.4,61.6,55.4,55.0,55.8,57.4,57.8,57.0,22.0,23.0,21.0,0.782,9.71,0.244,8.94,7.81,12.1,0.234,6.25,4.8,0.0365,0.338,0.646,54.9,43.0,130,41,800,7.4,24.1,11.8,10.9,10.3,10.9,10.6,10.7,12.3,11.0,9.8,22.7,7.0,14.7,174.0,0,0,0,0,0,0
62.3,62.0,62.6,55.4,54.8,56.0,59.4,59.6,59.2,22.5,20.4,24.6,0.772,10.0,0.248,9.18,8.03,12.5,0.237,6.53,4.95,0.0365,0.344,0.682,55.2,44.0,130,45,800,7.9,24.4,12.6,10.7,12.3,10.4,9.7,11.2,10.2,9.9,10.2,21.4,7.6,15.6,174.0,0,0,0,0,0,0
61.1,63.8,58.4,55.5,56.4,54.6,62.8,61.6,64.0,20.3,23.0,17.6,0.839,10.3,0.262,9.47,8.1,13.0,0.247,6.76,5.15,0.0375,0.351,0.702,54.4,43.0,120,41,800,7.9,23.3,10.8,10.8,10.4,11.3,10.9,10.5,10.5,10.1,10.3,23.0,8.1,17.6,176.0,0,0,0,0,0,0
58.6,59.2,58.0,58.8,57.6,60.0,59.9,60.2,59.6,20.9,23.4,18.4,0.826,10.5,0.264,9.62,8.24,13.5,0.248,6.81,5.33,0.0367,0.356,0.709,53.9,43.0,120,40,800,7.8,23.0,12.1,10.6,11.5,10.3,12.0,9.9,11.8,9.9,11.3,22.4,6.6,16.1,175.0,0,0,0,0,0,0
59.6,58.2,61.0,53.4,53.0,53.8,66.4,66.8,66.0,22.7,24.2,21.2,0.835,10.9,0.263,10.0,8.53,13.7,0.25,7.03,5.46,0.0358,0.435,0.733,53.0,42.0,100,39,800,7.8,23.9,9.0,11.5,10.5,10.7,12.6,11.3,11.5,10.9,10.8,21.9,6.6,15.3,174.0,0,0,0,0,0,0
61.4,63.0,59.8,52.5,52.2,52.8,62.6,62.2,63.0,21.4,22.2,20.6,0.95,11.6,0.291,10.7,9.39,15.3,0.279,7.64,5.89,0.0359,0.644,0.807,52.9,42.0,120,43,800,6.6,24.2,12.1,10.3,11.5,11.0,10.6,9.4,10.6,10.7,11.4,22.9,7.7,17.7,177.0,0,0,0,0,0,0
70.5,70.4,70.6,56.0,57.0,55.0,61.9,61.6,62.2,21.5,23.6,19.4,0.953,11.2,0.285,10.2,8.61,14.7,0.26,6.9,5.62,0.0372,0.635,0.735,140.0,110.0,450,220,1000,30.7,23.6,13.3,11.1,13.6,12.0,11.8,11.9,14.4,12.8,12.4,25.6,8.1,15.8,217.0,0,0,0,0,0,0
68.0,68.4,67.6,57.5,57.6,57.4,65.5,64.6,66.4,20.9,22.4,19.4,0.959,11.3,0.288,10.3,8.9,15.0,0.266,7.12,5.91,0.0361,0.641,0.755,121.0,90.0,150,62,1000,10.2,27.6,15.8,13.5,12.3,14.7,14.6,13.2,13.4,12.8,17.4,28.6,9.5,16.5,220.0,0,0,0,0,0,0
70.8,70.6,71.0,58.7,60.4,57.0,67.1,67.2,67.0,22.4,18.8,26.0,0.999,11.5,0.302,10.3,8.91,15.7,0.277,7.15,6.0,0.0363,0.65,0.765,120.0,92.0,290,99,1000,9.0,29.8,14.1,13.8,11.2,13.4,12.5,14.6,14.5,13.6,14.6,27.6,9.3,18.1,216.0,0,0,0,0,0,0
69.6,68.2,71.0,55.0,54.4,55.6,64.7,65.0,64.4,22.1,24.6,19.6,1.06,11.7,0.309,10.4,9.07,16.2,0.289,7.1,6.14,0.0372,0.652,0.793,124.0,97.0,300,120,1000,9.1,29.8,11.9,13.6,13.1,14.3,13.1,12.3,12.2,14.9,14.4,29.5,10.0,19.0,217.0,0,0,0,0,0,0
69.3,68.6,70.0,58.3,57.8,58.8,62.5,62.6,62.4,22.1,21.2,23.0,1.06,11.8,0.316,10.6,9.12,16.4,0.291,7.32,6.33,0.0374,0.416,0.804,123.0,97.0,290,98,1000,10.1,26.0,15.3,13.2,13.8,11.8,14.2,12.5,13.9,12.5,11.9,29.3,9.4,21.3,215.0,0,0,0,0,0,0
67.7,67.8,67.6,56.2,55.6,56.8,67.7,66.8,68.6,21.1,19.0,23.2,1.1,12.0,0.332,10.7,9.28,16.6,0.307,7.43,6.45,0.0356,0.426,0.83,117.0,93.0,180,64,1000,8.4,28.7,12.9,11.6,14.2,11.4,14.0,15.3,12.1,15.6,14.0,27.9,10.2,17.4,214.0,0,0,0,0,0,0
70.0,69.6,70.4,56.5,56.0,57.0,64.3,63.6,65.0,20.7,23.4,18.0,1.2,12.9,0.363,11.6,10.1,18.3,0.327,7.85,7.07,0.0375,0.73,0.896,126.0,100.0,390,190,1000,9.2,26.4,12.5,15.1,12.8,12.7,13.3,13.0,13.4,15.0,14.7,28.4,8.9,19.2,215.0,0,0,0,0,0,0
52.8,52.2,53.4,45.4,46.4,44.4,50.7,51.8,49.6,19.6,17.4,21.8,0.609,7.15,0.191,5.8,6.55,8.2,0.186,4.58,3.33,0.0376,0.253,0.486,45.7,36.0,89,31,600,22.3,15.3,7.5,8.8,9.1,7.1,9.5,9.0,7.7,8.8,8.7,16.4,6.2,12.9,149.0,0,0,0,0,0,0
53.0,52.8,53.2,46.6,45.4,47.8,52.1,49.8,54.4,20.5,18.0,23.0,0.624,7.31,0.196,5.99,6.67,8.66,0.191,4.71,3.4,0.0375,0.26,0.504,43.3,34.0,85,29,600,4.6,15.4,9.0,8.7,9.4,7.8,9.8,8.7,6.8,9.1,7.8,16.8,5.9,10.8,131.0,0,0,0,0,0,0
52.1,50.0,54.2,46.5,45.6,47.4,50.7,50.4,51.0,20.7,25.0,16.4,0.661,7.5,0.207,6.39,6.93,9.01,0.199,5.04,3.62,0.0372,0.27,0.519,42.0,33.0,89,29,600,6.2,18.2,6.2,8.4,10.5,8.7,8.3,6.3,7.9,7.8,7.2,16.1,6.1,11.9,130.0,0,0,0,0,0,0
53.1,54.6,51.6,47.4,47.8,47.0,58.0,58.0,58.0,21.0,18.4,23.6,0.669,7.96,0.214,6.65,7.04,9.49,0.191,5.09,3.85,0.0382,0.533,0.538,41.9,32.0,96,30,600,5.3,16.3,8.2,9.2,7.9,7.4,7.6,7.6,9.7,9.5,8.1,15.7,5.5,13.0,131.0,0,0,0,0,0,0
54.4,54.0,54.8,45.4,45.8,45.0,50.3,51.8,48.8,20.3,18.2,22.4,0.699,8.22,0.216,7.06,7.21,9.94,0.199,5.41,4.04,0.0373,0.542,0.558,41.4,32.0,91,30,600,6.4,17.5,7.3,8.7,7.7,9.1,10.9,7.1,9.8,6.7,7.7,17.6,6.5,12.0,135.0,0,0,0,0,0,0
53.3,52.8,53.8,46.2,45.0,47.4,50.9,50.2,51.6,20.6,18.0,23.2,0.705,8.45,0.222,7.16,7.54,10.3,0.206,5.54,4.16,0.0371,0.549,0.575,41.3,32.0,90,31,600,5.7,18.9,7.9,9.1,10.1,7.1,6.5,8.2,8.3,7.8,8.0,18.1,5.8,10.4,132.0,0,0,0,0,0,0
52.4,51.4,53.4,44.5,41.8,47.2,52.3,53.2,51.4,19.5,16.4,22.6,0.709,8.83,0.229,7.52,7.69,10.7,0.217,5.72,4.28,0.0372,0.559,0.601,41.2,32.0,93,30,600,6.2,17.9,7.3,8.9,7.9,7.7,9.4,7.1,8.2,7.8,8.0,16.3,5.4,11.1,129.0,0,0,0,0,0,0
52.1,51.6,52.6,45.9,45.4,46.4,51.5,51.0,52.0,20.5,20.4,20.6,0.788,9.45,0.25,8.17,8.46,11.7,0.237,6.33,4.68,0.037,0.582,0.663,40.9,31.0,91,30,600,5.6,16.9,7.7,8.4,9.8,7.3,8.7,9.0,8.0,6.9,7.1,16.2,5.3,11.7,129.0,0,0,0,0,0,0
65.0,64.4,65.6,51.4,50.8,52.0,64.2,63.0,65.4,21.4,21.0,21.8,0.752,9.01,0.233,7.74,7.98,11.5,0.221,5.93,4.4,0.0374,0.572,0.613,77.5,61.0,240,90,800,47.3,18.3,7.4,9.4,10.4,8.4,10.6,9.8,9.6,9.5,11.7,20.6,6.9,14.1,194.0,0,0,0,0,0,0
61.8,61.6,62.0,53.2,52.2,54.2,57.7,57.2,58.2,22.3,24.8,19.8,0.767,9.37,0.241,8.06,8.25,11.8,0.23,6.13,4.61,0.0365,0.578,0.64,67.1,51.0,110,35,800,9.0,21.1,10.9,10.2,13.6,10.6,10.6,10.5,11.0,12.2,12.1,20.8,7.6,14.9,175.0,0,0,0,0,0,0
62.9,63.4,62.4,52.5,52.6,52.4,58.3,57.8,58.8,20.4,21.2,19.6,0.811,9.55,0.24,8.01,8.51,12.2,0.224,6.16,4.78,0.0374,0.332,0.649,62.8,48.0,120,40,800,7.0,21.9,11.4,11.9,11.2,11.2,9.7,10.6,10.0,10.6,11.0,22.5,7.2,16.5,173.0,0,0,0,0,0,0
60.7,59.4,62.0,52.5,52.0,53.0,56.6,56.6,56.6,22.1,19.2,25.0,0.817,9.77,0.253,8.28,8.68,12.8,0.24,6.31,4.93,0.0377,0.344,0.67,60.0,46.0,110,40,800,6.5,22.7,10.6,8.6,9.4,12.0,10.8,10.9,11.4,13.6,11.5,22.1,8.0,16.4,175.0,0,0,0,0,0,0
60.3,58.2,62.4,52.3,50.8,53.8,59.5,59.4,59.6,20.2,17.4,23.0,0.847,10.2,0.261,8.6,8.82,13.0,0.242,6.63,5.1,0.0377,0.35,0.68,58.3,45.0,110,40,800,7.7,23.2,10.8,13.2,11.5,11.5,9.5,8.1,11.0,11.5,11.3,20.9,7.1,12.4,170.0,0,0,0,0,0,0
59.9,59.2,60.6,52.2,53.8,50.6,57.6,57.2,58.0,20.6,22.8,18.4,0.866,10.2,0.262,8.78,9.05,13.5,0.247,6.81,5.32,0.0377,0.367,0.699,57.1,44.0,110,40,800,7.6,23.5,9.4,11.2,10.1,9.9,10.3,11.2,13.3,13.1,9.1,21.7,6.2,14.8,171.0,0,0,0,0,0,0
61.1,60.8,61.4,55.4,55.2,55.6,61.7,62.0,61.4,22.4,25.6,19.2,0.854,10.6,0.261,9.08,9.23,13.9,0.248,6.82,5.45,0.0368,0.365,0.711,55.9,44.0,100,40,800,8.2,22.9,9.8,11.4,10.7,12.2,9.7,10.1,11.3,10.0,12.9,20.5,6.1,16.6,172.0,0,0,0,0,0,0
62.8,62.0,63.6,54.9,56.0,53.8,58.8,56.4,61.2,20.2,23.4,17.0,0.91,11.3,0.29,9.8,10.1,15.2,0.266,7.41,5.92,0.0377,0.641,0.789,55.4,44.0,110,42,800,8.1,22.1,11.1,12.4,10.7,10.9,9.6,10.5,11.4,10.3,8.7,23.9,6.1,14.1,170.0,0,0,0,0,0,0
70.9,67.8,74.0,55.9,55.8,56.0,63.1,64.0,62.2,22.2,24.0,20.4,0.869,11.1,0.274,9.48,9.36,14.7,0.254,7.03,5.67,0.0375,0.624,0.721,171.0,110.0,700,290,1000,29.6,25.9,11.3,12.5,12.9,12.6,12.3,13.3,12.8,11.7,13.2,26.6,8.1,16.8,220.0,0,0,0,0,0,0
69.8,70.2,69.4,56.3,57.2,55.4,61.8,60.8,62.8,21.1,20.0,22.2,0.874,11.3,0.276,9.55,9.27,15.1,0.255,7.04,5.88,0.0373,0.629,0.724,149.0,93.0,220,69,1000,12.8,28.4,14.8,12.3,13.0,11.8,14.3,15.3,13.8,12.3,12.0,28.1,10.3,20.4,220.0,0,0,0,0,0,0
67.5,65.6,69.4,56.4,56.6,56.2,63.2,63.4,63.0,21.3,19.6,23.0,0.91,11.5,0.286,9.86,9.42,15.8,0.266,7.1,5.99,0.0364,0.634,0.758,139.0,91.0,260,84,1000,10.0,24.8,15.3,14.4,12.6,14.0,13.9,13.7,16.2,12.0,12.2,27.4,7.4,15.9,210.0,0,0,0,0,0,0
68.0,65.4,70.6,53.5,53.6,53.4,64.1,64.2,64.0,21.1,22.4,19.8,0.963,11.6,0.298,9.91,9.33,16.0,0.277,7.3,6.09,0.0382,0.645,0.772,129.0,87.0,190,75,1000,10.3,30.3,13.3,13.9,14.1,13.4,14.0,14.2,14.7,14.8,13.2,27.8,10.0,18.8,223.0,0,0,0,0,0,0
68.6,70.0,67.2,57.4,55.8,59.0,63.5,61.8,65.2,21.0,23.2,18.8,1.01,11.8,0.315,10.2,9.4,16.6,0.291,7.2,6.28,0.0374,0.397,0.783,126.0,90.0,230,100,1000,9.5,27.1,14.3,12.4,12.9,12.5,11.8,12.2,14.6,16.0,14.1,27.0,9.0,19.4,213.0,0,0,0,0,0,0
68.1,67.0,69.2,55.4,55.0,55.8,66.0,65.6,66.4,20.8,21.6,20.0,1.02,12.0,0.322,10.3,9.38,16.7,0.299,7.39,6.39,0.0383,0.403,0.807,131.0,93.0,420,130,1000,7.6,25.0,14.3,13.3,13.8,13.7,14.1,14.0,12.1,15.3,15.6,29.5,10.2,18.9,217.0,0,0,0,0,0,0
68.5,69.8,67.2,57.7,58.8,56.6,65.1,64.0,66.2,20.7,23.2,18.2,1.11,12.8,0.348,11.0,10.3,18.1,0.332,7.8,6.97,0.0383,0.675,0.877,126.0,91.0,190,80,1000,8.2,28.5,14.2,14.1,12.6,14.6,13.1,14.1,13.7,14.5,13.3,27.6,8.8,18.0,215.0,0,0,0,0,0,0
65.0,67.4,62.6,31.7,34.4,29.0,63.7,63.0,64.4,21.2,18.6,23.8,1.24,14.2,0.379,12.3,11.4,20.3,0.36,8.76,7.81,0.0375,0.718,0.977,124.0,91.0,260,99,1000,10.2,29.1,13.5,14.3,12.1,15.6,11.1,11.4,11.0,12.9,15.4,28.0,8.3,17.2,210.0,0,0,0,0,0,0
53.4,52.8,54.0,44.7,42.8,46.6,51.0,49.8,52.2,19.8,20.8,18.8,0.582,7.02,0.188,6.47,5.93,8.3,0.164,4.52,3.29,0.0373,0.252,0.483,47.2,37.0,100,32,600,22.5,18.9,8.8,7.6,8.4,7.8,9.2,7.8,8.2,7.3,7.5,16.6,6.1,12.3,149.0,0,0,0,0,0,0
51.8,50.6,53.0,46.3,45.0,47.6,52.0,50.6,53.4,19.8,21.2,18.4,0.611,7.35,0.192,6.62,6.14,8.65,0.171,4.7,3.38,0.0373,0.267,0.491,44.4,34.0,86,28,600,6.8,15.7,7.1,7.9,7.5,6.5,9.1,9.2,8.1,8.5,8.4,17.8,4.8,10.0,127.0,0,0,0,0,0,0
53.2,52.6,53.8,46.5,48.6,44.4,52.0,52.0,52.0,19.1,21.4,16.8,0.626,7.65,0.196,6.8,6.35,8.95,0.184,4.89,3.52,0.0374,0.27,0.523,43.0,33.0,91,29,600,4.6,15.6,7.8,8.6,10.4,7.8,8.5,7.1,8.1,7.4,8.4,17.8,6.0,13.4,132.0,0,0,0,0,0,0
50.5,52.8,48.2,48.1,49.2,47.0,51.9,53.0,50.8,21.8,22.4,21.2,0.655,7.94,0.211,7.09,6.66,9.41,0.195,5.14,3.71,0.0363,0.516,0.545,42.0,32.0,85,30,600,6.2,17.9,7.6,8.3,7.7,8.2,8.2,7.6,7.1,7.9,10.0,16.6,5.9,9.7,129.0,0,0,0,0,0,0
51.3,50.2,52.4,46.6,44.4,48.8,50.9,52.6,49.2,19.5,19.2,19.8,0.654,8.22,0.211,7.31,6.98,9.71,0.196,5.25,3.89,0.0381,0.523,0.555,41.1,32.0,84,28,600,5.1,18.4,7.3,8.9,8.1,8.4,9.0,6.2,6.7,8.8,10.1,15.2,5.0,12.1,129.0,0,0,0,0,0,0
51.2,49.2,53.2,46.1,44.2,48.0,52.9,51.6,54.2,19.8,19.6,20.0,0.699,8.39,0.22,7.57,7.1,10.3,0.206,5.39,4.01,0.0359,0.535,0.584,40.8,31.0,94,30,600,6.0,18.1,7.9,6.7,9.2,7.1,6.4,7.7,9.1,8.1,7.1,16.3,5.9,13.4,129.0,0,0,0,0,0,0
50.0,50.0,50.0,46.4,44.6,48.2,51.1,52.2,50.0,20.3,17.4,23.2,0.734,8.82,0.226,7.72,7.31,10.7,0.214,5.75,4.2,0.036,0.541,0.61,40.7,31.0,90,30,600,6.2,17.4,8.4,6.6,7.9,6.6,8.9,9.9,9.7,8.5,7.4,19.7,5.9,10.8,134.0,0,0,0,0,0,0
53.7,54.4,53.0,45.7,44.6,46.8,52.4,53.2,51.6,19.8,15.4,24.2,0.822,9.53,0.252,8.61,8.29,11.7,0.245,6.34,4.65,0.0361,0.571,0.683,40.5,31.0,88,31,600,4.2,16.2,8.4,9.3,8.0,8.6,7.6,7.8,8.3,9.0,8.3,17.9,5.9,11.0,131.0,0,0,0,0,0,0
65.1,64.8,65.4,52.9,52.8,53.0,61.4,61.6,61.2,20.3,21.2,19.4,0.77,9.32,0.231,8.11,7.71,11.6,0.222,5.95,4.44,0.036,0.558,0.639,80.0,58.0,260,93,800,46.7,20.5,9.5,10.6,10.4,9.8,9.6,9.2,7.9,11.6,10.0,18.5,6.1,14.5,195.0,0,0,0,0,0,0
56.7,55.4,58.0,49.6,47.0,52.2,57.1,55.4,58.8,19.8,18.4,21.2,0.788,9.44,0.24,8.43,7.82,11.9,0.221,6.07,4.61,0.0367,0.572,0.647,68.9,49.0,100,37,800,8.9,25.3,11.3,11.1,11.2,11.2,9.5,10.5,9.4,11.1,13.1,25.5,8.3,14.3,181.0,0,0,0,0,0,0
60.7,61.6,59.8,53.5,54.4,52.6,59.3,58.4,60.2,20.1,16.4,23.8,0.817,9.58,0.252,8.45,8.12,12.3,0.23,6.28,4.69,0.0368,0.337,0.65,63.8,46.0,110,38,800,7.9,23.7,11.4,10.9,9.6,10.9,10.4,10.5,10.1,11.3,11.7,21.6,7.0,13.6,171.0,0,0,0,0,0,0
60.2,60.8,59.6,52.9,53.4,52.4,58.4,57.2,59.6,19.7,18.6,20.8,0.822,10.1,0.248,8.85,8.4,12.9,0.236,6.45,4.88,0.0377,0.343,0.68,61.4,46.0,110,43,800,9.3,22.5,9.5,10.2,11.7,9.4,10.5,11.2,11.3,12.1,10.9,21.5,6.5,17.2,174.0,0,0,0,0,0,0
61.7,60.8,62.6,54.7,55.2,54.2,59.7,59.4,60.0,21.2,20.2,22.2,0.883,10.3,0.264,8.94,8.4,13.3,0.25,6.53,5.12,0.0369,0.357,0.678,59.1,44.0,100,35,800,8.2,22.0,11.1,10.9,9.6,9.6,10.8,8.3,10.1,11.9,10.8,21.2,7.3,16.6,168.0,0,0,0,0,0,0
61.3,61.0,61.6,52.7,51.8,53.6,60.7,61.0,60.4,19.8,16.0,23.6,0.891,10.4,0.276,9.22,8.56,13.5,0.255,6.8,5.33,0.0368,0.363,0.71,57.6,44.0,110,39,800,6.9,23.6,10.7,10.9,11.1,11.3,11.7,10.4,11.0,12.1,11.8,24.6,9.9,13.3,179.0,0,0,0,0,0,0
61.0,58.4,63.6,50.0,49.4,50.6,65.6,65.4,65.8,19.7,22.4,17.0,0.909,10.6,0.281,9.33,8.97,14.0,0.263,6.97,5.48,0.0358,0.649,0.742,57.5,44.0,140,44,800,8.0,24.1,9.9,10.3,10.5,10.6,11.4,12.5,10.4,12.1,12.3,23.1,7.0,14.6,177.0,0,0,0,0,0,0
63.6,64.0,63.2,51.7,50.6,52.8,59.8,59.4,60.2,20.3,23.2,17.4,1.01,11.6,0.312,10.1,9.76,15.4,0.297,7.55,5.94,0.0367,0.67,0.808,57.1,44.0,130,45,800,8.7,23.0,11.7,9.5,10.2,12.2,11.1,12.0,9.1,10.5,9.7,23.3,7.7,16.1,175.0,0,0,0,0,0,0
70.7,71.6,69.8,56.0,56.2,55.8,62.9,62.8,63.0,20.5,19.8,21.2,0.986,11.1,0.3,9.6,9.04,14.9,0.282,7.05,5.7,0.038,0.657,0.749,149.0,110.0,500,230,1000,28.4,25.2,12.7,12.3,11.0,13.2,13.9,11.9,13.8,11.1,12.6,26.1,8.8,15.7,217.0,0,0,0,0,0,0
68.5,68.2,68.8,55.7,55.8,55.6,61.6,61.6,61.6,21.1,23.2,19.0,0.99,11.3,0.309,9.83,9.22,15.5,0.29,7.03,5.72,0.0371,0.662,0.786,145.0,110.0,310,110,1000,11.9,27.5,12.8,14.4,12.5,13.8,13.7,12.9,14.1,12.3,14.1,27.8,9.2,19.1,216.0,0,0,0,0,0,0
66.6,65.0,68.2,52.1,50.4,53.8,65.7,64.8,66.6,20.0,18.8,21.2,0.996,11.5,0.305,9.77,9.12,15.6,0.285,7.02,5.97,0.038,0.662,0.788,132.0,100.0,190,73,1000,9.6,30.7,13.8,11.8,10.9,11.5,14.8,13.8,14.4,14.4,12.8,27.3,9.0,20.0,215.0,0,0,0,0,0,0
65.3,63.2,67.4,53.5,55.4,51.6,63.9,64.8,63.0,19.5,20.8,18.2,1.01,11.5,0.307,9.75,9.18,16.0,0.28,7.05,6.01,0.0362,0.666,0.773,139.0,100.0,480,120,1000,9.8,29.6,13.7,12.1,13.6,12.8,11.5,12.2,12.2,13.7,14.4,26.7,8.2,20.2,211.0,0,0,0,0,0,0
68.3,70.4,66.2,56.5,58.0,55.0,65.3,66.0,64.6,20.6,17.6,23.6,0.995,11.7,0.308,10.1,9.37,16.2,0.279,7.24,6.16,0.0371,0.396,0.79,143.0,100.0,530,100,1000,8.8,28.2,13.2,13.3,14.5,11.6,12.6,14.0,11.4,12.6,14.2,25.2,7.1,19.2,206.0,0,0,0,0,0,0
68.4,69.4,67.4,54.5,55.4,53.6,62.5,62.6,62.4,19.7,19.0,20.4,0.993,11.9,0.31,9.97,9.39,16.5,0.277,7.21,6.33,0.0362,0.403,0.797,138.0,99.0,230,91,1000,10.0,27.1,14.5,12.4,13.6,14.5,11.4,11.8,13.2,15.1,13.6,28.8,8.2,18.3,213.0,0,0,0,0,0,0
69.9,69.8,70.0,56.2,58.0,54.4,63.8,64.8,62.8,19.9,19.4,20.4,1.05,12.6,0.335,10.8,10.1,18.2,0.304,7.65,6.83,0.0364,0.696,0.874,137.0,100.0,280,110,1000,8.9,29.9,12.2,14.4,14.3,13.6,11.8,13.7,12.5,14.0,13.4,27.9,9.5,16.6,213.0,0,0,0,0,0,0
62.2,63.0,61.4,29.2,31.6,26.8,62.8,61.0,64.6,19.0,20.8,17.2,1.21,13.8,0.372,11.9,11.2,20.2,0.341,8.63,7.6,0.0374,0.745,0.974,144.0,100.0,570,140,1000,9.2,24.9,11.1,14.9,13.5,14.5,13.0,12.9,14.1,15.0,13.5,28.7,9.6,18.1,213.0,0,0,0,0,0,0
52.1,52.2,52.0,45.9,46.2,45.6,51.4,51.8,51.0,19.9,22.4,17.4,0.526,7.0,0.17,6.3,5.85,8.28,0.142,4.55,3.3,0.0347,0.255,0.468,47.3,34.0,100,29,600,21.0,16.7,7.7,9.3,8.5,9.6,8.5,8.4,8.5,8.6,7.7,17.7,5.3,10.2,148.0,0,0,0,0,0,0
50.7,50.8,50.6,46.0,46.0,46.0,51.9,52.6,51.2,19.6,17.0,22.2,0.522,7.35,0.166,6.49,6.17,8.51,0.146,4.73,3.52,0.0356,0.26,0.491,43.9,33.0,81,28,600,5.5,19.3,7.7,8.3,8.5,8.4,7.3,8.6,8.9,7.6,7.1,14.7,4.2,12.2,128.0,0,0,0,0,0,0
51.8,51.4,52.2,46.7,45.2,48.2,51.0,50.4,51.6,19.6,20.8,18.4,0.556,7.47,0.179,6.81,6.32,9.05,0.152,4.89,3.7,0.0366,0.277,0.511,42.5,32.0,89,29,600,7.0,17.9,8.0,8.3,9.9,7.6,7.1,8.1,6.9,8.0,8.1,18.9,5.8,10.1,132.0,0,0,0,0,0,0
51.9,52.8,51.0,46.4,45.6,47.2,58.0,60.4,55.6,19.9,21.0,18.8,0.6,7.95,0.191,6.99,6.65,9.45,0.166,5.14,3.82,0.0358,0.524,0.534,42.2,32.0,90,31,600,5.8,15.4,8.5,9.5,8.7,9.3,7.2,8.2,7.8,8.5,9.6,17.4,6.0,11.7,134.0,0,0,0,0,0,0
49.7,47.6,51.8,45.3,43.6,47.0,52.0,52.6,51.4,19.5,18.0,21.0,0.619,8.14,0.198,7.18,7.06,9.99,0.175,5.3,3.98,0.0367,0.534,0.55,41.9,32.0,94,31,600,5.0,16.3,8.3,8.9,8.7,9.3,9.1,9.2,8.7,8.6,8.4,18.9,6.1,11.9,137.0,0,0,0,0,0,0
52.5,51.8,53.2,44.3,43.0,45.6,52.6,54.0,51.2,20.1,17.2,23.0,0.635,8.48,0.204,7.51,7.24,10.3,0.181,5.65,4.17,0.035,0.541,0.567,41.4,32.0,90,30,600,5.4,16.3,7.6,9.0,9.5,8.3,8.0,8.8,7.2,7.8,7.7,14.4,3.6,12.6,126.0,0,0,0,0,0,0
54.4,52.2,56.6,46.8,48.0,45.6,53.1,52.6,53.6,20.6,22.8,18.4,0.659,8.66,0.209,7.73,7.53,10.7,0.2,5.78,4.27,0.0349,0.545,0.579,41.3,32.0,97,31,600,6.0,17.9,7.5,8.1,8.0,7.8,7.3,8.8,8.3,8.0,9.6,15.7,5.0,10.7,129.0,0,0,0,0,0,0
51.5,51.2,51.8,46.7,45.2,48.2,52.5,53.6,51.4,20.1,16.8,23.4,0.732,9.57,0.232,8.4,8.42,11.9,0.223,6.38,4.73,0.0365,0.576,0.659,41.1,31.0,90,30,600,5.6,14.7,6.8,8.8,7.5,10.4,7.9,8.9,8.8,9.6,9.5,18.3,6.2,11.4,134.0,0,0,0,0,0,0
59.5,58.6,60.4,52.4,52.8,52.0,63.3,63.8,62.8,19.9,21.4,18.4,0.745,9.3,0.232,8.11,7.84,11.7,0.223,5.93,4.57,0.0356,0.554,0.597,72.6,58.0,210,89,800,44.8,18.4,9.9,10.3,11.0,9.5,11.9,9.9,9.9,8.5,8.4,21.8,7.0,14.9,196.0,0,0,0,0,0,0
59.4,59.0,59.8,53.0,54.1,51.9,57.3,58.0,56.6,19.9,22.4,17.4,0.766,9.46,0.236,8.29,7.98,11.9,0.23,6.19,4.55,0.0358,0.571,0.625,64.6,50.0,110,40,800,9.5,22.8,10.3,10.9,12.2,10.8,11.7,9.1,12.6,11.0,9.8,21.9,6.6,14.9,174.0,0,0,0,0,0,0
58.8,57.2,60.4,49.9,48.4,51.4,58.5,59.0,58.0,19.9,15.6,24.2,0.767,9.58,0.238,8.67,8.01,12.3,0.231,6.23,4.76,0.0358,0.333,0.63,61.1,48.0,120,42,800,6.1,23.6,10.5,11.2,11.2,10.8,10.0,12.0,11.0,11.6,11.7,23.0,6.8,15.5,175.0,0,0,0,0,0,0
62.3,60.0,64.6,53.8,54.1,53.5,61.8,61.6,62.0,21.4,19.6,23.2,0.774,9.93,0.245,8.91,8.16,12.9,0.241,6.36,4.92,0.035,0.347,0.661,58.2,45.0,100,37,800,7.0,23.0,9.2,9.4,10.1,12.3,13.4,11.1,12.1,12.0,10.7,21.9,6.3,15.4,174.0,0,0,0,0,0,0
62.6,63.2,62.0,52.6,51.4,53.8,60.6,60.6,60.6,20.7,24.0,17.4,0.825,10.4,0.261,9.22,8.47,13.3,0.259,6.59,5.11,0.035,0.352,0.684,56.6,44.0,110,40,800,8.6,23.4,11.0,11.2,10.9,10.2,11.0,9.9,12.0,13.5,11.3,22.4,7.2,16.2,179.0,0,0,0,0,0,0
64.3,65.4,63.2,55.1,53.4,56.8,60.9,60.8,61.0,20.5,20.2,20.8,0.833,10.5,0.262,9.2,8.57,13.4,0.244,6.79,5.24,0.0361,0.363,0.709,55.5,44.0,110,40,800,7.3,22.7,10.3,10.0,11.1,11.3,10.0,9.9,11.3,10.7,12.4,21.7,7.0,13.1,169.0,0,0,0,0,0,0
59.5,59.2,59.8,52.1,54.0,50.2,56.8,55.8,57.8,20.2,21.0,19.4,0.867,10.6,0.27,9.52,8.84,14.2,0.252,7.03,5.47,0.0364,0.372,0.71,55.2,43.0,140,39,800,7.7,23.9,12.9,11.2,13.2,11.0,11.5,8.8,10.7,11.4,10.9,22.5,8.4,14.8,179.0,0,0,0,0,0,0
59.5,58.0,61.0,52.7,52.6,52.8,62.5,62.6,62.4,20.3,21.8,18.8,0.939,11.5,0.291,10.4,9.65,15.5,0.282,7.62,5.96,0.0374,0.68,0.789,55.8,44.0,160,47,800,7.8,24.9,9.8,10.4,11.7,9.6,8.8,10.4,12.1,9.7,14.0,21.7,7.5,15.5,174.0,0,0,0,0,0,0
71.6,71.6,71.6,57.3,57.0,57.6,63.3,63.8,62.8,20.7,17.8,23.6,0.917,11.0,0.276,9.52,9.04,15.0,0.264,6.95,5.7,0.0357,0.657,0.731,159.0,120.0,530,240,1000,28.1,23.6,12.4,12.2,11.0,11.0,11.6,12.1,11.9,13.3,14.1,26.2,9.4,19.3,216.0,0,0,0,0,0,0
69.2,67.2,71.2,57.4,55.4,59.4,63.1,64.8,61.4,20.2,21.8,18.6,0.927,11.3,0.286,9.47,9.21,15.2,0.273,6.98,5.68,0.0367,0.665,0.736,145.0,110.0,230,93,1000,15.6,27.5,15.8,14.3,12.2,13.5,13.0,13.4,14.1,13.4,13.1,28.5,9.1,17.6,221.0,0,0,0,0,0,0
69.0,69.8,68.2,55.9,54.8,57.0,62.3,63.2,61.4,21.1,20.8,21.4,0.982,11.5,0.306,9.65,9.38,15.9,0.287,7.1,5.96,0.0368,0.674,0.778,141.0,100.0,340,92,1000,9.3,32.7,12.8,11.4,14.2,11.7,12.9,13.3,14.2,14.0,13.5,26.2,9.9,20.8,217.0,0,0,0,0,0,0
68.6,71.0,66.2,54.7,54.6,54.8,61.7,60.6,62.8,20.4,19.8,21.0,0.957,11.5,0.295,9.69,9.47,16.0,0.285,7.08,6.17,0.0368,0.672,0.771,143.0,110.0,340,120,1000,7.9,29.5,11.4,13.7,13.7,14.2,14.9,10.4,13.5,13.8,11.9,28.4,9.6,19.0,212.0,0,0,0,0,0,0
69.1,68.2,70.0,55.7,55.8,55.6,64.5,63.4,65.6,20.7,20.2,21.2,1.02,11.6,0.318,9.86,9.61,16.6,0.291,7.18,6.25,0.0368,0.39,0.795,142.0,110.0,310,110,1000,8.0,27.1,14.1,11.9,12.7,11.7,12.6,13.7,15.2,15.2,13.0,28.1,9.4,21.4,214.0,0,0,0,0,0,0
68.9,69.2,68.6,57.0,57.6,56.4,65.0,64.0,66.0,20.1,18.6,21.6,1.04,11.7,0.324,9.98,9.71,16.9,0.293,7.13,6.48,0.0368,0.398,0.8,138.0,110.0,260,94,1000,9.7,25.2,13.3,13.3,14.5,13.8,13.9,13.9,14.8,13.1,14.6,28.0,10.7,18.7,218.0,0,0,0,0,0,0
70.7,70.2,71.2,54.3,52.6,56.0,64.9,64.2,65.6,21.9,20.6,23.2,1.12,12.6,0.34,10.8,10.5,18.3,0.318,7.67,6.86,0.0359,0.694,0.885,134.0,100.0,300,83,1000,10.4,28.1,13.3,14.1,12.7,13.3,13.7,13.3,12.0,13.5,15.1,26.3,8.5,19.2,214.0,0,0,0,0,0,0
64.4,62.8,66.0,28.9,29.2,28.6,62.1,62.8,61.4,20.6,22.8,18.4,1.26,14.1,0.378,12.0,11.6,20.4,0.359,8.75,7.74,0.0371,0.742,0.978,132.0,100.0,230,99,1000,8.9,26.0,12.9,13.6,14.2,14.5,13.3,13.8,15.3,13.1,12.4,28.5,8.6,18.3,213.0,0,0,0,0,0,0
53.8,54.2,53.4,46.3,44.8,47.8,52.4,52.2,52.6,20.0,21.4,18.6,0.609,7.03,0.192,5.92,6.17,8.14,0.17,4.53,3.27,0.0362,0.254,0.483,46.3,35.0,110,29,600,22.8,20.0,8.9,9.3,8.1,7.7,6.7,6.5,8.7,9.1,8.6,15.8,6.0,11.4,150.0,0,0,0,0,0,0
50.8,51.6,50.0,45.0,43.8,46.2,51.2,51.6,50.8,20.2,19.6,20.8,0.626,7.31,0.197,6.21,6.38,8.49,0.176,4.79,3.43,0.0364,0.261,0.508,44.0,33.0,92,29,600,4.8,19.0,7.6,7.8,9.1,8.1,8.0,7.9,7.5,9.2,9.5,16.8,5.8,11.6,133.0,0,0,0,0,0,0
51.2,53.6,48.8,44.5,42.2,46.8,52.5,51.2,53.8,18.5,19.4,17.6,0.625,7.51,0.201,6.59,6.5,8.96,0.179,4.93,3.56,0.0364,0.268,0.52,42.6,32.0,89,28,600,6.1,19.2,8.5,7.1,9.7,8.9,7.3,6.9,7.7,8.0,6.8,14.3,4.5,10.9,126.0,0,0,0,0,0,0
50.9,54.0,47.8,45.3,46.0,44.6,58.0,57.0,59.0,19.1,22.0,16.2,0.648,7.86,0.207,6.86,6.84,9.29,0.188,5.04,3.74,0.0375,0.553,0.544,42.2,32.0,88,31,600,5.0,17.8,9.1,7.3,7.3,9.9,9.0,8.5,6.3,6.6,8.1,17.4,4.8,11.5,129.0,0,0,0,0,0,0
50.8,53.4,48.2,46.5,47.2,45.8,54.3,55.0,53.6,21.7,23.6,19.8,0.669,8.05,0.211,7.3,6.91,9.68,0.192,5.22,3.88,0.0355,0.56,0.565,41.5,32.0,89,28,600,6.2,17.1,10.4,9.1,6.7,6.8,8.4,7.8,7.5,7.9,8.5,15.4,5.7,10.0,128.0,0,0,0,0,0,0
55.8,56.4,55.2,47.1,46.0,48.2,54.3,55.2,53.4,20.3,21.6,19.0,0.691,8.46,0.221,7.5,7.15,10.0,0.204,5.55,4.12,0.0355,0.571,0.59,41.8,32.0,100,32,600,6.2,17.2,8.0,8.4,9.1,9.4,7.8,8.8,7.4,8.1,8.5,16.0,4.9,10.1,130.0,0,0,0,0,0,0
51.8,51.0,52.6,45.9,46.6,45.2,52.8,52.2,53.4,20.9,23.8,18.0,0.712,8.69,0.222,7.89,7.4,10.5,0.201,5.6,4.27,0.0366,0.577,0.591,41.5,32.0,86,31,600,4.6,14.2,9.8,9.4,7.3,7.9,9.4,10.2,7.4,8.7,7.5,18.1,6.1,12.7,133.0,0,0,0,0,0,0
51.9,49.2,54.6,43.9,45.0,42.8,50.5,51.6,49.4,20.4,20.2,20.6,0.775,9.54,0.241,8.53,8.09,11.6,0.225,6.27,4.65,0.0357,0.606,0.666,41.3,32.0,91,31,600,6.2,15.3,8.4,9.3,8.2,9.0,9.4,8.0,7.4,7.1,8.2,16.7,5.3,13.0,132.0,0,0,0,0,0,0
61.6,61.6,61.6,51.9,51.0,52.8,59.7,58.2,61.2,21.1,22.4,19.8,0.684,9.32,0.216,8.17,7.5,11.4,0.2,5.87,4.36,0.0367,0.585,0.592,67.8,54.0,200,80,800,49.1,20.4,10.6,11.1,8.5,9.3,10.4,9.4,10.5,11.1,9.8,19.0,6.0,13.4,199.0,0,0,0,0,0,0
60.7,60.6,60.8,51.8,50.2,53.4,58.7,58.2,59.2,21.4,20.6,22.2,0.72,9.43,0.223,8.32,7.8,11.7,0.203,6.04,4.56,0.0368,0.598,0.609,60.3,47.0,100,37,800,7.4,21.8,11.0,10.0,12.3,12.3,12.1,11.2,10.2,11.9,9.9,20.5,5.9,13.1,170.0,0,0,0,0,0,0
58.5,58.8,58.2,54.3,54.0,54.6,58.8,57.6,60.0,20.5,21.0,20.0,0.757,9.57,0.236,8.54,8.01,12.2,0.217,6.18,4.74,0.0368,0.334,0.626,57.3,44.0,110,37,800,6.7,23.4,12.3,10.0,7.9,11.2,9.2,11.8,12.2,11.8,11.8,22.6,7.9,15.1,174.0,0,0,0,0,0,0
61.7,61.8,61.6,58.0,57.6,58.4,60.6,60.8,60.4,20.5,23.4,17.6,0.763,9.92,0.243,8.69,8.18,12.5,0.226,6.46,4.86,0.0379,0.343,0.653,55.1,43.0,100,39,800,8.6,22.7,9.6,10.2,10.9,11.8,10.4,12.8,11.3,10.9,10.9,22.0,7.4,15.8,175.0,0,0,0,0,0,0
61.0,60.2,61.8,53.6,55.0,52.2,56.9,55.2,58.6,19.8,18.0,21.6,0.809,10.2,0.253,9.07,8.31,13.0,0.228,6.53,5.06,0.0358,0.356,0.674,54.4,42.0,120,39,800,8.3,20.3,12.0,10.9,12.1,11.0,11.4,10.4,10.4,11.6,10.5,23.0,8.1,13.8,174.0,0,0,0,0,0,0
64.8,63.8,65.8,52.0,51.8,52.2,61.9,60.4,63.4,21.2,23.2,19.2,0.874,10.3,0.268,9.27,8.7,13.6,0.244,6.72,5.17,0.0367,0.365,0.704,55.3,43.0,150,49,800,7.3,21.8,10.8,10.2,8.9,10.2,12.0,10.6,11.7,11.6,11.1,22.4,7.7,15.6,172.0,0,0,0,0,0,0
59.6,61.8,57.4,53.5,54.8,52.2,64.7,63.8,65.6,20.3,16.6,24.0,0.924,10.8,0.282,9.38,8.92,13.9,0.258,7.01,5.5,0.0364,0.373,0.728,54.1,42.0,98,36,800,6.6,23.8,9.7,11.4,10.4,9.9,9.9,9.3,11.8,11.8,11.4,24.0,8.7,15.0,174.0,0,0,0,0,0,0
60.4,59.4,61.4,53.6,54.0,53.2,58.3,58.0,58.6,20.0,17.8,22.2,1.02,11.6,0.305,10.3,9.62,15.2,0.286,7.53,5.89,0.0364,0.669,0.814,53.6,42.0,110,39,800,7.7,24.9,11.1,9.4,11.5,10.1,10.6,9.5,12.5,10.5,10.4,24.4,8.6,14.2,175.0,0,0,0,0,0,0
69.5,69.8,69.2,55.7,56.0,55.4,63.5,63.2,63.8,22.1,23.6,20.6,0.993,11.1,0.299,9.73,9.03,15.0,0.281,7.0,5.59,0.0365,0.643,0.752,143.0,100.0,500,220,1000,29.6,27.6,13.3,13.2,12.2,11.5,12.9,13.0,14.3,12.0,12.9,25.2,9.5,15.4,223.0,0,0,0,0,0,0
66.3,66.8,65.8,56.6,57.4,55.8,63.6,64.8,62.4,21.7,21.2,22.2,1.02,11.4,0.304,10.0,9.07,15.4,0.285,6.97,5.76,0.0365,0.66,0.765,128.0,94.0,200,79,1000,8.8,27.5,12.1,15.4,11.4,12.6,14.1,14.2,13.6,13.8,13.5,29.9,9.9,20.2,217.0,0,0,0,0,0,0
67.0,68.0,66.0,55.4,57.2,53.6,60.4,60.4,60.4,21.1,20.8,21.4,1.03,11.4,0.309,9.9,9.24,15.6,0.287,7.18,5.93,0.0366,0.655,0.782,127.0,94.0,300,97,1000,10.2,27.5,15.0,14.4,13.7,12.4,11.9,14.7,13.7,15.2,15.6,26.3,8.7,18.3,218.0,0,0,0,0,0,0
69.8,68.0,71.6,53.3,54.2,52.4,63.6,63.2,64.0,20.9,19.2,22.6,1.02,11.5,0.312,9.89,9.13,16.1,0.292,7.26,6.08,0.0365,0.654,0.775,123.0,94.0,210,95,1000,7.6,27.7,13.1,14.2,13.6,13.5,12.5,13.5,14.7,13.9,13.5,26.7,11.0,17.1,213.0,0,0,0,0,0,0
71.1,70.8,71.4,56.4,54.2,58.6,63.2,61.2,65.2,21.2,19.6,22.8,1.03,11.6,0.319,9.97,9.21,16.3,0.308,7.2,6.26,0.0367,0.41,0.779,127.0,97.0,380,120,1000,8.9,27.0,14.1,13.9,12.6,12.4,14.9,15.3,13.2,13.1,12.0,26.3,9.6,21.7,215.0,0,0,0,0,0,0
69.8,68.2,71.4,55.4,53.0,57.8,62.1,63.0,61.2,21.7,23.6,19.8,1.08,11.7,0.326,10.2,9.34,17.0,0.313,7.25,6.41,0.0366,0.414,0.801,129.0,100.0,300,120,1000,8.5,26.2,13.8,12.7,14.6,11.6,13.6,14.0,13.1,12.3,15.1,29.3,10.3,18.9,214.0,0,0,0,0,0,0
70.2,69.4,71.0,60.0,58.4,61.6,60.6,61.2,60.0,20.8,18.6,23.0,1.13,12.5,0.359,10.8,10.0,18.2,0.343,7.69,6.94,0.0368,0.705,0.879,140.0,100.0,590,150,1000,9.2,27.1,12.7,12.3,13.9,14.3,12.6,11.6,13.0,13.4,15.6,26.7,8.8,18.0,209.0,0,0,0,0,0,0
61.5,61.0,62.0,27.7,24.2,31.2,60.6,61.8,59.4,19.4,15.0,23.8,1.3,14.0,0.397,12.0,11.3,20.3,0.378,8.65,7.72,0.0365,0.747,0.972,137.0,100.0,270,96,1000,8.9,28.5,13.1,12.7,13.1,14.1,13.9,13.4,13.9,12.6,14.0,30.8,10.6,20.0,220.0,0,0,0,0,0,0
52.6,53.6,51.6,47.8,48.2,47.4,48.3,47.4,49.2,20.8,24.0,17.6,0.549,7.1,0.176,5.98,6.4,8.22,0.148,4.65,3.33,0.0368,0.256,0.463,44.6,36.0,87,28,600,21.5,16.1,8.4,7.2,9.2,7.9,8.6,8.0,8.4,7.3,9.3,17.8,5.5,13.7,149.0,0,0,0,0,0,0
51.0,50.4,51.6,46.4,45.4,47.4,49.2,49.0,49.4,20.0,16.8,23.2,0.582,7.36,0.192,6.15,6.66,8.79,0.162,4.77,3.41,0.0369,0.259,0.49,43.0,34.0,90,29,600,5.2,16.2,7.8,7.6,7.1,10.3,8.6,7.8,8.0,8.3,7.9,17.6,6.0,11.7,130.0,0,0,0,0,0,0
53.1,52.8,53.4,45.6,46.2,45.0,50.0,49.0,51.0,21.6,23.4,19.8,0.592,7.61,0.192,6.54,6.81,9.01,0.167,5.03,3.64,0.0371,0.267,0.511,41.9,33.0,86,30,600,5.1,16.3,9.4,9.5,9.2,7.0,8.6,8.0,9.2,8.1,7.0,16.6,5.3,10.9,130.0,0,0,0,0,0,0
50.7,50.4,51.0,46.6,46.2,47.0,57.3,57.6,57.0,21.3,23.6,19.0,0.611,7.86,0.193,6.69,7.0,9.5,0.174,5.17,3.79,0.0381,0.551,0.533,41.0,32.0,85,28,600,5.7,17.5,8.5,7.4,9.2,7.3,7.2,8.6,6.9,8.1,8.4,15.1,3.9,13.3,127.0,0,0,0,0,0,0
51.4,51.0,51.8,46.4,45.8,47.0,51.0,50.4,51.6,20.4,20.8,20.0,0.639,8.1,0.207,7.07,7.21,9.87,0.18,5.29,3.9,0.0372,0.558,0.553,41.4,32.0,100,31,600,6.3,16.5,7.6,6.1,9.8,8.7,7.8,7.1,8.5,9.1,8.2,18.0,6.0,12.0,132.0,0,0,0,0,0,0
54.4,53.2,55.6,46.4,45.6,47.2,52.6,52.2,53.0,19.7,17.8,21.6,0.661,8.42,0.21,7.35,7.41,10.3,0.19,5.48,4.04,0.0381,0.566,0.57,40.8,32.0,86,29,600,4.8,18.0,8.3,7.8,8.8,8.1,9.1,8.0,6.9,7.7,7.0,16.4,5.0,10.8,127.0,0,0,0,0,0,0
53.5,52.0,55.0,46.8,48.4,45.2,51.8,53.0,50.6,21.6,24.0,19.2,0.692,8.68,0.222,7.49,7.78,10.7,0.196,5.68,4.24,0.0369,0.577,0.585,40.5,31.0,87,28,600,6.1,18.6,7.2,7.7,7.4,8.2,8.7,8.2,7.6,8.1,9.2,16.7,5.5,11.6,131.0,0,0,0,0,0,0
52.4,53.0,51.8,46.0,45.2,46.8,50.4,50.0,50.8,19.9,23.0,16.8,0.777,9.46,0.243,8.25,8.59,11.8,0.221,6.35,4.69,0.0381,0.6,0.659,40.7,31.0,96,30,600,5.9,16.6,7.6,8.0,6.2,7.2,9.1,7.6,9.2,9.5,8.4,18.4,6.6,10.3,131.0,0,0,0,0,0,0
63.0,60.8,65.2,53.4,53.2,53.6,62.0,62.6,61.4,21.5,20.8,22.2,0.746,9.39,0.24,7.95,7.89,11.4,0.21,5.96,4.4,0.0374,0.59,0.62,68.9,53.0,210,80,800,46.3,21.1,9.8,10.7,9.7,10.1,9.3,11.2,9.5,11.8,9.9,21.3,7.3,13.0,201.0,0,0,0,0,0,0
60.1,57.6,62.6,54.6,54.2,55.0,59.5,59.0,60.0,21.9,19.8,24.0,0.815,9.49,0.25,8.45,8.03,12.0,0.224,6.13,4.55,0.0383,0.596,0.646,62.9,48.0,120,39,800,7.3,22.5,10.9,10.5,10.2,10.8,10.6,11.3,11.3,10.8,9.5,23.3,7.4,16.8,173.0,0,0,0,0,0,0
59.9,60.0,59.8,52.8,54.2,51.4,59.6,58.4,60.8,22.3,19.0,25.6,0.826,9.88,0.253,8.56,8.27,12.5,0.23,6.32,4.87,0.0364,0.338,0.665,59.2,45.0,110,37,800,7.4,25.0,11.6,10.7,9.9,12.2,9.9,10.9,10.3,10.7,9.7,22.9,6.7,15.2,173.0,0,0,0,0,0,0
61.3,62.4,60.2,53.6,52.4,54.8,60.3,59.8,60.8,20.3,16.4,24.2,0.835,10.2,0.263,8.82,8.56,12.8,0.235,6.46,4.87,0.0372,0.349,0.688,56.8,43.0,110,36,800,7.7,26.0,9.5,10.3,10.7,10.3,11.0,11.6,10.0,10.6,11.6,20.5,6.4,15.7,172.0,0,0,0,0,0,0
62.5,62.2,62.8,52.7,54.2,51.2,61.0,61.8,60.2,20.3,18.0,22.6,0.864,10.5,0.268,9.13,8.57,13.2,0.24,6.57,5.24,0.0372,0.359,0.698,55.6,43.0,110,40,800,7.5,22.0,11.2,10.6,11.8,11.2,11.0,10.9,11.0,10.7,12.2,23.0,8.0,15.3,176.0,0,0,0,0,0,0
61.2,62.6,59.8,54.1,53.2,55.0,61.0,63.2,58.8,21.8,25.0,18.6,0.869,10.7,0.267,9.49,8.73,13.7,0.26,6.77,5.36,0.0383,0.364,0.707,54.4,42.0,100,38,800,7.2,21.9,9.9,11.7,11.3,10.3,10.2,9.3,10.4,10.4,12.9,20.1,6.3,17.8,170.0,0,0,0,0,0,0
64.8,65.4,64.2,57.9,57.4,58.4,67.4,66.4,68.4,20.6,23.4,17.8,0.901,10.9,0.273,9.55,8.76,14.0,0.265,6.81,5.39,0.0364,0.666,0.728,54.9,43.0,140,46,800,7.4,20.8,11.7,10.2,11.5,10.6,12.4,9.7,12.0,9.8,11.3,21.5,7.2,14.5,171.0,0,0,0,0,0,0
60.0,57.8,62.2,57.7,57.0,58.4,59.7,57.4,62.0,20.4,18.6,22.2,0.969,11.9,0.296,10.4,9.57,15.3,0.287,7.45,5.99,0.0374,0.685,0.8,54.0,42.0,100,38,800,7.6,23.9,9.9,11.4,11.2,10.2,12.6,12.2,9.4,10.1,12.2,20.6,6.9,14.5,173.0,0,0,0,0,0,0
70.6,71.8,69.4,58.3,56.0,60.6,60.3,62.8,57.8,20.6,21.6,19.6,0.859,11.2,0.262,9.64,8.94,14.9,0.259,6.97,5.68,0.0366,0.661,0.722,170.0,110.0,690,230,1000,30.2,25.2,12.6,12.6,11.7,10.9,12.6,11.3,13.2,13.5,13.9,26.0,7.4,17.4,219.0,0,0,0,0,0,0
65.4,64.8,66.0,55.0,54.8,55.2,61.9,61.0,62.8,20.8,23.4,18.2,0.871,11.3,0.268,9.62,8.88,15.2,0.265,6.97,5.85,0.0367,0.658,0.731,155.0,100.0,300,82,1000,10.9,26.4,15.6,12.5,12.8,11.7,13.3,13.4,14.5,13.6,12.4,29.5,9.3,19.4,215.0,0,0,0,0,0,0
69.6,69.4,69.8,59.1,58.8,59.4,61.7,60.6,62.8,20.3,19.6,21.0,0.882,11.3,0.271,9.82,9.1,15.8,0.252,7.08,5.95,0.0366,0.67,0.758,156.0,110.0,330,130,1000,9.6,30.7,13.1,13.4,11.3,12.9,13.0,14.7,15.2,12.3,13.3,29.9,8.0,18.6,216.0,0,0,0,0,0,0
70.9,69.0,72.8,58.0,58.2,57.8,63.9,64.0,63.8,21.1,21.2,21.0,0.893,11.4,0.281,9.83,9.54,16.1,0.263,7.11,6.17,0.0374,0.674,0.773,144.0,100.0,200,82,1000,8.9,27.8,12.0,14.4,13.3,12.1,11.3,14.5,13.8,14.6,14.3,28.9,7.9,19.4,213.0,0,0,0,0,0,0
69.2,70.8,67.6,57.0,58.0,56.0,61.5,61.2,61.8,20.9,18.0,23.8,0.923,11.6,0.29,9.97,9.23,16.5,0.27,7.15,6.31,0.0385,0.391,0.773,138.0,100.0,260,92,1000,9.1,27.6,15.0,12.9,13.3,15.4,14.6,13.1,12.9,11.8,13.3,28.8,9.1,17.9,215.0,0,0,0,0,0,0
70.1,70.0,70.2,56.8,56.2,57.4,66.4,66.0,66.8,20.6,17.2,24.0,1.0,11.8,0.305,10.1,9.59,16.7,0.283,7.31,6.52,0.0366,0.402,0.797,134.0,100.0,220,91,1000,8.2,30.2,13.7,13.4,13.4,13.4,13.5,12.7,11.7,13.9,15.2,29.4,9.9,21.2,220.0,0,0,0,0,0,0
69.1,71.4,66.8,57.1,56.8,57.4,64.2,64.2,64.2,22.8,21.0,24.6,1.07,12.6,0.328,10.8,10.4,18.5,0.309,7.85,7.04,0.0376,0.719,0.879,131.0,100.0,270,96,1000,8.2,29.1,15.3,11.7,14.9,14.1,11.2,12.2,14.2,12.5,15.2,29.1,9.2,18.9,216.0,0,0,0,0,0,0
64.7,63.6,65.8,29.3,26.4,32.2,60.7,60.6,60.8,19.9,16.6,23.2,1.22,14.1,0.362,12.0,11.5,20.5,0.346,8.76,7.88,0.0368,0.767,0.977,130.0,100.0,270,100,1000,8.4,27.9,13.5,12.1,14.1,13.7,12.1,12.2,15.4,14.7,12.8,25.3,8.3,19.5,210.0,0,0,0,0,0,0
51.2,53.0,49.4,47.8,48.0,47.6,53.6,53.2,54.0,21.4,21.6,21.2,0.566,7.07,0.184,6.47,5.94,8.16,0.167,4.52,3.37,0.0364,0.256,0.48,47.5,37.0,130,32,600,21.7,18.4,8.6,8.5,8.4,8.2,8.2,8.6,9.0,9.0,8.8,17.7,5.7,11.3,152.0,0,0,0,0,0,0
52.4,52.2,52.6,46.8,45.6,48.0,51.1,51.2,51.0,21.4,21.4,21.4,0.579,7.33,0.185,6.55,6.15,8.6,0.171,4.72,3.5,0.0365,0.267,0.499,45.3,34.0,100,28,600,5.6,16.7,8.5,8.5,8.5,7.7,8.2,8.5,7.6,8.3,7.4,17.9,6.5,11.2,131.0,0,0,0,0,0,0
50.6,48.6,52.6,47.4,45.4,49.4,51.6,53.2,50.0,21.5,21.8,21.2,0.593,7.67,0.189,6.86,6.31,8.9,0.171,4.99,3.64,0.0366,0.27,0.514,43.8,33.0,91,29,600,5.4,16.6,6.0,8.5,7.2,9.6,7.9,9.3,6.5,9.3,8.4,16.8,4.8,9.9,126.0,0,0,0,0,0,0
52.0,49.6,54.4,46.2,45.0,47.4,60.3,58.8,61.8,20.1,18.2,22.0,0.607,7.89,0.199,7.12,6.49,9.33,0.178,4.98,3.79,0.0367,0.541,0.536,43.5,33.0,95,33,600,6.2,15.9,7.9,7.6,7.9,8.0,8.8,7.2,9.7,7.6,9.0,15.9,5.3,12.3,129.0,0,0,0,0,0,0
53.7,53.2,54.2,45.4,45.2,45.6,51.7,51.0,52.4,20.9,16.6,25.2,0.671,8.2,0.211,7.44,6.73,9.91,0.193,5.33,3.95,0.0366,0.55,0.556,43.0,32.0,98,29,600,4.9,18.4,8.9,8.9,8.0,7.6,7.3,9.5,7.5,8.3,7.5,16.9,6.2,12.4,132.0,0,0,0,0,0,0
51.8,51.4,52.2,46.3,44.8,47.8,53.7,53.2,54.2,20.5,19.6,21.4,0.703,8.71,0.222,7.8,7.16,10.2,0.206,5.61,4.14,0.0356,0.564,0.573,42.8,32.0,94,32,600,6.8,14.7,7.5,8.4,10.3,8.5,8.7,9.5,7.5,8.7,7.4,17.3,6.2,12.2,134.0,0,0,0,0,0,0
52.8,52.4,53.2,48.5,47.4,49.6,54.0,53.2,54.8,20.0,17.0,23.0,0.718,8.77,0.226,8.07,7.3,10.7,0.208,5.76,4.29,0.0365,0.567,0.596,42.5,32.0,100,29,600,6.2,17.6,8.0,6.6,8.5,7.6,8.8,7.8,7.7,8.0,8.8,16.6,5.1,10.4,128.0,0,0,0,0,0,0
51.1,53.6,48.6,46.7,44.8,48.6,54.6,56.4,52.8,20.0,22.6,17.4,0.799,9.74,0.251,8.82,8.14,11.8,0.232,6.33,4.78,0.0374,0.596,0.678,42.3,32.0,96,31,600,6.2,15.3,9.4,7.7,8.1,6.9,9.0,7.9,8.1,10.4,8.3,18.5,6.4,12.6,135.0,0,0,0,0,0,0
62.3,61.8,62.8,53.4,50.8,56.0,62.4,63.2,61.6,19.5,21.4,17.6,0.811,9.35,0.246,8.31,7.72,11.6,0.236,5.91,4.5,0.0358,0.584,0.631,72.1,59.0,210,86,800,48.9,20.3,10.4,10.3,10.1,8.8,8.5,10.5,9.5,9.4,9.3,20.2,7.2,15.0,198.0,0,0,0,0,0,0
60.8,60.8,60.8,53.1,53.6,52.6,57.9,57.8,58.0,20.2,21.2,19.2,0.828,9.79,0.25,8.66,7.91,12.1,0.242,6.21,4.68,0.0367,0.588,0.648,63.9,50.0,100,39,800,8.0,23.9,10.8,10.2,10.2,10.7,12.2,10.2,10.2,11.6,12.6,23.9,7.2,16.3,178.0,0,0,0,0,0,0
58.2,57.0,59.4,53.5,54.8,52.2,60.9,58.6,63.2,21.2,18.6,23.8,0.8,9.99,0.249,8.81,8.11,12.5,0.235,6.21,4.73,0.0377,0.334,0.66,60.4,47.0,110,40,800,6.7,23.2,11.1,12.1,11.0,9.6,12.8,10.0,11.2,10.4,10.0,21.7,5.9,17.2,173.0,0,0,0,0,0,0
59.9,58.2,61.6,54.6,56.6,52.6,61.9,62.4,61.4,20.0,19.4,20.6,0.841,10.2,0.26,8.97,8.34,12.9,0.249,6.31,5.09,0.0371,0.35,0.697,58.1,46.0,110,38,800,6.7,24.6,10.5,11.9,11.2,10.5,10.9,10.1,11.1,10.1,11.1,23.3,7.8,14.8,175.0,0,0,0,0,0,0
63.1,61.4,64.8,53.8,52.8,54.8,60.5,59.0,62.0,20.1,20.2,20.0,0.879,10.6,0.266,9.31,8.56,13.2,0.26,6.7,5.09,0.0361,0.359,0.699,56.6,45.0,110,40,800,7.1,23.1,11.9,11.1,10.7,9.8,9.9,11.0,10.3,10.6,12.0,21.2,7.3,16.1,172.0,0,0,0,0,0,0
60.8,59.6,62.0,52.8,53.2,52.4,60.0,58.6,61.4,21.2,23.4,19.0,0.87,10.6,0.268,9.46,8.56,13.7,0.262,6.64,5.35,0.037,0.368,0.715,55.7,44.0,120,38,800,6.9,20.0,10.8,11.0,11.6,11.9,10.9,10.5,11.5,12.1,9.8,21.9,7.3,16.3,173.0,0,0,0,0,0,0
59.6,59.4,59.8,55.7,53.8,57.6,67.2,68.0,66.4,20.7,20.6,20.8,0.896,11.0,0.272,9.56,8.93,14.0,0.261,6.96,5.5,0.0368,0.658,0.736,55.1,43.0,120,41,800,7.7,22.5,10.6,11.0,12.0,11.4,12.4,10.5,11.9,9.4,9.0,21.3,6.8,14.5,171.0,0,0,0,0,0,0
60.2,57.8,62.6,53.4,55.4,51.4,61.7,60.8,62.6,21.2,20.2,22.2,0.963,11.7,0.295,10.5,9.67,15.2,0.28,7.55,5.93,0.0378,0.686,0.801,54.7,43.0,130,39,800,7.2,25.9,10.8,11.0,12.8,13.1,9.9,11.2,10.3,12.4,10.7,23.9,7.0,15.0,181.0,0,0,0,0,0,0
68.6,68.8,68.4,55.6,56.4,54.8,63.0,62.8,63.2,21.2,23.0,19.4,0.902,11.2,0.269,9.88,8.87,14.7,0.252,7.04,5.55,0.0372,0.665,0.717,151.0,110.0,520,230,1000,32.3,27.1,12.3,12.6,12.2,13.1,10.3,12.3,10.4,11.0,13.9,24.6,8.4,17.0,218.0,0,0,0,0,0,0
65.3,65.4,65.2,57.4,56.6,58.2,68.1,68.2,68.0,19.9,20.2,19.6,0.918,11.4,0.277,9.98,9.04,15.1,0.255,7.2,5.68,0.0363,0.67,0.74,132.0,93.0,200,71,1000,12.0,27.7,15.7,14.4,13.3,12.1,12.7,13.7,12.2,13.8,11.9,29.9,9.0,21.5,220.0,0,0,0,0,0,0
67.2,64.2,70.2,56.6,56.0,57.2,63.0,62.2,63.8,20.8,17.6,24.0,0.912,11.6,0.278,10.0,9.08,15.4,0.256,7.0,5.82,0.0363,0.68,0.744,136.0,96.0,400,110,1000,10.3,28.0,12.3,15.0,12.4,13.5,13.0,9.5,13.4,13.9,13.2,26.3,8.2,17.1,206.0,0,0,0,0,0,0
69.1,70.8,67.4,56.2,58.6,53.8,61.1,62.6,59.6,21.3,23.8,18.8,0.939,11.7,0.297,10.4,9.07,16.3,0.269,7.06,6.04,0.0364,0.68,0.771,138.0,97.0,390,100,1000,9.0,28.4,14.3,13.7,12.7,13.1,15.3,15.3,13.4,11.8,14.1,29.3,9.3,17.4,217.0,0,0,0,0,0,0
69.5,70.4,68.6,57.4,57.4,57.4,65.2,63.8,66.6,20.8,19.2,22.4,1.01,11.8,0.303,10.2,9.15,16.5,0.278,7.22,6.13,0.0354,0.4,0.784,134.0,97.0,250,93,1000,10.3,27.4,15.1,13.6,14.3,13.5,12.4,12.6,15.0,13.0,13.4,28.7,9.8,17.4,217.0,0,0,0,0,0,0
67.9,69.4,66.4,54.1,51.6,56.6,66.3,64.6,68.0,20.9,19.6,22.2,1.01,11.8,0.31,10.6,9.2,16.8,0.287,7.24,6.45,0.0362,0.405,0.803,130.0,96.0,240,95,1000,7.9,30.3,14.1,14.6,11.9,13.5,12.9,13.2,12.8,12.9,15.4,28.3,8.6,17.7,214.0,0,0,0,0,0,0
66.3,69.0,63.6,54.2,54.2,54.2,60.7,59.0,62.4,20.5,19.8,21.2,1.07,12.6,0.321,11.0,9.89,18.2,0.3,7.68,6.85,0.0372,0.728,0.874,133.0,99.0,340,140,1000,9.1,27.0,12.9,13.2,11.2,13.1,10.9,14.2,13.5,16.2,13.4,25.4,8.2,18.5,207.0,0,0,0,0,0,0
61.3,62.2,60.4,29.8,30.6,29.0,64.7,64.6,64.8,18.6,17.2,20.0,1.2,13.9,0.362,12.3,11.0,20.2,0.339,8.69,7.68,0.0362,0.768,0.959,133.0,100.0,290,120,1000,8.2,27.6,12.8,14.2,17.0,12.7,15.1,13.1,12.7,14.4,13.9,29.3,9.0,19.2,219.0,0,0,0,0,0,0
51.4,51.0,51.8,45.0,45.4,44.6,49.5,48.4,50.6,20.0,19.4,20.6,0.553,6.82,0.184,6.38,5.79,8.1,0.156,4.6,3.32,0.037,0.246,0.472,44.4,34.0,92,27,600,21.4,18.9,8.8,7.4,8.3,9.4,8.3,8.4,9.5,8.7,9.1,16.8,5.8,10.0,151.0,0,0,0,0,0,0
53.8,54.0,53.6,46.0,43.2,48.8,54.9,56.0,53.8,19.7,20.4,19.0,0.579,7.05,0.187,6.59,6.02,8.45,0.161,4.77,3.49,0.0353,0.255,0.502,43.7,33.0,100,31,600,5.0,17.0,7.3,8.7,8.0,7.3,9.3,8.6,7.8,6.9,8.8,15.9,4.7,10.7,126.0,0,0,0,0,0,0
52.8,52.6,53.0,44.9,44.2,45.6,50.2,50.0,50.4,19.0,18.4,19.6,0.59,7.35,0.193,6.72,6.25,8.8,0.169,4.96,3.65,0.0372,0.264,0.507,42.8,33.0,91,31,600,6.7,17.2,6.4,8.7,9.7,9.9,8.4,6.6,9.7,7.7,8.8,17.5,6.0,10.0,133.0,0,0,0,0,0,0
51.6,49.6,53.6,46.6,46.0,47.2,58.0,57.4,58.6,19.6,18.0,21.2,0.595,7.65,0.192,6.83,6.57,9.34,0.172,5.16,3.73,0.0374,0.564,0.529,42.4,32.0,97,29,600,4.5,14.9,8.5,7.5,8.7,8.0,9.4,7.2,7.3,9.2,8.0,16.7,4.4,13.6,128.0,0,0,0,0,0,0
52.3,52.2,52.4,49.2,48.6,49.8,50.5,49.8,51.2,20.1,18.0,22.2,0.633,7.96,0.2,7.15,6.92,9.63,0.178,5.26,3.93,0.0367,0.569,0.555,41.6,32.0,88,28,600,5.4,17.6,8.3,8.2,8.2,7.3,9.4,10.4,8.0,8.7,8.3,17.3,6.5,10.1,134.0,0,0,0,0,0,0
52.0,53.4,50.6,46.4,45.0,47.8,51.7,50.0,53.4,19.7,21.4,18.0,0.644,8.14,0.21,7.41,7.15,10.1,0.189,5.54,4.18,0.0377,0.586,0.572,41.3,31.0,95,29,600,5.2,17.4,7.8,8.8,8.3,8.5,9.4,6.2,8.5,8.3,8.8,17.6,5.0,10.2,130.0,0,0,0,0,0,0
52.0,50.6,53.4,46.3,44.6,48.0,52.0,52.8,51.2,19.7,19.0,20.4,0.697,8.53,0.218,7.49,7.51,10.6,0.196,5.71,4.34,0.0369,0.596,0.603,41.0,31.0,87,30,600,4.0,15.4,8.1,7.4,9.3,8.0,7.9,8.5,7.8,8.0,8.0,17.5,6.2,12.2,128.0,0,0,0,0,0,0
52.1,52.8,51.4,46.0,47.6,44.4,52.5,51.6,53.4,20.6,24.4,16.8,0.77,9.39,0.239,8.37,8.27,11.7,0.216,6.32,4.7,0.0361,0.618,0.658,41.2,31.0,110,32,600,7.3,15.2,9.1,8.2,7.1,9.1,8.5,8.3,8.4,8.4,7.5,17.2,4.8,12.4,132.0,0,0,0,0,0,0
61.9,61.4,62.4,53.9,54.4,53.4,60.7,60.0,61.4,21.3,23.0,19.6,0.752,9.38,0.232,7.89,7.87,11.4,0.208,5.94,4.49,0.0374,0.61,0.617,69.8,53.0,220,74,800,49.6,20.1,9.5,10.5,10.5,8.2,9.4,9.4,10.4,9.1,10.6,18.7,6.5,13.8,196.0,0,0,0,0,0,0
61.2,59.6,62.8,53.2,53.8,52.6,55.0,55.2,54.8,19.7,21.6,17.8,0.766,9.54,0.239,8.32,7.97,12.0,0.217,6.06,4.58,0.0374,0.618,0.628,62.2,47.0,100,37,800,7.7,22.5,11.0,11.1,11.7,11.9,10.5,10.8,9.9,13.2,9.1,22.0,7.2,15.3,174.0,0,0,0,0,0,0
62.5,61.0,64.0,52.4,50.8,54.0,59.7,60.6,58.8,20.3,22.0,18.6,0.759,9.7,0.249,8.41,8.34,12.3,0.224,6.18,4.79,0.0382,0.337,0.645,59.0,45.0,120,40,800,7.8,21.7,9.6,11.1,10.2,12.5,12.0,11.0,11.3,11.8,11.0,22.7,7.0,14.4,174.0,0,0,0,0,0,0
62.0,60.8,63.2,52.9,51.6,54.2,59.2,57.8,60.6,20.3,18.2,22.4,0.827,9.89,0.253,8.68,8.47,12.6,0.233,6.42,4.85,0.0361,0.348,0.666,56.9,44.0,110,39,800,7.2,23.0,12.5,11.0,10.5,10.8,12.5,10.0,11.5,10.5,10.0,21.2,8.0,15.2,174.0,0,0,0,0,0,0
61.6,61.6,61.6,52.1,51.6,52.6,60.2,58.8,61.6,20.1,20.8,19.4,0.844,10.2,0.262,8.96,8.59,13.3,0.243,6.48,5.13,0.0373,0.353,0.679,56.7,44.0,150,44,800,8.1,20.4,12.1,10.9,8.7,10.2,10.2,10.9,11.6,11.5,12.1,24.5,8.4,15.9,176.0,0,0,0,0,0,0
60.9,60.8,61.0,51.6,52.4,50.8,61.7,62.0,61.4,20.0,20.4,19.6,0.861,10.4,0.265,8.95,8.84,13.6,0.242,6.7,5.17,0.0373,0.36,0.696,55.9,43.0,120,40,800,8.5,22.9,11.7,10.9,11.5,11.2,12.0,9.9,11.1,9.3,9.7,21.1,6.3,13.9,170.0,0,0,0,0,0,0
61.6,59.8,63.4,52.2,54.4,50.0,64.5,63.6,65.4,21.7,25.0,18.4,0.875,10.9,0.271,9.27,8.88,14.2,0.252,6.88,5.41,0.0374,0.649,0.711,55.4,43.0,110,43,800,8.2,20.9,12.4,11.3,10.9,10.4,11.8,11.7,7.7,11.3,8.8,20.1,6.6,17.3,169.0,0,0,0,0,0,0
59.8,59.8,59.8,55.4,54.8,56.0,58.7,59.6,57.8,20.3,19.0,21.6,0.947,11.7,0.289,10.0,9.89,15.4,0.267,7.49,5.91,0.0384,0.679,0.788,54.9,42.0,140,37,800,8.7,24.2,10.9,12.0,12.0,11.0,9.5,10.3,9.8,11.9,10.0,24.1,6.4,13.8,175.0,0,0,0,0,0,0
70.8,71.2,70.4,57.3,55.4,59.2,61.7,60.4,63.0,20.2,21.6,18.8,0.887,11.1,0.271,9.3,9.11,15.0,0.252,6.86,5.6,0.0377,0.654,0.745,162.0,110.0,660,240,1000,31.9,27.1,11.1,9.5,11.9,12.5,13.0,14.1,12.7,13.1,13.5,23.5,8.3,16.3,219.0,0,0,0,0,0,0
67.9,67.0,68.8,57.0,56.8,57.2,65.1,63.2,67.0,21.0,19.4,22.6,0.921,11.4,0.281,9.65,9.2,15.2,0.251,7.08,5.72,0.0379,0.663,0.758,140.0,97.0,180,74,1000,10.9,27.4,15.7,14.1,12.1,13.2,13.7,13.9,13.3,14.4,14.2,30.3,8.9,17.8,220.0,0,0,0,0,0,0
68.7,69.0,68.4,56.9,57.4,56.4,62.4,64.2,60.6,20.3,17.6,23.0,0.913,11.4,0.285,9.7,9.35,15.5,0.255,7.14,5.88,0.0375,0.663,0.771,129.0,92.0,200,75,1000,9.1,27.3,13.4,15.0,11.7,14.8,13.0,12.9,14.4,14.1,13.6,26.3,7.9,19.2,213.0,0,0,0,0,0,0
70.1,71.2,69.0,56.7,56.0,57.4,60.6,61.8,59.4,20.0,20.2,19.8,0.916,11.5,0.29,9.72,9.33,16.0,0.28,7.06,5.98,0.0373,0.666,0.789,136.0,97.0,420,120,1000,9.7,25.7,14.3,12.0,12.9,13.2,13.0,13.3,13.2,11.4,16.6,26.0,8.4,19.3,209.0,0,0,0,0,0,0
67.4,66.8,68.0,56.1,54.5,57.7,65.0,63.8,66.2,21.9,23.0,20.8,0.97,11.5,0.305,9.96,9.41,16.3,0.295,7.33,6.32,0.0366,0.4,0.796,127.0,93.0,180,72,1000,10.2,31.0,11.4,12.4,13.9,13.5,15.0,14.9,14.5,12.8,12.9,30.7,10.8,18.4,222.0,0,0,0,0,0,0
69.0,68.2,69.8,58.5,57.4,59.6,63.3,65.0,61.6,19.7,17.8,21.6,0.994,12.0,0.312,10.2,9.53,16.8,0.301,7.29,6.39,0.0376,0.399,0.8,128.0,93.0,340,100,1000,8.7,27.5,14.5,12.5,12.9,13.0,12.5,12.8,16.0,13.0,14.0,27.1,9.1,16.9,211.0,0,0,0,0,0,0
70.1,70.0,70.2,57.4,56.6,58.2,62.6,62.4,62.8,20.2,24.2,16.2,1.09,12.5,0.341,10.9,10.2,18.1,0.329,7.76,6.82,0.0377,0.706,0.883,127.0,95.0,230,100,1000,10.6,26.6,14.2,13.7,14.9,13.0,13.3,13.6,15.6,15.1,12.8,27.7,9.3,17.7,218.0,0,0,0,0,0,0
62.6,63.8,61.4,28.8,31.2,26.4,62.7,63.8,61.6,19.3,22.8,15.8,1.23,14.0,0.375,12.1,11.4,20.3,0.37,8.81,7.81,0.0377,0.753,0.982,122.0,93.0,180,76,1000,8.0,28.5,13.5,14.5,13.0,12.0,13.3,15.0,13.1,12.1,15.0,27.6,10.4,19.3,215.0,0,0,0,0,0,0
52.2,51.8,52.6,46.6,47.2,46.0,51.3,50.0,52.6,20.2,19.6,20.8,0.572,7.16,0.18,5.99,6.25,8.34,0.169,4.65,3.31,0.0385,0.263,0.488,48.7,36.0,110,31,600,21.9,16.1,9.3,7.7,9.2,9.6,7.9,9.1,7.1,9.2,9.3,18.8,6.0,11.3,153.0,0,0,0,0,0,0
52.5,51.6,53.4,46.2,46.2,46.2,51.4,50.4,52.4,20.2,16.4,24.0,0.597,7.41,0.188,6.29,6.49,8.74,0.176,4.78,3.48,0.0385,0.272,0.504,46.0,35.0,94,32,600,5.3,15.9,7.9,7.2,8.4,7.2,8.6,8.3,9.4,7.7,8.6,16.7,5.7,13.1,130.0,0,0,0,0,0,0
53.3,53.4,53.2,47.2,47.8,46.6,50.3,48.4,52.2,19.3,17.6,21.0,0.622,7.69,0.195,6.56,6.72,9.07,0.179,4.99,3.68,0.0376,0.276,0.517,44.2,33.0,91,29,600,6.9,20.5,7.7,7.7,9.0,6.8,8.0,7.6,8.4,7.7,8.8,17.3,4.6,10.5,132.0,0,0,0,0,0,0
52.0,52.4,51.6,47.1,48.0,46.2,52.1,51.0,53.2,20.7,17.8,23.6,0.617,7.94,0.195,6.97,6.8,9.48,0.189,5.15,3.83,0.0374,0.557,0.542,42.8,33.0,82,30,600,6.0,17.4,7.4,8.6,8.6,6.9,7.5,8.4,7.6,8.7,8.9,15.8,5.3,13.0,130.0,0,0,0,0,0,0
52.6,53.2,52.0,44.9,42.6,47.2,53.6,53.2,54.0,19.8,22.0,17.6,0.639,8.21,0.201,7.14,7.09,9.96,0.191,5.3,3.93,0.0382,0.566,0.553,42.2,33.0,86,31,600,4.8,18.5,8.7,7.5,8.6,9.2,7.8,7.9,7.8,7.4,8.5,17.1,6.8,11.5,132.0,0,0,0,0,0,0
53.0,51.6,54.4,45.5,46.0,45.0,52.2,52.8,51.6,19.4,19.4,19.4,0.678,8.5,0.211,7.46,7.22,10.3,0.209,5.61,4.13,0.0372,0.575,0.587,42.0,32.0,100,30,600,6.3,17.1,8.1,7.6,9.1,8.1,8.2,8.6,8.9,8.2,6.8,17.6,5.4,11.9,132.0,0,0,0,0,0,0
51.7,50.8,52.6,46.0,44.6,47.4,52.4,51.0,53.8,19.0,15.4,22.6,0.722,8.86,0.225,7.88,7.5,10.6,0.224,5.76,4.23,0.0383,0.584,0.61,42.0,32.0,100,30,600,5.6,18.2,7.8,6.5,7.2,9.5,7.5,7.9,7.8,7.7,8.7,16.4,6.4,11.5,129.0,0,0,0,0,0,0
53.9,53.6,54.2,48.3,46.2,50.4,51.0,50.2,51.8,20.7,17.8,23.6,0.783,9.57,0.242,8.53,8.13,11.8,0.243,6.32,4.6,0.0361,0.612,0.677,41.7,32.0,88,31,600,6.0,18.8,7.0,7.3,7.9,9.2,8.9,7.6,8.8,7.8,9.2,15.6,4.4,9.8,128.0,0,0,0,0,0,0
66.1,67.6,64.6,52.4,51.0,53.8,61.8,62.4,61.2,20.5,22.0,19.0,0.777,9.52,0.234,7.94,7.83,11.4,0.222,5.81,4.36,0.0374,0.592,0.618,77.8,61.0,230,93,800,46.8,20.3,11.2,10.9,9.3,10.8,9.1,10.0,10.7,10.9,9.8,19.9,6.6,13.3,200.0,0,0,0,0,0,0
61.2,61.2,61.2,50.6,49.8,51.4,57.6,57.8,57.4,20.1,23.6,16.6,0.797,9.75,0.251,8.15,8.08,12.0,0.238,6.08,4.62,0.0364,0.329,0.656,68.9,53.0,110,43,800,8.7,21.8,10.4,10.8,11.1,11.2,11.3,10.1,12.2,10.9,10.5,26.0,9.9,15.8,181.0,0,0,0,0,0,0
57.6,58.0,57.2,52.7,50.6,54.7,58.7,60.0,57.4,20.8,18.6,23.0,0.809,9.86,0.242,8.46,8.34,12.4,0.236,6.19,4.71,0.0363,0.339,0.646,63.5,49.0,110,37,800,6.7,23.2,9.5,10.8,11.1,10.9,11.7,11.0,10.8,12.1,8.4,20.4,6.2,15.9,169.0,0,0,0,0,0,0
61.2,60.8,61.6,53.7,53.8,53.6,59.5,59.8,59.2,20.6,20.8,20.4,0.822,10.0,0.252,8.53,8.45,12.8,0.239,6.4,4.93,0.0363,0.344,0.671,60.4,46.0,110,39,800,7.5,22.6,11.8,12.5,8.5,10.8,9.4,10.3,10.7,11.8,12.4,19.9,5.9,15.6,170.0,0,0,0,0,0,0
60.0,60.2,59.8,54.0,52.6,55.4,58.7,57.2,60.2,21.1,21.0,21.2,0.845,10.3,0.26,8.82,8.81,13.3,0.24,6.52,5.06,0.0363,0.356,0.697,60.4,47.0,160,48,800,7.8,20.8,10.3,10.5,11.2,10.4,10.3,11.1,9.8,10.8,12.0,23.7,8.0,16.4,173.0,0,0,0,0,0,0
62.1,62.2,62.0,54.2,55.6,52.8,62.7,60.6,64.8,21.2,19.8,22.6,0.888,10.5,0.272,9.06,8.88,13.9,0.258,6.7,5.32,0.0373,0.368,0.704,59.0,46.0,120,43,800,8.2,21.8,10.2,11.4,11.2,9.8,10.7,11.8,11.2,11.7,11.0,24.9,8.6,15.2,178.0,0,0,0,0,0,0
62.6,61.6,63.6,51.6,52.0,51.2,62.1,61.2,63.0,20.8,23.2,18.4,0.946,11.1,0.282,9.33,8.99,14.1,0.269,6.84,5.42,0.0363,0.669,0.733,58.4,46.0,120,44,800,8.1,21.7,10.8,11.3,12.6,9.6,10.3,10.0,12.9,10.4,10.9,25.2,8.4,15.8,178.0,0,0,0,0,0,0
63.0,61.2,64.8,52.1,51.2,53.0,61.2,60.0,62.4,22.3,24.4,20.2,1.04,11.9,0.31,10.1,9.96,15.6,0.306,7.57,5.89,0.0363,0.69,0.818,57.2,45.0,110,38,800,6.8,21.8,9.4,11.2,10.8,12.0,9.5,11.0,11.3,9.7,10.6,21.9,8.3,17.6,172.0,0,0,0,0,0,0
68.4,65.2,71.6,57.6,56.6,58.6,66.3,65.4,67.2,21.8,23.6,20.0,0.952,11.5,0.285,9.97,8.89,14.8,0.274,7.0,5.49,0.0368,0.673,0.739,146.0,110.0,500,220,1000,32.5,26.1,12.6,13.4,10.5,13.0,11.7,13.0,13.2,12.3,13.5,25.4,7.6,16.2,221.0,0,0,0,0,0,0
68.7,67.4,70.0,54.7,55.6,53.8,63.6,65.2,62.0,20.7,19.4,22.0,0.988,11.6,0.301,10.1,8.93,15.5,0.282,7.05,5.77,0.0369,0.682,0.745,131.0,98.0,210,78,1000,9.9,29.7,13.9,11.9,13.9,12.4,13.6,15.3,13.6,15.1,13.1,29.0,11.1,17.2,220.0,0,0,0,0,0,0
65.8,63.8,67.8,57.1,57.2,57.0,65.2,64.2,66.2,22.4,22.4,22.4,1.01,11.7,0.301,10.4,8.82,15.8,0.281,7.12,5.88,0.0369,0.693,0.779,121.0,92.0,200,78,1000,9.2,28.0,12.7,14.9,14.7,14.7,13.4,13.6,12.5,13.2,14.2,28.2,8.4,17.3,215.0,0,0,0,0,0,0
67.1,66.4,67.8,54.7,54.2,55.2,63.2,61.6,64.8,21.6,23.8,19.4,1.01,11.6,0.302,10.4,8.93,16.0,0.28,7.17,6.07,0.036,0.467,0.771,114.0,88.0,180,75,1000,9.8,27.6,15.0,14.1,15.5,12.0,13.7,11.8,13.9,14.5,11.8,28.5,9.0,16.8,214.0,0,0,0,0,0,0
68.4,67.0,69.8,55.8,54.0,57.6,67.7,68.2,67.2,20.2,20.0,20.4,1.0,11.7,0.304,10.5,9.12,16.2,0.282,7.24,6.2,0.038,0.412,0.792,117.0,91.0,330,110,1000,9.4,28.0,14.1,15.8,11.7,10.9,12.5,12.9,12.8,14.8,15.1,28.4,10.1,17.4,214.0,0,0,0,0,0,0
69.2,68.6,69.8,55.0,54.2,55.8,73.5,73.0,74.0,21.4,22.0,20.8,1.02,12.1,0.314,10.9,9.14,16.9,0.287,7.37,6.35,0.0383,0.721,0.823,112.0,88.0,180,72,1000,9.9,27.5,12.8,13.5,13.0,12.4,14.0,13.4,14.2,14.7,13.7,28.2,8.7,19.3,215.0,0,0,0,0,0,0
67.1,66.4,67.8,57.6,57.8,57.4,65.8,66.2,65.4,20.9,22.8,19.0,1.11,12.8,0.343,11.5,9.77,18.1,0.32,7.94,6.82,0.0385,0.744,0.891,114.0,89.0,360,98,1000,9.4,30.3,12.9,13.4,14.2,13.0,14.6,13.2,12.1,14.0,15.1,29.3,9.3,16.8,218.0,0,0,0,0,0,0
61.6,62.4,60.8,29.3,25.6,33.0,64.4,63.8,65.0,19.2,17.8,20.6,1.24,14.3,0.378,12.9,10.9,20.2,0.355,8.76,7.67,0.0377,0.788,0.987,115.0,90.0,310,95,1000,8.8,29.1,11.4,13.5,12.8,12.1,12.9,14.4,14.0,16.5,12.6,26.8,9.2,15.6,210.0,0,0,0,0,0,0
54.1,56.8,51.4,47.1,48.8,45.4,52.0,51.4,52.6,19.8,20.4,19.2,0.539,7.01,0.169,6.06,6.01,8.05,0.147,4.58,3.17,0.0371,0.257,0.468,46.5,35.0,110,32,600,23.5,17.7,7.2,8.3,7.9,7.1,9.5,8.3,6.9,9.2,9.1,15.8,4.5,13.7,149.0,0,0,0,0,0,0
51.4,51.6,51.2,48.5,50.2,46.8,51.8,53.0,50.6,20.1,22.6,17.6,0.569,7.25,0.18,6.27,6.23,8.42,0.156,4.68,3.39,0.0371,0.265,0.484,44.4,33.0,92,30,600,5.1,17.8,7.2,7.7,7.1,8.1,8.1,8.5,8.9,8.2,8.9,18.2,6.6,10.6,131.0,0,0,0,0,0,0
53.1,53.2,53.0,48.1,46.2,50.0,50.1,51.2,49.0,21.6,20.0,23.2,0.609,7.67,0.193,6.57,6.6,8.96,0.169,4.91,3.56,0.0369,0.274,0.524,42.9,32.0,92,29,600,6.0,18.2,8.1,8.8,7.1,8.8,8.5,7.5,8.0,7.7,8.5,16.6,5.7,11.8,131.0,0,0,0,0,0,0
50.3,51.2,49.4,43.9,43.4,44.4,57.4,55.6,59.2,19.7,16.2,23.2,0.646,7.82,0.203,6.87,6.81,9.36,0.179,5.1,3.76,0.0372,0.582,0.542,42.9,33.0,97,33,600,5.6,15.5,8.9,8.5,7.8,8.1,9.4,9.5,7.2,8.9,7.0,20.0,6.6,10.9,134.0,0,0,0,0,0,0
52.0,52.6,51.4,49.2,47.8,50.6,50.8,51.2,50.4,21.3,22.8,19.8,0.664,8.06,0.203,7.1,7.19,9.72,0.181,5.25,3.98,0.0364,0.591,0.56,42.1,32.0,84,29,600,7.0,16.0,9.1,7.3,5.9,8.3,6.7,7.6,8.8,7.9,9.3,15.7,4.8,9.7,124.0,0,0,0,0,0,0
54.7,56.0,53.4,46.5,45.2,47.8,52.0,50.8,53.2,20.7,22.4,19.0,0.69,8.45,0.216,7.32,7.38,10.2,0.193,5.65,4.16,0.0373,0.601,0.583,41.8,32.0,88,32,600,6.5,17.4,8.6,9.5,7.1,8.9,7.2,9.0,7.7,9.0,9.2,18.4,5.7,9.5,134.0,0,0,0,0,0,0
58.3,57.6,59.0,45.9,44.6,47.2,51.6,50.6,52.6,20.2,22.2,18.2,0.71,8.79,0.22,7.59,7.79,10.7,0.194,5.78,4.35,0.0363,0.607,0.598,41.8,33.0,98,34,600,6.0,16.4,7.8,8.6,9.7,8.8,8.7,8.6,7.0,10.4,7.5,18.6,5.5,11.1,135.0,0,0,0,0,0,0
53.0,51.6,54.4,44.9,44.2,45.6,52.5,51.4,53.6,19.6,17.2,22.0,0.802,9.65,0.243,8.29,8.51,11.8,0.223,6.33,4.72,0.0382,0.637,0.667,41.5,32.0,89,32,600,6.9,18.1,10.1,6.7,8.6,7.4,8.0,7.2,8.3,7.1,8.4,18.5,5.8,13.0,134.0,0,0,0,0,0,0
64.8,63.8,65.8,52.7,53.8,51.6,62.3,62.6,62.0,20.3,22.6,18.0,0.78,9.25,0.24,7.92,8.06,11.6,0.215,5.99,4.52,0.0366,0.625,0.64,70.6,55.0,210,81,800,46.6,20.7,10.8,9.3,10.0,8.4,10.9,9.1,9.1,10.2,9.2,21.0,7.5,12.4,195.0,0,0,0,0,0,0
62.4,62.2,62.6,53.8,52.6,55.0,60.9,60.8,61.0,21.2,19.8,22.6,0.799,9.5,0.244,8.33,8.15,12.0,0.225,6.16,4.66,0.0385,0.63,0.647,63.9,49.0,120,41,800,8.1,24.4,11.2,10.7,11.0,11.7,10.5,10.0,9.8,11.7,11.4,23.5,8.9,15.3,178.0,0,0,0,0,0,0
61.2,62.4,60.0,52.4,50.6,54.2,59.1,59.6,58.6,21.4,24.4,18.4,0.808,9.78,0.254,8.7,8.43,12.6,0.242,6.34,4.87,0.0375,0.35,0.666,60.7,47.0,120,42,800,7.8,23.3,10.7,12.0,10.6,11.9,9.1,10.9,10.5,11.0,11.4,22.5,6.1,16.6,174.0,0,0,0,0,0,0
61.9,63.4,60.4,51.6,50.2,53.0,60.4,59.0,61.8,20.6,21.2,20.0,0.883,10.3,0.269,8.91,8.42,13.0,0.251,6.57,4.97,0.0374,0.352,0.683,59.1,46.0,130,43,800,7.1,21.8,10.7,11.0,10.8,9.6,12.1,11.8,10.1,11.2,12.0,24.2,9.8,14.6,177.0,0,0,0,0,0,0
61.5,61.6,61.4,53.1,54.8,51.4,60.7,61.0,60.4,22.2,25.4,19.0,0.937,10.4,0.283,9.16,8.55,13.4,0.264,6.59,5.09,0.038,0.358,0.715,57.6,46.0,110,42,800,8.7,23.7,10.4,9.6,11.3,12.8,11.1,11.5,11.1,10.3,11.0,23.4,8.2,15.7,179.0,0,0,0,0,0,0
61.4,61.6,61.2,52.3,51.6,53.0,60.1,60.2,60.0,20.7,21.4,20.0,0.938,10.8,0.284,9.47,8.57,13.9,0.273,6.71,5.36,0.0372,0.37,0.721,57.2,46.0,130,43,800,8.9,24.5,11.5,9.3,11.9,9.5,10.1,11.2,11.8,9.3,10.5,23.3,7.1,17.3,176.0,0,0,0,0,0,0
61.0,60.8,61.2,51.3,52.2,50.4,58.9,58.2,59.6,20.0,19.0,21.0,0.955,10.9,0.295,9.62,8.75,14.2,0.27,6.92,5.45,0.0374,0.666,0.743,56.7,45.0,120,41,800,7.3,21.7,11.0,11.3,10.1,10.0,11.9,11.2,13.2,10.5,11.3,25.5,7.9,14.8,178.0,0,0,0,0,0,0
65.6,65.2,66.0,52.9,51.2,54.6,61.3,62.4,60.2,21.0,21.0,21.0,1.06,11.8,0.321,10.4,9.51,15.7,0.299,7.54,5.9,0.0372,0.693,0.822,56.7,45.0,140,44,800,7.2,20.7,11.3,10.3,10.2,10.7,11.4,12.0,10.9,10.9,12.3,21.5,7.6,14.6,172.0,0,0,0,0,0,0
70.8,69.4,72.2,56.7,56.4,57.0,66.3,66.6,66.0,21.2,20.4,22.0,0.942,11.3,0.291,10.0,8.82,15.2,0.273,6.98,5.61,0.0363,0.669,0.755,161.0,110.0,570,240,1000,29.4,27.9,12.9,13.0,13.0,11.6,12.6,10.9,13.1,12.2,12.3,24.5,7.2,16.0,217.0,0,0,0,0,0,0
67.0,67.0,67.0,55.2,55.0,55.4,65.1,63.4,66.8,20.7,19.6,21.8,0.952,11.5,0.3,9.95,8.97,15.0,0.274,7.08,5.81,0.0364,0.671,0.77,142.0,99.0,230,74,1000,11.0,29.4,13.9,13.7,12.6,13.3,13.8,15.3,10.7,14.6,13.2,29.5,10.2,18.6,220.0,0,0,0,0,0,0
67.3,68.6,66.0,56.5,56.4,56.6,65.5,66.0,65.0,21.1,22.0,20.2,0.968,11.5,0.303,10.2,8.83,15.6,0.276,7.25,5.93,0.0374,0.672,0.77,129.0,90.0,190,74,1000,9.5,28.8,11.0,13.6,11.6,16.2,14.0,12.8,12.7,13.1,13.9,26.8,9.6,19.5,213.0,0,0,0,0,0,0
70.3,69.0,71.6,56.1,56.4,55.8,66.4,66.6,66.2,20.3,20.2,20.4,1.01,11.7,0.316,10.5,8.96,15.8,0.285,7.24,6.11,0.0366,0.43,0.793,131.0,95.0,330,110,1000,9.9,29.6,13.3,13.9,13.8,10.6,13.7,13.4,13.6,13.6,14.8,26.5,9.1,17.9,214.0,0,0,0,0,0,0
69.3,70.8,67.8,55.7,54.4,57.0,65.6,64.8,66.4,20.6,21.0,20.2,1.02,11.9,0.313,10.6,8.98,16.3,0.288,7.38,6.31,0.0385,0.394,0.803,125.0,92.0,200,78,1000,9.8,27.0,16.0,12.4,11.7,13.5,13.8,15.2,14.7,15.0,14.3,28.8,9.6,18.9,221.0,0,0,0,0,0,0
66.9,66.2,67.6,55.9,55.0,56.8,73.0,73.2,72.8,20.9,18.4,23.4,1.01,11.9,0.318,10.9,9.01,17.1,0.292,7.31,6.42,0.0377,0.707,0.808,121.0,92.0,210,89,1000,7.7,26.7,14.6,13.5,13.1,12.0,15.2,12.2,13.5,14.2,14.2,27.2,9.3,18.3,212.0,0,0,0,0,0,0
70.4,70.6,70.2,57.5,56.6,58.4,64.8,64.4,65.2,21.2,20.0,22.4,1.08,12.6,0.344,11.4,9.77,18.1,0.315,7.76,6.92,0.0379,0.729,0.884,122.0,94.0,320,110,1000,9.5,28.6,14.5,11.3,14.0,14.1,15.3,13.9,12.9,14.2,11.3,26.8,8.7,18.6,214.0,0,0,0,0,0,0
62.9,62.6,63.2,26.8,28.8,24.8,64.0,62.2,65.8,19.9,18.2,21.6,1.24,14.0,0.38,12.9,10.8,20.2,0.348,8.86,7.71,0.039,0.771,0.967,120.0,93.0,230,86,1000,9.3,29.1,13.8,13.9,15.5,15.4,12.6,12.5,14.6,12.5,13.5,24.0,8.6,17.5,213.0,0,0,0,0,0,0
52.9,51.2,54.6,48.3,50.0,46.6,49.8,49.6,50.0,20.0,17.8,22.2,0.501,6.97,0.164,6.2,5.88,7.92,0.148,4.45,3.19,0.0377,0.248,0.468,44.0,32.0,110,29,600,24.0,18.9,9.4,7.3,7.4,8.1,7.0,7.8,7.4,8.5,9.4,15.4,4.8,9.5,145.0,0,0,0,0,0,0
51.0,51.6,50.4,50.9,52.0,49.8,52.8,52.8,52.8,20.1,17.4,22.8,0.533,7.22,0.171,6.59,6.14,8.42,0.153,4.73,3.41,0.0378,0.256,0.483,43.6,32.0,100,31,600,4.9,19.6,7.4,8.3,9.3,9.2,8.6,7.0,7.7,9.5,7.6,20.3,5.0,11.2,136.0,0,0,0,0,0,0
51.4,51.4,51.4,48.1,50.0,46.2,52.7,54.6,50.8,19.4,16.2,22.6,0.533,7.44,0.179,6.71,6.21,8.95,0.158,4.87,3.58,0.0386,0.265,0.504,42.8,32.0,95,30,600,5.6,17.0,9.1,9.5,8.7,7.6,7.7,7.7,9.9,8.0,8.8,16.5,5.8,9.3,131.0,0,0,0,0,0,0
51.9,51.0,52.8,45.2,46.4,44.0,59.9,60.8,59.0,19.2,20.6,17.8,0.591,7.81,0.187,7.1,6.46,9.38,0.171,5.14,3.76,0.0378,0.558,0.532,42.7,32.0,95,30,600,6.1,18.6,7.4,6.8,9.5,8.2,6.6,8.1,8.8,9.2,7.4,17.5,5.2,10.9,130.0,0,0,0,0,0,0
55.5,56.2,54.8,48.6,48.4,48.8,53.7,53.2,54.2,19.6,22.4,16.8,0.608,8.15,0.204,7.54,6.74,9.71,0.178,5.27,3.97,0.0386,0.567,0.551,42.2,31.0,85,30,600,6.2,17.0,6.7,8.0,10.0,8.0,7.4,9.7,8.2,8.1,7.2,17.7,5.6,11.2,131.0,0,0,0,0,0,0
51.8,50.8,52.8,47.2,49.0,45.4,50.9,51.4,50.4,21.6,21.8,21.4,0.682,8.51,0.215,7.77,6.89,10.2,0.195,5.63,4.11,0.0374,0.58,0.584,41.9,31.0,93,30,600,5.3,16.6,8.2,8.7,7.6,8.1,8.7,8.8,8.3,7.4,9.6,17.6,6.2,11.9,133.0,0,0,0,0,0,0
50.9,49.4,52.4,45.8,47.4,44.2,51.8,52.4,51.2,20.1,21.6,18.6,0.687,8.75,0.217,8.21,7.19,10.5,0.196,5.77,4.33,0.0373,0.585,0.599,41.4,31.0,89,29,600,5.1,18.1,9.7,9.2,8.2,8.2,9.1,8.6,8.2,7.3,7.1,18.1,6.5,10.2,134.0,0,0,0,0,0,0
50.6,49.8,51.4,47.2,48.2,46.2,50.7,49.8,51.6,19.8,20.4,19.2,0.753,9.47,0.237,8.78,7.82,11.7,0.219,6.41,4.72,0.0373,0.615,0.68,41.1,31.0,90,29,600,6.1,18.2,7.6,10.2,8.9,7.7,9.5,7.8,6.6,7.3,7.2,17.2,4.7,10.4,129.0,0,0,0,0,0,0
63.4,62.4,64.4,54.0,54.8,53.2,61.9,62.8,61.0,20.2,21.4,19.0,0.761,9.29,0.227,8.29,7.44,11.4,0.218,6.0,4.5,0.0361,0.6,0.633,67.2,52.0,200,68,800,48.7,22.2,6.8,10.4,10.2,10.0,9.6,9.1,11.5,10.8,11.3,17.1,5.9,13.0,197.0,0,0,0,0,0,0
59.9,61.4,58.4,51.0,50.4,51.6,56.2,55.8,56.6,22.0,24.2,19.8,0.823,9.55,0.245,8.52,7.64,11.7,0.228,6.14,4.63,0.0363,0.608,0.634,60.8,47.0,110,37,800,10.0,25.7,11.1,9.5,10.0,10.6,10.7,10.9,10.7,10.7,10.8,24.0,9.4,13.5,178.0,0,0,0,0,0,0
61.2,59.6,62.8,51.6,52.0,51.2,59.8,60.0,59.6,20.1,18.2,22.0,0.848,9.81,0.253,8.88,7.92,12.3,0.236,6.35,4.84,0.0374,0.341,0.659,57.6,45.0,110,37,800,8.1,20.3,10.5,12.2,11.5,12.5,10.6,11.2,11.7,10.0,12.1,21.0,6.5,13.7,172.0,0,0,0,0,0,0
57.0,58.4,55.6,52.1,52.0,52.2,60.7,59.6,61.8,20.0,17.4,22.6,0.849,10.1,0.252,9.09,7.96,12.7,0.242,6.39,4.98,0.0381,0.346,0.674,55.9,43.0,110,39,800,7.3,20.8,11.4,11.3,11.2,10.9,11.3,12.0,10.4,10.8,8.8,24.0,7.8,16.0,174.0,0,0,0,0,0,0
61.0,60.6,61.4,52.3,52.2,52.4,60.1,60.6,59.6,20.3,23.8,16.8,0.881,10.2,0.271,9.1,8.22,13.0,0.252,6.56,5.12,0.0372,0.36,0.695,55.2,43.0,120,40,800,8.0,23.5,11.6,9.8,9.5,11.5,9.3,11.3,10.6,11.4,11.3,21.7,7.7,16.7,174.0,0,0,0,0,0,0
58.0,59.2,56.8,52.8,53.2,52.4,61.0,60.4,61.6,21.1,20.6,21.6,0.907,10.5,0.28,9.32,8.44,13.4,0.265,6.79,5.24,0.0374,0.365,0.709,54.7,43.0,110,42,800,6.9,21.4,10.3,8.9,11.9,11.0,12.3,10.5,10.9,10.9,10.1,23.1,8.3,14.4,171.0,0,0,0,0,0,0
61.6,62.2,61.0,52.7,51.3,54.1,67.5,67.4,67.6,21.5,20.6,22.4,0.944,10.7,0.289,9.68,8.61,14.0,0.272,6.98,5.5,0.0375,0.682,0.728,54.4,43.0,130,42,800,7.2,24.2,10.0,11.4,12.1,11.7,9.1,10.4,11.2,10.9,11.7,22.1,7.6,14.3,174.0,0,0,0,0,0,0
62.4,61.6,63.2,53.2,53.4,53.0,56.1,55.2,57.0,20.9,24.2,17.6,1.02,11.4,0.311,10.4,9.48,15.3,0.295,7.51,5.89,0.0366,0.706,0.804,54.7,43.0,140,46,800,7.6,21.4,12.1,11.4,11.1,11.2,11.7,9.7,10.9,11.9,11.5,22.5,7.0,13.6,174.0,0,0,0,0,0,0
68.8,68.0,69.6,54.2,55.0,53.4,62.5,63.2,61.8,21.0,20.8,21.2,0.921,11.3,0.287,9.78,8.72,14.8,0.273,6.83,5.58,0.0375,0.68,0.739,125.0,100.0,400,180,1000,33.9,26.2,11.4,11.2,11.2,11.6,13.6,11.9,13.9,12.0,12.2,24.1,8.1,17.4,219.0,0,0,0,0,0,0
67.8,65.2,70.4,56.2,55.4,57.0,64.8,63.2,66.4,20.6,22.2,19.0,0.944,11.4,0.29,9.81,8.86,15.2,0.276,6.97,5.77,0.0374,0.69,0.752,132.0,100.0,470,96,1000,11.3,29.0,15.4,11.9,13.3,14.7,13.9,14.7,13.0,13.0,11.6,27.2,8.6,19.9,218.0,0,0,0,0,0,0
68.2,68.8,67.6,55.8,54.6,57.0,63.3,62.4,64.2,20.9,20.2,21.6,0.935,11.4,0.29,10.0,8.83,15.3,0.275,7.06,5.99,0.0386,0.693,0.757,128.0,100.0,260,100,1000,7.7,30.2,14.3,10.8,15.2,13.2,11.8,14.8,12.1,14.5,14.1,26.3,7.9,17.3,210.0,0,0,0,0,0,0
68.6,67.4,69.8,54.4,52.6,56.2,63.9,64.2,63.6,21.4,21.6,21.2,0.972,11.3,0.302,10.1,8.89,16.0,0.28,7.11,6.0,0.0376,0.695,0.778,122.0,96.0,220,80,1000,9.4,29.9,14.4,12.1,14.0,15.0,11.9,12.6,13.7,15.2,13.1,25.6,9.4,21.0,217.0,0,0,0,0,0,0
68.2,66.2,70.2,57.4,58.0,56.8,65.4,64.6,66.2,21.9,25.4,18.4,1.0,11.5,0.31,10.4,9.07,16.5,0.29,7.27,6.11,0.0377,0.391,0.792,123.0,97.0,320,110,1000,8.5,28.4,13.0,14.0,13.0,12.2,12.9,15.0,14.5,13.5,12.5,30.2,10.6,17.1,215.0,0,0,0,0,0,0
69.8,66.8,72.8,55.5,53.6,57.4,61.8,61.6,62.0,20.3,18.4,22.2,1.02,11.8,0.304,10.4,9.06,16.9,0.296,7.1,6.23,0.0376,0.399,0.809,126.0,98.0,400,100,1000,10.5,28.8,12.0,13.4,12.6,14.1,13.4,14.1,13.3,14.5,13.3,27.2,9.0,18.1,214.0,0,0,0,0,0,0
68.4,68.2,68.6,55.7,55.4,56.0,65.1,66.8,63.4,20.2,16.8,23.6,1.11,12.3,0.337,11.1,9.74,18.3,0.317,7.65,6.84,0.0376,0.739,0.871,126.0,99.0,300,100,1000,10.1,28.3,13.3,13.2,13.3,15.3,14.5,11.4,14.9,13.8,11.6,29.9,9.9,18.6,218.0,0,0,0,0,0,0
63.2,63.0,63.4,29.7,28.6,30.8,63.9,63.6,64.2,19.8,16.4,23.2,1.23,13.9,0.368,12.5,10.9,20.3,0.351,8.72,7.65,0.0367,0.786,0.963,124.0,97.0,270,88,1000,10.3,27.2,12.2,12.4,13.7,14.0,16.4,15.0,12.5,12.3,14.6,26.6,8.4,16.8,212.0,0,0,0,0,0,0
53.0,53.0,53.0,45.5,46.4,44.6,51.6,53.6,49.6,19.8,22.6,17.0,0.549,7.12,0.175,6.23,6.06,8.36,0.153,4.55,3.35,0.0364,0.265,0.484,44.2,34.0,98,32,600,22.5,18.4,7.1,8.6,9.0,9.0,8.3,6.9,9.0,7.7,8.3,17.9,6.0,11.0,150.0,0,0,0,0,0,0
51.0,49.4,52.6,46.7,44.8,48.6,50.1,51.4,48.8,19.6,18.8,20.4,0.565,7.34,0.18,6.42,6.32,8.66,0.159,4.75,3.45,0.0362,0.269,0.492,42.5,32.0,87,28,600,5.7,18.1,9.4,7.7,7.1,9.4,7.1,8.5,8.1,7.7,8.8,15.9,5.6,10.7,130.0,0,0,0,0,0,0
53.4,53.0,53.8,47.2,46.8,47.6,49.6,47.6,51.6,19.2,22.0,16.4,0.569,7.53,0.184,6.73,6.58,8.98,0.161,4.98,3.66,0.0371,0.274,0.501,41.0,31.0,83,26,600,6.7,17.3,8.1,9.2,8.0,7.1,8.1,7.7,6.3,7.9,8.8,15.5,5.1,11.1,127.0,0,0,0,0,0,0
52.1,50.4,53.8,46.8,48.2,45.4,50.4,50.8,50.0,19.5,16.2,22.8,0.599,7.93,0.192,6.99,6.8,9.3,0.179,5.16,3.77,0.037,0.55,0.521,40.6,31.0,88,30,600,5.9,18.3,6.9,7.9,8.9,8.3,10.2,7.8,7.7,7.5,8.9,16.4,5.7,11.3,132.0,0,0,0,0,0,0
51.6,50.0,53.2,45.7,44.8,46.6,52.6,51.6,53.6,19.5,21.2,17.8,0.646,8.21,0.207,7.24,6.96,9.77,0.189,5.39,3.96,0.037,0.56,0.547,40.2,31.0,90,29,600,5.6,16.7,8.1,8.6,8.5,8.2,8.5,8.8,8.0,9.8,8.0,17.5,5.9,9.4,132.0,0,0,0,0,0,0
51.6,53.4,49.8,46.6,47.6,45.6,50.6,52.4,48.8,19.2,22.8,15.6,0.68,8.37,0.212,7.46,7.2,10.2,0.196,5.53,4.19,0.0361,0.569,0.578,40.6,31.0,110,31,600,5.8,16.9,7.8,8.2,8.3,8.4,9.3,9.3,7.2,8.6,9.0,18.0,6.1,10.5,133.0,0,0,0,0,0,0
52.1,52.4,51.8,47.1,47.8,46.4,50.5,51.0,50.0,20.4,20.6,20.2,0.741,8.64,0.224,7.78,7.47,10.6,0.211,5.76,4.33,0.038,0.578,0.601,40.6,31.0,92,32,600,4.8,19.8,8.1,7.9,7.7,8.0,9.1,8.6,9.2,8.1,9.1,17.8,6.4,11.4,136.0,0,0,0,0,0,0
53.6,52.4,54.8,47.7,48.8,46.6,54.6,53.0,56.2,20.3,20.0,20.6,0.813,9.47,0.251,8.47,8.29,11.6,0.236,6.37,4.76,0.0372,0.605,0.672,40.5,31.0,94,31,600,4.7,17.1,8.8,8.1,6.8,7.0,7.7,8.6,7.9,10.4,9.1,16.5,5.7,9.5,128.0,0,0,0,0,0,0
66.2,66.4,66.0,52.6,52.0,53.2,62.4,62.4,62.4,20.7,19.2,22.2,0.787,9.12,0.243,8.14,7.82,11.3,0.225,5.9,4.5,0.0371,0.593,0.632,80.3,63.0,240,99,800,46.4,18.6,11.3,9.6,11.9,8.2,9.6,9.3,9.1,10.3,8.8,22.0,6.5,12.4,194.0,0,0,0,0,0,0
60.3,59.6,61.0,52.6,51.0,54.2,58.7,60.0,57.4,22.4,20.4,24.4,0.812,9.5,0.25,8.38,8.06,11.9,0.231,6.06,4.69,0.0363,0.481,0.644,69.0,53.0,100,37,800,9.0,24.1,11.7,11.6,11.6,11.4,10.6,11.3,10.7,12.1,11.8,23.3,8.2,14.7,182.0,0,0,0,0,0,0
60.4,60.0,60.8,52.5,50.8,54.2,58.5,57.0,60.0,20.9,22.8,19.0,0.87,9.66,0.26,8.42,8.21,12.3,0.249,6.31,4.93,0.0371,0.338,0.666,64.5,49.0,120,39,800,8.5,24.6,13.2,10.1,12.0,9.1,8.2,10.5,11.3,10.2,11.7,22.8,8.2,12.5,173.0,0,0,0,0,0,0
62.6,62.6,62.6,53.7,55.8,51.6,61.3,61.0,61.6,20.6,17.0,24.2,0.876,9.89,0.271,8.79,8.4,12.8,0.254,6.47,5.07,0.0373,0.344,0.686,62.0,48.0,120,44,800,7.8,22.2,11.0,10.9,12.3,10.6,10.7,12.7,13.6,11.7,9.7,23.6,8.0,14.9,180.0,0,0,0,0,0,0
64.2,64.2,64.2,52.0,51.6,52.4,58.6,60.2,57.0,21.8,24.0,19.6,0.904,10.3,0.28,8.99,8.54,13.0,0.253,6.75,5.25,0.0361,0.359,0.696,60.7,46.0,130,42,800,7.8,21.7,11.7,10.1,12.1,11.2,10.8,14.3,9.9,10.1,11.9,23.3,7.8,13.9,177.0,0,0,0,0,0,0
59.5,60.6,58.4,53.1,54.6,51.6,59.4,60.4,58.4,21.9,21.8,22.0,0.909,10.4,0.28,9.25,8.64,13.7,0.26,6.79,5.32,0.0363,0.372,0.718,58.9,45.0,100,39,800,7.9,23.3,11.3,10.7,10.8,10.0,10.6,10.6,10.8,11.5,11.9,22.1,6.5,14.2,172.0,0,0,0,0,0,0
60.3,60.8,59.8,51.8,52.4,51.2,59.1,58.8,59.4,20.1,22.6,17.6,0.899,10.8,0.278,9.53,8.8,14.1,0.259,6.87,5.55,0.0371,0.67,0.723,58.8,46.0,140,49,800,7.3,25.2,10.3,13.4,10.4,10.7,8.1,11.3,11.7,10.5,11.2,20.9,6.1,15.4,173.0,0,0,0,0,0,0
60.0,59.0,61.0,52.5,54.0,51.0,57.7,56.8,58.6,20.1,23.6,16.6,0.99,11.6,0.303,10.3,9.57,15.3,0.285,7.53,6.05,0.038,0.697,0.812,58.0,45.0,120,41,800,8.2,20.2,9.8,9.8,10.2,11.4,11.3,10.0,11.5,10.9,12.6,22.9,8.2,15.6,173.0,0,0,0,0,0,0
73.4,75.2,71.6,59.7,59.0,60.4,63.5,63.6,63.4,20.2,24.2,16.2,0.901,11.2,0.275,9.61,9.1,14.8,0.257,6.87,5.67,0.0381,0.668,0.739,157.0,110.0,580,220,1000,30.5,26.4,11.8,10.8,12.4,11.4,13.8,12.1,11.9,13.2,12.6,23.6,9.2,16.3,216.0,0,0,0,0,0,0
70.6,68.8,72.4,56.5,56.2,56.8,61.9,60.2,63.6,20.5,21.6,19.4,0.924,11.2,0.29,9.45,9.27,15.2,0.263,6.96,5.78,0.0372,0.675,0.75,140.0,99.0,210,75,1000,13.6,27.4,13.2,13.3,11.8,13.2,13.0,14.9,14.5,12.1,13.5,27.6,10.5,18.9,218.0,0,0,0,0,0,0
72.8,73.8,71.8,55.2,55.4,55.0,62.4,61.4,63.4,20.7,20.6,20.8,0.981,11.4,0.301,9.46,9.55,15.4,0.279,7.1,5.88,0.0381,0.676,0.771,129.0,94.0,220,80,1000,8.3,29.2,14.5,14.2,12.4,12.3,12.6,12.2,12.0,12.9,12.2,27.4,10.0,19.3,210.0,0,0,0,0,0,0
71.9,71.8,72.0,56.3,56.2,56.4,62.8,61.4,64.2,20.4,23.0,17.8,1.01,11.5,0.314,9.49,9.86,15.9,0.292,7.18,6.06,0.0373,0.564,0.767,125.0,95.0,240,100,1000,8.7,24.5,14.3,12.6,14.3,14.8,15.5,13.4,13.1,13.6,14.8,29.3,10.0,19.0,218.0,0,0,0,0,0,0
72.7,72.6,72.8,56.8,57.8,55.8,58.1,56.0,60.2,21.8,19.4,24.2,0.991,11.6,0.306,9.29,10.0,16.6,0.288,7.34,6.23,0.0371,0.39,0.779,128.0,99.0,320,120,1000,8.7,29.1,12.6,13.7,14.7,12.5,15.2,11.4,13.7,13.8,14.6,28.0,7.5,18.3,214.0,0,0,0,0,0,0
72.3,73.0,71.6,56.5,57.0,56.0,67.1,66.8,67.4,20.1,21.8,18.4,1.04,11.7,0.321,9.34,9.99,16.9,0.296,7.3,6.42,0.0376,0.703,0.779,131.0,100.0,370,120,1000,7.5,23.1,14.5,13.6,14.9,14.5,12.6,13.6,15.0,14.1,14.4,28.9,9.4,19.4,216.0,0,0,0,0,0,0
72.8,72.8,72.8,57.6,58.2,57.0,65.0,65.6,64.4,20.6,19.0,22.2,1.11,12.5,0.346,10.0,11.1,18.5,0.326,7.75,6.88,0.0375,0.727,0.881,128.0,99.0,220,85,1000,10.1,27.8,15.4,12.6,13.4,14.0,12.3,11.8,14.0,12.8,15.0,30.3,9.7,18.9,218.0,0,0,0,0,0,0
65.8,67.0,64.6,30.2,31.6,28.8,63.5,64.6,62.4,19.3,22.4,16.2,1.29,13.8,0.392,11.2,12.3,20.6,0.363,8.77,7.69,0.0376,0.77,0.977,127.0,100.0,290,110,1000,10.5,27.1,12.1,13.9,11.4,13.3,13.3,13.6,14.5,14.5,13.1,30.6,11.0,16.8,216.0,0,0,0,0,0,0
51.1,51.2,51.0,46.6,45.4,47.8,50.3,49.2,51.4,21.4,21.0,21.8,0.539,6.88,0.177,5.96,6.29,8.27,0.169,4.58,3.3,0.0377,0.255,0.48,46.9,35.0,110,33,600,23.0,17.1,8.4,7.3,7.5,11.0,7.3,8.7,7.7,7.9,7.8,15.4,5.7,13.7,149.0,0,0,0,0,0,0
50.6,51.2,50.0,44.7,43.4,46.0,54.1,52.6,55.6,20.2,17.4,23.0,0.573,7.28,0.183,6.26,6.64,8.72,0.173,4.78,3.43,0.0369,0.263,0.503,44.3,34.0,88,30,600,5.9,15.6,8.8,6.2,9.4,9.2,7.0,9.8,8.1,7.2,8.5,20.1,6.4,9.8,132.0,0,0,0,0,0,0
53.5,53.2,53.8,45.0,46.4,43.6,52.1,52.0,52.2,19.7,17.4,22.0,0.587,7.48,0.191,6.5,6.69,9.06,0.183,5.02,3.6,0.0368,0.271,0.519,43.3,33.0,93,31,600,6.2,16.6,9.1,8.5,7.7,8.6,8.0,8.5,8.2,9.8,8.7,16.9,5.6,11.2,134.0,0,0,0,0,0,0
55.0,54.6,55.4,47.5,46.6,48.4,51.5,50.8,52.2,20.2,22.6,17.8,0.609,7.84,0.192,6.75,6.91,9.37,0.178,5.17,3.73,0.0367,0.552,0.526,42.4,33.0,86,32,600,5.6,16.3,8.1,8.1,7.9,7.2,7.8,7.3,10.0,7.8,7.4,17.1,5.6,12.6,129.0,0,0,0,0,0,0
50.2,50.8,49.6,47.1,46.8,47.4,49.8,50.2,49.4,19.6,15.6,23.6,0.641,8.1,0.212,7.01,7.12,9.89,0.188,5.37,3.9,0.0386,0.561,0.555,42.0,33.0,91,31,600,6.5,17.5,9.3,9.8,8.1,8.8,9.3,7.1,7.4,8.0,6.8,18.7,7.8,10.5,136.0,0,0,0,0,0,0
51.8,52.8,50.8,46.1,43.2,49.0,51.3,50.0,52.6,20.7,20.4,21.0,0.697,8.42,0.222,7.22,7.36,10.2,0.2,5.52,4.03,0.0375,0.575,0.582,41.3,32.0,84,29,600,4.2,15.8,8.2,6.7,8.8,8.3,8.5,9.1,7.2,9.0,7.3,16.7,6.5,11.9,128.0,0,0,0,0,0,0
51.7,50.8,52.6,45.0,44.6,45.4,48.2,48.8,47.6,19.9,16.4,23.4,0.744,8.71,0.234,7.64,7.6,10.7,0.215,5.67,4.27,0.0376,0.58,0.602,41.1,32.0,93,29,600,6.4,17.4,8.4,9.0,8.6,7.1,7.7,7.5,8.8,7.7,8.9,15.8,5.6,10.9,130.0,0,0,0,0,0,0
53.3,52.4,54.2,45.7,47.2,44.2,51.3,51.6,51.0,20.0,18.2,21.8,0.817,9.43,0.261,8.29,8.46,11.8,0.237,6.23,4.68,0.0377,0.607,0.674,41.0,32.0,93,29,600,5.4,17.2,7.3,7.1,8.3,9.1,8.4,8.1,7.9,8.2,8.7,16.1,6.1,10.2,128.0,0,0,0,0,0,0
63.8,63.2,64.4,51.6,49.4,53.8,61.5,61.6,61.4,21.5,24.6,18.4,0.814,9.18,0.246,7.92,7.86,11.6,0.229,5.9,4.41,0.0376,0.593,0.615,69.6,59.0,200,84,800,46.9,19.0,8.8,10.1,10.0,9.1,9.6,12.5,8.8,10.0,9.7,19.3,7.0,13.4,194.0,0,0,0,0,0,0
61.6,62.4,60.8,49.8,50.4,49.2,58.8,57.6,60.0,20.4,18.6,22.2,0.842,9.53,0.258,8.17,8.11,11.9,0.235,6.05,4.55,0.0376,0.331,0.645,64.0,54.0,120,43,800,7.0,20.6,12.6,9.7,12.2,11.3,11.4,10.4,10.6,11.5,10.3,25.1,7.9,14.5,175.0,0,0,0,0,0,0
60.7,61.6,59.8,52.6,52.8,52.4,59.7,59.6,59.8,21.0,19.8,22.2,0.834,9.67,0.263,8.34,8.13,12.2,0.242,6.25,4.72,0.0376,0.336,0.646,61.9,50.0,150,42,800,7.8,22.8,12.3,9.9,11.4,11.0,10.9,8.3,10.1,11.5,11.5,21.9,7.4,13.4,170.0,0,0,0,0,0,0
60.0,58.0,62.0,52.8,51.0,54.6,59.3,58.0,60.6,21.1,23.0,19.2,0.874,9.82,0.266,8.67,8.44,12.7,0.244,6.42,4.95,0.0366,0.346,0.665,59.6,47.0,120,39,800,7.4,22.5,11.8,12.4,9.0,11.1,10.9,11.0,12.0,10.6,10.3,22.8,9.1,14.8,176.0,0,0,0,0,0,0
59.4,59.4,59.4,50.7,50.4,51.0,57.8,55.8,59.8,21.0,18.4,23.6,0.861,9.9,0.266,8.88,8.44,13.3,0.25,6.48,5.01,0.0365,0.35,0.697,57.7,46.0,110,41,800,8.0,22.0,10.2,10.9,11.0,10.7,11.9,11.7,9.4,9.9,13.6,21.3,6.7,15.4,173.0,0,0,0,0,0,0
63.9,63.8,64.0,51.4,52.2,50.6,60.3,58.0,62.6,20.7,20.4,21.0,0.905,10.4,0.277,9.26,8.65,13.6,0.259,6.68,5.23,0.0384,0.36,0.716,57.2,45.0,140,40,800,8.2,22.0,11.8,12.0,10.8,11.8,9.3,10.7,10.6,11.6,10.0,20.1,7.3,15.5,172.0,0,0,0,0,0,0
63.9,63.8,64.0,55.2,53.9,56.4,59.1,58.6,59.6,20.7,23.0,18.4,0.904,10.4,0.276,9.39,8.86,14.0,0.259,6.9,5.4,0.0374,0.66,0.721,56.4,45.0,130,40,800,6.2,25.0,9.5,12.6,10.1,10.7,9.9,11.2,9.9,10.2,11.8,22.3,7.7,15.9,173.0,0,0,0,0,0,0
63.5,63.2,63.8,52.7,53.6,51.8,59.8,60.2,59.4,19.9,18.0,21.8,1.02,11.3,0.312,10.1,9.69,15.4,0.295,7.44,5.87,0.0375,0.693,0.81,56.6,45.0,140,50,800,8.0,25.0,12.2,11.3,9.9,10.8,11.8,11.5,10.0,10.0,10.1,26.2,8.7,13.7,179.0,0,0,0,0,0,0
69.7,71.0,68.4,57.2,56.0,58.4,62.8,64.8,60.8,21.4,21.0,21.8,0.938,11.1,0.285,9.71,8.95,15.0,0.275,6.86,5.61,0.0364,0.667,0.722,165.0,110.0,620,260,1000,28.8,23.2,11.5,11.3,12.5,11.4,12.1,12.4,11.1,10.6,13.1,24.2,8.8,18.6,210.0,0,0,0,0,0,0
68.3,66.0,70.6,57.0,57.0,57.0,62.6,62.0,63.2,20.4,17.2,23.6,0.957,11.1,0.295,9.85,8.95,15.4,0.278,7.04,5.81,0.0383,0.672,0.759,153.0,100.0,300,95,1000,13.4,31.4,16.3,14.4,14.9,13.4,13.5,11.7,13.2,13.1,10.4,29.8,10.8,19.5,226.0,0,0,0,0,0,0
69.4,69.2,69.6,55.9,56.2,55.6,63.1,64.2,62.0,20.4,20.6,20.2,1.0,11.6,0.306,10.0,9.2,15.8,0.291,7.13,5.91,0.0366,0.682,0.774,144.0,100.0,280,93,1000,10.0,29.8,11.3,13.0,14.5,14.8,14.8,13.1,12.2,12.1,12.9,26.8,8.9,17.8,212.0,0,0,0,0,0,0
70.3,70.2,70.4,57.5,55.8,59.2,65.9,64.0,67.8,20.8,22.2,19.4,1.02,11.6,0.32,10.1,8.98,16.3,0.299,7.2,6.1,0.0367,0.69,0.801,144.0,100.0,330,120,1000,8.7,24.8,13.2,14.6,14.8,13.7,14.1,13.8,13.1,12.8,14.0,29.6,10.6,19.5,217.0,0,0,0,0,0,0
68.3,66.8,69.8,55.2,54.4,56.0,64.0,61.8,66.2,22.1,25.0,19.2,1.05,11.8,0.319,10.2,9.23,16.5,0.301,7.14,6.17,0.0385,0.395,0.787,140.0,100.0,290,100,1000,8.7,26.9,12.5,14.0,14.5,14.5,15.0,13.5,11.5,11.0,13.8,29.8,10.2,19.3,215.0,0,0,0,0,0,0
69.7,68.4,71.0,53.0,53.8,52.2,72.1,70.4,73.8,21.0,22.8,19.2,1.09,12.1,0.337,10.3,9.28,17.0,0.317,7.31,6.39,0.0384,0.732,0.798,134.0,100.0,220,86,1000,11.3,26.0,12.9,13.5,14.3,13.8,10.8,13.6,14.5,15.6,12.7,27.9,10.4,19.1,216.0,0,0,0,0,0,0
68.7,66.2,71.2,53.7,52.8,54.6,63.8,63.0,64.6,20.5,17.2,23.8,1.16,12.7,0.358,10.9,10.0,18.3,0.338,7.65,6.81,0.0376,0.763,0.864,144.0,100.0,620,140,1000,10.2,26.5,13.8,12.6,12.8,11.7,13.4,11.3,14.6,12.1,13.9,28.3,9.0,20.8,211.0,0,0,0,0,0,0
61.9,60.4,63.4,29.7,28.2,31.2,67.1,65.0,69.2,19.4,22.6,16.2,1.28,14.1,0.397,12.2,11.1,20.4,0.381,8.65,7.65,0.0377,0.8,0.97,148.0,110.0,460,140,1000,7.6,28.4,14.1,12.7,15.4,13.6,13.9,15.3,11.9,12.9,13.5,28.8,8.8,18.4,215.0,0,0,0,0,0,0
51.4,51.8,51.0,45.4,46.8,44.0,50.5,49.6,51.4,20.0,23.8,16.2,0.547,6.8,0.177,6.13,6.01,8.2,0.158,4.6,3.25,0.0382,0.255,0.459,47.7,37.0,98,31,600,21.3,17.7,8.4,10.5,7.7,8.0,10.0,8.8,8.2,8.0,7.6,17.9,5.8,9.8,150.0,0,0,0,0,0,0
53.1,54.0,52.2,46.4,44.6,48.2,52.2,49.8,54.6,20.5,17.4,23.6,0.565,7.19,0.185,6.44,6.37,8.61,0.161,4.81,3.5,0.0363,0.262,0.487,45.4,35.0,88,30,600,5.2,18.5,8.3,7.7,10.0,8.0,8.3,7.7,5.8,9.4,7.7,17.4,5.4,11.7,131.0,0,0,0,0,0,0
53.7,53.6,53.8,46.4,46.8,46.0,49.5,47.0,52.0,19.7,16.8,22.6,0.601,7.48,0.192,6.62,6.59,9.11,0.171,5.08,3.56,0.0365,0.272,0.512,43.4,33.0,84,29,600,6.1,16.1,8.3,7.3,7.8,8.6,7.9,10.3,7.5,8.2,8.6,17.7,5.6,13.6,134.0,0,0,0,0,0,0
57.1,59.0,55.2,45.2,46.3,44.1,50.6,50.4,50.8,21.1,23.4,18.8,0.639,7.84,0.201,6.77,7.02,9.52,0.181,5.22,3.82,0.0383,0.563,0.535,43.3,33.0,100,33,600,4.7,18.0,8.5,7.5,9.7,7.9,8.3,7.6,7.3,9.6,7.7,16.0,5.9,11.7,130.0,0,0,0,0,0,0
52.3,53.8,50.8,46.0,46.6,45.4,49.8,49.6,50.0,21.6,24.6,18.6,0.645,8.18,0.203,7.01,7.12,9.88,0.185,5.4,3.9,0.0363,0.57,0.556,42.2,33.0,78,29,600,5.3,16.6,8.8,6.9,7.5,9.8,6.8,10.0,7.7,7.1,9.5,15.4,4.3,10.9,127.0,0,0,0,0,0,0
52.6,53.0,52.2,46.6,46.0,47.2,52.2,51.6,52.8,20.1,21.6,18.6,0.71,8.42,0.221,7.33,7.47,10.4,0.199,5.67,4.13,0.0365,0.582,0.581,41.8,32.0,92,31,600,5.2,19.5,8.7,8.5,7.9,7.9,9.1,9.3,8.5,6.1,7.9,17.2,6.9,10.5,133.0,0,0,0,0,0,0
52.7,51.0,54.4,43.2,42.9,43.5,52.9,53.4,52.4,20.0,23.0,17.0,0.714,8.6,0.224,7.55,7.72,10.8,0.2,5.74,4.31,0.0372,0.59,0.595,41.5,32.0,88,30,600,5.3,18.2,6.8,8.7,8.2,7.9,7.4,9.7,9.3,8.9,7.1,16.4,5.2,11.3,130.0,0,0,0,0,0,0
54.5,54.4,54.6,47.1,46.4,47.8,52.1,52.8,51.4,20.1,17.6,22.6,0.783,9.44,0.245,8.25,8.51,11.9,0.222,6.36,4.69,0.0372,0.614,0.675,41.0,32.0,80,29,600,4.2,18.9,7.2,7.8,7.0,6.7,9.0,9.2,8.8,7.6,7.5,14.4,4.5,12.0,125.0,0,0,0,0,0,0
65.2,64.6,65.8,51.6,51.8,51.4,62.3,61.8,62.8,20.6,18.8,22.4,0.741,9.1,0.233,7.92,7.94,11.5,0.213,5.9,4.4,0.037,0.597,0.622,78.3,62.0,250,90,800,47.7,18.7,10.9,10.0,10.3,8.2,8.5,10.3,10.8,12.3,9.5,21.5,7.3,14.4,200.0,0,0,0,0,0,0
61.3,61.6,61.0,51.4,52.2,50.6,59.2,59.0,59.4,20.4,19.2,21.6,0.782,9.54,0.241,8.13,7.85,12.0,0.221,6.06,4.62,0.0371,0.554,0.64,72.8,56.0,160,45,800,8.4,20.8,11.1,11.1,12.2,10.3,9.7,11.2,11.6,10.4,10.7,25.0,9.0,15.8,177.0,0,0,0,0,0,0
63.4,64.0,62.8,52.0,53.5,50.5,60.6,59.2,62.0,19.8,20.6,19.0,0.842,9.61,0.262,8.35,8.23,12.5,0.24,6.33,4.81,0.0381,0.344,0.662,67.4,52.0,110,41,800,6.0,25.6,10.5,10.5,11.3,10.9,10.4,10.1,8.0,11.2,12.0,23.0,7.2,17.7,174.0,0,0,0,0,0,0
63.1,62.4,63.8,55.1,56.2,54.0,60.8,59.6,62.0,21.9,19.4,24.4,0.866,10.0,0.267,8.53,8.21,13.0,0.25,6.53,4.98,0.0371,0.348,0.676,64.1,49.0,120,41,800,8.2,24.3,12.7,8.5,10.6,10.1,11.1,12.0,10.7,12.3,10.2,24.3,9.1,16.3,180.0,0,0,0,0,0,0
64.4,64.0,64.8,54.1,55.6,52.6,57.3,55.6,59.0,20.8,17.6,24.0,0.864,10.3,0.275,8.91,8.58,13.3,0.252,6.65,5.16,0.0363,0.353,0.702,62.4,48.0,140,40,800,7.6,21.4,12.3,10.5,10.9,9.4,12.0,9.7,9.7,11.1,10.4,21.2,7.1,15.3,169.0,0,0,0,0,0,0
62.0,62.6,61.4,50.6,50.4,50.8,60.9,61.0,60.8,20.7,17.2,24.2,0.928,10.4,0.282,9.09,8.77,14.0,0.259,6.85,5.25,0.0373,0.361,0.727,60.6,47.0,110,39,800,7.3,24.9,11.0,11.2,10.2,10.6,11.9,9.9,11.3,11.0,9.6,21.2,7.9,15.6,174.0,0,0,0,0,0,0
62.8,63.2,62.4,54.5,54.6,54.4,61.3,58.4,64.2,20.8,21.8,19.8,0.937,10.9,0.288,9.49,8.89,14.3,0.268,6.88,5.46,0.0382,0.677,0.734,60.8,47.0,150,46,800,7.2,19.5,10.6,11.4,12.3,11.5,10.4,13.1,12.8,11.4,13.0,24.1,8.3,16.0,182.0,0,0,0,0,0,0
61.3,62.4,60.2,52.8,53.2,52.4,59.4,59.6,59.2,21.4,21.2,21.6,1.03,11.5,0.315,10.2,9.75,15.6,0.293,7.47,5.99,0.0364,0.699,0.813,59.9,46.0,130,39,800,8.1,26.2,9.9,11.0,12.0,11.1,10.2,11.0,11.9,9.8,11.5,23.4,7.4,13.0,177.0,0,0,0,0,0,0
69.5,70.6,68.4,57.4,56.8,58.0,61.8,60.6,63.0,20.4,17.8,23.0,0.911,11.1,0.273,9.54,9.08,15.0,0.25,6.96,5.62,0.037,0.677,0.724,115.0,90.0,410,140,1000,34.8,25.3,10.5,13.5,11.0,12.4,13.6,12.8,11.4,13.7,11.7,24.0,6.3,16.7,218.0,0,0,0,0,0,0
73.2,70.4,76.0,60.3,60.0,60.6,60.0,59.8,60.2,20.5,18.2,22.8,0.92,11.3,0.285,9.57,9.32,15.4,0.252,7.04,5.78,0.0362,0.684,0.755,117.0,92.0,310,96,1000,8.7,29.1,14.0,13.9,12.6,12.8,13.4,14.0,13.2,12.7,14.6,27.8,8.0,18.2,213.0,0,0,0,0,0,0
72.6,72.0,73.2,59.1,58.8,59.4,60.9,61.0,60.8,20.6,18.4,22.8,0.97,11.6,0.289,9.75,9.12,15.9,0.266,7.19,5.94,0.0371,0.688,0.773,122.0,95.0,400,110,1000,10.1,28.6,15.2,13.0,13.0,14.9,14.6,15.7,12.4,10.6,14.5,30.6,10.3,20.2,224.0,0,0,0,0,0,0
69.9,68.4,71.4,61.1,60.4,61.8,66.5,65.4,67.6,21.1,23.2,19.0,0.954,11.7,0.289,9.96,9.37,16.3,0.269,7.15,6.13,0.0373,0.695,0.775,124.0,93.0,380,85,1000,9.9,27.3,13.7,12.8,13.5,15.0,13.4,12.9,13.1,13.0,13.4,31.3,9.0,17.8,216.0,0,0,0,0,0,0
70.8,70.0,71.6,58.9,59.0,58.8,63.6,64.6,62.6,21.2,19.0,23.4,1.01,11.8,0.304,10.1,9.64,16.6,0.278,7.24,6.16,0.0383,0.391,0.78,130.0,99.0,400,140,1000,11.0,25.2,14.1,12.5,13.4,14.3,15.1,12.9,13.6,13.8,12.1,27.1,8.9,19.9,214.0,0,0,0,0,0,0
69.0,67.2,70.8,58.5,60.2,56.8,69.5,68.2,70.8,20.6,19.4,21.8,0.995,11.7,0.307,10.1,9.56,16.8,0.28,7.22,6.36,0.0382,0.698,0.787,140.0,100.0,500,170,1000,8.1,27.8,13.5,12.6,12.7,14.5,13.8,14.0,13.8,12.0,14.0,29.3,9.9,16.4,212.0,0,0,0,0,0,0
71.5,71.0,72.0,60.2,60.2,60.2,63.8,65.8,61.8,20.0,23.6,16.4,1.11,12.6,0.335,10.6,10.3,18.4,0.316,7.8,6.87,0.0373,0.719,0.874,139.0,110.0,310,110,1000,9.3,27.2,12.7,14.0,13.1,14.4,15.3,14.6,14.3,12.9,10.9,32.6,10.8,19.3,221.0,0,0,0,0,0,0
64.9,65.4,64.4,29.9,31.6,28.2,63.3,62.8,63.8,20.4,20.0,20.8,1.24,14.0,0.366,12.0,11.5,20.5,0.348,8.63,7.81,0.0372,0.767,0.971,134.0,100.0,200,79,1000,9.4,27.2,14.2,13.6,15.3,11.1,13.6,14.0,13.8,14.0,13.6,30.0,8.5,19.0,217.0,0,0,0,0,0,0
53.0,51.8,54.2,46.7,47.2,46.2,50.6,50.2,51.0,19.2,16.2,22.2,0.57,7.0,0.18,6.2,6.14,8.22,0.171,4.67,3.39,0.0377,0.263,0.481,46.2,36.0,110,33,600,22.4,16.5,8.1,7.9,8.6,9.5,9.5,9.7,8.0,9.5,8.8,21.0,6.7,11.0,157.0,0,0,0,0,0,0
52.3,53.0,51.6,45.4,45.6,45.2,53.3,53.2,53.4,19.6,23.6,15.6,0.599,7.35,0.192,6.56,6.35,8.71,0.17,4.83,3.55,0.0368,0.266,0.51,43.8,34.0,88,28,600,6.2,16.4,8.0,7.5,6.9,8.4,8.5,10.6,8.2,8.9,7.4,17.8,5.8,11.7,132.0,0,0,0,0,0,0
52.5,50.4,54.6,45.1,46.0,44.2,50.9,48.8,53.0,19.3,17.0,21.6,0.635,7.63,0.2,6.8,6.55,9.2,0.182,5.01,3.66,0.0378,0.284,0.53,42.3,32.0,89,28,600,6.4,17.4,5.5,8.4,8.4,7.3,7.9,6.4,9.8,8.6,8.8,17.0,6.1,13.4,131.0,0,0,0,0,0,0
51.3,52.0,50.6,48.6,48.0,49.2,54.3,54.6,54.0,19.2,16.4,22.0,0.679,7.94,0.211,7.05,6.88,9.58,0.199,5.14,3.84,0.0376,0.586,0.54,41.9,32.0,94,31,600,5.5,16.0,9.1,7.8,9.1,8.2,6.0,8.4,6.9,7.7,9.8,16.3,6.1,11.1,128.0,0,0,0,0,0,0
51.8,50.2,53.4,45.6,46.0,45.2,52.0,51.2,52.8,18.7,19.2,18.2,0.723,8.22,0.221,7.36,7.07,10.0,0.205,5.42,4.05,0.0388,0.595,0.569,41.6,32.0,97,30,600,6.6,17.2,9.1,8.1,9.2,10.1,7.8,8.2,7.6,8.3,7.6,18.7,6.4,10.5,135.0,0,0,0,0,0,0
52.8,51.4,54.2,46.7,46.8,46.6,52.4,52.8,52.0,20.0,20.4,19.6,0.736,8.6,0.232,7.69,7.35,10.4,0.217,5.62,4.11,0.0375,0.61,0.587,41.7,32.0,96,32,600,5.9,15.5,8.7,10.0,8.2,8.3,7.3,6.5,7.3,8.5,6.9,17.8,6.3,12.9,130.0,0,0,0,0,0,0
53.3,51.4,55.2,47.8,45.7,49.9,51.7,52.4,51.0,20.5,20.0,21.0,0.775,9.02,0.24,7.8,7.64,10.9,0.222,5.85,4.29,0.0374,0.616,0.62,41.7,32.0,98,31,600,6.1,17.4,10.2,8.2,8.7,7.8,7.8,7.9,8.0,7.7,7.1,18.0,5.6,10.9,131.0,0,0,0,0,0,0
50.0,50.0,50.0,46.6,45.2,48.0,53.1,51.4,54.8,19.4,17.2,21.6,0.853,9.73,0.261,8.72,8.4,11.9,0.246,6.42,4.7,0.0373,0.642,0.687,41.6,32.0,94,32,600,6.1,16.7,8.8,9.1,9.2,7.1,7.6,9.4,8.8,7.1,8.1,17.0,6.6,11.9,134.0,0,0,0,0,0,0
67.2,67.2,67.2,52.9,52.8,53.0,59.5,59.4,59.6,19.8,16.8,22.8,0.797,9.39,0.243,8.05,7.64,11.5,0.227,5.94,4.41,0.0371,0.624,0.627,95.2,71.0,320,100,800,47.1,19.8,10.5,9.4,9.6,10.4,10.1,9.1,9.5,9.7,9.6,21.4,6.9,13.1,196.0,0,0,0,0,0,0
60.3,60.4,60.2,52.8,54.2,51.4,58.5,57.8,59.2,21.6,19.2,24.0,0.818,9.54,0.251,8.35,7.85,11.9,0.229,6.07,4.57,0.0374,0.563,0.647,80.3,57.0,120,40,800,10.0,23.6,12.2,10.3,12.0,9.3,11.0,11.9,10.3,11.2,11.2,23.1,7.9,16.0,180.0,0,0,0,0,0,0
61.6,61.6,61.6,53.0,53.2,52.8,57.4,57.0,57.8,19.7,18.2,21.2,0.851,9.82,0.252,8.62,8.09,12.3,0.231,6.32,4.79,0.0382,0.347,0.658,72.0,51.0,110,37,800,8.4,21.9,9.5,10.3,10.3,11.5,10.6,10.4,10.1,13.4,13.2,22.3,7.9,14.7,175.0,0,0,0,0,0,0
64.0,64.6,63.4,53.9,53.6,54.2,64.0,63.4,64.6,21.3,23.6,19.0,0.878,9.97,0.262,8.72,8.5,12.9,0.245,6.38,4.95,0.0373,0.36,0.67,68.7,49.0,150,43,800,6.7,23.7,10.4,11.1,9.7,11.4,11.9,9.6,11.1,11.7,11.0,21.1,7.0,17.3,174.0,0,0,0,0,0,0
58.0,59.2,56.8,50.3,49.0,51.6,59.0,57.4,60.6,20.4,21.0,19.8,0.884,10.3,0.266,8.86,8.58,13.4,0.247,6.52,5.03,0.0375,0.362,0.7,66.7,48.0,140,44,800,8.0,23.8,11.6,9.8,12.4,10.8,11.2,11.3,9.6,10.7,9.0,23.4,8.7,16.0,176.0,0,0,0,0,0,0
62.9,63.8,62.0,54.1,54.4,53.8,59.0,58.2,59.8,20.5,16.6,24.4,0.892,10.5,0.273,9.09,8.9,13.7,0.253,6.8,5.2,0.0375,0.369,0.704,64.0,47.0,100,37,800,7.0,22.1,9.3,9.4,12.2,11.0,10.7,10.0,10.7,12.5,12.0,20.6,6.6,15.3,169.0,0,0,0,0,0,0
59.3,60.0,58.6,51.1,52.8,49.4,57.6,58.0,57.2,19.7,16.8,22.6,0.95,10.8,0.289,9.34,9.0,14.1,0.265,6.84,5.37,0.0366,0.686,0.737,62.2,46.0,110,41,800,7.2,23.3,10.1,11.2,11.5,8.8,10.4,10.5,11.8,12.4,11.3,22.6,8.4,16.3,176.0,0,0,0,0,0,0
61.8,61.4,62.2,52.1,51.2,53.0,59.1,58.8,59.4,21.5,21.8,21.2,1.03,11.5,0.313,9.99,9.96,15.5,0.293,7.39,5.83,0.0368,0.713,0.812,61.7,46.0,140,45,800,7.2,25.6,10.2,9.9,9.9,11.1,11.0,12.5,10.7,9.0,10.9,22.2,7.4,15.4,173.0,0,0,0,0,0,0
71.6,71.8,71.4,58.7,59.8,57.6,62.6,62.6,62.6,20.4,20.6,20.2,0.927,11.1,0.28,9.62,9.04,14.8,0.268,6.92,5.5,0.0386,0.684,0.747,163.0,110.0,570,260,1000,32.1,25.9,11.0,11.6,12.3,12.0,10.7,12.1,12.7,14.1,13.9,25.0,7.5,17.2,218.0,0,0,0,0,0,0
67.2,67.0,67.4,53.5,52.4,54.6,62.7,61.4,64.0,19.9,22.0,17.8,0.929,11.2,0.285,9.63,9.19,15.3,0.268,7.03,5.72,0.0373,0.693,0.764,153.0,100.0,330,89,1000,11.3,25.1,13.9,14.0,12.7,13.4,14.2,14.6,14.5,14.8,13.8,28.3,9.7,18.5,219.0,0,0,0,0,0,0
67.1,68.8,65.4,55.7,53.4,58.0,66.9,67.2,66.6,20.7,20.4,21.0,0.955,11.4,0.296,9.87,9.27,15.7,0.275,7.19,5.91,0.0382,0.696,0.76,151.0,99.0,480,86,1000,8.5,30.2,14.2,15.7,12.8,11.5,14.2,13.0,14.3,12.7,13.3,27.7,8.8,17.9,215.0,0,0,0,0,0,0
67.7,67.4,68.0,56.5,56.6,56.4,61.8,62.2,61.4,21.0,20.2,21.8,0.937,11.4,0.291,9.98,9.07,16.2,0.273,7.24,6.08,0.0381,0.39,0.782,147.0,100.0,290,110,1000,8.4,29.5,14.3,14.7,13.6,11.8,14.3,13.4,12.5,14.7,13.2,26.7,7.6,18.7,213.0,0,0,0,0,0,0
67.1,68.6,65.6,55.5,58.0,53.0,64.5,64.8,64.2,20.6,23.6,17.6,0.95,11.6,0.296,10.2,9.31,16.6,0.278,7.22,6.31,0.0377,0.398,0.777,136.0,94.0,180,67,1000,10.3,27.4,11.1,15.1,13.6,16.4,14.4,12.7,15.2,14.3,12.9,29.1,9.2,17.5,219.0,0,0,0,0,0,0
69.9,68.8,71.0,56.1,55.0,57.2,69.7,68.0,71.4,20.3,20.4,20.2,0.99,12.0,0.306,10.4,9.42,17.0,0.295,7.31,6.43,0.0364,0.704,0.808,137.0,99.0,300,120,1000,9.2,27.7,12.4,12.5,15.0,13.1,11.7,13.9,15.2,13.1,14.7,28.2,9.7,18.4,215.0,0,0,0,0,0,0
67.5,69.0,66.0,54.6,54.6,54.6,64.3,63.8,64.8,20.2,20.6,19.8,1.08,12.7,0.332,11.0,10.1,18.4,0.317,7.74,6.93,0.0354,0.725,0.886,132.0,97.0,210,83,1000,9.5,30.3,12.6,12.0,14.3,14.2,13.4,11.6,16.8,13.4,11.9,29.9,9.6,20.0,220.0,0,0,0,0,0,0
66.6,67.4,65.8,29.5,30.0,29.0,63.7,62.8,64.6,19.9,22.6,17.2,1.23,13.8,0.375,12.3,11.3,20.3,0.36,8.82,7.74,0.0353,0.767,0.98,132.0,99.0,300,120,1000,9.2,27.4,12.2,14.6,13.3,11.5,13.1,13.8,14.3,14.2,14.1,27.1,9.4,16.9,211.0,0,0,0,0,0,0
54.9,54.6,55.2,44.6,46.8,42.4,52.1,52.8,51.4,20.2,15.2,25.2,0.599,7.05,0.186,6.25,6.01,8.26,0.165,4.59,3.27,0.0364,0.251,0.482,47.8,37.0,120,33,600,24.2,18.5,9.4,8.9,7.7,7.5,9.7,9.2,9.6,8.0,6.2,17.7,6.4,12.2,155.0,0,0,0,0,0,0
51.7,52.0,51.4,45.3,45.6,45.0,52.0,52.4,51.6,19.3,16.4,22.2,0.621,7.38,0.195,6.53,6.2,8.66,0.173,4.81,3.45,0.0362,0.258,0.512,46.2,36.0,98,31,600,4.0,18.6,8.7,8.7,9.0,8.0,7.8,8.5,8.3,8.3,8.0,18.3,6.2,10.3,133.0,0,0,0,0,0,0
51.7,49.6,53.8,46.9,48.2,45.6,51.7,51.6,51.8,20.1,21.6,18.6,0.652,7.71,0.203,6.77,6.46,9.12,0.18,4.96,3.56,0.0353,0.272,0.53,44.2,34.0,87,29,600,7.4,17.4,8.5,7.1,7.7,8.5,8.8,7.7,8.0,8.3,6.7,15.4,5.1,13.9,131.0,0,0,0,0,0,0
52.7,52.2,53.2,47.6,47.0,48.2,48.2,46.8,49.6,20.6,17.8,23.4,0.674,7.96,0.207,6.96,6.87,9.49,0.182,5.12,3.72,0.0364,0.575,0.542,43.4,33.0,92,30,600,5.7,16.3,8.1,8.2,9.0,7.9,7.3,7.5,7.6,8.1,10.5,16.1,5.2,10.5,128.0,0,0,0,0,0,0
54.3,54.2,54.4,45.7,44.6,46.8,51.0,50.0,52.0,20.1,17.4,22.8,0.703,8.14,0.22,7.25,7.03,9.86,0.193,5.33,3.94,0.037,0.583,0.569,42.8,33.0,90,31,600,5.6,16.0,9.4,6.0,8.4,9.2,7.7,8.2,8.8,7.0,10.0,18.1,6.5,11.6,133.0,0,0,0,0,0,0
55.7,56.2,55.2,47.5,48.2,46.8,51.5,52.6,50.4,19.8,16.6,23.0,0.738,8.48,0.229,7.3,7.44,10.4,0.205,5.5,4.09,0.0379,0.595,0.585,43.3,33.0,120,34,600,4.5,15.4,8.1,8.5,9.8,8.0,8.5,7.4,8.9,8.6,8.1,19.9,6.7,11.5,134.0,0,0,0,0,0,0
51.2,50.6,51.8,45.5,46.8,44.2,51.1,52.0,50.2,19.6,22.4,16.8,0.75,8.71,0.234,7.44,7.62,10.7,0.21,5.71,4.26,0.0382,0.605,0.604,43.0,33.0,98,31,600,5.7,17.9,8.3,6.6,8.5,8.6,8.9,9.2,6.8,7.6,8.5,17.4,4.8,10.9,130.0,0,0,0,0,0,0
55.9,54.6,57.2,46.6,47.2,46.0,54.1,55.4,52.8,19.5,18.4,20.6,0.839,9.56,0.254,8.27,8.54,12.0,0.231,6.31,4.64,0.0374,0.628,0.684,42.6,33.0,88,30,600,6.1,18.6,6.4,8.7,7.8,8.8,7.0,8.8,8.7,8.7,7.3,16.3,5.5,11.1,130.0,0,0,0,0,0,0
67.1,67.0,67.2,51.0,52.4,49.6,64.4,63.6,65.2,20.6,22.4,18.8,0.734,9.2,0.229,7.99,7.83,11.7,0.21,5.92,4.35,0.0367,0.612,0.606,88.9,68.0,310,98,800,45.2,16.0,8.2,11.6,8.5,10.8,9.5,9.8,9.7,8.8,9.7,20.1,5.6,15.2,189.0,0,0,0,0,0,0
61.0,60.4,61.6,52.3,54.6,50.0,59.4,58.4,60.4,19.9,24.0,15.8,0.763,9.41,0.232,8.23,8.29,12.1,0.215,6.08,4.56,0.0378,0.633,0.635,76.4,56.0,130,38,800,11.8,22.7,12.2,10.8,10.9,10.0,10.2,10.2,10.3,13.1,12.3,25.1,7.8,16.9,184.0,0,0,0,0,0,0
63.2,63.0,63.4,52.3,52.2,52.4,61.5,63.0,60.0,20.3,16.8,23.8,0.807,9.72,0.241,8.48,8.44,12.4,0.228,6.19,4.71,0.0376,0.345,0.651,71.7,54.0,150,47,800,7.1,21.7,10.5,11.9,9.7,12.8,11.9,10.6,9.9,10.1,10.6,21.2,8.2,14.6,171.0,0,0,0,0,0,0
61.7,59.4,64.0,54.0,55.0,53.0,60.3,60.2,60.4,19.1,21.8,16.4,0.826,9.79,0.249,8.75,8.5,12.8,0.233,6.38,4.94,0.0374,0.353,0.656,67.2,50.0,110,40,800,7.5,21.6,11.9,11.2,12.2,11.7,12.6,11.9,10.4,10.6,12.8,23.6,7.5,14.4,180.0,0,0,0,0,0,0
64.4,63.2,65.6,51.6,52.0,51.2,59.1,59.2,59.0,20.7,19.8,21.6,0.85,10.1,0.258,8.87,8.76,13.3,0.242,6.69,5.16,0.0383,0.362,0.688,65.4,49.0,150,42,800,7.1,20.7,10.3,10.3,11.2,10.2,9.4,11.0,11.7,11.3,10.5,22.0,7.2,13.2,166.0,0,0,0,0,0,0
61.5,59.8,63.2,57.3,56.0,58.6,58.4,57.2,59.6,20.5,22.8,18.2,0.881,10.4,0.267,8.99,9.05,14.0,0.244,6.75,5.35,0.0376,0.373,0.699,63.0,47.0,120,37,800,7.2,21.4,11.2,11.9,10.3,11.7,11.4,12.1,9.9,9.9,10.6,22.0,6.5,16.9,173.0,0,0,0,0,0,0
65.8,65.8,65.8,56.1,57.0,55.2,62.3,62.6,62.0,20.0,21.6,18.4,0.902,10.7,0.282,9.14,9.02,14.2,0.266,6.88,5.47,0.0373,0.698,0.716,63.1,48.0,140,55,800,8.2,20.6,11.0,10.1,9.5,11.5,9.7,12.0,12.1,12.7,10.9,25.1,8.4,14.6,176.0,0,0,0,0,0,0
64.3,65.2,63.4,57.7,57.2,58.2,61.9,63.2,60.6,20.8,20.0,21.6,1.01,11.6,0.305,10.1,9.93,15.6,0.29,7.51,5.89,0.0366,0.727,0.805,62.5,48.0,140,46,800,6.6,25.1,9.8,9.6,11.4,10.9,12.7,9.6,11.8,11.2,10.6,23.9,7.5,13.5,174.0,0,0,0,0,0,0
67.7,69.6,65.8,57.0,56.2,57.8,64.2,63.4,65.0,21.0,22.6,19.4,0.957,11.2,0.289,9.65,9.23,14.8,0.277,6.95,5.64,0.0376,0.7,0.761,163.0,110.0,610,230,1000,32.9,23.3,11.4,12.1,12.6,12.8,12.4,10.8,12.9,13.5,11.3,23.8,7.7,17.6,215.0,0,0,0,0,0,0
70.6,69.4,71.8,57.1,58.2,56.0,66.1,65.0,67.2,20.9,21.2,20.6,1.02,11.4,0.306,9.78,9.11,15.5,0.284,7.04,5.75,0.0379,0.709,0.788,142.0,96.0,200,62,1000,12.0,30.4,13.7,12.0,14.2,12.2,11.9,13.1,13.0,13.4,12.8,28.2,11.0,17.7,216.0,0,0,0,0,0,0
68.7,68.0,69.4,54.6,56.0,53.2,62.4,61.4,63.4,20.5,17.2,23.8,1.03,11.4,0.306,9.87,9.28,15.7,0.29,7.11,5.89,0.0377,0.713,0.796,136.0,97.0,280,98,1000,9.1,27.9,13.3,14.4,15.0,13.8,16.3,12.1,14.0,12.6,13.0,27.3,9.7,17.3,216.0,0,0,0,0,0,0
68.7,68.4,69.0,56.3,57.2,55.4,65.4,66.8,64.0,21.9,24.8,19.0,1.04,11.6,0.314,10.0,9.31,16.3,0.296,7.16,6.16,0.0376,0.401,0.794,125.0,90.0,160,64,1000,10.1,27.9,12.4,15.9,15.2,12.8,12.5,11.7,12.3,13.1,13.7,28.2,8.7,19.6,214.0,0,0,0,0,0,0
70.4,71.2,69.6,55.2,53.4,57.0,62.2,60.2,64.2,19.8,21.4,18.2,1.07,11.8,0.319,10.3,9.17,16.7,0.296,7.29,6.22,0.0368,0.413,0.807,122.0,89.0,280,87,1000,10.8,24.7,12.3,13.2,15.2,15.5,13.6,12.3,13.0,13.7,14.7,27.6,9.1,16.8,213.0,0,0,0,0,0,0
68.0,67.6,68.4,57.0,56.4,57.6,70.7,71.6,69.8,20.2,19.2,21.2,1.06,11.8,0.322,10.5,9.18,16.9,0.296,7.41,6.34,0.0366,0.751,0.803,121.0,90.0,250,99,1000,10.6,26.1,15.0,13.8,15.3,12.7,12.9,14.4,15.3,11.6,14.1,27.5,8.6,18.3,216.0,0,0,0,0,0,0
66.6,66.8,66.4,54.1,54.0,54.2,64.1,63.2,65.0,21.6,18.0,25.2,1.12,12.5,0.338,11.2,9.98,18.0,0.317,7.86,6.83,0.0367,0.776,0.863,121.0,90.0,360,89,1000,9.7,27.6,11.9,14.0,15.2,15.0,13.5,14.7,13.0,13.8,13.2,28.2,9.0,15.5,214.0,0,0,0,0,0,0
65.5,65.2,65.8,29.9,26.2,33.6,62.2,61.0,63.4,19.3,21.0,17.6,1.22,13.9,0.372,12.3,11.1,20.1,0.347,8.62,7.68,0.0379,0.825,0.958,129.0,95.0,440,180,1000,9.9,28.9,12.6,12.7,12.2,13.4,12.8,15.1,15.3,13.0,13.2,26.6,7.0,17.3,210.0,0,0,0,0,0,0
51.5,52.0,51.0,43.1,43.4,42.8,51.5,50.2,52.8,20.2,19.4,21.0,0.55,6.87,0.177,5.76,6.26,8.22,0.149,4.47,3.23,0.0376,0.253,0.487,47.4,36.0,110,31,600,23.1,17.2,8.9,8.5,8.1,8.1,9.8,8.4,7.8,6.5,8.2,18.3,5.8,9.7,148.0,0,0,0,0,0,0
50.8,50.4,51.2,46.2,46.8,45.6,51.7,49.4,54.0,22.0,21.8,22.2,0.564,7.17,0.188,6.15,6.48,8.62,0.155,4.66,3.45,0.0376,0.266,0.51,44.9,34.0,91,30,600,6.0,18.6,7.4,8.4,7.2,8.2,6.3,9.2,9.4,7.0,7.1,14.6,4.4,13.1,127.0,0,0,0,0,0,0
51.0,49.6,52.4,44.0,42.8,45.2,50.1,48.6,51.6,19.8,19.2,20.4,0.591,7.56,0.192,6.43,6.73,8.83,0.164,4.83,3.63,0.0384,0.275,0.526,43.1,33.0,86,28,600,5.5,17.5,8.8,9.8,8.0,8.4,6.9,7.0,8.3,7.7,8.1,17.5,5.8,10.5,130.0,0,0,0,0,0,0
53.0,51.8,54.2,45.6,48.2,43.0,59.7,60.4,59.0,20.1,20.0,20.2,0.625,7.87,0.201,6.76,6.88,9.36,0.183,4.99,3.77,0.0374,0.585,0.547,42.3,32.0,91,29,600,5.7,14.3,6.8,10.0,7.1,8.8,8.1,8.1,7.5,8.0,8.3,16.9,5.9,12.4,128.0,0,0,0,0,0,0
53.9,53.0,54.8,46.7,46.2,47.2,49.8,49.6,50.0,20.1,23.0,17.2,0.656,8.14,0.208,7.05,7.19,9.75,0.202,5.3,3.89,0.0373,0.591,0.565,42.2,32.0,94,30,600,6.1,16.6,7.1,8.8,8.0,7.6,7.4,9.1,8.5,8.2,8.6,17.4,5.2,13.6,132.0,0,0,0,0,0,0
51.5,52.6,50.4,47.7,49.6,45.8,52.9,53.2,52.6,19.6,18.8,20.4,0.705,8.52,0.226,7.46,7.27,10.2,0.226,5.52,4.08,0.0376,0.599,0.583,42.6,32.0,110,35,600,5.8,17.7,7.1,9.0,8.2,8.9,9.3,7.4,8.2,6.9,9.8,18.4,6.6,12.3,136.0,0,0,0,0,0,0
55.1,56.6,53.6,47.2,46.4,48.0,50.4,50.6,50.2,21.0,20.6,21.4,0.737,8.86,0.233,7.75,7.55,10.8,0.229,5.76,4.22,0.0375,0.615,0.611,42.2,32.0,89,31,600,6.5,16.1,7.3,7.0,9.0,6.8,8.1,8.2,8.0,7.9,7.0,17.6,5.3,9.8,125.0,0,0,0,0,0,0
54.9,54.4,55.4,45.6,46.6,44.6,54.1,53.4,54.8,21.7,22.6,20.8,0.804,9.61,0.247,8.39,8.42,11.7,0.251,6.19,4.64,0.0374,0.636,0.683,42.3,32.0,100,33,600,6.8,18.7,7.5,8.0,9.1,8.6,8.6,8.6,8.7,8.2,6.8,18.1,6.0,12.0,136.0,0,0,0,0,0,0
63.5,63.4,63.6,52.4,53.1,51.7,61.8,61.0,62.6,22.2,21.6,22.8,0.763,9.6,0.24,8.1,7.97,11.7,0.247,5.98,4.36,0.0384,0.622,0.613,68.6,54.0,220,75,800,49.1,18.9,9.0,8.9,9.2,10.7,9.6,11.4,7.9,10.8,9.0,18.9,5.5,14.4,193.0,0,0,0,0,0,0
60.5,61.4,59.6,51.7,52.6,50.8,59.6,59.4,59.8,21.0,24.4,17.6,0.802,9.74,0.247,8.25,8.13,11.9,0.238,6.09,4.6,0.0375,0.633,0.64,61.2,48.0,100,39,800,9.3,21.1,11.7,12.0,12.1,10.6,10.6,10.9,11.3,10.0,11.5,22.4,7.2,14.4,175.0,0,0,0,0,0,0
62.9,62.6,63.2,50.9,49.4,52.4,58.4,60.6,56.2,19.7,20.0,19.4,0.802,9.97,0.249,8.4,8.32,12.6,0.252,6.28,4.67,0.0375,0.341,0.652,58.3,45.0,120,38,800,7.9,22.3,11.7,11.6,10.5,10.7,11.5,12.7,11.2,10.3,12.0,24.1,7.6,14.4,179.0,0,0,0,0,0,0
62.1,61.6,62.6,52.0,49.6,54.4,57.8,57.6,58.0,21.3,21.2,21.4,0.832,10.1,0.256,8.8,8.55,12.7,0.244,6.4,4.89,0.0384,0.35,0.656,57.3,45.0,120,43,800,7.7,21.7,9.9,11.1,11.2,9.9,11.0,10.7,10.5,10.7,10.7,23.1,7.0,16.0,171.0,0,0,0,0,0,0
61.8,61.2,62.4,51.9,52.0,51.8,58.9,60.8,57.0,19.8,21.8,17.8,0.841,10.3,0.265,8.72,8.74,13.4,0.252,6.61,5.11,0.0363,0.358,0.694,56.3,44.0,120,42,800,7.7,22.2,11.3,10.7,10.1,10.3,9.3,10.0,12.0,12.3,12.5,22.1,8.4,13.1,172.0,0,0,0,0,0,0
64.5,65.4,63.6,53.9,55.4,52.4,61.5,60.4,62.6,20.6,17.4,23.8,0.895,10.4,0.274,9.03,8.87,13.7,0.266,6.77,5.26,0.0363,0.368,0.715,55.4,44.0,120,42,800,6.9,22.6,11.1,11.2,9.7,11.4,10.6,10.4,11.2,11.2,11.2,23.4,8.2,14.8,174.0,0,0,0,0,0,0
60.5,58.8,62.2,55.1,55.7,54.5,58.5,58.6,58.4,19.7,16.8,22.6,0.924,10.6,0.28,9.16,9.05,14.2,0.267,6.93,5.48,0.0372,0.69,0.719,54.9,44.0,120,40,800,8.5,22.2,12.0,8.6,11.2,12.3,12.2,10.3,9.1,11.2,10.8,22.9,8.8,16.1,176.0,0,0,0,0,0,0
63.5,63.2,63.8,52.6,52.0,53.2,57.6,59.0,56.2,20.4,17.2,23.6,1.03,11.6,0.314,9.95,9.94,15.3,0.3,7.43,5.88,0.0372,0.717,0.803,54.6,43.0,130,41,800,8.5,25.7,11.9,11.7,8.8,10.3,9.6,10.3,11.5,10.9,11.8,20.4,8.6,15.3,175.0,0,0,0,0,0,0
68.5,65.8,71.2,56.2,55.0,57.4,63.3,64.8,61.8,20.1,19.2,21.0,0.965,11.1,0.298,9.57,9.18,14.8,0.278,7.06,5.62,0.0381,0.694,0.732,161.0,110.0,670,220,1000,31.1,25.3,10.5,10.1,13.2,12.7,11.9,13.2,12.7,12.4,13.6,23.6,8.9,18.1,217.0,0,0,0,0,0,0
70.3,68.2,72.4,55.5,53.2,57.8,63.1,63.6,62.6,21.3,23.8,18.8,0.995,11.3,0.307,9.61,9.2,15.4,0.278,6.98,5.81,0.0363,0.699,0.767,143.0,99.0,220,80,1000,13.5,30.7,15.1,12.9,11.4,14.4,12.2,11.0,12.0,11.1,13.9,28.5,9.7,21.2,218.0,0,0,0,0,0,0
67.7,66.6,68.8,54.2,53.2,55.2,62.6,62.6,62.6,21.2,18.2,24.2,1.0,11.3,0.311,9.77,9.35,15.6,0.287,7.01,5.95,0.0372,0.697,0.757,141.0,100.0,330,110,1000,9.7,26.4,13.5,13.5,11.8,14.7,13.2,13.9,12.4,13.9,13.6,28.0,10.1,18.7,213.0,0,0,0,0,0,0
66.8,68.6,65.0,55.8,56.6,55.0,64.3,64.8,63.8,19.6,20.8,18.4,0.985,11.4,0.31,9.73,9.15,15.9,0.285,7.06,6.1,0.0371,0.558,0.777,147.0,100.0,580,110,1000,9.0,30.3,11.4,12.4,11.9,11.9,14.9,12.8,12.9,13.7,13.3,25.7,9.1,18.9,208.0,0,0,0,0,0,0
70.6,69.8,71.4,58.2,58.0,58.4,62.0,62.8,61.2,22.7,21.8,23.6,0.986,11.8,0.315,9.92,9.25,16.2,0.281,7.11,6.18,0.0362,0.387,0.806,142.0,100.0,270,97,1000,10.4,27.2,13.9,12.2,13.2,12.6,13.5,13.2,13.8,12.1,12.7,24.7,8.8,20.7,209.0,0,0,0,0,0,0
69.6,69.0,70.2,54.0,55.2,52.8,64.2,63.4,65.0,19.9,21.2,18.6,1.0,11.8,0.319,10.0,9.28,16.5,0.289,7.12,6.32,0.0382,0.386,0.796,141.0,100.0,320,100,1000,9.3,27.5,13.6,13.9,14.6,16.3,14.6,14.5,13.4,11.8,11.4,27.8,10.0,15.8,215.0,0,0,0,0,0,0
68.8,68.6,69.0,55.7,54.2,57.2,63.2,61.4,65.0,20.2,23.9,16.5,1.06,12.5,0.337,10.8,10.1,18.0,0.313,7.64,6.73,0.0373,0.759,0.869,145.0,100.0,440,120,1000,9.9,27.8,16.4,13.3,13.5,13.9,10.7,14.1,15.5,13.4,12.2,26.0,9.1,16.7,213.0,0,0,0,0,0,0
67.4,66.8,68.0,31.6,35.0,28.2,61.6,63.0,60.2,20.3,18.0,22.6,1.22,13.7,0.385,12.0,11.1,20.2,0.357,8.45,7.57,0.0362,0.797,0.965,155.0,100.0,790,120,1000,9.7,27.2,12.6,14.3,13.8,11.9,14.4,12.7,10.9,12.9,13.6,28.2,10.0,18.1,210.0,0,0,0,0,0,0
53.0,51.2,54.8,45.9,45.8,46.0,51.8,52.0,51.6,22.1,22.8,21.4,0.552,6.87,0.18,6.2,6.02,8.24,0.166,4.59,3.22,0.037,0.26,0.482,46.7,37.0,100,31,600,22.2,18.6,7.1,5.7,8.4,9.0,9.3,8.8,8.6,8.9,7.6,18.0,6.0,9.7,148.0,0,0,0,0,0,0
51.5,51.0,52.0,46.9,46.0,47.8,50.5,49.2,51.8,20.5,20.8,20.2,0.586,7.21,0.194,6.34,6.33,8.53,0.176,4.66,3.42,0.0361,0.271,0.505,44.0,34.0,85,29,600,4.3,15.6,7.5,9.3,7.5,9.7,8.9,8.1,7.6,8.6,8.7,19.0,7.2,11.4,133.0,0,0,0,0,0,0
51.6,52.0,51.2,47.6,47.0,48.2,48.5,50.6,46.4,20.4,21.4,19.4,0.63,7.43,0.201,6.51,6.74,8.92,0.186,5.0,3.58,0.038,0.283,0.539,43.0,34.0,92,31,600,5.4,16.9,8.3,8.3,9.1,8.1,9.1,9.9,8.1,7.2,9.4,19.8,6.8,9.1,136.0,0,0,0,0,0,0
50.3,50.4,50.2,46.8,44.6,49.0,57.6,59.2,56.0,20.1,19.6,20.6,0.655,7.78,0.209,6.74,6.94,9.35,0.193,5.14,3.75,0.0361,0.633,0.55,42.8,34.0,100,32,600,4.9,17.7,9.8,8.9,9.0,7.8,8.2,7.9,7.5,6.6,7.9,15.9,5.8,10.6,129.0,0,0,0,0,0,0
53.7,54.0,53.4,46.0,47.4,44.6,50.6,48.8,52.4,21.1,23.4,18.8,0.69,8.08,0.22,7.0,7.23,9.94,0.203,5.46,4.01,0.0362,0.639,0.568,42.6,33.0,100,32,600,5.9,18.6,8.4,8.2,8.3,9.6,7.8,8.4,9.1,8.1,8.1,19.2,5.8,11.7,137.0,0,0,0,0,0,0
52.6,51.4,53.8,48.1,45.2,51.0,52.3,53.4,51.2,20.0,18.6,21.4,0.739,8.53,0.23,7.21,7.47,10.4,0.214,5.68,4.15,0.036,0.654,0.589,42.7,33.0,100,33,600,5.9,16.3,8.1,6.7,6.8,8.3,8.7,9.3,8.9,10.5,7.7,17.2,5.6,13.2,133.0,0,0,0,0,0,0
50.2,50.2,50.2,46.6,48.0,45.2,53.6,53.8,53.4,20.3,17.0,23.6,0.767,8.81,0.239,7.47,7.93,10.8,0.22,5.91,4.36,0.0379,0.662,0.621,42.2,33.0,94,29,600,4.8,16.5,9.0,9.2,7.7,7.5,9.2,7.3,9.0,8.1,8.7,17.7,5.5,10.3,131.0,0,0,0,0,0,0
53.8,56.2,51.4,47.4,48.6,46.2,52.0,52.4,51.6,21.8,22.8,20.8,0.817,9.45,0.253,8.17,8.54,11.7,0.233,6.41,4.75,0.037,0.688,0.684,41.9,32.0,93,28,600,5.6,17.1,10.1,8.2,7.4,8.2,10.8,7.1,7.1,7.8,8.1,15.6,4.0,10.3,128.0,0,0,0,0,0,0
63.4,63.0,63.8,56.1,55.6,56.6,62.0,62.2,61.8,22.2,19.4,25.0,0.748,9.43,0.227,7.89,7.85,11.5,0.207,5.9,4.56,0.0375,0.667,0.621,84.4,62.0,290,94,800,49.0,18.3,9.7,9.6,9.9,10.8,10.7,8.0,10.1,9.0,8.2,20.6,7.4,14.0,195.0,0,0,0,0,0,0
60.3,62.6,58.0,55.1,54.4,55.8,58.2,57.4,59.0,20.3,19.8,20.8,0.755,9.5,0.237,8.21,8.0,11.7,0.219,6.11,4.68,0.0382,0.666,0.644,72.4,51.0,120,38,800,9.8,24.2,9.7,10.6,13.1,12.3,10.0,13.3,11.3,10.1,9.6,23.1,7.8,15.0,180.0,0,0,0,0,0,0
60.6,60.0,61.2,55.8,54.0,57.6,59.3,61.4,57.2,20.5,19.8,21.2,0.778,9.55,0.239,8.62,8.11,12.2,0.217,6.3,4.72,0.0384,0.337,0.648,67.8,47.0,150,38,800,6.6,23.8,11.5,10.3,9.5,10.2,11.8,9.4,9.6,10.9,12.3,21.6,6.7,15.8,170.0,0,0,0,0,0,0
57.1,58.2,56.0,57.4,57.6,57.2,58.2,58.4,58.0,21.1,18.2,24.0,0.811,9.85,0.25,8.67,8.24,12.6,0.229,6.34,4.91,0.0376,0.343,0.656,64.2,45.0,110,39,800,8.4,23.2,12.0,11.9,9.7,9.0,9.4,11.9,10.4,11.3,12.5,22.6,8.0,14.7,175.0,0,0,0,0,0,0
59.9,60.8,59.0,54.6,52.6,56.5,57.5,56.6,58.4,21.5,23.8,19.2,0.842,10.1,0.257,8.83,8.31,13.1,0.236,6.5,5.11,0.0369,0.351,0.692,61.8,44.0,120,39,800,7.2,23.2,10.3,11.3,9.1,10.3,13.5,11.0,9.8,11.8,10.7,22.4,8.1,13.3,172.0,0,0,0,0,0,0
61.2,59.0,63.4,52.6,53.0,52.2,58.8,58.0,59.6,22.8,25.2,20.4,0.862,10.3,0.272,9.27,8.55,13.4,0.254,6.86,5.22,0.0376,0.368,0.719,60.2,44.0,120,39,800,7.3,21.0,9.7,10.2,11.8,11.2,10.8,12.2,11.5,12.2,10.3,24.3,7.5,14.6,175.0,0,0,0,0,0,0
61.9,62.4,61.4,54.9,54.6,55.2,66.7,66.8,66.6,20.4,20.0,20.8,0.909,10.5,0.277,9.41,8.67,13.9,0.261,6.85,5.44,0.0377,0.702,0.722,64.4,45.0,300,61,800,7.7,26.0,11.3,10.7,10.2,11.1,10.0,9.6,11.9,12.7,9.8,21.0,6.2,13.7,172.0,0,0,0,0,0,0
61.3,60.4,62.2,55.8,54.8,56.8,62.0,62.2,61.8,20.9,20.2,21.6,1.0,11.5,0.31,10.3,9.49,15.4,0.288,7.46,5.9,0.0368,0.725,0.805,63.3,45.0,130,44,800,6.0,24.2,11.4,12.0,10.5,11.3,11.3,11.0,11.3,10.9,11.0,26.5,8.3,15.6,181.0,0,0,0,0,0,0
71.2,74.2,68.2,53.2,53.2,53.2,62.2,60.0,64.4,20.7,23.4,18.0,0.935,11.0,0.293,9.93,8.95,14.8,0.268,7.12,5.72,0.0383,0.706,0.759,154.0,100.0,640,210,1000,33.5,24.5,12.8,11.5,11.6,13.8,14.0,12.6,9.6,12.9,12.3,24.6,8.2,16.4,218.0,0,0,0,0,0,0
67.6,68.8,66.4,55.0,53.2,56.8,65.5,63.2,67.8,21.3,21.2,21.4,0.948,11.2,0.298,9.72,8.96,15.5,0.274,7.12,5.86,0.0364,0.715,0.747,159.0,110.0,430,120,1000,11.6,24.9,15.1,12.7,13.1,13.5,13.5,12.8,11.7,13.1,14.3,29.9,9.7,19.8,216.0,0,0,0,0,0,0
66.9,67.2,66.6,56.2,56.4,56.0,61.3,62.8,59.8,22.0,23.0,21.0,0.944,11.1,0.299,10.0,8.91,15.9,0.275,7.0,5.77,0.0372,0.72,0.754,156.0,110.0,320,130,1000,8.6,26.8,10.9,13.2,12.3,12.6,13.0,15.6,12.5,13.2,15.4,27.5,9.6,18.7,210.0,0,0,0,0,0,0
69.5,69.2,69.8,57.3,58.4,56.2,65.2,62.8,67.6,20.9,18.4,23.4,0.995,11.4,0.309,10.0,9.12,16.3,0.28,7.05,6.02,0.0381,0.727,0.758,144.0,100.0,210,77,1000,8.8,31.0,13.2,13.5,13.5,14.3,12.8,11.8,13.4,14.0,13.2,27.1,7.9,19.1,214.0,0,0,0,0,0,0
68.1,64.8,71.4,60.2,60.2,60.2,67.9,68.8,67.0,20.1,24.0,16.2,1.02,11.7,0.314,10.4,9.02,16.5,0.282,7.12,6.1,0.0374,0.396,0.783,140.0,100.0,270,110,1000,10.5,26.6,13.7,13.3,11.8,14.8,13.1,14.3,14.7,14.1,11.6,28.4,9.9,18.6,215.0,0,0,0,0,0,0
68.9,69.0,68.8,56.9,55.4,58.4,72.8,72.0,73.6,22.6,24.2,21.0,1.03,11.8,0.319,10.5,9.14,16.6,0.292,7.17,6.26,0.0373,0.736,0.792,134.0,100.0,210,87,1000,8.6,27.8,12.8,12.7,15.9,13.2,13.1,13.9,13.2,13.4,11.7,27.5,10.0,18.7,213.0,0,0,0,0,0,0
70.8,71.2,70.4,57.1,58.2,56.0,63.9,63.0,64.8,22.6,19.8,25.4,1.12,12.5,0.344,11.2,9.89,18.1,0.315,7.6,6.75,0.0374,0.755,0.87,135.0,100.0,320,120,1000,9.4,27.4,13.8,14.3,13.6,12.4,13.5,14.1,14.3,13.3,12.0,30.1,11.6,21.1,221.0,0,0,0,0,0,0
67.6,68.4,66.8,31.8,33.8,29.8,66.5,65.8,67.2,19.7,21.8,17.6,1.28,13.8,0.385,12.5,11.0,20.4,0.353,8.54,7.64,0.0377,0.802,0.967,132.0,100.0,210,99,1000,8.3,25.5,14.5,15.0,12.9,13.1,13.9,13.3,13.8,14.2,13.4,27.6,10.1,18.6,214.0,0,0,0,0,0,0
50.3,52.2,48.4,46.0,45.4,46.6,53.1,51.8,54.4,20.0,21.2,18.8,0.514,7.11,0.174,6.38,5.94,8.15,0.145,4.58,3.22,0.0362,0.253,0.474,46.6,34.0,120,30,600,22.8,16.9,8.9,7.5,8.9,7.4,9.4,9.1,8.1,9.0,8.0,17.1,5.6,11.8,151.0,0,0,0,0,0,0
51.2,49.8,52.6,45.7,48.4,43.0,51.0,52.2,49.8,20.1,22.6,17.6,0.529,7.35,0.173,6.57,6.23,8.51,0.152,4.69,3.42,0.0361,0.261,0.495,43.8,32.0,86,29,600,5.3,19.0,7.8,8.4,6.3,9.1,7.8,9.5,7.6,9.0,8.4,16.7,5.3,11.7,132.0,0,0,0,0,0,0
50.9,51.2,50.6,46.4,47.6,45.2,49.4,49.4,49.4,20.8,18.4,23.2,0.548,7.6,0.18,6.82,6.46,8.86,0.159,4.91,3.57,0.0362,0.268,0.51,42.1,32.0,80,29,600,5.5,20.2,7.2,8.6,7.3,8.9,10.2,7.1,8.3,7.8,6.9,16.7,6.0,10.2,131.0,0,0,0,0,0,0
54.5,53.0,56.0,45.7,47.0,44.4,61.1,59.6,62.6,20.7,22.4,19.0,0.559,7.84,0.189,6.91,6.63,9.35,0.163,5.06,3.68,0.038,0.62,0.532,42.2,32.0,100,33,600,6.9,15.7,8.6,7.1,8.7,7.1,8.2,9.2,7.9,7.6,9.0,16.5,4.0,10.0,127.0,0,0,0,0,0,0
54.1,54.4,53.8,46.7,47.4,46.0,52.6,53.8,51.4,19.9,21.6,18.2,0.616,8.02,0.201,7.3,6.89,9.71,0.176,5.28,3.86,0.0381,0.633,0.545,42.2,32.0,100,31,600,6.6,16.7,8.2,9.6,7.1,8.0,9.3,9.0,8.4,9.1,8.0,17.8,6.5,13.1,137.0,0,0,0,0,0,0
51.9,52.6,51.2,46.7,47.0,46.4,52.0,51.2,52.8,20.5,19.6,21.4,0.648,8.39,0.209,7.38,7.26,10.1,0.185,5.58,4.01,0.0382,0.639,0.565,41.7,32.0,92,29,600,6.0,16.4,8.0,7.4,7.4,7.5,9.1,7.9,8.8,6.7,8.0,15.0,5.4,11.3,125.0,0,0,0,0,0,0
54.0,54.8,53.2,44.8,43.6,46.0,54.6,51.8,57.4,19.8,18.2,21.4,0.694,8.77,0.224,7.86,7.55,10.6,0.197,5.73,4.28,0.0382,0.654,0.599,42.1,32.0,120,32,600,5.5,16.0,8.4,6.4,8.6,6.6,9.2,9.4,8.5,8.7,8.1,17.5,5.4,12.3,131.0,0,0,0,0,0,0
53.1,53.8,52.4,47.5,47.0,48.0,52.9,51.0,54.8,21.4,22.8,20.0,0.805,9.44,0.244,8.54,8.21,11.7,0.22,6.33,4.63,0.0383,0.677,0.668,41.6,32.0,86,29,600,5.5,18.9,9.4,9.9,8.4,6.8,7.6,8.7,7.2,6.9,8.0,19.6,6.8,10.5,134.0,0,0,0,0,0,0
62.4,64.0,60.8,52.8,53.0,52.6,62.0,60.4,63.6,19.5,17.8,21.2,0.756,9.4,0.231,8.04,7.81,11.5,0.199,5.85,4.34,0.0376,0.66,0.626,69.3,55.0,210,75,800,45.9,22.1,8.5,9.6,9.6,8.8,10.0,9.6,9.2,10.6,9.7,19.8,5.6,12.6,192.0,0,0,0,0,0,0
63.5,62.6,64.4,53.5,51.4,55.6,56.5,55.4,57.6,20.5,21.8,19.2,0.775,9.56,0.239,8.24,7.98,12.0,0.215,6.15,4.61,0.0365,0.673,0.634,61.7,47.0,110,35,800,9.4,22.8,11.7,10.0,13.1,10.4,11.2,10.5,9.8,12.9,9.9,20.9,7.1,14.4,174.0,0,0,0,0,0,0
62.5,62.2,62.8,49.9,52.4,47.4,58.8,57.6,60.0,20.1,24.6,15.6,0.8,9.77,0.252,8.5,8.15,12.1,0.223,6.24,4.69,0.0375,0.336,0.666,58.5,45.0,120,40,800,8.2,25.4,10.1,10.8,10.6,12.4,10.5,11.3,11.6,9.9,10.4,22.9,8.4,13.2,176.0,0,0,0,0,0,0
64.1,63.8,64.4,54.2,53.0,55.4,60.8,59.6,62.0,21.4,22.6,20.2,0.829,9.91,0.259,8.61,8.5,12.8,0.248,6.45,4.87,0.0375,0.348,0.672,59.0,45.0,170,45,800,6.6,20.7,10.0,11.1,10.3,12.1,10.0,10.6,9.3,12.0,10.6,23.1,7.2,14.8,168.0,0,0,0,0,0,0
63.5,62.6,64.4,54.4,53.6,55.2,59.4,59.0,59.8,19.8,22.2,17.4,0.86,10.2,0.268,8.72,8.75,13.1,0.257,6.69,5.18,0.0366,0.354,0.7,57.5,44.0,120,39,800,7.6,22.7,11.1,12.5,12.8,13.2,11.1,10.1,10.0,10.5,10.2,23.7,8.2,15.5,179.0,0,0,0,0,0,0
63.4,63.4,63.4,53.0,53.8,52.2,60.4,60.6,60.2,19.4,19.2,19.6,0.859,10.5,0.269,8.96,8.85,13.4,0.26,6.81,5.33,0.0375,0.366,0.715,56.6,43.0,120,40,800,9.0,23.7,10.8,10.9,10.8,11.2,10.3,10.1,12.4,10.2,10.1,23.9,6.9,14.4,175.0,0,0,0,0,0,0
63.4,62.6,64.2,53.3,55.6,51.0,63.5,62.8,64.2,20.0,19.4,20.6,0.872,10.6,0.271,9.07,9.0,14.0,0.259,6.79,5.42,0.0367,0.717,0.718,56.4,43.0,150,42,800,7.3,24.2,9.1,10.9,10.4,11.8,12.0,10.9,12.4,10.8,11.7,21.9,7.0,15.8,176.0,0,0,0,0,0,0
63.4,63.8,63.0,53.3,53.0,53.6,58.8,59.2,58.4,20.3,21.6,19.0,0.948,11.3,0.296,9.78,9.88,15.2,0.283,7.41,5.84,0.0376,0.741,0.806,56.0,43.0,120,42,800,7.0,22.2,10.4,10.0,9.8,11.1,12.5,12.2,9.8,10.3,10.0,23.1,7.3,14.5,170.0,0,0,0,0,0,0
68.5,69.4,67.6,54.8,55.8,53.8,65.7,67.6,63.8,20.7,18.2,23.2,0.914,11.2,0.293,9.4,9.2,15.1,0.286,7.09,5.65,0.0384,0.728,0.747,149.0,100.0,570,230,1000,31.0,25.0,13.5,12.7,11.0,12.6,13.3,11.4,11.0,13.6,12.8,25.7,8.6,15.4,218.0,0,0,0,0,0,0
69.3,70.4,68.2,54.6,55.6,53.6,63.3,63.8,62.8,20.7,18.8,22.6,0.945,11.2,0.289,9.78,9.15,15.6,0.273,7.09,5.82,0.0374,0.733,0.75,131.0,92.0,190,71,1000,10.3,28.1,11.9,14.6,11.3,16.5,11.9,12.4,16.5,13.8,13.5,28.8,9.5,19.5,219.0,0,0,0,0,0,0
67.7,66.8,68.6,57.3,56.8,57.8,64.1,63.6,64.6,20.6,23.2,18.0,0.957,11.3,0.301,9.85,9.18,15.9,0.281,7.05,5.99,0.0381,0.738,0.769,128.0,93.0,290,99,1000,9.7,29.3,14.0,13.8,10.3,13.1,12.0,15.1,13.0,14.8,14.6,26.7,10.0,19.4,216.0,0,0,0,0,0,0
69.7,68.8,70.6,57.9,58.6,57.2,63.0,64.0,62.0,19.9,22.4,17.4,1.01,11.4,0.314,9.9,9.37,16.0,0.297,7.27,6.19,0.0384,0.741,0.79,125.0,93.0,260,92,1000,8.1,29.0,11.6,14.4,14.6,13.3,13.7,13.9,14.0,13.9,12.1,27.1,10.1,18.7,215.0,0,0,0,0,0,0
67.8,68.8,66.8,55.3,54.8,55.8,63.1,62.0,64.2,19.9,16.0,23.8,1.01,11.6,0.32,10.3,9.3,16.3,0.3,7.22,6.21,0.0391,0.395,0.794,126.0,92.0,460,81,1000,9.8,30.8,14.2,12.9,12.9,10.8,12.4,13.1,13.2,15.5,12.6,25.5,8.9,18.3,211.0,0,0,0,0,0,0
69.6,67.0,72.2,53.6,53.2,54.0,70.5,68.6,72.4,20.1,17.6,22.6,1.04,11.9,0.325,10.4,9.15,16.8,0.304,7.22,6.41,0.0373,0.403,0.806,124.0,93.0,240,98,1000,9.9,26.6,12.5,15.4,13.5,12.0,12.9,15.0,15.8,13.7,11.5,28.6,9.5,20.1,217.0,0,0,0,0,0,0
68.6,69.6,67.6,54.1,55.8,52.4,63.1,62.6,63.6,20.4,20.8,20.0,1.1,12.7,0.345,11.1,10.1,18.4,0.328,7.67,6.88,0.0381,0.741,0.885,127.0,96.0,340,120,1000,10.4,27.9,13.0,14.9,12.9,14.3,14.1,12.8,14.8,13.3,14.9,30.1,9.0,17.3,220.0,0,0,0,0,0,0
65.7,65.2,66.2,31.4,33.6,29.2,65.2,65.2,65.2,20.6,20.2,21.0,1.25,13.9,0.378,12.2,11.2,20.4,0.368,8.63,7.66,0.0381,0.789,0.973,131.0,97.0,460,110,1000,10.2,26.8,13.0,14.2,12.3,12.2,13.7,13.1,14.1,12.1,13.4,29.1,8.6,19.3,212.0,0,0,0,0,0,0
52.5,54.2,50.8,45.3,46.4,44.2,49.6,48.0,51.2,19.0,16.8,21.2,0.544,6.86,0.181,6.25,5.94,8.19,0.154,4.54,3.23,0.0359,0.258,0.48,46.8,37.0,100,33,600,22.1,17.6,10.4,8.8,7.3,8.5,8.8,8.7,7.5,7.6,7.8,18.1,6.0,10.6,150.0,0,0,0,0,0,0
54.7,54.0,55.4,45.4,48.2,42.6,50.2,48.8,51.6,20.7,22.0,19.4,0.547,7.3,0.183,6.49,6.41,8.46,0.159,4.75,3.39,0.0369,0.266,0.501,44.1,34.0,90,28,600,4.5,18.3,8.6,9.0,7.0,7.6,7.5,9.0,9.5,7.6,7.8,14.9,4.2,12.4,128.0,0,0,0,0,0,0
53.0,54.0,52.0,47.4,46.6,48.2,50.5,51.8,49.2,20.1,21.4,18.8,0.618,7.56,0.19,6.52,6.51,8.92,0.168,4.91,3.56,0.0369,0.281,0.525,42.8,33.0,88,29,600,5.1,16.0,8.1,8.4,8.3,8.4,8.2,9.1,7.0,6.9,9.4,17.9,6.3,10.2,129.0,0,0,0,0,0,0
50.2,48.6,51.8,45.8,45.6,46.0,55.9,55.2,56.6,19.8,22.4,17.2,0.617,7.74,0.197,6.81,6.94,9.41,0.188,5.17,3.68,0.0368,0.625,0.542,42.1,32.0,92,30,600,4.4,16.4,9.2,8.5,8.2,7.1,7.7,8.4,9.1,8.7,7.9,16.6,5.6,11.3,129.0,0,0,0,0,0,0
52.1,53.4,50.8,44.6,41.6,47.6,52.5,53.8,51.2,19.9,19.0,20.8,0.642,8.04,0.205,7.03,7.11,9.72,0.206,5.28,3.91,0.0358,0.634,0.561,41.3,32.0,82,30,600,5.4,18.2,7.9,7.6,9.8,8.1,7.5,8.5,7.1,7.3,8.9,17.6,6.4,12.3,133.0,0,0,0,0,0,0
52.9,53.4,52.4,45.9,45.8,46.0,54.6,54.8,54.4,20.2,18.8,21.6,0.691,8.4,0.219,7.38,7.39,10.2,0.213,5.52,4.04,0.0378,0.642,0.58,42.2,32.0,110,34,600,6.1,15.8,9.6,7.6,7.4,8.0,6.6,7.4,8.8,8.2,8.3,19.3,6.2,13.0,132.0,0,0,0,0,0,0
52.6,52.2,53.0,46.3,45.8,46.8,52.7,51.8,53.6,19.5,16.8,22.2,0.719,8.66,0.23,7.59,7.69,10.8,0.224,5.76,4.24,0.0369,0.656,0.609,41.8,32.0,90,31,600,5.4,17.6,8.2,8.4,7.8,8.6,8.5,8.3,8.1,7.9,9.0,17.3,6.0,12.2,133.0,0,0,0,0,0,0
54.6,58.0,51.2,46.7,47.6,45.8,50.6,50.2,51.0,20.3,17.6,23.0,0.818,9.36,0.256,8.32,8.46,12.0,0.253,6.28,4.66,0.0378,0.679,0.681,41.6,32.0,94,31,600,6.5,16.0,7.3,10.5,7.6,7.6,7.6,9.8,9.0,8.2,8.8,19.4,6.7,10.9,136.0,0,0,0,0,0,0
67.3,67.0,67.6,52.1,53.0,51.2,67.8,68.0,67.6,20.4,21.6,19.2,0.84,9.48,0.26,7.94,7.95,11.7,0.253,5.96,4.55,0.0367,0.665,0.644,70.8,57.0,210,80,800,48.1,21.3,8.3,8.6,9.7,10.9,9.8,10.0,11.0,9.2,8.4,19.3,8.1,13.3,196.0,0,0,0,0,0,0
63.3,62.4,64.2,52.1,53.6,50.6,58.9,58.6,59.2,20.8,20.8,20.8,0.85,9.47,0.257,8.33,8.22,12.1,0.251,6.18,4.65,0.0375,0.671,0.662,64.9,51.0,130,39,800,6.7,20.9,12.4,9.3,11.0,11.1,9.5,10.9,10.1,11.6,11.0,26.1,8.4,17.3,176.0,0,0,0,0,0,0
61.8,59.2,64.4,53.8,54.2,53.4,57.6,58.2,57.0,20.0,22.2,17.8,0.885,9.83,0.265,8.5,8.31,12.6,0.256,6.26,4.81,0.0375,0.34,0.664,60.4,48.0,100,38,800,8.1,23.3,10.8,9.5,9.8,11.1,11.5,10.2,11.8,9.1,10.2,19.7,7.2,17.6,170.0,0,0,0,0,0,0
64.3,63.8,64.8,54.2,52.9,55.5,60.7,59.2,62.2,20.9,20.6,21.2,0.888,9.91,0.275,8.68,8.44,12.9,0.257,6.41,4.89,0.0376,0.355,0.702,59.3,48.0,130,47,800,7.0,20.3,12.0,11.3,12.1,9.4,10.1,12.3,10.9,10.0,11.1,24.7,8.0,15.0,174.0,0,0,0,0,0,0
59.4,57.4,61.4,55.2,55.2,55.2,59.8,60.6,59.0,20.4,23.2,17.6,0.917,10.2,0.285,9.0,8.56,13.2,0.267,6.46,5.18,0.0366,0.356,0.704,58.9,47.0,140,45,800,8.4,22.9,10.1,10.0,10.9,10.8,11.2,10.5,12.8,9.7,13.6,22.9,8.1,16.1,178.0,0,0,0,0,0,0
59.9,58.0,61.8,51.2,51.2,51.2,58.3,57.2,59.4,20.8,22.4,19.2,0.931,10.5,0.286,9.21,8.88,13.6,0.269,6.85,5.36,0.0356,0.37,0.717,57.3,46.0,110,38,800,8.8,22.5,11.6,12.6,11.1,10.0,10.1,11.8,10.4,10.8,9.8,21.8,7.1,13.5,172.0,0,0,0,0,0,0
60.3,59.6,61.0,50.8,51.6,50.0,59.8,61.0,58.6,21.7,22.2,21.2,0.958,10.7,0.286,9.4,8.97,14.1,0.265,6.82,5.38,0.0357,0.737,0.735,58.5,46.0,190,48,800,7.7,21.1,11.3,10.3,13.0,11.4,10.2,9.3,10.2,9.5,11.7,22.8,7.6,16.4,173.0,0,0,0,0,0,0
61.2,58.8,63.6,54.3,54.6,54.0,59.8,61.4,58.2,20.9,20.2,21.6,1.03,11.5,0.313,10.1,9.81,15.5,0.296,7.37,5.83,0.0356,0.761,0.804,57.5,45.0,110,40,800,7.5,21.8,12.1,9.8,11.2,10.0,10.7,9.8,11.5,10.9,11.2,19.2,6.1,14.6,166.0,0,0,0,0,0,0
72.0,73.6,70.4,54.9,54.4,55.4,65.2,65.4,65.0,20.5,17.4,23.6,0.934,11.1,0.293,9.74,8.98,15.0,0.269,6.97,5.51,0.036,0.732,0.736,172.0,110.0,680,290,1000,31.9,26.4,11.9,11.1,12.2,12.2,12.3,11.2,12.4,13.2,13.9,25.4,9.4,16.0,220.0,0,0,0,0,0,0
70.9,70.2,71.6,56.6,55.8,57.4,62.4,60.4,64.4,20.9,16.6,25.2,0.931,11.2,0.303,9.8,9.03,15.1,0.273,6.83,5.85,0.0363,0.742,0.744,166.0,110.0,350,110,1000,11.6,26.9,14.0,13.2,12.7,14.4,15.4,12.3,13.2,13.0,14.0,29.5,9.4,18.1,218.0,0,0,0,0,0,0
67.5,67.6,67.4,55.3,52.6,58.0,64.4,62.6,66.2,21.1,17.2,25.0,0.952,11.3,0.302,9.94,9.01,15.7,0.277,6.95,5.94,0.0374,0.737,0.748,150.0,100.0,220,78,1000,9.8,28.6,14.0,14.0,13.7,15.0,11.7,13.4,14.3,11.4,16.4,27.9,10.3,18.4,219.0,0,0,0,0,0,0
69.9,68.8,71.0,55.1,56.6,53.6,62.0,63.4,60.6,20.4,16.4,24.4,0.986,11.5,0.312,10.0,9.04,16.1,0.284,7.19,6.07,0.0384,0.386,0.775,147.0,110.0,300,120,1000,9.8,27.0,12.1,11.7,13.4,13.4,14.1,13.5,15.7,15.0,11.5,28.5,8.9,16.2,211.0,0,0,0,0,0,0
69.6,69.2,70.0,60.1,58.6,61.6,66.7,65.8,67.6,20.5,19.2,21.8,1.01,11.7,0.33,10.2,9.13,16.5,0.298,7.32,6.24,0.0365,0.392,0.795,141.0,100.0,220,94,1000,7.9,28.0,13.4,12.2,14.3,13.1,13.1,13.6,12.5,13.6,14.1,29.0,10.4,17.6,213.0,0,0,0,0,0,0
69.2,72.4,66.0,58.3,57.4,59.2,61.7,60.0,63.4,19.8,23.0,16.6,1.03,11.7,0.322,10.3,9.3,16.9,0.298,7.26,6.26,0.0374,0.73,0.794,143.0,100.0,430,100,1000,10.8,27.4,14.0,12.2,12.1,14.5,13.9,13.4,13.1,14.3,12.9,26.9,8.6,18.4,213.0,0,0,0,0,0,0
68.6,67.8,69.4,62.1,62.2,62.0,63.5,61.4,65.6,20.9,19.0,22.8,1.12,12.7,0.347,11.0,9.95,18.4,0.324,7.68,6.86,0.0376,0.758,0.881,144.0,110.0,300,120,1000,10.3,29.7,16.4,12.6,12.8,14.8,13.4,13.4,15.1,11.0,13.1,30.4,10.4,18.0,221.0,0,0,0,0,0,0
64.3,62.4,66.2,29.6,33.2,26.0,62.2,61.8,62.6,20.5,23.8,17.2,1.24,13.9,0.389,12.5,11.0,20.4,0.365,8.67,7.72,0.0368,0.8,0.969,141.0,110.0,290,99,1000,9.9,28.3,14.7,12.4,14.9,11.6,14.4,13.2,14.9,11.6,13.6,27.3,9.2,17.2,213.0,0,0,0,0,0,0
50.6,53.0,48.2,46.4,46.6,46.2,51.3,50.2,52.4,19.8,25.0,14.6,0.516,6.91,0.166,6.28,5.82,8.21,0.14,4.5,3.23,0.0379,0.257,0.462,42.9,34.0,94,28,600,23.0,19.2,8.6,8.7,7.6,8.0,9.9,7.7,8.3,8.9,9.1,14.7,4.0,11.4,149.0,0,0,0,0,0,0
50.7,49.8,51.6,46.6,45.6,47.6,53.6,53.2,54.0,21.2,21.2,21.2,0.538,7.31,0.169,6.58,6.09,8.47,0.147,4.67,3.34,0.038,0.264,0.479,41.7,32.0,95,28,600,6.0,14.8,8.1,7.6,8.2,6.9,7.4,9.8,8.3,8.7,7.8,16.8,4.9,11.4,127.0,0,0,0,0,0,0
49.3,47.0,51.6,47.2,46.0,48.4,50.5,48.6,52.4,19.4,19.8,19.0,0.549,7.33,0.177,6.77,6.33,8.79,0.156,4.87,3.55,0.0371,0.273,0.492,40.7,32.0,81,28,600,5.8,17.1,7.8,9.2,8.6,9.6,8.7,8.7,7.9,8.7,7.0,16.3,5.1,12.3,133.0,0,0,0,0,0,0
52.2,52.6,51.8,47.8,48.2,47.4,54.1,54.2,54.0,21.6,20.2,23.0,0.598,7.77,0.189,7.03,6.69,9.29,0.165,5.1,3.77,0.0372,0.612,0.519,40.5,31.0,91,29,600,6.3,17.8,9.4,5.6,8.2,9.7,6.4,8.5,8.0,9.7,7.4,16.7,5.6,10.0,129.0,0,0,0,0,0,0
50.0,51.2,48.8,46.0,46.2,45.8,52.5,53.2,51.8,21.1,21.8,20.4,0.617,8.21,0.197,7.38,6.75,9.79,0.172,5.36,3.94,0.0381,0.623,0.533,41.3,31.0,110,32,600,5.1,15.8,8.1,9.7,8.3,9.6,7.9,8.9,9.7,6.4,9.0,18.1,6.1,12.1,135.0,0,0,0,0,0,0
50.4,50.4,50.4,48.3,46.2,50.4,54.1,55.4,52.8,19.9,23.0,16.8,0.614,8.31,0.199,7.62,7.14,10.2,0.175,5.48,4.09,0.0389,0.63,0.555,41.2,31.0,96,31,600,6.4,17.3,7.7,8.0,7.6,9.3,7.5,7.8,7.5,9.0,6.6,16.9,5.1,12.0,129.0,0,0,0,0,0,0
51.8,52.0,51.6,46.6,47.6,45.6,52.1,50.2,54.0,20.1,18.6,21.6,0.666,8.75,0.208,7.98,7.33,10.6,0.186,5.7,4.23,0.038,0.644,0.579,41.4,32.0,96,33,600,6.5,16.4,7.5,7.7,7.8,8.7,9.0,8.9,8.6,9.5,9.0,18.0,5.5,11.7,135.0,0,0,0,0,0,0
52.7,50.8,54.6,47.6,46.8,48.4,53.3,53.2,53.4,20.2,21.8,18.6,0.729,9.56,0.226,8.7,8.09,11.7,0.205,6.19,4.66,0.038,0.668,0.648,41.5,32.0,110,31,600,5.9,18.0,7.8,8.5,8.8,8.4,7.5,7.3,8.1,7.5,7.5,14.6,5.5,12.1,128.0,0,0,0,0,0,0
64.2,63.4,65.0,52.4,52.4,52.4,64.5,65.4,63.6,20.5,20.2,20.8,0.718,9.38,0.225,8.25,7.67,11.5,0.198,5.87,4.42,0.0371,0.654,0.621,75.7,60.0,220,92,800,45.9,22.8,10.4,9.6,8.8,9.6,8.6,8.8,11.1,10.5,9.1,18.7,6.3,14.7,195.0,0,0,0,0,0,0
59.3,60.8,57.8,51.6,49.8,53.4,60.6,61.2,60.0,22.1,19.4,24.8,0.781,9.62,0.237,8.46,7.83,12.0,0.215,6.11,4.6,0.0361,0.583,0.64,66.2,50.0,100,38,800,11.0,24.2,11.3,10.5,13.0,12.2,9.6,10.9,11.0,10.5,10.0,25.4,8.9,13.7,182.0,0,0,0,0,0,0
59.6,59.8,59.4,54.2,55.8,52.6,61.3,59.8,62.8,20.4,17.6,23.2,0.812,9.79,0.246,8.64,8.0,12.3,0.223,6.16,4.67,0.0362,0.354,0.655,62.3,48.0,110,41,800,8.2,20.6,11.4,11.5,11.5,11.8,9.9,10.6,13.0,10.4,10.6,22.0,8.5,15.2,175.0,0,0,0,0,0,0
59.7,57.8,61.6,52.2,53.6,50.8,59.8,59.0,60.6,21.5,23.5,19.5,0.809,10.1,0.248,9.06,8.27,12.6,0.223,6.38,4.93,0.0371,0.363,0.679,59.1,45.0,110,35,800,6.4,24.8,11.3,9.8,10.2,10.8,10.1,12.4,12.5,9.4,12.3,22.5,6.0,13.7,172.0,0,0,0,0,0,0
59.0,59.6,58.4,53.4,53.4,53.4,60.7,61.4,60.0,21.4,19.6,23.2,0.831,10.4,0.254,9.26,8.35,13.2,0.228,6.67,5.02,0.0371,0.373,0.68,57.7,44.0,120,40,800,7.6,22.5,11.0,10.0,10.9,11.4,10.1,8.1,11.1,11.8,11.0,21.7,5.9,14.6,168.0,0,0,0,0,0,0
62.7,62.4,63.0,53.8,52.0,55.6,62.1,61.2,63.0,20.8,22.2,19.4,0.851,10.5,0.259,9.4,8.57,13.5,0.235,6.68,5.17,0.0383,0.381,0.707,57.6,44.0,160,40,800,9.0,24.1,11.1,9.5,10.9,12.3,10.6,10.8,10.7,12.1,10.4,20.1,7.2,15.8,175.0,0,0,0,0,0,0
61.2,61.6,60.8,53.7,53.7,53.7,69.7,69.8,69.6,21.5,20.6,22.4,0.874,10.9,0.263,9.72,8.72,13.9,0.242,6.81,5.36,0.0363,0.738,0.711,57.8,44.0,150,44,800,7.5,21.4,10.0,9.1,11.9,11.0,10.6,9.4,11.3,10.8,10.7,22.0,6.3,16.3,168.0,0,0,0,0,0,0
61.4,61.0,61.8,53.0,54.6,51.4,57.8,58.4,57.2,20.0,22.4,17.6,0.966,11.6,0.291,10.5,9.54,15.2,0.266,7.44,5.9,0.0373,0.768,0.796,57.1,44.0,130,42,800,7.5,22.7,10.9,11.5,12.2,12.3,10.4,12.1,9.5,10.2,10.7,21.6,6.9,14.7,173.0,0,0,0,0,0,0
71.2,68.6,73.8,55.8,56.8,54.8,62.9,61.8,64.0,20.3,20.4,20.2,0.875,11.2,0.264,9.75,9.09,14.7,0.251,6.81,5.48,0.0372,0.741,0.699,168.0,110.0,690,280,1000,34.1,26.8,12.7,12.9,12.9,10.8,12.2,12.8,11.6,10.8,11.6,23.5,7.7,17.8,218.0,0,0,0,0,0,0
67.1,66.2,68.0,55.4,53.4,57.4,65.0,66.0,64.0,20.8,22.4,19.2,0.92,11.4,0.274,9.87,9.15,15.3,0.265,7.08,5.67,0.0366,0.755,0.739,150.0,95.0,250,74,1000,11.5,27.5,15.6,11.0,13.6,15.0,11.7,14.5,11.4,11.6,13.2,30.2,9.6,18.6,215.0,0,0,0,0,0,0
69.8,70.8,68.8,57.3,56.2,58.4,61.9,62.0,61.8,21.1,24.2,18.0,0.946,11.7,0.28,9.91,9.35,15.5,0.274,7.15,5.86,0.0383,0.765,0.733,139.0,92.0,270,83,1000,8.8,28.4,13.8,15.0,13.7,14.5,14.0,12.2,13.5,12.0,15.0,27.9,8.3,17.4,215.0,0,0,0,0,0,0
70.2,69.0,71.4,58.2,57.4,59.0,69.0,68.4,69.6,21.3,24.0,18.6,0.994,11.5,0.287,10.0,9.45,15.9,0.286,7.25,6.1,0.0373,0.767,0.778,127.0,86.0,150,64,1000,8.3,27.2,11.1,13.4,15.0,13.8,13.5,14.4,14.3,14.6,13.4,25.5,9.3,18.5,212.0,0,0,0,0,0,0
69.5,69.6,69.4,57.5,57.4,57.6,61.5,60.8,62.2,21.0,19.2,22.8,1.02,11.7,0.305,10.1,9.76,16.4,0.289,7.24,6.19,0.0373,0.428,0.78,124.0,87.0,250,90,1000,10.0,26.9,13.7,12.2,13.2,14.0,12.7,14.8,12.7,14.3,13.1,26.7,9.6,20.1,214.0,0,0,0,0,0,0
67.6,65.6,69.6,57.1,57.6,56.6,66.7,66.2,67.2,20.4,18.4,22.4,1.07,12.1,0.318,10.1,9.72,16.9,0.313,7.2,6.29,0.0372,0.432,0.798,119.0,85.0,200,71,1000,10.9,29.3,14.6,16.0,13.3,12.4,13.4,11.4,10.0,14.1,13.7,26.0,9.0,18.8,213.0,0,0,0,0,0,0
71.6,72.4,70.8,58.1,59.0,57.2,72.4,72.8,72.0,22.5,21.4,23.6,1.15,12.8,0.342,10.8,10.4,18.4,0.339,7.68,6.71,0.0381,0.829,0.874,122.0,90.0,320,130,1000,8.4,26.9,13.5,13.9,12.7,13.7,13.6,12.5,11.8,13.7,16.1,28.0,9.7,19.8,214.0,0,0,0,0,0,0
63.2,60.6,65.8,28.7,26.6,30.8,61.4,63.0,59.8,19.2,19.8,18.6,1.28,14.1,0.374,12.0,11.7,20.3,0.373,8.66,7.63,0.037,0.874,0.96,120.0,89.0,220,82,1000,9.5,28.2,13.4,13.5,10.6,13.4,13.8,13.4,15.0,13.3,12.8,26.4,7.7,19.6,211.0,0,0,0,0,0,0
53.7,53.6,53.8,46.6,46.4,46.8,53.5,52.8,54.2,19.9,18.8,21.0,0.515,6.93,0.168,5.81,6.27,8.14,0.147,4.5,3.15,0.0377,0.252,0.448,44.1,34.0,120,31,600,23.4,15.9,9.2,10.1,8.3,7.3,8.6,7.2,8.3,8.0,9.0,18.5,5.0,12.4,151.0,0,0,0,0,0,0
51.0,52.4,49.6,45.9,46.0,45.8,52.6,53.0,52.2,20.8,20.6,21.0,0.539,7.18,0.176,6.2,6.34,8.43,0.154,4.7,3.37,0.0367,0.259,0.469,41.8,32.0,86,27,600,4.8,15.8,10.4,8.2,9.1,7.6,7.0,9.4,8.2,6.8,8.8,18.0,6.0,13.3,133.0,0,0,0,0,0,0
50.4,49.0,51.8,44.3,43.2,45.4,51.9,54.0,49.8,19.3,21.6,17.0,0.579,7.6,0.184,6.64,6.46,9.05,0.169,4.91,3.53,0.0391,0.27,0.486,41.2,31.0,94,29,600,5.3,17.9,8.2,8.8,7.2,6.6,7.5,8.0,9.1,7.7,7.7,16.4,5.4,12.7,129.0,0,0,0,0,0,0
55.0,54.6,55.4,44.4,42.4,46.4,61.1,59.8,62.4,20.0,20.2,19.8,0.588,7.75,0.193,6.93,6.67,9.42,0.177,5.14,3.64,0.0372,0.333,0.513,41.6,31.0,100,32,600,6.2,15.4,9.5,8.8,5.8,6.6,9.0,8.5,8.1,8.8,8.0,15.4,5.5,9.7,125.0,0,0,0,0,0,0
50.9,51.0,50.8,46.6,46.8,46.4,53.4,52.0,54.8,20.2,22.6,17.8,0.643,8.17,0.201,7.22,6.88,9.71,0.188,5.3,3.84,0.0371,0.615,0.541,41.1,31.0,89,29,600,4.9,16.9,8.2,9.5,6.8,8.0,8.4,9.0,7.5,7.9,8.9,17.0,6.7,11.0,131.0,0,0,0,0,0,0
52.9,54.2,51.6,46.5,46.8,46.2,50.9,51.0,50.8,20.2,17.8,22.6,0.65,8.29,0.209,7.58,7.04,10.0,0.193,5.44,3.97,0.038,0.626,0.554,40.4,31.0,85,27,600,5.3,20.3,6.8,8.0,7.8,7.5,8.2,7.9,8.0,6.7,7.9,13.6,4.3,12.1,124.0,0,0,0,0,0,0
53.4,56.0,50.8,45.5,44.6,46.4,52.1,52.0,52.2,20.0,21.0,19.0,0.702,8.76,0.219,7.95,7.14,10.5,0.206,5.63,4.19,0.0373,0.629,0.587,40.4,31.0,91,32,600,6.0,16.3,7.2,8.5,7.0,7.2,9.6,8.1,8.9,9.6,7.8,17.7,6.3,11.7,132.0,0,0,0,0,0,0
53.0,54.0,52.0,45.3,45.6,45.0,53.8,52.2,55.4,19.3,18.0,20.6,0.776,9.49,0.243,8.84,7.89,11.5,0.223,6.22,4.6,0.0383,0.652,0.646,40.3,31.0,91,31,600,5.9,14.7,10.0,8.5,8.4,7.7,8.6,10.1,7.5,8.2,6.4,17.2,5.7,11.6,131.0,0,0,0,0,0,0
63.8,63.0,64.6,51.6,50.0,53.2,61.9,62.4,61.4,19.6,19.2,20.0,0.762,9.08,0.226,8.08,7.47,11.2,0.208,5.88,4.39,0.0382,0.639,0.597,69.2,54.0,220,79,800,46.9,20.4,8.5,9.7,11.1,10.5,9.6,9.7,10.0,9.9,8.7,18.6,5.8,13.5,193.0,0,0,0,0,0,0
62.4,61.4,63.4,53.6,52.6,54.6,57.9,59.0,56.8,20.8,22.8,18.8,0.782,9.53,0.235,8.31,7.82,11.8,0.212,6.06,4.61,0.0382,0.654,0.635,61.4,48.0,100,39,800,10.2,23.6,8.8,10.4,10.2,13.5,10.4,11.2,12.2,10.1,10.0,20.9,6.3,14.3,172.0,0,0,0,0,0,0
61.4,59.8,63.0,52.0,52.0,52.0,59.9,57.6,62.2,19.8,20.6,19.0,0.815,9.62,0.247,8.62,8.12,12.1,0.222,6.21,4.71,0.038,0.335,0.646,60.0,47.0,130,43,800,7.5,22.3,12.5,11.0,12.5,9.8,11.9,9.9,11.6,10.7,12.4,24.3,9.7,14.2,180.0,0,0,0,0,0,0
61.5,60.6,62.4,52.6,53.6,51.6,61.5,60.6,62.4,20.2,22.4,18.0,0.842,9.92,0.257,8.61,8.31,12.5,0.237,6.53,4.94,0.0371,0.346,0.674,58.3,46.0,130,41,800,7.2,21.7,10.3,10.5,11.5,12.1,11.3,11.2,10.2,10.6,10.2,23.4,7.2,14.2,172.0,0,0,0,0,0,0
66.2,64.8,67.6,52.6,50.6,54.6,60.2,61.6,58.8,20.5,20.0,21.0,0.873,9.96,0.27,8.74,8.63,13.2,0.256,6.6,5.08,0.037,0.361,0.685,56.5,45.0,100,41,800,7.2,22.9,9.8,13.0,10.3,10.6,10.7,11.8,9.7,10.9,13.2,22.2,7.8,14.9,175.0,0,0,0,0,0,0
61.0,59.6,62.4,50.9,50.2,51.6,59.0,58.2,59.8,20.4,19.4,21.4,0.897,10.4,0.271,9.0,8.7,13.6,0.259,6.78,5.23,0.0377,0.366,0.701,56.7,45.0,140,44,800,10.3,19.9,9.1,10.2,9.8,11.1,10.7,11.3,12.0,10.4,10.5,23.2,8.2,15.6,172.0,0,0,0,0,0,0
62.4,62.6,62.2,53.3,52.3,54.3,68.3,68.4,68.2,21.5,19.0,24.0,0.938,10.7,0.286,9.05,9.07,13.9,0.266,6.78,5.33,0.0375,0.373,0.716,56.5,45.0,120,47,800,6.8,25.6,11.1,9.7,10.0,12.0,10.2,11.6,10.6,11.8,8.1,22.5,7.6,17.0,175.0,0,0,0,0,0,0
64.5,64.8,64.2,54.0,54.4,53.6,59.3,60.2,58.4,20.9,18.2,23.6,1.02,11.5,0.309,9.89,9.85,15.4,0.293,7.31,5.94,0.0374,0.737,0.796,56.7,46.0,130,51,800,5.8,20.2,10.5,11.5,11.9,9.0,10.6,10.1,13.7,11.8,13.4,23.3,8.6,15.6,176.0,0,0,0,0,0,0
67.9,68.6,67.2,58.8,58.2,59.4,65.1,65.6,64.6,20.3,18.8,21.8,0.965,11.3,0.289,9.6,9.21,15.0,0.27,6.95,5.58,0.0358,0.721,0.749,148.0,110.0,510,230,1000,31.1,26.5,13.9,12.3,12.9,12.8,11.5,12.1,11.5,11.2,14.9,22.8,7.3,17.4,218.0,0,0,0,0,0,0
70.5,70.0,71.0,56.7,57.0,56.4,64.9,65.4,64.4,20.4,21.4,19.4,0.984,11.3,0.299,9.86,9.17,15.2,0.273,6.89,5.73,0.0358,0.729,0.753,132.0,98.0,190,82,1000,10.7,30.3,12.8,13.0,13.2,13.4,16.4,11.7,13.1,11.3,16.2,28.7,10.9,15.8,218.0,0,0,0,0,0,0
68.7,67.0,70.4,56.1,57.6,54.6,63.8,63.8,63.8,21.4,25.4,17.4,0.957,11.4,0.292,9.9,9.24,15.7,0.267,7.09,6.01,0.0376,0.73,0.751,121.0,90.0,190,65,1000,8.6,28.9,14.8,12.3,10.9,13.6,14.3,13.1,14.3,14.5,13.2,26.2,8.0,20.6,213.0,0,0,0,0,0,0
70.0,70.4,69.6,58.5,57.4,59.6,65.4,64.2,66.6,21.2,20.6,21.8,0.982,11.7,0.298,9.99,9.31,16.1,0.277,7.35,6.12,0.0376,0.739,0.792,117.0,89.0,240,83,1000,8.8,29.1,13.4,12.0,12.7,12.7,11.6,14.2,13.2,13.7,12.5,26.9,7.8,17.1,206.0,0,0,0,0,0,0
70.2,70.2,70.2,55.3,55.6,55.0,64.3,64.2,64.4,20.9,17.6,24.2,0.966,11.7,0.3,10.2,9.36,16.6,0.273,7.34,6.3,0.0357,0.412,0.78,119.0,92.0,300,110,1000,9.4,27.5,14.6,12.5,14.1,14.4,12.9,12.8,14.3,12.7,14.0,27.4,8.7,17.3,213.0,0,0,0,0,0,0
70.3,70.8,69.8,55.8,55.6,56.0,63.3,62.6,64.0,20.2,18.0,22.4,1.02,11.9,0.308,10.3,9.29,16.5,0.283,7.21,6.37,0.0365,0.417,0.798,120.0,95.0,260,110,1000,10.6,25.9,13.6,14.2,15.0,12.6,14.6,12.6,14.7,13.7,12.0,30.7,10.4,19.5,220.0,0,0,0,0,0,0
70.4,70.6,70.2,52.9,52.8,53.0,61.7,61.0,62.4,21.4,19.0,23.8,1.1,12.7,0.331,11.1,10.1,18.2,0.309,7.85,6.78,0.0368,0.769,0.875,119.0,96.0,230,100,1000,10.9,27.0,14.0,13.8,12.0,11.9,13.7,11.9,15.5,13.1,13.1,30.1,8.9,17.1,213.0,0,0,0,0,0,0
66.5,67.0,66.0,30.0,29.6,30.4,65.7,64.2,67.2,20.7,22.2,19.2,1.24,14.1,0.368,12.4,11.2,20.1,0.348,8.63,7.68,0.0359,0.821,0.979,123.0,99.0,330,140,1000,9.5,27.9,12.1,15.0,14.2,13.1,12.1,15.2,16.2,12.9,14.8,27.2,8.5,17.7,216.0,0,0,0,0,0,0
49.6,51.2,48.0,47.4,46.0,48.8,53.3,54.4,52.2,19.1,16.2,22.0,0.567,7.09,0.181,6.67,5.64,8.25,0.157,4.6,3.32,0.0375,0.262,0.48,50.6,38.0,100,31,600,22.4,16.4,10.6,9.7,9.5,9.1,10.3,7.4,6.6,8.8,8.0,19.6,7.1,10.5,156.0,0,0,0,0,0,0
48.9,48.2,49.6,45.3,43.6,47.0,51.3,50.8,51.8,19.7,17.0,22.4,0.557,7.35,0.181,6.93,6.02,8.61,0.155,4.68,3.4,0.0383,0.272,0.486,47.3,35.0,89,29,600,4.8,17.7,8.2,7.5,8.9,7.5,7.5,10.2,6.4,9.2,7.8,14.8,4.3,11.5,126.0,0,0,0,0,0,0
54.6,57.6,51.6,45.8,44.4,47.2,51.7,49.0,54.4,19.9,17.6,22.2,0.581,7.73,0.185,7.12,6.11,9.19,0.166,4.93,3.61,0.0382,0.271,0.51,45.8,34.0,99,31,600,5.8,16.8,7.4,8.5,7.5,6.5,8.0,7.4,8.7,7.3,8.8,17.7,4.4,13.0,128.0,0,0,0,0,0,0
51.3,51.0,51.6,48.9,49.4,48.4,60.1,57.6,62.6,19.5,17.4,21.6,0.626,7.83,0.203,7.38,6.42,9.58,0.178,5.06,3.73,0.0373,0.613,0.545,45.0,34.0,97,31,600,4.7,19.5,7.6,7.6,7.3,7.9,7.5,8.0,8.7,8.1,9.7,18.0,5.8,12.7,133.0,0,0,0,0,0,0
50.9,52.2,49.6,49.7,48.6,50.8,52.3,52.4,52.2,19.9,21.8,18.0,0.657,8.24,0.207,7.62,6.71,9.81,0.185,5.34,3.88,0.0373,0.624,0.558,43.9,33.0,90,28,600,4.5,16.5,9.0,8.0,7.7,7.9,8.5,8.4,8.2,9.8,8.4,17.6,6.0,11.1,132.0,0,0,0,0,0,0
49.8,50.2,49.4,45.0,43.2,46.8,52.6,53.0,52.2,19.3,18.0,20.6,0.671,8.57,0.211,7.78,7.0,10.3,0.187,5.67,4.13,0.0373,0.635,0.583,44.3,33.0,130,32,600,6.9,19.8,6.9,8.0,7.6,9.6,8.3,8.7,8.1,7.7,8.0,18.1,5.7,11.5,135.0,0,0,0,0,0,0
53.3,51.4,55.2,44.6,43.2,46.0,52.5,51.4,53.6,19.9,23.6,16.2,0.695,8.66,0.218,8.0,7.22,10.8,0.193,5.69,4.28,0.0374,0.646,0.596,43.4,32.0,85,29,600,4.6,17.2,8.9,9.7,7.8,8.8,7.9,7.9,8.7,7.6,7.6,15.3,3.8,11.4,127.0,0,0,0,0,0,0
54.0,54.8,53.2,48.1,48.8,47.4,55.6,55.4,55.8,21.1,23.4,18.8,0.77,9.64,0.239,8.81,8.06,11.9,0.217,6.38,4.66,0.0381,0.672,0.669,42.7,32.0,90,28,600,5.9,19.1,7.9,9.0,7.7,6.8,7.7,8.6,7.1,7.6,7.9,16.4,6.1,12.1,130.0,0,0,0,0,0,0
62.1,64.8,59.4,53.1,50.4,55.8,62.7,62.4,63.0,20.3,21.0,19.6,0.737,9.44,0.229,8.49,7.69,11.6,0.21,6.08,4.48,0.0383,0.661,0.634,80.7,59.0,300,85,800,46.3,20.7,10.3,9.5,11.0,8.9,10.1,9.4,10.6,9.6,8.7,20.9,6.5,13.9,196.0,0,0,0,0,0,0
59.2,59.4,59.0,51.7,53.4,50.0,59.2,58.6,59.8,20.1,20.0,20.2,0.768,9.58,0.234,8.59,7.8,12.0,0.21,6.07,4.59,0.0373,0.662,0.632,70.3,52.0,110,39,800,9.3,23.3,11.5,10.0,10.6,11.0,10.8,9.5,12.3,11.0,11.0,23.5,7.5,16.8,178.0,0,0,0,0,0,0
65.0,65.4,64.6,54.6,53.2,56.0,61.9,61.4,62.4,20.5,21.0,20.0,0.773,9.9,0.249,8.75,7.89,12.5,0.225,6.29,4.75,0.0372,0.343,0.662,65.6,49.0,120,42,800,8.2,23.1,8.9,11.2,11.3,10.6,11.3,10.5,10.9,10.7,11.7,21.7,6.9,14.5,172.0,0,0,0,0,0,0
60.9,58.0,63.8,52.8,50.8,54.8,58.9,58.8,59.0,20.3,19.2,21.4,0.812,10.1,0.256,8.99,8.02,12.7,0.232,6.43,4.97,0.0379,0.351,0.67,62.8,47.0,120,40,800,7.3,23.3,10.6,10.5,10.7,11.8,11.4,11.2,11.0,10.3,9.8,23.7,8.9,16.9,177.0,0,0,0,0,0,0
62.6,61.8,63.4,53.7,54.4,53.0,59.0,58.0,60.0,21.2,18.6,23.8,0.857,10.3,0.269,9.38,8.4,13.2,0.249,6.58,5.11,0.037,0.357,0.704,62.6,48.0,150,51,800,7.4,22.4,12.5,11.2,11.3,10.1,11.5,12.1,10.2,9.6,12.5,23.3,7.7,14.5,176.0,0,0,0,0,0,0
57.6,57.8,57.4,52.0,53.4,50.6,59.8,59.8,59.8,19.7,18.2,21.2,0.909,10.5,0.281,9.55,8.34,13.8,0.262,6.79,5.3,0.0379,0.373,0.737,60.5,46.0,110,39,800,5.8,25.2,10.1,10.7,11.2,12.3,11.1,9.0,11.6,12.4,8.6,24.4,8.7,15.9,177.0,0,0,0,0,0,0
59.9,59.2,60.6,55.3,53.4,57.2,67.4,66.4,68.4,20.1,22.0,18.2,0.936,10.8,0.29,9.64,8.73,14.2,0.274,6.98,5.53,0.0371,0.76,0.747,59.8,46.0,140,41,800,6.7,21.2,12.4,11.0,10.8,10.3,10.6,11.1,11.2,9.8,11.4,23.5,7.5,15.9,173.0,0,0,0,0,0,0
59.5,57.8,61.2,54.5,53.8,55.2,60.2,61.4,59.0,20.8,24.6,17.0,1.04,11.5,0.317,10.6,9.37,15.4,0.302,7.5,5.96,0.0381,0.784,0.822,58.9,45.0,120,38,800,7.5,19.8,12.1,10.6,10.0,11.6,12.3,10.6,10.7,10.5,10.9,23.3,8.1,11.7,170.0,0,0,0,0,0,0
70.8,70.4,71.2,55.9,57.0,54.8,60.2,58.8,61.6,19.9,22.6,17.2,0.992,11.2,0.304,9.89,8.67,14.7,0.285,6.99,5.67,0.0374,0.757,0.754,181.0,110.0,800,270,1000,32.8,23.8,11.6,12.1,11.3,12.5,11.8,13.6,13.0,13.0,12.6,24.8,8.6,16.3,218.0,0,0,0,0,0,0
71.7,71.2,72.2,59.2,59.0,59.4,65.3,63.2,67.4,22.0,19.8,24.2,1.03,11.4,0.307,9.87,8.9,15.3,0.296,7.02,5.9,0.0374,0.762,0.758,159.0,96.0,280,72,1000,12.3,27.2,14.3,10.2,13.4,12.4,11.6,14.5,15.3,11.6,12.2,30.2,10.4,18.9,215.0,0,0,0,0,0,0
67.1,66.2,68.0,55.6,56.2,55.0,64.7,65.0,64.4,21.5,23.4,19.6,1.04,11.6,0.315,10.2,9.1,15.6,0.289,7.07,5.94,0.0365,0.773,0.77,140.0,86.0,160,61,1000,8.8,26.7,11.3,11.5,13.2,13.4,12.9,14.4,14.1,14.7,15.3,29.4,9.1,17.6,212.0,0,0,0,0,0,0
71.0,69.0,73.0,54.6,54.0,55.2,63.2,64.6,61.8,20.9,18.2,23.6,1.09,11.5,0.327,10.2,9.39,16.1,0.302,7.35,6.11,0.0362,0.78,0.791,138.0,91.0,300,110,1000,7.5,28.3,12.1,13.7,12.7,13.5,15.1,11.0,14.4,15.2,13.0,28.1,9.8,19.7,214.0,0,0,0,0,0,0
70.5,70.4,70.6,57.4,57.6,57.2,65.4,63.4,67.4,20.7,19.6,21.8,1.08,11.7,0.329,10.4,9.28,16.6,0.304,7.21,6.22,0.0371,0.41,0.797,133.0,91.0,230,91,1000,9.4,25.2,14.2,15.6,14.2,13.2,11.3,12.0,12.1,13.8,13.9,29.0,9.3,18.7,212.0,0,0,0,0,0,0
69.9,68.8,71.0,56.6,56.2,57.0,69.8,69.6,70.0,20.9,19.6,22.2,1.1,11.7,0.331,10.1,9.53,16.6,0.304,7.27,6.44,0.0368,0.781,0.802,137.0,96.0,370,130,1000,7.8,27.8,12.0,14.5,13.6,14.2,15.7,14.4,12.3,14.2,12.5,28.7,8.9,18.3,215.0,0,0,0,0,0,0
70.7,73.2,68.2,56.7,56.4,57.0,60.4,59.2,61.6,19.5,17.9,21.1,1.19,12.5,0.362,10.9,10.1,18.3,0.354,7.77,6.96,0.0367,0.806,0.889,140.0,100.0,330,140,1000,8.8,27.7,13.5,15.6,15.0,13.6,14.2,13.3,13.4,11.3,13.4,32.1,11.7,17.8,221.0,0,0,0,0,0,0
69.0,70.6,67.4,31.4,33.8,29.0,60.4,58.4,62.4,20.0,18.2,21.8,1.35,13.8,0.407,12.3,11.3,20.7,0.39,8.79,7.72,0.0358,0.849,0.994,140.0,100.0,430,110,1000,9.0,24.3,13.0,13.5,14.9,13.6,15.4,12.2,16.0,12.4,12.3,30.4,11.3,18.5,217.0,0,0,0,0,0,0
51.9,52.2,51.6,46.7,45.0,48.4,54.2,53.6,54.8,21.6,17.8,25.4,0.627,7.32,0.193,6.65,5.81,8.33,0.171,4.69,3.35,0.0359,0.27,0.506,47.5,35.0,110,31,600,23.4,17.7,9.6,8.2,6.7,10.5,9.3,6.6,7.8,8.9,10.4,19.2,6.1,12.4,157.0,0,0,0,0,0,0
51.5,50.0,53.0,46.6,46.8,46.4,52.7,51.6,53.8,19.9,23.8,16.0,0.646,7.58,0.198,6.97,6.16,8.75,0.178,4.87,3.51,0.0378,0.276,0.524,44.7,33.0,87,29,600,5.9,18.2,7.1,7.9,8.3,8.8,7.8,9.2,8.2,8.7,8.6,16.0,5.1,11.3,131.0,0,0,0,0,0,0
50.5,49.0,52.0,46.8,47.4,46.2,59.3,56.6,62.0,20.1,20.0,20.2,0.675,7.77,0.213,7.17,6.36,9.16,0.188,5.07,3.72,0.0368,0.528,0.556,42.7,32.0,85,29,600,5.6,18.3,7.3,8.2,8.0,8.0,7.9,7.7,9.4,8.2,9.4,16.7,6.4,10.8,132.0,0,0,0,0,0,0
52.7,54.6,50.8,49.3,50.4,48.2,54.0,53.6,54.4,19.7,18.2,21.2,0.714,8.03,0.221,7.43,6.59,9.66,0.194,5.26,3.85,0.0368,0.637,0.571,41.9,31.0,84,29,600,4.4,18.4,8.5,8.9,8.0,9.3,8.4,7.5,8.7,8.0,6.1,17.9,6.0,11.4,132.0,0,0,0,0,0,0
53.6,53.2,54.0,48.7,48.2,49.2,55.4,55.4,55.4,19.4,18.6,20.2,0.706,8.38,0.215,7.58,6.81,10.0,0.192,5.49,3.99,0.036,0.642,0.576,41.6,31.0,94,29,600,7.0,18.5,8.7,8.5,7.2,8.8,9.3,9.3,8.9,8.3,8.2,18.2,5.4,10.1,136.0,0,0,0,0,0,0
51.0,49.4,52.6,46.0,47.0,45.0,53.2,52.8,53.6,19.5,17.4,21.6,0.741,8.78,0.227,8.03,7.09,10.5,0.204,5.67,4.17,0.0358,0.653,0.606,41.2,31.0,90,30,600,7.0,16.4,8.6,7.6,10.0,8.3,7.7,8.8,8.8,8.8,8.0,18.3,6.1,11.6,136.0,0,0,0,0,0,0
51.1,51.2,51.0,47.1,48.2,46.0,54.9,54.6,55.2,20.0,20.6,19.4,0.763,9.03,0.235,8.19,7.3,10.8,0.208,5.94,4.4,0.0374,0.661,0.618,41.1,31.0,92,29,600,4.8,16.9,9.0,9.9,7.1,7.8,8.4,8.8,7.7,7.5,6.5,16.8,6.6,11.0,129.0,0,0,0,0,0,0
51.6,52.6,50.6,44.6,45.0,44.2,53.4,52.6,54.2,21.0,19.2,22.8,0.814,9.77,0.248,9.02,7.99,11.9,0.234,6.36,4.78,0.0367,0.685,0.681,41.0,31.0,96,30,600,4.3,18.6,8.9,8.5,8.2,9.2,7.8,8.6,7.1,7.4,8.4,17.7,5.0,11.8,132.0,0,0,0,0,0,0
66.2,67.4,65.0,52.9,50.8,55.0,66.3,64.2,68.4,19.6,16.2,23.0,0.803,9.5,0.238,8.77,7.64,11.4,0.224,6.06,4.51,0.037,0.687,0.641,71.6,59.0,200,85,800,46.0,19.9,10.2,10.4,9.3,8.7,9.2,9.0,8.9,9.2,12.2,21.2,7.5,14.0,196.0,0,0,0,0,0,0
60.5,61.8,59.2,53.6,53.4,53.8,60.0,59.2,60.8,20.3,22.2,18.4,0.794,9.61,0.239,8.79,7.9,11.9,0.223,6.14,4.68,0.0361,0.347,0.656,62.4,49.0,93,37,800,9.9,26.7,9.6,11.6,8.4,11.2,10.5,10.8,11.3,11.0,12.5,22.8,7.5,16.2,180.0,0,0,0,0,0,0
59.3,58.4,60.2,53.6,52.6,54.6,58.0,56.8,59.2,21.4,19.4,23.4,0.814,10.0,0.245,8.84,8.04,12.4,0.228,6.34,4.78,0.0361,0.36,0.664,58.6,46.0,110,39,800,6.9,23.9,10.6,11.0,10.3,10.9,11.1,12.5,11.3,10.3,12.0,20.7,5.7,15.0,172.0,0,0,0,0,0,0
59.5,59.2,59.8,53.0,53.2,52.8,61.2,59.8,62.6,20.6,19.0,22.2,0.854,10.1,0.257,9.03,8.27,12.9,0.24,6.45,5.0,0.0369,0.374,0.683,58.0,45.0,140,43,800,7.0,23.4,10.0,10.4,14.7,10.0,10.9,12.3,11.6,10.9,9.7,23.5,8.4,14.8,178.0,0,0,0,0,0,0
64.8,65.0,64.6,54.2,52.8,55.6,58.6,57.8,59.4,20.5,20.4,20.6,0.873,10.5,0.26,9.17,8.6,13.3,0.241,6.67,5.14,0.0369,0.388,0.711,56.7,45.0,110,40,800,6.8,20.4,11.2,11.2,10.8,10.7,11.0,11.7,11.7,11.2,9.6,22.9,7.5,14.3,171.0,0,0,0,0,0,0
60.7,59.6,61.8,56.3,57.4,55.2,68.6,68.8,68.4,20.2,23.8,16.6,0.896,10.8,0.274,9.35,8.82,13.8,0.256,6.81,5.31,0.036,0.501,0.719,55.4,44.0,110,38,800,7.6,22.7,10.1,10.4,12.0,10.8,10.4,11.5,11.1,10.7,12.2,24.3,7.6,14.2,176.0,0,0,0,0,0,0
61.0,57.4,64.6,53.8,53.6,54.0,60.1,60.6,59.6,20.0,19.8,20.2,0.952,10.9,0.283,9.55,9.02,14.2,0.267,7.01,5.42,0.0362,0.764,0.747,55.7,44.0,140,46,800,7.8,22.0,11.5,8.9,10.9,11.3,11.1,11.5,12.0,10.7,10.6,22.4,7.9,15.8,174.0,0,0,0,0,0,0
60.8,60.2,61.4,50.7,50.0,51.4,64.1,62.6,65.6,19.9,23.0,16.8,1.02,11.8,0.302,10.3,9.86,15.6,0.288,7.51,5.98,0.037,0.794,0.818,55.2,44.0,110,43,800,8.3,21.5,9.7,11.2,11.8,9.8,9.2,11.9,11.9,12.3,11.0,24.1,6.6,15.6,175.0,0,0,0,0,0,0
70.0,67.4,72.6,56.8,58.0,55.6,62.0,62.6,61.4,21.4,23.6,19.2,0.947,11.3,0.285,9.79,9.26,14.8,0.27,6.97,5.64,0.0372,0.763,0.737,162.0,110.0,610,220,1000,33.8,24.0,11.6,12.2,11.9,11.5,12.3,11.3,11.9,12.4,10.2,24.1,9.1,17.7,214.0,0,0,0,0,0,0
67.5,67.2,67.8,54.9,55.0,54.8,65.6,66.0,65.2,20.8,20.4,21.2,0.949,11.5,0.28,9.96,9.23,15.1,0.265,6.98,5.83,0.0375,0.77,0.745,159.0,110.0,390,87,1000,14.1,28.8,10.9,14.5,13.6,13.9,13.1,13.8,11.7,13.2,14.6,30.2,9.3,17.1,219.0,0,0,0,0,0,0
68.4,71.0,65.8,55.4,55.0,55.8,66.7,66.0,67.4,20.7,22.2,19.2,0.945,11.4,0.286,10.1,9.08,15.5,0.274,7.18,5.85,0.0365,0.768,0.757,155.0,110.0,370,110,1000,6.6,28.1,11.9,11.3,11.9,12.3,16.2,13.1,14.5,15.0,13.4,27.0,9.4,19.8,211.0,0,0,0,0,0,0
69.5,70.0,69.0,58.3,59.6,57.0,67.3,66.6,68.0,20.7,18.6,22.8,0.992,11.6,0.302,10.4,9.17,16.2,0.29,7.11,6.02,0.0352,0.419,0.759,148.0,100.0,280,98,1000,9.1,29.5,14.1,13.9,13.3,13.7,12.8,12.7,15.1,14.0,12.9,29.4,10.6,19.2,220.0,0,0,0,0,0,0
68.9,65.6,72.2,54.8,56.0,53.6,64.5,63.2,65.8,20.9,18.8,23.0,1.05,11.7,0.325,10.6,9.29,16.7,0.305,7.32,6.21,0.0362,0.431,0.8,143.0,100.0,250,100,1000,9.1,29.6,13.7,15.0,11.4,13.9,14.8,12.3,14.0,12.9,12.8,28.7,10.5,19.2,218.0,0,0,0,0,0,0
67.8,67.4,68.2,56.2,55.7,56.7,67.1,67.6,66.6,21.7,19.0,24.4,1.11,12.1,0.33,10.7,9.27,16.9,0.309,7.29,6.3,0.036,0.807,0.813,139.0,100.0,270,98,1000,10.2,29.4,13.5,13.3,14.0,12.0,12.3,12.1,14.6,14.4,12.5,27.9,10.7,18.8,216.0,0,0,0,0,0,0
66.8,65.0,68.6,55.5,53.4,57.6,67.4,66.6,68.2,20.5,21.6,19.4,1.17,12.7,0.35,11.2,9.89,18.3,0.334,7.71,6.81,0.036,0.825,0.876,134.0,100.0,210,81,1000,10.5,29.9,13.5,15.6,13.7,12.5,13.2,13.5,12.0,13.1,13.2,26.0,8.3,17.9,213.0,0,0,0,0,0,0
68.8,73.0,64.6,32.7,34.0,31.4,63.9,62.2,65.6,19.9,19.0,20.8,1.3,14.1,0.381,12.6,11.0,20.4,0.368,8.65,7.65,0.0361,0.877,0.979,137.0,100.0,400,140,1000,9.6,26.3,13.4,15.1,11.4,14.7,13.3,13.8,13.7,13.3,13.8,26.6,7.4,17.2,210.0,0,0,0,0,0,0
53.3,54.6,52.0,44.1,46.4,41.8,51.3,51.0,51.6,19.9,22.6,17.2,0.535,7.01,0.18,6.28,6.03,8.21,0.158,4.52,3.22,0.0382,0.252,0.48,46.2,36.0,110,36,600,23.8,17.0,8.9,8.2,8.2,9.1,6.8,9.2,10.3,7.8,8.8,17.8,6.1,12.4,154.0,0,0,0,0,0,0
51.4,50.6,52.2,47.2,44.8,49.6,50.0,48.8,51.2,21.1,21.0,21.2,0.576,7.36,0.19,6.45,6.18,8.54,0.174,4.74,3.46,0.0364,0.262,0.487,43.8,34.0,90,28,600,6.2,18.2,7.3,7.0,8.2,7.3,8.1,7.7,8.1,8.9,8.2,15.6,5.5,11.4,128.0,0,0,0,0,0,0
52.5,53.4,51.6,46.7,46.4,47.0,60.3,60.0,60.6,21.7,20.8,22.6,0.617,7.51,0.198,6.79,6.46,8.94,0.178,4.87,3.51,0.0365,0.633,0.508,43.6,33.0,100,32,600,5.2,15.4,7.6,8.2,8.0,7.1,9.1,8.9,8.7,8.5,7.6,17.2,5.8,11.6,129.0,0,0,0,0,0,0
52.9,54.8,51.0,47.1,45.8,48.4,52.2,50.8,53.6,20.2,22.4,18.0,0.659,7.92,0.21,6.97,6.7,9.29,0.19,5.06,3.67,0.0385,0.641,0.54,42.9,33.0,94,31,600,5.5,18.4,8.1,7.9,9.6,7.5,6.3,7.1,8.6,8.2,7.1,18.6,6.8,11.7,131.0,0,0,0,0,0,0
55.1,56.0,54.2,47.6,45.5,49.7,51.7,53.6,49.8,22.0,22.0,22.0,0.679,8.11,0.221,7.21,7.08,9.89,0.197,5.3,3.87,0.0374,0.652,0.566,42.1,32.0,90,28,600,5.9,17.1,8.2,8.6,6.9,8.6,9.2,6.5,7.2,8.0,8.8,17.5,6.3,11.6,130.0,0,0,0,0,0,0
56.2,57.4,55.0,46.4,44.2,48.6,51.9,53.0,50.8,20.2,17.4,23.0,0.709,8.46,0.229,7.38,7.38,10.3,0.201,5.46,4.11,0.0375,0.664,0.588,41.7,32.0,97,30,600,4.7,18.0,8.9,8.1,8.8,7.5,8.7,8.7,8.2,8.4,7.0,18.0,6.0,13.2,134.0,0,0,0,0,0,0
51.5,50.8,52.2,47.1,49.0,45.2,51.3,52.8,49.8,21.4,20.6,22.2,0.718,8.81,0.229,7.52,7.52,10.7,0.204,5.66,4.26,0.0374,0.668,0.613,41.6,32.0,97,30,600,4.4,18.6,9.2,9.1,7.8,9.7,7.9,9.1,6.7,6.6,8.6,16.2,4.5,11.3,130.0,0,0,0,0,0,0
51.8,51.4,52.2,48.9,48.0,49.8,52.4,50.8,54.0,19.9,22.6,17.2,0.786,9.44,0.246,8.29,8.33,11.7,0.222,6.2,4.64,0.0376,0.699,0.671,41.5,32.0,96,33,600,5.5,17.0,8.0,7.1,7.8,7.0,9.3,10.0,7.9,9.3,8.7,18.0,5.0,13.0,134.0,0,0,0,0,0,0
64.8,64.0,65.6,53.2,53.4,53.0,64.2,65.6,62.8,21.5,20.4,22.6,0.768,9.49,0.237,8.25,7.75,11.5,0.219,6.01,4.41,0.0376,0.691,0.63,79.6,64.0,240,90,800,49.8,20.3,9.8,6.6,10.2,10.8,10.9,7.2,10.1,8.8,10.8,20.5,7.7,11.5,195.0,0,0,0,0,0,0
59.8,59.4,60.2,51.0,52.0,50.0,60.3,59.4,61.2,20.8,22.2,19.4,0.789,9.51,0.238,8.42,7.87,12.2,0.219,6.06,4.66,0.0366,0.331,0.652,68.0,51.0,100,37,800,13.3,22.8,12.3,11.0,10.4,8.8,11.1,12.0,11.9,10.0,10.0,22.9,8.6,16.1,181.0,0,0,0,0,0,0
60.1,59.6,60.6,52.4,51.6,53.2,59.2,61.8,56.6,20.0,22.2,17.8,0.771,9.75,0.245,8.75,8.01,12.2,0.222,6.3,4.79,0.0383,0.332,0.661,62.7,47.0,110,37,800,8.2,20.9,10.9,9.5,10.9,11.8,11.1,10.7,10.2,10.3,10.5,21.5,7.2,14.6,168.0,0,0,0,0,0,0
60.1,58.8,61.4,54.1,54.8,53.4,57.7,58.2,57.2,21.4,19.4,23.4,0.784,9.88,0.246,8.94,8.05,12.7,0.23,6.31,4.87,0.0374,0.339,0.668,61.3,47.0,140,43,800,8.1,19.6,10.5,9.7,11.8,11.2,10.6,11.7,11.1,10.1,10.6,22.1,6.6,16.1,170.0,0,0,0,0,0,0
61.3,61.6,61.0,52.7,53.6,51.8,62.1,64.2,60.0,19.4,17.8,21.0,0.817,10.3,0.26,9.26,8.31,13.0,0.243,6.64,5.0,0.0374,0.356,0.687,59.3,46.0,110,41,800,7.9,22.4,11.8,12.7,11.9,10.2,11.3,10.7,9.0,11.0,13.5,25.6,8.0,11.9,178.0,0,0,0,0,0,0
59.7,59.6,59.8,53.5,52.6,54.4,69.3,67.6,71.0,20.8,17.8,23.8,0.869,10.4,0.269,9.57,8.39,13.5,0.245,6.76,5.21,0.0372,0.641,0.71,58.0,45.0,120,39,800,8.1,24.5,10.7,13.0,10.3,9.0,10.5,10.4,8.2,9.7,11.8,20.6,7.4,16.9,171.0,0,0,0,0,0,0
61.8,61.6,62.0,51.4,51.0,51.8,59.6,59.8,59.4,20.5,21.6,19.4,0.904,10.7,0.276,9.89,8.58,13.9,0.257,6.77,5.31,0.0363,0.729,0.723,56.6,44.0,110,38,800,7.9,24.6,9.7,10.9,10.3,10.9,11.4,11.7,11.4,10.8,11.3,21.2,7.1,13.0,172.0,0,0,0,0,0,0
64.2,65.0,63.4,52.9,52.0,53.8,59.2,59.4,59.0,20.2,19.8,20.6,0.985,11.6,0.301,10.5,9.22,15.2,0.283,7.44,5.81,0.0374,0.756,0.793,55.8,43.0,120,39,800,7.8,22.2,9.9,10.4,10.1,12.0,10.6,12.2,11.3,12.0,10.7,22.2,7.5,15.5,174.0,0,0,0,0,0,0
69.4,69.2,69.6,58.1,56.8,59.4,61.9,61.2,62.6,20.3,21.0,19.6,0.931,11.2,0.281,9.7,8.89,14.7,0.25,7.06,5.61,0.0375,0.731,0.75,134.0,100.0,510,190,1000,34.0,26.1,13.8,12.7,11.0,12.5,12.6,11.7,12.6,12.3,12.9,22.9,7.2,18.3,221.0,0,0,0,0,0,0
69.8,66.4,73.2,55.2,56.0,54.4,63.4,64.0,62.8,21.1,20.8,21.4,0.939,11.3,0.286,10.0,8.9,15.2,0.267,7.12,5.74,0.0374,0.739,0.764,121.0,95.0,200,83,1000,9.2,26.6,13.8,14.1,12.6,14.9,11.9,11.9,15.7,12.8,13.1,27.9,8.4,19.4,212.0,0,0,0,0,0,0
70.1,70.2,70.0,58.0,56.6,59.4,63.8,63.0,64.6,20.3,21.8,18.8,0.955,11.6,0.281,9.79,9.0,15.6,0.26,7.09,5.8,0.0375,0.752,0.769,117.0,92.0,280,83,1000,9.5,30.9,11.9,14.6,13.9,14.2,11.2,13.3,12.7,13.9,12.3,27.7,8.9,18.2,213.0,0,0,0,0,0,0
71.5,68.6,74.4,56.1,59.0,53.2,63.6,63.2,64.0,20.6,22.6,18.6,0.958,11.6,0.297,10.1,9.11,15.8,0.262,7.11,6.02,0.0375,0.398,0.775,113.0,91.0,200,83,1000,10.0,26.8,13.7,11.9,13.0,15.6,11.8,14.3,16.4,11.6,13.7,26.3,8.6,19.5,213.0,0,0,0,0,0,0
71.2,70.6,71.8,55.7,55.6,55.8,62.6,60.2,65.0,19.6,21.8,17.4,1.0,11.8,0.306,10.2,9.32,16.5,0.281,7.33,6.16,0.0364,0.397,0.789,114.0,92.0,270,100,1000,8.4,28.7,13.0,12.5,12.0,13.9,13.8,12.2,16.6,12.9,14.4,27.7,10.5,19.5,216.0,0,0,0,0,0,0
71.8,70.4,73.2,57.1,57.4,56.8,70.4,68.8,72.0,20.0,19.0,21.0,1.0,11.8,0.301,10.5,9.62,16.9,0.277,7.27,6.29,0.0372,0.769,0.785,112.0,92.0,280,85,1000,6.9,27.5,12.4,11.5,13.8,12.4,13.9,14.4,13.6,11.7,12.4,24.4,6.9,21.2,203.0,0,0,0,0,0,0
69.6,70.4,68.8,54.7,56.4,53.0,64.7,64.2,65.2,20.0,19.0,21.0,1.05,12.6,0.329,11.0,10.2,18.0,0.303,7.67,6.78,0.0372,0.794,0.861,111.0,91.0,250,87,1000,9.3,26.0,13.5,14.2,15.0,14.3,13.7,14.4,15.2,11.7,14.0,27.8,9.7,19.0,218.0,0,0,0,0,0,0
68.7,69.2,68.2,31.2,28.8,33.6,62.3,60.6,64.0,19.1,19.8,18.4,1.19,14.1,0.361,12.1,11.3,20.2,0.34,8.68,7.63,0.0372,0.839,0.958,114.0,93.0,370,110,1000,8.2,26.9,13.0,14.8,13.5,13.8,13.3,11.7,14.6,12.3,14.1,26.5,8.5,17.9,209.0,0,0,0,0,0,0
50.9,49.6,52.2,46.9,46.8,47.0,54.2,52.6,55.8,19.3,19.4,19.2,0.57,6.98,0.184,6.07,6.11,8.18,0.159,4.48,3.15,0.0379,0.253,0.47,46.8,37.0,110,43,600,46.2,15.4,6.8,8.4,6.1,6.2,6.9,7.5,5.5,8.1,9.2,14.7,5.4,11.0,157.0,0,0,0,0,0,0
50.7,49.8,51.6,46.0,46.2,45.8,50.1,48.0,52.2,20.0,21.6,18.4,0.583,7.08,0.184,6.12,6.18,8.28,0.166,4.63,3.26,0.0379,0.257,0.488,45.0,35.0,100,31,600,23.3,16.7,8.7,9.1,8.6,8.5,8.3,7.9,6.8,9.2,10.7,18.0,6.1,11.8,154.0,0,0,0,0,0,0
53.3,52.8,53.8,46.1,46.2,46.0,51.1,52.2,50.0,19.9,22.2,17.6,0.608,7.23,0.194,6.43,6.23,8.56,0.167,4.78,3.33,0.0386,0.263,0.502,43.5,34.0,85,29,600,5.1,18.2,8.2,7.8,9.0,9.1,7.4,8.2,8.3,7.2,10.2,17.1,5.2,9.2,130.0,0,0,0,0,0,0
49.3,49.4,49.2,43.9,45.0,42.8,51.9,50.0,53.8,20.1,19.6,20.6,0.612,7.38,0.198,6.56,6.31,8.71,0.174,4.73,3.47,0.0377,0.268,0.509,42.5,33.0,84,28,600,5.5,18.5,8.2,7.7,9.3,8.3,7.5,7.0,9.7,7.1,8.6,17.3,6.5,9.4,131.0,0,0,0,0,0,0
49.7,49.2,50.2,45.0,45.8,44.2,49.3,49.0,49.6,19.6,21.2,18.0,0.632,7.47,0.196,6.6,6.44,8.77,0.174,4.83,3.52,0.0379,0.272,0.528,41.7,32.0,88,26,600,6.1,18.0,8.5,8.1,8.3,7.8,7.6,6.8,9.0,8.8,7.9,17.0,6.0,10.2,130.0,0,0,0,0,0,0
56.3,55.2,57.4,49.2,48.9,49.5,51.4,51.6,51.2,21.9,20.2,23.6,0.609,7.59,0.201,6.73,6.56,9.24,0.176,4.99,3.65,0.0376,0.275,0.52,41.5,32.0,92,28,600,7.2,17.0,8.5,7.0,7.7,7.6,7.7,8.7,7.1,8.0,8.5,14.9,4.1,9.2,123.0,0,0,0,0,0,0
53.7,52.2,55.2,49.7,51.6,47.8,63.1,61.8,64.4,19.8,22.4,17.2,0.639,7.62,0.202,6.79,6.66,9.36,0.184,5.03,3.65,0.0376,0.655,0.543,41.8,32.0,100,31,600,6.4,16.5,7.9,6.9,8.5,8.1,8.0,8.9,7.3,8.3,9.0,16.1,5.1,9.5,127.0,0,0,0,0,0,0
50.7,49.0,52.4,45.5,47.6,43.4,52.4,52.2,52.6,19.6,22.0,17.2,0.654,7.88,0.207,7.07,6.75,9.54,0.187,5.2,3.79,0.0376,0.663,0.548,41.2,31.0,98,29,600,4.4,18.2,9.8,7.4,9.3,8.0,7.4,8.6,8.4,9.4,9.5,19.9,7.2,10.2,138.0,0,0,0,0,0,0
55.2,52.8,57.6,46.5,46.8,46.2,49.8,51.8,47.8,20.7,19.0,22.4,0.664,7.94,0.215,7.18,6.8,9.73,0.187,5.24,3.83,0.0385,0.665,0.566,40.8,31.0,82,29,600,4.7,17.9,9.4,7.6,10.3,7.8,7.6,8.2,7.8,9.0,8.7,18.8,6.0,11.4,135.0,0,0,0,0,0,0
52.5,54.6,50.4,46.6,46.4,46.8,54.8,55.2,54.4,20.5,23.0,18.0,0.664,8.13,0.212,7.25,6.99,9.81,0.197,5.35,3.95,0.0375,0.674,0.575,40.5,31.0,85,29,600,5.4,18.0,7.1,8.1,9.7,7.3,7.6,7.8,7.4,9.0,8.3,17.1,5.5,12.1,130.0,0,0,0,0,0,0
51.9,51.6,52.2,45.7,45.0,46.4,50.4,48.8,52.0,20.8,21.4,20.2,0.682,8.23,0.217,7.46,7.0,10.1,0.194,5.47,4.05,0.0387,0.679,0.582,40.4,31.0,88,29,600,5.8,17.4,9.7,9.0,9.1,6.7,7.9,8.4,8.4,9.2,7.5,19.3,7.0,11.3,137.0,0,0,0,0,0,0
50.9,51.8,50.0,47.2,48.2,46.2,51.0,49.2,52.8,19.6,16.2,23.0,0.698,8.31,0.22,7.66,7.15,10.2,0.199,5.57,4.1,0.0387,0.682,0.588,40.4,31.0,92,30,600,5.4,17.7,10.3,8.5,7.7,7.7,7.6,8.9,8.4,9.0,6.9,18.9,6.3,10.1,133.0,0,0,0,0,0,0
53.4,51.2,55.6,47.3,48.0,46.6,51.8,50.2,53.4,19.5,20.6,18.4,0.708,8.45,0.223,7.81,7.27,10.4,0.202,5.66,4.18,0.0388,0.688,0.602,40.3,31.0,93,31,600,5.9,17.6,7.4,6.7,7.2,8.3,7.4,8.1,8.2,9.1,8.4,16.4,5.0,10.1,126.0,0,0,0,0,0,0
52.5,51.6,53.4,45.1,43.0,47.2,54.5,55.2,53.8,20.0,23.2,16.8,0.704,8.65,0.224,8.04,7.4,10.7,0.209,5.8,4.28,0.0377,0.693,0.615,40.1,31.0,89,29,600,7.0,16.8,6.9,7.1,7.4,8.3,8.8,8.0,8.5,9.0,9.2,15.7,5.1,12.4,130.0,0,0,0,0,0,0
51.6,52.8,50.4,46.4,45.4,47.4,51.9,53.0,50.8,21.4,19.6,23.2,0.751,9.04,0.235,8.23,7.57,11.1,0.218,5.94,4.39,0.0385,0.695,0.638,40.1,31.0,91,29,600,6.5,18.2,6.7,7.7,7.1,8.9,9.3,8.7,9.0,7.8,9.1,15.7,5.9,12.8,133.0,0,0,0,0,0,0
52.9,52.8,53.0,47.7,47.4,48.0,53.8,53.6,54.0,21.1,23.6,18.6,0.812,9.51,0.249,8.73,8.11,11.7,0.229,6.28,4.71,0.0377,0.711,0.689,40.0,31.0,95,29,600,5.8,16.3,7.7,7.8,8.0,8.2,8.5,8.8,8.5,8.7,8.6,16.1,6.3,10.4,130.0,0,0,0,0,0,0
51.8,51.0,52.6,42.6,43.8,41.4,53.8,53.8,53.8,18.9,16.4,21.4,0.849,9.89,0.26,9.19,8.48,12.3,0.245,6.63,4.95,0.0376,0.728,0.72,40.1,31.0,97,30,600,4.6,16.4,7.7,8.8,9.5,7.8,8.4,8.5,9.0,9.0,8.5,17.3,6.4,10.5,132.0,0,0,0,0,0,0
63.2,62.8,63.6,54.1,52.2,56.0,63.9,64.0,63.8,21.3,18.6,24.0,0.788,9.41,0.24,8.4,7.47,11.7,0.22,6.06,4.53,0.0384,0.702,0.62,74.4,63.0,210,84,800,47.4,19.5,9.8,9.5,9.8,10.4,8.6,10.5,9.2,11.0,10.0,20.6,6.4,11.9,195.0,0,0,0,0,0,0
61.6,62.4,60.8,54.8,55.8,53.8,56.6,56.2,57.0,20.8,19.4,22.2,0.795,9.53,0.243,8.54,7.68,11.6,0.218,6.09,4.53,0.0385,0.706,0.641,69.6,58.0,190,54,800,29.8,23.6,11.0,10.6,10.9,12.9,10.2,10.8,11.2,11.6,9.4,22.5,7.3,12.6,194.0,0,0,0,0,0,0
59.0,57.6,60.4,52.2,51.4,53.0,60.2,59.8,60.6,21.5,19.2,23.8,0.788,9.63,0.243,8.71,7.76,12.0,0.218,6.22,4.62,0.0385,0.336,0.638,67.0,54.0,140,39,800,9.5,23.3,11.3,11.5,10.3,11.1,10.4,10.0,11.7,12.2,9.9,22.4,7.2,14.4,175.0,0,0,0,0,0,0
59.8,60.0,59.6,53.7,54.3,53.1,61.0,60.2,61.8,19.9,16.0,23.8,0.813,9.59,0.249,8.63,7.74,12.1,0.228,6.16,4.71,0.0384,0.334,0.653,64.3,52.0,130,39,800,7.4,23.1,10.6,11.1,9.0,9.1,10.5,11.0,10.1,13.9,10.8,21.8,7.5,14.9,171.0,0,0,0,0,0,0
59.6,59.4,59.8,52.6,52.1,53.1,58.1,58.2,58.0,21.9,22.4,21.4,0.822,9.71,0.251,8.89,7.95,12.3,0.235,6.36,4.75,0.0374,0.345,0.656,61.7,49.0,99,36,800,7.0,23.9,10.9,9.9,8.5,8.7,10.2,12.0,11.7,12.6,11.2,21.0,8.1,13.7,169.0,0,0,0,0,0,0
60.3,59.8,60.8,52.0,51.9,52.1,59.0,60.0,58.0,20.5,23.2,17.8,0.841,9.74,0.257,9.03,8.04,12.5,0.231,6.41,4.87,0.0374,0.345,0.66,60.2,48.0,100,37,800,6.7,24.0,11.1,10.5,9.9,10.2,10.1,11.5,11.6,11.4,11.8,21.8,7.8,12.8,171.0,0,0,0,0,0,0
59.5,58.2,60.8,50.6,52.8,48.4,59.8,59.0,60.6,20.4,22.4,18.4,0.857,9.78,0.261,9.03,8.17,12.6,0.244,6.44,4.92,0.0372,0.352,0.67,59.1,47.0,110,39,800,8.1,22.2,10.9,12.6,10.9,10.0,11.3,10.8,10.8,10.2,11.4,21.9,7.8,15.1,174.0,0,0,0,0,0,0
65.2,62.6,67.8,53.7,51.8,55.6,61.7,61.8,61.6,20.4,18.8,22.0,0.863,9.97,0.261,9.2,8.25,13.0,0.245,6.47,4.96,0.0371,0.36,0.676,58.4,46.0,120,40,800,8.7,20.3,11.4,12.3,10.5,10.2,13.0,9.7,10.4,9.6,10.9,20.3,7.5,14.9,170.0,0,0,0,0,0,0
62.3,64.0,60.6,54.3,53.0,55.6,58.2,58.4,58.0,20.3,19.6,21.0,0.863,10.4,0.266,9.28,8.25,13.1,0.249,6.65,5.07,0.0362,0.363,0.689,57.9,46.0,120,43,800,9.3,20.3,12.0,10.5,10.2,11.8,11.3,10.8,10.3,10.3,12.3,22.4,6.5,14.4,172.0,0,0,0,0,0,0
61.5,63.0,60.0,54.7,54.2,55.2,60.8,60.6,61.0,21.8,18.0,25.6,0.91,10.4,0.27,9.28,8.42,13.4,0.255,6.73,5.14,0.0381,0.368,0.706,57.3,45.0,120,42,800,9.2,22.7,12.1,10.1,9.7,11.2,8.4,11.3,11.4,10.4,13.9,23.3,6.8,16.4,177.0,0,0,0,0,0,0
64.7,62.8,66.6,49.8,48.4,51.2,60.2,62.4,58.0,20.1,17.8,22.4,0.914,10.3,0.281,9.46,8.6,13.5,0.262,6.81,5.26,0.0363,0.378,0.724,57.4,45.0,150,41,800,7.7,23.4,11.2,10.9,10.5,9.8,9.0,11.2,11.3,11.3,12.8,22.3,7.6,14.2,173.0,0,0,0,0,0,0
58.3,57.2,59.4,52.3,50.8,53.8,64.4,64.2,64.6,20.3,18.8,21.8,0.908,10.5,0.283,9.39,8.61,13.9,0.265,6.81,5.3,0.037,0.762,0.712,57.2,45.0,150,41,800,8.1,22.5,12.3,12.3,11.5,11.2,9.5,12.1,10.8,9.8,10.6,22.8,8.7,13.0,175.0,0,0,0,0,0,0
61.5,62.0,61.0,53.5,53.2,53.8,59.1,57.6,60.6,22.2,20.4,24.0,0.942,10.7,0.284,9.47,8.59,13.8,0.267,6.93,5.38,0.0371,0.762,0.728,56.8,45.0,130,41,800,8.8,22.1,12.6,10.9,12.3,11.4,9.1,10.9,10.7,10.1,9.7,21.4,7.7,15.2,173.0,0,0,0,0,0,0
62.8,63.0,62.6,52.5,52.4,52.6,60.0,59.2,60.8,19.5,19.2,19.8,0.952,10.7,0.287,9.69,8.95,14.4,0.277,7.01,5.47,0.0362,0.769,0.756,56.5,44.0,120,42,800,7.2,22.7,12.2,10.1,12.8,9.9,9.6,9.5,10.9,11.4,10.1,21.9,6.8,16.2,171.0,0,0,0,0,0,0
63.0,63.2,62.8,52.2,51.8,52.6,61.8,62.2,61.4,22.3,21.0,23.6,1.01,11.5,0.31,10.4,9.54,15.4,0.292,7.41,5.89,0.0381,0.787,0.818,56.2,44.0,120,41,800,7.1,24.1,12.0,10.2,11.2,10.1,10.7,11.2,10.7,10.3,10.4,22.3,7.7,16.0,174.0,0,0,0,0,0,0
62.2,60.8,63.6,53.7,53.4,54.0,59.2,59.6,58.8,19.9,20.8,19.0,1.06,12.0,0.322,10.8,10.0,16.2,0.308,7.86,6.17,0.037,0.807,0.845,55.6,44.0,110,40,800,8.3,24.4,10.3,10.1,10.4,10.4,9.7,13.0,10.3,10.5,10.2,21.8,8.0,15.4,173.0,0,0,0,0,0,0
70.1,72.4,67.8,57.1,56.4,57.8,65.7,64.4,67.0,20.2,17.6,22.8,0.962,11.3,0.289,9.76,8.77,14.6,0.277,7.01,5.55,0.0371,0.76,0.745,174.0,110.0,690,290,1000,30.7,26.1,11.1,11.7,12.3,12.1,13.0,13.6,12.8,13.2,12.6,26.5,9.9,15.4,221.0,0,0,0,0,0,0
66.9,65.6,68.2,59.2,58.0,60.4,63.3,63.8,62.8,20.3,21.4,19.2,0.955,11.4,0.289,9.84,8.84,15.1,0.272,6.93,5.71,0.0372,0.762,0.757,175.0,120.0,700,280,1000,22.2,27.1,12.7,12.3,13.8,13.3,10.9,14.4,14.4,12.6,14.6,28.4,9.4,16.4,223.0,0,0,0,0,0,0
70.3,70.6,70.0,60.1,62.0,58.2,63.4,64.8,62.0,21.4,24.6,18.2,0.96,11.5,0.293,9.87,8.87,15.2,0.278,7.08,5.76,0.0364,0.76,0.765,166.0,110.0,330,110,1000,15.5,26.8,13.8,12.6,14.4,13.2,9.9,14.9,14.7,12.2,14.5,26.8,8.5,19.8,218.0,0,0,0,0,0,0
68.8,68.8,68.8,55.8,54.2,57.4,65.1,65.2,65.0,19.8,21.2,18.4,0.991,11.2,0.302,9.82,8.94,15.4,0.292,6.94,5.91,0.0372,0.759,0.759,162.0,110.0,270,110,1000,9.3,28.0,14.4,13.2,13.2,13.7,11.8,14.2,14.7,12.0,13.5,27.5,9.0,19.4,214.0,0,0,0,0,0,0
68.3,66.8,69.8,57.3,56.0,58.6,60.8,62.8,58.8,21.5,22.4,20.6,1.01,11.3,0.308,10.0,8.88,15.3,0.286,7.01,5.95,0.0364,0.759,0.772,168.0,120.0,430,140,1000,9.1,28.3,14.3,12.2,14.1,12.9,11.7,13.7,14.5,13.2,13.0,27.8,9.2,18.1,212.0,0,0,0,0,0,0
70.6,69.6,71.6,55.7,54.0,57.4,64.8,63.6,66.0,20.0,21.8,18.2,1.01,11.4,0.306,9.95,9.06,15.9,0.288,7.09,5.99,0.0382,0.757,0.78,166.0,120.0,440,160,1000,10.0,28.0,13.2,12.3,14.8,12.5,12.0,13.0,13.9,13.8,13.2,28.1,10.8,17.9,214.0,0,0,0,0,0,0
71.3,72.0,70.6,58.7,59.4,58.0,58.3,60.6,56.0,21.5,23.4,19.6,1.03,11.4,0.315,10.0,9.06,16.0,0.293,7.14,6.13,0.0374,0.383,0.787,177.0,120.0,540,180,1000,9.5,28.2,12.5,12.3,13.4,14.3,13.0,13.5,12.6,13.1,14.3,31.9,12.1,18.4,219.0,0,0,0,0,0,0
69.5,68.6,70.4,57.7,56.4,59.0,64.4,64.2,64.6,20.2,23.0,17.4,1.04,11.6,0.326,10.3,9.09,16.5,0.301,7.24,6.16,0.0373,0.385,0.785,173.0,120.0,540,150,1000,7.8,27.0,14.0,12.1,13.1,13.9,13.5,14.5,12.1,13.3,15.4,30.5,10.5,19.4,217.0,0,0,0,0,0,0
67.7,69.2,66.2,61.4,60.0,62.8,61.5,63.6,59.4,21.5,22.4,20.6,1.06,11.6,0.334,10.3,9.12,16.4,0.301,7.18,6.27,0.0373,0.385,0.797,170.0,120.0,300,110,1000,9.1,24.9,14.3,13.7,12.1,13.3,13.5,14.5,14.5,14.0,15.0,28.5,9.6,20.9,218.0,0,0,0,0,0,0
67.9,67.0,68.8,62.1,63.0,61.2,75.0,74.4,75.6,20.6,18.8,22.4,1.07,11.5,0.329,10.1,9.03,16.4,0.311,7.22,6.35,0.0372,0.764,0.786,165.0,120.0,310,86,1000,9.0,25.3,12.9,13.0,14.3,13.9,12.7,13.9,13.6,12.7,13.5,29.8,11.1,18.0,214.0,0,0,0,0,0,0
67.1,67.0,67.2,58.4,59.8,57.0,65.4,64.2,66.6,20.7,19.0,22.4,1.09,11.7,0.333,10.6,9.26,16.7,0.312,7.24,6.47,0.0373,0.764,0.808,159.0,110.0,200,63,1000,8.5,27.8,13.5,12.6,16.2,15.5,13.0,13.5,12.8,12.6,12.4,27.6,10.1,16.7,213.0,0,0,0,0,0,0
69.6,68.6,70.6,56.3,55.0,57.6,64.4,63.8,65.0,20.5,19.4,21.6,1.1,11.6,0.338,10.5,9.23,17.1,0.319,7.43,6.53,0.0373,0.766,0.824,157.0,110.0,240,90,1000,10.1,27.2,13.8,13.7,14.2,15.8,11.9,12.7,13.4,12.4,12.2,25.6,8.6,17.7,209.0,0,0,0,0,0,0
68.2,67.2,69.2,60.7,59.6,61.8,62.2,60.4,64.0,23.2,23.8,22.6,1.14,12.4,0.358,11.1,9.86,18.3,0.337,7.63,6.81,0.0373,0.779,0.877,156.0,110.0,330,110,1000,10.0,29.3,13.3,13.3,13.2,15.5,12.3,12.8,13.3,11.5,11.7,25.9,8.0,19.0,209.0,0,0,0,0,0,0
71.2,72.0,70.4,59.4,59.4,59.4,66.4,66.4,66.4,20.0,22.6,17.4,1.22,13.1,0.372,11.6,10.5,19.2,0.354,8.11,7.31,0.0362,0.803,0.93,152.0,110.0,290,91,1000,9.3,29.3,13.4,14.5,12.7,15.7,12.8,13.1,14.0,11.8,12.0,28.6,8.5,19.0,215.0,0,0,0,0,0,0
69.5,70.2,68.8,35.0,34.4,35.6,63.3,62.8,63.8,19.7,22.8,16.6,1.3,13.8,0.388,12.3,11.0,20.3,0.372,8.68,7.67,0.0372,0.822,0.974,151.0,110.0,260,94,1000,9.0,27.2,13.2,14.5,14.3,12.9,11.7,12.9,13.1,14.6,13.2,28.9,9.1,20.2,215.0,0,0,0,0,0,0
48.2,46.2,50.2,47.0,47.2,46.8,52.7,53.0,52.4,20.7,22.4,19.0,0.539,6.86,0.174,6.3,5.63,7.91,0.144,4.42,3.14,0.0375,0.243,0.452,46.3,34.0,130,37,600,47.4,15.0,7.8,7.3,6.6,6.8,9.6,6.0,8.0,7.6,7.7,14.5,4.0,9.8,158.0,0,0,0,0,0,0
52.9,52.6,53.2,47.4,48.0,46.8,54.5,54.4,54.6,19.7,18.6,20.8,0.522,6.98,0.171,6.55,5.78,8.21,0.152,4.46,3.18,0.0374,0.25,0.466,44.4,32.0,120,29,600,24.1,15.3,7.8,7.5,8.7,7.9,9.7,7.4,9.5,9.8,8.9,16.1,4.6,11.4,149.0,0,0,0,0,0,0
51.4,48.2,54.6,44.4,45.6,43.2,50.7,52.0,49.4,21.3,20.4,22.2,0.563,7.08,0.182,6.68,5.73,8.39,0.16,4.66,3.28,0.0375,0.254,0.481,43.7,32.0,91,29,600,6.2,15.2,8.6,7.9,9.8,7.6,6.6,6.9,8.7,10.3,8.1,17.8,5.8,12.7,132.0,0,0,0,0,0,0
51.6,49.2,54.0,47.2,47.6,46.8,52.6,54.2,51.0,20.3,20.0,20.6,0.575,7.32,0.19,6.87,5.88,8.45,0.163,4.77,3.36,0.0366,0.261,0.486,42.5,32.0,87,29,600,6.1,17.3,8.7,7.5,9.4,7.7,5.7,6.9,8.3,9.4,6.8,17.0,6.6,12.3,130.0,0,0,0,0,0,0
51.8,50.0,53.6,45.9,44.8,47.0,51.6,52.0,51.2,19.2,21.6,16.8,0.591,7.48,0.192,6.99,6.04,8.8,0.174,4.83,3.52,0.0376,0.267,0.493,42.1,32.0,87,29,600,5.5,18.2,8.4,7.0,8.8,8.3,8.1,8.7,7.4,8.5,8.0,17.9,6.6,10.2,132.0,0,0,0,0,0,0
52.8,53.6,52.0,47.5,48.6,46.4,51.8,51.2,52.4,20.1,17.6,22.6,0.608,7.59,0.198,7.12,6.12,9.04,0.178,4.88,3.6,0.0385,0.273,0.512,41.2,31.0,84,28,600,6.2,18.5,8.4,6.7,9.2,8.0,8.6,9.3,7.4,8.0,8.0,16.9,5.7,10.8,132.0,0,0,0,0,0,0
53.5,52.0,55.0,45.4,44.8,46.0,53.8,54.6,53.0,19.9,19.8,20.0,0.636,7.72,0.205,7.17,6.28,9.3,0.187,5.06,3.64,0.0384,0.276,0.52,41.3,31.0,95,29,600,5.7,17.2,7.7,7.3,9.9,7.4,7.0,8.6,7.9,9.2,8.0,16.6,6.2,12.5,131.0,0,0,0,0,0,0
49.7,50.0,49.4,47.9,47.8,48.0,60.5,57.4,63.6,19.7,19.6,19.8,0.629,7.88,0.202,7.37,6.47,9.34,0.187,5.16,3.76,0.0363,0.633,0.528,40.8,31.0,94,29,600,5.3,15.3,8.1,7.4,9.8,7.9,7.7,8.6,7.9,9.2,8.7,16.8,6.0,13.6,132.0,0,0,0,0,0,0
55.3,55.2,55.4,48.5,48.8,48.2,54.0,52.2,55.8,19.9,17.4,22.4,0.663,8.09,0.209,7.44,6.6,9.65,0.197,5.24,3.87,0.0373,0.644,0.545,40.8,31.0,89,30,600,5.6,14.9,8.3,7.4,9.1,9.1,7.8,9.0,8.7,8.8,8.1,14.5,4.8,12.2,128.0,0,0,0,0,0,0
51.3,51.0,51.6,47.8,47.6,48.0,53.8,52.2,55.4,20.7,21.0,20.4,0.683,8.24,0.218,7.63,6.68,9.85,0.204,5.34,3.91,0.0362,0.647,0.559,40.5,31.0,88,30,600,6.7,17.0,7.3,8.2,8.4,8.8,7.0,9.0,9.4,9.4,7.6,16.1,7.1,11.5,134.0,0,0,0,0,0,0
54.9,57.4,52.4,46.9,45.4,48.4,54.9,53.8,56.0,20.2,21.2,19.2,0.704,8.4,0.228,7.86,6.85,10.1,0.212,5.47,3.98,0.0364,0.655,0.571,40.5,31.0,88,30,600,6.7,18.0,6.9,8.8,8.4,7.7,8.0,8.3,8.6,7.9,9.0,19.4,8.3,11.6,138.0,0,0,0,0,0,0
50.9,51.2,50.6,44.3,43.8,44.8,48.3,47.2,49.4,20.0,21.4,18.6,0.72,8.59,0.224,7.94,7.11,10.2,0.208,5.62,4.15,0.0365,0.657,0.575,40.3,31.0,90,30,600,6.1,16.4,8.0,8.6,9.3,7.9,8.3,8.4,9.2,7.9,9.6,19.0,7.0,11.5,137.0,0,0,0,0,0,0
52.1,52.0,52.2,47.7,48.0,47.4,53.4,53.4,53.4,19.4,20.4,18.4,0.702,8.71,0.227,8.08,7.12,10.4,0.21,5.73,4.19,0.0382,0.659,0.583,39.9,30.0,87,26,600,6.5,16.5,8.2,6.7,9.6,7.3,7.2,8.0,9.3,9.5,10.1,16.0,5.2,10.3,130.0,0,0,0,0,0,0
52.6,53.4,51.8,46.7,45.8,47.6,53.9,53.0,54.8,20.0,17.0,23.0,0.743,8.77,0.236,8.22,7.37,10.8,0.218,5.89,4.26,0.0374,0.668,0.592,39.7,30.0,80,26,600,6.4,17.0,8.2,6.4,8.3,7.9,8.4,6.9,7.5,9.0,10.6,16.1,4.9,11.2,129.0,0,0,0,0,0,0
53.8,52.4,55.2,47.0,48.2,45.8,52.0,51.8,52.2,19.8,21.4,18.2,0.762,9.13,0.246,8.43,7.62,11.1,0.224,5.95,4.36,0.0374,0.676,0.625,39.7,30.0,87,29,600,6.7,16.9,9.2,6.9,7.6,9.0,9.4,6.9,8.1,8.6,8.7,17.9,5.6,11.6,133.0,0,0,0,0,0,0
53.4,53.0,53.8,46.1,45.4,46.8,55.1,53.0,57.2,20.1,19.6,20.6,0.845,9.58,0.261,8.92,8.03,11.8,0.244,6.38,4.64,0.0383,0.692,0.668,39.9,30.0,97,32,600,4.9,17.0,8.6,7.4,7.3,10.0,8.5,7.3,9.2,8.0,8.9,18.3,6.4,9.7,132.0,0,0,0,0,0,0
51.6,52.8,50.4,42.6,43.4,41.8,50.1,50.2,50.0,19.7,19.2,20.2,0.884,10.1,0.27,9.3,8.49,12.4,0.254,6.7,4.95,0.0363,0.704,0.698,40.0,30.0,100,32,600,3.7,17.1,9.2,8.2,7.5,9.4,6.6,7.5,9.6,7.4,9.8,17.9,7.4,11.7,133.0,0,0,0,0,0,0
66.7,67.0,66.4,52.3,51.8,52.8,62.6,62.2,63.0,20.6,20.0,21.2,0.829,9.31,0.254,8.38,7.75,11.6,0.233,5.97,4.49,0.0381,0.677,0.627,86.6,70.0,250,100,800,47.3,19.2,7.8,9.6,10.8,10.7,10.3,9.6,8.5,9.1,11.4,22.8,7.5,11.8,196.0,0,0,0,0,0,0
59.0,57.8,60.2,51.9,50.0,53.8,57.2,56.0,58.4,20.0,18.6,21.4,0.848,9.38,0.254,8.42,7.8,11.6,0.233,6.1,4.47,0.0372,0.678,0.638,77.5,60.0,250,72,800,30.9,21.7,9.6,9.7,9.4,11.2,11.6,10.1,9.9,10.9,11.1,24.6,8.9,14.5,194.0,0,0,0,0,0,0
62.5,63.0,62.0,51.0,51.8,50.2,58.0,57.4,58.6,21.4,18.4,24.4,0.832,9.45,0.256,8.5,8.0,12.0,0.232,5.99,4.67,0.0363,0.685,0.65,72.3,55.0,100,34,800,13.2,21.9,11.0,9.7,8.8,11.8,10.1,12.2,9.3,11.5,11.3,23.4,7.8,15.4,177.0,0,0,0,0,0,0
62.6,63.2,62.0,53.6,54.8,52.4,58.2,57.0,59.4,20.3,20.6,20.0,0.859,9.6,0.267,8.47,8.0,12.2,0.237,6.13,4.66,0.0383,0.336,0.66,68.7,52.0,100,39,800,7.8,22.0,11.0,10.0,11.4,11.1,10.1,14.0,10.3,10.7,12.6,21.6,6.0,15.5,174.0,0,0,0,0,0,0
65.7,63.8,67.6,51.9,51.8,52.0,59.6,59.4,59.8,20.2,23.4,17.0,0.867,9.8,0.263,8.54,8.15,12.2,0.233,6.2,4.78,0.0383,0.337,0.665,66.5,51.0,100,42,800,9.3,22.0,10.5,9.2,10.8,9.8,11.1,11.8,11.7,10.9,11.1,20.0,6.6,15.5,170.0,0,0,0,0,0,0
60.8,61.0,60.6,53.8,53.4,54.2,57.3,57.4,57.2,20.0,20.2,19.8,0.859,9.76,0.261,8.68,8.26,12.6,0.23,6.32,4.83,0.0374,0.339,0.659,64.6,49.0,110,42,800,7.6,20.3,11.4,11.5,9.4,12.1,12.9,10.2,12.2,10.5,11.0,21.0,7.4,15.7,173.0,0,0,0,0,0,0
62.6,63.0,62.2,53.0,50.6,55.4,58.8,58.8,58.8,20.3,22.2,18.4,0.855,9.91,0.268,8.72,8.3,12.8,0.237,6.39,5.03,0.0372,0.343,0.675,64.3,50.0,130,44,800,5.4,21.9,11.7,12.7,9.8,11.1,12.5,10.1,11.8,10.4,11.6,22.7,7.5,15.1,174.0,0,0,0,0,0,0
62.7,61.8,63.6,53.6,52.8,54.4,59.6,58.6,60.6,20.3,19.0,21.6,0.894,9.94,0.277,8.86,8.49,13.0,0.247,6.49,4.99,0.0379,0.35,0.679,63.3,49.0,140,47,800,6.9,21.9,10.5,11.9,8.1,10.1,11.5,11.5,10.2,11.4,11.7,23.9,8.8,14.7,173.0,0,0,0,0,0,0
65.2,65.2,65.2,51.5,51.6,51.4,58.0,57.4,58.6,22.1,19.2,25.0,0.934,9.97,0.28,8.8,8.62,13.5,0.252,6.5,5.12,0.0371,0.359,0.709,64.1,49.0,180,46,800,7.4,21.1,10.2,13.0,8.2,11.9,11.4,11.4,11.4,10.5,10.9,25.0,8.5,15.3,176.0,0,0,0,0,0,0
59.8,59.6,60.0,53.2,55.3,51.1,58.5,58.4,58.6,19.8,21.6,18.0,0.93,10.4,0.287,8.89,8.64,13.5,0.258,6.52,5.2,0.0379,0.358,0.71,63.3,49.0,180,47,800,6.7,22.8,10.7,14.2,9.5,11.1,10.8,12.5,10.6,11.6,9.9,25.4,8.5,14.6,179.0,0,0,0,0,0,0
62.8,61.6,64.0,50.7,52.3,49.1,59.5,59.2,59.8,21.6,25.8,17.4,0.963,10.4,0.291,9.01,8.85,13.7,0.265,6.79,5.29,0.0381,0.364,0.706,62.7,48.0,130,43,800,6.9,23.5,11.5,12.8,9.7,9.7,10.5,11.6,10.7,12.9,11.1,23.0,8.6,14.6,177.0,0,0,0,0,0,0
63.3,63.0,63.6,52.8,52.8,52.8,67.8,65.4,70.2,21.3,18.2,24.4,0.933,10.6,0.287,8.96,8.95,13.8,0.259,6.74,5.34,0.0363,0.423,0.718,61.9,48.0,130,44,800,9.1,22.9,11.5,9.8,11.0,10.0,9.8,9.7,11.0,10.7,12.1,20.7,7.3,14.5,170.0,0,0,0,0,0,0
63.6,64.0,63.2,50.5,50.6,50.4,61.6,60.6,62.6,21.9,23.2,20.6,0.961,10.6,0.297,9.33,9.04,14.0,0.268,6.85,5.43,0.0373,0.735,0.739,61.5,48.0,120,45,800,9.1,22.3,11.8,10.2,10.3,11.3,9.9,9.9,9.5,8.9,12.2,22.0,7.1,16.3,171.0,0,0,0,0,0,0
62.2,61.2,63.2,53.8,55.2,52.4,61.0,61.2,60.8,21.1,20.8,21.4,0.994,10.7,0.298,9.38,9.27,14.7,0.276,6.97,5.52,0.0374,0.74,0.764,60.8,48.0,120,45,800,7.9,21.7,11.3,10.2,10.2,11.6,10.7,9.8,9.8,9.9,11.8,23.3,8.2,18.0,174.0,0,0,0,0,0,0
61.9,62.2,61.6,51.3,51.8,50.8,61.4,61.2,61.6,19.7,19.0,20.4,1.04,11.6,0.317,9.97,9.9,15.5,0.289,7.38,5.88,0.0383,0.761,0.802,60.5,48.0,120,43,800,6.3,22.0,10.5,10.5,10.5,10.9,11.1,11.5,10.8,12.3,11.4,22.7,8.1,17.5,176.0,0,0,0,0,0,0
62.9,61.2,64.6,52.6,51.8,53.4,57.9,59.2,56.6,21.1,18.6,23.6,1.11,12.1,0.334,10.5,10.4,16.2,0.308,7.9,6.2,0.0375,0.786,0.841,59.8,47.0,120,42,800,5.9,20.6,11.4,12.2,10.7,9.9,10.5,11.8,10.7,11.1,10.5,21.1,7.1,18.7,172.0,0,0,0,0,0,0
69.0,69.6,68.4,56.6,54.0,59.2,62.0,62.4,61.6,20.8,18.6,23.0,0.971,11.2,0.291,9.56,8.99,14.8,0.272,6.99,5.57,0.0372,0.753,0.739,134.0,100.0,480,200,1000,32.3,25.3,12.7,13.0,12.6,14.5,11.2,14.7,13.8,11.4,13.1,24.9,7.4,14.4,221.0,0,0,0,0,0,0
69.0,69.2,68.8,56.3,57.0,55.6,62.9,63.0,62.8,22.0,22.4,21.6,1.0,11.3,0.288,9.66,9.22,15.3,0.27,6.98,5.61,0.0371,0.743,0.732,134.0,100.0,480,170,1000,21.2,28.1,13.1,14.5,13.8,13.6,11.8,15.9,13.2,11.3,13.9,26.0,8.3,16.7,221.0,0,0,0,0,0,0
71.5,71.0,72.0,55.0,54.2,55.8,65.0,66.0,64.0,20.7,20.2,21.2,0.979,11.6,0.293,9.67,9.1,15.3,0.269,7.0,5.73,0.0363,0.753,0.756,128.0,99.0,270,94,1000,11.4,27.0,13.7,14.8,13.5,13.2,12.3,15.5,11.4,13.3,13.8,28.1,9.8,18.0,216.0,0,0,0,0,0,0
67.4,65.8,69.0,55.9,56.4,55.4,60.1,59.8,60.4,20.9,22.8,19.0,0.988,11.5,0.291,9.85,9.07,15.2,0.273,6.96,5.77,0.0373,0.75,0.733,128.0,99.0,310,85,1000,9.4,28.0,13.6,13.0,14.6,13.4,12.9,13.4,11.7,13.5,13.8,26.3,9.4,19.1,212.0,0,0,0,0,0,0
68.0,66.8,69.2,57.5,56.6,58.4,65.5,65.0,66.0,21.8,19.6,24.0,0.973,11.5,0.293,9.91,9.07,15.5,0.273,7.14,5.95,0.0364,0.76,0.757,123.0,95.0,300,82,1000,9.5,27.2,14.1,12.6,16.2,13.7,13.6,13.5,11.8,13.7,13.3,26.1,8.8,19.3,213.0,0,0,0,0,0,0
69.5,68.8,70.2,57.0,57.2,56.8,63.6,63.4,63.8,21.4,22.8,20.0,0.969,11.5,0.293,10.0,9.16,15.8,0.274,7.13,6.0,0.0362,0.759,0.766,120.0,93.0,180,80,1000,8.1,26.0,13.0,13.8,14.9,15.0,14.0,13.0,12.6,13.2,14.4,28.5,9.0,19.2,215.0,0,0,0,0,0,0
68.6,72.0,65.2,59.3,58.4,60.2,60.6,61.6,59.6,20.6,18.8,22.4,0.983,11.5,0.3,10.2,9.17,16.0,0.274,7.19,5.98,0.0379,0.696,0.755,127.0,96.0,430,100,1000,7.9,27.7,12.2,14.3,12.5,14.3,12.1,11.8,12.7,14.6,13.7,26.9,8.7,19.5,209.0,0,0,0,0,0,0
67.2,66.6,67.8,59.0,59.6,58.4,63.4,63.6,63.2,21.6,20.8,22.4,0.982,11.7,0.294,9.95,9.21,16.2,0.272,7.25,6.13,0.0378,0.397,0.763,126.0,97.0,430,120,1000,8.7,29.3,13.4,13.3,12.2,13.5,12.2,13.4,14.3,15.2,13.1,28.2,9.0,18.7,215.0,0,0,0,0,0,0
70.8,67.4,74.2,58.5,58.0,59.0,63.9,62.4,65.4,20.8,22.2,19.4,0.989,11.8,0.301,10.1,9.29,16.3,0.272,7.27,6.31,0.0368,0.403,0.768,126.0,98.0,230,100,1000,8.7,28.8,13.6,12.9,13.7,14.1,14.0,14.5,13.1,14.5,11.8,28.0,8.5,17.8,214.0,0,0,0,0,0,0
66.8,65.0,68.6,54.8,55.6,54.0,63.1,63.0,63.2,22.2,21.2,23.2,1.0,11.6,0.305,10.4,9.16,16.5,0.286,7.28,6.3,0.0367,0.397,0.786,122.0,96.0,210,91,1000,8.2,28.5,13.8,14.4,13.5,12.8,14.4,14.2,14.0,14.8,13.0,27.3,9.0,17.3,215.0,0,0,0,0,0,0
69.1,67.6,70.6,54.3,55.8,52.8,68.4,68.4,68.4,20.4,22.6,18.2,0.984,11.7,0.303,10.4,9.14,16.9,0.278,7.2,6.36,0.0375,0.397,0.8,122.0,97.0,220,89,1000,7.4,29.4,13.6,13.9,12.5,12.4,13.5,15.7,16.2,12.5,15.0,28.2,9.7,17.7,218.0,0,0,0,0,0,0
70.6,70.0,71.2,56.1,57.0,55.2,69.4,69.8,69.0,21.0,23.0,19.0,1.02,11.7,0.308,10.3,9.35,17.1,0.287,7.34,6.46,0.0363,0.807,0.813,121.0,97.0,240,100,1000,8.6,28.2,14.8,11.6,13.3,11.6,13.0,15.8,14.8,12.1,13.7,25.9,9.2,18.6,211.0,0,0,0,0,0,0
67.4,69.0,65.8,56.8,56.8,56.8,60.9,60.0,61.8,20.5,20.8,20.2,1.06,12.4,0.325,11.1,9.8,18.1,0.305,7.69,6.85,0.0364,0.824,0.855,127.0,100.0,420,120,1000,9.4,26.7,15.2,11.2,13.7,12.6,13.5,14.7,12.6,13.8,13.3,26.5,9.1,19.3,212.0,0,0,0,0,0,0
70.0,69.4,70.6,56.1,54.4,57.8,64.5,64.2,64.8,20.7,22.2,19.2,1.16,13.0,0.353,11.7,10.4,19.0,0.325,8.2,7.19,0.0372,0.85,0.921,125.0,99.0,420,110,1000,8.6,27.3,14.1,12.3,14.9,13.3,12.4,13.3,12.3,14.3,13.3,28.4,9.2,19.4,213.0,0,0,0,0,0,0
70.6,68.2,73.0,32.8,31.0,34.6,62.7,61.8,63.6,19.5,21.4,17.6,1.23,13.8,0.369,12.3,11.0,20.1,0.35,8.68,7.66,0.0355,0.868,0.967,124.0,99.0,200,95,1000,9.9,29.4,13.9,14.0,14.3,12.1,12.4,11.8,13.5,14.0,13.5,26.7,9.5,19.1,214.0,0,0,0,0,0,0
51.2,49.8,52.6,44.5,43.0,46.0,52.2,49.2,55.2,21.0,19.0,23.0,0.564,6.8,0.183,6.11,5.92,8.01,0.166,4.51,3.25,0.0369,0.247,0.477,52.6,40.0,140,47,600,48.1,13.8,7.5,6.6,7.7,8.7,8.3,6.7,6.8,7.8,7.6,16.1,5.8,8.6,160.0,0,0,0,0,0,0
49.2,49.6,48.8,46.1,47.8,44.4,50.8,51.4,50.2,19.1,18.4,19.8,0.558,6.86,0.185,6.24,6.03,8.27,0.166,4.54,3.26,0.0377,0.254,0.482,49.2,37.0,120,31,600,26.1,16.4,7.4,7.8,8.0,8.3,8.1,7.7,8.5,8.3,9.2,17.4,5.0,10.9,149.0,0,0,0,0,0,0
51.3,52.6,50.0,44.2,45.0,43.4,52.7,52.6,52.8,19.8,18.0,21.6,0.59,7.04,0.185,6.28,6.04,8.36,0.171,4.74,3.37,0.0378,0.257,0.494,46.7,34.0,85,26,600,5.6,15.9,7.2,7.8,9.0,7.4,6.3,8.3,8.5,8.6,9.3,15.6,3.8,10.7,124.0,0,0,0,0,0,0
50.4,50.2,50.6,47.1,46.8,47.4,49.8,49.2,50.4,21.1,22.8,19.4,0.598,7.2,0.19,6.48,6.21,8.58,0.176,4.69,3.42,0.0379,0.264,0.505,44.9,33.0,83,27,600,6.4,15.5,7.9,8.9,9.2,7.7,7.9,8.1,7.9,9.1,10.0,16.5,5.3,10.9,131.0,0,0,0,0,0,0
52.0,52.4,51.6,46.2,46.0,46.4,53.7,53.0,54.4,21.2,19.0,23.4,0.607,7.18,0.195,6.71,6.27,8.73,0.185,4.96,3.62,0.0377,0.27,0.512,44.0,32.0,87,27,600,5.7,14.2,8.3,9.6,10.0,8.5,8.8,7.5,8.1,8.7,8.7,16.8,6.2,10.7,132.0,0,0,0,0,0,0
53.5,53.0,54.0,47.6,47.4,47.8,55.6,55.8,55.4,19.4,15.0,23.8,0.626,7.32,0.201,6.93,6.3,9.06,0.186,5.01,3.66,0.0378,0.272,0.533,43.3,32.0,91,28,600,5.1,14.6,9.0,8.5,10.4,9.1,8.3,8.6,7.4,7.1,7.0,18.1,7.0,10.4,131.0,0,0,0,0,0,0
52.8,52.8,52.8,44.6,46.2,43.0,51.3,51.6,51.0,20.4,17.6,23.2,0.646,7.67,0.208,7.03,6.39,8.98,0.188,5.1,3.68,0.0377,0.28,0.538,43.2,32.0,93,31,600,7.2,17.9,9.3,6.8,8.5,7.6,9.2,9.8,7.5,7.3,7.0,18.4,6.9,10.2,134.0,0,0,0,0,0,0
52.0,51.6,52.4,48.4,48.6,48.2,60.1,60.2,60.0,19.4,23.0,15.8,0.65,7.76,0.21,7.19,6.53,9.39,0.19,5.2,3.8,0.0369,0.675,0.543,43.7,32.0,110,31,600,7.1,17.1,8.8,7.1,7.4,7.1,9.7,9.6,8.4,7.2,7.9,16.4,5.3,12.3,131.0,0,0,0,0,0,0
53.8,54.0,53.6,44.9,44.4,45.4,53.6,55.2,52.0,20.1,19.0,21.2,0.671,7.9,0.212,7.28,6.63,9.49,0.2,5.35,3.92,0.0376,0.685,0.555,43.3,32.0,110,31,600,4.9,16.3,8.2,8.9,7.6,7.7,9.8,8.6,8.5,5.7,9.2,17.4,6.2,12.2,131.0,0,0,0,0,0,0
52.7,51.8,53.6,47.9,46.8,49.0,51.4,50.6,52.2,21.4,20.6,22.2,0.704,8.09,0.224,7.46,6.86,9.92,0.207,5.35,4.01,0.0378,0.687,0.561,43.0,32.0,91,30,600,4.4,17.1,8.6,8.9,7.9,7.6,9.8,7.7,8.3,6.6,10.4,17.5,6.7,10.9,132.0,0,0,0,0,0,0
51.3,52.8,49.8,44.4,45.0,43.8,52.9,53.8,52.0,20.0,22.0,18.0,0.727,8.22,0.225,7.47,6.96,10.1,0.207,5.51,4.09,0.038,0.691,0.565,42.8,32.0,89,30,600,5.4,16.6,9.4,9.1,9.0,7.4,8.0,8.1,8.4,7.3,8.6,16.7,6.6,11.5,132.0,0,0,0,0,0,0
52.9,54.4,51.4,47.0,46.8,47.2,52.2,52.0,52.4,19.9,23.0,16.8,0.721,8.42,0.226,7.6,7.03,10.2,0.215,5.61,4.11,0.038,0.694,0.584,42.7,32.0,90,32,600,6.7,17.7,8.6,8.8,9.3,7.9,7.6,8.8,7.4,7.5,7.3,16.4,6.1,10.6,131.0,0,0,0,0,0,0
53.6,53.4,53.8,47.0,46.8,47.2,51.2,49.4,53.0,20.4,17.2,23.6,0.735,8.53,0.23,7.68,7.21,10.3,0.215,5.71,4.19,0.0389,0.698,0.586,42.7,32.0,100,32,600,6.4,17.4,7.1,7.1,8.9,7.9,8.4,6.8,6.8,9.6,7.6,16.1,5.4,13.2,129.0,0,0,0,0,0,0
50.1,50.0,50.2,45.3,42.2,48.4,50.9,53.2,48.6,19.0,20.8,17.2,0.743,8.59,0.228,7.87,7.33,10.6,0.215,5.75,4.3,0.0379,0.702,0.594,42.4,32.0,100,30,600,5.2,16.5,7.7,8.7,8.6,8.6,8.2,7.1,7.1,8.7,6.8,16.0,5.2,14.1,129.0,0,0,0,0,0,0
52.3,53.2,51.4,47.2,46.2,48.2,51.6,50.2,53.0,19.8,21.6,18.0,0.754,8.87,0.241,8.14,7.56,11.0,0.224,5.89,4.38,0.0379,0.712,0.62,41.9,31.0,83,27,600,5.4,16.0,8.4,9.1,8.3,8.3,8.4,8.4,8.3,7.0,7.0,14.7,5.1,12.2,127.0,0,0,0,0,0,0
53.0,51.2,54.8,47.6,48.4,46.8,52.3,52.2,52.4,21.1,20.2,22.0,0.807,9.38,0.253,8.61,7.94,11.6,0.238,6.27,4.69,0.0386,0.725,0.646,41.6,31.0,86,27,600,6.0,16.3,7.9,8.2,8.5,8.6,8.9,7.1,9.4,8.6,7.4,14.1,5.7,11.2,128.0,0,0,0,0,0,0
53.4,53.4,53.4,43.5,41.8,45.2,54.7,54.4,55.0,20.4,21.2,19.6,0.876,9.92,0.268,9.0,8.54,12.2,0.253,6.68,4.87,0.0387,0.739,0.692,41.6,31.0,96,29,600,6.3,15.7,9.0,7.7,9.6,10.3,8.5,7.6,8.8,8.6,6.8,17.7,6.8,11.2,135.0,0,0,0,0,0,0
66.3,66.8,65.8,53.8,54.4,53.2,62.7,62.8,62.6,19.8,16.0,23.6,0.807,9.48,0.24,8.47,7.62,11.4,0.215,5.85,4.42,0.0385,0.72,0.61,76.3,61.0,220,88,800,48.8,19.6,8.6,9.9,10.7,7.8,8.8,8.4,9.3,10.5,9.2,19.7,7.1,14.1,193.0,0,0,0,0,0,0
60.0,60.8,59.2,57.1,56.2,58.0,59.3,59.8,58.8,22.0,18.2,25.8,0.792,9.64,0.243,8.34,7.65,11.7,0.218,5.95,4.51,0.0375,0.724,0.612,70.0,54.0,220,56,800,30.4,22.9,10.4,9.6,11.4,9.3,10.1,9.6,11.0,10.1,11.0,19.5,7.4,16.9,190.0,0,0,0,0,0,0
60.7,60.8,60.6,54.4,56.6,52.2,59.7,59.8,59.6,20.3,17.6,23.0,0.81,9.46,0.244,8.65,7.77,12.0,0.229,6.11,4.57,0.0375,0.727,0.628,66.8,52.0,120,37,800,10.9,24.1,11.5,10.1,11.9,11.2,9.2,10.9,11.2,11.6,10.8,21.3,6.9,15.1,177.0,0,0,0,0,0,0
64.2,64.4,64.0,53.4,53.4,53.4,60.7,60.6,60.8,20.8,18.4,23.2,0.83,9.72,0.25,8.72,8.0,12.0,0.239,6.26,4.7,0.0384,0.34,0.643,65.5,51.0,140,42,800,7.3,26.3,10.6,10.7,10.6,11.2,11.1,10.1,11.0,12.0,11.2,22.9,7.9,13.8,177.0,0,0,0,0,0,0
59.5,59.4,59.6,53.4,54.0,52.8,59.0,59.0,59.0,20.0,21.4,18.6,0.852,9.89,0.261,8.94,8.05,12.4,0.233,6.24,4.73,0.0385,0.343,0.657,63.3,49.0,130,41,800,7.4,24.7,10.3,10.1,10.2,11.3,12.3,9.3,10.0,11.0,10.9,23.1,8.4,15.2,174.0,0,0,0,0,0,0
65.0,63.2,66.8,53.0,50.8,55.2,61.6,62.6,60.6,22.6,21.4,23.8,0.847,10.0,0.263,8.96,8.04,12.6,0.24,6.37,4.86,0.0366,0.346,0.674,62.4,49.0,120,40,800,7.7,23.0,10.9,10.0,12.1,11.7,10.9,10.0,9.3,12.1,9.4,24.3,8.8,14.6,175.0,0,0,0,0,0,0
59.7,60.2,59.2,54.1,52.6,55.6,60.0,58.8,61.2,20.8,19.6,22.0,0.888,10.0,0.267,9.18,8.22,12.6,0.254,6.36,4.92,0.0384,0.352,0.676,60.7,47.0,120,38,800,7.5,22.0,10.9,11.7,12.9,10.4,10.0,9.8,11.1,11.3,10.6,26.1,9.7,15.3,179.0,0,0,0,0,0,0
63.1,62.4,63.8,53.1,52.4,53.8,61.2,61.2,61.2,20.9,21.6,20.2,0.903,10.2,0.273,9.28,8.28,13.2,0.248,6.61,5.0,0.0373,0.363,0.679,59.4,46.0,100,37,800,8.2,21.2,11.4,13.0,12.1,9.4,9.6,11.0,12.1,11.5,10.9,24.0,8.9,15.2,179.0,0,0,0,0,0,0
60.7,58.6,62.8,55.2,56.4,54.0,61.1,62.6,59.6,20.0,18.0,22.0,0.919,10.3,0.272,9.55,8.36,13.4,0.255,6.59,5.05,0.0376,0.365,0.693,58.9,45.0,120,40,800,8.7,23.6,12.7,12.8,11.7,10.7,9.9,11.7,10.5,10.2,11.0,23.2,7.2,14.6,179.0,0,0,0,0,0,0
63.8,62.2,65.4,53.6,52.2,55.0,63.3,63.8,62.8,23.1,22.4,23.8,0.921,10.4,0.283,9.58,8.38,13.5,0.261,6.8,5.26,0.0375,0.373,0.701,58.7,46.0,140,44,800,8.0,24.0,11.6,11.7,10.3,11.2,9.3,10.7,10.5,9.9,12.4,24.1,7.1,15.8,177.0,0,0,0,0,0,0
60.8,60.0,61.6,53.0,52.4,53.6,61.3,60.6,62.0,20.8,20.8,20.8,0.957,10.7,0.283,9.7,8.53,13.7,0.266,6.88,5.39,0.0367,0.374,0.728,58.1,45.0,120,44,800,7.8,23.1,9.7,11.9,10.4,9.7,9.2,11.2,11.6,11.0,12.2,23.0,7.9,14.8,174.0,0,0,0,0,0,0
63.2,64.8,61.6,52.1,50.6,53.6,69.5,68.2,70.8,21.0,18.0,24.0,0.965,10.8,0.287,9.84,8.67,14.0,0.268,6.99,5.44,0.0368,0.761,0.746,57.7,45.0,110,42,800,7.1,22.8,9.7,11.7,12.1,10.3,10.7,13.2,11.2,11.2,12.4,23.8,7.7,13.9,178.0,0,0,0,0,0,0
58.0,58.2,57.8,53.8,54.0,53.6,60.0,58.4,61.6,19.6,22.8,16.4,0.95,10.9,0.285,10.1,8.57,14.2,0.268,6.94,5.56,0.0368,0.762,0.746,57.2,45.0,110,39,800,7.4,23.3,10.4,10.8,11.3,12.2,11.8,12.8,10.4,11.6,12.4,22.6,7.6,15.7,180.0,0,0,0,0,0,0
62.2,60.6,63.8,54.3,53.0,55.6,61.0,59.8,62.2,22.5,24.0,21.0,0.964,11.0,0.301,10.2,8.81,14.5,0.278,7.13,5.58,0.0378,0.766,0.773,56.7,44.0,110,37,800,7.0,22.7,11.0,10.7,10.7,11.8,12.5,10.3,11.2,11.5,9.6,20.2,7.9,15.7,173.0,0,0,0,0,0,0
60.8,59.6,62.0,53.5,52.8,54.2,60.1,59.8,60.4,19.6,21.6,17.6,1.03,11.6,0.319,10.7,9.52,15.4,0.301,7.45,5.95,0.0387,0.786,0.813,56.2,44.0,110,37,800,6.2,23.3,9.7,11.4,9.3,10.5,12.6,9.9,11.1,12.1,8.7,20.6,8.2,14.6,168.0,0,0,0,0,0,0
60.7,59.8,61.6,51.6,50.0,53.2,61.2,61.8,60.6,20.7,20.2,21.2,1.09,12.2,0.328,11.3,9.97,16.2,0.315,7.92,6.3,0.0377,0.801,0.859,55.9,44.0,110,37,800,8.3,23.7,7.7,12.5,9.6,9.6,10.5,11.3,11.4,12.0,10.9,21.6,8.2,15.2,173.0,0,0,0,0,0,0
71.0,73.4,68.6,56.7,57.0,56.4,62.8,62.4,63.2,21.3,24.4,18.2,0.967,11.0,0.29,10.1,8.87,14.8,0.28,7.17,5.56,0.0376,0.764,0.748,149.0,99.0,600,220,1000,33.8,28.7,10.7,10.8,11.0,12.0,12.7,13.1,12.3,10.0,12.7,24.4,8.2,16.0,216.0,0,0,0,0,0,0
68.3,66.2,70.4,56.2,54.4,58.0,64.6,63.6,65.6,20.2,19.4,21.0,0.947,11.4,0.292,10.0,8.9,15.0,0.273,7.2,5.73,0.0375,0.764,0.757,138.0,93.0,490,140,1000,20.3,28.3,10.2,12.9,11.3,15.3,14.0,13.5,13.8,12.3,12.2,26.7,8.9,19.9,220.0,0,0,0,0,0,0
69.3,69.0,69.6,56.2,55.0,57.4,64.8,65.2,64.4,22.3,22.4,22.2,0.947,11.3,0.303,10.1,9.0,15.1,0.279,6.99,5.81,0.0376,0.759,0.774,129.0,88.0,180,63,1000,10.2,27.8,10.9,13.5,12.4,14.6,13.3,14.2,13.8,14.2,12.6,27.4,9.4,19.6,214.0,0,0,0,0,0,0
68.9,68.4,69.4,56.1,57.4,54.8,63.2,61.8,64.6,20.7,23.4,18.0,0.976,11.4,0.31,10.0,9.04,15.3,0.286,7.11,5.89,0.0374,0.762,0.781,124.0,86.0,170,73,1000,8.6,28.0,11.8,12.7,12.2,12.9,13.3,15.6,12.3,13.0,13.1,26.4,9.4,19.7,209.0,0,0,0,0,0,0
68.8,70.4,67.2,55.6,56.6,54.6,64.4,63.0,65.8,22.0,20.0,24.0,1.01,11.5,0.306,10.1,9.1,15.6,0.289,7.2,5.89,0.0375,0.759,0.791,120.0,86.0,180,82,1000,8.6,28.4,12.8,12.9,12.8,13.4,13.4,16.3,12.5,13.4,13.1,27.8,9.6,20.4,215.0,0,0,0,0,0,0
69.9,71.2,68.6,55.6,55.8,55.4,64.5,63.2,65.8,20.7,21.2,20.2,1.01,11.2,0.307,10.2,9.19,15.8,0.295,7.2,5.88,0.0384,0.764,0.78,125.0,90.0,310,100,1000,7.6,28.1,13.0,12.5,15.5,15.0,13.2,14.4,11.1,13.3,11.9,27.1,9.8,19.6,212.0,0,0,0,0,0,0
68.1,66.6,69.6,56.0,56.0,56.0,63.1,63.8,62.4,20.7,19.0,22.4,1.02,11.5,0.316,10.3,9.15,15.7,0.298,7.23,5.99,0.0375,0.396,0.788,120.0,88.0,310,97,1000,8.8,27.9,13.7,11.7,15.2,13.1,13.4,13.0,11.2,15.1,13.7,29.1,11.1,20.8,218.0,0,0,0,0,0,0
69.6,68.8,70.4,56.8,56.8,56.8,63.6,62.6,64.6,22.0,24.2,19.8,1.02,11.5,0.319,10.1,9.28,16.2,0.303,7.25,6.05,0.0373,0.399,0.804,121.0,89.0,220,88,1000,9.8,28.2,13.1,12.1,14.6,11.9,14.0,13.8,13.6,15.7,14.0,28.6,9.6,18.1,217.0,0,0,0,0,0,0
67.5,66.8,68.2,58.2,59.4,57.0,64.6,63.2,66.0,20.0,20.4,19.6,1.04,11.7,0.315,10.3,9.37,16.2,0.301,7.34,6.18,0.0373,0.401,0.808,117.0,87.0,220,81,1000,8.7,29.0,12.4,13.3,13.2,13.3,13.7,12.2,16.2,13.7,13.5,27.2,9.4,16.1,212.0,0,0,0,0,0,0
71.8,68.8,74.8,56.2,56.0,56.4,63.1,61.6,64.6,21.2,21.2,21.2,1.03,11.8,0.316,10.4,9.19,16.7,0.301,7.45,6.32,0.0365,0.404,0.826,122.0,91.0,330,98,1000,8.6,29.4,13.0,14.1,13.7,12.2,13.8,11.5,15.2,13.5,14.0,26.8,9.9,16.5,212.0,0,0,0,0,0,0
68.7,70.2,67.2,54.8,54.8,54.8,71.8,69.0,74.6,20.6,19.8,21.4,1.07,11.9,0.331,10.4,9.4,16.9,0.316,7.45,6.43,0.0383,0.764,0.822,127.0,94.0,400,190,1000,9.1,27.4,14.0,13.0,16.6,12.5,13.9,12.1,15.1,13.4,15.0,29.0,10.5,16.6,218.0,0,0,0,0,0,0
68.9,71.4,66.4,54.6,56.2,53.0,63.1,64.4,61.8,21.4,24.0,18.8,1.08,11.7,0.342,10.4,9.54,17.1,0.329,7.43,6.55,0.0382,0.759,0.844,133.0,97.0,500,190,1000,8.2,26.6,15.5,11.4,14.7,13.6,14.5,14.3,14.4,13.8,14.8,28.8,10.8,18.9,220.0,0,0,0,0,0,0
69.7,69.6,69.8,57.3,56.4,58.2,62.2,60.6,63.8,20.6,18.8,22.4,1.15,12.4,0.358,10.8,10.0,18.1,0.348,7.7,6.85,0.0373,0.786,0.894,133.0,98.0,420,140,1000,8.6,26.0,14.7,11.3,13.9,14.7,14.8,14.2,12.9,14.5,13.3,27.1,9.6,19.4,215.0,0,0,0,0,0,0
69.0,69.6,68.4,55.6,55.6,55.6,64.8,64.8,64.8,20.6,22.4,18.8,1.22,13.2,0.379,11.6,10.6,19.2,0.365,8.26,7.34,0.0364,0.808,0.948,131.0,97.0,280,97,1000,9.5,27.5,14.1,10.6,14.2,14.4,15.0,13.1,13.0,14.1,13.6,29.1,10.0,17.8,216.0,0,0,0,0,0,0
69.6,70.8,68.4,33.3,34.8,31.8,63.0,64.2,61.8,20.6,25.2,16.0,1.28,13.9,0.391,12.2,11.1,20.1,0.384,8.64,7.7,0.0382,0.825,0.998,129.0,96.0,190,85,1000,9.0,28.4,14.1,13.3,13.2,14.1,15.1,12.1,12.9,12.9,14.1,28.8,8.6,16.1,213.0,0,0,0,0,0,0
54.0,51.6,56.4,47.1,48.2,46.0,53.7,53.2,54.2,21.4,18.8,24.0,0.529,6.67,0.172,5.83,5.91,7.85,0.152,4.4,3.11,0.0374,0.243,0.457,49.0,37.0,140,43,600,47.4,14.0,8.2,6.9,8.6,6.6,7.3,7.3,6.7,8.3,6.7,16.0,4.3,9.8,158.0,0,0,0,0,0,0
51.8,52.0,51.6,46.7,49.0,44.4,55.0,53.4,56.6,20.5,23.2,17.8,0.529,6.87,0.175,6.1,6.06,8.07,0.156,4.49,3.2,0.0358,0.252,0.45,47.2,35.0,110,34,600,24.4,17.5,8.3,8.0,9.8,9.0,8.5,7.7,8.4,8.4,8.6,18.7,5.2,11.2,154.0,0,0,0,0,0,0
51.8,51.4,52.2,46.6,48.0,45.2,54.6,55.2,54.0,19.4,20.4,18.4,0.538,7.06,0.178,6.19,6.08,8.41,0.158,4.6,3.31,0.0366,0.259,0.467,45.5,34.0,92,30,600,4.7,17.1,7.5,7.7,8.3,10.3,8.6,6.4,8.8,9.4,8.4,17.9,5.9,11.9,133.0,0,0,0,0,0,0
50.5,50.6,50.4,44.8,43.8,45.8,52.2,52.4,52.0,20.4,18.4,22.4,0.557,7.32,0.18,6.38,6.27,8.54,0.161,4.75,3.37,0.0356,0.265,0.483,44.2,33.0,88,29,600,5.0,16.1,8.1,8.4,8.3,10.7,8.8,7.0,9.1,9.9,8.1,17.8,6.2,10.7,134.0,0,0,0,0,0,0
51.3,52.6,50.0,48.8,50.6,47.0,54.5,54.2,54.8,19.8,21.8,17.8,0.558,7.34,0.178,6.64,6.3,8.66,0.159,4.82,3.47,0.0367,0.27,0.498,43.7,33.0,91,30,600,6.0,17.8,8.3,8.0,8.2,8.8,8.1,8.9,10.0,8.1,8.8,17.5,5.9,9.6,134.0,0,0,0,0,0,0
50.8,49.2,52.4,44.7,43.7,45.7,52.1,52.0,52.2,19.7,20.8,18.6,0.56,7.48,0.186,6.73,6.38,9.08,0.165,4.93,3.52,0.0375,0.277,0.5,43.2,33.0,97,29,600,6.7,19.8,7.8,7.5,9.3,7.6,9.4,7.6,8.5,6.7,8.6,16.7,4.9,11.0,132.0,0,0,0,0,0,0
51.5,52.0,51.0,45.7,44.3,47.1,50.5,52.2,48.8,21.1,21.4,20.8,0.58,7.73,0.186,6.98,6.44,9.11,0.164,4.96,3.64,0.0366,0.282,0.508,42.7,32.0,90,29,600,7.3,18.6,8.4,7.5,9.9,6.9,9.6,6.5,8.2,6.9,8.4,15.6,4.8,11.3,130.0,0,0,0,0,0,0
49.5,49.6,49.4,45.2,44.6,45.8,64.4,62.8,66.0,21.0,23.2,18.8,0.583,7.81,0.193,7.16,6.6,9.28,0.176,5.08,3.69,0.0367,0.677,0.523,42.2,32.0,82,30,600,7.0,16.2,8.9,7.3,8.5,7.1,8.4,6.5,9.0,8.9,7.1,14.9,5.0,10.2,125.0,0,0,0,0,0,0
53.2,53.8,52.6,44.1,44.0,44.2,54.5,53.6,55.4,19.9,20.0,19.8,0.611,8.04,0.2,7.35,6.67,9.64,0.179,5.2,3.79,0.0375,0.685,0.532,42.1,32.0,91,32,600,6.1,15.8,7.3,8.6,8.2,8.2,7.9,7.3,8.4,10.0,6.7,17.1,5.9,10.6,128.0,0,0,0,0,0,0
49.8,51.2,48.4,48.0,48.0,48.0,52.1,50.2,54.0,20.3,22.0,18.6,0.628,8.08,0.206,7.58,6.77,9.65,0.185,5.33,3.83,0.0357,0.693,0.545,41.7,32.0,88,30,600,4.6,17.4,7.2,9.8,7.4,8.5,7.7,8.2,8.0,9.9,7.4,17.8,5.7,11.5,131.0,0,0,0,0,0,0
52.5,52.8,52.2,46.9,45.0,48.8,51.5,53.2,49.8,19.2,23.4,15.0,0.65,8.35,0.204,7.69,6.79,9.98,0.187,5.48,4.02,0.0358,0.691,0.555,41.3,32.0,85,29,600,4.5,18.5,6.8,8.8,8.3,7.2,8.2,8.2,7.7,8.1,8.5,16.4,4.8,11.3,127.0,0,0,0,0,0,0
55.1,54.6,55.6,46.8,46.6,47.0,54.6,56.4,52.8,21.7,21.2,22.2,0.661,8.45,0.211,7.86,6.9,10.2,0.192,5.62,4.09,0.0366,0.697,0.572,41.3,32.0,88,31,600,5.0,18.1,7.2,8.0,8.7,7.1,8.1,9.6,9.1,7.6,9.2,16.6,5.0,11.6,131.0,0,0,0,0,0,0
53.5,53.4,53.6,47.2,45.4,49.0,54.7,53.2,56.2,20.5,21.8,19.2,0.692,8.76,0.22,8.1,6.99,10.5,0.198,5.61,4.13,0.0357,0.706,0.594,41.1,32.0,87,32,600,6.0,16.9,8.9,8.1,7.2,9.0,8.8,9.5,8.4,8.3,9.0,17.7,5.7,12.8,136.0,0,0,0,0,0,0
52.5,53.4,51.6,45.0,42.4,47.6,51.1,49.6,52.6,19.6,19.4,19.8,0.7,8.86,0.217,8.24,7.14,10.8,0.2,5.84,4.22,0.0365,0.714,0.6,40.9,32.0,84,29,600,6.9,14.3,9.2,8.7,8.2,8.9,7.4,9.7,7.6,7.9,8.4,19.9,5.8,12.5,135.0,0,0,0,0,0,0
51.1,51.4,50.8,47.7,48.6,46.8,53.0,52.6,53.4,19.1,19.4,18.8,0.716,9.17,0.226,8.54,7.38,11.2,0.205,5.92,4.41,0.0375,0.724,0.626,40.8,32.0,91,29,600,6.2,13.9,9.5,9.1,8.8,9.0,6.4,10.5,7.0,7.1,8.2,18.4,4.5,12.3,131.0,0,0,0,0,0,0
54.4,51.8,57.0,45.8,45.0,46.6,53.4,54.2,52.6,20.4,23.6,17.2,0.769,9.65,0.239,9.12,7.8,11.7,0.218,6.28,4.64,0.0366,0.74,0.658,40.8,32.0,93,29,600,6.4,14.9,8.9,8.6,7.8,8.8,9.5,10.0,7.4,6.4,7.8,17.2,4.8,11.4,130.0,0,0,0,0,0,0
53.1,52.6,53.6,43.6,43.6,43.6,53.6,53.2,54.0,19.4,19.2,19.6,0.826,10.1,0.251,9.63,8.27,12.4,0.234,6.6,4.86,0.0366,0.756,0.692,40.7,32.0,91,31,600,6.5,16.2,7.6,9.0,8.2,8.4,8.6,8.7,7.9,6.6,7.3,16.8,5.8,11.7,129.0,0,0,0,0,0,0
64.2,64.0,64.4,51.9,50.2,53.6,63.5,63.2,63.8,22.2,22.0,22.4,0.744,9.35,0.231,8.21,7.55,11.5,0.211,5.93,4.42,0.0362,0.721,0.603,79.9,59.0,290,87,800,48.7,21.7,8.6,8.2,9.8,9.4,9.3,10.0,10.9,8.3,9.6,18.4,6.7,12.9,193.0,0,0,0,0,0,0
62.6,64.4,60.8,52.6,51.4,53.8,59.3,60.0,58.6,19.5,20.4,18.6,0.779,9.44,0.236,8.39,7.78,11.5,0.214,5.97,4.44,0.0353,0.723,0.628,72.7,53.0,290,58,800,29.0,25.5,10.7,11.5,11.6,11.3,10.7,10.6,10.2,11.1,11.0,21.5,8.3,12.9,196.0,0,0,0,0,0,0
61.8,63.6,60.0,53.6,54.0,53.2,57.5,58.8,56.2,20.7,17.4,24.0,0.78,9.56,0.244,8.5,7.92,12.0,0.217,6.16,4.54,0.0361,0.729,0.627,68.6,50.0,100,39,800,8.5,22.2,10.9,12.2,12.5,11.6,10.4,10.9,9.8,11.3,11.3,22.6,8.5,13.8,177.0,0,0,0,0,0,0
65.3,64.0,66.6,53.7,53.2,54.2,60.0,59.0,61.0,20.6,21.6,19.6,0.796,9.78,0.247,8.53,8.02,12.3,0.221,6.24,4.61,0.0372,0.346,0.641,65.8,49.0,100,41,800,6.8,21.1,11.2,10.6,11.3,10.8,9.1,11.6,11.4,11.3,11.4,22.3,7.4,15.7,172.0,0,0,0,0,0,0
61.2,60.8,61.6,51.7,51.6,51.8,56.4,56.4,56.4,20.4,19.0,21.8,0.813,9.7,0.25,8.59,8.16,12.2,0.227,6.26,4.74,0.0363,0.35,0.645,63.5,48.0,100,40,800,8.0,21.6,10.6,11.0,10.1,10.1,9.8,10.8,11.9,12.8,10.9,22.1,7.4,16.6,174.0,0,0,0,0,0,0
60.5,61.4,59.6,55.0,55.2,54.8,58.8,58.6,59.0,20.3,18.8,21.8,0.837,9.94,0.257,8.64,8.2,12.6,0.231,6.25,4.89,0.0363,0.352,0.653,61.0,46.0,98,34,800,6.9,21.9,10.6,10.5,11.3,11.5,11.5,10.9,10.8,10.1,10.7,22.6,7.8,15.5,173.0,0,0,0,0,0,0
63.2,62.8,63.6,52.6,53.2,52.0,60.3,59.2,61.4,21.0,25.0,17.0,0.867,9.95,0.266,8.83,8.42,12.8,0.239,6.46,4.93,0.0362,0.363,0.662,60.1,45.0,110,37,800,6.9,22.3,10.3,10.8,10.9,11.0,10.5,11.3,9.9,9.1,10.1,21.2,7.9,14.7,167.0,0,0,0,0,0,0
64.4,63.2,65.6,53.6,53.0,54.2,58.4,57.8,59.0,19.9,18.2,21.6,0.872,10.2,0.261,8.77,8.6,12.9,0.24,6.43,4.97,0.0363,0.362,0.675,59.5,45.0,120,43,800,7.9,21.5,10.6,11.6,10.4,9.9,9.9,11.1,12.0,12.2,9.2,22.2,8.2,16.7,173.0,0,0,0,0,0,0
62.9,62.0,63.8,52.1,51.4,52.8,60.2,59.8,60.6,20.4,22.2,18.6,0.879,10.2,0.265,8.97,8.7,13.2,0.244,6.63,5.05,0.0371,0.364,0.676,58.6,45.0,110,43,800,7.7,24.5,10.9,11.7,11.1,10.4,10.9,9.8,11.4,12.0,10.1,22.9,8.2,16.9,179.0,0,0,0,0,0,0
64.7,64.8,64.6,52.3,51.8,52.8,59.7,61.4,58.0,20.6,18.0,23.2,0.905,10.4,0.277,8.97,8.84,13.5,0.256,6.56,5.18,0.0354,0.372,0.708,58.1,45.0,110,42,800,7.6,25.2,10.1,10.7,12.8,10.4,11.3,9.5,10.9,10.5,10.7,23.0,8.5,16.0,177.0,0,0,0,0,0,0
62.5,62.0,63.0,50.8,52.0,49.6,57.4,57.2,57.6,20.2,24.2,16.2,0.924,10.6,0.282,8.95,8.92,13.6,0.26,6.73,5.26,0.0353,0.371,0.708,57.9,45.0,120,45,800,6.8,25.0,11.1,9.2,13.7,11.4,10.8,9.8,11.4,10.1,9.9,23.5,7.5,15.5,176.0,0,0,0,0,0,0
60.6,60.8,60.4,52.9,52.8,53.0,57.2,57.2,57.2,20.9,19.8,22.0,0.917,10.6,0.278,8.87,9.08,14.0,0.256,6.82,5.31,0.0353,0.375,0.718,57.1,44.0,110,40,800,6.9,21.8,11.0,10.9,11.3,11.4,12.9,9.0,11.6,10.5,8.5,22.0,6.8,15.6,170.0,0,0,0,0,0,0
63.2,61.4,65.0,52.3,53.6,51.0,66.8,67.8,65.8,21.8,23.4,20.2,0.904,10.7,0.282,8.91,9.23,14.1,0.254,6.84,5.41,0.0371,0.746,0.721,56.7,44.0,110,40,800,6.8,20.4,11.4,10.1,10.5,11.1,13.0,8.5,12.7,11.3,10.4,21.1,6.0,15.1,168.0,0,0,0,0,0,0
62.0,63.0,61.0,52.4,53.0,51.8,59.3,58.4,60.2,20.1,16.0,24.2,0.938,10.9,0.29,9.23,9.45,14.4,0.264,7.04,5.51,0.0361,0.751,0.739,56.7,44.0,120,45,800,7.4,23.3,10.9,8.8,11.3,10.6,10.9,10.1,12.3,11.7,11.8,21.4,5.8,13.8,170.0,0,0,0,0,0,0
64.1,65.2,63.0,54.1,52.8,55.4,57.2,56.4,58.0,21.0,20.2,21.8,0.97,11.4,0.305,9.78,10.1,15.4,0.279,7.36,5.77,0.0361,0.775,0.794,56.6,44.0,130,44,800,8.9,23.5,9.3,10.7,10.4,10.1,11.5,11.4,10.8,11.7,10.3,21.1,7.2,14.9,172.0,0,0,0,0,0,0
65.7,65.6,65.8,54.9,54.8,55.0,60.4,60.2,60.6,19.6,18.0,21.2,1.06,12.1,0.327,10.2,10.6,16.3,0.3,7.81,6.25,0.036,0.792,0.832,56.7,45.0,140,46,800,9.1,21.5,11.8,11.6,10.6,11.8,10.9,10.5,10.7,11.7,10.3,22.8,7.6,14.1,175.0,0,0,0,0,0,0
70.7,69.4,72.0,54.6,54.6,54.6,64.3,63.0,65.6,21.1,21.0,21.2,0.904,11.2,0.281,9.14,9.49,15.0,0.253,7.05,5.5,0.0363,0.745,0.708,131.0,99.0,440,200,1000,31.3,25.0,12.1,13.4,13.2,12.8,12.5,14.0,11.0,10.9,10.5,22.0,6.7,21.1,217.0,0,0,0,0,0,0
71.2,70.6,71.8,56.6,56.6,56.6,60.8,60.0,61.6,21.8,22.4,21.2,0.911,11.3,0.285,9.27,9.47,15.4,0.258,6.85,5.64,0.0372,0.738,0.736,127.0,96.0,320,120,1000,18.9,27.8,13.9,14.6,13.5,14.1,13.4,13.1,11.5,12.4,12.5,24.8,7.8,21.6,220.0,0,0,0,0,0,0
67.5,65.6,69.4,55.4,56.6,54.2,61.2,60.6,61.8,20.9,23.2,18.6,0.915,11.2,0.29,9.4,9.39,15.4,0.262,6.93,5.69,0.0363,0.749,0.73,120.0,92.0,220,79,1000,11.4,29.1,14.7,14.7,12.0,14.1,13.2,11.8,12.9,13.6,13.1,26.0,9.0,19.4,215.0,0,0,0,0,0,0
71.9,71.0,72.8,54.5,55.4,53.6,62.2,60.2,64.2,20.9,22.8,19.0,0.95,11.4,0.294,9.14,9.39,15.6,0.269,7.04,5.79,0.0355,0.746,0.733,120.0,93.0,220,85,1000,9.8,28.2,12.3,13.9,12.4,13.2,12.9,12.7,12.5,13.0,13.6,27.6,8.6,17.6,208.0,0,0,0,0,0,0
70.4,71.2,69.6,57.1,55.2,59.0,58.9,58.0,59.8,20.4,19.0,21.8,0.946,11.2,0.295,9.44,9.61,15.7,0.262,7.11,5.81,0.0364,0.744,0.734,121.0,94.0,290,100,1000,10.3,28.2,13.4,14.0,12.5,13.6,11.9,15.2,11.5,13.7,13.4,29.3,10.0,18.6,216.0,0,0,0,0,0,0
68.1,69.8,66.4,54.4,54.0,54.8,64.6,63.8,65.4,20.1,21.8,18.4,0.951,11.2,0.292,9.48,9.71,15.9,0.268,6.98,5.95,0.0373,0.75,0.749,115.0,89.0,270,77,1000,9.5,31.4,14.4,13.6,12.7,13.8,12.4,15.4,10.2,14.1,12.6,27.8,9.8,18.0,216.0,0,0,0,0,0,0
70.8,71.2,70.4,54.7,55.2,54.2,60.5,60.2,60.8,21.0,20.6,21.4,0.954,11.5,0.294,9.6,9.74,16.1,0.274,7.11,6.04,0.0364,0.755,0.752,122.0,93.0,380,85,1000,8.3,30.4,13.0,13.4,13.6,12.7,14.4,14.0,10.4,13.0,13.9,26.0,7.2,17.2,208.0,0,0,0,0,0,0
71.9,72.4,71.4,58.1,58.0,58.2,62.1,63.8,60.4,20.2,22.0,18.4,0.988,11.5,0.302,9.55,9.75,16.4,0.284,7.17,6.15,0.0355,0.387,0.78,125.0,96.0,400,150,1000,9.7,27.4,10.7,13.7,14.4,12.6,12.6,13.9,13.7,14.7,14.7,28.3,8.4,18.0,213.0,0,0,0,0,0,0
72.6,72.8,72.4,57.5,57.0,58.0,63.8,64.6,63.0,21.7,25.2,18.2,1.0,11.5,0.31,9.46,9.86,16.6,0.282,7.07,6.21,0.0364,0.396,0.792,122.0,94.0,290,100,1000,9.4,26.6,11.8,13.3,14.4,14.0,14.1,14.0,14.5,16.1,14.1,31.8,11.0,16.2,221.0,0,0,0,0,0,0
70.0,69.8,70.2,57.0,57.2,56.8,62.3,62.8,61.8,19.9,16.4,23.4,1.03,11.7,0.308,9.66,9.77,16.7,0.283,7.26,6.38,0.0375,0.39,0.789,119.0,92.0,170,76,1000,7.9,26.8,14.6,14.1,12.2,14.2,17.4,13.5,12.9,13.6,14.0,30.6,9.6,16.2,218.0,0,0,0,0,0,0
68.5,70.6,66.4,57.3,56.2,58.4,61.1,61.4,60.8,20.8,18.6,23.0,1.0,11.6,0.306,9.73,9.83,16.8,0.284,7.3,6.31,0.0365,0.393,0.805,118.0,92.0,220,81,1000,9.1,28.2,14.9,14.6,11.9,13.3,16.7,11.5,12.6,12.6,13.4,27.4,8.2,16.5,211.0,0,0,0,0,0,0
70.0,70.4,69.6,57.6,56.0,59.2,73.8,72.4,75.2,20.4,19.4,21.4,1.0,11.7,0.311,9.63,10.1,17.2,0.281,7.35,6.52,0.0366,0.519,0.817,115.0,90.0,220,77,1000,10.1,31.0,14.5,15.2,12.9,12.7,16.3,12.1,12.4,12.4,12.5,25.5,9.0,13.9,211.0,0,0,0,0,0,0
69.7,69.8,69.6,56.8,56.8,56.8,65.4,63.2,67.6,21.3,22.8,19.8,1.06,12.2,0.327,10.3,10.6,18.2,0.301,7.74,6.73,0.0369,0.814,0.86,113.0,88.0,150,63,1000,9.4,28.9,14.5,14.5,14.0,14.2,14.7,14.2,12.7,12.2,12.5,26.1,9.1,16.4,213.0,0,0,0,0,0,0
72.0,71.4,72.6,54.4,54.8,54.0,63.7,61.2,66.2,21.0,19.6,22.4,1.14,13.1,0.344,10.9,11.1,19.0,0.322,8.17,7.21,0.0367,0.832,0.912,112.0,88.0,200,76,1000,10.9,26.3,15.2,14.2,14.2,14.9,11.9,13.6,12.6,13.0,13.3,27.3,9.0,17.2,214.0,0,0,0,0,0,0
66.1,65.4,66.8,31.8,35.0,28.6,60.8,59.4,62.2,20.0,17.6,22.4,1.19,13.7,0.368,11.4,11.9,20.3,0.335,8.58,7.68,0.0366,0.855,0.964,114.0,89.0,320,97,1000,11.1,30.4,15.0,13.9,14.2,11.7,12.9,13.6,13.1,13.0,13.2,28.8,8.8,18.0,218.0,0,0,0,0,0,0
51.5,53.4,49.6,46.3,45.2,47.4,53.6,54.8,52.4,19.6,22.6,16.6,0.576,6.88,0.181,6.07,6.16,8.06,0.157,4.6,3.15,0.0369,0.261,0.457,50.9,38.0,150,44,600,46.8,13.6,6.9,9.2,9.6,7.6,8.5,6.9,7.0,7.2,7.7,17.8,5.9,9.8,165.0,0,0,0,0,0,0
55.8,54.0,57.6,48.4,48.8,48.0,51.8,51.6,52.0,20.2,19.4,21.0,0.574,7.11,0.183,6.14,6.3,8.3,0.164,4.52,3.23,0.0379,0.26,0.468,50.3,37.0,160,38,600,23.9,15.7,9.7,9.9,10.8,7.6,8.8,7.6,7.6,7.8,8.0,18.1,5.6,11.3,152.0,0,0,0,0,0,0
53.6,54.6,52.6,48.9,49.0,48.8,48.1,46.4,49.8,20.3,21.6,19.0,0.58,7.26,0.181,6.28,6.39,8.67,0.167,4.74,3.41,0.036,0.266,0.475,49.0,36.0,110,33,600,6.0,16.9,9.7,8.3,9.8,7.5,8.2,8.1,8.6,8.3,6.9,16.2,5.7,10.0,130.0,0,0,0,0,0,0
55.0,53.6,56.4,47.1,46.8,47.4,52.7,52.2,53.2,21.4,24.2,18.6,0.602,7.32,0.192,6.27,6.56,8.84,0.172,4.78,3.47,0.037,0.266,0.499,47.1,35.0,96,30,600,4.8,17.9,8.7,7.2,9.6,8.0,8.6,9.1,8.7,7.4,7.0,16.4,6.2,10.9,131.0,0,0,0,0,0,0
50.2,52.0,48.4,46.8,47.4,46.2,50.1,51.0,49.2,18.9,21.2,16.6,0.603,7.44,0.192,6.51,6.52,8.99,0.177,4.9,3.52,0.0368,0.276,0.509,45.7,34.0,84,28,600,5.2,17.1,8.0,7.7,7.6,8.2,8.2,8.4,9.3,7.6,8.5,18.2,6.5,12.0,133.0,0,0,0,0,0,0
55.6,54.2,57.0,48.4,49.2,47.6,53.6,53.4,53.8,20.9,20.2,21.6,0.616,7.53,0.2,6.62,6.74,9.05,0.185,5.01,3.59,0.0377,0.277,0.51,45.1,33.0,89,29,600,5.7,17.2,8.3,7.9,7.0,8.4,9.3,7.8,8.7,8.9,7.5,20.1,6.3,9.4,133.0,0,0,0,0,0,0
51.6,50.6,52.6,46.5,45.6,47.4,58.9,62.6,55.2,19.1,17.4,20.8,0.647,7.71,0.204,6.83,6.85,9.45,0.188,5.09,3.73,0.0369,0.594,0.536,44.7,33.0,96,30,600,6.1,16.6,9.8,7.4,7.7,8.9,8.8,7.5,8.4,10.4,7.3,20.0,6.6,9.4,135.0,0,0,0,0,0,0
55.3,56.0,54.6,46.5,44.4,48.6,51.7,50.2,53.2,21.2,19.2,23.2,0.656,7.87,0.21,6.92,7.12,9.6,0.193,5.26,3.83,0.0369,0.646,0.55,44.1,33.0,95,30,600,6.4,15.8,8.7,7.6,7.6,7.8,7.8,8.5,8.3,11.2,8.5,19.3,7.3,10.0,135.0,0,0,0,0,0,0
51.6,51.6,51.6,47.8,48.2,47.4,52.2,52.4,52.0,20.3,23.0,17.6,0.672,8.0,0.217,7.03,7.27,9.78,0.203,5.35,3.83,0.0378,0.654,0.567,43.8,33.0,90,31,600,6.5,17.2,6.9,6.9,7.8,7.9,8.0,9.5,7.3,9.4,8.7,17.7,6.6,10.4,131.0,0,0,0,0,0,0
54.7,55.0,54.4,47.9,47.0,48.8,53.4,53.6,53.2,20.9,23.8,18.0,0.695,8.12,0.222,7.2,7.31,9.95,0.212,5.42,4.01,0.0378,0.661,0.57,43.3,33.0,87,31,600,5.9,17.6,7.5,7.7,8.2,8.3,8.7,9.6,8.4,7.1,7.9,18.3,6.9,11.0,133.0,0,0,0,0,0,0
52.8,53.2,52.4,50.1,49.2,51.0,52.1,53.8,50.4,19.7,17.0,22.4,0.731,8.26,0.232,7.26,7.48,10.1,0.216,5.53,4.1,0.0369,0.666,0.594,42.8,32.0,81,30,600,6.0,18.1,7.6,9.5,7.3,8.3,9.8,8.5,8.5,7.2,7.2,17.0,6.6,10.5,132.0,0,0,0,0,0,0
52.8,53.2,52.4,45.3,45.6,45.0,50.8,49.2,52.4,21.8,21.2,22.4,0.74,8.47,0.232,7.53,7.58,10.4,0.22,5.65,4.1,0.0377,0.667,0.599,42.6,32.0,83,29,600,6.1,19.0,8.5,9.1,8.5,8.9,9.1,7.6,8.0,9.0,7.0,17.4,6.2,12.1,137.0,0,0,0,0,0,0
52.8,52.2,53.4,47.1,44.4,49.8,52.1,49.6,54.6,19.3,18.4,20.2,0.751,8.68,0.235,7.58,7.66,10.7,0.222,5.75,4.25,0.0368,0.667,0.612,42.1,32.0,84,29,600,6.9,18.3,7.5,8.3,8.2,8.0,9.1,8.9,8.5,9.1,7.5,17.4,6.1,11.3,135.0,0,0,0,0,0,0
55.3,55.2,55.4,48.0,50.0,46.0,50.6,49.6,51.6,19.9,16.6,23.2,0.775,8.77,0.244,7.56,7.75,10.9,0.231,5.87,4.32,0.0377,0.675,0.616,42.0,32.0,84,30,600,7.2,16.4,7.1,8.7,7.4,8.2,8.3,8.6,8.8,8.5,8.9,17.0,5.5,10.0,131.0,0,0,0,0,0,0
53.3,53.0,53.6,46.7,45.4,48.0,52.1,53.8,50.4,19.9,19.8,20.0,0.818,8.97,0.252,7.96,8.06,11.4,0.241,6.1,4.45,0.0378,0.687,0.65,42.2,32.0,99,34,600,5.0,16.1,7.9,9.3,7.5,9.3,8.1,9.5,8.4,8.3,9.4,17.4,6.1,10.6,133.0,0,0,0,0,0,0
54.3,53.4,55.2,46.8,46.8,46.8,53.6,54.8,52.4,19.6,23.2,16.0,0.874,9.51,0.265,8.48,8.52,12.0,0.259,6.44,4.78,0.037,0.703,0.699,42.3,32.0,100,35,600,4.5,16.1,8.2,8.8,7.3,8.5,8.9,10.6,8.1,9.1,8.9,17.4,6.9,11.4,135.0,0,0,0,0,0,0
54.2,52.6,55.8,40.0,38.2,41.8,51.6,51.2,52.0,21.2,23.2,19.2,0.927,10.0,0.281,8.9,9.0,12.7,0.268,6.76,4.99,0.037,0.718,0.734,42.2,32.0,96,33,600,5.6,16.1,8.0,8.5,6.7,7.6,8.7,10.0,8.3,9.6,7.6,17.7,6.5,12.4,133.0,0,0,0,0,0,0
64.7,64.8,64.6,51.7,51.2,52.2,62.7,60.4,65.0,20.8,24.4,17.2,0.826,9.25,0.256,7.89,8.14,11.6,0.232,6.02,4.48,0.0367,0.685,0.637,78.6,61.0,240,92,800,47.3,20.3,9.1,9.5,10.9,10.0,8.9,9.9,9.3,9.1,8.6,19.7,7.1,14.0,194.0,0,0,0,0,0,0
64.7,63.2,66.2,51.6,52.2,51.0,58.6,58.6,58.6,20.3,18.4,22.2,0.835,9.51,0.251,8.19,8.07,11.9,0.233,6.01,4.56,0.0368,0.692,0.66,71.8,54.0,220,61,800,26.6,23.9,10.9,10.5,11.1,11.2,9.6,11.7,10.2,10.4,11.4,23.2,7.7,16.4,195.0,0,0,0,0,0,0
62.9,62.8,63.0,52.5,52.4,52.6,59.4,57.2,61.6,20.8,23.8,17.8,0.833,9.72,0.261,8.17,8.17,12.1,0.241,6.1,4.6,0.0368,0.385,0.656,68.2,51.0,110,39,800,10.0,23.1,10.4,10.1,11.4,10.8,9.7,10.9,11.8,10.0,11.9,24.8,7.9,15.5,178.0,0,0,0,0,0,0
63.1,63.0,63.2,53.7,57.2,50.2,59.9,60.0,59.8,19.7,19.6,19.8,0.843,9.86,0.263,8.38,8.28,12.2,0.243,6.19,4.7,0.0368,0.339,0.662,66.4,51.0,130,43,800,9.5,23.1,9.4,10.2,10.8,12.3,10.9,11.3,10.2,11.2,11.3,24.8,8.8,15.4,179.0,0,0,0,0,0,0
63.3,61.4,65.2,57.3,56.0,58.6,57.6,57.2,58.0,21.3,18.2,24.4,0.864,9.84,0.265,8.48,8.29,12.6,0.243,6.3,4.8,0.0369,0.34,0.663,65.8,51.0,150,47,800,10.5,22.5,9.9,10.7,10.5,11.3,12.3,12.0,9.0,11.1,11.6,24.7,8.7,16.4,181.0,0,0,0,0,0,0
61.7,61.8,61.6,55.7,55.2,56.2,58.9,58.6,59.2,19.2,17.8,20.6,0.867,9.98,0.266,8.5,8.4,12.7,0.242,6.41,4.81,0.036,0.341,0.681,64.7,50.0,150,46,800,9.6,22.0,9.2,10.4,11.6,9.6,12.1,11.4,9.7,11.0,10.7,23.9,8.0,13.4,173.0,0,0,0,0,0,0
59.9,60.0,59.8,56.3,57.6,55.0,55.5,55.2,55.8,20.8,22.8,18.8,0.861,9.98,0.263,8.64,8.39,13.0,0.244,6.46,4.91,0.0361,0.344,0.668,62.9,48.0,130,38,800,7.2,22.4,10.8,11.0,11.8,10.0,12.0,12.0,11.0,9.7,10.7,22.5,7.2,13.9,172.0,0,0,0,0,0,0
62.2,63.4,61.0,53.8,54.2,53.4,60.6,60.8,60.4,20.3,21.0,19.6,0.879,10.1,0.267,8.69,8.52,13.1,0.25,6.62,5.11,0.0362,0.349,0.689,61.6,47.0,110,38,800,5.6,23.4,13.2,12.3,10.5,9.2,10.1,10.4,11.2,9.3,11.1,21.5,6.2,15.6,170.0,0,0,0,0,0,0
62.9,62.8,63.0,52.8,52.8,52.8,57.6,57.8,57.4,21.1,24.8,17.4,0.882,10.2,0.28,8.84,8.71,13.4,0.253,6.59,5.1,0.0362,0.358,0.705,60.2,46.0,100,39,800,6.6,23.8,11.1,13.3,11.7,10.0,9.0,10.5,10.9,10.0,11.2,22.8,7.0,13.3,171.0,0,0,0,0,0,0
62.1,61.2,63.0,51.7,51.4,52.0,60.8,61.2,60.4,20.1,22.4,17.8,0.889,10.4,0.273,9.02,8.73,13.6,0.258,6.67,5.17,0.0362,0.359,0.71,59.2,45.0,110,36,800,7.9,23.5,9.9,13.2,12.1,10.0,10.2,12.6,11.4,9.2,11.1,23.3,7.5,13.8,176.0,0,0,0,0,0,0
62.6,62.8,62.4,51.4,51.6,51.2,58.7,59.2,58.2,20.8,21.2,20.4,0.917,10.5,0.284,9.09,8.9,13.5,0.261,6.73,5.3,0.0363,0.364,0.721,59.1,45.0,130,38,800,9.2,21.1,10.8,10.9,11.4,11.4,10.1,12.1,9.1,10.3,10.9,22.1,8.2,15.7,173.0,0,0,0,0,0,0
61.8,58.4,65.2,52.2,53.2,51.2,68.3,68.2,68.4,19.6,19.2,20.0,0.916,10.5,0.289,9.03,9.06,14.0,0.264,6.82,5.3,0.037,0.773,0.71,59.6,46.0,160,49,800,9.1,20.5,10.3,10.1,11.9,13.0,11.3,11.5,10.3,9.2,9.7,21.6,8.3,14.8,172.0,0,0,0,0,0,0
62.9,64.2,61.6,53.7,55.0,52.4,61.3,62.6,60.0,21.5,22.8,20.2,0.93,10.7,0.288,9.16,9.04,14.1,0.265,6.89,5.46,0.0371,0.78,0.734,59.1,45.0,150,48,800,6.9,21.1,11.4,10.5,10.3,11.5,12.4,11.8,12.4,8.9,9.0,21.7,7.6,14.7,170.0,0,0,0,0,0,0
62.3,60.6,64.0,52.6,52.6,52.6,60.1,60.2,60.0,20.5,21.0,20.0,0.969,10.9,0.299,9.52,9.33,14.6,0.278,7.14,5.56,0.0363,0.786,0.769,59.0,45.0,130,44,800,7.2,21.2,12.7,11.7,9.8,10.9,11.0,12.3,10.9,11.2,10.5,24.5,7.7,15.9,178.0,0,0,0,0,0,0
67.0,67.2,66.8,52.3,53.8,50.8,60.2,59.0,61.4,20.3,21.0,19.6,1.0,11.5,0.316,9.97,9.9,15.7,0.298,7.53,5.93,0.0372,0.807,0.815,58.9,46.0,130,49,800,7.8,23.3,10.7,13.7,11.5,9.2,10.1,10.6,11.3,11.2,10.1,25.0,7.6,15.2,177.0,0,0,0,0,0,0
60.8,61.4,60.2,53.4,53.8,53.0,58.4,57.2,59.6,20.0,17.8,22.2,1.07,12.2,0.327,10.6,10.5,16.4,0.309,7.97,6.26,0.0374,0.831,0.85,58.2,45.0,110,42,800,8.4,25.4,10.1,13.1,11.2,9.2,9.3,11.0,10.9,11.7,10.5,23.7,7.8,15.9,178.0,0,0,0,0,0,0
71.2,71.6,70.8,57.8,56.2,59.4,60.1,60.8,59.4,21.1,22.0,20.2,0.921,11.1,0.281,9.69,9.21,15.1,0.265,6.92,5.62,0.038,0.797,0.727,149.0,110.0,560,200,1000,32.3,26.1,12.0,12.7,9.6,12.6,14.7,11.5,12.6,11.6,11.4,24.2,8.2,15.8,215.0,0,0,0,0,0,0
68.1,67.2,69.0,56.9,56.2,57.6,64.2,63.8,64.6,21.7,23.2,20.2,0.945,11.3,0.287,9.72,9.29,15.0,0.268,7.06,5.7,0.0388,0.824,0.751,137.0,100.0,570,130,1000,22.0,30.8,12.8,14.8,12.6,13.7,13.8,13.6,12.1,11.6,13.6,24.5,7.6,17.5,221.0,0,0,0,0,0,0
68.7,69.6,67.8,52.5,52.4,52.6,65.6,65.2,66.0,21.0,19.8,22.2,0.946,11.3,0.289,9.71,9.17,15.1,0.268,7.07,5.68,0.0388,0.846,0.741,128.0,93.0,160,62,1000,11.7,30.9,12.7,13.9,12.2,14.5,12.6,13.7,12.7,12.8,13.8,25.4,7.9,21.8,217.0,0,0,0,0,0,0
70.1,68.8,71.4,56.9,57.4,56.4,59.2,60.0,58.4,19.9,20.4,19.4,0.953,11.3,0.285,9.77,9.26,15.6,0.279,7.04,5.87,0.0387,0.842,0.745,143.0,100.0,500,100,1000,8.9,29.5,14.3,12.6,10.9,14.5,12.0,13.4,13.6,12.5,12.3,27.6,9.1,19.9,211.0,0,0,0,0,0,0
68.4,66.0,70.8,55.8,57.0,54.6,64.4,63.6,65.2,21.4,23.6,19.2,0.981,11.2,0.297,9.75,9.23,15.8,0.278,7.15,5.95,0.0379,0.851,0.764,138.0,98.0,500,120,1000,8.0,26.6,15.3,13.3,12.5,13.8,13.3,13.9,13.9,13.7,11.1,28.2,10.5,18.1,212.0,0,0,0,0,0,0
68.2,67.0,69.4,56.2,57.2,55.2,64.6,64.2,65.0,20.2,18.2,22.2,0.961,11.6,0.29,9.79,9.23,16.1,0.278,7.1,5.94,0.0378,0.844,0.784,132.0,94.0,200,76,1000,8.3,26.0,15.0,13.3,14.2,12.5,13.0,14.7,14.0,14.5,13.0,28.8,9.2,18.5,215.0,0,0,0,0,0,0
69.8,71.0,68.6,56.8,55.4,58.2,61.4,60.6,62.2,22.1,22.2,22.0,0.96,11.7,0.295,10.0,9.3,16.1,0.281,7.25,6.04,0.038,0.444,0.796,134.0,95.0,300,81,1000,9.5,29.4,14.2,12.0,13.3,13.2,11.8,14.5,12.6,14.5,15.2,27.5,7.2,18.2,213.0,0,0,0,0,0,0
69.3,67.6,71.0,56.6,55.8,57.4,62.0,62.2,61.8,20.8,20.4,21.2,0.959,11.5,0.294,10.1,9.43,16.1,0.283,7.26,6.09,0.038,0.441,0.788,133.0,96.0,370,100,1000,9.1,28.7,13.9,13.4,13.4,13.1,12.9,13.1,11.8,15.2,15.0,27.6,8.8,17.2,213.0,0,0,0,0,0,0
68.9,66.2,71.6,54.4,53.8,55.0,64.6,63.0,66.2,20.8,18.0,23.6,0.955,11.7,0.296,10.2,9.36,16.5,0.279,7.23,6.14,0.0388,0.45,0.799,129.0,93.0,240,81,1000,9.3,26.4,12.4,13.6,15.6,11.9,13.8,14.2,14.5,13.5,13.5,28.0,9.5,18.0,214.0,0,0,0,0,0,0
71.2,71.2,71.2,55.7,55.7,55.7,63.2,62.6,63.8,20.0,17.6,22.4,0.994,11.7,0.295,10.2,9.36,16.5,0.285,7.31,6.22,0.0379,0.451,0.804,127.0,93.0,200,83,1000,10.1,25.8,14.0,13.4,15.3,11.6,14.4,13.9,15.0,13.9,11.8,26.5,8.8,18.8,213.0,0,0,0,0,0,0
69.2,71.2,67.2,56.1,55.9,56.3,74.6,75.0,74.2,22.0,18.2,25.8,1.03,11.8,0.315,10.4,9.47,16.9,0.3,7.32,6.33,0.0389,0.852,0.824,125.0,93.0,200,93,1000,9.0,25.6,14.3,14.1,14.2,12.3,14.4,13.4,14.0,14.2,13.0,27.2,9.6,19.4,215.0,0,0,0,0,0,0
70.0,70.0,70.0,57.7,58.4,57.0,63.9,64.8,63.0,19.8,21.8,17.8,1.02,11.8,0.312,10.5,9.53,17.1,0.305,7.31,6.44,0.038,0.865,0.843,123.0,93.0,200,91,1000,9.3,28.1,12.5,15.4,13.2,14.4,13.6,13.9,13.3,13.5,14.1,27.7,10.0,18.7,218.0,0,0,0,0,0,0
67.8,68.0,67.6,52.5,51.4,53.6,66.4,66.2,66.6,20.6,20.2,21.0,1.1,12.6,0.33,11.0,10.2,18.2,0.316,7.84,6.82,0.0381,0.882,0.893,120.0,90.0,190,74,1000,9.8,29.7,13.3,14.8,13.3,13.9,13.1,12.8,13.7,13.8,14.8,27.9,9.3,18.3,219.0,0,0,0,0,0,0
69.5,68.4,70.6,55.7,55.0,56.4,61.6,59.2,64.0,20.9,19.6,22.2,1.17,13.1,0.353,11.7,10.8,19.2,0.34,8.26,7.28,0.0381,0.9,0.927,125.0,93.0,390,99,1000,8.7,29.0,13.1,13.6,14.0,12.3,12.1,13.0,14.0,12.7,13.5,23.8,7.3,19.4,207.0,0,0,0,0,0,0
62.6,62.2,63.0,31.0,33.9,28.1,66.9,67.4,66.4,20.9,25.0,16.8,1.24,13.9,0.371,12.2,11.3,20.3,0.36,8.68,7.69,0.0379,0.926,0.986,123.0,92.0,380,110,1000,9.3,27.9,13.0,13.2,14.4,13.2,11.7,12.0,14.5,14.5,13.5,25.9,9.0,18.9,211.0,0,0,0,0,0,0
49.4,50.0,48.8,46.5,45.2,47.8,52.6,52.4,52.8,20.2,17.6,22.8,0.582,6.98,0.183,6.18,5.9,7.94,0.165,4.48,3.22,0.0367,0.253,0.478,49.5,38.0,130,48,600,44.5,15.1,7.8,8.7,8.2,6.9,6.7,6.5,8.0,8.7,4.9,16.6,5.9,10.4,159.0,0,0,0,0,0,0
55.6,55.4,55.8,44.1,45.8,42.4,49.5,51.6,47.4,20.2,17.8,22.6,0.588,7.12,0.191,6.3,5.96,8.35,0.164,4.61,3.22,0.0377,0.255,0.49,46.7,36.0,100,30,600,22.6,20.5,7.4,10.0,8.0,7.4,8.9,6.8,8.6,8.4,6.2,18.7,7.1,10.3,151.0,0,0,0,0,0,0
51.0,50.6,51.4,45.5,45.8,45.2,49.9,51.2,48.6,21.0,20.0,22.0,0.59,7.17,0.191,6.47,6.17,8.55,0.17,4.67,3.35,0.0378,0.261,0.503,45.3,35.0,85,29,600,5.6,19.7,8.4,7.5,7.1,7.6,8.7,8.3,9.1,7.5,6.4,17.6,5.9,10.7,130.0,0,0,0,0,0,0
54.4,52.6,56.2,47.2,45.8,48.6,52.9,51.8,54.0,20.9,20.8,21.0,0.605,7.36,0.2,6.56,6.24,8.51,0.171,4.84,3.42,0.0359,0.268,0.517,44.0,34.0,83,30,600,6.2,16.5,9.9,6.3,7.4,8.0,7.6,7.6,9.5,8.0,8.4,17.7,5.6,10.9,130.0,0,0,0,0,0,0
51.1,52.6,49.6,46.2,46.4,46.0,50.2,49.0,51.4,19.8,18.2,21.4,0.618,7.58,0.202,6.63,6.41,8.8,0.175,4.94,3.55,0.0368,0.27,0.518,43.4,34.0,87,29,600,6.4,15.3,9.0,7.7,7.8,8.6,7.3,9.1,8.1,7.8,9.3,18.3,5.9,10.0,131.0,0,0,0,0,0,0
50.2,49.2,51.2,46.8,46.8,46.8,58.1,56.0,60.2,19.7,21.0,18.4,0.626,7.61,0.201,6.82,6.58,9.05,0.179,4.94,3.59,0.0372,0.496,0.541,42.6,33.0,88,28,600,6.0,15.8,8.9,8.8,8.2,9.3,8.4,9.7,7.4,6.6,7.7,17.2,5.4,11.9,131.0,0,0,0,0,0,0
53.5,54.6,52.4,48.1,46.6,49.6,51.8,50.8,52.8,20.3,22.0,18.6,0.624,7.71,0.202,6.92,6.75,9.12,0.178,5.05,3.69,0.0381,0.633,0.528,42.4,32.0,93,29,600,5.8,15.7,8.8,8.0,8.0,7.9,8.6,8.2,6.6,7.9,8.2,15.8,5.2,11.4,126.0,0,0,0,0,0,0
51.9,52.2,51.6,45.6,45.8,45.4,55.6,56.0,55.2,19.6,18.4,20.8,0.648,7.84,0.204,6.91,6.96,9.36,0.188,5.17,3.72,0.0371,0.645,0.56,42.5,33.0,100,32,600,6.0,16.8,8.8,7.4,9.5,6.8,7.4,9.0,6.3,8.7,8.8,16.6,5.5,10.3,128.0,0,0,0,0,0,0
53.6,52.2,55.0,49.4,50.8,48.0,50.6,49.8,51.4,20.1,18.4,21.8,0.656,8.13,0.208,7.04,6.98,9.64,0.187,5.24,3.9,0.0362,0.645,0.566,42.2,32.0,98,32,600,5.8,18.1,7.9,9.0,9.4,7.7,7.7,8.7,8.4,6.4,9.3,17.5,5.4,11.3,133.0,0,0,0,0,0,0
52.6,52.2,53.0,50.2,47.4,53.0,53.3,52.8,53.8,21.4,21.4,21.4,0.657,8.23,0.21,7.27,7.04,9.8,0.19,5.37,3.95,0.0371,0.648,0.572,42.3,32.0,95,30,600,4.9,17.7,7.3,9.9,9.7,8.6,7.9,7.7,8.0,6.2,8.6,18.3,6.2,11.2,132.0,0,0,0,0,0,0
54.1,53.0,55.2,45.0,43.4,46.6,51.8,52.4,51.2,19.4,18.0,20.8,0.68,8.38,0.222,7.35,7.38,10.0,0.197,5.43,4.0,0.0382,0.655,0.585,42.8,33.0,110,34,600,6.0,15.9,9.4,8.1,9.2,8.3,7.2,9.6,7.6,7.5,9.0,20.4,7.5,10.9,137.0,0,0,0,0,0,0
53.4,52.6,54.2,47.2,46.6,47.8,52.6,50.8,54.4,21.2,19.8,22.6,0.703,8.57,0.227,7.35,7.49,10.2,0.202,5.55,4.08,0.0373,0.659,0.591,42.4,33.0,110,33,600,6.5,15.8,9.1,6.8,8.0,9.2,7.4,9.4,7.7,7.8,8.4,19.3,6.9,12.0,134.0,0,0,0,0,0,0
54.5,53.8,55.2,44.8,45.0,44.6,53.2,50.8,55.6,19.8,19.0,20.6,0.724,8.67,0.233,7.48,7.6,10.5,0.207,5.65,4.26,0.0384,0.665,0.61,42.6,33.0,99,32,600,6.5,16.7,8.7,7.6,8.1,10.5,8.4,7.8,8.0,8.7,7.2,17.1,6.4,12.0,134.0,0,0,0,0,0,0
51.7,52.2,51.2,46.7,49.0,44.4,49.7,49.8,49.6,20.8,20.4,21.2,0.727,8.73,0.236,7.63,7.8,10.7,0.213,5.81,4.34,0.0373,0.669,0.621,42.3,32.0,100,32,600,6.5,17.3,8.6,9.1,7.0,8.3,9.9,7.6,8.1,9.0,7.2,16.9,6.5,11.3,133.0,0,0,0,0,0,0
54.4,55.4,53.4,48.1,49.0,47.2,51.8,49.0,54.6,19.7,16.2,23.2,0.753,9.07,0.24,7.81,8.1,11.1,0.222,5.96,4.43,0.0375,0.679,0.647,42.1,32.0,86,30,600,7.0,17.4,7.5,8.2,7.4,6.6,10.5,8.2,7.3,9.3,7.5,15.6,4.9,11.4,129.0,0,0,0,0,0,0
53.3,51.2,55.4,47.2,49.0,45.4,52.7,53.6,51.8,21.0,22.6,19.4,0.812,9.63,0.256,8.24,8.63,11.8,0.231,6.36,4.67,0.0375,0.692,0.688,41.9,32.0,86,30,600,7.1,17.0,8.2,7.6,8.2,6.9,9.5,9.2,7.1,9.4,7.4,16.3,5.0,12.1,131.0,0,0,0,0,0,0
51.7,50.0,53.4,42.1,41.0,43.2,51.2,52.4,50.0,19.7,19.4,20.0,0.853,10.1,0.266,8.75,9.05,12.5,0.242,6.73,5.01,0.0375,0.711,0.72,41.9,32.0,95,31,600,5.7,16.3,9.1,7.6,8.2,7.6,8.8,8.8,7.6,8.9,7.1,19.4,6.4,12.2,134.0,0,0,0,0,0,0
62.8,63.0,62.6,52.0,50.2,53.8,62.2,61.0,63.4,24.1,22.2,26.0,0.764,9.29,0.231,8.07,8.03,11.6,0.213,5.86,4.44,0.0379,0.68,0.641,81.1,62.0,300,88,800,47.4,21.1,9.0,9.8,9.8,12.3,9.5,9.2,8.7,9.5,9.3,20.3,5.8,15.2,197.0,0,0,0,0,0,0
60.5,59.0,62.0,53.1,54.4,51.8,58.5,55.8,61.2,19.7,17.8,21.6,0.773,9.37,0.242,8.11,7.99,11.9,0.215,6.1,4.58,0.0368,0.46,0.631,74.0,55.0,300,62,800,26.3,24.5,10.2,9.5,11.6,12.2,10.9,10.4,9.4,10.0,10.8,24.5,7.6,16.0,194.0,0,0,0,0,0,0
64.5,63.6,65.4,54.3,54.8,53.8,59.8,58.4,61.2,20.2,20.2,20.2,0.792,9.47,0.249,8.21,8.12,12.0,0.227,6.16,4.55,0.0359,0.332,0.658,70.4,53.0,110,39,800,9.0,25.2,10.5,9.7,11.7,11.5,11.9,10.5,10.8,10.5,9.4,23.9,7.7,15.4,178.0,0,0,0,0,0,0
63.3,62.0,64.6,53.9,55.8,52.0,62.9,62.8,63.0,20.0,17.6,22.4,0.828,9.81,0.254,8.42,8.25,12.3,0.228,6.23,4.77,0.0377,0.334,0.66,67.9,51.0,130,42,800,6.6,23.0,8.3,12.0,10.8,11.3,11.1,11.8,10.0,11.5,11.3,24.0,8.5,16.6,177.0,0,0,0,0,0,0
62.9,62.6,63.2,56.0,55.4,56.6,62.2,61.8,62.6,21.7,18.8,24.6,0.838,9.85,0.258,8.68,8.3,12.6,0.236,6.39,4.78,0.0374,0.342,0.664,65.6,49.0,130,40,800,6.9,21.7,8.5,12.5,10.5,10.6,10.9,13.2,10.5,11.9,11.5,24.7,9.4,17.2,180.0,0,0,0,0,0,0
64.1,64.4,63.8,50.3,50.0,50.6,62.0,61.0,63.0,20.9,23.0,18.8,0.849,10.1,0.264,8.68,8.47,12.9,0.235,6.45,4.87,0.0374,0.346,0.671,64.1,48.0,120,42,800,7.9,22.8,10.3,12.0,10.9,9.7,11.8,12.0,10.3,11.0,10.0,25.2,7.7,17.2,179.0,0,0,0,0,0,0
61.5,59.6,63.4,54.8,53.0,56.6,60.5,61.2,59.8,20.1,21.4,18.8,0.852,10.2,0.259,8.8,8.33,13.0,0.237,6.55,4.97,0.0363,0.353,0.687,62.4,47.0,110,42,800,7.5,21.7,10.4,12.7,11.2,10.2,12.2,10.7,11.6,9.6,10.9,24.9,7.7,16.5,178.0,0,0,0,0,0,0
60.7,61.4,60.0,51.0,51.8,50.2,61.5,61.2,61.8,20.7,20.8,20.6,0.843,10.3,0.265,9.1,8.45,13.4,0.243,6.65,5.08,0.0353,0.358,0.689,61.5,47.0,110,41,800,8.4,21.9,11.6,11.8,13.0,8.6,10.9,10.3,11.6,9.5,12.7,23.6,8.0,14.4,176.0,0,0,0,0,0,0
61.3,60.0,62.6,52.3,50.8,53.8,59.1,58.6,59.6,21.6,24.2,19.0,0.856,10.3,0.261,9.13,8.56,13.5,0.24,6.58,5.07,0.0361,0.356,0.702,60.2,46.0,110,40,800,8.4,25.1,11.2,10.8,12.7,10.4,10.0,9.7,11.2,9.5,12.2,22.6,7.8,15.5,177.0,0,0,0,0,0,0
59.6,58.6,60.6,52.6,51.8,53.4,61.6,61.2,62.0,19.7,16.2,23.2,0.902,10.5,0.27,9.35,8.57,13.7,0.249,6.62,5.19,0.0361,0.361,0.711,59.3,45.0,100,37,800,8.1,26.7,10.1,10.2,11.7,12.3,10.2,10.0,12.9,9.1,10.6,21.6,7.4,15.9,177.0,0,0,0,0,0,0
61.2,62.0,60.4,53.7,53.2,54.2,69.9,68.6,71.2,21.9,24.6,19.2,0.898,10.6,0.28,9.37,8.67,13.9,0.255,6.78,5.32,0.0351,0.779,0.714,59.6,46.0,130,46,800,8.3,21.5,10.5,10.5,11.5,12.1,10.5,10.3,11.1,9.7,10.4,22.0,7.4,14.2,170.0,0,0,0,0,0,0
61.7,59.0,64.4,51.9,52.6,51.2,59.1,60.0,58.2,20.0,19.2,20.8,0.899,10.7,0.276,9.56,8.67,14.0,0.259,6.85,5.45,0.0369,0.783,0.726,59.0,46.0,130,49,800,8.1,21.1,10.2,12.0,11.6,13.4,10.7,10.8,9.9,12.2,10.5,23.5,8.4,13.4,176.0,0,0,0,0,0,0
63.1,63.6,62.6,53.0,51.7,54.3,60.4,60.4,60.4,20.3,22.0,18.6,0.915,10.7,0.282,9.7,8.81,14.2,0.265,6.87,5.38,0.036,0.785,0.749,58.5,45.0,120,41,800,7.2,26.1,9.5,10.9,11.7,11.4,11.4,10.9,10.7,12.6,10.1,22.6,7.8,14.8,178.0,0,0,0,0,0,0
61.3,59.2,63.4,53.1,53.1,53.1,61.5,61.0,62.0,21.9,23.4,20.4,0.952,11.1,0.294,9.93,9.04,14.7,0.279,7.01,5.6,0.0361,0.796,0.778,58.2,45.0,120,44,800,6.9,23.6,9.8,8.7,12.0,10.3,11.9,10.3,11.5,10.1,9.5,22.2,6.9,16.8,171.0,0,0,0,0,0,0
63.1,63.4,62.8,53.7,55.4,52.0,59.6,60.8,58.4,19.9,20.2,19.6,1.04,11.8,0.312,10.6,9.59,15.5,0.296,7.53,5.99,0.037,0.811,0.828,57.8,45.0,130,42,800,8.4,22.4,10.9,11.2,11.4,11.0,11.7,11.8,10.6,9.4,10.6,22.6,8.0,15.5,176.0,0,0,0,0,0,0
59.5,59.4,59.6,50.1,49.8,50.4,60.4,60.8,60.0,20.8,21.0,20.6,1.1,12.3,0.327,11.2,10.1,16.5,0.312,8.0,6.3,0.036,0.837,0.865,57.7,45.0,120,42,800,8.0,22.7,10.9,12.8,9.4,10.0,11.6,12.8,10.4,11.4,11.2,22.3,7.9,12.6,174.0,0,0,0,0,0,0
69.8,68.8,70.8,57.3,57.8,56.8,63.7,62.8,64.6,21.1,19.2,23.0,0.917,11.1,0.275,9.75,8.71,14.9,0.262,6.98,5.63,0.0362,0.789,0.737,148.0,100.0,560,230,1000,31.0,22.8,12.6,14.4,11.9,11.5,11.9,13.4,12.0,12.6,13.1,24.5,8.8,16.3,217.0,0,0,0,0,0,0
70.1,70.8,69.4,55.3,55.0,55.6,62.8,61.8,63.8,20.6,17.0,24.2,0.954,11.1,0.282,9.83,8.97,15.1,0.271,6.88,5.74,0.0353,0.789,0.739,141.0,100.0,470,160,1000,21.3,26.5,15.2,12.5,14.4,13.7,13.0,14.8,15.5,12.3,13.2,27.3,9.1,18.1,227.0,0,0,0,0,0,0
69.2,69.0,69.4,53.6,54.8,52.4,63.7,63.8,63.6,20.7,17.8,23.6,0.992,11.0,0.29,10.0,8.88,15.0,0.273,6.9,5.78,0.0362,0.788,0.75,136.0,100.0,230,92,1000,11.1,27.5,15.3,12.1,14.5,14.7,14.8,12.7,15.1,12.3,13.6,31.6,10.3,18.6,224.0,0,0,0,0,0,0
71.0,74.2,67.8,55.1,53.0,57.2,59.5,58.2,60.8,22.1,23.4,20.8,0.975,11.2,0.3,9.93,8.84,15.6,0.277,7.0,5.85,0.0361,0.794,0.757,149.0,100.0,490,120,1000,8.8,27.5,13.3,13.2,13.2,14.3,15.2,10.6,13.4,13.4,13.2,30.5,9.9,19.3,216.0,0,0,0,0,0,0
68.6,68.0,69.2,55.4,56.6,54.2,67.0,64.8,69.2,21.4,20.4,22.4,0.972,11.4,0.304,9.98,9.0,15.7,0.283,7.14,5.93,0.0371,0.801,0.761,148.0,110.0,500,140,1000,9.9,29.4,13.5,13.1,13.6,13.0,14.4,11.9,13.4,13.0,13.2,29.9,10.4,19.0,218.0,0,0,0,0,0,0
70.8,70.8,70.8,53.2,52.8,53.6,62.2,62.2,62.2,20.0,19.6,20.4,0.991,11.5,0.305,10.2,9.11,15.9,0.277,7.12,5.96,0.0361,0.39,0.771,142.0,100.0,220,93,1000,9.3,29.3,11.9,12.4,13.5,13.8,12.8,14.2,13.0,12.7,13.7,28.6,10.3,19.9,215.0,0,0,0,0,0,0
68.2,68.4,68.0,56.6,58.0,55.2,65.7,64.0,67.4,22.0,24.6,19.4,0.992,11.6,0.31,10.1,9.15,16.0,0.282,7.14,5.92,0.0351,0.391,0.765,147.0,110.0,390,100,1000,8.8,26.7,11.1,13.7,11.9,13.7,14.1,14.0,13.1,12.9,12.6,26.7,8.7,20.1,208.0,0,0,0,0,0,0
67.8,67.0,68.6,59.1,58.0,60.2,62.7,62.8,62.6,20.7,20.0,21.4,1.01,11.7,0.303,10.1,9.08,16.3,0.286,7.19,6.12,0.0352,0.392,0.766,141.0,100.0,390,96,1000,9.7,26.0,11.8,14.9,11.5,13.5,14.1,13.7,14.6,11.9,12.9,26.6,8.8,19.4,209.0,0,0,0,0,0,0
70.1,69.4,70.8,55.5,55.6,55.4,66.0,66.4,65.6,22.4,22.4,22.4,1.02,11.6,0.316,10.2,9.17,16.6,0.289,7.14,6.17,0.0362,0.395,0.781,141.0,100.0,280,87,1000,10.0,25.7,11.9,14.0,12.4,14.7,12.5,14.0,15.7,12.3,12.8,25.0,8.7,19.7,209.0,0,0,0,0,0,0
70.1,68.6,71.6,55.0,54.0,56.0,72.3,71.6,73.0,21.4,18.4,24.4,1.03,11.7,0.319,10.2,9.32,16.9,0.288,7.2,6.15,0.0353,0.82,0.787,144.0,110.0,360,130,1000,9.9,27.8,12.8,13.9,12.7,14.5,13.3,13.4,14.4,13.8,14.1,27.7,9.8,18.3,216.0,0,0,0,0,0,0
69.0,68.6,69.4,55.1,55.8,54.4,65.6,64.6,66.6,20.4,19.0,21.8,1.03,11.9,0.322,10.3,9.15,16.6,0.294,7.15,6.3,0.0362,0.819,0.797,140.0,100.0,320,110,1000,8.6,30.3,12.9,14.9,13.4,13.6,12.5,13.4,13.0,13.6,13.0,29.1,10.4,19.1,218.0,0,0,0,0,0,0
70.4,68.8,72.0,55.9,54.0,57.8,63.7,63.4,64.0,20.3,23.6,17.0,1.07,12.0,0.325,10.4,9.45,17.2,0.299,7.18,6.46,0.037,0.825,0.828,143.0,110.0,370,110,1000,7.7,28.0,12.6,13.9,15.0,14.0,12.3,12.7,12.4,13.8,10.7,27.8,9.8,20.5,211.0,0,0,0,0,0,0
69.5,69.4,69.6,56.2,57.2,55.2,64.6,65.2,64.0,22.0,23.2,20.8,1.15,12.6,0.347,10.9,10.1,18.4,0.324,7.67,6.75,0.0353,0.843,0.883,140.0,100.0,380,110,1000,8.0,27.1,13.1,12.7,14.7,14.7,14.3,13.3,11.7,14.3,11.3,27.7,9.2,20.5,213.0,0,0,0,0,0,0
69.5,69.4,69.6,56.6,56.8,56.4,65.3,64.4,66.2,21.0,23.0,19.0,1.23,13.2,0.372,11.7,10.7,19.5,0.344,8.11,7.13,0.0372,0.869,0.928,138.0,100.0,240,73,1000,8.7,27.3,14.7,13.4,12.5,14.5,14.5,13.2,13.2,12.6,12.5,25.7,9.3,18.7,211.0,0,0,0,0,0,0
60.9,60.2,61.6,28.2,31.0,25.4,64.6,64.8,64.4,20.5,18.4,22.6,1.3,14.1,0.387,12.3,11.1,20.4,0.36,8.68,7.68,0.0362,0.896,0.97,135.0,100.0,230,80,1000,9.1,26.6,15.0,14.6,12.1,14.0,12.7,12.2,14.3,12.4,13.4,25.2,9.5,18.1,209.0,0,0,0,0,0,0
50.7,51.2,50.2,44.2,44.0,44.4,51.1,50.4,51.8,20.9,17.6,24.2,0.49,6.87,0.165,6.08,5.85,7.94,0.137,4.39,3.09,0.0371,0.249,0.453,46.2,36.0,120,40,600,44.4,17.9,8.4,7.8,6.9,7.8,7.1,8.0,6.9,8.1,7.0,16.4,5.2,10.4,162.0,0,0,0,0,0,0
52.5,51.0,54.0,45.4,42.8,48.0,51.2,52.4,50.0,19.4,16.0,22.8,0.516,7.02,0.169,6.32,5.95,8.08,0.158,4.45,3.15,0.036,0.252,0.467,45.0,35.0,100,31,600,21.7,19.5,8.1,8.3,7.4,8.7,9.1,6.6,7.3,9.4,8.3,18.3,6.0,10.9,150.0,0,0,0,0,0,0
52.3,50.2,54.4,46.6,44.8,48.4,51.1,49.6,52.6,21.2,24.2,18.2,0.536,7.19,0.179,6.48,6.11,8.33,0.168,4.61,3.25,0.0378,0.262,0.479,43.6,34.0,88,29,600,5.9,16.8,8.9,7.2,7.8,9.6,8.5,6.6,7.3,9.1,7.5,16.4,5.2,10.1,127.0,0,0,0,0,0,0
53.9,54.2,53.6,46.0,46.4,45.6,55.0,54.8,55.2,20.8,19.4,22.2,0.553,7.38,0.184,6.62,6.28,8.67,0.173,4.67,3.36,0.036,0.268,0.484,42.6,33.0,86,28,600,5.8,15.3,8.7,8.4,8.3,8.7,8.5,8.7,8.1,8.1,7.2,16.9,6.0,11.6,130.0,0,0,0,0,0,0
53.1,53.6,52.6,45.4,46.8,44.0,52.0,52.6,51.4,19.8,22.2,17.4,0.594,7.43,0.185,6.68,6.44,8.74,0.175,4.81,3.48,0.038,0.271,0.495,41.7,32.0,85,27,600,5.3,16.4,7.6,9.0,8.3,7.4,8.5,9.1,8.1,8.8,8.3,19.1,6.4,12.6,135.0,0,0,0,0,0,0
51.0,51.8,50.2,44.8,47.6,42.0,51.8,51.8,51.8,19.6,18.6,20.6,0.577,7.73,0.183,6.98,6.48,8.88,0.175,4.87,3.56,0.036,0.285,0.504,41.3,32.0,91,27,600,5.7,17.7,8.4,8.7,7.5,7.8,6.5,7.7,9.5,9.7,8.4,18.6,5.8,13.1,135.0,0,0,0,0,0,0
54.2,54.2,54.2,46.5,47.8,45.2,52.9,53.6,52.2,21.3,19.4,23.2,0.587,7.76,0.187,6.92,6.62,9.26,0.181,5.05,3.64,0.0362,0.29,0.516,41.0,32.0,89,29,600,6.9,17.6,7.9,6.9,7.8,8.6,6.7,7.1,8.9,8.0,7.8,15.3,4.1,13.8,127.0,0,0,0,0,0,0
56.1,56.6,55.6,45.0,44.6,45.4,61.4,60.0,62.8,19.8,20.2,19.4,0.613,8.07,0.195,7.1,6.76,9.6,0.185,5.16,3.65,0.0362,0.697,0.527,41.7,32.0,97,35,600,7.3,16.3,8.0,8.0,8.3,7.9,7.2,8.5,7.5,7.1,8.3,16.7,4.8,12.9,129.0,0,0,0,0,0,0
50.8,49.2,52.4,47.0,45.4,48.6,50.5,49.4,51.6,19.8,19.6,20.0,0.62,8.13,0.197,7.16,6.91,9.71,0.19,5.19,3.82,0.0381,0.7,0.536,41.2,32.0,97,33,600,7.0,15.9,9.3,9.1,8.8,8.0,7.4,9.2,7.7,8.6,8.2,18.1,6.0,11.8,135.0,0,0,0,0,0,0
55.7,54.4,57.0,48.8,48.4,49.2,51.9,53.2,50.6,21.2,19.6,22.8,0.635,8.32,0.207,7.35,7.14,9.92,0.201,5.32,3.86,0.0371,0.703,0.553,41.2,32.0,91,30,600,6.0,16.3,9.0,9.0,8.9,8.7,8.0,8.7,7.5,8.1,8.4,16.8,4.9,10.7,131.0,0,0,0,0,0,0
54.5,54.2,54.8,45.0,46.8,43.2,51.8,52.6,51.0,20.6,24.0,17.2,0.683,8.5,0.214,7.46,7.27,10.2,0.211,5.47,4.03,0.037,0.716,0.578,41.2,32.0,98,32,600,4.9,17.6,9.0,9.9,6.9,8.8,8.3,8.3,7.5,7.0,8.6,17.3,6.1,10.4,131.0,0,0,0,0,0,0
53.0,51.0,55.0,46.9,46.0,47.8,52.6,50.4,54.8,19.9,22.0,17.8,0.704,8.48,0.22,7.55,7.3,10.3,0.212,5.55,4.02,0.0374,0.719,0.591,41.0,32.0,95,30,600,4.6,18.6,9.2,9.7,6.1,8.3,7.9,8.2,7.3,7.7,7.3,17.2,7.2,11.2,131.0,0,0,0,0,0,0
56.0,55.2,56.8,43.7,40.8,46.6,54.2,55.8,52.6,20.1,21.0,19.2,0.746,8.84,0.223,7.74,7.51,10.7,0.221,5.71,4.13,0.0374,0.729,0.614,41.1,32.0,96,31,600,4.6,18.8,7.3,8.9,7.5,8.6,8.9,8.1,8.1,8.5,7.6,18.0,7.0,11.3,133.0,0,0,0,0,0,0
50.7,50.0,51.4,45.5,47.0,44.0,48.7,50.6,46.8,20.8,18.8,22.8,0.74,8.86,0.23,7.91,7.66,10.7,0.226,5.81,4.29,0.0365,0.728,0.616,41.0,32.0,100,30,600,5.4,18.9,6.4,7.3,7.6,8.1,10.1,7.4,7.9,9.2,9.1,18.3,6.8,11.2,134.0,0,0,0,0,0,0
53.3,53.0,53.6,45.4,46.0,44.8,52.9,53.0,52.8,20.7,21.6,19.8,0.761,9.14,0.236,8.2,7.97,11.4,0.232,6.0,4.42,0.0375,0.741,0.65,41.0,32.0,93,29,600,6.1,17.8,6.4,8.8,6.7,7.8,9.5,7.4,7.1,9.4,8.7,16.5,5.5,10.4,128.0,0,0,0,0,0,0
49.8,50.8,48.8,46.4,48.0,44.8,50.3,48.6,52.0,20.5,22.6,18.4,0.786,9.5,0.246,8.64,8.42,12.0,0.242,6.29,4.63,0.0366,0.758,0.685,41.0,32.0,98,31,600,6.0,17.1,6.2,9.4,7.5,8.1,8.9,8.7,8.4,8.4,8.1,16.1,4.5,11.0,128.0,0,0,0,0,0,0
54.1,54.8,53.4,38.6,39.8,37.4,55.9,54.0,57.8,19.7,20.8,18.6,0.847,10.2,0.258,9.12,8.86,12.5,0.254,6.61,4.95,0.0376,0.774,0.714,41.1,32.0,98,31,600,5.5,17.8,7.2,7.8,8.5,7.6,8.7,8.0,9.7,7.8,7.3,16.9,4.9,11.8,130.0,0,0,0,0,0,0
62.7,61.6,63.8,52.6,51.6,53.6,62.0,60.8,63.2,20.5,22.8,18.2,0.744,9.41,0.234,8.23,7.83,11.9,0.222,5.97,4.37,0.0369,0.738,0.621,74.6,56.0,250,84,800,47.0,18.7,10.9,9.2,10.8,10.5,11.1,10.1,10.4,11.0,9.2,21.2,7.3,12.8,200.0,0,0,0,0,0,0
64.1,61.2,67.0,56.5,56.0,57.0,60.5,60.0,61.0,21.9,21.8,22.0,0.767,9.31,0.242,8.23,8.02,11.9,0.23,6.05,4.43,0.0378,0.738,0.633,69.3,53.0,230,55,800,24.9,23.3,10.2,10.7,11.4,11.9,11.2,10.5,11.6,11.6,10.7,24.5,9.5,13.3,195.0,0,0,0,0,0,0
58.1,58.0,58.2,54.0,54.4,53.6,58.5,59.6,57.4,20.3,20.2,20.4,0.804,9.58,0.251,8.42,7.99,12.0,0.233,6.07,4.58,0.0376,0.739,0.652,66.0,50.0,110,41,800,8.7,23.4,10.8,10.1,10.0,10.2,10.7,11.0,12.4,10.6,11.4,25.6,9.2,14.5,179.0,0,0,0,0,0,0
61.6,61.8,61.4,52.0,52.6,51.4,58.6,57.4,59.8,21.5,21.6,21.4,0.831,9.56,0.256,8.55,8.06,12.2,0.24,6.23,4.78,0.0376,0.338,0.655,63.8,49.0,110,42,800,8.6,22.3,10.8,10.0,10.3,10.0,11.8,11.6,11.3,10.1,11.9,24.1,9.0,15.2,177.0,0,0,0,0,0,0
62.4,62.2,62.6,50.7,49.6,51.8,61.8,61.6,62.0,20.8,22.0,19.6,0.846,9.78,0.262,8.66,8.17,12.6,0.247,6.22,4.73,0.0374,0.35,0.679,62.5,49.0,110,45,800,6.6,23.4,12.3,10.1,11.4,10.4,10.9,10.9,11.8,10.3,11.2,23.6,8.8,14.9,177.0,0,0,0,0,0,0
60.8,61.0,60.6,52.3,50.6,54.0,59.0,58.2,59.8,19.5,19.8,19.2,0.859,9.96,0.258,8.85,8.06,12.7,0.241,6.29,4.85,0.0376,0.358,0.674,61.3,48.0,120,42,800,5.7,21.5,13.5,9.3,12.7,11.2,9.0,11.5,12.2,11.0,10.8,23.7,8.2,15.7,176.0,0,0,0,0,0,0
62.0,61.0,63.0,52.8,53.0,52.6,58.8,57.4,60.2,21.2,24.0,18.4,0.83,9.96,0.256,8.89,8.33,12.7,0.242,6.31,4.91,0.0386,0.353,0.666,60.2,47.0,120,37,800,6.6,21.3,12.0,9.7,11.6,11.2,10.2,11.4,9.8,11.7,10.2,20.6,6.5,17.0,170.0,0,0,0,0,0,0
61.0,59.0,63.0,54.2,55.2,53.2,58.1,58.8,57.4,19.8,21.0,18.6,0.835,10.2,0.259,9.01,8.33,13.0,0.249,6.4,5.04,0.0374,0.356,0.68,59.3,46.0,110,40,800,7.3,22.4,12.5,10.4,10.6,11.3,10.4,11.7,9.2,11.1,8.9,20.2,6.5,16.1,169.0,0,0,0,0,0,0
66.3,67.2,65.4,51.5,53.2,49.8,58.6,57.8,59.4,21.2,21.8,20.6,0.833,10.1,0.262,9.13,8.54,13.3,0.245,6.59,5.11,0.0374,0.357,0.684,59.6,47.0,140,47,800,6.7,23.4,11.8,10.4,10.9,10.2,10.8,13.3,9.4,10.4,10.6,22.9,7.1,14.9,173.0,0,0,0,0,0,0
64.9,65.6,64.2,54.0,54.0,54.0,59.6,58.8,60.4,20.0,20.0,20.0,0.849,10.2,0.265,9.26,8.48,13.6,0.25,6.66,5.14,0.0373,0.364,0.699,59.9,47.0,160,52,800,6.7,24.3,10.6,10.2,9.9,10.3,11.6,13.3,9.5,11.1,11.8,24.0,6.8,15.3,175.0,0,0,0,0,0,0
59.7,59.4,60.0,54.1,54.0,54.2,60.1,60.4,59.8,20.8,20.6,21.0,0.868,10.5,0.275,9.35,8.66,13.7,0.261,6.76,5.29,0.0363,0.372,0.712,58.8,46.0,120,42,800,7.1,24.4,11.1,10.2,9.7,10.6,11.9,12.2,11.3,10.7,12.5,23.9,7.5,14.7,178.0,0,0,0,0,0,0
64.8,65.6,64.0,52.9,51.4,54.4,66.6,68.4,64.8,23.1,26.2,20.0,0.929,10.7,0.277,9.45,8.65,14.0,0.266,6.83,5.42,0.0373,0.374,0.717,58.5,46.0,110,40,800,8.1,22.8,10.0,12.1,10.4,10.2,12.0,11.3,12.3,10.3,13.3,23.3,7.8,13.0,177.0,0,0,0,0,0,0
59.5,59.0,60.0,56.5,56.8,56.2,63.0,62.6,63.4,21.2,18.6,23.8,0.929,10.8,0.285,9.67,8.82,14.3,0.272,7.06,5.43,0.0373,0.777,0.736,58.3,46.0,130,42,800,8.8,21.8,9.8,12.0,10.8,12.5,11.3,9.3,11.4,10.5,12.0,23.7,8.6,15.3,178.0,0,0,0,0,0,0
64.1,62.8,65.4,52.2,50.4,54.0,64.0,64.4,63.6,20.1,23.0,17.2,0.992,11.0,0.303,9.99,9.16,14.7,0.289,7.16,5.67,0.0385,0.789,0.777,58.1,46.0,130,40,800,7.8,21.2,10.0,11.7,11.4,13.4,12.0,11.0,11.4,9.3,11.6,24.0,8.6,15.9,179.0,0,0,0,0,0,0
55.5,55.6,55.4,52.9,51.0,54.8,57.0,56.0,58.0,21.9,23.0,20.8,1.03,11.7,0.315,10.4,9.59,15.7,0.301,7.5,5.95,0.0382,0.806,0.811,57.6,45.0,120,40,800,6.6,20.7,10.3,12.9,11.7,13.1,11.6,12.4,12.1,9.7,10.1,23.2,8.3,15.2,178.0,0,0,0,0,0,0
67.4,67.4,67.4,50.3,51.6,49.1,61.6,60.0,63.2,20.1,17.1,23.1,1.1,12.3,0.333,11.2,10.3,16.5,0.318,8.1,6.23,0.0371,0.829,0.858,57.5,45.0,130,42,800,5.7,22.7,11.5,12.0,12.0,11.9,10.4,10.4,10.8,10.0,9.1,22.5,7.9,15.9,173.0,0,0,0,0,0,0
70.3,73.8,66.8,59.1,58.4,59.8,61.7,61.0,62.4,21.7,19.8,23.6,0.93,11.1,0.29,9.87,8.96,14.8,0.267,7.05,5.62,0.0371,0.775,0.763,161.0,110.0,600,250,1000,30.6,28.2,12.5,12.2,12.5,10.3,11.8,13.1,12.5,13.0,11.4,24.6,8.3,17.1,218.0,0,0,0,0,0,0
67.0,66.6,67.4,54.5,53.6,55.4,63.8,62.6,65.0,20.4,22.8,18.0,0.954,11.3,0.296,9.99,8.84,15.1,0.27,7.14,5.64,0.0362,0.776,0.768,153.0,100.0,590,190,1000,18.5,28.1,14.5,13.5,13.0,11.7,11.2,13.6,12.7,11.8,13.5,27.9,9.4,20.3,220.0,0,0,0,0,0,0
69.8,69.8,69.8,55.5,56.6,54.4,66.6,66.6,66.6,21.2,21.6,20.8,0.955,11.2,0.294,10.1,8.99,15.5,0.273,7.06,5.73,0.0371,0.777,0.767,155.0,110.0,320,110,1000,11.1,29.2,14.1,14.6,13.1,12.4,12.3,11.4,12.4,12.8,14.8,28.8,9.1,18.4,215.0,0,0,0,0,0,0
70.4,70.8,70.0,57.4,58.0,56.8,63.0,64.2,61.8,20.3,23.0,17.6,0.998,11.5,0.309,10.1,8.88,15.3,0.281,7.04,5.92,0.0371,0.785,0.771,155.0,110.0,340,130,1000,10.2,29.4,13.2,14.3,14.8,12.5,12.8,11.9,12.1,14.9,13.0,29.0,10.4,19.4,218.0,0,0,0,0,0,0
68.2,68.4,68.0,56.0,54.2,57.8,66.1,65.4,66.8,21.3,22.4,20.2,1.0,11.6,0.304,9.97,9.01,15.7,0.287,7.05,5.92,0.0382,0.784,0.792,146.0,110.0,290,93,1000,10.8,27.0,13.2,13.5,14.3,14.2,12.8,13.2,13.6,14.4,11.0,29.8,10.8,19.3,218.0,0,0,0,0,0,0
69.6,70.2,69.0,56.5,56.2,56.8,64.9,64.8,65.0,21.3,24.6,18.0,1.0,11.6,0.305,10.2,8.91,15.9,0.283,7.17,5.96,0.0382,0.784,0.795,139.0,100.0,170,70,1000,10.4,29.3,13.0,13.0,12.0,14.8,12.3,13.2,15.3,12.2,12.7,28.7,9.2,17.4,214.0,0,0,0,0,0,0
71.7,69.4,74.0,58.3,56.2,60.4,62.3,64.6,60.0,20.5,24.8,16.2,1.01,11.7,0.313,10.1,9.13,16.2,0.29,7.25,6.05,0.0372,0.792,0.8,145.0,100.0,400,99,1000,8.9,31.5,13.9,14.2,13.1,13.5,14.0,12.9,13.9,13.9,12.0,27.8,8.2,18.1,216.0,0,0,0,0,0,0
67.5,65.8,69.2,55.4,55.8,55.0,67.0,67.2,66.8,20.5,18.6,22.4,1.01,11.6,0.313,10.1,9.13,16.4,0.294,7.2,6.21,0.0381,0.398,0.817,139.0,100.0,400,110,1000,8.1,31.4,14.9,14.0,15.7,12.5,14.3,12.5,10.8,15.5,11.7,29.3,9.5,17.8,218.0,0,0,0,0,0,0
70.0,71.0,69.0,54.9,53.8,56.0,65.1,65.2,65.0,22.6,21.4,23.8,0.994,11.9,0.321,10.2,9.14,16.6,0.291,7.22,6.17,0.0362,0.394,0.816,140.0,100.0,280,92,1000,8.9,29.8,13.3,12.4,13.9,12.4,14.0,12.8,10.9,15.3,15.4,29.7,10.2,16.4,215.0,0,0,0,0,0,0
69.4,67.6,71.2,55.0,55.6,54.4,64.3,62.2,66.4,20.3,16.8,23.8,1.07,11.6,0.322,10.4,9.29,16.6,0.3,7.36,6.36,0.0371,0.399,0.83,139.0,100.0,330,110,1000,10.2,27.5,12.1,12.1,12.5,13.9,14.7,14.4,13.8,12.4,15.4,28.7,10.5,17.8,216.0,0,0,0,0,0,0
68.8,67.6,70.0,55.4,56.0,54.8,73.3,73.2,73.4,20.5,21.4,19.6,1.07,11.8,0.33,10.4,9.21,17.0,0.309,7.15,6.4,0.0362,0.815,0.828,141.0,100.0,380,110,1000,9.2,27.5,11.4,12.4,13.1,16.0,13.8,13.9,13.1,11.5,13.2,28.1,10.8,19.5,214.0,0,0,0,0,0,0
68.8,68.6,69.0,52.9,51.8,54.0,64.1,62.0,66.2,20.3,17.4,23.2,1.08,12.1,0.332,10.6,9.36,17.5,0.311,7.27,6.5,0.0372,0.82,0.849,137.0,100.0,320,96,1000,9.1,27.1,11.6,12.1,13.5,15.6,13.0,14.3,12.3,12.7,12.9,28.0,9.2,18.2,210.0,0,0,0,0,0,0
69.7,68.6,70.8,54.2,56.2,52.2,62.6,62.8,62.4,23.4,23.0,23.8,1.14,12.5,0.347,11.1,9.94,18.4,0.326,7.63,6.85,0.0382,0.843,0.905,139.0,100.0,390,89,1000,9.6,27.3,12.9,12.6,13.1,16.2,14.1,13.5,13.5,12.5,12.4,27.2,8.7,17.3,211.0,0,0,0,0,0,0
68.3,67.0,69.6,58.2,60.6,55.8,66.7,67.2,66.2,21.9,23.4,20.4,1.2,13.3,0.369,11.8,10.5,19.5,0.348,8.1,7.23,0.0364,0.867,0.947,138.0,100.0,430,86,1000,9.2,28.1,12.0,13.3,12.1,15.7,14.8,12.2,13.5,13.4,11.4,26.7,9.1,19.5,211.0,0,0,0,0,0,0
49.4,50.0,48.8,48.2,48.6,47.8,47.6,49.2,46.0,20.3,16.2,24.4,0.523,6.96,0.164,6.3,5.73,7.99,0.145,4.42,3.11,0.0368,0.263,0.474,50.3,38.0,160,47,600,42.8,15.3,8.0,9.1,7.6,7.7,7.3,6.9,7.5,7.0,6.9,18.5,6.5,11.5,163.0,0,0,0,0,0,0
54.8,54.6,55.0,46.8,45.0,48.6,51.5,48.4,54.6,20.1,18.0,22.2,0.52,7.1,0.169,6.4,5.93,8.22,0.148,4.55,3.22,0.0368,0.265,0.48,48.4,37.0,90,31,600,21.5,18.0,8.5,9.9,7.2,8.4,9.0,9.2,8.4,7.8,6.9,18.1,5.9,10.5,149.0,0,0,0,0,0,0
55.6,55.4,55.8,46.8,46.6,47.0,52.4,50.2,54.6,19.3,19.0,19.6,0.543,7.24,0.175,6.41,5.97,8.35,0.153,4.63,3.25,0.0367,0.269,0.498,47.6,36.0,98,32,600,6.1,18.4,8.3,9.4,7.2,8.2,9.3,8.8,8.0,7.5,6.3,16.2,5.1,10.7,130.0,0,0,0,0,0,0
52.9,52.8,53.0,45.5,45.6,45.4,50.0,49.8,50.2,19.8,22.4,17.2,0.563,7.32,0.183,6.55,6.3,8.6,0.161,4.81,3.39,0.0358,0.275,0.506,46.6,35.0,94,30,600,6.7,16.4,8.8,8.9,9.3,8.1,8.7,9.0,6.9,8.3,7.0,17.4,5.3,12.1,133.0,0,0,0,0,0,0
52.6,53.2,52.0,47.0,48.2,45.8,50.3,50.0,50.6,20.1,20.6,19.6,0.578,7.46,0.183,6.59,6.31,8.92,0.161,4.82,3.43,0.0357,0.28,0.512,45.9,35.0,93,31,600,6.9,15.7,9.3,8.1,8.2,7.8,9.0,9.7,6.6,7.7,7.9,16.2,5.6,12.3,131.0,0,0,0,0,0,0
51.4,52.0,50.8,45.3,44.6,46.0,50.7,49.0,52.4,20.4,20.4,20.4,0.599,7.58,0.19,6.81,6.42,9.07,0.169,4.96,3.56,0.0376,0.286,0.528,44.7,34.0,88,30,600,5.7,17.3,10.0,8.0,6.9,6.9,8.8,8.4,6.9,7.6,7.5,14.5,5.0,12.4,126.0,0,0,0,0,0,0
53.7,53.0,54.4,46.5,45.6,47.4,52.4,51.6,53.2,19.5,16.0,23.0,0.614,7.67,0.188,6.81,6.64,9.28,0.17,5.14,3.61,0.0374,0.286,0.537,43.8,33.0,79,29,600,4.0,18.6,9.6,8.1,7.0,7.1,9.3,8.0,7.3,7.7,7.7,16.2,5.2,12.0,128.0,0,0,0,0,0,0
52.1,51.0,53.2,44.5,43.6,45.4,59.8,59.0,60.6,21.7,22.2,21.2,0.617,7.85,0.194,7.04,6.79,9.52,0.172,5.21,3.72,0.0356,0.707,0.552,44.1,33.0,96,32,600,4.9,17.4,8.6,8.4,8.4,9.2,8.9,7.9,7.8,7.9,7.8,18.0,5.7,11.9,133.0,0,0,0,0,0,0
55.3,55.0,55.6,49.2,46.2,52.2,51.5,52.8,50.2,21.4,21.6,21.2,0.627,7.84,0.197,6.93,6.88,9.82,0.175,5.16,3.78,0.0363,0.702,0.564,43.3,33.0,97,30,600,5.9,16.4,6.9,8.3,9.3,8.6,8.6,8.7,7.4,8.6,7.7,16.6,4.6,12.0,130.0,0,0,0,0,0,0
51.4,50.8,52.0,43.3,43.4,43.2,53.1,52.8,53.4,20.4,19.6,21.2,0.657,8.06,0.203,7.18,7.12,9.87,0.184,5.44,3.88,0.0372,0.715,0.572,42.9,33.0,83,28,600,5.0,18.5,6.5,8.2,8.3,8.6,8.2,8.6,7.2,8.9,7.8,16.5,5.5,11.5,129.0,0,0,0,0,0,0
52.7,53.2,52.2,46.0,45.6,46.4,52.2,51.8,52.6,19.9,20.4,19.4,0.671,8.38,0.21,7.34,7.16,10.3,0.189,5.46,3.95,0.0354,0.716,0.583,42.6,32.0,89,30,600,5.4,18.9,8.0,7.0,8.6,8.9,7.4,8.2,7.5,9.4,7.7,17.4,6.3,11.2,132.0,0,0,0,0,0,0
51.2,47.0,55.4,45.8,46.6,45.0,52.0,51.8,52.2,20.5,20.0,21.0,0.659,8.43,0.208,7.46,7.32,10.4,0.186,5.55,4.06,0.0362,0.72,0.587,42.6,32.0,94,31,600,5.3,20.5,8.9,7.4,9.0,7.4,8.3,8.1,7.6,8.4,8.0,17.1,5.2,12.4,134.0,0,0,0,0,0,0
52.8,53.4,52.2,45.7,45.2,46.2,51.2,52.2,50.2,19.9,16.4,23.4,0.682,8.56,0.214,7.39,7.38,10.6,0.19,5.67,4.1,0.0362,0.724,0.597,42.3,32.0,94,31,600,4.8,19.9,8.8,7.4,8.2,7.8,8.1,7.7,7.8,6.7,9.0,16.0,4.5,12.2,129.0,0,0,0,0,0,0
52.7,52.0,53.4,44.6,43.6,45.6,51.4,52.0,50.8,19.2,20.8,17.6,0.697,8.74,0.219,7.61,7.64,10.6,0.193,5.75,4.16,0.0364,0.727,0.603,42.1,32.0,89,29,600,4.8,16.9,8.9,7.0,8.3,9.0,7.5,8.5,8.5,7.3,8.5,15.6,5.0,12.0,128.0,0,0,0,0,0,0
50.2,52.2,48.2,44.7,44.4,45.0,48.4,48.6,48.2,20.8,18.0,23.6,0.716,9.05,0.224,7.86,8.03,11.3,0.201,5.94,4.38,0.0372,0.739,0.634,42.2,32.0,98,29,600,5.0,16.6,8.5,7.8,8.6,8.6,8.4,8.0,8.2,9.1,8.7,15.8,5.2,11.6,130.0,0,0,0,0,0,0
52.7,55.0,50.4,44.2,45.8,42.6,50.8,50.8,50.8,21.2,23.8,18.6,0.755,9.49,0.232,8.28,8.43,11.8,0.213,6.25,4.63,0.0372,0.758,0.667,42.0,32.0,97,30,600,5.7,16.5,7.5,8.2,7.4,7.6,9.2,7.2,8.2,8.8,8.3,14.3,4.0,10.1,123.0,0,0,0,0,0,0
51.8,51.2,52.4,39.3,37.6,41.0,51.5,50.6,52.4,19.3,22.0,16.6,0.789,10.0,0.243,8.67,8.79,12.5,0.219,6.7,4.87,0.0357,0.771,0.701,41.7,32.0,84,29,600,6.5,16.4,6.3,9.3,7.5,7.6,9.2,8.5,8.5,7.9,7.3,14.3,4.0,9.4,123.0,0,0,0,0,0,0
62.6,61.6,63.6,52.7,52.4,53.0,61.6,59.6,63.6,20.5,19.6,21.4,0.681,9.27,0.215,8.15,7.67,11.4,0.194,5.85,4.41,0.0372,0.734,0.62,81.4,64.0,260,97,800,44.7,19.6,8.5,9.5,11.6,8.7,10.4,9.5,11.5,11.9,9.2,21.0,6.9,14.4,197.0,0,0,0,0,0,0
61.1,61.4,60.8,53.4,53.8,53.0,58.8,57.8,59.8,20.1,20.6,19.6,0.703,9.27,0.224,8.27,7.91,11.7,0.199,6.04,4.51,0.0363,0.739,0.625,74.6,57.0,250,57,800,26.1,22.5,11.1,11.2,12.5,9.6,12.0,10.3,11.8,12.3,11.3,25.5,8.0,13.7,198.0,0,0,0,0,0,0
59.1,58.4,59.8,56.0,57.0,55.0,59.8,60.2,59.4,21.4,21.8,21.0,0.713,9.66,0.227,8.47,7.87,11.9,0.199,6.02,4.6,0.0363,0.745,0.633,70.4,54.0,110,39,800,8.0,23.2,12.7,11.6,10.5,10.5,12.0,10.7,11.7,10.2,10.7,26.7,7.5,12.9,179.0,0,0,0,0,0,0
60.3,60.6,60.0,51.2,50.4,52.0,62.2,61.0,63.4,20.4,21.0,19.8,0.734,9.7,0.229,8.51,7.88,12.2,0.211,6.12,4.71,0.0373,0.337,0.636,67.2,51.0,110,38,800,7.6,23.8,12.9,11.2,10.2,11.7,11.9,11.7,10.2,9.7,8.8,23.0,7.1,14.8,175.0,0,0,0,0,0,0
62.5,62.0,63.0,53.2,53.2,53.2,60.0,60.4,59.6,20.6,20.0,21.2,0.74,9.86,0.237,8.8,7.95,12.0,0.218,6.36,4.8,0.0374,0.346,0.647,65.1,49.0,110,38,800,8.4,22.5,12.0,11.7,11.0,12.4,11.0,10.9,9.0,10.1,9.2,22.5,7.6,15.1,173.0,0,0,0,0,0,0
60.9,60.8,61.0,52.3,52.8,51.8,60.4,61.2,59.6,20.9,16.6,25.2,0.756,9.85,0.242,8.88,8.0,12.5,0.222,6.31,4.92,0.0378,0.341,0.661,63.8,49.0,120,39,800,8.8,23.0,9.4,10.6,10.7,12.5,11.9,10.0,10.3,11.3,10.7,22.7,8.6,14.6,175.0,0,0,0,0,0,0
60.9,60.8,61.0,52.1,50.0,54.2,59.7,58.8,60.6,20.3,22.0,18.6,0.788,9.97,0.244,8.79,8.07,12.5,0.227,6.48,4.9,0.0377,0.35,0.671,62.6,48.0,130,41,800,8.7,23.7,8.7,11.7,10.3,11.8,11.4,10.7,10.8,10.7,11.0,21.6,8.8,15.0,175.0,0,0,0,0,0,0
59.8,57.8,61.8,54.9,53.4,56.4,57.3,58.2,56.4,21.2,21.2,21.2,0.815,9.96,0.253,9.12,8.06,12.8,0.235,6.48,4.96,0.0377,0.349,0.674,60.7,46.0,110,35,800,7.8,23.9,9.0,14.4,10.5,10.1,8.7,11.6,10.8,11.2,11.1,20.3,7.4,13.7,171.0,0,0,0,0,0,0
60.8,59.8,61.8,53.1,53.4,52.8,60.5,61.2,59.8,20.5,22.0,19.0,0.835,10.2,0.258,9.2,8.33,13.1,0.237,6.68,5.12,0.038,0.356,0.69,59.4,45.0,93,34,800,7.0,23.1,9.3,11.9,11.2,9.6,9.4,10.4,11.7,12.4,11.1,19.8,6.8,13.7,167.0,0,0,0,0,0,0
61.4,60.2,62.6,52.0,53.6,50.4,58.5,59.2,57.8,21.0,20.0,22.0,0.844,10.3,0.256,9.31,8.24,13.4,0.244,6.64,5.21,0.037,0.365,0.694,58.8,45.0,110,39,800,7.2,22.3,10.0,10.1,12.1,11.0,11.5,10.2,11.2,12.0,10.1,22.7,7.7,13.2,171.0,0,0,0,0,0,0
63.4,63.6,63.2,53.4,53.4,53.4,61.7,59.8,63.6,20.6,17.8,23.4,0.87,10.4,0.273,9.57,8.4,13.5,0.255,6.87,5.25,0.038,0.37,0.707,58.2,44.0,110,42,800,7.9,24.7,9.9,12.1,12.6,11.5,10.9,10.8,10.5,11.3,9.4,24.9,7.5,13.4,177.0,0,0,0,0,0,0
61.9,62.2,61.6,52.1,52.6,51.6,58.1,58.2,58.0,20.2,17.0,23.4,0.892,10.7,0.275,9.68,8.53,13.9,0.254,7.01,5.4,0.037,0.365,0.724,59.4,45.0,180,47,800,9.3,24.0,9.3,12.5,11.9,10.8,10.0,10.2,12.3,10.4,11.4,25.4,7.7,14.4,180.0,0,0,0,0,0,0
63.4,61.8,65.0,52.2,53.0,51.4,72.6,72.4,72.8,20.6,19.4,21.8,0.909,10.7,0.285,9.97,8.54,14.3,0.27,7.0,5.49,0.0388,0.79,0.748,59.4,45.0,180,53,800,8.8,21.5,9.7,11.0,10.2,10.6,9.1,9.9,12.9,11.9,11.8,24.2,7.5,14.7,174.0,0,0,0,0,0,0
61.4,60.8,62.0,53.3,53.2,53.4,59.0,58.0,60.0,21.9,18.8,25.0,0.968,10.9,0.297,10.2,8.88,14.8,0.278,7.19,5.68,0.0379,0.799,0.779,59.2,45.0,140,48,800,7.3,20.6,10.5,11.4,11.0,10.6,9.5,11.2,11.5,11.4,12.5,25.3,8.8,15.2,177.0,0,0,0,0,0,0
62.6,63.2,62.0,55.9,54.6,57.2,63.5,61.6,65.4,21.0,19.6,22.4,1.03,11.6,0.314,10.6,9.49,15.4,0.298,7.64,5.99,0.0379,0.822,0.821,58.9,45.0,140,44,800,7.4,22.1,12.1,12.3,11.4,10.6,11.2,10.8,10.6,11.7,12.7,27.1,8.9,12.8,182.0,0,0,0,0,0,0
64.4,64.6,64.2,51.6,52.6,50.6,62.5,61.8,63.2,21.1,20.0,22.2,1.11,12.3,0.332,11.4,9.97,16.5,0.319,8.03,6.42,0.0389,0.843,0.881,59.2,46.0,140,48,800,8.3,23.8,11.8,12.0,10.6,10.8,10.1,8.8,10.3,12.2,10.1,26.0,7.6,14.0,176.0,0,0,0,0,0,0
71.9,71.0,72.8,56.0,54.0,58.0,60.1,58.0,62.2,20.5,19.8,21.2,1.0,11.2,0.299,9.73,9.07,15.0,0.278,7.06,5.61,0.037,0.797,0.745,152.0,100.0,580,240,1000,33.8,25.0,12.0,12.5,13.1,13.6,13.1,14.1,9.7,11.0,12.8,23.0,7.1,16.6,217.0,0,0,0,0,0,0
69.7,69.4,70.0,54.5,56.6,52.4,62.6,62.0,63.2,21.4,22.8,20.0,0.977,11.2,0.301,9.77,9.13,15.5,0.276,7.04,5.73,0.0388,0.801,0.756,143.0,99.0,500,160,1000,18.4,25.1,13.5,12.7,14.2,14.1,12.7,14.0,12.5,12.8,12.4,27.8,9.9,18.8,219.0,0,0,0,0,0,0
70.5,70.2,70.8,55.2,56.0,54.4,60.9,60.6,61.2,21.6,20.8,22.4,0.978,11.4,0.296,9.71,9.18,15.6,0.277,7.13,5.87,0.0389,0.807,0.753,142.0,100.0,280,94,1000,9.5,29.0,15.6,12.8,13.7,13.9,12.3,13.9,15.4,12.6,12.5,29.7,9.8,19.5,220.0,0,0,0,0,0,0
70.1,69.2,71.0,55.4,56.4,54.4,62.1,61.2,63.0,20.4,17.0,23.8,0.994,11.3,0.298,9.81,9.21,15.9,0.283,7.07,5.83,0.0388,0.807,0.777,137.0,99.0,290,99,1000,8.0,28.4,16.1,12.2,11.2,13.8,12.4,12.8,13.8,13.4,13.3,30.0,8.9,19.5,214.0,0,0,0,0,0,0
68.3,69.0,67.6,56.8,57.8,55.8,63.2,61.6,64.8,20.7,20.0,21.4,1.01,11.5,0.305,9.8,9.4,16.1,0.283,7.33,6.03,0.0388,0.803,0.774,131.0,96.0,210,80,1000,7.2,26.4,15.3,11.3,11.2,13.8,11.6,12.3,13.0,14.9,14.1,29.6,8.3,21.2,210.0,0,0,0,0,0,0
72.1,72.6,71.6,56.5,57.6,55.4,65.2,63.6,66.8,21.3,22.6,20.0,0.998,11.6,0.303,9.76,9.39,16.3,0.279,7.17,6.09,0.0369,0.804,0.794,126.0,94.0,190,72,1000,8.5,27.8,15.0,12.3,13.6,14.8,13.6,12.5,12.2,13.5,13.6,26.9,7.6,20.4,212.0,0,0,0,0,0,0
71.0,73.2,68.8,55.5,55.4,55.6,63.7,63.8,63.6,20.1,20.6,19.6,1.02,11.6,0.308,9.86,9.46,16.3,0.287,7.21,6.02,0.0379,0.815,0.792,126.0,96.0,210,96,1000,9.5,29.6,14.0,13.6,13.4,13.5,14.4,12.9,12.6,12.7,12.6,26.7,8.7,18.3,213.0,0,0,0,0,0,0
70.1,69.0,71.2,55.6,54.0,57.2,62.1,61.8,62.4,20.7,23.4,18.0,1.04,11.7,0.306,9.92,9.58,16.5,0.285,7.2,6.2,0.0368,0.393,0.786,126.0,97.0,240,110,1000,7.9,28.8,13.4,14.9,13.2,12.6,13.6,13.9,13.2,12.5,12.7,29.0,9.3,20.1,215.0,0,0,0,0,0,0
70.2,69.4,71.0,58.5,56.8,60.2,63.8,62.0,65.6,21.2,23.6,18.8,1.04,11.9,0.315,9.77,9.55,16.7,0.285,7.28,6.24,0.0379,0.398,0.791,126.0,98.0,260,110,1000,7.2,27.1,14.2,14.9,13.0,13.0,13.4,15.0,13.8,11.6,12.3,31.2,9.1,19.0,215.0,0,0,0,0,0,0
70.7,68.4,73.0,53.6,53.4,53.8,64.9,64.6,65.2,22.0,20.8,23.2,1.05,12.0,0.311,10.2,9.67,16.9,0.287,7.29,6.38,0.0387,0.401,0.818,124.0,97.0,240,94,1000,8.9,28.8,13.6,13.9,12.4,13.0,13.6,13.7,14.0,12.6,13.9,30.7,10.4,17.2,217.0,0,0,0,0,0,0
71.2,73.4,69.0,55.8,54.0,57.6,74.1,74.0,74.2,21.5,21.8,21.2,1.02,11.8,0.311,9.8,9.67,16.9,0.291,7.42,6.32,0.0368,0.843,0.814,123.0,97.0,210,92,1000,10.0,29.8,13.0,12.7,13.4,13.7,12.7,13.1,13.7,13.3,14.3,28.6,10.0,17.7,216.0,0,0,0,0,0,0
69.6,68.0,71.2,55.1,53.8,56.4,64.0,63.8,64.2,20.3,22.2,18.4,1.06,12.0,0.324,10.1,10.1,17.6,0.297,7.3,6.37,0.0375,0.847,0.838,121.0,97.0,200,96,1000,9.2,29.0,11.6,13.5,14.1,14.9,12.2,13.5,13.9,12.1,12.7,27.6,9.3,19.7,213.0,0,0,0,0,0,0
69.9,70.6,69.2,54.2,53.0,55.4,63.7,65.2,62.2,21.4,19.2,23.6,1.13,12.7,0.336,10.6,10.7,18.5,0.313,7.75,6.89,0.0387,0.865,0.889,120.0,96.0,200,87,1000,8.9,29.2,12.5,14.7,14.6,14.2,12.9,12.8,14.7,14.1,12.1,26.2,9.6,20.2,217.0,0,0,0,0,0,0
68.5,66.8,70.2,56.0,57.0,55.0,64.1,63.6,64.6,20.7,23.0,18.4,1.18,13.4,0.352,11.2,11.1,19.4,0.335,8.17,7.28,0.0377,0.885,0.937,119.0,96.0,240,89,1000,8.7,27.1,12.7,14.0,13.6,12.5,14.1,13.3,13.4,15.3,10.5,24.7,8.1,20.0,208.0,0,0,0,0,0,0
50.7,50.6,50.8,44.0,46.0,42.0,52.0,51.6,52.4,20.5,18.8,22.2,0.541,7.01,0.177,6.26,5.88,8.21,0.156,4.46,3.09,0.0372,0.248,0.468,48.9,37.0,130,43,600,42.6,15.8,7.8,7.8,7.7,8.1,7.8,8.3,7.7,7.6,7.7,17.6,4.9,10.4,162.0,0,0,0,0,0,0
48.9,48.2,49.6,44.5,46.0,43.0,50.2,49.2,51.2,19.8,20.4,19.2,0.55,7.05,0.181,6.37,5.97,8.27,0.158,4.57,3.24,0.038,0.253,0.473,45.1,33.0,94,26,600,19.1,18.0,9.2,8.0,7.7,8.3,8.5,10.0,7.9,7.8,9.1,18.3,5.2,10.9,148.0,0,0,0,0,0,0
54.6,54.8,54.4,48.1,46.4,49.8,52.2,52.6,51.8,19.7,16.4,23.0,0.554,7.13,0.182,6.39,6.06,8.55,0.161,4.58,3.3,0.037,0.258,0.492,43.8,32.0,80,26,600,5.7,18.4,9.1,8.6,6.4,7.0,8.3,8.7,7.6,7.4,8.7,13.7,5.0,10.2,125.0,0,0,0,0,0,0
50.4,49.6,51.2,47.3,47.6,47.0,55.6,54.2,57.0,20.6,22.2,19.0,0.582,7.38,0.187,6.8,6.23,8.72,0.168,4.77,3.39,0.0369,0.259,0.502,43.0,32.0,89,28,600,6.4,17.9,10.1,9.1,7.5,7.5,9.6,7.9,8.6,7.0,7.7,17.4,6.9,11.0,135.0,0,0,0,0,0,0
53.1,54.6,51.6,44.1,45.6,42.6,54.5,53.8,55.2,20.5,22.8,18.2,0.604,7.43,0.194,6.94,6.27,9.02,0.17,4.89,3.48,0.0368,0.263,0.513,42.2,32.0,86,29,600,6.8,17.2,9.1,8.3,10.5,7.6,10.0,7.8,8.4,8.0,8.0,20.1,7.2,10.6,140.0,0,0,0,0,0,0
50.6,49.6,51.6,48.3,46.6,50.0,60.5,58.0,63.0,22.6,26.6,18.6,0.621,7.6,0.195,6.96,6.39,9.01,0.174,4.88,3.55,0.0368,0.435,0.519,41.5,31.0,82,29,600,6.8,17.7,8.8,7.4,9.5,7.4,9.3,8.0,7.2,9.2,8.3,17.9,6.2,10.3,134.0,0,0,0,0,0,0
53.2,51.2,55.2,46.8,48.6,45.0,52.3,52.4,52.2,20.2,21.2,19.2,0.626,7.88,0.198,7.24,6.44,9.22,0.175,5.03,3.66,0.0377,0.655,0.528,41.2,31.0,87,29,600,6.2,18.1,7.9,8.2,9.4,7.6,7.9,8.7,7.6,8.7,7.3,16.5,6.0,12.3,132.0,0,0,0,0,0,0
55.8,55.4,56.2,44.8,44.4,45.2,54.1,55.2,53.0,20.6,18.4,22.8,0.657,8.09,0.206,7.39,6.61,9.61,0.183,5.2,3.77,0.0368,0.664,0.544,41.1,31.0,90,32,600,6.1,19.0,8.1,8.9,9.3,7.8,6.9,7.6,8.6,8.3,7.2,17.2,5.6,11.2,132.0,0,0,0,0,0,0
51.3,51.2,51.4,46.9,46.8,47.0,53.1,52.8,53.4,20.2,20.4,20.0,0.679,8.13,0.216,7.44,6.66,9.72,0.193,5.25,3.84,0.0359,0.665,0.568,40.7,31.0,91,31,600,5.3,21.4,9.1,7.4,8.2,7.9,7.4,8.7,8.6,7.9,7.8,18.2,5.7,10.9,135.0,0,0,0,0,0,0
50.9,49.0,52.8,46.0,45.4,46.6,53.2,52.8,53.6,20.1,22.8,17.4,0.683,8.28,0.216,7.77,6.78,10.1,0.195,5.37,3.96,0.0369,0.672,0.571,40.7,31.0,94,29,600,6.5,19.4,9.1,6.8,8.3,7.8,7.1,9.9,8.5,7.5,8.2,17.9,5.8,13.4,136.0,0,0,0,0,0,0
53.2,53.0,53.4,46.7,46.0,47.4,52.1,52.2,52.0,19.5,18.6,20.4,0.698,8.45,0.223,7.83,6.91,10.2,0.2,5.51,4.02,0.0367,0.678,0.589,40.3,31.0,91,29,600,7.9,16.2,9.7,6.9,6.7,7.6,6.8,8.3,8.2,8.0,9.7,16.6,5.3,11.9,130.0,0,0,0,0,0,0
50.4,51.4,49.4,47.0,47.4,46.6,51.2,51.2,51.2,21.5,20.6,22.4,0.717,8.64,0.224,7.87,7.01,10.3,0.199,5.63,4.15,0.0369,0.678,0.602,40.2,30.0,91,27,600,6.6,18.0,8.6,7.5,6.5,7.9,8.5,8.4,7.7,8.1,9.1,16.8,5.8,9.5,129.0,0,0,0,0,0,0
52.9,52.8,53.0,45.9,46.2,45.6,53.6,51.8,55.4,18.9,20.8,17.0,0.734,8.58,0.229,7.97,7.12,10.5,0.203,5.72,4.24,0.037,0.69,0.611,40.3,31.0,98,30,600,4.6,18.2,8.0,7.9,8.1,9.1,9.1,9.2,8.4,7.1,7.3,18.6,5.2,9.1,130.0,0,0,0,0,0,0
50.6,50.4,50.8,47.5,48.4,46.6,53.2,53.4,53.0,21.0,22.2,19.8,0.718,8.76,0.227,8.23,7.2,10.7,0.203,5.76,4.36,0.0382,0.693,0.624,40.0,30.0,93,30,600,4.5,17.7,8.7,7.7,8.9,8.6,8.5,8.3,8.0,7.5,8.0,17.3,4.5,11.0,129.0,0,0,0,0,0,0
55.5,55.8,55.2,44.3,43.6,45.0,55.3,55.0,55.6,19.6,22.2,17.0,0.76,9.16,0.238,8.52,7.64,11.4,0.215,5.95,4.45,0.0379,0.705,0.658,40.2,31.0,90,31,600,5.4,18.2,8.6,7.0,9.4,7.0,9.3,8.2,7.8,6.9,8.3,17.4,5.4,12.6,132.0,0,0,0,0,0,0
51.5,50.8,52.2,49.0,49.8,48.2,51.8,51.6,52.0,19.7,17.0,22.4,0.783,9.68,0.246,9.08,8.01,11.9,0.225,6.41,4.78,0.0379,0.72,0.685,39.9,31.0,89,31,600,4.8,17.7,9.9,6.3,8.7,7.7,8.8,9.0,10.4,6.6,7.2,18.9,5.5,12.8,134.0,0,0,0,0,0,0
55.5,55.4,55.6,37.7,38.4,37.0,57.0,58.2,55.8,20.2,22.0,18.4,0.872,10.2,0.265,9.48,8.48,12.6,0.239,6.8,4.95,0.0371,0.739,0.724,39.9,31.0,85,30,600,5.8,16.4,8.9,7.3,8.5,8.2,8.0,8.8,9.8,7.6,7.6,17.3,6.1,12.3,133.0,0,0,0,0,0,0
59.2,59.6,58.8,52.5,53.0,52.0,63.2,64.8,61.6,20.3,20.2,20.4,0.759,9.61,0.236,8.51,7.44,11.5,0.219,5.99,4.47,0.0372,0.709,0.633,67.1,53.0,200,75,800,47.2,20.9,9.8,10.3,9.7,10.6,9.8,10.4,10.6,10.2,11.6,21.5,7.2,12.2,202.0,0,0,0,0,0,0
60.9,60.8,61.0,51.9,52.8,51.0,57.2,56.2,58.2,19.9,17.6,22.2,0.754,9.71,0.241,8.66,7.66,11.7,0.224,6.11,4.57,0.0373,0.55,0.635,62.8,48.0,170,42,800,25.8,23.5,10.6,11.5,9.4,10.8,11.0,12.3,13.0,10.6,11.2,21.9,7.4,15.6,195.0,0,0,0,0,0,0
59.9,58.6,61.2,51.0,52.4,49.6,59.8,59.6,60.0,21.1,22.2,20.0,0.786,9.73,0.24,8.69,7.71,12.0,0.227,6.22,4.62,0.0372,0.334,0.64,59.7,46.0,100,35,800,8.6,21.8,9.7,11.2,9.4,11.4,11.7,11.5,10.8,11.5,10.3,20.2,6.4,16.2,171.0,0,0,0,0,0,0
61.8,62.6,61.0,52.6,52.0,53.2,59.3,59.8,58.8,20.9,19.2,22.6,0.764,9.75,0.243,8.82,7.85,12.1,0.225,6.04,4.63,0.0362,0.337,0.641,58.3,44.0,110,35,800,7.5,21.1,10.7,12.3,9.2,10.1,9.6,10.8,10.4,13.2,10.4,20.1,7.2,15.6,168.0,0,0,0,0,0,0
59.7,57.4,62.0,54.0,51.4,56.6,59.7,60.0,59.4,21.9,22.4,21.4,0.782,9.9,0.245,9.02,7.88,12.2,0.232,6.28,4.72,0.0372,0.346,0.646,57.1,44.0,120,36,800,6.8,21.8,11.8,12.6,9.8,8.5,10.3,10.9,12.4,11.5,10.4,19.5,7.1,15.6,169.0,0,0,0,0,0,0
59.8,59.6,60.0,53.1,55.0,51.2,61.5,59.8,63.2,20.8,18.8,22.8,0.817,10.0,0.25,8.95,7.88,12.5,0.239,6.38,4.85,0.0364,0.346,0.665,55.9,43.0,110,38,800,7.8,22.1,10.6,12.5,10.4,10.0,12.3,12.0,13.0,11.3,10.8,21.0,6.7,14.4,175.0,0,0,0,0,0,0
63.0,62.2,63.8,52.4,53.2,51.6,60.4,60.4,60.4,21.3,19.4,23.2,0.822,10.1,0.256,9.12,8.08,12.6,0.244,6.5,4.93,0.0373,0.353,0.656,55.1,43.0,110,39,800,8.0,23.2,10.0,11.0,10.3,11.1,9.9,13.7,10.5,11.9,10.2,22.3,7.7,15.1,175.0,0,0,0,0,0,0
58.5,57.2,59.8,52.6,53.4,51.8,59.7,59.2,60.2,19.3,20.2,18.4,0.833,10.2,0.261,9.26,8.14,12.9,0.25,6.48,4.99,0.0363,0.354,0.671,54.7,43.0,110,40,800,7.9,23.4,11.6,9.5,11.4,11.5,9.6,13.3,10.1,11.1,9.2,21.9,8.3,16.7,176.0,0,0,0,0,0,0
57.9,55.8,60.0,51.8,51.6,52.0,63.0,62.4,63.6,20.6,22.8,18.4,0.836,10.5,0.261,9.58,8.28,13.2,0.249,6.58,5.04,0.0372,0.353,0.67,53.9,42.0,110,36,800,8.4,22.4,12.5,10.7,11.1,10.7,10.8,10.5,11.0,9.0,9.0,21.2,6.1,16.5,170.0,0,0,0,0,0,0
62.8,63.0,62.6,52.4,53.6,51.2,56.9,56.4,57.4,20.2,16.8,23.6,0.835,10.6,0.262,9.45,8.4,13.4,0.25,6.78,5.09,0.036,0.356,0.675,53.6,41.0,110,36,800,8.3,22.4,12.9,10.4,9.8,10.1,11.1,10.1,10.6,9.4,10.6,19.4,4.5,15.8,165.0,0,0,0,0,0,0
61.3,59.2,63.4,53.0,53.6,52.4,60.7,60.8,60.6,22.3,22.0,22.6,0.839,10.6,0.263,9.61,8.24,13.5,0.247,6.87,5.26,0.0362,0.363,0.671,53.6,42.0,120,42,800,7.6,22.4,11.8,11.2,8.2,11.7,11.9,11.6,10.0,11.7,11.8,20.9,5.8,14.7,171.0,0,0,0,0,0,0
61.7,61.6,61.8,53.4,52.2,54.6,67.3,69.0,65.6,21.1,24.2,18.0,0.868,10.8,0.266,9.62,8.54,13.6,0.254,6.81,5.26,0.0362,0.76,0.692,53.5,42.0,130,42,800,9.1,20.7,9.2,11.8,8.1,11.8,11.5,11.4,11.1,10.5,13.1,23.4,7.1,14.7,174.0,0,0,0,0,0,0
61.1,61.4,60.8,54.4,54.6,54.2,59.9,57.4,62.4,20.5,22.2,18.8,0.819,10.9,0.262,9.79,8.61,13.8,0.255,6.84,5.43,0.0371,0.755,0.694,53.4,42.0,130,39,800,8.0,22.2,10.3,11.8,8.7,10.3,11.6,11.6,11.0,11.3,12.7,22.1,6.0,15.8,173.0,0,0,0,0,0,0
62.2,63.0,61.4,52.3,55.2,49.4,62.7,62.2,63.2,20.2,18.8,21.6,0.872,11.1,0.274,9.92,9.01,14.5,0.272,7.12,5.49,0.0372,0.773,0.735,53.5,42.0,120,43,800,6.9,22.4,12.1,10.9,9.2,9.7,12.6,11.8,10.0,11.7,12.2,22.3,6.2,16.0,174.0,0,0,0,0,0,0
62.8,62.6,63.0,53.4,54.0,52.8,59.7,59.4,60.0,21.0,22.4,19.6,0.906,11.7,0.287,10.7,9.47,15.3,0.284,7.5,5.91,0.0363,0.791,0.778,53.6,42.0,130,43,800,7.5,22.3,11.2,10.2,12.0,8.7,12.3,10.8,11.7,11.1,11.1,23.8,7.9,14.2,175.0,0,0,0,0,0,0
65.6,66.0,65.2,50.7,48.4,53.0,61.9,61.8,62.0,21.0,22.8,19.2,1.0,12.4,0.31,11.3,9.99,16.1,0.31,7.87,6.22,0.0372,0.812,0.829,54.3,43.0,150,50,800,7.5,23.7,9.4,11.7,12.6,10.8,10.5,11.2,11.5,11.9,11.2,22.9,7.8,15.3,178.0,0,0,0,0,0,0
70.6,70.6,70.6,56.2,57.8,54.6,64.0,64.4,63.6,21.9,19.8,24.0,0.899,11.3,0.283,10.1,8.74,14.9,0.269,6.89,5.53,0.0369,0.759,0.734,165.0,110.0,610,260,1000,25.3,26.7,11.9,11.1,10.5,12.5,11.2,14.5,11.0,13.1,11.2,27.9,8.9,17.7,214.0,0,0,0,0,0,0
68.4,68.8,68.0,55.0,57.2,52.8,63.6,62.8,64.4,19.7,18.8,20.6,0.908,11.3,0.288,10.0,8.77,15.2,0.269,6.9,5.64,0.0371,0.764,0.752,155.0,110.0,470,190,1000,19.6,28.7,12.7,12.6,11.8,13.3,12.6,14.3,11.4,13.0,13.0,28.5,9.8,20.0,221.0,0,0,0,0,0,0
68.1,67.2,69.0,56.0,55.6,56.4,64.8,65.0,64.6,21.6,22.6,20.6,0.936,11.4,0.293,10.1,8.88,15.4,0.274,7.12,5.72,0.0379,0.771,0.75,149.0,100.0,240,89,1000,13.5,28.9,13.5,13.8,11.6,15.0,14.0,13.8,11.7,14.5,12.5,29.8,10.6,19.0,222.0,0,0,0,0,0,0
69.7,70.2,69.2,55.9,55.0,56.8,62.8,61.6,64.0,19.6,20.0,19.2,0.945,11.3,0.298,10.1,8.82,15.6,0.286,7.15,5.79,0.038,0.775,0.771,141.0,100.0,230,82,1000,8.0,29.0,13.5,13.9,12.6,12.4,12.2,14.2,12.0,15.1,13.0,29.1,9.6,18.6,213.0,0,0,0,0,0,0
68.7,70.8,66.6,55.7,54.8,56.6,67.1,66.4,67.8,22.7,25.2,20.2,0.996,11.4,0.306,10.2,8.88,15.9,0.29,7.02,5.92,0.037,0.783,0.784,133.0,93.0,170,67,1000,8.7,29.3,13.4,14.7,15.3,12.9,12.2,14.7,13.7,12.9,14.3,27.4,8.8,17.7,216.0,0,0,0,0,0,0
68.6,67.4,69.8,56.6,56.0,57.2,62.0,62.2,61.8,19.8,21.2,18.4,1.0,11.5,0.315,10.2,9.19,15.9,0.301,7.2,5.91,0.0369,0.778,0.798,137.0,97.0,390,90,1000,8.8,27.9,12.6,15.2,14.0,13.5,13.3,13.9,14.9,10.8,13.4,26.7,9.1,18.9,213.0,0,0,0,0,0,0
67.9,68.6,67.2,55.7,55.0,56.4,63.4,64.4,62.4,21.3,24.0,18.6,1.02,11.5,0.321,10.5,9.11,16.3,0.304,7.24,6.07,0.0369,0.387,0.796,132.0,93.0,390,92,1000,8.3,26.7,11.9,15.7,14.1,14.0,13.4,14.0,14.9,12.1,13.1,27.8,9.3,19.0,214.0,0,0,0,0,0,0
69.8,69.8,69.8,53.5,53.0,54.0,64.2,63.6,64.8,21.2,24.8,17.6,1.04,11.6,0.321,10.4,9.12,16.5,0.306,7.36,6.18,0.037,0.395,0.804,136.0,97.0,310,96,1000,8.5,29.3,13.0,15.2,15.0,14.0,13.3,14.1,13.8,13.0,13.6,27.1,9.2,16.2,215.0,0,0,0,0,0,0
70.6,71.2,70.0,59.2,59.0,59.4,62.5,63.4,61.6,20.9,24.0,17.8,1.04,11.8,0.322,10.5,9.17,16.6,0.302,7.13,6.23,0.0378,0.395,0.798,135.0,98.0,340,130,1000,8.5,30.6,13.2,12.7,14.4,13.7,14.1,13.6,13.1,12.9,14.8,27.6,9.1,17.5,216.0,0,0,0,0,0,0
67.6,66.2,69.0,56.3,57.2,55.4,65.0,65.2,64.8,21.2,23.2,19.2,1.07,11.8,0.325,10.3,9.13,16.8,0.31,7.28,6.32,0.0367,0.396,0.808,132.0,97.0,270,94,1000,8.7,28.3,12.2,13.2,13.5,13.7,15.7,13.2,14.1,14.3,16.4,29.5,8.8,18.4,220.0,0,0,0,0,0,0
67.8,68.2,67.4,56.9,58.0,55.8,72.1,72.2,72.0,20.6,23.4,17.8,1.05,11.7,0.325,10.3,9.19,16.9,0.299,7.43,6.33,0.0358,0.84,0.818,130.0,96.0,210,88,1000,9.5,26.2,11.7,12.5,12.5,13.0,15.1,12.6,14.2,13.2,15.9,27.2,8.8,16.4,209.0,0,0,0,0,0,0
69.8,71.2,68.4,53.9,53.2,54.6,62.3,61.4,63.2,20.3,18.2,22.4,1.04,11.8,0.329,10.4,9.48,17.3,0.304,7.38,6.44,0.0357,0.849,0.828,134.0,99.0,350,110,1000,10.6,26.7,12.3,13.0,12.2,12.5,15.4,12.4,15.0,12.8,14.4,26.4,9.7,15.3,209.0,0,0,0,0,0,0
69.5,70.0,69.0,56.4,56.6,56.2,63.6,63.0,64.2,21.1,18.0,24.2,1.11,12.5,0.344,11.1,9.95,18.3,0.323,7.78,6.84,0.0367,0.869,0.884,131.0,97.0,330,110,1000,10.1,28.4,11.7,14.6,12.4,13.5,13.7,13.9,16.0,13.2,12.9,26.8,9.8,17.6,215.0,0,0,0,0,0,0
68.5,67.8,69.2,57.2,56.0,58.4,64.8,63.8,65.8,21.0,23.4,18.6,1.17,13.1,0.36,11.7,10.6,19.4,0.337,8.24,7.35,0.0376,0.889,0.931,128.0,95.0,170,75,1000,8.5,29.2,12.2,13.9,13.2,13.5,12.8,14.7,13.7,12.5,13.7,26.2,8.7,17.8,211.0,0,0,0,0,0,0
65.3,65.4,65.2,29.4,28.2,30.6,63.4,64.0,62.8,21.7,22.6,20.8,1.25,13.9,0.376,12.3,11.0,20.3,0.353,8.77,7.77,0.0376,0.912,0.977,125.0,93.0,170,73,1000,9.4,29.7,14.5,12.4,14.3,12.7,13.3,14.3,13.7,13.3,15.0,26.2,8.2,17.1,214.0,0,0,0,0,0,0
52.3,52.4,52.2,45.6,44.2,47.0,50.9,50.4,51.4,20.0,22.2,17.8,0.569,6.93,0.184,6.27,5.83,8.24,0.164,4.54,3.21,0.0371,0.251,0.475,47.1,37.0,110,44,600,43.1,16.2,8.4,7.8,9.1,7.3,6.0,8.4,8.4,6.8,7.0,16.5,6.1,10.8,162.0,0,0,0,0,0,0
48.2,48.8,47.6,45.8,44.4,47.2,50.4,48.0,52.8,19.6,17.8,21.4,0.57,7.07,0.186,6.41,5.96,8.49,0.17,4.67,3.3,0.0359,0.25,0.481,44.7,35.0,99,28,600,20.9,20.2,8.2,9.0,10.4,6.7,8.3,8.8,8.8,8.3,7.4,18.7,7.2,10.3,153.0,0,0,0,0,0,0
56.5,58.2,54.8,44.6,45.0,44.2,53.5,53.8,53.2,21.0,24.0,18.0,0.598,7.09,0.195,6.54,6.15,8.66,0.177,4.75,3.33,0.0349,0.257,0.506,44.8,35.0,99,31,600,5.8,20.5,8.4,8.7,8.8,6.7,9.2,6.9,8.4,8.7,8.6,18.3,6.2,10.4,136.0,0,0,0,0,0,0
50.8,50.6,51.0,45.6,43.6,47.6,51.0,50.8,51.2,21.0,20.6,21.4,0.616,7.28,0.194,6.64,6.23,8.78,0.179,4.79,3.39,0.0359,0.267,0.516,43.3,33.0,96,30,600,7.0,17.2,8.9,8.9,8.4,7.8,8.7,7.7,7.7,8.8,7.7,17.4,5.1,11.3,133.0,0,0,0,0,0,0
51.9,51.8,52.0,46.5,46.0,47.0,52.1,52.8,51.4,19.9,19.4,20.4,0.627,7.44,0.199,6.8,6.24,8.91,0.181,4.81,3.53,0.0369,0.267,0.515,42.5,32.0,82,27,600,6.6,15.5,8.2,9.0,7.7,7.1,8.6,8.2,7.4,7.6,7.2,14.8,5.0,12.1,125.0,0,0,0,0,0,0
49.1,50.0,48.2,46.3,45.8,46.8,49.0,47.4,50.6,19.6,21.6,17.6,0.62,7.62,0.199,7.0,6.37,9.0,0.177,4.92,3.61,0.0351,0.271,0.525,42.2,32.0,89,29,600,5.7,15.7,7.5,9.0,7.9,7.7,9.9,9.7,7.8,6.9,7.1,15.0,6.1,12.4,128.0,0,0,0,0,0,0
53.3,55.6,51.0,46.3,47.0,45.6,62.9,63.6,62.2,22.0,19.6,24.4,0.619,7.8,0.204,7.16,6.48,9.41,0.188,5.0,3.66,0.0371,0.702,0.529,43.6,33.0,140,33,600,6.0,17.4,7.0,7.7,8.7,7.4,8.9,10.2,8.4,8.1,7.2,16.1,5.6,11.5,130.0,0,0,0,0,0,0
51.9,52.4,51.4,46.0,44.8,47.2,49.8,49.8,49.8,19.5,18.6,20.4,0.637,7.87,0.207,7.06,6.58,9.53,0.182,5.17,3.7,0.0363,0.701,0.538,43.3,32.0,140,33,600,6.2,20.2,6.2,6.8,8.8,7.1,8.5,8.7,8.9,8.6,6.8,17.2,6.4,9.4,130.0,0,0,0,0,0,0
49.7,49.2,50.2,47.6,48.4,46.8,50.7,50.0,51.4,19.3,16.6,22.0,0.654,8.06,0.208,7.38,6.62,9.76,0.189,5.22,3.81,0.0371,0.705,0.548,42.8,32.0,91,29,600,5.9,18.0,6.8,7.6,8.5,9.1,8.8,7.3,10.0,8.0,7.5,17.5,7.0,8.6,131.0,0,0,0,0,0,0
51.7,50.4,53.0,45.3,43.6,47.0,49.6,48.6,50.6,20.6,22.6,18.6,0.677,8.11,0.215,7.45,6.65,9.96,0.196,5.34,3.93,0.0362,0.709,0.552,42.7,32.0,92,29,600,5.3,15.1,7.8,8.0,8.3,9.7,8.8,7.1,9.7,7.1,9.6,17.2,6.3,9.4,129.0,0,0,0,0,0,0
54.1,53.0,55.2,47.3,47.0,47.6,54.6,54.8,54.4,19.9,15.6,24.2,0.696,8.18,0.218,7.6,6.87,10.2,0.202,5.45,3.98,0.0362,0.717,0.568,42.2,32.0,92,29,600,4.6,16.2,7.1,6.7,7.5,8.1,8.7,7.8,10.1,7.0,9.6,16.6,6.0,10.8,127.0,0,0,0,0,0,0
52.2,51.6,52.8,44.1,45.8,42.4,50.7,51.0,50.4,20.5,20.8,20.2,0.71,8.39,0.226,7.8,6.96,10.3,0.207,5.64,4.16,0.0354,0.716,0.582,42.3,32.0,99,30,600,5.0,17.5,7.8,7.1,7.3,7.8,8.6,9.1,9.2,7.9,8.4,16.5,5.5,11.0,129.0,0,0,0,0,0,0
50.4,51.8,49.0,50.6,50.8,50.4,53.3,54.8,51.8,19.9,17.8,22.0,0.733,8.37,0.227,7.88,6.96,10.5,0.21,5.7,4.16,0.0353,0.723,0.594,41.9,31.0,95,29,600,5.9,16.5,8.0,8.0,8.1,7.9,8.9,9.3,7.4,8.8,6.8,15.7,5.2,10.3,127.0,0,0,0,0,0,0
51.4,49.8,53.0,45.4,46.4,44.4,52.6,52.0,53.2,21.2,19.0,23.4,0.755,8.64,0.239,7.85,7.11,10.6,0.212,5.67,4.23,0.0354,0.726,0.598,41.8,32.0,89,30,600,5.7,14.8,7.0,9.3,8.7,8.1,7.4,8.3,7.7,8.4,6.7,15.1,6.1,11.8,125.0,0,0,0,0,0,0
54.2,55.8,52.6,47.5,47.0,48.0,53.6,54.6,52.6,20.7,16.2,25.2,0.767,8.9,0.247,8.4,7.35,11.2,0.227,5.89,4.34,0.0372,0.733,0.631,41.8,31.0,97,31,600,5.7,14.2,7.7,10.7,7.5,9.3,8.0,7.7,7.8,9.0,8.3,17.3,6.6,11.6,131.0,0,0,0,0,0,0
50.9,49.0,52.8,46.8,45.6,48.0,53.5,53.2,53.8,20.0,17.0,23.0,0.831,9.47,0.256,8.84,7.76,11.8,0.236,6.32,4.65,0.0363,0.751,0.663,41.9,31.0,100,30,600,6.5,15.0,8.5,9.0,8.3,7.6,8.6,7.8,8.1,8.9,8.8,19.5,6.4,11.3,134.0,0,0,0,0,0,0
52.6,52.8,52.4,38.5,39.6,37.4,52.1,50.6,53.6,20.0,18.6,21.4,0.878,9.99,0.268,9.33,8.18,12.5,0.249,6.71,4.91,0.0363,0.771,0.703,41.7,31.0,96,30,600,7.2,14.7,7.8,7.3,9.5,8.2,7.7,9.2,8.1,6.8,7.8,18.6,5.8,11.9,131.0,0,0,0,0,0,0
63.5,63.4,63.6,55.0,55.6,54.4,62.5,64.4,60.6,19.8,22.4,17.2,0.787,9.14,0.246,8.31,7.54,11.5,0.219,5.95,4.43,0.0364,0.741,0.608,82.6,69.0,230,99,800,45.4,20.1,10.3,10.4,10.2,9.7,10.4,9.8,8.1,9.1,11.3,19.7,6.7,14.0,195.0,0,0,0,0,0,0
61.5,61.6,61.4,57.1,57.3,56.9,55.7,55.2,56.2,22.4,19.6,25.2,0.8,9.23,0.249,8.23,7.66,11.7,0.231,5.94,4.39,0.0365,0.735,0.618,76.3,62.0,230,69,800,25.3,21.8,11.6,10.4,10.4,10.7,11.7,10.4,9.8,10.0,12.0,22.9,8.3,16.7,192.0,0,0,0,0,0,0
62.6,62.6,62.6,56.1,56.8,55.4,60.6,60.0,61.2,20.1,22.8,17.4,0.813,9.4,0.251,8.28,7.71,11.8,0.228,6.11,4.58,0.0353,0.321,0.639,72.3,57.0,120,40,800,8.5,23.8,10.1,11.2,12.5,12.3,11.2,10.7,9.7,9.7,10.5,23.0,8.1,16.0,177.0,0,0,0,0,0,0
61.0,62.2,59.8,56.6,57.2,56.0,58.2,58.2,58.2,20.3,23.0,17.6,0.834,9.49,0.253,8.48,7.87,12.2,0.232,6.23,4.68,0.0371,0.326,0.644,68.9,54.0,120,40,800,6.5,26.7,9.5,10.5,12.2,10.4,9.9,12.4,9.9,11.0,10.1,22.5,7.6,15.9,175.0,0,0,0,0,0,0
60.4,60.2,60.6,56.4,56.8,56.0,57.9,57.0,58.8,21.9,26.2,17.6,0.825,9.53,0.252,8.53,7.94,12.4,0.233,6.23,4.78,0.0354,0.334,0.658,66.5,52.0,110,38,800,7.3,24.1,9.3,9.9,10.4,9.9,8.8,10.8,11.3,11.5,12.1,22.1,6.8,17.0,171.0,0,0,0,0,0,0
65.6,66.4,64.8,57.8,57.6,58.0,60.1,59.4,60.8,20.2,18.0,22.4,0.848,9.75,0.265,8.53,8.19,12.6,0.24,6.24,4.81,0.0373,0.336,0.673,64.9,50.0,120,39,800,7.6,22.4,9.8,10.9,11.0,11.6,9.4,9.8,11.6,10.2,11.9,21.9,7.2,16.3,172.0,0,0,0,0,0,0
63.8,62.2,65.4,54.4,53.4,55.4,57.7,56.6,58.8,21.0,22.2,19.8,0.857,9.98,0.267,8.66,8.27,12.8,0.243,6.44,4.94,0.0372,0.332,0.665,64.7,50.0,140,45,800,7.5,23.5,11.5,12.9,12.1,9.9,9.7,10.1,11.3,9.3,9.4,22.1,8.5,15.5,173.0,0,0,0,0,0,0
61.1,59.4,62.8,56.4,58.0,54.8,60.7,59.4,62.0,19.3,14.6,24.0,0.866,10.0,0.269,8.77,8.31,12.9,0.245,6.5,4.94,0.0373,0.344,0.676,63.8,50.0,140,49,800,8.3,25.4,10.9,13.3,11.1,9.6,10.3,11.2,10.5,10.9,10.6,23.4,8.7,15.1,179.0,0,0,0,0,0,0
60.9,61.2,60.6,56.3,57.4,55.2,58.2,58.6,57.8,22.0,22.8,21.2,0.872,10.3,0.272,8.8,8.64,13.3,0.247,6.57,5.09,0.0374,0.344,0.69,62.7,49.0,130,41,800,8.1,25.3,9.6,11.8,10.6,11.5,10.1,10.6,9.5,12.5,10.7,22.2,7.5,17.0,177.0,0,0,0,0,0,0
63.9,64.4,63.4,56.7,57.6,55.8,58.5,58.8,58.2,19.6,18.8,20.4,0.874,10.2,0.271,9.0,8.64,13.5,0.252,6.6,5.11,0.0365,0.348,0.709,62.1,48.0,130,38,800,7.3,23.5,12.3,10.2,11.2,10.3,10.9,9.5,8.5,12.3,9.2,19.9,6.1,18.0,169.0,0,0,0,0,0,0
61.7,60.4,63.0,57.1,55.4,58.8,59.0,59.2,58.8,20.7,24.6,16.8,0.905,10.4,0.279,8.82,8.88,13.6,0.257,6.83,5.29,0.0353,0.357,0.711,61.3,48.0,130,39,800,7.7,22.4,13.9,10.7,12.1,10.3,12.6,8.4,9.1,11.7,9.8,21.8,7.0,16.1,174.0,0,0,0,0,0,0
65.1,65.0,65.2,56.7,55.0,58.4,69.4,69.8,69.0,21.3,22.4,20.2,0.899,10.4,0.287,9.07,8.89,14.1,0.263,6.79,5.35,0.0363,0.78,0.723,61.5,48.0,140,47,800,7.4,21.4,12.4,11.5,11.4,11.7,11.4,9.0,10.8,10.7,10.4,22.3,8.2,14.0,173.0,0,0,0,0,0,0
61.4,61.8,61.0,55.6,55.2,56.0,58.1,59.2,57.0,19.2,15.8,22.6,0.892,10.6,0.283,9.17,9.18,14.2,0.262,6.79,5.46,0.0364,0.776,0.723,60.5,47.0,130,45,800,5.9,22.5,11.3,11.6,10.9,10.5,11.1,10.6,11.2,11.9,10.5,23.1,8.1,15.4,175.0,0,0,0,0,0,0
61.9,61.8,62.0,56.4,57.2,55.6,58.6,58.6,58.6,21.5,20.4,22.6,0.91,10.8,0.286,9.34,9.4,14.8,0.265,7.09,5.59,0.0362,0.781,0.75,59.6,47.0,99,36,800,6.0,23.0,9.8,12.6,11.3,9.6,12.0,11.4,10.8,11.9,9.9,21.1,5.8,17.5,173.0,0,0,0,0,0,0
62.4,62.2,62.6,58.0,56.4,59.6,59.9,59.2,60.6,20.5,20.6,20.4,0.951,11.5,0.305,9.91,10.1,15.5,0.284,7.49,5.88,0.0352,0.802,0.791,59.1,46.0,110,38,800,7.0,23.1,10.3,11.7,10.4,9.4,11.3,11.8,11.1,11.4,9.7,18.3,4.6,16.5,167.0,0,0,0,0,0,0
65.0,64.2,65.8,57.5,56.8,58.2,60.9,62.4,59.4,20.0,22.0,18.0,1.03,12.1,0.325,10.5,10.6,16.4,0.302,8.01,6.27,0.0352,0.827,0.845,58.6,46.0,110,40,800,6.7,23.2,11.5,12.0,10.6,9.6,11.2,10.0,12.7,10.7,9.4,21.4,6.3,16.2,172.0,0,0,0,0,0,0
68.9,68.8,69.0,59.6,59.4,59.8,62.6,63.4,61.8,20.9,23.4,18.4,0.9,11.4,0.281,9.76,8.97,15.0,0.257,6.96,5.64,0.0361,0.789,0.738,163.0,110.0,600,280,1000,31.0,27.7,10.4,10.0,13.5,12.8,11.7,12.5,13.3,13.0,14.1,25.6,8.8,16.0,220.0,0,0,0,0,0,0
67.2,65.6,68.8,61.8,63.4,60.2,66.6,64.4,68.8,20.2,17.4,23.0,0.924,11.5,0.296,9.93,8.97,15.2,0.262,7.1,5.62,0.0372,0.797,0.745,158.0,100.0,610,220,1000,18.8,25.5,12.1,12.7,12.2,11.7,13.6,14.2,13.1,15.6,14.3,30.9,11.6,17.9,224.0,0,0,0,0,0,0
67.1,66.0,68.2,56.0,55.4,56.6,66.7,66.4,67.0,22.5,23.4,21.6,0.953,11.4,0.291,9.99,9.16,15.4,0.269,6.96,5.8,0.0362,0.795,0.751,146.0,95.0,290,69,1000,10.3,25.6,12.8,13.8,13.7,13.0,14.2,13.9,12.1,15.4,13.0,29.6,10.6,19.5,218.0,0,0,0,0,0,0
68.6,69.8,67.4,58.7,57.8,59.6,62.8,63.0,62.6,20.8,16.2,25.4,0.953,11.3,0.306,10.1,8.93,15.6,0.277,7.18,5.9,0.0372,0.803,0.76,147.0,97.0,310,84,1000,9.6,28.2,12.8,11.8,14.8,14.6,13.3,13.4,13.1,12.8,13.8,29.1,8.6,17.4,213.0,0,0,0,0,0,0
68.8,67.4,70.2,54.9,54.4,55.4,61.9,59.8,64.0,23.0,24.6,21.4,0.958,11.7,0.304,10.2,9.19,15.6,0.275,7.32,5.98,0.0382,0.807,0.771,144.0,99.0,360,110,1000,9.1,28.2,12.1,12.3,13.5,13.8,13.6,13.3,12.4,12.7,14.3,29.7,8.6,18.5,212.0,0,0,0,0,0,0
69.0,67.8,70.2,56.3,54.8,57.8,65.4,66.0,64.8,20.3,24.8,15.8,0.953,11.7,0.297,10.3,9.03,16.0,0.273,7.14,5.97,0.0385,0.804,0.775,139.0,97.0,240,95,1000,8.5,27.7,12.1,14.4,13.3,12.0,14.0,13.1,11.4,13.1,14.1,27.1,8.3,20.8,210.0,0,0,0,0,0,0
68.4,69.2,67.6,56.3,55.4,57.2,63.5,63.0,64.0,20.3,22.0,18.6,0.957,11.9,0.302,10.3,9.17,16.1,0.276,7.24,5.98,0.0375,0.386,0.782,140.0,98.0,290,96,1000,9.2,27.4,14.1,14.1,13.2,12.5,15.7,13.0,12.7,13.4,14.0,26.4,8.1,19.9,214.0,0,0,0,0,0,0
70.0,68.4,71.6,57.3,55.4,59.2,63.6,64.2,63.0,22.0,22.4,21.6,0.988,11.6,0.312,10.4,9.06,16.3,0.28,7.35,6.15,0.0384,0.396,0.793,139.0,100.0,320,120,1000,8.2,27.9,14.7,12.6,12.9,13.6,15.7,14.1,13.8,13.5,13.2,28.1,8.2,19.0,216.0,0,0,0,0,0,0
68.1,67.8,68.4,53.5,53.0,54.0,67.4,68.2,66.6,20.4,19.0,21.8,1.03,11.9,0.32,10.5,9.03,16.6,0.296,7.22,6.19,0.0377,0.402,0.802,134.0,96.0,220,87,1000,9.6,24.7,13.9,12.3,13.1,15.4,14.6,15.1,14.5,13.5,13.8,29.9,9.9,18.4,219.0,0,0,0,0,0,0
67.3,68.4,66.2,55.4,54.6,56.2,62.9,62.2,63.6,21.8,22.6,21.0,1.06,12.0,0.318,10.6,8.93,16.8,0.296,7.29,6.29,0.0387,0.402,0.807,137.0,99.0,360,91,1000,11.2,24.1,11.3,13.3,11.9,14.8,14.7,14.8,14.8,13.9,14.6,26.7,9.4,17.6,213.0,0,0,0,0,0,0
68.4,70.2,66.6,56.4,54.2,58.6,74.1,74.6,73.6,20.4,23.8,17.0,1.04,12.1,0.318,10.7,9.01,17.0,0.295,7.21,6.28,0.0387,0.825,0.808,134.0,96.0,370,96,1000,9.8,28.0,12.4,13.7,11.5,12.2,13.7,14.2,14.4,13.7,14.2,24.4,7.8,18.5,209.0,0,0,0,0,0,0
70.0,72.0,68.0,55.5,55.4,55.6,63.2,64.2,62.2,21.6,23.6,19.6,1.03,12.2,0.324,10.7,9.17,17.3,0.3,7.34,6.51,0.0387,0.829,0.831,132.0,97.0,200,92,1000,9.4,27.4,13.6,12.8,12.7,11.3,11.9,14.3,13.9,12.7,14.7,26.8,7.8,19.1,208.0,0,0,0,0,0,0
67.2,65.6,68.8,54.5,55.2,53.8,63.5,61.4,65.6,20.6,19.4,21.8,1.1,12.7,0.347,11.2,9.78,18.2,0.316,7.74,6.86,0.0376,0.853,0.869,136.0,100.0,370,120,1000,9.8,24.1,11.7,13.5,13.5,13.0,12.2,14.6,14.1,12.7,13.9,26.5,8.6,17.5,206.0,0,0,0,0,0,0
68.8,67.2,70.4,56.9,57.2,56.6,64.9,64.2,65.6,20.4,19.8,21.0,1.18,13.4,0.364,11.9,10.2,19.3,0.334,8.26,7.3,0.0376,0.871,0.929,134.0,99.0,380,120,1000,9.6,25.5,13.0,13.7,14.7,15.1,12.8,13.8,13.6,13.3,13.3,27.4,10.4,18.0,214.0,0,0,0,0,0,0
64.8,66.0,63.6,28.8,31.4,26.2,66.1,66.8,65.4,19.7,22.8,16.6,1.26,14.1,0.385,12.7,10.8,20.4,0.356,8.75,7.68,0.0379,0.896,0.972,133.0,100.0,230,100,1000,9.1,27.1,11.9,11.8,14.4,15.9,13.4,14.5,13.7,13.3,14.0,30.0,10.7,19.4,219.0,0,0,0,0,0,0
48.9,49.4,48.4,46.1,45.8,46.4,51.7,53.2,50.2,19.5,19.6,19.4,0.503,6.98,0.161,6.27,5.65,7.99,0.14,4.39,3.11,0.0361,0.244,0.468,46.7,35.0,130,39,600,47.2,15.4,6.2,8.9,7.8,8.0,7.0,8.4,7.5,5.8,8.1,14.3,5.6,10.1,160.0,0,0,0,0,0,0
51.5,51.4,51.6,47.2,49.0,45.4,53.2,51.2,55.2,20.9,22.0,19.8,0.525,7.11,0.173,6.4,5.75,8.19,0.151,4.54,3.24,0.036,0.247,0.48,45.3,34.0,110,31,600,23.8,18.2,6.2,9.7,9.2,7.3,8.5,8.8,6.4,7.1,8.4,16.4,6.4,11.3,148.0,0,0,0,0,0,0
52.8,54.4,51.2,46.2,44.0,48.4,53.2,54.6,51.8,19.8,21.2,18.4,0.553,7.34,0.182,6.56,5.86,8.35,0.158,4.63,3.35,0.0371,0.254,0.499,43.8,33.0,90,29,600,5.0,16.8,5.8,7.4,8.6,8.3,9.4,7.9,6.9,7.7,7.4,17.3,6.2,12.0,127.0,0,0,0,0,0,0
50.0,47.4,52.6,44.4,46.0,42.8,50.6,49.8,51.4,19.6,20.8,18.4,0.577,7.35,0.188,6.75,5.98,8.51,0.163,4.78,3.4,0.0361,0.26,0.5,42.7,33.0,82,28,600,5.3,16.9,6.2,6.8,8.9,8.6,9.5,9.1,7.3,9.4,8.9,18.0,6.5,11.8,133.0,0,0,0,0,0,0
51.5,49.0,54.0,47.3,45.6,49.0,49.8,49.0,50.6,22.0,18.8,25.2,0.57,7.43,0.19,6.89,6.08,8.74,0.165,4.87,3.48,0.0379,0.267,0.52,42.1,32.0,88,27,600,5.3,17.3,8.0,7.3,9.1,7.7,7.3,9.6,7.7,8.5,8.6,17.1,6.0,11.5,131.0,0,0,0,0,0,0
54.1,54.0,54.2,45.0,46.6,43.4,54.9,54.4,55.4,19.7,21.6,17.8,0.584,7.58,0.192,7.09,6.14,9.0,0.167,5.0,3.55,0.037,0.27,0.532,42.0,32.0,91,29,600,4.2,17.7,7.4,7.0,8.4,10.3,5.8,8.7,8.0,8.5,8.5,16.5,5.5,12.5,129.0,0,0,0,0,0,0
51.3,52.6,50.0,45.6,43.6,47.6,53.0,51.0,55.0,19.9,23.2,16.6,0.626,7.89,0.198,7.29,6.2,9.26,0.175,5.02,3.63,0.0362,0.276,0.532,41.4,32.0,93,29,600,4.7,16.9,6.6,7.1,7.6,10.4,8.0,8.8,6.9,8.3,9.6,17.3,6.7,12.2,131.0,0,0,0,0,0,0
52.0,52.0,52.0,46.2,46.4,46.0,63.8,62.8,64.8,21.6,20.0,23.2,0.653,7.84,0.208,7.45,6.37,9.53,0.183,5.13,3.78,0.0371,0.699,0.552,41.4,32.0,96,30,600,6.4,16.9,7.9,7.4,7.1,7.4,8.8,9.2,7.6,8.2,9.4,17.8,6.4,11.3,132.0,0,0,0,0,0,0
54.9,54.2,55.6,48.0,47.4,48.6,53.4,52.6,54.2,20.3,16.8,23.8,0.674,8.09,0.217,7.61,6.52,9.64,0.191,5.35,3.82,0.0373,0.706,0.568,41.3,32.0,96,32,600,7.2,18.1,8.4,7.4,7.8,6.0,7.4,8.5,8.7,8.2,8.9,18.4,6.0,10.9,132.0,0,0,0,0,0,0
52.6,51.2,54.0,47.1,47.8,46.4,55.1,54.4,55.8,19.5,20.0,19.0,0.694,8.3,0.223,7.67,6.58,10.0,0.202,5.47,3.91,0.0373,0.71,0.571,41.2,32.0,92,31,600,6.3,16.5,9.5,8.2,8.6,8.0,8.0,7.8,7.6,6.6,8.3,19.6,6.6,11.1,133.0,0,0,0,0,0,0
52.0,52.4,51.6,48.0,46.2,49.8,52.7,51.0,54.4,19.9,22.2,17.6,0.734,8.47,0.229,8.02,6.67,10.1,0.21,5.57,3.99,0.0382,0.717,0.585,41.0,32.0,89,30,600,5.5,14.8,9.2,10.2,8.0,9.6,8.5,8.5,7.1,7.0,9.5,20.3,6.3,11.8,136.0,0,0,0,0,0,0
52.6,53.6,51.6,46.5,47.0,46.0,54.0,55.0,53.0,19.9,19.2,20.6,0.745,8.47,0.229,8.01,6.75,10.3,0.212,5.62,4.09,0.0373,0.721,0.595,40.9,32.0,86,31,600,5.7,16.0,7.1,9.7,8.2,9.6,7.3,8.7,9.0,8.2,9.9,18.6,6.0,12.9,137.0,0,0,0,0,0,0
50.1,50.4,49.8,44.4,44.6,44.2,51.3,50.2,52.4,19.7,23.0,16.4,0.74,8.64,0.231,8.21,6.91,10.6,0.209,5.69,4.18,0.0362,0.73,0.604,40.6,31.0,84,29,600,5.2,15.6,7.0,7.3,9.4,9.8,7.0,8.2,7.6,8.8,9.2,17.0,5.7,12.8,131.0,0,0,0,0,0,0
51.0,50.8,51.2,47.7,46.6,48.8,53.8,53.2,54.4,19.9,23.0,16.8,0.759,8.91,0.239,8.42,6.9,10.7,0.216,5.79,4.29,0.0381,0.729,0.608,40.5,31.0,94,27,600,4.6,15.2,9.4,7.4,8.7,8.7,8.5,8.4,6.1,7.7,8.8,17.8,5.1,12.3,129.0,0,0,0,0,0,0
53.6,53.4,53.8,46.3,46.7,45.9,51.5,52.2,50.8,21.3,22.2,20.4,0.796,9.2,0.247,8.73,7.29,11.3,0.227,5.95,4.36,0.037,0.74,0.64,40.2,31.0,85,28,600,4.9,16.0,10.1,7.9,8.8,7.4,9.5,7.7,7.6,7.3,7.5,16.8,5.1,11.6,128.0,0,0,0,0,0,0
54.1,55.0,53.2,46.2,46.5,45.9,51.5,52.4,50.6,19.0,22.4,15.6,0.835,9.55,0.26,9.06,7.7,11.7,0.238,6.42,4.67,0.0361,0.755,0.681,40.0,31.0,82,29,600,4.7,16.8,9.9,9.3,9.2,7.4,8.8,7.9,7.2,8.5,7.3,15.7,6.1,11.1,130.0,0,0,0,0,0,0
49.8,50.2,49.4,44.1,42.4,45.8,53.8,55.2,52.4,20.6,23.4,17.8,0.88,10.1,0.269,9.61,8.05,12.4,0.25,6.75,4.9,0.038,0.771,0.706,40.0,31.0,86,30,600,4.7,16.8,9.8,9.3,9.5,7.4,9.0,8.7,7.0,9.1,9.1,16.6,6.2,12.0,135.0,0,0,0,0,0,0
65.6,65.8,65.4,51.9,51.2,52.6,65.2,65.2,65.2,20.7,17.8,23.6,0.787,9.43,0.24,8.66,7.23,11.6,0.22,6.04,4.39,0.0365,0.737,0.607,83.7,63.0,270,97,800,48.4,19.4,9.5,8.7,8.7,10.0,10.7,9.2,9.2,10.8,10.1,20.2,5.9,14.3,195.0,0,0,0,0,0,0
62.1,61.4,62.8,53.7,53.4,54.0,59.1,59.0,59.2,20.7,18.8,22.6,0.787,9.43,0.244,8.79,7.42,11.7,0.222,6.05,4.53,0.0382,0.745,0.622,76.5,56.0,280,69,800,26.6,21.5,10.5,10.8,10.8,10.9,11.6,11.5,10.4,11.1,9.9,23.4,7.5,16.3,193.0,0,0,0,0,0,0
62.4,62.8,62.0,52.9,54.4,51.4,58.9,57.8,60.0,20.2,18.0,22.4,0.803,9.49,0.252,8.78,7.61,12.0,0.229,6.17,4.62,0.0383,0.746,0.636,72.3,53.0,120,38,800,8.0,22.3,10.5,12.2,11.9,10.0,12.1,12.0,9.7,10.6,11.4,24.6,8.7,16.1,180.0,0,0,0,0,0,0
63.2,61.8,64.6,54.1,53.2,55.0,62.3,63.6,61.0,21.8,24.0,19.6,0.8,9.69,0.255,8.9,7.71,12.3,0.234,6.32,4.65,0.0383,0.332,0.645,68.8,51.0,110,40,800,7.1,20.3,11.2,10.9,12.4,10.7,12.3,11.2,9.6,12.1,12.3,24.6,8.2,15.2,178.0,0,0,0,0,0,0
60.3,61.6,59.0,52.1,51.8,52.4,57.5,58.0,57.0,19.8,22.6,17.0,0.833,9.95,0.255,9.03,7.74,12.4,0.237,6.27,4.76,0.0371,0.333,0.644,66.3,49.0,100,41,800,7.2,20.9,11.3,10.1,11.3,10.7,12.7,10.7,10.4,11.8,12.4,23.8,8.7,15.6,178.0,0,0,0,0,0,0
61.1,60.0,62.2,54.3,53.8,54.8,60.1,58.6,61.6,21.6,22.8,20.4,0.859,9.86,0.257,9.17,7.79,12.7,0.237,6.36,4.86,0.0371,0.34,0.663,64.8,48.0,120,42,800,7.7,22.3,11.7,10.1,9.2,11.3,12.3,10.2,9.7,10.3,13.2,22.3,8.1,16.3,175.0,0,0,0,0,0,0
59.8,58.0,61.6,52.8,51.2,54.4,59.6,60.8,58.4,20.1,16.2,24.0,0.848,9.98,0.255,9.12,7.99,12.8,0.232,6.46,4.93,0.0373,0.346,0.666,62.8,47.0,110,38,800,8.4,23.8,10.8,10.1,9.8,12.0,10.9,10.5,10.4,10.9,12.3,21.0,6.8,16.2,174.0,0,0,0,0,0,0
63.3,63.0,63.6,51.0,52.2,49.8,61.3,59.4,63.2,20.5,23.0,18.0,0.857,10.3,0.259,9.31,7.94,13.0,0.237,6.54,4.98,0.0362,0.344,0.672,62.0,47.0,110,40,800,7.1,23.9,10.2,11.1,11.7,11.0,10.9,12.3,11.9,11.1,10.5,21.4,7.1,14.4,175.0,0,0,0,0,0,0
61.7,62.4,61.0,52.3,49.8,54.8,57.3,56.2,58.4,19.9,20.6,19.2,0.864,10.1,0.263,9.36,8.13,13.3,0.243,6.73,5.14,0.0382,0.346,0.689,60.6,46.0,110,40,800,8.0,23.8,11.0,11.1,11.9,11.5,11.5,12.4,10.7,10.3,9.5,22.1,7.2,13.5,175.0,0,0,0,0,0,0
60.9,59.8,62.0,50.9,53.2,48.6,58.9,58.8,59.0,20.3,16.8,23.8,0.884,10.2,0.273,9.37,8.29,13.5,0.247,6.66,5.12,0.0372,0.359,0.692,59.8,45.0,120,36,800,8.3,23.8,10.9,9.8,12.2,12.9,10.7,11.5,10.5,9.7,10.6,22.4,7.3,13.1,174.0,0,0,0,0,0,0
60.4,61.2,59.6,54.0,56.6,51.4,60.3,61.0,59.6,21.1,22.2,20.0,0.874,10.4,0.273,9.54,8.39,13.6,0.251,6.77,5.31,0.0372,0.361,0.698,58.9,44.0,120,36,800,6.5,22.4,11.8,10.5,10.5,11.3,10.1,12.0,10.1,9.7,10.5,22.1,7.3,13.0,168.0,0,0,0,0,0,0
60.8,60.0,61.6,50.3,52.6,48.0,63.5,65.0,62.0,20.7,23.2,18.2,0.905,10.6,0.275,9.83,8.48,13.8,0.255,6.8,5.36,0.0373,0.364,0.714,58.4,44.0,110,40,800,7.0,22.8,11.3,13.3,10.5,9.9,9.7,11.9,10.0,10.3,10.1,22.3,7.1,15.0,171.0,0,0,0,0,0,0
62.6,61.8,63.4,53.9,53.9,53.9,69.3,69.0,69.6,20.2,22.4,18.0,0.898,10.6,0.279,9.66,8.67,14.3,0.255,6.92,5.49,0.0365,0.812,0.735,58.7,45.0,140,45,800,8.9,23.9,10.2,13.7,11.3,11.6,8.6,11.6,11.2,9.4,9.9,22.9,7.1,15.8,176.0,0,0,0,0,0,0
60.8,59.2,62.4,51.9,49.5,54.3,58.9,56.0,61.8,21.8,21.0,22.6,0.928,11.0,0.286,9.82,8.97,14.7,0.262,6.92,5.58,0.0382,0.813,0.754,58.0,44.0,130,43,800,8.7,23.4,10.6,11.8,10.6,12.1,9.7,10.8,11.1,10.5,10.1,23.1,6.8,15.9,175.0,0,0,0,0,0,0
60.4,61.2,59.6,53.7,56.0,51.4,60.7,59.8,61.6,20.0,23.0,17.0,0.98,11.5,0.3,10.6,9.4,15.2,0.279,7.39,5.92,0.0363,0.834,0.794,57.5,44.0,110,38,800,8.7,24.2,11.9,9.7,9.9,10.9,11.0,10.7,10.3,11.4,10.1,22.2,6.9,15.1,173.0,0,0,0,0,0,0
63.9,63.6,64.2,53.0,51.6,54.4,61.7,61.6,61.8,22.2,22.8,21.6,1.05,12.2,0.318,11.0,10.0,16.3,0.312,7.9,6.29,0.0371,0.852,0.853,57.2,44.0,110,40,800,10.3,24.6,12.4,11.4,11.7,9.9,9.4,11.3,9.1,10.3,10.3,21.5,7.9,12.4,173.0,0,0,0,0,0,0
71.2,70.6,71.8,57.3,56.6,58.0,65.0,63.6,66.4,21.9,22.0,21.8,0.922,11.2,0.287,9.81,8.88,14.6,0.28,6.93,5.49,0.0372,0.807,0.722,147.0,110.0,490,210,1000,31.5,25.4,13.6,12.4,13.1,11.0,10.7,12.4,10.8,12.2,12.4,23.2,8.7,17.3,215.0,0,0,0,0,0,0
68.5,70.0,67.0,55.9,57.2,54.6,66.4,66.0,66.8,21.6,22.0,21.2,0.931,11.3,0.299,10.0,8.88,15.1,0.284,7.0,5.62,0.0372,0.816,0.748,136.0,100.0,480,120,1000,22.6,26.6,13.7,14.6,13.4,12.5,13.3,13.7,13.3,12.8,12.9,26.6,10.3,17.1,223.0,0,0,0,0,0,0
69.2,68.4,70.0,54.0,50.8,57.2,62.7,61.6,63.8,20.1,22.4,17.8,0.939,11.2,0.298,10.0,9.0,15.3,0.283,7.03,5.68,0.0373,0.825,0.743,131.0,100.0,210,78,1000,13.6,30.3,12.5,13.9,12.3,13.8,13.7,14.7,15.7,11.0,14.3,28.6,10.0,18.3,223.0,0,0,0,0,0,0
67.4,68.0,66.8,58.1,59.4,56.8,63.1,62.4,63.8,20.6,18.6,22.6,0.958,11.7,0.299,10.1,8.89,15.4,0.288,7.05,5.72,0.0372,0.825,0.746,133.0,100.0,300,110,1000,11.9,28.8,13.3,12.1,12.8,13.5,13.3,13.4,13.6,12.1,15.0,26.9,8.3,18.0,213.0,0,0,0,0,0,0
68.7,69.6,67.8,57.0,56.2,57.8,64.5,63.4,65.6,22.0,22.2,21.8,0.942,11.8,0.298,10.2,9.09,15.5,0.291,7.26,5.96,0.0364,0.822,0.768,126.0,97.0,290,90,1000,11.3,26.2,15.6,12.9,13.3,12.8,14.3,13.9,12.7,15.6,13.1,27.9,9.1,19.3,218.0,0,0,0,0,0,0
69.3,69.4,69.2,54.6,55.0,54.2,66.1,66.2,66.0,21.1,22.6,19.6,0.968,11.6,0.309,10.2,8.87,15.9,0.3,7.17,5.95,0.0381,0.824,0.772,127.0,99.0,240,86,1000,10.0,26.9,15.0,14.2,14.5,12.6,13.5,13.5,12.2,14.7,13.4,27.5,8.9,19.6,217.0,0,0,0,0,0,0
71.6,71.2,72.0,54.7,55.0,54.4,61.9,61.0,62.8,20.7,23.8,17.6,0.99,11.7,0.309,10.1,9.13,16.4,0.305,7.2,6.02,0.0382,0.831,0.77,124.0,97.0,280,99,1000,9.9,27.4,13.2,13.6,14.5,12.6,13.6,14.0,12.1,13.1,15.8,28.7,9.3,17.6,215.0,0,0,0,0,0,0
72.3,75.0,69.6,53.3,52.4,54.2,64.3,63.0,65.6,20.4,22.4,18.4,1.0,11.8,0.317,10.6,9.04,16.4,0.311,7.16,6.06,0.0372,0.394,0.774,129.0,100.0,380,100,1000,10.5,28.0,13.4,11.6,12.7,14.8,13.4,15.3,13.9,14.3,14.8,29.9,9.9,17.9,220.0,0,0,0,0,0,0
69.1,68.2,70.0,59.0,57.6,60.4,64.0,64.0,64.0,22.2,21.8,22.6,1.02,11.9,0.317,10.6,9.03,16.5,0.313,7.41,6.15,0.0376,0.398,0.789,133.0,100.0,410,140,1000,11.3,29.6,14.0,11.5,14.8,14.8,13.1,12.5,13.9,14.8,12.3,29.5,9.5,19.6,221.0,0,0,0,0,0,0
69.2,69.4,69.0,55.0,57.0,53.0,65.0,65.6,64.4,20.5,19.8,21.2,1.06,11.9,0.324,10.4,9.33,17.2,0.328,7.29,6.21,0.0375,0.395,0.805,129.0,100.0,330,98,1000,10.3,31.0,15.5,13.0,14.5,12.6,13.8,12.7,12.5,13.5,12.1,29.0,10.2,20.8,222.0,0,0,0,0,0,0
69.9,68.0,71.8,55.3,55.6,55.0,75.2,77.0,73.4,21.1,17.8,24.4,1.04,11.9,0.335,10.6,9.16,17.0,0.317,7.4,6.32,0.0375,0.716,0.796,129.0,100.0,220,90,1000,8.0,29.0,14.3,13.1,13.3,13.2,14.0,13.7,12.2,13.7,12.6,27.8,10.1,19.2,214.0,0,0,0,0,0,0
69.3,68.6,70.0,56.7,57.6,55.8,61.8,60.4,63.2,22.2,20.0,24.4,1.08,11.9,0.335,10.6,9.32,17.4,0.319,7.43,6.38,0.0375,0.812,0.82,128.0,100.0,240,110,1000,8.0,28.0,13.1,14.0,14.6,15.0,13.7,12.8,12.3,12.9,14.0,28.7,10.3,19.0,216.0,0,0,0,0,0,0
71.8,72.6,71.0,56.2,55.4,57.0,66.6,65.6,67.6,20.0,21.0,19.0,1.15,12.7,0.356,11.3,10.0,18.4,0.344,7.81,6.79,0.0384,0.838,0.885,127.0,100.0,250,99,1000,8.7,28.0,13.5,13.4,12.8,15.2,12.7,13.3,12.5,12.8,14.1,30.1,10.0,19.5,217.0,0,0,0,0,0,0
70.4,69.0,71.8,53.1,54.0,52.2,63.3,61.8,64.8,21.4,23.4,19.4,1.22,13.3,0.381,11.9,10.6,19.6,0.363,8.19,7.27,0.0375,0.859,0.935,129.0,100.0,300,120,1000,8.6,27.5,14.3,12.2,13.4,13.2,11.0,13.6,14.2,14.4,13.2,28.7,10.1,19.1,214.0,0,0,0,0,0,0
63.3,61.6,65.0,29.4,32.8,26.0,61.4,59.4,63.4,20.1,21.6,18.6,1.33,14.2,0.4,12.5,11.0,20.5,0.388,8.66,7.76,0.0375,0.883,0.981,130.0,100.0,350,130,1000,9.3,26.7,14.9,13.6,15.2,12.5,12.0,13.5,14.8,14.4,12.5,30.0,11.7,19.5,221.0,0,0,0,0,0,0
51.2,52.0,50.4,46.7,47.2,46.2,50.9,51.4,50.4,20.3,20.0,20.6,0.547,7.02,0.175,6.42,5.79,8.0,0.158,4.43,3.16,0.0367,0.254,0.47,47.3,36.0,120,43,600,44.2,15.5,7.8,8.0,6.9,8.1,8.6,6.0,7.0,8.2,9.9,17.2,6.3,10.1,164.0,0,0,0,0,0,0
52.1,50.8,53.4,48.3,49.0,47.6,52.1,52.0,52.2,19.8,20.8,18.8,0.574,7.15,0.184,6.59,5.93,8.31,0.167,4.62,3.23,0.0375,0.257,0.478,45.4,35.0,96,29,600,21.0,16.0,8.0,8.6,8.6,9.3,8.8,8.4,9.4,8.2,10.0,18.5,7.3,10.0,152.0,0,0,0,0,0,0
52.8,54.4,51.2,44.9,44.6,45.2,52.7,51.6,53.8,20.2,23.2,17.2,0.588,7.21,0.19,6.56,5.97,8.56,0.17,4.72,3.33,0.0366,0.261,0.487,44.1,34.0,89,29,600,4.7,15.0,7.5,8.9,9.2,9.3,7.1,8.9,8.5,7.7,9.4,18.3,7.0,10.0,132.0,0,0,0,0,0,0
50.8,50.0,51.6,47.3,45.6,49.0,52.1,51.4,52.8,19.5,19.0,20.0,0.595,7.42,0.193,6.82,6.12,8.69,0.176,4.79,3.39,0.0376,0.266,0.505,43.4,33.0,88,30,600,4.5,16.4,7.7,10.2,9.5,8.0,7.3,9.5,9.0,8.4,8.7,18.9,6.3,11.7,136.0,0,0,0,0,0,0
54.6,56.4,52.8,45.8,43.2,48.4,53.1,55.0,51.2,20.1,23.2,17.0,0.624,7.64,0.2,6.73,6.18,8.88,0.179,4.87,3.5,0.0356,0.272,0.517,42.9,33.0,91,30,600,4.9,18.3,8.4,9.1,7.8,8.1,7.0,10.0,8.8,8.2,7.2,16.8,5.1,11.0,131.0,0,0,0,0,0,0
55.0,54.8,55.2,48.6,49.6,47.6,50.1,48.4,51.8,20.0,20.6,19.4,0.66,7.68,0.209,6.86,6.37,9.24,0.186,5.03,3.6,0.0366,0.277,0.533,42.1,32.0,88,28,600,5.6,18.2,9.0,8.2,7.9,8.4,8.5,8.8,7.9,7.6,6.9,16.6,5.9,10.3,130.0,0,0,0,0,0,0
52.2,52.0,52.4,47.2,46.8,47.6,64.1,62.4,65.8,19.8,22.2,17.4,0.661,7.86,0.212,7.09,6.6,9.49,0.192,5.14,3.74,0.0366,0.72,0.546,43.5,33.0,120,32,600,5.8,16.6,9.1,8.9,9.1,8.0,9.3,9.0,8.4,8.2,6.5,19.0,7.3,11.7,137.0,0,0,0,0,0,0
54.8,54.8,54.8,44.3,42.0,46.6,54.2,56.0,52.4,20.8,21.6,20.0,0.701,8.14,0.218,7.13,6.7,9.64,0.198,5.23,3.77,0.0365,0.724,0.556,43.3,33.0,120,36,600,5.4,17.2,9.3,8.7,8.2,7.5,9.2,9.2,8.2,7.7,7.3,19.0,6.8,11.5,135.0,0,0,0,0,0,0
51.6,51.2,52.0,49.1,47.2,51.0,50.6,50.6,50.6,20.8,21.0,20.6,0.695,8.13,0.221,7.33,6.79,9.8,0.208,5.34,3.94,0.0365,0.727,0.564,42.8,32.0,93,29,600,5.8,19.6,7.6,8.4,7.5,7.8,9.1,8.5,8.7,7.5,10.0,17.9,5.6,11.6,136.0,0,0,0,0,0,0
53.7,54.2,53.2,48.4,49.4,47.4,52.4,51.8,53.0,19.3,17.6,21.0,0.727,8.3,0.231,7.52,7.01,10.0,0.212,5.43,4.03,0.0366,0.74,0.583,42.6,32.0,96,29,600,5.8,17.6,6.4,8.4,9.0,8.3,7.8,9.0,8.7,7.9,9.7,17.4,5.3,11.4,133.0,0,0,0,0,0,0
55.3,55.6,55.0,45.8,48.0,43.6,52.8,50.4,55.2,21.2,23.2,19.2,0.748,8.45,0.235,7.7,7.22,10.2,0.219,5.59,4.11,0.0356,0.741,0.586,42.3,32.0,90,30,600,5.6,15.9,8.4,8.5,9.2,7.8,7.4,9.6,8.2,7.5,8.5,17.8,6.7,10.3,131.0,0,0,0,0,0,0
54.4,53.6,55.2,47.5,49.6,45.4,53.3,52.4,54.2,20.2,19.8,20.6,0.76,8.59,0.237,7.81,7.32,10.5,0.23,5.64,4.14,0.0366,0.744,0.597,42.0,32.0,86,29,600,5.8,15.2,9.2,8.0,8.6,7.3,7.0,9.3,8.9,8.1,8.3,18.6,7.0,12.0,133.0,0,0,0,0,0,0
53.5,51.2,55.8,46.7,48.8,44.6,54.1,53.6,54.6,19.9,19.4,20.4,0.776,8.59,0.245,7.87,7.46,10.8,0.225,5.79,4.27,0.0358,0.748,0.609,41.7,32.0,91,29,600,5.9,16.2,9.4,8.5,8.3,7.7,7.5,8.1,8.9,9.3,7.6,18.7,6.3,12.5,135.0,0,0,0,0,0,0
52.5,53.8,51.2,46.0,44.0,48.0,54.6,53.4,55.8,20.2,22.8,17.6,0.791,8.83,0.245,7.94,7.51,10.8,0.229,5.87,4.39,0.0369,0.758,0.617,41.5,32.0,89,29,600,6.2,18.0,10.0,8.6,7.2,8.3,8.5,7.3,7.5,9.2,8.2,19.5,6.5,12.4,137.0,0,0,0,0,0,0
54.1,55.0,53.2,48.0,45.8,50.2,54.0,53.0,55.0,20.9,21.8,20.0,0.828,9.21,0.256,8.39,7.91,11.5,0.239,6.11,4.52,0.0378,0.769,0.654,41.7,32.0,93,30,600,5.4,17.4,8.8,7.4,7.8,7.7,7.4,8.4,8.0,8.2,9.2,17.3,6.3,13.3,133.0,0,0,0,0,0,0
51.1,51.8,50.4,45.6,44.4,46.8,51.4,50.8,52.0,19.8,20.0,19.6,0.869,9.74,0.268,8.76,8.33,12.1,0.248,6.49,4.75,0.0358,0.783,0.687,41.6,32.0,100,31,600,4.9,16.4,8.3,8.5,8.1,7.5,7.1,8.8,9.6,8.8,8.9,16.4,5.9,11.7,131.0,0,0,0,0,0,0
54.8,54.8,54.8,40.3,38.8,41.8,53.4,53.0,53.8,19.4,20.8,18.0,0.923,10.2,0.277,9.33,8.79,12.7,0.267,6.76,5.07,0.036,0.803,0.727,41.4,31.0,88,29,600,5.0,14.8,8.4,7.8,9.7,8.8,8.1,7.8,9.9,9.2,8.4,16.8,5.4,11.0,131.0,0,0,0,0,0,0
62.8,63.0,62.6,51.1,50.6,51.6,62.9,63.6,62.2,20.4,20.2,20.6,0.808,9.39,0.249,8.54,7.85,11.7,0.239,6.08,4.52,0.0379,0.774,0.624,78.5,63.0,260,91,800,46.0,20.0,10.8,9.9,9.4,9.4,10.4,10.0,9.0,9.2,10.1,23.7,7.4,13.0,198.0,0,0,0,0,0,0
63.3,63.6,63.0,52.7,53.4,52.0,59.6,58.0,61.2,20.4,16.6,24.2,0.826,9.53,0.256,8.55,7.89,11.8,0.245,6.03,4.6,0.0378,0.769,0.64,73.0,57.0,210,63,800,26.2,23.8,11.8,11.5,10.3,10.2,10.7,10.7,11.0,10.3,11.5,25.3,8.3,15.0,197.0,0,0,0,0,0,0
62.5,62.0,63.0,55.6,54.8,56.4,60.5,60.2,60.8,21.6,20.4,22.8,0.849,9.52,0.261,8.72,7.97,12.0,0.248,6.18,4.62,0.0369,0.346,0.649,68.6,53.0,110,39,800,8.2,23.6,11.0,13.3,11.3,9.5,9.6,10.9,11.3,10.3,10.7,23.8,9.3,15.7,179.0,0,0,0,0,0,0
63.2,64.0,62.4,51.6,51.4,51.8,60.6,60.4,60.8,20.3,18.8,21.8,0.841,9.72,0.265,8.74,8.0,12.3,0.251,6.26,4.78,0.0359,0.352,0.651,67.3,52.0,140,41,800,7.5,21.6,10.3,12.6,11.6,10.9,9.9,11.3,10.7,10.3,11.1,23.4,8.8,15.3,175.0,0,0,0,0,0,0
58.3,60.6,56.0,54.2,55.4,53.0,60.1,59.8,60.4,20.2,21.8,18.6,0.876,9.93,0.266,8.96,8.09,12.4,0.248,6.33,4.86,0.0367,0.357,0.657,64.7,49.0,140,39,800,8.6,21.4,10.7,12.3,10.3,12.4,10.7,11.5,10.7,10.1,12.2,23.3,7.7,13.9,176.0,0,0,0,0,0,0
61.2,60.0,62.4,51.6,51.6,51.6,61.4,61.6,61.2,21.3,19.8,22.8,0.853,10.1,0.262,8.93,8.1,12.7,0.253,6.46,4.9,0.0377,0.349,0.655,63.0,48.0,110,35,800,8.0,21.3,10.9,12.3,11.0,11.6,10.5,12.5,11.6,10.8,11.0,21.6,7.1,14.6,175.0,0,0,0,0,0,0
60.9,62.2,59.6,53.4,52.2,54.6,59.6,60.2,59.0,19.9,17.0,22.8,0.878,10.1,0.267,9.14,8.12,12.8,0.25,6.54,4.94,0.0368,0.358,0.67,61.9,47.0,120,38,800,6.4,20.3,10.1,10.2,11.2,11.5,9.0,13.3,12.7,10.3,11.4,22.3,8.1,15.9,173.0,0,0,0,0,0,0
61.4,59.6,63.2,51.2,49.2,53.2,60.1,60.0,60.2,20.8,22.4,19.2,0.884,10.2,0.272,9.22,8.17,13.2,0.248,6.59,5.16,0.0368,0.365,0.674,60.9,47.0,120,40,800,7.5,21.8,9.2,9.4,10.0,13.0,8.6,11.9,12.7,10.6,12.4,21.3,7.7,15.5,172.0,0,0,0,0,0,0
60.9,60.2,61.6,54.5,54.0,55.0,60.0,59.2,60.8,20.2,21.4,19.0,0.856,10.4,0.268,9.41,8.26,13.2,0.246,6.65,5.15,0.0377,0.367,0.682,59.4,45.0,100,36,800,8.2,23.7,10.1,10.3,9.9,12.2,10.5,9.3,10.9,10.7,13.9,19.6,5.8,16.0,171.0,0,0,0,0,0,0
63.7,64.4,63.0,52.1,50.5,53.7,61.7,60.4,63.0,20.4,24.2,16.6,0.883,10.4,0.272,9.45,8.48,13.5,0.256,6.7,5.16,0.0358,0.374,0.693,59.1,46.0,110,40,800,7.4,24.0,11.4,11.0,10.9,9.8,11.9,10.0,10.1,10.9,14.4,21.8,6.1,15.9,176.0,0,0,0,0,0,0
62.2,61.6,62.8,52.0,52.7,51.3,71.1,71.6,70.6,21.8,22.2,21.4,0.904,10.5,0.274,9.47,8.52,13.8,0.262,6.66,5.38,0.0357,0.795,0.693,58.5,45.0,120,45,800,6.8,21.8,12.2,10.7,11.3,10.4,10.2,12.0,10.7,11.8,11.9,23.9,7.8,14.4,176.0,0,0,0,0,0,0
61.1,63.2,59.0,54.6,55.6,53.6,61.5,60.0,63.0,21.1,18.2,24.0,0.909,10.7,0.28,9.63,8.63,13.8,0.269,6.78,5.45,0.0376,0.797,0.72,57.9,45.0,110,42,800,7.5,22.4,11.8,11.9,10.1,11.1,11.0,12.0,9.9,11.3,11.2,22.7,8.1,15.5,177.0,0,0,0,0,0,0
63.0,61.6,64.4,52.6,51.0,54.2,60.8,62.4,59.2,21.4,18.8,24.0,0.922,10.8,0.289,9.69,8.71,14.0,0.265,6.95,5.49,0.0367,0.803,0.716,57.4,45.0,110,41,800,7.8,22.8,11.1,12.3,9.5,11.5,11.7,11.4,10.6,10.1,12.1,22.7,7.4,16.6,178.0,0,0,0,0,0,0
62.9,60.2,65.6,52.4,52.2,52.6,62.3,61.0,63.6,21.3,20.6,22.0,0.942,11.2,0.291,9.94,9.04,14.5,0.277,7.09,5.54,0.0365,0.814,0.766,57.1,45.0,120,42,800,7.4,21.1,10.4,11.8,10.2,12.2,10.7,10.7,11.0,9.4,12.5,25.4,8.0,16.9,178.0,0,0,0,0,0,0
62.9,61.2,64.6,53.2,54.6,51.8,62.8,62.0,63.6,21.2,23.0,19.4,1.01,11.8,0.309,10.6,9.58,15.4,0.294,7.57,5.99,0.0365,0.833,0.811,56.8,45.0,120,43,800,8.2,20.9,10.3,11.7,11.2,11.8,10.5,10.4,10.6,9.2,10.4,25.0,8.1,15.9,174.0,0,0,0,0,0,0
61.9,62.8,61.0,52.5,51.4,53.6,59.4,58.6,60.2,20.2,20.8,19.6,1.1,12.4,0.325,11.2,10.1,16.3,0.312,7.99,6.36,0.0373,0.851,0.86,56.7,45.0,120,43,800,8.7,22.7,12.1,11.3,11.3,11.6,10.7,11.2,10.6,9.9,8.8,24.6,8.2,15.4,177.0,0,0,0,0,0,0
72.5,70.8,74.2,56.8,55.6,58.0,61.3,62.2,60.4,21.0,20.8,21.2,0.969,11.3,0.283,10.0,8.79,15.1,0.265,6.96,5.56,0.0361,0.808,0.744,155.0,110.0,590,220,1000,30.6,25.1,12.1,14.6,11.0,12.3,12.2,12.5,13.0,11.1,13.2,25.4,7.4,16.8,217.0,0,0,0,0,0,0
69.1,66.6,71.6,55.8,57.6,54.0,65.5,65.2,65.8,21.6,16.6,26.6,0.96,11.5,0.289,9.98,9.0,15.3,0.272,6.99,5.69,0.037,0.805,0.745,146.0,100.0,590,190,1000,20.4,26.5,12.9,15.5,12.8,12.0,13.1,14.5,13.0,12.0,13.0,27.1,9.6,18.6,221.0,0,0,0,0,0,0
68.9,70.4,67.4,55.4,53.6,57.2,62.9,62.6,63.2,20.2,21.8,18.6,0.975,11.5,0.29,10.0,8.94,15.1,0.276,7.01,5.78,0.0369,0.808,0.747,149.0,110.0,330,98,1000,13.6,28.1,12.7,14.6,13.8,13.7,13.0,14.5,14.4,14.3,12.7,29.4,10.4,18.9,224.0,0,0,0,0,0,0
69.8,71.0,68.6,58.7,58.6,58.8,65.6,65.6,65.6,20.8,21.6,20.0,1.02,11.6,0.301,9.98,9.03,15.8,0.288,6.98,5.76,0.0362,0.816,0.768,143.0,100.0,340,100,1000,10.5,27.4,13.8,13.5,12.9,13.4,12.7,12.0,12.8,15.3,12.8,30.4,9.9,19.8,217.0,0,0,0,0,0,0
69.6,69.2,70.0,55.0,52.6,57.4,65.1,65.2,65.0,21.4,20.6,22.2,1.02,11.6,0.308,10.2,8.95,15.9,0.288,7.13,5.89,0.0371,0.812,0.772,135.0,96.0,170,73,1000,8.6,26.9,13.8,14.6,12.9,11.3,13.6,12.8,12.1,13.5,13.7,28.5,9.9,20.3,213.0,0,0,0,0,0,0
68.6,70.2,67.0,54.0,54.0,54.0,64.3,63.8,64.8,21.3,24.2,18.4,1.0,11.8,0.312,10.2,9.04,15.9,0.283,7.18,5.9,0.0372,0.395,0.782,139.0,99.0,390,89,1000,9.4,26.9,13.1,13.1,13.4,11.4,12.8,13.8,13.5,14.0,14.4,27.0,10.1,20.7,214.0,0,0,0,0,0,0
68.4,69.2,67.6,55.4,54.2,56.6,65.0,64.8,65.2,20.0,21.0,19.0,1.03,11.7,0.312,10.3,9.09,16.1,0.291,7.15,5.98,0.0363,0.396,0.773,135.0,97.0,390,100,1000,9.5,28.7,12.9,12.4,12.8,12.0,12.4,12.3,14.1,13.6,13.6,27.6,9.1,21.9,213.0,0,0,0,0,0,0
69.2,71.2,67.2,56.3,56.6,56.0,64.1,63.6,64.6,22.2,19.2,25.2,1.03,11.8,0.313,10.3,9.13,16.4,0.292,7.25,6.03,0.0379,0.394,0.788,132.0,97.0,190,87,1000,8.8,27.1,14.5,13.5,12.1,13.2,12.5,13.4,13.1,13.6,13.2,28.1,8.8,20.0,212.0,0,0,0,0,0,0
65.5,65.6,65.4,55.6,55.4,55.8,65.1,65.6,64.6,20.0,16.8,23.2,1.02,11.9,0.314,10.5,9.16,16.7,0.292,7.31,6.28,0.038,0.392,0.787,127.0,93.0,180,73,1000,8.8,25.7,15.6,16.2,12.9,13.0,13.8,13.5,13.4,14.4,13.8,28.7,9.7,18.0,218.0,0,0,0,0,0,0
70.4,71.8,69.0,55.3,55.6,55.0,74.6,74.4,74.8,21.0,17.6,24.4,1.03,12.1,0.312,10.4,9.14,16.8,0.295,7.29,6.2,0.0361,0.767,0.793,125.0,93.0,190,69,1000,9.3,27.9,13.9,17.8,13.3,12.6,14.5,11.9,13.2,12.4,14.5,25.4,8.1,17.9,213.0,0,0,0,0,0,0
69.2,70.6,67.8,58.5,57.0,60.0,63.7,62.8,64.6,21.1,20.4,21.8,1.02,12.1,0.317,10.5,9.09,16.9,0.297,7.17,6.31,0.0361,0.816,0.796,123.0,93.0,210,92,1000,9.2,27.9,12.5,15.3,13.3,14.1,14.6,12.1,13.2,13.4,12.8,24.6,7.9,19.6,211.0,0,0,0,0,0,0
70.5,69.0,72.0,59.1,59.6,58.6,63.7,63.4,64.0,20.9,18.0,23.8,1.05,12.1,0.324,10.6,9.44,17.4,0.305,7.29,6.41,0.0371,0.821,0.822,125.0,94.0,320,100,1000,10.4,28.5,13.2,13.5,13.2,14.7,13.6,12.5,13.5,13.7,10.3,27.0,9.7,20.4,214.0,0,0,0,0,0,0
66.9,68.0,65.8,59.9,59.4,60.4,64.6,66.0,63.2,20.5,21.4,19.6,1.12,12.8,0.342,11.3,9.86,18.4,0.322,7.84,6.78,0.0371,0.842,0.876,124.0,94.0,320,110,1000,10.9,28.1,14.7,13.1,12.3,13.5,13.8,13.4,13.1,13.7,12.4,30.3,10.5,18.6,218.0,0,0,0,0,0,0
70.2,70.8,69.6,59.9,59.8,60.0,64.7,64.0,65.4,20.5,22.8,18.2,1.17,13.4,0.366,12.0,10.6,19.3,0.345,8.27,7.26,0.0363,0.867,0.927,122.0,93.0,220,79,1000,9.6,27.7,14.2,13.4,12.5,13.6,14.3,13.4,13.6,13.2,14.8,28.3,10.0,17.7,216.0,0,0,0,0,0,0
60.8,60.6,61.0,28.8,30.2,27.4,65.4,65.2,65.6,21.3,23.6,19.0,1.28,14.3,0.383,12.6,11.0,20.3,0.361,8.66,7.67,0.0382,0.885,0.97,120.0,92.0,190,74,1000,10.4,26.9,14.0,13.1,11.6,15.3,12.8,14.4,13.8,12.9,13.2,25.2,9.5,17.2,210.0,0,0,0,0,0,0
49.4,45.8,53.0,46.2,45.8,46.6,49.6,50.6,48.6,20.5,20.0,21.0,0.522,6.99,0.166,5.98,5.75,7.9,0.141,4.36,3.15,0.037,0.249,0.45,50.4,38.0,150,45,600,42.7,15.3,10.2,8.0,7.9,6.6,6.8,7.6,8.1,7.7,7.9,18.1,6.4,10.5,164.0,0,0,0,0,0,0
50.4,49.4,51.4,46.4,47.6,45.2,52.9,54.0,51.8,19.8,17.6,22.0,0.536,7.16,0.173,6.29,5.9,8.4,0.154,4.48,3.2,0.0372,0.252,0.466,48.5,36.0,100,30,600,21.3,17.8,9.5,8.5,7.3,8.4,8.3,9.1,7.9,7.4,8.3,18.8,6.2,11.2,150.0,0,0,0,0,0,0
53.0,53.4,52.6,47.7,47.6,47.8,51.5,51.8,51.2,20.4,20.2,20.6,0.544,7.25,0.171,6.37,6.07,8.42,0.155,4.57,3.26,0.0363,0.249,0.468,46.6,34.0,96,28,600,5.4,18.1,8.7,8.4,7.8,9.2,6.9,8.2,7.5,7.2,7.9,16.4,6.4,11.2,129.0,0,0,0,0,0,0
52.1,50.0,54.2,44.7,42.8,46.6,52.9,51.2,54.6,20.9,19.0,22.8,0.563,7.28,0.179,6.53,6.17,8.62,0.163,4.66,3.35,0.0371,0.262,0.483,45.5,33.0,93,28,600,6.0,17.2,8.8,7.8,8.8,8.9,6.2,9.3,7.9,7.8,8.0,17.8,6.1,10.2,131.0,0,0,0,0,0,0
51.2,52.2,50.2,45.9,43.6,48.2,50.0,49.4,50.6,19.5,20.6,18.4,0.568,7.56,0.181,6.71,6.3,8.85,0.169,4.77,3.48,0.0373,0.265,0.494,44.8,33.0,91,28,600,6.0,16.9,7.0,6.9,10.6,8.1,7.3,8.2,7.9,7.7,8.5,17.2,5.8,10.8,129.0,0,0,0,0,0,0
53.7,53.4,54.0,47.3,48.0,46.6,52.8,52.6,53.0,20.5,20.6,20.4,0.583,7.56,0.192,6.74,6.34,9.05,0.171,4.79,3.55,0.0364,0.269,0.509,43.6,32.0,83,27,600,6.1,17.0,7.1,7.6,9.4,7.7,8.0,7.5,8.2,6.9,9.2,15.3,5.5,11.5,127.0,0,0,0,0,0,0
53.4,52.6,54.2,43.9,43.4,44.4,61.1,60.4,61.8,20.6,20.6,20.6,0.609,7.68,0.196,7.01,6.51,9.19,0.178,4.94,3.65,0.0382,0.273,0.525,43.3,32.0,87,28,600,6.2,14.8,8.5,8.0,8.1,8.3,7.9,9.8,9.1,8.7,8.5,18.0,6.6,11.3,134.0,0,0,0,0,0,0
49.2,48.6,49.8,46.6,44.6,48.6,52.5,53.6,51.4,19.7,17.4,22.0,0.632,7.83,0.204,7.17,6.59,9.36,0.185,5.1,3.78,0.0373,0.669,0.528,42.9,32.0,92,30,600,5.6,16.3,8.7,7.1,9.5,8.9,8.7,9.4,9.3,8.0,8.0,18.2,6.3,10.8,135.0,0,0,0,0,0,0
51.9,50.8,53.0,46.4,44.0,48.8,51.7,50.4,53.0,20.2,18.8,21.6,0.652,8.06,0.207,7.16,6.74,9.76,0.189,5.19,3.84,0.0363,0.671,0.554,42.6,31.0,94,29,600,5.7,17.2,8.1,6.4,9.5,7.9,8.1,8.1,9.7,7.5,8.2,17.0,5.3,10.8,130.0,0,0,0,0,0,0
51.1,52.8,49.4,45.7,46.4,45.0,53.7,52.0,55.4,21.0,20.2,21.8,0.674,8.16,0.214,7.46,6.75,9.83,0.195,5.34,3.9,0.0382,0.678,0.561,42.5,31.0,95,28,600,6.6,16.4,8.8,8.1,7.8,7.6,7.4,8.2,9.7,9.3,7.4,17.6,5.6,10.5,131.0,0,0,0,0,0,0
52.8,54.4,51.2,48.7,50.2,47.2,52.8,51.6,54.0,20.6,17.0,24.2,0.694,8.27,0.222,7.63,6.97,10.0,0.204,5.53,4.07,0.0371,0.683,0.573,42.2,31.0,98,28,600,6.5,18.3,9.1,7.7,7.9,7.6,7.1,7.9,10.8,8.6,7.5,17.2,4.9,10.5,132.0,0,0,0,0,0,0
54.3,53.0,55.6,45.8,46.4,45.2,53.2,51.6,54.8,19.1,15.8,22.4,0.749,8.43,0.232,7.75,7.0,10.2,0.209,5.61,4.12,0.0382,0.695,0.588,42.1,31.0,93,30,600,5.4,17.9,8.1,6.9,8.5,7.7,7.8,7.5,10.8,8.4,8.2,17.5,6.0,10.7,131.0,0,0,0,0,0,0
51.6,52.0,51.2,49.8,49.8,49.8,53.4,53.8,53.0,20.3,21.4,19.2,0.758,8.66,0.234,8.05,7.17,10.6,0.216,5.69,4.19,0.0374,0.699,0.602,42.1,31.0,93,31,600,5.2,16.7,8.0,8.2,8.5,8.8,8.4,8.3,8.1,8.4,8.1,17.0,7.0,11.2,132.0,0,0,0,0,0,0
52.4,51.2,53.6,44.9,44.6,45.2,55.0,53.2,56.8,20.4,18.0,22.8,0.782,8.81,0.243,8.17,7.2,10.8,0.225,5.85,4.31,0.0373,0.7,0.611,42.2,31.0,100,31,600,5.5,16.7,8.4,8.3,8.2,8.5,8.3,8.9,7.3,8.4,10.5,19.7,7.5,11.7,138.0,0,0,0,0,0,0
55.3,55.4,55.2,45.9,45.4,46.4,51.9,52.2,51.6,19.8,17.2,22.4,0.801,9.21,0.25,8.36,7.58,11.2,0.232,6.08,4.43,0.0364,0.713,0.648,41.9,31.0,98,31,600,6.0,14.6,9.2,7.5,8.7,7.5,8.1,8.2,7.2,8.8,10.3,19.7,7.2,11.9,135.0,0,0,0,0,0,0
50.7,51.6,49.8,46.2,45.8,46.6,55.0,56.2,53.8,20.8,19.2,22.4,0.847,9.53,0.262,8.98,7.99,11.9,0.241,6.38,4.7,0.0366,0.728,0.68,41.7,31.0,85,29,600,5.9,14.5,9.1,8.7,9.5,6.3,8.0,7.6,8.1,8.3,7.3,17.2,4.9,12.8,128.0,0,0,0,0,0,0
53.4,52.4,54.4,41.9,42.8,41.0,54.6,53.4,55.8,20.8,18.2,23.4,0.886,10.1,0.27,9.38,8.49,12.7,0.252,6.81,4.99,0.0374,0.744,0.716,41.7,31.0,96,28,600,5.3,16.1,8.8,9.5,8.9,6.3,8.3,9.6,8.0,7.9,7.3,17.2,4.8,12.3,130.0,0,0,0,0,0,0
63.5,65.6,61.4,54.0,52.2,55.8,60.2,60.4,60.0,20.7,21.2,20.2,0.786,9.44,0.242,8.39,7.65,11.5,0.21,5.94,4.48,0.0371,0.707,0.621,73.2,56.0,230,83,800,45.6,21.4,9.1,9.3,9.4,10.5,11.4,9.4,10.1,8.7,10.2,17.5,6.2,15.0,194.0,0,0,0,0,0,0
65.2,64.6,65.8,52.0,51.8,52.2,59.8,58.6,61.0,21.4,20.4,22.4,0.807,9.56,0.247,8.56,7.82,11.8,0.223,6.13,4.49,0.0372,0.711,0.631,68.8,51.0,210,57,800,23.9,20.4,12.6,10.3,10.0,11.4,12.5,10.4,11.6,9.9,10.2,22.1,8.3,17.4,191.0,0,0,0,0,0,0
59.1,61.4,56.8,52.7,55.4,50.0,58.7,59.2,58.2,19.9,18.6,21.2,0.816,9.64,0.252,8.5,7.84,12.2,0.23,6.08,4.65,0.0371,0.717,0.639,66.4,50.0,130,40,800,8.6,20.4,11.3,10.8,10.9,11.3,10.6,12.5,12.9,12.3,10.4,25.4,10.4,16.2,184.0,0,0,0,0,0,0
62.9,64.0,61.8,55.2,54.6,55.8,56.9,55.8,58.0,20.2,22.4,18.0,0.817,9.85,0.252,8.67,8.03,12.3,0.23,6.09,4.64,0.037,0.335,0.655,63.6,47.0,120,38,800,8.1,21.0,10.0,10.9,10.1,11.8,10.9,11.5,10.6,12.9,11.0,23.8,8.9,15.1,177.0,0,0,0,0,0,0
60.5,60.2,60.8,50.5,49.2,51.8,60.0,59.6,60.4,20.1,18.4,21.8,0.835,9.89,0.26,8.82,8.01,12.5,0.237,6.23,4.83,0.0373,0.344,0.656,61.9,47.0,110,40,800,6.6,22.3,11.5,10.7,8.6,11.1,11.4,9.8,10.8,12.4,11.0,22.2,7.4,14.5,170.0,0,0,0,0,0,0
61.6,60.0,63.2,50.7,48.4,53.0,58.8,58.6,59.0,20.1,22.8,17.4,0.866,10.0,0.265,8.78,8.31,12.7,0.241,6.41,4.88,0.0371,0.341,0.663,60.3,45.0,110,37,800,6.2,21.2,11.5,10.0,9.3,10.7,10.1,10.5,12.1,12.2,10.4,23.4,7.3,15.3,170.0,0,0,0,0,0,0
61.7,59.2,64.2,53.8,53.0,54.6,58.3,58.2,58.4,21.0,20.6,21.4,0.871,10.1,0.266,8.8,8.29,13.0,0.24,6.34,4.84,0.038,0.347,0.676,59.1,44.0,100,36,800,7.2,20.8,11.7,11.1,9.3,11.0,11.1,10.9,11.5,10.6,8.6,22.8,6.7,16.3,170.0,0,0,0,0,0,0
61.3,58.8,63.8,52.5,51.8,53.2,58.8,58.6,59.0,20.8,22.6,19.0,0.846,10.2,0.266,8.99,8.55,13.2,0.24,6.43,5.01,0.036,0.349,0.684,57.9,44.0,100,39,800,7.4,22.3,11.0,11.9,10.8,11.7,11.0,9.9,12.1,10.4,8.8,21.2,6.4,14.9,170.0,0,0,0,0,0,0
59.9,60.8,59.0,52.7,50.6,54.8,61.2,60.4,62.0,20.0,17.6,22.4,0.878,10.3,0.271,8.8,8.48,13.3,0.244,6.6,5.04,0.0362,0.353,0.688,57.3,43.0,110,38,800,7.7,22.3,10.9,10.4,11.5,11.6,10.1,10.7,11.9,10.2,9.2,20.4,7.2,14.2,168.0,0,0,0,0,0,0
60.1,61.6,58.6,56.2,54.4,57.9,58.3,59.0,57.6,20.9,18.8,23.0,0.855,10.4,0.261,8.98,8.68,13.3,0.237,6.59,5.1,0.0371,0.358,0.692,56.4,43.0,110,37,800,8.4,21.5,12.0,10.9,10.5,12.9,8.7,11.0,11.6,11.4,8.6,22.0,8.0,14.0,172.0,0,0,0,0,0,0
61.1,60.0,62.2,55.2,53.2,57.2,59.3,58.6,60.0,20.5,23.4,17.6,0.866,10.4,0.27,9.18,8.81,13.8,0.246,6.66,5.31,0.0371,0.355,0.696,56.1,43.0,110,40,800,7.1,23.8,11.1,11.7,10.7,12.9,8.3,11.2,10.5,12.3,9.3,20.7,6.2,15.3,171.0,0,0,0,0,0,0
62.2,63.6,60.8,54.6,52.2,57.0,61.7,61.4,62.0,20.6,18.2,23.0,0.883,10.8,0.272,9.15,8.94,13.8,0.249,6.83,5.4,0.0369,0.36,0.721,55.5,42.0,110,42,800,6.8,27.1,10.6,10.0,9.8,10.7,10.3,12.1,10.7,11.4,10.3,18.9,5.8,14.4,169.0,0,0,0,0,0,0
63.7,63.8,63.6,56.8,54.8,58.8,67.4,67.8,67.0,22.4,22.6,22.2,0.887,10.8,0.281,9.21,8.99,14.1,0.253,6.82,5.36,0.0361,0.808,0.731,56.6,43.0,160,46,800,7.2,25.8,11.4,10.6,9.1,9.8,10.8,11.3,13.5,11.5,9.6,22.8,7.5,13.2,174.0,0,0,0,0,0,0
64.4,63.2,65.6,51.5,51.0,52.0,60.7,60.4,61.0,20.2,23.6,16.8,0.927,11.1,0.29,9.36,9.34,14.6,0.272,6.99,5.58,0.037,0.818,0.757,56.1,43.0,160,44,800,7.4,23.4,12.8,12.6,9.3,9.4,10.6,11.0,12.1,11.5,9.9,24.5,8.6,14.9,178.0,0,0,0,0,0,0
61.2,61.0,61.4,53.7,54.4,53.0,59.3,58.4,60.2,21.2,19.2,23.2,0.988,11.7,0.303,9.9,9.85,15.4,0.284,7.52,5.91,0.0372,0.839,0.803,55.5,42.0,100,36,800,7.6,23.5,11.6,11.7,11.8,8.6,10.4,11.0,10.1,10.8,11.2,23.7,8.7,16.1,177.0,0,0,0,0,0,0
61.7,63.4,60.0,49.2,49.4,49.0,58.8,58.4,59.2,20.6,22.4,18.8,1.02,12.3,0.31,10.5,10.4,16.3,0.292,7.92,6.16,0.0381,0.858,0.846,55.1,42.0,110,35,800,8.3,23.1,10.1,11.5,12.7,10.4,11.2,9.5,11.4,10.6,11.1,22.5,6.5,17.5,176.0,0,0,0,0,0,0
69.1,71.8,66.4,53.5,54.6,52.4,61.9,60.2,63.6,21.2,20.6,21.8,0.88,11.1,0.266,9.38,9.1,14.6,0.25,6.82,5.56,0.0374,0.817,0.719,186.0,110.0,800,310,1000,29.8,25.6,11.6,12.9,12.5,12.3,11.0,13.9,11.8,12.6,11.4,26.3,8.7,15.8,216.0,0,0,0,0,0,0
69.8,69.2,70.4,56.7,55.2,58.2,64.7,64.2,65.2,21.9,22.6,21.2,0.901,11.4,0.282,9.61,9.05,14.8,0.255,6.94,5.76,0.0365,0.82,0.728,181.0,110.0,830,230,1000,19.6,27.1,13.8,12.4,12.4,14.2,12.3,12.5,11.6,14.0,12.6,29.8,8.6,17.6,219.0,0,0,0,0,0,0
67.4,66.8,68.0,56.9,54.8,59.0,64.5,63.8,65.2,20.7,20.0,21.4,0.913,11.2,0.282,9.49,8.94,15.3,0.258,7.06,5.7,0.0384,0.821,0.731,167.0,99.0,310,76,1000,13.3,26.3,15.6,13.4,12.9,16.5,12.6,12.0,12.0,14.6,13.2,29.5,9.9,18.2,220.0,0,0,0,0,0,0
68.3,68.2,68.4,54.3,53.2,55.4,65.3,63.6,67.0,21.5,25.2,17.8,0.884,11.5,0.283,9.81,9.27,15.3,0.261,7.02,5.85,0.0382,0.819,0.731,156.0,94.0,170,71,1000,9.3,26.1,14.2,15.9,12.7,15.0,11.2,13.1,13.9,13.7,12.7,27.8,9.6,18.9,214.0,0,0,0,0,0,0
70.1,70.0,70.2,56.8,57.6,56.0,63.2,61.8,64.6,20.1,17.2,23.0,0.94,11.5,0.289,9.77,9.03,15.7,0.271,7.03,5.92,0.0373,0.824,0.754,158.0,99.0,320,100,1000,9.8,27.3,13.1,14.1,11.9,14.5,12.3,13.2,14.3,13.1,13.9,28.3,8.5,19.5,214.0,0,0,0,0,0,0
69.1,69.2,69.0,56.1,57.0,55.2,65.7,64.8,66.6,20.2,23.2,17.2,0.961,11.6,0.296,9.92,9.07,15.8,0.282,7.04,5.89,0.0382,0.836,0.751,149.0,95.0,320,98,1000,10.7,28.7,13.1,12.3,13.4,12.6,12.6,13.4,14.2,12.4,14.4,28.0,8.8,19.4,214.0,0,0,0,0,0,0
70.1,69.8,70.4,56.1,53.8,58.4,65.5,67.0,64.0,22.8,24.2,21.4,0.989,11.5,0.303,10.2,9.26,16.0,0.297,7.12,5.96,0.0374,0.833,0.753,145.0,93.0,200,74,1000,9.9,28.7,12.9,12.2,14.0,11.3,13.5,14.1,16.0,11.9,12.9,27.4,10.2,18.4,213.0,0,0,0,0,0,0
69.4,67.6,71.2,56.7,55.2,58.2,62.5,63.0,62.0,22.3,22.6,22.0,1.02,11.7,0.31,10.3,9.24,16.0,0.301,7.14,6.2,0.0373,0.393,0.769,145.0,97.0,310,110,1000,10.2,28.3,13.2,11.6,13.0,12.5,13.8,13.5,15.6,11.5,13.3,29.1,11.5,18.5,216.0,0,0,0,0,0,0
68.8,69.0,68.6,55.7,54.8,56.6,65.0,65.4,64.6,21.6,19.8,23.4,1.02,11.9,0.31,10.4,9.24,16.3,0.291,7.17,6.15,0.0372,0.398,0.781,142.0,96.0,310,110,1000,9.6,27.6,12.0,12.9,11.4,13.6,13.2,13.5,14.6,12.7,14.3,29.8,10.8,19.4,215.0,0,0,0,0,0,0
69.2,70.0,68.4,55.4,56.2,54.6,63.7,63.4,64.0,20.4,19.0,21.8,1.03,11.8,0.316,10.5,9.37,16.7,0.299,7.12,6.21,0.0374,0.4,0.791,141.0,98.0,280,100,1000,9.0,26.5,11.7,15.6,11.1,14.1,12.6,14.2,16.0,13.2,14.0,27.7,9.1,17.9,213.0,0,0,0,0,0,0
68.5,68.4,68.6,55.0,54.0,56.0,71.8,73.2,70.4,20.6,20.0,21.2,1.07,12.0,0.328,10.4,9.25,16.9,0.315,7.21,6.44,0.0374,0.812,0.804,140.0,98.0,300,110,1000,9.5,27.6,13.2,15.4,13.2,11.8,14.5,14.4,14.6,13.1,14.4,27.8,9.1,17.1,216.0,0,0,0,0,0,0
68.3,69.2,67.4,55.3,55.4,55.2,63.8,63.4,64.2,20.4,16.8,24.0,1.07,12.1,0.33,10.5,9.47,17.1,0.318,7.17,6.38,0.0374,0.812,0.836,139.0,98.0,270,110,1000,9.2,26.8,14.2,13.1,15.6,11.4,16.3,12.9,13.1,14.1,14.3,27.6,8.9,18.4,216.0,0,0,0,0,0,0
70.3,71.2,69.4,52.5,52.6,52.4,64.8,64.6,65.0,21.3,17.2,25.4,1.13,12.7,0.346,11.1,9.93,18.4,0.336,7.75,6.72,0.0374,0.837,0.872,139.0,99.0,300,110,1000,9.9,26.9,14.7,14.2,15.1,11.1,13.6,13.3,13.1,12.9,12.7,28.3,8.1,19.1,213.0,0,0,0,0,0,0
68.5,68.2,68.8,54.3,55.4,53.2,62.1,62.6,61.6,21.7,23.0,20.4,1.22,13.4,0.369,11.7,10.5,19.5,0.354,8.1,7.29,0.0375,0.858,0.929,143.0,100.0,430,150,1000,9.8,28.0,14.3,14.2,13.0,11.9,11.9,13.1,11.9,12.7,11.0,27.2,8.8,18.3,206.0,0,0,0,0,0,0
49.0,50.4,47.6,45.5,45.2,45.8,49.7,51.6,47.8,20.8,23.6,18.0,0.523,6.73,0.17,5.97,5.96,7.93,0.145,4.32,3.19,0.0374,0.246,0.484,47.1,34.0,130,39,600,42.5,17.0,7.8,7.3,5.9,8.8,6.2,10.2,6.6,6.8,7.3,15.1,5.3,13.0,160.0,0,0,0,0,0,0
52.2,53.4,51.0,46.0,47.4,44.6,49.5,48.4,50.6,19.4,16.0,22.8,0.55,6.84,0.171,6.12,6.01,8.01,0.15,4.43,3.24,0.0374,0.247,0.492,45.3,34.0,96,28,600,19.6,18.7,8.5,9.2,8.3,9.4,7.3,8.5,6.1,7.5,9.0,15.2,5.6,12.4,145.0,0,0,0,0,0,0
50.8,49.2,52.4,44.9,44.0,45.8,51.2,50.6,51.8,19.7,19.4,20.0,0.566,7.09,0.177,6.23,6.21,8.25,0.153,4.55,3.26,0.0364,0.253,0.504,44.2,33.0,89,31,600,5.9,18.5,8.6,8.4,9.2,7.8,9.1,7.7,6.0,7.4,9.5,15.8,5.7,9.9,130.0,0,0,0,0,0,0
51.9,53.0,50.8,47.4,46.0,48.8,52.0,50.2,53.8,20.9,21.6,20.2,0.562,7.23,0.184,6.33,6.19,8.6,0.159,4.6,3.37,0.0374,0.261,0.505,43.4,32.0,88,30,600,6.1,20.3,7.2,7.2,8.8,6.9,8.9,8.1,6.7,7.2,7.7,15.7,4.7,11.3,127.0,0,0,0,0,0,0
51.9,49.2,54.6,46.1,45.0,47.1,51.6,53.2,50.0,20.1,21.2,19.0,0.589,7.38,0.185,6.54,6.31,8.7,0.164,4.84,3.47,0.0374,0.262,0.527,43.0,32.0,97,28,600,5.5,20.4,7.8,8.0,8.4,8.4,7.5,8.4,7.3,7.8,6.9,16.6,5.8,11.8,131.0,0,0,0,0,0,0
53.4,54.6,52.2,45.7,46.0,45.4,51.2,52.4,50.0,21.5,23.2,19.8,0.623,7.61,0.195,6.7,6.5,8.93,0.171,4.91,3.57,0.0375,0.273,0.531,42.4,31.0,95,29,600,4.9,16.5,8.4,8.3,8.6,8.8,6.9,7.7,7.9,8.4,7.7,17.2,5.9,12.1,129.0,0,0,0,0,0,0
51.3,48.8,53.8,44.5,43.0,46.0,60.3,57.4,63.2,19.6,21.8,17.4,0.629,7.79,0.193,6.82,6.63,9.12,0.175,5.05,3.61,0.0365,0.438,0.547,42.0,31.0,88,30,600,5.2,13.5,7.4,8.8,8.1,7.3,6.6,8.3,8.9,8.4,8.0,17.3,5.5,14.0,127.0,0,0,0,0,0,0
55.8,53.8,57.8,44.0,41.6,46.4,54.4,52.4,56.4,20.0,22.0,18.0,0.628,7.98,0.197,7.07,6.74,9.4,0.181,5.06,3.68,0.0374,0.699,0.546,41.7,31.0,87,30,600,5.9,14.8,8.1,8.1,8.7,7.0,7.1,7.7,10.2,8.9,6.9,16.6,5.3,13.4,129.0,0,0,0,0,0,0
51.2,52.4,50.0,45.6,44.6,46.6,51.5,48.4,54.6,19.3,16.4,22.2,0.649,8.01,0.208,7.24,6.7,9.63,0.183,5.15,3.77,0.0382,0.701,0.561,41.5,31.0,89,30,600,5.3,18.9,8.3,7.2,8.7,8.3,8.1,6.8,8.8,8.6,5.8,15.3,4.7,11.5,126.0,0,0,0,0,0,0
50.7,47.2,54.2,47.2,46.8,47.6,53.0,53.6,52.4,21.4,23.0,19.8,0.671,8.23,0.214,7.31,6.9,9.96,0.194,5.25,3.89,0.0372,0.704,0.562,41.2,31.0,90,29,600,4.9,19.4,7.3,7.6,8.9,8.6,7.2,8.6,7.1,7.5,6.1,16.5,5.6,10.7,126.0,0,0,0,0,0,0
52.6,53.2,52.0,46.0,47.0,45.0,53.2,53.0,53.4,19.9,16.2,23.6,0.683,8.26,0.218,7.52,6.99,10.1,0.195,5.41,3.93,0.0372,0.712,0.576,41.1,31.0,94,29,600,5.1,16.7,7.7,7.4,9.4,8.4,7.9,8.5,7.6,7.7,6.5,18.2,6.6,11.0,129.0,0,0,0,0,0,0
52.4,52.8,52.0,45.5,42.8,48.2,49.7,51.0,48.4,19.8,19.6,20.0,0.694,8.46,0.217,7.61,7.16,10.2,0.195,5.46,3.93,0.0372,0.715,0.59,41.0,31.0,95,30,600,5.8,16.7,9.2,8.2,9.0,7.9,8.4,8.2,7.7,7.6,7.2,19.2,5.8,12.0,133.0,0,0,0,0,0,0
54.1,55.6,52.6,46.6,45.0,48.2,52.0,51.6,52.4,19.9,19.0,20.8,0.696,8.68,0.219,7.73,7.23,10.4,0.196,5.6,4.09,0.0373,0.722,0.604,40.9,31.0,90,31,600,4.7,18.8,8.6,8.3,8.0,7.7,8.3,9.3,7.3,7.1,7.8,18.1,4.6,12.9,132.0,0,0,0,0,0,0
53.5,52.8,54.2,49.2,47.2,51.2,56.2,55.4,57.0,20.4,16.4,24.4,0.715,8.69,0.221,7.97,7.28,10.7,0.207,5.64,4.19,0.0371,0.725,0.603,40.7,31.0,88,31,600,3.8,19.6,6.9,8.4,8.3,8.6,8.1,9.8,6.8,7.1,7.3,16.2,5.2,12.9,129.0,0,0,0,0,0,0
53.6,53.2,54.0,45.6,44.8,46.4,53.8,52.6,55.0,20.0,21.6,18.4,0.753,9.15,0.233,8.23,7.67,11.3,0.221,5.95,4.33,0.0372,0.739,0.64,40.9,31.0,94,31,600,6.5,17.1,8.2,9.8,7.8,9.2,8.7,8.8,6.4,6.6,7.4,17.1,6.4,13.6,134.0,0,0,0,0,0,0
52.6,51.2,54.0,45.2,45.6,44.8,52.5,52.4,52.6,19.8,17.0,22.6,0.797,9.68,0.248,8.75,8.05,11.8,0.232,6.29,4.56,0.0362,0.753,0.685,40.6,31.0,92,30,600,7.1,15.8,9.5,9.8,8.3,9.4,8.5,7.8,6.2,7.4,8.5,17.6,5.7,12.9,135.0,0,0,0,0,0,0
49.8,47.0,52.6,37.5,34.2,40.8,49.7,50.4,49.0,20.1,22.6,17.6,0.839,10.1,0.257,9.21,8.47,12.5,0.243,6.65,4.85,0.0371,0.769,0.709,40.5,31.0,85,27,600,5.6,17.0,7.8,8.7,9.0,8.7,7.4,7.4,7.9,8.0,8.5,17.1,5.4,12.6,131.0,0,0,0,0,0,0
61.9,62.6,61.2,51.6,50.8,52.4,65.1,65.0,65.2,20.5,17.4,23.6,0.745,9.24,0.236,8.47,7.4,11.7,0.215,5.92,4.37,0.0377,0.741,0.617,76.9,62.0,220,95,800,43.6,20.7,8.2,10.3,10.8,10.0,10.0,9.8,10.0,10.4,10.2,22.2,7.6,14.1,198.0,0,0,0,0,0,0
61.0,62.4,59.6,53.4,54.8,52.0,59.9,59.4,60.4,19.9,21.8,18.0,0.764,9.42,0.235,8.65,7.4,11.9,0.221,5.98,4.39,0.0368,0.739,0.628,72.0,56.0,200,63,800,25.6,22.4,8.9,11.9,11.2,9.7,10.4,12.5,11.7,12.4,11.3,24.3,8.2,14.5,195.0,0,0,0,0,0,0
59.0,61.0,57.0,52.1,51.4,52.8,60.2,59.0,61.4,21.9,23.6,20.2,0.795,9.46,0.245,8.82,7.54,12.2,0.226,6.01,4.58,0.0367,0.587,0.648,68.2,53.0,110,40,800,8.0,22.6,9.6,10.7,10.5,9.6,9.2,11.7,12.0,12.2,11.3,23.2,8.1,16.0,175.0,0,0,0,0,0,0
62.9,61.8,64.0,53.7,54.4,53.0,58.9,59.2,58.6,19.9,21.2,18.6,0.815,9.67,0.248,8.79,7.56,12.0,0.23,6.13,4.61,0.0368,0.332,0.658,65.0,50.0,100,37,800,7.1,21.4,10.8,11.5,11.5,10.5,11.4,10.5,11.6,10.5,11.3,23.7,7.8,14.7,174.0,0,0,0,0,0,0
59.8,60.0,59.6,53.7,52.6,54.8,60.5,60.4,60.6,21.7,21.8,21.6,0.825,9.8,0.251,8.79,7.87,12.2,0.238,6.35,4.76,0.0366,0.343,0.668,62.9,48.0,100,37,800,7.0,22.2,10.2,10.4,11.8,9.5,12.4,10.7,11.9,11.1,11.9,26.0,7.4,13.9,176.0,0,0,0,0,0,0
62.0,60.4,63.6,52.9,54.0,51.8,60.0,60.4,59.6,19.1,18.6,19.6,0.847,9.83,0.258,9.03,7.76,12.7,0.235,6.46,4.79,0.0358,0.348,0.675,61.2,47.0,110,38,800,6.4,23.3,9.6,10.2,11.2,9.8,10.6,12.0,13.1,11.7,12.3,25.1,7.9,14.6,178.0,0,0,0,0,0,0
57.8,58.4,57.2,53.2,55.0,51.4,57.9,59.4,56.4,20.7,21.0,20.4,0.868,10.1,0.261,9.29,7.85,12.8,0.25,6.47,4.96,0.0358,0.348,0.697,59.5,45.0,110,34,800,7.1,23.6,9.3,10.6,10.4,10.5,11.7,12.0,12.1,11.3,12.3,21.3,8.5,14.3,175.0,0,0,0,0,0,0
62.0,61.8,62.2,51.8,51.2,52.4,61.3,60.2,62.4,20.8,20.8,20.8,0.871,10.1,0.27,9.44,7.97,13.1,0.251,6.46,5.06,0.0359,0.352,0.688,58.4,45.0,100,35,800,7.9,23.2,10.2,10.1,11.1,9.5,11.6,9.8,10.5,10.8,9.9,20.5,7.4,15.2,168.0,0,0,0,0,0,0
60.1,60.2,60.0,55.6,55.6,55.6,60.5,61.8,59.2,20.3,20.4,20.2,0.886,10.2,0.273,9.5,8.01,13.2,0.261,6.61,5.08,0.0361,0.353,0.707,57.4,44.0,100,39,800,7.4,23.2,11.1,10.9,11.2,11.1,10.7,9.3,12.7,10.6,8.5,22.3,7.7,14.8,172.0,0,0,0,0,0,0
59.5,61.4,57.6,51.3,50.6,52.0,58.4,56.8,60.0,21.6,18.0,25.2,0.908,10.3,0.277,9.55,8.04,13.3,0.256,6.73,5.18,0.0369,0.36,0.715,56.9,44.0,110,40,800,7.1,22.7,13.0,10.8,11.2,12.9,11.6,9.4,11.9,11.9,11.8,23.1,7.9,13.7,179.0,0,0,0,0,0,0
63.0,61.8,64.2,52.5,52.2,52.8,60.6,61.2,60.0,19.9,21.2,18.6,0.884,10.4,0.274,9.71,8.15,13.3,0.258,6.7,5.29,0.0369,0.36,0.724,56.0,43.0,110,36,800,7.6,19.8,12.5,10.6,11.8,12.3,11.9,10.5,11.3,12.0,11.7,22.2,6.8,13.0,174.0,0,0,0,0,0,0
61.8,64.2,59.4,53.3,52.8,53.8,74.1,74.0,74.2,20.2,19.8,20.6,0.921,10.4,0.281,9.73,8.28,13.8,0.263,6.81,5.37,0.0369,0.474,0.726,57.1,44.0,160,44,800,7.4,20.6,9.8,10.8,10.4,12.5,10.6,10.8,10.7,12.3,11.1,21.0,6.9,14.2,169.0,0,0,0,0,0,0
63.6,63.2,64.0,53.0,53.2,52.8,61.8,62.8,60.8,21.7,20.4,23.0,0.927,10.7,0.288,9.94,8.41,14.1,0.269,6.93,5.4,0.0361,0.795,0.75,57.2,44.0,170,50,800,7.5,23.1,9.9,10.1,9.6,11.2,12.5,9.3,9.2,11.8,11.4,22.6,8.4,16.8,173.0,0,0,0,0,0,0
61.0,60.2,61.8,52.3,49.2,55.4,60.5,61.2,59.8,19.5,21.0,18.0,0.972,11.0,0.3,10.2,8.72,14.7,0.281,7.21,5.62,0.037,0.806,0.769,56.5,43.0,120,41,800,7.1,23.2,9.4,11.1,10.2,10.7,13.9,9.8,10.2,11.8,10.9,24.4,9.0,18.3,180.0,0,0,0,0,0,0
58.8,60.0,57.6,52.7,52.2,53.2,61.6,61.2,62.0,20.6,22.0,19.2,1.0,11.7,0.314,11.1,9.12,15.6,0.3,7.62,5.98,0.0371,0.822,0.823,55.9,43.0,100,36,800,6.1,21.5,9.9,11.0,10.7,11.4,10.9,10.4,11.5,12.9,11.8,24.0,7.7,17.3,177.0,0,0,0,0,0,0
62.2,63.0,61.4,51.4,50.8,52.0,60.2,58.8,61.6,20.7,20.4,21.0,1.08,12.2,0.326,11.6,9.7,16.3,0.315,8.03,6.31,0.037,0.842,0.868,55.6,43.0,100,36,800,8.2,22.3,11.4,9.9,11.3,11.7,10.3,10.2,11.1,11.6,11.7,23.0,7.1,15.3,175.0,0,0,0,0,0,0
70.7,70.8,70.6,56.7,56.8,56.6,61.3,61.2,61.4,21.1,22.8,19.4,0.913,11.1,0.285,10.0,8.89,14.7,0.27,7.04,5.7,0.0381,0.793,0.747,155.0,110.0,530,240,1000,30.5,25.5,12.5,10.1,12.1,12.1,13.6,11.7,14.7,13.6,13.5,25.7,8.9,15.9,220.0,0,0,0,0,0,0
69.4,70.6,68.2,57.4,57.8,57.0,65.1,63.8,66.4,21.7,24.2,19.2,0.918,11.3,0.292,9.87,8.95,15.3,0.269,7.08,5.68,0.0373,0.801,0.736,146.0,110.0,500,190,1000,20.1,29.5,11.4,12.2,12.0,13.1,12.9,12.3,14.5,13.5,14.5,29.3,9.4,15.6,220.0,0,0,0,0,0,0
70.3,70.6,70.0,58.5,59.8,57.2,64.5,65.2,63.8,20.4,22.8,18.0,0.968,11.3,0.299,10.0,8.88,15.3,0.274,7.2,5.74,0.0372,0.808,0.767,136.0,97.0,210,68,1000,13.4,29.6,13.0,15.5,13.0,13.8,12.6,13.0,12.4,12.8,14.3,29.6,9.1,16.8,219.0,0,0,0,0,0,0
69.2,67.0,71.4,56.4,55.4,57.4,63.5,64.0,63.0,21.0,19.6,22.4,0.992,11.5,0.303,10.1,9.0,15.6,0.276,7.28,5.89,0.0381,0.807,0.76,129.0,93.0,160,68,1000,9.8,28.8,14.4,15.4,12.2,13.5,13.0,14.8,12.8,13.9,12.4,28.2,10.2,19.4,219.0,0,0,0,0,0,0
69.2,68.0,70.4,54.9,55.6,54.2,62.0,62.2,61.8,20.4,18.8,22.0,0.956,11.6,0.305,10.2,9.16,15.8,0.283,7.09,5.91,0.0381,0.811,0.768,123.0,90.0,180,72,1000,9.9,29.4,13.8,13.5,12.2,13.0,13.9,14.4,14.3,14.8,13.0,27.9,10.1,19.1,219.0,0,0,0,0,0,0
70.6,71.8,69.4,56.0,56.8,55.2,65.8,65.6,66.0,20.4,19.6,21.2,0.991,11.5,0.315,10.3,9.19,16.3,0.288,7.22,5.95,0.0372,0.813,0.779,120.0,88.0,190,73,1000,10.8,27.6,12.7,13.2,13.8,14.3,12.3,12.9,14.4,14.0,15.3,25.8,8.5,16.8,212.0,0,0,0,0,0,0
70.1,70.0,70.2,57.1,56.8,57.4,66.8,67.6,66.0,20.5,23.8,17.2,0.98,11.7,0.31,10.4,9.36,16.3,0.287,7.36,6.04,0.0382,0.706,0.788,116.0,88.0,180,81,1000,10.9,28.2,13.0,13.6,12.9,15.9,12.8,11.6,13.6,12.8,15.2,25.3,8.8,17.7,212.0,0,0,0,0,0,0
70.7,70.2,71.2,57.1,54.6,59.6,64.8,64.2,65.4,21.5,22.0,21.0,1.0,11.6,0.312,10.4,9.36,16.5,0.288,7.33,6.21,0.0371,0.392,0.794,115.0,87.0,200,80,1000,9.9,28.8,14.5,13.8,11.5,14.2,15.6,11.4,12.0,12.8,13.8,27.7,9.4,20.1,216.0,0,0,0,0,0,0
69.7,69.8,69.6,55.4,55.6,55.2,63.1,61.6,64.6,20.1,21.0,19.2,0.99,11.7,0.315,10.4,9.5,16.6,0.287,7.32,6.17,0.0372,0.396,0.81,113.0,87.0,220,83,1000,9.3,28.8,14.6,13.6,11.2,12.3,14.2,12.9,13.1,12.2,12.8,27.3,9.0,18.7,210.0,0,0,0,0,0,0
69.4,69.8,69.0,55.9,54.3,57.5,60.9,59.8,62.0,20.4,18.8,22.0,1.02,11.8,0.316,10.1,9.56,16.5,0.282,7.3,6.27,0.0382,0.399,0.792,114.0,88.0,270,92,1000,10.9,29.5,14.2,13.3,14.7,12.9,13.4,13.1,16.0,12.9,12.6,26.0,8.5,16.4,214.0,0,0,0,0,0,0
67.4,67.0,67.8,56.4,56.9,55.9,76.2,77.8,74.6,21.6,21.8,21.4,0.997,11.9,0.321,10.3,9.66,17.0,0.287,7.37,6.32,0.0373,0.475,0.807,111.0,86.0,260,76,1000,12.2,28.9,12.8,12.6,14.5,13.8,15.9,12.8,14.8,13.7,12.3,25.4,7.7,17.8,215.0,0,0,0,0,0,0
68.9,68.2,69.6,57.5,57.8,57.2,62.2,62.0,62.4,19.9,21.2,18.6,1.01,12.1,0.319,10.3,9.88,17.3,0.294,7.37,6.4,0.0383,0.837,0.824,109.0,85.0,160,63,1000,10.8,29.4,11.0,12.2,13.3,12.8,15.7,14.0,11.9,13.3,12.4,24.4,7.4,19.5,208.0,0,0,0,0,0,0
69.9,72.0,67.8,54.8,54.4,55.2,61.9,63.4,60.4,21.3,17.8,24.8,1.06,12.8,0.339,11.0,10.5,18.2,0.312,7.97,6.88,0.0374,0.856,0.885,113.0,87.0,340,97,1000,9.5,28.3,12.1,12.7,14.2,12.9,14.1,14.2,11.0,14.0,13.9,24.8,7.5,19.7,209.0,0,0,0,0,0,0
71.1,70.6,71.6,56.9,56.8,57.0,66.3,66.6,66.0,20.4,22.8,18.0,1.15,13.4,0.364,11.6,11.1,19.3,0.336,8.37,7.21,0.0376,0.881,0.928,114.0,88.0,380,120,1000,8.5,26.5,13.6,13.9,12.8,13.5,15.8,13.9,13.0,13.2,13.1,27.9,9.7,18.6,214.0,0,0,0,0,0,0
52.5,51.2,53.8,46.9,48.2,45.6,51.5,52.4,50.6,19.9,16.8,23.0,0.491,6.96,0.168,6.49,5.62,7.9,0.151,4.4,3.17,0.0361,0.247,0.462,50.1,36.0,150,40,600,41.8,16.3,8.5,8.6,6.3,6.9,7.7,8.7,6.9,8.1,7.0,16.0,5.5,11.4,160.0,0,0,0,0,0,0
54.0,53.0,55.0,46.6,47.6,45.6,51.6,50.4,52.8,20.9,18.8,23.0,0.518,7.22,0.169,6.52,5.9,8.35,0.155,4.59,3.21,0.037,0.252,0.478,47.1,34.0,100,30,600,19.9,17.6,8.2,9.4,7.5,7.7,7.7,7.1,7.2,10.1,7.6,17.0,5.5,11.7,144.0,0,0,0,0,0,0
50.6,50.2,51.0,46.3,43.6,49.0,49.6,49.2,50.0,19.6,22.2,17.0,0.54,7.23,0.177,6.72,5.98,8.43,0.153,4.69,3.31,0.038,0.256,0.483,45.8,33.0,86,29,600,5.3,16.5,6.2,9.2,8.1,9.4,6.3,7.8,7.7,9.7,8.5,18.1,6.2,11.2,130.0,0,0,0,0,0,0
52.6,54.4,50.8,45.7,43.8,47.6,51.1,50.6,51.6,19.8,19.6,20.0,0.555,7.48,0.184,6.67,6.16,8.71,0.161,4.82,3.45,0.036,0.258,0.5,44.5,32.0,89,28,600,5.6,18.0,6.4,9.8,7.5,9.1,7.9,8.7,8.4,7.3,9.0,17.2,6.5,11.3,133.0,0,0,0,0,0,0
54.5,54.6,54.4,44.2,44.6,43.8,53.7,54.6,52.8,20.8,18.2,23.4,0.571,7.47,0.191,6.95,6.33,8.81,0.17,4.91,3.48,0.0373,0.267,0.519,43.7,32.0,89,29,600,6.6,18.5,6.5,8.3,7.3,9.1,8.6,7.5,8.7,7.3,9.0,15.3,5.4,10.6,129.0,0,0,0,0,0,0
50.1,51.0,49.2,46.4,46.8,46.0,51.5,51.8,51.2,19.7,22.4,17.0,0.59,7.71,0.195,7.0,6.42,9.03,0.173,4.95,3.59,0.0382,0.272,0.513,43.3,32.0,92,31,600,6.6,17.6,7.4,7.8,8.2,8.7,6.8,8.3,9.5,8.2,8.8,17.0,5.8,10.8,132.0,0,0,0,0,0,0
54.0,52.4,55.6,45.9,45.8,46.0,52.2,52.6,51.8,20.7,20.6,20.8,0.614,7.77,0.201,7.1,6.51,9.25,0.182,5.08,3.59,0.0373,0.271,0.536,43.1,32.0,97,32,600,5.9,17.4,8.2,7.7,8.8,6.2,8.0,9.1,8.0,7.1,8.4,17.4,6.5,11.8,131.0,0,0,0,0,0,0
51.2,52.0,50.4,47.8,48.0,47.6,60.6,60.4,60.8,19.8,17.2,22.4,0.634,7.88,0.206,7.25,6.63,9.41,0.184,5.14,3.75,0.038,0.687,0.543,42.8,32.0,93,31,600,5.6,17.9,7.8,7.7,8.3,7.0,9.1,8.9,7.1,8.7,9.0,16.8,6.2,11.5,132.0,0,0,0,0,0,0
51.5,52.0,51.0,44.4,44.8,44.0,51.4,51.4,51.4,19.8,17.2,22.4,0.66,8.03,0.211,7.23,6.77,9.59,0.19,5.23,3.88,0.0381,0.694,0.552,42.4,32.0,87,31,600,5.9,16.9,8.9,8.7,8.3,9.5,7.9,9.3,7.6,8.9,8.0,17.4,6.8,10.6,135.0,0,0,0,0,0,0
52.5,51.2,53.8,47.3,46.8,47.8,51.5,52.2,50.8,20.1,21.8,18.4,0.667,8.14,0.212,7.41,7.0,9.89,0.193,5.37,3.9,0.0362,0.693,0.564,41.7,31.0,81,28,600,6.3,16.6,10.1,8.5,8.6,8.9,7.6,8.5,8.2,7.7,7.5,17.0,5.2,9.4,130.0,0,0,0,0,0,0
53.2,54.2,52.2,49.3,49.2,49.4,52.4,53.4,51.4,20.1,19.0,21.2,0.689,8.32,0.219,7.53,7.05,10.1,0.197,5.53,4.01,0.0362,0.703,0.57,41.8,31.0,91,29,600,6.3,18.3,10.2,7.4,8.2,7.9,9.7,7.2,8.1,8.5,7.5,18.2,5.2,10.3,133.0,0,0,0,0,0,0
52.0,48.8,55.2,45.7,46.4,45.0,53.4,52.2,54.6,21.8,20.8,22.8,0.722,8.41,0.226,7.76,7.14,10.3,0.207,5.55,4.07,0.0382,0.705,0.582,41.6,31.0,99,30,600,5.7,18.0,8.8,8.3,8.5,9.2,9.2,7.8,7.5,8.5,7.6,18.9,6.4,11.7,136.0,0,0,0,0,0,0
52.2,51.8,52.6,45.9,44.0,47.8,52.7,51.4,54.0,21.6,20.0,23.2,0.731,8.51,0.228,7.91,7.32,10.5,0.207,5.66,4.18,0.0383,0.713,0.6,41.5,31.0,93,30,600,5.2,17.7,7.3,9.4,8.2,8.6,8.3,8.8,7.3,8.4,7.6,16.8,5.8,11.5,131.0,0,0,0,0,0,0
50.2,52.0,48.4,46.4,45.6,47.2,50.9,51.2,50.6,20.2,20.4,20.0,0.731,8.88,0.231,7.95,7.38,10.7,0.209,5.78,4.27,0.0373,0.711,0.612,41.2,31.0,91,28,600,4.5,17.0,7.2,9.1,7.5,7.5,9.7,8.2,7.0,8.3,7.8,15.8,5.6,13.1,128.0,0,0,0,0,0,0
53.6,52.0,55.2,45.9,44.4,47.4,53.3,52.0,54.6,20.9,22.8,19.0,0.783,9.11,0.241,8.23,7.86,11.2,0.217,6.07,4.45,0.038,0.724,0.637,41.2,31.0,93,29,600,4.4,16.4,8.5,8.7,7.6,8.0,8.1,8.1,8.6,7.8,9.1,16.0,5.0,12.5,129.0,0,0,0,0,0,0
53.4,52.2,54.6,48.0,48.6,47.4,53.3,54.8,51.8,20.0,19.2,20.8,0.828,9.67,0.256,8.81,8.15,11.8,0.233,6.36,4.7,0.0373,0.742,0.681,41.2,31.0,99,31,600,5.5,16.7,8.1,7.4,8.3,8.8,6.3,8.0,9.8,7.9,8.9,17.1,5.8,11.5,130.0,0,0,0,0,0,0
53.3,54.8,51.8,35.7,37.0,34.4,52.9,52.2,53.6,21.2,19.0,23.4,0.879,10.1,0.268,9.15,8.69,12.6,0.245,6.79,4.94,0.0372,0.754,0.719,41.4,31.0,100,33,600,6.1,14.9,7.5,8.6,8.3,8.9,8.3,8.0,9.4,7.7,8.4,19.5,6.6,12.8,135.0,0,0,0,0,0,0
64.5,64.4,64.6,54.1,53.8,54.4,60.5,59.2,61.8,20.3,20.0,20.6,0.784,9.41,0.238,8.22,7.67,11.6,0.215,5.9,4.38,0.0363,0.727,0.624,67.2,51.0,200,67,800,44.7,20.6,9.5,14.0,10.5,10.2,8.2,9.9,8.9,10.1,9.9,20.9,7.6,14.2,199.0,0,0,0,0,0,0
63.4,62.6,64.2,52.6,54.6,50.6,58.6,57.8,59.4,21.1,20.6,21.6,0.782,9.37,0.244,8.36,7.8,11.8,0.219,6.04,4.59,0.0364,0.73,0.633,65.3,50.0,200,54,800,24.3,21.4,11.1,12.8,13.6,12.0,10.7,11.7,9.0,10.5,12.2,25.2,8.8,14.8,198.0,0,0,0,0,0,0
63.5,62.8,64.2,54.0,52.2,55.8,60.1,59.8,60.4,20.5,19.2,21.8,0.78,9.71,0.243,8.58,7.94,12.1,0.213,6.19,4.69,0.0383,0.739,0.634,62.0,47.0,120,40,800,7.2,21.1,10.1,10.6,12.8,10.8,11.5,12.6,9.2,9.7,12.0,26.1,7.7,15.6,177.0,0,0,0,0,0,0
66.6,66.6,66.6,52.5,50.6,54.4,61.5,61.2,61.8,20.6,22.6,18.6,0.778,9.83,0.246,8.66,8.04,12.4,0.228,6.28,4.66,0.0364,0.333,0.647,61.3,47.0,120,40,800,6.4,22.9,11.7,11.6,10.9,9.6,10.4,11.2,9.4,10.0,11.6,25.3,7.5,16.8,175.0,0,0,0,0,0,0
62.9,61.8,64.0,53.0,52.6,53.4,60.1,59.6,60.6,20.8,18.8,22.8,0.82,9.96,0.251,8.86,8.19,12.6,0.229,6.34,4.73,0.0363,0.336,0.676,59.5,45.0,120,41,800,6.6,25.5,11.4,11.7,10.0,10.6,10.8,10.8,9.6,11.8,11.4,25.4,8.6,16.2,180.0,0,0,0,0,0,0
58.6,57.2,60.0,51.5,51.0,52.0,57.3,56.6,58.0,20.9,23.0,18.8,0.845,10.1,0.264,8.77,8.14,12.8,0.239,6.38,4.92,0.0383,0.347,0.673,58.8,45.0,120,38,800,7.6,24.7,9.0,10.0,9.6,11.9,11.9,11.3,10.6,12.5,10.2,24.6,9.6,15.4,179.0,0,0,0,0,0,0
62.9,62.6,63.2,54.5,54.2,54.8,59.9,60.8,59.0,19.9,22.2,17.6,0.866,10.2,0.273,8.91,8.4,13.1,0.247,6.51,4.96,0.0382,0.345,0.706,57.4,44.0,110,36,800,7.5,22.3,9.0,9.8,10.3,11.8,10.9,11.0,10.1,11.4,9.5,22.1,8.9,15.6,170.0,0,0,0,0,0,0
63.0,63.8,62.2,53.1,51.6,54.6,60.1,58.0,62.2,21.7,25.0,18.4,0.87,10.3,0.273,8.94,8.55,13.1,0.251,6.71,5.04,0.0362,0.355,0.709,56.7,43.0,100,37,800,7.9,23.1,10.2,10.3,10.9,10.0,10.0,11.3,10.5,10.9,9.2,22.2,8.2,14.9,170.0,0,0,0,0,0,0
63.4,62.0,64.8,53.2,51.5,54.9,60.5,59.6,61.4,19.8,21.8,17.8,0.892,10.4,0.281,9.04,8.58,13.5,0.263,6.66,5.11,0.0372,0.356,0.713,56.1,43.0,110,40,800,8.5,23.5,11.7,10.5,10.9,9.9,11.3,10.8,11.4,11.8,9.2,24.1,8.0,14.8,176.0,0,0,0,0,0,0
62.6,61.6,63.6,53.1,53.1,53.1,57.3,58.6,56.0,21.8,20.2,23.4,0.914,10.5,0.283,9.23,8.91,13.8,0.264,6.79,5.18,0.0372,0.365,0.73,55.9,43.0,120,39,800,7.9,22.1,11.9,12.8,10.6,9.9,12.2,11.6,10.1,10.6,10.2,24.0,8.5,15.0,177.0,0,0,0,0,0,0
62.6,62.0,63.2,54.2,52.6,55.8,60.7,59.4,62.0,20.0,22.2,17.8,0.93,10.6,0.291,9.33,8.77,13.9,0.27,6.86,5.32,0.0364,0.365,0.735,55.5,43.0,120,41,800,6.6,23.6,11.2,12.8,11.7,10.9,11.6,12.3,9.7,10.1,10.9,22.7,8.2,13.6,176.0,0,0,0,0,0,0
62.7,63.2,62.2,51.2,49.4,53.0,69.5,71.8,67.2,22.6,22.6,22.6,0.946,10.6,0.293,9.27,9.0,14.3,0.271,6.89,5.42,0.0382,0.798,0.747,55.8,43.0,130,45,800,7.1,22.2,9.4,11.5,11.6,12.1,10.8,10.8,12.4,12.2,10.3,23.4,7.5,14.7,176.0,0,0,0,0,0,0
61.0,61.2,60.8,55.8,54.0,57.6,60.6,61.2,60.0,20.8,19.6,22.0,0.941,10.9,0.295,9.46,9.09,14.3,0.27,7.01,5.5,0.0383,0.807,0.759,55.3,43.0,120,43,800,7.8,20.3,9.1,10.9,10.8,10.4,10.4,10.4,12.8,11.0,11.6,23.4,7.9,15.1,172.0,0,0,0,0,0,0
64.6,65.0,64.2,53.8,55.0,52.6,60.4,58.6,62.2,21.6,24.6,18.6,0.998,11.2,0.31,9.65,9.4,14.9,0.287,7.21,5.7,0.0364,0.815,0.797,55.1,43.0,110,41,800,6.5,21.5,10.2,12.3,11.1,10.6,11.1,10.5,11.2,9.9,11.4,22.5,7.8,15.1,172.0,0,0,0,0,0,0
64.9,64.8,65.0,52.2,53.4,51.0,60.7,60.6,60.8,19.9,17.2,22.6,1.06,11.7,0.327,10.2,9.93,15.7,0.303,7.71,6.02,0.0373,0.838,0.842,55.2,43.0,130,45,800,6.1,22.9,11.4,11.8,12.7,11.0,12.5,10.3,10.7,10.1,10.6,23.5,7.4,16.0,177.0,0,0,0,0,0,0
61.8,60.4,63.2,48.4,48.6,48.2,59.9,59.0,60.8,19.8,19.6,20.0,1.13,12.4,0.341,10.8,10.6,16.7,0.322,8.03,6.39,0.0365,0.858,0.885,55.1,43.0,130,45,800,6.0,23.7,10.9,10.3,12.7,12.1,11.8,10.8,10.6,10.2,10.6,22.8,8.0,17.8,178.0,0,0,0,0,0,0
70.7,70.8,70.6,55.7,54.2,57.2,64.8,64.8,64.8,22.2,20.8,23.6,0.974,11.4,0.291,9.5,9.25,15.3,0.273,7.07,5.76,0.0366,0.813,0.745,164.0,110.0,550,200,1000,20.7,28.1,14.3,13.1,13.0,13.8,11.4,13.6,14.7,12.8,10.8,27.0,8.3,18.1,220.0,0,0,0,0,0,0
70.5,71.0,70.0,56.9,58.4,55.4,65.1,65.0,65.2,20.0,23.6,16.4,0.984,11.4,0.299,9.64,9.37,15.5,0.273,6.98,5.77,0.0385,0.811,0.746,152.0,100.0,210,79,1000,13.7,28.2,13.3,15.2,12.4,13.1,13.7,13.0,14.5,14.5,12.8,28.1,9.4,17.8,220.0,0,0,0,0,0,0
70.9,70.0,71.8,53.7,55.2,52.2,61.6,62.8,60.4,21.3,18.8,23.8,0.982,11.5,0.302,9.54,9.42,15.4,0.266,7.09,6.01,0.0366,0.815,0.761,148.0,100.0,240,89,1000,9.2,27.3,13.2,14.9,12.6,12.9,13.3,14.6,12.8,14.3,14.9,29.6,9.1,17.7,216.0,0,0,0,0,0,0
67.8,67.0,68.6,55.9,53.8,58.0,60.5,59.8,61.2,20.9,22.0,19.8,1.0,11.4,0.306,9.46,9.37,15.8,0.275,7.05,6.04,0.0375,0.817,0.761,156.0,110.0,420,130,1000,9.3,28.6,12.9,13.8,13.0,12.3,12.4,13.6,14.0,12.6,13.1,29.0,8.9,17.3,211.0,0,0,0,0,0,0
72.6,72.0,73.2,56.2,55.6,56.8,62.5,63.4,61.6,22.4,21.6,23.2,0.997,11.6,0.308,9.66,9.56,16.1,0.276,7.09,5.99,0.0373,0.823,0.784,151.0,110.0,400,120,1000,9.9,27.7,12.9,14.1,13.9,12.9,13.9,12.7,14.5,11.8,12.2,28.2,9.6,18.2,213.0,0,0,0,0,0,0
68.7,69.6,67.8,57.2,57.6,56.8,62.0,62.6,61.4,20.3,17.2,23.4,1.0,11.6,0.306,9.69,9.43,16.2,0.281,7.3,6.12,0.0366,0.389,0.766,146.0,100.0,210,94,1000,8.9,26.0,15.0,13.8,13.3,13.9,15.2,15.2,13.9,13.7,13.9,30.3,10.0,18.0,221.0,0,0,0,0,0,0
70.9,69.8,72.0,57.9,59.0,56.8,63.6,63.0,64.2,21.0,19.8,22.2,1.01,11.6,0.317,9.7,9.59,16.5,0.288,7.1,6.19,0.0375,0.394,0.779,141.0,100.0,200,82,1000,7.2,28.8,15.6,12.9,13.3,15.1,13.9,15.0,13.4,12.9,13.1,28.6,9.0,17.2,216.0,0,0,0,0,0,0
68.5,67.6,69.4,57.6,55.8,59.4,64.8,64.2,65.4,21.1,23.2,19.0,1.01,11.7,0.314,9.75,9.57,16.7,0.285,7.31,6.28,0.0374,0.397,0.789,135.0,96.0,160,61,1000,6.5,29.5,14.5,13.5,16.4,14.8,12.3,13.6,12.4,12.5,12.2,27.1,8.9,19.6,214.0,0,0,0,0,0,0
69.3,68.6,70.0,53.5,52.4,54.6,61.3,60.4,62.2,22.1,20.4,23.8,1.02,11.9,0.314,9.84,9.83,16.6,0.291,7.3,6.34,0.0373,0.396,0.792,132.0,94.0,200,61,1000,8.2,30.7,14.3,14.1,16.2,13.4,11.9,12.1,13.2,13.6,12.0,26.6,9.4,19.4,215.0,0,0,0,0,0,0
69.3,68.4,70.2,56.3,55.2,57.4,70.7,71.4,70.0,20.3,23.8,16.8,1.01,11.7,0.32,9.87,9.75,16.9,0.292,7.37,6.37,0.0373,0.863,0.799,133.0,97.0,280,100,1000,8.6,28.6,14.2,14.0,13.3,14.4,11.8,12.2,14.3,13.4,14.2,25.4,8.9,16.8,210.0,0,0,0,0,0,0
69.6,70.4,68.8,53.7,52.2,55.2,63.0,61.6,64.4,20.4,23.0,17.8,1.04,11.9,0.332,10.0,9.85,17.2,0.3,7.41,6.46,0.0373,0.869,0.826,133.0,98.0,300,120,1000,7.6,27.9,13.0,13.0,12.3,14.9,13.5,13.8,14.9,13.1,14.9,25.2,8.6,16.1,209.0,0,0,0,0,0,0
70.8,70.4,71.2,54.3,54.2,54.4,62.9,61.6,64.2,22.3,22.6,22.0,1.09,12.6,0.345,10.6,10.5,18.6,0.315,7.88,6.98,0.0373,0.889,0.882,132.0,98.0,280,110,1000,9.1,29.8,11.6,14.7,12.6,13.8,13.6,13.9,13.9,13.3,13.8,28.1,9.8,18.7,217.0,0,0,0,0,0,0
70.6,71.4,69.8,56.1,55.8,56.4,60.9,59.8,62.0,20.5,22.0,19.0,1.17,13.1,0.363,11.1,11.1,19.4,0.333,8.33,7.27,0.0373,0.91,0.928,139.0,100.0,500,130,1000,9.3,26.4,12.5,16.1,14.1,12.7,12.3,13.9,13.0,14.0,14.5,30.3,9.9,18.8,218.0,0,0,0,0,0,0
52.1,53.0,51.2,45.6,47.2,44.0,50.6,50.6,50.6,20.2,23.4,17.0,0.529,7.0,0.169,6.4,5.84,8.12,0.15,4.5,3.25,0.0356,0.28,0.485,50.6,38.0,150,44,600,41.9,15.0,6.9,7.2,8.9,7.9,6.3,7.8,7.7,7.6,8.4,18.0,4.9,10.4,159.0,0,0,0,0,0,0
50.8,51.0,50.6,45.1,47.4,42.8,53.2,53.8,52.6,19.2,21.4,17.0,0.571,7.19,0.177,6.56,5.89,8.29,0.156,4.55,3.29,0.0356,0.287,0.488,48.4,37.0,98,32,600,19.2,16.5,9.0,8.0,9.6,9.3,7.3,8.0,7.6,8.6,9.1,19.7,6.6,9.8,148.0,0,0,0,0,0,0
51.2,52.8,49.6,45.2,44.0,46.4,55.1,56.0,54.2,19.8,17.2,22.4,0.569,7.46,0.175,6.66,6.07,8.37,0.157,4.64,3.38,0.0375,0.294,0.491,47.5,36.0,95,32,600,5.7,15.2,7.2,7.6,9.2,8.9,7.1,7.2,7.2,9.0,8.4,18.1,6.2,9.8,127.0,0,0,0,0,0,0
51.7,49.2,54.2,47.2,47.2,47.2,53.5,52.4,54.6,21.5,25.0,18.0,0.57,7.54,0.181,6.92,6.21,8.54,0.161,4.73,3.43,0.0364,0.301,0.511,46.6,35.0,100,32,600,6.4,15.5,6.5,7.9,9.9,8.8,8.1,7.8,8.2,8.3,8.4,16.7,4.5,10.9,128.0,0,0,0,0,0,0
52.3,51.2,53.4,46.4,46.0,46.8,53.7,54.4,53.0,20.9,19.6,22.2,0.597,7.64,0.185,6.93,6.26,8.82,0.164,4.87,3.45,0.0364,0.306,0.528,46.1,35.0,100,32,600,6.5,16.9,8.4,8.2,9.6,8.6,8.0,9.4,7.5,8.0,7.9,15.4,4.7,9.6,129.0,0,0,0,0,0,0
53.7,54.0,53.4,45.2,45.0,45.4,56.2,56.2,56.2,20.2,22.4,18.0,0.606,7.85,0.189,7.18,6.36,9.09,0.169,4.92,3.55,0.0375,0.32,0.524,45.1,34.0,94,31,600,6.9,18.1,8.5,8.3,9.3,8.0,6.7,7.9,7.6,8.6,7.8,16.6,6.3,8.9,130.0,0,0,0,0,0,0
51.0,51.2,50.8,44.8,47.2,42.4,62.4,64.8,60.0,19.5,18.4,20.6,0.614,8.05,0.194,7.37,6.45,9.14,0.174,5.04,3.69,0.0364,0.756,0.538,44.7,34.0,90,31,600,7.2,17.6,7.3,8.1,10.2,8.2,8.2,6.4,8.5,7.9,8.6,18.5,6.4,10.5,134.0,0,0,0,0,0,0
50.9,51.6,50.2,47.8,48.0,47.6,53.3,52.4,54.2,20.1,20.4,19.8,0.661,8.25,0.202,7.48,6.67,9.42,0.178,5.07,3.73,0.0367,0.759,0.548,44.2,33.0,95,29,600,5.6,15.5,9.0,9.7,8.6,8.5,8.8,6.8,8.4,7.5,7.9,18.1,6.7,11.1,132.0,0,0,0,0,0,0
54.0,54.6,53.4,46.4,44.8,48.0,56.7,57.4,56.0,19.5,22.4,16.6,0.69,8.49,0.208,7.77,6.71,9.72,0.184,5.2,3.86,0.0357,0.771,0.551,44.2,33.0,100,29,600,4.7,15.0,10.8,10.0,7.3,7.7,8.7,7.3,6.8,8.5,7.5,18.0,6.8,11.0,130.0,0,0,0,0,0,0
51.4,51.2,51.6,46.0,43.0,49.0,54.0,52.8,55.2,20.6,24.8,16.4,0.701,8.54,0.215,7.74,6.82,9.88,0.196,5.28,3.92,0.0357,0.777,0.567,43.8,33.0,100,32,600,5.6,14.5,9.0,7.1,8.4,8.5,8.5,9.2,6.7,9.1,8.3,17.8,5.9,11.7,130.0,0,0,0,0,0,0
53.4,52.2,54.6,43.7,44.0,43.4,54.2,55.2,53.2,20.9,21.4,20.4,0.731,8.68,0.22,7.97,6.89,9.98,0.199,5.49,3.98,0.0366,0.783,0.57,43.6,33.0,89,31,600,5.6,14.2,6.9,7.0,9.5,9.3,7.9,10.1,7.1,7.8,8.9,17.6,5.8,13.3,131.0,0,0,0,0,0,0
52.8,52.4,53.2,46.1,46.4,45.8,54.6,55.0,54.2,19.4,23.6,15.2,0.76,8.88,0.223,8.04,7.17,10.3,0.203,5.57,4.02,0.0365,0.787,0.588,43.2,33.0,89,31,600,5.5,16.1,8.1,8.3,8.9,7.8,8.5,9.5,7.7,6.5,8.2,16.8,5.9,13.7,132.0,0,0,0,0,0,0
52.0,52.2,51.8,45.4,43.4,47.4,53.5,54.0,53.0,19.9,21.8,18.0,0.758,9.01,0.228,8.24,7.18,10.5,0.206,5.57,4.18,0.0366,0.797,0.594,42.9,32.0,87,29,600,5.6,16.9,7.5,8.1,8.0,7.5,8.5,8.7,9.0,6.3,8.4,16.8,5.7,12.9,130.0,0,0,0,0,0,0
52.5,52.2,52.8,46.8,46.0,47.6,54.7,55.4,54.0,19.7,19.0,20.4,0.781,9.16,0.228,8.48,7.19,10.7,0.211,5.73,4.26,0.0367,0.798,0.599,42.7,32.0,91,29,600,4.5,16.2,7.7,8.0,8.9,8.2,8.9,8.1,9.4,6.2,9.0,17.8,5.4,12.8,131.0,0,0,0,0,0,0
54.1,55.4,52.8,44.8,46.2,43.4,54.9,56.6,53.2,19.6,19.0,20.2,0.819,9.49,0.239,8.85,7.63,11.2,0.224,6.01,4.44,0.0367,0.812,0.642,42.6,32.0,88,30,600,5.3,17.3,8.5,8.5,8.5,8.1,8.7,8.2,10.3,6.9,8.7,16.7,5.8,11.9,133.0,0,0,0,0,0,0
52.1,54.8,49.4,46.1,45.6,46.6,55.7,56.4,55.0,20.3,19.4,21.2,0.872,9.87,0.257,9.25,7.97,11.9,0.234,6.34,4.66,0.0356,0.827,0.682,42.4,32.0,87,31,600,5.6,17.9,7.6,9.0,8.8,8.2,8.5,7.6,8.7,7.8,8.6,15.0,6.4,10.6,130.0,0,0,0,0,0,0
55.2,52.0,58.4,36.1,33.2,39.0,54.8,56.4,53.2,18.9,16.4,21.4,0.926,10.4,0.269,9.79,8.44,12.6,0.249,6.76,4.97,0.0366,0.853,0.716,42.5,32.0,96,31,600,5.5,18.2,7.8,8.5,8.2,9.6,8.7,8.3,7.3,7.6,8.0,16.6,6.2,11.0,132.0,0,0,0,0,0,0
62.5,62.6,62.4,50.7,48.0,53.4,62.7,61.6,63.8,20.6,18.0,23.2,0.869,9.82,0.254,8.77,7.61,11.6,0.232,6.0,4.42,0.0375,0.812,0.618,69.3,58.0,200,81,800,47.7,19.7,11.6,10.9,9.7,9.2,10.7,8.7,10.5,10.3,12.5,22.1,7.5,13.4,205.0,0,0,0,0,0,0
58.8,58.2,59.4,52.1,52.8,51.4,59.0,60.2,57.8,19.5,20.0,19.0,0.867,9.85,0.251,8.8,7.81,11.7,0.229,6.06,4.54,0.0355,0.808,0.621,65.1,52.0,160,44,800,25.5,22.0,12.2,11.5,8.8,10.4,12.3,9.8,11.4,12.0,11.4,21.6,7.1,14.5,191.0,0,0,0,0,0,0
61.3,60.4,62.2,52.6,52.6,52.6,61.0,59.0,63.0,20.7,18.0,23.4,0.871,9.97,0.251,8.73,7.93,12.1,0.231,6.09,4.54,0.0364,0.384,0.632,63.5,50.0,120,37,800,7.6,22.3,10.8,10.2,10.0,11.5,11.5,11.1,10.7,10.3,11.5,21.0,6.6,14.8,170.0,0,0,0,0,0,0
61.3,61.4,61.2,54.0,54.0,54.0,60.3,58.6,62.0,21.0,21.8,20.2,0.883,10.1,0.254,8.92,7.94,12.3,0.239,6.25,4.69,0.0373,0.389,0.64,61.5,48.0,130,38,800,7.9,22.6,10.3,10.3,11.9,11.1,9.7,11.2,10.9,9.9,12.7,21.6,7.4,15.1,173.0,0,0,0,0,0,0
62.7,60.4,65.0,51.5,50.8,52.2,60.9,60.6,61.2,20.7,21.6,19.8,0.881,9.96,0.26,9.05,8.18,12.4,0.245,6.3,4.73,0.0365,0.385,0.653,59.8,46.0,110,37,800,6.6,21.8,11.1,10.0,12.9,10.4,10.1,10.0,11.8,12.1,11.1,21.9,8.6,15.2,174.0,0,0,0,0,0,0
61.4,61.6,61.2,53.7,51.8,55.6,60.3,61.4,59.2,20.2,19.8,20.6,0.921,10.1,0.265,9.21,8.23,12.5,0.25,6.42,4.88,0.0372,0.39,0.673,59.1,45.0,120,38,800,6.4,23.1,11.6,9.8,11.0,11.4,11.5,11.0,11.1,12.5,11.1,23.8,9.1,15.3,179.0,0,0,0,0,0,0
62.8,64.4,61.2,54.3,56.4,52.2,62.2,61.4,63.0,22.3,21.0,23.6,0.921,10.3,0.273,9.08,8.36,13.0,0.257,6.48,4.99,0.0362,0.396,0.687,58.6,46.0,130,44,800,6.9,22.4,11.2,10.5,10.2,9.5,10.4,12.1,10.5,11.9,11.4,24.3,9.0,15.3,176.0,0,0,0,0,0,0
64.7,65.0,64.4,53.8,53.6,54.0,62.9,61.6,64.2,20.5,19.4,21.6,0.943,10.4,0.281,9.38,8.33,13.1,0.265,6.56,5.08,0.0363,0.405,0.689,58.6,46.0,130,47,800,7.6,21.4,10.8,11.1,12.7,8.3,10.4,11.0,11.1,11.5,11.7,23.5,9.4,16.4,177.0,0,0,0,0,0,0
61.8,61.4,62.2,51.2,52.6,49.8,61.0,61.6,60.4,21.5,23.6,19.4,0.957,10.5,0.285,9.46,8.43,13.3,0.268,6.66,5.08,0.0373,0.4,0.708,58.2,46.0,140,44,800,7.7,22.4,12.3,12.4,12.1,9.2,11.3,9.7,12.2,10.5,12.2,22.7,8.4,16.8,180.0,0,0,0,0,0,0
61.5,60.4,62.6,51.1,51.0,51.2,58.4,56.0,60.8,19.6,20.2,19.0,0.964,10.5,0.291,9.38,8.57,13.6,0.268,6.74,5.2,0.0363,0.409,0.707,57.4,45.0,120,42,800,7.9,23.5,12.6,12.3,10.9,9.5,11.3,10.2,13.7,10.7,10.9,22.0,6.7,14.6,177.0,0,0,0,0,0,0
61.3,60.6,62.0,52.1,52.6,51.6,60.9,60.6,61.2,20.3,18.8,21.8,0.959,10.8,0.291,9.5,8.71,13.9,0.267,6.68,5.26,0.0362,0.41,0.713,56.9,45.0,110,37,800,7.4,22.6,10.6,10.1,10.3,10.7,11.1,11.9,12.2,11.1,10.3,20.3,7.2,14.3,170.0,0,0,0,0,0,0
61.6,61.2,62.0,54.1,55.0,53.2,68.5,68.0,69.0,19.7,20.6,18.8,0.953,11.0,0.286,9.71,8.86,14.0,0.271,6.77,5.39,0.0372,0.842,0.704,56.6,44.0,120,41,800,6.8,23.4,11.0,11.1,10.8,10.5,11.2,11.0,10.0,11.2,10.5,20.2,6.7,15.0,169.0,0,0,0,0,0,0
62.1,62.8,61.4,52.7,51.4,54.0,61.1,60.4,61.8,22.6,24.6,20.6,0.958,11.0,0.289,9.75,8.99,14.1,0.269,6.82,5.37,0.0362,0.838,0.725,56.2,44.0,120,41,800,8.5,24.1,12.2,11.0,10.3,10.1,10.8,8.5,11.9,11.1,11.0,20.0,5.3,16.0,171.0,0,0,0,0,0,0
62.4,63.0,61.8,51.4,53.2,49.6,60.2,60.6,59.8,19.3,16.6,22.0,1.01,11.3,0.3,10.0,9.36,14.8,0.284,6.98,5.6,0.0374,0.85,0.765,56.0,44.0,130,41,800,7.7,23.6,13.0,9.3,8.0,10.4,9.9,9.1,11.9,10.3,10.9,20.5,6.9,17.5,169.0,0,0,0,0,0,0
60.3,62.0,58.6,51.5,52.8,50.2,61.8,61.8,61.8,21.7,22.2,21.2,1.05,11.9,0.316,10.5,9.86,15.6,0.297,7.56,5.96,0.0364,0.869,0.795,55.7,44.0,120,41,800,7.1,24.5,12.7,9.8,9.1,12.1,10.3,10.5,10.9,11.2,9.4,21.9,8.0,16.6,174.0,0,0,0,0,0,0
66.9,65.6,68.2,48.4,47.6,49.2,63.9,63.4,64.4,19.5,20.8,18.2,1.12,12.5,0.328,11.2,10.4,16.3,0.314,7.99,6.29,0.0373,0.895,0.846,55.6,44.0,110,42,800,8.5,22.3,9.9,12.7,9.6,13.6,10.9,11.5,11.0,11.3,8.6,20.5,6.9,16.1,173.0,0,0,0,0,0,0
69.1,67.2,71.0,53.5,53.2,53.8,62.9,63.0,62.8,20.8,24.6,17.0,0.97,11.3,0.289,9.91,8.76,15.2,0.268,6.89,5.54,0.0367,0.838,0.722,172.0,120.0,620,280,1000,28.4,25.5,11.3,10.8,13.0,12.3,11.3,14.2,11.6,12.4,12.3,27.7,9.7,19.1,220.0,0,0,0,0,0,0
69.9,67.8,72.0,57.7,57.0,58.4,63.5,63.6,63.4,21.9,19.6,24.2,0.981,11.4,0.289,10.3,8.75,15.0,0.273,6.88,5.48,0.0378,0.837,0.718,174.0,130.0,500,210,1000,18.7,27.6,13.0,14.2,13.1,14.1,11.5,13.5,10.7,13.4,12.2,27.9,10.5,18.6,219.0,0,0,0,0,0,0
68.6,68.4,68.8,52.2,53.2,51.2,64.9,65.4,64.4,22.2,22.4,22.0,0.969,11.4,0.294,10.1,8.87,15.5,0.275,6.97,5.64,0.0368,0.83,0.739,163.0,120.0,300,120,1000,13.2,29.0,12.1,14.7,13.2,13.3,14.1,15.0,13.4,14.1,12.7,30.5,10.6,17.8,224.0,0,0,0,0,0,0
68.3,68.2,68.4,55.9,54.8,57.0,61.4,61.0,61.8,20.0,17.6,22.4,0.972,11.4,0.296,10.1,8.8,15.4,0.281,6.92,5.72,0.0368,0.841,0.731,161.0,120.0,290,95,1000,10.0,27.5,12.7,12.1,13.6,12.8,15.1,14.7,14.9,12.7,12.9,28.7,9.7,18.7,216.0,0,0,0,0,0,0
67.4,69.0,65.8,55.5,53.8,57.2,67.0,66.8,67.2,20.8,18.8,22.8,0.984,11.7,0.292,10.3,8.98,15.7,0.286,6.91,5.81,0.0359,0.833,0.755,151.0,110.0,290,88,1000,9.2,28.5,13.4,12.8,11.8,12.4,13.6,13.9,13.1,12.1,13.9,26.3,8.5,19.4,209.0,0,0,0,0,0,0
69.4,71.0,67.8,56.1,58.2,54.0,65.6,66.4,64.8,20.2,20.8,19.6,1.01,11.5,0.308,10.3,8.97,15.9,0.292,7.06,5.86,0.0371,0.846,0.761,147.0,110.0,200,85,1000,11.0,28.9,12.3,15.2,12.3,11.8,13.8,14.1,14.2,12.4,14.5,27.2,9.1,18.7,216.0,0,0,0,0,0,0
68.7,69.8,67.6,54.6,56.4,52.8,64.8,63.2,66.4,22.2,18.6,25.8,1.04,11.6,0.314,10.4,9.07,16.0,0.304,7.11,6.06,0.0362,0.422,0.783,142.0,100.0,200,94,1000,9.3,27.6,11.8,16.6,14.6,12.3,14.9,13.4,13.6,12.0,13.0,29.0,11.0,18.4,218.0,0,0,0,0,0,0
70.7,69.2,72.2,56.8,55.2,58.4,62.0,60.0,64.0,20.6,19.0,22.2,1.07,11.9,0.318,10.5,8.91,16.4,0.306,7.16,6.05,0.0372,0.415,0.766,140.0,100.0,230,96,1000,8.4,27.4,12.6,14.2,14.5,13.6,15.2,15.9,11.0,11.6,13.2,27.5,10.0,19.3,214.0,0,0,0,0,0,0
68.9,68.0,69.8,55.9,56.4,55.4,65.7,64.2,67.2,20.9,22.2,19.6,1.06,11.8,0.326,10.6,9.04,16.6,0.311,7.23,6.19,0.0363,0.422,0.786,138.0,100.0,260,100,1000,9.7,28.1,14.0,14.1,12.4,13.0,15.2,15.2,10.1,12.6,14.9,27.9,9.9,19.4,217.0,0,0,0,0,0,0
69.7,70.0,69.4,55.8,56.2,55.4,66.8,66.4,67.2,20.8,19.0,22.6,1.09,12.0,0.328,10.9,8.97,16.9,0.319,7.15,6.21,0.0381,0.431,0.808,134.0,100.0,210,88,1000,10.6,27.7,13.6,15.7,12.3,13.2,14.3,13.9,9.5,13.8,13.2,28.4,10.4,20.6,217.0,0,0,0,0,0,0
66.3,66.8,65.8,55.0,56.4,53.6,75.0,74.8,75.2,20.3,18.8,21.8,1.11,12.0,0.341,10.7,9.07,17.0,0.322,7.19,6.38,0.0373,0.896,0.801,134.0,100.0,230,92,1000,10.0,25.5,12.6,14.4,14.1,13.0,14.3,15.1,11.5,13.5,10.9,27.3,9.8,19.6,212.0,0,0,0,0,0,0
70.7,68.2,73.2,59.2,60.0,58.4,63.8,62.8,64.8,21.6,21.0,22.2,1.11,12.1,0.341,10.9,9.2,17.4,0.324,7.23,6.33,0.0383,0.898,0.82,130.0,100.0,230,86,1000,9.3,26.3,13.1,13.3,12.5,11.6,14.8,13.2,12.4,13.2,14.1,25.1,9.4,19.5,208.0,0,0,0,0,0,0
66.1,66.4,65.8,58.0,57.2,58.8,65.8,65.6,66.0,20.3,21.6,19.0,1.18,12.8,0.352,11.5,9.97,18.3,0.34,7.84,6.88,0.0374,0.929,0.867,127.0,97.0,180,59,1000,9.7,29.4,14.4,12.9,12.2,14.0,15.1,10.5,11.1,13.5,15.0,23.9,8.2,18.7,209.0,0,0,0,0,0,0
70.3,69.8,70.8,53.5,53.2,53.8,67.2,67.4,67.0,20.6,20.4,20.8,1.26,13.4,0.381,12.2,10.3,19.4,0.361,8.31,7.33,0.0375,0.952,0.923,126.0,97.0,210,79,1000,10.3,28.8,14.0,12.6,14.3,14.1,14.5,11.3,14.2,13.2,13.0,26.6,8.1,16.2,211.0,0,0,0,0,0,0
54.4,52.6,56.2,48.5,47.6,49.4,51.5,50.8,52.2,20.6,18.4,22.8,0.552,6.9,0.179,5.94,6.26,8.15,0.154,4.45,3.2,0.0356,0.256,0.482,43.3,33.0,110,38,600,42.9,15.5,6.4,9.5,8.8,6.5,7.1,8.4,7.9,7.1,6.1,16.2,5.5,11.4,159.0,0,0,0,0,0,0
55.2,56.0,54.4,45.3,47.4,43.2,52.9,51.0,54.8,20.1,20.0,20.2,0.558,6.97,0.179,6.13,6.21,8.33,0.159,4.56,3.31,0.0376,0.261,0.5,42.0,32.0,86,29,600,18.6,17.6,8.5,10.2,10.1,8.3,9.1,8.3,7.2,9.6,7.6,18.3,5.3,11.6,150.0,0,0,0,0,0,0
51.5,51.8,51.2,45.5,43.2,47.8,52.7,52.0,53.4,20.5,19.4,21.6,0.582,7.2,0.184,6.36,6.37,8.54,0.164,4.72,3.34,0.0367,0.263,0.513,42.1,32.0,94,30,600,4.4,17.3,9.3,8.9,10.6,9.0,9.3,7.5,7.5,9.3,8.1,18.0,4.9,10.9,135.0,0,0,0,0,0,0
50.4,48.4,52.4,43.8,43.1,44.5,50.6,51.6,49.6,19.9,20.2,19.6,0.591,7.27,0.187,6.53,6.41,8.66,0.169,4.87,3.44,0.0367,0.269,0.526,41.3,32.0,95,30,600,5.0,17.8,8.7,6.9,8.9,7.8,8.8,8.3,7.8,8.7,7.7,17.5,5.3,11.1,130.0,0,0,0,0,0,0
51.2,51.0,51.4,46.3,47.5,45.1,51.5,52.2,50.8,21.1,21.6,20.6,0.588,7.48,0.185,6.65,6.42,8.94,0.172,4.9,3.48,0.0356,0.27,0.527,40.9,31.0,85,28,600,6.2,19.3,7.4,7.1,7.1,6.6,9.0,8.9,7.8,8.6,7.7,15.8,5.3,11.2,128.0,0,0,0,0,0,0
49.5,49.4,49.6,46.8,48.6,45.0,51.8,50.6,53.0,19.9,19.4,20.4,0.599,7.65,0.189,6.88,6.45,9.01,0.175,4.98,3.59,0.0376,0.275,0.547,40.8,32.0,92,29,600,6.9,18.5,6.7,7.8,8.9,7.5,7.8,7.7,9.3,8.7,8.5,15.8,5.6,11.2,131.0,0,0,0,0,0,0
53.4,54.0,52.8,45.8,44.6,47.0,51.9,51.8,52.0,19.7,18.4,21.0,0.615,7.82,0.198,6.99,6.63,9.25,0.182,5.12,3.65,0.0368,0.282,0.549,40.7,32.0,89,31,600,6.3,15.9,7.1,8.0,9.3,9.0,7.5,6.9,9.3,8.8,8.4,16.0,5.5,10.3,128.0,0,0,0,0,0,0
54.2,56.8,51.6,46.3,47.4,45.2,66.7,66.6,66.8,20.5,23.2,17.8,0.635,7.83,0.198,7.1,6.76,9.52,0.189,5.14,3.81,0.0367,0.749,0.567,41.3,32.0,100,32,600,6.5,14.5,7.3,8.0,8.4,8.7,8.7,7.1,8.0,10.3,8.0,15.8,5.4,10.3,127.0,0,0,0,0,0,0
52.3,51.6,53.0,46.6,47.6,45.6,52.8,53.4,52.2,21.2,22.6,19.8,0.632,8.05,0.198,7.28,6.83,9.86,0.189,5.27,3.89,0.0376,0.752,0.572,41.6,32.0,110,33,600,6.8,13.8,7.6,7.9,8.0,7.6,10.6,8.4,8.0,9.9,8.9,17.0,5.4,12.1,132.0,0,0,0,0,0,0
52.8,53.6,52.0,47.7,46.2,49.2,54.1,53.0,55.2,20.2,17.8,22.6,0.64,8.17,0.207,7.55,6.82,10.0,0.189,5.34,3.92,0.0368,0.757,0.584,41.4,32.0,100,31,600,5.5,15.8,7.3,9.4,6.8,7.2,9.5,8.3,8.3,8.5,9.4,17.7,5.4,13.3,132.0,0,0,0,0,0,0
54.9,54.8,55.0,47.2,48.6,45.8,52.9,52.2,53.6,20.0,22.0,18.0,0.65,8.3,0.213,7.65,6.92,10.2,0.193,5.63,4.06,0.0357,0.757,0.592,41.2,32.0,89,30,600,5.5,17.1,7.0,9.3,6.5,8.8,7.6,8.0,8.4,8.0,8.7,18.5,5.1,11.8,130.0,0,0,0,0,0,0
50.2,50.8,49.6,46.8,48.9,44.7,51.6,50.0,53.2,20.7,23.4,18.0,0.678,8.46,0.215,7.86,6.97,10.3,0.196,5.57,4.03,0.0357,0.767,0.599,40.8,31.0,86,27,600,5.2,17.7,8.2,7.6,7.4,9.7,6.8,8.6,8.8,8.4,7.9,17.6,6.2,11.1,131.0,0,0,0,0,0,0
54.4,55.4,53.4,45.5,46.9,44.1,52.5,50.8,54.2,21.6,22.8,20.4,0.706,8.64,0.218,7.98,7.14,10.7,0.204,5.74,4.17,0.0376,0.771,0.614,41.0,31.0,92,29,600,4.8,19.8,8.8,8.3,7.8,9.0,7.1,9.1,7.3,9.9,6.8,17.3,7.3,11.1,134.0,0,0,0,0,0,0
49.0,51.0,47.0,45.2,44.0,46.4,51.7,52.0,51.4,19.5,19.4,19.6,0.706,8.7,0.223,8.15,7.18,10.8,0.203,5.81,4.25,0.0377,0.774,0.62,40.6,31.0,92,30,600,4.8,18.5,9.0,8.2,8.3,8.4,9.0,8.4,6.1,9.3,7.9,16.9,6.7,11.4,133.0,0,0,0,0,0,0
53.8,52.4,55.2,48.2,49.6,46.8,53.8,52.4,55.2,21.8,22.0,21.6,0.747,9.16,0.232,8.39,7.6,11.2,0.214,6.03,4.45,0.0359,0.787,0.654,40.5,31.0,86,28,600,5.5,18.6,7.0,7.5,8.4,7.8,9.6,7.1,6.8,8.5,9.3,14.6,5.6,11.7,128.0,0,0,0,0,0,0
52.4,51.6,53.2,47.1,46.0,48.2,53.4,52.6,54.2,20.2,20.6,19.8,0.792,9.64,0.243,8.95,7.99,11.8,0.229,6.36,4.7,0.0367,0.8,0.69,40.4,31.0,89,30,600,6.3,18.9,6.6,8.1,8.1,8.3,8.9,7.4,7.4,9.2,8.1,15.0,5.3,12.4,130.0,0,0,0,0,0,0
54.0,53.2,54.8,38.6,38.2,39.0,52.6,51.0,54.2,20.1,20.0,20.2,0.845,10.1,0.258,9.52,8.47,12.4,0.244,6.74,5.01,0.0367,0.82,0.73,40.4,31.0,90,29,600,5.1,17.3,9.0,7.9,9.4,8.9,8.0,6.9,8.3,9.2,7.7,17.5,5.7,12.2,133.0,0,0,0,0,0,0
66.1,65.2,67.0,52.5,52.8,52.2,63.0,63.8,62.2,21.2,22.6,19.8,0.795,9.37,0.248,8.42,7.73,11.7,0.232,5.99,4.44,0.037,0.791,0.633,79.9,62.0,240,100,800,43.6,21.1,11.8,9.3,7.9,8.5,8.3,11.4,9.4,10.3,11.4,20.0,6.2,15.3,195.0,0,0,0,0,0,0
61.6,61.4,61.8,51.5,51.8,51.2,60.9,59.2,62.6,21.2,23.0,19.4,0.823,9.48,0.253,8.43,7.87,12.0,0.236,6.02,4.6,0.0369,0.796,0.644,73.2,56.0,220,61,800,21.6,21.5,10.9,10.2,10.7,11.4,10.5,10.9,11.2,12.1,11.4,25.0,8.4,18.2,194.0,0,0,0,0,0,0
61.7,61.8,61.6,50.1,47.6,52.6,61.2,60.2,62.2,19.5,17.6,21.4,0.839,9.67,0.254,8.58,7.94,12.2,0.237,6.09,4.7,0.0369,0.799,0.654,69.4,52.0,110,38,800,8.9,19.8,9.6,10.5,11.7,10.8,11.5,10.5,11.6,11.4,11.7,23.8,9.0,16.7,178.0,0,0,0,0,0,0
63.2,64.0,62.4,53.6,55.0,52.2,59.8,58.6,61.0,20.3,21.6,19.0,0.843,9.78,0.263,8.72,8.05,12.3,0.241,6.3,4.68,0.0368,0.341,0.657,66.0,49.0,110,39,800,8.9,21.1,10.2,10.7,11.3,9.2,11.0,10.6,9.9,10.0,11.4,22.0,7.9,16.4,171.0,0,0,0,0,0,0
59.9,59.6,60.2,52.4,52.6,52.2,59.9,61.0,58.8,21.4,18.2,24.6,0.875,9.96,0.27,8.78,8.23,12.5,0.249,6.38,4.84,0.0367,0.35,0.675,63.4,47.0,100,35,800,8.4,21.7,10.8,11.8,12.5,9.8,11.5,11.4,10.1,9.3,9.3,23.0,7.1,17.2,174.0,0,0,0,0,0,0
65.8,66.0,65.6,52.6,50.8,54.4,60.4,59.8,61.0,21.2,19.6,22.8,0.906,10.0,0.277,8.75,8.29,12.7,0.255,6.36,4.94,0.0368,0.349,0.681,66.7,49.0,210,47,800,7.7,18.6,10.2,11.5,12.0,10.0,11.8,11.0,12.2,11.7,10.0,23.2,8.1,15.1,173.0,0,0,0,0,0,0
62.1,62.8,61.4,51.6,50.0,53.2,57.5,58.2,56.8,20.7,19.8,21.6,0.933,10.1,0.276,9.01,8.36,13.0,0.263,6.43,4.99,0.0367,0.363,0.694,65.3,48.0,210,53,800,8.5,19.7,12.0,10.6,10.7,9.9,11.3,11.2,11.9,12.2,9.9,24.3,9.6,13.4,175.0,0,0,0,0,0,0
62.2,62.4,62.0,53.8,54.6,53.0,59.3,59.8,58.8,20.0,16.8,23.2,0.93,10.2,0.275,8.95,8.55,13.3,0.274,6.51,5.08,0.0375,0.362,0.69,64.1,47.0,120,41,800,8.3,22.5,10.9,10.3,11.0,9.3,10.4,12.5,11.0,11.0,9.9,23.5,8.8,14.5,174.0,0,0,0,0,0,0
61.4,62.8,60.0,51.3,49.8,52.8,57.5,57.4,57.6,21.4,19.2,23.6,0.926,10.4,0.286,9.1,8.5,13.4,0.27,6.59,5.17,0.0356,0.364,0.706,63.2,47.0,120,41,800,7.3,25.8,10.1,10.5,11.9,10.4,10.7,11.1,11.8,10.4,10.5,21.5,7.5,14.6,174.0,0,0,0,0,0,0
62.9,61.6,64.2,54.5,55.0,54.0,57.9,58.6,57.2,20.6,21.2,20.0,0.917,10.4,0.285,9.16,8.72,13.5,0.276,6.65,5.22,0.0354,0.363,0.719,61.9,46.0,110,40,800,8.0,25.3,10.8,11.4,10.8,10.8,11.4,10.8,11.4,8.4,10.8,21.1,7.1,14.1,172.0,0,0,0,0,0,0
62.4,60.8,64.0,55.6,55.2,56.0,60.9,59.8,62.0,21.4,19.4,23.4,0.956,10.5,0.291,9.34,8.81,13.9,0.289,6.79,5.22,0.0364,0.376,0.726,61.2,45.0,110,37,800,8.7,21.9,10.5,12.4,10.3,11.2,10.3,10.4,10.4,8.8,11.0,22.2,6.7,13.5,168.0,0,0,0,0,0,0
65.5,65.2,65.8,52.6,50.6,54.6,70.7,72.0,69.4,21.0,20.6,21.4,0.974,10.6,0.295,9.31,8.94,14.2,0.291,6.86,5.44,0.0364,0.831,0.74,60.8,45.0,130,44,800,9.0,23.6,10.8,10.8,10.9,13.7,9.6,10.0,12.2,9.8,11.7,22.6,8.1,13.7,177.0,0,0,0,0,0,0
61.5,62.4,60.6,54.9,54.2,55.6,61.2,61.2,61.2,20.3,21.0,19.6,0.971,10.8,0.297,9.35,9.01,14.4,0.292,6.87,5.47,0.0373,0.824,0.741,60.3,45.0,130,45,800,8.6,25.0,9.6,10.0,10.9,12.2,10.8,11.1,12.2,10.1,11.4,21.9,8.6,16.6,179.0,0,0,0,0,0,0
61.6,63.6,59.6,55.2,53.6,56.8,57.5,57.6,57.4,20.3,19.6,21.0,1.0,11.1,0.306,9.59,9.41,14.7,0.298,7.02,5.61,0.0365,0.836,0.769,59.7,45.0,120,40,800,7.5,22.1,8.9,10.7,10.6,9.9,13.0,10.4,11.3,11.2,12.1,22.5,7.6,17.0,175.0,0,0,0,0,0,0
64.9,65.0,64.8,55.7,54.8,56.6,59.5,58.0,61.0,21.5,20.4,22.6,1.06,11.7,0.32,10.2,9.93,15.5,0.317,7.54,5.91,0.0373,0.854,0.803,59.6,45.0,110,44,800,7.4,20.0,10.6,10.0,10.3,10.1,11.8,9.2,11.0,11.2,11.5,20.5,6.8,15.4,166.0,0,0,0,0,0,0
62.6,59.4,65.8,54.2,52.0,56.4,59.5,57.4,61.6,21.2,20.6,21.8,1.12,12.3,0.334,10.8,10.5,16.5,0.332,7.95,6.25,0.0353,0.875,0.861,59.2,45.0,120,45,800,7.9,20.7,11.6,10.8,11.2,10.3,10.7,11.1,8.8,10.8,9.7,20.7,7.5,17.1,169.0,0,0,0,0,0,0
69.7,67.4,72.0,57.3,56.8,57.8,61.1,60.4,61.8,20.8,18.6,23.0,0.978,11.2,0.295,9.53,9.15,15.2,0.288,6.96,5.56,0.0359,0.826,0.739,168.0,120.0,610,250,1000,29.2,26.0,14.1,11.6,12.6,11.8,13.3,10.9,13.5,10.5,12.7,25.0,8.8,14.7,215.0,0,0,0,0,0,0
69.6,67.4,71.8,56.0,55.8,56.2,65.0,65.6,64.4,20.6,16.4,24.8,0.964,11.3,0.296,9.4,9.16,15.1,0.288,6.89,5.71,0.0361,0.821,0.742,158.0,110.0,610,190,1000,19.6,24.4,13.9,12.6,12.7,12.2,14.4,14.8,12.8,12.0,12.8,27.5,8.9,17.3,216.0,0,0,0,0,0,0
69.6,70.0,69.2,59.5,60.2,58.8,64.0,64.6,63.4,21.3,18.4,24.2,0.98,11.1,0.305,9.57,9.21,15.2,0.279,6.98,5.68,0.036,0.83,0.766,149.0,110.0,220,85,1000,13.9,27.2,12.9,11.4,13.0,13.8,13.1,15.5,13.5,13.7,12.6,26.6,8.5,20.0,216.0,0,0,0,0,0,0
69.0,70.4,67.6,57.8,56.2,59.4,64.2,64.0,64.4,21.8,21.8,21.8,0.998,11.2,0.301,9.59,9.38,15.4,0.284,6.96,5.74,0.0359,0.829,0.753,140.0,100.0,210,71,1000,10.3,30.0,13.5,11.6,12.7,14.7,12.1,14.1,12.8,14.0,13.8,27.9,9.3,19.6,216.0,0,0,0,0,0,0
69.6,71.6,67.6,55.8,55.8,55.8,62.7,64.2,61.2,20.4,21.8,19.0,1.03,11.5,0.307,9.71,9.43,15.8,0.294,6.97,5.91,0.037,0.837,0.757,144.0,110.0,310,110,1000,9.3,28.2,14.0,13.7,12.6,14.6,13.0,14.0,12.9,13.3,13.7,28.7,10.0,18.7,217.0,0,0,0,0,0,0
71.9,71.4,72.4,57.6,57.4,57.8,61.2,60.2,62.2,21.1,18.0,24.2,1.01,11.4,0.311,9.68,9.37,16.0,0.286,6.98,6.01,0.0361,0.831,0.764,146.0,110.0,360,150,1000,8.9,28.3,13.5,13.8,12.6,14.0,13.6,14.2,14.1,13.1,13.5,27.9,9.1,19.3,216.0,0,0,0,0,0,0
67.5,68.6,66.4,59.5,60.6,58.4,62.9,64.0,61.8,20.9,20.0,21.8,1.03,11.6,0.312,9.71,9.52,16.0,0.291,7.0,5.99,0.0362,0.388,0.778,145.0,110.0,320,130,1000,8.4,29.5,13.3,13.7,12.8,13.4,12.6,13.5,13.2,12.3,12.9,27.7,9.6,18.5,211.0,0,0,0,0,0,0
70.3,70.6,70.0,55.9,54.4,57.4,64.3,65.2,63.4,20.8,21.0,20.6,1.05,11.6,0.314,9.79,9.56,16.2,0.287,7.24,6.18,0.0351,0.391,0.789,139.0,100.0,240,89,1000,8.1,28.5,12.9,15.0,12.9,13.1,13.5,13.9,12.2,11.4,13.6,28.3,9.8,18.2,211.0,0,0,0,0,0,0
71.6,69.8,73.4,57.5,57.0,58.0,59.3,57.6,61.0,20.7,18.4,23.0,1.02,11.7,0.314,9.95,9.42,16.7,0.294,7.23,6.22,0.036,0.394,0.791,144.0,110.0,420,94,1000,8.3,29.3,12.0,15.0,13.4,13.8,13.0,13.3,13.9,14.0,13.6,28.9,9.0,17.7,215.0,0,0,0,0,0,0
68.5,68.2,68.8,55.7,54.8,56.6,63.6,62.8,64.4,22.4,24.6,20.2,1.03,11.6,0.317,9.92,9.59,16.9,0.295,7.03,6.31,0.0349,0.402,0.802,140.0,110.0,420,110,1000,7.7,30.1,10.8,12.8,14.8,13.2,11.1,12.8,14.2,16.0,12.8,27.7,8.0,19.4,211.0,0,0,0,0,0,0
69.8,72.2,67.4,57.1,56.0,58.2,74.2,73.8,74.6,20.9,23.6,18.2,1.06,11.6,0.322,9.95,9.59,17.0,0.303,7.29,6.49,0.0369,0.786,0.815,141.0,110.0,300,100,1000,6.8,30.0,11.6,14.5,14.6,13.6,10.3,14.2,14.0,14.9,14.0,29.0,8.4,19.2,215.0,0,0,0,0,0,0
69.3,69.0,69.6,54.8,55.0,54.6,66.0,65.4,66.6,21.0,19.8,22.2,1.07,11.9,0.328,10.1,9.93,17.3,0.304,7.27,6.54,0.0351,0.858,0.834,139.0,100.0,320,100,1000,8.9,27.1,14.9,17.8,13.2,13.1,10.6,14.5,14.2,14.2,13.5,31.3,10.9,15.6,220.0,0,0,0,0,0,0
69.8,67.2,72.4,56.4,54.0,58.8,63.5,62.8,64.2,21.9,22.2,21.6,1.14,12.5,0.351,10.7,10.5,18.4,0.325,7.86,6.91,0.0369,0.878,0.895,142.0,110.0,340,130,1000,9.4,26.2,14.4,16.7,12.6,12.6,12.1,13.7,13.4,14.1,11.4,29.5,9.4,17.0,213.0,0,0,0,0,0,0
70.5,69.8,71.2,53.4,53.6,53.2,63.0,63.8,62.2,20.7,18.2,23.2,1.23,13.2,0.37,11.4,10.9,19.2,0.341,8.26,7.33,0.0359,0.901,0.949,142.0,110.0,400,140,1000,8.0,28.8,13.2,15.6,12.8,13.6,14.8,13.5,11.6,13.0,12.0,28.8,8.8,18.1,213.0,0,0,0,0,0,0
50.4,50.2,50.6,49.9,50.6,49.2,56.7,56.8,56.6,19.8,20.0,19.6,0.535,6.98,0.172,6.0,6.03,8.11,0.156,4.52,3.24,0.0378,0.246,0.454,50.4,35.0,160,44,600,46.1,12.5,7.3,8.3,7.7,6.1,7.3,7.7,7.6,7.9,7.5,16.3,4.4,10.6,157.0,0,0,0,0,0,0
49.7,51.2,48.2,47.0,46.6,47.4,52.7,51.8,53.6,21.3,19.2,23.4,0.547,7.1,0.178,6.15,6.11,8.33,0.157,4.58,3.25,0.036,0.247,0.477,47.1,33.0,140,29,600,24.1,15.5,8.9,9.8,7.7,7.5,9.4,7.8,9.0,8.4,7.8,17.6,5.1,10.9,150.0,0,0,0,0,0,0
50.8,48.6,53.0,50.5,50.4,50.6,49.0,50.6,47.4,19.5,18.6,20.4,0.568,7.2,0.182,6.24,6.27,8.49,0.161,4.63,3.33,0.037,0.259,0.485,44.9,31.0,80,27,600,5.0,16.1,9.7,7.9,7.5,9.1,9.0,7.5,8.8,8.8,7.2,17.5,5.8,11.2,131.0,0,0,0,0,0,0
51.2,52.0,50.4,48.7,48.8,48.6,53.4,54.0,52.8,21.1,23.4,18.8,0.594,7.43,0.189,6.56,6.25,8.49,0.172,4.71,3.45,0.0371,0.261,0.502,44.1,32.0,86,28,600,5.8,17.1,7.9,6.7,8.7,9.6,7.6,8.0,7.9,8.2,8.4,16.7,5.9,11.7,130.0,0,0,0,0,0,0
52.3,53.2,51.4,48.2,48.6,47.8,53.2,51.6,54.8,19.4,22.0,16.8,0.603,7.67,0.191,6.72,6.48,8.92,0.173,4.89,3.52,0.037,0.269,0.502,43.6,32.0,90,32,600,6.4,17.2,8.3,6.4,8.7,8.9,8.2,8.1,8.3,8.8,8.0,16.9,6.1,11.4,132.0,0,0,0,0,0,0
51.8,48.6,55.0,46.9,43.4,50.4,51.1,50.8,51.4,19.5,17.2,21.8,0.619,7.74,0.2,6.81,6.55,9.05,0.18,4.96,3.64,0.0369,0.272,0.514,42.8,31.0,88,29,600,5.6,18.7,9.2,6.8,8.0,8.2,8.3,8.2,7.2,9.5,7.6,16.2,5.2,13.0,132.0,0,0,0,0,0,0
50.8,50.2,51.4,45.6,46.2,45.0,60.8,60.0,61.6,22.0,21.4,22.6,0.641,7.81,0.201,6.97,6.62,9.34,0.181,5.1,3.67,0.037,0.275,0.524,42.7,31.0,95,29,600,5.7,18.9,8.8,8.5,7.4,8.2,8.8,6.9,6.8,9.2,8.0,16.1,4.7,12.4,130.0,0,0,0,0,0,0
51.3,51.2,51.4,46.4,45.0,47.8,53.9,55.0,52.8,19.3,19.6,19.0,0.645,8.05,0.202,7.26,6.69,9.34,0.182,5.1,3.72,0.037,0.698,0.534,42.4,31.0,93,30,600,6.2,16.5,8.0,9.3,6.9,7.7,9.1,6.7,8.5,9.2,8.4,16.1,5.7,11.8,130.0,0,0,0,0,0,0
52.1,51.8,52.4,47.1,49.2,45.0,52.8,52.6,53.0,20.1,20.2,20.0,0.65,8.17,0.205,7.2,6.83,9.59,0.189,5.29,3.83,0.037,0.698,0.545,42.1,31.0,90,31,600,5.4,16.9,8.4,9.5,6.8,7.4,8.3,6.9,8.6,8.9,8.0,15.9,6.1,12.0,129.0,0,0,0,0,0,0
52.0,53.4,50.6,45.3,47.0,43.6,50.3,50.0,50.6,20.0,16.4,23.6,0.679,8.2,0.213,7.41,6.97,9.85,0.195,5.47,3.99,0.037,0.704,0.56,41.7,31.0,91,28,600,5.5,17.2,9.6,8.6,7.3,9.1,8.2,7.1,7.3,8.5,7.3,16.7,5.5,10.4,128.0,0,0,0,0,0,0
51.8,51.4,52.2,44.4,44.6,44.2,51.3,51.2,51.4,20.0,17.0,23.0,0.671,8.36,0.213,7.57,7.01,9.97,0.193,5.45,4.04,0.0361,0.708,0.561,41.3,31.0,86,27,600,5.7,16.0,9.0,8.1,7.9,8.1,8.0,8.7,9.4,8.2,7.6,17.1,5.7,9.5,129.0,0,0,0,0,0,0
53.3,52.6,54.0,46.1,44.8,47.4,52.9,53.2,52.6,19.9,23.4,16.4,0.68,8.49,0.218,7.66,7.0,10.3,0.195,5.47,4.11,0.0381,0.708,0.568,41.1,31.0,82,29,600,5.3,18.3,8.6,8.2,8.4,6.9,8.8,9.6,9.3,7.6,7.0,16.7,5.8,11.9,132.0,0,0,0,0,0,0
50.7,51.0,50.4,45.9,45.4,46.4,51.7,50.4,53.0,19.5,20.8,18.2,0.709,8.63,0.218,7.8,7.18,10.3,0.2,5.72,4.16,0.0371,0.719,0.572,41.1,31.0,90,32,600,6.0,20.0,8.6,8.6,8.5,7.9,8.7,7.4,7.7,7.7,7.2,15.6,5.0,13.5,132.0,0,0,0,0,0,0
50.2,48.6,51.8,45.3,44.4,46.2,48.6,49.0,48.2,19.4,17.8,21.0,0.712,8.75,0.214,7.96,7.21,10.5,0.196,5.71,4.23,0.0379,0.72,0.579,41.0,31.0,91,31,600,6.0,17.9,7.4,8.7,7.9,8.1,7.8,5.6,7.9,9.1,8.7,15.1,4.8,11.3,126.0,0,0,0,0,0,0
54.7,52.2,57.2,47.4,47.4,47.4,54.6,54.0,55.2,21.6,23.2,20.0,0.718,9.05,0.224,8.28,7.59,11.1,0.207,5.92,4.41,0.0361,0.732,0.623,41.0,31.0,92,31,600,5.6,15.8,8.6,7.9,7.3,8.2,6.7,8.4,7.3,9.2,8.6,15.8,4.4,11.1,125.0,0,0,0,0,0,0
49.9,50.0,49.8,47.5,46.8,48.2,51.1,51.2,51.0,19.4,19.4,19.4,0.77,9.57,0.243,8.72,8.03,11.7,0.219,6.27,4.64,0.0362,0.749,0.658,40.8,31.0,89,29,600,6.5,17.2,10.3,8.4,7.2,7.9,6.5,9.0,8.7,9.6,8.5,17.4,5.3,10.9,133.0,0,0,0,0,0,0
52.7,54.4,51.0,41.8,39.2,44.4,53.4,50.4,56.4,19.8,20.2,19.4,0.834,10.0,0.251,9.24,8.44,12.4,0.234,6.62,4.9,0.037,0.763,0.692,40.8,31.0,95,28,600,5.8,18.5,8.4,9.0,7.2,8.4,8.7,8.1,9.2,10.0,8.0,18.5,6.8,7.9,135.0,0,0,0,0,0,0
62.9,64.0,61.8,51.2,50.6,51.8,62.1,62.0,62.2,20.4,17.4,23.4,0.715,9.27,0.224,8.42,7.38,11.5,0.205,5.9,4.42,0.037,0.734,0.605,77.1,60.0,230,89,800,46.6,21.5,9.7,10.7,8.7,9.5,8.7,10.1,8.0,8.7,10.3,20.2,6.4,14.3,193.0,0,0,0,0,0,0
61.5,62.8,60.2,51.2,52.2,50.2,59.2,56.8,61.6,20.4,23.6,17.2,0.735,9.4,0.224,8.57,7.41,11.7,0.206,5.96,4.46,0.038,0.736,0.625,72.2,56.0,200,65,800,27.3,24.6,9.2,10.3,9.5,9.7,12.0,11.2,10.4,11.5,13.7,23.2,8.7,16.9,198.0,0,0,0,0,0,0
60.2,61.4,59.0,51.6,52.0,51.2,58.0,56.6,59.4,20.1,21.6,18.6,0.742,9.59,0.229,8.63,7.61,11.8,0.212,5.98,4.58,0.038,0.745,0.628,69.6,54.0,130,44,800,8.7,24.0,9.0,9.2,10.5,10.8,12.3,12.2,11.7,10.3,13.8,23.7,8.4,16.2,181.0,0,0,0,0,0,0
60.6,60.4,60.8,53.8,53.6,54.0,62.2,61.4,63.0,20.6,19.6,21.6,0.743,9.56,0.235,8.6,7.62,12.1,0.219,6.09,4.67,0.0361,0.333,0.639,67.2,52.0,130,43,800,7.3,24.6,9.1,9.1,11.5,12.2,10.7,12.4,10.3,9.9,11.2,21.4,7.1,14.2,171.0,0,0,0,0,0,0
59.8,58.2,61.4,51.8,53.4,50.2,59.8,58.8,60.8,20.1,19.6,20.6,0.765,9.59,0.242,8.98,7.79,12.2,0.223,6.17,4.77,0.037,0.338,0.643,64.2,49.0,110,37,800,7.4,22.0,9.8,9.6,12.7,11.4,10.1,12.4,11.9,10.6,11.0,21.2,7.2,13.5,171.0,0,0,0,0,0,0
63.4,63.2,63.6,54.2,55.0,53.4,60.0,60.4,59.6,20.5,17.8,23.2,0.775,9.72,0.242,8.94,7.81,12.5,0.226,6.24,4.72,0.038,0.341,0.658,62.7,49.0,100,40,800,7.7,21.6,11.5,11.2,11.2,10.4,11.4,12.1,11.6,10.6,10.0,22.4,8.0,13.8,174.0,0,0,0,0,0,0
58.8,61.2,56.4,53.2,53.8,52.6,59.1,57.6,60.6,19.7,17.2,22.2,0.799,9.92,0.25,9.05,7.93,12.6,0.233,6.37,4.82,0.0378,0.346,0.664,61.6,47.0,110,41,800,8.0,24.1,13.0,11.5,10.1,10.5,11.6,11.3,10.4,10.8,8.9,23.7,8.2,15.0,177.0,0,0,0,0,0,0
64.1,64.0,64.2,55.3,56.2,54.4,60.3,59.4,61.2,20.7,17.4,24.0,0.83,10.0,0.258,9.23,8.08,12.8,0.238,6.52,4.91,0.0359,0.358,0.681,60.1,46.0,110,38,800,6.5,22.8,12.4,11.0,11.7,10.6,10.5,10.7,11.3,10.7,11.3,22.2,7.5,14.9,174.0,0,0,0,0,0,0
61.8,60.8,62.8,52.8,52.4,53.2,59.6,60.0,59.2,20.4,18.2,22.6,0.835,10.2,0.264,9.36,8.01,13.3,0.245,6.51,5.17,0.036,0.358,0.692,59.2,46.0,100,39,800,6.1,21.1,12.8,10.7,11.7,10.7,10.8,10.3,11.5,12.4,11.8,22.8,7.9,14.0,175.0,0,0,0,0,0,0
61.0,59.0,63.0,51.8,50.4,53.2,61.0,62.6,59.4,21.4,20.2,22.6,0.881,10.4,0.272,9.55,8.23,13.5,0.253,6.72,5.16,0.0361,0.369,0.706,58.7,45.0,120,40,800,6.7,20.3,12.1,10.2,11.4,12.2,11.0,11.3,10.9,11.4,12.4,25.0,8.6,15.3,179.0,0,0,0,0,0,0
59.7,60.6,58.8,52.3,51.0,53.6,57.8,57.2,58.4,19.2,18.2,20.2,0.893,10.5,0.275,9.53,8.33,13.6,0.258,6.79,5.22,0.0379,0.367,0.694,58.0,45.0,120,38,800,7.0,20.9,11.0,9.3,11.6,13.2,12.2,11.5,10.4,9.9,12.2,22.0,7.2,14.9,173.0,0,0,0,0,0,0
62.5,61.2,63.8,52.4,53.6,51.2,61.9,60.0,63.8,22.0,20.6,23.4,0.901,10.5,0.27,9.79,8.39,13.9,0.268,6.89,5.36,0.0378,0.368,0.708,57.5,44.0,120,40,800,6.8,20.0,11.6,9.3,10.0,11.7,12.2,11.0,10.6,10.7,10.6,20.9,6.5,14.7,167.0,0,0,0,0,0,0
63.2,62.8,63.6,54.4,54.6,54.2,69.1,68.8,69.4,20.1,21.8,18.4,0.888,10.8,0.275,9.74,8.52,14.0,0.266,6.91,5.45,0.0369,0.851,0.72,58.1,45.0,150,46,800,6.4,20.9,12.0,12.3,9.9,11.8,10.6,10.0,11.6,10.1,10.8,23.1,7.2,15.9,173.0,0,0,0,0,0,0
62.1,62.4,61.8,52.2,52.8,51.6,62.6,62.6,62.6,20.9,19.4,22.4,0.934,11.0,0.284,10.1,8.76,14.7,0.278,7.06,5.55,0.0368,0.859,0.747,57.6,45.0,150,45,800,7.8,21.2,11.9,12.6,12.1,12.3,10.1,10.1,12.2,10.7,11.8,25.5,6.8,14.8,180.0,0,0,0,0,0,0
61.1,61.6,60.6,52.5,51.4,53.6,61.7,60.8,62.6,20.1,18.2,22.0,0.994,11.5,0.305,10.6,9.39,15.5,0.298,7.52,5.91,0.038,0.884,0.79,57.2,44.0,120,40,800,8.5,21.5,11.2,10.5,12.7,11.6,11.4,9.1,10.4,12.2,11.7,25.5,6.5,15.2,178.0,0,0,0,0,0,0
63.3,62.4,64.2,53.7,54.0,53.4,61.9,63.0,60.8,20.5,21.8,19.2,1.06,12.2,0.32,11.2,9.88,16.4,0.312,7.91,6.28,0.0371,0.903,0.839,57.1,44.0,130,42,800,8.1,23.4,11.2,10.5,11.6,10.5,12.2,7.4,9.7,11.9,11.0,22.9,7.6,17.6,176.0,0,0,0,0,0,0
70.4,70.6,70.2,56.0,56.6,55.4,66.3,66.8,65.8,20.8,19.4,22.2,0.963,11.3,0.282,9.84,9.07,15.3,0.274,6.93,5.78,0.0374,0.865,0.735,157.0,110.0,490,210,1000,21.4,27.3,13.3,12.7,13.4,13.0,12.4,12.7,12.5,12.2,11.8,27.9,9.1,19.6,219.0,0,0,0,0,0,0
69.5,68.8,70.2,55.6,55.0,56.2,60.2,60.2,60.2,20.6,21.2,20.0,0.945,11.5,0.287,9.95,9.18,15.5,0.271,7.06,5.8,0.0374,0.859,0.727,146.0,100.0,280,87,1000,12.9,30.3,14.5,12.2,13.8,13.2,13.9,13.5,11.2,12.2,13.9,27.7,10.4,19.9,220.0,0,0,0,0,0,0
70.4,70.4,70.4,53.5,54.6,52.4,63.7,64.8,62.6,22.6,21.0,24.2,0.97,11.4,0.291,9.93,9.21,15.5,0.276,7.12,5.85,0.0374,0.869,0.741,142.0,100.0,230,82,1000,7.4,29.8,14.7,12.7,13.9,11.7,15.4,12.1,12.1,11.7,14.5,27.0,9.3,20.5,213.0,0,0,0,0,0,0
69.5,70.8,68.2,58.8,60.0,57.6,60.4,61.2,59.6,20.7,22.6,18.8,0.969,11.5,0.297,9.79,9.16,15.8,0.283,7.01,5.98,0.0382,0.868,0.76,149.0,110.0,380,120,1000,9.4,27.1,13.8,13.1,13.5,11.6,14.3,11.3,15.7,11.8,14.1,27.1,9.1,18.7,211.0,0,0,0,0,0,0
70.3,70.2,70.4,57.8,56.1,59.5,64.8,65.4,64.2,21.2,22.8,19.6,0.987,11.6,0.302,9.95,9.34,16.1,0.285,7.12,6.03,0.0364,0.869,0.765,142.0,100.0,380,100,1000,11.2,26.4,13.3,12.5,12.2,13.8,13.4,13.5,14.9,13.9,12.9,28.7,10.8,18.0,216.0,0,0,0,0,0,0
67.9,66.8,69.0,55.7,54.7,56.7,62.1,61.8,62.4,20.8,23.4,18.2,1.02,11.7,0.304,9.81,9.24,15.9,0.283,7.11,5.99,0.0372,0.872,0.764,139.0,100.0,210,89,1000,9.7,27.9,13.7,14.2,13.7,14.6,13.7,14.3,14.5,14.1,11.9,28.2,10.5,17.4,218.0,0,0,0,0,0,0
70.7,71.4,70.0,56.7,57.2,56.2,65.3,64.0,66.6,20.5,20.6,20.4,1.03,11.6,0.316,10.0,9.29,16.3,0.295,7.12,6.07,0.0373,0.404,0.79,135.0,100.0,220,90,1000,9.0,29.7,13.7,15.4,14.9,14.6,13.2,12.5,16.5,13.1,12.2,27.4,10.2,15.8,218.0,0,0,0,0,0,0
69.5,68.6,70.4,57.0,58.4,55.6,62.7,62.8,62.6,20.5,18.6,22.4,1.06,11.7,0.325,9.93,9.55,16.6,0.297,7.07,6.24,0.0384,0.404,0.79,135.0,100.0,270,85,1000,9.4,28.1,14.0,11.5,13.4,14.6,15.3,12.7,15.2,12.2,13.7,28.3,9.8,16.8,215.0,0,0,0,0,0,0
72.9,73.0,72.8,56.1,56.6,55.6,62.0,62.8,61.2,21.1,17.8,24.4,1.07,11.9,0.326,9.95,9.57,16.5,0.302,7.1,6.25,0.0373,0.402,0.803,133.0,100.0,290,100,1000,8.4,26.5,14.5,13.1,12.4,14.3,16.1,13.4,12.8,11.3,13.9,28.9,10.1,16.0,212.0,0,0,0,0,0,0
67.2,67.4,67.0,59.8,59.6,60.0,74.9,76.6,73.2,21.5,22.8,20.2,1.06,11.9,0.329,9.96,9.69,16.6,0.308,7.38,6.29,0.0373,0.848,0.811,130.0,97.0,220,86,1000,8.8,29.1,13.6,16.0,13.7,13.5,14.4,13.9,12.2,12.4,13.9,29.3,10.3,16.2,217.0,0,0,0,0,0,0
68.9,67.6,70.2,56.4,57.4,55.4,64.9,66.6,63.2,20.9,22.8,19.0,1.07,11.9,0.333,9.94,9.92,17.0,0.312,7.34,6.49,0.0364,0.852,0.828,127.0,96.0,210,73,1000,9.6,29.7,12.6,15.9,14.5,15.1,13.6,12.8,13.9,13.1,12.8,28.2,9.2,16.7,218.0,0,0,0,0,0,0
70.5,69.6,71.4,55.7,54.4,57.0,63.0,63.4,62.6,21.1,20.2,22.0,1.15,12.5,0.351,10.4,10.5,18.1,0.331,7.75,6.85,0.0374,0.876,0.887,125.0,95.0,210,82,1000,9.1,28.1,12.8,15.3,12.5,15.7,13.1,13.1,13.6,12.5,11.4,26.0,8.2,16.8,208.0,0,0,0,0,0,0
70.4,71.4,69.4,53.9,53.2,54.6,63.7,62.4,65.0,20.9,22.6,19.2,1.2,13.4,0.366,11.3,11.0,19.2,0.347,8.31,7.23,0.0386,0.897,0.945,122.0,93.0,190,75,1000,10.5,28.9,12.5,12.4,13.6,14.7,16.0,14.4,11.9,12.3,14.0,25.0,8.5,17.3,212.0,0,0,0,0,0,0
66.2,65.4,67.0,31.4,28.2,34.6,63.3,62.8,63.8,20.3,18.0,22.6,1.27,14.0,0.382,11.7,11.7,20.4,0.367,8.71,7.75,0.0365,0.918,0.987,128.0,96.0,400,110,1000,9.8,30.3,12.3,12.4,15.5,14.0,15.0,14.6,12.1,11.9,14.7,26.0,8.7,16.7,214.0,0,0,0,0,0,0
51.4,50.6,52.2,47.5,45.6,49.4,53.1,52.2,54.0,20.1,19.4,20.8,0.57,6.92,0.175,6.15,5.8,8.01,0.153,4.47,3.17,0.0366,0.264,0.463,46.8,37.0,120,43,600,45.5,15.2,6.0,6.9,8.3,7.2,9.1,8.1,7.9,8.4,7.8,15.2,5.0,8.7,159.0,0,0,0,0,0,0
52.5,51.8,53.2,46.4,47.8,45.0,52.4,53.6,51.2,21.2,22.6,19.8,0.572,7.1,0.182,6.47,5.95,8.23,0.156,4.53,3.3,0.0377,0.27,0.469,44.3,35.0,100,31,600,23.0,16.4,7.8,8.3,8.9,9.6,8.5,9.6,7.1,10.5,8.7,18.2,5.5,9.4,152.0,0,0,0,0,0,0
52.9,53.8,52.0,44.7,45.0,44.4,52.9,53.6,52.2,20.8,23.8,17.8,0.582,7.38,0.182,6.59,6.11,8.44,0.163,4.6,3.37,0.0368,0.272,0.482,43.0,34.0,85,28,600,5.5,17.2,9.4,8.2,9.1,9.0,9.2,8.5,5.7,8.5,7.7,16.9,4.5,10.4,130.0,0,0,0,0,0,0
50.6,52.6,48.6,49.8,50.0,49.6,51.6,50.8,52.4,19.2,21.8,16.6,0.602,7.45,0.184,6.69,6.12,8.49,0.162,4.79,3.46,0.0366,0.28,0.496,42.3,32.0,86,28,600,6.6,17.8,8.5,7.8,9.6,9.3,8.7,7.5,7.3,7.6,8.5,17.3,5.4,11.1,133.0,0,0,0,0,0,0
53.1,53.0,53.2,47.5,48.0,47.0,53.8,54.8,52.8,21.8,23.0,20.6,0.609,7.62,0.189,6.92,6.3,8.97,0.168,4.89,3.48,0.0385,0.283,0.506,42.3,32.0,93,30,600,6.8,16.7,7.1,8.8,9.0,8.3,7.3,7.3,8.6,7.7,9.3,17.3,5.9,11.2,131.0,0,0,0,0,0,0
51.2,49.2,53.2,46.1,46.1,46.1,52.2,54.2,50.2,19.3,21.0,17.6,0.621,7.76,0.19,6.99,6.3,8.97,0.168,4.98,3.62,0.0368,0.287,0.513,41.5,32.0,92,28,600,6.5,16.0,7.3,9.2,9.8,7.4,8.7,8.2,9.3,7.5,9.1,16.7,5.3,10.7,132.0,0,0,0,0,0,0
52.7,52.0,53.4,46.0,44.5,47.5,55.1,53.4,56.8,21.2,20.0,22.4,0.626,7.95,0.19,7.22,6.56,9.19,0.171,5.1,3.65,0.0386,0.292,0.531,40.8,31.0,78,27,600,6.7,18.6,7.5,8.3,9.8,8.3,8.8,8.8,8.9,7.6,8.3,16.2,5.6,10.4,134.0,0,0,0,0,0,0
51.2,49.0,53.4,47.0,47.0,47.0,58.3,59.2,57.4,19.5,18.8,20.2,0.636,8.07,0.194,7.4,6.65,9.27,0.175,5.17,3.79,0.0377,0.296,0.535,40.3,31.0,78,27,600,6.0,20.4,8.2,7.7,8.2,9.1,8.2,8.1,7.7,6.9,7.8,16.3,5.3,11.3,131.0,0,0,0,0,0,0
53.6,54.2,53.0,45.9,44.2,47.6,59.8,58.6,61.0,21.1,22.4,19.8,0.661,8.21,0.199,7.48,6.78,9.68,0.181,5.3,3.85,0.0378,0.76,0.55,41.4,31.0,110,32,600,5.2,17.3,8.8,7.4,8.2,8.3,8.0,9.3,8.8,7.3,8.6,17.8,5.7,12.8,134.0,0,0,0,0,0,0
52.9,52.8,53.0,47.3,44.0,50.6,54.2,52.0,56.4,19.6,23.6,15.6,0.665,8.31,0.204,7.49,6.85,9.96,0.184,5.29,3.94,0.0368,0.763,0.557,41.5,31.0,120,35,600,5.8,16.0,7.7,7.2,7.8,8.8,8.4,10.6,8.6,9.0,8.4,18.7,6.6,12.9,137.0,0,0,0,0,0,0
54.9,56.2,53.6,45.8,45.8,45.8,54.4,52.4,56.4,19.7,16.0,23.4,0.675,8.53,0.209,7.71,7.01,10.1,0.187,5.51,4.01,0.0385,0.772,0.568,41.3,31.0,92,31,600,6.8,16.8,8.1,8.2,6.6,8.9,9.0,9.5,8.6,9.0,7.8,17.7,5.9,11.2,134.0,0,0,0,0,0,0
49.8,51.6,48.0,45.0,46.6,43.4,50.0,50.0,50.0,19.8,18.8,20.8,0.665,8.7,0.207,7.85,7.01,10.2,0.18,5.62,4.15,0.0384,0.772,0.571,40.9,31.0,80,28,600,6.4,18.1,9.2,8.4,7.8,8.9,9.0,8.3,8.3,8.0,8.9,15.8,5.5,12.1,135.0,0,0,0,0,0,0
51.5,52.2,50.8,45.4,43.0,47.8,52.4,51.0,53.8,21.0,21.6,20.4,0.68,8.68,0.208,8.0,7.17,10.6,0.187,5.64,4.21,0.0364,0.777,0.575,40.9,31.0,93,28,600,5.3,16.5,8.6,7.5,8.6,8.9,9.6,9.6,7.1,6.6,9.2,15.0,5.0,12.7,130.0,0,0,0,0,0,0
52.1,53.0,51.2,47.1,46.2,48.0,51.3,51.6,51.0,20.0,22.4,17.6,0.707,8.84,0.215,8.06,7.26,10.7,0.195,5.83,4.31,0.0374,0.78,0.597,40.6,31.0,96,28,600,5.3,15.2,7.9,8.1,7.9,8.1,9.7,10.4,9.2,6.2,8.9,15.2,4.9,10.6,128.0,0,0,0,0,0,0
51.8,53.0,50.6,44.2,46.2,42.2,51.6,51.8,51.4,20.4,20.8,20.0,0.732,9.03,0.223,8.34,7.62,11.1,0.207,5.98,4.44,0.0375,0.787,0.626,40.3,30.0,83,28,600,4.9,16.5,7.4,7.9,7.5,7.8,7.6,8.7,9.1,7.7,9.5,15.9,4.9,10.3,126.0,0,0,0,0,0,0
53.1,52.4,53.8,46.6,46.2,47.0,52.2,51.8,52.6,22.0,23.0,21.0,0.782,9.63,0.236,8.9,7.92,11.7,0.221,6.35,4.65,0.0376,0.803,0.663,40.2,30.0,87,29,600,4.8,18.0,7.8,8.0,8.1,7.7,7.1,8.1,7.8,8.7,8.9,16.6,5.1,10.9,128.0,0,0,0,0,0,0
53.1,53.6,52.6,40.3,42.0,38.6,56.0,54.8,57.2,20.0,19.8,20.2,0.833,10.1,0.249,9.28,8.37,12.3,0.233,6.68,4.9,0.0375,0.82,0.698,40.5,31.0,99,31,600,5.7,17.6,7.5,7.8,8.4,7.7,8.1,7.9,9.0,8.9,8.6,16.6,6.0,11.0,131.0,0,0,0,0,0,0
61.9,61.6,62.2,52.8,52.8,52.8,63.1,64.2,62.0,20.1,23.4,16.8,0.755,9.31,0.225,8.29,7.61,11.4,0.21,5.93,4.49,0.0365,0.788,0.62,80.2,64.0,240,94,800,46.7,21.4,8.6,10.4,10.2,10.4,9.5,8.9,11.3,9.6,7.7,21.4,7.3,12.8,196.0,0,0,0,0,0,0
63.0,61.4,64.6,52.4,51.0,53.8,59.9,59.4,60.4,20.4,18.8,22.0,0.767,9.48,0.232,8.3,7.76,11.7,0.212,6.09,4.5,0.0383,0.794,0.613,74.0,57.0,240,63,800,29.3,22.5,10.5,9.7,11.1,11.2,10.8,11.2,11.1,10.9,9.9,24.6,8.5,11.7,193.0,0,0,0,0,0,0
62.0,62.0,62.0,51.5,50.6,52.4,59.0,59.8,58.2,20.5,22.4,18.6,0.798,9.52,0.247,8.47,7.75,12.0,0.224,6.02,4.65,0.0373,0.795,0.633,70.8,55.0,110,44,800,12.3,22.4,11.9,9.5,12.9,9.8,13.0,10.7,10.1,10.1,11.1,24.9,7.9,14.5,181.0,0,0,0,0,0,0
65.1,65.2,65.0,53.5,51.6,55.4,57.1,55.6,58.6,21.0,23.8,18.2,0.822,9.68,0.252,8.47,7.78,12.2,0.232,6.1,4.6,0.0374,0.802,0.647,67.3,52.0,120,41,800,9.2,22.4,10.7,9.9,12.3,9.0,12.1,10.4,9.7,10.2,11.3,24.0,8.7,16.1,176.0,0,0,0,0,0,0
59.1,59.2,59.0,53.5,51.8,55.2,60.5,61.6,59.4,21.3,24.4,18.2,0.826,9.72,0.252,8.49,7.93,12.4,0.235,6.26,4.78,0.0374,0.342,0.646,65.8,51.0,130,38,800,7.5,22.5,10.2,10.8,12.3,10.3,10.4,12.2,11.7,11.8,10.5,25.4,9.4,14.3,179.0,0,0,0,0,0,0
64.6,63.8,65.4,52.3,53.6,51.0,60.0,61.0,59.0,21.0,22.0,20.0,0.842,9.81,0.255,8.66,8.17,12.4,0.241,6.29,4.86,0.0374,0.352,0.676,64.7,51.0,130,45,800,7.9,24.2,11.1,10.4,13.8,11.4,9.6,11.6,10.4,11.3,11.3,23.9,8.2,14.4,180.0,0,0,0,0,0,0
61.6,60.6,62.6,53.1,53.2,53.0,59.1,58.8,59.4,20.1,24.2,16.0,0.85,10.0,0.259,8.76,8.21,12.8,0.239,6.29,4.95,0.0366,0.346,0.665,62.7,49.0,110,41,800,8.1,22.3,10.9,11.2,12.2,9.7,9.2,11.0,9.6,10.0,12.2,21.9,7.5,16.1,172.0,0,0,0,0,0,0
59.0,57.2,60.8,51.8,51.8,51.8,55.8,54.6,57.0,20.3,22.8,17.8,0.877,10.1,0.266,8.89,8.43,13.0,0.252,6.42,4.98,0.0376,0.36,0.682,61.2,48.0,97,37,800,7.4,21.9,10.7,12.5,11.3,9.9,10.5,11.2,10.6,11.1,11.5,22.4,7.3,14.5,173.0,0,0,0,0,0,0
64.9,67.2,62.6,52.3,50.8,53.8,61.2,59.8,62.6,21.8,22.4,21.2,0.887,10.2,0.269,8.97,8.6,13.1,0.25,6.55,4.98,0.0376,0.355,0.7,60.5,48.0,110,41,800,8.3,22.7,11.7,10.9,11.1,11.8,11.3,12.5,9.4,10.7,10.5,20.8,6.7,12.8,171.0,0,0,0,0,0,0
62.3,60.4,64.2,54.4,54.4,54.4,61.0,61.6,60.4,19.5,19.0,20.0,0.886,10.3,0.278,9.16,8.77,13.5,0.253,6.59,5.19,0.0377,0.367,0.701,59.4,47.0,110,41,800,7.9,23.0,11.6,10.2,11.2,11.0,11.0,11.9,11.0,11.1,10.0,22.9,7.0,14.7,175.0,0,0,0,0,0,0
62.3,62.4,62.2,52.2,54.2,50.2,59.0,58.0,60.0,19.6,22.4,16.8,0.915,10.6,0.277,9.25,8.7,13.8,0.257,6.76,5.21,0.0366,0.372,0.705,59.0,47.0,110,41,800,7.9,23.5,9.5,11.4,11.2,11.9,10.6,9.3,12.4,12.5,10.0,24.2,7.7,16.3,178.0,0,0,0,0,0,0
63.4,62.4,64.4,52.2,51.0,53.4,60.7,60.2,61.2,21.8,25.8,17.8,0.921,10.5,0.287,9.27,9.03,13.9,0.259,6.69,5.42,0.0373,0.377,0.726,58.3,46.0,110,43,800,8.5,20.8,9.1,11.5,10.5,11.9,11.1,8.7,10.8,12.3,10.5,22.8,7.7,16.9,173.0,0,0,0,0,0,0
64.5,62.6,66.4,52.9,54.4,51.4,71.0,68.6,73.4,21.3,21.4,21.2,0.955,10.9,0.289,9.38,9.07,14.3,0.27,6.91,5.45,0.0382,0.729,0.735,58.7,47.0,120,49,800,8.5,19.6,11.1,11.3,11.8,10.3,12.2,9.5,10.9,10.9,11.1,23.6,8.2,16.6,176.0,0,0,0,0,0,0
63.1,62.2,64.0,53.0,51.2,54.8,55.6,53.0,58.2,19.3,19.6,19.0,0.96,11.0,0.298,9.43,9.47,14.6,0.274,6.98,5.55,0.0365,0.831,0.758,58.7,47.0,140,52,800,8.3,22.7,12.0,11.7,12.7,11.3,11.2,9.9,11.6,9.3,11.3,23.7,8.3,14.9,179.0,0,0,0,0,0,0
61.4,60.6,62.2,52.3,50.6,54.0,58.6,57.2,60.0,20.2,22.8,17.6,1.01,11.6,0.309,10.0,9.97,15.6,0.286,7.45,5.94,0.0364,0.844,0.805,57.9,46.0,130,39,800,7.7,24.3,11.3,12.4,12.2,12.4,10.8,9.8,9.8,8.6,10.6,20.7,6.4,12.6,170.0,0,0,0,0,0,0
63.5,63.8,63.2,54.6,55.4,53.8,58.7,60.6,56.8,20.6,20.8,20.4,1.08,12.2,0.327,10.6,10.5,16.3,0.305,7.87,6.24,0.0384,0.87,0.847,57.3,46.0,100,35,800,6.7,23.5,12.0,11.5,11.3,12.4,10.9,10.8,9.8,9.5,10.7,20.7,5.8,13.9,170.0,0,0,0,0,0,0
69.7,71.6,67.8,56.1,55.2,57.0,62.9,63.8,62.0,20.3,19.2,21.4,0.921,11.1,0.286,9.43,9.26,15.2,0.26,7.0,5.59,0.0376,0.814,0.731,153.0,110.0,500,230,1000,29.9,25.3,13.8,10.5,13.0,13.3,13.1,11.0,12.8,11.3,10.9,24.0,9.6,17.6,216.0,0,0,0,0,0,0
71.1,69.4,72.8,54.1,52.2,56.0,65.9,66.4,65.4,21.8,20.2,23.4,0.937,11.0,0.294,9.41,9.24,15.4,0.268,7.07,5.59,0.0374,0.826,0.742,143.0,100.0,480,150,1000,20.6,27.8,14.4,14.4,10.5,13.6,13.2,12.5,12.3,12.2,12.5,26.1,9.9,19.4,219.0,0,0,0,0,0,0
69.6,69.4,69.8,56.7,57.8,55.6,59.7,59.0,60.4,20.0,21.2,18.8,0.944,11.2,0.291,9.56,9.25,15.4,0.272,7.07,5.8,0.0374,0.828,0.753,142.0,100.0,270,93,1000,13.6,27.8,13.3,13.7,9.9,12.8,12.6,15.1,12.7,12.5,13.9,27.5,9.9,19.9,215.0,0,0,0,0,0,0
69.7,68.2,71.2,56.7,57.0,56.4,62.0,62.8,61.2,21.4,20.6,22.2,0.968,11.4,0.301,9.49,9.4,15.7,0.277,7.17,5.83,0.0374,0.833,0.746,135.0,100.0,290,95,1000,9.7,26.5,13.5,13.3,12.1,12.0,13.4,16.0,13.0,13.7,14.0,27.8,9.9,18.6,214.0,0,0,0,0,0,0
69.6,69.0,70.2,52.6,50.8,54.4,64.0,63.4,64.6,19.8,15.6,24.0,0.992,11.3,0.295,9.4,9.32,15.8,0.282,7.06,5.87,0.0381,0.832,0.756,130.0,96.0,220,73,1000,8.6,26.7,14.1,13.8,12.5,11.4,13.5,15.4,14.3,16.1,14.2,27.1,9.1,19.6,216.0,0,0,0,0,0,0
70.7,68.8,72.6,55.4,55.6,55.2,62.0,61.4,62.6,21.8,20.2,23.4,0.981,11.5,0.308,9.57,9.6,16.1,0.275,7.08,5.98,0.0383,0.831,0.771,134.0,98.0,360,94,1000,8.2,27.9,13.5,14.2,12.6,11.5,12.8,12.1,15.4,13.8,12.7,26.3,8.7,20.4,210.0,0,0,0,0,0,0
68.6,68.8,68.4,55.3,56.6,54.0,68.1,67.6,68.6,20.7,22.6,18.8,1.03,11.7,0.31,9.81,9.44,16.2,0.288,7.23,6.04,0.0375,0.833,0.765,132.0,97.0,390,110,1000,9.5,29.3,12.8,13.2,14.9,12.6,12.8,11.4,14.2,11.7,13.4,28.1,10.4,20.2,215.0,0,0,0,0,0,0
70.4,71.4,69.4,55.4,54.4,56.4,60.3,60.8,59.8,20.4,17.0,23.8,0.992,11.5,0.307,9.91,9.59,16.1,0.281,7.16,6.05,0.0365,0.485,0.778,139.0,100.0,460,110,1000,11.3,30.0,12.7,12.7,13.1,12.5,13.2,13.4,13.8,11.7,13.8,28.1,10.2,20.5,217.0,0,0,0,0,0,0
69.2,69.8,68.6,55.7,55.2,56.2,66.3,66.2,66.4,21.5,24.8,18.2,1.01,11.6,0.312,9.83,9.39,16.8,0.293,7.14,6.2,0.0384,0.392,0.798,140.0,100.0,540,130,1000,10.2,27.6,13.6,14.6,11.7,11.6,12.3,14.3,13.1,12.6,13.0,29.4,9.6,21.0,215.0,0,0,0,0,0,0
71.7,71.8,71.6,55.4,54.4,56.4,63.7,63.8,63.6,20.9,23.2,18.6,1.04,11.8,0.325,10.1,9.56,16.8,0.301,7.2,6.11,0.0384,0.408,0.79,137.0,98.0,330,80,1000,9.4,25.9,14.3,13.8,13.9,13.2,13.0,13.1,11.3,14.2,14.2,28.8,9.5,19.9,215.0,0,0,0,0,0,0
68.3,68.2,68.4,55.4,54.8,56.0,65.7,64.4,67.0,20.3,24.8,15.8,1.05,11.9,0.323,10.1,9.59,16.9,0.296,7.31,6.27,0.0365,0.4,0.813,134.0,98.0,200,85,1000,9.6,27.8,13.4,12.8,14.0,15.2,12.9,13.1,10.8,13.2,13.6,25.9,8.5,18.7,210.0,0,0,0,0,0,0
68.4,65.8,71.0,58.2,58.4,58.0,71.9,72.2,71.6,22.4,24.6,20.2,1.08,12.0,0.333,10.0,9.76,17.2,0.302,7.27,6.42,0.0383,0.863,0.83,133.0,98.0,220,97,1000,11.3,28.7,14.6,12.8,12.8,14.9,12.8,14.0,12.2,12.5,12.0,26.5,8.9,18.8,213.0,0,0,0,0,0,0
72.2,72.0,72.4,56.3,57.4,55.2,63.9,64.0,63.8,20.3,19.4,21.2,1.12,12.5,0.353,10.6,10.2,18.3,0.329,7.6,6.75,0.0374,0.879,0.865,135.0,100.0,330,120,1000,11.7,27.0,14.9,12.2,11.4,13.6,13.5,12.2,14.5,11.7,12.0,26.0,9.5,20.0,210.0,0,0,0,0,0,0
68.4,67.0,69.8,55.2,55.4,55.0,64.9,63.4,66.4,20.6,18.4,22.8,1.21,13.4,0.369,11.3,11.0,19.4,0.348,8.19,7.15,0.0384,0.907,0.927,133.0,99.0,310,110,1000,10.3,24.8,13.3,13.0,10.8,14.2,13.7,13.7,14.3,13.7,13.3,28.9,10.7,19.5,214.0,0,0,0,0,0,0
66.1,67.4,64.8,32.3,29.0,35.6,65.0,63.8,66.2,20.6,22.6,18.6,1.29,14.1,0.393,11.9,11.5,20.4,0.366,8.65,7.53,0.0374,0.924,0.968,133.0,100.0,240,96,1000,10.0,24.2,13.2,14.1,10.1,14.3,13.2,15.6,12.7,14.5,15.4,28.1,10.5,19.0,215.0,0,0,0,0,0,0
50.2,50.8,49.6,50.2,49.4,51.0,55.1,55.4,54.8,18.9,18.0,19.8,0.525,6.72,0.167,5.96,6.03,7.93,0.144,4.45,3.1,0.0379,0.25,0.451,46.2,37.0,120,42,600,45.6,16.3,7.7,7.5,8.2,8.2,7.4,7.7,7.0,6.1,7.8,14.4,4.4,12.5,161.0,0,0,0,0,0,0
53.2,53.0,53.4,48.1,44.8,51.4,49.3,48.4,50.2,20.6,20.6,20.6,0.523,6.9,0.165,6.14,6.14,8.14,0.144,4.49,3.2,0.037,0.254,0.468,45.7,36.0,120,33,600,23.0,19.6,7.3,7.1,9.6,6.7,8.4,10.2,8.6,8.1,8.9,17.5,4.4,13.1,153.0,0,0,0,0,0,0
55.0,52.6,57.4,49.2,48.0,50.4,50.9,48.2,53.6,20.2,19.6,20.8,0.524,7.12,0.173,6.18,6.37,8.39,0.145,4.52,3.26,0.0379,0.263,0.474,45.0,35.0,100,31,600,5.5,17.3,7.7,8.0,8.6,7.2,7.9,8.7,9.1,8.9,6.6,16.9,4.3,11.4,128.0,0,0,0,0,0,0
49.1,47.8,50.4,52.1,52.2,52.0,49.8,48.8,50.8,21.2,21.6,20.8,0.537,7.31,0.172,6.37,6.47,8.62,0.151,4.76,3.37,0.037,0.263,0.472,43.9,34.0,89,29,600,5.6,17.5,8.9,8.0,8.5,9.1,9.3,6.6,8.6,9.3,6.3,15.9,4.3,10.9,129.0,0,0,0,0,0,0
53.9,52.4,55.4,48.1,50.0,46.2,53.3,53.6,53.0,20.2,23.6,16.8,0.541,7.51,0.172,6.5,6.45,8.88,0.15,4.82,3.46,0.0362,0.27,0.498,43.5,33.0,92,30,600,5.7,18.2,7.8,7.8,8.8,8.1,9.0,7.3,8.3,8.1,7.1,16.1,4.4,13.1,130.0,0,0,0,0,0,0
53.6,54.4,52.8,49.6,48.4,50.8,50.5,51.4,49.6,20.2,22.4,18.0,0.542,7.49,0.179,6.69,6.54,9.01,0.154,4.89,3.57,0.0371,0.273,0.507,42.8,33.0,92,29,600,4.6,16.4,9.1,8.9,10.3,7.3,8.8,8.5,8.3,6.5,7.0,18.0,6.0,11.4,131.0,0,0,0,0,0,0
51.0,53.4,48.6,50.5,51.2,49.8,53.4,53.8,53.0,20.1,21.4,18.8,0.556,7.62,0.179,6.78,6.8,9.07,0.156,5.09,3.59,0.0373,0.275,0.509,42.2,32.0,88,28,600,4.6,15.9,9.1,8.2,10.7,8.0,8.6,8.1,8.1,8.4,9.3,19.6,6.2,9.9,135.0,0,0,0,0,0,0
54.4,54.4,54.4,50.9,50.8,51.0,53.8,53.6,54.0,21.3,20.6,22.0,0.575,7.8,0.187,6.81,6.93,9.47,0.161,5.16,3.76,0.0373,0.285,0.528,42.1,32.0,88,30,600,5.4,17.2,8.3,7.3,7.7,7.8,8.1,8.1,7.4,8.9,9.3,18.4,5.0,10.8,130.0,0,0,0,0,0,0
53.7,54.8,52.6,49.7,49.0,50.4,62.3,63.8,60.8,19.2,17.6,20.8,0.585,7.96,0.187,7.07,7.04,9.8,0.168,5.32,3.81,0.0373,0.775,0.549,43.2,33.0,130,35,600,5.6,18.5,8.4,8.3,7.7,8.3,8.6,8.3,7.6,8.4,8.3,18.7,5.7,11.8,134.0,0,0,0,0,0,0
52.3,49.0,55.6,48.0,46.0,50.0,54.0,53.4,54.6,20.2,19.6,20.8,0.609,8.15,0.195,7.29,7.06,9.96,0.172,5.41,3.95,0.0372,0.774,0.564,43.0,33.0,120,33,600,6.0,19.1,7.9,9.2,8.5,9.0,8.3,7.6,9.1,8.6,8.4,19.8,5.9,11.7,139.0,0,0,0,0,0,0
50.8,52.2,49.4,51.6,52.0,51.2,53.2,54.2,52.2,19.8,21.8,17.8,0.616,8.21,0.198,7.34,7.1,9.97,0.172,5.52,4.04,0.0373,0.78,0.575,42.8,32.0,96,29,600,6.1,17.8,7.6,7.9,7.4,8.9,7.8,8.7,7.7,8.7,9.3,17.5,5.6,11.5,133.0,0,0,0,0,0,0
51.3,50.8,51.8,49.0,49.2,48.8,52.1,52.6,51.6,20.7,21.2,20.2,0.637,8.43,0.2,7.56,7.17,10.4,0.178,5.65,4.12,0.0373,0.785,0.589,42.4,32.0,95,29,600,4.9,17.0,7.7,7.5,7.2,8.8,7.0,9.5,6.5,8.5,9.8,16.7,5.1,13.0,129.0,0,0,0,0,0,0
52.9,53.2,52.6,50.0,49.0,51.0,52.4,50.2,54.6,20.6,23.4,17.8,0.657,8.46,0.211,7.61,7.45,10.4,0.184,5.66,4.26,0.0373,0.786,0.596,42.1,32.0,91,29,600,5.2,17.4,8.1,8.9,7.9,8.5,7.9,9.0,7.0,8.2,8.6,16.2,5.0,11.2,129.0,0,0,0,0,0,0
53.8,53.2,54.4,48.9,48.0,49.8,51.4,52.8,50.0,20.6,18.4,22.8,0.671,8.71,0.212,7.74,7.49,10.7,0.19,5.86,4.27,0.0374,0.793,0.607,42.1,32.0,93,30,600,6.3,18.4,7.3,9.2,8.8,7.5,9.0,8.3,7.6,8.8,7.1,16.0,6.7,10.6,132.0,0,0,0,0,0,0
53.0,53.0,53.0,47.9,48.2,47.6,53.8,53.2,54.4,19.9,19.0,20.8,0.707,9.12,0.222,8.18,7.91,11.3,0.198,6.01,4.45,0.0383,0.802,0.638,42.1,32.0,97,33,600,7.0,18.3,7.4,8.7,9.1,7.2,9.6,8.4,8.3,7.9,7.1,17.3,6.2,10.9,133.0,0,0,0,0,0,0
52.1,50.8,53.4,44.2,42.8,45.6,54.0,52.2,55.8,21.3,22.0,20.6,0.759,9.45,0.235,8.6,8.3,12.0,0.212,6.43,4.74,0.0385,0.821,0.68,41.9,32.0,93,29,600,6.4,16.5,8.5,8.1,8.9,7.8,9.7,8.4,7.4,7.3,9.2,17.9,5.8,10.2,132.0,0,0,0,0,0,0
53.6,52.2,55.0,41.6,42.4,40.8,51.5,49.4,53.6,19.8,22.4,17.2,0.797,10.1,0.242,9.09,8.72,12.5,0.225,6.77,4.95,0.0376,0.833,0.721,41.8,32.0,91,28,600,6.9,16.8,8.2,8.0,10.1,8.3,7.7,8.3,6.9,9.0,9.0,17.3,5.8,10.3,133.0,0,0,0,0,0,0
64.3,64.2,64.4,53.0,54.8,51.2,60.9,60.8,61.0,20.9,20.6,21.2,0.757,9.16,0.233,8.23,7.71,11.4,0.21,6.0,4.5,0.0376,0.803,0.643,73.8,59.0,220,86,800,46.2,22.6,8.3,9.1,10.4,10.9,9.7,10.3,10.6,8.2,8.2,19.3,6.3,11.9,192.0,0,0,0,0,0,0
61.8,62.2,61.4,54.0,52.8,55.2,62.5,63.6,61.4,19.5,19.4,19.6,0.771,9.35,0.236,8.29,7.95,11.9,0.215,6.02,4.52,0.0385,0.807,0.647,69.6,55.0,200,59,800,29.0,23.1,10.4,9.9,11.9,11.5,10.7,10.5,11.8,10.7,11.6,24.1,8.2,15.3,199.0,0,0,0,0,0,0
61.7,61.4,62.0,51.8,49.4,54.2,58.7,59.0,58.4,20.8,19.8,21.8,0.782,9.55,0.247,8.58,7.94,12.2,0.218,6.1,4.73,0.0374,0.811,0.653,65.2,50.0,120,38,800,9.8,20.0,12.0,10.2,11.2,11.4,11.3,9.8,11.9,11.7,13.7,24.2,8.2,14.6,180.0,0,0,0,0,0,0
62.5,63.0,62.0,51.9,51.0,52.8,61.6,61.6,61.6,20.2,18.8,21.6,0.815,9.69,0.248,8.74,8.01,12.3,0.229,6.34,4.7,0.0373,0.811,0.663,62.9,49.0,100,36,800,8.3,21.8,12.5,9.1,11.3,11.6,11.8,9.9,11.6,11.1,11.4,23.4,8.5,14.1,176.0,0,0,0,0,0,0
61.4,62.4,60.4,53.6,54.6,52.6,57.0,58.4,55.6,21.9,21.8,22.0,0.822,9.8,0.254,8.8,8.11,12.3,0.234,6.29,4.77,0.0374,0.331,0.673,61.6,48.0,110,39,800,8.5,23.0,11.1,8.9,11.7,11.6,11.2,10.7,12.5,10.6,8.6,24.0,8.2,16.7,177.0,0,0,0,0,0,0
63.0,63.2,62.8,52.6,53.6,51.6,58.6,57.4,59.8,20.6,22.8,18.4,0.825,9.82,0.252,8.86,8.25,12.6,0.233,6.38,4.88,0.0364,0.34,0.676,60.4,47.0,120,39,800,7.1,24.5,10.9,10.6,10.6,11.4,10.8,11.1,12.1,11.3,8.9,21.9,7.0,15.5,174.0,0,0,0,0,0,0
61.2,60.4,62.0,52.7,53.6,51.8,60.6,61.0,60.2,21.1,25.2,17.0,0.852,10.0,0.259,8.94,8.28,12.9,0.24,6.49,4.97,0.0363,0.346,0.689,59.1,46.0,110,39,800,7.8,24.9,10.8,11.3,11.2,11.1,9.7,11.4,11.7,10.3,9.3,21.1,7.6,14.0,172.0,0,0,0,0,0,0
62.0,62.4,61.6,51.6,51.4,51.8,62.0,63.4,60.6,20.3,20.4,20.2,0.852,9.89,0.267,9.21,8.46,12.9,0.246,6.58,5.06,0.0374,0.348,0.696,58.0,45.0,110,38,800,9.1,22.1,10.3,11.2,11.7,11.0,10.0,11.4,11.6,11.7,10.4,23.4,7.8,14.9,177.0,0,0,0,0,0,0
57.6,59.6,55.6,51.0,51.8,50.2,59.5,58.0,61.0,22.3,26.2,18.4,0.857,10.2,0.265,9.21,8.39,13.3,0.247,6.62,5.13,0.0375,0.353,0.709,56.9,44.0,110,37,800,9.0,22.0,11.5,11.0,10.8,10.6,11.1,9.0,11.6,12.8,11.1,22.6,7.0,13.6,174.0,0,0,0,0,0,0
61.1,61.2,61.0,55.2,55.0,55.4,59.3,60.4,58.2,19.4,17.0,21.8,0.864,10.3,0.269,9.38,8.53,13.4,0.249,6.65,5.12,0.0375,0.356,0.715,56.4,44.0,110,37,800,7.7,23.2,11.1,11.5,10.6,10.4,11.2,9.7,11.3,11.6,10.9,21.5,6.9,13.3,171.0,0,0,0,0,0,0
64.2,63.0,65.4,53.4,53.6,53.2,62.4,63.6,61.2,20.9,18.2,23.6,0.885,10.3,0.274,9.35,8.61,13.6,0.258,6.88,5.24,0.0366,0.37,0.732,56.0,44.0,110,41,800,6.5,21.4,9.2,11.7,11.4,11.1,11.7,11.6,9.6,14.3,10.9,23.0,7.8,14.2,174.0,0,0,0,0,0,0
63.1,62.2,64.0,52.3,53.6,51.0,62.9,64.6,61.2,20.1,18.8,21.4,0.914,10.7,0.278,9.61,8.73,13.7,0.259,6.89,5.28,0.0364,0.369,0.737,56.5,44.0,150,44,800,7.7,20.4,10.1,10.0,12.4,11.3,11.4,11.2,10.8,13.9,10.4,23.4,8.5,14.1,176.0,0,0,0,0,0,0
64.7,64.4,65.0,54.4,52.8,56.0,73.0,73.4,72.6,20.5,20.4,20.6,0.939,10.6,0.286,9.81,8.84,14.0,0.263,6.93,5.43,0.0365,0.838,0.736,56.6,44.0,160,47,800,8.8,21.7,12.1,10.7,11.8,10.4,10.8,10.9,11.0,12.8,8.8,22.7,8.1,15.2,176.0,0,0,0,0,0,0
59.5,61.2,57.8,54.7,55.4,54.0,58.9,57.2,60.6,20.6,19.8,21.4,0.939,10.8,0.294,9.85,9.0,14.5,0.272,7.15,5.55,0.0375,0.846,0.776,56.1,44.0,120,44,800,7.9,21.6,11.7,10.4,12.5,11.0,10.9,10.5,9.9,13.6,10.4,23.7,6.8,16.3,177.0,0,0,0,0,0,0
62.7,60.6,64.8,50.5,50.4,50.6,61.2,60.4,62.0,20.9,18.4,23.4,1.01,11.6,0.311,10.5,9.65,15.5,0.288,7.54,5.97,0.0364,0.865,0.819,56.1,44.0,120,43,800,7.4,22.6,11.1,10.2,12.8,10.4,11.7,10.8,10.0,10.6,12.7,25.1,6.7,15.2,177.0,0,0,0,0,0,0
62.0,61.2,62.8,53.2,53.6,52.8,61.3,60.6,62.0,20.4,21.6,19.2,1.08,12.2,0.327,11.2,10.1,16.2,0.306,7.94,6.22,0.0374,0.885,0.858,55.9,44.0,130,45,800,7.2,22.0,11.0,10.7,10.1,11.4,11.1,12.1,10.3,8.9,11.7,23.2,8.3,14.0,172.0,0,0,0,0,0,0
66.8,65.0,68.6,54.1,52.8,55.4,64.1,63.2,65.0,20.0,19.8,20.2,0.973,11.4,0.295,10.0,8.83,15.0,0.266,7.07,5.56,0.037,0.833,0.742,142.0,100.0,440,190,1000,22.3,25.9,14.2,12.1,11.3,11.7,11.9,14.4,13.4,14.3,12.0,26.8,9.9,20.6,221.0,0,0,0,0,0,0
69.1,68.4,69.8,56.2,55.2,57.2,62.4,61.8,63.0,21.2,21.8,20.6,0.984,11.3,0.294,10.0,9.0,15.3,0.267,7.04,5.7,0.0379,0.84,0.748,141.0,100.0,290,89,1000,14.1,26.1,15.6,12.5,12.7,10.8,11.1,15.0,13.3,13.4,15.1,27.2,9.8,20.7,218.0,0,0,0,0,0,0
70.7,70.0,71.4,56.9,54.6,59.2,63.1,64.0,62.2,20.1,20.4,19.8,1.01,11.4,0.307,10.2,9.07,15.6,0.28,7.1,5.77,0.0369,0.848,0.772,140.0,110.0,300,110,1000,9.0,28.8,15.1,14.6,12.0,12.3,11.4,14.8,10.8,10.7,14.7,28.5,9.3,17.7,210.0,0,0,0,0,0,0
67.3,66.0,68.6,55.1,54.6,55.6,64.1,65.6,62.6,21.2,22.2,20.2,1.02,11.4,0.31,10.2,9.06,16.0,0.282,7.24,5.99,0.0376,0.852,0.773,132.0,99.0,220,87,1000,8.1,29.4,13.3,15.5,13.2,13.6,12.2,14.1,13.8,12.0,12.7,30.9,10.9,18.3,218.0,0,0,0,0,0,0
69.0,70.8,67.2,55.4,55.2,55.6,64.2,63.6,64.8,20.6,23.2,18.0,1.03,11.5,0.313,10.3,9.06,15.9,0.284,7.11,6.04,0.0376,0.843,0.779,132.0,100.0,260,82,1000,8.3,29.0,12.1,14.2,14.0,14.5,11.2,13.5,15.6,13.0,12.0,28.2,9.8,20.0,215.0,0,0,0,0,0,0
66.7,65.6,67.8,55.2,53.6,56.8,62.9,61.8,64.0,20.8,23.2,18.4,0.994,11.7,0.313,10.2,9.07,16.0,0.285,7.13,6.11,0.0367,0.846,0.784,133.0,100.0,310,110,1000,8.8,31.0,13.3,13.2,13.4,14.5,11.0,13.4,13.7,12.2,12.3,26.1,9.1,19.2,211.0,0,0,0,0,0,0
70.4,67.8,73.0,55.9,56.0,55.8,63.0,62.6,63.4,20.3,22.8,17.8,0.988,11.5,0.31,10.1,8.97,16.5,0.283,7.22,6.11,0.0365,0.388,0.785,137.0,110.0,390,140,1000,8.9,30.2,13.1,14.9,13.0,13.9,12.4,12.9,13.8,12.5,11.5,26.6,8.0,18.7,210.0,0,0,0,0,0,0
70.4,69.4,71.4,56.4,57.2,55.6,65.2,65.0,65.4,20.8,17.8,23.8,1.04,11.8,0.319,10.5,9.2,16.6,0.296,7.17,6.11,0.0365,0.39,0.79,139.0,110.0,400,160,1000,8.7,28.7,13.2,14.5,12.6,13.2,12.1,13.3,14.2,12.3,12.6,28.0,8.7,20.6,213.0,0,0,0,0,0,0
67.9,69.4,66.4,56.4,56.2,56.6,65.4,67.2,63.6,21.9,23.6,20.2,1.05,11.7,0.324,10.5,9.07,16.4,0.299,7.2,6.22,0.0375,0.393,0.812,137.0,110.0,300,110,1000,8.4,28.4,15.0,12.6,13.2,13.3,12.0,14.0,14.2,12.3,14.4,30.1,11.2,20.1,219.0,0,0,0,0,0,0
69.8,69.6,70.0,53.6,55.6,51.6,62.5,63.0,62.0,21.6,23.0,20.2,1.05,11.6,0.324,10.4,9.2,17.0,0.298,7.4,6.47,0.0365,0.396,0.82,133.0,100.0,220,80,1000,8.6,28.1,14.8,12.9,13.7,14.0,12.2,11.9,13.4,14.0,13.1,29.0,9.9,18.4,214.0,0,0,0,0,0,0
66.9,66.4,67.4,57.4,56.8,58.0,75.2,75.6,74.8,20.0,20.2,19.8,1.07,11.9,0.331,10.4,9.3,17.2,0.299,7.34,6.52,0.0374,0.887,0.837,136.0,100.0,350,86,1000,9.0,27.0,14.0,14.6,14.1,14.4,12.5,11.1,12.7,14.4,14.4,27.2,8.3,18.1,212.0,0,0,0,0,0,0
69.4,68.0,70.8,54.6,54.2,55.0,62.5,61.2,63.8,21.4,20.0,22.8,1.12,12.4,0.348,11.1,9.88,18.3,0.322,7.7,6.74,0.0365,0.91,0.882,133.0,100.0,340,95,1000,8.5,28.1,12.5,13.7,13.7,14.3,15.1,11.4,12.9,14.0,14.7,27.3,9.1,19.0,214.0,0,0,0,0,0,0
68.1,67.2,69.0,55.4,55.0,55.8,63.5,63.8,63.2,20.3,18.6,22.0,1.19,13.1,0.368,11.7,10.4,19.5,0.333,8.23,7.17,0.0367,0.933,0.936,134.0,100.0,300,97,1000,7.4,29.2,13.1,12.0,13.4,12.8,15.5,12.2,13.8,14.1,12.1,26.8,9.0,20.7,212.0,0,0,0,0,0,0
62.7,62.4,63.0,29.2,27.8,30.6,65.7,65.0,66.4,21.6,23.4,19.8,1.26,13.7,0.384,12.4,11.0,20.4,0.353,8.64,7.61,0.0376,0.952,0.984,132.0,100.0,320,100,1000,7.3,28.1,14.9,12.4,12.9,13.3,14.1,13.5,15.4,13.9,12.0,25.7,8.3,19.8,212.0,0,0,0,0,0,0
50.6,49.4,51.8,44.3,43.4,45.2,51.6,51.8,51.4,19.6,15.6,23.6,0.545,6.87,0.174,6.11,5.81,7.94,0.148,4.39,3.13,0.0366,0.245,0.466,48.2,36.0,130,46,600,44.5,17.3,7.9,9.0,6.1,7.9,7.2,7.6,7.2,5.8,6.9,14.4,5.0,10.7,158.0,0,0,0,0,0,0
51.5,48.8,54.2,46.3,44.4,48.2,47.5,47.2,47.8,20.2,17.6,22.8,0.541,6.87,0.173,6.25,5.89,8.12,0.146,4.52,3.21,0.0366,0.254,0.477,45.4,34.0,100,29,600,23.0,18.8,9.0,8.8,7.1,7.9,7.5,9.7,7.8,6.4,8.6,16.6,5.3,10.3,147.0,0,0,0,0,0,0
53.1,52.2,54.0,47.0,48.6,45.4,52.2,51.8,52.6,19.7,18.4,21.0,0.561,7.11,0.18,6.44,6.05,8.38,0.155,4.6,3.35,0.0367,0.254,0.487,44.3,33.0,87,28,600,7.2,20.4,7.6,7.9,7.1,7.4,7.1,10.1,9.1,5.6,8.0,15.3,4.1,10.4,127.0,0,0,0,0,0,0
53.9,55.0,52.8,46.1,45.5,46.7,53.9,53.8,54.0,20.0,18.8,21.2,0.58,7.36,0.187,6.4,6.26,8.69,0.161,4.73,3.37,0.0367,0.262,0.501,42.9,32.0,85,29,600,5.7,19.8,7.4,7.2,7.4,7.4,7.4,8.8,9.2,8.7,8.7,17.1,4.8,11.4,131.0,0,0,0,0,0,0
53.4,53.0,53.8,43.6,43.9,43.3,51.5,52.8,50.2,21.0,23.4,18.6,0.596,7.42,0.187,6.68,6.33,8.76,0.164,4.93,3.45,0.0367,0.269,0.51,42.6,32.0,85,29,600,5.4,15.9,8.5,7.2,8.5,7.5,9.5,8.6,8.8,10.6,8.1,20.0,6.9,12.4,138.0,0,0,0,0,0,0
54.0,54.0,54.0,47.7,48.2,47.2,50.1,50.2,50.0,20.2,21.6,18.8,0.575,7.62,0.191,6.82,6.43,8.99,0.167,4.96,3.58,0.0359,0.273,0.512,42.1,32.0,88,30,600,6.1,16.0,9.3,8.0,7.7,7.8,9.5,8.5,10.1,9.2,7.2,17.8,6.2,12.3,136.0,0,0,0,0,0,0
52.0,53.0,51.0,45.4,47.2,43.6,52.3,52.4,52.2,20.7,18.4,23.0,0.6,7.73,0.191,6.86,6.52,9.28,0.172,4.95,3.68,0.0359,0.276,0.525,41.7,32.0,87,30,600,7.0,16.9,9.0,8.9,6.3,8.6,8.2,7.9,9.2,8.1,7.5,15.5,5.0,11.1,129.0,0,0,0,0,0,0
53.2,54.0,52.4,47.1,48.0,46.2,63.6,63.8,63.4,19.9,20.2,19.6,0.614,7.89,0.198,6.91,6.74,9.57,0.174,5.17,3.64,0.0358,0.754,0.529,42.3,32.0,100,33,600,7.2,16.4,8.7,8.4,7.0,7.3,8.7,8.4,8.5,8.4,7.5,16.4,5.2,11.0,129.0,0,0,0,0,0,0
52.7,50.2,55.2,45.2,44.2,46.2,53.7,50.8,56.6,20.3,19.4,21.2,0.633,7.94,0.201,7.08,6.86,9.66,0.178,5.21,3.82,0.0366,0.764,0.553,41.8,32.0,110,32,600,6.7,16.1,8.2,7.2,8.4,7.4,7.3,8.7,8.5,10.1,8.3,16.8,6.0,11.6,131.0,0,0,0,0,0,0
52.5,53.4,51.6,45.2,42.4,48.0,50.4,49.0,51.8,21.5,19.4,23.6,0.643,8.21,0.2,7.25,6.96,9.77,0.181,5.34,3.9,0.0364,0.765,0.551,41.7,32.0,89,29,600,6.0,16.5,8.0,7.9,9.1,8.8,6.5,9.2,7.1,9.5,9.1,18.1,6.8,11.4,134.0,0,0,0,0,0,0
53.0,52.6,53.4,45.2,42.8,47.6,52.5,54.2,50.8,19.3,19.0,19.6,0.644,8.41,0.202,7.41,7.08,10.1,0.18,5.39,3.95,0.0364,0.768,0.559,41.1,31.0,83,27,600,6.7,14.9,9.1,8.7,7.7,7.9,7.7,8.5,6.4,8.7,9.4,17.4,5.5,11.9,131.0,0,0,0,0,0,0
49.7,48.6,50.8,49.0,49.2,48.8,48.1,48.8,47.4,20.2,18.2,22.2,0.649,8.35,0.205,7.43,7.2,10.2,0.184,5.45,3.98,0.0354,0.775,0.566,40.7,31.0,78,26,600,6.5,17.2,9.6,8.5,6.0,7.7,7.6,7.3,7.9,9.3,8.7,15.2,4.5,12.9,129.0,0,0,0,0,0,0
52.1,50.6,53.6,45.6,47.6,43.6,54.1,54.0,54.2,20.4,19.2,21.6,0.674,8.58,0.209,7.61,7.45,10.4,0.187,5.69,4.06,0.0364,0.779,0.577,40.5,31.0,83,29,600,5.2,18.5,8.4,8.7,6.6,6.8,7.1,7.7,8.6,8.6,7.7,14.8,5.2,12.4,126.0,0,0,0,0,0,0
52.0,50.2,53.8,46.3,46.0,46.6,50.5,51.0,50.0,20.9,17.2,24.6,0.688,8.62,0.22,7.75,7.49,10.6,0.195,5.71,4.22,0.0363,0.781,0.58,40.3,31.0,87,29,600,5.6,15.8,7.4,9.5,8.0,7.6,7.2,7.9,8.0,7.8,8.6,15.7,5.2,10.6,125.0,0,0,0,0,0,0
52.1,54.4,49.8,47.7,46.8,48.6,53.3,52.8,53.8,19.7,16.6,22.8,0.717,8.97,0.227,7.99,7.81,11.1,0.201,5.92,4.34,0.0363,0.793,0.619,40.3,31.0,88,29,600,6.0,15.7,8.6,9.6,8.8,7.6,7.2,9.5,9.4,7.5,8.4,17.6,4.9,10.6,131.0,0,0,0,0,0,0
51.6,50.8,52.4,49.4,51.2,47.6,53.7,51.4,56.0,19.7,16.4,23.0,0.772,9.46,0.242,8.5,8.27,11.7,0.22,6.36,4.64,0.0374,0.809,0.657,40.4,31.0,98,31,600,5.5,15.5,9.0,9.4,8.3,7.1,7.8,10.0,10.2,8.4,6.7,18.9,5.7,10.7,133.0,0,0,0,0,0,0
51.4,49.6,53.2,41.3,40.2,42.4,51.4,50.8,52.0,19.8,21.4,18.2,0.822,10.0,0.25,8.98,8.77,12.3,0.229,6.69,4.89,0.0365,0.822,0.687,40.1,31.0,86,28,600,5.1,17.2,7.1,8.0,7.4,8.7,7.7,8.9,9.2,8.7,7.3,17.8,6.1,11.3,131.0,0,0,0,0,0,0
63.7,64.0,63.4,52.2,53.2,51.2,63.2,62.4,64.0,20.9,21.0,20.8,0.731,9.47,0.226,8.11,7.63,11.5,0.207,5.92,4.44,0.0364,0.798,0.608,75.7,56.0,250,84,800,46.5,20.4,9.7,9.4,10.0,9.0,10.2,10.5,10.2,9.8,9.6,20.7,7.4,12.9,196.0,0,0,0,0,0,0
61.3,60.6,62.0,52.7,52.2,53.2,60.2,61.0,59.4,19.7,22.4,17.0,0.759,9.47,0.233,8.11,7.91,11.7,0.208,6.03,4.47,0.0365,0.8,0.611,69.8,51.0,210,50,800,28.9,22.6,10.9,9.5,11.2,10.5,10.6,10.0,11.6,11.6,11.0,21.0,7.9,16.2,194.0,0,0,0,0,0,0
58.7,59.2,58.2,53.8,52.8,54.8,57.7,56.8,58.6,21.4,20.4,22.4,0.759,9.69,0.234,8.32,8.0,11.8,0.21,6.21,4.56,0.0374,0.801,0.632,66.1,49.0,100,38,800,10.2,23.4,10.6,9.3,10.7,11.6,11.7,11.2,10.4,11.7,11.0,22.7,7.6,17.0,179.0,0,0,0,0,0,0
61.2,62.8,59.6,54.6,53.4,55.8,60.0,58.2,61.8,19.7,22.2,17.2,0.775,9.56,0.242,8.56,7.93,11.9,0.215,6.16,4.66,0.0374,0.333,0.631,64.4,48.0,110,40,800,8.9,21.7,10.5,10.6,9.0,11.4,12.0,11.6,11.6,11.0,11.1,24.7,7.6,12.8,175.0,0,0,0,0,0,0
62.3,64.8,59.8,55.1,55.4,54.8,56.7,56.0,57.4,20.7,21.0,20.4,0.802,9.71,0.245,8.7,8.1,12.2,0.222,6.3,4.75,0.0356,0.334,0.637,62.6,47.0,120,41,800,7.8,21.9,9.5,12.0,10.1,10.5,11.4,10.4,11.8,12.1,11.8,23.1,7.4,11.8,172.0,0,0,0,0,0,0
64.2,63.4,65.0,51.4,52.0,50.8,62.9,62.6,63.2,20.1,20.0,20.2,0.806,9.85,0.253,8.7,8.12,12.6,0.225,6.35,4.79,0.0366,0.339,0.661,61.4,46.0,120,42,800,7.5,24.2,9.7,11.1,11.7,10.0,11.5,10.3,9.4,14.0,12.0,21.3,7.4,13.0,173.0,0,0,0,0,0,0
60.7,58.8,62.6,53.9,54.2,53.6,58.5,58.8,58.2,22.5,21.2,23.8,0.828,9.85,0.26,8.73,8.27,12.5,0.232,6.44,4.89,0.0376,0.346,0.668,60.5,46.0,120,42,800,7.2,22.7,11.3,11.8,12.4,10.9,10.6,10.1,8.3,12.6,12.1,22.5,8.2,14.5,175.0,0,0,0,0,0,0
61.4,61.8,61.0,51.4,52.0,50.8,61.1,61.2,61.0,20.0,20.0,20.0,0.865,10.2,0.267,9.07,8.28,13.0,0.242,6.56,5.1,0.0366,0.349,0.668,59.7,45.0,130,41,800,7.9,22.4,11.4,11.5,13.3,10.3,10.6,10.6,9.2,9.8,12.5,23.4,8.7,16.0,178.0,0,0,0,0,0,0
62.5,60.4,64.6,55.2,53.8,56.6,59.3,58.6,60.0,21.3,22.4,20.2,0.874,10.2,0.267,9.13,8.29,13.1,0.247,6.6,5.1,0.0368,0.354,0.697,58.8,45.0,120,39,800,8.0,24.3,10.6,9.8,13.1,9.5,11.9,11.2,10.4,11.0,10.7,22.1,7.8,13.6,174.0,0,0,0,0,0,0
62.7,64.0,61.4,51.8,49.8,53.8,62.5,60.8,64.2,20.6,22.8,18.4,0.903,10.4,0.274,9.22,8.49,13.3,0.251,6.85,5.26,0.0378,0.363,0.726,58.8,45.0,130,43,800,7.0,24.4,11.7,9.2,11.0,11.7,10.7,11.3,13.0,10.8,10.9,23.5,7.9,14.2,177.0,0,0,0,0,0,0
58.5,58.8,58.2,51.0,50.6,51.4,57.1,58.2,56.0,20.2,22.8,17.6,0.938,10.5,0.283,9.43,8.62,13.6,0.262,6.84,5.31,0.0377,0.366,0.714,58.0,44.0,130,41,800,7.3,23.2,12.2,9.0,11.1,11.1,9.4,10.9,13.2,9.8,12.0,25.8,9.3,14.2,179.0,0,0,0,0,0,0
62.2,61.6,62.8,52.2,53.2,51.2,61.1,61.0,61.2,19.9,18.6,21.2,0.931,10.6,0.286,9.49,8.65,13.9,0.261,6.85,5.28,0.0359,0.367,0.72,57.2,44.0,110,37,800,8.4,20.7,9.9,10.1,11.5,9.7,8.9,11.3,10.6,10.9,10.7,23.3,8.4,14.0,168.0,0,0,0,0,0,0
62.1,60.4,63.8,54.7,54.8,54.6,70.7,70.2,71.2,20.5,17.6,23.4,0.933,10.6,0.289,9.45,8.63,14.3,0.267,6.94,5.48,0.0366,0.872,0.735,57.6,45.0,130,46,800,7.9,20.8,8.6,11.0,11.7,9.8,9.2,11.1,10.5,11.1,10.0,19.5,7.1,16.4,165.0,0,0,0,0,0,0
62.2,62.0,62.4,50.7,50.0,51.4,61.1,61.8,60.4,21.0,20.6,21.4,0.948,10.9,0.302,9.73,9.08,14.5,0.274,7.02,5.6,0.0358,0.871,0.772,57.0,44.0,130,47,800,7.1,22.0,9.7,11.9,11.9,9.8,9.6,11.1,12.1,11.2,9.7,21.5,7.1,16.6,171.0,0,0,0,0,0,0
60.3,61.6,59.0,54.9,54.4,55.4,58.5,56.6,60.4,20.2,19.8,20.6,1.02,11.6,0.317,10.3,9.43,15.5,0.293,7.56,5.95,0.0366,0.891,0.815,56.7,44.0,110,40,800,7.4,22.3,11.1,11.6,10.5,9.5,11.4,11.4,11.5,11.5,9.4,23.0,7.2,16.2,174.0,0,0,0,0,0,0
66.8,65.6,68.0,51.0,50.2,51.8,63.4,64.4,62.4,20.7,18.4,23.0,1.09,12.2,0.334,11.1,9.99,16.3,0.308,7.96,6.28,0.0368,0.912,0.847,57.4,45.0,140,50,800,6.9,19.8,10.9,11.8,10.4,9.7,13.1,10.7,10.9,10.5,11.6,22.5,7.9,15.2,172.0,0,0,0,0,0,0
67.1,67.4,66.8,55.7,56.2,55.2,61.8,61.0,62.6,20.9,20.0,21.8,0.93,11.0,0.286,9.68,8.92,14.8,0.264,6.94,5.58,0.0374,0.872,0.723,175.0,110.0,770,290,1000,32.0,26.0,12.1,12.4,12.2,12.3,11.2,12.2,12.1,11.0,12.9,24.9,7.4,15.4,214.0,0,0,0,0,0,0
71.8,72.4,71.2,54.6,53.0,56.2,64.5,64.8,64.2,22.3,22.6,22.0,0.958,11.1,0.292,9.7,8.88,15.3,0.277,7.01,5.65,0.0375,0.873,0.755,161.0,100.0,500,140,1000,19.5,28.5,12.8,11.4,12.5,13.0,12.8,13.8,14.0,12.9,12.7,28.8,9.3,15.7,218.0,0,0,0,0,0,0
67.3,71.0,63.6,58.2,57.4,59.0,60.9,62.2,59.6,21.4,25.0,17.8,0.942,11.2,0.295,9.61,9.14,15.2,0.277,6.92,5.72,0.0376,0.877,0.766,164.0,110.0,320,110,1000,12.3,28.7,13.4,10.8,12.4,13.4,13.7,13.7,13.3,14.8,13.0,26.8,9.4,18.7,214.0,0,0,0,0,0,0
68.6,69.2,68.0,55.4,53.0,57.8,63.9,63.6,64.2,20.5,18.4,22.6,0.971,11.2,0.299,9.65,9.19,15.4,0.272,7.03,5.9,0.0364,0.88,0.745,152.0,98.0,320,88,1000,9.5,27.3,12.7,10.8,12.3,13.0,15.5,14.0,13.4,13.8,12.8,28.3,9.4,19.5,212.0,0,0,0,0,0,0
68.5,68.4,68.6,55.4,55.6,55.2,63.1,62.6,63.6,20.7,22.2,19.2,0.94,11.3,0.294,9.88,9.1,15.7,0.277,7.03,5.86,0.0375,0.879,0.752,145.0,95.0,170,67,1000,10.1,25.0,11.7,13.1,14.2,12.4,16.3,14.6,15.4,14.1,12.5,29.8,9.0,15.4,214.0,0,0,0,0,0,0
69.9,70.4,69.4,55.0,54.4,55.6,62.9,62.6,63.2,20.6,22.2,19.0,0.942,11.3,0.293,9.81,9.18,16.0,0.278,7.11,5.93,0.0367,0.887,0.768,145.0,98.0,290,97,1000,11.7,27.5,12.5,13.4,14.6,12.4,13.8,12.8,13.8,15.0,13.5,28.0,8.5,16.8,214.0,0,0,0,0,0,0
67.5,68.6,66.4,56.6,55.2,58.0,64.4,64.8,64.0,21.7,25.2,18.2,0.964,11.5,0.297,9.78,9.26,16.1,0.274,7.03,6.03,0.0375,0.89,0.779,140.0,94.0,290,89,1000,11.2,29.1,13.7,11.3,13.0,14.5,12.5,13.4,14.7,13.1,13.0,28.1,9.4,17.8,215.0,0,0,0,0,0,0
69.9,66.8,73.0,56.2,54.4,58.0,63.3,63.2,63.4,20.0,22.0,18.0,0.96,11.5,0.302,10.2,9.31,15.9,0.278,7.18,6.0,0.0367,0.394,0.775,133.0,90.0,160,57,1000,9.6,28.2,14.4,11.6,12.9,14.6,13.1,14.6,14.5,10.8,14.2,26.3,8.6,17.1,211.0,0,0,0,0,0,0
69.8,69.0,70.6,54.9,56.4,53.4,65.0,63.6,66.4,23.0,24.2,21.8,0.987,11.6,0.303,10.1,9.4,16.6,0.29,7.32,6.17,0.0387,0.397,0.788,132.0,92.0,200,81,1000,9.8,27.2,13.9,13.1,14.0,13.7,11.5,14.3,12.4,11.7,15.4,24.9,8.1,19.1,209.0,0,0,0,0,0,0
71.4,70.0,72.8,55.9,54.6,57.2,62.1,63.2,61.0,20.3,16.8,23.8,0.987,11.7,0.308,10.3,9.48,16.5,0.289,7.18,6.25,0.0389,0.408,0.79,131.0,91.0,290,99,1000,9.4,27.0,12.1,14.8,13.8,13.4,10.9,14.7,12.9,13.4,14.1,26.8,9.5,19.0,212.0,0,0,0,0,0,0
69.7,71.8,67.6,55.0,55.4,54.6,66.6,65.0,68.2,21.8,25.4,18.2,0.995,11.8,0.31,10.0,9.51,16.8,0.289,7.27,6.2,0.0369,0.406,0.814,131.0,93.0,310,100,1000,8.9,29.0,12.1,13.4,13.2,11.1,14.1,15.2,13.2,12.5,14.2,27.8,9.9,18.8,213.0,0,0,0,0,0,0
71.2,69.6,72.8,54.4,53.2,55.6,72.1,70.4,73.8,20.1,22.2,18.0,1.01,11.8,0.325,10.3,9.62,17.0,0.294,7.38,6.43,0.0388,0.901,0.831,133.0,96.0,310,130,1000,9.5,27.1,14.1,12.1,15.0,11.2,13.5,14.8,14.0,13.6,14.2,28.0,9.8,18.4,215.0,0,0,0,0,0,0
67.0,67.8,66.2,55.7,56.2,55.2,62.0,63.0,61.0,20.2,21.8,18.6,1.09,12.6,0.341,10.7,10.4,18.3,0.317,7.72,6.75,0.0369,0.925,0.878,134.0,97.0,330,140,1000,9.2,25.5,15.1,14.1,15.2,12.2,11.1,13.7,14.7,14.7,12.7,30.5,10.9,18.0,218.0,0,0,0,0,0,0
71.3,71.4,71.2,55.0,53.8,56.2,62.3,62.0,62.6,20.4,16.8,24.0,1.13,13.2,0.353,11.5,10.9,19.3,0.331,8.22,7.2,0.0369,0.947,0.929,132.0,97.0,290,100,1000,8.7,25.6,13.1,14.4,14.2,13.4,13.6,12.8,15.6,14.7,11.4,27.8,9.0,19.9,214.0,0,0,0,0,0,0
61.0,61.6,60.4,30.2,28.6,31.8,62.0,62.6,61.4,20.3,17.2,23.4,1.19,14.0,0.37,11.9,11.5,20.2,0.344,8.72,7.62,0.0378,0.967,0.964,130.0,96.0,220,90,1000,9.8,25.7,12.2,13.5,14.1,12.7,16.1,12.8,14.3,14.2,12.0,25.8,6.8,20.6,211.0,0,0,0,0,0,0
52.1,48.2,56.0,51.2,52.0,50.4,53.5,53.8,53.2,20.1,22.0,18.2,0.539,6.91,0.177,6.33,5.88,8.0,0.149,4.54,3.19,0.0363,0.257,0.469,47.9,38.0,120,43,600,44.4,15.7,6.0,7.4,8.9,8.2,9.1,7.3,6.9,8.0,8.4,16.0,4.5,10.1,161.0,0,0,0,0,0,0
53.2,53.2,53.2,48.9,50.2,47.6,51.2,49.4,53.0,20.3,16.4,24.2,0.553,6.97,0.178,6.46,5.96,8.35,0.153,4.66,3.27,0.0372,0.261,0.478,47.0,37.0,110,33,600,22.0,17.5,6.4,7.5,9.7,9.7,9.9,8.2,8.5,9.2,9.7,16.8,5.0,12.1,152.0,0,0,0,0,0,0
54.9,54.8,55.0,46.5,48.8,44.2,50.8,49.6,52.0,20.3,20.4,20.2,0.578,7.12,0.186,6.54,6.06,8.59,0.159,4.61,3.33,0.0362,0.266,0.505,45.8,36.0,94,31,600,5.8,17.4,7.5,7.2,8.0,8.9,10.0,7.3,7.9,8.1,9.4,15.9,5.3,11.9,131.0,0,0,0,0,0,0
51.9,52.8,51.0,47.4,48.2,46.6,48.7,47.2,50.2,20.9,19.2,22.6,0.596,7.28,0.191,6.66,6.17,8.63,0.161,4.77,3.43,0.0362,0.271,0.511,44.7,35.0,86,31,600,5.4,17.5,8.2,6.9,8.3,8.6,9.2,7.7,8.2,8.0,8.8,16.1,6.2,11.5,131.0,0,0,0,0,0,0
55.8,53.8,57.8,43.8,42.8,44.8,52.7,54.4,51.0,20.4,22.0,18.8,0.617,7.38,0.192,6.66,6.41,8.98,0.17,4.88,3.52,0.0353,0.279,0.524,44.1,35.0,88,31,600,5.6,15.0,8.0,7.4,9.0,7.4,8.1,7.7,8.8,7.9,8.3,15.1,5.7,11.7,126.0,0,0,0,0,0,0
51.1,50.0,52.2,47.8,46.8,48.8,48.3,49.4,47.2,20.9,19.8,22.0,0.597,7.56,0.191,6.66,6.67,9.16,0.17,4.97,3.57,0.0362,0.28,0.52,44.4,35.0,110,33,600,5.9,15.8,8.8,8.3,7.7,7.2,8.3,8.5,7.7,7.5,8.5,16.9,4.9,11.8,128.0,0,0,0,0,0,0
53.6,53.0,54.2,44.0,45.6,42.4,52.8,52.0,53.6,20.7,18.8,22.6,0.627,7.62,0.196,6.79,6.85,9.45,0.173,5.07,3.73,0.0361,0.285,0.536,43.8,34.0,99,30,600,5.3,17.4,8.0,8.4,7.6,7.8,7.8,9.4,7.5,8.2,8.0,17.6,5.0,11.3,129.0,0,0,0,0,0,0
52.8,52.4,53.2,45.4,44.6,46.2,59.4,59.4,59.4,19.5,21.8,17.2,0.644,7.75,0.205,6.81,6.87,9.62,0.176,5.05,3.74,0.0362,0.446,0.543,43.2,34.0,85,31,600,5.7,16.5,7.9,7.9,7.9,7.4,8.3,7.7,8.6,8.7,8.5,16.5,5.5,11.5,129.0,0,0,0,0,0,0
53.9,53.8,54.0,46.8,46.0,47.6,53.2,53.4,53.0,20.9,18.6,23.2,0.647,7.98,0.199,6.99,7.05,9.84,0.175,5.17,3.85,0.0362,0.73,0.547,43.1,33.0,92,30,600,6.8,17.7,9.6,6.7,7.7,6.9,7.7,8.5,9.3,8.4,9.6,16.7,5.3,10.6,132.0,0,0,0,0,0,0
54.6,54.8,54.4,45.4,44.2,46.6,50.5,51.4,49.6,19.3,18.6,20.0,0.632,8.1,0.202,7.02,7.22,9.96,0.197,5.28,3.91,0.0354,0.731,0.557,42.8,33.0,95,28,600,6.1,17.4,9.2,7.0,8.0,7.7,6.7,7.8,8.5,7.8,9.7,16.4,4.4,11.1,128.0,0,0,0,0,0,0
55.8,58.6,53.0,47.6,48.4,46.8,53.5,51.2,55.8,20.5,22.4,18.6,0.649,8.36,0.21,7.19,7.42,10.3,0.214,5.46,4.04,0.0362,0.739,0.577,42.9,33.0,94,32,600,5.5,14.8,7.9,7.5,9.7,8.2,8.8,7.2,8.1,8.0,10.1,17.7,5.6,12.9,132.0,0,0,0,0,0,0
52.7,52.6,52.8,45.1,45.4,44.8,50.2,47.8,52.6,21.7,20.0,23.4,0.697,8.41,0.221,7.2,7.46,10.4,0.223,5.43,4.07,0.0372,0.74,0.585,43.0,33.0,110,33,600,6.5,15.9,8.7,8.1,9.1,7.9,8.8,9.0,7.5,8.8,8.6,18.0,7.0,12.6,137.0,0,0,0,0,0,0
54.7,52.8,56.6,45.3,45.8,44.8,54.5,54.6,54.4,21.0,23.4,18.6,0.71,8.65,0.224,7.31,7.66,10.8,0.231,5.62,4.14,0.0364,0.748,0.599,42.7,33.0,100,31,600,6.0,17.0,9.6,8.6,7.6,7.1,8.6,7.6,6.6,8.6,7.0,17.1,6.8,10.8,129.0,0,0,0,0,0,0
51.0,50.6,51.4,44.6,45.6,43.6,50.0,49.8,50.2,19.6,18.6,20.6,0.721,8.77,0.227,7.36,7.87,10.8,0.23,5.76,4.23,0.0364,0.746,0.609,42.5,33.0,91,30,600,5.9,16.7,8.1,7.9,6.8,7.5,9.4,7.1,6.1,8.4,7.9,16.0,6.5,11.0,125.0,0,0,0,0,0,0
55.0,52.8,57.2,46.2,45.8,46.6,50.9,50.2,51.6,20.4,21.8,19.0,0.747,8.98,0.232,7.69,8.09,11.2,0.24,5.85,4.4,0.0365,0.759,0.63,42.3,33.0,91,30,600,5.5,18.1,6.9,7.3,6.5,7.7,9.7,7.6,7.6,9.9,7.4,16.2,6.0,11.2,128.0,0,0,0,0,0,0
55.3,57.0,53.6,46.8,48.2,45.4,50.9,52.2,49.6,19.6,23.8,15.4,0.777,9.49,0.243,8.04,8.76,12.0,0.249,6.28,4.64,0.0374,0.773,0.67,42.1,33.0,87,32,600,5.7,18.6,8.1,7.7,7.1,7.2,10.2,7.0,9.3,9.4,7.3,16.8,5.5,10.2,130.0,0,0,0,0,0,0
54.7,54.4,55.0,40.3,40.4,40.2,53.0,54.0,52.0,20.4,18.6,22.2,0.821,9.91,0.258,8.5,9.22,12.6,0.26,6.62,4.91,0.0366,0.791,0.708,42.1,33.0,90,32,600,6.7,18.5,9.8,7.6,8.3,8.0,8.0,6.8,7.8,8.2,7.8,16.9,4.8,12.0,131.0,0,0,0,0,0,0
64.6,65.4,63.8,52.0,53.2,50.8,59.8,58.2,61.4,20.8,23.4,18.2,0.723,9.28,0.231,7.7,8.07,11.5,0.234,5.85,4.43,0.0377,0.747,0.61,71.5,56.0,220,81,800,48.2,18.2,8.4,11.0,11.2,9.6,8.0,9.5,10.4,10.5,11.9,21.0,6.3,12.2,196.0,0,0,0,0,0,0
62.5,64.0,61.0,52.6,52.0,53.2,58.7,60.0,57.4,20.4,20.8,20.0,0.746,9.48,0.24,7.9,8.14,11.6,0.242,5.98,4.48,0.0368,0.752,0.628,66.7,52.0,210,51,800,27.1,22.2,11.1,12.1,12.4,10.0,8.5,10.1,10.4,10.8,14.6,22.2,6.6,14.9,193.0,0,0,0,0,0,0
61.5,62.0,61.0,51.4,51.2,51.6,58.6,59.8,57.4,19.7,18.0,21.4,0.743,9.54,0.242,7.87,8.28,11.9,0.244,5.96,4.53,0.0368,0.758,0.63,64.0,49.0,110,37,800,8.5,23.9,11.6,10.5,12.0,9.1,8.2,11.7,11.6,11.2,13.6,23.2,7.1,15.1,177.0,0,0,0,0,0,0
62.2,59.4,65.0,52.2,52.3,52.1,58.1,57.0,59.2,21.0,22.0,20.0,0.766,9.76,0.246,8.26,8.33,12.1,0.253,6.12,4.63,0.0358,0.607,0.635,62.0,48.0,120,39,800,7.2,23.1,11.4,10.8,12.4,10.9,10.2,10.6,11.4,11.3,10.4,23.7,7.7,14.8,176.0,0,0,0,0,0,0
62.2,62.8,61.6,54.4,55.3,53.5,58.3,57.0,59.6,19.7,21.2,18.2,0.785,9.83,0.25,8.2,8.39,12.3,0.261,6.22,4.74,0.0368,0.332,0.656,61.1,47.0,120,41,800,6.6,20.9,13.4,11.5,10.5,13.2,11.1,10.2,10.4,10.3,10.1,22.5,7.5,15.2,173.0,0,0,0,0,0,0
62.5,63.0,62.0,51.7,53.6,49.8,62.0,62.2,61.8,20.7,23.8,17.6,0.804,9.92,0.254,8.39,8.59,12.6,0.253,6.37,4.86,0.0368,0.341,0.669,60.3,47.0,120,43,800,6.9,21.7,12.3,12.0,9.7,13.1,9.0,10.1,10.3,11.7,11.5,24.1,7.4,15.8,176.0,0,0,0,0,0,0
60.7,61.4,60.0,53.0,50.4,55.6,59.5,58.8,60.2,20.0,21.0,19.0,0.806,10.0,0.253,8.4,8.47,12.7,0.241,6.36,4.88,0.0378,0.342,0.667,59.0,46.0,110,40,800,7.4,21.6,10.1,13.4,10.6,10.7,10.5,10.3,10.6,12.4,11.9,25.0,6.8,15.5,177.0,0,0,0,0,0,0
65.6,65.2,66.0,51.8,52.6,51.0,58.5,58.4,58.6,21.4,23.8,19.0,0.794,10.3,0.252,8.51,8.85,13.1,0.236,6.54,5.03,0.0367,0.343,0.671,59.1,46.0,130,42,800,7.4,21.7,9.1,13.6,10.2,10.5,11.1,12.4,10.4,11.6,12.1,21.9,6.0,16.9,175.0,0,0,0,0,0,0
60.4,61.0,59.8,53.0,52.8,53.2,57.8,56.4,59.2,19.6,18.2,21.0,0.814,10.3,0.252,8.7,8.92,13.2,0.236,6.54,5.07,0.0375,0.349,0.678,58.2,46.0,130,43,800,7.1,23.3,10.1,10.1,10.5,11.0,11.9,11.9,9.7,11.7,12.0,20.7,6.0,19.4,175.0,0,0,0,0,0,0
64.6,65.0,64.2,54.2,54.2,54.2,58.8,59.8,57.8,21.3,19.8,22.8,0.806,10.3,0.257,8.92,8.91,13.5,0.242,6.6,5.16,0.0357,0.355,0.681,58.9,46.0,140,45,800,6.3,23.1,10.4,9.6,11.5,10.3,11.2,10.1,9.4,12.0,13.1,21.1,6.4,17.1,172.0,0,0,0,0,0,0
64.4,64.2,64.6,55.1,53.6,56.6,61.2,60.8,61.6,19.5,21.0,18.0,0.837,10.6,0.27,8.94,9.07,13.9,0.249,6.66,5.2,0.0357,0.354,0.705,58.3,46.0,150,47,800,7.1,21.6,8.7,11.3,11.3,11.9,9.7,10.8,10.5,12.2,12.0,23.5,8.3,15.9,175.0,0,0,0,0,0,0
60.9,61.4,60.4,51.2,51.4,51.0,58.7,59.0,58.4,20.6,18.6,22.6,0.856,10.6,0.27,9.13,8.9,14.0,0.255,6.77,5.32,0.0357,0.363,0.702,57.7,45.0,110,41,800,7.4,21.4,10.7,10.5,11.2,12.0,10.6,10.6,10.6,11.3,9.9,25.4,9.1,15.9,177.0,0,0,0,0,0,0
64.4,64.4,64.4,53.0,52.2,53.8,67.0,69.6,64.4,20.1,18.8,21.4,0.865,10.8,0.271,9.16,9.14,14.1,0.257,6.78,5.35,0.0357,0.829,0.715,57.6,46.0,110,43,800,7.0,23.4,12.3,10.5,10.6,11.2,11.5,9.9,9.4,10.6,10.3,23.6,7.5,15.8,174.0,0,0,0,0,0,0
63.1,62.8,63.4,53.0,51.2,54.8,59.3,58.8,59.8,21.2,22.0,20.4,0.901,10.9,0.282,9.42,9.42,14.7,0.27,6.95,5.54,0.0374,0.834,0.745,57.5,45.0,130,45,800,7.9,24.0,11.7,10.7,9.8,10.1,12.3,9.9,10.5,10.0,11.0,23.5,7.0,15.1,174.0,0,0,0,0,0,0
62.7,63.0,62.4,51.5,48.6,54.4,60.2,60.6,59.8,21.2,18.6,23.8,0.969,11.5,0.299,9.89,10.0,15.6,0.292,7.44,5.96,0.0367,0.852,0.802,57.2,45.0,130,43,800,7.7,25.0,11.7,11.2,10.5,9.0,12.9,9.7,11.5,8.5,10.3,23.0,7.5,14.6,173.0,0,0,0,0,0,0
64.0,64.2,63.8,53.7,53.8,53.6,61.1,61.8,60.4,20.1,22.6,17.6,1.03,12.3,0.311,10.4,10.6,16.4,0.309,7.91,6.27,0.0368,0.873,0.845,57.0,45.0,120,41,800,7.2,24.1,11.6,11.9,10.4,9.8,12.4,11.3,10.8,9.2,9.9,22.7,7.7,14.0,173.0,0,0,0,0,0,0
69.5,67.2,71.8,55.0,55.6,54.4,64.9,63.6,66.2,19.8,20.8,18.8,0.937,11.2,0.287,9.6,8.92,15.0,0.262,6.94,5.52,0.0377,0.833,0.736,113.0,92.0,350,150,1000,34.8,26.2,12.0,13.1,11.9,12.4,12.8,10.5,12.0,12.0,15.2,23.1,7.4,17.0,220.0,0,0,0,0,0,0
67.7,67.8,67.6,61.3,61.2,61.4,62.3,62.4,62.2,20.8,22.2,19.4,0.965,11.1,0.289,9.81,9.16,15.2,0.271,7.05,5.62,0.0368,0.836,0.738,123.0,100.0,350,130,1000,23.3,26.8,12.5,13.0,13.5,13.2,12.7,11.7,12.7,12.2,15.5,25.5,8.8,17.4,219.0,0,0,0,0,0,0
68.2,69.0,67.4,56.9,54.6,59.2,63.4,63.4,63.4,20.5,23.2,17.8,0.977,11.2,0.295,9.81,9.06,15.4,0.276,7.02,5.8,0.036,0.844,0.757,116.0,93.0,310,96,1000,11.9,28.5,12.7,13.3,12.7,12.9,14.7,11.8,14.4,12.6,14.6,28.0,10.1,17.3,216.0,0,0,0,0,0,0
70.9,69.6,72.2,55.9,54.6,57.2,64.9,66.6,63.2,21.9,24.4,19.4,0.997,11.1,0.304,9.8,8.99,15.7,0.285,7.05,5.81,0.0358,0.842,0.762,113.0,92.0,200,71,1000,9.3,28.2,12.1,14.2,13.7,13.2,16.4,12.6,14.1,13.6,11.7,28.8,10.1,17.2,215.0,0,0,0,0,0,0
66.9,64.6,69.2,55.6,55.6,55.6,62.3,62.6,62.0,20.4,19.4,21.4,1.03,11.4,0.306,10.0,9.0,15.6,0.288,7.14,5.82,0.0367,0.848,0.769,115.0,93.0,300,93,1000,9.6,29.0,14.0,14.1,14.8,12.6,14.1,13.9,13.5,14.3,11.2,27.3,9.5,17.0,215.0,0,0,0,0,0,0
64.8,63.0,66.6,54.5,53.4,55.6,62.2,61.4,63.0,21.1,21.6,20.6,1.0,11.5,0.3,9.97,9.17,15.8,0.281,7.21,5.96,0.0366,0.856,0.765,111.0,90.0,300,84,1000,9.9,30.2,14.4,14.9,14.2,12.6,12.3,12.9,13.8,14.9,12.6,27.2,10.2,16.9,217.0,0,0,0,0,0,0
68.9,69.6,68.2,56.7,55.8,57.6,64.5,64.6,64.4,20.8,24.8,16.8,1.02,11.6,0.307,10.0,9.15,16.0,0.284,7.25,6.08,0.0365,0.855,0.774,110.0,90.0,190,79,1000,8.8,30.5,12.0,14.8,13.5,12.8,12.0,11.8,12.7,12.6,13.2,23.8,8.5,17.8,205.0,0,0,0,0,0,0
69.3,66.0,72.6,54.9,54.8,55.0,65.0,65.4,64.6,20.9,24.0,17.8,1.04,11.6,0.312,10.3,8.9,16.3,0.293,7.32,6.12,0.0366,0.392,0.783,106.0,87.0,180,77,1000,8.8,29.7,11.1,14.5,13.3,13.7,12.7,12.8,13.2,12.6,14.1,24.3,7.8,19.1,208.0,0,0,0,0,0,0
69.1,69.8,68.4,53.3,53.0,53.6,62.4,62.0,62.8,20.0,17.4,22.6,1.03,11.8,0.315,10.2,9.15,16.3,0.291,7.38,6.15,0.0358,0.397,0.79,112.0,91.0,340,98,1000,8.3,30.6,12.0,14.2,12.9,14.1,11.4,13.1,14.8,12.3,14.1,27.5,9.0,19.6,214.0,0,0,0,0,0,0
69.1,69.0,69.2,54.5,54.6,54.4,60.6,59.2,62.0,20.3,19.4,21.2,1.02,11.7,0.314,10.3,9.05,16.4,0.284,7.33,6.18,0.0377,0.396,0.789,124.0,94.0,510,210,1000,6.7,31.1,12.8,13.4,12.7,12.1,12.1,13.5,13.0,11.3,12.4,26.8,8.8,17.9,205.0,0,0,0,0,0,0
68.2,67.6,68.8,55.6,53.8,57.4,64.4,64.8,64.0,21.6,21.2,22.0,1.03,11.7,0.316,10.5,9.09,16.6,0.282,7.38,6.29,0.0366,0.403,0.803,123.0,94.0,510,140,1000,7.5,29.4,12.3,12.9,15.5,12.5,13.7,13.2,13.0,14.0,13.7,27.5,8.3,17.5,211.0,0,0,0,0,0,0
71.6,71.8,71.4,57.4,55.8,59.0,76.6,77.4,75.8,19.8,19.6,20.0,1.03,11.8,0.316,10.5,9.11,17.1,0.291,7.29,6.35,0.0357,0.862,0.823,123.0,95.0,280,100,1000,8.7,30.2,13.0,12.0,15.0,14.7,14.9,13.5,13.3,12.9,13.4,27.8,8.5,18.7,217.0,0,0,0,0,0,0
67.1,69.4,64.8,55.6,53.4,57.8,65.2,63.8,66.6,21.7,24.8,18.6,1.09,12.6,0.339,11.1,9.65,18.0,0.315,7.66,6.76,0.0366,0.882,0.882,121.0,94.0,230,97,1000,9.9,30.9,12.2,14.5,12.3,13.7,14.3,13.0,12.5,12.3,12.9,27.7,9.6,19.6,215.0,0,0,0,0,0,0
67.4,68.2,66.6,54.9,56.0,53.8,65.5,66.0,65.0,20.4,18.0,22.8,1.17,13.1,0.354,11.9,10.2,19.1,0.329,8.3,7.18,0.0366,0.903,0.924,119.0,93.0,200,67,1000,10.4,31.4,11.7,15.3,12.8,13.2,13.0,11.4,12.0,14.3,13.2,27.1,8.9,19.5,214.0,0,0,0,0,0,0
66.5,67.2,65.8,31.4,33.6,29.2,63.8,62.0,65.6,20.6,16.4,24.8,1.22,13.8,0.371,12.5,10.8,20.0,0.345,8.66,7.67,0.0358,0.924,0.974,120.0,94.0,250,92,1000,10.0,29.9,12.8,12.8,12.0,13.7,15.1,11.6,13.7,13.9,12.1,25.0,7.6,18.0,208.0,0,0,0,0,0,0
48.2,50.0,46.4,47.2,46.6,47.8,52.6,49.8,55.4,19.9,16.0,23.8,0.558,7.0,0.181,6.11,5.98,8.11,0.158,4.37,3.12,0.0382,0.243,0.463,46.1,34.0,130,40,600,43.6,17.8,7.1,8.5,7.4,7.9,6.7,7.0,9.0,6.4,8.4,15.0,4.8,10.0,160.0,0,0,0,0,0,0
52.3,54.2,50.4,45.5,45.8,45.2,51.1,49.6,52.6,20.4,18.0,22.8,0.594,7.06,0.185,6.15,6.0,8.33,0.167,4.56,3.15,0.0363,0.252,0.466,44.8,33.0,120,29,600,21.0,19.5,8.0,9.3,6.8,9.1,7.4,8.2,7.7,7.5,7.7,16.1,5.6,10.8,145.0,0,0,0,0,0,0
53.7,53.2,54.2,49.8,49.4,50.2,54.4,53.4,55.4,19.9,23.6,16.2,0.607,7.33,0.193,6.42,6.22,8.55,0.176,4.65,3.29,0.0381,0.256,0.482,43.8,33.0,94,30,600,5.4,17.9,8.6,7.4,6.4,8.5,7.9,8.5,8.3,7.1,7.1,16.2,6.6,12.1,128.0,0,0,0,0,0,0
53.1,51.0,55.2,46.8,45.4,48.2,52.9,55.0,50.8,21.1,19.6,22.6,0.643,7.46,0.197,6.5,6.23,8.75,0.181,4.8,3.44,0.0372,0.261,0.506,43.3,32.0,92,31,600,6.0,15.2,7.8,9.3,7.7,8.5,9.2,7.9,10.5,7.8,8.7,20.4,7.2,11.7,138.0,0,0,0,0,0,0
53.4,53.6,53.2,46.8,46.4,47.2,56.8,56.6,57.0,20.3,23.6,17.0,0.668,7.56,0.207,6.85,6.41,9.08,0.185,4.91,3.49,0.0372,0.266,0.502,43.5,32.0,99,31,600,6.3,14.5,8.0,10.1,8.7,8.6,9.4,7.6,8.3,8.8,9.2,21.1,7.4,11.0,139.0,0,0,0,0,0,0
50.0,48.8,51.2,46.2,47.2,45.2,50.7,50.2,51.2,18.9,14.4,23.4,0.672,7.79,0.214,7.02,6.38,9.2,0.195,5.0,3.6,0.0371,0.273,0.519,42.6,32.0,93,29,600,5.9,15.5,8.1,8.3,8.6,8.6,9.7,7.6,7.5,9.2,8.6,19.1,6.8,11.6,135.0,0,0,0,0,0,0
54.0,53.6,54.4,44.5,45.6,43.4,63.2,61.8,64.6,19.8,19.2,20.4,0.665,7.85,0.211,7.06,6.49,9.39,0.19,5.07,3.72,0.0372,0.747,0.532,42.5,32.0,86,30,600,6.5,14.3,8.0,7.4,8.1,8.4,9.7,8.1,9.9,8.6,8.1,17.5,6.1,11.5,132.0,0,0,0,0,0,0
53.8,52.8,54.8,50.7,51.4,50.0,52.2,50.6,53.8,20.6,23.2,18.0,0.674,8.0,0.213,7.26,6.7,9.38,0.194,5.15,3.78,0.0382,0.748,0.538,41.7,31.0,85,30,600,6.4,15.5,7.3,8.0,8.5,8.2,9.1,9.0,9.4,8.5,9.2,15.1,5.6,11.1,131.0,0,0,0,0,0,0
54.8,54.8,54.8,49.2,46.6,51.8,54.6,54.2,55.0,19.6,17.2,22.0,0.71,8.03,0.222,7.22,6.78,9.7,0.2,5.22,3.85,0.0372,0.753,0.554,42.3,32.0,100,30,600,5.3,17.4,7.4,8.8,7.8,8.4,9.5,8.5,8.2,9.1,9.6,16.3,5.8,10.8,133.0,0,0,0,0,0,0
52.4,51.8,53.0,50.0,50.6,49.4,50.4,48.2,52.6,21.2,20.8,21.6,0.72,8.1,0.224,7.52,6.74,10.0,0.2,5.32,3.97,0.0372,0.757,0.56,42.1,31.0,110,32,600,6.5,16.1,7.9,6.8,7.3,8.7,9.2,7.4,7.9,8.0,8.9,17.8,6.5,11.9,131.0,0,0,0,0,0,0
52.9,51.0,54.8,46.8,48.0,45.6,51.5,50.6,52.4,19.9,17.0,22.8,0.729,8.39,0.231,7.68,7.05,10.1,0.205,5.48,4.05,0.0362,0.762,0.578,42.0,31.0,95,29,600,6.4,16.2,9.5,6.2,7.6,8.3,7.6,8.2,7.3,7.7,9.6,18.6,6.3,11.2,131.0,0,0,0,0,0,0
52.2,51.6,52.8,46.9,45.2,48.6,51.8,52.8,50.8,21.4,23.0,19.8,0.75,8.54,0.232,7.7,7.1,10.5,0.21,5.66,4.09,0.0362,0.771,0.582,42.0,32.0,91,30,600,6.5,16.2,9.2,7.4,7.0,9.3,8.7,9.5,7.7,7.9,9.6,19.2,5.7,11.2,135.0,0,0,0,0,0,0
52.9,53.4,52.4,46.3,45.4,47.2,52.9,53.8,52.0,19.6,22.4,16.8,0.753,8.73,0.234,7.86,7.17,10.6,0.211,5.77,4.24,0.0382,0.77,0.597,41.8,32.0,90,31,600,7.0,15.2,8.6,8.1,7.5,9.3,10.0,8.0,8.1,6.8,8.6,17.6,4.8,11.7,131.0,0,0,0,0,0,0
52.3,53.4,51.2,48.9,47.4,50.4,49.7,48.6,50.8,21.1,20.2,22.0,0.754,8.73,0.236,8.12,7.18,10.9,0.212,5.81,4.29,0.0374,0.776,0.608,41.5,31.0,87,30,600,5.7,16.7,8.6,7.5,7.4,8.4,8.5,7.6,8.6,7.2,7.9,17.0,4.9,11.4,127.0,0,0,0,0,0,0
53.8,53.8,53.8,44.3,44.6,44.0,55.8,56.2,55.4,20.6,22.4,18.8,0.777,9.1,0.24,8.37,7.64,11.3,0.221,6.01,4.47,0.0384,0.786,0.645,41.5,31.0,91,30,600,4.4,17.2,7.7,7.4,8.3,8.7,7.4,8.6,7.9,8.6,6.7,17.6,5.7,12.6,129.0,0,0,0,0,0,0
53.7,54.6,52.8,45.4,47.8,43.0,52.1,49.6,54.6,19.6,21.0,18.2,0.823,9.61,0.256,8.88,7.97,11.9,0.234,6.35,4.65,0.0365,0.798,0.683,41.3,31.0,94,30,600,5.6,17.4,8.5,8.0,8.7,9.9,7.4,7.7,6.6,8.7,6.2,17.8,5.3,12.5,130.0,0,0,0,0,0,0
49.7,50.2,49.2,40.0,40.6,39.4,52.4,52.4,52.4,20.2,18.0,22.4,0.872,10.0,0.263,9.25,8.44,12.5,0.242,6.75,4.91,0.0366,0.817,0.719,41.3,31.0,91,29,600,7.2,17.4,8.9,9.0,8.4,9.3,6.7,7.2,7.8,8.3,7.8,18.1,5.5,10.6,132.0,0,0,0,0,0,0
66.4,65.0,67.8,54.4,52.0,56.8,60.4,60.4,60.4,20.6,22.8,18.4,0.744,9.19,0.231,8.18,7.51,11.6,0.215,5.91,4.46,0.0389,0.782,0.644,79.4,62.0,240,94,800,44.7,21.9,12.1,8.8,9.6,9.8,7.2,10.7,9.8,9.1,11.0,19.6,7.2,12.7,194.0,0,0,0,0,0,0
60.7,59.8,61.6,57.7,57.6,57.8,61.0,60.4,61.6,20.9,18.3,23.5,0.769,9.19,0.232,8.23,7.71,11.9,0.212,6.06,4.47,0.0389,0.783,0.65,74.4,58.0,240,65,800,27.7,24.4,12.5,9.0,9.6,10.5,10.5,12.2,10.8,10.0,13.0,25.0,8.5,14.6,198.0,0,0,0,0,0,0
62.4,61.8,63.0,55.4,54.6,56.2,56.8,56.4,57.2,19.8,20.3,19.3,0.756,9.48,0.232,8.48,7.81,12.1,0.214,6.16,4.62,0.0378,0.322,0.648,70.5,55.0,130,43,800,11.4,23.8,11.5,10.6,11.7,10.4,11.2,11.9,10.6,10.1,12.5,24.7,8.3,15.2,184.0,0,0,0,0,0,0
62.6,61.0,64.2,52.0,53.8,50.2,61.3,61.0,61.6,20.5,19.2,21.8,0.786,9.65,0.242,8.52,7.88,12.4,0.22,6.24,4.68,0.0378,0.328,0.665,67.9,53.0,120,41,800,9.3,22.3,12.0,12.2,11.6,12.3,9.6,11.5,11.0,10.4,11.4,22.2,7.1,14.0,177.0,0,0,0,0,0,0
62.2,61.8,62.6,53.1,52.4,53.8,57.8,57.4,58.2,20.4,22.8,18.0,0.764,9.7,0.237,8.61,8.16,12.4,0.221,6.31,4.73,0.0379,0.33,0.66,65.9,51.0,120,41,800,8.8,20.6,10.8,11.6,9.5,12.5,10.0,13.2,11.4,11.1,12.3,23.7,6.5,16.0,178.0,0,0,0,0,0,0
63.1,61.8,64.4,50.0,49.4,50.6,59.1,59.6,58.6,21.2,18.2,24.2,0.77,9.79,0.24,8.63,8.28,12.5,0.221,6.35,4.85,0.0379,0.341,0.674,65.3,51.0,140,46,800,8.9,23.9,9.3,9.5,9.5,11.7,10.0,11.8,11.4,10.6,12.4,22.3,6.4,16.0,174.0,0,0,0,0,0,0
59.2,58.2,60.2,50.8,52.6,49.0,56.5,57.6,55.4,20.4,19.0,21.8,0.792,9.89,0.245,8.64,8.32,12.9,0.229,6.37,4.9,0.0387,0.34,0.697,63.1,49.0,120,41,800,8.8,25.2,8.6,9.2,10.1,11.0,10.5,9.9,10.7,9.7,11.2,19.8,6.8,14.8,166.0,0,0,0,0,0,0
60.7,60.0,61.4,51.4,52.0,50.8,59.4,58.8,60.0,20.0,17.6,22.4,0.802,9.98,0.252,8.79,8.49,12.8,0.232,6.43,4.96,0.0387,0.339,0.704,62.2,48.0,110,37,800,8.0,26.0,9.5,10.0,10.2,10.0,10.3,9.7,10.0,10.4,11.9,20.9,7.5,15.9,170.0,0,0,0,0,0,0
62.0,61.4,62.6,52.9,54.8,51.0,57.4,56.4,58.4,21.3,23.2,19.4,0.818,10.1,0.258,8.8,8.68,13.2,0.234,6.39,5.06,0.0376,0.348,0.705,60.9,47.0,110,38,800,8.1,24.8,11.3,10.4,10.2,10.2,9.2,11.0,10.3,10.3,11.4,21.6,7.5,15.0,171.0,0,0,0,0,0,0
64.2,63.0,65.4,54.7,55.2,54.2,58.5,60.8,56.2,20.6,18.6,22.6,0.834,10.2,0.266,8.84,8.79,13.2,0.245,6.57,5.16,0.0376,0.348,0.718,60.2,47.0,110,39,800,6.9,23.7,12.0,11.2,11.6,11.7,10.0,12.4,9.7,9.5,10.2,20.8,7.2,14.6,172.0,0,0,0,0,0,0
65.7,66.2,65.2,51.5,50.8,52.2,59.2,60.2,58.2,21.8,23.8,19.8,0.876,10.3,0.272,9.01,8.8,13.6,0.252,6.67,5.22,0.0365,0.356,0.736,60.0,47.0,130,45,800,5.9,25.1,10.6,11.6,11.3,12.6,10.9,11.8,10.3,9.5,10.1,23.7,8.3,14.8,177.0,0,0,0,0,0,0
64.8,63.6,66.0,53.8,53.0,54.6,69.3,67.6,71.0,19.7,16.8,22.6,0.901,10.4,0.277,8.9,9.02,14.0,0.255,6.82,5.32,0.0376,0.823,0.74,60.2,47.0,140,51,800,6.6,23.0,9.1,11.2,9.5,11.3,11.4,11.9,12.1,10.0,11.5,26.5,8.5,14.3,177.0,0,0,0,0,0,0
62.7,64.6,60.8,53.8,54.0,53.6,60.1,58.2,62.0,20.6,22.6,18.6,0.912,10.6,0.285,9.18,9.04,14.2,0.269,6.82,5.43,0.0385,0.82,0.749,59.5,47.0,130,47,800,7.6,23.1,9.2,10.9,10.5,10.7,10.2,11.2,10.9,10.3,12.1,23.2,7.8,15.5,173.0,0,0,0,0,0,0
64.8,64.0,65.6,53.7,52.8,54.6,60.6,60.8,60.4,20.2,20.8,19.6,0.954,10.8,0.297,9.27,9.46,14.7,0.279,7.0,5.54,0.0384,0.83,0.788,59.2,47.0,110,44,800,7.9,24.6,10.0,11.1,10.6,12.1,10.4,10.3,11.0,11.6,11.6,21.4,8.4,15.4,176.0,0,0,0,0,0,0
62.7,64.4,61.0,52.5,53.2,51.8,59.4,58.4,60.4,20.5,21.4,19.6,1.01,11.6,0.305,9.82,10.1,15.6,0.293,7.54,5.98,0.0367,0.853,0.843,58.8,47.0,120,44,800,7.8,24.0,10.3,11.2,9.9,12.8,12.5,9.5,12.4,12.2,11.4,22.8,8.1,13.9,179.0,0,0,0,0,0,0
61.9,61.6,62.2,53.5,53.6,53.4,60.3,59.4,61.2,20.7,24.2,17.2,1.07,12.0,0.323,10.4,10.7,16.4,0.312,8.01,6.29,0.0376,0.869,0.879,58.4,46.0,120,42,800,7.5,21.7,11.6,12.0,10.8,10.4,11.6,9.8,11.6,10.7,11.3,24.7,7.5,13.8,175.0,0,0,0,0,0,0
71.8,73.4,70.2,54.4,53.8,55.0,61.3,60.8,61.8,21.2,23.4,19.0,0.959,11.2,0.292,9.54,9.27,14.9,0.28,7.0,5.54,0.0373,0.826,0.759,169.0,110.0,680,280,1000,32.6,26.0,12.3,15.4,10.1,13.8,12.3,12.9,11.7,10.6,10.8,24.8,7.5,16.5,217.0,0,0,0,0,0,0
69.9,71.8,68.0,56.3,56.2,56.4,63.2,64.8,61.6,20.3,22.2,18.4,0.972,11.0,0.3,9.56,9.18,15.2,0.281,7.08,5.77,0.0365,0.839,0.753,161.0,110.0,660,220,1000,19.2,27.0,13.2,13.2,12.0,13.8,12.8,13.7,14.6,13.2,11.8,28.7,9.4,17.4,220.0,0,0,0,0,0,0
69.2,68.2,70.2,56.4,54.8,58.0,62.1,61.0,63.2,21.0,17.8,24.2,0.997,11.3,0.306,9.65,9.18,15.7,0.285,7.14,5.87,0.0374,0.838,0.764,154.0,110.0,250,100,1000,11.6,25.1,13.7,11.7,14.8,13.9,13.2,12.2,15.5,15.8,13.2,30.1,11.0,17.9,220.0,0,0,0,0,0,0
69.8,72.8,66.8,53.6,53.0,54.2,63.2,64.8,61.6,20.1,18.2,22.0,0.985,11.3,0.303,9.82,9.06,15.7,0.291,7.12,5.86,0.0364,0.835,0.764,148.0,110.0,220,100,1000,8.7,26.2,14.3,12.6,14.9,14.2,13.5,14.2,13.2,15.3,14.4,29.2,9.6,19.8,220.0,0,0,0,0,0,0
68.8,69.0,68.6,54.9,55.0,54.8,61.3,61.4,61.2,23.6,25.6,21.6,1.01,11.3,0.3,9.83,9.23,16.0,0.29,7.04,5.89,0.0364,0.843,0.778,158.0,110.0,430,130,1000,7.7,27.6,14.8,13.6,13.7,13.8,13.7,16.1,10.5,13.3,13.5,27.2,9.1,20.4,215.0,0,0,0,0,0,0
71.0,72.6,69.4,54.6,55.4,53.8,65.9,64.8,67.0,20.4,19.2,21.6,0.992,11.5,0.303,9.86,9.1,16.1,0.292,7.18,5.96,0.0375,0.842,0.762,156.0,110.0,440,170,1000,8.4,28.1,13.1,13.4,12.4,13.1,14.2,15.2,11.1,13.2,14.9,27.2,9.4,20.2,214.0,0,0,0,0,0,0
68.4,68.8,68.0,57.1,56.8,57.4,60.2,60.0,60.4,22.0,23.8,20.2,0.98,11.5,0.306,9.94,9.16,16.2,0.29,7.13,6.14,0.0373,0.389,0.762,156.0,110.0,340,120,1000,9.6,28.0,12.1,12.9,11.4,13.0,13.5,14.2,11.4,14.4,16.5,28.9,9.1,21.0,216.0,0,0,0,0,0,0
67.9,67.4,68.4,57.0,59.2,54.8,63.4,63.4,63.4,19.9,23.7,16.1,0.999,11.5,0.301,10.1,9.31,16.3,0.289,7.1,6.19,0.0363,0.394,0.783,153.0,110.0,320,110,1000,9.5,27.6,12.9,13.1,13.0,12.9,11.8,13.4,11.7,13.3,15.2,26.8,8.2,19.5,209.0,0,0,0,0,0,0
69.4,70.0,68.8,59.6,60.8,58.4,63.7,62.6,64.8,22.7,19.7,25.7,0.992,11.5,0.311,10.2,9.14,16.7,0.29,7.15,6.24,0.0362,0.389,0.789,152.0,110.0,300,120,1000,8.9,27.4,14.3,12.9,13.8,13.3,12.6,12.6,13.2,12.1,12.6,26.4,8.6,19.3,208.0,0,0,0,0,0,0
71.4,72.0,70.8,59.9,61.2,58.6,64.6,64.6,64.6,20.6,22.2,19.0,1.02,11.6,0.324,10.3,9.03,16.7,0.295,7.2,6.22,0.0371,0.398,0.783,147.0,110.0,260,98,1000,9.0,27.8,15.4,14.4,13.8,14.2,13.6,12.5,12.6,11.1,11.5,28.9,9.1,20.7,215.0,0,0,0,0,0,0
70.5,71.8,69.2,57.3,56.6,58.0,73.9,73.4,74.4,20.9,25.2,16.6,1.04,11.7,0.324,10.2,9.01,16.9,0.303,7.22,6.29,0.0362,0.893,0.799,148.0,110.0,260,100,1000,9.2,27.9,14.3,14.1,14.0,15.0,13.2,14.3,14.1,12.1,12.5,30.0,10.4,18.2,219.0,0,0,0,0,0,0
71.0,68.6,73.4,55.3,56.0,54.6,65.4,64.2,66.6,21.3,17.8,24.8,1.07,11.8,0.333,10.5,9.33,17.4,0.31,7.34,6.5,0.0371,0.89,0.82,146.0,110.0,290,120,1000,7.9,29.0,13.6,13.3,12.6,14.5,13.9,13.9,14.2,13.9,13.8,29.8,10.7,19.4,220.0,0,0,0,0,0,0
70.0,69.6,70.4,58.6,59.8,57.4,62.3,63.6,61.0,21.3,25.6,17.0,1.14,12.5,0.349,11.0,10.0,18.4,0.331,7.64,6.82,0.0372,0.91,0.879,147.0,110.0,300,120,1000,9.3,28.5,13.0,15.3,12.5,13.2,14.2,12.9,12.7,12.8,12.8,29.1,9.4,21.6,217.0,0,0,0,0,0,0
69.1,67.6,70.6,57.5,55.6,59.4,65.1,63.0,67.2,21.9,19.8,24.0,1.22,13.1,0.375,11.8,10.5,19.5,0.35,8.21,7.34,0.037,0.928,0.935,145.0,110.0,290,120,1000,9.8,27.4,12.9,14.3,14.3,13.2,12.6,14.3,12.1,12.0,11.7,31.2,10.6,20.0,216.0,0,0,0,0,0,0
64.2,63.2,65.2,29.0,29.4,28.6,64.4,63.8,65.0,20.9,22.8,19.0,1.29,13.8,0.39,12.3,11.1,20.6,0.367,8.56,7.72,0.0361,0.954,0.975,141.0,110.0,190,75,1000,8.6,27.4,13.5,12.0,14.8,13.8,14.0,14.9,13.2,12.7,13.3,30.0,11.2,19.2,219.0,0,0,0,0,0,0
53.7,51.4,56.0,46.2,46.4,46.0,53.5,53.2,53.8,19.6,22.0,17.2,0.532,6.89,0.175,6.1,5.88,8.04,0.149,4.48,3.19,0.0362,0.254,0.462,51.8,38.0,150,47,600,45.8,16.2,6.7,6.6,8.9,7.3,8.0,7.3,6.1,7.3,7.7,17.5,5.9,10.8,162.0,0,0,0,0,0,0
50.5,49.2,51.8,44.8,43.4,46.2,51.2,49.4,53.0,19.9,23.0,16.8,0.557,7.01,0.178,6.31,6.01,8.26,0.158,4.58,3.27,0.0372,0.256,0.479,49.0,36.0,120,31,600,24.1,16.8,8.3,7.9,7.7,8.4,8.3,8.3,7.3,8.0,8.0,19.8,7.0,13.3,153.0,0,0,0,0,0,0
52.3,53.0,51.6,45.6,46.4,44.8,50.3,50.6,50.0,19.9,21.2,18.6,0.58,7.1,0.189,6.48,6.11,8.6,0.161,4.69,3.3,0.0372,0.261,0.496,46.6,34.0,90,27,600,5.3,17.2,9.0,8.8,6.5,8.0,8.1,9.3,8.0,6.8,6.6,17.1,6.5,10.1,127.0,0,0,0,0,0,0
50.7,52.6,48.8,45.5,44.8,46.2,51.8,53.0,50.6,20.2,17.2,23.2,0.596,7.38,0.196,6.61,6.26,8.69,0.168,4.77,3.42,0.0361,0.27,0.498,45.0,32.0,84,26,600,4.6,18.9,8.4,8.8,8.1,8.4,8.5,8.6,8.0,6.9,7.2,16.7,6.1,9.8,129.0,0,0,0,0,0,0
55.2,55.2,55.2,48.0,46.8,49.2,50.2,50.8,49.6,19.9,19.8,20.0,0.618,7.45,0.195,6.61,6.44,8.97,0.174,4.88,3.47,0.0369,0.277,0.507,44.4,32.0,86,30,600,4.4,17.3,7.5,8.2,8.8,9.1,8.5,9.1,8.2,7.8,8.7,16.6,6.2,11.5,132.0,0,0,0,0,0,0
50.4,51.0,49.8,46.1,44.2,48.0,50.4,51.6,49.2,21.3,21.2,21.4,0.624,7.59,0.203,6.79,6.52,9.04,0.18,5.0,3.56,0.036,0.281,0.523,43.5,32.0,85,30,600,5.5,15.5,7.0,9.3,8.8,8.8,9.9,8.7,8.1,8.1,6.4,17.1,6.4,11.2,131.0,0,0,0,0,0,0
51.9,51.4,52.4,44.2,43.8,44.6,62.7,63.8,61.6,19.6,17.6,21.6,0.649,7.66,0.206,6.97,6.66,9.29,0.184,5.05,3.68,0.0378,0.775,0.536,43.4,32.0,91,31,600,5.6,16.5,7.2,8.4,9.8,7.9,9.6,8.3,7.7,7.8,5.6,17.9,6.2,9.6,128.0,0,0,0,0,0,0
49.4,50.6,48.2,44.9,42.6,47.2,49.0,50.0,48.0,20.5,20.8,20.2,0.639,7.84,0.203,6.96,6.77,9.44,0.183,5.13,3.72,0.0369,0.774,0.535,42.9,32.0,98,30,600,4.9,16.7,8.5,7.0,9.1,7.3,9.3,8.9,6.7,8.6,7.6,16.9,5.0,10.8,127.0,0,0,0,0,0,0
52.3,51.4,53.2,44.6,43.2,46.0,53.9,53.8,54.0,20.6,20.4,20.8,0.669,7.86,0.211,7.06,6.72,9.64,0.188,5.22,3.77,0.0381,0.779,0.541,42.6,32.0,90,30,600,5.7,15.3,9.5,6.9,7.8,7.4,9.4,7.8,6.9,10.2,7.4,15.1,4.0,11.8,125.0,0,0,0,0,0,0
52.2,53.6,50.8,47.3,44.6,50.0,48.7,48.4,49.0,19.9,18.4,21.4,0.685,7.9,0.215,7.22,6.98,9.96,0.194,5.31,3.84,0.0372,0.786,0.56,42.7,32.0,92,33,600,5.4,16.8,8.9,7.0,9.4,8.0,7.9,8.0,7.4,9.1,7.3,15.3,4.8,11.1,126.0,0,0,0,0,0,0
51.3,50.4,52.2,47.5,46.6,48.4,51.3,50.4,52.2,19.5,16.6,22.4,0.703,8.14,0.222,7.21,7.07,10.2,0.2,5.41,3.94,0.0363,0.789,0.575,42.5,32.0,98,32,600,5.1,18.0,7.0,8.1,9.8,8.2,7.5,8.1,7.5,8.5,7.5,17.3,5.4,11.7,130.0,0,0,0,0,0,0
56.5,56.8,56.2,46.7,49.0,44.4,53.5,52.6,54.4,21.9,19.4,24.4,0.74,8.25,0.229,7.43,7.09,10.3,0.204,5.52,4.1,0.0373,0.792,0.581,42.4,32.0,91,31,600,6.4,16.2,5.4,7.8,9.3,7.2,8.3,7.5,10.0,8.8,6.7,16.4,5.5,10.6,126.0,0,0,0,0,0,0
56.6,54.6,58.6,47.6,47.6,47.6,53.3,53.0,53.6,21.2,24.2,18.2,0.751,8.48,0.236,7.54,7.42,10.5,0.211,5.73,4.23,0.037,0.8,0.592,42.1,32.0,90,32,600,6.2,16.2,7.0,9.1,9.1,6.7,8.0,8.3,9.4,8.6,7.5,17.9,5.7,10.4,130.0,0,0,0,0,0,0
49.7,47.6,51.8,48.6,48.8,48.4,50.9,53.2,48.6,19.9,22.2,17.6,0.749,8.66,0.228,7.85,7.55,10.5,0.211,5.65,4.19,0.038,0.803,0.601,41.8,32.0,84,30,600,5.0,17.3,8.5,9.5,8.5,8.5,7.5,9.0,8.0,7.6,7.4,19.8,6.5,10.1,133.0,0,0,0,0,0,0
53.8,51.8,55.8,48.1,49.0,47.2,53.5,54.2,52.8,20.2,20.6,19.8,0.802,8.84,0.247,8.02,7.96,11.3,0.222,6.0,4.34,0.0369,0.812,0.637,41.6,32.0,86,30,600,6.4,17.7,7.9,7.3,8.2,8.3,7.1,8.6,9.8,7.8,8.0,17.9,6.8,9.7,132.0,0,0,0,0,0,0
54.2,56.2,52.2,46.6,48.4,44.8,54.6,53.2,56.0,19.4,17.6,21.2,0.841,9.34,0.259,8.43,8.33,11.8,0.236,6.33,4.59,0.0359,0.833,0.669,41.7,32.0,93,31,600,7.1,16.7,7.6,7.5,8.1,7.6,6.8,7.4,8.8,11.0,7.9,17.5,6.4,11.9,132.0,0,0,0,0,0,0
56.0,55.8,56.2,41.1,39.2,43.0,51.7,50.4,53.0,19.8,21.6,18.0,0.878,9.83,0.27,8.94,8.78,12.5,0.251,6.65,4.93,0.0368,0.849,0.712,41.7,32.0,98,31,600,7.2,16.0,8.2,9.3,7.2,8.9,7.5,6.0,7.0,10.8,7.7,17.5,5.6,12.5,131.0,0,0,0,0,0,0
63.5,63.8,63.2,52.2,52.0,52.4,62.2,61.2,63.2,21.5,22.4,20.6,0.783,9.36,0.239,8.07,7.64,11.4,0.214,5.84,4.46,0.0356,0.816,0.637,70.9,54.0,230,78,800,48.3,21.3,8.7,10.3,9.7,10.0,9.5,9.5,10.3,9.1,11.6,18.8,6.9,12.2,196.0,0,0,0,0,0,0
62.3,63.4,61.2,54.7,55.0,54.4,61.7,62.2,61.2,20.5,19.4,21.6,0.803,9.38,0.236,8.24,7.86,11.7,0.214,5.97,4.51,0.0366,0.817,0.644,66.8,50.0,230,53,800,26.3,25.0,11.1,11.7,11.3,10.3,11.7,10.5,12.7,11.9,11.0,21.6,9.1,14.6,199.0,0,0,0,0,0,0
61.7,60.4,63.0,53.7,53.6,53.8,57.0,58.8,55.2,20.4,20.8,20.0,0.816,9.47,0.246,8.39,7.85,11.7,0.22,6.12,4.53,0.0364,0.341,0.643,64.3,48.0,120,40,800,6.8,23.1,11.7,9.8,11.8,11.0,11.7,11.5,12.3,13.9,10.7,23.4,8.7,15.3,182.0,0,0,0,0,0,0
60.8,59.2,62.4,53.0,52.0,54.0,60.3,58.6,62.0,21.2,22.8,19.6,0.848,9.69,0.263,8.55,7.95,12.1,0.232,6.16,4.69,0.0373,0.344,0.68,62.9,48.0,130,42,800,6.9,22.0,11.3,9.5,11.0,11.9,11.2,11.3,12.3,12.3,10.5,24.2,8.6,14.1,177.0,0,0,0,0,0,0
62.9,63.8,62.0,53.1,52.0,54.2,58.1,56.0,60.2,20.4,19.2,21.6,0.863,9.79,0.265,8.68,8.15,12.5,0.239,6.33,4.78,0.0353,0.347,0.693,61.7,47.0,140,43,800,7.3,21.5,11.9,9.5,11.2,10.2,11.0,9.9,12.4,11.7,11.5,24.3,8.6,14.4,175.0,0,0,0,0,0,0
61.3,62.4,60.2,52.8,53.2,52.4,60.5,59.8,61.2,22.1,20.8,23.4,0.878,10.1,0.271,8.81,8.22,12.5,0.264,6.37,4.91,0.037,0.355,0.697,60.3,46.0,120,41,800,6.1,22.8,13.0,9.3,9.8,9.3,11.7,8.6,10.2,11.2,12.5,23.7,7.6,15.8,172.0,0,0,0,0,0,0
64.3,63.0,65.6,53.3,53.8,52.8,60.3,61.8,58.8,19.7,19.4,20.0,0.928,9.96,0.279,9.04,8.33,12.9,0.274,6.47,4.93,0.036,0.363,0.716,59.5,46.0,110,42,800,7.0,24.2,12.0,9.9,7.9,8.9,11.9,9.8,11.4,11.5,10.4,24.0,9.4,15.3,174.0,0,0,0,0,0,0
58.8,58.6,59.0,51.6,51.0,52.2,60.2,58.0,62.4,20.7,20.2,21.2,0.934,10.2,0.285,9.15,8.37,13.1,0.276,6.51,5.07,0.036,0.365,0.723,58.4,45.0,110,42,800,7.1,22.1,11.3,10.9,9.0,11.1,11.4,11.3,12.4,11.7,9.9,25.5,9.8,15.1,179.0,0,0,0,0,0,0
62.0,62.4,61.6,54.6,54.8,54.4,57.5,59.0,56.0,21.1,24.2,18.0,0.928,10.2,0.282,9.23,8.41,13.3,0.273,6.62,5.09,0.0361,0.366,0.74,57.9,45.0,110,40,800,6.8,21.1,11.9,11.6,10.5,12.8,9.6,11.6,11.0,11.8,10.2,23.8,7.3,15.0,175.0,0,0,0,0,0,0
63.5,63.8,63.2,52.4,53.3,51.5,58.5,59.2,57.8,20.2,16.8,23.6,0.939,10.3,0.293,9.25,8.46,13.6,0.28,6.76,5.29,0.036,0.372,0.747,57.9,45.0,140,44,800,7.5,22.6,12.0,11.3,10.5,10.9,9.4,11.9,12.4,11.8,9.7,21.7,7.3,14.8,174.0,0,0,0,0,0,0
59.2,57.4,61.0,50.9,49.9,51.9,65.6,63.6,67.6,22.0,20.8,23.2,0.945,10.5,0.289,9.3,8.42,13.6,0.28,6.72,5.31,0.0352,0.472,0.74,57.5,45.0,130,44,800,6.2,22.5,12.2,11.5,10.4,10.8,11.2,10.6,10.9,11.1,10.5,23.2,7.9,15.8,175.0,0,0,0,0,0,0
62.9,63.2,62.6,54.1,54.6,53.6,64.4,65.0,63.8,19.7,20.8,18.6,0.961,10.7,0.296,9.42,8.64,13.8,0.283,6.83,5.35,0.037,0.851,0.758,57.6,45.0,130,44,800,5.4,22.9,11.2,10.7,10.8,10.8,11.9,9.3,10.0,10.4,12.0,22.3,6.8,15.3,170.0,0,0,0,0,0,0
59.2,58.6,59.8,52.4,50.0,54.8,60.9,62.0,59.8,22.2,24.8,19.6,0.977,10.6,0.296,9.49,8.63,14.0,0.286,6.99,5.44,0.0351,0.857,0.754,57.1,45.0,130,42,800,6.8,22.8,10.4,11.9,12.0,10.5,11.4,9.4,12.2,10.7,11.8,21.8,7.7,13.5,173.0,0,0,0,0,0,0
61.0,61.0,61.0,51.3,51.0,51.6,59.5,58.0,61.0,19.3,22.2,16.4,1.01,10.9,0.304,9.84,8.83,14.4,0.298,7.15,5.54,0.0359,0.868,0.763,56.3,44.0,110,38,800,8.9,20.3,10.4,11.1,11.9,11.2,10.3,11.3,12.0,10.6,12.9,22.1,8.9,12.6,175.0,0,0,0,0,0,0
60.3,59.2,61.4,51.9,52.2,51.6,57.1,55.8,58.4,21.7,18.0,25.4,1.05,11.5,0.315,10.4,9.48,15.4,0.307,7.54,5.98,0.0369,0.883,0.806,55.6,43.0,97,35,800,8.8,19.9,11.3,11.8,10.1,11.6,10.5,10.7,10.6,9.5,13.8,21.1,7.5,12.2,169.0,0,0,0,0,0,0
61.2,61.6,60.8,51.8,51.0,52.6,59.9,60.2,59.6,19.9,17.8,22.0,1.1,12.1,0.332,11.0,9.91,16.1,0.325,7.93,6.23,0.0359,0.905,0.841,55.6,43.0,120,38,800,8.3,20.2,10.8,12.3,11.1,11.1,11.6,10.6,11.0,10.5,11.7,20.0,5.7,13.5,168.0,0,0,0,0,0,0
70.3,67.0,73.6,54.6,55.8,53.4,61.5,62.2,60.8,21.3,22.6,20.0,0.921,10.9,0.283,9.8,8.62,14.9,0.258,6.9,5.55,0.0351,0.855,0.714,154.0,110.0,580,230,1000,30.2,25.1,13.8,10.8,12.0,13.1,11.1,13.1,11.8,11.5,15.5,26.3,7.7,15.9,218.0,0,0,0,0,0,0
68.4,68.2,68.6,55.9,54.6,57.2,64.9,66.2,63.6,21.4,20.8,22.0,0.909,11.0,0.282,9.76,8.63,14.8,0.259,6.9,5.66,0.0362,0.854,0.706,149.0,100.0,540,190,1000,20.3,27.5,12.5,13.4,13.3,14.1,14.0,15.2,15.1,12.2,13.8,27.3,9.4,17.9,226.0,0,0,0,0,0,0
70.0,68.2,71.8,55.9,54.1,57.7,64.0,65.0,63.0,20.7,23.6,17.8,0.907,11.2,0.284,9.84,8.79,15.1,0.263,7.06,5.6,0.0362,0.858,0.733,140.0,99.0,230,82,1000,11.6,27.8,13.3,13.1,13.7,14.8,14.1,14.7,13.3,12.3,12.7,27.2,9.6,19.6,218.0,0,0,0,0,0,0
66.7,67.0,66.4,56.9,54.5,59.3,64.0,64.0,64.0,21.4,20.0,22.8,0.933,11.3,0.291,9.87,8.8,15.1,0.269,7.01,5.82,0.0362,0.859,0.72,133.0,96.0,190,75,1000,10.2,26.7,14.7,13.0,13.6,14.3,14.0,15.7,12.7,13.1,12.2,27.9,9.2,19.0,216.0,0,0,0,0,0,0
70.1,68.2,72.0,55.3,57.2,53.4,66.0,64.6,67.4,20.1,21.6,18.6,0.955,11.4,0.299,10.1,8.82,15.2,0.28,7.06,5.89,0.0361,0.863,0.723,129.0,96.0,190,86,1000,9.3,26.8,15.2,14.1,13.4,15.1,14.3,14.5,12.3,14.6,11.9,28.1,9.5,16.1,215.0,0,0,0,0,0,0
68.7,67.4,70.0,54.7,54.4,55.0,65.5,65.0,66.0,22.2,20.8,23.6,0.958,11.5,0.298,10.2,8.97,15.6,0.291,7.05,6.01,0.0361,0.77,0.746,129.0,98.0,220,100,1000,8.9,28.5,14.7,14.0,12.5,14.9,15.1,12.1,11.1,13.7,12.6,28.9,9.9,17.0,214.0,0,0,0,0,0,0
69.0,69.0,69.0,53.6,50.6,56.6,62.0,61.4,62.6,20.5,17.2,23.8,0.961,11.4,0.303,10.2,8.98,16.0,0.295,7.12,6.09,0.0351,0.387,0.754,132.0,100.0,310,120,1000,10.5,29.4,12.6,12.9,13.6,12.9,15.6,11.4,13.8,12.9,13.5,30.3,10.2,19.1,219.0,0,0,0,0,0,0
68.2,67.6,68.8,57.5,55.4,59.6,63.7,64.8,62.6,21.5,20.0,23.0,0.994,11.6,0.31,10.4,8.98,15.9,0.294,7.09,6.06,0.0371,0.387,0.77,130.0,99.0,310,110,1000,9.9,28.7,12.3,12.2,13.2,10.9,14.4,12.8,14.6,13.0,13.4,27.6,9.8,19.2,212.0,0,0,0,0,0,0
67.7,66.4,69.0,54.0,53.6,54.4,64.0,63.2,64.8,20.1,23.8,16.4,0.985,11.6,0.31,10.3,9.16,16.2,0.297,7.05,6.26,0.0363,0.386,0.774,126.0,97.0,200,82,1000,9.7,28.2,13.0,12.8,12.2,13.0,14.8,13.2,14.6,12.5,13.6,25.7,10.6,18.4,212.0,0,0,0,0,0,0
68.8,66.4,71.2,55.0,53.8,56.2,60.5,58.8,62.2,21.4,22.6,20.2,1.0,11.7,0.312,10.4,8.96,16.5,0.304,7.1,6.25,0.0361,0.401,0.784,138.0,100.0,530,110,1000,10.6,24.9,12.9,14.0,13.4,14.6,13.2,12.2,15.3,13.8,13.3,26.2,9.0,18.3,212.0,0,0,0,0,0,0
71.2,71.0,71.4,53.9,54.4,53.4,75.7,76.2,75.2,19.9,21.0,18.8,1.02,11.8,0.322,10.3,9.11,16.6,0.305,7.12,6.39,0.0362,0.849,0.793,137.0,100.0,530,150,1000,10.1,26.1,11.6,12.9,13.9,14.3,12.2,11.9,13.9,15.0,12.5,28.1,9.5,17.6,210.0,0,0,0,0,0,0
70.4,69.8,71.0,55.6,53.4,57.8,64.3,65.0,63.6,20.3,16.8,23.8,1.05,11.9,0.329,10.3,9.27,17.3,0.321,7.1,6.38,0.0361,0.903,0.815,134.0,100.0,220,98,1000,9.0,27.9,11.9,11.4,14.1,13.2,13.3,11.1,14.3,15.2,12.6,29.2,10.5,18.4,212.0,0,0,0,0,0,0
67.3,66.0,68.6,57.0,57.8,56.2,61.9,60.6,63.2,20.8,24.6,17.0,1.11,12.5,0.349,11.0,9.92,18.2,0.333,7.6,6.81,0.036,0.92,0.864,136.0,100.0,310,110,1000,8.6,26.6,14.3,13.0,13.5,11.4,13.4,12.6,13.5,13.3,12.3,28.0,10.2,20.8,212.0,0,0,0,0,0,0
70.3,70.4,70.2,56.1,57.2,55.0,64.6,64.2,65.0,20.6,22.6,18.6,1.16,13.2,0.364,11.7,10.3,19.2,0.347,8.14,7.22,0.036,0.945,0.921,133.0,100.0,310,110,1000,8.9,29.5,15.0,14.8,13.3,12.4,13.5,13.7,12.0,11.8,12.8,26.8,8.6,20.6,214.0,0,0,0,0,0,0
62.2,63.0,61.4,29.7,32.8,26.6,63.4,63.0,63.8,19.8,19.0,20.6,1.25,14.0,0.378,12.2,10.9,20.3,0.364,8.54,7.61,0.036,0.965,0.964,134.0,100.0,320,96,1000,9.8,30.9,13.3,13.4,13.0,14.8,13.3,13.9,13.0,12.3,14.1,26.5,7.6,18.4,214.0,0,0,0,0,0,0
51.3,50.8,51.8,46.7,48.3,45.2,52.5,52.4,52.6,18.6,16.2,21.0,0.555,6.84,0.178,5.93,6.15,8.02,0.159,4.47,3.11,0.0372,0.248,0.467,45.0,35.0,120,39,600,45.6,15.6,7.5,7.4,8.2,8.1,7.2,7.4,7.2,6.1,7.9,15.6,6.3,9.1,159.0,0,0,0,0,0,0
52.3,52.8,51.8,47.7,48.1,47.3,54.0,54.6,53.4,21.6,21.8,21.4,0.556,6.95,0.179,5.94,6.21,8.4,0.16,4.55,3.22,0.0372,0.254,0.466,43.9,34.0,99,29,600,21.8,17.7,8.1,9.1,6.9,9.2,8.7,9.2,8.9,8.0,8.5,17.5,6.3,11.8,152.0,0,0,0,0,0,0
49.6,49.6,49.6,45.1,44.8,45.4,50.8,52.4,49.2,20.3,23.2,17.4,0.583,7.07,0.189,6.31,6.23,8.37,0.17,4.69,3.31,0.0362,0.261,0.49,42.5,33.0,89,29,600,4.6,16.3,8.9,8.6,7.2,8.9,9.8,8.2,8.6,8.1,8.6,16.9,6.1,12.4,133.0,0,0,0,0,0,0
51.7,50.4,53.0,46.7,48.2,45.2,51.1,48.8,53.4,20.9,21.0,20.8,0.587,7.14,0.191,6.38,6.37,8.48,0.171,4.74,3.36,0.0363,0.265,0.502,41.5,32.0,84,28,600,6.3,16.4,9.1,7.9,8.6,8.8,9.1,6.8,8.4,8.7,7.8,15.9,6.6,11.3,132.0,0,0,0,0,0,0
52.8,51.2,54.4,46.1,44.6,47.6,51.2,50.2,52.2,19.4,22.0,16.8,0.602,7.4,0.196,6.53,6.55,8.76,0.175,4.78,3.46,0.0361,0.27,0.508,41.2,32.0,84,29,600,6.1,19.9,7.1,7.9,7.7,9.6,7.6,7.5,9.3,9.0,7.3,14.2,5.3,11.6,130.0,0,0,0,0,0,0
50.7,50.6,50.8,45.9,44.8,47.0,51.0,52.0,50.0,19.6,23.4,15.8,0.618,7.53,0.198,6.79,6.54,9.03,0.177,4.99,3.52,0.0362,0.27,0.521,41.1,32.0,93,30,600,5.5,20.3,5.8,8.3,7.9,9.9,8.0,8.7,8.6,9.8,7.5,14.7,4.7,11.5,131.0,0,0,0,0,0,0
53.9,54.0,53.8,44.8,44.8,44.8,53.7,53.8,53.6,20.8,17.4,24.2,0.621,7.71,0.204,6.91,6.57,9.26,0.183,5.05,3.69,0.038,0.277,0.535,40.5,31.0,90,28,600,5.4,17.6,7.4,7.9,9.2,9.4,7.5,8.8,8.2,10.1,6.5,17.3,5.8,11.2,132.0,0,0,0,0,0,0
51.4,51.6,51.2,46.5,47.0,46.0,60.9,60.6,61.2,20.4,20.6,20.2,0.619,7.8,0.203,7.04,6.75,9.5,0.182,5.18,3.78,0.0369,0.497,0.529,40.3,31.0,87,28,600,6.1,17.4,9.2,7.3,9.2,8.6,7.8,7.9,8.0,8.7,7.0,17.4,5.2,11.9,132.0,0,0,0,0,0,0
51.7,52.2,51.2,46.4,45.2,47.6,54.9,55.0,54.8,19.2,20.8,17.6,0.643,8.02,0.203,7.21,6.82,9.63,0.186,5.21,3.85,0.0378,0.745,0.545,40.6,31.0,97,30,600,6.8,16.7,8.7,6.9,7.3,8.4,9.0,6.7,8.6,9.1,7.2,16.1,4.5,12.6,129.0,0,0,0,0,0,0
51.1,49.2,53.0,45.4,47.0,43.8,51.0,49.0,53.0,20.1,22.4,17.8,0.634,8.15,0.202,7.41,6.85,9.85,0.186,5.36,3.95,0.036,0.746,0.546,40.2,31.0,93,28,600,7.0,15.6,9.0,7.7,6.4,8.9,7.6,7.4,10.6,9.4,6.5,17.3,4.6,12.1,130.0,0,0,0,0,0,0
50.8,51.8,49.8,44.1,42.0,46.2,53.4,53.2,53.6,20.0,18.8,21.2,0.652,8.33,0.21,7.63,6.89,10.1,0.188,5.5,4.04,0.0379,0.754,0.558,40.1,31.0,89,28,600,7.4,13.9,9.6,9.3,6.7,9.8,8.1,8.0,11.2,8.5,6.9,17.4,4.7,9.8,131.0,0,0,0,0,0,0
56.0,55.0,57.0,46.9,48.0,45.8,54.5,52.6,56.4,20.5,22.4,18.6,0.672,8.42,0.212,7.87,7.02,10.2,0.195,5.57,4.09,0.0371,0.757,0.573,40.2,31.0,90,31,600,6.6,14.8,7.6,8.0,8.3,10.0,7.8,8.2,9.9,8.4,7.6,16.4,4.7,11.0,129.0,0,0,0,0,0,0
51.1,53.4,48.8,46.3,47.8,44.8,54.1,53.6,54.6,20.8,26.0,15.6,0.69,8.64,0.214,8.0,7.13,10.5,0.196,5.64,4.19,0.0379,0.771,0.575,40.8,31.0,110,34,600,5.4,15.7,8.2,7.4,7.9,8.6,6.9,7.5,8.6,10.0,7.8,17.6,5.3,12.5,129.0,0,0,0,0,0,0
56.0,56.8,55.2,44.8,45.8,43.8,56.8,58.2,55.4,19.9,17.0,22.8,0.706,8.89,0.226,8.09,7.3,10.7,0.21,5.73,4.21,0.037,0.776,0.59,40.9,31.0,110,32,600,6.5,15.3,8.8,8.6,7.7,7.0,7.3,6.8,8.8,8.7,9.2,18.9,5.9,11.8,131.0,0,0,0,0,0,0
53.0,52.8,53.2,44.2,41.6,46.8,51.2,49.8,52.6,19.8,17.4,22.2,0.739,9.17,0.235,8.52,7.58,11.2,0.218,5.92,4.42,0.037,0.789,0.635,40.6,31.0,92,30,600,7.0,14.7,7.4,10.3,8.0,7.4,7.3,7.9,9.0,8.4,9.0,18.9,6.1,11.7,133.0,0,0,0,0,0,0
50.5,48.8,52.2,46.0,45.0,47.0,52.9,52.8,53.0,20.9,18.0,23.8,0.778,9.54,0.246,8.96,8.05,11.9,0.229,6.29,4.68,0.038,0.8,0.666,40.6,31.0,85,28,600,6.7,15.1,7.7,9.7,7.8,7.9,9.0,7.9,8.5,8.6,7.6,18.3,6.4,9.8,131.0,0,0,0,0,0,0
57.5,58.8,56.2,42.2,41.4,43.0,51.9,52.0,51.8,19.8,16.6,23.0,0.836,10.2,0.257,9.35,8.52,12.6,0.239,6.61,4.91,0.0362,0.815,0.698,40.6,31.0,92,31,600,6.6,17.3,8.0,8.2,8.3,7.8,8.9,6.9,7.9,7.4,8.7,15.8,5.8,9.5,127.0,0,0,0,0,0,0
64.7,64.0,65.4,55.3,55.4,55.2,61.2,60.6,61.8,20.4,17.2,23.6,0.748,9.4,0.229,8.35,7.44,11.5,0.213,5.85,4.38,0.0385,0.791,0.62,75.5,64.0,220,91,800,45.6,20.3,10.3,8.6,9.6,10.5,9.6,8.8,10.1,10.2,9.8,22.6,7.4,13.3,197.0,0,0,0,0,0,0
60.0,57.8,62.2,51.8,50.0,53.6,60.4,62.6,58.2,20.3,17.4,23.2,0.75,9.59,0.231,8.31,7.71,11.9,0.215,5.98,4.55,0.0375,0.793,0.613,72.2,59.0,200,68,800,26.5,22.8,12.2,11.8,11.7,10.3,10.0,11.4,11.7,11.9,12.0,25.6,7.6,13.1,199.0,0,0,0,0,0,0
61.1,60.4,61.8,54.8,55.8,53.8,57.6,57.6,57.6,20.1,19.4,20.8,0.761,9.5,0.234,8.58,7.84,11.9,0.213,6.04,4.56,0.0366,0.794,0.613,68.0,55.0,130,40,800,10.4,22.4,11.6,11.8,11.5,10.4,10.6,11.1,12.0,11.2,11.0,23.3,6.7,15.3,179.0,0,0,0,0,0,0
60.2,59.4,61.0,52.2,52.0,52.4,60.2,58.2,62.2,20.7,17.2,24.2,0.79,9.88,0.243,8.61,7.82,12.1,0.226,6.16,4.61,0.0376,0.586,0.649,64.5,51.0,99,37,800,7.2,21.1,10.6,9.5,8.9,10.4,11.4,8.1,12.9,12.2,11.2,20.5,6.7,16.2,167.0,0,0,0,0,0,0
63.6,64.0,63.2,52.9,50.8,55.0,63.4,63.0,63.8,21.4,24.0,18.8,0.795,9.87,0.251,8.86,7.9,12.6,0.231,6.38,4.68,0.0376,0.344,0.657,62.9,50.0,110,40,800,8.0,22.6,10.1,8.6,9.7,10.7,10.0,9.3,12.2,13.9,11.2,22.7,7.4,15.1,172.0,0,0,0,0,0,0
61.5,59.6,63.4,52.4,52.8,52.0,60.8,62.0,59.6,20.6,25.0,16.2,0.829,10.1,0.258,8.82,8.14,12.6,0.237,6.34,4.78,0.0386,0.361,0.673,61.3,48.0,120,41,800,8.5,23.9,8.7,8.9,10.9,12.1,10.2,11.7,9.8,12.5,12.1,24.1,8.3,16.0,178.0,0,0,0,0,0,0
61.7,60.4,63.0,53.4,52.0,54.8,59.3,58.6,60.0,20.6,18.2,23.0,0.841,10.2,0.262,8.87,8.26,13.0,0.241,6.39,4.91,0.0376,0.359,0.67,60.5,48.0,120,39,800,8.2,23.6,11.1,9.5,10.5,12.2,11.6,11.0,8.9,11.1,13.9,23.0,8.2,14.6,177.0,0,0,0,0,0,0
62.6,62.0,63.2,53.8,53.0,54.6,60.5,59.2,61.8,20.8,22.4,19.2,0.87,10.3,0.264,9.02,8.23,13.1,0.238,6.46,5.02,0.0375,0.365,0.68,60.2,48.0,140,44,800,6.5,21.5,11.5,10.3,11.9,11.1,9.8,10.3,10.8,11.3,11.5,22.4,7.9,15.2,172.0,0,0,0,0,0,0
63.1,61.4,64.8,53.8,52.4,55.2,59.1,57.4,60.8,22.1,23.2,21.0,0.882,10.4,0.271,9.13,8.4,13.3,0.25,6.56,5.08,0.0377,0.367,0.692,59.5,47.0,130,43,800,6.7,21.4,10.2,10.3,12.2,11.9,9.4,10.2,12.0,11.0,10.3,23.7,7.6,16.1,173.0,0,0,0,0,0,0
63.9,64.0,63.8,51.9,51.4,52.4,62.1,61.8,62.4,19.6,16.6,22.6,0.894,10.4,0.273,9.3,8.56,13.5,0.249,6.63,5.17,0.0377,0.37,0.703,58.8,47.0,120,42,800,9.1,21.3,9.8,10.3,12.2,12.6,9.8,10.6,12.9,11.1,11.2,24.7,8.6,13.2,177.0,0,0,0,0,0,0
59.3,59.2,59.4,53.0,52.1,53.9,60.5,60.8,60.2,20.1,22.2,18.0,0.902,10.6,0.273,9.27,8.69,13.9,0.25,6.82,5.22,0.0387,0.373,0.708,58.5,46.0,130,40,800,10.3,21.7,10.0,10.5,11.5,11.4,11.4,10.6,11.7,11.8,11.2,24.3,8.6,14.0,179.0,0,0,0,0,0,0
63.0,60.2,65.8,54.8,54.1,55.5,61.4,60.8,62.0,21.9,25.2,18.6,0.91,10.8,0.276,9.38,8.76,14.0,0.256,6.86,5.33,0.0368,0.382,0.728,58.4,47.0,130,47,800,8.4,24.2,11.3,10.2,9.8,10.5,11.2,11.6,9.8,11.4,11.5,22.3,6.7,14.9,174.0,0,0,0,0,0,0
62.0,61.6,62.4,53.8,55.6,52.0,72.8,72.2,73.4,20.6,21.8,19.4,0.913,10.8,0.279,9.62,8.79,14.2,0.258,6.9,5.41,0.0387,0.878,0.74,58.4,47.0,130,49,800,6.4,25.1,10.1,10.3,8.8,10.4,11.0,12.7,12.5,10.6,11.5,21.6,6.7,13.8,172.0,0,0,0,0,0,0
61.1,61.6,60.6,52.2,52.0,52.4,59.6,61.2,58.0,19.5,18.6,20.4,0.933,11.1,0.288,9.73,9.04,14.6,0.267,7.12,5.54,0.0385,0.884,0.763,58.1,47.0,130,46,800,7.9,25.5,10.7,11.6,9.2,11.6,11.5,11.0,12.8,10.4,9.9,20.8,6.4,15.5,175.0,0,0,0,0,0,0
61.7,61.2,62.2,53.1,54.0,52.2,59.9,59.8,60.0,22.4,22.8,22.0,0.984,11.7,0.3,10.4,9.58,15.5,0.28,7.44,5.84,0.0374,0.905,0.802,57.5,46.0,110,41,800,8.5,24.5,11.8,11.7,10.1,11.4,10.4,9.7,10.9,10.1,11.7,20.4,7.3,15.3,174.0,0,0,0,0,0,0
63.3,63.6,63.0,50.6,52.2,49.0,60.8,62.4,59.2,20.9,19.4,22.4,1.06,12.3,0.317,10.8,10.2,16.3,0.293,7.89,6.25,0.0365,0.923,0.858,56.9,46.0,100,39,800,7.8,23.0,10.2,11.9,9.9,11.1,10.3,9.6,10.7,10.4,11.9,21.5,7.9,14.2,170.0,0,0,0,0,0,0
71.3,70.6,72.0,55.6,53.0,58.2,63.4,64.0,62.8,22.7,20.2,25.2,0.926,11.0,0.283,9.76,9.03,15.0,0.254,6.84,5.62,0.0367,0.878,0.726,152.0,110.0,520,220,1000,30.8,26.0,13.1,12.4,11.8,12.3,11.5,11.3,11.6,13.4,12.2,26.4,10.3,14.7,218.0,0,0,0,0,0,0
65.9,64.4,67.4,55.1,54.4,55.8,63.4,62.6,64.2,19.9,21.6,18.2,0.944,11.2,0.284,9.81,9.18,14.8,0.261,6.91,5.62,0.0366,0.879,0.752,143.0,100.0,500,170,1000,23.6,30.0,13.4,13.0,11.8,14.6,12.1,13.0,12.2,13.7,11.9,28.6,11.0,17.4,226.0,0,0,0,0,0,0
70.7,71.4,70.0,53.0,52.4,53.6,62.5,61.2,63.8,20.4,20.0,20.8,0.926,11.3,0.293,9.71,9.16,15.4,0.267,7.05,5.66,0.0379,0.879,0.75,143.0,110.0,290,90,1000,13.3,29.9,11.4,13.1,12.3,14.6,13.9,12.7,12.7,13.3,13.2,25.0,9.3,19.6,214.0,0,0,0,0,0,0
69.0,69.2,68.8,55.8,55.0,56.6,60.2,61.4,59.0,21.0,19.6,22.4,0.946,11.3,0.295,9.9,9.14,15.5,0.268,7.09,5.76,0.0377,0.878,0.758,142.0,110.0,320,120,1000,8.4,28.0,10.9,13.2,14.5,12.8,14.0,12.6,12.3,12.6,15.0,24.2,9.1,18.1,206.0,0,0,0,0,0,0
70.5,71.0,70.0,57.4,57.6,57.2,62.1,62.0,62.2,20.5,22.2,18.8,0.96,11.5,0.297,9.77,9.07,15.6,0.274,7.05,5.88,0.0369,0.872,0.767,137.0,100.0,290,94,1000,9.4,29.7,13.0,13.0,14.7,12.5,13.8,11.4,13.7,13.1,15.1,28.6,10.8,16.5,215.0,0,0,0,0,0,0
69.1,68.4,69.8,54.4,56.0,52.8,67.0,65.0,69.0,20.5,22.4,18.6,0.979,11.6,0.302,9.9,9.1,15.8,0.277,7.11,5.98,0.0368,0.88,0.772,131.0,99.0,180,80,1000,9.9,30.2,14.9,13.1,12.0,12.8,14.3,11.8,14.7,15.5,12.6,29.6,10.6,17.7,220.0,0,0,0,0,0,0
68.1,69.0,67.2,55.8,56.2,55.4,61.6,62.2,61.0,20.5,22.8,18.2,0.988,11.5,0.312,10.1,9.06,16.2,0.279,7.03,6.04,0.0385,0.882,0.758,130.0,99.0,260,85,1000,9.2,27.8,13.9,12.1,12.7,12.4,13.5,13.1,14.2,14.5,12.6,28.3,10.0,20.3,215.0,0,0,0,0,0,0
71.3,71.6,71.0,58.8,56.6,61.0,64.3,63.6,65.0,20.8,17.6,24.0,0.985,11.7,0.312,10.1,9.25,16.1,0.285,7.16,6.11,0.0376,0.39,0.766,125.0,95.0,260,79,1000,9.5,29.6,12.1,12.5,15.0,13.2,12.9,13.1,13.8,13.3,13.0,27.4,9.5,19.9,215.0,0,0,0,0,0,0
67.6,65.2,70.0,55.4,54.8,56.0,64.4,64.6,64.2,21.0,18.4,23.6,1.0,11.7,0.311,10.1,9.47,16.6,0.282,7.04,6.17,0.0367,0.398,0.78,120.0,92.0,160,59,1000,9.4,31.5,12.5,14.1,14.2,14.8,13.1,14.3,15.1,13.5,12.5,26.4,8.1,18.5,218.0,0,0,0,0,0,0
70.8,71.6,70.0,55.8,54.6,57.0,65.7,66.2,65.2,21.5,23.6,19.4,1.01,11.8,0.319,10.2,9.57,16.6,0.291,7.35,6.32,0.0369,0.396,0.8,120.0,93.0,220,77,1000,9.7,28.7,12.7,12.8,12.7,12.7,13.6,14.3,15.8,11.2,14.9,24.8,7.9,16.6,208.0,0,0,0,0,0,0
68.5,67.0,70.0,56.5,57.0,56.0,62.4,62.8,62.0,20.2,20.8,19.6,1.02,11.8,0.324,10.3,9.46,16.9,0.296,7.28,6.32,0.0387,0.4,0.794,121.0,94.0,290,110,1000,10.6,29.0,14.3,13.3,13.5,11.6,14.9,13.3,14.2,12.0,14.2,25.9,9.2,17.8,214.0,0,0,0,0,0,0
70.0,69.8,70.2,57.6,59.0,56.2,75.7,76.0,75.4,21.0,19.4,22.6,1.05,12.1,0.336,10.3,9.7,17.0,0.306,7.32,6.35,0.0386,0.888,0.827,118.0,93.0,220,94,1000,10.3,29.6,14.9,13.6,13.4,14.6,14.2,14.2,12.8,13.4,12.7,28.2,9.8,17.7,219.0,0,0,0,0,0,0
70.1,69.8,70.4,56.4,55.7,57.1,63.8,63.4,64.2,21.2,21.6,20.8,1.13,12.5,0.351,10.9,10.2,18.3,0.323,7.67,6.74,0.0378,0.903,0.879,117.0,92.0,190,79,1000,9.5,25.6,13.5,12.0,12.5,15.4,13.1,15.1,11.8,13.2,14.0,27.9,9.7,18.3,212.0,0,0,0,0,0,0
70.5,73.0,68.0,56.6,56.3,56.9,63.5,62.2,64.8,22.0,21.6,22.4,1.22,13.3,0.367,11.5,10.7,19.1,0.347,8.25,7.14,0.037,0.924,0.923,120.0,94.0,360,100,1000,8.3,26.3,14.0,13.3,12.2,12.0,12.9,13.4,12.3,13.8,14.5,27.7,10.1,19.3,210.0,0,0,0,0,0,0
64.7,64.0,65.4,30.6,31.4,29.8,64.4,64.0,64.8,19.2,15.6,22.8,1.27,14.1,0.393,12.2,11.3,20.3,0.364,8.68,7.59,0.0379,0.944,0.97,119.0,93.0,370,100,1000,9.0,29.4,15.0,13.6,13.2,12.6,13.9,11.8,12.6,14.2,13.9,28.7,9.4,18.2,216.0,0,0,0,0,0,0
50.7,52.4,49.0,46.7,46.2,47.2,57.1,55.8,58.4,20.1,18.0,22.2,0.539,6.77,0.173,6.18,5.83,8.17,0.149,4.34,3.14,0.0365,0.258,0.46,51.2,37.0,150,47,600,43.7,15.9,7.1,6.1,7.9,7.3,7.4,9.1,6.3,6.3,7.7,16.3,5.4,10.9,157.0,0,0,0,0,0,0
50.6,48.8,52.4,45.3,44.0,46.6,50.9,50.4,51.4,19.4,14.8,24.0,0.549,7.03,0.175,6.38,5.89,8.41,0.153,4.53,3.19,0.0374,0.26,0.47,48.4,35.0,110,31,600,20.8,17.0,8.3,7.1,8.8,9.1,7.8,10.6,8.4,5.0,9.8,17.0,6.2,12.0,148.0,0,0,0,0,0,0
50.6,50.4,50.8,44.3,44.0,44.6,53.5,53.4,53.6,20.0,20.2,19.8,0.559,7.29,0.179,6.46,5.92,8.52,0.151,4.5,3.25,0.0365,0.269,0.482,47.0,34.0,90,29,600,5.1,16.5,8.6,7.2,8.0,7.9,7.6,8.1,9.0,6.5,9.5,16.5,5.5,13.5,130.0,0,0,0,0,0,0
51.1,50.4,51.8,46.7,47.2,46.2,53.5,50.8,56.2,21.7,25.6,17.8,0.573,7.42,0.183,6.77,6.04,8.8,0.159,4.63,3.44,0.0373,0.268,0.5,46.1,34.0,95,30,600,5.4,17.7,8.0,8.9,8.0,7.9,8.5,6.1,7.8,9.1,7.7,16.2,5.1,13.8,130.0,0,0,0,0,0,0
51.7,51.0,52.4,46.7,46.6,46.8,54.3,56.4,52.2,20.7,19.6,21.8,0.573,7.56,0.184,6.9,6.21,8.9,0.161,4.76,3.42,0.0367,0.272,0.51,45.6,34.0,99,31,600,6.6,17.3,7.3,9.9,8.2,9.5,9.7,8.2,7.1,7.8,8.2,17.6,5.5,12.9,136.0,0,0,0,0,0,0
51.3,51.6,51.0,48.5,48.0,49.0,49.4,50.4,48.4,19.3,16.6,22.0,0.599,7.78,0.194,7.04,6.23,9.19,0.168,4.87,3.55,0.0376,0.282,0.513,44.6,33.0,91,30,600,5.9,16.3,7.8,7.3,8.1,8.5,8.6,9.5,8.6,6.8,8.5,17.8,5.6,11.3,131.0,0,0,0,0,0,0
51.3,52.4,50.2,48.8,49.2,48.4,53.0,54.0,52.0,20.2,21.6,18.8,0.597,7.85,0.189,7.02,6.39,9.37,0.166,4.9,3.59,0.0384,0.286,0.521,43.9,32.0,86,28,600,5.5,16.9,7.8,6.6,8.7,7.0,6.9,9.0,9.1,8.1,7.3,17.4,5.0,10.4,126.0,0,0,0,0,0,0
53.5,52.4,54.6,49.9,50.2,49.6,63.8,63.6,64.0,20.6,21.2,20.0,0.615,8.01,0.193,7.38,6.5,9.45,0.171,5.03,3.71,0.0373,0.777,0.535,44.3,33.0,99,34,600,5.3,17.6,7.3,9.3,8.3,6.6,7.7,8.9,8.9,8.0,6.7,17.6,4.4,10.6,127.0,0,0,0,0,0,0
53.7,52.4,55.0,46.7,44.6,48.8,55.2,54.6,55.8,21.6,23.4,19.8,0.629,8.19,0.204,7.51,6.54,9.73,0.178,5.18,3.77,0.0374,0.781,0.538,43.8,33.0,99,35,600,5.0,18.2,8.2,9.5,8.6,7.0,8.4,7.8,9.0,7.0,7.1,18.4,5.3,11.6,131.0,0,0,0,0,0,0
50.6,49.4,51.8,47.6,47.0,48.2,52.6,53.6,51.6,20.9,22.2,19.6,0.648,8.25,0.204,7.65,6.56,9.87,0.179,5.27,3.91,0.0364,0.785,0.556,43.5,33.0,95,30,600,5.3,17.4,9.2,9.4,8.6,7.6,8.4,7.1,8.4,7.4,7.7,18.6,6.2,12.2,134.0,0,0,0,0,0,0
54.0,53.4,54.6,45.1,44.4,45.8,50.8,49.8,51.8,19.7,15.8,23.6,0.649,8.39,0.201,7.74,6.69,10.2,0.176,5.39,4.02,0.0364,0.79,0.56,42.8,32.0,87,29,600,6.0,16.7,8.9,9.5,7.2,8.3,8.0,8.0,7.9,7.9,7.9,17.9,5.4,12.0,132.0,0,0,0,0,0,0
51.8,51.8,51.8,46.0,44.6,47.4,54.7,54.2,55.2,21.3,21.2,21.4,0.64,8.49,0.207,7.88,6.91,10.4,0.183,5.5,4.06,0.0365,0.792,0.582,42.5,32.0,85,28,600,6.4,17.9,9.1,8.1,7.5,8.7,8.7,7.7,8.2,8.5,7.9,16.5,4.5,10.5,130.0,0,0,0,0,0,0
51.4,51.2,51.6,48.1,46.8,49.4,54.6,52.8,56.4,20.4,19.2,21.6,0.668,8.63,0.209,8.18,6.92,10.6,0.186,5.59,4.14,0.0373,0.805,0.58,42.1,32.0,87,28,600,5.9,18.0,9.2,7.6,8.4,9.7,8.7,7.3,7.6,8.5,7.7,17.0,5.5,11.2,132.0,0,0,0,0,0,0
52.7,53.2,52.2,45.2,45.0,45.4,54.4,55.4,53.4,19.9,18.4,21.4,0.69,8.87,0.216,8.29,7.13,10.9,0.189,5.69,4.21,0.0382,0.804,0.594,42.2,32.0,93,32,600,7.0,17.2,6.9,7.5,8.5,10.1,7.4,9.0,7.6,8.5,7.2,18.0,6.3,13.2,134.0,0,0,0,0,0,0
54.4,55.8,53.0,48.0,47.2,48.8,55.3,53.2,57.4,20.0,19.0,21.0,0.736,9.26,0.226,8.63,7.41,11.3,0.203,5.92,4.37,0.0374,0.818,0.628,42.0,32.0,94,32,600,6.8,15.8,6.7,9.2,8.3,8.4,8.5,9.2,8.1,8.2,7.1,16.6,5.7,13.3,132.0,0,0,0,0,0,0
51.5,51.0,52.0,47.2,45.2,49.2,53.9,52.6,55.2,19.8,16.4,23.2,0.783,9.69,0.239,9.16,7.78,11.9,0.215,6.3,4.69,0.0365,0.836,0.658,42.1,32.0,97,31,600,5.1,15.6,8.4,9.4,8.4,8.3,8.3,7.3,8.1,8.0,8.9,16.6,6.2,12.1,131.0,0,0,0,0,0,0
54.1,53.4,54.8,39.5,39.0,40.0,55.8,55.0,56.6,20.3,19.6,21.0,0.848,10.3,0.253,9.65,8.2,12.6,0.232,6.68,4.93,0.0366,0.851,0.704,42.0,32.0,99,30,600,4.8,15.0,8.3,7.3,8.8,8.4,6.4,7.4,9.3,9.0,9.8,20.1,6.8,11.4,133.0,0,0,0,0,0,0
63.7,64.0,63.4,54.1,53.0,55.2,61.7,59.6,63.8,21.3,20.2,22.4,0.763,9.42,0.233,8.55,7.52,11.7,0.205,5.93,4.55,0.0374,0.825,0.63,66.8,56.0,190,75,800,47.2,20.2,8.4,10.2,9.0,9.5,10.2,9.7,9.5,9.7,10.8,20.2,5.7,12.6,193.0,0,0,0,0,0,0
61.8,61.4,62.2,54.9,54.2,55.6,60.2,59.0,61.4,20.2,19.2,21.2,0.761,9.53,0.233,8.49,7.69,11.8,0.207,6.04,4.57,0.0372,0.819,0.641,66.2,54.0,170,54,800,26.5,21.7,9.5,10.6,11.5,13.3,11.3,11.8,9.7,10.2,12.2,22.8,5.9,15.1,192.0,0,0,0,0,0,0
64.4,65.2,63.6,51.9,49.8,54.0,60.2,59.4,61.0,21.8,19.4,24.2,0.79,9.81,0.24,8.78,7.76,12.2,0.217,6.18,4.66,0.0374,0.834,0.652,63.3,51.0,140,42,800,8.4,22.1,8.5,9.4,11.0,13.1,9.4,11.6,9.3,12.5,12.6,22.3,7.2,16.6,174.0,0,0,0,0,0,0
61.7,59.4,64.0,53.2,53.6,52.8,61.5,60.2,62.8,20.0,23.0,17.0,0.821,9.84,0.248,8.67,7.87,12.5,0.224,6.18,4.67,0.0374,0.353,0.672,62.1,50.0,130,41,800,9.3,23.8,9.3,9.0,11.0,10.1,10.5,11.5,9.7,11.8,11.6,23.2,9.0,16.1,176.0,0,0,0,0,0,0
64.8,66.4,63.2,52.4,53.2,51.6,60.9,62.4,59.4,21.0,19.2,22.8,0.845,9.87,0.254,8.76,8.24,12.7,0.23,6.22,4.81,0.0372,0.355,0.683,61.4,49.0,150,43,800,7.7,22.9,12.9,10.2,12.0,9.8,11.2,11.0,9.9,10.1,11.5,25.3,9.3,16.1,180.0,0,0,0,0,0,0
62.7,63.0,62.4,53.9,52.6,55.2,58.6,59.6,57.6,20.1,19.8,20.4,0.849,10.1,0.256,9.01,8.36,13.0,0.227,6.25,4.86,0.0372,0.355,0.694,60.3,48.0,130,42,800,6.5,22.7,13.3,10.2,11.6,10.3,10.1,10.8,11.0,11.3,11.5,23.7,7.8,17.1,178.0,0,0,0,0,0,0
63.7,64.0,63.4,56.2,56.6,55.8,59.8,59.2,60.4,22.0,19.2,24.8,0.855,10.3,0.269,9.09,8.51,13.0,0.242,6.51,4.98,0.0373,0.366,0.698,59.1,47.0,110,42,800,7.7,24.8,11.2,10.1,10.1,10.6,11.2,10.2,9.9,12.0,11.5,22.1,6.6,14.2,172.0,0,0,0,0,0,0
62.0,62.2,61.8,53.5,51.8,55.2,61.7,61.2,62.2,19.7,20.2,19.2,0.892,10.5,0.268,9.01,8.42,13.3,0.24,6.52,5.14,0.038,0.375,0.715,58.9,47.0,120,43,800,8.7,24.2,11.5,13.3,10.8,11.4,11.9,10.8,9.7,10.5,12.1,24.3,7.6,12.3,179.0,0,0,0,0,0,0
62.4,63.2,61.6,54.9,55.8,54.0,57.8,59.0,56.6,20.4,22.8,18.0,0.902,10.6,0.27,9.19,8.61,13.6,0.247,6.56,5.21,0.0364,0.369,0.725,58.0,46.0,130,41,800,7.6,22.7,10.9,13.6,12.7,10.1,11.4,12.5,11.7,9.9,11.5,25.7,7.7,15.3,183.0,0,0,0,0,0,0
63.9,62.4,65.4,52.6,50.2,55.0,58.1,57.0,59.2,19.7,21.2,18.2,0.889,10.6,0.271,9.17,8.73,13.7,0.247,6.72,5.29,0.0372,0.379,0.743,58.4,46.0,140,41,800,7.2,22.7,10.9,11.8,12.2,9.6,11.2,12.5,12.0,9.5,9.8,24.7,7.4,14.8,176.0,0,0,0,0,0,0
60.8,62.6,59.0,51.2,52.2,50.2,57.8,57.0,58.6,22.3,19.0,25.6,0.884,10.6,0.272,9.34,8.88,13.9,0.245,6.74,5.43,0.0362,0.383,0.737,57.7,46.0,140,41,800,6.9,21.2,12.7,12.0,11.5,11.1,10.9,12.2,11.4,10.4,10.1,24.8,7.0,13.6,176.0,0,0,0,0,0,0
63.3,62.4,64.2,52.0,53.6,50.4,71.2,73.4,69.0,20.0,21.0,19.0,0.9,10.6,0.275,9.24,9.04,14.3,0.249,6.9,5.39,0.038,0.872,0.754,59.1,47.0,160,52,800,6.4,21.8,10.6,10.8,11.0,11.7,11.7,11.7,11.8,11.0,10.8,22.5,6.6,14.5,173.0,0,0,0,0,0,0
62.6,62.4,62.8,56.0,55.6,56.4,58.2,60.0,56.4,20.7,22.4,19.0,0.888,10.8,0.274,9.4,9.26,14.5,0.25,6.81,5.5,0.0382,0.876,0.77,58.4,47.0,150,54,800,7.3,24.0,8.8,10.2,9.9,12.1,12.5,9.6,11.6,9.7,9.0,21.8,6.8,15.4,169.0,0,0,0,0,0,0
65.1,65.6,64.6,50.2,50.0,50.4,61.4,60.0,62.8,20.6,22.8,18.4,0.91,11.0,0.281,9.5,9.5,14.9,0.255,7.07,5.62,0.0373,0.883,0.797,58.4,46.0,130,40,800,8.2,24.4,10.6,10.6,10.1,12.8,11.1,9.6,11.0,11.0,9.2,22.9,7.7,16.0,175.0,0,0,0,0,0,0
60.6,61.6,59.6,54.0,52.2,55.8,59.0,57.8,60.2,20.1,18.4,21.8,0.954,11.6,0.289,10.1,10.1,15.6,0.263,7.53,6.0,0.0364,0.899,0.841,57.7,46.0,120,40,800,8.2,24.8,11.4,11.9,11.1,10.4,10.5,10.1,9.6,12.4,11.1,20.8,6.1,16.9,175.0,0,0,0,0,0,0
61.9,62.4,61.4,51.5,52.0,51.0,60.3,61.0,59.6,21.9,22.6,21.2,1.01,12.2,0.305,10.6,10.6,16.5,0.279,7.85,6.36,0.0363,0.923,0.879,57.2,45.0,100,38,800,7.2,23.5,10.4,12.6,11.6,9.2,11.1,9.3,9.1,13.1,10.8,20.2,4.9,15.7,169.0,0,0,0,0,0,0
70.8,68.8,72.8,54.9,55.2,54.6,63.0,63.4,62.6,20.7,17.8,23.6,0.854,11.0,0.262,9.47,9.07,14.9,0.253,7.15,5.6,0.0374,0.882,0.739,148.0,110.0,600,210,1000,33.3,25.2,12.2,10.3,13.7,14.0,10.8,11.9,14.3,12.3,12.7,25.7,8.0,16.6,221.0,0,0,0,0,0,0
67.7,69.0,66.4,56.7,57.2,56.2,63.9,64.6,63.2,20.4,19.4,21.4,0.88,11.2,0.259,9.57,9.15,15.1,0.251,6.85,5.69,0.0375,0.877,0.747,152.0,110.0,580,200,1000,21.3,25.4,13.5,11.9,13.1,13.9,12.8,11.2,12.7,13.2,14.0,27.6,8.6,17.5,217.0,0,0,0,0,0,0
67.1,67.8,66.4,54.7,54.4,55.0,62.7,62.4,63.0,20.6,17.6,23.6,0.888,11.1,0.268,9.73,9.19,15.3,0.26,7.0,5.74,0.0369,0.873,0.75,144.0,110.0,320,100,1000,10.4,26.5,14.1,13.5,12.0,13.3,13.5,12.8,14.3,13.6,14.4,29.5,8.6,17.2,214.0,0,0,0,0,0,0
71.1,69.0,73.2,52.8,55.2,50.4,61.5,59.8,63.2,19.8,22.8,16.8,0.874,11.2,0.267,9.62,9.26,15.3,0.255,7.12,5.75,0.0376,0.882,0.757,142.0,110.0,230,98,1000,9.3,27.6,14.9,12.8,12.8,12.9,14.4,13.5,14.0,12.9,13.0,24.8,7.4,18.4,209.0,0,0,0,0,0,0
70.2,71.6,68.8,57.1,57.0,57.2,60.5,61.2,59.8,22.1,20.2,24.0,0.888,11.2,0.265,9.81,9.17,15.8,0.265,7.1,5.84,0.0379,0.886,0.754,151.0,110.0,410,150,1000,9.3,27.7,13.1,13.7,12.6,13.2,13.7,14.4,12.4,11.1,12.6,25.8,8.2,19.2,207.0,0,0,0,0,0,0
68.8,68.2,69.4,55.6,56.0,55.2,65.7,65.6,65.8,21.2,20.4,22.0,0.913,11.5,0.279,9.83,9.22,16.1,0.269,7.12,5.84,0.0379,0.884,0.771,146.0,110.0,410,120,1000,9.5,28.7,11.7,13.1,12.6,14.5,12.8,14.7,12.7,12.6,11.8,29.3,9.0,20.9,214.0,0,0,0,0,0,0
70.7,71.0,70.4,57.6,55.8,59.4,60.8,59.4,62.2,22.0,21.6,22.4,0.901,11.6,0.28,9.94,9.24,16.0,0.267,6.98,6.1,0.0379,0.394,0.764,152.0,110.0,440,110,1000,10.5,27.2,13.5,11.9,12.2,13.8,13.1,14.1,12.8,13.6,13.1,28.2,9.2,22.7,216.0,0,0,0,0,0,0
68.9,69.6,68.2,57.6,57.2,58.0,64.8,63.6,66.0,20.7,22.8,18.6,0.936,11.7,0.288,9.88,9.13,16.2,0.272,7.1,6.11,0.0379,0.397,0.757,148.0,110.0,440,120,1000,10.7,27.8,14.6,12.2,13.3,13.6,12.3,13.3,13.4,13.9,13.8,27.4,9.6,19.4,215.0,0,0,0,0,0,0
69.2,70.8,67.6,56.5,56.4,56.6,63.5,64.2,62.8,20.5,24.6,16.4,0.952,11.6,0.294,9.99,9.4,16.4,0.279,7.04,6.21,0.038,0.407,0.77,144.0,110.0,210,94,1000,9.7,25.9,13.4,11.7,14.1,12.8,12.5,13.9,12.8,14.3,13.3,27.5,9.5,17.8,209.0,0,0,0,0,0,0
71.3,70.4,72.2,55.7,56.6,54.8,64.8,65.8,63.8,21.7,17.8,25.6,0.989,11.7,0.295,10.0,9.31,16.9,0.292,7.12,6.26,0.0379,0.41,0.77,140.0,110.0,210,83,1000,8.0,26.7,13.7,13.7,14.8,12.6,14.4,12.5,11.5,14.2,13.3,26.9,9.0,19.5,211.0,0,0,0,0,0,0
69.3,70.4,68.2,57.9,57.2,58.6,70.8,70.2,71.4,21.5,21.6,21.4,1.01,11.9,0.304,10.2,9.4,16.8,0.297,7.29,6.34,0.039,0.404,0.786,138.0,100.0,220,83,1000,7.5,29.1,12.9,14.9,14.6,13.4,14.9,10.9,13.9,14.7,13.9,26.3,9.1,18.4,215.0,0,0,0,0,0,0
70.2,68.6,71.8,57.9,57.8,58.0,66.6,65.6,67.6,20.9,17.2,24.6,1.01,11.8,0.311,10.1,9.53,17.2,0.306,7.26,6.4,0.039,0.913,0.811,135.0,100.0,210,83,1000,9.1,26.8,11.8,13.4,12.4,13.1,14.0,12.4,14.2,14.1,14.5,26.0,8.3,17.1,207.0,0,0,0,0,0,0
69.9,68.8,71.0,53.8,51.2,56.4,64.1,61.8,66.4,20.2,21.0,19.4,1.09,12.6,0.331,10.8,10.1,18.3,0.328,7.69,6.85,0.0391,0.933,0.865,133.0,100.0,210,87,1000,10.4,26.2,13.0,12.2,13.9,12.9,14.0,12.2,13.0,13.2,14.9,27.4,9.2,18.6,211.0,0,0,0,0,0,0
70.5,69.8,71.2,59.0,59.0,59.0,62.7,60.2,65.2,20.3,17.4,23.2,1.14,13.1,0.352,11.4,10.7,19.4,0.341,7.98,7.19,0.0381,0.95,0.913,145.0,110.0,650,140,1000,11.0,23.8,11.7,12.2,14.5,13.2,13.6,11.9,13.0,12.3,12.7,26.9,9.8,18.4,205.0,0,0,0,0,0,0
65.4,66.6,64.2,28.5,30.2,26.8,60.1,61.0,59.2,19.9,22.2,17.6,1.22,14.0,0.366,12.1,11.3,20.4,0.359,8.57,7.6,0.0391,0.974,0.947,144.0,110.0,630,180,1000,10.5,25.4,12.7,13.5,13.7,13.5,12.7,14.3,14.1,12.2,10.4,27.8,9.8,20.2,211.0,0,0,0,0,0,0
51.3,49.4,53.2,46.7,44.6,48.8,51.2,52.8,49.6,20.4,22.4,18.4,0.597,7.05,0.184,6.04,6.26,8.17,0.163,4.5,3.25,0.0368,0.264,0.475,47.6,37.0,120,44,600,43.9,18.2,8.4,7.1,7.6,7.4,7.5,7.9,9.1,6.5,6.9,17.7,5.8,8.9,163.0,0,0,0,0,0,0
51.3,51.6,51.0,46.2,46.6,45.8,52.5,52.6,52.4,20.0,22.8,17.2,0.591,7.08,0.187,6.23,6.24,8.36,0.167,4.58,3.32,0.0386,0.265,0.498,45.3,35.0,100,30,600,21.7,20.6,10.1,6.6,8.4,8.4,6.8,8.9,8.8,6.8,8.4,18.9,5.8,10.7,151.0,0,0,0,0,0,0
56.9,57.2,56.6,45.5,45.8,45.2,52.5,50.6,54.4,19.6,16.2,23.0,0.612,7.19,0.19,6.32,6.31,8.64,0.172,4.73,3.42,0.0369,0.273,0.509,43.8,33.0,87,28,600,4.9,17.4,9.7,6.3,9.8,8.7,7.5,7.1,7.5,7.7,8.8,19.7,5.9,11.8,133.0,0,0,0,0,0,0
50.3,50.6,50.0,47.3,47.8,46.8,51.2,52.6,49.8,19.7,19.0,20.4,0.622,7.36,0.193,6.35,6.4,8.8,0.173,4.85,3.53,0.0387,0.276,0.522,43.2,33.0,92,28,600,4.6,16.3,7.9,8.5,9.8,9.1,10.0,6.5,8.2,8.7,7.8,19.8,6.5,10.7,134.0,0,0,0,0,0,0
52.1,52.2,52.0,43.9,43.8,44.0,51.5,50.2,52.8,20.4,22.4,18.4,0.632,7.49,0.196,6.56,6.53,9.01,0.18,4.83,3.55,0.0369,0.282,0.537,42.4,32.0,89,29,600,4.8,17.4,8.5,8.3,8.4,10.0,10.1,7.1,8.3,8.8,7.6,16.6,5.6,10.4,132.0,0,0,0,0,0,0
52.1,52.4,51.8,47.5,47.0,48.0,50.9,53.4,48.4,21.7,18.4,25.0,0.653,7.69,0.202,6.67,6.61,9.04,0.187,5.04,3.68,0.0369,0.284,0.544,41.4,31.0,83,27,600,5.4,16.5,8.6,6.6,8.5,9.3,8.8,6.5,8.3,8.4,7.9,14.4,5.2,12.3,127.0,0,0,0,0,0,0
54.1,53.2,55.0,46.7,45.8,47.6,64.5,62.8,66.2,20.3,19.4,21.2,0.651,7.73,0.205,6.94,6.68,9.41,0.192,5.17,3.69,0.0369,0.767,0.544,41.7,32.0,91,30,600,5.5,14.8,7.9,8.2,8.0,8.3,8.3,7.5,9.0,9.3,7.5,16.3,6.2,13.4,130.0,0,0,0,0,0,0
52.0,54.0,50.0,44.8,43.8,45.8,52.4,52.0,52.8,19.8,23.8,15.8,0.671,7.94,0.208,7.05,6.84,9.56,0.199,5.16,3.82,0.0388,0.774,0.553,41.6,32.0,94,33,600,5.3,14.7,8.2,10.0,8.1,8.2,7.5,9.0,9.6,9.3,8.4,18.7,6.8,11.8,136.0,0,0,0,0,0,0
51.2,51.6,50.8,45.5,44.4,46.6,52.8,54.6,51.0,19.3,15.8,22.8,0.679,8.07,0.212,7.21,6.88,9.79,0.198,5.26,3.86,0.0368,0.778,0.563,41.2,31.0,87,29,600,5.3,14.9,8.5,10.3,10.0,7.3,6.9,9.1,8.1,8.3,9.1,18.3,5.9,9.6,132.0,0,0,0,0,0,0
53.0,51.8,54.2,46.5,47.4,45.6,53.4,53.6,53.2,19.9,18.0,21.8,0.704,8.16,0.219,7.38,6.95,10.0,0.207,5.44,3.9,0.0377,0.782,0.572,41.0,31.0,87,28,600,5.4,15.9,9.1,10.2,8.5,6.2,7.5,8.6,7.8,7.8,7.7,17.9,5.4,12.1,130.0,0,0,0,0,0,0
52.9,55.4,50.4,44.2,44.2,44.2,50.1,47.8,52.4,19.9,19.6,20.2,0.727,8.19,0.222,7.61,7.07,10.3,0.206,5.52,4.12,0.0367,0.788,0.584,40.8,31.0,90,28,600,4.8,15.5,9.6,8.7,7.4,7.0,9.4,8.1,8.5,8.2,6.7,18.5,6.5,12.3,131.0,0,0,0,0,0,0
49.3,48.8,49.8,45.1,45.8,44.4,52.7,51.4,54.0,21.3,21.6,21.0,0.713,8.43,0.221,7.65,7.08,10.3,0.208,5.65,4.19,0.0377,0.792,0.605,40.7,31.0,94,28,600,4.6,17.4,8.1,8.6,7.6,8.8,10.2,7.8,8.0,8.8,6.9,17.8,5.7,10.6,131.0,0,0,0,0,0,0
53.2,53.0,53.4,47.0,46.2,47.8,53.1,54.0,52.2,19.9,16.6,23.2,0.719,8.64,0.22,7.91,7.16,10.6,0.211,5.79,4.16,0.0369,0.795,0.602,40.6,31.0,92,29,600,5.3,19.7,6.5,8.0,6.9,8.5,8.0,7.5,7.9,7.7,7.9,15.6,4.4,12.2,126.0,0,0,0,0,0,0
53.5,53.4,53.6,45.7,47.2,44.2,53.4,52.4,54.4,21.2,21.0,21.4,0.752,8.74,0.235,8.08,7.4,10.7,0.217,5.87,4.3,0.0368,0.799,0.613,40.6,31.0,89,30,600,5.9,17.9,7.1,6.7,8.0,6.8,7.8,8.7,9.6,7.4,9.1,15.6,4.6,12.8,128.0,0,0,0,0,0,0
53.7,55.2,52.2,45.9,47.2,44.6,52.1,51.4,52.8,19.9,17.4,22.4,0.785,9.09,0.242,8.31,7.71,11.3,0.229,6.08,4.47,0.0387,0.81,0.656,40.6,31.0,89,31,600,6.3,16.5,8.0,7.7,9.8,7.8,8.4,9.4,9.8,7.5,7.8,16.8,5.8,12.2,134.0,0,0,0,0,0,0
53.7,52.2,55.2,46.9,48.4,45.4,54.3,54.4,54.2,19.7,18.0,21.4,0.827,9.5,0.254,8.83,8.2,12.0,0.239,6.45,4.72,0.0378,0.829,0.691,40.5,31.0,90,30,600,6.3,15.7,8.5,8.8,9.6,8.9,7.6,7.8,8.4,8.2,6.6,16.9,6.6,11.1,131.0,0,0,0,0,0,0
53.3,51.6,55.0,40.4,40.6,40.2,52.5,51.2,53.8,20.2,23.0,17.4,0.877,10.1,0.264,9.28,8.65,12.6,0.252,6.76,4.99,0.0368,0.844,0.723,40.8,31.0,100,30,600,6.4,14.7,9.3,9.2,8.7,9.1,8.4,8.3,8.3,8.6,7.5,17.9,6.6,11.3,134.0,0,0,0,0,0,0
63.6,64.6,62.6,52.9,54.2,51.6,60.5,59.4,61.6,20.5,18.6,22.4,0.764,9.27,0.234,8.25,7.57,11.6,0.221,6.03,4.45,0.0383,0.799,0.601,80.0,53.0,300,82,800,46.2,23.3,11.0,10.8,9.0,9.8,10.7,7.7,9.6,9.4,9.4,18.2,5.4,12.7,193.0,0,0,0,0,0,0
60.6,61.4,59.8,51.4,51.6,51.2,61.1,59.4,62.8,20.3,22.0,18.6,0.758,9.37,0.237,8.42,7.66,11.9,0.221,6.0,4.51,0.0382,0.812,0.62,73.3,50.0,300,57,800,24.6,25.2,11.2,9.9,9.9,9.6,12.0,11.3,11.6,11.5,10.7,23.4,7.6,15.6,194.0,0,0,0,0,0,0
59.7,59.4,60.0,50.1,47.2,53.0,57.5,57.4,57.6,20.4,17.8,23.0,0.788,9.6,0.239,8.56,7.8,11.9,0.219,5.96,4.62,0.039,0.332,0.619,69.9,49.0,110,40,800,8.1,22.4,12.7,8.8,10.1,10.0,11.0,12.5,12.0,12.4,10.5,25.0,9.3,16.0,181.0,0,0,0,0,0,0
61.5,60.2,62.8,53.1,52.4,53.8,58.7,58.2,59.2,20.3,17.8,22.8,0.785,9.61,0.245,8.63,7.72,12.1,0.218,6.21,4.71,0.0371,0.335,0.632,66.6,47.0,110,37,800,8.0,21.7,12.4,9.2,10.2,10.7,10.8,10.4,11.3,12.0,10.1,21.3,7.4,13.8,169.0,0,0,0,0,0,0
62.7,62.2,63.2,52.0,49.4,54.6,58.7,59.2,58.2,20.6,22.8,18.4,0.815,9.63,0.251,8.68,7.99,12.3,0.23,6.29,4.78,0.0391,0.341,0.648,66.0,47.0,130,43,800,8.5,21.8,10.7,8.9,12.3,9.9,12.3,9.7,10.5,11.0,10.4,21.9,7.5,13.8,169.0,0,0,0,0,0,0
60.9,60.0,61.8,54.4,54.4,54.4,60.8,61.6,60.0,19.6,17.6,21.6,0.807,9.77,0.248,8.86,8.01,12.6,0.23,6.29,4.83,0.0381,0.344,0.661,65.0,47.0,140,48,800,8.5,21.1,11.0,10.6,12.9,11.1,11.2,11.4,10.6,11.1,10.4,24.9,8.4,16.3,180.0,0,0,0,0,0,0
60.6,59.6,61.6,55.4,53.4,57.4,60.3,60.8,59.8,20.6,17.4,23.8,0.817,10.1,0.257,8.9,8.04,12.9,0.236,6.28,4.94,0.0381,0.347,0.674,63.6,47.0,120,44,800,8.0,20.7,10.7,12.5,12.0,11.3,10.6,10.7,10.5,10.6,10.3,22.1,7.1,15.9,173.0,0,0,0,0,0,0
61.0,60.8,61.2,53.9,55.0,52.8,57.9,56.0,59.8,21.7,22.8,20.6,0.849,10.1,0.262,9.18,8.16,13.1,0.249,6.4,4.96,0.0369,0.349,0.673,62.6,46.0,120,43,800,7.5,20.7,9.5,12.6,11.4,10.3,11.8,11.8,10.5,10.8,9.9,22.5,7.2,14.9,171.0,0,0,0,0,0,0
61.3,60.4,62.2,54.1,54.6,53.6,60.5,60.0,61.0,21.4,22.0,20.8,0.868,9.99,0.268,9.24,8.39,13.3,0.255,6.43,5.08,0.0387,0.359,0.687,61.6,45.0,130,39,800,7.4,22.2,9.3,11.6,10.7,10.6,10.8,11.8,11.2,11.5,10.7,22.5,7.1,16.0,173.0,0,0,0,0,0,0
61.3,60.6,62.0,51.8,52.6,51.0,60.1,59.2,61.0,20.5,17.8,23.2,0.879,10.2,0.263,9.25,8.36,13.6,0.256,6.64,5.12,0.0388,0.365,0.69,60.6,45.0,120,39,800,8.3,22.7,11.5,10.0,10.7,10.5,10.4,9.7,10.6,11.7,11.2,21.1,7.0,15.2,171.0,0,0,0,0,0,0
59.7,59.2,60.2,51.5,48.6,54.4,61.2,60.6,61.8,20.5,18.6,22.4,0.879,10.4,0.266,9.55,8.45,13.6,0.253,6.7,5.21,0.0369,0.365,0.696,59.4,44.0,110,37,800,8.5,20.4,12.6,9.6,10.0,9.2,10.7,10.4,11.1,11.8,10.3,20.9,6.7,15.3,168.0,0,0,0,0,0,0
59.3,57.2,61.4,53.3,53.2,53.4,71.3,71.4,71.2,19.8,18.4,21.2,0.893,10.7,0.268,9.5,8.41,13.9,0.258,6.79,5.32,0.037,0.477,0.702,59.0,44.0,110,38,800,9.4,20.6,12.6,8.9,9.8,9.7,10.4,11.4,12.4,11.6,10.2,20.2,6.6,15.5,169.0,0,0,0,0,0,0
63.9,62.8,65.0,55.5,57.0,54.0,62.8,62.4,63.2,20.9,23.2,18.6,0.921,10.7,0.276,9.74,8.58,13.9,0.268,6.91,5.43,0.039,0.877,0.718,58.5,44.0,110,43,800,8.7,23.1,11.8,10.4,10.4,11.0,9.1,11.8,12.2,11.6,10.3,22.1,7.3,15.5,175.0,0,0,0,0,0,0
63.4,64.8,62.0,54.2,55.2,53.2,63.2,63.2,63.2,20.6,19.2,22.0,0.945,10.9,0.284,9.86,8.83,14.6,0.279,6.97,5.5,0.0388,0.887,0.74,58.5,44.0,130,43,800,8.8,21.9,11.5,10.9,10.9,10.6,9.1,11.3,10.7,12.2,10.9,25.0,8.2,16.1,178.0,0,0,0,0,0,0
62.8,61.4,64.2,52.5,52.2,52.8,60.2,60.4,60.0,22.0,21.4,22.6,1.01,11.7,0.299,10.6,9.49,15.5,0.292,7.43,5.92,0.0378,0.905,0.797,58.3,44.0,140,43,800,8.7,18.8,11.3,10.2,12.0,11.1,11.1,12.2,9.5,11.2,11.3,26.2,9.7,16.6,180.0,0,0,0,0,0,0
61.5,59.8,63.2,52.9,52.8,53.0,62.2,61.6,62.8,19.8,17.8,21.8,1.06,12.2,0.315,11.2,9.89,16.4,0.306,7.89,6.27,0.0368,0.93,0.84,57.9,44.0,110,43,800,7.3,19.8,11.0,10.4,10.4,11.2,10.7,11.9,10.5,10.8,11.3,23.8,7.6,15.8,173.0,0,0,0,0,0,0
68.4,67.8,69.0,58.5,59.6,57.4,63.0,62.2,63.8,20.6,24.0,17.2,0.97,11.3,0.284,9.88,8.77,14.8,0.271,6.91,5.69,0.0368,0.886,0.724,154.0,110.0,520,240,1000,30.7,25.0,13.9,12.5,13.0,13.8,12.0,13.4,11.3,10.9,12.9,26.6,8.5,14.4,219.0,0,0,0,0,0,0
68.9,68.0,69.8,56.4,56.6,56.2,66.5,66.0,67.0,22.3,23.4,21.2,0.966,11.3,0.288,9.96,8.84,15.1,0.278,7.23,5.69,0.0389,0.893,0.746,142.0,96.0,500,130,1000,20.6,26.9,13.3,12.8,13.7,13.1,12.9,13.9,13.5,13.1,11.8,28.2,9.2,16.8,220.0,0,0,0,0,0,0
68.7,69.2,68.2,53.4,54.4,52.4,62.0,59.8,64.2,20.5,18.6,22.4,1.0,11.4,0.293,9.9,9.05,15.3,0.275,7.18,5.83,0.0388,0.898,0.756,139.0,97.0,230,74,1000,12.1,29.9,13.5,12.9,11.4,12.5,14.6,12.1,13.4,14.4,12.4,26.8,10.0,17.9,214.0,0,0,0,0,0,0
69.7,68.4,71.0,54.1,56.0,52.2,62.8,63.6,62.0,19.8,20.2,19.4,0.996,11.5,0.301,10.0,8.83,15.2,0.276,7.15,5.85,0.037,0.89,0.761,141.0,99.0,330,110,1000,9.6,28.0,13.1,12.8,10.8,13.5,14.9,14.0,14.0,14.3,13.3,26.7,9.0,17.2,211.0,0,0,0,0,0,0
69.2,68.8,69.6,57.9,58.0,57.8,62.1,63.4,60.8,22.1,23.2,21.0,0.993,11.6,0.308,10.0,8.87,15.4,0.282,7.01,5.98,0.0369,0.895,0.775,140.0,100.0,320,120,1000,10.6,27.9,12.5,13.2,12.1,13.5,13.3,14.6,13.3,14.8,12.9,26.3,9.2,18.4,213.0,0,0,0,0,0,0
70.1,69.0,71.2,54.5,53.4,55.6,66.6,66.0,67.2,19.8,16.6,23.0,1.03,11.7,0.315,9.99,8.97,15.8,0.291,7.04,6.03,0.0378,0.898,0.784,137.0,100.0,240,100,1000,8.8,29.2,13.7,13.2,12.7,13.6,13.3,13.9,12.0,15.1,12.3,28.7,10.5,19.6,217.0,0,0,0,0,0,0
67.3,66.4,68.2,58.0,57.8,58.2,63.4,62.6,64.2,22.3,23.8,20.8,1.04,11.5,0.32,10.2,8.97,16.2,0.296,7.13,6.02,0.0386,0.79,0.789,138.0,100.0,300,110,1000,8.0,27.0,13.7,13.0,12.1,13.7,14.0,13.1,12.8,13.9,12.8,29.4,10.6,19.1,213.0,0,0,0,0,0,0
68.6,68.0,69.2,55.6,57.0,54.2,67.2,68.0,66.4,20.5,18.6,22.4,1.06,11.6,0.327,10.3,8.88,16.4,0.299,7.09,6.16,0.0367,0.399,0.795,133.0,98.0,300,86,1000,10.8,27.3,12.7,14.3,12.4,11.9,15.1,12.9,13.7,13.5,13.0,29.8,10.3,17.8,216.0,0,0,0,0,0,0
68.7,70.4,67.0,56.5,55.6,57.4,64.0,63.6,64.4,20.8,19.4,22.2,1.08,11.9,0.331,10.4,9.09,16.5,0.3,7.28,6.17,0.0377,0.407,0.816,130.0,98.0,190,74,1000,10.1,30.3,13.4,14.3,13.4,12.9,15.9,13.4,14.2,11.6,12.8,29.3,11.2,17.1,220.0,0,0,0,0,0,0
69.3,71.6,67.0,56.4,57.0,55.8,65.4,64.2,66.6,20.8,19.6,22.0,1.06,11.8,0.329,10.2,9.17,16.5,0.301,7.27,6.28,0.0378,0.408,0.801,130.0,98.0,290,95,1000,9.4,28.3,13.5,14.1,13.8,14.8,14.0,13.1,13.8,12.5,12.2,27.4,10.7,18.7,216.0,0,0,0,0,0,0
68.0,67.4,68.6,57.5,57.2,57.8,72.2,72.4,72.0,21.4,20.8,22.0,1.08,11.9,0.332,10.2,9.31,16.7,0.303,7.37,6.4,0.0377,0.938,0.821,129.0,98.0,290,100,1000,10.2,26.6,14.3,13.2,14.4,14.7,12.3,13.3,14.0,14.9,12.0,26.6,8.2,19.1,214.0,0,0,0,0,0,0
68.7,67.6,69.8,55.5,53.2,57.8,67.0,66.4,67.6,20.3,20.8,19.8,1.1,11.9,0.337,10.4,9.32,17.3,0.31,7.26,6.49,0.0386,0.938,0.844,126.0,96.0,230,81,1000,9.8,28.1,14.7,13.5,12.7,15.1,11.6,11.9,15.7,13.5,13.4,27.0,8.1,17.1,212.0,0,0,0,0,0,0
69.9,69.6,70.2,56.1,53.8,58.4,61.4,60.6,62.2,22.6,20.0,25.2,1.17,12.4,0.356,11.0,10.0,18.2,0.332,7.77,6.92,0.0379,0.967,0.888,126.0,97.0,230,88,1000,9.0,26.8,14.4,14.0,11.9,14.6,11.4,13.2,15.3,12.3,14.2,27.7,8.4,17.9,211.0,0,0,0,0,0,0
69.4,68.6,70.2,57.5,59.4,55.6,66.2,65.6,66.8,20.0,23.0,17.0,1.23,13.1,0.376,11.8,10.6,19.4,0.351,8.31,7.35,0.0367,0.988,0.946,125.0,97.0,250,100,1000,8.5,27.6,14.1,15.7,11.8,15.7,13.3,14.0,13.5,12.3,12.3,27.3,8.5,19.8,214.0,0,0,0,0,0,0
62.0,61.2,62.8,29.6,32.4,26.8,62.6,62.8,62.4,21.8,25.4,18.2,1.3,14.0,0.389,12.4,11.0,20.2,0.366,8.75,7.67,0.0377,1.01,0.987,122.0,95.0,200,82,1000,9.0,29.1,13.8,16.1,11.4,15.9,12.4,14.8,13.6,13.8,11.8,28.3,8.7,18.4,217.0,0,0,0,0,0,0
51.4,49.6,53.2,44.9,44.2,45.6,51.8,49.2,54.4,20.0,19.2,20.8,0.52,6.97,0.169,6.56,5.55,8.18,0.142,4.42,3.16,0.0382,0.253,0.467,49.7,37.0,130,44,600,44.8,16.6,8.1,7.9,7.1,6.6,6.6,6.6,9.0,6.9,7.7,16.3,4.4,11.4,160.0,0,0,0,0,0,0
53.2,52.2,54.2,46.7,46.4,47.0,52.5,53.2,51.8,20.0,20.8,19.2,0.538,7.06,0.172,6.61,5.68,8.45,0.151,4.54,3.25,0.0364,0.258,0.48,47.6,36.0,100,33,600,21.0,17.3,8.6,8.1,7.6,7.6,8.3,8.8,10.0,8.4,9.7,18.5,6.3,12.7,153.0,0,0,0,0,0,0
50.0,49.0,51.0,45.9,44.6,47.2,52.6,51.6,53.6,20.8,22.6,19.0,0.579,7.37,0.18,6.77,5.84,8.49,0.157,4.62,3.31,0.0363,0.266,0.485,46.0,34.0,96,30,600,5.7,16.5,8.1,6.8,7.3,8.9,8.4,10.6,8.4,8.8,8.4,17.9,6.8,12.5,135.0,0,0,0,0,0,0
51.4,49.2,53.6,45.4,43.2,47.6,53.1,51.6,54.6,21.5,23.8,19.2,0.578,7.53,0.181,6.94,6.0,8.67,0.158,4.67,3.41,0.0372,0.265,0.499,44.9,34.0,90,29,600,5.6,17.5,8.0,9.2,7.4,8.7,8.4,9.7,7.7,8.0,7.3,16.2,5.6,10.8,130.0,0,0,0,0,0,0
51.9,52.2,51.6,46.2,46.6,45.8,50.8,50.0,51.6,19.4,18.4,20.4,0.588,7.57,0.181,6.92,6.18,8.94,0.161,4.85,3.51,0.0374,0.271,0.503,44.0,33.0,86,29,600,4.7,17.0,8.1,9.9,7.4,7.5,8.3,7.8,9.4,8.0,6.8,15.8,4.9,10.5,126.0,0,0,0,0,0,0
53.0,53.8,52.2,46.7,47.8,45.6,52.9,51.4,54.4,20.1,17.8,22.4,0.605,7.77,0.19,7.07,6.3,8.95,0.17,4.98,3.62,0.0375,0.278,0.518,43.4,33.0,87,29,600,5.4,16.3,8.0,8.5,8.5,7.4,8.8,7.8,7.9,8.2,8.9,17.0,5.4,10.5,129.0,0,0,0,0,0,0
52.4,52.0,52.8,44.9,42.2,47.6,63.6,63.2,64.0,20.2,22.0,18.4,0.637,7.76,0.201,7.17,6.37,9.3,0.177,5.06,3.74,0.0375,0.276,0.52,43.2,33.0,89,30,600,5.6,16.8,7.6,7.7,8.0,7.7,8.8,8.5,9.1,8.6,9.9,18.5,6.7,10.8,134.0,0,0,0,0,0,0
52.1,51.8,52.4,46.6,46.0,47.2,51.9,50.4,53.4,21.0,19.2,22.8,0.635,8.04,0.202,7.35,6.59,9.46,0.179,5.13,3.7,0.0374,0.753,0.53,42.9,32.0,91,31,600,5.3,16.9,7.1,7.5,7.4,7.7,8.7,8.3,9.1,9.4,8.2,17.8,6.9,12.6,133.0,0,0,0,0,0,0
51.9,54.0,49.8,44.9,47.4,42.4,52.4,50.2,54.6,18.8,20.6,17.0,0.669,8.18,0.202,7.46,6.71,9.92,0.178,5.17,3.8,0.0373,0.758,0.552,42.3,32.0,86,28,600,5.6,16.6,6.7,8.4,8.3,9.2,8.5,9.2,7.0,8.4,7.8,16.8,5.8,11.9,130.0,0,0,0,0,0,0
50.7,51.4,50.0,46.1,47.4,44.8,52.9,52.4,53.4,20.7,20.6,20.8,0.683,8.16,0.214,7.5,6.77,9.85,0.188,5.4,3.93,0.0375,0.761,0.559,42.1,32.0,91,28,600,6.4,14.5,8.0,8.4,8.2,9.4,7.9,8.9,7.4,7.6,8.0,17.5,5.0,12.3,130.0,0,0,0,0,0,0
55.0,53.2,56.8,46.7,46.8,46.6,52.5,50.8,54.2,19.9,21.0,18.8,0.691,8.24,0.215,7.59,6.95,10.1,0.191,5.5,3.99,0.0366,0.767,0.57,41.8,32.0,93,30,600,6.1,16.2,7.3,8.1,7.9,7.2,8.3,7.2,7.1,8.5,8.7,18.6,5.9,12.0,129.0,0,0,0,0,0,0
52.2,54.0,50.4,46.3,46.8,45.8,53.3,51.2,55.4,20.9,19.0,22.8,0.708,8.47,0.218,7.87,6.97,10.4,0.194,5.58,4.08,0.0386,0.772,0.584,41.6,32.0,86,30,600,6.4,17.9,7.3,8.0,8.0,7.3,8.7,6.9,8.4,8.0,8.8,20.1,5.5,10.8,132.0,0,0,0,0,0,0
51.0,51.4,50.6,46.0,45.8,46.2,51.3,50.2,52.4,20.3,22.0,18.6,0.709,8.62,0.22,8.03,7.23,10.5,0.194,5.59,4.23,0.0377,0.78,0.594,41.3,31.0,83,30,600,6.3,17.1,8.9,7.9,8.2,7.5,8.3,8.1,8.8,7.2,8.3,19.4,5.5,11.1,133.0,0,0,0,0,0,0
50.3,51.2,49.4,43.9,43.0,44.8,52.6,50.6,54.6,20.4,18.0,22.8,0.725,8.67,0.226,8.09,7.32,10.7,0.204,5.69,4.28,0.0386,0.78,0.612,41.2,31.0,85,30,600,5.0,17.2,8.2,8.1,9.0,6.9,8.4,8.8,7.8,8.1,7.9,17.3,5.7,11.1,130.0,0,0,0,0,0,0
50.9,49.6,52.2,47.1,49.6,44.6,50.9,50.0,51.8,19.3,22.0,16.6,0.75,9.08,0.236,8.32,7.56,11.2,0.213,5.9,4.36,0.0376,0.793,0.636,41.0,31.0,91,28,600,5.1,17.3,7.9,8.2,7.4,7.4,8.4,8.3,8.8,7.8,8.2,15.9,5.5,11.6,128.0,0,0,0,0,0,0
50.9,52.8,49.0,47.4,46.2,48.6,51.7,52.4,51.0,20.8,24.2,17.4,0.795,9.59,0.245,8.88,7.96,11.9,0.222,6.28,4.65,0.0377,0.807,0.674,40.9,31.0,87,28,600,5.5,18.2,7.7,8.6,6.5,7.4,8.2,7.3,9.2,7.7,8.7,15.1,5.3,12.0,127.0,0,0,0,0,0,0
56.0,58.4,53.6,38.1,36.2,40.0,53.4,53.2,53.6,20.0,18.8,21.2,0.849,10.1,0.261,9.23,8.5,12.5,0.238,6.69,4.96,0.0367,0.824,0.711,40.7,31.0,87,29,600,5.0,16.6,8.2,9.1,7.0,7.5,7.5,8.0,9.5,7.4,8.0,14.6,4.3,12.0,125.0,0,0,0,0,0,0
62.5,62.6,62.4,50.9,49.6,52.2,63.1,65.0,61.2,22.9,21.6,24.2,0.747,9.26,0.231,8.49,7.42,11.5,0.211,5.98,4.34,0.0378,0.795,0.618,74.1,59.0,220,91,800,45.3,20.9,10.5,11.0,9.5,10.3,9.1,10.0,11.0,10.1,9.4,19.1,6.6,12.3,195.0,0,0,0,0,0,0
62.0,63.4,60.6,53.3,53.6,53.0,57.8,57.6,58.0,20.1,21.6,18.6,0.747,9.42,0.231,8.49,7.44,11.9,0.207,5.91,4.39,0.0367,0.798,0.622,69.1,54.0,210,64,800,26.0,24.0,11.4,10.8,12.3,10.8,9.9,10.7,14.6,9.8,11.5,22.6,7.1,15.1,197.0,0,0,0,0,0,0
61.8,61.0,62.6,53.6,51.4,55.8,59.2,59.2,59.2,21.5,19.6,23.4,0.743,9.54,0.234,8.61,7.62,12.0,0.211,6.05,4.51,0.0367,0.804,0.636,65.9,51.0,120,39,800,8.5,21.4,10.8,10.5,10.3,10.8,10.3,11.6,12.8,10.1,11.2,22.2,7.2,17.1,175.0,0,0,0,0,0,0
62.5,63.8,61.2,51.0,52.2,49.8,60.8,61.6,60.0,20.1,19.4,20.8,0.768,9.63,0.239,8.86,7.64,12.1,0.218,6.21,4.66,0.0368,0.334,0.642,64.4,50.0,120,42,800,7.2,21.0,11.0,9.8,11.2,9.9,11.5,11.9,11.2,10.8,10.4,21.5,8.5,17.0,173.0,0,0,0,0,0,0
60.7,60.8,60.6,56.3,58.4,54.2,59.3,58.2,60.4,20.7,19.2,22.2,0.777,9.7,0.245,8.9,7.73,12.3,0.223,6.26,4.78,0.0389,0.339,0.643,61.9,48.0,110,40,800,7.7,23.4,11.1,8.7,10.6,10.4,10.9,10.4,10.7,11.6,10.6,21.0,7.5,16.2,171.0,0,0,0,0,0,0
62.4,62.8,62.0,52.2,52.8,51.6,62.3,63.4,61.2,21.5,21.6,21.4,0.791,10.1,0.241,9.0,7.93,12.7,0.226,6.29,4.82,0.0379,0.343,0.664,61.2,48.0,110,41,800,7.6,23.5,12.2,9.2,10.3,12.2,11.4,10.3,9.4,12.0,10.5,22.5,7.1,16.6,175.0,0,0,0,0,0,0
61.3,62.0,60.6,55.0,55.4,54.6,63.9,64.2,63.6,20.4,17.6,23.2,0.818,10.2,0.252,9.12,7.86,13.0,0.229,6.41,4.94,0.0378,0.344,0.674,60.2,48.0,120,43,800,7.6,24.2,11.4,9.7,11.9,12.4,12.1,10.8,10.1,11.2,8.8,23.6,8.1,17.1,179.0,0,0,0,0,0,0
62.2,60.4,64.0,53.2,52.4,54.0,61.0,61.4,60.6,20.9,20.2,21.6,0.807,10.3,0.253,9.33,8.08,13.1,0.232,6.45,4.97,0.0368,0.348,0.678,60.3,48.0,150,44,800,8.9,23.4,10.4,9.6,10.7,12.6,12.0,11.0,10.5,10.0,8.4,23.0,7.5,16.7,175.0,0,0,0,0,0,0
61.0,60.6,61.4,54.6,54.2,55.0,61.2,61.8,60.6,21.3,23.6,19.0,0.83,10.4,0.258,9.41,8.08,13.4,0.242,6.63,5.04,0.0377,0.348,0.695,59.6,47.0,150,41,800,7.9,22.6,12.1,9.9,10.8,12.6,10.4,11.9,11.0,11.1,9.2,23.4,6.9,16.2,176.0,0,0,0,0,0,0
62.6,62.4,62.8,52.9,51.6,54.2,61.3,60.0,62.6,21.3,20.0,22.6,0.844,10.6,0.26,9.5,8.16,13.7,0.24,6.69,5.21,0.0378,0.364,0.692,58.9,46.0,130,41,800,6.0,22.3,12.1,9.6,11.4,10.9,10.7,11.9,11.9,11.3,10.5,22.5,8.3,15.9,175.0,0,0,0,0,0,0
61.6,62.4,60.8,53.1,50.6,55.6,58.0,55.8,60.2,20.1,23.6,16.6,0.855,10.6,0.265,9.8,8.22,13.8,0.241,6.85,5.3,0.037,0.368,0.708,58.2,46.0,110,42,800,6.7,20.7,11.8,10.9,10.9,9.5,12.5,11.7,11.5,10.9,12.3,23.1,7.6,15.3,175.0,0,0,0,0,0,0
62.2,62.0,62.4,52.3,51.6,53.0,74.7,75.2,74.2,21.4,22.6,20.2,0.893,10.7,0.277,9.88,8.5,14.1,0.253,6.8,5.4,0.0389,0.37,0.728,57.9,46.0,110,42,800,7.8,20.8,11.1,12.2,10.3,10.0,11.2,13.1,11.2,11.9,12.3,25.1,6.8,14.2,178.0,0,0,0,0,0,0
61.0,60.4,61.6,52.6,51.4,53.8,62.5,61.6,63.4,20.1,19.8,20.4,0.891,11.0,0.272,10.1,8.43,14.3,0.252,6.93,5.42,0.0389,0.879,0.732,58.0,46.0,140,46,800,8.2,22.5,12.0,10.7,11.3,11.0,9.5,12.7,11.0,10.5,10.8,25.1,7.9,16.1,179.0,0,0,0,0,0,0
59.9,59.2,60.6,53.7,52.6,54.8,58.3,59.4,57.2,20.9,17.2,24.6,0.922,11.0,0.283,10.3,8.76,14.8,0.261,7.02,5.55,0.0369,0.887,0.757,57.6,46.0,140,44,800,8.4,22.0,11.8,10.2,12.5,10.1,11.8,10.8,10.4,9.0,10.0,22.1,7.1,17.7,174.0,0,0,0,0,0,0
59.7,59.6,59.8,52.9,52.2,53.6,62.5,64.6,60.4,20.1,17.2,23.0,0.986,11.8,0.301,10.9,9.29,15.5,0.275,7.42,5.89,0.0378,0.911,0.802,57.0,45.0,110,39,800,8.1,22.1,10.1,11.2,12.3,9.4,12.2,10.7,11.6,10.6,10.7,19.8,6.5,15.7,171.0,0,0,0,0,0,0
61.8,61.4,62.2,52.6,50.0,55.2,62.1,61.4,62.8,21.6,20.4,22.8,1.04,12.4,0.314,11.5,9.74,16.4,0.291,7.91,6.27,0.0368,0.929,0.844,56.7,45.0,110,40,800,7.6,21.6,10.9,11.2,10.8,10.9,11.0,11.6,13.0,12.0,11.2,22.0,7.5,13.9,175.0,0,0,0,0,0,0
70.4,72.0,68.8,55.1,56.2,54.0,60.5,62.2,58.8,20.5,23.6,17.4,0.911,11.0,0.291,10.1,8.73,14.9,0.253,6.93,5.54,0.0382,0.887,0.719,157.0,110.0,610,230,1000,32.0,24.7,13.6,13.6,12.2,11.3,11.6,13.5,12.5,12.6,13.8,24.8,8.6,16.3,221.0,0,0,0,0,0,0
69.7,67.6,71.8,56.8,56.6,57.0,61.7,60.6,62.8,20.3,21.6,19.0,0.922,11.2,0.284,10.0,8.8,14.9,0.255,6.95,5.66,0.0373,0.881,0.734,155.0,110.0,630,210,1000,20.0,26.5,11.4,14.0,14.4,13.3,13.1,13.7,13.0,15.1,13.8,28.3,10.4,17.1,224.0,0,0,0,0,0,0
69.5,69.0,70.0,56.8,57.4,56.2,61.8,64.4,59.2,20.4,23.4,17.4,0.957,11.1,0.29,9.86,8.95,15.4,0.258,7.06,5.8,0.0385,0.891,0.736,149.0,110.0,290,100,1000,11.2,26.6,13.8,12.6,13.8,12.6,11.8,14.1,14.5,14.5,12.8,30.6,9.5,18.2,217.0,0,0,0,0,0,0
70.4,69.6,71.2,52.8,50.6,55.0,62.5,64.0,61.0,21.1,17.2,25.0,0.954,11.2,0.295,10.0,9.0,15.6,0.258,7.01,5.88,0.0374,0.889,0.755,143.0,100.0,220,94,1000,8.2,27.6,14.5,12.2,13.6,13.9,11.9,13.7,13.8,14.9,13.9,28.6,7.7,19.0,214.0,0,0,0,0,0,0
71.6,73.0,70.2,57.4,58.4,56.4,59.9,58.6,61.2,20.4,17.6,23.2,0.946,11.1,0.293,10.0,9.06,15.7,0.27,7.1,5.84,0.0374,0.888,0.763,149.0,110.0,410,120,1000,8.6,28.4,12.4,12.1,15.1,14.3,15.3,13.7,13.1,15.7,13.0,28.2,8.6,18.8,217.0,0,0,0,0,0,0
68.3,68.2,68.4,54.8,54.4,55.2,63.7,63.8,63.6,20.8,21.2,20.4,0.981,11.5,0.297,10.1,9.31,16.0,0.27,7.09,6.05,0.0373,0.89,0.768,144.0,110.0,410,120,1000,8.4,29.1,13.2,12.7,12.8,13.2,15.9,14.3,13.4,13.4,12.4,29.1,9.6,18.7,216.0,0,0,0,0,0,0
71.9,73.4,70.4,58.5,60.2,56.8,65.7,66.4,65.0,20.7,22.0,19.4,0.968,11.6,0.295,9.98,9.16,16.1,0.265,7.15,6.06,0.0363,0.892,0.773,137.0,99.0,190,70,1000,9.4,30.2,13.5,14.0,11.9,13.3,13.7,14.6,14.6,11.8,13.3,29.6,8.6,16.9,215.0,0,0,0,0,0,0
70.7,70.4,71.0,53.6,54.2,53.0,66.8,66.2,67.4,21.1,19.8,22.4,0.975,11.5,0.302,10.2,9.32,16.3,0.271,7.25,6.15,0.0363,0.396,0.783,132.0,96.0,150,65,1000,10.7,28.9,13.1,15.2,12.9,13.0,13.7,12.9,14.8,12.3,14.7,28.5,8.8,17.4,217.0,0,0,0,0,0,0
68.7,69.6,67.8,57.1,55.4,58.8,60.2,59.8,60.6,20.4,21.8,19.0,0.988,11.7,0.303,10.2,9.37,16.5,0.28,7.35,6.3,0.0372,0.4,0.797,138.0,100.0,400,100,1000,9.2,28.4,12.5,15.3,12.4,13.9,12.5,11.9,14.7,12.9,14.8,28.0,8.9,19.4,215.0,0,0,0,0,0,0
68.8,68.2,69.4,54.2,54.8,53.6,63.2,62.2,64.2,21.1,20.0,22.2,0.99,11.7,0.304,10.2,9.4,16.9,0.283,7.24,6.27,0.0374,0.395,0.796,133.0,96.0,400,100,1000,8.0,28.6,13.9,14.6,13.4,12.2,11.7,13.3,14.3,13.5,14.8,27.6,8.1,19.1,213.0,0,0,0,0,0,0
69.1,69.2,69.0,54.3,54.8,53.8,73.8,73.2,74.4,20.5,18.8,22.2,0.976,11.7,0.313,10.1,9.42,16.9,0.285,7.41,6.39,0.0373,0.4,0.805,133.0,98.0,250,82,1000,8.6,27.4,14.6,13.1,13.6,11.0,12.3,14.5,13.6,16.0,13.7,24.9,8.9,16.9,209.0,0,0,0,0,0,0
71.2,69.8,72.6,57.2,55.4,59.0,59.0,59.4,58.6,21.8,23.8,19.8,0.987,11.8,0.317,10.1,9.71,17.3,0.286,7.24,6.37,0.0374,0.893,0.821,143.0,100.0,560,180,1000,9.1,28.2,12.9,13.2,13.1,12.6,11.5,13.3,13.6,15.6,13.0,23.7,8.4,18.0,206.0,0,0,0,0,0,0
69.4,68.2,70.6,55.4,55.0,55.8,64.8,63.2,66.4,20.1,17.6,22.6,1.07,12.4,0.337,10.7,10.4,18.3,0.308,7.78,6.9,0.0377,0.917,0.871,139.0,99.0,560,110,1000,9.6,28.8,13.3,14.2,13.0,12.8,13.1,14.1,13.6,14.1,13.3,29.6,9.1,19.2,218.0,0,0,0,0,0,0
69.4,69.8,69.0,56.8,55.8,57.8,65.3,63.8,66.8,22.2,22.4,22.0,1.15,13.0,0.359,11.3,10.8,19.4,0.33,8.14,7.26,0.0386,0.936,0.932,141.0,100.0,300,99,1000,9.0,28.9,14.0,12.6,13.0,12.6,13.4,15.3,13.7,14.9,12.9,31.1,10.0,17.7,219.0,0,0,0,0,0,0
65.4,67.4,63.4,31.0,31.4,30.6,62.4,63.2,61.6,19.8,20.8,18.8,1.23,13.9,0.375,11.9,11.5,20.5,0.347,8.77,7.64,0.0377,0.961,0.976,139.0,100.0,330,110,1000,8.7,31.1,13.4,12.0,14.6,13.1,13.1,13.6,14.1,14.0,12.6,27.5,10.1,18.1,216.0,0,0,0,0,0,0
47.8,47.6,48.0,45.9,47.2,44.6,53.0,53.2,52.8,19.6,21.6,17.6,0.494,6.73,0.162,5.82,5.9,7.97,0.138,4.38,3.04,0.0356,0.245,0.449,47.4,37.0,120,44,600,45.0,14.6,7.8,7.3,8.3,7.6,8.0,7.7,8.4,7.5,5.6,17.0,5.0,11.8,162.0,0,0,0,0,0,0
52.1,53.0,51.2,44.1,44.4,43.8,51.1,52.2,50.0,20.5,18.0,23.0,0.518,6.9,0.173,5.99,6.04,8.18,0.15,4.5,3.16,0.0366,0.251,0.463,44.5,34.0,100,29,600,21.0,17.8,10.0,8.4,8.5,7.5,8.5,7.4,8.7,8.4,7.0,16.5,5.6,12.5,148.0,0,0,0,0,0,0
52.5,50.8,54.2,46.4,46.0,46.8,51.3,51.2,51.4,20.0,17.6,22.4,0.55,7.12,0.18,6.21,6.2,8.44,0.154,4.55,3.22,0.0365,0.256,0.466,43.4,33.0,84,27,600,5.6,17.0,10.3,7.7,8.4,8.5,8.3,7.4,6.9,7.7,7.6,14.8,6.4,9.8,126.0,0,0,0,0,0,0
50.6,50.4,50.8,46.1,46.8,45.4,52.9,53.6,52.2,20.9,22.8,19.0,0.562,7.16,0.185,6.41,6.33,8.54,0.158,4.66,3.34,0.0356,0.263,0.478,42.3,32.0,86,28,600,7.3,16.0,9.1,8.1,7.3,9.8,7.0,8.8,7.1,7.9,8.5,16.6,6.9,10.7,131.0,0,0,0,0,0,0
52.3,52.6,52.0,44.0,43.8,44.2,51.3,51.6,51.0,19.5,22.4,16.6,0.565,7.27,0.182,6.56,6.4,8.66,0.16,4.84,3.39,0.0366,0.267,0.48,41.7,32.0,82,29,600,6.6,16.5,8.0,8.4,7.1,10.3,7.2,8.1,7.8,7.3,9.7,16.5,6.0,11.0,131.0,0,0,0,0,0,0
51.7,51.4,52.0,44.0,46.0,42.0,51.8,51.2,52.4,20.3,22.2,18.4,0.564,7.52,0.185,6.65,6.41,8.98,0.16,4.8,3.45,0.0358,0.272,0.5,40.8,31.0,81,28,600,7.2,16.5,7.9,7.8,8.5,8.1,8.5,6.7,8.2,8.2,9.1,14.4,4.6,10.7,126.0,0,0,0,0,0,0
49.6,50.2,49.0,46.0,44.8,47.2,48.7,49.8,47.6,19.4,21.2,17.6,0.564,7.68,0.181,6.89,6.57,9.1,0.156,4.88,3.54,0.0359,0.275,0.5,40.5,31.0,86,27,600,7.3,15.4,8.1,9.2,8.1,6.8,8.7,8.6,7.8,8.7,7.9,16.4,4.3,10.3,128.0,0,0,0,0,0,0
52.5,53.2,51.8,45.8,45.6,46.0,58.8,59.6,58.0,21.4,21.8,21.0,0.578,7.74,0.186,6.93,6.57,9.16,0.163,5.02,3.66,0.0367,0.278,0.515,40.5,31.0,95,29,600,5.4,16.4,6.3,10.3,8.2,8.8,9.6,9.9,9.8,7.7,6.9,17.5,4.7,9.7,131.0,0,0,0,0,0,0
51.2,50.6,51.8,46.4,46.4,46.4,56.3,56.2,56.4,19.0,16.2,21.8,0.592,7.82,0.193,7.01,6.68,9.47,0.165,5.19,3.75,0.0379,0.778,0.514,41.4,31.0,130,33,600,5.5,18.2,6.5,9.5,7.3,8.6,9.2,8.6,9.6,7.7,7.1,14.5,4.4,10.2,127.0,0,0,0,0,0,0
52.6,51.0,54.2,46.9,46.4,47.4,52.3,50.8,53.8,20.9,24.0,17.8,0.595,8.08,0.193,7.19,6.86,9.76,0.17,5.22,3.82,0.0372,0.776,0.528,41.0,31.0,120,31,600,6.7,16.0,8.1,8.3,7.4,6.9,8.4,8.1,7.4,8.3,8.6,15.3,5.0,11.2,126.0,0,0,0,0,0,0
53.1,51.2,55.0,45.6,43.6,47.6,53.7,51.6,55.8,19.7,24.4,15.0,0.622,8.12,0.201,7.42,7.0,9.95,0.173,5.27,3.87,0.0361,0.785,0.556,40.8,31.0,84,28,600,6.1,18.4,7.8,7.8,8.3,6.0,8.1,8.3,7.7,8.7,9.4,16.3,4.9,12.5,130.0,0,0,0,0,0,0
50.7,48.6,52.8,47.1,45.6,48.6,52.1,50.0,54.2,20.0,23.6,16.4,0.646,8.25,0.206,7.53,6.98,10.2,0.183,5.36,4.01,0.037,0.792,0.559,40.7,31.0,92,29,600,4.9,21.0,8.9,7.4,7.4,7.1,8.8,9.0,9.1,8.4,9.0,18.1,5.6,11.6,136.0,0,0,0,0,0,0
53.3,54.2,52.4,48.6,50.0,47.2,52.9,53.4,52.4,20.9,19.0,22.8,0.697,8.51,0.218,7.85,7.08,10.4,0.193,5.57,4.07,0.0362,0.8,0.575,40.6,31.0,92,29,600,5.3,17.1,9.3,9.3,7.1,7.3,9.0,8.2,8.8,8.4,8.2,18.6,6.3,10.3,133.0,0,0,0,0,0,0
52.1,53.0,51.2,48.4,48.0,48.8,53.3,54.2,52.4,20.4,24.2,16.6,0.725,8.64,0.225,7.97,7.25,10.6,0.199,5.71,4.22,0.0383,0.799,0.595,40.4,31.0,90,29,600,5.9,14.6,8.5,9.2,7.5,7.9,8.3,8.2,7.3,8.7,8.2,16.6,6.6,10.2,128.0,0,0,0,0,0,0
55.0,55.2,54.8,45.2,46.0,44.4,56.1,56.0,56.2,19.4,17.6,21.2,0.759,8.96,0.237,8.3,7.46,11.0,0.213,5.9,4.32,0.0373,0.815,0.629,40.5,31.0,92,30,600,5.8,15.2,8.0,6.9,7.6,8.5,9.6,7.2,7.7,8.2,9.4,18.2,7.1,11.0,130.0,0,0,0,0,0,0
50.2,49.4,51.0,45.3,46.0,44.6,52.5,52.8,52.2,19.7,20.8,18.6,0.818,9.47,0.251,8.78,7.85,11.7,0.225,6.27,4.62,0.0373,0.831,0.659,40.5,31.0,96,31,600,5.8,17.5,7.0,7.1,7.9,8.1,10.3,5.9,8.3,8.7,9.0,18.9,7.4,11.0,133.0,0,0,0,0,0,0
54.2,54.6,53.8,40.2,39.4,41.0,53.8,52.8,54.8,19.7,16.4,23.0,0.868,10.0,0.262,9.23,8.4,12.3,0.237,6.55,4.88,0.0374,0.848,0.701,40.6,31.0,96,31,600,5.5,17.7,6.6,8.1,9.0,8.6,9.6,7.1,7.4,9.1,7.7,17.1,6.8,12.0,132.0,0,0,0,0,0,0
61.4,63.0,59.8,53.6,51.8,55.4,61.4,60.8,62.0,20.0,18.8,21.2,0.726,9.41,0.224,8.29,7.52,11.4,0.201,5.82,4.44,0.0365,0.811,0.611,69.7,57.0,200,85,800,47.5,16.6,10.4,10.8,8.8,12.3,9.9,8.8,10.1,8.6,10.3,19.8,6.4,12.6,193.0,0,0,0,0,0,0
65.5,65.4,65.6,56.3,54.6,58.0,61.0,60.4,61.6,20.6,19.0,22.2,0.745,9.32,0.231,8.54,7.69,11.4,0.207,5.94,4.54,0.0382,0.819,0.619,65.6,53.0,180,54,800,26.4,21.4,12.2,11.4,9.7,13.1,10.6,10.6,9.7,8.2,11.0,22.3,7.4,14.2,188.0,0,0,0,0,0,0
57.6,58.0,57.2,55.0,56.2,53.8,58.9,58.8,59.0,19.6,17.0,22.2,0.779,9.44,0.242,8.65,7.73,11.8,0.217,6.16,4.57,0.0373,0.823,0.633,62.7,49.0,110,38,800,7.9,24.8,12.0,10.6,10.8,12.0,11.1,9.6,9.4,9.6,11.0,23.0,7.3,15.1,174.0,0,0,0,0,0,0
60.1,62.0,58.2,56.6,56.2,57.0,59.5,57.0,62.0,20.3,23.2,17.4,0.777,9.75,0.243,8.81,7.73,12.0,0.214,6.14,4.62,0.0374,0.832,0.638,60.3,47.0,110,34,800,7.5,24.2,10.8,10.9,11.5,12.7,12.2,9.6,11.2,10.6,11.9,21.6,5.9,15.2,176.0,0,0,0,0,0,0
60.8,61.2,60.4,54.8,55.2,54.4,60.3,57.8,62.8,21.0,23.6,18.4,0.812,9.79,0.243,9.04,7.88,12.3,0.22,6.17,4.74,0.0373,0.339,0.655,58.2,45.0,100,34,800,7.7,22.1,10.7,12.6,10.0,10.6,10.4,11.5,11.4,10.7,13.2,20.2,6.4,16.1,174.0,0,0,0,0,0,0
63.2,63.0,63.4,54.5,53.6,55.4,60.0,60.8,59.2,20.7,20.2,21.2,0.802,9.94,0.252,9.02,7.97,12.5,0.226,6.4,4.79,0.0382,0.349,0.66,58.0,45.0,120,39,800,8.0,22.2,11.6,12.1,8.5,10.1,10.4,12.3,10.8,11.0,12.2,22.7,7.3,17.5,177.0,0,0,0,0,0,0
58.7,58.6,58.8,51.7,52.0,51.4,61.4,60.2,62.6,21.1,21.4,20.8,0.826,10.2,0.252,9.22,8.12,12.7,0.233,6.44,4.9,0.0373,0.352,0.666,57.1,44.0,130,40,800,8.7,23.1,11.9,9.1,9.1,11.0,10.9,10.6,11.5,10.0,10.2,22.9,7.3,17.2,174.0,0,0,0,0,0,0
60.8,59.8,61.8,51.9,51.0,52.8,59.9,58.0,61.8,19.7,19.0,20.4,0.835,10.2,0.259,9.31,8.25,12.9,0.232,6.62,5.02,0.0364,0.354,0.666,56.5,43.0,120,38,800,7.4,22.6,11.1,9.5,11.5,11.8,12.2,10.1,11.2,10.6,10.4,23.4,8.0,15.4,175.0,0,0,0,0,0,0
60.8,60.8,60.8,52.2,53.5,50.9,58.1,57.8,58.4,21.9,19.4,24.4,0.831,10.4,0.258,9.22,8.3,13.0,0.232,6.64,5.14,0.0373,0.355,0.673,56.0,43.0,110,40,800,6.0,21.0,10.7,11.7,13.8,12.5,10.5,9.1,9.3,11.0,11.0,23.2,6.8,14.8,171.0,0,0,0,0,0,0
62.3,60.6,64.0,53.5,52.7,54.3,61.4,60.0,62.8,22.1,21.4,22.8,0.826,10.4,0.254,9.35,8.37,13.2,0.229,6.6,5.2,0.0362,0.366,0.692,56.1,44.0,120,44,800,6.2,21.8,11.4,12.7,13.6,9.9,9.5,10.7,9.8,10.7,9.7,21.7,7.5,16.6,172.0,0,0,0,0,0,0
65.1,63.2,67.0,54.5,54.0,55.0,61.2,61.2,61.2,20.5,18.6,22.4,0.828,10.5,0.256,9.53,8.61,13.7,0.232,6.75,5.27,0.0372,0.363,0.685,56.3,44.0,140,46,800,6.4,23.0,11.6,11.9,11.1,9.0,12.4,13.3,10.1,11.1,9.0,22.6,8.4,16.6,177.0,0,0,0,0,0,0
64.1,63.2,65.0,51.8,51.2,52.4,61.8,60.0,63.6,20.5,18.0,23.0,0.864,10.8,0.266,9.54,8.77,13.8,0.24,6.81,5.37,0.0362,0.372,0.715,56.8,44.0,140,48,800,7.5,22.4,10.5,10.7,10.4,10.7,13.5,12.6,9.8,11.1,8.8,24.1,8.0,17.0,177.0,0,0,0,0,0,0
61.5,60.6,62.4,53.0,51.4,54.6,71.2,73.0,69.4,21.2,18.2,24.2,0.865,10.7,0.267,9.69,8.72,14.0,0.246,7.02,5.38,0.0373,0.466,0.719,56.7,45.0,140,48,800,7.3,21.8,10.8,10.0,11.6,11.6,11.9,12.1,10.4,10.6,9.9,25.4,9.5,16.6,180.0,0,0,0,0,0,0
63.4,62.0,64.8,52.1,53.6,50.6,61.8,63.0,60.6,20.6,20.8,20.4,0.926,11.0,0.282,9.91,9.11,14.5,0.257,7.05,5.56,0.0382,0.88,0.754,56.5,44.0,120,44,800,6.6,24.5,10.5,9.5,10.4,10.7,10.8,10.2,10.7,9.0,12.0,22.8,8.4,15.6,172.0,0,0,0,0,0,0
61.7,60.4,63.0,51.5,52.2,50.8,61.4,61.0,61.8,20.6,17.4,23.8,0.985,11.7,0.301,10.5,9.59,15.4,0.279,7.44,5.86,0.0374,0.899,0.818,56.4,45.0,130,43,800,7.0,24.5,9.3,10.3,10.2,10.0,11.5,9.6,11.4,9.8,12.4,21.9,7.6,17.1,173.0,0,0,0,0,0,0
62.7,63.0,62.4,55.0,55.2,54.8,61.3,61.2,61.4,20.9,21.6,20.2,1.05,12.2,0.316,11.0,10.2,16.2,0.292,7.91,6.28,0.0385,0.921,0.87,56.0,44.0,110,41,800,7.1,24.2,9.9,10.0,10.3,11.4,10.6,11.9,11.6,10.9,12.0,24.0,8.6,14.9,177.0,0,0,0,0,0,0
70.3,70.4,70.2,59.9,59.2,60.6,62.2,63.6,60.8,22.3,24.2,20.4,0.955,11.0,0.294,9.85,9.05,15.1,0.269,6.89,5.65,0.0374,0.877,0.768,162.0,110.0,680,230,1000,33.0,25.8,11.1,13.3,11.0,12.7,12.1,12.4,11.6,11.6,10.6,22.7,6.7,18.4,213.0,0,0,0,0,0,0
69.2,69.2,69.2,54.7,54.8,54.6,63.2,62.2,64.2,21.6,22.8,20.4,0.973,11.3,0.297,9.8,8.98,15.3,0.265,6.96,5.71,0.0383,0.873,0.769,156.0,100.0,690,200,1000,21.1,27.1,11.6,13.2,13.5,14.4,14.5,12.3,11.5,12.7,12.1,28.8,9.1,18.6,221.0,0,0,0,0,0,0
69.2,70.4,68.0,56.5,55.4,57.6,64.1,63.8,64.4,21.1,22.4,19.8,0.974,11.3,0.3,9.86,9.08,15.5,0.273,6.94,5.79,0.0373,0.874,0.797,147.0,100.0,280,86,1000,11.1,28.7,12.5,12.4,14.3,14.7,15.6,12.8,12.4,15.3,13.3,30.3,9.6,18.9,222.0,0,0,0,0,0,0
71.9,72.0,71.8,57.1,55.8,58.4,62.6,63.4,61.8,20.5,22.4,18.6,0.989,11.3,0.304,9.93,9.15,15.9,0.276,6.98,5.77,0.0374,0.886,0.803,143.0,100.0,250,94,1000,9.7,28.8,12.2,11.9,12.1,14.2,14.9,14.3,12.2,15.0,13.9,28.2,9.5,17.8,215.0,0,0,0,0,0,0
69.2,70.0,68.4,56.5,56.2,56.8,63.8,64.4,63.2,21.1,21.4,20.8,0.996,11.4,0.308,10.1,9.34,16.0,0.283,7.04,5.95,0.0385,0.887,0.8,136.0,98.0,200,92,1000,8.1,28.3,14.2,14.0,11.6,14.7,13.3,13.6,12.0,13.7,13.9,30.6,10.7,18.5,217.0,0,0,0,0,0,0
71.4,71.8,71.0,55.7,53.6,57.8,64.2,63.8,64.6,20.2,23.2,17.2,1.03,11.6,0.313,9.91,9.2,16.0,0.285,7.07,6.12,0.0375,0.89,0.819,134.0,98.0,210,87,1000,7.8,28.7,15.3,14.3,13.2,15.8,14.5,12.7,12.9,13.9,12.6,29.8,10.0,19.2,221.0,0,0,0,0,0,0
70.3,68.0,72.6,54.3,55.8,52.8,65.2,64.6,65.8,20.1,21.6,18.6,0.997,11.5,0.312,10.0,9.32,16.3,0.284,7.26,6.12,0.0387,0.885,0.806,130.0,96.0,210,90,1000,8.9,29.3,14.1,12.1,14.5,15.6,14.6,14.1,11.7,14.6,12.4,29.3,9.8,18.9,220.0,0,0,0,0,0,0
70.0,70.6,69.4,55.7,56.2,55.2,63.3,62.4,64.2,20.9,22.4,19.4,1.03,11.8,0.315,10.0,9.48,16.4,0.284,7.23,6.23,0.0385,0.804,0.825,127.0,96.0,190,92,1000,9.1,26.6,11.7,13.9,13.4,14.2,12.4,14.9,12.5,15.9,12.4,28.7,9.1,20.6,215.0,0,0,0,0,0,0
68.6,69.6,67.6,56.5,57.4,55.6,62.4,63.2,61.6,20.3,20.8,19.8,1.01,11.8,0.313,10.2,9.42,16.5,0.293,7.13,6.16,0.0365,0.397,0.818,125.0,95.0,200,91,1000,10.1,25.9,11.8,15.3,13.0,12.7,11.6,14.0,14.0,13.6,13.7,28.5,8.2,20.9,213.0,0,0,0,0,0,0
71.9,69.6,74.2,55.7,57.8,53.6,62.0,60.8,63.2,21.0,20.8,21.2,1.03,11.5,0.312,10.0,9.42,17.0,0.284,7.34,6.37,0.0364,0.406,0.821,132.0,99.0,400,130,1000,9.3,26.0,13.6,13.2,13.8,11.9,12.9,14.2,12.2,11.9,13.0,28.5,8.9,18.3,208.0,0,0,0,0,0,0
70.2,69.0,71.4,52.4,52.2,52.6,73.9,71.8,76.0,20.3,16.8,23.8,1.04,11.9,0.32,10.2,9.48,17.0,0.293,7.17,6.28,0.0373,0.399,0.818,132.0,100.0,400,150,1000,9.8,27.1,14.6,14.5,12.4,11.7,12.9,14.1,13.4,14.4,11.8,29.1,10.1,17.6,214.0,0,0,0,0,0,0
71.5,72.6,70.4,57.2,58.2,56.2,61.7,64.4,59.0,21.2,20.0,22.4,1.04,11.8,0.32,10.1,9.74,17.5,0.294,7.36,6.54,0.0364,0.925,0.841,139.0,100.0,460,150,1000,10.4,28.9,13.7,13.5,13.5,11.5,10.0,13.6,14.3,15.4,13.5,29.5,10.2,16.6,215.0,0,0,0,0,0,0
69.9,70.6,69.2,56.7,56.6,56.8,65.5,66.8,64.2,21.4,22.0,20.8,1.12,12.5,0.338,10.7,10.4,18.5,0.316,7.73,6.86,0.0364,0.943,0.901,137.0,100.0,480,130,1000,8.9,26.9,11.9,13.0,15.2,13.1,12.4,14.9,13.5,16.1,13.3,29.2,9.3,16.1,214.0,0,0,0,0,0,0
70.6,69.4,71.8,55.0,53.4,56.6,66.9,69.4,64.4,20.5,20.6,20.4,1.2,13.3,0.358,11.5,11.0,19.3,0.335,8.29,7.36,0.0365,0.973,0.95,134.0,100.0,200,84,1000,8.4,26.8,12.6,13.0,14.2,13.8,13.9,14.4,14.8,16.2,13.3,29.9,9.5,17.9,219.0,0,0,0,0,0,0
63.6,63.0,64.2,29.3,26.0,32.6,62.2,61.0,63.4,19.7,20.0,19.4,1.27,13.9,0.379,12.1,11.5,20.5,0.355,8.68,7.67,0.0364,1.0,1.0,134.0,100.0,250,91,1000,7.9,28.9,13.5,10.8,14.0,15.2,12.8,12.7,14.9,14.1,13.8,28.6,8.8,17.3,213.0,0,0,0,0,0,0
