Avg Host Node1 CPU Usage,Host Node1 CPU 0 Usage,Host Node1 CPU 1 Usage,Avg Host Node2 CPU Usage,Host Node2 CPU 0 Usage,Host Node2 CPU 1 Usage,Avg Host Node3 CPU Usage,Host Node3 CPU 0 Usage,Host Node3 CPU 1 Usage,Avg Host Node4 CPU Usage,Host Node4 CPU 0 Usage,Host Node4 CPU 1 Usage,checkoutservice CPU Usage,currencyservice CPU Usage,emailservice CPU Usage,frontend 1 CPU Usage,frontend 2 CPU Usage,loadgenerator CPU Usage,paymentservice CPU Usage,productcatalogservice CPU Usage,recommendationservice 1 CPU Usage,recommendationservice 2 CPU Usage,redis-cart CPU Usage,shippingservice CPU Usage,Average Response Time,Median Response Time,Current Response Time Percentile 95,Current Response Time Percentile 50,Number of Users,current_rps GET /,current_rps GET /cart,current_rps GET /product/0PUK6V6EV0,current_rps GET /product/1YMWWN1N4O,current_rps GET /product/2ZYFJ3GM2N,current_rps GET /product/66VCHSJNUP,current_rps GET /product/6E92ZMYYFZ,current_rps GET /product/9SIQT8TOJO,current_rps GET /product/L9ECAV7KIM,current_rps GET /product/LS4PSXUNUM,current_rps GET /product/OLJCESPC7Z,current_rps POST /cart,current_rps POST /cart/checkout,current_rps POST /setCurrency,current_rps Aggregated,Acme-Web CPU Usage,MongoDB CPU Usage,StressNG 1 CPU Usage,StressNG 2 CPU Usage,StressNG 3 CPU Usage,StressNG 4 CPU Usage
53.3,53.6,53.0,30.0,29.8,30.2,57.5,58.6,56.4,19.6,19.8,19.4,0.143,2.2,0.0745,1.91,1.88,3.04,0.054,1.27,0.896,0.0379,0.136,0.149,48.2,40.0,97,42,200,40.3,7.33,3.67,3.0,2.33,3.0,2.33,3.33,2.67,3.33,1.0,5.0,2.0,4.33,83.7,0,0,0,0,0,0
36.1,37.0,35.2,30.9,29.0,32.8,37.8,39.8,35.8,18.4,16.6,20.2,0.166,2.32,0.081,2.02,2.15,3.28,0.0574,1.41,0.987,0.0362,0.14,0.159,39.4,31.0,71,22,200,11.0,6.5,2.9,3.1,2.2,3.2,2.5,2.9,4.1,1.9,2.6,6.0,2.3,4.3,55.5,0,0,0,0,0,0
34.4,33.2,35.6,29.7,27.6,31.8,38.9,38.0,39.8,18.6,20.6,16.6,0.177,2.5,0.0846,2.16,2.29,3.53,0.0602,1.5,1.06,0.038,0.124,0.164,35.9,27.0,68,23,200,1.8,4.3,2.6,3.5,2.6,3.1,3.4,2.4,2.3,2.3,3.4,4.5,1.5,3.9,41.6,0,0,0,0,0,0
35.6,38.2,33.0,31.2,30.8,31.6,39.4,39.8,39.0,20.6,23.6,17.6,0.197,2.71,0.0914,2.27,2.57,3.75,0.0675,1.66,1.15,0.0371,0.129,0.186,34.2,26.0,64,24,200,2.0,6.4,2.9,1.7,2.4,3.0,2.8,3.3,2.7,1.6,3.2,5.7,1.8,4.6,44.1,0,0,0,0,0,0
34.9,35.8,34.0,28.4,27.4,29.4,38.0,39.4,36.6,19.1,16.6,21.6,0.218,2.87,0.0944,2.39,2.72,4.03,0.0713,1.79,1.25,0.0361,0.136,0.202,33.3,25.0,74,22,200,1.6,5.2,3.4,2.8,3.7,2.1,2.7,2.7,2.4,2.6,2.4,6.2,2.6,4.5,44.9,0,0,0,0,0,0
36.5,34.8,38.2,28.9,31.2,26.6,39.0,37.4,40.6,18.6,21.8,15.4,0.237,3.01,0.0978,2.52,2.92,4.24,0.0743,1.91,1.32,0.036,0.142,0.213,32.9,25.0,69,24,200,1.5,5.0,2.3,3.5,3.6,3.1,1.6,2.5,1.8,2.8,3.6,5.7,1.9,3.6,42.5,0,0,0,0,0,0
34.5,31.4,37.6,30.9,29.4,32.4,38.6,35.0,42.2,19.8,23.2,16.4,0.251,3.18,0.104,2.65,3.16,4.45,0.0799,2.01,1.39,0.0372,0.145,0.225,32.3,25.0,63,22,200,1.8,6.1,3.0,3.0,2.4,1.5,2.7,2.1,1.7,2.4,2.7,5.0,1.5,5.0,40.9,0,0,0,0,0,0
35.9,35.6,36.2,31.2,31.4,31.0,37.9,35.8,40.0,18.6,20.6,16.6,0.262,3.3,0.107,2.77,3.31,4.64,0.0797,2.1,1.47,0.0382,0.15,0.238,32.2,25.0,74,25,200,2.9,6.2,2.6,2.3,3.2,2.2,3.0,3.8,3.2,2.6,2.5,5.0,1.6,3.3,44.4,0,0,0,0,0,0
34.2,31.6,36.8,28.8,29.4,28.2,37.3,40.8,33.8,19.3,16.4,22.2,0.272,3.47,0.108,2.87,3.61,4.9,0.0812,2.25,1.54,0.037,0.155,0.249,32.1,25.0,72,25,200,2.0,5.3,3.4,2.5,2.5,3.3,2.7,2.6,3.1,3.4,1.7,6.2,2.2,3.8,44.7,0,0,0,0,0,0
33.0,32.4,33.6,31.9,34.6,29.2,38.3,38.0,38.6,18.8,16.0,21.6,0.282,3.78,0.111,3.16,3.94,5.32,0.0869,2.48,1.7,0.0371,0.165,0.272,31.9,25.0,67,24,200,2.5,6.1,2.8,2.6,2.8,2.4,2.5,3.2,2.5,2.9,1.7,4.0,0.6,3.2,39.8,0,0,0,0,0,0
42.6,42.0,43.2,33.7,32.2,35.2,44.5,43.8,45.2,21.3,22.4,20.2,0.26,3.73,0.107,3.15,3.7,5.13,0.081,2.35,1.63,0.0364,0.156,0.253,42.2,33.0,97,30,300,25.0,8.4,3.9,2.7,3.7,5.3,4.3,3.5,4.0,4.1,5.0,8.6,2.5,6.3,87.3,0,0,0,0,0,0
41.6,42.6,40.6,32.8,30.4,35.2,44.2,44.2,44.2,19.3,21.4,17.2,0.274,3.84,0.111,3.31,3.82,5.44,0.0869,2.44,1.7,0.0375,0.161,0.266,38.8,30.0,74,25,300,2.7,7.9,3.8,5.0,3.6,4.0,3.9,5.2,3.4,4.8,3.9,7.6,3.3,6.7,65.8,0,0,0,0,0,0
42.2,44.0,40.4,32.6,30.0,35.2,43.6,45.0,42.2,18.6,20.4,16.8,0.285,3.99,0.114,3.46,3.95,5.61,0.0954,2.63,1.8,0.0367,0.167,0.281,36.4,28.0,68,22,300,3.2,10.1,4.7,4.7,3.2,4.9,3.5,4.5,4.0,3.7,3.2,9.0,2.9,4.9,66.5,0,0,0,0,0,0
40.8,42.2,39.4,34.3,36.4,32.2,44.9,47.2,42.6,18.8,22.4,15.2,0.3,4.12,0.121,3.68,4.11,5.92,0.101,2.72,1.88,0.0363,0.173,0.297,35.4,27.0,74,24,300,3.3,8.2,4.2,4.0,4.3,2.8,5.0,4.1,4.5,4.3,4.6,8.7,3.6,4.3,65.9,0,0,0,0,0,0
39.5,37.2,41.8,34.9,35.0,34.8,42.5,39.2,45.8,19.6,23.6,15.6,0.318,4.29,0.125,3.84,4.31,6.08,0.108,2.84,1.95,0.0364,0.177,0.308,34.7,26.0,74,24,300,3.4,8.5,3.6,3.8,4.0,4.1,4.9,3.8,4.4,4.2,3.9,8.6,2.9,5.3,65.4,0,0,0,0,0,0
40.7,42.0,39.4,33.1,31.6,34.6,42.5,42.2,42.8,18.9,15.2,22.6,0.326,4.42,0.13,4.08,4.37,6.39,0.112,2.95,2.1,0.0371,0.183,0.323,34.6,26.0,85,26,300,3.3,8.3,4.4,3.8,4.0,4.5,3.5,4.1,4.9,4.4,3.2,8.9,2.9,4.2,64.4,0,0,0,0,0,0
41.2,39.2,43.2,32.7,29.6,35.8,44.3,44.4,44.2,18.8,15.0,22.6,0.351,4.55,0.135,4.23,4.53,6.68,0.117,3.12,2.16,0.037,0.187,0.333,34.2,26.0,68,25,300,2.0,7.6,5.3,3.9,4.1,4.1,4.8,4.6,3.3,4.2,3.9,7.9,1.9,5.9,63.5,0,0,0,0,0,0
38.7,39.8,37.6,34.6,36.4,32.8,43.6,41.2,46.0,18.9,22.2,15.6,0.357,4.75,0.138,4.38,4.74,6.96,0.117,3.23,2.19,0.0372,0.21,0.342,33.8,26.0,71,23,300,3.0,9.4,3.6,4.2,3.5,4.6,3.6,2.7,3.7,4.5,3.9,7.0,1.8,7.1,62.6,0,0,0,0,0,0
41.8,45.0,38.6,33.1,34.2,32.0,46.9,44.8,49.0,19.5,17.0,22.0,0.403,5.28,0.15,4.83,5.21,7.73,0.129,3.61,2.45,0.0363,0.228,0.383,33.8,26.0,78,27,300,3.5,8.4,5.2,4.7,5.1,4.0,4.0,3.3,4.1,3.2,4.2,7.6,2.4,6.9,66.6,0,0,0,0,0,0
46.4,45.4,47.4,40.4,39.2,41.6,47.4,48.0,46.8,20.8,21.6,20.0,0.366,5.12,0.137,4.57,4.91,7.15,0.111,3.35,2.25,0.0365,0.215,0.347,42.7,34.0,98,37,400,41.6,11.3,4.8,5.4,5.2,5.3,5.0,4.8,4.9,4.9,4.3,10.0,3.2,7.3,118.0,0,0,0,0,0,0
50.5,48.6,52.4,38.0,40.6,35.4,50.2,47.8,52.6,20.4,20.0,20.8,0.368,5.31,0.139,4.72,4.96,7.61,0.111,3.49,2.4,0.0378,0.222,0.358,40.8,32.0,85,28,400,4.0,11.2,6.3,4.4,4.9,5.7,5.6,6.4,6.2,5.8,5.0,12.0,3.4,7.7,88.6,0,0,0,0,0,0
46.0,45.4,46.6,37.6,38.8,36.4,47.5,48.8,46.2,20.4,20.0,20.8,0.365,5.46,0.141,4.88,5.27,7.78,0.114,3.53,2.44,0.0377,0.225,0.369,38.6,30.0,74,26,400,3.7,10.0,6.2,6.4,4.2,6.2,5.0,5.3,5.3,5.7,4.8,11.7,4.2,7.3,86.0,0,0,0,0,0,0
46.1,46.4,45.8,37.7,36.8,38.6,49.2,48.4,50.0,19.4,17.8,21.0,0.39,5.65,0.144,4.96,5.25,7.91,0.117,3.62,2.54,0.0387,0.232,0.375,37.8,29.0,81,27,400,3.8,13.1,4.5,6.6,4.9,6.0,5.3,4.9,4.7,5.7,5.9,9.8,3.8,7.8,86.8,0,0,0,0,0,0
48.4,47.2,49.6,36.5,37.6,35.4,51.1,50.6,51.6,19.7,17.0,22.4,0.392,5.81,0.15,5.2,5.48,8.25,0.123,3.7,2.59,0.0378,0.239,0.386,37.9,30.0,83,30,400,3.8,10.2,6.6,6.4,5.5,4.8,5.8,4.2,5.7,4.9,5.1,10.2,2.4,8.3,83.9,0,0,0,0,0,0
45.9,44.2,47.6,38.0,38.2,37.8,49.4,48.0,50.8,19.1,21.6,16.6,0.443,5.8,0.163,5.32,5.69,8.48,0.138,3.89,2.65,0.0389,0.227,0.398,37.2,29.0,73,27,400,3.3,11.1,5.7,5.2,6.1,5.9,5.8,5.2,4.4,6.2,5.8,12.8,4.5,7.6,89.6,0,0,0,0,0,0
49.3,47.8,50.8,37.4,36.2,38.6,51.1,48.8,53.4,20.1,23.4,16.8,0.476,6.09,0.169,5.39,5.95,8.8,0.152,4.02,2.76,0.0368,0.229,0.415,36.7,29.0,79,26,400,4.0,11.7,5.6,4.2,5.7,5.7,4.8,5.6,5.5,7.6,5.7,10.1,4.0,6.2,86.4,0,0,0,0,0,0
46.6,47.8,45.4,37.2,37.4,37.0,50.5,49.6,51.4,19.1,20.6,17.6,0.498,6.29,0.179,5.67,6.08,9.05,0.158,4.13,2.88,0.0378,0.235,0.438,36.6,29.0,81,28,400,4.4,12.8,5.3,5.2,5.1,5.6,5.8,3.8,6.5,5.2,5.0,10.9,3.8,9.1,88.5,0,0,0,0,0,0
48.6,50.0,47.2,39.2,40.2,38.2,49.1,49.2,49.0,18.9,17.8,20.0,0.543,6.86,0.191,6.17,6.69,9.93,0.171,4.53,3.2,0.0387,0.253,0.484,36.2,29.0,77,26,400,4.0,10.3,5.3,6.4,6.0,5.7,4.8,4.4,6.1,5.4,5.5,11.0,3.4,8.2,86.5,0,0,0,0,0,0
33.8,34.8,32.8,30.4,32.8,28.0,39.1,35.4,42.8,18.7,22.8,14.6,0.14,2.24,0.0751,1.79,2.09,3.02,0.0509,1.27,0.906,0.0373,0.116,0.149,44.1,34.0,92,33,200,28.1,5.75,2.63,3.5,2.88,2.75,3.88,2.5,2.75,3.0,3.38,5.5,2.63,5.13,74.4,0,0,0,0,0,0
33.2,33.4,33.0,29.0,29.4,28.6,39.1,39.0,39.2,19.0,21.4,16.6,0.161,2.36,0.0821,1.99,2.21,3.31,0.057,1.41,0.996,0.0384,0.121,0.163,38.1,28.0,64,22,200,3.0,6.6,3.5,2.3,2.8,2.8,2.6,1.3,2.8,2.2,2.4,5.4,1.9,3.2,42.8,0,0,0,0,0,0
34.9,35.0,34.8,30.9,27.8,34.0,40.9,39.4,42.4,19.0,15.8,22.2,0.18,2.61,0.0854,2.19,2.34,3.53,0.0627,1.53,1.09,0.0374,0.129,0.177,35.6,26.0,69,23,200,1.9,6.8,2.0,2.6,2.1,2.1,2.5,2.4,3.5,2.5,2.3,5.2,1.6,5.4,42.9,0,0,0,0,0,0
34.4,34.4,34.4,29.6,27.4,31.8,38.0,38.2,37.8,18.7,21.6,15.8,0.183,2.81,0.0879,2.39,2.53,3.82,0.0644,1.65,1.14,0.0376,0.133,0.189,34.3,25.0,70,22,200,1.7,6.2,2.6,2.3,2.9,3.8,2.8,2.4,3.4,2.7,1.8,5.4,2.0,3.5,43.5,0,0,0,0,0,0
35.8,35.0,36.6,29.5,29.6,29.4,38.3,43.8,32.8,19.9,23.0,16.8,0.199,2.96,0.094,2.56,2.68,4.04,0.0684,1.76,1.23,0.0384,0.14,0.202,33.2,24.0,69,21,200,2.0,5.4,2.5,3.2,2.9,2.6,1.8,1.9,3.9,1.9,2.9,4.8,1.6,5.0,42.4,0,0,0,0,0,0
35.1,36.4,33.8,28.3,30.8,25.8,39.2,39.2,39.2,18.7,15.6,21.8,0.21,3.1,0.0937,2.72,2.8,4.25,0.0714,1.88,1.33,0.0385,0.146,0.211,32.6,24.0,69,23,200,1.4,4.5,3.2,3.3,2.9,2.7,2.9,2.6,3.5,2.5,2.9,5.9,1.6,3.0,42.9,0,0,0,0,0,0
30.9,31.2,30.6,29.8,27.6,32.0,38.0,34.8,41.2,20.3,17.8,22.8,0.224,3.3,0.0967,2.89,2.96,4.36,0.0715,1.99,1.41,0.0384,0.151,0.223,32.0,24.0,65,21,200,2.2,5.7,3.4,3.7,2.5,2.3,2.0,3.8,1.2,3.1,2.4,4.3,1.2,3.7,41.5,0,0,0,0,0,0
34.5,36.8,32.2,32.3,32.4,32.2,38.8,41.8,35.8,19.9,24.6,15.2,0.232,3.41,0.101,3.06,3.1,4.51,0.0735,2.14,1.49,0.0369,0.157,0.234,31.5,24.0,64,22,200,1.8,6.0,2.2,2.9,1.8,2.8,3.6,2.9,2.7,2.6,2.5,5.4,1.5,3.4,42.1,0,0,0,0,0,0
32.2,31.2,33.2,30.5,29.2,31.8,41.6,44.6,38.6,20.2,23.0,17.4,0.261,3.7,0.109,3.27,3.42,4.88,0.0835,2.32,1.62,0.0377,0.166,0.264,31.2,23.0,67,22,200,2.3,5.3,2.6,3.0,2.2,2.3,2.2,3.2,3.1,3.6,2.6,5.5,2.3,3.2,43.4,0,0,0,0,0,0
39.6,38.8,40.4,35.6,37.6,33.6,50.2,48.8,51.6,19.4,19.0,19.8,0.257,3.73,0.101,3.26,3.28,4.47,0.0797,2.35,1.63,0.038,0.164,0.245,42.3,31.0,100,31,300,44.9,7.14,5.86,4.57,4.86,3.86,5.43,6.0,4.57,3.71,3.43,9.0,2.86,5.14,111.0,0,0,0,0,0,0
37.4,39.0,35.8,36.4,36.6,36.2,44.2,45.6,42.8,19.5,22.4,16.6,0.267,3.89,0.103,3.45,3.39,4.68,0.0787,2.51,1.65,0.038,0.17,0.259,38.0,29.0,71,25,300,3.7,9.0,3.9,4.9,3.0,3.5,4.0,3.9,3.2,4.0,4.9,7.6,3.0,5.7,64.3,0,0,0,0,0,0
38.2,38.6,37.8,34.6,33.6,35.6,44.9,47.8,42.0,18.6,19.4,17.8,0.277,4.0,0.104,3.62,3.56,4.75,0.0839,2.61,1.77,0.038,0.174,0.275,35.9,27.0,69,24,300,3.8,9.1,5.5,3.7,4.8,3.2,5.0,5.0,3.1,2.7,3.7,8.6,2.4,6.1,66.7,0,0,0,0,0,0
38.4,38.2,38.6,34.5,33.6,35.4,48.4,49.2,47.6,20.1,22.8,17.4,0.302,4.24,0.111,3.83,3.7,4.9,0.0931,2.75,1.88,0.038,0.199,0.295,35.0,27.0,71,24,300,2.8,9.3,3.3,3.6,3.4,3.3,4.3,4.1,4.8,4.0,4.9,7.9,2.8,7.7,66.2,0,0,0,0,0,0
40.3,39.4,41.2,34.2,32.2,36.2,45.7,43.2,48.2,19.0,16.2,21.8,0.322,4.33,0.118,3.95,3.79,5.24,0.0978,2.86,1.95,0.0377,0.201,0.306,34.4,26.0,78,23,300,2.3,8.6,4.9,3.7,4.0,3.8,4.8,4.8,3.6,3.6,3.4,7.5,2.7,4.8,62.5,0,0,0,0,0,0
35.2,39.2,31.2,32.2,30.8,33.6,45.3,45.4,45.2,20.2,18.4,22.0,0.346,4.46,0.124,4.2,3.98,5.42,0.104,3.01,2.05,0.0377,0.209,0.313,33.8,26.0,76,23,300,2.5,7.3,4.2,4.4,4.9,5.1,4.6,4.2,4.3,5.6,3.2,10.3,3.3,5.6,69.5,0,0,0,0,0,0
36.3,34.4,38.2,35.1,38.2,32.0,44.7,45.6,43.8,19.7,21.2,18.2,0.337,4.66,0.122,4.34,4.1,5.52,0.101,3.08,2.11,0.0366,0.211,0.323,33.2,25.0,70,22,300,3.6,7.1,4.1,5.0,3.5,4.4,4.1,3.5,4.1,3.9,5.1,7.0,1.3,5.8,62.5,0,0,0,0,0,0
39.1,38.2,40.0,32.9,33.0,32.8,45.3,43.6,47.0,20.3,20.8,19.8,0.355,4.85,0.127,4.51,4.17,5.76,0.108,3.2,2.21,0.0366,0.215,0.33,33.0,25.0,76,24,300,2.3,7.2,3.4,3.7,3.8,4.4,4.3,4.1,5.4,4.8,4.8,7.8,2.7,6.7,65.4,0,0,0,0,0,0
38.1,38.2,38.0,35.9,34.2,37.6,45.2,47.8,42.6,19.0,20.0,18.0,0.387,5.13,0.136,4.84,4.55,6.25,0.118,3.45,2.36,0.0376,0.226,0.357,32.6,25.0,69,22,300,3.4,7.7,3.5,5.0,4.7,2.8,5.1,4.3,4.2,2.9,4.4,8.2,2.9,6.3,65.4,0,0,0,0,0,0
35.3,33.6,37.0,25.3,27.0,23.6,44.9,45.8,44.0,19.2,17.2,21.2,0.435,5.72,0.147,5.34,5.0,6.95,0.129,3.86,2.64,0.0386,0.244,0.399,32.4,25.0,73,23,300,3.3,7.6,4.1,4.3,4.8,5.2,3.1,4.7,4.9,5.0,2.7,9.3,3.1,5.0,67.1,0,0,0,0,0,0
41.8,44.8,38.8,39.2,37.8,40.6,49.6,48.6,50.6,19.2,17.0,21.4,0.407,5.4,0.14,4.9,4.46,6.34,0.112,3.47,2.38,0.038,0.231,0.355,37.9,30.0,77,24,400,17.1,11.1,5.3,6.0,5.5,5.4,4.1,5.5,6.1,5.6,5.1,12.9,4.9,8.6,103.0,0,0,0,0,0,0
43.2,41.8,44.6,36.8,34.8,38.8,50.5,50.8,50.2,20.5,17.4,23.6,0.427,5.55,0.15,5.04,4.61,6.41,0.122,3.62,2.49,0.0371,0.212,0.374,36.0,28.0,78,25,400,5.4,9.2,6.6,5.4,6.7,5.8,6.7,5.1,5.7,5.6,5.0,12.0,5.4,6.2,90.8,0,0,0,0,0,0
40.8,41.6,40.0,37.1,37.2,37.0,49.9,52.0,47.8,20.8,18.6,23.0,0.438,5.67,0.149,5.26,4.75,6.58,0.127,3.72,2.54,0.038,0.218,0.376,34.7,27.0,71,24,400,4.2,11.7,6.7,5.7,5.7,5.2,4.6,5.3,5.1,5.2,4.8,9.5,3.6,8.0,85.3,0,0,0,0,0,0
43.0,43.2,42.8,38.0,38.0,38.0,52.1,53.6,50.6,19.5,21.0,18.0,0.464,5.85,0.158,5.46,4.9,6.81,0.133,3.74,2.61,0.038,0.226,0.398,35.1,27.0,88,27,400,3.5,11.0,5.7,5.7,4.7,5.7,5.0,5.5,5.4,6.0,4.3,10.8,4.0,9.6,86.9,0,0,0,0,0,0
40.8,43.2,38.4,37.9,38.6,37.2,53.2,53.0,53.4,20.3,23.4,17.2,0.466,6.04,0.16,5.65,5.0,7.1,0.135,3.88,2.68,0.037,0.233,0.409,34.6,27.0,72,26,400,3.7,11.7,7.1,7.6,5.5,4.6,5.8,4.3,4.4,5.5,4.6,12.4,3.1,8.1,88.4,0,0,0,0,0,0
42.2,41.0,43.4,37.7,36.8,38.6,50.1,49.2,51.0,20.7,21.0,20.4,0.484,6.11,0.165,5.79,5.07,7.23,0.14,3.99,2.76,0.0369,0.236,0.419,34.7,27.0,79,28,400,3.4,11.7,4.5,5.5,6.1,6.8,5.4,5.6,5.4,4.0,5.2,12.0,3.0,8.2,86.8,0,0,0,0,0,0
44.7,43.2,46.2,37.3,37.6,37.0,49.9,48.6,51.2,19.0,22.4,15.6,0.471,6.22,0.164,5.86,5.16,7.36,0.139,4.16,2.85,0.037,0.243,0.435,34.3,26.0,73,23,400,3.2,12.1,4.8,5.9,6.3,4.1,5.7,6.8,5.4,5.5,4.1,10.8,2.6,7.5,84.8,0,0,0,0,0,0
41.3,43.6,39.0,38.5,35.8,41.2,49.7,47.0,52.4,19.3,15.8,22.8,0.507,6.64,0.17,6.24,5.68,7.97,0.146,4.34,3.02,0.036,0.252,0.472,34.1,26.0,75,25,400,4.3,13.3,5.0,5.3,5.3,6.0,4.6,5.1,4.2,5.5,5.7,11.9,3.4,6.5,86.1,0,0,0,0,0,0
42.1,40.6,43.6,30.1,32.2,28.0,52.0,53.8,50.2,19.9,19.8,20.0,0.552,7.25,0.181,6.94,6.21,8.9,0.159,4.86,3.35,0.0361,0.271,0.525,33.8,26.0,71,25,400,3.6,12.3,5.4,4.8,4.8,5.4,5.7,4.4,5.9,6.2,4.8,11.0,2.9,8.3,85.5,0,0,0,0,0,0
36.7,37.4,36.0,28.8,28.2,29.4,48.4,46.2,50.6,18.5,15.8,21.2,0.151,2.09,0.0788,1.72,1.97,2.67,0.0502,1.31,0.931,0.0379,0.113,0.149,44.9,32.0,110,32,200,42.0,7.8,3.8,4.2,3.8,3.8,3.8,3.4,2.8,2.4,5.0,8.4,2.8,3.8,97.8,0,0,0,0,0,0
34.8,34.4,35.2,29.3,29.4,29.2,40.8,41.8,39.8,18.7,16.6,20.8,0.16,2.28,0.0796,1.86,2.13,2.8,0.0513,1.38,0.994,0.0371,0.118,0.161,38.6,27.0,72,23,200,1.6,4.1,2.1,1.5,2.8,1.9,2.7,2.5,2.4,2.0,2.7,4.9,1.7,5.3,38.2,0,0,0,0,0,0
35.3,34.4,36.2,29.1,31.2,27.0,40.9,39.8,42.0,18.0,15.8,20.2,0.169,2.45,0.0813,2.0,2.28,2.97,0.0539,1.46,1.05,0.0371,0.123,0.17,35.6,26.0,67,23,200,2.3,5.9,2.3,2.1,2.5,1.6,3.5,2.7,2.4,2.2,2.6,5.0,1.2,4.4,40.7,0,0,0,0,0,0
34.2,34.8,33.6,31.3,31.8,30.8,40.3,43.0,37.6,18.0,17.8,18.2,0.174,2.58,0.0829,2.14,2.48,3.28,0.0557,1.6,1.14,0.0381,0.129,0.183,33.8,24.0,66,22,200,1.7,6.2,3.5,3.8,2.5,2.4,3.1,2.4,2.6,3.1,3.1,5.8,1.5,3.4,45.1,0,0,0,0,0,0
37.8,36.2,39.4,28.9,26.2,31.6,40.4,42.4,38.4,17.9,20.8,15.0,0.203,2.82,0.0895,2.34,2.71,3.6,0.0633,1.75,1.23,0.0363,0.138,0.205,33.2,24.0,79,23,200,1.6,6.6,2.7,1.9,2.6,2.5,2.2,2.1,3.2,2.9,2.7,5.9,2.4,3.7,43.0,0,0,0,0,0,0
36.9,35.6,38.2,31.5,35.0,28.0,39.5,40.0,39.0,20.2,21.6,18.8,0.214,3.02,0.095,2.5,2.88,3.84,0.0676,1.9,1.31,0.0364,0.143,0.218,32.8,24.0,68,23,200,2.0,6.4,2.2,2.8,2.7,2.5,2.7,2.3,2.2,3.0,3.6,6.1,1.3,3.9,43.7,0,0,0,0,0,0
35.6,32.8,38.4,33.2,35.8,30.6,37.8,37.0,38.6,18.1,18.0,18.2,0.221,3.11,0.097,2.63,3.09,4.13,0.0724,2.0,1.41,0.0363,0.147,0.231,32.2,24.0,62,23,200,2.2,5.8,2.8,2.4,2.0,2.9,3.3,3.2,2.2,2.8,3.7,6.1,2.0,3.1,44.5,0,0,0,0,0,0
36.5,35.6,37.4,31.3,33.8,28.8,38.6,37.2,40.0,18.1,15.2,21.0,0.253,3.35,0.106,2.74,3.37,4.45,0.0793,2.19,1.5,0.0361,0.155,0.242,32.0,24.0,76,23,200,1.8,4.8,2.9,2.5,3.2,2.8,3.1,2.5,3.6,2.7,3.0,6.5,2.6,3.3,45.3,0,0,0,0,0,0
35.9,34.2,37.6,30.8,30.2,31.4,38.7,35.0,42.4,19.8,20.4,19.2,0.266,3.52,0.109,2.98,3.62,4.78,0.0851,2.3,1.59,0.037,0.161,0.261,31.9,24.0,71,23,200,2.8,5.6,2.1,3.1,3.4,3.0,2.5,3.1,1.8,2.9,2.9,5.9,2.3,3.0,44.4,0,0,0,0,0,0
35.7,37.0,34.4,30.0,30.0,30.0,38.2,38.0,38.4,19.2,16.8,21.6,0.302,3.91,0.119,3.29,4.07,5.37,0.0931,2.59,1.78,0.0372,0.173,0.293,31.8,24.0,67,26,200,1.9,6.5,3.0,2.3,4.2,2.4,2.7,2.3,3.0,2.8,2.3,6.3,1.7,4.0,45.4,0,0,0,0,0,0
43.7,43.2,44.2,34.4,33.8,35.0,45.9,42.4,49.4,18.9,16.0,21.8,0.297,3.83,0.119,3.14,3.98,5.53,0.0937,2.44,1.7,0.0362,0.165,0.271,39.7,31.0,80,24,300,18.8,9.2,3.4,3.9,5.1,4.2,4.2,4.7,4.4,4.6,4.1,8.0,2.7,4.8,82.1,0,0,0,0,0,0
38.2,35.8,40.6,33.7,33.0,34.4,42.6,43.6,41.6,19.5,21.2,17.8,0.312,4.03,0.126,3.27,4.13,5.76,0.0951,2.55,1.77,0.0362,0.171,0.281,37.4,29.0,78,25,300,3.2,8.2,4.2,3.8,3.8,3.6,3.1,4.3,3.4,4.0,3.9,8.6,3.2,7.0,64.3,0,0,0,0,0,0
38.6,40.2,37.0,35.4,35.6,35.2,46.5,43.8,49.2,20.0,20.8,19.2,0.322,4.14,0.128,3.4,4.32,5.94,0.0981,2.66,1.84,0.0371,0.198,0.291,36.3,29.0,72,26,300,2.3,8.7,4.3,4.0,4.0,4.3,3.9,4.6,3.4,2.7,5.5,8.6,2.2,6.0,64.5,0,0,0,0,0,0
42.9,40.4,45.4,34.8,35.8,33.8,42.6,42.4,42.8,18.6,15.8,21.4,0.337,4.3,0.13,3.52,4.43,6.15,0.103,2.78,1.9,0.0371,0.201,0.307,35.3,28.0,72,25,300,2.9,9.8,4.3,4.7,3.5,4.5,3.4,2.9,3.9,2.9,4.7,7.5,2.9,5.8,63.7,0,0,0,0,0,0
43.8,43.4,44.2,37.8,36.0,39.6,44.0,44.8,43.2,18.9,20.0,17.8,0.342,4.35,0.134,3.66,4.61,6.31,0.108,2.92,2.01,0.036,0.205,0.321,34.7,27.0,70,25,300,1.8,10.9,4.5,4.6,3.6,4.8,4.0,3.7,4.6,3.3,3.9,7.5,2.4,5.3,64.9,0,0,0,0,0,0
41.9,44.2,39.6,34.5,36.6,32.4,44.3,42.4,46.2,19.2,23.2,15.2,0.341,4.57,0.131,3.84,4.73,6.65,0.104,3.04,2.06,0.0378,0.211,0.328,34.5,27.0,79,24,300,2.7,8.4,4.9,3.5,3.5,5.1,5.3,4.0,4.8,3.8,3.7,10.0,3.0,6.4,69.1,0,0,0,0,0,0
40.7,39.4,42.0,32.7,35.6,29.8,44.3,42.8,45.8,19.5,20.6,18.4,0.35,4.73,0.135,3.89,4.91,6.79,0.11,3.11,2.18,0.0369,0.215,0.338,34.1,27.0,75,25,300,3.2,8.6,4.3,3.4,3.5,4.6,4.9,4.7,3.0,5.0,4.3,7.7,2.4,6.2,65.8,0,0,0,0,0,0
41.8,41.4,42.2,36.0,35.8,36.2,43.8,45.6,42.0,18.2,17.6,18.8,0.367,4.86,0.139,4.1,5.25,7.15,0.114,3.28,2.27,0.0369,0.221,0.357,33.8,26.0,73,25,300,2.4,9.0,5.3,4.8,3.8,5.0,4.3,3.6,4.5,4.0,4.7,6.9,2.4,4.0,64.7,0,0,0,0,0,0
41.1,38.6,43.6,34.3,34.8,33.8,42.4,42.2,42.6,20.3,17.4,23.2,0.41,5.43,0.153,4.57,5.7,7.9,0.126,3.67,2.53,0.0378,0.239,0.397,33.6,26.0,72,25,300,3.0,9.2,3.8,4.3,3.9,3.8,3.5,3.6,4.4,4.0,2.9,7.7,2.4,5.9,62.4,0,0,0,0,0,0
47.4,48.4,46.4,43.1,42.2,44.0,48.5,44.8,52.2,19.5,16.2,22.8,0.395,5.14,0.147,4.51,5.2,7.47,0.12,3.43,2.29,0.0365,0.23,0.369,48.9,39.0,120,40,400,33.7,10.8,4.5,6.0,5.9,5.7,4.9,5.5,5.1,4.8,6.2,11.8,4.3,6.2,115.0,0,0,0,0,0,0
45.2,47.4,43.0,42.2,39.8,44.6,47.0,49.2,44.8,19.0,22.0,16.0,0.404,5.39,0.151,4.67,5.25,7.65,0.124,3.58,2.4,0.0366,0.21,0.374,44.4,33.0,92,27,400,4.2,11.9,5.7,4.1,6.5,5.2,6.8,5.1,6.2,5.8,5.9,13.2,4.3,7.6,92.5,0,0,0,0,0,0
47.1,48.0,46.2,37.6,37.0,38.2,48.4,46.6,50.2,18.7,21.2,16.2,0.422,5.46,0.158,4.92,5.36,7.97,0.131,3.65,2.5,0.0368,0.217,0.385,41.8,31.0,77,28,400,4.5,11.2,4.8,4.6,5.0,6.6,5.6,6.1,4.8,5.9,5.5,9.7,2.9,8.5,85.7,0,0,0,0,0,0
47.1,48.6,45.6,37.9,35.6,40.2,51.1,49.6,52.6,18.8,21.6,16.0,0.443,5.58,0.162,5.08,5.33,8.13,0.138,3.75,2.58,0.0359,0.219,0.394,40.7,31.0,82,27,400,2.5,12.8,4.6,5.6,6.9,5.9,5.0,5.4,5.9,5.3,4.9,12.0,4.4,7.8,89.0,0,0,0,0,0,0
46.5,46.2,46.8,38.9,35.8,42.0,50.1,52.4,47.8,20.4,19.4,21.4,0.448,5.78,0.166,5.27,5.39,8.33,0.14,3.86,2.68,0.037,0.227,0.404,39.2,30.0,74,24,400,3.2,12.0,4.6,5.7,5.3,5.3,6.1,5.4,4.7,5.5,5.9,9.7,3.4,8.4,85.2,0,0,0,0,0,0
43.0,44.0,42.0,38.0,37.2,38.8,51.5,53.0,50.0,19.8,23.2,16.4,0.462,5.85,0.169,5.54,5.48,8.58,0.144,3.95,2.73,0.037,0.23,0.425,38.3,29.0,79,25,400,4.4,12.2,5.7,5.8,4.8,6.3,5.7,5.2,5.6,4.9,5.6,11.8,3.2,7.5,88.7,0,0,0,0,0,0
43.0,44.2,41.8,39.6,41.4,37.8,51.8,52.6,51.0,19.0,20.8,17.2,0.472,6.08,0.171,5.77,5.5,8.54,0.148,4.1,2.82,0.0379,0.235,0.425,37.9,29.0,80,27,400,3.8,11.2,5.6,5.8,5.2,5.9,5.6,5.1,4.7,5.6,4.9,11.4,3.3,8.3,86.4,0,0,0,0,0,0
42.6,42.4,42.8,40.8,39.4,42.2,50.1,50.2,50.0,18.5,19.8,17.2,0.486,6.24,0.171,6.06,5.69,8.83,0.148,4.22,2.92,0.0379,0.243,0.446,37.3,28.0,78,25,400,3.8,10.1,6.1,4.3,5.1,5.2,5.7,4.5,5.8,4.9,5.1,10.0,3.2,8.2,82.0,0,0,0,0,0,0
41.9,41.6,42.2,39.0,38.4,39.6,51.6,50.8,52.4,18.6,15.2,22.0,0.555,6.92,0.187,6.65,6.24,9.62,0.167,4.68,3.23,0.038,0.263,0.5,36.6,28.0,70,24,400,4.4,13.7,4.3,6.3,6.0,6.2,4.6,3.7,8.1,5.2,6.4,12.1,3.9,5.8,90.7,0,0,0,0,0,0
50.8,50.8,50.8,31.1,29.1,33.1,63.8,63.2,64.4,19.8,23.4,16.2,0.136,2.11,0.0756,1.84,1.73,2.82,0.0491,1.21,0.881,0.0361,0.116,0.144,41.2,33.0,95,31,200,40.5,7.5,3.0,3.5,1.5,2.5,2.0,3.0,5.0,3.0,2.5,7.0,2.0,2.5,85.5,0,0,0,0,0,0
32.8,31.6,34.0,29.1,30.2,28.0,39.7,35.4,44.0,18.9,22.6,15.2,0.171,2.27,0.0824,2.13,1.9,3.04,0.0556,1.42,0.968,0.037,0.12,0.16,35.2,28.0,66,22,200,14.6,7.0,2.4,3.1,2.6,3.7,2.5,2.4,3.5,3.4,3.6,8.1,3.4,3.4,63.7,0,0,0,0,0,0
35.0,33.0,37.0,31.0,28.4,33.6,40.0,37.6,42.4,19.6,17.2,22.0,0.186,2.49,0.0882,2.26,2.1,3.3,0.0607,1.55,1.06,0.037,0.126,0.173,33.1,26.0,66,22,200,1.9,5.4,3.5,2.4,2.4,2.7,2.6,2.6,2.3,2.5,2.8,5.6,2.0,4.1,42.8,0,0,0,0,0,0
32.0,27.6,36.4,32.0,32.8,31.2,39.0,38.0,40.0,18.9,19.2,18.6,0.199,2.62,0.0919,2.43,2.25,3.53,0.0665,1.66,1.11,0.037,0.132,0.19,31.7,24.0,65,20,200,2.1,5.9,2.7,2.5,2.3,2.8,2.7,2.7,2.9,2.2,2.3,5.4,1.6,3.7,41.8,0,0,0,0,0,0
33.3,35.6,31.0,28.5,28.6,28.4,39.9,42.0,37.8,18.8,14.8,22.8,0.227,2.81,0.101,2.64,2.44,3.7,0.0755,1.86,1.25,0.0371,0.14,0.211,31.3,24.0,70,23,200,1.9,6.6,2.7,3.7,3.0,3.3,3.0,2.1,3.3,1.9,3.0,8.0,2.6,3.8,48.9,0,0,0,0,0,0
33.0,35.4,30.6,32.2,35.0,29.4,38.6,38.8,38.4,19.9,20.4,19.4,0.249,2.97,0.105,2.86,2.63,3.94,0.0796,1.97,1.35,0.0361,0.146,0.231,30.7,24.0,62,23,200,1.4,6.4,2.3,2.9,2.8,2.4,2.1,3.4,3.1,2.0,3.2,6.3,2.1,3.1,43.5,0,0,0,0,0,0
34.2,32.6,35.8,33.7,31.4,36.0,37.9,35.8,40.0,20.5,18.0,23.0,0.26,3.12,0.107,3.0,2.69,4.06,0.082,2.1,1.41,0.037,0.149,0.244,30.4,23.0,62,21,200,1.6,4.5,2.3,3.7,2.9,1.8,4.2,2.7,2.9,3.4,2.5,6.2,1.5,3.9,44.1,0,0,0,0,0,0
32.8,34.8,30.8,31.0,32.0,30.0,38.6,41.6,35.6,19.6,21.0,18.2,0.279,3.32,0.111,3.17,2.89,4.37,0.0865,2.26,1.52,0.0371,0.155,0.26,30.5,23.0,73,23,200,1.9,6.7,2.4,2.8,2.7,2.7,3.0,3.1,3.2,2.5,2.8,6.1,2.0,3.3,45.2,0,0,0,0,0,0
35.5,33.2,37.8,32.0,32.8,31.2,41.4,40.4,42.4,19.7,20.4,19.0,0.291,3.52,0.114,3.38,3.09,4.67,0.0885,2.33,1.62,0.038,0.161,0.271,30.4,23.0,69,23,200,2.3,4.7,2.2,2.6,2.0,2.4,2.7,3.0,3.7,2.1,2.8,4.9,1.6,4.5,41.5,0,0,0,0,0,0
33.5,33.6,33.4,30.2,27.4,33.0,40.8,40.2,41.4,18.9,21.4,16.4,0.324,3.86,0.124,3.74,3.41,5.23,0.0964,2.61,1.81,0.0371,0.172,0.298,30.2,23.0,64,21,200,1.8,5.5,2.0,3.9,3.3,3.0,2.5,2.1,2.8,2.6,3.2,5.2,1.9,3.9,43.7,0,0,0,0,0,0
41.4,43.2,39.6,35.4,36.2,34.6,44.5,46.6,42.4,19.9,17.8,22.0,0.286,3.73,0.115,3.62,3.27,5.18,0.0897,2.49,1.67,0.0365,0.164,0.27,44.4,34.0,100,37,300,30.6,8.8,4.2,3.6,3.3,5.1,4.6,3.0,3.3,4.8,3.2,9.1,2.9,6.3,92.8,0,0,0,0,0,0
38.9,37.2,40.6,34.6,31.6,37.6,43.7,42.6,44.8,20.6,18.2,23.0,0.299,3.88,0.122,3.78,3.3,5.44,0.0916,2.55,1.75,0.0373,0.168,0.274,39.4,30.0,68,23,300,2.6,7.8,4.4,5.4,3.9,5.1,4.6,4.1,4.1,3.6,2.5,8.3,3.5,4.8,64.7,0,0,0,0,0,0
40.7,42.6,38.8,34.7,36.6,32.8,45.6,45.8,45.4,19.6,17.6,21.6,0.314,4.0,0.121,3.97,3.54,5.83,0.0981,2.64,1.8,0.0373,0.202,0.284,37.1,28.0,72,24,300,3.6,8.0,4.4,4.7,3.8,4.0,4.3,3.5,4.1,5.2,3.5,7.4,2.8,6.2,65.5,0,0,0,0,0,0
36.9,38.2,35.6,34.7,33.6,35.8,44.2,43.4,45.0,19.5,20.4,18.6,0.352,4.27,0.135,4.16,3.65,6.03,0.106,2.83,1.91,0.0373,0.206,0.299,35.6,26.0,69,22,300,1.9,7.7,3.8,3.8,4.1,4.7,4.5,4.6,3.5,3.9,5.2,8.1,3.4,6.0,65.2,0,0,0,0,0,0
36.7,37.4,36.0,35.9,36.4,35.4,46.5,49.6,43.4,20.2,18.8,21.6,0.364,4.36,0.136,4.27,3.75,5.98,0.107,2.87,1.99,0.0382,0.209,0.303,34.8,26.0,75,22,300,3.6,9.3,4.2,4.5,3.8,3.6,3.3,3.6,4.2,2.8,4.0,7.0,2.7,5.1,61.7,0,0,0,0,0,0
36.2,34.0,38.4,33.0,30.8,35.2,44.7,42.6,46.8,19.3,21.6,17.0,0.389,4.57,0.144,4.5,3.79,6.21,0.119,3.0,2.04,0.037,0.218,0.325,34.2,25.0,76,23,300,2.7,9.1,3.5,4.1,4.1,4.3,3.6,4.1,3.8,5.4,4.0,11.0,3.9,6.9,70.5,0,0,0,0,0,0
36.5,39.8,33.2,34.6,34.2,35.0,45.9,44.0,47.8,20.0,19.4,20.6,0.391,4.66,0.143,4.6,3.89,6.24,0.117,3.13,2.12,0.0361,0.219,0.34,33.6,25.0,72,21,300,1.8,9.7,4.6,4.4,3.7,5.3,3.5,3.6,4.7,3.4,3.0,7.6,2.4,5.8,63.5,0,0,0,0,0,0
39.3,40.8,37.8,32.7,35.4,30.0,45.1,42.0,48.2,20.6,18.4,22.8,0.412,4.88,0.148,4.83,4.11,6.53,0.122,3.21,2.23,0.038,0.227,0.352,33.4,25.0,72,25,300,2.3,9.1,4.5,4.9,5.0,4.5,4.7,4.9,4.5,3.1,3.2,8.9,3.2,4.5,67.3,0,0,0,0,0,0
41.0,41.8,40.2,33.9,31.0,36.8,45.0,41.4,48.6,20.4,18.6,22.2,0.446,5.36,0.157,5.36,4.6,7.27,0.133,3.58,2.48,0.0368,0.242,0.394,33.1,25.0,74,24,300,2.2,8.0,3.9,3.4,3.8,4.9,5.3,4.0,5.4,4.2,3.0,8.6,2.0,5.9,64.6,0,0,0,0,0,0
39.9,42.2,37.6,36.7,37.4,36.0,51.9,52.4,51.4,19.4,23.0,15.8,0.419,5.25,0.147,4.99,4.39,6.65,0.123,3.4,2.33,0.0354,0.234,0.363,41.3,32.0,100,35,400,43.4,9.8,3.5,4.4,5.1,5.5,5.2,5.0,4.7,4.5,5.2,11.1,4.0,6.1,118.0,0,0,0,0,0,0
41.0,39.6,42.4,39.0,38.0,40.0,49.7,46.8,52.6,19.0,21.0,17.0,0.416,5.3,0.14,5.09,4.48,6.61,0.116,3.56,2.41,0.0364,0.206,0.375,37.1,28.0,75,23,400,2.6,13.3,5.4,3.7,6.8,5.1,4.8,5.5,4.2,6.2,5.6,9.5,2.2,8.5,83.4,0,0,0,0,0,0
42.3,38.6,46.0,38.7,37.8,39.6,49.6,47.0,52.2,21.1,23.6,18.6,0.414,5.48,0.148,5.22,4.6,6.79,0.122,3.66,2.47,0.0363,0.21,0.385,36.4,28.0,77,27,400,3.6,10.6,5.9,5.7,4.5,5.4,6.7,5.5,5.3,5.8,5.0,11.8,3.6,7.6,87.0,0,0,0,0,0,0
45.8,46.2,45.4,39.5,37.2,41.8,52.3,53.2,51.4,20.6,18.6,22.6,0.427,5.59,0.151,5.42,4.72,7.16,0.127,3.69,2.57,0.0365,0.216,0.392,35.5,27.0,76,24,400,4.3,11.1,5.9,4.7,4.1,5.0,4.6,7.2,4.5,6.9,4.5,10.9,4.2,7.8,85.7,0,0,0,0,0,0
49.1,49.2,49.0,39.4,38.6,40.2,49.8,50.8,48.8,20.7,19.6,21.8,0.445,5.8,0.156,5.54,4.95,7.69,0.13,3.82,2.66,0.0365,0.223,0.406,36.1,27.0,97,27,400,3.8,10.4,6.6,4.1,4.0,6.4,4.7,4.3,5.5,6.5,6.0,11.6,3.7,9.2,86.8,0,0,0,0,0,0
45.8,43.8,47.8,37.3,38.0,36.6,51.7,54.2,49.2,19.1,19.6,18.6,0.449,5.97,0.156,5.61,5.2,8.07,0.131,3.95,2.72,0.0374,0.23,0.407,36.0,27.0,81,28,400,4.4,12.2,4.3,5.5,5.9,4.6,5.4,5.8,5.4,5.5,5.6,12.3,3.8,8.3,89.0,0,0,0,0,0,0
46.3,44.0,48.6,38.4,36.2,40.6,51.7,50.8,52.6,21.4,22.0,20.8,0.472,6.11,0.166,5.91,5.36,8.32,0.145,4.07,2.8,0.0366,0.235,0.428,36.0,27.0,83,27,400,4.1,10.3,6.4,6.4,5.4,4.8,5.5,6.2,5.3,5.4,5.7,13.2,3.5,8.0,90.2,0,0,0,0,0,0
47.4,45.6,49.2,37.8,35.6,40.0,49.8,52.2,47.4,20.0,16.6,23.4,0.497,6.24,0.171,5.9,5.49,8.49,0.15,4.18,2.91,0.0367,0.241,0.442,35.7,27.0,79,26,400,3.4,11.4,5.5,5.6,4.9,4.9,5.4,6.5,5.4,6.1,5.3,11.4,4.1,5.7,85.6,0,0,0,0,0,0
46.8,50.2,43.4,38.9,38.2,39.6,52.6,51.4,53.8,19.3,17.4,21.2,0.535,6.84,0.188,6.54,6.07,9.42,0.163,4.53,3.17,0.0366,0.257,0.486,35.9,27.0,83,29,400,3.9,12.1,5.5,5.7,5.3,5.0,4.5,5.0,5.3,5.5,5.9,10.8,3.7,8.5,86.7,0,0,0,0,0,0
53.6,53.8,53.4,29.4,31.4,27.4,62.7,61.4,64.0,19.1,21.8,16.4,0.163,2.27,0.0781,1.84,2.03,2.85,0.0534,1.26,0.948,0.0366,0.122,0.155,45.8,35.0,100,33,200,42.0,5.5,5.0,2.0,3.0,4.5,2.0,3.5,1.5,5.5,4.0,8.0,2.5,3.0,92.0,0,0,0,0,0,0
33.4,31.4,35.4,28.9,27.6,30.2,38.3,39.4,37.2,19.2,16.0,22.4,0.173,2.43,0.0831,2.08,2.17,3.04,0.0559,1.45,1.03,0.0356,0.127,0.169,36.4,27.0,59,20,200,14.5,5.7,3.7,2.8,1.9,3.3,2.3,3.3,3.3,2.8,3.1,6.7,2.3,4.2,59.9,0,0,0,0,0,0
33.4,35.0,31.8,31.1,30.8,31.4,37.9,40.6,35.2,20.1,19.0,21.2,0.189,2.49,0.0877,2.22,2.25,3.21,0.0592,1.55,1.1,0.0364,0.13,0.179,34.4,26.0,68,22,200,1.1,6.2,3.0,2.8,3.0,3.8,2.7,3.5,2.2,3.3,1.7,5.7,2.0,4.6,45.6,0,0,0,0,0,0
36.0,35.0,37.0,29.4,28.4,30.4,38.1,42.4,33.8,18.9,19.0,18.8,0.196,2.65,0.0898,2.36,2.5,3.45,0.065,1.69,1.19,0.0364,0.136,0.191,33.0,25.0,65,24,200,1.5,6.0,3.1,2.1,2.1,3.0,3.2,1.9,2.7,2.3,2.8,5.9,1.7,4.3,42.6,0,0,0,0,0,0
35.7,34.6,36.8,28.2,25.0,31.4,39.8,42.0,37.6,20.6,20.6,20.6,0.213,2.86,0.093,2.53,2.6,3.66,0.0662,1.77,1.27,0.0354,0.139,0.202,32.5,25.0,69,24,200,1.2,6.1,3.9,1.3,3.2,2.2,3.1,3.3,1.9,2.7,2.4,5.8,2.2,4.1,43.4,0,0,0,0,0,0
33.8,35.8,31.8,30.9,29.4,32.4,39.0,38.0,40.0,18.8,21.8,15.8,0.221,2.97,0.0959,2.69,2.78,3.99,0.069,1.93,1.34,0.0374,0.144,0.214,32.0,25.0,67,23,200,2.0,4.1,2.9,2.3,3.1,2.4,2.7,3.5,2.2,3.3,2.7,5.9,1.8,3.5,42.4,0,0,0,0,0,0
35.6,35.8,35.4,28.7,28.6,28.8,39.7,41.2,38.2,18.8,18.0,19.6,0.251,3.18,0.102,2.88,3.02,4.26,0.0788,2.06,1.44,0.0356,0.15,0.232,31.7,25.0,68,24,200,2.0,6.0,3.2,3.2,2.4,2.7,3.3,2.9,2.8,3.4,2.8,6.6,2.4,3.5,47.2,0,0,0,0,0,0
33.8,33.6,34.0,29.1,31.8,26.4,40.6,42.0,39.2,19.9,20.6,19.2,0.259,3.31,0.108,3.0,3.16,4.46,0.0816,2.17,1.49,0.0367,0.154,0.238,31.4,24.0,74,22,200,2.2,5.2,2.2,3.0,2.5,2.6,3.6,2.8,2.0,2.4,2.4,4.4,1.7,4.3,41.3,0,0,0,0,0,0
34.2,31.6,36.8,28.9,25.2,32.6,40.4,39.0,41.8,19.8,17.8,21.8,0.273,3.43,0.109,3.15,3.3,4.69,0.0865,2.31,1.58,0.0366,0.158,0.256,31.5,24.0,76,25,200,1.9,5.5,2.7,2.9,2.1,2.4,2.6,3.3,3.2,2.7,3.3,5.8,1.9,4.2,44.5,0,0,0,0,0,0
34.1,33.2,35.0,29.1,30.6,27.6,37.9,42.4,33.4,20.5,18.8,22.2,0.306,3.82,0.117,3.53,3.67,5.18,0.0919,2.51,1.74,0.0378,0.171,0.285,31.2,24.0,64,21,200,2.8,7.3,2.8,1.7,3.0,2.8,3.3,3.3,2.5,2.6,2.0,4.9,1.8,3.5,44.3,0,0,0,0,0,0
42.0,43.4,40.6,31.3,33.0,29.6,48.1,51.4,44.8,20.6,18.0,23.2,0.282,3.87,0.111,3.43,3.49,5.18,0.086,2.37,1.64,0.0363,0.166,0.258,43.8,33.0,110,39,300,30.2,8.0,5.4,3.5,4.3,4.2,3.9,3.8,4.3,5.0,4.2,8.0,2.1,4.5,91.4,0,0,0,0,0,0
38.0,41.2,34.8,34.0,34.8,33.2,43.2,44.4,42.0,19.4,17.4,21.4,0.275,4.03,0.11,3.56,3.61,5.34,0.0862,2.5,1.75,0.0375,0.169,0.267,39.1,29.0,66,23,300,3.3,8.7,3.2,3.4,5.1,4.3,3.3,3.5,5.7,3.7,3.2,7.8,2.2,6.7,64.1,0,0,0,0,0,0
40.0,39.0,41.0,36.1,37.0,35.2,47.1,46.8,47.4,20.5,22.2,18.8,0.3,4.09,0.117,3.73,3.83,5.62,0.0939,2.64,1.8,0.0384,0.211,0.283,37.2,28.0,75,25,300,2.4,8.5,5.2,3.9,3.7,3.5,4.2,4.9,4.5,3.6,4.2,7.9,3.2,5.4,65.1,0,0,0,0,0,0
40.8,40.2,41.4,36.1,36.4,35.8,47.0,50.6,43.4,19.3,18.4,20.2,0.311,4.22,0.121,3.93,3.89,5.94,0.0992,2.8,1.92,0.0373,0.214,0.303,36.2,27.0,76,25,300,3.4,9.5,4.5,3.8,3.7,4.8,4.0,3.3,4.1,4.2,3.0,8.3,3.0,5.8,65.4,0,0,0,0,0,0
39.7,40.6,38.8,35.2,37.6,32.8,46.1,46.4,45.8,19.1,18.0,20.2,0.346,4.4,0.135,4.11,4.11,6.12,0.108,2.87,1.99,0.0374,0.222,0.316,35.7,27.0,76,25,300,3.1,7.0,5.1,4.4,4.7,3.7,4.2,5.2,4.0,3.9,4.1,11.3,3.9,5.7,70.3,0,0,0,0,0,0
40.3,39.0,41.6,33.1,33.0,33.2,45.2,45.4,45.0,18.5,18.0,19.0,0.356,4.54,0.135,4.32,4.22,6.36,0.109,3.07,2.07,0.0373,0.228,0.328,35.1,26.0,72,24,300,3.1,7.9,4.4,3.3,5.2,3.8,3.3,3.3,3.2,4.0,4.8,8.7,3.0,5.2,63.2,0,0,0,0,0,0
39.6,39.6,39.6,33.6,32.2,35.0,45.3,47.6,43.0,19.0,22.4,15.6,0.364,4.8,0.137,4.49,4.31,6.67,0.111,3.14,2.16,0.0372,0.231,0.344,34.6,26.0,74,25,300,3.2,9.5,4.7,3.8,4.0,3.6,3.8,3.8,3.9,3.5,3.8,8.3,2.6,5.2,63.7,0,0,0,0,0,0
40.6,41.4,39.8,33.9,32.4,35.4,45.1,46.8,43.4,20.0,20.4,19.6,0.411,4.86,0.148,4.65,4.51,6.94,0.122,3.26,2.24,0.0361,0.241,0.364,34.4,26.0,75,26,300,2.0,9.5,4.1,4.1,4.3,4.1,3.6,3.4,4.2,4.1,3.9,8.7,3.7,6.3,66.0,0,0,0,0,0,0
42.6,43.2,42.0,35.0,32.8,37.2,45.1,43.0,47.2,20.2,20.0,20.4,0.451,5.41,0.164,5.16,5.04,7.75,0.139,3.67,2.49,0.0362,0.255,0.405,34.1,26.0,78,25,300,2.4,10.4,5.2,3.6,3.6,3.1,3.9,4.4,4.2,5.1,4.9,9.4,3.5,5.7,69.4,0,0,0,0,0,0
43.6,42.2,45.0,39.1,40.8,37.4,53.1,53.2,53.0,18.7,19.6,17.8,0.447,5.32,0.159,4.96,4.76,7.4,0.13,3.36,2.4,0.0363,0.246,0.373,44.3,33.0,110,36,400,43.3,11.0,5.3,4.5,4.7,3.9,4.8,4.6,5.2,5.4,5.0,9.1,3.4,6.7,117.0,0,0,0,0,0,0
43.2,46.8,39.6,39.5,39.8,39.2,52.6,52.6,52.6,20.5,23.8,17.2,0.45,5.35,0.161,5.13,4.81,7.65,0.136,3.52,2.47,0.0373,0.213,0.384,40.7,30.0,79,27,400,3.4,12.1,6.0,6.1,7.4,5.4,4.7,6.2,5.2,4.8,6.1,11.6,3.9,7.5,90.4,0,0,0,0,0,0
47.5,45.6,49.4,38.0,39.8,36.2,51.1,51.0,51.2,19.0,15.8,22.2,0.455,5.5,0.158,5.19,5.02,7.75,0.14,3.62,2.59,0.0372,0.219,0.39,39.2,30.0,84,27,400,4.2,10.4,4.3,5.4,5.6,6.0,4.9,5.3,4.4,6.0,5.3,12.9,4.3,7.1,86.1,0,0,0,0,0,0
45.3,46.2,44.4,37.6,40.8,34.4,50.6,47.8,53.4,19.2,22.0,16.4,0.47,5.63,0.164,5.4,5.06,8.0,0.141,3.7,2.62,0.0371,0.221,0.402,38.0,29.0,82,27,400,4.1,10.9,4.5,4.7,4.7,6.1,5.7,5.0,5.9,6.1,6.0,12.1,3.8,6.9,86.5,0,0,0,0,0,0
46.1,44.2,48.0,40.5,39.6,41.4,52.6,54.0,51.2,19.4,16.6,22.2,0.486,5.74,0.169,5.69,5.16,8.17,0.147,3.88,2.73,0.0363,0.227,0.412,37.3,28.0,79,27,400,3.2,11.4,5.0,4.8,5.8,5.6,5.5,5.8,5.9,6.1,5.1,11.5,3.8,7.8,87.3,0,0,0,0,0,0
43.9,44.8,43.0,42.3,41.4,43.2,50.2,50.4,50.0,19.7,22.4,17.0,0.479,5.91,0.166,5.75,5.26,8.5,0.141,4.0,2.84,0.0371,0.232,0.419,36.9,28.0,79,27,400,3.9,9.4,4.9,5.7,4.5,5.6,7.0,5.1,6.4,5.4,5.2,9.7,3.6,7.3,83.7,0,0,0,0,0,0
50.2,49.2,51.2,39.2,41.4,37.0,51.7,52.6,50.8,19.0,20.0,18.0,0.494,6.01,0.175,5.86,5.42,8.69,0.147,4.07,2.89,0.0362,0.235,0.423,36.9,28.0,87,28,400,3.8,10.6,4.8,7.1,7.1,5.0,5.7,4.8,6.2,4.7,5.4,12.0,3.5,7.9,88.6,0,0,0,0,0,0
45.4,44.0,46.8,39.0,38.4,39.6,50.2,47.6,52.8,19.1,17.2,21.0,0.524,6.2,0.184,6.11,5.53,8.92,0.16,4.22,2.98,0.0368,0.239,0.444,36.7,28.0,83,28,400,3.8,11.0,5.0,5.2,5.4,5.5,5.2,5.2,5.6,5.2,5.8,13.2,5.6,8.5,90.2,0,0,0,0,0,0
44.4,44.4,44.4,39.8,38.0,41.6,51.3,52.0,50.6,19.3,22.2,16.4,0.595,6.8,0.204,6.71,6.16,10.0,0.179,4.64,3.27,0.0368,0.263,0.498,36.7,28.0,79,29,400,4.3,11.7,4.8,5.9,6.4,4.9,5.2,5.6,5.2,3.9,6.3,12.2,4.7,8.6,89.7,0,0,0,0,0,0
33.8,36.2,31.4,30.4,30.8,30.0,40.8,44.0,37.6,19.4,19.2,19.6,0.183,2.31,0.0784,2.13,1.88,2.62,0.0563,1.46,1.05,0.0367,0.124,0.172,35.9,29.0,67,23,200,16.0,4.5,2.9,2.9,3.6,3.1,2.7,2.9,4.2,3.2,3.0,7.8,2.8,4.4,64.0,0,0,0,0,0,0
34.5,37.6,31.4,30.7,27.0,34.4,38.8,42.4,35.2,18.3,20.4,16.2,0.198,2.47,0.0826,2.25,2.07,2.89,0.0599,1.6,1.13,0.0377,0.129,0.185,33.9,27.0,70,23,200,1.1,6.2,3.8,2.6,2.6,3.0,2.3,2.4,2.1,3.2,2.4,6.1,2.0,4.6,44.4,0,0,0,0,0,0
32.9,32.8,33.0,31.0,27.2,34.8,38.2,36.4,40.0,18.5,15.8,21.2,0.2,2.6,0.0841,2.3,2.3,3.1,0.0624,1.69,1.21,0.0376,0.135,0.199,32.5,25.0,65,21,200,1.7,5.0,4.0,2.9,2.7,2.9,2.7,2.9,2.7,2.3,2.0,6.0,1.7,4.0,43.5,0,0,0,0,0,0
31.7,31.6,31.8,30.6,32.8,28.4,39.9,38.0,41.8,20.9,22.2,19.6,0.223,2.83,0.0899,2.46,2.51,3.31,0.0677,1.82,1.32,0.0365,0.139,0.211,31.8,25.0,68,22,200,2.0,4.1,2.2,2.9,2.1,2.4,3.8,2.9,2.8,3.1,3.0,6.3,2.1,4.6,44.3,0,0,0,0,0,0
33.6,35.8,31.4,29.0,29.4,28.6,38.6,36.0,41.2,19.3,16.8,21.8,0.238,3.0,0.0944,2.57,2.8,3.51,0.0693,1.97,1.4,0.0376,0.146,0.221,31.4,24.0,68,23,200,2.6,6.2,2.6,3.0,2.6,2.8,2.8,3.0,3.0,3.2,3.5,6.5,1.6,4.1,47.5,0,0,0,0,0,0
32.2,30.8,33.6,31.0,29.8,32.2,36.8,33.6,40.0,19.0,21.2,16.8,0.255,3.2,0.0979,2.63,2.99,3.7,0.0747,2.1,1.43,0.0375,0.151,0.236,31.1,24.0,67,23,200,1.8,7.0,2.2,2.6,2.3,2.8,2.1,3.3,2.8,2.4,2.8,4.7,1.8,3.6,42.2,0,0,0,0,0,0
33.2,32.2,34.2,29.9,28.2,31.6,38.8,35.0,42.6,19.8,20.4,19.2,0.276,3.32,0.102,2.77,3.17,3.96,0.0791,2.22,1.52,0.0377,0.155,0.25,31.0,24.0,70,22,200,2.8,6.3,2.4,2.8,2.9,2.3,3.0,3.4,2.6,3.3,2.1,6.6,2.3,2.6,45.4,0,0,0,0,0,0
32.9,32.8,33.0,29.0,29.4,28.6,38.6,40.8,36.4,19.9,23.6,16.2,0.277,3.47,0.104,2.87,3.4,4.11,0.0818,2.32,1.57,0.0375,0.159,0.259,30.7,24.0,63,24,200,2.9,4.8,2.2,3.4,2.8,3.0,2.2,2.9,2.4,2.7,1.6,5.0,1.7,4.0,41.6,0,0,0,0,0,0
31.0,30.6,31.4,29.8,31.6,28.0,38.0,37.2,38.8,18.7,15.2,22.2,0.315,3.81,0.114,3.16,3.72,4.55,0.0902,2.55,1.74,0.0375,0.173,0.289,30.5,24.0,63,23,200,1.5,5.7,2.5,2.9,2.8,3.5,2.0,2.4,2.9,2.6,2.4,5.7,2.3,4.6,43.8,0,0,0,0,0,0
38.5,41.0,36.0,34.1,33.8,34.4,44.1,45.8,42.4,19.4,16.2,22.6,0.282,3.9,0.104,3.17,3.47,4.35,0.0793,2.41,1.6,0.0374,0.163,0.26,38.5,29.0,87,29,300,31.7,7.4,4.8,4.4,3.8,4.5,2.9,4.1,3.9,4.4,4.9,7.3,2.8,5.5,92.4,0,0,0,0,0,0
39.6,38.4,40.8,33.7,33.4,34.0,44.4,47.2,41.6,20.9,21.4,20.4,0.283,4.05,0.105,3.3,3.62,4.59,0.0821,2.56,1.69,0.0375,0.174,0.27,35.2,26.0,76,22,300,4.2,7.2,4.8,3.7,5.1,4.7,2.9,3.9,4.3,3.8,4.8,8.7,2.4,6.4,66.9,0,0,0,0,0,0
36.3,37.6,35.0,33.2,35.6,30.8,44.3,46.0,42.6,18.5,20.8,16.2,0.293,4.2,0.112,3.52,3.75,4.7,0.0892,2.63,1.8,0.0363,0.224,0.283,34.6,26.0,76,24,300,2.2,8.9,4.6,3.7,5.0,4.4,3.4,3.5,4.1,4.1,4.1,8.9,3.0,5.7,65.6,0,0,0,0,0,0
40.0,42.6,37.4,34.5,32.0,37.0,45.2,43.4,47.0,18.5,18.0,19.0,0.325,4.29,0.12,3.74,3.87,4.98,0.0953,2.76,1.88,0.0382,0.23,0.302,33.3,25.0,68,22,300,2.8,9.5,4.2,3.9,3.9,3.9,4.6,4.3,4.1,4.2,3.6,8.9,3.7,5.1,66.7,0,0,0,0,0,0
37.2,38.0,36.4,35.9,33.4,38.4,45.1,41.8,48.4,19.3,17.8,20.8,0.318,4.43,0.117,3.84,3.96,5.11,0.0922,2.88,1.97,0.0362,0.235,0.302,32.6,25.0,68,22,300,2.7,10.4,4.7,4.1,2.9,4.2,3.6,3.5,4.1,3.3,5.3,8.3,2.3,5.7,65.1,0,0,0,0,0,0
36.3,36.0,36.6,38.5,38.4,38.6,43.1,44.0,42.2,20.2,17.4,23.0,0.325,4.5,0.121,4.02,3.99,5.22,0.0977,3.0,2.07,0.0381,0.236,0.318,32.3,25.0,64,24,300,2.1,8.9,3.5,3.3,2.8,4.6,3.2,4.7,4.9,4.4,4.4,6.9,2.0,5.6,61.3,0,0,0,0,0,0
38.4,39.8,37.0,35.8,37.4,34.2,46.2,46.0,46.4,19.6,23.0,16.2,0.347,4.68,0.126,4.22,4.12,5.45,0.101,3.13,2.18,0.0362,0.243,0.332,32.1,25.0,72,24,300,2.7,8.2,4.5,3.9,4.0,4.3,3.7,3.2,4.3,5.1,3.7,8.0,3.4,5.4,64.4,0,0,0,0,0,0
39.1,36.6,41.6,35.2,36.4,34.0,43.9,45.4,42.4,18.6,18.2,19.0,0.365,4.89,0.13,4.44,4.3,5.65,0.108,3.24,2.31,0.0371,0.249,0.345,32.1,25.0,76,24,300,2.6,9.0,4.7,3.6,3.8,3.7,3.8,5.1,3.4,4.1,4.6,8.9,2.9,7.5,67.7,0,0,0,0,0,0
39.9,41.0,38.8,35.7,33.4,38.0,45.4,46.4,44.4,19.2,15.8,22.6,0.397,5.37,0.138,4.86,4.79,6.25,0.115,3.6,2.52,0.036,0.263,0.383,31.9,24.0,65,23,300,3.5,9.0,3.4,3.8,4.3,4.9,3.8,4.3,3.8,4.7,4.2,8.3,1.8,5.4,65.2,0,0,0,0,0,0
39.6,40.0,39.2,39.6,39.4,39.8,52.7,53.4,52.0,18.8,18.8,18.8,0.373,5.15,0.13,4.69,4.47,5.84,0.107,3.4,2.45,0.0374,0.208,0.355,43.1,34.0,100,38,400,42.5,8.8,5.0,6.2,5.1,5.4,4.7,5.1,5.1,4.8,4.0,10.8,3.0,5.2,116.0,0,0,0,0,0,0
45.0,45.6,44.4,39.3,37.4,41.2,47.8,49.4,46.2,18.6,22.4,14.8,0.381,5.27,0.136,4.83,4.65,6.15,0.11,3.52,2.49,0.0371,0.212,0.367,39.1,30.0,72,25,400,3.9,10.3,5.1,4.6,6.1,6.5,5.6,4.5,4.8,5.7,5.7,11.5,4.0,5.4,83.7,0,0,0,0,0,0
43.2,41.2,45.2,40.1,39.6,40.6,51.3,51.4,51.2,19.1,17.0,21.2,0.414,5.42,0.143,4.98,4.8,6.28,0.121,3.67,2.58,0.037,0.217,0.387,37.5,28.0,77,26,400,4.3,11.9,4.9,5.5,5.3,4.9,4.8,5.0,5.9,5.6,6.5,11.7,4.6,7.8,88.7,0,0,0,0,0,0
42.1,39.8,44.4,44.5,46.0,43.0,49.8,49.0,50.6,19.9,15.4,24.4,0.438,5.63,0.147,5.14,5.03,6.51,0.122,3.69,2.65,0.0372,0.225,0.398,36.7,28.0,79,26,400,3.4,12.8,5.3,4.6,5.6,5.9,5.6,5.2,6.1,4.8,5.4,10.3,3.4,7.2,85.6,0,0,0,0,0,0
42.6,42.6,42.6,42.2,40.4,44.0,50.2,49.6,50.8,19.1,17.2,21.0,0.449,5.7,0.151,5.26,5.11,6.81,0.129,3.87,2.68,0.037,0.227,0.413,36.7,28.0,89,27,400,3.2,11.5,5.5,5.4,5.0,5.2,6.3,6.4,5.6,5.1,4.4,11.7,3.8,7.5,86.6,0,0,0,0,0,0
39.6,42.2,37.0,38.9,36.4,41.4,53.1,54.0,52.2,19.4,21.8,17.0,0.448,5.86,0.149,5.35,5.23,7.01,0.129,3.97,2.78,0.0369,0.234,0.416,36.2,27.0,84,24,400,3.8,10.4,6.6,4.9,4.5,5.7,5.7,4.8,6.6,5.5,7.0,11.5,2.9,7.1,87.0,0,0,0,0,0,0
42.2,43.4,41.0,37.5,36.2,38.8,50.0,49.6,50.4,19.2,21.2,17.2,0.48,6.01,0.162,5.5,5.38,7.28,0.137,4.14,2.84,0.0368,0.24,0.427,36.1,27.0,78,28,400,3.7,11.5,4.3,5.0,6.0,6.5,5.7,4.8,6.2,7.4,4.7,11.9,3.6,8.9,90.2,0,0,0,0,0,0
43.2,41.0,45.4,41.4,42.6,40.2,53.7,55.4,52.0,21.1,20.4,21.8,0.477,6.16,0.162,5.59,5.6,7.54,0.136,4.2,2.9,0.036,0.243,0.444,36.1,27.0,87,27,400,4.7,11.8,4.3,6.8,4.3,5.5,4.8,5.7,5.0,5.5,5.3,11.4,2.9,6.6,84.6,0,0,0,0,0,0
43.0,44.4,41.6,39.1,36.6,41.6,50.5,51.0,50.0,19.3,18.0,20.6,0.53,6.64,0.178,6.17,6.13,8.24,0.155,4.62,3.22,0.0361,0.263,0.493,35.9,27.0,78,26,400,3.8,9.9,6.2,5.2,7.0,4.5,5.0,5.9,5.8,6.3,5.4,13.2,4.4,8.1,90.7,0,0,0,0,0,0
49.0,49.0,49.0,29.1,28.2,30.0,61.6,58.8,64.4,18.6,17.0,20.2,0.143,1.96,0.0701,1.81,1.76,2.39,0.0442,1.29,0.906,0.0377,0.118,0.149,36.9,30.0,81,28,200,38.0,5.0,3.0,3.5,2.0,2.5,4.5,2.5,4.5,2.5,4.0,5.5,3.0,2.5,83.0,0,0,0,0,0,0
31.8,28.2,35.4,28.3,31.4,25.2,39.5,39.4,39.6,19.1,20.6,17.6,0.165,2.2,0.0742,2.06,1.89,2.49,0.0507,1.43,0.99,0.0366,0.123,0.163,32.1,25.0,65,20,200,14.3,5.8,2.6,1.9,3.0,2.7,3.9,3.4,3.8,2.6,2.2,5.7,2.1,3.5,57.5,0,0,0,0,0,0
32.4,31.8,33.0,32.1,31.4,32.8,39.2,35.4,43.0,20.1,21.4,18.8,0.178,2.38,0.0784,2.12,2.01,2.62,0.0537,1.53,1.07,0.0366,0.128,0.173,30.4,23.0,63,20,200,1.8,5.2,3.7,2.6,2.7,2.4,2.9,2.7,2.2,2.4,3.1,4.5,1.5,3.1,40.8,0,0,0,0,0,0
30.8,32.8,28.8,30.4,28.2,32.6,39.1,36.6,41.6,19.5,19.8,19.2,0.19,2.46,0.0825,2.31,2.17,2.87,0.0577,1.65,1.17,0.0368,0.133,0.188,29.9,23.0,69,20,200,1.5,5.8,2.3,2.8,2.8,3.2,3.7,4.1,1.8,3.3,3.4,5.5,1.8,2.5,44.5,0,0,0,0,0,0
31.2,31.0,31.4,30.6,30.0,31.2,38.3,34.8,41.8,19.3,18.6,20.0,0.201,2.61,0.0855,2.49,2.31,3.03,0.0608,1.75,1.24,0.0366,0.137,0.194,29.6,23.0,62,23,200,1.9,6.0,2.7,2.6,2.3,4.0,2.6,2.4,2.1,3.1,2.4,5.5,1.5,3.3,42.4,0,0,0,0,0,0
32.0,36.8,27.2,31.1,28.6,33.6,39.4,38.4,40.4,18.9,21.6,16.2,0.22,2.81,0.0899,2.66,2.48,3.28,0.0648,1.91,1.33,0.0367,0.142,0.212,29.3,22.0,67,21,200,1.3,5.1,2.4,2.6,2.6,3.0,3.2,3.7,2.2,2.3,3.3,6.5,2.5,5.0,45.7,0,0,0,0,0,0
31.4,31.4,31.4,29.4,31.6,27.2,40.9,40.0,41.8,18.2,19.4,17.0,0.236,2.96,0.0925,2.78,2.66,3.44,0.0686,2.05,1.41,0.0377,0.148,0.221,29.2,22.0,68,22,200,2.1,6.2,2.8,3.6,2.6,3.0,2.2,3.5,2.6,2.1,2.7,5.3,1.9,3.0,43.6,0,0,0,0,0,0
32.0,33.6,30.4,30.5,32.0,29.0,37.2,36.2,38.2,18.5,17.8,19.2,0.25,3.13,0.1,2.92,2.79,3.63,0.0734,2.13,1.49,0.0366,0.152,0.232,28.9,22.0,64,21,200,2.0,5.1,3.9,2.9,2.5,2.9,2.2,3.1,3.2,3.2,2.6,6.5,2.4,3.4,45.9,0,0,0,0,0,0
32.1,33.0,31.2,32.8,34.6,31.0,39.5,40.4,38.6,17.9,15.6,20.2,0.259,3.28,0.103,3.06,3.02,3.85,0.0787,2.28,1.6,0.0365,0.157,0.249,28.9,22.0,66,22,200,1.8,5.1,2.8,2.9,2.9,2.3,4.2,2.4,2.9,2.2,3.2,5.4,1.5,3.8,43.4,0,0,0,0,0,0
35.5,35.0,36.0,32.0,33.0,31.0,40.5,37.8,43.2,18.7,16.6,20.8,0.305,3.68,0.111,3.44,3.35,4.32,0.0894,2.55,1.82,0.0357,0.17,0.279,29.1,23.0,68,25,200,2.2,5.3,2.6,3.2,2.9,2.2,2.2,3.0,2.6,3.0,2.5,5.3,2.4,5.1,44.5,0,0,0,0,0,0
39.6,39.2,40.0,38.9,38.6,39.2,45.5,47.4,43.6,19.9,22.2,17.6,0.306,3.79,0.114,3.32,3.41,4.38,0.0915,2.51,1.76,0.0357,0.167,0.274,39.7,31.0,97,31,300,30.4,10.3,3.6,4.4,4.3,3.2,4.7,4.6,4.0,3.5,2.9,8.9,2.8,5.5,93.1,0,0,0,0,0,0
38.5,38.8,38.2,35.8,37.0,34.6,43.8,44.4,43.2,18.5,18.6,18.4,0.319,3.98,0.117,3.52,3.59,4.62,0.0944,2.61,1.88,0.0357,0.171,0.288,36.6,28.0,72,24,300,2.4,8.0,3.9,5.4,4.5,3.1,4.2,3.8,5.3,3.7,4.4,8.9,3.1,5.8,66.5,0,0,0,0,0,0
36.7,37.2,36.2,35.3,33.2,37.4,45.8,44.4,47.2,20.2,21.2,19.2,0.338,4.13,0.12,3.61,3.71,4.74,0.0949,2.72,1.94,0.0367,0.227,0.303,34.7,26.0,74,21,300,2.9,10.3,3.1,5.5,4.6,4.3,4.0,3.0,3.8,3.3,3.5,8.5,2.5,4.4,63.7,0,0,0,0,0,0
39.0,39.4,38.6,34.6,33.4,35.8,43.3,41.0,45.6,18.5,20.8,16.2,0.334,4.26,0.121,3.7,3.91,4.94,0.0972,2.87,2.03,0.0368,0.23,0.316,33.8,26.0,73,24,300,3.1,9.6,3.9,3.7,4.2,3.6,4.2,4.1,4.6,3.9,3.8,7.8,2.5,6.6,65.6,0,0,0,0,0,0
41.4,42.4,40.4,33.8,34.8,32.8,42.1,41.8,42.4,19.9,19.4,20.4,0.342,4.37,0.123,3.82,3.99,5.04,0.096,2.97,2.06,0.0361,0.237,0.319,33.4,26.0,73,24,300,2.6,7.3,4.7,4.8,4.1,5.2,3.7,3.4,5.3,4.7,4.0,9.1,2.6,3.9,65.4,0,0,0,0,0,0
39.9,41.2,38.6,34.3,36.6,32.0,47.8,48.0,47.6,19.0,16.6,21.4,0.368,4.56,0.127,3.93,4.29,5.34,0.104,3.08,2.16,0.0372,0.242,0.343,33.0,25.0,69,25,300,3.0,9.1,4.5,4.1,4.4,4.3,3.7,4.2,3.6,4.0,3.9,9.1,3.2,6.0,67.1,0,0,0,0,0,0
37.3,39.8,34.8,35.8,34.6,37.0,44.4,44.0,44.8,18.7,22.2,15.2,0.363,4.7,0.126,4.14,4.37,5.45,0.102,3.2,2.21,0.0373,0.244,0.343,32.7,25.0,69,23,300,3.0,9.0,3.3,4.4,4.6,3.6,4.9,3.7,5.3,3.3,4.5,7.8,2.3,6.2,65.9,0,0,0,0,0,0
36.3,34.8,37.8,35.0,35.0,35.0,44.7,46.0,43.4,19.5,21.8,17.2,0.365,4.85,0.129,4.15,4.53,5.59,0.106,3.28,2.25,0.0373,0.249,0.354,32.4,25.0,70,24,300,3.8,9.9,2.8,4.0,3.0,3.4,5.9,4.4,4.2,4.2,5.3,7.7,2.7,4.5,65.8,0,0,0,0,0,0
37.0,34.0,40.0,35.1,35.0,35.2,45.8,45.6,46.0,19.5,20.2,18.8,0.396,5.34,0.138,4.56,5.04,6.16,0.114,3.65,2.5,0.0363,0.265,0.399,32.2,25.0,69,23,300,2.2,9.7,4.7,3.0,3.8,4.1,5.1,4.9,1.8,3.6,3.7,8.5,2.7,6.3,64.1,0,0,0,0,0,0
43.8,42.4,45.2,37.4,36.2,38.6,50.3,52.8,47.8,19.1,20.8,17.4,0.395,5.2,0.134,4.36,4.9,5.89,0.112,3.41,2.37,0.0377,0.26,0.362,39.6,31.0,96,33,400,42.9,10.2,5.4,5.2,3.5,5.0,4.2,3.1,3.8,4.9,6.2,10.7,4.4,6.9,116.0,0,0,0,0,0,0
41.9,43.8,40.0,43.3,43.4,43.2,47.1,47.4,46.8,20.4,22.6,18.2,0.405,5.33,0.14,4.54,4.96,6.16,0.116,3.52,2.41,0.0379,0.213,0.374,36.1,28.0,72,23,400,2.6,11.9,5.5,4.6,5.2,6.3,4.8,5.3,5.8,6.2,4.0,11.1,3.4,8.7,85.4,0,0,0,0,0,0
43.3,42.8,43.8,41.6,41.4,41.8,49.6,52.4,46.8,18.9,21.4,16.4,0.424,5.42,0.146,4.67,5.01,6.37,0.123,3.7,2.52,0.0378,0.215,0.392,34.8,27.0,71,25,400,3.4,11.9,5.9,6.4,5.2,4.6,4.5,3.6,6.4,6.0,6.3,12.5,4.4,6.1,87.2,0,0,0,0,0,0
41.9,38.8,45.0,39.4,42.6,36.2,50.8,49.0,52.6,18.4,21.4,15.4,0.453,5.66,0.155,4.95,5.2,6.57,0.128,3.77,2.68,0.0376,0.225,0.406,34.7,27.0,80,27,400,4.4,10.8,6.0,5.8,6.6,6.2,5.8,4.3,5.6,5.9,5.4,12.5,4.6,6.4,90.3,0,0,0,0,0,0
43.1,45.6,40.6,39.9,39.8,40.0,50.7,47.2,54.2,18.7,15.0,22.4,0.483,5.76,0.16,5.08,5.32,6.75,0.136,3.85,2.75,0.0375,0.23,0.419,34.9,27.0,81,27,400,3.2,11.4,6.0,5.1,5.6,5.3,5.9,4.5,5.0,6.4,5.6,12.2,3.9,9.0,89.1,0,0,0,0,0,0
43.1,44.2,42.0,39.2,39.2,39.2,50.6,49.2,52.0,18.9,16.2,21.6,0.512,5.93,0.169,5.27,5.43,6.99,0.142,4.08,2.83,0.0382,0.236,0.431,34.6,27.0,75,25,400,2.6,10.8,5.9,5.8,5.9,5.7,5.7,5.0,7.3,5.7,4.7,12.8,4.7,6.2,88.8,0,0,0,0,0,0
40.5,39.6,41.4,37.1,34.4,39.8,49.5,47.0,52.0,18.2,18.6,17.8,0.514,5.98,0.17,5.44,5.51,7.19,0.146,4.17,2.96,0.0374,0.24,0.439,34.4,27.0,72,26,400,3.9,11.2,5.4,5.0,4.5,5.4,6.3,6.9,5.0,5.6,6.6,10.2,3.3,7.7,87.0,0,0,0,0,0,0
41.2,42.0,40.4,36.6,34.0,39.2,50.1,47.4,52.8,17.8,14.6,21.0,0.522,6.16,0.172,5.54,5.73,7.4,0.146,4.23,3.04,0.0374,0.244,0.447,34.4,27.0,81,27,400,3.5,10.8,4.9,6.7,5.3,4.8,5.7,5.0,5.5,5.9,4.5,11.2,3.1,7.8,84.7,0,0,0,0,0,0
43.8,42.2,45.4,38.4,36.0,40.8,49.5,51.4,47.6,20.0,21.6,18.4,0.599,6.69,0.189,6.04,6.31,8.18,0.165,4.62,3.31,0.0366,0.266,0.501,34.5,27.0,81,27,400,3.9,10.2,5.5,6.0,6.1,6.3,4.9,6.0,5.2,6.3,4.3,11.7,4.4,6.2,87.0,0,0,0,0,0,0
48.6,49.0,48.2,28.0,31.0,25.0,64.2,64.4,64.0,18.4,16.6,20.2,0.108,1.99,0.0625,1.78,1.69,2.43,0.0323,1.19,0.909,0.037,0.116,0.14,44.4,34.0,87,31,200,43.5,5.5,3.5,4.5,1.5,2.5,5.0,3.5,4.0,2.5,3.0,9.0,3.0,4.0,95.0,0,0,0,0,0,0
30.7,31.8,29.6,29.4,29.8,29.0,37.9,37.8,38.0,20.1,19.2,21.0,0.123,2.32,0.0638,2.0,1.86,2.66,0.0405,1.32,0.996,0.0372,0.121,0.151,36.4,27.0,67,20,200,13.9,6.2,3.4,2.7,3.0,3.6,3.0,2.4,3.2,2.6,1.9,5.6,1.7,5.4,58.6,0,0,0,0,0,0
32.6,30.8,34.4,29.4,31.6,27.2,42.5,44.0,41.0,18.6,18.4,18.8,0.139,2.44,0.0733,2.2,1.99,2.79,0.0485,1.47,1.1,0.037,0.127,0.169,33.7,25.0,66,21,200,1.6,6.5,2.9,2.3,3.2,2.5,2.5,2.5,2.1,3.1,3.0,5.1,1.4,3.6,42.3,0,0,0,0,0,0
34.5,32.4,36.6,31.1,30.4,31.8,40.6,39.4,41.8,18.8,22.2,15.4,0.158,2.61,0.0761,2.37,2.17,3.01,0.0519,1.6,1.19,0.038,0.128,0.177,31.6,23.0,59,20,200,1.9,5.9,2.2,4.8,3.6,3.1,2.6,2.7,2.0,3.0,3.0,6.0,2.2,3.1,46.1,0,0,0,0,0,0
30.4,29.8,31.0,31.0,30.6,31.4,36.5,35.4,37.6,19.1,21.6,16.6,0.179,2.77,0.08,2.46,2.3,3.18,0.0607,1.73,1.27,0.0359,0.134,0.193,30.8,23.0,63,22,200,1.8,5.6,2.8,3.4,3.0,2.1,2.8,2.7,3.4,2.2,2.4,5.7,2.1,3.1,43.1,0,0,0,0,0,0
31.7,33.4,30.0,30.0,30.8,29.2,38.3,36.4,40.2,19.7,21.4,18.0,0.197,2.95,0.084,2.66,2.47,3.4,0.0655,1.89,1.38,0.0369,0.14,0.206,30.3,22.0,68,21,200,1.7,5.2,2.8,2.9,3.3,2.8,3.8,3.3,2.7,2.0,2.5,6.1,1.7,2.4,43.2,0,0,0,0,0,0
32.9,31.4,34.4,28.6,27.8,29.4,39.6,37.0,42.2,18.9,19.6,18.2,0.201,3.1,0.0889,2.88,2.58,3.55,0.0683,2.01,1.44,0.0368,0.146,0.225,30.1,22.0,68,21,200,3.1,5.6,2.6,2.3,2.3,2.0,3.7,2.7,3.8,2.1,2.4,5.6,1.8,4.0,44.0,0,0,0,0,0,0
31.5,30.2,32.8,29.4,26.0,32.8,39.0,36.0,42.0,18.8,19.6,18.0,0.242,3.31,0.0957,3.05,2.81,3.8,0.0773,2.18,1.53,0.0366,0.153,0.235,29.8,22.0,64,21,200,2.0,5.7,2.6,3.3,2.4,2.2,3.7,2.6,2.9,3.4,2.3,6.3,2.2,3.6,45.2,0,0,0,0,0,0
32.5,28.8,36.2,30.2,29.4,31.0,40.0,44.2,35.8,18.8,15.4,22.2,0.264,3.46,0.102,3.24,3.01,4.02,0.0842,2.3,1.62,0.0368,0.16,0.257,29.6,22.0,63,22,200,2.0,5.6,2.6,1.9,2.5,2.6,3.9,2.8,2.3,1.7,3.0,4.8,1.6,4.6,41.9,0,0,0,0,0,0
32.1,30.8,33.4,30.9,29.8,32.0,38.6,36.0,41.2,18.7,18.0,19.4,0.301,3.81,0.108,3.54,3.29,4.42,0.0928,2.56,1.8,0.0367,0.17,0.284,29.6,22.0,68,23,200,2.3,3.9,2.3,3.0,2.0,3.1,3.5,3.0,3.0,3.3,2.7,5.4,2.6,3.9,44.0,0,0,0,0,0,0
36.2,36.0,36.4,33.9,31.4,36.4,46.1,46.8,45.4,19.2,18.2,20.2,0.289,3.8,0.106,3.46,3.16,4.25,0.0875,2.48,1.68,0.0371,0.164,0.261,40.7,31.0,100,36,300,29.8,7.6,3.6,4.4,4.4,4.3,3.8,4.7,5.1,3.7,4.5,9.2,3.3,6.5,94.9,0,0,0,0,0,0
35.4,37.6,33.2,34.3,37.0,31.6,47.5,47.2,47.8,18.8,22.4,15.2,0.314,3.96,0.11,3.62,3.27,4.51,0.0955,2.57,1.78,0.038,0.224,0.271,36.6,27.0,74,22,300,2.2,8.1,3.7,4.0,4.2,5.2,4.0,4.3,3.7,4.8,5.2,8.5,3.4,6.4,67.7,0,0,0,0,0,0
36.7,36.8,36.6,32.7,34.4,31.0,45.2,48.2,42.2,19.5,17.4,21.6,0.331,4.11,0.118,3.79,3.42,4.71,0.0971,2.69,1.82,0.0382,0.228,0.286,35.1,26.0,79,23,300,3.3,8.0,4.2,3.7,3.2,5.0,4.2,4.3,4.0,5.1,3.5,8.3,2.9,5.2,64.9,0,0,0,0,0,0
36.3,34.6,38.0,33.3,32.8,33.8,44.7,45.8,43.6,18.8,16.4,21.2,0.333,4.27,0.119,3.97,3.56,4.95,0.0963,2.79,1.94,0.0371,0.232,0.293,34.1,25.0,71,23,300,2.6,9.2,3.7,4.3,4.0,4.9,4.8,4.2,3.9,3.8,3.2,9.4,2.3,5.8,66.1,0,0,0,0,0,0
35.7,36.8,34.6,31.8,30.2,33.4,45.2,45.6,44.8,18.5,21.0,16.0,0.339,4.44,0.12,4.13,3.79,5.13,0.0972,2.93,2.01,0.0372,0.236,0.305,33.5,25.0,72,24,300,2.8,7.2,3.0,2.9,3.2,5.3,5.1,3.2,4.8,4.0,6.3,8.2,2.1,7.9,66.0,0,0,0,0,0,0
38.6,37.4,39.8,33.9,37.8,30.0,45.8,45.8,45.8,20.7,23.0,18.4,0.343,4.65,0.121,4.3,3.93,5.32,0.102,3.03,2.12,0.0373,0.243,0.32,33.1,25.0,77,23,300,3.4,9.2,4.8,3.9,3.6,4.4,3.8,4.9,3.9,5.1,3.8,7.3,2.2,5.3,65.6,0,0,0,0,0,0
36.6,35.6,37.6,34.0,31.4,36.6,41.8,40.8,42.8,18.4,19.2,17.6,0.346,4.79,0.121,4.51,4.02,5.41,0.0983,3.15,2.18,0.0365,0.248,0.334,32.8,24.0,70,23,300,3.2,9.0,3.5,3.9,3.1,5.0,3.8,4.0,4.0,4.1,4.2,9.5,3.0,4.9,65.2,0,0,0,0,0,0
39.5,41.2,37.8,36.0,35.8,36.2,44.9,43.8,46.0,20.3,21.8,18.8,0.375,5.03,0.133,4.65,4.21,5.77,0.113,3.3,2.3,0.0366,0.256,0.36,32.5,24.0,73,23,300,3.7,9.2,5.3,4.5,4.8,3.7,3.4,3.4,3.9,4.4,3.1,8.6,3.6,5.3,66.9,0,0,0,0,0,0
36.6,39.6,33.6,36.5,37.4,35.6,45.4,44.2,46.6,19.5,19.0,20.0,0.439,5.53,0.149,5.12,4.68,6.36,0.126,3.62,2.51,0.0366,0.27,0.403,32.3,24.0,74,24,300,2.5,8.6,4.6,4.1,4.0,3.8,4.6,3.4,4.1,3.7,4.7,9.8,3.8,5.9,67.6,0,0,0,0,0,0
39.8,40.0,39.6,39.1,37.2,41.0,49.8,48.8,50.8,19.6,15.6,23.6,0.421,5.37,0.142,4.87,4.45,6.04,0.121,3.46,2.4,0.0363,0.209,0.379,40.4,32.0,93,34,400,43.0,10.6,5.7,3.6,4.3,4.2,4.1,4.5,4.6,5.0,5.7,9.7,3.7,6.5,115.0,0,0,0,0,0,0
42.8,41.4,44.2,41.5,43.0,40.0,47.7,50.6,44.8,21.7,21.4,22.0,0.451,5.52,0.149,4.98,4.55,6.24,0.123,3.56,2.5,0.0374,0.211,0.384,37.0,29.0,70,24,400,3.7,12.4,4.5,5.4,4.8,5.3,5.2,4.9,5.8,5.3,5.0,10.6,4.1,7.7,84.7,0,0,0,0,0,0
40.9,41.4,40.4,37.7,37.6,37.8,46.3,48.2,44.4,19.3,18.0,20.6,0.462,5.63,0.151,5.15,4.75,6.34,0.13,3.64,2.66,0.0383,0.219,0.394,36.4,28.0,84,25,400,4.4,10.5,6.3,4.7,5.6,6.0,5.8,5.2,6.3,6.9,6.3,10.9,3.5,7.5,89.9,0,0,0,0,0,0
42.8,43.6,42.0,37.6,38.0,37.2,49.9,48.8,51.0,19.3,17.0,21.6,0.485,5.72,0.158,5.28,4.81,6.62,0.138,3.81,2.73,0.0373,0.225,0.413,35.7,27.0,80,25,400,4.0,13.0,5.0,4.5,5.0,5.8,5.8,5.5,3.6,4.8,4.5,9.3,3.2,8.3,82.3,0,0,0,0,0,0
40.6,37.8,43.4,40.7,38.7,42.7,49.3,50.0,48.6,19.1,21.6,16.6,0.491,5.86,0.16,5.31,4.99,6.72,0.141,3.84,2.83,0.0381,0.228,0.423,35.5,27.0,77,25,400,2.6,12.9,5.4,5.2,5.2,4.8,5.3,6.0,4.5,6.9,6.4,11.2,4.1,8.7,89.2,0,0,0,0,0,0
42.5,42.2,42.8,36.5,35.4,37.6,48.7,49.0,48.4,19.1,17.4,20.8,0.513,5.98,0.165,5.51,5.12,6.95,0.144,3.98,2.93,0.0362,0.233,0.429,35.4,27.0,87,26,400,2.9,11.5,5.7,5.5,6.5,5.8,4.8,5.1,6.0,5.8,7.4,12.6,4.3,6.4,90.3,0,0,0,0,0,0
39.5,38.2,40.8,37.2,37.4,37.0,49.4,51.4,47.4,19.2,20.0,18.4,0.514,6.18,0.165,5.75,5.21,7.18,0.141,4.1,2.97,0.036,0.24,0.441,35.0,27.0,73,25,400,4.4,12.4,6.0,4.8,4.1,5.4,5.6,5.4,5.3,5.0,6.6,12.4,3.8,8.7,89.9,0,0,0,0,0,0
43.0,41.4,44.6,38.8,38.2,39.4,48.9,45.0,52.8,21.1,20.4,21.8,0.514,6.31,0.16,5.84,5.31,7.4,0.14,4.18,3.01,0.038,0.242,0.446,34.9,27.0,77,26,400,2.8,11.1,6.6,5.6,5.8,4.8,4.5,5.4,5.0,4.7,5.8,10.9,3.3,8.3,84.6,0,0,0,0,0,0
44.9,43.4,46.4,39.3,41.2,37.4,49.7,47.2,52.2,19.6,18.4,20.8,0.557,6.82,0.178,6.44,5.83,8.06,0.162,4.55,3.31,0.0361,0.262,0.494,34.8,27.0,74,26,400,5.1,9.5,4.8,5.3,4.3,6.5,4.5,7.2,6.1,4.8,4.7,11.1,3.4,8.7,86.0,0,0,0,0,0,0
49.2,48.2,50.2,28.1,25.4,30.8,59.1,58.6,59.6,20.0,20.4,19.6,0.172,2.17,0.0766,1.93,1.8,2.53,0.0523,1.27,0.956,0.0369,0.12,0.158,40.8,30.0,88,30,200,29.7,7.33,2.67,2.67,3.33,2.0,2.0,1.33,1.33,0.667,2.33,3.33,1.0,2.67,62.3,0,0,0,0,0,0
31.6,32.0,31.2,29.1,29.2,29.0,37.8,35.8,39.8,18.4,18.0,18.8,0.184,2.34,0.077,2.02,1.95,2.68,0.0551,1.42,1.04,0.0359,0.125,0.166,34.9,26.0,69,22,200,13.0,5.3,3.1,2.6,2.3,4.1,2.9,3.3,2.7,2.7,3.5,6.0,1.8,3.4,56.7,0,0,0,0,0,0
31.8,33.6,30.0,31.3,29.4,33.2,37.0,35.6,38.4,18.9,16.8,21.0,0.18,2.48,0.0791,2.15,2.09,2.82,0.0546,1.49,1.09,0.0352,0.13,0.179,32.9,25.0,68,21,200,2.5,5.6,2.5,2.5,2.9,3.3,2.4,3.1,2.5,2.2,2.4,5.3,1.2,4.6,43.0,0,0,0,0,0,0
33.3,34.2,32.4,29.6,27.6,31.6,38.8,37.8,39.8,18.4,15.6,21.2,0.207,2.63,0.0855,2.27,2.22,3.02,0.0624,1.65,1.2,0.0355,0.136,0.197,31.6,24.0,65,21,200,1.3,5.5,3.2,2.8,2.3,2.6,2.1,2.2,3.3,2.6,2.8,6.0,2.5,3.5,42.7,0,0,0,0,0,0
32.7,32.4,33.0,28.7,26.8,30.6,41.0,39.8,42.2,19.4,17.2,21.6,0.217,2.75,0.0891,2.4,2.42,3.21,0.065,1.75,1.3,0.0357,0.137,0.206,31.2,24.0,72,23,200,1.9,5.5,3.8,2.6,2.6,1.7,1.8,3.6,3.2,1.9,1.7,5.1,2.1,3.6,41.1,0,0,0,0,0,0
33.4,33.0,33.8,30.9,33.6,28.2,37.7,36.4,39.0,20.5,23.2,17.8,0.231,2.9,0.0917,2.54,2.51,3.43,0.0667,1.85,1.36,0.0367,0.141,0.214,30.8,23.0,66,21,200,1.7,4.9,2.0,1.7,2.2,3.0,2.3,3.0,3.8,2.8,2.8,5.2,1.5,3.8,40.7,0,0,0,0,0,0
32.4,31.6,33.2,30.9,31.4,30.4,38.1,39.2,37.0,18.3,14.4,22.2,0.235,3.02,0.0929,2.69,2.65,3.56,0.0671,2.01,1.46,0.0356,0.145,0.221,30.0,23.0,57,19,200,1.6,5.7,3.2,2.1,2.8,2.3,3.2,2.8,3.0,2.7,2.6,5.2,1.5,3.5,42.2,0,0,0,0,0,0
32.9,29.8,36.0,29.2,29.8,28.6,38.1,36.6,39.6,19.3,19.2,19.4,0.249,3.14,0.0958,2.79,2.83,3.75,0.0701,2.1,1.53,0.0366,0.147,0.234,30.1,23.0,69,23,200,1.8,3.9,2.9,3.1,2.7,2.7,2.4,2.3,3.1,3.0,3.0,5.1,2.1,3.1,41.2,0,0,0,0,0,0
32.3,32.2,32.4,30.8,30.0,31.6,37.4,38.8,36.0,19.3,21.8,16.8,0.255,3.32,0.0974,2.91,3.06,3.95,0.0718,2.23,1.64,0.0367,0.154,0.252,29.9,23.0,64,22,200,1.8,6.6,2.8,2.8,3.3,3.0,2.7,1.9,2.4,3.4,2.6,6.4,1.6,2.9,44.2,0,0,0,0,0,0
32.7,30.8,34.6,30.3,28.6,32.0,37.0,35.8,38.2,19.5,21.0,18.0,0.278,3.64,0.102,3.24,3.39,4.34,0.0791,2.49,1.81,0.0375,0.164,0.278,29.7,23.0,67,21,200,2.9,7.1,3.0,2.7,2.9,1.7,2.1,2.2,3.5,3.1,2.4,5.1,1.6,3.3,43.6,0,0,0,0,0,0
37.8,34.8,40.8,32.9,30.0,35.8,45.5,45.4,45.6,21.0,23.6,18.4,0.278,3.72,0.105,3.19,3.26,4.17,0.0784,2.43,1.7,0.036,0.161,0.265,37.0,29.0,88,30,300,29.2,9.1,4.5,5.0,4.0,4.1,3.8,3.7,4.1,3.8,4.0,7.7,2.6,4.6,90.2,0,0,0,0,0,0
37.4,36.2,38.6,34.1,36.2,32.0,45.5,46.2,44.8,19.1,22.0,16.2,0.289,3.88,0.104,3.46,3.31,4.4,0.0821,2.49,1.78,0.0357,0.224,0.274,33.9,26.0,73,21,300,3.7,8.9,2.8,3.8,3.9,4.0,4.1,3.5,5.5,3.7,3.3,8.6,3.2,5.8,64.8,0,0,0,0,0,0
39.4,37.8,41.0,33.4,32.8,34.0,43.0,42.0,44.0,18.6,22.0,15.2,0.302,4.03,0.112,3.61,3.53,4.59,0.0865,2.66,1.86,0.0356,0.231,0.295,33.0,25.0,73,23,300,3.0,8.9,4.4,5.3,4.8,5.4,4.1,4.2,3.4,4.6,3.5,8.2,2.9,4.9,67.6,0,0,0,0,0,0
39.2,40.6,37.8,33.2,32.2,34.2,46.2,47.4,45.0,19.7,22.2,17.2,0.333,4.12,0.119,3.87,3.68,4.82,0.0945,2.79,1.95,0.0364,0.239,0.308,32.6,25.0,72,22,300,3.0,8.0,4.1,4.0,5.8,3.2,3.5,3.6,3.0,4.9,4.2,9.8,3.8,5.2,66.1,0,0,0,0,0,0
39.2,38.0,40.4,34.0,34.4,33.6,44.3,46.2,42.4,20.8,22.8,18.8,0.341,4.33,0.123,4.0,3.9,5.09,0.0975,2.91,2.06,0.0345,0.246,0.323,31.8,24.0,67,22,300,2.5,9.9,4.4,5.3,3.3,4.5,3.7,4.6,3.8,4.6,4.1,9.6,2.9,6.2,69.4,0,0,0,0,0,0
37.0,34.6,39.4,34.4,33.6,35.2,43.8,46.2,41.4,19.4,21.4,17.4,0.35,4.64,0.125,4.25,4.06,5.23,0.103,3.03,2.1,0.0353,0.252,0.332,31.4,24.0,66,22,300,2.6,8.8,3.7,3.9,4.6,4.2,3.1,4.0,4.5,4.6,4.7,7.5,2.0,5.4,63.6,0,0,0,0,0,0
37.5,38.4,36.6,35.1,33.6,36.6,43.4,43.0,43.8,19.1,20.2,18.0,0.379,4.77,0.131,4.35,4.13,5.5,0.107,3.19,2.2,0.0353,0.256,0.342,31.4,24.0,77,23,300,3.4,8.7,3.7,4.3,4.3,3.8,4.7,4.7,2.9,4.5,4.4,8.2,3.4,5.4,66.4,0,0,0,0,0,0
38.4,37.4,39.4,38.3,39.6,37.0,44.4,47.2,41.6,19.7,20.2,19.2,0.404,4.88,0.137,4.59,4.34,5.66,0.113,3.24,2.27,0.0354,0.262,0.359,31.4,24.0,75,23,300,4.0,8.6,4.1,4.4,3.0,4.6,4.2,5.0,3.3,4.3,4.8,8.0,3.1,5.0,66.4,0,0,0,0,0,0
39.5,40.2,38.8,33.8,37.8,29.8,46.6,45.6,47.6,18.3,19.8,16.8,0.441,5.48,0.15,5.03,4.89,6.33,0.126,3.62,2.54,0.0354,0.279,0.397,31.5,24.0,76,23,300,3.5,9.2,5.7,4.4,3.8,4.3,4.2,2.7,3.8,4.4,4.7,8.9,2.9,5.1,67.6,0,0,0,0,0,0
44.2,47.6,40.8,39.3,37.2,41.4,48.7,50.6,46.8,19.7,17.4,22.0,0.416,5.29,0.142,4.83,4.54,6.16,0.119,3.51,2.37,0.035,0.209,0.363,39.1,31.0,93,33,400,43.5,10.5,4.8,4.0,5.6,4.7,5.3,3.3,4.9,5.9,5.8,10.6,3.2,6.9,119.0,0,0,0,0,0,0
42.5,42.4,42.6,38.8,41.2,36.4,49.1,46.0,52.2,18.6,18.6,18.6,0.411,5.47,0.142,5.01,4.69,6.19,0.117,3.6,2.47,0.0351,0.216,0.373,36.7,29.0,76,25,400,2.8,12.4,4.0,5.4,5.5,5.6,6.3,4.7,5.3,6.0,6.4,12.0,4.0,7.7,88.1,0,0,0,0,0,0
39.4,35.6,43.2,41.3,39.4,43.2,49.8,51.6,48.0,18.8,21.2,16.4,0.447,5.58,0.144,5.05,4.8,6.46,0.122,3.65,2.61,0.0362,0.218,0.381,36.1,28.0,83,26,400,3.9,11.6,5.5,5.4,5.4,5.1,4.0,5.7,5.3,4.7,5.4,11.7,4.0,8.5,86.2,0,0,0,0,0,0
40.2,41.0,39.4,41.1,40.6,41.6,46.4,46.8,46.0,20.9,22.2,19.6,0.441,5.62,0.15,5.23,4.81,6.61,0.125,3.73,2.65,0.0362,0.224,0.392,35.2,27.0,76,25,400,3.7,13.2,4.4,6.7,5.8,5.9,5.5,5.8,5.1,7.3,5.9,10.7,3.4,6.5,89.9,0,0,0,0,0,0
44.9,44.8,45.0,40.4,38.8,42.0,51.7,52.6,50.8,19.9,18.8,21.0,0.464,5.89,0.156,5.44,5.03,6.86,0.131,3.89,2.8,0.0372,0.232,0.411,35.2,27.0,82,27,400,3.4,11.7,5.7,6.0,6.0,5.1,4.3,5.5,5.9,4.4,4.9,10.4,3.7,7.1,84.1,0,0,0,0,0,0
44.9,43.0,46.8,40.1,38.8,41.4,49.1,49.2,49.0,19.0,21.4,16.6,0.485,6.01,0.16,5.69,5.09,7.1,0.136,3.97,2.92,0.0362,0.237,0.423,34.7,27.0,77,25,400,3.9,10.9,5.9,5.7,5.5,6.5,6.8,5.4,4.8,5.1,5.9,14.5,4.2,7.8,92.9,0,0,0,0,0,0
44.3,44.4,44.2,43.2,43.6,42.8,51.0,47.6,54.4,21.7,24.0,19.4,0.503,6.19,0.17,5.83,5.34,7.21,0.145,4.14,3.05,0.0362,0.247,0.444,34.5,27.0,71,26,400,3.4,11.2,4.3,5.5,5.7,4.5,6.5,5.6,4.3,5.4,6.1,12.8,4.8,8.0,88.1,0,0,0,0,0,0
44.2,45.8,42.6,40.4,37.2,43.6,52.7,52.8,52.6,19.4,16.4,22.4,0.531,6.43,0.172,6.01,5.45,7.51,0.145,4.31,3.17,0.0364,0.254,0.453,34.8,27.0,89,28,400,4.2,10.9,6.1,5.4,5.2,5.9,6.0,6.0,5.0,5.9,6.5,12.2,4.2,8.3,91.8,0,0,0,0,0,0
41.6,43.0,40.2,39.3,40.0,38.6,51.5,52.2,50.8,18.9,16.4,21.4,0.599,6.95,0.19,6.61,6.05,8.25,0.164,4.71,3.53,0.0363,0.271,0.503,34.8,27.0,80,26,400,3.9,10.9,4.9,5.4,4.9,7.0,5.0,6.4,5.3,5.3,7.0,12.4,4.4,7.5,90.3,0,0,0,0,0,0
47.6,47.2,48.0,27.8,25.8,29.8,52.8,51.2,54.4,20.2,17.0,23.4,0.136,2.15,0.0664,1.89,1.76,2.37,0.0422,1.31,0.987,0.0353,0.113,0.148,34.8,29.0,74,29,200,33.7,9.0,3.0,1.67,1.67,4.0,2.33,1.67,2.33,2.67,0.667,5.67,2.33,2.0,72.7,0,0,0,0,0,0
32.6,34.8,30.4,28.2,28.0,28.4,33.2,34.4,32.0,19.1,18.6,19.6,0.152,2.23,0.0688,1.99,1.94,2.51,0.0439,1.47,1.07,0.0361,0.119,0.164,30.4,25.0,60,18,200,12.3,8.2,3.0,2.7,3.0,2.6,3.1,2.9,3.7,3.0,2.2,5.5,1.7,3.2,57.1,0,0,0,0,0,0
33.0,29.2,36.8,30.5,28.8,32.2,33.1,34.6,31.6,19.3,18.2,20.4,0.173,2.38,0.0771,2.13,2.15,2.77,0.0526,1.56,1.14,0.0361,0.122,0.18,29.1,24.0,57,22,200,1.8,5.5,2.9,2.5,2.9,3.3,2.7,3.2,2.4,2.8,1.5,6.6,1.6,3.8,43.5,0,0,0,0,0,0
35.0,32.8,37.2,29.6,26.6,32.6,32.3,29.6,35.0,19.1,19.2,19.0,0.185,2.57,0.0792,2.24,2.4,2.94,0.0567,1.71,1.21,0.0351,0.128,0.195,28.7,23.0,67,20,200,1.9,4.5,2.6,1.9,4.8,2.8,2.0,2.6,3.1,3.3,2.1,5.8,2.2,5.0,44.6,0,0,0,0,0,0
32.6,30.0,35.2,28.7,29.6,27.8,32.8,30.6,35.0,19.0,16.6,21.4,0.2,2.72,0.0848,2.33,2.55,3.19,0.0597,1.82,1.28,0.0352,0.135,0.205,28.7,22.0,66,21,200,2.8,6.1,3.0,2.6,1.4,3.0,3.1,2.2,2.6,2.3,3.5,6.1,1.9,3.8,44.4,0,0,0,0,0,0
33.3,36.0,30.6,31.1,32.0,30.2,31.0,30.8,31.2,19.8,18.0,21.6,0.212,2.86,0.0855,2.43,2.74,3.36,0.062,1.91,1.35,0.0352,0.139,0.215,28.5,22.0,68,21,200,0.8,5.0,1.6,2.2,3.0,3.7,2.3,3.7,2.3,2.3,3.0,5.2,1.5,3.8,40.4,0,0,0,0,0,0
32.7,30.2,35.2,30.9,31.6,30.2,31.3,34.2,28.4,19.8,20.2,19.4,0.233,3.04,0.0934,2.53,2.96,3.53,0.0702,2.02,1.4,0.0361,0.144,0.236,28.7,22.0,71,22,200,1.8,6.5,3.1,2.9,3.4,2.3,2.8,2.6,2.1,2.5,2.1,5.3,1.8,3.5,42.7,0,0,0,0,0,0
33.9,34.4,33.4,28.5,30.4,26.6,32.8,34.4,31.2,20.2,18.6,21.8,0.252,3.18,0.095,2.7,3.23,3.8,0.0721,2.15,1.5,0.0372,0.151,0.245,28.7,22.0,69,21,200,2.2,4.6,1.9,3.1,2.9,2.1,2.0,2.7,4.0,3.6,3.0,6.1,1.7,3.0,42.9,0,0,0,0,0,0
34.6,33.4,35.8,31.2,31.4,31.0,32.0,31.4,32.6,20.1,21.6,18.6,0.254,3.3,0.0997,2.79,3.41,3.97,0.0752,2.26,1.56,0.0361,0.155,0.26,28.6,22.0,69,20,200,1.4,6.4,2.6,2.8,2.1,2.9,3.8,2.7,3.3,2.2,2.3,5.1,1.8,4.1,43.5,0,0,0,0,0,0
34.0,34.6,33.4,29.6,27.2,32.0,32.4,31.2,33.6,20.6,17.6,23.6,0.295,3.68,0.108,3.07,3.77,4.37,0.0864,2.5,1.74,0.0371,0.166,0.286,28.5,22.0,67,21,200,2.2,7.0,2.8,2.4,2.9,2.4,3.7,3.5,2.3,2.8,2.0,4.6,1.9,3.0,43.5,0,0,0,0,0,0
38.7,37.2,40.2,36.7,35.8,37.6,38.6,40.0,37.2,19.0,17.8,20.2,0.288,3.76,0.105,3.16,3.62,4.36,0.0819,2.39,1.67,0.0365,0.164,0.266,40.7,29.0,110,34,300,28.8,9.1,4.0,4.6,4.1,4.2,4.3,4.1,3.2,5.8,4.8,10.3,3.2,5.5,96.0,0,0,0,0,0,0
37.7,36.0,39.4,35.4,36.0,34.8,36.8,36.4,37.2,19.2,22.8,15.6,0.282,3.82,0.107,3.25,3.71,4.48,0.0825,2.48,1.76,0.0363,0.222,0.275,36.4,26.0,60,22,300,4.0,8.3,4.2,3.5,3.5,4.5,3.3,2.9,5.0,4.9,4.5,6.8,2.2,6.2,63.8,0,0,0,0,0,0
37.2,36.2,38.2,34.1,32.4,35.8,36.0,38.2,33.8,19.1,20.8,17.4,0.295,4.03,0.109,3.36,3.87,4.65,0.0852,2.65,1.81,0.0352,0.226,0.29,34.5,25.0,68,22,300,2.8,7.9,4.6,4.2,4.4,4.4,4.3,3.9,3.5,4.1,5.0,7.7,2.1,5.9,64.8,0,0,0,0,0,0
39.4,40.4,38.4,34.2,35.6,32.8,37.0,36.0,38.0,21.1,23.0,19.2,0.323,4.13,0.119,3.61,3.98,4.93,0.0971,2.73,1.94,0.0363,0.233,0.302,33.3,24.0,71,21,300,3.8,9.0,4.4,2.9,4.9,3.2,4.7,4.5,3.9,3.8,4.7,9.4,3.2,5.1,67.5,0,0,0,0,0,0
38.8,38.4,39.2,34.2,36.8,31.6,38.2,36.4,40.0,19.8,22.2,17.4,0.329,4.31,0.12,3.87,4.13,5.06,0.101,2.9,2.03,0.0354,0.236,0.314,32.4,24.0,69,21,300,2.7,7.6,3.2,3.3,5.2,4.4,4.8,4.0,3.4,5.1,4.2,8.3,2.7,4.6,63.5,0,0,0,0,0,0
40.3,39.8,40.8,33.0,34.8,31.2,38.3,38.4,38.2,19.9,19.0,20.8,0.348,4.5,0.127,4.1,4.18,5.38,0.112,3.07,2.12,0.0362,0.244,0.326,31.9,24.0,68,23,300,3.4,8.9,2.7,4.3,5.3,3.8,3.1,4.5,4.4,5.2,4.0,9.9,3.0,6.9,69.4,0,0,0,0,0,0
35.6,33.2,38.0,35.2,32.2,38.2,35.4,33.6,37.2,19.7,20.2,19.2,0.36,4.7,0.129,4.27,4.31,5.5,0.109,3.17,2.21,0.0365,0.246,0.34,31.4,23.0,66,20,300,2.5,8.5,4.1,4.1,3.9,4.2,3.9,5.0,3.8,4.7,3.5,8.5,3.0,5.4,65.1,0,0,0,0,0,0
37.8,37.4,38.2,31.6,31.0,32.2,37.1,35.2,39.0,20.2,20.6,19.8,0.379,4.81,0.129,4.42,4.46,5.73,0.11,3.27,2.23,0.0374,0.253,0.35,31.1,23.0,69,22,300,1.8,7.5,4.5,3.1,4.3,4.8,4.2,3.6,4.4,4.7,3.3,8.7,2.6,5.2,62.7,0,0,0,0,0,0
39.2,36.8,41.6,36.6,35.8,37.4,38.6,39.6,37.6,18.6,16.4,20.8,0.402,5.29,0.137,4.93,4.94,6.37,0.12,3.61,2.49,0.0364,0.268,0.385,31.0,23.0,74,23,300,2.5,6.9,5.0,5.1,3.2,3.9,4.5,4.3,3.8,3.7,3.7,8.0,1.6,6.0,62.2,0,0,0,0,0,0
40.0,40.4,39.6,38.0,40.2,35.8,43.9,44.8,43.0,20.3,22.0,18.6,0.379,5.17,0.134,4.75,4.6,5.98,0.113,3.45,2.42,0.0362,0.202,0.354,38.1,28.0,95,31,400,43.5,9.8,5.1,4.5,5.5,6.4,6.4,4.1,4.2,4.9,4.8,10.2,2.9,6.8,119.0,0,0,0,0,0,0
41.6,43.0,40.2,39.4,37.4,41.4,41.8,43.4,40.2,18.4,16.2,20.6,0.383,5.28,0.133,4.89,4.63,6.23,0.112,3.53,2.45,0.0364,0.208,0.355,35.0,27.0,69,23,400,2.9,11.3,5.1,6.5,5.7,5.6,6.3,5.2,5.6,3.9,5.8,11.5,3.1,7.8,86.3,0,0,0,0,0,0
40.7,42.0,39.4,38.7,41.4,36.0,42.4,44.8,40.0,19.7,19.8,19.6,0.403,5.47,0.14,5.03,4.82,6.3,0.117,3.6,2.55,0.0364,0.211,0.37,33.8,26.0,74,23,400,3.1,12.1,5.2,5.3,5.8,4.5,4.8,5.9,6.0,5.7,6.0,10.4,3.9,7.3,86.0,0,0,0,0,0,0
42.8,45.4,40.2,38.4,40.4,36.4,42.4,43.0,41.8,21.2,20.4,22.0,0.423,5.45,0.144,5.11,4.86,6.47,0.123,3.7,2.68,0.0353,0.215,0.392,33.1,25.0,72,23,400,3.1,11.8,5.7,6.0,5.5,3.9,6.3,4.6,5.2,5.6,6.3,10.6,3.9,6.5,85.0,0,0,0,0,0,0
41.0,39.0,43.0,36.7,35.6,37.8,43.2,43.0,43.4,21.3,23.2,19.4,0.427,5.67,0.147,5.3,5.06,6.77,0.123,3.88,2.76,0.0363,0.224,0.394,32.8,25.0,73,24,400,3.9,10.5,4.1,6.0,6.4,4.3,5.2,6.5,5.9,6.6,5.2,13.3,4.4,6.4,88.7,0,0,0,0,0,0
43.2,45.0,41.4,38.9,36.8,41.0,43.6,42.8,44.4,20.6,22.4,18.8,0.43,5.94,0.148,5.53,5.19,6.88,0.126,4.0,2.86,0.0353,0.228,0.401,32.5,25.0,77,23,400,3.3,11.7,5.3,6.2,6.2,4.8,5.6,5.3,4.6,5.8,5.4,10.7,2.9,7.5,85.3,0,0,0,0,0,0
45.9,48.4,43.4,37.9,35.4,40.4,43.4,42.6,44.2,20.8,22.6,19.0,0.474,6.14,0.157,5.64,5.3,7.16,0.135,4.13,2.91,0.0371,0.233,0.425,32.6,25.0,75,24,400,3.2,8.9,6.0,5.7,5.8,6.9,5.5,5.8,6.4,5.4,5.8,11.6,3.0,6.8,86.8,0,0,0,0,0,0
41.7,41.4,42.0,37.4,34.6,40.2,43.3,42.6,44.0,20.7,23.0,18.4,0.464,6.27,0.154,5.8,5.44,7.25,0.133,4.23,2.98,0.0355,0.24,0.434,32.7,25.0,80,24,400,3.3,13.2,5.4,4.8,5.9,5.7,5.4,7.3,6.2,4.8,4.9,11.4,3.5,8.2,90.0,0,0,0,0,0,0
44.8,44.6,45.0,37.5,39.6,35.4,43.0,42.8,43.2,19.7,21.8,17.6,0.509,6.73,0.165,6.31,6.06,8.0,0.146,4.61,3.27,0.0363,0.254,0.481,32.5,25.0,73,24,400,4.3,13.1,5.7,5.7,6.1,5.2,5.4,4.0,5.5,5.8,3.7,9.4,3.2,7.6,84.7,0,0,0,0,0,0
49.0,47.6,50.4,28.6,25.8,31.4,51.9,51.4,52.4,19.5,22.2,16.8,0.152,1.99,0.0691,1.99,1.71,2.49,0.0487,1.29,0.921,0.0366,0.115,0.156,41.7,31.0,88,31,200,36.3,5.67,4.0,3.33,1.33,2.0,2.33,4.33,2.0,2.67,2.0,3.33,0.667,4.67,74.7,0,0,0,0,0,0
32.5,30.8,34.2,30.1,30.2,30.0,32.9,33.8,32.0,19.0,16.2,21.8,0.157,2.27,0.0739,2.06,1.86,2.69,0.0496,1.42,1.02,0.0357,0.12,0.164,35.8,26.0,73,21,200,11.8,4.3,3.1,3.0,2.8,3.9,2.7,3.2,4.1,2.2,2.4,5.4,2.4,4.5,55.8,0,0,0,0,0,0
34.5,32.2,36.8,30.8,31.2,30.4,31.8,31.0,32.6,18.9,21.8,16.0,0.168,2.46,0.0767,2.14,2.05,2.87,0.0542,1.54,1.09,0.0356,0.124,0.172,33.4,25.0,68,21,200,2.4,5.3,3.2,3.3,3.0,2.9,2.5,2.4,2.5,2.4,1.7,4.6,2.0,3.9,42.1,0,0,0,0,0,0
33.8,34.0,33.6,32.6,31.2,34.0,31.8,29.0,34.6,19.0,14.6,23.4,0.17,2.57,0.0773,2.23,2.3,3.08,0.0563,1.65,1.2,0.0364,0.128,0.184,31.6,24.0,64,21,200,2.4,5.8,3.4,2.5,2.2,4.0,3.1,2.9,2.1,1.8,2.6,5.2,1.4,3.0,42.4,0,0,0,0,0,0
33.8,36.4,31.2,29.4,26.6,32.2,32.2,33.2,31.2,19.3,15.8,22.8,0.217,2.79,0.0892,2.35,2.53,3.3,0.0673,1.77,1.33,0.0365,0.135,0.206,31.0,23.0,69,22,200,1.4,5.9,2.8,2.5,3.3,3.2,3.5,2.6,2.0,2.4,2.7,6.3,2.6,3.4,44.6,0,0,0,0,0,0
33.9,35.0,32.8,28.5,28.4,28.6,32.1,34.2,30.0,20.1,23.6,16.6,0.231,2.95,0.0929,2.47,2.75,3.49,0.0694,1.94,1.43,0.0365,0.138,0.216,30.7,23.0,71,23,200,1.9,6.6,2.9,3.2,2.8,2.2,2.9,2.6,3.3,2.8,2.2,6.4,2.3,3.8,45.9,0,0,0,0,0,0
33.5,31.6,35.4,31.2,28.4,34.0,35.1,37.2,33.0,19.1,17.0,21.2,0.23,3.12,0.092,2.58,2.88,3.7,0.0699,2.02,1.5,0.0367,0.143,0.223,30.2,23.0,62,22,200,1.6,5.7,3.0,2.9,2.5,2.2,3.0,2.0,2.8,3.6,2.3,5.9,1.4,4.0,42.9,0,0,0,0,0,0
34.0,34.2,33.8,30.3,31.2,29.4,30.9,30.4,31.4,19.6,19.0,20.2,0.249,3.26,0.0969,2.73,3.15,3.88,0.0734,2.18,1.59,0.0361,0.148,0.239,29.9,23.0,69,22,200,2.8,5.9,2.0,1.9,2.3,2.6,3.0,2.2,2.8,2.8,2.6,5.1,1.9,4.3,42.2,0,0,0,0,0,0
32.1,31.0,33.2,30.7,31.0,30.4,32.5,35.4,29.6,19.2,16.0,22.4,0.254,3.39,0.0991,2.81,3.34,4.08,0.0767,2.28,1.67,0.037,0.152,0.256,29.7,23.0,70,20,200,2.3,5.9,2.9,3.8,2.3,2.6,3.5,2.1,2.3,2.0,2.5,4.7,1.5,3.5,41.9,0,0,0,0,0,0
33.2,32.4,34.0,30.0,28.6,31.4,30.9,32.6,29.2,19.8,19.2,20.4,0.286,3.76,0.109,3.16,3.73,4.55,0.0846,2.54,1.84,0.0371,0.165,0.284,29.5,22.0,68,21,200,1.8,6.6,2.6,1.9,2.8,3.2,2.3,2.3,2.4,3.6,3.0,6.1,1.7,3.5,43.8,0,0,0,0,0,0
38.1,38.6,37.6,35.2,38.2,32.2,37.6,35.4,39.8,18.9,18.0,19.8,0.283,3.72,0.112,3.19,3.51,4.43,0.0867,2.5,1.77,0.0373,0.165,0.279,37.2,28.0,96,29,300,27.6,8.8,4.2,4.7,5.2,3.6,3.5,2.9,4.7,3.1,4.6,9.4,3.1,6.5,91.9,0,0,0,0,0,0
37.2,39.4,35.0,33.3,35.6,31.0,37.0,34.4,39.6,19.4,19.6,19.2,0.304,3.95,0.114,3.29,3.61,4.57,0.0879,2.56,1.84,0.0365,0.166,0.289,35.1,26.0,75,22,300,3.0,8.4,3.8,4.5,3.8,4.8,4.7,4.6,3.9,3.8,4.1,9.2,4.1,6.2,68.9,0,0,0,0,0,0
36.3,39.4,33.2,35.5,36.2,34.8,38.5,40.6,36.4,20.4,22.0,18.8,0.298,4.12,0.114,3.56,3.74,4.75,0.0853,2.66,1.87,0.0383,0.236,0.298,34.2,25.0,77,23,300,3.6,11.3,5.3,3.0,4.1,3.4,4.0,3.4,3.8,4.3,4.4,7.4,2.3,5.7,66.0,0,0,0,0,0,0
38.2,39.2,37.2,32.8,32.0,33.6,37.4,37.4,37.4,20.1,20.8,19.4,0.318,4.26,0.119,3.79,3.87,4.87,0.0929,2.81,1.94,0.0372,0.242,0.316,33.1,25.0,69,23,300,2.9,9.0,2.9,4.2,3.5,3.8,4.2,4.0,3.4,3.7,5.2,8.0,2.4,5.7,62.9,0,0,0,0,0,0
36.8,36.6,37.0,32.2,34.8,29.6,36.8,39.8,33.8,21.8,25.4,18.2,0.353,4.32,0.126,3.94,3.94,5.17,0.103,2.89,2.04,0.0383,0.248,0.329,32.1,24.0,65,21,300,1.6,8.5,3.7,4.1,3.8,3.7,3.7,4.4,4.6,5.4,4.5,9.3,3.9,6.4,67.6,0,0,0,0,0,0
37.9,37.8,38.0,33.0,33.6,32.4,42.4,40.6,44.2,21.4,22.2,20.6,0.372,4.49,0.134,4.18,4.07,5.35,0.109,3.02,2.11,0.0375,0.254,0.344,31.7,24.0,67,22,300,3.0,8.2,4.0,3.5,3.9,3.8,3.6,4.9,4.0,3.5,4.1,8.4,2.5,5.6,63.0,0,0,0,0,0,0
36.8,36.8,36.8,32.6,32.0,33.2,39.4,42.0,36.8,18.7,22.4,15.0,0.396,4.72,0.14,4.32,4.14,5.54,0.112,3.19,2.16,0.0376,0.26,0.353,31.4,24.0,69,22,300,2.8,9.0,4.7,4.2,3.0,4.2,4.1,3.8,3.4,4.8,2.8,7.7,3.4,7.8,65.7,0,0,0,0,0,0
38.9,40.2,37.6,35.6,36.8,34.4,39.1,38.6,39.6,20.4,17.4,23.4,0.4,4.93,0.14,4.53,4.33,5.66,0.114,3.25,2.23,0.0386,0.264,0.363,31.1,23.0,67,22,300,3.6,9.1,4.4,2.4,4.0,3.7,5.4,3.8,4.3,3.7,3.5,7.8,2.5,4.5,62.7,0,0,0,0,0,0
38.1,37.6,38.6,34.5,34.0,35.0,40.2,38.8,41.6,19.5,23.6,15.4,0.463,5.46,0.153,5.02,4.79,6.34,0.132,3.61,2.49,0.0375,0.281,0.41,30.8,23.0,69,21,300,3.2,9.4,4.2,4.6,5.1,4.0,4.1,3.7,4.4,4.0,3.4,9.5,3.1,6.4,69.1,0,0,0,0,0,0
40.2,38.6,41.8,37.7,39.4,36.0,43.5,42.6,44.4,19.4,20.6,18.2,0.432,5.19,0.144,4.78,4.51,6.05,0.122,3.38,2.34,0.0381,0.204,0.372,38.2,29.0,92,33,400,42.9,10.2,3.8,6.6,5.6,5.7,6.3,4.6,5.4,4.7,5.0,11.6,3.7,7.1,123.0,0,0,0,0,0,0
42.5,43.8,41.2,39.4,38.4,40.4,41.2,39.4,43.0,20.1,18.8,21.4,0.433,5.39,0.146,4.94,4.64,6.32,0.12,3.57,2.44,0.0371,0.204,0.378,35.3,27.0,71,23,400,4.1,10.3,7.0,7.3,5.1,5.3,4.8,3.9,5.5,5.3,5.4,10.8,3.3,7.7,85.8,0,0,0,0,0,0
44.5,43.0,46.0,37.0,40.0,34.0,42.0,45.0,39.0,19.0,18.4,19.6,0.455,5.48,0.146,5.07,4.85,6.42,0.124,3.65,2.54,0.0374,0.215,0.379,34.4,26.0,75,25,400,4.0,9.8,5.6,7.0,6.1,5.9,4.7,6.5,4.6,5.8,6.7,11.6,3.8,6.9,89.0,0,0,0,0,0,0
42.7,45.0,40.4,39.4,42.0,36.8,44.2,43.6,44.8,19.5,19.4,19.6,0.453,5.66,0.151,5.15,4.99,6.67,0.129,3.75,2.61,0.0372,0.22,0.396,33.7,26.0,71,24,400,3.9,10.9,4.9,6.2,5.1,6.2,5.4,5.0,5.7,5.7,4.3,10.8,3.6,8.5,86.2,0,0,0,0,0,0
43.1,40.6,45.6,37.7,39.6,35.8,41.0,39.6,42.4,20.7,16.6,24.8,0.461,5.89,0.156,5.33,5.11,6.81,0.132,3.92,2.72,0.0381,0.225,0.409,33.2,26.0,71,23,400,3.8,12.8,5.3,5.0,6.0,5.5,6.9,5.4,6.2,4.7,7.3,12.6,4.4,6.2,92.1,0,0,0,0,0,0
43.7,44.0,43.4,38.5,39.6,37.4,41.8,45.0,38.6,19.1,18.8,19.4,0.488,5.93,0.16,5.45,5.29,7.09,0.139,3.96,2.84,0.0362,0.23,0.422,33.0,26.0,76,26,400,3.7,11.2,5.3,5.1,6.3,6.8,4.7,6.6,6.8,4.5,5.8,11.0,3.5,6.9,88.2,0,0,0,0,0,0
45.3,43.8,46.8,39.0,41.2,36.8,42.8,40.2,45.4,18.9,21.0,16.8,0.485,6.04,0.163,5.62,5.43,7.19,0.138,4.15,2.91,0.0371,0.233,0.431,32.8,25.0,75,23,400,4.0,12.0,5.2,6.0,5.3,6.6,5.6,6.9,4.7,4.9,6.2,11.0,3.2,6.7,88.3,0,0,0,0,0,0
41.7,42.0,41.4,38.3,36.2,40.4,43.0,43.2,42.8,19.5,18.2,20.8,0.474,6.32,0.156,5.79,5.51,7.44,0.135,4.25,2.97,0.0382,0.239,0.43,32.6,25.0,73,24,400,3.9,11.2,6.7,6.3,5.6,6.2,5.6,4.8,4.9,5.1,5.1,9.5,2.9,6.9,84.7,0,0,0,0,0,0
41.4,42.0,40.8,38.5,40.6,36.4,44.5,44.6,44.4,19.7,23.0,16.4,0.518,6.81,0.17,6.31,6.16,8.18,0.147,4.65,3.25,0.0382,0.256,0.481,32.6,25.0,72,24,400,4.2,11.0,4.1,6.2,5.0,5.1,5.3,5.8,6.6,4.8,5.6,10.5,2.9,8.2,85.3,0,0,0,0,0,0
47.2,46.8,47.6,30.6,33.4,27.8,52.2,50.4,54.0,19.1,18.2,20.0,0.162,2.1,0.0706,1.95,1.69,2.43,0.0465,1.3,0.939,0.0366,0.122,0.153,37.4,27.0,82,26,200,33.0,6.0,2.67,3.33,2.0,1.33,3.67,1.67,1.33,2.33,4.0,3.33,0.667,1.67,67.0,0,0,0,0,0,0
34.4,33.8,35.0,29.1,26.2,32.0,31.9,32.2,31.6,18.7,21.2,16.2,0.189,2.33,0.0797,2.09,1.9,2.63,0.0547,1.46,1.04,0.0376,0.127,0.164,33.3,24.0,70,21,200,12.7,5.7,3.4,2.7,4.0,3.8,2.0,2.5,2.9,3.1,2.8,5.6,2.2,3.4,56.8,0,0,0,0,0,0
34.3,35.6,33.0,30.1,29.6,30.6,33.0,33.4,32.6,19.2,21.2,17.2,0.183,2.42,0.0787,2.2,2.08,2.85,0.0564,1.53,1.11,0.0385,0.13,0.17,31.4,23.0,65,21,200,1.8,4.7,1.8,2.2,2.4,2.5,3.3,3.0,2.8,3.1,2.4,5.1,1.9,4.8,41.8,0,0,0,0,0,0
34.0,37.0,31.0,31.6,29.8,33.4,32.3,32.6,32.0,18.6,22.6,14.6,0.194,2.55,0.081,2.28,2.23,2.97,0.0561,1.67,1.21,0.0387,0.136,0.187,30.6,23.0,65,22,200,1.8,6.2,1.8,4.4,2.2,2.6,2.7,3.4,2.3,2.9,2.6,5.8,1.8,4.2,44.7,0,0,0,0,0,0
31.2,30.4,32.0,30.6,29.8,31.4,31.4,30.6,32.2,19.1,16.6,21.6,0.191,2.72,0.0782,2.42,2.39,3.18,0.0571,1.78,1.28,0.0379,0.141,0.189,30.2,23.0,64,22,200,1.6,5.6,2.6,3.1,2.5,1.9,2.5,3.5,3.2,3.1,2.6,5.4,1.5,3.7,42.8,0,0,0,0,0,0
34.0,34.2,33.8,32.2,31.4,33.0,34.9,32.8,37.0,19.7,22.4,17.0,0.201,2.95,0.0856,2.57,2.64,3.39,0.0613,1.88,1.37,0.0379,0.146,0.208,29.9,23.0,63,22,200,1.6,6.8,2.4,2.0,2.7,3.3,2.9,2.2,2.3,2.8,2.9,4.7,1.4,4.4,42.4,0,0,0,0,0,0
31.4,28.6,34.2,31.0,31.4,30.6,31.5,32.0,31.0,18.5,17.4,19.6,0.234,3.12,0.0907,2.74,2.82,3.57,0.0655,2.05,1.48,0.0385,0.152,0.222,29.8,23.0,66,23,200,1.8,4.9,3.1,3.5,2.9,2.4,2.6,2.6,3.1,3.2,3.1,7.9,3.5,3.9,48.5,0,0,0,0,0,0
34.7,33.4,36.0,29.9,32.0,27.8,33.5,34.2,32.8,19.3,21.0,17.6,0.248,3.35,0.0947,2.84,3.04,3.76,0.0726,2.15,1.55,0.0368,0.159,0.24,29.6,23.0,67,21,200,2.6,5.3,3.2,2.9,2.2,2.6,2.4,3.0,2.5,2.3,3.0,4.1,1.4,3.5,41.0,0,0,0,0,0,0
33.9,33.6,34.2,30.3,29.2,31.4,32.1,30.8,33.4,18.3,19.6,17.0,0.27,3.46,0.102,3.0,3.24,4.05,0.0811,2.25,1.65,0.0386,0.166,0.259,29.3,23.0,59,21,200,2.1,5.8,2.4,1.9,2.2,2.8,3.3,2.1,2.0,2.9,3.1,4.8,2.2,4.8,42.4,0,0,0,0,0,0
32.3,34.4,30.2,31.2,29.4,33.0,30.2,28.8,31.6,20.0,16.8,23.2,0.305,3.87,0.11,3.36,3.63,4.45,0.101,2.54,1.81,0.0388,0.177,0.286,29.0,22.0,60,20,200,1.4,4.9,2.8,2.8,2.5,3.2,3.6,2.9,2.6,2.3,3.7,6.3,2.6,3.6,45.2,0,0,0,0,0,0
39.6,37.0,42.2,34.9,33.6,36.2,39.0,39.2,38.8,18.5,18.6,18.4,0.296,3.85,0.11,3.14,3.57,4.37,0.101,2.41,1.71,0.039,0.179,0.271,39.7,30.0,100,31,300,27.7,8.1,3.0,3.9,3.9,5.4,4.0,4.4,3.9,3.7,4.9,9.3,3.2,4.7,90.1,0,0,0,0,0,0
39.9,37.8,42.0,36.0,38.0,34.0,37.6,38.4,36.8,19.1,19.8,18.4,0.315,4.05,0.115,3.37,3.76,4.51,0.104,2.54,1.79,0.0388,0.182,0.283,35.7,26.0,64,21,300,2.9,8.4,4.3,4.6,4.4,3.6,3.9,5.3,4.2,3.6,4.1,8.0,2.6,5.8,65.7,0,0,0,0,0,0
37.6,38.6,36.6,35.5,33.2,37.8,39.9,35.2,44.6,20.6,21.2,20.0,0.346,4.25,0.122,3.44,3.89,4.77,0.112,2.66,1.88,0.0379,0.256,0.299,33.9,25.0,66,22,300,3.7,8.3,4.9,2.4,4.4,5.6,4.0,4.4,3.9,5.1,3.7,7.5,2.6,5.9,66.4,0,0,0,0,0,0
38.8,38.2,39.4,34.9,35.2,34.6,38.1,38.8,37.4,18.2,14.8,21.6,0.328,4.37,0.115,3.57,4.09,4.82,0.107,2.75,1.94,0.037,0.26,0.288,33.0,25.0,66,23,300,3.5,8.3,4.1,4.5,3.8,3.7,4.1,3.3,4.5,5.0,4.1,8.0,2.7,5.4,65.0,0,0,0,0,0,0
37.5,38.4,36.6,36.6,34.6,38.6,36.5,36.4,36.6,21.3,23.6,19.0,0.343,4.53,0.12,3.74,4.22,5.05,0.111,2.89,2.01,0.0388,0.269,0.306,32.8,25.0,74,24,300,3.5,8.7,2.9,5.0,5.4,3.2,3.1,4.3,3.8,4.7,4.4,7.9,2.6,6.3,65.8,0,0,0,0,0,0
38.3,41.2,35.4,35.6,34.6,36.6,37.8,40.0,35.6,19.2,17.2,21.2,0.371,4.67,0.123,3.9,4.41,5.17,0.119,3.04,2.08,0.037,0.277,0.321,32.3,25.0,68,23,300,2.0,8.5,3.5,4.6,3.4,4.1,3.9,2.7,4.7,5.1,4.6,7.6,3.0,4.9,62.6,0,0,0,0,0,0
39.8,37.4,42.2,34.0,35.0,33.0,40.7,39.8,41.6,19.7,24.0,15.4,0.384,4.82,0.13,3.96,4.64,5.38,0.12,3.18,2.18,0.0379,0.282,0.336,32.0,24.0,68,23,300,3.5,7.8,3.7,3.4,4.6,3.6,3.1,4.4,4.9,5.0,4.8,8.7,3.4,5.3,66.2,0,0,0,0,0,0
41.2,40.0,42.4,36.9,35.4,38.4,37.6,39.6,35.6,19.2,17.2,21.2,0.406,5.06,0.134,4.11,4.81,5.65,0.115,3.25,2.24,0.0376,0.286,0.347,31.8,24.0,69,24,300,3.6,8.1,4.9,3.6,4.0,3.2,3.9,4.2,3.5,4.2,5.1,9.4,3.2,5.4,66.3,0,0,0,0,0,0
38.3,38.4,38.2,32.0,29.2,34.8,37.9,39.4,36.4,20.2,22.0,18.4,0.459,5.58,0.147,4.6,5.32,6.27,0.127,3.68,2.49,0.0366,0.308,0.397,31.6,24.0,69,22,300,3.5,7.1,4.2,4.1,3.8,4.7,4.6,4.2,3.8,4.4,4.4,9.8,2.7,4.9,66.2,0,0,0,0,0,0
41.8,41.2,42.4,39.0,39.4,38.6,44.2,45.4,43.0,20.6,18.6,22.6,0.431,5.43,0.139,4.48,4.89,5.98,0.118,3.36,2.34,0.0373,0.292,0.358,35.3,28.0,85,30,400,42.1,10.4,4.6,5.9,5.0,4.4,3.9,6.0,4.8,4.9,5.8,11.4,4.1,8.0,121.0,0,0,0,0,0,0
41.5,39.4,43.6,37.8,34.6,41.0,41.6,40.0,43.2,19.7,21.0,18.4,0.43,5.47,0.142,4.68,5.04,6.14,0.12,3.49,2.44,0.0373,0.229,0.375,33.1,26.0,71,22,400,4.9,11.7,5.9,6.1,6.8,4.3,5.6,4.8,4.3,6.0,5.5,11.1,3.3,7.1,87.4,0,0,0,0,0,0
42.3,42.2,42.4,39.2,41.2,37.2,42.7,41.8,43.6,20.1,21.2,19.0,0.455,5.7,0.149,4.84,5.07,6.37,0.128,3.62,2.53,0.0373,0.233,0.392,32.4,25.0,73,23,400,4.0,11.8,5.5,5.4,4.2,6.2,5.7,4.7,5.6,4.8,5.4,10.2,3.8,7.4,84.7,0,0,0,0,0,0
42.0,43.6,40.4,38.3,36.0,40.6,41.8,42.6,41.0,21.2,24.0,18.4,0.477,5.83,0.153,5.05,5.14,6.62,0.14,3.72,2.6,0.0383,0.236,0.401,32.1,25.0,72,23,400,3.2,11.8,6.2,5.8,4.1,5.0,5.7,5.8,5.4,6.0,6.5,11.7,4.6,8.0,89.8,0,0,0,0,0,0
42.3,44.0,40.6,37.6,38.2,37.0,42.9,41.6,44.2,20.3,19.8,20.8,0.482,5.92,0.154,5.29,5.2,6.74,0.142,3.91,2.69,0.0372,0.24,0.417,31.8,25.0,73,23,400,3.2,11.0,5.3,6.2,6.2,5.0,6.4,5.3,4.9,5.4,5.7,11.4,4.0,7.6,87.6,0,0,0,0,0,0
41.6,38.8,44.4,39.3,42.2,36.4,44.6,46.0,43.2,21.5,24.4,18.6,0.495,6.06,0.16,5.51,5.29,6.97,0.148,3.97,2.77,0.0364,0.242,0.433,31.8,25.0,77,25,400,3.9,10.7,5.0,4.5,6.5,4.9,5.5,5.5,5.8,7.2,6.2,11.3,4.6,6.4,88.0,0,0,0,0,0,0
42.6,43.8,41.4,36.6,36.2,37.0,43.9,44.4,43.4,19.4,22.0,16.8,0.51,6.14,0.166,5.73,5.3,7.1,0.152,4.08,2.83,0.0374,0.245,0.436,31.9,25.0,81,24,400,3.8,11.6,4.7,5.6,4.6,4.4,6.1,6.3,5.8,4.3,6.2,12.7,4.3,8.2,88.6,0,0,0,0,0,0
41.2,41.2,41.2,36.3,36.4,36.2,43.4,41.6,45.2,21.0,22.4,19.6,0.537,6.34,0.172,5.88,5.4,7.3,0.157,4.27,2.94,0.0372,0.252,0.458,31.8,24.0,71,23,400,3.2,11.0,6.2,5.5,4.3,4.7,5.2,5.8,5.0,5.7,5.9,10.6,3.6,8.2,84.9,0,0,0,0,0,0
40.8,39.4,42.2,36.8,34.6,39.0,42.2,40.8,43.6,19.2,22.0,16.4,0.592,6.91,0.186,6.5,6.01,8.1,0.17,4.61,3.21,0.0374,0.27,0.501,31.8,25.0,71,25,400,3.1,11.8,5.5,3.2,6.0,5.3,5.3,5.9,6.1,4.8,5.8,10.3,3.8,8.0,84.9,0,0,0,0,0,0
48.0,48.0,48.0,28.2,27.8,28.6,55.4,55.2,55.6,19.1,17.2,21.0,0.158,2.2,0.0685,1.57,2.01,2.41,0.0451,1.24,0.91,0.0368,0.123,0.152,41.6,35.0,87,35,200,36.0,5.67,1.0,3.0,3.33,1.0,3.0,1.33,3.0,2.67,4.0,4.33,1.33,5.0,74.7,0,0,0,0,0,0
33.3,33.6,33.0,29.9,29.2,30.6,33.2,33.6,32.8,20.0,18.8,21.2,0.161,2.37,0.0731,1.77,2.1,2.56,0.049,1.36,0.97,0.0369,0.126,0.157,35.1,28.0,62,21,200,11.6,5.4,3.0,2.7,2.7,3.4,3.1,2.0,3.4,2.4,2.8,6.5,2.6,5.1,56.7,0,0,0,0,0,0
32.6,33.2,32.0,31.0,31.0,31.0,32.1,32.8,31.4,19.1,19.2,19.0,0.173,2.48,0.0766,1.98,2.25,2.77,0.0515,1.51,1.08,0.037,0.131,0.171,32.5,26.0,62,20,200,2.2,5.4,2.3,1.7,3.6,2.8,3.0,2.0,2.6,2.9,3.3,5.0,1.0,3.8,41.6,0,0,0,0,0,0
31.6,35.8,27.4,32.2,31.8,32.6,32.8,31.8,33.8,20.2,21.6,18.8,0.187,2.65,0.0795,2.14,2.44,2.97,0.0582,1.65,1.14,0.0371,0.137,0.181,31.2,25.0,67,21,200,2.0,5.7,2.4,2.6,2.9,3.5,2.7,2.7,2.5,2.2,3.6,5.6,1.9,3.6,43.9,0,0,0,0,0,0
32.8,35.4,30.2,30.5,31.8,29.2,33.0,33.8,32.2,18.9,21.0,16.8,0.2,2.83,0.0819,2.33,2.55,3.16,0.0603,1.73,1.23,0.0362,0.144,0.197,30.2,24.0,57,21,200,1.3,4.9,2.9,2.3,3.3,2.4,2.3,3.6,2.5,2.6,3.5,5.4,1.9,3.4,42.3,0,0,0,0,0,0
32.6,33.2,32.0,31.2,30.0,32.4,36.2,36.4,36.0,19.2,18.0,20.4,0.212,3.0,0.0832,2.52,2.71,3.38,0.0618,1.87,1.32,0.038,0.15,0.204,29.7,23.0,65,21,200,2.0,5.9,2.4,1.4,3.2,2.0,3.9,3.0,2.4,3.2,2.8,4.7,1.0,3.3,41.2,0,0,0,0,0,0
30.5,31.6,29.4,30.4,32.4,28.4,33.8,32.8,34.8,18.0,17.8,18.2,0.217,3.18,0.0878,2.67,2.8,3.48,0.0648,2.0,1.39,0.0361,0.155,0.217,29.3,23.0,67,20,200,2.3,6.1,2.9,2.7,2.9,3.2,2.5,2.0,2.1,2.8,3.0,5.4,2.1,3.3,43.3,0,0,0,0,0,0
30.8,27.8,33.8,30.4,31.4,29.4,32.0,30.0,34.0,20.1,21.4,18.8,0.231,3.36,0.0927,2.92,2.93,3.75,0.0703,2.1,1.49,0.0361,0.161,0.23,29.0,22.0,65,20,200,1.7,4.7,2.9,2.8,2.6,3.1,2.3,3.0,2.6,2.3,2.7,5.4,1.8,4.1,42.0,0,0,0,0,0,0
33.1,35.0,31.2,31.8,32.2,31.4,34.1,34.8,33.4,19.7,16.6,22.8,0.252,3.48,0.0969,3.11,3.09,3.95,0.073,2.25,1.58,0.0361,0.168,0.246,28.7,22.0,65,21,200,1.1,6.0,3.3,3.3,3.2,3.0,3.2,3.1,2.3,2.3,2.5,4.2,1.2,3.6,42.3,0,0,0,0,0,0
33.9,32.4,35.4,30.3,32.6,28.0,33.5,37.0,30.0,18.1,16.6,19.6,0.277,3.91,0.107,3.48,3.42,4.41,0.0806,2.51,1.75,0.0372,0.18,0.274,29.0,22.0,73,22,200,2.1,4.6,2.8,2.4,3.3,2.0,2.3,3.1,3.8,3.2,2.8,6.3,2.6,3.6,44.9,0,0,0,0,0,0
40.1,42.6,37.6,35.4,32.4,38.4,37.3,36.8,37.8,19.1,15.8,22.4,0.285,3.82,0.103,3.36,3.37,4.22,0.0804,2.41,1.67,0.0373,0.173,0.258,39.0,30.0,95,29,300,28.0,8.8,3.7,3.2,4.4,4.1,4.0,4.2,3.5,4.9,3.9,7.8,2.5,6.4,89.4,0,0,0,0,0,0
38.0,40.2,35.8,32.6,35.2,30.0,37.5,40.0,35.0,19.7,22.6,16.8,0.296,4.09,0.109,3.46,3.58,4.49,0.0838,2.55,1.76,0.0363,0.181,0.269,35.7,27.0,70,22,300,3.9,7.4,4.4,4.2,4.7,4.1,4.1,4.2,4.2,4.2,5.2,9.5,3.4,5.3,68.8,0,0,0,0,0,0
38.5,35.6,41.4,34.5,34.2,34.8,37.6,37.8,37.4,19.2,20.4,18.0,0.332,4.23,0.119,3.63,3.8,4.76,0.0937,2.69,1.88,0.038,0.269,0.284,34.5,26.0,72,24,300,3.4,7.9,4.3,3.8,3.7,4.5,4.3,5.8,4.1,4.3,3.8,8.1,3.3,5.8,67.1,0,0,0,0,0,0
40.5,38.8,42.2,33.0,35.2,30.8,38.2,40.8,35.6,18.3,22.2,14.4,0.361,4.33,0.124,3.72,4.01,4.95,0.101,2.84,1.98,0.0363,0.272,0.302,33.7,25.0,75,23,300,2.4,7.9,3.6,4.4,5.2,4.8,4.1,3.8,4.1,5.7,3.1,9.0,2.8,5.2,66.1,0,0,0,0,0,0
39.3,38.6,40.0,33.7,31.6,35.8,39.5,38.0,41.0,20.1,19.8,20.4,0.382,4.47,0.129,3.76,4.14,5.15,0.101,2.93,2.07,0.0383,0.277,0.31,33.3,25.0,75,22,300,2.2,7.8,4.5,4.2,4.8,5.1,4.3,3.4,4.5,3.4,3.5,9.3,3.7,5.9,66.6,0,0,0,0,0,0
39.4,36.2,42.6,32.0,34.6,29.4,38.1,37.0,39.2,18.8,18.2,19.4,0.392,4.7,0.134,3.95,4.33,5.43,0.108,3.0,2.12,0.0371,0.282,0.322,33.0,25.0,73,23,300,3.5,9.0,3.9,4.1,4.3,3.4,3.0,3.2,4.1,3.7,4.5,7.4,2.2,7.7,64.0,0,0,0,0,0,0
37.3,39.0,35.6,37.3,34.8,39.8,38.1,37.0,39.2,19.6,15.8,23.4,0.386,4.76,0.135,3.97,4.59,5.53,0.107,3.08,2.23,0.0371,0.281,0.336,32.4,24.0,68,21,300,2.5,8.4,4.1,3.2,4.8,4.6,4.2,3.9,3.6,4.0,3.9,8.1,2.1,5.1,62.5,0,0,0,0,0,0
37.2,38.0,36.4,33.1,32.0,34.2,36.3,36.0,36.6,19.2,16.2,22.2,0.39,4.92,0.136,4.12,4.73,5.69,0.11,3.24,2.27,0.0361,0.286,0.344,32.3,24.0,74,23,300,4.0,7.7,4.2,4.4,4.3,3.4,4.2,4.3,4.0,4.5,3.9,9.1,3.0,5.6,66.6,0,0,0,0,0,0
40.2,38.0,42.4,35.6,33.8,37.4,38.6,40.4,36.8,20.6,20.8,20.4,0.442,5.34,0.148,4.54,5.28,6.43,0.121,3.65,2.56,0.037,0.302,0.391,32.2,24.0,79,23,300,2.3,8.6,3.5,4.7,3.4,4.7,5.7,3.3,4.3,4.7,4.6,8.5,3.2,5.0,66.5,0,0,0,0,0,0
40.9,37.4,44.4,38.9,38.0,39.8,46.3,47.2,45.4,19.6,19.6,19.6,0.412,5.16,0.139,4.53,4.84,5.95,0.114,3.46,2.35,0.0376,0.204,0.363,40.1,29.0,110,32,400,43.7,11.3,5.0,4.9,4.7,6.2,5.0,4.0,5.5,5.8,5.0,10.0,3.9,5.4,120.0,0,0,0,0,0,0
42.8,42.2,43.4,37.3,34.6,40.0,43.6,42.0,45.2,19.1,21.2,17.0,0.433,5.46,0.146,4.71,4.96,6.15,0.116,3.54,2.45,0.0375,0.21,0.366,37.2,28.0,77,25,400,3.7,10.3,5.8,4.9,5.3,6.6,5.5,4.6,4.8,5.0,5.6,11.3,3.8,8.9,86.1,0,0,0,0,0,0
41.1,39.4,42.8,41.1,39.4,42.8,45.5,46.6,44.4,19.3,21.2,17.4,0.45,5.58,0.151,4.96,4.98,6.4,0.126,3.63,2.52,0.0375,0.213,0.389,35.4,26.0,72,22,400,3.3,10.7,5.1,3.9,6.7,6.4,5.7,5.5,6.1,5.9,5.7,12.7,4.6,7.2,89.5,0,0,0,0,0,0
40.3,41.6,39.0,40.5,38.2,42.8,44.0,44.0,44.0,19.6,23.0,16.2,0.452,5.63,0.153,5.16,4.99,6.56,0.126,3.73,2.62,0.0374,0.224,0.401,34.7,26.0,74,24,400,3.7,11.8,6.4,5.2,5.2,5.6,5.3,4.8,3.9,6.6,5.6,12.0,3.6,7.6,87.3,0,0,0,0,0,0
44.0,42.2,45.8,40.5,42.8,38.2,43.5,43.4,43.6,19.2,21.0,17.4,0.483,5.8,0.161,5.39,5.14,6.74,0.138,3.93,2.74,0.0376,0.23,0.415,34.1,26.0,69,24,400,4.1,11.5,4.7,5.7,6.5,4.2,5.5,5.1,4.7,6.1,5.3,10.7,4.5,7.9,86.5,0,0,0,0,0,0
42.3,40.2,44.4,38.1,37.0,39.2,43.8,45.0,42.6,18.9,16.4,21.4,0.51,5.89,0.168,5.62,5.14,6.89,0.14,4.03,2.83,0.0369,0.235,0.432,33.4,25.0,75,23,400,3.1,11.6,7.0,4.5,5.6,5.5,5.5,6.4,5.7,4.6,5.6,11.9,4.2,6.7,87.9,0,0,0,0,0,0
43.5,43.6,43.4,36.9,37.2,36.6,44.4,41.8,47.0,19.5,18.2,20.8,0.534,6.09,0.171,5.89,5.14,7.22,0.146,4.14,2.91,0.0379,0.243,0.44,33.3,25.0,79,24,400,3.2,10.6,5.0,4.4,5.7,5.9,6.5,6.0,4.9,6.1,6.3,10.9,3.5,7.0,86.0,0,0,0,0,0,0
44.2,45.8,42.6,38.0,40.2,35.8,43.3,40.6,46.0,19.2,17.8,20.6,0.51,6.17,0.172,6.14,5.2,7.29,0.147,4.21,2.96,0.038,0.246,0.449,32.9,25.0,73,22,400,3.0,11.1,6.4,5.7,8.3,5.4,4.5,4.8,5.3,5.1,5.9,10.8,3.5,6.5,86.3,0,0,0,0,0,0
40.5,38.8,42.2,39.8,41.0,38.6,46.4,45.4,47.4,19.2,16.4,22.0,0.561,6.72,0.183,6.67,5.77,8.04,0.159,4.68,3.25,0.0392,0.261,0.495,32.8,25.0,78,24,400,3.7,11.3,5.8,6.8,4.4,4.9,5.0,4.6,6.0,6.1,6.4,11.1,3.0,7.2,86.3,0,0,0,0,0,0
46.3,45.6,47.0,28.9,31.6,26.2,52.9,52.4,53.4,19.2,18.6,19.8,0.168,2.23,0.0753,1.95,1.7,2.46,0.0505,1.25,0.929,0.0371,0.122,0.158,43.2,32.0,94,31,200,35.0,4.33,3.0,1.0,1.67,3.67,4.0,2.67,3.33,2.33,3.33,7.33,2.67,3.0,77.3,0,0,0,0,0,0
31.9,33.4,30.4,29.3,27.0,31.6,36.8,37.2,36.4,20.3,17.2,23.4,0.182,2.39,0.0815,2.13,1.83,2.68,0.0562,1.41,0.993,0.0384,0.127,0.169,35.7,26.0,65,21,200,12.6,6.2,2.0,3.0,3.1,3.1,3.2,3.1,2.8,3.1,2.6,8.2,2.9,3.5,59.4,0,0,0,0,0,0
32.8,33.8,31.8,28.5,27.0,30.0,34.0,34.0,34.0,19.0,20.6,17.4,0.201,2.56,0.0847,2.27,2.08,2.9,0.0591,1.55,1.06,0.0385,0.136,0.184,33.6,24.0,71,21,200,1.9,6.0,3.4,2.9,3.0,3.1,2.0,2.3,2.9,2.1,2.4,6.4,2.2,4.7,45.3,0,0,0,0,0,0
31.6,30.8,32.4,29.1,28.8,29.4,31.9,32.2,31.6,21.5,21.6,21.4,0.212,2.72,0.0865,2.47,2.24,3.13,0.0614,1.69,1.18,0.0365,0.14,0.202,32.0,24.0,65,19,200,2.3,5.5,2.7,3.1,2.6,2.8,2.9,3.9,3.4,2.8,2.3,6.8,2.0,3.3,46.4,0,0,0,0,0,0
33.9,32.8,35.0,31.7,32.4,31.0,33.3,30.4,36.2,20.8,23.0,18.6,0.213,2.91,0.0877,2.63,2.41,3.31,0.0611,1.81,1.24,0.0384,0.145,0.21,31.1,23.0,62,20,200,0.8,3.9,3.1,2.5,3.5,2.5,2.9,3.1,3.1,2.6,3.3,5.8,1.1,4.2,42.4,0,0,0,0,0,0
33.0,34.6,31.4,30.3,30.4,30.2,33.7,33.2,34.2,18.9,16.0,21.8,0.233,3.03,0.0937,2.75,2.62,3.49,0.0676,1.91,1.35,0.0366,0.153,0.225,30.5,23.0,65,21,200,2.0,6.6,2.6,2.9,2.5,3.3,2.4,2.3,2.5,2.5,2.5,5.1,2.0,4.1,43.3,0,0,0,0,0,0
31.8,35.8,27.8,29.3,26.2,32.4,33.7,36.4,31.0,18.8,16.8,20.8,0.249,3.3,0.0965,2.95,2.77,3.67,0.0706,2.12,1.45,0.0384,0.16,0.235,30.0,22.0,59,22,200,2.0,5.6,1.9,2.0,3.1,3.5,3.6,2.1,2.8,2.3,4.3,5.1,1.3,4.2,43.8,0,0,0,0,0,0
32.2,31.8,32.6,29.7,27.0,32.4,31.5,35.4,27.6,20.2,21.8,18.6,0.247,3.44,0.0968,3.11,2.96,3.86,0.0703,2.2,1.55,0.0377,0.162,0.248,29.8,22.0,62,22,200,2.5,7.1,2.5,2.9,2.6,1.6,3.4,2.6,2.6,2.6,2.0,4.2,1.4,3.9,41.9,0,0,0,0,0,0
32.4,30.2,34.6,30.6,29.8,31.4,34.1,34.8,33.4,18.1,14.6,21.6,0.259,3.63,0.101,3.26,3.11,4.07,0.0744,2.32,1.67,0.0367,0.171,0.262,29.6,22.0,70,21,200,2.4,5.3,1.8,3.1,2.1,3.3,3.3,2.6,2.4,3.3,3.3,5.3,1.7,4.6,44.5,0,0,0,0,0,0
32.0,30.6,33.4,32.3,34.2,30.4,32.9,31.0,34.8,18.0,20.6,15.4,0.29,3.95,0.107,3.61,3.47,4.49,0.0815,2.59,1.84,0.0386,0.183,0.291,29.2,22.0,65,19,200,1.6,6.0,2.2,2.2,3.2,2.6,3.0,3.2,2.6,2.3,3.7,5.8,1.9,3.8,44.1,0,0,0,0,0,0
38.9,39.4,38.4,34.3,35.0,33.6,37.2,34.4,40.0,18.9,20.2,17.6,0.263,3.89,0.1,3.45,3.32,4.17,0.0714,2.46,1.76,0.0365,0.171,0.265,37.6,28.0,91,28,300,26.5,9.1,4.3,3.0,3.7,4.4,4.5,4.4,4.1,4.7,5.0,8.2,2.9,6.6,91.4,0,0,0,0,0,0
36.9,35.0,38.8,33.7,31.6,35.8,36.8,37.8,35.8,19.1,21.6,16.6,0.266,3.97,0.101,3.55,3.44,4.36,0.0738,2.56,1.83,0.0366,0.177,0.273,34.3,26.0,71,20,300,2.4,9.4,4.9,3.7,3.6,5.0,3.4,4.4,4.0,3.4,4.0,7.6,2.1,5.7,63.6,0,0,0,0,0,0
36.8,34.8,38.8,34.2,33.4,35.0,38.9,38.8,39.0,19.5,18.8,20.2,0.273,4.08,0.103,3.71,3.59,4.55,0.0759,2.7,1.96,0.0377,0.248,0.291,32.7,24.0,66,21,300,2.3,8.5,3.6,3.9,3.6,4.4,3.9,4.4,4.0,4.5,4.2,7.9,2.1,5.9,63.2,0,0,0,0,0,0
38.8,38.2,39.4,32.8,30.6,35.0,38.3,37.0,39.6,18.6,14.8,22.4,0.31,4.31,0.108,3.81,3.68,4.69,0.0839,2.76,2.0,0.0376,0.255,0.297,32.0,24.0,73,22,300,3.0,8.0,4.8,3.2,3.6,4.1,3.9,4.4,4.6,3.9,4.6,8.9,3.3,5.1,65.4,0,0,0,0,0,0
38.3,38.4,38.2,33.4,33.4,33.4,36.4,35.0,37.8,21.0,19.6,22.4,0.314,4.34,0.113,4.04,3.84,4.99,0.0861,2.92,2.04,0.0378,0.255,0.311,31.4,24.0,67,22,300,2.4,9.3,3.5,4.0,5.0,3.5,4.3,4.8,4.4,2.5,4.6,7.3,2.5,6.8,64.9,0,0,0,0,0,0
36.7,34.0,39.4,34.6,33.6,35.6,38.3,35.8,40.8,20.2,19.0,21.4,0.336,4.45,0.12,4.09,3.98,5.11,0.0929,3.02,2.13,0.0377,0.261,0.322,30.9,24.0,66,22,300,3.1,9.4,5.1,3.6,4.4,4.2,4.1,3.6,3.9,4.3,4.1,8.1,2.8,3.9,64.6,0,0,0,0,0,0
39.2,39.6,38.8,35.1,36.0,34.2,39.7,38.8,40.6,19.3,17.0,21.6,0.347,4.61,0.124,4.24,4.13,5.36,0.0958,3.19,2.21,0.0388,0.266,0.344,31.2,24.0,81,24,300,3.3,9.6,3.6,4.3,4.3,3.2,5.6,4.8,3.5,3.7,4.1,9.4,2.7,4.6,66.7,0,0,0,0,0,0
37.2,36.0,38.4,34.9,34.2,35.6,37.7,37.4,38.0,20.5,23.4,17.6,0.357,4.8,0.129,4.47,4.3,5.49,0.1,3.26,2.26,0.0369,0.272,0.348,31.1,24.0,65,24,300,3.0,8.0,5.1,3.1,4.4,2.8,4.4,4.2,3.3,4.8,4.5,7.8,2.3,6.8,64.5,0,0,0,0,0,0
37.8,38.6,37.0,34.8,32.6,37.0,38.8,40.4,37.2,18.9,21.8,16.0,0.406,5.3,0.138,4.91,4.74,6.14,0.111,3.62,2.52,0.0379,0.289,0.386,30.9,24.0,68,24,300,1.6,8.5,3.5,4.3,4.7,3.7,3.7,3.7,3.5,3.9,5.2,8.5,3.1,6.4,64.3,0,0,0,0,0,0
41.2,39.8,42.6,38.5,38.8,38.2,43.6,41.8,45.4,19.1,18.0,20.2,0.368,5.2,0.127,4.79,4.45,5.89,0.104,3.45,2.39,0.0379,0.205,0.354,35.6,27.0,85,28,400,42.3,10.3,6.2,5.3,5.2,3.8,5.2,5.8,5.1,5.7,5.4,11.4,2.7,7.3,122.0,0,0,0,0,0,0
43.0,44.6,41.4,41.2,39.4,43.0,46.6,44.8,48.4,21.1,21.2,21.0,0.402,5.39,0.134,5.08,4.61,6.07,0.11,3.62,2.48,0.0388,0.213,0.368,34.1,26.0,77,24,400,4.1,11.5,4.8,5.1,5.3,6.7,7.0,5.5,4.9,6.0,5.7,12.5,4.3,7.3,90.7,0,0,0,0,0,0
47.6,46.6,48.6,39.9,40.4,39.4,42.6,44.6,40.6,20.1,17.8,22.4,0.433,5.56,0.143,5.14,4.79,6.38,0.137,3.7,2.66,0.0379,0.22,0.394,33.5,26.0,80,24,400,4.3,10.7,6.7,5.1,6.2,5.8,5.1,6.9,5.8,4.7,5.0,12.5,4.2,8.0,91.0,0,0,0,0,0,0
42.8,44.8,40.8,40.3,38.0,42.6,43.6,43.4,43.8,19.1,21.8,16.4,0.447,5.8,0.144,5.3,5.04,6.6,0.14,3.89,2.71,0.0369,0.226,0.409,33.0,26.0,74,24,400,4.3,10.3,5.9,5.2,6.4,5.3,5.5,6.8,5.4,5.4,5.2,13.3,4.3,6.7,90.0,0,0,0,0,0,0
41.0,43.6,38.4,37.9,39.2,36.6,42.4,41.6,43.2,19.2,16.2,22.2,0.491,6.04,0.151,5.5,5.16,6.73,0.145,3.99,2.77,0.0387,0.227,0.414,33.0,26.0,78,25,400,5.1,11.6,5.4,4.5,6.1,5.7,5.0,6.4,5.9,5.8,4.8,12.0,4.1,7.7,90.1,0,0,0,0,0,0
42.0,44.8,39.2,36.6,35.2,38.0,42.9,45.2,40.6,20.4,21.8,19.0,0.501,6.09,0.155,5.54,5.29,7.0,0.148,4.09,2.83,0.0369,0.236,0.422,32.9,25.0,76,24,400,3.1,10.7,5.9,5.7,5.4,5.1,5.6,6.1,5.7,5.9,4.5,10.7,3.5,7.7,85.6,0,0,0,0,0,0
41.9,45.4,38.4,36.0,36.0,36.0,42.8,44.8,40.8,19.5,17.2,21.8,0.505,6.24,0.16,5.74,5.33,7.23,0.151,4.2,2.9,0.0377,0.242,0.433,32.7,25.0,70,24,400,3.9,10.3,4.9,4.9,5.8,5.1,6.9,5.9,4.8,6.8,5.9,10.4,3.7,6.5,85.8,0,0,0,0,0,0
44.8,42.6,47.0,36.1,35.6,36.6,45.1,43.2,47.0,20.5,20.6,20.4,0.531,6.48,0.169,5.92,5.66,7.45,0.161,4.37,2.95,0.0369,0.246,0.45,32.8,25.0,77,25,400,3.5,9.8,6.5,5.2,6.9,5.3,5.8,4.8,5.6,5.5,5.9,13.2,3.8,7.0,88.8,0,0,0,0,0,0
43.5,43.2,43.8,39.1,39.0,39.2,43.2,42.0,44.4,19.5,19.0,20.0,0.6,7.07,0.186,6.47,6.27,8.17,0.177,4.74,3.28,0.038,0.269,0.511,32.7,25.0,74,24,400,4.1,10.7,5.5,3.7,6.3,4.4,6.3,5.6,5.7,5.9,5.6,13.3,4.6,8.6,90.3,0,0,0,0,0,0
42.9,43.0,42.8,29.0,28.2,29.8,49.8,49.4,50.2,20.0,19.8,20.2,0.134,2.11,0.0684,1.74,1.82,2.32,0.0431,1.27,0.951,0.0377,0.112,0.147,39.9,29.0,83,28,200,40.0,8.0,3.67,3.33,3.0,2.33,3.67,1.67,2.0,4.0,3.67,6.67,2.33,3.33,87.7,0,0,0,0,0,0
30.6,29.8,31.4,30.2,32.8,27.6,33.2,30.8,35.6,18.1,21.0,15.2,0.159,2.23,0.0732,1.96,1.92,2.57,0.0488,1.4,1.01,0.0386,0.114,0.166,34.1,24.0,74,19,200,10.7,5.9,2.7,3.8,3.2,3.0,2.1,3.0,3.3,2.7,2.7,6.2,1.6,2.9,53.8,0,0,0,0,0,0
31.1,28.6,33.6,30.3,29.2,31.4,31.7,30.4,33.0,18.3,22.2,14.4,0.153,2.36,0.0735,2.09,2.05,2.74,0.0508,1.53,1.13,0.0374,0.122,0.177,31.4,23.0,61,19,200,2.1,6.2,1.7,3.5,3.0,3.0,2.9,3.4,2.4,2.1,1.7,5.9,1.1,4.2,43.2,0,0,0,0,0,0
32.8,31.8,33.8,30.4,30.4,30.4,31.7,30.8,32.6,18.9,19.6,18.2,0.17,2.57,0.079,2.28,2.18,2.89,0.054,1.69,1.23,0.0387,0.126,0.191,30.4,22.0,66,20,200,1.8,5.8,3.0,2.4,2.8,2.5,2.9,2.9,2.6,3.1,3.1,5.3,2.0,4.4,44.6,0,0,0,0,0,0
30.1,32.0,28.2,28.9,30.2,27.6,31.6,33.2,30.0,18.5,19.4,17.6,0.187,2.69,0.0823,2.49,2.33,3.11,0.0599,1.8,1.29,0.0376,0.13,0.208,29.8,22.0,71,19,200,2.5,6.0,2.7,2.4,2.1,2.3,1.7,2.8,3.0,2.3,3.7,5.4,2.1,3.9,42.9,0,0,0,0,0,0
33.7,34.4,33.0,29.6,30.0,29.2,31.4,30.8,32.0,18.3,15.6,21.0,0.2,2.87,0.0874,2.66,2.52,3.38,0.0651,1.96,1.38,0.0383,0.137,0.222,29.4,21.0,65,20,200,1.5,5.9,1.7,2.8,3.0,2.7,2.6,2.7,2.4,3.1,2.6,6.1,1.4,2.7,41.2,0,0,0,0,0,0
34.2,34.0,34.4,30.5,28.8,32.2,34.1,35.6,32.6,18.6,15.6,21.6,0.223,3.05,0.0898,2.85,2.67,3.53,0.0681,2.1,1.44,0.0385,0.142,0.232,29.2,21.0,66,21,200,1.5,5.9,2.3,1.2,3.6,2.7,3.5,2.5,3.2,3.3,4.2,7.6,2.5,4.4,48.4,0,0,0,0,0,0
31.6,27.8,35.4,28.8,30.4,27.2,32.2,33.2,31.2,18.6,13.8,23.4,0.238,3.27,0.0949,3.06,2.78,3.76,0.0705,2.19,1.55,0.0367,0.15,0.248,29.0,21.0,63,20,200,2.2,4.6,2.8,4.1,2.2,2.8,2.8,3.1,2.1,3.0,3.1,6.5,1.7,3.0,44.0,0,0,0,0,0,0
32.1,29.2,35.0,29.4,30.8,28.0,32.9,34.2,31.6,19.6,22.0,17.2,0.25,3.43,0.097,3.24,3.0,3.95,0.0763,2.32,1.6,0.0388,0.153,0.264,28.8,21.0,66,21,200,1.5,5.7,2.3,3.2,2.9,2.5,2.7,2.5,2.2,3.3,2.8,6.5,1.5,3.7,43.3,0,0,0,0,0,0
33.4,33.0,33.8,33.1,30.4,35.8,33.0,33.6,32.4,19.0,17.2,20.8,0.286,3.77,0.104,3.62,3.29,4.33,0.0815,2.61,1.78,0.0388,0.165,0.291,28.6,21.0,61,19,200,1.6,5.9,2.1,3.1,3.2,3.4,2.1,2.6,3.1,3.0,3.3,6.2,2.0,3.3,44.9,0,0,0,0,0,0
36.2,38.8,33.6,33.3,34.4,32.2,37.7,35.8,39.6,18.8,22.0,15.6,0.287,3.82,0.103,3.56,3.16,4.13,0.0843,2.54,1.72,0.037,0.161,0.284,36.1,27.0,89,26,300,24.7,8.7,5.1,3.5,4.9,4.1,3.4,5.8,3.1,5.0,3.7,7.9,2.8,5.7,88.4,0,0,0,0,0,0
36.2,33.2,39.2,34.5,35.0,34.0,37.6,36.6,38.6,19.3,18.2,20.4,0.296,3.94,0.106,3.78,3.24,4.31,0.0821,2.65,1.83,0.0378,0.254,0.284,33.5,25.0,66,20,300,3.1,10.4,4.1,3.3,4.4,4.0,4.2,4.1,4.2,3.3,4.0,7.3,2.9,5.6,64.9,0,0,0,0,0,0
36.4,38.4,34.4,32.8,31.0,34.6,38.4,37.6,39.2,19.1,18.6,19.6,0.318,4.04,0.113,3.91,3.45,4.54,0.0876,2.74,1.92,0.0377,0.26,0.303,32.3,24.0,70,23,300,3.2,7.8,4.5,3.7,4.5,3.6,5.2,3.8,3.4,3.5,4.2,9.5,2.9,5.9,65.7,0,0,0,0,0,0
37.4,36.8,38.0,34.6,36.0,33.2,39.6,38.2,41.0,19.2,20.8,17.6,0.318,4.26,0.111,4.09,3.53,4.66,0.0894,2.87,2.02,0.0378,0.262,0.311,31.8,24.0,69,22,300,3.3,8.0,3.0,3.6,5.1,4.9,4.6,3.5,4.6,4.8,4.9,8.9,2.3,5.6,67.1,0,0,0,0,0,0
36.9,36.8,37.0,35.4,33.0,37.8,37.0,35.0,39.0,20.6,22.8,18.4,0.315,4.35,0.112,4.18,3.62,4.83,0.088,2.97,2.09,0.0378,0.263,0.319,31.3,23.0,69,21,300,3.4,7.8,5.3,4.1,4.7,4.0,4.8,4.1,3.8,3.8,2.9,8.6,2.3,5.3,64.9,0,0,0,0,0,0
38.2,37.0,39.4,33.1,33.6,32.6,37.6,38.6,36.6,18.8,20.8,16.8,0.335,4.56,0.121,4.38,3.75,5.0,0.0965,3.12,2.21,0.0366,0.271,0.334,30.9,23.0,69,22,300,2.7,9.9,4.3,4.1,2.5,4.2,3.6,4.4,3.8,4.5,3.8,6.5,2.5,5.4,62.2,0,0,0,0,0,0
37.8,38.8,36.8,35.0,34.4,35.6,40.3,39.6,41.0,19.1,22.6,15.6,0.36,4.62,0.126,4.53,3.86,5.16,0.102,3.2,2.32,0.0365,0.274,0.346,30.6,23.0,71,20,300,2.1,8.2,3.9,5.1,4.2,3.8,4.3,4.5,5.2,4.3,3.3,8.3,3.3,5.2,65.7,0,0,0,0,0,0
39.1,39.2,39.0,34.7,35.2,34.2,38.6,40.4,36.8,19.5,20.0,19.0,0.383,4.78,0.135,4.63,4.06,5.39,0.108,3.33,2.43,0.0383,0.281,0.364,30.4,23.0,72,22,300,3.2,7.5,3.2,4.4,4.3,4.2,4.0,4.8,4.2,3.5,3.2,8.7,3.9,5.3,64.4,0,0,0,0,0,0
35.9,37.0,34.8,32.8,30.0,35.6,37.7,38.8,36.6,19.5,21.6,17.4,0.44,5.29,0.148,5.15,4.49,5.96,0.122,3.69,2.66,0.0363,0.298,0.402,30.3,23.0,64,22,300,2.6,8.6,4.7,4.3,4.7,3.5,3.4,4.5,3.8,3.4,4.4,8.8,3.5,5.3,65.5,0,0,0,0,0,0
39.2,36.6,41.8,37.6,39.6,35.6,40.6,40.2,41.0,18.5,19.2,17.8,0.403,5.11,0.136,4.98,4.22,5.68,0.11,3.37,2.46,0.0366,0.204,0.366,34.8,26.0,82,27,400,41.1,10.4,5.4,5.4,4.9,5.8,5.1,5.4,5.2,4.5,4.6,9.9,3.2,7.6,119.0,0,0,0,0,0,0
40.6,42.2,39.0,39.7,41.6,37.8,45.5,47.4,43.6,20.5,20.4,20.6,0.434,5.43,0.147,5.19,4.3,5.93,0.12,3.56,2.55,0.0384,0.216,0.387,34.9,26.0,87,25,400,2.9,10.0,6.5,6.7,6.6,5.1,3.8,4.9,6.2,5.8,4.4,12.8,5.0,7.7,88.4,0,0,0,0,0,0
41.0,37.8,44.2,40.7,42.0,39.4,40.0,39.4,40.6,20.6,19.0,22.2,0.449,5.49,0.149,5.41,4.46,6.2,0.124,3.62,2.66,0.0383,0.216,0.398,34.2,26.0,78,24,400,3.1,11.5,5.5,4.9,6.9,5.0,5.9,4.6,5.6,5.0,6.4,12.2,3.4,7.7,87.7,0,0,0,0,0,0
41.0,43.2,38.8,38.7,36.0,41.4,42.2,42.4,42.0,19.6,21.8,17.4,0.474,5.66,0.158,5.58,4.57,6.24,0.132,3.73,2.72,0.0373,0.225,0.405,33.4,25.0,76,22,400,3.2,12.3,5.5,5.4,7.8,4.3,5.3,3.9,6.5,4.9,5.5,11.3,3.5,7.3,86.7,0,0,0,0,0,0
42.1,44.4,39.8,40.2,41.8,38.6,42.2,40.4,44.0,18.7,17.6,19.8,0.486,5.87,0.16,5.75,4.67,6.47,0.134,3.89,2.8,0.0365,0.228,0.413,33.0,25.0,75,23,400,3.9,12.5,6.5,5.2,4.8,5.3,6.8,4.3,5.7,4.3,4.6,9.9,3.8,7.0,84.6,0,0,0,0,0,0
42.5,42.4,42.6,38.7,40.2,37.2,40.9,40.6,41.2,20.3,21.6,19.0,0.464,5.98,0.157,5.88,4.68,6.63,0.132,3.93,2.86,0.0376,0.23,0.413,32.3,25.0,65,23,400,4.3,11.9,5.4,5.4,5.6,5.8,3.8,4.6,5.4,4.6,5.6,9.7,2.4,8.2,82.7,0,0,0,0,0,0
42.2,43.0,41.4,38.4,39.2,37.6,43.4,41.8,45.0,20.1,22.8,17.4,0.484,5.99,0.159,5.94,4.82,6.79,0.135,4.04,2.93,0.0376,0.238,0.44,32.3,24.0,78,23,400,3.8,10.4,6.5,5.4,5.4,4.8,4.3,5.5,6.2,7.1,7.0,12.4,4.5,5.1,88.4,0,0,0,0,0,0
42.5,42.6,42.4,38.6,37.8,39.4,43.0,43.2,42.8,20.5,19.0,22.0,0.491,6.22,0.162,6.15,4.95,7.16,0.135,4.22,3.01,0.0367,0.239,0.449,32.2,24.0,75,24,400,5.0,11.6,6.9,6.5,4.2,4.8,4.6,4.3,6.1,4.4,6.0,10.9,3.9,7.9,87.1,0,0,0,0,0,0
41.7,41.8,41.6,39.4,39.6,39.2,40.9,40.0,41.8,19.0,21.4,16.6,0.55,6.8,0.178,6.84,5.58,7.89,0.153,4.61,3.36,0.0386,0.257,0.494,32.0,24.0,73,23,400,3.1,12.6,6.4,5.7,5.8,4.7,4.6,4.6,5.9,5.7,4.6,10.7,3.6,7.0,85.0,0,0,0,0,0,0
43.9,42.4,45.4,28.2,31.2,25.2,51.5,49.4,53.6,19.2,18.8,19.6,0.135,2.11,0.0677,1.73,1.83,2.42,0.0439,1.27,0.948,0.0375,0.115,0.15,41.8,30.0,91,30,200,43.7,10.0,2.33,4.0,3.67,2.67,3.0,4.33,2.0,3.67,3.0,6.33,3.0,3.67,95.3,0,0,0,0,0,0
31.5,29.6,33.4,29.2,28.0,30.4,32.3,29.4,35.2,19.2,23.4,15.0,0.155,2.24,0.0734,1.91,1.94,2.53,0.047,1.41,1.02,0.0373,0.118,0.16,34.9,25.0,59,21,200,9.9,6.3,1.7,2.8,2.6,2.2,3.5,1.6,3.2,3.0,4.2,5.9,2.3,3.6,52.8,0,0,0,0,0,0
32.3,34.8,29.8,30.2,30.4,30.0,31.8,29.2,34.4,19.4,16.2,22.6,0.157,2.41,0.0744,2.04,2.09,2.72,0.0477,1.49,1.1,0.0371,0.12,0.168,32.4,24.0,67,21,200,1.9,7.1,2.8,2.0,3.6,2.7,1.9,2.1,2.7,3.0,3.4,4.1,1.6,3.7,42.6,0,0,0,0,0,0
32.3,31.8,32.8,30.3,29.4,31.2,32.3,33.4,31.2,20.3,21.8,18.8,0.174,2.57,0.0812,2.28,2.28,2.94,0.0556,1.68,1.22,0.0374,0.127,0.19,30.9,23.0,63,20,200,2.1,7.3,2.7,2.6,2.8,2.0,3.3,2.5,2.5,2.9,2.3,5.1,1.5,3.2,42.8,0,0,0,0,0,0
30.8,30.8,30.8,29.5,29.8,29.2,29.6,29.8,29.4,18.9,17.0,20.8,0.202,2.7,0.0853,2.44,2.37,3.11,0.0615,1.81,1.28,0.0384,0.133,0.199,30.4,23.0,66,21,200,2.5,4.8,3.3,2.9,2.1,3.2,2.5,2.9,3.0,3.3,1.9,6.1,2.7,4.4,45.6,0,0,0,0,0,0
31.4,28.6,34.2,29.9,27.8,32.0,32.8,31.0,34.6,20.0,16.6,23.4,0.221,2.96,0.0917,2.61,2.57,3.36,0.0679,1.94,1.39,0.0376,0.139,0.216,29.8,22.0,67,20,200,1.7,5.9,2.7,3.0,2.9,3.5,2.3,1.7,3.5,3.2,3.5,5.3,1.6,3.2,44.0,0,0,0,0,0,0
31.6,33.4,29.8,29.8,31.2,28.4,31.7,28.6,34.8,18.4,21.6,15.2,0.228,3.09,0.0961,2.78,2.67,3.52,0.0695,2.05,1.45,0.0384,0.142,0.234,29.4,22.0,65,19,200,1.6,5.9,2.0,2.4,3.2,2.2,2.4,2.5,3.0,3.1,2.6,5.4,2.0,4.5,42.8,0,0,0,0,0,0
31.4,30.6,32.2,30.3,28.6,32.0,34.4,33.2,35.6,18.1,17.8,18.4,0.254,3.24,0.0991,2.93,2.79,3.71,0.076,2.12,1.55,0.0375,0.146,0.245,29.2,22.0,67,22,200,1.4,5.8,2.3,2.2,1.9,2.7,2.5,2.6,2.6,3.1,2.9,5.6,1.9,4.1,41.6,0,0,0,0,0,0
33.7,34.8,32.6,32.4,33.0,31.8,32.7,29.8,35.6,18.8,18.0,19.6,0.256,3.4,0.103,3.13,2.97,3.97,0.0783,2.28,1.63,0.0378,0.151,0.259,29.0,22.0,60,21,200,2.3,6.2,3.1,3.9,2.7,2.5,2.2,2.9,2.7,2.8,2.5,5.5,1.4,3.4,44.1,0,0,0,0,0,0
31.1,30.6,31.6,30.2,29.8,30.6,33.5,36.0,31.0,18.6,18.2,19.0,0.293,3.76,0.109,3.52,3.33,4.36,0.0856,2.57,1.82,0.0378,0.164,0.287,28.9,22.0,69,21,200,2.2,6.0,2.8,3.0,3.2,2.6,3.5,2.6,2.7,2.6,2.9,5.9,1.6,2.9,44.5,0,0,0,0,0,0
37.7,38.0,37.4,34.0,36.8,31.2,35.5,34.6,36.4,19.4,22.4,16.4,0.276,3.74,0.103,3.39,3.32,4.12,0.0773,2.51,1.74,0.0379,0.161,0.261,36.4,27.0,88,25,300,23.7,10.0,4.5,5.7,3.5,4.0,4.7,4.4,3.6,4.3,4.1,8.3,2.4,6.8,90.0,0,0,0,0,0,0
37.3,37.4,37.2,35.7,36.0,35.4,38.4,36.0,40.8,19.5,18.4,20.6,0.267,3.93,0.101,3.47,3.51,4.41,0.079,2.57,1.78,0.0387,0.254,0.279,33.8,25.0,67,22,300,2.6,8.7,3.8,3.7,4.0,3.6,4.1,5.0,4.7,3.9,3.4,7.7,2.0,7.1,64.3,0,0,0,0,0,0
37.1,37.2,37.0,34.1,34.0,34.2,35.4,35.8,35.0,20.0,20.6,19.4,0.292,4.09,0.104,3.65,3.58,4.64,0.0809,2.7,1.87,0.0386,0.263,0.291,32.7,25.0,68,23,300,3.4,7.6,4.0,4.2,4.9,4.3,4.8,4.0,4.7,4.2,3.5,9.2,3.3,5.1,67.2,0,0,0,0,0,0
35.4,33.2,37.6,35.1,34.6,35.6,36.0,35.8,36.2,19.3,17.4,21.2,0.315,4.19,0.112,3.81,3.82,4.69,0.0864,2.85,1.95,0.0374,0.265,0.294,32.2,24.0,72,22,300,3.5,8.3,4.6,3.8,4.2,4.7,3.0,4.5,4.0,3.9,3.5,9.1,2.6,5.1,64.8,0,0,0,0,0,0
37.7,38.6,36.8,33.9,30.4,37.4,35.5,36.2,34.8,21.0,22.0,20.0,0.325,4.35,0.115,3.9,3.91,4.95,0.0904,2.95,2.08,0.0381,0.271,0.31,31.8,24.0,71,23,300,2.8,8.8,4.0,4.7,4.0,3.9,3.7,4.4,3.8,3.1,2.9,7.3,3.1,6.7,63.2,0,0,0,0,0,0
37.1,39.2,35.0,36.4,35.4,37.4,38.0,36.8,39.2,19.5,17.4,21.6,0.351,4.47,0.123,4.11,4.07,5.11,0.0979,3.04,2.16,0.037,0.273,0.321,31.4,24.0,63,22,300,2.4,8.8,4.1,2.6,4.1,4.2,4.4,4.0,3.8,5.2,5.0,8.0,3.0,5.3,64.9,0,0,0,0,0,0
38.5,38.6,38.4,36.6,35.8,37.4,36.2,36.6,35.8,21.4,21.2,21.6,0.39,4.7,0.134,4.19,4.34,5.26,0.108,3.18,2.2,0.0359,0.28,0.338,31.3,24.0,68,23,300,2.9,8.2,3.9,5.5,4.2,4.0,4.2,4.0,3.3,4.0,4.5,8.5,3.7,5.4,66.3,0,0,0,0,0,0
37.3,35.0,39.6,34.6,36.8,32.4,36.3,37.0,35.6,20.3,16.6,24.0,0.41,4.83,0.137,4.31,4.48,5.55,0.113,3.35,2.33,0.0369,0.285,0.355,31.3,24.0,73,23,300,2.8,9.3,4.4,4.8,4.7,4.3,3.4,5.4,5.2,2.7,3.4,9.7,3.9,5.1,69.1,0,0,0,0,0,0
35.8,33.4,38.2,36.1,36.4,35.8,35.3,33.8,36.8,20.3,20.6,20.0,0.449,5.3,0.147,4.76,5.0,6.12,0.122,3.69,2.58,0.0368,0.301,0.398,31.2,24.0,68,23,300,2.1,8.7,3.4,4.3,3.7,3.7,4.6,4.6,4.0,5.0,3.9,8.2,2.8,5.0,64.0,0,0,0,0,0,0
39.5,39.4,39.6,39.0,40.4,37.6,37.7,35.0,40.4,21.5,19.4,23.6,0.432,5.13,0.145,4.52,4.46,5.72,0.116,3.38,2.36,0.0375,0.197,0.361,38.0,28.0,94,30,400,39.5,11.6,4.9,5.7,5.0,5.4,5.1,3.4,5.1,6.0,3.9,9.2,3.5,6.1,114.0,0,0,0,0,0,0
40.8,41.2,40.4,38.2,37.6,38.8,42.6,45.4,39.8,19.3,16.6,22.0,0.444,5.25,0.145,4.7,4.71,5.94,0.121,3.49,2.46,0.0366,0.204,0.376,35.5,27.0,74,24,400,4.7,12.0,6.4,4.9,5.1,5.5,6.0,6.4,6.4,4.6,5.1,12.2,3.6,8.4,91.3,0,0,0,0,0,0
41.5,41.4,41.6,38.6,39.0,38.2,42.0,40.0,44.0,20.1,18.0,22.2,0.454,5.35,0.143,4.92,4.82,6.09,0.118,3.66,2.58,0.0377,0.211,0.39,33.9,25.0,75,22,400,3.6,13.4,4.3,5.6,4.7,5.9,4.7,6.0,5.9,6.0,6.7,10.7,3.6,6.5,87.6,0,0,0,0,0,0
41.5,37.4,45.6,40.8,40.4,41.2,42.5,43.6,41.4,19.9,18.4,21.4,0.459,5.56,0.149,5.17,4.8,6.31,0.122,3.72,2.64,0.0375,0.216,0.403,33.0,25.0,68,22,400,4.0,12.2,5.2,5.6,5.6,6.2,5.3,5.4,4.3,6.2,5.0,9.5,2.5,8.2,85.2,0,0,0,0,0,0
43.1,44.6,41.6,38.2,38.6,37.8,44.3,43.4,45.2,19.8,18.2,21.4,0.452,5.65,0.145,5.34,4.95,6.45,0.121,3.89,2.73,0.0366,0.215,0.405,32.4,25.0,69,23,400,4.1,12.1,4.6,4.9,5.1,4.9,5.0,6.0,6.8,6.3,5.5,10.4,3.0,8.6,87.3,0,0,0,0,0,0
43.3,41.8,44.8,40.8,40.2,41.4,44.3,43.8,44.8,20.7,23.0,18.4,0.439,5.91,0.149,5.48,5.08,6.7,0.123,3.93,2.82,0.0358,0.22,0.417,32.1,24.0,74,23,400,3.9,11.9,6.6,6.0,3.7,7.1,5.9,5.5,5.6,6.4,5.6,11.2,3.8,7.9,91.1,0,0,0,0,0,0
39.8,42.2,37.4,40.0,42.4,37.6,44.5,45.2,43.8,20.0,22.6,17.4,0.444,6.1,0.15,5.78,5.16,6.8,0.124,4.07,2.9,0.0355,0.225,0.432,32.1,24.0,76,24,400,3.0,12.6,4.7,5.2,5.8,6.6,5.5,5.2,6.2,5.4,4.8,10.2,3.7,8.1,87.0,0,0,0,0,0,0
40.8,40.0,41.6,39.3,40.4,38.2,42.5,42.6,42.4,20.1,17.2,23.0,0.477,6.29,0.153,5.95,5.21,7.17,0.129,4.22,3.02,0.0364,0.234,0.446,32.3,24.0,85,26,400,3.4,12.3,5.5,6.4,4.9,6.1,5.0,5.2,4.3,5.6,6.5,11.9,4.1,7.5,88.7,0,0,0,0,0,0
42.4,43.4,41.4,40.0,40.2,39.8,44.5,42.0,47.0,20.0,16.2,23.8,0.516,6.91,0.166,6.64,5.83,7.92,0.143,4.69,3.37,0.0356,0.251,0.494,32.2,24.0,77,23,400,4.0,11.6,6.7,5.1,5.6,5.4,4.0,4.7,6.4,5.3,5.9,11.9,2.6,8.2,87.4,0,0,0,0,0,0
44.9,45.4,44.4,29.2,31.2,27.2,49.6,49.2,50.0,18.8,16.0,21.6,0.167,2.18,0.0733,1.61,2.12,2.55,0.048,1.3,0.98,0.0383,0.114,0.15,40.7,33.0,89,34,200,36.5,6.0,2.5,3.75,2.5,1.75,3.25,3.0,2.5,3.25,1.5,6.0,1.0,3.25,76.8,0,0,0,0,0,0
36.4,37.4,35.4,31.2,28.4,34.0,32.5,34.0,31.0,21.1,22.2,20.0,0.178,2.32,0.0799,1.74,2.33,2.74,0.0548,1.44,1.07,0.0375,0.12,0.171,34.1,26.0,61,20,200,7.4,7.2,2.2,1.9,2.5,3.5,2.5,3.1,2.3,3.1,3.9,5.7,2.2,4.0,51.5,0,0,0,0,0,0
32.0,34.2,29.8,29.3,29.8,28.8,31.9,33.4,30.4,19.2,21.4,17.0,0.192,2.43,0.0842,1.9,2.42,2.97,0.0576,1.58,1.14,0.0366,0.127,0.182,32.5,25.0,71,22,200,1.3,4.7,3.0,2.6,2.0,3.0,2.3,2.2,3.0,3.3,2.9,7.0,2.2,4.6,44.1,0,0,0,0,0,0
35.0,33.8,36.2,28.8,32.4,25.2,30.6,31.2,30.0,19.0,17.0,21.0,0.214,2.64,0.0903,2.06,2.59,3.12,0.0641,1.73,1.25,0.0374,0.133,0.197,31.2,24.0,62,22,200,1.8,5.0,2.7,2.7,3.3,3.0,3.1,2.9,2.4,2.7,2.0,6.0,1.7,3.8,43.1,0,0,0,0,0,0
33.3,34.0,32.6,31.4,29.8,33.0,34.7,33.4,36.0,20.5,18.8,22.2,0.239,2.8,0.0952,2.23,2.78,3.27,0.0699,1.85,1.34,0.0364,0.137,0.207,31.0,23.0,75,22,200,3.2,5.4,2.9,2.8,2.4,3.0,3.8,3.3,3.6,2.4,3.1,7.0,2.6,2.8,48.3,0,0,0,0,0,0
31.9,33.2,30.6,31.2,32.8,29.6,30.7,29.0,32.4,19.5,19.4,19.6,0.23,2.94,0.0938,2.33,2.89,3.4,0.0672,1.94,1.4,0.0382,0.143,0.217,30.5,23.0,65,20,200,1.6,6.2,2.1,3.3,3.2,2.8,2.6,2.4,2.5,1.9,2.5,5.5,1.4,4.4,42.4,0,0,0,0,0,0
33.2,35.8,30.6,29.0,30.6,27.4,31.6,27.8,35.4,19.1,17.6,20.6,0.249,3.12,0.0978,2.52,3.1,3.65,0.0726,2.09,1.48,0.0363,0.147,0.234,30.3,23.0,67,22,200,2.3,4.5,3.8,2.6,3.1,2.6,3.7,2.7,2.6,2.7,2.1,6.8,2.2,3.5,45.2,0,0,0,0,0,0
35.4,32.6,38.2,31.4,30.2,32.6,31.2,33.4,29.0,19.8,22.8,16.8,0.259,3.28,0.1,2.66,3.3,3.85,0.0743,2.23,1.56,0.0364,0.151,0.241,30.1,23.0,75,21,200,1.4,4.9,2.4,2.9,3.3,2.5,2.5,2.8,2.2,2.1,3.0,5.1,1.4,5.3,41.8,0,0,0,0,0,0
34.6,32.4,36.8,31.0,30.2,31.8,32.8,33.0,32.6,20.3,18.8,21.8,0.277,3.44,0.105,2.84,3.54,4.08,0.0777,2.35,1.68,0.0373,0.161,0.263,30.1,23.0,73,24,200,1.6,6.2,2.4,2.3,3.0,3.4,3.5,3.0,3.1,2.4,2.3,6.9,2.0,3.7,45.8,0,0,0,0,0,0
32.6,30.6,34.6,29.8,30.4,29.2,33.4,30.2,36.6,18.9,20.6,17.2,0.309,3.91,0.112,3.16,3.96,4.53,0.0894,2.65,1.88,0.0372,0.176,0.302,30.1,23.0,69,23,200,2.9,5.2,2.1,2.7,3.0,3.2,2.5,3.7,2.9,2.7,2.9,6.4,2.3,4.2,46.7,0,0,0,0,0,0
37.7,36.4,39.0,35.6,34.2,37.0,36.5,32.4,40.6,19.2,16.4,22.0,0.307,3.85,0.114,3.11,3.75,4.3,0.0868,2.52,1.79,0.0389,0.173,0.285,39.8,29.0,95,28,300,23.0,9.2,4.8,3.7,3.8,3.8,4.2,4.5,5.5,4.6,3.6,9.1,3.6,4.9,88.3,0,0,0,0,0,0
37.3,37.4,37.2,32.9,31.8,34.0,40.0,42.4,37.6,19.0,22.2,15.8,0.312,4.0,0.113,3.29,3.84,4.53,0.0887,2.62,1.89,0.0388,0.258,0.293,36.1,26.0,70,21,300,3.6,8.6,4.2,4.8,4.5,4.3,4.5,3.5,3.9,4.5,4.9,8.0,2.9,4.9,67.1,0,0,0,0,0,0
37.0,35.2,38.8,33.1,31.2,35.0,35.4,37.0,33.8,19.5,19.6,19.4,0.328,4.06,0.118,3.45,3.99,4.63,0.0941,2.77,1.93,0.0379,0.26,0.3,34.2,25.0,73,21,300,3.3,8.1,4.5,4.1,3.9,3.8,5.2,4.2,4.3,3.2,4.6,8.2,3.1,5.6,66.1,0,0,0,0,0,0
38.8,37.4,40.2,35.6,36.0,35.2,38.7,38.4,39.0,19.3,18.2,20.4,0.362,4.26,0.123,3.62,4.11,4.81,0.102,2.86,2.05,0.0379,0.267,0.318,33.4,25.0,74,24,300,2.2,9.2,3.9,3.8,4.3,4.1,4.8,4.9,2.9,3.7,4.2,8.5,3.5,5.2,65.2,0,0,0,0,0,0
38.5,39.0,38.0,33.5,34.6,32.4,37.3,37.0,37.6,21.5,23.2,19.8,0.367,4.38,0.13,3.77,4.27,4.96,0.108,3.01,2.12,0.0371,0.271,0.332,32.6,24.0,67,21,300,3.0,8.7,3.5,3.7,3.7,4.8,4.8,5.3,4.2,3.2,3.4,8.1,3.0,5.8,65.2,0,0,0,0,0,0
38.6,35.4,41.8,35.2,33.2,37.2,38.0,38.2,37.8,19.5,21.2,17.8,0.386,4.58,0.133,3.96,4.33,5.11,0.111,3.1,2.18,0.037,0.278,0.343,32.1,24.0,70,21,300,3.1,10.4,4.5,5.2,2.6,2.8,5.0,2.9,4.2,3.6,5.6,7.7,2.7,5.0,65.3,0,0,0,0,0,0
40.5,38.4,42.6,34.0,34.0,34.0,37.0,37.8,36.2,21.3,17.8,24.8,0.393,4.69,0.136,4.12,4.46,5.38,0.113,3.23,2.3,0.0377,0.278,0.348,32.0,24.0,76,23,300,3.1,8.7,5.1,4.9,4.5,4.0,4.4,4.4,3.0,4.1,4.0,9.7,2.8,4.9,67.6,0,0,0,0,0,0
39.4,38.6,40.2,33.6,34.2,33.0,37.8,39.0,36.6,19.9,20.8,19.0,0.424,4.83,0.147,4.26,4.63,5.63,0.123,3.33,2.38,0.0367,0.279,0.377,31.7,23.0,72,23,300,3.0,7.7,3.6,4.8,4.2,4.8,5.1,4.3,4.2,4.4,3.4,10.7,4.0,5.1,69.3,0,0,0,0,0,0
39.6,41.2,38.0,36.9,37.2,36.6,37.5,34.6,40.4,20.0,22.6,17.4,0.493,5.37,0.163,4.74,5.13,6.3,0.138,3.76,2.64,0.0376,0.299,0.414,31.4,23.0,68,23,300,3.9,7.2,5.6,3.7,3.3,4.7,4.2,3.0,4.1,4.9,2.7,8.7,3.4,5.6,65.0,0,0,0,0,0,0
43.6,42.4,44.8,36.1,35.4,36.8,41.3,39.8,42.8,19.3,21.4,17.2,0.471,5.24,0.155,4.6,4.73,6.07,0.137,3.5,2.44,0.0375,0.208,0.389,36.6,29.0,90,30,400,38.7,12.0,5.8,5.0,5.9,5.0,5.5,6.3,4.3,4.7,5.1,11.0,4.4,7.4,121.0,0,0,0,0,0,0
45.9,44.4,47.4,39.9,41.6,38.2,41.3,40.2,42.4,21.4,24.8,18.0,0.472,5.45,0.156,4.82,4.86,6.33,0.135,3.59,2.52,0.0375,0.213,0.394,34.1,27.0,69,24,400,3.8,11.0,6.3,6.0,6.0,4.8,6.1,6.8,4.1,4.9,5.4,11.7,3.3,8.8,89.0,0,0,0,0,0,0
41.6,40.0,43.2,38.9,39.4,38.4,44.3,43.6,45.0,21.2,22.4,20.0,0.471,5.56,0.16,4.89,5.04,6.51,0.139,3.7,2.57,0.0364,0.216,0.405,33.4,26.0,75,24,400,3.1,11.5,6.4,5.5,6.0,6.9,5.1,6.5,4.0,4.3,4.8,10.8,3.9,8.0,86.8,0,0,0,0,0,0
45.0,44.8,45.2,37.1,36.4,37.8,43.6,44.6,42.6,19.7,16.8,22.6,0.497,5.76,0.164,5.19,5.14,6.75,0.146,3.89,2.71,0.0375,0.223,0.422,33.1,26.0,74,24,400,3.5,12.2,6.2,5.0,5.4,4.9,5.8,5.4,5.4,6.6,4.9,11.9,4.0,7.9,89.1,0,0,0,0,0,0
42.4,41.0,43.8,37.1,36.4,37.8,41.3,42.6,40.0,19.7,21.0,18.4,0.512,5.96,0.169,5.28,5.23,6.99,0.146,3.94,2.75,0.0374,0.228,0.424,32.8,26.0,76,23,400,3.4,11.9,4.8,5.3,6.0,5.0,5.2,6.0,5.3,5.0,5.7,12.0,3.5,8.9,88.0,0,0,0,0,0,0
44.0,46.2,41.8,38.5,38.4,38.6,43.8,42.6,45.0,19.5,21.2,17.8,0.484,6.15,0.162,5.56,5.42,7.1,0.143,4.09,2.86,0.0376,0.226,0.43,32.7,26.0,74,25,400,4.6,11.2,6.5,5.4,5.0,4.1,4.9,5.9,4.0,5.7,5.6,10.2,2.9,8.4,84.4,0,0,0,0,0,0
42.2,42.0,42.4,37.8,38.6,37.0,43.3,44.6,42.0,20.4,24.0,16.8,0.492,6.33,0.167,5.64,5.5,7.35,0.146,4.12,2.93,0.0376,0.235,0.434,32.7,26.0,74,25,400,3.5,11.1,5.2,6.6,6.1,5.0,4.8,6.2,5.9,4.5,5.4,11.5,3.5,9.6,88.9,0,0,0,0,0,0
42.8,41.8,43.8,38.5,37.8,39.2,42.9,41.4,44.4,21.3,19.4,23.2,0.468,6.46,0.159,5.82,5.57,7.44,0.14,4.25,2.95,0.0387,0.238,0.443,32.8,26.0,79,25,400,4.9,10.0,5.9,5.4,4.7,5.9,5.4,5.7,5.8,4.5,6.8,10.8,2.9,7.0,85.7,0,0,0,0,0,0
40.8,39.4,42.2,37.3,36.8,37.8,44.2,44.6,43.8,20.0,16.4,23.6,0.538,6.99,0.175,6.42,6.13,8.31,0.157,4.64,3.27,0.0366,0.255,0.495,32.6,25.0,74,23,400,3.4,12.7,4.8,5.7,5.9,5.4,4.4,5.9,5.7,6.5,5.1,10.5,3.7,7.3,87.0,0,0,0,0,0,0
41.0,42.2,39.8,31.8,31.0,32.6,47.2,46.2,48.2,18.8,15.8,21.8,0.161,2.26,0.0727,2.09,1.62,2.2,0.0486,1.35,0.987,0.0377,0.123,0.153,37.6,32.0,77,32,200,49.7,6.0,2.33,4.33,5.0,5.67,3.0,3.67,6.0,3.33,4.33,9.33,1.67,3.33,108.0,0,0,0,0,0,0
33.2,35.0,31.4,29.2,33.4,25.0,31.7,30.8,32.6,19.2,20.8,17.6,0.171,2.31,0.076,2.18,1.84,2.37,0.05,1.45,1.06,0.037,0.128,0.163,33.0,27.0,60,22,200,8.0,6.4,1.9,2.4,2.8,2.5,2.8,4.0,2.6,3.2,3.1,5.2,2.0,4.2,51.1,0,0,0,0,0,0
32.2,33.0,31.4,28.8,28.2,29.4,30.2,30.0,30.4,18.4,18.0,18.8,0.179,2.53,0.0787,2.28,2.01,2.52,0.0536,1.54,1.15,0.0378,0.133,0.173,31.3,25.0,65,21,200,2.2,5.8,2.8,2.3,3.0,2.0,2.7,2.6,2.7,2.9,2.5,5.1,1.9,4.6,43.1,0,0,0,0,0,0
31.6,30.2,33.0,29.7,31.0,28.4,31.0,33.4,28.6,20.3,18.2,22.4,0.205,2.66,0.0833,2.38,2.2,2.69,0.0595,1.69,1.21,0.0379,0.136,0.186,30.5,24.0,66,21,200,1.5,5.0,1.8,2.6,2.7,2.9,2.6,3.6,3.4,2.6,3.0,5.2,2.1,3.6,42.6,0,0,0,0,0,0
31.2,30.6,31.8,30.0,30.6,29.4,31.6,29.4,33.8,19.6,20.2,19.0,0.206,2.81,0.0841,2.47,2.43,2.88,0.0609,1.78,1.31,0.0387,0.142,0.192,29.6,23.0,61,20,200,1.8,6.1,1.9,3.0,2.8,3.1,2.8,2.9,2.5,2.5,2.5,5.9,1.4,3.1,42.3,0,0,0,0,0,0
32.6,30.2,35.0,30.4,29.0,31.8,32.2,35.4,29.0,19.7,18.2,21.2,0.224,2.95,0.0895,2.58,2.62,3.09,0.0633,1.91,1.39,0.0367,0.148,0.207,29.4,23.0,62,21,200,2.1,5.8,2.7,3.1,3.6,2.6,2.3,2.1,2.6,2.2,2.5,5.1,2.0,3.9,42.6,0,0,0,0,0,0
34.1,35.4,32.8,31.0,35.2,26.8,31.9,31.8,32.0,18.6,20.4,16.8,0.231,3.1,0.0911,2.64,2.79,3.27,0.0671,2.05,1.47,0.0376,0.151,0.219,28.9,23.0,60,20,200,1.7,4.7,3.2,2.9,3.2,3.8,2.9,2.4,2.8,2.7,1.8,6.2,1.6,3.2,43.1,0,0,0,0,0,0
31.9,33.2,30.6,29.2,31.4,27.0,33.5,34.4,32.6,18.9,20.4,17.4,0.241,3.32,0.0918,2.78,2.98,3.44,0.0697,2.18,1.55,0.0364,0.157,0.235,28.9,23.0,68,21,200,2.2,6.5,2.6,2.6,2.8,3.5,3.1,2.4,1.9,2.9,2.6,5.3,1.6,3.7,43.7,0,0,0,0,0,0
32.1,30.2,34.0,29.7,26.2,33.2,31.1,35.2,27.0,19.9,17.6,22.2,0.257,3.44,0.098,2.88,3.21,3.6,0.0746,2.3,1.64,0.0376,0.164,0.248,28.7,22.0,60,20,200,1.9,4.4,3.7,2.7,2.2,2.8,2.1,2.0,3.4,3.3,3.4,5.9,2.2,3.5,43.5,0,0,0,0,0,0
31.9,29.6,34.2,30.2,26.0,34.4,34.1,36.8,31.4,19.4,22.0,16.8,0.291,3.78,0.107,3.23,3.6,4.07,0.0827,2.58,1.82,0.0383,0.177,0.283,28.6,22.0,68,22,200,1.2,5.8,2.9,2.7,3.4,1.8,3.4,2.2,2.9,2.3,2.8,6.0,2.1,4.7,44.2,0,0,0,0,0,0
35.9,32.6,39.2,35.3,33.8,36.8,36.2,35.0,37.4,19.4,22.2,16.6,0.287,3.75,0.106,3.19,3.44,4.0,0.0778,2.44,1.73,0.0362,0.17,0.265,37.9,29.0,89,28,300,24.2,10.0,4.8,3.9,4.5,4.1,2.7,2.9,4.0,3.8,4.3,8.2,3.0,5.9,86.3,0,0,0,0,0,0
35.9,36.6,35.2,32.8,34.0,31.6,40.7,37.2,44.2,19.8,17.2,22.4,0.305,3.98,0.111,3.34,3.49,4.08,0.0869,2.57,1.84,0.0372,0.275,0.286,34.6,26.0,67,22,300,2.5,8.2,5.3,5.3,4.1,4.6,4.2,3.9,2.6,3.1,4.1,9.2,2.9,4.6,64.6,0,0,0,0,0,0
37.2,35.0,39.4,33.6,32.0,35.2,37.0,34.4,39.6,19.5,22.2,16.8,0.316,4.03,0.111,3.53,3.68,4.32,0.0883,2.74,1.89,0.038,0.279,0.295,33.0,25.0,66,22,300,2.2,9.1,4.2,3.9,4.5,3.9,4.9,3.5,3.4,3.9,3.7,7.3,2.6,5.8,62.9,0,0,0,0,0,0
36.7,36.6,36.8,33.0,29.8,36.2,38.7,38.6,38.8,19.2,18.4,20.0,0.338,4.19,0.119,3.64,3.81,4.5,0.096,2.82,1.96,0.0382,0.284,0.314,32.0,24.0,66,20,300,3.1,10.1,4.2,3.5,3.8,4.3,4.1,5.0,3.4,3.4,5.2,7.2,3.2,5.0,65.5,0,0,0,0,0,0
40.5,42.4,38.6,35.2,34.6,35.8,39.0,37.2,40.8,20.6,22.0,19.2,0.365,4.41,0.124,3.96,3.88,4.69,0.103,2.9,2.06,0.0363,0.292,0.336,31.5,23.0,67,21,300,3.6,9.1,4.0,4.3,3.6,3.3,4.0,4.5,3.5,3.6,4.4,9.3,3.5,6.5,67.2,0,0,0,0,0,0
37.9,40.6,35.2,34.2,32.6,35.8,40.4,39.2,41.6,18.6,21.6,15.6,0.396,4.66,0.133,4.15,4.15,4.92,0.107,3.06,2.16,0.0383,0.301,0.354,31.2,23.0,72,22,300,3.3,9.1,4.8,3.9,4.6,3.8,4.4,3.7,4.1,3.5,3.8,10.0,3.4,6.5,68.9,0,0,0,0,0,0
35.7,35.2,36.2,32.5,31.4,33.6,38.6,38.4,38.8,18.5,20.2,16.8,0.4,4.8,0.134,4.33,4.23,5.1,0.112,3.2,2.27,0.0373,0.302,0.359,30.9,23.0,68,22,300,3.3,7.2,3.9,4.2,4.1,5.2,4.6,4.2,5.4,3.4,4.7,9.4,3.2,6.0,68.8,0,0,0,0,0,0
38.2,38.2,38.2,34.5,36.0,33.0,38.9,39.6,38.2,20.1,18.8,21.4,0.43,4.99,0.139,4.46,4.43,5.33,0.116,3.3,2.33,0.0384,0.31,0.38,30.8,23.0,73,23,300,2.8,9.6,4.1,4.7,4.0,4.1,3.2,3.5,3.9,4.0,5.4,7.9,3.0,5.9,66.1,0,0,0,0,0,0
36.7,33.8,39.6,34.2,34.0,34.4,34.8,34.4,35.2,20.2,24.0,16.4,0.472,5.51,0.152,4.93,4.93,5.9,0.129,3.71,2.56,0.0384,0.328,0.423,30.6,23.0,65,23,300,2.1,8.4,4.7,4.3,4.1,2.8,4.5,3.6,4.0,4.2,4.1,9.7,3.5,5.2,65.2,0,0,0,0,0,0
41.7,42.2,41.2,38.1,35.2,41.0,43.0,43.4,42.6,20.7,18.8,22.6,0.432,5.44,0.139,4.9,4.54,5.71,0.12,3.43,2.41,0.0374,0.221,0.385,34.6,27.0,81,29,400,39.6,11.8,5.6,5.9,4.6,4.8,5.1,4.8,5.1,5.0,5.8,9.3,3.0,7.8,118.0,0,0,0,0,0,0
40.6,42.0,39.2,36.5,37.8,35.2,39.6,37.6,41.6,19.6,21.8,17.4,0.435,5.64,0.138,5.01,4.75,5.89,0.122,3.6,2.5,0.0374,0.226,0.395,33.8,26.0,77,23,400,4.7,9.9,4.7,5.6,5.9,6.1,5.2,5.3,5.3,7.2,5.3,12.5,3.0,8.5,89.2,0,0,0,0,0,0
43.7,43.2,44.2,38.4,37.6,39.2,43.9,42.4,45.4,19.3,18.6,20.0,0.459,5.75,0.149,5.19,4.88,6.11,0.127,3.69,2.59,0.0371,0.233,0.401,32.7,25.0,71,23,400,3.5,11.1,5.7,4.5,6.0,5.4,4.3,6.2,5.8,6.2,4.4,11.4,4.4,7.9,86.8,0,0,0,0,0,0
42.6,44.4,40.8,36.7,36.0,37.4,44.0,44.6,43.4,19.2,16.2,22.2,0.47,5.9,0.152,5.27,4.94,6.26,0.131,3.81,2.66,0.0363,0.238,0.407,33.0,25.0,81,25,400,2.5,12.4,4.3,4.5,5.2,6.2,5.6,6.6,6.3,6.0,5.4,11.8,4.9,7.8,89.5,0,0,0,0,0,0
39.6,38.4,40.8,37.9,35.0,40.8,43.1,43.2,43.0,20.2,17.0,23.4,0.483,5.96,0.153,5.45,4.95,6.54,0.129,3.9,2.72,0.0364,0.241,0.416,32.6,25.0,75,24,400,2.9,11.5,6.4,4.3,4.7,5.9,6.9,5.5,6.4,5.8,4.0,10.0,3.7,8.0,86.0,0,0,0,0,0,0
42.6,43.8,41.4,38.9,39.8,38.0,43.8,44.4,43.2,19.7,23.4,16.0,0.521,6.14,0.163,5.62,5.16,6.72,0.138,3.99,2.8,0.0372,0.249,0.437,32.7,25.0,75,24,400,3.9,11.0,4.1,4.8,6.8,5.2,5.0,6.0,5.4,5.3,6.4,11.1,4.4,8.0,87.4,0,0,0,0,0,0
41.1,42.2,40.0,38.3,38.2,38.4,41.3,40.4,42.2,20.4,22.4,18.4,0.501,6.25,0.161,5.73,5.22,6.85,0.14,4.16,2.89,0.037,0.252,0.429,32.5,25.0,69,24,400,3.3,11.2,3.8,5.1,6.6,7.0,5.0,4.0,5.5,6.0,5.0,11.6,4.1,6.9,85.1,0,0,0,0,0,0
39.9,42.8,37.0,36.8,33.8,39.8,40.4,38.2,42.6,20.7,17.4,24.0,0.52,6.44,0.163,5.92,5.34,7.13,0.14,4.25,3.0,0.0362,0.254,0.443,32.3,25.0,70,23,400,3.8,12.4,5.4,5.3,5.3,5.5,5.4,4.9,5.5,5.6,3.7,9.1,3.3,6.8,82.0,0,0,0,0,0,0
41.7,42.8,40.6,38.8,39.2,38.4,45.4,46.8,44.0,19.0,17.2,20.8,0.568,7.02,0.179,6.56,5.94,7.79,0.153,4.69,3.29,0.0382,0.277,0.497,32.1,25.0,72,22,400,3.1,11.5,6.3,5.9,6.2,7.0,5.0,5.1,5.9,5.0,5.7,11.0,3.4,7.0,88.1,0,0,0,0,0,0
45.5,46.4,44.6,29.8,27.4,32.2,50.9,50.4,51.4,19.5,19.2,19.8,0.217,2.29,0.0818,1.85,1.83,2.42,0.055,1.26,0.943,0.038,0.127,0.153,40.1,34.0,90,33,200,47.0,8.0,1.67,3.67,3.0,2.33,4.0,2.33,5.0,5.0,3.33,7.0,3.33,5.67,101.0,0,0,0,0,0,0
32.4,30.2,34.6,32.0,29.8,34.2,34.2,32.0,36.4,18.3,22.0,14.6,0.212,2.44,0.0829,1.99,2.03,2.6,0.0588,1.42,1.04,0.0371,0.132,0.164,34.1,27.0,62,22,200,9.2,5.4,3.2,2.6,3.0,2.6,2.0,3.3,3.9,2.4,2.5,4.6,2.1,4.1,50.9,0,0,0,0,0,0
33.1,33.6,32.6,33.1,32.0,34.2,33.5,35.4,31.6,19.1,16.6,21.6,0.227,2.58,0.0867,2.13,2.18,2.78,0.0607,1.52,1.11,0.0362,0.136,0.179,32.3,25.0,69,21,200,1.7,5.2,2.0,2.2,3.2,3.3,3.8,2.9,2.9,2.4,2.8,5.6,2.4,4.1,44.5,0,0,0,0,0,0
33.3,34.6,32.0,30.4,31.8,29.0,30.3,30.6,30.0,18.8,17.6,20.0,0.24,2.74,0.0906,2.25,2.4,2.98,0.0663,1.65,1.21,0.0373,0.143,0.193,31.5,24.0,72,21,200,2.4,4.8,2.5,3.2,3.0,2.8,3.0,2.8,2.5,3.1,2.2,6.4,2.3,3.1,44.1,0,0,0,0,0,0
34.8,35.2,34.4,29.0,26.6,31.4,31.2,31.8,30.6,18.1,18.2,18.0,0.252,2.84,0.0935,2.35,2.58,3.16,0.0669,1.76,1.29,0.0365,0.146,0.202,30.6,24.0,62,20,200,1.5,6.3,3.1,1.8,2.8,2.4,1.9,3.0,4.3,2.4,2.8,6.8,1.9,3.7,44.7,0,0,0,0,0,0
35.3,35.8,34.8,31.8,31.6,32.0,32.4,31.6,33.2,19.2,16.8,21.6,0.236,3.02,0.0931,2.43,2.77,3.35,0.0689,1.88,1.37,0.0381,0.149,0.216,30.3,24.0,64,22,200,3.1,5.1,1.7,2.4,1.9,2.3,3.8,3.0,2.7,2.8,2.3,5.2,2.0,3.6,41.9,0,0,0,0,0,0
32.6,33.6,31.6,29.3,31.6,27.0,33.2,36.0,30.4,19.0,18.0,20.0,0.256,3.21,0.1,2.55,2.97,3.61,0.0815,2.07,1.46,0.0383,0.154,0.235,29.9,23.0,59,22,200,1.4,5.4,2.5,3.4,2.8,3.0,3.1,3.6,1.7,2.0,3.0,5.8,2.2,3.6,43.5,0,0,0,0,0,0
34.0,30.6,37.4,31.4,33.0,29.8,32.3,29.6,35.0,18.6,16.6,20.6,0.287,3.38,0.106,2.73,3.22,3.84,0.0863,2.18,1.56,0.0382,0.161,0.247,29.9,23.0,69,22,200,2.2,6.2,1.7,3.3,2.7,2.3,4.0,2.9,2.8,2.4,4.3,7.6,2.6,3.8,48.8,0,0,0,0,0,0
32.6,33.8,31.4,32.2,33.2,31.2,32.4,31.2,33.6,18.8,21.8,15.8,0.308,3.56,0.11,2.85,3.41,4.09,0.0912,2.31,1.64,0.0372,0.166,0.266,29.8,23.0,73,21,200,2.1,5.4,2.8,2.4,2.0,2.8,2.8,3.0,2.4,2.6,2.2,5.6,1.6,4.2,41.9,0,0,0,0,0,0
32.7,34.8,30.6,31.0,28.4,33.6,31.5,31.0,32.0,18.1,19.6,16.6,0.334,3.93,0.117,3.22,3.82,4.49,0.0987,2.6,1.84,0.0378,0.177,0.292,29.6,23.0,69,21,200,2.3,6.4,2.2,3.5,2.5,2.2,2.7,2.1,2.8,3.4,3.5,5.2,1.9,3.4,44.1,0,0,0,0,0,0
55.1,55.0,55.2,38.6,37.8,39.4,61.6,60.4,62.8,19.7,22.4,17.0,0.297,3.41,0.108,2.89,3.39,4.25,0.0906,2.32,1.69,0.0368,0.16,0.259,40.9,30.0,78,28,200,36.0,6.0,3.5,1.0,3.5,2.5,3.0,2.0,3.5,1.5,2.5,6.0,1.0,3.0,75.0,0,0,0,0,0,0
37.6,35.8,39.4,36.2,38.4,34.0,38.4,38.0,38.8,20.6,21.0,20.2,0.301,3.89,0.111,3.2,3.53,4.47,0.0911,2.47,1.72,0.0366,0.174,0.273,40.2,30.0,92,28,300,27.4,9.9,3.7,4.1,4.2,4.6,5.4,4.3,4.4,3.6,3.4,8.9,2.9,6.4,93.2,0,0,0,0,0,0
37.3,34.8,39.8,34.5,34.6,34.4,41.2,38.4,44.0,19.0,20.2,17.8,0.323,4.03,0.114,3.5,3.56,4.59,0.0946,2.59,1.82,0.0366,0.268,0.28,36.5,26.0,68,21,300,2.4,7.8,4.7,4.6,4.0,3.8,4.2,3.2,4.2,4.0,4.8,8.7,3.2,6.1,65.7,0,0,0,0,0,0
37.4,38.6,36.2,33.8,35.0,32.6,38.6,38.0,39.2,19.8,22.8,16.8,0.332,4.3,0.115,3.71,3.62,4.79,0.0973,2.74,1.9,0.0377,0.273,0.29,34.5,25.0,64,22,300,2.4,8.0,4.4,3.8,3.1,4.0,4.6,3.7,4.3,5.4,4.1,7.3,2.8,7.1,65.0,0,0,0,0,0,0
39.0,38.6,39.4,36.1,38.2,34.0,40.8,42.0,39.6,19.6,18.2,21.0,0.331,4.43,0.119,3.89,3.73,5.01,0.0991,2.78,1.96,0.0382,0.28,0.295,33.4,25.0,67,22,300,3.1,8.5,3.3,4.4,4.4,3.6,3.9,3.2,3.8,3.3,4.6,7.0,2.6,7.0,62.7,0,0,0,0,0,0
35.9,36.8,35.0,35.1,36.4,33.8,40.0,43.6,36.4,19.1,17.0,21.2,0.343,4.5,0.122,4.08,3.85,5.12,0.0958,2.94,2.06,0.0382,0.286,0.311,33.0,25.0,77,22,300,2.7,9.0,5.2,4.7,3.9,3.5,3.9,4.6,4.7,4.3,4.1,9.3,3.2,4.9,68.0,0,0,0,0,0,0
36.4,37.0,35.8,35.2,34.8,35.6,38.9,38.2,39.6,19.7,21.0,18.4,0.355,4.67,0.127,4.4,3.92,5.33,0.103,3.07,2.14,0.0372,0.291,0.323,32.3,24.0,68,21,300,3.1,8.5,4.5,2.8,4.4,3.7,3.1,4.9,5.0,4.6,3.6,9.3,2.9,6.7,67.1,0,0,0,0,0,0
36.5,35.6,37.4,34.1,34.0,34.2,39.3,39.4,39.2,18.9,17.2,20.6,0.356,4.87,0.127,4.48,4.0,5.44,0.102,3.15,2.23,0.0382,0.295,0.327,31.8,24.0,67,22,300,3.9,8.8,3.9,4.3,3.9,4.6,3.7,4.1,3.9,5.0,3.2,7.6,2.3,5.8,65.0,0,0,0,0,0,0
36.4,35.8,37.0,35.7,35.4,36.0,37.5,38.8,36.2,19.3,17.6,21.0,0.365,5.07,0.134,4.76,4.18,5.65,0.109,3.27,2.31,0.0374,0.3,0.353,31.8,24.0,75,23,300,3.8,10.9,3.6,4.5,3.5,3.8,3.2,4.7,3.7,4.0,3.3,7.7,2.5,6.3,65.5,0,0,0,0,0,0
37.4,37.4,37.4,35.1,34.8,35.4,38.2,38.4,38.0,19.9,18.0,21.8,0.411,5.55,0.143,5.28,4.66,6.32,0.119,3.67,2.55,0.0364,0.315,0.394,31.5,24.0,69,21,300,1.8,8.7,4.0,3.9,4.4,4.2,3.4,4.7,4.4,4.2,3.8,9.0,2.1,6.3,64.9,0,0,0,0,0,0
41.6,40.6,42.6,38.2,40.4,36.0,40.5,38.8,42.2,19.2,18.0,20.4,0.374,5.35,0.131,4.82,4.45,5.89,0.113,3.42,2.37,0.0386,0.213,0.36,37.6,28.0,94,29,400,40.8,11.6,6.3,4.7,5.1,5.8,4.1,5.3,4.2,5.7,5.7,11.0,3.3,5.3,119.0,0,0,0,0,0,0
42.5,41.4,43.6,38.8,36.2,41.4,45.0,43.2,46.8,18.9,16.0,21.8,0.391,5.43,0.135,4.88,4.6,6.08,0.113,3.53,2.47,0.0375,0.217,0.38,35.7,27.0,78,25,400,4.2,10.7,4.6,5.9,5.7,4.3,4.4,6.5,6.2,4.0,6.4,9.0,3.2,9.3,84.4,0,0,0,0,0,0
41.6,40.0,43.2,39.9,40.4,39.4,41.8,39.4,44.2,18.9,19.6,18.2,0.405,5.58,0.141,5.09,4.88,6.3,0.121,3.66,2.57,0.0374,0.223,0.387,34.1,26.0,70,23,400,4.2,11.3,5.8,5.5,5.1,5.7,5.7,7.2,5.2,5.1,5.4,12.4,4.5,5.9,89.0,0,0,0,0,0,0
44.2,42.0,46.4,39.4,40.6,38.2,41.7,41.0,42.4,19.2,18.6,19.8,0.415,5.7,0.139,5.24,5.08,6.36,0.122,3.81,2.63,0.0371,0.226,0.391,33.6,26.0,79,23,400,3.1,13.7,6.8,5.9,6.1,5.4,5.2,4.3,4.6,5.3,6.1,11.5,3.1,7.6,88.7,0,0,0,0,0,0
43.4,46.8,40.0,38.9,40.4,37.4,41.2,42.8,39.6,19.1,18.4,19.8,0.431,5.87,0.147,5.27,5.21,6.75,0.127,3.89,2.73,0.0373,0.232,0.413,33.3,25.0,72,25,400,4.0,10.7,5.1,6.4,5.5,6.1,5.4,3.6,5.9,5.5,5.8,11.3,4.3,8.6,88.2,0,0,0,0,0,0
43.3,46.0,40.6,37.5,35.8,39.2,44.3,43.2,45.4,20.7,21.4,20.0,0.462,5.99,0.153,5.35,5.42,6.98,0.134,4.03,2.87,0.0384,0.236,0.425,33.1,25.0,73,24,400,3.6,12.6,7.3,5.5,5.9,5.6,5.5,5.2,5.2,6.1,4.4,10.8,3.9,7.2,88.8,0,0,0,0,0,0
42.9,44.8,41.0,38.1,36.6,39.6,43.2,41.6,44.8,19.9,19.2,20.6,0.478,6.07,0.16,5.53,5.53,7.06,0.14,4.12,2.91,0.0365,0.241,0.436,33.0,25.0,75,24,400,3.0,11.3,5.2,5.6,6.5,5.0,4.3,4.4,4.9,6.5,4.7,10.5,4.0,6.5,82.4,0,0,0,0,0,0
47.4,49.2,45.6,38.0,35.4,40.6,43.2,42.0,44.4,18.6,19.4,17.8,0.504,6.27,0.168,5.53,5.68,7.3,0.146,4.25,2.99,0.0376,0.244,0.442,32.7,25.0,71,23,400,4.5,11.5,5.7,6.7,5.3,5.3,5.0,6.4,5.8,5.9,4.9,10.7,4.2,8.0,89.9,0,0,0,0,0,0
43.5,42.4,44.6,37.9,36.4,39.4,43.4,43.2,43.6,19.3,21.4,17.2,0.568,6.86,0.18,6.16,6.36,8.14,0.162,4.66,3.3,0.0367,0.264,0.498,32.5,25.0,73,24,400,3.6,11.8,5.3,4.9,5.4,6.4,5.9,6.6,4.8,5.8,5.0,11.4,3.9,8.4,89.2,0,0,0,0,0,0
43.8,43.4,44.2,30.0,27.6,32.4,49.8,48.2,51.4,18.9,21.6,16.2,0.208,2.15,0.0857,2.07,1.69,2.53,0.0548,1.4,1.06,0.0372,0.115,0.175,42.0,31.0,91,33,200,46.0,9.33,2.67,4.67,4.0,4.33,4.0,2.33,3.0,4.67,2.33,8.0,4.33,2.67,102.0,0,0,0,0,0,0
31.8,31.2,32.4,29.4,30.6,28.2,31.5,35.2,27.8,19.3,22.2,16.4,0.22,2.27,0.0885,2.19,1.88,2.72,0.0672,1.55,1.14,0.037,0.122,0.188,34.3,25.0,61,18,200,9.4,6.8,3.6,2.0,2.9,2.7,2.6,2.2,2.8,4.1,3.1,6.5,2.1,3.2,54.0,0,0,0,0,0,0
32.2,33.2,31.2,27.5,25.6,29.4,33.4,35.0,31.8,19.8,19.4,20.2,0.213,2.46,0.0879,2.4,2.0,2.88,0.0658,1.65,1.23,0.0388,0.128,0.2,31.6,23.0,61,19,200,1.9,6.4,2.9,3.5,3.1,1.3,2.3,2.1,3.4,2.7,3.0,6.6,1.5,3.2,43.9,0,0,0,0,0,0
35.0,33.4,36.6,30.0,30.8,29.2,32.6,32.2,33.0,20.5,22.2,18.8,0.216,2.63,0.0881,2.53,2.18,3.11,0.0645,1.74,1.32,0.0377,0.131,0.212,30.9,22.0,70,22,200,1.7,6.0,3.0,2.3,2.4,2.0,1.8,2.9,2.8,2.7,2.5,6.0,1.2,5.5,42.8,0,0,0,0,0,0
33.2,33.6,32.8,29.3,29.4,29.2,33.0,32.8,33.2,19.4,16.4,22.4,0.234,2.84,0.094,2.7,2.38,3.28,0.0668,1.89,1.39,0.0377,0.138,0.224,30.6,22.0,77,21,200,2.2,6.0,2.6,3.0,3.4,2.4,2.7,2.3,2.8,2.6,3.6,6.5,2.6,4.2,46.9,0,0,0,0,0,0
31.5,33.6,29.4,29.6,26.0,33.2,32.2,28.6,35.8,20.8,22.0,19.6,0.229,2.98,0.0905,2.8,2.51,3.44,0.0671,1.96,1.45,0.0377,0.141,0.227,30.1,22.0,63,20,200,3.3,4.9,1.9,2.8,2.2,3.3,1.7,3.2,2.8,3.4,2.0,4.6,0.8,3.5,40.4,0,0,0,0,0,0
32.5,33.4,31.6,28.6,31.2,26.0,30.2,27.2,33.2,18.6,22.2,15.0,0.23,3.11,0.0912,2.98,2.66,3.6,0.0658,2.1,1.5,0.0375,0.144,0.238,29.5,22.0,64,21,200,2.1,5.5,1.9,3.5,2.6,2.5,3.1,2.5,3.1,2.3,2.0,5.6,1.6,4.1,42.4,0,0,0,0,0,0
32.9,30.8,35.0,28.6,27.6,29.6,32.9,35.4,30.4,19.7,20.6,18.8,0.24,3.3,0.093,3.17,2.8,3.77,0.0689,2.22,1.56,0.0367,0.149,0.246,29.3,21.0,70,20,200,2.2,5.3,3.3,2.7,2.8,2.2,1.8,2.5,3.2,3.1,4.0,5.1,1.6,3.3,43.1,0,0,0,0,0,0
32.6,34.6,30.6,29.0,29.8,28.2,31.6,29.6,33.6,19.3,17.0,21.6,0.246,3.43,0.0964,3.33,3.01,4.06,0.0723,2.35,1.65,0.0385,0.154,0.258,29.0,21.0,62,21,200,1.9,5.1,3.5,2.8,3.0,2.5,3.1,2.8,2.9,3.0,3.5,6.2,1.9,3.2,45.4,0,0,0,0,0,0
35.8,38.0,33.6,29.8,29.8,29.8,34.2,35.6,32.8,18.3,23.2,13.4,0.281,3.76,0.103,3.73,3.36,4.44,0.079,2.64,1.85,0.0385,0.167,0.289,29.1,21.0,73,22,200,1.8,5.2,2.6,3.3,2.4,2.1,3.8,3.1,3.2,3.0,2.7,5.7,1.5,3.6,44.0,0,0,0,0,0,0
37.0,36.4,37.6,35.9,35.4,36.4,37.3,39.0,35.6,19.6,20.0,19.2,0.262,3.75,0.0972,3.59,3.29,4.24,0.0749,2.42,1.68,0.0384,0.162,0.252,39.7,27.0,110,25,300,23.7,7.6,5.0,4.9,3.5,4.3,3.4,4.9,5.1,4.4,5.0,7.9,3.0,6.8,89.5,0,0,0,0,0,0
36.0,38.2,33.8,36.7,37.0,36.4,39.3,38.0,40.6,19.9,18.4,21.4,0.274,3.92,0.102,3.69,3.31,4.48,0.0778,2.57,1.78,0.0368,0.284,0.263,35.8,25.0,65,21,300,2.6,9.5,4.9,4.9,3.4,4.1,3.6,3.0,4.2,3.3,4.5,8.2,3.3,6.2,65.7,0,0,0,0,0,0
40.1,38.2,42.0,38.1,38.4,37.8,40.0,40.8,39.2,19.6,18.4,20.8,0.296,4.1,0.113,3.91,3.52,4.71,0.0874,2.7,1.82,0.0391,0.292,0.286,34.0,25.0,67,22,300,3.1,7.8,3.4,3.2,3.9,4.4,4.5,4.4,4.4,4.0,3.7,8.1,2.5,6.7,64.1,0,0,0,0,0,0
36.5,34.0,39.0,35.7,34.6,36.8,36.5,36.2,36.8,19.0,16.8,21.2,0.324,4.23,0.116,4.03,3.64,4.86,0.0905,2.84,1.93,0.039,0.3,0.3,33.2,24.0,68,21,300,3.1,8.4,4.5,4.7,4.2,5.5,3.8,4.2,3.6,4.1,5.4,9.1,3.4,6.2,70.2,0,0,0,0,0,0
38.6,37.6,39.6,35.3,38.2,32.4,39.4,39.0,39.8,20.4,17.4,23.4,0.356,4.45,0.125,4.21,3.82,5.09,0.101,3.0,1.99,0.0372,0.305,0.322,32.6,24.0,66,23,300,3.1,8.3,3.5,3.7,4.3,2.8,4.2,3.9,4.3,4.4,4.6,7.8,2.6,5.1,62.6,0,0,0,0,0,0
36.7,38.0,35.4,36.0,35.4,36.6,36.9,35.2,38.6,19.5,21.2,17.8,0.366,4.67,0.126,4.44,3.99,5.24,0.103,3.07,2.08,0.0391,0.317,0.331,32.2,24.0,70,22,300,2.8,9.8,5.3,4.7,4.2,3.9,3.5,4.5,3.9,3.7,3.0,8.6,3.4,5.7,67.0,0,0,0,0,0,0
36.6,33.6,39.6,35.4,37.2,33.6,40.5,40.8,40.2,19.7,23.0,16.4,0.375,4.85,0.131,4.49,4.12,5.4,0.108,3.22,2.16,0.0392,0.324,0.346,32.0,24.0,71,23,300,2.4,8.9,4.1,4.6,3.3,4.5,5.0,2.5,4.9,3.8,4.7,8.1,2.2,4.4,63.4,0,0,0,0,0,0
38.1,35.8,40.4,33.2,30.4,36.0,39.4,40.4,38.4,19.8,15.2,24.4,0.396,5.03,0.135,4.68,4.32,5.69,0.11,3.26,2.26,0.0372,0.332,0.36,31.9,24.0,74,23,300,3.3,7.6,3.8,3.5,4.5,4.4,3.8,4.0,4.2,4.5,4.3,9.2,3.1,4.8,65.0,0,0,0,0,0,0
36.4,36.6,36.2,33.1,31.6,34.6,37.9,38.0,37.8,19.7,23.0,16.4,0.428,5.58,0.143,5.2,4.76,6.22,0.116,3.67,2.48,0.0371,0.348,0.393,31.6,24.0,62,22,300,3.7,9.4,5.5,4.9,3.6,4.3,3.5,3.2,3.6,3.4,4.3,9.0,1.8,5.5,65.7,0,0,0,0,0,0
43.0,40.6,45.4,37.2,37.6,36.8,43.8,42.0,45.6,19.7,16.4,23.0,0.382,5.4,0.132,4.99,4.45,5.86,0.104,3.46,2.33,0.0367,0.219,0.357,35.0,27.0,85,28,400,40.1,10.3,6.5,4.3,6.2,4.8,4.5,3.9,3.9,5.3,5.9,9.8,3.5,6.8,116.0,0,0,0,0,0,0
40.4,40.6,40.2,40.5,41.8,39.2,42.4,45.2,39.6,20.4,23.4,17.4,0.405,5.5,0.136,5.04,4.52,5.97,0.11,3.52,2.41,0.0365,0.224,0.371,32.5,25.0,64,22,400,3.9,12.5,5.8,5.6,5.1,5.8,4.9,5.7,4.6,6.1,6.0,11.6,4.6,6.6,88.8,0,0,0,0,0,0
41.4,43.0,39.8,38.0,35.6,40.4,42.6,41.8,43.4,20.0,22.8,17.2,0.423,5.55,0.14,5.11,4.67,6.16,0.115,3.66,2.54,0.0374,0.228,0.381,32.0,25.0,76,23,400,2.7,11.1,4.3,6.0,5.3,5.6,6.0,5.3,6.2,5.7,6.4,12.1,3.8,7.7,88.2,0,0,0,0,0,0
42.6,42.2,43.0,39.2,37.8,40.6,42.1,39.8,44.4,19.7,20.8,18.6,0.435,5.8,0.144,5.37,4.82,6.44,0.12,3.82,2.59,0.0375,0.232,0.39,32.3,25.0,77,25,400,4.3,12.0,6.3,5.2,5.6,5.8,4.5,4.2,4.9,5.8,5.5,11.3,4.1,9.2,88.7,0,0,0,0,0,0
42.8,41.8,43.8,37.9,36.2,39.6,42.6,42.6,42.6,19.0,18.0,20.0,0.46,5.89,0.15,5.55,4.98,6.58,0.125,3.92,2.7,0.0373,0.234,0.404,31.9,25.0,70,24,400,3.4,11.4,5.9,6.1,6.7,5.4,5.7,5.6,4.8,5.7,5.1,10.7,4.7,6.9,88.1,0,0,0,0,0,0
44.3,41.8,46.8,39.6,37.6,41.6,44.1,44.2,44.0,19.0,19.4,18.6,0.492,6.09,0.16,5.59,5.07,6.84,0.135,4.0,2.79,0.0363,0.236,0.419,31.9,25.0,79,24,400,3.8,10.5,5.1,6.1,5.9,5.3,5.9,5.2,5.5,7.0,4.9,11.3,3.9,8.5,88.9,0,0,0,0,0,0
43.6,41.2,46.0,41.2,39.2,43.2,41.7,42.2,41.2,19.7,21.4,18.0,0.513,6.16,0.169,5.82,5.17,7.17,0.141,4.1,2.85,0.0371,0.24,0.436,31.9,25.0,75,25,400,3.3,11.1,5.7,6.6,4.2,4.9,4.7,5.1,5.0,7.0,5.3,11.9,4.7,7.6,87.1,0,0,0,0,0,0
44.2,43.0,45.4,40.9,41.0,40.8,45.7,47.0,44.4,20.0,19.6,20.4,0.569,6.42,0.18,5.99,5.46,7.4,0.155,4.26,2.97,0.0362,0.246,0.462,32.0,25.0,76,25,400,3.9,10.9,5.1,5.8,5.7,5.7,3.9,5.5,5.2,5.8,6.6,13.0,5.3,7.8,90.2,0,0,0,0,0,0
43.9,41.0,46.8,39.6,39.0,40.2,42.1,41.0,43.2,19.2,19.8,18.6,0.632,7.06,0.195,6.62,6.07,8.24,0.171,4.71,3.29,0.0372,0.265,0.518,32.0,25.0,76,24,400,4.0,11.2,4.2,6.4,6.0,5.0,6.0,6.0,5.5,6.4,5.3,12.4,3.8,9.0,91.2,0,0,0,0,0,0
43.4,42.2,44.6,31.4,32.4,30.4,48.0,48.6,47.4,19.3,18.2,20.4,0.166,2.06,0.0779,1.85,1.73,2.4,0.0522,1.3,0.929,0.0382,0.113,0.155,39.8,30.0,84,30,200,35.0,7.0,2.0,2.0,3.0,2.5,2.0,2.0,2.75,3.5,4.0,5.0,2.0,3.5,76.3,0,0,0,0,0,0
32.4,33.4,31.4,30.2,30.8,29.6,31.6,29.2,34.0,19.3,23.2,15.4,0.172,2.2,0.0797,1.99,1.91,2.57,0.0527,1.45,1.01,0.0373,0.119,0.169,34.4,26.0,69,20,200,8.9,6.0,2.3,3.4,3.4,3.5,2.2,3.7,3.2,3.1,2.5,7.3,1.7,3.4,54.6,0,0,0,0,0,0
33.8,33.2,34.4,29.6,30.2,29.0,32.0,32.4,31.6,19.1,15.8,22.4,0.2,2.4,0.0863,2.19,2.07,2.82,0.0623,1.55,1.09,0.0371,0.125,0.18,32.8,25.0,72,21,200,1.9,5.0,2.8,2.5,2.7,2.9,2.2,2.3,2.8,3.1,1.9,6.0,2.3,4.1,42.5,0,0,0,0,0,0
33.5,35.6,31.4,29.9,30.4,29.4,32.7,32.8,32.6,19.1,16.2,22.0,0.218,2.56,0.0904,2.31,2.26,2.96,0.066,1.72,1.2,0.037,0.129,0.193,31.5,24.0,63,21,200,1.9,5.2,2.7,2.2,3.4,3.0,3.1,2.2,2.9,3.1,4.2,6.1,2.1,3.2,45.3,0,0,0,0,0,0
32.8,31.4,34.2,29.5,29.8,29.2,31.4,30.6,32.2,19.5,17.4,21.6,0.218,2.69,0.0905,2.49,2.41,3.21,0.0662,1.82,1.26,0.0369,0.133,0.205,30.7,23.0,64,20,200,1.9,5.4,2.8,2.6,2.7,2.2,2.7,2.7,2.3,2.3,3.2,4.9,0.9,4.5,41.1,0,0,0,0,0,0
32.8,34.4,31.2,29.7,27.4,32.0,31.8,34.0,29.6,18.5,19.2,17.8,0.224,2.89,0.0928,2.64,2.59,3.4,0.0674,1.95,1.36,0.037,0.139,0.215,30.2,23.0,65,22,200,1.8,5.9,3.1,3.2,2.9,3.1,3.0,2.3,2.3,2.4,3.5,6.0,2.2,4.3,46.0,0,0,0,0,0,0
32.3,33.2,31.4,29.9,32.0,27.8,31.5,30.6,32.4,20.4,20.6,20.2,0.243,3.07,0.0935,2.76,2.74,3.6,0.0706,2.05,1.42,0.0369,0.143,0.224,29.7,23.0,63,20,200,1.5,4.7,2.8,2.8,3.3,3.4,1.6,2.9,2.2,3.2,2.6,4.3,1.8,4.5,41.6,0,0,0,0,0,0
32.6,32.0,33.2,29.1,25.6,32.6,32.7,32.4,33.0,20.3,17.4,23.2,0.256,3.27,0.0977,2.92,2.97,3.79,0.0741,2.2,1.52,0.037,0.149,0.243,29.5,22.0,64,21,200,2.2,5.4,2.8,2.7,3.3,2.5,3.5,2.4,3.6,2.8,2.3,6.4,2.3,3.7,45.9,0,0,0,0,0,0
31.4,33.6,29.2,33.5,34.6,32.4,30.7,30.0,31.4,20.5,20.4,20.6,0.272,3.43,0.103,3.07,3.19,4.03,0.0783,2.32,1.61,0.0371,0.156,0.254,29.3,22.0,62,21,200,1.7,6.3,2.3,2.7,2.3,2.2,3.1,3.1,2.9,3.0,2.5,6.3,1.9,4.2,44.5,0,0,0,0,0,0
33.1,31.4,34.8,30.8,29.4,32.2,31.0,28.0,34.0,20.2,20.8,19.6,0.298,3.78,0.111,3.46,3.54,4.52,0.085,2.63,1.81,0.0379,0.169,0.286,29.2,22.0,66,20,200,1.7,5.1,2.7,2.3,4.2,3.4,2.6,2.9,3.5,2.3,2.3,6.2,1.7,3.1,44.0,0,0,0,0,0,0
40.4,40.0,40.8,34.0,32.8,35.2,37.8,38.2,37.4,20.1,17.8,22.4,0.292,3.81,0.107,3.33,3.47,4.26,0.0815,2.54,1.7,0.038,0.162,0.269,36.3,28.0,79,27,300,23.6,9.4,4.2,4.1,5.3,4.3,4.0,3.7,4.8,4.3,3.4,9.9,3.1,6.9,91.0,0,0,0,0,0,0
39.5,40.6,38.4,34.0,35.0,33.0,37.4,39.6,35.2,19.4,22.0,16.8,0.304,3.93,0.113,3.46,3.72,4.5,0.0889,2.64,1.79,0.0373,0.268,0.288,33.5,26.0,65,21,300,2.8,8.3,4.1,4.5,5.1,4.0,3.5,4.2,3.6,3.0,4.9,10.2,3.0,5.6,66.8,0,0,0,0,0,0
40.2,39.6,40.8,33.3,34.6,32.0,37.5,34.6,40.4,20.7,22.6,18.8,0.318,4.11,0.116,3.58,3.9,4.69,0.0922,2.78,1.9,0.036,0.278,0.292,32.1,25.0,61,21,300,2.1,8.1,5.0,4.3,4.4,3.3,4.3,4.8,4.4,4.2,4.4,8.4,2.6,4.8,65.1,0,0,0,0,0,0
38.9,39.6,38.2,33.4,33.4,33.4,36.7,36.8,36.6,19.6,22.6,16.6,0.321,4.18,0.119,3.63,3.98,4.88,0.0961,2.9,1.98,0.0371,0.281,0.311,31.7,24.0,68,23,300,2.7,10.5,4.7,4.0,4.3,4.2,2.9,4.0,5.1,4.9,4.9,9.0,2.9,5.2,69.3,0,0,0,0,0,0
38.5,37.0,40.0,35.5,34.2,36.8,37.3,38.4,36.2,20.0,21.0,19.0,0.344,4.3,0.126,3.83,4.19,5.1,0.101,2.97,2.06,0.038,0.287,0.33,31.3,24.0,67,23,300,3.0,7.6,3.8,3.5,4.8,4.1,4.2,3.0,4.0,5.1,3.4,8.6,3.5,6.1,64.7,0,0,0,0,0,0
37.3,39.2,35.4,33.3,31.0,35.6,38.4,37.6,39.2,18.7,20.8,16.6,0.351,4.46,0.125,3.92,4.33,5.25,0.102,3.16,2.16,0.0361,0.29,0.334,31.0,24.0,71,22,300,3.3,9.8,3.1,4.5,4.7,4.1,3.4,4.4,3.7,4.2,4.8,8.7,2.3,5.7,66.7,0,0,0,0,0,0
40.1,40.4,39.8,34.4,37.6,31.2,37.9,39.4,36.4,20.3,20.6,20.0,0.353,4.67,0.126,4.04,4.6,5.45,0.105,3.24,2.26,0.0372,0.297,0.351,30.8,24.0,72,22,300,2.9,8.5,4.4,3.6,4.0,5.1,3.8,3.2,3.8,4.2,3.9,8.6,1.9,6.3,64.2,0,0,0,0,0,0
37.1,37.2,37.0,34.3,36.2,32.4,37.6,38.8,36.4,20.8,21.0,20.6,0.373,4.82,0.135,4.13,4.78,5.67,0.11,3.39,2.29,0.0384,0.303,0.366,30.7,24.0,66,23,300,2.3,8.8,4.3,3.9,3.2,4.3,4.2,3.9,4.6,4.4,4.2,8.6,3.2,4.3,64.2,0,0,0,0,0,0
39.9,42.8,37.0,34.3,35.8,32.8,36.1,34.8,37.4,20.7,18.2,23.2,0.416,5.4,0.146,4.57,5.35,6.27,0.123,3.73,2.58,0.0364,0.32,0.4,30.6,24.0,69,23,300,2.4,7.2,4.6,4.5,3.9,3.6,3.5,3.8,3.7,4.2,5.4,9.5,3.1,6.3,65.7,0,0,0,0,0,0
40.0,37.2,42.8,38.5,37.6,39.4,39.3,42.2,36.4,19.7,22.4,17.0,0.39,5.15,0.138,4.41,4.97,5.98,0.118,3.44,2.41,0.038,0.212,0.373,37.5,29.0,89,29,400,39.1,11.7,6.1,5.8,4.5,5.7,4.5,4.4,4.9,5.2,5.9,10.9,3.8,7.6,120.0,0,0,0,0,0,0
43.0,42.2,43.8,37.0,35.0,39.0,43.3,44.4,42.2,19.3,22.0,16.6,0.408,5.32,0.139,4.57,4.98,6.17,0.122,3.65,2.5,0.037,0.218,0.383,35.4,27.0,72,24,400,3.6,10.1,5.6,6.3,5.5,6.7,5.3,5.3,5.1,5.7,6.7,11.3,3.7,7.2,88.1,0,0,0,0,0,0
41.1,41.2,41.0,38.5,38.2,38.8,41.9,41.8,42.0,21.3,19.8,22.8,0.398,5.53,0.14,4.81,5.14,6.32,0.116,3.7,2.53,0.039,0.22,0.391,34.4,26.0,74,23,400,3.4,9.8,6.5,5.5,6.1,4.4,5.6,5.0,4.5,4.9,6.6,11.4,3.0,8.2,84.9,0,0,0,0,0,0
41.3,38.8,43.8,37.8,38.4,37.2,42.3,45.0,39.6,21.1,23.6,18.6,0.408,5.63,0.143,4.99,5.3,6.48,0.123,3.77,2.69,0.0391,0.226,0.398,33.8,26.0,78,23,400,4.3,11.4,5.1,5.1,6.7,5.6,5.8,5.4,4.3,6.1,6.4,11.2,3.5,7.4,88.3,0,0,0,0,0,0
41.6,40.6,42.6,38.0,36.8,39.2,41.5,40.8,42.2,19.7,18.2,21.2,0.433,5.89,0.151,5.09,5.38,6.76,0.131,3.89,2.75,0.0382,0.231,0.414,33.3,25.0,73,24,400,4.0,12.4,4.9,4.5,5.1,6.1,5.3,5.5,5.7,5.7,6.0,10.7,3.8,7.6,87.3,0,0,0,0,0,0
40.9,43.2,38.6,37.0,36.8,37.2,40.3,41.0,39.6,20.1,20.4,19.8,0.443,5.97,0.153,5.36,5.38,6.86,0.133,4.0,2.84,0.0393,0.238,0.424,33.3,25.0,80,24,400,3.7,11.9,6.9,5.2,5.4,5.5,5.1,5.1,5.6,5.7,6.2,11.7,3.3,7.3,88.6,0,0,0,0,0,0
41.9,42.0,41.8,38.7,38.4,39.0,42.2,40.8,43.6,20.4,25.0,15.8,0.445,6.15,0.149,5.44,5.5,7.0,0.132,4.13,2.93,0.0381,0.239,0.426,33.3,25.0,81,24,400,3.3,12.1,6.1,4.9,5.7,4.7,5.2,4.8,5.6,5.5,6.2,11.6,2.8,7.6,86.1,0,0,0,0,0,0
42.5,43.6,41.4,37.9,38.8,37.0,42.2,44.8,39.6,21.0,21.8,20.2,0.464,6.26,0.158,5.7,5.55,7.27,0.138,4.15,2.98,0.0381,0.245,0.446,33.2,25.0,75,25,400,3.3,10.1,6.1,4.9,4.5,6.0,5.8,5.4,4.9,6.0,6.3,11.0,3.8,7.5,85.6,0,0,0,0,0,0
42.4,44.8,40.0,42.1,43.6,40.6,41.1,40.8,41.4,20.8,20.0,21.6,0.522,6.92,0.17,6.25,6.22,8.08,0.151,4.63,3.24,0.0381,0.263,0.495,33.0,25.0,78,23,400,4.4,11.1,5.4,6.0,6.3,4.5,5.8,5.3,4.8,4.8,5.6,10.0,3.5,6.7,84.2,0,0,0,0,0,0
43.7,44.4,43.0,28.3,28.2,28.4,52.1,51.2,53.0,19.2,18.8,19.6,0.136,2.08,0.0679,1.89,1.76,2.41,0.0434,1.34,0.965,0.0358,0.117,0.139,41.1,29.0,90,29,200,40.0,6.33,4.0,4.0,2.33,2.33,2.0,5.67,5.33,3.67,1.33,6.0,0.333,3.0,86.3,0,0,0,0,0,0
33.2,35.0,31.4,30.0,29.6,30.4,32.7,35.8,29.6,18.9,16.6,21.2,0.156,2.24,0.0721,2.04,1.89,2.6,0.0479,1.45,1.03,0.0377,0.121,0.158,34.0,25.0,64,18,200,9.4,6.4,2.5,2.9,2.3,3.2,2.8,3.6,2.8,3.4,2.5,6.6,1.8,4.0,54.2,0,0,0,0,0,0
32.8,32.8,32.8,31.2,34.4,28.0,34.4,34.2,34.6,18.7,20.2,17.2,0.166,2.4,0.0742,2.24,1.95,2.73,0.0518,1.56,1.11,0.0356,0.125,0.168,31.3,22.0,65,19,200,1.5,6.3,2.4,2.9,2.8,2.2,2.3,2.9,3.2,3.7,2.4,5.9,1.8,3.6,43.9,0,0,0,0,0,0
30.6,27.8,33.4,30.5,30.0,31.0,32.2,33.6,30.8,18.7,16.8,20.6,0.182,2.54,0.0809,2.43,2.06,2.94,0.0559,1.67,1.22,0.0365,0.13,0.185,30.2,22.0,61,21,200,2.4,6.5,2.4,2.9,2.9,2.9,2.3,3.6,2.5,3.5,2.4,6.8,2.3,3.1,46.5,0,0,0,0,0,0
31.9,31.6,32.2,28.1,26.6,29.6,36.6,35.0,38.2,19.1,19.0,19.2,0.211,2.75,0.0866,2.72,2.24,3.21,0.0626,1.82,1.29,0.0374,0.136,0.208,29.7,22.0,68,21,200,1.9,5.8,2.3,1.9,2.7,3.6,2.3,1.9,1.6,2.2,3.3,5.9,2.4,4.8,42.6,0,0,0,0,0,0
31.4,31.0,31.8,31.0,31.8,30.2,32.7,33.4,32.0,19.8,21.2,18.4,0.227,2.96,0.0914,2.92,2.36,3.39,0.0665,1.97,1.39,0.0358,0.14,0.224,28.9,21.0,63,18,200,2.0,6.4,3.1,4.0,2.5,1.9,3.5,2.0,2.6,2.8,2.8,5.5,1.8,3.4,44.3,0,0,0,0,0,0
31.2,28.2,34.2,29.2,31.2,27.2,32.6,31.8,33.4,19.1,17.4,20.8,0.244,3.12,0.0955,3.09,2.46,3.61,0.069,2.1,1.47,0.0367,0.149,0.238,28.7,21.0,62,21,200,2.3,5.6,3.5,3.3,2.6,2.3,2.3,3.3,2.3,3.2,2.6,6.0,1.6,3.7,44.6,0,0,0,0,0,0
31.3,30.2,32.4,29.6,30.6,28.6,32.8,31.8,33.8,20.2,19.0,21.4,0.252,3.32,0.0971,3.34,2.58,3.8,0.0726,2.22,1.56,0.0366,0.151,0.253,28.3,21.0,60,20,200,1.5,6.3,2.8,3.3,2.8,2.5,3.2,2.0,2.2,2.9,2.8,6.1,1.9,4.0,44.3,0,0,0,0,0,0
31.9,30.0,33.8,29.9,28.2,31.6,32.8,36.0,29.6,18.6,21.4,15.8,0.26,3.53,0.0988,3.6,2.73,3.99,0.0739,2.35,1.64,0.0367,0.156,0.269,28.2,21.0,68,20,200,2.4,6.5,2.7,2.6,3.4,2.7,2.1,3.6,1.8,3.0,2.9,5.1,1.6,4.0,44.4,0,0,0,0,0,0
34.6,34.8,34.4,28.9,27.8,30.0,33.1,32.4,33.8,18.7,20.6,16.8,0.284,3.91,0.104,3.91,3.06,4.41,0.0826,2.6,1.81,0.0367,0.169,0.293,27.9,21.0,62,20,200,2.2,5.1,3.0,3.1,2.8,2.2,3.6,2.6,2.3,2.2,2.9,5.1,1.4,4.1,42.6,0,0,0,0,0,0
37.8,38.2,37.4,35.2,36.2,34.2,39.5,41.2,37.8,18.6,15.6,21.6,0.277,3.86,0.102,3.69,3.1,4.23,0.0777,2.42,1.7,0.0357,0.165,0.261,38.6,30.0,93,31,300,25.1,7.0,4.7,4.4,3.7,5.1,4.2,4.3,3.6,4.7,4.5,9.0,2.5,6.5,89.3,0,0,0,0,0,0
36.0,34.2,37.8,35.7,37.0,34.4,40.3,40.4,40.2,19.0,18.2,19.8,0.27,4.01,0.1,3.77,3.28,4.41,0.0763,2.57,1.82,0.0367,0.284,0.268,35.2,27.0,69,21,300,3.0,9.9,3.5,4.5,4.4,4.1,4.9,3.9,3.4,4.5,2.7,6.9,2.5,5.0,63.2,0,0,0,0,0,0
37.5,35.6,39.4,34.5,33.2,35.8,38.5,40.0,37.0,19.9,19.6,20.2,0.304,4.08,0.111,3.86,3.47,4.62,0.0859,2.72,1.94,0.0368,0.291,0.29,33.6,26.0,68,22,300,2.5,9.3,3.1,3.9,4.8,3.9,4.6,4.3,5.3,5.1,4.9,9.8,3.9,4.9,70.3,0,0,0,0,0,0
36.8,34.8,38.8,36.2,38.2,34.2,37.0,38.2,35.8,19.5,19.4,19.6,0.306,4.26,0.112,3.94,3.68,4.73,0.088,2.78,2.04,0.0368,0.295,0.294,33.1,25.0,69,24,300,3.5,8.8,4.6,4.3,3.7,3.3,4.0,3.5,4.0,4.3,4.7,8.2,2.8,5.9,65.6,0,0,0,0,0,0
36.2,39.6,32.8,34.5,32.8,36.2,36.5,38.4,34.6,18.8,20.0,17.6,0.306,4.34,0.114,3.97,3.84,5.0,0.0899,2.96,2.14,0.0377,0.298,0.303,32.3,25.0,67,22,300,1.8,9.6,4.4,4.5,4.9,3.5,4.3,4.7,4.1,3.4,3.3,7.3,1.8,5.6,63.2,0,0,0,0,0,0
38.5,37.2,39.8,33.9,31.8,36.0,39.7,39.0,40.4,19.1,15.2,23.0,0.344,4.46,0.123,4.14,4.09,5.24,0.0999,3.09,2.22,0.0368,0.306,0.326,32.0,24.0,73,22,300,2.6,9.6,3.6,4.2,4.1,4.3,5.0,4.4,4.3,4.3,4.3,9.3,3.1,5.5,68.6,0,0,0,0,0,0
35.3,32.6,38.0,33.9,34.4,33.4,38.3,38.2,38.4,19.5,23.4,15.6,0.364,4.7,0.127,4.3,4.27,5.38,0.103,3.25,2.34,0.0379,0.308,0.341,31.5,24.0,67,22,300,2.2,9.4,4.1,3.8,4.9,4.7,3.7,4.7,4.2,4.2,4.0,8.7,3.2,5.3,67.1,0,0,0,0,0,0
39.8,40.0,39.6,34.4,35.2,33.6,40.3,40.2,40.4,18.7,16.0,21.4,0.373,4.85,0.132,4.38,4.49,5.67,0.11,3.28,2.4,0.036,0.313,0.358,31.4,24.0,68,25,300,2.8,8.7,4.6,3.9,3.6,3.6,5.3,3.6,2.8,5.3,4.5,8.8,2.7,7.1,67.3,0,0,0,0,0,0
38.3,39.2,37.4,34.4,34.4,34.4,40.3,41.6,39.0,19.7,20.2,19.2,0.417,5.37,0.146,4.94,5.02,6.3,0.12,3.72,2.69,0.0368,0.333,0.397,31.1,24.0,64,23,300,3.1,7.0,3.9,4.7,3.8,4.6,4.4,3.7,3.9,4.1,3.6,7.8,3.0,6.6,64.2,0,0,0,0,0,0
42.2,42.4,42.0,39.5,35.4,43.6,41.5,39.6,43.4,19.2,19.4,19.0,0.399,5.35,0.137,4.78,4.68,6.06,0.114,3.49,2.46,0.0369,0.209,0.37,35.8,28.0,85,29,400,40.1,9.9,4.6,5.2,4.9,6.1,4.7,6.1,5.2,4.4,4.8,10.1,3.1,7.2,116.0,0,0,0,0,0,0
41.2,38.8,43.6,38.2,40.6,35.8,43.4,41.0,45.8,18.6,22.2,15.0,0.422,5.41,0.14,5.07,4.8,6.23,0.118,3.58,2.55,0.0367,0.211,0.369,34.1,26.0,81,22,400,4.4,10.8,5.1,5.1,5.2,5.0,5.6,6.0,6.5,5.9,4.7,11.5,3.7,7.0,86.5,0,0,0,0,0,0
41.8,40.2,43.4,39.6,38.0,41.2,45.0,45.8,44.2,19.6,21.0,18.2,0.438,5.64,0.147,5.2,4.77,6.36,0.123,3.73,2.62,0.0366,0.218,0.385,33.1,25.0,72,22,400,4.0,10.2,5.3,5.2,5.1,6.0,4.7,5.1,5.5,5.5,5.2,11.5,3.7,8.5,85.5,0,0,0,0,0,0
42.0,40.8,43.2,40.2,42.2,38.2,44.9,44.4,45.4,19.3,20.6,18.0,0.47,5.75,0.156,5.39,4.89,6.5,0.13,3.83,2.75,0.0357,0.224,0.389,33.4,26.0,79,27,400,4.1,11.3,5.3,4.9,7.0,5.7,5.4,6.3,4.7,5.1,6.2,11.9,4.5,9.1,91.5,0,0,0,0,0,0
42.1,42.2,42.0,40.4,38.8,42.0,44.9,43.4,46.4,20.0,23.6,16.4,0.494,6.05,0.16,5.62,4.99,6.81,0.136,3.95,2.83,0.0374,0.23,0.41,33.2,25.0,77,24,400,2.9,10.1,5.7,6.4,6.7,6.4,4.7,5.5,4.8,5.2,6.1,14.1,4.9,6.7,90.2,0,0,0,0,0,0
42.4,42.0,42.8,38.7,37.0,40.4,44.5,46.2,42.8,21.6,19.2,24.0,0.52,6.2,0.165,5.88,5.07,7.05,0.139,4.16,3.01,0.0365,0.238,0.421,33.2,25.0,82,24,400,3.2,10.2,5.0,6.0,6.7,5.3,4.3,6.8,6.1,5.6,4.7,13.0,4.1,8.9,89.9,0,0,0,0,0,0
41.1,42.2,40.0,38.6,36.6,40.6,43.0,40.4,45.6,20.1,20.4,19.8,0.532,6.24,0.167,5.96,5.14,7.35,0.143,4.28,3.07,0.0365,0.243,0.441,33.1,25.0,78,24,400,4.2,12.4,5.7,5.7,5.0,5.1,5.5,5.7,5.5,5.0,5.7,11.9,3.6,7.7,88.7,0,0,0,0,0,0
42.3,41.0,43.6,37.7,39.6,35.8,44.6,45.4,43.8,19.1,20.8,17.4,0.518,6.39,0.168,6.06,5.17,7.32,0.143,4.29,3.16,0.0365,0.24,0.443,33.4,25.0,82,25,400,3.9,10.6,5.0,5.0,5.0,4.3,5.8,6.2,5.8,5.1,4.7,10.7,3.6,10.2,85.9,0,0,0,0,0,0
44.6,43.0,46.2,41.0,41.0,41.0,47.1,44.2,50.0,19.6,20.0,19.2,0.58,7.04,0.183,6.62,5.9,8.08,0.156,4.76,3.52,0.0366,0.263,0.499,33.4,25.0,80,25,400,4.7,12.9,4.7,4.1,5.6,5.9,6.6,5.8,5.7,5.0,4.9,10.5,3.5,5.9,85.8,0,0,0,0,0,0
41.0,40.6,41.4,27.8,27.8,27.8,50.8,50.0,51.6,18.6,14.6,22.6,0.134,2.16,0.0674,1.91,1.66,2.27,0.0446,1.27,0.926,0.0381,0.113,0.147,41.4,33.0,94,34,200,52.0,6.0,3.33,4.33,4.33,5.0,3.0,4.0,1.33,5.0,4.33,4.67,2.0,5.67,105.0,0,0,0,0,0,0
32.1,32.8,31.4,31.5,30.4,32.6,32.9,30.4,35.4,19.0,22.4,15.6,0.137,2.27,0.0709,2.08,1.77,2.44,0.0451,1.4,0.987,0.037,0.117,0.154,34.1,26.0,67,18,200,7.5,7.0,2.7,2.4,3.4,2.3,1.8,3.1,2.7,2.5,2.8,5.4,1.7,3.0,48.3,0,0,0,0,0,0
33.7,34.6,32.8,27.9,27.4,28.4,34.3,33.8,34.8,19.0,16.2,21.8,0.148,2.4,0.076,2.31,1.91,2.68,0.05,1.52,1.05,0.0361,0.12,0.168,31.8,24.0,62,20,200,2.1,4.4,2.6,2.6,3.1,2.5,2.4,3.6,2.7,2.4,3.0,4.9,1.5,3.6,41.4,0,0,0,0,0,0
30.1,30.0,30.2,30.6,33.0,28.2,33.8,34.6,33.0,19.4,16.6,22.2,0.167,2.58,0.0803,2.51,1.98,2.82,0.054,1.62,1.15,0.0379,0.127,0.178,30.4,23.0,67,19,200,2.7,4.5,2.9,3.3,3.0,2.9,2.7,2.4,1.9,3.0,2.1,5.1,2.0,4.5,43.0,0,0,0,0,0,0
31.5,34.0,29.0,31.0,33.2,28.8,32.8,31.2,34.4,19.5,18.2,20.8,0.195,2.76,0.0833,2.71,2.13,3.0,0.0587,1.76,1.26,0.0367,0.133,0.196,29.7,22.0,65,19,200,2.1,6.7,3.0,3.2,2.6,3.5,3.5,2.9,2.7,2.7,2.5,6.0,2.2,3.4,47.0,0,0,0,0,0,0
31.3,33.8,28.8,28.9,29.2,28.6,33.4,31.8,35.0,18.7,22.6,14.8,0.216,2.97,0.088,2.92,2.26,3.28,0.0653,1.89,1.33,0.0368,0.139,0.213,29.0,22.0,59,20,200,1.8,5.0,2.9,2.9,2.8,3.4,2.6,2.8,2.6,2.3,2.9,7.4,2.3,3.8,45.5,0,0,0,0,0,0
30.4,28.0,32.8,29.3,28.4,30.2,33.3,36.0,30.6,18.8,19.6,18.0,0.242,3.09,0.0959,3.13,2.37,3.43,0.0701,2.06,1.44,0.0368,0.146,0.227,28.6,21.0,64,20,200,1.2,5.4,2.9,2.9,2.8,1.8,3.5,2.8,2.5,2.8,2.9,5.8,1.9,3.4,42.6,0,0,0,0,0,0
32.5,31.0,34.0,30.2,31.0,29.4,35.1,36.4,33.8,18.9,20.6,17.2,0.262,3.25,0.0985,3.36,2.45,3.62,0.0738,2.18,1.52,0.0362,0.15,0.239,28.5,21.0,77,19,200,2.1,6.6,2.9,2.1,2.8,3.1,2.2,3.0,3.4,2.2,1.8,6.0,1.9,4.3,44.4,0,0,0,0,0,0
29.8,31.8,27.8,29.9,30.6,29.2,31.7,27.4,36.0,19.2,18.4,20.0,0.252,3.44,0.0992,3.54,2.62,3.8,0.0765,2.27,1.6,0.0363,0.154,0.256,28.2,21.0,57,20,200,2.4,6.3,2.8,2.5,2.6,3.0,1.9,2.1,2.5,2.6,2.7,4.4,1.0,4.1,40.9,0,0,0,0,0,0
34.8,32.8,36.8,29.2,29.2,29.2,35.5,37.2,33.8,19.5,16.2,22.8,0.301,3.83,0.109,3.98,2.95,4.28,0.0863,2.59,1.8,0.0383,0.166,0.285,28.2,21.0,74,21,200,1.8,4.9,2.2,3.1,3.9,3.8,2.7,2.8,2.6,2.3,2.6,6.5,2.3,3.8,45.3,0,0,0,0,0,0
36.3,39.0,33.6,35.5,34.4,36.6,35.7,33.4,38.0,18.8,21.2,16.4,0.286,3.86,0.108,3.71,3.03,4.23,0.084,2.47,1.73,0.0365,0.162,0.272,38.9,29.0,100,26,300,23.5,9.4,4.6,3.9,4.0,4.1,3.8,4.4,4.1,4.0,3.8,8.8,2.8,5.3,86.5,0,0,0,0,0,0
36.7,39.6,33.8,33.1,29.8,36.4,40.4,40.2,40.6,19.2,20.6,17.8,0.294,3.91,0.112,3.75,3.17,4.32,0.0858,2.6,1.83,0.0374,0.286,0.277,35.7,26.0,71,21,300,2.7,7.8,4.4,4.1,4.5,4.0,3.0,4.0,3.9,4.0,5.7,8.5,2.3,4.4,63.3,0,0,0,0,0,0
36.7,37.0,36.4,34.0,35.6,32.4,34.3,35.8,32.8,20.7,21.0,20.4,0.287,4.07,0.108,3.78,3.34,4.43,0.0841,2.72,1.87,0.0376,0.291,0.289,33.7,24.0,64,21,300,3.4,9.6,3.7,4.0,3.6,4.6,3.7,3.4,4.1,3.6,5.1,7.3,1.7,4.4,62.2,0,0,0,0,0,0
37.1,37.0,37.2,33.5,31.8,35.2,38.3,37.6,39.0,19.1,21.8,16.4,0.299,4.22,0.112,3.96,3.61,4.69,0.0866,2.82,1.98,0.0387,0.298,0.302,32.7,24.0,76,21,300,2.5,10.9,4.0,4.0,3.9,4.5,3.3,4.5,4.5,4.5,5.2,8.3,2.9,4.8,67.8,0,0,0,0,0,0
37.2,37.8,36.6,34.1,31.0,37.2,39.7,44.0,35.4,19.7,20.2,19.2,0.312,4.34,0.117,4.11,3.85,4.91,0.0948,2.92,2.06,0.0386,0.3,0.319,32.1,23.0,70,22,300,2.7,9.1,4.4,3.3,3.6,2.9,3.1,4.4,4.6,5.5,3.9,11.2,3.5,4.4,66.6,0,0,0,0,0,0
37.4,34.0,40.8,37.2,37.8,36.6,37.0,36.2,37.8,18.3,15.2,21.4,0.324,4.55,0.12,4.19,4.02,5.08,0.0976,3.07,2.15,0.0377,0.307,0.332,31.8,23.0,75,21,300,3.9,8.2,3.5,3.9,4.4,3.8,3.7,4.2,4.7,4.2,3.7,7.8,2.6,7.2,65.8,0,0,0,0,0,0
38.8,36.8,40.8,34.4,31.2,37.6,39.1,39.0,39.2,19.9,18.2,21.6,0.344,4.71,0.125,4.27,4.19,5.27,0.101,3.2,2.24,0.0377,0.312,0.345,31.8,23.0,74,25,300,2.9,6.6,5.0,4.4,4.3,4.6,3.3,3.8,5.5,3.7,3.1,8.4,2.3,6.6,64.5,0,0,0,0,0,0
38.4,37.8,39.0,34.4,36.8,32.0,40.5,38.4,42.6,19.2,22.2,16.2,0.363,4.89,0.13,4.37,4.45,5.49,0.108,3.28,2.29,0.0369,0.32,0.355,31.6,23.0,70,24,300,2.9,8.4,4.7,3.3,4.0,4.2,2.7,4.5,4.5,3.9,4.1,7.2,3.3,6.9,64.6,0,0,0,0,0,0
40.2,40.8,39.6,35.1,34.2,36.0,38.7,41.4,36.0,20.0,22.4,17.6,0.405,5.45,0.141,4.89,5.0,6.22,0.119,3.71,2.59,0.038,0.339,0.402,31.5,23.0,73,22,300,3.0,8.0,3.8,3.6,4.0,5.6,3.7,5.4,4.6,3.6,4.0,9.5,3.1,6.2,68.1,0,0,0,0,0,0
45.3,43.8,46.8,39.0,40.2,37.8,47.0,46.2,47.8,21.6,22.6,20.6,0.405,5.29,0.138,4.72,4.7,5.94,0.116,3.43,2.43,0.0372,0.212,0.372,37.4,28.0,94,30,400,39.6,10.0,6.1,4.0,5.2,4.7,5.3,6.0,6.4,6.0,6.5,10.7,3.3,6.0,120.0,0,0,0,0,0,0
42.1,41.0,43.2,38.9,36.2,41.6,44.0,42.8,45.2,20.6,20.6,20.6,0.434,5.5,0.151,5.0,4.95,6.19,0.125,3.67,2.53,0.0371,0.221,0.388,35.6,27.0,75,25,400,3.3,12.5,6.3,5.7,5.1,5.1,5.7,4.2,5.6,5.2,7.0,12.5,5.9,7.2,91.3,0,0,0,0,0,0
41.3,42.8,39.8,38.0,38.2,37.8,42.2,42.6,41.8,19.3,17.4,21.2,0.45,5.69,0.153,5.05,4.96,6.42,0.133,3.71,2.59,0.039,0.228,0.401,34.7,26.0,76,24,400,3.4,9.5,3.5,6.2,5.0,6.4,7.3,5.4,6.7,4.9,5.9,11.1,4.1,7.0,86.4,0,0,0,0,0,0
43.3,42.0,44.6,38.3,39.6,37.0,43.2,41.0,45.4,19.7,18.0,21.4,0.484,5.8,0.16,5.13,5.12,6.63,0.134,3.79,2.69,0.0389,0.23,0.406,34.6,26.0,78,25,400,4.2,9.9,5.3,6.4,6.8,5.4,5.4,6.3,5.7,4.3,5.3,12.6,4.6,7.3,89.5,0,0,0,0,0,0
44.9,46.8,43.0,37.9,39.6,36.2,44.5,43.4,45.6,19.5,19.2,19.8,0.506,5.87,0.165,5.12,5.37,6.7,0.148,3.89,2.73,0.0378,0.237,0.433,34.1,26.0,76,24,400,2.7,11.3,5.1,4.5,6.0,6.2,4.9,5.7,5.7,5.1,5.1,12.8,3.4,7.3,85.8,0,0,0,0,0,0
43.3,41.0,45.6,36.5,37.8,35.2,41.6,42.8,40.4,19.6,23.0,16.2,0.517,5.94,0.171,5.31,5.42,6.91,0.149,4.01,2.84,0.0379,0.237,0.441,34.1,26.0,83,25,400,3.6,12.3,5.5,6.1,5.8,4.6,4.8,4.3,5.9,5.4,6.4,12.7,5.1,7.4,89.9,0,0,0,0,0,0
42.8,44.0,41.6,39.4,38.6,40.2,44.0,44.2,43.8,18.8,17.4,20.2,0.511,6.18,0.17,5.44,5.62,7.07,0.151,4.14,2.92,0.0388,0.241,0.45,34.0,26.0,78,26,400,4.1,10.6,6.1,4.8,5.3,5.3,5.5,5.4,5.6,5.1,4.3,11.3,3.1,8.1,84.6,0,0,0,0,0,0
43.7,43.6,43.8,39.4,39.4,39.4,43.2,43.2,43.2,19.9,20.2,19.6,0.54,6.23,0.174,5.57,5.7,7.34,0.158,4.32,3.02,0.0367,0.244,0.462,33.9,26.0,83,24,400,5.6,12.3,4.9,4.9,4.3,6.9,4.8,4.7,5.8,6.5,7.1,11.4,3.9,7.0,90.1,0,0,0,0,0,0
45.2,43.0,47.4,39.5,40.2,38.8,43.5,42.6,44.4,20.3,18.4,22.2,0.602,6.88,0.191,6.13,6.42,8.18,0.174,4.73,3.39,0.0368,0.263,0.522,33.7,26.0,70,25,400,4.5,12.5,5.8,5.5,4.9,4.5,4.3,5.4,5.2,4.0,7.0,10.3,3.2,7.5,84.6,0,0,0,0,0,0
48.8,49.0,48.6,30.1,31.4,28.8,52.7,53.2,52.2,19.9,16.2,23.6,0.17,2.12,0.0796,1.89,1.72,2.43,0.0513,1.35,0.926,0.0367,0.115,0.155,41.4,30.0,90,30,200,35.3,3.0,2.67,2.67,2.0,2.0,2.33,6.67,2.0,2.67,4.0,3.33,1.0,3.33,73.0,0,0,0,0,0,0
31.6,31.8,31.4,30.5,28.6,32.4,34.0,33.6,34.4,18.5,21.0,16.0,0.178,2.23,0.08,2.0,1.83,2.56,0.0519,1.42,1.02,0.0367,0.117,0.159,34.9,26.0,64,20,200,11.3,5.6,2.3,3.4,3.1,2.5,3.1,3.5,3.8,2.9,3.0,7.0,2.3,3.8,57.6,0,0,0,0,0,0
31.1,31.4,30.8,30.1,29.2,31.0,33.2,30.4,36.0,18.6,21.0,16.2,0.181,2.39,0.0802,2.15,2.04,2.77,0.0536,1.52,1.09,0.0387,0.121,0.17,32.0,24.0,64,19,200,1.3,5.7,2.4,2.5,2.5,2.5,2.2,3.4,2.1,2.7,3.1,3.0,1.1,4.2,38.7,0,0,0,0,0,0
32.1,31.6,32.6,30.6,31.8,29.4,31.4,28.6,34.2,20.3,21.6,19.0,0.191,2.53,0.0824,2.31,2.22,2.89,0.0566,1.64,1.2,0.0387,0.126,0.184,30.8,23.0,65,20,200,2.5,5.5,2.4,3.6,2.9,2.2,2.8,2.6,2.9,2.6,2.8,5.6,1.6,3.6,43.6,0,0,0,0,0,0
32.6,33.0,32.2,31.6,29.2,34.0,33.5,33.6,33.4,19.1,19.6,18.6,0.197,2.67,0.0883,2.49,2.37,3.12,0.0621,1.8,1.27,0.0385,0.132,0.199,30.1,23.0,66,21,200,2.0,6.5,2.9,2.3,1.9,3.3,3.8,2.9,3.1,2.8,3.0,6.8,2.5,2.7,46.5,0,0,0,0,0,0
33.9,34.6,33.2,31.4,31.6,31.2,33.9,35.0,32.8,18.9,21.4,16.4,0.23,2.89,0.0938,2.66,2.56,3.29,0.0695,1.93,1.38,0.0368,0.136,0.211,29.7,22.0,66,21,200,2.6,4.9,3.2,2.5,2.7,3.6,2.9,1.9,2.1,3.7,2.8,6.6,2.6,3.3,45.4,0,0,0,0,0,0
32.7,33.8,31.6,30.1,30.6,29.6,33.2,31.4,35.0,19.0,21.6,16.4,0.25,3.06,0.101,2.82,2.67,3.56,0.0728,2.08,1.49,0.0387,0.143,0.227,29.4,22.0,67,21,200,1.7,5.9,3.1,3.0,2.9,2.2,3.6,2.7,3.1,2.0,4.0,6.1,2.9,3.5,46.7,0,0,0,0,0,0
32.9,33.0,32.8,29.7,26.4,33.0,31.9,33.0,30.8,18.7,21.4,16.0,0.26,3.19,0.105,2.98,2.88,3.69,0.078,2.19,1.59,0.0377,0.149,0.244,29.2,22.0,64,23,200,2.2,6.4,2.1,3.0,3.0,2.8,2.8,2.1,3.7,1.5,3.7,5.1,1.8,3.6,43.8,0,0,0,0,0,0
32.7,29.2,36.2,30.7,31.2,30.2,32.8,32.2,33.4,18.0,20.2,15.8,0.27,3.33,0.108,3.14,3.11,3.97,0.0817,2.31,1.66,0.0367,0.155,0.257,29.2,22.0,67,23,200,1.9,5.3,2.7,2.9,2.5,1.9,2.0,2.7,3.0,2.5,3.5,5.5,1.7,4.2,42.3,0,0,0,0,0,0
33.5,30.4,36.6,31.0,29.6,32.4,33.9,33.4,34.4,20.1,22.4,17.8,0.317,3.75,0.116,3.53,3.44,4.41,0.0911,2.62,1.88,0.0378,0.166,0.289,29.3,22.0,76,23,200,1.5,5.5,2.8,3.3,2.3,3.6,3.2,3.1,2.5,3.3,2.3,7.3,2.9,3.9,47.5,0,0,0,0,0,0
36.0,37.4,34.6,33.8,36.0,31.6,38.3,36.6,40.0,20.1,20.6,19.6,0.327,3.83,0.118,3.55,3.4,4.32,0.0953,2.53,1.84,0.0373,0.168,0.292,35.7,27.0,95,27,300,26.1,9.5,2.9,4.0,4.2,5.3,3.7,4.4,4.5,4.8,4.5,10.9,3.3,5.0,93.1,0,0,0,0,0,0
37.9,37.6,38.2,37.4,38.6,36.2,38.6,37.6,39.6,20.1,19.6,20.6,0.34,3.95,0.122,3.6,3.49,4.48,0.0978,2.65,1.95,0.0382,0.17,0.298,33.4,25.0,65,21,300,3.1,8.7,4.8,3.3,4.4,4.1,3.5,3.5,4.2,3.7,4.1,8.0,2.4,5.7,63.5,0,0,0,0,0,0
37.3,38.6,36.0,35.2,35.8,34.6,37.5,37.6,37.4,18.6,15.2,22.0,0.357,4.1,0.128,3.76,3.68,4.71,0.106,2.81,2.08,0.0362,0.306,0.313,32.7,24.0,75,22,300,2.4,9.5,4.5,4.4,3.7,4.2,4.6,3.6,4.9,4.8,4.6,10.6,4.2,3.6,69.6,0,0,0,0,0,0
37.3,38.6,36.0,34.6,34.6,34.6,37.4,37.6,37.2,18.8,18.4,19.2,0.367,4.24,0.132,3.85,3.79,4.88,0.106,2.92,2.15,0.0381,0.313,0.329,32.3,24.0,75,23,300,1.9,9.4,5.7,3.8,3.8,4.0,4.0,4.3,4.2,4.9,3.7,9.5,3.8,6.1,69.1,0,0,0,0,0,0
39.9,38.6,41.2,35.8,37.4,34.2,37.5,36.4,38.6,21.3,23.0,19.6,0.384,4.3,0.135,4.03,4.01,5.14,0.114,3.04,2.27,0.0369,0.318,0.346,31.9,24.0,73,23,300,2.7,9.0,5.0,3.7,4.3,3.5,4.3,3.7,4.5,4.4,3.6,7.9,2.8,5.5,64.9,0,0,0,0,0,0
37.2,34.6,39.8,35.1,37.6,32.6,35.9,33.0,38.8,19.6,20.0,19.2,0.415,4.58,0.144,4.22,4.14,5.27,0.12,3.21,2.35,0.0368,0.324,0.362,31.4,24.0,67,21,300,1.7,10.0,4.3,4.5,4.1,3.7,3.4,5.8,3.7,3.8,3.5,10.1,3.7,5.8,68.1,0,0,0,0,0,0
37.6,39.4,35.8,35.6,36.2,35.0,40.7,38.4,43.0,21.3,20.0,22.6,0.425,4.64,0.146,4.29,4.34,5.39,0.123,3.32,2.43,0.0377,0.332,0.368,31.1,23.0,67,22,300,3.0,10.0,4.7,3.4,3.6,3.9,4.2,5.2,3.1,3.6,4.0,8.0,2.9,5.9,65.5,0,0,0,0,0,0
38.3,40.4,36.2,35.6,33.2,38.0,38.2,38.8,37.6,19.0,18.4,19.6,0.423,4.8,0.144,4.43,4.51,5.66,0.122,3.41,2.48,0.0377,0.332,0.383,30.9,23.0,69,22,300,3.3,8.8,3.9,4.6,4.0,4.5,3.9,3.6,3.4,5.1,4.0,7.6,2.5,5.9,65.1,0,0,0,0,0,0
37.5,39.4,35.6,37.4,38.0,36.8,37.5,36.0,39.0,19.1,20.4,17.8,0.464,5.36,0.157,4.84,4.99,6.24,0.133,3.79,2.77,0.0358,0.35,0.423,30.9,23.0,72,24,300,3.3,8.3,4.9,4.7,3.2,5.4,4.1,3.6,3.8,4.2,4.4,9.0,2.8,5.2,66.9,0,0,0,0,0,0
40.6,40.6,40.6,38.0,37.2,38.8,42.7,45.2,40.2,21.3,21.6,21.0,0.425,5.24,0.143,4.63,4.61,5.94,0.121,3.52,2.47,0.0377,0.205,0.386,36.2,27.0,91,29,400,41.6,12.0,4.7,4.9,4.9,5.0,4.3,5.3,5.1,4.5,4.4,9.3,3.1,8.2,117.0,0,0,0,0,0,0
43.6,42.4,44.8,37.2,36.0,38.4,41.5,41.2,41.8,19.5,22.0,17.0,0.425,5.43,0.147,4.84,4.81,6.15,0.124,3.58,2.6,0.0361,0.209,0.395,34.7,26.0,78,23,400,3.3,10.5,5.6,5.9,6.3,4.8,5.5,6.6,5.8,3.9,6.1,12.4,4.3,7.5,88.5,0,0,0,0,0,0
40.3,40.4,40.2,38.0,38.8,37.2,41.5,40.6,42.4,19.5,18.4,20.6,0.432,5.5,0.149,4.98,4.89,6.29,0.125,3.69,2.68,0.037,0.213,0.402,33.7,25.0,74,23,400,4.1,11.4,6.2,5.6,5.5,6.4,5.6,3.9,7.5,5.3,4.7,11.5,4.0,8.4,90.1,0,0,0,0,0,0
42.6,41.4,43.8,39.3,40.2,38.4,46.1,45.6,46.6,20.4,19.8,21.0,0.434,5.66,0.147,5.12,5.06,6.47,0.123,3.81,2.71,0.0371,0.217,0.402,33.6,25.0,83,25,400,4.3,10.4,5.8,5.8,6.1,5.5,5.1,6.4,5.4,6.0,4.2,10.7,3.0,8.6,87.3,0,0,0,0,0,0
39.8,39.6,40.0,37.8,37.6,38.0,41.5,40.2,42.8,19.8,22.0,17.6,0.446,5.93,0.151,5.33,5.08,6.66,0.127,3.87,2.76,0.0372,0.224,0.422,32.8,25.0,73,22,400,2.8,10.6,4.9,5.1,5.5,5.4,5.8,5.8,5.9,5.5,6.4,12.6,4.2,5.7,86.2,0,0,0,0,0,0
40.8,41.4,40.2,40.4,39.0,41.8,42.1,40.2,44.0,19.5,19.8,19.2,0.449,5.87,0.151,5.41,5.16,6.88,0.126,4.03,2.85,0.0382,0.226,0.424,32.2,24.0,68,22,400,3.9,12.4,4.3,4.9,6.3,6.2,5.3,5.4,4.1,4.9,3.7,10.1,2.2,7.4,81.1,0,0,0,0,0,0
41.1,44.0,38.2,39.5,36.8,42.2,43.2,42.4,44.0,20.2,24.0,16.4,0.458,6.05,0.156,5.72,5.24,7.08,0.133,4.12,2.93,0.0364,0.228,0.447,32.2,24.0,77,24,400,2.3,11.2,6.1,6.9,5.3,6.4,6.1,4.9,5.0,4.0,5.9,12.5,3.7,8.1,88.4,0,0,0,0,0,0
43.7,44.2,43.2,38.0,39.0,37.0,43.6,45.8,41.4,19.8,15.8,23.8,0.483,6.21,0.161,5.81,5.42,7.22,0.14,4.2,3.01,0.0375,0.235,0.455,32.3,24.0,80,24,400,4.8,11.4,6.1,5.3,5.5,5.2,5.3,4.6,6.7,6.8,5.8,10.9,4.0,7.2,89.6,0,0,0,0,0,0
43.1,44.8,41.4,38.4,37.2,39.6,44.1,42.4,45.8,19.2,15.8,22.6,0.545,6.86,0.179,6.44,5.98,8.02,0.156,4.68,3.27,0.0374,0.256,0.511,32.3,24.0,74,24,400,5.2,11.2,6.1,5.6,6.2,6.0,5.7,5.7,5.1,4.3,4.8,11.1,4.6,7.2,88.8,0,0,0,0,0,0
47.3,47.4,47.2,28.3,30.4,26.2,53.4,52.0,54.8,19.9,20.0,19.8,0.145,2.17,0.0705,1.82,1.85,2.49,0.0444,1.31,0.972,0.0371,0.114,0.15,40.5,32.0,87,32,200,37.7,4.33,3.0,3.0,0.667,4.0,4.67,2.67,2.67,3.67,2.33,5.33,1.33,4.67,80.0,0,0,0,0,0,0
32.0,32.6,31.4,30.9,29.2,32.6,32.6,35.4,29.8,18.9,16.6,21.2,0.159,2.32,0.0748,2.0,2.0,2.66,0.0517,1.42,1.03,0.0363,0.12,0.164,34.6,26.0,67,20,200,10.7,6.7,3.8,2.8,3.1,3.2,2.5,2.1,3.4,2.8,2.4,6.6,2.6,3.6,56.3,0,0,0,0,0,0
30.3,31.8,28.8,31.1,29.2,33.0,33.2,32.0,34.4,20.4,22.6,18.2,0.178,2.46,0.0793,2.17,2.14,2.83,0.0534,1.56,1.11,0.0373,0.125,0.174,31.9,24.0,62,20,200,1.4,5.1,4.1,2.2,2.7,3.3,2.6,2.3,2.2,2.4,3.6,6.5,2.3,3.2,43.9,0,0,0,0,0,0
32.6,35.4,29.8,28.7,26.8,30.6,34.0,34.8,33.2,19.5,21.6,17.4,0.183,2.63,0.0806,2.28,2.28,3.04,0.0572,1.69,1.18,0.0374,0.129,0.19,30.8,23.0,68,21,200,2.5,6.3,2.7,4.2,2.9,2.8,2.9,2.5,2.6,1.9,2.8,4.9,1.6,3.3,43.9,0,0,0,0,0,0
31.9,33.0,30.8,29.7,26.6,32.8,33.7,33.0,34.4,18.4,15.4,21.4,0.208,2.8,0.0891,2.46,2.49,3.22,0.0633,1.86,1.29,0.0366,0.136,0.208,30.2,23.0,67,20,200,1.6,6.3,2.8,2.8,2.9,2.7,2.4,2.8,3.0,3.2,3.3,5.5,2.2,3.7,45.2,0,0,0,0,0,0
32.1,32.0,32.2,28.2,30.6,25.8,32.4,34.0,30.8,20.3,23.2,17.4,0.216,2.97,0.0898,2.6,2.56,3.4,0.0654,1.97,1.36,0.0373,0.142,0.219,29.7,22.0,68,19,200,1.7,5.6,1.5,3.5,2.5,2.2,2.8,3.6,2.7,3.2,2.4,4.8,1.5,3.8,41.8,0,0,0,0,0,0
32.5,33.0,32.0,31.2,30.8,31.6,32.7,34.0,31.4,19.5,16.4,22.6,0.231,3.15,0.0937,2.78,2.73,3.54,0.0684,2.07,1.44,0.0371,0.145,0.229,29.6,22.0,68,22,200,1.8,5.6,2.9,3.5,2.8,2.4,2.2,2.9,2.4,2.0,1.7,5.6,1.8,4.3,41.9,0,0,0,0,0,0
30.6,29.8,31.4,28.7,26.0,31.4,32.9,33.4,32.4,19.7,20.4,19.0,0.253,3.29,0.0988,2.98,2.85,3.72,0.0743,2.17,1.51,0.036,0.153,0.242,29.3,22.0,62,21,200,1.7,6.9,3.7,2.8,2.8,2.2,2.0,3.0,2.4,2.9,2.8,5.4,1.7,4.1,44.4,0,0,0,0,0,0
33.2,35.2,31.2,30.3,28.8,31.8,34.1,34.0,34.2,20.0,17.2,22.8,0.257,3.46,0.1,3.16,3.09,3.96,0.0756,2.29,1.58,0.036,0.158,0.253,29.3,22.0,66,21,200,2.4,5.6,2.8,2.1,3.5,1.7,2.8,2.5,3.2,2.6,3.0,5.2,1.3,3.6,42.3,0,0,0,0,0,0
32.3,34.4,30.2,30.2,28.2,32.2,33.4,33.6,33.2,19.0,21.6,16.4,0.3,3.84,0.108,3.49,3.38,4.4,0.0905,2.55,1.76,0.0379,0.17,0.284,29.1,22.0,64,21,200,2.5,4.5,3.7,2.3,3.4,2.7,3.0,1.9,2.6,3.6,2.5,5.6,1.8,4.1,44.2,0,0,0,0,0,0
38.8,37.6,40.0,35.6,34.2,37.0,38.9,40.4,37.4,19.6,20.8,18.4,0.294,3.88,0.106,3.34,3.32,4.29,0.0877,2.48,1.66,0.0374,0.164,0.262,38.4,29.0,100,27,300,25.7,9.0,3.0,4.1,4.6,4.8,3.8,3.5,4.1,4.5,4.8,8.6,2.8,6.3,89.6,0,0,0,0,0,0
37.2,37.4,37.0,33.2,33.4,33.0,42.8,44.0,41.6,19.6,20.6,18.6,0.314,4.06,0.113,3.46,3.5,4.45,0.092,2.54,1.79,0.0372,0.305,0.275,36.1,27.0,75,24,300,3.6,7.0,6.1,5.4,4.2,5.6,3.4,4.3,2.5,3.1,3.6,10.2,3.4,7.2,69.6,0,0,0,0,0,0
38.4,39.8,37.0,33.7,36.0,31.4,37.9,38.4,37.4,19.5,22.4,16.6,0.324,4.19,0.116,3.61,3.7,4.68,0.0951,2.71,1.84,0.0374,0.312,0.285,34.4,26.0,68,22,300,2.9,7.6,3.8,3.8,4.3,4.9,4.6,3.7,3.4,4.3,4.0,7.6,2.5,5.7,63.1,0,0,0,0,0,0
37.1,38.8,35.4,33.2,33.4,33.0,36.9,37.2,36.6,20.1,22.2,18.0,0.331,4.33,0.117,3.77,3.88,4.86,0.103,2.77,1.93,0.0365,0.319,0.297,33.1,25.0,67,22,300,2.3,7.5,4.4,3.3,4.4,4.4,3.7,4.8,4.0,2.9,5.9,9.2,2.5,7.6,66.9,0,0,0,0,0,0
38.6,39.2,38.0,36.5,39.8,33.2,38.2,37.4,39.0,19.5,18.2,20.8,0.352,4.43,0.125,3.94,4.06,5.11,0.111,2.98,2.02,0.0374,0.322,0.311,32.5,24.0,72,23,300,2.4,9.1,4.1,3.7,3.2,4.7,3.8,3.7,4.6,4.3,4.7,8.5,3.1,4.5,64.4,0,0,0,0,0,0
37.3,39.4,35.2,35.3,36.6,34.0,38.3,38.8,37.8,19.8,22.6,17.0,0.378,4.6,0.132,4.09,4.28,5.37,0.117,3.08,2.14,0.0376,0.327,0.323,32.0,24.0,68,22,300,2.8,8.3,4.7,5.4,4.4,3.5,4.5,3.9,4.6,3.6,4.6,8.7,3.2,4.6,66.8,0,0,0,0,0,0
37.7,40.4,35.0,37.2,36.8,37.6,37.1,36.0,38.2,20.4,19.6,21.2,0.39,4.82,0.137,4.21,4.47,5.44,0.121,3.29,2.21,0.0376,0.335,0.343,31.5,24.0,66,21,300,2.7,8.0,5.2,5.7,4.6,3.9,4.2,2.8,4.6,4.4,3.6,8.8,2.5,6.6,67.6,0,0,0,0,0,0
40.0,37.8,42.2,37.2,36.0,38.4,40.4,39.8,41.0,21.3,18.2,24.4,0.398,4.97,0.139,4.28,4.66,5.72,0.119,3.36,2.34,0.0377,0.336,0.356,31.5,24.0,72,24,300,2.6,8.8,4.2,3.2,4.6,4.5,3.4,4.6,3.9,4.3,3.9,8.9,3.7,5.5,66.1,0,0,0,0,0,0
37.9,35.2,40.6,34.4,32.0,36.8,38.6,38.8,38.4,19.7,16.4,23.0,0.458,5.54,0.154,4.77,5.15,6.28,0.134,3.75,2.58,0.0368,0.355,0.402,31.4,24.0,75,22,300,3.5,9.0,3.3,3.9,5.0,4.0,3.9,4.7,4.0,3.4,3.0,9.1,3.1,5.3,65.2,0,0,0,0,0,0
39.7,37.2,42.2,37.1,36.4,37.8,38.8,38.6,39.0,19.7,22.4,17.0,0.423,5.26,0.142,4.6,4.77,5.89,0.125,3.47,2.41,0.0366,0.21,0.365,36.7,29.0,89,30,400,41.2,12.7,5.2,4.7,6.1,6.0,3.7,5.6,5.1,4.3,5.0,12.1,4.0,7.4,123.0,0,0,0,0,0,0
41.9,41.2,42.6,38.8,41.6,36.0,44.0,42.0,46.0,19.6,19.0,20.2,0.43,5.26,0.15,4.64,4.98,6.13,0.127,3.53,2.52,0.0373,0.214,0.387,33.5,26.0,64,22,400,3.7,12.2,4.7,5.7,5.2,4.5,6.2,4.9,4.5,5.5,5.2,10.0,3.6,7.2,83.1,0,0,0,0,0,0
43.4,45.2,41.6,38.1,39.6,36.6,41.7,41.4,42.0,20.8,23.6,18.0,0.446,5.57,0.154,4.92,4.98,6.37,0.13,3.69,2.59,0.0381,0.214,0.39,33.4,26.0,79,24,400,5.7,10.1,5.7,5.4,6.7,5.8,5.0,6.0,4.5,5.2,7.4,13.1,4.0,8.7,93.3,0,0,0,0,0,0
42.5,43.6,41.4,37.8,35.8,39.8,41.1,39.4,42.8,19.8,18.0,21.6,0.45,5.79,0.152,5.02,5.16,6.52,0.128,3.83,2.68,0.0364,0.222,0.396,32.7,25.0,71,22,400,3.5,9.4,5.7,5.8,6.2,5.6,4.9,4.9,6.5,5.2,5.2,10.8,3.1,7.9,84.7,0,0,0,0,0,0
41.2,40.2,42.2,39.3,38.0,40.6,41.4,39.8,43.0,21.0,22.2,19.8,0.455,5.94,0.152,5.16,5.32,6.58,0.132,3.9,2.73,0.0371,0.221,0.41,32.2,25.0,74,22,400,3.6,11.4,6.2,6.0,5.7,5.7,4.7,5.7,5.8,5.5,5.3,10.0,3.5,7.1,86.2,0,0,0,0,0,0
41.8,45.8,37.8,38.6,37.4,39.8,41.1,39.4,42.8,19.3,22.4,16.2,0.466,6.04,0.154,5.35,5.27,6.76,0.134,3.98,2.79,0.0369,0.225,0.415,32.2,24.0,75,23,400,4.2,12.5,6.6,5.1,4.6,4.6,6.2,5.7,4.8,5.2,5.8,9.9,3.1,7.8,86.1,0,0,0,0,0,0
42.3,41.2,43.4,40.0,40.2,39.8,43.2,43.6,42.8,19.6,21.4,17.8,0.446,6.15,0.149,5.42,5.45,6.91,0.128,4.05,2.85,0.0367,0.23,0.419,32.2,25.0,72,24,400,3.6,11.9,6.3,4.7,5.0,6.2,5.3,4.9,4.9,6.9,5.3,11.1,2.7,6.7,85.5,0,0,0,0,0,0
41.8,43.2,40.4,41.0,41.2,40.8,43.5,41.2,45.8,18.9,22.6,15.2,0.462,6.24,0.157,5.65,5.63,7.25,0.135,4.2,2.99,0.0359,0.239,0.438,32.0,24.0,73,24,400,4.7,10.0,4.7,7.1,4.7,6.0,5.0,6.0,6.2,5.4,5.9,11.6,4.0,6.6,87.9,0,0,0,0,0,0
43.7,45.8,41.6,40.7,40.0,41.4,43.8,43.2,44.4,20.3,19.4,21.2,0.512,6.92,0.17,6.3,6.24,8.03,0.148,4.68,3.29,0.0358,0.255,0.49,32.0,24.0,72,24,400,3.6,12.0,6.4,4.8,4.5,5.7,5.4,6.6,5.3,5.0,5.8,11.0,3.7,7.9,87.7,0,0,0,0,0,0
44.2,42.2,46.2,29.8,29.0,30.6,50.3,48.2,52.4,19.2,20.2,18.2,0.181,2.13,0.0741,1.76,1.91,2.38,0.0478,1.33,0.999,0.037,0.113,0.145,39.4,32.0,85,32,200,45.7,7.67,4.0,1.67,4.0,2.67,2.67,4.0,1.67,3.33,3.67,4.67,1.33,7.67,94.7,0,0,0,0,0,0
33.1,33.6,32.6,31.7,34.2,29.2,30.2,30.0,30.4,20.6,17.8,23.4,0.199,2.28,0.078,1.95,2.02,2.57,0.0531,1.5,1.13,0.0359,0.119,0.161,32.6,26.0,60,19,200,8.3,6.6,2.2,3.5,3.3,3.6,2.0,2.7,3.6,2.8,1.8,6.6,2.6,3.8,53.4,0,0,0,0,0,0
32.7,33.6,31.8,30.6,30.6,30.6,32.3,31.6,33.0,19.8,19.6,20.0,0.211,2.46,0.0799,2.15,2.19,2.79,0.0549,1.59,1.2,0.0377,0.124,0.177,30.6,24.0,64,20,200,1.9,5.6,2.3,2.5,2.4,3.3,2.9,2.3,2.6,2.7,3.8,5.4,1.6,4.0,43.3,0,0,0,0,0,0
31.6,28.2,35.0,31.1,30.0,32.2,33.3,32.6,34.0,18.5,15.8,21.2,0.218,2.6,0.0837,2.26,2.37,3.0,0.0587,1.7,1.27,0.0369,0.13,0.191,29.7,23.0,65,21,200,2.0,5.8,2.9,2.1,2.7,2.6,3.6,2.9,3.0,3.3,1.7,6.6,2.3,3.2,44.7,0,0,0,0,0,0
35.0,33.8,36.2,30.7,29.6,31.8,31.9,28.8,35.0,19.0,19.0,19.0,0.205,2.76,0.0876,2.39,2.48,3.12,0.0617,1.82,1.33,0.036,0.134,0.195,29.2,23.0,64,21,200,1.6,5.2,2.9,2.2,3.7,2.3,3.5,2.6,3.1,3.5,1.5,5.2,1.5,3.4,42.2,0,0,0,0,0,0
34.8,35.0,34.6,31.1,29.4,32.8,33.2,31.0,35.4,18.7,18.0,19.4,0.215,2.88,0.0898,2.57,2.64,3.33,0.0643,1.94,1.41,0.0362,0.14,0.214,28.8,22.0,61,20,200,1.2,6.1,2.6,1.4,2.6,2.2,3.8,2.6,2.6,3.2,3.5,5.9,2.2,3.9,43.8,0,0,0,0,0,0
31.3,31.6,31.0,30.6,28.4,32.8,31.8,27.4,36.2,19.9,22.6,17.2,0.221,3.06,0.0934,2.71,2.82,3.48,0.0674,2.04,1.5,0.0372,0.144,0.223,28.6,22.0,64,21,200,1.6,5.1,2.7,3.3,2.9,3.3,2.8,3.0,3.4,3.6,2.2,5.3,1.6,3.8,44.6,0,0,0,0,0,0
32.5,31.0,34.0,33.1,33.8,32.4,33.6,34.6,32.6,20.5,17.8,23.2,0.239,3.22,0.099,2.96,2.91,3.7,0.0736,2.18,1.56,0.0371,0.151,0.24,28.3,22.0,59,21,200,1.6,5.2,3.6,3.1,2.5,2.9,2.2,2.6,2.5,2.8,2.2,6.1,2.0,4.2,43.5,0,0,0,0,0,0
36.2,34.2,38.2,31.3,33.6,29.0,33.6,32.6,34.6,19.5,21.6,17.4,0.274,3.41,0.105,3.21,3.18,4.01,0.0799,2.35,1.69,0.0373,0.159,0.265,28.6,22.0,71,24,200,2.4,5.9,2.5,2.4,2.7,4.2,2.4,3.4,3.6,2.7,2.4,7.3,2.2,3.8,47.9,0,0,0,0,0,0
34.3,33.2,35.4,32.1,32.0,32.2,33.7,33.2,34.2,18.8,18.8,18.8,0.31,3.82,0.115,3.55,3.53,4.49,0.0919,2.67,1.88,0.0365,0.172,0.298,28.5,22.0,61,21,200,2.1,6.1,3.1,3.0,2.7,2.3,3.5,2.5,2.6,2.9,2.7,7.0,2.4,3.6,46.5,0,0,0,0,0,0
37.8,35.8,39.8,35.9,33.0,38.8,37.4,36.6,38.2,19.4,22.4,16.4,0.307,3.79,0.113,3.36,3.4,4.36,0.0885,2.55,1.82,0.0375,0.166,0.28,37.7,28.0,92,27,300,25.2,8.7,4.4,5.1,3.1,4.8,4.4,3.7,3.6,4.0,4.0,8.6,3.7,6.4,89.7,0,0,0,0,0,0
40.7,41.0,40.4,34.9,32.0,37.8,36.9,38.2,35.6,20.8,23.2,18.4,0.329,3.95,0.121,3.59,3.64,4.59,0.093,2.7,1.94,0.0373,0.17,0.297,34.2,26.0,64,22,300,2.6,7.8,4.1,3.9,4.4,4.8,4.4,3.7,4.2,4.8,4.0,8.9,2.5,5.7,65.8,0,0,0,0,0,0
37.3,39.2,35.4,35.1,35.4,34.8,39.3,37.6,41.0,20.6,20.6,20.6,0.347,4.06,0.122,3.67,3.82,4.82,0.0992,2.85,2.03,0.0362,0.307,0.309,33.3,25.0,69,22,300,2.9,6.8,3.4,6.7,3.7,4.9,4.7,4.4,4.5,3.8,4.0,10.6,3.7,4.8,68.9,0,0,0,0,0,0
37.8,37.6,38.0,37.4,35.2,39.6,37.2,36.8,37.6,20.0,16.2,23.8,0.349,4.23,0.123,3.76,3.97,4.96,0.0997,2.94,2.11,0.0384,0.307,0.318,32.7,25.0,69,23,300,2.8,9.5,3.4,5.1,4.4,3.8,4.1,4.2,3.9,3.7,5.2,7.9,2.3,5.6,65.9,0,0,0,0,0,0
38.4,38.0,38.8,34.3,32.2,36.4,36.3,34.6,38.0,20.5,24.0,17.0,0.365,4.39,0.13,3.88,4.24,5.17,0.109,3.03,2.21,0.0365,0.313,0.331,32.5,25.0,73,24,300,2.2,9.5,3.2,5.2,4.8,4.0,3.7,4.1,4.3,3.4,3.7,8.9,3.3,7.1,67.4,0,0,0,0,0,0
40.4,42.6,38.2,34.3,36.4,32.2,37.3,34.2,40.4,20.9,19.6,22.2,0.373,4.52,0.133,4.0,4.33,5.35,0.107,3.13,2.26,0.0373,0.316,0.339,32.1,25.0,69,23,300,2.5,7.7,3.6,4.0,4.6,3.7,4.7,2.8,4.9,3.9,4.3,7.5,2.0,6.1,62.3,0,0,0,0,0,0
39.0,37.8,40.2,35.4,35.4,35.4,37.7,37.4,38.0,20.1,22.6,17.6,0.392,4.68,0.136,4.07,4.5,5.47,0.117,3.22,2.34,0.0375,0.321,0.35,31.7,24.0,72,21,300,2.8,9.2,2.8,4.3,5.0,4.5,4.6,3.1,3.4,3.3,4.0,7.9,3.5,5.7,64.1,0,0,0,0,0,0
38.8,38.8,38.8,33.2,35.6,30.8,37.0,34.4,39.6,18.4,19.8,17.0,0.409,4.8,0.142,4.18,4.67,5.72,0.12,3.33,2.44,0.0375,0.324,0.36,31.5,24.0,70,22,300,3.5,8.2,5.6,4.0,5.2,3.3,4.9,4.0,4.9,3.8,4.0,10.0,3.5,6.0,70.9,0,0,0,0,0,0
38.6,39.2,38.0,36.3,34.6,38.0,39.2,39.8,38.6,21.1,21.8,20.4,0.482,5.29,0.157,4.65,5.21,6.34,0.134,3.74,2.67,0.0376,0.344,0.405,31.4,24.0,75,23,300,2.6,6.3,4.1,3.0,4.7,3.1,4.4,4.8,4.1,4.9,4.4,8.3,3.5,4.7,62.9,0,0,0,0,0,0
42.2,46.4,38.0,39.6,40.6,38.6,42.2,43.0,41.4,20.3,17.0,23.6,0.451,5.25,0.145,4.52,4.89,6.15,0.125,3.41,2.44,0.0376,0.212,0.372,38.7,30.0,98,31,400,40.4,10.5,5.5,5.3,5.2,5.1,4.7,4.7,5.9,4.7,5.8,10.3,3.8,5.7,118.0,0,0,0,0,0,0
42.7,43.0,42.4,38.8,39.4,38.2,44.9,46.0,43.8,19.2,22.6,15.8,0.467,5.38,0.153,4.62,4.96,6.3,0.131,3.6,2.56,0.0375,0.217,0.383,36.4,28.0,73,24,400,3.3,12.8,5.6,5.3,5.5,5.4,5.5,4.4,5.7,5.6,5.1,12.3,4.0,8.2,88.7,0,0,0,0,0,0
42.0,44.2,39.8,38.0,35.6,40.4,41.0,39.8,42.2,20.8,18.0,23.6,0.482,5.52,0.156,4.84,5.1,6.46,0.141,3.68,2.65,0.0362,0.227,0.393,35.7,27.0,85,24,400,2.8,11.7,5.6,5.2,6.0,8.0,6.2,4.7,6.0,4.3,6.0,11.2,4.4,8.1,90.2,0,0,0,0,0,0
42.4,45.2,39.6,40.9,40.2,41.6,43.7,43.4,44.0,19.5,22.4,16.6,0.51,5.68,0.167,5.06,5.12,6.63,0.152,3.83,2.75,0.0373,0.231,0.417,35.2,27.0,81,25,400,4.2,12.8,6.9,5.0,3.4,5.6,5.4,5.2,5.2,5.0,5.8,12.2,4.7,6.4,87.8,0,0,0,0,0,0
44.5,44.6,44.4,42.1,43.4,40.8,42.1,41.8,42.4,19.8,24.0,15.6,0.55,5.87,0.177,5.21,5.29,6.97,0.159,4.0,2.88,0.0372,0.238,0.434,35.1,26.0,79,25,400,2.8,10.0,5.0,5.5,3.7,5.9,5.7,6.1,6.8,6.9,5.5,12.0,4.8,7.9,88.6,0,0,0,0,0,0
44.3,43.6,45.0,39.7,39.6,39.8,42.8,42.0,43.6,20.4,19.2,21.6,0.536,5.96,0.176,5.43,5.47,7.02,0.159,4.08,3.02,0.0373,0.244,0.444,34.7,26.0,76,25,400,3.6,13.4,4.1,5.7,5.2,5.6,6.0,3.7,7.4,5.4,4.8,11.1,3.8,8.4,88.2,0,0,0,0,0,0
41.2,39.4,43.0,35.7,35.6,35.8,40.1,39.6,40.6,19.3,18.4,20.2,0.555,6.15,0.181,5.6,5.4,7.22,0.16,4.19,3.08,0.0374,0.245,0.455,34.3,26.0,77,23,400,3.6,10.3,4.8,6.3,4.9,4.9,6.4,6.1,6.0,5.3,4.6,10.4,3.5,7.7,84.8,0,0,0,0,0,0
42.1,43.6,40.6,41.0,38.8,43.2,42.4,42.8,42.0,19.1,15.6,22.6,0.531,6.18,0.173,5.83,5.56,7.36,0.156,4.18,3.14,0.0382,0.247,0.461,34.0,26.0,74,24,400,5.3,11.1,5.2,4.0,5.9,5.0,6.2,5.7,4.3,4.3,7.0,10.5,2.8,8.3,85.6,0,0,0,0,0,0
42.9,41.4,44.4,40.1,39.4,40.8,41.9,40.4,43.4,19.8,20.8,18.8,0.576,6.81,0.186,6.37,6.16,8.17,0.17,4.67,3.44,0.0373,0.268,0.521,34.0,26.0,77,26,400,3.6,11.3,5.4,5.3,5.9,5.3,4.7,5.0,6.7,6.7,5.1,12.1,3.3,7.2,87.6,0,0,0,0,0,0
44.3,43.0,45.6,29.3,30.2,28.4,50.8,48.8,52.8,20.4,18.2,22.6,0.117,1.96,0.0649,1.7,1.9,2.41,0.0538,1.29,0.954,0.0382,0.114,0.141,42.5,33.0,87,34,200,46.7,8.67,4.33,4.0,3.67,3.67,2.33,4.67,2.67,2.0,1.67,6.33,2.0,3.33,96.0,0,0,0,0,0,0
31.5,34.0,29.0,30.2,33.0,27.4,31.0,29.0,33.0,18.2,22.6,13.8,0.116,2.21,0.0659,1.85,2.03,2.58,0.0528,1.37,1.03,0.0373,0.116,0.148,34.9,26.0,60,19,200,10.0,5.7,2.6,2.5,2.7,2.4,2.4,3.1,3.3,2.4,2.8,4.9,1.5,3.9,50.2,0,0,0,0,0,0
31.6,29.4,33.8,29.4,31.0,27.8,31.8,33.0,30.6,20.1,23.4,16.8,0.136,2.4,0.0724,2.03,2.16,2.83,0.059,1.51,1.11,0.0371,0.121,0.165,32.6,24.0,64,21,200,2.0,5.0,2.9,2.9,2.4,1.9,2.4,2.6,2.9,3.0,3.1,6.0,1.6,3.7,42.4,0,0,0,0,0,0
31.1,32.8,29.4,31.5,30.0,33.0,33.9,33.8,34.0,19.2,16.6,21.8,0.161,2.53,0.0769,2.23,2.31,2.96,0.0655,1.63,1.18,0.0372,0.126,0.181,31.1,23.0,65,20,200,1.9,4.6,2.3,2.9,2.8,2.7,2.9,2.4,4.0,2.4,2.6,5.8,2.5,4.1,43.9,0,0,0,0,0,0
33.5,33.8,33.2,27.5,28.0,27.0,35.4,34.6,36.2,19.0,18.0,20.0,0.181,2.72,0.0824,2.41,2.42,3.2,0.0703,1.77,1.28,0.0364,0.131,0.193,30.7,23.0,68,22,200,2.2,6.5,2.6,3.2,2.2,2.3,3.4,2.3,3.3,2.2,4.3,5.5,2.0,3.7,45.7,0,0,0,0,0,0
31.0,33.2,28.8,31.3,29.0,33.6,32.2,32.4,32.0,18.6,18.8,18.4,0.206,2.9,0.09,2.59,2.58,3.41,0.0622,1.9,1.33,0.0381,0.137,0.214,30.2,23.0,62,21,200,1.7,5.5,3.3,2.4,2.5,3.5,3.0,3.3,2.6,1.9,2.3,6.2,2.3,4.4,44.9,0,0,0,0,0,0
33.4,33.2,33.6,32.7,30.4,35.0,31.7,33.2,30.2,18.0,15.8,20.2,0.228,3.04,0.0946,2.77,2.76,3.56,0.0681,2.0,1.43,0.0371,0.141,0.225,29.6,22.0,63,20,200,1.8,5.9,2.8,2.9,3.1,3.5,3.6,2.6,1.7,1.5,2.9,6.1,1.9,3.2,43.5,0,0,0,0,0,0
31.5,33.4,29.6,29.8,31.6,28.0,32.1,32.8,31.4,19.3,20.0,18.6,0.262,3.23,0.104,2.99,2.91,3.84,0.0794,2.2,1.55,0.036,0.147,0.244,29.3,22.0,60,20,200,1.0,5.3,3.3,3.1,3.1,3.1,2.9,2.5,3.4,3.1,2.6,6.4,1.9,3.8,45.5,0,0,0,0,0,0
33.3,35.2,31.4,31.4,31.4,31.4,33.4,31.6,35.2,17.7,20.6,14.8,0.275,3.46,0.106,3.18,3.09,4.1,0.0861,2.35,1.65,0.038,0.155,0.264,29.3,22.0,66,22,200,1.9,6.3,2.0,2.6,2.5,3.1,3.2,3.5,2.7,3.2,1.9,6.5,2.4,3.6,45.4,0,0,0,0,0,0
33.4,30.6,36.2,33.7,34.2,33.2,32.5,33.4,31.6,18.3,16.0,20.6,0.315,3.84,0.117,3.52,3.46,4.54,0.0936,2.62,1.85,0.0379,0.167,0.293,29.2,22.0,65,21,200,1.3,5.4,2.9,2.2,2.6,2.8,2.6,3.3,2.2,3.4,2.7,5.4,2.5,4.3,43.6,0,0,0,0,0,0
36.4,34.2,38.6,32.0,33.4,30.6,36.5,35.8,37.2,18.2,21.4,15.0,0.315,3.76,0.115,3.43,3.38,4.35,0.0929,2.49,1.82,0.0366,0.164,0.276,37.4,28.0,96,27,300,24.0,10.6,4.1,3.6,4.2,5.0,3.1,4.1,4.8,4.1,4.3,8.5,3.5,4.9,88.8,0,0,0,0,0,0
38.0,37.8,38.2,36.2,37.8,34.6,37.6,40.8,34.4,19.1,22.8,15.4,0.331,3.9,0.12,3.6,3.53,4.54,0.0942,2.67,1.93,0.0387,0.169,0.293,34.4,26.0,67,22,300,2.0,7.4,4.7,3.2,4.4,4.5,3.9,3.9,4.8,4.9,4.4,8.5,2.4,6.2,65.2,0,0,0,0,0,0
35.0,35.0,35.0,34.7,34.2,35.2,41.8,42.4,41.2,18.5,21.6,15.4,0.33,4.05,0.117,3.63,3.67,4.66,0.0947,2.76,2.02,0.0387,0.315,0.297,34.0,25.0,83,24,300,3.0,8.6,4.5,4.2,4.8,3.5,4.8,3.3,3.4,4.9,5.2,9.4,2.6,5.8,68.0,0,0,0,0,0,0
34.5,37.4,31.6,33.3,31.6,35.0,33.9,32.8,35.0,17.8,19.0,16.6,0.33,4.27,0.118,3.73,3.83,4.82,0.0949,2.86,2.09,0.0387,0.317,0.299,32.8,24.0,65,22,300,3.2,8.4,4.1,4.2,3.7,3.7,4.2,4.3,4.2,3.6,5.4,7.8,2.4,5.5,64.7,0,0,0,0,0,0
39.4,39.2,39.6,34.2,32.4,36.0,38.2,38.0,38.4,19.2,19.2,19.2,0.355,4.37,0.127,3.9,4.03,5.07,0.104,2.96,2.15,0.0378,0.326,0.326,32.1,24.0,64,22,300,2.2,8.6,4.7,3.7,5.3,5.9,3.1,3.7,5.1,4.2,2.9,9.0,3.2,4.6,66.2,0,0,0,0,0,0
37.8,36.8,38.8,34.4,31.0,37.8,39.8,41.2,38.4,18.7,20.4,17.0,0.369,4.61,0.136,4.01,4.16,5.2,0.109,3.14,2.2,0.0377,0.332,0.33,31.4,24.0,65,21,300,3.1,8.2,5.1,3.4,3.9,4.2,3.4,4.5,4.6,3.7,4.0,8.9,3.2,6.3,66.5,0,0,0,0,0,0
36.6,36.4,36.8,31.8,30.4,33.2,37.2,38.2,36.2,18.5,22.2,14.8,0.379,4.68,0.133,4.22,4.3,5.44,0.111,3.18,2.22,0.0386,0.336,0.344,31.0,23.0,66,22,300,3.1,8.0,4.4,3.5,3.9,4.1,3.8,4.2,3.7,4.3,3.4,9.1,3.9,7.2,66.6,0,0,0,0,0,0
36.3,39.2,33.4,34.0,35.0,33.0,37.5,38.8,36.2,19.6,22.4,16.8,0.393,4.92,0.137,4.39,4.54,5.65,0.117,3.33,2.33,0.0366,0.338,0.354,30.9,23.0,67,22,300,3.1,9.0,4.8,3.8,3.7,4.3,5.7,3.1,4.2,4.2,3.4,7.7,2.0,4.9,63.9,0,0,0,0,0,0
36.7,34.8,38.6,33.5,33.0,34.0,40.1,40.0,40.2,18.6,21.2,16.0,0.438,5.54,0.15,4.86,5.1,6.34,0.13,3.68,2.55,0.0363,0.355,0.401,30.7,23.0,68,23,300,4.0,8.8,4.1,4.4,4.7,5.2,3.4,3.5,3.9,4.0,4.0,8.0,2.9,6.0,66.9,0,0,0,0,0,0
40.2,38.2,42.2,40.6,40.2,41.0,40.1,38.4,41.8,20.4,22.2,18.6,0.419,5.35,0.145,4.59,4.8,6.03,0.125,3.5,2.35,0.0378,0.346,0.367,37.1,29.0,88,30,400,40.4,10.4,4.7,4.8,4.8,5.3,4.7,5.8,5.2,4.6,5.5,10.3,3.7,7.7,118.0,0,0,0,0,0,0
41.1,40.4,41.8,40.2,37.0,43.4,41.9,40.8,43.0,19.5,20.2,18.8,0.446,5.42,0.151,4.76,4.92,6.2,0.13,3.59,2.47,0.0369,0.209,0.384,36.1,28.0,81,26,400,3.7,11.6,6.0,6.6,6.0,5.8,4.4,5.3,5.1,6.2,6.4,12.3,4.2,6.8,90.4,0,0,0,0,0,0
42.0,41.6,42.4,42.9,43.6,42.2,41.6,42.4,40.8,18.6,16.2,21.0,0.458,5.68,0.15,4.87,5.18,6.36,0.136,3.67,2.53,0.038,0.214,0.395,34.0,26.0,67,22,400,3.1,11.8,5.7,4.3,5.6,5.2,5.9,5.7,6.0,3.2,7.1,11.1,3.5,5.9,84.1,0,0,0,0,0,0
42.0,41.6,42.4,42.8,43.7,41.9,43.8,42.8,44.8,19.5,17.6,21.4,0.462,5.81,0.152,5.07,5.22,6.57,0.133,3.81,2.63,0.0381,0.219,0.399,33.8,26.0,76,25,400,3.1,10.8,4.5,6.5,5.2,5.6,5.1,5.0,5.1,5.4,6.0,10.9,3.9,10.4,87.5,0,0,0,0,0,0
39.5,39.0,40.0,39.5,39.6,39.4,42.0,39.8,44.2,19.2,18.2,20.2,0.443,5.84,0.15,5.09,5.35,6.68,0.131,3.89,2.73,0.0381,0.219,0.409,33.5,26.0,77,25,400,3.3,13.0,5.3,5.0,5.6,4.7,7.6,5.8,5.6,4.9,4.9,10.9,3.5,8.0,88.1,0,0,0,0,0,0
41.8,45.0,38.6,41.2,41.2,41.2,43.1,44.6,41.6,19.2,19.4,19.0,0.462,6.0,0.158,5.33,5.43,6.89,0.134,3.92,2.8,0.0391,0.225,0.423,33.3,26.0,77,24,400,4.8,10.8,5.0,4.5,6.2,5.9,5.8,4.3,4.5,5.4,6.6,9.8,2.7,7.3,83.6,0,0,0,0,0,0
41.5,42.6,40.4,43.5,42.4,44.6,41.1,42.0,40.2,19.2,16.2,22.2,0.478,6.09,0.165,5.39,5.55,7.07,0.14,4.09,2.96,0.0382,0.232,0.438,33.4,26.0,79,26,400,4.1,11.2,5.8,5.6,6.2,4.8,5.0,6.2,5.5,5.1,7.5,11.7,4.6,6.6,89.9,0,0,0,0,0,0
43.5,45.2,41.8,42.5,42.4,42.6,43.3,40.8,45.8,19.6,21.4,17.8,0.479,6.18,0.164,5.48,5.72,7.2,0.141,4.23,3.03,0.037,0.236,0.443,33.5,26.0,80,28,400,4.2,11.9,5.1,5.5,5.0,5.1,4.0,5.8,6.7,4.9,5.6,10.3,3.0,6.3,83.4,0,0,0,0,0,0
42.3,43.2,41.4,39.1,39.4,38.8,43.0,41.8,44.2,20.6,18.4,22.8,0.535,6.79,0.178,6.0,6.37,8.04,0.154,4.71,3.33,0.0377,0.256,0.499,33.2,26.0,70,24,400,3.6,9.5,6.3,5.7,5.0,6.1,4.5,4.8,6.6,5.9,6.1,11.8,3.4,7.3,86.6,0,0,0,0,0,0
42.3,41.6,43.0,30.6,28.6,32.6,50.1,49.8,50.4,19.8,18.6,21.0,0.132,2.14,0.0694,1.8,1.82,2.38,0.0435,1.31,0.968,0.0362,0.114,0.149,42.6,32.0,94,34,200,38.0,5.75,3.25,3.25,3.75,2.5,3.5,3.25,3.5,2.25,2.75,7.75,3.0,3.5,86.0,0,0,0,0,0,0
33.8,31.8,35.8,30.2,28.0,32.4,32.0,33.8,30.2,20.7,18.4,23.0,0.149,2.31,0.0748,1.98,1.97,2.58,0.0496,1.39,1.05,0.0373,0.121,0.165,36.1,27.0,62,22,200,7.5,5.4,2.3,3.5,2.9,3.2,3.4,2.2,2.9,3.3,2.5,7.0,2.3,4.0,52.4,0,0,0,0,0,0
31.3,33.6,29.0,30.2,32.8,27.6,32.5,35.2,29.8,19.5,17.6,21.4,0.171,2.42,0.0791,2.15,2.1,2.78,0.0547,1.54,1.13,0.038,0.127,0.178,33.4,25.0,66,20,200,1.3,5.3,4.0,3.6,2.9,2.2,1.9,2.3,2.9,2.9,2.4,6.2,2.2,2.8,42.9,0,0,0,0,0,0
32.4,34.0,30.8,28.9,25.4,32.4,32.2,29.0,35.4,19.9,22.6,17.2,0.181,2.58,0.0798,2.33,2.23,2.97,0.057,1.71,1.23,0.0372,0.131,0.189,32.0,24.0,64,21,200,1.9,6.1,1.7,3.0,2.4,3.5,2.6,2.4,2.8,2.9,3.3,5.3,1.2,3.8,42.9,0,0,0,0,0,0
32.3,33.4,31.2,30.9,30.0,31.8,32.7,30.4,35.0,19.9,23.2,16.6,0.202,2.67,0.0885,2.5,2.37,3.12,0.0644,1.8,1.34,0.037,0.136,0.206,30.9,23.0,63,20,200,1.9,5.0,2.1,2.5,2.3,3.0,2.9,2.5,2.8,2.8,3.0,5.6,2.5,3.4,42.3,0,0,0,0,0,0
31.6,33.8,29.4,32.1,30.4,33.8,35.2,36.0,34.4,18.6,17.2,20.0,0.229,2.88,0.0942,2.7,2.52,3.33,0.0681,1.95,1.43,0.0371,0.142,0.218,30.3,23.0,63,20,200,1.2,5.6,2.3,2.5,2.8,3.7,1.6,3.1,3.0,2.9,3.3,6.4,2.1,4.3,44.8,0,0,0,0,0,0
31.1,35.4,26.8,29.7,26.4,33.0,32.1,29.8,34.4,19.3,21.8,16.8,0.246,3.05,0.0975,2.92,2.63,3.51,0.0741,2.08,1.5,0.0362,0.146,0.234,30.2,23.0,69,21,200,2.9,5.2,2.9,3.3,2.1,3.1,2.3,3.1,2.8,2.0,2.7,6.0,1.5,3.2,43.1,0,0,0,0,0,0
31.8,32.2,31.4,28.7,32.2,25.2,33.8,36.0,31.6,18.9,20.8,17.0,0.258,3.19,0.1,3.08,2.83,3.66,0.0755,2.23,1.61,0.0369,0.154,0.243,29.7,22.0,67,19,200,1.6,6.2,2.3,3.1,2.2,2.9,2.7,1.9,3.4,2.1,2.9,6.2,1.8,3.2,42.5,0,0,0,0,0,0
31.7,30.8,32.6,32.2,30.6,33.8,34.6,34.0,35.2,20.2,23.0,17.4,0.27,3.43,0.104,3.32,3.0,3.93,0.0791,2.38,1.7,0.0359,0.159,0.261,29.6,22.0,66,23,200,2.3,5.8,3.0,3.8,2.4,2.4,2.6,3.2,3.5,2.1,2.7,5.5,1.3,4.1,44.7,0,0,0,0,0,0
33.0,34.8,31.2,28.0,27.2,28.8,32.5,35.0,30.0,19.4,22.6,16.2,0.296,3.77,0.11,3.68,3.32,4.38,0.0857,2.65,1.89,0.0367,0.172,0.289,29.3,22.0,64,21,200,1.9,5.9,2.3,2.7,2.7,3.4,3.1,2.0,2.8,2.4,3.9,6.2,1.6,2.5,43.4,0,0,0,0,0,0
37.7,37.2,38.2,34.4,34.0,34.8,37.0,35.4,38.6,19.3,18.6,20.0,0.285,3.86,0.105,3.51,3.31,4.27,0.0793,2.51,1.72,0.0376,0.163,0.268,37.3,28.0,94,25,300,22.9,7.9,5.2,4.4,4.9,3.1,4.7,4.9,4.8,4.8,4.4,9.4,3.7,6.5,91.6,0,0,0,0,0,0
38.3,36.4,40.2,34.0,33.0,35.0,38.0,36.4,39.6,21.0,21.6,20.4,0.295,3.98,0.11,3.66,3.47,4.51,0.085,2.66,1.88,0.0367,0.17,0.281,35.0,26.0,72,24,300,2.9,9.6,4.2,5.0,4.4,4.7,4.0,3.9,4.0,3.8,4.1,9.3,2.9,5.5,68.3,0,0,0,0,0,0
37.7,37.0,38.4,33.0,34.6,31.4,40.1,40.8,39.4,19.8,22.2,17.4,0.304,4.13,0.11,3.84,3.68,4.67,0.0858,2.82,2.0,0.0356,0.296,0.296,33.3,25.0,69,21,300,2.5,7.9,4.0,4.7,4.0,3.5,3.9,4.4,4.4,4.5,4.2,8.9,2.6,5.0,64.5,0,0,0,0,0,0
38.4,35.6,41.2,36.3,38.0,34.6,37.9,37.6,38.2,20.3,21.2,19.4,0.325,4.35,0.117,3.93,3.83,4.87,0.0921,2.82,2.1,0.0365,0.306,0.311,32.7,25.0,69,23,300,2.9,8.5,4.5,3.5,4.4,3.8,4.7,4.1,4.0,5.1,3.6,8.7,2.8,6.2,66.8,0,0,0,0,0,0
39.6,40.4,38.8,35.2,34.6,35.8,41.9,43.4,40.4,19.4,19.0,19.8,0.355,4.41,0.124,4.02,4.07,5.11,0.103,3.08,2.21,0.0364,0.308,0.329,32.1,24.0,67,23,300,4.1,10.3,4.1,3.1,3.5,4.9,3.9,4.4,4.0,3.7,4.2,8.3,3.6,5.0,67.1,0,0,0,0,0,0
37.5,38.0,37.0,36.0,37.8,34.2,37.8,36.4,39.2,20.0,17.0,23.0,0.377,4.69,0.13,4.26,4.18,5.25,0.108,3.19,2.33,0.0368,0.315,0.34,31.5,24.0,64,21,300,2.9,8.1,4.8,2.9,4.2,5.1,5.6,3.0,5.1,3.5,4.2,8.9,3.4,6.4,68.1,0,0,0,0,0,0
37.0,38.8,35.2,34.2,33.8,34.6,40.4,37.8,43.0,19.6,18.2,21.0,0.394,4.9,0.138,4.38,4.42,5.49,0.115,3.28,2.44,0.036,0.319,0.361,31.2,24.0,68,23,300,3.3,10.9,3.6,3.7,3.8,3.6,4.8,3.7,5.1,3.8,5.0,9.7,2.5,5.8,69.3,0,0,0,0,0,0
37.3,39.8,34.8,34.5,35.2,33.8,37.3,33.6,41.0,19.1,21.4,16.8,0.426,5.03,0.147,4.49,4.62,5.77,0.12,3.42,2.51,0.0363,0.326,0.376,31.2,24.0,75,22,300,3.6,8.7,3.8,3.4,4.2,3.9,4.7,3.8,4.6,3.5,3.5,7.5,3.2,5.3,63.7,0,0,0,0,0,0
38.1,37.2,39.0,35.3,34.4,36.2,37.5,38.4,36.6,19.5,21.4,17.6,0.467,5.58,0.154,5.02,5.08,6.3,0.127,3.82,2.79,0.0364,0.34,0.413,30.9,24.0,73,23,300,1.8,8.8,4.1,3.6,3.7,4.5,4.0,3.7,3.9,3.8,4.6,9.5,2.7,5.0,63.7,0,0,0,0,0,0
41.5,39.2,43.8,37.6,37.2,38.0,39.9,38.4,41.4,19.1,17.6,20.6,0.421,5.36,0.14,4.74,4.52,5.92,0.113,3.53,2.56,0.038,0.208,0.38,37.1,29.0,91,29,400,39.0,11.3,3.5,4.1,5.6,5.1,4.3,4.5,6.4,6.1,6.3,10.1,3.4,7.4,117.0,0,0,0,0,0,0
43.9,44.6,43.2,36.8,35.0,38.6,43.0,41.2,44.8,19.6,19.0,20.2,0.433,5.48,0.141,4.9,4.76,6.05,0.116,3.62,2.59,0.0379,0.211,0.393,35.8,28.0,81,25,400,4.5,11.0,4.9,6.1,5.3,5.1,4.4,5.3,5.7,5.6,5.6,10.4,3.4,7.6,84.9,0,0,0,0,0,0
42.3,42.6,42.0,36.9,33.8,40.0,45.2,43.6,46.8,20.0,17.2,22.8,0.42,5.68,0.14,5.06,4.85,6.33,0.113,3.7,2.64,0.0369,0.216,0.396,34.8,26.0,80,23,400,3.6,13.1,4.3,5.0,4.9,5.5,5.9,5.8,4.9,5.9,6.2,11.5,3.0,7.6,87.2,0,0,0,0,0,0
41.0,41.4,40.6,38.3,41.0,35.6,45.7,46.2,45.2,20.6,18.2,23.0,0.413,5.72,0.142,5.18,4.98,6.52,0.115,3.81,2.74,0.0359,0.218,0.399,34.1,26.0,70,24,400,3.5,11.8,5.4,6.5,4.8,4.9,5.7,4.9,5.9,6.7,5.9,11.1,3.0,8.7,88.8,0,0,0,0,0,0
40.9,39.8,42.0,38.4,36.2,40.6,46.2,46.4,46.0,19.6,19.4,19.8,0.439,5.86,0.148,5.38,5.07,6.68,0.122,3.91,2.79,0.0377,0.224,0.408,33.7,26.0,72,24,400,3.1,10.3,5.3,6.7,5.6,5.3,5.9,5.4,6.2,5.2,5.1,13.2,4.3,8.2,89.8,0,0,0,0,0,0
41.1,39.2,43.0,40.7,42.2,39.2,44.7,47.4,42.0,21.1,20.6,21.6,0.457,5.99,0.153,5.55,5.04,6.81,0.127,4.0,2.95,0.0378,0.224,0.43,33.3,25.0,75,24,400,3.4,9.7,6.3,4.5,5.4,5.8,5.7,6.2,4.6,5.8,6.5,11.8,4.1,7.5,87.3,0,0,0,0,0,0
45.1,43.4,46.8,39.4,42.4,36.4,44.9,46.6,43.2,20.3,19.8,20.8,0.468,6.05,0.155,5.78,5.25,7.13,0.136,4.17,3.06,0.0367,0.234,0.434,33.8,26.0,85,28,400,3.0,11.9,6.4,4.8,5.4,4.7,6.1,7.2,5.3,5.9,5.3,11.6,4.6,7.3,89.5,0,0,0,0,0,0
41.7,41.8,41.6,38.2,39.6,36.8,46.0,45.2,46.8,19.8,19.8,19.8,0.498,6.32,0.158,5.92,5.42,7.35,0.139,4.29,3.2,0.038,0.236,0.453,33.6,26.0,74,25,400,3.9,11.0,6.8,5.7,4.8,5.2,6.2,5.5,4.8,5.9,3.9,11.8,2.9,9.0,87.4,0,0,0,0,0,0
41.6,40.8,42.4,41.5,43.8,39.2,46.1,44.4,47.8,20.2,22.6,17.8,0.562,6.98,0.181,6.62,5.94,8.24,0.16,4.75,3.52,0.0362,0.258,0.508,33.6,26.0,76,26,400,5.3,11.5,4.5,5.2,6.8,5.5,4.7,4.0,6.0,6.1,4.9,12.3,4.9,8.1,89.8,0,0,0,0,0,0
41.8,42.4,41.2,29.3,32.2,26.4,48.5,49.6,47.4,19.9,22.2,17.6,0.146,2.16,0.0691,1.72,1.89,2.34,0.0439,1.27,0.913,0.0359,0.116,0.142,39.5,31.0,90,32,200,39.0,7.0,2.25,3.0,3.5,3.75,3.25,2.5,2.75,2.5,2.25,4.25,1.5,4.0,81.5,0,0,0,0,0,0
33.3,33.4,33.2,28.5,27.0,30.0,30.7,28.6,32.8,19.5,17.2,21.8,0.154,2.31,0.0716,1.8,2.11,2.51,0.0462,1.38,0.984,0.037,0.122,0.154,33.6,25.0,60,20,200,6.4,5.2,3.3,2.9,2.8,3.3,3.4,2.9,3.3,2.7,2.2,5.7,1.7,3.7,49.5,0,0,0,0,0,0
32.2,32.2,32.2,29.6,31.8,27.4,31.7,34.4,29.0,18.9,15.4,22.4,0.15,2.45,0.0717,1.94,2.29,2.71,0.0464,1.52,1.06,0.0362,0.125,0.168,31.4,23.0,70,19,200,1.8,4.6,2.8,2.1,3.1,2.7,3.5,2.9,3.2,2.0,2.8,5.4,0.8,3.8,41.5,0,0,0,0,0,0
33.3,33.0,33.6,30.4,28.0,32.8,31.7,30.8,32.6,19.1,15.2,23.0,0.158,2.61,0.0741,2.07,2.5,2.84,0.0472,1.65,1.14,0.0363,0.131,0.178,30.6,23.0,64,22,200,1.2,8.0,3.4,2.3,2.8,2.7,2.8,2.2,2.2,3.2,3.5,4.6,1.2,4.3,44.4,0,0,0,0,0,0
31.4,30.2,32.6,31.5,29.8,33.2,31.4,35.2,27.6,20.2,22.8,17.6,0.164,2.72,0.0746,2.19,2.64,3.01,0.0496,1.75,1.23,0.0369,0.134,0.185,30.1,23.0,62,22,200,2.4,5.9,1.8,2.7,3.8,2.6,1.5,3.2,3.4,3.8,2.6,4.7,1.6,3.5,43.5,0,0,0,0,0,0
32.0,30.8,33.2,30.0,31.8,28.2,31.4,32.2,30.6,20.5,23.0,18.0,0.187,2.95,0.0824,2.33,2.85,3.25,0.0549,1.9,1.35,0.0369,0.142,0.202,29.5,22.0,62,20,200,1.8,6.7,3.0,2.0,2.7,2.7,2.8,3.5,2.3,2.1,2.5,5.5,2.1,3.0,42.7,0,0,0,0,0,0
34.9,35.4,34.4,29.5,32.0,27.0,32.7,32.6,32.8,20.2,17.6,22.8,0.199,3.09,0.0847,2.41,3.07,3.44,0.0603,2.0,1.43,0.0379,0.147,0.218,29.2,22.0,64,20,200,1.8,4.8,2.3,3.5,2.4,3.2,3.1,2.3,3.4,2.1,2.8,4.6,1.3,3.5,41.1,0,0,0,0,0,0
32.1,32.4,31.8,32.2,30.4,34.0,29.8,31.8,27.8,19.6,22.0,17.2,0.205,3.21,0.0854,2.51,3.24,3.57,0.0629,2.14,1.5,0.036,0.151,0.233,29.0,22.0,63,22,200,1.9,5.4,2.4,1.9,2.8,3.1,3.1,1.8,2.6,2.5,3.6,5.4,1.8,4.0,42.3,0,0,0,0,0,0
32.4,33.8,31.0,28.9,29.8,28.0,33.4,31.6,35.2,19.0,21.2,16.8,0.228,3.38,0.0909,2.68,3.44,3.8,0.0663,2.26,1.6,0.0381,0.156,0.246,29.2,22.0,74,22,200,1.5,5.3,4.0,2.8,2.6,2.6,2.4,2.2,2.9,2.7,3.0,5.9,2.1,3.3,43.3,0,0,0,0,0,0
33.5,29.0,38.0,29.8,25.8,33.8,31.8,34.2,29.4,19.2,21.6,16.8,0.256,3.73,0.0963,2.98,3.83,4.22,0.0742,2.52,1.75,0.0373,0.167,0.272,29.0,22.0,61,20,200,1.8,6.4,3.5,2.4,2.5,2.3,2.8,2.1,2.9,2.9,2.5,5.1,1.4,3.2,41.8,0,0,0,0,0,0
36.6,39.8,33.4,33.1,29.8,36.4,36.3,36.0,36.6,19.7,20.2,19.2,0.261,3.72,0.102,3.01,3.59,4.11,0.079,2.42,1.69,0.0364,0.165,0.26,36.5,27.0,82,23,300,23.6,9.4,3.9,3.8,4.7,3.8,3.9,4.1,4.0,3.7,5.6,7.9,2.7,5.8,86.9,0,0,0,0,0,0
35.8,33.6,38.0,32.6,33.8,31.4,40.8,39.4,42.2,19.1,22.4,15.8,0.279,3.92,0.104,3.22,3.73,4.38,0.0839,2.57,1.78,0.0367,0.307,0.273,34.2,25.0,69,23,300,3.2,8.2,4.3,4.7,4.0,5.3,3.9,3.9,4.3,4.7,2.7,8.0,2.5,5.8,65.5,0,0,0,0,0,0
37.2,38.8,35.6,36.1,36.6,35.6,38.3,36.2,40.4,21.1,19.0,23.2,0.306,4.02,0.113,3.44,3.77,4.57,0.087,2.65,1.85,0.0385,0.315,0.288,32.4,24.0,66,20,300,3.2,9.2,4.1,3.3,4.2,4.3,4.9,5.2,3.5,3.7,3.1,8.2,3.2,4.4,64.5,0,0,0,0,0,0
37.1,36.4,37.8,34.0,34.4,33.6,37.1,36.6,37.6,20.6,21.2,20.0,0.336,4.19,0.122,3.66,3.97,4.76,0.11,2.79,1.98,0.0388,0.32,0.305,32.4,24.0,73,24,300,3.2,8.4,4.0,5.5,3.9,4.7,3.7,3.8,4.2,5.1,4.1,8.9,3.3,5.2,68.0,0,0,0,0,0,0
37.4,37.6,37.2,36.3,35.6,37.0,37.4,37.0,37.8,20.4,18.0,22.8,0.345,4.32,0.127,3.83,4.0,4.95,0.117,2.97,2.01,0.0377,0.324,0.315,31.8,24.0,70,22,300,3.0,8.0,4.5,3.7,4.7,3.8,4.6,4.0,4.8,4.1,4.4,8.3,3.2,4.0,65.1,0,0,0,0,0,0
39.5,36.2,42.8,35.9,34.0,37.8,37.0,37.0,37.0,20.5,22.8,18.2,0.382,4.56,0.133,4.09,4.16,5.14,0.125,3.07,2.13,0.0377,0.33,0.325,31.5,24.0,70,23,300,3.4,6.3,3.5,3.7,4.5,3.5,3.7,5.0,4.7,4.5,4.5,9.4,3.8,5.4,65.9,0,0,0,0,0,0
37.5,40.4,34.6,34.4,34.6,34.2,37.9,37.6,38.2,19.6,22.4,16.8,0.408,4.65,0.14,4.32,4.25,5.37,0.132,3.18,2.22,0.0375,0.335,0.339,31.3,23.0,69,22,300,2.7,7.1,4.2,4.5,3.6,5.0,4.7,4.5,3.7,3.6,3.8,7.6,3.7,5.2,63.9,0,0,0,0,0,0
36.8,37.6,36.0,32.8,34.2,31.4,38.1,38.8,37.4,19.3,18.2,20.4,0.419,4.86,0.147,4.51,4.36,5.51,0.134,3.3,2.28,0.0366,0.341,0.356,31.2,23.0,72,22,300,3.2,7.5,4.5,4.3,3.2,4.0,5.5,4.7,3.8,5.0,3.9,8.1,2.6,6.1,66.4,0,0,0,0,0,0
37.1,33.8,40.4,31.9,30.6,33.2,39.8,38.0,41.6,19.9,20.0,19.8,0.475,5.36,0.158,5.01,4.85,6.18,0.148,3.69,2.55,0.0376,0.358,0.394,31.3,23.0,75,23,300,2.2,9.8,3.9,4.4,3.4,3.7,4.4,4.8,4.1,3.7,4.0,8.2,3.3,5.4,65.3,0,0,0,0,0,0
38.6,37.8,39.4,41.1,38.4,43.8,39.8,39.2,40.4,20.3,19.6,21.0,0.465,5.16,0.151,4.86,4.35,5.87,0.138,3.45,2.4,0.0381,0.204,0.362,38.0,29.0,100,30,400,39.7,10.5,5.6,5.6,5.3,4.4,4.1,5.6,6.1,4.7,4.9,10.9,4.1,7.1,119.0,0,0,0,0,0,0
39.1,36.8,41.4,41.0,40.6,41.4,43.0,43.4,42.6,21.0,19.2,22.8,0.452,5.33,0.149,4.97,4.48,6.04,0.128,3.57,2.49,0.0373,0.213,0.375,36.0,27.0,82,23,400,2.8,13.7,6.3,5.8,5.1,4.8,6.6,5.2,5.0,4.6,6.4,11.5,2.7,7.8,88.3,0,0,0,0,0,0
40.4,40.8,40.0,41.5,42.4,40.6,42.5,42.4,42.6,19.6,17.6,21.6,0.462,5.5,0.153,5.24,4.66,6.31,0.134,3.64,2.57,0.0373,0.214,0.389,35.0,27.0,79,25,400,3.7,10.5,6.0,4.8,4.5,5.8,6.2,4.9,4.9,6.2,5.3,11.3,4.3,7.8,86.2,0,0,0,0,0,0
39.2,37.8,40.6,37.7,37.0,38.4,43.1,40.6,45.6,19.8,18.6,21.0,0.478,5.6,0.157,5.35,4.7,6.37,0.135,3.76,2.63,0.0372,0.221,0.398,34.4,26.0,78,23,400,4.0,11.0,5.6,4.6,5.4,6.9,6.6,4.2,5.6,4.8,5.5,12.8,4.5,7.9,89.4,0,0,0,0,0,0
41.2,41.6,40.8,39.4,41.0,37.8,41.6,42.8,40.4,20.9,19.0,22.8,0.489,5.71,0.155,5.65,4.75,6.59,0.136,3.86,2.77,0.0373,0.223,0.411,33.8,25.0,74,23,400,4.8,10.7,5.0,5.4,6.3,5.1,6.1,4.6,4.7,5.0,5.9,9.4,4.0,7.8,84.8,0,0,0,0,0,0
41.4,42.6,40.2,36.5,38.2,34.8,46.0,46.0,46.0,21.6,20.4,22.8,0.507,5.92,0.163,5.8,4.83,6.88,0.142,3.98,2.8,0.0384,0.235,0.423,34.1,25.0,86,26,400,3.8,12.8,4.9,5.3,4.4,5.1,6.7,4.8,6.6,4.7,6.0,11.4,4.1,7.4,88.0,0,0,0,0,0,0
42.4,42.0,42.8,39.2,40.4,38.0,44.7,42.0,47.4,20.1,18.4,21.8,0.508,6.21,0.163,5.97,4.97,7.1,0.145,4.02,2.86,0.0374,0.242,0.437,33.8,25.0,73,24,400,4.8,10.7,5.4,4.7,5.4,4.8,4.6,5.3,3.8,5.0,5.9,10.5,2.8,10.1,83.8,0,0,0,0,0,0
40.9,39.4,42.4,42.2,40.4,44.0,44.5,42.6,46.4,21.1,19.8,22.4,0.509,6.38,0.164,6.35,5.09,7.23,0.148,4.17,2.98,0.0384,0.251,0.447,33.8,25.0,79,25,400,4.0,12.3,5.7,5.9,4.9,5.3,4.4,5.3,5.9,5.2,3.7,10.4,3.5,7.1,83.6,0,0,0,0,0,0
45.9,44.2,47.6,39.2,37.0,41.4,44.9,45.4,44.4,20.6,17.4,23.8,0.572,7.13,0.182,6.96,5.75,8.2,0.166,4.67,3.29,0.0365,0.278,0.508,33.6,25.0,76,26,400,3.7,11.7,6.2,5.4,5.5,5.1,5.9,4.9,5.5,7.0,4.9,13.4,3.7,8.0,90.9,0,0,0,0,0,0
40.9,42.6,39.2,29.1,32.0,26.2,46.4,47.8,45.0,18.8,17.0,20.6,0.133,2.15,0.0686,2.06,1.6,2.37,0.0414,1.31,0.976,0.0388,0.113,0.14,39.1,32.0,86,33,200,39.3,7.25,2.5,2.25,4.0,3.25,3.5,3.75,2.5,3.25,3.0,6.0,1.25,3.5,85.3,0,0,0,0,0,0
31.9,33.6,30.2,28.7,26.6,30.8,32.7,31.2,34.2,18.1,18.6,17.6,0.145,2.31,0.0732,2.16,1.77,2.52,0.0472,1.4,1.04,0.0387,0.118,0.156,33.1,26.0,60,20,200,7.1,4.6,2.2,1.8,3.2,2.7,3.1,2.1,2.8,1.8,3.8,5.4,1.4,4.2,46.2,0,0,0,0,0,0
34.4,33.0,35.8,29.9,29.0,30.8,34.9,35.4,34.4,19.5,18.8,20.2,0.171,2.46,0.0782,2.29,1.97,2.8,0.053,1.52,1.14,0.0379,0.126,0.174,31.4,24.0,72,20,200,1.3,6.2,2.6,2.7,3.0,3.3,3.0,3.1,2.0,2.8,3.0,6.2,1.9,3.9,45.0,0,0,0,0,0,0
33.3,34.2,32.4,30.0,30.8,29.2,35.3,36.4,34.2,18.9,23.2,14.6,0.188,2.65,0.0834,2.44,2.16,2.96,0.0596,1.68,1.19,0.0372,0.13,0.187,30.6,23.0,66,21,200,2.3,6.3,2.0,2.6,2.3,3.1,2.6,2.5,3.4,3.6,2.5,6.6,2.4,4.1,46.3,0,0,0,0,0,0
30.6,32.4,28.8,30.0,33.4,26.6,30.6,30.4,30.8,19.8,22.2,17.4,0.186,2.74,0.0845,2.54,2.33,3.06,0.0592,1.73,1.26,0.0379,0.134,0.192,30.2,23.0,70,20,200,2.4,5.2,2.2,3.0,2.7,2.2,2.3,1.7,2.5,3.6,3.3,4.8,1.1,3.7,40.7,0,0,0,0,0,0
31.0,28.0,34.0,29.0,29.8,28.2,31.4,32.2,30.6,18.9,21.8,16.0,0.215,2.93,0.0899,2.64,2.5,3.32,0.0633,1.9,1.35,0.0367,0.138,0.205,30.0,23.0,69,23,200,1.6,5.3,2.5,2.5,2.5,2.5,2.2,4.2,3.3,3.2,3.8,6.7,2.8,3.3,46.4,0,0,0,0,0,0
34.9,32.4,37.4,31.9,32.6,31.2,34.1,34.0,34.2,20.0,17.8,22.2,0.218,3.1,0.0934,2.78,2.81,3.56,0.0696,2.02,1.44,0.0377,0.143,0.226,29.8,23.0,65,22,200,1.6,6.7,1.6,3.1,2.9,2.5,2.2,3.3,2.2,1.9,2.3,5.1,1.3,4.4,41.1,0,0,0,0,0,0
32.4,30.6,34.2,28.2,30.4,26.0,32.5,30.2,34.8,18.5,14.6,22.4,0.237,3.27,0.0968,2.92,2.99,3.77,0.0713,2.18,1.52,0.0377,0.15,0.24,29.6,22.0,66,21,200,2.2,7.1,2.7,2.6,3.2,2.3,3.9,2.6,2.2,2.6,2.4,6.3,2.0,4.2,46.3,0,0,0,0,0,0
32.6,33.6,31.6,29.2,32.6,25.8,32.1,30.0,34.2,19.2,17.4,21.0,0.25,3.46,0.101,3.05,3.19,3.97,0.0759,2.29,1.61,0.0367,0.157,0.262,29.3,22.0,62,20,200,2.1,6.5,3.2,3.1,2.3,2.1,2.2,2.2,2.7,3.0,2.2,4.3,1.3,3.4,40.6,0,0,0,0,0,0
32.9,31.2,34.6,29.6,30.0,29.2,33.2,31.4,35.0,20.4,21.4,19.4,0.271,3.79,0.107,3.42,3.56,4.4,0.0816,2.57,1.78,0.0368,0.166,0.289,29.0,22.0,61,20,200,1.8,7.0,3.8,2.5,2.2,2.5,2.4,1.7,3.0,2.5,3.0,4.7,1.6,4.1,42.8,0,0,0,0,0,0
37.4,37.0,37.8,32.5,32.2,32.8,35.5,37.4,33.6,19.6,16.4,22.8,0.287,3.79,0.109,3.37,3.35,4.28,0.0846,2.4,1.69,0.0373,0.161,0.27,38.2,28.0,97,24,300,22.7,9.5,3.6,3.0,4.2,5.4,5.0,4.3,3.7,4.4,4.0,8.9,3.4,5.8,87.9,0,0,0,0,0,0
37.7,37.4,38.0,36.3,36.0,36.6,42.4,42.2,42.6,21.2,24.4,18.0,0.296,3.88,0.113,3.58,3.49,4.56,0.0881,2.57,1.81,0.0372,0.232,0.283,34.5,25.0,65,21,300,3.2,8.1,3.9,4.0,4.8,3.6,5.3,4.7,4.1,4.0,4.0,7.9,2.8,5.1,65.5,0,0,0,0,0,0
36.9,39.8,34.0,35.0,37.2,32.8,38.3,39.0,37.6,20.3,19.2,21.4,0.308,4.1,0.114,3.75,3.63,4.76,0.0897,2.72,1.91,0.0363,0.31,0.299,33.4,24.0,75,23,300,2.7,6.8,4.4,4.7,3.6,4.1,4.6,4.1,4.6,5.1,5.3,9.5,2.7,6.1,68.3,0,0,0,0,0,0
36.9,35.2,38.6,33.4,34.0,32.8,38.9,41.6,36.2,19.1,18.4,19.8,0.331,4.21,0.118,3.99,3.82,4.97,0.0968,2.86,1.99,0.0372,0.316,0.311,32.7,24.0,72,22,300,2.4,9.1,3.6,3.9,3.2,4.7,3.5,3.9,4.9,5.6,3.8,9.1,3.5,6.7,67.9,0,0,0,0,0,0
35.4,32.8,38.0,35.4,32.4,38.4,38.5,37.0,40.0,20.3,18.2,22.4,0.347,4.39,0.126,4.09,3.82,5.02,0.0997,2.95,2.07,0.0374,0.319,0.317,32.0,23.0,73,20,300,2.7,7.7,4.5,3.9,4.4,4.7,3.3,4.8,3.5,3.4,3.9,8.1,3.3,5.4,63.6,0,0,0,0,0,0
37.6,36.6,38.6,34.4,30.6,38.2,38.2,40.6,35.8,18.7,22.2,15.2,0.372,4.47,0.131,4.32,3.92,5.3,0.107,3.09,2.18,0.0381,0.324,0.332,31.9,23.0,77,24,300,2.6,9.0,3.7,3.6,5.0,3.8,3.7,3.9,4.9,4.1,4.8,8.1,3.1,4.7,65.0,0,0,0,0,0,0
36.7,36.8,36.6,36.2,33.4,39.0,38.7,38.0,39.4,18.4,20.4,16.4,0.384,4.66,0.135,4.49,4.08,5.46,0.109,3.22,2.25,0.0362,0.332,0.336,31.7,23.0,72,23,300,2.8,8.2,4.0,4.7,4.4,4.3,3.9,4.5,5.1,4.2,4.3,8.9,2.5,4.8,66.6,0,0,0,0,0,0
36.6,36.4,36.8,35.6,35.6,35.6,38.7,37.0,40.4,20.6,19.4,21.8,0.413,4.85,0.142,4.78,4.2,5.7,0.116,3.38,2.36,0.0363,0.336,0.363,31.4,23.0,73,21,300,3.5,9.2,4.5,3.5,5.2,3.7,3.6,4.7,2.7,3.6,3.9,8.1,2.7,5.6,64.5,0,0,0,0,0,0
37.3,36.2,38.4,36.1,37.2,35.0,37.4,39.8,35.0,19.0,20.8,17.2,0.45,5.39,0.153,5.2,4.69,6.37,0.127,3.74,2.62,0.0381,0.35,0.405,31.3,23.0,75,23,300,2.5,8.7,3.2,4.7,3.7,3.5,4.2,5.2,4.6,3.8,3.6,8.5,2.7,6.2,65.1,0,0,0,0,0,0
43.3,43.4,43.2,37.5,35.0,40.0,43.0,44.2,41.8,20.1,19.0,21.2,0.409,5.2,0.144,4.82,4.42,6.09,0.116,3.46,2.45,0.0373,0.204,0.369,37.2,30.0,89,31,400,39.1,11.6,4.5,5.7,5.1,5.1,4.4,5.6,5.2,5.4,5.7,11.0,3.7,7.7,120.0,0,0,0,0,0,0
43.7,44.8,42.6,38.7,36.8,40.6,42.1,42.0,42.2,19.7,19.8,19.6,0.436,5.35,0.147,4.93,4.55,6.2,0.123,3.53,2.47,0.0385,0.206,0.384,35.7,28.0,81,24,400,3.7,11.4,5.4,4.0,5.1,6.1,5.7,6.0,4.3,4.0,4.8,10.7,4.2,8.4,83.8,0,0,0,0,0,0
42.1,40.8,43.4,37.5,38.8,36.2,41.2,43.8,38.6,19.1,18.2,20.0,0.429,5.48,0.149,4.97,4.75,6.35,0.121,3.62,2.59,0.0375,0.21,0.386,34.1,26.0,71,22,400,2.9,11.2,6.0,6.6,5.9,4.1,5.5,5.8,5.3,5.0,4.7,11.2,3.8,7.9,85.9,0,0,0,0,0,0
45.3,43.4,47.2,38.6,37.8,39.4,44.0,40.6,47.4,20.6,18.4,22.8,0.444,5.64,0.155,5.15,4.9,6.54,0.13,3.73,2.65,0.0374,0.215,0.397,34.1,26.0,81,25,400,3.8,11.4,5.1,5.5,5.2,5.8,6.2,5.4,6.8,5.6,5.2,11.4,3.9,6.0,87.3,0,0,0,0,0,0
43.8,42.8,44.8,35.5,37.6,33.4,43.5,45.6,41.4,20.7,20.6,20.8,0.469,5.68,0.158,5.2,5.14,6.72,0.133,3.9,2.73,0.0375,0.223,0.415,34.0,26.0,79,24,400,3.2,11.0,4.5,4.9,6.0,6.3,7.2,5.9,4.6,6.2,4.9,11.7,3.7,6.8,86.9,0,0,0,0,0,0
42.0,41.2,42.8,38.4,36.6,40.2,43.7,43.0,44.4,19.7,21.4,18.0,0.468,5.82,0.162,5.29,5.29,6.89,0.137,3.96,2.77,0.0367,0.222,0.419,33.6,26.0,74,23,400,3.9,11.1,5.0,4.6,4.8,5.6,5.4,5.3,5.9,5.4,4.8,10.6,4.2,7.7,84.3,0,0,0,0,0,0
42.4,41.0,43.8,39.0,40.4,37.6,42.2,45.6,38.8,20.4,22.6,18.2,0.496,6.05,0.169,5.52,5.53,7.16,0.142,4.04,2.87,0.0374,0.229,0.426,33.3,25.0,70,24,400,3.6,10.6,5.2,6.6,5.5,4.8,5.6,6.0,6.3,5.7,5.0,11.4,3.3,8.2,87.8,0,0,0,0,0,0
45.6,46.6,44.6,38.8,38.4,39.2,44.5,45.2,43.8,19.8,19.8,19.8,0.514,6.15,0.173,5.49,5.7,7.4,0.15,4.18,2.95,0.0383,0.238,0.448,33.1,25.0,72,24,400,3.5,11.2,5.7,4.5,4.7,5.8,6.1,6.4,6.2,5.1,5.3,10.2,4.2,8.3,87.2,0,0,0,0,0,0
42.1,39.6,44.6,38.2,38.8,37.6,42.5,40.4,44.6,18.8,18.4,19.2,0.564,6.8,0.188,6.11,6.26,8.21,0.165,4.58,3.28,0.0385,0.258,0.492,33.0,25.0,73,22,400,4.3,12.3,5.5,5.2,5.1,6.2,4.5,5.5,6.6,5.5,4.5,12.3,3.7,6.3,87.5,0,0,0,0,0,0
43.0,47.4,38.6,29.5,29.0,30.0,46.2,44.4,48.0,18.6,18.0,19.2,0.167,2.06,0.0734,1.87,1.83,2.54,0.0503,1.36,0.974,0.0369,0.117,0.158,47.6,32.0,98,35,200,37.3,5.0,3.0,3.25,3.75,2.75,3.25,2.0,3.5,3.5,4.25,6.25,2.25,2.25,82.3,0,0,0,0,0,0
32.0,29.6,34.4,29.7,28.2,31.2,33.8,31.2,36.4,18.4,15.8,21.0,0.165,2.28,0.0731,1.98,1.99,2.73,0.0508,1.44,1.02,0.0379,0.119,0.168,37.9,26.0,59,20,200,8.2,6.0,2.5,3.3,2.6,2.9,2.8,2.1,2.8,2.8,3.2,7.0,1.4,3.4,51.0,0,0,0,0,0,0
33.7,35.0,32.4,31.9,29.8,34.0,33.2,34.0,32.4,19.6,18.6,20.6,0.191,2.38,0.0785,2.12,2.08,2.88,0.058,1.59,1.13,0.0366,0.123,0.181,34.6,24.0,68,20,200,2.2,6.7,1.9,2.0,3.0,2.3,2.1,2.9,2.8,2.9,3.0,5.1,2.0,3.2,42.1,0,0,0,0,0,0
33.6,32.0,35.2,29.3,30.0,28.6,32.3,30.4,34.2,19.7,18.2,21.2,0.201,2.53,0.0858,2.28,2.32,3.11,0.0608,1.68,1.21,0.0369,0.131,0.195,33.2,23.0,68,21,200,1.7,4.9,3.2,2.7,3.8,2.1,2.5,3.2,2.2,3.2,3.0,5.0,1.8,4.9,44.2,0,0,0,0,0,0
32.3,33.4,31.2,30.3,31.4,29.2,32.4,30.6,34.2,19.9,17.6,22.2,0.218,2.73,0.0922,2.43,2.48,3.29,0.0661,1.83,1.3,0.0368,0.134,0.21,31.7,23.0,58,20,200,1.8,6.5,3.7,2.8,3.6,2.3,2.2,2.4,2.7,2.8,2.6,5.3,2.1,3.8,44.6,0,0,0,0,0,0
33.6,32.2,35.0,32.6,31.8,33.4,31.4,32.6,30.2,20.0,18.0,22.0,0.231,2.89,0.0925,2.58,2.66,3.48,0.0702,1.97,1.39,0.0378,0.14,0.222,30.9,22.0,65,20,200,2.1,6.1,1.8,3.5,3.5,1.6,2.2,2.7,3.5,3.0,3.4,5.9,2.1,3.3,44.7,0,0,0,0,0,0
31.6,30.2,33.0,29.9,28.8,31.0,32.7,29.8,35.6,18.8,17.4,20.2,0.247,3.11,0.0972,2.73,2.84,3.7,0.0746,2.06,1.5,0.0371,0.145,0.236,30.8,22.0,71,23,200,1.8,4.7,2.4,3.3,2.8,3.4,2.6,3.3,2.9,2.4,2.5,7.0,2.3,3.8,45.2,0,0,0,0,0,0
32.2,32.6,31.8,29.3,27.0,31.6,35.4,35.0,35.8,19.8,21.2,18.4,0.252,3.24,0.0983,2.88,3.04,3.87,0.0761,2.18,1.57,0.0362,0.149,0.243,30.3,22.0,62,20,200,2.7,4.9,2.5,2.1,2.9,3.6,2.6,2.6,1.6,2.9,2.9,5.8,1.6,3.9,42.6,0,0,0,0,0,0
31.6,32.0,31.2,30.2,33.6,26.8,31.8,30.4,33.2,18.9,19.2,18.6,0.271,3.44,0.103,3.06,3.27,4.13,0.0807,2.34,1.67,0.0363,0.157,0.258,29.9,22.0,64,20,200,1.5,4.8,3.1,1.7,2.6,2.6,3.3,3.6,3.8,2.6,2.6,5.2,2.1,4.8,44.3,0,0,0,0,0,0
32.6,32.4,32.8,31.3,27.6,35.0,33.5,33.4,33.6,19.1,19.8,18.4,0.297,3.79,0.109,3.4,3.55,4.6,0.0856,2.6,1.83,0.0372,0.166,0.286,29.6,22.0,58,21,200,1.6,5.3,2.3,2.4,2.8,2.5,2.9,2.9,2.6,3.6,2.2,5.9,1.9,3.8,42.7,0,0,0,0,0,0
38.0,38.8,37.2,35.9,36.4,35.4,38.1,39.6,36.6,19.1,17.2,21.0,0.298,3.77,0.11,3.31,3.39,4.47,0.0892,2.5,1.73,0.0381,0.163,0.272,38.3,29.0,90,26,300,21.3,8.8,4.3,4.6,4.5,5.0,5.0,3.2,4.2,4.7,4.1,10.3,3.3,5.5,88.8,0,0,0,0,0,0
38.0,36.4,39.6,34.4,32.4,36.4,41.1,39.6,42.6,19.9,22.4,17.4,0.302,4.03,0.112,3.49,3.62,4.54,0.0891,2.62,1.84,0.0372,0.31,0.28,35.2,27.0,68,21,300,3.0,7.8,4.2,4.4,5.4,4.7,4.9,4.2,3.6,4.2,3.5,8.1,2.8,5.6,66.4,0,0,0,0,0,0
38.1,37.6,38.6,34.4,33.2,35.6,37.8,40.2,35.4,18.5,15.6,21.4,0.32,4.14,0.114,3.57,3.78,4.8,0.0914,2.71,1.91,0.038,0.317,0.295,34.1,25.0,76,22,300,2.7,9.3,3.9,4.3,3.8,3.1,4.2,3.7,4.3,4.3,4.4,8.5,2.4,5.7,64.6,0,0,0,0,0,0
38.3,37.8,38.8,34.4,33.4,35.4,39.0,38.0,40.0,19.3,17.0,21.6,0.347,4.26,0.125,3.64,3.98,5.02,0.0999,2.85,1.99,0.0369,0.322,0.312,33.0,25.0,72,22,300,2.7,8.2,3.6,5.2,3.6,4.3,4.5,4.6,4.1,4.5,3.2,9.9,3.3,5.7,67.4,0,0,0,0,0,0
38.6,38.0,39.2,33.3,31.8,34.8,39.0,38.0,40.0,19.7,22.4,17.0,0.374,4.38,0.13,3.88,4.14,5.22,0.106,2.99,2.1,0.0359,0.331,0.327,32.6,24.0,71,23,300,3.1,9.2,4.1,2.8,4.6,4.7,3.6,5.4,3.2,4.4,4.3,8.7,3.9,5.0,67.0,0,0,0,0,0,0
40.3,42.2,38.4,36.3,37.0,35.6,37.2,37.8,36.6,19.3,22.4,16.2,0.393,4.53,0.133,4.01,4.3,5.41,0.115,3.08,2.15,0.0359,0.334,0.334,32.2,24.0,66,23,300,2.9,7.7,4.9,4.8,4.7,4.3,2.2,4.0,4.6,4.1,4.3,8.4,3.3,6.1,66.3,0,0,0,0,0,0
39.2,40.8,37.6,36.2,34.6,37.8,37.2,36.8,37.6,20.6,22.4,18.8,0.415,4.75,0.138,4.16,4.47,5.63,0.12,3.19,2.26,0.0368,0.338,0.354,32.0,24.0,73,23,300,3.0,8.0,4.7,4.1,3.7,4.7,6.0,3.5,3.7,3.9,4.7,9.0,3.4,6.1,68.5,0,0,0,0,0,0
38.2,37.6,38.8,34.4,35.8,33.0,36.5,36.2,36.8,18.3,15.0,21.6,0.431,4.88,0.146,4.28,4.69,5.84,0.126,3.34,2.34,0.037,0.345,0.371,31.8,24.0,71,22,300,3.0,8.1,3.7,3.3,4.9,4.0,4.9,3.1,4.0,3.9,4.9,9.1,3.1,4.8,64.8,0,0,0,0,0,0
37.1,34.2,40.0,35.7,36.8,34.6,37.7,38.2,37.2,19.6,16.8,22.4,0.477,5.4,0.156,4.76,5.2,6.41,0.138,3.7,2.57,0.038,0.361,0.406,31.6,24.0,68,23,300,3.7,7.8,3.9,4.9,3.3,4.8,4.2,3.8,4.0,2.9,4.4,8.0,2.7,6.3,64.7,0,0,0,0,0,0
42.7,43.4,42.0,38.6,38.4,38.8,44.8,46.2,43.4,19.3,17.2,21.4,0.464,5.26,0.149,4.7,4.8,6.14,0.145,3.38,2.33,0.0377,0.204,0.372,35.8,28.0,84,28,400,37.9,10.0,4.8,5.4,5.2,4.9,5.6,4.9,5.1,4.8,5.4,10.2,3.2,7.4,115.0,0,0,0,0,0,0
42.7,43.6,41.8,38.5,35.6,41.4,43.4,41.2,45.6,18.9,18.0,19.8,0.468,5.4,0.15,4.79,4.75,6.15,0.145,3.51,2.46,0.0376,0.21,0.38,33.9,26.0,72,23,400,3.2,12.1,5.0,5.7,5.2,6.3,5.6,5.1,6.6,5.8,5.0,11.8,3.7,7.4,88.5,0,0,0,0,0,0
41.2,39.6,42.8,39.9,40.0,39.8,43.9,41.0,46.8,19.7,22.2,17.2,0.454,5.43,0.149,4.97,4.83,6.47,0.146,3.63,2.55,0.0378,0.214,0.379,32.8,26.0,66,23,400,3.3,13.4,6.1,5.0,5.6,5.1,7.3,5.8,5.5,4.8,4.7,11.6,3.8,5.4,87.4,0,0,0,0,0,0
43.2,44.6,41.8,37.1,35.6,38.6,44.2,41.6,46.8,19.2,22.8,15.6,0.471,5.73,0.156,5.3,4.92,6.69,0.149,3.73,2.64,0.0378,0.224,0.408,32.4,25.0,75,23,400,4.5,10.2,5.6,5.8,6.4,4.4,5.0,4.9,6.6,5.9,5.8,12.3,4.9,8.4,90.7,0,0,0,0,0,0
41.5,42.8,40.2,38.1,39.0,37.2,42.4,42.2,42.6,18.6,19.2,18.0,0.462,5.9,0.153,5.53,4.94,6.76,0.143,3.92,2.65,0.0379,0.227,0.415,32.1,25.0,71,23,400,4.6,11.7,5.7,4.9,6.1,3.7,5.3,5.9,5.4,4.4,5.1,11.0,3.5,8.2,85.5,0,0,0,0,0,0
40.2,36.6,43.8,41.4,41.0,41.8,43.0,44.0,42.0,21.1,20.6,21.6,0.503,6.03,0.161,5.63,5.05,6.97,0.153,4.0,2.77,0.0377,0.23,0.429,32.0,24.0,75,23,400,3.9,13.6,5.3,4.6,5.1,4.6,5.8,5.6,4.7,5.2,6.2,12.1,4.1,7.7,88.5,0,0,0,0,0,0
40.7,42.2,39.2,40.2,38.6,41.8,45.2,46.0,44.4,20.2,18.2,22.2,0.511,6.11,0.165,5.88,5.11,7.05,0.156,4.1,2.84,0.0378,0.235,0.44,32.7,25.0,95,26,400,3.6,10.6,4.7,4.1,5.0,6.1,5.9,5.3,5.3,4.7,6.4,9.9,3.7,6.6,81.9,0,0,0,0,0,0
38.3,38.2,38.4,39.0,39.2,38.8,43.4,43.4,43.4,20.4,19.8,21.0,0.515,6.32,0.169,6.04,5.18,7.24,0.162,4.22,2.91,0.0387,0.24,0.449,32.9,25.0,83,25,400,4.2,10.3,5.3,6.3,5.6,5.2,5.6,5.5,4.6,4.9,5.5,10.5,4.5,7.9,85.9,0,0,0,0,0,0
43.1,40.6,45.6,39.4,41.8,37.0,46.3,45.6,47.0,19.2,18.4,20.0,0.582,6.97,0.187,6.63,5.72,8.12,0.178,4.64,3.22,0.0386,0.26,0.504,32.7,24.0,78,22,400,3.6,11.1,5.5,6.1,4.5,6.0,4.6,6.7,5.0,5.8,5.0,9.9,3.7,8.3,85.8,0,0,0,0,0,0
47.1,46.2,48.0,30.0,29.6,30.4,50.2,49.6,50.8,20.0,22.0,18.0,0.161,2.12,0.0732,1.69,1.9,2.35,0.0533,1.29,0.95,0.0385,0.116,0.142,40.1,33.0,86,32,200,39.3,5.67,4.0,3.0,1.67,2.0,3.0,2.67,1.67,4.33,3.67,6.0,1.67,4.67,83.3,0,0,0,0,0,0
33.7,30.4,37.0,34.5,34.4,34.6,32.8,34.6,31.0,18.7,21.4,16.0,0.177,2.26,0.0794,1.84,2.08,2.55,0.0588,1.41,1.07,0.0368,0.121,0.161,33.8,26.0,60,20,200,10.5,5.8,2.7,2.0,2.7,3.5,4.1,2.1,2.8,3.6,4.0,5.4,2.0,4.2,55.4,0,0,0,0,0,0
33.6,35.4,31.8,31.6,29.6,33.6,31.1,32.0,30.2,18.9,19.6,18.2,0.209,2.43,0.0843,2.0,2.25,2.84,0.0658,1.61,1.2,0.0378,0.128,0.181,32.3,25.0,67,22,200,1.7,5.3,2.7,3.1,3.6,3.0,3.1,2.9,2.1,2.9,1.9,6.8,2.9,4.6,46.6,0,0,0,0,0,0
33.1,32.2,34.0,29.6,30.6,28.6,33.1,31.4,34.8,18.7,20.4,17.0,0.219,2.6,0.0885,2.14,2.52,3.0,0.0699,1.72,1.26,0.0379,0.134,0.195,31.0,24.0,63,21,200,2.0,6.4,2.1,2.2,2.8,2.6,3.7,2.6,2.7,1.8,3.0,6.7,1.8,4.0,44.4,0,0,0,0,0,0
31.1,31.4,30.8,32.2,32.6,31.8,31.6,31.8,31.4,20.4,20.0,20.8,0.22,2.75,0.0888,2.25,2.65,3.21,0.0698,1.81,1.38,0.0387,0.135,0.198,30.9,23.0,64,19,200,2.0,4.9,3.0,3.2,3.1,2.9,2.9,2.4,2.5,3.4,2.7,5.4,1.7,3.0,43.1,0,0,0,0,0,0
34.8,31.6,38.0,30.8,27.6,34.0,31.7,31.2,32.2,19.9,20.0,19.8,0.234,2.95,0.0944,2.41,2.8,3.43,0.0729,1.94,1.44,0.0378,0.144,0.219,30.4,23.0,67,21,200,2.2,5.0,2.5,3.1,2.2,2.7,2.4,2.6,2.9,4.1,3.0,6.2,2.0,3.2,44.1,0,0,0,0,0,0
32.8,34.2,31.4,29.9,25.6,34.2,33.4,32.8,34.0,19.2,21.2,17.2,0.267,3.11,0.1,2.6,3.02,3.68,0.0821,2.12,1.55,0.0378,0.15,0.231,30.1,23.0,64,22,200,2.5,5.6,2.3,2.7,3.0,2.4,3.0,2.5,3.4,3.5,2.9,5.6,2.8,4.1,46.3,0,0,0,0,0,0
32.7,33.0,32.4,31.6,31.8,31.4,32.5,34.0,31.0,20.1,17.6,22.6,0.274,3.3,0.102,2.75,3.23,3.82,0.0849,2.23,1.63,0.039,0.154,0.243,29.6,22.0,61,20,200,2.7,3.7,2.6,3.1,3.6,2.9,2.5,2.8,3.3,2.7,1.7,5.4,1.8,4.7,43.5,0,0,0,0,0,0
33.7,37.2,30.2,30.6,33.4,27.8,33.5,33.6,33.4,19.6,23.2,16.0,0.291,3.45,0.109,2.91,3.43,4.13,0.0899,2.37,1.72,0.0389,0.159,0.265,29.3,22.0,64,21,200,2.1,5.5,3.0,3.1,2.9,2.4,3.3,3.6,2.8,2.1,2.5,5.5,1.4,3.6,43.8,0,0,0,0,0,0
33.7,35.6,31.8,29.5,31.4,27.6,32.8,31.2,34.4,19.1,19.2,19.0,0.335,3.85,0.116,3.23,3.81,4.57,0.1,2.63,1.92,0.0371,0.173,0.293,29.3,22.0,68,23,200,2.4,6.5,2.2,3.5,2.5,2.8,2.9,2.3,2.4,2.9,2.4,5.6,2.9,4.0,45.3,0,0,0,0,0,0
37.8,36.0,39.6,38.9,37.6,40.2,40.2,41.6,38.8,20.1,20.6,19.6,0.309,3.8,0.111,3.27,3.4,4.38,0.089,2.48,1.71,0.0376,0.161,0.265,36.6,28.0,98,29,300,27.0,8.7,4.7,3.6,4.6,4.5,5.8,4.8,4.7,3.1,4.1,8.4,3.0,5.2,92.2,0,0,0,0,0,0
36.1,39.2,33.0,35.6,34.4,36.8,41.9,42.0,41.8,18.7,15.4,22.0,0.329,3.91,0.118,3.54,3.48,4.52,0.0947,2.58,1.88,0.0386,0.317,0.279,34.4,26.0,74,22,300,2.6,7.7,3.9,4.1,4.9,5.1,4.3,4.6,3.9,4.1,4.1,9.8,3.5,5.3,67.9,0,0,0,0,0,0
37.4,33.8,41.0,37.0,37.4,36.6,38.0,38.2,37.8,20.1,17.0,23.2,0.326,4.14,0.118,3.8,3.58,4.77,0.0959,2.74,1.95,0.0387,0.318,0.291,33.1,25.0,65,23,300,3.0,8.7,4.6,4.9,4.3,3.6,4.5,3.0,4.1,3.6,3.3,8.4,2.0,5.3,63.3,0,0,0,0,0,0
38.1,37.0,39.2,36.3,39.2,33.4,37.7,34.6,40.8,19.1,20.8,17.4,0.341,4.32,0.118,4.01,3.57,4.85,0.0985,2.81,2.01,0.0377,0.323,0.299,32.6,25.0,73,24,300,2.9,6.7,4.4,3.7,3.1,4.4,4.8,4.3,4.1,5.5,3.9,7.8,2.6,7.1,65.3,0,0,0,0,0,0
37.7,38.2,37.2,36.3,38.8,33.8,38.1,39.2,37.0,19.3,18.4,20.2,0.348,4.38,0.121,4.29,3.7,5.15,0.0968,3.0,2.16,0.0377,0.327,0.315,31.9,24.0,69,21,300,1.9,7.6,5.3,3.5,4.9,3.7,4.2,4.3,3.6,4.8,4.8,9.2,3.3,6.1,67.2,0,0,0,0,0,0
35.9,37.2,34.6,36.8,36.2,37.4,40.8,39.8,41.8,19.0,22.2,15.8,0.357,4.54,0.123,4.58,3.74,5.23,0.101,3.1,2.24,0.0384,0.336,0.327,31.5,24.0,69,23,300,3.6,8.0,5.3,4.1,3.2,4.3,4.4,4.6,4.2,4.2,3.6,9.4,2.4,5.7,67.0,0,0,0,0,0,0
36.7,36.6,36.8,36.5,34.4,38.6,38.4,38.0,38.8,19.0,21.2,16.8,0.341,4.7,0.12,4.77,3.78,5.41,0.0986,3.24,2.38,0.0387,0.339,0.33,31.1,24.0,69,21,300,3.6,7.7,4.3,3.7,3.8,4.2,3.6,4.3,5.8,4.1,4.5,8.1,1.7,5.6,65.0,0,0,0,0,0,0
35.6,33.6,37.6,35.0,38.0,32.0,37.4,34.2,40.6,20.0,21.8,18.2,0.355,4.89,0.128,5.03,3.91,5.66,0.102,3.37,2.52,0.0376,0.343,0.352,30.9,24.0,69,22,300,2.5,9.6,3.7,4.6,4.7,4.0,5.0,3.5,4.5,3.7,4.0,8.3,3.0,5.6,66.7,0,0,0,0,0,0
35.1,36.2,34.0,35.2,36.2,34.2,38.9,36.8,41.0,19.2,19.4,19.0,0.409,5.38,0.142,5.54,4.33,6.27,0.114,3.78,2.78,0.0368,0.358,0.391,31.0,24.0,77,24,300,2.1,9.1,3.6,4.0,4.2,3.2,4.3,4.7,4.9,3.8,4.9,9.3,3.4,5.2,66.7,0,0,0,0,0,0
39.5,40.4,38.6,38.5,36.0,41.0,41.7,40.0,43.4,20.4,22.6,18.2,0.378,5.28,0.133,5.13,4.26,5.98,0.108,3.52,2.62,0.0372,0.207,0.36,35.8,28.0,87,29,400,41.6,9.7,6.4,4.9,4.5,4.6,5.2,6.0,5.0,5.2,4.1,11.2,3.7,7.2,119.0,0,0,0,0,0,0
42.6,42.2,43.0,39.3,39.6,39.0,41.1,42.0,40.2,20.7,20.0,21.4,0.383,5.32,0.133,5.29,4.45,6.18,0.109,3.64,2.7,0.0379,0.208,0.375,33.8,27.0,71,24,400,4.1,12.8,4.6,5.9,5.3,5.7,6.1,5.3,5.4,4.9,4.9,10.2,2.6,8.0,85.8,0,0,0,0,0,0
42.1,41.0,43.2,36.9,37.4,36.4,41.7,42.2,41.2,21.2,24.0,18.4,0.387,5.52,0.135,5.33,4.55,6.39,0.11,3.73,2.75,0.0369,0.215,0.384,33.0,26.0,71,24,400,3.1,10.2,5.8,5.9,5.3,5.1,5.5,5.3,6.0,5.3,5.8,12.0,3.0,9.0,87.3,0,0,0,0,0,0
41.3,40.4,42.2,37.3,38.0,36.6,43.5,43.8,43.2,19.4,14.8,24.0,0.401,5.64,0.138,5.42,4.76,6.46,0.113,3.85,2.77,0.0379,0.216,0.39,32.6,26.0,70,23,400,2.8,12.5,5.7,5.8,5.2,5.6,6.3,5.8,5.6,4.4,6.0,11.2,4.2,7.4,88.5,0,0,0,0,0,0
42.6,44.2,41.0,41.1,39.0,43.2,41.1,41.6,40.6,21.2,18.2,24.2,0.43,5.81,0.146,5.53,4.9,6.62,0.124,3.94,2.84,0.039,0.221,0.405,32.7,25.0,75,25,400,3.6,11.3,5.4,5.1,5.8,5.5,6.5,5.2,4.6,6.0,5.3,10.9,3.4,7.4,86.0,0,0,0,0,0,0
40.9,39.2,42.6,41.0,41.0,41.0,44.2,44.6,43.8,20.6,22.4,18.8,0.448,5.92,0.147,5.61,4.96,6.86,0.124,3.98,2.88,0.037,0.225,0.42,32.6,25.0,77,23,400,2.5,11.8,6.0,5.3,5.8,6.0,5.9,5.2,6.5,4.7,4.8,11.7,3.8,6.4,86.4,0,0,0,0,0,0
39.9,40.6,39.2,43.0,41.6,44.4,42.2,40.8,43.6,19.4,22.6,16.2,0.456,6.05,0.151,5.76,5.22,7.04,0.137,4.12,2.95,0.0381,0.23,0.438,32.5,25.0,76,24,400,3.3,12.8,5.3,4.6,6.0,5.4,5.2,6.2,4.8,5.5,4.4,11.3,3.9,7.2,85.9,0,0,0,0,0,0
42.6,41.4,43.8,41.1,38.4,43.8,41.7,42.0,41.4,20.0,23.0,17.0,0.491,6.3,0.161,5.74,5.42,7.11,0.143,4.22,2.94,0.038,0.238,0.447,32.4,25.0,77,25,400,3.3,12.1,4.9,6.6,4.4,4.9,5.2,5.3,6.8,4.8,6.1,11.2,4.7,7.6,87.9,0,0,0,0,0,0
40.4,37.4,43.4,39.3,38.4,40.2,42.7,42.0,43.4,19.4,17.4,21.4,0.52,6.73,0.166,6.31,6.0,7.95,0.152,4.59,3.26,0.037,0.253,0.496,32.3,25.0,74,23,400,3.9,11.6,5.5,5.4,5.3,5.1,4.4,6.2,5.5,5.1,5.2,9.7,2.8,7.3,83.0,0,0,0,0,0,0
43.2,44.6,41.8,29.0,29.4,28.6,57.2,56.2,58.2,19.8,19.6,20.0,0.154,2.23,0.0711,1.91,1.8,2.38,0.0471,1.3,0.965,0.0386,0.116,0.139,39.4,32.0,87,31,200,40.3,2.67,3.0,1.67,4.0,3.33,6.0,2.33,0.667,3.67,3.33,6.33,3.33,3.67,84.3,0,0,0,0,0,0
30.6,32.6,28.6,31.0,31.6,30.4,32.9,34.6,31.2,20.8,21.6,20.0,0.164,2.4,0.0742,2.04,1.86,2.53,0.0494,1.41,1.03,0.0368,0.116,0.15,33.5,25.0,69,20,200,10.8,6.2,3.1,3.2,3.4,2.8,2.8,2.6,3.1,3.7,2.6,5.4,1.8,4.1,55.6,0,0,0,0,0,0
31.5,33.8,29.2,30.7,27.2,34.2,31.9,33.6,30.2,19.0,18.4,19.6,0.183,2.53,0.0802,2.25,2.0,2.73,0.0552,1.55,1.12,0.0377,0.124,0.167,31.7,24.0,66,21,200,2.3,5.3,3.1,2.8,2.1,3.2,2.7,3.1,2.9,2.8,2.9,6.3,2.0,3.4,44.9,0,0,0,0,0,0
33.4,33.2,33.6,30.9,29.0,32.8,31.8,31.8,31.8,19.7,23.2,16.2,0.184,2.69,0.0808,2.43,2.15,2.92,0.0567,1.67,1.2,0.0375,0.128,0.177,31.0,23.0,64,23,200,1.8,5.2,2.5,3.0,3.1,3.5,2.8,2.9,2.4,2.9,2.6,5.4,1.7,3.9,43.7,0,0,0,0,0,0
31.6,33.4,29.8,31.2,32.6,29.8,33.9,35.0,32.8,20.2,18.8,21.6,0.216,2.87,0.0894,2.65,2.24,3.08,0.0658,1.78,1.29,0.0385,0.135,0.192,30.1,23.0,69,20,200,2.6,5.1,2.4,2.4,3.5,2.0,2.8,3.0,1.8,2.5,3.0,5.4,2.7,4.2,43.4,0,0,0,0,0,0
30.7,29.6,31.8,30.4,28.8,32.0,34.4,31.2,37.6,18.8,17.0,20.6,0.233,3.04,0.0918,2.81,2.41,3.35,0.068,1.93,1.37,0.0365,0.14,0.21,29.7,22.0,66,20,200,1.5,5.2,3.0,3.1,3.3,2.6,2.3,2.0,2.5,3.0,3.6,6.5,2.3,3.7,44.6,0,0,0,0,0,0
30.0,29.8,30.2,31.9,30.6,33.2,32.5,31.0,34.0,18.6,15.4,21.8,0.246,3.2,0.0963,3.03,2.5,3.49,0.0725,2.04,1.45,0.0372,0.145,0.221,29.5,22.0,66,21,200,2.2,6.0,3.2,3.0,2.3,1.9,3.5,2.6,2.4,2.8,2.8,4.8,1.4,3.8,42.7,0,0,0,0,0,0
31.3,32.0,30.6,30.5,27.2,33.8,34.4,36.4,32.4,18.8,22.4,15.2,0.26,3.38,0.102,3.26,2.64,3.68,0.0782,2.15,1.55,0.0374,0.152,0.24,29.2,22.0,66,20,200,1.5,5.6,2.9,3.6,2.6,2.1,3.2,2.0,3.4,2.2,3.0,6.5,2.2,4.0,44.8,0,0,0,0,0,0
32.0,32.4,31.6,30.7,33.0,28.4,32.4,30.0,34.8,18.0,17.8,18.2,0.272,3.53,0.105,3.48,2.77,3.9,0.0804,2.3,1.61,0.0385,0.158,0.255,28.8,22.0,62,19,200,2.5,4.4,3.6,2.4,3.1,2.1,2.7,3.0,2.8,2.7,2.6,5.8,1.7,4.4,43.8,0,0,0,0,0,0
31.8,31.0,32.6,30.0,30.2,29.8,35.6,36.6,34.6,20.3,22.4,18.2,0.31,3.88,0.115,3.85,3.1,4.33,0.0893,2.58,1.79,0.0363,0.17,0.282,28.8,22.0,70,21,200,1.8,5.3,3.5,3.5,2.8,3.2,3.4,2.6,2.6,2.4,2.6,5.3,2.1,3.3,44.4,0,0,0,0,0,0
35.1,34.0,36.2,37.1,39.2,35.0,35.9,33.8,38.0,18.9,15.0,22.8,0.273,3.83,0.107,3.65,2.98,4.2,0.0828,2.43,1.69,0.0382,0.163,0.268,37.1,28.0,99,28,300,26.1,10.9,4.1,3.9,4.4,5.3,4.3,4.3,3.4,4.7,4.3,8.4,2.2,5.8,92.1,0,0,0,0,0,0
38.2,38.2,38.2,34.4,35.0,33.8,37.0,36.0,38.0,19.8,21.8,17.8,0.29,3.98,0.105,3.84,3.14,4.43,0.0841,2.56,1.83,0.0372,0.168,0.276,34.9,26.0,70,23,300,3.1,8.0,3.1,3.7,4.3,4.0,4.5,4.2,5.1,4.4,4.1,9.1,2.9,6.0,66.5,0,0,0,0,0,0
36.3,37.0,35.6,36.0,35.2,36.8,36.6,37.6,35.6,18.7,15.8,21.6,0.284,4.07,0.11,3.92,3.31,4.54,0.0833,2.67,1.89,0.0373,0.32,0.276,33.0,24.0,61,21,300,2.7,8.0,4.9,4.1,3.9,4.0,3.8,4.5,3.3,4.2,3.8,6.8,2.3,5.3,61.6,0,0,0,0,0,0
37.1,38.0,36.2,36.9,37.0,36.8,40.0,39.2,40.8,18.7,16.2,21.2,0.306,4.19,0.113,4.03,3.5,4.73,0.0899,2.75,2.0,0.0364,0.327,0.29,32.3,24.0,71,23,300,3.4,8.4,3.3,4.2,4.2,3.4,3.7,4.9,4.2,3.9,4.3,7.8,2.6,5.5,63.8,0,0,0,0,0,0
35.2,32.2,38.2,35.6,36.8,34.4,37.4,36.0,38.8,20.4,18.2,22.6,0.334,4.36,0.119,4.19,3.69,4.96,0.094,2.94,2.13,0.0373,0.333,0.299,32.1,24.0,79,23,300,2.6,8.9,3.6,4.2,5.2,4.2,5.4,4.9,4.4,4.0,4.6,8.7,3.6,5.6,69.9,0,0,0,0,0,0
36.4,37.2,35.6,35.3,36.8,33.8,37.1,39.4,34.8,19.8,22.6,17.0,0.349,4.4,0.119,4.22,3.91,5.11,0.0989,3.02,2.22,0.0362,0.334,0.32,31.4,23.0,63,20,300,2.4,9.5,3.2,3.9,4.9,3.7,4.1,4.1,3.9,4.4,3.3,6.1,2.4,5.3,61.2,0,0,0,0,0,0
35.8,37.4,34.2,34.3,35.4,33.2,37.1,35.8,38.4,19.7,15.8,23.6,0.355,4.62,0.126,4.41,4.07,5.31,0.101,3.12,2.28,0.0382,0.342,0.328,31.0,23.0,68,21,300,3.7,7.3,4.1,3.6,4.1,4.7,5.6,3.6,4.0,3.8,3.8,9.5,3.2,5.3,66.3,0,0,0,0,0,0
37.4,37.4,37.4,35.9,32.4,39.4,38.4,39.4,37.4,20.3,22.8,17.8,0.372,4.77,0.128,4.46,4.27,5.48,0.105,3.3,2.39,0.0374,0.347,0.344,30.8,23.0,72,22,300,2.2,7.7,4.7,4.4,4.7,4.3,3.8,3.6,5.2,4.8,5.1,7.9,2.9,4.4,65.7,0,0,0,0,0,0
34.1,33.0,35.2,35.6,35.0,36.2,36.8,35.6,38.0,19.4,20.2,18.6,0.428,5.26,0.145,4.91,4.67,6.03,0.122,3.67,2.66,0.0372,0.365,0.383,30.8,23.0,71,23,300,2.3,8.2,3.4,4.2,4.2,3.2,4.7,5.1,5.0,4.3,4.2,8.8,3.6,4.4,65.6,0,0,0,0,0,0
39.7,37.2,42.2,38.2,38.2,38.2,42.1,42.6,41.6,19.1,16.4,21.8,0.422,5.22,0.141,4.57,4.44,5.68,0.114,3.43,2.47,0.038,0.204,0.358,36.2,28.0,90,31,400,43.4,10.5,5.4,4.5,5.0,5.7,5.4,6.0,3.9,5.6,4.5,10.3,3.1,5.5,119.0,0,0,0,0,0,0
40.3,39.0,41.6,39.5,38.2,40.8,41.7,40.8,42.6,19.5,20.6,18.4,0.461,5.28,0.15,4.9,4.62,6.06,0.128,3.56,2.55,0.038,0.208,0.381,34.9,27.0,79,24,400,3.0,12.3,4.8,5.3,5.6,5.6,5.9,4.9,5.3,5.2,6.0,11.0,4.0,9.5,88.4,0,0,0,0,0,0
39.2,41.0,37.4,42.0,39.6,44.4,40.6,39.2,42.0,18.6,15.6,21.6,0.444,5.4,0.147,4.91,4.72,6.18,0.123,3.63,2.6,0.0361,0.214,0.382,33.4,25.0,70,22,400,4.3,10.7,4.9,4.9,6.2,4.8,5.5,4.3,6.0,5.1,5.8,11.9,3.5,6.9,84.8,0,0,0,0,0,0
41.9,42.0,41.8,41.1,42.8,39.4,44.0,43.8,44.2,19.8,22.4,17.2,0.452,5.56,0.152,5.19,4.84,6.43,0.127,3.78,2.69,0.0362,0.22,0.394,33.0,25.0,76,23,400,3.9,11.4,4.9,4.5,6.8,5.6,5.9,5.2,4.8,5.4,5.8,10.5,3.4,6.6,84.7,0,0,0,0,0,0
40.5,40.2,40.8,38.7,38.2,39.2,42.0,44.2,39.8,20.0,19.6,20.4,0.481,5.64,0.156,5.37,4.98,6.55,0.134,3.89,2.8,0.0357,0.227,0.425,32.7,25.0,75,24,400,2.9,14.1,5.8,5.4,4.0,5.9,6.1,4.9,4.6,6.8,5.6,13.3,4.6,7.4,91.4,0,0,0,0,0,0
42.6,43.8,41.4,39.2,37.4,41.0,44.4,45.6,43.2,19.1,17.6,20.6,0.507,5.89,0.167,5.46,5.2,6.77,0.139,4.03,2.91,0.0368,0.232,0.442,32.6,25.0,77,24,400,2.7,10.9,5.5,4.9,4.6,5.9,6.8,5.1,6.5,6.3,6.4,11.6,4.3,6.1,87.7,0,0,0,0,0,0
41.3,42.2,40.4,37.7,39.8,35.6,43.9,41.2,46.6,19.8,19.0,20.6,0.512,6.02,0.166,5.63,5.31,7.03,0.142,4.15,2.94,0.036,0.233,0.445,32.5,24.0,79,23,400,4.1,11.1,5.7,5.9,4.8,4.6,5.7,5.1,6.6,5.1,4.4,12.2,4.6,7.9,87.7,0,0,0,0,0,0
42.3,39.4,45.2,38.5,36.0,41.0,43.0,43.8,42.2,20.2,20.6,19.8,0.513,6.12,0.17,5.83,5.43,7.2,0.143,4.29,3.04,0.0359,0.24,0.458,32.4,25.0,74,24,400,3.5,13.3,5.6,5.9,5.1,5.2,4.9,4.7,5.0,5.8,3.7,8.4,3.1,8.0,82.2,0,0,0,0,0,0
41.3,41.4,41.2,38.4,37.6,39.2,41.4,43.2,39.6,19.0,22.2,15.8,0.544,6.76,0.178,6.38,6.0,7.93,0.15,4.62,3.32,0.036,0.253,0.5,32.4,25.0,77,24,400,3.1,11.2,6.0,5.2,4.3,4.8,4.6,7.0,6.2,7.1,4.0,10.3,2.8,8.7,85.3,0,0,0,0,0,0
45.2,44.2,46.2,27.5,25.8,29.2,52.5,52.6,52.4,20.3,21.2,19.4,0.165,2.13,0.0792,1.6,2.05,2.36,0.0536,1.34,0.942,0.0386,0.116,0.162,37.8,32.0,77,32,200,42.3,6.33,5.33,2.0,1.67,2.33,4.33,4.33,2.33,3.33,3.0,7.0,2.67,4.67,91.7,0,0,0,0,0,0
32.2,33.6,30.8,30.3,32.4,28.2,34.3,34.8,33.8,18.9,20.4,17.4,0.194,2.26,0.0829,1.8,2.16,2.54,0.0573,1.41,1.01,0.0386,0.123,0.174,33.1,27.0,65,20,200,9.6,5.7,3.1,2.0,3.0,2.7,3.1,1.9,3.1,2.7,2.6,6.4,2.9,3.8,52.6,0,0,0,0,0,0
32.3,32.6,32.0,31.8,33.6,30.0,33.5,35.8,31.2,19.8,20.8,18.8,0.192,2.42,0.083,1.92,2.33,2.72,0.0558,1.54,1.09,0.0378,0.127,0.181,30.9,25.0,61,20,200,2.6,6.3,3.0,3.5,2.5,3.0,2.4,2.6,2.4,2.1,3.3,5.2,1.2,3.3,43.4,0,0,0,0,0,0
30.9,31.6,30.2,28.8,27.6,30.0,32.1,33.6,30.6,18.7,21.2,16.2,0.211,2.54,0.0892,2.15,2.45,2.89,0.0643,1.7,1.19,0.0378,0.133,0.195,30.3,23.0,74,20,200,1.4,5.1,3.3,2.4,2.9,3.8,2.3,2.9,3.5,2.5,2.7,5.5,2.3,2.8,43.4,0,0,0,0,0,0
31.7,35.2,28.2,29.7,31.2,28.2,31.6,27.8,35.4,20.0,18.2,21.8,0.211,2.65,0.089,2.29,2.53,3.08,0.0635,1.8,1.28,0.0377,0.136,0.206,29.9,23.0,70,21,200,1.2,5.6,3.8,2.9,2.5,2.7,2.9,2.4,3.0,2.3,2.8,5.3,1.2,3.7,42.3,0,0,0,0,0,0
34.5,35.0,34.0,31.8,28.6,35.0,33.8,32.2,35.4,20.1,22.8,17.4,0.204,2.83,0.0896,2.46,2.63,3.21,0.0631,1.89,1.34,0.0387,0.142,0.211,29.5,23.0,59,20,200,2.0,5.0,2.7,2.8,2.1,1.8,3.2,2.6,2.5,3.6,2.6,5.1,1.1,3.0,40.1,0,0,0,0,0,0
34.1,34.4,33.8,30.0,30.8,29.2,32.3,35.6,29.0,20.7,23.6,17.8,0.205,3.02,0.0876,2.65,2.84,3.44,0.0651,1.99,1.38,0.0377,0.146,0.22,29.3,22.0,63,20,200,1.5,6.1,2.2,2.3,2.4,2.4,2.6,2.8,2.6,2.4,3.4,5.3,1.3,6.0,43.3,0,0,0,0,0,0
32.5,33.0,32.0,30.0,32.0,28.0,33.2,30.6,35.8,20.3,17.8,22.8,0.224,3.21,0.0929,2.91,2.95,3.64,0.0673,2.13,1.5,0.0378,0.151,0.233,29.0,22.0,61,19,200,1.8,5.0,2.6,2.9,3.7,2.8,2.4,3.2,2.5,2.0,3.0,6.0,1.7,3.6,43.2,0,0,0,0,0,0
33.1,34.0,32.2,34.2,33.0,35.4,33.3,33.6,33.0,20.3,21.0,19.6,0.245,3.34,0.0989,3.06,3.14,3.84,0.0736,2.26,1.56,0.0368,0.158,0.255,28.8,22.0,69,21,200,1.7,6.0,2.7,3.7,1.9,2.5,2.5,3.4,3.0,2.9,2.7,6.6,2.0,4.8,46.4,0,0,0,0,0,0
31.6,29.4,33.8,29.9,32.0,27.8,30.5,29.8,31.2,20.3,23.8,16.8,0.278,3.7,0.104,3.43,3.46,4.26,0.0811,2.5,1.76,0.0366,0.169,0.282,28.8,22.0,69,22,200,1.9,6.4,2.2,2.7,2.3,2.3,3.1,1.8,2.8,3.2,2.7,6.2,2.1,3.6,43.3,0,0,0,0,0,0
39.8,38.8,40.8,32.8,35.2,30.4,40.5,40.2,40.8,20.7,22.2,19.2,0.258,3.81,0.1,3.36,3.35,4.3,0.0755,2.4,1.66,0.0383,0.164,0.264,38.5,28.0,100,28,300,26.0,9.2,4.8,4.8,4.3,4.1,4.6,3.7,3.7,4.7,3.9,10.3,3.0,6.2,93.3,0,0,0,0,0,0
38.2,37.6,38.8,34.6,36.8,32.4,38.9,39.0,38.8,20.5,16.6,24.4,0.278,4.0,0.103,3.51,3.45,4.46,0.0832,2.54,1.76,0.0374,0.168,0.268,35.3,26.0,62,23,300,3.0,7.5,3.1,3.6,4.6,4.0,4.7,4.7,3.4,3.9,4.3,8.9,3.0,6.3,65.0,0,0,0,0,0,0
36.8,36.2,37.4,33.7,32.2,35.2,37.5,37.4,37.6,18.8,17.4,20.2,0.301,4.28,0.114,3.7,3.66,4.69,0.0902,2.69,1.87,0.0375,0.354,0.295,33.7,25.0,67,22,300,2.6,7.9,3.6,4.1,4.0,4.1,4.3,4.7,4.9,4.7,5.7,9.5,3.3,6.8,70.2,0,0,0,0,0,0
38.4,34.4,42.4,35.5,34.8,36.2,38.7,37.0,40.4,20.8,20.0,21.6,0.328,4.34,0.119,3.85,3.83,4.87,0.0945,2.81,1.93,0.0365,0.361,0.312,32.9,25.0,71,22,300,3.1,10.6,4.0,4.2,3.5,4.3,3.5,3.5,4.5,3.8,3.9,9.0,2.6,5.5,66.0,0,0,0,0,0,0
37.1,36.8,37.4,34.2,34.0,34.4,37.5,37.8,37.2,19.5,20.4,18.6,0.33,4.52,0.12,4.05,3.95,5.03,0.0956,3.0,2.04,0.0375,0.363,0.323,32.4,24.0,69,23,300,2.3,8.2,3.3,4.3,3.2,4.1,5.7,3.4,5.2,4.7,4.2,7.3,2.0,6.0,63.9,0,0,0,0,0,0
36.3,35.4,37.2,34.1,36.4,31.8,36.1,34.2,38.0,20.7,23.0,18.4,0.355,4.64,0.126,4.17,4.05,5.22,0.0985,3.11,2.11,0.0376,0.369,0.34,31.8,24.0,65,21,300,2.6,8.8,4.5,3.5,4.1,4.0,4.6,4.2,4.8,3.6,4.0,7.9,2.8,5.4,64.8,0,0,0,0,0,0
37.6,38.0,37.2,35.1,33.8,36.4,36.4,38.2,34.6,19.9,22.6,17.2,0.351,4.79,0.128,4.36,4.16,5.42,0.101,3.16,2.17,0.0378,0.374,0.335,31.4,24.0,65,22,300,3.2,8.0,3.8,4.4,3.8,4.8,4.3,4.6,3.2,4.0,4.4,8.3,3.0,4.7,64.5,0,0,0,0,0,0
37.9,36.8,39.0,37.9,36.0,39.8,38.0,36.2,39.8,19.3,18.0,20.6,0.358,4.97,0.134,4.53,4.26,5.66,0.107,3.29,2.24,0.0367,0.376,0.361,31.2,23.0,71,23,300,3.2,9.1,3.7,4.4,4.4,3.9,3.5,3.7,4.2,4.3,3.5,7.8,2.5,5.4,63.6,0,0,0,0,0,0
37.6,38.2,37.0,35.5,32.2,38.8,36.7,33.4,40.0,18.6,19.0,18.2,0.418,5.47,0.143,5.05,4.76,6.24,0.122,3.68,2.52,0.0378,0.393,0.401,31.0,23.0,68,21,300,2.9,8.2,3.4,4.1,4.2,5.0,4.0,5.5,4.7,3.9,4.4,9.1,3.0,5.3,67.7,0,0,0,0,0,0
43.3,40.6,46.0,42.3,44.4,40.2,40.5,40.0,41.0,19.9,17.2,22.6,0.394,5.26,0.135,4.75,4.45,5.81,0.119,3.42,2.33,0.0361,0.203,0.369,39.6,30.0,95,33,400,41.9,10.8,3.6,4.6,4.8,4.2,6.1,5.9,6.3,5.2,3.5,10.0,3.5,7.5,118.0,0,0,0,0,0,0
43.5,43.4,43.6,38.7,39.4,38.0,46.0,47.0,45.0,19.6,18.6,20.6,0.423,5.51,0.147,4.99,4.53,6.06,0.122,3.48,2.42,0.0369,0.21,0.373,37.5,28.0,84,26,400,4.6,11.5,4.6,5.0,6.5,4.7,5.4,4.2,5.2,6.8,4.8,12.2,4.1,8.1,87.7,0,0,0,0,0,0
41.9,41.8,42.0,38.3,37.4,39.2,41.3,40.2,42.4,19.8,19.2,20.4,0.449,5.63,0.15,5.18,4.68,6.35,0.13,3.66,2.5,0.0367,0.214,0.389,35.9,27.0,76,23,400,3.9,10.1,5.9,4.0,6.1,5.7,5.6,6.0,5.9,5.0,6.9,12.5,4.7,8.3,90.6,0,0,0,0,0,0
42.9,45.8,40.0,38.6,38.0,39.2,41.8,43.2,40.4,21.1,23.8,18.4,0.455,5.66,0.155,5.28,4.79,6.47,0.136,3.75,2.56,0.0367,0.219,0.399,35.9,27.0,90,25,400,3.5,12.3,6.3,6.7,5.9,5.6,6.9,4.6,3.9,5.7,5.4,10.7,3.3,7.6,88.4,0,0,0,0,0,0
41.8,43.6,40.0,38.7,36.8,40.6,43.0,44.4,41.6,21.4,18.2,24.6,0.465,5.83,0.158,5.48,4.93,6.71,0.137,3.89,2.7,0.0366,0.221,0.415,35.3,26.0,73,24,400,2.7,11.3,5.4,5.7,3.9,5.3,5.6,6.4,6.4,6.2,4.6,10.8,3.6,7.7,85.6,0,0,0,0,0,0
40.4,42.6,38.2,36.1,35.8,36.4,44.0,44.4,43.6,21.0,18.2,23.8,0.5,5.95,0.165,5.67,5.09,6.96,0.146,3.94,2.78,0.0376,0.23,0.429,35.0,26.0,75,25,400,3.5,12.9,6.7,4.3,3.8,5.8,6.7,4.1,5.8,5.1,6.6,10.9,4.5,8.0,88.7,0,0,0,0,0,0
41.9,40.0,43.8,36.4,35.0,37.8,43.2,41.8,44.6,19.0,21.2,16.8,0.483,6.09,0.167,5.67,5.17,7.09,0.145,4.05,2.81,0.0375,0.232,0.439,34.5,26.0,79,23,400,3.3,12.3,5.8,4.6,5.3,4.5,5.9,5.2,4.3,5.2,6.1,9.7,3.2,7.5,82.9,0,0,0,0,0,0
44.3,45.2,43.4,39.4,40.2,38.6,45.0,46.0,44.0,19.5,16.0,23.0,0.513,6.28,0.173,5.92,5.3,7.32,0.151,4.2,2.92,0.0366,0.241,0.444,34.1,26.0,72,23,400,3.2,11.0,5.1,5.2,5.5,6.4,4.8,5.4,5.1,5.3,4.9,11.7,3.7,8.2,85.5,0,0,0,0,0,0
42.7,41.4,44.0,39.2,41.2,37.2,43.3,44.4,42.2,19.2,23.2,15.2,0.573,6.84,0.189,6.5,5.89,8.08,0.167,4.68,3.24,0.0357,0.26,0.512,33.8,25.0,74,24,400,3.3,12.3,5.1,6.5,6.1,7.0,6.7,5.5,5.6,4.7,4.5,13.2,4.1,8.8,93.4,0,0,0,0,0,0
45.5,46.2,44.8,27.7,31.0,24.4,49.9,47.6,52.2,20.0,21.0,19.0,0.152,2.18,0.0693,1.89,1.76,2.42,0.0508,1.31,0.927,0.0365,0.113,0.148,39.9,34.0,85,33,200,47.0,7.0,4.33,2.0,2.67,4.33,4.67,3.33,4.67,3.33,2.0,7.33,2.67,5.0,100.0,0,0,0,0,0,0
34.4,34.6,34.2,30.6,28.4,32.8,31.5,33.4,29.6,20.2,21.0,19.4,0.162,2.31,0.0733,1.97,1.9,2.62,0.0535,1.39,1.03,0.0363,0.119,0.162,34.0,27.0,62,20,200,8.8,6.7,3.3,2.3,3.0,2.2,2.6,2.2,2.2,3.0,2.3,5.4,2.3,5.2,51.5,0,0,0,0,0,0
33.3,31.6,35.0,32.0,34.4,29.6,30.4,27.8,33.0,18.6,18.0,19.2,0.177,2.45,0.0785,2.09,2.17,2.79,0.06,1.51,1.11,0.0371,0.123,0.177,31.9,25.0,65,21,200,1.7,4.9,2.6,3.0,2.8,3.7,2.8,2.5,2.7,3.5,2.9,6.1,1.9,4.4,45.5,0,0,0,0,0,0
33.2,33.6,32.8,31.4,28.0,34.8,31.5,29.2,33.8,18.9,21.6,16.2,0.184,2.6,0.0831,2.21,2.38,3.05,0.0612,1.69,1.21,0.0371,0.13,0.19,31.1,24.0,65,22,200,2.4,4.8,3.6,2.8,2.5,2.9,2.9,2.3,1.9,2.7,3.7,6.4,1.7,3.9,44.5,0,0,0,0,0,0
33.1,32.0,34.2,31.7,34.2,29.2,32.8,31.0,34.6,18.7,20.0,17.4,0.206,2.84,0.0874,2.35,2.62,3.3,0.0672,1.81,1.33,0.037,0.139,0.202,30.4,23.0,66,20,200,2.3,4.9,1.7,3.3,2.3,2.8,2.8,3.0,3.2,2.5,3.0,6.7,2.2,5.2,45.9,0,0,0,0,0,0
33.4,32.8,34.0,31.3,31.4,31.2,31.5,28.2,34.8,20.4,21.0,19.8,0.224,3.06,0.0942,2.51,2.82,3.51,0.0725,1.94,1.39,0.037,0.142,0.215,30.0,23.0,64,22,200,2.5,5.5,2.6,2.9,2.2,3.1,3.4,3.5,2.2,2.7,1.8,5.8,1.8,4.4,44.4,0,0,0,0,0,0
34.3,33.6,35.0,29.9,29.6,30.2,31.8,29.0,34.6,18.8,15.2,22.4,0.247,3.22,0.0998,2.65,3.07,3.69,0.0779,2.11,1.52,0.0358,0.15,0.235,29.9,23.0,64,21,200,1.7,6.6,2.6,2.9,1.8,2.3,3.1,2.5,2.8,2.7,2.6,5.6,2.0,3.6,42.8,0,0,0,0,0,0
34.2,35.4,33.0,32.2,31.2,33.2,32.2,35.8,28.6,19.1,18.8,19.4,0.269,3.39,0.102,2.79,3.27,3.88,0.0818,2.24,1.62,0.0368,0.155,0.255,29.5,22.0,66,20,200,1.3,5.3,3.3,3.0,3.5,2.6,2.4,3.0,2.6,2.9,3.2,6.8,2.5,3.7,46.1,0,0,0,0,0,0
33.4,31.0,35.8,30.4,33.0,27.8,33.2,34.8,31.6,19.1,21.6,16.6,0.284,3.54,0.108,2.91,3.51,4.08,0.0863,2.35,1.7,0.0366,0.162,0.27,29.5,22.0,69,22,200,1.5,5.3,2.3,2.8,3.5,2.0,4.3,2.9,2.2,2.7,3.4,6.4,1.8,3.8,44.9,0,0,0,0,0,0
31.2,27.6,34.8,30.5,32.0,29.0,29.9,29.6,30.2,18.7,18.6,18.8,0.311,3.91,0.114,3.2,3.83,4.5,0.0922,2.62,1.9,0.0365,0.173,0.292,29.4,22.0,67,21,200,1.8,5.3,2.7,2.3,1.8,2.6,2.3,3.9,1.5,2.6,2.5,5.1,1.6,4.0,40.0,0,0,0,0,0,0
37.8,35.8,39.8,33.7,34.6,32.8,36.5,34.2,38.8,18.9,17.2,20.6,0.268,3.8,0.101,3.13,3.54,4.39,0.0771,2.44,1.74,0.0357,0.166,0.258,39.4,29.0,110,29,300,24.4,9.5,3.5,3.9,5.1,2.7,4.5,3.6,3.7,4.1,4.3,8.3,2.1,6.5,86.2,0,0,0,0,0,0
39.1,37.4,40.8,33.6,33.8,33.4,40.6,43.2,38.0,19.1,19.4,18.8,0.279,3.94,0.106,3.28,3.58,4.5,0.0798,2.57,1.84,0.0375,0.326,0.279,36.4,27.0,76,22,300,2.2,7.6,4.6,4.1,3.7,4.9,5.0,4.6,3.9,3.5,4.8,9.1,2.9,5.3,66.2,0,0,0,0,0,0
37.0,37.4,36.6,35.6,38.4,32.8,39.9,37.6,42.2,20.7,24.0,17.4,0.277,4.09,0.107,3.54,3.65,4.65,0.0825,2.68,1.91,0.0366,0.331,0.287,34.1,25.0,64,21,300,2.9,9.4,4.6,4.5,4.0,4.5,3.2,3.5,4.1,4.7,2.7,6.5,2.2,6.4,63.2,0,0,0,0,0,0
36.3,36.8,35.8,36.0,36.8,35.2,38.1,37.2,39.0,19.4,18.0,20.8,0.286,4.26,0.109,3.64,3.74,4.78,0.0849,2.8,1.99,0.0377,0.335,0.287,33.0,24.0,71,20,300,1.9,9.5,4.3,3.9,4.2,4.0,4.3,4.1,3.5,3.9,4.8,7.5,2.5,5.9,64.3,0,0,0,0,0,0
36.0,38.2,33.8,34.7,32.8,36.6,37.8,37.8,37.8,19.3,21.4,17.2,0.292,4.37,0.111,3.91,3.82,5.03,0.0843,2.87,2.04,0.0366,0.341,0.303,32.7,24.0,74,24,300,3.9,8.2,3.7,3.8,4.4,3.5,3.5,3.8,3.4,5.3,4.2,8.5,2.7,6.9,65.8,0,0,0,0,0,0
36.9,36.2,37.6,34.5,31.8,37.2,37.4,36.6,38.2,19.1,19.8,18.4,0.302,4.51,0.112,4.06,3.99,5.18,0.0897,3.02,2.1,0.0357,0.344,0.306,32.1,24.0,66,21,300,3.3,7.7,4.2,3.0,3.2,3.9,4.5,5.2,3.7,4.7,3.9,8.4,2.5,5.8,64.0,0,0,0,0,0,0
39.3,38.8,39.8,33.1,34.4,31.8,39.4,38.2,40.6,18.7,15.4,22.0,0.332,4.76,0.119,4.25,4.18,5.38,0.0927,3.12,2.21,0.0365,0.35,0.331,32.1,24.0,78,22,300,3.0,8.6,3.4,4.3,3.3,4.4,4.9,3.9,4.6,3.6,3.8,9.6,2.8,5.7,65.9,0,0,0,0,0,0
40.1,39.8,40.4,35.5,36.8,34.2,38.8,41.2,36.4,18.3,16.4,20.2,0.35,4.87,0.126,4.45,4.41,5.6,0.1,3.28,2.34,0.0377,0.356,0.357,31.7,24.0,71,22,300,2.6,10.9,4.1,3.5,3.8,3.8,3.9,4.0,5.1,4.3,4.5,9.1,2.7,4.2,66.5,0,0,0,0,0,0
38.5,37.6,39.4,36.1,34.8,37.4,37.5,37.2,37.8,19.5,22.6,16.4,0.397,5.39,0.136,4.89,4.83,6.24,0.111,3.64,2.56,0.0366,0.369,0.392,31.5,24.0,69,23,300,4.5,9.0,2.8,3.9,5.1,3.5,5.2,4.9,3.3,4.3,3.9,8.1,2.5,4.9,65.9,0,0,0,0,0,0
41.4,41.0,41.8,40.5,41.4,39.6,41.1,44.4,37.8,19.9,21.4,18.4,0.395,5.29,0.134,4.67,4.59,5.99,0.107,3.37,2.38,0.0354,0.207,0.371,37.8,28.0,98,31,400,39.8,12.9,4.8,5.2,4.6,5.5,5.1,5.0,5.8,4.8,3.4,11.1,3.6,7.4,119.0,0,0,0,0,0,0
41.0,42.2,39.8,39.0,41.0,37.0,40.8,41.0,40.6,20.5,17.6,23.4,0.4,5.44,0.134,4.85,4.76,6.21,0.11,3.55,2.52,0.0354,0.211,0.379,35.9,27.0,80,23,400,3.7,10.6,4.7,7.4,4.1,6.7,5.6,5.6,5.5,5.5,4.9,11.5,3.0,7.9,86.7,0,0,0,0,0,0
40.8,40.4,41.2,39.7,39.2,40.2,42.1,42.6,41.6,18.2,19.2,17.2,0.405,5.5,0.136,4.9,4.94,6.32,0.111,3.63,2.55,0.0353,0.213,0.388,34.8,26.0,75,23,400,3.7,12.6,6.6,5.9,5.3,5.2,5.6,6.0,5.2,4.5,5.7,10.6,2.7,7.5,87.1,0,0,0,0,0,0
41.5,39.6,43.4,37.9,41.2,34.6,40.0,41.4,38.6,18.7,19.4,18.0,0.419,5.65,0.14,5.01,5.13,6.5,0.115,3.72,2.66,0.037,0.221,0.407,34.3,26.0,79,24,400,3.8,12.4,6.1,7.3,4.9,4.3,4.7,4.6,6.6,6.1,4.4,11.8,4.0,7.6,88.6,0,0,0,0,0,0
42.9,41.4,44.4,40.0,40.8,39.2,43.6,45.8,41.4,20.9,21.0,20.8,0.447,5.77,0.144,5.14,5.3,6.57,0.12,3.83,2.76,0.036,0.222,0.42,33.9,25.0,77,24,400,3.3,10.9,4.9,6.7,5.8,4.5,4.8,5.5,6.1,5.0,5.5,9.8,3.9,8.1,84.8,0,0,0,0,0,0
43.4,40.4,46.4,40.4,41.4,39.4,45.0,46.2,43.8,19.0,16.4,21.6,0.457,5.96,0.159,5.35,5.33,6.98,0.129,3.95,2.84,0.036,0.228,0.426,33.8,25.0,76,26,400,3.6,11.2,6.6,5.2,5.8,5.6,4.1,6.3,6.2,5.1,4.5,11.0,4.0,7.1,86.3,0,0,0,0,0,0
40.5,41.2,39.8,37.6,34.6,40.6,43.6,43.4,43.8,20.9,18.6,23.2,0.479,6.07,0.161,5.49,5.5,7.22,0.139,4.05,2.87,0.0367,0.237,0.441,33.7,26.0,77,26,400,4.4,13.5,6.8,5.9,4.5,5.0,3.9,4.7,5.0,5.3,4.9,11.8,5.0,9.1,89.8,0,0,0,0,0,0
42.8,44.2,41.4,37.9,37.8,38.0,41.8,41.6,42.0,19.2,21.2,17.2,0.507,6.27,0.169,5.57,5.7,7.27,0.14,4.19,3.0,0.0359,0.238,0.457,33.5,26.0,77,24,400,3.4,10.3,4.1,4.8,6.5,4.9,6.6,5.4,6.4,4.4,5.9,12.8,4.5,7.9,87.9,0,0,0,0,0,0
44.3,43.2,45.4,36.4,34.8,38.0,43.7,43.4,44.0,20.2,21.4,19.0,0.568,6.96,0.181,6.17,6.35,8.2,0.159,4.6,3.27,0.0368,0.26,0.51,33.6,25.0,86,24,400,3.8,12.3,6.0,3.6,5.1,5.5,5.3,5.8,6.1,5.3,4.8,10.8,3.9,7.3,85.6,0,0,0,0,0,0
43.2,41.6,44.8,28.3,28.8,27.8,52.3,51.4,53.2,19.0,19.8,18.2,0.14,2.12,0.0672,1.86,1.71,2.31,0.0603,1.24,0.895,0.0372,0.113,0.146,44.0,35.0,100,34,200,47.0,8.33,3.0,4.33,4.67,4.33,1.67,3.0,1.33,3.67,2.0,6.0,1.67,4.33,95.3,0,0,0,0,0,0
33.0,32.8,33.2,29.8,25.8,33.8,33.3,31.8,34.8,20.8,18.4,23.2,0.139,2.26,0.0673,2.0,1.86,2.51,0.0544,1.37,0.975,0.0382,0.116,0.152,37.2,28.0,72,21,200,8.8,5.4,2.8,2.9,3.8,3.9,3.5,2.2,2.7,2.5,1.8,5.7,1.6,4.3,51.9,0,0,0,0,0,0
32.7,34.2,31.2,30.3,29.8,30.8,34.6,32.6,36.6,18.7,17.8,19.6,0.163,2.42,0.0738,2.21,2.01,2.66,0.0599,1.49,1.09,0.0374,0.122,0.173,33.9,25.0,60,21,200,1.8,6.0,3.0,2.1,2.7,3.1,3.1,2.9,3.0,2.5,2.1,6.1,2.6,4.0,45.0,0,0,0,0,0,0
32.2,34.0,30.4,32.5,31.6,33.4,33.1,33.2,33.0,20.4,23.2,17.6,0.192,2.56,0.0838,2.38,2.18,2.86,0.0677,1.67,1.17,0.0375,0.13,0.184,32.1,24.0,67,21,200,1.6,4.9,3.3,2.3,3.3,3.5,2.2,2.4,2.7,3.7,3.1,7.2,1.9,4.4,46.5,0,0,0,0,0,0
30.6,27.4,33.8,29.9,27.8,32.0,33.0,31.4,34.6,18.9,21.0,16.8,0.219,2.75,0.087,2.56,2.33,3.13,0.0707,1.82,1.27,0.0364,0.135,0.204,31.3,23.0,66,20,200,1.3,6.7,2.3,3.0,3.7,2.7,3.2,3.3,3.7,3.1,2.6,5.9,2.7,2.9,47.1,0,0,0,0,0,0
33.3,32.2,34.4,32.3,30.6,34.0,32.7,35.6,29.8,19.1,17.6,20.6,0.22,2.9,0.0912,2.7,2.51,3.26,0.0742,1.91,1.36,0.0375,0.139,0.211,30.6,23.0,66,20,200,1.8,5.6,2.8,2.9,2.0,2.5,2.5,2.8,2.7,2.2,3.3,4.8,1.2,2.9,40.0,0,0,0,0,0,0
31.8,29.8,33.8,31.8,33.6,30.0,32.6,32.8,32.4,19.1,21.8,16.4,0.244,3.13,0.0954,2.9,2.64,3.49,0.0811,2.03,1.44,0.0384,0.146,0.228,30.0,22.0,66,20,200,2.4,6.0,2.9,2.7,2.9,2.9,1.7,3.3,2.8,2.4,2.2,6.4,1.5,4.1,44.2,0,0,0,0,0,0
32.6,35.8,29.4,32.5,30.8,34.2,33.8,31.4,36.2,18.6,17.0,20.2,0.271,3.26,0.0998,3.08,2.87,3.74,0.0876,2.21,1.52,0.0386,0.152,0.248,30.0,23.0,67,23,200,2.0,6.3,2.4,4.0,2.4,1.9,2.5,2.1,3.0,3.4,2.8,6.2,2.3,3.7,45.0,0,0,0,0,0,0
31.6,32.4,30.8,30.7,32.2,29.2,33.3,32.6,34.0,19.2,18.8,19.6,0.275,3.46,0.102,3.25,3.06,3.95,0.0973,2.32,1.61,0.0365,0.157,0.265,29.8,23.0,65,22,200,1.8,6.0,2.5,2.6,2.1,1.7,3.2,2.9,2.6,3.0,2.7,7.0,2.2,3.5,43.8,0,0,0,0,0,0
33.3,36.6,30.0,29.5,28.6,30.4,33.2,32.4,34.0,19.9,22.2,17.6,0.3,3.78,0.11,3.6,3.47,4.43,0.103,2.62,1.79,0.0374,0.169,0.295,29.5,22.0,62,21,200,0.8,5.8,2.6,3.0,3.5,2.7,3.2,2.4,2.0,3.0,2.4,5.6,1.5,4.1,42.6,0,0,0,0,0,0
36.6,35.8,37.4,34.5,34.6,34.4,39.6,39.8,39.4,18.3,16.8,19.8,0.287,3.81,0.107,3.49,3.28,4.3,0.0973,2.48,1.71,0.0381,0.165,0.278,40.3,29.0,100,27,300,25.5,7.7,4.2,4.9,4.1,4.4,4.8,4.4,3.6,5.0,4.1,10.3,3.7,5.7,92.4,0,0,0,0,0,0
38.2,40.2,36.2,34.5,36.4,32.6,39.5,39.8,39.2,19.5,15.8,23.2,0.296,3.96,0.11,3.62,3.46,4.52,0.0984,2.63,1.75,0.0371,0.172,0.289,36.5,26.0,68,22,300,3.4,9.4,4.3,3.1,4.8,4.6,4.1,3.9,3.7,4.4,4.4,9.2,2.8,6.1,68.2,0,0,0,0,0,0
36.5,39.2,33.8,34.2,35.6,32.8,37.5,35.8,39.2,19.6,24.0,15.2,0.329,4.11,0.12,3.76,3.61,4.77,0.108,2.74,1.87,0.0381,0.345,0.308,34.5,25.0,68,22,300,3.3,9.4,5.3,4.0,3.4,4.1,3.7,4.5,4.8,4.4,4.8,9.1,3.5,4.5,68.8,0,0,0,0,0,0
37.0,39.0,35.0,35.2,34.8,35.6,37.7,35.8,39.6,18.9,23.0,14.8,0.355,4.18,0.125,3.91,3.76,4.9,0.113,2.83,1.96,0.0371,0.349,0.323,33.0,24.0,64,20,300,1.9,8.2,4.3,2.8,5.1,4.4,3.2,4.3,3.7,3.0,3.9,8.5,3.0,5.9,62.2,0,0,0,0,0,0
38.3,41.0,35.6,34.1,32.8,35.4,39.0,37.8,40.2,19.8,21.8,17.8,0.377,4.49,0.132,4.12,3.95,5.11,0.127,2.99,2.07,0.0369,0.356,0.337,32.5,24.0,75,22,300,2.6,8.8,3.4,3.9,3.1,4.1,4.2,4.4,4.8,5.1,4.8,10.3,3.6,6.4,69.5,0,0,0,0,0,0
37.4,36.2,38.6,35.3,35.8,34.8,40.5,39.0,42.0,20.9,21.4,20.4,0.392,4.6,0.134,4.29,4.04,5.29,0.128,3.11,2.16,0.037,0.361,0.345,32.0,23.0,68,21,300,3.1,9.8,4.7,2.9,4.2,2.8,4.6,5.4,4.5,3.5,4.1,9.3,3.4,4.8,67.1,0,0,0,0,0,0
35.5,35.0,36.0,34.6,36.4,32.8,37.2,37.4,37.0,19.2,18.2,20.2,0.402,4.77,0.14,4.42,4.17,5.48,0.129,3.25,2.26,0.0362,0.365,0.363,31.8,23.0,71,22,300,2.7,9.4,3.3,4.1,4.5,4.3,2.3,4.7,4.1,4.0,4.0,8.7,2.0,5.7,63.8,0,0,0,0,0,0
37.0,38.4,35.6,34.5,37.6,31.4,37.6,37.8,37.4,19.8,15.4,24.2,0.443,4.92,0.151,4.63,4.43,5.75,0.14,3.35,2.33,0.038,0.371,0.383,31.3,23.0,63,22,300,2.6,9.2,3.8,3.8,2.9,5.4,4.7,4.0,3.6,3.8,5.0,8.2,4.3,5.9,67.2,0,0,0,0,0,0
36.7,36.0,37.4,34.1,34.0,34.2,38.3,37.0,39.6,19.4,15.8,23.0,0.483,5.47,0.16,5.16,4.93,6.29,0.149,3.74,2.55,0.0361,0.389,0.428,31.2,23.0,76,23,300,2.9,8.6,3.8,3.3,4.0,3.9,4.9,4.0,5.0,4.1,4.4,8.4,2.8,4.9,65.0,0,0,0,0,0,0
41.5,42.4,40.6,39.0,37.6,40.4,42.4,42.2,42.6,20.6,18.6,22.6,0.457,5.32,0.149,4.88,4.59,5.98,0.135,3.56,2.4,0.037,0.375,0.384,37.6,29.0,95,30,400,41.1,12.5,4.6,5.4,4.0,5.9,5.1,5.4,6.5,4.0,6.0,11.9,4.2,6.5,123.0,0,0,0,0,0,0
45.9,45.0,46.8,38.0,37.8,38.2,41.6,41.4,41.8,20.0,21.0,19.0,0.461,5.44,0.153,4.93,4.71,6.13,0.139,3.63,2.48,0.0371,0.215,0.397,35.6,27.0,77,23,400,3.0,10.0,5.0,5.8,4.9,5.8,7.0,5.8,5.9,6.9,6.1,12.2,4.3,6.8,89.5,0,0,0,0,0,0
42.1,42.0,42.2,37.2,35.6,38.8,45.3,42.8,47.8,20.4,17.2,23.6,0.489,5.68,0.155,5.13,4.8,6.33,0.142,3.73,2.56,0.038,0.217,0.411,34.0,26.0,72,23,400,5.1,11.8,5.0,5.9,6.0,5.2,6.2,4.6,5.8,4.7,4.5,10.7,4.4,8.3,88.2,0,0,0,0,0,0
43.8,42.6,45.0,38.4,36.0,40.8,42.0,44.4,39.6,21.6,23.6,19.6,0.49,5.75,0.164,5.27,4.95,6.54,0.148,3.84,2.64,0.0372,0.223,0.416,33.2,25.0,69,23,400,4.6,11.3,5.3,4.9,6.0,5.3,5.2,5.8,5.1,6.4,5.9,10.7,4.3,8.3,89.1,0,0,0,0,0,0
40.6,39.2,42.0,42.2,40.4,44.0,44.4,45.4,43.4,19.8,17.0,22.6,0.507,5.98,0.172,5.4,5.13,6.68,0.156,3.9,2.67,0.0371,0.227,0.428,32.6,25.0,72,22,400,4.2,11.0,6.5,6.2,5.0,4.8,4.8,4.1,5.2,5.0,5.1,10.8,4.2,7.1,84.0,0,0,0,0,0,0
40.2,42.0,38.4,37.6,37.2,38.0,42.5,44.2,40.8,19.2,16.2,22.2,0.511,5.99,0.168,5.63,5.13,6.89,0.155,4.06,2.78,0.0372,0.23,0.431,32.5,25.0,79,22,400,4.4,11.7,5.2,4.9,5.4,7.5,5.3,5.9,5.3,4.6,7.0,11.3,3.5,6.5,88.5,0,0,0,0,0,0
40.9,38.6,43.2,40.0,38.0,42.0,41.4,41.2,41.6,19.8,17.2,22.4,0.5,6.16,0.166,5.8,5.15,6.99,0.154,4.11,2.87,0.0375,0.233,0.441,32.5,24.0,80,24,400,3.5,10.7,5.0,5.6,5.3,4.4,6.4,5.3,5.5,5.0,4.6,11.2,3.0,7.9,83.4,0,0,0,0,0,0
40.3,42.2,38.4,40.7,39.8,41.6,40.5,41.0,40.0,20.0,19.6,20.4,0.5,6.28,0.168,5.87,5.3,7.13,0.158,4.22,2.91,0.0377,0.238,0.455,32.5,24.0,78,24,400,3.7,12.7,5.6,5.3,5.4,6.0,4.7,5.3,4.5,6.4,5.5,9.5,2.8,6.9,84.3,0,0,0,0,0,0
43.4,42.6,44.2,39.7,36.8,42.6,44.0,44.8,43.2,18.7,19.6,17.8,0.559,6.86,0.184,6.45,5.94,8.0,0.173,4.66,3.27,0.0378,0.255,0.514,32.6,24.0,82,25,400,2.4,13.0,5.8,4.9,5.2,4.3,5.4,6.0,5.3,5.5,5.7,12.3,3.8,8.3,87.9,0,0,0,0,0,0
46.6,46.4,46.8,29.5,29.6,29.4,53.8,54.8,52.8,19.1,16.2,22.0,0.144,2.1,0.07,1.66,1.95,2.47,0.0468,1.27,0.97,0.0386,0.116,0.153,42.7,34.0,92,33,200,41.0,5.33,4.33,3.33,4.33,4.0,5.67,3.0,3.67,3.0,2.33,9.67,2.67,3.33,95.7,0,0,0,0,0,0
33.0,31.4,34.6,32.4,32.0,32.8,33.1,30.4,35.8,18.3,18.6,18.0,0.155,2.24,0.0745,1.78,2.13,2.68,0.0492,1.42,1.06,0.0384,0.118,0.17,34.9,27.0,57,20,200,9.4,6.6,2.0,2.5,3.1,2.8,2.5,2.9,2.2,2.5,3.6,5.1,1.7,4.9,51.8,0,0,0,0,0,0
32.5,33.4,31.6,33.4,32.4,34.4,31.4,28.4,34.4,20.8,24.0,17.6,0.179,2.4,0.082,1.99,2.25,2.81,0.0553,1.54,1.14,0.0376,0.124,0.183,32.7,25.0,64,21,200,1.1,5.2,3.2,3.2,2.0,1.7,2.6,3.3,2.6,2.4,2.7,5.5,2.0,4.8,42.3,0,0,0,0,0,0
35.6,34.6,36.6,32.4,30.4,34.4,32.9,32.6,33.2,19.0,21.4,16.6,0.208,2.53,0.0885,2.2,2.38,3.06,0.0644,1.68,1.25,0.0378,0.128,0.196,31.6,24.0,70,21,200,0.6,6.5,2.4,2.8,3.3,3.0,3.1,2.2,2.8,2.6,2.5,5.7,2.0,3.8,43.3,0,0,0,0,0,0
31.1,31.8,30.4,29.6,26.0,33.2,31.9,32.4,31.4,18.8,20.2,17.4,0.224,2.66,0.093,2.34,2.5,3.18,0.067,1.81,1.34,0.0376,0.134,0.207,31.2,24.0,67,22,200,2.1,7.0,2.2,2.3,2.9,1.9,3.1,3.1,2.5,3.9,3.2,6.5,2.6,3.8,47.1,0,0,0,0,0,0
32.6,32.0,33.2,32.5,35.6,29.4,33.3,35.0,31.6,19.0,21.2,16.8,0.243,2.86,0.0935,2.53,2.66,3.36,0.0708,1.95,1.41,0.0387,0.14,0.22,30.8,24.0,66,23,200,1.5,6.4,2.4,2.3,2.7,2.9,2.4,2.3,2.1,2.6,2.5,6.0,1.9,3.1,41.1,0,0,0,0,0,0
32.5,34.8,30.2,30.7,28.6,32.8,34.0,34.0,34.0,21.1,21.2,21.0,0.242,3.06,0.096,2.78,2.76,3.63,0.0716,2.06,1.48,0.0367,0.145,0.231,30.9,24.0,76,23,200,2.6,6.0,2.8,2.8,2.4,3.0,3.3,2.5,3.3,3.4,3.0,6.4,1.4,3.5,46.4,0,0,0,0,0,0
31.5,32.8,30.2,31.6,32.8,30.4,32.3,29.0,35.6,18.3,15.2,21.4,0.243,3.25,0.0937,2.96,2.94,3.79,0.0714,2.18,1.57,0.0368,0.15,0.242,30.2,23.0,58,19,200,2.3,6.8,3.1,2.4,2.3,2.1,3.1,3.0,1.9,2.3,2.6,4.2,0.9,4.1,41.1,0,0,0,0,0,0
34.5,34.0,35.0,33.3,30.4,36.2,32.2,29.6,34.8,19.3,15.8,22.8,0.257,3.4,0.0984,3.14,3.03,3.98,0.0765,2.3,1.65,0.0386,0.155,0.256,29.8,23.0,59,21,200,2.3,4.2,2.8,2.4,3.1,2.5,3.1,2.8,3.0,2.4,3.1,4.9,1.6,3.0,41.2,0,0,0,0,0,0
33.8,32.0,35.6,32.7,34.2,31.2,33.5,34.2,32.8,19.2,17.0,21.4,0.286,3.78,0.107,3.52,3.44,4.49,0.0817,2.58,1.85,0.0377,0.165,0.288,29.9,23.0,71,23,200,2.9,4.6,2.1,3.1,3.4,3.5,3.1,2.8,3.0,1.9,2.4,5.8,2.1,4.4,45.1,0,0,0,0,0,0
36.2,36.8,35.6,34.9,36.2,33.6,38.8,40.2,37.4,19.2,20.4,18.0,0.278,3.88,0.104,3.54,3.14,4.3,0.0801,2.42,1.77,0.0386,0.161,0.269,39.5,28.0,110,28,300,25.2,10.6,4.9,4.1,3.5,4.0,4.7,3.9,3.5,4.2,4.3,8.3,2.7,6.1,90.0,0,0,0,0,0,0
36.8,35.2,38.4,34.4,34.6,34.2,40.7,43.2,38.2,19.0,22.8,15.2,0.283,3.98,0.103,3.7,3.24,4.44,0.0793,2.57,1.78,0.0375,0.365,0.278,36.0,26.0,72,21,300,2.7,9.9,3.7,4.8,3.7,3.0,3.3,3.2,5.0,3.5,4.2,7.8,2.3,5.0,62.1,0,0,0,0,0,0
38.2,38.0,38.4,36.3,35.0,37.6,40.9,40.8,41.0,19.4,21.6,17.2,0.314,4.15,0.114,3.91,3.38,4.68,0.0871,2.71,1.91,0.0386,0.369,0.289,33.6,25.0,64,21,300,2.3,8.1,3.9,4.4,4.9,4.1,5.2,4.7,3.0,3.9,5.3,9.0,3.1,5.2,67.1,0,0,0,0,0,0
36.2,35.0,37.4,36.8,35.4,38.2,37.6,36.2,39.0,21.0,18.4,23.6,0.33,4.27,0.119,4.12,3.45,4.87,0.093,2.83,2.01,0.0367,0.375,0.3,32.3,24.0,65,20,300,2.8,6.8,3.8,4.6,3.3,4.7,5.0,4.6,4.7,4.2,4.1,9.4,3.6,5.3,66.9,0,0,0,0,0,0
36.6,38.2,35.0,33.2,31.4,35.0,38.9,41.0,36.8,19.3,16.4,22.2,0.361,4.43,0.128,4.42,3.55,5.04,0.102,2.91,2.09,0.0366,0.383,0.316,31.5,23.0,64,20,300,2.3,9.4,3.6,3.9,4.4,3.9,4.4,4.6,3.8,4.1,3.7,8.8,3.1,6.0,66.0,0,0,0,0,0,0
37.6,35.4,39.8,36.0,35.4,36.6,39.0,38.0,40.0,19.4,23.2,15.6,0.379,4.55,0.133,4.63,3.66,5.33,0.107,3.1,2.19,0.0376,0.389,0.332,31.1,23.0,67,21,300,2.8,7.5,4.2,4.6,3.6,5.0,4.0,2.6,3.8,4.9,4.5,9.2,2.8,5.0,64.5,0,0,0,0,0,0
37.2,38.6,35.8,34.9,33.4,36.4,40.5,41.8,39.2,19.0,14.8,23.2,0.401,4.79,0.14,4.89,3.75,5.47,0.113,3.26,2.31,0.0387,0.394,0.353,30.9,23.0,72,22,300,2.6,8.6,4.2,5.8,3.2,4.4,4.1,4.6,3.9,3.4,4.5,9.6,3.9,6.4,69.2,0,0,0,0,0,0
36.5,35.6,37.4,38.0,38.6,37.4,40.9,42.0,39.8,19.0,19.2,18.8,0.414,4.9,0.14,5.03,3.84,5.68,0.115,3.36,2.41,0.037,0.397,0.377,30.8,23.0,73,22,300,3.0,8.8,4.3,3.8,2.7,3.8,3.4,4.8,4.8,4.5,5.1,9.0,2.9,4.7,65.6,0,0,0,0,0,0
39.5,40.8,38.2,35.1,33.2,37.0,39.1,38.2,40.0,20.2,19.4,21.0,0.453,5.42,0.157,5.6,4.3,6.34,0.131,3.76,2.68,0.0391,0.416,0.416,30.8,23.0,73,23,300,2.5,9.8,3.9,4.4,4.6,4.2,2.9,4.3,3.9,4.7,4.6,7.9,3.2,4.6,65.5,0,0,0,0,0,0
39.6,38.2,41.0,39.0,40.0,38.0,41.0,38.6,43.4,19.5,19.4,19.6,0.447,5.28,0.147,5.21,4.12,5.91,0.124,3.56,2.49,0.0382,0.205,0.375,36.2,29.0,86,30,400,40.4,9.9,5.6,4.4,5.3,6.2,4.5,5.5,5.8,4.8,5.2,9.8,3.7,6.3,117.0,0,0,0,0,0,0
42.0,42.0,42.0,37.9,40.4,35.4,45.0,42.2,47.8,20.2,20.2,20.2,0.445,5.43,0.148,5.44,4.23,6.29,0.123,3.58,2.55,0.038,0.213,0.386,33.9,27.0,70,24,400,3.7,11.7,6.5,5.6,5.5,6.2,5.2,4.4,5.7,5.7,6.3,11.6,4.3,8.3,90.7,0,0,0,0,0,0
40.6,39.0,42.2,37.9,37.0,38.8,43.1,43.2,43.0,19.3,21.6,17.0,0.466,5.56,0.153,5.47,4.43,6.32,0.128,3.73,2.66,0.0389,0.214,0.392,33.3,26.0,74,24,400,4.5,10.4,5.6,5.7,5.5,5.4,5.2,5.8,5.3,6.1,4.6,10.0,3.7,9.3,87.1,0,0,0,0,0,0
39.2,40.8,37.6,36.9,34.8,39.0,42.7,46.0,39.4,19.7,21.6,17.8,0.458,5.77,0.154,5.54,4.62,6.48,0.13,3.8,2.74,0.0389,0.217,0.407,32.7,26.0,75,23,400,3.1,12.4,5.9,7.2,3.9,4.6,5.7,5.8,3.7,5.4,5.2,10.4,2.9,7.3,83.5,0,0,0,0,0,0
41.2,39.4,43.0,38.3,40.8,35.8,42.9,44.0,41.8,20.7,23.2,18.2,0.47,5.93,0.153,5.62,4.76,6.7,0.127,3.93,2.8,0.0388,0.223,0.407,32.3,25.0,70,23,400,3.6,12.3,6.9,5.8,3.6,6.1,4.9,5.5,4.8,5.7,5.4,10.3,3.9,7.3,86.1,0,0,0,0,0,0
41.4,41.8,41.0,39.1,37.8,40.4,43.9,43.0,44.8,19.9,19.2,20.6,0.465,6.08,0.153,5.67,4.9,6.8,0.129,3.96,2.83,0.0377,0.228,0.413,32.3,25.0,77,24,400,3.8,11.8,4.0,5.9,6.0,5.4,5.8,5.4,5.0,5.9,5.4,10.4,2.9,7.9,85.6,0,0,0,0,0,0
44.0,46.8,41.2,39.2,37.4,41.0,45.1,46.0,44.2,20.1,17.8,22.4,0.495,6.17,0.159,5.76,5.22,7.09,0.138,4.13,2.86,0.0384,0.231,0.429,32.3,25.0,75,24,400,2.9,11.6,4.7,6.2,5.1,4.6,5.1,5.6,5.1,5.4,6.1,11.1,3.6,8.1,85.2,0,0,0,0,0,0
41.2,41.0,41.4,38.3,36.8,39.8,41.2,41.4,41.0,18.8,16.0,21.6,0.497,6.3,0.162,5.87,5.28,7.14,0.135,4.15,2.97,0.0374,0.235,0.443,32.2,25.0,72,23,400,4.3,12.9,5.7,4.9,4.8,5.7,5.1,5.4,4.8,5.5,5.1,11.7,4.0,6.5,86.4,0,0,0,0,0,0
42.0,42.6,41.4,38.3,36.6,40.0,45.2,46.0,44.4,21.3,21.6,21.0,0.549,6.89,0.175,6.43,5.92,7.9,0.15,4.6,3.26,0.0372,0.255,0.491,32.1,25.0,73,24,400,3.7,11.8,5.4,5.1,4.9,5.4,6.8,5.8,5.2,5.5,6.0,11.4,3.7,6.4,87.1,0,0,0,0,0,0
45.1,46.8,43.4,28.1,29.0,27.2,52.0,51.4,52.6,17.8,14.0,21.6,0.156,2.09,0.0714,1.99,1.62,2.39,0.056,1.28,0.933,0.0371,0.114,0.152,43.4,33.0,86,32,200,44.0,7.0,2.0,3.67,3.0,2.0,4.33,3.0,2.67,3.67,4.0,8.0,2.67,6.0,96.0,0,0,0,0,0,0
33.3,31.4,35.2,30.0,30.2,29.8,32.9,34.2,31.6,18.2,13.8,22.6,0.172,2.28,0.0749,2.12,1.79,2.54,0.0596,1.44,1.02,0.038,0.119,0.164,36.7,28.0,65,22,200,10.5,6.0,2.8,2.2,3.2,3.3,3.4,3.2,2.8,2.6,1.9,5.8,2.0,3.6,53.3,0,0,0,0,0,0
33.8,34.4,33.2,29.0,31.6,26.4,31.5,29.4,33.6,19.1,16.4,21.8,0.178,2.43,0.0777,2.26,2.02,2.82,0.0632,1.56,1.11,0.0379,0.125,0.176,33.8,26.0,62,22,200,2.9,6.6,2.3,2.6,1.6,3.8,3.2,2.5,3.3,2.7,3.0,6.2,1.3,3.6,45.6,0,0,0,0,0,0
32.1,35.4,28.8,30.3,30.0,30.6,31.7,32.0,31.4,19.3,16.0,22.6,0.191,2.57,0.0823,2.37,2.23,3.0,0.0675,1.69,1.2,0.0359,0.132,0.191,32.2,24.0,65,20,200,2.3,5.8,3.7,3.2,2.6,2.7,3.0,2.2,2.7,3.3,2.2,5.0,2.2,3.0,43.9,0,0,0,0,0,0
33.3,32.0,34.6,32.2,33.6,30.8,32.3,29.0,35.6,18.5,15.6,21.4,0.197,2.75,0.0835,2.53,2.42,3.14,0.0677,1.79,1.28,0.0362,0.134,0.201,31.4,24.0,67,21,200,2.8,5.3,2.6,2.5,1.7,2.9,2.9,3.2,3.4,2.4,3.4,5.8,1.4,4.2,44.5,0,0,0,0,0,0
33.7,33.2,34.2,30.0,27.6,32.4,32.8,33.4,32.2,19.0,16.4,21.6,0.208,2.96,0.0869,2.69,2.61,3.39,0.0732,1.96,1.36,0.0363,0.14,0.211,30.8,23.0,63,21,200,1.7,5.1,2.8,2.7,2.7,2.9,3.0,2.9,3.0,3.5,2.3,5.4,1.8,4.3,44.1,0,0,0,0,0,0
31.7,32.6,30.8,29.7,29.6,29.8,33.2,30.2,36.2,18.5,18.4,18.6,0.229,3.15,0.0899,2.84,2.84,3.62,0.0772,2.05,1.43,0.0382,0.146,0.225,30.3,23.0,62,21,200,2.0,4.7,3.2,2.8,1.9,1.6,1.5,2.4,2.5,3.4,3.8,6.5,2.3,3.9,42.5,0,0,0,0,0,0
35.2,36.4,34.0,30.0,31.2,28.8,33.1,32.8,33.4,19.6,17.8,21.4,0.242,3.31,0.0952,2.95,3.02,3.78,0.0767,2.2,1.53,0.0363,0.151,0.24,29.8,23.0,59,20,200,1.9,5.1,3.6,2.6,3.4,2.0,2.9,3.4,2.5,2.1,2.6,5.1,1.9,4.1,43.2,0,0,0,0,0,0
81.0,86.6,75.4,28.3,32.2,24.4,32.2,33.4,31.0,18.9,18.4,19.4,0.264,3.5,0.104,3.13,3.26,4.05,0.0815,2.31,1.62,0.0381,0.157,0.257,31.3,23.0,150,24,200,2.2,5.6,2.0,2.5,3.0,4.4,2.2,3.7,2.9,2.2,1.9,6.3,2.1,3.4,44.4,0,0,0,0,0,0
32.9,30.6,35.2,30.5,29.6,31.4,33.3,34.6,32.0,20.5,19.8,21.2,0.291,3.82,0.11,3.45,3.56,4.54,0.09,2.6,1.83,0.0372,0.17,0.286,34.2,23.0,240,27,200,1.3,5.2,3.0,2.0,2.3,3.0,2.2,3.2,3.1,3.6,3.3,5.4,1.7,2.9,42.2,0,0,0,0,0,0
39.2,39.2,39.2,35.6,34.0,37.2,37.1,38.0,36.2,19.4,18.2,20.6,0.266,3.72,0.1,3.27,3.42,4.32,0.0815,2.39,1.73,0.0384,0.164,0.263,40.1,30.0,98,30,300,24.5,9.3,5.3,4.0,4.6,3.9,4.5,3.5,5.2,3.8,3.6,8.8,2.6,5.1,88.7,0,0,0,0,0,0
36.4,34.8,38.0,34.1,35.0,33.2,41.1,44.2,38.0,18.8,16.2,21.4,0.28,3.91,0.107,3.36,3.61,4.54,0.0866,2.55,1.79,0.0363,0.169,0.277,35.9,27.0,66,21,300,3.1,9.0,4.6,3.8,2.8,4.5,5.0,4.0,4.3,4.5,3.9,9.7,2.9,5.6,67.7,0,0,0,0,0,0
38.0,42.0,34.0,35.7,34.2,37.2,38.3,37.2,39.4,20.6,18.6,22.6,0.285,4.04,0.107,3.56,3.75,4.76,0.0876,2.68,1.86,0.0372,0.343,0.287,34.2,26.0,67,22,300,2.9,8.2,4.5,3.9,4.3,4.4,3.9,3.9,4.0,4.1,3.8,7.4,2.1,6.5,63.9,0,0,0,0,0,0
37.9,37.6,38.2,36.7,35.8,37.6,36.8,36.8,36.8,20.3,21.2,19.4,0.306,4.2,0.113,3.66,3.82,4.86,0.0945,2.76,1.96,0.0372,0.346,0.301,33.1,25.0,67,21,300,3.6,9.7,4.4,3.6,3.1,4.1,3.0,4.5,3.6,4.1,4.7,8.5,3.2,5.9,66.0,0,0,0,0,0,0
35.8,34.0,37.6,34.1,35.8,32.4,35.9,36.8,35.0,19.3,22.2,16.4,0.307,4.37,0.114,3.8,3.97,5.09,0.0964,2.88,2.04,0.0362,0.35,0.316,32.6,25.0,72,22,300,3.3,9.3,4.6,3.0,3.8,4.7,4.9,3.5,3.0,3.7,4.8,7.7,3.0,5.4,64.7,0,0,0,0,0,0
39.4,37.4,41.4,35.0,32.0,38.0,39.1,41.4,36.8,19.3,20.8,17.8,0.31,4.55,0.117,3.95,4.14,5.26,0.0951,2.99,2.13,0.0383,0.356,0.323,32.0,24.0,65,22,300,2.4,9.3,4.1,3.8,4.5,4.8,5.0,4.0,3.7,3.7,3.4,7.6,2.1,6.4,64.8,0,0,0,0,0,0
38.9,37.8,40.0,35.1,36.0,34.2,39.7,38.4,41.0,19.0,18.0,20.0,0.328,4.72,0.118,4.12,4.27,5.42,0.1,3.15,2.16,0.0373,0.36,0.339,31.8,24.0,72,22,300,3.8,7.6,3.9,3.9,3.3,5.3,4.0,3.8,2.7,3.2,4.7,8.3,2.9,5.5,62.9,0,0,0,0,0,0
38.3,39.2,37.4,35.1,35.2,35.0,38.9,40.6,37.2,20.5,20.6,20.4,0.367,4.9,0.128,4.35,4.45,5.61,0.115,3.25,2.26,0.0371,0.365,0.358,31.7,24.0,72,23,300,3.8,6.6,4.4,5.1,3.8,4.5,4.8,4.9,4.6,3.5,3.7,8.7,2.9,6.7,68.0,0,0,0,0,0,0
38.1,39.6,36.6,36.8,37.4,36.2,37.0,39.4,34.6,19.2,21.4,17.0,0.401,5.44,0.136,4.86,4.96,6.15,0.124,3.6,2.53,0.0362,0.382,0.392,31.6,24.0,71,24,300,2.8,7.9,3.2,3.4,3.7,5.0,4.2,4.1,4.4,4.0,4.7,7.8,2.5,7.3,65.0,0,0,0,0,0,0
39.3,37.6,41.0,40.0,42.0,38.0,43.8,41.4,46.2,20.5,20.8,20.2,0.395,5.41,0.134,4.76,4.5,5.96,0.12,3.39,2.35,0.0369,0.207,0.37,37.4,29.0,91,31,400,40.6,10.5,5.1,5.6,5.1,5.0,5.6,4.9,5.7,4.9,5.0,11.5,4.1,5.8,119.0,0,0,0,0,0,0
42.9,42.2,43.6,39.8,39.8,39.8,43.3,43.0,43.6,19.6,20.2,19.0,0.439,5.52,0.144,4.91,4.62,6.23,0.13,3.47,2.46,0.0379,0.213,0.377,35.1,28.0,73,24,400,3.7,11.2,5.2,6.1,4.2,5.7,5.0,4.5,6.2,5.9,5.1,12.1,4.5,8.7,88.1,0,0,0,0,0,0
43.3,42.0,44.6,39.4,37.0,41.8,43.1,42.6,43.6,20.6,19.4,21.8,0.436,5.7,0.148,5.18,4.78,6.42,0.134,3.67,2.48,0.0369,0.218,0.393,34.0,27.0,70,24,400,4.7,9.7,5.7,6.3,5.5,6.3,5.2,4.2,4.2,5.9,6.5,12.4,3.1,8.4,88.1,0,0,0,0,0,0
43.6,43.6,43.6,40.0,41.2,38.8,46.0,46.0,46.0,18.5,16.4,20.6,0.472,6.04,0.155,5.37,4.9,6.64,0.14,3.82,2.64,0.0369,0.227,0.404,33.5,26.0,77,24,400,4.4,11.2,5.3,6.0,5.2,5.4,5.7,4.9,6.7,5.6,5.4,13.7,4.6,9.4,93.5,0,0,0,0,0,0
41.7,38.0,45.4,40.1,40.8,39.4,43.9,43.8,44.0,19.6,19.6,19.6,0.49,6.15,0.165,5.49,4.96,6.85,0.146,3.97,2.74,0.038,0.229,0.424,33.5,26.0,83,23,400,4.3,11.0,4.6,4.5,4.7,7.2,6.2,7.6,5.5,4.6,4.9,11.8,4.1,7.6,88.6,0,0,0,0,0,0
43.6,43.2,44.0,38.1,40.4,35.8,42.8,42.4,43.2,18.7,18.8,18.6,0.504,6.32,0.165,5.64,5.18,7.05,0.15,4.02,2.82,0.0371,0.236,0.432,33.3,26.0,71,24,400,2.1,12.2,6.0,4.9,3.9,5.4,6.2,4.9,5.7,5.7,4.3,10.5,3.8,8.8,84.4,0,0,0,0,0,0
43.5,44.6,42.4,39.8,41.4,38.2,44.7,45.8,43.6,19.5,23.8,15.2,0.498,6.37,0.165,5.82,5.26,7.24,0.149,4.13,2.89,0.0373,0.238,0.451,33.3,26.0,83,23,400,3.5,12.0,5.0,5.1,5.1,5.6,5.2,5.0,6.3,5.3,5.7,10.7,2.7,7.3,84.5,0,0,0,0,0,0
41.1,40.2,42.0,38.4,38.4,38.4,43.6,41.4,45.8,20.5,17.0,24.0,0.514,6.46,0.167,5.91,5.38,7.3,0.151,4.26,3.01,0.0383,0.24,0.454,33.0,25.0,72,24,400,3.2,9.8,5.4,5.2,5.3,5.7,5.8,5.6,5.8,5.0,7.2,11.6,4.0,8.1,87.7,0,0,0,0,0,0
41.3,41.2,41.4,37.6,38.2,37.0,42.1,42.4,41.8,20.0,20.2,19.8,0.568,7.06,0.182,6.49,6.01,8.1,0.166,4.64,3.27,0.0372,0.256,0.502,33.0,25.0,75,24,400,3.0,11.0,4.7,6.2,4.9,5.6,5.2,5.2,6.3,6.8,4.5,11.2,3.9,8.4,86.9,0,0,0,0,0,0
45.5,46.2,44.8,29.9,28.4,31.4,52.9,53.6,52.2,19.4,20.6,18.2,0.171,2.23,0.0745,1.73,1.97,2.45,0.0494,1.34,0.958,0.0385,0.119,0.155,42.0,35.0,90,36,200,41.0,8.33,4.0,2.33,4.67,3.67,2.67,2.33,3.0,3.0,3.0,7.0,3.0,2.67,90.7,0,0,0,0,0,0
33.0,37.4,28.6,28.8,28.6,29.0,33.0,33.8,32.2,18.4,19.2,17.6,0.179,2.36,0.076,1.89,2.08,2.55,0.0537,1.44,1.02,0.0377,0.121,0.166,35.4,29.0,66,20,200,10.2,6.5,1.8,2.8,3.0,2.1,2.8,1.8,2.9,2.1,3.3,5.1,1.5,5.1,51.0,0,0,0,0,0,0
31.8,34.4,29.2,30.0,29.4,30.6,31.9,34.0,29.8,18.8,15.6,22.0,0.186,2.48,0.0786,2.05,2.21,2.72,0.0557,1.52,1.1,0.0377,0.127,0.176,32.3,25.0,60,19,200,2.0,4.4,3.3,2.6,1.7,3.3,2.3,2.8,3.3,2.1,2.5,4.6,1.1,4.6,40.6,0,0,0,0,0,0
30.0,32.6,27.4,30.2,30.8,29.6,31.8,32.0,31.6,18.9,19.4,18.4,0.2,2.6,0.085,2.18,2.38,2.94,0.0604,1.65,1.15,0.0386,0.132,0.188,31.4,24.0,64,21,200,1.7,5.7,3.2,2.1,3.3,3.3,2.3,3.8,1.5,2.0,2.5,6.5,2.6,3.8,44.3,0,0,0,0,0,0
33.5,33.2,33.8,31.1,29.2,33.0,32.9,34.0,31.8,19.8,21.4,18.2,0.208,2.78,0.0846,2.33,2.53,3.14,0.0623,1.77,1.25,0.0386,0.134,0.201,30.6,24.0,63,20,200,2.3,5.7,2.0,2.7,3.1,1.9,2.6,2.9,2.0,2.8,2.2,5.0,1.7,4.6,41.5,0,0,0,0,0,0
31.2,29.8,32.6,30.2,29.8,30.6,31.3,29.8,32.8,17.9,18.2,17.6,0.219,2.93,0.0905,2.46,2.67,3.33,0.067,1.87,1.28,0.0365,0.141,0.216,30.2,23.0,67,21,200,2.6,6.0,2.7,2.3,3.2,3.9,2.5,2.3,3.4,3.0,2.8,5.3,1.4,4.6,46.0,0,0,0,0,0,0
35.1,34.2,36.0,31.7,32.0,31.4,32.8,31.2,34.4,19.4,19.8,19.0,0.233,3.1,0.0957,2.65,2.85,3.53,0.0719,2.01,1.36,0.0365,0.143,0.222,29.6,23.0,59,21,200,2.0,6.5,2.0,3.0,2.8,3.0,3.4,3.0,2.3,1.9,2.5,5.1,1.9,3.7,43.1,0,0,0,0,0,0
32.3,33.2,31.4,31.6,33.4,29.8,32.0,31.8,32.2,18.4,17.2,19.6,0.24,3.26,0.0946,2.82,2.99,3.71,0.0702,2.13,1.46,0.0376,0.149,0.231,29.3,22.0,60,20,200,1.9,4.6,2.5,3.1,2.7,3.7,3.2,1.5,2.4,3.2,3.9,5.9,1.8,2.8,43.2,0,0,0,0,0,0
32.0,34.0,30.0,29.9,27.8,32.0,32.0,33.0,31.0,19.3,18.0,20.6,0.247,3.43,0.101,2.98,3.23,3.95,0.0747,2.28,1.55,0.0367,0.156,0.254,29.2,22.0,70,22,200,1.6,6.3,2.8,3.0,2.8,3.4,2.6,2.5,2.3,3.0,2.8,6.0,1.9,3.9,44.9,0,0,0,0,0,0
32.4,33.8,31.0,31.0,29.8,32.2,35.8,34.2,37.4,18.8,16.2,21.4,0.287,3.79,0.11,3.28,3.65,4.44,0.0857,2.56,1.72,0.0377,0.166,0.278,29.0,22.0,63,22,200,0.8,4.5,3.6,4.3,2.4,2.5,3.1,3.2,2.5,3.1,2.7,6.2,2.1,4.1,45.1,0,0,0,0,0,0
36.2,37.0,35.4,35.0,34.2,35.8,37.8,37.2,38.4,19.0,18.2,19.8,0.274,3.74,0.104,3.32,3.44,4.38,0.0795,2.44,1.67,0.039,0.162,0.259,38.5,29.0,98,29,300,28.0,8.1,3.8,6.0,4.5,4.1,3.3,2.9,4.1,4.0,4.4,9.2,2.7,6.3,91.4,0,0,0,0,0,0
37.8,37.8,37.8,34.9,36.2,33.6,43.2,40.2,46.2,20.4,20.6,20.2,0.289,4.0,0.11,3.55,3.61,4.58,0.0867,2.63,1.75,0.0383,0.214,0.282,35.0,26.0,66,22,300,2.4,8.9,5.1,4.0,4.8,4.5,3.7,4.0,4.9,4.1,3.8,9.1,2.7,6.6,68.6,0,0,0,0,0,0
37.8,40.6,35.0,34.3,32.8,35.8,36.3,39.4,33.2,20.2,18.6,21.8,0.305,4.09,0.114,3.69,3.69,4.78,0.0894,2.72,1.87,0.0383,0.352,0.286,33.5,25.0,69,22,300,2.1,6.8,4.0,3.9,4.0,3.2,4.5,4.1,4.8,3.6,5.0,8.1,3.0,6.7,63.8,0,0,0,0,0,0
35.3,33.0,37.6,34.4,35.2,33.6,37.6,38.8,36.4,18.6,18.4,18.8,0.324,4.24,0.119,3.88,3.75,4.98,0.094,2.79,1.96,0.0384,0.359,0.303,33.0,24.0,78,23,300,2.8,9.0,3.9,4.0,4.0,3.5,5.1,3.6,4.1,4.5,4.9,8.7,2.8,5.1,66.0,0,0,0,0,0,0
36.6,37.2,36.0,35.8,32.8,38.8,38.9,39.8,38.0,18.6,15.0,22.2,0.333,4.44,0.12,4.01,3.83,5.19,0.0988,2.92,2.05,0.0384,0.365,0.317,32.4,24.0,70,22,300,2.5,8.6,3.7,4.8,5.1,2.6,4.1,2.7,4.0,4.2,4.0,9.3,2.8,4.8,63.2,0,0,0,0,0,0
37.4,36.0,38.8,39.1,40.4,37.8,41.1,39.6,42.6,18.9,16.2,21.6,0.363,4.6,0.131,4.33,3.93,5.34,0.106,3.02,2.18,0.0384,0.371,0.334,32.4,24.0,77,24,300,4.0,7.1,5.0,3.3,4.4,4.8,3.0,3.4,4.0,3.6,4.7,9.3,3.0,6.5,66.1,0,0,0,0,0,0
35.9,36.4,35.4,35.9,37.8,34.0,39.3,37.4,41.2,20.2,21.0,19.4,0.374,4.78,0.132,4.57,4.0,5.53,0.107,3.16,2.25,0.0391,0.374,0.34,32.5,24.0,73,22,300,2.9,7.4,4.0,3.8,4.4,4.1,4.8,4.2,3.3,5.5,3.7,9.7,3.5,4.9,66.2,0,0,0,0,0,0
35.8,36.4,35.2,36.6,38.4,34.8,37.1,35.8,38.4,19.1,15.8,22.4,0.399,4.88,0.137,4.75,4.09,5.66,0.116,3.29,2.34,0.0381,0.379,0.353,32.1,24.0,69,22,300,3.4,7.4,3.6,3.8,4.3,4.3,4.0,4.7,4.6,4.7,3.8,9.6,3.0,5.8,67.0,0,0,0,0,0,0
38.5,39.8,37.2,34.4,34.2,34.6,38.4,37.6,39.2,19.3,17.0,21.6,0.462,5.45,0.155,5.26,4.58,6.33,0.132,3.65,2.61,0.039,0.394,0.404,32.1,24.0,73,24,300,3.7,8.6,4.2,4.3,4.9,3.9,3.4,4.8,3.8,3.6,2.9,8.0,3.5,7.1,66.7,0,0,0,0,0,0
41.7,39.2,44.2,39.5,38.2,40.8,42.3,40.0,44.6,19.4,20.2,18.6,0.43,5.23,0.145,4.99,4.43,6.01,0.123,3.45,2.44,0.0376,0.207,0.369,37.2,29.0,91,31,400,42.8,10.0,4.5,4.8,5.8,3.7,5.1,5.8,4.4,6.1,5.0,10.4,3.3,6.4,118.0,0,0,0,0,0,0
42.4,42.8,42.0,39.8,38.2,41.4,42.5,44.0,41.0,19.5,21.8,17.2,0.453,5.36,0.154,5.16,4.54,6.26,0.132,3.58,2.58,0.0385,0.21,0.387,35.1,27.0,74,24,400,3.6,12.1,6.7,6.2,6.2,6.1,5.9,4.8,5.9,5.1,4.6,11.6,3.4,8.0,90.2,0,0,0,0,0,0
40.6,41.4,39.8,38.7,37.8,39.6,41.6,40.8,42.4,19.0,19.0,19.0,0.458,5.58,0.155,5.29,4.63,6.35,0.132,3.71,2.66,0.0375,0.213,0.393,33.8,26.0,70,23,400,3.8,11.3,5.9,6.1,4.9,5.0,5.2,5.3,4.3,6.4,5.8,12.1,4.1,8.8,89.0,0,0,0,0,0,0
42.8,44.2,41.4,38.0,37.8,38.2,43.0,45.0,41.0,18.4,17.4,19.4,0.475,5.74,0.154,5.37,4.83,6.64,0.135,3.79,2.72,0.0374,0.22,0.41,33.6,26.0,79,24,400,3.7,9.5,6.0,5.6,4.5,5.7,5.0,6.5,5.9,6.2,5.4,12.5,4.0,7.9,88.4,0,0,0,0,0,0
41.3,40.6,42.0,39.9,38.8,41.0,43.3,43.2,43.4,20.0,17.0,23.0,0.471,5.73,0.157,5.47,4.94,6.77,0.133,3.9,2.8,0.0373,0.224,0.423,33.1,25.0,75,23,400,3.7,12.7,5.4,4.7,5.2,5.7,4.8,4.3,7.8,6.0,5.0,10.1,3.4,6.8,85.6,0,0,0,0,0,0
40.9,38.2,43.6,39.2,36.8,41.6,43.9,45.8,42.0,19.3,18.4,20.2,0.502,5.97,0.165,5.58,5.13,7.03,0.14,4.02,2.89,0.0374,0.229,0.426,33.2,25.0,80,24,400,3.8,9.8,6.2,6.2,5.1,6.2,5.0,5.6,5.2,4.6,6.4,11.6,4.2,6.3,86.2,0,0,0,0,0,0
43.9,44.8,43.0,39.2,40.4,38.0,44.3,41.4,47.2,19.0,20.4,17.6,0.526,6.05,0.172,5.71,5.37,7.25,0.147,4.2,2.99,0.0373,0.24,0.44,33.5,25.0,84,27,400,3.9,11.3,5.5,6.9,5.4,5.8,6.0,5.4,5.5,6.2,5.2,12.2,5.4,6.8,91.5,0,0,0,0,0,0
43.2,46.0,40.4,37.9,36.6,39.2,43.4,42.4,44.4,18.6,17.2,20.0,0.521,6.25,0.171,5.81,5.49,7.34,0.149,4.26,3.04,0.0373,0.242,0.448,33.5,25.0,83,24,400,3.1,11.0,5.8,4.7,4.6,7.0,4.6,5.4,5.3,4.8,5.0,10.7,3.3,8.1,83.4,0,0,0,0,0,0
41.0,43.2,38.8,38.2,37.8,38.6,45.1,43.2,47.0,18.4,20.2,16.6,0.593,6.85,0.187,6.43,6.03,8.1,0.167,4.68,3.36,0.0382,0.258,0.496,33.5,25.0,77,25,400,4.2,12.5,6.5,4.8,4.9,6.0,4.8,6.8,5.1,5.9,4.4,11.7,4.7,7.6,89.9,0,0,0,0,0,0
47.3,45.2,49.4,30.1,30.0,30.2,56.9,57.4,56.4,19.9,20.2,19.6,0.157,2.08,0.077,1.75,1.78,2.34,0.0522,1.33,1.01,0.0379,0.12,0.148,37.0,31.0,75,28,200,48.5,5.0,3.5,2.5,3.5,5.5,4.0,6.0,4.0,3.0,2.5,6.0,2.0,4.0,100.0,0,0,0,0,0,0
33.5,35.2,31.8,29.1,29.6,28.6,33.1,30.0,36.2,19.9,21.0,18.8,0.179,2.29,0.0807,2.06,1.91,2.53,0.0585,1.41,1.05,0.0371,0.124,0.164,32.1,25.0,63,21,200,12.8,5.3,2.6,3.1,2.9,3.9,2.7,2.8,2.1,2.6,3.8,6.5,2.7,3.6,57.4,0,0,0,0,0,0
34.1,34.4,33.8,29.5,24.8,34.2,33.6,32.0,35.2,19.2,16.8,21.6,0.184,2.45,0.0823,2.29,2.07,2.77,0.0587,1.55,1.15,0.036,0.131,0.176,30.7,24.0,62,21,200,2.3,4.5,3.2,3.4,2.1,2.5,2.6,2.1,2.2,3.6,2.5,6.8,2.4,4.3,44.5,0,0,0,0,0,0
33.1,29.8,36.4,30.4,28.0,32.8,32.8,29.4,36.2,19.3,16.4,22.2,0.197,2.58,0.0866,2.43,2.13,2.96,0.0619,1.65,1.21,0.0358,0.135,0.189,29.7,23.0,68,20,200,1.6,5.4,2.7,2.8,3.4,2.8,2.2,1.9,2.3,2.1,3.4,5.8,1.9,3.9,42.2,0,0,0,0,0,0
34.1,36.2,32.0,29.8,33.6,26.0,33.4,34.2,32.6,18.2,15.8,20.6,0.221,2.77,0.0923,2.63,2.32,3.23,0.0694,1.81,1.34,0.037,0.141,0.203,29.2,22.0,69,20,200,1.8,5.0,3.0,2.0,3.1,4.3,2.4,3.1,3.5,3.0,2.3,6.4,2.3,4.0,46.2,0,0,0,0,0,0
33.6,33.6,33.6,30.9,31.0,30.8,32.7,31.2,34.2,18.6,15.4,21.8,0.224,3.0,0.0929,2.88,2.49,3.42,0.0712,1.94,1.42,0.0378,0.149,0.215,28.9,22.0,67,20,200,2.7,5.9,3.2,2.5,2.4,3.1,3.3,3.5,2.5,2.5,2.2,5.5,1.5,3.8,44.6,0,0,0,0,0,0
33.0,33.2,32.8,32.2,31.4,33.0,32.2,32.4,32.0,18.2,21.0,15.4,0.246,3.18,0.0973,2.99,2.63,3.62,0.0735,2.09,1.51,0.0379,0.151,0.226,29.0,22.0,69,21,200,1.6,5.0,2.9,2.8,2.2,2.1,2.8,3.6,2.6,2.8,3.2,5.9,2.2,4.7,44.4,0,0,0,0,0,0
31.9,28.4,35.4,28.7,25.6,31.8,31.6,33.2,30.0,19.1,19.4,18.8,0.269,3.32,0.105,3.17,2.81,3.85,0.0802,2.22,1.59,0.0369,0.156,0.244,28.9,22.0,68,21,200,1.5,7.0,2.9,3.1,3.5,3.3,2.7,2.9,2.5,3.4,2.3,5.3,1.7,2.9,45.0,0,0,0,0,0,0
32.8,32.6,33.0,31.4,29.0,33.8,33.6,34.0,33.2,19.1,19.2,19.0,0.29,3.48,0.108,3.36,2.95,4.03,0.0846,2.34,1.7,0.0362,0.159,0.257,28.8,22.0,65,21,200,1.4,4.5,2.7,2.8,3.1,2.6,2.7,2.4,2.9,2.5,2.9,6.1,2.1,4.4,43.1,0,0,0,0,0,0
33.3,36.0,30.6,31.6,33.6,29.6,33.1,33.6,32.6,19.9,22.8,17.0,0.312,3.84,0.116,3.71,3.25,4.44,0.092,2.61,1.88,0.0361,0.171,0.286,28.8,22.0,69,21,200,1.4,5.7,2.7,3.0,2.2,3.0,2.7,2.5,3.6,2.5,2.7,5.4,1.6,3.5,42.5,0,0,0,0,0,0
38.7,36.8,40.6,34.7,36.6,32.8,36.8,38.4,35.2,19.3,17.8,20.8,0.299,3.79,0.109,3.65,3.16,4.36,0.0847,2.56,1.82,0.0374,0.164,0.272,38.1,28.0,99,29,300,28.5,8.0,5.6,3.8,5.5,3.7,4.0,3.2,5.6,5.1,3.6,9.8,3.4,4.4,94.2,0,0,0,0,0,0
36.1,37.2,35.0,36.0,36.2,35.8,39.5,42.2,36.8,19.0,16.0,22.0,0.292,3.91,0.107,3.73,3.33,4.62,0.0851,2.61,1.87,0.0365,0.261,0.278,34.4,25.0,69,20,300,2.1,9.2,4.3,4.4,4.4,4.9,4.2,4.0,3.1,4.4,4.3,7.0,1.7,6.0,64.0,0,0,0,0,0,0
37.3,37.8,36.8,34.6,34.0,35.2,38.3,37.2,39.4,20.9,23.2,18.6,0.303,3.97,0.111,3.86,3.38,4.67,0.0873,2.74,1.96,0.0376,0.343,0.287,33.2,24.0,79,23,300,2.1,10.2,3.8,3.2,4.6,4.3,4.3,3.0,4.6,4.6,3.3,7.9,2.7,5.3,63.9,0,0,0,0,0,0
36.8,36.6,37.0,33.8,33.4,34.2,37.4,35.6,39.2,19.7,23.0,16.4,0.306,4.06,0.114,4.01,3.53,4.86,0.0892,2.8,2.05,0.0366,0.347,0.298,32.4,24.0,68,23,300,2.8,9.3,3.7,3.6,4.2,4.5,4.4,4.0,5.3,4.1,3.9,8.0,2.5,5.8,66.1,0,0,0,0,0,0
38.1,37.4,38.8,34.1,33.0,35.2,40.4,39.6,41.2,20.1,18.6,21.6,0.326,4.24,0.117,4.12,3.66,5.05,0.0957,2.91,2.07,0.0384,0.354,0.313,31.6,24.0,68,21,300,2.1,9.0,4.2,3.2,3.2,3.4,4.4,4.3,3.4,4.4,4.2,7.7,2.9,5.0,61.4,0,0,0,0,0,0
36.9,34.6,39.2,36.1,35.0,37.2,37.8,34.2,41.4,19.7,20.6,18.8,0.335,4.4,0.121,4.28,3.77,5.25,0.096,3.04,2.21,0.0376,0.357,0.331,31.2,23.0,68,22,300,2.8,9.3,4.0,4.3,3.4,4.2,3.9,4.3,4.5,3.0,4.2,8.1,2.7,5.9,64.6,0,0,0,0,0,0
37.8,35.6,40.0,35.4,35.2,35.6,39.2,38.2,40.2,19.4,17.8,21.0,0.355,4.55,0.124,4.43,3.97,5.44,0.105,3.16,2.26,0.0373,0.361,0.34,31.1,24.0,68,24,300,3.1,8.3,5.5,4.8,3.6,3.3,3.8,3.9,4.6,4.7,3.3,9.3,3.1,6.1,67.4,0,0,0,0,0,0
37.6,36.0,39.2,33.8,33.2,34.4,39.2,40.8,37.6,19.5,17.2,21.8,0.379,4.75,0.133,4.66,4.03,5.6,0.109,3.31,2.34,0.0364,0.366,0.355,31.0,23.0,74,22,300,2.0,9.3,4.5,4.2,3.7,4.8,4.1,3.8,3.3,3.2,3.9,8.3,3.4,6.0,64.5,0,0,0,0,0,0
35.9,32.2,39.6,34.6,34.0,35.2,36.6,33.8,39.4,19.5,17.4,21.6,0.421,5.27,0.143,5.14,4.53,6.15,0.12,3.63,2.58,0.0364,0.383,0.403,30.9,23.0,72,21,300,3.0,9.9,4.0,5.3,3.7,2.9,4.0,3.7,4.5,3.3,3.4,9.3,3.1,6.0,66.1,0,0,0,0,0,0
38.0,37.4,38.6,37.6,39.4,35.8,41.2,40.2,42.2,19.9,16.8,23.0,0.416,5.17,0.142,4.8,4.31,5.82,0.116,3.44,2.39,0.0374,0.207,0.366,41.4,30.0,110,34,400,43.0,10.5,5.3,5.4,6.0,4.3,4.5,4.6,4.2,6.2,4.4,11.0,3.6,6.6,120.0,0,0,0,0,0,0
39.2,38.0,40.4,37.7,39.0,36.4,40.7,42.4,39.0,19.1,21.4,16.8,0.41,5.28,0.137,4.92,4.41,5.95,0.116,3.53,2.49,0.0375,0.208,0.382,37.1,27.0,69,23,400,3.9,11.9,6.8,4.2,5.8,6.6,5.4,5.0,4.4,5.4,7.1,9.3,2.3,7.4,85.5,0,0,0,0,0,0
43.0,41.0,45.0,39.7,40.2,39.2,44.7,46.6,42.8,18.3,19.6,17.0,0.444,5.48,0.149,5.1,4.67,6.28,0.126,3.62,2.59,0.0373,0.215,0.394,36.4,27.0,83,26,400,3.9,10.8,5.4,5.3,5.1,6.5,5.6,5.7,4.9,4.5,6.9,12.1,4.5,6.5,87.7,0,0,0,0,0,0
40.1,37.0,43.2,37.5,34.4,40.6,40.7,38.8,42.6,18.9,20.4,17.4,0.448,5.59,0.148,5.24,4.8,6.47,0.128,3.72,2.69,0.0373,0.22,0.398,35.6,27.0,79,25,400,3.6,10.2,5.5,6.3,6.1,5.4,4.8,6.1,6.4,6.0,5.4,12.7,3.6,7.1,89.2,0,0,0,0,0,0
42.4,41.8,43.0,38.8,39.0,38.6,42.9,43.8,42.0,19.1,16.0,22.2,0.45,5.69,0.154,5.36,4.93,6.66,0.131,3.77,2.76,0.0363,0.22,0.408,34.8,26.0,73,24,400,2.8,12.5,5.5,5.7,6.2,7.5,4.7,5.2,4.3,4.5,4.5,9.3,3.1,6.9,82.7,0,0,0,0,0,0
42.5,44.8,40.2,39.9,38.6,41.2,44.5,44.0,45.0,19.9,21.6,18.2,0.446,5.91,0.152,5.41,5.07,6.96,0.129,3.98,2.84,0.0363,0.226,0.418,34.3,26.0,78,24,400,4.9,10.4,5.9,5.4,4.6,6.8,6.3,4.6,4.7,5.4,6.8,11.5,3.4,8.6,89.3,0,0,0,0,0,0
41.6,42.4,40.8,39.5,37.2,41.8,43.2,42.0,44.4,21.1,19.8,22.4,0.453,6.08,0.154,5.57,5.24,7.01,0.132,4.1,2.94,0.0372,0.232,0.419,33.9,26.0,72,24,400,3.2,11.5,4.7,4.7,6.4,5.6,5.5,4.7,5.3,7.2,5.8,11.2,3.3,8.3,87.4,0,0,0,0,0,0
43.7,44.6,42.8,36.8,38.4,35.2,43.3,43.6,43.0,20.0,21.6,18.4,0.463,6.25,0.161,5.66,5.42,7.18,0.134,4.19,2.99,0.0362,0.236,0.434,33.7,25.0,80,24,400,3.0,11.5,5.0,4.9,5.0,5.6,5.0,5.0,5.0,6.2,5.9,11.3,3.8,8.3,85.5,0,0,0,0,0,0
44.0,45.6,42.4,40.6,41.2,40.0,43.7,41.8,45.6,20.2,20.4,20.0,0.526,6.77,0.175,6.26,6.04,8.0,0.152,4.62,3.3,0.0371,0.256,0.489,33.7,25.0,82,25,400,4.1,11.4,5.8,5.9,4.6,6.6,4.8,5.1,4.2,3.9,4.6,10.9,3.6,8.7,84.2,0,0,0,0,0,0
48.0,48.2,47.8,30.5,29.0,32.0,55.4,54.4,56.4,19.0,19.6,18.4,0.146,2.1,0.0707,1.74,1.94,2.54,0.0443,1.34,0.997,0.0389,0.117,0.153,40.8,32.0,90,32,200,39.0,6.33,2.33,1.67,3.0,3.0,3.0,2.0,3.67,3.33,3.0,8.0,2.33,2.0,82.7,0,0,0,0,0,0
33.1,35.8,30.4,30.7,32.4,29.0,30.9,30.6,31.2,19.6,17.6,21.6,0.152,2.32,0.0741,1.93,2.03,2.67,0.0485,1.44,1.06,0.0379,0.12,0.162,33.9,26.0,59,19,200,12.0,6.0,2.9,2.5,2.3,3.1,3.1,2.8,2.9,2.4,3.0,5.6,1.8,4.7,55.1,0,0,0,0,0,0
32.2,35.6,28.8,29.4,32.2,26.6,32.2,33.6,30.8,18.7,14.8,22.6,0.168,2.47,0.0772,2.11,2.26,2.9,0.0531,1.59,1.15,0.0371,0.125,0.182,32.2,24.0,70,20,200,1.5,6.0,2.6,2.1,3.4,2.1,3.6,2.9,2.7,2.9,1.6,6.3,2.0,3.8,43.5,0,0,0,0,0,0
32.0,31.4,32.6,29.8,30.0,29.6,34.3,34.8,33.8,19.3,20.2,18.4,0.176,2.65,0.0804,2.28,2.38,3.07,0.0547,1.68,1.26,0.0388,0.13,0.194,30.6,23.0,58,20,200,1.8,5.8,2.2,2.4,2.5,2.6,2.5,2.6,3.3,3.5,3.7,6.2,1.7,4.3,45.1,0,0,0,0,0,0
34.0,33.4,34.6,30.4,29.8,31.0,32.5,29.6,35.4,18.6,14.4,22.8,0.192,2.78,0.0847,2.44,2.55,3.29,0.0584,1.81,1.35,0.0377,0.136,0.211,29.7,23.0,59,21,200,0.8,6.5,3.7,2.7,2.7,2.8,2.9,3.6,3.3,2.1,2.1,5.7,1.3,3.0,43.2,0,0,0,0,0,0
34.0,33.8,34.2,29.2,29.0,29.4,34.0,33.2,34.8,18.9,20.0,17.8,0.233,2.97,0.0922,2.63,2.71,3.54,0.0683,1.96,1.42,0.0377,0.144,0.226,29.4,23.0,61,22,200,2.5,6.5,3.1,2.4,2.5,2.7,2.3,2.7,2.0,2.2,3.1,6.2,2.4,4.4,45.0,0,0,0,0,0,0
33.8,33.2,34.4,29.8,28.6,31.0,34.8,32.6,37.0,19.7,21.6,17.8,0.252,3.15,0.102,2.84,2.87,3.74,0.0769,2.08,1.52,0.0386,0.148,0.253,29.1,22.0,63,22,200,1.4,6.8,3.1,2.9,2.5,2.2,2.9,1.9,2.6,3.3,3.1,6.1,2.7,4.4,45.9,0,0,0,0,0,0
32.7,31.2,34.2,28.8,29.2,28.4,32.7,32.4,33.0,19.3,22.0,16.6,0.271,3.3,0.104,3.0,3.04,3.86,0.0785,2.23,1.64,0.0366,0.153,0.258,29.0,22.0,68,21,200,1.8,5.5,3.2,3.1,2.2,2.8,2.8,2.7,2.6,3.6,2.2,6.4,2.9,3.3,45.1,0,0,0,0,0,0
32.5,31.6,33.4,30.1,32.4,27.8,32.2,33.0,31.4,20.5,20.6,20.4,0.265,3.41,0.104,3.12,3.18,4.08,0.0807,2.37,1.69,0.0384,0.157,0.268,28.7,22.0,64,20,200,1.8,5.6,3.5,2.3,2.8,2.6,2.9,2.4,3.4,3.3,2.4,5.2,0.7,3.4,42.3,0,0,0,0,0,0
31.9,32.0,31.8,30.0,30.8,29.2,33.4,35.0,31.8,20.7,20.8,20.6,0.3,3.79,0.111,3.5,3.57,4.52,0.0865,2.63,1.89,0.0384,0.17,0.296,28.7,22.0,65,21,200,2.2,4.9,3.4,2.5,2.1,3.1,2.7,2.6,3.0,3.0,2.8,5.9,1.8,4.2,44.2,0,0,0,0,0,0
37.6,40.4,34.8,33.0,31.4,34.6,37.6,38.6,36.6,19.0,21.0,17.0,0.282,3.74,0.107,3.31,3.34,4.31,0.0833,2.47,1.76,0.0374,0.163,0.271,37.6,28.0,91,29,300,27.6,9.6,4.1,3.8,3.9,3.8,4.7,4.5,4.1,4.0,4.5,7.4,2.8,5.2,90.0,0,0,0,0,0,0
37.9,38.6,37.2,33.0,35.4,30.6,37.9,35.6,40.2,19.7,21.2,18.2,0.32,3.92,0.118,3.47,3.52,4.41,0.0941,2.59,1.83,0.0383,0.167,0.288,34.6,26.0,69,22,300,2.8,8.0,5.1,4.1,3.6,4.8,4.8,3.3,4.1,3.9,4.2,7.4,3.7,4.9,64.7,0,0,0,0,0,0
37.7,35.6,39.8,32.4,33.4,31.4,38.3,38.2,38.4,20.5,20.8,20.2,0.319,3.99,0.119,3.65,3.6,4.59,0.0956,2.75,1.93,0.0374,0.386,0.295,33.5,26.0,68,24,300,3.2,8.5,3.7,4.6,3.8,3.8,4.4,3.5,3.7,6.3,5.7,9.0,2.7,4.5,67.4,0,0,0,0,0,0
37.3,36.2,38.4,34.6,34.0,35.2,36.9,35.2,38.6,19.4,22.6,16.2,0.308,4.15,0.119,3.76,3.67,4.7,0.0925,2.78,1.98,0.0376,0.388,0.295,32.5,25.0,67,21,300,3.5,9.3,4.3,3.2,4.6,3.5,3.6,3.7,3.8,3.9,4.6,6.4,2.1,5.7,62.2,0,0,0,0,0,0
35.5,32.6,38.4,34.0,35.0,33.0,37.3,37.6,37.0,18.9,18.0,19.8,0.303,4.29,0.117,3.91,3.87,4.95,0.0937,2.89,2.07,0.0369,0.391,0.301,32.1,25.0,70,23,300,2.7,6.7,4.8,4.9,3.7,4.8,4.5,4.5,3.4,4.2,2.9,9.0,3.1,6.7,65.9,0,0,0,0,0,0
37.3,36.0,38.6,33.9,33.2,34.6,38.0,38.8,37.2,19.5,16.6,22.4,0.326,4.36,0.123,4.06,3.92,5.07,0.0974,3.01,2.15,0.0379,0.397,0.32,31.6,24.0,70,21,300,2.8,10.7,4.1,4.5,5.3,4.5,4.5,3.4,3.7,3.3,3.7,7.9,2.7,4.6,65.7,0,0,0,0,0,0
36.5,38.8,34.2,34.3,33.8,34.8,38.0,40.8,35.2,19.6,21.6,17.6,0.336,4.56,0.127,4.25,4.04,5.26,0.101,3.14,2.22,0.0379,0.402,0.33,31.4,24.0,72,22,300,2.6,9.4,3.8,3.6,4.4,3.0,4.3,4.1,3.3,4.5,3.8,7.2,2.3,4.9,61.2,0,0,0,0,0,0
37.9,37.8,38.0,35.2,36.8,33.6,35.9,33.0,38.8,19.6,19.0,20.2,0.362,4.7,0.13,4.34,4.26,5.4,0.108,3.23,2.34,0.038,0.408,0.35,31.0,23.0,65,21,300,2.4,8.6,3.4,4.0,3.8,4.4,3.9,4.6,5.0,4.0,4.3,8.6,2.9,5.3,65.2,0,0,0,0,0,0
38.0,39.8,36.2,35.0,33.8,36.2,38.8,37.6,40.0,19.6,20.8,18.4,0.402,5.26,0.141,4.84,4.79,6.01,0.117,3.64,2.58,0.0389,0.421,0.388,30.8,23.0,68,22,300,2.3,8.6,3.5,3.8,4.0,3.6,4.8,4.2,4.6,4.3,4.7,8.5,2.8,6.4,66.1,0,0,0,0,0,0
39.2,38.0,40.4,40.9,38.4,43.4,43.1,43.0,43.2,19.5,17.4,21.6,0.387,5.14,0.136,4.68,4.55,5.82,0.109,3.44,2.45,0.0386,0.201,0.363,40.3,30.0,110,32,400,42.0,9.9,4.8,6.0,4.4,3.3,4.9,3.8,5.2,5.8,6.1,12.7,4.7,7.2,121.0,0,0,0,0,0,0
43.0,43.6,42.4,38.8,36.2,41.4,42.9,43.2,42.6,19.7,16.4,23.0,0.43,5.32,0.149,4.73,4.69,6.06,0.121,3.61,2.56,0.0384,0.208,0.381,37.4,28.0,73,25,400,3.8,11.9,6.3,4.3,5.8,7.3,5.3,4.4,5.2,6.2,4.4,12.3,4.2,5.7,87.1,0,0,0,0,0,0
40.7,39.8,41.6,37.6,38.4,36.8,39.5,38.0,41.0,18.8,16.0,21.6,0.423,5.41,0.146,4.85,4.85,6.26,0.123,3.67,2.58,0.0372,0.208,0.385,36.3,27.0,78,25,400,3.0,10.4,4.9,3.9,6.7,5.0,5.1,6.5,6.1,6.6,5.0,10.5,3.8,7.4,84.9,0,0,0,0,0,0
42.3,41.6,43.0,37.0,36.0,38.0,44.0,44.2,43.8,19.8,19.6,20.0,0.446,5.6,0.155,4.97,4.99,6.54,0.128,3.78,2.73,0.0371,0.216,0.391,35.9,26.0,86,25,400,3.2,10.9,6.4,4.5,4.8,5.5,5.7,6.0,5.5,4.6,5.3,11.5,3.8,7.5,85.2,0,0,0,0,0,0
44.3,45.2,43.4,40.4,41.0,39.8,42.5,42.2,42.8,19.1,17.2,21.0,0.463,5.7,0.158,5.11,5.19,6.85,0.132,3.84,2.81,0.0368,0.22,0.404,35.3,26.0,77,24,400,2.8,10.5,5.1,5.1,5.8,4.6,4.6,7.3,6.9,6.1,4.9,11.8,3.7,7.5,86.7,0,0,0,0,0,0
40.5,40.8,40.2,39.1,38.2,40.0,42.2,40.4,44.0,20.4,22.0,18.8,0.49,5.89,0.164,5.21,5.31,6.94,0.139,3.98,2.89,0.0367,0.226,0.425,35.2,26.0,83,26,400,3.4,11.3,6.2,5.7,5.0,3.6,6.1,5.8,6.5,5.1,4.7,11.8,3.9,7.3,86.4,0,0,0,0,0,0
43.6,44.0,43.2,37.8,38.6,37.0,43.3,43.8,42.8,19.6,22.4,16.8,0.521,6.11,0.18,5.39,5.52,7.26,0.154,4.1,3.01,0.0359,0.234,0.437,34.9,26.0,80,25,400,4.0,11.6,6.0,4.7,5.7,5.2,5.8,4.7,6.1,4.8,5.2,12.3,5.4,7.5,89.0,0,0,0,0,0,0
44.9,45.8,44.0,37.4,38.4,36.4,41.8,43.2,40.4,19.6,16.0,23.2,0.541,6.23,0.18,5.47,5.68,7.49,0.157,4.19,3.07,0.0369,0.236,0.453,34.7,26.0,78,26,400,2.9,11.4,6.2,5.8,5.3,4.6,5.5,5.2,5.1,5.5,6.6,10.9,3.7,8.8,87.5,0,0,0,0,0,0
45.2,42.0,48.4,37.0,35.9,38.1,43.1,45.0,41.2,20.8,18.2,23.4,0.587,6.74,0.195,6.06,6.28,8.24,0.17,4.61,3.29,0.0368,0.255,0.501,34.7,26.0,80,26,400,4.6,11.2,5.8,5.1,5.0,4.9,5.0,4.9,5.2,4.6,5.2,11.9,3.1,8.4,84.9,0,0,0,0,0,0
44.8,45.2,44.4,32.2,33.4,31.0,54.1,54.8,53.4,18.9,16.8,21.0,0.142,2.07,0.0682,1.75,1.77,2.33,0.0457,1.26,0.942,0.0365,0.115,0.147,38.1,31.0,81,31,200,40.3,7.67,3.0,4.67,1.33,3.0,3.67,1.67,3.67,2.33,3.0,5.33,0.667,4.0,84.3,0,0,0,0,0,0
30.9,26.8,35.0,31.2,30.2,32.2,33.0,32.2,33.8,18.6,17.0,20.2,0.161,2.27,0.0755,1.92,1.9,2.5,0.0539,1.41,1.04,0.0366,0.119,0.159,33.0,26.0,65,22,200,9.9,6.0,3.3,3.2,3.2,2.2,2.4,3.6,2.8,2.9,2.9,7.1,2.1,3.6,55.2,0,0,0,0,0,0
32.8,31.6,34.0,32.9,32.2,33.6,31.9,28.8,35.0,18.2,16.0,20.4,0.173,2.38,0.0762,2.07,2.04,2.68,0.0534,1.5,1.12,0.0364,0.124,0.166,31.2,25.0,68,20,200,1.7,4.9,2.2,1.9,3.4,2.8,2.3,2.8,3.3,2.1,2.9,4.2,1.2,3.7,39.4,0,0,0,0,0,0
31.8,33.6,30.0,33.1,30.2,36.0,34.1,36.0,32.2,18.1,17.6,18.6,0.195,2.52,0.0818,2.28,2.19,2.83,0.0607,1.63,1.2,0.0374,0.13,0.183,29.9,23.0,63,20,200,1.7,5.6,2.7,2.4,3.3,2.4,3.4,2.6,2.8,3.3,3.0,6.1,2.5,3.5,45.3,0,0,0,0,0,0
33.2,30.2,36.2,32.1,33.4,30.8,33.5,35.0,32.0,18.8,16.6,21.0,0.219,2.68,0.0888,2.44,2.33,3.12,0.0664,1.8,1.27,0.0375,0.135,0.199,29.2,23.0,65,20,200,1.4,5.0,2.9,2.3,3.0,2.2,2.3,2.8,3.6,1.9,3.5,5.7,2.2,3.1,41.9,0,0,0,0,0,0
32.1,30.2,34.0,29.8,31.6,28.0,33.0,35.4,30.6,18.5,16.6,20.4,0.231,2.8,0.0909,2.63,2.5,3.32,0.0683,1.93,1.37,0.0365,0.139,0.211,29.1,22.0,69,21,200,2.4,5.8,2.8,3.7,2.4,1.9,2.5,3.4,2.7,2.0,3.5,6.1,2.2,4.4,45.8,0,0,0,0,0,0
32.3,31.8,32.8,31.2,32.8,29.6,32.6,32.2,33.0,19.1,19.8,18.4,0.232,3.01,0.0917,2.8,2.65,3.5,0.0693,2.06,1.45,0.0357,0.144,0.22,28.7,22.0,63,20,200,1.9,5.6,2.3,3.2,2.8,3.3,2.8,2.5,2.4,2.9,2.4,4.8,1.7,3.2,41.8,0,0,0,0,0,0
31.3,33.0,29.6,29.5,29.0,30.0,33.7,34.4,33.0,19.3,22.0,16.6,0.254,3.21,0.0992,3.02,2.87,3.7,0.0769,2.24,1.57,0.0367,0.149,0.239,28.7,22.0,62,22,200,1.9,6.7,2.1,3.0,3.0,2.5,2.8,3.7,2.5,3.2,2.7,5.9,2.2,4.0,46.2,0,0,0,0,0,0
31.5,31.2,31.8,30.2,30.0,30.4,32.5,29.2,35.8,18.8,16.2,21.4,0.265,3.4,0.101,3.18,3.04,3.93,0.0786,2.33,1.64,0.0366,0.158,0.25,28.5,22.0,67,19,200,2.1,6.1,2.3,2.8,2.4,2.5,3.0,2.5,2.9,3.3,2.3,4.9,1.6,3.8,42.5,0,0,0,0,0,0
32.1,28.6,35.6,33.0,32.2,33.8,32.9,31.8,34.0,18.9,22.6,15.2,0.29,3.71,0.107,3.54,3.36,4.34,0.0864,2.58,1.84,0.0354,0.168,0.279,28.4,21.0,64,20,200,1.2,4.9,3.1,2.7,3.1,2.6,3.0,3.6,2.7,2.4,3.1,4.9,1.5,4.0,42.8,0,0,0,0,0,0
36.6,37.4,35.8,34.3,34.2,34.4,38.7,36.2,41.2,18.5,15.2,21.8,0.287,3.68,0.109,3.37,3.28,4.33,0.0847,2.47,1.75,0.0363,0.166,0.267,36.9,28.0,93,29,300,27.6,7.3,4.3,4.8,4.1,2.5,3.8,4.8,4.0,5.7,4.3,8.1,2.9,6.4,90.6,0,0,0,0,0,0
38.7,40.0,37.4,35.6,38.2,33.0,42.4,45.2,39.6,18.3,19.8,16.8,0.297,3.88,0.11,3.47,3.48,4.5,0.0945,2.57,1.85,0.0354,0.355,0.276,34.1,26.0,67,22,300,2.9,9.7,3.7,4.2,3.7,4.4,4.9,4.0,3.0,4.1,3.8,7.0,2.9,5.7,64.0,0,0,0,0,0,0
38.2,38.8,37.6,37.0,36.6,37.4,37.2,38.6,35.8,18.6,18.8,18.4,0.302,4.05,0.113,3.59,3.7,4.62,0.0951,2.69,1.9,0.0362,0.36,0.284,32.6,25.0,67,22,300,2.9,8.2,4.6,4.6,3.8,4.5,4.5,3.8,4.5,3.7,5.2,8.9,3.1,4.5,66.8,0,0,0,0,0,0
39.3,39.6,39.0,35.2,35.6,34.8,39.3,38.4,40.2,18.8,21.4,16.2,0.321,4.18,0.121,3.68,3.87,4.87,0.1,2.78,2.0,0.0372,0.367,0.302,32.0,25.0,66,24,300,2.3,8.6,4.0,3.9,5.5,3.8,3.6,4.0,4.3,4.1,5.2,9.0,2.6,4.4,65.3,0,0,0,0,0,0
38.6,40.0,37.2,35.9,33.8,38.0,39.9,42.2,37.6,19.6,22.4,16.8,0.345,4.31,0.125,3.81,4.03,5.1,0.103,2.93,2.08,0.0362,0.37,0.307,31.8,24.0,78,23,300,2.8,7.2,3.8,4.4,3.7,2.9,6.0,4.5,4.3,3.2,4.3,8.7,3.4,7.0,66.2,0,0,0,0,0,0
38.1,37.2,39.0,33.6,32.8,34.4,37.0,38.2,35.8,19.2,21.2,17.2,0.366,4.52,0.128,3.93,4.2,5.22,0.11,3.1,2.17,0.0373,0.379,0.325,31.6,24.0,68,23,300,4.1,7.9,5.4,3.1,4.0,3.8,4.2,3.9,3.7,4.4,3.7,9.8,2.8,4.1,64.9,0,0,0,0,0,0
38.5,38.0,39.0,34.7,32.6,36.8,39.2,38.2,40.2,19.3,18.4,20.2,0.373,4.57,0.131,3.98,4.42,5.52,0.112,3.18,2.25,0.0374,0.38,0.339,31.3,24.0,67,23,300,2.2,8.0,4.3,3.2,4.2,4.5,4.9,4.2,4.3,4.6,4.0,9.0,2.7,6.2,66.3,0,0,0,0,0,0
37.7,41.4,34.0,36.4,35.4,37.4,39.5,37.2,41.8,19.5,23.0,16.0,0.397,4.9,0.136,4.15,4.64,5.63,0.115,3.27,2.33,0.0356,0.388,0.352,31.4,24.0,77,25,300,3.3,8.7,3.3,3.2,4.5,3.6,4.1,4.6,4.8,5.2,4.3,9.7,3.2,6.7,69.2,0,0,0,0,0,0
36.6,33.6,39.6,32.9,32.4,33.4,36.8,36.6,37.0,18.5,16.0,21.0,0.438,5.34,0.147,4.6,5.16,6.28,0.127,3.66,2.6,0.0374,0.405,0.394,31.2,24.0,66,22,300,2.7,9.0,4.8,3.6,4.7,4.6,4.5,3.0,5.3,3.6,3.5,9.9,3.0,5.7,67.9,0,0,0,0,0,0
37.6,38.2,37.0,39.7,38.4,41.0,43.4,43.8,43.0,19.3,23.8,14.8,0.374,5.29,0.126,4.51,4.81,5.94,0.104,3.41,2.45,0.0379,0.204,0.353,40.4,29.0,110,31,400,44.2,10.0,4.7,4.8,4.9,4.5,6.9,5.6,5.6,5.8,3.1,10.5,2.2,7.7,121.0,0,0,0,0,0,0
42.9,39.4,46.4,38.7,37.0,40.4,43.0,41.0,45.0,20.1,19.0,21.2,0.381,5.45,0.131,4.79,4.84,6.07,0.103,3.54,2.53,0.0371,0.209,0.361,37.0,27.0,77,23,400,3.7,11.8,5.2,6.1,4.5,6.5,5.0,4.9,4.6,4.6,5.5,9.6,2.8,8.4,83.2,0,0,0,0,0,0
38.9,37.6,40.2,39.2,37.6,40.8,42.6,44.6,40.6,20.0,21.8,18.2,0.377,5.53,0.127,5.02,4.85,6.34,0.103,3.64,2.61,0.0371,0.214,0.376,34.8,25.0,68,21,400,3.3,12.8,5.1,5.5,6.2,5.6,5.3,6.5,5.1,5.0,5.5,10.6,2.8,7.1,86.4,0,0,0,0,0,0
42.4,45.2,39.6,40.3,40.6,40.0,43.3,42.4,44.2,19.6,20.6,18.6,0.391,5.7,0.134,5.18,4.94,6.44,0.108,3.79,2.66,0.0369,0.217,0.392,33.6,25.0,69,21,400,3.2,12.8,6.5,5.2,5.2,5.4,6.1,4.2,6.8,5.4,5.0,10.0,3.6,6.5,85.9,0,0,0,0,0,0
41.3,39.8,42.8,37.3,37.8,36.8,42.4,41.6,43.2,19.6,16.2,23.0,0.411,5.89,0.137,5.41,4.95,6.58,0.115,3.82,2.76,0.0371,0.223,0.407,33.1,24.0,78,23,400,3.1,10.7,4.8,6.0,4.6,5.8,5.1,5.9,6.1,5.3,5.7,11.5,4.1,8.4,87.1,0,0,0,0,0,0
40.2,40.4,40.0,40.4,42.4,38.4,43.0,43.4,42.6,19.2,19.6,18.8,0.402,5.94,0.141,5.52,4.87,6.72,0.113,3.92,2.79,0.037,0.223,0.411,32.9,24.0,78,23,400,3.2,12.1,5.6,5.2,4.9,6.0,4.3,4.7,5.6,5.2,5.9,9.8,2.9,7.7,83.1,0,0,0,0,0,0
41.9,41.2,42.6,41.1,42.6,39.6,43.8,44.8,42.8,19.5,18.4,20.6,0.417,6.01,0.139,5.78,5.03,6.92,0.117,4.0,2.91,0.0372,0.224,0.416,32.4,24.0,67,23,400,3.3,11.6,4.6,4.6,4.8,5.4,6.0,5.9,5.8,5.8,5.7,11.5,3.1,7.4,85.5,0,0,0,0,0,0
39.6,38.8,40.4,35.9,37.0,34.8,41.4,41.8,41.0,20.2,22.2,18.2,0.431,6.26,0.145,5.97,5.06,7.15,0.121,4.2,2.98,0.0378,0.234,0.431,32.3,24.0,77,24,400,4.0,11.4,6.2,4.7,4.6,5.2,5.3,5.2,7.0,6.1,5.1,12.1,4.1,7.0,88.0,0,0,0,0,0,0
40.4,42.0,38.8,37.9,38.0,37.8,42.0,41.4,42.6,20.9,21.4,20.4,0.478,6.77,0.158,6.53,5.63,7.88,0.134,4.56,3.28,0.0358,0.25,0.482,32.2,24.0,72,23,400,3.7,11.4,5.3,5.0,6.2,5.6,4.9,4.9,5.4,3.8,4.9,9.3,3.1,7.3,80.8,0,0,0,0,0,0
45.9,47.2,44.6,27.1,28.4,25.8,53.6,54.2,53.0,19.3,22.4,16.2,0.179,2.18,0.0786,1.94,1.77,2.39,0.0546,1.35,0.96,0.0361,0.12,0.158,42.4,36.0,89,35,200,39.7,8.67,4.33,4.0,2.0,2.33,2.0,2.0,2.67,2.0,2.33,4.67,1.67,3.33,81.7,0,0,0,0,0,0
33.2,33.6,32.8,31.0,32.6,29.4,33.3,32.8,33.8,19.2,22.0,16.4,0.188,2.31,0.0782,2.04,1.97,2.56,0.0555,1.43,1.06,0.0363,0.125,0.169,35.4,27.0,65,21,200,11.0,6.7,3.1,3.1,2.0,2.9,2.1,2.3,1.8,3.0,2.9,5.4,1.7,4.0,52.0,0,0,0,0,0,0
34.4,35.4,33.4,31.7,32.0,31.4,31.6,32.4,30.8,19.3,21.6,17.0,0.189,2.44,0.0812,2.22,2.05,2.73,0.0597,1.56,1.16,0.0355,0.129,0.177,32.5,25.0,62,20,200,2.1,5.7,2.4,2.9,2.8,3.3,3.5,2.9,2.0,3.7,2.2,5.5,1.5,3.9,44.4,0,0,0,0,0,0
32.1,34.6,29.6,29.8,29.0,30.6,31.7,33.0,30.4,18.8,20.6,17.0,0.191,2.59,0.0791,2.38,2.27,2.92,0.0584,1.67,1.23,0.0365,0.136,0.18,31.1,24.0,67,20,200,2.1,4.7,2.0,2.7,3.6,3.0,3.3,2.9,2.3,3.5,2.6,6.0,1.7,3.6,44.0,0,0,0,0,0,0
33.9,35.2,32.6,29.6,31.2,28.0,32.0,33.2,30.8,19.3,17.6,21.0,0.198,2.71,0.0816,2.47,2.43,3.06,0.0612,1.78,1.32,0.0366,0.137,0.188,30.3,23.0,62,20,200,1.8,6.1,2.2,2.8,3.1,3.2,3.3,2.5,2.8,4.2,2.2,4.5,1.5,3.3,43.5,0,0,0,0,0,0
31.6,33.2,30.0,28.3,29.8,26.8,32.3,30.4,34.2,19.1,17.0,21.2,0.2,2.97,0.0828,2.6,2.57,3.24,0.0626,1.93,1.4,0.0359,0.143,0.204,29.8,23.0,58,22,200,2.4,5.5,2.7,3.0,1.9,1.7,2.8,3.0,3.1,2.4,2.9,4.7,1.5,4.1,41.7,0,0,0,0,0,0
33.2,32.8,33.6,29.1,29.0,29.2,32.9,33.4,32.4,18.9,16.4,21.4,0.215,3.03,0.0866,2.77,2.75,3.4,0.0662,2.03,1.48,0.0357,0.149,0.217,29.5,23.0,66,19,200,1.9,5.8,2.9,2.7,1.7,2.3,2.5,3.1,3.1,2.7,2.9,5.0,1.3,3.1,41.0,0,0,0,0,0,0
31.5,30.6,32.4,30.5,31.2,29.8,32.8,32.8,32.8,18.8,22.0,15.6,0.218,3.26,0.0876,2.94,2.86,3.6,0.0671,2.12,1.56,0.0368,0.151,0.229,29.2,22.0,64,21,200,2.3,6.1,2.5,2.6,3.2,3.0,2.8,3.1,1.9,1.9,3.2,5.8,1.8,3.9,44.1,0,0,0,0,0,0
32.7,30.0,35.4,29.6,27.8,31.4,33.2,30.6,35.8,19.4,17.8,21.0,0.237,3.43,0.0933,3.12,3.06,3.82,0.0738,2.29,1.66,0.0366,0.159,0.248,28.9,22.0,63,21,200,2.3,6.1,2.2,2.4,1.8,2.7,2.7,3.1,3.6,1.9,2.8,6.4,2.3,4.4,44.7,0,0,0,0,0,0
34.5,35.8,33.2,29.3,30.2,28.4,34.6,35.2,34.0,20.0,21.4,18.6,0.264,3.75,0.1,3.42,3.43,4.26,0.0792,2.55,1.84,0.0365,0.171,0.275,28.8,22.0,63,21,200,1.5,6.3,2.6,1.9,3.0,4.3,2.2,2.4,2.5,3.4,3.8,5.1,1.6,4.1,44.7,0,0,0,0,0,0
37.4,35.2,39.6,35.3,33.6,37.0,35.7,34.8,36.6,19.4,18.6,20.2,0.251,3.84,0.101,3.32,3.34,4.21,0.0761,2.44,1.74,0.0371,0.162,0.26,37.6,28.0,100,29,300,27.2,9.5,4.5,2.3,5.5,3.9,4.7,4.6,5.4,3.6,4.4,9.4,2.6,5.6,93.2,0,0,0,0,0,0
40.5,39.0,42.0,32.7,32.8,32.6,37.3,38.2,36.4,20.7,24.0,17.4,0.271,3.93,0.104,3.55,3.42,4.42,0.0811,2.54,1.83,0.0363,0.167,0.282,35.3,26.0,72,23,300,2.9,8.4,2.9,3.7,3.9,3.8,5.2,4.1,3.8,3.2,4.8,8.3,2.7,5.1,62.8,0,0,0,0,0,0
37.7,36.8,38.6,33.9,33.0,34.8,43.7,46.0,41.4,18.9,19.0,18.8,0.295,4.09,0.113,3.7,3.56,4.58,0.0887,2.66,1.94,0.0354,0.397,0.294,34.5,25.0,79,24,300,3.0,8.0,5.6,3.3,3.4,5.5,4.1,4.5,2.9,3.8,4.9,7.3,3.1,5.1,64.5,0,0,0,0,0,0
36.8,35.8,37.8,36.7,37.0,36.4,37.4,37.2,37.6,19.6,17.2,22.0,0.332,4.2,0.12,3.9,3.7,4.8,0.0963,2.83,2.0,0.0354,0.403,0.305,33.1,25.0,65,21,300,2.6,8.5,4.4,4.7,5.1,4.8,3.4,2.9,3.5,3.5,4.4,8.3,3.3,7.0,66.4,0,0,0,0,0,0
38.2,37.4,39.0,33.3,33.2,33.4,39.0,40.4,37.6,18.9,15.6,22.2,0.343,4.37,0.123,4.03,3.83,4.99,0.0971,2.92,2.07,0.0372,0.404,0.322,32.2,24.0,65,21,300,3.5,7.7,3.3,4.0,3.8,4.2,3.5,4.6,5.0,3.7,5.0,7.6,2.7,4.7,63.3,0,0,0,0,0,0
39.1,39.4,38.8,34.8,35.8,33.8,39.4,39.2,39.6,19.1,16.8,21.4,0.375,4.49,0.131,4.12,4.02,5.26,0.107,3.07,2.17,0.0363,0.413,0.334,32.0,24.0,75,22,300,3.0,7.6,3.6,4.5,3.6,3.0,3.5,4.7,3.2,4.1,3.7,8.2,3.2,6.7,62.6,0,0,0,0,0,0
39.0,38.6,39.4,33.5,33.4,33.6,38.3,40.0,36.6,20.1,20.4,19.8,0.391,4.74,0.136,4.23,4.21,5.34,0.111,3.12,2.28,0.0372,0.417,0.343,31.6,24.0,67,23,300,2.9,7.7,3.9,3.6,3.8,5.5,4.9,3.9,3.7,4.0,4.7,9.9,3.4,6.3,68.2,0,0,0,0,0,0
39.5,37.6,41.4,33.1,35.6,30.6,39.1,38.6,39.6,18.5,20.0,17.0,0.411,4.84,0.141,4.39,4.38,5.6,0.114,3.26,2.33,0.036,0.423,0.367,31.5,24.0,77,23,300,3.5,8.4,4.0,3.8,3.7,3.4,3.5,3.6,4.2,5.0,4.6,9.4,3.1,4.5,64.7,0,0,0,0,0,0
36.0,33.0,39.0,34.5,31.8,37.2,38.3,41.2,35.4,19.0,21.0,17.0,0.44,5.31,0.146,4.86,4.86,6.16,0.123,3.59,2.56,0.0359,0.437,0.396,31.3,23.0,66,22,300,2.8,7.9,4.3,3.9,2.9,4.2,4.1,5.0,4.4,4.3,4.1,7.6,2.1,5.0,62.6,0,0,0,0,0,0
40.8,41.6,40.0,39.1,40.2,38.0,41.6,40.8,42.4,19.5,17.2,21.8,0.422,5.31,0.139,4.7,4.6,5.83,0.112,3.38,2.37,0.0361,0.428,0.363,38.5,29.0,98,32,400,43.1,11.0,5.4,3.7,5.8,6.0,5.1,5.1,6.2,5.4,4.8,12.3,3.9,7.4,125.0,0,0,0,0,0,0
42.4,41.6,43.2,37.1,35.6,38.6,41.8,42.4,41.2,19.6,19.8,19.4,0.43,5.44,0.143,4.89,4.67,6.1,0.118,3.6,2.48,0.0358,0.207,0.375,35.0,27.0,68,21,400,3.0,11.1,5.9,5.3,5.6,5.4,5.4,5.3,7.1,5.3,4.9,12.5,3.7,6.7,87.2,0,0,0,0,0,0
42.8,43.6,42.0,41.3,37.6,45.0,44.9,44.6,45.2,19.8,20.0,19.6,0.444,5.57,0.151,5.0,4.76,6.15,0.121,3.69,2.59,0.035,0.214,0.388,34.1,25.0,82,23,400,3.6,11.8,5.4,4.6,5.3,6.4,5.4,6.0,4.6,6.2,4.9,10.5,3.8,7.1,85.6,0,0,0,0,0,0
41.0,39.8,42.2,37.7,35.8,39.6,43.0,45.0,41.0,19.7,16.8,22.6,0.463,5.69,0.154,5.18,4.95,6.46,0.128,3.8,2.69,0.036,0.218,0.395,34.3,26.0,82,25,400,3.8,12.9,5.7,5.5,6.1,5.2,5.1,5.8,5.6,6.2,5.2,12.4,4.7,6.2,90.4,0,0,0,0,0,0
41.4,41.2,41.6,38.7,39.8,37.6,43.1,44.2,42.0,19.0,18.0,20.0,0.453,5.78,0.153,5.26,5.0,6.55,0.128,3.86,2.74,0.0352,0.223,0.413,33.8,25.0,76,23,400,5.2,11.8,6.6,4.5,4.9,5.3,4.9,5.2,4.1,4.8,5.7,9.6,2.8,7.4,82.8,0,0,0,0,0,0
45.6,46.2,45.0,39.4,39.0,39.8,45.2,45.0,45.4,20.1,21.8,18.4,0.469,5.92,0.156,5.48,5.09,6.74,0.133,3.96,2.82,0.0362,0.227,0.422,33.6,25.0,75,25,400,3.2,10.0,5.2,4.9,7.5,5.4,6.7,5.4,5.7,5.3,5.2,11.7,3.3,7.4,86.9,0,0,0,0,0,0
40.3,41.6,39.0,37.6,39.2,36.0,40.8,38.2,43.4,19.7,21.6,17.8,0.481,6.13,0.16,5.71,5.18,6.83,0.135,4.1,2.95,0.0363,0.23,0.435,33.3,25.0,74,23,400,3.1,12.4,5.3,5.8,6.4,5.4,7.1,4.4,5.0,5.2,5.8,12.0,4.5,7.5,89.9,0,0,0,0,0,0
42.1,42.0,42.2,38.1,36.4,39.8,43.8,42.8,44.8,18.9,17.4,20.4,0.522,6.25,0.171,5.95,5.25,7.22,0.145,4.33,3.06,0.0365,0.24,0.446,33.0,25.0,74,23,400,2.3,10.5,5.1,3.9,6.7,4.4,4.4,5.4,6.6,6.7,6.1,10.0,3.7,7.9,83.7,0,0,0,0,0,0
42.6,41.8,43.4,37.3,37.2,37.4,44.8,45.4,44.2,20.8,22.4,19.2,0.574,6.82,0.183,6.5,5.89,7.95,0.161,4.69,3.34,0.0364,0.261,0.506,33.0,25.0,79,24,400,3.9,10.5,5.9,5.3,4.7,7.3,5.1,3.9,5.2,4.7,6.0,12.3,4.2,7.8,86.8,0,0,0,0,0,0
44.6,46.2,43.0,29.8,32.0,27.6,54.6,54.2,55.0,20.1,18.2,22.0,0.138,2.2,0.068,1.88,1.88,2.35,0.0422,1.39,1.02,0.0372,0.116,0.146,41.7,33.0,89,32,200,41.0,7.33,3.33,3.33,2.67,3.67,2.0,2.33,2.67,2.0,4.0,6.33,1.67,4.67,87.0,0,0,0,0,0,0
28.2,24.6,31.8,28.1,23.2,33.0,31.3,31.4,31.2,19.4,21.6,17.2,0.156,2.31,0.0726,2.06,1.92,2.51,0.048,1.47,1.09,0.0372,0.122,0.162,34.5,26.0,60,19,200,9.7,6.8,2.6,1.9,3.1,3.4,3.2,2.5,3.5,2.4,3.4,5.8,2.4,3.4,54.1,0,0,0,0,0,0
30.4,34.6,26.2,30.8,33.8,27.8,33.4,32.2,34.6,19.8,17.2,22.4,0.166,2.44,0.0759,2.23,1.99,2.65,0.0529,1.59,1.18,0.0383,0.126,0.181,32.3,24.0,68,21,200,1.9,5.3,2.3,1.2,1.4,3.5,2.8,3.3,3.6,2.6,2.4,5.1,1.5,3.7,40.6,0,0,0,0,0,0
31.7,29.8,33.6,30.9,30.6,31.2,32.4,32.2,32.6,20.7,19.2,22.2,0.18,2.57,0.0812,2.52,2.06,2.84,0.0537,1.7,1.23,0.0373,0.131,0.188,30.7,23.0,63,20,200,2.4,5.1,3.4,2.6,2.8,2.5,3.1,2.4,2.4,3.1,2.8,5.5,1.7,3.5,43.3,0,0,0,0,0,0
31.4,31.2,31.6,30.4,31.0,29.8,33.0,30.0,36.0,19.6,20.0,19.2,0.186,2.69,0.081,2.71,2.18,3.04,0.0568,1.81,1.32,0.0363,0.136,0.2,29.9,22.0,68,20,200,1.6,5.2,2.0,2.5,2.2,3.5,3.6,3.2,2.8,1.6,2.8,5.5,1.6,3.9,42.0,0,0,0,0,0,0
31.5,33.4,29.6,29.5,30.8,28.2,32.8,32.0,33.6,20.1,20.8,19.4,0.197,2.91,0.0837,2.87,2.28,3.26,0.0597,1.94,1.42,0.0372,0.139,0.21,29.3,22.0,66,19,200,1.7,5.7,3.2,2.8,2.6,3.4,2.6,2.9,1.5,3.0,3.2,6.1,1.4,3.7,43.8,0,0,0,0,0,0
33.0,31.6,34.4,30.9,30.6,31.2,34.7,33.6,35.8,20.7,23.2,18.2,0.216,3.07,0.0907,3.16,2.38,3.41,0.0641,2.07,1.48,0.0362,0.146,0.225,28.9,22.0,60,21,200,1.3,5.3,1.9,3.7,3.0,2.1,2.3,2.9,3.5,2.6,2.7,5.7,2.0,3.5,42.5,0,0,0,0,0,0
30.2,31.6,28.8,32.4,34.0,30.8,33.7,35.4,32.0,20.2,16.6,23.8,0.237,3.22,0.095,3.35,2.45,3.6,0.0716,2.19,1.6,0.0381,0.151,0.241,29.0,22.0,69,21,200,1.0,6.3,2.4,2.6,3.5,2.8,3.9,3.5,3.3,2.5,2.4,6.4,2.0,3.1,45.7,0,0,0,0,0,0
30.7,29.2,32.2,28.5,27.2,29.8,33.5,36.4,30.6,18.5,21.6,15.4,0.251,3.38,0.0989,3.57,2.56,3.77,0.0751,2.32,1.67,0.0363,0.155,0.251,28.8,21.0,71,20,200,1.6,4.8,2.4,3.6,2.4,2.6,2.4,2.4,2.6,2.6,2.8,4.7,2.0,3.7,40.6,0,0,0,0,0,0
30.0,32.0,28.0,30.6,29.2,32.0,36.3,36.2,36.4,20.0,18.0,22.0,0.283,3.69,0.106,3.95,2.85,4.22,0.0823,2.59,1.86,0.0374,0.17,0.282,28.5,21.0,60,19,200,1.9,5.4,2.6,2.5,4.1,2.1,2.9,3.2,3.0,2.9,4.5,6.0,1.9,3.4,46.4,0,0,0,0,0,0
38.4,36.4,40.4,34.4,31.8,37.0,36.4,36.2,36.6,19.0,16.4,21.6,0.265,3.72,0.105,3.72,2.91,4.13,0.0798,2.45,1.8,0.0367,0.163,0.259,40.1,30.0,110,30,300,26.1,7.0,3.7,4.4,4.9,4.2,4.8,4.3,4.0,4.8,3.7,8.2,3.2,6.3,89.6,0,0,0,0,0,0
36.6,35.0,38.2,34.4,37.8,31.0,34.6,36.8,32.4,19.8,18.0,21.6,0.289,3.87,0.112,3.79,3.19,4.38,0.0861,2.58,1.87,0.0375,0.166,0.276,36.3,26.0,72,22,300,3.5,8.0,3.7,4.8,3.8,4.0,4.5,5.1,4.0,4.0,3.9,8.4,3.5,4.8,66.0,0,0,0,0,0,0
38.6,39.4,37.8,35.9,37.0,34.8,39.4,37.2,41.6,19.8,18.8,20.8,0.318,4.0,0.116,3.85,3.36,4.56,0.0952,2.72,1.91,0.0376,0.366,0.291,34.6,25.0,69,22,300,3.7,6.8,3.9,4.1,3.9,3.3,3.9,3.5,4.3,5.1,4.1,8.3,2.5,5.8,63.2,0,0,0,0,0,0
38.3,38.8,37.8,35.1,34.0,36.2,37.1,37.0,37.2,19.6,21.0,18.2,0.351,4.13,0.127,3.98,3.54,4.78,0.103,2.84,2.06,0.0377,0.373,0.308,33.7,25.0,74,23,300,2.0,9.4,4.5,3.8,4.9,4.7,5.1,3.9,3.0,3.9,3.9,9.2,4.5,5.8,68.6,0,0,0,0,0,0
39.1,37.8,40.4,33.8,32.0,35.6,38.8,39.8,37.8,19.6,17.8,21.4,0.36,4.35,0.129,4.08,3.79,5.05,0.104,2.9,2.09,0.0379,0.377,0.309,33.0,24.0,68,22,300,2.9,7.8,4.1,4.6,4.0,3.7,4.1,3.6,4.8,3.9,4.3,7.9,2.2,6.7,64.6,0,0,0,0,0,0
38.2,37.8,38.6,34.7,33.2,36.2,38.8,38.0,39.6,21.4,21.2,21.6,0.369,4.57,0.129,4.24,3.99,5.16,0.108,3.05,2.18,0.0389,0.383,0.323,32.6,24.0,70,22,300,3.7,7.9,4.2,4.6,4.1,4.3,5.4,3.2,5.4,2.8,4.8,9.3,2.8,5.5,68.0,0,0,0,0,0,0
36.5,39.6,33.4,35.2,34.2,36.2,37.6,37.6,37.6,19.7,17.2,22.2,0.408,4.75,0.14,4.34,4.26,5.44,0.113,3.18,2.29,0.038,0.389,0.347,32.5,24.0,80,24,300,2.0,8.6,4.3,4.0,4.1,3.6,5.1,4.7,4.2,3.3,4.0,9.4,3.7,6.2,67.2,0,0,0,0,0,0
38.1,40.6,35.6,36.2,36.4,36.0,39.5,38.6,40.4,19.6,18.2,21.0,0.426,4.88,0.145,4.34,4.47,5.64,0.121,3.32,2.41,0.0391,0.393,0.355,32.4,24.0,74,23,300,3.1,7.6,4.2,3.5,4.6,3.4,4.1,3.3,4.7,3.8,4.9,7.8,3.1,5.6,63.7,0,0,0,0,0,0
37.6,37.0,38.2,33.4,34.0,32.8,39.0,38.6,39.4,19.9,17.4,22.4,0.477,5.39,0.16,4.86,4.96,6.24,0.138,3.7,2.67,0.0371,0.41,0.399,32.1,24.0,73,23,300,2.1,8.3,4.9,4.4,4.9,3.6,3.7,4.6,3.4,3.9,4.3,9.8,3.2,6.4,67.5,0,0,0,0,0,0
39.7,38.8,40.6,36.6,35.2,38.0,41.7,40.4,43.0,20.8,18.2,23.4,0.448,5.23,0.153,4.77,4.68,5.99,0.13,3.46,2.51,0.0382,0.208,0.379,38.1,31.0,95,33,400,42.8,10.1,5.9,5.0,6.2,5.4,3.7,4.8,4.5,6.1,5.3,10.7,4.1,7.3,122.0,0,0,0,0,0,0
41.8,42.8,40.8,37.8,38.2,37.4,42.2,42.2,42.2,21.2,19.0,23.4,0.462,5.47,0.157,4.97,4.73,6.04,0.135,3.56,2.58,0.0372,0.211,0.394,34.9,27.0,69,23,400,3.7,12.6,6.6,5.0,5.5,4.5,5.6,5.1,5.1,5.6,5.0,10.6,4.4,8.6,87.9,0,0,0,0,0,0
39.5,41.8,37.2,38.4,39.0,37.8,41.2,42.2,40.2,21.6,24.2,19.0,0.497,5.52,0.163,5.14,4.78,6.37,0.141,3.78,2.73,0.0382,0.22,0.415,33.9,26.0,76,23,400,3.9,13.9,5.1,6.5,6.5,5.3,4.4,5.0,7.1,4.0,5.2,13.0,5.5,6.3,91.7,0,0,0,0,0,0
41.8,42.2,41.4,38.8,39.6,38.0,42.5,44.6,40.4,20.1,22.2,18.0,0.513,5.71,0.166,5.29,4.93,6.53,0.145,3.88,2.83,0.0382,0.22,0.424,33.1,26.0,74,23,400,3.1,13.9,6.7,5.0,5.4,5.7,5.1,4.9,5.3,4.6,5.4,12.0,3.8,8.2,89.1,0,0,0,0,0,0
42.3,41.4,43.2,38.4,38.0,38.8,42.1,41.2,43.0,21.2,22.0,20.4,0.522,5.72,0.167,5.45,5.0,6.65,0.15,3.93,2.91,0.0382,0.226,0.436,33.0,25.0,81,24,400,3.0,14.2,4.2,6.1,5.0,6.0,5.7,5.5,5.6,4.5,5.6,10.4,4.4,7.3,87.5,0,0,0,0,0,0
42.0,40.6,43.4,39.8,38.2,41.4,42.8,44.8,40.8,19.9,21.8,18.0,0.554,5.89,0.179,5.57,5.14,7.01,0.158,4.05,2.94,0.0372,0.232,0.449,32.6,25.0,72,23,400,3.6,10.8,3.7,6.2,5.5,5.6,5.1,6.8,5.0,5.8,5.8,10.0,4.1,7.9,85.9,0,0,0,0,0,0
42.7,40.8,44.6,37.3,37.6,37.0,44.9,44.6,45.2,19.5,18.6,20.4,0.547,6.03,0.174,5.84,5.17,7.13,0.155,4.17,3.02,0.0379,0.234,0.462,32.4,25.0,74,24,400,3.8,13.0,5.5,6.0,6.0,5.1,5.5,5.6,4.6,6.4,5.0,11.0,3.9,7.7,89.1,0,0,0,0,0,0
41.6,40.6,42.6,37.6,37.8,37.4,43.8,42.2,45.4,20.9,23.0,18.8,0.554,6.21,0.175,6.04,5.28,7.29,0.152,4.26,3.07,0.038,0.238,0.468,32.3,25.0,75,24,400,5.3,11.5,4.6,5.8,5.5,6.5,4.8,5.0,5.1,6.5,4.7,10.4,3.2,8.6,87.5,0,0,0,0,0,0
40.4,38.0,42.8,39.5,39.2,39.8,43.4,45.2,41.6,19.6,20.0,19.2,0.616,6.84,0.194,6.67,5.82,8.02,0.17,4.69,3.38,0.0381,0.26,0.521,32.4,25.0,84,25,400,4.3,10.9,6.0,5.7,4.7,5.4,5.9,5.6,4.4,6.2,3.9,11.9,3.9,7.8,86.6,0,0,0,0,0,0
43.3,43.0,43.6,31.6,29.8,33.4,53.4,52.6,54.2,19.6,24.4,14.8,0.15,2.2,0.0698,1.82,1.87,2.39,0.0456,1.34,1.01,0.0387,0.117,0.148,42.2,35.0,96,35,200,46.3,7.0,1.67,4.0,4.0,3.0,3.67,4.33,3.0,1.67,2.33,5.67,1.67,5.33,93.7,0,0,0,0,0,0
31.1,28.8,33.4,30.0,27.2,32.8,31.9,30.2,33.6,20.6,21.4,19.8,0.171,2.32,0.0751,1.99,1.98,2.59,0.0511,1.5,1.1,0.0368,0.121,0.161,34.7,27.0,63,20,200,9.4,4.9,3.8,2.6,3.6,3.5,2.7,3.5,3.0,3.5,2.7,6.1,2.0,2.7,54.0,0,0,0,0,0,0
31.3,29.0,33.6,33.0,29.8,36.2,31.6,31.8,31.4,19.2,19.2,19.2,0.182,2.49,0.0786,2.13,2.14,2.73,0.0544,1.6,1.18,0.038,0.124,0.167,32.6,25.0,66,20,200,2.2,5.4,2.7,2.8,2.7,3.2,3.1,1.9,2.9,3.3,2.9,5.2,1.8,3.9,44.0,0,0,0,0,0,0
32.5,33.6,31.4,30.1,28.4,31.8,34.4,32.2,36.6,20.2,19.6,20.8,0.199,2.62,0.0832,2.33,2.27,2.93,0.0612,1.73,1.27,0.0389,0.132,0.186,31.9,24.0,71,22,200,1.9,5.2,2.5,2.5,3.7,2.0,3.0,2.0,3.0,3.2,2.6,6.6,1.9,3.6,43.7,0,0,0,0,0,0
32.4,29.2,35.6,32.8,31.0,34.6,36.3,35.2,37.4,21.2,18.4,24.0,0.205,2.8,0.0824,2.5,2.46,3.17,0.0618,1.86,1.34,0.037,0.137,0.205,31.3,23.0,70,21,200,1.1,6.4,2.6,2.9,2.4,3.2,2.7,3.0,2.8,3.2,2.1,6.6,1.9,4.7,45.6,0,0,0,0,0,0
33.1,30.0,36.2,30.5,30.6,30.4,34.4,36.8,32.0,18.7,21.4,16.0,0.226,2.95,0.0882,2.72,2.57,3.33,0.0672,2.02,1.46,0.037,0.141,0.214,30.8,23.0,66,21,200,1.7,5.4,2.6,2.6,2.4,3.4,2.8,2.0,3.8,3.4,3.6,6.1,2.4,2.5,44.7,0,0,0,0,0,0
32.8,32.0,33.6,30.8,30.2,31.4,33.7,32.0,35.4,19.8,21.4,18.2,0.229,3.13,0.0922,2.89,2.7,3.56,0.0704,2.14,1.54,0.038,0.146,0.227,30.6,23.0,68,21,200,1.3,6.4,2.5,2.8,2.0,3.4,2.8,3.1,2.3,2.4,2.7,4.9,1.6,5.4,43.6,0,0,0,0,0,0
30.7,30.2,31.2,29.7,28.8,30.6,32.0,33.2,30.8,20.2,23.8,16.6,0.245,3.31,0.0957,3.07,2.89,3.73,0.0733,2.28,1.66,0.0387,0.152,0.24,30.2,23.0,66,21,200,1.4,6.1,4.2,2.7,2.7,3.2,2.6,2.4,2.3,4.1,2.2,5.7,1.8,4.1,45.5,0,0,0,0,0,0
33.2,32.8,33.6,31.4,33.2,29.6,32.2,30.2,34.2,20.0,21.2,18.8,0.254,3.4,0.0979,3.23,3.01,3.94,0.0778,2.39,1.75,0.0378,0.156,0.253,29.9,22.0,68,21,200,2.0,4.5,2.7,1.9,3.0,3.0,2.5,2.2,3.5,2.2,2.8,5.0,1.8,3.9,41.0,0,0,0,0,0,0
31.5,29.2,33.8,30.4,30.2,30.6,30.7,32.2,29.2,20.1,18.2,22.0,0.287,3.77,0.107,3.6,3.33,4.33,0.0845,2.63,1.94,0.0369,0.167,0.277,29.6,22.0,63,21,200,1.6,5.1,2.9,3.6,3.1,2.7,3.0,2.4,2.2,3.0,2.5,4.9,1.8,3.2,42.0,0,0,0,0,0,0
37.7,37.6,37.8,31.7,31.4,32.0,39.4,37.2,41.6,20.7,19.8,21.6,0.285,3.76,0.105,3.55,3.18,4.23,0.0823,2.52,1.82,0.036,0.165,0.26,38.3,29.0,85,28,300,25.0,7.3,3.9,5.2,4.7,4.5,3.9,4.9,3.8,3.6,4.2,8.9,3.1,6.6,89.6,0,0,0,0,0,0
37.7,34.6,40.8,36.1,36.2,36.0,42.5,46.4,38.6,20.1,23.0,17.2,0.304,3.92,0.111,3.62,3.39,4.49,0.0884,2.59,1.9,0.0371,0.167,0.271,35.3,26.0,73,22,300,2.4,7.3,4.2,4.8,5.5,4.1,3.6,4.9,2.6,3.8,3.9,9.3,3.1,6.3,65.8,0,0,0,0,0,0
38.0,37.4,38.6,35.4,36.4,34.4,38.8,38.8,38.8,19.4,23.0,15.8,0.3,4.02,0.111,3.8,3.52,4.62,0.0898,2.73,1.98,0.0373,0.369,0.283,33.6,25.0,69,21,300,2.6,9.6,3.4,4.9,3.9,4.6,4.4,5.1,4.8,4.7,3.8,8.2,3.0,4.9,67.9,0,0,0,0,0,0
36.8,34.8,38.8,35.7,35.4,36.0,36.2,36.2,36.2,20.4,16.2,24.6,0.33,4.22,0.121,3.98,3.71,4.74,0.0954,2.88,2.08,0.0373,0.377,0.301,32.5,24.0,65,22,300,3.4,8.8,4.3,2.8,4.1,5.5,3.7,5.0,3.8,4.6,3.4,10.5,3.7,5.8,69.4,0,0,0,0,0,0
37.6,36.4,38.8,37.4,39.4,35.4,37.8,35.8,39.8,21.1,21.4,20.8,0.354,4.36,0.123,4.15,3.81,4.91,0.1,2.98,2.16,0.0374,0.386,0.315,31.8,24.0,63,22,300,2.6,8.7,3.8,5.1,5.1,4.7,3.3,4.2,3.6,4.9,4.6,8.7,2.8,5.5,67.6,0,0,0,0,0,0
36.5,38.4,34.6,36.4,37.0,35.8,38.6,36.8,40.4,20.2,20.4,20.0,0.383,4.57,0.132,4.35,3.96,5.28,0.109,3.13,2.24,0.0373,0.389,0.338,31.4,24.0,70,23,300,3.1,8.0,3.9,5.3,4.8,4.5,3.7,2.6,4.5,4.0,4.4,9.7,3.3,5.9,67.7,0,0,0,0,0,0
37.1,38.0,36.2,34.0,31.4,36.6,38.6,36.6,40.6,19.4,17.0,21.8,0.411,4.8,0.139,4.46,4.21,5.44,0.113,3.27,2.36,0.0374,0.398,0.352,31.1,24.0,65,23,300,3.2,8.7,4.4,3.7,3.6,4.2,4.6,3.4,4.8,4.5,2.9,9.1,3.3,4.9,65.3,0,0,0,0,0,0
37.8,39.4,36.2,35.0,32.6,37.4,38.0,36.0,40.0,19.6,16.0,23.2,0.441,4.91,0.146,4.63,4.4,5.73,0.121,3.38,2.47,0.0383,0.4,0.372,30.8,23.0,73,22,300,2.5,8.1,4.4,4.1,3.8,4.3,4.0,3.6,5.2,4.6,3.5,8.4,3.9,5.7,66.1,0,0,0,0,0,0
38.5,36.6,40.4,32.5,32.6,32.4,38.7,36.0,41.4,19.3,22.2,16.4,0.493,5.37,0.158,5.04,4.87,6.36,0.134,3.81,2.73,0.0374,0.419,0.416,30.6,23.0,69,22,300,1.8,7.1,3.4,4.1,4.7,4.9,3.4,3.2,4.5,4.3,5.9,8.0,2.6,6.2,64.1,0,0,0,0,0,0
42.0,43.2,40.8,38.4,37.6,39.2,43.9,43.4,44.4,20.0,20.2,19.8,0.442,5.21,0.148,4.82,4.53,5.91,0.12,3.44,2.46,0.0375,0.207,0.376,33.8,27.0,80,27,400,40.6,11.1,5.1,4.9,5.0,5.4,4.5,5.0,5.2,4.7,5.4,9.3,2.9,7.9,117.0,0,0,0,0,0,0
41.8,43.4,40.2,37.8,39.6,36.0,42.6,42.8,42.4,19.8,23.0,16.6,0.458,5.39,0.148,4.95,4.55,6.0,0.119,3.51,2.55,0.0377,0.212,0.378,32.2,25.0,72,22,400,4.2,12.0,5.4,6.4,5.8,4.5,7.4,4.6,4.7,4.8,5.1,11.8,4.4,6.6,87.7,0,0,0,0,0,0
41.5,43.2,39.8,39.3,41.0,37.6,43.4,41.2,45.6,20.1,22.0,18.2,0.464,5.47,0.15,5.1,4.76,6.24,0.122,3.65,2.6,0.0376,0.21,0.392,31.7,24.0,75,23,400,3.9,11.9,5.9,4.6,3.7,4.5,7.2,5.7,4.5,5.6,3.7,10.2,3.3,8.2,82.9,0,0,0,0,0,0
43.1,42.8,43.4,38.7,36.8,40.6,41.9,43.0,40.8,21.6,19.2,24.0,0.465,5.57,0.151,5.15,4.9,6.29,0.122,3.7,2.72,0.0376,0.215,0.405,31.3,24.0,70,23,400,3.2,13.5,6.1,4.1,6.3,4.0,5.2,4.6,5.9,5.9,4.7,11.7,3.8,7.2,86.2,0,0,0,0,0,0
42.4,40.0,44.8,38.6,37.0,40.2,41.6,39.4,43.8,20.4,21.0,19.8,0.48,5.66,0.154,5.31,5.07,6.59,0.127,3.89,2.83,0.0375,0.22,0.415,31.2,24.0,72,23,400,4.0,11.8,3.9,5.5,7.2,6.0,5.4,5.3,6.2,6.2,5.4,12.8,4.0,7.5,91.2,0,0,0,0,0,0
41.2,41.2,41.2,40.4,42.8,38.0,42.5,42.4,42.6,19.6,16.8,22.4,0.482,5.96,0.155,5.48,5.13,6.8,0.133,3.97,2.83,0.0375,0.225,0.42,32.3,24.0,97,27,400,4.2,11.8,6.0,5.1,6.5,5.8,6.3,5.4,4.2,5.7,5.4,10.7,3.9,7.2,88.2,0,0,0,0,0,0
41.0,39.0,43.0,38.9,38.4,39.4,43.6,41.4,45.8,19.6,22.4,16.8,0.504,6.11,0.162,5.69,5.21,7.01,0.137,4.11,2.97,0.0376,0.229,0.442,32.4,24.0,81,25,400,2.2,11.2,4.9,6.1,5.1,6.1,5.7,5.2,6.3,5.4,4.8,10.6,4.5,6.5,84.6,0,0,0,0,0,0
43.3,43.6,43.0,41.1,41.0,41.2,45.6,45.6,45.6,20.4,21.0,19.8,0.529,6.24,0.168,5.85,5.45,7.21,0.145,4.28,3.1,0.0376,0.237,0.461,32.5,25.0,77,25,400,2.9,11.4,6.5,4.9,6.5,6.5,5.6,6.1,5.2,5.9,6.5,14.6,4.7,7.9,95.2,0,0,0,0,0,0
42.8,44.6,41.0,40.0,41.6,38.4,45.4,45.4,45.4,20.3,23.2,17.4,0.603,6.82,0.187,6.49,6.03,8.06,0.166,4.71,3.47,0.0367,0.255,0.52,32.6,25.0,77,25,400,3.1,10.9,5.1,5.6,6.5,5.3,6.2,6.1,5.8,4.3,6.2,12.5,4.9,6.6,89.1,0,0,0,0,0,0
44.5,43.8,45.2,29.8,30.4,29.2,52.3,51.6,53.0,19.4,17.8,21.0,0.172,2.11,0.0769,1.91,1.73,2.34,0.0504,1.35,1.02,0.0376,0.116,0.157,40.0,32.0,91,33,200,49.0,5.67,4.0,4.67,3.67,2.67,3.33,2.67,4.67,4.0,2.0,6.0,1.33,6.0,99.7,0,0,0,0,0,0
31.5,33.0,30.0,30.8,33.0,28.6,33.3,34.4,32.2,20.0,20.0,20.0,0.172,2.26,0.0768,2.06,1.82,2.51,0.0525,1.44,1.11,0.0376,0.12,0.164,34.8,27.0,63,22,200,9.3,6.8,2.8,2.0,2.9,3.0,4.0,3.2,2.0,2.6,2.4,5.2,2.4,2.7,51.3,0,0,0,0,0,0
31.0,29.2,32.8,33.3,35.8,30.8,33.4,36.4,30.4,20.7,18.0,23.4,0.183,2.42,0.0792,2.21,1.94,2.69,0.0546,1.57,1.19,0.0376,0.124,0.175,32.4,25.0,65,21,200,2.7,6.0,3.4,2.7,2.7,1.9,3.6,2.6,3.2,1.8,2.8,5.8,1.6,3.9,44.7,0,0,0,0,0,0
31.5,31.8,31.2,32.8,32.0,33.6,32.0,30.6,33.4,18.1,19.6,16.6,0.182,2.6,0.0841,2.4,2.11,2.83,0.0576,1.66,1.25,0.0384,0.13,0.188,31.4,24.0,62,21,200,1.2,4.0,3.7,3.1,3.0,2.6,2.8,2.8,2.3,2.8,2.7,5.9,1.2,3.7,41.8,0,0,0,0,0,0
31.8,29.4,34.2,33.2,35.4,31.0,33.7,35.8,31.6,18.9,19.8,18.0,0.195,2.74,0.0819,2.59,2.24,3.01,0.0565,1.85,1.35,0.0373,0.134,0.198,30.6,23.0,62,20,200,1.5,5.3,2.5,2.1,2.4,3.1,2.8,3.5,3.1,3.6,3.4,6.7,1.9,3.3,45.2,0,0,0,0,0,0
31.0,31.6,30.4,30.6,32.2,29.0,33.0,34.0,32.0,18.7,20.8,16.6,0.218,3.0,0.0897,2.84,2.34,3.25,0.0626,1.97,1.43,0.0364,0.139,0.215,30.3,23.0,74,21,200,1.6,6.4,2.4,2.9,2.7,2.0,2.6,1.8,2.2,2.7,3.0,5.4,1.8,4.4,41.9,0,0,0,0,0,0
30.9,31.8,30.0,30.5,30.8,30.2,32.9,34.2,31.6,19.1,20.4,17.8,0.232,3.1,0.0913,2.98,2.49,3.41,0.0671,2.06,1.54,0.0374,0.148,0.231,29.6,22.0,59,19,200,1.3,7.2,2.7,2.8,2.4,2.5,2.2,3.2,3.2,3.8,2.1,5.3,1.8,3.0,43.5,0,0,0,0,0,0
31.7,29.2,34.2,30.3,32.4,28.2,33.7,30.2,37.2,18.4,17.0,19.8,0.246,3.33,0.0956,3.23,2.62,3.59,0.0693,2.2,1.63,0.0375,0.154,0.239,29.0,22.0,62,20,200,1.4,5.7,2.5,3.0,2.2,3.2,2.9,2.3,3.2,2.9,2.5,6.1,2.2,3.7,43.8,0,0,0,0,0,0
32.4,33.6,31.2,30.5,33.0,28.0,33.7,32.6,34.8,18.9,16.8,21.0,0.255,3.52,0.0976,3.47,2.85,3.83,0.0867,2.38,1.73,0.0375,0.166,0.259,28.8,22.0,64,21,200,2.1,5.9,2.6,3.3,2.8,3.7,3.1,3.0,3.2,2.5,1.9,6.7,1.5,3.8,46.1,0,0,0,0,0,0
31.5,31.0,32.0,31.8,32.8,30.8,33.1,33.4,32.8,20.1,21.8,18.4,0.288,3.94,0.107,3.87,3.15,4.31,0.0946,2.63,1.91,0.0374,0.178,0.294,28.7,22.0,62,22,200,2.1,5.8,3.1,2.3,2.5,3.2,2.0,1.7,2.2,2.9,2.5,6.5,2.0,4.4,43.2,0,0,0,0,0,0
38.4,38.0,38.8,37.0,37.8,36.2,40.6,40.8,40.4,20.8,21.4,20.2,0.281,3.92,0.105,3.79,3.11,4.17,0.0913,2.47,1.81,0.0388,0.176,0.267,38.0,29.0,93,27,300,23.7,7.6,3.6,3.7,4.9,4.0,3.5,4.7,4.1,4.5,4.7,8.2,2.3,7.2,86.7,0,0,0,0,0,0
36.9,38.0,35.8,36.6,36.6,36.6,37.5,37.2,37.8,20.2,22.8,17.6,0.296,4.09,0.109,3.88,3.22,4.41,0.0982,2.64,1.88,0.0371,0.385,0.288,34.9,26.0,67,23,300,4.1,10.8,4.0,5.6,3.9,3.9,3.6,4.8,2.9,4.5,3.7,8.9,3.5,5.1,69.3,0,0,0,0,0,0
37.9,35.6,40.2,38.0,39.6,36.4,39.7,38.4,41.0,20.2,23.0,17.4,0.303,4.28,0.112,3.93,3.42,4.56,0.102,2.69,1.93,0.038,0.389,0.293,33.7,26.0,74,23,300,2.5,7.7,3.5,5.1,3.8,3.9,4.7,3.9,4.3,3.9,3.9,7.8,2.5,5.8,63.3,0,0,0,0,0,0
36.8,36.6,37.0,37.7,39.6,35.8,38.1,35.6,40.6,18.8,20.8,16.8,0.323,4.44,0.114,4.07,3.61,4.76,0.104,2.88,2.07,0.0389,0.396,0.3,32.2,24.0,63,21,300,2.4,8.0,3.2,4.1,5.2,3.8,4.4,4.9,4.7,3.9,3.6,7.4,2.5,5.5,63.6,0,0,0,0,0,0
37.7,40.0,35.4,32.8,32.6,33.0,40.8,41.0,40.6,19.5,20.0,19.0,0.333,4.59,0.119,4.27,3.73,4.95,0.11,2.99,2.13,0.0386,0.4,0.317,32.1,24.0,74,24,300,2.3,9.6,3.7,4.6,3.7,3.3,4.1,5.1,4.7,3.0,4.8,8.5,3.2,5.3,65.9,0,0,0,0,0,0
38.0,36.0,40.0,34.6,35.0,34.2,38.2,38.6,37.8,19.1,22.4,15.8,0.373,4.73,0.129,4.33,3.91,5.14,0.12,3.09,2.22,0.0379,0.404,0.329,31.7,24.0,71,22,300,2.4,9.2,4.3,3.7,4.5,2.7,3.8,4.3,4.7,4.2,4.2,8.9,4.0,5.8,66.7,0,0,0,0,0,0
36.2,32.8,39.6,35.6,35.0,36.2,38.7,35.8,41.6,19.1,21.0,17.2,0.385,4.9,0.133,4.5,4.04,5.37,0.112,3.21,2.31,0.0378,0.41,0.347,31.5,24.0,70,23,300,3.1,9.3,3.6,5.2,4.4,3.8,3.8,4.0,3.9,3.7,4.0,9.4,2.9,6.1,67.2,0,0,0,0,0,0
38.4,38.6,38.2,37.4,37.4,37.4,39.3,39.0,39.6,20.2,19.2,21.2,0.392,5.08,0.138,4.63,4.32,5.61,0.115,3.34,2.39,0.0366,0.414,0.367,31.3,24.0,73,23,300,4.1,6.9,3.8,3.7,6.2,3.8,4.7,3.5,4.6,3.9,3.7,9.1,2.4,6.0,66.4,0,0,0,0,0,0
36.5,35.8,37.2,36.4,37.0,35.8,38.1,38.4,37.8,18.7,15.4,22.0,0.44,5.66,0.15,5.24,4.76,6.24,0.127,3.72,2.66,0.0384,0.436,0.41,31.0,23.0,72,20,300,2.6,9.6,4.4,3.1,4.0,4.0,3.5,4.4,4.0,4.7,3.4,9.0,3.1,5.4,65.2,0,0,0,0,0,0
40.9,39.2,42.6,38.4,37.8,39.0,41.6,40.0,43.2,21.2,19.6,22.8,0.412,5.32,0.139,4.94,4.37,5.88,0.115,3.46,2.48,0.0371,0.22,0.367,36.4,28.0,90,30,400,39.3,10.9,3.8,5.1,5.2,5.1,6.4,5.5,5.8,5.5,6.0,10.6,3.3,6.8,119.0,0,0,0,0,0,0
41.6,38.8,44.4,38.4,35.2,41.6,43.2,42.0,44.4,19.5,17.0,22.0,0.423,5.43,0.144,5.14,4.55,6.07,0.124,3.56,2.52,0.0371,0.221,0.379,34.0,26.0,75,22,400,4.7,10.8,4.6,5.5,5.9,4.3,4.7,5.3,5.1,6.3,5.5,10.3,3.8,9.0,85.8,0,0,0,0,0,0
44.9,46.6,43.2,39.5,39.6,39.4,46.2,47.6,44.8,19.2,19.2,19.2,0.444,5.66,0.147,5.32,4.7,6.34,0.127,3.69,2.62,0.0362,0.225,0.392,33.2,26.0,69,24,400,3.8,12.5,4.8,7.5,5.5,4.7,4.9,5.2,4.5,4.7,5.2,11.5,3.5,7.7,86.0,0,0,0,0,0,0
42.2,42.4,42.0,36.3,37.6,35.0,40.8,43.2,38.4,19.6,21.4,17.8,0.457,5.82,0.155,5.42,4.78,6.46,0.132,3.86,2.76,0.0361,0.231,0.398,32.6,25.0,72,24,400,3.7,10.5,6.3,6.2,6.9,5.3,5.8,5.5,4.9,5.2,6.0,12.3,4.6,7.5,90.7,0,0,0,0,0,0
41.2,43.4,39.0,38.0,38.8,37.2,42.8,45.6,40.0,20.4,22.4,18.4,0.467,6.0,0.153,5.6,5.0,6.64,0.133,3.91,2.81,0.0362,0.234,0.415,32.3,25.0,72,23,400,4.5,9.1,6.0,6.2,5.1,5.8,4.8,7.4,4.9,6.0,5.4,12.2,3.7,7.2,88.3,0,0,0,0,0,0
41.1,42.8,39.4,39.6,37.4,41.8,44.5,43.2,45.8,19.8,23.0,16.6,0.48,5.95,0.158,5.59,5.02,6.76,0.138,4.07,2.89,0.038,0.237,0.422,32.1,25.0,68,24,400,3.2,12.5,5.5,5.4,5.5,5.6,6.5,6.4,6.0,4.7,5.8,10.5,4.1,6.2,87.9,0,0,0,0,0,0
42.7,40.4,45.0,38.0,39.6,36.4,42.2,42.0,42.4,19.3,18.4,20.2,0.501,6.2,0.162,5.75,5.25,7.02,0.144,4.11,3.0,0.0363,0.237,0.424,32.3,25.0,81,24,400,5.1,10.9,5.2,5.0,5.7,5.2,6.8,5.8,4.6,4.5,5.6,10.7,3.7,8.5,87.3,0,0,0,0,0,0
43.4,42.6,44.2,39.2,42.4,36.0,45.2,44.0,46.4,19.1,20.6,17.6,0.516,6.41,0.165,5.96,5.38,7.21,0.148,4.3,3.04,0.037,0.239,0.443,32.1,25.0,73,23,400,3.3,13.2,5.4,6.0,5.3,6.6,6.2,5.5,5.1,4.2,5.3,10.2,3.6,7.4,87.3,0,0,0,0,0,0
40.8,41.2,40.4,41.6,42.4,40.8,42.6,44.2,41.0,19.4,17.8,21.0,0.57,6.93,0.182,6.56,6.01,8.04,0.165,4.74,3.39,0.0361,0.259,0.491,32.3,25.0,77,25,400,4.4,11.2,5.4,4.4,4.6,6.6,6.2,5.7,5.5,6.0,5.2,11.4,4.3,8.3,89.2,0,0,0,0,0,0
42.5,42.0,43.0,27.3,27.2,27.4,49.0,49.6,48.4,19.7,22.0,17.4,0.145,2.12,0.0686,1.59,2.03,2.38,0.0459,1.33,1.01,0.0361,0.114,0.149,42.6,34.0,97,35,200,49.3,5.33,4.0,3.0,4.33,2.67,4.67,3.67,2.0,5.67,4.33,7.67,2.67,6.33,106.0,0,0,0,0,0,0
31.8,31.4,32.2,31.4,29.4,33.4,32.0,33.0,31.0,20.0,15.8,24.2,0.159,2.27,0.0724,1.79,2.16,2.54,0.0521,1.44,1.1,0.0362,0.12,0.167,35.4,27.0,62,22,200,9.0,6.3,2.3,2.1,2.6,2.3,3.0,3.2,2.4,3.7,3.0,6.5,2.2,3.3,51.9,0,0,0,0,0,0
32.5,33.6,31.4,30.7,29.2,32.2,31.3,31.4,31.2,18.4,19.4,17.4,0.185,2.45,0.0804,1.98,2.32,2.8,0.0572,1.6,1.2,0.0371,0.128,0.177,33.5,26.0,77,20,200,1.9,6.5,2.0,2.0,2.8,3.3,3.1,2.9,2.5,3.0,2.7,6.7,2.6,3.5,45.5,0,0,0,0,0,0
31.2,30.0,32.4,31.0,28.8,33.2,32.9,36.6,29.2,19.4,21.8,17.0,0.206,2.63,0.0852,2.15,2.45,2.99,0.0646,1.7,1.27,0.0364,0.133,0.193,32.0,25.0,64,21,200,2.5,4.6,3.5,3.2,2.1,2.4,3.5,2.7,2.2,2.2,2.8,5.9,2.5,3.8,43.9,0,0,0,0,0,0
32.0,28.6,35.4,30.4,28.6,32.2,31.6,31.8,31.4,19.6,20.0,19.2,0.223,2.81,0.0898,2.37,2.62,3.22,0.0698,1.85,1.37,0.0352,0.139,0.212,31.7,24.0,71,23,200,2.2,6.2,2.7,2.3,2.9,2.0,3.2,2.6,3.3,2.3,2.3,6.4,2.6,4.8,45.8,0,0,0,0,0,0
30.7,32.2,29.2,29.9,28.4,31.4,31.1,28.6,33.6,19.0,15.2,22.8,0.249,2.94,0.0955,2.53,2.76,3.36,0.0743,1.99,1.46,0.0362,0.146,0.223,31.1,23.0,69,20,200,1.9,4.8,2.7,2.7,1.9,3.0,2.4,3.1,2.1,3.3,3.4,6.2,2.3,2.5,42.3,0,0,0,0,0,0
30.7,28.0,33.4,30.0,30.6,29.4,31.9,30.0,33.8,18.7,22.6,14.8,0.265,3.12,0.101,2.7,2.89,3.59,0.0777,2.12,1.55,0.0362,0.148,0.237,30.3,23.0,59,20,200,1.6,4.7,2.4,2.5,1.9,2.6,3.4,2.3,3.5,3.8,2.8,4.8,1.7,4.7,42.7,0,0,0,0,0,0
33.0,32.4,33.6,32.1,29.4,34.8,35.2,33.8,36.6,20.7,19.0,22.4,0.281,3.29,0.106,2.91,2.99,3.8,0.0819,2.21,1.63,0.0362,0.156,0.256,29.8,22.0,64,20,200,1.8,6.0,2.6,2.4,1.6,3.2,2.8,2.6,2.7,3.9,3.3,6.3,1.4,3.2,43.8,0,0,0,0,0,0
33.3,31.0,35.6,30.6,33.4,27.8,33.5,33.8,33.2,18.7,18.2,19.2,0.302,3.47,0.111,3.17,3.19,4.01,0.0903,2.36,1.74,0.0361,0.161,0.273,29.7,22.0,67,22,200,2.8,5.6,2.9,2.2,1.8,3.3,3.6,3.1,2.0,3.5,2.4,6.4,2.4,3.7,45.7,0,0,0,0,0,0
33.8,33.2,34.4,31.5,31.0,32.0,32.2,32.6,31.8,18.7,18.2,19.2,0.337,3.87,0.119,3.52,3.6,4.42,0.0976,2.67,1.93,0.0371,0.173,0.301,29.4,22.0,62,21,200,1.3,5.6,2.7,2.7,2.4,2.6,2.9,3.3,2.8,2.8,3.2,6.1,2.1,4.7,45.2,0,0,0,0,0,0
36.7,36.6,36.8,32.5,30.6,34.4,38.3,38.0,38.6,18.9,20.6,17.2,0.313,3.86,0.114,3.4,3.37,4.29,0.087,2.54,1.82,0.0362,0.169,0.273,38.1,28.0,100,27,300,25.9,8.6,3.8,4.0,4.1,4.6,3.3,2.8,5.5,3.6,4.4,8.6,3.2,6.1,88.5,0,0,0,0,0,0
36.7,36.8,36.6,34.7,35.4,34.0,37.8,40.8,34.8,19.5,20.4,18.6,0.327,4.01,0.116,3.53,3.55,4.44,0.0908,2.62,1.89,0.0372,0.172,0.283,35.1,26.0,70,23,300,3.3,7.0,3.7,4.2,5.6,3.5,3.6,4.8,5.9,3.9,4.5,9.3,3.3,4.6,67.2,0,0,0,0,0,0
35.4,38.4,32.4,34.9,34.8,35.0,38.6,38.0,39.2,19.8,22.8,16.8,0.33,4.16,0.116,3.7,3.63,4.68,0.0946,2.73,1.98,0.0365,0.387,0.297,34.1,26.0,72,24,300,2.7,8.4,4.1,4.0,5.1,4.2,2.7,4.5,3.9,2.5,3.8,9.0,2.9,7.0,64.8,0,0,0,0,0,0
37.5,37.0,38.0,36.9,37.8,36.0,38.0,40.0,36.0,19.6,22.4,16.8,0.328,4.32,0.116,3.82,3.8,4.85,0.0971,2.83,2.06,0.0375,0.393,0.304,33.1,25.0,67,22,300,2.7,6.9,3.9,3.7,4.3,5.0,4.5,4.6,5.1,5.3,3.4,9.2,2.5,4.2,65.3,0,0,0,0,0,0
38.1,41.0,35.2,36.9,37.0,36.8,38.3,36.4,40.2,20.3,23.8,16.8,0.374,4.61,0.13,3.94,4.06,5.07,0.106,2.93,2.14,0.0366,0.396,0.327,32.2,24.0,65,22,300,3.0,8.8,4.5,3.1,3.1,4.0,3.8,2.8,3.4,4.6,4.4,9.0,3.2,7.6,65.3,0,0,0,0,0,0
39.4,42.0,36.8,40.1,41.4,38.8,39.4,37.0,41.8,19.2,15.8,22.6,0.382,4.62,0.133,4.17,4.17,5.32,0.111,3.08,2.26,0.0368,0.4,0.341,31.8,24.0,69,24,300,2.4,8.8,4.1,4.7,4.1,5.0,3.4,4.8,3.7,3.8,3.4,9.6,3.3,6.8,67.9,0,0,0,0,0,0
40.0,38.6,41.4,37.1,38.6,35.6,38.0,41.8,34.2,19.2,18.8,19.6,0.397,4.84,0.134,4.3,4.32,5.55,0.113,3.21,2.38,0.0369,0.407,0.355,31.7,24.0,74,24,300,1.6,9.6,4.7,4.8,5.2,4.7,4.0,2.7,4.0,4.1,4.2,10.1,3.0,5.6,68.3,0,0,0,0,0,0
38.7,39.6,37.8,36.8,35.6,38.0,37.9,36.8,39.0,19.1,21.4,16.8,0.421,5.09,0.143,4.47,4.52,5.75,0.118,3.4,2.43,0.037,0.411,0.377,31.6,24.0,77,22,300,3.5,9.5,3.8,4.3,4.0,3.2,5.5,2.9,4.4,4.3,5.6,9.9,2.8,5.2,68.9,0,0,0,0,0,0
39.2,38.4,40.0,37.0,39.4,34.6,38.3,39.2,37.4,21.3,21.4,21.2,0.475,5.6,0.152,5.02,5.01,6.42,0.13,3.81,2.7,0.037,0.431,0.421,31.6,24.0,73,24,300,3.3,7.6,3.9,2.8,4.3,4.0,4.4,4.4,5.2,3.8,4.0,9.7,3.5,5.0,65.9,0,0,0,0,0,0
42.0,42.8,41.2,40.3,38.2,42.4,41.7,39.0,44.4,19.4,16.4,22.4,0.409,5.37,0.139,4.78,4.68,6.0,0.116,3.62,2.54,0.0382,0.207,0.373,36.9,29.0,92,30,400,40.2,10.5,5.9,4.5,5.7,5.4,5.3,5.6,4.4,4.8,5.2,11.5,3.5,5.4,118.0,0,0,0,0,0,0
42.8,43.0,42.6,38.3,36.4,40.2,41.1,43.4,38.8,19.1,19.4,18.8,0.426,5.54,0.144,4.8,4.95,6.21,0.12,3.6,2.65,0.0363,0.214,0.389,34.9,27.0,77,23,400,4.6,11.9,4.2,6.0,5.2,4.7,6.0,5.4,5.9,4.3,5.2,10.5,3.1,8.4,85.4,0,0,0,0,0,0
41.9,39.4,44.4,39.1,40.0,38.2,44.7,45.0,44.4,18.8,14.6,23.0,0.46,5.59,0.145,4.96,4.97,6.29,0.124,3.81,2.73,0.0383,0.222,0.398,34.0,26.0,78,24,400,4.0,10.5,5.9,5.7,5.9,6.3,6.0,5.4,4.4,5.9,4.8,12.1,3.7,6.2,86.8,0,0,0,0,0,0
41.5,40.0,43.0,37.5,36.6,38.4,43.1,42.2,44.0,20.0,16.4,23.6,0.444,5.67,0.148,5.04,5.07,6.44,0.125,3.94,2.8,0.0364,0.224,0.407,33.3,25.0,73,24,400,3.5,12.1,5.3,6.4,6.0,4.5,5.9,5.6,5.6,4.5,5.1,11.7,3.4,6.8,86.4,0,0,0,0,0,0
43.3,45.6,41.0,41.0,39.0,43.0,44.1,44.6,43.6,19.5,18.0,21.0,0.447,5.87,0.149,5.13,5.23,6.66,0.127,3.95,2.88,0.0373,0.228,0.414,33.5,25.0,80,25,400,4.0,10.6,5.9,6.9,5.5,5.4,5.2,4.0,5.4,5.7,5.9,10.9,4.1,9.0,88.5,0,0,0,0,0,0
44.7,44.6,44.8,39.0,38.6,39.4,42.5,42.2,42.8,19.6,17.4,21.8,0.458,6.04,0.154,5.36,5.4,6.93,0.13,4.0,2.93,0.0371,0.236,0.417,33.4,25.0,72,25,400,4.4,12.0,5.7,5.4,4.5,4.0,6.1,5.9,6.7,4.1,5.1,12.1,3.7,9.4,89.1,0,0,0,0,0,0
41.3,39.2,43.4,36.7,36.4,37.0,41.3,41.0,41.6,20.1,16.6,23.6,0.481,6.1,0.156,5.52,5.52,7.03,0.138,4.09,3.04,0.0374,0.238,0.438,33.2,25.0,75,25,400,3.6,11.0,5.7,5.0,6.0,5.4,5.1,6.2,5.5,5.6,6.2,12.4,4.2,6.5,88.4,0,0,0,0,0,0
44.2,45.4,43.0,37.7,36.8,38.6,43.8,44.2,43.4,20.9,23.2,18.6,0.483,6.3,0.159,5.58,5.71,7.23,0.141,4.2,3.07,0.0383,0.243,0.447,33.1,25.0,73,25,400,4.7,9.7,6.0,5.8,4.9,4.4,6.2,6.7,4.7,4.5,4.6,10.4,3.6,7.7,83.9,0,0,0,0,0,0
42.9,43.0,42.8,38.6,39.2,38.0,42.7,41.4,44.0,19.1,15.4,22.8,0.531,6.94,0.172,6.14,6.27,8.1,0.157,4.68,3.41,0.0373,0.263,0.493,33.0,25.0,73,26,400,3.3,13.3,4.6,6.0,5.4,6.4,5.4,5.5,5.0,5.9,4.7,10.7,3.2,7.6,87.0,0,0,0,0,0,0
45.1,45.8,44.4,28.9,27.0,30.8,51.0,50.2,51.8,19.6,15.4,23.8,0.146,2.05,0.072,1.79,1.79,2.34,0.0468,1.31,0.96,0.0367,0.113,0.141,42.0,35.0,89,33,200,43.3,6.0,2.33,3.33,2.33,3.67,5.33,2.0,3.33,3.0,2.67,6.0,1.33,5.67,90.3,0,0,0,0,0,0
31.5,33.0,30.0,29.1,31.6,26.6,30.8,33.8,27.8,20.3,17.4,23.2,0.17,2.21,0.0781,1.94,1.94,2.52,0.0534,1.43,1.06,0.0376,0.117,0.158,35.9,28.0,69,22,200,10.1,5.6,2.5,1.9,3.2,3.3,2.6,2.8,3.0,3.1,2.5,5.8,2.1,4.5,53.0,0,0,0,0,0,0
31.6,29.0,34.2,30.0,27.2,32.8,32.1,34.0,30.2,19.7,22.2,17.2,0.173,2.36,0.0793,2.06,2.11,2.75,0.0535,1.53,1.12,0.0375,0.12,0.17,33.4,26.0,64,21,200,2.2,5.9,3.9,2.8,2.6,2.3,2.6,2.1,2.2,2.1,2.9,4.8,1.6,4.6,42.6,0,0,0,0,0,0
32.8,34.0,31.6,29.2,27.4,31.0,32.8,32.4,33.2,21.0,23.4,18.6,0.187,2.55,0.0831,2.17,2.33,2.92,0.0578,1.63,1.21,0.0368,0.126,0.18,32.1,24.0,70,21,200,2.3,6.0,2.6,2.0,3.4,2.4,1.9,2.2,2.5,2.3,2.7,4.9,1.4,3.4,40.0,0,0,0,0,0,0
33.4,31.2,35.6,30.3,30.8,29.8,33.6,35.2,32.0,18.8,19.2,18.4,0.2,2.74,0.0867,2.33,2.5,3.07,0.0616,1.76,1.27,0.0369,0.131,0.191,31.6,24.0,73,20,200,2.1,6.1,1.6,3.2,3.4,2.3,2.7,2.3,2.5,3.1,2.9,5.3,2.0,4.6,44.1,0,0,0,0,0,0
36.1,33.4,38.8,29.3,31.2,27.4,33.9,35.2,32.6,18.8,17.8,19.8,0.213,2.91,0.0909,2.51,2.66,3.35,0.0656,1.89,1.36,0.0368,0.136,0.205,31.2,23.0,68,22,200,1.4,4.6,3.4,2.7,2.2,2.6,2.6,2.6,3.3,3.0,2.6,5.1,1.9,5.1,43.1,0,0,0,0,0,0
32.6,29.8,35.4,32.7,31.2,34.2,31.9,32.6,31.2,20.0,17.2,22.8,0.234,3.09,0.0963,2.63,2.9,3.55,0.0678,2.0,1.47,0.0377,0.144,0.225,30.6,23.0,64,21,200,1.8,6.6,3.6,2.9,2.7,3.1,2.1,1.7,3.4,2.3,2.6,6.5,2.3,3.7,45.3,0,0,0,0,0,0
34.0,31.4,36.6,30.7,29.0,32.4,32.4,32.8,32.0,19.8,23.0,16.6,0.253,3.25,0.0976,2.76,3.02,3.73,0.073,2.13,1.55,0.0377,0.15,0.238,30.4,23.0,66,22,200,1.1,5.1,2.3,2.9,3.3,3.0,3.6,2.9,2.5,2.3,2.6,6.7,2.1,3.7,44.1,0,0,0,0,0,0
32.9,34.2,31.6,31.0,29.8,32.2,33.3,33.2,33.4,19.0,18.0,20.0,0.278,3.43,0.106,2.96,3.29,4.06,0.0813,2.28,1.63,0.0377,0.156,0.261,30.3,23.0,68,22,200,1.9,6.2,2.3,3.3,2.6,1.9,2.8,2.7,2.8,2.7,2.4,6.2,2.6,4.4,44.8,0,0,0,0,0,0
32.3,30.8,33.8,29.8,31.6,28.0,31.6,28.8,34.4,19.8,22.0,17.6,0.312,3.79,0.114,3.27,3.61,4.45,0.0879,2.58,1.85,0.0378,0.169,0.285,30.0,23.0,59,21,200,1.5,6.4,3.3,2.6,3.0,3.1,2.6,2.6,2.3,2.7,3.0,6.1,2.0,4.1,45.3,0,0,0,0,0,0
39.0,38.4,39.6,35.7,36.0,35.4,38.4,37.0,39.8,19.1,20.4,17.8,0.326,3.72,0.114,3.27,3.38,4.42,0.0912,2.48,1.8,0.0392,0.167,0.273,36.4,27.0,94,28,300,27.0,8.7,4.3,3.5,3.8,4.2,4.4,5.1,4.3,3.8,3.9,8.3,2.9,5.7,89.9,0,0,0,0,0,0
37.0,36.2,37.8,34.4,33.8,35.0,37.6,35.6,39.6,19.8,23.0,16.6,0.328,3.94,0.118,3.52,3.44,4.56,0.0909,2.61,1.85,0.038,0.172,0.288,34.4,26.0,78,22,300,2.6,10.0,3.9,3.7,3.5,3.4,4.9,3.3,4.4,4.6,4.3,10.5,3.0,6.2,68.3,0,0,0,0,0,0
36.8,35.6,38.0,36.2,34.0,38.4,39.6,38.6,40.6,20.3,19.8,20.8,0.333,4.04,0.117,3.72,3.56,4.82,0.0931,2.74,1.96,0.0378,0.38,0.304,32.7,24.0,63,22,300,1.8,8.6,4.3,3.8,4.7,4.8,3.7,4.4,5.0,4.0,4.2,7.9,2.2,5.6,65.0,0,0,0,0,0,0
37.6,40.8,34.4,36.5,38.2,34.8,40.0,37.4,42.6,19.2,21.4,17.0,0.334,4.27,0.12,3.98,3.63,4.95,0.0959,2.88,2.02,0.0371,0.38,0.317,31.7,24.0,69,21,300,3.4,10.1,4.4,4.1,4.3,4.4,2.4,4.1,4.0,3.4,4.0,8.0,2.4,5.6,64.6,0,0,0,0,0,0
36.1,34.8,37.4,34.9,34.6,35.2,35.3,35.6,35.0,19.8,18.2,21.4,0.352,4.39,0.123,4.15,3.76,5.08,0.0971,3.01,2.13,0.039,0.387,0.323,31.1,23.0,68,21,300,2.9,7.8,4.8,4.3,5.3,4.2,4.1,3.3,4.4,4.6,5.4,8.7,3.3,5.1,68.2,0,0,0,0,0,0
36.5,37.4,35.6,35.1,35.6,34.6,39.6,38.4,40.8,20.7,20.6,20.8,0.35,4.54,0.127,4.31,3.82,5.28,0.101,3.11,2.21,0.039,0.392,0.338,30.7,23.0,71,20,300,2.7,9.6,4.6,3.8,4.8,4.2,3.0,3.8,4.1,3.9,3.6,7.2,2.2,3.8,61.3,0,0,0,0,0,0
36.5,34.6,38.4,36.0,38.0,34.0,38.9,37.8,40.0,19.2,20.0,18.4,0.355,4.68,0.124,4.53,3.89,5.43,0.101,3.22,2.25,0.0379,0.397,0.337,30.4,23.0,64,22,300,3.3,7.5,3.5,4.3,4.4,4.7,3.9,4.5,4.0,4.8,4.3,9.2,3.6,4.5,66.5,0,0,0,0,0,0
37.4,37.0,37.8,36.1,37.0,35.2,38.0,39.4,36.6,19.4,15.6,23.2,0.375,4.81,0.133,4.75,4.01,5.61,0.105,3.29,2.37,0.0368,0.402,0.356,30.2,23.0,71,21,300,2.8,6.8,4.4,3.3,4.0,4.3,5.2,4.0,3.6,4.9,3.7,8.1,2.4,6.1,63.6,0,0,0,0,0,0
38.1,36.4,39.8,34.7,35.0,34.4,40.9,39.8,42.0,19.4,18.6,20.2,0.417,5.33,0.142,5.33,4.43,6.13,0.118,3.66,2.61,0.0368,0.416,0.4,30.3,22.0,77,22,300,3.5,9.1,5.0,5.5,2.9,3.9,5.1,4.1,4.7,3.3,4.4,8.8,3.1,4.9,68.3,0,0,0,0,0,0
40.9,43.0,38.8,39.8,41.8,37.8,39.1,42.2,36.0,19.4,18.2,20.6,0.393,5.2,0.135,4.83,4.39,5.84,0.113,3.47,2.42,0.0365,0.279,0.366,41.3,31.0,100,35,400,42.6,9.8,6.4,5.1,5.8,4.1,5.3,4.8,4.9,6.4,5.7,10.6,4.3,7.5,123.0,0,0,0,0,0,0
43.7,46.6,40.8,39.0,37.2,40.8,40.5,39.8,41.2,21.4,18.8,24.0,0.407,5.17,0.134,4.81,4.68,6.12,0.114,3.57,2.5,0.0363,0.206,0.372,38.0,29.0,76,26,400,3.7,10.8,6.1,4.9,4.9,5.3,4.6,5.4,5.5,5.2,4.4,9.9,3.0,6.7,80.4,0,0,0,0,0,0
43.4,44.4,42.4,39.7,36.6,42.8,40.5,42.4,38.6,19.5,19.2,19.8,0.402,5.36,0.142,4.74,4.96,6.2,0.114,3.65,2.6,0.0379,0.21,0.387,36.7,28.0,75,26,400,3.6,13.4,5.7,6.2,6.2,6.3,5.0,4.5,5.3,5.3,5.5,12.4,3.4,8.3,91.1,0,0,0,0,0,0
42.1,44.6,39.6,39.9,38.8,41.0,43.6,44.4,42.8,19.6,17.2,22.0,0.448,5.44,0.149,4.93,5.17,6.55,0.125,3.76,2.67,0.0367,0.216,0.401,35.7,27.0,78,24,400,4.2,12.8,5.4,4.5,6.0,4.7,5.7,5.3,5.4,6.2,5.5,10.5,4.2,6.1,86.5,0,0,0,0,0,0
43.0,40.2,45.8,39.9,42.4,37.4,41.3,41.2,41.4,19.3,21.6,17.0,0.445,5.63,0.149,4.89,5.4,6.67,0.126,3.82,2.76,0.0371,0.22,0.408,35.6,27.0,82,26,400,3.9,11.7,6.0,4.5,5.6,4.8,6.6,4.7,5.3,4.8,6.5,12.1,3.8,6.3,86.6,0,0,0,0,0,0
42.9,41.8,44.0,38.8,39.0,38.6,41.0,39.2,42.8,19.4,17.8,21.0,0.482,5.83,0.157,4.93,5.67,7.0,0.148,3.97,2.83,0.0363,0.224,0.423,34.7,27.0,68,23,400,4.3,13.4,5.8,5.0,5.0,6.5,5.6,4.1,4.7,5.6,5.1,10.4,3.9,6.5,85.9,0,0,0,0,0,0
43.7,44.0,43.4,40.8,42.8,38.8,42.9,41.8,44.0,19.8,21.0,18.6,0.482,5.87,0.161,5.02,5.9,7.03,0.152,4.02,2.92,0.0375,0.23,0.437,34.2,26.0,69,24,400,3.5,10.2,5.2,5.9,6.4,5.4,5.5,5.6,5.3,5.8,6.0,10.9,3.8,6.8,86.3,0,0,0,0,0,0
43.1,45.0,41.2,41.2,39.8,42.6,42.8,38.8,46.8,19.7,22.2,17.2,0.524,6.14,0.17,5.05,6.14,7.34,0.164,4.22,3.04,0.0384,0.234,0.456,34.1,26.0,78,26,400,3.8,10.8,5.9,6.0,4.4,6.7,5.9,6.2,4.0,4.9,7.5,13.9,5.3,6.0,91.3,0,0,0,0,0,0
44.9,46.0,43.8,41.6,43.2,40.0,41.5,39.6,43.4,21.7,18.0,25.4,0.613,6.66,0.193,5.57,6.81,8.17,0.187,4.67,3.33,0.0372,0.254,0.509,34.2,26.0,79,25,400,4.5,10.3,5.0,4.3,5.3,7.1,6.9,6.0,5.0,5.4,5.2,12.1,5.0,7.3,89.4,0,0,0,0,0,0
45.4,44.2,46.6,26.7,26.4,27.0,51.7,51.4,52.0,18.9,21.4,16.4,0.174,2.13,0.0773,1.82,1.87,2.43,0.0541,1.38,0.998,0.0383,0.117,0.164,39.9,33.0,86,32,200,40.0,5.0,3.0,3.67,2.33,2.33,3.67,3.67,2.33,2.67,3.67,6.67,2.33,4.0,85.3,0,0,0,0,0,0
32.1,30.0,34.2,31.1,28.8,33.4,33.1,34.6,31.6,20.8,22.0,19.6,0.199,2.31,0.0858,1.99,2.05,2.65,0.0635,1.5,1.06,0.0382,0.123,0.178,33.6,27.0,63,21,200,10.2,5.8,3.3,1.7,3.7,3.2,3.3,2.1,3.3,4.1,3.5,6.1,2.4,3.1,55.8,0,0,0,0,0,0
32.2,30.8,33.6,32.5,30.6,34.4,31.7,34.2,29.2,20.7,19.6,21.8,0.212,2.45,0.0865,2.13,2.2,2.87,0.0649,1.6,1.18,0.0371,0.129,0.185,31.4,24.0,67,21,200,1.8,5.5,3.6,2.6,2.4,2.8,2.2,3.5,2.5,2.2,3.0,6.2,2.1,3.5,43.9,0,0,0,0,0,0
33.0,31.6,34.4,29.6,26.8,32.4,32.2,30.4,34.0,19.1,23.0,15.2,0.214,2.61,0.0908,2.3,2.38,3.05,0.0679,1.75,1.29,0.037,0.134,0.202,30.4,23.0,63,21,200,1.6,5.6,2.9,3.1,2.8,2.9,3.2,3.0,3.1,3.1,2.2,5.9,2.1,4.7,46.2,0,0,0,0,0,0
34.5,33.8,35.2,30.3,29.8,30.8,32.4,34.4,30.4,18.5,20.4,16.6,0.242,2.78,0.0963,2.47,2.57,3.22,0.0744,1.85,1.36,0.037,0.138,0.211,30.2,23.0,69,22,200,1.8,5.1,2.8,3.3,2.6,2.8,3.2,2.2,3.1,2.6,3.3,5.7,2.1,4.1,44.7,0,0,0,0,0,0
30.8,31.2,30.4,30.5,32.0,29.0,31.9,34.4,29.4,21.5,22.8,20.2,0.256,2.89,0.0966,2.6,2.72,3.41,0.0746,1.98,1.45,0.0372,0.144,0.219,29.5,22.0,64,19,200,1.3,4.0,2.2,3.6,2.7,3.5,3.0,3.1,2.8,2.8,3.0,6.1,2.2,3.4,43.7,0,0,0,0,0,0
33.3,35.8,30.8,29.0,30.0,28.0,32.2,33.2,31.2,18.4,20.6,16.2,0.27,3.09,0.102,2.74,2.85,3.61,0.0799,2.13,1.52,0.0373,0.145,0.233,29.5,23.0,65,24,200,1.9,5.2,2.8,2.8,2.7,2.5,2.8,3.4,3.8,3.0,2.6,5.7,2.4,3.5,45.1,0,0,0,0,0,0
30.7,28.8,32.6,31.7,32.4,31.0,32.2,28.8,35.6,20.0,18.6,21.4,0.282,3.24,0.107,2.88,3.0,3.76,0.0815,2.21,1.59,0.0364,0.153,0.244,29.1,22.0,66,20,200,2.1,5.7,2.3,2.5,3.7,3.2,2.0,1.9,2.4,2.2,3.0,6.1,2.1,5.2,44.4,0,0,0,0,0,0
32.2,30.2,34.2,29.8,32.6,27.0,31.2,30.2,32.2,20.1,22.0,18.2,0.298,3.4,0.111,3.04,3.23,3.99,0.0855,2.38,1.7,0.0374,0.157,0.258,28.9,22.0,66,21,200,1.7,6.5,4.4,2.8,2.3,3.2,3.2,2.4,3.5,1.8,1.5,5.8,2.0,3.6,44.7,0,0,0,0,0,0
32.9,31.8,34.0,30.5,29.0,32.0,31.4,30.8,32.0,19.0,21.6,16.4,0.321,3.74,0.116,3.35,3.57,4.43,0.0932,2.62,1.89,0.0372,0.167,0.286,29.0,22.0,70,21,200,1.7,5.2,3.4,2.5,3.3,2.2,2.6,2.8,2.9,2.4,2.9,4.6,1.6,4.6,42.7,0,0,0,0,0,0
37.3,34.8,39.8,35.7,37.6,33.8,37.0,37.8,36.2,19.3,20.4,18.2,0.298,3.77,0.108,3.31,3.36,4.24,0.094,2.43,1.78,0.0372,0.159,0.268,38.7,28.0,110,30,300,27.0,11.2,4.6,3.5,4.4,4.8,3.2,2.9,3.5,3.5,3.4,8.2,2.9,5.4,88.5,0,0,0,0,0,0
37.3,37.2,37.4,33.7,34.4,33.0,37.3,35.2,39.4,20.7,20.4,21.0,0.289,3.91,0.111,3.51,3.45,4.33,0.0927,2.49,1.82,0.0384,0.162,0.276,35.2,26.0,68,21,300,2.7,8.8,2.7,3.8,4.0,3.5,4.9,4.0,3.4,3.9,4.8,7.2,1.9,6.1,61.7,0,0,0,0,0,0
36.6,35.8,37.4,33.8,34.6,33.0,37.9,37.2,38.6,19.0,19.4,18.6,0.301,4.07,0.111,3.65,3.49,4.51,0.0944,2.68,1.92,0.0372,0.394,0.294,33.5,25.0,72,21,300,3.4,9.1,4.3,4.4,4.3,4.6,5.0,2.9,3.1,4.2,3.9,8.0,2.6,6.0,65.8,0,0,0,0,0,0
35.4,35.4,35.4,35.2,33.0,37.4,36.4,38.0,34.8,19.5,15.6,23.4,0.3,4.2,0.112,3.89,3.57,4.72,0.0932,2.75,2.0,0.0384,0.396,0.298,32.4,24.0,64,21,300,2.4,9.7,3.5,5.4,3.6,5.1,3.7,5.2,4.3,2.9,3.4,8.1,2.7,5.6,65.6,0,0,0,0,0,0
36.8,37.0,36.6,34.8,37.4,32.2,38.2,38.0,38.4,18.9,16.8,21.0,0.297,4.37,0.112,4.04,3.65,4.93,0.094,2.86,2.06,0.0364,0.402,0.302,32.1,24.0,74,22,300,1.8,8.6,4.0,4.7,4.0,4.1,3.5,4.6,4.0,5.1,4.3,6.7,2.2,5.8,63.4,0,0,0,0,0,0
36.2,38.6,33.8,35.5,34.4,36.6,37.9,38.0,37.8,20.7,20.0,21.4,0.305,4.49,0.117,4.2,3.74,5.03,0.0976,2.98,2.16,0.0384,0.408,0.317,31.6,23.0,78,21,300,3.9,8.9,4.2,4.9,3.6,3.5,4.4,3.1,4.1,4.7,4.0,8.7,2.6,4.7,65.3,0,0,0,0,0,0
36.5,36.6,36.4,33.2,34.6,31.8,39.6,38.6,40.6,19.2,17.8,20.6,0.344,4.65,0.125,4.52,3.89,5.33,0.106,3.12,2.26,0.0376,0.415,0.338,31.2,23.0,68,22,300,3.0,7.8,4.5,4.1,4.3,4.5,4.0,4.5,4.0,4.3,4.3,10.1,3.9,4.9,68.2,0,0,0,0,0,0
36.5,34.2,38.8,33.6,32.2,35.0,39.9,37.6,42.2,19.0,17.6,20.4,0.369,4.84,0.132,4.72,3.97,5.45,0.113,3.31,2.39,0.0367,0.42,0.361,30.9,23.0,69,21,300,3.2,8.9,3.6,4.7,4.2,3.0,3.7,4.4,4.6,4.3,3.4,8.8,3.2,5.7,65.7,0,0,0,0,0,0
36.0,35.0,37.0,35.1,32.2,38.0,39.1,39.2,39.0,20.2,19.0,21.4,0.406,5.36,0.144,5.17,4.45,6.04,0.123,3.67,2.64,0.0368,0.435,0.394,30.7,23.0,68,22,300,2.5,8.9,4.3,4.4,4.1,5.0,3.8,3.7,4.2,3.3,5.0,8.4,2.9,5.8,66.3,0,0,0,0,0,0
42.1,39.4,44.8,38.3,39.0,37.6,41.8,42.2,41.4,19.4,21.6,17.2,0.416,5.35,0.144,4.97,4.28,5.82,0.121,3.5,2.47,0.0365,0.313,0.369,36.2,28.0,91,29,400,42.0,11.8,3.9,5.6,3.8,6.0,4.6,5.1,5.9,4.8,4.8,9.5,3.4,7.7,119.0,0,0,0,0,0,0
43.4,42.8,44.0,38.2,40.4,36.0,42.9,43.4,42.4,19.1,21.0,17.2,0.434,5.43,0.147,5.08,4.42,5.97,0.125,3.65,2.55,0.0365,0.213,0.384,34.1,26.0,72,23,400,6.3,11.5,4.8,7.1,5.0,4.4,5.2,5.4,5.7,4.1,5.5,11.5,4.5,8.0,89.0,0,0,0,0,0,0
40.3,40.6,40.0,37.6,37.2,38.0,43.5,42.4,44.6,19.7,19.4,20.0,0.459,5.62,0.154,5.31,4.52,6.2,0.13,3.76,2.65,0.0366,0.218,0.402,32.7,25.0,68,22,400,3.3,9.6,5.3,6.0,5.7,6.3,5.6,5.1,6.5,6.0,4.5,12.1,3.8,7.6,87.4,0,0,0,0,0,0
43.5,44.4,42.6,39.5,37.6,41.4,43.0,42.0,44.0,20.0,18.6,21.4,0.489,5.87,0.159,5.44,4.66,6.43,0.136,3.87,2.71,0.0375,0.22,0.412,32.4,25.0,72,23,400,2.9,11.7,6.5,4.9,4.2,6.4,5.9,5.8,6.1,6.1,4.7,11.6,3.3,6.7,86.8,0,0,0,0,0,0
41.6,41.8,41.4,38.3,35.8,40.8,44.7,45.2,44.2,19.4,23.2,15.6,0.479,5.96,0.159,5.51,4.82,6.68,0.138,3.98,2.81,0.0384,0.224,0.419,32.2,25.0,72,24,400,3.9,11.7,6.3,4.7,6.0,5.6,5.3,5.6,5.2,5.1,7.5,12.2,3.5,7.2,89.8,0,0,0,0,0,0
41.7,44.2,39.2,37.7,38.8,36.6,44.4,44.0,44.8,19.5,22.4,16.6,0.488,6.06,0.165,5.83,4.99,6.86,0.143,4.08,2.85,0.0385,0.229,0.43,31.9,25.0,69,24,400,3.4,10.7,5.3,5.9,5.6,5.5,6.1,4.2,6.9,6.6,5.8,12.4,4.6,7.9,90.9,0,0,0,0,0,0
41.4,40.6,42.2,37.8,36.6,39.0,41.6,44.6,38.6,20.0,16.8,23.2,0.51,6.17,0.169,5.92,5.18,7.02,0.148,4.14,2.94,0.0386,0.235,0.438,31.7,24.0,71,22,400,4.6,9.7,5.6,5.1,4.7,5.4,5.5,6.0,6.0,5.5,5.3,10.3,3.8,7.4,84.9,0,0,0,0,0,0
40.7,41.8,39.6,39.9,39.6,40.2,43.6,42.0,45.2,18.3,14.6,22.0,0.527,6.34,0.171,6.09,5.26,7.24,0.153,4.31,3.02,0.0378,0.239,0.45,31.9,24.0,83,26,400,3.9,10.9,5.1,5.9,5.6,5.8,5.3,5.7,6.5,4.3,6.7,12.5,5.2,7.3,90.7,0,0,0,0,0,0
41.3,45.2,37.4,37.1,39.8,34.4,43.4,43.8,43.0,20.7,20.0,21.4,0.585,6.92,0.188,6.7,5.88,8.11,0.169,4.7,3.34,0.0378,0.259,0.5,32.1,25.0,79,24,400,4.4,11.6,7.0,5.0,4.1,5.3,5.3,6.2,5.5,5.0,5.3,12.0,3.7,7.6,88.0,0,0,0,0,0,0
42.5,42.6,42.4,29.0,32.0,26.0,53.7,52.4,55.0,19.2,17.8,20.6,0.172,2.11,0.0784,1.86,1.81,2.42,0.0511,1.35,1.0,0.0367,0.114,0.153,39.5,32.0,86,31,200,43.0,9.67,3.33,2.67,2.67,3.0,3.33,3.33,2.67,2.67,2.67,6.33,2.0,3.67,91.0,0,0,0,0,0,0
30.2,28.0,32.4,30.9,30.4,31.4,32.6,32.6,32.6,19.4,16.8,22.0,0.194,2.26,0.0811,2.08,1.9,2.59,0.0562,1.47,1.09,0.0359,0.117,0.166,33.7,26.0,66,19,200,9.1,5.4,3.2,2.8,2.6,2.9,2.4,2.3,3.2,3.1,2.9,5.6,2.1,5.3,52.9,0,0,0,0,0,0
30.2,32.4,28.0,29.8,32.0,27.6,33.1,33.8,32.4,20.2,20.2,20.2,0.19,2.37,0.0825,2.26,1.97,2.75,0.0578,1.56,1.16,0.0366,0.122,0.179,31.6,24.0,72,19,200,1.8,4.8,2.0,2.2,2.2,2.2,2.9,2.9,3.2,3.3,3.0,6.5,2.1,2.7,41.8,0,0,0,0,0,0
31.1,30.0,32.2,31.0,30.8,31.2,34.3,33.8,34.8,20.4,17.8,23.0,0.206,2.52,0.0868,2.55,2.04,2.95,0.0616,1.67,1.25,0.0366,0.128,0.19,30.1,23.0,64,19,200,2.2,6.5,2.5,3.8,2.1,2.2,2.9,2.9,2.4,3.4,2.2,5.2,1.4,4.0,43.7,0,0,0,0,0,0
29.9,28.0,31.8,32.8,34.0,31.6,33.5,36.2,30.8,19.8,15.4,24.2,0.209,2.76,0.0871,2.78,2.14,3.17,0.0644,1.81,1.34,0.0376,0.134,0.203,29.3,22.0,61,20,200,2.3,5.4,3.4,2.2,2.5,2.6,2.7,3.4,2.8,3.0,2.8,6.0,1.4,4.5,45.0,0,0,0,0,0,0
30.1,33.0,27.2,30.9,32.2,29.6,33.3,35.0,31.6,18.4,17.0,19.8,0.221,2.96,0.0908,3.03,2.19,3.35,0.0669,1.94,1.4,0.0356,0.139,0.214,29.1,22.0,68,19,200,1.6,4.3,3.9,2.6,3.7,1.6,3.1,2.2,2.0,2.0,2.9,5.6,2.6,4.7,42.8,0,0,0,0,0,0
31.0,30.0,32.0,30.2,30.6,29.8,32.6,35.4,29.8,19.7,20.0,19.4,0.24,3.14,0.0949,3.21,2.34,3.49,0.0696,2.04,1.48,0.0364,0.143,0.23,28.9,21.0,69,20,200,2.7,5.2,2.9,3.1,2.7,2.4,2.9,3.0,2.6,2.7,3.1,6.1,1.8,3.2,44.4,0,0,0,0,0,0
30.1,29.4,30.8,31.7,30.6,32.8,32.7,32.2,33.2,19.1,16.6,21.6,0.268,3.31,0.0999,3.5,2.4,3.69,0.0763,2.2,1.59,0.0365,0.15,0.246,28.6,21.0,61,20,200,1.8,6.4,3.0,2.8,2.7,2.9,2.2,2.7,3.8,2.5,3.3,6.7,1.8,3.4,46.0,0,0,0,0,0,0
32.0,32.2,31.8,30.0,31.8,28.2,31.7,30.0,33.4,20.5,22.0,19.0,0.27,3.49,0.101,3.69,2.52,3.97,0.0784,2.28,1.64,0.0363,0.154,0.259,28.4,21.0,64,20,200,2.4,5.4,2.2,2.9,2.9,2.9,2.7,2.2,2.9,3.2,2.8,5.1,2.1,2.9,42.6,0,0,0,0,0,0
30.6,32.0,29.2,30.4,29.4,31.4,34.3,33.0,35.6,18.5,20.6,16.4,0.301,3.86,0.111,4.16,2.77,4.34,0.0852,2.57,1.84,0.0373,0.167,0.292,28.1,21.0,60,18,200,1.6,5.1,2.8,2.3,2.8,3.6,2.8,2.6,2.1,2.7,3.0,7.9,1.9,3.3,44.5,0,0,0,0,0,0
36.3,36.6,36.0,34.0,30.4,37.6,38.7,37.8,39.6,19.1,16.8,21.4,0.282,3.81,0.105,3.98,2.79,4.27,0.082,2.51,1.73,0.036,0.163,0.274,36.6,27.0,93,26,300,25.2,8.0,4.5,5.0,4.1,4.2,3.3,4.4,3.2,5.8,4.4,10.0,2.9,4.9,89.9,0,0,0,0,0,0
36.7,39.8,33.6,35.1,36.4,33.8,37.3,37.2,37.4,18.5,22.0,15.0,0.296,3.94,0.109,4.07,2.99,4.44,0.0873,2.63,1.85,0.036,0.168,0.287,34.0,25.0,69,21,300,3.0,8.8,4.7,5.6,3.8,3.3,4.4,4.8,5.1,3.9,3.5,8.8,2.6,5.9,68.2,0,0,0,0,0,0
37.3,36.8,37.8,34.9,35.2,34.6,38.5,34.6,42.4,19.0,18.2,19.8,0.307,4.06,0.113,4.16,3.18,4.62,0.0899,2.76,1.97,0.0352,0.387,0.302,32.6,24.0,67,22,300,3.2,9.7,3.8,3.8,3.6,3.7,4.2,5.0,3.9,4.2,4.3,8.9,3.3,4.9,66.5,0,0,0,0,0,0
37.9,38.8,37.0,36.7,34.6,38.8,39.9,39.6,40.2,20.6,24.2,17.0,0.323,4.2,0.119,4.29,3.36,4.8,0.0949,2.88,2.03,0.037,0.392,0.317,31.8,24.0,66,22,300,2.9,9.6,3.9,5.0,4.7,3.8,4.6,4.0,3.8,3.8,3.8,7.8,2.6,5.8,66.1,0,0,0,0,0,0
36.2,37.8,34.6,33.3,33.4,33.2,38.8,37.8,39.8,18.6,20.4,16.8,0.334,4.38,0.125,4.32,3.55,5.01,0.101,3.01,2.13,0.0351,0.399,0.327,31.4,24.0,71,23,300,2.8,7.9,4.4,4.3,4.7,5.0,4.2,3.4,4.5,4.3,4.4,9.9,3.2,5.1,68.1,0,0,0,0,0,0
35.8,40.4,31.2,34.5,33.0,36.0,38.7,36.4,41.0,19.6,16.6,22.6,0.353,4.57,0.127,4.53,3.79,5.2,0.101,3.15,2.21,0.0353,0.401,0.338,30.9,23.0,71,20,300,2.8,8.8,5.1,4.3,3.3,3.8,5.2,4.8,3.7,3.7,4.6,8.4,3.1,6.1,67.7,0,0,0,0,0,0
36.5,37.8,35.2,33.9,31.4,36.4,36.4,34.8,38.0,17.9,15.8,20.0,0.357,4.63,0.129,4.61,3.9,5.43,0.105,3.25,2.27,0.037,0.405,0.345,30.7,23.0,70,21,300,2.8,9.0,3.8,3.1,3.7,5.6,3.6,3.6,3.6,4.3,4.4,8.1,2.2,5.1,62.9,0,0,0,0,0,0
36.3,35.0,37.6,35.0,35.2,34.8,38.4,38.6,38.2,19.2,21.8,16.6,0.38,4.8,0.134,4.78,4.16,5.59,0.111,3.38,2.36,0.0353,0.412,0.365,30.5,23.0,71,21,300,2.8,8.9,5.1,4.7,4.2,4.8,4.3,4.2,3.7,3.8,3.4,8.9,2.9,4.8,66.5,0,0,0,0,0,0
37.7,37.4,38.0,34.8,33.0,36.6,41.5,42.4,40.6,19.1,20.4,17.8,0.425,5.42,0.144,5.22,4.64,6.27,0.121,3.78,2.6,0.0362,0.429,0.401,30.4,23.0,64,22,300,2.7,7.9,4.6,3.2,3.8,5.2,4.0,3.2,3.6,4.0,4.1,8.6,2.6,5.3,62.8,0,0,0,0,0,0
38.0,41.8,34.2,41.8,40.6,43.0,41.6,42.2,41.0,20.0,20.8,19.2,0.387,5.31,0.133,5.04,4.28,5.84,0.104,3.5,2.46,0.0372,0.418,0.361,35.6,28.0,88,29,400,40.9,9.2,6.3,4.7,4.9,4.9,4.2,5.0,5.8,4.9,5.6,10.3,2.8,7.7,117.0,0,0,0,0,0,0
43.6,45.4,41.8,40.9,43.6,38.2,44.7,46.0,43.4,21.1,19.4,22.8,0.412,5.47,0.14,5.23,4.51,6.04,0.113,3.61,2.48,0.0362,0.21,0.372,33.7,26.0,73,23,400,2.7,10.4,5.9,5.7,4.9,5.8,4.8,5.5,5.7,6.8,4.4,11.9,3.9,8.3,86.7,0,0,0,0,0,0
43.8,44.2,43.4,42.5,43.2,41.8,44.3,45.6,43.0,19.9,20.6,19.2,0.423,5.58,0.142,5.17,4.6,6.32,0.117,3.78,2.57,0.0363,0.215,0.379,33.3,25.0,76,23,400,3.6,12.6,6.1,5.0,5.9,5.7,6.1,4.8,5.8,5.4,6.0,11.3,3.3,7.2,88.8,0,0,0,0,0,0
41.7,42.6,40.8,38.4,38.2,38.6,42.7,44.8,40.6,20.4,23.0,17.8,0.424,5.84,0.141,5.39,4.7,6.51,0.118,3.82,2.64,0.0371,0.216,0.388,33.1,25.0,77,26,400,3.5,11.2,5.7,5.6,6.3,4.4,5.6,4.1,6.4,6.6,6.1,10.7,3.5,9.3,89.0,0,0,0,0,0,0
39.3,40.6,38.0,38.2,39.2,37.2,41.5,43.0,40.0,20.4,21.0,19.8,0.446,5.96,0.149,5.58,4.83,6.61,0.122,3.92,2.74,0.0361,0.217,0.401,32.6,25.0,72,22,400,4.6,11.2,4.1,5.1,5.1,5.1,4.7,5.0,6.3,5.4,5.0,10.7,4.4,9.6,86.3,0,0,0,0,0,0
41.8,41.2,42.4,39.2,38.2,40.2,42.4,39.6,45.2,20.5,20.4,20.6,0.465,6.08,0.156,5.69,4.92,6.95,0.129,4.04,2.84,0.0352,0.227,0.409,32.4,25.0,77,23,400,3.1,12.3,5.1,5.0,5.3,6.4,6.3,4.5,7.3,5.4,4.2,9.8,3.5,6.2,84.4,0,0,0,0,0,0
41.1,39.8,42.4,42.3,43.6,41.0,45.7,48.0,43.4,20.1,17.8,22.4,0.466,6.25,0.156,5.83,5.08,7.09,0.129,4.13,2.94,0.036,0.234,0.429,32.7,25.0,80,25,400,2.8,11.7,4.9,5.6,5.3,5.7,6.6,5.8,5.9,5.4,6.8,10.8,3.3,7.4,88.0,0,0,0,0,0,0
40.3,40.0,40.6,38.0,37.6,38.4,43.2,44.4,42.0,19.0,17.0,21.0,0.488,6.27,0.16,6.03,5.17,7.29,0.133,4.2,3.09,0.0367,0.238,0.433,32.7,25.0,78,24,400,3.7,10.4,6.1,5.5,5.8,5.9,5.4,6.0,5.7,4.9,6.0,12.2,3.8,7.1,88.5,0,0,0,0,0,0
41.9,40.2,43.6,39.5,39.0,40.0,42.4,41.6,43.2,20.2,16.6,23.8,0.53,6.89,0.17,6.64,5.76,8.05,0.143,4.68,3.33,0.0367,0.255,0.487,32.6,25.0,75,23,400,3.9,11.8,4.6,4.9,5.4,5.3,5.1,5.8,5.6,5.1,4.7,9.2,3.2,8.3,82.9,0,0,0,0,0,0
44.7,45.6,43.8,29.7,28.6,30.8,52.2,51.4,53.0,19.1,19.6,18.6,0.139,2.13,0.0694,1.96,1.63,2.38,0.0432,1.28,0.953,0.0364,0.115,0.14,40.5,34.0,81,34,200,43.0,8.67,3.0,3.67,4.33,2.67,3.33,4.0,1.67,3.0,2.33,9.67,2.0,3.33,94.7,0,0,0,0,0,0
33.2,31.2,35.2,28.9,27.4,30.4,30.7,34.0,27.4,18.1,16.6,19.6,0.148,2.23,0.0715,2.07,1.78,2.54,0.046,1.37,1.02,0.0364,0.116,0.155,34.5,27.0,68,21,200,9.8,5.9,2.3,2.5,2.3,3.0,2.3,2.6,3.4,2.0,3.0,6.4,2.1,3.7,51.3,0,0,0,0,0,0
33.1,30.2,36.0,29.6,27.4,31.8,33.5,32.6,34.4,18.2,16.4,20.0,0.144,2.36,0.0708,2.2,1.98,2.7,0.0473,1.48,1.12,0.0374,0.12,0.162,32.1,25.0,61,20,200,1.9,4.4,2.6,2.8,3.5,3.3,2.5,2.6,1.8,2.2,2.6,5.0,0.8,3.4,39.4,0,0,0,0,0,0
33.7,32.2,35.2,30.4,32.8,28.0,31.8,33.0,30.6,20.4,23.4,17.4,0.15,2.48,0.0722,2.3,2.13,2.89,0.0493,1.64,1.19,0.0355,0.126,0.17,30.6,23.0,63,19,200,1.4,4.5,2.4,3.0,3.6,2.8,2.5,3.5,3.4,1.9,2.9,5.3,1.9,3.6,42.7,0,0,0,0,0,0
31.9,36.4,27.4,30.5,31.2,29.8,32.0,32.0,32.0,18.7,20.2,17.2,0.168,2.65,0.0777,2.45,2.27,3.09,0.053,1.76,1.27,0.0373,0.132,0.184,29.8,23.0,63,20,200,2.2,5.9,2.9,2.5,2.6,2.5,3.2,2.0,2.9,3.2,2.8,5.3,1.9,4.2,44.1,0,0,0,0,0,0
31.5,29.8,33.2,31.6,30.0,33.2,31.2,28.6,33.8,18.2,15.2,21.2,0.184,2.87,0.0812,2.53,2.55,3.25,0.058,1.89,1.37,0.0365,0.137,0.195,29.4,22.0,67,20,200,3.3,4.7,3.4,3.5,2.5,4.0,3.0,2.3,2.8,2.0,2.9,5.0,1.5,3.2,44.1,0,0,0,0,0,0
34.5,35.2,33.8,29.5,28.0,31.0,32.5,31.2,33.8,18.6,21.0,16.2,0.196,3.02,0.0834,2.76,2.69,3.45,0.0651,2.04,1.47,0.0364,0.143,0.211,29.2,22.0,63,21,200,2.1,5.4,3.0,2.0,2.5,2.1,3.9,3.5,2.1,2.8,2.2,5.3,1.3,3.9,42.1,0,0,0,0,0,0
33.5,36.8,30.2,31.0,29.4,32.6,34.6,32.2,37.0,19.0,18.4,19.6,0.218,3.16,0.0894,2.91,2.92,3.69,0.071,2.16,1.58,0.0362,0.15,0.23,29.0,22.0,66,22,200,1.4,5.4,3.2,2.9,2.2,2.7,3.0,3.6,2.4,2.0,2.7,5.3,1.5,4.1,42.4,0,0,0,0,0,0
33.8,33.8,33.8,29.5,27.6,31.4,32.0,30.6,33.4,18.2,19.8,16.6,0.218,3.36,0.0909,3.04,3.11,3.91,0.0707,2.3,1.64,0.0371,0.155,0.242,28.8,22.0,59,22,200,2.5,5.4,2.5,3.2,3.7,3.5,2.3,2.2,2.4,3.5,3.0,6.1,1.8,3.0,45.1,0,0,0,0,0,0
33.3,33.2,33.4,31.0,30.2,31.8,34.5,33.2,35.8,17.9,16.8,19.0,0.253,3.68,0.0995,3.35,3.46,4.34,0.0804,2.54,1.81,0.036,0.167,0.27,28.6,22.0,61,21,200,2.3,7.0,2.2,3.2,2.7,1.8,2.1,2.4,2.7,2.7,2.2,5.6,2.1,3.4,42.4,0,0,0,0,0,0
39.6,40.6,38.6,36.4,38.2,34.6,38.3,38.0,38.6,18.7,20.6,16.8,0.255,3.84,0.0996,3.23,3.48,4.26,0.0797,2.44,1.73,0.0373,0.161,0.256,38.1,29.0,95,28,300,27.0,8.8,4.9,3.8,4.6,4.1,3.3,3.1,5.5,3.8,5.3,9.4,3.2,6.9,93.7,0,0,0,0,0,0
40.9,42.4,39.4,36.0,34.8,37.2,38.4,35.6,41.2,19.2,23.2,15.2,0.29,3.96,0.106,3.42,3.66,4.54,0.0858,2.57,1.8,0.0363,0.172,0.273,35.5,27.0,70,23,300,2.2,7.9,4.6,3.9,3.6,3.2,5.0,4.9,3.4,4.3,4.2,9.1,3.3,6.8,66.4,0,0,0,0,0,0
39.7,40.2,39.2,35.1,35.6,34.6,44.5,44.4,44.6,20.0,22.0,18.0,0.3,4.06,0.114,3.51,3.83,4.77,0.0931,2.66,1.92,0.0361,0.435,0.29,34.5,26.0,75,23,300,2.4,7.9,4.4,3.7,4.0,4.2,4.1,4.0,4.7,4.6,3.1,8.7,3.0,6.0,64.8,0,0,0,0,0,0
38.1,37.2,39.0,32.5,33.4,31.6,37.3,38.0,36.6,18.5,21.6,15.4,0.331,4.21,0.118,3.77,4.0,5.03,0.0977,2.84,2.01,0.0354,0.444,0.303,33.4,25.0,72,22,300,3.2,7.8,4.5,4.3,5.7,4.9,3.7,3.8,4.2,5.0,4.0,10.0,3.4,5.4,69.9,0,0,0,0,0,0
37.3,36.2,38.4,36.1,38.4,33.8,39.0,39.6,38.4,18.9,19.8,18.0,0.353,4.44,0.128,3.83,4.22,5.18,0.102,2.98,2.1,0.0362,0.451,0.319,32.8,25.0,70,22,300,4.3,8.3,5.0,4.0,3.8,3.8,3.6,4.2,3.1,3.9,4.6,8.2,2.6,6.0,65.4,0,0,0,0,0,0
38.1,39.8,36.4,34.4,34.6,34.2,37.3,36.0,38.6,18.1,17.2,19.0,0.365,4.6,0.128,4.01,4.36,5.29,0.103,3.08,2.19,0.0364,0.451,0.326,32.0,24.0,62,21,300,2.8,7.6,3.6,3.3,3.3,5.2,4.7,4.6,3.6,3.8,4.8,8.4,2.6,6.5,64.8,0,0,0,0,0,0
37.0,36.6,37.4,33.6,31.0,36.2,37.0,34.0,40.0,18.8,20.2,17.4,0.39,4.82,0.134,4.16,4.52,5.54,0.109,3.24,2.29,0.0374,0.458,0.346,31.8,24.0,67,23,300,2.8,8.6,4.1,4.5,4.2,4.1,3.2,4.8,5.2,4.4,3.4,10.1,2.9,6.6,68.9,0,0,0,0,0,0
37.6,38.2,37.0,37.7,35.8,39.6,38.0,36.0,40.0,18.4,20.4,16.4,0.4,4.9,0.138,4.38,4.7,5.77,0.117,3.32,2.36,0.0356,0.463,0.36,31.5,24.0,68,22,300,3.0,7.6,5.0,4.4,4.9,4.9,4.8,3.5,4.2,3.2,3.2,8.3,2.9,5.3,65.2,0,0,0,0,0,0
38.7,40.0,37.4,34.2,35.2,33.2,38.5,38.2,38.8,20.0,19.4,20.6,0.457,5.48,0.152,4.8,5.22,6.4,0.129,3.67,2.66,0.0355,0.479,0.399,31.3,24.0,69,23,300,3.3,8.2,4.3,5.0,4.1,4.2,4.0,4.0,4.6,4.0,4.1,8.3,2.6,5.9,66.6,0,0,0,0,0,0
42.8,45.2,40.4,43.5,43.4,43.6,43.5,46.4,40.6,19.6,20.2,19.0,0.44,5.23,0.144,4.57,4.78,5.99,0.123,3.47,2.42,0.0362,0.465,0.362,35.5,28.0,86,29,400,41.8,8.1,4.6,5.9,4.5,5.3,4.5,5.4,5.2,5.5,4.6,10.2,5.0,6.9,118.0,0,0,0,0,0,0
43.4,43.0,43.8,38.2,39.2,37.2,40.6,43.6,37.6,19.8,22.0,17.6,0.458,5.44,0.149,4.67,4.93,6.16,0.124,3.64,2.53,0.0363,0.214,0.369,33.8,27.0,72,23,400,4.6,9.4,3.8,6.3,5.1,5.9,6.1,6.6,6.2,7.4,4.7,12.2,4.3,8.6,91.2,0,0,0,0,0,0
44.8,46.6,43.0,38.3,35.2,41.4,41.6,39.4,43.8,18.9,17.0,20.8,0.463,5.56,0.15,4.87,5.21,6.34,0.134,3.72,2.61,0.0363,0.215,0.378,32.9,26.0,71,24,400,4.6,10.0,5.1,5.1,6.6,7.4,5.4,4.5,4.5,5.8,5.9,12.0,3.3,7.8,88.0,0,0,0,0,0,0
42.8,44.4,41.2,41.8,42.4,41.2,42.1,42.0,42.2,19.7,22.0,17.4,0.477,5.7,0.158,4.94,5.3,6.49,0.138,3.79,2.72,0.0362,0.221,0.393,32.6,26.0,70,24,400,4.4,10.2,5.9,6.1,6.4,6.1,4.7,7.1,4.2,5.8,6.3,12.5,4.3,5.8,89.8,0,0,0,0,0,0
43.8,43.8,43.8,39.2,38.8,39.6,39.6,41.6,37.6,19.2,21.2,17.2,0.487,5.78,0.161,5.08,5.39,6.76,0.141,3.97,2.73,0.0353,0.224,0.4,32.4,25.0,76,24,400,4.5,12.0,6.6,5.5,5.0,4.5,4.7,6.2,4.2,5.4,4.5,10.1,3.8,7.5,84.5,0,0,0,0,0,0
43.7,45.4,42.0,38.8,37.4,40.2,42.5,41.6,43.4,18.8,20.8,16.8,0.497,5.99,0.167,5.21,5.51,6.91,0.144,4.04,2.89,0.0355,0.232,0.419,32.2,25.0,71,24,400,3.0,12.0,5.5,7.5,5.6,4.9,4.3,4.3,6.1,4.7,5.8,10.3,3.7,8.4,86.1,0,0,0,0,0,0
42.0,39.0,45.0,39.1,39.8,38.4,41.8,43.0,40.6,18.6,18.0,19.2,0.518,6.05,0.171,5.25,5.68,7.02,0.151,4.18,2.87,0.0363,0.231,0.421,32.3,25.0,78,24,400,3.3,10.8,6.0,6.0,6.1,5.5,5.0,4.9,5.0,7.2,5.4,11.4,3.8,6.7,87.1,0,0,0,0,0,0
43.8,43.8,43.8,37.8,37.2,38.4,43.0,42.4,43.6,19.2,18.8,19.6,0.538,6.19,0.175,5.35,5.89,7.18,0.16,4.22,3.03,0.0363,0.238,0.44,32.4,25.0,82,24,400,4.1,11.2,6.6,4.5,5.9,5.2,4.4,4.2,5.7,5.4,6.4,10.8,4.0,6.7,85.1,0,0,0,0,0,0
43.8,42.2,45.4,41.4,41.2,41.6,45.2,43.8,46.6,18.8,20.6,17.0,0.596,6.85,0.193,5.9,6.46,8.0,0.178,4.63,3.31,0.0365,0.258,0.496,32.6,25.0,74,27,400,4.1,11.9,4.0,5.7,5.8,3.7,6.0,5.6,4.8,6.8,4.9,12.0,4.0,8.7,88.0,0,0,0,0,0,0
47.4,47.8,47.0,29.4,27.4,31.4,50.5,47.8,53.2,20.7,23.4,18.0,0.149,2.11,0.07,1.76,1.82,2.47,0.0457,1.28,0.951,0.0362,0.114,0.154,47.3,35.0,99,35,200,44.7,6.67,5.0,4.33,4.0,2.67,4.0,2.33,4.33,0.667,3.67,8.67,3.33,4.67,99.0,0,0,0,0,0,0
32.4,33.8,31.0,28.9,30.0,27.8,31.0,31.8,30.2,19.9,18.2,21.6,0.165,2.25,0.073,1.87,2.02,2.61,0.0482,1.46,1.06,0.0373,0.118,0.166,38.1,26.0,65,20,200,9.3,5.7,2.7,2.0,3.1,2.0,3.2,3.5,2.5,3.9,3.0,6.8,2.2,3.9,53.8,0,0,0,0,0,0
31.9,32.4,31.4,30.7,31.4,30.0,34.0,31.6,36.4,20.7,19.6,21.8,0.175,2.38,0.0778,2.06,2.14,2.8,0.0516,1.57,1.14,0.036,0.122,0.179,34.8,25.0,68,20,200,2.1,6.9,2.2,2.9,3.0,2.9,2.2,2.1,2.5,2.6,2.2,4.4,1.0,3.6,40.6,0,0,0,0,0,0
34.1,33.0,35.2,28.9,25.4,32.4,32.8,32.0,33.6,19.6,21.2,18.0,0.183,2.57,0.0814,2.19,2.34,3.02,0.0572,1.68,1.21,0.0372,0.13,0.19,33.4,24.0,73,21,200,1.7,6.6,2.5,2.2,2.9,3.8,2.7,3.0,3.6,3.2,2.2,5.1,1.7,2.9,44.1,0,0,0,0,0,0
31.7,30.4,33.0,30.4,30.6,30.2,31.9,32.8,31.0,18.6,20.4,16.8,0.189,2.69,0.0829,2.39,2.47,3.22,0.058,1.82,1.3,0.035,0.134,0.199,32.1,23.0,61,21,200,1.4,5.4,2.2,2.4,2.7,2.9,2.4,3.1,3.6,3.4,3.5,5.5,1.7,4.0,44.2,0,0,0,0,0,0
33.3,33.4,33.2,31.7,32.0,31.4,34.1,34.8,33.4,18.9,16.2,21.6,0.202,2.93,0.0865,2.53,2.67,3.41,0.0612,1.96,1.37,0.036,0.139,0.213,31.4,22.0,70,19,200,1.6,6.5,2.9,2.6,3.0,2.3,3.0,2.3,2.2,3.3,2.2,5.4,1.9,4.4,43.6,0,0,0,0,0,0
32.7,34.2,31.2,29.2,25.2,33.2,31.5,32.6,30.4,19.8,17.4,22.2,0.217,3.07,0.0893,2.69,2.82,3.6,0.0639,2.05,1.47,0.0361,0.143,0.223,30.9,22.0,67,21,200,1.9,5.6,2.2,2.2,3.3,2.9,3.1,2.5,3.3,2.7,2.8,5.1,1.9,4.4,43.9,0,0,0,0,0,0
33.1,32.2,34.0,31.2,28.6,33.8,31.5,33.0,30.0,18.9,18.8,19.0,0.22,3.24,0.0909,2.82,2.95,3.81,0.0659,2.18,1.54,0.0361,0.148,0.237,30.3,22.0,60,19,200,1.5,5.6,3.5,2.3,2.6,2.5,3.0,2.3,2.0,2.2,2.4,5.1,1.3,4.1,40.4,0,0,0,0,0,0
34.4,33.2,35.6,30.0,28.0,32.0,33.3,34.4,32.2,19.9,17.6,22.2,0.238,3.41,0.0963,3.0,3.19,4.02,0.0721,2.31,1.65,0.0358,0.155,0.255,29.8,22.0,63,21,200,2.5,5.5,2.4,2.4,3.1,1.7,2.6,3.4,2.4,3.6,2.7,5.0,1.2,3.8,42.3,0,0,0,0,0,0
33.9,31.4,36.4,30.1,30.2,30.0,33.1,34.6,31.6,19.4,16.8,22.0,0.261,3.75,0.102,3.35,3.5,4.47,0.0783,2.56,1.84,0.0358,0.164,0.282,29.7,22.0,67,21,200,1.6,6.2,3.1,2.2,2.2,2.8,3.7,3.6,3.2,2.9,2.2,5.4,1.5,3.6,44.2,0,0,0,0,0,0
37.3,38.0,36.6,34.5,33.2,35.8,37.0,36.0,38.0,19.6,15.6,23.6,0.265,3.8,0.101,3.34,3.26,4.22,0.0774,2.43,1.72,0.0358,0.162,0.262,38.9,28.0,100,26,300,24.3,9.3,4.0,4.6,3.0,4.5,5.6,4.8,5.8,5.0,3.8,9.3,3.9,4.1,92.0,0,0,0,0,0,0
36.1,34.8,37.4,35.3,36.8,33.8,37.1,36.4,37.8,21.0,23.6,18.4,0.277,3.88,0.104,3.58,3.32,4.41,0.0829,2.56,1.84,0.0351,0.166,0.27,34.7,24.0,63,20,300,2.7,8.6,4.4,5.1,4.4,4.5,3.6,4.3,3.8,4.0,4.8,8.2,2.2,4.5,65.1,0,0,0,0,0,0
36.0,33.0,39.0,34.9,36.4,33.4,38.3,39.2,37.4,19.2,19.4,19.0,0.275,4.04,0.106,3.67,3.44,4.58,0.0843,2.68,1.93,0.0351,0.402,0.282,33.1,23.0,69,21,300,2.3,8.0,4.8,3.6,3.5,4.1,4.3,4.1,4.5,4.5,4.6,7.7,2.9,5.0,63.9,0,0,0,0,0,0
38.0,36.6,39.4,35.8,37.2,34.4,36.7,34.4,39.0,20.5,19.4,21.6,0.286,4.12,0.109,3.88,3.59,4.67,0.0863,2.76,1.97,0.0352,0.409,0.295,32.2,23.0,68,22,300,3.3,9.2,4.3,3.6,5.5,4.5,2.6,4.7,3.1,4.9,3.3,7.7,2.3,6.1,65.1,0,0,0,0,0,0
38.6,35.8,41.4,36.5,36.4,36.6,38.4,36.2,40.6,19.4,21.4,17.4,0.296,4.33,0.111,4.03,3.77,4.96,0.0905,2.91,2.1,0.0365,0.415,0.306,31.7,23.0,69,23,300,3.8,9.7,3.4,3.6,3.6,3.4,4.3,3.2,3.3,4.9,5.7,8.7,2.1,4.7,64.4,0,0,0,0,0,0
39.9,39.8,40.0,37.5,36.6,38.4,41.1,43.0,39.2,19.8,22.0,17.6,0.331,4.59,0.12,4.28,3.95,5.08,0.0967,3.11,2.18,0.0374,0.425,0.331,31.7,23.0,75,25,300,4.0,9.2,4.6,3.4,4.3,4.8,4.1,3.4,4.2,4.1,3.6,8.4,3.0,6.3,67.4,0,0,0,0,0,0
36.7,36.6,36.8,36.4,36.2,36.6,39.3,38.4,40.2,19.8,21.8,17.8,0.354,4.82,0.124,4.5,4.05,5.27,0.105,3.16,2.29,0.0356,0.431,0.345,31.3,23.0,69,21,300,2.8,7.9,3.3,4.3,4.0,5.2,5.5,4.1,3.8,4.6,5.3,8.6,3.2,5.3,67.9,0,0,0,0,0,0
37.6,38.2,37.0,37.9,35.4,40.4,36.9,37.2,36.6,19.0,18.8,19.2,0.385,4.93,0.133,4.65,4.24,5.53,0.111,3.39,2.41,0.0356,0.438,0.358,31.2,23.0,70,22,300,2.8,9.3,3.9,3.2,4.5,4.3,3.8,4.4,4.2,5.4,2.7,8.7,2.9,5.6,65.7,0,0,0,0,0,0
39.2,39.8,38.6,34.5,34.6,34.4,38.8,38.0,39.6,20.5,20.4,20.6,0.426,5.48,0.144,5.18,4.71,6.18,0.122,3.68,2.64,0.0365,0.454,0.403,31.1,23.0,74,23,300,3.1,8.5,4.7,5.7,4.0,3.8,4.0,3.8,4.5,3.8,5.1,9.2,2.6,4.9,67.7,0,0,0,0,0,0
43.6,45.0,42.2,40.0,40.8,39.2,38.6,40.4,36.8,19.7,22.4,17.0,0.393,5.32,0.132,4.82,4.59,5.8,0.107,3.43,2.46,0.0376,0.446,0.365,39.7,30.0,98,31,400,40.6,11.2,5.8,4.4,5.1,4.8,5.4,5.3,4.7,4.4,4.6,8.8,3.3,7.2,116.0,0,0,0,0,0,0
43.9,41.8,46.0,39.2,37.2,41.2,41.7,43.2,40.2,21.2,22.8,19.6,0.418,5.5,0.147,4.95,4.78,6.15,0.119,3.53,2.53,0.0376,0.217,0.382,37.0,28.0,77,25,400,4.3,9.0,6.0,5.0,7.3,5.3,5.3,4.0,5.3,6.6,5.4,12.7,4.6,7.3,88.1,0,0,0,0,0,0
41.1,39.4,42.8,38.4,35.6,41.2,43.6,44.8,42.4,19.3,20.4,18.2,0.447,5.61,0.149,5.06,4.87,6.23,0.124,3.73,2.68,0.0365,0.217,0.387,35.3,27.0,75,24,400,3.3,10.5,5.3,5.6,6.0,5.6,5.9,5.7,5.9,5.7,5.5,13.2,4.5,8.2,90.9,0,0,0,0,0,0
43.9,43.8,44.0,39.6,39.0,40.2,41.7,39.8,43.6,20.1,16.2,24.0,0.451,5.71,0.153,5.08,5.16,6.57,0.13,3.82,2.71,0.0356,0.221,0.405,34.4,27.0,69,25,400,3.1,10.3,6.5,6.3,5.0,5.0,4.6,5.7,5.4,5.4,5.0,11.4,3.2,9.2,86.1,0,0,0,0,0,0
44.7,44.8,44.6,42.2,40.6,43.8,41.6,43.0,40.2,19.6,15.4,23.8,0.446,5.85,0.154,5.24,5.3,6.81,0.13,3.95,2.81,0.0365,0.227,0.403,34.1,26.0,78,24,400,4.8,10.0,5.6,4.9,6.0,5.0,5.3,6.0,5.4,5.2,6.5,13.0,3.5,7.3,88.5,0,0,0,0,0,0
43.0,42.4,43.6,37.7,35.8,39.6,41.3,42.6,40.0,21.1,19.6,22.6,0.468,5.99,0.159,5.28,5.5,7.01,0.133,4.01,2.86,0.0357,0.23,0.414,34.0,26.0,75,26,400,3.1,10.3,6.3,5.7,6.1,5.3,5.4,6.2,4.9,5.0,5.1,12.3,4.1,7.4,87.2,0,0,0,0,0,0
44.0,42.6,45.4,40.5,40.6,40.4,42.2,42.6,41.8,19.3,23.0,15.6,0.477,6.17,0.162,5.34,5.68,7.12,0.136,4.14,2.94,0.0369,0.232,0.426,33.8,26.0,76,25,400,4.7,11.8,5.1,4.9,6.6,5.4,5.6,5.0,4.6,5.3,4.2,11.0,3.4,8.2,85.8,0,0,0,0,0,0
44.7,42.6,46.8,38.5,38.0,39.0,43.6,43.6,43.6,19.1,19.0,19.2,0.495,6.35,0.165,5.39,5.88,7.34,0.14,4.24,2.97,0.0378,0.237,0.442,33.7,26.0,77,24,400,4.2,10.0,5.5,5.1,5.1,5.3,6.3,5.2,5.7,5.9,6.5,10.9,3.1,7.2,86.0,0,0,0,0,0,0
43.5,43.0,44.0,43.5,44.2,42.8,42.2,40.8,43.6,20.7,17.6,23.8,0.565,6.88,0.182,6.03,6.56,8.14,0.155,4.7,3.33,0.0371,0.257,0.49,33.5,26.0,72,24,400,3.3,11.0,5.0,6.0,4.9,5.9,5.3,5.5,5.9,6.5,5.8,12.3,4.4,8.5,90.3,0,0,0,0,0,0
47.4,47.6,47.2,28.8,32.8,24.8,50.7,50.2,51.2,18.8,21.8,15.8,0.159,2.15,0.0757,1.79,1.93,2.4,0.0426,1.3,1.01,0.0372,0.115,0.154,41.7,34.0,91,34,200,42.0,7.67,5.33,2.33,3.33,4.33,2.67,2.67,3.33,1.67,3.33,7.33,3.0,4.67,93.7,0,0,0,0,0,0
32.4,33.6,31.2,32.9,34.2,31.6,32.7,34.2,31.2,18.8,22.0,15.6,0.175,2.26,0.0793,1.86,2.13,2.59,0.0557,1.42,1.07,0.0381,0.12,0.168,34.7,27.0,63,20,200,10.7,6.4,4.2,3.5,2.5,3.0,2.2,2.9,2.8,1.8,2.3,6.5,2.5,2.9,54.2,0,0,0,0,0,0
33.2,33.2,33.2,32.1,31.2,33.0,31.3,31.6,31.0,19.3,21.2,17.4,0.177,2.4,0.0797,2.02,2.26,2.86,0.0558,1.55,1.18,0.0378,0.124,0.178,34.9,25.0,76,22,200,2.2,4.9,2.1,2.8,2.6,3.3,2.1,2.1,3.4,2.5,3.4,5.8,1.4,3.7,42.3,0,0,0,0,0,0
33.9,34.4,33.4,31.1,31.4,30.8,30.3,27.4,33.2,19.8,20.0,19.6,0.182,2.56,0.0836,2.13,2.49,3.04,0.0602,1.7,1.23,0.0377,0.13,0.192,33.4,24.0,66,22,200,2.5,5.6,2.3,2.9,2.6,3.7,2.8,2.6,2.6,3.0,3.2,5.1,1.0,3.2,43.1,0,0,0,0,0,0
34.6,33.8,35.4,32.1,32.4,31.8,32.9,35.4,30.4,19.5,19.8,19.2,0.198,2.69,0.0861,2.3,2.59,3.25,0.0631,1.78,1.33,0.0376,0.135,0.199,32.4,24.0,61,22,200,1.6,6.0,2.3,3.1,2.3,2.4,2.1,2.2,2.6,2.4,2.0,5.0,1.4,2.9,38.3,0,0,0,0,0,0
32.3,30.6,34.0,30.5,30.4,30.6,31.4,32.4,30.4,18.3,19.2,17.4,0.207,2.88,0.0882,2.43,2.82,3.39,0.0634,1.91,1.4,0.0366,0.138,0.211,31.9,24.0,72,23,200,2.2,5.7,3.5,2.2,3.8,2.9,2.3,3.5,2.6,2.5,2.8,6.2,2.2,4.3,46.7,0,0,0,0,0,0
32.3,32.2,32.4,30.6,33.4,27.8,32.4,30.8,34.0,20.3,20.0,20.6,0.223,3.07,0.0917,2.62,2.94,3.62,0.0679,2.06,1.51,0.0365,0.146,0.221,31.1,23.0,63,21,200,1.9,4.7,2.2,2.3,4.0,2.3,2.0,2.5,3.0,4.2,1.6,5.2,1.6,4.1,41.6,0,0,0,0,0,0
33.6,32.8,34.4,30.8,28.8,32.8,33.0,36.6,29.4,20.7,23.6,17.8,0.242,3.19,0.0971,2.72,3.12,3.81,0.0734,2.2,1.61,0.0364,0.151,0.235,30.6,23.0,64,21,200,1.6,5.0,2.9,3.0,2.8,3.1,4.1,2.0,1.9,3.0,2.3,4.9,1.7,3.7,42.0,0,0,0,0,0,0
32.9,32.4,33.4,30.8,30.2,31.4,32.2,31.4,33.0,19.3,21.8,16.8,0.252,3.36,0.101,2.92,3.29,4.03,0.0759,2.32,1.67,0.0363,0.155,0.253,30.3,23.0,69,20,200,1.6,4.9,2.9,3.1,2.7,3.0,1.5,3.7,3.1,2.8,2.5,6.2,2.1,3.7,43.8,0,0,0,0,0,0
31.3,33.6,29.0,30.7,31.2,30.2,32.1,29.6,34.6,18.6,22.8,14.4,0.279,3.7,0.108,3.26,3.65,4.47,0.0835,2.53,1.85,0.0362,0.165,0.274,30.2,23.0,73,21,200,2.4,5.3,2.8,2.4,2.8,2.6,2.9,2.5,3.1,3.0,2.3,4.5,1.8,3.4,41.8,0,0,0,0,0,0
39.2,36.4,42.0,35.5,34.6,36.4,37.9,39.0,36.8,19.6,19.8,19.4,0.258,3.7,0.102,3.13,3.38,4.21,0.0783,2.41,1.72,0.0361,0.156,0.254,39.5,29.0,110,31,300,26.2,8.3,3.1,3.1,4.4,4.0,3.8,5.0,4.6,4.0,4.5,7.8,2.3,7.4,88.5,0,0,0,0,0,0
37.4,40.0,34.8,35.4,36.4,34.4,36.4,37.4,35.4,20.0,19.0,21.0,0.284,3.85,0.108,3.33,3.6,4.45,0.0818,2.51,1.83,0.0372,0.164,0.267,35.7,26.0,68,21,300,2.5,9.3,3.4,3.4,3.7,4.1,4.4,4.2,4.2,3.9,4.6,7.9,3.1,5.2,63.9,0,0,0,0,0,0
37.6,34.0,41.2,36.8,36.8,36.8,38.9,38.8,39.0,20.2,16.0,24.4,0.281,3.94,0.107,3.49,3.7,4.56,0.0801,2.64,1.92,0.0361,0.394,0.28,33.7,25.0,64,22,300,3.0,9.9,3.3,3.8,4.3,5.4,3.3,4.2,3.6,3.8,4.9,7.5,2.2,4.7,63.9,0,0,0,0,0,0
37.6,37.6,37.6,35.4,34.8,36.0,36.8,39.8,33.8,18.7,21.0,16.4,0.295,4.12,0.111,3.59,3.81,4.64,0.0855,2.81,2.03,0.0362,0.397,0.296,32.5,24.0,69,22,300,2.6,9.4,4.2,3.4,4.7,4.1,3.8,3.8,5.3,5.0,4.5,8.8,2.2,4.5,66.3,0,0,0,0,0,0
37.5,39.0,36.0,36.4,34.4,38.4,34.8,34.0,35.6,19.6,21.0,18.2,0.301,4.25,0.114,3.77,3.96,4.87,0.0876,2.92,2.1,0.0363,0.4,0.306,31.8,24.0,63,21,300,3.6,7.2,4.4,4.6,4.6,3.6,3.9,3.9,4.2,4.1,4.5,8.0,2.7,5.1,64.4,0,0,0,0,0,0
37.6,36.0,39.2,34.2,34.0,34.4,37.3,40.6,34.0,20.1,16.0,24.2,0.311,4.37,0.114,3.97,4.14,5.14,0.0898,3.06,2.2,0.0363,0.408,0.318,31.6,24.0,68,23,300,3.6,7.5,4.8,4.6,3.9,5.1,4.0,3.9,3.6,4.0,4.5,8.7,2.5,5.0,65.7,0,0,0,0,0,0
37.5,35.2,39.8,35.0,37.4,32.6,38.0,39.8,36.2,19.5,16.2,22.8,0.321,4.59,0.118,4.11,4.22,5.35,0.0933,3.12,2.26,0.0375,0.412,0.325,31.5,24.0,70,23,300,2.6,8.9,4.9,5.3,4.7,2.9,4.1,4.4,4.3,3.3,4.4,9.1,2.5,6.0,67.4,0,0,0,0,0,0
38.5,39.4,37.6,34.0,35.4,32.6,41.0,39.2,42.8,20.5,21.4,19.6,0.35,4.81,0.125,4.27,4.43,5.54,0.101,3.29,2.37,0.0358,0.418,0.345,31.5,24.0,71,24,300,3.6,7.4,5.4,4.4,3.0,3.6,4.8,4.2,4.0,4.5,3.0,8.7,3.4,5.4,65.4,0,0,0,0,0,0
37.3,38.2,36.4,34.1,33.6,34.6,38.5,40.4,36.6,20.4,17.6,23.2,0.395,5.43,0.135,4.82,4.97,6.13,0.112,3.66,2.65,0.0368,0.437,0.385,31.6,24.0,74,24,300,3.0,8.5,4.8,4.4,4.0,4.1,3.7,4.2,4.9,4.8,3.5,9.1,2.3,6.4,67.7,0,0,0,0,0,0
41.2,39.4,43.0,37.9,37.0,38.8,42.3,41.2,43.4,20.6,19.0,22.2,0.38,5.32,0.13,4.74,4.66,6.0,0.107,3.45,2.47,0.0373,0.385,0.351,35.3,28.0,85,28,400,41.0,10.0,4.6,5.5,4.7,5.2,5.4,6.4,5.1,3.9,5.5,10.7,3.5,6.8,118.0,0,0,0,0,0,0
41.6,43.4,39.8,37.7,36.8,38.6,42.6,40.4,44.8,20.2,18.6,21.8,0.387,5.46,0.134,4.91,4.76,6.08,0.114,3.58,2.56,0.0365,0.211,0.364,34.4,26.0,80,24,400,4.1,11.3,5.1,6.1,4.7,4.5,6.1,5.9,5.9,5.1,4.3,11.6,3.5,9.2,87.4,0,0,0,0,0,0
41.7,39.8,43.6,39.6,39.2,40.0,44.8,44.2,45.4,19.1,21.8,16.4,0.413,5.67,0.14,5.03,4.86,6.32,0.119,3.72,2.61,0.0377,0.213,0.378,34.5,26.0,92,25,400,4.1,11.7,4.3,5.3,5.8,5.4,5.8,5.2,5.8,5.5,5.7,10.7,4.2,8.6,88.1,0,0,0,0,0,0
42.3,44.2,40.4,40.4,41.6,39.2,44.7,43.2,46.2,18.8,16.2,21.4,0.448,5.76,0.152,5.2,5.04,6.47,0.125,3.77,2.73,0.0366,0.218,0.393,33.8,26.0,71,24,400,3.5,11.4,6.2,5.2,4.3,5.6,5.8,3.9,5.5,7.0,5.4,10.5,3.9,7.8,86.0,0,0,0,0,0,0
42.7,42.6,42.8,40.4,43.2,37.6,43.3,44.2,42.4,19.9,18.2,21.6,0.48,5.98,0.158,5.48,5.06,6.83,0.14,3.93,2.82,0.0357,0.224,0.408,33.8,26.0,75,24,400,3.7,12.2,5.7,6.7,5.3,6.3,5.9,4.7,5.7,5.4,5.7,11.7,4.7,7.0,90.7,0,0,0,0,0,0
43.9,45.2,42.6,40.0,38.6,41.4,43.1,41.2,45.0,19.4,20.0,18.8,0.485,6.04,0.164,5.67,5.17,6.89,0.143,4.05,2.88,0.0355,0.23,0.424,33.5,25.0,78,24,400,4.0,10.7,5.6,5.4,4.8,5.3,5.5,4.2,6.0,4.7,5.0,12.0,3.5,8.4,85.1,0,0,0,0,0,0
43.6,43.0,44.2,38.1,36.8,39.4,44.8,45.2,44.4,21.5,23.0,20.0,0.511,6.2,0.169,5.78,5.29,7.18,0.148,4.14,2.99,0.0356,0.235,0.436,33.6,25.0,77,26,400,3.8,11.8,5.4,5.6,5.5,5.7,4.7,5.5,6.1,4.4,7.0,12.6,4.8,5.7,88.6,0,0,0,0,0,0
42.7,42.4,43.0,40.8,40.0,41.6,45.7,43.4,48.0,19.8,17.6,22.0,0.516,6.24,0.169,5.93,5.4,7.17,0.15,4.2,3.08,0.0372,0.24,0.446,33.2,25.0,71,24,400,3.7,12.1,5.2,5.5,4.8,4.5,7.0,5.2,5.1,5.1,4.6,10.3,3.2,8.5,84.8,0,0,0,0,0,0
39.9,40.2,39.6,42.3,42.6,42.0,43.8,44.6,43.0,21.0,23.4,18.6,0.55,6.93,0.18,6.5,5.91,7.95,0.159,4.64,3.35,0.0374,0.253,0.492,33.2,25.0,78,25,400,3.9,11.3,4.8,6.7,5.6,6.2,5.6,5.7,5.0,6.4,5.4,11.0,3.1,7.1,87.8,0,0,0,0,0,0
44.4,44.2,44.6,28.5,30.6,26.4,54.0,54.8,53.2,17.6,15.6,19.6,0.112,2.12,0.0634,1.91,1.5,2.38,0.0373,1.29,0.966,0.0371,0.11,0.137,45.0,34.0,90,34,200,43.7,8.67,2.67,3.0,1.0,2.33,2.67,2.67,3.67,5.0,2.67,7.67,1.67,5.33,92.7,0,0,0,0,0,0
30.0,31.8,28.2,29.5,25.6,33.4,32.3,32.4,32.2,18.8,15.4,22.2,0.133,2.25,0.0689,2.16,1.64,2.52,0.0422,1.4,1.02,0.037,0.115,0.149,36.4,26.0,60,19,200,9.7,5.3,2.6,3.1,2.6,3.0,2.6,2.3,2.0,2.0,3.1,5.4,1.5,4.7,49.9,0,0,0,0,0,0
30.3,33.6,27.0,30.0,33.4,26.6,32.1,33.0,31.2,18.9,15.4,22.4,0.145,2.4,0.0733,2.34,1.79,2.71,0.0496,1.51,1.11,0.037,0.121,0.163,33.3,24.0,67,20,200,2.1,6.0,2.6,3.1,3.4,2.8,2.1,2.9,1.9,2.8,2.3,4.6,1.6,3.7,41.9,0,0,0,0,0,0
30.6,29.6,31.6,30.7,31.0,30.4,32.6,32.4,32.8,17.8,14.0,21.6,0.183,2.59,0.0801,2.52,1.96,2.94,0.0558,1.66,1.2,0.0381,0.127,0.183,31.8,23.0,67,20,200,2.3,4.6,2.8,2.6,2.7,2.8,2.8,3.3,2.2,3.4,2.7,7.1,2.6,3.4,45.3,0,0,0,0,0,0
30.9,33.0,28.8,29.1,28.2,30.0,34.3,32.0,36.6,17.8,13.2,22.4,0.2,2.8,0.0844,2.71,2.13,3.18,0.0595,1.79,1.3,0.0362,0.134,0.201,31.1,23.0,69,21,200,1.5,6.7,2.5,3.1,3.0,3.5,1.9,2.7,2.8,1.9,3.5,6.3,2.2,3.6,45.2,0,0,0,0,0,0
31.8,30.8,32.8,29.2,26.6,31.8,31.9,31.6,32.2,18.3,17.2,19.4,0.218,3.01,0.0868,2.93,2.3,3.38,0.0666,1.91,1.4,0.0381,0.142,0.215,30.6,22.0,75,20,200,2.2,7.0,2.1,2.7,3.4,2.1,2.1,3.0,2.4,2.8,2.9,6.6,1.5,3.9,44.7,0,0,0,0,0,0
31.6,34.0,29.2,30.0,26.8,33.2,33.5,31.2,35.8,18.3,21.2,15.4,0.233,3.16,0.0927,3.08,2.49,3.62,0.0732,2.07,1.51,0.0364,0.146,0.233,30.1,22.0,63,21,200,1.9,7.2,2.9,2.6,2.8,2.6,2.7,2.8,1.9,3.3,1.8,5.8,2.1,3.4,43.8,0,0,0,0,0,0
31.8,33.8,29.8,30.7,30.4,31.0,34.0,31.2,36.8,18.3,22.0,14.6,0.252,3.32,0.0981,3.25,2.6,3.86,0.0767,2.21,1.59,0.0382,0.152,0.248,29.5,22.0,61,20,200,1.9,4.8,3.5,2.7,3.4,3.1,3.1,2.9,2.6,2.2,2.6,6.1,1.7,4.4,45.0,0,0,0,0,0,0
31.5,35.6,27.4,29.0,28.8,29.2,36.3,37.8,34.8,18.2,20.4,16.0,0.278,3.53,0.104,3.47,2.85,4.05,0.0822,2.38,1.67,0.0362,0.156,0.271,29.3,22.0,68,22,200,2.0,6.3,2.7,2.6,3.8,3.0,2.4,2.9,2.5,2.7,3.5,7.2,2.2,3.0,46.8,0,0,0,0,0,0
33.1,32.8,33.4,31.7,33.6,29.8,33.3,32.0,34.6,18.6,18.2,19.0,0.317,3.92,0.114,3.79,3.14,4.48,0.0936,2.61,1.87,0.0363,0.169,0.299,29.4,22.0,72,22,200,1.8,6.8,2.3,2.0,2.3,3.1,2.3,2.9,2.3,2.8,2.5,5.1,2.3,5.1,43.6,0,0,0,0,0,0
38.1,39.0,37.2,34.7,35.0,34.4,37.5,36.8,38.2,19.8,20.4,19.2,0.306,3.91,0.11,3.52,3.25,4.31,0.0877,2.51,1.8,0.036,0.163,0.285,37.4,28.0,100,26,300,25.6,10.1,3.7,3.8,4.3,4.4,4.9,4.7,3.7,3.9,4.1,8.7,2.8,6.1,90.8,0,0,0,0,0,0
36.0,37.0,35.0,35.8,35.0,36.6,36.1,35.8,36.4,18.6,20.2,17.0,0.301,4.06,0.109,3.62,3.46,4.49,0.092,2.66,1.86,0.0366,0.165,0.285,34.7,26.0,69,22,300,2.5,9.0,3.9,3.9,4.3,5.5,4.3,3.4,3.7,3.5,3.7,8.4,2.8,6.3,65.2,0,0,0,0,0,0
37.7,35.2,40.2,35.5,33.2,37.8,37.2,35.4,39.0,18.7,22.0,15.4,0.317,4.15,0.113,3.71,3.68,4.65,0.0933,2.75,1.96,0.0375,0.417,0.295,33.4,25.0,70,22,300,2.2,7.2,5.0,4.0,4.7,3.4,3.9,4.4,4.1,4.2,3.7,8.4,2.6,5.3,63.1,0,0,0,0,0,0
37.7,38.0,37.4,34.0,31.4,36.6,38.4,38.8,38.0,19.8,17.4,22.2,0.318,4.3,0.116,3.79,3.85,4.86,0.0954,2.84,2.05,0.0356,0.423,0.307,32.6,24.0,72,22,300,2.8,8.5,4.3,4.1,5.4,4.8,3.5,4.3,4.9,4.7,3.5,9.4,1.9,5.7,67.8,0,0,0,0,0,0
39.3,39.8,38.8,33.6,33.0,34.2,39.7,37.2,42.2,18.7,20.0,17.4,0.355,4.46,0.125,3.87,4.07,5.07,0.105,2.95,2.11,0.0374,0.43,0.317,32.4,24.0,68,24,300,2.6,8.3,5.5,3.6,3.3,4.9,3.8,3.8,3.6,4.8,3.7,9.6,4.3,5.7,67.5,0,0,0,0,0,0
38.5,37.8,39.2,33.7,34.4,33.0,36.4,35.0,37.8,19.4,22.0,16.8,0.37,4.49,0.13,3.9,4.17,5.27,0.112,3.03,2.19,0.0363,0.432,0.33,32.3,24.0,77,23,300,3.7,8.9,4.5,4.4,3.7,3.2,4.6,4.7,3.3,3.6,3.4,7.9,3.3,5.8,65.0,0,0,0,0,0,0
37.0,39.4,34.6,35.1,36.0,34.2,36.5,38.6,34.4,20.8,18.0,23.6,0.387,4.66,0.135,4.04,4.42,5.42,0.113,3.17,2.26,0.0372,0.438,0.343,32.0,24.0,68,22,300,3.7,8.2,4.2,3.1,4.1,3.4,3.3,3.9,5.2,5.2,3.6,8.5,3.2,4.7,64.3,0,0,0,0,0,0
38.0,38.4,37.6,35.0,36.2,33.8,37.6,39.4,35.8,19.6,20.2,19.0,0.389,4.86,0.135,4.06,4.66,5.68,0.117,3.32,2.35,0.0351,0.442,0.361,31.8,24.0,69,23,300,3.6,9.1,4.8,3.9,3.5,3.7,4.5,3.9,3.9,3.6,3.6,7.7,2.7,4.7,63.2,0,0,0,0,0,0
36.4,35.8,37.0,33.5,32.8,34.2,38.7,38.4,39.0,19.3,15.2,23.4,0.436,5.32,0.149,4.56,5.21,6.24,0.134,3.64,2.63,0.0362,0.459,0.405,31.5,24.0,68,23,300,2.6,9.6,4.1,4.1,5.2,4.3,3.8,4.5,3.1,4.8,3.8,8.9,3.0,4.5,66.3,0,0,0,0,0,0
39.3,39.8,38.8,39.6,40.0,39.2,41.6,43.0,40.2,20.0,17.0,23.0,0.436,5.11,0.146,4.5,4.75,5.87,0.129,3.43,2.42,0.0355,0.295,0.378,37.4,29.0,92,31,400,40.7,11.4,3.6,7.9,4.4,4.2,5.3,4.9,4.8,4.9,5.6,11.8,4.4,7.8,122.0,0,0,0,0,0,0
43.7,42.8,44.6,38.0,37.4,38.6,43.4,42.2,44.6,19.4,17.4,21.4,0.465,5.44,0.153,4.64,4.86,6.13,0.139,3.54,2.52,0.0366,0.209,0.398,35.8,28.0,78,26,400,4.2,12.6,6.4,4.4,5.0,5.0,5.6,5.0,7.3,6.0,4.5,11.9,3.5,8.2,89.6,0,0,0,0,0,0
40.8,39.6,42.0,39.9,40.4,39.4,42.8,41.2,44.4,20.0,18.8,21.2,0.465,5.61,0.153,4.92,4.9,6.42,0.14,3.72,2.63,0.0365,0.211,0.406,34.7,27.0,75,24,400,4.5,12.9,6.7,5.8,5.4,4.4,4.9,5.0,4.7,5.3,6.8,12.0,4.4,7.3,90.1,0,0,0,0,0,0
41.8,43.0,40.6,38.7,38.0,39.4,42.8,41.6,44.0,19.4,15.6,23.2,0.469,5.65,0.158,5.05,5.04,6.58,0.138,3.76,2.74,0.0365,0.218,0.416,34.1,26.0,75,24,400,3.9,11.5,4.7,4.8,4.9,5.5,6.5,4.9,5.7,5.5,6.4,12.2,4.5,8.2,89.2,0,0,0,0,0,0
40.7,41.0,40.4,40.1,38.0,42.2,44.6,43.4,45.8,19.4,19.6,19.2,0.482,5.88,0.162,5.31,5.05,6.67,0.138,3.92,2.78,0.0356,0.22,0.431,33.6,26.0,74,23,400,4.0,11.6,6.4,5.1,4.7,6.2,6.9,4.4,4.4,5.5,4.4,9.8,3.2,7.0,83.6,0,0,0,0,0,0
40.1,40.4,39.8,39.5,40.4,38.6,43.0,41.4,44.6,18.3,19.2,17.4,0.496,5.97,0.164,5.63,5.09,6.91,0.142,4.04,2.87,0.0364,0.227,0.443,33.7,26.0,81,25,400,4.7,10.7,4.9,5.2,5.9,5.8,6.0,5.4,6.5,5.3,4.2,12.1,4.6,8.0,89.3,0,0,0,0,0,0
41.6,41.8,41.4,40.8,38.4,43.2,43.9,42.6,45.2,19.9,16.2,23.6,0.527,6.23,0.168,5.75,5.19,7.18,0.149,4.2,2.95,0.0364,0.232,0.451,33.5,26.0,75,24,400,3.8,11.0,4.4,6.2,5.7,4.6,6.1,5.3,5.5,7.4,6.0,11.8,4.2,7.4,89.4,0,0,0,0,0,0
40.2,36.2,44.2,36.8,34.8,38.8,42.4,39.8,45.0,19.8,20.8,18.8,0.538,6.33,0.172,6.02,5.31,7.34,0.15,4.33,3.05,0.0354,0.235,0.463,33.4,25.0,78,24,400,3.3,11.1,5.9,7.5,4.8,4.8,5.9,5.1,6.6,4.7,7.3,11.5,3.8,8.0,90.3,0,0,0,0,0,0
40.5,39.8,41.2,38.5,39.4,37.6,40.1,40.2,40.0,18.7,22.0,15.4,0.59,6.86,0.186,6.63,5.87,8.03,0.164,4.72,3.34,0.0362,0.254,0.514,33.2,25.0,77,23,400,2.5,10.5,4.8,6.8,5.5,5.5,5.5,6.1,4.5,5.4,6.4,10.2,3.5,6.1,83.3,0,0,0,0,0,0
45.1,44.4,45.8,28.7,27.4,30.0,52.0,53.0,51.0,18.2,20.2,16.2,0.162,2.11,0.0776,1.78,1.86,2.43,0.0539,1.38,0.997,0.0369,0.117,0.152,39.8,32.0,91,32,200,43.0,6.0,3.0,4.33,3.67,2.0,2.0,3.0,2.33,4.0,3.0,6.67,2.33,4.33,89.7,0,0,0,0,0,0
30.6,28.4,32.8,30.2,31.0,29.4,31.3,30.8,31.8,18.4,20.2,16.6,0.174,2.24,0.0798,1.96,1.99,2.56,0.0564,1.48,1.07,0.0358,0.122,0.169,33.4,26.0,62,19,200,10.1,6.7,2.7,3.4,3.2,2.1,2.7,2.7,3.2,2.5,1.9,6.0,2.2,2.9,52.3,0,0,0,0,0,0
31.3,30.2,32.4,29.8,29.2,30.4,33.7,33.2,34.2,18.6,15.2,22.0,0.184,2.39,0.0828,2.09,2.18,2.73,0.0564,1.58,1.16,0.0367,0.126,0.177,31.3,24.0,62,21,200,1.7,4.3,3.3,2.1,2.9,2.9,3.3,2.7,2.4,2.6,3.6,5.8,1.8,4.0,43.4,0,0,0,0,0,0
31.6,32.4,30.8,30.6,33.6,27.6,32.3,32.4,32.2,18.7,18.6,18.8,0.198,2.56,0.0863,2.24,2.29,2.9,0.0596,1.69,1.24,0.0364,0.13,0.186,30.3,23.0,65,20,200,1.8,5.8,2.4,2.5,2.9,3.2,3.1,2.7,2.6,1.9,2.6,5.6,2.0,4.1,43.2,0,0,0,0,0,0
31.5,34.0,29.0,28.9,29.0,28.8,30.9,29.2,32.6,18.3,15.4,21.2,0.203,2.7,0.0876,2.41,2.4,3.1,0.0635,1.8,1.31,0.0363,0.132,0.196,29.6,22.0,61,19,200,1.6,5.6,3.2,2.6,2.5,2.4,2.6,3.0,2.2,2.1,3.0,4.5,1.7,3.6,40.6,0,0,0,0,0,0
31.1,30.0,32.2,30.7,29.6,31.8,31.8,34.2,29.4,18.8,20.2,17.4,0.203,2.88,0.0857,2.57,2.55,3.26,0.064,1.91,1.38,0.0373,0.138,0.203,29.0,22.0,61,21,200,1.7,5.0,2.6,3.1,3.4,2.0,3.5,3.0,2.1,2.2,2.9,6.0,1.2,3.9,42.6,0,0,0,0,0,0
34.7,35.6,33.8,30.0,28.4,31.6,34.6,36.0,33.2,18.8,20.0,17.6,0.22,3.0,0.0927,2.73,2.72,3.49,0.0689,2.02,1.49,0.0364,0.144,0.219,29.2,22.0,75,21,200,1.8,5.4,3.3,2.5,2.3,4.0,3.7,2.2,2.5,2.4,2.9,5.9,1.8,3.9,44.6,0,0,0,0,0,0
31.6,28.0,35.2,29.5,29.4,29.6,32.8,37.0,28.6,20.0,19.4,20.6,0.232,3.21,0.0959,2.9,2.87,3.69,0.0733,2.17,1.57,0.0356,0.151,0.238,29.0,22.0,66,20,200,2.0,5.7,3.1,2.4,2.7,2.3,2.7,2.0,2.8,2.5,3.0,6.2,2.1,3.8,43.3,0,0,0,0,0,0
32.1,31.0,33.2,31.0,31.2,30.8,34.2,32.4,36.0,18.7,21.8,15.6,0.249,3.38,0.101,3.07,3.07,3.93,0.0776,2.3,1.66,0.0366,0.154,0.256,29.1,22.0,72,23,200,1.6,6.3,2.2,2.6,3.1,3.4,3.9,2.7,2.5,3.5,2.3,6.6,1.7,3.8,46.2,0,0,0,0,0,0
33.0,31.0,35.0,31.1,29.6,32.6,34.0,33.6,34.4,19.3,20.0,18.6,0.284,3.77,0.108,3.43,3.44,4.38,0.0904,2.57,1.84,0.0366,0.166,0.289,29.1,22.0,67,22,200,2.4,7.0,1.8,2.7,1.9,2.3,3.3,3.0,1.7,2.9,2.1,5.3,2.5,5.1,44.0,0,0,0,0,0,0
38.0,39.0,37.0,35.2,34.0,36.4,39.8,40.2,39.4,19.4,17.8,21.0,0.297,3.79,0.111,3.39,3.35,4.37,0.0896,2.43,1.72,0.0369,0.163,0.275,38.8,28.0,96,28,300,25.2,9.5,3.8,5.2,4.1,4.1,3.9,4.0,3.8,5.1,4.5,10.1,3.6,5.8,92.7,0,0,0,0,0,0
37.4,37.6,37.2,34.5,33.4,35.6,40.0,40.0,40.0,19.4,21.6,17.2,0.323,3.97,0.116,3.66,3.44,4.57,0.096,2.62,1.84,0.0382,0.17,0.294,35.6,26.0,73,22,300,3.2,8.8,3.2,4.1,4.6,5.1,4.3,3.6,3.9,4.2,4.0,9.0,3.1,5.5,66.6,0,0,0,0,0,0
38.3,37.4,39.2,35.3,33.0,37.6,44.3,42.2,46.4,20.0,18.4,21.6,0.361,4.19,0.128,3.7,3.58,4.8,0.107,2.74,1.93,0.0373,0.45,0.306,34.2,25.0,71,24,300,3.1,8.5,4.2,3.7,4.3,4.5,3.8,3.6,3.9,4.6,4.0,9.6,3.9,6.7,68.4,0,0,0,0,0,0
38.1,39.4,36.8,36.1,33.6,38.6,37.8,36.0,39.6,19.0,22.6,15.4,0.388,4.4,0.136,3.99,3.78,5.02,0.113,2.89,2.0,0.0373,0.455,0.327,32.9,24.0,65,21,300,2.8,7.9,4.6,3.2,4.4,4.2,4.0,3.8,4.5,4.6,4.0,9.0,3.2,7.0,67.2,0,0,0,0,0,0
35.8,34.4,37.2,34.4,33.8,35.0,35.4,34.8,36.0,19.2,22.6,15.8,0.406,4.51,0.133,4.09,3.96,5.15,0.114,3.02,2.09,0.0374,0.46,0.337,32.1,24.0,67,21,300,3.1,8.0,5.8,3.4,4.7,3.3,4.9,4.3,2.8,4.2,4.5,8.5,2.7,4.7,64.9,0,0,0,0,0,0
37.1,40.2,34.0,35.4,34.8,36.0,37.7,39.8,35.6,19.1,22.6,15.6,0.413,4.66,0.14,4.29,4.03,5.28,0.117,3.07,2.1,0.0383,0.464,0.347,31.4,23.0,65,21,300,3.5,7.8,4.6,4.0,4.3,3.6,3.6,3.9,3.8,4.2,4.8,7.8,2.2,6.3,64.4,0,0,0,0,0,0
36.3,37.4,35.2,35.5,34.2,36.8,39.2,41.6,36.8,19.7,16.2,23.2,0.426,4.87,0.142,4.46,4.21,5.54,0.119,3.21,2.2,0.0374,0.47,0.354,31.1,23.0,69,22,300,2.4,8.8,4.5,4.4,3.4,4.3,4.8,4.0,4.2,4.5,4.1,8.0,3.0,5.6,66.0,0,0,0,0,0,0
38.5,39.0,38.0,35.1,33.4,36.8,38.8,40.2,37.4,19.2,16.8,21.6,0.441,5.05,0.144,4.62,4.38,5.73,0.122,3.32,2.28,0.0364,0.476,0.373,31.1,23.0,77,23,300,3.0,10.3,4.0,4.5,3.6,4.6,4.0,4.0,4.4,4.6,3.0,9.5,3.5,5.7,68.7,0,0,0,0,0,0
35.7,35.8,35.6,36.9,37.8,36.0,38.4,37.8,39.0,19.6,21.0,18.2,0.497,5.52,0.158,5.09,4.88,6.33,0.137,3.68,2.56,0.0374,0.496,0.421,30.9,23.0,66,23,300,2.5,9.2,3.3,4.1,4.5,3.3,3.6,3.6,5.1,5.4,5.1,8.7,3.9,4.9,67.2,0,0,0,0,0,0
42.6,43.4,41.8,39.2,39.2,39.2,40.1,38.2,42.0,19.4,18.2,20.6,0.447,5.33,0.145,4.79,4.62,5.96,0.125,3.52,2.4,0.037,0.492,0.372,37.2,29.0,89,30,400,40.3,12.3,6.4,4.5,5.5,5.7,4.3,4.9,5.1,4.6,4.9,10.3,4.5,6.7,120.0,0,0,0,0,0,0
44.0,43.4,44.6,38.4,38.8,38.0,41.8,39.8,43.8,19.0,15.0,23.0,0.439,5.43,0.143,4.78,4.84,6.07,0.124,3.54,2.42,0.0378,0.219,0.383,35.0,27.0,72,24,400,2.8,8.7,5.6,5.9,6.0,5.5,5.4,5.8,5.5,5.4,7.1,11.4,3.0,7.9,86.0,0,0,0,0,0,0
42.7,44.4,41.0,40.2,41.6,38.8,42.9,43.2,42.6,18.8,17.6,20.0,0.453,5.59,0.146,4.91,5.0,6.31,0.125,3.71,2.55,0.0379,0.23,0.391,34.1,26.0,81,24,400,3.6,10.9,4.7,6.0,5.6,4.7,5.9,6.1,5.5,4.5,5.1,11.7,3.6,8.4,86.3,0,0,0,0,0,0
46.1,46.2,46.0,37.9,38.6,37.2,41.7,42.4,41.0,20.7,19.2,22.2,0.488,5.85,0.158,5.02,5.22,6.58,0.136,3.76,2.62,0.036,0.238,0.411,33.8,26.0,78,25,400,3.5,14.7,5.1,5.8,5.1,5.6,4.3,5.6,4.1,6.1,6.0,12.1,4.6,7.4,90.0,0,0,0,0,0,0
41.3,39.8,42.8,37.5,36.0,39.0,42.2,43.8,40.6,19.2,19.0,19.4,0.494,6.13,0.158,5.14,5.38,6.81,0.14,3.95,2.69,0.0369,0.243,0.419,33.6,26.0,75,25,400,4.5,10.4,6.3,5.5,6.3,4.5,6.1,4.3,4.5,5.3,6.3,11.6,3.9,9.0,88.5,0,0,0,0,0,0
45.4,46.2,44.6,41.3,42.8,39.8,42.2,44.2,40.2,19.7,20.8,18.6,0.525,6.18,0.168,5.23,5.62,6.95,0.147,4.01,2.77,0.036,0.247,0.435,33.3,26.0,74,24,400,4.2,9.5,5.3,4.5,4.8,4.8,5.4,4.4,6.0,5.5,5.8,12.6,3.9,7.6,84.3,0,0,0,0,0,0
42.3,41.8,42.8,40.8,39.2,42.4,42.8,41.6,44.0,19.3,20.6,18.0,0.54,6.29,0.169,5.23,5.8,7.12,0.149,4.06,2.84,0.0362,0.246,0.443,33.2,26.0,78,24,400,3.8,10.1,5.5,5.7,5.8,5.6,5.9,5.3,6.3,5.3,5.6,13.1,4.5,8.0,90.5,0,0,0,0,0,0
45.0,46.4,43.6,38.9,37.2,40.6,42.9,41.0,44.8,18.6,19.4,17.8,0.555,6.48,0.177,5.38,5.91,7.52,0.153,4.28,3.04,0.0363,0.253,0.46,33.2,26.0,76,25,400,3.4,11.2,5.6,5.1,5.9,4.9,6.9,5.4,6.0,4.7,6.4,13.0,4.8,7.1,90.4,0,0,0,0,0,0
44.1,47.0,41.2,39.5,38.8,40.2,43.3,43.0,43.6,21.5,20.8,22.2,0.601,6.99,0.186,5.98,6.59,8.14,0.168,4.69,3.3,0.0383,0.273,0.51,33.3,26.0,80,27,400,3.6,11.9,5.4,5.1,4.2,5.2,4.6,5.6,6.3,4.5,6.1,11.4,3.3,8.1,85.3,0,0,0,0,0,0
45.2,46.2,44.2,27.9,26.4,29.4,53.4,53.4,53.4,19.3,22.4,16.2,0.148,2.09,0.0741,1.91,1.64,2.36,0.0492,1.3,0.962,0.0361,0.11,0.148,42.5,31.0,90,31,200,38.3,7.0,3.33,1.0,1.67,3.0,2.33,4.0,4.0,2.0,2.67,4.67,2.67,2.67,79.3,0,0,0,0,0,0
33.8,33.4,34.2,31.6,30.0,33.2,33.0,37.0,29.0,19.5,16.6,22.4,0.176,2.27,0.0797,2.09,1.78,2.53,0.0571,1.44,1.06,0.0372,0.118,0.159,34.7,25.0,57,20,200,11.8,5.7,3.3,3.6,3.2,2.8,1.9,3.1,2.1,3.1,2.8,6.6,2.1,3.8,55.9,0,0,0,0,0,0
32.2,29.4,35.0,29.4,26.0,32.8,31.6,32.0,31.2,20.4,22.4,18.4,0.192,2.45,0.0859,2.21,1.95,2.75,0.0614,1.56,1.15,0.0383,0.123,0.177,32.9,23.0,74,20,200,2.2,5.2,1.4,3.4,2.7,2.5,2.9,2.8,3.3,2.2,3.5,6.0,2.1,3.5,43.7,0,0,0,0,0,0
31.1,28.6,33.6,29.3,29.4,29.2,34.5,32.6,36.4,19.0,20.4,17.6,0.199,2.62,0.0875,2.39,2.12,2.92,0.0632,1.65,1.22,0.0383,0.127,0.185,31.3,22.0,62,19,200,2.6,5.5,2.9,2.3,2.6,2.4,3.2,3.9,3.0,2.8,2.3,5.8,1.4,4.3,45.0,0,0,0,0,0,0
31.0,33.6,28.4,31.7,35.2,28.2,32.6,32.8,32.4,19.0,22.4,15.6,0.21,2.78,0.0884,2.51,2.3,3.12,0.067,1.76,1.29,0.0384,0.132,0.202,30.5,22.0,61,21,200,2.2,5.5,2.7,2.7,1.7,2.5,2.0,2.5,2.6,2.1,2.9,5.1,2.0,4.6,41.1,0,0,0,0,0,0
32.6,32.2,33.0,30.1,28.6,31.6,31.1,30.6,31.6,18.9,16.0,21.8,0.212,2.97,0.0904,2.71,2.44,3.32,0.067,1.86,1.39,0.0374,0.138,0.213,29.6,22.0,59,19,200,2.1,5.9,2.4,2.3,3.0,2.4,3.2,3.3,2.9,2.3,2.7,5.2,1.5,3.8,43.0,0,0,0,0,0,0
31.9,32.4,31.4,30.7,32.2,29.2,32.9,34.6,31.2,18.9,21.0,16.8,0.227,3.12,0.0926,2.88,2.6,3.49,0.0687,2.04,1.45,0.0383,0.143,0.223,29.3,22.0,66,19,200,1.9,6.2,3.3,2.9,2.2,3.3,2.2,3.2,2.1,2.6,2.2,5.3,2.1,5.1,44.6,0,0,0,0,0,0
31.0,31.4,30.6,30.4,32.8,28.0,32.5,34.4,30.6,18.9,16.8,21.0,0.234,3.28,0.0967,3.03,2.73,3.68,0.0712,2.18,1.56,0.0365,0.148,0.241,28.9,21.0,61,20,200,2.0,5.5,2.3,3.0,1.9,3.0,3.4,2.2,2.5,2.8,3.2,5.9,1.7,3.0,42.4,0,0,0,0,0,0
31.6,28.4,34.8,30.7,30.8,30.6,31.8,30.6,33.0,19.4,18.6,20.2,0.259,3.44,0.102,3.23,2.95,3.92,0.0766,2.26,1.66,0.0375,0.153,0.257,28.7,21.0,62,20,200,2.6,6.6,3.2,3.2,1.7,2.3,2.8,3.1,3.0,1.8,3.4,4.7,1.7,2.7,42.8,0,0,0,0,0,0
31.7,32.6,30.8,30.5,28.6,32.4,32.1,30.8,33.4,18.8,17.4,20.2,0.277,3.81,0.108,3.56,3.23,4.33,0.0841,2.54,1.82,0.0377,0.163,0.282,28.7,21.0,71,20,200,2.5,6.3,2.8,2.3,2.1,3.2,2.8,1.9,3.2,1.7,3.0,4.9,1.7,3.4,41.8,0,0,0,0,0,0
55.2,56.0,54.4,36.2,34.8,37.6,55.6,55.4,55.8,19.6,21.8,17.4,0.245,3.38,0.096,3.07,2.96,3.88,0.0705,2.27,1.63,0.0374,0.152,0.246,35.1,28.0,76,27,200,35.0,3.0,2.0,2.5,3.0,3.5,2.0,3.5,3.0,3.5,4.5,6.0,1.5,3.5,76.5,0,0,0,0,0,0
37.5,37.4,37.6,35.2,34.6,35.8,37.9,35.6,40.2,19.3,22.4,16.2,0.253,3.75,0.104,3.44,3.2,4.1,0.0773,2.43,1.73,0.0382,0.156,0.257,37.5,28.0,93,28,300,26.0,8.5,3.0,4.9,3.3,4.6,4.9,4.1,3.9,4.4,4.4,8.9,2.0,6.4,89.3,0,0,0,0,0,0
38.5,39.2,37.8,33.3,33.6,33.0,38.8,38.0,39.6,19.6,18.8,20.4,0.278,3.93,0.108,3.58,3.39,4.36,0.0835,2.62,1.83,0.0373,0.164,0.274,34.7,26.0,70,22,300,2.6,7.3,4.1,4.7,4.7,3.7,5.3,4.2,4.4,4.8,4.4,9.5,4.0,6.8,70.5,0,0,0,0,0,0
38.5,37.0,40.0,36.9,39.2,34.6,39.1,43.2,35.0,21.6,24.4,18.8,0.292,4.11,0.113,3.68,3.58,4.56,0.086,2.7,1.9,0.0361,0.451,0.289,33.8,25.0,80,22,300,3.1,7.7,4.3,3.8,4.7,4.4,5.1,5.0,4.4,3.2,3.4,8.1,3.0,5.1,65.3,0,0,0,0,0,0
36.8,40.2,33.4,36.4,36.4,36.4,38.0,39.0,37.0,19.9,18.8,21.0,0.31,4.2,0.118,3.81,3.7,4.76,0.0917,2.83,1.98,0.0379,0.456,0.296,33.0,25.0,71,24,300,2.8,8.5,3.8,4.1,4.2,3.4,3.6,3.4,4.1,5.3,3.9,8.7,2.9,6.2,64.9,0,0,0,0,0,0
37.6,36.6,38.6,35.5,37.6,33.4,37.0,38.4,35.6,20.9,22.6,19.2,0.33,4.38,0.123,4.02,3.88,4.96,0.0982,2.94,2.1,0.0369,0.461,0.312,32.9,25.0,84,23,300,2.4,9.6,3.2,4.6,3.8,4.0,4.8,4.2,3.9,5.4,3.9,8.2,2.7,7.7,68.4,0,0,0,0,0,0
37.3,38.2,36.4,37.3,38.8,35.8,37.6,39.6,35.6,19.8,20.0,19.6,0.323,4.6,0.122,4.11,4.02,5.15,0.096,3.07,2.14,0.0359,0.466,0.324,32.3,24.0,66,21,300,2.5,9.4,4.5,4.5,4.0,4.6,4.4,3.5,3.4,4.0,4.1,7.1,1.9,5.1,63.0,0,0,0,0,0,0
39.0,38.2,39.8,33.4,33.0,33.8,39.9,39.2,40.6,20.6,17.4,23.8,0.346,4.81,0.128,4.29,4.24,5.41,0.101,3.22,2.27,0.0359,0.475,0.343,32.0,24.0,74,23,300,2.8,8.9,4.2,4.9,3.5,3.7,3.0,4.4,4.5,4.9,4.5,9.0,2.4,6.1,66.8,0,0,0,0,0,0
39.1,36.8,41.4,34.4,36.4,32.4,40.5,38.4,42.6,20.3,22.2,18.4,0.367,4.92,0.131,4.49,4.42,5.62,0.108,3.32,2.36,0.036,0.479,0.353,31.8,24.0,68,23,300,3.6,9.6,3.9,5.0,3.3,3.5,3.6,2.4,4.0,4.0,5.8,8.4,2.5,6.6,66.2,0,0,0,0,0,0
37.0,38.4,35.6,37.0,35.2,38.8,38.7,40.2,37.2,19.2,23.6,14.8,0.409,5.49,0.143,4.95,4.94,6.27,0.115,3.69,2.59,0.0367,0.495,0.395,31.5,24.0,68,22,300,3.0,8.7,4.0,3.2,5.6,4.7,4.1,2.5,4.8,4.2,4.2,8.1,3.4,6.6,67.1,0,0,0,0,0,0
42.3,44.6,40.0,38.2,38.2,38.2,43.0,42.6,43.4,19.6,22.8,16.4,0.381,5.35,0.131,4.82,4.59,5.98,0.106,3.46,2.39,0.0369,0.2,0.364,36.4,28.0,88,30,400,42.4,9.7,6.0,4.7,4.7,5.6,4.7,4.1,4.9,6.4,5.1,11.0,3.5,6.9,120.0,0,0,0,0,0,0
43.8,43.0,44.6,37.6,37.2,38.0,42.7,41.2,44.2,20.2,17.6,22.8,0.381,5.4,0.131,4.86,4.72,6.1,0.106,3.56,2.53,0.0372,0.204,0.372,34.3,27.0,76,23,400,3.0,10.7,5.9,6.3,5.1,4.2,5.7,6.0,6.6,6.0,5.5,10.4,2.4,7.9,85.7,0,0,0,0,0,0
43.8,46.2,41.4,38.6,41.8,35.4,42.2,41.0,43.4,19.7,21.6,17.8,0.389,5.6,0.135,5.09,4.92,6.33,0.106,3.6,2.62,0.0373,0.212,0.381,33.9,26.0,75,25,400,2.7,11.9,4.5,6.0,5.5,5.3,5.4,6.0,5.8,5.1,4.8,11.1,3.6,8.0,85.7,0,0,0,0,0,0
43.7,42.2,45.2,38.7,39.2,38.2,43.9,44.2,43.6,19.5,18.8,20.2,0.419,5.71,0.141,5.2,5.03,6.47,0.119,3.76,2.64,0.0371,0.216,0.391,33.8,26.0,80,24,400,3.4,10.0,6.2,6.0,6.2,6.4,6.1,4.2,5.0,5.4,5.6,12.8,4.1,7.8,89.2,0,0,0,0,0,0
40.1,39.2,41.0,36.2,36.6,35.8,41.1,41.8,40.4,20.1,21.8,18.4,0.451,5.83,0.148,5.31,5.14,6.64,0.126,3.88,2.73,0.0382,0.221,0.403,33.5,26.0,75,23,400,3.9,10.5,5.2,6.1,5.5,4.5,6.0,5.8,4.8,6.0,6.6,10.8,3.8,7.7,87.2,0,0,0,0,0,0
43.2,42.6,43.8,37.0,37.2,36.8,44.7,43.8,45.6,19.5,20.6,18.4,0.453,6.09,0.15,5.31,5.25,6.8,0.13,3.97,2.88,0.0373,0.226,0.413,33.2,25.0,76,24,400,3.9,11.8,5.5,6.6,5.3,5.4,3.1,6.4,4.9,4.3,6.2,9.0,2.9,7.2,82.5,0,0,0,0,0,0
42.0,40.0,44.0,38.0,40.0,36.0,44.3,42.6,46.0,20.1,18.6,21.6,0.447,6.04,0.148,5.38,5.41,6.96,0.132,4.06,2.89,0.0372,0.232,0.423,33.1,25.0,78,25,400,3.3,10.2,5.1,5.4,4.6,6.0,4.8,4.8,5.9,5.6,4.9,10.2,3.5,8.8,83.1,0,0,0,0,0,0
43.6,44.4,42.8,39.1,39.6,38.6,42.4,43.0,41.8,19.7,18.2,21.2,0.478,6.28,0.155,5.55,5.63,7.09,0.137,4.21,3.03,0.0364,0.239,0.432,33.0,25.0,73,25,400,4.1,10.8,4.9,5.3,5.0,4.9,6.4,6.1,6.1,4.9,5.7,13.0,4.5,7.3,89.0,0,0,0,0,0,0
40.4,41.8,39.0,39.8,39.8,39.8,41.3,41.4,41.2,19.5,20.8,18.2,0.53,6.73,0.173,6.12,6.18,7.93,0.153,4.59,3.3,0.0374,0.255,0.491,33.1,25.0,76,25,400,3.2,13.5,4.4,6.3,6.6,5.1,5.2,4.6,5.0,4.7,6.3,11.8,3.2,6.5,86.4,0,0,0,0,0,0
44.2,43.0,45.4,29.0,31.7,26.3,50.4,50.8,50.0,21.2,18.6,23.8,0.151,2.11,0.0717,1.8,1.91,2.41,0.0484,1.34,1.01,0.0374,0.114,0.147,41.0,33.0,93,34,200,42.7,6.33,4.33,4.0,3.33,4.33,3.0,1.33,4.67,3.0,2.0,5.33,0.667,4.67,89.7,0,0,0,0,0,0
32.7,34.8,30.6,28.9,30.2,27.6,32.5,33.0,32.0,18.9,15.2,22.6,0.151,2.27,0.071,1.9,2.06,2.55,0.0491,1.43,1.07,0.0374,0.119,0.16,33.9,26.0,59,20,200,9.3,6.1,2.5,3.4,2.6,3.1,3.3,3.3,3.0,2.8,2.7,5.7,1.5,3.0,52.3,0,0,0,0,0,0
33.8,36.8,30.8,27.8,24.6,31.0,33.6,36.8,30.4,18.4,16.8,20.0,0.16,2.43,0.0751,2.04,2.17,2.78,0.0536,1.54,1.12,0.0365,0.122,0.175,31.3,24.0,65,19,200,1.6,5.6,2.1,2.4,2.5,2.1,1.8,3.0,3.8,2.5,3.4,4.1,1.4,4.0,40.3,0,0,0,0,0,0
32.1,30.2,34.0,29.7,27.8,31.6,30.9,29.6,32.2,20.0,22.2,17.8,0.178,2.58,0.0776,2.2,2.33,2.92,0.0549,1.64,1.2,0.0376,0.127,0.181,30.6,23.0,67,22,200,1.5,6.1,2.5,1.7,4.0,2.5,2.7,2.8,1.9,2.1,2.7,5.7,2.4,3.8,42.4,0,0,0,0,0,0
33.9,36.8,31.0,28.1,26.8,29.4,32.6,30.0,35.2,20.3,23.8,16.8,0.19,2.74,0.0811,2.35,2.51,3.11,0.0585,1.74,1.29,0.0375,0.13,0.195,29.7,23.0,58,21,200,3.2,5.0,2.8,2.5,2.6,2.6,2.9,2.4,2.6,3.0,2.8,6.0,1.5,4.7,44.6,0,0,0,0,0,0
33.2,30.6,35.8,31.2,32.2,30.2,31.8,30.4,33.2,20.2,22.4,18.0,0.199,2.97,0.0837,2.52,2.67,3.29,0.0633,1.88,1.36,0.0374,0.136,0.205,29.3,23.0,62,23,200,2.3,5.7,2.7,3.5,3.0,2.9,2.7,2.7,2.5,2.2,2.4,6.1,2.4,3.6,44.7,0,0,0,0,0,0
33.7,33.4,34.0,30.3,30.6,30.0,34.2,33.4,35.0,19.9,17.2,22.6,0.228,3.08,0.0925,2.68,2.81,3.53,0.0688,2.03,1.48,0.0381,0.143,0.22,28.9,22.0,61,21,200,1.5,4.5,3.1,1.6,3.7,2.6,2.5,3.1,3.1,3.7,3.2,5.4,2.2,4.0,44.2,0,0,0,0,0,0
32.7,32.6,32.8,29.7,29.0,30.4,31.1,28.6,33.6,20.1,16.6,23.6,0.245,3.2,0.097,2.85,2.96,3.7,0.0746,2.13,1.53,0.0362,0.148,0.235,28.6,22.0,60,21,200,2.9,5.1,3.0,2.5,3.0,2.9,2.4,2.4,2.8,2.0,3.6,6.1,2.0,2.8,43.5,0,0,0,0,0,0
35.0,34.4,35.6,29.3,30.0,28.6,34.3,34.0,34.6,18.6,17.8,19.4,0.271,3.38,0.105,3.04,3.19,3.99,0.083,2.3,1.66,0.0372,0.155,0.263,28.6,22.0,65,22,200,1.8,5.2,3.5,2.0,3.0,2.9,2.5,2.4,3.4,2.5,2.9,7.2,2.2,4.2,45.7,0,0,0,0,0,0
33.0,30.2,35.8,29.1,26.6,31.6,33.8,30.4,37.2,19.0,16.0,22.0,0.302,3.77,0.112,3.38,3.55,4.42,0.0897,2.56,1.84,0.0373,0.167,0.29,28.6,22.0,64,22,200,2.1,5.9,3.0,3.1,2.6,2.4,2.2,1.6,2.5,2.9,2.7,5.9,2.4,3.9,43.2,0,0,0,0,0,0
38.0,36.4,39.6,33.6,33.8,33.4,38.5,40.2,36.8,19.4,20.0,18.8,0.312,3.85,0.114,3.4,3.45,4.51,0.0936,2.44,1.74,0.0374,0.165,0.271,42.9,31.0,120,31,300,27.2,7.7,4.4,3.1,4.4,4.8,3.9,4.5,4.9,4.5,4.6,9.4,3.2,6.9,93.5,0,0,0,0,0,0
37.0,40.2,33.8,34.4,34.2,34.6,43.1,42.6,43.6,20.2,23.6,16.8,0.326,4.01,0.117,3.53,3.54,4.64,0.0965,2.59,1.82,0.0374,0.312,0.289,38.0,26.0,71,21,300,2.9,10.1,5.7,4.1,4.8,3.4,3.5,4.1,3.4,3.8,3.5,9.2,3.2,5.7,67.4,0,0,0,0,0,0
39.7,38.8,40.6,32.9,32.8,33.0,39.6,39.0,40.2,19.9,23.0,16.8,0.343,4.12,0.12,3.67,3.72,4.92,0.109,2.73,1.93,0.0374,0.43,0.302,35.6,25.0,65,21,300,3.7,7.1,4.0,4.5,4.0,3.6,4.8,4.5,4.2,2.6,4.3,8.8,2.5,6.5,65.1,0,0,0,0,0,0
37.1,33.0,41.2,33.3,34.4,32.2,39.8,41.0,38.6,19.5,19.0,20.0,0.346,4.27,0.121,3.92,3.78,5.03,0.11,2.82,2.01,0.0377,0.436,0.314,34.3,24.0,66,22,300,2.9,9.2,4.6,4.0,4.2,3.6,4.5,4.0,4.5,5.0,3.3,8.3,3.1,5.5,66.7,0,0,0,0,0,0
40.0,39.2,40.8,32.9,34.2,31.6,39.4,37.2,41.6,19.4,23.2,15.6,0.368,4.44,0.128,4.06,3.88,5.21,0.112,2.99,2.12,0.0367,0.439,0.336,33.5,24.0,72,22,300,2.9,9.3,3.0,4.0,3.8,3.7,4.4,4.0,4.6,4.3,4.9,8.5,3.0,5.2,65.6,0,0,0,0,0,0
38.0,39.0,37.0,34.6,33.4,35.8,37.5,39.8,35.2,20.0,18.0,22.0,0.385,4.61,0.129,4.3,4.04,5.45,0.116,3.1,2.18,0.0376,0.445,0.336,32.9,24.0,68,22,300,2.3,9.4,4.0,4.2,5.4,3.9,3.1,3.7,4.7,4.0,5.3,9.2,2.4,6.6,68.2,0,0,0,0,0,0
40.3,41.4,39.2,34.4,35.6,33.2,39.0,39.2,38.8,19.8,20.6,19.0,0.389,4.77,0.133,4.39,4.27,5.55,0.116,3.21,2.26,0.0376,0.453,0.353,32.5,24.0,74,22,300,2.3,8.1,4.8,3.5,4.7,4.1,2.5,4.4,5.5,5.7,4.2,8.2,2.8,4.8,65.6,0,0,0,0,0,0
41.1,41.0,41.2,34.3,35.8,32.8,37.5,34.6,40.4,19.9,21.4,18.4,0.395,4.98,0.136,4.58,4.33,5.8,0.119,3.33,2.33,0.0365,0.457,0.362,32.2,23.0,69,23,300,3.2,7.5,3.1,3.5,3.9,5.1,4.8,3.9,4.7,3.6,5.0,9.1,3.5,7.2,68.1,0,0,0,0,0,0
38.0,38.2,37.8,32.4,34.0,30.8,37.3,36.8,37.8,19.6,19.2,20.0,0.433,5.49,0.144,5.05,4.86,6.37,0.13,3.72,2.6,0.0374,0.472,0.399,32.1,23.0,72,23,300,2.6,7.7,4.5,3.4,3.4,4.3,4.5,4.9,4.7,3.9,3.3,8.3,2.4,5.8,63.7,0,0,0,0,0,0
40.7,38.8,42.6,38.2,37.4,39.0,41.5,40.4,42.6,19.8,19.4,20.2,0.388,5.24,0.135,4.72,4.56,5.88,0.114,3.42,2.49,0.0374,0.204,0.358,35.5,27.0,84,28,400,43.0,11.2,5.5,6.5,4.2,4.5,5.3,4.9,4.9,4.6,4.9,8.4,3.2,5.7,117.0,0,0,0,0,0,0
42.4,43.0,41.8,38.4,40.2,36.6,42.7,43.4,42.0,19.3,19.0,19.6,0.416,5.41,0.142,4.88,4.69,6.04,0.121,3.5,2.5,0.0375,0.212,0.37,33.9,26.0,74,23,400,4.4,10.3,6.1,5.9,5.1,4.7,6.8,5.5,5.8,5.9,5.3,12.2,4.7,7.1,89.8,0,0,0,0,0,0
42.2,42.0,42.4,37.2,36.4,38.0,43.1,42.4,43.8,19.8,21.8,17.8,0.421,5.48,0.144,5.13,4.81,6.26,0.125,3.67,2.63,0.0383,0.216,0.383,32.9,25.0,73,23,400,3.6,11.9,6.1,4.7,5.0,4.0,5.4,7.1,5.3,5.9,5.1,12.2,4.4,7.2,87.9,0,0,0,0,0,0
41.0,44.0,38.0,38.6,39.2,38.0,40.8,38.2,43.4,19.4,22.8,16.0,0.442,5.67,0.147,5.12,4.89,6.42,0.128,3.7,2.65,0.0375,0.223,0.392,32.3,25.0,73,23,400,5.4,12.2,4.9,5.2,4.4,4.9,5.5,3.6,4.6,5.0,6.0,10.4,3.5,7.0,82.6,0,0,0,0,0,0
44.4,44.4,44.4,37.5,35.8,39.2,44.1,43.8,44.4,19.8,19.2,20.4,0.462,5.76,0.154,5.35,5.02,6.61,0.135,3.89,2.78,0.0374,0.225,0.409,32.5,25.0,81,24,400,3.5,13.1,7.1,5.2,6.8,5.2,5.4,4.0,7.2,5.3,5.3,10.4,4.0,6.2,88.7,0,0,0,0,0,0
42.4,43.6,41.2,36.8,35.6,38.0,41.9,40.8,43.0,20.4,22.8,18.0,0.467,5.9,0.156,5.44,5.09,6.72,0.134,3.93,2.84,0.0384,0.225,0.41,32.4,25.0,75,23,400,4.1,12.5,5.0,5.1,6.4,5.3,5.4,5.6,5.4,4.9,4.6,11.4,4.2,8.7,88.6,0,0,0,0,0,0
41.6,41.8,41.4,38.5,38.2,38.8,42.0,43.4,40.6,20.3,17.2,23.4,0.46,6.03,0.158,5.59,5.27,6.89,0.14,4.0,2.85,0.0385,0.23,0.431,32.0,24.0,69,23,400,4.1,10.0,4.9,5.7,4.9,5.8,5.9,7.1,5.0,5.7,5.4,9.9,2.5,8.3,85.2,0,0,0,0,0,0
41.5,39.4,43.6,38.5,37.4,39.6,40.9,43.6,38.2,19.9,21.6,18.2,0.5,6.16,0.162,5.67,5.41,7.16,0.148,4.16,2.96,0.0373,0.232,0.444,31.9,24.0,76,23,400,3.6,10.4,6.2,5.9,5.2,5.4,5.3,4.7,5.9,5.3,6.0,10.4,3.5,7.3,85.1,0,0,0,0,0,0
41.8,39.6,44.0,40.0,41.6,38.4,41.6,44.0,39.2,20.8,22.6,19.0,0.548,6.78,0.177,6.18,6.05,7.91,0.165,4.59,3.28,0.0385,0.254,0.492,32.0,24.0,75,24,400,4.3,10.7,4.2,5.9,5.6,5.4,6.3,5.7,5.9,5.1,5.6,10.6,3.6,7.5,86.4,0,0,0,0,0,0
46.4,46.4,46.4,29.1,30.0,28.2,51.3,51.4,51.2,20.4,18.4,22.4,0.146,2.13,0.0696,1.78,1.91,2.42,0.0448,1.32,0.972,0.0365,0.118,0.15,42.6,32.0,93,31,200,39.3,7.0,5.0,3.0,2.67,3.67,2.67,2.67,1.33,1.33,3.0,5.0,1.67,4.0,82.3,0,0,0,0,0,0
30.9,27.8,34.0,30.1,31.6,28.6,33.8,33.2,34.4,18.6,19.8,17.4,0.162,2.36,0.0733,1.88,2.07,2.63,0.0492,1.43,1.09,0.0366,0.123,0.166,36.1,26.0,66,22,200,10.5,6.6,3.5,2.8,3.2,2.3,3.5,2.7,2.5,3.0,2.5,5.4,2.2,3.9,54.6,0,0,0,0,0,0
33.8,33.8,33.8,32.8,33.6,32.0,31.6,31.2,32.0,19.2,16.8,21.6,0.182,2.5,0.0804,2.04,2.29,2.82,0.057,1.58,1.16,0.0384,0.128,0.182,33.3,25.0,66,23,200,1.3,5.0,2.2,2.3,2.2,2.5,2.2,2.3,3.3,4.0,3.3,6.4,2.1,4.1,43.2,0,0,0,0,0,0
32.9,34.2,31.6,31.5,33.0,30.0,31.6,33.8,29.4,18.3,16.6,20.0,0.189,2.68,0.0823,2.22,2.43,3.08,0.0603,1.71,1.26,0.0373,0.134,0.195,32.1,24.0,68,22,200,1.6,5.7,3.5,2.9,3.1,2.9,2.9,2.6,3.1,2.2,3.2,7.3,1.8,4.2,47.0,0,0,0,0,0,0
32.8,34.4,31.2,30.9,31.2,30.6,32.8,35.0,30.6,18.3,21.6,15.0,0.227,2.82,0.0899,2.39,2.55,3.27,0.067,1.85,1.36,0.0372,0.14,0.211,31.5,24.0,72,22,200,1.3,6.2,3.4,3.0,3.7,2.3,2.3,2.3,3.1,2.6,2.0,6.6,2.4,3.1,44.3,0,0,0,0,0,0
34.1,35.6,32.6,29.9,31.8,28.0,31.8,31.8,31.8,19.9,21.4,18.4,0.252,2.98,0.094,2.57,2.74,3.42,0.0713,1.98,1.44,0.0374,0.145,0.224,30.9,23.0,66,21,200,2.5,5.1,2.8,3.0,2.3,2.5,2.8,3.2,2.2,2.0,3.7,5.2,2.1,3.8,43.2,0,0,0,0,0,0
30.8,29.4,32.2,30.4,30.6,30.2,32.4,33.8,31.0,18.7,21.2,16.2,0.247,3.1,0.0953,2.7,2.87,3.54,0.0712,2.09,1.51,0.0373,0.147,0.24,30.5,23.0,65,20,200,2.3,6.7,1.7,2.7,2.8,2.5,2.5,1.8,3.7,3.0,2.4,4.5,1.3,4.0,41.9,0,0,0,0,0,0
31.4,32.6,30.2,29.7,31.6,27.8,32.5,30.8,34.2,19.3,19.6,19.0,0.248,3.29,0.0958,2.8,3.02,3.77,0.0742,2.18,1.59,0.0372,0.151,0.246,29.9,23.0,60,19,200,2.5,6.5,2.3,3.0,2.9,2.1,3.0,3.2,2.3,2.4,2.7,4.8,1.4,3.7,42.8,0,0,0,0,0,0
30.3,27.6,33.0,30.4,27.2,33.6,33.0,32.6,33.4,19.5,15.4,23.6,0.269,3.39,0.102,3.02,3.15,3.93,0.0785,2.31,1.68,0.0364,0.157,0.267,29.6,22.0,66,21,200,1.8,6.2,2.8,3.2,3.3,2.7,2.8,2.4,2.5,2.7,2.1,5.0,2.1,3.7,43.3,0,0,0,0,0,0
32.4,33.0,31.8,30.7,32.6,28.8,33.6,34.2,33.0,18.0,19.8,16.2,0.293,3.75,0.109,3.36,3.49,4.32,0.0872,2.58,1.84,0.0374,0.168,0.293,29.5,22.0,66,20,200,1.3,7.3,2.1,3.1,2.5,2.6,2.6,2.5,2.9,2.7,2.8,5.1,1.6,4.0,43.1,0,0,0,0,0,0
38.0,37.8,38.2,34.1,37.2,31.0,37.6,36.6,38.6,20.7,20.2,21.2,0.273,3.75,0.105,3.38,3.25,4.13,0.0798,2.46,1.78,0.0371,0.159,0.268,37.2,28.0,87,28,300,24.9,8.5,4.6,3.9,5.2,4.3,4.1,5.0,4.2,4.8,4.1,9.4,2.6,5.9,91.5,0,0,0,0,0,0
36.4,38.6,34.2,34.3,36.2,32.4,36.3,33.2,39.4,18.9,19.6,18.2,0.284,3.82,0.106,3.45,3.34,4.32,0.0836,2.56,1.85,0.0372,0.163,0.28,35.3,27.0,73,24,300,2.2,7.8,4.2,3.7,4.9,4.7,4.1,4.0,3.6,4.9,4.5,8.2,3.2,5.6,65.6,0,0,0,0,0,0
37.1,36.8,37.4,35.4,32.4,38.4,37.0,37.0,37.0,20.9,19.4,22.4,0.281,3.95,0.108,3.6,3.52,4.49,0.084,2.64,1.88,0.0363,0.429,0.287,34.1,26.0,73,24,300,2.9,9.6,4.8,4.5,4.0,3.9,3.0,3.9,4.0,4.2,4.2,7.8,2.3,6.5,65.6,0,0,0,0,0,0
36.3,33.0,39.6,35.6,34.8,36.4,37.6,35.8,39.4,18.9,21.6,16.2,0.308,4.18,0.115,3.82,3.68,4.77,0.0899,2.79,2.01,0.0372,0.437,0.294,32.8,25.0,67,20,300,3.2,8.3,4.5,3.9,3.5,5.4,3.4,3.9,4.2,4.7,4.3,9.0,3.3,5.6,67.2,0,0,0,0,0,0
39.6,40.2,39.0,33.7,31.8,35.6,38.2,38.4,38.0,19.8,22.6,17.0,0.325,4.27,0.123,4.06,3.81,4.91,0.0987,2.94,2.14,0.0383,0.443,0.313,32.3,24.0,72,22,300,2.4,7.6,4.2,5.0,4.3,4.3,4.0,4.0,3.3,4.3,5.3,8.7,2.3,5.5,65.2,0,0,0,0,0,0
38.8,40.0,37.6,34.9,36.8,33.0,39.8,38.8,40.8,19.1,18.4,19.8,0.342,4.45,0.126,4.26,4.02,5.23,0.102,3.11,2.23,0.0372,0.447,0.326,32.1,24.0,73,23,300,2.6,8.6,4.9,3.9,4.5,4.3,3.9,3.7,4.6,4.4,3.0,8.4,3.3,5.9,66.0,0,0,0,0,0,0
36.6,36.6,36.6,35.2,35.2,35.2,39.0,39.4,38.6,19.4,22.4,16.4,0.361,4.64,0.128,4.38,4.11,5.41,0.105,3.23,2.31,0.0374,0.453,0.336,31.7,24.0,73,22,300,2.5,10.7,4.5,3.5,4.6,4.3,3.9,3.4,4.0,4.1,3.3,8.1,2.4,7.2,66.5,0,0,0,0,0,0
37.9,35.8,40.0,37.5,35.4,39.6,37.3,35.2,39.4,20.6,21.0,20.2,0.39,4.84,0.137,4.59,4.33,5.7,0.11,3.29,2.36,0.0382,0.457,0.358,31.9,24.0,80,23,300,2.9,8.2,4.0,3.8,3.2,5.0,5.3,4.4,4.5,2.9,5.0,10.4,4.0,6.4,70.0,0,0,0,0,0,0
38.5,36.4,40.6,35.8,35.6,36.0,39.3,37.6,41.0,20.0,18.0,22.0,0.44,5.36,0.148,5.15,4.83,6.31,0.123,3.72,2.65,0.0372,0.475,0.398,31.8,24.0,74,23,300,3.1,10.6,4.1,4.1,2.7,4.2,3.0,5.0,4.5,4.3,3.1,9.5,2.7,5.6,66.5,0,0,0,0,0,0
42.4,39.8,45.0,40.1,40.2,40.0,39.9,39.4,40.4,19.2,19.6,18.8,0.443,5.36,0.141,4.95,4.5,6.02,0.12,3.51,2.49,0.0365,0.467,0.369,38.3,29.0,98,31,400,41.1,10.4,6.6,4.8,4.8,5.5,6.1,5.3,4.7,4.1,5.7,11.2,4.0,8.2,123.0,0,0,0,0,0,0
42.3,42.8,41.8,38.2,39.0,37.4,42.9,42.6,43.2,18.9,21.6,16.2,0.44,5.49,0.144,4.91,4.76,6.27,0.123,3.62,2.6,0.0376,0.211,0.376,36.2,28.0,76,25,400,3.3,12.7,5.9,5.5,5.0,5.3,4.9,4.4,6.6,6.4,6.1,11.1,3.9,8.3,89.4,0,0,0,0,0,0
43.5,40.6,46.4,40.2,38.0,42.4,44.9,42.6,47.2,20.1,20.0,20.2,0.458,5.68,0.151,5.11,4.93,6.48,0.127,3.66,2.67,0.0375,0.213,0.401,35.0,27.0,71,24,400,3.8,11.6,5.3,5.8,6.0,5.7,6.2,5.0,6.0,5.9,3.9,12.5,3.7,8.1,89.5,0,0,0,0,0,0
43.2,43.8,42.6,39.7,42.8,36.6,43.2,41.6,44.8,19.7,20.8,18.6,0.478,5.92,0.154,5.25,5.05,6.65,0.131,3.86,2.79,0.0376,0.221,0.406,34.8,27.0,85,25,400,4.3,12.1,5.9,4.8,5.3,6.2,5.4,5.3,6.4,4.5,6.6,11.8,4.2,6.9,89.7,0,0,0,0,0,0
42.5,40.2,44.8,40.7,39.0,42.4,45.4,46.2,44.6,20.9,18.2,23.6,0.516,6.07,0.162,5.41,5.23,6.94,0.141,3.97,2.87,0.0384,0.236,0.427,34.5,26.0,81,24,400,3.9,11.2,6.6,5.9,5.1,5.7,5.1,4.9,5.6,5.1,6.3,12.0,4.1,7.6,89.1,0,0,0,0,0,0
43.5,43.8,43.2,38.6,36.2,41.0,43.4,45.4,41.4,20.0,18.4,21.6,0.521,6.27,0.165,5.5,5.37,7.17,0.141,4.1,2.93,0.0384,0.245,0.438,34.3,26.0,80,25,400,3.2,11.9,5.3,5.9,5.5,6.3,4.2,5.0,5.3,6.1,5.2,11.7,3.9,8.5,88.0,0,0,0,0,0,0
43.9,41.4,46.4,39.4,36.8,42.0,46.0,45.0,47.0,19.1,21.8,16.4,0.519,6.24,0.167,5.69,5.55,7.21,0.147,4.18,3.04,0.0383,0.243,0.447,34.2,26.0,76,24,400,3.7,11.6,5.6,6.0,3.8,5.2,5.3,6.0,5.8,5.1,5.5,10.8,3.8,7.7,85.9,0,0,0,0,0,0
45.2,44.0,46.4,40.0,40.8,39.2,44.1,41.2,47.0,19.1,21.6,16.6,0.531,6.54,0.169,5.8,5.65,7.4,0.147,4.28,3.11,0.0374,0.252,0.46,34.1,26.0,78,25,400,3.1,10.7,6.5,4.7,6.0,6.0,6.9,6.5,5.1,4.4,5.8,11.4,3.9,7.9,88.9,0,0,0,0,0,0
43.0,41.0,45.0,40.4,41.2,39.6,42.9,44.2,41.6,19.5,19.8,19.2,0.576,7.02,0.183,6.41,6.27,8.18,0.161,4.71,3.4,0.0375,0.27,0.503,33.9,26.0,75,23,400,4.5,9.1,6.0,4.5,6.8,5.5,6.0,6.4,5.8,4.8,6.5,11.6,3.1,6.9,87.5,0,0,0,0,0,0
46.7,47.8,45.6,28.4,28.0,28.8,52.7,52.2,53.2,19.0,21.0,17.0,0.134,2.16,0.0681,1.58,1.99,2.43,0.0428,1.24,0.951,0.0371,0.111,0.143,40.7,32.0,83,31,200,37.0,7.0,1.0,3.33,2.33,1.0,3.0,4.33,1.67,4.33,3.0,4.33,1.67,5.67,79.7,0,0,0,0,0,0
31.8,29.2,34.4,29.4,28.0,30.8,32.5,35.0,30.0,18.3,20.8,15.8,0.146,2.27,0.0726,1.78,2.12,2.61,0.048,1.4,1.04,0.0384,0.116,0.155,34.3,25.0,67,18,200,10.9,5.2,3.2,3.0,2.9,2.9,3.1,1.9,2.9,3.1,2.7,6.1,2.3,4.0,54.2,0,0,0,0,0,0
31.3,30.0,32.6,31.4,32.0,30.8,32.0,29.4,34.6,19.0,16.4,21.6,0.163,2.43,0.0765,1.95,2.24,2.79,0.0509,1.51,1.1,0.0375,0.12,0.163,32.1,24.0,63,20,200,2.5,5.0,2.3,2.7,4.0,2.3,2.3,2.7,2.7,2.7,2.9,6.5,2.5,3.3,44.4,0,0,0,0,0,0
31.5,33.0,30.0,29.8,29.6,30.0,31.5,33.4,29.6,18.2,21.4,15.0,0.173,2.5,0.0822,2.12,2.38,2.97,0.0567,1.65,1.23,0.0364,0.126,0.183,30.5,22.0,61,20,200,0.9,6.1,3.2,2.1,2.8,3.1,3.0,2.8,2.7,2.6,3.6,5.4,1.3,3.4,43.0,0,0,0,0,0,0
32.0,33.0,31.0,31.3,30.0,32.6,31.1,27.4,34.8,18.5,15.2,21.8,0.206,2.65,0.0901,2.31,2.51,3.1,0.0617,1.77,1.3,0.0374,0.131,0.2,30.1,22.0,66,21,200,2.1,6.7,3.0,2.4,3.4,1.6,2.7,3.0,3.5,2.2,2.2,5.9,2.4,2.9,44.0,0,0,0,0,0,0
32.9,33.6,32.2,30.7,31.4,30.0,32.3,32.2,32.4,18.5,17.2,19.8,0.238,2.84,0.0961,2.46,2.67,3.32,0.0707,1.93,1.4,0.0382,0.139,0.221,29.6,22.0,64,21,200,1.4,6.5,2.3,2.4,2.8,2.7,4.1,2.9,2.3,3.2,2.6,6.2,2.6,3.3,45.3,0,0,0,0,0,0
32.0,31.4,32.6,29.8,31.6,28.0,30.7,28.2,33.2,18.7,19.6,17.8,0.244,3.05,0.101,2.63,2.83,3.52,0.0746,2.01,1.48,0.0372,0.141,0.231,29.2,22.0,63,21,200,2.7,5.9,2.6,2.3,2.4,2.8,2.4,3.4,2.9,2.6,2.4,5.5,2.0,4.0,43.9,0,0,0,0,0,0
31.2,33.4,29.0,30.9,29.6,32.2,35.3,34.8,35.8,19.9,21.0,18.8,0.259,3.21,0.107,2.82,2.93,3.74,0.0791,2.18,1.55,0.0363,0.147,0.243,28.9,22.0,62,22,200,2.0,4.8,2.7,3.5,2.4,3.3,3.1,2.9,1.9,2.9,2.9,6.5,2.2,3.7,44.8,0,0,0,0,0,0
32.9,31.4,34.4,30.7,29.8,31.6,33.1,30.4,35.8,18.6,21.6,15.6,0.286,3.36,0.111,3.05,3.14,3.99,0.0848,2.31,1.68,0.037,0.154,0.262,28.9,22.0,68,21,200,1.9,5.5,2.9,2.9,1.8,2.7,2.7,2.2,3.0,2.8,1.7,5.1,2.0,4.2,41.4,0,0,0,0,0,0
31.7,34.0,29.4,28.8,28.4,29.2,34.1,31.8,36.4,18.6,16.0,21.2,0.32,3.74,0.118,3.38,3.46,4.42,0.0929,2.59,1.86,0.038,0.165,0.294,28.8,22.0,66,22,200,1.5,6.2,3.2,3.0,2.8,2.7,3.1,1.9,3.1,2.1,2.8,5.3,1.7,4.4,43.8,0,0,0,0,0,0
39.1,36.6,41.6,33.3,35.6,31.0,38.3,35.0,41.6,20.1,21.0,19.2,0.31,3.8,0.115,3.38,3.28,4.21,0.103,2.44,1.74,0.0369,0.161,0.279,38.4,28.0,97,28,300,26.5,7.6,3.3,4.8,3.2,4.2,3.9,5.3,4.1,4.6,4.6,10.0,3.4,5.4,90.9,0,0,0,0,0,0
37.3,34.6,40.0,33.4,32.6,34.2,45.0,47.4,42.6,19.3,16.4,22.2,0.316,3.83,0.116,3.54,3.45,4.46,0.107,2.62,1.85,0.0369,0.179,0.287,34.8,26.0,64,21,300,3.5,11.0,4.1,2.4,4.2,6.0,4.3,3.4,4.2,3.0,5.1,7.7,3.2,4.8,66.9,0,0,0,0,0,0
34.3,30.4,38.2,35.9,35.0,36.8,39.1,39.2,39.0,19.9,20.2,19.6,0.322,4.01,0.117,3.63,3.52,4.48,0.109,2.71,1.93,0.038,0.435,0.3,33.0,25.0,66,21,300,2.4,7.6,3.5,4.4,2.5,4.8,3.9,4.4,3.7,4.1,4.8,8.7,3.2,6.4,64.4,0,0,0,0,0,0
36.3,35.2,37.4,34.6,34.6,34.6,38.3,35.6,41.0,18.9,17.0,20.8,0.341,4.18,0.122,3.8,3.74,4.81,0.111,2.82,2.04,0.0362,0.441,0.305,32.4,24.0,71,23,300,3.1,8.7,4.1,4.7,3.8,4.3,4.5,4.9,4.0,3.7,4.1,9.3,3.4,5.2,67.8,0,0,0,0,0,0
37.8,37.8,37.8,33.6,34.6,32.6,37.6,38.4,36.8,18.4,16.4,20.4,0.344,4.31,0.121,3.98,3.89,5.01,0.112,2.86,2.12,0.0372,0.444,0.319,32.0,24.0,74,22,300,2.3,8.5,3.8,4.3,4.2,4.6,3.2,4.1,5.3,4.2,4.4,8.1,2.1,5.3,64.4,0,0,0,0,0,0
37.1,35.2,39.0,36.3,35.0,37.6,39.8,41.0,38.6,19.5,18.6,20.4,0.357,4.54,0.128,4.22,3.97,5.18,0.12,3.05,2.22,0.0373,0.452,0.328,31.7,24.0,70,22,300,2.5,7.5,3.9,4.5,4.6,3.6,4.3,4.8,3.3,3.5,4.5,9.5,2.9,6.8,66.2,0,0,0,0,0,0
38.5,41.0,36.0,34.5,32.2,36.8,40.1,42.4,37.8,21.1,22.0,20.2,0.376,4.73,0.132,4.38,4.14,5.35,0.124,3.18,2.29,0.0365,0.459,0.346,31.3,23.0,67,22,300,3.4,8.0,2.8,3.7,3.2,4.5,4.5,4.7,5.0,4.8,4.3,9.6,3.1,4.6,66.2,0,0,0,0,0,0
38.4,37.6,39.2,33.3,31.8,34.8,36.7,35.6,37.8,18.3,21.4,15.2,0.399,4.86,0.138,4.51,4.42,5.63,0.13,3.37,2.38,0.0373,0.466,0.361,31.1,24.0,67,24,300,2.5,7.1,3.4,4.0,4.4,5.9,5.8,3.6,4.1,3.5,4.7,9.1,2.8,6.6,67.5,0,0,0,0,0,0
36.6,34.8,38.4,33.5,34.8,32.2,40.2,40.2,40.2,19.6,15.4,23.8,0.45,5.42,0.149,5.07,4.87,6.26,0.143,3.68,2.65,0.0363,0.481,0.408,30.8,23.0,73,22,300,2.2,9.8,3.5,4.2,4.6,4.3,3.9,4.9,4.5,4.2,1.8,9.3,3.0,5.7,65.9,0,0,0,0,0,0
42.2,43.0,41.4,38.0,36.4,39.6,39.7,39.2,40.2,20.4,21.6,19.2,0.398,5.24,0.14,4.73,4.56,5.93,0.116,3.49,2.44,0.0372,0.202,0.37,37.6,28.0,96,30,400,41.4,10.7,3.9,4.9,5.6,4.4,5.5,4.7,5.7,5.4,6.3,11.2,3.3,7.8,121.0,0,0,0,0,0,0
42.1,42.4,41.8,40.7,41.6,39.8,41.3,41.4,41.2,20.7,21.8,19.6,0.411,5.38,0.14,4.85,4.69,6.21,0.117,3.56,2.49,0.037,0.21,0.378,35.1,27.0,71,24,400,5.3,11.8,5.6,4.5,6.0,4.6,5.9,6.1,6.4,4.8,5.0,9.1,3.2,5.5,83.8,0,0,0,0,0,0
39.7,40.4,39.0,38.4,36.8,40.0,40.7,42.6,38.8,19.1,21.4,16.8,0.41,5.45,0.138,4.91,4.88,6.26,0.119,3.65,2.61,0.0371,0.212,0.385,34.0,26.0,71,24,400,4.1,13.6,5.5,5.1,5.0,5.6,5.7,5.2,5.1,5.8,5.3,11.5,3.2,7.2,87.9,0,0,0,0,0,0
42.5,42.6,42.4,38.6,38.0,39.2,42.9,40.4,45.4,21.4,20.0,22.8,0.426,5.56,0.141,4.94,5.12,6.52,0.122,3.75,2.64,0.0371,0.217,0.399,33.5,26.0,74,24,400,4.5,11.4,5.6,5.4,4.9,5.6,6.0,6.3,4.2,7.4,4.9,8.3,2.8,7.2,84.5,0,0,0,0,0,0
43.0,43.4,42.6,38.2,37.2,39.2,41.3,41.2,41.4,20.8,22.8,18.8,0.431,5.76,0.146,5.16,5.34,6.69,0.125,3.87,2.72,0.0371,0.218,0.405,33.1,26.0,74,23,400,4.4,11.8,5.0,5.3,4.8,4.8,5.6,6.0,6.3,5.4,5.8,11.8,4.2,6.6,87.8,0,0,0,0,0,0
44.1,47.4,40.8,38.6,37.2,40.0,43.0,44.2,41.8,19.9,16.4,23.4,0.469,5.9,0.154,5.22,5.41,6.89,0.144,4.02,2.84,0.0383,0.225,0.42,33.3,26.0,83,26,400,3.3,10.3,6.1,5.8,5.4,6.5,6.1,5.2,5.8,6.2,6.0,12.8,4.1,6.5,90.1,0,0,0,0,0,0
41.7,40.4,43.0,38.6,37.8,39.4,42.2,40.0,44.4,19.5,17.2,21.8,0.48,5.99,0.159,5.4,5.58,7.07,0.15,4.16,2.93,0.0375,0.233,0.44,32.9,25.0,73,24,400,3.5,12.2,5.4,4.6,5.0,4.5,5.6,6.0,6.1,6.1,6.2,11.9,4.7,8.5,90.3,0,0,0,0,0,0
42.5,42.2,42.8,39.3,41.8,36.8,42.1,41.8,42.4,21.1,20.6,21.6,0.495,6.13,0.163,5.39,5.83,7.27,0.152,4.22,3.02,0.0375,0.232,0.446,33.0,25.0,81,24,400,3.8,11.3,5.8,5.1,6.9,5.4,6.1,4.2,5.7,5.8,4.9,11.5,3.9,7.1,87.5,0,0,0,0,0,0
43.6,42.8,44.4,37.6,37.0,38.2,42.2,42.4,42.0,19.9,16.8,23.0,0.546,6.74,0.177,5.88,6.46,8.04,0.167,4.7,3.31,0.0366,0.255,0.495,33.1,25.0,75,26,400,3.8,11.4,5.5,5.5,5.4,6.1,6.4,5.1,4.6,6.6,6.5,13.0,3.1,6.8,89.8,0,0,0,0,0,0
45.5,45.8,45.2,27.2,30.0,24.4,53.3,53.2,53.4,18.9,16.2,21.6,0.176,2.31,0.0778,2.06,1.64,2.38,0.0539,1.35,0.952,0.0368,0.123,0.153,42.1,36.0,92,35,200,41.7,8.67,4.0,2.33,3.0,3.67,2.67,4.0,4.33,1.0,3.67,7.33,3.67,2.33,92.3,0,0,0,0,0,0
33.9,34.8,33.0,29.0,31.6,26.4,34.5,30.8,38.2,19.0,23.0,15.0,0.176,2.47,0.0783,2.25,1.84,2.57,0.055,1.42,1.05,0.0378,0.128,0.161,36.3,29.0,71,22,200,9.8,5.2,3.5,4.2,1.5,3.3,2.8,3.1,3.7,2.4,2.7,5.8,1.4,4.7,54.1,0,0,0,0,0,0
33.8,32.0,35.6,29.4,32.6,26.2,32.7,35.2,30.2,19.5,19.8,19.2,0.18,2.6,0.082,2.35,2.05,2.84,0.0566,1.56,1.13,0.0369,0.133,0.177,33.5,25.0,65,21,200,2.3,5.2,1.3,2.4,2.9,3.2,2.5,2.2,2.8,2.3,2.7,5.4,1.6,4.2,41.0,0,0,0,0,0,0
34.5,31.0,38.0,31.6,32.6,30.6,32.4,31.0,33.8,19.2,22.0,16.4,0.207,2.79,0.0868,2.46,2.26,3.04,0.0612,1.69,1.22,0.037,0.141,0.188,32.1,24.0,66,21,200,1.7,5.8,3.5,2.7,2.9,2.5,2.2,3.0,2.8,3.8,2.9,7.3,2.2,3.1,46.4,0,0,0,0,0,0
31.3,31.8,30.8,30.2,31.0,29.4,31.3,31.0,31.6,18.2,20.4,16.0,0.208,2.92,0.0869,2.63,2.43,3.17,0.0622,1.82,1.33,0.038,0.146,0.2,31.0,23.0,62,20,200,2.7,5.8,2.2,2.3,2.8,3.0,2.7,3.6,2.2,2.2,2.6,6.0,1.9,3.6,43.6,0,0,0,0,0,0
33.2,32.8,33.6,31.1,33.0,29.2,32.0,30.0,34.0,19.4,22.4,16.4,0.222,3.09,0.095,2.71,2.64,3.4,0.0673,1.96,1.43,0.0371,0.151,0.22,30.5,23.0,65,21,200,2.0,6.4,3.4,2.5,2.5,3.0,2.9,1.8,3.7,2.3,2.1,5.7,2.0,3.7,44.0,0,0,0,0,0,0
33.6,35.4,31.8,30.0,31.0,29.0,32.7,33.0,32.4,19.9,21.6,18.2,0.249,3.19,0.0976,2.84,2.76,3.54,0.071,2.07,1.48,0.038,0.155,0.231,30.2,23.0,65,21,200,2.2,6.0,3.9,1.9,2.9,2.7,3.5,1.1,3.0,2.6,2.9,7.0,2.3,2.9,44.9,0,0,0,0,0,0
33.4,31.4,35.4,29.5,32.4,26.6,31.8,31.8,31.8,20.2,17.4,23.0,0.272,3.4,0.103,3.0,3.05,3.75,0.077,2.24,1.62,0.0381,0.166,0.248,29.7,22.0,63,20,200,2.2,5.8,1.7,3.0,2.0,3.1,3.1,3.6,3.6,2.5,2.6,5.9,2.0,2.8,43.9,0,0,0,0,0,0
31.9,30.2,33.6,29.8,27.2,32.4,32.3,31.2,33.4,19.4,16.8,22.0,0.281,3.55,0.105,3.16,3.28,4.01,0.0793,2.38,1.7,0.0384,0.17,0.264,29.6,22.0,66,21,200,1.8,5.3,2.9,3.0,3.3,2.8,2.3,3.1,3.3,4.4,3.4,6.4,2.0,3.2,47.2,0,0,0,0,0,0
32.8,30.8,34.8,31.8,34.0,29.6,32.4,34.6,30.2,18.5,21.4,15.6,0.312,3.91,0.113,3.53,3.65,4.43,0.0867,2.66,1.89,0.0375,0.183,0.297,29.4,22.0,63,21,200,1.8,5.9,2.8,2.6,2.8,2.8,2.2,2.4,2.6,2.8,2.5,5.1,1.6,4.6,42.5,0,0,0,0,0,0
55.3,56.4,54.2,36.4,35.0,37.8,57.1,55.8,58.4,21.2,20.6,21.8,0.291,3.53,0.109,3.07,3.31,4.07,0.0842,2.37,1.73,0.0379,0.171,0.277,34.3,28.0,77,28,200,35.0,5.5,2.0,3.0,1.5,2.0,1.0,2.0,4.5,3.0,3.0,3.5,2.0,5.0,73.0,0,0,0,0,0,0
38.1,36.6,39.6,34.3,33.0,35.6,39.1,37.6,40.6,19.0,20.8,17.2,0.311,3.82,0.113,3.43,3.45,4.36,0.0886,2.47,1.79,0.0388,0.177,0.283,40.2,31.0,110,33,300,25.6,9.9,4.1,3.7,5.5,4.3,3.1,4.7,4.2,3.4,4.2,10.3,3.4,6.7,93.1,0,0,0,0,0,0
38.3,38.2,38.4,35.7,33.6,37.8,46.4,48.2,44.6,18.9,17.2,20.6,0.331,4.03,0.116,3.59,3.55,4.5,0.0942,2.63,1.87,0.0379,0.446,0.295,36.5,28.0,70,22,300,2.6,8.6,4.6,5.0,4.1,3.7,3.3,3.8,4.2,4.0,4.7,9.2,3.3,6.2,67.3,0,0,0,0,0,0
39.7,39.0,40.4,33.4,32.2,34.6,39.5,38.2,40.8,19.5,16.4,22.6,0.359,4.15,0.125,3.8,3.72,4.81,0.0994,2.81,1.99,0.038,0.453,0.315,35.0,26.0,75,22,300,2.1,9.1,4.3,5.5,3.5,4.3,4.5,4.6,4.5,3.7,4.7,10.4,3.5,5.1,69.8,0,0,0,0,0,0
36.2,36.6,35.8,33.7,32.4,35.0,38.4,40.2,36.6,20.0,21.8,18.2,0.346,4.33,0.123,3.97,3.83,5.02,0.098,2.86,2.03,0.0382,0.458,0.316,33.8,25.0,71,21,300,3.5,7.7,3.7,3.7,4.7,4.6,4.2,3.9,5.1,3.9,3.5,8.1,2.7,5.8,65.1,0,0,0,0,0,0
37.4,38.4,36.4,33.2,35.2,31.2,37.6,36.0,39.2,20.7,22.4,19.0,0.367,4.55,0.131,4.1,4.02,5.21,0.105,3.08,2.16,0.0392,0.466,0.333,33.2,25.0,72,23,300,3.2,9.6,4.3,3.9,4.2,3.2,4.6,5.0,3.6,4.5,3.9,8.2,2.3,6.8,67.3,0,0,0,0,0,0
36.6,33.8,39.4,36.3,35.0,37.6,38.0,39.2,36.8,18.7,22.6,14.8,0.379,4.64,0.13,4.24,4.19,5.33,0.106,3.1,2.19,0.0379,0.469,0.333,32.5,24.0,67,21,300,2.5,8.8,4.5,5.2,3.4,4.1,5.0,2.6,4.3,4.9,4.5,7.7,3.1,4.7,65.3,0,0,0,0,0,0
38.0,36.6,39.4,34.4,34.8,34.0,39.3,40.0,38.6,18.9,19.0,18.8,0.384,4.91,0.133,4.4,4.24,5.46,0.106,3.24,2.27,0.038,0.47,0.346,32.2,24.0,75,23,300,3.3,9.7,4.6,4.5,4.6,3.2,3.9,4.1,4.4,3.7,4.0,7.5,2.3,6.0,65.8,0,0,0,0,0,0
40.9,42.0,39.8,33.2,33.6,32.8,39.8,37.4,42.2,19.6,20.8,18.4,0.401,4.99,0.138,4.65,4.38,5.69,0.113,3.34,2.37,0.039,0.475,0.367,32.0,24.0,74,22,300,2.9,9.0,3.6,3.6,4.4,3.0,4.6,4.1,4.5,4.0,3.2,8.2,2.3,6.1,63.5,0,0,0,0,0,0
38.1,38.8,37.4,33.9,35.8,32.0,36.6,35.6,37.6,18.6,21.0,16.2,0.438,5.52,0.146,5.11,4.89,6.3,0.121,3.68,2.62,0.0377,0.493,0.41,31.8,24.0,67,24,300,2.5,10.0,4.0,3.6,4.2,3.1,6.0,5.0,2.5,4.4,3.7,8.8,3.5,6.7,68.0,0,0,0,0,0,0
41.6,41.6,41.6,41.4,41.4,41.4,41.7,42.2,41.2,19.9,21.2,18.6,0.387,5.42,0.131,4.84,4.7,5.97,0.109,3.44,2.4,0.0374,0.215,0.372,38.0,29.0,100,30,400,41.3,11.2,4.3,5.0,4.9,4.9,5.3,5.2,5.3,6.5,6.0,10.0,2.6,7.7,120.0,0,0,0,0,0,0
42.0,43.0,41.0,36.7,34.4,39.0,40.6,39.0,42.2,19.0,18.6,19.4,0.393,5.46,0.135,5.0,4.75,6.06,0.113,3.61,2.51,0.0374,0.215,0.384,35.1,27.0,70,24,400,3.8,12.8,4.4,5.4,5.1,5.6,5.5,5.5,5.0,5.1,6.3,12.2,4.4,6.8,87.9,0,0,0,0,0,0
44.4,45.0,43.8,39.1,38.0,40.2,43.3,42.6,44.0,20.2,21.4,19.0,0.436,5.55,0.145,5.08,4.77,6.32,0.121,3.72,2.57,0.0383,0.222,0.396,34.8,26.0,83,25,400,4.2,11.8,5.9,5.6,5.7,6.0,4.9,4.6,5.9,5.0,5.6,12.3,4.2,8.3,90.0,0,0,0,0,0,0
39.5,39.6,39.4,39.9,39.4,40.4,41.9,41.2,42.6,20.6,20.2,21.0,0.447,5.7,0.148,5.24,4.99,6.6,0.126,3.76,2.67,0.0373,0.227,0.401,34.1,26.0,74,23,400,4.0,12.8,5.8,5.7,5.4,6.0,5.9,5.0,5.5,6.1,4.6,10.7,3.6,6.5,87.6,0,0,0,0,0,0
43.5,44.0,43.0,38.6,40.2,37.0,42.6,43.0,42.2,21.0,24.8,17.2,0.468,5.84,0.158,5.34,5.13,6.66,0.13,3.89,2.77,0.0364,0.228,0.419,33.6,26.0,75,25,400,3.1,11.2,5.5,5.6,5.1,5.9,5.9,4.7,5.6,5.2,5.9,10.7,4.1,6.5,85.0,0,0,0,0,0,0
41.4,43.2,39.6,36.1,34.4,37.8,40.6,39.6,41.6,20.5,22.8,18.2,0.492,5.99,0.159,5.48,5.24,6.93,0.136,4.03,2.85,0.0363,0.237,0.425,33.9,26.0,86,25,400,4.0,10.1,5.5,4.7,6.3,4.6,4.6,5.5,4.9,5.0,6.4,12.0,3.6,8.6,85.8,0,0,0,0,0,0
42.3,39.4,45.2,39.3,38.4,40.2,42.8,43.0,42.6,19.3,22.2,16.4,0.48,6.04,0.158,5.64,5.36,7.1,0.137,4.1,2.9,0.0372,0.238,0.432,33.5,25.0,72,23,400,4.5,10.4,5.1,6.1,5.7,7.2,4.9,5.8,5.5,4.9,6.7,10.3,3.1,7.2,87.4,0,0,0,0,0,0
40.7,39.2,42.2,39.4,39.6,39.2,41.3,40.8,41.8,19.1,16.8,21.4,0.488,6.21,0.164,5.79,5.46,7.27,0.143,4.17,2.99,0.0363,0.246,0.448,33.3,25.0,74,24,400,3.6,11.3,5.2,5.9,4.5,6.0,5.8,6.1,5.4,5.2,6.9,10.6,4.0,6.2,86.7,0,0,0,0,0,0
44.2,45.2,43.2,38.7,40.6,36.8,45.3,46.2,44.4,18.7,16.2,21.2,0.554,6.81,0.18,6.31,6.08,8.01,0.158,4.67,3.29,0.0373,0.262,0.497,33.2,25.0,75,25,400,3.4,10.6,4.8,5.9,4.8,5.1,5.4,5.8,6.1,5.5,6.5,10.7,3.7,8.1,86.4,0,0,0,0,0,0
45.8,45.2,46.4,28.6,30.2,27.0,51.6,52.0,51.2,19.2,22.6,15.8,0.165,2.22,0.0739,2.08,1.6,2.42,0.0459,1.33,0.956,0.036,0.114,0.145,38.6,33.0,83,32,200,39.0,9.33,2.33,1.67,4.67,1.67,2.33,2.33,2.0,2.67,2.0,4.33,0.667,6.0,81.0,0,0,0,0,0,0
31.6,29.2,34.0,29.7,28.6,30.8,32.1,35.6,28.6,19.1,15.4,22.8,0.174,2.33,0.0786,2.2,1.75,2.56,0.0532,1.41,1.05,0.037,0.118,0.158,33.8,27.0,68,20,200,10.6,5.9,2.9,1.9,2.7,2.8,3.5,2.6,2.9,3.0,1.5,5.5,2.1,4.5,52.4,0,0,0,0,0,0
31.2,30.4,32.0,30.4,28.6,32.2,31.0,28.4,33.6,19.0,19.8,18.2,0.177,2.46,0.0795,2.31,1.93,2.7,0.0543,1.5,1.1,0.037,0.123,0.17,31.0,24.0,61,19,200,2.7,5.2,2.9,2.6,3.3,2.9,3.3,2.8,2.0,2.8,3.6,5.4,1.8,3.1,44.4,0,0,0,0,0,0
32.7,35.4,30.0,31.0,31.8,30.2,31.4,33.6,29.2,19.4,16.4,22.4,0.181,2.58,0.082,2.48,2.06,2.88,0.0566,1.62,1.17,0.0378,0.127,0.181,29.9,23.0,66,19,200,1.4,5.7,1.8,3.3,2.0,3.3,2.6,2.5,2.7,2.4,3.1,5.0,1.6,3.6,41.0,0,0,0,0,0,0
31.0,27.4,34.6,29.2,25.6,32.8,32.9,33.4,32.4,18.8,16.8,20.8,0.205,2.74,0.0879,2.63,2.22,3.12,0.0613,1.77,1.29,0.0371,0.132,0.194,29.0,22.0,61,19,200,1.7,7.2,3.1,2.4,2.8,2.1,3.1,3.0,2.3,3.6,2.2,6.1,2.3,3.5,45.4,0,0,0,0,0,0
32.0,33.2,30.8,31.8,34.0,29.6,35.0,33.0,37.0,20.1,21.4,18.8,0.21,2.92,0.09,2.77,2.39,3.3,0.0634,1.88,1.37,0.0371,0.137,0.212,28.8,22.0,64,22,200,2.3,4.8,2.5,2.8,3.1,2.6,2.2,2.9,2.3,2.8,3.1,6.3,1.8,4.1,43.6,0,0,0,0,0,0
32.0,31.0,33.0,31.0,34.6,27.4,31.8,34.2,29.4,20.2,19.4,21.0,0.232,3.07,0.0922,2.92,2.54,3.49,0.0669,2.0,1.45,0.0364,0.146,0.225,28.5,22.0,62,19,200,1.8,5.2,2.9,1.7,2.8,3.2,2.6,3.2,2.7,2.5,2.6,5.1,1.9,3.8,42.0,0,0,0,0,0,0
31.3,33.0,29.6,29.5,29.8,29.2,34.3,33.4,35.2,17.8,20.0,15.6,0.236,3.24,0.0951,3.02,2.72,3.74,0.0709,2.13,1.52,0.0372,0.148,0.241,28.2,21.0,64,20,200,2.3,6.8,2.5,2.9,2.2,3.2,3.1,2.7,2.8,3.0,3.0,5.4,1.6,3.7,45.2,0,0,0,0,0,0
31.3,33.4,29.2,28.2,28.2,28.2,33.8,35.0,32.6,18.0,20.8,15.2,0.251,3.38,0.0984,3.24,2.97,3.96,0.0729,2.28,1.65,0.0372,0.155,0.258,28.3,21.0,66,21,200,1.5,6.2,2.7,2.8,3.1,3.2,3.7,2.4,2.9,2.8,2.6,6.3,1.6,2.9,44.7,0,0,0,0,0,0
31.5,32.4,30.6,31.4,33.6,29.2,31.8,33.2,30.4,18.4,21.6,15.2,0.267,3.71,0.103,3.6,3.25,4.36,0.0784,2.56,1.83,0.0371,0.166,0.279,28.2,21.0,65,20,200,1.7,5.8,2.7,2.9,2.6,2.0,3.9,2.8,2.5,3.5,1.4,5.6,1.2,3.4,42.0,0,0,0,0,0,0
36.1,37.0,35.2,33.7,35.0,32.4,38.0,40.2,35.8,20.2,19.6,20.8,0.261,3.74,0.101,3.44,3.25,4.25,0.0737,2.41,1.73,0.0373,0.164,0.266,37.6,28.0,95,28,300,27.3,8.8,3.6,4.7,4.8,3.9,4.9,3.4,4.0,4.2,3.4,9.0,3.0,5.8,90.8,0,0,0,0,0,0
37.1,38.2,36.0,32.4,35.2,29.6,38.5,36.6,40.4,18.7,21.6,15.8,0.258,3.89,0.1,3.62,3.42,4.37,0.0745,2.5,1.77,0.0372,0.169,0.271,34.9,26.0,70,22,300,3.2,10.4,4.2,3.3,3.7,3.9,4.1,2.7,3.6,4.8,4.1,6.8,2.5,6.1,63.4,0,0,0,0,0,0
37.3,38.4,36.2,35.4,35.4,35.4,39.3,37.4,41.2,18.3,16.0,20.6,0.29,4.15,0.107,3.73,3.52,4.61,0.0853,2.63,1.86,0.0382,0.491,0.286,34.6,25.0,87,24,300,3.6,8.6,3.3,5.3,4.1,4.9,3.8,4.3,3.1,3.2,3.8,8.8,3.0,6.0,65.8,0,0,0,0,0,0
36.9,34.2,39.6,34.8,34.6,35.0,38.0,40.8,35.2,19.0,20.8,17.2,0.304,4.27,0.112,3.81,3.79,4.77,0.0852,2.8,1.95,0.0362,0.495,0.301,33.5,24.0,71,22,300,2.1,8.0,4.2,4.6,2.9,5.5,3.7,4.3,4.2,5.1,3.5,9.1,3.1,6.1,66.4,0,0,0,0,0,0
37.4,35.6,39.2,33.3,30.6,36.0,36.4,36.2,36.6,18.9,21.2,16.6,0.321,4.39,0.114,4.02,3.88,4.93,0.0919,2.9,2.03,0.0372,0.501,0.313,32.8,24.0,70,22,300,2.6,8.8,3.9,3.0,4.5,4.3,4.2,4.0,4.6,3.3,3.4,8.0,2.9,6.1,63.6,0,0,0,0,0,0
37.8,36.8,38.8,34.2,35.8,32.6,39.5,38.2,40.8,18.7,21.2,16.2,0.334,4.54,0.119,4.13,4.02,5.19,0.0932,2.98,2.1,0.0382,0.505,0.316,32.5,24.0,72,22,300,2.7,9.2,4.4,3.4,4.1,3.7,2.7,4.6,4.9,3.7,4.4,8.2,2.4,5.7,64.1,0,0,0,0,0,0
37.9,37.2,38.6,35.2,36.8,33.6,36.9,34.2,39.6,20.0,22.0,18.0,0.361,4.84,0.128,4.32,4.18,5.42,0.103,3.13,2.17,0.0384,0.512,0.338,32.1,24.0,69,22,300,2.6,10.1,4.1,3.3,3.2,4.3,3.9,3.2,5.0,5.2,5.0,8.3,2.4,6.6,67.2,0,0,0,0,0,0
36.6,39.4,33.8,37.6,36.4,38.8,36.8,39.0,34.6,18.3,20.8,15.8,0.39,4.97,0.133,4.48,4.34,5.57,0.108,3.22,2.27,0.0365,0.519,0.354,32.0,24.0,68,24,300,2.6,7.9,4.4,4.2,3.3,4.5,4.6,3.9,5.8,3.1,5.3,7.7,3.3,5.2,65.8,0,0,0,0,0,0
35.3,38.2,32.4,35.8,38.2,33.4,35.2,31.8,38.6,18.4,18.8,18.0,0.412,5.43,0.14,4.89,4.85,6.16,0.117,3.63,2.54,0.0374,0.535,0.388,31.8,23.0,73,22,300,2.6,8.4,4.3,4.2,3.9,3.5,5.1,3.4,4.2,4.8,4.5,8.6,1.8,4.5,63.8,0,0,0,0,0,0
40.4,39.8,41.0,42.0,43.4,40.6,40.7,40.6,40.8,18.8,23.4,14.2,0.376,5.3,0.129,4.67,4.51,5.86,0.104,3.39,2.39,0.0366,0.207,0.359,39.2,29.0,110,31,400,42.5,12.2,3.4,5.2,5.6,5.3,4.8,5.1,5.0,5.4,4.8,8.6,3.1,6.7,118.0,0,0,0,0,0,0
42.1,39.2,45.0,40.4,39.6,41.2,42.4,41.2,43.6,19.8,23.8,15.8,0.389,5.32,0.136,4.85,4.63,6.04,0.112,3.5,2.45,0.0374,0.208,0.363,36.8,27.0,78,24,400,3.4,9.6,5.8,6.2,5.5,5.4,4.9,5.9,5.4,4.9,5.8,12.6,4.6,8.5,88.5,0,0,0,0,0,0
41.9,44.2,39.6,39.0,39.6,38.4,40.6,41.0,40.2,18.8,19.8,17.8,0.396,5.51,0.136,4.97,4.82,6.29,0.114,3.57,2.58,0.0372,0.212,0.37,35.5,26.0,82,23,400,4.0,11.9,5.6,5.5,5.9,5.4,5.4,5.7,4.7,5.2,5.2,11.3,3.6,6.8,86.2,0,0,0,0,0,0
44.4,42.8,46.0,37.8,39.2,36.4,43.5,43.0,44.0,19.7,20.8,18.6,0.419,5.78,0.143,5.11,4.96,6.52,0.117,3.77,2.68,0.0382,0.219,0.395,34.6,25.0,75,23,400,3.7,14.1,4.8,5.6,5.6,5.6,5.3,5.8,4.9,6.4,4.6,11.3,3.7,6.3,87.7,0,0,0,0,0,0
41.3,40.0,42.6,40.2,40.6,39.8,41.9,41.2,42.6,18.4,18.0,18.8,0.429,5.78,0.148,5.27,5.09,6.62,0.135,3.85,2.72,0.0374,0.221,0.402,34.0,25.0,75,22,400,3.6,11.8,5.2,5.7,4.2,4.5,5.4,6.5,5.3,6.5,5.8,11.1,3.8,7.4,86.8,0,0,0,0,0,0
41.2,41.6,40.8,39.9,42.0,37.8,41.8,43.4,40.2,19.1,21.6,16.6,0.435,5.94,0.146,5.33,5.24,6.84,0.134,4.01,2.81,0.0362,0.226,0.408,33.9,25.0,80,25,400,3.7,11.0,5.8,6.1,4.8,7.0,5.4,5.4,4.2,5.0,7.1,10.5,3.5,8.3,87.8,0,0,0,0,0,0
43.5,45.2,41.8,38.2,38.6,37.8,41.3,42.4,40.2,18.8,16.2,21.4,0.476,6.1,0.162,5.53,5.38,7.05,0.148,4.13,2.9,0.0372,0.229,0.43,34.0,25.0,80,26,400,3.3,11.9,5.9,5.8,4.3,5.5,6.4,4.9,5.9,6.2,5.3,11.4,4.5,7.4,88.7,0,0,0,0,0,0
41.5,40.8,42.2,38.7,38.0,39.4,41.5,40.4,42.6,18.3,15.8,20.8,0.51,6.25,0.167,5.76,5.45,7.32,0.156,4.23,3.07,0.0382,0.237,0.45,33.9,25.0,78,25,400,4.9,11.1,5.1,5.9,6.1,5.6,6.0,6.3,5.9,5.6,5.9,11.8,3.9,5.7,89.8,0,0,0,0,0,0
41.0,43.6,38.4,38.1,38.4,37.8,41.4,39.6,43.2,18.9,20.0,17.8,0.56,6.78,0.181,6.24,6.09,8.02,0.172,4.64,3.31,0.0374,0.254,0.496,33.7,25.0,78,24,400,3.6,12.5,5.2,5.0,5.6,5.1,5.7,5.8,5.1,6.3,6.1,11.7,3.7,6.6,88.0,0,0,0,0,0,0
47.6,47.4,47.8,29.4,31.2,27.6,54.1,53.4,54.8,19.1,17.6,20.6,0.156,2.11,0.0731,1.65,1.88,2.39,0.0496,1.29,0.97,0.0361,0.115,0.155,38.4,35.0,81,34,200,37.3,4.67,2.0,3.33,4.67,3.33,2.67,3.33,5.0,1.0,2.0,5.33,1.33,4.33,80.3,0,0,0,0,0,0
32.2,31.0,33.4,30.6,29.2,32.0,34.3,31.8,36.8,20.0,20.0,20.0,0.171,2.25,0.0772,1.95,2.02,2.56,0.0534,1.42,1.03,0.0371,0.121,0.17,33.1,27.0,64,21,200,10.9,6.4,2.1,2.4,2.6,2.8,3.1,2.9,3.3,2.6,3.7,6.0,2.7,4.3,55.8,0,0,0,0,0,0
32.0,34.0,30.0,29.4,30.6,28.2,31.3,32.0,30.6,18.5,15.4,21.6,0.199,2.38,0.0856,2.03,2.19,2.8,0.061,1.53,1.14,0.0354,0.126,0.186,31.7,25.0,69,20,200,1.3,5.4,2.2,4.3,2.3,3.2,2.9,2.5,3.0,2.7,2.2,7.3,2.6,3.0,44.9,0,0,0,0,0,0
34.0,32.6,35.4,30.3,28.2,32.4,32.8,34.0,31.6,18.6,22.0,15.2,0.215,2.54,0.0921,2.22,2.38,3.01,0.0666,1.66,1.22,0.0372,0.133,0.196,30.8,24.0,66,22,200,1.3,4.4,1.8,2.6,3.1,2.5,2.5,3.1,2.4,2.5,3.4,5.7,2.1,4.8,42.2,0,0,0,0,0,0
32.8,34.8,30.8,31.4,32.2,30.6,32.9,32.0,33.8,19.5,20.6,18.4,0.235,2.69,0.0964,2.39,2.56,3.22,0.0707,1.81,1.28,0.0365,0.138,0.212,30.0,23.0,63,20,200,2.1,4.5,1.7,3.1,2.2,3.6,3.2,2.8,3.2,2.4,3.2,5.4,2.0,3.8,43.2,0,0,0,0,0,0
30.7,28.6,32.8,27.7,23.8,31.6,30.6,27.2,34.0,19.3,17.4,21.2,0.245,2.91,0.0978,2.55,2.7,3.38,0.0734,1.9,1.37,0.0373,0.142,0.219,29.4,23.0,63,20,200,1.9,6.8,3.1,2.6,2.6,2.3,2.9,3.2,2.6,3.0,2.5,5.6,1.6,4.0,44.7,0,0,0,0,0,0
33.7,32.0,35.4,30.9,30.0,31.8,34.0,33.6,34.4,18.5,20.8,16.2,0.243,3.03,0.101,2.68,2.85,3.51,0.0744,2.01,1.44,0.0356,0.147,0.235,29.1,23.0,64,22,200,1.8,7.2,1.9,3.8,2.4,2.3,1.9,3.1,1.6,2.7,2.6,4.6,1.4,3.4,40.7,0,0,0,0,0,0
32.8,30.6,35.0,29.9,28.8,31.0,34.1,35.6,32.6,18.4,15.0,21.8,0.259,3.19,0.102,2.87,2.97,3.71,0.0802,2.12,1.53,0.0364,0.152,0.244,28.8,22.0,61,20,200,2.1,6.3,2.8,2.1,2.5,3.2,1.9,2.4,3.0,3.4,2.1,5.1,1.5,3.8,42.2,0,0,0,0,0,0
32.5,31.4,33.6,30.5,27.6,33.4,32.8,32.2,33.4,18.7,20.0,17.4,0.263,3.36,0.106,3.03,3.19,3.98,0.0825,2.28,1.62,0.0367,0.157,0.259,28.9,22.0,73,23,200,1.8,5.4,2.4,2.6,2.3,3.1,1.7,3.4,2.3,1.8,2.6,6.1,1.6,4.3,41.4,0,0,0,0,0,0
33.4,34.6,32.2,31.5,34.8,28.2,33.6,33.6,33.6,18.5,20.6,16.4,0.289,3.72,0.112,3.31,3.52,4.41,0.0902,2.52,1.8,0.0366,0.168,0.286,28.8,22.0,64,21,200,2.1,5.3,2.7,3.3,3.0,3.0,2.8,2.6,3.1,2.8,2.9,5.7,1.9,3.4,44.6,0,0,0,0,0,0
37.3,35.4,39.2,34.3,34.4,34.2,37.3,34.4,40.2,18.9,20.8,17.0,0.26,3.71,0.101,3.26,3.37,4.34,0.0804,2.44,1.69,0.0375,0.162,0.258,39.4,29.0,95,28,300,27.7,7.3,4.9,3.7,4.7,4.3,5.0,3.4,5.7,3.6,2.9,9.2,2.8,5.4,90.6,0,0,0,0,0,0
36.3,36.4,36.2,33.4,30.0,36.8,36.4,37.6,35.2,18.9,14.6,23.2,0.269,3.81,0.103,3.45,3.43,4.45,0.0792,2.57,1.78,0.0365,0.167,0.269,35.2,26.0,63,21,300,2.1,7.9,3.5,4.7,3.6,4.7,4.6,4.1,4.5,4.2,3.6,8.7,2.4,6.2,64.8,0,0,0,0,0,0
38.5,36.8,40.2,35.2,34.4,36.0,36.2,34.4,38.0,19.8,21.4,18.2,0.275,3.95,0.105,3.64,3.58,4.62,0.0852,2.62,1.85,0.0366,0.486,0.278,33.7,25.0,73,21,300,3.5,8.6,4.3,5.3,3.5,3.7,4.4,5.0,4.0,3.7,3.9,7.4,2.1,5.5,64.9,0,0,0,0,0,0
35.6,37.4,33.8,36.3,39.6,33.0,38.6,37.2,40.0,19.9,22.0,17.8,0.289,4.17,0.107,3.75,3.77,4.73,0.0873,2.74,1.97,0.0376,0.491,0.294,32.3,24.0,63,21,300,2.2,9.7,4.5,3.5,3.9,3.2,4.0,5.3,3.1,3.8,5.1,8.3,2.4,3.9,62.9,0,0,0,0,0,0
38.1,38.6,37.6,37.1,37.2,37.0,38.2,36.4,40.0,19.1,15.4,22.8,0.311,4.32,0.115,3.96,3.86,4.98,0.0939,2.91,2.08,0.0356,0.493,0.307,32.0,24.0,70,24,300,2.8,8.9,3.9,3.3,4.9,4.7,3.7,3.8,3.1,4.3,3.8,9.5,2.9,6.0,65.6,0,0,0,0,0,0
35.7,37.2,34.2,37.4,38.0,36.8,38.5,38.8,38.2,19.4,20.8,18.0,0.341,4.57,0.123,4.2,4.09,5.2,0.0986,3.12,2.18,0.0358,0.499,0.324,31.6,24.0,73,21,300,2.8,9.0,4.8,4.3,4.3,4.0,4.3,5.0,4.7,4.3,3.9,10.3,3.5,6.7,71.9,0,0,0,0,0,0
39.0,39.0,39.0,35.6,34.4,36.8,39.1,38.6,39.6,20.3,23.6,17.0,0.356,4.67,0.128,4.32,4.17,5.5,0.106,3.19,2.27,0.0367,0.504,0.343,31.7,24.0,75,25,300,2.7,8.7,4.5,4.4,3.6,4.3,5.0,3.7,5.4,3.6,3.4,8.7,2.6,5.9,66.5,0,0,0,0,0,0
38.2,34.8,41.6,34.5,32.0,37.0,39.5,38.6,40.4,20.2,18.8,21.6,0.369,4.92,0.132,4.51,4.35,5.71,0.109,3.34,2.31,0.0375,0.513,0.362,31.4,24.0,67,22,300,3.2,8.8,4.5,4.2,3.7,4.1,2.7,3.9,4.1,3.7,4.6,9.6,3.5,6.4,67.0,0,0,0,0,0,0
37.0,37.8,36.2,36.8,37.4,36.2,38.5,40.6,36.4,20.6,17.6,23.6,0.411,5.39,0.141,5.06,4.76,6.31,0.119,3.73,2.56,0.0365,0.53,0.397,31.4,24.0,75,22,300,2.6,8.5,3.8,4.1,3.7,3.7,5.9,4.9,3.6,4.1,4.4,7.5,2.2,5.5,64.5,0,0,0,0,0,0
40.3,39.4,41.2,36.1,35.8,36.4,42.6,42.8,42.4,19.3,21.0,17.6,0.397,5.25,0.139,4.79,4.44,5.86,0.116,3.48,2.4,0.0364,0.204,0.368,38.5,29.0,95,33,400,41.6,12.1,5.6,5.5,4.0,5.6,4.7,5.4,4.9,5.4,4.2,11.1,4.0,7.7,122.0,0,0,0,0,0,0
43.5,41.4,45.6,39.0,42.2,35.8,43.4,46.0,40.8,20.0,22.0,18.0,0.426,5.49,0.145,5.0,4.65,6.18,0.121,3.52,2.5,0.0365,0.21,0.38,35.7,27.0,75,23,400,3.2,10.4,5.0,5.3,5.4,5.0,6.4,5.3,5.7,5.4,5.0,9.0,3.5,9.0,83.6,0,0,0,0,0,0
42.4,41.2,43.6,38.4,39.4,37.4,42.3,42.8,41.8,19.5,18.8,20.2,0.441,5.61,0.15,5.16,4.77,6.39,0.128,3.67,2.55,0.0357,0.216,0.385,34.3,26.0,73,23,400,3.5,12.8,6.1,5.5,4.9,5.1,5.5,6.9,6.5,5.1,5.1,11.1,4.0,7.3,89.4,0,0,0,0,0,0
41.2,44.2,38.2,39.1,37.4,40.8,44.2,42.4,46.0,20.6,20.8,20.4,0.436,5.67,0.148,5.26,4.86,6.47,0.126,3.82,2.65,0.0366,0.22,0.4,33.6,25.0,77,23,400,3.4,11.8,6.8,5.3,6.9,5.9,5.1,5.6,4.7,4.8,4.7,11.7,3.7,6.4,86.8,0,0,0,0,0,0
40.5,39.2,41.8,38.6,40.0,37.2,41.3,43.4,39.2,19.1,21.6,16.6,0.457,5.9,0.153,5.31,4.95,6.64,0.129,3.9,2.75,0.0356,0.224,0.411,33.3,25.0,75,24,400,4.4,13.1,5.1,4.3,5.9,5.3,7.0,5.5,4.7,5.2,5.6,10.2,3.8,8.7,88.8,0,0,0,0,0,0
43.7,46.8,40.6,38.1,40.0,36.2,41.4,40.2,42.6,19.4,23.6,15.2,0.454,5.91,0.15,5.58,5.02,6.83,0.127,3.98,2.8,0.0356,0.227,0.416,32.9,25.0,70,24,400,3.2,12.9,4.3,4.5,5.4,5.8,6.1,6.3,5.6,4.9,4.3,10.2,3.2,7.8,84.5,0,0,0,0,0,0
42.2,41.0,43.4,37.3,38.6,36.0,45.0,46.0,44.0,18.8,19.8,17.8,0.481,6.04,0.159,5.7,5.2,7.01,0.136,4.08,2.88,0.0374,0.232,0.426,33.1,25.0,81,24,400,3.7,11.4,6.7,4.8,5.5,5.0,6.6,6.6,5.2,4.2,5.3,11.9,4.4,8.2,89.5,0,0,0,0,0,0
42.4,40.8,44.0,38.1,35.2,41.0,44.3,44.6,44.0,20.3,21.8,18.8,0.519,6.21,0.167,5.89,5.31,7.24,0.147,4.25,3.01,0.0365,0.237,0.448,32.9,25.0,76,25,400,4.0,12.1,5.6,4.4,6.8,4.6,5.8,5.6,5.8,5.8,6.3,12.9,4.4,6.3,90.4,0,0,0,0,0,0
40.3,39.0,41.6,38.8,38.6,39.0,42.1,40.2,44.0,20.8,22.0,19.6,0.576,6.88,0.183,6.41,5.94,8.0,0.16,4.67,3.28,0.0356,0.255,0.502,32.8,25.0,73,24,400,5.0,11.6,4.7,5.2,4.7,6.7,4.5,5.4,6.0,5.2,5.5,10.1,3.5,8.2,86.3,0,0,0,0,0,0
46.7,47.0,46.4,29.2,27.6,30.8,55.0,53.6,56.4,19.2,18.8,19.6,0.181,2.25,0.0777,2.08,1.59,2.44,0.0442,1.33,0.971,0.0379,0.13,0.153,42.7,33.0,91,32,200,35.0,6.33,2.33,2.0,1.0,3.33,3.67,3.33,3.33,1.67,2.67,4.67,1.67,3.67,74.7,0,0,0,0,0,0
32.1,29.0,35.2,29.7,32.8,26.6,32.4,30.2,34.6,18.9,18.8,19.0,0.192,2.41,0.0803,2.28,1.75,2.68,0.0562,1.46,1.07,0.0362,0.135,0.17,35.4,26.0,62,20,200,12.1,4.5,2.2,2.8,2.5,2.9,3.3,3.2,2.7,3.9,2.8,5.6,2.3,4.3,55.1,0,0,0,0,0,0
31.6,32.6,30.6,29.2,29.0,29.4,33.6,32.2,35.0,18.5,16.2,20.8,0.211,2.62,0.088,2.44,1.94,2.84,0.0618,1.58,1.15,0.037,0.143,0.184,32.6,23.0,70,18,200,1.7,7.2,2.6,3.3,2.7,3.0,2.6,2.4,2.2,2.9,1.9,6.2,2.4,3.2,44.3,0,0,0,0,0,0
31.1,32.0,30.2,29.4,28.0,30.8,32.5,33.2,31.8,18.8,22.8,14.8,0.219,2.74,0.0871,2.59,2.11,3.03,0.0636,1.7,1.26,0.0362,0.144,0.194,31.1,22.0,60,19,200,1.7,7.1,2.4,2.5,2.7,2.4,3.3,3.1,2.7,2.5,2.5,5.8,1.6,4.0,44.3,0,0,0,0,0,0
32.5,27.6,37.4,28.7,27.6,29.8,33.4,33.2,33.6,19.8,15.6,24.0,0.23,2.88,0.0914,2.7,2.32,3.25,0.0668,1.83,1.3,0.0382,0.149,0.209,30.5,22.0,69,21,200,2.0,5.2,3.2,2.8,3.0,1.9,3.0,3.1,3.3,2.8,2.4,6.0,2.0,3.4,44.1,0,0,0,0,0,0
33.5,35.2,31.8,30.0,32.6,27.4,32.3,28.4,36.2,18.3,16.6,20.0,0.241,3.01,0.0942,2.81,2.44,3.44,0.0683,1.95,1.39,0.0373,0.154,0.218,29.9,22.0,58,20,200,1.7,4.5,2.9,1.9,2.9,2.7,2.8,2.2,2.1,3.2,2.2,4.5,1.4,4.6,39.6,0,0,0,0,0,0
32.5,35.0,30.0,29.4,27.2,31.6,33.1,33.0,33.2,19.0,22.0,16.0,0.24,3.17,0.0951,2.92,2.64,3.58,0.0696,2.05,1.48,0.0366,0.158,0.227,29.4,22.0,60,20,200,1.7,6.0,2.7,3.8,3.0,2.3,2.9,3.6,3.0,2.6,2.6,5.9,2.3,3.9,46.3,0,0,0,0,0,0
32.2,35.0,29.4,29.6,29.4,29.8,32.0,28.8,35.2,18.4,20.4,16.4,0.264,3.32,0.1,3.11,2.81,3.72,0.0767,2.17,1.55,0.0375,0.162,0.234,29.0,21.0,61,20,200,1.6,5.3,3.9,2.6,2.9,2.9,3.0,2.4,2.4,2.7,2.7,5.5,1.9,2.9,42.7,0,0,0,0,0,0
31.2,32.6,29.8,28.4,27.2,29.6,32.7,34.6,30.8,18.9,20.8,17.0,0.271,3.39,0.103,3.19,3.01,3.95,0.0789,2.32,1.66,0.0385,0.167,0.25,28.7,21.0,62,21,200,1.6,5.5,3.8,3.9,2.7,1.8,3.3,2.9,2.5,2.7,3.0,5.8,1.7,3.2,44.4,0,0,0,0,0,0
34.1,36.2,32.0,31.6,29.4,33.8,32.9,34.0,31.8,19.6,18.8,20.4,0.3,3.77,0.111,3.49,3.39,4.4,0.0868,2.56,1.8,0.0367,0.177,0.278,28.7,21.0,66,22,200,1.7,5.7,3.1,2.4,2.5,2.4,2.1,2.3,3.6,2.5,2.3,4.3,0.8,4.2,39.9,0,0,0,0,0,0
39.2,40.4,38.0,33.0,33.2,32.8,38.3,38.0,38.6,19.2,16.8,21.6,0.274,3.75,0.105,3.33,3.31,4.17,0.0798,2.45,1.76,0.0377,0.173,0.262,36.8,28.0,94,27,300,26.6,11.0,4.1,4.4,4.3,5.0,4.7,4.6,3.5,3.1,3.6,8.6,3.0,4.6,91.1,0,0,0,0,0,0
39.5,37.4,41.6,34.4,31.2,37.6,47.1,49.4,44.8,19.4,17.0,21.8,0.299,3.87,0.113,3.49,3.51,4.46,0.087,2.59,1.82,0.0365,0.453,0.276,34.4,26.0,68,23,300,1.9,8.3,4.1,5.0,5.3,3.0,4.5,3.6,3.8,4.3,3.6,9.2,4.4,6.3,67.3,0,0,0,0,0,0
37.4,33.8,41.0,33.2,29.8,36.6,41.2,39.6,42.8,18.9,18.4,19.4,0.327,4.15,0.123,3.68,3.69,4.62,0.0952,2.68,1.93,0.0366,0.46,0.29,33.1,25.0,70,22,300,3.5,8.6,5.0,4.3,3.7,4.4,4.8,3.3,4.0,3.8,4.0,8.4,2.8,5.5,66.1,0,0,0,0,0,0
36.6,34.2,39.0,33.4,32.0,34.8,38.6,41.2,36.0,19.1,14.8,23.4,0.344,4.28,0.124,3.82,3.78,4.77,0.0976,2.81,2.0,0.0364,0.464,0.307,32.9,25.0,79,22,300,3.5,8.7,4.2,4.3,3.3,3.8,4.6,3.5,5.0,4.2,4.4,7.9,3.4,5.8,66.6,0,0,0,0,0,0
36.5,39.6,33.4,36.0,39.2,32.8,37.3,36.2,38.4,19.2,22.0,16.4,0.358,4.53,0.126,3.99,3.99,5.04,0.101,2.93,2.1,0.0365,0.47,0.32,32.3,24.0,73,22,300,2.8,8.4,4.2,3.1,3.9,2.7,5.3,3.8,3.3,3.7,4.4,9.0,2.8,7.1,64.5,0,0,0,0,0,0
36.0,34.6,37.4,34.2,33.4,35.0,36.1,39.2,33.0,19.1,16.2,22.0,0.36,4.64,0.129,4.08,4.12,5.25,0.103,3.01,2.13,0.0363,0.474,0.341,32.0,24.0,77,23,300,2.7,10.0,4.2,3.9,3.6,4.7,3.9,3.9,3.5,4.0,3.4,8.4,2.2,5.2,63.6,0,0,0,0,0,0
36.6,34.2,39.0,33.5,32.8,34.2,35.3,34.4,36.2,19.2,22.6,15.8,0.401,4.81,0.139,4.25,4.35,5.42,0.11,3.21,2.25,0.0364,0.477,0.357,31.5,24.0,63,22,300,3.0,10.3,4.2,3.4,3.8,4.5,3.9,3.8,4.6,3.5,4.0,8.2,3.2,5.3,65.7,0,0,0,0,0,0
37.0,39.0,35.0,35.1,34.2,36.0,35.9,36.6,35.2,21.7,19.2,24.2,0.407,4.98,0.14,4.34,4.51,5.63,0.115,3.28,2.31,0.0373,0.481,0.366,31.3,24.0,72,22,300,2.4,7.4,3.5,3.9,3.2,3.8,3.3,3.8,4.9,5.1,4.6,8.6,2.5,6.4,63.4,0,0,0,0,0,0
39.2,39.6,38.8,34.5,32.8,36.2,35.0,31.8,38.2,19.6,22.6,16.6,0.45,5.45,0.152,4.75,5.01,6.18,0.124,3.65,2.54,0.0374,0.498,0.404,31.1,23.0,67,22,300,3.1,9.1,3.8,3.1,4.4,3.5,3.6,3.8,4.3,4.7,3.6,7.5,2.5,5.4,62.4,0,0,0,0,0,0
41.2,41.4,41.0,38.3,34.8,41.8,41.2,40.2,42.2,19.3,20.2,18.4,0.402,5.25,0.139,4.51,4.72,5.84,0.114,3.45,2.38,0.0362,0.205,0.366,36.2,28.0,86,31,400,42.0,10.4,5.7,4.6,5.7,5.3,5.5,6.1,5.2,6.3,4.7,9.8,3.4,7.3,122.0,0,0,0,0,0,0
43.7,43.2,44.2,38.8,37.2,40.4,42.0,40.4,43.6,19.3,21.6,17.0,0.407,5.3,0.141,4.53,4.97,5.99,0.111,3.54,2.46,0.0372,0.208,0.378,34.4,27.0,72,24,400,3.3,12.5,6.2,4.5,5.1,4.4,5.3,6.4,6.4,4.9,5.6,10.1,4.2,6.7,85.6,0,0,0,0,0,0
42.1,41.6,42.6,36.4,38.2,34.6,47.5,48.0,47.0,21.0,18.6,23.4,0.431,5.49,0.145,4.67,5.15,6.32,0.119,3.59,2.51,0.0371,0.214,0.386,33.8,26.0,81,24,400,4.8,12.0,4.4,5.5,6.0,4.9,5.1,5.4,5.3,5.9,6.1,10.3,4.0,8.9,88.6,0,0,0,0,0,0
41.7,43.2,40.2,35.9,35.0,36.8,41.9,42.2,41.6,19.8,17.4,22.2,0.435,5.68,0.15,4.79,5.25,6.41,0.125,3.74,2.6,0.0362,0.216,0.385,33.5,26.0,73,26,400,4.2,11.1,5.1,4.7,5.0,4.8,5.9,5.8,7.2,6.8,5.4,11.1,3.8,9.4,90.3,0,0,0,0,0,0
43.3,40.6,46.0,39.7,40.8,38.6,43.3,42.8,43.8,21.2,22.6,19.8,0.452,5.8,0.151,4.86,5.39,6.62,0.125,3.89,2.65,0.037,0.222,0.398,33.3,26.0,74,25,400,4.2,11.6,5.6,4.6,4.3,4.7,5.9,5.5,4.4,6.4,4.9,9.4,2.9,7.4,81.8,0,0,0,0,0,0
43.0,43.6,42.4,36.8,36.2,37.4,42.8,42.8,42.8,20.1,16.2,24.0,0.465,5.99,0.157,5.0,5.54,6.81,0.133,3.93,2.8,0.0378,0.226,0.413,33.2,26.0,77,24,400,3.2,11.7,5.1,5.6,5.6,5.3,5.5,5.7,6.5,5.7,5.7,10.8,3.8,8.5,88.7,0,0,0,0,0,0
42.4,44.8,40.0,38.3,40.2,36.4,39.6,41.8,37.4,20.1,23.2,17.0,0.489,6.08,0.162,5.11,5.69,7.01,0.137,4.02,2.86,0.0382,0.23,0.426,33.3,26.0,79,25,400,3.1,12.5,5.9,4.4,4.4,5.2,6.2,5.0,5.9,5.7,5.0,10.9,4.0,7.1,85.3,0,0,0,0,0,0
44.3,42.8,45.8,36.8,33.6,40.0,41.6,41.4,41.8,19.8,21.2,18.4,0.49,6.2,0.164,5.2,5.9,7.24,0.139,4.14,2.97,0.038,0.234,0.443,33.3,26.0,79,26,400,3.5,12.1,5.6,5.1,4.9,5.5,6.1,4.4,5.7,5.6,5.7,11.5,3.1,7.3,86.1,0,0,0,0,0,0
43.4,43.8,43.0,38.5,39.6,37.4,42.9,44.2,41.6,20.3,21.4,19.2,0.539,6.8,0.177,5.75,6.6,8.02,0.154,4.62,3.28,0.0374,0.258,0.499,33.2,26.0,75,26,400,3.2,12.9,4.1,5.6,6.2,5.6,4.4,6.1,5.4,5.6,5.2,10.8,3.5,9.0,87.6,0,0,0,0,0,0
48.2,48.2,48.2,28.3,28.8,27.8,52.6,50.4,54.8,19.3,22.0,16.6,0.142,2.1,0.0691,1.97,1.67,2.28,0.0481,1.3,0.935,0.0368,0.116,0.153,37.2,31.0,80,31,200,34.7,6.0,2.67,3.67,1.67,3.33,3.0,2.33,2.0,4.0,0.667,4.33,1.67,2.0,72.0,0,0,0,0,0,0
33.6,34.4,32.8,30.2,29.4,31.0,32.9,32.6,33.2,20.3,22.4,18.2,0.168,2.29,0.0785,2.01,1.89,2.5,0.058,1.42,1.04,0.0367,0.121,0.169,32.4,26.0,63,21,200,11.6,6.9,2.7,3.2,2.9,3.4,3.0,2.6,2.5,3.4,2.4,6.2,2.6,4.8,58.2,0,0,0,0,0,0
33.6,33.0,34.2,30.6,31.8,29.4,31.9,33.4,30.4,20.5,19.6,21.4,0.2,2.47,0.0867,2.14,2.14,2.72,0.0606,1.55,1.15,0.0376,0.128,0.181,30.6,24.0,64,21,200,1.8,6.5,2.7,2.8,2.8,2.9,2.2,3.1,2.3,3.8,3.1,6.3,2.8,3.3,46.4,0,0,0,0,0,0
35.0,36.6,33.4,29.4,32.8,26.0,30.6,28.0,33.2,19.4,16.0,22.8,0.204,2.6,0.0892,2.22,2.4,2.93,0.0635,1.68,1.23,0.0383,0.132,0.196,30.0,23.0,66,23,200,2.5,5.1,3.0,2.7,2.8,2.3,3.1,2.4,2.7,2.5,2.8,5.0,1.6,3.6,42.1,0,0,0,0,0,0
32.9,34.4,31.4,30.7,33.0,28.4,29.6,28.8,30.4,19.2,20.0,18.4,0.225,2.72,0.0938,2.27,2.65,3.09,0.0691,1.79,1.31,0.0372,0.136,0.217,29.6,23.0,67,21,200,1.3,6.5,2.8,2.5,2.0,2.9,2.5,1.9,3.8,3.4,2.4,6.3,2.1,3.1,43.5,0,0,0,0,0,0
32.4,32.8,32.0,32.1,31.8,32.4,28.7,27.2,30.2,18.8,18.0,19.6,0.239,2.91,0.0948,2.3,2.82,3.22,0.0723,1.91,1.38,0.0371,0.14,0.223,29.3,23.0,68,22,200,1.4,6.3,2.7,3.3,1.6,2.7,2.5,2.1,2.0,2.7,2.8,5.7,2.1,4.1,42.0,0,0,0,0,0,0
34.0,32.0,36.0,30.3,30.2,30.4,33.7,36.0,31.4,20.4,23.2,17.6,0.253,3.02,0.0999,2.4,3.1,3.48,0.075,2.04,1.47,0.0371,0.146,0.24,29.2,23.0,71,21,200,1.6,5.8,2.3,2.5,2.2,2.7,2.3,2.6,3.3,2.7,3.3,4.9,1.6,3.6,41.4,0,0,0,0,0,0
33.0,33.4,32.6,29.6,31.4,27.8,31.9,30.0,33.8,18.7,22.2,15.2,0.263,3.22,0.104,2.53,3.29,3.7,0.0794,2.21,1.55,0.037,0.149,0.254,29.1,22.0,67,21,200,1.6,6.0,3.3,2.4,3.0,3.4,3.1,2.8,2.3,2.4,3.3,6.3,2.0,4.4,46.3,0,0,0,0,0,0
33.2,34.0,32.4,32.4,30.6,34.2,31.9,29.2,34.6,20.0,20.8,19.2,0.279,3.35,0.106,2.63,3.56,3.9,0.0803,2.33,1.64,0.0367,0.156,0.268,28.9,22.0,58,21,200,1.8,6.3,2.1,2.6,2.9,2.0,2.6,1.9,2.7,4.3,2.7,4.3,1.6,4.4,42.2,0,0,0,0,0,0
32.6,31.4,33.8,30.2,32.8,27.6,29.7,28.6,30.8,19.4,23.8,15.0,0.303,3.7,0.113,2.93,3.96,4.36,0.0905,2.55,1.83,0.0366,0.167,0.295,28.9,22.0,74,22,200,1.6,4.9,3.3,2.9,3.6,2.4,2.7,2.5,1.8,3.8,2.6,6.3,1.7,5.1,45.2,0,0,0,0,0,0
38.4,39.0,37.8,34.3,34.6,34.0,39.2,39.8,38.6,19.0,16.2,21.8,0.275,3.75,0.104,2.87,3.78,4.28,0.0794,2.42,1.74,0.0375,0.161,0.264,36.9,28.0,92,28,300,28.3,7.5,3.0,4.6,4.5,4.3,5.0,3.4,5.1,3.0,3.8,8.7,2.9,7.0,91.1,0,0,0,0,0,0
37.9,38.0,37.8,34.0,31.8,36.2,36.0,35.2,36.8,19.2,20.4,18.0,0.295,3.9,0.109,3.06,3.87,4.4,0.0855,2.56,1.85,0.0356,0.165,0.276,34.7,26.0,69,23,300,2.2,9.8,3.7,4.5,4.6,3.8,4.0,3.5,4.8,4.9,3.7,8.1,3.2,6.0,66.8,0,0,0,0,0,0
38.7,38.4,39.0,34.7,34.2,35.2,39.7,39.4,40.0,19.8,18.8,20.8,0.294,4.11,0.111,3.22,4.02,4.66,0.0845,2.68,1.92,0.0376,0.461,0.287,33.6,25.0,71,23,300,3.6,9.1,3.7,3.8,3.8,5.1,4.3,4.1,4.1,4.4,3.1,8.2,2.2,6.1,65.6,0,0,0,0,0,0
39.3,38.8,39.8,36.4,35.6,37.2,38.6,40.0,37.2,19.7,16.4,23.0,0.321,4.27,0.119,3.43,4.18,4.84,0.096,2.78,2.01,0.0367,0.469,0.302,33.4,25.0,76,24,300,2.8,8.1,3.6,3.2,4.0,3.6,4.3,4.4,4.8,3.7,4.7,8.1,3.3,5.8,64.4,0,0,0,0,0,0
40.0,36.6,43.4,33.9,34.6,33.2,36.4,35.4,37.4,20.2,22.8,17.6,0.334,4.4,0.121,3.59,4.37,5.06,0.0999,2.96,2.12,0.0367,0.474,0.315,33.0,25.0,70,24,300,3.1,7.3,4.3,4.8,3.4,3.2,5.8,4.3,4.0,4.3,5.0,11.2,3.7,5.4,69.8,0,0,0,0,0,0
37.8,36.6,39.0,32.7,29.0,36.4,35.1,36.6,33.6,19.4,21.2,17.6,0.346,4.54,0.127,3.7,4.52,5.21,0.105,3.03,2.21,0.0366,0.482,0.327,32.7,25.0,72,22,300,3.3,9.2,4.1,2.6,5.2,4.7,3.5,4.5,2.9,3.8,3.8,7.6,2.5,4.8,62.5,0,0,0,0,0,0
39.0,39.4,38.6,34.9,33.6,36.2,36.0,35.2,36.8,20.7,19.6,21.8,0.368,4.61,0.132,3.76,4.59,5.43,0.109,3.12,2.26,0.0368,0.486,0.339,32.3,24.0,67,21,300,2.9,9.5,4.4,3.8,4.1,3.8,3.6,2.6,3.7,4.6,3.4,6.7,1.9,5.4,60.4,0,0,0,0,0,0
39.4,40.4,38.4,36.5,35.8,37.2,36.3,36.8,35.8,19.6,22.2,17.0,0.376,4.83,0.134,3.95,4.83,5.48,0.113,3.23,2.33,0.037,0.494,0.356,31.9,24.0,69,23,300,2.7,9.5,4.7,4.3,4.3,3.7,4.8,4.7,4.1,4.6,5.4,8.8,2.6,5.0,69.2,0,0,0,0,0,0
37.8,35.8,39.8,34.7,32.4,37.0,36.8,36.8,36.8,20.1,18.6,21.6,0.417,5.29,0.146,4.41,5.3,6.08,0.121,3.64,2.59,0.0362,0.509,0.394,31.6,24.0,65,23,300,2.2,7.8,3.9,5.1,4.6,3.5,4.0,5.2,3.3,3.6,3.8,7.5,2.9,5.8,63.2,0,0,0,0,0,0
40.7,42.2,39.2,37.6,38.4,36.8,42.7,40.4,45.0,19.3,18.6,20.0,0.398,5.19,0.137,4.29,4.88,5.67,0.117,3.36,2.39,0.0374,0.501,0.363,38.0,28.0,99,31,400,43.7,9.4,3.9,4.5,6.2,6.9,4.3,5.5,4.4,6.0,4.1,8.9,3.0,5.7,117.0,0,0,0,0,0,0
43.9,44.4,43.4,38.5,41.0,36.0,43.7,44.4,43.0,20.1,21.6,18.6,0.423,5.27,0.143,4.46,4.96,6.0,0.118,3.52,2.5,0.0376,0.214,0.371,35.8,27.0,78,24,400,3.5,11.1,7.4,4.9,6.7,4.4,4.9,5.1,6.5,5.1,5.9,9.5,3.8,6.7,85.5,0,0,0,0,0,0
41.9,42.8,41.0,38.8,37.6,40.0,40.2,39.6,40.8,20.3,20.8,19.8,0.405,5.39,0.143,4.6,4.93,6.12,0.116,3.53,2.54,0.0363,0.214,0.368,34.0,25.0,70,21,400,4.7,12.9,5.4,5.5,5.0,5.0,6.0,5.0,4.1,6.0,5.7,10.5,3.9,7.2,86.9,0,0,0,0,0,0
41.8,42.4,41.2,39.6,39.0,40.2,40.2,37.2,43.2,19.7,18.8,20.6,0.421,5.54,0.143,4.89,4.93,6.18,0.124,3.71,2.63,0.0383,0.219,0.38,33.5,25.0,74,23,400,4.4,10.8,6.6,4.9,4.8,6.0,5.0,5.3,4.9,4.5,7.0,11.2,3.4,6.3,85.1,0,0,0,0,0,0
42.9,42.8,43.0,38.8,39.0,38.6,42.1,40.2,44.0,19.1,16.6,21.6,0.443,5.67,0.149,5.12,5.17,6.44,0.134,3.86,2.72,0.0364,0.226,0.401,33.4,25.0,79,24,400,4.1,12.5,6.5,6.5,5.5,5.4,5.2,4.7,6.1,3.8,4.4,10.7,4.3,8.0,87.7,0,0,0,0,0,0
41.2,39.2,43.2,40.0,39.4,40.6,42.1,39.4,44.8,20.3,19.2,21.4,0.464,5.84,0.155,5.35,5.21,6.6,0.137,3.94,2.77,0.0382,0.229,0.407,33.1,25.0,74,24,400,4.3,11.4,4.7,6.4,4.7,5.4,5.1,5.7,6.1,5.6,4.8,10.8,3.0,8.3,86.3,0,0,0,0,0,0
42.6,44.2,41.0,39.3,38.0,40.6,40.9,39.2,42.6,19.5,21.2,17.8,0.471,5.99,0.157,5.5,5.23,6.86,0.141,4.03,2.84,0.0373,0.232,0.417,32.9,25.0,72,25,400,3.1,10.9,5.8,4.4,6.5,5.2,5.5,5.3,6.1,6.4,5.2,11.0,4.3,6.9,86.6,0,0,0,0,0,0
42.6,40.4,44.8,38.1,40.2,36.0,41.9,42.0,41.8,21.3,18.0,24.6,0.476,6.18,0.163,5.65,5.31,7.07,0.152,4.14,2.98,0.0362,0.236,0.441,32.8,25.0,74,24,400,4.2,12.6,4.6,5.2,4.1,5.3,6.1,6.3,6.0,5.5,5.3,10.9,3.1,7.5,86.7,0,0,0,0,0,0
42.2,42.2,42.2,41.4,42.6,40.2,42.1,42.6,41.6,19.6,22.0,17.2,0.511,6.64,0.175,6.28,5.89,7.79,0.166,4.56,3.24,0.0372,0.255,0.486,32.6,25.0,73,23,400,3.8,11.9,6.4,5.3,6.2,5.0,5.7,5.3,6.3,5.0,4.5,11.9,3.3,6.7,87.3,0,0,0,0,0,0
44.6,45.0,44.2,29.3,30.6,28.0,55.3,54.8,55.8,18.9,18.8,19.0,0.118,2.12,0.0613,1.86,1.74,2.31,0.0388,1.28,0.925,0.0366,0.112,0.144,37.4,29.0,88,29,200,37.3,4.67,1.67,1.33,2.33,6.0,3.67,3.33,1.33,3.67,2.33,4.67,1.33,1.67,75.3,0,0,0,0,0,0
31.5,28.0,35.0,30.4,33.8,27.0,35.1,34.6,35.6,18.8,19.4,18.2,0.137,2.26,0.0683,2.04,1.86,2.5,0.0432,1.41,1.05,0.0365,0.118,0.16,31.7,24.0,59,19,200,11.7,5.6,3.4,2.3,3.2,2.4,2.4,3.5,1.9,4.1,3.0,7.6,2.0,3.6,56.7,0,0,0,0,0,0
31.7,31.4,32.0,29.4,27.6,31.2,31.3,32.6,30.0,20.1,16.8,23.4,0.138,2.39,0.0677,2.18,2.01,2.65,0.0444,1.49,1.1,0.0374,0.124,0.164,30.1,23.0,64,20,200,2.1,5.1,4.1,3.1,3.1,2.9,2.9,2.1,2.9,2.6,2.8,5.8,1.2,4.3,45.0,0,0,0,0,0,0
31.6,28.2,35.0,30.7,31.6,29.8,31.5,33.6,29.4,20.5,19.4,21.6,0.156,2.58,0.0751,2.36,2.18,2.86,0.0477,1.62,1.2,0.0357,0.128,0.175,28.9,22.0,58,18,200,1.8,4.4,3.1,2.7,2.7,1.7,3.5,2.1,3.2,2.3,2.9,5.0,1.4,4.1,40.9,0,0,0,0,0,0
31.9,33.6,30.2,30.2,29.4,31.0,33.0,34.6,31.4,19.8,18.0,21.6,0.184,2.74,0.0792,2.56,2.32,3.08,0.0544,1.8,1.27,0.0366,0.136,0.188,28.5,21.0,62,20,200,2.0,4.9,3.1,2.5,3.6,2.7,1.9,3.0,2.9,3.3,3.3,5.7,2.2,3.0,44.1,0,0,0,0,0,0
31.7,32.8,30.6,31.8,32.2,31.4,34.0,35.8,32.2,19.0,20.6,17.4,0.204,2.91,0.0825,2.7,2.54,3.29,0.061,1.92,1.36,0.0368,0.14,0.206,28.3,21.0,63,21,200,2.0,4.9,2.5,2.8,3.1,2.4,2.4,3.0,3.2,3.4,1.7,5.7,2.1,4.4,43.6,0,0,0,0,0,0
31.3,32.8,29.8,30.2,30.2,30.2,32.3,31.2,33.4,18.6,21.8,15.4,0.214,3.15,0.0886,2.95,2.67,3.47,0.0632,2.08,1.47,0.0368,0.143,0.217,28.2,21.0,68,20,200,2.2,6.0,3.4,3.8,3.4,2.3,2.9,2.5,2.5,3.0,2.7,6.2,1.6,3.9,46.4,0,0,0,0,0,0
31.5,32.2,30.8,32.0,33.6,30.4,33.6,33.6,33.6,18.5,15.6,21.4,0.23,3.29,0.0907,3.08,2.82,3.66,0.0671,2.21,1.56,0.037,0.148,0.232,27.8,21.0,59,20,200,1.8,7.1,1.9,3.0,3.5,2.5,3.0,2.2,2.5,3.3,2.6,4.8,1.6,3.4,43.2,0,0,0,0,0,0
32.7,34.8,30.6,30.3,29.2,31.4,34.2,32.8,35.6,19.6,21.8,17.4,0.242,3.44,0.0939,3.28,3.01,3.9,0.0709,2.36,1.66,0.038,0.152,0.248,27.5,21.0,61,19,200,1.7,5.7,2.3,3.2,2.8,2.5,2.7,3.0,3.4,3.0,2.8,6.2,1.4,3.6,44.3,0,0,0,0,0,0
30.7,32.8,28.6,31.1,32.0,30.2,32.9,36.0,29.8,18.6,20.6,16.6,0.273,3.81,0.102,3.66,3.33,4.31,0.0789,2.61,1.86,0.0361,0.165,0.276,27.5,21.0,64,21,200,1.0,5.3,2.7,2.1,2.6,2.1,3.2,2.6,3.1,3.1,3.1,6.2,1.7,4.7,43.5,0,0,0,0,0,0
38.8,37.6,40.0,35.0,36.0,34.0,39.2,39.4,39.0,19.3,19.8,18.8,0.273,3.74,0.105,3.47,3.23,4.19,0.0789,2.49,1.75,0.0374,0.159,0.26,37.2,28.0,96,28,300,27.4,9.3,4.3,3.5,3.9,4.9,4.4,4.4,3.8,3.8,4.2,8.3,2.7,5.3,90.2,0,0,0,0,0,0
38.1,37.8,38.4,35.7,35.6,35.8,36.1,33.6,38.6,19.6,23.4,15.8,0.276,3.94,0.106,3.61,3.47,4.46,0.0804,2.64,1.84,0.0382,0.164,0.278,34.1,26.0,65,22,300,2.9,7.9,4.1,5.4,3.5,3.6,5.3,5.1,3.4,4.2,4.2,8.0,2.5,5.6,65.7,0,0,0,0,0,0
39.4,37.4,41.4,37.4,34.4,40.4,37.6,39.4,35.8,19.0,21.8,16.2,0.296,4.1,0.109,3.7,3.67,4.67,0.0851,2.72,1.93,0.0382,0.5,0.292,32.9,25.0,70,23,300,3.2,8.5,4.2,3.5,4.0,4.4,4.1,4.3,4.7,4.6,4.5,10.2,3.3,4.9,68.4,0,0,0,0,0,0
38.6,36.4,40.8,34.9,36.2,33.6,35.1,32.8,37.4,19.9,17.2,22.6,0.309,4.19,0.114,3.83,3.85,4.83,0.0938,2.88,2.03,0.0371,0.506,0.304,32.2,25.0,72,23,300,2.3,8.0,3.8,4.1,4.4,3.9,4.0,5.8,3.9,4.8,4.7,9.4,3.2,5.9,68.2,0,0,0,0,0,0
37.9,36.0,39.8,36.1,36.8,35.4,37.4,39.2,35.6,19.5,21.4,17.6,0.345,4.37,0.125,3.98,4.02,5.07,0.0965,3.0,2.1,0.038,0.513,0.324,31.8,24.0,72,22,300,3.3,8.6,3.4,3.1,4.7,4.9,3.7,3.8,4.0,3.8,4.6,9.3,3.2,5.7,66.1,0,0,0,0,0,0
40.1,40.2,40.0,33.8,35.0,32.6,37.8,36.4,39.2,19.7,20.2,19.2,0.366,4.55,0.132,4.07,4.26,5.29,0.106,3.09,2.22,0.0361,0.518,0.334,31.6,24.0,74,23,300,3.2,8.8,4.5,3.9,3.5,3.5,4.2,4.8,5.2,4.2,4.3,7.8,3.4,6.1,67.4,0,0,0,0,0,0
38.3,37.4,39.2,36.5,33.8,39.2,38.2,36.6,39.8,20.4,16.2,24.6,0.383,4.76,0.135,4.18,4.49,5.4,0.11,3.25,2.3,0.038,0.524,0.353,31.5,24.0,73,23,300,2.7,8.8,4.3,5.1,4.0,4.3,3.6,3.8,3.6,3.4,4.2,9.3,3.0,6.6,66.7,0,0,0,0,0,0
39.5,38.8,40.2,33.8,34.2,33.4,37.3,35.2,39.4,20.2,20.0,20.4,0.381,4.93,0.134,4.24,4.72,5.7,0.111,3.33,2.36,0.0361,0.53,0.367,31.3,24.0,73,22,300,3.0,10.2,3.0,3.7,4.2,4.3,4.8,3.3,4.2,4.0,5.3,7.6,1.8,6.4,65.8,0,0,0,0,0,0
40.6,38.4,42.8,35.4,34.6,36.2,38.8,41.0,36.6,19.1,20.6,17.6,0.411,5.39,0.145,4.71,5.21,6.27,0.119,3.69,2.59,0.0379,0.54,0.408,31.1,24.0,66,22,300,2.5,9.1,4.8,3.5,3.8,2.9,3.1,4.3,3.7,4.5,4.5,7.1,1.7,6.4,61.9,0,0,0,0,0,0
38.0,38.4,37.6,38.3,36.4,40.2,38.5,38.2,38.8,19.2,22.6,15.8,0.391,5.29,0.139,4.51,4.71,5.94,0.112,3.46,2.42,0.0379,0.204,0.366,37.6,30.0,90,33,400,42.8,9.8,5.4,4.9,4.6,5.5,4.9,4.7,5.6,5.3,4.7,9.7,3.3,7.0,118.0,0,0,0,0,0,0
43.0,40.4,45.6,40.9,42.0,39.8,40.9,40.4,41.4,20.2,19.2,21.2,0.394,5.47,0.139,4.72,4.86,6.05,0.111,3.49,2.45,0.0369,0.208,0.386,34.6,27.0,69,22,400,3.1,11.4,4.8,5.3,4.4,6.4,5.1,6.5,4.5,4.4,5.3,10.7,3.4,7.4,82.7,0,0,0,0,0,0
40.7,42.0,39.4,39.4,36.6,42.2,44.3,47.6,41.0,19.8,19.6,20.0,0.408,5.61,0.141,4.99,4.89,6.38,0.115,3.64,2.54,0.038,0.213,0.393,34.0,26.0,78,23,400,4.9,13.2,4.8,5.1,5.4,5.0,5.0,6.8,6.2,6.9,5.6,13.4,3.2,7.7,93.2,0,0,0,0,0,0
40.9,40.2,41.6,38.1,39.6,36.6,42.1,39.8,44.4,19.6,23.0,16.2,0.414,5.78,0.146,5.22,5.06,6.55,0.118,3.78,2.64,0.0371,0.22,0.406,33.8,26.0,79,25,400,3.4,10.4,5.9,5.7,5.9,5.1,5.9,7.3,5.7,4.8,5.6,12.4,4.8,7.8,90.7,0,0,0,0,0,0
42.8,44.2,41.4,38.6,39.0,38.2,44.4,43.4,45.4,19.5,19.0,20.0,0.447,5.83,0.153,5.34,5.06,6.74,0.13,3.89,2.76,0.0362,0.225,0.425,33.3,25.0,73,24,400,3.0,11.4,5.9,6.5,5.5,4.7,5.6,5.4,5.0,5.8,4.9,12.0,4.4,6.9,87.0,0,0,0,0,0,0
41.8,44.2,39.4,40.0,37.0,43.0,43.9,43.2,44.6,19.5,15.2,23.8,0.465,5.97,0.161,5.55,5.24,6.88,0.136,4.0,2.83,0.0363,0.227,0.435,33.2,25.0,80,23,400,3.6,13.2,6.5,5.8,5.0,5.4,4.9,4.2,5.3,4.3,5.2,10.1,4.4,9.3,87.2,0,0,0,0,0,0
40.7,38.8,42.6,37.5,35.6,39.4,43.1,42.6,43.6,18.5,20.4,16.6,0.485,6.14,0.162,5.71,5.26,7.19,0.138,4.05,2.88,0.0371,0.236,0.442,32.9,25.0,78,23,400,4.5,12.1,6.5,5.1,5.3,5.5,5.0,6.1,5.4,5.3,6.9,11.4,3.4,9.0,91.5,0,0,0,0,0,0
41.2,43.0,39.4,37.8,38.8,36.8,43.7,44.4,43.0,19.0,18.4,19.6,0.496,6.34,0.165,5.98,5.36,7.45,0.143,4.28,2.96,0.0371,0.241,0.456,32.7,25.0,77,23,400,2.6,10.8,6.4,4.3,5.0,5.0,6.2,5.4,4.4,6.1,5.2,11.1,3.1,9.3,84.9,0,0,0,0,0,0
39.9,39.2,40.6,38.9,38.8,39.0,43.2,44.0,42.4,20.2,19.0,21.4,0.534,6.91,0.175,6.45,5.9,8.07,0.151,4.65,3.26,0.0369,0.254,0.496,32.4,25.0,70,24,400,4.1,12.0,5.1,6.1,5.3,5.1,5.1,5.0,5.4,4.5,5.6,10.1,2.9,7.2,83.5,0,0,0,0,0,0
44.4,42.8,46.0,29.0,25.4,32.6,52.8,53.0,52.6,18.7,22.4,15.0,0.16,2.17,0.0735,1.77,1.81,2.3,0.0504,1.31,0.968,0.0369,0.118,0.144,39.6,32.0,87,31,200,40.0,4.67,3.0,3.0,3.0,3.33,3.33,3.33,2.33,2.33,4.0,6.67,2.33,5.0,86.3,0,0,0,0,0,0
32.2,33.4,31.0,28.7,29.2,28.2,32.0,32.4,31.6,19.0,18.6,19.4,0.173,2.27,0.0776,1.97,1.94,2.5,0.0515,1.43,1.04,0.0371,0.122,0.161,33.2,25.0,63,19,200,10.4,6.8,2.9,3.1,2.5,4.0,2.6,2.2,3.1,3.4,2.5,5.4,2.1,3.1,54.1,0,0,0,0,0,0
30.9,31.2,30.6,28.0,26.0,30.0,36.3,36.2,36.4,18.6,16.2,21.0,0.184,2.41,0.0841,2.13,2.07,2.66,0.056,1.54,1.13,0.0369,0.125,0.167,31.6,24.0,66,21,200,2.2,5.8,2.1,2.7,2.8,2.7,2.5,2.3,3.7,2.4,2.6,5.2,1.9,3.4,42.3,0,0,0,0,0,0
33.4,34.6,32.2,30.3,31.6,29.0,33.9,37.6,30.2,18.1,16.6,19.6,0.2,2.58,0.087,2.29,2.26,2.85,0.0617,1.69,1.19,0.0377,0.127,0.185,30.5,23.0,69,19,200,1.7,5.4,2.7,3.1,2.5,3.1,2.9,2.7,2.2,3.4,2.4,6.4,2.4,3.0,43.9,0,0,0,0,0,0
31.7,29.0,34.4,30.3,32.0,28.6,32.2,31.0,33.4,19.5,20.0,19.0,0.219,2.75,0.0905,2.41,2.41,3.06,0.0667,1.76,1.29,0.0358,0.135,0.198,29.5,22.0,59,19,200,1.6,5.9,4.6,2.8,2.7,2.9,2.0,1.8,3.2,3.4,2.0,5.1,2.0,3.6,43.6,0,0,0,0,0,0
33.4,30.8,36.0,28.9,27.6,30.2,33.1,32.8,33.4,18.7,15.6,21.8,0.242,2.91,0.0963,2.64,2.59,3.29,0.0715,1.94,1.38,0.0367,0.142,0.218,29.3,22.0,65,22,200,1.1,5.8,3.0,2.3,2.6,2.2,3.2,2.8,3.3,2.2,2.6,6.4,1.9,4.7,44.1,0,0,0,0,0,0
35.0,33.4,36.6,31.2,33.4,29.0,32.0,33.6,30.4,19.0,18.0,20.0,0.239,3.08,0.0972,2.82,2.73,3.47,0.075,2.06,1.46,0.0358,0.145,0.228,28.9,22.0,64,20,200,2.1,6.7,2.4,2.0,2.9,2.5,2.7,2.7,3.4,2.2,2.6,5.4,1.3,3.8,42.7,0,0,0,0,0,0
33.3,35.0,31.6,30.2,33.0,27.4,32.6,31.0,34.2,18.7,21.4,16.0,0.257,3.24,0.101,2.97,2.91,3.67,0.0763,2.16,1.54,0.0368,0.151,0.243,28.8,22.0,73,19,200,1.9,6.4,2.0,2.4,2.9,2.2,2.9,3.4,3.1,3.4,1.9,6.3,2.0,3.4,44.2,0,0,0,0,0,0
34.8,38.6,31.0,30.1,29.0,31.2,32.1,33.4,30.8,18.5,20.2,16.8,0.265,3.41,0.105,3.15,3.1,3.86,0.0795,2.28,1.65,0.0368,0.156,0.262,28.6,21.0,69,20,200,2.1,5.5,2.3,2.7,3.5,2.5,2.4,2.9,2.8,2.9,2.4,5.1,1.7,4.4,43.2,0,0,0,0,0,0
31.9,34.0,29.8,30.7,28.8,32.6,33.2,29.8,36.6,20.3,19.6,21.0,0.314,3.77,0.115,3.51,3.42,4.31,0.0909,2.58,1.82,0.0359,0.169,0.295,28.7,22.0,71,22,200,1.2,6.8,3.0,2.4,2.5,2.5,1.8,3.8,2.4,3.1,2.9,6.9,2.4,4.0,45.7,0,0,0,0,0,0
35.6,33.2,38.0,33.6,35.4,31.8,35.3,34.2,36.4,19.2,16.8,21.6,0.306,3.86,0.109,3.58,3.24,4.25,0.0905,2.46,1.75,0.0369,0.167,0.274,37.9,29.0,95,31,300,27.5,9.0,5.5,3.5,4.3,4.0,3.9,4.7,4.9,5.4,3.1,10.3,3.5,6.1,95.7,0,0,0,0,0,0
35.8,32.4,39.2,34.5,35.0,34.0,36.9,34.6,39.2,19.4,20.4,18.4,0.309,3.91,0.112,3.71,3.32,4.34,0.0909,2.56,1.8,0.0371,0.168,0.293,34.9,26.0,73,21,300,2.1,9.5,3.7,3.9,4.4,3.5,4.0,4.0,4.3,3.8,4.1,7.7,2.8,5.7,63.5,0,0,0,0,0,0
37.2,36.0,38.4,36.6,37.0,36.2,39.6,38.0,41.2,19.8,22.6,17.0,0.328,4.06,0.121,3.94,3.44,4.66,0.0938,2.68,1.92,0.0361,0.473,0.306,33.6,24.0,72,21,300,2.3,9.2,3.6,4.1,4.8,2.5,3.9,3.9,3.9,3.9,5.3,7.6,3.5,6.2,64.7,0,0,0,0,0,0
37.1,37.8,36.4,33.1,31.6,34.6,37.9,36.6,39.2,18.5,17.2,19.8,0.362,4.3,0.129,4.07,3.52,4.86,0.104,2.89,1.98,0.0378,0.477,0.32,32.7,24.0,67,22,300,2.9,9.4,5.4,4.0,3.0,4.1,4.7,4.3,4.4,4.4,3.5,9.9,3.2,4.6,67.8,0,0,0,0,0,0
37.3,36.8,37.8,33.8,31.2,36.4,38.3,37.6,39.0,19.8,21.4,18.2,0.384,4.47,0.134,4.29,3.62,5.0,0.111,2.9,2.1,0.0367,0.481,0.336,31.7,23.0,65,20,300,2.1,9.4,4.4,3.5,3.7,4.5,4.4,3.4,4.2,4.1,4.0,7.1,3.4,4.7,62.9,0,0,0,0,0,0
35.5,35.6,35.4,35.7,33.6,37.8,38.0,38.0,38.0,20.1,19.2,21.0,0.405,4.54,0.138,4.51,3.71,5.17,0.113,3.08,2.17,0.0365,0.488,0.345,31.5,23.0,74,23,300,2.9,8.3,4.9,4.1,4.1,4.6,5.4,3.5,3.2,3.4,4.3,9.4,3.3,5.9,67.3,0,0,0,0,0,0
37.3,38.4,36.2,34.6,33.2,36.0,38.8,38.6,39.0,19.3,20.2,18.4,0.421,4.75,0.145,4.69,3.74,5.4,0.12,3.21,2.26,0.0364,0.494,0.363,31.2,23.0,70,22,300,2.8,8.3,3.5,4.8,3.1,3.8,4.6,4.5,4.0,4.2,4.3,8.2,3.2,5.8,65.1,0,0,0,0,0,0
38.9,42.4,35.4,38.1,37.6,38.6,39.1,41.4,36.8,20.0,20.0,20.0,0.431,4.88,0.147,4.89,3.91,5.48,0.123,3.29,2.36,0.0373,0.499,0.375,31.0,23.0,68,23,300,3.1,9.7,3.9,3.9,3.4,3.0,4.6,4.0,3.9,4.0,4.5,8.0,2.5,5.0,63.5,0,0,0,0,0,0
36.2,36.4,36.0,36.9,37.6,36.2,37.8,39.8,35.8,18.9,19.4,18.4,0.479,5.44,0.159,5.44,4.36,6.12,0.139,3.69,2.59,0.0365,0.517,0.416,31.2,23.0,78,24,300,3.2,8.0,4.2,3.9,5.2,3.8,5.3,4.0,4.6,3.6,5.0,9.5,3.5,6.9,70.7,0,0,0,0,0,0
40.4,41.4,39.4,40.6,41.0,40.2,40.7,40.4,41.0,19.9,20.4,19.4,0.445,5.2,0.15,5.03,4.15,5.82,0.128,3.48,2.47,0.0365,0.21,0.388,37.5,29.0,96,29,400,41.5,11.0,5.2,3.3,4.7,6.3,3.9,4.4,6.2,4.4,5.0,10.2,4.0,8.2,118.0,0,0,0,0,0,0
43.8,45.0,42.6,39.5,39.6,39.4,42.0,44.2,39.8,19.2,20.0,18.4,0.449,5.41,0.15,5.18,4.41,6.02,0.126,3.52,2.48,0.0366,0.213,0.394,35.7,27.0,77,24,400,2.8,10.8,5.3,6.8,5.5,6.0,6.0,5.4,6.1,5.6,6.0,10.9,3.1,8.1,88.4,0,0,0,0,0,0
43.0,41.4,44.6,36.8,35.8,37.8,43.4,42.6,44.2,19.5,22.4,16.6,0.459,5.48,0.152,5.27,4.54,6.29,0.131,3.65,2.64,0.0375,0.215,0.401,34.6,26.0,74,23,400,3.2,12.1,5.1,4.9,5.3,5.2,4.9,7.2,5.7,5.5,5.2,11.6,4.6,7.7,88.2,0,0,0,0,0,0
42.5,40.6,44.4,40.2,41.2,39.2,39.7,41.6,37.8,18.8,14.8,22.8,0.452,5.63,0.152,5.29,4.71,6.49,0.133,3.74,2.7,0.0366,0.22,0.408,33.6,26.0,69,23,400,3.7,11.4,5.3,6.2,4.4,6.3,5.4,5.3,4.8,6.2,5.1,10.7,3.2,7.8,85.8,0,0,0,0,0,0
41.8,38.4,45.2,39.0,41.4,36.6,42.7,41.8,43.6,21.1,19.0,23.2,0.472,5.74,0.158,5.47,4.83,6.59,0.134,3.93,2.81,0.0376,0.225,0.417,33.2,26.0,72,23,400,3.6,10.5,6.5,6.7,5.6,4.8,4.7,6.7,4.4,5.8,5.8,10.6,3.6,5.9,85.2,0,0,0,0,0,0
41.3,40.4,42.2,38.6,35.4,41.8,40.8,38.0,43.6,20.8,21.4,20.2,0.471,5.94,0.159,5.56,5.05,6.92,0.136,3.96,2.82,0.0366,0.226,0.422,32.8,25.0,73,22,400,4.0,11.7,5.4,4.6,5.2,5.8,3.8,4.9,6.8,5.1,6.0,11.0,3.8,7.7,85.8,0,0,0,0,0,0
42.9,41.0,44.8,36.0,32.6,39.4,45.6,45.0,46.2,19.0,16.2,21.8,0.488,6.05,0.16,5.7,5.28,7.09,0.141,4.17,2.95,0.0356,0.232,0.437,32.8,25.0,81,23,400,3.1,10.8,6.3,6.6,4.8,5.3,4.5,6.0,5.4,5.8,5.4,11.6,3.4,8.1,87.1,0,0,0,0,0,0
42.6,42.8,42.4,38.3,36.6,40.0,43.0,42.2,43.8,19.5,16.0,23.0,0.502,6.17,0.164,5.64,5.39,7.12,0.141,4.18,2.98,0.0366,0.233,0.442,32.9,25.0,85,25,400,3.5,11.0,4.7,5.1,4.6,4.9,6.0,5.7,5.4,7.8,5.0,11.4,4.2,8.8,88.1,0,0,0,0,0,0
44.5,46.0,43.0,39.1,39.8,38.4,42.8,41.8,43.8,19.0,16.2,21.8,0.553,6.79,0.177,6.21,6.11,8.04,0.153,4.57,3.27,0.0368,0.252,0.49,33.1,25.0,83,26,400,4.5,12.3,4.7,4.9,5.5,4.9,4.6,3.6,5.8,5.3,4.5,11.8,3.5,9.0,84.9,0,0,0,0,0,0
44.9,44.4,45.4,29.8,30.9,28.7,54.0,55.4,52.6,20.6,19.8,21.4,0.158,1.43,0.0733,1.74,1.82,2.33,0.0461,1.32,0.937,0.0378,0.113,0.151,39.2,33.0,82,32,200,41.3,7.67,1.33,1.67,2.67,5.0,2.0,3.67,3.0,2.67,4.0,5.33,2.0,2.33,84.7,0,0,0,0,0,0
32.5,35.2,29.8,33.2,31.4,35.0,32.7,35.2,30.2,19.3,21.6,17.0,0.174,2.23,0.0766,1.88,1.96,2.51,0.0516,1.43,1.03,0.037,0.119,0.165,33.3,25.0,63,20,200,10.3,6.3,3.0,2.1,3.4,3.0,1.9,1.9,3.7,3.1,2.8,6.0,1.5,3.9,52.9,0,0,0,0,0,0
33.4,31.8,35.0,33.7,32.6,34.8,32.1,34.2,30.0,19.4,16.4,22.4,0.188,2.35,0.0811,2.06,2.07,2.72,0.056,1.55,1.12,0.0379,0.126,0.178,31.2,24.0,69,19,200,1.7,5.5,3.7,2.3,2.6,2.4,2.6,2.9,2.7,3.1,2.3,5.9,1.9,3.6,43.2,0,0,0,0,0,0
31.9,31.0,32.8,31.9,35.0,28.8,33.2,31.8,34.6,20.8,18.8,22.8,0.195,2.49,0.083,2.25,2.26,2.95,0.0597,1.66,1.2,0.0388,0.13,0.192,30.6,23.0,70,21,200,1.9,5.0,1.4,1.7,3.2,2.8,3.1,3.5,2.8,3.0,4.0,5.9,2.0,3.5,43.8,0,0,0,0,0,0
33.4,30.8,36.0,30.5,33.2,27.8,32.5,35.4,29.6,19.4,21.8,17.0,0.221,2.64,0.0888,2.48,2.37,3.07,0.0648,1.81,1.32,0.0377,0.136,0.208,29.8,23.0,61,19,200,1.3,6.3,3.4,3.3,1.9,2.4,2.8,3.1,3.2,2.4,3.1,5.4,1.8,3.2,43.6,0,0,0,0,0,0
33.3,33.4,33.2,33.5,33.8,33.2,33.6,33.6,33.6,19.5,18.4,20.6,0.219,2.82,0.091,2.63,2.51,3.25,0.0664,1.95,1.38,0.0376,0.14,0.221,29.2,22.0,66,19,200,1.1,6.8,2.2,2.0,2.5,2.6,2.4,3.0,3.0,2.4,4.2,4.5,1.6,3.5,41.8,0,0,0,0,0,0
32.1,31.4,32.8,29.2,28.2,30.2,32.6,30.2,35.0,19.7,19.8,19.6,0.237,2.99,0.0924,2.83,2.58,3.51,0.0694,2.06,1.48,0.0374,0.144,0.23,29.1,22.0,65,21,200,2.1,5.3,3.3,2.8,3.5,2.1,3.2,3.8,2.4,3.1,2.1,6.5,2.5,3.4,46.1,0,0,0,0,0,0
34.3,34.0,34.6,28.8,29.8,27.8,33.3,32.0,34.6,20.4,18.0,22.8,0.26,3.18,0.0973,3.07,2.72,3.7,0.0736,2.22,1.57,0.0375,0.151,0.246,28.8,22.0,64,20,200,1.5,6.4,2.6,2.9,2.8,1.8,3.2,3.1,2.9,3.4,3.0,5.4,1.7,3.7,44.4,0,0,0,0,0,0
31.2,32.2,30.2,31.3,30.6,32.0,33.8,32.0,35.6,19.2,19.0,19.4,0.264,3.32,0.101,3.26,2.86,3.91,0.0772,2.31,1.65,0.0375,0.155,0.263,28.6,22.0,67,20,200,1.5,5.7,1.8,2.7,2.8,2.3,2.2,2.6,2.7,2.5,3.4,5.8,2.0,3.7,41.7,0,0,0,0,0,0
33.3,30.6,36.0,30.3,31.2,29.4,35.6,32.4,38.8,19.1,18.2,20.0,0.304,3.72,0.11,3.64,3.2,4.38,0.0857,2.62,1.87,0.0373,0.17,0.289,28.5,21.0,65,21,200,1.5,4.8,2.7,2.5,2.7,2.8,2.5,2.8,3.1,3.0,3.3,5.6,2.2,4.0,43.5,0,0,0,0,0,0
39.1,38.6,39.6,36.7,36.6,36.8,37.7,36.0,39.4,20.6,18.4,22.8,0.304,3.66,0.111,3.48,3.18,4.29,0.0855,2.47,1.77,0.0373,0.162,0.27,37.7,29.0,92,28,300,27.0,8.8,4.3,5.5,4.3,3.7,3.7,4.8,3.9,3.4,4.7,8.2,3.4,5.0,90.7,0,0,0,0,0,0
38.3,39.8,36.8,37.2,37.0,37.4,43.9,46.6,41.2,21.1,24.2,18.0,0.323,3.8,0.116,3.61,3.33,4.47,0.0993,2.59,1.84,0.0376,0.469,0.282,35.2,27.0,72,24,300,3.0,7.6,4.2,4.1,4.7,5.1,3.3,4.6,4.5,3.4,4.6,9.5,3.3,5.2,67.1,0,0,0,0,0,0
36.8,38.8,34.8,34.7,37.0,32.4,36.6,33.6,39.6,19.8,22.2,17.4,0.354,4.02,0.126,3.72,3.56,4.78,0.107,2.74,1.93,0.0376,0.478,0.308,33.8,26.0,69,24,300,3.3,9.6,4.6,3.2,4.2,4.8,4.3,4.7,4.0,3.9,4.0,11.1,4.0,5.7,71.4,0,0,0,0,0,0
36.5,37.4,35.6,34.9,33.8,36.0,37.7,37.4,38.0,19.5,22.2,16.8,0.369,4.19,0.127,3.78,3.85,4.97,0.109,2.9,2.03,0.0378,0.483,0.31,32.7,25.0,63,22,300,2.8,7.0,4.3,4.0,4.8,5.0,4.4,4.4,3.1,4.5,4.6,8.4,3.1,4.9,65.3,0,0,0,0,0,0
37.7,36.4,39.0,34.1,34.2,34.0,36.6,37.4,35.8,18.9,15.6,22.2,0.383,4.39,0.133,3.97,4.01,5.18,0.112,3.01,2.12,0.038,0.486,0.32,32.3,25.0,73,23,300,3.3,9.0,2.3,3.8,4.7,3.3,3.8,4.6,5.3,4.6,4.0,8.7,2.7,6.4,66.5,0,0,0,0,0,0
35.8,32.6,39.0,35.7,37.2,34.2,36.5,36.4,36.6,20.6,21.4,19.8,0.376,4.5,0.133,4.06,4.12,5.34,0.115,3.1,2.18,0.0391,0.493,0.331,31.7,24.0,65,21,300,2.3,7.5,3.8,3.4,3.7,4.1,4.2,3.7,4.7,3.6,3.7,7.0,1.8,5.7,59.2,0,0,0,0,0,0
36.9,37.6,36.2,35.6,35.0,36.2,36.9,38.8,35.0,19.5,18.8,20.2,0.403,4.69,0.137,4.08,4.33,5.5,0.119,3.2,2.26,0.0381,0.492,0.343,31.4,24.0,66,23,300,3.4,8.0,3.6,4.3,4.5,3.9,3.9,4.2,4.2,4.3,4.8,8.6,3.2,6.5,67.4,0,0,0,0,0,0
37.7,36.2,39.2,34.8,33.6,36.0,36.9,37.4,36.4,18.9,22.0,15.8,0.405,4.89,0.14,4.26,4.59,5.74,0.118,3.34,2.33,0.0388,0.499,0.35,31.3,24.0,73,23,300,2.7,8.7,4.0,4.1,3.6,4.0,5.6,3.5,4.8,4.0,4.9,8.6,2.7,5.6,66.8,0,0,0,0,0,0
37.5,33.0,42.0,34.3,31.2,37.4,36.4,36.4,36.4,18.8,22.0,15.6,0.452,5.35,0.15,4.65,5.12,6.41,0.133,3.69,2.59,0.0368,0.515,0.397,31.0,24.0,68,22,300,2.8,8.4,4.1,4.3,3.9,4.4,4.5,3.6,3.7,4.2,3.4,8.5,2.6,6.5,64.9,0,0,0,0,0,0
41.9,42.6,41.2,38.4,38.6,38.2,40.6,40.4,40.8,19.8,16.0,23.6,0.403,5.37,0.139,4.46,4.85,6.04,0.113,3.51,2.43,0.039,0.202,0.349,37.7,29.0,95,31,400,41.3,9.9,5.5,5.7,4.6,6.2,5.2,6.1,4.3,5.1,5.2,10.9,4.4,7.8,122.0,0,0,0,0,0,0
43.9,43.0,44.8,37.9,39.4,36.4,42.7,42.0,43.4,20.8,18.6,23.0,0.412,5.41,0.139,4.72,4.93,6.13,0.118,3.47,2.5,0.0388,0.208,0.378,34.8,26.0,70,22,400,3.6,13.6,6.8,3.9,4.5,6.0,4.9,4.6,5.4,6.7,5.1,12.7,3.8,6.6,88.2,0,0,0,0,0,0
45.0,44.0,46.0,39.3,38.4,40.2,43.5,42.0,45.0,20.9,19.6,22.2,0.428,5.54,0.144,4.78,5.06,6.37,0.121,3.72,2.59,0.038,0.215,0.388,34.8,26.0,81,26,400,2.9,11.0,3.6,5.5,4.8,5.7,5.0,6.1,6.0,6.2,5.9,12.1,3.9,9.0,87.7,0,0,0,0,0,0
42.9,42.8,43.0,39.8,38.8,40.8,43.7,42.0,45.4,20.3,17.4,23.2,0.45,5.64,0.153,4.96,5.19,6.57,0.13,3.8,2.66,0.037,0.221,0.4,34.5,26.0,79,26,400,3.8,10.9,4.4,6.0,5.9,5.8,5.7,5.1,6.8,5.0,5.8,12.7,4.3,6.7,88.9,0,0,0,0,0,0
41.0,40.4,41.6,39.6,39.2,40.0,45.2,46.0,44.4,21.3,22.6,20.0,0.469,5.87,0.153,5.12,5.31,6.83,0.134,3.86,2.79,0.038,0.225,0.414,33.8,26.0,71,23,400,4.6,13.8,5.8,5.7,4.7,5.2,4.6,4.7,5.3,4.8,5.6,10.8,3.4,8.1,87.1,0,0,0,0,0,0
42.2,42.2,42.2,38.0,36.8,39.2,41.1,41.0,41.2,20.3,18.8,21.8,0.46,6.0,0.157,5.36,5.5,7.02,0.135,4.04,2.82,0.037,0.231,0.422,33.2,25.0,72,23,400,3.8,11.7,5.7,6.0,5.8,4.7,4.4,6.4,5.4,6.1,5.5,10.6,3.2,7.2,86.5,0,0,0,0,0,0
43.7,45.0,42.4,38.9,38.6,39.2,42.2,41.2,43.2,19.6,15.8,23.4,0.502,6.11,0.164,5.48,5.58,7.2,0.139,4.16,2.91,0.039,0.234,0.432,33.1,25.0,74,24,400,2.9,12.0,4.8,6.3,5.4,4.2,5.4,5.0,6.4,5.9,6.1,10.5,3.7,7.1,85.7,0,0,0,0,0,0
41.9,42.2,41.6,40.6,39.8,41.4,42.6,45.2,40.0,21.6,22.4,20.8,0.527,6.13,0.172,5.7,5.59,7.29,0.145,4.29,3.03,0.039,0.241,0.447,33.1,25.0,84,23,400,3.0,12.0,4.9,4.9,6.4,5.6,6.8,6.3,5.8,6.6,5.1,13.0,4.2,5.5,90.1,0,0,0,0,0,0
41.4,41.6,41.2,39.9,41.2,38.6,43.5,44.0,43.0,20.3,21.0,19.6,0.568,6.82,0.183,6.3,6.2,8.1,0.159,4.72,3.33,0.038,0.262,0.501,33.0,25.0,76,23,400,2.9,11.6,4.0,5.1,4.7,5.8,6.5,5.5,5.2,5.2,5.1,11.2,3.6,7.4,83.8,0,0,0,0,0,0
43.5,44.8,42.2,29.0,26.8,31.2,52.3,52.4,52.2,19.0,15.4,22.6,0.149,2.1,0.0723,1.72,1.77,2.34,0.0477,1.27,0.964,0.0385,0.116,0.146,38.8,33.0,83,32,200,44.3,7.33,4.0,3.67,2.67,1.67,1.0,3.0,5.0,4.0,4.33,7.33,1.33,4.67,94.3,0,0,0,0,0,0
30.4,28.8,32.0,32.4,30.6,34.2,31.7,29.0,34.4,19.1,18.6,19.6,0.161,2.22,0.0767,1.98,1.87,2.51,0.0511,1.42,1.02,0.0375,0.12,0.155,32.3,25.0,55,18,200,10.5,6.8,2.8,2.5,2.5,2.1,3.2,2.7,3.0,3.9,2.5,4.8,1.6,2.8,51.7,0,0,0,0,0,0
32.4,35.8,29.0,31.0,30.8,31.2,34.0,31.4,36.6,18.9,16.0,21.8,0.192,2.41,0.0852,2.13,2.01,2.71,0.058,1.57,1.13,0.0375,0.124,0.175,30.9,24.0,64,21,200,1.9,5.0,2.7,2.6,2.8,2.9,2.6,2.0,2.4,2.4,3.0,6.1,2.2,3.1,41.7,0,0,0,0,0,0
30.9,30.8,31.0,31.1,29.8,32.4,31.7,34.6,28.8,18.2,14.0,22.4,0.192,2.51,0.0842,2.3,2.17,2.93,0.0608,1.65,1.2,0.0375,0.127,0.183,29.3,22.0,58,19,200,2.5,4.9,2.6,2.1,3.2,3.0,3.2,2.5,2.6,2.4,3.5,5.6,2.1,3.3,43.5,0,0,0,0,0,0
33.1,36.2,30.0,30.6,30.0,31.2,33.1,35.0,31.2,18.7,17.8,19.6,0.209,2.68,0.0892,2.5,2.26,3.07,0.0643,1.77,1.28,0.0366,0.134,0.194,29.0,22.0,64,21,200,1.6,4.1,2.9,3.1,2.8,2.3,3.1,3.0,2.4,3.1,2.3,6.4,1.4,4.0,42.5,0,0,0,0,0,0
33.0,34.2,31.8,29.4,28.4,30.4,33.6,33.0,34.2,18.3,19.4,17.2,0.219,2.9,0.0907,2.67,2.43,3.28,0.0688,1.92,1.38,0.0376,0.139,0.204,28.7,22.0,62,21,200,2.2,6.0,2.8,3.3,2.5,3.0,1.3,2.6,2.9,3.3,2.5,5.4,2.1,3.5,43.4,0,0,0,0,0,0
31.9,32.2,31.6,29.0,26.4,31.6,34.7,38.0,31.4,19.2,16.4,22.0,0.222,3.02,0.0923,2.85,2.61,3.48,0.069,2.04,1.46,0.0366,0.141,0.22,29.1,22.0,75,23,200,1.9,6.0,3.3,3.0,2.8,3.4,2.6,2.6,2.8,2.4,2.6,5.0,1.6,4.0,44.0,0,0,0,0,0,0
31.5,33.0,30.0,33.0,30.6,35.4,33.9,32.2,35.6,19.0,16.0,22.0,0.228,3.2,0.0947,3.01,2.73,3.65,0.0718,2.12,1.54,0.0376,0.147,0.232,28.8,22.0,61,21,200,2.0,6.2,2.2,3.1,1.9,3.0,3.4,2.4,2.1,1.5,3.0,5.2,1.4,4.4,41.8,0,0,0,0,0,0
32.3,28.2,36.4,29.5,31.8,27.2,34.3,34.4,34.2,18.7,20.4,17.0,0.247,3.42,0.0984,3.21,2.96,3.93,0.0754,2.28,1.63,0.0388,0.156,0.256,28.8,22.0,67,21,200,2.0,5.9,2.2,1.9,2.8,2.0,2.5,3.4,3.8,2.9,1.8,6.9,1.9,4.1,44.1,0,0,0,0,0,0
32.9,33.0,32.8,30.6,28.0,33.2,33.6,32.4,34.8,19.2,23.4,15.0,0.274,3.74,0.104,3.57,3.28,4.34,0.0808,2.56,1.83,0.0377,0.164,0.278,28.5,22.0,63,21,200,1.6,5.8,2.7,2.3,2.7,2.0,3.6,2.9,3.3,2.8,3.2,5.6,1.7,3.9,44.1,0,0,0,0,0,0
36.4,39.2,33.6,35.5,36.6,34.4,36.3,35.6,37.0,19.3,22.0,16.6,0.258,3.7,0.101,3.43,3.16,4.26,0.0745,2.4,1.73,0.037,0.159,0.256,37.2,26.0,110,28,300,26.8,10.1,3.7,4.4,4.6,4.0,4.6,3.6,3.7,3.9,4.6,7.2,2.5,4.4,88.1,0,0,0,0,0,0
37.0,37.6,36.4,35.6,36.6,34.6,38.2,36.6,39.8,21.3,19.6,23.0,0.291,3.94,0.11,3.65,3.36,4.44,0.087,2.54,1.79,0.0378,0.164,0.28,34.8,25.0,75,22,300,2.1,7.6,4.6,3.7,4.3,3.9,5.6,3.9,4.0,4.9,3.7,9.5,4.2,6.4,68.4,0,0,0,0,0,0
40.5,41.8,39.2,36.1,35.8,36.4,46.9,48.8,45.0,20.2,22.2,18.2,0.301,4.03,0.113,3.78,3.55,4.75,0.0865,2.72,1.9,0.0378,0.192,0.296,33.8,24.0,71,23,300,2.0,7.8,3.2,4.9,4.4,5.0,3.9,3.0,4.7,4.2,5.0,8.4,1.5,6.4,64.4,0,0,0,0,0,0
35.4,31.0,39.8,35.3,34.6,36.0,36.5,35.8,37.2,19.0,17.4,20.6,0.314,4.2,0.116,3.94,3.59,4.84,0.092,2.76,1.99,0.0388,0.477,0.302,32.9,24.0,65,22,300,2.5,9.1,4.1,4.1,3.0,3.7,4.6,4.1,3.7,4.7,4.1,9.2,3.5,7.2,67.6,0,0,0,0,0,0
38.0,37.6,38.4,35.2,33.8,36.6,39.7,40.2,39.2,19.9,20.4,19.4,0.337,4.38,0.12,4.19,3.73,5.13,0.0965,2.99,2.07,0.0378,0.483,0.318,32.0,23.0,64,21,300,3.7,7.4,4.4,4.3,4.8,3.9,4.6,4.4,3.6,4.1,3.8,6.9,2.7,5.5,64.1,0,0,0,0,0,0
37.5,35.2,39.8,38.4,38.6,38.2,37.4,36.4,38.4,19.8,16.2,23.4,0.353,4.49,0.123,4.29,3.94,5.23,0.102,3.04,2.13,0.0377,0.488,0.325,31.5,23.0,68,22,300,3.3,9.3,4.4,4.4,4.5,4.1,3.7,3.4,4.9,3.6,5.1,8.9,2.5,6.1,68.2,0,0,0,0,0,0
36.6,39.2,34.0,35.6,37.0,34.2,41.2,40.4,42.0,19.4,21.0,17.8,0.377,4.66,0.13,4.5,3.99,5.47,0.107,3.16,2.25,0.0376,0.492,0.337,31.3,23.0,70,23,300,3.4,8.5,4.0,4.2,3.5,4.5,4.3,3.9,4.2,3.8,4.6,8.7,3.4,4.4,65.4,0,0,0,0,0,0
40.6,42.0,39.2,37.1,35.8,38.4,39.5,37.0,42.0,19.2,16.8,21.6,0.388,4.82,0.136,4.55,4.26,5.67,0.112,3.31,2.36,0.0376,0.498,0.359,31.3,23.0,74,22,300,2.9,7.7,4.6,4.9,4.5,3.5,4.2,3.7,4.5,4.0,4.9,9.7,2.8,5.3,67.2,0,0,0,0,0,0
41.1,41.4,40.8,36.3,33.6,39.0,39.2,36.8,41.6,19.4,17.2,21.6,0.45,5.39,0.15,5.08,4.74,6.3,0.127,3.71,2.61,0.0376,0.515,0.406,31.1,23.0,67,23,300,2.4,10.1,4.9,4.9,2.9,3.6,4.5,4.5,4.8,3.5,4.1,9.8,3.1,6.1,69.2,0,0,0,0,0,0
42.5,40.6,44.4,38.3,37.6,39.0,42.4,43.2,41.6,19.2,18.0,20.4,0.433,5.34,0.144,4.83,4.61,6.11,0.124,3.51,2.45,0.0366,0.509,0.382,38.7,29.0,95,31,400,42.5,10.5,4.9,5.0,5.8,6.2,4.5,3.3,4.7,6.1,5.1,10.6,3.5,6.8,120.0,0,0,0,0,0,0
42.4,40.2,44.6,39.5,40.8,38.2,41.5,41.2,41.8,19.4,15.4,23.4,0.447,5.42,0.144,4.82,4.77,6.13,0.123,3.51,2.48,0.0366,0.21,0.384,35.7,28.0,69,24,400,4.3,12.3,4.6,5.3,5.6,4.7,4.8,4.6,5.4,4.6,6.1,10.4,3.7,8.2,84.6,0,0,0,0,0,0
44.1,46.8,41.4,39.8,38.6,41.0,43.1,43.2,43.0,19.8,22.6,17.0,0.452,5.62,0.146,4.97,5.12,6.37,0.126,3.71,2.64,0.0375,0.214,0.406,35.1,27.0,79,26,400,5.4,11.0,6.2,5.2,7.4,6.0,4.2,3.9,5.1,6.1,5.6,11.9,3.4,7.5,88.9,0,0,0,0,0,0
42.9,39.8,46.0,38.0,35.2,40.8,41.3,40.6,42.0,18.9,20.2,17.6,0.48,5.76,0.154,5.03,5.41,6.54,0.134,3.83,2.68,0.0372,0.227,0.418,34.3,26.0,73,24,400,4.5,11.6,5.6,5.4,4.5,5.3,5.7,5.0,6.4,5.8,5.5,13.1,3.9,8.5,90.8,0,0,0,0,0,0
43.0,44.6,41.4,39.0,40.0,38.0,39.3,39.0,39.6,20.1,21.4,18.8,0.466,5.85,0.154,5.07,5.49,6.81,0.133,3.94,2.77,0.0373,0.225,0.414,33.8,26.0,74,25,400,3.7,12.1,4.5,4.8,7.3,5.1,5.8,5.5,6.2,6.1,5.2,10.0,3.1,7.3,86.7,0,0,0,0,0,0
43.6,43.6,43.6,38.9,36.2,41.6,40.8,38.8,42.8,21.0,22.8,19.2,0.463,5.88,0.157,5.11,5.71,6.91,0.134,3.99,2.83,0.0374,0.232,0.426,33.5,26.0,73,24,400,3.1,10.2,5.6,5.6,6.0,5.6,5.5,5.2,5.0,6.8,4.0,9.1,2.8,6.1,80.6,0,0,0,0,0,0
43.5,43.0,44.0,37.3,35.2,39.4,43.8,42.8,44.8,20.2,20.2,20.2,0.497,6.04,0.157,5.02,5.74,7.01,0.136,4.02,2.84,0.0374,0.232,0.426,33.3,26.0,73,24,400,3.7,10.9,5.6,6.6,6.7,5.5,6.0,6.2,4.6,4.7,6.0,10.5,4.1,6.8,87.9,0,0,0,0,0,0
44.4,45.2,43.6,40.3,40.6,40.0,44.2,44.2,44.2,20.6,20.8,20.4,0.492,6.19,0.158,5.19,5.99,7.29,0.138,4.16,2.98,0.0367,0.235,0.423,33.4,26.0,76,26,400,4.2,9.6,5.8,5.4,4.7,6.1,4.9,5.2,5.7,6.7,6.0,10.5,3.2,7.9,85.9,0,0,0,0,0,0
42.4,43.4,41.4,39.6,39.6,39.6,43.2,42.2,44.2,19.6,19.0,20.2,0.54,6.78,0.172,5.68,6.69,8.04,0.152,4.51,3.21,0.0366,0.253,0.47,33.2,26.0,74,25,400,3.8,11.2,4.9,4.2,6.3,5.5,6.3,4.5,5.2,4.8,5.3,11.3,3.4,8.8,85.5,0,0,0,0,0,0
47.0,45.8,48.2,28.2,29.4,27.0,50.0,50.8,49.2,18.9,20.8,17.0,0.154,2.08,0.0722,1.98,1.7,2.3,0.0472,1.29,0.979,0.0384,0.117,0.143,44.5,37.0,91,36,200,43.0,7.33,4.0,1.67,2.67,3.0,4.0,3.33,4.33,3.33,2.0,6.0,1.67,4.67,91.0,0,0,0,0,0,0
32.6,32.6,32.6,29.4,32.0,26.8,32.8,32.0,33.6,18.8,21.0,16.6,0.173,2.23,0.0795,2.0,1.91,2.48,0.0546,1.44,1.04,0.0384,0.122,0.16,36.5,28.0,64,21,200,9.9,6.2,3.0,2.7,3.4,2.5,2.5,2.4,3.6,2.0,3.3,6.8,2.9,3.7,54.9,0,0,0,0,0,0
33.7,33.6,33.8,30.7,29.0,32.4,31.9,33.6,30.2,18.4,15.4,21.4,0.201,2.47,0.0847,2.16,2.19,2.72,0.0611,1.57,1.15,0.0367,0.128,0.184,33.1,25.0,60,20,200,2.1,5.6,2.1,2.1,2.7,2.3,3.7,2.8,2.5,3.1,2.3,6.2,2.5,3.4,43.4,0,0,0,0,0,0
32.1,32.0,32.2,31.3,31.2,31.4,31.2,33.4,29.0,18.2,19.0,17.4,0.209,2.57,0.0877,2.24,2.4,2.96,0.0647,1.69,1.24,0.0375,0.133,0.191,31.9,24.0,64,22,200,1.3,6.0,3.7,2.6,3.3,3.2,2.7,3.1,2.5,2.9,3.7,5.6,2.0,3.5,46.1,0,0,0,0,0,0
33.8,33.6,34.0,29.2,31.0,27.4,31.1,31.2,31.0,19.0,22.0,16.0,0.206,2.71,0.0901,2.32,2.58,3.08,0.0631,1.8,1.32,0.0375,0.136,0.2,31.3,24.0,68,21,200,1.8,4.8,3.3,2.2,2.9,2.3,3.2,2.6,2.9,2.3,2.1,5.0,1.1,4.5,41.0,0,0,0,0,0,0
32.8,33.2,32.4,29.9,27.8,32.0,31.6,30.2,33.0,18.6,16.8,20.4,0.227,2.84,0.0939,2.45,2.75,3.28,0.0695,1.91,1.41,0.0364,0.138,0.213,30.9,23.0,70,20,200,2.5,5.3,3.2,3.0,2.9,2.6,2.6,2.6,2.3,3.1,2.4,5.6,2.2,2.3,42.6,0,0,0,0,0,0
33.2,31.8,34.6,30.9,31.4,30.4,31.2,28.8,33.6,18.7,15.4,22.0,0.243,3.0,0.0998,2.44,3.0,3.46,0.0738,2.04,1.5,0.0384,0.144,0.225,30.7,23.0,76,21,200,2.5,5.4,2.3,2.6,2.4,2.2,3.3,3.4,3.2,2.5,2.4,5.5,2.0,3.2,42.9,0,0,0,0,0,0
32.9,34.8,31.0,28.5,27.8,29.2,30.7,29.0,32.4,19.0,19.2,18.8,0.259,3.14,0.101,2.58,3.22,3.65,0.0777,2.17,1.58,0.0367,0.148,0.239,30.5,23.0,70,21,200,1.5,6.1,3.7,3.2,2.8,2.2,2.0,2.9,2.3,3.4,3.5,5.5,1.7,3.1,43.9,0,0,0,0,0,0
36.5,35.4,37.6,29.3,27.2,31.4,32.2,32.8,31.6,18.3,15.8,20.8,0.28,3.33,0.105,2.69,3.49,3.85,0.0831,2.3,1.68,0.0377,0.154,0.257,30.4,23.0,66,22,200,2.2,6.1,2.6,2.4,2.4,2.5,2.2,2.5,3.1,3.1,2.8,5.1,1.7,3.8,42.5,0,0,0,0,0,0
33.2,33.2,33.2,30.7,30.6,30.8,31.5,28.6,34.4,18.2,18.0,18.4,0.308,3.66,0.112,2.98,3.9,4.31,0.0892,2.61,1.87,0.0367,0.164,0.282,30.2,23.0,68,21,200,2.3,6.6,2.7,2.6,2.9,3.0,2.8,2.6,3.3,2.5,3.0,5.3,2.2,3.4,45.2,0,0,0,0,0,0
40.7,40.0,41.4,33.2,31.8,34.6,38.0,37.6,38.4,19.1,19.8,18.4,0.275,3.75,0.106,2.99,3.62,4.16,0.0825,2.45,1.78,0.037,0.16,0.259,38.6,29.0,91,28,300,25.7,8.5,3.9,4.9,4.5,4.2,4.6,4.5,4.2,5.0,4.2,9.3,3.5,5.7,92.7,0,0,0,0,0,0
37.4,41.0,33.8,34.2,31.6,36.8,39.2,40.4,38.0,18.2,14.8,21.6,0.289,3.88,0.109,3.27,3.71,4.39,0.0848,2.6,1.82,0.0369,0.166,0.275,34.7,26.0,63,21,300,2.9,9.1,3.8,4.0,3.6,3.7,4.5,4.0,3.4,4.2,3.7,8.8,2.6,5.6,63.9,0,0,0,0,0,0
39.3,40.4,38.2,33.0,34.6,31.4,45.1,43.0,47.2,18.2,17.8,18.6,0.293,4.04,0.112,3.44,3.84,4.51,0.084,2.71,1.93,0.0369,0.515,0.289,33.7,25.0,73,23,300,3.8,9.2,4.3,3.5,2.8,3.3,5.2,4.8,3.0,4.2,4.0,7.9,2.0,5.3,63.3,0,0,0,0,0,0
38.7,38.8,38.6,34.1,34.2,34.0,37.5,37.8,37.2,18.5,16.6,20.4,0.31,4.19,0.112,3.61,3.9,4.77,0.0882,2.8,1.98,0.0378,0.519,0.296,32.8,25.0,70,22,300,2.7,8.7,5.0,3.8,4.4,3.8,4.8,3.0,4.7,4.2,3.5,8.3,2.9,7.2,67.0,0,0,0,0,0,0
39.1,39.8,38.4,32.9,36.0,29.8,37.7,37.0,38.4,18.8,16.6,21.0,0.32,4.4,0.119,3.81,4.04,4.96,0.0912,2.93,2.09,0.0367,0.528,0.309,32.4,24.0,73,23,300,3.1,8.3,4.4,4.4,4.1,4.5,2.5,4.2,3.7,3.8,5.0,8.6,3.1,4.9,64.6,0,0,0,0,0,0
35.4,33.8,37.0,35.7,37.4,34.0,35.9,37.0,34.8,18.6,22.2,15.0,0.326,4.54,0.121,4.01,4.14,5.08,0.0958,3.02,2.16,0.0376,0.531,0.323,31.8,24.0,68,21,300,1.9,9.5,2.7,3.7,4.5,3.9,3.6,4.8,5.6,3.4,3.8,7.2,2.4,6.0,63.0,0,0,0,0,0,0
38.5,41.0,36.0,36.5,38.0,35.0,37.0,37.6,36.4,18.7,20.4,17.0,0.349,4.68,0.127,4.23,4.29,5.24,0.103,3.18,2.24,0.0372,0.537,0.334,31.5,24.0,68,22,300,2.2,6.9,5.0,3.8,5.5,4.6,4.8,4.5,2.8,3.2,4.8,9.1,2.9,5.4,65.5,0,0,0,0,0,0
38.8,40.4,37.2,34.1,34.8,33.4,39.1,38.0,40.2,19.8,21.6,18.0,0.372,4.84,0.133,4.4,4.34,5.57,0.113,3.3,2.34,0.0384,0.545,0.352,31.1,23.0,67,21,300,3.3,7.4,3.4,4.5,5.4,4.3,4.7,4.8,3.9,4.9,3.5,9.0,3.0,5.6,67.7,0,0,0,0,0,0
38.6,40.6,36.6,34.7,35.4,34.0,39.3,42.2,36.4,19.0,16.8,21.2,0.416,5.4,0.145,4.91,4.88,6.19,0.124,3.67,2.6,0.0384,0.558,0.395,30.9,23.0,70,22,300,4.1,9.8,3.2,3.6,4.0,3.4,5.2,3.7,4.4,3.8,4.0,8.1,2.4,5.7,65.4,0,0,0,0,0,0
41.2,42.6,39.8,38.4,39.4,37.4,43.2,42.6,43.8,19.4,15.8,23.0,0.385,5.28,0.137,4.76,4.6,5.88,0.113,3.46,2.41,0.0363,0.549,0.349,39.3,29.0,100,32,400,42.7,8.8,5.0,5.8,5.9,4.8,5.2,5.0,4.1,4.5,5.7,11.6,3.1,7.9,120.0,0,0,0,0,0,0
42.5,43.2,41.8,37.7,35.0,40.4,42.3,42.6,42.0,20.4,21.0,19.8,0.4,5.42,0.14,5.02,4.64,6.13,0.12,3.56,2.49,0.0375,0.214,0.364,37.2,28.0,84,25,400,4.1,11.0,5.2,5.4,5.7,6.0,5.5,5.9,5.4,4.6,4.7,11.6,3.7,8.2,87.0,0,0,0,0,0,0
43.3,43.0,43.6,34.9,38.4,31.4,43.8,43.6,44.0,20.1,20.8,19.4,0.418,5.62,0.14,5.18,4.72,6.35,0.124,3.7,2.54,0.0373,0.218,0.377,35.6,27.0,73,24,400,4.0,10.2,5.0,6.6,7.4,3.6,4.1,5.6,5.6,6.0,4.3,11.0,4.0,9.1,86.5,0,0,0,0,0,0
40.8,44.2,37.4,39.6,39.2,40.0,44.5,45.2,43.8,19.7,15.8,23.6,0.42,5.81,0.146,5.32,4.82,6.55,0.126,3.8,2.61,0.0373,0.219,0.395,34.2,26.0,67,22,400,4.3,11.2,5.2,4.5,6.4,5.1,5.0,5.9,4.7,5.1,6.1,10.5,3.6,7.6,85.2,0,0,0,0,0,0
40.1,40.4,39.8,37.9,36.8,39.0,44.9,43.6,46.2,19.4,17.0,21.8,0.434,6.06,0.147,5.62,4.87,6.72,0.125,3.89,2.72,0.0384,0.227,0.404,33.8,26.0,76,24,400,3.8,11.5,5.8,5.1,5.8,5.0,7.3,5.3,5.7,4.5,5.4,11.7,3.6,7.8,88.3,0,0,0,0,0,0
44.1,41.8,46.4,37.5,37.4,37.6,45.0,45.2,44.8,19.2,15.6,22.8,0.44,6.13,0.148,5.81,4.99,6.79,0.126,3.97,2.78,0.0374,0.233,0.408,33.4,26.0,70,25,400,3.4,11.5,6.1,4.6,6.0,3.9,4.8,6.5,6.0,6.0,5.5,11.2,3.0,8.0,86.5,0,0,0,0,0,0
44.3,43.6,45.0,39.6,39.2,40.0,45.4,48.2,42.6,18.9,20.2,17.6,0.451,6.39,0.149,5.97,5.09,7.09,0.127,4.08,2.92,0.0374,0.24,0.416,33.4,26.0,83,24,400,4.9,11.0,4.5,4.1,6.4,6.2,6.0,5.3,6.4,5.6,4.5,11.7,3.2,8.9,88.7,0,0,0,0,0,0
44.3,45.8,42.8,40.5,42.3,38.7,44.2,42.2,46.2,20.7,22.4,19.0,0.479,6.54,0.157,6.28,5.14,7.27,0.135,4.23,2.96,0.0366,0.241,0.436,33.3,26.0,76,25,400,3.3,12.7,5.8,5.4,5.4,5.5,5.5,5.3,5.2,4.9,6.1,10.8,3.9,7.3,87.1,0,0,0,0,0,0
41.3,40.6,42.0,40.2,42.2,38.2,44.4,43.6,45.2,20.0,22.6,17.4,0.537,7.03,0.174,6.78,5.72,8.12,0.148,4.64,3.26,0.0384,0.261,0.484,33.3,25.0,85,24,400,3.5,11.8,6.1,4.9,5.2,5.7,6.1,5.0,5.5,5.4,5.2,11.8,3.9,7.2,87.3,0,0,0,0,0,0
48.9,48.0,49.8,31.0,28.0,34.0,56.9,57.2,56.6,19.0,17.0,21.0,0.146,2.06,0.0714,1.93,1.69,2.43,0.0407,1.3,0.945,0.0382,0.115,0.153,40.4,31.0,89,31,200,34.0,6.0,3.33,1.33,3.67,2.33,2.67,1.0,3.0,2.67,2.33,5.0,1.33,1.0,69.7,0,0,0,0,0,0
31.5,29.2,33.8,30.7,32.8,28.6,34.5,35.6,33.4,19.5,18.0,21.0,0.17,2.3,0.0773,2.15,1.82,2.67,0.0543,1.45,1.04,0.0374,0.121,0.173,34.0,26.0,64,21,200,12.9,6.3,2.1,3.3,2.7,3.8,2.6,2.1,2.3,2.9,2.6,7.4,2.5,5.0,58.5,0,0,0,0,0,0
31.6,31.0,32.2,32.8,34.6,31.0,34.8,37.0,32.6,20.7,22.6,18.8,0.19,2.5,0.0808,2.33,1.99,2.88,0.0596,1.57,1.14,0.0376,0.128,0.186,31.8,24.0,62,20,200,1.9,6.0,2.5,2.7,2.7,3.2,3.2,3.1,3.3,2.2,2.5,5.8,1.9,3.5,44.5,0,0,0,0,0,0
31.0,31.2,30.8,29.1,31.8,26.4,32.8,36.6,29.0,19.7,19.4,20.0,0.206,2.58,0.0851,2.45,2.13,2.99,0.0678,1.69,1.24,0.0365,0.132,0.202,30.4,22.0,65,19,200,2.3,4.8,3.6,2.9,4.0,2.5,2.6,2.9,3.1,2.5,2.2,7.6,2.7,3.4,47.1,0,0,0,0,0,0
30.9,33.4,28.4,32.1,30.6,33.6,34.3,32.4,36.2,19.2,19.6,18.8,0.219,2.86,0.0893,2.68,2.27,3.27,0.0733,1.81,1.32,0.0376,0.136,0.213,29.7,22.0,63,21,200,2.8,6.4,2.7,2.7,3.6,2.9,2.2,2.9,2.6,3.0,2.6,5.3,1.4,4.4,45.5,0,0,0,0,0,0
31.1,27.2,35.0,29.8,29.4,30.2,34.0,36.8,31.2,19.1,15.6,22.6,0.236,3.06,0.0936,2.88,2.41,3.44,0.0747,1.92,1.4,0.0382,0.141,0.229,29.2,22.0,62,20,200,1.7,5.3,2.8,2.3,3.1,2.6,3.5,3.0,2.6,2.7,2.2,6.2,2.0,4.6,44.6,0,0,0,0,0,0
32.8,34.0,31.6,29.6,29.4,29.8,35.3,37.4,33.2,18.8,19.0,18.6,0.256,3.23,0.0979,3.11,2.58,3.68,0.0814,2.05,1.5,0.0373,0.146,0.241,28.9,22.0,63,20,200,2.2,6.7,2.3,2.5,2.0,3.7,2.1,1.7,2.7,3.3,2.6,4.4,1.8,4.3,42.3,0,0,0,0,0,0
31.6,34.2,29.0,32.4,31.6,33.2,33.3,32.6,34.0,18.7,15.0,22.4,0.264,3.4,0.0997,3.23,2.67,3.86,0.0834,2.18,1.59,0.0382,0.152,0.257,28.5,21.0,63,19,200,1.8,5.3,2.7,2.5,3.2,2.6,3.2,2.9,2.9,2.4,2.4,6.5,2.0,3.5,43.9,0,0,0,0,0,0
31.9,31.8,32.0,32.2,31.2,33.2,35.3,35.2,35.4,18.9,16.8,21.0,0.285,3.58,0.108,3.51,2.86,4.07,0.0894,2.34,1.67,0.0373,0.157,0.276,28.6,21.0,69,20,200,1.6,5.9,2.8,2.8,2.1,3.3,3.2,2.8,3.6,2.1,3.1,6.1,2.1,4.2,45.7,0,0,0,0,0,0
31.0,33.2,28.8,29.5,27.8,31.2,32.6,30.8,34.4,18.1,20.4,15.8,0.313,3.95,0.114,3.81,3.19,4.54,0.0969,2.58,1.86,0.0376,0.168,0.302,28.5,21.0,64,20,200,2.0,4.8,2.4,2.7,2.5,2.9,2.5,2.9,3.1,3.4,2.8,5.8,2.3,4.4,44.5,0,0,0,0,0,0
39.1,38.0,40.2,34.3,32.8,35.8,40.1,41.8,38.4,20.1,18.4,21.8,0.283,3.86,0.106,3.67,3.04,4.25,0.0816,2.53,1.75,0.0376,0.163,0.27,36.2,26.0,93,28,300,28.1,7.7,4.1,4.3,4.6,4.7,4.2,3.7,5.5,4.0,4.3,8.8,3.4,6.0,93.4,0,0,0,0,0,0
36.4,36.0,36.8,34.0,34.0,34.0,47.0,45.8,48.2,19.2,19.8,18.6,0.296,3.99,0.109,3.93,3.08,4.5,0.0862,2.58,1.81,0.0368,0.176,0.282,33.2,24.0,64,20,300,3.3,8.5,4.7,3.7,4.9,3.3,5.1,4.6,4.3,4.7,2.8,8.1,2.3,5.0,65.3,0,0,0,0,0,0
35.1,35.8,34.4,33.7,33.8,33.6,39.8,41.4,38.2,18.7,21.8,15.6,0.312,4.09,0.112,4.09,3.19,4.53,0.0904,2.74,1.92,0.0377,0.482,0.288,31.9,23.0,69,21,300,3.0,10.0,3.6,4.0,3.5,4.6,4.3,4.1,3.9,4.3,4.1,7.7,3.3,5.5,65.9,0,0,0,0,0,0
34.8,32.2,37.4,35.1,32.0,38.2,38.3,40.4,36.2,18.8,17.6,20.0,0.32,4.24,0.118,4.28,3.33,4.78,0.0915,2.82,1.98,0.0377,0.488,0.305,31.0,23.0,63,22,300,3.0,10.1,4.2,4.9,3.5,3.9,3.0,4.4,5.4,3.4,3.6,7.9,2.8,5.5,65.6,0,0,0,0,0,0
38.1,41.0,35.2,34.6,32.4,36.8,39.2,41.0,37.4,19.1,22.0,16.2,0.346,4.47,0.124,4.4,3.45,5.03,0.1,2.93,2.08,0.0386,0.493,0.325,30.7,23.0,71,21,300,2.3,8.8,3.7,4.4,4.5,3.8,4.2,3.8,4.2,4.8,3.4,8.4,3.1,6.9,66.3,0,0,0,0,0,0
36.4,37.6,35.2,33.4,34.2,32.6,36.8,36.8,36.8,20.3,18.4,22.2,0.355,4.58,0.128,4.62,3.53,5.19,0.104,3.08,2.17,0.0376,0.496,0.334,30.3,23.0,64,21,300,3.9,8.8,4.7,3.2,4.1,5.5,4.1,3.9,4.1,3.5,3.3,7.5,2.9,4.5,64.0,0,0,0,0,0,0
38.9,38.0,39.8,34.5,37.0,32.0,39.1,41.6,36.6,19.4,18.0,20.8,0.365,4.67,0.131,4.75,3.69,5.29,0.11,3.13,2.27,0.0375,0.498,0.345,30.4,23.0,76,24,300,2.8,8.9,3.8,5.0,4.8,4.2,3.5,2.8,4.0,3.9,3.7,8.1,2.8,5.7,64.0,0,0,0,0,0,0
34.7,32.4,37.0,36.7,37.0,36.4,39.2,39.4,39.0,20.1,17.2,23.0,0.384,4.92,0.137,4.92,3.86,5.5,0.114,3.25,2.33,0.0373,0.509,0.36,30.1,23.0,65,21,300,2.7,10.0,3.3,3.9,3.9,4.7,2.9,5.9,3.3,3.6,4.2,9.3,3.2,5.3,66.2,0,0,0,0,0,0
36.9,36.0,37.8,34.3,32.6,36.0,38.4,38.0,38.8,18.7,18.2,19.2,0.445,5.44,0.15,5.45,4.3,6.17,0.128,3.62,2.58,0.0373,0.525,0.407,30.0,23.0,68,22,300,3.4,8.1,3.2,4.1,4.1,4.6,3.2,4.1,4.9,4.3,4.3,9.4,3.1,6.1,66.9,0,0,0,0,0,0
38.2,38.4,38.0,39.9,38.2,41.6,41.7,42.6,40.8,18.8,15.4,22.2,0.4,5.19,0.14,5.12,4.09,5.71,0.116,3.35,2.38,0.0362,0.204,0.367,38.8,27.0,96,29,400,44.0,11.2,3.8,5.3,5.0,4.8,5.7,4.7,3.8,4.7,4.8,9.9,3.0,5.5,116.0,0,0,0,0,0,0
43.5,46.2,40.8,40.1,40.2,40.0,45.8,46.6,45.0,20.4,23.4,17.4,0.419,5.38,0.143,5.32,4.32,6.02,0.119,3.5,2.46,0.036,0.213,0.382,35.9,26.0,74,24,400,3.7,9.0,5.3,4.7,5.9,5.6,6.2,6.2,5.9,5.9,5.2,11.4,4.3,7.5,86.8,0,0,0,0,0,0
40.8,41.0,40.6,42.2,42.4,42.0,43.1,41.4,44.8,20.7,21.0,20.4,0.43,5.48,0.145,5.46,4.45,6.23,0.124,3.6,2.54,0.0379,0.216,0.383,35.6,26.0,86,25,400,4.0,11.2,5.1,7.1,6.3,4.6,4.0,6.3,4.8,5.8,5.4,12.0,3.8,8.3,88.7,0,0,0,0,0,0
41.3,41.8,40.8,39.5,38.8,40.2,44.9,47.6,42.2,19.5,16.8,22.2,0.434,5.58,0.148,5.48,4.6,6.54,0.128,3.69,2.69,0.0371,0.222,0.389,34.5,26.0,72,24,400,4.2,10.2,5.6,5.5,5.0,5.1,5.8,6.6,5.3,5.1,6.3,10.6,2.8,8.2,86.3,0,0,0,0,0,0
41.4,40.8,42.0,38.9,36.2,41.6,42.5,40.2,44.8,20.6,18.0,23.2,0.46,5.92,0.156,5.69,4.79,6.74,0.133,3.86,2.78,0.0368,0.227,0.398,34.5,25.0,84,24,400,4.1,11.3,6.1,6.0,5.0,7.1,5.8,4.9,5.4,6.3,5.5,12.4,5.0,7.5,92.4,0,0,0,0,0,0
41.6,44.2,39.0,40.6,38.0,43.2,43.7,44.4,43.0,19.3,21.2,17.4,0.469,5.97,0.155,5.83,4.95,6.87,0.132,4.0,2.86,0.0369,0.235,0.416,34.0,25.0,77,23,400,3.8,11.2,4.8,4.9,6.0,5.8,5.7,6.1,6.6,5.5,5.8,10.4,3.1,6.9,86.6,0,0,0,0,0,0
45.5,47.6,43.4,40.9,40.0,41.8,45.2,42.6,47.8,20.3,16.6,24.0,0.493,6.17,0.168,5.95,5.08,7.11,0.143,4.11,2.89,0.0371,0.241,0.427,34.3,25.0,86,25,400,3.8,11.4,5.5,5.7,4.7,4.4,4.8,4.9,5.1,6.6,5.4,12.0,4.6,8.3,87.2,0,0,0,0,0,0
45.0,46.0,44.0,39.5,40.8,38.2,46.1,46.4,45.8,19.3,19.0,19.6,0.538,6.28,0.174,6.11,5.33,7.28,0.155,4.29,3.06,0.0377,0.246,0.444,34.1,25.0,79,24,400,4.7,11.5,4.6,5.7,4.9,6.0,5.4,6.7,5.8,5.9,5.5,13.4,5.2,6.7,92.0,0,0,0,0,0,0
44.0,45.0,43.0,40.6,38.8,42.4,45.8,44.2,47.4,19.1,18.6,19.6,0.602,6.93,0.191,6.74,5.88,8.1,0.173,4.71,3.33,0.0359,0.267,0.504,34.2,25.0,79,27,400,2.7,10.8,6.6,6.2,4.4,5.5,5.4,6.0,6.6,7.3,4.7,13.3,4.4,8.3,92.2,0,0,0,0,0,0
50.9,51.4,50.4,31.4,29.4,33.4,54.5,52.2,56.8,19.3,18.0,20.6,0.153,2.07,0.0731,1.84,1.81,2.49,0.0487,1.3,0.946,0.0361,0.118,0.152,41.3,31.0,85,27,200,49.0,7.0,4.0,2.5,3.5,2.5,3.0,3.5,6.5,5.0,6.0,8.0,4.5,3.5,109.0,0,0,0,0,0,0
31.3,30.4,32.2,29.8,30.4,29.2,31.2,34.6,27.8,19.2,21.0,17.4,0.164,2.33,0.0768,2.02,1.96,2.65,0.0523,1.46,1.05,0.036,0.122,0.16,34.5,26.0,63,20,200,12.2,6.3,3.8,3.3,3.2,3.0,2.8,3.3,2.4,2.9,3.2,6.3,1.7,3.1,57.5,0,0,0,0,0,0
33.4,31.2,35.6,31.1,29.6,32.6,33.9,33.0,34.8,19.6,17.4,21.8,0.177,2.44,0.0775,2.13,2.12,2.86,0.0563,1.53,1.12,0.0362,0.124,0.176,31.6,23.0,68,20,200,1.5,6.2,2.4,2.3,2.5,2.2,3.3,2.5,2.7,3.7,2.4,5.3,1.3,2.8,41.1,0,0,0,0,0,0
32.9,28.4,37.4,29.1,32.2,26.0,33.4,32.6,34.2,20.9,23.0,18.8,0.199,2.6,0.0847,2.3,2.28,3.05,0.0638,1.7,1.21,0.0354,0.13,0.191,30.6,23.0,67,21,200,2.5,4.7,2.7,2.6,2.3,2.0,2.8,2.3,4.0,2.8,3.1,5.4,2.1,5.5,44.8,0,0,0,0,0,0
32.7,32.4,33.0,30.9,30.2,31.6,33.6,32.8,34.4,19.8,21.6,18.0,0.205,2.75,0.0884,2.48,2.49,3.23,0.066,1.81,1.31,0.0355,0.133,0.2,29.9,22.0,65,19,200,1.3,6.6,3.3,3.1,2.0,3.6,2.4,3.0,3.1,2.7,2.2,5.5,1.7,4.4,44.9,0,0,0,0,0,0
31.5,32.2,30.8,32.0,32.0,32.0,32.9,33.8,32.0,17.9,20.0,15.8,0.227,2.94,0.0932,2.63,2.64,3.44,0.0702,1.96,1.38,0.0364,0.137,0.214,29.4,22.0,69,19,200,1.8,5.2,2.4,2.7,2.8,3.1,2.7,2.8,2.8,2.9,2.3,5.5,2.5,4.2,43.7,0,0,0,0,0,0
32.6,30.2,35.0,30.6,29.4,31.8,33.2,33.6,32.8,18.3,20.4,16.2,0.236,3.04,0.0963,2.72,2.81,3.61,0.074,2.1,1.48,0.0374,0.144,0.226,29.2,22.0,66,22,200,1.7,6.2,2.3,2.7,2.4,3.5,2.8,2.8,3.2,2.2,2.5,6.4,1.7,3.7,44.1,0,0,0,0,0,0
32.5,31.8,33.2,28.8,28.6,29.0,33.4,32.2,34.6,18.3,16.8,19.8,0.244,3.16,0.0979,2.9,2.95,3.83,0.0758,2.22,1.56,0.0364,0.147,0.235,29.0,22.0,65,21,200,2.1,5.2,2.3,3.8,2.9,2.4,2.7,2.7,2.8,2.9,2.5,5.8,2.1,4.1,44.3,0,0,0,0,0,0
33.4,36.8,30.0,29.3,32.2,26.4,33.1,31.0,35.2,18.4,21.2,15.6,0.25,3.3,0.103,3.01,3.13,4.04,0.0796,2.31,1.65,0.0362,0.152,0.248,28.8,22.0,64,20,200,1.6,5.5,3.0,3.3,3.3,3.1,2.6,2.0,2.4,3.1,1.8,4.9,1.3,4.0,41.9,0,0,0,0,0,0
34.8,34.6,35.0,30.3,33.0,27.6,33.8,30.0,37.6,20.0,19.8,20.2,0.275,3.66,0.108,3.35,3.51,4.44,0.0867,2.56,1.82,0.0361,0.162,0.277,28.8,22.0,65,21,200,1.8,5.7,3.2,2.3,2.8,3.4,3.0,2.2,2.5,2.2,2.6,5.1,1.6,3.1,41.5,0,0,0,0,0,0
40.4,40.6,40.2,37.0,36.8,37.2,37.4,35.6,39.2,20.3,21.0,19.6,0.26,3.74,0.0996,3.2,3.35,4.13,0.0793,2.42,1.69,0.0358,0.159,0.26,36.8,27.0,95,27,300,29.1,8.7,3.6,4.6,3.6,4.5,4.0,3.2,3.6,4.5,4.3,7.7,2.2,6.7,90.3,0,0,0,0,0,0
38.0,41.0,35.0,33.4,31.0,35.8,39.5,38.0,41.0,18.4,16.0,20.8,0.286,3.8,0.108,3.35,3.55,4.44,0.0863,2.61,1.81,0.0348,0.481,0.275,34.2,25.0,71,22,300,3.3,8.6,4.0,3.7,4.4,4.7,4.2,4.1,4.6,4.3,3.5,8.7,3.4,6.1,67.6,0,0,0,0,0,0
37.4,39.2,35.6,34.1,30.8,37.4,38.8,38.2,39.4,19.1,18.2,20.0,0.294,3.94,0.112,3.44,3.73,4.63,0.0884,2.65,1.88,0.0358,0.486,0.287,33.1,24.0,69,22,300,2.2,9.5,3.8,5.1,2.5,4.8,3.5,4.1,3.2,5.5,3.9,8.8,2.7,5.9,65.5,0,0,0,0,0,0
38.1,38.8,37.4,33.9,33.0,34.8,36.8,34.4,39.2,20.5,20.6,20.4,0.329,4.12,0.119,3.61,3.82,4.81,0.097,2.75,2.0,0.0367,0.489,0.296,32.8,24.0,81,22,300,2.9,8.4,4.2,3.2,5.8,4.2,4.3,3.5,3.2,4.5,4.5,8.5,3.4,4.7,65.3,0,0,0,0,0,0
39.1,41.6,36.6,35.1,36.0,34.2,40.9,40.2,41.6,19.5,23.0,16.0,0.349,4.32,0.128,3.86,4.01,5.01,0.102,2.91,2.04,0.0358,0.491,0.314,32.3,24.0,73,23,300,3.2,8.6,2.7,5.5,4.0,3.5,5.2,4.2,4.8,4.0,4.3,9.4,4.2,5.5,69.1,0,0,0,0,0,0
39.4,40.4,38.4,36.6,35.0,38.2,38.9,40.0,37.8,19.3,19.6,19.0,0.385,4.47,0.135,3.98,4.22,5.2,0.109,3.06,2.15,0.0359,0.499,0.334,31.8,24.0,69,21,300,2.6,8.2,4.7,4.4,3.7,3.5,4.4,2.8,4.7,4.6,4.3,8.0,3.1,5.3,64.3,0,0,0,0,0,0
36.8,36.8,36.8,34.6,34.2,35.0,40.3,41.4,39.2,18.9,21.2,16.6,0.412,4.66,0.141,4.12,4.32,5.45,0.118,3.2,2.24,0.0351,0.508,0.348,31.7,24.0,73,24,300,2.6,8.3,4.7,4.4,4.5,4.0,4.9,4.0,5.5,3.3,4.1,10.3,3.4,6.1,70.1,0,0,0,0,0,0
38.8,38.4,39.2,34.7,35.8,33.6,37.4,40.2,34.6,18.8,19.2,18.4,0.434,4.84,0.15,4.26,4.59,5.68,0.13,3.33,2.35,0.0359,0.514,0.365,31.7,24.0,74,25,300,2.4,9.0,2.9,4.1,5.2,3.3,4.2,3.6,4.0,4.9,5.1,7.2,3.6,6.5,66.0,0,0,0,0,0,0
37.4,37.8,37.0,34.2,34.4,34.0,38.6,39.6,37.6,19.3,23.0,15.6,0.499,5.36,0.162,4.75,5.11,6.3,0.147,3.7,2.6,0.0359,0.528,0.406,31.6,24.0,71,24,300,3.3,8.8,4.4,5.4,4.6,4.0,3.6,4.2,5.0,4.1,3.8,9.5,4.6,5.5,70.8,0,0,0,0,0,0
45.1,43.8,46.4,39.9,38.0,41.8,46.2,46.4,46.0,20.1,21.6,18.6,0.492,5.24,0.165,4.57,4.76,5.85,0.143,3.47,2.46,0.0364,0.202,0.38,38.5,30.0,90,31,400,43.6,11.2,5.6,4.8,5.0,4.5,5.1,3.6,4.2,4.9,6.1,9.6,3.8,6.2,118.0,0,0,0,0,0,0
44.3,45.0,43.6,39.2,37.8,40.6,45.1,44.2,46.0,19.9,19.6,20.2,0.518,5.49,0.169,4.8,4.85,6.2,0.148,3.61,2.51,0.0365,0.212,0.4,35.9,28.0,73,25,400,3.9,10.8,5.9,5.7,4.9,6.4,5.8,6.2,5.0,6.4,5.9,12.9,5.7,7.4,92.9,0,0,0,0,0,0
39.5,39.4,39.6,39.8,38.4,41.2,42.3,40.6,44.0,20.3,18.4,22.2,0.517,5.6,0.169,5.0,4.85,6.39,0.15,3.66,2.65,0.0373,0.217,0.392,34.7,27.0,73,24,400,4.3,10.3,4.5,5.7,5.5,5.9,3.5,5.5,5.3,4.7,5.3,11.3,3.7,8.9,84.4,0,0,0,0,0,0
42.5,40.4,44.6,40.7,41.8,39.6,41.4,40.0,42.8,21.3,21.4,21.2,0.519,5.63,0.168,5.08,5.05,6.56,0.155,3.81,2.7,0.0365,0.221,0.413,33.8,26.0,69,23,400,4.1,10.1,6.2,6.5,5.1,6.4,5.1,5.6,5.2,4.6,5.7,9.5,4.0,6.9,85.0,0,0,0,0,0,0
43.6,43.2,44.0,39.0,40.0,38.0,42.4,44.0,40.8,19.3,19.6,19.0,0.533,5.92,0.174,5.29,5.06,6.64,0.156,3.87,2.75,0.0357,0.223,0.409,33.5,26.0,79,24,400,4.2,11.8,5.7,5.4,6.0,6.6,5.5,5.6,4.4,6.1,4.7,11.4,4.1,6.8,88.3,0,0,0,0,0,0
43.7,41.6,45.8,39.3,39.2,39.4,44.7,44.6,44.8,21.5,22.2,20.8,0.528,5.91,0.179,5.49,5.15,6.83,0.15,3.99,2.82,0.0358,0.225,0.433,33.6,26.0,79,25,400,4.8,11.6,5.4,5.5,5.1,6.1,5.2,6.4,5.1,4.5,5.3,12.3,3.5,7.9,88.7,0,0,0,0,0,0
42.4,44.6,40.2,37.5,37.8,37.2,43.0,41.6,44.4,19.4,20.0,18.8,0.537,6.17,0.175,5.65,5.24,7.05,0.156,4.11,2.94,0.0369,0.232,0.438,33.2,26.0,72,24,400,3.9,11.9,5.6,5.5,5.7,5.8,5.9,5.5,6.1,4.4,4.6,11.9,4.7,8.7,90.2,0,0,0,0,0,0
44.4,45.8,43.0,40.4,41.6,39.2,45.9,45.2,46.6,19.7,19.6,19.8,0.542,6.38,0.178,5.84,5.38,7.36,0.16,4.25,3.02,0.0379,0.237,0.456,33.0,25.0,77,24,400,4.5,11.7,4.7,4.7,4.6,5.5,4.4,6.0,5.2,6.1,4.9,11.7,4.0,8.2,86.2,0,0,0,0,0,0
41.6,42.4,40.8,39.2,40.8,37.6,44.0,45.6,42.4,19.0,18.8,19.2,0.598,6.87,0.194,6.46,6.01,8.06,0.174,4.59,3.27,0.0361,0.255,0.499,33.0,25.0,83,23,400,5.5,11.7,4.6,5.3,6.1,5.1,5.1,5.4,5.5,5.3,5.1,11.4,3.9,7.6,87.6,0,0,0,0,0,0
46.2,46.2,46.2,29.4,33.8,25.0,54.2,54.0,54.4,19.2,15.0,23.4,0.12,2.03,0.0639,1.85,1.72,2.32,0.0398,1.27,0.926,0.0372,0.109,0.14,40.1,31.0,92,30,200,36.7,6.67,3.0,2.33,3.67,3.67,1.33,1.33,3.0,1.67,3.67,6.67,1.67,3.67,79.0,0,0,0,0,0,0
34.1,33.4,34.8,29.8,27.4,32.2,31.0,28.0,34.0,19.1,16.6,21.6,0.121,2.14,0.0625,1.89,1.77,2.39,0.0399,1.32,0.977,0.0372,0.11,0.146,36.2,28.0,86,27,200,27.5,6.63,3.75,2.88,3.25,2.88,2.63,2.13,2.0,3.13,3.38,5.38,1.5,3.75,70.8,0,0,0,0,0,0
30.9,30.2,31.6,30.6,27.8,33.4,34.1,36.4,31.8,18.6,18.6,18.6,0.129,2.2,0.0666,1.98,1.86,2.52,0.0432,1.39,1.01,0.0372,0.115,0.154,33.9,26.0,61,20,200,12.2,6.2,3.4,3.1,3.1,2.8,2.4,3.4,1.8,3.3,3.2,5.5,1.5,4.3,56.2,0,0,0,0,0,0
32.9,30.0,35.8,30.9,30.0,31.8,32.8,30.6,35.0,18.6,17.2,20.0,0.138,2.32,0.0678,2.06,1.96,2.61,0.0451,1.46,1.07,0.0382,0.118,0.162,32.4,25.0,60,20,200,2.3,6.0,2.7,2.9,2.9,3.2,1.7,4.0,1.9,2.3,3.3,6.0,2.0,4.3,45.5,0,0,0,0,0,0
31.9,33.4,30.4,29.4,27.2,31.6,32.5,33.2,31.8,19.5,17.8,21.2,0.147,2.4,0.0706,2.2,2.01,2.68,0.0478,1.51,1.1,0.0364,0.122,0.171,31.5,24.0,64,19,200,2.2,6.1,2.7,2.2,2.8,2.7,2.8,3.1,1.9,2.6,3.0,5.8,1.8,3.6,43.3,0,0,0,0,0,0
31.2,34.4,28.0,31.1,32.8,29.4,35.2,33.6,36.8,18.3,17.2,19.4,0.151,2.5,0.0711,2.3,2.06,2.75,0.0478,1.57,1.16,0.0382,0.128,0.175,31.2,24.0,67,20,200,2.0,6.6,2.3,2.2,3.1,2.2,2.4,3.4,2.1,3.1,2.4,5.7,1.6,3.6,42.7,0,0,0,0,0,0
32.8,34.0,31.6,29.8,30.6,29.0,33.3,33.2,33.4,19.4,21.4,17.4,0.157,2.63,0.0742,2.37,2.13,2.85,0.0502,1.65,1.19,0.0372,0.133,0.175,30.6,23.0,66,20,200,1.7,5.7,2.2,2.3,2.7,2.6,1.8,3.5,2.4,3.1,2.3,5.2,2.1,4.9,42.5,0,0,0,0,0,0
33.7,32.6,34.8,29.8,28.8,30.8,33.5,36.4,30.6,19.0,20.2,17.8,0.166,2.67,0.0754,2.43,2.22,2.99,0.0516,1.71,1.21,0.0374,0.134,0.184,30.4,23.0,68,19,200,2.2,4.1,2.3,2.4,2.8,3.3,2.2,2.5,3.1,3.1,1.9,5.9,1.9,4.5,42.2,0,0,0,0,0,0
32.0,33.8,30.2,31.0,32.2,29.8,32.0,31.4,32.6,19.2,20.4,18.0,0.177,2.74,0.0789,2.55,2.32,3.1,0.0552,1.77,1.29,0.0373,0.136,0.194,30.4,23.0,75,22,200,2.3,5.3,2.8,2.9,3.3,3.1,1.8,3.0,2.9,3.2,2.3,6.1,1.7,3.4,44.1,0,0,0,0,0,0
34.3,35.2,33.4,30.3,27.6,33.0,34.3,34.4,34.2,18.5,19.2,17.8,0.183,2.89,0.0814,2.62,2.38,3.22,0.0545,1.83,1.34,0.0373,0.141,0.203,30.4,23.0,73,23,200,1.9,6.4,2.7,3.0,3.1,2.5,2.6,2.8,2.2,2.8,2.3,6.7,1.9,4.0,44.9,0,0,0,0,0,0
32.2,34.2,30.2,32.6,32.0,33.2,33.8,33.4,34.2,20.6,17.2,24.0,0.192,2.98,0.0816,2.77,2.49,3.32,0.061,1.88,1.39,0.0374,0.142,0.214,30.2,23.0,69,22,200,2.3,5.7,2.1,3.0,2.2,3.0,3.6,2.0,2.2,2.0,2.2,7.1,1.9,4.8,44.1,0,0,0,0,0,0
32.1,30.4,33.8,31.2,29.6,32.8,34.1,32.6,35.6,18.4,22.6,14.2,0.207,3.04,0.0876,2.86,2.53,3.46,0.0637,1.99,1.45,0.0374,0.148,0.221,29.8,22.0,67,21,200,2.5,5.5,3.0,2.9,1.6,3.2,3.4,1.9,1.9,2.5,2.4,6.0,2.0,4.3,43.1,0,0,0,0,0,0
30.2,27.2,33.2,29.8,29.4,30.2,31.8,32.2,31.4,19.5,22.8,16.2,0.228,3.17,0.0878,2.9,2.59,3.46,0.067,2.04,1.48,0.0374,0.151,0.223,29.7,22.0,66,19,200,2.3,5.0,3.4,3.9,2.2,3.2,3.0,2.0,2.2,3.2,2.8,6.3,2.0,3.4,44.9,0,0,0,0,0,0
35.0,35.0,35.0,30.9,29.0,32.8,33.0,32.8,33.2,18.3,20.6,16.0,0.231,3.25,0.0927,3.02,2.71,3.63,0.0689,2.1,1.51,0.0383,0.152,0.231,29.4,22.0,64,19,200,1.7,5.0,2.3,3.8,1.8,3.7,2.2,2.5,2.9,2.7,3.1,5.8,1.9,3.8,43.2,0,0,0,0,0,0
30.2,29.8,30.6,29.6,26.2,33.0,36.1,34.0,38.2,19.3,17.2,21.4,0.238,3.33,0.0941,3.11,2.75,3.65,0.0707,2.18,1.56,0.0375,0.154,0.24,29.2,22.0,61,19,200,1.3,6.4,2.3,2.8,2.0,3.8,2.1,2.8,3.0,2.2,2.5,5.3,2.1,4.9,43.5,0,0,0,0,0,0
33.2,32.6,33.8,30.7,30.2,31.2,30.9,27.6,34.2,18.2,17.2,19.2,0.255,3.44,0.0959,3.2,2.83,3.81,0.0751,2.25,1.62,0.0374,0.157,0.247,29.1,22.0,63,21,200,1.9,6.2,2.9,2.2,2.7,3.0,2.6,2.8,2.5,2.5,3.6,5.8,2.0,4.3,45.0,0,0,0,0,0,0
32.2,34.2,30.2,28.9,27.0,30.8,32.7,30.0,35.4,19.9,20.8,19.0,0.258,3.53,0.0988,3.28,2.94,3.92,0.0762,2.29,1.66,0.0366,0.16,0.256,28.9,22.0,63,19,200,2.3,4.8,2.6,1.7,3.0,2.5,3.4,2.5,2.3,3.2,4.0,5.4,1.5,3.1,42.3,0,0,0,0,0,0
31.6,31.2,32.0,30.8,32.6,29.0,31.1,31.0,31.2,18.4,16.4,20.4,0.268,3.68,0.1,3.44,3.1,4.11,0.0787,2.43,1.71,0.0373,0.167,0.269,28.7,22.0,63,19,200,2.6,4.5,2.8,2.4,2.7,3.3,3.1,2.4,2.1,3.5,2.9,5.8,1.4,3.4,42.9,0,0,0,0,0,0
32.0,35.0,29.0,31.1,27.8,34.4,34.8,33.8,35.8,19.3,17.0,21.6,0.285,3.91,0.105,3.65,3.3,4.31,0.0822,2.58,1.81,0.0366,0.174,0.283,28.8,22.0,68,20,200,2.1,5.9,3.6,2.7,2.3,2.9,2.1,2.4,1.2,2.7,3.7,5.9,1.5,3.9,42.9,0,0,0,0,0,0
32.2,31.6,32.8,21.2,22.4,20.0,34.5,32.8,36.2,18.3,16.4,20.2,0.304,4.08,0.109,3.85,3.45,4.52,0.0866,2.68,1.9,0.0384,0.178,0.295,28.7,21.0,72,20,200,1.2,6.1,3.4,2.7,2.7,2.1,2.6,1.9,2.2,1.9,4.2,5.3,1.6,4.2,42.1,0,0,0,0,0,0
42.0,44.0,40.0,35.1,35.2,35.0,48.2,45.4,51.0,18.0,20.0,16.0,0.286,3.78,0.105,3.39,3.14,4.07,0.0829,2.36,1.7,0.0382,0.161,0.259,37.0,29.0,86,29,300,42.3,9.57,4.57,4.0,3.0,2.29,5.57,4.57,2.57,3.43,4.14,7.14,3.71,4.57,101.0,0,0,0,0,0,0
37.2,38.4,36.0,34.1,33.2,35.0,36.2,37.4,35.0,19.3,19.4,19.2,0.295,3.78,0.106,3.45,3.24,4.25,0.0883,2.4,1.73,0.0372,0.163,0.262,34.0,27.0,76,25,300,26.2,8.9,4.4,4.0,3.2,2.7,5.4,4.7,3.1,4.1,4.7,7.7,3.4,6.4,88.9,0,0,0,0,0,0
38.9,38.8,39.0,35.9,32.8,39.0,36.8,33.6,40.0,19.3,18.8,19.8,0.302,3.83,0.112,3.54,3.29,4.33,0.0903,2.48,1.78,0.0382,0.162,0.276,32.9,26.0,66,21,300,3.8,6.6,3.8,4.0,3.8,3.5,4.3,4.4,4.1,3.9,4.0,8.8,2.9,5.8,63.7,0,0,0,0,0,0
36.6,34.8,38.4,34.3,33.0,35.6,45.2,47.2,43.2,19.0,15.8,22.2,0.31,3.92,0.114,3.56,3.36,4.36,0.0973,2.57,1.8,0.0372,0.164,0.281,32.3,25.0,70,22,300,3.3,7.5,4.6,4.2,5.1,4.0,4.9,4.7,4.1,3.8,4.6,9.3,3.2,5.9,69.2,0,0,0,0,0,0
38.1,36.2,40.0,35.2,35.4,35.0,38.8,40.2,37.4,18.8,21.0,16.6,0.315,3.99,0.116,3.64,3.42,4.41,0.099,2.59,1.85,0.0381,0.49,0.289,32.0,25.0,69,23,300,2.5,8.1,4.4,3.3,4.6,4.6,5.3,3.7,4.3,4.1,4.7,9.0,3.3,6.0,67.9,0,0,0,0,0,0
36.7,35.6,37.8,34.1,37.0,31.2,38.5,38.2,38.8,20.4,18.0,22.8,0.331,4.05,0.118,3.78,3.5,4.52,0.104,2.73,1.87,0.0362,0.492,0.293,31.5,25.0,66,22,300,2.0,7.7,3.9,3.6,3.9,4.5,4.5,4.2,4.9,3.9,4.2,9.2,3.7,5.4,65.6,0,0,0,0,0,0
38.3,37.2,39.4,34.5,33.8,35.2,37.5,36.4,38.6,19.6,19.0,20.2,0.338,4.14,0.124,3.78,3.55,4.67,0.106,2.75,1.94,0.0371,0.494,0.297,31.4,24.0,71,22,300,2.7,8.5,3.9,4.2,4.6,3.4,4.1,4.0,4.5,4.0,3.9,9.0,3.4,5.5,65.7,0,0,0,0,0,0
38.9,37.4,40.4,35.7,38.2,33.2,37.6,35.6,39.6,20.5,19.8,21.2,0.348,4.24,0.122,3.84,3.66,4.79,0.106,2.79,1.96,0.036,0.494,0.305,31.5,25.0,76,23,300,2.8,8.1,4.0,4.2,4.8,3.9,3.8,3.7,4.5,3.7,3.7,9.5,3.5,6.6,66.8,0,0,0,0,0,0
39.0,37.0,41.0,34.0,33.0,35.0,37.9,37.0,38.8,18.7,20.6,16.8,0.347,4.25,0.126,3.98,3.72,4.91,0.106,2.87,2.01,0.0368,0.497,0.31,31.2,24.0,71,23,300,2.9,8.8,4.1,4.3,4.9,4.6,3.3,4.2,4.6,3.4,4.0,8.8,3.0,6.3,67.2,0,0,0,0,0,0
34.4,38.0,30.8,34.0,32.0,36.0,37.7,39.2,36.2,19.3,17.8,20.8,0.344,4.37,0.123,4.02,3.81,4.97,0.107,2.92,2.04,0.0368,0.5,0.313,31.0,24.0,67,21,300,2.9,9.6,4.2,3.7,4.4,4.8,3.7,3.2,4.0,3.2,4.6,7.7,2.3,6.1,64.4,0,0,0,0,0,0
39.5,37.6,41.4,36.6,35.6,37.6,39.0,37.4,40.6,19.3,16.4,22.2,0.359,4.42,0.128,4.08,3.92,5.15,0.11,2.95,2.08,0.0368,0.502,0.317,30.9,24.0,71,21,300,3.4,7.9,3.4,3.3,4.3,5.0,3.8,4.1,3.6,3.7,4.1,7.9,2.2,5.9,62.6,0,0,0,0,0,0
38.1,40.2,36.0,34.2,36.4,32.0,37.4,39.8,35.0,20.7,22.8,18.6,0.362,4.48,0.13,4.19,3.98,5.18,0.112,3.01,2.12,0.036,0.504,0.325,31.2,24.0,79,24,300,3.4,7.5,3.1,3.4,5.4,5.2,4.1,5.1,3.6,4.5,3.7,9.3,2.6,5.4,66.3,0,0,0,0,0,0
38.1,39.0,37.2,34.0,32.8,35.2,39.1,37.6,40.6,19.0,23.6,14.4,0.375,4.62,0.129,4.29,3.99,5.29,0.116,3.15,2.18,0.037,0.508,0.334,30.9,24.0,76,23,300,2.3,8.1,4.5,2.9,4.2,4.3,5.3,4.2,4.4,4.2,4.2,9.3,2.8,6.5,67.2,0,0,0,0,0,0
37.3,35.8,38.8,35.8,36.6,35.0,37.3,37.6,37.0,18.9,17.4,20.4,0.386,4.71,0.135,4.43,4.15,5.44,0.12,3.2,2.25,0.0371,0.508,0.342,30.8,24.0,70,22,300,2.5,8.5,5.3,3.5,3.6,3.6,5.8,3.9,4.2,4.1,4.9,9.0,2.7,5.3,66.9,0,0,0,0,0,0
40.6,42.8,38.4,33.7,34.4,33.0,39.4,38.8,40.0,19.0,21.8,16.2,0.398,4.77,0.142,4.45,4.21,5.6,0.123,3.25,2.32,0.0369,0.511,0.349,30.9,24.0,69,24,300,3.0,7.6,4.3,3.8,4.4,4.4,5.0,4.9,3.6,4.2,5.6,9.5,3.3,5.7,69.3,0,0,0,0,0,0
37.9,38.4,37.4,36.6,39.6,33.6,37.6,39.4,35.8,19.3,22.2,16.4,0.407,4.87,0.142,4.48,4.33,5.62,0.128,3.36,2.37,0.0369,0.515,0.363,30.8,24.0,64,25,300,2.6,7.6,4.5,3.1,3.8,4.2,4.4,5.3,4.6,3.9,4.8,8.8,3.3,6.9,67.8,0,0,0,0,0,0
38.0,36.4,39.6,33.4,33.0,33.8,37.1,37.4,36.8,18.9,18.2,19.6,0.431,5.13,0.145,4.72,4.56,5.93,0.13,3.51,2.48,0.0369,0.522,0.381,30.8,24.0,70,24,300,3.2,9.1,4.9,3.2,3.7,3.4,3.8,5.3,4.4,3.2,3.8,8.2,3.2,5.1,64.5,0,0,0,0,0,0
37.5,35.0,40.0,37.3,40.2,34.4,37.0,37.8,36.2,20.6,20.2,21.0,0.44,5.33,0.152,5.0,4.85,6.19,0.136,3.7,2.56,0.037,0.528,0.406,30.6,24.0,66,21,300,3.2,9.7,4.9,3.5,4.6,3.9,3.2,4.6,3.9,3.7,3.6,7.6,2.4,4.4,63.2,0,0,0,0,0,0
38.4,38.0,38.8,25.7,28.8,22.6,38.0,38.6,37.4,17.9,18.6,17.2,0.476,5.67,0.158,5.24,5.02,6.56,0.142,3.92,2.71,0.037,0.538,0.423,30.7,24.0,69,22,300,2.9,9.1,4.3,3.7,4.5,4.6,4.1,4.3,4.9,4.3,3.9,8.9,2.8,5.5,67.8,0,0,0,0,0,0
38.8,38.8,38.8,38.3,39.0,37.6,39.5,36.4,42.6,20.9,22.6,19.2,0.392,5.31,0.134,4.68,4.56,5.99,0.113,3.44,2.38,0.0361,0.195,0.357,39.7,30.0,96,32,400,42.9,10.4,5.0,5.7,4.1,4.5,4.9,5.6,4.0,4.9,5.1,9.9,2.6,7.3,117.0,0,0,0,0,0,0
45.2,43.0,47.4,38.6,40.0,37.2,41.4,41.8,41.0,18.7,17.8,19.6,0.399,5.34,0.137,4.71,4.69,6.04,0.112,3.47,2.41,0.037,0.199,0.368,38.0,29.0,88,25,400,19.6,12.0,5.0,6.0,4.9,5.9,6.8,5.3,4.7,5.4,5.0,10.9,3.3,7.9,103.0,0,0,0,0,0,0
40.9,44.0,37.8,40.1,42.8,37.4,41.2,39.8,42.6,20.2,24.0,16.4,0.403,5.36,0.138,4.78,4.79,6.02,0.112,3.58,2.48,0.0371,0.201,0.372,36.9,28.0,79,25,400,4.8,12.6,3.8,5.0,6.2,5.8,7.3,5.5,4.7,6.2,4.8,10.4,3.3,5.8,86.2,0,0,0,0,0,0
44.7,43.6,45.8,40.4,40.2,40.6,40.7,38.4,43.0,19.0,18.4,19.6,0.404,5.37,0.141,4.85,4.89,6.16,0.12,3.6,2.55,0.0381,0.206,0.379,35.9,27.0,77,24,400,4.4,13.1,5.7,4.5,6.5,5.1,6.9,6.0,6.0,5.8,4.9,11.9,3.7,5.1,89.6,0,0,0,0,0,0
45.7,46.2,45.2,38.3,36.6,40.0,44.7,43.0,46.4,20.1,17.2,23.0,0.422,5.58,0.141,4.77,5.04,6.32,0.122,3.69,2.57,0.0373,0.207,0.388,35.2,27.0,72,24,400,3.6,13.2,5.4,3.7,5.6,5.4,6.0,6.7,6.5,5.1,5.3,12.4,4.2,6.5,89.6,0,0,0,0,0,0
45.1,44.4,45.8,37.5,38.4,36.6,42.2,40.8,43.6,20.2,22.2,18.2,0.437,5.62,0.147,4.91,5.12,6.47,0.126,3.71,2.66,0.0363,0.21,0.397,35.0,27.0,76,25,400,4.0,11.1,4.8,4.7,5.9,5.2,4.7,6.5,5.8,6.6,6.4,12.2,4.4,8.8,91.1,0,0,0,0,0,0
42.1,41.0,43.2,37.5,36.4,38.6,40.8,38.0,43.6,21.3,21.6,21.0,0.442,5.64,0.147,4.94,5.15,6.48,0.129,3.78,2.69,0.0366,0.214,0.401,34.6,26.0,82,24,400,4.5,9.3,6.1,6.0,5.1,5.1,4.5,5.6,5.8,6.5,6.0,11.3,4.3,8.8,88.9,0,0,0,0,0,0
43.5,40.8,46.2,39.9,41.2,38.6,44.1,43.4,44.8,19.1,16.2,22.0,0.451,5.78,0.151,4.94,5.3,6.61,0.13,3.89,2.7,0.0384,0.215,0.409,34.5,26.0,83,24,400,4.1,11.4,5.6,5.9,5.4,5.1,5.6,5.4,6.0,4.9,4.3,11.2,3.6,7.6,86.1,0,0,0,0,0,0
44.2,42.8,45.6,38.6,37.4,39.8,42.1,40.4,43.8,21.6,21.8,21.4,0.455,5.76,0.159,5.03,5.44,6.75,0.135,3.93,2.75,0.0373,0.218,0.408,34.7,26.0,87,26,400,2.6,11.6,5.9,6.4,6.3,5.4,5.9,5.3,5.9,4.5,4.2,12.6,3.5,7.3,87.4,0,0,0,0,0,0
43.7,46.6,40.8,39.6,38.8,40.4,42.8,41.0,44.6,20.0,19.2,20.8,0.49,5.85,0.161,5.07,5.36,6.73,0.137,3.94,2.79,0.0376,0.222,0.423,34.6,26.0,89,25,400,2.4,10.3,6.3,7.5,5.7,6.0,6.0,5.1,5.1,5.8,5.3,12.9,4.7,6.9,90.0,0,0,0,0,0,0
42.8,43.6,42.0,38.5,39.0,38.0,45.8,44.6,47.0,19.3,16.6,22.0,0.503,6.0,0.16,5.2,5.46,6.85,0.14,4.01,2.87,0.0375,0.223,0.429,34.5,26.0,79,25,400,2.9,12.3,5.7,6.7,4.9,5.8,5.4,5.3,6.0,5.8,6.2,12.9,5.1,6.9,91.9,0,0,0,0,0,0
46.5,44.2,48.8,37.8,36.6,39.0,42.2,44.2,40.2,20.0,21.8,18.2,0.503,6.05,0.161,5.3,5.58,7.02,0.138,4.07,2.88,0.0368,0.226,0.428,34.4,26.0,79,25,400,3.3,11.5,5.2,4.9,4.3,5.2,4.5,6.2,6.8,4.4,6.1,12.2,4.2,9.4,88.2,0,0,0,0,0,0
44.5,43.6,45.4,39.0,39.6,38.4,43.5,44.6,42.4,19.4,22.2,16.6,0.51,6.13,0.165,5.35,5.69,7.2,0.147,4.12,2.94,0.0368,0.228,0.437,34.2,26.0,79,25,400,3.4,11.2,3.9,6.1,3.8,4.6,4.8,6.5,6.2,5.5,5.6,11.4,4.1,10.6,87.7,0,0,0,0,0,0
45.4,46.6,44.2,38.4,36.2,40.6,44.7,43.4,46.0,19.4,18.8,20.0,0.543,6.26,0.173,5.42,5.7,7.4,0.148,4.21,3.01,0.037,0.233,0.441,34.2,26.0,80,26,400,3.7,11.8,4.9,7.7,4.7,5.3,4.7,6.2,5.5,6.0,5.1,12.2,4.1,8.7,90.6,0,0,0,0,0,0
41.7,42.6,40.8,37.4,35.2,39.6,41.0,41.0,41.0,19.5,18.2,20.8,0.536,6.34,0.172,5.49,5.87,7.47,0.154,4.29,3.04,0.0378,0.234,0.45,34.2,26.0,79,26,400,4.0,11.0,6.1,6.8,6.2,5.0,5.0,7.0,5.3,5.0,4.7,13.0,5.1,8.5,92.7,0,0,0,0,0,0
46.3,46.2,46.4,39.6,38.6,40.6,44.7,43.2,46.2,20.3,17.0,23.6,0.564,6.58,0.183,5.69,6.09,7.81,0.162,4.45,3.16,0.037,0.242,0.482,34.1,26.0,75,25,400,4.4,11.4,5.4,5.3,6.0,4.2,5.3,7.3,5.5,4.5,5.1,10.6,4.5,8.4,87.9,0,0,0,0,0,0
43.0,43.8,42.2,38.3,36.8,39.8,42.1,41.0,43.2,19.2,22.0,16.4,0.595,6.87,0.19,6.03,6.44,8.27,0.166,4.71,3.34,0.0379,0.253,0.506,34.1,26.0,76,26,400,5.8,11.7,5.9,4.6,5.4,4.9,5.5,6.0,6.1,5.6,5.2,10.9,3.9,7.6,89.1,0,0,0,0,0,0
44.7,43.0,46.4,33.2,30.4,36.0,43.1,42.6,43.6,19.5,14.8,24.2,0.633,7.27,0.199,6.33,6.72,8.62,0.176,4.92,3.52,0.0381,0.264,0.528,34.1,26.0,80,27,400,4.7,9.9,6.3,5.1,5.8,5.4,5.1,6.0,7.1,5.4,4.3,11.6,4.3,8.0,89.0,0,0,0,0,0,0
49.5,49.6,49.4,29.0,28.8,29.2,53.0,51.2,54.8,19.2,17.0,21.4,0.171,2.11,0.0764,1.83,1.8,2.48,0.0521,1.32,0.992,0.0373,0.111,0.152,38.7,31.0,84,31,200,32.3,5.67,3.67,2.67,2.67,1.0,1.67,2.0,2.33,2.67,3.0,4.33,1.0,2.33,67.3,0,0,0,0,0,0
30.8,31.8,29.8,30.0,31.8,28.2,29.7,28.2,31.2,18.7,16.8,20.6,0.174,2.16,0.0775,1.87,1.89,2.54,0.0518,1.39,1.02,0.0364,0.115,0.159,34.9,27.0,79,27,200,26.6,5.13,4.0,3.88,3.0,1.88,2.88,2.75,2.13,2.88,2.38,6.0,2.25,2.38,68.1,0,0,0,0,0,0
32.4,33.8,31.0,28.1,25.4,30.8,32.5,33.6,31.4,18.6,17.8,19.4,0.175,2.28,0.078,1.93,1.97,2.65,0.053,1.43,1.05,0.0364,0.117,0.16,33.3,26.0,59,22,200,12.8,4.2,3.2,4.1,3.0,3.0,2.9,2.5,2.6,3.5,2.3,5.9,2.3,4.0,56.3,0,0,0,0,0,0
31.7,29.8,33.6,30.9,30.4,31.4,32.7,31.6,33.8,18.9,16.8,21.0,0.168,2.33,0.0764,2.0,2.01,2.69,0.0514,1.49,1.07,0.0363,0.117,0.166,31.9,25.0,61,21,200,1.8,4.6,2.4,2.9,2.8,2.4,2.6,1.7,2.9,3.4,2.3,4.9,1.2,5.3,41.2,0,0,0,0,0,0
32.1,31.2,33.0,31.8,31.2,32.4,32.1,31.6,32.6,20.3,23.2,17.4,0.172,2.42,0.0798,2.11,2.1,2.79,0.0547,1.52,1.12,0.0363,0.121,0.17,30.9,24.0,61,19,200,1.4,5.2,3.3,2.7,3.1,2.1,2.6,2.4,2.4,2.8,1.4,4.5,1.0,5.0,39.9,0,0,0,0,0,0
33.8,33.0,34.6,29.9,27.6,32.2,33.8,34.0,33.6,19.0,19.0,19.0,0.19,2.5,0.0816,2.13,2.21,2.89,0.0569,1.58,1.17,0.0365,0.122,0.175,30.2,24.0,63,20,200,2.0,4.9,3.3,2.7,3.3,2.6,2.3,3.3,2.9,2.5,2.2,4.4,1.6,3.9,41.9,0,0,0,0,0,0
35.9,34.4,37.4,30.6,32.4,28.8,32.9,33.2,32.6,19.4,18.8,20.0,0.195,2.62,0.0828,2.25,2.35,3.08,0.0615,1.68,1.23,0.0373,0.128,0.186,30.3,24.0,66,22,200,1.7,4.5,3.2,2.7,2.9,2.7,3.0,2.4,2.9,2.3,4.0,6.3,2.2,3.2,44.0,0,0,0,0,0,0
33.2,35.8,30.6,29.4,28.4,30.4,33.1,36.6,29.6,18.2,19.6,16.8,0.202,2.65,0.0854,2.34,2.38,3.22,0.06,1.73,1.27,0.0384,0.129,0.191,29.9,24.0,66,23,200,1.1,5.7,3.4,3.0,2.7,2.4,2.9,2.2,2.4,3.0,3.8,7.6,2.4,4.7,47.3,0,0,0,0,0,0
30.9,34.2,27.6,30.9,32.0,29.8,30.9,30.8,31.0,18.6,15.2,22.0,0.199,2.75,0.0831,2.38,2.49,3.24,0.0592,1.79,1.31,0.0375,0.133,0.195,29.6,23.0,64,20,200,1.7,5.9,3.1,3.2,2.6,2.0,2.1,2.7,3.4,3.3,3.4,6.5,1.8,4.6,46.3,0,0,0,0,0,0
32.7,34.8,30.6,31.7,29.4,34.0,32.8,32.0,33.6,19.2,20.6,17.8,0.204,2.79,0.0875,2.46,2.53,3.33,0.0628,1.87,1.33,0.0375,0.133,0.203,29.4,23.0,60,21,200,2.0,5.3,3.3,3.2,2.2,2.3,2.5,2.3,3.6,2.3,3.4,5.5,1.5,2.9,42.3,0,0,0,0,0,0
30.3,33.6,27.0,30.2,31.4,29.0,33.3,32.0,34.6,19.5,16.6,22.4,0.213,2.9,0.0882,2.52,2.59,3.41,0.0651,1.93,1.37,0.0374,0.137,0.208,29.0,23.0,59,20,200,1.9,6.2,3.0,2.3,2.6,2.2,3.5,2.1,2.9,2.5,3.0,5.2,1.8,2.8,42.0,0,0,0,0,0,0
33.1,29.4,36.8,29.1,30.4,27.8,32.1,32.4,31.8,18.4,21.0,15.8,0.208,2.95,0.0885,2.59,2.7,3.53,0.0647,1.95,1.4,0.0373,0.138,0.214,29.1,23.0,69,20,200,1.8,6.7,2.8,2.1,2.7,2.1,2.8,2.3,3.2,3.0,3.4,5.2,1.6,2.5,42.2,0,0,0,0,0,0
32.4,33.6,31.2,31.6,31.2,32.0,34.0,34.6,33.4,19.4,21.4,17.4,0.222,3.12,0.0929,2.71,2.76,3.64,0.069,2.02,1.45,0.0372,0.142,0.221,29.1,23.0,73,22,200,1.8,6.4,2.9,2.8,2.4,2.4,2.4,2.7,2.3,2.3,3.3,5.1,1.6,3.1,41.5,0,0,0,0,0,0
32.6,31.8,33.4,29.4,30.6,28.2,30.8,29.8,31.8,18.6,20.2,17.0,0.225,3.14,0.0897,2.74,2.88,3.72,0.0666,2.1,1.51,0.0381,0.144,0.227,28.8,23.0,67,21,200,1.5,6.0,2.5,3.0,2.6,2.8,2.9,3.0,1.8,2.4,3.3,5.1,1.7,4.4,43.0,0,0,0,0,0,0
32.0,32.6,31.4,30.0,31.6,28.4,30.9,32.8,29.0,18.8,22.6,15.0,0.222,3.26,0.0907,2.83,2.91,3.77,0.0679,2.14,1.55,0.0373,0.147,0.226,28.7,22.0,64,21,200,1.4,5.7,2.5,2.8,2.9,3.6,2.8,2.9,2.5,2.6,3.3,5.8,1.5,3.3,43.6,0,0,0,0,0,0
33.1,33.6,32.6,29.2,31.4,27.0,33.0,32.8,33.2,18.6,21.2,16.0,0.224,3.27,0.0919,2.92,3.02,3.88,0.068,2.2,1.58,0.0382,0.151,0.236,28.6,22.0,63,21,200,1.9,5.6,2.6,3.0,3.0,3.4,3.1,2.5,2.6,2.9,1.9,5.5,1.1,3.5,42.6,0,0,0,0,0,0
34.1,30.6,37.6,31.6,29.0,34.2,33.5,34.8,32.2,19.9,23.2,16.6,0.229,3.33,0.0934,2.95,3.12,3.97,0.0699,2.28,1.62,0.0373,0.152,0.243,28.5,22.0,62,20,200,1.5,6.2,2.2,2.9,2.8,2.4,2.4,2.2,2.5,3.5,2.5,5.3,1.3,4.7,42.4,0,0,0,0,0,0
32.3,33.0,31.6,30.1,31.2,29.0,33.2,30.6,35.8,19.3,22.2,16.4,0.247,3.52,0.0981,3.16,3.28,4.21,0.0739,2.38,1.7,0.0381,0.159,0.26,28.6,22.0,66,22,200,1.7,5.3,2.9,2.7,2.2,2.6,2.8,2.5,2.4,3.3,3.5,5.3,1.8,4.5,43.5,0,0,0,0,0,0
31.6,30.8,32.4,31.4,30.6,32.2,33.3,32.4,34.2,19.1,21.8,16.4,0.264,3.78,0.101,3.33,3.42,4.41,0.0785,2.51,1.78,0.0363,0.166,0.271,28.5,22.0,66,22,200,2.6,5.8,2.9,1.9,1.7,2.6,3.1,3.1,1.8,2.9,3.3,4.7,1.9,4.3,42.6,0,0,0,0,0,0
30.5,29.2,31.8,20.7,23.2,18.2,31.3,27.6,35.0,18.8,21.6,16.0,0.278,3.94,0.104,3.49,3.59,4.6,0.0791,2.64,1.89,0.0372,0.171,0.283,28.4,22.0,67,19,200,2.3,6.4,2.6,2.7,1.6,2.5,1.9,2.8,2.1,2.8,2.6,4.7,1.6,4.3,40.9,0,0,0,0,0,0
42.8,43.0,42.6,34.9,32.8,37.0,49.4,49.8,49.0,19.0,22.4,15.6,0.263,3.72,0.0975,3.22,3.27,4.15,0.0735,2.37,1.67,0.0383,0.16,0.258,40.2,32.0,94,31,300,51.2,8.5,5.17,4.17,4.17,2.83,5.5,4.17,5.33,4.17,5.17,9.5,3.5,5.17,119.0,0,0,0,0,0,0
38.7,39.2,38.2,38.1,36.8,39.4,40.0,40.8,39.2,20.7,17.6,23.8,0.269,3.81,0.101,3.35,3.32,4.3,0.0768,2.39,1.72,0.0374,0.163,0.268,37.2,28.0,94,30,300,28.9,8.2,4.4,4.1,3.3,3.5,5.1,4.4,4.9,3.6,4.8,8.4,3.1,5.7,92.4,0,0,0,0,0,0
40.0,41.2,38.8,37.5,38.0,37.0,38.4,35.6,41.2,19.2,18.2,20.2,0.277,3.85,0.105,3.38,3.37,4.32,0.0784,2.42,1.74,0.0384,0.165,0.27,36.1,28.0,71,23,300,4.0,8.5,4.0,4.3,2.8,3.7,4.7,4.2,4.0,3.8,4.0,8.7,3.0,6.1,65.8,0,0,0,0,0,0
36.5,37.2,35.8,35.5,38.0,33.0,45.7,45.0,46.4,20.1,18.0,22.2,0.289,3.97,0.106,3.42,3.5,4.41,0.0808,2.52,1.82,0.0374,0.483,0.281,35.0,26.0,74,23,300,2.8,9.7,4.3,4.5,3.1,4.1,4.5,4.3,3.7,4.7,4.5,10.5,3.7,5.8,70.2,0,0,0,0,0,0
38.6,38.6,38.6,36.4,35.6,37.2,33.7,31.0,36.4,18.7,17.8,19.6,0.295,4.0,0.108,3.54,3.49,4.47,0.084,2.57,1.84,0.0373,0.483,0.285,34.1,26.0,72,21,300,3.1,8.4,4.2,4.0,4.4,4.2,4.4,3.9,3.2,4.8,4.9,8.9,2.9,5.1,66.4,0,0,0,0,0,0
36.2,36.2,36.2,37.4,38.4,36.4,37.3,35.0,39.6,20.5,18.4,22.6,0.299,4.12,0.107,3.61,3.54,4.59,0.0848,2.64,1.9,0.0383,0.483,0.283,33.8,26.0,71,22,300,2.9,6.7,4.1,3.4,5.5,3.9,4.3,3.9,4.1,5.8,3.6,7.5,2.3,5.3,63.3,0,0,0,0,0,0
38.9,38.6,39.2,35.6,33.6,37.6,39.1,40.4,37.8,19.3,20.0,18.6,0.302,4.19,0.11,3.69,3.7,4.72,0.0842,2.7,1.94,0.0374,0.487,0.294,33.5,26.0,76,24,300,2.9,9.1,3.8,3.5,4.6,4.2,3.1,4.0,5.0,5.8,3.4,7.1,2.6,6.1,65.2,0,0,0,0,0,0
37.5,37.2,37.8,38.4,37.4,39.4,35.7,34.0,37.4,19.0,20.6,17.4,0.311,4.24,0.111,3.75,3.72,4.78,0.0883,2.8,1.97,0.0365,0.49,0.307,33.0,25.0,70,23,300,2.8,10.4,3.7,3.8,4.8,3.3,3.3,4.5,4.4,4.2,3.3,7.7,2.4,6.6,65.2,0,0,0,0,0,0
38.2,39.2,37.2,36.3,36.4,36.2,39.0,40.4,37.6,18.8,17.6,20.0,0.315,4.29,0.113,3.84,3.84,4.87,0.0873,2.83,2.03,0.0374,0.491,0.312,33.0,25.0,77,23,300,3.0,9.4,3.7,3.6,5.9,3.2,4.2,5.1,3.9,4.1,2.7,8.4,2.2,5.6,65.0,0,0,0,0,0,0
37.7,36.0,39.4,37.4,35.0,39.8,37.1,37.2,37.0,19.3,21.8,16.8,0.33,4.4,0.118,3.98,3.87,5.0,0.0932,2.85,2.07,0.0365,0.495,0.322,32.6,25.0,75,23,300,2.7,9.3,3.4,4.4,5.1,3.9,4.5,4.0,3.6,4.1,3.8,8.5,2.5,6.0,65.8,0,0,0,0,0,0
38.6,39.8,37.4,33.6,34.2,33.0,35.5,38.0,33.0,19.8,19.2,20.4,0.342,4.44,0.12,4.06,3.96,5.14,0.0961,2.97,2.12,0.0373,0.497,0.331,32.5,25.0,67,24,300,2.1,9.3,2.6,4.3,4.3,5.1,5.1,3.6,4.4,3.4,4.2,9.8,3.2,5.7,67.1,0,0,0,0,0,0
36.9,38.8,35.0,35.1,37.8,32.4,36.4,37.4,35.4,18.8,17.2,20.4,0.345,4.53,0.122,4.1,3.95,5.21,0.1,3.02,2.16,0.0364,0.499,0.325,32.2,25.0,68,24,300,2.6,8.5,3.2,4.3,4.3,5.7,4.8,3.2,4.4,3.7,3.7,8.6,2.9,4.4,64.3,0,0,0,0,0,0
39.1,37.4,40.8,35.0,35.8,34.2,39.0,37.0,41.0,19.3,17.6,21.0,0.354,4.61,0.126,4.2,4.1,5.35,0.103,3.09,2.22,0.0365,0.501,0.341,32.0,25.0,66,22,300,2.4,7.1,4.7,4.9,5.2,5.3,3.9,2.9,4.2,4.0,3.2,7.5,2.7,4.7,62.7,0,0,0,0,0,0
35.7,37.2,34.2,34.9,33.6,36.2,35.6,35.4,35.8,19.6,22.6,16.6,0.357,4.7,0.127,4.2,4.16,5.39,0.103,3.13,2.25,0.0365,0.504,0.342,31.9,24.0,73,21,300,1.5,7.2,5.2,4.6,5.1,4.4,3.2,3.2,4.3,4.8,2.8,8.9,2.4,6.0,63.6,0,0,0,0,0,0
40.1,39.2,41.0,35.1,34.0,36.2,38.3,36.0,40.6,19.3,18.8,19.8,0.365,4.66,0.128,4.27,4.29,5.49,0.104,3.23,2.3,0.0373,0.504,0.35,31.8,24.0,77,21,300,1.9,8.2,4.1,4.2,4.5,4.1,3.0,3.4,4.2,5.4,3.0,8.4,2.3,6.2,62.9,0,0,0,0,0,0
37.3,35.2,39.4,34.0,32.4,35.6,37.8,38.4,37.2,19.0,18.0,20.0,0.363,4.81,0.128,4.4,4.37,5.58,0.107,3.31,2.34,0.0384,0.507,0.355,31.6,24.0,68,23,300,2.7,9.2,3.1,4.9,4.9,4.4,2.8,3.8,4.2,4.9,3.4,7.8,2.3,5.8,64.2,0,0,0,0,0,0
38.4,40.6,36.2,36.6,38.4,34.8,38.7,42.0,35.4,21.5,21.8,21.2,0.378,5.05,0.135,4.58,4.6,5.87,0.113,3.42,2.45,0.0373,0.515,0.375,31.4,24.0,65,21,300,3.0,9.5,2.8,4.8,4.3,4.3,3.4,3.9,3.6,3.5,4.3,8.0,2.2,5.8,63.4,0,0,0,0,0,0
36.8,35.0,38.6,34.6,35.8,33.4,39.1,38.4,39.8,21.1,19.0,23.2,0.411,5.35,0.141,4.85,4.9,6.26,0.119,3.7,2.59,0.0375,0.523,0.401,31.2,24.0,65,21,300,2.6,9.2,3.6,3.6,3.4,5.3,4.3,3.6,4.3,4.1,4.6,9.0,3.1,4.9,65.6,0,0,0,0,0,0
38.3,36.6,40.0,25.5,27.8,23.2,36.5,37.4,35.6,18.4,21.2,15.6,0.429,5.59,0.146,5.12,5.1,6.51,0.123,3.85,2.71,0.0365,0.531,0.419,31.2,24.0,67,23,300,2.9,9.8,3.6,4.2,4.3,5.2,4.5,3.2,4.3,6.0,3.9,9.0,3.0,5.2,69.1,0,0,0,0,0,0
38.7,38.4,39.0,40.4,40.4,40.4,41.3,41.2,41.4,20.2,17.8,22.6,0.359,5.13,0.127,4.67,4.45,5.88,0.105,3.44,2.39,0.0365,0.199,0.353,35.3,27.0,89,28,400,42.7,10.6,4.9,4.9,3.9,4.2,4.5,4.8,4.4,6.3,5.0,9.1,3.2,7.0,116.0,0,0,0,0,0,0
41.0,39.8,42.2,37.2,37.2,37.2,42.3,41.2,43.4,18.9,16.2,21.6,0.36,5.11,0.129,4.75,4.61,5.96,0.107,3.48,2.45,0.0365,0.202,0.371,34.7,26.0,79,24,400,20.6,14.1,5.1,5.9,5.3,4.5,5.6,5.4,5.4,6.6,6.0,10.0,3.3,6.4,104.0,0,0,0,0,0,0
38.7,39.6,37.8,38.5,37.0,40.0,40.5,41.6,39.4,19.1,17.4,20.8,0.372,5.21,0.128,4.87,4.53,5.94,0.108,3.5,2.47,0.0365,0.201,0.366,33.6,26.0,73,23,400,4.2,12.6,5.5,5.8,5.6,4.4,5.0,6.4,5.8,5.3,4.6,9.9,3.6,5.8,84.5,0,0,0,0,0,0
44.6,46.2,43.0,37.7,36.0,39.4,44.0,44.4,43.6,19.1,18.8,19.4,0.395,5.35,0.14,5.02,4.57,6.18,0.115,3.57,2.52,0.0374,0.208,0.37,33.2,25.0,74,22,400,3.7,11.2,6.3,5.1,4.9,5.2,6.1,5.5,5.8,5.6,5.4,10.8,3.7,6.4,85.7,0,0,0,0,0,0
42.0,45.0,39.0,39.7,41.0,38.4,44.0,43.6,44.4,19.5,19.6,19.4,0.396,5.41,0.137,5.05,4.57,6.17,0.12,3.61,2.54,0.0374,0.207,0.38,32.9,25.0,75,23,400,3.4,10.8,5.5,5.9,5.2,4.7,7.0,5.0,5.4,5.8,5.7,10.1,3.5,8.2,86.2,0,0,0,0,0,0
43.2,44.0,42.4,37.9,36.8,39.0,44.2,43.2,45.2,19.3,19.0,19.6,0.412,5.45,0.142,5.16,4.63,6.25,0.122,3.74,2.59,0.0375,0.21,0.379,32.7,25.0,76,24,400,3.6,11.7,5.2,5.6,4.8,5.3,5.4,5.3,4.9,5.6,6.0,10.3,4.5,7.9,86.1,0,0,0,0,0,0
40.4,40.2,40.6,38.3,38.6,38.0,44.1,42.0,46.2,19.3,16.4,22.2,0.413,5.56,0.142,5.23,4.75,6.32,0.12,3.74,2.61,0.0375,0.214,0.382,32.5,25.0,76,23,400,3.5,12.2,4.9,5.1,4.7,5.6,5.7,4.5,6.5,5.4,5.4,12.4,4.3,6.1,86.3,0,0,0,0,0,0
44.4,42.2,46.6,38.2,39.2,37.2,41.6,42.0,41.2,20.2,17.4,23.0,0.42,5.65,0.144,5.29,4.8,6.48,0.119,3.76,2.68,0.0384,0.213,0.403,32.2,24.0,71,23,400,3.8,11.0,5.1,5.4,5.2,4.4,7.6,4.9,7.1,5.5,4.6,12.7,3.2,7.2,87.7,0,0,0,0,0,0
40.6,40.2,41.0,39.3,38.8,39.8,42.4,44.0,40.8,19.6,22.6,16.6,0.432,5.76,0.145,5.38,4.78,6.53,0.123,3.84,2.64,0.0375,0.217,0.4,32.1,24.0,69,23,400,4.4,11.9,5.6,4.4,5.1,4.5,7.4,4.4,5.7,5.8,5.2,10.3,3.2,8.6,86.5,0,0,0,0,0,0
42.2,41.2,43.2,40.9,41.0,40.8,43.3,44.4,42.2,19.0,16.6,21.4,0.437,5.83,0.148,5.56,4.88,6.63,0.126,3.96,2.73,0.0375,0.218,0.406,31.9,24.0,72,22,400,4.2,11.3,5.9,5.1,5.2,5.4,6.3,4.1,4.8,5.0,5.6,9.7,3.7,8.6,84.9,0,0,0,0,0,0
40.5,41.0,40.0,39.3,38.0,40.6,42.8,40.8,44.8,20.0,18.6,21.4,0.443,5.93,0.149,5.67,4.88,6.67,0.127,3.98,2.8,0.0377,0.222,0.407,32.2,24.0,80,23,400,3.6,10.9,6.3,5.1,5.0,6.2,5.6,5.3,5.0,4.6,5.8,9.8,3.6,7.9,84.7,0,0,0,0,0,0
43.3,45.2,41.4,38.2,35.4,41.0,41.9,39.6,44.2,20.2,19.6,20.8,0.467,5.9,0.158,5.71,4.89,6.83,0.131,3.98,2.82,0.0377,0.222,0.413,32.0,24.0,79,22,400,3.0,11.8,6.1,4.0,5.3,5.3,4.8,6.1,5.0,4.8,5.3,9.8,3.5,8.2,83.0,0,0,0,0,0,0
40.0,39.2,40.8,38.4,36.4,40.4,43.4,41.4,45.4,19.1,20.6,17.6,0.471,5.91,0.156,5.83,4.92,7.0,0.132,4.12,2.85,0.0377,0.223,0.419,32.1,24.0,75,22,400,3.5,11.9,6.0,3.9,5.5,5.0,5.5,6.6,5.8,5.3,7.0,11.3,4.0,6.9,88.2,0,0,0,0,0,0
44.6,46.8,42.4,40.5,39.8,41.2,44.8,45.6,44.0,19.6,17.4,21.8,0.474,6.02,0.16,5.9,5.0,6.97,0.136,4.1,2.91,0.0377,0.227,0.421,32.1,24.0,81,25,400,4.1,12.8,6.2,4.8,5.7,5.6,5.8,6.4,5.7,5.4,6.9,12.7,4.1,6.4,92.6,0,0,0,0,0,0
40.8,43.2,38.4,38.0,35.2,40.8,43.7,45.6,41.8,20.9,19.2,22.6,0.494,6.08,0.163,5.89,5.1,7.1,0.14,4.22,2.95,0.0387,0.23,0.429,32.3,24.0,86,25,400,4.0,11.2,5.4,5.5,5.9,4.7,5.9,5.1,5.1,5.0,6.3,12.3,4.1,7.6,88.1,0,0,0,0,0,0
45.2,43.8,46.6,38.7,39.0,38.4,43.5,43.8,43.2,20.1,18.0,22.2,0.512,6.26,0.172,6.17,5.28,7.52,0.151,4.34,3.03,0.0387,0.238,0.458,32.4,24.0,86,24,400,4.3,10.6,5.7,5.5,5.6,4.6,5.3,5.1,5.1,5.4,6.6,11.0,4.1,7.4,86.3,0,0,0,0,0,0
41.6,43.0,40.2,39.3,40.0,38.6,44.3,43.2,45.4,19.3,19.6,19.0,0.553,6.68,0.182,6.49,5.62,7.91,0.159,4.59,3.27,0.0376,0.248,0.48,32.4,24.0,76,25,400,4.4,11.3,6.4,5.9,6.1,5.0,4.5,4.9,4.9,6.2,5.5,11.5,4.5,7.7,88.8,0,0,0,0,0,0
44.6,44.0,45.2,32.9,34.4,31.4,42.8,43.4,42.2,20.5,18.4,22.6,0.578,6.96,0.186,6.9,5.89,8.25,0.165,4.82,3.42,0.0376,0.256,0.512,32.4,24.0,74,25,400,3.9,9.4,6.2,6.3,5.7,5.1,5.1,5.4,6.0,5.6,5.0,12.4,4.4,7.9,88.4,0,0,0,0,0,0
49.1,50.4,47.8,29.4,31.4,27.4,55.8,55.0,56.6,18.8,18.2,19.4,0.135,2.02,0.0668,1.86,1.7,2.38,0.0425,1.28,0.975,0.0354,0.115,0.148,37.3,28.0,75,25,200,46.5,8.5,6.0,4.5,2.0,3.0,4.0,3.0,2.0,1.5,4.0,7.5,3.5,3.5,99.5,0,0,0,0,0,0
30.0,28.2,31.8,30.9,31.4,30.4,31.2,29.4,33.0,20.6,20.4,20.8,0.145,2.22,0.0683,1.99,1.79,2.48,0.0452,1.33,0.994,0.0375,0.117,0.153,34.3,25.0,74,24,200,31.4,7.14,3.0,3.57,2.0,3.0,3.86,2.29,3.43,3.29,3.14,6.43,2.14,3.71,78.4,0,0,0,0,0,0
33.7,30.6,36.8,30.0,29.8,30.2,32.0,30.6,33.4,19.1,19.4,18.8,0.15,2.31,0.0708,2.1,1.86,2.56,0.0464,1.46,1.06,0.0356,0.12,0.159,32.5,24.0,62,20,200,13.5,6.4,2.2,2.6,2.5,2.7,3.6,2.8,3.9,3.4,2.0,6.5,1.7,3.7,57.5,0,0,0,0,0,0
30.3,29.4,31.2,29.7,30.2,29.2,32.2,31.4,33.0,18.4,15.0,21.8,0.144,2.38,0.0683,2.17,1.89,2.66,0.0459,1.48,1.08,0.0368,0.122,0.161,31.5,24.0,62,20,200,2.3,5.8,3.1,2.5,2.5,2.3,2.4,3.0,3.4,2.8,2.4,5.9,1.4,3.4,43.2,0,0,0,0,0,0
33.9,33.6,34.2,29.7,27.0,32.4,33.3,33.4,33.2,19.0,18.2,19.8,0.15,2.45,0.0733,2.25,2.04,2.73,0.0493,1.55,1.13,0.0367,0.125,0.172,30.5,23.0,61,20,200,2.8,4.9,3.4,3.0,2.0,2.5,2.5,2.6,3.6,2.3,2.9,4.3,1.4,3.2,41.4,0,0,0,0,0,0
32.5,30.6,34.4,28.4,24.8,32.0,31.8,32.2,31.4,18.9,21.0,16.8,0.17,2.54,0.0764,2.3,2.09,2.85,0.0535,1.6,1.17,0.0356,0.128,0.175,30.1,23.0,62,21,200,2.5,4.9,3.0,2.3,2.5,2.3,2.9,2.7,4.2,2.0,2.5,4.9,1.9,3.9,42.5,0,0,0,0,0,0
33.9,34.8,33.0,29.4,27.8,31.0,33.9,34.4,33.4,19.4,21.2,17.6,0.185,2.65,0.0809,2.41,2.17,2.97,0.0601,1.68,1.21,0.0374,0.13,0.185,29.5,23.0,59,21,200,2.2,5.4,2.9,2.3,2.9,2.1,2.2,2.8,2.8,2.7,2.9,5.8,2.1,3.7,42.8,0,0,0,0,0,0
31.4,28.0,34.8,30.9,28.2,33.6,30.7,27.6,33.8,20.4,19.4,21.4,0.198,2.71,0.0838,2.5,2.24,3.05,0.0586,1.73,1.27,0.0355,0.133,0.197,29.2,22.0,59,20,200,2.2,6.1,3.0,2.9,2.3,3.0,2.8,2.5,1.8,2.8,3.3,5.9,2.2,2.6,43.4,0,0,0,0,0,0
31.3,28.0,34.6,30.1,33.6,26.6,32.6,29.8,35.4,19.0,20.6,17.4,0.196,2.72,0.0837,2.53,2.35,3.15,0.0626,1.82,1.29,0.0374,0.135,0.203,28.8,22.0,64,20,200,2.2,6.3,2.3,2.4,1.7,3.6,3.7,2.3,2.7,2.6,3.2,5.9,2.2,3.0,44.1,0,0,0,0,0,0
32.4,33.8,31.0,29.3,30.4,28.2,33.1,31.0,35.2,19.0,21.8,16.2,0.201,2.83,0.0833,2.57,2.45,3.2,0.06,1.85,1.36,0.0375,0.137,0.212,28.6,22.0,61,20,200,2.3,6.3,2.8,2.0,2.0,3.0,2.8,2.8,2.4,3.1,3.0,4.7,1.8,3.6,42.6,0,0,0,0,0,0
32.4,29.4,35.4,30.9,32.2,29.6,34.5,31.8,37.2,20.0,19.6,20.4,0.201,2.95,0.087,2.7,2.51,3.32,0.0632,1.89,1.37,0.0367,0.138,0.216,28.4,22.0,61,20,200,2.3,7.8,2.8,2.1,2.7,2.9,2.0,3.2,2.1,3.0,2.9,4.0,1.3,3.8,42.9,0,0,0,0,0,0
32.1,35.2,29.0,30.2,26.4,34.0,31.3,31.8,30.8,19.2,20.4,18.0,0.223,3.05,0.0875,2.76,2.57,3.43,0.0646,1.98,1.4,0.0368,0.142,0.223,28.4,22.0,62,21,200,1.8,7.5,2.1,2.4,3.2,2.7,2.6,3.0,1.7,2.7,3.4,5.2,2.0,3.9,44.2,0,0,0,0,0,0
33.3,31.2,35.4,31.7,34.0,29.4,34.1,32.2,36.0,17.8,18.6,17.0,0.239,3.14,0.0931,2.91,2.64,3.49,0.083,2.03,1.46,0.0368,0.146,0.223,28.3,22.0,62,21,200,1.4,5.9,2.7,2.7,3.5,2.3,2.2,2.8,1.9,3.0,3.3,5.7,2.1,3.4,42.9,0,0,0,0,0,0
31.6,29.2,34.0,29.7,28.8,30.6,34.4,33.2,35.6,20.4,20.0,20.8,0.243,3.22,0.0912,2.97,2.74,3.65,0.0841,2.15,1.51,0.0379,0.149,0.229,28.1,22.0,63,21,200,0.9,5.5,3.0,2.9,3.3,3.7,2.0,2.5,3.0,3.1,2.6,4.8,1.5,3.4,42.2,0,0,0,0,0,0
33.8,34.2,33.4,30.9,34.4,27.4,33.6,32.8,34.4,18.4,21.0,15.8,0.251,3.29,0.0925,3.05,2.79,3.68,0.0857,2.17,1.57,0.038,0.15,0.24,28.1,21.0,67,20,200,1.1,5.6,3.6,2.6,2.5,4.1,3.0,2.3,2.7,3.2,2.4,6.0,1.6,4.0,44.7,0,0,0,0,0,0
31.9,32.6,31.2,29.2,29.6,28.8,30.4,33.0,27.8,19.0,21.2,16.8,0.251,3.34,0.0956,3.12,2.87,3.79,0.086,2.25,1.6,0.0369,0.154,0.248,28.0,21.0,62,20,200,2.2,6.1,3.6,3.7,1.9,2.9,3.1,3.0,1.9,2.7,2.2,6.2,1.7,4.0,45.2,0,0,0,0,0,0
33.3,30.2,36.4,30.2,29.0,31.4,33.7,33.6,33.8,19.1,20.0,18.2,0.261,3.45,0.0977,3.22,2.98,3.94,0.088,2.28,1.63,0.0379,0.155,0.253,27.9,21.0,71,21,200,1.9,5.6,3.2,4.3,2.5,2.1,2.8,2.5,2.0,2.4,2.7,5.6,2.2,4.0,43.8,0,0,0,0,0,0
31.4,33.6,29.2,32.2,31.4,33.0,32.3,29.8,34.8,19.6,19.4,19.8,0.271,3.58,0.101,3.4,3.09,4.1,0.0916,2.43,1.73,0.037,0.161,0.269,28.0,21.0,72,21,200,1.3,5.6,3.0,3.1,2.6,2.4,3.0,2.2,2.7,2.5,2.8,5.7,2.2,3.5,42.6,0,0,0,0,0,0
34.1,35.0,33.2,30.0,30.2,29.8,34.5,36.0,33.0,18.7,18.8,18.6,0.292,3.76,0.106,3.6,3.31,4.37,0.0964,2.59,1.82,0.0379,0.166,0.287,28.0,21.0,69,22,200,1.4,6.4,3.1,2.1,2.2,2.9,2.7,2.6,4.0,2.1,3.3,6.1,1.7,3.3,43.9,0,0,0,0,0,0
30.5,29.0,32.0,22.9,22.8,23.0,32.1,36.2,28.0,19.8,22.0,17.6,0.3,3.97,0.109,3.75,3.47,4.56,0.1,2.72,1.92,0.0362,0.173,0.296,28.0,21.0,69,21,200,1.6,6.9,3.3,1.9,2.5,2.8,2.9,2.5,4.2,2.7,3.4,6.4,1.8,3.9,46.8,0,0,0,0,0,0
44.4,45.8,43.0,32.7,33.4,32.0,51.8,51.6,52.0,19.2,20.0,18.4,0.271,3.7,0.1,3.43,3.09,4.21,0.0909,2.38,1.68,0.0371,0.159,0.262,46.2,35.0,110,34,300,46.7,10.0,2.17,2.83,3.17,4.17,3.83,4.83,4.17,2.5,4.0,8.67,2.0,6.67,106.0,0,0,0,0,0,0
36.6,38.4,34.8,32.6,32.8,32.4,36.9,35.4,38.4,18.9,16.6,21.2,0.269,3.72,0.101,3.49,3.15,4.28,0.0911,2.45,1.7,0.0373,0.16,0.27,41.0,30.0,100,32,300,31.2,10.4,2.9,3.7,3.3,4.7,3.6,4.2,3.9,3.1,4.2,8.1,2.3,6.1,91.7,0,0,0,0,0,0
36.9,37.2,36.6,33.8,33.0,34.6,38.3,37.4,39.2,20.5,18.0,23.0,0.266,3.78,0.0995,3.49,3.23,4.36,0.0912,2.49,1.77,0.0364,0.16,0.272,38.3,28.0,65,21,300,7.3,8.6,3.7,5.3,4.6,4.5,3.8,4.1,3.7,3.0,4.0,7.7,2.7,5.2,68.2,0,0,0,0,0,0
39.2,37.6,40.8,34.8,34.8,34.8,38.8,39.0,38.6,18.9,19.4,18.4,0.275,3.94,0.101,3.56,3.37,4.45,0.0937,2.53,1.8,0.0383,0.165,0.275,36.6,27.0,67,23,300,3.4,8.1,4.3,4.4,4.9,3.8,4.1,3.9,4.3,3.0,4.0,8.1,2.8,7.0,66.1,0,0,0,0,0,0
39.6,36.4,42.8,33.6,35.8,31.4,46.3,46.0,46.6,19.3,23.4,15.2,0.287,4.09,0.104,3.75,3.41,4.65,0.0971,2.61,1.81,0.0374,0.489,0.286,35.4,26.0,68,23,300,4.0,8.4,4.2,2.8,4.1,3.7,3.4,3.2,3.8,4.4,3.2,8.3,3.1,7.3,63.9,0,0,0,0,0,0
38.0,39.4,36.6,35.1,32.0,38.2,39.4,40.2,38.6,19.3,18.8,19.8,0.298,4.16,0.109,3.82,3.56,4.79,0.105,2.71,1.87,0.0365,0.493,0.291,34.6,26.0,70,22,300,3.6,9.8,3.7,4.0,3.9,4.4,3.8,3.0,3.9,4.9,3.5,9.2,3.1,6.7,67.5,0,0,0,0,0,0
38.1,38.0,38.2,33.9,34.8,33.0,38.7,40.2,37.2,21.4,21.2,21.6,0.318,4.2,0.11,3.88,3.67,4.81,0.103,2.76,1.95,0.0375,0.496,0.299,33.9,25.0,70,22,300,2.9,10.3,3.7,4.7,4.2,4.1,4.6,2.6,3.6,5.1,4.5,8.8,2.9,6.7,68.7,0,0,0,0,0,0
37.0,40.2,33.8,35.0,36.4,33.6,36.5,37.6,35.4,18.3,18.2,18.4,0.315,4.27,0.118,3.95,3.71,4.91,0.111,2.77,1.98,0.0373,0.497,0.309,33.3,25.0,67,22,300,2.6,8.8,4.2,4.6,4.3,3.3,5.1,3.5,4.1,4.4,4.3,7.4,2.5,7.0,66.1,0,0,0,0,0,0
37.4,36.8,38.0,35.3,36.0,34.6,37.8,38.4,37.2,20.3,21.2,19.4,0.323,4.31,0.117,3.94,3.8,5.0,0.0951,2.91,2.03,0.0365,0.497,0.308,33.0,25.0,68,23,300,2.2,8.3,4.7,4.0,3.8,3.2,5.7,3.5,5.0,3.2,3.7,7.8,3.3,6.5,64.9,0,0,0,0,0,0
35.3,35.8,34.8,35.5,35.8,35.2,36.2,35.4,37.0,19.5,18.8,20.2,0.332,4.34,0.121,4.01,3.85,5.04,0.0975,2.89,2.04,0.0365,0.497,0.318,32.4,24.0,63,22,300,3.1,8.1,3.6,4.5,4.0,3.6,5.1,4.0,4.4,3.3,3.8,7.7,3.2,5.0,63.4,0,0,0,0,0,0
40.0,38.0,42.0,34.3,35.2,33.4,36.8,36.6,37.0,19.0,21.8,16.2,0.334,4.39,0.124,4.06,4.02,5.23,0.0989,2.99,2.07,0.0366,0.5,0.319,32.0,24.0,64,20,300,3.0,8.7,3.2,5.7,3.9,4.3,3.9,5.0,3.1,3.8,4.7,8.0,2.8,4.5,64.6,0,0,0,0,0,0
36.8,36.0,37.6,34.0,34.8,33.2,37.3,36.8,37.8,19.6,18.8,20.4,0.351,4.55,0.124,4.15,4.04,5.29,0.102,3.02,2.1,0.0373,0.503,0.319,31.8,24.0,69,21,300,2.7,8.1,4.5,4.7,3.9,4.6,3.8,4.2,3.0,3.8,5.8,8.8,3.2,5.2,66.3,0,0,0,0,0,0
38.2,39.6,36.8,33.4,33.8,33.0,38.7,39.0,38.4,19.8,15.4,24.2,0.341,4.54,0.124,4.19,4.09,5.37,0.101,3.06,2.17,0.0375,0.506,0.326,31.7,24.0,73,22,300,3.2,7.3,5.2,3.8,4.1,4.9,3.7,4.2,3.9,3.2,5.5,7.3,2.1,5.9,64.3,0,0,0,0,0,0
36.3,34.4,38.2,35.6,37.4,33.8,36.8,38.8,34.8,19.4,19.6,19.2,0.352,4.75,0.125,4.17,4.23,5.48,0.104,3.14,2.18,0.0377,0.508,0.332,31.5,23.0,73,21,300,3.6,6.9,4.8,3.7,4.9,4.9,3.4,4.9,3.7,3.7,3.2,7.7,2.4,6.1,63.9,0,0,0,0,0,0
37.0,35.2,38.8,34.3,33.6,35.0,36.2,36.6,35.8,18.9,22.2,15.6,0.359,4.8,0.127,4.23,4.27,5.47,0.106,3.18,2.27,0.0378,0.51,0.333,31.3,23.0,71,21,300,3.8,8.8,3.1,4.0,4.7,4.8,3.2,4.4,3.7,4.8,3.1,7.7,2.9,4.8,63.8,0,0,0,0,0,0
38.4,37.6,39.2,35.5,33.4,37.6,36.3,36.6,36.0,19.2,15.8,22.6,0.366,4.84,0.128,4.36,4.32,5.6,0.106,3.19,2.26,0.0378,0.511,0.34,31.1,23.0,63,21,300,3.2,10.6,2.8,3.8,4.0,3.9,2.9,4.1,3.8,4.7,5.3,7.3,2.3,4.5,63.2,0,0,0,0,0,0
37.6,37.0,38.2,34.6,33.8,35.4,36.7,38.8,34.6,19.1,22.0,16.2,0.386,5.06,0.134,4.56,4.58,5.87,0.113,3.4,2.39,0.0369,0.52,0.367,31.1,23.0,66,22,300,3.5,9.8,3.9,3.5,4.1,3.3,3.7,4.5,3.7,3.8,4.8,8.3,2.3,5.3,64.5,0,0,0,0,0,0
38.7,39.0,38.4,35.1,34.0,36.2,38.1,36.6,39.6,19.4,19.4,19.4,0.407,5.34,0.141,4.76,4.91,6.19,0.118,3.61,2.53,0.0387,0.526,0.387,31.0,23.0,72,24,300,4.0,10.3,3.7,4.0,3.7,4.4,4.6,4.2,4.3,3.6,3.7,7.9,2.5,4.9,65.8,0,0,0,0,0,0
37.3,33.6,41.0,26.6,25.0,28.2,37.3,37.0,37.6,20.2,21.0,19.4,0.435,5.57,0.146,5.04,5.15,6.51,0.127,3.79,2.65,0.0379,0.535,0.405,31.0,23.0,71,24,300,3.6,9.5,3.4,4.5,3.7,5.0,4.2,4.2,4.7,4.2,4.1,8.4,3.1,4.6,67.2,0,0,0,0,0,0
37.4,37.6,37.2,38.4,39.0,37.8,44.0,43.6,44.4,19.0,15.6,22.4,0.39,5.06,0.135,4.55,4.64,5.68,0.11,3.43,2.4,0.0369,0.197,0.348,39.2,29.0,100,32,400,43.1,10.0,4.9,4.6,4.6,5.1,6.0,4.8,4.2,4.1,5.4,9.7,3.0,6.5,116.0,0,0,0,0,0,0
45.3,45.6,45.0,39.1,36.8,41.4,42.0,42.8,41.2,19.6,22.8,16.4,0.398,5.17,0.137,4.61,4.63,5.81,0.109,3.41,2.45,0.0379,0.197,0.357,37.1,28.0,93,25,400,21.6,9.9,5.9,6.6,5.6,5.5,6.6,6.3,4.8,4.7,5.2,10.5,3.8,6.2,103.0,0,0,0,0,0,0
39.8,39.4,40.2,40.6,42.0,39.2,41.2,38.8,43.6,20.2,18.0,22.4,0.391,5.23,0.139,4.6,4.66,5.97,0.113,3.44,2.45,0.0379,0.199,0.358,36.3,27.0,75,24,400,3.7,9.2,5.9,6.1,5.9,5.6,6.3,5.2,5.3,4.8,5.3,11.5,3.6,6.8,85.2,0,0,0,0,0,0
42.8,45.0,40.6,37.9,37.4,38.4,43.6,43.2,44.0,19.0,16.6,21.4,0.393,5.31,0.135,4.78,4.74,5.99,0.112,3.59,2.49,0.0388,0.206,0.353,35.9,27.0,81,24,400,3.1,10.0,5.3,5.3,5.6,5.9,7.5,4.4,6.0,5.2,6.2,12.1,3.1,8.2,87.9,0,0,0,0,0,0
42.7,44.4,41.0,39.9,39.8,40.0,42.3,41.8,42.8,20.7,20.0,21.4,0.407,5.36,0.138,4.76,4.85,6.18,0.121,3.59,2.56,0.0387,0.207,0.377,35.3,27.0,80,24,400,2.6,10.6,4.9,5.9,5.3,6.1,5.7,5.2,6.3,5.0,6.0,11.2,3.6,8.3,86.7,0,0,0,0,0,0
43.5,42.6,44.4,37.1,35.6,38.6,42.2,41.0,43.4,20.1,21.0,19.2,0.411,5.52,0.14,4.88,4.92,6.24,0.124,3.7,2.61,0.0378,0.211,0.379,35.2,27.0,80,25,400,2.6,11.7,5.4,7.0,5.5,5.4,4.9,5.8,6.4,4.7,5.3,11.9,4.2,9.0,89.8,0,0,0,0,0,0
43.6,44.0,43.2,37.8,36.0,39.6,43.4,43.8,43.0,19.2,21.4,17.0,0.415,5.68,0.143,5.0,5.01,6.38,0.125,3.68,2.68,0.0377,0.213,0.384,34.8,26.0,78,25,400,3.8,10.6,5.5,5.9,5.7,5.1,6.4,5.5,6.8,5.3,4.9,12.4,3.5,8.5,89.9,0,0,0,0,0,0
42.1,45.0,39.2,39.9,40.0,39.8,40.5,42.0,39.0,20.6,18.0,23.2,0.424,5.62,0.146,5.05,5.03,6.45,0.128,3.82,2.73,0.0379,0.214,0.396,34.7,26.0,77,25,400,4.2,11.2,5.7,5.0,5.5,4.9,6.3,6.0,7.0,5.0,5.4,12.7,3.9,7.9,90.7,0,0,0,0,0,0
43.9,43.8,44.0,39.1,38.6,39.6,43.3,42.6,44.0,19.4,19.6,19.2,0.444,5.83,0.15,5.08,5.13,6.6,0.135,3.86,2.71,0.0368,0.215,0.404,34.5,26.0,79,25,400,3.8,11.3,6.1,6.0,4.9,6.0,5.8,5.2,5.8,4.9,5.4,10.6,4.3,8.5,88.6,0,0,0,0,0,0
43.7,44.2,43.2,40.3,40.8,39.8,41.9,42.4,41.4,19.2,22.0,16.4,0.462,5.84,0.155,5.27,5.25,6.62,0.141,3.91,2.79,0.0367,0.221,0.403,34.3,26.0,76,25,400,3.6,11.0,5.8,5.5,5.4,6.2,6.5,4.8,5.0,4.6,5.1,9.8,3.7,7.8,84.8,0,0,0,0,0,0
42.6,44.6,40.6,36.7,35.8,37.6,42.1,42.0,42.2,19.1,22.6,15.6,0.459,5.89,0.154,5.35,5.33,6.85,0.14,3.96,2.82,0.0367,0.223,0.411,34.1,26.0,78,24,400,3.3,12.1,6.1,5.7,6.9,5.7,5.8,5.9,5.5,3.7,5.2,11.5,4.0,6.1,87.5,0,0,0,0,0,0
43.8,45.2,42.4,39.9,41.8,38.0,43.9,39.6,48.2,20.2,21.4,19.0,0.471,5.94,0.16,5.34,5.42,6.94,0.145,4.1,2.9,0.0386,0.226,0.424,34.0,26.0,78,25,400,3.6,11.7,6.1,5.5,5.8,5.7,5.0,4.7,5.4,5.4,5.6,11.1,3.6,6.0,85.2,0,0,0,0,0,0
43.4,45.0,41.8,39.1,41.0,37.2,41.7,40.0,43.4,19.2,20.0,18.4,0.494,6.04,0.163,5.4,5.46,7.08,0.148,4.11,2.93,0.0377,0.225,0.42,33.8,26.0,75,26,400,3.8,11.0,5.7,5.5,4.9,5.5,6.0,4.1,6.0,6.5,5.7,12.5,4.4,7.4,89.0,0,0,0,0,0,0
44.7,45.2,44.2,37.6,35.0,40.2,42.1,41.2,43.0,19.7,21.0,18.4,0.495,6.02,0.16,5.59,5.41,7.08,0.15,4.14,2.96,0.0377,0.23,0.435,33.5,26.0,72,22,400,2.9,10.9,5.7,5.1,5.5,4.7,5.6,5.7,7.0,5.3,5.8,11.9,4.6,7.5,88.2,0,0,0,0,0,0
42.2,40.2,44.2,41.1,42.8,39.4,43.6,43.0,44.2,19.1,21.0,17.2,0.498,6.14,0.167,5.62,5.52,7.15,0.154,4.25,3.05,0.0375,0.233,0.452,33.3,25.0,71,22,400,3.2,12.4,5.4,4.6,5.4,4.7,4.9,6.7,6.3,5.3,5.5,11.1,3.8,6.9,86.2,0,0,0,0,0,0
45.2,44.4,46.0,36.5,35.6,37.4,43.5,44.0,43.0,20.4,19.2,21.6,0.53,6.42,0.173,5.85,5.81,7.52,0.16,4.35,3.14,0.0376,0.241,0.468,33.3,25.0,74,23,400,3.6,12.5,5.8,5.5,6.0,4.9,5.8,5.8,4.8,5.4,6.8,12.6,4.7,6.7,90.9,0,0,0,0,0,0
42.5,39.8,45.2,40.7,38.8,42.6,42.2,43.0,41.4,19.2,15.2,23.2,0.551,6.72,0.182,6.19,6.12,8.0,0.169,4.63,3.35,0.0376,0.252,0.495,33.1,25.0,73,23,400,3.9,10.9,4.9,6.0,5.9,4.9,6.3,5.3,4.2,5.4,6.7,11.1,3.8,7.0,86.3,0,0,0,0,0,0
45.3,46.0,44.6,33.5,36.0,31.0,44.9,46.0,43.8,19.3,16.4,22.2,0.592,7.11,0.192,6.54,6.44,8.44,0.18,4.9,3.49,0.0385,0.264,0.523,33.2,25.0,75,24,400,4.4,11.1,4.5,5.7,6.1,5.0,5.4,6.0,6.0,6.0,4.8,11.7,3.3,7.1,87.1,0,0,0,0,0,0
45.7,46.6,44.8,29.9,32.0,27.8,56.0,56.0,56.0,21.2,18.8,23.6,0.13,2.08,0.067,1.85,1.73,2.3,0.0409,1.32,0.959,0.0362,0.115,0.141,35.1,29.0,75,26,200,49.0,6.5,4.0,3.5,4.0,1.5,3.5,2.5,4.0,3.5,5.0,9.5,2.0,7.5,106.0,0,0,0,0,0,0
32.5,33.6,31.4,30.2,28.8,31.6,31.4,32.4,30.4,18.6,15.9,21.3,0.129,2.23,0.0677,1.98,1.77,2.37,0.0424,1.36,0.996,0.0361,0.117,0.151,32.3,25.0,69,23,200,30.7,6.29,3.57,3.14,3.43,2.29,3.0,2.29,3.0,3.57,3.71,6.29,1.43,5.57,78.3,0,0,0,0,0,0
33.3,33.6,33.0,29.1,25.8,32.4,34.5,34.0,35.0,20.5,18.1,22.9,0.139,2.28,0.0694,2.08,1.89,2.48,0.0435,1.42,1.04,0.0378,0.12,0.16,30.8,24.0,66,19,200,12.5,6.2,2.6,3.4,2.6,2.8,2.8,2.3,2.6,2.8,3.0,5.1,1.4,4.4,54.5,0,0,0,0,0,0
31.7,33.6,29.8,30.9,33.8,28.0,33.9,34.6,33.2,17.9,14.8,21.0,0.141,2.39,0.0691,2.16,1.89,2.55,0.0452,1.48,1.1,0.0379,0.122,0.167,29.5,23.0,57,20,200,1.8,6.1,2.2,3.3,2.3,2.7,2.8,2.4,2.6,1.5,3.1,5.7,1.6,3.9,42.0,0,0,0,0,0,0
33.1,33.2,33.0,30.4,29.6,31.2,34.6,36.4,32.8,19.2,15.8,22.6,0.154,2.45,0.0751,2.29,2.03,2.72,0.0491,1.56,1.14,0.036,0.125,0.176,29.5,23.0,65,20,200,2.2,5.2,2.4,3.1,3.4,2.6,2.9,2.5,2.0,2.1,3.5,6.4,1.9,3.7,43.9,0,0,0,0,0,0
32.7,34.6,30.8,31.0,32.4,29.6,32.9,32.0,33.8,19.4,16.8,22.0,0.161,2.57,0.0779,2.32,2.1,2.81,0.0497,1.59,1.16,0.0371,0.127,0.183,29.2,22.0,66,21,200,2.1,5.5,1.8,2.8,3.3,2.7,3.2,3.3,1.8,2.7,3.1,5.6,1.8,4.3,44.0,0,0,0,0,0,0
31.2,32.4,30.0,28.7,27.2,30.2,35.9,32.6,39.2,19.8,17.8,21.8,0.165,2.66,0.0794,2.5,2.1,2.89,0.05,1.65,1.22,0.0379,0.131,0.193,29.1,22.0,63,20,200,1.9,6.5,1.6,2.6,2.5,2.7,2.9,3.4,2.6,2.2,3.0,5.6,1.4,4.3,43.2,0,0,0,0,0,0
33.0,30.8,35.2,29.6,29.3,29.9,35.0,34.8,35.2,18.4,22.6,14.2,0.191,2.76,0.0834,2.56,2.2,3.03,0.055,1.74,1.24,0.0381,0.135,0.198,28.9,22.0,67,20,200,2.0,6.8,1.9,2.0,2.5,3.0,2.0,3.0,2.6,2.2,3.3,5.7,1.8,3.7,42.5,0,0,0,0,0,0
33.6,33.6,33.6,29.0,27.1,30.9,34.4,37.2,31.6,20.9,18.0,23.8,0.199,2.88,0.0837,2.68,2.26,3.14,0.0584,1.76,1.3,0.0363,0.141,0.205,28.9,22.0,67,21,200,1.7,6.8,2.6,2.4,3.5,2.2,2.0,2.5,2.5,2.1,3.4,5.8,2.6,4.1,44.2,0,0,0,0,0,0
31.0,28.4,33.6,31.5,28.4,34.6,31.9,30.0,33.8,19.1,18.2,20.0,0.196,2.97,0.0839,2.8,2.33,3.18,0.0578,1.87,1.34,0.0373,0.144,0.21,28.7,22.0,66,22,200,1.3,6.3,2.3,4.2,3.8,2.2,2.7,2.4,3.1,2.0,3.4,6.2,2.2,4.5,46.6,0,0,0,0,0,0
35.0,33.4,36.6,30.2,33.0,27.4,36.0,33.8,38.2,19.4,23.8,15.0,0.205,3.05,0.0874,2.93,2.42,3.32,0.0627,1.92,1.37,0.0383,0.148,0.219,28.7,22.0,64,20,200,1.6,5.5,1.7,3.2,3.9,2.8,2.9,2.7,3.7,1.7,3.3,5.8,1.5,3.8,44.1,0,0,0,0,0,0
32.4,33.2,31.6,29.6,32.4,26.8,33.6,35.6,31.6,20.3,22.2,18.4,0.221,3.13,0.0909,3.04,2.41,3.44,0.0647,2.02,1.42,0.0383,0.151,0.226,28.8,22.0,72,21,200,1.7,5.9,2.8,1.7,4.0,2.6,3.2,2.6,3.2,2.3,3.0,6.5,2.4,3.2,45.1,0,0,0,0,0,0
32.9,34.2,31.6,30.7,32.4,29.0,32.8,28.8,36.8,20.3,20.4,20.2,0.228,3.17,0.091,3.14,2.51,3.51,0.0655,2.03,1.48,0.0374,0.154,0.23,28.8,22.0,72,21,200,1.6,5.9,3.5,2.4,3.0,3.2,3.0,3.0,2.2,2.3,2.2,5.6,2.3,3.2,43.4,0,0,0,0,0,0
32.7,31.0,34.4,30.7,29.4,32.0,34.4,34.2,34.6,18.6,18.0,19.2,0.238,3.29,0.0943,3.19,2.58,3.6,0.0679,2.11,1.49,0.0364,0.158,0.242,28.7,22.0,65,22,200,2.1,4.8,3.0,4.0,2.5,3.3,2.3,2.9,2.6,1.5,2.2,4.7,1.5,4.1,41.5,0,0,0,0,0,0
33.3,34.8,31.8,30.8,29.2,32.4,31.5,28.6,34.4,18.9,19.2,18.6,0.252,3.39,0.0967,3.3,2.67,3.72,0.0716,2.18,1.55,0.0381,0.162,0.245,28.7,22.0,65,22,200,1.9,5.3,2.9,4.0,2.1,2.4,2.7,2.3,3.2,1.9,2.2,5.9,2.0,4.3,43.1,0,0,0,0,0,0
31.0,30.2,31.8,31.3,29.8,32.8,33.7,36.4,31.0,18.6,19.4,17.8,0.261,3.4,0.0994,3.39,2.67,3.79,0.0739,2.22,1.6,0.0371,0.162,0.25,28.5,22.0,63,20,200,1.2,5.3,3.6,2.7,2.4,2.0,2.8,2.2,3.8,1.7,2.5,5.4,2.0,4.0,41.6,0,0,0,0,0,0
33.6,33.4,33.8,30.5,33.0,28.0,33.4,30.8,36.0,20.3,19.4,21.2,0.268,3.51,0.102,3.48,2.79,3.91,0.0767,2.27,1.64,0.0382,0.164,0.26,28.5,22.0,65,20,200,1.4,6.3,3.7,2.6,2.4,2.2,2.4,2.9,3.5,1.4,2.5,4.7,2.0,4.6,42.6,0,0,0,0,0,0
31.2,28.4,34.0,31.6,31.6,31.6,32.5,30.4,34.6,18.0,16.6,19.4,0.29,3.64,0.107,3.64,2.95,4.13,0.0811,2.4,1.74,0.0382,0.171,0.273,28.4,22.0,65,20,200,2.1,8.2,2.5,3.2,2.2,2.4,2.4,2.9,2.8,2.3,2.1,5.6,2.3,3.8,44.8,0,0,0,0,0,0
32.6,33.4,31.8,31.4,28.6,34.2,34.3,33.8,34.8,20.5,18.4,22.6,0.303,3.9,0.112,3.85,3.09,4.35,0.0847,2.56,1.84,0.0383,0.176,0.29,28.3,21.0,69,19,200,2.5,6.5,2.2,3.0,2.4,2.3,2.1,3.2,3.2,3.0,2.9,5.2,1.8,3.8,44.1,0,0,0,0,0,0
31.7,30.4,33.0,22.7,23.0,22.4,33.0,36.0,30.0,18.8,22.2,15.4,0.33,4.09,0.116,4.07,3.24,4.53,0.0909,2.7,1.94,0.0383,0.182,0.303,28.3,21.0,69,21,200,2.6,5.1,3.5,2.5,2.6,2.8,1.5,3.2,3.4,2.8,2.7,5.6,2.3,3.8,44.4,0,0,0,0,0,0
42.7,40.8,44.6,34.1,35.0,33.2,49.4,48.0,50.8,19.1,22.4,15.8,0.31,3.9,0.111,3.67,2.93,4.13,0.0853,2.4,1.7,0.0374,0.17,0.274,39.1,31.0,90,30,300,50.3,9.83,2.83,2.83,3.67,4.33,4.33,6.33,4.0,4.67,4.5,8.5,3.5,6.17,116.0,0,0,0,0,0,0
37.8,36.8,38.8,33.3,35.2,31.4,36.7,37.8,35.6,19.9,19.6,20.2,0.32,3.95,0.112,3.75,3.02,4.23,0.0871,2.47,1.77,0.0383,0.175,0.275,36.7,29.0,88,29,300,29.2,10.1,3.6,3.4,4.2,4.2,3.8,4.6,3.2,4.7,4.6,9.1,3.3,5.7,93.7,0,0,0,0,0,0
38.2,37.2,39.2,35.2,31.4,39.0,37.3,36.6,38.0,19.9,15.8,24.0,0.323,3.97,0.114,3.75,3.21,4.38,0.0908,2.5,1.78,0.0374,0.173,0.279,34.4,27.0,66,21,300,5.5,7.8,4.4,3.8,4.6,4.2,3.4,3.9,3.2,4.6,3.5,8.7,2.7,5.6,65.9,0,0,0,0,0,0
36.7,35.6,37.8,35.8,36.0,35.6,40.3,41.0,39.6,20.7,23.6,17.8,0.312,4.02,0.115,3.86,3.26,4.35,0.091,2.59,1.85,0.0372,0.177,0.287,33.6,26.0,65,22,300,3.5,7.1,4.4,4.0,4.8,4.2,4.0,4.2,4.7,3.9,3.4,8.6,2.8,5.5,65.1,0,0,0,0,0,0
39.2,38.0,40.4,33.3,31.8,34.8,47.1,44.8,49.4,19.9,20.6,19.2,0.327,4.08,0.12,3.89,3.37,4.52,0.0919,2.68,1.88,0.0381,0.544,0.291,33.8,26.0,78,24,300,2.7,9.9,4.1,4.5,4.0,3.7,4.0,3.9,4.7,3.3,3.9,7.9,2.5,4.8,63.9,0,0,0,0,0,0
36.9,35.8,38.0,33.8,35.0,32.6,33.9,35.8,32.0,18.8,14.2,23.4,0.341,4.15,0.122,3.88,3.47,4.63,0.0956,2.67,1.89,0.0372,0.546,0.297,33.3,25.0,80,24,300,2.8,9.2,4.4,4.1,3.3,3.8,4.1,3.8,4.2,4.3,4.9,8.9,3.2,5.6,66.6,0,0,0,0,0,0
36.8,36.6,37.0,32.9,32.4,33.4,39.3,39.8,38.8,19.4,15.4,23.4,0.338,4.23,0.12,3.94,3.42,4.68,0.092,2.78,1.97,0.0363,0.547,0.297,32.7,25.0,65,21,300,2.8,7.1,3.9,3.8,4.4,3.5,4.8,3.5,3.9,4.5,5.2,8.9,2.8,5.6,64.7,0,0,0,0,0,0
39.3,41.8,36.8,33.7,34.4,33.0,37.3,37.6,37.0,20.1,21.4,18.8,0.34,4.28,0.123,3.93,3.65,4.78,0.0966,2.76,1.97,0.0363,0.548,0.299,32.4,25.0,64,22,300,2.6,7.0,3.8,3.7,4.7,3.3,3.9,3.5,3.8,4.7,3.8,7.8,2.0,6.1,60.7,0,0,0,0,0,0
36.2,37.8,34.6,36.4,33.2,39.6,35.9,34.8,37.0,18.6,15.0,22.2,0.346,4.35,0.125,4.0,3.64,4.77,0.0983,2.86,2.03,0.0362,0.548,0.307,32.3,25.0,68,23,300,2.8,7.9,4.3,3.7,3.5,4.3,2.7,3.7,5.1,5.7,3.3,7.8,3.1,5.9,63.8,0,0,0,0,0,0
39.0,37.0,41.0,35.1,36.4,33.8,36.4,36.8,36.0,20.0,20.4,19.6,0.352,4.41,0.127,4.0,3.81,4.9,0.102,2.88,2.07,0.0373,0.55,0.316,32.3,25.0,74,24,300,2.8,9.5,4.6,4.3,2.8,4.2,2.9,4.1,4.1,4.5,3.6,7.4,3.1,5.3,63.2,0,0,0,0,0,0
37.1,38.2,36.0,37.3,35.0,39.6,39.4,38.8,40.0,19.0,22.0,16.0,0.357,4.47,0.131,4.13,3.86,5.02,0.103,2.94,2.1,0.0365,0.549,0.322,32.1,25.0,76,23,300,3.3,9.3,4.6,4.3,4.2,3.2,2.6,3.9,2.6,4.1,4.0,8.0,3.0,6.7,63.8,0,0,0,0,0,0
37.7,37.8,37.6,33.9,36.8,31.0,38.4,37.2,39.6,19.2,17.4,21.0,0.371,4.61,0.133,4.12,3.98,5.11,0.108,3.0,2.13,0.0384,0.553,0.325,32.0,24.0,71,22,300,3.4,9.1,3.9,4.3,4.6,3.3,2.5,4.2,4.0,4.0,4.0,8.3,3.9,6.4,65.9,0,0,0,0,0,0
37.9,36.0,39.8,34.4,33.0,35.8,36.9,39.2,34.6,18.6,20.8,16.4,0.381,4.63,0.134,4.17,4.03,5.19,0.108,3.1,2.18,0.0365,0.557,0.332,31.8,24.0,68,22,300,2.0,9.9,3.7,4.2,4.2,3.9,3.0,4.3,3.9,4.3,3.9,7.7,3.1,5.6,63.7,0,0,0,0,0,0
37.3,34.8,39.8,33.7,31.2,36.2,37.4,40.2,34.6,19.8,20.0,19.6,0.38,4.76,0.134,4.34,4.08,5.22,0.107,3.13,2.21,0.0373,0.557,0.339,31.5,24.0,65,21,300,1.6,9.7,3.5,3.4,4.5,3.9,3.8,3.8,3.1,5.7,4.6,7.7,2.2,5.8,63.3,0,0,0,0,0,0
38.0,37.8,38.2,36.8,36.4,37.2,39.8,38.4,41.2,18.8,22.8,14.8,0.389,4.75,0.136,4.38,4.21,5.32,0.113,3.19,2.23,0.0373,0.563,0.349,31.4,24.0,68,21,300,2.8,9.4,3.7,3.2,3.5,3.8,4.8,4.2,3.4,4.9,5.4,8.2,2.6,5.5,65.4,0,0,0,0,0,0
39.7,36.8,42.6,34.8,35.0,34.6,39.4,39.6,39.2,19.7,19.6,19.8,0.401,4.9,0.141,4.37,4.31,5.48,0.116,3.24,2.3,0.0373,0.568,0.353,31.3,24.0,72,21,300,2.8,9.5,4.0,3.1,3.3,3.3,4.3,3.9,4.0,4.3,5.2,9.0,3.4,6.2,66.3,0,0,0,0,0,0
39.0,36.6,41.4,36.0,36.0,36.0,38.0,39.0,37.0,19.2,17.0,21.4,0.432,5.09,0.148,4.6,4.57,5.79,0.123,3.4,2.41,0.0383,0.576,0.378,31.4,24.0,80,23,300,2.2,8.7,4.0,4.1,4.3,3.1,3.7,4.3,4.7,4.4,4.5,10.5,4.1,6.7,69.3,0,0,0,0,0,0
37.8,38.6,37.0,32.6,31.8,33.4,39.7,38.2,41.2,19.6,21.0,18.2,0.444,5.43,0.152,4.86,4.82,6.12,0.125,3.59,2.57,0.0365,0.584,0.398,31.3,24.0,78,23,300,2.5,8.1,3.5,4.7,5.1,3.6,3.8,5.7,5.2,3.4,4.5,10.0,3.3,5.5,68.9,0,0,0,0,0,0
39.5,39.4,39.6,26.8,24.2,29.4,39.0,39.4,38.6,18.8,22.0,15.6,0.472,5.74,0.157,5.11,5.11,6.41,0.134,3.79,2.68,0.0365,0.591,0.42,31.1,24.0,64,22,300,3.2,8.6,3.6,3.8,4.2,3.7,3.3,5.4,3.9,3.7,4.7,7.6,2.4,6.0,64.1,0,0,0,0,0,0
39.9,38.4,41.4,36.0,35.6,36.4,42.3,45.0,39.6,20.2,22.0,18.4,0.408,5.22,0.139,4.52,4.59,5.81,0.114,3.35,2.37,0.0362,0.205,0.362,40.1,31.0,96,34,400,43.2,9.8,5.2,5.5,6.2,5.0,6.3,4.2,5.5,4.3,5.1,10.9,3.2,5.3,120.0,0,0,0,0,0,0
45.1,45.4,44.8,39.8,39.4,40.2,40.8,43.2,38.4,19.8,16.8,22.8,0.402,5.23,0.141,4.56,4.74,5.97,0.117,3.43,2.44,0.0379,0.206,0.374,37.9,29.0,83,26,400,20.6,12.2,5.9,5.5,6.1,5.0,6.2,4.9,6.1,6.1,5.5,11.6,3.0,6.9,106.0,0,0,0,0,0,0
42.8,40.8,44.8,38.8,38.4,39.2,42.4,42.4,42.4,21.3,24.0,18.6,0.423,5.32,0.144,4.61,4.94,6.11,0.122,3.53,2.46,0.037,0.211,0.39,37.4,28.0,81,24,400,2.8,12.7,4.9,5.1,4.4,4.5,6.0,4.7,6.8,5.8,6.0,11.4,3.1,8.3,86.5,0,0,0,0,0,0
45.4,44.6,46.2,39.9,41.2,38.6,41.8,42.8,40.8,18.7,16.6,20.8,0.427,5.47,0.147,4.7,4.98,6.18,0.122,3.53,2.56,0.037,0.212,0.396,36.9,28.0,82,26,400,3.2,13.0,4.7,5.9,4.1,5.3,5.6,5.9,7.3,4.5,6.7,12.5,3.9,7.9,90.5,0,0,0,0,0,0
45.2,42.4,48.0,37.3,35.2,39.4,43.3,41.8,44.8,19.1,17.0,21.2,0.434,5.56,0.145,4.77,5.09,6.45,0.124,3.63,2.56,0.0371,0.218,0.396,36.6,28.0,78,27,400,4.0,12.0,4.8,5.9,5.0,5.8,4.5,5.8,6.4,4.4,5.5,12.4,3.5,6.7,86.7,0,0,0,0,0,0
42.7,43.6,41.8,37.3,36.6,38.0,42.2,41.4,43.0,19.3,19.6,19.0,0.453,5.64,0.15,4.9,5.12,6.49,0.128,3.73,2.63,0.0377,0.221,0.404,36.2,27.0,79,25,400,4.2,11.0,4.7,6.3,6.0,5.5,5.2,6.1,6.0,4.9,4.5,12.5,4.0,7.2,88.1,0,0,0,0,0,0
42.7,40.6,44.8,37.8,39.8,35.8,42.8,44.2,41.4,19.7,21.0,18.4,0.465,5.69,0.157,4.88,5.2,6.46,0.133,3.79,2.66,0.0368,0.224,0.412,35.8,27.0,75,25,400,3.9,10.8,4.2,6.2,6.3,5.7,5.3,6.4,5.9,4.2,4.3,11.8,4.8,7.4,87.2,0,0,0,0,0,0
43.8,43.6,44.0,40.3,39.2,41.4,42.6,42.6,42.6,19.2,22.4,16.0,0.469,5.7,0.158,5.0,5.32,6.59,0.132,3.79,2.72,0.0368,0.227,0.414,35.4,27.0,78,25,400,3.9,10.3,4.2,5.2,5.1,6.2,4.4,5.5,6.1,4.9,5.6,10.8,4.5,7.3,84.0,0,0,0,0,0,0
41.5,44.4,38.6,37.4,39.8,35.0,40.1,40.0,40.2,20.5,19.0,22.0,0.482,5.88,0.163,5.09,5.45,6.76,0.139,3.88,2.72,0.0376,0.229,0.419,35.1,27.0,74,24,400,4.7,10.6,5.9,5.6,4.1,5.8,5.1,6.1,6.5,4.9,6.6,11.0,4.7,7.8,89.4,0,0,0,0,0,0
42.6,40.6,44.6,42.2,42.6,41.8,40.5,40.0,41.0,18.9,19.2,18.6,0.493,5.93,0.162,5.04,5.52,6.86,0.142,3.94,2.83,0.0359,0.231,0.422,34.7,26.0,71,23,400,4.1,10.4,6.2,5.6,5.6,5.4,5.3,5.6,6.4,4.9,4.8,10.3,4.7,6.8,86.1,0,0,0,0,0,0
44.5,46.0,43.0,37.5,40.4,34.6,42.0,41.0,43.0,19.6,20.6,18.6,0.498,5.94,0.162,5.1,5.6,6.99,0.14,4.01,2.85,0.0358,0.231,0.426,34.6,26.0,77,24,400,3.6,11.0,5.0,5.7,5.2,6.0,4.7,4.5,6.4,6.6,3.8,10.3,3.5,7.0,83.3,0,0,0,0,0,0
42.0,40.2,43.8,39.6,36.4,42.8,42.6,43.6,41.6,19.6,15.8,23.4,0.489,5.98,0.16,5.15,5.63,7.0,0.136,4.03,2.86,0.0357,0.229,0.426,34.5,26.0,79,24,400,3.7,12.9,4.3,7.0,5.3,5.5,5.5,5.3,5.3,6.0,4.4,11.2,3.5,7.9,87.8,0,0,0,0,0,0
43.2,42.2,44.2,38.6,40.0,37.2,41.9,41.6,42.2,20.4,18.6,22.2,0.48,6.13,0.159,5.2,5.68,7.1,0.137,4.1,2.87,0.0356,0.23,0.429,34.3,26.0,80,24,400,4.2,12.7,4.4,5.5,6.3,5.0,6.0,5.9,5.9,3.6,5.2,10.8,3.2,7.9,86.6,0,0,0,0,0,0
46.0,44.0,48.0,39.1,40.8,37.4,41.6,42.0,41.2,18.9,20.8,17.0,0.494,6.12,0.161,5.22,5.79,7.24,0.14,4.15,2.92,0.0374,0.231,0.441,34.2,26.0,74,24,400,3.9,10.8,5.8,4.6,5.5,5.3,6.0,5.9,5.7,4.4,5.5,10.5,2.8,9.2,85.9,0,0,0,0,0,0
43.4,41.0,45.8,41.3,43.6,39.0,42.0,43.4,40.6,19.3,23.0,15.6,0.491,6.08,0.166,5.21,5.84,7.26,0.141,4.17,2.95,0.0374,0.237,0.437,34.2,26.0,74,25,400,3.3,11.0,5.8,5.3,5.7,4.9,6.2,6.7,4.1,5.8,5.0,11.6,3.6,7.6,86.6,0,0,0,0,0,0
42.8,42.8,42.8,38.9,38.2,39.6,41.5,41.4,41.6,19.0,16.2,21.8,0.521,6.34,0.173,5.43,6.12,7.68,0.149,4.3,3.07,0.0367,0.244,0.464,34.0,26.0,74,25,400,4.0,11.6,4.8,5.5,6.6,5.1,5.6,6.5,4.3,4.7,5.1,11.4,3.1,6.9,85.2,0,0,0,0,0,0
43.3,44.4,42.2,38.3,36.6,40.0,40.4,41.0,39.8,20.1,17.8,22.4,0.533,6.61,0.176,5.66,6.51,8.01,0.155,4.59,3.3,0.0367,0.254,0.479,33.9,26.0,76,24,400,3.7,10.1,5.0,5.1,5.8,5.8,6.8,5.7,5.0,4.6,5.3,10.5,3.2,7.5,84.1,0,0,0,0,0,0
42.6,43.4,41.8,35.7,33.8,37.6,39.9,40.2,39.6,19.7,19.6,19.8,0.565,6.99,0.183,5.98,6.77,8.37,0.16,4.8,3.44,0.0376,0.262,0.503,33.9,26.0,81,25,400,3.5,9.3,5.5,5.3,5.7,5.3,6.1,5.6,5.8,5.2,6.0,9.9,3.7,7.9,84.8,0,0,0,0,0,0
47.8,46.8,48.8,29.0,28.6,29.4,53.8,55.2,52.4,20.7,19.8,21.6,0.168,2.13,0.0738,2.17,1.44,2.39,0.0491,1.26,0.936,0.038,0.117,0.153,42.2,32.0,93,32,200,37.7,6.67,1.67,3.0,3.33,2.67,3.0,3.67,2.33,4.33,2.0,5.0,3.33,1.67,80.3,0,0,0,0,0,0
32.9,31.0,34.8,33.3,34.8,31.8,31.9,34.4,29.4,18.2,17.6,18.8,0.159,2.15,0.077,2.21,1.52,2.47,0.0519,1.33,0.982,0.0372,0.115,0.16,37.8,28.0,84,28,200,26.8,6.25,2.13,2.75,3.38,3.5,2.0,3.63,3.0,3.88,2.38,6.63,3.13,2.13,71.5,0,0,0,0,0,0
32.3,34.6,30.0,28.2,27.0,29.4,31.1,31.4,30.8,19.5,16.2,22.8,0.173,2.21,0.0779,2.23,1.54,2.53,0.0527,1.41,1.02,0.0363,0.117,0.165,35.9,26.0,70,20,200,11.2,6.3,3.0,2.1,3.3,3.0,1.7,2.9,3.1,2.9,2.6,7.1,2.7,2.8,54.7,0,0,0,0,0,0
34.1,34.0,34.2,31.1,32.6,29.6,32.3,31.8,32.8,18.4,16.8,20.0,0.175,2.25,0.0776,2.29,1.65,2.65,0.0523,1.46,1.06,0.0363,0.121,0.167,33.6,24.0,64,20,200,2.1,6.3,3.2,2.0,2.4,3.0,2.2,2.5,2.0,2.8,2.8,5.5,1.8,3.3,41.9,0,0,0,0,0,0
31.7,30.6,32.8,29.2,30.8,27.6,31.6,30.0,33.2,19.4,22.8,16.0,0.173,2.35,0.0796,2.37,1.75,2.75,0.0559,1.52,1.11,0.0365,0.121,0.176,32.2,24.0,63,19,200,2.0,6.1,3.0,2.6,1.6,3.3,2.8,2.8,2.2,3.6,2.6,4.9,1.8,3.8,43.1,0,0,0,0,0,0
32.0,33.6,30.4,30.6,32.2,29.0,32.2,30.6,33.8,19.7,22.6,16.8,0.189,2.38,0.0859,2.38,1.84,2.83,0.0592,1.6,1.15,0.0384,0.127,0.183,31.2,23.0,62,19,200,2.0,6.1,2.3,2.8,2.0,3.3,3.2,2.5,2.3,2.8,3.1,4.5,1.8,3.8,42.5,0,0,0,0,0,0
33.2,33.6,32.8,28.9,29.4,28.4,34.8,36.8,32.8,19.1,15.2,23.0,0.194,2.52,0.0862,2.53,1.97,3.0,0.0622,1.64,1.21,0.0376,0.127,0.191,30.7,23.0,59,20,200,2.2,5.3,1.9,2.9,2.5,3.3,2.4,2.8,1.9,2.5,3.5,4.7,1.9,4.5,42.3,0,0,0,0,0,0
31.4,31.8,31.0,30.0,30.2,29.8,32.1,35.2,29.0,17.6,13.2,22.0,0.201,2.59,0.0874,2.58,2.07,3.06,0.0624,1.73,1.23,0.0366,0.129,0.194,30.2,23.0,64,20,200,1.9,4.7,2.8,2.7,2.9,2.1,2.6,3.1,2.7,2.7,3.4,6.4,2.0,4.7,44.7,0,0,0,0,0,0
32.2,32.0,32.4,29.1,29.2,29.0,31.2,29.2,33.2,19.2,17.6,20.8,0.195,2.67,0.0863,2.65,2.11,3.11,0.0613,1.75,1.27,0.0385,0.131,0.202,29.8,22.0,61,19,200,1.1,4.7,2.9,2.8,2.6,1.6,3.0,2.8,2.9,3.3,4.1,6.2,1.4,3.8,43.2,0,0,0,0,0,0
32.1,31.6,32.6,31.5,32.4,30.6,35.1,34.6,35.6,18.8,22.6,15.0,0.213,2.82,0.091,2.74,2.21,3.24,0.0648,1.83,1.3,0.0376,0.136,0.212,29.4,22.0,67,18,200,1.4,5.1,2.1,3.2,2.2,1.9,2.6,3.0,1.9,3.1,2.9,4.8,1.4,4.4,40.0,0,0,0,0,0,0
34.3,34.4,34.2,29.4,31.0,27.8,35.3,34.6,36.0,19.8,16.6,23.0,0.22,2.93,0.093,2.76,2.28,3.32,0.0672,1.93,1.36,0.0376,0.139,0.212,29.3,22.0,67,19,200,2.0,5.9,2.5,2.9,2.6,2.4,2.8,2.4,2.0,2.8,2.5,5.3,1.6,4.5,42.2,0,0,0,0,0,0
31.7,32.2,31.2,30.4,27.8,33.0,33.3,32.2,34.4,20.3,20.6,20.0,0.242,2.98,0.0982,2.88,2.4,3.5,0.0723,1.96,1.39,0.0376,0.142,0.223,29.5,22.0,71,21,200,2.2,5.1,3.5,3.1,2.7,2.8,2.6,2.4,2.5,2.6,3.7,5.9,2.7,4.5,46.3,0,0,0,0,0,0
31.0,31.8,30.2,29.7,26.8,32.6,32.6,29.0,36.2,21.0,20.0,22.0,0.252,3.09,0.0998,2.93,2.5,3.58,0.0766,2.03,1.47,0.0376,0.144,0.23,29.3,22.0,68,21,200,2.3,5.1,3.5,3.3,3.2,2.5,2.8,2.7,2.2,2.2,3.0,5.4,3.1,3.3,44.6,0,0,0,0,0,0
32.4,35.0,29.8,29.4,29.0,29.8,32.5,31.0,34.0,18.1,17.2,19.0,0.258,3.15,0.103,3.04,2.57,3.61,0.0777,2.1,1.49,0.0376,0.148,0.231,29.1,22.0,59,21,200,1.6,5.1,3.7,2.0,3.2,2.7,3.6,3.3,2.3,2.9,1.9,5.9,2.0,2.9,43.1,0,0,0,0,0,0
31.3,35.2,27.4,30.2,30.4,30.0,32.2,32.8,31.6,19.6,23.2,16.0,0.257,3.22,0.102,3.14,2.67,3.74,0.0755,2.15,1.54,0.0365,0.148,0.237,28.9,21.0,61,20,200,1.5,4.7,2.9,1.8,2.8,3.1,3.4,3.1,2.4,3.2,2.1,6.0,1.7,3.8,42.5,0,0,0,0,0,0
34.9,36.0,33.8,31.5,29.6,33.4,33.5,30.6,36.4,18.0,16.6,19.4,0.271,3.32,0.103,3.23,2.75,3.86,0.0807,2.23,1.54,0.0373,0.152,0.247,28.8,21.0,61,20,200,1.7,6.2,2.1,2.5,2.7,2.4,2.7,1.8,2.2,3.8,2.0,5.0,1.5,4.2,40.8,0,0,0,0,0,0
33.8,36.6,31.0,31.4,30.8,32.0,33.4,31.6,35.2,21.6,19.6,23.6,0.281,3.42,0.109,3.3,2.9,4.02,0.0839,2.32,1.63,0.0374,0.154,0.258,28.8,21.0,65,20,200,1.7,6.3,3.1,2.7,3.1,2.5,2.1,2.7,2.3,3.7,2.2,5.7,2.0,4.0,44.1,0,0,0,0,0,0
33.4,33.2,33.6,31.1,32.8,29.4,34.6,34.2,35.0,19.0,22.4,15.6,0.316,3.63,0.116,3.5,3.1,4.23,0.0918,2.47,1.73,0.0364,0.163,0.279,28.8,21.0,67,21,200,1.7,5.5,3.0,3.3,3.9,2.3,1.9,4.6,1.8,2.4,3.4,8.1,3.3,3.4,48.6,0,0,0,0,0,0
30.9,31.6,30.2,30.7,32.6,28.8,32.2,33.2,31.2,18.6,15.2,22.0,0.325,3.79,0.12,3.66,3.22,4.46,0.0943,2.59,1.8,0.0381,0.168,0.293,28.6,21.0,63,21,200,1.5,5.9,2.6,3.4,3.0,2.4,2.6,4.4,2.1,2.2,2.8,7.4,2.9,3.4,46.6,0,0,0,0,0,0
32.2,34.0,30.4,22.3,24.6,20.0,32.4,34.2,30.6,19.8,17.6,22.0,0.358,3.96,0.127,3.83,3.38,4.62,0.102,2.71,1.92,0.0374,0.174,0.307,28.5,21.0,63,21,200,1.5,5.5,3.3,2.2,3.0,3.3,2.9,3.2,2.7,2.2,2.2,6.2,2.6,2.9,43.7,0,0,0,0,0,0
43.2,43.6,42.8,33.3,32.2,34.4,49.4,49.0,49.8,18.4,19.6,17.2,0.315,3.79,0.117,3.53,3.13,4.22,0.0908,2.42,1.72,0.0375,0.169,0.269,42.5,33.0,99,33,300,44.3,7.43,5.0,4.57,3.29,5.0,3.57,4.29,4.43,4.71,3.86,9.71,2.86,5.0,108.0,0,0,0,0,0,0
39.5,38.8,40.2,35.5,34.4,36.6,38.4,36.4,40.4,21.5,23.4,19.6,0.316,3.89,0.117,3.6,3.21,4.4,0.0903,2.49,1.76,0.0364,0.17,0.281,38.7,29.0,93,28,300,26.7,8.7,5.3,5.2,3.4,4.8,4.8,5.0,4.4,4.0,4.6,10.4,3.1,5.9,96.3,0,0,0,0,0,0
37.5,39.4,35.6,37.2,34.4,40.0,37.8,38.0,37.6,18.7,22.0,15.4,0.339,3.94,0.122,3.69,3.3,4.42,0.0945,2.58,1.78,0.0365,0.176,0.295,36.8,27.0,68,21,300,3.0,8.5,4.2,5.0,3.5,4.2,4.2,4.2,3.5,3.0,4.7,8.9,2.9,5.6,65.4,0,0,0,0,0,0
36.5,36.6,36.4,31.3,33.4,29.2,38.9,41.0,36.8,19.3,18.8,19.8,0.35,4.05,0.124,3.75,3.4,4.55,0.1,2.65,1.86,0.0383,0.179,0.301,35.7,26.0,68,23,300,2.7,9.0,4.0,5.2,3.8,4.1,3.7,3.1,4.0,3.2,5.2,9.0,3.4,6.5,66.9,0,0,0,0,0,0
40.6,39.0,42.2,37.3,35.4,39.2,39.7,41.8,37.6,18.7,21.0,16.4,0.367,4.13,0.13,3.81,3.54,4.65,0.106,2.69,1.88,0.0373,0.181,0.305,34.4,26.0,67,22,300,3.0,8.2,4.0,4.3,3.4,4.1,3.5,2.8,4.3,3.6,4.9,7.8,3.4,5.6,62.9,0,0,0,0,0,0
38.6,38.2,39.0,32.1,31.6,32.6,48.9,48.2,49.6,20.5,20.8,20.2,0.378,4.17,0.132,3.9,3.63,4.75,0.109,2.78,1.97,0.0375,0.57,0.309,34.6,26.0,81,23,300,3.0,7.1,5.4,4.8,4.0,4.8,4.6,4.1,4.4,3.3,4.6,9.4,3.4,5.8,68.7,0,0,0,0,0,0
38.1,40.4,35.8,35.3,32.8,37.8,36.2,34.4,38.0,18.5,16.6,20.4,0.385,4.25,0.13,3.94,3.7,4.86,0.108,2.83,1.95,0.0364,0.57,0.327,33.8,25.0,81,22,300,2.3,7.5,5.4,5.2,3.8,4.3,6.0,4.9,4.2,3.4,4.1,9.5,3.7,6.0,70.3,0,0,0,0,0,0
36.8,32.6,41.0,37.1,39.0,35.2,38.1,37.0,39.2,20.2,16.6,23.8,0.384,4.35,0.133,3.97,3.79,4.92,0.109,2.89,2.02,0.0364,0.575,0.321,33.4,25.0,67,21,300,2.6,8.1,3.8,4.8,4.0,2.8,4.8,4.3,4.7,3.9,3.9,8.2,3.4,4.5,63.8,0,0,0,0,0,0
38.9,38.2,39.6,33.2,33.4,33.0,37.7,40.6,34.8,20.8,21.4,20.2,0.386,4.38,0.131,4.12,3.83,5.03,0.108,2.93,2.06,0.0374,0.579,0.33,33.0,25.0,70,23,300,2.8,8.4,3.4,5.2,4.3,2.8,3.8,4.0,4.2,4.6,4.8,9.2,3.0,5.1,65.6,0,0,0,0,0,0
36.6,36.6,36.6,34.4,35.0,33.8,37.7,35.8,39.6,19.0,16.6,21.4,0.383,4.49,0.131,4.13,3.92,5.15,0.109,3.02,2.11,0.0381,0.579,0.344,32.9,25.0,74,22,300,2.7,10.2,4.1,3.8,4.3,3.7,3.4,4.0,2.8,5.0,4.3,8.5,2.1,6.6,65.5,0,0,0,0,0,0
38.9,38.6,39.2,34.9,32.6,37.2,37.1,35.4,38.8,19.7,17.6,21.8,0.397,4.59,0.136,4.15,4.0,5.28,0.113,3.09,2.14,0.0383,0.584,0.353,32.6,24.0,70,23,300,2.6,12.0,4.6,2.8,4.3,3.9,3.2,3.3,4.1,4.2,3.8,7.8,2.0,6.8,65.4,0,0,0,0,0,0
37.5,37.6,37.4,33.5,31.0,36.0,39.5,41.0,38.0,19.4,17.6,21.2,0.412,4.7,0.138,4.27,4.16,5.36,0.113,3.12,2.24,0.0373,0.585,0.357,32.4,24.0,70,23,300,2.3,11.1,4.4,3.1,3.8,4.0,3.1,3.7,5.0,4.5,4.3,8.0,2.7,5.8,65.8,0,0,0,0,0,0
36.7,36.0,37.4,33.9,35.0,32.8,39.4,39.2,39.6,19.7,22.8,16.6,0.406,4.76,0.139,4.32,4.17,5.37,0.112,3.17,2.23,0.0383,0.588,0.363,32.3,24.0,74,22,300,3.4,9.2,3.9,3.2,3.8,4.4,3.5,4.7,4.7,4.4,4.3,8.7,2.6,5.7,66.5,0,0,0,0,0,0
38.3,37.8,38.8,34.0,31.2,36.8,38.8,39.8,37.8,20.5,18.8,22.2,0.394,4.83,0.137,4.35,4.24,5.44,0.111,3.18,2.24,0.0375,0.588,0.357,32.0,24.0,70,21,300,4.0,8.4,3.1,3.3,4.4,4.1,4.4,3.3,4.5,3.8,4.3,7.6,2.4,5.6,63.2,0,0,0,0,0,0
39.8,42.0,37.6,34.7,33.2,36.2,37.0,38.0,36.0,18.4,22.0,14.8,0.405,4.94,0.137,4.47,4.41,5.54,0.113,3.24,2.34,0.0366,0.594,0.36,31.9,24.0,71,21,300,4.5,8.9,3.8,4.2,4.5,3.5,4.6,3.5,3.4,4.5,4.4,7.5,2.6,5.9,65.8,0,0,0,0,0,0
36.4,38.0,34.8,33.7,31.6,35.8,38.5,37.8,39.2,20.6,23.8,17.4,0.376,5.03,0.135,4.51,4.49,5.73,0.11,3.34,2.36,0.0385,0.597,0.372,31.6,24.0,68,21,300,4.3,8.6,4.2,4.4,4.5,3.0,4.4,3.6,3.5,5.1,4.0,7.6,2.2,5.6,65.0,0,0,0,0,0,0
36.3,34.2,38.4,36.4,38.4,34.4,38.0,36.6,39.4,18.3,22.0,14.6,0.397,5.22,0.14,4.75,4.62,5.96,0.116,3.47,2.43,0.0376,0.599,0.389,31.5,24.0,65,21,300,3.3,8.3,4.0,3.3,4.7,3.4,3.5,4.1,3.4,5.0,4.7,7.7,2.3,5.8,63.5,0,0,0,0,0,0
40.1,40.4,39.8,32.5,29.6,35.4,39.2,40.2,38.2,18.9,19.0,18.8,0.436,5.55,0.148,4.99,4.95,6.28,0.123,3.65,2.57,0.0387,0.61,0.411,31.5,24.0,70,24,300,3.1,9.3,3.5,3.2,4.3,3.9,3.9,5.6,2.7,5.2,4.6,8.4,2.8,6.5,67.0,0,0,0,0,0,0
37.2,34.8,39.6,24.7,26.2,23.2,38.7,40.4,37.0,20.4,19.4,21.4,0.453,5.84,0.15,5.23,5.2,6.66,0.127,3.88,2.72,0.0377,0.619,0.43,31.3,24.0,66,23,300,3.1,9.0,2.8,3.9,3.8,4.3,4.7,4.7,2.9,4.9,3.8,8.2,3.2,6.2,65.5,0,0,0,0,0,0
41.9,43.6,40.2,38.6,40.4,36.8,43.3,44.0,42.6,20.2,16.6,23.8,0.386,5.34,0.131,4.7,4.59,6.01,0.119,3.46,2.37,0.0367,0.592,0.375,39.6,30.0,96,32,400,43.8,11.1,6.1,6.1,4.4,5.5,4.4,5.0,4.6,4.6,4.7,9.3,3.7,6.1,119.0,0,0,0,0,0,0
43.7,43.8,43.6,39.4,40.2,38.6,44.0,44.4,43.6,19.3,21.0,17.6,0.39,5.46,0.131,4.72,4.65,6.07,0.12,3.46,2.39,0.0374,0.208,0.372,37.2,28.0,77,24,400,20.6,12.1,6.7,6.3,5.4,5.3,5.6,5.2,5.1,5.8,4.6,10.8,3.9,8.6,106.0,0,0,0,0,0,0
46.0,46.0,46.0,38.2,37.0,39.4,41.5,42.2,40.8,19.4,17.8,21.0,0.387,5.4,0.133,4.8,4.74,6.12,0.122,3.53,2.49,0.0384,0.214,0.369,36.4,27.0,72,23,400,4.0,11.6,6.5,6.5,5.5,5.2,5.6,4.8,4.4,6.3,4.8,12.0,3.4,8.9,89.5,0,0,0,0,0,0
41.2,43.0,39.4,39.1,37.8,40.4,43.6,41.6,45.6,18.7,17.6,19.8,0.383,5.62,0.134,4.87,4.92,6.2,0.124,3.59,2.51,0.0383,0.216,0.385,35.4,27.0,73,24,400,3.3,11.3,6.5,6.4,4.8,5.1,6.1,6.1,5.7,5.8,5.6,11.8,3.2,8.1,89.8,0,0,0,0,0,0
41.7,42.0,41.4,38.2,35.4,41.0,42.1,43.2,41.0,19.9,19.8,20.0,0.383,5.68,0.138,4.84,5.0,6.32,0.124,3.59,2.55,0.0372,0.217,0.39,34.6,26.0,71,24,400,3.7,12.1,5.6,5.7,4.4,5.1,6.2,5.7,6.0,4.9,5.0,9.9,3.2,7.4,84.9,0,0,0,0,0,0
44.1,46.4,41.8,38.1,39.2,37.0,42.6,40.4,44.8,19.5,20.4,18.6,0.415,5.75,0.144,5.03,5.09,6.38,0.132,3.7,2.59,0.0365,0.222,0.397,34.3,26.0,72,22,400,4.5,12.8,4.6,5.6,4.5,6.1,5.5,4.3,6.2,5.3,5.1,10.2,3.4,7.3,85.4,0,0,0,0,0,0
46.1,45.6,46.6,39.2,37.8,40.6,42.7,43.6,41.8,21.4,23.2,19.6,0.426,5.72,0.15,5.06,5.21,6.41,0.137,3.72,2.62,0.0374,0.223,0.402,34.1,26.0,78,24,400,3.4,11.9,4.5,5.5,4.5,6.4,5.4,4.7,6.2,5.3,5.8,10.9,4.3,7.4,86.2,0,0,0,0,0,0
42.5,41.4,43.6,39.8,38.8,40.8,44.7,41.4,48.0,18.6,19.0,18.2,0.437,5.9,0.152,5.07,5.22,6.56,0.14,3.81,2.68,0.0366,0.229,0.408,34.1,26.0,80,25,400,3.2,11.2,5.7,6.0,5.5,5.9,5.2,4.1,6.2,5.4,4.4,12.6,5.8,7.8,89.0,0,0,0,0,0,0
46.1,45.8,46.4,38.0,36.6,39.4,43.6,44.0,43.2,19.5,20.8,18.2,0.455,5.93,0.152,5.19,5.37,6.77,0.144,3.86,2.73,0.0365,0.23,0.415,34.3,26.0,78,27,400,3.6,11.8,6.9,5.5,5.6,4.2,5.6,5.0,6.7,6.2,4.2,14.1,5.0,7.9,92.3,0,0,0,0,0,0
42.3,41.6,43.0,38.2,36.2,40.2,42.8,43.2,42.4,20.4,21.0,19.8,0.472,6.04,0.159,5.26,5.39,6.96,0.148,3.95,2.8,0.0374,0.233,0.429,34.0,26.0,79,25,400,4.0,12.3,7.2,4.9,5.9,3.6,6.3,5.2,5.5,5.0,4.9,13.4,3.6,8.0,89.8,0,0,0,0,0,0
42.3,41.4,43.2,38.5,37.8,39.2,40.9,39.4,42.4,21.2,17.0,25.4,0.48,6.03,0.162,5.22,5.43,6.96,0.151,4.05,2.78,0.0374,0.232,0.435,33.8,26.0,74,23,400,3.7,12.0,5.6,6.1,6.4,4.9,5.0,5.1,5.7,5.6,5.9,10.7,4.0,8.3,89.0,0,0,0,0,0,0
41.0,40.8,41.2,41.0,40.4,41.6,43.3,41.2,45.4,18.4,16.4,20.4,0.521,6.07,0.167,5.33,5.46,7.03,0.155,4.04,2.82,0.0363,0.236,0.436,33.7,26.0,74,24,400,3.4,10.7,4.6,6.7,5.6,4.8,4.6,5.5,6.9,6.5,6.2,10.4,4.8,6.6,87.3,0,0,0,0,0,0
44.1,44.4,43.8,38.9,39.8,38.0,41.4,40.8,42.0,20.3,17.6,23.0,0.523,6.19,0.166,5.4,5.6,7.19,0.155,4.07,2.95,0.0363,0.243,0.443,33.4,25.0,72,23,400,3.2,9.4,6.5,5.8,6.1,4.4,5.5,5.8,6.0,5.1,5.9,11.3,4.1,5.5,84.6,0,0,0,0,0,0
43.8,43.4,44.2,38.3,37.4,39.2,42.1,43.2,41.0,18.5,17.8,19.2,0.516,6.26,0.166,5.49,5.67,7.27,0.156,4.26,2.96,0.0361,0.241,0.451,33.4,25.0,71,24,400,3.1,10.5,7.2,5.1,5.7,5.9,5.7,6.5,4.7,5.0,6.0,12.7,3.6,7.0,88.7,0,0,0,0,0,0
44.1,42.0,46.2,39.1,41.2,37.0,42.9,41.2,44.6,20.1,19.6,20.6,0.512,6.32,0.168,5.6,5.75,7.36,0.16,4.25,2.98,0.0379,0.242,0.45,33.3,25.0,73,25,400,3.2,12.0,4.8,4.6,6.0,6.5,5.8,5.5,4.6,5.0,6.6,13.1,3.5,8.2,89.4,0,0,0,0,0,0
42.6,42.0,43.2,39.2,38.4,40.0,42.5,43.4,41.6,18.9,19.2,18.6,0.537,6.59,0.179,5.82,6.02,7.77,0.168,4.42,3.14,0.0362,0.251,0.479,33.2,25.0,73,23,400,3.6,11.2,5.1,4.6,5.8,6.3,6.5,5.5,5.3,4.9,6.5,11.4,2.6,7.4,86.7,0,0,0,0,0,0
44.7,45.4,44.0,39.0,38.2,39.8,45.3,45.2,45.4,19.7,20.0,19.4,0.577,6.85,0.183,6.16,6.33,8.12,0.178,4.7,3.3,0.0371,0.265,0.499,33.2,25.0,78,24,400,4.8,10.0,6.4,5.0,4.2,6.1,6.0,6.3,4.9,5.2,6.1,11.6,3.4,7.0,87.0,0,0,0,0,0,0
42.2,40.4,44.0,29.6,31.2,28.0,42.1,40.8,43.4,18.9,21.0,16.8,0.604,7.24,0.192,6.54,6.74,8.55,0.184,4.95,3.47,0.0361,0.274,0.53,33.1,25.0,79,24,400,5.3,10.7,4.9,5.9,4.1,7.1,5.3,6.6,4.4,5.8,6.6,11.8,3.9,7.0,89.4,0,0,0,0,0,0
45.4,46.6,44.2,29.1,31.8,26.4,52.2,52.0,52.4,19.2,16.8,21.6,0.128,2.09,0.0666,1.83,1.69,2.26,0.0341,1.23,0.933,0.0367,0.111,0.146,37.9,31.0,80,30,200,42.7,8.33,2.0,3.67,1.33,2.33,2.33,3.67,2.67,4.0,3.67,5.67,1.33,5.0,88.7,0,0,0,0,0,0
32.3,32.0,32.6,31.4,29.4,33.4,30.1,33.2,27.0,20.1,16.2,24.0,0.139,2.16,0.0686,1.86,1.8,2.32,0.044,1.31,0.974,0.0366,0.111,0.15,34.0,27.0,76,26,200,27.1,5.38,1.63,3.25,2.63,2.0,2.63,3.25,3.13,4.25,3.13,7.0,1.63,4.0,71.0,0,0,0,0,0,0
32.2,34.4,30.0,29.3,27.2,31.4,32.5,34.8,30.2,18.3,17.4,19.2,0.139,2.21,0.0703,1.97,1.9,2.44,0.0495,1.42,1.04,0.0366,0.114,0.155,32.3,25.0,63,19,200,9.6,4.9,2.3,3.0,3.5,2.6,2.5,3.3,3.5,3.8,3.2,6.7,2.0,3.4,54.3,0,0,0,0,0,0
32.0,31.4,32.6,30.0,27.6,32.4,31.5,32.6,30.4,19.6,21.8,17.4,0.144,2.24,0.0715,2.01,1.98,2.5,0.0499,1.48,1.06,0.0365,0.118,0.162,31.4,24.0,63,22,200,2.3,6.4,2.6,2.2,2.6,3.1,3.0,3.1,2.7,3.0,3.6,4.9,1.9,3.0,44.4,0,0,0,0,0,0
33.8,34.8,32.8,30.6,30.2,31.0,31.8,31.4,32.2,18.5,15.4,21.6,0.149,2.37,0.0748,2.06,2.06,2.63,0.0513,1.52,1.11,0.0365,0.12,0.17,30.6,24.0,60,20,200,2.1,6.6,2.4,2.3,2.6,2.8,3.5,2.8,2.3,2.5,2.8,4.7,1.3,3.2,41.9,0,0,0,0,0,0
32.0,32.0,32.0,29.2,28.8,29.6,32.4,36.0,28.8,19.2,18.0,20.4,0.152,2.45,0.075,2.15,2.14,2.74,0.0527,1.58,1.15,0.0374,0.123,0.176,30.6,24.0,66,22,200,1.7,6.1,2.7,3.8,3.3,2.5,3.2,3.2,3.5,1.9,1.8,5.6,1.4,4.4,45.1,0,0,0,0,0,0
33.5,31.8,35.2,30.3,28.8,31.8,33.2,33.8,32.6,19.2,19.4,19.0,0.161,2.53,0.0796,2.24,2.26,2.81,0.0578,1.66,1.19,0.0358,0.126,0.183,30.1,23.0,68,21,200,1.9,4.9,2.3,3.7,2.8,2.7,2.9,3.0,3.5,2.4,2.0,5.3,1.7,4.2,43.3,0,0,0,0,0,0
32.0,30.0,34.0,29.9,31.0,28.8,32.3,35.2,29.4,19.3,17.0,21.6,0.192,2.62,0.0818,2.38,2.3,2.94,0.0604,1.75,1.25,0.0368,0.131,0.195,29.8,23.0,67,20,200,2.3,6.4,2.3,3.2,3.2,2.9,1.8,2.7,2.9,2.8,2.6,5.9,2.7,2.8,44.5,0,0,0,0,0,0
35.4,35.2,35.6,30.5,29.4,31.6,35.2,32.6,37.8,19.2,23.2,15.2,0.197,2.73,0.0838,2.44,2.44,3.02,0.0633,1.79,1.29,0.0368,0.133,0.199,29.7,23.0,67,21,200,2.7,7.7,2.9,3.0,3.3,2.2,1.8,2.7,2.8,2.2,2.7,6.1,3.0,3.6,46.7,0,0,0,0,0,0
32.9,33.6,32.2,31.0,30.6,31.4,32.4,35.2,29.6,19.5,20.8,18.2,0.209,2.84,0.0841,2.5,2.53,3.16,0.0641,1.86,1.32,0.0366,0.135,0.206,29.7,23.0,71,21,200,2.2,5.7,3.0,2.5,2.3,2.0,2.8,3.3,2.4,3.3,2.9,6.1,2.0,4.1,44.6,0,0,0,0,0,0
31.4,32.2,30.6,29.2,28.2,30.2,31.6,34.4,28.8,18.2,15.0,21.4,0.214,2.94,0.0889,2.59,2.61,3.24,0.0657,1.89,1.38,0.0366,0.138,0.213,29.4,22.0,65,20,200,2.1,4.5,2.2,2.2,2.3,1.9,3.0,3.9,2.7,3.7,3.0,6.6,1.9,2.9,42.9,0,0,0,0,0,0
32.6,31.8,33.4,29.5,28.0,31.0,33.1,33.6,32.6,20.5,19.8,21.2,0.23,3.03,0.0917,2.65,2.65,3.32,0.07,1.96,1.4,0.0357,0.141,0.221,29.1,22.0,62,20,200,2.0,6.4,2.2,2.1,2.5,2.3,2.5,3.2,2.6,2.6,2.8,5.6,1.8,3.0,41.6,0,0,0,0,0,0
32.4,33.4,31.4,29.4,27.8,31.0,31.3,29.6,33.0,19.3,19.2,19.4,0.231,3.07,0.0933,2.75,2.76,3.43,0.0719,2.04,1.45,0.0366,0.142,0.228,29.1,22.0,64,20,200,1.8,6.8,2.8,2.5,2.4,3.2,2.6,3.0,2.3,2.3,2.5,5.1,1.8,3.5,42.6,0,0,0,0,0,0
31.9,31.6,32.2,29.7,30.6,28.8,32.8,31.0,34.6,18.7,18.4,19.0,0.239,3.19,0.0945,2.85,2.81,3.53,0.0731,2.13,1.51,0.0366,0.147,0.237,29.1,22.0,72,21,200,2.2,5.9,2.8,2.6,2.6,2.6,2.8,3.6,2.9,2.1,2.6,5.5,2.1,3.7,44.0,0,0,0,0,0,0
32.7,31.6,33.8,32.8,29.8,35.8,32.7,30.8,34.6,20.4,22.6,18.2,0.25,3.27,0.0952,2.89,2.93,3.63,0.0748,2.14,1.52,0.0375,0.147,0.247,29.0,22.0,66,21,200,2.1,6.3,2.7,2.1,2.2,1.9,2.7,3.1,3.0,2.5,2.6,5.4,1.7,3.5,41.8,0,0,0,0,0,0
34.6,36.8,32.4,28.6,30.2,27.0,32.7,33.2,32.2,19.2,18.2,20.2,0.261,3.35,0.098,3.04,3.05,3.78,0.0793,2.26,1.56,0.0367,0.15,0.254,28.9,22.0,65,20,200,1.5,6.4,3.3,2.1,2.4,2.4,2.6,2.9,2.9,2.9,2.1,5.9,1.4,3.5,42.3,0,0,0,0,0,0
31.8,34.2,29.4,30.0,29.8,30.2,33.5,34.2,32.8,19.0,16.4,21.6,0.268,3.37,0.0994,3.08,3.13,3.86,0.0794,2.35,1.61,0.0367,0.153,0.265,28.9,22.0,66,20,200,1.1,6.4,3.4,2.3,3.4,2.7,2.0,3.7,3.2,2.6,1.9,6.6,1.6,3.7,44.6,0,0,0,0,0,0
33.9,34.2,33.6,32.4,33.4,31.4,33.7,32.8,34.6,19.6,19.0,20.2,0.285,3.62,0.103,3.23,3.34,4.06,0.0845,2.46,1.72,0.0378,0.161,0.28,28.8,22.0,65,21,200,1.1,6.6,3.1,2.5,3.1,2.8,2.8,3.4,2.8,2.7,2.0,5.8,1.3,4.0,44.0,0,0,0,0,0,0
34.4,34.0,34.8,30.6,28.2,33.0,33.2,33.2,33.2,19.1,19.0,19.2,0.303,3.74,0.109,3.37,3.5,4.32,0.0906,2.59,1.83,0.0368,0.165,0.297,28.8,22.0,65,22,200,2.0,6.0,3.3,2.7,2.3,2.6,2.7,2.7,3.2,2.8,2.9,6.2,1.8,3.3,44.5,0,0,0,0,0,0
54.2,52.6,55.8,35.7,37.8,33.6,57.9,55.8,60.0,20.3,19.8,20.8,0.283,3.37,0.102,3.09,3.1,3.9,0.0769,2.3,1.65,0.0361,0.154,0.262,34.5,28.0,80,26,200,36.5,2.0,3.5,3.5,4.0,2.5,3.0,3.0,3.5,2.5,2.0,5.5,2.5,4.0,78.0,0,0,0,0,0,0
40.9,40.8,41.0,33.6,36.8,30.4,44.5,44.6,44.4,18.8,19.6,18.0,0.29,3.74,0.103,3.33,3.21,4.15,0.0791,2.39,1.69,0.0361,0.159,0.267,42.4,32.0,100,31,300,45.7,7.43,3.29,3.57,5.29,3.86,4.57,4.0,4.43,3.71,4.71,8.14,2.57,6.71,108.0,0,0,0,0,0,0
36.4,37.4,35.4,32.8,32.4,33.2,36.8,34.6,39.0,19.8,24.2,15.4,0.299,3.8,0.107,3.35,3.32,4.25,0.0821,2.45,1.71,0.0371,0.159,0.277,38.4,28.0,93,28,300,25.7,9.5,3.0,3.0,5.2,3.5,4.1,4.1,4.0,3.7,4.3,8.0,2.2,7.3,87.6,0,0,0,0,0,0
36.8,36.2,37.4,35.4,32.8,38.0,36.3,37.2,35.4,18.9,18.8,19.0,0.289,3.82,0.103,3.43,3.33,4.37,0.0787,2.45,1.76,0.0379,0.162,0.282,35.8,27.0,62,21,300,1.5,10.2,3.5,3.8,4.2,3.7,3.6,4.4,3.7,2.6,3.2,6.4,2.3,6.3,59.4,0,0,0,0,0,0
38.2,35.2,41.2,32.8,33.6,32.0,38.5,39.8,37.2,19.9,23.0,16.8,0.275,3.9,0.104,3.47,3.45,4.39,0.0807,2.54,1.78,0.0369,0.163,0.28,35.3,26.0,68,22,300,2.1,9.2,4.0,4.9,3.2,4.9,4.3,4.7,4.5,2.9,4.2,7.8,2.5,5.9,65.1,0,0,0,0,0,0
37.6,40.6,34.6,35.2,31.4,39.0,47.6,50.2,45.0,19.2,20.2,18.2,0.276,4.0,0.104,3.6,3.46,4.54,0.0775,2.59,1.82,0.0368,0.553,0.287,34.8,26.0,79,24,300,3.5,7.5,4.7,4.5,2.9,4.6,4.7,4.2,4.0,4.2,3.8,8.6,1.8,5.5,64.5,0,0,0,0,0,0
38.3,35.8,40.8,36.9,36.2,37.6,39.1,42.2,36.0,20.8,18.4,23.2,0.287,4.09,0.107,3.75,3.53,4.56,0.0818,2.69,1.89,0.0379,0.557,0.296,34.0,25.0,74,22,300,3.9,7.4,4.9,4.6,4.0,4.1,4.4,4.0,3.7,4.0,3.4,8.3,2.1,5.3,64.1,0,0,0,0,0,0
37.8,38.6,37.0,35.7,34.8,36.6,39.3,39.6,39.0,19.3,21.6,17.0,0.293,4.15,0.112,3.79,3.63,4.75,0.0873,2.71,1.93,0.0361,0.561,0.302,33.5,25.0,67,23,300,3.4,8.8,4.5,4.0,4.6,4.4,3.4,4.5,5.6,3.5,3.5,8.8,3.2,5.6,67.8,0,0,0,0,0,0
38.8,36.6,41.0,35.8,34.2,37.4,38.3,39.8,36.8,19.1,20.8,17.4,0.303,4.26,0.113,3.96,3.68,4.88,0.088,2.84,1.96,0.0371,0.566,0.308,32.9,24.0,69,21,300,2.8,9.4,4.2,4.0,3.9,4.2,3.1,3.8,5.6,4.4,3.1,8.7,3.7,6.8,67.7,0,0,0,0,0,0
36.9,36.0,37.8,33.1,35.2,31.0,40.6,38.2,43.0,21.3,18.8,23.8,0.311,4.42,0.114,4.02,3.78,4.98,0.0895,2.87,2.04,0.037,0.57,0.318,32.6,24.0,70,22,300,3.0,10.1,4.2,5.1,3.9,3.8,3.9,3.3,3.6,4.7,4.4,9.4,3.2,6.0,68.6,0,0,0,0,0,0
38.3,37.0,39.6,32.9,29.2,36.6,36.2,35.4,37.0,18.6,18.8,18.4,0.319,4.44,0.115,4.08,3.89,5.06,0.0901,2.94,2.06,0.0369,0.571,0.318,32.3,24.0,70,23,300,3.0,10.1,4.3,3.9,5.1,4.1,4.3,3.8,4.1,3.7,4.5,9.3,2.6,5.6,68.4,0,0,0,0,0,0
36.5,37.2,35.8,33.8,31.0,36.6,37.4,38.0,36.8,19.2,17.6,20.8,0.328,4.53,0.12,4.26,3.91,5.09,0.0954,3.01,2.1,0.0361,0.574,0.318,31.9,24.0,69,21,300,2.9,7.9,3.6,3.3,3.9,3.7,4.6,3.5,4.5,3.4,4.1,8.3,2.6,7.0,63.3,0,0,0,0,0,0
37.2,36.8,37.6,35.0,33.8,36.2,38.4,36.6,40.2,20.0,24.0,16.0,0.327,4.61,0.12,4.23,3.93,5.16,0.0964,3.03,2.16,0.036,0.578,0.32,31.8,24.0,72,22,300,2.7,7.8,4.7,4.5,3.9,3.7,4.3,3.7,3.5,3.6,4.2,7.3,2.5,6.4,62.8,0,0,0,0,0,0
37.3,35.2,39.4,36.1,36.6,35.6,39.5,39.4,39.6,19.6,19.6,19.6,0.35,4.74,0.127,4.31,4.04,5.28,0.103,3.08,2.19,0.0361,0.579,0.332,31.8,24.0,73,24,300,2.2,7.9,5.8,4.4,5.8,4.9,3.1,3.8,4.0,3.3,3.7,6.6,2.7,6.8,65.0,0,0,0,0,0,0
38.3,38.0,38.6,33.9,35.4,32.4,37.5,37.8,37.2,19.5,16.2,22.8,0.363,4.77,0.129,4.53,4.0,5.48,0.105,3.17,2.22,0.0361,0.581,0.34,31.7,24.0,74,24,300,2.3,7.0,4.6,4.4,5.9,4.8,3.3,4.2,4.4,2.9,3.5,7.9,3.4,7.2,65.8,0,0,0,0,0,0
37.0,38.2,35.8,35.5,33.6,37.4,38.7,36.6,40.8,20.4,19.0,21.8,0.363,4.88,0.13,4.61,4.13,5.5,0.105,3.18,2.23,0.036,0.585,0.339,31.5,24.0,68,22,300,2.9,6.3,3.7,4.0,5.1,3.8,4.4,4.7,3.5,3.7,3.8,8.9,3.5,5.4,63.7,0,0,0,0,0,0
36.8,35.2,38.4,34.4,30.8,38.0,40.7,39.8,41.6,18.9,22.2,15.6,0.373,4.96,0.133,4.68,4.18,5.61,0.107,3.28,2.29,0.0359,0.587,0.35,31.5,24.0,69,21,300,3.1,7.3,4.3,4.8,3.6,3.9,4.6,4.5,2.6,5.2,5.1,8.8,3.3,5.4,66.5,0,0,0,0,0,0
37.8,37.8,37.8,33.3,32.4,34.2,38.5,38.4,38.6,19.5,19.0,20.0,0.395,5.19,0.14,4.9,4.44,5.91,0.115,3.42,2.42,0.0369,0.592,0.377,31.4,24.0,74,22,300,2.9,7.2,5.5,5.9,3.3,4.4,4.0,3.8,3.6,4.8,4.6,9.2,3.2,6.6,69.0,0,0,0,0,0,0
35.8,37.8,33.8,32.7,35.6,29.8,37.0,36.8,37.2,19.4,21.4,17.4,0.417,5.46,0.143,5.19,4.61,6.25,0.121,3.63,2.55,0.037,0.603,0.396,31.2,24.0,68,21,300,2.6,7.8,4.8,5.2,4.6,4.2,3.1,3.2,4.8,3.8,3.9,8.6,2.9,6.0,65.5,0,0,0,0,0,0
36.5,35.6,37.4,25.4,28.8,22.0,36.8,33.8,39.8,19.4,20.8,18.0,0.439,5.68,0.148,5.37,4.87,6.51,0.126,3.79,2.68,0.0358,0.61,0.412,31.1,24.0,69,22,300,2.4,9.4,3.7,4.6,4.6,3.9,2.9,4.1,4.1,3.7,4.5,7.8,2.6,5.1,63.4,0,0,0,0,0,0
41.6,43.2,40.0,39.7,39.8,39.6,40.0,39.0,41.0,19.2,20.2,18.2,0.431,5.31,0.143,4.91,4.41,5.82,0.124,3.43,2.41,0.0367,0.205,0.36,37.0,29.0,89,31,400,41.4,9.7,4.0,5.1,5.0,5.1,5.6,5.8,4.6,6.2,4.0,11.2,3.9,6.8,118.0,0,0,0,0,0,0
43.6,44.6,42.6,41.0,37.6,44.4,43.7,43.2,44.2,20.1,19.2,21.0,0.43,5.36,0.149,4.96,4.46,5.97,0.126,3.46,2.39,0.0364,0.21,0.374,35.5,27.0,74,23,400,18.0,11.5,5.7,6.3,5.3,5.9,7.0,5.2,5.4,6.3,3.7,12.8,4.9,8.1,106.0,0,0,0,0,0,0
42.3,42.6,42.0,38.5,37.4,39.6,40.6,40.2,41.0,19.4,21.0,17.8,0.439,5.38,0.147,5.02,4.48,6.05,0.122,3.61,2.47,0.0374,0.21,0.377,34.5,27.0,71,24,400,4.5,12.1,6.5,6.3,5.1,4.6,6.9,5.0,5.0,5.8,5.0,11.4,4.8,7.7,90.7,0,0,0,0,0,0
41.6,41.0,42.2,38.0,36.6,39.4,44.3,43.6,45.0,19.1,21.4,16.8,0.435,5.39,0.146,5.07,4.61,6.11,0.125,3.58,2.52,0.0364,0.208,0.377,34.5,27.0,79,25,400,4.9,11.4,6.2,4.9,5.8,4.4,5.3,4.6,6.3,6.5,5.8,11.3,4.3,6.6,88.3,0,0,0,0,0,0
42.4,43.8,41.0,38.1,40.0,36.2,42.7,41.4,44.0,20.6,19.0,22.2,0.446,5.44,0.151,5.13,4.65,6.28,0.127,3.66,2.54,0.0365,0.211,0.384,33.7,26.0,77,24,400,5.4,11.2,6.2,4.7,5.2,4.8,4.8,5.1,7.4,6.9,4.7,11.5,3.1,6.2,87.2,0,0,0,0,0,0
41.0,41.4,40.6,38.3,38.6,38.0,43.3,44.2,42.4,18.8,17.8,19.8,0.454,5.58,0.153,5.27,4.71,6.38,0.132,3.67,2.58,0.0356,0.212,0.39,33.7,26.0,74,23,400,5.2,11.8,4.5,5.9,4.9,5.4,5.0,6.2,6.3,6.8,4.5,12.4,3.0,6.9,88.8,0,0,0,0,0,0
43.3,44.8,41.8,39.0,41.0,37.0,41.9,43.0,40.8,19.8,22.0,17.6,0.467,5.64,0.156,5.25,4.84,6.48,0.135,3.74,2.65,0.0366,0.217,0.404,33.3,26.0,74,23,400,4.3,11.4,4.8,5.3,5.1,5.3,5.2,4.5,6.3,6.6,4.0,12.3,4.2,7.6,86.9,0,0,0,0,0,0
43.8,44.8,42.8,39.4,38.6,40.2,43.9,44.6,43.2,19.1,21.2,17.0,0.493,5.68,0.159,5.43,4.92,6.67,0.14,3.84,2.66,0.0376,0.217,0.413,33.2,25.0,72,23,400,3.9,10.2,5.6,5.5,5.0,5.4,5.7,4.2,5.3,6.0,4.9,11.5,4.4,8.0,85.6,0,0,0,0,0,0
40.1,37.4,42.8,39.1,38.2,40.0,42.5,42.0,43.0,20.4,17.6,23.2,0.486,5.74,0.159,5.5,4.91,6.73,0.138,3.87,2.72,0.0367,0.223,0.409,33.3,25.0,83,24,400,3.7,10.9,4.6,6.4,5.8,5.9,6.0,6.7,4.6,5.3,6.3,12.0,4.3,9.0,91.5,0,0,0,0,0,0
45.5,46.6,44.4,38.5,40.0,37.0,42.3,43.8,40.8,19.1,21.8,16.4,0.48,5.85,0.159,5.44,5.11,6.69,0.139,3.94,2.79,0.0365,0.224,0.412,33.2,25.0,84,24,400,3.2,11.2,4.7,5.2,5.2,5.7,6.7,6.4,5.8,5.7,5.3,11.1,4.3,7.5,88.0,0,0,0,0,0,0
41.9,38.8,45.0,37.1,36.0,38.2,42.7,43.4,42.0,20.3,19.6,21.0,0.508,5.95,0.166,5.53,5.04,6.88,0.142,4.04,2.86,0.0365,0.225,0.429,33.2,25.0,79,25,400,3.0,10.6,4.9,5.0,4.8,6.3,6.0,5.1,6.0,6.1,5.6,10.9,3.9,5.8,84.0,0,0,0,0,0,0
43.4,40.8,46.0,39.4,37.8,41.0,44.6,45.6,43.6,19.2,17.0,21.4,0.507,6.02,0.168,5.68,5.13,6.98,0.146,4.06,2.86,0.0366,0.226,0.431,33.1,25.0,77,24,400,3.3,11.4,4.9,5.2,6.0,5.6,5.4,5.4,5.8,5.7,5.3,12.1,4.3,7.2,87.6,0,0,0,0,0,0
45.8,42.8,48.8,40.8,39.8,41.8,42.7,43.2,42.2,19.3,19.8,18.8,0.523,6.1,0.169,5.72,5.28,7.02,0.146,4.15,2.87,0.0376,0.234,0.438,33.0,25.0,75,24,400,4.1,11.8,4.5,4.9,4.9,5.2,6.3,5.8,5.7,4.4,5.0,11.9,4.1,8.4,87.0,0,0,0,0,0,0
42.8,44.8,40.8,37.5,40.6,34.4,47.0,46.4,47.6,19.5,22.0,17.0,0.55,6.13,0.177,5.77,5.38,7.21,0.153,4.17,2.93,0.0367,0.235,0.452,32.8,25.0,73,24,400,4.5,11.8,4.6,5.4,4.3,6.8,6.7,5.9,5.7,4.5,5.5,13.3,4.2,7.6,90.8,0,0,0,0,0,0
41.2,43.4,39.0,40.3,39.0,41.6,41.5,42.6,40.4,20.8,25.2,16.4,0.56,6.24,0.178,5.94,5.41,7.31,0.156,4.32,3.01,0.0366,0.24,0.458,32.7,25.0,74,23,400,3.6,10.6,5.4,5.9,6.2,6.8,6.1,5.1,5.4,4.8,6.6,13.8,5.6,7.3,93.2,0,0,0,0,0,0
46.1,48.4,43.8,39.0,36.4,41.6,47.2,48.4,46.0,19.4,20.0,18.8,0.586,6.53,0.187,6.12,5.73,7.78,0.167,4.45,3.17,0.0366,0.247,0.488,32.7,25.0,74,24,400,3.7,9.7,5.0,5.7,5.7,5.8,6.0,5.1,6.5,5.0,6.6,11.8,4.6,7.6,88.8,0,0,0,0,0,0
40.1,40.0,40.2,37.4,38.8,36.0,41.8,42.2,41.4,20.7,19.2,22.2,0.619,6.92,0.194,6.54,6.09,8.19,0.174,4.76,3.3,0.0364,0.26,0.512,32.6,25.0,73,23,400,3.7,11.4,5.0,5.1,5.3,5.5,6.1,6.1,5.7,5.6,5.9,12.3,3.9,7.2,88.8,0,0,0,0,0,0
43.6,43.2,44.0,30.0,28.4,31.6,42.6,42.0,43.2,19.1,18.8,19.4,0.645,7.26,0.2,6.82,6.34,8.56,0.179,4.98,3.49,0.0366,0.27,0.536,32.4,25.0,70,22,400,2.8,12.8,5.2,5.4,6.0,5.4,5.9,6.2,4.0,4.8,6.3,12.1,3.7,7.5,88.1,0,0,0,0,0,0
43.9,43.6,44.2,28.8,25.8,31.8,50.4,49.2,51.6,18.3,16.6,20.0,0.153,2.07,0.0713,1.48,2.1,2.34,0.0471,1.27,0.955,0.0365,0.114,0.144,45.4,38.0,94,38,200,46.7,7.33,2.67,3.67,2.0,4.0,3.33,4.67,5.0,2.33,2.67,7.33,3.0,7.0,102.0,0,0,0,0,0,0
35.3,38.6,32.0,30.3,34.2,26.4,31.2,34.0,28.4,20.3,21.8,18.8,0.159,2.14,0.0717,1.55,2.19,2.41,0.0467,1.35,0.986,0.0358,0.116,0.154,39.5,31.0,89,30,200,26.8,6.5,3.0,3.25,2.25,3.0,3.75,3.38,3.25,3.38,2.38,6.25,2.38,5.75,75.3,0,0,0,0,0,0
30.4,28.8,32.0,29.0,28.0,30.0,30.3,30.6,30.0,18.2,15.8,20.6,0.153,2.19,0.0728,1.62,2.23,2.5,0.0469,1.42,1.01,0.0357,0.117,0.158,36.6,27.0,66,19,200,8.3,5.7,3.4,3.1,2.6,3.2,3.5,2.5,2.8,3.2,2.4,6.0,1.9,4.3,52.9,0,0,0,0,0,0
35.7,34.2,37.2,29.5,28.4,30.6,31.3,28.4,34.2,19.5,17.0,22.0,0.158,2.25,0.0742,1.68,2.32,2.63,0.0489,1.45,1.05,0.0366,0.12,0.166,35.1,26.0,63,21,200,2.0,4.8,2.9,2.7,2.8,3.8,3.0,1.7,3.9,2.5,2.7,5.2,1.5,3.3,42.8,0,0,0,0,0,0
33.4,35.0,31.8,32.1,32.6,31.6,33.1,32.0,34.2,18.7,17.0,20.4,0.177,2.32,0.0781,1.78,2.39,2.75,0.0527,1.53,1.11,0.0376,0.123,0.169,34.2,25.0,66,22,200,2.1,4.8,2.0,2.6,2.7,2.7,2.9,2.2,3.7,2.4,3.3,5.2,1.5,3.5,41.6,0,0,0,0,0,0
32.4,32.2,32.6,29.8,31.6,28.0,32.8,34.8,30.8,18.6,18.0,19.2,0.178,2.4,0.0799,1.88,2.45,2.77,0.0552,1.59,1.14,0.0367,0.128,0.179,33.4,25.0,66,21,200,2.0,5.1,2.4,2.9,2.3,2.8,2.5,2.5,3.1,2.8,3.6,6.5,2.2,3.9,44.6,0,0,0,0,0,0
34.0,31.8,36.2,32.0,32.0,32.0,32.3,33.6,31.0,20.6,22.8,18.4,0.184,2.46,0.0811,1.94,2.54,2.85,0.0571,1.66,1.2,0.0371,0.129,0.186,32.6,24.0,63,21,200,1.9,5.0,3.6,2.9,2.9,3.2,2.2,2.4,2.8,2.9,3.0,6.6,2.1,3.6,45.1,0,0,0,0,0,0
34.3,34.6,34.0,30.2,27.4,33.0,32.7,32.6,32.8,19.2,17.2,21.2,0.206,2.59,0.0868,2.03,2.58,3.02,0.0582,1.71,1.22,0.0379,0.133,0.194,32.1,24.0,62,21,200,2.0,5.3,3.4,3.4,2.9,2.0,2.6,3.2,2.7,2.6,2.8,5.9,1.8,3.2,43.8,0,0,0,0,0,0
32.2,34.4,30.0,28.8,26.0,31.6,33.7,33.2,34.2,18.7,19.6,17.8,0.207,2.68,0.0878,2.16,2.66,3.07,0.0631,1.8,1.29,0.0359,0.138,0.196,31.6,24.0,62,21,200,2.1,5.3,3.0,3.2,2.5,2.0,2.9,3.1,3.3,2.8,2.9,5.3,2.6,3.7,44.7,0,0,0,0,0,0
33.8,34.8,32.8,31.3,33.2,29.4,31.3,31.8,30.8,18.9,20.4,17.4,0.221,2.79,0.0883,2.22,2.82,3.17,0.0674,1.84,1.33,0.037,0.14,0.207,31.5,24.0,69,21,200,2.2,4.8,2.7,2.3,3.0,2.3,2.8,3.1,3.3,2.5,2.8,5.5,2.8,4.7,44.8,0,0,0,0,0,0
36.2,37.4,35.0,31.7,29.2,34.2,33.4,33.0,33.8,19.7,22.2,17.2,0.233,2.86,0.0943,2.28,2.95,3.33,0.0699,1.93,1.37,0.0372,0.143,0.213,31.1,23.0,69,21,200,2.1,5.6,2.4,2.4,2.9,1.9,2.8,3.1,2.9,3.2,2.4,6.2,2.4,4.0,44.3,0,0,0,0,0,0
31.8,29.6,34.0,29.7,30.4,29.0,32.0,30.2,33.8,19.2,23.6,14.8,0.249,2.97,0.0971,2.39,3.01,3.41,0.0712,2.0,1.41,0.0371,0.145,0.22,30.8,23.0,67,20,200,2.3,6.5,2.5,3.1,2.2,2.6,3.0,2.8,2.9,3.3,3.4,6.5,2.7,3.0,46.8,0,0,0,0,0,0
33.0,32.2,33.8,30.0,29.0,31.0,32.7,31.4,34.0,20.0,17.4,22.6,0.255,3.04,0.0981,2.44,3.07,3.54,0.0729,2.07,1.46,0.0362,0.149,0.224,30.5,23.0,64,20,200,2.1,6.0,2.2,3.1,2.3,3.0,2.7,2.4,2.9,2.7,3.5,5.9,2.3,3.5,44.6,0,0,0,0,0,0
34.0,33.8,34.2,29.2,27.4,31.0,32.4,30.2,34.6,18.5,22.6,14.4,0.256,3.11,0.0995,2.55,3.15,3.63,0.0728,2.12,1.5,0.0371,0.15,0.233,30.4,23.0,66,22,200,1.0,5.4,2.6,2.4,3.5,2.2,2.9,2.6,2.5,3.3,2.9,5.1,1.4,4.3,42.1,0,0,0,0,0,0
30.9,34.0,27.8,29.5,28.2,30.8,31.9,35.6,28.2,18.6,15.8,21.4,0.279,3.19,0.104,2.66,3.19,3.68,0.0801,2.19,1.56,0.0371,0.153,0.242,30.0,23.0,63,21,200,1.2,5.2,2.1,2.2,2.7,1.7,3.2,3.2,2.0,3.2,3.6,5.1,1.7,4.1,41.2,0,0,0,0,0,0
34.4,33.0,35.8,33.2,31.8,34.6,31.3,34.6,28.0,21.0,19.2,22.8,0.282,3.28,0.105,2.74,3.31,3.84,0.0802,2.26,1.59,0.0382,0.158,0.251,29.8,23.0,61,20,200,1.5,5.8,1.8,2.3,2.3,2.4,2.7,2.7,1.9,3.2,4.2,5.8,2.0,3.7,42.3,0,0,0,0,0,0
35.0,37.6,32.4,30.5,32.6,28.4,35.2,37.2,33.2,18.8,16.4,21.2,0.301,3.42,0.11,2.84,3.49,3.95,0.086,2.33,1.66,0.0373,0.161,0.261,29.7,22.0,62,21,200,1.6,6.9,2.8,2.1,2.8,2.3,2.6,2.1,2.5,3.1,3.5,5.9,1.8,3.7,43.7,0,0,0,0,0,0
33.7,32.6,34.8,29.6,31.6,27.6,29.8,32.2,27.4,19.3,17.2,21.4,0.322,3.56,0.117,3.0,3.66,4.15,0.0913,2.49,1.76,0.0364,0.169,0.279,29.5,22.0,63,21,200,1.8,7.1,3.4,2.7,3.5,1.9,2.6,2.2,3.7,2.6,2.7,6.3,2.5,3.4,46.4,0,0,0,0,0,0
32.7,36.2,29.2,30.7,31.2,30.2,33.8,31.8,35.8,18.8,15.4,22.2,0.336,3.76,0.12,3.17,3.88,4.37,0.0971,2.63,1.86,0.0363,0.174,0.293,29.4,22.0,61,21,200,1.2,6.5,3.3,2.9,3.9,2.2,2.2,2.7,4.5,2.5,2.6,6.3,3.0,3.0,46.8,0,0,0,0,0,0
38.9,37.6,40.2,35.5,35.6,35.4,46.5,44.8,48.2,20.0,23.8,16.2,0.325,3.73,0.117,3.19,3.48,4.2,0.0914,2.47,1.72,0.0377,0.172,0.276,42.0,33.0,96,31,300,46.6,8.0,4.57,3.86,2.71,3.57,4.29,4.0,5.0,3.57,3.71,7.43,3.14,6.86,107.0,0,0,0,0,0,0
38.2,37.2,39.2,33.0,33.8,32.2,39.4,36.2,42.6,19.2,16.2,22.2,0.34,3.84,0.12,3.22,3.59,4.26,0.0939,2.53,1.78,0.0377,0.175,0.279,38.2,28.0,92,26,300,25.8,8.0,4.4,3.6,2.3,3.6,5.1,4.1,5.4,4.3,4.2,8.7,3.1,6.0,88.6,0,0,0,0,0,0
35.7,35.0,36.4,33.8,32.8,34.8,44.8,48.0,41.6,19.2,17.4,21.0,0.343,3.93,0.121,3.33,3.56,4.4,0.0941,2.57,1.81,0.0377,0.272,0.281,36.0,27.0,62,21,300,3.9,8.1,4.2,2.9,3.6,3.8,4.5,3.2,4.8,4.8,3.7,8.5,3.1,5.1,64.2,0,0,0,0,0,0
36.6,36.0,37.2,37.8,38.2,37.4,40.8,42.8,38.8,19.1,19.8,18.4,0.339,4.01,0.118,3.5,3.65,4.4,0.0992,2.59,1.86,0.0379,0.541,0.288,34.4,25.0,62,20,300,3.3,8.2,4.3,4.4,4.8,4.4,3.3,3.2,4.1,4.5,2.8,7.9,2.6,5.7,63.5,0,0,0,0,0,0
39.2,38.8,39.6,34.1,32.4,35.8,38.9,39.0,38.8,19.3,19.0,19.6,0.348,4.05,0.123,3.61,3.68,4.52,0.0988,2.66,1.9,0.0391,0.544,0.294,33.9,25.0,70,21,300,2.5,7.9,4.0,5.6,4.7,4.0,3.9,4.4,4.1,4.0,3.6,8.9,3.5,5.0,66.1,0,0,0,0,0,0
37.1,35.4,38.8,33.9,33.8,34.0,39.9,42.4,37.4,18.9,20.4,17.4,0.357,4.14,0.125,3.71,3.65,4.63,0.101,2.75,1.94,0.0381,0.551,0.301,33.1,25.0,71,22,300,2.2,8.4,3.4,5.3,3.8,4.2,4.0,4.2,3.3,5.1,4.3,8.6,4.0,5.6,66.4,0,0,0,0,0,0
36.1,35.8,36.4,34.1,32.6,35.6,35.9,34.6,37.2,19.1,19.8,18.4,0.352,4.2,0.125,3.78,3.68,4.65,0.0984,2.73,1.96,0.039,0.552,0.3,32.7,24.0,67,21,300,2.7,7.1,3.5,4.7,4.0,4.3,4.0,3.4,3.1,5.9,4.8,8.5,2.9,6.7,65.6,0,0,0,0,0,0
36.8,37.4,36.2,33.7,32.6,34.8,38.9,37.2,40.6,19.3,17.8,20.8,0.339,4.29,0.124,3.91,3.71,4.77,0.0996,2.84,2.02,0.039,0.553,0.309,32.3,24.0,66,21,300,2.7,7.2,5.0,3.9,4.1,3.8,4.4,3.7,4.9,4.6,4.6,7.7,2.2,5.5,64.3,0,0,0,0,0,0
37.7,35.6,39.8,34.4,34.2,34.6,36.5,36.0,37.0,20.9,17.0,24.8,0.363,4.4,0.128,3.98,3.83,4.91,0.103,2.86,2.04,0.038,0.557,0.317,32.0,24.0,64,22,300,2.5,9.5,4.7,3.7,5.1,4.0,4.4,3.6,5.0,3.7,4.3,7.3,2.6,4.2,64.6,0,0,0,0,0,0
39.5,40.4,38.6,34.7,35.4,34.0,39.4,40.2,38.6,18.8,15.0,22.6,0.374,4.5,0.132,4.1,3.91,5.01,0.107,2.96,2.11,0.038,0.561,0.318,31.9,24.0,66,23,300,2.9,9.1,4.1,4.2,5.3,3.9,4.7,3.2,4.6,4.1,4.5,9.1,3.4,5.2,68.3,0,0,0,0,0,0
37.6,38.0,37.2,33.3,34.8,31.8,38.0,37.6,38.4,19.9,17.2,22.6,0.363,4.58,0.128,4.16,3.98,5.11,0.105,2.98,2.14,0.038,0.562,0.326,31.7,24.0,68,23,300,3.4,8.3,3.9,4.9,3.2,4.1,4.8,3.5,4.3,4.2,4.1,8.7,2.8,6.6,66.8,0,0,0,0,0,0
36.3,35.6,37.0,34.2,36.0,32.4,37.5,35.0,40.0,20.3,18.4,22.2,0.377,4.7,0.135,4.23,3.97,5.13,0.107,3.05,2.19,0.0371,0.561,0.333,31.5,24.0,70,23,300,3.7,8.9,3.8,4.1,2.7,4.7,5.2,4.4,4.4,3.5,3.8,7.6,1.9,6.2,64.9,0,0,0,0,0,0
37.6,38.6,36.6,34.7,35.2,34.2,38.7,38.0,39.4,19.1,22.0,16.2,0.378,4.74,0.135,4.38,4.01,5.28,0.108,3.15,2.18,0.0381,0.565,0.339,31.2,24.0,66,22,300,2.7,9.6,3.9,4.0,4.1,4.9,3.9,4.5,4.7,3.4,3.3,7.9,2.8,5.7,65.4,0,0,0,0,0,0
39.4,40.6,38.2,33.8,32.6,35.0,36.6,33.2,40.0,18.8,21.4,16.2,0.373,4.8,0.135,4.47,4.03,5.32,0.111,3.19,2.21,0.0381,0.564,0.342,30.9,23.0,63,20,300,2.3,9.8,4.0,4.5,4.7,4.8,3.4,3.7,3.4,3.6,3.3,7.6,3.2,6.1,64.4,0,0,0,0,0,0
39.2,36.8,41.6,33.7,32.2,35.2,39.8,41.0,38.6,19.1,17.8,20.4,0.393,4.9,0.134,4.6,4.1,5.49,0.11,3.22,2.28,0.0381,0.567,0.345,31.0,23.0,71,21,300,3.0,8.8,4.2,3.8,3.5,4.9,4.6,3.5,3.6,3.8,3.9,8.0,2.7,7.4,65.7,0,0,0,0,0,0
36.4,39.4,33.4,34.7,34.0,35.4,39.2,38.0,40.4,20.0,17.8,22.2,0.396,5.03,0.139,4.69,4.2,5.59,0.115,3.23,2.34,0.038,0.568,0.355,30.7,23.0,73,21,300,2.6,7.1,3.5,4.1,4.0,5.0,4.8,3.1,4.5,4.2,4.1,8.1,2.8,7.7,65.6,0,0,0,0,0,0
38.0,38.2,37.8,34.7,32.6,36.8,36.3,38.8,33.8,19.5,16.6,22.4,0.416,5.24,0.147,4.89,4.44,5.87,0.119,3.42,2.43,0.0372,0.576,0.376,30.7,23.0,67,22,300,2.6,7.3,4.1,4.5,4.3,5.1,4.8,3.4,3.9,3.7,3.7,9.0,2.9,6.1,65.4,0,0,0,0,0,0
36.1,34.0,38.2,32.7,35.8,29.6,37.8,37.0,38.6,19.0,21.4,16.6,0.435,5.48,0.149,5.23,4.63,6.22,0.124,3.64,2.57,0.0389,0.582,0.399,30.6,23.0,69,23,300,2.0,8.1,5.2,4.2,4.4,5.0,4.2,4.4,3.7,3.5,4.4,10.5,3.0,5.5,68.1,0,0,0,0,0,0
36.5,39.6,33.4,24.6,24.4,24.8,36.9,34.2,39.6,18.8,15.8,21.8,0.461,5.74,0.153,5.42,4.86,6.51,0.129,3.86,2.69,0.037,0.589,0.412,30.5,23.0,70,21,300,1.8,8.1,4.8,4.8,3.9,4.0,3.1,3.9,3.7,4.4,4.3,8.4,2.8,5.6,63.6,0,0,0,0,0,0
57.4,57.0,57.8,37.6,38.6,36.6,61.8,61.4,62.2,19.7,21.4,18.0,0.383,5.08,0.132,4.76,4.4,5.74,0.103,3.38,2.28,0.0379,0.204,0.353,38.1,30.0,89,30,400,48.2,8.0,4.5,4.67,4.5,5.17,3.33,3.5,4.33,3.33,4.83,7.17,2.17,6.17,110.0,0,0,0,0,0,0
41.3,41.0,41.6,38.4,40.6,36.2,43.2,42.0,44.4,19.9,23.6,16.2,0.38,5.2,0.13,4.72,4.49,5.91,0.105,3.4,2.29,0.0378,0.199,0.357,35.9,28.0,88,30,400,39.6,11.0,4.4,5.4,5.5,6.0,4.4,3.8,4.9,4.8,6.4,8.7,2.9,7.2,115.0,0,0,0,0,0,0
43.9,43.8,44.0,37.6,37.4,37.8,42.6,42.8,42.4,20.1,20.8,19.4,0.374,5.26,0.132,4.74,4.55,5.89,0.106,3.41,2.42,0.0369,0.201,0.359,34.3,26.0,70,22,400,15.9,12.9,6.5,5.6,5.3,5.4,5.6,4.7,5.3,5.4,6.9,10.7,3.1,6.5,99.8,0,0,0,0,0,0
41.7,40.0,43.4,38.0,37.2,38.8,42.9,45.4,40.4,18.7,23.2,14.2,0.378,5.44,0.135,4.88,4.63,6.09,0.107,3.49,2.46,0.037,0.202,0.365,33.7,26.0,70,22,400,3.8,12.4,7.1,5.3,5.7,4.0,5.9,4.9,6.6,5.1,6.1,10.0,3.2,6.8,86.9,0,0,0,0,0,0
42.7,43.8,41.6,39.5,38.4,40.6,40.9,41.0,40.8,19.9,18.6,21.2,0.406,5.43,0.139,4.91,4.68,6.18,0.115,3.57,2.44,0.0369,0.205,0.376,33.1,25.0,70,23,400,5.5,12.2,5.5,6.4,6.6,4.1,5.3,5.0,5.2,4.7,6.3,9.5,4.2,7.6,88.1,0,0,0,0,0,0
41.5,43.0,40.0,37.1,35.2,39.0,43.2,43.8,42.6,19.3,16.6,22.0,0.4,5.48,0.138,5.08,4.68,6.16,0.115,3.59,2.53,0.0379,0.205,0.381,33.0,25.0,72,24,400,5.3,11.0,6.0,6.8,5.9,5.5,5.3,5.7,4.1,4.2,6.2,11.8,5.0,6.6,89.4,0,0,0,0,0,0
41.4,40.2,42.6,37.1,35.5,38.7,38.4,39.4,37.4,19.2,21.6,16.8,0.398,5.5,0.138,5.07,4.71,6.22,0.112,3.66,2.57,0.0389,0.207,0.381,32.7,25.0,72,24,400,3.8,10.9,5.9,5.3,5.0,6.3,5.4,6.3,5.8,5.0,5.5,10.9,3.4,6.4,85.9,0,0,0,0,0,0
44.5,44.4,44.6,39.2,39.3,39.1,42.0,41.8,42.2,20.6,20.0,21.2,0.4,5.59,0.14,5.1,4.88,6.42,0.113,3.76,2.62,0.0379,0.21,0.386,32.5,25.0,71,24,400,3.3,12.3,5.1,5.3,4.1,5.2,4.9,6.2,6.8,5.4,6.4,9.2,1.9,6.3,82.4,0,0,0,0,0,0
42.5,42.8,42.2,37.4,36.4,38.4,41.7,39.0,44.4,18.6,16.0,21.2,0.41,5.64,0.138,5.18,4.96,6.48,0.118,3.77,2.62,0.0387,0.213,0.393,32.7,25.0,82,24,400,3.0,13.5,4.8,5.5,3.9,4.5,4.7,6.6,6.4,5.7,6.5,11.1,2.7,7.3,86.2,0,0,0,0,0,0
41.9,42.0,41.8,38.3,39.6,37.0,43.3,43.4,43.2,20.4,23.0,17.8,0.398,5.71,0.141,5.29,4.97,6.48,0.118,3.77,2.71,0.0377,0.214,0.401,32.3,25.0,79,23,400,4.0,12.0,5.8,5.2,4.3,4.4,5.4,6.3,5.6,6.2,4.2,11.4,2.9,8.3,86.0,0,0,0,0,0,0
44.3,42.8,45.8,38.8,38.6,39.0,42.6,42.2,43.0,19.3,17.0,21.6,0.431,5.78,0.145,5.29,5.11,6.75,0.12,3.88,2.74,0.0386,0.215,0.405,32.2,25.0,67,23,400,4.1,10.9,6.9,4.6,4.7,5.3,7.2,5.4,6.0,5.6,4.5,11.3,3.5,6.9,86.9,0,0,0,0,0,0
42.5,43.4,41.6,40.1,40.4,39.8,42.1,43.8,40.4,19.7,19.0,20.4,0.414,5.84,0.147,5.42,5.15,6.75,0.12,3.96,2.77,0.0387,0.219,0.409,32.2,25.0,72,24,400,3.6,11.3,7.1,4.9,4.9,6.0,6.5,5.1,5.9,5.3,5.9,12.6,4.3,6.9,90.3,0,0,0,0,0,0
41.7,41.0,42.4,37.8,36.2,39.4,43.4,42.8,44.0,19.9,16.2,23.6,0.424,5.81,0.147,5.51,5.25,6.82,0.122,4.02,2.82,0.0377,0.221,0.414,32.0,25.0,75,23,400,4.2,11.1,6.2,6.0,5.7,5.7,5.0,4.7,6.0,5.0,4.8,11.6,3.5,7.2,86.7,0,0,0,0,0,0
42.4,40.8,44.0,40.8,41.8,39.8,41.2,41.6,40.8,19.1,21.8,16.4,0.431,5.92,0.146,5.54,5.28,6.92,0.124,4.13,2.85,0.0376,0.223,0.415,32.0,25.0,73,23,400,3.5,11.9,6.3,5.1,5.9,4.8,5.2,5.4,5.7,5.2,5.3,10.8,3.5,7.0,85.6,0,0,0,0,0,0
44.9,43.6,46.2,38.6,36.8,40.4,44.6,47.4,41.8,19.0,22.6,15.4,0.44,6.01,0.148,5.56,5.44,7.06,0.125,4.15,2.9,0.0376,0.226,0.417,32.1,25.0,75,25,400,3.7,12.0,6.8,5.1,4.7,4.3,5.2,5.9,4.7,6.0,5.9,10.7,3.2,7.3,85.5,0,0,0,0,0,0
38.8,41.6,36.0,39.6,40.0,39.2,41.7,41.2,42.2,20.4,20.4,20.4,0.441,6.07,0.154,5.71,5.47,7.14,0.127,4.16,2.96,0.0376,0.227,0.426,32.0,25.0,72,24,400,4.4,11.1,5.9,5.1,5.3,6.4,5.6,5.7,5.7,5.2,5.6,10.8,3.6,7.3,87.7,0,0,0,0,0,0
46.1,47.4,44.8,37.5,35.8,39.2,45.3,44.6,46.0,19.2,16.0,22.4,0.473,6.44,0.159,5.92,5.82,7.56,0.133,4.41,3.09,0.0366,0.236,0.448,32.0,25.0,72,25,400,3.3,10.1,5.1,4.8,5.7,6.8,5.8,6.6,6.1,4.8,5.2,9.5,3.8,8.7,86.3,0,0,0,0,0,0
41.4,39.4,43.4,38.1,36.2,40.0,43.0,41.0,45.0,18.7,22.4,15.0,0.485,6.7,0.168,6.26,6.07,7.98,0.142,4.61,3.24,0.0366,0.246,0.478,32.0,25.0,70,24,400,3.8,9.0,5.5,6.3,4.9,5.3,5.6,6.7,5.3,4.7,4.9,9.0,2.7,9.6,83.3,0,0,0,0,0,0
44.2,44.6,43.8,30.2,29.2,31.2,43.8,44.2,43.4,21.1,20.0,22.2,0.534,7.1,0.176,6.58,6.43,8.37,0.151,4.86,3.42,0.0384,0.258,0.506,31.9,25.0,71,23,400,4.6,8.4,6.7,5.6,4.7,5.6,5.4,5.2,4.8,4.6,5.7,10.7,3.4,8.2,83.6,0,0,0,0,0,0
41.9,39.4,44.4,28.1,29.6,26.6,49.7,51.6,47.8,19.1,18.2,20.0,0.157,2.07,0.0725,1.96,1.66,2.3,0.0479,1.32,0.953,0.038,0.11,0.153,39.5,31.0,96,32,200,49.3,7.67,2.0,6.0,3.33,5.0,1.67,4.33,3.67,3.0,3.67,5.67,1.67,4.67,102.0,0,0,0,0,0,0
31.6,32.2,31.0,29.1,27.4,30.8,30.9,29.8,32.0,18.7,19.6,17.8,0.158,2.12,0.0759,2.01,1.72,2.34,0.0467,1.34,0.98,0.0371,0.113,0.161,35.2,27.0,88,26,200,28.3,6.13,2.0,3.25,3.13,3.25,1.63,3.5,3.5,3.0,3.75,5.63,1.75,3.75,72.5,0,0,0,0,0,0
31.3,30.6,32.0,30.3,30.8,29.8,32.8,33.4,32.2,20.2,22.2,18.2,0.161,2.23,0.0747,2.12,1.79,2.48,0.05,1.42,1.02,0.0383,0.115,0.163,33.6,25.0,66,19,200,8.5,7.1,2.8,2.2,2.8,2.1,2.2,2.6,3.4,2.8,3.4,4.9,1.8,3.8,50.4,0,0,0,0,0,0
32.4,36.0,28.8,31.1,32.0,30.2,30.2,31.6,28.8,18.6,21.4,15.8,0.165,2.29,0.075,2.18,1.86,2.54,0.0508,1.44,1.04,0.0372,0.115,0.164,32.1,24.0,67,19,200,1.8,7.4,3.1,2.9,2.0,1.8,2.3,2.2,3.1,2.1,3.1,3.7,1.3,4.5,41.3,0,0,0,0,0,0
34.0,35.4,32.6,30.9,30.4,31.4,34.3,36.2,32.4,19.5,17.2,21.8,0.167,2.4,0.0783,2.28,1.94,2.65,0.0523,1.52,1.11,0.0363,0.12,0.177,31.0,23.0,62,19,200,1.4,6.0,3.3,2.3,1.6,2.0,2.3,3.2,2.7,2.4,3.2,4.8,1.1,4.4,40.7,0,0,0,0,0,0
32.6,31.0,34.2,32.5,30.6,34.4,33.5,33.6,33.4,19.3,16.8,21.8,0.185,2.47,0.0807,2.35,2.04,2.78,0.0556,1.56,1.13,0.0372,0.121,0.179,30.6,23.0,62,20,200,1.1,6.5,3.4,2.2,1.7,2.6,2.4,3.8,2.6,3.1,2.8,6.5,1.8,4.4,44.9,0,0,0,0,0,0
31.8,30.4,33.2,30.0,29.0,31.0,32.3,31.6,33.0,18.6,17.0,20.2,0.192,2.54,0.0828,2.41,2.12,2.86,0.0601,1.65,1.21,0.037,0.126,0.187,29.9,22.0,62,20,200,1.5,5.9,2.9,3.0,2.2,2.8,2.7,3.0,3.0,2.6,2.6,5.7,2.1,4.4,44.4,0,0,0,0,0,0
32.1,31.2,33.0,30.4,31.2,29.6,29.9,31.4,28.4,19.0,17.8,20.2,0.204,2.58,0.0854,2.52,2.16,2.98,0.0607,1.72,1.24,0.0371,0.127,0.19,29.4,22.0,63,19,200,1.3,5.2,2.8,3.6,3.3,2.6,2.7,3.0,3.1,2.1,3.1,4.9,1.8,3.8,43.3,0,0,0,0,0,0
34.7,31.6,37.8,34.9,37.6,32.2,34.0,33.4,34.6,19.9,17.6,22.2,0.2,2.63,0.0843,2.55,2.31,3.03,0.0621,1.75,1.28,0.0371,0.132,0.2,29.0,22.0,62,19,200,1.2,6.1,2.3,3.7,3.0,2.9,1.4,3.8,2.3,2.0,3.5,4.9,1.7,3.2,42.0,0,0,0,0,0,0
30.8,31.0,30.6,29.1,30.6,27.6,31.7,32.6,30.8,20.2,22.6,17.8,0.208,2.78,0.0895,2.66,2.32,3.17,0.0629,1.83,1.32,0.0379,0.134,0.207,28.7,21.0,61,19,200,1.5,6.3,2.8,3.1,2.5,3.5,1.9,3.6,2.3,2.5,3.0,6.1,1.9,3.1,44.1,0,0,0,0,0,0
32.0,33.6,30.4,30.8,28.2,33.4,33.8,32.8,34.8,19.1,18.2,20.0,0.224,2.85,0.0916,2.75,2.43,3.25,0.0687,1.94,1.37,0.0379,0.136,0.212,28.4,21.0,58,19,200,1.4,5.7,3.2,3.0,2.8,3.2,2.8,3.0,3.0,2.5,2.9,7.3,2.2,2.6,45.6,0,0,0,0,0,0
32.0,32.8,31.2,31.5,30.4,32.6,32.6,33.2,32.0,18.6,21.2,16.0,0.245,2.96,0.097,2.86,2.47,3.38,0.0719,1.96,1.42,0.0379,0.139,0.224,28.5,21.0,69,21,200,1.5,5.3,2.8,2.7,2.4,2.9,2.5,2.9,2.7,2.4,3.4,6.7,2.7,3.7,44.6,0,0,0,0,0,0
32.0,35.4,28.6,29.1,27.4,30.8,32.1,33.8,30.4,19.4,21.2,17.6,0.26,3.04,0.101,2.92,2.58,3.42,0.0728,2.07,1.45,0.0379,0.143,0.235,28.2,21.0,69,19,200,1.5,4.6,2.9,1.9,2.8,2.2,2.8,2.6,2.3,2.6,3.0,6.0,2.9,4.5,42.6,0,0,0,0,0,0
32.6,30.8,34.4,32.5,33.8,31.2,32.0,34.2,29.8,18.8,14.4,23.2,0.255,3.1,0.0985,3.0,2.69,3.58,0.074,2.11,1.5,0.037,0.145,0.238,28.0,21.0,64,19,200,1.8,5.3,2.5,2.7,2.8,2.0,3.6,3.0,2.6,2.5,3.0,5.4,2.2,3.1,42.5,0,0,0,0,0,0
32.2,36.6,27.8,30.7,30.2,31.2,33.0,29.8,36.2,18.8,17.6,20.0,0.255,3.21,0.0993,3.05,2.74,3.67,0.0739,2.19,1.56,0.037,0.149,0.248,28.0,21.0,63,20,200,2.5,5.7,2.9,3.1,2.2,2.1,3.9,3.4,3.3,2.4,2.9,5.4,1.5,3.8,45.1,0,0,0,0,0,0
34.3,33.8,34.8,30.2,27.6,32.8,34.0,36.0,32.0,19.0,23.0,15.0,0.261,3.27,0.1,3.2,2.84,3.74,0.0764,2.26,1.59,0.0378,0.152,0.255,28.0,21.0,66,21,200,2.4,4.7,3.3,2.4,2.3,1.7,2.9,2.9,3.6,3.1,2.7,6.3,1.7,4.4,44.4,0,0,0,0,0,0
32.0,31.4,32.6,31.3,30.4,32.2,35.9,37.2,34.6,19.5,18.2,20.8,0.261,3.34,0.103,3.3,2.95,3.92,0.0793,2.33,1.63,0.036,0.155,0.262,28.0,21.0,63,22,200,1.8,4.8,2.3,2.3,3.4,2.2,2.2,2.9,3.0,2.8,3.2,6.9,1.9,4.2,43.9,0,0,0,0,0,0
33.2,31.0,35.4,29.8,31.0,28.6,33.5,32.8,34.2,18.6,19.6,17.6,0.287,3.58,0.107,3.46,3.11,4.12,0.0846,2.48,1.73,0.0368,0.162,0.277,28.0,21.0,64,22,200,1.2,5.1,1.7,2.5,4.2,3.0,2.7,3.1,2.6,2.2,3.1,7.1,2.5,4.5,45.5,0,0,0,0,0,0
31.6,31.6,31.6,29.6,26.8,32.4,32.7,32.2,33.2,19.2,22.6,15.8,0.303,3.72,0.112,3.66,3.29,4.34,0.0893,2.6,1.83,0.0377,0.166,0.289,28.0,21.0,67,22,200,1.9,5.1,2.1,3.5,3.1,2.9,3.3,2.2,2.3,3.2,2.7,6.2,2.3,3.9,44.7,0,0,0,0,0,0
39.8,41.4,38.2,33.8,34.0,33.6,42.9,42.6,43.2,20.7,21.4,20.0,0.297,3.71,0.111,3.48,3.11,4.17,0.0864,2.45,1.69,0.0375,0.161,0.268,38.6,30.0,91,29,300,46.1,10.3,4.57,3.86,4.0,4.57,5.57,3.86,4.43,5.29,3.71,8.29,3.0,5.57,113.0,0,0,0,0,0,0
37.7,40.4,35.0,34.3,37.0,31.6,39.1,40.6,37.6,19.9,19.2,20.6,0.303,3.8,0.114,3.53,3.14,4.2,0.0881,2.5,1.74,0.0366,0.164,0.277,36.2,28.0,93,27,300,24.3,10.2,4.0,4.2,3.9,4.2,4.9,4.0,4.5,4.5,4.6,8.6,3.0,5.7,90.6,0,0,0,0,0,0
36.8,35.2,38.4,34.4,33.0,35.8,37.6,35.8,39.4,19.6,21.2,18.0,0.321,3.83,0.116,3.65,3.25,4.36,0.0905,2.53,1.76,0.0359,0.164,0.281,33.9,26.0,64,21,300,2.8,7.5,4.1,3.9,3.7,3.0,3.4,3.8,4.1,3.2,4.9,7.7,2.9,4.9,59.9,0,0,0,0,0,0
37.8,37.4,38.2,35.8,37.6,34.0,46.0,51.0,41.0,19.8,18.4,21.2,0.326,3.94,0.118,3.72,3.3,4.39,0.0978,2.62,1.8,0.0368,0.168,0.293,33.1,26.0,62,21,300,3.0,8.0,4.4,4.3,4.5,3.3,4.2,4.7,4.3,4.0,3.7,8.7,3.6,5.0,65.7,0,0,0,0,0,0
37.5,36.0,39.0,34.7,36.0,33.4,40.5,40.0,41.0,18.8,16.4,21.2,0.341,4.0,0.123,3.89,3.28,4.61,0.0995,2.7,1.86,0.0367,0.534,0.293,33.0,25.0,75,23,300,2.9,8.9,3.8,4.3,5.2,4.5,4.4,5.0,4.2,4.4,3.3,8.9,3.7,5.9,69.4,0,0,0,0,0,0
36.3,38.6,34.0,34.3,34.0,34.6,39.3,37.0,41.6,19.6,21.4,17.8,0.352,4.09,0.125,3.91,3.41,4.68,0.104,2.75,1.94,0.0359,0.535,0.301,32.6,25.0,73,22,300,2.7,7.2,3.2,4.7,4.4,4.3,4.5,4.9,4.2,5.0,3.9,8.6,3.2,6.0,66.8,0,0,0,0,0,0
37.0,34.2,39.8,33.8,37.4,30.2,39.9,39.4,40.4,19.4,19.2,19.6,0.356,4.15,0.126,4.06,3.41,4.79,0.104,2.75,1.95,0.036,0.542,0.305,32.1,24.0,70,22,300,2.9,6.8,4.0,4.3,3.9,3.9,4.0,5.2,4.9,5.0,4.3,9.8,3.3,5.7,68.0,0,0,0,0,0,0
39.3,41.8,36.8,33.7,35.2,32.2,37.7,38.2,37.2,19.3,19.6,19.0,0.351,4.32,0.122,4.08,3.56,4.84,0.105,2.85,2.02,0.0368,0.544,0.312,31.7,24.0,65,22,300,3.0,8.0,4.0,3.0,4.3,4.4,4.1,4.4,5.0,3.4,4.7,9.6,3.2,6.1,67.2,0,0,0,0,0,0
36.6,35.2,38.0,36.1,35.4,36.8,37.8,38.6,37.0,18.7,16.6,20.8,0.355,4.39,0.129,4.2,3.61,4.98,0.108,2.92,2.07,0.0368,0.544,0.318,31.5,24.0,68,22,300,2.8,8.1,3.5,3.5,4.6,4.5,4.6,3.1,4.7,3.3,5.0,8.8,3.4,6.1,66.0,0,0,0,0,0,0
39.4,39.8,39.0,34.3,32.0,36.6,38.6,36.6,40.6,21.3,21.8,20.8,0.391,4.43,0.135,4.27,3.73,5.08,0.116,2.99,2.1,0.0378,0.548,0.327,31.6,24.0,79,22,300,3.3,8.7,3.8,3.8,4.0,4.3,3.2,3.5,4.7,4.5,4.4,8.0,3.6,5.3,65.1,0,0,0,0,0,0
35.5,34.4,36.6,33.7,36.8,30.6,37.7,37.4,38.0,20.3,24.0,16.6,0.398,4.56,0.137,4.36,3.8,5.17,0.115,3.04,2.12,0.0378,0.55,0.337,31.3,24.0,76,21,300,2.9,9.7,4.0,4.0,3.6,4.0,3.8,4.4,4.2,5.8,4.6,8.9,3.9,5.2,69.0,0,0,0,0,0,0
37.6,38.4,36.8,34.6,32.6,36.6,39.8,37.0,42.6,19.2,19.4,19.0,0.404,4.67,0.136,4.49,3.82,5.21,0.118,3.05,2.16,0.037,0.553,0.341,30.9,23.0,62,20,300,2.3,9.7,3.5,3.4,3.4,3.8,3.9,4.7,3.6,5.8,4.9,8.5,2.8,6.2,66.5,0,0,0,0,0,0
37.3,39.8,34.8,34.5,34.0,35.0,38.5,38.4,38.6,18.9,22.2,15.6,0.421,4.7,0.141,4.54,3.89,5.36,0.119,3.13,2.21,0.0381,0.555,0.355,30.8,23.0,71,21,300,3.0,9.2,3.7,3.3,3.4,3.4,3.8,4.5,3.8,4.8,4.6,7.0,2.5,6.8,63.8,0,0,0,0,0,0
36.6,37.6,35.6,33.3,36.2,30.4,39.0,38.0,40.0,19.5,18.8,20.2,0.412,4.74,0.14,4.67,3.87,5.41,0.121,3.16,2.26,0.0372,0.556,0.351,30.8,23.0,72,22,300,2.9,9.2,4.3,3.9,4.2,3.8,4.8,3.9,4.2,3.9,4.6,8.1,3.6,6.1,67.5,0,0,0,0,0,0
37.9,36.2,39.6,34.5,33.0,36.0,38.7,37.0,40.4,20.2,21.2,19.2,0.42,4.9,0.141,4.69,4.0,5.53,0.125,3.22,2.29,0.0374,0.561,0.361,30.6,23.0,66,22,300,2.8,9.2,3.7,3.9,3.4,3.6,4.7,4.3,3.8,3.2,4.1,7.3,2.5,6.0,62.5,0,0,0,0,0,0
35.7,33.4,38.0,35.4,37.6,33.2,39.9,40.8,39.0,18.9,22.4,15.4,0.442,4.99,0.147,4.87,4.06,5.67,0.13,3.32,2.3,0.0375,0.561,0.377,30.4,23.0,64,22,300,2.8,7.8,4.1,3.5,2.9,3.1,5.2,4.2,3.9,4.0,4.7,8.1,2.8,6.1,63.2,0,0,0,0,0,0
38.2,35.6,40.8,34.2,34.8,33.6,37.2,34.8,39.6,21.2,19.4,23.0,0.459,5.24,0.153,5.19,4.3,5.99,0.135,3.46,2.43,0.0373,0.569,0.398,30.3,23.0,69,21,300,1.9,8.6,4.1,2.9,4.0,3.3,5.4,3.7,4.8,4.3,5.3,9.5,3.4,6.1,67.3,0,0,0,0,0,0
37.0,39.6,34.4,36.1,35.8,36.4,38.3,40.2,36.4,19.4,22.4,16.4,0.48,5.5,0.158,5.41,4.5,6.25,0.138,3.75,2.61,0.0375,0.58,0.422,30.1,23.0,69,20,300,1.4,9.8,4.9,3.6,3.7,3.1,4.8,4.8,5.1,3.2,4.5,9.6,2.7,5.3,66.5,0,0,0,0,0,0
35.3,36.0,34.6,23.5,21.2,25.8,36.8,38.0,35.6,18.6,16.2,21.0,0.5,5.72,0.162,5.75,4.71,6.59,0.145,3.94,2.75,0.0374,0.587,0.437,30.1,23.0,70,21,300,1.9,8.8,5.4,4.3,4.0,4.1,4.3,6.0,4.6,3.9,4.1,10.0,2.5,4.6,68.5,0,0,0,0,0,0
56.7,56.4,57.0,38.5,38.6,38.4,64.6,64.2,65.0,21.3,22.8,19.8,0.433,5.2,0.141,5.03,4.11,5.81,0.122,3.42,2.39,0.0374,0.565,0.375,40.8,31.0,96,31,400,48.2,9.5,4.5,6.5,4.5,3.5,3.67,2.67,3.33,3.67,3.67,7.33,3.0,6.83,111.0,0,0,0,0,0,0
42.1,44.8,39.4,40.4,38.8,42.0,41.8,40.8,42.8,20.0,17.8,22.2,0.429,5.36,0.14,5.09,4.23,5.87,0.124,3.43,2.41,0.0384,0.206,0.388,37.6,28.0,92,30,400,39.3,10.0,5.5,6.1,5.7,4.3,4.5,5.7,3.6,4.1,5.4,9.4,3.4,9.1,116.0,0,0,0,0,0,0
39.3,37.8,40.8,36.1,35.0,37.2,40.2,40.0,40.4,20.5,23.4,17.6,0.428,5.28,0.143,5.23,4.34,5.92,0.123,3.47,2.44,0.0384,0.208,0.382,36.4,27.0,77,23,400,15.8,10.9,5.5,5.9,6.2,5.3,6.9,6.5,5.6,5.0,5.8,11.5,4.1,8.3,103.0,0,0,0,0,0,0
42.8,43.4,42.2,37.4,39.2,35.6,42.5,41.4,43.6,18.8,15.6,22.0,0.419,5.4,0.143,5.2,4.45,6.08,0.123,3.54,2.49,0.0375,0.21,0.391,35.2,27.0,76,23,400,3.1,10.3,5.3,6.5,5.1,5.8,5.7,4.4,5.9,5.5,5.3,10.5,3.6,6.9,83.9,0,0,0,0,0,0
40.2,38.0,42.4,35.7,37.2,34.2,41.2,42.0,40.4,18.9,17.8,20.0,0.438,5.38,0.147,5.27,4.42,6.16,0.127,3.57,2.48,0.0365,0.214,0.384,34.4,26.0,73,22,400,3.1,9.6,4.9,5.9,4.8,6.2,5.5,5.2,5.2,5.8,6.4,10.4,3.7,8.2,84.9,0,0,0,0,0,0
41.9,40.8,43.0,39.4,42.6,36.2,42.9,43.0,42.8,19.4,20.8,18.0,0.436,5.44,0.145,5.25,4.55,6.28,0.126,3.54,2.53,0.0374,0.214,0.39,33.8,26.0,72,22,400,3.0,10.0,4.5,5.1,4.9,5.9,5.8,6.2,5.3,5.9,6.6,10.2,4.1,7.8,85.3,0,0,0,0,0,0
43.3,44.6,42.0,38.4,40.4,36.4,43.1,43.4,42.8,20.6,21.8,19.4,0.426,5.56,0.143,5.42,4.48,6.35,0.124,3.67,2.56,0.0364,0.218,0.396,33.3,25.0,69,23,400,3.2,12.5,4.9,4.9,5.0,5.9,4.6,5.9,4.2,5.5,4.8,10.0,3.4,8.6,83.4,0,0,0,0,0,0
42.4,41.0,43.8,38.2,39.2,37.2,44.0,47.6,40.4,19.9,21.2,18.6,0.431,5.61,0.145,5.52,4.64,6.49,0.127,3.7,2.62,0.0364,0.219,0.394,33.1,25.0,72,23,400,3.3,13.1,4.8,4.6,5.4,6.8,5.7,6.6,4.6,5.8,3.9,10.6,2.9,9.8,87.9,0,0,0,0,0,0
41.2,41.2,41.2,36.7,37.0,36.4,41.6,40.6,42.6,19.1,20.4,17.8,0.426,5.64,0.147,5.48,4.66,6.59,0.126,3.75,2.69,0.0374,0.223,0.4,32.9,25.0,75,23,400,3.2,11.3,4.7,4.9,6.0,6.2,5.3,6.3,5.5,5.9,5.0,10.8,2.8,9.7,87.6,0,0,0,0,0,0
41.0,37.2,44.8,37.5,40.0,35.0,42.9,42.8,43.0,19.0,19.2,18.8,0.428,5.86,0.146,5.6,4.78,6.61,0.128,3.86,2.7,0.0372,0.225,0.399,32.5,25.0,70,22,400,2.9,11.0,5.7,5.5,5.7,6.0,4.8,5.5,5.3,5.8,4.9,10.7,3.1,8.3,85.2,0,0,0,0,0,0
41.4,41.8,41.0,38.0,36.6,39.4,42.4,39.4,45.4,20.2,18.0,22.4,0.431,5.91,0.144,5.59,4.9,6.75,0.125,3.87,2.74,0.0373,0.225,0.414,32.4,25.0,72,22,400,2.8,10.5,4.8,6.9,5.3,6.6,5.7,5.6,4.5,5.0,5.0,10.9,3.5,7.3,84.4,0,0,0,0,0,0
45.2,43.2,47.2,38.7,38.4,39.0,44.0,43.2,44.8,19.2,16.6,21.8,0.433,5.89,0.151,5.72,4.95,6.79,0.126,3.95,2.79,0.0363,0.231,0.416,32.4,25.0,73,24,400,3.1,11.4,4.2,7.1,5.3,6.1,5.5,5.2,5.5,5.3,5.0,11.4,3.5,8.2,86.8,0,0,0,0,0,0
40.3,43.2,37.4,38.0,35.4,40.6,41.0,42.2,39.8,19.8,16.8,22.8,0.441,5.9,0.149,5.69,4.96,6.89,0.126,3.96,2.84,0.0381,0.232,0.412,32.5,25.0,75,25,400,3.0,11.8,6.3,5.9,5.5,5.2,4.8,5.0,5.8,6.2,4.1,9.5,3.5,8.5,85.1,0,0,0,0,0,0
42.9,44.8,41.0,38.2,38.4,38.0,44.6,44.8,44.4,19.2,17.6,20.8,0.452,6.07,0.152,5.78,5.06,6.99,0.13,4.14,2.89,0.0374,0.238,0.416,32.2,24.0,75,22,400,2.6,11.7,6.1,6.0,5.0,4.4,5.3,5.2,5.7,6.3,3.9,9.4,3.7,8.2,83.5,0,0,0,0,0,0
41.8,40.0,43.6,39.7,39.4,40.0,45.2,43.2,47.2,21.0,21.2,20.8,0.459,6.15,0.153,5.84,5.12,7.15,0.133,4.06,2.85,0.0373,0.24,0.426,31.9,24.0,67,22,400,3.2,11.8,5.6,5.7,5.0,4.8,5.2,5.5,5.7,5.8,5.5,11.5,3.8,6.8,85.9,0,0,0,0,0,0
42.9,41.8,44.0,38.3,38.8,37.8,43.5,44.2,42.8,19.0,19.4,18.6,0.465,6.21,0.156,5.89,5.29,7.18,0.134,4.12,2.94,0.0373,0.243,0.434,32.0,24.0,72,24,400,3.8,13.2,6.1,5.8,5.2,5.0,5.7,5.7,5.0,5.7,5.6,12.2,3.3,5.9,88.2,0,0,0,0,0,0
45.6,46.2,45.0,37.9,37.2,38.6,44.7,43.4,46.0,19.8,18.2,21.4,0.499,6.58,0.167,6.09,5.61,7.63,0.143,4.36,3.06,0.0372,0.251,0.47,32.0,24.0,75,25,400,2.8,13.0,4.4,6.0,4.4,6.4,6.1,6.3,5.1,5.5,4.2,11.9,3.3,8.0,87.4,0,0,0,0,0,0
40.3,38.6,42.0,38.5,37.0,40.0,42.7,43.0,42.4,19.2,22.0,16.4,0.523,6.89,0.171,6.56,5.85,7.96,0.149,4.59,3.22,0.0373,0.263,0.486,32.0,24.0,75,24,400,2.8,12.1,4.5,6.2,5.8,7.0,4.5,6.0,6.1,4.5,4.8,12.8,4.4,7.9,89.4,0,0,0,0,0,0
43.2,41.2,45.2,29.0,29.4,28.6,43.7,43.8,43.6,18.8,20.8,16.8,0.551,7.24,0.178,6.86,6.15,8.42,0.158,4.85,3.42,0.0372,0.274,0.52,32.0,24.0,72,24,400,3.8,13.8,5.1,5.9,6.3,6.2,3.9,6.0,5.6,5.6,4.7,11.8,3.5,6.2,88.4,0,0,0,0,0,0
41.6,43.2,40.0,28.4,31.6,25.2,50.2,48.0,52.4,18.1,18.4,17.8,0.139,2.11,0.0679,1.91,1.73,2.39,0.0438,1.33,0.967,0.0373,0.111,0.14,42.0,34.0,92,34,200,49.3,5.33,4.67,3.33,4.0,4.33,4.67,4.0,2.67,3.0,6.33,9.0,2.67,4.0,107.0,0,0,0,0,0,0
33.4,31.8,35.0,29.8,31.2,28.4,31.4,33.4,29.4,20.0,20.6,19.4,0.149,2.19,0.0728,1.91,1.8,2.48,0.0472,1.38,0.978,0.0372,0.112,0.148,37.2,29.0,87,28,200,27.3,5.0,4.0,2.88,2.88,3.13,2.88,2.88,2.38,2.5,4.88,6.38,2.13,3.63,72.8,0,0,0,0,0,0
33.3,34.0,32.6,29.6,28.4,30.8,30.8,32.2,29.4,18.6,19.2,18.0,0.15,2.23,0.0733,2.04,1.9,2.53,0.0489,1.4,1.01,0.0371,0.113,0.151,35.0,27.0,60,20,200,7.8,5.5,3.3,2.6,2.2,2.6,2.8,2.6,2.4,2.1,3.8,5.1,1.6,4.1,48.5,0,0,0,0,0,0
33.6,33.8,33.4,31.2,32.0,30.4,33.5,30.2,36.8,20.1,16.4,23.8,0.161,2.36,0.0753,2.13,1.97,2.66,0.0498,1.44,1.04,0.037,0.115,0.159,33.2,25.0,63,20,200,1.7,5.3,2.5,2.1,2.9,3.1,3.2,2.5,2.7,2.2,3.0,5.0,1.5,4.9,42.6,0,0,0,0,0,0
33.3,31.8,34.8,29.6,26.0,33.2,33.9,30.8,37.0,18.1,20.0,16.2,0.17,2.43,0.0773,2.15,2.11,2.8,0.0525,1.49,1.11,0.0361,0.119,0.169,32.1,24.0,65,20,200,1.9,5.6,2.4,2.9,3.2,2.8,2.7,2.9,3.2,2.2,2.4,5.6,1.7,5.0,44.5,0,0,0,0,0,0
32.9,32.8,33.0,31.8,30.0,33.6,30.8,28.6,33.0,19.2,18.8,19.6,0.184,2.52,0.0796,2.24,2.14,2.9,0.0535,1.56,1.13,0.0371,0.123,0.173,31.3,24.0,65,19,200,1.9,6.9,3.0,3.1,2.6,1.8,2.8,2.8,2.7,2.3,2.8,6.1,1.9,4.7,45.4,0,0,0,0,0,0
34.1,33.4,34.8,30.6,28.8,32.4,33.1,32.6,33.6,19.1,22.2,16.0,0.191,2.6,0.0837,2.34,2.28,3.02,0.0586,1.65,1.19,0.0371,0.124,0.185,30.9,23.0,65,20,200,1.7,6.2,2.8,2.7,2.8,1.7,3.0,2.4,2.8,2.6,3.1,6.0,1.9,4.0,43.7,0,0,0,0,0,0
32.4,31.2,33.6,31.8,32.2,31.4,34.5,33.4,35.6,19.1,17.2,21.0,0.205,2.67,0.0862,2.4,2.33,3.05,0.0615,1.73,1.24,0.038,0.126,0.193,30.3,22.0,64,20,200,1.7,5.7,2.5,3.1,3.9,2.4,2.8,2.8,2.6,3.0,3.0,6.0,2.1,3.6,45.2,0,0,0,0,0,0
33.2,34.2,32.2,32.3,30.4,34.2,31.6,35.6,27.6,19.5,23.2,15.8,0.21,2.73,0.0898,2.51,2.43,3.18,0.064,1.78,1.3,0.037,0.129,0.207,30.1,22.0,60,20,200,2.2,4.9,3.2,2.3,4.0,3.4,2.7,2.6,2.3,2.9,3.2,6.7,2.7,3.4,46.5,0,0,0,0,0,0
33.1,29.4,36.8,30.4,28.6,32.2,35.0,32.6,37.4,19.9,17.4,22.4,0.213,2.86,0.0907,2.56,2.49,3.29,0.0641,1.85,1.33,0.0382,0.131,0.208,30.1,22.0,70,22,200,2.1,5.7,2.5,2.0,2.8,3.1,3.0,1.7,3.4,2.5,3.4,7.5,2.0,3.9,45.6,0,0,0,0,0,0
32.5,33.8,31.2,29.6,27.0,32.2,32.1,32.6,31.6,18.7,19.8,17.6,0.215,2.9,0.0927,2.71,2.58,3.44,0.0653,1.94,1.41,0.0371,0.135,0.219,29.6,22.0,67,19,200,1.6,6.1,2.1,2.2,2.2,2.7,2.5,2.2,3.8,3.2,2.9,7.1,1.5,4.2,44.3,0,0,0,0,0,0
32.7,33.6,31.8,30.0,31.0,29.0,32.5,36.4,28.6,18.1,14.4,21.8,0.218,3.04,0.092,2.73,2.68,3.47,0.064,2.01,1.44,0.0379,0.136,0.22,29.5,22.0,61,19,200,2.2,4.5,2.9,2.7,2.8,2.8,2.4,3.2,3.2,3.9,2.8,5.8,1.6,4.1,44.9,0,0,0,0,0,0
33.4,35.6,31.2,29.6,27.2,32.0,32.9,36.0,29.8,19.1,17.0,21.2,0.231,3.09,0.0959,2.88,2.79,3.62,0.0683,2.07,1.49,0.0361,0.141,0.231,29.4,22.0,65,21,200,2.7,4.6,3.0,3.1,2.5,3.1,2.5,2.8,2.8,2.9,3.7,5.2,1.4,3.9,44.2,0,0,0,0,0,0
32.5,34.2,30.8,30.7,31.0,30.4,31.6,30.8,32.4,18.8,15.4,22.2,0.235,3.18,0.0941,2.94,2.86,3.68,0.0678,2.14,1.54,0.0371,0.141,0.236,29.4,22.0,69,21,200,2.2,4.4,2.9,2.9,2.4,3.3,2.9,2.6,3.2,2.0,4.0,5.9,2.1,3.4,44.2,0,0,0,0,0,0
33.3,31.6,35.0,31.1,33.4,28.8,33.1,31.8,34.4,19.1,18.2,20.0,0.242,3.24,0.0982,3.0,2.91,3.76,0.0716,2.19,1.58,0.0371,0.146,0.241,29.4,22.0,70,23,200,1.3,5.7,3.7,2.9,2.4,2.8,3.0,3.0,2.8,2.9,3.1,6.3,2.5,3.9,46.3,0,0,0,0,0,0
33.4,34.0,32.8,30.6,31.8,29.4,33.5,34.0,33.0,18.3,19.2,17.4,0.264,3.38,0.102,3.14,2.99,3.89,0.0749,2.28,1.62,0.0363,0.149,0.247,29.2,22.0,65,23,200,1.3,5.4,4.1,3.0,2.5,2.8,2.4,3.2,2.1,2.8,2.8,5.5,2.1,4.2,44.2,0,0,0,0,0,0
33.6,32.4,34.8,29.7,30.4,29.0,33.0,30.0,36.0,19.0,16.6,21.4,0.267,3.46,0.104,3.23,3.13,4.07,0.0806,2.35,1.66,0.0371,0.154,0.259,29.0,22.0,63,21,200,1.7,4.4,2.9,3.2,3.3,3.2,2.2,3.0,1.5,2.6,2.6,4.6,1.9,3.8,40.9,0,0,0,0,0,0
32.1,29.8,34.4,30.0,29.2,30.8,33.1,37.0,29.2,20.2,23.6,16.8,0.29,3.65,0.109,3.44,3.3,4.26,0.0832,2.48,1.74,0.038,0.16,0.273,29.0,22.0,61,20,200,1.8,4.9,3.3,2.5,2.5,3.1,2.3,3.3,2.0,2.8,3.0,5.6,2.3,3.5,42.9,0,0,0,0,0,0
32.2,34.2,30.2,31.3,30.0,32.6,30.4,30.6,30.2,18.5,18.6,18.4,0.307,3.78,0.111,3.58,3.47,4.47,0.0871,2.6,1.84,0.038,0.165,0.285,28.9,22.0,64,21,200,1.6,5.1,3.1,1.9,2.4,2.6,2.7,3.5,2.9,2.7,3.9,6.5,2.2,3.0,44.1,0,0,0,0,0,0
37.9,38.0,37.8,33.5,35.4,31.6,43.7,46.4,41.0,19.1,16.4,21.8,0.296,3.73,0.11,3.44,3.24,4.24,0.085,2.46,1.7,0.0381,0.161,0.263,41.5,32.0,100,30,300,46.4,9.57,4.43,4.14,4.71,3.43,3.14,5.29,4.57,4.86,4.29,10.3,3.57,4.71,113.0,0,0,0,0,0,0
37.1,37.0,37.2,35.1,36.0,34.2,37.2,36.2,38.2,19.0,20.0,18.0,0.298,3.8,0.108,3.49,3.3,4.28,0.0837,2.48,1.73,0.0372,0.16,0.266,38.2,28.0,100,27,300,24.8,9.4,3.7,3.7,4.4,4.1,3.3,5.0,4.5,5.0,3.7,8.7,3.3,5.5,89.1,0,0,0,0,0,0
37.7,39.6,35.8,34.0,34.6,33.4,38.0,36.4,39.6,20.2,20.2,20.2,0.297,3.88,0.11,3.59,3.29,4.39,0.0843,2.56,1.76,0.0381,0.165,0.277,36.1,27.0,68,21,300,3.2,8.4,3.7,3.7,3.7,4.2,3.3,3.8,3.9,4.7,3.4,7.7,2.2,5.3,61.2,0,0,0,0,0,0
37.3,38.0,36.6,34.1,32.4,35.8,45.4,42.6,48.2,18.8,21.4,16.2,0.304,3.94,0.11,3.67,3.39,4.53,0.0858,2.59,1.82,0.0363,0.166,0.277,34.7,26.0,65,21,300,2.9,9.0,4.5,4.4,3.2,3.9,3.8,3.8,4.6,5.0,2.9,8.6,2.3,5.7,64.6,0,0,0,0,0,0
38.6,37.4,39.8,32.3,32.4,32.2,38.2,39.0,37.4,20.2,17.4,23.0,0.305,4.04,0.109,3.7,3.4,4.65,0.0889,2.62,1.84,0.0371,0.534,0.278,34.1,25.0,67,22,300,2.8,7.8,4.1,4.1,4.8,4.2,3.5,4.8,4.9,4.7,3.1,8.3,2.5,5.8,65.4,0,0,0,0,0,0
36.3,36.2,36.4,36.0,36.4,35.6,39.6,37.8,41.4,20.3,20.6,20.0,0.311,4.03,0.114,3.88,3.49,4.67,0.0902,2.7,1.89,0.0372,0.537,0.295,33.3,25.0,67,21,300,3.0,8.5,4.2,3.6,6.0,4.8,2.9,4.1,4.2,4.3,3.9,8.3,2.7,5.2,65.7,0,0,0,0,0,0
38.3,38.0,38.6,35.4,34.8,36.0,37.7,35.6,39.8,18.7,20.6,16.8,0.33,4.19,0.118,3.93,3.55,4.75,0.0935,2.72,1.94,0.0374,0.539,0.296,33.0,25.0,69,22,300,2.6,9.4,3.9,3.6,5.4,4.1,3.9,3.1,4.3,3.9,4.3,8.9,3.1,5.5,66.0,0,0,0,0,0,0
36.7,37.6,35.8,35.0,33.2,36.8,38.8,39.8,37.8,20.1,16.8,23.4,0.346,4.22,0.122,4.07,3.62,4.88,0.0999,2.8,1.99,0.0375,0.542,0.305,32.4,24.0,69,22,300,2.4,8.1,3.0,4.6,5.2,4.2,4.9,4.3,4.7,3.5,4.7,9.3,3.0,5.5,67.4,0,0,0,0,0,0
37.2,35.6,38.8,33.3,32.8,33.8,39.1,36.4,41.8,18.8,16.0,21.6,0.345,4.32,0.123,4.06,3.68,4.94,0.101,2.87,2.04,0.0376,0.542,0.31,31.8,24.0,67,19,300,2.5,8.3,3.5,4.4,4.1,4.4,4.6,4.4,5.0,3.2,4.6,9.1,3.0,5.4,66.5,0,0,0,0,0,0
37.5,35.6,39.4,34.8,33.4,36.2,37.2,39.0,35.4,19.3,22.4,16.2,0.367,4.33,0.129,4.18,3.7,5.08,0.105,2.96,2.08,0.0365,0.548,0.314,31.3,23.0,64,19,300,2.7,8.4,4.7,4.3,4.8,3.6,4.3,4.2,5.2,3.4,4.3,9.1,3.1,5.1,67.2,0,0,0,0,0,0
40.2,41.6,38.8,35.0,32.8,37.2,40.2,41.4,39.0,19.3,22.4,16.2,0.372,4.48,0.129,4.31,3.84,5.2,0.105,3.02,2.1,0.0374,0.55,0.328,31.2,23.0,61,21,300,2.6,8.4,4.7,4.6,4.1,3.9,3.9,3.9,4.8,4.4,4.7,8.3,3.6,5.3,67.2,0,0,0,0,0,0
36.4,33.8,39.0,35.8,37.0,34.6,36.0,37.2,34.8,19.7,21.2,18.2,0.373,4.49,0.131,4.34,3.91,5.17,0.107,3.07,2.14,0.0375,0.551,0.334,31.0,23.0,68,22,300,3.2,8.2,3.8,4.2,3.7,4.0,4.1,3.4,5.2,4.6,4.3,9.7,3.7,5.2,67.3,0,0,0,0,0,0
38.9,36.6,41.2,34.6,37.0,32.2,40.4,43.4,37.4,20.1,18.4,21.8,0.393,4.58,0.137,4.45,3.91,5.34,0.11,3.12,2.2,0.0366,0.552,0.339,31.0,23.0,76,21,300,2.7,8.2,3.7,3.7,4.4,4.1,4.0,3.8,4.6,4.6,4.8,10.4,3.5,4.9,67.4,0,0,0,0,0,0
38.4,38.8,38.0,35.8,36.6,35.0,39.1,37.2,41.0,20.0,19.4,20.6,0.408,4.71,0.14,4.55,3.98,5.45,0.117,3.23,2.29,0.0376,0.556,0.35,31.0,23.0,75,22,300,2.4,8.3,3.7,3.9,3.6,5.0,3.9,3.8,3.7,4.5,5.1,9.6,4.4,6.0,67.9,0,0,0,0,0,0
36.7,34.4,39.0,32.4,35.6,29.2,38.1,36.2,40.0,19.8,19.8,19.8,0.414,4.78,0.141,4.68,4.06,5.56,0.119,3.27,2.31,0.0377,0.558,0.357,30.8,23.0,69,21,300,2.7,8.3,4.0,4.4,3.9,4.9,4.1,3.6,3.8,3.8,4.8,9.4,4.1,5.6,67.4,0,0,0,0,0,0
37.4,36.2,38.6,36.3,37.8,34.8,40.4,37.2,43.6,18.0,16.4,19.6,0.415,4.85,0.144,4.82,4.12,5.72,0.122,3.33,2.35,0.0377,0.562,0.372,30.6,23.0,64,21,300,2.8,9.4,3.8,4.4,4.6,4.4,3.8,3.1,3.6,3.4,4.4,8.4,2.5,5.0,63.6,0,0,0,0,0,0
38.4,36.6,40.2,34.6,35.2,34.0,39.8,38.4,41.2,20.8,16.8,24.8,0.45,5.15,0.153,5.1,4.35,5.98,0.131,3.54,2.5,0.0376,0.57,0.394,30.6,23.0,66,22,300,3.5,9.3,3.3,3.9,4.7,4.0,4.7,4.0,4.0,3.6,4.7,8.9,2.5,6.0,67.1,0,0,0,0,0,0
38.5,37.2,39.8,36.4,36.4,36.4,38.7,39.6,37.8,19.6,20.6,18.6,0.479,5.46,0.16,5.36,4.59,6.27,0.138,3.77,2.66,0.0384,0.58,0.421,30.5,23.0,69,23,300,2.6,8.1,3.6,3.3,4.5,4.7,5.6,4.4,3.8,4.1,4.4,10.3,3.9,6.3,69.6,0,0,0,0,0,0
36.4,36.0,36.8,23.6,27.2,20.0,39.8,42.8,36.8,18.9,20.8,17.0,0.519,5.71,0.17,5.63,4.85,6.66,0.148,3.96,2.79,0.0378,0.589,0.437,30.5,23.0,65,23,300,2.3,8.3,4.9,3.1,3.4,5.6,4.7,3.7,3.6,4.5,4.3,10.0,4.5,4.9,67.8,0,0,0,0,0,0
56.8,56.4,57.2,39.0,38.0,40.0,63.4,60.4,66.4,19.1,17.4,20.8,0.468,5.16,0.157,5.03,4.28,5.95,0.132,3.48,2.45,0.0385,0.568,0.383,37.6,29.0,88,29,400,47.3,10.0,4.5,4.5,4.0,3.83,4.33,4.5,3.17,3.83,5.33,8.33,3.0,5.83,113.0,0,0,0,0,0,0
42.2,42.6,41.8,37.9,39.2,36.6,42.5,41.6,43.4,19.4,18.2,20.6,0.488,5.3,0.159,5.05,4.48,5.99,0.133,3.53,2.47,0.0377,0.206,0.395,35.4,27.0,88,28,400,39.1,12.4,6.3,6.1,5.4,4.3,5.0,5.7,4.3,4.2,5.9,10.8,3.9,7.1,121.0,0,0,0,0,0,0
42.5,40.2,44.8,35.8,34.0,37.6,41.2,42.8,39.6,19.6,22.0,17.2,0.497,5.38,0.159,5.05,4.5,6.08,0.136,3.6,2.52,0.0375,0.208,0.388,34.9,27.0,74,23,400,16.8,13.1,7.8,6.1,7.0,5.4,5.2,5.4,4.7,3.7,6.7,12.3,4.8,8.1,107.0,0,0,0,0,0,0
40.9,38.8,43.0,37.9,37.0,38.8,42.2,42.8,41.6,19.9,17.2,22.6,0.496,5.38,0.159,5.06,4.6,6.17,0.136,3.63,2.52,0.0375,0.211,0.392,34.0,26.0,76,24,400,4.4,12.2,6.4,5.6,7.2,5.5,5.6,4.7,4.2,4.5,5.5,10.4,3.9,7.2,87.3,0,0,0,0,0,0
43.3,43.0,43.6,39.0,39.2,38.8,43.3,42.0,44.6,19.2,21.6,16.8,0.478,5.48,0.159,5.12,4.62,6.24,0.138,3.66,2.54,0.0365,0.21,0.396,33.7,26.0,78,23,400,4.0,11.3,5.8,5.5,6.2,5.1,5.6,5.0,4.9,4.8,4.4,9.2,2.6,7.4,81.8,0,0,0,0,0,0
42.4,44.2,40.6,38.7,38.4,39.0,42.2,41.0,43.4,19.6,16.6,22.6,0.508,5.5,0.16,5.24,4.75,6.29,0.14,3.78,2.62,0.0372,0.217,0.405,33.2,26.0,79,23,400,3.9,11.1,5.5,6.6,4.6,4.8,6.0,5.2,5.8,4.7,5.2,10.3,3.4,7.5,84.6,0,0,0,0,0,0
43.0,43.2,42.8,38.8,39.6,38.0,41.0,41.6,40.4,19.7,15.8,23.6,0.493,5.62,0.16,5.2,4.83,6.38,0.14,3.74,2.63,0.0373,0.214,0.412,33.2,26.0,76,23,400,3.1,10.8,3.8,6.8,5.1,5.2,6.6,5.5,5.6,5.5,5.6,10.9,3.7,7.8,86.0,0,0,0,0,0,0
41.8,44.2,39.4,38.3,39.2,37.4,44.3,43.2,45.4,21.6,24.4,18.8,0.507,5.68,0.165,5.26,4.84,6.48,0.143,3.78,2.72,0.0374,0.213,0.411,32.9,25.0,76,24,400,3.4,11.1,4.4,6.2,5.3,5.2,5.6,4.4,5.6,5.3,5.7,11.0,4.1,7.6,84.9,0,0,0,0,0,0
44.9,43.2,46.6,39.4,41.4,37.4,42.1,41.0,43.2,19.0,18.6,19.4,0.517,5.68,0.169,5.3,4.89,6.66,0.147,3.83,2.77,0.0374,0.221,0.42,32.4,25.0,70,23,400,4.0,12.7,4.6,6.1,4.8,5.0,5.0,4.6,5.6,5.1,5.8,11.8,5.0,6.2,86.3,0,0,0,0,0,0
47.1,45.8,48.4,37.7,39.0,36.4,44.2,44.8,43.6,20.9,22.6,19.2,0.526,5.89,0.167,5.34,5.11,6.68,0.149,3.94,2.79,0.0374,0.225,0.427,32.7,25.0,72,25,400,4.3,13.2,4.3,5.2,5.6,6.0,6.2,5.7,5.1,5.2,5.3,13.0,5.0,6.8,90.9,0,0,0,0,0,0
43.1,45.4,40.8,38.6,39.2,38.0,42.5,40.4,44.6,19.0,21.2,16.8,0.512,5.87,0.17,5.39,5.12,6.86,0.145,3.94,2.8,0.0364,0.222,0.427,32.5,25.0,74,26,400,4.2,11.7,5.9,5.0,5.2,5.2,5.4,5.7,5.2,5.8,5.2,12.8,4.3,8.1,89.7,0,0,0,0,0,0
42.8,42.4,43.2,37.7,37.8,37.6,41.3,40.2,42.4,19.5,15.6,23.4,0.521,5.98,0.174,5.44,5.21,6.92,0.15,4.02,2.88,0.0364,0.23,0.438,32.5,25.0,73,24,400,3.4,10.5,6.3,4.8,4.5,5.1,4.6,4.9,5.5,6.6,6.0,12.3,3.9,8.6,87.0,0,0,0,0,0,0
43.4,42.6,44.2,37.6,38.0,37.2,42.8,40.2,45.4,18.9,21.0,16.8,0.538,6.08,0.174,5.49,5.3,6.91,0.15,4.11,2.9,0.0382,0.228,0.44,32.3,25.0,73,23,400,3.5,10.9,5.9,4.9,4.9,6.1,5.0,4.9,5.5,6.4,5.5,11.9,4.0,7.8,87.2,0,0,0,0,0,0
43.3,40.8,45.8,39.4,38.0,40.8,41.5,40.0,43.0,20.9,23.6,18.2,0.523,6.03,0.169,5.45,5.42,7.18,0.146,4.13,2.92,0.0384,0.23,0.437,32.4,25.0,75,24,400,3.8,11.4,5.9,5.3,5.1,4.9,5.2,6.1,5.5,5.6,4.4,11.6,3.4,8.1,86.3,0,0,0,0,0,0
42.3,42.4,42.2,39.5,39.6,39.4,42.5,45.0,40.0,18.4,22.2,14.6,0.524,6.15,0.171,5.48,5.52,7.22,0.147,4.14,2.93,0.0375,0.231,0.44,32.3,25.0,75,24,400,3.4,12.1,6.3,5.1,6.5,5.1,5.4,5.7,5.4,4.3,4.7,10.4,3.2,8.7,86.3,0,0,0,0,0,0
42.7,45.2,40.2,38.0,37.0,39.0,45.2,45.4,45.0,20.6,19.4,21.8,0.524,6.24,0.169,5.63,5.54,7.3,0.146,4.15,2.97,0.0365,0.231,0.452,32.4,25.0,82,24,400,3.4,12.0,5.8,4.4,7.1,5.8,5.6,5.2,5.1,4.7,5.8,9.2,3.4,7.9,85.4,0,0,0,0,0,0
44.9,42.2,47.6,36.9,38.0,35.8,42.4,40.8,44.0,19.6,16.8,22.4,0.532,6.46,0.176,5.91,5.82,7.74,0.153,4.38,3.06,0.0373,0.243,0.469,32.5,25.0,84,25,400,3.6,11.4,4.8,4.2,5.7,5.8,6.1,5.8,4.3,5.7,6.5,11.2,3.8,9.8,88.7,0,0,0,0,0,0
41.3,43.4,39.2,39.4,38.0,40.8,43.3,43.4,43.2,20.9,20.8,21.0,0.556,6.92,0.18,6.25,6.17,8.12,0.161,4.6,3.28,0.0372,0.251,0.493,32.4,25.0,75,25,400,3.5,11.5,5.1,5.1,5.4,5.9,5.4,5.9,4.2,5.7,5.8,11.3,3.4,10.5,88.7,0,0,0,0,0,0
43.6,45.0,42.2,29.4,26.8,32.0,44.9,44.4,45.4,18.8,17.2,20.4,0.606,7.26,0.192,6.56,6.49,8.5,0.171,4.89,3.42,0.0371,0.26,0.517,32.4,25.0,74,25,400,4.2,12.5,5.4,4.9,5.8,4.6,5.2,5.2,4.2,5.4,5.5,9.4,3.6,9.5,85.4,0,0,0,0,0,0
43.4,43.4,43.4,28.9,29.4,28.4,53.2,52.6,53.8,20.2,19.0,21.4,0.167,2.12,0.0768,1.71,1.95,2.37,0.053,1.31,0.958,0.0372,0.115,0.149,43.4,34.0,100,33,200,43.0,6.0,2.67,2.33,3.0,3.33,4.67,2.67,4.0,3.0,4.33,9.0,3.67,4.33,96.0,0,0,0,0,0,0
34.1,33.4,34.8,29.8,29.8,29.8,29.9,32.2,27.6,19.0,16.8,21.2,0.171,2.16,0.0804,1.74,1.99,2.53,0.0564,1.36,0.979,0.0364,0.115,0.158,38.5,30.0,93,28,200,26.5,5.75,2.88,2.13,2.88,3.0,2.25,2.5,3.38,2.38,4.25,6.13,2.75,4.13,70.9,0,0,0,0,0,0
30.6,33.0,28.2,29.9,32.8,27.0,33.2,30.8,35.6,19.0,15.6,22.4,0.178,2.23,0.0813,1.88,2.05,2.56,0.0573,1.41,1.03,0.0365,0.119,0.158,35.5,26.0,60,20,200,9.8,6.1,2.7,2.3,3.2,2.6,2.1,2.2,3.0,3.0,3.7,5.7,2.8,3.2,52.4,0,0,0,0,0,0
32.1,31.8,32.4,27.3,29.2,25.4,32.3,32.0,32.6,18.9,20.2,17.6,0.182,2.27,0.0815,1.94,2.16,2.65,0.0575,1.47,1.06,0.0364,0.12,0.164,33.7,25.0,65,19,200,2.5,5.8,2.6,2.8,2.7,2.7,3.2,2.7,2.3,3.5,2.7,5.5,2.4,2.5,43.9,0,0,0,0,0,0
31.3,31.8,30.8,32.8,34.0,31.6,31.2,31.2,31.2,18.3,21.2,15.4,0.189,2.37,0.0795,2.04,2.18,2.75,0.0563,1.52,1.08,0.0364,0.123,0.167,32.4,24.0,63,19,200,2.1,5.5,1.9,2.9,2.2,2.6,3.6,3.4,2.4,2.5,2.1,3.9,1.5,3.8,40.4,0,0,0,0,0,0
35.4,38.6,32.2,28.8,28.2,29.4,35.6,33.0,38.2,18.8,16.6,21.0,0.189,2.43,0.0847,2.16,2.21,2.86,0.0604,1.58,1.16,0.0365,0.127,0.174,31.9,24.0,66,21,200,2.2,5.0,1.3,2.8,2.6,2.6,3.2,3.0,3.6,2.6,2.5,4.8,1.7,4.5,42.4,0,0,0,0,0,0
31.8,35.2,28.4,29.2,28.6,29.8,30.1,26.8,33.4,18.6,19.2,18.0,0.192,2.5,0.0848,2.23,2.31,2.91,0.0606,1.64,1.18,0.0367,0.127,0.178,31.2,23.0,66,21,200,2.4,4.8,2.4,2.6,2.7,3.3,2.0,2.8,3.6,2.0,2.4,5.9,2.1,4.4,43.4,0,0,0,0,0,0
29.6,28.4,30.8,31.4,31.6,31.2,32.0,30.4,33.6,19.4,17.0,21.8,0.19,2.62,0.0829,2.32,2.33,2.99,0.0592,1.69,1.22,0.0376,0.13,0.181,30.5,23.0,59,18,200,2.4,5.5,3.1,2.1,2.8,3.4,1.7,3.4,3.0,2.6,2.6,5.1,1.8,4.1,43.6,0,0,0,0,0,0
33.9,32.6,35.2,30.8,32.4,29.2,32.8,30.4,35.2,20.0,20.0,20.0,0.19,2.69,0.0842,2.36,2.43,3.14,0.0592,1.76,1.24,0.0368,0.134,0.187,30.0,23.0,59,18,200,1.4,6.2,3.2,2.0,2.5,2.8,2.2,2.8,2.6,3.4,2.8,4.5,0.7,2.8,39.9,0,0,0,0,0,0
32.1,30.4,33.8,30.1,28.8,31.4,34.7,37.0,32.4,18.3,19.0,17.6,0.194,2.77,0.0851,2.52,2.49,3.22,0.0605,1.82,1.31,0.0368,0.136,0.197,29.9,23.0,66,21,200,1.7,6.6,3.2,2.5,2.4,2.7,2.7,2.4,2.5,2.4,3.0,6.6,0.9,3.6,43.2,0,0,0,0,0,0
32.1,30.4,33.8,31.1,32.2,30.0,33.0,32.6,33.4,20.1,23.4,16.8,0.204,2.88,0.0862,2.63,2.57,3.34,0.0634,1.9,1.35,0.0368,0.138,0.206,29.8,22.0,65,21,200,1.8,6.3,2.9,3.2,2.4,2.8,2.3,2.3,2.9,2.5,3.0,6.8,1.3,4.0,44.5,0,0,0,0,0,0
33.7,34.4,33.0,30.6,27.8,33.4,31.6,30.6,32.6,18.2,16.0,20.4,0.206,2.94,0.0909,2.72,2.61,3.43,0.0636,1.97,1.39,0.0379,0.142,0.213,29.7,22.0,68,21,200,0.9,5.6,2.8,3.8,2.9,3.1,2.3,2.4,3.3,2.1,2.3,5.5,1.4,3.1,41.5,0,0,0,0,0,0
33.7,32.6,34.8,28.4,28.0,28.8,34.1,34.0,34.2,19.6,22.2,17.0,0.223,3.07,0.0917,2.85,2.71,3.54,0.068,2.02,1.42,0.0359,0.145,0.22,29.4,22.0,69,21,200,1.3,4.8,2.4,3.5,3.6,3.8,3.3,3.8,2.5,1.8,2.6,6.9,2.4,2.7,45.4,0,0,0,0,0,0
32.9,36.8,29.0,31.4,31.8,31.0,32.2,29.6,34.8,18.7,21.4,16.0,0.227,3.1,0.094,2.95,2.75,3.66,0.0701,2.09,1.49,0.0369,0.148,0.23,29.1,22.0,57,19,200,1.9,5.3,1.9,2.6,2.4,3.1,3.3,3.5,1.9,2.5,2.6,5.7,2.1,3.8,42.6,0,0,0,0,0,0
33.8,35.8,31.8,29.4,28.8,30.0,31.7,28.2,35.2,18.9,16.2,21.6,0.238,3.24,0.097,3.06,2.88,3.76,0.0703,2.14,1.54,0.0359,0.151,0.231,29.0,22.0,60,21,200,1.8,5.5,2.4,2.8,2.4,2.5,2.6,2.8,2.7,2.0,2.7,5.0,1.5,4.9,41.6,0,0,0,0,0,0
32.6,32.4,32.8,30.7,31.4,30.0,32.1,30.6,33.6,20.1,21.8,18.4,0.251,3.25,0.0987,3.13,2.88,3.88,0.0745,2.22,1.56,0.0368,0.154,0.242,28.8,22.0,61,21,200,1.3,4.8,3.4,2.7,3.0,2.9,2.6,2.5,3.3,2.1,3.7,6.4,1.9,3.6,44.2,0,0,0,0,0,0
32.8,35.0,30.6,31.6,30.6,32.6,35.4,36.8,34.0,18.6,16.0,21.2,0.267,3.34,0.106,3.23,2.98,4.0,0.0803,2.3,1.63,0.0376,0.155,0.254,28.6,22.0,56,20,200,1.1,4.5,3.6,2.6,2.7,3.0,2.7,2.4,2.9,2.9,3.9,6.3,2.4,3.4,44.4,0,0,0,0,0,0
35.3,35.8,34.8,28.0,27.0,29.0,32.9,30.2,35.6,19.6,22.6,16.6,0.289,3.56,0.11,3.44,3.21,4.21,0.0856,2.45,1.72,0.0368,0.164,0.268,28.6,22.0,62,22,200,1.5,4.6,2.8,2.5,3.2,3.1,2.5,2.7,2.6,2.4,3.6,6.1,2.7,4.6,44.9,0,0,0,0,0,0
32.7,32.4,33.0,29.9,29.2,30.6,32.6,31.4,33.8,20.4,18.8,22.0,0.302,3.76,0.113,3.59,3.37,4.41,0.0865,2.57,1.81,0.0367,0.169,0.28,28.6,22.0,67,23,200,2.0,5.8,2.9,2.5,3.0,2.6,2.7,2.4,2.5,2.2,3.2,6.0,2.5,5.0,45.3,0,0,0,0,0,0
39.7,42.0,37.4,33.4,34.4,32.4,47.0,47.0,47.0,19.5,21.4,17.6,0.259,3.73,0.0984,3.39,3.16,4.22,0.0757,2.38,1.66,0.0366,0.16,0.247,37.4,28.0,81,28,300,45.3,7.86,5.29,4.57,4.0,3.0,4.0,4.71,4.14,3.43,2.86,7.14,2.0,4.86,103.0,0,0,0,0,0,0
38.7,38.6,38.8,33.4,33.4,33.4,35.6,31.2,40.0,18.5,21.6,15.4,0.258,3.75,0.0966,3.42,3.22,4.24,0.071,2.43,1.68,0.0364,0.161,0.254,34.7,26.0,79,25,300,26.6,8.3,5.2,4.5,3.6,2.9,4.0,4.9,4.3,3.4,3.5,7.2,1.5,5.5,85.4,0,0,0,0,0,0
37.2,38.4,36.0,35.0,37.4,32.6,37.6,36.2,39.0,19.7,17.6,21.8,0.268,3.89,0.103,3.51,3.26,4.42,0.082,2.46,1.75,0.0355,0.164,0.266,34.0,25.0,71,22,300,2.3,7.8,4.4,4.3,2.0,3.4,3.5,4.5,3.9,4.0,4.3,8.7,2.4,6.7,62.2,0,0,0,0,0,0
37.9,34.0,41.8,37.5,35.4,39.6,49.5,48.0,51.0,20.5,21.0,20.0,0.28,3.96,0.106,3.66,3.4,4.56,0.0857,2.54,1.79,0.0363,0.166,0.273,32.5,24.0,70,22,300,2.7,8.1,4.2,4.4,3.6,3.8,4.1,5.2,3.4,5.1,3.8,8.8,3.0,6.9,67.1,0,0,0,0,0,0
37.5,35.6,39.4,33.2,36.4,30.0,40.0,40.0,40.0,18.5,16.6,20.4,0.296,3.99,0.11,3.81,3.4,4.64,0.0898,2.58,1.82,0.0362,0.546,0.282,32.8,24.0,77,22,300,3.2,8.8,3.8,4.7,3.9,2.8,4.2,5.2,3.6,4.9,3.6,7.9,2.5,6.4,65.5,0,0,0,0,0,0
36.6,38.0,35.2,35.9,37.2,34.6,39.3,37.6,41.0,19.3,17.6,21.0,0.32,4.14,0.116,3.82,3.45,4.69,0.0955,2.69,1.88,0.0363,0.554,0.282,32.5,24.0,78,23,300,3.5,8.7,3.6,5.2,4.0,3.1,4.7,4.4,4.0,4.3,4.4,9.3,3.5,5.5,68.2,0,0,0,0,0,0
37.8,40.8,34.8,34.1,32.4,35.8,38.4,40.2,36.6,19.3,17.2,21.4,0.329,4.23,0.12,3.92,3.56,4.82,0.0988,2.73,1.93,0.0361,0.559,0.291,32.1,24.0,70,23,300,3.1,7.8,3.6,3.7,4.2,3.9,4.5,3.8,4.3,5.6,4.2,8.4,3.6,6.0,66.7,0,0,0,0,0,0
36.6,35.2,38.0,37.2,40.0,34.4,38.7,37.4,40.0,19.0,16.6,21.4,0.337,4.3,0.119,4.08,3.59,4.82,0.1,2.77,1.97,0.0352,0.559,0.293,31.6,24.0,65,21,300,2.7,7.9,4.3,3.3,4.2,5.1,3.7,4.2,4.0,6.0,2.8,7.7,2.7,5.8,64.4,0,0,0,0,0,0
38.2,36.6,39.8,35.5,38.6,32.4,37.5,38.4,36.6,20.4,21.0,19.8,0.338,4.32,0.119,4.11,3.65,4.98,0.0995,2.84,2.01,0.0363,0.563,0.304,31.4,23.0,69,20,300,3.2,8.2,4.2,3.9,4.8,5.0,4.1,4.2,3.6,5.3,3.2,7.9,2.7,4.5,64.8,0,0,0,0,0,0
36.5,38.0,35.0,35.6,36.0,35.2,36.9,38.2,35.6,20.2,20.4,20.0,0.346,4.4,0.121,4.26,3.74,5.08,0.103,2.93,2.09,0.0372,0.564,0.313,31.0,23.0,67,21,300,3.0,9.7,4.3,3.8,3.9,4.5,4.7,4.0,3.5,5.3,4.6,7.7,2.7,4.1,65.8,0,0,0,0,0,0
37.4,40.4,34.4,34.1,32.4,35.8,39.2,40.8,37.6,19.6,20.8,18.4,0.34,4.47,0.121,4.26,3.71,5.18,0.104,2.99,2.12,0.0372,0.565,0.316,31.0,23.0,69,22,300,2.9,10.9,3.8,3.8,4.4,5.0,5.2,4.5,3.1,4.4,4.6,8.3,2.3,4.5,67.7,0,0,0,0,0,0
36.6,39.6,33.6,33.8,35.0,32.6,39.4,38.4,40.4,20.2,23.0,17.4,0.343,4.61,0.125,4.43,3.82,5.26,0.103,3.05,2.16,0.0362,0.568,0.317,30.8,23.0,69,23,300,2.6,8.6,3.6,3.8,4.8,4.5,5.2,4.2,3.3,3.4,5.0,8.4,2.4,5.9,65.7,0,0,0,0,0,0
37.9,37.6,38.2,33.8,36.2,31.4,36.3,38.6,34.0,18.7,18.4,19.0,0.348,4.69,0.122,4.5,3.87,5.35,0.103,3.09,2.17,0.0354,0.57,0.323,30.7,23.0,70,23,300,2.5,7.2,3.6,3.6,3.9,4.2,4.8,4.1,3.5,2.6,4.6,7.4,2.5,7.7,62.2,0,0,0,0,0,0
35.7,36.0,35.4,36.3,33.8,38.8,36.8,37.2,36.4,20.3,21.8,18.8,0.342,4.68,0.122,4.5,3.9,5.46,0.105,3.09,2.23,0.0363,0.57,0.328,30.6,23.0,71,22,300,3.6,8.2,3.5,4.1,3.5,4.1,4.4,3.7,3.5,3.2,3.7,7.2,2.4,6.0,61.1,0,0,0,0,0,0
39.6,38.6,40.6,38.7,41.2,36.2,38.0,39.0,37.0,19.5,17.4,21.6,0.358,4.81,0.126,4.65,3.9,5.54,0.11,3.21,2.28,0.0352,0.572,0.336,30.4,23.0,68,22,300,3.8,7.8,3.7,4.2,4.0,4.2,4.6,3.6,4.0,4.1,4.4,8.0,2.9,3.9,63.2,0,0,0,0,0,0
36.1,33.0,39.2,36.2,36.8,35.6,40.2,38.8,41.6,18.6,16.0,21.2,0.372,4.9,0.131,4.82,4.03,5.64,0.113,3.24,2.3,0.0362,0.577,0.346,30.3,23.0,68,22,300,3.6,8.0,3.2,2.4,4.8,4.4,4.8,4.1,4.6,4.1,5.2,9.3,3.3,4.9,66.7,0,0,0,0,0,0
39.2,41.0,37.4,37.9,35.2,40.6,37.9,37.0,38.8,19.6,17.6,21.6,0.402,5.12,0.137,5.01,4.28,5.97,0.119,3.41,2.42,0.0353,0.584,0.375,30.3,23.0,72,22,300,3.2,8.9,3.4,2.8,4.9,4.1,3.6,4.7,3.8,4.3,5.0,9.5,3.5,6.1,67.8,0,0,0,0,0,0
39.0,39.6,38.4,37.0,39.6,34.4,40.7,38.6,42.8,20.3,21.4,19.2,0.431,5.46,0.146,5.35,4.53,6.31,0.128,3.68,2.57,0.0371,0.592,0.395,30.4,23.0,76,23,300,3.0,7.9,3.5,4.4,4.1,4.1,4.3,4.7,3.7,4.3,4.9,8.9,3.2,6.1,67.1,0,0,0,0,0,0
37.1,40.8,33.4,24.6,24.6,24.6,41.5,42.4,40.6,18.1,16.2,20.0,0.46,5.72,0.15,5.55,4.79,6.62,0.134,3.88,2.73,0.0353,0.6,0.412,30.3,23.0,73,22,300,3.1,7.8,3.6,4.1,3.6,3.6,4.8,4.3,4.3,3.7,4.9,9.0,3.2,5.7,65.7,0,0,0,0,0,0
44.6,47.6,41.6,42.0,39.4,44.6,40.5,38.8,42.2,20.2,22.2,18.2,0.43,5.36,0.145,4.92,4.46,5.96,0.124,3.46,2.44,0.0366,0.209,0.368,37.2,30.0,90,32,400,41.8,9.9,3.9,4.5,6.1,6.1,4.3,4.1,5.4,5.3,4.2,10.2,3.7,6.9,116.0,0,0,0,0,0,0
43.9,42.6,45.2,43.5,41.6,45.4,44.4,45.8,43.0,21.0,21.0,21.0,0.435,5.34,0.144,5.07,4.58,6.09,0.122,3.55,2.47,0.0366,0.205,0.381,35.8,28.0,75,23,400,18.7,9.7,5.8,3.8,7.0,7.0,5.0,4.7,6.7,6.2,5.0,13.3,5.5,8.7,107.0,0,0,0,0,0,0
43.3,42.8,43.8,37.7,36.6,38.8,43.5,44.6,42.4,20.5,21.8,19.2,0.448,5.42,0.147,5.11,4.63,6.18,0.126,3.57,2.54,0.0377,0.206,0.384,35.8,28.0,78,25,400,4.6,11.5,7.0,4.0,6.2,6.2,4.5,5.7,6.9,6.6,5.2,13.8,5.3,7.2,94.7,0,0,0,0,0,0
41.2,40.0,42.4,40.1,38.6,41.6,39.8,38.8,40.8,19.4,16.2,22.6,0.445,5.48,0.148,5.06,4.69,6.31,0.125,3.66,2.57,0.0366,0.208,0.384,35.1,27.0,82,25,400,4.3,13.3,6.1,3.8,5.9,5.7,3.8,5.8,6.2,7.1,5.2,12.7,4.2,7.0,91.1,0,0,0,0,0,0
43.5,45.0,42.0,35.9,36.4,35.4,41.8,42.0,41.6,20.0,17.0,23.0,0.443,5.52,0.151,5.13,4.82,6.38,0.127,3.69,2.62,0.0364,0.211,0.385,35.0,27.0,77,25,400,3.2,11.9,5.4,4.6,6.0,6.9,5.4,5.7,5.2,6.5,4.7,10.8,3.0,7.1,86.4,0,0,0,0,0,0
43.7,43.6,43.8,39.8,38.6,41.0,42.6,43.6,41.6,19.1,22.0,16.2,0.452,5.67,0.153,5.15,4.89,6.43,0.128,3.67,2.62,0.0366,0.214,0.388,34.5,27.0,74,25,400,3.5,10.7,6.6,6.1,6.2,6.0,6.0,5.9,4.7,5.5,4.3,10.5,3.1,6.3,85.4,0,0,0,0,0,0
41.9,42.8,41.0,36.9,35.0,38.8,41.2,42.8,39.6,20.9,25.0,16.8,0.462,5.74,0.155,5.29,4.97,6.59,0.13,3.8,2.67,0.0366,0.217,0.399,34.4,27.0,76,24,400,3.8,11.0,6.8,6.3,6.8,5.4,5.7,5.8,5.5,5.5,4.4,12.2,3.6,5.8,88.6,0,0,0,0,0,0
43.6,40.4,46.8,41.4,40.0,42.8,42.1,41.2,43.0,19.4,16.2,22.6,0.468,5.77,0.156,5.26,4.97,6.68,0.135,3.84,2.71,0.0357,0.218,0.405,34.3,27.0,77,25,400,3.6,10.7,5.6,5.2,6.2,5.4,5.6,5.0,6.4,4.8,5.4,11.7,3.0,6.9,85.5,0,0,0,0,0,0
43.3,43.8,42.8,37.6,35.6,39.6,43.7,45.2,42.2,21.3,20.8,21.8,0.473,5.86,0.16,5.26,5.19,6.8,0.138,3.92,2.74,0.0367,0.22,0.415,34.3,26.0,78,26,400,3.9,10.3,5.1,5.6,5.0,4.9,4.9,4.7,6.4,5.1,5.5,11.1,3.5,6.7,82.7,0,0,0,0,0,0
45.1,44.8,45.4,39.8,41.4,38.2,44.9,45.8,44.0,20.0,18.6,21.4,0.503,5.98,0.165,5.36,5.2,6.93,0.141,4.04,2.8,0.0376,0.225,0.421,33.8,26.0,74,24,400,3.4,11.4,5.2,7.1,5.0,5.4,4.1,4.7,6.2,5.6,5.1,12.5,4.7,7.2,87.6,0,0,0,0,0,0
41.7,41.0,42.4,42.5,42.0,43.0,40.9,40.0,41.8,18.7,19.0,18.4,0.516,5.93,0.166,5.36,5.41,6.93,0.144,4.04,2.85,0.0367,0.225,0.433,33.6,26.0,69,23,400,4.0,11.3,5.0,6.5,5.2,5.5,3.7,6.2,5.8,5.9,5.5,12.7,4.3,8.6,90.2,0,0,0,0,0,0
45.4,47.2,43.6,37.4,34.6,40.2,44.0,42.8,45.2,21.0,18.8,23.2,0.523,6.01,0.17,5.48,5.43,7.13,0.15,4.11,2.95,0.0366,0.23,0.445,33.6,26.0,80,24,400,4.7,10.6,4.3,5.2,5.2,5.4,4.4,6.6,6.0,6.0,6.4,13.2,4.8,6.5,89.3,0,0,0,0,0,0
42.8,42.6,43.0,39.4,39.6,39.2,41.7,40.4,43.0,18.8,16.8,20.8,0.527,6.09,0.174,5.44,5.54,7.2,0.154,4.21,2.94,0.0366,0.232,0.438,33.5,26.0,80,24,400,3.8,11.5,5.4,5.6,5.2,5.5,5.3,5.4,5.7,4.9,5.9,12.7,5.7,6.2,88.8,0,0,0,0,0,0
44.0,42.4,45.6,39.1,38.8,39.4,44.3,46.0,42.6,21.0,22.4,19.6,0.531,6.16,0.171,5.53,5.65,7.27,0.152,4.25,2.97,0.0357,0.236,0.443,33.5,26.0,77,24,400,3.8,12.5,7.4,5.3,4.8,5.2,5.7,5.8,5.5,4.8,4.8,11.1,4.4,7.9,89.0,0,0,0,0,0,0
42.8,41.6,44.0,38.7,39.4,38.0,43.0,40.6,45.4,20.7,22.0,19.4,0.528,6.19,0.175,5.65,5.71,7.33,0.154,4.26,3.04,0.0366,0.237,0.457,33.4,26.0,77,24,400,4.0,11.3,7.2,4.8,5.1,4.7,5.0,6.1,6.3,4.1,4.8,11.2,3.4,8.4,86.4,0,0,0,0,0,0
42.9,42.8,43.0,38.2,41.6,34.8,44.6,46.2,43.0,19.6,21.0,18.2,0.546,6.47,0.18,5.8,6.0,7.81,0.159,4.41,3.11,0.0365,0.247,0.478,33.3,26.0,76,23,400,4.1,10.1,6.2,5.0,5.4,5.3,4.6,6.2,5.1,4.1,5.7,12.9,3.8,9.3,87.8,0,0,0,0,0,0
42.9,42.6,43.2,39.7,38.4,41.0,42.4,42.8,42.0,19.4,18.6,20.2,0.57,6.88,0.188,6.15,6.33,8.27,0.168,4.67,3.32,0.0374,0.256,0.5,33.2,26.0,76,24,400,4.6,11.4,6.0,4.5,6.0,5.8,5.2,6.4,4.7,4.9,5.6,12.1,2.9,8.7,88.8,0,0,0,0,0,0
44.8,45.6,44.0,30.5,31.0,30.0,43.4,44.6,42.2,18.7,19.2,18.2,0.603,7.19,0.193,6.52,6.61,8.7,0.177,5.01,3.52,0.0375,0.269,0.522,33.2,26.0,76,25,400,3.9,10.6,5.4,5.4,6.8,5.5,5.4,6.4,5.8,4.8,4.9,11.2,3.1,7.6,86.8,0,0,0,0,0,0
47.5,47.8,47.2,27.9,29.0,26.8,53.1,51.6,54.6,20.9,18.0,23.8,0.138,2.16,0.0695,1.98,1.7,2.49,0.0424,1.33,0.955,0.0371,0.119,0.149,47.4,36.0,110,36,200,40.7,6.33,2.0,2.0,2.33,1.33,4.67,3.67,2.67,1.67,4.33,7.0,2.33,5.33,86.3,0,0,0,0,0,0
31.3,30.0,32.6,30.7,30.2,31.2,31.8,31.8,31.8,18.9,16.8,21.0,0.144,2.19,0.0698,2.03,1.79,2.52,0.0443,1.37,1.0,0.0381,0.124,0.153,41.0,30.0,95,28,200,27.8,7.13,3.0,2.25,3.75,2.25,3.38,2.5,2.0,1.75,3.38,6.88,2.13,4.38,72.5,0,0,0,0,0,0
32.9,31.2,34.6,30.4,26.8,34.0,33.9,31.4,36.4,20.2,24.2,16.2,0.151,2.28,0.0735,2.1,1.84,2.62,0.049,1.46,1.07,0.0388,0.124,0.163,37.7,27.0,58,20,200,11.3,6.5,3.3,2.5,3.2,2.8,2.2,2.6,2.6,2.4,2.9,6.1,2.3,3.6,54.3,0,0,0,0,0,0
33.5,33.6,33.4,29.9,31.0,28.8,32.9,31.6,34.2,19.3,21.0,17.6,0.164,2.35,0.078,2.15,1.96,2.79,0.0493,1.51,1.11,0.0378,0.129,0.171,35.5,26.0,63,21,200,1.8,5.0,3.0,3.9,2.8,2.4,1.9,2.8,3.6,2.6,2.7,6.0,2.4,3.8,44.7,0,0,0,0,0,0
33.1,32.2,34.0,30.6,31.4,29.8,32.8,31.8,33.8,19.5,21.0,18.0,0.17,2.44,0.0766,2.25,2.04,2.87,0.0526,1.57,1.14,0.0369,0.13,0.174,34.5,25.0,70,21,200,1.3,4.8,2.8,4.6,3.7,2.2,1.8,2.7,3.3,2.6,2.8,6.9,2.5,4.3,46.3,0,0,0,0,0,0
34.7,36.2,33.2,30.5,30.6,30.4,34.4,31.2,37.6,18.4,17.8,19.0,0.187,2.53,0.0817,2.36,2.12,3.02,0.0546,1.65,1.19,0.0378,0.133,0.186,34.1,25.0,78,21,200,1.9,5.4,2.4,3.3,3.5,1.9,2.6,2.9,3.0,2.5,2.4,6.4,2.2,3.7,44.1,0,0,0,0,0,0
31.5,33.8,29.2,29.9,28.6,31.2,34.1,32.8,35.4,19.3,18.2,20.4,0.187,2.6,0.0813,2.45,2.2,3.06,0.0558,1.67,1.25,0.0369,0.136,0.189,33.1,24.0,65,20,200,2.1,6.3,2.5,3.0,3.3,1.7,4.0,2.4,2.3,2.3,2.0,6.6,1.9,3.3,43.7,0,0,0,0,0,0
34.0,32.4,35.6,29.8,31.2,28.4,33.6,36.2,31.0,20.3,18.2,22.4,0.2,2.73,0.0839,2.55,2.27,3.23,0.0585,1.75,1.26,0.0389,0.138,0.202,32.2,23.0,62,20,200,1.5,6.7,2.8,2.6,2.7,2.4,3.4,3.0,2.7,2.5,3.0,6.4,1.7,3.8,45.2,0,0,0,0,0,0
32.0,30.6,33.4,30.6,32.6,28.6,32.5,32.4,32.6,19.0,16.8,21.2,0.21,2.81,0.0865,2.62,2.43,3.29,0.0618,1.86,1.32,0.0368,0.142,0.206,31.9,23.0,65,20,200,1.6,6.3,2.0,2.8,3.0,2.7,2.5,2.9,4.1,3.1,3.8,5.9,1.8,4.0,46.5,0,0,0,0,0,0
33.9,35.6,32.2,30.1,28.4,31.8,33.7,32.4,35.0,18.1,21.4,14.8,0.227,2.93,0.0934,2.71,2.54,3.43,0.0645,1.93,1.36,0.038,0.145,0.219,31.4,23.0,67,21,200,2.5,5.6,1.2,3.2,3.4,2.6,2.7,2.2,3.3,3.0,3.1,6.1,2.3,3.9,45.1,0,0,0,0,0,0
34.0,34.8,33.2,29.1,29.6,28.6,31.4,29.2,33.6,20.0,20.8,19.2,0.233,2.97,0.0926,2.78,2.6,3.53,0.0659,1.98,1.39,0.0369,0.146,0.221,31.1,23.0,72,21,200,2.1,5.6,1.5,3.1,3.4,2.6,2.7,2.5,3.1,3.5,2.2,6.0,2.0,3.3,43.6,0,0,0,0,0,0
31.6,30.2,33.0,30.4,31.4,29.4,31.8,32.2,31.4,18.7,16.6,20.8,0.242,3.06,0.0962,2.84,2.71,3.6,0.0696,2.04,1.45,0.039,0.148,0.228,30.8,22.0,62,20,200,2.0,6.4,2.7,3.0,3.6,2.7,2.3,2.7,2.8,3.1,2.6,5.5,1.6,3.0,44.0,0,0,0,0,0,0
31.7,30.4,33.0,29.6,31.8,27.4,31.4,32.6,30.2,18.6,14.6,22.6,0.242,3.11,0.0974,2.87,2.77,3.67,0.0715,2.14,1.51,0.038,0.151,0.235,30.4,22.0,59,20,200,1.9,5.9,3.3,3.3,3.0,2.3,3.2,2.5,2.3,1.7,2.2,5.2,1.8,3.0,41.6,0,0,0,0,0,0
33.3,34.4,32.2,31.5,32.6,30.4,33.6,36.2,31.0,20.7,24.6,16.8,0.259,3.13,0.1,2.95,2.84,3.76,0.0731,2.16,1.54,0.0389,0.153,0.245,30.3,22.0,63,21,200,1.2,6.1,2.6,3.7,2.8,3.0,4.1,2.5,2.7,2.5,2.5,5.9,2.7,2.9,45.2,0,0,0,0,0,0
33.1,31.2,35.0,30.2,27.2,33.2,33.2,35.6,30.8,18.1,14.8,21.4,0.273,3.23,0.104,3.03,2.92,3.89,0.0779,2.24,1.59,0.0372,0.157,0.253,30.1,22.0,66,21,200,1.4,6.8,2.3,3.2,2.8,3.8,3.2,2.0,2.4,2.6,2.6,5.5,2.4,3.7,44.7,0,0,0,0,0,0
32.8,29.8,35.8,30.3,30.2,30.4,33.7,34.6,32.8,19.6,21.8,17.4,0.282,3.33,0.105,3.11,3.03,3.97,0.0787,2.29,1.62,0.038,0.159,0.259,30.0,22.0,68,20,200,2.3,6.6,2.3,2.8,2.7,2.8,2.5,1.8,3.1,2.3,1.9,5.0,1.7,4.6,42.4,0,0,0,0,0,0
33.3,34.2,32.4,29.4,29.4,29.4,32.2,31.2,33.2,19.5,23.4,15.6,0.29,3.41,0.106,3.16,3.16,4.08,0.0811,2.35,1.66,0.038,0.161,0.27,29.9,22.0,68,20,200,2.1,5.8,2.8,2.2,2.3,2.3,2.5,2.7,2.8,3.5,2.6,5.5,1.9,4.3,43.3,0,0,0,0,0,0
31.4,30.2,32.6,30.9,28.4,33.4,32.9,33.0,32.8,18.2,18.8,17.6,0.307,3.57,0.11,3.35,3.3,4.29,0.0852,2.47,1.76,0.038,0.168,0.281,29.9,22.0,69,20,200,2.0,4.7,2.6,2.6,2.5,2.5,2.8,2.8,2.6,3.5,2.8,5.5,1.5,3.7,42.1,0,0,0,0,0,0
33.4,32.6,34.2,29.2,28.2,30.2,31.2,33.4,29.0,18.7,22.0,15.4,0.322,3.77,0.113,3.48,3.47,4.46,0.0875,2.62,1.84,0.038,0.174,0.296,29.7,22.0,68,20,200,2.2,4.6,2.3,2.9,2.7,2.7,2.7,2.9,3.5,2.8,3.0,4.8,1.5,3.1,41.7,0,0,0,0,0,0
40.1,37.4,42.8,33.3,33.0,33.6,45.0,46.0,44.0,19.0,17.0,21.0,0.283,3.75,0.104,3.29,3.31,4.2,0.0762,2.41,1.7,0.0387,0.166,0.263,41.7,32.0,96,32,300,46.4,8.29,4.14,5.57,3.71,3.57,4.0,4.57,3.71,3.29,4.29,8.29,2.14,5.86,108.0,0,0,0,0,0,0
40.5,40.4,40.6,33.5,32.8,34.2,36.9,35.2,38.6,19.6,16.6,22.6,0.286,3.76,0.107,3.29,3.36,4.26,0.0818,2.38,1.72,0.0369,0.167,0.268,37.5,28.0,95,27,300,27.1,8.0,3.9,3.7,3.8,3.7,4.0,4.1,4.0,4.6,4.2,7.2,1.9,6.2,86.4,0,0,0,0,0,0
37.4,35.2,39.6,35.4,33.4,37.4,37.4,36.0,38.8,19.1,22.2,16.0,0.294,3.89,0.109,3.4,3.45,4.41,0.0843,2.54,1.73,0.0379,0.172,0.277,35.8,27.0,65,22,300,2.3,7.9,4.3,2.9,4.8,3.8,3.7,3.6,3.9,4.6,3.8,7.9,2.9,5.8,62.2,0,0,0,0,0,0
37.0,36.4,37.6,34.0,35.2,32.8,37.2,37.6,36.8,20.6,20.2,21.0,0.297,3.91,0.109,3.43,3.5,4.42,0.085,2.58,1.81,0.0376,0.17,0.275,34.9,26.0,67,23,300,2.0,8.3,4.3,4.9,4.8,4.4,4.6,4.1,4.1,3.8,4.0,8.5,3.3,6.6,67.7,0,0,0,0,0,0
38.3,39.2,37.4,33.9,34.6,33.2,46.4,47.0,45.8,20.1,19.0,21.2,0.304,3.96,0.114,3.47,3.54,4.55,0.0871,2.59,1.85,0.0377,0.583,0.28,35.2,26.0,87,25,300,2.1,7.8,3.7,5.5,3.6,4.1,4.3,3.7,4.2,3.3,3.4,7.2,2.5,6.2,61.6,0,0,0,0,0,0
36.3,36.8,35.8,33.3,33.8,32.8,38.0,37.0,39.0,19.6,20.6,18.6,0.298,4.04,0.11,3.56,3.59,4.6,0.0857,2.63,1.87,0.0374,0.587,0.277,34.3,26.0,82,23,300,3.2,8.9,5.3,4.0,3.5,3.4,4.5,3.7,3.7,2.9,3.3,6.9,2.5,6.3,62.1,0,0,0,0,0,0
40.7,41.2,40.2,35.3,33.4,37.2,37.2,39.8,34.6,19.5,18.4,20.6,0.303,4.15,0.112,3.56,3.77,4.65,0.087,2.66,1.92,0.0376,0.589,0.291,33.6,25.0,64,22,300,3.9,8.8,5.2,3.1,2.7,3.8,4.4,3.4,3.4,3.8,4.3,7.4,1.9,6.9,63.0,0,0,0,0,0,0
35.8,34.4,37.2,34.6,33.2,36.0,37.5,39.4,35.6,20.4,22.6,18.2,0.326,4.28,0.116,3.72,3.81,4.8,0.0919,2.72,1.94,0.0365,0.594,0.29,33.1,25.0,65,23,300,3.9,8.1,3.9,3.9,3.0,4.8,3.7,3.6,3.7,4.1,5.1,9.1,3.0,8.2,68.1,0,0,0,0,0,0
39.3,36.8,41.8,34.5,33.8,35.2,37.7,40.8,34.6,19.3,15.4,23.2,0.325,4.35,0.117,3.74,3.85,4.97,0.0913,2.78,1.95,0.0376,0.593,0.299,32.7,25.0,72,21,300,3.1,8.2,3.4,4.6,2.7,5.0,3.6,4.7,2.9,3.7,4.8,7.9,3.4,7.6,65.6,0,0,0,0,0,0
40.3,38.6,42.0,36.2,34.8,37.6,38.7,38.6,38.8,18.8,15.6,22.0,0.332,4.49,0.121,3.89,3.97,5.06,0.0966,2.84,2.0,0.0375,0.597,0.306,32.5,25.0,73,22,300,3.3,9.3,3.3,5.0,2.5,5.0,3.3,4.6,3.6,4.3,4.9,7.6,2.7,6.2,65.6,0,0,0,0,0,0
39.9,43.2,36.6,36.6,37.0,36.2,36.9,35.2,38.6,20.8,20.6,21.0,0.336,4.57,0.123,3.96,4.06,5.16,0.0981,2.94,2.05,0.0374,0.6,0.311,32.4,25.0,73,24,300,3.7,9.3,3.8,4.8,3.4,4.5,3.3,4.0,4.1,4.3,4.4,9.3,3.4,6.1,68.4,0,0,0,0,0,0
38.2,40.8,35.6,33.7,34.0,33.4,38.4,36.2,40.6,19.4,21.0,17.8,0.348,4.64,0.124,4.03,4.15,5.28,0.0987,3.0,2.13,0.0375,0.603,0.315,32.2,25.0,66,23,300,2.8,8.0,4.6,3.3,4.0,4.0,3.6,4.7,4.8,4.2,4.7,10.5,3.4,5.8,68.4,0,0,0,0,0,0
38.6,40.2,37.0,33.8,31.0,36.6,38.7,40.0,37.4,19.0,16.8,21.2,0.355,4.69,0.13,4.12,4.2,5.41,0.102,3.07,2.18,0.0375,0.604,0.326,32.0,25.0,70,23,300,2.8,7.7,4.7,4.1,4.1,3.9,3.2,4.6,4.8,3.8,5.0,9.3,2.7,6.1,66.8,0,0,0,0,0,0
37.3,38.6,36.0,35.0,32.6,37.4,36.6,36.8,36.4,19.8,18.2,21.4,0.359,4.79,0.129,4.2,4.3,5.46,0.104,3.14,2.18,0.0384,0.608,0.331,31.9,24.0,70,23,300,2.9,8.6,4.0,4.0,4.6,3.0,3.3,3.7,4.8,3.2,4.9,8.3,2.7,6.6,64.6,0,0,0,0,0,0
41.3,41.8,40.8,35.0,32.8,37.2,38.4,40.8,36.0,20.5,17.0,24.0,0.367,4.93,0.133,4.34,4.41,5.62,0.106,3.2,2.27,0.0385,0.609,0.339,31.9,24.0,73,23,300,2.9,8.2,5.0,3.8,4.8,3.0,3.9,3.8,4.8,3.4,4.9,8.5,2.6,5.6,65.2,0,0,0,0,0,0
36.7,37.0,36.4,34.1,32.8,35.4,39.7,37.4,42.0,19.8,17.0,22.6,0.367,4.97,0.129,4.29,4.53,5.69,0.105,3.26,2.29,0.0374,0.613,0.349,32.0,24.0,83,23,300,3.9,9.2,5.5,5.3,3.7,3.5,3.7,4.4,3.2,3.9,4.2,8.8,2.4,5.1,66.8,0,0,0,0,0,0
38.4,35.8,41.0,34.5,33.6,35.4,38.7,36.8,40.6,19.4,21.4,17.4,0.39,5.22,0.137,4.59,4.79,6.02,0.111,3.42,2.39,0.0375,0.621,0.37,31.8,24.0,80,22,300,4.4,9.9,4.6,5.0,3.7,4.0,3.7,4.3,2.8,3.2,3.5,8.8,2.4,6.3,66.6,0,0,0,0,0,0
38.4,37.6,39.2,32.7,30.8,34.6,36.6,35.4,37.8,19.2,21.6,16.8,0.411,5.53,0.144,4.85,5.01,6.27,0.118,3.58,2.53,0.0375,0.627,0.388,31.6,24.0,66,21,300,3.3,8.2,4.0,4.5,4.2,3.7,3.9,3.8,3.2,3.7,4.2,7.8,2.6,6.8,63.9,0,0,0,0,0,0
37.9,38.8,37.0,25.4,27.8,23.0,38.4,36.8,40.0,18.5,16.8,20.2,0.434,5.77,0.15,5.08,5.26,6.64,0.124,3.8,2.65,0.0374,0.637,0.409,31.6,24.0,69,23,300,2.9,8.5,4.7,3.7,3.5,4.3,4.1,4.0,3.5,4.6,4.5,8.2,3.1,6.4,66.0,0,0,0,0,0,0
39.4,38.8,40.0,38.6,38.6,38.6,40.7,41.8,39.6,19.7,22.4,17.0,0.397,5.34,0.138,4.71,4.7,5.94,0.11,3.41,2.34,0.0379,0.209,0.368,37.8,29.0,89,32,400,42.1,10.1,5.8,5.3,5.3,5.3,5.0,3.9,5.2,4.8,5.5,10.8,3.8,6.9,120.0,0,0,0,0,0,0
44.0,44.4,43.6,38.3,36.8,39.8,41.2,41.4,41.0,19.5,17.4,21.6,0.408,5.44,0.14,4.75,4.75,6.09,0.113,3.4,2.43,0.0388,0.209,0.379,36.0,28.0,72,23,400,18.9,10.6,5.7,6.8,5.4,5.8,5.1,5.2,6.2,6.0,5.8,11.3,3.6,7.6,104.0,0,0,0,0,0,0
38.9,38.2,39.6,38.5,37.4,39.6,44.0,43.6,44.4,19.3,22.4,16.2,0.416,5.43,0.143,4.91,4.73,6.21,0.115,3.56,2.48,0.0378,0.212,0.377,35.1,27.0,73,23,400,3.0,12.1,5.2,5.7,5.4,6.0,4.7,6.1,5.9,5.5,5.7,10.8,3.8,7.8,87.7,0,0,0,0,0,0
41.9,42.0,41.8,39.8,40.6,39.0,40.9,42.8,39.0,20.6,17.8,23.4,0.403,5.52,0.142,4.94,4.8,6.27,0.115,3.64,2.53,0.0386,0.215,0.394,34.4,26.0,77,23,400,3.7,12.7,6.9,5.1,5.2,5.7,4.6,5.8,4.7,5.7,5.8,11.4,3.8,7.3,88.4,0,0,0,0,0,0
43.6,43.8,43.4,37.0,37.6,36.4,41.3,41.2,41.4,19.9,23.8,16.0,0.419,5.49,0.145,5.07,4.93,6.22,0.119,3.68,2.58,0.0386,0.217,0.394,33.9,26.0,74,23,400,4.0,11.9,5.7,5.7,5.0,5.5,5.0,4.6,4.9,6.2,6.5,11.3,3.1,5.5,84.9,0,0,0,0,0,0
43.1,41.6,44.6,38.0,35.8,40.2,41.5,43.4,39.6,18.9,19.4,18.4,0.418,5.57,0.143,5.05,4.98,6.37,0.115,3.71,2.63,0.0377,0.22,0.391,33.3,25.0,69,22,400,4.2,12.2,4.5,5.8,5.7,5.5,5.2,4.7,4.9,5.7,5.6,10.6,3.6,6.0,84.2,0,0,0,0,0,0
41.4,43.8,39.0,38.1,36.8,39.4,42.1,43.0,41.2,19.6,18.6,20.6,0.418,5.58,0.142,5.13,4.97,6.41,0.117,3.73,2.66,0.0378,0.219,0.398,33.0,25.0,68,23,400,3.8,11.1,5.3,5.2,6.3,6.0,5.3,5.4,4.4,6.2,4.9,10.2,3.1,7.9,85.1,0,0,0,0,0,0
42.7,43.2,42.2,37.2,39.8,34.6,41.8,41.6,42.0,19.4,23.0,15.8,0.421,5.71,0.144,5.22,5.04,6.54,0.117,3.73,2.67,0.0386,0.221,0.413,32.5,25.0,69,22,400,4.6,10.5,5.2,6.0,6.4,5.8,5.0,5.4,5.4,5.4,5.2,9.5,3.0,8.3,85.7,0,0,0,0,0,0
42.5,40.6,44.4,38.5,39.4,37.6,42.7,45.0,40.4,20.8,24.2,17.4,0.428,5.8,0.144,5.32,5.08,6.56,0.121,3.85,2.73,0.0366,0.224,0.414,32.3,25.0,70,22,400,4.7,12.3,5.3,6.5,5.2,5.1,5.1,5.3,6.9,5.1,5.0,9.8,3.2,7.2,86.7,0,0,0,0,0,0
43.8,46.6,41.0,38.3,40.2,36.4,42.2,42.4,42.0,18.7,21.8,15.6,0.446,5.86,0.15,5.3,5.19,6.75,0.124,3.93,2.77,0.0367,0.225,0.424,32.0,24.0,70,23,400,3.7,11.9,5.8,5.4,4.8,5.0,5.9,5.1,6.1,5.9,5.2,11.0,4.1,6.5,86.4,0,0,0,0,0,0
42.2,42.6,41.8,39.2,38.4,40.0,42.9,43.4,42.4,21.3,19.2,23.4,0.439,5.84,0.15,5.41,5.17,6.8,0.125,3.97,2.77,0.0375,0.229,0.433,32.0,24.0,70,23,400,3.5,11.4,5.2,4.6,5.6,4.8,5.2,5.6,5.4,6.8,6.3,12.0,4.2,6.7,87.3,0,0,0,0,0,0
42.7,40.8,44.6,38.1,35.8,40.4,41.7,41.4,42.0,19.2,20.0,18.4,0.452,6.01,0.154,5.6,5.18,6.83,0.128,4.03,2.85,0.0366,0.229,0.434,32.1,24.0,78,24,400,3.6,13.1,4.9,4.0,5.7,5.2,6.0,6.6,5.9,6.5,6.7,11.6,3.0,6.6,89.4,0,0,0,0,0,0
40.2,42.2,38.2,37.6,37.8,37.4,40.3,40.8,39.8,20.3,20.6,20.0,0.443,5.93,0.151,5.55,5.23,6.98,0.126,4.07,2.9,0.0366,0.23,0.438,31.9,24.0,73,22,400,4.0,12.7,5.3,4.3,5.5,5.4,7.2,6.5,5.3,5.1,6.2,10.0,3.0,7.0,87.5,0,0,0,0,0,0
44.2,44.0,44.4,37.4,40.2,34.6,43.1,46.0,40.2,19.4,18.0,20.8,0.446,6.02,0.152,5.64,5.35,7.07,0.124,4.15,2.94,0.0375,0.234,0.445,31.8,24.0,71,23,400,3.7,13.5,4.3,6.1,5.8,4.4,6.3,5.8,5.4,5.5,5.9,9.2,2.6,7.6,86.1,0,0,0,0,0,0
41.3,43.0,39.6,37.9,37.6,38.2,42.4,42.6,42.2,19.8,19.6,20.0,0.446,6.07,0.153,5.71,5.35,7.17,0.127,4.15,2.99,0.0374,0.232,0.447,32.0,24.0,77,25,400,4.2,13.3,4.5,6.2,5.9,5.0,5.1,5.6,6.6,4.9,5.4,10.4,2.7,8.4,88.2,0,0,0,0,0,0
46.4,46.8,46.0,40.3,38.8,41.8,44.9,46.2,43.6,19.1,17.0,21.2,0.474,6.43,0.164,5.97,5.67,7.59,0.137,4.4,3.12,0.0374,0.241,0.477,32.0,24.0,78,25,400,4.7,11.3,5.1,6.0,5.9,5.6,4.9,5.3,6.3,3.6,5.1,11.6,3.6,8.0,87.0,0,0,0,0,0,0
42.3,41.2,43.4,37.6,35.2,40.0,45.2,45.2,45.2,21.2,19.0,23.4,0.515,6.77,0.173,6.32,5.93,7.92,0.147,4.58,3.28,0.0384,0.251,0.504,32.1,24.0,78,26,400,4.4,10.7,5.7,7.0,5.3,4.7,5.8,5.0,5.5,5.3,4.6,12.2,4.6,7.0,87.8,0,0,0,0,0,0
43.5,43.4,43.6,30.9,33.6,28.2,41.1,42.6,39.6,19.8,20.2,19.4,0.546,7.03,0.176,6.65,6.27,8.3,0.152,4.91,3.43,0.0374,0.262,0.531,32.1,24.0,80,24,400,3.4,11.8,6.7,6.3,4.9,4.8,5.1,5.3,5.7,5.6,4.6,12.1,4.6,7.8,88.7,0,0,0,0,0,0
45.1,48.2,42.0,27.0,30.8,23.2,51.3,48.2,54.4,19.1,21.6,16.6,0.151,2.16,0.0713,1.75,1.93,2.43,0.0452,1.33,0.983,0.0367,0.116,0.153,38.2,30.0,82,29,200,44.7,8.0,2.67,4.33,3.0,5.0,3.33,2.33,4.0,3.33,2.33,7.33,2.33,3.67,96.3,0,0,0,0,0,0
32.3,33.8,30.8,29.9,30.0,29.8,30.6,30.6,30.6,19.9,18.4,21.4,0.155,2.16,0.0746,1.83,1.98,2.53,0.0481,1.4,0.987,0.0367,0.117,0.155,35.0,27.0,77,26,200,27.3,6.38,2.0,2.88,3.38,4.25,3.38,3.0,3.13,3.25,2.88,7.25,2.63,2.88,74.5,0,0,0,0,0,0
31.9,31.0,32.8,32.8,35.8,29.8,32.0,34.6,29.4,18.4,19.2,17.6,0.163,2.25,0.0776,1.93,2.0,2.58,0.0514,1.45,1.05,0.0366,0.121,0.16,33.1,25.0,62,20,200,9.6,5.7,2.0,2.3,3.5,3.7,2.6,3.5,2.2,2.9,3.5,6.5,2.4,2.7,53.1,0,0,0,0,0,0
34.8,34.6,35.0,30.9,29.8,32.0,34.1,37.2,31.0,18.9,18.2,19.6,0.175,2.38,0.0778,2.06,2.12,2.73,0.0539,1.52,1.09,0.0375,0.121,0.169,32.4,24.0,66,21,200,1.8,6.1,3.0,2.5,3.1,2.8,1.9,3.2,2.3,2.3,3.2,5.1,2.0,4.6,43.9,0,0,0,0,0,0
31.8,28.6,35.0,32.0,28.8,35.2,33.8,32.8,34.8,20.1,19.2,21.0,0.18,2.47,0.0826,2.09,2.16,2.82,0.0571,1.59,1.13,0.0363,0.125,0.174,31.6,24.0,70,21,200,1.6,6.5,3.5,2.8,2.5,1.6,2.3,2.5,3.1,2.5,2.3,4.6,1.5,6.4,43.7,0,0,0,0,0,0
31.2,33.0,29.4,29.7,29.2,30.2,32.3,32.8,31.8,18.4,15.4,21.4,0.192,2.54,0.0806,2.23,2.26,2.95,0.0574,1.65,1.19,0.0373,0.128,0.181,31.2,24.0,71,21,200,1.7,6.3,3.5,3.4,2.9,2.0,2.7,2.1,4.0,2.9,2.0,5.9,1.7,5.7,46.8,0,0,0,0,0,0
33.4,35.4,31.4,32.3,29.0,35.6,32.2,29.2,35.2,20.4,21.2,19.6,0.186,2.58,0.0812,2.31,2.28,3.03,0.0576,1.71,1.23,0.0374,0.129,0.19,30.5,23.0,66,20,200,1.7,5.4,3.5,3.2,2.6,2.9,2.2,2.4,3.4,2.3,2.8,6.2,1.6,3.5,43.7,0,0,0,0,0,0
31.3,29.0,33.6,28.0,29.2,26.8,31.8,30.6,33.0,18.5,16.0,21.0,0.198,2.66,0.086,2.48,2.33,3.17,0.0604,1.79,1.26,0.0364,0.132,0.198,30.1,23.0,63,19,200,1.8,6.4,2.7,2.8,2.0,3.3,2.2,3.2,2.5,2.3,3.7,5.9,1.3,2.8,42.9,0,0,0,0,0,0
34.4,36.2,32.6,33.1,33.6,32.6,33.7,35.2,32.2,20.5,18.4,22.6,0.204,2.81,0.0859,2.54,2.42,3.27,0.0629,1.84,1.3,0.0383,0.132,0.204,29.8,22.0,63,20,200,1.6,6.9,2.0,3.3,2.1,3.3,2.4,3.2,2.9,2.5,2.9,5.6,2.1,3.1,43.9,0,0,0,0,0,0
33.4,31.4,35.4,30.1,31.0,29.2,35.6,35.0,36.2,18.2,15.6,20.8,0.226,2.91,0.0922,2.68,2.51,3.4,0.0673,1.91,1.36,0.0373,0.136,0.214,29.6,22.0,67,20,200,1.6,6.2,3.0,3.2,2.1,2.9,2.5,2.7,2.7,2.8,2.5,5.8,2.2,4.3,44.5,0,0,0,0,0,0
33.1,34.0,32.2,31.4,31.6,31.2,33.0,33.0,33.0,20.3,22.8,17.8,0.239,2.99,0.0957,2.73,2.59,3.45,0.0702,1.98,1.42,0.0382,0.14,0.222,29.4,22.0,68,19,200,1.6,6.4,2.9,2.8,2.7,2.8,2.7,3.2,2.6,3.1,3.0,6.0,2.1,5.4,47.3,0,0,0,0,0,0
31.7,33.0,30.4,29.7,32.2,27.2,32.8,29.8,35.8,18.3,17.0,19.6,0.245,3.01,0.0981,2.84,2.62,3.53,0.073,2.07,1.46,0.0362,0.141,0.233,29.2,22.0,68,19,200,1.7,6.4,2.1,2.7,3.3,2.6,2.1,3.1,3.1,2.8,2.9,5.3,2.6,4.7,45.4,0,0,0,0,0,0
30.6,32.6,28.6,30.5,30.6,30.4,32.3,32.0,32.6,19.8,20.6,19.0,0.244,3.12,0.0955,2.95,2.68,3.61,0.0728,2.09,1.48,0.0371,0.145,0.236,29.2,22.0,65,20,200,1.5,6.1,2.6,1.8,3.2,2.5,2.6,3.3,3.6,2.6,3.1,5.8,2.4,3.4,44.5,0,0,0,0,0,0
33.8,32.0,35.6,29.3,26.8,31.8,33.2,33.6,32.8,19.7,23.2,16.2,0.247,3.17,0.0982,3.02,2.78,3.72,0.0748,2.15,1.54,0.0363,0.148,0.242,29.0,22.0,64,21,200,1.7,5.6,3.2,1.5,2.1,2.4,3.0,3.6,3.0,2.8,2.8,5.6,1.6,3.8,42.7,0,0,0,0,0,0
32.1,33.0,31.2,30.5,30.8,30.2,32.1,31.8,32.4,18.9,18.4,19.4,0.254,3.25,0.0968,3.1,2.84,3.87,0.0748,2.24,1.58,0.0362,0.148,0.244,29.1,22.0,72,22,200,2.2,5.3,3.3,2.6,1.7,2.6,2.8,2.9,2.0,3.5,2.8,5.6,1.5,4.4,43.2,0,0,0,0,0,0
32.7,33.6,31.8,31.0,32.6,29.4,34.7,34.4,35.0,18.9,16.0,21.8,0.265,3.38,0.102,3.25,2.88,3.92,0.0758,2.29,1.6,0.0372,0.15,0.249,28.9,22.0,67,21,200,2.9,5.5,2.8,3.1,2.3,2.6,2.7,2.9,2.6,3.0,2.7,5.3,1.3,3.5,43.2,0,0,0,0,0,0
35.8,36.4,35.2,30.8,27.8,33.8,32.7,31.8,33.6,19.4,16.2,22.6,0.272,3.49,0.106,3.36,3.02,4.08,0.0795,2.37,1.67,0.0361,0.154,0.262,28.8,22.0,63,20,200,2.8,4.8,2.7,2.5,2.7,2.8,3.6,2.7,3.3,3.0,2.5,5.8,1.7,3.6,44.5,0,0,0,0,0,0
33.7,33.8,33.6,31.6,30.8,32.4,34.3,33.6,35.0,18.7,18.4,19.0,0.295,3.66,0.111,3.54,3.18,4.31,0.0862,2.52,1.78,0.0372,0.162,0.279,28.8,22.0,69,21,200,1.9,4.3,2.6,2.2,2.5,2.8,3.7,2.9,3.2,3.0,2.6,7.3,2.9,3.5,45.4,0,0,0,0,0,0
33.3,30.4,36.2,30.6,31.4,29.8,33.4,34.6,32.2,20.1,19.2,21.0,0.313,3.83,0.112,3.69,3.38,4.57,0.0889,2.62,1.89,0.038,0.167,0.292,28.9,22.0,70,21,200,1.7,5.1,3.1,2.6,2.3,2.8,3.1,3.0,3.1,2.6,2.3,7.5,3.0,3.5,45.7,0,0,0,0,0,0
38.5,39.8,37.2,33.2,30.2,36.2,43.9,43.4,44.4,18.7,18.2,19.2,0.279,3.77,0.103,3.52,3.15,4.26,0.0783,2.42,1.69,0.0373,0.16,0.266,38.4,29.0,96,28,300,46.4,8.43,4.57,4.43,3.14,4.14,3.57,3.29,4.0,4.71,4.14,6.57,1.43,5.86,105.0,0,0,0,0,0,0
38.3,36.0,40.6,34.6,34.8,34.4,40.2,40.6,39.8,21.0,19.4,22.6,0.287,3.84,0.109,3.53,3.21,4.31,0.0844,2.48,1.77,0.0374,0.165,0.268,35.6,27.0,96,28,300,25.4,8.1,3.9,3.9,4.3,4.0,3.9,3.8,4.5,4.2,4.7,7.7,2.7,6.1,87.2,0,0,0,0,0,0
33.8,35.2,32.4,35.7,37.0,34.4,35.8,36.0,35.6,18.9,20.2,17.6,0.304,3.96,0.11,3.7,3.28,4.32,0.0845,2.56,1.79,0.0372,0.165,0.266,34.4,26.0,68,22,300,1.9,8.0,4.2,4.1,4.1,3.7,4.7,4.0,3.6,3.9,4.8,9.4,3.5,5.6,65.5,0,0,0,0,0,0
39.6,36.8,42.4,34.1,34.2,34.0,41.1,39.2,43.0,19.3,18.0,20.6,0.301,4.06,0.112,3.7,3.43,4.53,0.0878,2.59,1.84,0.0373,0.169,0.277,33.1,25.0,67,22,300,2.7,8.8,4.5,5.5,4.4,3.7,4.7,3.5,3.8,4.4,4.1,9.0,2.6,5.2,66.9,0,0,0,0,0,0
36.4,31.6,41.2,36.9,39.2,34.6,49.5,50.2,48.8,19.4,22.2,16.6,0.315,4.07,0.114,3.79,3.44,4.49,0.0873,2.66,1.89,0.0372,0.581,0.28,33.3,25.0,76,23,300,3.3,8.5,4.0,4.7,4.3,4.0,3.8,4.8,4.2,4.1,3.1,7.6,2.5,4.9,63.8,0,0,0,0,0,0
36.5,35.0,38.0,35.2,35.2,35.2,39.2,38.6,39.8,18.6,16.6,20.6,0.316,4.13,0.114,3.86,3.5,4.64,0.0891,2.7,1.9,0.0372,0.584,0.287,32.6,25.0,71,21,300,3.0,7.9,4.3,3.8,3.4,4.4,3.5,5.9,3.4,3.6,4.5,8.7,2.5,6.1,65.0,0,0,0,0,0,0
37.3,37.6,37.0,35.2,35.2,35.2,37.2,38.4,36.0,19.8,20.4,19.2,0.319,4.19,0.113,4.03,3.56,4.7,0.0893,2.73,1.94,0.0372,0.584,0.289,32.0,24.0,71,20,300,3.0,7.9,4.4,3.7,4.1,3.9,4.3,4.5,3.0,4.4,5.4,8.5,2.4,5.6,65.1,0,0,0,0,0,0
38.5,41.0,36.0,33.9,34.2,33.6,37.4,36.6,38.2,18.6,21.4,15.8,0.315,4.34,0.114,4.04,3.59,4.87,0.0873,2.83,2.0,0.0372,0.588,0.29,31.6,24.0,70,21,300,3.0,8.1,4.1,4.0,4.1,4.1,5.4,3.4,4.5,5.2,4.9,7.4,2.6,5.1,65.9,0,0,0,0,0,0
36.9,38.8,35.0,32.5,32.4,32.6,38.3,37.4,39.2,20.0,16.2,23.8,0.329,4.28,0.116,4.12,3.69,4.97,0.09,2.91,2.01,0.0371,0.588,0.296,31.2,23.0,68,21,300,2.5,7.4,4.3,3.9,3.4,4.7,4.5,3.4,4.9,4.4,4.9,8.3,2.5,5.4,64.5,0,0,0,0,0,0
37.5,38.0,37.0,36.7,35.4,38.0,37.7,37.4,38.0,19.0,21.8,16.2,0.327,4.46,0.116,4.29,3.71,4.97,0.0897,2.98,2.07,0.0371,0.594,0.303,31.0,23.0,68,21,300,2.7,8.1,4.9,3.4,4.1,4.7,3.8,4.0,3.4,4.6,4.8,9.5,2.2,4.9,65.1,0,0,0,0,0,0
36.8,35.6,38.0,33.5,34.2,32.8,37.9,36.4,39.4,19.6,22.6,16.6,0.329,4.55,0.12,4.36,3.83,5.06,0.092,3.02,2.13,0.038,0.597,0.313,30.8,23.0,68,22,300,2.8,8.1,4.2,3.8,4.3,3.7,4.1,4.2,3.7,4.9,5.0,9.2,2.4,6.1,66.5,0,0,0,0,0,0
39.7,40.8,38.6,35.7,38.6,32.8,41.3,43.2,39.4,20.2,18.8,21.6,0.337,4.57,0.121,4.38,3.87,5.28,0.096,3.1,2.17,0.037,0.6,0.324,30.7,23.0,67,23,300,2.7,8.5,3.7,4.3,3.7,2.8,3.2,4.8,3.8,4.8,4.7,9.1,2.5,6.6,65.2,0,0,0,0,0,0
35.7,33.4,38.0,32.9,33.0,32.8,37.6,37.2,38.0,18.6,14.8,22.4,0.342,4.63,0.119,4.5,3.91,5.29,0.0945,3.15,2.21,0.0369,0.602,0.325,30.7,23.0,71,23,300,3.0,9.6,4.6,3.9,4.7,4.9,2.5,4.3,3.7,5.1,3.7,8.8,2.3,6.1,67.2,0,0,0,0,0,0
36.3,36.0,36.6,31.9,34.4,29.4,79.7,76.4,83.0,18.7,15.2,22.2,0.346,4.73,0.121,4.56,3.99,5.32,0.0941,3.16,2.24,0.0377,0.603,0.33,33.0,23.0,190,26,300,3.5,8.5,4.2,3.3,4.6,4.6,3.0,3.9,4.7,4.5,3.2,7.6,2.2,4.9,62.7,0,0,0,0,0,0
36.4,35.4,37.4,34.4,31.2,37.6,79.9,83.2,76.6,19.9,22.0,17.8,0.35,4.79,0.124,4.63,3.97,5.42,0.0976,3.21,2.24,0.036,0.603,0.337,43.3,24.0,530,56,300,3.9,8.6,3.7,3.3,2.9,3.8,2.8,4.7,4.2,4.6,2.7,7.4,2.8,4.2,59.6,0,0,0,0,0,0
38.1,39.4,36.8,34.5,34.0,35.0,37.1,37.0,37.2,19.1,15.2,23.0,0.367,4.87,0.126,4.71,4.06,5.53,0.0991,3.26,2.28,0.0378,0.607,0.338,42.5,24.0,520,33,300,3.3,9.6,3.8,4.1,3.9,5.0,3.5,4.0,4.7,5.0,3.7,8.9,3.4,5.1,68.0,0,0,0,0,0,0
39.5,39.0,40.0,34.8,35.0,34.6,40.1,43.8,36.4,19.2,23.0,15.4,0.391,5.09,0.135,4.91,4.38,5.92,0.107,3.45,2.44,0.0367,0.617,0.372,41.8,24.0,70,23,300,3.0,8.9,3.6,4.6,5.1,4.7,4.9,3.2,6.0,4.4,3.7,9.3,2.9,5.2,69.5,0,0,0,0,0,0
37.7,41.0,34.4,32.7,31.2,34.2,38.2,37.6,38.8,19.9,18.8,21.0,0.416,5.4,0.141,5.21,4.6,6.19,0.115,3.69,2.59,0.0367,0.625,0.386,41.2,24.0,71,24,300,2.7,9.8,4.2,4.1,4.5,4.2,4.2,3.9,4.9,4.2,3.1,10.1,3.2,6.2,69.3,0,0,0,0,0,0
34.8,35.4,34.2,23.6,27.2,20.0,38.0,38.2,37.8,18.6,22.4,14.8,0.436,5.63,0.145,5.5,4.82,6.48,0.12,3.84,2.73,0.0367,0.633,0.406,40.6,24.0,66,21,300,2.8,11.0,3.7,3.6,3.7,3.7,3.7,3.8,4.2,3.4,3.9,9.1,3.2,6.1,65.9,0,0,0,0,0,0
43.6,43.6,43.6,39.6,37.4,41.8,40.8,39.6,42.0,20.4,22.6,18.2,0.397,5.13,0.14,5.01,4.31,6.02,0.111,3.37,2.36,0.0359,0.208,0.361,36.3,27.0,93,29,400,40.1,10.1,5.9,5.1,6.1,5.9,4.8,4.9,3.6,5.3,4.9,10.4,3.5,6.5,117.0,0,0,0,0,0,0
41.1,39.4,42.8,35.7,35.6,35.8,42.9,42.8,43.0,19.2,24.2,14.2,0.408,5.18,0.14,5.0,4.37,6.02,0.113,3.47,2.47,0.0379,0.211,0.358,35.4,27.0,74,23,400,16.9,10.4,6.1,5.5,6.3,6.3,5.2,6.2,5.5,7.3,6.1,13.8,5.7,6.8,108.0,0,0,0,0,0,0
42.8,45.2,40.4,39.5,40.2,38.8,42.9,43.0,42.8,19.6,15.8,23.4,0.415,5.31,0.141,4.99,4.44,6.14,0.114,3.57,2.47,0.0359,0.215,0.373,34.6,26.0,76,24,400,3.5,9.5,6.2,5.0,5.1,4.8,4.9,5.9,5.9,7.1,5.6,11.6,4.6,9.3,89.0,0,0,0,0,0,0
41.0,41.4,40.6,37.3,39.0,35.6,42.0,41.2,42.8,19.3,21.4,17.2,0.418,5.36,0.142,5.13,4.55,6.25,0.12,3.52,2.5,0.037,0.216,0.381,34.3,26.0,74,25,400,3.2,11.2,6.5,5.2,5.6,4.7,4.8,5.4,5.2,4.4,4.8,10.2,3.0,9.4,83.6,0,0,0,0,0,0
43.4,43.2,43.6,40.9,39.8,42.0,43.4,44.2,42.6,19.2,18.0,20.4,0.44,5.51,0.149,5.17,4.53,6.32,0.123,3.58,2.6,0.0362,0.218,0.387,33.9,26.0,75,25,400,3.0,10.6,6.8,4.6,5.0,5.9,6.0,6.6,4.4,4.4,4.6,11.1,3.5,8.3,84.8,0,0,0,0,0,0
41.7,41.2,42.2,37.3,38.6,36.0,46.1,44.0,48.2,19.2,22.0,16.4,0.463,5.52,0.155,5.17,4.65,6.42,0.132,3.67,2.58,0.037,0.221,0.394,34.1,26.0,81,25,400,3.7,10.5,6.2,5.1,3.8,5.9,6.4,6.3,4.4,6.0,4.6,11.9,4.7,7.9,87.4,0,0,0,0,0,0
42.6,40.0,45.2,39.0,41.4,36.6,42.6,42.6,42.6,19.6,19.4,19.8,0.464,5.64,0.157,5.34,4.74,6.48,0.134,3.7,2.65,0.0361,0.223,0.397,33.8,26.0,78,24,400,4.2,10.9,6.1,5.3,6.0,6.1,5.1,5.7,5.3,6.4,5.4,13.4,4.5,7.2,91.6,0,0,0,0,0,0
42.5,41.4,43.6,35.9,35.8,36.0,42.4,42.0,42.8,19.5,22.4,16.6,0.48,5.74,0.157,5.33,4.77,6.58,0.133,3.79,2.68,0.037,0.225,0.4,33.5,26.0,72,24,400,4.1,10.9,6.2,4.7,6.8,5.4,3.5,4.7,5.2,6.2,6.2,11.1,3.5,7.6,86.1,0,0,0,0,0,0
41.1,41.8,40.4,39.7,39.4,40.0,42.4,44.2,40.6,21.4,19.6,23.2,0.472,5.77,0.159,5.41,4.89,6.69,0.136,3.82,2.73,0.0382,0.224,0.407,33.4,26.0,74,24,400,4.3,11.0,5.3,5.3,5.4,4.9,5.1,4.1,4.6,6.4,6.4,11.1,3.6,8.1,85.6,0,0,0,0,0,0
43.0,41.6,44.4,36.8,34.4,39.2,43.9,41.2,46.6,19.9,20.0,19.8,0.467,5.89,0.157,5.56,4.93,6.84,0.135,3.91,2.72,0.0363,0.229,0.408,33.2,25.0,76,23,400,4.7,9.7,6.1,6.1,5.2,4.7,6.0,4.4,5.3,5.8,5.5,11.2,3.0,7.7,85.4,0,0,0,0,0,0
44.0,42.8,45.2,37.3,37.8,36.8,40.9,39.6,42.2,21.9,19.4,24.4,0.483,5.92,0.16,5.6,4.98,6.8,0.137,3.99,2.78,0.0372,0.231,0.409,33.2,25.0,77,24,400,3.6,11.0,6.5,5.9,6.3,4.7,3.8,5.0,5.6,5.7,5.2,10.3,2.9,8.0,84.5,0,0,0,0,0,0
41.1,39.6,42.6,38.7,37.6,39.8,43.8,45.0,42.6,18.9,19.8,18.0,0.478,5.97,0.161,5.68,5.11,6.93,0.141,3.99,2.87,0.0372,0.231,0.427,33.2,25.0,83,25,400,2.8,10.9,5.0,4.7,6.5,5.1,4.3,5.5,5.9,7.2,5.0,11.6,3.8,8.0,86.3,0,0,0,0,0,0
41.6,40.8,42.4,38.8,38.4,39.2,41.6,40.0,43.2,19.6,18.4,20.8,0.485,6.08,0.159,5.76,5.05,7.01,0.138,4.02,2.84,0.0374,0.233,0.422,33.0,25.0,77,23,400,3.1,11.4,4.6,4.6,6.3,4.7,4.8,4.8,6.1,6.1,5.3,10.4,4.0,8.4,84.6,0,0,0,0,0,0
45.2,42.6,47.8,37.7,37.8,37.6,44.2,42.4,46.0,19.0,15.4,22.6,0.491,6.11,0.163,5.78,5.15,7.15,0.141,4.08,2.89,0.0372,0.234,0.429,33.0,25.0,74,24,400,3.4,11.9,6.9,5.5,6.0,5.2,4.9,4.7,4.9,5.1,5.6,11.2,3.9,8.3,87.5,0,0,0,0,0,0
43.5,45.0,42.0,38.9,39.4,38.4,46.8,47.8,45.8,19.8,19.2,20.4,0.502,6.21,0.166,5.84,5.2,7.28,0.143,4.15,2.94,0.0381,0.241,0.441,32.8,25.0,74,25,400,4.1,10.1,7.2,6.4,5.6,5.6,5.7,4.7,5.0,5.1,4.6,12.0,3.7,8.3,88.1,0,0,0,0,0,0
42.6,42.8,42.4,39.6,39.2,40.0,43.6,43.0,44.2,19.9,18.4,21.4,0.53,6.54,0.175,6.12,5.54,7.66,0.15,4.41,3.08,0.0361,0.248,0.47,32.9,25.0,77,24,400,4.5,11.0,5.4,5.6,5.1,5.9,5.2,5.7,5.9,5.0,4.2,12.2,3.1,8.8,87.6,0,0,0,0,0,0
44.7,43.6,45.8,39.3,37.0,41.6,42.5,41.0,44.0,20.0,20.6,19.4,0.568,6.93,0.184,6.49,5.85,8.11,0.168,4.65,3.28,0.0379,0.26,0.498,32.8,25.0,76,24,400,3.5,13.0,5.5,4.4,4.5,5.6,5.0,6.8,6.5,5.6,4.4,13.5,3.6,7.1,89.0,0,0,0,0,0,0
43.4,41.6,45.2,29.2,31.2,27.2,44.9,44.6,45.2,20.3,16.4,24.2,0.606,7.28,0.194,6.91,6.13,8.49,0.174,4.9,3.43,0.0379,0.268,0.519,32.8,25.0,75,25,400,3.8,12.5,5.7,5.2,4.0,5.5,4.6,5.6,6.5,4.9,5.5,11.8,4.9,6.2,86.7,0,0,0,0,0,0
43.0,44.0,42.0,29.2,32.2,26.2,51.7,51.2,52.2,19.0,18.2,19.8,0.157,2.15,0.0715,1.78,1.81,2.3,0.048,1.32,0.962,0.0366,0.114,0.144,36.5,32.0,77,32,200,45.7,6.0,4.0,3.0,5.0,3.0,4.33,2.0,4.0,3.33,5.67,6.0,2.0,4.0,98.0,0,0,0,0,0,0
32.8,30.2,35.4,31.3,29.2,33.4,32.6,36.0,29.2,18.7,22.0,15.4,0.163,2.19,0.0749,1.84,1.84,2.38,0.0486,1.31,0.97,0.0367,0.115,0.149,33.3,27.0,73,26,200,26.9,4.75,3.38,3.5,4.38,3.0,3.25,1.88,3.0,3.63,3.88,5.88,2.38,4.0,73.8,0,0,0,0,0,0
30.7,31.8,29.6,30.5,29.8,31.2,32.7,30.2,35.2,19.3,22.6,16.0,0.172,2.31,0.0751,2.0,1.91,2.47,0.0541,1.39,1.03,0.0375,0.119,0.16,31.0,24.0,57,19,200,8.7,5.3,3.1,2.9,3.7,3.2,3.2,2.2,2.7,3.6,2.2,5.1,2.0,4.1,52.0,0,0,0,0,0,0
32.6,32.0,33.2,30.2,28.6,31.8,34.2,38.4,30.0,19.1,16.4,21.8,0.186,2.34,0.0788,2.06,1.98,2.61,0.0609,1.47,1.09,0.0376,0.122,0.169,30.2,24.0,61,20,200,1.9,6.7,2.9,2.7,2.9,2.7,3.1,2.5,2.7,2.9,1.8,5.2,1.8,4.2,44.0,0,0,0,0,0,0
31.7,30.2,33.2,31.4,29.0,33.8,33.3,35.2,31.4,19.3,23.0,15.6,0.192,2.48,0.0836,2.18,2.01,2.73,0.0643,1.55,1.13,0.0367,0.126,0.179,29.4,23.0,62,20,200,1.7,6.9,1.9,3.5,2.6,2.1,2.5,1.9,2.4,2.6,2.7,5.8,2.3,4.6,43.5,0,0,0,0,0,0
29.9,30.2,29.6,31.7,32.2,31.2,32.7,33.4,32.0,19.6,17.0,22.2,0.204,2.56,0.0852,2.26,2.07,2.78,0.0657,1.61,1.17,0.0377,0.128,0.185,29.4,22.0,70,19,200,1.8,5.9,2.2,3.4,3.3,2.6,1.9,2.4,2.4,3.2,3.4,6.9,2.8,3.8,46.0,0,0,0,0,0,0
31.5,32.8,30.2,31.8,28.6,35.0,32.6,34.8,30.4,19.6,17.2,22.0,0.204,2.66,0.086,2.42,2.1,2.83,0.0674,1.67,1.21,0.0368,0.131,0.189,28.9,22.0,72,19,200,1.5,5.7,2.4,2.8,4.0,2.8,1.9,3.1,2.2,2.8,2.5,6.4,2.2,3.3,43.6,0,0,0,0,0,0
32.4,35.2,29.6,29.4,29.6,29.2,32.6,31.4,33.8,18.4,19.0,17.8,0.212,2.71,0.0874,2.49,2.22,2.97,0.0714,1.73,1.23,0.0387,0.133,0.19,28.8,21.0,70,19,200,1.9,6.1,2.3,2.0,3.1,3.0,2.1,3.6,2.4,2.4,2.2,4.4,1.4,4.2,41.1,0,0,0,0,0,0
33.3,36.6,30.0,30.2,29.8,30.6,33.5,31.6,35.4,18.9,19.6,18.2,0.213,2.81,0.0891,2.55,2.25,3.03,0.0708,1.77,1.28,0.0378,0.135,0.198,28.7,21.0,71,21,200,2.1,5.2,2.0,2.0,2.6,3.2,2.1,3.9,2.4,2.6,2.4,4.9,1.9,4.7,42.0,0,0,0,0,0,0
31.3,34.2,28.4,29.6,31.0,28.2,34.6,38.0,31.2,19.6,21.2,18.0,0.222,2.92,0.0916,2.66,2.32,3.1,0.0741,1.8,1.32,0.0366,0.14,0.202,28.4,21.0,65,20,200,1.4,5.7,1.9,2.2,2.7,2.8,2.5,3.5,2.5,2.1,2.0,4.7,1.9,5.2,41.1,0,0,0,0,0,0
31.4,29.4,33.4,32.1,32.6,31.6,31.8,32.8,30.8,18.0,20.8,15.2,0.23,2.97,0.0929,2.78,2.36,3.19,0.0742,1.88,1.35,0.0376,0.142,0.215,28.2,21.0,63,20,200,2.0,5.5,3.0,2.9,2.8,2.5,2.3,3.0,2.7,2.5,2.5,4.6,2.1,4.2,42.6,0,0,0,0,0,0
32.4,29.8,35.0,28.6,29.2,28.0,33.0,32.0,34.0,19.4,21.0,17.8,0.239,3.08,0.0942,2.88,2.4,3.26,0.0758,1.94,1.4,0.0375,0.144,0.217,28.2,21.0,66,19,200,1.8,5.9,3.1,3.4,2.5,2.6,2.6,2.7,2.1,3.3,2.5,6.0,2.1,3.6,44.2,0,0,0,0,0,0
32.6,34.2,31.0,31.8,29.4,34.2,32.9,32.8,33.0,20.3,19.0,21.6,0.237,3.15,0.0964,2.96,2.47,3.34,0.0795,2.02,1.45,0.0375,0.146,0.22,28.1,21.0,70,20,200,1.5,6.8,3.6,3.9,2.2,3.0,3.3,3.1,3.1,2.4,1.9,6.0,1.5,3.7,46.0,0,0,0,0,0,0
32.0,34.6,29.4,31.2,29.6,32.8,35.6,35.6,35.6,19.6,20.4,18.8,0.253,3.23,0.0987,3.08,2.55,3.43,0.0799,2.07,1.48,0.0367,0.152,0.23,28.3,21.0,71,21,200,1.6,6.4,4.2,3.6,2.3,3.2,3.2,2.9,3.6,2.0,1.9,5.8,2.3,3.1,46.1,0,0,0,0,0,0
33.5,34.6,32.4,29.2,26.4,32.0,32.2,31.8,32.6,18.9,15.0,22.8,0.259,3.31,0.1,3.19,2.64,3.54,0.0825,2.16,1.53,0.0384,0.155,0.235,28.2,21.0,70,21,200,2.4,5.6,3.2,2.8,1.9,3.2,2.4,2.1,3.2,3.3,2.3,5.8,2.6,3.5,44.3,0,0,0,0,0,0
32.8,31.2,34.4,29.2,30.2,28.2,33.1,32.0,34.2,18.7,22.0,15.4,0.269,3.44,0.104,3.26,2.71,3.73,0.0858,2.23,1.59,0.0374,0.158,0.249,28.0,21.0,65,20,200,3.0,4.7,1.9,2.7,2.3,3.3,2.5,2.3,3.9,3.1,2.6,5.9,1.7,3.9,43.8,0,0,0,0,0,0
31.0,31.6,30.4,28.6,28.0,29.2,32.3,30.8,33.8,19.5,16.0,23.0,0.282,3.54,0.108,3.43,2.81,3.83,0.0897,2.3,1.65,0.0373,0.162,0.256,28.1,21.0,65,20,200,2.1,4.4,1.8,2.9,2.5,3.3,3.0,3.3,3.7,2.5,2.4,6.9,2.0,3.6,44.4,0,0,0,0,0,0
32.8,34.8,30.8,30.2,29.2,31.2,32.3,34.2,30.4,18.5,18.8,18.2,0.293,3.7,0.109,3.59,2.97,4.03,0.0913,2.42,1.7,0.0375,0.167,0.272,28.1,21.0,71,20,200,1.6,4.5,2.1,2.9,2.3,3.1,2.2,3.2,2.9,2.9,3.2,5.7,2.1,4.0,42.7,0,0,0,0,0,0
32.6,33.8,31.4,31.7,29.6,33.8,32.9,35.2,30.6,20.4,18.6,22.2,0.309,3.88,0.114,3.79,3.14,4.28,0.0964,2.57,1.83,0.0376,0.172,0.288,28.1,21.0,71,21,200,1.9,5.0,2.5,2.4,2.5,3.2,2.5,3.0,3.3,3.2,3.1,5.6,1.8,4.2,44.2,0,0,0,0,0,0
38.6,37.8,39.4,35.5,35.6,35.4,43.3,45.8,40.8,18.4,20.2,16.6,0.295,3.72,0.105,3.58,2.96,4.04,0.0824,2.43,1.69,0.0382,0.163,0.254,40.8,30.0,98,29,300,45.0,9.0,4.71,4.14,4.29,4.29,4.14,5.29,4.43,5.14,3.86,9.29,3.57,5.86,113.0,0,0,0,0,0,0
34.9,35.8,34.0,34.6,36.8,32.4,35.6,37.2,34.0,20.4,22.8,18.0,0.291,3.84,0.108,3.69,3.0,4.16,0.0807,2.44,1.74,0.0373,0.163,0.262,37.4,27.0,100,26,300,24.0,8.6,5.1,3.9,4.0,4.7,3.5,6.0,4.6,4.6,3.4,8.0,2.8,5.3,88.5,0,0,0,0,0,0
36.5,39.6,33.4,32.9,35.2,30.6,37.9,38.0,37.8,20.5,20.0,21.0,0.299,3.88,0.108,3.62,3.13,4.32,0.0843,2.5,1.76,0.0371,0.167,0.264,35.8,26.0,72,19,300,2.3,8.8,4.4,4.2,3.1,4.3,3.5,5.1,4.2,4.4,3.7,6.2,2.0,4.5,60.7,0,0,0,0,0,0
35.5,36.0,35.0,35.4,37.2,33.6,49.9,49.2,50.6,20.2,19.4,21.0,0.299,4.02,0.111,3.79,3.12,4.35,0.0851,2.55,1.82,0.0363,0.55,0.274,34.5,25.0,69,21,300,2.5,9.8,3.9,4.6,3.0,4.8,4.3,4.5,3.6,4.1,3.9,6.3,2.3,5.5,63.1,0,0,0,0,0,0
37.4,37.8,37.0,33.6,33.8,33.4,36.7,35.8,37.6,19.0,19.4,18.6,0.304,4.04,0.111,3.92,3.25,4.41,0.0872,2.64,1.85,0.038,0.555,0.277,33.5,24.0,63,20,300,2.5,9.2,3.7,4.5,3.6,5.5,4.1,4.1,3.3,3.6,3.8,7.2,2.1,6.3,63.5,0,0,0,0,0,0
36.8,36.6,37.0,35.2,36.0,34.4,36.8,39.4,34.2,18.9,20.4,17.4,0.309,4.12,0.109,3.94,3.33,4.55,0.087,2.72,1.92,0.0383,0.554,0.289,32.7,24.0,64,21,300,3.2,7.4,4.4,4.6,4.4,4.3,4.4,4.0,3.7,4.5,4.0,8.6,2.9,5.6,66.0,0,0,0,0,0,0
37.5,39.4,35.6,33.9,30.6,37.2,40.8,38.8,42.8,19.5,20.4,18.6,0.32,4.2,0.117,4.03,3.4,4.66,0.0942,2.74,1.96,0.0371,0.56,0.296,32.4,23.0,71,21,300,2.9,6.7,4.7,4.6,4.4,3.7,4.7,4.0,3.6,4.0,4.8,9.9,3.7,5.3,67.0,0,0,0,0,0,0
36.8,34.8,38.8,33.5,32.4,34.6,39.7,40.8,38.6,18.6,17.0,20.2,0.322,4.25,0.119,4.08,3.51,4.71,0.0956,2.84,2.03,0.0363,0.562,0.303,31.8,23.0,66,20,300,2.4,8.5,3.7,4.2,4.5,4.5,4.1,4.5,3.1,3.6,4.9,9.7,3.3,4.6,65.6,0,0,0,0,0,0
34.9,34.8,35.0,35.4,36.4,34.4,37.1,39.8,34.4,19.2,21.4,17.0,0.33,4.27,0.115,4.2,3.5,4.87,0.0917,2.85,2.05,0.0373,0.564,0.313,31.6,23.0,67,21,300,3.2,8.7,3.9,3.8,4.4,4.7,3.5,5.0,4.2,3.9,4.3,8.0,2.6,4.6,64.8,0,0,0,0,0,0
36.5,36.6,36.4,34.8,32.2,37.4,37.4,37.6,37.2,19.2,22.4,16.0,0.321,4.39,0.116,4.18,3.58,4.93,0.0931,2.96,2.07,0.037,0.565,0.311,31.6,23.0,71,23,300,2.8,9.4,4.9,3.5,4.5,4.6,3.1,4.2,4.7,4.4,3.7,7.8,2.3,4.9,64.8,0,0,0,0,0,0
38.8,38.8,38.8,36.9,34.6,39.2,38.2,35.6,40.8,19.0,15.0,23.0,0.328,4.43,0.117,4.31,3.64,4.98,0.0942,2.95,2.1,0.0364,0.567,0.315,31.2,23.0,68,22,300,1.6,10.6,4.0,3.7,4.4,4.0,3.1,3.6,4.8,4.1,3.6,7.3,2.1,5.3,62.2,0,0,0,0,0,0
37.5,38.6,36.4,37.2,34.0,40.4,40.1,38.6,41.6,19.6,16.8,22.4,0.336,4.52,0.122,4.45,3.71,5.04,0.0974,3.02,2.17,0.0363,0.571,0.331,31.3,23.0,70,23,300,1.6,10.0,3.9,4.0,4.5,4.1,3.6,3.1,4.8,4.0,4.7,7.8,2.5,7.1,65.7,0,0,0,0,0,0
38.9,41.8,36.0,33.4,34.4,32.4,41.0,40.0,42.0,19.4,18.2,20.6,0.362,4.6,0.126,4.53,3.81,5.25,0.105,3.15,2.21,0.0372,0.575,0.338,31.3,23.0,71,24,300,1.3,9.1,5.0,5.0,4.5,4.1,3.9,3.4,3.9,4.2,5.1,9.8,3.4,6.9,69.6,0,0,0,0,0,0
35.0,32.8,37.2,32.2,31.4,33.0,37.7,39.6,35.8,20.3,18.8,21.8,0.37,4.68,0.129,4.56,3.84,5.32,0.108,3.22,2.27,0.0381,0.574,0.339,31.1,23.0,68,23,300,2.1,8.3,4.5,6.0,3.7,4.4,3.6,4.0,4.3,3.8,4.3,9.2,3.9,6.3,68.4,0,0,0,0,0,0
37.6,37.6,37.6,35.4,36.8,34.0,37.9,37.4,38.4,18.3,16.0,20.6,0.365,4.72,0.127,4.64,3.96,5.41,0.106,3.25,2.27,0.037,0.578,0.34,30.8,23.0,62,21,300,3.1,7.2,3.5,5.6,3.3,4.5,2.9,4.1,5.3,3.7,4.0,7.3,3.0,5.6,63.1,0,0,0,0,0,0
35.6,36.2,35.0,34.1,35.4,32.8,36.9,37.8,36.0,20.8,20.8,20.8,0.372,4.84,0.13,4.7,4.06,5.52,0.109,3.28,2.3,0.0368,0.582,0.353,30.8,23.0,70,21,300,2.7,7.1,3.8,4.9,4.3,3.6,3.3,4.2,4.3,4.2,4.4,7.4,2.3,4.9,61.4,0,0,0,0,0,0
38.3,38.6,38.0,33.2,35.2,31.2,37.5,38.6,36.4,19.5,20.6,18.4,0.384,5.07,0.132,4.94,4.26,5.79,0.113,3.46,2.44,0.037,0.588,0.368,30.9,23.0,76,22,300,2.5,8.4,5.1,4.0,4.6,3.5,4.1,4.4,3.0,4.1,4.5,8.3,2.4,5.2,64.1,0,0,0,0,0,0
34.6,30.4,38.8,34.2,32.4,36.0,39.5,39.6,39.4,18.5,16.4,20.6,0.4,5.36,0.137,5.21,4.45,6.06,0.116,3.66,2.57,0.0369,0.597,0.384,30.7,23.0,68,21,300,2.9,8.8,4.9,4.1,3.2,3.8,5.0,4.1,4.3,3.9,3.7,7.8,1.6,5.4,63.5,0,0,0,0,0,0
38.8,37.6,40.0,24.5,23.0,26.0,42.3,43.4,41.2,18.9,15.8,22.0,0.42,5.63,0.143,5.52,4.63,6.41,0.123,3.83,2.7,0.0369,0.607,0.407,30.7,23.0,67,21,300,3.1,8.1,3.9,4.6,2.8,4.3,4.5,4.2,4.5,3.7,3.6,6.6,1.6,6.7,62.2,0,0,0,0,0,0
39.8,37.0,42.6,38.8,39.4,38.2,45.3,45.6,45.0,20.4,22.0,18.8,0.383,5.3,0.129,4.98,4.35,5.9,0.112,3.4,2.38,0.0364,0.211,0.364,39.1,30.0,96,32,400,41.6,10.0,5.2,6.5,6.2,4.5,4.4,5.5,4.1,4.7,3.2,11.3,3.7,8.0,119.0,0,0,0,0,0,0
43.6,43.8,43.4,39.3,40.6,38.0,42.0,41.0,43.0,21.3,23.0,19.6,0.393,5.36,0.134,5.0,4.41,5.98,0.113,3.43,2.38,0.0374,0.214,0.361,37.2,28.0,74,24,400,17.9,11.3,5.3,6.8,6.2,5.4,5.4,4.7,4.1,4.9,4.4,10.4,3.8,9.8,100.0,0,0,0,0,0,0
42.3,44.8,39.8,37.4,37.0,37.8,41.7,38.8,44.6,19.1,19.2,19.0,0.39,5.46,0.13,5.08,4.52,6.04,0.112,3.57,2.44,0.0365,0.211,0.364,36.1,27.0,74,22,400,4.6,9.7,4.3,5.7,4.6,5.6,6.8,4.0,5.1,4.9,6.2,10.7,3.6,8.6,84.4,0,0,0,0,0,0
43.7,43.8,43.6,38.2,36.8,39.6,43.2,44.0,42.4,20.6,21.2,20.0,0.391,5.52,0.13,5.17,4.55,6.14,0.111,3.61,2.46,0.0384,0.215,0.377,35.1,27.0,74,22,400,4.0,10.7,4.4,5.3,5.3,5.7,6.0,4.1,5.3,6.3,5.1,12.4,3.6,8.4,86.6,0,0,0,0,0,0
43.5,41.2,45.8,38.4,36.8,40.0,43.4,46.8,40.0,19.8,16.6,23.0,0.397,5.57,0.141,5.21,4.8,6.32,0.121,3.7,2.51,0.0374,0.217,0.383,34.3,26.0,73,22,400,3.6,11.5,5.7,5.9,6.2,5.3,5.5,4.8,5.4,5.6,4.4,11.8,3.3,9.2,88.2,0,0,0,0,0,0
44.2,44.2,44.2,39.2,37.4,41.0,41.2,40.6,41.8,19.3,22.6,16.0,0.418,5.65,0.143,5.26,4.85,6.36,0.122,3.7,2.59,0.0374,0.222,0.394,33.8,26.0,70,22,400,3.5,10.3,5.2,6.1,7.1,5.0,5.3,6.5,5.9,4.9,5.9,11.8,3.9,8.6,90.0,0,0,0,0,0,0
42.6,43.0,42.2,38.5,36.8,40.2,46.0,46.4,45.6,20.4,24.0,16.8,0.429,5.81,0.147,5.32,4.92,6.62,0.127,3.79,2.63,0.0383,0.227,0.403,33.9,26.0,76,24,400,3.2,10.5,4.9,5.4,6.4,6.4,4.5,5.1,6.4,6.2,7.0,12.4,4.5,7.9,90.8,0,0,0,0,0,0
43.5,45.0,42.0,37.4,39.2,35.6,43.7,45.2,42.2,19.0,19.2,18.8,0.441,5.91,0.144,5.31,5.05,6.71,0.127,3.88,2.66,0.0385,0.226,0.396,34.1,26.0,84,25,400,3.6,11.9,6.0,5.2,5.5,6.0,5.0,3.9,6.3,6.4,6.0,12.8,4.4,7.2,90.2,0,0,0,0,0,0
41.7,43.8,39.6,38.4,39.8,37.0,40.4,40.0,40.8,20.1,19.2,21.0,0.423,5.85,0.143,5.34,5.07,6.71,0.119,3.84,2.67,0.0384,0.227,0.402,33.9,25.0,80,24,400,3.4,11.5,6.1,4.9,6.3,4.8,5.1,5.1,5.2,5.2,5.1,11.5,3.6,8.8,86.6,0,0,0,0,0,0
43.9,42.0,45.8,40.3,40.4,40.2,43.6,41.0,46.2,19.1,17.0,21.2,0.435,6.05,0.143,5.5,5.19,6.84,0.125,3.93,2.72,0.0374,0.232,0.409,33.8,25.0,78,24,400,3.5,10.8,5.7,5.1,6.1,4.8,5.1,5.4,5.3,4.3,5.7,10.7,3.4,8.8,84.7,0,0,0,0,0,0
42.5,42.8,42.2,36.4,36.8,36.0,42.6,45.0,40.2,20.2,16.8,23.6,0.448,6.16,0.148,5.55,5.24,6.91,0.125,3.99,2.76,0.0376,0.233,0.412,33.6,25.0,75,25,400,3.2,11.9,6.0,5.6,5.3,4.8,6.0,5.5,6.0,4.8,5.3,11.1,3.4,7.8,86.7,0,0,0,0,0,0
41.4,41.6,41.2,37.2,35.4,39.0,41.8,44.4,39.2,19.2,19.6,18.8,0.444,6.14,0.146,5.59,5.26,6.98,0.126,4.06,2.81,0.0368,0.232,0.414,33.4,25.0,72,22,400,3.2,10.7,5.3,6.3,4.4,5.3,5.5,5.5,6.2,5.3,5.4,11.1,2.9,8.6,85.7,0,0,0,0,0,0
41.1,38.6,43.6,39.4,38.0,40.8,42.1,39.8,44.4,19.3,16.2,22.4,0.449,6.23,0.149,5.7,5.4,7.12,0.128,4.1,2.83,0.0385,0.238,0.418,33.4,25.0,80,23,400,4.8,9.7,5.2,7.1,4.2,7.1,5.0,5.7,6.0,5.5,5.7,11.2,2.8,7.5,87.5,0,0,0,0,0,0
43.6,42.0,45.2,36.4,36.0,36.8,44.8,44.4,45.2,19.2,15.4,23.0,0.45,6.3,0.15,5.77,5.53,7.28,0.129,4.12,2.89,0.0376,0.24,0.426,33.4,25.0,80,25,400,5.3,9.9,5.6,6.7,5.0,6.5,4.8,5.3,4.8,5.6,5.7,9.7,2.2,7.8,84.9,0,0,0,0,0,0
40.5,40.6,40.4,36.5,37.6,35.4,40.7,37.0,44.4,19.2,21.4,17.0,0.445,6.32,0.148,5.72,5.65,7.28,0.127,4.16,2.89,0.0367,0.239,0.429,33.3,25.0,77,24,400,4.3,9.8,5.6,5.7,5.5,5.1,3.6,4.7,4.8,5.1,5.5,9.1,2.0,9.6,80.4,0,0,0,0,0,0
45.9,45.6,46.2,39.9,39.4,40.4,41.8,42.0,41.6,19.8,20.2,19.4,0.462,6.64,0.155,5.92,5.95,7.72,0.136,4.32,3.07,0.0366,0.243,0.452,33.3,25.0,76,24,400,3.0,12.5,5.9,4.5,5.5,6.4,4.2,4.4,4.3,5.2,4.9,9.5,2.2,9.8,82.3,0,0,0,0,0,0
42.7,43.8,41.6,38.4,38.6,38.2,43.2,44.6,41.8,19.7,17.8,21.6,0.504,6.94,0.163,6.21,6.22,8.15,0.142,4.57,3.25,0.0375,0.253,0.478,33.2,25.0,72,25,400,3.0,12.2,6.0,4.5,6.4,7.1,5.0,5.0,4.2,5.4,4.3,10.1,3.6,9.6,86.4,0,0,0,0,0,0
45.3,45.0,45.6,29.3,30.6,28.0,44.6,44.2,45.0,19.9,18.4,21.4,0.538,7.28,0.174,6.58,6.62,8.56,0.152,4.86,3.4,0.0366,0.269,0.507,33.3,25.0,76,26,400,3.2,10.8,6.3,4.3,6.9,6.0,4.3,5.7,5.9,5.2,4.7,11.2,4.2,8.7,87.4,0,0,0,0,0,0
39.6,38.0,41.2,28.0,31.8,24.2,47.4,46.0,48.8,18.8,17.2,20.4,0.133,2.11,0.0659,1.91,1.68,2.34,0.0435,1.29,0.935,0.0378,0.109,0.142,38.1,32.0,85,32,200,39.0,6.75,2.25,3.5,4.25,2.0,2.75,3.0,2.25,2.5,1.75,4.75,1.25,3.5,79.5,0,0,0,0,0,0
33.3,32.8,33.8,30.3,28.8,31.8,32.9,33.2,32.6,19.2,19.8,18.6,0.148,2.15,0.0714,1.93,1.79,2.41,0.0487,1.32,0.978,0.0371,0.113,0.154,34.7,27.0,81,26,200,24.0,6.56,2.22,3.22,3.0,2.44,2.78,2.78,2.11,2.0,1.78,5.44,1.89,4.0,64.2,0,0,0,0,0,0
30.5,26.8,34.2,30.0,30.2,29.8,32.2,33.0,31.4,18.7,17.0,20.4,0.158,2.25,0.0758,2.05,1.84,2.52,0.0507,1.41,1.02,0.037,0.116,0.16,33.1,26.0,65,20,200,7.0,6.0,3.0,3.7,2.5,2.4,2.9,2.3,2.7,2.1,2.1,6.4,2.6,4.1,49.8,0,0,0,0,0,0
33.1,35.2,31.0,30.0,30.8,29.2,32.1,33.8,30.4,19.2,20.4,18.0,0.166,2.3,0.0763,2.15,1.94,2.64,0.0513,1.43,1.06,0.0369,0.119,0.171,31.7,24.0,64,20,200,2.1,5.3,3.6,3.2,3.1,2.4,2.6,2.9,2.4,2.7,2.4,6.3,2.2,3.1,44.3,0,0,0,0,0,0
31.5,32.2,30.8,32.7,33.6,31.8,33.3,34.4,32.2,20.4,20.2,20.6,0.167,2.37,0.0766,2.2,1.97,2.72,0.0544,1.52,1.12,0.0358,0.122,0.174,30.9,23.0,62,20,200,1.9,5.6,2.8,2.9,3.0,2.9,2.1,3.7,2.0,3.2,1.9,5.2,1.8,3.4,42.4,0,0,0,0,0,0
34.2,36.4,32.0,29.2,30.0,28.4,32.2,31.4,33.0,18.8,19.8,17.8,0.175,2.44,0.075,2.32,2.1,2.84,0.053,1.61,1.17,0.0368,0.124,0.184,30.6,23.0,64,20,200,2.0,7.0,2.7,3.4,2.8,2.6,3.2,3.0,2.6,3.6,1.2,5.4,1.8,3.5,44.8,0,0,0,0,0,0
32.2,35.2,29.2,31.2,31.4,31.0,33.4,33.8,33.0,18.7,16.0,21.4,0.178,2.57,0.0789,2.37,2.18,2.96,0.0567,1.66,1.2,0.0368,0.129,0.191,30.2,23.0,68,21,200,2.1,6.8,3.5,2.8,2.8,2.3,3.4,3.1,3.1,2.9,1.6,6.4,1.6,3.4,45.8,0,0,0,0,0,0
32.5,33.0,32.0,30.5,33.8,27.2,34.0,34.8,33.2,19.1,23.2,15.0,0.182,2.66,0.0812,2.45,2.24,3.02,0.0594,1.73,1.26,0.0376,0.132,0.197,30.1,23.0,67,21,200,1.4,4.8,3.6,2.9,2.7,3.0,3.1,3.5,3.2,2.2,2.0,7.2,1.7,4.2,45.5,0,0,0,0,0,0
31.9,30.2,33.6,31.1,28.4,33.8,31.9,27.8,36.0,19.0,16.6,21.4,0.192,2.76,0.0829,2.54,2.31,3.17,0.062,1.8,1.31,0.0376,0.136,0.205,29.6,22.0,63,20,200,0.6,6.2,2.5,3.3,2.4,3.0,3.7,3.0,2.7,2.2,2.6,6.6,2.0,4.1,44.9,0,0,0,0,0,0
33.6,35.4,31.8,30.9,30.0,31.8,33.1,32.8,33.4,18.8,18.6,19.0,0.211,2.86,0.0865,2.68,2.45,3.27,0.0683,1.87,1.36,0.0358,0.14,0.213,29.3,22.0,63,19,200,0.2,6.9,2.7,3.4,2.2,3.3,2.7,2.6,2.9,2.0,3.7,6.3,2.0,4.1,45.0,0,0,0,0,0,0
32.1,30.6,33.6,32.7,34.2,31.2,32.5,35.4,29.6,20.2,23.0,17.4,0.226,2.92,0.0867,2.75,2.5,3.35,0.0683,1.94,1.38,0.0358,0.142,0.215,29.1,22.0,64,20,200,0.8,5.2,2.9,2.8,2.6,3.3,2.7,2.8,3.4,2.7,2.8,6.1,1.8,4.8,44.7,0,0,0,0,0,0
31.5,31.4,31.6,30.5,32.4,28.6,32.2,29.8,34.6,19.2,18.6,19.8,0.216,2.98,0.0886,2.81,2.61,3.44,0.0683,2.03,1.43,0.0358,0.144,0.223,28.9,22.0,62,19,200,1.2,4.9,2.0,2.0,3.1,3.3,3.1,3.3,2.7,3.1,2.1,5.1,1.7,4.7,42.3,0,0,0,0,0,0
31.6,33.0,30.2,30.8,28.6,33.0,31.2,33.6,28.8,18.3,14.2,22.4,0.213,3.04,0.0892,2.89,2.64,3.53,0.0702,2.09,1.46,0.0376,0.147,0.229,28.9,22.0,61,21,200,1.3,5.6,2.7,2.2,3.3,3.6,2.7,3.5,2.4,2.6,2.6,5.2,1.3,4.8,43.8,0,0,0,0,0,0
33.6,32.6,34.6,32.0,32.4,31.6,33.9,37.2,30.6,18.5,13.8,23.2,0.219,3.13,0.0902,2.96,2.74,3.61,0.0709,2.13,1.5,0.0368,0.151,0.234,28.9,22.0,67,22,200,1.6,5.8,2.6,1.9,3.8,2.5,3.0,3.1,2.9,2.6,2.4,5.0,1.2,4.3,42.7,0,0,0,0,0,0
31.1,32.8,29.4,30.4,28.0,32.8,31.9,34.8,29.0,18.7,14.8,22.6,0.223,3.21,0.0913,3.03,2.82,3.72,0.0707,2.23,1.55,0.0359,0.155,0.238,29.0,22.0,70,21,200,1.9,5.2,2.1,2.9,3.3,2.8,2.8,3.0,2.9,2.4,2.3,5.0,1.6,3.7,41.9,0,0,0,0,0,0
31.8,33.0,30.6,30.1,28.8,31.4,33.6,33.0,34.2,20.4,21.4,19.4,0.232,3.32,0.0913,3.13,2.91,3.81,0.073,2.26,1.58,0.0367,0.157,0.24,29.0,22.0,70,21,200,2.0,5.2,3.4,3.9,2.3,3.4,2.9,3.0,2.8,2.9,2.3,5.2,1.5,3.9,44.7,0,0,0,0,0,0
34.0,32.4,35.6,32.1,32.4,31.8,32.2,34.0,30.4,18.4,21.2,15.6,0.237,3.42,0.0949,3.24,3.03,3.95,0.0756,2.36,1.65,0.036,0.16,0.251,28.9,22.0,71,20,200,1.7,5.4,3.4,3.0,2.1,3.4,3.1,2.1,2.8,2.5,2.3,4.1,0.9,4.1,40.9,0,0,0,0,0,0
31.6,29.4,33.8,31.1,29.2,33.0,33.7,32.6,34.8,19.0,20.0,18.0,0.25,3.61,0.0977,3.4,3.2,4.09,0.0785,2.49,1.73,0.0361,0.167,0.263,28.8,22.0,60,21,200,1.7,5.8,2.6,3.0,2.5,3.4,2.1,1.7,3.0,2.2,2.2,4.4,1.3,4.8,40.7,0,0,0,0,0,0
32.8,35.8,29.8,31.5,34.0,29.0,31.9,34.6,29.2,18.7,18.8,18.6,0.264,3.81,0.102,3.57,3.34,4.36,0.0833,2.59,1.8,0.0381,0.172,0.279,28.8,22.0,67,22,200,1.7,7.0,2.8,2.7,2.7,3.3,1.9,2.1,2.5,2.9,2.1,5.2,1.7,4.1,42.7,0,0,0,0,0,0
37.2,35.4,39.0,36.4,36.0,36.8,40.6,37.2,44.0,19.0,17.0,21.0,0.249,3.77,0.0936,3.33,3.26,4.11,0.0742,2.43,1.64,0.0385,0.163,0.244,41.3,33.0,94,33,300,40.1,7.25,3.5,4.25,4.88,4.0,3.25,4.25,3.63,3.0,2.88,7.25,2.63,5.0,95.9,0,0,0,0,0,0
39.3,38.8,39.8,34.8,36.8,32.8,38.6,37.6,39.6,20.4,20.4,20.4,0.25,3.82,0.0992,3.3,3.29,4.23,0.0785,2.44,1.68,0.0377,0.163,0.251,37.8,29.0,86,26,300,23.8,7.8,5.2,4.7,4.3,4.5,2.4,4.5,4.4,3.5,4.1,7.2,2.5,6.0,84.9,0,0,0,0,0,0
40.2,41.8,38.6,33.3,33.8,32.8,36.2,36.2,36.2,19.4,18.2,20.6,0.264,3.87,0.0997,3.42,3.4,4.31,0.0795,2.51,1.72,0.0376,0.168,0.254,36.4,28.0,68,24,300,3.4,8.1,4.1,4.7,3.3,4.1,3.3,3.4,4.1,3.9,4.8,8.0,2.7,6.5,64.4,0,0,0,0,0,0
37.8,37.6,38.0,33.1,31.4,34.8,37.6,34.8,40.4,19.2,19.4,19.0,0.268,3.94,0.101,3.44,3.5,4.42,0.0806,2.52,1.74,0.0377,0.169,0.263,34.9,27.0,66,23,300,3.2,8.4,3.3,4.6,3.6,4.1,3.9,4.3,4.6,3.5,3.8,8.7,2.8,6.4,65.2,0,0,0,0,0,0
38.0,37.8,38.2,33.8,34.0,33.6,48.4,48.4,48.4,18.7,15.6,21.8,0.27,3.98,0.104,3.47,3.68,4.45,0.0832,2.61,1.8,0.0369,0.594,0.27,34.9,27.0,73,23,300,3.0,7.9,4.8,3.6,3.8,4.0,4.2,4.5,4.6,3.8,2.8,7.5,2.4,5.7,62.6,0,0,0,0,0,0
40.4,42.2,38.6,35.8,36.0,35.6,36.3,38.6,34.0,19.1,15.0,23.2,0.267,4.04,0.104,3.46,3.74,4.58,0.0834,2.66,1.83,0.0377,0.596,0.272,34.3,26.0,75,25,300,3.2,7.8,5.2,3.0,3.9,3.9,4.3,3.3,4.0,4.3,4.3,8.4,2.7,5.5,63.8,0,0,0,0,0,0
39.5,41.6,37.4,36.0,34.8,37.2,38.1,37.0,39.2,19.9,18.2,21.6,0.287,4.16,0.113,3.54,3.83,4.64,0.0884,2.75,1.91,0.0386,0.601,0.286,33.7,26.0,66,23,300,3.4,8.1,4.8,3.5,3.4,3.6,3.7,3.8,4.2,5.0,5.2,10.4,2.9,5.4,67.4,0,0,0,0,0,0
39.9,40.2,39.6,33.1,33.8,32.4,37.2,35.8,38.6,18.6,20.0,17.2,0.319,4.27,0.117,3.59,4.01,4.81,0.0961,2.77,1.96,0.0377,0.604,0.288,33.3,25.0,71,22,300,3.1,8.0,4.1,4.5,3.8,3.3,3.6,4.5,4.4,5.5,5.0,10.1,4.5,5.2,69.6,0,0,0,0,0,0
38.6,39.8,37.4,33.7,34.4,33.0,37.9,38.2,37.6,19.1,17.4,20.8,0.336,4.36,0.119,3.63,4.17,4.84,0.0971,2.84,1.99,0.0367,0.609,0.295,33.1,25.0,72,23,300,3.0,8.4,3.0,5.0,4.7,5.1,3.6,4.2,4.3,3.6,4.5,8.4,3.9,4.3,66.0,0,0,0,0,0,0
37.9,36.6,39.2,34.9,34.4,35.4,36.0,35.0,37.0,20.0,23.6,16.4,0.341,4.39,0.12,3.66,4.19,5.0,0.0985,2.9,2.03,0.0375,0.609,0.307,32.8,25.0,67,22,300,2.6,9.1,2.5,4.4,4.0,5.5,4.2,4.1,4.6,3.9,4.0,8.7,2.3,5.4,65.3,0,0,0,0,0,0
40.1,39.2,41.0,34.4,36.8,32.0,36.0,32.6,39.4,19.2,18.4,20.0,0.347,4.47,0.124,3.77,4.41,5.06,0.103,2.95,2.09,0.0385,0.612,0.32,32.4,25.0,67,22,300,2.5,8.7,3.5,4.7,4.1,4.2,3.9,4.3,3.9,4.5,4.0,8.2,2.5,6.0,65.0,0,0,0,0,0,0
37.0,35.4,38.6,33.7,33.8,33.6,37.1,33.6,40.6,20.2,19.8,20.6,0.365,4.48,0.129,3.73,4.45,5.16,0.106,3.06,2.13,0.0386,0.615,0.324,32.3,25.0,71,23,300,2.3,8.1,4.7,4.6,4.5,4.1,4.1,4.0,4.1,4.1,3.9,9.1,2.5,5.5,65.6,0,0,0,0,0,0
38.3,36.6,40.0,33.9,31.8,36.0,36.1,37.6,34.6,20.1,19.0,21.2,0.378,4.64,0.129,3.82,4.57,5.27,0.107,3.1,2.18,0.0377,0.617,0.331,32.2,25.0,72,23,300,2.5,8.6,4.8,3.7,3.2,4.0,4.7,3.7,4.2,4.9,4.0,9.9,2.9,5.2,66.3,0,0,0,0,0,0
39.8,41.0,38.6,33.4,32.6,34.2,37.4,38.4,36.4,18.8,16.2,21.4,0.378,4.67,0.131,3.91,4.69,5.45,0.111,3.17,2.22,0.0386,0.617,0.342,32.0,24.0,67,22,300,2.8,9.6,5.0,3.4,3.2,5.1,4.0,3.7,3.2,5.1,3.7,7.8,2.5,5.1,64.2,0,0,0,0,0,0
39.6,39.4,39.8,35.1,38.8,31.4,36.9,37.2,36.6,20.1,19.8,20.4,0.395,4.7,0.133,3.95,4.77,5.47,0.111,3.26,2.27,0.0375,0.623,0.344,31.9,24.0,66,22,300,2.7,9.5,3.6,3.0,3.6,5.6,4.1,3.3,3.6,4.2,3.9,7.7,2.4,5.9,63.1,0,0,0,0,0,0
40.7,39.8,41.6,34.3,33.6,35.0,38.9,36.2,41.6,20.2,22.2,18.2,0.404,4.9,0.137,3.96,4.93,5.62,0.116,3.33,2.35,0.0384,0.627,0.356,31.9,24.0,70,23,300,3.3,8.3,2.9,3.2,3.2,4.2,5.5,4.7,3.9,4.1,3.8,9.2,2.9,6.2,65.4,0,0,0,0,0,0
36.9,36.2,37.6,36.5,37.0,36.0,37.3,35.4,39.2,19.2,19.0,19.4,0.419,5.14,0.14,4.23,5.2,5.92,0.121,3.51,2.44,0.0374,0.635,0.379,31.9,24.0,76,24,300,3.1,8.5,3.9,4.3,3.5,4.5,5.3,5.0,4.1,4.8,3.2,9.4,3.2,5.1,67.9,0,0,0,0,0,0
42.0,41.2,42.8,33.5,32.4,34.6,37.8,35.6,40.0,18.8,20.0,17.6,0.456,5.45,0.151,4.42,5.48,6.31,0.128,3.73,2.56,0.0373,0.645,0.4,31.9,24.0,78,24,300,3.3,10.0,4.0,5.5,4.3,4.5,3.4,4.0,4.2,4.7,3.2,8.2,2.9,4.7,66.9,0,0,0,0,0,0
36.2,34.0,38.4,24.0,24.0,24.0,37.1,35.6,38.6,19.8,21.6,18.0,0.482,5.7,0.157,4.66,5.76,6.59,0.137,3.88,2.73,0.0373,0.653,0.419,31.8,24.0,71,24,300,2.8,10.1,4.3,5.0,4.4,3.8,3.1,4.7,3.8,3.9,3.8,9.4,3.5,4.8,67.4,0,0,0,0,0,0
57.4,58.2,56.6,37.8,37.4,38.2,62.0,60.6,63.4,20.4,20.0,20.8,0.428,5.17,0.144,4.11,5.1,5.92,0.122,3.47,2.38,0.0362,0.634,0.367,42.3,33.0,100,33,400,51.5,9.67,3.0,3.5,2.33,6.33,4.5,4.67,4.0,4.17,5.17,9.33,3.33,7.5,119.0,0,0,0,0,0,0
42.4,40.8,44.0,40.1,41.4,38.8,40.0,38.6,41.4,19.1,17.8,20.4,0.433,5.27,0.147,4.24,5.16,5.99,0.125,3.5,2.41,0.0379,0.21,0.376,38.8,29.0,98,30,400,39.4,10.5,4.8,4.7,4.2,5.7,5.3,5.1,4.9,5.6,5.6,11.4,3.6,8.2,119.0,0,0,0,0,0,0
44.8,41.4,48.2,37.1,36.8,37.4,41.3,38.4,44.2,19.9,18.0,21.8,0.46,5.35,0.153,4.36,5.23,6.01,0.13,3.62,2.47,0.0371,0.211,0.386,37.0,28.0,71,23,400,14.6,11.7,6.6,5.8,5.2,5.3,5.4,5.9,5.1,6.1,5.8,12.1,4.6,7.5,102.0,0,0,0,0,0,0
42.6,43.2,42.0,39.8,40.4,39.2,44.0,45.0,43.0,20.5,23.4,17.6,0.46,5.4,0.151,4.36,5.3,6.18,0.129,3.56,2.52,0.0361,0.214,0.388,36.3,28.0,75,24,400,3.2,11.0,6.8,5.5,6.1,6.2,5.0,5.9,4.6,5.2,5.0,11.4,5.0,8.1,89.0,0,0,0,0,0,0
45.1,45.0,45.2,38.4,40.6,36.2,42.9,44.0,41.8,18.6,17.6,19.6,0.461,5.44,0.153,4.47,5.28,6.26,0.13,3.7,2.55,0.0379,0.215,0.398,35.8,27.0,77,25,400,3.6,11.0,6.1,5.4,6.6,5.6,4.7,5.3,6.1,5.5,5.3,12.2,5.1,8.7,91.2,0,0,0,0,0,0
40.6,37.8,43.4,38.4,41.0,35.8,42.7,42.6,42.8,20.3,21.8,18.8,0.47,5.59,0.157,4.66,5.29,6.44,0.136,3.74,2.57,0.0381,0.215,0.404,34.9,26.0,76,23,400,3.6,11.3,5.8,4.6,6.4,5.7,4.4,4.7,7.0,6.2,5.8,11.9,4.4,8.8,90.6,0,0,0,0,0,0
44.7,44.4,45.0,37.3,38.2,36.4,43.3,46.0,40.6,20.7,20.8,20.6,0.478,5.7,0.163,4.7,5.47,6.57,0.141,3.84,2.64,0.0372,0.22,0.406,34.6,26.0,76,23,400,3.6,11.1,6.4,4.3,7.3,5.3,4.6,4.8,6.5,6.2,5.0,11.4,3.8,8.5,88.8,0,0,0,0,0,0
42.6,44.4,40.8,37.5,36.8,38.2,42.2,42.0,42.4,18.9,16.4,21.4,0.48,5.76,0.162,4.8,5.33,6.63,0.141,3.81,2.64,0.0372,0.222,0.41,34.4,26.0,75,23,400,4.5,12.6,6.2,5.0,6.1,4.5,5.1,5.9,6.1,5.1,5.6,11.9,3.8,7.7,90.1,0,0,0,0,0,0
42.2,39.8,44.6,37.1,36.0,38.2,40.7,40.8,40.6,19.7,22.2,17.2,0.497,5.84,0.164,4.94,5.48,6.61,0.141,3.89,2.72,0.0372,0.219,0.423,34.0,26.0,75,23,400,4.7,10.6,7.1,5.4,5.0,5.0,4.9,5.9,6.1,4.4,5.5,10.3,3.7,7.6,86.2,0,0,0,0,0,0
42.5,43.2,41.8,36.7,37.2,36.2,40.3,41.4,39.2,20.6,22.8,18.4,0.498,5.83,0.165,4.93,5.53,6.75,0.144,3.9,2.73,0.0372,0.224,0.425,33.9,25.0,75,23,400,4.6,10.7,5.9,5.4,4.9,4.6,4.7,5.8,6.5,4.9,5.4,9.5,3.9,7.1,83.9,0,0,0,0,0,0
42.8,42.0,43.6,38.4,37.8,39.0,42.8,45.2,40.4,18.9,16.2,21.6,0.502,5.95,0.166,4.97,5.51,6.83,0.143,3.92,2.77,0.0361,0.225,0.429,33.6,25.0,75,23,400,5.0,12.0,3.7,5.4,4.3,4.9,5.7,5.4,6.2,6.1,5.6,9.0,2.9,6.7,82.9,0,0,0,0,0,0
41.3,44.2,38.4,38.1,38.8,37.4,40.2,41.0,39.4,19.7,18.0,21.4,0.503,6.01,0.168,5.1,5.59,6.91,0.146,3.96,2.83,0.0371,0.226,0.433,33.4,25.0,72,23,400,5.2,12.0,5.0,5.1,4.3,5.4,6.2,5.5,5.3,5.6,6.6,9.1,2.9,6.8,85.0,0,0,0,0,0,0
46.2,45.4,47.0,38.0,35.8,40.2,43.7,43.0,44.4,19.6,23.4,15.8,0.508,5.95,0.17,5.14,5.63,7.06,0.145,4.05,2.83,0.0361,0.223,0.446,33.5,25.0,81,24,400,4.6,13.1,5.4,4.5,4.6,5.5,6.5,6.3,4.8,4.6,7.3,10.6,3.4,6.9,88.1,0,0,0,0,0,0
40.0,38.6,41.4,38.3,39.6,37.0,41.3,40.2,42.4,19.8,19.4,20.2,0.517,6.11,0.168,5.22,5.68,7.17,0.148,4.06,2.92,0.0363,0.228,0.446,33.3,25.0,79,24,400,3.1,12.0,4.5,4.7,4.4,5.6,5.7,7.1,5.8,5.2,5.7,12.0,3.8,7.7,87.3,0,0,0,0,0,0
42.3,39.6,45.0,37.7,36.4,39.0,41.8,43.8,39.8,19.5,16.2,22.8,0.5,6.11,0.166,5.36,5.69,7.06,0.145,4.09,2.92,0.0373,0.23,0.456,33.2,25.0,72,23,400,2.5,11.2,4.8,4.6,4.5,5.2,5.1,7.0,6.8,5.4,5.3,11.9,3.7,7.5,85.5,0,0,0,0,0,0
43.5,41.4,45.6,41.2,40.4,42.0,42.9,45.4,40.4,19.8,22.6,17.0,0.504,6.24,0.167,5.37,5.71,7.22,0.144,4.19,2.94,0.0373,0.23,0.46,33.0,25.0,70,23,400,2.7,12.2,5.9,5.3,5.1,4.4,4.9,6.5,5.2,5.1,4.7,10.5,2.9,8.8,84.2,0,0,0,0,0,0
44.2,45.6,42.8,40.6,38.8,42.4,42.7,43.0,42.4,19.3,22.6,16.0,0.53,6.54,0.177,5.7,6.04,7.7,0.153,4.43,3.14,0.0382,0.242,0.487,33.0,25.0,72,24,400,3.1,12.8,6.4,6.4,5.3,4.2,4.1,6.5,4.3,5.8,5.3,10.4,3.3,8.9,86.8,0,0,0,0,0,0
42.2,42.0,42.4,42.4,40.2,44.6,43.2,41.0,45.4,20.1,21.4,18.8,0.57,6.81,0.184,6.01,6.4,8.13,0.162,4.62,3.3,0.0381,0.253,0.515,32.8,25.0,68,23,400,3.5,11.9,5.6,6.8,4.6,5.2,4.6,6.5,5.7,6.1,4.8,10.6,3.8,7.6,87.3,0,0,0,0,0,0
43.8,42.2,45.4,29.5,32.6,26.4,42.2,41.4,43.0,19.4,19.8,19.0,0.608,7.2,0.196,6.35,6.78,8.49,0.171,4.94,3.46,0.0365,0.265,0.547,32.9,25.0,76,24,400,3.1,10.9,5.7,6.9,4.6,6.8,5.6,5.2,5.3,6.2,5.1,13.1,4.4,7.8,90.7,0,0,0,0,0,0
40.6,40.4,40.8,28.8,28.2,29.4,49.0,48.4,49.6,20.3,24.0,16.6,0.139,2.03,0.0688,1.5,2.02,2.37,0.049,1.26,0.937,0.0384,0.109,0.145,42.7,35.0,93,35,200,36.8,4.75,2.75,1.75,2.25,4.25,3.25,3.5,3.75,1.75,2.5,5.25,1.25,5.0,78.8,0,0,0,0,0,0
32.1,31.6,32.6,32.4,32.0,32.8,32.0,31.6,32.4,18.8,18.8,18.8,0.156,2.12,0.0729,1.57,2.06,2.44,0.0504,1.33,0.994,0.0375,0.112,0.156,37.7,29.0,90,29,200,23.4,4.78,2.67,2.11,2.33,3.44,3.67,2.89,3.0,2.0,2.0,5.89,2.11,4.22,64.6,0,0,0,0,0,0
32.9,33.4,32.4,29.6,31.0,28.2,33.1,34.8,31.4,18.4,22.0,14.8,0.157,2.21,0.0734,1.73,2.15,2.53,0.0549,1.41,1.04,0.0365,0.113,0.159,34.9,27.0,64,20,200,7.5,5.5,2.7,2.9,1.9,3.2,3.5,2.6,2.6,3.3,2.2,6.4,2.9,3.8,51.0,0,0,0,0,0,0
33.3,35.6,31.0,31.6,33.8,29.4,30.2,26.4,34.0,18.9,22.8,15.0,0.163,2.28,0.076,1.81,2.22,2.66,0.0541,1.45,1.07,0.0382,0.116,0.165,33.7,25.0,66,21,200,1.9,5.5,3.0,3.0,1.9,2.9,3.0,2.8,3.1,3.6,2.1,5.3,2.2,4.3,44.6,0,0,0,0,0,0
31.5,33.2,29.8,31.2,29.8,32.6,34.0,33.0,35.0,20.6,21.4,19.8,0.173,2.32,0.0784,1.89,2.23,2.75,0.0571,1.51,1.11,0.0372,0.118,0.166,32.4,24.0,66,20,200,1.6,5.4,3.2,2.7,3.0,2.1,3.2,3.1,2.3,3.2,1.7,4.5,1.8,5.0,42.8,0,0,0,0,0,0
33.6,33.0,34.2,28.6,31.4,25.8,32.9,35.2,30.6,19.5,16.8,22.2,0.185,2.45,0.0822,2.03,2.29,2.85,0.0596,1.57,1.14,0.0371,0.121,0.178,31.7,24.0,61,20,200,2.0,5.3,3.8,3.0,2.5,2.4,2.7,3.3,2.0,3.1,2.1,4.4,2.1,4.9,43.6,0,0,0,0,0,0
31.4,28.2,34.6,30.5,29.4,31.6,31.3,34.4,28.2,18.6,20.4,16.8,0.186,2.54,0.0841,2.07,2.39,2.92,0.0594,1.6,1.17,0.0374,0.122,0.172,31.1,23.0,60,20,200,2.3,6.0,3.4,3.0,1.7,3.0,2.1,3.7,3.1,2.2,1.8,4.9,2.1,4.4,43.7,0,0,0,0,0,0
32.2,34.6,29.8,28.8,26.4,31.2,32.4,29.6,35.2,18.5,21.2,15.8,0.18,2.61,0.0822,2.19,2.47,3.0,0.0601,1.68,1.24,0.0375,0.124,0.18,30.6,23.0,64,20,200,2.0,6.2,3.0,3.5,2.2,3.5,1.9,3.8,2.9,2.4,1.8,5.6,1.7,4.3,44.8,0,0,0,0,0,0
31.8,30.6,33.0,31.0,31.4,30.6,32.3,35.0,29.6,19.0,21.6,16.4,0.19,2.68,0.0848,2.31,2.47,3.09,0.0606,1.7,1.25,0.0374,0.126,0.193,30.1,22.0,64,19,200,1.6,4.8,3.0,3.4,2.5,3.3,2.2,2.6,2.8,2.5,2.1,5.3,1.4,4.4,41.9,0,0,0,0,0,0
35.2,34.8,35.6,30.4,32.4,28.4,34.5,36.6,32.4,20.3,21.8,18.8,0.196,2.79,0.0861,2.42,2.6,3.17,0.0654,1.81,1.32,0.0363,0.13,0.198,30.0,22.0,66,20,200,1.4,5.4,2.6,2.7,2.7,2.7,3.5,2.5,2.8,2.0,2.1,6.4,1.8,4.0,42.6,0,0,0,0,0,0
32.1,34.8,29.4,29.6,30.4,28.8,31.0,28.6,33.4,20.3,18.4,22.2,0.207,2.87,0.087,2.47,2.64,3.3,0.0675,1.86,1.33,0.0381,0.132,0.204,29.8,22.0,66,21,200,1.4,6.4,2.6,2.9,3.0,2.6,3.3,3.0,2.7,2.0,2.5,7.1,1.8,3.3,44.6,0,0,0,0,0,0
33.2,32.4,34.0,30.5,29.6,31.4,33.3,36.0,30.6,18.1,17.6,18.6,0.212,2.94,0.0888,2.59,2.67,3.38,0.0673,1.92,1.39,0.0369,0.135,0.214,29.6,22.0,66,20,200,1.7,6.7,3.0,2.9,2.6,2.3,3.4,2.9,2.7,2.6,2.1,6.0,1.7,2.6,43.2,0,0,0,0,0,0
31.1,34.8,27.4,29.5,26.4,32.6,30.8,33.0,28.6,18.8,17.6,20.0,0.217,3.02,0.0901,2.7,2.75,3.5,0.0682,2.0,1.44,0.0371,0.138,0.219,29.4,22.0,63,19,200,1.5,6.5,4.4,2.3,2.3,2.8,3.9,3.1,1.9,3.3,1.6,5.3,1.3,2.8,43.0,0,0,0,0,0,0
35.1,34.2,36.0,28.7,26.8,30.6,33.3,32.4,34.2,19.1,18.6,19.6,0.234,3.11,0.0932,2.77,2.84,3.62,0.0714,2.1,1.49,0.038,0.142,0.229,29.4,22.0,65,21,200,1.7,6.2,4.9,2.5,3.3,3.4,3.4,3.0,1.7,2.4,2.0,5.2,1.3,3.1,44.1,0,0,0,0,0,0
31.1,28.8,33.4,32.1,32.2,32.0,31.8,29.8,33.8,18.8,21.4,16.2,0.238,3.2,0.0938,2.86,2.95,3.71,0.0708,2.12,1.53,0.0371,0.145,0.234,29.2,22.0,63,21,200,2.2,6.5,3.6,2.5,3.0,2.7,2.9,2.7,2.0,2.1,2.7,4.6,1.9,4.1,43.5,0,0,0,0,0,0
34.5,37.6,31.4,29.5,32.6,26.4,33.3,34.2,32.4,20.6,17.6,23.6,0.25,3.32,0.0976,3.02,3.04,3.81,0.074,2.22,1.58,0.0361,0.149,0.247,29.4,22.0,75,21,200,2.0,7.1,2.5,2.1,2.8,2.4,2.6,2.6,2.2,2.7,2.8,5.2,1.7,4.8,43.5,0,0,0,0,0,0
34.3,33.6,35.0,30.3,27.4,33.2,34.0,35.0,33.0,18.8,15.2,22.4,0.252,3.4,0.0981,3.08,3.16,3.94,0.0756,2.3,1.62,0.0378,0.15,0.256,29.4,22.0,73,22,200,2.2,6.7,3.0,2.7,3.0,2.0,2.9,2.3,2.8,2.6,2.8,6.4,1.7,4.3,45.4,0,0,0,0,0,0
35.1,36.2,34.0,29.8,31.0,28.6,34.0,32.2,35.8,18.8,23.2,14.4,0.269,3.59,0.102,3.3,3.3,4.17,0.08,2.44,1.73,0.0359,0.158,0.272,29.3,22.0,67,22,200,2.6,6.3,2.7,2.6,2.5,2.0,2.6,2.3,2.7,3.9,3.3,5.5,1.7,4.4,45.1,0,0,0,0,0,0
31.4,29.4,33.4,30.5,29.4,31.6,29.9,28.4,31.4,18.9,20.2,17.6,0.273,3.75,0.104,3.42,3.49,4.35,0.0826,2.59,1.81,0.036,0.162,0.287,29.3,22.0,68,21,200,2.3,6.6,2.3,2.3,2.9,2.5,2.2,2.7,3.6,3.6,3.5,5.9,1.5,3.4,45.3,0,0,0,0,0,0
40.1,40.8,39.4,32.8,36.0,29.6,45.2,42.8,47.6,18.8,20.6,17.0,0.233,3.72,0.0934,3.28,3.29,4.12,0.0709,2.4,1.66,0.0372,0.158,0.258,57.4,37.0,180,36,300,46.9,9.43,4.14,3.71,5.14,4.71,4.29,3.43,4.0,3.0,3.0,7.57,3.0,7.43,110.0,0,0,0,0,0,0
34.7,34.2,35.2,34.8,31.6,38.0,36.8,35.4,38.2,19.4,15.6,23.2,0.235,3.8,0.0951,3.3,3.32,4.2,0.0726,2.42,1.68,0.0372,0.161,0.26,50.4,31.0,190,30,300,24.9,8.1,3.9,4.0,3.9,5.4,3.7,3.3,4.5,3.9,4.1,8.0,2.6,6.3,86.6,0,0,0,0,0,0
39.1,39.0,39.2,31.3,30.0,32.6,40.0,39.4,40.6,18.6,21.2,16.0,0.251,3.89,0.0948,3.42,3.37,4.29,0.0752,2.46,1.74,0.037,0.163,0.275,45.2,28.0,68,21,300,3.7,7.9,4.9,4.0,3.7,4.6,3.4,3.6,3.4,3.6,3.5,7.4,2.5,5.6,61.8,0,0,0,0,0,0
34.4,36.6,32.2,35.7,35.8,35.6,36.5,37.2,35.8,19.9,23.2,16.6,0.256,3.94,0.101,3.56,3.41,4.39,0.0776,2.52,1.76,0.037,0.168,0.284,42.5,27.0,63,20,300,3.4,8.4,4.9,3.9,5.1,4.4,4.1,4.8,3.7,3.2,2.5,7.7,3.0,5.8,64.9,0,0,0,0,0,0
38.8,37.4,40.2,32.9,34.0,31.8,46.7,45.4,48.0,18.4,17.2,19.6,0.259,4.01,0.0985,3.56,3.47,4.48,0.0789,2.65,1.84,0.037,0.546,0.282,40.3,26.0,65,21,300,2.9,8.2,4.0,4.0,4.9,4.9,3.8,4.7,4.1,4.8,2.6,8.2,2.5,5.5,65.1,0,0,0,0,0,0
36.4,36.8,36.0,35.3,37.8,32.8,36.9,36.8,37.0,20.8,24.4,17.2,0.262,4.09,0.0997,3.66,3.51,4.58,0.0766,2.61,1.85,0.0382,0.545,0.284,38.7,25.0,64,20,300,3.4,7.0,4.3,3.7,4.1,5.3,3.6,4.0,3.6,5.2,3.4,7.6,2.1,5.4,62.7,0,0,0,0,0,0
37.1,33.4,40.8,33.4,30.4,36.4,37.6,39.4,35.8,18.5,17.2,19.8,0.26,4.13,0.1,3.81,3.64,4.62,0.0746,2.69,1.91,0.0374,0.548,0.287,37.7,25.0,72,21,300,2.7,8.4,4.1,4.3,4.2,5.4,3.9,3.0,3.1,4.3,3.3,7.6,1.9,5.7,61.9,0,0,0,0,0,0
36.2,35.4,37.0,34.9,37.0,32.8,38.6,41.2,36.0,19.1,20.0,18.2,0.256,4.23,0.101,3.83,3.7,4.69,0.0784,2.72,1.93,0.0375,0.549,0.29,36.6,24.0,69,21,300,2.6,10.6,3.2,5.2,4.5,5.1,4.2,3.2,3.3,4.4,3.2,7.5,1.5,6.1,64.6,0,0,0,0,0,0
39.0,37.4,40.6,33.6,33.6,33.6,37.6,35.6,39.6,20.2,20.6,19.8,0.279,4.34,0.108,3.92,3.76,4.88,0.0792,2.82,1.97,0.0375,0.554,0.302,35.8,24.0,68,21,300,3.9,8.9,3.6,4.8,4.0,4.6,4.3,4.0,4.4,4.8,3.9,7.9,2.0,4.8,65.9,0,0,0,0,0,0
36.4,33.0,39.8,35.6,35.0,36.2,40.4,40.0,40.8,18.6,15.0,22.2,0.29,4.41,0.111,4.05,3.79,4.91,0.0854,2.87,2.0,0.0365,0.556,0.304,35.3,24.0,72,22,300,4.1,8.5,4.7,4.3,4.7,4.9,3.9,3.8,3.8,4.6,3.8,8.7,3.1,3.9,66.8,0,0,0,0,0,0
37.8,36.8,38.8,32.6,29.6,35.6,38.4,35.6,41.2,19.6,15.8,23.4,0.298,4.5,0.113,4.21,3.85,5.04,0.0878,2.93,2.08,0.0384,0.56,0.313,34.8,24.0,71,23,300,3.2,7.5,4.2,4.2,5.5,5.1,4.1,4.2,4.6,4.1,3.6,9.1,3.5,5.7,68.6,0,0,0,0,0,0
36.2,35.8,36.6,34.8,34.2,35.4,36.2,37.8,34.6,20.7,16.8,24.6,0.3,4.49,0.114,4.22,3.86,5.11,0.0889,3.0,2.11,0.0375,0.562,0.314,34.4,24.0,68,22,300,2.6,6.4,3.3,4.2,5.1,4.4,4.1,4.1,5.2,3.9,4.4,8.8,2.7,5.2,64.4,0,0,0,0,0,0
39.9,40.4,39.4,35.9,35.8,36.0,38.6,39.8,37.4,19.0,19.4,18.6,0.318,4.62,0.118,4.34,3.88,5.18,0.092,3.04,2.16,0.0366,0.567,0.323,34.1,24.0,68,23,300,2.9,7.5,3.9,4.2,5.4,3.4,3.0,3.4,3.4,4.0,5.0,7.6,2.3,3.9,59.9,0,0,0,0,0,0
36.6,37.8,35.4,33.8,35.2,32.4,37.6,37.0,38.2,19.4,19.6,19.2,0.322,4.72,0.119,4.41,4.02,5.29,0.0927,3.08,2.16,0.0385,0.566,0.329,33.8,23.0,71,22,300,3.7,8.5,3.5,4.4,5.0,3.6,3.2,3.3,3.6,4.3,5.0,7.7,2.6,6.4,64.8,0,0,0,0,0,0
38.3,39.6,37.0,35.1,32.2,38.0,37.0,38.0,36.0,19.4,18.6,20.2,0.342,4.76,0.124,4.51,4.09,5.37,0.098,3.15,2.24,0.0385,0.572,0.338,33.4,23.0,67,21,300,3.1,9.5,2.6,4.4,4.0,4.4,4.3,4.1,4.1,4.9,4.8,8.7,2.4,6.5,67.8,0,0,0,0,0,0
38.5,38.2,38.8,34.4,34.2,34.6,38.7,40.6,36.8,19.4,17.6,21.2,0.361,4.81,0.132,4.6,4.18,5.53,0.107,3.27,2.29,0.0374,0.572,0.349,33.3,23.0,68,23,300,2.5,8.7,2.8,3.8,3.5,4.6,4.7,5.0,3.7,5.8,4.6,9.5,3.6,3.9,66.7,0,0,0,0,0,0
37.3,38.0,36.6,35.5,33.6,37.4,39.5,38.8,40.2,19.4,17.0,21.8,0.385,5.13,0.137,4.78,4.43,5.79,0.114,3.43,2.38,0.0364,0.579,0.373,32.9,23.0,66,23,300,3.9,8.6,3.5,3.7,3.6,3.8,3.7,3.8,2.9,4.8,4.0,8.9,4.2,4.7,64.1,0,0,0,0,0,0
35.4,36.4,34.4,33.5,31.6,35.4,36.5,36.2,36.8,19.8,16.4,23.2,0.406,5.39,0.142,5.05,4.65,6.18,0.116,3.61,2.51,0.0375,0.588,0.389,32.7,23.0,63,21,300,4.0,8.6,4.0,3.9,4.7,4.1,3.6,3.2,3.3,4.5,3.0,8.8,3.2,6.7,65.6,0,0,0,0,0,0
38.7,38.8,38.6,23.2,19.8,26.6,38.6,39.4,37.8,19.9,21.2,18.6,0.427,5.67,0.146,5.31,4.93,6.45,0.121,3.82,2.64,0.0375,0.596,0.405,32.5,23.0,68,22,300,3.1,7.4,3.9,3.9,4.4,4.7,4.1,3.8,4.3,4.7,3.4,7.9,2.0,6.1,63.7,0,0,0,0,0,0
57.5,57.4,57.6,37.3,35.0,39.6,66.1,67.2,65.0,19.7,20.8,18.6,0.369,5.25,0.129,4.77,4.37,5.81,0.105,3.29,2.32,0.0383,0.572,0.349,41.0,33.0,95,33,400,50.8,9.17,4.5,3.83,3.67,4.0,5.0,3.0,5.0,3.83,4.0,7.83,2.17,6.33,113.0,0,0,0,0,0,0
39.8,38.6,41.0,38.0,39.2,36.8,41.0,41.8,40.2,19.7,20.4,19.0,0.379,5.23,0.132,4.94,4.46,5.91,0.112,3.39,2.34,0.0383,0.203,0.355,37.1,30.0,88,30,400,40.7,11.1,4.9,4.7,4.7,4.5,5.9,4.9,5.9,4.7,4.8,10.2,3.3,7.9,118.0,0,0,0,0,0,0
43.9,42.0,45.8,37.0,34.8,39.2,42.1,41.0,43.2,19.4,16.4,22.4,0.399,5.37,0.139,4.92,4.53,6.01,0.118,3.5,2.42,0.0363,0.206,0.365,35.7,28.0,71,22,400,18.4,11.8,4.9,4.9,5.9,4.8,6.2,6.2,5.6,5.0,5.5,11.1,3.9,8.1,102.0,0,0,0,0,0,0
42.2,40.8,43.6,39.3,40.4,38.2,43.2,41.6,44.8,20.6,23.2,18.0,0.41,5.45,0.144,5.01,4.54,6.1,0.125,3.57,2.45,0.0372,0.208,0.373,34.5,27.0,73,23,400,5.4,10.9,5.6,5.3,5.4,6.2,6.4,5.3,5.1,4.1,5.9,10.2,4.0,6.5,86.3,0,0,0,0,0,0
42.0,43.4,40.6,38.7,41.2,36.2,43.7,43.8,43.6,19.3,22.8,15.8,0.44,5.53,0.151,5.04,4.63,6.24,0.133,3.62,2.47,0.0372,0.211,0.384,34.1,27.0,73,23,400,3.8,11.7,6.3,5.0,5.3,6.7,6.0,5.6,5.3,3.8,6.7,11.2,4.1,8.5,90.0,0,0,0,0,0,0
39.9,39.6,40.2,37.5,39.4,35.6,41.8,41.0,42.6,19.5,19.6,19.4,0.436,5.55,0.146,5.15,4.69,6.28,0.134,3.64,2.53,0.038,0.214,0.378,33.2,25.0,73,22,400,3.4,11.9,5.9,4.7,5.1,5.8,6.4,5.4,4.9,4.9,5.6,11.7,4.0,9.3,89.0,0,0,0,0,0,0
41.2,39.6,42.8,36.8,40.0,33.6,41.8,38.0,45.6,19.8,18.6,21.0,0.426,5.62,0.147,5.21,4.7,6.29,0.132,3.66,2.56,0.0371,0.213,0.389,32.9,25.0,74,20,400,3.8,11.5,6.1,4.5,3.9,6.2,6.7,4.3,5.2,5.8,4.7,11.2,3.6,7.0,84.5,0,0,0,0,0,0
43.5,43.0,44.0,39.5,37.2,41.8,43.0,42.4,43.6,19.8,21.4,18.2,0.433,5.75,0.149,5.26,4.74,6.45,0.14,3.74,2.57,0.0361,0.216,0.394,32.6,25.0,75,22,400,4.4,12.5,5.7,4.2,5.3,6.2,5.2,5.2,5.1,5.2,5.3,10.3,3.1,6.4,84.1,0,0,0,0,0,0
40.6,40.6,40.6,37.8,37.0,38.6,42.0,43.0,41.0,19.4,22.0,16.8,0.436,5.83,0.147,5.46,4.83,6.46,0.139,3.77,2.62,0.0381,0.217,0.402,32.3,25.0,73,22,400,4.1,13.1,5.5,4.4,6.1,6.4,5.4,5.2,4.7,5.0,5.5,9.5,3.3,7.7,85.9,0,0,0,0,0,0
40.8,40.4,41.2,38.8,39.6,38.0,43.5,46.2,40.8,19.2,23.8,14.6,0.44,5.91,0.149,5.43,4.95,6.65,0.139,3.88,2.67,0.0381,0.217,0.401,32.2,24.0,75,22,400,4.3,11.4,5.4,4.1,5.8,7.0,5.8,5.2,5.3,5.9,4.7,10.9,3.4,8.9,88.1,0,0,0,0,0,0
44.6,45.0,44.2,38.7,38.0,39.4,45.5,46.6,44.4,19.5,21.6,17.4,0.45,5.95,0.151,5.47,4.96,6.76,0.143,3.94,2.71,0.0361,0.221,0.416,32.0,24.0,75,23,400,3.5,10.3,4.7,4.3,6.2,6.1,5.7,5.2,6.7,4.9,4.4,11.4,3.2,8.5,85.1,0,0,0,0,0,0
41.4,39.2,43.6,40.1,37.8,42.4,43.1,41.6,44.6,19.1,21.2,17.0,0.453,6.06,0.152,5.68,5.01,6.88,0.142,3.98,2.79,0.0359,0.223,0.412,32.1,24.0,75,23,400,3.3,12.3,4.9,5.8,5.6,5.2,5.9,5.6,6.6,4.5,4.8,11.8,3.7,7.1,87.1,0,0,0,0,0,0
42.4,44.6,40.2,38.2,41.2,35.2,44.6,43.8,45.4,19.8,20.2,19.4,0.458,6.22,0.153,5.7,5.16,7.0,0.141,4.02,2.76,0.0362,0.225,0.428,31.8,24.0,73,22,400,3.7,12.5,5.3,6.3,5.3,5.1,5.1,6.3,5.3,5.7,5.1,12.1,3.7,7.3,88.8,0,0,0,0,0,0
41.5,42.6,40.4,37.9,40.8,35.0,40.5,42.0,39.0,19.0,17.0,21.0,0.449,6.2,0.152,5.85,5.16,7.08,0.141,4.1,2.85,0.0371,0.229,0.428,31.7,24.0,69,21,400,3.1,12.1,5.3,6.3,5.5,5.0,5.6,5.3,6.2,6.3,5.7,12.3,3.1,8.1,89.9,0,0,0,0,0,0
44.4,43.6,45.2,39.5,37.0,42.0,43.2,43.0,43.4,20.5,17.8,23.2,0.462,6.32,0.156,5.99,5.22,7.08,0.145,4.15,2.91,0.0369,0.232,0.435,31.7,24.0,72,23,400,3.1,12.9,4.1,5.5,5.1,5.1,5.9,5.6,6.9,5.9,6.1,11.5,3.4,7.0,88.1,0,0,0,0,0,0
40.1,37.6,42.6,38.8,39.0,38.6,44.2,44.6,43.8,19.3,18.0,20.6,0.465,6.29,0.155,6.01,5.24,7.26,0.148,4.15,2.98,0.037,0.234,0.444,31.7,24.0,75,24,400,4.2,11.2,5.2,5.5,4.9,5.6,5.0,6.1,6.7,5.7,5.6,11.2,3.5,6.7,87.1,0,0,0,0,0,0
42.5,42.0,43.0,38.0,37.4,38.6,43.8,46.0,41.6,20.5,21.8,19.2,0.484,6.67,0.164,6.27,5.59,7.59,0.153,4.37,3.11,0.037,0.241,0.472,31.8,24.0,75,24,400,4.6,10.2,7.0,6.1,6.0,5.5,4.9,6.2,5.7,5.2,4.7,11.6,3.3,7.5,88.5,0,0,0,0,0,0
44.3,42.6,46.0,40.0,37.6,42.4,43.6,42.8,44.4,19.1,21.6,16.6,0.512,7.05,0.17,6.56,5.9,8.02,0.162,4.66,3.25,0.036,0.252,0.496,31.8,24.0,74,25,400,3.3,11.9,6.5,4.3,6.3,5.0,5.6,5.8,4.5,5.3,4.8,10.7,3.4,8.2,85.6,0,0,0,0,0,0
42.2,41.6,42.8,28.1,29.2,27.0,43.5,41.2,45.8,19.5,20.8,18.2,0.552,7.32,0.178,6.96,6.13,8.4,0.173,4.88,3.44,0.037,0.265,0.519,31.8,24.0,72,25,400,2.9,13.2,5.5,4.1,5.1,6.5,5.5,5.5,4.5,6.0,5.1,11.9,3.3,9.9,89.0,0,0,0,0,0,0
43.5,44.2,42.8,29.0,29.8,28.2,49.1,48.8,49.4,20.1,18.4,21.8,0.15,2.1,0.0702,1.73,1.85,2.31,0.0465,1.32,0.959,0.0368,0.115,0.145,41.4,33.0,91,34,200,38.3,5.75,3.5,2.25,4.0,2.75,3.5,2.0,3.0,3.25,3.0,6.25,1.25,4.5,83.3,0,0,0,0,0,0
32.3,32.8,31.8,30.9,29.0,32.8,31.3,32.0,30.6,17.6,14.6,20.6,0.145,2.15,0.068,1.77,1.95,2.42,0.0458,1.32,0.975,0.0359,0.115,0.149,37.4,29.0,89,30,200,24.1,6.56,2.78,2.89,2.78,2.67,3.33,1.89,2.33,3.11,3.0,5.44,1.67,4.44,67.0,0,0,0,0,0,0
32.1,32.2,32.0,29.7,27.6,31.8,32.5,33.8,31.2,19.4,20.2,18.6,0.147,2.21,0.0724,1.86,1.99,2.51,0.0497,1.38,1.02,0.0359,0.119,0.153,34.8,27.0,66,20,200,7.8,6.0,3.1,3.1,2.6,2.3,3.0,2.6,2.1,2.5,3.2,5.2,1.7,4.0,49.2,0,0,0,0,0,0
33.3,31.8,34.8,30.2,32.8,27.6,32.0,35.6,28.4,19.4,19.4,19.4,0.154,2.27,0.0754,1.95,2.07,2.58,0.0504,1.46,1.07,0.035,0.122,0.16,33.3,26.0,63,20,200,2.4,4.5,2.8,3.1,3.8,2.5,2.7,3.1,2.2,2.2,3.5,5.8,1.8,3.0,43.4,0,0,0,0,0,0
32.8,34.0,31.6,30.3,31.4,29.2,34.9,35.0,34.8,18.5,20.6,16.4,0.167,2.4,0.0736,2.02,2.17,2.71,0.0505,1.55,1.12,0.0358,0.123,0.167,32.0,24.0,60,20,200,2.5,4.5,2.0,3.7,2.9,3.3,2.6,2.9,2.5,2.5,3.1,6.0,1.6,3.4,43.5,0,0,0,0,0,0
33.0,33.2,32.8,30.7,31.8,29.6,31.7,30.2,33.2,18.9,22.8,15.0,0.176,2.47,0.0783,2.06,2.23,2.77,0.0538,1.61,1.15,0.035,0.127,0.175,31.6,24.0,61,21,200,2.5,4.5,2.5,3.3,2.2,3.4,3.3,3.4,3.1,2.0,2.9,6.5,1.9,4.1,45.6,0,0,0,0,0,0
32.3,32.4,32.2,29.9,26.2,33.6,30.6,31.2,30.0,19.7,18.2,21.2,0.181,2.51,0.0799,2.18,2.3,2.83,0.0565,1.65,1.22,0.0359,0.129,0.181,30.9,24.0,63,21,200,1.6,5.0,2.4,2.9,2.6,2.5,4.1,3.1,3.0,2.2,2.8,5.7,2.0,3.3,43.2,0,0,0,0,0,0
32.5,29.8,35.2,31.4,30.2,32.6,32.1,33.8,30.4,18.5,17.2,19.8,0.189,2.6,0.0836,2.27,2.35,2.93,0.0585,1.72,1.22,0.0358,0.132,0.188,30.9,24.0,69,21,200,1.2,5.2,2.4,2.9,1.6,1.8,3.5,2.8,2.8,2.6,3.7,4.9,2.0,3.6,41.0,0,0,0,0,0,0
31.4,28.6,34.2,29.3,28.8,29.8,33.7,33.0,34.4,20.9,19.2,22.6,0.199,2.71,0.086,2.3,2.49,3.02,0.0613,1.81,1.27,0.0368,0.134,0.196,30.6,23.0,72,21,200,1.8,6.3,2.1,3.0,1.6,3.0,2.3,3.0,2.7,2.5,3.1,5.5,2.2,3.3,42.4,0,0,0,0,0,0
32.3,36.0,28.6,30.6,32.2,29.0,30.5,27.0,34.0,18.4,21.6,15.2,0.197,2.76,0.0864,2.39,2.58,3.13,0.06,1.85,1.32,0.0349,0.136,0.203,30.4,23.0,68,20,200,2.3,7.2,2.3,3.4,2.5,3.9,2.1,2.5,3.5,2.0,1.9,5.6,1.7,2.7,43.6,0,0,0,0,0,0
32.9,35.0,30.8,28.3,29.6,27.0,32.4,34.2,30.6,19.0,20.8,17.2,0.208,2.9,0.0871,2.52,2.63,3.28,0.0652,1.9,1.38,0.0359,0.137,0.207,30.1,23.0,66,20,200,2.5,5.6,2.8,2.8,2.4,2.4,3.0,3.6,3.4,1.8,2.8,4.8,1.6,3.3,42.8,0,0,0,0,0,0
30.6,30.4,30.8,32.0,33.8,30.2,29.6,27.8,31.4,19.6,20.2,19.0,0.21,2.93,0.0881,2.57,2.7,3.37,0.0656,1.96,1.41,0.0357,0.142,0.213,29.9,23.0,62,19,200,1.8,5.6,2.6,2.9,1.5,1.9,3.1,4.3,2.6,2.8,2.8,4.3,1.5,3.5,41.2,0,0,0,0,0,0
33.5,30.8,36.2,32.2,30.6,33.8,34.2,37.0,31.4,19.3,17.4,21.2,0.232,3.02,0.0924,2.69,2.8,3.4,0.0712,2.07,1.46,0.0369,0.141,0.225,29.9,23.0,61,23,200,1.3,6.4,2.7,2.7,2.0,2.7,3.0,3.6,2.2,2.5,2.6,5.0,1.7,3.8,42.2,0,0,0,0,0,0
33.8,35.8,31.8,29.8,27.6,32.0,34.2,36.0,32.4,18.3,15.8,20.8,0.236,3.1,0.0942,2.75,2.86,3.51,0.0722,2.09,1.47,0.0369,0.146,0.23,29.7,23.0,62,22,200,2.2,5.3,3.0,2.4,3.3,2.9,2.9,3.3,2.1,2.2,2.3,5.3,2.1,3.4,42.7,0,0,0,0,0,0
31.4,31.8,31.0,29.4,32.2,26.6,31.9,34.2,29.6,20.0,22.6,17.4,0.243,3.17,0.0966,2.84,2.97,3.6,0.0723,2.18,1.54,0.036,0.147,0.236,29.5,22.0,63,19,200,2.2,5.6,2.7,3.0,3.3,3.3,2.4,2.9,3.0,2.8,2.5,5.7,2.3,3.3,45.0,0,0,0,0,0,0
33.1,35.2,31.0,31.3,31.0,31.6,32.1,34.8,29.4,19.9,20.0,19.8,0.256,3.25,0.0995,2.87,3.03,3.75,0.0758,2.23,1.59,0.035,0.15,0.245,29.5,23.0,68,21,200,1.5,6.8,2.8,3.5,2.5,3.7,2.6,2.2,2.9,3.0,2.9,6.0,2.2,3.7,46.3,0,0,0,0,0,0
34.0,33.8,34.2,29.1,31.2,27.0,34.3,35.0,33.6,19.0,19.8,18.2,0.265,3.37,0.102,3.03,3.16,3.87,0.0794,2.31,1.62,0.0351,0.153,0.259,29.4,22.0,66,22,200,1.4,5.7,3.2,3.6,2.2,2.6,3.0,2.2,2.9,2.9,2.5,5.7,2.3,4.0,44.2,0,0,0,0,0,0
32.6,29.0,36.2,30.2,28.6,31.8,31.2,28.4,34.0,19.4,23.4,15.4,0.271,3.56,0.107,3.19,3.35,4.06,0.0816,2.45,1.71,0.0359,0.16,0.27,29.3,22.0,61,21,200,2.0,5.0,3.0,3.4,2.1,1.9,2.9,2.8,3.7,2.7,1.9,6.2,2.0,4.3,43.9,0,0,0,0,0,0
34.3,34.2,34.4,29.2,30.2,28.2,34.1,32.2,36.0,18.6,20.6,16.6,0.286,3.73,0.109,3.35,3.49,4.32,0.0873,2.58,1.82,0.0352,0.164,0.284,29.3,22.0,67,22,200,2.3,5.4,2.9,3.6,2.1,2.6,2.4,2.2,3.6,2.3,2.3,5.7,1.4,4.6,43.4,0,0,0,0,0,0
38.1,38.6,37.6,34.3,35.6,33.0,41.2,41.4,41.0,19.1,20.2,18.0,0.273,3.62,0.108,3.27,3.19,4.04,0.0839,2.4,1.64,0.0372,0.157,0.262,37.9,28.0,90,28,300,40.8,6.75,4.38,3.75,2.75,4.38,3.13,4.5,4.38,3.5,3.0,7.38,2.0,6.38,97.0,0,0,0,0,0,0
38.2,39.2,37.2,34.4,33.8,35.0,38.6,37.8,39.4,19.8,22.2,17.4,0.281,3.77,0.108,3.38,3.31,4.25,0.0856,2.39,1.74,0.0374,0.158,0.267,35.7,27.0,83,25,300,23.9,8.5,3.9,4.5,2.9,4.5,3.6,4.6,4.9,4.0,4.5,9.1,3.2,6.9,89.0,0,0,0,0,0,0
37.8,37.4,38.2,35.1,36.2,34.0,37.6,36.8,38.4,19.0,18.8,19.2,0.284,3.86,0.11,3.47,3.34,4.28,0.0897,2.49,1.76,0.0375,0.16,0.271,34.0,25.0,69,21,300,2.9,7.7,3.0,4.4,4.1,3.9,4.5,4.9,4.1,3.3,4.1,8.5,3.1,5.7,64.2,0,0,0,0,0,0
38.1,36.0,40.2,36.5,34.0,39.0,46.3,43.2,49.4,19.7,18.0,21.4,0.307,3.88,0.11,3.52,3.5,4.48,0.0929,2.61,1.81,0.0366,0.163,0.282,32.7,24.0,68,20,300,3.5,7.2,3.7,3.8,4.6,3.7,6.0,4.6,3.5,4.4,3.9,7.9,2.9,5.6,65.3,0,0,0,0,0,0
39.6,40.6,38.6,34.0,33.4,34.6,39.5,38.4,40.6,20.2,20.2,20.2,0.31,4.02,0.117,3.64,3.48,4.57,0.0957,2.61,1.84,0.0358,0.555,0.281,32.9,25.0,76,24,300,3.2,6.5,4.3,3.7,4.7,3.6,5.2,4.1,3.6,5.2,4.8,10.5,3.5,6.3,69.2,0,0,0,0,0,0
36.4,34.4,38.4,33.3,32.6,34.0,38.3,40.0,36.6,18.7,16.8,20.6,0.331,4.12,0.12,3.71,3.59,4.68,0.103,2.72,1.9,0.0366,0.558,0.295,32.3,24.0,72,23,300,3.5,7.1,4.6,3.4,4.3,3.7,3.3,3.6,5.1,3.8,4.2,10.9,3.8,7.1,68.4,0,0,0,0,0,0
39.1,39.2,39.0,34.7,34.0,35.4,37.8,39.4,36.2,19.6,18.4,20.8,0.339,4.13,0.121,3.82,3.66,4.7,0.101,2.75,1.88,0.0376,0.563,0.296,31.9,24.0,64,22,300,3.3,8.0,4.1,3.0,3.6,3.6,4.0,3.5,4.8,3.3,3.7,8.4,3.6,8.1,65.0,0,0,0,0,0,0
35.8,33.4,38.2,36.6,34.0,39.2,38.8,40.4,37.2,18.7,17.4,20.0,0.351,4.27,0.128,3.95,3.7,4.8,0.106,2.86,1.97,0.0377,0.563,0.308,31.8,24.0,70,23,300,2.4,8.9,4.2,3.7,4.3,4.3,4.1,4.8,4.0,3.3,3.7,7.7,2.9,7.6,65.9,0,0,0,0,0,0
39.3,41.2,37.4,36.6,35.6,37.6,37.2,37.8,36.6,19.2,18.8,19.6,0.357,4.34,0.131,3.96,3.74,4.98,0.108,2.9,2.0,0.0357,0.566,0.317,31.5,24.0,70,23,300,2.7,9.5,3.7,3.9,4.2,5.2,4.5,4.4,4.4,3.4,4.5,8.3,3.1,4.7,66.5,0,0,0,0,0,0
38.7,37.0,40.4,36.6,34.6,38.6,37.6,36.6,38.6,20.5,22.4,18.6,0.364,4.39,0.13,4.11,3.86,5.02,0.112,2.98,2.08,0.0358,0.569,0.316,31.4,24.0,68,23,300,2.8,8.6,2.8,3.9,4.5,4.5,5.0,4.0,4.0,3.4,4.5,10.0,3.7,4.4,66.1,0,0,0,0,0,0
36.8,38.2,35.4,32.9,33.4,32.4,37.3,35.6,39.0,18.8,21.2,16.4,0.362,4.47,0.131,4.17,3.84,5.25,0.113,3.01,2.11,0.0368,0.57,0.326,31.6,24.0,82,23,300,2.7,8.8,3.1,4.6,4.8,4.1,5.0,4.3,2.9,3.8,4.2,9.4,2.7,6.3,66.7,0,0,0,0,0,0
36.2,38.6,33.8,35.3,35.4,35.2,38.9,38.4,39.4,19.2,21.8,16.6,0.374,4.53,0.134,4.32,3.97,5.23,0.114,3.09,2.13,0.0367,0.572,0.329,31.5,24.0,86,21,300,2.7,8.7,3.1,5.3,3.9,4.3,3.9,4.3,3.4,4.5,3.6,7.9,2.4,6.8,64.8,0,0,0,0,0,0
39.4,41.8,37.0,36.5,35.4,37.6,39.8,40.6,39.0,20.5,21.0,20.0,0.374,4.61,0.137,4.34,4.01,5.31,0.115,3.11,2.18,0.0369,0.575,0.332,31.3,24.0,71,21,300,2.6,8.3,3.4,4.8,4.4,4.5,3.8,3.7,4.3,4.2,2.7,8.4,3.0,6.4,64.5,0,0,0,0,0,0
37.0,35.6,38.4,33.0,35.0,31.0,37.1,35.4,38.8,18.3,18.4,18.2,0.386,4.78,0.135,4.47,4.1,5.49,0.12,3.18,2.25,0.037,0.579,0.341,31.1,24.0,69,23,300,3.3,8.3,4.2,4.2,4.5,4.5,4.8,4.2,3.6,3.9,3.2,9.0,2.9,6.0,66.6,0,0,0,0,0,0
38.4,38.2,38.6,35.1,35.6,34.6,37.6,39.4,35.8,20.3,22.8,17.8,0.389,4.86,0.135,4.56,4.14,5.52,0.116,3.26,2.26,0.0369,0.581,0.35,31.0,23.0,68,22,300,3.4,9.1,4.7,4.1,4.1,4.7,4.5,4.1,3.7,4.4,3.2,8.6,2.5,4.7,65.8,0,0,0,0,0,0
36.6,34.8,38.4,33.7,30.8,36.6,36.4,36.0,36.8,18.6,15.6,21.6,0.396,4.96,0.137,4.6,4.33,5.7,0.119,3.32,2.28,0.036,0.581,0.354,30.9,23.0,70,22,300,2.9,9.7,4.3,4.0,3.4,5.0,4.7,4.6,3.6,4.5,3.4,8.8,2.4,4.0,65.3,0,0,0,0,0,0
36.0,35.8,36.2,33.9,37.0,30.8,37.4,35.0,39.8,20.1,19.0,21.2,0.417,5.2,0.144,4.79,4.54,5.94,0.127,3.48,2.41,0.037,0.591,0.372,30.7,23.0,68,22,300,2.2,8.7,3.5,3.7,3.5,4.7,4.6,4.8,3.6,4.2,4.6,7.8,2.5,5.5,63.9,0,0,0,0,0,0
40.1,41.2,39.0,32.8,32.6,33.0,37.8,38.0,37.6,18.4,18.4,18.4,0.447,5.42,0.15,5.03,4.79,6.34,0.136,3.66,2.57,0.037,0.597,0.397,30.6,23.0,63,22,300,2.2,6.9,3.9,3.4,4.0,3.6,3.9,3.8,4.7,4.2,5.3,6.2,2.4,5.9,60.4,0,0,0,0,0,0
34.3,35.8,32.8,23.2,21.8,24.6,36.6,36.4,36.8,20.4,23.0,17.8,0.465,5.7,0.155,5.31,5.0,6.58,0.138,3.9,2.71,0.036,0.605,0.411,30.5,23.0,68,22,300,2.7,6.7,4.1,4.4,3.8,3.1,4.0,4.1,4.7,4.0,5.0,8.2,3.4,6.5,64.7,0,0,0,0,0,0
56.4,55.6,57.2,38.0,40.8,35.2,64.0,62.6,65.4,19.2,19.6,18.8,0.404,5.11,0.14,4.64,4.34,5.76,0.117,3.34,2.32,0.0365,0.586,0.35,37.7,29.0,91,29,400,49.8,10.5,3.67,5.33,3.0,4.17,4.67,5.17,3.5,4.5,4.33,9.67,3.5,5.5,117.0,0,0,0,0,0,0
40.7,40.4,41.0,38.4,37.0,39.8,40.7,43.0,38.4,19.7,24.0,15.4,0.399,5.18,0.135,4.72,4.47,5.9,0.114,3.45,2.36,0.0375,0.199,0.36,35.4,28.0,88,28,400,39.1,10.8,4.7,6.1,5.5,4.7,4.7,5.7,4.9,5.9,5.4,10.0,3.9,6.5,118.0,0,0,0,0,0,0
42.6,41.6,43.6,36.8,36.2,37.4,44.5,41.8,47.2,20.7,20.8,20.6,0.393,5.24,0.134,4.86,4.53,5.97,0.114,3.41,2.42,0.0376,0.202,0.362,34.9,27.0,75,23,400,15.7,11.5,4.3,6.0,6.7,4.2,5.3,5.8,6.1,6.4,5.4,10.0,2.8,7.5,97.7,0,0,0,0,0,0
42.1,41.8,42.4,38.5,37.2,39.8,43.4,44.6,42.2,19.2,17.0,21.4,0.392,5.38,0.138,4.88,4.57,6.14,0.117,3.55,2.48,0.0367,0.206,0.376,34.6,27.0,80,25,400,3.9,13.3,4.8,5.7,5.2,5.0,5.2,5.6,6.0,5.5,5.0,10.7,2.7,7.5,86.1,0,0,0,0,0,0
43.6,42.8,44.4,38.2,41.0,35.4,45.5,45.2,45.8,20.5,20.8,20.2,0.403,5.48,0.139,4.87,4.73,6.25,0.119,3.54,2.47,0.0367,0.211,0.377,34.7,27.0,81,26,400,4.8,13.4,5.1,4.9,6.1,5.2,4.8,6.3,6.3,5.1,5.3,9.9,3.3,7.8,88.3,0,0,0,0,0,0
43.5,41.8,45.2,37.9,35.4,40.4,44.0,42.2,45.8,19.4,19.6,19.2,0.41,5.61,0.139,5.1,4.79,6.34,0.118,3.64,2.52,0.0376,0.216,0.378,34.4,26.0,81,25,400,5.1,11.9,4.8,4.7,6.2,5.3,5.3,5.8,6.3,5.3,6.2,10.5,3.7,9.0,90.1,0,0,0,0,0,0
45.2,44.4,46.0,38.3,39.4,37.2,41.9,44.8,39.0,19.0,19.0,19.0,0.4,5.69,0.14,5.08,4.8,6.45,0.118,3.7,2.6,0.0374,0.218,0.39,33.9,26.0,79,23,400,4.0,10.0,5.0,5.6,5.6,6.5,5.8,6.0,5.9,5.7,6.3,11.8,4.0,9.0,91.2,0,0,0,0,0,0
42.5,44.4,40.6,40.4,41.6,39.2,43.0,43.6,42.4,21.5,23.2,19.8,0.421,5.75,0.141,5.26,4.97,6.5,0.121,3.73,2.6,0.0367,0.222,0.397,33.9,26.0,79,23,400,3.5,10.6,4.3,5.7,6.4,6.3,5.6,6.9,5.5,5.0,5.1,12.0,3.1,7.9,87.9,0,0,0,0,0,0
43.9,45.8,42.0,39.0,38.6,39.4,46.4,47.2,45.6,20.5,19.0,22.0,0.429,5.87,0.142,5.24,4.97,6.68,0.121,3.77,2.67,0.0367,0.226,0.401,33.8,26.0,82,24,400,3.9,11.7,5.5,5.5,6.3,5.8,5.3,6.5,5.6,5.2,5.1,12.1,3.6,7.5,89.6,0,0,0,0,0,0
40.7,42.4,39.0,38.9,39.6,38.2,39.9,38.2,41.6,20.4,17.8,23.0,0.434,5.92,0.141,5.4,5.07,6.76,0.125,3.88,2.74,0.0367,0.227,0.402,33.4,25.0,77,23,400,4.2,11.3,5.7,6.1,5.1,5.0,4.9,6.4,5.9,5.7,6.2,11.8,4.2,6.5,89.0,0,0,0,0,0,0
45.3,46.0,44.6,38.0,38.2,37.8,45.9,43.8,48.0,19.4,23.2,15.6,0.457,5.82,0.15,5.44,5.09,6.8,0.127,3.96,2.79,0.0366,0.228,0.421,33.5,25.0,77,24,400,3.2,12.2,5.7,6.1,4.3,5.6,5.4,5.5,4.7,5.9,5.7,12.3,4.1,5.4,86.1,0,0,0,0,0,0
42.0,42.0,42.0,39.3,37.4,41.2,41.7,43.2,40.2,19.4,22.0,16.8,0.47,5.89,0.156,5.46,5.21,6.97,0.133,4.01,2.81,0.0367,0.23,0.418,33.5,25.0,80,26,400,2.8,13.3,5.9,5.0,5.7,5.5,5.6,4.9,4.6,6.6,5.7,12.2,4.2,5.8,87.8,0,0,0,0,0,0
43.6,41.4,45.8,39.5,39.0,40.0,43.1,43.8,42.4,21.3,21.8,20.8,0.462,5.94,0.157,5.6,5.18,7.03,0.135,4.09,2.91,0.0365,0.239,0.438,33.2,25.0,73,23,400,3.3,11.6,5.4,5.0,6.1,4.9,5.9,5.4,5.9,6.3,6.5,12.2,3.7,6.4,88.6,0,0,0,0,0,0
40.6,37.4,43.8,38.0,38.6,37.4,45.5,47.8,43.2,19.0,21.6,16.4,0.48,6.05,0.158,5.68,5.29,7.18,0.136,4.14,2.96,0.0364,0.24,0.447,33.3,25.0,72,24,400,2.9,10.3,5.5,5.0,5.4,5.4,6.2,5.8,5.5,5.8,5.8,12.5,3.7,6.4,86.2,0,0,0,0,0,0
42.5,44.2,40.8,38.0,36.4,39.6,43.7,43.8,43.6,20.7,24.0,17.4,0.472,6.25,0.156,5.87,5.37,7.16,0.131,4.23,2.98,0.0374,0.246,0.445,33.2,25.0,73,25,400,3.0,11.2,5.7,4.2,5.6,6.0,4.4,5.7,5.3,4.8,4.5,11.5,3.7,8.4,84.0,0,0,0,0,0,0
43.3,42.4,44.2,41.3,42.4,40.2,42.9,41.6,44.2,19.5,19.2,19.8,0.48,6.29,0.157,5.93,5.47,7.4,0.135,4.22,3.03,0.0364,0.25,0.458,33.0,25.0,69,23,400,4.0,12.4,6.3,5.1,5.0,5.6,4.2,5.2,6.2,5.0,3.8,10.0,2.7,8.4,83.9,0,0,0,0,0,0
45.1,47.4,42.8,37.8,36.8,38.8,46.2,46.4,46.0,19.9,20.0,19.8,0.511,6.61,0.166,6.3,5.71,7.75,0.143,4.4,3.18,0.0376,0.262,0.481,33.2,25.0,81,25,400,4.4,12.4,5.7,6.2,5.7,5.8,5.3,5.9,7.0,5.7,4.7,12.0,3.3,6.7,90.8,0,0,0,0,0,0
42.7,42.0,43.4,37.4,37.8,37.0,44.5,44.0,45.0,19.3,16.8,21.8,0.553,6.97,0.172,6.63,6.11,8.24,0.152,4.72,3.36,0.0368,0.276,0.508,33.3,25.0,84,26,400,4.3,12.2,5.5,5.3,6.6,6.8,4.7,6.3,6.0,4.8,5.3,13.3,4.4,7.8,93.3,0,0,0,0,0,0
44.9,44.0,45.8,28.6,31.4,25.8,43.7,41.4,46.0,19.1,16.2,22.0,0.585,7.38,0.183,6.9,6.48,8.56,0.163,4.95,3.54,0.0375,0.29,0.537,33.1,25.0,74,24,400,3.5,13.4,6.2,5.0,5.6,5.7,4.5,4.9,5.1,4.9,5.5,11.1,3.5,8.3,87.2,0,0,0,0,0,0
43.5,41.6,45.4,27.1,25.6,28.6,49.3,48.2,50.4,19.1,20.8,17.4,0.155,2.16,0.0707,2.1,1.57,2.45,0.0459,1.27,0.954,0.0373,0.112,0.149,42.2,31.0,89,31,200,33.3,5.25,3.75,2.0,2.75,2.5,1.75,3.0,2.25,2.5,2.25,5.25,1.25,4.25,72.0,0,0,0,0,0,0
32.1,33.4,30.8,31.2,30.2,32.2,30.9,31.6,30.2,18.0,20.8,15.2,0.152,2.19,0.0709,2.14,1.61,2.47,0.0457,1.36,0.975,0.0373,0.112,0.153,37.5,27.0,87,27,200,24.0,6.89,3.0,2.33,2.0,2.89,3.11,3.11,2.89,1.89,2.22,5.56,1.56,3.0,64.4,0,0,0,0,0,0
31.4,35.0,27.8,31.1,29.6,32.6,32.8,32.8,32.8,20.9,21.2,20.6,0.157,2.25,0.0733,2.18,1.68,2.6,0.0476,1.4,1.04,0.0373,0.115,0.164,35.0,25.0,66,20,200,9.2,7.8,2.9,2.9,2.3,2.8,3.5,2.9,2.7,2.4,2.9,5.5,1.6,2.5,51.9,0,0,0,0,0,0
31.3,33.4,29.2,33.0,34.0,32.0,32.5,29.2,35.8,18.3,19.0,17.6,0.164,2.34,0.0729,2.26,1.78,2.73,0.0501,1.48,1.11,0.0374,0.119,0.171,33.6,24.0,69,19,200,1.5,7.4,2.9,3.3,3.1,2.5,1.9,3.1,2.2,3.1,3.6,5.4,1.3,2.8,44.1,0,0,0,0,0,0
34.8,34.0,35.6,30.3,31.6,29.0,33.0,31.2,34.8,19.0,16.4,21.6,0.182,2.42,0.0786,2.39,1.85,2.81,0.053,1.53,1.15,0.0364,0.122,0.179,32.8,24.0,69,20,200,1.6,6.4,2.7,3.3,2.7,2.5,2.5,3.0,2.3,2.7,2.7,5.4,1.5,2.6,41.9,0,0,0,0,0,0
31.2,33.0,29.4,31.3,29.0,33.6,31.3,31.4,31.2,19.9,22.8,17.0,0.174,2.48,0.0772,2.44,1.96,2.9,0.052,1.6,1.19,0.0365,0.124,0.182,32.1,23.0,69,20,200,1.8,5.9,3.2,3.1,2.7,2.8,3.2,2.4,2.4,2.9,2.2,5.4,2.0,3.1,43.1,0,0,0,0,0,0
31.5,34.4,28.6,29.9,27.2,32.6,33.3,31.6,35.0,19.0,16.4,21.6,0.173,2.55,0.0783,2.54,2.0,2.95,0.0525,1.69,1.25,0.0374,0.127,0.188,31.5,23.0,62,20,200,1.6,6.5,2.9,2.6,2.8,2.7,2.4,2.9,2.7,2.8,3.1,5.6,1.7,3.6,43.9,0,0,0,0,0,0
32.6,35.6,29.6,30.3,28.0,32.6,33.6,36.2,31.0,18.1,19.8,16.4,0.201,2.65,0.0813,2.66,2.07,3.07,0.0576,1.76,1.27,0.0375,0.129,0.196,31.0,23.0,64,21,200,2.0,5.9,2.6,2.2,2.7,2.4,2.8,3.1,2.8,2.4,3.3,6.3,1.8,3.4,43.7,0,0,0,0,0,0
32.2,34.8,29.6,29.0,30.4,27.6,35.8,37.0,34.6,20.5,19.6,21.4,0.204,2.78,0.0819,2.69,2.19,3.2,0.0574,1.8,1.32,0.0375,0.133,0.201,30.8,22.0,67,21,200,2.9,4.9,2.7,2.3,2.2,2.5,3.2,2.8,3.2,2.3,2.5,6.4,2.5,4.8,45.2,0,0,0,0,0,0
33.4,32.4,34.4,29.5,26.6,32.4,31.6,31.0,32.2,18.1,19.6,16.6,0.201,2.82,0.0833,2.75,2.24,3.27,0.0582,1.85,1.34,0.0374,0.134,0.209,30.2,22.0,64,20,200,2.5,4.9,3.0,2.1,2.4,3.1,3.0,2.2,2.4,2.4,2.3,5.4,1.8,4.8,42.3,0,0,0,0,0,0
30.1,29.8,30.4,30.5,31.6,29.4,31.2,27.8,34.6,19.2,20.6,17.8,0.197,2.89,0.0826,2.86,2.29,3.37,0.06,1.91,1.37,0.0375,0.136,0.21,29.7,22.0,54,19,200,1.5,4.9,2.8,2.2,3.2,3.4,3.1,2.4,1.6,2.3,3.2,5.0,0.9,3.7,40.2,0,0,0,0,0,0
32.6,34.0,31.2,30.7,29.2,32.2,32.5,33.0,32.0,19.8,17.8,21.8,0.208,2.97,0.0846,2.96,2.38,3.45,0.0595,1.96,1.43,0.0374,0.14,0.216,29.5,22.0,58,19,200,1.6,5.0,2.5,2.4,2.7,2.3,3.4,2.3,3.4,2.7,2.8,5.0,1.1,4.3,41.5,0,0,0,0,0,0
32.1,32.0,32.2,28.8,30.2,27.4,34.3,35.0,33.6,19.2,22.4,16.0,0.202,3.08,0.0871,3.02,2.48,3.54,0.0632,2.03,1.45,0.0376,0.141,0.225,29.5,22.0,66,21,200,2.4,5.3,2.4,3.0,3.0,2.3,2.9,2.2,4.6,3.1,2.0,5.6,1.5,4.3,44.6,0,0,0,0,0,0
31.3,29.0,33.6,30.8,27.6,34.0,32.1,30.6,33.6,18.5,15.8,21.2,0.211,3.16,0.0867,3.08,2.53,3.63,0.062,2.09,1.49,0.0376,0.143,0.228,29.1,22.0,63,20,200,2.7,4.9,2.3,2.8,3.7,2.8,2.6,2.6,3.4,1.9,2.5,6.1,1.6,3.5,43.4,0,0,0,0,0,0
31.1,33.6,28.6,29.4,31.8,27.0,32.2,33.6,30.8,20.5,22.8,18.2,0.214,3.26,0.088,3.11,2.63,3.72,0.0638,2.15,1.56,0.0385,0.146,0.234,28.9,21.0,59,18,200,1.7,5.2,2.6,2.0,4.4,2.8,2.6,2.7,2.5,1.4,2.6,6.1,1.6,4.2,42.4,0,0,0,0,0,0
32.9,32.4,33.4,29.8,28.0,31.6,34.0,34.0,34.0,18.5,16.2,20.8,0.217,3.25,0.0876,3.27,2.7,3.85,0.0645,2.22,1.59,0.0376,0.149,0.243,28.7,21.0,65,18,200,1.1,6.1,2.8,1.9,4.6,2.5,2.1,3.1,2.0,2.8,2.6,5.2,1.3,4.5,42.6,0,0,0,0,0,0
31.4,30.4,32.4,31.7,30.4,33.0,32.4,36.0,28.8,19.4,19.8,19.0,0.232,3.38,0.0941,3.36,2.82,3.97,0.0683,2.3,1.62,0.0376,0.152,0.252,28.4,21.0,62,19,200,1.3,5.8,3.1,1.8,3.2,3.5,2.8,3.0,2.0,3.0,3.1,5.3,1.9,3.9,43.7,0,0,0,0,0,0
33.5,29.8,37.2,30.8,30.6,31.0,33.6,33.4,33.8,17.9,18.4,17.4,0.248,3.56,0.0981,3.55,2.99,4.2,0.073,2.45,1.74,0.0376,0.156,0.267,28.2,21.0,58,19,200,1.8,4.8,3.1,1.8,2.3,3.6,2.9,2.5,2.8,3.1,2.8,5.6,2.2,4.1,43.4,0,0,0,0,0,0
30.1,28.6,31.6,30.3,27.8,32.8,32.5,30.8,34.2,18.9,23.0,14.8,0.256,3.7,0.0988,3.74,3.1,4.37,0.0767,2.57,1.83,0.0385,0.164,0.279,28.1,21.0,62,19,200,2.2,5.0,2.8,2.0,3.2,3.6,3.3,2.6,2.5,3.3,2.4,5.8,1.7,3.6,44.0,0,0,0,0,0,0
36.6,38.8,34.4,33.3,33.8,32.8,42.7,44.4,41.0,18.8,15.2,22.4,0.251,3.72,0.0984,3.49,2.96,4.15,0.0724,2.38,1.65,0.0385,0.157,0.249,38.8,30.0,96,29,300,45.7,9.86,3.14,5.43,3.86,3.57,4.43,5.43,3.71,5.43,3.43,8.0,3.0,6.29,111.0,0,0,0,0,0,0
38.0,40.0,36.0,35.3,35.8,34.8,39.3,36.8,41.8,19.6,21.0,18.2,0.263,3.79,0.1,3.6,2.99,4.27,0.0762,2.44,1.69,0.0384,0.16,0.265,35.4,26.0,94,23,300,23.6,9.9,3.6,4.6,3.8,3.8,4.2,5.1,3.0,5.3,3.1,7.5,2.2,6.9,86.6,0,0,0,0,0,0
36.4,36.0,36.8,35.7,36.4,35.0,37.3,36.4,38.2,20.2,19.6,20.8,0.258,3.86,0.101,3.68,3.13,4.41,0.0788,2.48,1.73,0.0366,0.16,0.265,34.3,25.0,65,21,300,2.4,9.4,3.6,3.9,3.1,3.2,4.1,4.3,3.4,5.1,4.2,7.5,2.0,6.8,63.0,0,0,0,0,0,0
37.7,35.8,39.6,36.2,40.0,32.4,38.1,40.6,35.6,18.8,17.8,19.8,0.262,3.95,0.102,3.76,3.19,4.5,0.0769,2.55,1.77,0.0365,0.163,0.266,33.3,24.0,70,21,300,2.3,8.7,4.0,3.8,3.3,4.1,3.6,4.2,3.6,5.4,5.4,8.5,2.1,6.5,65.5,0,0,0,0,0,0
38.7,39.2,38.2,35.8,37.8,33.8,52.3,52.2,52.4,19.0,14.4,23.6,0.27,3.96,0.106,3.86,3.25,4.57,0.0788,2.6,1.8,0.0376,0.614,0.277,33.2,25.0,75,23,300,2.1,8.2,4.2,4.3,3.5,5.1,3.8,4.8,3.6,4.7,5.1,8.7,2.3,6.5,66.9,0,0,0,0,0,0
37.2,40.0,34.4,33.2,29.8,36.6,37.9,38.8,37.0,19.5,19.6,19.4,0.283,4.07,0.109,3.92,3.3,4.63,0.086,2.68,1.88,0.0376,0.616,0.284,32.6,24.0,73,24,300,2.4,8.0,3.6,4.7,3.9,4.7,3.9,4.6,4.4,4.2,4.7,9.1,3.0,6.7,67.9,0,0,0,0,0,0
37.0,34.2,39.8,33.2,37.2,29.2,39.8,37.6,42.0,19.2,16.8,21.6,0.31,4.23,0.113,3.98,3.43,4.75,0.0883,2.69,1.94,0.0367,0.619,0.295,32.4,24.0,72,21,300,2.9,8.5,3.8,4.1,4.7,3.6,3.6,3.7,4.3,4.4,3.9,9.2,3.4,5.8,65.9,0,0,0,0,0,0
35.4,34.8,36.0,33.2,35.0,31.4,37.3,34.4,40.2,19.4,21.2,17.6,0.298,4.28,0.111,4.06,3.48,4.85,0.0889,2.8,1.96,0.0376,0.621,0.292,31.8,24.0,70,20,300,3.2,9.9,4.3,3.8,4.6,3.2,4.4,3.5,3.5,3.8,3.6,7.6,2.6,5.9,63.9,0,0,0,0,0,0
37.4,35.2,39.6,36.6,36.4,36.8,39.0,40.8,37.2,19.2,16.0,22.4,0.305,4.33,0.112,4.16,3.48,4.96,0.088,2.83,2.02,0.0374,0.625,0.297,31.8,23.0,73,21,300,3.4,8.9,4.1,4.1,4.2,4.1,4.1,4.1,3.7,3.6,4.0,7.1,2.3,5.8,63.5,0,0,0,0,0,0
38.5,39.8,37.2,32.3,33.2,31.4,39.9,39.8,40.0,19.6,18.6,20.6,0.32,4.42,0.115,4.3,3.59,5.03,0.0957,2.94,2.05,0.0374,0.629,0.307,31.5,23.0,77,22,300,3.2,8.3,3.1,4.9,3.6,5.1,3.2,4.2,4.0,3.8,4.1,7.8,2.1,6.4,63.8,0,0,0,0,0,0
36.4,39.2,33.6,34.6,34.2,35.0,39.7,41.8,37.6,19.0,18.4,19.6,0.33,4.48,0.119,4.47,3.7,5.19,0.0966,2.98,2.09,0.0374,0.63,0.313,31.4,23.0,69,23,300,2.8,6.7,3.5,4.0,3.9,4.8,3.7,3.8,4.3,3.9,5.3,8.8,3.0,6.9,65.4,0,0,0,0,0,0
36.6,37.6,35.6,33.6,32.4,34.8,36.9,33.2,40.6,18.9,22.6,15.2,0.337,4.64,0.123,4.47,3.72,5.23,0.0976,3.02,2.14,0.0374,0.633,0.315,31.2,23.0,63,22,300,2.8,6.8,4.0,2.6,5.1,3.6,4.4,4.2,4.0,5.1,5.0,8.7,3.2,6.1,65.6,0,0,0,0,0,0
36.9,38.6,35.2,35.6,33.6,37.6,39.4,40.6,38.2,20.4,23.6,17.2,0.336,4.65,0.121,4.57,3.78,5.28,0.101,3.06,2.19,0.0374,0.634,0.321,31.0,23.0,64,21,300,2.8,9.1,4.4,3.7,4.4,3.3,3.9,4.4,3.1,5.0,3.7,7.6,2.5,5.5,63.4,0,0,0,0,0,0
36.7,36.2,37.2,33.1,31.0,35.2,39.5,40.6,38.4,19.5,15.0,24.0,0.348,4.71,0.124,4.6,3.84,5.41,0.104,3.12,2.22,0.0375,0.639,0.331,30.9,23.0,64,21,300,2.6,8.9,4.5,4.3,3.9,4.9,3.9,3.4,3.3,4.1,3.7,7.0,2.8,5.1,62.4,0,0,0,0,0,0
37.2,35.0,39.4,36.5,37.4,35.6,38.3,40.0,36.6,19.9,18.8,21.0,0.359,4.84,0.126,4.74,3.91,5.49,0.105,3.23,2.24,0.0364,0.641,0.336,30.7,23.0,68,21,300,2.4,8.6,4.1,4.5,4.4,6.2,3.8,3.3,3.0,4.2,3.2,7.9,2.5,5.2,63.3,0,0,0,0,0,0
38.5,37.4,39.6,35.9,32.8,39.0,37.9,36.2,39.6,18.7,17.8,19.6,0.362,4.86,0.129,4.81,4.01,5.65,0.11,3.25,2.3,0.0374,0.644,0.352,30.7,23.0,73,22,300,2.0,9.5,4.3,4.1,5.0,5.1,3.2,4.3,3.8,4.6,3.5,9.6,2.6,5.9,67.5,0,0,0,0,0,0
39.3,38.2,40.4,33.6,34.8,32.4,38.8,40.4,37.2,19.3,16.2,22.4,0.387,5.2,0.137,5.01,4.28,5.94,0.118,3.5,2.45,0.0374,0.651,0.369,30.7,23.0,72,23,300,2.4,8.7,5.0,3.2,5.7,3.8,3.8,4.8,4.9,4.2,4.3,9.3,3.2,6.1,69.4,0,0,0,0,0,0
36.8,38.6,35.0,33.1,32.6,33.6,40.2,38.6,41.8,19.6,19.6,19.6,0.419,5.45,0.144,5.35,4.53,6.31,0.122,3.65,2.57,0.0363,0.663,0.396,30.7,23.0,77,22,300,3.4,8.5,4.8,3.6,4.7,3.9,4.9,3.9,4.5,4.0,3.7,9.5,3.8,5.7,68.9,0,0,0,0,0,0
36.3,38.0,34.6,23.8,20.2,27.4,36.6,33.6,39.6,18.7,17.2,20.2,0.444,5.69,0.147,5.6,4.71,6.57,0.13,3.84,2.72,0.0364,0.668,0.409,30.7,23.0,75,22,300,3.5,9.1,4.2,3.7,3.9,3.7,5.3,3.2,4.3,4.0,2.5,8.8,3.9,5.2,65.3,0,0,0,0,0,0
57.2,60.0,54.4,38.4,37.6,39.2,61.6,59.8,63.4,19.8,17.8,21.8,0.401,5.12,0.139,4.81,4.25,5.77,0.115,3.35,2.35,0.0374,0.647,0.355,40.1,32.0,91,31,400,49.3,9.33,3.67,5.0,4.17,4.0,4.33,3.83,4.33,4.83,3.0,8.67,3.5,5.5,114.0,0,0,0,0,0,0
42.1,44.0,40.2,38.2,41.0,35.4,40.5,36.8,44.2,19.7,21.8,17.6,0.411,5.3,0.138,4.92,4.31,5.86,0.119,3.44,2.41,0.0363,0.202,0.352,37.6,30.0,90,30,400,40.1,12.0,5.5,5.7,5.1,5.0,5.5,4.8,4.8,5.1,4.4,9.2,3.4,6.7,117.0,0,0,0,0,0,0
44.8,47.8,41.8,38.2,38.0,38.4,38.9,37.2,40.6,19.3,22.4,16.2,0.415,5.29,0.14,4.95,4.48,6.01,0.114,3.4,2.39,0.0363,0.208,0.361,36.1,29.0,71,24,400,16.0,12.3,5.8,6.2,5.0,6.3,5.7,4.9,5.3,6.0,4.8,10.5,3.6,6.5,98.9,0,0,0,0,0,0
42.6,43.2,42.0,36.5,36.2,36.8,42.7,44.0,41.4,19.6,18.8,20.4,0.417,5.29,0.141,5.01,4.6,6.04,0.12,3.59,2.46,0.038,0.212,0.368,35.1,28.0,70,24,400,3.0,11.0,5.3,4.9,4.5,6.0,5.1,4.7,6.2,5.8,5.0,10.9,3.8,7.9,84.1,0,0,0,0,0,0
43.3,43.4,43.2,40.0,37.2,42.8,42.4,43.4,41.4,21.0,23.6,18.4,0.43,5.43,0.143,5.05,4.62,6.17,0.122,3.55,2.47,0.0381,0.213,0.379,34.4,27.0,70,24,400,3.4,11.4,6.4,4.1,4.3,5.8,5.1,5.6,6.8,4.0,5.7,10.4,3.7,8.8,85.5,0,0,0,0,0,0
44.3,43.0,45.6,40.0,38.0,42.0,43.2,43.4,43.0,19.4,21.4,17.4,0.453,5.56,0.149,5.04,4.84,6.23,0.131,3.69,2.54,0.0381,0.216,0.387,34.0,27.0,73,23,400,3.7,11.3,6.5,5.1,4.0,5.6,5.1,5.6,6.4,4.7,4.5,10.0,3.2,8.7,84.4,0,0,0,0,0,0
46.6,46.2,47.0,38.8,37.4,40.2,43.1,45.4,40.8,20.3,23.2,17.4,0.447,5.69,0.154,5.07,5.01,6.49,0.127,3.65,2.59,0.0371,0.22,0.386,34.4,27.0,82,26,400,3.5,12.8,6.2,5.7,4.7,5.9,5.8,5.2,6.5,6.1,3.7,12.5,4.2,8.5,91.3,0,0,0,0,0,0
41.9,44.2,39.6,37.3,37.8,36.8,40.2,41.2,39.2,20.7,21.0,20.4,0.456,5.71,0.153,5.03,4.96,6.4,0.131,3.73,2.63,0.0361,0.22,0.401,34.3,27.0,88,27,400,3.5,12.2,5.1,5.8,5.5,6.7,6.6,5.2,7.0,5.5,5.3,12.1,4.4,8.1,93.0,0,0,0,0,0,0
44.8,45.0,44.6,39.2,39.8,38.6,43.5,45.0,42.0,18.9,22.2,15.6,0.472,5.75,0.155,5.04,5.22,6.64,0.134,3.83,2.66,0.0369,0.226,0.404,34.1,26.0,75,25,400,3.7,11.5,4.6,6.3,4.7,5.9,5.6,4.7,5.3,6.0,5.8,10.8,3.7,8.7,87.3,0,0,0,0,0,0
42.9,43.0,42.8,38.9,40.0,37.8,41.6,42.4,40.8,19.8,21.8,17.8,0.489,5.85,0.163,5.09,5.3,6.76,0.136,3.93,2.73,0.0379,0.231,0.422,33.7,26.0,70,24,400,3.7,12.9,5.0,6.0,4.4,5.2,5.0,5.1,4.1,6.4,5.5,11.9,3.7,8.0,86.9,0,0,0,0,0,0
43.8,44.2,43.4,38.7,39.0,38.4,42.6,42.6,42.6,20.9,20.0,21.8,0.486,5.95,0.161,5.14,5.42,6.86,0.136,3.97,2.77,0.0369,0.229,0.42,33.4,26.0,69,23,400,3.5,12.3,5.4,4.8,4.7,5.4,5.2,5.4,6.1,5.1,5.8,12.1,4.1,7.1,87.0,0,0,0,0,0,0
42.8,41.2,44.4,37.3,37.4,37.2,39.9,39.6,40.2,19.5,17.0,22.0,0.495,5.98,0.163,5.09,5.56,7.0,0.137,3.92,2.81,0.037,0.233,0.427,33.3,26.0,71,24,400,3.7,12.1,5.6,5.2,4.3,5.4,5.8,5.3,7.1,4.9,5.1,10.9,4.1,6.4,85.9,0,0,0,0,0,0
43.8,43.2,44.4,39.7,41.2,38.2,40.7,39.0,42.4,19.0,16.2,21.8,0.491,6.12,0.164,5.21,5.61,7.04,0.136,4.08,2.84,0.036,0.234,0.426,33.4,26.0,77,24,400,3.6,13.3,5.3,5.3,5.2,5.2,5.8,5.3,6.1,4.6,5.4,10.0,3.2,7.1,85.4,0,0,0,0,0,0
43.1,45.8,40.4,36.8,35.6,38.0,42.9,41.2,44.6,19.8,15.6,24.0,0.505,6.04,0.166,5.27,5.66,7.06,0.139,4.02,2.82,0.0369,0.238,0.432,33.4,26.0,85,25,400,3.2,12.8,4.4,5.3,6.1,4.5,5.5,4.2,5.9,4.6,6.2,10.4,3.6,7.3,84.0,0,0,0,0,0,0
45.5,46.2,44.8,40.8,38.0,43.6,42.4,42.4,42.4,20.3,22.2,18.4,0.509,6.21,0.164,5.28,5.84,7.18,0.146,4.15,2.9,0.0368,0.238,0.44,33.5,26.0,83,25,400,3.1,11.4,4.3,5.4,6.1,4.2,6.3,4.3,5.3,5.1,7.4,11.3,4.5,7.9,86.6,0,0,0,0,0,0
44.7,46.6,42.8,38.9,36.4,41.4,43.6,45.4,41.8,20.5,23.2,17.8,0.525,6.3,0.172,5.33,5.98,7.37,0.147,4.15,2.95,0.0378,0.244,0.452,33.5,26.0,77,25,400,3.0,11.5,5.4,4.9,6.1,6.0,5.5,6.0,5.9,4.7,6.6,12.2,4.1,8.5,90.4,0,0,0,0,0,0
44.1,43.8,44.4,38.2,36.0,40.4,41.7,39.2,44.2,19.2,20.8,17.6,0.548,6.54,0.18,5.62,6.34,7.81,0.158,4.44,3.16,0.0368,0.25,0.483,33.3,26.0,77,24,400,3.3,10.6,5.5,6.5,5.1,5.9,4.3,7.1,6.1,6.0,5.1,13.5,4.4,7.6,91.0,0,0,0,0,0,0
42.1,42.2,42.0,39.9,40.6,39.2,43.4,42.4,44.4,19.7,23.2,16.2,0.577,6.89,0.187,5.84,6.63,8.18,0.167,4.66,3.34,0.0367,0.263,0.508,33.3,26.0,74,23,400,4.4,11.2,4.5,7.0,4.5,5.6,4.6,6.0,5.9,6.4,5.4,13.1,4.7,7.0,90.3,0,0,0,0,0,0
45.9,45.8,46.0,28.6,31.0,26.2,44.8,44.8,44.8,19.3,23.2,15.4,0.626,7.25,0.196,6.15,6.97,8.63,0.177,4.95,3.5,0.0369,0.276,0.535,33.3,26.0,80,25,400,4.4,12.8,4.8,5.5,5.5,6.5,4.6,5.0,7.0,5.3,4.7,11.3,4.4,7.1,88.9,0,0,0,0,0,0
47.7,48.4,47.0,29.6,29.8,29.4,53.1,51.2,55.0,18.5,21.6,15.4,0.158,2.22,0.0732,1.92,1.76,2.38,0.0492,1.33,0.936,0.0361,0.116,0.157,38.8,32.0,86,32,200,38.3,5.67,3.33,4.67,2.67,3.0,2.67,1.67,3.33,2.0,2.33,9.67,3.33,4.33,87.0,0,0,0,0,0,0
35.0,36.0,34.0,31.7,31.6,31.8,31.8,32.4,31.2,18.6,16.6,20.6,0.171,2.27,0.0762,1.99,1.87,2.48,0.0521,1.37,0.996,0.0361,0.12,0.161,35.5,28.0,82,28,200,28.0,5.5,3.63,4.25,2.5,3.25,2.75,2.5,3.13,2.38,2.5,7.0,2.38,4.0,73.8,0,0,0,0,0,0
32.9,31.6,34.2,29.4,26.8,32.0,30.1,29.2,31.0,19.7,23.4,16.0,0.173,2.32,0.0765,2.0,2.0,2.59,0.0681,1.41,1.07,0.037,0.121,0.169,33.6,26.0,66,21,200,11.7,4.7,3.6,3.7,2.3,3.1,2.9,2.6,3.3,2.8,3.1,5.8,2.2,4.0,55.8,0,0,0,0,0,0
35.8,35.0,36.6,31.2,29.2,33.2,32.8,31.8,33.8,18.8,17.6,20.0,0.177,2.41,0.0794,2.04,2.15,2.72,0.0693,1.5,1.11,0.0379,0.122,0.176,32.5,25.0,63,21,200,1.8,5.0,2.6,3.8,2.4,2.5,2.5,2.2,3.3,2.6,3.4,5.7,2.1,4.3,44.2,0,0,0,0,0,0
32.7,34.6,30.8,30.9,30.2,31.6,32.6,33.2,32.0,19.2,20.2,18.2,0.19,2.5,0.0818,2.09,2.24,2.8,0.0724,1.56,1.13,0.036,0.126,0.186,32.0,25.0,65,22,200,2.1,5.4,2.5,3.3,2.5,2.6,2.6,2.8,3.1,2.1,3.1,5.6,1.8,4.5,44.0,0,0,0,0,0,0
37.0,38.6,35.4,31.5,35.6,27.4,31.2,30.6,31.8,19.9,18.6,21.2,0.199,2.59,0.083,2.17,2.37,2.92,0.0754,1.63,1.2,0.037,0.129,0.191,31.4,25.0,62,22,200,2.2,5.3,2.6,2.7,2.7,3.2,3.2,2.9,2.5,2.4,3.1,6.3,2.1,3.9,45.1,0,0,0,0,0,0
31.2,31.8,30.6,32.6,33.6,31.6,32.0,30.8,33.2,19.1,16.4,21.8,0.197,2.63,0.0829,2.2,2.46,2.99,0.0718,1.68,1.21,0.036,0.131,0.195,30.8,24.0,63,22,200,2.4,5.4,2.4,2.6,2.7,2.8,3.5,2.7,2.6,3.0,3.0,6.3,1.8,3.6,44.8,0,0,0,0,0,0
36.7,37.2,36.2,30.9,29.8,32.0,31.6,35.2,28.0,19.4,15.8,23.0,0.214,2.75,0.0856,2.26,2.66,3.17,0.0771,1.75,1.27,0.0369,0.136,0.205,30.3,24.0,62,21,200,2.5,5.9,2.7,3.1,2.2,3.1,3.1,2.8,2.7,2.6,2.7,5.6,1.5,3.7,44.2,0,0,0,0,0,0
31.8,31.6,32.0,32.3,31.0,33.6,31.1,31.8,30.4,19.7,17.4,22.0,0.217,2.81,0.089,2.28,2.77,3.23,0.0819,1.83,1.31,0.037,0.138,0.208,30.0,23.0,63,20,200,2.0,6.1,2.8,3.7,2.1,3.1,2.7,2.8,2.3,2.5,3.1,6.0,2.4,3.8,45.4,0,0,0,0,0,0
35.0,35.8,34.2,30.9,33.4,28.4,32.2,33.8,30.6,18.5,22.2,14.8,0.221,2.9,0.0905,2.28,2.9,3.29,0.0822,1.9,1.37,0.0369,0.139,0.218,30.2,23.0,67,21,200,1.8,6.6,2.6,3.4,2.2,2.8,2.9,3.0,2.3,2.8,2.6,5.6,2.4,4.6,45.6,0,0,0,0,0,0
32.9,30.6,35.2,29.6,30.2,29.0,33.1,35.6,30.6,18.3,20.2,16.4,0.223,2.98,0.0909,2.34,2.99,3.39,0.0822,1.97,1.42,0.037,0.144,0.223,30.0,23.0,64,22,200,1.5,7.6,2.6,2.5,2.6,2.7,3.1,3.2,1.9,2.6,1.8,5.2,1.3,4.0,42.6,0,0,0,0,0,0
34.2,31.4,37.0,29.3,31.2,27.4,32.4,35.0,29.8,20.0,18.2,21.8,0.228,2.99,0.0941,2.38,3.1,3.46,0.0829,2.05,1.45,0.0369,0.148,0.231,29.9,23.0,67,22,200,1.1,6.4,3.1,2.6,2.6,2.4,3.5,3.1,2.4,2.6,3.1,6.1,1.4,3.6,44.0,0,0,0,0,0,0
32.7,32.4,33.0,30.0,30.0,30.0,30.4,31.6,29.2,18.5,20.2,16.8,0.239,3.1,0.0944,2.44,3.2,3.59,0.0868,2.08,1.51,0.038,0.15,0.239,29.7,23.0,64,21,200,1.5,6.4,3.2,3.0,2.4,2.1,3.5,2.3,3.0,2.9,2.8,5.7,2.2,4.0,45.0,0,0,0,0,0,0
34.3,33.4,35.2,29.6,29.8,29.4,30.8,31.4,30.2,20.7,22.4,19.0,0.258,3.19,0.0994,2.46,3.32,3.67,0.09,2.16,1.54,0.0379,0.152,0.243,29.5,23.0,62,20,200,2.0,7.0,3.3,2.7,2.5,1.9,3.3,3.0,2.5,2.7,2.1,5.3,2.3,3.2,43.8,0,0,0,0,0,0
33.7,32.6,34.8,30.7,29.0,32.4,31.3,33.2,29.4,18.3,18.6,18.0,0.269,3.29,0.102,2.52,3.43,3.78,0.0963,2.17,1.57,0.0379,0.155,0.253,29.3,23.0,61,20,200,2.3,6.3,2.4,3.6,2.1,2.5,3.2,3.0,1.6,2.0,2.0,4.7,1.7,3.2,40.6,0,0,0,0,0,0
34.9,35.0,34.8,29.5,28.4,30.6,35.3,35.0,35.6,18.7,16.6,20.8,0.273,3.35,0.102,2.51,3.54,3.83,0.0941,2.28,1.61,0.0361,0.156,0.255,29.4,23.0,64,20,200,2.1,6.0,1.8,3.0,2.8,2.6,3.3,1.8,1.7,2.7,2.0,5.8,2.3,3.5,41.4,0,0,0,0,0,0
31.3,35.2,27.4,29.4,27.4,31.4,30.7,28.2,33.2,18.6,16.4,20.8,0.271,3.4,0.104,2.57,3.72,3.98,0.0945,2.29,1.64,0.0371,0.156,0.266,29.3,23.0,71,21,200,2.1,6.3,2.5,2.3,3.2,2.1,3.5,2.1,2.1,2.9,2.9,6.3,2.2,3.4,43.9,0,0,0,0,0,0
33.2,35.6,30.8,28.5,26.6,30.4,31.5,32.4,30.6,20.0,18.8,21.2,0.287,3.58,0.107,2.74,3.85,4.2,0.1,2.46,1.73,0.0372,0.162,0.277,29.2,23.0,61,22,200,2.5,5.8,2.4,2.6,3.3,2.4,3.3,1.9,2.5,3.1,3.3,5.7,1.2,3.3,43.3,0,0,0,0,0,0
33.6,36.6,30.6,31.0,29.8,32.2,33.8,35.2,32.4,19.2,21.6,16.8,0.303,3.76,0.112,2.88,4.07,4.4,0.102,2.6,1.84,0.0372,0.17,0.293,29.2,23.0,63,23,200,2.4,4.7,2.4,2.7,3.1,3.1,2.7,1.6,3.0,2.9,2.8,6.1,1.6,4.0,43.1,0,0,0,0,0,0
32.6,29.8,35.4,21.4,18.8,24.0,30.2,30.8,29.6,18.6,15.8,21.4,0.322,3.91,0.115,3.05,4.25,4.6,0.109,2.71,1.91,0.0381,0.175,0.302,29.1,23.0,65,22,200,2.0,5.0,2.8,3.1,2.7,2.3,3.1,2.5,2.8,2.3,2.3,5.9,1.9,4.8,43.5,0,0,0,0,0,0
43.9,44.6,43.2,35.5,36.4,34.6,45.4,47.0,43.8,19.2,19.2,19.2,0.267,3.67,0.103,2.83,3.66,4.22,0.0822,2.4,1.66,0.0382,0.163,0.263,45.1,33.0,120,33,300,44.6,8.86,3.43,3.71,4.57,4.43,4.86,3.43,3.57,2.57,3.57,7.0,2.57,6.14,103.0,0,0,0,0,0,0
38.8,38.8,38.8,35.9,35.4,36.4,38.8,37.8,39.8,19.2,17.0,21.4,0.289,3.76,0.11,2.85,3.82,4.32,0.0893,2.41,1.71,0.0363,0.164,0.272,40.4,29.0,120,30,300,27.5,9.0,4.4,4.5,4.1,3.9,3.9,4.3,4.2,3.0,4.1,7.2,2.4,6.8,89.3,0,0,0,0,0,0
41.5,42.4,40.6,33.6,32.0,35.2,37.6,39.0,36.2,18.8,14.8,22.8,0.301,3.84,0.112,2.98,3.86,4.42,0.0953,2.56,1.81,0.0373,0.166,0.282,37.6,27.0,65,22,300,3.9,8.3,4.0,5.2,3.4,3.5,3.5,5.4,4.9,3.4,3.6,8.5,3.5,4.9,66.0,0,0,0,0,0,0
37.8,38.8,36.8,34.4,35.8,33.0,34.7,33.0,36.4,18.9,22.0,15.8,0.303,3.85,0.116,3.08,3.84,4.48,0.0957,2.58,1.8,0.0384,0.167,0.281,36.3,27.0,68,22,300,3.5,8.2,3.8,4.9,3.6,3.9,4.6,5.1,5.5,4.0,3.6,10.2,4.6,4.4,69.9,0,0,0,0,0,0
41.3,43.2,39.4,35.6,35.6,35.6,50.3,51.0,49.6,19.8,21.6,18.0,0.321,4.0,0.117,3.16,3.99,4.55,0.0944,2.64,1.86,0.0382,0.625,0.291,36.1,27.0,74,26,300,3.1,8.3,4.2,3.5,4.0,4.1,4.9,4.5,4.3,4.1,4.3,9.4,3.8,5.0,67.5,0,0,0,0,0,0
38.3,39.0,37.6,34.8,34.4,35.2,37.6,39.2,36.0,20.1,17.4,22.8,0.334,4.01,0.119,3.25,4.03,4.72,0.1,2.71,1.91,0.0375,0.629,0.297,35.5,27.0,77,27,300,3.1,9.5,4.0,4.4,3.8,4.2,4.2,3.6,4.0,3.5,5.4,9.1,3.2,5.7,67.7,0,0,0,0,0,0
40.1,42.0,38.2,34.8,34.8,34.8,38.6,40.2,37.0,18.9,19.4,18.4,0.347,4.1,0.122,3.35,4.11,4.84,0.103,2.75,1.92,0.0373,0.63,0.302,34.7,26.0,71,22,300,3.1,9.5,3.6,4.6,4.6,4.9,3.4,3.4,4.3,3.9,4.5,9.2,3.3,5.2,67.5,0,0,0,0,0,0
39.1,40.0,38.2,33.3,32.2,34.4,36.5,34.8,38.2,19.5,23.0,16.0,0.349,4.28,0.124,3.33,4.19,4.95,0.106,2.8,1.99,0.0385,0.631,0.307,34.1,26.0,68,22,300,2.8,8.5,3.9,3.8,5.9,4.0,3.1,4.3,3.6,4.9,3.4,8.5,2.8,6.3,65.8,0,0,0,0,0,0
39.3,37.0,41.6,33.2,34.2,32.2,38.6,39.0,38.2,19.1,18.6,19.6,0.344,4.38,0.127,3.43,4.3,5.07,0.107,2.86,2.0,0.0365,0.633,0.316,33.7,25.0,70,22,300,2.4,8.0,4.1,4.2,4.7,3.9,3.3,3.4,3.4,3.9,3.3,8.0,2.5,9.5,64.6,0,0,0,0,0,0
36.3,38.2,34.4,36.3,35.0,37.6,35.3,35.2,35.4,20.7,21.6,19.8,0.349,4.38,0.124,3.59,4.32,5.17,0.105,2.92,2.04,0.0364,0.633,0.325,33.3,25.0,66,22,300,3.3,8.7,3.9,3.8,3.2,4.8,3.5,3.1,4.0,4.1,4.0,7.9,2.7,8.3,65.3,0,0,0,0,0,0
39.5,41.2,37.8,36.6,35.8,37.4,37.3,35.4,39.2,19.5,16.0,23.0,0.36,4.51,0.128,3.69,4.47,5.16,0.106,2.97,2.1,0.0374,0.636,0.326,33.2,25.0,67,24,300,3.5,8.9,4.3,3.5,4.2,4.8,3.9,4.2,4.0,4.2,3.9,8.6,2.8,5.0,65.8,0,0,0,0,0,0
37.2,37.8,36.6,37.6,35.2,40.0,36.2,34.2,38.2,18.9,15.6,22.2,0.357,4.59,0.128,3.79,4.47,5.39,0.108,3.04,2.16,0.0382,0.641,0.331,33.0,25.0,74,23,300,3.2,9.3,5.1,3.7,4.1,4.4,3.7,5.3,4.1,3.8,3.4,8.3,2.6,4.5,65.5,0,0,0,0,0,0
38.6,36.6,40.6,37.3,39.4,35.2,37.0,39.4,34.6,19.5,17.2,21.8,0.372,4.63,0.131,3.88,4.48,5.39,0.113,3.16,2.22,0.0371,0.641,0.339,32.7,25.0,66,22,300,3.4,9.4,4.8,4.5,3.2,4.4,3.6,4.7,4.7,4.4,3.6,8.1,2.6,4.8,66.2,0,0,0,0,0,0
36.2,36.4,36.0,33.6,34.0,33.2,38.0,37.8,38.2,20.2,20.2,20.2,0.375,4.7,0.133,3.91,4.64,5.47,0.111,3.2,2.23,0.0362,0.644,0.345,32.5,25.0,66,22,300,3.1,9.0,4.4,4.8,3.5,4.6,4.1,3.7,4.2,3.9,4.4,8.4,2.3,4.7,65.1,0,0,0,0,0,0
40.1,37.0,43.2,35.6,35.8,35.4,36.9,38.6,35.2,18.8,17.6,20.0,0.379,4.73,0.135,4.04,4.67,5.62,0.116,3.24,2.28,0.0371,0.645,0.347,32.3,24.0,69,22,300,2.8,8.7,5.4,4.2,3.5,4.3,3.9,3.9,4.0,4.0,4.3,7.4,2.2,5.0,63.6,0,0,0,0,0,0
36.5,38.2,34.8,33.9,34.6,33.2,36.0,38.8,33.2,19.7,18.8,20.6,0.394,4.87,0.137,4.08,4.75,5.61,0.121,3.31,2.36,0.0361,0.648,0.358,32.2,24.0,72,23,300,3.1,8.4,4.8,5.0,3.9,3.1,5.4,5.1,4.9,3.9,3.4,7.9,2.8,5.2,66.9,0,0,0,0,0,0
40.4,38.0,42.8,35.4,36.0,34.8,35.1,34.8,35.4,20.2,21.8,18.6,0.416,5.07,0.141,4.26,5.02,5.91,0.126,3.48,2.42,0.036,0.655,0.375,32.2,24.0,71,23,300,4.4,8.0,3.5,4.9,3.7,3.0,5.2,5.3,4.5,3.5,2.8,7.6,2.8,5.3,64.5,0,0,0,0,0,0
39.5,39.0,40.0,33.8,36.0,31.6,38.5,36.8,40.2,18.4,14.0,22.8,0.438,5.29,0.15,4.47,5.26,6.23,0.133,3.65,2.57,0.0371,0.664,0.399,32.1,24.0,70,24,300,3.5,8.2,4.1,3.3,3.2,4.5,3.9,4.0,4.4,4.6,3.9,6.9,2.3,4.6,61.4,0,0,0,0,0,0
36.4,34.4,38.4,26.0,26.6,25.4,35.7,35.2,36.2,20.2,21.8,18.6,0.462,5.53,0.152,4.69,5.47,6.55,0.137,3.83,2.71,0.0362,0.67,0.415,31.9,24.0,68,24,300,2.7,10.2,4.4,3.1,3.2,4.7,4.8,4.2,4.7,5.1,4.9,7.8,2.9,4.0,66.7,0,0,0,0,0,0
42.3,43.6,41.0,37.8,37.6,38.0,42.3,42.0,42.6,19.8,17.2,22.4,0.401,5.16,0.134,4.39,4.79,5.87,0.126,3.42,2.39,0.0368,0.198,0.363,36.2,29.0,85,31,400,43.0,11.6,5.3,5.1,4.3,5.2,4.6,6.4,5.6,3.5,4.3,10.2,3.7,7.2,120.0,0,0,0,0,0,0
44.5,44.2,44.8,39.8,39.0,40.6,43.3,44.0,42.6,19.8,16.8,22.8,0.405,5.22,0.139,4.51,4.91,5.95,0.127,3.47,2.42,0.0377,0.2,0.375,35.3,28.0,75,23,400,19.0,13.3,7.1,6.7,4.7,5.6,5.0,7.0,5.3,4.5,5.1,12.9,4.1,8.2,109.0,0,0,0,0,0,0
41.7,42.2,41.2,39.2,39.8,38.6,44.2,42.4,46.0,20.0,20.0,20.0,0.418,5.3,0.14,4.55,4.94,6.08,0.129,3.57,2.52,0.0369,0.203,0.376,34.9,28.0,77,24,400,4.3,12.4,6.2,6.3,5.8,4.9,4.8,7.0,5.2,5.7,4.3,13.2,4.4,7.1,91.6,0,0,0,0,0,0
44.1,44.0,44.2,38.8,38.8,38.8,43.7,44.8,42.6,20.5,17.6,23.4,0.437,5.35,0.144,4.7,4.96,6.22,0.132,3.64,2.56,0.0368,0.206,0.387,34.1,26.0,75,24,400,4.6,11.0,4.9,6.0,5.3,5.2,5.4,6.4,5.8,5.8,3.8,11.6,4.4,7.9,88.1,0,0,0,0,0,0
43.5,40.8,46.2,38.8,36.4,41.2,41.7,39.2,44.2,18.3,18.8,17.8,0.455,5.36,0.15,4.81,5.07,6.24,0.134,3.67,2.58,0.0369,0.211,0.399,33.5,26.0,67,23,400,3.3,11.0,5.6,6.0,4.9,5.3,5.6,6.6,5.4,6.9,5.6,13.0,4.8,7.5,91.5,0,0,0,0,0,0
42.4,42.4,42.4,36.9,34.4,39.4,42.1,42.0,42.2,21.4,23.6,19.2,0.457,5.58,0.153,4.91,5.16,6.39,0.142,3.78,2.68,0.0379,0.217,0.396,33.4,26.0,76,24,400,3.3,11.8,5.8,5.2,6.0,6.0,5.2,5.5,6.2,7.2,6.0,13.6,4.7,6.5,93.0,0,0,0,0,0,0
42.6,40.4,44.8,39.1,41.2,37.0,41.7,44.6,38.8,19.1,19.8,18.4,0.455,5.57,0.152,4.98,5.12,6.58,0.141,3.9,2.71,0.0369,0.217,0.401,33.4,26.0,78,24,400,3.5,11.2,5.7,6.1,6.1,5.7,4.3,4.6,5.7,5.7,5.7,11.8,3.8,7.1,87.0,0,0,0,0,0,0
44.2,43.6,44.8,37.0,38.0,36.0,42.0,40.8,43.2,19.8,19.2,20.4,0.467,5.65,0.155,5.06,5.22,6.59,0.142,3.89,2.68,0.036,0.221,0.4,33.1,25.0,74,23,400,3.5,10.8,5.3,6.5,5.3,5.7,4.2,4.5,4.7,5.8,6.7,10.1,3.3,8.6,85.0,0,0,0,0,0,0
40.5,42.0,39.0,38.5,39.0,38.0,42.5,42.2,42.8,20.7,21.6,19.8,0.47,5.69,0.154,5.13,5.26,6.72,0.144,3.88,2.74,0.0361,0.223,0.411,32.8,25.0,69,23,400,3.5,10.7,4.4,5.8,5.4,5.8,5.5,5.3,5.0,6.3,6.6,9.4,2.7,8.8,85.2,0,0,0,0,0,0
44.5,45.0,44.0,40.0,39.6,40.4,41.9,39.4,44.4,19.2,18.2,20.2,0.476,5.86,0.155,5.2,5.37,6.89,0.148,3.92,2.81,0.037,0.225,0.416,33.0,25.0,74,25,400,4.6,11.6,5.1,4.7,5.6,4.8,6.0,5.9,5.4,5.0,6.4,10.7,3.0,7.0,85.8,0,0,0,0,0,0
44.6,43.8,45.4,39.0,40.2,37.8,44.3,42.8,45.8,19.3,21.4,17.2,0.478,6.0,0.158,5.27,5.42,6.86,0.148,4.01,2.83,0.036,0.227,0.428,33.1,26.0,83,27,400,3.9,11.8,5.0,4.3,5.2,5.5,6.0,6.0,6.2,5.3,5.4,11.6,4.1,8.4,88.7,0,0,0,0,0,0
45.8,45.8,45.8,40.2,40.0,40.4,44.0,41.8,46.2,20.3,20.4,20.2,0.492,5.99,0.164,5.31,5.48,7.21,0.147,4.12,2.85,0.0379,0.226,0.433,33.1,25.0,81,24,400,2.9,11.5,4.2,4.9,5.3,5.1,5.5,5.2,5.4,6.9,5.4,11.2,3.8,10.2,87.5,0,0,0,0,0,0
41.6,39.2,44.0,42.1,41.2,43.0,42.5,41.8,43.2,18.8,17.4,20.2,0.507,6.13,0.169,5.54,5.5,7.28,0.15,4.15,2.94,0.038,0.234,0.443,33.0,25.0,77,24,400,3.9,11.6,5.3,6.4,5.2,4.1,5.0,3.9,5.6,7.1,6.7,12.2,4.2,8.2,89.4,0,0,0,0,0,0
44.1,42.6,45.6,38.8,36.2,41.4,42.8,45.4,40.2,19.8,22.6,17.0,0.51,6.31,0.167,5.69,5.55,7.34,0.151,4.16,2.94,0.0361,0.235,0.445,32.8,25.0,75,23,400,3.9,11.6,7.1,5.7,5.5,4.7,5.0,3.8,6.5,5.9,6.6,11.5,4.1,7.1,89.0,0,0,0,0,0,0
43.4,43.2,43.6,38.4,41.4,35.4,42.7,39.8,45.6,19.7,19.0,20.4,0.53,6.37,0.173,5.8,5.69,7.45,0.158,4.33,3.01,0.0379,0.238,0.461,33.0,25.0,79,24,400,3.6,12.0,7.3,4.4,7.0,5.4,5.7,5.3,5.6,5.2,6.2,12.3,4.7,7.6,92.3,0,0,0,0,0,0
42.4,42.0,42.8,39.4,39.8,39.0,42.3,42.4,42.2,20.2,21.8,18.6,0.558,6.61,0.178,5.94,5.94,7.75,0.167,4.46,3.14,0.0368,0.247,0.489,33.1,25.0,78,25,400,3.8,11.7,7.2,5.2,7.4,5.8,6.3,6.2,5.3,5.2,5.1,13.0,4.5,7.2,93.9,0,0,0,0,0,0
45.2,45.2,45.2,35.6,37.4,33.8,42.1,42.6,41.6,19.1,17.8,20.4,0.581,7.02,0.189,6.33,6.34,8.3,0.172,4.68,3.3,0.038,0.255,0.516,33.0,25.0,78,24,400,3.5,10.9,7.2,4.8,7.3,5.2,5.6,5.5,5.2,5.3,4.8,11.4,3.2,6.8,86.7,0,0,0,0,0,0
43.6,43.4,43.8,32.8,29.8,35.8,41.7,43.6,39.8,19.2,20.0,18.4,0.608,7.28,0.198,6.56,6.67,8.69,0.184,4.99,3.5,0.037,0.268,0.539,33.0,25.0,76,25,400,3.2,11.1,6.2,4.8,6.7,4.7,5.9,5.2,4.4,6.3,5.3,11.0,3.6,7.2,85.6,0,0,0,0,0,0
45.0,44.8,45.2,30.3,27.6,33.0,54.7,55.2,54.2,19.6,16.8,22.4,0.146,2.08,0.0687,1.92,1.72,2.43,0.0455,1.31,0.942,0.0371,0.117,0.146,37.8,29.0,84,29,200,38.0,4.33,1.67,2.33,3.67,3.67,2.33,1.0,5.0,3.33,1.67,5.67,2.33,3.0,78.0,0,0,0,0,0,0
33.8,33.6,34.0,30.0,31.4,28.6,31.3,34.6,28.0,20.0,17.6,22.4,0.14,2.2,0.0708,2.01,1.77,2.49,0.0456,1.37,0.988,0.038,0.12,0.15,34.1,26.0,81,26,200,27.4,4.0,3.88,2.75,3.88,3.25,2.0,3.13,3.88,2.75,2.63,6.13,1.75,3.5,70.9,0,0,0,0,0,0
31.7,31.0,32.4,30.1,32.4,27.8,32.5,30.6,34.4,17.9,15.4,20.4,0.148,2.31,0.0722,2.11,1.85,2.63,0.0483,1.43,1.05,0.0381,0.123,0.156,32.4,25.0,59,21,200,11.2,5.5,3.6,3.6,4.0,2.4,3.0,3.9,2.6,2.8,3.5,6.7,1.7,4.3,58.8,0,0,0,0,0,0
34.4,36.6,32.2,30.0,29.4,30.6,32.9,29.8,36.0,19.0,20.6,17.4,0.153,2.37,0.0746,2.17,1.92,2.71,0.049,1.47,1.09,0.0361,0.124,0.17,31.5,24.0,60,22,200,1.7,6.1,2.0,2.9,3.4,2.2,3.1,3.4,2.6,2.4,3.5,5.6,1.5,4.9,45.3,0,0,0,0,0,0
31.1,29.2,33.0,31.4,30.8,32.0,33.0,33.2,32.8,18.9,22.4,15.4,0.177,2.47,0.0794,2.28,2.01,2.84,0.056,1.54,1.13,0.0369,0.127,0.173,30.1,23.0,61,18,200,2.1,5.5,2.6,2.8,2.5,2.7,3.0,2.9,3.0,2.3,3.3,5.0,1.8,3.9,43.4,0,0,0,0,0,0
33.1,32.2,34.0,29.8,30.0,29.6,33.1,29.6,36.6,19.4,16.6,22.2,0.197,2.52,0.0853,2.33,2.12,2.94,0.0603,1.63,1.18,0.0369,0.127,0.186,29.7,23.0,58,19,200,2.5,5.3,3.4,3.6,2.6,2.5,3.7,2.5,2.7,2.7,2.9,5.8,2.5,2.9,45.6,0,0,0,0,0,0
32.3,30.6,34.0,30.7,30.0,31.4,34.7,35.8,33.6,18.5,21.2,15.8,0.198,2.59,0.0846,2.46,2.16,3.01,0.0586,1.72,1.22,0.036,0.131,0.186,29.3,22.0,65,20,200,2.2,5.1,2.7,3.4,3.0,2.9,3.4,2.4,2.1,2.9,2.8,6.3,2.9,3.1,45.2,0,0,0,0,0,0
33.8,33.6,34.0,31.1,33.2,29.0,33.2,31.2,35.2,19.4,20.2,18.6,0.209,2.71,0.0879,2.55,2.21,3.11,0.0627,1.74,1.25,0.036,0.135,0.196,28.9,22.0,63,19,200,1.8,5.3,2.6,3.3,3.2,3.0,3.4,2.3,2.1,3.1,2.9,6.8,2.5,3.4,45.7,0,0,0,0,0,0
32.3,32.8,31.8,30.1,33.8,26.4,33.6,33.8,33.4,20.2,23.0,17.4,0.206,2.82,0.0856,2.68,2.3,3.22,0.0622,1.84,1.3,0.0379,0.137,0.2,29.1,22.0,69,20,200,2.3,4.7,2.5,3.0,3.5,2.7,3.1,3.1,2.7,2.2,2.9,7.0,2.0,3.5,45.2,0,0,0,0,0,0
32.9,34.6,31.2,28.9,26.8,31.0,33.1,31.2,35.0,18.1,14.8,21.4,0.208,2.87,0.088,2.72,2.37,3.3,0.0623,1.89,1.35,0.036,0.137,0.205,29.0,22.0,70,21,200,2.3,5.5,2.1,3.3,3.0,2.6,2.6,3.9,1.8,2.5,3.0,6.2,1.8,4.0,44.6,0,0,0,0,0,0
32.6,33.0,32.2,31.8,33.2,30.4,33.0,36.2,29.8,20.0,21.4,18.6,0.214,2.92,0.0914,2.8,2.45,3.4,0.0653,1.92,1.38,0.0368,0.138,0.212,28.6,22.0,62,21,200,2.0,6.8,2.4,2.9,2.8,3.0,2.7,3.6,1.0,2.7,3.1,4.9,1.1,4.0,43.0,0,0,0,0,0,0
35.4,35.8,35.0,30.0,30.4,29.6,32.9,35.0,30.8,19.0,20.8,17.2,0.227,3.03,0.0921,2.89,2.51,3.54,0.0663,2.0,1.42,0.0378,0.143,0.218,28.4,21.0,57,20,200,2.0,6.1,2.5,2.5,3.4,2.7,3.7,3.3,1.7,1.5,3.2,5.0,1.0,2.9,41.5,0,0,0,0,0,0
30.5,29.6,31.4,32.5,33.8,31.2,34.2,36.0,32.4,18.6,21.8,15.4,0.222,3.1,0.0943,2.94,2.63,3.6,0.0671,2.07,1.48,0.0378,0.144,0.226,28.2,21.0,58,20,200,2.1,6.3,2.8,3.0,4.1,2.2,3.8,3.7,2.7,1.8,2.8,6.6,1.5,3.2,46.6,0,0,0,0,0,0
34.3,33.4,35.2,29.0,30.4,27.6,33.6,31.6,35.6,19.9,21.4,18.4,0.234,3.21,0.0955,3.07,2.72,3.79,0.0705,2.14,1.53,0.0359,0.15,0.23,28.2,21.0,65,21,200,1.9,5.8,3.1,2.9,3.5,2.5,3.3,3.7,3.0,2.8,2.8,7.2,1.9,3.4,47.8,0,0,0,0,0,0
31.7,32.6,30.8,31.5,31.6,31.4,32.0,34.6,29.4,18.3,14.6,22.0,0.236,3.3,0.0968,3.14,2.8,3.85,0.0702,2.2,1.56,0.0368,0.151,0.241,28.2,21.0,64,21,200,1.8,3.8,2.9,2.3,2.7,2.6,3.4,3.6,2.8,3.2,2.6,6.7,1.9,3.7,44.0,0,0,0,0,0,0
33.1,30.2,36.0,29.4,27.2,31.6,33.7,37.0,30.4,19.1,19.6,18.6,0.262,3.41,0.1,3.27,2.86,3.96,0.0737,2.28,1.62,0.036,0.157,0.245,28.1,21.0,63,21,200,2.2,4.4,2.6,2.5,3.7,2.0,3.9,3.1,2.9,2.8,2.1,6.5,2.1,4.0,44.8,0,0,0,0,0,0
32.2,31.4,33.0,30.0,28.2,31.8,33.5,33.6,33.4,19.9,22.6,17.2,0.266,3.5,0.103,3.37,2.99,4.02,0.0758,2.35,1.65,0.0367,0.158,0.252,28.0,21.0,62,20,200,2.4,5.3,3.6,2.5,3.5,2.0,3.4,2.6,3.2,2.4,1.6,6.3,2.1,4.2,45.1,0,0,0,0,0,0
32.0,30.6,33.4,29.8,27.2,32.4,31.0,29.8,32.2,20.1,17.8,22.4,0.279,3.64,0.106,3.55,3.14,4.26,0.0811,2.5,1.75,0.0358,0.163,0.268,28.1,21.0,66,20,200,2.1,5.4,2.8,3.3,2.1,3.6,2.5,2.4,2.4,3.0,2.4,5.4,1.9,4.9,44.2,0,0,0,0,0,0
33.2,31.8,34.6,31.7,30.0,33.4,35.1,32.8,37.4,18.2,17.2,19.2,0.305,3.85,0.112,3.69,3.31,4.49,0.0875,2.63,1.83,0.0374,0.17,0.281,27.9,21.0,66,20,200,1.5,4.7,2.5,4.0,2.3,3.0,3.2,1.6,2.2,3.2,2.8,4.7,2.0,4.0,41.7,0,0,0,0,0,0
30.8,27.2,34.4,19.1,20.6,17.6,31.4,29.4,33.4,19.7,18.8,20.6,0.327,4.01,0.117,3.92,3.47,4.65,0.0911,2.79,1.94,0.0357,0.174,0.294,28.1,21.0,70,20,200,1.4,5.6,3.1,3.0,3.2,2.7,3.3,1.6,2.6,2.5,2.4,5.6,2.4,3.9,43.3,0,0,0,0,0,0
41.1,42.2,40.0,34.5,34.6,34.4,46.5,46.6,46.4,19.1,23.0,15.2,0.297,3.72,0.108,3.45,3.16,4.18,0.0812,2.48,1.72,0.0376,0.164,0.264,41.5,32.0,97,32,300,45.0,7.86,3.57,3.43,4.86,3.43,3.57,4.29,4.14,3.86,4.0,8.43,3.43,6.0,106.0,0,0,0,0,0,0
36.7,34.6,38.8,32.4,33.2,31.6,38.0,38.2,37.8,19.5,22.6,16.4,0.298,3.81,0.107,3.53,3.23,4.35,0.0838,2.51,1.75,0.0367,0.168,0.265,38.6,28.0,100,28,300,28.1,8.4,4.2,3.4,4.5,3.9,3.7,4.4,4.6,5.0,4.4,8.9,3.3,6.1,92.9,0,0,0,0,0,0
38.1,37.2,39.0,35.4,35.4,35.4,36.2,34.2,38.2,19.5,17.0,22.0,0.298,3.91,0.106,3.53,3.29,4.36,0.0843,2.5,1.77,0.0366,0.168,0.278,36.6,27.0,78,21,300,3.6,7.9,4.6,4.1,3.7,4.1,3.7,3.6,4.1,4.3,3.9,7.8,2.6,5.2,63.2,0,0,0,0,0,0
38.0,36.6,39.4,36.6,35.8,37.4,38.2,39.6,36.8,20.0,22.4,17.6,0.305,3.97,0.11,3.57,3.46,4.44,0.0879,2.61,1.84,0.0367,0.169,0.278,35.5,26.0,70,24,300,2.3,9.2,4.7,3.7,3.6,3.8,4.9,4.0,3.7,3.8,4.9,9.4,3.0,5.1,66.1,0,0,0,0,0,0
39.0,40.4,37.6,32.5,32.4,32.6,49.5,50.4,48.6,19.4,21.2,17.6,0.313,4.0,0.114,3.64,3.49,4.55,0.0883,2.68,1.84,0.0358,0.62,0.282,35.5,27.0,75,27,300,2.3,9.6,3.7,4.1,4.4,3.4,4.3,4.5,3.8,4.6,4.7,9.9,2.7,5.0,67.0,0,0,0,0,0,0
37.2,36.4,38.0,34.8,32.4,37.2,38.6,37.8,39.4,19.2,21.8,16.6,0.316,4.12,0.116,3.75,3.62,4.69,0.0926,2.7,1.91,0.0376,0.626,0.29,34.4,26.0,74,23,300,3.5,9.1,3.7,5.4,4.5,3.2,3.1,3.7,4.0,3.8,4.4,8.2,2.2,5.0,63.8,0,0,0,0,0,0
39.3,39.0,39.6,36.4,36.4,36.4,37.5,34.6,40.4,19.5,18.4,20.6,0.344,4.25,0.118,3.81,3.73,4.77,0.0945,2.82,1.94,0.0368,0.628,0.297,33.9,25.0,68,21,300,3.8,10.1,4.7,4.4,3.6,3.2,2.8,3.6,3.4,3.4,4.0,7.6,3.1,6.4,64.1,0,0,0,0,0,0
35.3,37.0,33.6,34.3,36.8,31.8,38.0,37.2,38.8,19.3,23.4,15.2,0.345,4.25,0.121,3.83,3.76,4.81,0.0975,2.82,1.98,0.0368,0.63,0.302,33.5,25.0,74,22,300,3.6,10.1,4.6,4.2,4.7,4.6,3.4,4.0,2.7,3.5,4.1,8.2,3.4,6.2,67.3,0,0,0,0,0,0
39.7,40.4,39.0,33.6,33.0,34.2,37.2,35.6,38.8,20.0,18.4,21.6,0.355,4.36,0.122,3.94,3.79,4.91,0.0977,2.89,1.99,0.0368,0.631,0.314,33.0,25.0,67,21,300,3.4,8.6,4.3,4.4,4.5,4.8,3.8,4.4,4.1,3.3,4.8,8.2,2.4,5.4,66.4,0,0,0,0,0,0
36.2,38.8,33.6,35.3,33.8,36.8,36.4,38.2,34.6,19.2,21.8,16.6,0.357,4.43,0.12,4.04,3.88,4.93,0.0991,2.91,2.01,0.0369,0.635,0.318,32.5,24.0,64,20,300,2.7,9.0,4.6,3.8,4.0,3.6,3.7,4.6,4.6,3.6,4.3,7.0,1.7,6.3,63.5,0,0,0,0,0,0
38.0,36.4,39.6,34.4,35.0,33.8,36.2,34.6,37.8,18.9,15.4,22.4,0.368,4.45,0.123,4.03,4.01,5.06,0.1,3.01,2.1,0.0369,0.637,0.322,32.1,24.0,66,21,300,1.9,9.2,4.5,3.7,4.2,4.0,3.8,4.6,3.6,3.8,4.1,7.8,2.4,5.4,63.0,0,0,0,0,0,0
34.8,33.2,36.4,36.7,38.6,34.8,37.5,36.2,38.8,18.9,16.0,21.8,0.348,4.57,0.121,4.14,4.07,5.1,0.0968,3.03,2.12,0.0368,0.638,0.327,31.9,24.0,69,23,300,2.6,9.3,3.8,4.6,3.6,4.3,3.7,4.3,3.8,4.4,3.7,8.5,2.4,4.7,63.7,0,0,0,0,0,0
40.5,40.0,41.0,33.3,35.8,30.8,37.7,40.8,34.6,19.2,22.2,16.2,0.357,4.56,0.125,4.13,4.08,5.24,0.101,3.06,2.14,0.038,0.639,0.34,31.7,24.0,68,22,300,3.3,9.1,3.3,3.8,4.1,3.2,4.3,4.0,3.4,5.0,3.8,7.5,1.9,4.9,61.6,0,0,0,0,0,0
35.7,34.4,37.0,34.1,35.0,33.2,39.1,38.0,40.2,19.9,20.8,19.0,0.36,4.78,0.125,4.24,4.21,5.31,0.0996,3.14,2.21,0.037,0.647,0.34,31.4,24.0,64,22,300,3.3,8.4,3.6,3.2,4.6,3.3,4.5,4.3,4.3,4.6,4.2,7.6,2.1,5.5,63.5,0,0,0,0,0,0
40.3,43.6,37.0,34.6,37.6,31.6,39.4,41.6,37.2,20.4,18.6,22.2,0.348,4.87,0.122,4.34,4.31,5.4,0.0967,3.18,2.24,0.0371,0.648,0.349,31.5,24.0,77,22,300,4.0,7.8,4.3,4.4,3.6,4.3,4.0,3.3,5.1,4.0,4.5,7.7,2.0,7.1,66.1,0,0,0,0,0,0
40.3,42.8,37.8,36.8,40.0,33.6,39.3,40.2,38.4,18.7,18.8,18.6,0.347,4.97,0.125,4.38,4.42,5.57,0.101,3.22,2.27,0.0381,0.652,0.354,31.4,24.0,75,22,300,3.6,9.2,4.6,4.3,3.1,4.0,4.1,3.8,3.8,3.9,5.4,8.2,2.3,6.7,67.0,0,0,0,0,0,0
37.8,39.2,36.4,34.8,33.6,36.0,38.9,40.2,37.6,19.0,20.2,17.8,0.38,5.21,0.132,4.65,4.66,5.85,0.108,3.46,2.39,0.038,0.659,0.375,31.3,24.0,66,23,300,2.8,9.5,4.5,4.0,3.8,3.9,4.5,4.7,4.1,4.1,4.5,9.1,2.8,6.4,68.7,0,0,0,0,0,0
36.3,36.0,36.6,34.6,35.2,34.0,36.3,37.4,35.2,19.5,17.6,21.4,0.397,5.46,0.137,4.89,4.94,6.19,0.113,3.66,2.53,0.0382,0.664,0.394,31.2,24.0,68,22,300,2.9,8.5,3.5,4.4,3.9,3.6,3.7,3.7,5.4,4.3,3.8,8.7,3.2,5.8,65.4,0,0,0,0,0,0
38.0,35.8,40.2,26.3,25.0,27.6,38.1,39.4,36.8,19.2,18.4,20.0,0.416,5.67,0.141,5.1,5.16,6.47,0.117,3.83,2.63,0.0372,0.674,0.416,30.9,24.0,66,21,300,2.5,8.4,3.0,3.9,4.3,3.4,3.8,4.0,4.9,3.8,5.1,8.0,2.5,5.2,62.8,0,0,0,0,0,0
38.5,42.0,35.0,42.4,43.2,41.6,40.7,40.2,41.2,19.0,21.2,16.8,0.353,5.31,0.122,4.73,4.56,5.81,0.101,3.36,2.36,0.0379,0.205,0.358,37.6,28.0,97,30,400,44.2,12.0,3.7,3.6,7.1,4.0,5.7,4.8,5.3,4.9,4.2,8.8,3.1,6.8,118.0,0,0,0,0,0,0
46.9,46.2,47.6,42.2,40.8,43.6,42.7,43.2,42.2,20.0,23.0,17.0,0.369,5.34,0.128,4.77,4.63,5.96,0.102,3.4,2.37,0.036,0.208,0.361,37.1,28.0,88,25,400,20.5,13.0,4.4,4.9,7.4,5.3,5.9,6.3,4.8,5.2,5.1,9.3,2.6,6.7,101.0,0,0,0,0,0,0
40.2,39.4,41.0,40.2,39.2,41.2,43.4,45.2,41.6,19.2,22.6,15.8,0.356,5.33,0.128,4.84,4.7,5.98,0.105,3.52,2.43,0.0371,0.208,0.366,35.4,27.0,74,22,400,3.8,11.1,5.7,5.9,6.2,5.7,5.0,6.8,4.6,6.4,4.6,10.5,3.3,7.4,87.0,0,0,0,0,0,0
45.3,42.4,48.2,40.3,39.8,40.8,42.1,40.8,43.4,19.4,20.2,18.6,0.366,5.47,0.129,4.95,4.8,6.09,0.108,3.6,2.43,0.0361,0.21,0.375,34.6,26.0,69,22,400,3.9,11.3,5.5,6.0,5.6,5.7,4.8,6.7,5.4,7.3,4.8,11.5,4.5,8.4,91.4,0,0,0,0,0,0
41.3,41.0,41.6,39.3,37.0,41.6,43.5,46.4,40.6,21.3,21.4,21.2,0.387,5.57,0.135,5.02,4.91,6.2,0.114,3.59,2.5,0.037,0.213,0.371,34.3,26.0,71,24,400,3.7,11.8,4.7,5.3,5.5,5.0,5.8,6.5,6.6,6.3,5.9,11.7,4.3,7.5,90.6,0,0,0,0,0,0
43.6,44.2,43.0,39.0,41.2,36.8,40.8,37.2,44.4,20.0,19.4,20.6,0.399,5.62,0.138,4.95,4.92,6.35,0.116,3.74,2.56,0.0369,0.213,0.383,33.9,26.0,74,24,400,3.8,10.5,4.9,4.5,6.1,4.7,5.7,6.2,6.3,5.4,5.7,11.6,3.7,7.7,86.8,0,0,0,0,0,0
40.8,40.2,41.4,37.2,37.6,36.8,44.7,45.6,43.8,18.6,18.0,19.2,0.401,5.69,0.143,5.2,4.9,6.48,0.117,3.76,2.59,0.0379,0.217,0.389,33.6,25.0,74,24,400,4.3,9.6,5.4,3.7,6.9,5.5,5.5,5.5,6.2,5.8,4.5,11.2,3.8,7.4,85.3,0,0,0,0,0,0
44.0,44.0,44.0,38.1,41.2,35.0,44.3,43.2,45.4,20.6,16.8,24.4,0.418,5.7,0.148,5.22,5.06,6.65,0.125,3.8,2.62,0.038,0.218,0.396,33.5,25.0,72,24,400,3.8,9.5,4.6,4.4,6.3,5.3,6.9,5.8,5.8,5.7,4.8,11.0,4.0,6.8,84.7,0,0,0,0,0,0
41.3,39.4,43.2,39.7,39.8,39.6,45.0,47.8,42.2,19.4,21.4,17.4,0.439,5.89,0.15,5.26,5.15,6.57,0.127,3.87,2.74,0.036,0.222,0.395,33.4,25.0,74,25,400,3.8,9.6,5.3,4.7,5.0,4.9,7.1,5.6,4.2,4.5,6.2,10.7,3.9,7.7,83.2,0,0,0,0,0,0
43.8,42.0,45.6,37.8,35.2,40.4,41.6,41.0,42.2,19.1,19.2,19.0,0.454,5.87,0.155,5.41,5.2,6.69,0.137,3.88,2.71,0.0378,0.221,0.409,33.2,25.0,73,24,400,3.3,9.8,6.4,5.5,5.2,6.2,6.4,4.9,4.8,5.2,6.3,12.3,4.1,7.4,87.8,0,0,0,0,0,0
41.8,42.0,41.6,37.8,39.0,36.6,43.0,45.0,41.0,20.4,19.0,21.8,0.486,5.91,0.16,5.45,5.21,6.79,0.139,4.06,2.82,0.036,0.225,0.41,32.9,25.0,69,24,400,3.7,9.7,6.2,5.7,6.9,6.6,5.6,4.8,5.4,7.3,4.9,12.4,4.9,7.3,91.4,0,0,0,0,0,0
45.8,46.6,45.0,40.0,38.6,41.4,41.6,39.4,43.8,19.7,16.4,23.0,0.489,6.0,0.163,5.47,5.3,6.93,0.141,4.06,2.82,0.0359,0.229,0.421,32.8,25.0,70,24,400,4.0,10.2,4.7,5.1,7.8,5.7,5.7,5.6,5.2,6.3,5.4,11.9,4.4,6.8,88.8,0,0,0,0,0,0
44.4,43.4,45.4,38.9,38.0,39.8,47.8,48.0,47.6,18.9,21.2,16.6,0.495,6.07,0.163,5.59,5.36,7.02,0.141,4.05,2.88,0.0359,0.234,0.426,32.8,25.0,77,24,400,3.6,12.8,4.3,4.7,5.8,6.4,5.5,5.4,5.0,5.0,5.8,11.3,3.5,7.5,86.6,0,0,0,0,0,0
44.1,42.4,45.8,37.0,34.8,39.2,43.6,45.2,42.0,19.3,22.4,16.2,0.513,6.22,0.168,5.73,5.43,7.07,0.145,4.17,2.93,0.0369,0.241,0.43,32.8,25.0,76,25,400,3.0,11.8,5.8,4.2,5.0,5.9,5.6,5.3,5.2,5.7,6.0,12.2,4.0,9.3,89.0,0,0,0,0,0,0
41.7,42.4,41.0,38.1,36.6,39.6,46.2,45.0,47.4,20.7,22.6,18.8,0.533,6.31,0.17,5.8,5.54,7.23,0.149,4.26,3.02,0.0362,0.243,0.44,32.9,25.0,80,27,400,3.4,9.6,6.0,4.8,6.4,4.3,5.6,6.4,6.0,6.3,6.2,12.3,4.5,9.4,91.2,0,0,0,0,0,0
43.6,44.4,42.8,37.8,38.6,37.0,44.9,44.2,45.6,19.6,17.0,22.2,0.556,6.51,0.179,6.01,5.8,7.6,0.158,4.4,3.09,0.0371,0.25,0.467,33.0,25.0,81,27,400,4.2,10.6,6.1,5.2,5.4,3.9,4.9,5.7,5.9,7.1,5.5,10.4,4.6,8.0,87.5,0,0,0,0,0,0
40.5,37.0,44.0,38.6,40.4,36.8,43.0,45.6,40.4,18.9,16.0,21.8,0.592,6.97,0.186,6.4,6.07,7.95,0.166,4.63,3.3,0.0384,0.264,0.494,33.0,25.0,81,25,400,4.2,10.6,5.6,5.3,4.5,4.7,4.8,5.4,5.3,6.8,5.2,10.6,4.1,8.2,85.3,0,0,0,0,0,0
43.6,45.0,42.2,32.2,31.4,33.0,45.5,43.4,47.6,20.6,20.8,20.4,0.618,7.3,0.191,6.74,6.38,8.38,0.171,4.87,3.45,0.0374,0.275,0.514,33.1,25.0,80,24,400,4.0,11.0,4.5,5.8,4.3,5.9,6.1,6.3,4.2,5.7,6.3,9.9,3.4,7.6,85.0,0,0,0,0,0,0
46.9,48.8,45.0,27.4,27.0,27.8,51.5,47.4,55.6,19.3,19.2,19.4,0.145,1.51,0.0684,1.67,1.95,2.52,0.0455,1.34,0.97,0.0363,0.109,0.15,45.5,34.0,98,34,200,37.3,7.0,2.0,1.33,2.67,2.67,4.0,2.33,2.33,2.33,2.67,4.33,1.33,4.0,76.3,0,0,0,0,0,0
32.1,33.4,30.8,31.2,29.6,32.8,29.6,30.0,29.2,18.4,20.8,16.0,0.148,1.41,0.0702,1.7,1.99,2.56,0.045,1.35,0.995,0.0363,0.116,0.158,40.2,29.0,90,27,200,27.4,6.13,3.38,1.38,2.63,2.75,3.13,2.5,2.88,3.38,2.88,5.75,1.5,3.63,69.3,0,0,0,0,0,0
32.0,30.6,33.4,30.0,30.8,29.2,32.1,33.6,30.6,19.7,17.6,21.8,0.147,2.2,0.07,1.84,2.08,2.65,0.0483,1.41,1.03,0.038,0.116,0.163,37.7,26.0,71,21,200,11.5,6.1,3.6,2.5,2.6,2.4,2.5,3.0,3.1,3.7,3.0,5.5,1.4,4.0,54.9,0,0,0,0,0,0
33.5,35.2,31.8,31.1,30.0,32.2,32.9,31.4,34.4,19.6,20.6,18.6,0.173,2.3,0.0742,1.95,2.15,2.74,0.0506,1.49,1.09,0.0373,0.119,0.17,35.1,25.0,68,20,200,1.7,6.1,3.1,3.7,2.5,2.4,2.2,3.1,2.5,2.7,2.6,4.7,1.5,4.0,42.8,0,0,0,0,0,0
35.3,36.0,34.6,30.4,29.2,31.6,32.3,31.0,33.6,19.8,17.6,22.0,0.181,2.4,0.0796,2.05,2.25,2.9,0.0566,1.57,1.15,0.0372,0.125,0.183,33.9,24.0,63,20,200,1.9,5.2,3.7,4.4,2.2,3.1,2.6,3.1,2.7,2.2,2.4,6.8,2.6,3.8,46.7,0,0,0,0,0,0
34.6,35.2,34.0,29.9,29.6,30.2,33.2,34.6,31.8,17.9,20.4,15.4,0.188,2.47,0.0828,2.14,2.33,3.06,0.0567,1.64,1.17,0.0372,0.126,0.193,33.0,24.0,62,21,200,1.8,5.7,2.7,3.9,1.7,2.9,3.1,3.6,2.9,2.6,3.0,7.3,2.3,4.4,47.9,0,0,0,0,0,0
32.5,35.2,29.8,30.1,29.6,30.6,32.3,33.2,31.4,19.9,20.8,19.0,0.205,2.55,0.0839,2.22,2.4,3.12,0.0598,1.72,1.22,0.0373,0.13,0.199,32.0,23.0,58,20,200,1.5,5.9,2.3,2.6,2.3,2.6,2.9,3.5,2.7,3.3,2.6,7.6,2.1,3.7,45.6,0,0,0,0,0,0
32.6,31.0,34.2,31.0,35.2,26.8,32.0,34.6,29.4,18.1,15.6,20.6,0.202,2.62,0.0859,2.26,2.45,3.23,0.0618,1.8,1.26,0.0363,0.131,0.206,31.4,23.0,60,20,200,1.6,5.4,2.8,2.2,2.2,2.9,2.8,3.3,3.7,3.3,1.9,7.7,2.4,3.2,45.4,0,0,0,0,0,0
33.9,36.0,31.8,31.8,31.4,32.2,34.9,35.0,34.8,20.2,18.0,22.4,0.21,2.7,0.0873,2.41,2.59,3.31,0.0635,1.86,1.34,0.0363,0.133,0.219,31.1,23.0,65,21,200,1.6,5.9,2.3,2.4,2.2,3.0,3.3,2.9,4.0,2.5,2.6,5.9,1.9,3.7,44.2,0,0,0,0,0,0
33.0,32.6,33.4,29.2,27.0,31.4,32.5,30.0,35.0,18.2,19.4,17.0,0.23,2.81,0.0907,2.53,2.58,3.42,0.0669,1.95,1.36,0.0382,0.141,0.22,30.7,23.0,65,22,200,1.9,6.3,2.2,3.1,2.9,3.0,4.3,2.3,2.9,1.9,3.1,5.9,2.2,3.5,45.5,0,0,0,0,0,0
32.4,32.8,32.0,31.8,31.6,32.0,32.7,34.8,30.6,21.1,20.8,21.4,0.234,2.89,0.0935,2.63,2.7,3.53,0.0723,1.98,1.42,0.0373,0.139,0.225,30.4,23.0,60,22,200,1.8,5.7,2.5,3.4,3.4,2.4,3.9,2.5,2.1,2.7,2.4,5.6,2.3,3.4,44.1,0,0,0,0,0,0
33.3,33.4,33.2,29.7,27.2,32.2,31.7,29.0,34.4,19.1,20.8,17.4,0.251,2.95,0.0953,2.71,2.8,3.66,0.0727,2.06,1.47,0.0372,0.144,0.232,30.1,22.0,62,21,200,1.4,5.7,2.5,3.0,3.6,1.9,2.7,2.3,2.5,3.1,2.2,5.8,2.4,3.9,43.0,0,0,0,0,0,0
31.7,28.4,35.0,31.1,32.6,29.6,31.2,33.0,29.4,18.7,19.0,18.4,0.245,3.06,0.0941,2.81,2.83,3.74,0.0712,2.13,1.48,0.0365,0.146,0.235,30.0,22.0,65,20,200,1.8,5.9,2.1,2.9,3.1,2.8,2.7,3.0,3.1,3.2,2.7,6.2,2.0,3.7,45.2,0,0,0,0,0,0
33.3,30.2,36.4,31.0,29.0,33.0,30.9,32.8,29.0,18.6,16.6,20.6,0.245,3.06,0.0942,2.84,2.86,3.76,0.0717,2.16,1.52,0.0383,0.147,0.24,29.7,22.0,65,20,200,1.6,4.8,3.1,3.5,3.7,3.8,2.3,4.0,3.0,3.4,2.7,5.5,0.9,2.8,45.1,0,0,0,0,0,0
33.1,34.2,32.0,32.7,32.8,32.6,33.7,31.6,35.8,20.6,19.0,22.2,0.255,3.15,0.0984,2.9,3.02,3.94,0.0759,2.23,1.57,0.0374,0.15,0.243,29.8,22.0,74,20,200,1.4,4.2,3.6,2.6,3.3,3.3,2.7,3.2,2.4,3.2,3.0,5.6,1.4,3.3,43.2,0,0,0,0,0,0
32.6,32.6,32.6,30.9,31.6,30.2,31.3,30.0,32.6,18.2,21.4,15.0,0.265,3.26,0.0989,3.02,3.09,4.0,0.0773,2.32,1.63,0.0374,0.154,0.248,29.8,22.0,76,22,200,1.7,4.8,3.1,2.5,2.1,2.6,3.5,2.8,2.0,3.7,3.5,6.2,2.4,4.1,45.0,0,0,0,0,0,0
31.7,34.0,29.4,33.1,33.6,32.6,33.1,33.0,33.2,19.9,21.8,18.0,0.269,3.38,0.101,3.12,3.2,4.14,0.0784,2.37,1.66,0.0376,0.155,0.264,29.5,22.0,66,21,200,2.3,5.3,2.9,2.7,2.4,2.7,2.5,2.8,2.7,2.7,3.1,5.6,1.7,3.8,43.2,0,0,0,0,0,0
34.0,32.4,35.6,30.0,32.6,27.4,32.4,35.2,29.6,18.8,17.2,20.4,0.287,3.55,0.106,3.26,3.37,4.34,0.0825,2.51,1.76,0.0384,0.162,0.274,29.5,22.0,62,21,200,2.3,5.9,3.1,1.5,2.8,2.3,2.6,2.9,3.5,2.5,2.3,5.2,1.9,3.8,42.6,0,0,0,0,0,0
36.4,35.0,37.8,32.9,36.2,29.6,33.5,34.0,33.0,19.9,21.2,18.6,0.306,3.73,0.111,3.42,3.6,4.56,0.0887,2.62,1.84,0.0385,0.166,0.29,29.4,22.0,67,21,200,2.0,5.6,2.6,2.4,3.1,2.5,3.3,2.5,2.9,3.0,2.4,5.6,2.2,3.7,43.8,0,0,0,0,0,0
40.2,38.2,42.2,32.0,32.6,31.4,45.5,42.6,48.4,20.4,21.4,19.4,0.289,3.72,0.104,3.26,3.4,4.24,0.08,2.46,1.68,0.0376,0.161,0.266,40.3,30.0,99,30,300,45.4,7.71,3.57,4.86,4.0,4.86,4.0,5.29,4.57,3.86,4.29,9.14,2.43,6.0,110.0,0,0,0,0,0,0
37.3,36.8,37.8,35.8,36.2,35.4,35.8,34.4,37.2,18.7,16.2,21.2,0.284,3.77,0.106,3.32,3.5,4.3,0.0796,2.54,1.74,0.0386,0.163,0.268,36.9,28.0,100,27,300,26.6,9.1,3.8,4.8,4.5,4.6,3.8,4.3,4.1,4.2,4.3,9.1,2.3,5.9,91.4,0,0,0,0,0,0
38.3,37.4,39.2,35.7,36.6,34.8,39.4,39.4,39.4,20.6,21.4,19.8,0.282,3.87,0.107,3.44,3.52,4.43,0.0841,2.57,1.81,0.0376,0.163,0.278,34.5,26.0,64,21,300,2.3,8.6,3.5,3.8,4.4,3.8,3.1,3.8,3.6,4.2,4.3,7.9,1.8,5.5,60.6,0,0,0,0,0,0
36.7,35.0,38.4,34.1,36.2,32.0,35.7,35.0,36.4,19.6,20.8,18.4,0.294,3.94,0.106,3.52,3.53,4.48,0.0872,2.58,1.82,0.0384,0.168,0.279,33.4,25.0,65,21,300,2.1,8.1,4.0,4.0,4.6,3.3,3.6,4.8,4.9,5.3,4.5,9.0,2.9,6.0,67.1,0,0,0,0,0,0
41.9,38.0,45.8,36.1,34.4,37.8,39.2,37.4,41.0,19.6,18.0,21.2,0.309,4.02,0.111,3.58,3.64,4.62,0.0875,2.73,1.87,0.0384,0.17,0.278,33.0,25.0,70,24,300,2.7,7.8,4.0,4.1,4.6,2.7,3.7,4.4,5.0,6.5,3.8,9.5,3.7,5.5,68.0,0,0,0,0,0,0
36.3,35.8,36.8,33.5,30.2,36.8,51.2,52.6,49.8,19.1,16.2,22.0,0.295,4.11,0.111,3.65,3.74,4.72,0.0879,2.78,1.92,0.0374,0.621,0.295,33.0,25.0,74,24,300,2.9,8.4,4.7,4.4,4.3,4.0,3.0,3.7,5.1,5.0,4.3,11.0,3.3,5.3,69.4,0,0,0,0,0,0
40.8,42.6,39.0,35.7,36.2,35.2,38.4,36.2,40.6,18.5,21.2,15.8,0.296,4.18,0.111,3.74,3.75,4.79,0.0861,2.82,1.96,0.0375,0.626,0.301,32.2,24.0,69,22,300,3.0,10.0,4.3,5.2,3.9,4.2,3.7,3.9,4.0,3.8,4.0,9.5,2.2,6.4,68.1,0,0,0,0,0,0
35.7,36.6,34.8,33.5,33.6,33.4,36.2,35.8,36.6,19.4,21.2,17.6,0.303,4.29,0.112,3.81,3.84,4.81,0.0865,2.84,1.99,0.0374,0.627,0.299,32.0,24.0,71,22,300,3.2,9.3,4.8,4.8,3.5,3.7,4.6,5.0,3.9,4.0,3.7,8.8,2.5,6.0,67.8,0,0,0,0,0,0
37.8,37.6,38.0,33.4,33.8,33.0,40.4,42.0,38.8,19.1,18.4,19.8,0.313,4.38,0.116,3.9,3.9,4.96,0.0908,2.92,2.06,0.0374,0.629,0.305,32.1,24.0,81,23,300,3.1,7.5,5.7,4.3,3.6,3.4,4.3,4.1,4.5,3.1,4.4,9.1,2.5,5.2,64.8,0,0,0,0,0,0
37.7,39.2,36.2,35.8,36.6,35.0,36.6,39.8,33.4,20.4,19.2,21.6,0.312,4.48,0.115,3.99,4.05,5.09,0.0893,2.99,2.07,0.0374,0.63,0.311,31.9,24.0,79,23,300,3.1,8.5,4.5,4.5,3.4,3.5,5.1,2.7,4.5,2.9,4.3,7.3,1.8,5.6,61.7,0,0,0,0,0,0
37.1,36.8,37.4,35.1,33.8,36.4,38.0,36.4,39.6,18.1,20.4,15.8,0.335,4.5,0.118,4.07,3.97,5.12,0.0927,3.0,2.14,0.0363,0.632,0.319,31.7,24.0,73,23,300,3.0,8.9,4.4,4.3,4.1,4.6,4.6,3.6,5.3,3.5,3.5,7.6,2.2,4.8,64.4,0,0,0,0,0,0
39.7,40.4,39.0,33.8,33.4,34.2,39.5,37.8,41.2,19.9,20.6,19.2,0.333,4.63,0.121,4.18,4.11,5.24,0.0981,3.13,2.19,0.0373,0.635,0.33,31.5,24.0,72,23,300,2.3,8.5,4.4,4.4,5.1,4.4,3.6,3.7,4.5,4.4,3.4,9.0,3.0,5.5,66.2,0,0,0,0,0,0
38.7,37.0,40.4,33.4,34.8,32.0,38.0,38.2,37.8,18.6,20.4,16.8,0.339,4.71,0.123,4.26,4.18,5.33,0.0977,3.16,2.19,0.0371,0.638,0.331,31.4,24.0,70,22,300,3.0,8.5,4.4,3.8,4.9,3.7,3.6,4.4,3.1,5.4,4.4,8.4,3.3,7.3,68.2,0,0,0,0,0,0
37.2,37.8,36.6,35.2,34.6,35.8,38.9,38.4,39.4,19.6,21.2,18.0,0.344,4.8,0.123,4.37,4.23,5.41,0.0982,3.21,2.26,0.0363,0.639,0.336,31.3,24.0,73,22,300,3.8,8.2,5.2,3.6,4.8,3.1,3.4,4.9,3.3,4.6,4.8,8.2,3.0,7.5,68.4,0,0,0,0,0,0
39.7,39.6,39.8,33.8,31.2,36.4,37.9,34.6,41.2,20.9,20.6,21.2,0.342,4.86,0.122,4.46,4.28,5.59,0.0984,3.29,2.28,0.0363,0.645,0.339,31.5,24.0,81,24,300,2.8,8.2,3.9,3.8,4.8,3.8,3.5,4.3,4.7,4.2,4.6,9.1,2.3,6.8,66.8,0,0,0,0,0,0
37.9,39.0,36.8,34.5,34.2,34.8,39.2,37.2,41.2,20.0,22.2,17.8,0.346,4.95,0.122,4.59,4.36,5.66,0.0994,3.38,2.34,0.0372,0.645,0.345,31.5,24.0,79,23,300,1.9,8.7,2.8,4.8,4.3,4.1,3.8,3.6,4.6,4.8,3.5,8.8,2.0,6.6,64.3,0,0,0,0,0,0
37.1,36.0,38.2,33.5,32.6,34.4,38.4,40.4,36.4,18.0,21.0,15.0,0.381,5.17,0.13,4.77,4.56,5.97,0.106,3.53,2.43,0.0371,0.653,0.373,31.4,24.0,74,21,300,2.0,9.2,3.8,4.8,4.2,4.3,3.5,3.8,3.3,4.3,3.6,9.7,2.6,5.8,64.9,0,0,0,0,0,0
36.9,36.0,37.8,34.9,36.4,33.4,36.8,36.4,37.2,19.1,21.2,17.0,0.39,5.45,0.133,5.08,4.79,6.25,0.11,3.71,2.59,0.0361,0.661,0.388,31.3,23.0,72,22,300,2.3,8.9,4.2,3.5,4.6,4.1,4.1,4.1,3.3,3.6,4.1,9.0,2.8,5.2,63.8,0,0,0,0,0,0
39.2,38.6,39.8,26.9,29.2,24.6,41.2,39.8,42.6,20.1,22.4,17.8,0.401,5.66,0.141,5.31,5.03,6.6,0.119,3.92,2.72,0.0379,0.671,0.409,31.2,23.0,68,22,300,2.5,8.5,3.6,4.8,4.2,3.6,5.4,4.2,4.2,3.6,3.5,7.4,1.7,4.7,61.9,0,0,0,0,0,0
42.7,43.6,41.8,38.9,39.0,38.8,40.6,40.8,40.4,19.8,21.0,18.6,0.366,5.27,0.125,4.76,4.57,5.95,0.102,3.4,2.37,0.0371,0.654,0.36,40.1,29.0,100,30,400,42.4,11.8,5.0,4.5,5.6,5.2,5.2,6.3,4.2,4.0,3.9,9.7,2.9,6.3,117.0,0,0,0,0,0,0
42.6,42.6,42.6,36.9,38.6,35.2,40.2,40.0,40.4,19.2,18.8,19.6,0.389,5.25,0.129,4.68,4.66,6.04,0.122,3.4,2.41,0.0362,0.203,0.352,38.1,28.0,82,24,400,19.9,11.3,7.0,5.1,5.2,4.7,5.3,6.0,6.2,5.1,4.7,10.1,2.7,7.6,101.0,0,0,0,0,0,0
44.7,44.2,45.2,41.0,42.0,40.0,43.0,42.8,43.2,19.6,21.2,18.0,0.398,5.36,0.132,4.7,4.82,6.07,0.126,3.49,2.47,0.0362,0.205,0.363,37.2,27.0,75,25,400,3.5,10.5,5.6,4.2,5.6,5.7,4.6,4.4,6.6,6.1,6.4,10.1,3.8,8.2,85.3,0,0,0,0,0,0
41.3,39.0,43.6,39.1,38.6,39.6,41.9,40.2,43.6,18.9,18.6,19.2,0.403,5.41,0.137,4.83,4.88,6.18,0.131,3.56,2.49,0.0371,0.208,0.372,36.0,27.0,73,24,400,4.1,10.4,5.4,5.1,5.9,5.5,5.1,4.5,6.4,5.3,6.9,11.0,4.9,8.1,88.6,0,0,0,0,0,0
42.2,40.0,44.4,42.1,43.6,40.6,38.9,38.2,39.6,21.6,24.8,18.4,0.41,5.51,0.141,4.9,4.94,6.3,0.131,3.63,2.56,0.0371,0.211,0.38,35.2,26.0,68,23,400,3.7,11.5,5.5,5.2,6.1,5.0,5.2,4.2,6.1,4.8,5.0,10.7,4.1,8.0,85.1,0,0,0,0,0,0
42.3,42.2,42.4,41.9,44.0,39.8,43.0,42.6,43.4,18.7,21.2,16.2,0.441,5.58,0.149,4.93,5.0,6.43,0.14,3.7,2.63,0.0363,0.217,0.385,34.7,26.0,72,23,400,3.2,12.5,5.5,5.7,5.9,5.8,5.1,4.2,6.7,5.7,4.8,11.3,3.7,6.9,87.0,0,0,0,0,0,0
41.5,39.2,43.8,39.5,41.8,37.2,39.7,39.2,40.2,20.5,17.0,24.0,0.433,5.67,0.143,4.99,5.12,6.47,0.137,3.82,2.6,0.0373,0.218,0.39,34.4,26.0,76,23,400,3.4,12.6,5.9,6.7,5.2,5.5,4.4,5.3,6.6,5.5,5.1,11.8,4.4,6.1,88.5,0,0,0,0,0,0
42.9,42.4,43.4,41.5,40.4,42.6,42.7,44.6,40.8,18.6,17.6,19.6,0.433,5.64,0.143,5.04,5.08,6.56,0.135,3.74,2.64,0.0382,0.221,0.402,34.1,25.0,76,23,400,3.7,12.7,5.7,6.8,4.5,6.1,3.5,5.4,5.7,5.7,4.7,10.6,3.9,6.0,85.0,0,0,0,0,0,0
45.1,44.2,46.0,42.0,41.0,43.0,43.7,44.2,43.2,21.0,21.6,20.4,0.456,5.69,0.153,5.11,5.26,6.7,0.144,3.84,2.75,0.0383,0.223,0.403,34.0,25.0,73,24,400,4.1,11.6,6.3,6.5,5.2,6.1,4.5,5.4,5.0,6.5,4.1,11.4,3.7,6.6,87.0,0,0,0,0,0,0
43.6,41.2,46.0,38.9,37.8,40.0,43.5,44.6,42.4,19.4,21.6,17.2,0.478,5.78,0.156,5.12,5.36,6.74,0.149,3.95,2.74,0.0373,0.226,0.416,34.0,25.0,82,25,400,4.0,11.8,6.1,5.7,5.9,5.4,4.8,5.7,4.3,5.4,5.1,12.1,4.8,8.1,89.2,0,0,0,0,0,0
43.1,43.8,42.4,41.7,42.6,40.8,43.3,45.2,41.4,20.1,17.4,22.8,0.478,5.87,0.16,5.28,5.35,6.83,0.151,3.93,2.84,0.0371,0.23,0.43,33.9,25.0,81,25,400,3.3,11.6,5.6,5.3,5.8,4.8,5.4,5.4,5.4,4.7,5.8,10.9,4.4,8.5,86.9,0,0,0,0,0,0
42.8,43.4,42.2,41.7,39.8,43.6,42.8,42.2,43.4,18.5,16.6,20.4,0.495,5.92,0.163,5.26,5.43,6.87,0.152,3.96,2.84,0.0372,0.23,0.432,33.9,25.0,77,25,400,2.5,10.6,5.5,4.3,5.1,5.8,6.3,5.8,6.2,5.3,5.0,11.4,3.8,8.4,86.0,0,0,0,0,0,0
43.9,44.2,43.6,41.5,38.6,44.4,42.1,41.4,42.8,21.4,23.6,19.2,0.485,6.04,0.163,5.31,5.49,7.03,0.152,4.04,2.92,0.0372,0.232,0.432,33.9,25.0,84,25,400,2.8,10.9,5.0,6.0,4.7,6.0,5.9,5.9,4.7,6.5,5.0,11.8,3.5,7.9,86.6,0,0,0,0,0,0
44.6,42.8,46.4,40.3,40.4,40.2,43.0,40.2,45.8,19.3,15.8,22.8,0.499,6.07,0.167,5.28,5.68,7.16,0.157,4.13,2.9,0.0383,0.239,0.435,34.0,26.0,86,26,400,3.8,11.5,4.9,7.6,5.5,5.4,4.9,5.1,5.0,6.7,5.1,11.2,3.6,7.9,88.2,0,0,0,0,0,0
43.5,41.0,46.0,42.6,42.2,43.0,41.5,41.6,41.4,19.3,18.2,20.4,0.521,6.19,0.166,5.45,5.83,7.28,0.156,4.16,2.96,0.0373,0.239,0.437,34.0,25.0,78,26,400,4.3,11.2,6.0,6.7,6.0,5.6,4.2,6.5,5.7,5.5,5.4,11.0,3.5,7.6,89.2,0,0,0,0,0,0
42.1,42.2,42.0,38.7,39.6,37.8,43.6,42.2,45.0,18.9,15.2,22.6,0.527,6.45,0.172,5.57,6.07,7.58,0.163,4.33,3.07,0.0364,0.249,0.462,33.9,25.0,79,24,400,3.3,9.7,6.3,7.0,5.7,6.7,4.8,6.5,4.9,5.2,6.4,11.1,3.2,7.2,88.0,0,0,0,0,0,0
42.5,44.4,40.6,39.2,37.8,40.6,41.9,44.2,39.6,19.9,17.0,22.8,0.556,6.78,0.179,5.96,6.37,8.01,0.17,4.61,3.23,0.0371,0.259,0.492,33.7,25.0,71,24,400,2.9,10.7,6.3,6.7,4.5,5.8,5.8,5.6,4.8,5.8,6.1,10.5,3.2,8.2,86.9,0,0,0,0,0,0
42.2,43.2,41.2,31.4,32.0,30.8,42.5,39.6,45.4,19.0,18.4,19.6,0.589,7.02,0.186,6.26,6.68,8.42,0.178,4.83,3.47,0.0371,0.269,0.518,33.7,25.0,75,24,400,3.9,11.5,5.5,5.8,4.0,5.0,5.3,6.1,5.5,6.2,5.8,9.9,3.5,8.0,86.0,0,0,0,0,0,0
46.5,47.0,46.0,28.7,28.8,28.6,52.6,53.6,51.6,19.9,21.6,18.2,0.116,2.04,0.0624,1.82,1.75,2.41,0.0388,1.22,0.932,0.0374,0.108,0.135,40.0,32.0,78,31,200,40.7,7.0,2.67,1.67,2.67,3.0,2.0,3.33,0.667,4.0,2.67,4.67,1.67,4.33,81.0,0,0,0,0,0,0
33.5,36.0,31.0,30.3,32.8,27.8,31.9,29.2,34.6,18.3,21.8,14.8,0.118,2.1,0.063,1.87,1.83,2.51,0.0389,1.3,0.974,0.0374,0.112,0.14,35.7,27.0,73,26,200,27.4,6.63,3.0,2.88,3.5,2.75,2.13,2.88,2.25,3.0,3.25,6.13,1.5,3.75,71.0,0,0,0,0,0,0
30.9,32.2,29.6,29.8,29.2,30.4,32.4,34.6,30.2,20.6,21.4,19.8,0.132,2.19,0.065,1.95,1.87,2.57,0.0419,1.4,1.0,0.0375,0.114,0.151,34.4,26.0,67,20,200,10.7,4.8,2.7,3.7,3.8,2.1,1.9,3.4,2.7,3.0,3.5,6.8,2.0,4.6,55.7,0,0,0,0,0,0
36.7,33.2,40.2,30.3,32.4,28.2,33.0,36.0,30.0,18.2,20.8,15.6,0.14,2.28,0.0703,2.05,1.98,2.7,0.0457,1.46,1.05,0.0373,0.118,0.156,33.3,25.0,75,21,200,2.1,5.0,3.1,3.4,3.6,1.6,2.0,3.1,2.3,2.9,2.7,5.5,2.1,4.8,44.2,0,0,0,0,0,0
30.5,30.0,31.0,31.6,28.8,34.4,30.4,29.4,31.4,18.6,21.0,16.2,0.152,2.37,0.0717,2.13,2.07,2.82,0.0483,1.53,1.1,0.0373,0.122,0.16,32.7,24.0,72,22,200,1.9,6.3,3.4,2.8,3.6,2.2,2.7,1.9,2.8,2.2,3.0,5.2,1.7,3.5,43.2,0,0,0,0,0,0
34.1,34.6,33.6,28.6,29.0,28.2,33.2,33.4,33.0,19.1,21.6,16.6,0.172,2.48,0.076,2.25,2.19,2.92,0.0528,1.61,1.15,0.0374,0.123,0.178,31.7,24.0,67,20,200,1.9,6.1,3.2,2.7,2.9,2.2,2.5,2.4,3.1,2.3,3.2,5.4,1.8,2.9,42.6,0,0,0,0,0,0
30.3,32.6,28.0,30.0,29.8,30.2,32.7,30.2,35.2,20.6,19.6,21.6,0.173,2.59,0.0766,2.35,2.26,3.01,0.0523,1.67,1.18,0.0376,0.127,0.179,31.2,24.0,67,20,200,2.4,6.7,3.1,3.5,2.3,2.4,2.7,3.2,3.0,3.1,2.4,5.5,2.1,3.2,45.6,0,0,0,0,0,0
34.0,35.2,32.8,28.7,26.0,31.4,32.7,33.2,32.2,18.6,15.4,21.8,0.175,2.64,0.0787,2.39,2.37,3.09,0.0528,1.74,1.25,0.0377,0.131,0.191,30.6,23.0,61,22,200,2.8,5.0,2.6,3.3,2.1,2.9,2.2,3.2,3.4,3.0,2.5,5.5,1.6,4.0,44.1,0,0,0,0,0,0
34.2,34.0,34.4,31.9,29.4,34.4,32.0,28.8,35.2,20.6,21.2,20.0,0.182,2.77,0.0803,2.48,2.44,3.25,0.0561,1.78,1.28,0.0378,0.133,0.198,30.4,23.0,62,21,200,3.0,4.5,2.6,2.4,2.4,3.0,2.2,3.5,3.1,2.6,2.6,5.5,1.2,3.4,42.0,0,0,0,0,0,0
34.2,34.6,33.8,30.5,30.2,30.8,33.7,29.8,37.6,18.2,16.2,20.2,0.201,2.85,0.0844,2.55,2.58,3.36,0.0597,1.85,1.32,0.0378,0.137,0.201,30.3,23.0,67,22,200,3.0,5.2,3.6,2.4,2.3,3.7,2.7,3.5,2.5,3.0,2.1,6.5,1.9,3.9,46.3,0,0,0,0,0,0
32.4,33.6,31.2,29.6,26.8,32.4,31.0,31.4,30.6,19.1,15.8,22.4,0.207,2.95,0.087,2.62,2.65,3.45,0.0617,1.95,1.37,0.0387,0.139,0.214,30.0,23.0,68,21,200,2.2,5.1,3.2,2.8,2.0,3.7,2.8,3.3,3.3,3.1,2.2,6.5,2.0,4.1,46.3,0,0,0,0,0,0
33.2,29.6,36.8,29.5,33.8,25.2,32.3,32.4,32.2,18.2,18.6,17.8,0.221,3.03,0.0882,2.7,2.72,3.52,0.0654,1.99,1.42,0.0377,0.142,0.217,29.8,23.0,60,21,200,1.5,6.1,2.1,3.1,2.6,3.6,3.4,2.8,3.3,2.7,2.2,6.3,2.0,2.7,44.4,0,0,0,0,0,0
33.0,33.0,33.0,29.9,27.6,32.2,34.5,35.2,33.8,19.7,16.6,22.8,0.229,3.12,0.0903,2.81,2.82,3.67,0.0696,2.08,1.47,0.0379,0.145,0.231,29.4,22.0,57,20,200,1.9,5.9,2.5,2.5,2.4,3.5,2.8,2.4,3.2,2.4,1.8,5.8,1.8,3.2,42.1,0,0,0,0,0,0
33.4,31.2,35.6,29.6,26.0,33.2,32.6,34.6,30.6,18.5,16.4,20.6,0.239,3.19,0.0932,2.84,2.92,3.74,0.0705,2.13,1.49,0.0369,0.146,0.239,29.3,22.0,58,20,200,2.3,5.2,2.3,2.2,2.7,2.8,2.2,3.0,3.2,2.5,2.4,6.2,2.1,3.8,42.9,0,0,0,0,0,0
30.5,29.2,31.8,30.8,34.2,27.4,34.1,36.8,31.4,19.3,19.2,19.4,0.238,3.28,0.0937,2.95,2.97,3.84,0.0711,2.22,1.54,0.0388,0.149,0.238,29.1,22.0,63,20,200,2.3,5.6,2.4,3.3,2.7,2.2,2.1,3.2,2.9,2.5,3.1,6.8,2.2,3.4,44.7,0,0,0,0,0,0
35.1,33.6,36.6,29.3,29.8,28.8,33.1,35.6,30.6,18.1,15.0,21.2,0.256,3.32,0.0984,2.99,3.07,3.94,0.0733,2.25,1.57,0.0371,0.153,0.249,29.1,22.0,64,21,200,1.8,5.8,2.7,3.6,2.5,2.1,2.4,2.7,3.2,2.1,3.2,6.3,1.7,2.9,43.0,0,0,0,0,0,0
31.4,32.4,30.4,28.4,31.6,25.2,32.0,34.4,29.6,19.3,22.4,16.2,0.273,3.46,0.101,3.09,3.16,4.04,0.0776,2.32,1.64,0.0383,0.154,0.253,29.0,22.0,66,22,200,2.1,4.9,2.6,2.8,3.5,2.1,2.5,3.1,3.1,2.8,2.5,5.8,2.4,3.4,43.6,0,0,0,0,0,0
31.9,29.0,34.8,30.6,28.8,32.4,34.2,35.6,32.8,18.2,18.6,17.8,0.29,3.62,0.105,3.27,3.33,4.28,0.0817,2.45,1.72,0.0389,0.16,0.267,28.9,22.0,61,19,200,2.9,4.0,2.2,2.3,3.3,2.9,2.7,3.6,3.2,3.2,2.8,4.6,2.5,4.6,44.8,0,0,0,0,0,0
32.9,32.8,33.0,30.5,33.4,27.6,32.5,29.8,35.2,19.0,14.6,23.4,0.304,3.81,0.108,3.44,3.53,4.47,0.0841,2.57,1.8,0.038,0.165,0.283,28.8,22.0,59,22,200,2.5,4.9,1.9,1.9,2.5,3.6,3.0,3.2,2.8,2.7,3.0,4.7,1.6,4.6,42.9,0,0,0,0,0,0
40.2,41.2,39.2,33.6,33.8,33.4,45.4,46.4,44.4,18.3,18.6,18.0,0.287,3.73,0.101,3.29,3.34,4.25,0.0775,2.44,1.68,0.0378,0.158,0.262,42.8,33.0,100,32,300,46.4,7.86,5.14,4.14,5.0,4.57,4.86,3.14,4.71,2.86,5.29,7.86,2.57,4.86,109.0,0,0,0,0,0,0
36.6,39.4,33.8,33.2,35.6,30.8,36.6,36.6,36.6,19.6,20.4,18.8,0.287,3.8,0.104,3.33,3.34,4.24,0.081,2.47,1.74,0.0377,0.162,0.264,38.7,29.0,110,29,300,26.0,8.3,5.1,4.3,5.0,4.9,4.1,4.4,4.9,3.0,4.9,9.0,2.6,4.6,91.1,0,0,0,0,0,0
37.3,38.0,36.6,34.1,32.2,36.0,37.6,37.6,37.6,18.4,20.6,16.2,0.291,3.88,0.106,3.41,3.41,4.37,0.0817,2.51,1.75,0.0368,0.162,0.273,36.6,27.0,65,22,300,2.0,8.6,4.1,3.5,4.8,3.9,3.2,5.2,3.2,4.0,2.8,7.5,2.4,5.2,60.4,0,0,0,0,0,0
34.1,35.4,32.8,34.3,36.4,32.2,35.1,36.2,34.0,20.0,19.0,21.0,0.301,3.96,0.107,3.55,3.39,4.42,0.0824,2.55,1.77,0.0376,0.166,0.276,34.9,26.0,66,20,300,2.1,9.1,3.7,3.8,4.3,2.7,3.5,4.9,3.6,5.2,2.7,6.9,2.2,6.2,60.9,0,0,0,0,0,0
37.0,36.2,37.8,35.4,31.8,39.0,46.1,41.4,50.8,18.8,17.4,20.2,0.31,3.97,0.109,3.62,3.55,4.54,0.0855,2.66,1.83,0.0374,0.309,0.281,34.1,25.0,71,19,300,2.0,9.0,3.7,4.5,3.6,2.9,3.2,4.5,4.9,4.7,4.7,8.3,2.6,5.5,64.1,0,0,0,0,0,0
37.9,38.4,37.4,34.6,32.8,36.4,41.5,40.8,42.2,19.8,21.4,18.2,0.317,4.06,0.114,3.76,3.52,4.59,0.09,2.71,1.9,0.0386,0.587,0.286,33.7,25.0,73,22,300,2.9,7.5,4.5,4.7,4.2,3.7,3.4,4.1,4.4,4.2,4.5,8.3,2.8,6.0,65.2,0,0,0,0,0,0
40.1,41.8,38.4,34.1,31.4,36.8,38.2,40.2,36.2,19.6,16.4,22.8,0.329,4.12,0.118,3.83,3.65,4.76,0.0944,2.76,1.93,0.0376,0.59,0.293,33.3,24.0,74,23,300,3.8,5.7,4.1,3.9,4.7,3.3,4.3,3.5,4.2,4.2,4.4,8.6,3.6,6.8,65.1,0,0,0,0,0,0
37.4,37.4,37.4,34.2,33.6,34.8,38.3,36.4,40.2,18.9,18.2,19.6,0.337,4.24,0.119,3.91,3.66,4.8,0.0956,2.86,1.98,0.0384,0.593,0.3,32.7,24.0,72,22,300,2.7,6.4,3.8,3.9,4.8,3.8,3.9,3.8,5.2,4.3,5.0,10.2,4.2,6.6,68.6,0,0,0,0,0,0
36.9,36.4,37.4,33.5,33.6,33.4,40.6,38.8,42.4,18.8,19.8,17.8,0.341,4.32,0.122,4.01,3.76,4.91,0.0947,2.82,1.98,0.0384,0.595,0.301,32.3,24.0,68,22,300,3.4,8.1,4.0,3.4,4.9,3.6,3.6,4.7,5.7,3.8,4.0,9.2,3.3,6.4,68.1,0,0,0,0,0,0
37.5,38.0,37.0,33.6,34.2,33.0,35.1,37.6,32.6,19.0,16.8,21.2,0.353,4.39,0.123,4.08,3.8,5.02,0.0995,2.93,2.03,0.0375,0.597,0.303,32.0,23.0,67,21,300,3.8,7.7,4.2,3.4,5.1,3.6,4.0,4.5,4.8,4.3,3.9,8.2,2.8,5.8,66.1,0,0,0,0,0,0
36.5,35.8,37.2,35.2,32.6,37.8,38.3,42.0,34.6,19.3,17.0,21.6,0.37,4.45,0.126,4.15,3.88,5.02,0.103,2.97,2.04,0.0376,0.601,0.313,31.7,23.0,67,21,300,2.5,6.0,4.6,3.7,4.4,4.3,4.2,4.1,4.3,4.5,3.6,8.0,3.3,5.9,63.4,0,0,0,0,0,0
38.2,39.4,37.0,35.0,32.0,38.0,38.3,37.2,39.4,19.5,21.8,17.2,0.367,4.56,0.129,4.24,3.95,5.09,0.103,3.01,2.14,0.0383,0.602,0.316,31.4,23.0,67,21,300,2.7,8.1,4.2,3.5,4.1,3.8,3.8,3.7,4.1,4.8,3.1,7.2,3.0,6.4,62.5,0,0,0,0,0,0
38.6,39.4,37.8,35.9,35.6,36.2,40.0,40.4,39.6,18.7,21.4,16.0,0.371,4.64,0.132,4.31,3.99,5.29,0.107,3.1,2.17,0.038,0.604,0.325,31.6,23.0,72,23,300,3.3,9.3,4.0,4.7,4.4,3.7,4.3,3.7,4.4,4.2,4.2,8.6,3.2,5.6,67.6,0,0,0,0,0,0
36.9,41.0,32.8,35.2,33.2,37.2,38.1,40.6,35.6,19.9,18.6,21.2,0.384,4.73,0.133,4.41,4.03,5.33,0.109,3.16,2.21,0.0374,0.609,0.33,31.5,23.0,80,22,300,3.6,7.2,4.4,4.6,5.2,4.2,4.6,4.6,4.7,3.4,4.3,9.3,3.6,4.8,68.5,0,0,0,0,0,0
40.8,37.8,43.8,36.5,36.2,36.8,37.2,35.2,39.2,19.0,21.6,16.4,0.387,4.81,0.136,4.47,4.06,5.48,0.112,3.21,2.24,0.0374,0.61,0.338,31.4,23.0,67,22,300,3.6,7.6,4.0,3.5,5.1,4.3,3.9,3.8,3.9,4.2,4.0,8.1,2.6,5.0,63.6,0,0,0,0,0,0
36.6,35.6,37.6,34.5,34.0,35.0,39.1,36.6,41.6,18.8,20.8,16.8,0.397,4.88,0.142,4.57,4.25,5.58,0.116,3.27,2.31,0.0365,0.613,0.342,31.4,23.0,71,23,300,3.2,7.5,3.6,4.2,4.5,4.4,3.3,3.6,3.6,3.9,5.1,8.6,2.9,6.5,64.9,0,0,0,0,0,0
37.0,35.4,38.6,32.5,31.2,33.8,35.4,35.2,35.6,19.4,17.4,21.4,0.413,5.13,0.145,4.75,4.43,5.89,0.119,3.43,2.39,0.0374,0.619,0.359,31.2,23.0,69,22,300,2.9,7.6,4.3,4.3,3.7,4.5,3.8,3.6,3.4,4.5,4.1,7.8,3.1,6.9,64.5,0,0,0,0,0,0
37.8,37.2,38.4,35.4,33.6,37.2,38.9,41.2,36.6,21.1,23.6,18.6,0.44,5.38,0.152,4.98,4.7,6.17,0.128,3.62,2.53,0.0384,0.628,0.387,31.0,23.0,67,21,300,2.5,8.3,4.4,3.5,2.8,4.8,4.0,3.9,3.6,4.8,3.3,6.6,2.7,5.9,61.1,0,0,0,0,0,0
39.6,40.8,38.4,25.0,23.6,26.4,40.2,39.6,40.8,19.0,18.6,19.4,0.476,5.66,0.159,5.29,4.88,6.5,0.135,3.82,2.67,0.0373,0.636,0.401,31.0,23.0,72,22,300,2.7,8.4,4.0,3.7,4.0,4.3,4.5,3.9,3.3,3.9,4.4,7.9,2.8,6.3,64.1,0,0,0,0,0,0
39.9,39.6,40.2,40.1,40.8,39.4,40.8,42.0,39.6,19.7,17.2,22.2,0.422,5.27,0.145,4.79,4.4,5.88,0.118,3.4,2.39,0.0374,0.478,0.354,36.7,28.0,90,30,400,42.2,9.0,5.6,5.0,4.5,5.7,4.8,6.1,5.3,6.3,4.4,10.8,2.9,6.4,119.0,0,0,0,0,0,0
42.1,43.0,41.2,36.3,36.0,36.6,42.1,40.4,43.8,19.0,18.8,19.2,0.423,5.35,0.143,4.83,4.51,5.98,0.117,3.46,2.41,0.0363,0.201,0.358,35.1,27.0,76,24,400,18.4,10.4,5.7,5.5,5.5,5.3,5.6,7.4,6.2,6.1,5.3,11.8,4.2,7.1,105.0,0,0,0,0,0,0
43.2,45.8,40.6,40.0,39.2,40.8,42.2,43.6,40.8,21.1,22.4,19.8,0.425,5.39,0.147,4.99,4.52,5.93,0.121,3.5,2.44,0.0364,0.206,0.363,33.9,26.0,70,22,400,2.6,11.6,4.6,6.5,5.8,5.8,5.5,5.7,4.8,5.2,6.3,10.6,3.0,6.6,84.6,0,0,0,0,0,0
42.1,41.4,42.8,37.8,39.2,36.4,46.2,48.4,44.0,18.5,16.8,20.2,0.437,5.45,0.149,5.04,4.65,6.21,0.124,3.54,2.46,0.0363,0.206,0.367,33.9,26.0,76,23,400,3.5,11.4,5.6,6.0,5.2,6.5,5.6,5.0,4.6,4.7,5.5,11.5,4.2,8.0,87.3,0,0,0,0,0,0
41.6,43.2,40.0,40.3,40.0,40.6,41.1,44.0,38.2,21.4,21.6,21.2,0.458,5.45,0.152,5.08,4.58,6.26,0.129,3.68,2.52,0.0363,0.211,0.376,33.5,26.0,78,24,400,3.5,11.4,5.5,5.0,4.6,5.5,5.8,5.0,4.8,5.0,4.7,12.4,5.6,10.0,88.8,0,0,0,0,0,0
41.7,40.2,43.2,36.8,38.8,34.8,42.1,42.0,42.2,19.6,17.0,22.2,0.456,5.64,0.154,5.15,4.75,6.36,0.13,3.68,2.59,0.038,0.213,0.382,33.3,26.0,77,24,400,3.0,10.4,5.0,5.4,6.2,4.7,6.2,5.8,4.9,6.5,4.7,12.6,5.1,8.5,89.0,0,0,0,0,0,0
41.8,45.0,38.6,39.7,36.8,42.6,44.5,46.0,43.0,19.8,21.8,17.8,0.448,5.74,0.155,5.16,4.84,6.59,0.129,3.73,2.64,0.0369,0.215,0.387,33.1,25.0,77,23,400,2.5,9.7,5.4,6.0,6.1,4.7,4.8,6.4,5.4,6.0,5.9,11.0,3.8,8.4,86.1,0,0,0,0,0,0
42.2,42.6,41.8,38.0,39.4,36.6,43.9,42.4,45.4,18.3,13.6,23.0,0.465,5.76,0.156,5.39,4.81,6.63,0.132,3.8,2.64,0.037,0.217,0.398,32.7,25.0,74,22,400,2.8,11.2,5.5,5.7,5.4,5.5,4.9,5.6,5.6,5.7,6.6,10.7,3.4,8.3,86.9,0,0,0,0,0,0
43.1,43.8,42.4,38.9,41.4,36.4,43.3,45.2,41.4,20.2,18.2,22.2,0.465,5.81,0.157,5.46,4.94,6.66,0.133,3.83,2.71,0.036,0.222,0.408,32.8,25.0,71,24,400,4.2,11.5,6.2,5.7,5.1,6.2,6.3,5.0,5.8,5.7,5.7,12.9,4.2,5.6,90.1,0,0,0,0,0,0
43.8,44.6,43.0,38.1,37.8,38.4,44.1,43.2,45.0,19.3,17.4,21.2,0.486,5.87,0.16,5.43,5.06,6.83,0.137,3.91,2.76,0.0368,0.221,0.418,32.7,25.0,76,24,400,4.6,12.0,7.1,5.3,5.6,5.0,7.0,5.1,6.4,5.2,5.1,13.1,4.4,5.2,91.1,0,0,0,0,0,0
40.5,41.0,40.0,38.6,38.0,39.2,40.8,41.4,40.2,19.7,24.2,15.2,0.493,5.92,0.164,5.56,5.16,6.87,0.136,4.05,2.83,0.0376,0.228,0.41,32.5,25.0,75,23,400,3.6,12.7,6.7,4.8,6.9,5.3,6.0,6.0,6.6,4.8,4.9,12.1,4.4,5.8,90.6,0,0,0,0,0,0
44.0,42.8,45.2,39.3,40.0,38.6,42.2,42.0,42.4,18.8,15.2,22.4,0.501,6.07,0.162,5.61,5.09,6.94,0.138,4.06,2.88,0.0376,0.232,0.429,32.5,25.0,78,23,400,3.2,11.4,6.4,4.2,6.0,6.6,5.4,5.4,5.6,5.0,5.8,10.3,3.5,6.9,85.7,0,0,0,0,0,0
43.2,41.8,44.6,41.6,41.0,42.2,44.6,42.6,46.6,19.5,17.6,21.4,0.506,6.15,0.168,5.73,5.21,7.11,0.145,4.13,2.88,0.0376,0.233,0.432,32.5,25.0,80,24,400,3.4,11.4,6.2,4.0,4.6,6.2,6.3,5.1,5.6,5.6,6.3,8.9,3.0,8.0,84.6,0,0,0,0,0,0
47.9,48.0,47.8,40.3,42.6,38.0,43.0,42.4,43.6,19.8,17.6,22.0,0.529,6.19,0.171,5.85,5.27,7.26,0.144,4.21,2.98,0.0366,0.237,0.438,32.5,25.0,78,24,400,3.8,12.4,6.4,4.1,6.3,5.8,6.0,6.0,4.8,5.4,5.6,11.6,3.9,7.9,90.0,0,0,0,0,0,0
44.2,44.4,44.0,38.8,38.6,39.0,45.0,42.2,47.8,19.5,20.2,18.8,0.533,6.22,0.173,5.91,5.39,7.34,0.149,4.3,3.02,0.0358,0.241,0.451,32.5,25.0,76,24,400,3.8,12.6,5.4,4.8,6.3,5.7,5.0,6.9,4.1,6.9,5.5,13.3,5.0,8.1,93.4,0,0,0,0,0,0
41.5,40.8,42.2,37.3,35.2,39.4,41.7,43.2,40.2,19.8,18.8,20.8,0.557,6.55,0.179,6.16,5.67,7.69,0.154,4.46,3.16,0.0375,0.245,0.483,32.5,25.0,73,25,400,3.3,12.9,4.6,5.2,4.0,5.6,5.3,6.2,4.3,7.6,4.8,12.1,4.6,7.6,88.1,0,0,0,0,0,0
43.6,41.6,45.6,37.8,36.8,38.8,43.4,43.4,43.4,19.4,17.4,21.4,0.578,6.88,0.189,6.47,5.9,8.08,0.165,4.69,3.33,0.0366,0.258,0.505,32.5,25.0,75,25,400,2.9,13.2,5.7,4.3,5.1,5.7,4.9,5.2,4.8,5.6,4.3,11.7,3.5,5.8,82.7,0,0,0,0,0,0
43.0,43.6,42.4,30.2,28.4,32.0,42.4,40.6,44.2,18.5,17.2,19.8,0.607,7.22,0.191,6.78,6.24,8.52,0.169,4.92,3.48,0.0366,0.268,0.526,32.6,25.0,76,24,400,3.8,12.8,6.3,5.3,5.1,5.4,3.8,5.4,6.4,4.5,4.5,11.4,3.4,6.4,84.5,0,0,0,0,0,0
45.2,44.6,45.8,27.8,26.2,29.4,52.4,50.0,54.8,20.6,22.8,18.4,0.131,2.14,0.0645,1.88,1.69,2.39,0.0389,1.28,0.921,0.0363,0.113,0.141,42.2,34.0,94,35,200,45.0,10.7,3.0,4.0,4.0,4.33,1.0,3.67,1.67,2.33,2.0,5.67,2.33,6.0,95.7,0,0,0,0,0,0
33.1,35.6,30.6,29.5,27.6,31.4,32.2,29.4,35.0,19.2,21.2,17.2,0.136,2.2,0.0677,1.93,1.83,2.52,0.0412,1.33,0.975,0.0364,0.114,0.151,37.1,28.0,89,28,200,26.4,8.0,2.5,3.5,4.25,2.63,2.0,3.0,2.13,2.13,2.88,5.75,1.75,6.0,72.9,0,0,0,0,0,0
31.1,29.6,32.6,30.6,28.4,32.8,33.2,33.8,32.6,18.7,21.6,15.8,0.156,2.27,0.0696,2.03,1.89,2.61,0.0426,1.4,1.02,0.0363,0.118,0.158,34.9,27.0,58,20,200,8.1,6.1,2.5,2.3,3.7,2.2,2.3,2.5,2.8,3.0,3.2,5.5,1.4,5.9,51.5,0,0,0,0,0,0
34.2,34.0,34.4,28.5,24.8,32.2,31.5,34.2,28.8,19.4,19.4,19.4,0.159,2.33,0.0738,2.12,1.98,2.72,0.0474,1.48,1.05,0.0364,0.122,0.176,33.6,25.0,67,22,200,0.9,7.4,2.6,2.4,2.3,2.7,1.8,2.7,2.3,3.7,2.8,5.9,2.1,4.6,44.2,0,0,0,0,0,0
31.6,34.0,29.2,31.8,32.0,31.6,31.3,32.2,30.4,18.6,21.2,16.0,0.163,2.41,0.0731,2.14,2.08,2.79,0.0484,1.54,1.11,0.0364,0.126,0.181,32.7,25.0,69,22,200,0.9,8.3,2.7,3.1,1.7,2.6,1.7,2.4,2.6,3.4,3.1,6.5,2.7,3.8,45.5,0,0,0,0,0,0
34.0,36.8,31.2,29.1,27.2,31.0,32.2,33.4,31.0,19.3,18.6,20.0,0.172,2.48,0.0766,2.22,2.15,2.89,0.0513,1.6,1.15,0.0382,0.127,0.183,32.0,24.0,67,23,200,1.2,7.1,2.7,2.7,2.3,2.4,2.1,2.0,3.1,2.9,3.5,6.0,2.0,4.0,44.0,0,0,0,0,0,0
32.3,31.2,33.4,31.5,30.8,32.2,33.7,32.0,35.4,19.9,15.8,24.0,0.184,2.56,0.0777,2.3,2.24,2.96,0.0552,1.65,1.18,0.0362,0.128,0.191,31.7,24.0,64,23,200,1.6,6.2,2.4,2.5,2.7,2.5,1.8,2.1,2.6,2.4,3.7,5.4,1.5,4.3,41.7,0,0,0,0,0,0
36.2,38.4,34.0,31.2,28.4,34.0,33.4,32.0,34.8,18.6,20.0,17.2,0.192,2.67,0.0824,2.38,2.34,3.13,0.0559,1.74,1.24,0.0363,0.131,0.2,31.3,24.0,67,23,200,1.3,5.6,2.9,2.1,2.4,3.2,2.0,2.7,2.4,2.5,3.7,6.2,2.1,4.1,43.2,0,0,0,0,0,0
30.5,31.4,29.6,28.2,27.6,28.8,33.1,29.2,37.0,19.9,20.0,19.8,0.212,2.8,0.0866,2.51,2.44,3.25,0.0605,1.83,1.28,0.038,0.136,0.207,30.8,24.0,69,21,200,1.5,5.0,3.6,2.2,3.0,3.4,3.0,2.6,1.9,2.7,3.6,7.0,2.1,4.1,45.7,0,0,0,0,0,0
34.2,36.4,32.0,28.7,31.0,26.4,31.3,32.2,30.4,18.9,15.4,22.4,0.209,2.85,0.0859,2.56,2.45,3.34,0.0589,1.84,1.31,0.0363,0.139,0.215,30.6,24.0,65,22,200,2.1,5.1,3.4,2.5,3.1,3.2,3.0,2.7,2.4,2.8,3.8,6.7,1.9,3.9,46.6,0,0,0,0,0,0
29.6,32.2,27.0,29.5,31.0,28.0,30.3,31.2,29.4,17.9,21.4,14.4,0.201,2.9,0.0865,2.64,2.52,3.43,0.0586,1.89,1.36,0.036,0.138,0.216,30.2,23.0,62,21,200,1.6,6.7,2.9,2.6,2.5,2.5,3.0,2.2,2.9,2.8,3.2,5.1,1.4,3.5,42.9,0,0,0,0,0,0
35.4,32.8,38.0,31.1,27.4,34.8,33.9,32.0,35.8,20.6,19.2,22.0,0.209,2.94,0.0869,2.7,2.64,3.48,0.0606,1.98,1.4,0.037,0.141,0.229,30.1,23.0,64,21,200,1.4,7.5,2.3,2.9,2.9,2.4,2.6,2.1,2.9,2.3,2.7,4.2,0.8,3.1,40.1,0,0,0,0,0,0
30.9,28.4,33.4,31.6,31.8,31.4,32.4,29.6,35.2,19.0,18.4,19.6,0.221,3.07,0.0899,2.83,2.7,3.57,0.0631,2.03,1.47,0.0359,0.143,0.233,29.9,23.0,69,20,200,2.2,6.7,1.8,2.1,2.9,2.4,2.7,3.2,3.1,1.9,3.6,5.7,1.3,3.1,42.7,0,0,0,0,0,0
34.6,34.6,34.6,29.6,29.4,29.8,32.4,29.0,35.8,19.0,16.6,21.4,0.232,3.12,0.093,2.91,2.8,3.69,0.0683,2.12,1.47,0.0359,0.146,0.241,29.9,23.0,78,19,200,2.0,6.0,3.2,1.6,2.6,1.6,3.0,3.5,2.6,2.7,3.9,5.5,1.9,3.5,43.6,0,0,0,0,0,0
31.6,29.2,34.0,30.4,29.4,31.4,34.0,32.4,35.6,18.7,15.4,22.0,0.24,3.2,0.0943,3.0,2.83,3.83,0.0683,2.16,1.55,0.0369,0.15,0.245,29.9,23.0,77,20,200,1.8,6.3,4.9,1.8,2.0,2.2,2.7,3.3,2.4,2.9,2.7,4.6,2.1,3.1,42.8,0,0,0,0,0,0
33.8,34.6,33.0,28.6,31.0,26.2,31.7,32.8,30.6,18.9,21.6,16.2,0.247,3.25,0.0959,3.11,2.94,3.9,0.0694,2.23,1.58,0.0359,0.15,0.251,29.7,22.0,66,21,200,1.9,5.8,4.3,2.4,2.1,3.0,2.6,2.6,2.1,2.5,2.3,4.9,1.5,4.5,42.5,0,0,0,0,0,0
31.8,34.6,29.0,29.4,29.4,29.4,32.7,35.4,30.0,19.3,17.6,21.0,0.254,3.33,0.0987,3.19,3.01,4.0,0.073,2.29,1.62,0.0368,0.154,0.263,29.5,22.0,61,20,200,1.3,5.0,2.7,2.9,2.4,3.3,2.8,3.0,2.3,2.8,2.2,5.6,1.6,4.5,42.4,0,0,0,0,0,0
34.0,32.4,35.6,30.9,31.2,30.6,34.3,33.0,35.6,19.4,17.8,21.0,0.269,3.56,0.103,3.4,3.21,4.29,0.0785,2.42,1.7,0.0359,0.16,0.276,29.5,22.0,68,21,200,1.8,5.9,2.5,2.6,2.0,3.3,3.0,3.2,2.6,2.5,2.0,5.1,1.7,4.0,42.2,0,0,0,0,0,0
31.9,29.2,34.6,31.4,29.6,33.2,32.3,34.2,30.4,18.6,17.0,20.2,0.291,3.73,0.109,3.59,3.37,4.46,0.0821,2.58,1.82,0.0378,0.166,0.289,29.3,22.0,69,21,200,2.1,5.5,3.0,3.0,2.3,2.9,3.0,2.9,2.0,2.6,2.6,5.6,2.1,4.2,43.8,0,0,0,0,0,0
41.8,40.4,43.2,34.3,34.8,33.8,45.4,44.2,46.6,18.6,20.4,16.8,0.25,3.66,0.101,3.35,3.11,4.34,0.0755,2.33,1.65,0.0364,0.154,0.251,41.3,30.0,100,30,300,45.9,9.71,5.0,4.14,3.14,3.43,3.43,4.29,4.57,3.14,3.86,7.14,2.57,7.14,107.0,0,0,0,0,0,0
37.5,36.6,38.4,35.0,35.6,34.4,36.4,36.4,36.4,18.6,20.8,16.4,0.268,3.73,0.105,3.41,3.26,4.4,0.0794,2.43,1.68,0.0355,0.158,0.262,37.7,27.0,94,27,300,26.5,8.3,5.8,4.6,4.4,3.4,3.6,4.1,4.1,3.5,3.5,8.5,3.2,7.4,90.9,0,0,0,0,0,0
38.0,36.6,39.4,34.3,35.4,33.2,37.0,37.8,36.2,20.2,20.4,20.0,0.27,3.82,0.108,3.52,3.32,4.47,0.0826,2.49,1.72,0.0375,0.159,0.267,35.2,26.0,61,21,300,2.4,6.4,4.4,3.5,5.1,4.0,3.9,3.9,3.7,3.4,2.6,8.1,2.8,5.4,59.6,0,0,0,0,0,0
38.8,40.2,37.4,35.7,37.2,34.2,36.5,36.0,37.0,20.2,19.2,21.2,0.277,3.87,0.11,3.56,3.38,4.57,0.0866,2.52,1.77,0.0365,0.161,0.273,34.1,25.0,66,20,300,2.5,8.0,4.6,3.9,5.7,4.3,4.1,3.6,3.6,3.5,3.5,8.9,3.0,5.3,64.5,0,0,0,0,0,0
36.0,33.0,39.0,34.3,32.6,36.0,47.3,47.8,46.8,19.4,20.0,18.8,0.276,3.86,0.108,3.61,3.36,4.64,0.0854,2.52,1.82,0.0356,0.162,0.273,33.2,24.0,68,21,300,2.1,8.6,4.2,5.1,5.6,3.7,3.2,3.4,4.0,4.6,3.4,8.9,3.5,6.2,66.5,0,0,0,0,0,0
37.9,38.0,37.8,33.8,33.4,34.2,39.1,38.8,39.4,18.9,15.6,22.2,0.288,3.99,0.112,3.67,3.56,4.72,0.0901,2.62,1.85,0.0367,0.586,0.286,32.5,24.0,64,21,300,2.3,8.9,4.4,4.3,4.5,3.6,3.0,3.8,3.9,4.8,3.2,8.0,2.5,6.5,63.7,0,0,0,0,0,0
38.1,38.0,38.2,33.9,36.4,31.4,35.9,34.2,37.6,19.4,21.6,17.2,0.302,4.01,0.114,3.74,3.59,4.79,0.0929,2.71,1.88,0.0368,0.589,0.29,31.9,23.0,65,21,300,2.4,9.9,4.1,3.7,4.5,3.6,3.1,4.5,3.8,4.4,3.9,7.2,2.6,6.5,64.2,0,0,0,0,0,0
36.8,40.8,32.8,34.3,35.8,32.8,37.8,35.8,39.8,20.9,18.6,23.2,0.31,4.17,0.12,3.81,3.66,5.0,0.0975,2.7,1.89,0.0375,0.595,0.29,31.6,23.0,65,21,300,2.9,8.8,3.5,4.2,4.6,4.2,3.8,4.6,4.4,4.2,3.1,6.4,2.7,6.5,63.9,0,0,0,0,0,0
40.1,39.4,40.8,32.6,31.8,33.4,38.1,36.0,40.2,19.3,18.0,20.6,0.312,4.26,0.118,3.86,3.77,5.02,0.0977,2.8,1.94,0.0367,0.596,0.298,31.6,23.0,73,22,300,3.1,8.7,4.4,4.2,5.0,3.9,4.2,3.9,3.8,3.7,3.0,7.5,2.7,6.4,64.5,0,0,0,0,0,0
36.1,37.0,35.2,36.2,39.0,33.4,37.0,39.8,34.2,18.5,16.8,20.2,0.31,4.34,0.119,3.91,3.87,5.09,0.0965,2.83,2.02,0.0378,0.598,0.302,31.3,23.0,74,22,300,2.6,9.7,4.2,3.2,4.9,3.7,3.5,5.0,4.5,3.8,4.1,8.3,2.4,6.5,66.4,0,0,0,0,0,0
39.3,39.0,39.6,36.2,35.2,37.2,38.3,37.6,39.0,20.2,23.2,17.2,0.327,4.45,0.122,4.01,3.96,5.28,0.0988,2.89,2.06,0.0369,0.601,0.316,31.0,23.0,71,21,300,2.2,8.3,4.1,3.4,4.3,4.7,3.6,4.7,5.0,4.3,4.4,8.3,1.7,6.2,65.2,0,0,0,0,0,0
38.8,37.0,40.6,34.0,32.2,35.8,38.3,36.0,40.6,19.3,16.2,22.4,0.346,4.46,0.126,4.07,4.04,5.34,0.104,2.96,2.08,0.0367,0.606,0.322,31.2,23.0,76,22,300,2.1,8.3,4.1,3.8,5.6,4.7,4.5,4.1,4.8,3.7,4.5,9.5,3.3,5.5,68.5,0,0,0,0,0,0
37.3,39.6,35.0,34.1,32.8,35.4,37.6,36.8,38.4,18.9,21.4,16.4,0.342,4.66,0.126,4.14,4.13,5.49,0.104,3.03,2.16,0.0369,0.608,0.323,31.0,23.0,74,23,300,2.6,8.0,3.7,3.5,5.0,4.3,5.1,4.3,4.2,3.3,3.6,10.1,3.5,5.7,66.9,0,0,0,0,0,0
36.2,33.8,38.6,33.8,34.2,33.4,38.1,39.2,37.0,19.4,20.2,18.6,0.351,4.65,0.13,4.19,4.18,5.43,0.104,3.11,2.18,0.0368,0.607,0.336,30.9,23.0,66,23,300,3.7,8.4,3.9,4.1,3.8,4.3,5.1,3.5,4.3,3.2,2.8,9.5,2.2,5.2,64.0,0,0,0,0,0,0
39.9,41.8,38.0,33.4,32.8,34.0,38.2,39.6,36.8,19.4,20.4,18.4,0.357,4.74,0.127,4.28,4.33,5.59,0.105,3.17,2.21,0.0358,0.612,0.34,30.8,23.0,69,22,300,3.4,8.2,4.1,4.5,4.6,4.2,4.5,3.2,4.6,4.0,3.5,8.9,2.6,4.8,65.1,0,0,0,0,0,0
36.9,38.0,35.8,35.2,34.8,35.6,36.0,34.4,37.6,19.2,18.4,20.0,0.364,4.79,0.131,4.33,4.39,5.57,0.109,3.24,2.27,0.0367,0.613,0.348,30.8,23.0,72,21,300,2.5,8.2,4.3,4.3,5.3,4.3,4.2,3.1,4.0,4.4,3.3,8.4,2.8,6.3,65.4,0,0,0,0,0,0
42.1,40.6,43.6,34.3,34.8,33.8,40.3,41.4,39.2,19.8,17.0,22.6,0.405,5.1,0.14,4.55,4.67,5.98,0.118,3.43,2.4,0.0367,0.622,0.373,30.7,23.0,69,22,300,2.9,8.7,4.2,4.6,4.2,4.3,4.2,3.9,4.5,3.7,2.8,7.2,2.6,6.6,64.4,0,0,0,0,0,0
38.1,34.8,41.4,33.3,30.6,36.0,37.8,36.6,39.0,18.9,21.8,16.0,0.426,5.36,0.145,4.85,4.94,6.33,0.124,3.61,2.53,0.0359,0.63,0.39,30.6,23.0,68,23,300,3.5,8.3,3.9,4.9,3.9,3.7,4.8,4.7,4.8,3.7,3.0,7.1,3.3,6.3,65.9,0,0,0,0,0,0
39.1,38.2,40.0,25.0,28.4,21.6,39.0,38.4,39.6,20.5,18.0,23.0,0.454,5.6,0.153,5.06,5.2,6.61,0.131,3.84,2.65,0.036,0.64,0.413,30.7,23.0,76,23,300,3.0,9.5,3.8,4.2,4.4,3.7,5.1,3.5,4.4,3.9,3.9,8.5,3.7,6.8,68.4,0,0,0,0,0,0
39.8,37.8,41.8,38.2,36.0,40.4,40.7,40.2,41.2,18.9,21.2,16.6,0.388,5.23,0.133,4.62,4.56,5.9,0.109,3.41,2.36,0.0377,0.619,0.364,34.8,26.0,86,28,400,41.6,12.1,5.3,6.3,4.1,5.0,4.9,5.0,4.7,5.4,4.7,9.7,3.1,6.2,118.0,0,0,0,0,0,0
44.0,43.6,44.4,38.4,37.2,39.6,46.5,47.4,45.6,20.7,21.8,19.6,0.402,5.26,0.137,4.81,4.6,6.06,0.11,3.49,2.38,0.0375,0.203,0.369,34.7,26.0,85,22,400,18.4,14.8,5.3,7.4,4.9,5.3,5.5,5.3,4.8,5.6,4.6,10.4,3.6,8.0,104.0,0,0,0,0,0,0
40.2,37.4,43.0,38.2,38.0,38.4,43.5,42.4,44.6,19.3,23.8,14.8,0.409,5.46,0.14,4.85,4.63,6.15,0.113,3.5,2.47,0.0376,0.204,0.378,33.9,25.0,82,23,400,3.8,14.2,6.1,6.3,5.1,4.9,5.9,4.5,4.8,4.5,5.5,10.8,4.1,7.6,88.1,0,0,0,0,0,0
44.3,44.0,44.6,35.7,37.0,34.4,40.9,41.2,40.6,19.6,15.4,23.8,0.42,5.48,0.14,4.94,4.65,6.18,0.114,3.62,2.5,0.0358,0.204,0.385,33.7,25.0,79,24,400,4.3,11.9,5.0,6.5,4.2,4.7,6.1,5.3,5.3,5.3,6.5,10.2,3.9,7.4,86.6,0,0,0,0,0,0
43.0,39.8,46.2,39.0,36.8,41.2,41.6,41.0,42.2,19.6,21.8,17.4,0.425,5.46,0.143,5.05,4.69,6.38,0.115,3.59,2.52,0.0376,0.207,0.4,32.9,25.0,70,24,400,3.3,11.3,3.4,6.5,4.2,5.4,6.2,5.1,5.3,6.0,5.2,10.1,3.3,7.0,82.3,0,0,0,0,0,0
43.4,44.4,42.4,37.8,39.2,36.4,43.3,42.8,43.8,20.0,20.6,19.4,0.445,5.6,0.145,5.16,4.73,6.49,0.119,3.66,2.54,0.0356,0.212,0.406,32.6,25.0,69,23,400,3.9,13.9,4.6,5.4,5.4,6.1,5.6,4.9,5.0,5.1,4.8,11.3,3.6,7.6,87.2,0,0,0,0,0,0
41.3,43.8,38.8,38.1,36.6,39.6,43.4,43.2,43.6,19.1,22.6,15.6,0.442,5.62,0.149,5.18,4.86,6.41,0.123,3.77,2.6,0.0366,0.212,0.403,32.5,25.0,73,23,400,4.8,13.5,5.6,5.0,5.4,4.9,4.7,5.5,6.2,5.4,5.3,10.8,3.6,7.7,88.4,0,0,0,0,0,0
43.2,41.6,44.8,38.2,39.6,36.8,43.2,42.4,44.0,19.4,21.8,17.0,0.427,5.76,0.146,5.27,4.86,6.63,0.119,3.81,2.65,0.0367,0.212,0.404,32.4,25.0,74,24,400,5.4,12.2,5.3,5.3,5.9,5.0,4.4,5.3,6.2,6.0,5.4,11.3,3.5,7.1,88.3,0,0,0,0,0,0
41.0,40.4,41.6,39.4,36.2,42.6,42.8,45.2,40.4,21.0,18.4,23.6,0.451,5.77,0.152,5.4,4.93,6.64,0.122,3.81,2.65,0.0374,0.215,0.413,32.1,25.0,70,23,400,4.9,12.4,4.1,6.2,7.0,5.6,4.7,5.1,4.7,5.7,5.3,10.9,3.4,8.8,88.8,0,0,0,0,0,0
43.1,43.0,43.2,37.5,35.4,39.6,43.8,44.8,42.8,19.4,18.2,20.6,0.465,5.89,0.153,5.52,4.96,6.86,0.127,3.86,2.76,0.0374,0.222,0.42,32.1,24.0,74,23,400,3.4,11.4,4.5,6.1,6.4,4.8,4.6,5.0,5.4,5.5,5.6,11.2,3.8,8.7,86.4,0,0,0,0,0,0
43.3,44.6,42.0,38.6,38.4,38.8,44.1,41.0,47.2,18.7,17.6,19.8,0.471,5.96,0.159,5.6,4.92,6.92,0.132,3.9,2.74,0.0365,0.221,0.429,31.8,24.0,74,23,400,3.1,10.3,6.0,5.2,6.0,4.8,5.3,4.6,6.0,5.2,5.8,12.2,4.2,7.3,86.0,0,0,0,0,0,0
42.7,44.0,41.4,38.5,39.0,38.0,42.4,43.8,41.0,21.2,20.4,22.0,0.477,6.05,0.157,5.66,5.09,7.08,0.133,4.06,2.81,0.0374,0.225,0.437,31.7,24.0,72,22,400,3.4,11.7,6.9,6.1,5.8,5.8,6.4,3.7,6.2,5.8,5.3,12.7,3.9,7.0,90.7,0,0,0,0,0,0
42.6,43.2,42.0,38.7,39.4,38.0,42.6,43.4,41.8,19.0,18.0,20.0,0.469,6.04,0.162,5.81,5.12,7.04,0.136,4.08,2.84,0.0373,0.226,0.439,31.8,24.0,75,24,400,3.4,12.1,6.1,5.8,5.5,5.9,6.0,4.6,6.1,5.8,4.7,12.0,3.5,7.1,88.6,0,0,0,0,0,0
44.2,43.0,45.4,37.9,38.0,37.8,44.8,45.0,44.6,20.9,23.0,18.8,0.496,6.15,0.164,5.83,5.12,7.25,0.135,4.16,2.9,0.0373,0.229,0.448,31.9,24.0,78,27,400,2.9,10.1,6.4,4.4,5.5,5.7,5.0,5.7,5.2,5.8,5.7,12.3,4.9,7.5,87.1,0,0,0,0,0,0
42.2,44.2,40.2,37.1,39.0,35.2,42.1,40.8,43.4,18.7,20.2,17.2,0.499,6.25,0.165,5.89,5.2,7.3,0.138,4.15,2.94,0.0362,0.231,0.447,32.0,25.0,75,26,400,3.2,11.3,6.4,6.3,6.1,5.9,3.9,5.3,4.6,5.9,5.6,12.5,4.9,7.7,89.6,0,0,0,0,0,0
42.1,44.0,40.2,38.0,36.8,39.2,42.5,41.0,44.0,20.3,22.6,18.0,0.511,6.41,0.168,6.23,5.48,7.66,0.143,4.39,3.06,0.0362,0.239,0.475,31.9,24.0,74,24,400,3.3,12.7,4.9,5.9,6.2,4.7,4.2,5.4,4.7,6.7,4.9,10.8,3.4,7.9,85.7,0,0,0,0,0,0
42.5,44.0,41.0,41.3,39.0,43.6,43.8,42.6,45.0,20.0,17.6,22.4,0.538,6.79,0.179,6.55,5.81,8.03,0.149,4.66,3.24,0.0362,0.247,0.504,31.9,24.0,76,22,400,2.7,12.2,5.2,4.1,5.7,4.4,4.8,5.7,5.1,6.1,5.8,10.8,3.0,7.8,83.4,0,0,0,0,0,0
43.4,45.2,41.6,32.5,32.6,32.4,44.3,45.2,43.4,19.5,17.0,22.0,0.585,7.14,0.189,6.9,6.1,8.48,0.161,4.85,3.45,0.0361,0.263,0.536,31.9,24.0,78,24,400,3.2,12.1,5.2,4.7,4.9,6.5,5.1,5.2,5.5,5.1,5.5,11.9,3.5,8.0,86.4,0,0,0,0,0,0
45.7,45.2,46.2,27.7,30.6,24.8,51.9,51.0,52.8,18.3,20.0,16.6,0.14,1.98,0.0706,1.96,1.62,2.37,0.0505,1.26,0.942,0.0372,0.113,0.142,41.0,34.0,89,33,200,38.3,5.0,1.67,2.67,3.67,4.33,2.33,2.0,3.33,3.33,4.0,6.0,2.33,5.0,84.0,0,0,0,0,0,0
32.5,35.8,29.2,30.5,32.4,28.6,31.4,31.4,31.4,19.2,21.0,17.4,0.149,2.16,0.0743,2.05,1.67,2.41,0.0519,1.34,0.954,0.0362,0.113,0.151,36.6,29.0,85,29,200,26.8,7.0,2.63,1.88,3.13,3.63,2.88,2.75,3.63,2.88,2.38,5.63,2.0,4.75,71.9,0,0,0,0,0,0
32.6,30.2,35.0,30.4,31.2,29.6,31.8,30.0,33.6,17.9,19.2,16.6,0.149,2.27,0.0743,2.15,1.75,2.58,0.0527,1.38,1.02,0.0371,0.117,0.155,34.3,27.0,65,19,200,10.4,6.5,3.4,1.7,2.7,3.0,2.5,3.9,3.1,2.6,1.7,5.8,1.6,3.9,52.8,0,0,0,0,0,0
33.1,36.8,29.4,29.4,29.8,29.0,32.7,34.6,30.8,20.1,22.2,18.0,0.158,2.34,0.0751,2.17,1.87,2.69,0.0543,1.47,1.07,0.0372,0.12,0.159,32.9,25.0,72,19,200,1.6,5.1,2.8,2.2,3.2,2.7,2.6,3.8,3.2,2.6,2.4,6.3,1.4,3.4,43.3,0,0,0,0,0,0
33.4,35.6,31.2,31.0,29.8,32.2,30.8,32.2,29.4,18.6,21.8,15.4,0.159,2.37,0.0773,2.23,1.91,2.68,0.0563,1.53,1.11,0.038,0.12,0.168,32.1,24.0,70,20,200,2.0,5.2,2.6,2.7,2.9,2.7,2.8,2.4,3.9,2.7,3.0,6.1,1.5,3.7,44.2,0,0,0,0,0,0
32.0,31.2,32.8,28.4,30.0,26.8,33.5,32.8,34.2,19.4,20.4,18.4,0.174,2.44,0.0797,2.33,2.01,2.87,0.0591,1.61,1.16,0.0362,0.124,0.173,31.4,24.0,64,21,200,2.0,5.0,2.5,3.7,2.4,2.9,2.5,2.1,3.2,3.9,2.9,6.2,2.2,3.3,44.8,0,0,0,0,0,0
32.9,33.0,32.8,29.6,29.0,30.2,29.4,32.6,26.2,18.5,16.2,20.8,0.18,2.53,0.0809,2.37,2.1,2.92,0.0606,1.62,1.18,0.037,0.128,0.174,30.8,24.0,56,22,200,2.3,4.4,2.2,3.6,2.7,3.0,2.8,2.5,2.0,4.2,2.6,5.9,2.3,3.2,43.7,0,0,0,0,0,0
32.8,33.2,32.4,32.4,30.6,34.2,31.6,32.4,30.8,19.5,18.2,20.8,0.175,2.57,0.0783,2.4,2.17,3.05,0.0613,1.69,1.21,0.037,0.127,0.182,30.5,24.0,60,22,200,1.9,4.2,2.6,2.2,2.7,2.9,2.5,2.3,1.9,3.1,3.3,4.2,1.5,3.8,39.1,0,0,0,0,0,0
32.5,34.0,31.0,29.6,31.2,28.0,33.5,34.8,32.2,19.5,17.8,21.2,0.184,2.63,0.085,2.48,2.27,3.15,0.0644,1.76,1.28,0.037,0.131,0.191,30.1,23.0,66,20,200,1.6,6.2,2.6,1.9,3.1,2.5,2.4,2.7,2.1,2.7,3.3,5.0,1.5,3.7,41.3,0,0,0,0,0,0
33.5,35.6,31.4,29.2,30.8,27.6,34.0,33.4,34.6,19.2,19.8,18.6,0.204,2.82,0.0862,2.56,2.35,3.18,0.0658,1.82,1.33,0.038,0.134,0.197,29.9,23.0,63,20,200,2.2,6.8,3.1,2.4,3.2,2.5,3.0,2.8,2.0,2.8,2.3,6.6,2.1,3.6,45.4,0,0,0,0,0,0
33.1,36.2,30.0,29.7,28.4,31.0,33.5,32.0,35.0,19.1,17.4,20.8,0.202,2.87,0.0877,2.63,2.48,3.34,0.0684,1.88,1.36,0.0361,0.136,0.206,29.8,23.0,65,22,200,2.9,5.9,3.8,2.8,3.0,2.8,3.0,2.1,2.3,3.1,2.5,6.6,2.3,4.0,47.1,0,0,0,0,0,0
33.6,34.6,32.6,31.8,33.2,30.4,32.7,34.0,31.4,18.6,22.2,15.0,0.213,2.97,0.0915,2.73,2.57,3.44,0.0721,1.95,1.39,0.037,0.14,0.213,29.7,23.0,68,22,200,2.9,6.1,3.0,2.9,2.6,2.1,2.4,2.7,2.7,3.3,3.1,5.8,1.8,4.6,46.0,0,0,0,0,0,0
32.3,35.2,29.4,28.3,29.0,27.6,34.5,34.0,35.0,18.9,19.8,18.0,0.212,3.08,0.0931,2.79,2.71,3.52,0.0702,2.03,1.43,0.0362,0.14,0.218,29.8,23.0,70,22,200,2.9,5.4,2.7,2.6,2.9,1.9,2.8,2.6,2.7,3.2,2.6,4.9,1.7,5.5,44.4,0,0,0,0,0,0
32.4,35.8,29.0,30.1,28.8,31.4,31.1,34.0,28.2,19.0,16.0,22.0,0.225,3.18,0.0932,2.83,2.75,3.62,0.0718,2.08,1.47,0.0371,0.143,0.229,29.7,23.0,68,22,200,2.2,5.6,4.0,2.5,3.4,2.0,3.2,2.3,2.2,2.8,2.6,5.2,1.6,5.0,44.6,0,0,0,0,0,0
31.2,31.6,30.8,29.1,28.8,29.4,32.8,30.4,35.2,20.5,21.0,20.0,0.232,3.25,0.0954,2.94,2.84,3.71,0.075,2.15,1.52,0.0369,0.146,0.233,29.5,23.0,65,22,200,1.9,6.1,4.1,2.6,2.3,2.1,2.7,2.2,2.8,2.7,3.1,5.4,1.5,3.5,43.0,0,0,0,0,0,0
34.9,35.2,34.6,32.0,31.8,32.2,32.1,29.0,35.2,19.0,19.6,18.4,0.236,3.3,0.0954,3.0,2.97,3.81,0.0764,2.21,1.55,0.0363,0.151,0.242,29.3,23.0,61,20,200,2.7,5.2,3.1,2.7,2.0,2.4,2.2,2.2,3.2,1.9,3.4,5.3,1.3,3.8,41.4,0,0,0,0,0,0
32.3,35.2,29.4,29.9,30.4,29.4,32.3,30.4,34.2,18.4,20.8,16.0,0.241,3.41,0.0979,3.11,3.11,3.97,0.0772,2.29,1.61,0.0372,0.152,0.25,29.3,22.0,68,20,200,1.7,6.2,2.2,3.6,2.4,2.4,3.0,3.4,2.7,1.8,3.1,5.5,1.6,4.2,43.8,0,0,0,0,0,0
32.9,30.2,35.6,29.8,32.6,27.0,30.7,30.0,31.4,18.8,17.8,19.8,0.267,3.55,0.104,3.23,3.28,4.15,0.0842,2.44,1.69,0.0372,0.156,0.268,29.2,22.0,71,21,200,0.9,6.1,2.3,3.7,2.1,3.3,3.1,4.0,2.2,3.5,2.5,5.4,2.3,3.1,44.5,0,0,0,0,0,0
32.7,31.8,33.6,30.9,29.6,32.2,32.3,33.8,30.8,20.2,18.0,22.4,0.282,3.77,0.106,3.42,3.43,4.37,0.0865,2.53,1.8,0.0363,0.163,0.278,29.1,22.0,63,21,200,1.5,5.3,2.8,3.0,2.2,2.5,2.7,2.9,1.9,3.6,2.4,5.1,2.2,2.8,40.9,0,0,0,0,0,0
41.3,40.6,42.0,35.6,35.2,36.0,44.5,43.4,45.6,19.3,17.2,21.4,0.264,3.69,0.103,3.26,3.33,4.22,0.0782,2.35,1.64,0.0362,0.157,0.251,40.8,30.0,95,29,300,45.7,8.86,4.86,4.29,3.57,4.14,3.43,2.43,3.71,5.29,4.29,8.29,2.71,3.71,105.0,0,0,0,0,0,0
38.9,40.2,37.6,36.8,37.0,36.6,36.1,37.4,34.8,19.9,23.0,16.8,0.273,3.77,0.105,3.29,3.38,4.28,0.0796,2.43,1.69,0.0371,0.157,0.264,37.6,27.0,98,27,300,26.5,9.1,5.5,4.7,3.6,4.0,2.9,3.3,4.4,4.9,4.3,8.5,3.4,4.9,90.0,0,0,0,0,0,0
37.6,34.2,41.0,33.9,33.2,34.6,37.3,34.2,40.4,20.9,19.2,22.6,0.292,3.85,0.11,3.44,3.46,4.36,0.085,2.54,1.77,0.0374,0.158,0.277,36.0,26.0,74,22,300,3.1,7.9,4.6,3.9,3.7,4.1,3.2,4.1,4.4,4.4,4.1,8.2,3.6,5.0,64.3,0,0,0,0,0,0
36.2,34.4,38.0,35.4,35.8,35.0,37.0,39.0,35.0,18.6,17.8,19.4,0.307,3.9,0.115,3.49,3.47,4.42,0.0891,2.54,1.82,0.0364,0.165,0.281,34.6,25.0,71,22,300,3.1,9.1,4.4,3.3,3.7,4.2,3.8,4.0,5.1,4.4,4.7,8.4,3.4,4.9,66.5,0,0,0,0,0,0
38.3,40.4,36.2,36.2,36.2,36.2,37.0,34.6,39.4,20.7,19.2,22.2,0.302,3.97,0.113,3.58,3.57,4.54,0.088,2.65,1.85,0.0372,0.163,0.283,33.6,24.0,68,20,300,2.7,10.6,3.7,2.8,3.8,4.4,4.2,3.5,5.5,3.5,4.9,7.5,2.7,5.1,64.9,0,0,0,0,0,0
36.6,35.0,38.2,36.2,34.8,37.6,48.8,46.6,51.0,18.4,14.6,22.2,0.301,3.98,0.113,3.7,3.59,4.66,0.0885,2.66,1.84,0.0362,0.581,0.288,33.1,24.0,67,22,300,3.8,9.9,3.8,2.7,3.8,4.6,3.6,3.7,4.7,3.7,4.7,6.8,2.2,6.1,64.1,0,0,0,0,0,0
39.2,38.4,40.0,34.2,34.4,34.0,38.6,38.0,39.2,19.4,17.0,21.8,0.316,4.16,0.116,3.72,3.72,4.68,0.0904,2.73,1.91,0.0371,0.586,0.295,32.7,24.0,70,23,300,4.2,9.2,4.6,2.6,4.2,3.4,3.2,2.9,3.3,4.6,3.7,7.8,2.9,7.2,63.8,0,0,0,0,0,0
37.0,38.8,35.2,38.1,35.0,41.2,35.0,35.2,34.8,19.4,15.8,23.0,0.314,4.17,0.114,3.78,3.8,4.8,0.0917,2.76,1.94,0.0364,0.585,0.305,32.2,24.0,69,23,300,2.8,9.9,4.3,3.5,4.7,3.8,3.6,3.4,3.3,4.1,4.1,7.5,2.5,7.6,65.1,0,0,0,0,0,0
38.1,38.8,37.4,38.2,36.4,40.0,40.7,39.8,41.6,19.9,22.0,17.8,0.328,4.24,0.119,3.86,3.78,4.92,0.0954,2.86,2.04,0.0373,0.591,0.31,32.0,24.0,72,22,300,2.9,8.3,4.5,4.5,3.7,4.9,4.3,4.5,4.0,2.5,4.5,7.9,1.9,7.0,65.4,0,0,0,0,0,0
37.7,37.2,38.2,35.6,35.4,35.8,37.3,39.4,35.2,19.0,21.2,16.8,0.331,4.28,0.121,4.0,3.91,5.0,0.0971,2.91,2.05,0.0383,0.593,0.317,31.8,24.0,71,21,300,3.4,7.2,4.0,4.7,3.8,5.4,4.5,5.4,4.0,3.3,4.2,9.4,3.0,5.5,67.8,0,0,0,0,0,0
39.4,41.8,37.0,38.1,37.8,38.4,40.4,40.6,40.2,20.6,20.4,20.8,0.338,4.35,0.121,4.04,4.04,5.17,0.0989,2.99,2.15,0.0385,0.595,0.322,31.7,24.0,71,22,300,3.0,8.3,3.0,4.6,5.3,4.6,4.7,5.2,3.9,4.7,5.6,8.8,2.8,5.7,70.2,0,0,0,0,0,0
39.7,38.0,41.4,34.9,33.2,36.6,40.1,39.4,40.8,18.3,17.0,19.6,0.349,4.47,0.129,4.16,4.14,5.28,0.103,3.04,2.2,0.0384,0.596,0.331,31.5,24.0,74,23,300,2.7,8.1,4.2,5.0,4.5,4.3,4.5,4.3,3.8,4.1,5.3,8.8,2.2,7.2,69.0,0,0,0,0,0,0
39.9,39.0,40.8,35.2,37.4,33.0,36.9,36.8,37.0,20.6,19.0,22.2,0.367,4.58,0.129,4.2,4.17,5.36,0.106,3.15,2.23,0.0365,0.601,0.337,31.4,24.0,72,24,300,3.1,8.4,4.7,4.7,4.1,5.0,4.2,4.6,4.0,3.7,5.1,9.8,3.0,6.7,71.1,0,0,0,0,0,0
37.9,39.2,36.6,32.6,33.8,31.4,38.8,37.6,40.0,18.9,21.6,16.2,0.358,4.67,0.131,4.35,4.22,5.46,0.103,3.21,2.26,0.0385,0.605,0.342,31.2,23.0,71,21,300,3.0,9.1,4.5,3.8,4.6,3.8,4.6,4.4,3.8,3.9,4.8,9.0,3.1,5.7,68.1,0,0,0,0,0,0
37.7,38.6,36.8,34.9,32.4,37.4,38.1,40.0,36.2,19.0,22.2,15.8,0.363,4.78,0.132,4.38,4.35,5.6,0.107,3.32,2.28,0.0383,0.607,0.349,31.1,23.0,70,21,300,3.5,9.0,4.5,4.5,3.3,4.1,3.8,3.9,4.1,3.6,3.8,8.1,2.9,5.2,64.3,0,0,0,0,0,0
38.5,38.2,38.8,35.3,36.4,34.2,38.8,39.2,38.4,19.2,17.2,21.2,0.393,4.87,0.136,4.53,4.43,5.67,0.111,3.34,2.29,0.0366,0.613,0.357,31.0,23.0,70,22,300,4.1,8.3,4.1,5.2,2.9,4.5,3.2,3.7,4.1,3.3,4.7,8.4,2.5,6.2,65.2,0,0,0,0,0,0
38.1,39.0,37.2,33.5,33.0,34.0,38.0,38.2,37.8,19.7,17.2,22.2,0.415,5.14,0.142,4.74,4.61,6.01,0.12,3.47,2.47,0.0367,0.616,0.386,30.8,23.0,69,21,300,2.8,7.9,3.6,4.6,4.2,4.0,3.8,4.4,3.7,3.4,4.6,8.8,3.0,6.8,65.6,0,0,0,0,0,0
37.4,37.0,37.8,33.3,31.6,35.0,37.0,37.6,36.4,18.5,16.6,20.4,0.431,5.36,0.148,5.01,4.88,6.33,0.126,3.7,2.58,0.0366,0.626,0.402,30.6,23.0,64,21,300,2.2,9.4,4.3,4.4,4.9,4.1,4.0,4.0,3.7,3.3,3.9,9.4,3.3,5.9,66.8,0,0,0,0,0,0
37.0,40.4,33.6,26.4,23.6,29.2,38.1,37.0,39.2,20.8,20.0,21.6,0.462,5.6,0.152,5.25,5.09,6.62,0.133,3.9,2.71,0.0385,0.635,0.421,30.6,23.0,67,21,300,2.2,9.2,5.0,4.8,4.2,4.3,3.7,3.3,4.1,3.1,4.0,9.1,2.8,5.1,64.9,0,0,0,0,0,0
42.7,44.2,41.2,38.2,36.0,40.4,41.1,42.6,39.6,20.2,21.6,18.8,0.396,5.25,0.136,4.77,4.61,5.96,0.115,3.43,2.38,0.0383,0.621,0.369,38.3,28.0,99,30,400,42.9,12.1,5.4,5.0,4.9,5.6,4.6,4.3,3.6,5.2,4.3,10.8,3.3,6.1,118.0,0,0,0,0,0,0
41.8,37.8,45.8,39.1,40.0,38.2,42.5,41.6,43.4,19.6,22.6,16.6,0.402,5.32,0.137,4.77,4.77,6.1,0.115,3.52,2.49,0.0374,0.206,0.375,37.2,27.0,81,24,400,18.5,13.1,5.4,4.9,6.3,5.4,5.4,5.5,4.1,6.4,6.1,12.2,4.2,6.3,104.0,0,0,0,0,0,0
41.3,40.4,42.2,37.3,39.8,34.8,40.3,39.4,41.2,19.5,17.2,21.8,0.412,5.23,0.141,4.9,4.7,6.15,0.119,3.56,2.51,0.0375,0.207,0.379,35.7,27.0,77,23,400,3.8,10.7,6.0,5.3,6.1,5.3,5.8,5.8,5.5,5.1,5.8,12.3,3.9,6.3,87.7,0,0,0,0,0,0
43.7,44.2,43.2,38.3,36.8,39.8,45.1,43.0,47.2,19.8,19.4,20.2,0.437,5.46,0.15,4.94,4.8,6.3,0.125,3.69,2.55,0.0383,0.211,0.388,35.2,26.0,73,23,400,4.5,10.1,6.7,5.8,6.8,5.3,5.4,5.5,6.5,3.5,4.8,10.9,4.0,6.5,86.3,0,0,0,0,0,0
45.2,41.8,48.6,37.0,34.2,39.8,41.7,40.6,42.8,19.2,19.8,18.6,0.442,5.56,0.145,5.11,4.88,6.4,0.129,3.69,2.57,0.0372,0.215,0.389,34.5,26.0,70,24,400,4.3,11.1,6.4,5.1,6.4,5.2,6.2,5.5,6.7,3.7,4.5,11.1,4.4,8.3,88.9,0,0,0,0,0,0
41.7,39.0,44.4,38.7,37.8,39.6,40.6,41.6,39.6,19.2,17.8,20.6,0.448,5.62,0.149,5.09,4.98,6.45,0.128,3.74,2.64,0.0372,0.213,0.396,34.2,26.0,68,24,400,4.6,12.1,5.0,5.2,5.3,4.8,5.5,5.3,7.2,3.5,5.5,10.8,4.0,8.2,87.0,0,0,0,0,0,0
43.4,42.6,44.2,38.1,38.0,38.2,44.6,43.6,45.6,20.4,19.0,21.8,0.458,5.75,0.155,5.16,4.98,6.49,0.131,3.79,2.63,0.0363,0.219,0.401,34.0,26.0,74,26,400,4.6,12.3,4.1,6.2,5.4,4.7,5.5,5.7,7.2,4.0,5.9,10.6,3.4,8.9,88.5,0,0,0,0,0,0
42.5,40.6,44.4,37.2,35.0,39.4,43.9,45.2,42.6,20.0,17.2,22.8,0.465,5.75,0.154,5.17,5.04,6.59,0.132,3.85,2.66,0.0362,0.223,0.404,33.6,26.0,77,25,400,4.4,11.3,4.2,5.6,5.8,4.5,5.9,5.5,6.2,5.2,5.4,10.8,3.7,8.9,87.4,0,0,0,0,0,0
43.2,40.4,46.0,38.0,40.4,35.6,40.4,39.0,41.8,20.3,17.4,23.2,0.469,5.87,0.157,5.22,5.13,6.69,0.135,3.81,2.65,0.037,0.222,0.417,33.5,26.0,80,24,400,3.9,11.1,5.1,5.4,4.4,4.2,5.4,5.7,4.7,5.3,5.8,10.9,4.1,7.9,83.9,0,0,0,0,0,0
46.0,46.4,45.6,39.0,37.8,40.2,44.9,45.4,44.4,19.2,22.4,16.0,0.484,5.95,0.155,5.26,5.28,6.81,0.14,3.84,2.77,0.0362,0.226,0.416,33.4,26.0,73,25,400,3.7,12.2,5.6,5.8,4.7,6.0,5.9,6.1,4.8,4.4,5.3,11.5,3.8,8.1,87.9,0,0,0,0,0,0
44.3,44.6,44.0,38.2,38.2,38.2,43.8,44.8,42.8,21.0,20.6,21.4,0.526,5.93,0.165,5.42,5.3,6.86,0.149,3.95,2.8,0.0362,0.227,0.426,33.4,26.0,73,26,400,4.3,11.6,5.2,5.0,5.4,7.1,5.7,5.3,6.4,4.6,5.7,12.7,4.0,8.0,91.0,0,0,0,0,0,0
44.5,43.6,45.4,38.2,35.8,40.6,45.8,47.6,44.0,19.6,22.4,16.8,0.507,5.99,0.165,5.36,5.36,7.13,0.15,4.06,2.85,0.0371,0.23,0.435,33.6,26.0,83,26,400,4.0,10.4,5.4,5.6,4.6,6.3,6.3,5.0,5.2,5.2,6.1,13.5,4.5,8.5,90.6,0,0,0,0,0,0
41.4,40.6,42.2,38.6,36.2,41.0,42.2,40.8,43.6,19.3,21.4,17.2,0.519,6.16,0.167,5.59,5.43,7.17,0.148,4.14,2.86,0.038,0.236,0.432,33.5,26.0,80,24,400,3.7,11.1,5.6,6.3,5.0,6.5,5.3,4.3,4.4,5.5,5.1,13.5,4.3,8.6,89.2,0,0,0,0,0,0
45.4,44.2,46.6,38.0,38.6,37.4,42.5,45.0,40.0,19.9,22.4,17.4,0.544,6.33,0.171,5.58,5.58,7.26,0.155,4.11,2.95,0.0372,0.234,0.437,33.4,26.0,76,24,400,4.3,10.3,5.1,5.1,6.0,5.9,4.3,5.7,5.4,5.4,4.5,11.5,3.4,9.0,85.9,0,0,0,0,0,0
42.4,42.8,42.0,36.9,37.2,36.6,42.2,41.6,42.8,19.2,18.4,20.0,0.539,6.41,0.171,5.65,5.64,7.42,0.154,4.2,2.94,0.0372,0.238,0.439,33.4,26.0,79,25,400,4.3,9.5,5.0,5.4,6.2,5.0,5.4,6.9,5.8,4.5,4.9,11.2,4.5,8.9,87.5,0,0,0,0,0,0
43.7,43.0,44.4,41.0,40.2,41.8,43.0,43.0,43.0,20.0,18.4,21.6,0.559,6.56,0.177,5.92,5.9,7.77,0.16,4.32,3.06,0.0381,0.244,0.473,33.4,26.0,79,25,400,3.6,8.8,5.9,5.8,5.3,5.4,4.9,6.4,5.6,4.8,5.9,12.0,4.0,9.0,87.4,0,0,0,0,0,0
43.4,44.6,42.2,43.7,43.8,43.6,42.8,44.8,40.8,19.7,20.2,19.2,0.597,6.9,0.188,6.26,6.21,8.25,0.17,4.61,3.24,0.0373,0.258,0.498,33.5,26.0,82,25,400,4.3,8.7,5.5,5.7,4.9,5.3,5.5,5.9,4.9,5.8,6.5,12.1,2.9,9.1,87.1,0,0,0,0,0,0
44.5,45.4,43.6,32.1,32.2,32.0,45.1,46.8,43.4,20.2,16.6,23.8,0.631,7.34,0.196,6.51,6.61,8.66,0.178,4.91,3.43,0.0381,0.267,0.518,33.6,26.0,89,26,400,4.5,9.9,4.8,5.9,4.9,5.6,6.0,5.7,5.8,6.2,6.2,12.5,4.0,7.8,89.8,0,0,0,0,0,0
44.8,43.0,46.6,27.5,28.8,26.2,55.0,53.8,56.2,18.9,16.6,21.2,0.176,1.62,0.0755,1.83,1.94,2.42,0.0515,1.35,0.973,0.0365,0.12,0.155,39.5,34.0,86,34,200,39.3,7.67,3.0,2.33,3.67,1.67,3.67,1.67,2.0,2.67,2.33,4.67,2.67,4.0,81.3,0,0,0,0,0,0
32.0,30.8,33.2,30.9,32.2,29.6,32.5,32.4,32.6,19.1,20.0,18.2,0.184,2.31,0.0803,1.9,2.0,2.53,0.0561,1.37,1.0,0.0375,0.12,0.161,35.5,29.0,83,29,200,27.6,6.25,3.63,2.63,2.38,2.63,3.0,2.25,3.0,3.38,2.0,5.75,2.5,4.88,71.9,0,0,0,0,0,0
31.0,33.2,28.8,28.7,29.4,28.0,30.4,28.6,32.2,19.2,15.2,23.2,0.185,2.34,0.0788,1.96,2.02,2.61,0.0554,1.43,1.05,0.0383,0.124,0.168,33.4,26.0,60,20,200,10.9,5.8,3.3,2.8,1.9,3.3,2.7,2.3,3.6,3.6,2.2,6.4,2.5,4.5,55.8,0,0,0,0,0,0
32.3,34.2,30.4,29.5,32.2,26.8,34.3,33.4,35.2,19.7,18.8,20.6,0.183,2.4,0.079,2.07,2.06,2.65,0.0544,1.48,1.09,0.0372,0.125,0.175,31.8,25.0,59,20,200,1.8,6.8,2.4,2.5,2.5,2.5,2.7,2.3,3.3,3.1,2.8,5.6,1.6,3.2,43.1,0,0,0,0,0,0
30.9,30.6,31.2,30.3,30.0,30.6,30.7,31.4,30.0,19.0,16.2,21.8,0.185,2.46,0.0773,2.18,2.13,2.79,0.0544,1.56,1.11,0.0364,0.128,0.177,30.8,25.0,59,20,200,2.0,7.0,2.6,2.3,2.9,2.0,2.3,3.1,3.7,2.4,2.6,5.0,0.6,2.9,41.4,0,0,0,0,0,0
33.1,30.8,35.4,29.0,30.2,27.8,33.2,33.2,33.2,18.0,21.0,15.0,0.18,2.56,0.0791,2.21,2.16,2.85,0.0541,1.61,1.15,0.0364,0.128,0.176,30.4,24.0,61,21,200,1.2,5.9,2.8,2.6,2.6,2.6,2.6,3.1,4.0,2.4,2.0,4.7,1.2,3.9,41.6,0,0,0,0,0,0
31.3,31.4,31.2,28.9,32.8,25.0,31.0,29.4,32.6,18.9,17.8,20.0,0.175,2.61,0.0767,2.29,2.2,2.9,0.0545,1.65,1.18,0.0364,0.13,0.177,29.9,24.0,61,20,200,1.9,4.8,2.3,3.3,1.8,3.2,2.5,2.3,3.0,2.8,2.4,3.8,1.3,4.8,40.2,0,0,0,0,0,0
32.5,31.2,33.8,29.6,29.0,30.2,35.4,34.8,36.0,19.8,20.4,19.2,0.181,2.7,0.0824,2.43,2.26,3.04,0.055,1.69,1.22,0.0364,0.134,0.183,29.5,23.0,60,20,200,2.8,4.5,2.3,3.2,2.0,3.0,2.3,2.3,2.4,2.5,2.7,4.2,1.2,4.3,39.7,0,0,0,0,0,0
29.0,31.8,26.2,29.5,29.2,29.8,31.5,30.2,32.8,19.0,16.6,21.4,0.186,2.75,0.0815,2.52,2.35,3.04,0.056,1.75,1.26,0.0383,0.134,0.191,29.2,23.0,62,19,200,2.6,5.1,2.5,2.9,3.2,2.7,3.0,2.6,2.7,2.4,2.7,5.5,1.6,3.5,43.0,0,0,0,0,0,0
33.9,34.2,33.6,32.0,32.8,31.2,34.4,31.6,37.2,19.3,15.2,23.4,0.181,2.78,0.0808,2.58,2.36,3.17,0.055,1.81,1.3,0.0384,0.139,0.193,28.9,22.0,61,19,200,2.0,6.0,2.3,3.1,3.0,2.4,2.4,3.2,2.5,2.5,2.4,4.9,1.3,2.9,40.9,0,0,0,0,0,0
33.4,35.4,31.4,29.0,29.2,28.8,33.4,34.2,32.6,19.3,17.4,21.2,0.194,2.88,0.0852,2.7,2.43,3.27,0.0585,1.88,1.35,0.0383,0.14,0.203,28.8,22.0,61,20,200,1.6,6.3,3.8,2.6,2.6,2.8,2.4,3.3,2.5,1.8,2.4,4.9,1.7,3.1,41.8,0,0,0,0,0,0
34.3,36.8,31.8,32.5,31.4,33.6,33.8,35.6,32.0,20.0,24.0,16.0,0.202,3.02,0.0879,2.81,2.47,3.44,0.0634,1.96,1.37,0.0384,0.143,0.212,28.6,22.0,61,19,200,2.1,6.5,4.1,2.5,2.8,3.5,3.2,2.9,2.9,2.4,2.8,6.0,2.7,2.9,47.3,0,0,0,0,0,0
31.5,29.8,33.2,29.7,28.4,31.0,33.6,31.4,35.8,18.7,15.6,21.8,0.221,3.09,0.0922,2.91,2.56,3.51,0.0667,2.04,1.42,0.0374,0.148,0.221,28.6,22.0,67,21,200,1.9,7.0,2.7,3.1,2.3,2.4,3.2,4.1,2.3,2.5,2.9,6.4,2.9,2.7,46.4,0,0,0,0,0,0
33.4,33.0,33.8,29.1,27.2,31.0,32.4,34.8,30.0,20.0,18.4,21.6,0.231,3.2,0.0924,3.02,2.64,3.61,0.0674,2.13,1.49,0.0374,0.15,0.225,28.3,22.0,66,20,200,1.8,6.2,2.7,3.4,2.7,2.2,3.4,3.4,1.7,1.6,3.3,7.0,2.2,3.4,45.0,0,0,0,0,0,0
32.5,32.4,32.6,30.3,31.8,28.8,32.3,29.4,35.2,20.1,18.2,22.0,0.232,3.26,0.0923,3.13,2.73,3.7,0.0698,2.18,1.53,0.0373,0.151,0.23,28.1,22.0,60,19,200,1.8,5.3,3.0,3.2,3.0,2.8,3.0,2.0,2.8,2.7,3.4,6.3,1.7,3.2,44.2,0,0,0,0,0,0
32.4,33.4,31.4,30.1,26.8,33.4,33.4,33.4,33.4,18.1,17.6,18.6,0.246,3.3,0.096,3.17,2.72,3.8,0.0717,2.24,1.55,0.0364,0.155,0.244,28.1,22.0,62,20,200,2.1,6.0,3.0,2.9,2.8,2.9,2.7,2.1,3.9,3.4,2.5,5.1,1.7,2.7,43.8,0,0,0,0,0,0
30.9,32.8,29.0,29.1,31.2,27.0,31.8,29.4,34.2,19.2,20.0,18.4,0.25,3.41,0.0983,3.29,2.85,3.92,0.0726,2.29,1.63,0.0375,0.158,0.255,27.9,21.0,66,19,200,2.0,6.1,3.5,2.9,3.0,2.7,2.6,2.7,3.5,2.6,1.7,5.1,1.8,2.8,43.0,0,0,0,0,0,0
31.6,32.6,30.6,30.2,29.2,31.2,33.5,33.0,34.0,19.1,20.6,17.6,0.266,3.59,0.101,3.5,2.98,4.13,0.077,2.44,1.7,0.0378,0.162,0.269,27.9,21.0,64,19,200,2.0,6.5,3.1,2.8,2.7,2.3,2.6,3.0,3.1,2.4,2.7,6.0,2.2,2.5,43.9,0,0,0,0,0,0
31.0,28.8,33.2,28.3,28.8,27.8,33.2,36.2,30.2,19.7,22.6,16.8,0.28,3.77,0.105,3.68,3.11,4.31,0.0818,2.56,1.79,0.0374,0.169,0.282,27.9,21.0,68,20,200,2.2,6.2,3.2,2.5,2.1,1.7,3.3,2.9,3.1,2.6,3.2,5.7,1.8,3.4,43.9,0,0,0,0,0,0
42.0,38.6,45.4,33.2,35.2,31.2,49.6,49.8,49.4,18.4,19.2,17.6,0.268,3.69,0.103,3.43,3.02,4.21,0.0765,2.37,1.67,0.0368,0.163,0.252,42.6,33.0,95,33,300,43.6,9.29,4.0,5.86,3.0,2.71,3.43,3.29,2.57,4.43,3.86,7.43,2.71,3.86,100.0,0,0,0,0,0,0
37.7,38.8,36.6,34.5,32.6,36.4,36.8,35.6,38.0,19.8,16.0,23.6,0.272,3.76,0.103,3.49,3.11,4.29,0.0782,2.44,1.71,0.0367,0.168,0.262,38.1,29.0,92,29,300,28.5,10.6,4.3,5.4,3.6,3.9,3.2,4.1,3.2,4.8,4.0,7.7,2.6,5.1,91.0,0,0,0,0,0,0
37.0,36.4,37.6,34.3,35.0,33.6,37.9,37.2,38.6,19.3,21.0,17.6,0.296,3.84,0.109,3.64,3.2,4.4,0.0828,2.52,1.77,0.0366,0.17,0.276,35.8,27.0,60,21,300,4.4,9.3,3.9,3.7,4.3,4.2,3.2,4.4,4.8,5.2,3.2,7.6,2.5,4.9,65.6,0,0,0,0,0,0
38.0,39.2,36.8,33.5,34.0,33.0,36.6,34.2,39.0,19.6,22.6,16.6,0.304,3.9,0.109,3.55,3.25,4.51,0.0886,2.57,1.82,0.0365,0.171,0.279,34.4,26.0,63,22,300,2.4,9.9,3.9,4.7,4.4,3.0,3.6,4.5,5.1,4.5,4.4,8.4,3.3,4.2,66.3,0,0,0,0,0,0
36.9,36.2,37.6,32.7,30.6,34.8,50.5,50.2,50.8,18.1,20.8,15.4,0.314,3.96,0.112,3.68,3.39,4.6,0.0889,2.63,1.84,0.0366,0.649,0.286,34.5,26.0,81,23,300,3.7,8.6,3.7,4.4,4.0,2.3,3.6,5.0,4.7,3.9,5.0,8.1,3.4,5.0,65.4,0,0,0,0,0,0
38.1,39.4,36.8,36.4,36.2,36.6,35.8,38.0,33.6,21.4,23.0,19.8,0.317,4.06,0.115,3.78,3.44,4.67,0.0912,2.69,1.89,0.0365,0.651,0.289,33.9,25.0,82,23,300,4.4,7.5,4.2,4.0,4.3,3.0,3.6,3.8,3.8,4.5,4.2,7.6,2.3,5.6,62.8,0,0,0,0,0,0
40.7,41.4,40.0,35.2,34.6,35.8,39.3,39.0,39.6,18.8,17.2,20.4,0.316,4.17,0.114,3.8,3.58,4.8,0.0929,2.73,1.91,0.0366,0.653,0.301,33.5,25.0,71,23,300,2.5,9.2,5.5,3.9,3.9,4.5,3.9,3.5,2.8,3.3,4.5,7.4,2.1,5.4,62.4,0,0,0,0,0,0
37.0,37.0,37.0,33.1,34.0,32.2,36.1,37.0,35.2,20.0,23.4,16.6,0.327,4.2,0.114,3.83,3.68,4.77,0.0901,2.78,1.96,0.0355,0.654,0.304,33.3,25.0,72,24,300,2.3,9.0,5.5,3.5,4.1,4.7,4.8,4.7,4.1,3.7,4.5,9.5,3.1,4.6,68.1,0,0,0,0,0,0
36.7,38.4,35.0,33.6,32.2,35.0,37.1,39.2,35.0,19.7,20.0,19.4,0.32,4.29,0.114,3.91,3.77,4.91,0.0908,2.82,2.02,0.0365,0.656,0.307,32.7,25.0,67,20,300,3.3,8.6,4.8,3.4,4.2,4.1,4.0,4.3,4.3,3.6,3.8,9.6,3.0,5.6,66.6,0,0,0,0,0,0
36.2,37.0,35.4,35.0,33.8,36.2,37.2,36.6,37.8,19.4,20.2,18.6,0.332,4.34,0.118,3.93,3.82,4.97,0.0929,2.86,2.0,0.0366,0.655,0.317,32.2,24.0,64,20,300,3.3,10.4,4.3,3.4,3.3,4.2,3.0,5.0,4.2,4.0,4.5,7.1,2.5,6.0,65.2,0,0,0,0,0,0
39.0,37.8,40.2,33.2,35.6,30.8,36.9,33.4,40.4,18.2,16.8,19.6,0.337,4.42,0.12,3.97,3.86,5.1,0.0943,2.93,2.09,0.0357,0.659,0.321,31.9,24.0,65,21,300,4.0,9.9,3.4,3.7,4.0,4.3,3.5,4.4,5.0,4.2,5.0,6.8,2.4,4.4,65.0,0,0,0,0,0,0
37.3,35.4,39.2,35.8,37.0,34.6,37.8,38.4,37.2,20.6,18.4,22.8,0.333,4.53,0.122,4.04,4.02,5.17,0.0985,3.01,2.15,0.0365,0.661,0.327,31.6,24.0,65,21,300,3.7,8.3,4.2,4.0,4.2,4.3,3.7,4.0,4.8,3.7,4.5,7.6,2.6,4.8,64.4,0,0,0,0,0,0
38.8,40.6,37.0,34.8,33.6,36.0,38.7,37.4,40.0,19.7,17.8,21.6,0.35,4.54,0.123,4.17,4.06,5.21,0.0998,3.11,2.15,0.0355,0.665,0.326,31.7,24.0,70,22,300,2.8,8.9,4.5,4.2,4.4,4.3,3.9,4.5,4.3,4.5,5.0,9.4,3.1,5.0,68.8,0,0,0,0,0,0
38.7,39.8,37.6,33.6,33.0,34.2,38.4,40.4,36.4,19.0,21.0,17.0,0.353,4.62,0.125,4.23,4.18,5.37,0.101,3.15,2.21,0.0355,0.668,0.337,31.6,24.0,75,23,300,2.3,8.3,3.5,4.7,4.1,4.3,4.1,4.6,4.4,4.7,4.1,9.2,2.9,5.7,66.9,0,0,0,0,0,0
39.9,39.8,40.0,35.5,38.2,32.8,39.5,40.8,38.2,18.7,23.6,13.8,0.372,4.77,0.131,4.27,4.37,5.54,0.105,3.23,2.27,0.0364,0.668,0.345,31.6,24.0,74,22,300,2.4,7.7,2.6,5.2,4.5,4.5,4.3,4.7,4.1,4.7,3.5,8.5,3.1,6.2,66.0,0,0,0,0,0,0
37.1,38.0,36.2,33.2,32.6,33.8,37.8,39.0,36.6,19.9,23.4,16.4,0.392,4.87,0.135,4.31,4.44,5.66,0.111,3.25,2.32,0.0355,0.672,0.359,31.3,24.0,67,23,300,3.0,7.1,2.9,4.9,4.3,4.5,4.9,4.3,4.1,3.7,4.2,9.1,3.5,6.2,66.7,0,0,0,0,0,0
39.7,37.0,42.4,35.5,36.4,34.6,37.8,38.8,36.8,18.4,16.8,20.0,0.41,5.05,0.143,4.59,4.72,6.01,0.117,3.51,2.43,0.0375,0.681,0.383,31.2,23.0,64,22,300,2.9,8.0,3.7,4.8,3.3,3.4,4.9,4.8,4.0,3.6,4.1,9.8,3.3,5.4,66.0,0,0,0,0,0,0
37.4,39.2,35.6,35.7,33.8,37.6,38.9,41.2,36.6,20.8,20.4,21.2,0.447,5.3,0.149,4.8,4.95,6.29,0.123,3.72,2.58,0.0365,0.69,0.4,31.2,23.0,72,22,300,2.7,7.9,4.2,5.5,3.6,3.6,4.4,4.2,3.8,5.0,4.7,10.3,3.4,4.4,67.7,0,0,0,0,0,0
41.4,42.2,40.6,24.8,29.2,20.4,37.4,35.4,39.4,18.7,16.6,20.8,0.479,5.61,0.156,5.04,5.2,6.68,0.132,3.88,2.72,0.0356,0.696,0.424,31.3,23.0,85,22,300,3.0,7.6,4.1,4.5,4.0,4.5,4.1,4.0,3.5,5.3,4.7,9.3,3.6,5.0,67.2,0,0,0,0,0,0
41.5,42.4,40.6,39.3,39.2,39.4,43.5,44.4,42.6,19.8,19.8,19.8,0.426,5.25,0.146,4.63,4.61,6.01,0.121,3.53,2.45,0.0359,0.206,0.38,39.8,30.0,100,33,400,42.6,10.8,5.9,5.0,4.8,5.3,5.2,5.3,5.4,5.7,4.9,12.5,4.1,7.2,125.0,0,0,0,0,0,0
42.8,41.0,44.6,37.9,35.0,40.8,42.0,41.2,42.8,19.0,16.2,21.8,0.442,5.29,0.144,4.69,4.8,6.17,0.12,3.55,2.49,0.0367,0.206,0.391,37.7,29.0,85,25,400,19.6,12.5,6.1,5.8,5.3,6.3,5.6,5.9,5.5,5.5,4.9,12.2,3.7,8.0,107.0,0,0,0,0,0,0
41.1,41.2,41.0,38.7,38.8,38.6,41.4,38.8,44.0,19.9,16.6,23.2,0.44,5.36,0.144,4.8,4.81,6.24,0.12,3.61,2.51,0.0358,0.207,0.387,36.8,27.0,79,22,400,3.8,14.0,5.3,5.6,5.1,5.5,4.5,6.4,4.1,4.9,5.1,9.8,3.5,8.1,85.7,0,0,0,0,0,0
44.1,43.4,44.8,38.8,37.0,40.6,42.6,42.2,43.0,19.3,14.8,23.8,0.452,5.4,0.152,4.85,4.88,6.39,0.126,3.67,2.55,0.0376,0.213,0.388,36.0,27.0,85,23,400,4.2,12.3,6.0,5.7,5.8,4.8,4.4,6.1,4.2,5.6,5.8,11.6,4.0,7.1,87.6,0,0,0,0,0,0
41.5,40.8,42.2,39.2,39.8,38.6,42.3,43.8,40.8,19.8,18.8,20.8,0.456,5.48,0.155,5.0,4.82,6.35,0.129,3.73,2.6,0.0377,0.213,0.395,34.9,26.0,78,22,400,4.3,9.7,5.3,5.0,6.7,6.0,5.2,6.4,4.6,4.9,5.3,11.6,3.9,6.7,85.6,0,0,0,0,0,0
44.0,43.4,44.6,38.1,37.6,38.6,42.7,42.8,42.6,20.2,24.4,16.0,0.464,5.58,0.156,5.06,4.96,6.5,0.13,3.81,2.65,0.0358,0.219,0.395,34.5,26.0,68,23,400,4.2,9.7,5.2,5.7,6.6,6.2,6.7,6.9,5.5,5.0,5.0,11.8,3.7,7.0,89.2,0,0,0,0,0,0
38.8,38.6,39.0,38.0,38.0,38.0,40.7,41.2,40.2,19.3,18.8,19.8,0.47,5.67,0.153,5.15,5.06,6.5,0.131,3.84,2.68,0.0366,0.221,0.398,33.8,25.0,69,23,400,3.8,9.9,6.4,5.7,5.2,5.3,7.6,6.3,5.3,5.1,4.8,10.9,3.4,6.7,86.4,0,0,0,0,0,0
41.0,40.0,42.0,40.1,41.4,38.8,42.5,40.4,44.6,19.2,16.8,21.6,0.475,5.7,0.152,5.26,5.03,6.66,0.13,3.88,2.7,0.0378,0.223,0.401,33.4,25.0,69,21,400,3.0,10.4,6.1,5.0,4.8,6.2,7.0,5.7,4.1,5.7,5.1,8.8,2.3,6.6,80.8,0,0,0,0,0,0
43.6,43.8,43.4,39.0,41.2,36.8,44.9,45.8,44.0,21.5,17.6,25.4,0.483,5.85,0.16,5.31,5.11,6.83,0.134,3.87,2.77,0.0379,0.222,0.41,33.4,25.0,76,24,400,3.7,12.0,4.8,5.8,5.5,5.6,6.2,5.2,5.6,6.4,6.2,10.3,3.6,5.6,86.5,0,0,0,0,0,0
43.6,44.6,42.6,40.4,43.4,37.4,43.2,42.2,44.2,19.4,22.0,16.8,0.497,5.89,0.162,5.31,5.23,6.86,0.14,3.91,2.81,0.0379,0.227,0.419,33.6,25.0,81,25,400,4.9,11.1,4.1,5.9,5.6,6.1,4.9,5.1,6.1,6.4,6.1,12.6,4.6,6.5,90.0,0,0,0,0,0,0
39.4,37.2,41.6,37.8,39.8,35.8,41.1,43.0,39.2,19.6,18.4,20.8,0.49,5.98,0.158,5.37,5.19,6.92,0.135,4.0,2.82,0.0363,0.229,0.42,33.4,25.0,79,24,400,5.1,9.9,5.1,5.7,5.8,6.8,4.4,5.6,5.4,6.3,6.0,12.6,3.4,6.9,89.0,0,0,0,0,0,0
44.3,40.8,47.8,38.3,41.4,35.2,42.9,42.2,43.6,20.9,22.2,19.6,0.495,5.92,0.16,5.49,5.31,7.03,0.137,4.12,2.87,0.0372,0.231,0.424,33.3,25.0,77,24,400,4.1,11.2,5.4,6.9,5.4,5.2,5.1,6.0,5.2,5.3,5.4,11.3,2.8,7.1,86.4,0,0,0,0,0,0
43.3,40.8,45.8,37.1,34.8,39.4,44.8,46.4,43.2,19.2,17.4,21.0,0.49,6.16,0.159,5.53,5.38,7.09,0.138,4.07,2.93,0.036,0.232,0.427,33.3,25.0,75,24,400,4.2,13.0,4.9,6.3,5.0,5.1,5.3,6.6,5.1,4.7,4.8,10.8,3.3,8.2,87.3,0,0,0,0,0,0
41.5,42.2,40.8,39.8,38.2,41.4,42.2,39.8,44.6,19.4,19.8,19.0,0.477,6.24,0.16,5.62,5.44,7.19,0.136,4.16,2.96,0.037,0.232,0.436,33.0,25.0,71,23,400,4.8,12.5,5.4,5.3,4.2,5.5,5.5,6.4,5.7,5.8,5.3,10.1,3.5,8.7,88.7,0,0,0,0,0,0
42.1,44.0,40.2,37.8,39.0,36.6,41.8,42.0,41.6,19.8,21.4,18.2,0.467,6.28,0.157,5.78,5.48,7.2,0.133,4.2,2.97,0.0379,0.236,0.433,32.9,25.0,71,23,400,4.4,9.9,5.8,5.7,4.6,4.8,7.2,5.4,5.8,6.1,6.4,10.3,3.2,7.4,87.0,0,0,0,0,0,0
42.1,41.8,42.4,40.2,41.0,39.4,43.1,43.4,42.8,19.8,23.0,16.6,0.488,6.54,0.163,5.95,5.74,7.6,0.14,4.39,3.06,0.036,0.245,0.457,33.0,25.0,72,26,400,4.2,11.2,5.5,6.1,4.9,4.9,7.6,4.2,6.0,5.0,6.1,10.4,2.5,6.2,84.8,0,0,0,0,0,0
42.8,44.6,41.0,38.4,39.2,37.6,44.5,45.4,43.6,19.8,21.6,18.0,0.52,6.81,0.171,6.35,6.02,8.03,0.149,4.58,3.24,0.0363,0.256,0.484,33.0,25.0,79,26,400,3.6,11.4,6.0,6.1,4.5,5.6,6.8,4.1,6.1,5.4,4.7,11.1,3.0,7.0,85.4,0,0,0,0,0,0
44.4,43.0,45.8,31.8,32.6,31.0,46.1,45.6,46.6,19.7,24.4,15.0,0.569,7.1,0.183,6.55,6.36,8.49,0.16,4.92,3.46,0.0364,0.267,0.509,33.3,25.0,85,25,400,2.9,9.8,5.5,7.1,5.3,5.1,5.9,5.6,6.2,6.5,6.2,12.2,4.6,6.7,89.6,0,0,0,0,0,0
48.8,48.4,49.2,30.1,31.0,29.2,54.8,54.8,54.8,20.5,22.2,18.8,0.139,2.1,0.0723,1.74,1.8,2.46,0.0464,1.31,0.95,0.0366,0.11,0.143,47.2,36.0,93,35,200,40.0,6.0,3.33,4.33,3.33,2.33,4.33,3.0,2.33,2.33,4.0,7.67,2.33,3.0,88.3,0,0,0,0,0,0
29.7,30.4,29.0,30.0,30.4,29.6,31.2,28.6,33.8,18.6,16.0,21.2,0.152,2.15,0.0723,1.83,1.81,2.49,0.0481,1.33,0.98,0.0375,0.114,0.151,41.6,30.0,91,29,200,27.0,6.13,3.13,3.63,3.13,3.13,3.0,2.88,2.75,2.63,3.38,7.5,2.13,3.63,74.0,0,0,0,0,0,0
33.3,34.2,32.4,27.9,29.4,26.4,32.9,34.8,31.0,18.4,17.6,19.2,0.152,2.23,0.0731,1.98,1.87,2.64,0.0481,1.41,1.03,0.0365,0.117,0.153,38.7,27.0,71,20,200,11.5,5.4,2.7,3.3,2.8,2.9,2.7,2.9,3.3,2.6,3.1,6.6,1.7,3.9,55.4,0,0,0,0,0,0
33.2,35.0,31.4,30.5,31.0,30.0,31.0,28.8,33.2,19.1,17.0,21.2,0.156,2.27,0.0716,2.06,1.94,2.69,0.0502,1.47,1.06,0.0375,0.118,0.159,36.3,26.0,66,20,200,2.6,5.0,2.4,3.3,3.0,2.1,2.6,3.3,3.3,2.5,2.5,4.8,1.2,3.1,41.7,0,0,0,0,0,0
32.7,34.6,30.8,30.0,27.6,32.4,32.1,33.0,31.2,19.8,22.0,17.6,0.152,2.31,0.0729,2.15,2.01,2.77,0.0501,1.55,1.14,0.0375,0.122,0.162,34.3,24.0,61,19,200,1.5,5.8,2.5,2.8,3.5,1.6,2.2,3.1,3.7,2.8,2.4,5.1,1.4,2.8,41.2,0,0,0,0,0,0
30.5,30.2,30.8,30.4,30.2,30.6,33.4,34.0,32.8,19.1,19.0,19.2,0.162,2.41,0.0782,2.3,2.04,2.85,0.0527,1.59,1.18,0.0375,0.124,0.175,33.2,24.0,61,19,200,1.6,5.8,2.2,2.9,3.5,2.1,2.8,2.5,3.8,3.1,3.0,6.1,1.6,3.3,44.3,0,0,0,0,0,0
33.8,34.6,33.0,30.8,30.0,31.6,32.5,30.6,34.4,18.9,16.4,21.4,0.168,2.51,0.0788,2.41,2.11,2.96,0.0558,1.63,1.23,0.0365,0.128,0.175,32.5,23.0,61,20,200,1.7,5.5,2.8,3.6,3.0,2.7,3.3,3.0,3.1,2.5,2.3,5.6,1.5,3.2,43.8,0,0,0,0,0,0
33.5,31.0,36.0,30.0,31.4,28.6,31.6,32.0,31.2,18.3,16.2,20.4,0.18,2.55,0.0812,2.45,2.16,3.04,0.0558,1.7,1.27,0.0374,0.13,0.184,31.9,23.0,62,21,200,1.8,5.1,3.5,3.3,3.1,2.8,2.6,3.1,3.1,1.9,2.2,5.4,1.8,3.7,43.4,0,0,0,0,0,0
29.9,34.0,25.8,32.6,30.6,34.6,32.2,31.0,33.4,19.1,21.6,16.6,0.183,2.61,0.0825,2.55,2.23,3.18,0.0584,1.8,1.31,0.0364,0.133,0.187,31.6,23.0,64,20,200,2.1,4.5,3.4,2.8,3.0,4.0,1.8,2.3,2.9,2.2,2.9,5.8,2.1,3.9,43.7,0,0,0,0,0,0
32.2,32.6,31.8,29.7,26.2,33.2,34.2,31.4,37.0,18.6,21.4,15.8,0.192,2.66,0.0854,2.69,2.29,3.26,0.0605,1.86,1.37,0.0373,0.133,0.193,31.2,22.0,65,21,200,1.8,5.0,3.2,3.1,2.6,4.0,2.7,2.2,2.7,1.9,2.9,5.3,1.8,3.7,42.9,0,0,0,0,0,0
31.8,28.8,34.8,30.2,27.4,33.0,30.3,28.0,32.6,18.7,16.2,21.2,0.197,2.82,0.0826,2.74,2.35,3.34,0.0605,1.91,1.4,0.0383,0.135,0.201,30.9,22.0,63,20,200,2.1,5.6,2.5,3.3,2.7,2.9,3.1,2.0,3.3,2.2,2.8,4.9,1.6,3.6,42.6,0,0,0,0,0,0
34.1,32.4,35.8,29.2,26.8,31.6,32.1,29.2,35.0,19.3,21.4,17.2,0.205,2.88,0.0877,2.84,2.46,3.45,0.0643,1.98,1.47,0.0364,0.138,0.212,30.6,22.0,62,21,200,2.6,6.0,2.7,3.2,2.6,2.7,2.3,2.3,2.8,2.7,2.2,5.0,1.6,3.5,42.2,0,0,0,0,0,0
32.4,34.0,30.8,29.9,31.6,28.2,33.5,35.8,31.2,21.3,23.6,19.0,0.213,2.99,0.0881,2.9,2.48,3.56,0.0664,2.06,1.49,0.0382,0.141,0.216,30.2,22.0,62,20,200,2.0,5.6,3.5,2.9,3.1,3.0,2.2,3.1,1.9,2.2,1.6,5.2,1.8,3.7,41.8,0,0,0,0,0,0
31.7,27.4,36.0,31.4,32.2,30.6,33.3,31.0,35.6,18.2,19.8,16.6,0.225,3.06,0.0925,3.02,2.56,3.69,0.0678,2.1,1.53,0.0373,0.144,0.221,30.1,22.0,69,20,200,3.1,5.3,3.4,3.1,2.9,2.8,2.8,2.9,2.1,2.1,1.5,5.1,1.7,4.0,42.8,0,0,0,0,0,0
32.3,34.6,30.0,29.8,30.0,29.6,31.4,31.8,31.0,20.6,18.2,23.0,0.23,3.15,0.0942,3.11,2.67,3.73,0.0711,2.17,1.57,0.0372,0.146,0.233,30.0,22.0,70,22,200,3.7,5.3,2.9,3.0,2.8,2.5,3.6,2.6,2.0,2.6,2.2,4.9,1.7,3.7,43.5,0,0,0,0,0,0
31.3,28.8,33.8,29.5,32.6,26.4,32.3,30.8,33.8,18.3,21.4,15.2,0.241,3.2,0.0946,3.25,2.68,3.85,0.0733,2.24,1.62,0.0362,0.149,0.239,29.8,22.0,60,20,200,2.2,5.7,2.9,1.9,2.7,3.0,2.7,2.9,1.9,2.5,3.4,5.3,2.0,3.1,42.2,0,0,0,0,0,0
31.8,30.8,32.8,30.1,29.2,31.0,31.1,32.4,29.8,19.0,14.8,23.2,0.243,3.28,0.0964,3.32,2.79,3.93,0.0743,2.3,1.67,0.0381,0.149,0.244,29.6,22.0,60,19,200,1.3,5.9,3.1,2.7,2.2,2.7,2.3,2.9,2.2,2.5,4.0,4.8,1.9,3.1,41.6,0,0,0,0,0,0
33.9,36.0,31.8,31.2,33.2,29.2,32.0,33.8,30.2,19.7,18.8,20.6,0.262,3.45,0.103,3.48,2.94,4.13,0.0809,2.44,1.75,0.0362,0.157,0.26,29.5,22.0,65,20,200,1.2,4.9,3.3,2.7,2.5,2.9,3.1,2.5,2.9,3.0,3.5,5.4,2.2,3.1,43.2,0,0,0,0,0,0
33.1,32.6,33.6,31.2,31.4,31.0,33.8,31.8,35.8,19.1,21.8,16.4,0.282,3.61,0.106,3.68,3.1,4.36,0.0849,2.55,1.85,0.0371,0.162,0.274,29.3,22.0,65,21,200,1.0,4.7,2.9,1.9,2.8,3.4,3.6,2.7,3.3,2.9,2.8,6.0,2.2,3.3,43.5,0,0,0,0,0,0
43.0,43.6,42.4,34.8,33.8,35.8,46.8,48.4,45.2,19.5,23.2,15.8,0.266,3.62,0.102,3.4,3.06,4.13,0.0804,2.37,1.67,0.0368,0.151,0.248,40.6,32.0,93,32,300,47.6,8.43,5.0,2.86,4.14,2.86,4.57,3.86,4.86,5.57,3.43,6.57,1.71,6.14,108.0,0,0,0,0,0,0
38.3,37.8,38.8,32.6,30.8,34.4,36.6,37.0,36.2,19.4,17.8,21.0,0.28,3.69,0.105,3.48,3.16,4.3,0.0825,2.44,1.73,0.0368,0.158,0.258,37.5,29.0,88,29,300,27.7,8.9,5.4,3.6,4.3,2.9,4.5,5.0,4.9,5.2,3.7,8.4,2.9,5.3,92.7,0,0,0,0,0,0
37.8,39.4,36.2,34.7,37.2,32.2,35.8,34.8,36.8,19.1,19.0,19.2,0.278,3.75,0.106,3.44,3.22,4.28,0.0826,2.52,1.77,0.0379,0.159,0.267,35.5,27.0,64,22,300,1.9,8.6,4.7,3.8,3.9,3.3,4.7,4.4,4.1,3.5,4.0,8.1,3.5,5.5,64.0,0,0,0,0,0,0
38.6,39.0,38.2,33.4,34.4,32.4,39.0,38.6,39.4,19.7,22.4,17.0,0.282,3.83,0.107,3.61,3.31,4.45,0.0869,2.57,1.8,0.0369,0.162,0.272,34.3,26.0,68,21,300,1.3,8.6,4.0,4.2,4.0,4.0,4.7,4.0,4.4,4.2,4.3,8.6,3.1,6.8,66.2,0,0,0,0,0,0
36.7,38.8,34.6,34.9,35.6,34.2,50.1,50.4,49.8,19.5,19.4,19.6,0.294,3.92,0.11,3.66,3.33,4.53,0.0874,2.58,1.86,0.0378,0.637,0.278,33.9,26.0,73,22,300,2.5,7.9,4.5,4.5,4.7,3.4,4.7,4.1,4.6,4.7,4.1,8.3,2.8,6.2,67.0,0,0,0,0,0,0
37.0,35.4,38.6,33.2,35.2,31.2,36.3,35.4,37.2,19.1,23.0,15.2,0.293,4.07,0.108,3.69,3.5,4.62,0.0866,2.67,1.88,0.0367,0.642,0.279,33.5,25.0,76,22,300,3.4,8.0,4.6,4.9,4.0,4.2,4.2,3.9,3.7,4.9,3.8,7.3,2.7,5.7,65.3,0,0,0,0,0,0
36.9,40.4,33.4,34.0,32.8,35.2,38.8,38.4,39.2,19.9,20.6,19.2,0.299,4.02,0.115,3.79,3.58,4.72,0.0915,2.73,1.9,0.0368,0.645,0.293,32.9,25.0,72,22,300,3.7,8.2,3.8,3.5,3.6,4.3,4.3,4.2,3.6,5.1,3.7,7.8,2.1,5.7,63.6,0,0,0,0,0,0
38.7,36.2,41.2,33.7,34.8,32.6,38.6,36.4,40.8,21.1,18.4,23.8,0.314,4.19,0.116,3.86,3.58,4.86,0.0947,2.8,1.92,0.0368,0.65,0.296,32.6,24.0,68,22,300,3.2,8.4,4.1,3.4,4.4,3.2,4.4,5.4,3.7,4.3,3.4,8.7,2.2,5.9,64.7,0,0,0,0,0,0
38.1,37.0,39.2,34.6,32.4,36.8,36.7,34.0,39.4,18.5,16.4,20.6,0.315,4.23,0.118,3.99,3.76,4.91,0.0918,2.81,2.01,0.037,0.651,0.298,32.2,24.0,68,21,300,2.7,8.5,3.9,4.1,4.3,3.5,3.7,5.4,3.7,3.3,3.5,8.4,2.9,5.7,63.6,0,0,0,0,0,0
39.6,41.4,37.8,36.6,35.8,37.4,37.4,39.8,35.0,20.4,23.4,17.4,0.318,4.32,0.119,3.99,3.82,4.97,0.0954,2.92,2.05,0.036,0.653,0.302,31.8,24.0,62,21,300,3.4,9.3,4.1,3.4,4.0,5.1,4.0,4.5,4.5,2.8,4.2,7.0,2.7,6.0,65.0,0,0,0,0,0,0
40.3,41.2,39.4,36.0,36.6,35.4,41.1,41.2,41.0,18.5,15.8,21.2,0.332,4.4,0.123,4.15,3.94,5.2,0.1,2.96,2.08,0.037,0.655,0.312,31.6,24.0,67,23,300,3.7,9.3,3.9,3.6,2.5,5.2,4.4,4.2,4.5,2.7,3.9,7.4,2.3,6.9,64.5,0,0,0,0,0,0
38.1,36.6,39.6,34.3,33.2,35.4,38.5,39.0,38.0,19.8,23.4,16.2,0.345,4.51,0.123,4.23,4.01,5.29,0.0997,3.07,2.13,0.0371,0.659,0.323,31.5,24.0,73,22,300,3.4,8.2,3.9,4.3,3.2,4.8,4.2,4.0,4.2,4.1,3.3,10.4,3.3,6.2,67.5,0,0,0,0,0,0
37.2,37.8,36.6,34.7,33.2,36.2,38.9,37.4,40.4,18.8,20.6,17.0,0.356,4.58,0.128,4.29,4.14,5.46,0.105,3.07,2.14,0.036,0.665,0.332,31.2,24.0,70,21,300,2.6,7.9,4.7,5.2,4.9,5.2,3.9,4.5,4.4,3.9,3.8,11.1,3.6,5.2,70.9,0,0,0,0,0,0
37.4,38.6,36.2,34.3,34.8,33.8,37.5,34.6,40.4,20.8,23.0,18.6,0.352,4.67,0.125,4.34,4.17,5.52,0.104,3.15,2.25,0.0368,0.667,0.329,31.1,24.0,67,22,300,1.9,7.3,4.5,4.8,4.8,4.8,3.7,5.5,4.6,3.2,4.9,9.3,2.7,5.3,67.3,0,0,0,0,0,0
39.0,38.4,39.6,32.5,30.4,34.6,39.5,40.0,39.0,19.7,22.2,17.2,0.366,4.8,0.13,4.44,4.28,5.57,0.108,3.27,2.27,0.036,0.67,0.338,31.0,23.0,72,22,300,3.3,7.0,5.0,4.4,3.7,4.0,3.1,5.4,4.1,4.2,4.8,8.2,2.8,5.5,65.5,0,0,0,0,0,0
36.9,35.4,38.4,34.7,35.6,33.8,39.0,38.4,39.6,19.6,23.0,16.2,0.377,4.84,0.134,4.47,4.42,5.72,0.11,3.3,2.3,0.0359,0.672,0.344,30.9,23.0,68,22,300,4.9,7.9,4.5,5.0,3.8,3.4,3.8,4.1,3.8,3.3,3.3,7.7,3.2,5.7,64.4,0,0,0,0,0,0
37.4,39.0,35.8,34.6,36.2,33.0,38.0,38.2,37.8,20.4,18.2,22.6,0.399,5.16,0.14,4.7,4.64,5.97,0.114,3.44,2.41,0.0378,0.679,0.366,31.1,24.0,76,24,300,4.0,8.2,4.8,4.1,5.3,4.3,4.7,3.7,4.2,3.2,2.9,8.7,3.1,6.0,67.2,0,0,0,0,0,0
39.7,38.4,41.0,34.1,33.2,35.0,38.8,40.0,37.6,19.3,22.6,16.0,0.426,5.35,0.146,4.96,4.89,6.36,0.121,3.7,2.54,0.0359,0.687,0.391,31.0,24.0,76,24,300,2.9,7.4,5.5,3.9,4.2,4.8,4.3,3.8,4.6,3.7,3.2,8.4,2.4,6.7,65.8,0,0,0,0,0,0
36.8,37.6,36.0,23.9,20.0,27.8,38.4,36.0,40.8,18.9,20.2,17.6,0.45,5.66,0.153,5.28,5.1,6.61,0.129,3.88,2.68,0.0358,0.697,0.407,30.9,23.0,70,23,300,3.0,7.9,4.4,4.6,3.9,4.2,4.1,3.4,4.3,3.8,3.1,8.6,2.9,6.1,64.3,0,0,0,0,0,0
40.3,39.4,41.2,37.9,35.4,40.4,39.5,37.8,41.2,19.7,22.0,17.4,0.396,5.18,0.135,4.72,4.71,5.98,0.117,3.42,2.36,0.0359,0.207,0.354,37.7,29.0,95,30,400,41.1,9.9,5.1,4.8,4.9,4.3,5.4,4.1,6.4,5.1,5.8,10.6,3.6,6.8,118.0,0,0,0,0,0,0
43.7,43.0,44.4,36.3,34.6,38.0,43.6,43.0,44.2,19.3,17.0,21.6,0.412,5.28,0.144,4.78,4.61,6.02,0.123,3.42,2.38,0.036,0.207,0.369,37.3,28.0,84,24,400,18.3,13.2,5.2,4.3,5.8,4.6,5.3,5.6,7.5,4.8,6.4,9.6,3.0,7.4,101.0,0,0,0,0,0,0
41.3,39.4,43.2,36.5,39.0,34.0,41.4,41.4,41.4,20.9,21.2,20.6,0.421,5.38,0.141,4.78,4.76,6.16,0.122,3.49,2.49,0.0369,0.209,0.364,35.8,27.0,79,24,400,4.1,13.1,5.1,4.3,5.4,5.1,4.7,5.7,5.3,4.5,6.2,8.7,3.4,7.7,83.3,0,0,0,0,0,0
43.1,42.2,44.0,39.7,36.8,42.6,41.3,40.8,41.8,20.5,24.6,16.4,0.41,5.33,0.141,4.83,4.85,6.22,0.121,3.56,2.5,0.0369,0.212,0.371,34.8,27.0,67,23,400,3.8,10.0,5.8,6.3,5.7,5.2,5.4,6.8,4.7,4.6,6.4,9.9,3.7,6.8,85.1,0,0,0,0,0,0
43.4,43.6,43.2,39.4,36.8,42.0,39.5,40.0,39.0,19.2,23.2,15.2,0.426,5.44,0.143,4.81,4.97,6.34,0.127,3.67,2.52,0.0359,0.213,0.382,34.4,27.0,69,25,400,3.5,9.7,5.2,7.1,5.4,5.4,5.0,7.4,5.5,4.5,6.7,10.9,3.3,7.1,86.7,0,0,0,0,0,0
45.8,45.6,46.0,37.9,37.6,38.2,42.0,41.6,42.4,18.6,22.0,15.2,0.436,5.56,0.147,4.94,5.1,6.41,0.127,3.71,2.59,0.0379,0.218,0.39,33.9,26.0,69,25,400,3.6,12.4,5.3,6.5,5.7,5.4,4.7,5.7,5.5,5.1,6.1,12.0,3.5,7.0,88.5,0,0,0,0,0,0
42.8,42.0,43.6,40.4,41.6,39.2,43.5,42.6,44.4,21.1,22.6,19.6,0.437,5.62,0.147,4.87,5.14,6.5,0.124,3.74,2.62,0.0379,0.219,0.387,33.5,26.0,67,24,400,3.7,11.7,5.6,6.2,6.1,4.9,5.5,5.3,5.5,5.0,5.5,11.8,3.6,7.2,87.6,0,0,0,0,0,0
46.3,46.0,46.6,38.7,37.6,39.8,42.8,45.6,40.0,18.7,17.2,20.2,0.444,5.67,0.149,4.92,5.31,6.62,0.131,3.77,2.67,0.0378,0.222,0.387,33.7,26.0,80,24,400,4.1,10.7,6.6,6.1,6.0,5.3,5.4,5.3,4.9,4.6,4.7,11.0,3.3,7.6,85.6,0,0,0,0,0,0
43.6,44.4,42.8,38.2,37.2,39.2,40.2,39.8,40.6,20.0,22.4,17.6,0.439,5.73,0.147,4.99,5.3,6.66,0.127,3.94,2.76,0.038,0.222,0.392,33.4,26.0,82,24,400,3.7,11.2,7.0,6.9,5.7,6.0,6.0,5.7,4.1,5.9,5.0,11.8,3.5,7.4,89.9,0,0,0,0,0,0
42.9,43.0,42.8,37.7,37.4,38.0,42.3,42.8,41.8,20.4,21.2,19.6,0.456,5.83,0.154,5.04,5.42,6.75,0.132,3.9,2.74,0.0381,0.226,0.405,33.2,26.0,71,24,400,4.0,11.3,5.8,6.7,5.0,5.8,6.6,5.3,4.9,5.8,7.3,11.4,3.8,6.9,90.6,0,0,0,0,0,0
44.0,44.8,43.2,36.9,37.0,36.8,43.0,41.2,44.8,19.3,22.2,16.4,0.456,5.9,0.153,5.08,5.56,6.97,0.132,3.93,2.76,0.0372,0.229,0.408,33.2,26.0,74,25,400,4.2,11.3,4.6,6.4,5.4,5.5,6.3,4.7,5.1,6.0,6.7,11.2,4.0,7.0,88.4,0,0,0,0,0,0
44.1,45.0,43.2,38.1,35.4,40.8,39.9,40.0,39.8,20.3,20.0,20.6,0.467,5.94,0.154,5.14,5.57,6.92,0.135,3.98,2.81,0.0383,0.228,0.419,33.1,26.0,74,25,400,3.8,11.2,4.5,6.0,5.2,5.7,5.6,4.9,3.8,5.7,5.3,10.9,4.2,8.9,85.7,0,0,0,0,0,0
43.4,43.0,43.8,41.2,41.4,41.0,42.4,42.6,42.2,21.0,16.6,25.4,0.475,5.96,0.16,5.18,5.68,7.07,0.14,4.07,2.88,0.0365,0.234,0.424,33.1,26.0,70,25,400,3.3,11.4,5.9,5.4,5.5,5.6,5.1,5.1,4.3,4.7,5.4,10.0,4.0,8.9,84.6,0,0,0,0,0,0
43.4,43.4,43.4,38.1,35.8,40.4,42.5,44.6,40.4,20.4,23.0,17.8,0.488,6.1,0.162,5.23,5.75,7.17,0.144,4.09,2.9,0.0383,0.235,0.426,33.1,25.0,72,25,400,3.8,11.6,6.5,5.1,5.0,5.6,5.4,5.2,5.6,4.8,4.4,9.9,4.0,7.3,84.2,0,0,0,0,0,0
43.7,43.0,44.4,39.0,40.0,38.0,41.2,39.6,42.8,21.0,21.8,20.2,0.481,6.06,0.16,5.23,5.87,7.24,0.142,4.15,2.94,0.0375,0.238,0.433,33.0,25.0,72,24,400,4.8,12.3,5.6,5.2,3.6,5.5,5.8,4.3,5.9,5.0,5.6,11.1,4.2,6.9,85.8,0,0,0,0,0,0
43.3,43.6,43.0,39.4,38.2,40.6,43.9,43.2,44.6,19.6,20.6,18.6,0.509,6.37,0.171,5.45,6.23,7.67,0.153,4.34,3.08,0.0364,0.246,0.461,33.0,25.0,77,24,400,4.9,12.2,5.8,5.9,4.7,5.9,5.1,4.9,4.8,5.2,5.7,12.0,4.2,7.5,88.8,0,0,0,0,0,0
43.6,42.2,45.0,39.1,38.4,39.8,41.2,38.0,44.4,19.2,18.8,19.6,0.534,6.68,0.177,5.78,6.52,8.11,0.16,4.59,3.23,0.0374,0.255,0.493,32.9,25.0,76,23,400,4.0,12.2,6.0,6.1,5.3,6.6,4.8,5.8,5.3,4.8,5.3,11.3,3.5,7.3,88.3,0,0,0,0,0,0
43.7,44.0,43.4,31.3,32.6,30.0,42.4,41.8,43.0,21.1,19.0,23.2,0.569,6.99,0.184,6.11,6.86,8.52,0.165,4.88,3.43,0.0375,0.267,0.516,32.8,25.0,73,22,400,2.6,12.5,6.4,5.2,4.5,6.4,5.7,4.6,5.9,5.3,6.3,10.9,3.4,7.7,87.4,0,0,0,0,0,0
43.8,43.6,44.0,29.4,32.2,26.6,52.1,52.0,52.2,18.9,21.8,16.0,0.166,2.17,0.0763,2.1,1.67,2.43,0.0504,1.34,0.985,0.0377,0.118,0.151,39.6,32.0,91,33,200,44.7,6.33,2.33,1.67,3.33,2.0,4.0,4.67,2.0,3.0,3.67,5.0,1.67,5.33,89.7,0,0,0,0,0,0
33.0,35.6,30.4,29.0,30.4,27.6,31.1,31.8,30.4,18.6,17.4,19.8,0.172,2.2,0.0792,2.13,1.73,2.54,0.0523,1.38,1.03,0.0368,0.122,0.157,34.9,27.0,83,27,200,27.3,6.38,2.75,3.13,2.63,2.38,3.38,3.5,2.88,1.75,3.5,6.0,1.88,4.25,71.6,0,0,0,0,0,0
31.2,32.8,29.6,30.9,28.4,33.4,30.9,28.4,33.4,19.7,16.6,22.8,0.175,2.26,0.0805,2.17,1.83,2.58,0.0542,1.46,1.07,0.0386,0.123,0.165,33.1,26.0,63,19,200,9.2,5.9,3.4,2.9,2.5,3.5,3.4,2.7,3.6,2.2,3.4,6.4,1.7,3.4,54.2,0,0,0,0,0,0
33.0,31.2,34.8,29.5,31.2,27.8,35.1,32.2,38.0,18.8,21.4,16.2,0.186,2.35,0.0808,2.27,1.86,2.7,0.0551,1.55,1.1,0.0377,0.128,0.172,31.7,25.0,65,20,200,1.5,6.2,3.4,1.9,2.4,3.6,3.2,2.8,3.9,2.7,2.9,5.9,1.5,3.5,45.4,0,0,0,0,0,0
34.1,33.6,34.6,29.7,28.2,31.2,32.6,34.0,31.2,19.2,14.8,23.6,0.187,2.44,0.0829,2.35,1.96,2.79,0.0547,1.58,1.14,0.0387,0.131,0.181,30.8,24.0,65,19,200,1.5,5.8,2.8,2.5,2.3,2.5,2.6,3.0,3.6,2.6,2.8,6.5,2.0,3.1,43.6,0,0,0,0,0,0
33.6,30.6,36.6,30.2,28.2,32.2,36.1,34.4,37.8,20.0,20.4,19.6,0.191,2.5,0.0836,2.44,2.06,2.86,0.0576,1.66,1.18,0.0378,0.135,0.182,30.5,23.0,70,20,200,1.7,4.6,3.2,2.4,3.1,2.4,2.8,2.8,2.8,3.1,3.7,6.8,2.0,3.2,44.6,0,0,0,0,0,0
31.5,31.0,32.0,30.0,31.2,28.8,32.7,31.0,34.4,19.1,21.2,17.0,0.2,2.61,0.0862,2.55,2.13,2.99,0.0615,1.72,1.24,0.0379,0.136,0.194,30.1,23.0,72,20,200,2.3,4.9,2.9,1.9,3.3,2.6,2.4,3.1,2.6,3.7,3.0,5.7,1.8,4.1,44.3,0,0,0,0,0,0
34.4,33.0,35.8,29.7,28.6,30.8,33.0,33.0,33.0,18.3,18.2,18.4,0.216,2.68,0.0896,2.65,2.27,3.11,0.0661,1.78,1.29,0.0371,0.138,0.2,29.6,22.0,65,19,200,2.1,5.7,3.2,1.9,2.2,2.4,2.4,2.7,2.8,4.1,2.1,5.4,2.3,4.0,43.3,0,0,0,0,0,0
34.6,32.0,37.2,29.9,31.4,28.4,33.5,37.8,29.2,19.0,21.2,16.8,0.209,2.8,0.0919,2.73,2.35,3.23,0.066,1.86,1.35,0.0388,0.143,0.209,29.2,22.0,60,20,200,1.6,6.6,3.2,2.4,2.1,2.6,2.9,1.5,3.1,3.5,2.7,5.9,2.5,3.2,43.8,0,0,0,0,0,0
33.1,33.8,32.4,30.6,33.2,28.0,34.8,35.8,33.8,18.9,17.0,20.8,0.22,2.92,0.0906,2.83,2.44,3.3,0.0659,1.9,1.38,0.0378,0.144,0.214,29.1,22.0,66,20,200,1.6,6.8,2.3,2.9,3.1,4.0,3.4,1.7,2.6,3.1,2.9,6.4,2.4,4.0,47.2,0,0,0,0,0,0
33.4,34.0,32.8,32.2,33.4,31.0,33.4,34.0,32.8,18.7,21.6,15.8,0.227,2.95,0.0953,2.93,2.48,3.43,0.0663,1.98,1.41,0.0387,0.147,0.221,28.8,22.0,65,20,200,2.3,5.5,3.1,3.2,3.6,3.9,3.1,2.8,2.3,3.0,2.4,6.2,2.1,4.0,47.5,0,0,0,0,0,0
34.0,33.8,34.2,30.2,29.4,31.0,34.2,36.2,32.2,18.7,20.0,17.4,0.245,3.06,0.0988,2.95,2.64,3.55,0.0725,2.04,1.45,0.0378,0.151,0.227,29.0,22.0,71,21,200,3.2,5.2,2.7,2.8,3.2,2.5,2.6,3.0,3.2,3.1,2.6,6.3,2.0,3.5,45.9,0,0,0,0,0,0
31.8,31.0,32.6,30.8,31.2,30.4,32.1,29.0,35.2,18.8,15.6,22.0,0.254,3.12,0.0992,3.09,2.69,3.64,0.0747,2.12,1.47,0.0379,0.155,0.237,28.8,22.0,67,21,200,2.2,6.0,2.8,1.8,2.5,1.9,3.2,2.9,2.5,2.8,3.2,5.6,2.0,4.8,44.2,0,0,0,0,0,0
33.6,34.4,32.8,28.6,28.8,28.4,34.6,36.8,32.4,18.9,17.2,20.6,0.25,3.22,0.103,3.13,2.78,3.73,0.0746,2.15,1.54,0.0386,0.156,0.239,28.7,22.0,65,20,200,1.8,6.7,3.1,1.8,2.6,2.4,3.7,3.2,2.1,3.0,3.0,4.9,1.8,3.9,44.0,0,0,0,0,0,0
34.1,31.8,36.4,30.9,28.6,33.2,31.4,33.2,29.6,18.4,15.4,21.4,0.261,3.29,0.101,3.21,2.9,3.79,0.0841,2.21,1.59,0.0386,0.16,0.253,28.6,21.0,65,20,200,1.8,5.9,3.0,2.1,2.7,3.1,3.4,3.3,3.1,3.2,2.6,5.1,2.0,3.0,44.3,0,0,0,0,0,0
31.8,33.0,30.6,31.4,29.6,33.2,34.5,31.2,37.8,19.8,16.2,23.4,0.268,3.36,0.104,3.24,2.95,3.96,0.0836,2.3,1.61,0.0378,0.164,0.26,28.5,21.0,63,20,200,1.4,5.5,3.4,3.0,2.3,2.8,2.5,3.7,2.8,2.7,2.7,5.0,1.9,3.5,43.2,0,0,0,0,0,0
32.1,34.8,29.4,32.3,32.8,31.8,32.6,33.4,31.8,20.6,23.0,18.2,0.272,3.47,0.106,3.33,3.07,4.04,0.0835,2.37,1.68,0.0366,0.163,0.269,28.5,21.0,66,21,200,1.7,6.5,3.0,3.1,2.6,3.0,2.2,4.0,3.2,2.4,2.7,5.6,1.7,4.2,45.9,0,0,0,0,0,0
34.1,32.4,35.8,30.7,28.0,33.4,34.7,32.6,36.8,19.8,18.0,21.6,0.287,3.64,0.108,3.52,3.23,4.28,0.0867,2.5,1.76,0.0377,0.171,0.278,28.6,21.0,70,21,200,2.0,5.3,3.0,2.6,3.2,3.3,2.4,3.3,3.8,2.4,2.7,6.6,1.7,3.9,46.2,0,0,0,0,0,0
33.4,34.6,32.2,31.9,34.6,29.2,32.4,32.0,32.8,18.2,15.8,20.6,0.299,3.87,0.111,3.74,3.39,4.49,0.0898,2.68,1.86,0.0376,0.177,0.294,28.4,21.0,67,20,200,2.4,5.2,3.3,2.5,2.9,2.8,2.9,2.4,3.4,2.2,3.0,6.1,1.5,3.6,44.2,0,0,0,0,0,0
40.0,40.4,39.6,35.1,33.0,37.2,46.4,46.0,46.8,19.2,21.8,16.6,0.284,3.77,0.105,3.6,3.14,4.27,0.085,2.47,1.72,0.0364,0.165,0.268,40.7,31.0,91,30,300,44.0,9.14,3.43,3.0,3.86,5.29,4.43,3.57,3.43,4.86,5.0,8.0,3.29,6.71,108.0,0,0,0,0,0,0
38.0,38.0,38.0,36.6,36.8,36.4,35.9,37.6,34.2,19.3,20.6,18.0,0.274,3.83,0.103,3.61,3.16,4.43,0.0811,2.48,1.76,0.0383,0.164,0.273,37.4,27.0,93,27,300,24.8,9.7,3.5,4.0,4.3,3.5,4.3,2.9,4.7,5.2,4.3,7.7,2.6,6.7,88.2,0,0,0,0,0,0
36.8,33.2,40.4,38.0,38.8,37.2,42.8,43.8,41.8,19.3,20.6,18.0,0.281,3.92,0.106,3.75,3.24,4.49,0.0834,2.56,1.8,0.0381,0.166,0.279,36.3,27.0,76,22,300,2.3,9.5,3.7,5.2,3.2,2.5,3.3,3.7,4.6,4.4,3.7,7.4,1.4,5.5,60.4,0,0,0,0,0,0
37.4,39.2,35.6,34.5,36.0,33.0,38.6,38.6,38.6,18.8,20.2,17.4,0.285,4.02,0.108,3.85,3.24,4.57,0.0836,2.66,1.83,0.0372,0.173,0.29,35.4,26.0,76,23,300,2.1,8.3,4.5,5.0,4.0,3.4,4.2,4.9,3.8,4.6,4.4,10.1,2.7,6.0,68.0,0,0,0,0,0,0
38.1,39.6,36.6,37.3,37.4,37.2,39.2,39.2,39.2,19.7,20.0,19.4,0.289,4.01,0.106,3.82,3.35,4.56,0.0839,2.67,1.85,0.0373,0.171,0.286,34.9,26.0,78,23,300,3.4,6.9,4.2,4.5,4.5,4.4,4.0,3.9,4.2,5.1,4.1,10.0,3.4,6.2,68.8,0,0,0,0,0,0
35.2,37.0,33.4,36.7,35.0,38.4,53.6,53.2,54.0,18.3,20.8,15.8,0.295,4.11,0.112,4.0,3.36,4.7,0.0889,2.75,1.9,0.0372,0.659,0.29,34.3,25.0,76,23,300,2.9,8.0,3.7,4.6,4.2,4.4,2.8,3.7,5.2,4.4,4.4,8.1,2.3,6.8,65.5,0,0,0,0,0,0
36.8,37.2,36.4,36.5,35.0,38.0,39.7,41.4,38.0,20.1,21.8,18.4,0.307,4.18,0.113,4.11,3.44,4.8,0.0921,2.81,1.97,0.0372,0.66,0.296,33.5,25.0,66,22,300,1.9,8.4,3.6,4.7,4.6,4.1,3.7,4.4,5.2,3.6,4.7,8.4,2.6,6.3,66.2,0,0,0,0,0,0
37.7,36.6,38.8,35.1,34.8,35.4,37.2,36.2,38.2,18.8,19.2,18.4,0.312,4.29,0.114,4.21,3.42,4.87,0.0919,2.86,2.0,0.0361,0.662,0.307,33.2,24.0,67,21,300,2.3,8.2,4.3,4.0,5.7,3.6,4.9,5.0,4.3,3.3,3.7,9.1,3.6,6.0,68.0,0,0,0,0,0,0
37.9,41.0,34.8,35.2,37.0,33.4,41.4,40.4,42.4,19.2,15.4,23.0,0.31,4.26,0.115,4.24,3.5,4.96,0.093,2.87,2.04,0.0371,0.662,0.305,32.8,24.0,70,22,300,2.4,8.6,3.7,3.8,6.1,3.0,4.2,5.0,4.4,2.8,3.7,7.7,2.6,5.8,63.8,0,0,0,0,0,0
35.8,34.2,37.4,38.2,37.4,39.0,35.4,37.8,33.0,18.9,16.0,21.8,0.32,4.41,0.115,4.34,3.52,5.05,0.0932,2.98,2.06,0.0372,0.664,0.314,32.3,24.0,63,20,300,2.9,8.6,3.2,4.3,4.5,3.0,4.5,4.2,4.4,3.0,3.9,6.6,1.8,6.5,61.4,0,0,0,0,0,0
35.2,35.2,35.2,36.6,37.4,35.8,38.3,36.8,39.8,19.1,19.6,18.6,0.331,4.51,0.118,4.4,3.58,5.15,0.0892,3.06,2.1,0.0363,0.667,0.311,32.2,24.0,75,21,300,2.9,8.1,4.4,3.6,3.3,4.1,5.3,4.0,5.0,3.1,4.5,7.8,2.5,6.4,65.0,0,0,0,0,0,0
37.1,36.2,38.0,36.5,35.4,37.6,38.0,40.0,36.0,19.3,22.0,16.6,0.338,4.57,0.119,4.58,3.57,5.16,0.0932,3.09,2.17,0.0381,0.668,0.317,31.8,23.0,74,22,300,2.6,8.4,3.5,4.2,3.9,5.4,4.5,5.3,5.1,3.2,4.4,7.4,2.5,5.2,65.6,0,0,0,0,0,0
38.8,37.6,40.0,38.6,35.4,41.8,39.1,37.4,40.8,20.4,22.8,18.0,0.345,4.57,0.121,4.69,3.7,5.37,0.098,3.14,2.21,0.0373,0.674,0.321,31.9,23.0,73,23,300,2.7,7.8,3.9,5.9,4.1,5.0,3.9,4.2,4.5,4.2,3.2,9.0,3.3,5.6,67.3,0,0,0,0,0,0
36.3,36.8,35.8,36.4,35.6,37.2,40.7,41.6,39.8,19.7,21.8,17.6,0.354,4.71,0.127,4.82,3.76,5.39,0.103,3.19,2.29,0.0363,0.673,0.337,31.8,24.0,72,24,300,2.4,7.8,4.9,4.8,3.6,4.6,4.6,3.1,4.5,5.5,4.0,10.5,3.3,5.8,69.4,0,0,0,0,0,0
40.1,39.6,40.6,34.6,32.2,37.0,38.5,39.4,37.6,20.6,20.4,20.8,0.371,4.73,0.131,4.85,3.81,5.5,0.105,3.21,2.3,0.0373,0.677,0.341,31.9,24.0,76,25,300,2.7,8.1,4.4,2.9,3.4,4.9,4.4,4.5,4.5,4.7,4.1,9.0,3.0,5.3,65.9,0,0,0,0,0,0
36.3,34.6,38.0,36.2,36.6,35.8,39.9,40.0,39.8,18.9,17.4,20.4,0.398,4.88,0.136,4.96,3.88,5.62,0.11,3.31,2.36,0.0381,0.68,0.357,31.8,24.0,76,23,300,2.6,8.3,4.6,2.8,3.8,4.5,3.4,4.9,4.1,3.3,4.4,9.4,3.6,5.4,65.1,0,0,0,0,0,0
39.7,39.4,40.0,36.2,36.2,36.2,40.8,38.8,42.8,18.7,23.6,13.8,0.42,5.1,0.145,5.22,4.16,5.95,0.119,3.54,2.5,0.0382,0.69,0.384,31.7,24.0,70,23,300,2.2,8.6,4.5,2.4,4.8,3.7,3.7,5.3,4.2,4.0,4.5,9.5,3.6,6.4,67.4,0,0,0,0,0,0
34.8,35.2,34.4,33.9,33.6,34.2,37.7,35.0,40.4,18.9,16.4,21.4,0.441,5.4,0.151,5.46,4.36,6.28,0.124,3.73,2.62,0.0381,0.697,0.397,31.6,23.0,74,21,300,2.9,8.8,4.1,3.5,4.1,2.7,4.1,5.2,4.0,4.6,4.8,9.2,3.8,5.9,67.7,0,0,0,0,0,0
37.4,39.0,35.8,26.2,28.8,23.6,40.1,38.6,41.6,18.9,18.0,19.8,0.469,5.64,0.156,5.76,4.6,6.6,0.131,3.92,2.78,0.0373,0.706,0.419,31.4,23.0,66,20,300,3.8,9.0,3.3,4.0,2.9,3.3,4.4,4.6,3.8,4.7,4.9,8.7,3.3,4.7,65.4,0,0,0,0,0,0
40.6,38.4,42.8,38.5,37.8,39.2,41.1,39.6,42.6,18.9,22.2,15.6,0.435,5.24,0.145,5.19,4.11,5.94,0.12,3.49,2.48,0.0364,0.692,0.364,36.7,28.0,94,29,400,42.2,11.5,5.1,5.9,4.7,4.9,4.7,5.9,4.0,5.5,5.2,8.3,3.4,7.2,119.0,0,0,0,0,0,0
44.0,45.4,42.6,37.8,37.6,38.0,42.1,41.8,42.4,19.2,19.4,19.0,0.442,5.31,0.146,5.12,4.24,6.0,0.121,3.53,2.49,0.0365,0.211,0.376,35.7,27.0,68,23,400,18.8,12.1,5.2,7.1,4.3,4.6,5.3,6.5,4.5,5.4,5.0,10.0,3.9,8.1,101.0,0,0,0,0,0,0
41.9,41.0,42.8,38.1,39.2,37.0,43.0,41.8,44.2,19.0,17.0,21.0,0.453,5.35,0.148,5.19,4.33,6.09,0.123,3.61,2.51,0.0375,0.215,0.376,34.5,26.0,72,23,400,3.6,11.5,4.7,5.5,5.6,4.6,5.4,5.3,5.1,5.5,5.6,11.2,4.2,8.1,85.9,0,0,0,0,0,0
41.9,42.4,41.4,38.2,39.8,36.6,42.2,42.6,41.8,19.7,17.6,21.8,0.446,5.43,0.147,5.24,4.43,6.19,0.123,3.63,2.55,0.0384,0.216,0.382,33.8,26.0,72,23,400,3.9,10.3,4.9,3.8,6.5,5.9,5.4,5.8,6.6,5.7,5.6,12.2,4.3,7.3,88.2,0,0,0,0,0,0
43.2,41.4,45.0,37.3,37.6,37.0,44.1,43.6,44.6,18.9,19.0,18.8,0.453,5.66,0.152,5.34,4.61,6.22,0.126,3.73,2.62,0.0384,0.219,0.39,33.2,25.0,72,23,400,4.1,11.2,4.2,4.8,5.9,5.6,6.0,5.9,5.9,5.0,5.3,10.8,3.0,6.6,84.3,0,0,0,0,0,0
44.2,42.6,45.8,40.4,41.6,39.2,41.2,39.0,43.4,19.8,22.2,17.4,0.464,5.63,0.154,5.39,4.74,6.31,0.13,3.69,2.67,0.0374,0.226,0.392,32.9,25.0,71,23,400,3.9,12.6,4.9,5.5,5.3,4.4,6.6,5.9,5.5,5.2,5.9,10.4,2.7,8.2,87.0,0,0,0,0,0,0
42.3,40.8,43.8,38.1,37.4,38.8,41.7,41.4,42.0,19.1,17.0,21.2,0.457,5.68,0.156,5.48,4.79,6.5,0.132,3.82,2.72,0.0384,0.224,0.406,32.9,25.0,74,24,400,3.4,12.3,5.4,5.9,4.8,4.4,5.5,6.7,6.8,4.9,6.5,11.2,3.6,7.2,88.6,0,0,0,0,0,0
44.1,46.0,42.2,39.6,41.4,37.8,42.3,42.6,42.0,20.6,19.2,22.0,0.464,5.77,0.156,5.35,4.96,6.5,0.131,3.86,2.72,0.0366,0.23,0.407,33.0,25.0,81,24,400,3.1,10.6,5.4,5.3,5.7,5.7,4.7,6.5,6.6,4.6,6.8,11.0,3.6,5.8,85.4,0,0,0,0,0,0
42.8,39.2,46.4,39.0,36.8,41.2,42.4,42.8,42.0,18.7,15.8,21.6,0.474,5.88,0.159,5.46,4.95,6.65,0.133,3.95,2.79,0.0383,0.232,0.416,32.8,25.0,77,24,400,3.4,10.7,5.8,5.2,6.9,5.1,5.2,6.3,5.7,5.0,6.0,12.1,3.6,6.8,87.8,0,0,0,0,0,0
42.7,41.8,43.6,41.3,38.4,44.2,44.4,43.0,45.8,20.8,18.0,23.6,0.473,5.84,0.156,5.43,5.09,6.85,0.131,4.02,2.81,0.0384,0.235,0.415,32.7,25.0,70,23,400,3.9,12.7,5.3,5.9,6.1,4.3,5.7,6.4,5.1,4.8,4.6,12.6,3.9,7.8,89.1,0,0,0,0,0,0
44.6,43.0,46.2,39.1,41.2,37.0,43.2,45.2,41.2,19.7,19.4,20.0,0.484,5.97,0.16,5.61,5.14,6.92,0.135,4.11,2.9,0.0365,0.235,0.426,32.5,25.0,71,23,400,3.8,11.6,5.5,5.7,5.7,5.3,6.0,5.9,5.5,5.7,4.3,12.8,3.9,7.9,89.6,0,0,0,0,0,0
45.2,44.8,45.6,38.5,37.6,39.4,44.7,44.4,45.0,19.5,22.4,16.6,0.469,5.98,0.16,5.59,5.23,6.97,0.134,4.09,2.89,0.0368,0.237,0.423,32.7,25.0,79,24,400,3.6,11.2,5.7,5.8,5.8,5.7,6.5,5.5,5.6,5.9,5.2,13.5,3.8,6.2,90.0,0,0,0,0,0,0
40.2,43.2,37.2,36.6,35.8,37.4,41.3,38.8,43.8,20.4,24.0,16.8,0.475,6.13,0.156,5.64,5.27,7.1,0.129,4.13,2.92,0.0375,0.239,0.428,32.6,25.0,77,24,400,3.5,12.4,5.2,5.3,5.1,5.3,6.3,5.5,5.3,6.0,5.5,12.1,3.6,6.7,87.8,0,0,0,0,0,0
45.4,43.0,47.8,40.1,40.2,40.0,43.7,45.6,41.8,18.7,17.6,19.8,0.485,6.19,0.16,5.69,5.45,7.22,0.136,4.18,2.94,0.0377,0.247,0.439,32.7,25.0,81,25,400,3.2,11.1,5.0,5.4,5.5,5.0,6.0,5.1,5.7,5.8,5.5,10.1,3.6,8.5,85.5,0,0,0,0,0,0
43.0,41.6,44.4,37.1,38.0,36.2,45.4,45.6,45.2,19.1,16.8,21.4,0.499,6.27,0.165,5.8,5.51,7.34,0.14,4.23,2.98,0.0376,0.247,0.441,32.9,25.0,81,27,400,3.6,10.6,4.9,6.6,5.0,4.8,5.9,5.0,6.1,5.1,4.8,11.1,4.5,8.6,86.6,0,0,0,0,0,0
44.2,42.4,46.0,40.0,39.2,40.8,42.2,42.6,41.8,20.0,22.6,17.4,0.528,6.48,0.172,6.03,5.83,7.7,0.146,4.36,3.09,0.0386,0.257,0.462,32.7,25.0,76,25,400,3.4,11.3,5.0,5.7,5.0,5.2,5.4,5.7,5.9,4.9,5.4,11.8,4.4,9.3,88.4,0,0,0,0,0,0
42.8,40.8,44.8,37.2,37.4,37.0,43.5,41.8,45.2,19.1,17.0,21.2,0.558,6.86,0.182,6.29,6.22,8.12,0.156,4.7,3.31,0.0375,0.264,0.498,32.7,25.0,76,24,400,3.1,11.0,6.3,4.5,5.2,5.7,5.4,5.3,5.1,4.7,6.5,11.3,3.5,9.1,86.7,0,0,0,0,0,0
42.8,41.4,44.2,30.7,31.8,29.6,42.2,43.4,41.0,20.1,16.8,23.4,0.586,7.2,0.19,6.69,6.45,8.5,0.164,4.88,3.48,0.0367,0.277,0.52,32.7,25.0,78,24,400,4.3,10.3,5.9,5.5,4.9,5.7,5.8,5.8,5.1,5.5,5.7,12.2,3.7,7.2,87.6,0,0,0,0,0,0
44.5,46.8,42.2,29.0,27.4,30.6,52.3,51.4,53.2,20.3,19.2,21.4,0.136,2.08,0.0676,1.52,2.14,2.38,0.0497,1.29,0.985,0.0374,0.119,0.146,38.9,31.0,89,31,200,42.7,6.33,4.0,3.33,2.33,3.67,4.67,2.67,4.33,2.67,2.33,5.67,3.0,2.33,90.0,0,0,0,0,0,0
33.1,32.4,33.8,29.8,27.6,32.0,34.5,34.8,34.2,19.1,19.0,19.2,0.144,2.21,0.0729,1.6,2.21,2.48,0.0498,1.36,1.01,0.0392,0.126,0.16,35.3,28.0,81,27,200,27.8,6.38,3.38,3.13,2.5,3.0,4.13,2.0,3.0,3.13,1.75,5.38,2.38,3.5,71.4,0,0,0,0,0,0
32.2,33.0,31.4,30.8,28.4,33.2,31.5,33.8,29.2,20.4,23.0,17.8,0.151,2.3,0.072,1.62,2.24,2.49,0.0493,1.4,1.03,0.0383,0.127,0.161,32.9,26.0,56,21,200,10.5,6.5,2.8,2.5,3.6,3.2,3.2,2.0,2.4,3.2,1.8,5.6,2.5,4.2,54.0,0,0,0,0,0,0
34.8,35.8,33.8,29.4,30.0,28.8,33.7,34.6,32.8,19.2,19.4,19.0,0.152,2.36,0.0733,1.75,2.28,2.68,0.049,1.47,1.07,0.0382,0.13,0.163,31.8,25.0,56,22,200,2.5,6.3,2.4,1.6,3.6,3.0,3.2,2.2,2.5,2.3,2.5,5.2,2.2,4.6,44.1,0,0,0,0,0,0
30.8,30.6,31.0,28.6,29.4,27.8,33.0,34.6,31.4,18.4,15.2,21.6,0.166,2.5,0.0768,1.88,2.33,2.69,0.055,1.52,1.15,0.0393,0.134,0.17,31.0,25.0,63,21,200,2.4,5.2,2.8,1.8,3.2,1.8,3.3,2.1,3.1,2.5,2.2,4.6,1.6,4.9,41.5,0,0,0,0,0,0
34.2,36.6,31.8,29.9,31.4,28.4,34.5,31.8,37.2,19.4,17.8,21.0,0.169,2.57,0.0769,1.98,2.43,2.81,0.0532,1.58,1.16,0.0384,0.138,0.176,30.6,24.0,65,21,200,2.4,5.5,2.8,3.1,4.0,2.0,2.8,2.6,3.5,2.5,2.4,4.9,1.7,4.7,44.9,0,0,0,0,0,0
33.5,34.8,32.2,30.7,31.8,29.6,32.6,29.6,35.6,18.9,20.0,17.8,0.178,2.71,0.0775,2.07,2.48,2.89,0.0563,1.62,1.23,0.0382,0.139,0.185,30.2,24.0,66,21,200,2.4,7.3,2.2,3.0,3.1,3.0,2.1,2.8,2.3,2.3,3.5,4.7,1.3,4.0,44.0,0,0,0,0,0,0
31.3,29.4,33.2,29.2,26.0,32.4,33.0,32.2,33.8,19.3,17.8,20.8,0.177,2.81,0.0796,2.21,2.55,3.03,0.0584,1.7,1.26,0.039,0.144,0.192,30.1,24.0,68,22,200,2.2,6.5,3.3,2.8,2.2,3.7,2.0,2.4,1.4,2.8,3.0,5.7,1.6,4.1,43.7,0,0,0,0,0,0
31.7,30.2,33.2,31.2,28.2,34.2,33.5,34.8,32.2,19.4,19.6,19.2,0.182,2.86,0.08,2.26,2.62,3.13,0.0558,1.74,1.29,0.0381,0.146,0.196,29.8,24.0,64,22,200,2.8,5.4,3.3,3.4,2.2,3.6,2.4,2.6,1.7,3.0,2.8,5.9,1.6,3.8,44.5,0,0,0,0,0,0
34.7,33.6,35.8,31.5,30.2,32.8,35.3,37.8,32.8,18.6,22.6,14.6,0.199,2.94,0.0837,2.42,2.66,3.24,0.0611,1.82,1.34,0.0382,0.148,0.206,29.7,23.0,66,22,200,2.5,5.1,2.8,3.1,2.3,3.3,1.8,2.7,2.5,2.8,3.1,5.5,1.6,3.0,42.1,0,0,0,0,0,0
31.7,35.0,28.4,29.9,33.2,26.6,33.4,29.4,37.4,18.6,15.2,22.0,0.217,3.08,0.0887,2.56,2.71,3.35,0.0654,1.92,1.41,0.0391,0.155,0.212,29.5,23.0,65,20,200,2.0,5.6,2.8,2.5,3.4,3.6,1.1,2.5,3.5,2.5,3.2,6.2,2.1,3.2,44.2,0,0,0,0,0,0
33.8,36.6,31.0,30.9,31.2,30.6,33.3,37.2,29.4,18.7,21.6,15.8,0.216,3.12,0.0915,2.66,2.79,3.43,0.0685,1.97,1.44,0.0371,0.158,0.228,29.3,23.0,63,21,200,1.9,6.0,3.1,2.2,3.7,2.8,1.7,2.2,3.6,3.2,3.9,6.5,2.3,2.9,46.0,0,0,0,0,0,0
31.9,31.8,32.0,30.5,28.8,32.2,33.5,34.6,32.4,19.9,15.6,24.2,0.24,3.25,0.0944,2.77,2.81,3.55,0.0712,2.03,1.49,0.038,0.164,0.231,29.2,23.0,62,22,200,1.7,6.1,3.5,2.3,2.9,2.4,2.4,2.6,3.2,2.7,3.8,7.3,3.0,2.7,46.6,0,0,0,0,0,0
33.7,32.4,35.0,30.4,31.6,29.2,34.3,35.4,33.2,19.5,19.6,19.4,0.247,3.31,0.0971,2.83,2.92,3.62,0.0767,2.09,1.53,0.0381,0.166,0.24,29.3,23.0,67,23,200,1.9,6.8,2.4,2.2,3.2,2.3,2.3,3.1,3.7,1.9,3.3,6.0,2.5,3.3,44.9,0,0,0,0,0,0
32.6,30.0,35.2,29.7,31.0,28.4,32.0,30.8,33.2,19.1,21.6,16.6,0.264,3.46,0.102,2.95,2.99,3.72,0.0775,2.21,1.57,0.038,0.17,0.245,29.1,23.0,66,22,200,2.0,6.5,2.0,2.4,3.2,1.8,2.9,3.0,3.9,2.0,2.9,4.8,1.9,3.9,43.2,0,0,0,0,0,0
35.4,34.4,36.4,31.1,33.0,29.2,35.4,31.8,39.0,18.1,15.8,20.4,0.273,3.54,0.103,3.09,3.05,3.86,0.0827,2.24,1.63,0.0379,0.171,0.252,29.0,23.0,63,21,200,2.7,5.4,2.2,3.6,3.2,2.9,3.2,2.5,2.8,2.0,2.9,5.1,2.0,3.3,43.8,0,0,0,0,0,0
32.6,31.8,33.4,30.1,31.8,28.4,32.1,32.6,31.6,18.7,20.8,16.6,0.281,3.61,0.105,3.21,3.21,3.99,0.0844,2.33,1.67,0.038,0.176,0.263,29.1,23.0,69,21,200,2.5,4.5,2.8,3.3,3.8,3.4,3.3,2.5,2.3,3.2,2.3,6.3,2.0,3.4,45.6,0,0,0,0,0,0
34.6,30.4,38.8,31.3,32.8,29.8,32.8,33.6,32.0,18.6,16.8,20.4,0.293,3.78,0.108,3.35,3.31,4.2,0.0831,2.46,1.79,0.0372,0.182,0.277,29.1,23.0,72,21,200,1.8,5.2,3.0,2.3,3.4,2.9,3.3,2.7,2.8,3.3,2.4,7.0,1.7,3.5,45.3,0,0,0,0,0,0
33.7,34.2,33.2,30.8,32.8,28.8,34.2,37.0,31.4,19.0,22.0,16.0,0.314,4.01,0.111,3.54,3.56,4.37,0.091,2.6,1.89,0.0389,0.19,0.292,29.1,23.0,70,22,200,1.4,5.2,2.6,2.6,2.8,3.0,2.9,2.5,2.3,3.0,3.0,6.1,1.6,4.2,43.2,0,0,0,0,0,0
55.2,55.6,54.8,39.9,41.2,38.6,59.1,58.2,60.0,20.0,18.4,21.6,0.279,3.07,0.1,3.17,3.14,3.93,0.0804,2.32,1.7,0.0386,0.175,0.26,34.1,27.0,81,27,200,38.0,3.0,2.0,2.5,2.5,2.5,2.0,2.5,2.0,3.0,3.5,4.0,0.5,7.0,75.0,0,0,0,0,0,0
39.6,38.2,41.0,34.5,33.6,35.4,47.0,47.8,46.2,18.8,17.4,20.2,0.28,3.84,0.101,3.44,3.23,4.28,0.0786,2.46,1.75,0.0367,0.177,0.265,41.9,31.0,100,31,300,45.1,6.29,3.86,5.0,4.43,5.0,5.14,4.71,4.14,4.14,4.43,9.0,2.43,6.71,110.0,0,0,0,0,0,0
36.8,34.6,39.0,35.9,35.2,36.6,38.1,38.6,37.6,20.5,20.6,20.4,0.277,3.95,0.102,3.57,3.25,4.38,0.0805,2.47,1.81,0.0365,0.179,0.266,37.6,28.0,100,28,300,25.0,7.9,4.6,4.8,3.8,4.3,4.4,4.6,4.7,4.0,3.9,8.5,2.4,6.6,89.5,0,0,0,0,0,0
36.9,39.8,34.0,33.9,33.8,34.0,37.6,38.8,36.4,18.5,19.4,17.6,0.288,3.96,0.106,3.65,3.3,4.41,0.0829,2.57,1.81,0.0377,0.182,0.276,35.7,26.0,64,21,300,2.2,9.1,4.0,4.1,4.0,3.6,3.4,3.9,3.9,2.8,3.6,7.0,2.0,6.4,60.0,0,0,0,0,0,0
35.5,34.6,36.4,34.2,37.6,30.8,39.1,39.8,38.4,19.8,21.6,18.0,0.301,4.0,0.107,3.7,3.34,4.49,0.0856,2.6,1.87,0.0376,0.183,0.276,34.7,25.0,69,22,300,2.9,8.9,3.5,5.8,4.8,5.0,4.3,4.1,3.4,3.1,4.9,8.6,2.6,5.4,67.3,0,0,0,0,0,0
39.3,40.2,38.4,33.6,33.4,33.8,47.5,49.0,46.0,19.0,19.4,18.6,0.302,4.08,0.109,3.79,3.37,4.56,0.0881,2.69,1.91,0.0366,0.441,0.281,33.5,24.0,64,21,300,2.8,7.6,3.7,6.0,4.5,4.2,3.6,4.5,3.4,3.7,4.1,7.3,2.3,5.9,63.6,0,0,0,0,0,0
34.3,33.4,35.2,35.0,36.6,33.4,39.0,40.8,37.2,20.6,19.2,22.0,0.293,4.2,0.107,3.89,3.46,4.64,0.0853,2.72,1.95,0.0376,0.612,0.281,33.1,24.0,67,22,300,2.3,8.6,4.0,4.4,4.9,3.9,4.0,4.8,4.1,3.9,3.5,6.5,2.0,5.4,62.3,0,0,0,0,0,0
37.2,40.6,33.8,32.8,32.8,32.8,40.2,42.4,38.0,18.3,21.2,15.4,0.288,4.25,0.105,3.96,3.49,4.73,0.0856,2.74,1.98,0.0368,0.612,0.288,32.4,24.0,68,21,300,2.2,9.3,4.1,3.8,4.5,4.5,4.4,4.6,5.2,4.2,4.7,7.9,2.2,4.5,66.1,0,0,0,0,0,0
35.4,35.6,35.2,35.4,37.2,33.6,37.0,35.4,38.6,19.0,23.2,14.8,0.298,4.33,0.104,4.03,3.54,4.8,0.0842,2.8,1.98,0.0385,0.612,0.289,32.1,24.0,68,21,300,3.1,9.0,3.2,3.8,4.6,4.1,3.5,4.3,4.7,3.9,4.4,7.0,2.1,5.4,63.1,0,0,0,0,0,0
41.7,43.0,40.4,34.0,34.2,33.8,41.4,42.8,40.0,19.2,20.0,18.4,0.295,4.39,0.11,4.17,3.6,4.88,0.0892,2.86,2.03,0.0377,0.616,0.292,32.0,24.0,71,24,300,3.2,9.2,3.7,3.6,4.4,4.1,4.0,4.0,3.8,4.0,3.5,7.5,2.8,5.0,62.8,0,0,0,0,0,0
36.2,35.2,37.2,35.1,32.8,37.4,37.4,40.8,34.0,20.4,19.0,21.8,0.309,4.47,0.113,4.3,3.65,5.01,0.0907,2.93,2.11,0.0376,0.617,0.3,31.7,23.0,71,23,300,2.8,8.4,4.7,3.1,3.4,5.2,5.0,4.0,4.0,4.0,3.8,9.3,3.4,5.9,67.0,0,0,0,0,0,0
38.0,39.6,36.4,34.5,31.8,37.2,40.2,39.6,40.8,19.2,20.8,17.6,0.312,4.51,0.115,4.41,3.68,5.13,0.0955,2.99,2.13,0.0387,0.62,0.309,31.4,23.0,67,21,300,3.1,7.3,4.5,3.6,3.8,4.9,4.7,4.4,4.5,3.9,4.1,8.6,3.3,6.3,67.0,0,0,0,0,0,0
37.4,35.4,39.4,33.4,33.6,33.2,38.5,40.6,36.4,20.8,22.0,19.6,0.345,4.61,0.119,4.44,3.74,5.18,0.0966,3.04,2.2,0.0388,0.626,0.315,31.4,23.0,72,23,300,3.1,7.9,4.1,4.6,4.5,3.6,3.6,5.3,4.2,3.8,3.5,9.0,4.0,6.3,67.5,0,0,0,0,0,0
37.6,39.0,36.2,35.3,37.0,33.6,37.8,36.8,38.8,18.7,16.0,21.4,0.348,4.67,0.122,4.56,3.81,5.28,0.101,3.1,2.23,0.0376,0.626,0.319,31.2,23.0,73,22,300,2.6,8.1,3.3,5.3,4.2,3.9,4.1,5.6,3.4,3.8,2.7,8.6,3.6,6.5,65.7,0,0,0,0,0,0
37.2,36.2,38.2,33.4,32.2,34.6,38.6,37.8,39.4,18.5,20.0,17.0,0.364,4.84,0.127,4.69,3.92,5.34,0.109,3.2,2.25,0.0378,0.629,0.331,31.0,23.0,69,22,300,2.2,8.2,3.7,4.2,4.3,4.1,4.9,5.0,3.7,4.5,2.9,8.5,3.1,6.0,65.3,0,0,0,0,0,0
36.2,38.6,33.8,36.7,35.2,38.2,39.0,39.4,38.6,18.8,20.8,16.8,0.37,4.84,0.127,4.79,3.91,5.54,0.106,3.24,2.27,0.0368,0.63,0.333,31.1,23.0,71,22,300,2.9,7.5,4.4,2.9,4.4,4.4,5.1,4.1,4.0,5.0,4.1,10.2,3.5,5.8,68.3,0,0,0,0,0,0
38.8,38.6,39.0,34.7,34.2,35.2,39.5,41.0,38.0,20.2,20.2,20.2,0.379,4.93,0.131,4.92,3.97,5.67,0.111,3.28,2.36,0.0378,0.634,0.345,31.1,23.0,70,23,300,2.9,6.5,4.6,3.1,4.4,4.8,5.7,3.6,3.8,4.8,4.9,9.6,2.9,5.5,67.1,0,0,0,0,0,0
38.2,38.4,38.0,35.3,36.0,34.6,40.4,39.4,41.4,19.5,21.4,17.6,0.403,5.26,0.136,5.09,4.28,5.9,0.118,3.49,2.46,0.0386,0.643,0.373,30.9,23.0,72,23,300,4.0,9.4,4.3,3.6,3.7,4.1,4.7,3.3,4.5,3.6,4.0,8.1,2.5,6.8,66.6,0,0,0,0,0,0
36.7,33.6,39.8,32.7,33.8,31.6,38.0,36.4,39.6,20.1,23.4,16.8,0.424,5.51,0.139,5.45,4.48,6.25,0.123,3.7,2.62,0.0365,0.649,0.394,30.7,23.0,67,22,300,4.1,9.7,3.9,4.9,3.9,4.1,3.4,3.7,5.1,2.6,3.9,8.8,3.0,6.7,67.8,0,0,0,0,0,0
35.9,34.4,37.4,25.8,26.0,25.6,38.8,38.0,39.6,18.1,21.8,14.4,0.449,5.74,0.145,5.66,4.7,6.56,0.128,3.86,2.74,0.0386,0.658,0.41,30.7,23.0,70,21,300,3.0,8.3,4.3,4.8,4.5,5.0,3.3,4.3,4.0,2.8,4.3,9.1,2.9,5.6,66.2,0,0,0,0,0,0
42.4,42.4,42.4,37.3,38.6,36.0,40.7,42.2,39.2,19.2,21.6,16.8,0.42,5.44,0.138,4.98,4.49,5.95,0.12,3.41,2.4,0.038,0.383,0.366,37.7,31.0,91,32,400,42.1,10.0,5.2,5.4,5.5,4.3,5.6,5.0,4.0,5.8,3.8,9.9,3.5,7.2,117.0,0,0,0,0,0,0
44.5,42.4,46.6,38.3,36.5,40.1,41.1,38.8,43.4,19.3,19.4,19.2,0.428,5.4,0.142,4.95,4.56,5.99,0.121,3.46,2.46,0.0379,0.218,0.372,36.0,28.0,76,23,400,18.2,12.0,6.3,5.0,5.4,4.8,4.5,5.8,3.9,6.6,6.0,9.6,3.1,7.2,98.4,0,0,0,0,0,0
45.7,44.6,46.8,40.3,42.7,37.9,42.6,39.4,45.8,21.4,21.2,21.6,0.443,5.5,0.145,5.02,4.69,6.11,0.125,3.54,2.48,0.0389,0.22,0.381,35.8,28.0,82,24,400,3.7,13.2,5.5,4.4,4.7,6.1,5.1,6.3,4.2,6.2,5.7,10.9,3.6,7.2,86.8,0,0,0,0,0,0
45.8,45.8,45.8,38.1,35.0,41.2,42.9,43.2,42.6,19.7,19.6,19.8,0.459,5.59,0.153,4.96,4.8,6.38,0.13,3.63,2.58,0.0371,0.227,0.383,35.1,27.0,79,25,400,3.9,12.7,5.2,4.9,5.2,5.8,6.8,5.0,5.2,5.8,5.6,11.7,4.4,7.5,89.7,0,0,0,0,0,0
41.3,39.4,43.2,40.5,37.8,43.2,42.8,43.4,42.2,20.2,18.6,21.8,0.46,5.61,0.147,5.03,4.82,6.4,0.129,3.67,2.58,0.039,0.224,0.401,34.4,27.0,71,25,400,3.8,11.4,6.5,4.3,5.5,5.5,6.4,5.4,5.2,5.7,6.2,11.8,4.5,7.0,89.2,0,0,0,0,0,0
45.2,44.4,46.0,37.6,37.2,38.0,45.0,44.4,45.6,19.7,21.8,17.6,0.479,5.75,0.153,5.04,5.0,6.47,0.132,3.77,2.63,0.0381,0.228,0.403,34.1,27.0,71,25,400,3.9,12.3,6.5,4.9,5.4,6.0,6.0,6.7,4.5,5.8,5.0,12.0,4.0,6.8,89.8,0,0,0,0,0,0
41.9,44.2,39.6,39.7,36.0,43.4,41.2,41.2,41.2,19.6,22.4,16.8,0.48,5.8,0.151,5.1,5.14,6.51,0.133,3.76,2.67,0.0378,0.23,0.41,33.6,26.0,69,23,400,4.0,12.5,5.4,6.7,4.9,6.5,5.9,6.2,4.8,6.0,4.0,11.0,3.7,7.3,88.9,0,0,0,0,0,0
44.0,42.8,45.2,38.3,40.8,35.8,44.3,43.2,45.4,19.7,16.0,23.4,0.483,5.86,0.155,5.18,5.18,6.65,0.137,3.82,2.66,0.0369,0.235,0.415,33.5,26.0,71,24,400,3.4,11.4,5.5,6.0,4.9,6.0,5.4,7.0,5.0,5.5,5.6,11.6,4.4,7.9,89.6,0,0,0,0,0,0
42.0,40.4,43.6,38.4,39.6,37.2,42.4,44.2,40.6,18.9,18.8,19.0,0.496,5.97,0.157,5.19,5.23,6.71,0.137,3.87,2.75,0.0388,0.237,0.421,33.5,26.0,80,25,400,3.1,12.5,4.7,5.0,5.3,5.7,5.3,7.2,5.0,4.4,5.9,11.7,4.5,6.3,86.6,0,0,0,0,0,0
44.1,44.8,43.4,39.3,38.6,40.0,46.1,45.8,46.4,19.5,21.8,17.2,0.501,5.98,0.157,5.28,5.36,6.91,0.137,3.86,2.78,0.0387,0.236,0.418,33.8,26.0,87,26,400,2.9,11.8,4.9,5.1,4.4,5.7,5.4,5.7,5.8,5.5,5.7,11.2,4.2,6.3,84.6,0,0,0,0,0,0
44.1,44.2,44.0,38.7,38.8,38.6,43.0,41.6,44.4,20.4,17.4,23.4,0.512,6.11,0.165,5.19,5.5,6.93,0.146,3.98,2.86,0.0389,0.239,0.441,34.1,26.0,98,26,400,3.5,11.9,6.4,4.6,4.9,5.8,4.8,5.0,6.2,5.3,6.7,12.5,4.6,7.5,89.7,0,0,0,0,0,0
45.4,43.8,47.0,37.8,39.0,36.6,43.1,41.8,44.4,19.5,16.2,22.8,0.529,6.25,0.164,5.26,5.61,7.06,0.146,4.1,2.85,0.0379,0.241,0.446,34.0,26.0,87,25,400,5.1,13.1,6.6,4.4,5.9,5.0,5.2,4.7,6.2,5.8,5.1,12.5,4.8,7.5,91.9,0,0,0,0,0,0
43.5,45.8,41.2,40.2,41.4,39.0,42.0,40.4,43.6,19.4,16.6,22.2,0.534,6.17,0.167,5.42,5.62,7.2,0.15,4.11,2.96,0.038,0.24,0.444,33.7,26.0,72,23,400,5.1,10.8,6.3,5.0,5.6,6.0,5.4,5.1,5.0,5.7,4.3,11.8,4.3,7.8,88.2,0,0,0,0,0,0
42.8,44.4,41.2,39.0,39.6,38.4,43.5,42.4,44.6,19.0,17.8,20.2,0.55,6.31,0.174,5.34,5.8,7.25,0.152,4.15,2.99,0.0392,0.247,0.448,34.0,26.0,87,23,400,3.4,10.7,6.2,5.5,4.7,7.8,5.3,6.0,5.1,4.4,5.0,11.0,4.1,8.0,87.2,0,0,0,0,0,0
42.7,42.4,43.0,41.4,41.2,41.6,44.0,42.8,45.2,20.8,23.8,17.8,0.551,6.43,0.172,5.42,5.9,7.3,0.157,4.21,2.99,0.038,0.249,0.453,33.8,26.0,86,24,400,2.8,12.4,5.1,5.4,5.8,6.6,5.6,5.7,5.2,5.0,4.8,10.6,3.8,7.7,86.5,0,0,0,0,0,0
45.5,47.6,43.4,41.3,42.8,39.8,42.0,44.6,39.4,19.0,21.0,17.0,0.585,6.6,0.181,5.65,6.23,7.72,0.165,4.38,3.11,0.039,0.257,0.477,33.7,26.0,71,24,400,4.0,11.1,5.8,5.8,6.6,6.0,5.1,5.0,4.5,4.5,4.8,10.3,3.2,7.7,84.4,0,0,0,0,0,0
42.3,44.0,40.6,40.4,40.4,40.4,43.4,40.2,46.6,19.7,20.4,19.0,0.614,6.95,0.19,5.95,6.57,8.15,0.171,4.62,3.33,0.0392,0.269,0.508,33.7,26.0,76,26,400,4.8,10.7,5.9,5.8,5.9,6.5,5.4,4.9,5.7,5.2,4.8,11.0,4.0,8.0,88.6,0,0,0,0,0,0
44.6,44.6,44.6,30.4,32.4,28.4,41.3,40.0,42.6,20.0,18.2,21.8,0.638,7.31,0.191,6.21,6.86,8.63,0.176,4.9,3.48,0.0382,0.278,0.532,33.9,26.0,82,28,400,3.9,11.9,4.3,4.8,6.1,6.0,5.9,5.3,5.8,6.0,5.3,12.3,4.3,7.3,89.2,0,0,0,0,0,0
47.5,47.8,47.2,32.1,29.8,34.4,49.9,50.6,49.2,19.6,20.2,19.0,0.146,2.13,0.0686,1.65,1.88,2.36,0.0453,1.29,0.956,0.0377,0.116,0.145,42.7,35.0,87,35,200,42.3,8.33,4.0,2.33,2.0,1.67,3.0,3.67,3.67,2.67,4.0,7.67,1.67,4.33,91.3,0,0,0,0,0,0
34.4,31.6,37.2,30.9,32.4,29.4,32.0,31.6,32.4,18.5,18.6,18.4,0.152,2.16,0.0714,1.79,1.96,2.45,0.0485,1.35,0.992,0.0368,0.117,0.156,38.9,31.0,87,31,200,26.6,6.5,3.88,2.88,2.75,2.0,2.75,3.38,2.75,3.88,3.25,7.38,2.0,4.38,74.4,0,0,0,0,0,0
33.1,30.4,35.8,31.5,33.0,30.0,29.6,28.2,31.0,19.0,17.4,20.6,0.16,2.27,0.0737,1.83,2.07,2.51,0.0498,1.42,1.03,0.0377,0.121,0.161,36.3,27.0,77,21,200,9.8,5.9,3.2,2.5,2.7,2.8,2.5,3.3,2.4,3.6,3.3,6.1,2.0,4.2,54.3,0,0,0,0,0,0
32.4,31.8,33.0,30.6,31.4,29.8,33.0,32.0,34.0,19.5,20.0,19.0,0.159,2.34,0.0723,1.89,2.19,2.64,0.0492,1.49,1.09,0.0387,0.123,0.164,34.7,27.0,68,21,200,2.0,5.8,2.4,2.2,2.0,3.1,2.8,3.0,3.5,3.5,3.7,5.3,1.8,3.3,44.4,0,0,0,0,0,0
33.1,32.2,34.0,31.3,29.0,33.6,31.0,32.2,29.8,18.3,17.4,19.2,0.157,2.43,0.0724,1.99,2.24,2.7,0.0482,1.55,1.11,0.0367,0.124,0.166,33.2,25.0,62,20,200,1.7,5.5,3.2,2.8,2.2,2.8,2.8,1.8,3.2,3.3,2.9,5.9,1.7,3.2,43.0,0,0,0,0,0,0
35.0,35.4,34.6,29.6,27.8,31.4,31.8,35.6,28.0,19.2,21.0,17.4,0.164,2.47,0.0751,2.05,2.34,2.86,0.0497,1.58,1.15,0.0385,0.127,0.174,32.7,25.0,62,20,200,1.5,5.5,3.4,3.0,2.3,2.5,2.5,2.4,3.3,2.3,2.4,5.3,1.5,4.5,42.4,0,0,0,0,0,0
33.7,36.0,31.4,34.0,34.0,34.0,31.7,34.2,29.2,20.5,17.4,23.6,0.172,2.55,0.0771,2.12,2.43,3.01,0.0537,1.64,1.19,0.0364,0.127,0.187,32.0,24.0,62,22,200,1.6,5.1,2.7,2.6,1.9,2.5,2.7,3.3,3.4,2.7,2.4,5.3,1.5,4.7,42.4,0,0,0,0,0,0
34.3,37.0,31.6,30.7,27.2,34.2,32.8,34.8,30.8,18.4,17.0,19.8,0.187,2.62,0.0797,2.18,2.51,3.07,0.0567,1.71,1.26,0.0373,0.13,0.193,31.7,24.0,62,22,200,1.6,5.4,3.7,2.2,2.1,2.5,3.0,2.8,2.6,2.5,2.3,6.1,1.8,4.2,42.8,0,0,0,0,0,0
33.4,35.0,31.8,31.8,31.6,32.0,32.1,32.2,32.0,20.2,18.2,22.2,0.187,2.76,0.083,2.22,2.66,3.19,0.0575,1.77,1.29,0.0382,0.134,0.203,31.6,24.0,71,21,200,1.6,5.8,3.4,2.3,1.9,2.5,3.5,2.8,2.5,2.3,3.0,5.8,2.2,4.0,43.6,0,0,0,0,0,0
33.6,33.6,33.6,29.9,30.4,29.4,30.5,31.0,30.0,18.8,17.0,20.6,0.192,2.82,0.0823,2.26,2.74,3.22,0.0591,1.86,1.32,0.0373,0.135,0.2,31.3,24.0,71,22,200,1.8,5.7,2.5,2.1,2.1,2.7,3.1,3.4,2.4,2.4,3.6,6.1,2.1,3.7,43.7,0,0,0,0,0,0
33.0,34.2,31.8,33.5,31.0,36.0,32.6,32.0,33.2,18.2,16.8,19.6,0.199,2.88,0.0855,2.37,2.82,3.36,0.0593,1.93,1.37,0.0362,0.137,0.208,30.7,23.0,61,20,200,1.6,6.3,2.8,2.7,2.6,1.8,2.4,3.3,2.4,2.8,3.2,5.2,1.4,3.8,42.3,0,0,0,0,0,0
34.6,33.4,35.8,30.5,27.8,33.2,32.1,33.4,30.8,20.8,23.6,18.0,0.208,2.99,0.0859,2.44,2.98,3.44,0.0622,1.99,1.42,0.0363,0.14,0.222,30.7,23.0,62,22,200,1.2,6.6,2.7,3.8,2.5,2.0,2.9,2.7,1.6,3.7,3.1,5.1,1.5,3.4,42.8,0,0,0,0,0,0
33.3,33.0,33.6,32.7,33.0,32.4,33.6,33.0,34.2,20.1,17.4,22.8,0.222,3.08,0.0903,2.47,3.01,3.59,0.0682,2.04,1.47,0.0379,0.144,0.234,30.6,23.0,68,23,200,1.3,7.0,2.8,3.5,3.1,2.5,3.2,2.1,1.9,3.5,3.1,6.5,2.2,2.8,45.5,0,0,0,0,0,0
34.8,32.8,36.8,30.8,32.6,29.0,34.7,33.2,36.2,18.7,16.8,20.6,0.246,3.18,0.0966,2.59,3.18,3.67,0.0734,2.1,1.53,0.0371,0.146,0.243,30.8,23.0,75,23,200,1.5,6.8,3.4,2.8,3.2,2.3,2.7,2.0,2.8,2.8,2.4,7.0,2.9,2.8,45.4,0,0,0,0,0,0
33.3,35.0,31.6,32.6,31.6,33.6,31.4,29.6,33.2,19.9,23.0,16.8,0.259,3.26,0.0973,2.63,3.25,3.75,0.0749,2.21,1.57,0.0363,0.147,0.25,30.7,23.0,74,24,200,1.5,5.5,4.3,2.7,2.4,2.6,2.6,2.2,2.5,2.3,2.3,7.4,3.1,3.7,45.1,0,0,0,0,0,0
33.7,31.4,36.0,28.7,30.4,27.0,32.7,34.8,30.6,18.1,18.6,17.6,0.274,3.34,0.0985,2.7,3.35,3.91,0.0771,2.3,1.61,0.0362,0.15,0.256,30.6,23.0,71,23,200,1.9,5.3,3.8,2.3,2.6,2.7,3.2,1.6,2.4,2.8,2.6,6.7,2.2,5.0,45.1,0,0,0,0,0,0
30.7,29.4,32.0,32.2,31.6,32.8,29.8,27.4,32.2,19.2,20.8,17.6,0.271,3.37,0.103,2.78,3.47,3.99,0.0788,2.33,1.63,0.0371,0.152,0.264,30.4,23.0,64,22,200,1.8,5.0,2.7,2.0,2.9,2.5,3.1,1.7,3.2,3.3,2.9,5.7,1.6,4.2,42.6,0,0,0,0,0,0
34.0,36.8,31.2,30.5,30.4,30.6,32.2,28.2,36.2,19.7,21.4,18.0,0.294,3.56,0.106,2.94,3.62,4.21,0.0832,2.49,1.72,0.0371,0.158,0.277,30.3,23.0,62,21,200,1.7,4.8,2.4,2.5,2.4,1.9,2.9,2.9,3.3,2.9,2.5,6.0,1.7,3.1,41.0,0,0,0,0,0,0
34.0,31.0,37.0,31.7,32.0,31.4,32.5,29.8,35.2,19.0,21.2,16.8,0.304,3.73,0.108,3.11,3.81,4.41,0.0868,2.63,1.82,0.0379,0.163,0.289,30.2,23.0,64,20,200,1.9,5.3,2.8,2.6,2.2,2.8,3.8,3.1,2.2,2.8,1.8,5.6,1.6,3.7,42.2,0,0,0,0,0,0
39.7,39.0,40.4,35.1,37.8,32.4,45.0,46.4,43.6,19.2,17.8,20.6,0.282,3.65,0.103,2.98,3.42,4.21,0.0793,2.43,1.68,0.0377,0.157,0.274,39.9,30.0,100,29,300,45.0,9.29,4.43,4.71,4.57,3.29,4.0,4.86,4.57,4.0,3.57,8.14,2.43,6.14,109.0,0,0,0,0,0,0
35.9,32.6,39.2,35.1,34.4,35.8,35.6,38.2,33.0,20.8,23.8,17.8,0.283,3.71,0.1,3.14,3.5,4.31,0.0817,2.43,1.73,0.0368,0.157,0.277,36.6,27.0,100,26,300,25.6,10.0,4.2,4.9,4.7,3.2,4.3,3.9,4.3,4.1,3.7,7.8,2.4,6.1,89.2,0,0,0,0,0,0
35.6,36.2,35.0,32.9,34.0,31.8,38.0,36.8,39.2,19.3,17.6,21.0,0.284,3.82,0.103,3.27,3.52,4.36,0.0801,2.51,1.77,0.0378,0.16,0.278,34.8,25.0,62,20,300,3.3,8.0,4.8,3.8,3.9,2.8,4.0,3.8,3.3,4.0,4.0,6.8,1.9,5.7,60.1,0,0,0,0,0,0
38.7,36.8,40.6,35.6,35.0,36.2,38.6,41.2,36.0,19.3,21.0,17.6,0.289,3.85,0.105,3.39,3.55,4.43,0.0821,2.63,1.81,0.037,0.163,0.289,33.4,24.0,66,21,300,4.0,7.4,5.6,4.1,3.6,3.4,3.7,4.1,3.4,4.2,4.6,8.2,2.1,5.3,63.7,0,0,0,0,0,0
37.0,40.0,34.0,30.9,29.6,32.2,49.2,48.4,50.0,19.8,20.4,19.2,0.298,3.91,0.106,3.51,3.51,4.47,0.0868,2.67,1.87,0.0369,0.657,0.289,34.3,25.0,84,23,300,3.2,8.7,5.0,4.7,4.2,4.5,3.4,3.3,4.1,4.2,4.3,9.5,3.1,4.7,66.9,0,0,0,0,0,0
35.1,33.2,37.0,34.5,32.2,36.8,37.9,38.6,37.2,19.1,18.8,19.4,0.303,3.96,0.109,3.63,3.6,4.59,0.0865,2.68,1.9,0.037,0.661,0.294,33.7,24.0,81,23,300,2.7,9.1,4.5,5.4,5.2,4.2,3.9,3.2,3.6,3.4,3.8,8.3,3.5,4.2,65.0,0,0,0,0,0,0
37.4,38.8,36.0,34.9,36.0,33.8,38.4,40.2,36.6,20.2,19.0,21.4,0.312,4.05,0.111,3.71,3.65,4.72,0.088,2.73,1.92,0.0369,0.663,0.301,33.1,24.0,70,21,300,3.7,9.2,3.9,4.5,4.6,4.1,4.3,2.9,4.0,3.0,4.2,7.0,2.4,4.5,62.3,0,0,0,0,0,0
35.8,35.4,36.2,34.3,37.4,31.2,37.3,37.2,37.4,19.1,15.4,22.8,0.312,4.14,0.116,3.87,3.59,4.8,0.0913,2.79,1.97,0.0368,0.662,0.303,32.6,24.0,71,21,300,3.6,8.9,4.3,3.0,3.8,4.5,3.9,3.7,5.1,2.7,4.5,7.2,2.5,6.2,63.9,0,0,0,0,0,0
38.4,40.0,36.8,34.9,32.8,37.0,40.3,39.8,40.8,19.2,18.2,20.2,0.328,4.21,0.119,3.92,3.73,4.84,0.0914,2.86,2.01,0.0362,0.665,0.306,32.2,23.0,65,21,300,2.6,8.8,4.1,4.2,3.9,4.2,3.7,4.4,4.0,3.4,4.5,7.8,3.5,6.4,65.5,0,0,0,0,0,0
37.1,34.8,39.4,35.5,32.4,38.6,37.4,36.6,38.2,19.5,22.2,16.8,0.327,4.24,0.113,4.1,3.66,4.91,0.0946,2.91,2.06,0.0381,0.671,0.313,31.7,23.0,64,21,300,2.4,9.9,3.4,6.2,3.4,4.2,3.7,3.4,3.2,4.4,4.2,9.1,3.7,5.4,66.6,0,0,0,0,0,0
37.7,38.2,37.2,35.4,34.8,36.0,39.5,41.0,38.0,19.0,15.2,22.8,0.333,4.41,0.116,4.22,3.72,5.12,0.0952,3.01,2.08,0.038,0.673,0.319,31.5,23.0,70,21,300,2.6,9.9,3.3,4.4,4.1,4.0,5.1,4.1,3.4,4.9,4.2,9.6,3.3,4.3,67.2,0,0,0,0,0,0
36.9,34.2,39.6,35.2,37.4,33.0,38.2,38.2,38.2,22.1,26.8,17.4,0.338,4.43,0.12,4.34,3.75,5.13,0.1,3.06,2.15,0.038,0.679,0.326,31.3,23.0,71,22,300,2.9,8.5,3.3,3.0,4.6,4.2,6.6,4.8,4.3,4.7,4.2,10.2,3.0,4.2,68.5,0,0,0,0,0,0
39.8,39.8,39.8,34.9,34.0,35.8,40.1,43.2,37.0,18.4,18.4,18.4,0.359,4.55,0.125,4.49,3.84,5.3,0.106,3.17,2.22,0.0372,0.679,0.338,31.5,23.0,76,23,300,2.8,7.9,3.3,3.7,3.7,3.8,5.7,4.9,5.0,3.6,4.2,10.4,3.0,5.8,67.8,0,0,0,0,0,0
38.5,36.4,40.6,34.7,33.0,36.4,39.2,39.4,39.0,19.4,21.0,17.8,0.37,4.62,0.129,4.6,3.94,5.37,0.109,3.19,2.24,0.0361,0.685,0.35,31.4,23.0,78,22,300,2.8,8.3,4.0,3.8,3.7,3.9,4.8,5.4,4.5,3.4,4.0,9.2,3.3,5.9,67.0,0,0,0,0,0,0
35.7,34.8,36.6,33.3,32.2,34.4,41.2,41.8,40.6,19.5,22.2,16.8,0.376,4.8,0.132,4.69,3.97,5.53,0.111,3.22,2.3,0.0361,0.688,0.354,31.3,23.0,70,22,300,3.2,7.9,4.8,4.1,4.6,4.2,4.1,4.4,4.5,3.1,3.9,10.0,3.2,6.5,68.5,0,0,0,0,0,0
40.5,38.8,42.2,36.3,36.0,36.6,40.6,39.0,42.2,19.0,17.4,20.6,0.404,4.93,0.136,4.9,4.03,5.63,0.117,3.3,2.32,0.0371,0.693,0.36,31.1,23.0,68,22,300,3.5,7.7,4.4,3.9,5.0,3.7,3.6,3.3,4.5,3.2,4.1,9.4,3.0,7.4,66.7,0,0,0,0,0,0
36.0,33.8,38.2,34.2,35.8,32.6,37.9,39.2,36.6,18.7,19.8,17.6,0.429,5.17,0.14,5.16,4.28,5.94,0.122,3.5,2.44,0.0372,0.698,0.382,31.0,23.0,68,22,300,3.3,7.5,4.2,3.7,3.9,4.0,3.9,3.5,3.6,5.2,4.1,8.8,3.4,6.1,65.2,0,0,0,0,0,0
37.6,36.2,39.0,34.1,35.0,33.2,39.3,41.4,37.2,19.4,20.8,18.0,0.449,5.41,0.147,5.41,4.49,6.28,0.129,3.68,2.59,0.0371,0.708,0.404,30.9,23.0,66,22,300,2.9,7.2,4.3,3.4,4.6,4.5,4.5,3.7,3.6,5.3,3.9,9.2,2.9,6.1,66.1,0,0,0,0,0,0
37.0,39.8,34.2,23.5,27.0,20.0,37.0,39.6,34.4,18.6,19.0,18.2,0.479,5.66,0.152,5.64,4.7,6.49,0.133,3.92,2.71,0.038,0.716,0.417,30.9,23.0,69,23,300,2.3,7.7,4.8,3.2,5.2,4.5,4.9,3.8,3.8,3.5,4.0,8.5,2.7,5.6,64.5,0,0,0,0,0,0
40.0,39.6,40.4,41.2,42.6,39.8,41.8,43.0,40.6,19.8,18.4,21.2,0.441,5.21,0.141,5.08,4.29,5.9,0.122,3.46,2.41,0.0371,0.208,0.364,34.6,27.0,83,29,400,41.0,10.2,5.9,5.2,5.4,4.9,6.4,4.6,4.4,4.4,5.7,11.6,3.7,6.8,120.0,0,0,0,0,0,0
44.6,45.2,44.0,36.4,39.2,33.6,46.7,46.6,46.8,19.1,17.8,20.4,0.455,5.42,0.146,5.17,4.35,6.18,0.124,3.54,2.43,0.0371,0.211,0.383,34.3,27.0,75,22,400,18.1,11.1,6.0,5.7,4.7,5.4,6.1,5.4,4.9,6.3,5.2,12.2,3.8,7.6,103.0,0,0,0,0,0,0
39.0,39.2,38.8,38.8,39.6,38.0,41.6,41.2,42.0,20.4,17.8,23.0,0.456,5.42,0.143,5.3,4.39,6.15,0.126,3.62,2.51,0.0382,0.216,0.383,33.3,26.0,77,23,400,4.4,12.0,4.9,5.1,4.2,4.0,6.6,5.0,6.2,5.7,5.3,10.9,3.1,8.7,86.1,0,0,0,0,0,0
40.4,41.6,39.2,40.6,38.8,42.4,41.1,40.4,41.8,18.8,16.8,20.8,0.463,5.46,0.144,5.27,4.41,6.25,0.126,3.63,2.55,0.0382,0.221,0.382,33.0,25.0,72,23,400,3.9,12.7,5.2,4.0,5.5,4.0,6.0,5.5,6.2,5.4,6.3,10.9,2.7,7.7,86.0,0,0,0,0,0,0
42.1,43.6,40.6,40.7,37.6,43.8,42.5,41.8,43.2,20.7,18.6,22.8,0.449,5.59,0.141,5.5,4.5,6.32,0.122,3.73,2.56,0.0372,0.224,0.389,32.6,25.0,69,23,400,3.2,13.0,5.1,4.8,5.5,5.5,4.8,5.9,4.4,5.9,6.1,10.8,3.2,7.3,85.5,0,0,0,0,0,0
42.5,43.0,42.0,36.3,36.0,36.6,45.3,44.2,46.4,18.9,16.4,21.4,0.457,5.68,0.146,5.47,4.61,6.38,0.122,3.79,2.61,0.0371,0.223,0.39,32.6,25.0,73,24,400,3.3,12.2,5.4,4.7,5.1,5.5,5.2,6.5,4.7,5.9,5.0,10.5,3.7,7.9,85.6,0,0,0,0,0,0
41.3,44.4,38.2,40.5,38.0,43.0,41.9,41.0,42.8,19.7,22.4,17.0,0.445,5.67,0.145,5.49,4.66,6.49,0.123,3.78,2.65,0.0371,0.224,0.398,32.3,25.0,71,23,400,4.2,10.4,5.3,6.0,5.4,5.8,5.5,6.1,5.4,5.5,5.2,10.5,3.4,7.1,85.8,0,0,0,0,0,0
43.0,40.8,45.2,38.1,38.2,38.0,44.4,41.4,47.4,19.7,14.8,24.6,0.458,5.78,0.147,5.62,4.74,6.61,0.123,3.85,2.68,0.0363,0.225,0.399,32.4,25.0,77,22,400,4.2,11.4,4.8,7.6,4.5,5.7,5.3,4.5,4.9,4.3,5.9,10.4,3.2,7.5,84.2,0,0,0,0,0,0
42.4,40.6,44.2,39.2,41.6,36.8,44.6,43.0,46.2,21.6,21.0,22.2,0.464,5.87,0.145,5.72,4.7,6.69,0.12,3.84,2.74,0.0371,0.23,0.406,32.1,25.0,75,24,400,3.7,10.5,5.9,5.9,4.7,5.7,5.3,4.2,5.3,4.7,6.1,12.1,3.3,8.9,86.3,0,0,0,0,0,0
42.6,45.4,39.8,39.2,40.4,38.0,44.4,43.4,45.4,18.9,16.2,21.6,0.454,5.9,0.145,5.81,4.74,6.81,0.121,3.93,2.77,0.0381,0.229,0.403,32.4,25.0,82,24,400,3.6,10.5,6.3,5.1,6.0,7.3,6.0,4.4,6.0,5.1,5.5,12.0,3.4,8.9,90.1,0,0,0,0,0,0
41.8,42.6,41.0,39.9,38.2,41.6,44.5,43.6,45.4,21.0,18.6,23.4,0.473,5.96,0.147,5.88,4.82,6.87,0.124,4.01,2.78,0.0381,0.235,0.417,32.3,24.0,83,24,400,4.6,11.6,6.0,5.3,5.9,7.0,6.3,4.7,5.4,4.7,6.8,10.9,3.5,7.1,89.8,0,0,0,0,0,0
44.3,43.8,44.8,37.4,40.4,34.4,44.4,42.2,46.6,19.6,21.4,17.8,0.471,5.92,0.149,5.87,4.88,6.98,0.126,4.09,2.86,0.0382,0.235,0.422,32.2,25.0,74,25,400,4.3,13.1,5.7,4.9,5.5,5.4,5.9,6.3,6.4,5.1,6.8,11.4,3.9,6.2,90.9,0,0,0,0,0,0
41.5,40.4,42.6,40.0,40.2,39.8,43.9,46.0,41.8,21.1,19.2,23.0,0.467,6.06,0.153,5.98,4.91,6.93,0.131,4.13,2.9,0.0372,0.238,0.423,32.2,25.0,72,24,400,4.1,13.3,4.2,5.4,5.8,5.1,5.3,5.9,6.9,4.9,5.5,10.8,3.9,7.3,88.4,0,0,0,0,0,0
45.9,45.8,46.0,37.8,34.8,40.8,43.8,45.6,42.0,19.1,20.4,17.8,0.478,6.19,0.151,6.12,4.99,7.13,0.128,4.18,2.95,0.0365,0.239,0.432,32.5,25.0,87,25,400,4.4,12.5,4.1,5.0,6.2,5.0,4.8,5.2,6.3,5.1,5.3,11.0,3.9,7.9,86.7,0,0,0,0,0,0
43.9,47.2,40.6,37.5,39.6,35.4,45.2,45.6,44.8,20.1,22.6,17.6,0.479,6.34,0.155,6.25,5.14,7.36,0.132,4.2,3.01,0.0372,0.245,0.443,32.4,25.0,89,25,400,3.9,13.3,4.9,5.3,5.3,4.4,5.0,6.5,6.5,5.7,5.3,11.4,3.2,8.0,88.7,0,0,0,0,0,0
41.8,42.2,41.4,38.7,37.8,39.6,43.0,42.6,43.4,18.4,21.8,15.0,0.502,6.53,0.161,6.46,5.41,7.69,0.138,4.41,3.1,0.0363,0.252,0.469,32.4,25.0,76,24,400,4.1,12.7,5.2,5.3,4.4,4.3,5.0,6.4,5.3,5.5,6.9,10.8,3.8,8.4,88.1,0,0,0,0,0,0
42.2,43.2,41.2,39.8,38.4,41.2,45.1,45.6,44.6,19.9,22.2,17.6,0.542,6.88,0.168,6.76,5.66,8.01,0.147,4.71,3.25,0.0381,0.263,0.492,32.3,24.0,75,23,400,4.1,11.1,5.8,5.4,5.1,5.8,5.1,5.4,4.5,5.7,6.7,10.6,4.1,7.9,87.3,0,0,0,0,0,0
42.7,44.0,41.4,29.6,28.4,30.8,40.9,38.8,43.0,19.5,19.0,20.0,0.58,7.26,0.177,7.17,5.96,8.47,0.153,4.95,3.45,0.0363,0.274,0.514,32.3,24.0,74,23,400,4.6,11.5,5.7,5.6,5.5,6.0,5.4,5.8,5.5,5.7,6.0,10.4,3.6,7.9,89.2,0,0,0,0,0,0
46.4,47.6,45.2,27.2,27.4,27.0,51.3,51.2,51.4,19.7,16.0,23.4,0.175,2.22,0.0748,2.11,1.7,2.56,0.0521,1.31,0.974,0.037,0.118,0.157,39.9,31.0,85,32,200,39.3,7.0,3.33,2.33,4.33,3.67,4.0,3.0,2.33,3.0,1.0,6.67,1.67,3.0,84.7,0,0,0,0,0,0
32.2,31.8,32.6,28.6,27.0,30.2,32.5,32.2,32.8,18.7,18.4,19.0,0.177,2.24,0.0775,2.13,1.82,2.6,0.053,1.39,1.01,0.0369,0.12,0.16,35.9,28.0,83,28,200,26.9,6.63,4.0,2.88,2.75,2.75,2.75,3.0,2.25,3.0,2.88,6.25,1.63,3.63,71.3,0,0,0,0,0,0
32.1,32.0,32.2,29.1,29.0,29.2,32.1,30.8,33.4,19.0,16.4,21.6,0.176,2.38,0.0762,2.14,1.83,2.71,0.0526,1.44,1.06,0.0379,0.124,0.166,33.7,26.0,61,20,200,11.0,5.8,3.4,2.7,2.8,2.0,2.3,2.7,2.8,2.4,3.2,6.1,1.8,4.9,53.9,0,0,0,0,0,0
33.5,31.2,35.8,30.7,29.6,31.8,31.0,35.2,26.8,18.4,15.4,21.4,0.181,2.4,0.0762,2.23,2.0,2.78,0.0533,1.51,1.08,0.0387,0.124,0.172,32.7,25.0,64,23,200,2.3,4.8,2.4,2.5,3.7,2.5,2.5,2.9,2.8,1.7,2.4,6.1,1.4,4.6,42.6,0,0,0,0,0,0
32.2,31.6,32.8,32.3,31.2,33.4,33.5,30.6,36.4,19.9,23.0,16.8,0.188,2.49,0.0815,2.32,2.04,2.91,0.0582,1.52,1.12,0.0388,0.125,0.178,31.7,24.0,66,21,200,1.8,4.7,2.2,2.3,3.1,2.7,2.8,3.4,3.0,2.4,2.3,5.9,1.2,3.3,41.1,0,0,0,0,0,0
32.9,30.4,35.4,28.1,28.4,27.8,32.6,31.6,33.6,18.8,16.6,21.0,0.201,2.61,0.0827,2.42,2.15,3.01,0.0597,1.66,1.17,0.0377,0.129,0.183,31.0,24.0,65,21,200,1.6,5.2,2.9,2.2,3.2,2.9,3.1,2.8,2.9,3.6,2.9,5.8,1.7,3.5,44.3,0,0,0,0,0,0
31.4,31.2,31.6,30.5,33.4,27.6,32.1,31.2,33.0,19.8,17.4,22.2,0.204,2.66,0.083,2.45,2.22,3.11,0.0601,1.67,1.19,0.0378,0.132,0.185,30.6,24.0,62,21,200,1.9,5.1,2.7,2.3,3.5,3.4,2.4,2.4,2.1,3.2,3.3,5.7,2.1,4.5,44.6,0,0,0,0,0,0
33.1,29.4,36.8,30.6,28.8,32.4,32.8,31.6,34.0,18.3,20.0,16.6,0.21,2.75,0.0849,2.52,2.33,3.15,0.0618,1.73,1.23,0.0379,0.134,0.19,30.0,23.0,60,20,200,2.4,5.4,2.2,2.0,2.3,2.8,3.0,2.5,2.2,2.6,3.4,4.9,1.8,4.7,42.2,0,0,0,0,0,0
33.4,35.4,31.4,32.3,35.2,29.4,33.5,31.6,35.4,20.0,16.4,23.6,0.206,2.83,0.0878,2.56,2.41,3.28,0.0639,1.81,1.28,0.0389,0.136,0.2,29.6,23.0,59,20,200,2.1,6.2,2.9,2.2,1.9,2.6,3.5,2.6,2.5,2.9,3.8,5.4,1.6,4.0,44.2,0,0,0,0,0,0
35.1,36.0,34.2,28.5,30.4,26.6,34.8,33.4,36.2,19.0,15.6,22.4,0.225,2.97,0.089,2.67,2.51,3.39,0.0661,1.89,1.35,0.0379,0.138,0.211,29.6,23.0,67,20,200,1.5,5.4,3.4,2.6,2.8,3.1,2.5,2.8,2.2,2.7,3.2,7.4,2.3,4.1,46.0,0,0,0,0,0,0
31.9,36.2,27.6,31.3,30.8,31.8,32.3,34.2,30.4,19.5,17.4,21.6,0.222,2.96,0.0879,2.73,2.58,3.44,0.0676,1.93,1.38,0.0379,0.142,0.219,29.5,23.0,67,21,200,1.5,6.0,4.1,2.8,3.0,2.9,2.2,3.1,2.0,2.3,2.5,7.2,2.0,3.5,45.1,0,0,0,0,0,0
32.8,30.4,35.2,28.4,26.4,30.4,33.5,29.4,37.6,17.9,14.6,21.2,0.225,3.07,0.0902,2.83,2.67,3.52,0.0661,2.0,1.42,0.038,0.145,0.222,29.4,23.0,69,22,200,1.6,6.0,3.3,2.6,2.2,2.0,2.6,3.1,3.0,2.3,2.6,5.7,1.6,3.4,42.0,0,0,0,0,0,0
32.8,34.2,31.4,30.3,25.6,35.0,34.7,33.8,35.6,19.7,17.6,21.8,0.226,3.17,0.0906,2.94,2.75,3.64,0.0679,2.07,1.47,0.0369,0.146,0.232,29.4,23.0,66,23,200,2.1,5.2,2.2,2.7,2.0,2.2,3.0,2.6,3.2,2.9,3.0,6.1,1.8,4.1,43.1,0,0,0,0,0,0
32.0,30.6,33.4,31.2,29.8,32.6,33.7,31.0,36.4,18.4,19.0,17.8,0.243,3.24,0.0919,2.99,2.83,3.72,0.0706,2.11,1.49,0.0387,0.149,0.235,29.1,23.0,62,20,200,2.3,5.9,2.5,2.7,2.2,2.5,2.6,2.3,3.0,3.0,2.7,6.8,2.3,4.4,45.2,0,0,0,0,0,0
32.8,33.0,32.6,28.1,29.8,26.4,33.0,31.2,34.8,19.1,21.0,17.2,0.25,3.35,0.0945,3.06,2.95,3.8,0.0733,2.21,1.55,0.0387,0.152,0.242,28.9,22.0,63,19,200,1.7,5.6,2.4,2.3,2.4,2.8,2.9,3.1,2.9,2.8,2.2,6.9,2.5,4.3,44.8,0,0,0,0,0,0
32.2,32.6,31.8,29.1,31.0,27.2,30.9,28.8,33.0,18.4,16.4,20.4,0.247,3.36,0.0943,3.16,3.02,3.86,0.072,2.21,1.58,0.0377,0.152,0.248,28.8,22.0,66,20,200,2.1,5.6,2.1,3.1,2.6,3.0,2.6,3.3,2.2,3.5,2.3,6.1,1.8,4.1,44.4,0,0,0,0,0,0
30.6,27.6,33.6,31.8,33.2,30.4,33.6,34.8,32.4,21.2,18.4,24.0,0.247,3.44,0.0954,3.22,3.09,3.99,0.0745,2.29,1.62,0.0376,0.155,0.256,28.7,22.0,66,20,200,2.5,5.4,2.6,2.9,2.5,2.9,2.2,2.9,2.1,3.4,2.3,4.7,1.2,4.4,42.0,0,0,0,0,0,0
35.4,33.2,37.6,31.1,32.8,29.4,35.9,36.4,35.4,18.8,22.0,15.6,0.259,3.66,0.0994,3.4,3.31,4.2,0.0784,2.41,1.7,0.0386,0.159,0.271,28.7,22.0,67,21,200,2.2,5.5,2.6,1.9,2.5,2.9,2.7,2.4,2.7,3.2,1.8,4.7,1.1,3.9,40.1,0,0,0,0,0,0
31.6,29.8,33.4,30.2,29.0,31.4,31.5,33.8,29.2,19.4,16.0,22.8,0.277,3.82,0.103,3.53,3.46,4.46,0.0819,2.58,1.81,0.0387,0.167,0.282,28.7,22.0,67,22,200,2.2,6.0,3.0,2.6,2.3,2.8,2.7,2.5,3.2,2.9,2.3,6.6,1.8,4.3,45.2,0,0,0,0,0,0
42.8,44.4,41.2,32.6,32.6,32.6,43.6,42.4,44.8,19.0,22.2,15.8,0.279,3.78,0.104,3.36,3.28,4.18,0.0802,2.48,1.68,0.0363,0.161,0.267,40.6,30.0,92,29,300,45.6,9.14,4.14,3.71,4.43,3.57,5.0,4.71,3.71,3.57,4.86,9.29,3.0,6.43,111.0,0,0,0,0,0,0
36.2,38.0,34.4,34.5,32.4,36.6,39.2,37.8,40.6,21.1,24.0,18.2,0.278,3.77,0.106,3.49,3.31,4.33,0.0796,2.46,1.71,0.0362,0.164,0.272,38.0,28.0,92,27,300,26.3,9.2,5.0,3.6,5.0,3.0,4.5,4.0,3.9,4.4,4.5,9.6,3.0,6.9,92.9,0,0,0,0,0,0
40.1,38.4,41.8,35.6,33.8,37.4,37.6,36.6,38.6,18.3,19.8,16.8,0.29,3.88,0.108,3.57,3.38,4.42,0.0861,2.54,1.75,0.0373,0.166,0.285,35.9,27.0,68,23,300,3.0,9.2,4.8,3.5,4.2,3.5,2.8,3.3,4.0,3.7,3.9,8.3,2.6,5.6,62.4,0,0,0,0,0,0
37.7,37.0,38.4,34.5,31.8,37.2,38.0,41.4,34.6,19.6,17.6,21.6,0.307,3.94,0.111,3.71,3.5,4.53,0.087,2.58,1.84,0.0371,0.168,0.294,34.2,25.0,66,22,300,2.4,9.6,4.0,3.6,4.4,4.8,3.9,3.8,3.9,3.3,4.4,9.2,2.9,5.8,66.0,0,0,0,0,0,0
38.8,38.8,38.8,35.9,38.8,33.0,49.9,53.2,46.6,19.3,17.8,20.8,0.31,4.06,0.112,3.81,3.55,4.59,0.0877,2.62,1.89,0.0361,0.612,0.294,33.5,25.0,66,22,300,2.8,8.9,3.3,4.5,4.1,4.8,5.1,4.2,4.5,4.1,4.9,10.4,3.1,5.8,70.5,0,0,0,0,0,0
38.3,37.4,39.2,34.6,35.8,33.4,38.2,36.6,39.8,19.1,20.0,18.2,0.311,4.07,0.114,3.91,3.59,4.69,0.0904,2.7,1.91,0.0373,0.617,0.294,32.9,25.0,67,22,300,3.0,7.6,3.1,5.8,4.5,5.0,5.0,4.2,3.9,3.8,5.1,10.8,3.4,4.8,70.0,0,0,0,0,0,0
39.9,39.4,40.4,33.3,34.8,31.8,39.8,38.2,41.4,20.4,22.8,18.0,0.326,4.2,0.121,3.95,3.67,4.83,0.0942,2.84,1.96,0.0363,0.618,0.313,32.3,24.0,65,21,300,3.0,8.2,3.9,4.9,4.7,4.0,4.7,4.5,4.4,3.7,4.1,8.3,2.9,5.0,66.3,0,0,0,0,0,0
35.4,32.6,38.2,34.5,36.2,32.8,36.4,37.2,35.6,19.1,20.0,18.2,0.338,4.27,0.12,4.02,3.76,4.9,0.0963,2.9,2.0,0.0371,0.621,0.315,31.7,24.0,64,20,300,2.4,10.2,4.0,3.9,4.8,4.5,4.6,4.8,5.1,4.2,3.6,8.0,3.3,5.0,68.4,0,0,0,0,0,0
41.4,42.0,40.8,35.4,34.0,36.8,39.5,38.0,41.0,20.5,17.8,23.2,0.351,4.4,0.123,4.06,3.81,5.07,0.0985,2.92,2.04,0.037,0.623,0.321,31.4,24.0,63,21,300,2.6,9.8,4.2,4.6,4.5,4.3,4.9,4.8,3.5,4.1,4.0,9.8,3.6,4.6,69.3,0,0,0,0,0,0
35.5,35.4,35.6,33.8,31.8,35.8,36.2,35.0,37.4,19.7,23.6,15.8,0.344,4.45,0.123,4.11,3.95,5.1,0.0999,3.01,2.11,0.0362,0.626,0.324,31.3,24.0,67,23,300,4.5,10.0,5.0,4.2,4.3,3.6,3.8,4.5,3.8,3.6,4.1,9.3,3.2,4.5,68.4,0,0,0,0,0,0
37.8,36.2,39.4,35.3,38.0,32.6,38.3,38.4,38.2,18.6,21.6,15.6,0.353,4.45,0.128,4.16,3.98,5.15,0.101,3.01,2.12,0.037,0.626,0.337,31.0,23.0,65,23,300,4.1,10.0,4.6,3.6,4.7,4.2,3.5,3.5,3.6,2.9,4.0,8.5,3.4,4.6,65.2,0,0,0,0,0,0
38.4,39.6,37.2,34.7,34.6,34.8,37.5,37.8,37.2,19.7,17.0,22.4,0.364,4.6,0.131,4.16,4.11,5.35,0.105,3.17,2.17,0.038,0.632,0.341,30.9,23.0,66,22,300,3.3,9.1,4.0,3.8,4.9,3.6,3.8,4.3,3.9,3.8,3.5,9.1,2.7,5.1,64.9,0,0,0,0,0,0
37.4,35.6,39.2,35.4,32.6,38.2,38.9,41.2,36.6,19.5,22.8,16.2,0.392,4.66,0.135,4.32,4.22,5.4,0.111,3.18,2.25,0.0371,0.632,0.357,30.9,23.0,76,22,300,3.7,8.5,4.2,4.1,4.8,4.3,4.9,4.6,4.3,4.0,3.4,9.3,2.9,5.0,68.0,0,0,0,0,0,0
37.5,35.2,39.8,34.3,32.8,35.8,37.7,37.8,37.6,20.7,19.6,21.8,0.405,4.73,0.136,4.34,4.23,5.54,0.113,3.3,2.26,0.037,0.637,0.356,30.7,23.0,72,22,300,2.7,8.7,4.6,3.9,4.2,4.1,4.8,4.3,3.9,3.6,3.9,9.3,3.3,5.1,66.4,0,0,0,0,0,0
36.7,38.8,34.6,37.9,37.2,38.6,36.8,36.0,37.6,18.4,18.0,18.8,0.405,4.83,0.138,4.44,4.32,5.54,0.114,3.29,2.31,0.0369,0.639,0.365,30.7,23.0,72,21,300,3.1,8.3,4.4,3.7,3.6,3.5,3.4,5.4,4.1,4.0,4.1,8.0,2.6,5.8,64.0,0,0,0,0,0,0
37.2,39.4,35.0,32.6,36.0,29.2,40.0,38.2,41.8,20.9,20.2,21.6,0.424,4.94,0.142,4.57,4.38,5.65,0.118,3.4,2.36,0.0362,0.642,0.374,30.6,23.0,73,22,300,3.8,8.0,4.7,3.6,3.1,3.7,3.7,5.6,4.1,4.3,4.8,7.3,2.7,5.4,64.8,0,0,0,0,0,0
39.8,39.2,40.4,34.9,37.4,32.4,37.8,36.4,39.2,18.4,20.8,16.0,0.439,5.18,0.148,4.78,4.67,6.0,0.124,3.54,2.48,0.037,0.649,0.398,30.4,23.0,68,21,300,3.2,8.9,5.4,4.0,3.0,3.4,4.0,4.5,4.3,4.0,3.6,8.9,3.0,4.6,64.8,0,0,0,0,0,0
36.9,38.8,35.0,33.7,35.6,31.8,38.4,37.4,39.4,20.0,17.4,22.6,0.476,5.46,0.156,5.0,4.91,6.27,0.133,3.78,2.62,0.0371,0.659,0.416,30.4,23.0,66,23,300,3.3,8.5,5.0,4.0,3.1,4.3,5.0,2.7,4.9,2.9,3.0,9.4,3.3,5.0,64.4,0,0,0,0,0,0
36.6,37.0,36.2,25.7,22.4,29.0,37.3,39.2,35.4,18.7,15.2,22.2,0.503,5.71,0.162,5.3,5.18,6.58,0.137,3.91,2.75,0.0378,0.663,0.431,30.3,23.0,68,23,300,3.3,7.4,4.7,3.7,4.5,5.1,4.8,2.9,4.1,3.6,3.9,8.6,3.9,5.2,65.7,0,0,0,0,0,0
42.6,42.4,42.8,38.1,38.2,38.0,39.4,40.4,38.4,19.9,18.2,21.6,0.423,5.2,0.139,4.58,4.6,5.95,0.114,3.52,2.41,0.0378,0.202,0.376,36.6,28.0,94,29,400,40.8,11.9,4.5,4.5,5.1,5.9,5.2,4.4,6.9,5.9,4.8,10.3,2.8,6.8,120.0,0,0,0,0,0,0
44.4,45.8,43.0,39.0,39.2,38.8,42.2,39.2,45.2,19.0,17.0,21.0,0.447,5.24,0.148,4.63,4.78,6.0,0.123,3.54,2.47,0.0378,0.204,0.383,35.6,27.0,71,24,400,16.8,12.1,5.7,4.2,5.3,6.2,4.6,5.1,7.2,7.4,6.2,11.5,3.5,8.9,105.0,0,0,0,0,0,0
42.7,43.2,42.2,38.4,39.4,37.4,42.3,42.8,41.8,20.3,17.0,23.6,0.448,5.32,0.148,4.67,4.83,6.07,0.121,3.49,2.5,0.0378,0.202,0.373,34.6,26.0,71,24,400,3.4,10.8,6.5,6.0,5.9,4.8,4.0,5.2,5.4,4.9,5.4,10.3,4.3,8.3,85.2,0,0,0,0,0,0
42.5,40.2,44.8,37.3,38.8,35.8,43.1,42.2,44.0,18.7,18.4,19.0,0.45,5.39,0.149,4.77,4.9,6.22,0.126,3.61,2.58,0.0378,0.209,0.389,34.3,26.0,73,23,400,4.3,11.2,6.9,6.9,6.4,4.6,5.8,5.4,4.9,5.0,4.1,10.9,4.0,7.1,87.5,0,0,0,0,0,0
41.6,38.4,44.8,37.8,37.6,38.0,43.3,43.8,42.8,19.9,18.0,21.8,0.444,5.47,0.15,4.87,5.04,6.22,0.125,3.67,2.55,0.0379,0.212,0.387,33.6,26.0,73,23,400,4.0,10.9,5.7,6.7,5.8,4.6,7.0,5.3,6.3,5.8,5.5,12.0,3.7,6.8,90.1,0,0,0,0,0,0
46.0,46.8,45.2,38.7,38.0,39.4,43.7,45.2,42.2,20.5,23.6,17.4,0.438,5.54,0.151,4.88,5.01,6.37,0.123,3.66,2.6,0.0369,0.211,0.387,33.8,26.0,77,25,400,4.2,11.7,4.8,5.9,4.5,4.2,5.8,6.5,6.3,5.0,6.9,9.9,3.0,7.6,86.3,0,0,0,0,0,0
42.1,43.0,41.2,39.9,41.4,38.4,39.3,39.4,39.2,19.5,20.4,18.6,0.441,5.57,0.148,4.93,5.12,6.48,0.124,3.72,2.65,0.0361,0.216,0.394,33.5,26.0,77,26,400,4.2,10.5,5.7,4.8,4.8,4.1,4.4,7.1,5.4,5.6,6.0,9.9,2.7,8.6,83.8,0,0,0,0,0,0
42.4,42.4,42.4,38.3,40.6,36.0,44.4,45.2,43.6,19.4,17.8,21.0,0.455,5.67,0.147,5.06,5.1,6.55,0.125,3.8,2.69,0.037,0.215,0.399,33.7,26.0,80,25,400,3.3,9.7,6.2,4.8,6.0,4.5,5.5,5.0,6.2,5.8,5.0,10.5,3.2,8.9,84.6,0,0,0,0,0,0
44.1,44.2,44.0,41.3,42.6,40.0,43.1,43.8,42.4,19.9,18.4,21.4,0.461,5.77,0.156,5.01,5.25,6.73,0.127,3.81,2.72,0.0379,0.22,0.41,33.4,26.0,80,25,400,3.6,11.4,5.2,5.4,5.6,4.5,5.8,4.7,6.5,5.3,4.7,9.9,3.7,7.6,83.9,0,0,0,0,0,0
46.3,45.6,47.0,37.3,34.6,40.0,41.5,41.0,42.0,19.8,16.2,23.4,0.47,5.82,0.159,5.17,5.41,6.76,0.13,3.91,2.81,0.0369,0.223,0.415,33.7,26.0,77,26,400,3.8,13.1,5.4,5.6,6.2,4.6,5.3,6.0,5.4,5.3,5.6,12.4,5.1,7.1,90.9,0,0,0,0,0,0
44.3,42.6,46.0,40.4,39.6,41.2,42.1,43.0,41.2,19.4,17.6,21.2,0.48,5.9,0.161,5.15,5.47,6.95,0.135,4.01,2.83,0.0369,0.222,0.417,33.5,26.0,78,26,400,3.8,11.0,6.9,5.0,6.0,5.7,5.6,5.3,5.3,5.5,5.7,13.4,5.1,8.4,92.7,0,0,0,0,0,0
45.0,46.0,44.0,36.1,33.8,38.4,42.9,43.2,42.6,18.6,14.8,22.4,0.471,5.92,0.16,5.2,5.65,7.08,0.133,4.01,2.86,0.0368,0.224,0.422,33.5,26.0,76,24,400,3.8,9.2,6.0,5.7,6.1,6.2,5.6,4.2,5.8,5.1,5.2,10.7,3.3,9.0,85.9,0,0,0,0,0,0
40.9,40.0,41.8,37.9,37.2,38.6,39.7,40.0,39.4,20.9,21.2,20.6,0.477,6.01,0.16,5.24,5.64,7.02,0.136,4.06,2.87,0.0368,0.227,0.427,33.2,25.0,74,23,400,3.5,9.4,4.4,6.6,6.3,4.9,5.8,5.7,4.9,6.0,6.2,10.7,3.3,8.1,85.8,0,0,0,0,0,0
43.5,43.4,43.6,38.0,37.8,38.2,44.4,46.8,42.0,18.3,16.6,20.0,0.473,6.07,0.16,5.34,5.67,7.15,0.133,4.1,2.93,0.0365,0.23,0.432,33.3,26.0,76,25,400,3.9,10.3,4.7,5.5,6.0,3.5,4.8,7.3,5.0,6.2,5.3,11.1,4.2,7.7,85.5,0,0,0,0,0,0
41.5,40.2,42.8,39.6,39.0,40.2,40.5,39.0,42.0,20.6,21.2,20.0,0.47,6.15,0.161,5.33,5.72,7.27,0.137,4.24,2.97,0.0367,0.236,0.438,33.4,25.0,83,25,400,4.5,12.2,5.2,5.4,6.9,3.3,3.9,6.2,5.7,5.6,5.0,11.7,4.0,7.2,86.8,0,0,0,0,0,0
43.4,45.0,41.8,36.0,35.4,36.6,42.4,44.2,40.6,19.0,20.8,17.2,0.489,6.44,0.167,5.64,6.1,7.58,0.14,4.37,3.09,0.0367,0.24,0.462,33.5,26.0,84,26,400,4.2,11.5,5.2,5.6,6.7,4.8,5.2,5.6,4.6,5.6,5.5,11.6,2.9,6.5,85.5,0,0,0,0,0,0
41.6,40.4,42.8,37.5,36.6,38.4,40.6,40.0,41.2,20.0,18.6,21.4,0.503,6.67,0.17,5.9,6.4,8.0,0.145,4.56,3.26,0.0376,0.248,0.483,33.2,25.0,72,24,400,3.7,12.1,6.4,5.5,5.7,5.2,5.0,6.4,4.8,4.8,5.6,8.5,1.8,7.4,82.9,0,0,0,0,0,0
44.5,43.6,45.4,31.4,30.2,32.6,44.4,44.4,44.4,19.7,17.4,22.0,0.537,7.07,0.179,6.23,6.71,8.39,0.154,4.87,3.4,0.0357,0.261,0.503,33.3,25.0,79,24,400,4.5,11.6,6.7,5.7,4.9,4.9,4.5,6.1,4.9,4.9,4.9,8.6,2.5,8.8,83.5,0,0,0,0,0,0
