Avg Host Node1 CPU Usage,Host Node1 CPU 0 Usage,Host Node1 CPU 1 Usage,Avg Host Node2 CPU Usage,Host Node2 CPU 0 Usage,Host Node2 CPU 1 Usage,Avg Host Node3 CPU Usage,Host Node3 CPU 0 Usage,Host Node3 CPU 1 Usage,Avg Host Node4 CPU Usage,Host Node4 CPU 0 Usage,Host Node4 CPU 1 Usage,checkoutservice CPU Usage,currencyservice CPU Usage,emailservice CPU Usage,frontend 1 CPU Usage,frontend 2 CPU Usage,loadgenerator CPU Usage,paymentservice CPU Usage,productcatalogservice CPU Usage,recommendationservice 1 CPU Usage,recommendationservice 2 CPU Usage,redis-cart CPU Usage,shippingservice CPU Usage,Average Response Time,Median Response Time,Current Response Time Percentile 95,Current Response Time Percentile 50,Number of Users,current_rps GET /,current_rps GET /cart,current_rps GET /product/0PUK6V6EV0,current_rps GET /product/1YMWWN1N4O,current_rps GET /product/2ZYFJ3GM2N,current_rps GET /product/66VCHSJNUP,current_rps GET /product/6E92ZMYYFZ,current_rps GET /product/9SIQT8TOJO,current_rps GET /product/L9ECAV7KIM,current_rps GET /product/LS4PSXUNUM,current_rps GET /product/OLJCESPC7Z,current_rps POST /cart,current_rps POST /cart/checkout,current_rps POST /setCurrency,current_rps Aggregated,Acme-Web CPU Usage,MongoDB CPU Usage,StressNG 1 CPU Usage,StressNG 2 CPU Usage,StressNG 3 CPU Usage,StressNG 4 CPU Usage
43.1,42.0,44.2,40.6,38.8,42.4,50.3,51.6,49.0,34.5,35.6,33.4,0.155,2.16,0.0663,2.07,1.56,2.09,0.0471,1.46,1.14,0.0361,0.117,0.162,48.4,42.0,95,40,200,48.0,5.33,6.0,3.67,3.33,5.33,3.33,4.0,3.0,2.33,4.67,7.33,2.33,3.67,102.0,0.00333,0.199,0.0,0.0,0.0,0.0
37.2,36.2,38.2,43.5,43.8,43.2,33.9,31.8,36.0,32.7,36.0,29.4,0.166,2.21,0.0728,2.1,1.67,2.22,0.0493,1.54,1.19,0.0371,0.118,0.169,43.3,35.0,90,34,200,27.0,5.5,3.5,2.63,3.38,2.88,2.63,3.88,2.63,2.5,3.63,5.13,1.75,4.5,71.5,0.00324,0.182,0.0,0.0,0.0,0.0
32.4,33.8,31.0,43.9,39.4,48.4,33.7,32.2,35.2,34.9,30.8,39.0,0.174,2.3,0.0737,2.14,1.76,2.29,0.0527,1.61,1.25,0.037,0.123,0.181,41.7,34.0,81,25,200,8.0,6.0,2.6,3.0,2.5,1.8,2.8,3.4,2.8,2.3,3.1,5.3,1.8,4.1,49.5,0.00386,0.2,0.0,0.0,0.0,11.0
36.2,35.6,36.8,41.5,39.4,43.6,36.3,36.8,35.8,33.9,32.2,35.6,0.174,2.4,0.0745,2.17,1.9,2.36,0.0521,1.67,1.31,0.037,0.127,0.181,40.3,31.0,81,25,200,2.5,6.9,2.5,3.5,1.7,1.6,2.9,2.7,2.8,2.8,2.8,6.1,2.1,3.8,44.7,0.00308,0.188,0.0,0.0,0.0,13.1
35.4,35.4,35.4,43.4,44.2,42.6,33.8,34.8,32.8,33.6,31.8,35.4,0.182,2.48,0.0741,2.2,1.99,2.43,0.0546,1.75,1.37,0.037,0.129,0.189,39.1,30.0,82,23,200,2.7,6.4,2.6,2.5,2.2,1.7,3.2,2.8,2.3,2.6,2.0,6.0,2.1,4.9,44.0,0.00417,0.197,6.66,0.0,0.0,16.5
32.2,33.8,30.6,44.3,44.8,43.8,35.8,36.0,35.6,35.3,33.0,37.6,0.19,2.53,0.0786,2.27,2.11,2.58,0.0562,1.83,1.43,0.0369,0.133,0.196,38.7,29.0,83,24,200,2.5,5.6,3.4,3.1,2.5,2.0,3.5,3.2,2.2,2.3,2.7,6.5,2.1,4.7,46.3,0.00364,0.184,6.66,0.0,0.0,8.99
35.3,30.8,39.8,40.9,36.0,45.8,33.8,33.6,34.0,32.7,39.4,26.0,0.207,2.67,0.0833,2.32,2.22,2.65,0.0601,1.92,1.51,0.0369,0.134,0.207,38.7,29.0,87,28,200,2.2,5.0,2.8,2.8,2.7,2.1,3.5,2.9,2.4,2.7,2.9,5.7,1.9,3.7,43.3,0.00299,0.2,9.61,0.0,0.0,9.65
33.8,33.4,34.2,40.7,43.4,38.0,37.1,36.4,37.8,36.2,31.6,40.8,0.215,2.72,0.0847,2.39,2.32,2.76,0.0616,1.99,1.58,0.036,0.139,0.211,38.0,28.0,87,26,200,1.8,5.4,2.1,2.2,3.0,2.0,3.1,2.9,3.3,2.8,2.2,5.8,2.1,3.5,42.2,0.00283,0.189,4.17,0.0,0.0,9.71
33.4,34.6,32.2,41.8,40.0,43.6,33.0,30.2,35.8,32.5,33.4,31.6,0.205,2.84,0.0861,2.43,2.4,2.89,0.0616,2.07,1.61,0.0368,0.142,0.215,37.2,28.0,77,24,200,1.8,6.3,1.9,2.8,2.6,2.2,2.2,2.7,3.2,3.0,2.3,5.9,1.8,4.1,42.8,0.00347,0.201,5.59,0.0,0.0,8.48
32.6,33.6,31.6,41.5,41.4,41.6,34.2,38.0,30.4,34.5,33.2,35.8,0.215,2.94,0.0848,2.49,2.51,2.93,0.0624,2.1,1.68,0.0369,0.142,0.219,37.2,28.0,80,24,200,1.6,5.7,2.4,2.6,1.9,2.2,2.9,2.4,3.1,3.1,2.5,4.9,1.7,4.4,41.4,0.00309,0.188,4.14,0.0,0.0,8.73
35.3,33.0,37.6,41.1,40.4,41.8,35.1,37.6,32.6,33.8,34.2,33.4,0.222,3.03,0.0879,2.57,2.59,3.06,0.0658,2.16,1.72,0.0377,0.146,0.232,36.8,27.0,78,25,200,1.9,6.3,2.8,2.5,2.1,1.4,3.0,2.9,3.3,3.0,3.1,5.0,2.2,3.7,43.2,0.00323,0.2,4.07,0.0,0.0,8.84
33.8,35.8,31.8,41.7,38.2,45.2,34.5,34.8,34.2,32.7,34.2,31.2,0.224,3.02,0.0891,2.57,2.68,3.07,0.0635,2.22,1.75,0.0369,0.147,0.238,36.7,27.0,78,26,200,1.9,6.9,3.5,2.4,2.5,2.1,2.7,2.6,2.5,2.7,2.3,5.4,1.7,3.1,42.3,0.00323,0.178,2.75,0.0,0.0,9.21
33.0,28.8,37.2,41.4,38.6,44.2,34.8,36.0,33.6,32.7,34.2,31.2,0.225,3.12,0.0893,2.67,2.76,3.2,0.0652,2.31,1.79,0.036,0.15,0.24,36.2,27.0,71,24,200,2.2,5.9,3.8,2.4,2.7,3.7,2.8,2.1,1.9,3.1,1.7,5.3,1.1,2.9,41.6,0.00329,0.189,4.09,0.0,0.0,8.91
35.6,34.4,36.8,44.7,47.8,41.6,32.8,30.8,34.8,33.2,30.0,36.4,0.232,3.21,0.0905,2.7,2.93,3.27,0.0652,2.39,1.86,0.0379,0.152,0.245,35.8,27.0,67,23,200,1.9,5.3,3.0,3.0,2.9,4.1,2.8,2.6,2.6,3.8,2.3,5.6,1.4,3.3,44.6,0.00331,0.164,4.17,0.0,0.0,8.61
33.4,36.0,30.8,42.2,40.0,44.4,33.2,35.4,31.0,36.4,37.0,35.8,0.222,3.25,0.0919,2.7,3.05,3.37,0.0655,2.43,1.94,0.0379,0.155,0.251,35.6,27.0,69,24,200,1.5,6.2,2.9,3.0,2.6,3.3,2.6,2.5,2.8,3.1,2.6,5.0,1.2,3.5,42.8,0.00259,0.176,5.42,0.0,0.0,9.66
34.9,33.2,36.6,43.1,43.0,43.2,35.9,36.0,35.8,33.8,31.4,36.2,0.241,3.36,0.0939,2.79,3.14,3.49,0.0692,2.52,1.99,0.037,0.158,0.261,35.6,26.0,80,25,200,1.6,6.2,2.7,3.3,2.6,2.9,2.3,2.1,3.0,2.8,3.0,4.9,1.4,3.5,42.3,0.00372,0.16,3.9,0.0,0.0,9.65
33.3,35.6,31.0,42.7,43.2,42.2,34.6,33.8,35.4,33.0,33.0,33.0,0.252,3.47,0.0947,2.83,3.26,3.59,0.0722,2.62,2.05,0.0381,0.16,0.265,35.7,26.0,91,26,200,2.2,5.4,2.6,3.1,2.7,2.5,3.4,2.9,3.4,3.8,2.8,5.7,2.1,4.3,46.9,0.00386,0.179,3.53,0.0,0.0,9.71
36.4,35.8,37.0,44.7,42.0,47.4,33.4,31.4,35.4,35.6,39.0,32.2,0.267,3.67,0.0996,2.98,3.46,3.79,0.0751,2.77,2.19,0.0361,0.166,0.283,35.6,26.0,85,26,200,2.9,5.2,3.0,2.7,2.2,2.5,3.5,3.5,2.2,3.7,2.7,6.1,1.8,4.1,46.1,0.00382,0.175,3.7,0.0,0.0,9.23
33.8,30.6,37.0,42.2,39.8,44.6,34.3,35.2,33.4,33.3,35.4,31.2,0.271,3.82,0.104,3.17,3.64,3.99,0.0784,2.96,2.34,0.0371,0.172,0.297,35.6,26.0,84,26,200,2.0,4.9,3.1,2.2,2.1,2.7,2.3,3.3,2.0,3.3,3.2,5.8,1.9,4.0,42.8,0.00316,0.18,3.66,0.0,0.0,9.56
51.7,50.0,53.4,45.5,45.0,46.0,56.5,55.6,57.4,40.1,34.4,45.8,0.255,3.43,0.0921,2.8,3.21,3.52,0.068,2.66,2.07,0.0369,0.156,0.263,49.2,36.0,100,34,200,42.0,5.5,1.5,5.0,3.5,4.0,3.0,2.5,4.5,2.0,3.5,4.0,1.0,5.5,87.5,0.00371,0.174,0.0,0.0,0.0,0.0
32.0,31.8,32.2,46.4,46.4,46.4,32.9,34.6,31.2,37.4,39.2,35.6,0.244,3.45,0.0926,2.8,3.19,3.54,0.0669,2.58,2.04,0.036,0.158,0.261,43.7,32.0,99,30,200,30.7,5.86,2.57,3.43,3.14,2.57,3.0,3.43,4.14,2.57,2.86,6.43,2.0,3.71,76.4,0.00443,0.172,0.0,0.0,0.0,0.0
33.0,32.2,33.8,49.0,49.4,48.6,33.3,32.6,34.0,37.5,38.4,36.6,0.257,3.47,0.0945,2.85,3.17,3.5,0.0707,2.64,2.1,0.0369,0.156,0.261,43.6,32.0,96,26,200,14.6,4.8,2.8,3.0,3.6,2.6,3.1,3.7,3.3,2.3,2.7,7.5,2.8,3.4,60.2,0.00304,0.19,0.0,0.0,0.0,0.0
34.2,34.2,34.2,44.7,41.2,48.2,47.2,48.4,46.0,39.0,37.4,40.6,0.25,3.43,0.0918,2.87,3.13,3.5,0.0686,2.63,2.08,0.0361,0.722,0.258,42.4,32.0,96,31,200,2.3,5.1,2.8,2.5,2.9,3.4,3.5,3.2,2.6,2.1,2.8,6.4,2.6,3.3,45.5,0.0038,0.181,10.6,0.0,0.0,18.8
35.7,35.2,36.2,47.4,47.0,47.8,34.8,33.4,36.2,41.4,42.4,40.4,0.25,3.47,0.0944,2.86,3.17,3.51,0.0704,2.63,2.08,0.0371,0.721,0.262,41.4,31.0,78,30,200,2.0,6.3,3.3,2.1,2.3,3.3,3.3,2.4,2.4,2.4,2.1,5.4,2.1,3.3,42.7,0.00354,0.193,13.3,0.0,0.0,23.8
36.5,38.6,34.4,47.8,46.6,49.0,33.5,33.2,33.8,38.3,36.8,39.8,0.263,3.37,0.0935,2.85,3.17,3.55,0.0712,2.65,2.09,0.0369,0.719,0.263,40.5,31.0,75,29,200,2.2,5.4,2.8,2.6,3.0,2.8,2.5,2.2,2.2,3.2,1.5,5.5,2.2,4.0,42.1,0.00343,0.188,16.1,0.0,0.0,28.1
36.6,34.4,38.8,47.7,48.6,46.8,36.2,33.6,38.8,40.3,41.4,39.2,0.254,3.39,0.0932,2.8,3.22,3.65,0.0702,2.66,2.12,0.0371,0.721,0.267,40.2,31.0,82,29,200,1.7,4.6,2.2,3.2,2.6,3.1,2.6,3.6,2.9,3.7,2.3,6.3,1.7,3.6,44.1,0.00399,0.2,8.14,0.0,0.0,14.1
37.5,38.4,36.6,49.8,51.0,48.6,34.4,31.8,37.0,39.3,40.0,38.6,0.253,3.43,0.0974,2.86,3.28,3.66,0.0695,2.67,2.1,0.0372,0.721,0.264,39.9,31.0,83,29,200,2.0,5.5,2.6,2.8,2.2,2.9,2.6,3.5,3.4,2.9,2.9,5.8,1.2,3.9,44.2,0.00323,0.186,8.34,0.0,0.0,13.5
36.0,37.4,34.6,43.8,43.2,44.4,32.8,30.4,35.2,39.3,44.4,34.2,0.262,3.46,0.0975,2.88,3.29,3.74,0.0761,2.73,2.15,0.0371,0.722,0.267,39.4,30.0,84,27,200,1.9,6.9,2.9,2.0,2.4,2.4,1.9,2.4,2.9,2.7,2.8,5.4,1.9,3.7,42.2,0.00344,0.193,7.91,0.0,0.0,13.6
37.9,37.2,38.6,49.4,48.0,50.8,32.6,28.4,36.8,41.8,42.6,41.0,0.264,3.43,0.0985,2.81,3.31,3.8,0.0735,2.68,2.2,0.0381,0.719,0.265,38.9,30.0,81,26,200,1.4,7.1,2.6,2.4,2.4,2.6,2.1,2.5,2.3,3.1,2.6,5.5,2.2,2.9,41.7,0.00352,0.181,7.99,0.0,0.0,14.1
33.5,32.6,34.4,49.4,50.4,48.4,33.3,30.6,36.0,38.1,32.8,43.4,0.258,3.4,0.0979,2.82,3.24,3.81,0.0765,2.67,2.14,0.0361,0.72,0.266,38.7,30.0,79,27,200,1.5,6.5,2.6,2.8,2.5,2.9,2.6,2.3,2.5,3.3,3.3,4.9,1.6,3.4,42.7,0.00359,0.19,7.32,0.0,0.0,14.9
36.3,33.2,39.4,48.3,49.8,46.8,34.5,32.2,36.8,38.8,38.8,38.8,0.287,3.45,0.0999,2.88,3.26,3.84,0.0789,2.71,2.18,0.0361,0.721,0.271,38.5,29.0,79,28,200,1.6,5.7,3.2,3.1,3.0,2.9,2.3,2.6,3.5,3.4,3.4,5.9,1.9,3.2,45.7,0.00307,0.183,8.73,0.0,0.0,14.7
33.7,29.6,37.8,45.1,47.6,42.6,33.6,31.6,35.6,38.1,43.4,32.8,0.267,3.42,0.0977,2.87,3.26,3.83,0.0759,2.71,2.14,0.0379,0.72,0.262,38.6,29.0,85,28,200,1.8,5.5,3.3,2.4,3.0,3.1,2.8,2.4,3.5,3.0,2.3,6.4,2.0,3.8,45.3,0.00367,0.193,9.04,0.0,0.0,13.5
34.1,35.0,33.2,46.5,51.0,42.0,36.1,33.8,38.4,40.6,40.8,40.4,0.258,3.39,0.0984,2.89,3.28,3.82,0.0737,2.69,2.17,0.0361,0.722,0.272,38.8,29.0,96,31,200,1.5,5.2,2.7,2.6,2.8,3.1,3.2,3.0,2.8,2.0,2.0,5.8,1.4,4.4,42.5,0.0033,0.183,8.32,0.0,0.0,13.4
33.7,35.0,32.4,45.4,50.4,40.4,32.1,32.2,32.0,39.2,38.0,40.4,0.25,3.37,0.0944,2.86,3.25,3.81,0.0718,2.69,2.14,0.037,0.721,0.265,38.4,29.0,86,28,200,1.6,4.7,2.4,3.2,2.7,2.8,2.8,3.1,2.5,2.6,2.7,5.3,0.9,4.0,41.3,0.00348,0.193,7.22,0.0,0.0,13.1
34.5,31.0,38.0,46.4,48.2,44.6,32.8,32.6,33.0,39.7,47.2,32.2,0.259,3.38,0.0934,2.83,3.25,3.8,0.0717,2.64,2.1,0.0381,0.72,0.266,38.2,29.0,77,27,200,1.9,5.2,2.5,3.1,2.7,3.2,2.6,2.5,2.0,2.7,2.9,5.1,0.9,3.6,40.9,0.00335,0.176,7.91,0.0,0.0,14.2
33.4,33.6,33.2,45.2,45.2,45.2,35.3,35.4,35.2,38.8,41.6,36.0,0.237,3.34,0.0927,2.82,3.25,3.79,0.0714,2.67,2.12,0.0373,0.72,0.264,38.4,29.0,89,28,200,1.9,6.1,2.8,3.2,2.7,3.1,2.3,2.6,2.3,2.3,2.3,4.9,1.1,3.8,41.4,0.00322,0.178,8.71,0.0,0.0,13.2
34.2,31.0,37.4,46.6,44.8,48.4,33.9,33.6,34.2,38.2,34.2,42.2,0.246,3.49,0.0953,3.02,3.45,4.03,0.0746,2.78,2.22,0.0373,0.725,0.283,38.3,29.0,94,28,200,2.2,5.4,3.3,2.5,2.7,2.5,2.5,2.0,3.3,3.1,2.7,5.7,1.0,3.9,42.8,0.00387,0.178,8.3,0.0,0.0,13.1
33.7,36.0,31.4,47.0,45.0,49.0,36.1,33.2,39.0,38.3,46.2,30.4,0.271,3.7,0.101,3.18,3.6,4.18,0.0794,2.92,2.36,0.0373,0.732,0.295,38.1,29.0,90,27,200,1.8,5.4,2.7,2.2,3.6,3.1,2.4,2.0,3.4,2.7,2.6,5.6,1.6,3.4,42.5,0.00327,0.19,7.3,0.0,0.0,14.0
32.6,32.8,32.4,32.7,37.2,28.2,34.2,35.6,32.8,34.2,34.0,34.4,0.287,3.93,0.105,3.34,3.77,4.37,0.0835,3.1,2.47,0.0371,0.737,0.307,37.9,29.0,82,25,200,2.0,6.8,2.0,1.9,3.5,3.3,2.6,2.9,2.5,2.4,2.8,4.8,2.1,3.8,43.4,0.0025,0.186,7.52,0.0,0.0,13.4
31.0,30.6,31.4,53.6,52.6,54.6,32.6,32.0,33.2,42.5,42.6,42.4,0.238,3.39,0.0883,2.86,3.2,3.67,0.0674,2.63,2.1,0.0369,0.153,0.25,48.7,35.0,100,32,200,35.7,8.83,3.67,3.83,3.5,2.67,2.83,2.83,3.17,3.17,4.33,6.17,2.5,3.67,86.8,0.00353,0.175,0.0,0.0,0.0,0.0
31.9,33.8,30.0,48.2,53.8,42.6,34.9,33.6,36.2,45.3,46.0,44.6,0.238,3.45,0.0895,2.9,3.17,3.63,0.0679,2.63,2.12,0.0381,0.153,0.253,47.0,33.0,110,31,200,19.1,6.6,3.0,3.8,3.2,3.0,2.5,3.0,2.6,2.3,3.5,5.2,1.7,3.3,62.8,0.00277,0.193,0.0,0.0,0.0,18.0
34.8,35.2,34.4,51.7,45.8,57.6,34.0,34.0,34.0,43.1,29.2,57.0,0.233,3.41,0.0901,2.93,3.05,3.58,0.0677,2.62,2.08,0.0381,0.152,0.249,43.9,30.0,99,25,200,2.4,6.0,2.7,3.4,2.3,2.9,2.3,2.9,2.2,1.6,2.1,5.0,1.7,3.2,40.7,0.00346,0.186,0.0,0.0,0.0,23.9
30.2,28.4,32.0,49.5,53.6,45.4,33.2,28.4,38.0,44.2,46.6,41.8,0.232,3.33,0.0852,2.87,2.99,3.5,0.0656,2.65,2.1,0.0371,0.151,0.246,42.5,29.0,85,24,200,1.9,6.3,2.9,2.8,2.6,2.5,3.0,2.6,2.5,2.7,2.5,5.2,1.6,3.5,42.6,0.00405,0.203,18.6,0.0,0.0,30.9
34.7,35.6,33.8,52.7,50.8,54.6,34.0,34.2,33.8,43.4,49.0,37.8,0.222,3.36,0.084,2.87,2.97,3.46,0.0613,2.59,2.08,0.0371,0.15,0.238,41.5,28.0,89,24,200,1.6,5.9,2.1,2.9,2.6,2.1,3.6,2.4,1.9,2.7,2.9,4.0,1.1,3.9,39.7,0.00254,0.193,24.2,0.0,0.0,18.4
32.7,35.6,29.8,52.6,58.4,46.8,36.1,39.6,32.6,43.3,37.0,49.6,0.223,3.42,0.0822,2.95,2.94,3.35,0.0669,2.61,2.06,0.0371,0.152,0.244,41.7,29.0,94,27,200,2.2,5.7,1.8,2.8,2.4,2.6,3.9,2.8,2.2,2.8,2.1,3.6,1.3,4.3,40.5,0.00344,0.216,27.1,0.0,0.0,18.0
31.9,34.8,29.0,51.1,50.2,52.0,35.1,32.2,38.0,46.1,41.6,50.6,0.233,3.39,0.0857,2.98,2.92,3.37,0.0625,2.56,2.1,0.0372,0.153,0.247,41.1,29.0,97,29,200,2.0,5.4,2.7,2.3,2.6,2.9,3.3,3.2,2.6,3.2,2.1,5.3,2.3,4.0,43.9,0.00344,0.197,13.3,0.0,0.0,18.4
32.0,34.2,29.8,51.2,46.4,56.0,35.5,35.6,35.4,44.8,38.2,51.4,0.223,3.39,0.0849,2.97,2.85,3.35,0.065,2.57,2.08,0.0382,0.152,0.245,41.6,29.0,100,30,200,1.5,6.1,3.5,2.4,2.4,2.1,3.3,3.0,2.7,3.4,2.7,6.5,2.6,4.1,46.3,0.00335,0.202,11.0,0.0,0.0,17.0
34.7,36.0,33.4,49.0,49.0,49.0,34.3,30.8,37.8,44.6,47.2,42.0,0.236,3.38,0.0874,2.97,2.86,3.31,0.0661,2.55,2.11,0.0363,0.152,0.252,41.0,29.0,91,29,200,1.6,6.0,2.7,2.3,2.5,2.0,3.1,2.6,2.8,3.1,2.6,5.3,1.7,3.9,42.2,0.00352,0.192,13.5,0.0,0.0,17.7
31.0,31.2,30.8,50.3,52.0,48.6,34.5,32.4,36.6,42.3,29.5,55.0,0.243,3.36,0.0877,2.95,2.81,3.33,0.0695,2.55,2.08,0.0383,0.152,0.25,41.1,29.0,96,26,200,1.5,5.8,2.9,2.7,2.6,2.5,2.4,2.4,2.5,2.1,2.6,4.7,1.6,3.3,39.6,0.00424,0.204,11.8,0.0,0.0,18.6
34.6,35.0,34.2,53.7,54.6,52.8,34.4,35.6,33.2,45.3,44.0,46.6,0.249,3.4,0.0902,3.03,2.78,3.32,0.0714,2.55,2.08,0.0374,0.154,0.254,41.3,29.0,120,28,200,1.8,5.7,4.0,3.8,2.7,2.9,2.2,2.8,3.2,2.7,2.4,5.8,2.1,3.2,45.3,0.00326,0.19,13.5,0.0,0.0,20.3
30.5,28.4,32.6,53.4,59.0,47.8,34.2,31.6,36.8,43.2,38.2,48.2,0.253,3.38,0.0919,3.1,2.73,3.35,0.0713,2.53,2.08,0.0366,0.152,0.249,41.2,28.0,120,26,200,2.0,5.7,3.4,3.0,1.8,2.7,1.6,3.3,3.8,3.6,2.2,5.7,2.2,3.6,44.6,0.00369,0.209,11.4,0.0,0.0,19.7
35.3,37.8,32.8,51.5,50.6,52.4,34.8,32.6,37.0,44.4,48.6,40.2,0.259,3.42,0.0918,3.15,2.72,3.39,0.0728,2.53,2.1,0.0374,0.151,0.259,41.0,28.0,100,27,200,2.1,5.2,2.8,2.1,2.0,2.1,1.7,3.0,3.8,3.5,2.6,4.8,1.6,4.4,41.7,0.00371,0.203,12.4,0.0,0.0,17.9
35.1,35.6,34.6,53.8,52.0,55.6,34.3,33.2,35.4,45.3,45.8,44.8,0.263,3.46,0.0932,3.13,2.67,3.37,0.0739,2.57,2.09,0.0383,0.151,0.254,40.7,28.0,94,28,200,2.3,6.0,2.9,2.4,3.0,2.1,2.1,2.6,3.5,2.5,3.1,4.6,1.5,5.0,43.6,0.00368,0.21,11.6,0.0,0.0,17.3
37.3,37.0,37.6,49.6,48.0,51.2,36.8,35.2,38.4,42.1,47.2,37.0,0.257,3.42,0.0925,3.12,2.71,3.46,0.0749,2.57,2.06,0.0376,0.15,0.26,41.2,28.0,110,28,200,1.7,6.1,2.6,2.6,2.5,3.5,2.6,2.5,3.0,1.9,3.0,6.2,2.3,4.7,45.2,0.00371,0.198,13.7,0.0,0.0,19.0
35.8,32.6,39.0,53.7,53.4,54.0,34.4,36.8,32.0,44.6,52.6,36.6,0.251,3.36,0.0928,3.21,2.72,3.49,0.0728,2.52,2.08,0.0386,0.152,0.26,41.0,28.0,120,28,200,1.4,5.4,2.8,2.9,1.9,4.1,3.1,3.2,2.8,2.6,2.2,6.4,2.1,3.4,44.3,0.00376,0.205,12.8,0.0,0.0,18.9
37.2,34.6,39.8,52.1,52.6,51.6,35.1,37.2,33.0,43.9,41.8,46.0,0.267,3.49,0.0982,3.35,2.9,3.73,0.0781,2.69,2.19,0.0368,0.157,0.279,41.3,28.0,110,29,200,1.6,5.8,3.5,2.9,2.1,4.1,3.5,3.3,2.2,2.9,2.5,5.8,1.5,3.2,44.9,0.0034,0.194,12.6,0.0,0.0,17.5
38.9,42.2,35.6,51.8,51.8,51.8,34.3,35.4,33.2,43.1,41.0,45.2,0.282,3.67,0.104,3.51,3.09,4.01,0.0842,2.79,2.29,0.0366,0.164,0.295,41.2,28.0,110,31,200,2.6,5.2,2.8,3.1,2.3,3.8,2.9,2.6,1.9,2.5,2.4,6.4,1.8,2.8,43.1,0.00349,0.2,12.7,0.0,0.0,17.8
34.6,31.2,38.0,37.9,32.8,43.0,36.3,34.6,38.0,39.3,32.6,46.0,0.3,3.85,0.11,3.67,3.27,4.19,0.0881,3.01,2.43,0.0377,0.168,0.312,41.5,29.0,110,29,200,2.7,5.4,2.4,3.1,2.4,3.2,2.5,2.6,3.1,3.1,2.7,6.9,2.5,3.3,45.9,0.00344,0.187,13.0,0.0,0.0,17.8
36.5,38.8,34.2,50.8,50.2,51.4,37.4,36.2,38.6,48.8,52.2,45.4,0.27,3.41,0.0985,3.24,2.85,3.73,0.0778,2.61,2.11,0.0368,0.154,0.265,50.8,33.0,140,35,200,42.8,7.6,3.2,3.4,3.6,3.4,4.2,3.2,4.6,4.0,1.8,7.0,2.0,5.2,96.0,0.00406,0.178,0.0,0.0,0.0,0.0
32.4,37.4,27.4,56.1,57.8,54.4,33.8,31.2,36.4,47.5,47.4,47.6,0.266,3.35,0.0973,3.21,2.85,3.73,0.0773,2.57,2.08,0.0377,0.154,0.266,47.9,31.0,140,36,200,22.0,5.2,2.8,3.2,3.1,2.9,3.3,2.5,3.3,3.5,1.7,5.6,1.2,3.7,64.0,0.00346,0.184,0.0,0.0,0.0,0.0
33.0,30.2,35.8,54.8,56.6,53.0,34.2,33.4,35.0,49.3,56.8,41.8,0.271,3.33,0.0997,3.21,2.87,3.74,0.0746,2.55,2.07,0.0367,0.155,0.264,47.1,30.0,140,27,200,1.3,3.3,2.7,3.0,3.1,2.3,2.1,2.3,2.4,2.8,2.3,4.6,1.1,3.6,36.9,0.00259,0.178,0.0,0.0,0.0,27.4
34.7,32.8,36.6,57.5,58.6,56.4,34.8,31.2,38.4,49.0,53.2,44.8,0.27,3.34,0.0977,3.19,2.89,3.7,0.0791,2.57,2.07,0.0383,0.153,0.268,45.9,30.0,130,28,200,2.3,4.5,3.3,2.3,2.6,2.5,1.8,2.8,2.6,3.0,4.2,5.1,2.2,3.9,43.1,0.0033,0.195,24.4,0.0,0.0,34.7
31.8,31.0,32.6,54.7,60.0,49.4,34.5,32.8,36.2,49.6,57.2,42.0,0.27,3.31,0.0971,3.19,2.92,3.71,0.0758,2.54,2.05,0.0372,0.151,0.268,45.0,30.0,100,28,200,2.3,5.4,3.3,2.9,1.9,2.5,2.5,2.9,2.7,3.1,4.4,5.6,2.0,3.5,45.0,0.00314,0.183,29.4,0.0,0.0,44.6
33.1,32.2,34.0,52.9,57.0,48.8,34.2,32.8,35.6,49.9,42.6,57.2,0.262,3.36,0.096,3.15,2.9,3.71,0.0755,2.52,2.01,0.0374,0.152,0.268,44.1,30.0,92,28,200,1.7,5.9,3.1,3.5,2.6,2.2,2.7,2.3,3.1,2.4,2.8,6.5,1.9,4.2,44.9,0.00335,0.19,35.4,0.0,0.0,24.4
31.9,29.2,34.6,53.5,51.8,55.2,32.4,34.6,30.2,50.0,54.6,45.4,0.259,3.34,0.0936,3.24,2.9,3.69,0.0729,2.53,2.01,0.037,0.151,0.264,43.4,30.0,83,28,200,1.8,5.0,2.7,3.2,2.9,2.6,2.9,2.2,3.5,2.8,2.1,5.6,1.5,4.1,42.9,0.00339,0.179,15.8,0.0,0.0,23.1
33.3,34.6,32.0,52.4,60.6,44.2,35.1,35.2,35.0,48.0,55.0,41.0,0.261,3.34,0.0945,3.19,2.88,3.71,0.0742,2.52,2.0,0.0379,0.151,0.262,43.1,29.0,98,27,200,1.9,4.2,2.2,3.2,3.3,3.0,3.0,2.6,2.8,3.6,2.2,4.5,1.5,3.4,41.4,0.00461,0.182,16.7,0.0,0.0,23.2
32.3,31.8,32.8,54.4,51.6,57.2,33.5,32.4,34.6,49.0,55.2,42.8,0.254,3.39,0.0926,3.08,2.94,3.68,0.0728,2.5,2.0,0.0369,0.154,0.262,42.9,29.0,120,28,200,2.3,5.0,2.4,3.2,2.8,2.7,2.9,1.9,2.7,3.0,2.4,4.9,1.8,3.9,41.9,0.00327,0.169,16.0,0.0,0.0,21.6
31.8,33.2,30.4,54.2,56.0,52.4,33.9,34.8,33.0,47.6,55.0,40.2,0.246,3.37,0.0931,3.11,2.96,3.66,0.0713,2.48,1.96,0.037,0.155,0.256,42.5,29.0,93,28,200,2.6,5.2,2.5,2.6,2.0,2.5,3.8,2.1,2.9,3.1,2.7,4.9,1.0,4.1,42.0,0.00363,0.189,17.7,0.0,0.0,24.7
32.8,33.6,32.0,53.7,55.0,52.4,43.9,46.2,41.6,50.2,61.4,39.0,0.242,3.34,0.0911,3.05,2.96,3.67,0.07,2.43,1.97,0.0361,0.282,0.254,42.2,29.0,95,28,200,2.3,5.0,2.7,1.7,3.0,3.0,3.8,2.6,2.4,3.6,3.2,5.4,0.9,3.8,43.4,0.00347,0.177,17.0,0.0,0.0,21.0
33.2,33.8,32.6,56.2,55.8,56.6,39.5,40.4,38.6,49.2,45.2,53.2,0.237,3.34,0.0875,3.05,2.94,3.57,0.0682,2.41,1.93,0.037,0.75,0.253,42.2,29.0,100,27,200,2.0,4.3,2.3,2.6,3.4,2.8,2.9,2.3,2.8,2.3,3.0,5.4,1.1,4.4,41.6,0.00352,0.186,17.5,0.0,0.0,23.6
34.3,36.2,32.4,57.3,53.8,60.8,36.8,36.8,36.8,49.1,52.6,45.6,0.249,3.38,0.091,2.98,2.95,3.62,0.0704,2.46,1.91,0.0359,0.75,0.255,41.9,29.0,100,28,200,1.6,5.2,3.5,2.7,3.2,2.2,2.8,2.3,3.7,2.5,2.3,5.9,1.9,3.8,43.6,0.00294,0.183,15.4,0.0,0.0,21.6
34.4,31.2,37.6,52.6,52.8,52.4,33.4,33.0,33.8,48.7,50.2,47.2,0.242,3.36,0.0882,3.03,2.9,3.53,0.07,2.41,1.88,0.0375,0.75,0.251,41.5,29.0,86,28,200,1.6,5.5,3.9,2.7,3.2,2.5,2.9,2.3,3.0,2.9,2.4,6.6,2.4,4.4,46.3,0.00369,0.189,16.1,0.0,0.0,23.4
33.5,35.2,31.8,56.2,63.0,49.4,36.7,38.0,35.4,50.5,48.8,52.2,0.244,3.38,0.0877,3.06,2.93,3.45,0.0665,2.43,1.89,0.0377,0.752,0.25,41.3,29.0,85,28,200,1.7,4.6,2.6,3.5,2.7,2.6,2.9,1.9,2.4,2.2,3.7,6.1,1.9,4.7,43.5,0.00275,0.176,16.4,0.0,0.0,22.3
34.3,37.2,31.4,55.9,54.8,57.0,33.6,32.0,35.2,48.1,57.0,39.2,0.243,3.37,0.0881,3.01,2.91,3.44,0.0684,2.35,1.86,0.0366,0.752,0.254,41.1,29.0,90,27,200,1.5,5.4,2.6,4.2,2.5,2.2,2.7,2.0,3.4,2.7,3.9,5.5,2.0,3.6,44.2,0.00364,0.19,16.6,0.0,0.0,22.1
37.1,37.0,37.2,53.6,51.0,56.2,34.4,33.2,35.6,50.4,54.2,46.6,0.246,3.47,0.0897,3.06,3.13,3.55,0.0728,2.42,1.91,0.0356,0.753,0.269,41.0,29.0,96,27,200,2.4,5.7,2.9,4.5,3.2,2.4,2.1,2.1,2.4,2.7,3.1,6.4,2.3,3.7,45.9,0.00351,0.182,17.0,0.0,0.0,23.0
32.2,30.2,34.2,55.0,50.8,59.2,36.2,38.0,34.4,49.9,57.9,42.0,0.275,3.69,0.094,3.3,3.27,3.82,0.0748,2.61,2.02,0.0366,0.761,0.287,41.0,29.0,99,28,200,2.2,5.5,3.1,3.9,3.3,2.5,2.9,2.5,1.9,1.9,2.9,8.1,2.5,4.5,47.7,0.00357,0.192,16.4,0.0,0.0,23.4
34.0,31.4,36.6,43.7,43.4,44.0,34.6,34.2,35.0,49.1,44.8,53.3,0.29,3.87,0.097,3.5,3.42,3.98,0.0813,2.75,2.14,0.0376,0.768,0.304,40.9,29.0,93,29,200,1.6,5.6,3.5,3.2,2.8,2.8,3.3,2.5,2.7,2.2,3.1,8.3,2.4,4.6,48.6,0.00355,0.181,17.2,0.0,0.0,24.1
43.5,41.8,45.2,56.7,53.4,60.0,48.4,49.6,47.2,53.8,59.4,48.2,0.276,3.53,0.0954,3.13,2.96,3.66,0.079,2.45,1.89,0.0359,0.757,0.269,61.5,52.0,150,61,200,43.3,9.0,4.0,2.0,2.25,3.5,3.75,4.75,3.75,3.75,3.5,8.0,3.5,4.0,99.0,0.00382,0.177,0.0,0.0,0.0,0.0
36.4,33.8,39.0,59.6,56.8,62.4,33.4,36.6,30.2,53.1,53.0,53.2,0.272,3.55,0.0969,3.09,3.01,3.68,0.0791,2.45,1.85,0.0358,0.757,0.268,54.4,44.0,140,48,200,24.4,7.33,3.78,2.11,1.89,2.56,3.11,3.78,3.0,2.89,3.0,7.0,3.0,3.56,71.4,0.00326,0.183,0.0,0.0,0.0,0.0
35.4,37.0,33.8,57.0,58.2,55.8,32.7,34.0,31.4,54.5,59.0,50.0,0.274,3.48,0.0981,3.14,2.98,3.71,0.0789,2.41,1.87,0.0369,0.756,0.261,53.2,42.0,100,31,200,5.7,5.9,3.3,2.9,1.9,2.0,3.1,3.0,2.2,2.4,2.7,6.1,2.1,4.1,47.4,0.00331,0.183,0.0,0.0,0.0,0.0
33.5,34.2,32.8,60.1,59.6,60.6,35.6,36.6,34.6,53.4,61.2,45.6,0.276,3.54,0.101,3.11,2.98,3.77,0.0816,2.4,1.86,0.0359,0.758,0.267,51.5,39.0,120,32,200,2.1,4.8,3.1,3.1,2.4,2.9,2.9,3.0,2.5,2.5,2.6,5.0,1.8,4.1,42.8,0.00331,0.194,29.4,0.0,0.0,0.0
34.6,34.8,34.4,57.3,59.2,55.4,36.3,35.8,36.8,54.4,54.4,54.4,0.272,3.55,0.0992,3.11,3.04,3.83,0.08,2.36,1.85,0.0368,0.757,0.265,49.3,37.0,98,28,200,1.8,4.0,3.5,2.5,3.2,2.5,2.6,2.1,3.3,2.5,3.0,4.8,1.8,3.6,41.2,0.00346,0.181,35.3,0.0,0.0,51.0
31.3,34.8,27.8,58.6,57.6,59.6,34.4,34.0,34.8,54.3,47.6,61.0,0.271,3.53,0.0979,3.17,2.99,3.81,0.0829,2.38,1.88,0.0367,0.756,0.268,48.0,36.0,88,29,200,1.7,4.7,3.1,2.2,3.2,2.1,2.6,1.8,3.3,2.8,4.0,5.7,1.3,4.5,43.0,0.0037,0.191,42.0,0.0,0.0,59.3
33.1,33.6,32.6,58.1,60.0,56.2,35.5,35.8,35.2,56.5,53.7,59.3,0.289,3.46,0.102,3.2,2.95,3.81,0.0837,2.43,1.87,0.0366,0.756,0.275,47.1,35.0,110,27,200,2.6,5.7,2.3,2.7,2.3,2.5,2.6,2.4,2.5,3.1,3.6,5.8,1.8,4.2,44.1,0.0054,0.19,20.5,0.0,0.0,68.6
31.4,30.4,32.4,59.1,58.8,59.4,34.0,33.0,35.0,55.8,56.7,54.9,0.3,3.47,0.104,3.29,2.91,3.78,0.0861,2.44,1.87,0.0375,0.63,0.28,46.2,34.0,110,25,200,2.9,5.8,2.6,2.5,2.4,2.2,2.2,2.3,2.1,3.7,3.4,5.6,2.4,3.3,43.4,0.00564,0.198,20.6,0.0,0.0,26.3
32.7,33.4,32.0,61.5,64.2,58.8,36.0,36.2,35.8,53.1,50.6,55.6,0.299,3.51,0.106,3.28,2.92,3.82,0.0863,2.42,1.9,0.0365,0.161,0.28,46.5,33.0,120,29,200,1.6,6.4,2.6,2.2,2.5,2.6,2.4,2.0,2.4,3.5,3.2,6.1,2.2,3.0,42.7,0.00601,0.19,20.9,0.0,0.0,29.3
35.0,34.4,35.6,59.2,56.6,61.8,35.7,37.2,34.2,56.6,63.2,50.0,0.295,3.49,0.104,3.29,2.93,3.79,0.0868,2.38,1.91,0.0364,0.162,0.288,46.5,33.0,120,32,200,1.2,7.0,2.0,3.0,2.9,3.0,2.7,1.8,2.8,2.7,2.9,7.0,2.0,3.0,44.0,0.006,0.197,19.5,0.0,0.0,27.9
35.6,36.6,34.6,55.9,58.2,53.6,36.1,39.0,33.2,52.4,57.4,47.4,0.298,3.53,0.105,3.28,2.94,3.81,0.0855,2.4,1.92,0.0365,0.162,0.283,46.3,34.0,110,35,200,2.0,5.9,2.4,3.1,3.4,3.4,2.7,3.2,3.2,2.7,2.7,6.9,2.4,4.3,48.3,0.00516,0.187,21.6,0.0,0.0,29.2
29.3,28.4,30.2,60.9,61.8,60.0,34.3,33.6,35.0,56.3,63.4,49.2,0.282,3.49,0.102,3.23,2.85,3.76,0.085,2.42,1.89,0.0356,0.158,0.279,45.8,33.0,99,31,200,2.1,5.2,3.6,2.7,2.9,3.0,3.3,4.0,3.1,2.3,2.9,5.0,1.8,4.7,46.6,0.00423,0.201,22.5,0.0,0.0,25.8
35.5,33.8,37.2,57.1,60.4,53.8,34.4,31.2,37.6,54.7,50.6,58.8,0.286,3.52,0.0995,3.3,2.85,3.81,0.0839,2.42,1.91,0.0363,0.159,0.274,46.2,33.0,130,31,200,1.4,5.3,3.2,2.7,2.9,2.1,2.9,3.2,2.3,1.6,3.3,4.0,1.3,3.9,40.1,0.00417,0.187,22.2,0.0,0.0,27.6
33.3,33.2,33.4,59.8,64.0,55.6,33.5,33.4,33.6,54.2,58.3,50.1,0.289,3.5,0.102,3.29,2.79,3.8,0.0809,2.42,1.89,0.0373,0.159,0.273,45.7,33.0,120,30,200,1.4,5.5,2.9,2.9,2.8,2.5,2.9,3.6,2.2,1.7,2.6,5.4,2.0,3.8,42.2,0.00406,0.197,22.8,0.0,0.0,26.4
33.7,32.0,35.4,58.1,63.0,53.2,35.8,34.4,37.2,53.3,53.1,53.5,0.283,3.43,0.104,3.27,2.8,3.74,0.0848,2.34,1.9,0.0365,0.159,0.279,45.3,32.0,99,27,200,2.2,6.0,3.6,3.0,2.7,3.1,2.4,3.3,2.9,2.7,2.5,6.4,1.9,3.2,45.9,0.00414,0.189,20.3,0.0,0.0,27.3
33.0,34.8,31.2,60.2,64.0,56.4,35.2,33.0,37.4,55.1,52.8,57.4,0.297,3.49,0.106,3.26,2.78,3.78,0.0848,2.36,1.87,0.0356,0.157,0.279,45.1,32.0,110,30,200,1.8,6.7,3.2,3.3,2.2,2.7,2.5,2.6,2.7,3.2,3.0,6.6,2.7,2.9,46.1,0.00493,0.207,20.0,0.0,0.0,25.6
34.3,35.0,33.6,58.0,62.8,53.2,37.7,38.6,36.8,53.4,52.4,54.4,0.298,3.51,0.108,3.34,2.84,3.86,0.0865,2.37,1.91,0.0356,0.161,0.289,44.8,32.0,100,29,200,1.4,5.7,2.5,3.1,2.1,2.5,2.4,3.1,2.5,2.6,2.4,6.5,3.1,3.4,43.3,0.00418,0.189,19.2,0.0,0.0,28.4
32.3,33.0,31.6,59.7,58.6,60.8,34.6,31.6,37.6,53.3,50.8,55.8,0.327,3.72,0.114,3.56,3.0,4.05,0.0921,2.57,2.0,0.0365,0.167,0.308,44.6,32.0,100,28,200,2.1,4.4,3.3,3.0,3.0,3.3,2.2,2.4,2.5,2.6,2.7,7.0,2.4,3.5,44.4,0.00404,0.201,19.3,0.0,0.0,26.0
34.2,34.0,34.4,55.2,54.0,56.4,35.1,36.4,33.8,55.7,57.0,54.4,0.342,3.9,0.116,3.73,3.14,4.22,0.0949,2.69,2.13,0.0373,0.173,0.32,44.8,32.0,120,29,200,2.0,5.6,4.0,2.6,3.0,3.1,3.3,2.5,2.1,2.9,3.5,7.1,2.7,3.6,48.0,0.0038,0.193,22.1,0.0,0.0,28.5
52.3,51.4,53.2,42.5,41.4,43.6,64.1,65.0,63.2,35.2,38.5,31.9,0.309,2.92,0.104,3.37,2.87,3.91,0.0825,2.48,1.99,0.0368,0.162,0.287,117.0,110.0,250,110,300,69.0,8.67,6.0,5.0,5.33,5.0,5.0,5.33,3.67,7.67,5.0,11.0,4.67,5.0,146.0,0.0035,0.163,0.0,0.0,0.0,0.0
37.5,37.8,37.2,46.0,45.6,46.4,37.6,38.4,36.8,34.1,33.5,34.7,0.313,3.69,0.104,3.46,2.91,3.94,0.0864,2.54,2.01,0.0357,0.164,0.299,92.3,76.0,240,71,300,40.6,8.13,4.0,6.38,3.38,4.38,4.13,5.0,3.88,6.5,4.88,10.1,3.75,5.25,110.0,0.0036,0.18,0.0,0.0,0.0,0.0
40.1,39.8,40.4,45.4,45.0,45.8,42.1,44.4,39.8,32.0,24.0,40.0,0.331,3.8,0.113,3.53,3.0,4.06,0.0868,2.65,2.05,0.0367,0.167,0.305,78.7,58.0,83,26,300,13.3,8.4,4.4,5.6,3.6,4.2,4.2,4.3,4.4,5.6,4.7,10.1,3.3,6.1,82.2,0.0044,0.168,4.0,0.0,0.0,10.1
37.5,37.2,37.8,44.9,42.4,47.4,39.5,40.0,39.0,36.0,38.4,33.6,0.335,3.91,0.11,3.6,3.04,4.19,0.0928,2.67,2.11,0.0368,0.171,0.312,71.9,49.0,98,29,300,3.4,7.7,5.2,3.3,4.1,4.4,4.6,3.5,4.4,4.9,4.6,10.3,3.6,5.4,69.4,0.00315,0.176,5.48,0.0,0.0,13.5
36.2,38.4,34.0,47.2,45.6,48.8,42.9,43.8,42.0,35.1,36.6,33.6,0.325,4.0,0.109,3.63,3.15,4.25,0.0908,2.68,2.16,0.0358,0.171,0.309,66.4,44.0,100,26,300,3.8,7.6,3.9,3.7,2.8,4.8,4.8,3.9,3.5,4.0,4.5,8.9,2.3,5.3,63.8,0.00361,0.171,6.91,0.0,0.0,17.0
37.0,36.4,37.6,47.0,44.0,50.0,38.6,40.8,36.4,36.8,37.0,36.6,0.339,4.03,0.112,3.74,3.16,4.36,0.0936,2.75,2.18,0.0368,0.173,0.318,62.7,40.0,95,26,300,3.1,8.4,4.1,4.2,3.0,4.5,4.2,4.5,3.8,3.9,4.1,7.6,1.8,6.9,64.1,0.00385,0.179,2.92,0.0,0.0,9.16
40.0,39.8,40.2,48.0,48.4,47.6,39.0,35.8,42.2,34.7,29.0,40.4,0.334,4.05,0.112,3.79,3.21,4.4,0.0926,2.86,2.24,0.037,0.172,0.312,58.9,36.0,83,27,300,2.6,7.9,4.4,4.2,3.6,3.8,4.1,5.1,4.4,4.7,4.4,8.1,2.8,6.4,66.5,0.00388,0.172,2.97,0.0,0.0,8.46
40.3,43.0,37.6,46.2,48.0,44.4,44.1,42.8,45.4,36.1,36.2,36.0,0.343,4.11,0.115,3.85,3.35,4.51,0.0995,2.92,2.29,0.0371,0.176,0.33,57.3,35.0,100,28,300,3.1,7.4,4.8,4.1,4.3,4.1,4.4,5.2,3.9,5.2,4.5,8.8,2.9,5.7,68.4,0.00385,0.179,2.83,0.0,0.0,8.48
41.0,40.2,41.8,44.6,45.4,43.8,40.8,39.0,42.6,35.5,40.8,30.2,0.375,4.27,0.122,3.98,3.41,4.72,0.103,2.99,2.34,0.0371,0.181,0.339,55.2,34.0,110,29,300,4.1,7.4,4.8,4.5,5.0,3.8,4.1,4.7,3.5,4.3,4.3,10.1,3.8,4.6,69.0,0.00458,0.168,4.33,0.0,0.0,10.1
40.7,38.0,43.4,46.1,47.0,45.2,40.8,43.8,37.8,35.0,36.0,34.0,0.384,4.34,0.125,4.01,3.5,4.89,0.107,2.99,2.38,0.0373,0.186,0.347,53.9,34.0,90,30,300,3.8,7.6,3.5,4.7,4.7,4.2,3.9,4.4,4.4,4.2,4.5,9.7,3.7,4.7,68.0,0.00395,0.179,5.58,0.0,0.0,9.78
42.0,41.2,42.8,47.9,46.0,49.8,40.0,38.0,42.0,32.9,34.8,31.0,0.394,4.47,0.126,4.19,3.54,5.06,0.11,3.06,2.37,0.0373,0.189,0.352,52.4,33.0,90,28,300,2.8,7.0,3.8,3.6,4.4,5.0,3.5,4.1,5.3,4.3,4.3,7.8,2.6,5.7,64.2,0.00392,0.183,5.71,0.0,0.0,9.61
41.8,41.2,42.4,47.3,49.2,45.4,38.7,35.6,41.8,34.4,30.8,38.0,0.394,4.56,0.127,4.21,3.65,5.18,0.108,3.2,2.46,0.0373,0.19,0.346,51.4,32.0,89,28,300,3.6,6.9,4.9,3.6,3.9,4.8,3.4,4.4,4.3,4.3,4.3,8.9,3.1,5.4,65.8,0.00313,0.184,5.65,0.0,0.0,8.97
42.3,39.0,45.6,42.9,48.4,37.4,42.3,42.8,41.8,32.6,37.8,27.4,0.384,4.59,0.131,4.29,3.83,5.31,0.114,3.23,2.5,0.0381,0.191,0.354,50.2,32.0,84,29,300,3.4,7.9,4.9,4.0,3.3,4.7,4.3,4.0,3.8,4.7,3.8,9.0,3.3,5.7,66.8,0.00399,0.177,4.25,0.0,0.0,8.57
39.4,39.8,39.0,47.3,48.4,46.2,40.2,38.4,42.0,36.1,32.0,40.2,0.393,4.72,0.131,4.36,3.94,5.45,0.114,3.3,2.57,0.0382,0.191,0.36,49.0,31.0,73,27,300,3.5,7.7,4.5,4.0,2.9,5.1,4.7,3.7,4.9,4.2,4.0,8.7,2.7,6.1,66.7,0.00402,0.189,4.11,0.0,0.0,9.22
37.8,40.6,35.0,43.4,40.8,46.0,41.9,43.0,40.8,35.2,35.3,35.1,0.384,4.71,0.129,4.4,3.99,5.59,0.113,3.32,2.6,0.0382,0.194,0.359,48.5,31.0,96,25,300,4.0,7.7,4.5,3.8,3.2,4.7,3.5,3.7,4.7,4.1,4.5,8.6,2.4,6.9,66.3,0.00397,0.172,4.11,0.0,0.0,9.07
37.1,40.4,33.8,44.6,45.4,43.8,37.1,38.0,36.2,33.5,33.3,33.7,0.386,4.85,0.13,4.49,4.11,5.67,0.116,3.38,2.64,0.0364,0.196,0.367,47.8,31.0,100,26,300,3.0,9.0,4.5,4.1,3.8,3.9,3.0,4.3,3.5,4.4,3.6,7.4,2.1,5.9,62.5,0.0031,0.183,4.01,0.0,0.0,9.9
39.4,40.0,38.8,44.3,42.6,46.0,43.0,44.6,41.4,36.8,35.4,38.2,0.405,4.99,0.135,4.66,4.22,5.82,0.124,3.45,2.73,0.0372,0.202,0.387,47.3,31.0,92,27,300,2.5,9.4,3.8,4.4,3.6,4.8,4.1,4.4,3.5,4.4,3.7,7.2,2.4,5.0,63.2,0.0044,0.166,3.55,0.0,0.0,9.03
37.3,38.0,36.6,44.9,41.2,48.6,40.0,38.6,41.4,32.5,29.2,35.8,0.442,5.23,0.144,4.92,4.43,6.1,0.128,3.7,2.85,0.0381,0.21,0.405,46.9,31.0,100,27,300,2.1,8.4,4.4,4.0,3.4,5.3,5.2,4.3,4.3,4.6,4.3,9.5,3.3,5.5,68.6,0.00276,0.183,3.54,0.0,0.0,8.53
40.0,37.6,42.4,46.6,46.2,47.0,42.5,42.0,43.0,35.3,32.8,37.8,0.454,5.51,0.148,5.14,4.66,6.4,0.132,3.84,3.01,0.0369,0.219,0.431,46.5,30.0,100,26,300,2.6,7.6,4.9,4.5,3.8,3.8,4.5,4.2,5.0,3.9,3.8,10.0,3.3,6.0,67.9,0.00337,0.174,3.52,0.0,0.0,8.96
63.6,65.4,61.8,54.3,53.0,55.6,65.8,65.6,66.0,38.8,31.8,45.8,0.388,5.11,0.134,4.48,4.19,5.71,0.115,3.29,2.63,0.0369,0.873,0.37,85.1,74.0,190,72,300,63.5,8.0,7.0,8.0,5.0,3.5,3.5,4.5,3.5,2.5,3.0,9.5,2.5,5.0,129.0,0.00389,0.171,0.0,0.0,0.0,0.0
35.3,36.2,34.4,53.8,55.4,52.2,34.9,35.0,34.8,40.3,35.2,45.4,0.412,5.02,0.137,4.62,4.22,5.73,0.118,3.51,2.68,0.0369,0.873,0.381,72.2,58.0,170,55,300,46.3,7.57,4.71,6.14,4.14,3.71,4.86,5.0,5.57,5.14,4.0,9.14,3.29,5.71,115.0,0.00394,0.188,0.0,0.0,0.0,0.0
39.1,39.6,38.6,51.6,48.6,54.6,41.7,44.6,38.8,40.1,36.8,43.4,0.416,5.06,0.136,4.63,4.24,5.7,0.117,3.6,2.77,0.0378,0.872,0.377,64.2,49.0,98,28,300,21.2,8.0,3.7,4.7,3.1,3.6,5.2,4.6,5.4,5.5,4.3,9.1,3.1,6.1,87.6,0.00465,0.182,0.0,0.0,0.0,0.0
37.6,39.4,35.8,52.9,52.0,53.8,37.4,36.6,38.2,42.2,33.8,50.6,0.427,5.1,0.135,4.61,4.23,5.7,0.118,3.53,2.82,0.0377,0.875,0.384,58.9,42.0,98,28,300,3.2,9.4,4.9,3.5,3.4,3.4,4.2,3.8,4.4,4.2,4.6,9.5,2.9,5.4,66.8,0.00394,0.203,0.0,0.0,0.0,0.0
39.1,39.4,38.8,50.4,56.4,44.4,41.5,43.4,39.6,37.7,36.6,38.8,0.422,5.05,0.136,4.59,4.2,5.72,0.115,3.59,2.83,0.0367,0.87,0.379,57.0,41.0,120,30,300,2.8,9.9,5.0,2.7,3.8,3.6,4.5,4.0,4.2,4.6,5.8,9.2,3.4,5.5,69.0,0.00394,0.181,12.1,0.0,0.0,23.9
37.0,37.0,37.0,51.4,51.4,51.4,37.0,37.8,36.2,39.8,47.4,32.2,0.403,4.98,0.13,4.48,4.24,5.66,0.113,3.57,2.87,0.0367,0.87,0.374,54.2,38.0,110,30,300,2.7,9.0,3.8,3.1,4.0,3.8,5.4,4.4,3.8,4.7,5.8,8.6,2.9,5.3,67.3,0.00393,0.198,14.8,0.0,0.0,27.7
40.5,37.4,43.6,51.8,51.8,51.8,39.4,41.6,37.2,39.4,43.8,35.0,0.389,4.93,0.13,4.54,4.21,5.49,0.11,3.64,2.87,0.0377,0.868,0.379,53.0,37.0,98,28,300,3.0,7.9,4.0,3.9,4.6,4.3,4.3,4.2,4.2,4.0,4.9,9.0,2.3,4.2,64.8,0.00321,0.187,17.6,0.0,0.0,32.3
37.7,38.0,37.4,55.3,58.0,52.6,40.2,40.0,40.4,38.8,40.8,36.8,0.4,4.97,0.13,4.41,4.27,5.48,0.111,3.6,2.97,0.0367,0.871,0.379,52.1,37.0,120,32,300,2.7,7.8,3.1,4.0,4.8,4.4,3.3,4.5,4.4,3.9,5.9,9.0,3.0,4.8,65.6,0.00388,0.199,8.16,0.0,0.0,12.7
38.3,36.0,40.6,51.0,50.0,52.0,38.4,37.4,39.4,36.5,47.8,25.2,0.384,4.98,0.127,4.41,4.2,5.46,0.11,3.64,2.94,0.0377,0.872,0.379,50.7,36.0,100,32,300,2.7,8.6,3.6,4.7,4.8,3.9,3.9,4.4,4.0,4.2,4.9,8.5,2.9,5.0,66.1,0.00298,0.178,8.79,0.0,0.0,14.4
38.4,39.6,37.2,53.0,51.6,54.4,40.5,40.6,40.4,40.3,38.8,41.8,0.391,4.9,0.123,4.37,4.19,5.37,0.106,3.63,3.03,0.0359,0.872,0.374,49.6,35.0,88,29,300,2.5,7.9,5.2,4.2,3.6,2.7,4.1,5.0,4.2,4.6,4.1,8.1,1.9,4.3,62.4,0.00372,0.207,7.29,0.0,0.0,13.9
40.6,43.0,38.2,52.2,53.4,51.0,40.4,38.8,42.0,39.4,42.8,36.0,0.389,4.94,0.125,4.42,4.11,5.34,0.105,3.7,3.0,0.0358,0.872,0.375,48.5,34.0,88,28,300,2.7,7.5,5.3,3.4,2.4,2.5,4.3,4.8,4.4,4.5,5.0,8.3,2.4,5.6,63.1,0.00352,0.192,7.16,0.0,0.0,14.6
38.9,37.8,40.0,53.7,56.2,51.2,41.1,42.8,39.4,41.5,39.2,43.8,0.389,5.04,0.127,4.44,4.24,5.33,0.109,3.69,3.05,0.0358,0.875,0.382,47.2,33.0,80,26,300,3.6,8.4,4.3,4.0,3.1,4.1,4.5,4.3,4.1,3.9,4.2,8.1,2.8,6.6,66.0,0.00407,0.204,6.35,0.0,0.0,14.1
39.3,37.0,41.6,53.9,53.6,54.2,39.8,40.4,39.2,39.7,48.2,31.2,0.407,4.93,0.131,4.37,4.2,5.37,0.109,3.73,3.09,0.0366,0.874,0.379,46.7,33.0,88,28,300,3.4,8.5,3.6,4.4,3.5,4.4,4.1,4.4,4.0,5.0,5.2,9.7,3.3,5.6,69.1,0.00332,0.184,7.78,0.0,0.0,13.9
36.8,39.6,34.0,53.3,53.4,53.2,40.1,40.6,39.6,36.7,38.2,35.2,0.411,4.96,0.133,4.39,4.2,5.29,0.109,3.74,3.11,0.0356,0.874,0.383,46.1,32.0,98,29,300,2.7,7.9,4.1,4.2,3.7,3.9,3.9,3.6,3.8,6.0,4.9,9.4,3.9,5.6,67.6,0.00332,0.209,9.2,0.0,0.0,13.9
39.5,43.0,36.0,52.4,51.4,53.4,37.6,39.0,36.2,40.3,43.6,37.0,0.403,4.97,0.128,4.29,4.22,5.3,0.111,3.78,3.14,0.0358,0.875,0.382,45.5,32.0,90,27,300,2.4,8.4,3.9,4.8,4.0,4.3,4.3,4.3,3.9,4.4,3.8,8.3,3.8,4.2,64.8,0.00307,0.19,8.09,0.0,0.0,13.3
38.6,38.2,39.0,51.1,51.2,51.0,40.3,41.4,39.2,38.8,43.0,34.6,0.418,4.88,0.129,4.31,4.23,5.37,0.11,3.85,3.22,0.0377,0.876,0.382,44.9,32.0,83,26,300,1.8,8.1,4.0,5.4,4.3,4.9,4.5,4.4,4.3,3.3,5.0,8.8,3.1,4.2,66.1,0.00336,0.203,8.08,0.0,0.0,13.8
39.9,37.6,42.2,54.6,56.6,52.6,38.3,36.8,39.8,40.1,37.4,42.8,0.403,4.83,0.129,4.27,4.33,5.35,0.11,3.88,3.25,0.0358,0.205,0.392,44.5,31.0,86,28,300,1.8,7.4,4.7,4.7,4.8,4.8,3.6,4.5,4.4,3.6,4.6,8.6,2.6,6.0,66.1,0.00361,0.187,6.77,0.0,0.0,13.1
40.7,39.4,42.0,52.5,55.8,49.2,40.1,41.2,39.0,38.7,34.6,42.8,0.434,5.17,0.138,4.53,4.61,5.67,0.118,4.04,3.43,0.0376,0.215,0.418,44.2,31.0,93,29,300,2.5,8.0,5.0,4.1,4.2,4.3,3.5,4.6,4.2,4.6,4.2,9.0,3.3,6.0,67.5,0.00299,0.208,7.56,0.0,0.0,13.3
42.5,42.4,42.6,50.7,48.4,53.0,39.6,38.6,40.6,38.7,38.8,38.6,0.458,5.4,0.145,4.7,4.82,6.04,0.124,4.23,3.59,0.0358,0.223,0.432,44.0,31.0,93,31,300,3.1,8.5,4.5,3.7,3.5,4.2,4.7,3.8,4.5,4.9,4.8,9.4,3.7,5.4,68.7,0.00464,0.195,8.19,0.0,0.0,12.5
41.7,41.4,42.0,36.4,33.2,39.6,39.2,39.6,38.8,34.8,34.2,35.4,0.473,5.67,0.149,4.94,5.13,6.4,0.127,4.45,3.8,0.0367,0.232,0.455,43.9,31.0,96,31,300,3.2,8.8,4.4,3.6,3.1,4.0,5.2,3.3,4.6,4.4,4.2,8.5,2.6,5.4,65.3,0.0041,0.206,8.49,0.0,0.0,13.7
35.8,34.6,37.0,54.8,54.4,55.2,37.4,36.2,38.6,44.2,42.2,46.2,0.405,4.95,0.129,4.32,4.31,5.46,0.111,3.78,3.23,0.0362,0.208,0.379,66.9,57.0,160,54,300,65.2,9.6,5.4,5.6,4.6,5.6,5.8,3.6,5.2,5.4,6.2,10.0,3.8,8.2,144.0,0.00354,0.194,0.0,0.0,0.0,0.0
41.6,39.4,43.8,56.2,61.6,50.8,41.5,41.6,41.4,44.9,43.6,46.2,0.422,4.92,0.133,4.43,4.4,5.55,0.113,3.79,3.27,0.0371,0.206,0.394,58.9,47.0,160,32,300,30.6,9.3,5.6,6.1,4.5,4.0,4.6,4.6,4.6,5.2,5.4,9.8,3.7,6.8,105.0,0.00373,0.185,9.58,0.0,0.0,0.0
37.1,38.6,35.6,55.9,54.6,57.2,38.9,36.0,41.8,43.5,49.6,37.4,0.429,5.06,0.132,4.36,4.4,5.58,0.113,3.85,3.25,0.0369,0.207,0.379,57.7,46.0,110,32,300,2.0,9.7,4.9,4.4,3.4,3.0,3.9,4.0,4.7,5.3,4.0,8.9,3.2,5.6,67.0,0.00373,0.21,13.6,0.0,0.0,23.9
39.0,39.0,39.0,56.1,56.2,56.0,40.9,40.2,41.6,45.2,53.8,36.6,0.412,4.98,0.131,4.44,4.34,5.55,0.112,3.9,3.27,0.0368,0.207,0.382,53.2,41.0,97,29,300,3.1,9.7,3.6,3.8,3.0,3.2,4.4,3.6,5.9,5.0,3.9,9.2,3.2,6.0,67.6,0.00385,0.194,16.3,0.0,0.0,30.9
37.1,36.4,37.8,53.7,53.6,53.8,38.3,40.4,36.2,45.4,39.4,51.4,0.426,4.98,0.134,4.39,4.38,5.5,0.114,3.79,3.23,0.037,0.207,0.387,51.3,39.0,95,29,300,3.6,8.5,4.0,5.1,3.6,3.4,4.4,3.5,5.3,3.6,3.7,8.6,2.7,5.1,65.1,0.00403,0.209,12.8,0.0,0.0,37.1
40.7,40.4,41.0,53.1,52.8,53.4,41.9,43.8,40.0,42.5,43.2,41.8,0.428,5.04,0.136,4.47,4.29,5.51,0.114,3.81,3.16,0.037,0.21,0.392,50.8,39.0,94,31,300,3.5,9.2,4.2,5.1,3.7,3.6,4.5,3.0,5.0,3.9,4.4,8.0,2.9,5.0,66.0,0.00396,0.194,12.5,0.0,0.0,18.9
36.6,37.2,36.0,58.8,57.4,60.2,37.2,38.2,36.2,46.7,52.2,41.2,0.422,4.92,0.132,4.37,4.38,5.49,0.114,3.73,3.15,0.037,0.209,0.391,48.5,36.0,91,30,300,2.9,8.8,4.2,3.9,4.5,4.3,3.7,3.7,4.5,3.6,4.1,8.6,3.1,5.2,65.1,0.00406,0.199,13.9,0.0,0.0,16.2
37.4,34.6,40.2,54.3,60.2,48.4,39.3,38.2,40.4,42.1,37.0,47.1,0.417,4.82,0.129,4.37,4.27,5.47,0.108,3.74,3.17,0.0369,0.205,0.386,47.8,35.0,99,28,300,2.6,8.0,4.0,4.5,5.1,4.5,3.2,4.7,4.0,3.4,2.9,8.3,2.3,5.7,63.2,0.00489,0.188,11.7,0.0,0.0,17.8
37.3,37.8,36.8,58.0,58.4,57.6,37.3,37.0,37.6,43.3,39.4,47.3,0.393,4.96,0.125,4.4,4.24,5.45,0.108,3.72,3.12,0.037,0.206,0.391,47.8,35.0,110,31,300,2.6,9.1,3.8,4.3,3.7,4.3,3.5,5.2,3.5,3.8,2.8,7.4,1.6,5.8,61.4,0.00404,0.194,12.4,0.0,0.0,17.4
40.1,37.6,42.6,54.6,55.0,54.2,38.9,37.2,40.6,44.3,40.4,48.2,0.391,4.92,0.126,4.33,4.26,5.47,0.104,3.75,3.12,0.0371,0.206,0.378,47.0,35.0,100,33,300,2.1,8.3,4.6,3.7,2.9,4.8,4.7,3.6,3.3,4.6,3.1,8.1,2.1,5.7,61.6,0.00328,0.185,11.2,0.0,0.0,19.2
36.6,38.6,34.6,56.7,55.8,57.6,39.6,39.6,39.6,45.4,46.6,44.2,0.387,4.88,0.125,4.34,4.24,5.51,0.106,3.64,3.18,0.038,0.204,0.379,46.6,34.0,100,31,300,1.9,7.9,5.6,4.1,3.0,3.7,5.1,3.6,3.8,5.0,3.3,8.2,2.8,5.1,63.1,0.00376,0.185,12.0,0.0,0.0,18.1
39.0,40.6,37.4,56.0,56.0,56.0,39.3,40.6,38.0,45.8,44.6,47.0,0.373,4.94,0.125,4.37,4.24,5.4,0.11,3.62,3.1,0.036,0.202,0.376,46.6,34.0,100,32,300,2.8,7.5,5.4,4.1,4.2,3.8,5.6,3.5,3.8,4.7,3.7,7.7,3.0,5.0,64.8,0.00347,0.185,11.4,0.0,0.0,18.9
38.2,39.2,37.2,58.1,56.2,60.0,39.8,37.6,42.0,44.0,40.0,48.0,0.375,4.9,0.126,4.37,4.19,5.39,0.11,3.63,3.09,0.0371,0.204,0.371,46.0,34.0,98,33,300,3.9,6.9,4.5,3.5,4.1,4.0,6.2,4.1,4.5,4.6,3.4,8.0,2.5,5.1,65.3,0.00331,0.194,12.6,0.0,0.0,18.1
39.6,39.0,40.2,56.2,55.2,57.2,42.8,42.8,42.8,45.6,41.8,49.4,0.364,4.86,0.121,4.33,4.08,5.34,0.107,3.63,3.06,0.0362,0.204,0.368,45.7,34.0,98,32,300,2.9,6.5,3.7,3.6,3.9,4.7,4.6,4.9,4.5,4.8,4.7,8.7,2.8,4.9,65.2,0.00268,0.181,10.8,0.0,0.0,18.3
37.9,42.2,33.6,57.5,59.6,55.4,37.7,38.2,37.2,42.8,49.2,36.4,0.363,4.82,0.119,4.4,4.12,5.3,0.105,3.59,3.06,0.038,0.204,0.372,46.0,34.0,100,34,300,3.2,7.1,3.5,4.1,4.2,4.9,4.3,4.7,5.1,4.6,4.9,8.3,2.7,6.1,67.7,0.00402,0.187,11.3,0.0,0.0,18.4
38.3,41.6,35.0,55.3,55.8,54.8,41.0,40.6,41.4,45.2,43.0,47.4,0.363,4.85,0.119,4.37,4.1,5.18,0.107,3.65,3.05,0.037,0.205,0.366,45.6,34.0,95,36,300,2.5,8.4,3.7,4.3,4.2,4.1,4.2,4.2,4.4,3.5,3.1,7.1,2.3,6.8,62.8,0.00263,0.19,11.3,0.0,0.0,19.4
39.7,38.4,41.0,54.2,51.6,56.8,38.5,40.4,36.6,43.4,41.6,45.2,0.381,5.07,0.124,4.51,4.3,5.46,0.109,3.7,3.11,0.0372,0.208,0.383,45.2,34.0,91,33,300,2.6,8.5,4.1,4.9,4.2,3.4,3.3,4.0,3.0,3.3,3.5,6.4,2.4,5.9,59.5,0.00341,0.195,12.0,0.0,0.0,19.3
37.4,39.6,35.2,53.0,51.2,54.8,42.9,41.0,44.8,43.9,33.4,54.4,0.395,5.32,0.129,4.8,4.55,5.77,0.112,3.95,3.28,0.037,0.215,0.403,45.2,34.0,91,30,300,3.0,8.1,3.9,4.0,4.5,3.4,3.9,4.5,3.2,3.7,4.0,7.6,2.5,6.3,62.6,0.00352,0.188,11.8,0.0,0.0,18.0
39.5,39.6,39.4,41.3,42.6,40.0,38.0,40.2,35.8,41.2,41.2,41.2,0.417,5.63,0.134,5.07,4.77,6.11,0.119,4.13,3.37,0.0371,0.223,0.429,44.5,33.0,91,28,300,3.1,7.0,4.1,3.6,4.9,3.6,4.3,4.4,3.6,3.5,5.0,8.7,2.0,6.9,64.7,0.0045,0.202,12.7,0.0,0.0,18.3
36.4,36.4,36.4,57.5,60.8,54.2,53.1,59.2,47.0,50.1,49.8,50.4,0.36,4.82,0.119,4.32,4.08,5.19,0.101,3.52,2.92,0.0362,0.199,0.359,92.5,75.0,210,75,300,62.0,8.0,5.67,5.33,5.67,5.33,3.0,6.0,3.33,4.0,5.67,11.0,4.0,6.33,135.0,0.00309,0.188,0.0,0.0,0.0,0.0
45.1,41.8,48.4,60.9,59.8,62.0,48.8,49.2,48.4,49.0,51.6,46.4,0.361,4.82,0.119,4.41,4.14,5.31,0.102,3.54,2.94,0.036,0.817,0.356,77.7,57.0,210,64,300,35.4,6.11,4.67,5.22,4.67,4.56,4.11,4.44,3.67,3.33,6.0,8.22,3.11,6.22,99.8,0.00313,0.185,0.0,0.0,0.0,0.0
41.4,40.2,42.6,58.0,58.0,58.0,37.4,34.8,40.0,51.2,54.2,48.2,0.363,4.83,0.12,4.31,4.15,5.48,0.104,3.52,2.94,0.0378,0.814,0.354,69.0,48.0,120,34,300,2.3,7.3,4.7,4.1,2.8,4.5,3.6,3.9,3.8,3.7,3.6,7.6,3.3,6.1,61.3,0.00246,0.188,0.0,0.0,0.0,0.0
42.9,46.0,39.8,59.8,56.8,62.8,41.8,42.6,41.0,49.1,44.6,53.6,0.365,4.89,0.121,4.4,4.11,5.53,0.106,3.52,2.96,0.0369,0.814,0.358,66.9,47.0,100,33,300,3.0,8.4,4.5,3.8,3.8,4.1,3.7,4.5,4.3,4.3,4.2,9.0,3.6,6.6,67.8,0.00307,0.183,0.0,0.0,0.0,36.5
43.1,44.8,41.4,58.7,55.0,62.4,39.3,39.4,39.2,48.0,49.2,46.8,0.378,4.95,0.125,4.36,4.18,5.59,0.112,3.57,2.93,0.0378,0.816,0.361,62.2,44.0,100,34,300,3.3,9.1,3.9,4.2,3.6,3.7,4.2,3.8,3.4,4.6,3.8,8.1,2.2,6.1,64.0,0.00319,0.201,28.1,0.0,0.0,44.4
41.4,43.2,39.6,60.6,60.8,60.4,41.6,42.2,41.0,49.4,57.6,41.2,0.388,4.87,0.13,4.35,4.24,5.7,0.113,3.56,2.95,0.0377,0.815,0.359,59.2,41.0,110,33,300,2.7,7.9,3.8,4.6,4.6,4.5,4.9,3.4,3.9,4.9,3.9,8.7,3.2,5.9,66.9,0.0032,0.189,34.0,0.0,0.0,51.8
38.1,37.2,39.0,62.3,63.4,61.2,37.5,38.8,36.2,50.2,48.6,51.8,0.38,4.88,0.128,4.37,4.19,5.71,0.114,3.51,2.95,0.0369,0.816,0.364,58.2,41.0,97,32,300,2.7,7.5,3.4,4.7,4.7,4.4,4.3,4.0,4.1,4.2,4.2,8.4,3.1,5.7,65.4,0.00323,0.192,38.2,0.0,0.0,20.7
39.8,37.2,42.4,57.8,59.2,56.4,41.4,39.2,43.6,49.0,55.2,42.8,0.374,4.9,0.131,4.44,4.23,5.69,0.112,3.5,2.89,0.0368,0.82,0.366,56.1,39.0,110,32,300,2.7,8.2,3.7,3.7,4.8,3.5,4.5,4.1,4.1,2.7,4.8,8.6,2.4,4.8,62.6,0.00394,0.194,16.2,0.0,0.0,22.7
38.9,40.8,37.0,59.4,59.4,59.4,37.5,38.8,36.2,50.2,45.2,55.2,0.396,4.89,0.133,4.45,4.22,5.68,0.111,3.55,2.88,0.0379,0.818,0.364,54.5,38.0,120,32,300,2.7,8.7,4.2,2.5,3.9,3.7,4.8,4.7,4.2,4.3,3.9,8.7,3.3,5.9,65.5,0.00261,0.202,16.7,0.0,0.0,21.4
39.2,37.0,41.4,58.5,56.2,60.8,40.2,41.0,39.4,49.7,57.0,42.4,0.397,4.91,0.134,4.43,4.17,5.74,0.112,3.54,2.93,0.0378,0.819,0.367,54.3,38.0,100,31,300,2.5,8.1,4.4,3.0,3.3,4.4,4.1,4.7,4.4,4.2,3.9,9.0,3.7,6.7,66.4,0.00316,0.19,16.7,0.0,0.0,25.2
36.1,37.8,34.4,58.6,58.2,59.0,40.1,41.0,39.2,49.8,47.4,52.2,0.402,4.83,0.133,4.45,4.22,5.72,0.11,3.49,2.89,0.0378,0.818,0.364,53.1,37.0,110,33,300,2.8,8.2,4.2,3.3,4.3,4.7,5.4,4.2,3.3,3.3,3.4,9.2,3.6,6.8,66.7,0.00357,0.196,16.0,0.0,0.0,22.7
39.5,36.0,43.0,59.1,64.6,53.6,42.0,42.4,41.6,48.4,50.0,46.8,0.402,4.92,0.138,4.47,4.17,5.79,0.112,3.55,2.9,0.0366,0.818,0.373,53.0,37.0,140,36,300,2.9,7.3,4.5,3.5,4.7,4.0,5.2,3.4,3.4,3.6,4.1,10.0,3.3,5.8,65.7,0.00376,0.192,15.3,0.0,0.0,22.9
37.0,38.6,35.4,61.6,61.2,62.0,40.8,40.6,41.0,49.4,55.8,43.0,0.418,4.91,0.137,4.53,4.13,5.77,0.114,3.49,2.84,0.0368,0.819,0.38,52.9,37.0,130,35,300,3.2,7.2,4.8,3.3,4.7,4.3,4.2,2.9,3.1,3.9,4.9,9.8,3.3,6.1,65.7,0.00369,0.194,15.3,0.0,0.0,20.7
40.6,41.4,39.8,59.7,57.4,62.0,39.1,37.4,40.8,50.1,45.4,54.8,0.416,4.92,0.137,4.52,4.17,5.83,0.114,3.58,2.97,0.0368,0.817,0.386,52.2,37.0,120,36,300,3.7,8.9,4.7,3.8,3.7,3.3,3.5,3.4,3.9,4.1,4.5,8.8,2.7,6.3,65.3,0.00369,0.187,16.9,0.0,0.0,22.0
37.1,36.0,38.2,56.7,55.4,58.0,39.8,40.8,38.8,48.8,47.6,50.0,0.423,4.91,0.138,4.48,4.12,5.76,0.117,3.52,2.94,0.0367,0.818,0.386,51.3,36.0,110,32,300,4.0,9.2,4.7,4.2,2.9,3.1,4.4,4.2,3.4,3.9,4.2,8.3,2.7,5.1,64.3,0.00377,0.198,16.4,0.0,0.0,23.9
39.1,36.0,42.2,59.6,56.8,62.4,40.9,40.6,41.2,49.2,54.2,44.2,0.425,4.88,0.139,4.47,4.15,5.68,0.116,3.5,3.02,0.0374,0.821,0.385,51.3,36.0,100,31,300,3.2,8.5,4.9,5.2,3.1,3.7,4.2,4.5,4.5,2.7,4.1,8.3,2.8,4.7,64.4,0.00351,0.192,16.7,0.0,0.0,23.5
37.7,35.8,39.6,62.5,62.0,63.0,39.9,41.8,38.0,49.0,47.4,50.6,0.438,5.04,0.144,4.57,4.27,5.98,0.121,3.59,3.08,0.0375,0.826,0.406,50.7,35.0,120,31,300,3.3,7.6,3.3,4.7,4.4,3.6,3.6,5.1,4.9,3.1,4.3,7.6,3.0,5.9,64.4,0.00357,0.201,15.4,0.0,0.0,23.8
38.7,37.2,40.2,57.6,57.8,57.4,41.7,40.6,42.8,49.6,47.4,51.8,0.463,5.3,0.148,4.9,4.47,6.26,0.127,3.87,3.25,0.0358,0.832,0.421,50.7,35.0,140,33,300,4.0,8.7,4.5,4.5,3.7,3.2,3.8,5.3,4.8,3.1,4.1,7.8,2.7,5.9,66.1,0.00358,0.192,15.6,0.0,0.0,22.7
36.5,37.0,36.0,54.9,53.4,56.4,39.0,37.6,40.4,48.5,44.6,52.4,0.482,5.54,0.156,5.14,4.65,6.51,0.133,4.09,3.41,0.0364,0.841,0.447,50.8,36.0,130,33,300,3.5,8.3,4.5,4.8,3.2,3.8,4.0,4.2,4.8,3.8,3.7,8.2,2.8,5.8,65.4,0.00437,0.202,16.6,0.0,0.0,22.3
44.8,46.6,43.0,63.3,60.8,65.8,55.0,55.4,54.6,53.7,58.0,49.4,0.422,4.91,0.134,4.48,4.02,5.5,0.111,3.61,3.01,0.0371,0.204,0.38,123.0,110.0,270,120,300,67.3,9.5,5.25,4.75,5.75,6.75,5.5,3.75,4.25,4.75,4.0,8.5,3.0,8.5,142.0,0.00335,0.184,0.0,0.0,0.0,0.0
37.5,33.4,41.6,68.3,69.8,66.8,40.0,36.6,43.4,55.5,57.4,53.6,0.406,4.83,0.128,4.42,3.94,5.35,0.106,3.54,2.96,0.0365,0.2,0.378,111.0,98.0,260,100,300,45.6,9.57,4.29,4.71,4.71,5.57,4.71,4.43,4.29,3.71,3.57,8.71,3.0,7.29,114.0,0.00262,0.194,12.2,0.0,0.0,23.5
38.8,39.0,38.6,62.6,65.0,60.2,39.7,39.2,40.2,55.5,59.2,51.8,0.407,4.82,0.128,4.5,3.94,5.29,0.104,3.55,2.99,0.0366,0.203,0.376,91.2,70.0,120,37,300,14.3,8.6,4.1,4.7,5.2,5.0,4.1,4.7,4.7,3.7,2.9,8.8,2.2,6.4,79.4,0.00398,0.206,19.7,0.0,0.0,32.6
38.7,35.8,41.6,62.2,67.6,56.8,40.2,43.0,37.4,55.4,61.4,49.4,0.401,4.87,0.128,4.53,3.94,5.36,0.104,3.56,2.96,0.0383,0.2,0.376,81.6,59.0,120,38,300,2.6,8.2,3.6,4.8,4.2,3.4,4.2,5.5,4.6,4.3,3.0,7.7,2.2,6.8,65.1,0.00263,0.198,25.8,0.0,0.0,40.8
36.1,37.2,35.0,64.8,61.4,68.2,38.4,37.0,39.8,53.5,52.6,54.4,0.416,4.85,0.127,4.46,3.9,5.33,0.106,3.59,2.97,0.0367,0.198,0.376,78.2,56.0,100,37,300,2.9,8.3,3.8,4.6,3.5,3.5,4.0,5.2,4.1,3.9,3.2,7.3,2.3,6.7,63.3,0.00392,0.21,22.2,0.0,0.0,26.9
39.4,38.8,40.0,63.4,64.0,62.8,42.4,43.8,41.0,53.2,43.6,62.8,0.407,4.86,0.127,4.49,3.85,5.39,0.105,3.57,3.0,0.0374,0.201,0.383,72.0,50.0,110,32,300,2.9,8.4,3.4,4.0,3.9,4.7,4.1,4.3,3.9,3.2,3.6,8.5,3.1,5.9,63.9,0.00471,0.204,20.7,0.0,0.0,26.8
38.0,39.0,37.0,61.8,59.8,63.8,37.6,38.6,36.6,54.9,63.6,46.2,0.406,4.85,0.125,4.52,3.89,5.32,0.103,3.48,2.95,0.0364,0.2,0.377,68.3,46.0,110,30,300,2.6,8.8,4.4,3.9,4.5,4.0,3.6,3.2,4.3,4.4,4.1,9.0,3.4,5.7,65.9,0.00548,0.212,21.2,0.0,0.0,28.4
37.5,37.6,37.4,59.6,58.2,61.0,41.5,40.2,42.8,54.2,60.0,48.4,0.407,4.94,0.127,4.44,3.92,5.37,0.105,3.51,2.95,0.0377,0.199,0.378,67.6,47.0,120,32,300,2.4,8.2,4.5,4.5,4.6,2.8,3.8,3.0,4.8,4.6,3.9,9.0,3.1,6.2,65.4,0.00413,0.199,19.5,0.0,0.0,28.9
36.7,32.8,40.6,61.9,61.6,62.2,38.8,38.2,39.4,55.1,50.8,59.4,0.398,4.85,0.124,4.47,3.93,5.19,0.104,3.49,2.91,0.038,0.199,0.372,64.2,43.0,110,32,300,3.5,7.2,3.7,3.8,4.0,4.5,4.4,4.7,4.1,4.6,4.1,8.8,3.0,4.6,65.0,0.00575,0.216,18.6,0.0,0.0,28.5
38.0,37.4,38.6,60.6,56.4,64.8,38.8,38.2,39.4,53.6,68.8,38.4,0.384,4.78,0.123,4.45,3.89,5.29,0.1,3.49,2.93,0.038,0.196,0.369,62.4,42.0,110,31,300,2.8,7.9,5.1,3.3,4.5,5.0,4.2,5.6,2.7,4.6,4.2,9.0,2.6,4.4,65.9,0.00526,0.208,19.7,0.0,0.0,27.1
39.0,37.6,40.4,62.6,66.6,58.6,40.5,38.8,42.2,54.2,57.6,50.8,0.384,4.79,0.123,4.43,3.87,5.17,0.102,3.42,2.83,0.0379,0.201,0.375,61.8,42.0,130,32,300,2.3,8.1,5.5,3.8,4.4,4.4,3.6,4.6,2.6,4.9,4.5,8.3,2.3,4.1,63.4,0.00392,0.206,18.4,0.0,0.0,25.3
43.7,43.2,44.2,63.0,61.6,64.4,40.7,39.8,41.6,53.5,57.4,49.6,0.389,4.83,0.126,4.41,3.97,5.36,0.101,3.44,2.84,0.038,0.201,0.371,59.7,40.0,110,31,300,2.9,9.2,4.1,4.9,4.5,4.5,3.3,4.0,4.4,3.5,4.4,8.1,2.5,5.6,65.9,0.00389,0.209,21.0,0.0,0.0,27.5
37.8,40.4,35.2,60.7,57.2,64.2,37.2,36.0,38.4,54.4,50.4,58.4,0.381,4.74,0.121,4.43,3.95,5.44,0.1,3.47,2.82,0.0372,0.2,0.371,58.6,39.0,100,33,300,2.4,8.3,4.9,4.2,4.3,4.6,3.6,4.8,4.1,3.3,4.5,8.4,3.0,5.6,66.0,0.00455,0.199,20.3,0.0,0.0,28.5
43.9,42.8,45.0,62.9,62.6,63.2,39.0,38.0,40.0,53.7,60.4,47.0,0.375,4.69,0.12,4.45,4.04,5.38,0.0996,3.42,2.79,0.0373,0.197,0.368,58.7,40.0,120,35,300,2.9,7.8,5.4,4.3,4.4,3.9,3.3,5.0,4.0,3.4,3.9,7.6,2.4,6.0,64.3,0.00358,0.184,21.7,0.0,0.0,28.1
40.7,40.4,41.0,67.4,70.0,64.8,39.4,37.4,41.4,55.4,51.0,59.8,0.382,4.69,0.127,4.44,4.05,5.47,0.102,3.34,2.77,0.0391,0.2,0.377,57.3,39.0,120,35,300,2.8,8.7,4.8,4.0,5.1,3.0,4.1,4.1,5.0,3.7,4.1,7.6,2.3,4.9,64.2,0.00364,0.196,21.2,0.0,0.0,26.3
43.7,44.0,43.4,62.1,59.8,64.4,46.0,45.4,46.6,52.1,59.0,45.2,0.405,4.75,0.13,4.5,4.12,5.65,0.109,3.34,2.79,0.0374,0.2,0.381,56.9,38.0,130,37,300,1.8,9.4,4.9,3.9,4.6,3.4,5.1,4.0,4.4,4.0,4.3,9.7,3.7,5.7,68.9,0.00355,0.189,20.3,0.0,0.0,27.1
38.4,37.4,39.4,64.3,62.2,66.4,38.4,38.4,38.4,54.4,52.2,56.6,0.397,4.81,0.131,4.57,4.14,5.77,0.11,3.45,2.83,0.0382,0.203,0.388,56.7,39.0,120,36,300,1.7,10.3,4.6,4.2,4.0,3.6,4.4,4.3,5.0,3.7,4.1,10.0,4.7,6.2,70.8,0.0028,0.172,19.5,0.0,0.0,28.4
39.0,41.0,37.0,63.7,61.0,66.4,41.1,41.0,41.2,53.6,59.0,48.2,0.424,5.09,0.136,4.76,4.4,6.01,0.116,3.63,3.05,0.0373,0.208,0.411,55.9,38.0,100,38,300,2.7,10.2,4.1,3.9,3.6,4.6,3.9,4.0,5.0,4.0,3.7,8.7,3.5,6.9,68.8,0.00331,0.179,18.4,0.0,0.0,28.1
36.9,36.4,37.4,66.5,68.2,64.8,39.1,41.4,36.8,56.6,53.2,60.0,0.453,5.38,0.144,5.02,4.6,6.35,0.122,3.9,3.22,0.0389,0.219,0.435,55.6,38.0,130,38,300,3.4,9.4,3.8,4.0,4.0,3.8,5.2,3.7,4.2,4.5,3.2,7.4,2.5,6.2,65.3,0.00348,0.198,19.7,0.0,0.0,27.1
35.8,36.0,35.6,24.4,21.0,27.8,37.9,37.4,38.4,32.0,34.2,29.8,0.477,5.64,0.148,5.33,4.79,6.54,0.127,4.12,3.39,0.0379,0.227,0.451,55.8,39.0,140,38,300,3.2,10.7,3.8,4.1,4.1,3.7,4.7,3.6,3.7,4.3,3.8,8.3,3.3,6.1,67.4,0.00354,0.175,19.3,0.0,0.0,22.6
41.9,41.8,42.0,53.3,54.2,52.4,45.9,45.0,46.8,36.5,37.8,35.2,0.414,5.05,0.133,4.75,4.25,5.92,0.11,3.53,2.94,0.0388,0.206,0.399,80.8,68.0,190,68,400,54.0,9.63,4.63,4.75,6.13,5.5,7.0,6.38,4.25,5.25,5.38,11.1,3.75,7.75,136.0,0.00346,0.178,0.0,0.0,0.0,7.46
41.8,40.6,43.0,51.7,51.0,52.4,47.1,47.2,47.0,32.8,35.6,30.0,0.411,5.26,0.132,4.86,4.35,6.07,0.109,3.63,3.01,0.0379,0.208,0.397,72.9,59.0,110,43,400,43.9,11.5,5.6,5.3,6.4,5.6,6.9,6.8,5.3,5.5,5.8,11.1,3.5,8.9,132.0,0.00338,0.194,3.96,0.0,0.0,9.99
43.7,43.4,44.0,48.6,46.0,51.2,43.9,43.2,44.6,33.1,29.4,36.8,0.42,5.28,0.132,4.97,4.36,6.12,0.111,3.67,3.07,0.039,0.209,0.405,63.8,49.0,84,31,400,4.1,11.7,5.6,6.0,6.0,3.6,6.4,5.6,6.0,4.7,6.0,10.6,2.8,9.0,88.1,0.00431,0.181,3.96,0.0,0.0,13.2
41.3,43.2,39.4,49.2,50.0,48.4,44.3,42.2,46.4,34.1,37.2,31.0,0.424,5.33,0.135,5.12,4.39,6.26,0.114,3.73,3.11,0.0369,0.212,0.413,58.0,43.0,86,29,400,3.3,10.2,5.8,6.2,5.4,4.1,6.1,6.9,6.9,5.2,6.2,11.9,4.0,8.4,90.6,0.00359,0.199,5.51,0.0,0.0,8.63
44.9,45.8,44.0,53.3,54.6,52.0,42.4,43.2,41.6,35.9,33.4,38.4,0.425,5.4,0.136,5.11,4.45,6.34,0.114,3.83,3.16,0.0368,0.215,0.418,56.6,42.0,83,27,400,3.6,10.4,5.6,5.8,5.7,4.4,5.7,6.7,5.8,5.0,6.1,11.3,3.8,7.8,87.7,0.00349,0.19,2.8,0.0,0.0,9.53
41.4,41.4,41.4,52.1,52.8,51.4,44.9,43.8,46.0,34.3,25.6,43.0,0.444,5.57,0.136,5.21,4.53,6.47,0.117,3.86,3.24,0.0378,0.221,0.419,53.5,39.0,85,30,400,2.8,10.6,5.0,5.5,6.7,4.6,5.8,7.0,3.2,5.6,4.4,10.6,3.8,8.1,83.7,0.00351,0.192,5.62,0.0,0.0,9.0
46.9,47.0,46.8,53.9,53.8,54.0,46.8,45.6,48.0,35.7,36.6,34.8,0.455,5.53,0.141,5.25,4.6,6.61,0.121,3.97,3.28,0.0387,0.22,0.429,51.9,37.0,94,30,400,2.7,11.2,4.3,5.9,6.9,4.1,5.6,5.8,4.6,4.9,5.7,9.9,3.9,7.7,83.2,0.00354,0.188,5.54,0.0,0.0,8.71
42.0,42.6,41.4,51.1,53.6,48.6,46.6,48.8,44.4,31.9,29.8,34.0,0.462,5.64,0.142,5.34,4.63,6.52,0.124,3.97,3.39,0.0378,0.222,0.437,52.0,38.0,99,34,400,2.7,11.6,4.4,5.9,6.7,4.4,5.8,5.1,6.0,5.6,5.8,11.7,4.9,8.0,88.6,0.00322,0.187,4.29,0.0,0.0,8.09
43.2,42.2,44.2,53.9,55.2,52.6,60.1,59.8,60.4,34.2,37.0,31.4,0.48,5.81,0.148,5.53,4.66,6.61,0.125,4.08,3.46,0.0379,0.727,0.435,49.8,36.0,87,32,400,3.3,11.2,6.3,6.0,3.8,5.4,5.1,5.3,5.9,5.0,6.6,11.8,4.5,8.5,88.7,0.00316,0.176,3.87,0.0,0.0,8.84
41.9,42.2,41.6,49.2,50.2,48.2,44.3,44.6,44.0,37.8,32.0,43.6,0.495,5.91,0.151,5.63,4.64,6.75,0.129,4.19,3.51,0.0388,0.838,0.453,48.9,35.0,90,29,400,4.1,11.4,7.2,4.9,5.2,5.0,4.4,5.3,6.7,5.0,6.5,10.9,3.9,7.5,88.0,0.00248,0.19,2.82,0.0,0.0,9.01
42.9,45.0,40.8,50.3,50.0,50.6,44.3,45.0,43.6,32.3,34.2,30.4,0.487,5.96,0.146,5.64,4.72,6.67,0.126,4.29,3.53,0.0369,0.842,0.45,48.5,35.0,91,29,400,3.7,12.5,6.7,4.3,6.0,5.4,4.9,5.7,5.9,6.0,6.4,12.1,4.2,7.5,91.3,0.00345,0.179,4.36,0.0,0.0,9.6
42.7,41.6,43.8,49.8,50.0,49.6,44.7,46.2,43.2,35.2,35.4,35.0,0.472,6.03,0.14,5.67,4.74,6.68,0.12,4.29,3.58,0.0388,0.84,0.453,47.0,34.0,75,28,400,3.5,11.4,5.0,4.4,6.4,5.7,3.7,6.1,4.6,5.9,6.1,11.8,3.5,6.7,84.8,0.00283,0.186,4.54,0.0,0.0,9.51
45.3,47.0,43.6,46.7,46.2,47.2,44.9,45.6,44.2,35.0,37.6,32.4,0.49,6.1,0.145,5.76,4.83,6.78,0.122,4.3,3.6,0.0379,0.843,0.461,46.7,34.0,92,29,400,3.1,11.1,5.5,5.8,6.4,4.7,3.7,7.0,5.6,5.5,3.6,11.0,3.0,8.0,84.0,0.00366,0.18,5.64,0.0,0.0,9.81
42.6,41.4,43.8,52.9,53.4,52.4,45.4,43.6,47.2,34.3,39.0,29.6,0.494,6.17,0.147,5.83,4.85,6.84,0.125,4.37,3.57,0.038,0.849,0.472,46.6,34.0,98,31,400,3.2,10.6,5.3,6.0,6.7,5.3,5.7,7.3,5.3,5.3,3.4,11.3,3.7,8.4,87.5,0.00364,0.187,5.4,0.0,0.0,8.77
45.3,45.0,45.6,48.9,50.6,47.2,45.3,44.6,46.0,34.8,39.4,30.2,0.498,6.15,0.148,5.99,4.99,6.99,0.125,4.39,3.57,0.0371,0.851,0.48,46.0,33.0,89,33,400,3.8,10.8,5.2,5.1,5.9,5.7,6.7,5.3,4.5,5.6,5.3,11.5,4.0,8.4,87.8,0.00364,0.178,4.17,0.0,0.0,8.18
41.9,43.2,40.6,53.9,54.4,53.4,45.3,44.0,46.6,35.1,32.2,38.0,0.513,6.25,0.15,5.98,5.05,7.16,0.13,4.47,3.62,0.0382,0.855,0.493,45.3,33.0,92,29,400,3.0,11.3,6.5,5.6,5.1,6.3,5.5,4.4,4.7,6.6,5.7,12.9,4.3,9.0,90.9,0.00325,0.191,3.36,0.0,0.0,8.66
42.8,40.2,45.4,51.2,49.2,53.2,45.3,47.2,43.4,32.6,36.2,29.0,0.547,6.66,0.157,6.35,5.34,7.53,0.137,4.71,3.86,0.0381,0.864,0.517,45.6,33.0,96,31,400,2.9,11.9,6.4,5.4,5.7,6.7,4.8,5.0,5.3,5.6,5.0,12.6,4.0,8.8,90.1,0.0038,0.179,3.54,0.0,0.0,10.1
44.3,44.6,44.0,54.9,54.8,55.0,44.6,44.4,44.8,36.1,36.6,35.6,0.572,6.92,0.164,6.61,5.67,7.96,0.142,5.04,4.06,0.0384,0.874,0.545,45.0,33.0,91,32,400,4.1,10.1,5.1,6.3,6.1,4.9,4.7,4.5,6.2,5.4,5.2,11.9,4.0,8.0,86.5,0.00314,0.194,3.39,0.0,0.0,10.2
40.7,41.6,39.8,30.5,28.8,32.2,45.6,44.2,47.0,31.2,28.6,33.8,0.597,7.27,0.168,7.05,5.91,8.29,0.148,5.3,4.35,0.0374,0.887,0.564,45.0,33.0,95,32,400,3.4,11.6,4.2,6.6,5.8,3.7,5.8,5.2,5.3,5.3,5.4,11.6,2.8,7.4,84.1,0.00313,0.182,2.67,0.0,0.0,8.86
46.0,45.4,46.6,55.3,56.2,54.4,51.2,49.0,53.4,38.2,42.6,33.8,0.52,6.31,0.154,5.85,5.06,7.17,0.128,4.56,3.68,0.0392,0.852,0.479,105.0,91.0,250,91,400,66.5,13.2,4.33,5.67,7.67,5.33,3.83,5.83,4.67,4.67,4.0,9.5,4.17,7.33,147.0,0.00366,0.186,0.0,0.0,0.0,0.0
41.3,39.0,43.6,58.6,62.2,55.0,45.7,45.0,46.4,39.8,38.8,40.8,0.536,6.33,0.156,5.9,5.06,7.32,0.131,4.53,3.69,0.0383,0.854,0.485,85.3,64.0,230,50,400,36.3,13.2,5.6,6.1,7.0,5.7,4.6,5.9,6.3,5.8,5.1,11.0,4.7,9.3,127.0,0.0037,0.186,0.0,0.0,0.0,0.0
44.1,42.6,45.6,56.2,58.0,54.4,43.3,42.2,44.4,38.8,41.6,36.0,0.524,6.26,0.156,5.86,5.05,7.19,0.133,4.55,3.78,0.0382,0.852,0.488,79.4,58.0,90,32,400,13.8,12.4,5.5,5.6,6.6,5.3,4.1,6.6,7.1,6.0,5.3,11.2,4.4,9.0,103.0,0.00351,0.187,9.7,0.0,0.0,18.0
42.0,44.4,39.6,53.0,54.6,51.4,43.5,46.2,40.8,39.5,44.8,34.2,0.508,6.37,0.151,5.97,5.06,7.21,0.129,4.53,3.79,0.0374,0.855,0.474,71.3,51.0,100,33,400,3.3,11.8,5.1,4.7,6.0,4.8,4.3,6.8,7.8,6.9,4.9,11.1,3.4,8.7,89.6,0.00431,0.204,11.1,0.0,0.0,23.4
43.6,44.4,42.8,55.6,52.2,59.0,46.1,47.0,45.2,39.9,35.8,44.0,0.511,6.3,0.153,6.0,5.02,7.29,0.129,4.61,3.73,0.0384,0.853,0.479,66.6,46.0,120,29,400,2.8,11.2,4.5,5.8,4.8,5.0,6.2,5.5,6.1,6.5,4.8,11.4,3.6,6.9,85.1,0.00337,0.202,14.0,0.0,0.0,26.9
42.5,40.0,45.0,53.3,52.6,54.0,45.2,47.0,43.4,40.3,42.2,38.4,0.509,6.3,0.15,5.85,5.0,7.15,0.129,4.54,3.8,0.0384,0.35,0.492,64.7,44.0,110,29,400,3.6,11.1,4.5,6.1,5.0,5.0,6.3,5.3,6.1,6.1,5.3,12.4,4.1,6.5,87.4,0.0027,0.196,7.09,0.0,0.0,14.2
44.7,44.8,44.6,52.2,55.0,49.4,44.8,43.0,46.6,40.2,37.2,43.2,0.503,6.25,0.149,5.82,5.06,7.09,0.128,4.54,3.78,0.0383,0.242,0.477,62.1,42.0,110,31,400,5.0,12.3,5.0,5.9,4.9,5.6,6.9,5.5,5.7,5.0,5.2,12.5,4.2,7.8,91.5,0.00342,0.194,8.48,0.0,0.0,14.0
46.5,43.4,49.6,53.5,54.4,52.6,45.5,45.6,45.4,39.6,43.2,36.0,0.505,6.29,0.155,5.83,5.04,7.35,0.13,4.49,3.8,0.0392,0.239,0.485,59.2,40.0,100,31,400,3.6,11.4,5.5,5.8,4.9,5.4,7.3,5.8,5.1,6.0,4.3,10.7,3.5,6.8,86.1,0.00341,0.199,7.05,0.0,0.0,14.6
43.7,44.6,42.8,56.9,56.8,57.0,46.3,44.8,47.8,40.1,37.8,42.4,0.527,6.26,0.157,5.87,5.15,7.3,0.134,4.58,3.79,0.0374,0.245,0.487,58.8,41.0,100,32,400,4.4,11.6,5.5,6.5,4.9,5.4,5.8,5.2,6.0,6.9,5.6,11.4,3.7,7.0,89.9,0.00323,0.189,7.91,0.0,0.0,12.8
45.7,45.2,46.2,57.5,57.2,57.8,43.0,44.4,41.6,41.1,39.0,43.2,0.529,6.29,0.16,5.92,5.07,7.24,0.141,4.54,3.83,0.0383,0.244,0.49,57.0,39.0,110,33,400,3.6,11.1,6.2,6.2,5.3,4.8,5.9,4.5,6.6,6.7,5.8,13.1,5.1,8.1,93.0,0.00256,0.196,7.16,0.0,0.0,11.8
44.7,45.0,44.4,55.3,55.4,55.2,46.2,46.2,46.2,38.8,45.8,31.8,0.535,6.22,0.161,5.97,5.14,7.41,0.137,4.57,3.85,0.0382,0.245,0.483,55.8,38.0,110,33,400,3.4,10.2,7.3,5.9,5.4,4.7,5.2,5.3,6.8,4.9,4.1,11.8,5.1,7.2,87.3,0.00392,0.192,7.49,0.0,0.0,12.2
43.1,41.6,44.6,57.4,57.8,57.0,44.2,47.8,40.6,39.5,39.6,39.4,0.537,6.35,0.162,5.85,5.17,7.17,0.137,4.61,3.95,0.0383,0.242,0.485,55.5,38.0,110,33,400,3.8,10.0,7.1,5.9,5.9,5.3,4.4,5.8,6.2,4.7,3.9,12.4,4.8,7.6,87.8,0.00253,0.215,6.56,0.0,0.0,14.9
43.7,41.2,46.2,55.8,53.0,58.6,46.3,48.0,44.6,39.8,39.0,40.6,0.531,6.32,0.163,5.92,5.12,7.32,0.138,4.6,3.97,0.0382,0.238,0.48,54.4,37.0,110,32,400,4.2,11.5,5.1,4.5,5.6,5.7,5.4,5.9,6.0,6.4,5.0,11.7,4.4,7.1,88.5,0.00336,0.209,8.54,0.0,0.0,14.4
43.4,42.2,44.6,54.9,52.0,57.8,44.4,45.8,43.0,39.6,38.2,41.0,0.535,6.27,0.162,5.85,5.17,7.32,0.136,4.62,3.97,0.0382,0.241,0.485,53.5,36.0,120,32,400,3.3,10.9,3.8,5.1,6.0,5.5,5.8,7.1,7.6,7.0,6.2,12.2,4.4,7.4,92.3,0.00275,0.208,8.31,0.0,0.0,15.1
41.9,42.8,41.0,52.5,49.6,55.4,46.2,48.2,44.2,38.9,39.8,38.0,0.534,6.37,0.163,5.94,5.14,7.24,0.139,4.53,3.96,0.0381,0.243,0.483,53.4,37.0,120,33,400,3.4,11.0,3.7,4.4,5.9,5.0,6.2,7.0,7.0,5.9,6.2,11.0,3.3,8.0,88.0,0.00395,0.204,8.53,0.0,0.0,13.3
41.5,41.4,41.6,53.2,54.0,52.4,43.9,45.2,42.6,38.4,34.2,42.6,0.545,6.32,0.167,5.79,5.12,7.22,0.139,4.56,3.83,0.0382,0.24,0.489,52.2,35.0,99,29,400,2.9,11.2,5.8,5.4,5.1,5.9,4.7,6.1,5.1,5.9,4.9,10.4,3.5,8.9,85.8,0.00331,0.209,7.28,0.0,0.0,13.0
44.3,44.6,44.0,57.1,57.2,57.0,49.4,47.4,51.4,40.2,45.2,35.2,0.575,6.49,0.17,6.09,5.5,7.67,0.145,4.72,4.06,0.038,0.249,0.513,52.0,35.0,130,31,400,2.6,11.0,5.5,5.4,5.7,5.1,4.4,6.5,4.4,7.5,5.5,11.0,3.8,8.6,87.0,0.00402,0.187,7.19,0.0,0.0,13.8
40.5,39.8,41.2,56.0,56.8,55.2,44.0,41.2,46.8,39.1,37.4,40.8,0.606,6.92,0.175,6.42,5.69,7.97,0.153,5.05,4.31,0.038,0.262,0.54,51.9,35.0,120,34,400,2.6,10.7,5.5,4.9,6.0,5.3,5.1,6.1,5.3,6.8,5.3,11.2,2.9,8.3,86.0,0.00262,0.201,7.81,0.0,0.0,12.6
44.1,42.8,45.4,39.6,39.8,39.4,43.9,42.8,45.0,36.2,35.2,37.2,0.635,7.19,0.184,6.75,5.99,8.41,0.159,5.3,4.52,0.0371,0.268,0.575,51.4,35.0,110,32,400,3.7,8.6,6.0,5.8,6.4,5.9,5.9,4.7,5.9,6.3,4.8,12.3,3.3,7.6,87.2,0.00412,0.198,6.74,0.0,0.0,14.4
49.7,49.4,50.0,62.1,64.2,60.0,57.8,58.2,57.4,44.0,46.0,42.0,0.577,6.3,0.164,5.95,5.13,7.18,0.145,4.63,3.93,0.0391,0.241,0.495,104.0,86.0,260,95,400,84.0,11.3,6.33,7.67,6.67,7.33,8.67,6.67,3.0,6.67,7.33,14.0,4.0,5.67,179.0,0.00321,0.164,0.0,0.0,0.0,0.0
42.8,39.4,46.2,60.8,63.6,58.0,42.1,40.4,43.8,45.6,50.4,40.8,0.57,6.34,0.162,5.89,5.16,7.2,0.142,4.62,3.95,0.0392,0.246,0.493,82.8,58.0,250,66,400,47.4,11.0,5.33,6.78,5.33,6.11,8.22,5.78,5.56,5.89,7.44,13.8,5.11,9.11,143.0,0.00395,0.178,0.0,0.0,0.0,0.0
43.2,43.8,42.6,58.6,58.6,58.6,46.0,45.4,46.6,44.1,36.4,51.8,0.558,6.27,0.162,5.91,5.22,7.32,0.145,4.66,3.85,0.039,0.246,0.482,72.9,50.0,110,33,400,3.7,10.3,5.0,4.2,4.8,5.8,6.8,4.9,6.7,5.1,6.4,11.5,4.1,8.0,87.3,0.00332,0.181,0.0,0.0,0.0,0.0
42.8,39.0,46.6,60.2,58.2,62.2,43.1,44.0,42.2,43.2,37.4,49.0,0.566,6.32,0.162,5.91,5.15,7.32,0.143,4.66,3.95,0.0381,0.245,0.486,70.4,49.0,110,34,400,3.8,10.0,5.3,4.3,5.8,6.5,6.7,6.0,6.4,5.2,6.1,11.9,3.4,7.4,88.8,0.00267,0.196,0.0,0.0,0.0,0.0
47.3,45.8,48.8,58.5,58.4,58.6,46.8,46.6,47.0,43.7,47.0,40.4,0.566,6.34,0.156,5.87,5.2,7.1,0.144,4.63,4.0,0.0373,0.243,0.485,65.1,45.0,110,37,400,4.3,9.5,6.0,6.5,6.3,4.4,6.0,5.4,6.0,5.3,5.9,11.8,3.4,8.2,89.0,0.00387,0.185,20.3,0.0,0.0,34.3
44.8,43.6,46.0,61.2,61.2,61.2,44.7,44.2,45.2,43.4,40.4,46.4,0.537,6.31,0.156,5.91,5.07,7.26,0.139,4.58,4.01,0.0392,0.243,0.484,62.3,43.0,100,34,400,3.6,10.8,5.2,6.7,5.7,5.3,5.5,4.6,6.2,5.3,5.8,11.4,3.4,7.4,86.9,0.0026,0.205,24.2,0.0,0.0,40.7
47.5,46.2,48.8,61.1,63.8,58.4,46.3,44.4,48.2,45.1,46.8,43.4,0.535,6.28,0.154,5.8,5.21,7.37,0.134,4.65,3.96,0.0383,0.243,0.48,61.1,43.0,110,38,400,4.6,12.9,4.8,5.9,6.0,5.1,5.5,5.1,6.4,6.0,5.1,11.2,3.4,5.7,87.7,0.00314,0.197,28.8,0.0,0.0,46.9
50.1,49.4,50.8,61.7,61.0,62.4,45.3,46.0,44.6,44.9,48.0,41.8,0.54,6.3,0.157,5.82,5.24,7.35,0.143,4.66,4.03,0.0392,0.241,0.48,59.4,42.0,110,39,400,5.4,12.5,5.8,6.3,5.8,4.3,5.9,5.3,5.9,6.2,4.8,10.3,3.9,6.0,88.4,0.00316,0.201,12.5,0.0,0.0,17.1
46.5,43.8,49.2,60.0,60.8,59.2,45.6,44.2,47.0,44.1,40.2,48.0,0.534,6.32,0.156,5.87,5.18,7.63,0.144,4.55,3.98,0.0383,0.243,0.477,58.9,41.0,120,35,400,4.7,11.1,5.4,7.0,4.6,5.8,6.1,4.9,5.9,5.4,5.4,11.9,4.5,8.0,90.7,0.00387,0.187,12.1,0.0,0.0,17.2
43.1,43.8,42.4,59.1,58.8,59.4,42.6,39.4,45.8,44.4,47.6,41.2,0.531,6.32,0.16,5.81,5.22,7.41,0.143,4.58,3.95,0.0391,0.248,0.481,57.3,40.0,110,33,400,4.1,10.7,4.6,6.0,5.0,6.8,5.4,4.5,6.2,4.8,4.6,12.8,4.3,7.9,87.7,0.00362,0.203,11.6,0.0,0.0,18.2
46.2,47.2,45.2,59.6,61.8,57.4,45.0,44.4,45.6,43.0,44.8,41.2,0.524,6.27,0.165,5.81,5.24,7.52,0.145,4.61,3.88,0.0391,0.242,0.481,56.8,40.0,110,34,400,4.1,9.7,5.5,5.4,5.6,5.5,5.1,4.9,5.9,5.5,5.1,11.3,3.6,7.6,84.8,0.00362,0.188,9.25,0.0,0.0,19.4
42.2,40.8,43.6,57.9,57.6,58.2,60.8,57.8,63.8,45.0,47.4,42.6,0.531,6.24,0.161,5.8,5.21,7.55,0.143,4.64,3.96,0.0373,0.882,0.485,56.4,40.0,120,38,400,4.1,11.2,6.2,5.4,5.3,4.2,5.4,5.5,6.2,6.2,5.8,10.5,4.2,6.9,87.1,0.00387,0.192,10.6,0.0,0.0,18.0
45.4,43.4,47.4,57.4,60.0,54.8,49.4,50.8,48.0,46.4,47.8,45.0,0.517,6.4,0.16,5.85,5.32,7.6,0.145,4.58,4.0,0.0383,0.884,0.485,55.8,39.0,120,36,400,5.0,11.4,6.3,5.2,5.3,4.8,4.8,5.3,5.2,7.3,5.6,11.1,3.9,5.3,86.5,0.00387,0.186,11.6,0.0,0.0,17.8
39.8,38.6,41.0,56.9,60.8,53.0,43.8,43.0,44.6,43.9,48.6,39.2,0.523,6.43,0.163,5.9,5.16,7.42,0.147,4.62,3.95,0.0373,0.886,0.489,54.8,39.0,110,31,400,5.5,10.9,6.3,5.0,5.8,5.3,5.7,5.7,5.4,6.9,5.5,12.1,3.4,5.6,89.1,0.00387,0.204,13.1,0.0,0.0,17.6
42.5,42.2,42.8,55.4,57.4,53.4,43.1,41.4,44.8,45.4,47.0,43.8,0.516,6.26,0.163,5.9,5.28,7.54,0.145,4.54,3.93,0.0382,0.883,0.485,54.0,38.0,93,29,400,4.2,12.7,6.1,4.4,5.5,4.5,6.6,6.0,5.9,4.2,5.7,11.0,3.7,7.2,87.7,0.00362,0.187,12.2,0.0,0.0,19.7
42.6,42.4,42.8,58.4,63.8,53.0,45.3,44.0,46.6,43.8,49.2,38.4,0.516,6.42,0.158,5.86,5.23,7.52,0.143,4.56,3.87,0.0384,0.887,0.482,53.3,38.0,100,29,400,3.4,13.4,5.5,4.8,4.5,5.1,4.5,4.9,4.8,4.4,5.8,9.8,2.9,7.8,81.6,0.00362,0.19,11.2,0.0,0.0,18.8
44.1,46.4,41.8,59.3,61.2,57.4,47.3,49.4,45.2,44.7,40.0,49.4,0.532,6.44,0.164,6.07,5.41,7.83,0.144,4.66,3.94,0.0384,0.886,0.506,53.3,38.0,110,31,400,3.7,13.2,5.6,5.7,4.7,6.0,3.6,4.9,4.1,5.2,5.6,10.5,2.7,8.2,83.7,0.00328,0.191,12.9,0.0,0.0,18.9
40.5,37.2,43.8,53.5,53.4,53.6,45.8,47.6,44.0,44.8,50.6,39.0,0.56,6.85,0.172,6.39,5.73,8.2,0.15,4.92,4.16,0.0385,0.903,0.54,52.3,37.0,110,30,400,4.1,10.7,6.3,5.8,6.4,5.5,4.1,5.6,4.2,6.4,5.5,11.9,3.7,7.6,87.8,0.00316,0.196,12.7,0.0,0.0,17.2
43.8,43.6,44.0,48.2,49.6,46.8,46.2,46.0,46.4,43.1,39.8,46.4,0.595,7.19,0.18,6.79,6.09,8.6,0.159,5.2,4.35,0.0384,0.913,0.573,51.9,37.0,110,32,400,4.2,11.1,6.5,4.8,6.3,5.9,4.2,5.7,4.9,6.3,5.3,12.8,4.1,5.7,87.8,0.00308,0.174,11.6,0.0,0.0,17.6
56.2,55.4,57.0,58.9,58.6,59.2,61.5,61.2,61.8,47.6,46.6,48.6,0.508,6.42,0.16,5.94,5.24,7.42,0.136,4.48,3.7,0.0376,0.882,0.488,112.0,100.0,270,120,400,83.3,15.7,5.67,4.33,7.67,5.67,4.67,7.67,7.67,6.33,7.67,12.7,3.0,7.0,179.0,0.00388,0.161,0.0,0.0,0.0,0.0
44.4,46.8,42.0,63.0,63.4,62.6,45.5,43.4,47.6,50.1,50.2,50.0,0.498,6.36,0.163,5.97,5.19,7.57,0.14,4.43,3.65,0.0383,0.886,0.486,89.8,66.0,250,81,400,47.6,14.1,6.89,5.11,5.89,4.89,5.33,6.22,6.0,5.22,6.11,12.2,3.56,6.89,136.0,0.0037,0.18,0.0,0.0,0.0,0.0
43.8,43.0,44.6,61.6,61.0,62.2,45.1,45.2,45.0,49.3,48.2,50.4,0.513,6.35,0.159,5.86,5.23,7.35,0.139,4.49,3.6,0.0385,0.886,0.487,85.5,64.0,150,36,400,28.4,13.4,8.0,5.7,5.9,4.7,5.5,6.5,6.4,4.9,6.0,13.6,4.4,6.7,120.0,0.00362,0.169,17.3,0.0,0.0,0.0
41.4,43.0,39.8,62.0,63.6,60.4,42.3,44.0,40.6,50.3,43.4,57.2,0.512,6.37,0.159,5.9,5.22,7.3,0.136,4.4,3.61,0.0385,0.884,0.495,76.6,53.0,140,35,400,3.6,10.8,7.7,5.6,5.5,6.5,5.2,5.5,5.9,4.9,4.9,12.0,3.9,7.1,89.1,0.00346,0.198,21.9,0.0,0.0,35.6
41.4,42.2,40.6,60.6,59.6,61.6,43.9,44.2,43.6,50.1,46.2,54.0,0.499,6.33,0.153,5.87,5.12,7.19,0.129,4.33,3.5,0.0386,0.884,0.49,71.9,50.0,140,36,400,3.8,11.3,6.0,5.5,6.6,7.3,5.7,5.2,4.6,5.0,5.0,11.2,3.1,7.3,87.6,0.0041,0.185,27.9,0.0,0.0,42.7
42.3,43.2,41.4,67.2,67.6,66.8,45.4,46.0,44.8,49.2,40.8,57.6,0.495,6.2,0.153,5.86,5.08,7.1,0.131,4.36,3.55,0.0386,0.882,0.487,70.4,50.0,130,39,400,3.5,11.1,5.3,4.7,6.7,6.6,5.2,5.5,4.5,4.7,5.1,10.4,3.3,6.6,83.2,0.00346,0.21,14.9,0.0,0.0,50.2
45.6,49.2,42.0,65.5,67.8,63.2,43.6,41.8,45.4,50.3,49.4,51.2,0.503,6.27,0.151,5.87,5.1,7.15,0.129,4.34,3.55,0.0376,0.877,0.491,67.0,47.0,120,39,400,3.7,9.9,4.7,5.3,6.5,7.2,4.7,4.8,5.9,5.7,5.1,10.8,4.2,6.4,84.9,0.00346,0.187,15.9,0.0,0.0,22.8
46.0,48.2,43.8,64.0,65.0,63.0,44.0,40.8,47.2,50.0,53.2,46.8,0.503,6.24,0.152,5.85,5.03,7.15,0.13,4.31,3.58,0.0386,0.878,0.493,65.0,45.0,140,39,400,2.4,10.1,4.7,5.8,6.3,6.2,6.1,4.8,5.8,5.6,5.4,11.7,4.3,7.7,86.9,0.00282,0.217,14.1,0.0,0.0,22.8
42.7,44.0,41.4,66.2,67.8,64.6,45.7,46.2,45.2,51.2,47.2,55.2,0.513,6.27,0.156,5.85,5.05,7.15,0.134,4.3,3.56,0.0395,0.241,0.489,64.4,45.0,130,39,400,3.0,11.4,5.2,5.9,6.2,5.9,6.5,5.9,4.9,5.4,5.4,12.4,3.8,7.7,89.6,0.00369,0.189,15.4,0.0,0.0,24.1
43.6,44.4,42.8,64.0,60.6,67.4,46.1,43.6,48.6,48.4,47.4,49.4,0.51,6.19,0.157,5.91,5.05,7.24,0.136,4.41,3.59,0.0394,0.24,0.49,62.8,43.0,130,39,400,3.6,12.8,5.2,5.8,6.6,6.0,5.1,5.9,4.5,5.0,4.9,11.5,4.0,7.5,88.4,0.00365,0.206,14.8,0.0,0.0,21.3
43.4,45.0,41.8,66.0,66.8,65.2,47.7,49.0,46.4,49.0,55.8,42.2,0.503,6.13,0.155,5.84,5.05,7.2,0.131,4.41,3.61,0.0387,0.239,0.488,61.3,42.0,130,38,400,3.6,11.9,5.5,5.4,7.0,6.1,4.9,4.5,5.3,5.9,5.9,10.4,3.4,6.5,86.3,0.00337,0.196,15.6,0.0,0.0,23.1
42.1,41.4,42.8,65.0,63.8,66.2,45.2,43.6,46.8,50.3,46.6,54.0,0.522,6.31,0.157,5.96,5.0,7.25,0.139,4.45,3.7,0.0387,0.242,0.503,60.9,43.0,110,37,400,3.2,9.9,5.9,5.1,7.1,5.6,5.0,4.4,6.1,7.1,6.5,11.9,3.4,8.0,89.2,0.00342,0.214,14.8,0.0,0.0,19.8
44.6,45.2,44.0,65.9,68.0,63.8,48.8,47.4,50.2,49.5,49.4,49.6,0.537,6.17,0.165,5.99,5.08,7.21,0.144,4.45,3.79,0.0388,0.242,0.496,59.8,41.0,120,37,400,3.7,9.1,6.3,5.8,5.2,5.9,4.9,5.1,6.7,6.4,6.5,14.1,4.3,7.9,91.9,0.00407,0.193,15.5,0.0,0.0,24.0
43.6,44.4,42.8,59.4,58.0,60.8,42.5,42.4,42.6,49.1,45.6,52.6,0.548,6.26,0.168,5.91,5.15,7.27,0.145,4.45,3.84,0.0387,0.245,0.5,58.6,40.0,130,35,400,4.3,11.3,5.5,5.3,4.8,6.8,5.2,5.0,5.7,5.8,5.6,12.0,4.7,7.5,89.5,0.00331,0.211,14.3,0.0,0.0,21.5
49.8,49.6,50.0,66.0,62.2,69.8,45.5,43.6,47.4,49.3,52.8,45.8,0.544,6.23,0.164,5.93,5.09,7.42,0.145,4.46,3.8,0.0397,0.24,0.498,58.2,40.0,110,34,400,3.7,10.4,4.6,4.9,5.8,7.0,5.8,4.4,5.8,5.4,4.9,11.9,5.3,7.2,87.1,0.00271,0.205,13.8,0.0,0.0,23.6
48.5,48.6,48.4,64.1,66.8,61.4,45.2,44.8,45.6,49.4,52.4,46.4,0.538,6.25,0.168,5.84,5.11,7.55,0.147,4.41,3.92,0.0395,0.241,0.494,57.9,40.0,140,37,400,3.2,10.5,4.5,5.2,5.7,7.6,5.9,5.9,5.0,4.5,5.2,11.8,4.0,7.9,86.9,0.00361,0.209,13.6,0.0,0.0,23.5
48.2,47.0,49.4,61.0,60.0,62.0,46.6,43.8,49.4,49.2,48.6,49.8,0.544,6.28,0.173,5.93,5.32,7.79,0.152,4.56,3.96,0.0376,0.243,0.513,57.2,40.0,140,41,400,3.2,13.7,6.2,6.2,6.4,6.2,4.6,5.4,4.4,6.0,4.7,10.9,3.0,8.1,89.0,0.00285,0.199,15.4,0.0,0.0,24.5
43.2,42.4,44.0,63.6,68.2,59.0,43.5,40.8,46.2,49.8,43.4,56.2,0.578,6.69,0.178,6.35,5.61,8.33,0.158,4.82,4.19,0.0386,0.255,0.536,57.4,41.0,110,41,400,3.6,12.8,5.9,5.3,5.8,5.5,5.4,5.2,4.4,5.8,5.6,10.7,3.5,7.2,86.7,0.00371,0.212,16.7,0.0,0.0,23.2
50.0,48.8,51.2,58.1,56.6,59.6,48.6,46.8,50.4,48.7,47.4,50.0,0.6,7.03,0.187,6.7,5.93,8.78,0.167,5.1,4.43,0.0375,0.265,0.57,56.7,40.0,120,41,400,3.5,13.1,5.9,4.5,4.2,5.8,6.3,5.5,5.1,5.4,4.8,9.8,2.8,7.8,84.5,0.00297,0.2,16.4,0.0,0.0,22.3
42.9,43.2,42.6,66.1,64.4,67.8,39.6,39.0,40.2,54.3,57.0,51.6,0.532,6.23,0.169,5.87,5.13,7.8,0.144,4.54,4.08,0.037,0.24,0.486,97.4,89.0,210,90,400,59.9,10.6,6.29,6.86,6.57,5.14,6.43,5.71,5.71,6.43,7.14,12.4,4.14,7.43,151.0,0.00432,0.202,0.0,0.0,0.0,0.0
43.5,44.0,43.0,68.7,67.6,69.8,42.7,42.0,43.4,54.1,52.0,56.2,0.535,6.26,0.166,5.83,5.2,7.7,0.142,4.53,4.1,0.0381,0.24,0.49,84.9,73.0,130,37,400,20.1,11.5,5.4,5.1,5.9,4.4,6.0,5.4,6.4,6.5,6.2,13.1,3.9,6.8,107.0,0.0036,0.196,0.0,0.0,0.0,31.1
45.0,44.6,45.4,69.0,67.2,70.8,44.1,45.8,42.4,54.5,59.0,50.0,0.527,6.15,0.164,5.81,5.23,7.78,0.143,4.54,4.07,0.0383,0.245,0.487,81.9,70.0,140,42,400,3.0,10.8,4.1,4.4,5.7,4.6,5.5,4.8,6.9,5.5,5.1,11.3,3.3,6.5,81.5,0.00553,0.201,25.5,0.0,0.0,39.8
43.2,43.6,42.8,66.8,68.2,65.4,43.5,44.8,42.2,53.9,47.0,60.8,0.527,6.16,0.16,5.75,5.3,7.63,0.14,4.6,4.1,0.0383,0.245,0.478,75.6,63.0,130,44,400,3.2,11.3,4.7,4.8,7.1,4.5,5.5,4.6,5.7,5.0,5.0,11.4,3.4,8.8,85.0,0.00479,0.19,29.6,0.0,0.0,48.3
43.4,39.6,47.2,65.3,64.0,66.6,44.0,44.8,43.2,55.5,60.2,50.8,0.52,6.2,0.161,5.79,5.31,7.64,0.138,4.57,4.1,0.0383,0.242,0.489,72.5,58.0,140,43,400,2.8,11.0,5.9,4.2,7.0,4.9,5.4,5.0,6.9,5.8,6.6,13.0,3.6,7.5,89.6,0.00397,0.2,36.5,0.0,0.0,25.6
44.3,45.4,43.2,67.4,65.6,69.2,45.0,47.0,43.0,53.7,45.8,61.6,0.545,6.13,0.161,5.69,5.3,7.61,0.139,4.53,4.02,0.0373,0.244,0.495,71.2,57.0,140,42,400,3.2,11.3,6.1,4.6,7.3,5.2,5.7,4.8,6.5,5.7,5.7,12.9,4.2,6.6,89.8,0.00493,0.186,18.1,0.0,0.0,24.5
42.0,40.6,43.4,64.6,67.2,62.0,43.4,42.0,44.8,53.3,52.8,53.8,0.55,6.26,0.166,5.63,5.3,7.77,0.143,4.46,4.02,0.0383,0.241,0.494,68.0,54.0,120,39,400,3.5,11.7,5.9,5.0,5.8,4.6,5.6,4.1,6.0,5.8,5.6,12.2,4.7,7.1,87.6,0.00499,0.197,20.9,0.0,0.0,25.2
47.4,49.8,45.0,68.6,65.6,71.6,44.2,46.4,42.0,53.8,58.4,49.2,0.529,6.07,0.161,5.45,5.34,7.67,0.135,4.42,3.96,0.0391,0.24,0.486,65.8,51.0,140,37,400,3.3,11.4,5.8,5.3,4.4,4.4,4.7,5.0,5.1,5.3,5.4,11.4,4.4,9.2,85.1,0.00306,0.189,18.6,0.0,0.0,28.4
42.4,43.6,41.2,67.2,68.6,65.8,43.8,43.2,44.4,53.7,42.4,65.0,0.519,6.11,0.155,5.45,5.36,7.7,0.135,4.39,3.91,0.0379,0.239,0.49,65.5,52.0,130,39,400,3.9,11.0,5.9,6.2,3.9,4.2,5.0,5.1,5.6,4.9,5.5,11.6,3.4,8.6,84.8,0.00415,0.204,17.8,0.0,0.0,27.7
44.0,44.0,44.0,65.5,64.2,66.8,44.6,43.2,46.0,54.8,55.8,53.8,0.494,6.23,0.151,5.39,5.36,7.58,0.129,4.42,3.91,0.0382,0.241,0.482,63.8,49.0,130,40,400,4.6,11.1,6.7,6.1,3.8,4.3,6.9,5.7,5.3,5.4,5.5,11.2,3.5,7.8,87.9,0.00494,0.193,16.9,0.0,0.0,29.9
43.2,44.8,41.6,68.5,68.0,69.0,42.1,39.6,44.6,54.1,46.2,62.1,0.507,6.15,0.156,5.39,5.4,7.47,0.132,4.47,3.92,0.0371,0.236,0.489,62.4,47.0,140,37,400,4.3,11.6,6.4,5.2,5.4,4.0,6.6,5.5,5.3,5.0,5.1,10.7,2.9,7.7,85.7,0.00388,0.197,19.7,0.0,0.0,24.6
42.4,43.6,41.2,63.0,61.6,64.4,43.5,41.8,45.2,54.8,50.4,59.2,0.499,6.06,0.148,5.32,5.34,7.27,0.125,4.49,3.89,0.0373,0.237,0.481,62.6,48.0,130,39,400,4.2,12.2,6.0,5.4,5.9,4.1,5.6,5.3,5.4,5.6,5.5,11.7,3.8,8.1,88.8,0.00383,0.192,19.1,0.0,0.0,28.1
42.6,41.2,44.0,68.0,67.8,68.2,43.9,45.6,42.2,54.0,53.2,54.8,0.506,6.1,0.148,5.4,5.33,7.33,0.125,4.37,3.93,0.039,0.239,0.49,61.4,47.0,130,41,400,3.5,11.9,5.7,5.0,4.8,5.6,6.3,5.0,5.2,6.5,4.9,10.9,3.1,7.1,85.5,0.00437,0.202,20.2,0.0,0.0,27.8
46.0,47.2,44.8,68.6,68.8,68.4,59.0,57.8,60.2,53.5,53.0,54.0,0.501,6.01,0.152,5.28,5.32,7.15,0.128,4.47,3.88,0.0379,0.237,0.496,60.7,46.0,130,37,400,3.2,11.6,6.0,5.3,5.1,5.8,4.9,5.2,5.5,5.0,4.0,11.4,3.2,8.5,84.7,0.0027,0.184,18.5,0.0,0.0,29.3
40.9,42.4,39.4,68.8,67.0,70.6,43.4,42.6,44.2,56.4,52.0,60.8,0.528,6.07,0.15,5.27,5.28,7.04,0.127,4.44,3.93,0.0389,0.866,0.491,61.1,46.0,140,40,400,3.8,12.0,5.9,5.5,5.0,5.0,5.2,5.6,4.8,4.9,4.1,11.3,4.1,8.6,85.8,0.00343,0.196,19.9,0.0,0.0,26.7
45.8,47.6,44.0,66.2,64.2,68.2,41.9,44.0,39.8,53.9,52.7,55.1,0.526,6.12,0.154,5.26,5.5,7.21,0.13,4.39,3.93,0.038,0.863,0.498,60.0,45.0,130,40,400,4.0,12.4,6.7,6.3,5.3,4.8,5.5,4.4,4.8,5.9,5.5,10.5,4.3,6.0,86.4,0.00333,0.192,18.4,0.0,0.0,25.6
43.8,46.2,41.4,67.6,66.2,69.0,43.8,45.2,42.4,54.0,54.5,53.5,0.555,6.41,0.161,5.59,5.8,7.66,0.139,4.64,4.19,0.0388,0.875,0.523,59.5,45.0,130,39,400,3.8,11.7,5.9,6.6,5.5,5.5,5.1,4.5,5.3,5.0,6.5,10.5,3.7,5.5,85.1,0.00264,0.187,19.5,0.0,0.0,26.9
44.1,47.6,40.6,65.1,64.8,65.4,45.6,42.0,49.2,53.9,60.6,47.2,0.581,6.78,0.167,5.88,6.15,7.98,0.145,4.98,4.37,0.0379,0.886,0.555,59.8,45.0,140,42,400,4.6,11.3,5.9,6.7,5.5,6.1,4.8,5.1,5.3,5.0,6.2,11.2,3.8,7.2,88.7,0.00341,0.184,18.6,0.0,0.0,28.9
36.5,37.6,35.4,32.6,35.4,29.8,41.8,44.0,39.6,37.1,39.0,35.2,0.609,7.19,0.173,6.18,6.37,8.35,0.15,5.18,4.59,0.0378,0.895,0.569,59.0,44.0,140,40,400,4.9,9.8,6.1,5.3,4.5,6.7,4.7,5.3,5.3,5.2,5.1,11.0,3.8,9.2,86.9,0.00418,0.189,19.9,0.0,0.0,25.0
57.0,57.4,56.6,64.7,64.2,65.2,51.3,50.2,52.4,40.2,38.6,41.8,0.994,9.71,0.284,9.67,8.58,14.2,0.274,7.55,7.22,0.039,1.07,0.832,56.4,48.0,100,46,200,0.0,0.0,0.0,0.0,0.0,0.0,0.0,0.0,0.0,0.0,0.0,0.0,0.0,0.0,0.0,0.00347,0.182,0.0,0.0,0.0,0.0
33.3,36.2,30.4,40.7,42.4,39.0,35.4,38.6,32.2,36.9,39.6,34.2,0.141,2.26,0.0669,1.98,1.65,2.06,0.0449,1.4,1.1,0.0383,0.116,0.162,40.5,30.0,85,27,200,37.3,5.83,4.33,4.0,3.5,3.67,2.83,2.5,2.67,2.67,3.17,7.17,1.5,5.0,86.2,0.00408,0.173,0.0,0.0,0.0,0.0
34.4,32.4,36.4,41.0,39.6,42.4,35.4,36.6,34.2,31.8,34.4,29.2,0.16,2.35,0.0687,2.07,1.77,2.2,0.0494,1.47,1.13,0.0373,0.121,0.17,38.5,29.0,85,27,200,20.0,4.7,4.1,3.0,2.8,3.7,2.8,2.8,3.2,2.4,2.8,7.0,2.0,5.2,66.5,0.004,0.184,3.96,0.0,0.0,8.56
34.6,33.6,35.6,43.0,42.8,43.2,35.7,38.2,33.2,36.6,38.4,34.8,0.161,2.41,0.071,2.15,1.84,2.34,0.0495,1.53,1.16,0.0372,0.124,0.179,37.5,27.0,77,23,200,2.5,3.8,2.9,2.7,2.0,2.6,2.8,2.9,3.1,1.9,2.7,5.9,2.3,5.0,43.1,0.004,0.177,5.39,0.0,0.0,12.4
38.9,37.2,40.6,42.2,42.2,42.2,35.6,32.8,38.4,33.3,34.8,31.8,0.168,2.56,0.0739,2.25,1.95,2.48,0.051,1.59,1.22,0.0366,0.127,0.183,36.6,27.0,77,23,200,2.3,5.0,2.7,2.6,2.2,2.2,2.7,3.1,2.2,2.1,3.3,5.2,2.0,4.0,41.6,0.0039,0.189,5.39,0.0,0.0,15.9
34.3,35.2,33.4,39.3,35.2,43.4,34.2,37.8,30.6,34.4,33.4,35.4,0.178,2.63,0.0753,2.3,2.06,2.57,0.0555,1.67,1.28,0.0372,0.131,0.191,36.5,26.0,80,25,200,2.3,5.4,3.4,2.6,2.8,2.3,2.9,2.0,2.2,2.4,3.7,5.4,1.8,4.2,43.4,0.00353,0.182,4.41,0.0,0.0,9.73
34.9,34.0,35.8,43.0,44.2,41.8,35.3,35.2,35.4,33.0,33.0,33.0,0.192,2.73,0.0803,2.4,2.15,2.76,0.0582,1.74,1.34,0.0372,0.133,0.194,36.7,26.0,94,25,200,2.7,4.9,3.1,3.2,2.8,1.9,2.5,1.0,2.6,3.1,3.1,5.5,1.9,4.9,43.2,0.00348,0.194,2.98,0.0,0.0,9.47
35.8,36.0,35.6,41.7,37.4,46.0,34.1,32.0,36.2,35.6,30.8,40.4,0.194,2.83,0.0832,2.47,2.21,2.89,0.0614,1.78,1.37,0.0382,0.136,0.205,36.3,26.0,90,24,200,2.8,5.1,2.6,3.2,1.9,2.0,2.9,1.8,2.5,3.3,2.2,4.5,2.0,3.6,40.4,0.00342,0.185,5.82,0.0,0.0,8.47
33.7,30.0,37.4,41.9,46.0,37.8,33.0,35.6,30.4,33.4,35.4,31.4,0.209,2.83,0.0836,2.58,2.35,2.95,0.0613,1.85,1.43,0.036,0.139,0.211,35.9,25.0,83,23,200,2.9,5.5,2.6,3.2,1.8,2.4,3.8,3.1,3.0,2.6,2.5,5.4,1.9,3.1,43.8,0.00342,0.188,4.08,0.0,0.0,10.0
33.7,36.0,31.4,44.0,44.0,44.0,35.7,33.6,37.8,32.7,33.4,32.0,0.203,2.95,0.0827,2.6,2.41,3.09,0.0599,1.92,1.49,0.0361,0.139,0.216,35.7,25.0,83,24,200,2.5,6.2,2.6,2.7,2.3,2.3,3.1,3.4,3.0,3.1,2.7,6.5,1.6,3.2,45.2,0.0032,0.179,5.51,0.0,0.0,8.81
33.6,31.6,35.6,43.6,40.6,46.6,35.9,33.6,38.2,34.8,38.4,31.2,0.215,3.0,0.087,2.71,2.49,3.19,0.0649,2.0,1.53,0.0361,0.145,0.226,35.7,26.0,85,26,200,1.5,5.4,3.3,2.4,3.4,2.1,2.5,2.5,2.8,3.1,2.1,5.7,1.6,3.3,41.7,0.00327,0.188,2.67,0.0,0.0,9.58
33.5,30.6,36.4,41.6,42.8,40.4,35.1,34.4,35.8,32.5,29.6,35.4,0.23,3.13,0.0913,2.81,2.58,3.32,0.0681,2.06,1.58,0.0372,0.147,0.232,35.6,26.0,81,28,200,2.1,5.8,4.0,2.3,3.8,2.2,2.6,2.6,3.0,2.3,2.3,5.9,2.4,4.0,45.3,0.00313,0.18,4.32,0.0,0.0,8.26
32.1,33.0,31.2,40.5,41.8,39.2,36.0,39.4,32.6,33.9,36.0,31.8,0.258,3.18,0.0951,2.85,2.66,3.38,0.0729,2.11,1.65,0.0374,0.15,0.238,35.9,26.0,85,29,200,2.1,6.7,3.0,2.2,3.1,3.3,2.7,2.7,3.6,2.1,2.5,6.4,2.7,3.7,46.8,0.00251,0.186,4.35,0.0,0.0,9.22
31.8,36.2,27.4,41.4,42.0,40.8,32.0,28.6,35.4,32.8,35.0,30.6,0.249,3.3,0.0925,2.97,2.7,3.45,0.0712,2.17,1.68,0.0382,0.152,0.24,35.8,26.0,89,27,200,1.9,5.1,1.9,2.2,2.5,3.7,3.0,2.2,3.4,2.7,2.4,5.9,2.2,3.4,42.5,0.00389,0.178,4.35,0.0,0.0,9.03
34.2,34.6,33.8,40.9,39.6,42.2,35.5,35.0,36.0,33.5,33.4,33.6,0.247,3.36,0.0918,3.02,2.78,3.53,0.072,2.21,1.72,0.0365,0.155,0.245,35.6,26.0,78,24,200,1.9,5.7,1.7,2.2,2.0,3.3,2.3,1.5,2.7,3.6,2.0,4.6,1.3,3.8,38.6,0.00337,0.184,2.92,0.0,0.0,8.55
33.1,29.4,36.8,39.7,40.8,38.6,36.5,37.0,36.0,34.1,33.2,35.0,0.256,3.45,0.0971,3.13,2.83,3.67,0.0751,2.3,1.78,0.0382,0.156,0.256,35.4,26.0,81,23,200,1.6,5.8,2.0,2.6,2.1,2.9,2.1,2.0,3.3,3.0,2.3,5.9,1.5,4.2,41.3,0.00272,0.18,4.2,0.0,0.0,7.96
32.1,30.4,33.8,41.9,42.8,41.0,35.3,32.4,38.2,33.5,27.2,39.8,0.263,3.5,0.0959,3.2,2.93,3.74,0.0746,2.35,1.83,0.0374,0.161,0.265,35.4,25.0,81,23,200,1.7,5.8,2.6,2.2,2.6,2.0,3.1,2.5,3.5,3.1,3.2,6.8,2.0,4.4,45.5,0.00358,0.194,5.0,0.0,0.0,8.33
32.1,35.4,28.8,39.2,41.8,36.6,34.7,33.8,35.6,34.6,39.4,29.8,0.274,3.71,0.101,3.36,3.11,3.91,0.0794,2.48,1.92,0.0365,0.166,0.28,35.0,25.0,75,23,200,1.7,7.9,3.1,2.2,2.3,2.2,3.0,2.2,2.9,3.0,2.9,5.1,1.4,4.5,44.4,0.00449,0.182,4.98,0.0,0.0,8.72
34.4,37.2,31.6,44.8,39.6,50.0,35.8,37.6,34.0,33.9,36.8,31.0,0.282,3.85,0.103,3.54,3.23,4.11,0.0811,2.59,2.0,0.0373,0.173,0.293,35.0,25.0,73,24,200,1.5,7.9,3.3,2.7,2.5,3.1,2.9,2.5,2.5,2.1,1.9,5.1,1.5,4.4,43.9,0.00411,0.195,3.55,0.0,0.0,9.22
32.1,30.6,33.6,29.3,28.0,30.6,54.6,55.0,54.2,30.5,37.6,23.4,0.305,4.05,0.107,3.75,3.4,4.26,0.0859,2.75,2.12,0.0382,0.859,0.309,35.2,25.0,86,26,200,1.5,6.5,2.9,2.9,2.1,2.6,2.6,2.9,2.6,2.7,2.1,5.3,1.8,3.9,42.4,0.00406,0.195,5.1,0.0,0.0,8.75
34.6,35.2,34.0,45.3,48.0,42.6,40.2,42.2,38.2,39.4,43.6,35.2,0.261,3.44,0.0911,3.2,2.85,3.56,0.0719,2.43,1.87,0.037,0.84,0.264,48.5,35.0,130,37,200,42.0,7.8,4.4,3.6,3.2,4.6,5.0,3.2,3.2,2.6,4.0,8.4,2.6,3.4,98.0,0.00358,0.179,0.0,0.0,0.0,0.0
33.1,37.2,29.0,43.6,46.6,40.6,35.5,37.6,33.4,37.5,30.8,44.2,0.258,3.43,0.0933,3.26,2.81,3.59,0.0708,2.37,1.86,0.0363,0.84,0.267,45.1,31.0,110,35,200,21.7,6.3,3.0,2.7,2.8,3.3,3.7,3.0,2.7,2.5,2.7,6.5,2.0,3.7,66.6,0.00346,0.198,0.0,0.0,0.0,0.0
33.9,34.6,33.2,43.7,46.0,41.4,34.3,33.0,35.6,40.8,47.4,34.2,0.263,3.44,0.0906,3.26,2.79,3.52,0.0715,2.42,1.86,0.0381,0.841,0.267,43.0,29.0,100,24,200,2.2,4.6,2.2,2.3,3.5,2.7,2.6,2.4,2.2,2.5,2.2,4.9,1.6,3.4,39.3,0.00328,0.186,0.0,0.0,0.0,0.0
32.4,33.8,31.0,45.9,45.0,46.8,36.1,34.4,37.8,39.9,34.0,45.8,0.264,3.38,0.0912,3.28,2.74,3.49,0.0678,2.42,1.88,0.0362,0.84,0.261,41.6,29.0,90,25,200,2.8,4.4,2.6,2.3,4.0,3.4,2.5,2.2,3.1,2.3,2.9,5.9,2.4,3.9,44.7,0.00413,0.191,0.0,0.0,0.0,0.0
33.0,30.8,35.2,43.7,44.2,43.2,35.7,39.4,32.0,36.0,35.6,36.4,0.27,3.45,0.0927,3.24,2.75,3.5,0.0715,2.4,1.87,0.0381,0.841,0.266,40.0,27.0,84,25,200,1.9,4.8,2.3,2.3,3.0,2.8,2.2,2.9,4.0,2.4,2.9,6.7,2.3,4.9,45.4,0.00339,0.183,15.7,0.0,0.0,26.7
31.6,31.2,32.0,46.5,46.6,46.4,35.8,33.2,38.4,42.3,39.4,45.2,0.268,3.42,0.0941,3.35,2.72,3.45,0.0732,2.4,1.87,0.037,0.842,0.271,39.1,27.0,78,23,200,1.4,5.2,2.3,2.7,2.8,2.1,2.6,3.7,3.1,2.6,3.1,6.9,1.8,4.1,44.4,0.00338,0.183,18.2,0.0,0.0,31.5
35.3,34.6,36.0,45.3,49.6,41.0,31.9,33.0,30.8,36.3,38.6,34.0,0.268,3.46,0.092,3.28,2.74,3.45,0.0711,2.4,1.86,0.038,0.838,0.265,38.3,26.0,80,23,200,2.3,6.6,2.2,2.7,3.0,2.0,2.7,3.7,2.2,2.8,2.8,5.5,2.0,3.9,44.4,0.00268,0.172,19.8,0.0,0.0,34.2
33.6,37.0,30.2,42.6,42.8,42.4,36.9,36.0,37.8,39.6,45.2,34.0,0.269,3.46,0.093,3.29,2.71,3.44,0.0699,2.41,1.86,0.037,0.84,0.269,37.8,26.0,80,24,200,2.5,6.9,2.6,3.3,2.8,2.1,2.9,3.0,2.3,2.7,2.4,4.9,2.3,4.1,44.8,0.00369,0.186,7.48,0.0,0.0,13.3
30.5,27.0,34.0,45.2,47.4,43.0,33.3,32.8,33.8,40.9,43.8,38.0,0.252,3.49,0.0875,3.36,2.66,3.43,0.0665,2.42,1.85,0.0359,0.841,0.266,37.8,26.0,96,25,200,1.7,5.8,2.6,3.4,2.7,2.6,3.6,2.6,2.3,2.8,2.3,6.0,2.2,3.3,43.9,0.00374,0.181,6.28,0.0,0.0,13.2
32.3,29.8,34.8,46.8,46.2,47.4,37.0,37.6,36.4,40.4,38.6,42.2,0.252,3.46,0.09,3.34,2.68,3.44,0.0683,2.42,1.87,0.036,0.84,0.273,37.5,26.0,83,23,200,1.6,6.0,2.0,2.9,2.2,3.3,3.1,2.3,3.4,2.5,2.7,5.2,1.3,3.4,41.9,0.00407,0.183,8.48,0.0,0.0,15.0
35.2,35.4,35.0,48.3,47.6,49.0,34.4,34.4,34.4,38.1,37.6,38.6,0.26,3.49,0.0918,3.32,2.73,3.43,0.0686,2.45,1.87,0.0377,0.838,0.275,37.3,26.0,87,24,200,2.5,4.3,2.7,3.0,3.0,3.5,2.5,2.3,3.8,2.1,2.7,5.4,1.6,4.1,43.5,0.00344,0.18,7.97,0.0,0.0,14.5
33.8,31.4,36.2,44.7,50.0,39.4,37.5,36.0,39.0,39.1,33.5,44.7,0.258,3.53,0.0903,3.3,2.74,3.38,0.0676,2.4,1.85,0.0359,0.841,0.273,37.2,26.0,86,25,200,2.5,4.6,3.2,2.3,4.0,3.2,2.6,2.7,2.9,2.5,2.8,6.4,2.1,4.7,46.5,0.00491,0.179,10.6,0.0,0.0,13.8
35.4,33.4,37.4,44.5,47.4,41.6,34.0,32.6,35.4,39.3,45.7,32.9,0.264,3.55,0.0949,3.34,2.73,3.51,0.0716,2.44,1.86,0.0367,0.84,0.269,37.1,26.0,89,25,200,2.2,6.2,2.5,2.3,2.8,2.6,2.5,3.3,2.8,2.7,3.3,5.3,1.9,4.8,45.2,0.00401,0.173,9.42,0.0,0.0,13.5
33.6,33.6,33.6,45.8,44.2,47.4,33.3,35.8,30.8,39.1,45.8,32.4,0.265,3.46,0.0922,3.33,2.72,3.51,0.0721,2.39,1.86,0.0375,0.842,0.27,37.0,26.0,89,24,200,2.3,4.7,2.0,3.3,2.1,2.7,2.5,3.0,2.5,2.4,3.2,5.0,2.1,4.2,42.0,0.0031,0.187,8.1,0.0,0.0,13.2
36.7,35.6,37.8,43.8,45.4,42.2,35.5,37.4,33.6,40.3,34.0,46.6,0.287,3.49,0.0965,3.33,2.74,3.62,0.076,2.46,1.89,0.0368,0.841,0.277,36.9,26.0,86,24,200,2.1,5.3,3.1,2.8,2.3,2.7,2.7,2.5,2.4,2.3,2.7,5.1,2.1,3.2,41.3,0.00365,0.177,6.73,0.0,0.0,13.4
36.9,38.0,35.8,48.9,43.0,54.8,34.8,33.8,35.8,39.8,40.3,39.3,0.28,3.46,0.0994,3.32,2.72,3.7,0.0761,2.45,1.88,0.0361,0.16,0.272,36.9,26.0,86,25,200,2.1,6.4,3.4,2.3,2.2,2.7,2.9,2.7,2.6,3.3,1.9,5.0,2.3,3.4,43.2,0.00437,0.183,7.57,0.0,0.0,14.9
34.9,39.6,30.2,45.5,48.2,42.8,34.5,35.4,33.6,35.5,39.5,31.5,0.305,3.59,0.105,3.41,2.9,3.82,0.0819,2.51,1.95,0.0361,0.164,0.292,36.7,26.0,86,26,200,2.0,5.6,2.6,3.1,3.6,3.1,2.9,2.5,2.6,2.9,2.2,6.1,2.4,4.0,45.6,0.0037,0.182,8.36,0.0,0.0,13.4
34.1,34.6,33.6,44.5,47.0,42.0,36.0,34.6,37.4,41.1,44.6,37.6,0.32,3.77,0.108,3.58,3.04,4.0,0.0849,2.65,2.04,0.0369,0.17,0.303,36.6,26.0,83,26,200,1.8,5.3,3.0,2.7,3.7,2.6,2.7,2.7,3.3,2.2,2.5,6.1,2.2,3.6,44.4,0.00373,0.185,8.41,0.0,0.0,14.2
34.8,31.8,37.8,39.1,39.8,38.4,36.5,34.6,38.4,38.8,37.6,40.0,0.343,3.93,0.116,3.79,3.26,4.2,0.0914,2.79,2.16,0.037,0.178,0.322,36.6,26.0,85,26,200,1.8,5.7,2.8,1.8,2.1,2.6,3.0,2.5,2.9,2.9,1.8,5.5,2.1,3.7,41.2,0.00434,0.177,7.67,0.0,0.0,13.3
39.3,40.2,38.4,51.2,51.0,51.4,47.8,49.0,46.6,44.2,54.8,33.6,0.307,2.98,0.102,3.35,2.86,3.73,0.0825,2.5,1.95,0.0382,0.164,0.282,61.8,47.0,160,55,200,45.3,8.25,3.75,5.5,3.25,3.0,2.75,1.75,3.0,5.25,5.25,7.0,3.0,4.5,102.0,0.00338,0.182,0.0,0.0,0.0,0.0
35.5,31.8,39.2,52.2,49.8,54.6,36.6,40.6,32.6,43.5,50.6,36.4,0.299,3.58,0.105,3.35,2.8,3.76,0.0811,2.51,1.93,0.0373,0.161,0.28,54.1,39.0,150,46,200,24.1,5.78,3.56,3.89,2.67,2.22,2.22,1.89,2.11,3.78,3.44,6.11,2.0,4.33,68.1,0.00464,0.189,0.0,0.0,0.0,0.0
35.1,35.2,35.0,52.5,52.2,52.8,33.6,36.6,30.6,43.5,45.4,41.6,0.309,3.59,0.103,3.27,2.79,3.8,0.0815,2.51,1.93,0.0374,0.16,0.271,51.7,35.0,87,28,200,4.6,4.9,3.0,2.5,2.2,2.5,2.2,2.8,2.1,2.3,2.6,5.7,2.0,5.0,44.4,0.00397,0.181,0.0,0.0,0.0,20.7
32.1,30.6,33.6,49.7,48.0,51.4,35.1,34.0,36.2,42.8,42.8,42.8,0.3,3.57,0.103,3.31,2.83,3.81,0.0812,2.46,1.95,0.0363,0.162,0.274,49.7,34.0,100,29,200,1.7,5.4,3.2,2.5,1.8,3.4,2.6,3.2,2.9,2.1,2.4,5.9,2.1,5.5,44.7,0.00468,0.198,0.0,0.0,0.0,28.1
35.6,37.8,33.4,52.8,56.2,49.4,35.2,31.8,38.6,45.2,36.6,53.8,0.292,3.56,0.102,3.33,2.79,3.76,0.0804,2.49,1.99,0.0372,0.161,0.271,48.3,34.0,93,31,200,1.9,5.4,3.3,2.4,1.9,3.5,2.3,2.9,3.1,2.5,1.9,5.6,1.4,4.5,42.6,0.00349,0.182,20.3,0.0,0.0,34.5
33.0,35.4,30.6,50.9,53.0,48.8,34.1,37.0,31.2,42.9,44.9,40.9,0.291,3.53,0.103,3.32,2.86,3.8,0.0817,2.48,1.99,0.0372,0.158,0.274,47.2,33.0,96,28,200,3.3,5.9,3.2,1.9,2.6,3.2,2.1,2.9,2.6,2.1,2.2,4.9,1.5,3.7,42.1,0.00416,0.192,24.1,0.0,0.0,19.0
36.1,34.0,38.2,52.5,55.0,50.0,34.9,32.6,37.2,45.4,43.5,47.3,0.312,3.55,0.109,3.28,2.83,3.85,0.0853,2.51,2.01,0.0372,0.16,0.275,45.6,31.0,93,26,200,3.0,5.6,3.0,2.9,2.5,3.0,3.3,2.5,2.3,1.9,2.1,5.2,1.9,2.9,42.1,0.00289,0.192,29.4,0.0,0.0,17.9
33.9,31.2,36.6,53.5,56.2,50.8,34.4,35.2,33.6,45.3,53.6,37.0,0.297,3.47,0.108,3.3,2.79,3.82,0.0809,2.55,2.06,0.0363,0.161,0.27,44.5,30.0,82,26,200,2.4,5.8,2.4,3.0,1.7,2.7,3.2,2.4,2.9,1.9,2.6,6.1,2.4,3.7,43.2,0.00355,0.204,13.2,0.0,0.0,17.6
31.3,34.0,28.6,53.6,53.6,53.6,34.7,37.4,32.0,42.1,45.2,39.0,0.3,3.44,0.103,3.33,2.78,3.85,0.0826,2.56,2.03,0.0382,0.157,0.269,43.7,30.0,94,25,200,2.2,5.9,2.4,1.8,2.3,2.5,1.7,3.2,3.6,2.1,3.4,5.8,2.1,3.9,42.9,0.00352,0.187,12.4,0.0,0.0,18.8
33.5,32.6,34.4,51.1,48.8,53.4,37.4,35.8,39.0,45.5,46.0,45.0,0.304,3.47,0.107,3.31,2.77,3.75,0.0845,2.58,2.1,0.0383,0.159,0.278,43.4,30.0,99,26,200,1.5,5.6,2.0,2.8,3.8,2.8,2.4,3.1,3.1,2.8,2.7,5.2,1.9,3.0,42.7,0.00415,0.204,11.1,0.0,0.0,19.1
32.8,31.4,34.2,51.9,52.8,51.0,35.5,35.2,35.8,42.6,42.0,43.2,0.311,3.5,0.106,3.34,2.71,3.75,0.0836,2.64,2.09,0.0365,0.156,0.277,43.2,30.0,99,29,200,2.1,6.1,1.9,3.0,3.9,3.2,2.9,2.9,2.4,3.0,1.7,5.7,2.4,3.3,44.5,0.0027,0.198,11.1,0.0,0.0,18.1
30.4,30.6,30.2,51.9,51.4,52.4,33.2,33.0,33.4,44.0,46.2,41.8,0.291,3.5,0.103,3.32,2.72,3.6,0.0801,2.59,2.08,0.0382,0.156,0.269,42.8,29.0,100,26,200,2.8,6.6,2.1,2.4,2.8,3.2,3.1,3.7,2.9,2.7,1.8,5.1,1.9,3.7,44.8,0.00407,0.202,11.2,0.0,0.0,18.2
33.5,34.6,32.4,55.7,56.8,54.6,36.2,38.2,34.2,42.5,36.1,48.8,0.291,3.54,0.0987,3.32,2.73,3.55,0.0791,2.59,2.1,0.0373,0.157,0.274,42.3,29.0,88,25,200,2.3,6.8,2.4,2.6,2.1,2.2,3.2,3.0,2.8,2.3,2.9,4.9,1.4,3.5,42.4,0.00333,0.201,12.3,0.0,0.0,17.5
31.0,32.6,29.4,53.3,54.6,52.0,33.7,30.6,36.8,44.9,53.8,36.0,0.285,3.47,0.0991,3.33,2.64,3.52,0.0786,2.62,2.11,0.0374,0.157,0.27,42.1,29.0,82,27,200,1.6,6.2,3.3,2.5,2.6,2.2,2.6,2.1,2.6,2.4,3.0,6.3,1.9,3.2,42.5,0.0035,0.21,12.4,0.0,0.0,18.8
35.3,37.0,33.6,50.8,52.4,49.2,37.1,35.6,38.6,45.2,39.0,51.4,0.294,3.5,0.1,3.35,2.67,3.53,0.0793,2.63,2.14,0.0374,0.157,0.279,42.0,29.0,90,32,200,2.1,5.5,3.7,2.5,2.7,2.3,2.3,2.5,2.9,3.5,2.7,6.0,2.2,3.3,44.2,0.00288,0.187,14.8,0.0,0.0,18.4
31.3,30.4,32.2,53.9,53.4,54.4,36.3,33.0,39.6,44.2,51.8,36.6,0.271,3.51,0.0942,3.35,2.62,3.52,0.0756,2.62,2.14,0.0363,0.154,0.269,41.6,29.0,90,29,200,2.3,5.5,2.6,2.7,2.5,2.1,2.2,2.3,2.7,4.5,2.5,5.2,2.0,4.2,43.3,0.0042,0.199,13.2,0.0,0.0,19.8
32.5,34.2,30.8,52.5,51.0,54.0,35.3,37.0,33.6,45.5,41.0,50.0,0.279,3.52,0.0958,3.39,2.72,3.6,0.0771,2.67,2.19,0.0385,0.158,0.28,41.3,29.0,84,25,200,2.0,4.9,1.9,3.2,3.2,2.6,2.3,2.1,2.3,3.9,2.4,6.2,1.9,4.3,43.2,0.00283,0.194,13.9,0.0,0.0,19.6
34.1,31.6,36.6,52.2,50.4,54.0,35.8,35.8,35.8,42.0,47.8,36.2,0.298,3.71,0.104,3.61,2.89,3.8,0.0815,2.81,2.35,0.0374,0.165,0.298,41.3,29.0,99,27,200,1.8,5.8,2.2,3.0,4.0,2.9,2.1,2.0,2.5,3.2,2.5,6.0,1.7,4.6,44.3,0.00285,0.192,11.9,0.0,0.0,18.4
33.8,35.0,32.6,48.0,45.2,50.8,35.7,37.4,34.0,45.6,48.0,43.2,0.324,3.92,0.109,3.82,3.04,3.98,0.0876,3.0,2.44,0.0382,0.171,0.317,41.3,29.0,98,28,200,1.9,5.7,3.0,3.0,3.0,2.8,2.2,2.6,2.6,3.1,2.2,6.3,2.4,4.5,45.3,0.00277,0.19,11.9,0.0,0.0,17.7
50.4,49.2,51.6,52.8,58.2,47.4,68.0,70.0,66.0,48.9,53.7,44.1,0.283,3.49,0.0999,3.41,2.64,3.6,0.0776,2.52,2.16,0.0376,0.766,0.274,66.0,54.0,140,52,200,42.7,5.0,3.33,4.0,3.67,2.67,4.0,3.33,1.67,3.33,2.0,6.67,1.67,6.0,90.0,0.00414,0.183,0.0,0.0,0.0,0.0
31.8,27.6,36.0,56.7,59.4,54.0,34.3,37.0,31.6,49.3,49.5,49.1,0.286,3.45,0.0993,3.39,2.71,3.64,0.0781,2.65,2.15,0.0374,0.772,0.279,56.2,41.0,120,40,200,27.0,6.63,3.88,3.13,3.88,2.38,2.88,2.5,1.63,2.38,3.0,5.88,2.25,5.13,72.5,0.00486,0.205,0.0,0.0,0.0,0.0
33.1,34.6,31.6,55.0,54.4,55.6,34.0,33.8,34.2,48.2,39.0,57.4,0.291,3.45,0.101,3.35,2.66,3.61,0.0776,2.69,2.14,0.0386,0.777,0.277,52.7,39.0,98,26,200,10.1,7.0,2.5,3.1,3.2,2.6,3.3,2.5,2.1,1.6,2.9,5.8,2.4,4.4,53.5,0.00383,0.186,0.0,0.0,0.0,0.0
33.5,34.8,32.2,53.6,53.4,53.8,35.9,37.2,34.6,48.6,39.2,58.0,0.275,3.46,0.095,3.43,2.69,3.54,0.0744,2.63,2.13,0.0376,0.777,0.272,51.0,37.0,110,28,200,2.8,5.4,1.9,2.5,2.7,3.7,3.5,2.6,3.1,1.7,2.1,5.7,1.8,4.2,43.7,0.00459,0.195,22.0,0.0,0.0,31.8
32.5,31.2,33.8,59.1,61.6,56.6,34.3,35.0,33.6,48.0,45.4,50.6,0.286,3.49,0.0954,3.39,2.66,3.59,0.0776,2.62,2.1,0.0377,0.776,0.269,49.2,35.0,110,28,200,2.4,4.0,3.4,1.8,3.6,4.0,2.6,2.6,3.1,2.7,2.2,4.9,1.5,3.4,42.2,0.00351,0.189,27.1,0.0,0.0,41.2
30.1,29.2,31.0,57.5,59.4,55.6,34.5,34.0,35.0,50.2,47.6,52.8,0.281,3.47,0.0977,3.36,2.63,3.54,0.0763,2.61,2.14,0.0375,0.779,0.268,47.8,33.0,100,26,200,2.0,5.1,3.2,2.3,3.5,2.8,1.8,2.7,2.8,3.0,2.2,3.7,1.4,4.1,40.6,0.00355,0.212,32.4,0.0,0.0,47.7
33.7,35.0,32.4,56.5,57.6,55.4,35.2,37.4,33.0,48.9,55.6,42.2,0.262,3.45,0.0916,3.34,2.67,3.56,0.0721,2.58,2.04,0.0367,0.774,0.265,46.6,31.0,110,25,200,2.4,6.0,2.1,2.5,3.3,2.6,1.6,2.4,3.4,2.3,1.7,3.9,1.2,3.9,39.3,0.00283,0.202,17.0,0.0,0.0,24.7
32.2,35.0,29.4,59.7,59.8,59.6,37.2,37.2,37.2,47.9,53.0,42.8,0.271,3.45,0.0957,3.36,2.67,3.54,0.074,2.56,2.1,0.0375,0.777,0.266,45.9,31.0,110,27,200,2.3,6.0,2.2,3.1,3.3,2.7,2.1,2.6,2.9,3.2,2.1,5.9,2.0,3.0,43.4,0.00371,0.215,17.9,0.0,0.0,21.6
33.0,31.8,34.2,55.4,54.8,56.0,34.0,35.0,33.0,49.9,50.6,49.2,0.278,3.45,0.0996,3.41,2.65,3.58,0.0766,2.62,2.11,0.0367,0.777,0.272,45.7,31.0,93,26,200,2.0,5.8,3.4,3.3,2.7,2.4,2.0,2.7,2.5,3.8,2.8,6.6,2.7,3.5,46.2,0.00361,0.205,17.7,0.0,0.0,23.4
32.7,34.2,31.2,57.6,55.8,59.4,36.2,40.2,32.2,46.8,55.0,38.6,0.285,3.47,0.102,3.37,2.67,3.62,0.0776,2.64,2.11,0.0383,0.779,0.272,45.9,31.0,120,31,200,2.3,5.3,3.4,3.0,2.4,3.0,3.0,3.2,2.7,3.0,2.7,6.0,2.6,3.2,45.8,0.00294,0.218,15.3,0.0,0.0,21.3
36.4,38.0,34.8,52.5,52.4,52.6,35.5,37.8,33.2,49.9,49.0,50.8,0.286,3.53,0.1,3.42,2.71,3.67,0.0784,2.63,2.11,0.0383,0.779,0.274,45.2,31.0,120,28,200,2.6,5.6,2.5,2.4,2.6,3.9,3.2,2.9,2.1,2.3,3.0,5.8,2.7,3.1,44.7,0.00336,0.197,14.8,0.0,0.0,24.0
31.5,28.0,35.0,60.1,59.4,60.8,34.9,33.8,36.0,47.0,42.0,52.0,0.284,3.49,0.101,3.39,2.67,3.66,0.0784,2.59,2.12,0.0375,0.78,0.276,45.2,31.0,120,29,200,2.2,5.7,2.1,2.1,2.9,3.8,3.1,2.0,2.6,2.2,3.6,6.0,2.1,3.0,43.4,0.00419,0.2,16.8,0.0,0.0,20.3
35.8,33.2,38.4,54.5,55.4,53.6,36.4,36.8,36.0,49.3,49.6,49.0,0.306,3.52,0.105,3.43,2.69,3.66,0.0808,2.65,2.11,0.0376,0.779,0.282,44.8,31.0,100,30,200,1.4,6.8,2.2,2.4,2.5,2.4,3.1,1.9,3.3,2.2,3.6,5.7,2.0,4.2,43.7,0.00352,0.191,16.4,0.0,0.0,22.9
31.3,34.2,28.4,55.2,62.4,48.0,34.5,30.6,38.4,48.5,54.4,42.6,0.302,3.46,0.105,3.4,2.66,3.66,0.0811,2.62,2.11,0.0366,0.781,0.28,44.4,30.0,96,29,200,1.0,6.3,2.7,3.0,2.0,2.9,2.2,2.6,2.9,3.0,2.5,5.9,2.5,4.7,44.2,0.00356,0.197,16.0,0.0,0.0,20.2
32.3,29.6,35.0,54.4,57.6,51.2,34.2,35.6,32.8,50.2,54.8,45.6,0.293,3.51,0.101,3.34,2.66,3.62,0.0792,2.63,2.08,0.0383,0.779,0.274,43.9,30.0,88,26,200,1.2,5.0,3.2,2.8,2.0,3.6,2.1,2.6,2.0,3.3,1.8,5.9,2.0,4.1,41.6,0.00433,0.186,15.9,0.0,0.0,24.8
32.5,29.6,35.4,58.7,58.8,58.6,36.3,34.4,38.2,49.2,49.4,49.0,0.278,3.46,0.102,3.34,2.66,3.6,0.077,2.58,2.07,0.0366,0.779,0.275,43.4,30.0,83,25,200,1.9,5.6,3.3,2.3,2.2,2.6,2.4,2.0,2.3,2.2,2.9,5.1,1.6,4.5,40.9,0.00391,0.181,16.7,0.0,0.0,22.2
36.3,37.8,34.8,53.3,56.0,50.6,33.7,32.4,35.0,50.9,51.2,50.6,0.295,3.51,0.103,3.34,2.74,3.74,0.0813,2.63,2.11,0.0375,0.781,0.289,43.8,30.0,110,29,200,1.9,6.1,2.9,3.1,3.0,3.2,2.7,2.3,2.6,1.9,3.3,6.0,2.3,3.9,45.2,0.00309,0.18,16.8,0.0,0.0,23.3
32.1,31.2,33.0,55.1,57.2,53.0,35.2,37.8,32.6,47.7,51.6,43.8,0.306,3.65,0.107,3.56,2.88,3.92,0.0841,2.73,2.2,0.0374,0.785,0.302,43.5,30.0,130,31,200,1.4,6.4,2.8,2.9,3.4,3.5,2.8,2.5,2.6,2.5,3.5,6.9,2.3,3.8,47.3,0.004,0.183,16.5,0.0,0.0,20.2
33.5,36.2,30.8,55.6,53.4,57.8,33.4,34.6,32.2,49.2,44.2,54.2,0.315,3.85,0.108,3.72,3.02,4.1,0.0858,2.86,2.28,0.0374,0.791,0.316,43.5,30.0,100,30,200,1.3,7.1,2.5,2.0,3.0,2.7,2.5,3.3,2.5,2.8,2.9,5.1,1.3,4.6,43.6,0.00329,0.168,17.3,0.0,0.0,23.2
51.6,52.8,50.4,58.1,57.6,58.6,55.8,57.2,54.4,53.6,60.2,47.0,0.276,3.37,0.0991,2.96,2.71,3.58,0.0773,2.59,2.04,0.0373,0.161,0.279,51.2,40.0,130,38,200,36.5,6.0,3.5,3.5,2.0,2.5,3.0,2.0,3.5,2.5,2.5,5.0,1.0,2.5,76.0,0.00519,0.16,0.0,0.0,0.0,0.0
30.1,27.2,33.0,57.9,56.4,59.4,32.4,36.0,28.8,54.1,61.2,47.0,0.288,3.51,0.0986,3.34,2.72,3.5,0.079,2.58,2.09,0.0381,0.162,0.282,48.7,36.0,120,34,200,30.4,6.57,2.71,2.71,2.57,3.0,3.29,3.86,3.29,3.0,3.43,6.71,2.29,3.86,77.7,0.00519,0.185,0.0,0.0,0.0,0.0
33.6,36.8,30.4,59.2,62.0,56.4,33.5,35.8,31.2,53.5,47.2,59.8,0.295,3.48,0.102,3.29,2.76,3.51,0.0783,2.62,2.11,0.0372,0.164,0.282,46.7,33.0,95,24,200,15.5,6.6,2.5,2.4,3.2,2.5,2.8,4.1,2.6,2.3,3.0,6.2,2.3,3.4,59.4,0.00374,0.18,18.1,0.0,0.0,28.9
32.1,34.4,29.8,62.7,58.6,66.8,35.8,37.2,34.4,52.3,54.0,50.6,0.307,3.47,0.102,3.33,2.71,3.52,0.0804,2.63,2.11,0.0372,0.164,0.285,46.7,34.0,100,29,200,2.4,7.0,2.8,2.7,2.6,2.8,2.9,3.2,2.2,1.9,2.8,5.3,2.1,3.2,43.9,0.00472,0.192,23.7,0.0,0.0,38.0
34.2,32.6,35.8,57.6,63.2,52.0,34.3,32.2,36.4,53.9,60.2,47.6,0.291,3.49,0.1,3.28,2.76,3.57,0.0775,2.6,2.1,0.0382,0.163,0.283,46.7,34.0,100,37,200,1.9,6.2,2.6,2.7,2.1,3.2,3.2,2.5,2.4,2.4,3.2,5.8,2.3,3.9,44.4,0.00328,0.19,31.5,0.0,0.0,44.7
33.2,35.8,30.6,63.2,61.2,65.2,35.3,34.6,36.0,54.1,54.8,53.4,0.287,3.48,0.0983,3.27,2.77,3.54,0.0761,2.52,2.08,0.0383,0.164,0.284,46.0,34.0,99,34,200,2.8,6.0,2.2,3.0,2.9,2.2,2.6,2.1,2.6,2.1,2.9,5.5,1.8,4.0,42.7,0.00411,0.201,19.1,0.0,0.0,28.0
37.8,36.0,39.6,60.3,63.8,56.8,33.6,30.6,36.6,53.0,51.4,54.6,0.283,3.43,0.0981,3.22,2.77,3.56,0.0763,2.54,2.1,0.0364,0.163,0.282,46.6,34.0,130,33,200,2.5,6.7,2.3,3.5,3.3,2.6,2.8,3.0,2.1,1.9,3.0,6.5,1.8,3.2,45.2,0.00411,0.18,22.6,0.0,0.0,28.0
36.0,38.8,33.2,60.3,60.2,60.4,34.8,37.8,31.8,54.5,53.0,56.0,0.274,3.42,0.0974,3.22,2.79,3.59,0.0754,2.55,2.07,0.0364,0.161,0.278,46.2,34.0,130,33,200,1.9,5.2,2.5,2.5,2.9,2.8,2.9,3.8,2.2,2.7,2.7,6.3,1.8,3.2,43.4,0.004,0.2,21.3,0.0,0.0,29.8
37.5,40.4,34.6,59.1,59.2,59.0,34.4,32.0,36.8,54.6,53.6,55.6,0.267,3.4,0.101,3.21,2.85,3.66,0.0765,2.57,2.06,0.0381,0.16,0.277,45.8,34.0,110,32,200,2.1,5.3,2.6,2.3,2.4,3.2,2.1,3.1,2.2,3.2,2.6,4.9,1.8,3.9,41.7,0.00376,0.186,22.2,0.0,0.0,26.5
34.6,35.4,33.8,63.2,64.4,62.0,35.4,35.4,35.4,55.4,51.0,59.8,0.276,3.4,0.0993,3.11,2.81,3.68,0.078,2.53,2.09,0.0372,0.162,0.275,45.3,34.0,97,32,200,1.7,6.1,2.3,2.8,2.4,3.2,2.2,2.8,1.9,3.2,2.9,5.6,2.6,3.8,43.5,0.00476,0.19,21.2,0.0,0.0,26.8
39.1,39.2,39.0,62.7,61.6,63.8,38.4,39.0,37.8,53.5,59.4,47.6,0.273,3.45,0.101,3.21,2.91,3.77,0.0784,2.52,2.05,0.0372,0.161,0.276,45.5,34.0,100,32,200,2.0,4.5,2.6,2.7,2.1,2.0,2.8,2.6,2.2,3.4,2.6,5.5,2.5,4.3,41.8,0.00318,0.192,20.7,0.0,0.0,26.1
35.4,35.2,35.6,60.0,61.2,58.8,36.6,35.8,37.4,55.3,65.2,45.4,0.275,3.43,0.102,3.14,2.93,3.82,0.0804,2.51,2.05,0.0371,0.162,0.278,45.9,34.0,120,36,200,2.5,4.4,3.2,2.7,2.1,2.1,2.8,2.2,2.6,3.3,2.9,6.2,1.8,4.5,43.3,0.00473,0.205,21.8,0.0,0.0,25.1
35.9,36.6,35.2,62.1,63.2,61.0,36.2,37.4,35.0,54.0,51.4,56.6,0.289,3.46,0.101,3.2,2.93,3.89,0.0813,2.58,2.08,0.0369,0.161,0.281,45.6,33.0,120,32,200,2.1,4.5,3.6,2.2,2.5,2.8,3.3,2.2,3.4,3.3,2.9,7.5,2.1,3.7,46.1,0.00329,0.185,19.1,0.0,0.0,26.2
31.9,31.0,32.8,58.5,60.8,56.2,34.4,36.0,32.8,54.1,56.4,51.8,0.278,3.44,0.103,3.22,2.93,3.78,0.0801,2.54,2.09,0.0368,0.161,0.276,45.5,34.0,100,31,200,1.8,4.8,3.5,2.7,2.7,2.6,3.6,3.0,3.1,2.8,2.1,7.1,2.6,3.4,45.8,0.00255,0.197,21.7,0.0,0.0,28.2
34.1,37.2,31.0,60.3,60.0,60.6,35.6,36.2,35.0,53.4,52.8,54.0,0.29,3.5,0.104,3.16,2.95,3.82,0.0834,2.58,2.09,0.037,0.165,0.278,45.4,34.0,100,34,200,1.7,6.0,3.1,3.0,2.7,2.6,3.5,3.4,3.0,2.8,2.1,6.3,2.3,4.5,47.0,0.00407,0.194,18.7,0.0,0.0,29.6
33.1,31.6,34.6,62.2,60.6,63.8,36.7,37.8,35.6,52.9,45.4,60.4,0.298,3.43,0.106,3.23,2.98,3.86,0.0842,2.61,2.16,0.037,0.165,0.28,45.7,34.0,120,34,200,1.7,6.1,3.1,3.1,3.2,2.8,2.6,3.6,2.5,2.8,2.2,6.2,2.2,3.7,45.8,0.00496,0.197,22.6,0.0,0.0,28.2
34.0,37.4,30.6,58.0,58.8,57.2,34.6,33.4,35.8,53.5,52.4,54.6,0.297,3.49,0.107,3.17,3.01,3.9,0.0836,2.6,2.13,0.0369,0.166,0.284,45.5,33.0,120,31,200,1.3,7.3,3.0,3.5,3.6,2.2,2.2,4.1,2.8,2.0,1.6,6.0,2.2,3.0,44.8,0.0034,0.188,19.3,0.0,0.0,26.1
30.6,33.6,27.6,61.8,60.6,63.0,34.0,34.4,33.6,55.5,58.0,53.0,0.314,3.6,0.111,3.34,3.13,4.06,0.0883,2.74,2.23,0.0367,0.17,0.3,45.2,33.0,100,29,200,0.9,7.0,2.6,3.2,2.7,3.0,2.4,3.1,3.1,2.1,2.2,5.0,1.9,4.5,43.7,0.00473,0.198,22.7,0.0,0.0,25.7
34.2,35.2,33.2,61.4,62.4,60.4,33.8,34.8,32.8,53.3,51.8,54.8,0.33,3.77,0.114,3.53,3.29,4.28,0.0887,2.89,2.39,0.0367,0.176,0.318,45.0,33.0,100,30,200,1.5,5.7,2.7,2.9,2.5,3.0,2.0,2.6,2.5,2.6,3.5,4.8,1.7,4.8,42.8,0.00473,0.187,21.3,0.0,0.0,27.8
33.8,30.8,36.8,38.4,44.4,32.4,36.2,34.2,38.2,43.6,47.6,39.6,0.343,4.02,0.119,3.69,3.47,4.5,0.0971,3.07,2.49,0.0376,0.184,0.334,44.8,32.0,95,30,200,1.5,6.6,3.2,2.3,3.6,1.9,2.4,2.5,2.7,2.1,3.2,5.7,2.1,3.6,43.4,0.00361,0.202,22.2,0.0,0.0,27.5
35.7,34.4,37.0,48.4,47.6,49.2,38.7,38.4,39.0,34.9,39.5,30.4,0.31,3.74,0.109,3.41,3.08,4.23,0.0876,2.74,2.27,0.0372,0.17,0.296,68.4,53.0,170,51,300,53.8,10.7,3.5,4.83,6.5,4.33,4.67,4.5,4.83,4.83,5.17,10.0,3.33,6.5,128.0,0.00353,0.185,0.0,0.0,0.0,0.0
36.6,35.4,37.8,47.4,48.8,46.0,38.3,38.4,38.2,35.9,36.3,35.5,0.312,3.86,0.108,3.45,3.12,4.31,0.0878,2.83,2.34,0.0371,0.172,0.297,60.4,45.0,140,27,300,30.5,10.4,2.9,4.6,5.9,3.7,4.6,4.9,5.6,4.5,5.3,9.5,2.7,6.6,102.0,0.00353,0.181,3.94,0.0,0.0,0.0
39.1,38.6,39.6,48.1,49.0,47.2,41.7,42.8,40.6,31.7,26.6,36.8,0.317,3.96,0.109,3.61,3.2,4.38,0.0891,2.84,2.39,0.0372,0.175,0.311,55.9,41.0,92,28,300,2.6,9.0,2.5,4.5,4.6,2.6,4.3,3.8,5.8,3.5,4.6,7.6,2.0,5.7,63.1,0.00349,0.195,5.46,0.0,0.0,0.0
36.2,33.0,39.4,47.9,49.0,46.8,39.1,36.6,41.6,34.0,35.0,33.0,0.321,3.98,0.109,3.66,3.21,4.37,0.0864,2.92,2.47,0.038,0.175,0.319,52.6,38.0,87,28,300,2.3,9.4,3.6,5.1,4.1,3.2,5.2,2.4,5.2,3.9,4.2,7.9,2.6,6.5,65.6,0.0034,0.182,6.84,0.0,0.0,15.7
38.3,38.8,37.8,50.9,51.8,50.0,39.8,36.4,43.2,35.6,30.2,41.0,0.323,4.02,0.106,3.73,3.26,4.43,0.088,2.95,2.53,0.0374,0.18,0.319,50.0,36.0,80,27,300,2.7,9.6,4.5,4.0,4.3,3.6,4.0,2.1,4.1,4.2,4.0,7.5,2.2,6.7,63.5,0.0034,0.213,4.45,0.0,0.0,18.2
38.5,39.4,37.6,45.3,43.8,46.8,41.1,40.0,42.2,34.1,42.5,25.8,0.322,4.11,0.107,3.88,3.35,4.51,0.0882,3.07,2.58,0.0373,0.182,0.329,48.3,35.0,83,28,300,3.0,8.9,4.7,4.1,4.2,3.7,3.4,3.4,4.1,4.7,3.8,8.6,2.6,6.2,65.4,0.00299,0.201,2.93,0.0,0.0,21.7
37.3,38.2,36.4,51.6,50.0,53.2,39.1,40.4,37.8,34.2,29.8,38.5,0.323,4.22,0.105,3.92,3.3,4.42,0.0912,3.16,2.61,0.0382,0.181,0.333,46.6,33.0,79,27,300,3.5,7.5,4.8,3.9,3.5,3.8,4.8,4.5,4.0,4.7,3.7,9.4,3.2,5.6,66.9,0.00373,0.21,4.24,0.0,0.0,8.77
37.4,36.4,38.4,45.5,50.8,40.2,43.4,44.8,42.0,34.4,30.6,38.2,0.331,4.3,0.108,4.03,3.35,4.61,0.0928,3.24,2.69,0.0367,0.186,0.341,45.5,32.0,80,25,300,4.1,7.8,4.6,3.9,4.4,3.3,4.5,5.1,4.5,3.8,3.8,8.3,2.6,4.4,65.1,0.00301,0.193,4.14,0.0,0.0,9.03
36.8,37.2,36.4,50.1,48.2,52.0,56.1,57.8,54.4,34.2,34.6,33.8,0.321,4.38,0.107,4.08,3.45,4.55,0.0916,3.21,2.79,0.0377,0.886,0.34,45.2,32.0,93,28,300,3.7,8.8,4.4,4.9,5.3,2.9,3.6,4.8,3.9,3.8,3.9,9.3,2.1,4.8,66.2,0.003,0.215,4.14,0.0,0.0,8.65
39.6,39.8,39.4,46.9,48.6,45.2,40.0,40.6,39.4,35.5,37.2,33.8,0.333,4.44,0.109,4.11,3.49,4.69,0.0941,3.32,2.8,0.0385,0.885,0.345,44.3,31.0,88,28,300,3.0,8.6,4.7,4.3,5.0,3.5,3.7,4.4,2.7,4.7,4.1,9.6,2.5,5.2,66.0,0.00242,0.198,2.8,0.0,0.0,9.73
37.0,37.2,36.8,49.1,46.8,51.4,40.9,41.4,40.4,35.2,35.6,34.8,0.334,4.5,0.108,4.25,3.6,4.79,0.0914,3.39,2.89,0.0376,0.888,0.356,43.4,31.0,82,26,300,2.5,9.0,4.0,3.2,4.7,4.2,5.1,4.9,3.3,4.6,4.3,8.6,3.3,5.9,67.6,0.00187,0.208,2.77,0.0,0.0,9.69
40.7,42.6,38.8,45.2,45.4,45.0,41.1,41.4,40.8,34.7,37.8,31.6,0.341,4.66,0.113,4.3,3.65,4.85,0.0971,3.44,2.94,0.0386,0.891,0.366,42.7,31.0,79,25,300,2.8,9.3,3.7,3.8,3.7,4.0,4.9,3.9,4.2,4.3,3.5,7.9,2.5,6.8,65.3,0.00246,0.196,5.42,0.0,0.0,8.5
34.9,37.6,32.2,47.9,49.2,46.6,39.4,36.0,42.8,33.8,35.4,32.2,0.345,4.67,0.111,4.45,3.69,4.95,0.0969,3.48,2.94,0.0378,0.89,0.367,42.2,30.0,81,25,300,2.6,8.8,4.0,4.5,3.3,4.9,3.7,3.7,4.1,5.1,3.5,8.7,2.8,6.0,65.7,0.00309,0.209,4.08,0.0,0.0,8.66
39.0,41.2,36.8,42.5,43.8,41.2,40.6,39.6,41.6,34.6,31.0,38.2,0.352,4.81,0.114,4.51,3.81,5.04,0.0979,3.52,3.03,0.0371,0.893,0.373,42.0,30.0,90,27,300,2.8,8.6,3.3,3.5,2.9,4.9,3.7,4.7,4.4,5.2,3.2,8.7,3.1,6.2,65.2,0.00308,0.191,5.52,0.0,0.0,8.95
36.6,37.2,36.0,47.1,45.6,48.6,42.4,43.2,41.6,36.8,35.2,38.4,0.355,4.94,0.114,4.58,3.84,5.15,0.101,3.59,3.0,0.0381,0.896,0.382,41.5,30.0,84,27,300,4.0,8.3,3.1,4.2,2.6,4.5,3.5,5.2,4.6,4.9,3.2,8.4,2.8,6.4,65.7,0.00381,0.2,2.87,0.0,0.0,10.4
42.6,43.2,42.0,46.4,49.4,43.4,38.9,38.8,39.0,33.2,33.2,33.2,0.368,4.92,0.116,4.7,3.89,5.24,0.1,3.64,3.06,0.0381,0.898,0.383,41.3,30.0,85,28,300,3.0,8.7,3.9,4.9,3.8,5.1,3.7,5.4,3.7,5.3,4.3,9.7,3.2,4.9,69.6,0.00435,0.187,4.79,0.0,0.0,9.15
43.1,43.4,42.8,44.6,45.2,44.0,40.4,41.2,39.6,33.6,29.8,37.4,0.376,5.14,0.123,4.89,4.12,5.6,0.106,3.77,3.16,0.0371,0.904,0.404,41.0,30.0,91,28,300,2.3,9.9,4.1,4.3,4.2,4.2,3.7,4.1,3.4,4.9,4.4,8.0,2.6,4.0,64.1,0.00359,0.201,3.33,0.0,0.0,9.65
42.8,41.0,44.6,46.1,43.6,48.6,41.1,40.4,41.8,34.6,32.0,37.2,0.395,5.46,0.128,5.16,4.36,6.01,0.112,3.98,3.32,0.0379,0.912,0.417,40.9,30.0,94,28,300,2.5,8.6,4.2,5.2,4.0,4.3,4.7,3.8,3.8,4.3,3.6,7.0,2.2,5.5,63.7,0.00237,0.187,4.63,0.0,0.0,8.62
40.1,43.0,37.2,38.5,41.8,35.2,38.6,40.4,36.8,35.2,39.0,31.4,0.425,5.76,0.134,5.36,4.6,6.31,0.117,4.21,3.48,0.0381,0.922,0.437,40.7,29.0,92,27,300,2.4,6.7,4.7,4.9,4.0,5.2,5.2,4.7,4.1,4.1,3.4,7.3,2.6,6.4,65.7,0.00333,0.194,3.84,0.0,0.0,9.01
35.8,35.2,36.4,53.3,51.0,55.6,43.4,44.2,42.6,39.3,46.6,32.0,0.377,4.12,0.123,4.6,4.03,5.53,0.106,3.59,2.97,0.0374,0.896,0.371,92.5,67.0,250,68,300,62.8,13.2,4.8,4.6,7.2,5.4,4.0,4.6,6.2,4.8,4.6,10.0,3.2,7.6,143.0,0.0029,0.185,0.0,0.0,0.0,0.0
38.6,38.6,38.6,53.7,53.6,53.8,38.1,37.2,39.0,38.4,35.4,41.4,0.381,4.98,0.123,4.6,4.04,5.44,0.104,3.63,3.0,0.0382,0.894,0.37,77.3,52.0,250,53,300,32.4,10.7,4.1,4.3,5.3,4.2,3.5,3.4,4.4,4.3,3.6,8.2,2.8,6.4,97.6,0.00287,0.181,0.0,0.0,0.0,0.0
37.5,39.4,35.6,54.7,58.0,51.4,40.3,41.0,39.6,41.4,44.2,38.6,0.378,4.96,0.124,4.56,3.99,5.43,0.104,3.6,3.0,0.0383,0.897,0.364,69.3,45.0,96,30,300,1.9,8.8,4.2,4.5,4.3,3.8,3.6,3.0,3.8,2.9,4.0,7.3,2.6,5.2,59.9,0.00274,0.195,8.26,0.0,0.0,0.0
37.9,37.0,38.8,54.0,55.4,52.6,39.7,38.8,40.6,38.8,31.4,46.2,0.385,4.93,0.126,4.51,4.09,5.51,0.101,3.61,3.04,0.0375,0.898,0.366,63.7,42.0,91,30,300,2.3,8.1,4.0,4.4,5.0,5.0,4.2,4.1,4.8,3.8,4.7,8.2,2.8,6.2,67.6,0.00271,0.195,10.6,0.0,0.0,0.0
37.6,39.6,35.6,53.5,53.2,53.8,40.1,36.6,43.6,38.5,40.2,36.8,0.395,4.92,0.128,4.54,4.05,5.42,0.102,3.6,3.01,0.0383,0.897,0.372,59.7,39.0,91,28,300,3.7,7.9,3.7,3.8,4.3,4.9,4.3,3.7,4.3,4.8,4.3,7.8,3.4,5.5,66.4,0.00342,0.195,13.3,0.0,0.0,27.1
35.9,35.4,36.4,53.2,52.6,53.8,37.2,37.0,37.4,40.6,37.4,43.8,0.402,4.83,0.129,4.51,4.08,5.5,0.104,3.65,2.98,0.0383,0.198,0.364,56.7,37.0,89,27,300,3.7,8.3,4.0,4.0,3.9,4.5,3.9,3.8,3.9,4.3,3.8,8.0,3.5,4.4,64.0,0.00342,0.192,7.74,0.0,0.0,30.9
37.3,37.0,37.6,50.8,51.4,50.2,39.2,39.8,38.6,41.1,38.8,43.4,0.394,4.85,0.127,4.6,4.09,5.45,0.104,3.62,3.02,0.0386,0.2,0.369,54.6,35.0,91,27,300,2.5,8.0,3.7,4.9,5.0,5.0,4.3,4.1,4.4,3.5,4.0,8.6,3.0,4.1,65.1,0.00409,0.206,8.12,0.0,0.0,36.2
38.1,39.0,37.2,50.7,50.0,51.4,39.2,36.6,41.8,38.8,33.2,44.4,0.406,4.81,0.131,4.51,4.0,5.38,0.106,3.66,3.04,0.0385,0.2,0.363,53.8,35.0,100,30,300,2.1,8.2,3.8,5.1,5.0,4.6,5.4,3.7,5.2,3.8,5.0,8.8,3.6,3.8,68.1,0.00422,0.188,7.98,0.0,0.0,13.3
38.4,39.4,37.4,52.2,51.8,52.6,38.3,39.2,37.4,39.7,41.6,37.8,0.399,4.76,0.126,4.4,4.02,5.42,0.102,3.62,3.02,0.0375,0.199,0.358,52.3,34.0,100,29,300,2.3,6.6,3.9,4.0,3.9,3.7,4.3,3.8,4.6,5.1,5.3,9.0,3.7,5.2,65.4,0.00411,0.194,7.51,0.0,0.0,14.4
39.0,40.6,37.4,52.8,53.0,52.6,38.7,36.6,40.8,37.9,37.8,38.0,0.403,4.78,0.13,4.37,4.02,5.42,0.105,3.65,3.03,0.0393,0.199,0.366,51.4,34.0,96,28,300,3.0,7.1,3.7,3.6,3.7,3.8,3.9,3.5,3.2,4.1,4.8,7.5,2.8,5.7,60.4,0.0033,0.183,8.53,0.0,0.0,13.6
37.6,35.8,39.4,50.2,49.8,50.6,40.0,39.8,40.2,40.7,37.8,43.6,0.398,4.74,0.127,4.42,4.05,5.45,0.104,3.63,3.03,0.0384,0.201,0.367,50.5,33.0,94,30,300,3.2,9.5,4.2,3.8,4.8,4.4,4.1,3.8,3.7,3.8,4.6,7.3,2.6,5.4,65.2,0.0033,0.195,8.76,0.0,0.0,13.7
37.5,39.8,35.2,54.2,55.6,52.8,39.3,37.4,41.2,39.4,36.4,42.4,0.388,4.69,0.126,4.34,4.06,5.37,0.104,3.65,3.09,0.0383,0.2,0.362,49.5,33.0,89,29,300,3.1,9.3,3.9,3.4,5.5,4.0,4.0,3.8,4.5,4.4,4.4,8.2,2.3,5.6,66.4,0.00334,0.183,9.23,0.0,0.0,13.0
36.1,35.6,36.6,51.7,52.4,51.0,39.1,38.4,39.8,38.8,46.0,31.6,0.375,4.75,0.123,4.34,4.09,5.35,0.0988,3.6,3.12,0.0383,0.197,0.361,48.7,32.0,85,26,300,2.8,7.6,3.5,4.1,4.3,2.7,4.9,4.4,4.0,4.1,3.7,8.3,1.7,7.0,63.1,0.00336,0.194,6.97,0.0,0.0,13.2
39.6,37.8,41.4,49.6,53.6,45.6,39.6,41.2,38.0,37.0,42.4,31.6,0.371,4.75,0.122,4.3,4.04,5.25,0.0977,3.66,3.07,0.0391,0.201,0.363,48.1,32.0,89,27,300,3.0,7.0,3.9,4.6,5.1,3.2,3.6,4.7,4.3,3.6,4.1,8.7,1.6,7.0,64.4,0.0027,0.185,6.8,0.0,0.0,13.9
38.7,39.4,38.0,51.5,49.0,54.0,39.8,39.2,40.4,39.9,34.0,45.8,0.385,4.69,0.123,4.31,4.05,5.12,0.0992,3.64,3.11,0.0392,0.199,0.374,47.6,32.0,90,29,300,3.1,9.2,3.3,4.5,5.3,3.7,2.6,3.6,3.6,3.7,4.3,7.9,2.4,5.7,62.9,0.00333,0.196,6.97,0.0,0.0,13.0
39.0,39.0,39.0,51.4,50.2,52.6,38.5,39.8,37.2,39.3,43.0,35.6,0.379,4.67,0.124,4.36,4.02,5.07,0.101,3.68,3.14,0.0381,0.196,0.371,46.9,32.0,84,28,300,2.3,9.8,3.9,4.3,3.6,3.3,2.9,4.0,3.0,5.0,4.3,6.6,3.5,5.4,61.9,0.00392,0.183,7.91,0.0,0.0,13.2
39.5,38.0,41.0,52.6,52.4,52.8,39.7,38.6,40.8,40.9,38.8,43.0,0.407,4.86,0.129,4.4,4.25,5.31,0.107,3.76,3.23,0.0378,0.205,0.391,46.6,32.0,87,30,300,2.1,7.3,4.9,4.6,4.1,3.4,3.9,4.9,3.4,4.9,4.2,7.5,3.7,6.6,65.5,0.00338,0.193,8.64,0.0,0.0,13.5
41.9,43.4,40.4,51.6,54.8,48.4,38.9,39.2,38.6,38.4,45.2,31.6,0.441,5.09,0.135,4.65,4.47,5.58,0.113,4.02,3.44,0.0379,0.213,0.415,46.4,32.0,94,31,300,2.1,6.4,4.1,4.6,5.7,3.6,3.8,4.5,3.3,4.1,4.5,8.8,3.3,6.8,65.6,0.0032,0.19,8.23,0.0,0.0,14.4
37.7,38.6,36.8,44.7,44.0,45.4,41.3,41.4,41.2,39.8,33.2,46.4,0.454,5.37,0.142,4.92,4.73,5.87,0.118,4.23,3.6,0.037,0.22,0.438,45.9,31.0,86,28,300,2.1,7.5,3.2,3.8,4.5,4.5,3.5,3.6,3.9,4.3,5.1,8.8,3.4,5.9,64.1,0.00401,0.2,8.68,0.0,0.0,12.8
49.0,46.8,51.2,54.9,58.0,51.8,56.3,57.0,55.6,42.4,39.7,45.1,0.409,4.78,0.128,4.39,4.13,5.38,0.106,3.69,3.1,0.0377,0.201,0.379,101.0,95.0,220,96,300,64.3,11.5,3.75,5.0,5.0,4.0,6.0,4.25,3.75,4.75,4.75,9.0,2.5,6.75,135.0,0.00399,0.188,0.0,0.0,0.0,0.0
41.2,39.8,42.6,55.0,53.8,56.2,40.8,44.8,36.8,43.8,39.7,47.9,0.392,4.75,0.127,4.44,4.17,5.44,0.105,3.58,3.05,0.0385,0.2,0.375,81.6,62.0,210,70,300,36.7,10.8,3.44,3.56,3.78,3.22,4.89,3.78,3.67,4.78,4.67,8.11,2.33,5.44,99.1,0.00354,0.186,0.0,0.0,0.0,0.0
41.4,43.6,39.2,56.9,57.6,56.2,40.8,43.2,38.4,45.5,41.6,49.4,0.39,4.81,0.128,4.44,4.1,5.52,0.105,3.62,3.08,0.0376,0.201,0.377,73.4,54.0,110,30,300,9.3,10.0,4.0,4.0,3.7,3.2,4.0,2.9,3.8,5.1,4.8,8.0,2.7,5.5,71.0,0.00373,0.189,12.1,0.0,0.0,0.0
40.8,37.8,43.8,56.2,59.6,52.8,41.2,44.2,38.2,42.4,35.8,49.0,0.389,4.83,0.128,4.4,4.15,5.59,0.103,3.61,3.04,0.0367,0.202,0.376,67.9,49.0,110,36,300,3.9,9.4,4.1,5.2,5.8,3.7,4.7,2.9,4.4,4.2,4.4,9.1,2.9,5.6,70.3,0.00307,0.186,16.7,0.0,0.0,28.1
43.2,43.4,43.0,58.8,60.0,57.6,41.7,42.0,41.4,44.7,45.0,44.4,0.385,4.85,0.133,4.4,4.22,5.7,0.11,3.6,3.03,0.0377,0.2,0.386,63.1,44.0,96,31,300,3.0,8.6,3.5,4.6,4.9,4.5,5.1,4.4,3.9,3.1,3.5,9.5,3.2,5.2,67.0,0.0035,0.209,20.9,0.0,0.0,34.2
37.5,39.6,35.4,55.5,57.0,54.0,40.4,42.2,38.6,45.7,46.0,45.4,0.397,4.86,0.133,4.53,4.22,5.64,0.11,3.63,3.03,0.0376,0.198,0.383,60.5,42.0,98,31,300,2.1,9.0,4.1,3.5,3.9,5.1,3.8,4.3,3.7,3.8,4.6,10.1,3.7,6.0,67.7,0.00312,0.191,12.7,0.0,0.0,39.2
37.4,36.6,38.2,58.9,58.6,59.2,38.9,40.2,37.6,45.8,42.0,49.6,0.392,4.86,0.132,4.58,4.23,5.67,0.109,3.68,3.14,0.0366,0.202,0.389,58.2,41.0,110,30,300,2.9,10.0,4.9,3.5,4.6,4.4,3.4,3.3,4.6,4.2,5.3,9.9,3.0,5.2,69.2,0.0033,0.199,11.1,0.0,0.0,18.1
40.7,43.0,38.4,54.8,55.4,54.2,40.1,41.2,39.0,45.5,38.2,52.8,0.399,4.86,0.133,4.53,4.18,5.66,0.11,3.67,3.07,0.0376,0.203,0.385,56.6,40.0,98,31,300,2.7,10.2,4.2,4.7,4.0,3.8,4.3,4.6,3.9,4.7,4.6,8.8,3.0,5.0,68.5,0.00304,0.205,11.8,0.0,0.0,18.1
37.4,34.2,40.6,56.0,55.6,56.4,41.0,39.2,42.8,45.4,46.6,44.2,0.419,4.88,0.136,4.64,4.15,5.71,0.113,3.63,3.08,0.0369,0.199,0.384,54.7,38.0,91,30,300,2.2,9.2,3.2,4.7,3.2,3.6,3.5,4.6,3.7,5.0,4.2,7.9,3.0,5.7,63.7,0.00382,0.209,11.1,0.0,0.0,18.9
37.9,35.8,40.0,56.3,56.4,56.2,40.8,38.4,43.2,44.4,45.4,43.4,0.428,4.85,0.14,4.57,4.12,5.63,0.116,3.67,3.07,0.0368,0.202,0.39,53.7,38.0,91,30,300,2.6,8.6,4.6,4.5,2.9,3.9,2.6,4.4,3.6,4.2,3.8,7.1,2.9,6.2,61.9,0.00322,0.183,12.4,0.0,0.0,17.9
36.9,36.2,37.6,57.9,58.8,57.0,41.3,39.2,43.4,43.3,43.2,43.4,0.433,4.86,0.139,4.66,4.17,5.73,0.115,3.64,3.16,0.0369,0.201,0.384,52.5,37.0,93,30,300,2.9,8.1,5.3,4.5,4.1,3.5,3.6,5.4,2.9,4.1,3.9,7.3,3.0,6.1,64.7,0.00349,0.198,11.5,0.0,0.0,18.1
38.4,37.2,39.6,53.2,55.2,51.2,40.3,42.2,38.4,43.9,37.0,50.8,0.412,4.88,0.133,4.62,4.1,5.74,0.114,3.73,3.14,0.0368,0.203,0.379,52.1,37.0,110,30,300,2.7,7.4,4.3,5.0,3.9,3.8,4.8,4.3,3.9,4.1,4.0,8.2,2.6,5.9,64.9,0.00272,0.193,12.7,0.0,0.0,19.7
37.6,38.2,37.0,56.3,56.6,56.0,42.4,42.8,42.0,45.6,50.0,41.2,0.416,4.85,0.135,4.64,4.14,5.69,0.113,3.64,3.07,0.0378,0.202,0.383,51.6,36.0,130,33,300,2.3,8.1,4.7,4.1,4.0,4.4,5.2,3.1,4.3,4.3,3.7,9.0,2.7,5.9,65.8,0.00219,0.198,11.3,0.0,0.0,19.1
40.3,38.6,42.0,51.4,49.8,53.0,41.4,39.2,43.6,43.9,50.0,37.8,0.404,4.89,0.134,4.7,4.06,5.67,0.112,3.68,3.09,0.037,0.198,0.387,51.0,36.0,100,31,300,3.1,8.9,5.1,3.3,5.5,3.8,4.4,3.5,3.5,4.3,3.9,8.8,2.8,6.8,67.7,0.00256,0.197,11.5,0.0,0.0,19.6
37.2,37.2,37.2,58.6,57.8,59.4,38.2,38.0,38.4,44.0,42.2,45.8,0.384,4.89,0.131,4.69,4.02,5.65,0.109,3.61,3.01,0.038,0.201,0.38,50.4,35.0,97,29,300,2.8,9.2,3.9,4.3,4.6,3.9,4.5,3.8,3.7,3.8,4.4,7.9,3.0,6.6,66.4,0.00292,0.216,11.8,0.0,0.0,16.6
36.5,38.0,35.0,58.2,57.0,59.4,40.9,39.4,42.4,44.5,50.2,38.8,0.397,4.89,0.127,4.69,4.01,5.7,0.107,3.61,3.04,0.0389,0.202,0.372,50.3,36.0,110,30,300,2.1,9.5,2.9,4.3,3.9,4.1,4.8,3.4,4.4,4.5,4.2,7.8,2.8,5.3,64.0,0.00301,0.208,12.6,0.0,0.0,16.9
38.5,36.4,40.6,57.4,56.8,58.0,55.5,52.2,58.8,46.1,54.0,38.2,0.404,4.93,0.134,4.81,4.1,5.72,0.112,3.63,3.11,0.0388,0.791,0.391,49.9,35.0,110,33,300,2.5,9.1,4.2,3.7,3.9,4.5,4.2,3.6,4.3,4.6,5.1,7.9,2.7,5.7,66.0,0.00359,0.212,12.4,0.0,0.0,16.5
37.7,37.4,38.0,55.2,57.8,52.6,38.0,37.4,38.6,42.2,41.4,43.0,0.427,5.19,0.14,5.01,4.3,6.02,0.117,3.91,3.31,0.039,0.82,0.412,49.6,35.0,110,30,300,2.5,7.4,4.7,3.9,4.1,5.0,4.1,4.4,3.7,3.8,5.5,8.7,3.4,5.4,66.6,0.00474,0.201,12.2,0.0,0.0,19.3
37.1,35.4,38.8,56.8,56.4,57.2,41.2,39.0,43.4,44.7,48.2,41.2,0.442,5.37,0.143,5.3,4.48,6.27,0.122,4.08,3.47,0.0382,0.831,0.433,49.2,35.0,110,29,300,2.3,6.9,3.3,4.2,5.1,4.4,3.5,3.2,3.4,3.6,5.1,8.8,2.9,5.4,62.1,0.00428,0.207,11.6,0.0,0.0,19.3
58.4,58.8,58.0,61.1,62.4,59.8,63.7,63.0,64.4,51.4,57.8,45.0,0.414,4.91,0.13,4.62,3.87,5.41,0.109,3.76,3.14,0.0387,0.814,0.384,119.0,110.0,250,110,300,52.7,8.33,3.67,4.0,2.0,3.33,2.67,4.0,2.67,2.67,4.0,6.67,3.0,7.0,107.0,0.00331,0.192,0.0,0.0,0.0,0.0
38.3,36.8,39.8,63.0,63.2,62.8,37.8,35.0,40.6,48.7,53.8,43.6,0.409,4.86,0.121,4.73,3.84,5.3,0.103,3.63,3.13,0.0385,0.81,0.373,98.0,80.0,240,81,300,40.0,7.88,4.13,4.38,4.38,3.88,4.0,4.38,3.63,3.5,5.13,9.13,3.75,6.63,105.0,0.00317,0.177,0.0,0.0,0.0,0.0
37.3,37.2,37.4,61.1,59.4,62.8,39.0,34.6,43.4,48.4,45.6,51.2,0.393,4.86,0.124,4.63,3.86,5.33,0.103,3.68,3.1,0.0377,0.812,0.373,86.1,66.0,120,33,300,18.1,8.0,4.3,4.4,4.3,3.7,4.6,3.8,5.0,3.8,5.8,9.7,3.3,6.4,85.2,0.00313,0.198,0.0,0.0,0.0,0.0
40.4,39.4,41.4,61.2,61.2,61.2,38.2,36.4,40.0,48.9,46.4,51.4,0.394,4.89,0.124,4.57,3.86,5.29,0.103,3.63,3.04,0.0378,0.811,0.367,78.1,56.0,120,36,300,4.4,7.7,4.2,4.2,3.4,3.2,4.1,4.2,4.8,3.5,5.1,8.2,2.7,5.7,65.4,0.00325,0.187,0.0,0.0,0.0,32.1
39.4,38.6,40.2,60.5,60.8,60.2,41.7,38.2,45.2,48.7,57.0,40.4,0.394,4.9,0.124,4.59,3.9,5.37,0.103,3.63,3.14,0.0377,0.809,0.371,73.0,51.0,130,34,300,3.7,7.9,4.1,4.7,4.5,3.3,4.0,4.9,4.4,4.3,3.8,8.9,2.8,5.0,66.3,0.00325,0.197,0.0,0.0,0.0,38.3
40.1,39.0,41.2,59.0,58.8,59.2,37.2,39.0,35.4,49.7,52.2,47.2,0.379,4.86,0.123,4.51,4.04,5.32,0.102,3.65,3.12,0.0377,0.815,0.373,69.2,48.0,120,34,300,2.8,8.9,3.8,4.8,4.6,3.2,5.0,4.0,4.4,4.1,3.8,9.6,2.6,5.7,67.3,0.00317,0.179,31.6,0.0,0.0,47.1
37.2,35.6,38.8,57.9,60.0,55.8,39.3,36.6,42.0,50.3,50.0,50.6,0.394,4.87,0.123,4.57,4.0,5.34,0.105,3.65,3.12,0.0376,0.815,0.37,66.5,47.0,110,36,300,2.9,8.6,4.3,4.5,4.0,3.5,5.0,4.1,4.7,3.3,3.9,8.7,3.1,6.1,66.7,0.00354,0.197,35.3,0.0,0.0,22.9
36.3,37.4,35.2,61.4,59.8,63.0,38.3,38.6,38.0,48.2,47.6,48.8,0.393,4.85,0.123,4.49,4.0,5.28,0.103,3.66,3.0,0.0375,0.811,0.375,64.5,45.0,120,34,300,2.8,8.6,4.3,5.2,3.0,4.1,3.9,4.4,4.8,3.4,3.7,7.6,3.0,5.3,64.1,0.00351,0.18,41.9,0.0,0.0,23.6
40.5,43.4,37.6,61.7,60.4,63.0,39.1,41.0,37.2,47.9,42.4,53.4,0.402,4.78,0.128,4.44,4.07,5.25,0.103,3.57,3.02,0.0375,0.812,0.379,62.6,43.0,120,33,300,3.2,8.6,4.1,5.3,3.4,3.9,3.7,4.2,4.6,4.6,3.9,7.9,2.5,4.2,64.1,0.00278,0.178,16.4,0.0,0.0,22.5
42.3,40.6,44.0,58.9,58.0,59.8,38.9,41.2,36.6,49.2,52.4,46.0,0.391,4.82,0.122,4.34,4.06,5.39,0.104,3.6,3.08,0.0375,0.813,0.372,61.1,42.0,110,35,300,2.5,8.5,4.6,4.9,4.6,4.2,3.7,3.3,4.7,4.6,4.7,8.1,2.5,4.5,65.4,0.00413,0.179,16.9,0.0,0.0,23.5
42.7,41.0,44.4,61.5,59.0,64.0,38.3,39.4,37.2,50.2,48.6,51.8,0.389,4.74,0.123,4.38,4.08,5.38,0.102,3.58,3.06,0.0374,0.815,0.368,59.7,41.0,100,35,300,2.3,8.2,3.9,4.4,4.5,4.1,4.1,3.7,4.6,4.0,4.1,7.0,2.6,5.8,63.3,0.00343,0.192,15.8,0.0,0.0,23.5
39.2,38.8,39.6,58.7,61.0,56.4,41.2,40.0,42.4,49.4,46.6,52.2,0.399,4.79,0.127,4.4,4.16,5.54,0.105,3.6,3.1,0.0373,0.812,0.371,58.8,41.0,110,34,300,2.3,8.2,3.6,4.4,3.8,3.7,4.6,4.2,4.5,4.7,3.2,7.4,2.1,6.4,63.1,0.00249,0.185,16.5,0.0,0.0,20.8
43.1,43.8,42.4,62.1,60.2,64.0,39.6,41.0,38.2,49.1,42.8,55.4,0.392,4.78,0.134,4.32,4.17,5.52,0.113,3.57,3.1,0.0374,0.813,0.384,58.1,40.0,120,36,300,2.5,8.1,3.5,5.2,3.8,3.5,4.8,3.8,3.8,3.7,3.9,8.6,2.6,6.2,64.0,0.00195,0.204,15.5,0.0,0.0,19.7
42.4,42.4,42.4,60.0,61.6,58.4,41.3,39.8,42.8,50.2,48.2,52.2,0.398,4.73,0.129,4.29,4.21,5.65,0.108,3.66,3.07,0.0372,0.228,0.377,57.2,40.0,120,36,300,2.6,7.3,3.4,4.8,3.8,4.1,5.3,4.3,3.2,3.8,4.5,9.2,3.9,5.8,66.0,0.00425,0.2,15.6,0.0,0.0,21.6
38.6,41.0,36.2,60.4,62.6,58.2,41.0,43.0,39.0,47.9,50.4,45.4,0.403,4.73,0.132,4.37,4.25,5.67,0.109,3.53,3.05,0.0371,0.206,0.38,56.7,40.0,130,35,300,2.4,8.1,4.4,4.4,2.8,3.8,5.3,4.6,3.7,4.7,4.4,8.6,3.8,5.6,66.6,0.00358,0.204,14.2,0.0,0.0,25.2
37.6,37.4,37.8,60.0,61.2,58.8,36.9,40.0,33.8,48.3,43.6,53.0,0.401,4.79,0.129,4.26,4.32,5.63,0.108,3.62,3.06,0.0371,0.199,0.378,56.1,40.0,130,36,300,3.1,8.7,4.7,3.9,3.4,2.4,4.5,4.7,4.3,4.3,3.5,7.0,2.5,5.7,62.7,0.0036,0.192,16.6,0.0,0.0,24.2
41.2,39.2,43.2,58.1,58.2,58.0,40.7,38.0,43.4,47.7,43.8,51.6,0.397,4.74,0.133,4.2,4.34,5.71,0.111,3.63,3.08,0.0382,0.203,0.382,55.6,39.0,100,36,300,3.1,8.5,4.0,3.8,3.8,3.8,3.8,4.8,4.2,4.6,3.9,7.3,1.7,4.9,62.2,0.0036,0.192,16.7,0.0,0.0,22.5
36.6,35.8,37.4,62.2,61.8,62.6,39.7,41.4,38.0,49.3,44.6,54.0,0.416,5.04,0.135,4.48,4.59,5.97,0.115,3.77,3.23,0.0371,0.211,0.402,55.0,39.0,100,33,300,2.9,9.2,3.5,4.2,3.6,4.5,4.1,4.0,3.9,4.8,4.5,8.8,2.8,5.1,65.9,0.00473,0.182,16.7,0.0,0.0,20.4
38.0,35.6,40.4,59.2,59.4,59.0,39.1,42.0,36.2,49.3,49.8,48.8,0.424,5.33,0.137,4.7,4.8,6.19,0.116,3.97,3.38,0.0379,0.217,0.426,54.5,39.0,99,33,300,2.9,9.1,2.9,4.1,4.3,3.6,3.5,2.9,4.0,4.4,4.2,7.5,2.3,7.0,62.7,0.00326,0.197,15.5,0.0,0.0,22.1
38.5,40.8,36.2,34.1,34.8,33.4,40.6,39.6,41.6,37.9,41.0,34.8,0.453,5.54,0.144,4.96,5.06,6.52,0.125,4.21,3.58,0.0378,0.228,0.442,53.9,39.0,98,36,300,3.1,8.4,3.5,4.0,4.5,3.9,3.8,3.2,5.0,3.8,3.1,7.4,2.0,6.3,62.0,0.00311,0.18,15.5,0.0,0.0,21.4
62.3,63.0,61.6,65.4,67.6,63.2,65.1,65.8,64.4,55.7,52.2,59.2,0.395,4.68,0.127,4.34,4.35,5.64,0.103,3.53,3.05,0.0371,0.206,0.374,86.9,73.0,200,73,300,38.0,4.0,4.0,2.0,3.5,2.0,3.0,5.0,3.5,1.5,4.0,5.0,1.0,2.5,79.0,0.00517,0.189,0.0,0.0,0.0,0.0
35.8,36.2,35.4,64.8,62.6,67.0,38.2,39.0,37.4,53.0,41.8,64.3,0.384,4.89,0.126,4.28,4.28,5.53,0.104,3.6,3.01,0.037,0.202,0.373,74.9,64.0,190,64,300,45.9,8.43,3.86,3.71,4.43,4.71,4.71,4.43,4.43,4.29,4.0,8.71,2.57,7.0,111.0,0.00339,0.183,0.0,0.0,0.0,0.0
41.0,40.6,41.4,61.3,63.2,59.4,38.8,36.4,41.2,53.1,42.8,63.3,0.403,4.93,0.129,4.32,4.22,5.6,0.109,3.66,3.05,0.0369,0.199,0.373,67.2,54.0,110,32,300,25.4,8.2,3.6,5.2,4.3,4.8,4.4,4.7,5.2,4.9,3.8,9.4,3.2,7.2,94.3,0.0035,0.202,0.0,0.0,0.0,0.0
37.6,35.6,39.6,65.9,64.0,67.8,39.5,40.6,38.4,56.0,52.2,59.8,0.382,4.86,0.127,4.31,4.25,5.62,0.103,3.6,3.03,0.0369,0.203,0.37,63.6,51.0,120,34,300,2.7,7.0,3.9,4.5,4.3,3.4,4.0,5.1,5.3,4.4,3.6,9.5,3.4,4.6,65.7,0.00333,0.178,22.1,0.0,0.0,35.9
40.1,40.6,39.6,64.4,63.4,65.4,38.9,40.4,37.4,54.9,56.6,53.2,0.386,4.92,0.13,4.34,4.25,5.67,0.108,3.58,3.12,0.037,0.204,0.38,60.7,48.0,120,35,300,3.1,8.3,4.5,3.4,5.1,3.2,4.2,3.8,3.5,4.3,4.6,9.4,2.9,4.8,65.1,0.00433,0.2,30.4,0.0,0.0,45.3
39.5,40.8,38.2,64.8,64.6,65.0,39.5,36.8,42.2,55.6,45.8,65.4,0.381,4.91,0.129,4.35,4.18,5.7,0.107,3.59,3.13,0.0379,0.205,0.37,58.8,47.0,110,34,300,2.6,9.2,4.4,4.2,5.3,3.3,4.0,3.1,4.1,4.0,4.7,8.7,2.7,5.4,65.7,0.00312,0.189,37.4,0.0,0.0,53.8
39.9,42.2,37.6,65.9,68.2,63.6,39.1,37.4,40.8,52.2,60.6,43.8,0.395,4.82,0.133,4.46,4.17,5.65,0.109,3.58,3.13,0.0368,0.204,0.377,57.3,44.0,120,32,300,2.7,7.7,5.7,4.2,4.9,3.7,4.3,4.5,5.0,4.4,3.5,9.1,3.0,5.0,67.7,0.00371,0.206,20.6,0.0,0.0,27.2
41.8,39.4,44.2,67.1,70.4,63.8,38.1,36.4,39.8,54.7,44.6,64.8,0.396,4.82,0.132,4.38,4.21,5.61,0.109,3.64,3.08,0.0369,0.203,0.381,57.3,44.0,130,37,300,2.9,7.3,5.3,4.0,3.6,4.5,3.6,4.1,4.0,3.9,4.2,9.0,3.3,5.2,64.9,0.00361,0.184,20.6,0.0,0.0,26.6
37.0,36.6,37.4,62.7,64.4,61.0,39.9,38.6,41.2,53.6,57.2,50.0,0.396,4.87,0.132,4.38,4.12,5.53,0.11,3.65,3.09,0.0377,0.204,0.376,56.5,43.0,130,39,300,3.1,9.4,4.0,4.0,3.4,4.4,3.5,4.2,4.2,3.8,4.3,8.3,3.2,4.3,64.1,0.00298,0.208,20.8,0.0,0.0,27.6
40.4,42.4,38.4,64.2,67.0,61.4,43.5,40.0,47.0,55.1,50.0,60.2,0.4,4.87,0.127,4.48,4.13,5.49,0.103,3.62,3.09,0.0357,0.203,0.377,55.7,42.0,130,35,300,2.4,8.5,4.7,3.9,4.3,3.8,4.2,4.6,4.6,3.9,2.7,8.4,3.0,3.8,62.8,0.00323,0.186,21.6,0.0,0.0,28.2
37.7,37.6,37.8,64.7,65.2,64.2,40.6,39.2,42.0,54.4,60.0,48.8,0.394,4.82,0.128,4.46,4.11,5.38,0.105,3.55,3.11,0.0365,0.203,0.38,55.0,41.0,120,33,300,1.9,7.9,4.9,3.8,3.6,4.4,4.7,3.4,4.9,3.3,3.6,9.1,3.1,6.0,64.6,0.0042,0.203,19.1,0.0,0.0,26.3
41.5,41.6,41.4,60.3,56.8,63.8,45.1,45.8,44.4,53.6,63.0,44.2,0.397,4.92,0.13,4.46,4.08,5.43,0.108,3.65,3.06,0.0367,0.205,0.378,54.9,41.0,150,35,300,2.2,8.7,4.7,3.8,3.3,4.2,4.0,3.3,5.7,3.5,4.2,9.9,3.8,7.2,68.5,0.00287,0.187,18.7,0.0,0.0,26.9
37.5,39.8,35.2,64.3,68.6,60.0,37.1,39.2,35.0,54.0,51.6,56.4,0.411,4.92,0.134,4.49,4.09,5.44,0.11,3.57,3.06,0.0367,0.208,0.389,54.4,40.0,160,35,300,2.9,8.4,4.1,4.2,4.3,3.8,3.6,3.8,5.1,4.2,3.7,9.1,3.6,5.7,66.5,0.00342,0.205,20.7,0.0,0.0,27.9
41.1,43.0,39.2,61.1,66.4,55.8,41.8,40.0,43.6,56.3,52.4,60.2,0.418,4.92,0.133,4.5,4.1,5.38,0.112,3.56,3.01,0.0357,0.206,0.39,54.4,40.0,150,34,300,3.1,7.8,4.4,4.7,4.5,3.8,4.8,4.2,3.4,4.9,4.3,9.3,3.1,4.7,67.0,0.00401,0.189,21.1,0.0,0.0,29.8
38.4,38.2,38.6,65.0,64.0,66.0,39.8,41.0,38.6,53.7,58.0,49.4,0.432,4.94,0.14,4.44,4.06,5.49,0.117,3.53,2.98,0.0366,0.207,0.391,54.1,40.0,130,35,300,2.8,8.8,4.5,4.8,3.6,3.7,4.6,3.5,3.4,4.9,4.8,10.4,4.2,5.2,69.2,0.00276,0.205,21.4,0.0,0.0,28.0
38.1,37.2,39.0,64.3,64.6,64.0,42.7,40.2,45.2,55.1,57.0,53.2,0.454,4.88,0.144,4.54,4.07,5.54,0.121,3.51,3.0,0.0357,0.21,0.389,54.0,40.0,140,36,300,2.8,8.0,4.4,4.4,4.3,4.9,4.4,2.8,3.9,4.8,4.5,10.1,3.9,5.0,68.2,0.00307,0.187,22.1,0.0,0.0,26.0
37.3,37.2,37.4,63.8,63.0,64.6,38.8,36.0,41.6,54.2,53.6,54.8,0.454,4.92,0.141,4.52,4.01,5.48,0.119,3.51,2.95,0.0358,0.208,0.395,53.8,40.0,140,35,300,2.6,6.7,4.3,4.7,4.7,4.7,4.5,4.3,3.6,4.9,3.8,9.4,3.3,4.6,66.1,0.00381,0.192,22.2,0.0,0.0,26.5
38.3,39.4,37.2,65.8,63.4,68.2,40.5,40.4,40.6,53.3,43.8,62.8,0.458,5.12,0.145,4.75,4.29,5.73,0.123,3.65,3.06,0.0367,0.214,0.408,53.2,39.0,110,34,300,2.6,7.6,4.0,3.6,4.0,4.6,4.3,5.2,3.6,4.1,4.1,7.6,2.8,5.3,63.4,0.00322,0.183,21.7,0.0,0.0,26.3
37.6,37.8,37.4,61.3,60.4,62.2,39.6,36.8,42.4,54.4,51.2,57.6,0.491,5.37,0.153,4.98,4.47,6.06,0.131,3.89,3.21,0.0375,0.223,0.435,52.9,39.0,110,32,300,2.4,8.2,4.0,3.1,4.3,4.4,4.8,4.7,4.3,4.0,4.2,7.6,3.2,6.0,65.2,0.00324,0.197,19.3,0.0,0.0,26.8
43.2,44.8,41.6,40.5,36.0,45.0,40.0,40.4,39.6,45.2,43.6,46.8,0.513,5.58,0.159,5.28,4.73,6.44,0.135,4.05,3.4,0.0366,0.231,0.454,52.6,39.0,110,35,300,2.5,8.3,4.5,3.0,3.8,3.6,4.6,4.0,4.4,4.7,4.1,8.3,3.1,5.5,64.4,0.00393,0.186,19.2,0.0,0.0,26.1
51.2,54.4,48.0,50.1,49.6,50.6,54.4,56.0,52.8,36.9,36.0,37.8,0.45,5.11,0.141,4.59,4.31,5.84,0.116,3.51,2.88,0.0364,0.856,0.395,89.6,67.0,250,66,400,82.4,16.2,5.4,6.0,7.2,6.8,6.6,7.2,8.8,6.0,8.2,15.2,4.4,8.0,188.0,0.00262,0.178,0.0,0.0,0.0,4.99
43.1,44.0,42.2,54.5,54.6,54.4,42.3,41.6,43.0,34.3,27.0,41.6,0.46,5.28,0.143,4.66,4.44,5.92,0.117,3.6,2.88,0.0356,0.855,0.411,74.1,50.0,250,50,400,43.3,13.0,4.8,4.9,6.1,5.1,5.7,6.0,6.8,5.2,6.2,12.8,4.0,7.6,132.0,0.00391,0.194,0.0,0.0,0.0,8.52
45.9,42.4,49.4,54.8,53.6,56.0,41.3,39.4,43.2,35.7,30.8,40.6,0.457,5.33,0.143,4.68,4.55,5.99,0.118,3.68,3.0,0.0355,0.86,0.418,67.8,46.0,90,30,400,3.6,11.9,5.2,5.2,5.6,4.4,4.7,5.4,4.6,4.6,5.8,10.9,3.6,8.3,83.8,0.00311,0.185,0.0,0.0,0.0,11.1
44.6,44.2,45.0,54.7,54.6,54.8,44.5,42.8,46.2,32.3,28.0,36.6,0.48,5.47,0.147,4.7,4.54,6.1,0.137,3.67,3.12,0.0364,0.862,0.422,62.8,42.0,93,33,400,2.7,13.1,6.0,5.8,5.9,5.2,5.1,6.2,5.0,5.1,5.7,12.0,4.4,7.2,89.4,0.00343,0.204,0.0,0.0,0.0,10.1
44.5,47.6,41.4,52.3,49.0,55.6,43.9,44.0,43.8,34.9,32.2,37.6,0.479,5.49,0.148,4.65,4.73,6.14,0.135,3.75,3.18,0.0363,0.864,0.436,58.8,39.0,85,30,400,3.3,11.4,5.0,5.1,5.5,5.2,5.0,6.1,6.2,5.5,5.3,12.2,4.2,7.0,87.0,0.00329,0.2,8.03,0.0,0.0,9.59
44.0,44.4,43.6,56.8,56.6,57.0,44.0,44.0,44.0,35.6,36.6,34.6,0.512,5.58,0.151,4.77,4.9,6.25,0.143,3.81,3.23,0.0372,0.869,0.434,56.0,37.0,83,29,400,4.2,10.9,4.5,6.3,4.7,5.8,4.9,6.1,6.1,6.0,6.1,12.4,4.0,8.0,90.0,0.00384,0.208,8.03,0.0,0.0,9.73
44.8,46.2,43.4,51.8,51.4,52.2,45.9,47.6,44.2,33.5,31.6,35.4,0.521,5.69,0.155,4.74,4.95,6.34,0.145,3.95,3.26,0.0365,0.872,0.449,55.2,37.0,100,34,400,3.4,10.9,5.3,5.7,4.6,5.7,6.1,5.8,6.1,6.4,5.7,12.5,5.2,7.5,90.9,0.00316,0.196,10.8,0.0,0.0,8.34
43.6,45.8,41.4,55.3,53.0,57.6,41.3,41.2,41.4,34.1,37.8,30.4,0.516,5.69,0.154,4.77,5.08,6.47,0.144,3.99,3.41,0.0363,0.872,0.456,53.1,36.0,100,32,400,3.0,12.3,5.8,4.7,4.4,5.4,5.9,4.2,7.0,6.3,5.2,11.9,4.9,7.3,88.3,0.00333,0.205,2.8,0.0,0.0,8.6
47.4,50.4,44.4,51.4,52.8,50.0,44.0,45.6,42.4,36.9,40.8,33.0,0.52,5.72,0.155,4.82,5.19,6.57,0.147,4.12,3.45,0.0363,0.875,0.457,52.1,36.0,85,32,400,3.1,13.9,5.4,5.9,4.2,6.3,5.5,4.1,6.8,6.1,4.4,11.6,4.2,7.5,89.0,0.00297,0.195,4.14,0.0,0.0,8.46
44.0,41.4,46.6,55.0,55.8,54.2,43.0,43.4,42.6,34.2,34.4,34.0,0.523,5.83,0.156,4.85,5.26,6.67,0.145,4.13,3.56,0.0364,0.88,0.455,51.1,35.0,87,33,400,3.5,13.2,5.2,6.3,5.9,6.1,5.4,4.4,5.5,5.3,5.0,11.0,4.4,8.3,89.5,0.00243,0.204,4.01,0.0,0.0,8.95
44.9,46.8,43.0,53.2,55.0,51.4,44.9,46.0,43.8,36.6,38.2,35.0,0.537,5.79,0.155,4.97,5.38,6.67,0.145,4.27,3.68,0.0362,0.879,0.466,50.4,35.0,90,34,400,4.0,11.4,5.1,6.4,6.1,5.6,4.7,4.6,4.9,4.3,5.8,10.1,4.4,7.7,85.1,0.00324,0.184,5.54,0.0,0.0,8.43
43.1,43.0,43.2,53.0,54.0,52.0,44.3,43.2,45.4,32.6,32.6,32.6,0.54,5.91,0.157,4.93,5.48,6.76,0.148,4.4,3.8,0.0364,0.884,0.475,49.5,35.0,90,33,400,3.7,9.8,4.9,5.6,5.2,7.2,5.9,4.8,6.2,4.4,5.4,11.6,4.4,7.7,86.8,0.00263,0.191,4.23,0.0,0.0,9.31
47.3,49.8,44.8,55.3,57.2,53.4,45.6,47.6,43.6,34.5,33.0,36.0,0.567,6.07,0.161,5.03,5.62,6.95,0.152,4.38,3.86,0.0362,0.886,0.48,49.3,35.0,97,34,400,3.5,10.5,4.6,4.8,5.9,6.6,7.0,4.5,6.8,5.8,5.2,12.9,4.7,8.1,90.9,0.00316,0.183,4.36,0.0,0.0,8.83
41.7,41.2,42.2,54.2,54.2,54.2,42.5,45.8,39.2,35.8,36.4,35.2,0.581,6.01,0.165,5.06,5.67,7.11,0.156,4.51,3.95,0.0355,0.891,0.493,48.4,35.0,97,30,400,3.1,12.0,4.5,5.8,6.3,4.9,6.2,5.5,6.5,6.5,4.9,12.3,5.3,7.3,91.1,0.00343,0.191,4.19,0.0,0.0,9.61
47.8,47.8,47.8,50.2,50.2,50.2,44.1,44.8,43.4,36.0,35.2,36.8,0.583,6.15,0.167,5.07,5.84,7.19,0.159,4.57,4.01,0.0356,0.894,0.504,48.2,35.0,94,31,400,3.4,12.1,4.5,5.6,6.0,6.0,4.7,6.3,5.9,6.4,4.6,11.3,5.2,7.3,89.3,0.00343,0.177,5.52,0.0,0.0,9.47
42.4,42.4,42.4,53.4,52.4,54.4,43.0,41.2,44.8,32.4,35.8,29.0,0.606,6.23,0.171,5.03,5.93,7.2,0.161,4.65,4.07,0.0356,0.895,0.507,48.1,35.0,110,34,400,3.4,10.7,4.7,4.5,4.7,7.0,5.0,5.6,5.8,5.4,4.8,10.4,4.8,8.2,85.0,0.00345,0.192,3.6,0.0,0.0,9.6
45.5,47.6,43.4,53.8,55.2,52.4,44.4,42.4,46.4,35.8,41.6,30.0,0.633,6.41,0.177,5.27,6.21,7.41,0.167,4.86,4.26,0.0363,0.898,0.539,47.9,34.0,110,32,400,3.4,11.2,5.6,5.3,4.3,6.4,5.5,5.0,5.6,4.3,5.3,10.6,4.4,7.8,84.7,0.00408,0.183,3.73,0.0,0.0,9.53
44.3,41.8,46.8,48.5,51.0,46.0,43.3,44.8,41.8,36.0,43.0,29.0,0.673,6.76,0.181,5.52,6.6,7.83,0.174,5.09,4.43,0.0354,0.914,0.567,47.5,34.0,94,31,400,4.2,11.7,4.7,6.2,4.9,5.3,6.2,4.9,5.5,4.1,4.7,10.8,3.8,7.4,84.4,0.0035,0.196,3.66,0.0,0.0,8.59
45.1,44.8,45.4,45.2,41.0,49.4,47.7,47.8,47.6,32.5,29.6,35.4,0.706,7.22,0.19,5.83,6.97,8.24,0.181,5.37,4.68,0.0371,0.923,0.592,47.2,34.0,93,31,400,5.2,10.7,5.0,5.8,4.5,5.1,6.1,6.1,5.8,4.4,4.4,11.4,4.3,8.7,87.5,0.0033,0.185,3.93,0.0,0.0,9.56
55.1,55.8,54.4,56.0,60.0,52.0,61.9,63.0,60.8,40.4,36.8,44.0,0.582,6.4,0.163,5.18,5.99,7.11,0.146,4.69,4.12,0.0379,0.25,0.5,98.7,86.0,240,99,400,82.0,13.8,7.0,6.0,5.5,5.5,5.5,7.75,8.0,7.0,7.75,11.3,3.25,7.0,177.0,0.0035,0.172,0.0,0.0,0.0,0.0
46.4,45.0,47.8,56.9,55.6,58.2,42.5,43.4,41.6,39.0,39.6,38.4,0.616,6.34,0.165,5.22,5.92,7.17,0.149,4.68,4.08,0.0371,0.251,0.498,81.4,63.0,230,73,400,48.3,11.9,5.33,5.33,6.0,5.67,5.11,6.44,6.56,6.22,6.22,12.0,3.56,7.11,136.0,0.00289,0.186,0.0,0.0,0.0,0.0
47.9,48.4,47.4,51.8,50.2,53.4,44.7,45.0,44.4,40.0,41.4,38.6,0.598,6.24,0.165,5.08,5.8,7.24,0.146,4.69,4.1,0.0371,0.25,0.497,73.4,54.0,100,31,400,13.2,11.1,4.4,5.0,6.3,6.0,4.7,5.7,5.5,5.7,4.9,11.6,3.9,7.4,95.4,0.00354,0.187,0.0,0.0,0.0,0.0
44.1,46.4,41.8,57.9,57.4,58.4,44.8,44.6,45.0,40.2,39.6,40.8,0.581,6.35,0.165,5.26,5.79,7.27,0.147,4.64,4.12,0.0371,0.251,0.49,67.9,47.0,110,33,400,4.5,10.9,5.0,5.8,6.4,5.8,4.9,6.1,6.7,5.3,5.1,11.1,4.1,7.4,89.1,0.00354,0.194,11.0,0.0,0.0,21.5
47.6,46.4,48.8,55.8,55.2,56.4,42.6,45.6,39.6,39.4,44.2,34.6,0.594,6.32,0.165,5.22,5.82,7.27,0.145,4.62,4.1,0.0371,0.247,0.48,63.8,43.0,99,31,400,4.4,10.7,5.6,6.2,4.7,4.5,5.5,5.8,6.4,4.8,5.1,10.2,3.7,6.1,83.7,0.00354,0.19,13.6,0.0,0.0,25.7
46.8,47.0,46.6,54.8,51.0,58.6,44.2,43.6,44.8,40.0,44.8,35.2,0.58,6.41,0.164,5.27,5.76,7.39,0.147,4.59,4.08,0.0371,0.249,0.476,60.4,41.0,92,31,400,4.6,11.5,5.9,5.4,4.9,4.3,6.0,5.0,6.4,5.3,5.0,9.8,3.4,5.7,83.2,0.00345,0.205,16.4,0.0,0.0,29.3
51.2,50.4,52.0,60.0,61.8,58.2,45.4,45.4,45.4,39.5,35.6,43.4,0.585,6.3,0.171,5.23,5.82,7.53,0.156,4.63,4.05,0.0371,0.247,0.486,58.7,40.0,97,33,400,4.8,11.1,5.5,5.6,6.0,5.1,6.2,4.9,6.8,5.8,4.3,11.3,3.9,6.7,88.0,0.00416,0.184,8.25,0.0,0.0,13.6
42.0,38.8,45.2,54.4,53.2,55.6,45.7,45.0,46.4,41.2,42.2,40.2,0.586,6.31,0.171,5.33,5.79,7.57,0.157,4.62,4.07,0.0382,0.25,0.487,57.0,39.0,110,34,400,4.1,11.4,5.1,6.2,4.7,5.1,6.8,4.7,5.9,5.6,4.1,12.9,4.6,8.8,90.0,0.00345,0.201,7.08,0.0,0.0,13.4
47.8,47.4,48.2,55.2,54.4,56.0,45.2,45.4,45.0,40.1,37.6,42.6,0.594,6.38,0.174,5.39,5.73,7.63,0.16,4.55,3.94,0.0371,0.249,0.496,56.4,39.0,110,33,400,3.1,12.1,5.2,5.6,3.7,5.8,6.9,4.9,4.9,5.2,4.5,13.9,4.6,8.5,88.9,0.00404,0.18,7.8,0.0,0.0,14.2
44.6,44.6,44.6,59.6,60.8,58.4,44.4,45.6,43.2,40.0,35.2,44.8,0.566,6.31,0.172,5.34,5.73,7.55,0.159,4.61,3.99,0.0371,0.249,0.492,55.5,39.0,110,38,400,3.1,11.8,4.8,5.2,4.4,6.3,5.9,4.9,4.1,5.9,4.6,13.4,5.1,8.0,87.5,0.00404,0.2,6.31,0.0,0.0,13.5
45.9,43.6,48.2,56.9,56.4,57.4,47.6,45.2,50.0,40.5,36.2,44.8,0.58,6.41,0.174,5.35,5.68,7.6,0.164,4.63,3.97,0.0371,0.249,0.5,54.4,38.0,99,33,400,3.5,10.0,5.6,5.8,6.4,5.4,5.1,4.6,4.7,6.9,5.1,13.1,5.0,8.4,89.6,0.00313,0.179,7.4,0.0,0.0,14.1
45.8,49.0,42.6,55.9,57.2,54.6,42.7,42.8,42.6,40.4,35.4,45.4,0.584,6.32,0.176,5.47,5.74,7.63,0.162,4.63,4.0,0.037,0.248,0.489,53.4,37.0,100,30,400,4.1,10.7,6.3,5.6,6.3,5.4,4.4,4.8,4.9,6.3,5.9,12.1,4.7,7.7,89.2,0.00325,0.205,6.87,0.0,0.0,13.0
46.2,48.2,44.2,54.4,52.6,56.2,45.1,44.4,45.8,39.5,39.4,39.6,0.589,6.42,0.177,5.5,5.67,7.69,0.166,4.63,4.04,0.0369,0.247,0.493,52.6,37.0,97,32,400,3.8,11.9,6.2,5.2,5.6,4.7,5.0,5.9,5.1,4.5,6.8,11.0,4.8,7.6,88.1,0.00261,0.18,8.29,0.0,0.0,14.2
44.8,44.2,45.4,54.1,54.0,54.2,44.1,46.4,41.8,39.8,40.0,39.6,0.587,6.4,0.178,5.5,5.72,7.77,0.165,4.63,4.04,0.037,0.253,0.49,52.1,37.0,98,33,400,2.9,10.6,6.4,5.9,5.8,4.8,5.7,7.4,5.2,4.2,6.3,12.5,4.8,7.9,90.4,0.00335,0.203,8.48,0.0,0.0,13.3
46.0,44.6,47.4,58.5,60.8,56.2,46.0,43.2,48.8,37.8,40.0,35.6,0.573,6.34,0.178,5.55,5.58,7.75,0.168,4.66,4.05,0.037,0.248,0.493,51.8,37.0,130,32,400,3.7,10.4,6.6,6.0,5.9,5.4,5.7,5.9,4.0,5.6,5.3,12.2,4.2,7.5,88.4,0.00422,0.199,8.31,0.0,0.0,13.5
41.2,42.6,39.8,54.9,55.8,54.0,45.2,46.6,43.8,39.1,44.0,34.2,0.574,6.2,0.179,5.55,5.49,7.71,0.168,4.64,4.06,0.0371,0.252,0.491,51.2,36.0,110,32,400,4.6,9.9,5.9,5.8,5.6,5.2,5.5,4.4,4.0,6.2,4.8,11.8,2.9,7.8,84.4,0.00373,0.212,8.39,0.0,0.0,11.6
44.9,46.0,43.8,56.5,58.8,54.2,44.7,42.8,46.6,40.2,45.8,34.6,0.582,6.45,0.182,5.69,5.79,7.96,0.17,4.71,4.07,0.0371,0.252,0.518,50.8,36.0,94,32,400,3.5,10.7,4.8,5.7,5.1,6.2,4.7,5.6,5.2,5.9,5.0,12.0,3.4,7.4,85.2,0.00348,0.202,7.07,0.0,0.0,14.0
45.0,43.2,46.8,58.8,59.2,58.4,43.0,43.8,42.2,41.2,43.6,38.8,0.608,6.71,0.192,5.97,6.12,8.37,0.177,4.98,4.35,0.037,0.26,0.542,50.4,36.0,96,34,400,3.8,11.6,5.0,5.4,5.3,6.0,4.7,5.7,6.2,5.5,6.5,11.2,3.5,6.0,86.4,0.00443,0.213,6.26,0.0,0.0,14.5
42.9,41.6,44.2,49.9,49.4,50.4,45.0,47.0,43.0,39.6,37.0,42.2,0.634,7.0,0.198,6.28,6.41,8.73,0.187,5.25,4.59,0.0378,0.271,0.57,50.3,36.0,110,34,400,4.2,11.2,5.0,5.2,5.5,6.1,6.5,6.0,5.9,5.3,6.9,11.8,3.7,6.6,89.9,0.0031,0.205,6.3,0.0,0.0,14.0
66.0,66.2,65.8,61.8,64.0,59.6,72.9,72.6,73.2,46.4,47.2,45.6,0.597,5.35,0.179,5.56,5.65,7.73,0.166,4.4,3.99,0.0365,0.249,0.496,117.0,110.0,250,110,400,72.0,10.3,4.0,6.67,5.67,4.0,5.67,4.33,4.67,6.0,7.0,15.3,4.67,8.0,158.0,0.00283,0.177,0.0,0.0,0.0,0.0
41.7,41.2,42.2,59.8,59.8,59.8,60.8,63.4,58.2,43.6,45.4,41.8,0.579,6.34,0.178,5.61,5.54,7.55,0.169,4.66,3.95,0.0366,0.943,0.506,99.3,87.0,230,88,400,53.0,10.6,5.13,6.88,5.5,4.88,6.75,5.0,4.75,6.63,5.63,13.9,4.75,7.63,141.0,0.00368,0.189,0.0,0.0,0.0,0.0
42.7,41.8,43.6,62.5,65.8,59.2,45.0,45.2,44.8,45.0,45.6,44.4,0.608,6.26,0.18,5.62,5.52,7.44,0.165,4.61,3.97,0.0366,0.942,0.508,85.9,71.0,110,33,400,23.0,11.1,5.6,5.6,5.9,6.3,6.6,5.2,4.9,6.5,5.5,13.0,4.7,7.2,111.0,0.00286,0.179,0.0,0.0,0.0,0.0
43.8,43.8,43.8,61.9,63.8,60.0,45.7,45.6,45.8,44.6,45.8,43.4,0.603,6.25,0.176,5.58,5.52,7.4,0.159,4.65,4.01,0.0367,0.943,0.503,77.3,59.0,110,32,400,3.6,10.2,5.4,5.2,6.2,5.9,5.0,5.2,4.8,5.5,6.0,13.0,4.3,7.2,87.5,0.00368,0.201,0.0,0.0,0.0,0.0
45.2,46.8,43.6,62.4,63.4,61.4,44.6,44.0,45.2,45.8,56.8,34.8,0.588,6.37,0.172,5.52,5.49,7.32,0.156,4.6,3.9,0.0368,0.942,0.496,72.4,52.0,110,33,400,3.8,11.1,4.9,6.3,5.1,5.7,4.6,5.6,5.0,5.2,5.7,12.3,4.8,7.7,87.8,0.00368,0.201,18.3,0.0,0.0,31.6
43.1,43.2,43.0,60.3,60.2,60.4,43.3,45.4,41.2,43.1,48.6,37.6,0.577,6.24,0.169,5.39,5.52,7.25,0.152,4.69,4.04,0.037,0.939,0.483,68.2,49.0,110,31,400,4.1,12.3,4.4,6.3,5.0,6.1,6.0,6.4,4.6,4.5,5.0,12.0,5.0,6.5,88.2,0.00368,0.212,22.3,0.0,0.0,39.5
45.5,44.8,46.2,63.9,64.2,63.6,44.7,44.8,44.6,43.0,32.2,53.8,0.586,6.22,0.171,5.51,5.49,7.26,0.152,4.63,4.02,0.0377,0.937,0.489,65.8,46.0,120,32,400,3.1,11.3,4.8,6.2,5.0,5.7,6.6,5.8,4.6,5.0,4.7,12.9,4.4,6.7,86.8,0.00275,0.201,26.2,0.0,0.0,45.4
41.8,43.4,40.2,64.1,63.8,64.4,43.1,44.4,41.8,45.3,46.4,44.2,0.574,6.27,0.166,5.55,5.5,7.18,0.145,4.56,4.01,0.0367,0.938,0.488,63.9,45.0,120,36,400,3.2,10.6,7.0,5.7,4.6,5.9,6.2,5.3,5.4,5.5,4.9,12.7,3.6,8.4,89.0,0.00331,0.214,11.5,0.0,0.0,19.9
43.2,42.4,44.0,59.4,56.6,62.2,43.8,41.2,46.4,44.8,52.4,37.2,0.56,6.24,0.164,5.44,5.41,7.14,0.143,4.54,4.0,0.0366,0.94,0.491,61.8,43.0,100,34,400,3.4,10.9,7.1,5.1,4.3,5.6,5.5,6.1,5.9,5.1,5.0,11.4,3.8,7.5,86.7,0.00256,0.198,10.8,0.0,0.0,17.2
44.4,44.8,44.0,62.2,62.0,62.4,45.1,44.8,45.4,45.0,43.2,46.8,0.536,6.2,0.158,5.51,5.39,7.06,0.138,4.55,3.9,0.0376,0.941,0.484,60.5,42.0,100,35,400,3.9,11.0,5.5,5.4,4.2,5.5,5.6,5.5,5.2,4.9,5.5,10.8,4.3,7.1,84.4,0.00328,0.209,11.9,0.0,0.0,17.1
45.6,46.2,45.0,63.9,67.2,60.6,47.6,47.6,47.6,43.9,47.4,40.4,0.541,6.29,0.161,5.49,5.34,7.12,0.142,4.48,3.94,0.0368,0.939,0.484,59.2,42.0,99,35,400,3.9,11.1,5.1,6.1,5.1,5.7,5.6,4.8,4.4,4.3,5.1,10.0,3.3,9.0,83.5,0.00397,0.196,11.7,0.0,0.0,17.2
42.9,41.2,44.6,63.0,64.6,61.4,44.3,41.4,47.2,46.3,42.4,50.2,0.548,6.28,0.159,5.46,5.43,7.05,0.139,4.56,3.99,0.0367,0.941,0.485,58.4,41.0,110,36,400,3.9,10.9,5.6,6.2,5.6,6.1,6.1,5.3,5.6,4.3,5.3,10.9,3.8,9.2,88.8,0.00404,0.209,12.1,0.0,0.0,17.3
47.1,45.4,48.8,61.9,59.0,64.8,47.0,45.2,48.8,43.2,43.8,42.6,0.552,6.33,0.161,5.53,5.53,7.18,0.142,4.55,3.9,0.036,0.941,0.494,57.6,41.0,120,36,400,3.7,11.6,6.0,5.9,5.2,5.2,6.0,6.1,5.5,4.4,5.8,11.9,4.3,7.9,89.5,0.00411,0.222,10.3,0.0,0.0,17.4
49.5,48.4,50.6,62.9,58.8,67.0,44.1,43.4,44.8,46.1,44.0,48.2,0.568,6.28,0.168,5.41,5.5,7.31,0.144,4.52,3.98,0.0367,0.941,0.486,56.9,40.0,110,35,400,3.5,12.2,5.3,5.2,4.5,5.0,6.0,7.0,5.1,5.5,5.2,10.7,3.9,8.0,87.1,0.00407,0.218,10.7,0.0,0.0,19.2
46.9,48.8,45.0,64.3,62.2,66.4,43.3,42.2,44.4,43.4,49.2,37.6,0.573,6.3,0.162,5.47,5.47,7.27,0.149,4.61,4.0,0.0368,0.944,0.49,56.6,40.0,120,39,400,4.2,11.4,6.3,4.9,4.4,5.3,5.5,6.9,5.2,5.8,5.7,10.0,4.1,8.0,87.7,0.00335,0.198,11.9,0.0,0.0,19.6
48.4,46.0,50.8,62.4,59.2,65.6,43.3,43.4,43.2,48.1,44.6,51.6,0.578,6.34,0.17,5.51,5.56,7.47,0.148,4.59,3.98,0.0359,0.942,0.5,55.8,40.0,110,37,400,3.9,10.7,6.7,6.0,5.6,5.3,4.1,5.4,5.3,5.2,6.2,12.2,3.9,6.7,87.2,0.00417,0.205,12.5,0.0,0.0,20.7
49.7,49.8,49.6,60.0,56.6,63.4,47.9,49.2,46.6,44.1,40.6,47.6,0.594,6.32,0.176,5.54,5.69,7.53,0.158,4.6,4.02,0.0369,0.942,0.517,55.6,40.0,110,37,400,3.2,11.6,5.8,5.5,5.0,5.5,5.8,5.2,4.9,5.6,6.3,13.1,4.2,6.5,88.2,0.00281,0.201,12.2,0.0,0.0,18.5
44.3,45.6,43.0,63.0,62.8,63.2,43.5,45.0,42.0,43.5,43.8,43.2,0.618,6.62,0.184,5.86,6.04,7.99,0.165,4.88,4.25,0.037,0.952,0.554,55.1,40.0,120,37,400,3.1,14.2,6.0,5.0,4.2,4.8,6.2,6.9,6.4,5.5,5.8,11.8,4.9,7.9,92.7,0.00217,0.182,11.3,0.0,0.0,18.5
45.5,45.4,45.6,60.5,59.6,61.4,44.7,45.8,43.6,43.7,37.0,50.4,0.66,7.05,0.194,6.15,6.27,8.48,0.174,5.22,4.47,0.037,0.965,0.581,54.9,40.0,100,37,400,3.4,13.0,5.5,5.4,4.8,5.4,4.2,6.6,7.0,5.2,5.6,12.3,4.5,8.2,91.1,0.00287,0.183,10.3,0.0,0.0,17.9
42.2,40.0,44.4,64.4,64.6,64.2,39.8,40.0,39.6,47.9,51.8,44.0,0.565,6.22,0.172,5.47,5.61,7.58,0.148,4.67,4.08,0.0358,0.242,0.496,98.3,84.0,230,81,400,61.0,12.0,6.29,4.71,8.14,7.57,4.71,6.57,5.29,5.86,4.29,11.3,3.57,8.0,149.0,0.00413,0.181,0.0,0.0,0.0,0.0
43.6,43.8,43.4,64.0,64.6,63.4,44.1,44.2,44.0,50.8,48.2,53.4,0.56,6.19,0.174,5.53,5.67,7.61,0.15,4.55,4.01,0.0368,0.241,0.506,84.0,64.0,170,39,400,31.5,12.4,5.8,4.4,6.3,6.6,5.0,6.6,6.6,5.8,4.8,11.0,3.8,8.1,119.0,0.00342,0.182,0.0,0.0,0.0,23.4
44.5,44.0,45.0,64.0,60.0,68.0,44.2,43.6,44.8,48.8,53.4,44.2,0.555,6.24,0.172,5.44,5.68,7.59,0.151,4.62,3.99,0.0369,0.244,0.506,75.6,55.0,110,34,400,4.0,10.8,5.5,5.4,4.8,5.6,4.4,4.9,5.9,5.3,5.1,10.4,4.2,7.6,83.9,0.00339,0.196,0.0,0.0,0.0,30.6
43.9,41.6,46.2,64.4,65.4,63.4,43.6,43.2,44.0,50.3,58.2,42.4,0.559,6.16,0.173,5.37,5.59,7.54,0.154,4.65,3.96,0.0378,0.243,0.496,72.0,52.0,130,34,400,4.3,9.7,6.5,6.1,6.9,4.9,4.1,4.8,5.7,6.4,5.9,12.0,4.8,7.3,89.4,0.00339,0.188,0.0,0.0,0.0,39.3
44.7,44.6,44.8,64.9,64.8,65.0,45.8,46.2,45.4,48.6,40.4,56.8,0.555,6.21,0.175,5.41,5.67,7.59,0.156,4.55,3.96,0.0379,0.242,0.499,68.5,49.0,140,38,400,4.2,9.6,6.0,5.0,6.0,5.3,4.4,5.4,5.3,6.2,6.3,11.9,4.5,8.3,88.4,0.00337,0.204,28.2,0.0,0.0,22.2
46.9,44.0,49.8,66.7,67.8,65.6,46.9,46.2,47.6,49.2,46.0,52.4,0.596,6.23,0.179,5.42,5.73,7.63,0.162,4.64,4.03,0.0369,0.244,0.51,66.6,47.0,130,40,400,3.6,12.1,5.3,4.9,5.1,5.3,4.8,6.3,4.9,5.3,6.4,12.3,4.5,8.4,89.2,0.00264,0.197,34.6,0.0,0.0,22.4
40.2,43.6,36.8,62.1,63.6,60.6,41.8,41.4,42.2,50.8,53.6,48.0,0.592,6.15,0.177,5.38,5.69,7.57,0.158,4.61,4.0,0.0369,0.242,0.509,64.4,45.0,120,37,400,3.5,13.1,5.9,5.6,5.9,4.5,5.9,5.7,5.1,5.0,6.2,12.5,4.9,8.3,92.1,0.0035,0.198,38.2,0.0,0.0,22.6
43.1,45.6,40.6,64.7,65.8,63.6,44.1,45.2,43.0,48.1,46.8,49.4,0.586,6.24,0.181,5.36,5.66,7.64,0.158,4.58,3.91,0.0378,0.241,0.505,62.7,44.0,110,35,400,3.7,11.0,6.2,5.1,6.8,5.4,6.0,4.8,4.7,5.1,5.2,10.2,4.2,8.8,87.2,0.00276,0.188,15.6,0.0,0.0,22.1
41.5,44.2,38.8,64.9,66.2,63.6,43.1,45.6,40.6,50.0,44.2,55.8,0.565,6.06,0.176,5.26,5.59,7.48,0.156,4.58,4.03,0.0368,0.237,0.498,61.5,43.0,120,33,400,3.9,11.4,5.8,4.5,6.0,5.3,4.7,5.3,4.1,5.2,5.1,8.8,3.1,8.8,82.0,0.00426,0.197,13.6,0.0,0.0,22.7
42.5,41.8,43.2,64.2,61.6,66.8,46.6,45.4,47.8,49.9,47.6,52.2,0.563,6.15,0.17,5.38,5.49,7.32,0.154,4.6,3.97,0.038,0.239,0.5,60.4,42.0,120,33,400,4.2,13.2,6.2,4.5,5.0,5.6,4.8,4.9,4.7,4.7,5.4,9.7,3.4,7.5,83.8,0.00295,0.187,16.3,0.0,0.0,22.3
44.5,46.8,42.2,66.6,65.2,68.0,41.5,38.4,44.6,49.1,53.6,44.6,0.553,6.14,0.174,5.42,5.45,7.24,0.148,4.5,3.93,0.0371,0.24,0.51,59.5,42.0,110,36,400,4.0,13.7,5.8,4.3,5.8,4.9,6.2,4.5,5.8,5.3,5.5,10.4,3.4,6.0,85.6,0.00371,0.193,15.6,0.0,0.0,22.6
42.0,45.4,38.6,62.1,62.6,61.6,46.0,46.0,46.0,49.6,43.6,55.6,0.555,6.19,0.166,5.38,5.38,7.17,0.147,4.55,3.93,0.037,0.242,0.492,59.3,42.0,130,41,400,3.5,13.8,5.6,5.1,5.6,4.5,5.2,4.9,5.4,6.1,5.3,11.5,3.4,6.5,86.4,0.00405,0.185,15.8,0.0,0.0,23.4
45.0,47.2,42.8,64.2,68.6,59.8,42.6,41.6,43.6,49.5,51.0,48.0,0.531,6.14,0.163,5.31,5.41,7.18,0.141,4.47,3.9,0.0369,0.24,0.491,58.7,42.0,140,39,400,3.4,11.1,5.7,5.0,5.1,5.9,5.2,6.1,4.5,5.8,4.9,12.0,3.7,6.4,84.8,0.00421,0.2,13.6,0.0,0.0,21.7
44.0,44.2,43.8,62.9,65.8,60.0,45.7,44.6,46.8,49.6,56.8,42.4,0.533,6.15,0.162,5.33,5.35,7.11,0.141,4.48,3.92,0.0369,0.241,0.477,58.0,41.0,130,35,400,3.6,9.2,5.6,4.9,4.7,6.2,5.4,6.5,4.6,6.0,6.0,11.9,3.6,6.7,84.9,0.00325,0.191,15.7,0.0,0.0,23.9
43.9,45.6,42.2,63.5,62.0,65.0,43.6,44.8,42.4,48.4,48.2,48.6,0.526,6.01,0.161,5.29,5.46,7.04,0.142,4.37,3.92,0.038,0.237,0.492,57.9,41.0,120,37,400,3.8,10.8,5.7,5.2,5.7,6.7,4.7,6.2,5.2,6.2,6.1,12.3,3.9,7.1,89.6,0.00325,0.205,14.2,0.0497,0.0,23.0
44.1,42.4,45.8,61.8,65.4,58.2,45.0,44.6,45.4,50.4,53.2,47.6,0.524,6.03,0.162,5.31,5.42,7.1,0.14,4.45,3.91,0.0381,0.239,0.494,57.3,41.0,120,38,400,3.3,10.7,5.2,5.8,5.7,6.1,5.8,5.8,4.4,5.7,5.6,12.5,3.9,7.5,88.0,0.00357,0.194,15.6,0.0497,0.0,22.4
45.7,45.4,46.0,62.0,62.6,61.4,44.8,45.8,43.8,47.8,48.8,46.8,0.562,6.44,0.171,5.66,5.7,7.6,0.154,4.6,4.02,0.038,0.25,0.517,57.0,41.0,120,37,400,4.3,9.3,4.5,6.1,5.5,5.2,6.6,5.6,4.4,5.3,5.9,13.4,3.9,7.4,87.4,0.00299,0.207,13.5,0.0497,0.0,21.5
44.2,42.2,46.2,62.9,64.8,61.0,43.5,44.0,43.0,50.1,53.8,46.4,0.596,6.73,0.177,5.93,6.07,7.88,0.162,4.85,4.2,0.038,0.263,0.548,57.1,41.0,140,42,400,4.8,10.3,5.4,5.3,6.3,5.0,5.7,5.8,5.6,4.6,5.9,12.3,4.2,7.1,88.3,0.00302,0.188,16.0,0.0,0.0,21.8
44.0,44.4,43.6,35.0,33.0,37.0,43.4,43.4,43.4,40.7,42.8,38.6,0.628,6.98,0.184,6.25,6.37,8.36,0.17,5.09,4.4,0.0381,0.274,0.572,56.4,41.0,130,38,400,3.4,10.6,4.9,5.9,5.3,5.5,5.7,5.3,4.9,5.2,6.5,11.2,3.9,6.2,84.5,0.00451,0.198,15.8,0.0,0.0,22.1
47.1,46.0,48.2,66.4,68.0,64.8,51.3,52.4,50.2,54.3,48.4,60.2,0.535,6.15,0.165,5.47,5.44,7.29,0.143,4.27,3.73,0.037,0.242,0.492,115.0,97.0,310,98,400,70.3,11.3,6.33,3.83,6.83,5.17,4.67,6.33,5.83,5.67,7.17,12.2,3.67,10.2,160.0,0.00363,0.191,0.0,0.0,0.0529,0.0
43.3,45.2,41.4,63.8,66.0,61.6,46.1,45.8,46.4,54.1,50.8,57.4,0.539,6.2,0.161,5.43,5.35,7.23,0.14,4.34,3.67,0.0379,0.242,0.48,96.6,75.0,280,64,400,41.0,11.7,5.7,4.6,6.1,4.8,5.8,6.9,5.6,5.5,6.1,12.2,3.9,9.2,129.0,0.00299,0.177,0.0,0.0,0.0529,24.3
41.3,39.6,43.0,64.4,66.6,62.2,44.4,45.4,43.4,54.1,51.8,56.4,0.5,6.02,0.16,5.39,5.21,7.18,0.137,4.26,3.6,0.0371,0.239,0.483,84.9,62.0,100,35,400,3.2,11.7,4.7,5.5,4.8,4.8,5.4,5.9,4.4,6.3,4.9,10.7,3.2,6.5,82.0,0.00462,0.195,0.0,0.0,0.0529,36.4
46.2,46.4,46.0,65.8,66.2,65.4,62.2,63.0,61.4,53.9,42.8,65.0,0.502,6.13,0.158,5.39,5.3,7.25,0.137,4.2,3.55,0.038,0.897,0.484,78.6,56.0,110,34,400,3.6,11.4,5.3,6.3,4.3,5.3,5.5,5.2,4.8,7.2,5.8,11.1,3.7,6.9,86.4,0.00305,0.191,0.0,0.0,0.0,44.7
40.6,40.4,40.8,64.6,65.4,63.8,45.6,46.0,45.2,55.2,55.8,54.6,0.512,6.13,0.158,5.53,5.29,7.22,0.139,4.16,3.66,0.0373,0.895,0.481,73.8,52.0,110,37,400,5.5,11.4,4.9,6.1,3.9,5.2,5.8,4.5,5.7,5.4,5.7,12.0,4.2,9.1,89.4,0.00444,0.198,35.8,0.0,0.0,27.3
44.4,44.6,44.2,63.5,64.4,62.6,43.7,45.8,41.6,52.7,54.6,50.8,0.508,6.23,0.157,5.57,5.29,7.29,0.138,4.22,3.55,0.0382,0.897,0.486,70.9,50.0,130,36,400,5.2,12.5,5.1,5.3,5.2,5.4,5.7,5.9,5.5,4.6,5.3,12.6,3.5,9.3,91.1,0.0036,0.193,41.9,0.0,0.0,26.3
40.6,39.2,42.0,65.0,60.0,70.0,43.0,41.2,44.8,55.8,53.6,58.0,0.495,6.05,0.155,5.57,5.29,7.26,0.136,4.19,3.53,0.0379,0.892,0.482,69.1,49.0,140,38,400,4.1,11.4,5.3,5.4,5.8,5.6,5.7,7.4,5.4,4.1,5.8,11.9,3.3,7.2,88.4,0.00437,0.196,47.0,0.0,0.0,25.9
42.3,43.4,41.2,64.1,63.0,65.2,45.1,41.8,48.4,53.1,56.6,49.6,0.497,6.17,0.153,5.45,5.25,7.31,0.136,4.09,3.43,0.0379,0.894,0.473,66.9,46.0,140,37,400,3.8,12.0,4.8,5.1,4.9,5.8,4.6,7.1,5.2,3.7,5.4,9.8,2.9,7.0,82.1,0.00274,0.194,19.8,0.0,0.0,28.6
40.3,38.2,42.4,66.4,65.4,67.4,44.6,44.4,44.8,56.7,59.2,54.2,0.484,6.06,0.152,5.56,5.27,7.14,0.134,4.07,3.42,0.0383,0.894,0.48,65.1,45.0,130,35,400,3.8,12.5,5.7,5.2,4.8,5.8,5.0,5.5,4.5,4.7,5.5,9.2,2.3,7.4,81.9,0.00397,0.205,20.4,0.0,0.0,27.9
45.6,45.4,45.8,66.3,62.8,69.8,45.4,44.4,46.4,53.4,61.6,45.2,0.494,6.16,0.151,5.6,5.2,7.26,0.132,4.14,3.39,0.0391,0.898,0.485,63.6,43.0,130,34,400,3.6,10.9,5.8,5.8,6.1,6.7,5.0,4.8,5.1,5.8,5.8,11.8,3.1,7.1,87.4,0.00259,0.193,20.6,0.0,0.0,26.8
42.5,42.8,42.2,65.2,67.2,63.2,43.3,41.8,44.8,52.9,46.0,59.8,0.488,6.14,0.152,5.57,5.2,7.24,0.132,4.08,3.37,0.0383,0.895,0.486,62.7,43.0,130,35,400,3.6,11.1,7.3,5.3,5.9,7.0,4.0,4.7,6.1,6.0,4.5,12.8,3.8,6.9,89.0,0.002,0.201,19.9,0.0,0.0,26.1
44.3,44.4,44.2,65.9,67.0,64.8,43.5,42.8,44.2,55.2,58.2,52.2,0.483,6.13,0.149,5.6,5.12,7.21,0.141,4.07,3.33,0.0372,0.894,0.472,61.8,42.0,130,38,400,4.0,10.7,7.7,4.1,5.7,5.9,4.3,4.9,6.0,6.8,4.9,12.8,3.6,6.8,88.2,0.00277,0.199,20.3,0.0,0.0,26.4
40.7,42.8,38.6,64.2,58.4,70.0,41.9,41.2,42.6,54.6,52.8,56.4,0.479,6.15,0.146,5.56,5.11,7.13,0.141,4.07,3.27,0.0372,0.893,0.472,60.8,42.0,130,36,400,3.2,10.4,5.4,4.5,5.7,4.6,5.7,6.1,6.1,6.0,5.8,11.6,3.3,7.6,86.0,0.00408,0.202,21.7,0.0,0.0,28.2
42.4,43.8,41.0,68.4,66.8,70.0,47.0,47.2,46.8,53.5,45.6,61.4,0.469,5.99,0.146,5.5,5.16,7.01,0.132,4.04,3.31,0.0383,0.894,0.468,60.2,42.0,120,35,400,2.5,11.5,6.1,4.7,4.4,4.3,6.7,6.6,5.3,4.2,6.1,10.2,3.1,7.8,83.5,0.00285,0.187,20.1,0.0,0.0,29.1
43.6,41.4,45.8,64.6,66.0,63.2,44.7,41.8,47.6,55.9,57.6,54.2,0.454,6.04,0.145,5.61,5.04,7.19,0.13,4.09,3.32,0.0372,0.89,0.475,59.3,41.0,120,39,400,3.9,11.5,6.0,4.9,4.3,4.9,6.0,5.2,4.2,4.3,6.7,9.9,2.7,7.9,82.4,0.00432,0.204,19.8,0.0,0.0,26.0
44.6,45.6,43.6,64.0,63.0,65.0,45.8,47.2,44.4,55.3,49.8,60.8,0.464,6.24,0.144,5.61,5.07,7.09,0.132,4.08,3.32,0.0372,0.892,0.475,58.8,41.0,120,37,400,4.7,12.2,4.6,6.2,5.4,5.1,5.5,4.4,4.7,5.3,6.4,11.7,3.5,7.8,87.5,0.00432,0.19,19.8,0.0,0.0,25.2
41.8,44.2,39.4,65.5,61.6,69.4,46.5,46.6,46.4,54.6,57.0,52.2,0.484,6.35,0.149,5.84,5.39,7.48,0.138,4.23,3.42,0.0373,0.897,0.503,57.9,41.0,100,37,400,4.9,11.0,5.4,5.1,6.2,5.0,5.2,5.5,5.0,6.2,5.5,12.9,4.0,8.0,89.9,0.00353,0.204,19.1,0.0,0.0,27.7
41.8,38.8,44.8,65.6,65.6,65.6,45.1,47.0,43.2,54.0,52.4,55.6,0.512,6.76,0.153,6.23,5.57,7.76,0.143,4.44,3.59,0.0372,0.908,0.527,57.5,41.0,100,37,400,5.9,9.1,6.4,4.9,6.1,5.0,4.8,6.3,5.3,5.8,5.0,11.1,3.4,7.9,87.0,0.00285,0.186,16.9,0.0,0.0,25.9
42.3,43.0,41.6,46.8,44.8,48.8,45.3,45.0,45.6,50.0,40.8,59.2,0.537,7.08,0.16,6.51,5.92,8.19,0.149,4.69,3.8,0.0382,0.92,0.56,57.5,41.0,130,41,400,5.0,10.7,4.8,6.2,5.3,5.1,4.3,6.1,6.0,6.0,5.5,10.5,3.4,6.5,85.4,0.00347,0.209,17.1,0.0,0.0,29.5
72.8,73.6,72.0,68.1,67.2,69.0,76.2,76.2,76.2,45.8,41.8,49.8,0.759,8.43,0.216,7.55,7.33,11.0,0.202,5.91,5.06,0.0375,0.322,0.663,106.0,99.0,210,99,400,58.3,9.33,4.0,3.67,3.0,4.67,4.67,6.0,5.0,3.33,4.67,9.0,3.33,3.67,123.0,0.00353,0.205,0.0,0.0,0.0,0.0
43.5,42.4,44.6,41.6,43.4,39.8,50.0,50.0,50.0,35.6,36.0,35.2,0.15,2.08,0.0638,1.9,1.6,2.03,0.0445,1.39,1.1,0.0376,0.115,0.155,50.3,45.0,100,45,200,38.5,5.75,2.25,4.0,2.5,2.5,4.0,2.25,3.25,2.5,2.75,5.25,2.0,4.0,81.5,0.00312,0.172,0.0,0.0,0.0,0.0
33.1,31.4,34.8,44.5,42.0,47.0,31.8,30.8,32.8,33.9,35.0,32.8,0.145,2.13,0.0638,1.95,1.69,2.09,0.042,1.45,1.17,0.0377,0.117,0.166,44.5,36.0,94,34,200,24.8,5.56,2.78,3.33,3.33,1.89,2.89,2.56,3.11,2.67,2.78,6.11,1.44,3.22,66.4,0.00409,0.184,0.0,0.0,0.0,0.0
35.1,31.8,38.4,45.1,46.2,44.0,33.1,30.2,36.0,32.6,24.8,40.4,0.153,2.16,0.0668,2.01,1.84,2.21,0.0447,1.52,1.23,0.0396,0.119,0.174,43.0,34.0,83,25,200,7.6,5.7,3.0,2.9,3.6,2.5,1.8,2.7,4.0,3.0,2.5,7.1,1.8,2.8,51.0,0.00409,0.177,0.0,0.0,0.0,10.4
33.1,35.0,31.2,43.6,46.8,40.4,34.7,32.2,37.2,36.4,34.0,38.8,0.164,2.26,0.0676,2.06,1.94,2.3,0.0466,1.67,1.32,0.0377,0.122,0.178,41.6,33.0,83,27,200,1.8,6.1,2.7,3.5,3.3,3.0,2.0,2.6,3.8,3.0,1.8,7.6,2.4,2.9,46.5,0.00343,0.188,0.0,0.0,0.0,13.8
34.2,33.6,34.8,42.3,42.4,42.2,33.0,29.2,36.8,34.8,32.2,37.4,0.172,2.31,0.0704,2.13,2.02,2.36,0.047,1.78,1.4,0.0388,0.126,0.187,40.2,32.0,75,25,200,1.4,6.4,2.5,3.2,3.4,3.2,2.4,3.1,3.2,3.2,1.8,6.9,1.6,2.9,45.2,0.00404,0.185,6.75,0.0,0.0,16.3
33.3,35.2,31.4,46.2,46.0,46.4,33.2,32.0,34.4,32.3,36.0,28.6,0.178,2.43,0.0708,2.15,2.12,2.41,0.051,1.79,1.46,0.0398,0.13,0.195,40.1,31.0,81,26,200,1.0,6.3,2.4,2.6,3.4,3.2,2.5,3.1,3.1,3.2,3.2,5.9,1.6,3.0,44.5,0.00349,0.186,8.17,0.0,0.0,9.31
33.4,36.8,30.0,43.4,42.6,44.2,33.8,35.4,32.2,37.0,43.1,31.0,0.191,2.52,0.0733,2.22,2.22,2.51,0.0528,1.94,1.53,0.0396,0.132,0.204,39.4,30.0,85,27,200,1.8,5.4,2.4,2.7,3.3,2.2,2.8,2.2,2.7,3.2,3.3,5.7,1.8,3.6,43.1,0.00187,0.184,8.17,0.0,0.0,9.24
36.2,37.4,35.0,44.2,43.4,45.0,34.7,35.0,34.4,35.2,38.3,32.1,0.201,2.63,0.0764,2.23,2.39,2.64,0.0561,2.03,1.61,0.0387,0.136,0.213,38.7,29.0,72,26,200,1.7,5.1,2.3,3.3,2.5,2.7,3.1,2.1,3.2,3.1,2.4,5.5,1.9,4.2,43.1,0.0025,0.188,4.02,0.0,0.0,9.23
34.3,34.4,34.2,44.6,42.0,47.2,33.3,31.8,34.8,33.7,38.4,29.0,0.202,2.75,0.077,2.28,2.48,2.71,0.0572,2.11,1.71,0.0385,0.139,0.219,38.6,29.0,82,26,200,2.0,5.2,2.5,3.1,2.4,3.2,2.9,2.6,3.1,2.1,2.9,5.7,2.0,4.3,44.0,0.00328,0.179,4.12,0.0,0.0,10.1
33.3,30.6,36.0,41.7,44.2,39.2,35.4,31.4,39.4,34.5,36.0,33.0,0.216,2.82,0.0787,2.37,2.6,2.81,0.0582,2.23,1.8,0.0387,0.144,0.224,38.2,29.0,85,28,200,2.7,6.0,2.6,2.2,3.0,2.9,2.9,2.1,3.3,1.8,3.0,5.8,1.5,3.9,43.7,0.00328,0.198,5.52,0.0,0.0,8.88
39.2,36.4,42.0,48.7,48.6,48.8,35.4,34.6,36.2,36.4,38.2,34.6,0.211,2.91,0.0811,2.43,2.75,3.06,0.0568,2.31,1.87,0.0378,0.147,0.234,37.7,29.0,72,28,200,2.4,6.2,3.0,2.7,2.2,3.1,3.3,2.2,3.3,2.5,2.3,5.5,1.5,3.1,43.3,0.00412,0.192,3.31,0.0,0.0,9.16
37.0,35.4,38.6,41.4,42.6,40.2,32.5,35.4,29.6,32.1,37.2,27.0,0.226,2.99,0.085,2.52,2.88,3.12,0.0629,2.41,1.94,0.0394,0.151,0.242,38.0,29.0,81,29,200,1.9,6.4,2.9,3.4,3.2,3.1,3.6,3.0,3.5,3.0,2.4,6.0,1.6,2.8,46.8,0.00412,0.202,4.16,0.0,0.0,8.33
35.9,33.0,38.8,45.4,42.6,48.2,34.8,36.8,32.8,36.4,34.4,38.4,0.219,3.13,0.0847,2.57,2.98,3.29,0.0641,2.47,2.0,0.0386,0.153,0.242,37.8,29.0,87,28,200,2.2,5.8,3.0,2.3,4.4,2.2,3.2,2.3,3.9,2.4,2.8,5.3,1.5,3.5,44.8,0.00418,0.192,4.24,0.0,0.0,8.81
39.1,39.6,38.6,42.7,46.0,39.4,35.5,38.0,33.0,34.4,29.2,39.6,0.235,3.2,0.0862,2.63,3.12,3.43,0.0645,2.56,2.06,0.0376,0.159,0.251,37.8,29.0,87,29,200,2.5,5.6,3.4,1.2,3.6,1.5,2.7,2.6,3.2,2.6,3.0,4.8,1.7,3.9,42.3,0.00414,0.206,5.28,0.0,0.0,9.76
35.9,34.6,37.2,43.6,43.6,43.6,31.9,30.8,33.0,32.1,34.0,30.2,0.237,3.25,0.0856,2.65,3.23,3.58,0.0632,2.63,2.12,0.0393,0.16,0.255,37.6,29.0,79,28,200,1.8,6.7,2.8,1.9,3.6,2.2,3.1,2.7,3.3,2.9,3.1,5.5,1.7,3.1,44.4,0.00286,0.181,2.91,0.0,0.0,8.01
34.8,37.2,32.4,41.7,41.0,42.4,35.8,37.4,34.2,35.2,38.6,31.9,0.238,3.36,0.0904,2.71,3.33,3.65,0.0678,2.71,2.22,0.0383,0.166,0.264,37.6,29.0,74,28,200,1.9,5.9,2.4,2.6,3.3,3.3,2.8,2.1,4.0,2.9,2.5,5.1,1.1,3.1,43.0,0.00333,0.19,4.14,0.0,0.0,8.73
34.6,34.6,34.6,43.5,47.4,39.6,35.2,34.2,36.2,31.7,29.9,33.5,0.248,3.47,0.0927,2.79,3.47,3.83,0.0704,2.78,2.3,0.0372,0.169,0.278,37.8,29.0,94,32,200,2.5,5.1,3.1,2.4,2.5,3.3,2.5,2.6,4.2,2.6,2.4,6.2,1.9,3.1,44.4,0.00333,0.184,3.54,0.0,0.0,8.45
35.7,34.4,37.0,45.1,47.8,42.4,54.2,55.2,53.2,36.0,38.0,34.0,0.278,3.65,0.1,2.95,3.66,4.03,0.0749,2.97,2.44,0.0383,0.886,0.293,38.1,29.0,100,32,200,2.3,5.6,3.7,2.2,2.3,2.8,2.6,2.6,3.2,1.9,2.9,6.5,2.7,3.4,44.7,0.00205,0.188,4.97,0.0,0.0,9.5
35.8,38.2,33.4,44.3,41.2,47.4,38.6,36.8,40.4,35.6,42.6,28.6,0.293,3.89,0.105,3.15,3.88,4.22,0.0822,3.14,2.57,0.0371,0.895,0.309,38.0,29.0,93,31,200,2.4,5.2,3.1,2.1,2.7,3.2,3.0,2.2,2.9,2.3,3.0,6.1,2.4,4.6,45.2,0.00243,0.176,3.53,0.0,0.0,9.17
48.4,50.0,46.8,47.6,48.8,46.4,59.6,59.8,59.4,39.5,34.4,44.6,0.259,3.03,0.1,2.86,3.39,3.84,0.0756,2.62,2.24,0.0388,0.886,0.268,48.8,36.0,94,31,200,47.0,7.5,1.0,5.0,2.5,5.0,3.5,4.0,6.0,3.5,2.5,9.0,4.5,3.0,104.0,0.00281,0.179,0.0,0.0,0.0,0.0
35.2,33.0,37.4,48.5,45.0,52.0,33.3,35.6,31.0,38.3,33.0,43.6,0.29,3.64,0.101,2.92,3.41,3.89,0.0771,2.78,2.26,0.0376,0.887,0.274,43.6,31.0,91,28,200,31.0,5.71,3.0,3.71,3.0,3.57,3.29,2.43,4.0,3.0,2.29,8.0,3.43,4.0,80.4,0.00415,0.195,0.0,0.0,0.0,0.0
35.0,36.6,33.4,44.2,42.8,45.6,34.3,33.6,35.0,38.5,36.6,40.4,0.296,3.63,0.102,3.01,3.34,3.95,0.0775,2.82,2.28,0.0367,0.886,0.268,41.4,31.0,84,25,200,13.5,5.7,3.3,3.1,3.0,2.5,3.1,2.3,3.0,2.3,2.9,6.7,2.4,3.8,57.6,0.00415,0.187,0.0,0.0,0.0,13.9
32.9,32.2,33.6,48.4,49.6,47.2,35.5,36.6,34.4,38.8,28.8,48.8,0.288,3.62,0.101,3.0,3.34,3.91,0.077,2.74,2.27,0.0366,0.886,0.269,39.4,29.0,81,24,200,2.2,6.0,2.4,2.7,3.1,2.5,3.7,2.8,2.7,2.4,3.9,5.9,2.0,2.6,44.9,0.00404,0.197,10.1,0.0,0.0,18.9
33.3,29.2,37.4,45.3,50.4,40.2,33.9,35.0,32.8,40.3,39.8,40.8,0.288,3.61,0.101,3.08,3.26,3.87,0.0757,2.77,2.26,0.0366,0.886,0.269,39.0,29.0,82,24,200,1.7,5.6,2.2,2.5,3.1,2.5,3.9,2.1,2.6,2.9,3.3,5.4,1.6,3.3,42.7,0.00263,0.187,13.0,0.0,0.0,23.0
33.2,34.6,31.8,46.5,46.2,46.8,34.9,34.4,35.4,36.0,41.6,30.4,0.289,3.55,0.101,3.1,3.23,3.93,0.0768,2.76,2.2,0.0376,0.887,0.265,38.4,28.0,84,26,200,1.5,5.9,3.1,2.9,2.2,2.1,3.2,2.2,2.1,2.4,2.9,4.7,1.6,3.7,40.5,0.00421,0.203,14.5,0.0,0.0,14.3
31.6,30.6,32.6,45.4,44.8,46.0,33.8,33.0,34.6,39.0,34.4,43.6,0.281,3.58,0.101,3.09,3.19,3.91,0.0761,2.73,2.2,0.0367,0.887,0.268,38.2,28.0,87,26,200,1.7,6.3,3.3,3.3,2.2,2.3,2.8,3.2,2.3,1.9,3.0,4.8,1.4,2.8,41.3,0.00286,0.186,7.16,0.0,0.0,12.8
34.2,31.6,36.8,45.0,43.2,46.8,34.3,33.6,35.0,40.6,45.2,36.0,0.289,3.61,0.0998,3.12,3.09,3.75,0.0804,2.7,2.18,0.0384,0.886,0.27,38.1,28.0,84,26,200,1.5,5.3,3.6,3.2,2.9,2.6,2.5,2.9,3.5,1.8,2.8,6.2,1.3,3.1,43.2,0.00356,0.196,7.99,0.0,0.0,13.1
33.7,33.2,34.2,48.7,43.2,54.2,36.2,33.2,39.2,40.6,42.2,39.0,0.291,3.61,0.101,3.13,3.03,3.77,0.0771,2.71,2.17,0.0376,0.885,0.269,37.8,28.0,86,26,200,1.9,5.6,3.5,2.4,3.0,2.8,3.0,3.1,3.1,2.8,3.0,6.4,2.3,2.7,45.6,0.0029,0.182,8.74,0.0,0.0,12.5
32.6,34.0,31.2,48.3,49.8,46.8,34.8,34.0,35.6,39.5,40.2,38.8,0.306,3.56,0.104,3.16,3.04,3.67,0.0794,2.71,2.21,0.0385,0.889,0.274,38.1,28.0,92,27,200,2.1,6.5,2.2,2.8,2.7,3.7,3.6,3.4,2.3,2.8,2.8,6.0,2.6,2.8,46.3,0.00367,0.192,9.21,0.0,0.0,13.4
32.0,30.0,34.0,47.2,45.2,49.2,36.2,38.0,34.4,39.3,43.8,34.8,0.293,3.58,0.102,3.19,2.99,3.62,0.078,2.72,2.16,0.0386,0.888,0.272,37.7,28.0,91,28,200,1.1,5.5,2.6,3.7,1.9,3.0,3.9,3.1,2.6,2.3,2.8,6.2,2.0,3.5,44.2,0.00338,0.186,8.32,0.0,0.0,14.7
31.5,30.6,32.4,50.7,51.6,49.8,35.4,34.6,36.2,36.5,35.6,37.4,0.294,3.63,0.0999,3.26,2.88,3.59,0.0771,2.7,2.2,0.0366,0.888,0.271,37.3,27.0,77,24,200,1.2,5.6,3.1,2.6,1.5,1.6,4.3,3.4,3.2,2.3,2.5,5.3,1.4,4.1,42.1,0.00416,0.207,7.54,0.0,0.0,14.2
33.6,31.2,36.0,48.0,51.6,44.4,34.6,38.4,30.8,38.1,38.0,38.2,0.288,3.6,0.0973,3.3,2.85,3.54,0.0747,2.71,2.15,0.0367,0.887,0.266,37.5,27.0,84,25,200,1.5,5.5,2.9,2.3,1.8,2.8,3.3,3.8,3.8,2.2,2.0,5.0,0.9,4.3,42.1,0.00346,0.198,7.08,0.0,0.0,13.9
33.0,33.8,32.2,47.1,49.2,45.0,37.7,38.0,37.4,40.2,39.2,41.2,0.283,3.59,0.0978,3.34,2.81,3.51,0.0747,2.74,2.14,0.0388,0.888,0.265,37.7,27.0,92,30,200,1.3,5.1,2.2,2.5,2.5,3.5,2.5,2.7,4.1,2.8,3.1,5.0,0.6,3.8,41.7,0.00416,0.21,6.85,0.0,0.0,14.0
33.3,30.0,36.6,45.8,43.8,47.8,37.3,36.2,38.4,36.6,30.6,42.6,0.269,3.62,0.0952,3.38,2.82,3.53,0.0795,2.7,2.15,0.0379,0.176,0.265,37.4,27.0,90,27,200,1.4,5.7,2.4,2.9,2.3,2.9,2.6,2.4,2.9,3.7,3.0,5.7,1.5,3.8,43.2,0.00415,0.197,9.25,0.0,0.0,13.3
32.2,31.8,32.6,47.1,48.4,45.8,34.7,36.0,33.4,39.5,50.0,29.0,0.28,3.57,0.0931,3.33,2.74,3.56,0.0764,2.64,2.14,0.0379,0.174,0.264,37.2,27.0,81,25,200,1.6,4.7,2.7,3.1,1.8,2.3,2.7,3.1,3.4,3.9,2.5,6.3,2.1,3.3,43.5,0.00346,0.214,9.09,0.0,0.0,13.0
34.2,34.0,34.4,49.5,44.6,54.4,38.3,37.8,38.8,38.4,38.6,38.2,0.266,3.56,0.0947,3.44,2.75,3.52,0.0777,2.69,2.17,0.0388,0.176,0.271,37.1,27.0,87,26,200,2.0,4.5,2.3,2.2,2.3,2.1,2.6,2.9,4.5,3.5,2.6,5.7,1.9,3.8,42.9,0.00329,0.19,9.32,0.0,0.0,11.6
33.2,29.4,37.0,48.8,47.6,50.0,37.4,36.6,38.2,40.7,50.0,31.4,0.28,3.73,0.0976,3.61,2.92,3.72,0.0821,2.79,2.26,0.0369,0.183,0.289,37.1,27.0,91,25,200,2.1,5.8,2.4,1.9,2.3,3.0,2.2,2.9,3.5,3.5,2.3,5.8,2.0,4.1,43.8,0.00443,0.21,6.99,0.0,0.0,13.4
32.9,33.0,32.8,46.8,52.2,41.4,35.4,32.4,38.4,39.3,33.8,44.8,0.299,3.96,0.101,3.79,3.05,3.95,0.0845,2.96,2.38,0.0371,0.187,0.298,37.1,27.0,100,24,200,2.2,6.4,2.9,2.1,2.7,3.1,3.1,2.2,3.3,3.3,2.7,6.7,2.1,3.7,46.5,0.00376,0.198,7.1,0.0,0.0,14.8
32.2,30.8,33.6,27.6,31.4,23.8,34.7,33.8,35.6,32.3,33.8,30.8,0.308,4.11,0.104,3.99,3.21,4.12,0.0878,3.12,2.51,0.037,0.195,0.313,37.2,27.0,110,25,200,2.9,5.8,3.2,2.2,2.8,2.7,3.8,2.7,2.6,2.6,2.7,6.3,1.6,3.3,45.2,0.00299,0.206,7.88,0.0,0.0,13.9
30.0,26.6,33.4,51.0,50.2,51.8,32.7,29.8,35.6,42.9,44.2,41.6,0.243,3.56,0.0872,3.38,2.75,3.44,0.0698,2.65,2.12,0.0379,0.174,0.255,46.2,36.0,90,31,200,36.3,7.5,3.0,3.33,4.33,2.83,1.67,4.17,1.83,3.17,3.5,6.33,1.33,4.33,83.7,0.00341,0.186,0.0,0.0,0.0,0.0
34.4,36.4,32.4,50.8,52.8,48.8,35.0,36.2,33.8,44.7,48.0,41.4,0.244,3.56,0.088,3.38,2.74,3.38,0.0844,2.64,2.13,0.0378,0.172,0.261,44.2,33.0,95,29,200,18.1,6.5,2.4,3.1,3.4,3.4,1.9,3.5,3.1,2.8,2.6,5.4,1.0,3.7,60.9,0.00263,0.176,9.21,0.0,0.0,0.0
33.2,37.0,29.4,52.6,51.6,53.6,32.5,36.0,29.0,46.0,45.2,46.8,0.245,3.59,0.0892,3.36,2.78,3.42,0.0866,2.63,2.11,0.0379,0.171,0.26,42.8,32.0,95,28,200,1.6,5.2,2.3,2.7,2.6,3.4,2.5,2.2,3.4,2.2,2.2,4.0,1.3,3.9,39.5,0.00257,0.184,14.6,0.0,0.0,25.4
35.9,35.2,36.6,50.7,48.6,52.8,36.1,39.0,33.2,44.0,38.2,49.8,0.251,3.55,0.0891,3.31,2.77,3.4,0.0848,2.71,2.13,0.0372,0.172,0.255,42.6,31.0,93,28,200,1.7,5.3,3.2,3.7,3.0,2.6,2.2,2.4,2.9,3.0,2.8,5.4,2.2,4.1,44.5,0.00396,0.178,18.7,0.0,0.0,30.2
31.4,31.6,31.2,52.0,51.4,52.6,33.4,33.0,33.8,43.7,38.0,49.4,0.247,3.54,0.0871,3.31,2.8,3.4,0.0848,2.67,2.15,0.0382,0.173,0.256,42.0,31.0,97,29,200,1.8,6.1,3.0,3.1,3.9,2.7,2.1,2.6,2.8,3.3,2.4,6.5,2.2,4.3,46.8,0.00396,0.188,13.6,0.0,0.0,36.1
33.5,37.2,29.8,53.7,54.0,53.4,34.6,36.0,33.2,42.6,41.4,43.8,0.246,3.53,0.0877,3.31,2.78,3.45,0.0841,2.65,2.12,0.0383,0.17,0.259,41.1,30.0,95,28,200,2.3,5.5,2.5,2.1,3.4,3.6,3.0,2.5,2.1,2.1,2.2,5.6,1.9,3.4,42.2,0.00393,0.18,12.5,0.0,0.0,16.6
31.6,31.2,32.0,52.0,55.4,48.6,32.7,33.8,31.6,44.8,42.4,47.2,0.244,3.53,0.0856,3.25,2.79,3.43,0.0852,2.67,2.16,0.0383,0.168,0.256,40.6,30.0,85,28,200,2.4,6.4,2.6,3.2,2.7,2.8,3.7,2.6,2.1,3.1,2.4,5.2,1.8,2.5,43.5,0.00333,0.193,12.2,0.0,0.0,17.4
33.4,34.4,32.4,51.2,50.4,52.0,34.5,35.4,33.6,43.7,46.0,41.4,0.241,3.48,0.0891,3.2,2.87,3.43,0.0859,2.67,2.12,0.0383,0.167,0.26,40.1,29.0,89,26,200,2.0,6.7,2.3,2.7,2.6,2.3,3.9,2.9,3.0,4.1,1.8,3.9,1.4,3.9,43.5,0.00331,0.191,13.5,0.0,0.0,17.2
32.6,33.0,32.2,55.8,51.8,59.8,33.8,35.2,32.4,45.9,43.2,48.6,0.251,3.44,0.0883,3.19,2.87,3.45,0.0864,2.61,2.11,0.0384,0.168,0.266,40.4,30.0,110,27,200,1.3,5.9,2.0,2.0,3.0,3.6,3.3,2.9,3.1,3.2,1.5,4.4,1.3,4.4,41.9,0.00258,0.188,12.9,0.0,0.0,19.1
33.8,30.2,37.4,51.4,47.0,55.8,35.9,36.2,35.6,43.2,40.0,46.4,0.251,3.5,0.0891,3.17,2.88,3.41,0.0862,2.65,2.12,0.0375,0.168,0.266,40.6,30.0,110,33,200,1.7,5.8,1.8,2.3,3.4,3.9,2.5,2.3,2.6,2.8,2.6,6.1,1.7,4.7,44.2,0.00266,0.186,12.3,0.0,0.0,20.4
31.8,29.6,34.0,52.6,50.2,55.0,34.2,37.2,31.2,44.4,41.6,47.2,0.252,3.5,0.0882,3.16,2.84,3.42,0.0816,2.64,2.12,0.0372,0.167,0.269,40.6,30.0,100,31,200,1.9,6.4,2.5,2.6,2.7,3.2,1.8,2.3,2.3,2.7,3.5,6.0,2.0,4.2,44.1,0.00275,0.196,11.5,0.0,0.0,20.9
33.2,32.6,33.8,54.3,52.8,55.8,35.1,34.0,36.2,43.6,57.6,29.6,0.247,3.48,0.0884,3.19,2.87,3.37,0.081,2.64,2.1,0.0381,0.166,0.267,40.5,30.0,95,28,200,1.4,6.2,2.7,2.8,2.5,3.0,1.9,2.3,2.1,2.8,3.1,5.4,2.3,4.7,43.2,0.00342,0.182,11.8,0.0,0.0,19.1
32.8,33.6,32.0,54.1,54.8,53.4,34.6,35.0,34.2,44.3,52.8,35.8,0.243,3.47,0.0874,3.07,2.88,3.4,0.0792,2.58,2.08,0.0383,0.165,0.262,40.7,30.0,110,29,200,1.3,5.4,2.5,2.9,2.9,3.1,2.7,2.4,2.4,2.7,2.5,5.4,2.1,4.3,42.6,0.00281,0.188,14.0,0.0,0.0,18.0
33.5,32.4,34.6,50.8,48.2,53.4,34.0,36.2,31.8,45.2,54.8,35.6,0.233,3.48,0.0872,3.05,2.84,3.41,0.0779,2.63,2.11,0.0383,0.164,0.259,40.6,30.0,110,30,200,1.1,5.5,3.2,2.8,2.8,2.9,3.1,2.9,3.5,2.2,2.6,5.5,1.1,3.5,42.7,0.004,0.195,13.6,0.0,0.0,16.8
34.5,32.6,36.4,56.7,54.2,59.2,35.1,36.2,34.0,42.7,33.2,52.2,0.235,3.42,0.0895,3.05,2.89,3.37,0.0805,2.57,2.06,0.039,0.167,0.264,40.4,30.0,90,28,200,1.4,5.3,2.8,2.7,2.3,2.8,2.7,2.8,3.5,2.3,2.4,5.0,1.1,4.2,41.3,0.00319,0.197,12.5,0.0,0.0,16.1
34.8,36.2,33.4,51.0,49.0,53.0,35.8,37.0,34.6,44.2,48.0,40.4,0.238,3.41,0.091,3.02,2.94,3.39,0.0816,2.58,2.08,0.0381,0.165,0.267,41.1,30.0,99,33,200,1.5,5.9,3.5,3.6,2.6,2.8,2.7,2.5,2.8,2.2,2.2,5.8,2.1,3.5,43.7,0.00401,0.188,10.7,0.0,0.0,18.1
31.8,32.4,31.2,54.0,54.2,53.8,34.3,35.0,33.6,44.4,44.2,44.6,0.261,3.58,0.0945,3.15,3.06,3.56,0.0865,2.68,2.17,0.0382,0.168,0.282,41.0,30.0,130,30,200,1.7,5.5,3.3,3.5,2.9,3.1,3.1,2.1,2.8,2.2,2.9,5.9,2.7,3.8,45.5,0.00391,0.199,10.4,0.0,0.0,17.8
33.9,33.4,34.4,52.0,53.0,51.0,32.3,31.8,32.8,44.5,42.0,47.0,0.281,3.73,0.0977,3.31,3.23,3.75,0.0901,2.88,2.31,0.0382,0.174,0.299,40.8,30.0,95,25,200,2.5,6.3,2.4,2.9,2.7,3.0,3.3,1.8,2.9,1.9,3.0,5.4,2.5,3.6,44.2,0.00391,0.194,12.4,0.0,0.0,19.3
33.3,32.2,34.4,38.6,38.4,38.8,34.6,35.0,34.2,38.2,40.4,36.0,0.288,3.92,0.099,3.46,3.38,3.92,0.0935,2.99,2.42,0.0383,0.181,0.312,40.7,30.0,88,27,200,2.0,6.5,2.7,2.3,2.9,3.0,2.8,1.9,3.4,2.3,2.2,5.1,1.8,3.0,41.9,0.0034,0.197,10.3,0.0,0.0,17.4
34.3,37.6,31.0,56.1,55.6,56.6,39.0,38.6,39.4,50.2,51.4,49.0,0.25,3.43,0.0899,3.1,2.94,3.48,0.0668,2.57,2.1,0.039,0.723,0.261,46.7,36.0,120,40,200,43.0,6.2,3.6,4.2,3.0,3.6,5.0,3.2,2.6,4.4,3.0,6.0,2.0,6.0,95.8,0.00336,0.194,0.0,0.0,0.0,0.0
34.2,34.2,34.2,54.8,55.2,54.4,33.9,32.2,35.6,48.2,49.4,47.0,0.251,3.4,0.0903,3.03,2.94,3.5,0.0691,2.57,2.1,0.0369,0.722,0.263,46.7,35.0,130,43,200,22.1,5.3,2.8,3.4,2.4,2.8,3.9,2.9,2.1,3.0,2.8,5.2,1.5,4.9,65.1,0.00325,0.18,0.0,0.0,0.0,0.0
32.8,35.2,30.4,54.7,51.4,58.0,35.6,34.8,36.4,48.9,56.0,41.8,0.232,3.44,0.0876,3.05,2.93,3.46,0.0657,2.61,2.09,0.0369,0.723,0.259,46.1,35.0,110,34,200,1.5,6.6,1.8,1.8,2.5,2.6,2.6,3.6,1.8,2.0,2.7,4.9,1.3,4.1,39.8,0.0032,0.203,0.0,0.0,0.0,0.0
36.3,39.0,33.6,57.8,64.2,51.4,33.5,32.6,34.4,48.1,48.4,47.8,0.239,3.4,0.09,3.08,2.93,3.5,0.0665,2.55,2.06,0.0378,0.723,0.264,44.3,33.0,100,28,200,1.7,7.7,2.3,1.6,3.4,2.2,2.2,3.4,2.3,2.8,2.4,4.7,1.3,3.4,41.4,0.00331,0.19,24.6,0.0,0.0,0.0
36.4,33.4,39.4,54.1,53.4,54.8,34.1,36.4,31.8,50.5,50.7,50.3,0.245,3.46,0.0896,3.07,2.9,3.58,0.067,2.59,2.08,0.0379,0.723,0.263,44.4,33.0,97,29,200,1.5,6.9,3.0,2.3,3.4,2.0,2.1,2.5,3.0,2.9,2.4,4.8,1.5,2.7,41.0,0.00283,0.199,29.9,0.0,0.0,44.3
37.6,37.4,37.8,54.4,55.6,53.2,33.6,35.0,32.2,48.0,48.5,47.5,0.243,3.47,0.091,3.03,2.99,3.66,0.0689,2.61,2.11,0.0379,0.722,0.259,43.7,32.0,97,30,200,1.1,6.2,2.3,2.7,3.9,2.9,2.7,3.7,2.8,2.3,2.9,4.8,1.6,3.4,43.3,0.0033,0.188,34.6,0.0,0.0,52.8
37.9,38.6,37.2,54.7,53.8,55.6,33.2,36.6,29.8,48.6,48.1,49.1,0.239,3.42,0.0887,3.04,2.99,3.76,0.0681,2.56,2.13,0.0377,0.722,0.259,45.0,33.0,140,32,200,1.8,5.1,2.5,3.1,3.8,2.2,3.0,4.0,2.4,2.6,3.0,6.0,1.5,3.2,44.2,0.0041,0.202,16.2,0.0,0.0,60.0
36.3,36.6,36.0,55.5,60.4,50.6,33.9,34.2,33.6,48.7,45.5,51.9,0.232,3.37,0.0886,3.05,2.99,3.71,0.0657,2.57,2.09,0.0376,0.722,0.257,44.7,33.0,130,33,200,3.1,4.9,2.9,3.3,3.1,1.6,3.3,3.2,2.9,3.1,2.3,6.8,1.5,2.7,44.7,0.00348,0.183,15.9,0.0,0.0,22.8
35.5,33.8,37.2,55.4,56.6,54.2,34.3,32.6,36.0,48.5,52.8,44.2,0.227,3.36,0.0868,3.04,3.03,3.8,0.0661,2.6,2.09,0.0377,0.722,0.256,44.4,32.0,110,29,200,2.8,5.5,3.1,3.2,2.7,1.9,2.8,2.7,3.7,3.2,2.0,5.1,1.4,3.1,43.2,0.00275,0.2,15.9,0.0,0.0,22.1
31.9,29.8,34.0,57.9,55.8,60.0,33.9,29.8,38.0,48.4,43.0,53.8,0.23,3.37,0.0889,3.04,3.0,3.8,0.0664,2.61,2.13,0.0363,0.722,0.259,44.3,32.0,110,31,200,1.7,5.8,3.7,2.5,2.8,1.9,2.2,2.2,3.8,3.1,2.7,6.1,1.5,3.6,43.6,0.00333,0.196,14.9,0.0,0.0,23.5
34.6,30.8,38.4,54.4,54.4,54.4,33.8,33.0,34.6,51.2,53.0,49.4,0.235,3.39,0.091,3.08,3.02,3.78,0.0688,2.57,2.07,0.0383,0.722,0.261,43.9,31.0,100,29,200,1.2,5.8,3.6,2.1,3.4,1.7,2.3,2.9,3.6,2.4,2.5,5.6,1.4,3.1,41.6,0.00341,0.202,15.5,0.0,0.0,21.4
33.7,34.4,33.0,52.8,51.6,54.0,34.4,33.4,35.4,48.7,42.6,54.8,0.23,3.4,0.0876,3.02,3.07,3.81,0.0667,2.63,2.12,0.0365,0.723,0.261,43.8,31.0,100,27,200,1.5,6.1,2.6,3.0,3.6,2.2,2.7,2.8,2.9,2.2,3.0,5.3,1.7,3.8,43.4,0.00269,0.187,17.1,0.0,0.0,22.4
35.0,33.4,36.6,54.2,54.4,54.0,36.1,36.2,36.0,49.2,45.0,53.4,0.225,3.47,0.0863,3.03,3.05,3.77,0.067,2.56,2.07,0.0382,0.721,0.256,43.7,31.0,100,29,200,2.0,5.8,1.6,3.2,2.9,2.4,2.5,2.5,2.3,2.5,3.5,5.8,1.8,4.9,43.7,0.0047,0.201,17.0,0.0,0.0,20.9
32.8,35.6,30.0,54.3,55.8,52.8,33.7,35.4,32.0,49.3,52.0,46.6,0.221,3.37,0.0851,3.0,3.05,3.82,0.0642,2.54,2.06,0.0381,0.721,0.253,43.7,31.0,110,31,200,2.3,4.6,2.3,1.8,1.9,1.6,3.2,3.6,3.4,2.8,2.8,5.3,1.8,4.0,41.4,0.00544,0.18,17.7,0.0,0.0,22.9
33.1,35.0,31.2,56.0,53.8,58.2,35.5,35.8,35.2,49.0,47.2,50.8,0.214,3.45,0.0865,3.0,3.08,3.81,0.0658,2.49,2.04,0.038,0.719,0.253,43.4,31.0,110,31,200,2.0,5.2,2.3,1.7,1.9,1.7,3.8,3.6,3.3,3.2,2.4,5.8,1.9,3.6,42.4,0.00478,0.193,17.8,0.0,0.0,22.9
34.6,37.6,31.6,55.6,55.8,55.4,36.2,33.0,39.4,49.5,58.4,40.6,0.215,3.45,0.0885,3.01,3.08,3.85,0.0683,2.57,2.03,0.0372,0.721,0.257,43.1,31.0,100,28,200,2.0,6.4,2.2,2.4,2.5,2.4,2.2,3.1,2.3,3.3,2.3,5.3,1.7,3.9,42.0,0.00408,0.185,17.6,0.0,0.0,24.6
35.2,33.8,36.6,54.1,52.8,55.4,34.9,31.0,38.8,48.7,57.0,40.4,0.245,3.54,0.0959,3.12,3.2,3.98,0.0745,2.6,2.07,0.0361,0.723,0.276,43.0,31.0,95,28,200,2.0,5.3,3.3,2.9,2.9,2.4,1.9,2.9,3.0,3.3,2.2,6.8,2.5,3.8,45.2,0.00471,0.196,16.7,0.0,0.0,23.3
32.2,33.8,30.6,53.0,53.6,52.4,33.7,32.2,35.2,49.3,53.4,45.2,0.264,3.71,0.0964,3.25,3.39,4.17,0.0776,2.73,2.17,0.0371,0.73,0.291,42.9,31.0,120,28,200,2.1,5.2,3.4,3.5,2.4,2.0,2.1,2.8,3.1,3.6,2.3,7.5,2.9,3.2,46.1,0.0034,0.184,15.0,0.0,0.0,23.2
34.4,34.8,34.0,48.5,50.2,46.8,34.0,36.2,31.8,49.4,53.0,45.8,0.265,3.89,0.0998,3.42,3.53,4.3,0.0792,2.86,2.28,0.037,0.734,0.299,42.6,30.0,120,26,200,2.1,5.6,2.8,2.9,2.4,2.3,1.9,3.6,2.6,3.1,2.6,5.6,1.8,3.4,42.7,0.00339,0.211,17.6,0.0,0.0,20.9
38.4,34.0,42.8,62.6,60.2,65.0,46.8,46.6,47.0,54.1,57.8,50.4,0.251,3.44,0.0918,3.01,3.08,3.73,0.0713,2.55,2.02,0.0358,0.158,0.264,56.1,45.0,140,52,200,46.3,6.5,4.75,5.25,4.0,3.5,2.5,4.5,3.75,4.5,1.75,7.5,1.75,4.5,101.0,0.0029,0.204,0.0,0.0,0.0,0.0
34.4,34.4,34.4,58.0,62.8,53.2,32.5,34.6,30.4,54.2,50.4,58.0,0.245,3.41,0.0899,3.03,3.05,3.66,0.0707,2.54,2.04,0.0375,0.159,0.263,52.9,40.0,140,47,200,23.9,6.33,3.22,3.56,2.56,2.67,3.0,3.89,3.33,3.44,1.89,6.22,2.0,3.56,69.6,0.00294,0.193,0.0,0.0,0.0,23.3
31.7,31.8,31.6,60.0,58.0,62.0,35.8,36.4,35.2,54.0,68.0,40.0,0.24,3.39,0.0892,3.05,2.96,3.55,0.0697,2.54,2.03,0.0374,0.156,0.258,51.2,38.0,120,31,200,4.4,5.4,2.5,2.8,2.0,2.4,3.9,2.4,3.4,2.5,2.7,5.5,1.7,3.4,45.0,0.00307,0.206,0.0,0.0,0.0,32.3
32.5,33.0,32.0,59.2,58.2,60.2,34.7,36.6,32.8,56.4,59.2,53.6,0.258,3.4,0.0922,3.0,2.93,3.48,0.0702,2.49,1.98,0.0372,0.157,0.26,49.5,36.0,120,30,200,2.3,5.4,2.5,2.9,2.6,2.7,3.6,2.4,2.8,2.3,3.0,5.1,1.3,3.3,42.2,0.00421,0.195,0.0,0.0,0.0,40.7
33.9,31.0,36.8,62.2,63.4,61.0,34.3,33.6,35.0,53.8,47.0,60.6,0.263,3.42,0.0904,3.05,2.97,3.53,0.0719,2.53,2.01,0.0365,0.158,0.261,48.4,36.0,110,30,200,2.3,5.2,2.9,2.8,2.6,2.7,2.4,3.0,2.1,2.2,3.2,5.3,2.2,3.8,42.7,0.00375,0.204,36.4,0.0,0.0,26.5
33.0,33.8,32.2,58.8,58.4,59.2,34.9,36.6,33.2,55.0,54.4,55.6,0.262,3.42,0.0936,3.02,2.88,3.37,0.0711,2.55,2.01,0.0363,0.158,0.265,47.8,36.0,110,32,200,1.6,5.3,4.0,2.5,3.0,2.7,2.0,3.0,1.9,2.8,3.5,6.6,2.3,4.1,45.3,0.00368,0.188,41.9,0.0,0.0,28.0
33.6,34.8,32.4,60.0,63.4,56.6,34.0,37.2,30.8,55.0,43.4,66.6,0.256,3.41,0.0908,3.03,2.93,3.4,0.0697,2.5,1.94,0.0366,0.156,0.263,47.5,35.0,120,30,200,2.2,6.6,3.2,1.6,2.9,2.7,2.5,3.2,2.5,3.2,2.9,5.5,1.4,2.9,43.3,0.00372,0.188,50.2,0.0,0.0,29.2
33.0,36.4,29.6,60.7,61.6,59.8,33.2,34.8,31.6,52.3,47.2,57.4,0.265,3.34,0.09,3.04,2.92,3.42,0.0689,2.5,1.99,0.0356,0.154,0.264,47.0,34.0,120,29,200,2.9,5.9,3.2,2.4,2.1,2.8,3.3,2.8,2.9,2.7,3.4,5.6,1.7,2.6,44.3,0.00339,0.187,20.5,0.0,0.0,29.2
31.6,33.0,30.2,61.2,58.0,64.4,34.7,37.4,32.0,54.7,49.2,60.2,0.259,3.37,0.0894,3.04,2.84,3.36,0.0706,2.49,1.99,0.0365,0.154,0.264,46.9,34.0,99,30,200,1.6,6.0,3.3,3.0,2.0,2.7,2.9,2.2,2.3,3.1,4.2,6.4,1.9,2.9,44.5,0.00275,0.19,21.5,0.0,0.0,27.0
29.7,33.0,26.4,58.2,59.2,57.2,33.9,33.6,34.2,53.0,54.8,51.2,0.261,3.33,0.0898,3.06,2.8,3.36,0.0685,2.51,1.98,0.0358,0.156,0.263,47.2,35.0,120,34,200,1.4,6.1,2.5,2.8,3.0,2.7,2.1,2.0,2.2,2.5,3.8,5.1,1.5,3.7,41.4,0.004,0.181,20.7,0.0,0.0,26.5
33.4,36.0,30.8,58.3,55.8,60.8,36.6,37.0,36.2,55.4,56.6,54.2,0.26,3.35,0.0915,3.11,2.79,3.37,0.07,2.52,2.01,0.0366,0.156,0.268,46.6,34.0,120,31,200,1.8,5.1,2.8,2.3,3.0,3.0,2.6,2.5,2.6,1.7,3.1,5.0,1.6,4.0,41.1,0.00346,0.181,20.6,0.0,0.0,26.3
33.4,31.6,35.2,61.7,61.8,61.6,32.9,35.6,30.2,53.1,55.4,50.8,0.253,3.31,0.0872,3.12,2.78,3.37,0.068,2.51,1.99,0.0357,0.157,0.271,46.4,33.0,110,29,200,2.4,5.6,2.3,2.3,1.9,3.2,2.5,2.7,3.0,2.2,3.6,5.3,1.6,4.3,42.9,0.00424,0.185,22.0,0.0,0.0,26.4
35.8,34.8,36.8,62.0,65.4,58.6,35.4,38.2,32.6,54.5,52.8,56.2,0.269,3.31,0.0921,3.13,2.78,3.4,0.0708,2.5,2.02,0.0377,0.155,0.268,46.2,33.0,110,32,200,2.4,6.2,2.0,2.7,1.9,2.5,2.2,2.9,2.9,2.8,3.6,6.1,2.0,3.6,43.8,0.00433,0.178,19.3,0.0,0.0,29.0
36.8,35.6,38.0,59.6,58.8,60.4,34.9,36.8,33.0,54.4,58.2,50.6,0.247,3.29,0.0869,3.06,2.81,3.43,0.0689,2.5,2.03,0.0377,0.153,0.265,46.4,33.0,120,33,200,1.7,4.7,2.4,2.5,2.3,2.8,2.7,2.5,2.9,3.9,3.3,6.9,2.4,3.4,44.4,0.00443,0.183,21.7,0.0,0.0,27.6
35.3,35.4,35.2,58.2,63.6,52.8,35.8,37.0,34.6,55.2,61.6,48.8,0.245,3.32,0.0892,3.12,2.78,3.46,0.0703,2.55,2.06,0.0359,0.153,0.26,46.2,33.0,110,31,200,1.9,4.7,2.2,2.6,2.4,3.5,2.2,1.9,2.4,3.5,3.7,5.7,1.7,3.9,42.3,0.00302,0.195,18.2,0.0,0.0,28.8
37.2,36.8,37.6,59.6,57.8,61.4,34.5,35.2,33.8,53.0,58.8,47.2,0.253,3.33,0.0903,3.19,2.82,3.58,0.0685,2.55,2.05,0.0369,0.155,0.268,46.0,33.0,97,31,200,2.2,5.4,2.8,2.5,2.6,3.6,2.2,2.0,3.4,2.4,3.2,5.1,1.4,3.9,42.7,0.00285,0.183,21.4,0.0,0.0,27.5
36.1,34.2,38.0,59.0,62.0,56.0,35.2,35.8,34.6,55.2,54.2,56.2,0.253,3.43,0.0897,3.26,2.88,3.67,0.073,2.56,2.06,0.0367,0.157,0.272,45.9,33.0,95,32,200,1.3,5.4,3.1,3.0,2.7,3.2,3.1,2.4,3.5,1.8,3.4,5.4,1.6,4.7,44.6,0.00362,0.196,20.8,0.0,0.0,29.2
36.8,34.2,39.4,61.0,63.6,58.4,33.7,37.2,30.2,53.7,55.2,52.2,0.267,3.6,0.0935,3.39,3.06,3.96,0.0789,2.73,2.15,0.0367,0.161,0.29,45.7,33.0,110,29,200,1.3,5.8,2.8,3.1,2.2,2.8,3.1,2.8,1.9,2.4,2.9,5.2,1.5,4.5,42.3,0.00301,0.194,23.2,0.0,0.0,27.1
33.5,31.0,36.0,52.8,57.4,48.2,37.5,35.4,39.6,55.4,54.8,56.0,0.289,3.82,0.101,3.57,3.23,4.14,0.0825,2.85,2.28,0.0358,0.168,0.309,45.4,33.0,99,29,200,1.7,4.7,4.1,2.4,3.1,2.9,2.7,2.9,2.4,3.2,2.5,6.1,2.1,4.2,45.0,0.00224,0.194,20.2,0.0,0.0,26.3
51.3,49.8,52.8,46.0,44.6,47.4,58.2,59.2,57.2,34.5,34.4,34.6,0.268,3.59,0.096,3.32,2.98,4.06,0.0788,2.61,2.07,0.036,0.157,0.276,121.0,120.0,240,120,300,74.3,11.7,5.67,7.67,4.67,5.0,8.0,5.67,3.33,4.33,5.0,13.3,3.33,6.67,159.0,0.00284,0.184,0.0,0.0,0.0,0.0
37.8,38.2,37.4,50.1,51.0,49.2,37.3,37.0,37.6,34.5,33.2,35.8,0.259,3.59,0.1,3.32,2.97,4.06,0.0784,2.62,2.09,0.0368,0.161,0.279,96.3,88.0,220,82,300,40.8,9.5,4.88,6.63,4.25,4.0,4.75,3.63,4.25,3.63,3.75,9.38,2.88,5.25,108.0,0.00435,0.181,0.0,0.0,0.0,0.0
39.4,37.8,41.0,48.8,50.2,47.4,38.1,37.6,38.6,32.6,28.2,37.0,0.28,3.71,0.0996,3.38,3.1,4.24,0.0829,2.65,2.18,0.0371,0.164,0.288,81.4,58.0,77,26,300,11.3,8.4,4.2,5.3,4.2,4.5,3.2,3.4,5.0,3.8,3.6,8.1,3.0,4.6,72.6,0.00425,0.201,0.0,0.0,0.0,10.1
41.9,42.6,41.2,50.1,49.8,50.4,39.6,39.6,39.6,34.5,31.6,37.4,0.29,3.79,0.102,3.45,3.22,4.35,0.0859,2.75,2.25,0.0379,0.168,0.299,73.5,49.0,92,29,300,2.0,8.0,4.4,4.8,4.4,4.8,3.5,3.5,5.2,4.1,4.5,8.9,3.0,5.5,66.6,0.00368,0.194,0.0,0.0,0.0,12.6
38.0,36.0,40.0,45.7,42.0,49.4,38.6,39.0,38.2,35.6,40.8,30.4,0.287,3.89,0.105,3.51,3.31,4.4,0.088,2.84,2.35,0.0369,0.171,0.303,67.4,41.0,90,27,300,2.8,8.3,4.0,4.6,3.8,4.3,3.6,3.8,5.3,4.6,4.3,9.0,2.9,5.6,66.9,0.00436,0.209,6.89,0.0,0.0,15.8
38.4,36.8,40.0,47.2,49.0,45.4,41.4,41.6,41.2,36.6,33.2,40.0,0.291,3.93,0.107,3.58,3.43,4.54,0.0874,2.89,2.38,0.037,0.172,0.311,62.4,37.0,83,25,300,3.6,9.3,3.5,4.1,3.8,5.0,3.3,4.4,4.5,4.1,4.3,8.0,2.5,6.0,66.4,0.00372,0.188,8.16,0.0,0.0,9.07
38.8,39.4,38.2,44.6,43.6,45.6,38.5,40.4,36.6,32.7,34.8,30.6,0.304,4.03,0.107,3.69,3.54,4.72,0.0912,2.96,2.45,0.0381,0.174,0.322,59.1,36.0,83,25,300,3.5,9.9,4.4,4.0,4.0,4.7,3.6,4.0,4.3,3.2,4.1,8.4,2.1,5.8,66.0,0.00273,0.195,9.68,0.0,0.0,9.25
38.9,36.6,41.2,52.0,52.4,51.6,59.1,58.6,59.6,34.2,38.0,30.4,0.305,4.1,0.112,3.69,3.69,4.78,0.0932,3.03,2.43,0.0374,0.908,0.328,58.0,36.0,100,32,300,3.0,9.5,4.0,4.9,3.9,3.6,4.7,4.9,4.9,4.0,4.2,9.5,2.6,5.1,68.8,0.00261,0.182,4.29,0.0,0.0,10.1
39.6,38.8,40.4,46.3,50.0,42.6,38.7,37.4,40.0,35.7,34.4,37.0,0.326,4.25,0.116,3.81,3.73,4.92,0.0947,3.14,2.59,0.0382,0.909,0.33,55.8,34.0,100,31,300,2.4,8.6,3.8,4.8,4.7,3.5,5.1,5.1,3.8,4.5,3.6,8.3,3.0,5.9,67.1,0.00338,0.189,4.47,0.0,0.0,9.68
40.6,37.2,44.0,51.0,50.6,51.4,40.9,39.6,42.2,32.8,31.6,34.0,0.324,4.3,0.11,3.86,3.85,5.0,0.0934,3.19,2.64,0.0362,0.912,0.333,53.9,34.0,82,27,300,2.0,9.3,5.2,3.6,4.8,3.1,4.2,4.7,3.0,4.4,3.7,8.1,2.6,6.4,65.1,0.00325,0.169,2.95,0.0,0.0,9.54
35.9,35.4,36.4,46.7,46.8,46.6,38.7,40.2,37.2,34.5,35.2,33.8,0.332,4.42,0.116,3.94,3.87,4.99,0.0944,3.22,2.69,0.0361,0.917,0.344,52.8,33.0,84,29,300,2.8,9.5,5.6,3.5,3.7,3.4,3.5,4.3,4.3,4.8,4.7,8.2,2.6,6.7,67.6,0.00309,0.197,4.25,0.0,0.0,8.52
40.6,39.2,42.0,48.7,49.6,47.8,38.8,36.8,40.8,32.3,34.4,30.2,0.339,4.48,0.117,3.96,3.91,5.02,0.0955,3.27,2.74,0.0381,0.917,0.353,51.4,32.0,85,27,300,3.8,7.9,5.1,3.9,3.7,4.4,3.7,3.6,4.9,3.9,3.8,8.3,3.1,5.4,65.5,0.00391,0.185,2.79,0.0,0.0,7.96
38.0,37.0,39.0,46.2,44.4,48.0,38.3,42.0,34.6,36.0,38.2,33.8,0.342,4.56,0.118,3.96,3.97,5.05,0.0981,3.39,2.81,0.038,0.92,0.348,50.4,32.0,81,26,300,3.3,8.5,4.8,4.5,4.5,3.9,3.8,3.7,3.9,2.4,3.6,7.9,2.5,5.3,62.6,0.00322,0.2,5.52,0.0,0.0,9.53
41.3,39.8,42.8,46.9,48.6,45.2,40.7,38.0,43.4,34.4,37.2,31.6,0.355,4.61,0.122,3.95,4.12,5.09,0.1,3.49,2.88,0.0371,0.922,0.361,49.2,31.0,76,26,300,2.9,9.2,4.3,3.8,3.9,4.1,4.3,3.4,2.8,3.4,4.3,7.0,2.3,6.1,61.8,0.00246,0.188,3.99,0.0,0.0,8.79
38.7,40.2,37.2,46.4,42.8,50.0,39.0,39.6,38.4,33.6,32.6,34.6,0.368,4.66,0.125,4.11,4.22,5.11,0.102,3.52,2.99,0.0371,0.927,0.373,48.4,31.0,79,27,300,2.9,8.2,3.9,3.3,4.1,3.7,4.6,3.3,3.8,4.6,4.7,8.6,3.0,6.0,64.7,0.0032,0.208,5.46,0.0,0.0,10.4
40.3,43.0,37.6,43.3,46.2,40.4,40.9,41.0,40.8,36.2,34.8,37.6,0.366,4.74,0.125,4.19,4.31,5.27,0.104,3.57,2.99,0.037,0.929,0.375,47.3,30.0,79,26,300,2.6,8.7,4.1,4.0,5.3,3.0,4.8,3.8,4.2,4.1,4.6,9.6,3.1,6.0,67.9,0.0038,0.188,3.96,0.0,0.0,9.07
38.1,39.2,37.0,51.0,49.4,52.6,39.0,41.0,37.0,33.3,32.8,33.8,0.387,4.94,0.128,4.22,4.43,5.45,0.107,3.66,3.06,0.0372,0.933,0.388,46.7,30.0,80,26,300,2.3,8.0,3.8,4.6,4.5,3.3,5.0,4.4,3.5,4.5,4.2,8.7,2.9,6.8,66.5,0.00299,0.198,3.49,0.0,0.0,10.2
38.3,37.0,39.6,47.7,47.8,47.6,39.0,38.8,39.2,34.3,31.8,36.8,0.399,5.17,0.131,4.45,4.71,5.67,0.113,3.92,3.23,0.0371,0.939,0.411,46.6,30.0,91,29,300,3.1,8.3,3.2,4.6,3.8,4.3,3.7,4.3,4.1,4.8,3.8,8.8,3.1,6.2,66.1,0.00299,0.184,3.49,0.0,0.0,8.74
41.4,41.8,41.0,46.5,44.8,48.2,41.1,41.0,41.2,36.3,36.9,35.7,0.436,5.42,0.139,4.71,4.97,5.97,0.119,4.15,3.41,0.0371,0.952,0.433,46.4,30.0,110,32,300,3.6,9.7,3.6,3.8,3.9,5.0,3.0,3.8,4.0,3.4,3.8,8.7,2.9,4.4,63.6,0.0043,0.194,3.56,0.0,0.0,8.52
64.8,65.6,64.0,52.3,50.4,54.2,66.8,65.6,68.0,40.1,47.6,32.6,0.399,4.3,0.128,4.37,4.36,5.43,0.109,3.69,3.05,0.0362,0.936,0.381,101.0,91.0,220,88,300,61.5,7.5,4.0,4.5,5.5,3.0,2.5,5.5,4.0,5.0,2.5,8.5,1.0,5.0,120.0,0.00279,0.192,0.0,0.0,0.0,0.0
38.3,33.6,43.0,51.5,54.6,48.4,36.0,39.6,32.4,39.9,39.0,40.8,0.397,4.92,0.127,4.35,4.29,5.44,0.108,3.7,3.0,0.0374,0.933,0.382,83.5,72.0,200,69,300,45.7,10.0,5.43,5.14,4.86,5.0,4.0,5.86,3.43,3.86,3.71,10.4,3.0,5.86,116.0,0.00401,0.182,4.48,0.0,0.0,0.0
38.9,38.2,39.6,49.3,47.8,50.8,39.5,42.4,36.6,39.9,45.4,34.4,0.401,4.95,0.129,4.36,4.25,5.48,0.107,3.65,3.05,0.0373,0.933,0.379,73.5,57.0,110,29,300,21.1,11.0,4.6,5.0,3.3,5.8,4.4,5.0,4.1,3.6,3.5,9.5,3.5,5.8,90.2,0.00344,0.202,8.02,0.0,0.0,0.0
36.4,38.4,34.4,54.6,54.4,54.8,43.2,46.2,40.2,40.1,35.8,44.4,0.407,4.92,0.133,4.36,4.17,5.44,0.109,3.69,3.03,0.036,0.935,0.386,65.7,47.0,110,28,300,2.2,9.5,3.3,3.7,3.6,5.1,4.1,3.6,4.2,4.6,3.3,8.0,3.1,6.3,64.6,0.00272,0.187,9.48,0.0,0.0,18.1
38.1,35.0,41.2,49.8,54.6,45.0,39.5,39.0,40.0,37.9,40.2,35.6,0.411,4.98,0.131,4.49,4.1,5.38,0.109,3.71,3.09,0.0358,0.203,0.384,61.9,44.0,96,28,300,1.6,8.4,3.7,3.4,4.5,4.2,3.9,3.3,4.1,4.4,4.3,8.4,3.2,7.3,64.7,0.00329,0.203,7.76,0.0,0.0,23.2
37.3,39.0,35.6,53.3,52.0,54.6,41.1,41.4,40.8,39.7,38.2,41.2,0.404,4.91,0.13,4.48,4.07,5.4,0.111,3.72,3.06,0.0368,0.207,0.382,58.2,41.0,92,30,300,2.5,8.4,3.8,4.6,3.6,4.5,4.7,4.1,4.6,3.6,4.2,8.4,3.3,6.7,67.0,0.00454,0.196,6.95,0.0,0.0,29.0
40.9,40.6,41.2,52.0,53.0,51.0,42.1,43.4,40.8,39.7,35.6,43.8,0.411,4.87,0.134,4.57,4.02,5.38,0.111,3.69,3.0,0.0377,0.205,0.385,55.1,38.0,85,26,300,3.8,7.9,3.7,4.0,4.2,4.3,4.6,4.0,4.4,3.7,3.9,8.4,3.3,5.8,66.0,0.00331,0.21,8.2,0.0,0.0,15.0
35.6,36.0,35.2,53.2,55.0,51.4,40.7,38.8,42.6,40.3,48.0,32.6,0.413,4.92,0.132,4.65,4.02,5.47,0.111,3.78,3.05,0.0378,0.204,0.386,52.7,36.0,86,25,300,3.4,9.0,4.2,4.3,5.0,4.1,3.8,4.4,5.2,4.0,3.6,9.4,3.3,6.6,70.3,0.00331,0.199,6.87,0.0,0.0,13.0
38.5,38.0,39.0,53.0,52.0,54.0,40.6,41.4,39.8,39.6,38.8,40.4,0.414,4.91,0.132,4.69,4.08,5.51,0.113,3.75,3.03,0.0367,0.206,0.391,52.3,36.0,98,30,300,2.6,9.7,4.7,4.8,3.8,5.0,3.5,5.3,5.7,4.1,3.6,10.0,3.2,6.4,72.4,0.00331,0.206,7.79,0.0,0.0,11.9
38.3,41.0,35.6,52.5,53.0,52.0,41.6,38.8,44.4,37.1,39.6,34.6,0.434,4.92,0.133,4.7,4.04,5.52,0.115,3.7,3.03,0.0368,0.207,0.403,51.1,35.0,110,31,300,3.0,8.1,5.0,4.3,3.4,3.9,2.7,5.3,4.7,4.1,4.2,8.8,3.0,5.4,65.9,0.00322,0.195,8.11,0.0,0.0,12.3
37.0,38.2,35.8,50.0,50.4,49.6,38.8,37.8,39.8,39.8,44.2,35.4,0.414,4.9,0.129,4.82,3.94,5.51,0.109,3.68,3.07,0.0358,0.208,0.401,49.8,34.0,93,27,300,2.3,8.5,4.9,4.4,4.4,3.4,3.8,3.9,4.6,4.7,4.3,8.8,2.5,5.6,66.1,0.00259,0.21,8.74,0.0,0.0,14.3
35.3,34.2,36.4,48.2,46.6,49.8,40.5,40.2,40.8,38.6,42.4,34.8,0.405,4.95,0.128,4.78,3.88,5.49,0.108,3.71,3.09,0.0379,0.209,0.387,48.9,34.0,90,27,300,1.5,8.9,4.2,4.0,4.1,4.3,4.3,2.9,5.1,5.1,5.0,9.2,2.2,5.8,66.6,0.0033,0.198,7.78,0.0,0.0,13.8
38.5,41.6,35.4,51.2,54.4,48.0,39.0,41.8,36.2,41.1,46.0,36.2,0.405,4.89,0.127,4.73,3.82,5.38,0.104,3.73,3.09,0.0369,0.207,0.394,48.4,33.0,100,29,300,2.7,8.9,4.3,3.9,3.4,4.1,4.1,3.4,4.4,4.9,4.3,7.8,2.8,5.9,64.9,0.0033,0.205,7.56,0.0,0.0,13.9
36.1,36.0,36.2,54.7,56.0,53.4,39.6,40.0,39.2,36.0,25.0,47.0,0.385,4.85,0.126,4.81,3.8,5.39,0.105,3.73,3.09,0.0371,0.204,0.389,48.1,33.0,100,31,300,2.9,9.6,4.3,4.1,3.4,3.4,5.1,4.5,4.1,4.5,3.4,6.9,2.5,6.6,65.3,0.00403,0.19,8.22,0.0,0.0,13.9
38.5,40.0,37.0,52.8,52.8,52.8,40.9,43.2,38.6,39.8,38.6,41.0,0.392,4.82,0.13,4.82,3.77,5.47,0.104,3.73,3.09,0.0371,0.208,0.393,47.2,33.0,91,28,300,2.4,7.3,3.8,4.5,4.4,4.3,4.4,4.4,3.9,3.3,4.3,7.7,1.7,5.9,62.3,0.00342,0.204,8.35,0.0,0.0,13.9
39.5,40.4,38.6,52.2,52.8,51.6,42.1,40.2,44.0,41.7,34.0,49.4,0.385,4.93,0.127,4.85,3.73,5.44,0.104,3.7,3.15,0.0371,0.204,0.387,46.6,32.0,81,26,300,3.0,7.1,4.4,4.4,5.1,5.1,3.4,4.1,4.2,2.9,4.6,8.7,2.6,5.2,64.8,0.00338,0.182,7.06,0.0,0.0,13.9
37.5,37.0,38.0,53.4,52.4,54.4,42.1,43.6,40.6,36.5,34.4,38.6,0.384,4.83,0.128,4.98,3.76,5.49,0.104,3.77,3.15,0.0362,0.209,0.396,46.4,32.0,96,27,300,3.3,9.2,4.8,5.0,4.3,4.0,3.8,5.0,5.6,4.3,3.5,9.5,3.0,5.8,71.1,0.00332,0.19,7.0,0.0,0.0,12.3
39.3,41.4,37.2,50.6,55.0,46.2,40.5,39.6,41.4,41.7,43.0,40.4,0.412,5.11,0.133,5.23,4.01,5.78,0.11,3.97,3.31,0.0369,0.215,0.419,46.2,32.0,100,30,300,2.9,8.2,4.6,5.3,2.7,4.5,4.1,4.6,5.2,4.5,3.5,9.7,2.5,4.8,67.1,0.00335,0.18,7.6,0.0,0.0,13.2
37.7,40.2,35.2,53.2,57.0,49.4,41.7,41.2,42.2,37.5,44.2,30.8,0.431,5.4,0.139,5.47,4.28,6.11,0.114,4.16,3.5,0.0371,0.222,0.44,45.7,32.0,81,29,300,2.2,7.0,5.3,4.5,3.2,4.2,4.0,4.8,4.2,4.7,4.1,9.4,3.0,6.3,66.9,0.00336,0.198,8.36,0.0,0.0,13.3
39.6,38.6,40.6,35.6,29.6,41.6,40.7,38.0,43.4,33.3,30.8,35.8,0.467,5.65,0.145,5.77,4.51,6.38,0.123,4.39,3.7,0.0363,0.233,0.462,45.6,32.0,93,28,300,2.2,8.2,4.6,4.7,4.3,3.4,4.3,4.9,4.2,5.8,3.3,9.6,3.3,6.8,69.6,0.00346,0.187,8.75,0.0,0.0,14.7
35.5,35.2,35.8,56.4,55.6,57.2,36.7,35.0,38.4,42.3,44.6,40.0,0.4,4.95,0.125,4.83,3.96,5.35,0.101,3.78,3.15,0.0372,0.208,0.385,68.7,55.0,170,52,300,52.3,11.0,5.5,5.5,4.5,4.0,6.33,5.67,3.5,4.67,4.5,10.3,4.0,7.5,129.0,0.00402,0.17,0.0,0.0,0.0,0.0
37.9,40.8,35.0,54.1,52.8,55.4,38.9,35.6,42.2,44.7,42.0,47.4,0.404,5.04,0.124,4.77,4.0,5.34,0.102,3.78,3.06,0.0375,0.209,0.383,60.7,46.0,170,32,300,29.5,10.5,4.6,4.7,4.7,4.3,5.3,5.2,3.9,4.9,4.2,10.6,3.6,5.9,102.0,0.00341,0.184,0.0,0.0,0.0,0.0
38.5,39.2,37.8,54.2,53.4,55.0,39.6,41.4,37.8,43.8,46.4,41.2,0.393,5.09,0.12,4.77,3.98,5.33,0.0994,3.75,3.07,0.0365,0.21,0.385,56.4,42.0,91,29,300,2.8,7.9,2.6,3.3,4.3,3.9,3.9,5.2,4.4,4.1,4.6,8.9,2.5,4.7,63.1,0.00331,0.178,0.0,0.0,0.0,0.0
41.6,42.4,40.8,56.2,58.8,53.6,38.7,37.8,39.6,45.0,42.8,47.2,0.394,5.01,0.124,4.65,4.02,5.3,0.0991,3.67,3.06,0.0377,0.209,0.389,52.9,39.0,83,31,300,3.2,8.7,3.6,4.2,4.2,4.3,4.0,4.9,4.3,3.5,4.9,8.6,2.8,5.7,66.9,0.00366,0.187,18.2,0.0,0.0,30.5
48.7,51.0,46.4,53.1,52.8,53.4,41.2,40.0,42.4,43.5,45.2,41.8,0.402,5.0,0.127,4.66,4.01,5.35,0.102,3.69,3.02,0.0369,0.208,0.386,52.0,39.0,97,33,300,3.0,8.7,4.0,4.6,4.2,5.4,3.7,3.6,3.6,4.2,4.1,9.4,3.3,5.1,66.9,0.00369,0.18,22.1,0.0,0.0,36.4
41.6,41.0,42.2,54.6,56.6,52.6,40.1,39.4,40.8,45.0,35.4,54.7,0.39,4.97,0.126,4.68,4.09,5.48,0.105,3.69,3.04,0.0366,0.209,0.388,50.4,38.0,110,34,300,3.5,7.8,3.0,4.3,3.7,5.8,3.7,4.3,4.0,4.6,4.1,9.3,3.7,5.0,66.8,0.0024,0.184,25.7,0.0,0.0,41.5
42.6,45.2,40.0,55.5,56.6,54.4,41.7,41.8,41.6,42.8,39.4,46.2,0.403,5.03,0.131,4.64,4.15,5.62,0.109,3.71,2.99,0.0378,0.209,0.382,49.6,37.0,97,32,300,3.3,10.1,3.0,4.3,3.8,4.7,4.1,4.6,3.8,3.8,4.6,8.8,3.2,5.9,68.0,0.00362,0.176,12.6,0.0,0.0,16.5
44.4,42.0,46.8,53.6,55.2,52.0,41.4,40.6,42.2,44.3,41.6,47.0,0.416,4.99,0.131,4.64,4.21,5.69,0.11,3.67,2.92,0.0365,0.21,0.392,48.5,36.0,88,30,300,3.0,11.4,4.3,3.8,4.1,3.6,4.7,4.2,3.9,3.6,4.5,8.8,2.5,6.4,68.8,0.00355,0.187,11.5,0.0,0.0,17.7
40.4,40.2,40.6,54.3,57.2,51.4,41.0,42.4,39.6,43.9,46.0,41.8,0.417,5.06,0.132,4.68,4.23,5.78,0.113,3.69,2.94,0.0376,0.212,0.384,48.1,35.0,99,29,300,3.1,8.9,4.7,4.3,4.2,3.5,4.2,4.4,4.1,4.3,3.8,8.3,2.9,6.2,66.9,0.00319,0.186,12.6,0.0,0.0,19.6
41.1,40.4,41.8,54.2,53.0,55.4,38.6,38.4,38.8,46.0,44.6,47.4,0.419,5.02,0.138,4.67,4.36,5.85,0.113,3.61,2.94,0.0384,0.214,0.388,47.5,35.0,110,30,300,2.6,6.6,4.4,5.1,4.0,4.0,4.3,5.5,3.4,3.9,4.0,8.1,3.0,6.5,65.4,0.00395,0.19,11.8,0.0,0.0,20.3
42.2,41.8,42.6,52.8,50.4,55.2,40.1,43.6,36.6,43.8,37.4,50.2,0.426,5.06,0.133,4.58,4.4,5.85,0.116,3.54,2.91,0.0376,0.213,0.386,46.8,35.0,94,29,300,2.3,6.9,4.0,4.5,3.4,4.4,3.9,4.8,3.6,3.9,5.3,7.7,2.6,6.9,64.2,0.00395,0.176,12.8,0.0,0.0,17.7
38.6,40.0,37.2,56.4,54.0,58.8,41.2,39.4,43.0,44.3,55.2,33.4,0.424,4.95,0.139,4.53,4.41,5.88,0.118,3.59,2.82,0.0377,0.212,0.39,46.3,34.0,94,29,300,2.1,7.5,4.2,4.2,3.7,4.9,3.1,4.2,4.3,4.7,5.9,8.7,3.1,5.5,66.1,0.00339,0.187,12.6,0.0,0.0,16.8
38.7,42.6,34.8,53.3,54.6,52.0,40.3,39.2,41.4,43.5,42.6,44.4,0.435,4.97,0.139,4.41,4.39,5.85,0.119,3.5,2.81,0.0387,0.211,0.391,45.7,34.0,91,28,300,2.6,7.8,4.5,4.4,3.6,4.8,4.5,4.8,3.6,4.1,4.8,9.5,3.8,5.0,67.8,0.00335,0.19,12.2,0.0,0.0,18.2
39.1,39.0,39.2,54.4,57.2,51.6,38.8,41.8,35.8,45.9,53.2,38.6,0.434,4.98,0.139,4.35,4.36,5.85,0.119,3.48,2.77,0.0388,0.212,0.389,45.2,33.0,89,27,300,2.6,8.7,3.9,4.6,3.2,3.9,4.1,4.8,4.5,4.1,4.3,8.5,3.2,5.3,65.7,0.00344,0.18,13.6,0.0,0.0,18.9
38.0,35.0,41.0,57.3,59.8,54.8,59.9,61.6,58.2,44.2,46.0,42.4,0.435,5.01,0.14,4.4,4.43,5.8,0.12,3.47,2.75,0.037,0.636,0.387,44.9,33.0,90,29,300,3.1,8.4,3.8,4.7,3.5,3.6,3.1,4.1,4.7,3.9,4.6,8.1,3.0,5.4,64.0,0.0026,0.182,11.8,0.0,0.0,18.6
37.7,37.8,37.6,58.3,60.2,56.4,38.7,39.2,38.2,44.4,42.4,46.4,0.42,4.94,0.138,4.29,4.4,5.82,0.115,3.48,2.73,0.0379,0.846,0.391,45.0,33.0,110,33,300,3.6,7.5,3.6,4.4,4.0,3.6,3.8,3.7,3.3,4.2,4.8,8.5,3.4,7.1,65.5,0.00351,0.201,12.3,0.0,0.0,18.0
38.4,36.2,40.6,58.2,60.4,56.0,39.6,40.4,38.8,44.4,44.0,44.8,0.449,5.1,0.14,4.48,4.66,6.0,0.122,3.55,2.83,0.0387,0.851,0.411,45.1,33.0,120,35,300,2.8,7.9,3.6,4.0,4.5,3.7,4.3,4.2,4.1,4.5,4.4,7.9,3.2,7.0,66.1,0.00355,0.192,11.4,0.0,0.0,19.1
37.9,39.4,36.4,55.2,55.0,55.4,39.8,36.6,43.0,44.8,39.4,50.2,0.476,5.37,0.15,4.71,4.81,6.31,0.129,3.8,3.04,0.0379,0.86,0.433,45.0,33.0,100,33,300,2.3,8.7,3.2,3.4,4.2,3.5,4.7,4.0,4.2,4.0,4.3,7.6,3.1,5.4,62.6,0.00355,0.194,11.7,0.0,0.0,18.8
40.6,40.6,40.6,43.0,41.8,44.2,39.4,40.8,38.0,41.4,34.0,48.8,0.514,5.65,0.158,4.98,5.15,6.59,0.137,4.07,3.24,0.0371,0.871,0.46,45.0,33.0,110,34,300,2.3,10.0,3.3,3.6,3.7,4.0,4.9,3.7,3.4,4.6,4.7,8.2,3.7,4.8,64.9,0.00342,0.203,11.8,0.0,0.0,17.5
37.7,40.4,35.0,59.3,59.6,59.0,44.4,43.6,45.2,48.6,50.4,46.8,0.434,4.87,0.131,4.32,4.42,5.73,0.115,3.55,2.85,0.0371,0.844,0.379,79.2,68.0,190,69,300,63.6,10.6,6.2,4.6,4.8,6.0,5.8,4.0,5.4,5.2,5.4,9.8,1.2,8.4,141.0,0.00319,0.186,0.0,0.0,0.0,0.0
38.7,38.4,39.0,58.3,63.2,53.4,38.5,35.8,41.2,48.5,44.8,52.2,0.423,4.84,0.132,4.3,4.44,5.75,0.112,3.55,2.9,0.038,0.841,0.381,68.3,54.0,180,55,300,32.8,8.9,4.7,3.6,3.8,5.4,4.0,3.4,4.8,4.4,4.0,7.7,1.3,7.0,95.8,0.00329,0.193,0.0,0.0,0.0,0.0
37.9,35.8,40.0,62.2,60.8,63.6,37.0,33.8,40.2,48.9,49.6,48.2,0.418,4.79,0.129,4.23,4.39,5.51,0.107,3.53,2.91,0.0384,0.839,0.378,62.3,46.0,100,28,300,2.3,7.6,4.1,3.0,3.5,4.3,4.0,3.4,3.8,4.5,4.0,7.2,2.1,5.0,58.8,0.00406,0.193,0.0,0.0,0.0,27.7
38.5,39.0,38.0,60.5,61.2,59.8,38.5,38.4,38.6,51.5,56.6,46.4,0.42,4.79,0.128,4.19,4.34,5.43,0.109,3.53,2.92,0.0382,0.837,0.383,59.6,43.0,110,29,300,1.7,8.9,4.5,4.0,4.1,4.1,4.9,3.8,4.7,4.1,4.9,8.7,2.6,5.8,66.8,0.00355,0.205,0.0,0.0,0.0,35.8
39.3,40.6,38.0,58.2,59.4,57.0,39.4,41.6,37.2,49.5,48.0,51.0,0.416,4.75,0.128,4.15,4.32,5.38,0.106,3.58,2.95,0.0393,0.837,0.38,56.8,41.0,100,32,300,2.7,8.9,3.7,4.6,3.3,4.3,4.3,4.6,4.1,3.4,3.5,8.6,2.7,6.1,64.8,0.00297,0.195,28.0,0.0,0.0,42.8
35.8,33.4,38.2,57.2,58.0,56.4,40.8,40.4,41.2,50.1,39.2,61.0,0.415,4.76,0.127,4.18,4.35,5.29,0.106,3.54,2.94,0.0384,0.837,0.379,54.9,39.0,110,29,300,3.4,8.1,3.5,4.4,3.4,4.8,4.4,4.7,2.6,5.1,3.9,9.0,2.9,5.3,65.5,0.00383,0.206,34.0,0.0,0.0,23.2
38.6,40.4,36.8,60.2,57.4,63.0,39.5,41.6,37.4,49.0,52.6,45.4,0.423,4.74,0.124,4.1,4.24,5.2,0.105,3.58,2.93,0.0384,0.838,0.39,52.7,37.0,99,27,300,2.5,8.5,3.7,3.5,4.9,4.6,4.2,3.5,2.7,5.9,4.8,8.2,2.4,5.4,64.8,0.00369,0.189,39.4,0.0,0.0,22.6
40.0,37.8,42.2,58.7,58.6,58.8,39.6,38.0,41.2,49.5,46.6,52.4,0.424,4.79,0.128,4.16,4.22,5.19,0.105,3.64,2.95,0.0384,0.837,0.384,51.7,36.0,97,28,300,3.5,8.7,4.3,3.2,4.4,4.4,3.7,3.8,3.0,5.4,4.3,8.3,3.0,5.8,65.8,0.00373,0.206,16.2,0.0,0.0,22.6
38.7,39.6,37.8,58.3,62.6,54.0,38.8,38.6,39.0,50.6,44.3,56.9,0.415,4.75,0.123,4.24,4.21,5.16,0.102,3.58,2.94,0.0385,0.837,0.388,51.3,36.0,120,31,300,3.2,8.3,4.2,3.1,4.1,4.5,4.5,4.1,4.4,4.5,4.7,9.4,3.9,5.9,68.8,0.00373,0.191,16.9,0.0,0.0,23.0
37.4,36.6,38.2,60.8,58.2,63.4,39.1,42.4,35.8,48.5,50.7,46.3,0.411,4.74,0.122,4.18,4.28,5.23,0.102,3.58,2.91,0.0375,0.837,0.384,50.4,35.0,120,30,300,2.2,8.8,4.2,3.0,4.8,4.4,4.4,4.7,5.1,3.8,4.5,9.7,3.3,4.6,67.5,0.00445,0.205,17.5,0.0,0.0,20.8
37.1,35.8,38.4,61.8,65.8,57.8,40.9,40.8,41.0,48.0,52.0,44.0,0.399,4.7,0.122,4.22,4.27,5.19,0.102,3.58,2.93,0.0376,0.838,0.394,50.3,35.0,130,30,300,2.5,9.3,4.0,3.7,4.8,4.9,4.5,4.7,4.5,4.0,3.9,9.6,2.7,4.6,67.7,0.00381,0.194,18.5,0.0,0.0,23.9
41.3,41.2,41.4,61.1,62.6,59.6,40.0,39.6,40.4,48.9,48.6,49.2,0.41,4.64,0.122,4.23,4.16,5.25,0.103,3.64,2.98,0.0386,0.414,0.396,50.2,35.0,140,33,300,2.9,8.5,3.3,3.7,4.3,4.5,5.7,4.0,4.6,4.4,4.7,10.4,2.9,4.2,68.1,0.00503,0.212,16.6,0.0,0.0,22.1
36.7,38.2,35.2,60.7,61.0,60.4,38.8,41.6,36.0,50.4,56.2,44.6,0.413,4.8,0.123,4.3,4.24,5.26,0.106,3.6,3.0,0.0385,0.201,0.388,49.7,35.0,110,34,300,3.9,7.4,4.0,3.4,4.5,4.8,4.9,3.5,4.5,4.1,4.1,10.2,3.3,4.6,67.2,0.00502,0.19,16.9,0.0,0.0,23.9
39.1,38.4,39.8,62.3,59.2,65.4,41.7,43.0,40.4,48.9,40.6,57.2,0.403,4.78,0.125,4.21,4.21,5.3,0.105,3.61,3.0,0.0378,0.204,0.39,49.7,35.0,120,35,300,3.5,7.0,4.0,3.8,4.6,4.8,4.7,4.1,4.4,3.6,3.9,9.4,3.2,6.1,67.1,0.00523,0.205,14.6,0.0,0.0,22.0
37.4,34.4,40.4,61.2,61.2,61.2,40.2,39.6,40.8,49.8,52.8,46.8,0.414,4.84,0.122,4.3,4.3,5.27,0.105,3.65,2.97,0.0397,0.203,0.392,49.9,35.0,140,37,300,2.5,8.6,4.1,3.7,3.6,4.2,4.3,5.5,4.4,4.4,4.5,10.0,3.2,5.8,68.8,0.00538,0.2,15.1,0.0,0.0,23.4
40.9,40.4,41.4,62.1,64.2,60.0,39.8,42.0,37.6,49.6,46.0,53.2,0.401,4.78,0.121,4.24,4.2,5.26,0.102,3.59,3.0,0.0386,0.2,0.388,49.5,35.0,120,36,300,3.7,8.8,4.3,2.9,4.1,3.9,3.7,4.6,4.1,4.8,3.8,9.1,3.7,4.4,65.9,0.00507,0.214,16.1,0.0,0.0,21.8
43.5,43.4,43.6,59.0,56.8,61.2,42.4,41.4,43.4,50.4,49.4,51.4,0.401,4.96,0.127,4.37,4.42,5.53,0.109,3.7,3.07,0.0386,0.205,0.415,49.3,35.0,100,34,300,3.3,9.2,3.8,3.3,4.9,4.0,4.4,5.0,4.4,4.4,4.5,9.2,3.7,4.5,68.6,0.00386,0.219,17.4,0.0,0.0,21.0
41.5,40.4,42.6,59.5,56.8,62.2,39.3,39.8,38.8,47.4,43.8,51.0,0.42,5.22,0.13,4.63,4.68,5.95,0.113,3.9,3.26,0.0394,0.215,0.436,49.0,35.0,100,34,300,2.7,9.7,4.4,3.6,4.2,4.1,4.6,5.5,4.2,4.4,4.5,9.0,2.7,5.9,69.5,0.00381,0.22,16.4,0.0,0.0,20.8
40.0,41.2,38.8,51.4,52.0,50.8,37.0,36.4,37.6,50.4,58.2,42.6,0.447,5.44,0.137,4.91,4.97,6.23,0.118,4.09,3.41,0.0386,0.223,0.454,48.9,35.0,110,32,300,2.7,9.8,4.5,3.1,3.4,3.3,4.8,5.1,3.3,3.8,3.4,8.3,2.0,5.8,63.3,0.0028,0.205,14.8,0.0,0.0,23.8
45.6,45.2,46.0,61.2,61.8,60.6,52.7,51.6,53.8,53.4,56.6,50.2,0.426,4.94,0.131,4.44,4.29,5.65,0.111,3.7,3.06,0.039,0.205,0.401,119.0,110.0,270,110,300,68.8,12.0,5.25,5.5,6.25,5.75,3.5,5.25,5.75,6.0,4.75,9.5,3.75,7.25,149.0,0.00399,0.176,0.0,0.0,0.0,0.0
37.3,36.2,38.4,64.7,62.2,67.2,41.1,39.0,43.2,54.5,57.6,51.4,0.408,4.98,0.128,4.54,4.24,5.65,0.111,3.68,3.02,0.037,0.203,0.401,97.0,71.0,260,96,300,35.9,9.22,4.22,4.56,5.33,4.22,4.11,5.67,4.33,4.56,4.33,8.78,2.44,5.78,103.0,0.0047,0.182,0.0,0.0,0.0,0.0
36.8,38.0,35.6,64.5,60.8,68.2,38.0,40.6,35.4,53.5,51.2,55.8,0.412,4.92,0.127,4.48,4.17,5.67,0.109,3.71,3.06,0.0388,0.204,0.401,85.8,56.0,130,31,300,6.4,7.8,3.8,5.3,4.7,3.5,4.6,4.8,3.7,3.6,4.4,10.1,1.8,5.2,69.7,0.00416,0.183,20.4,0.0,0.0,0.0
37.9,38.6,37.2,63.4,62.6,64.2,41.2,38.6,43.8,55.4,59.8,51.0,0.409,4.87,0.128,4.57,4.15,5.68,0.109,3.75,3.1,0.038,0.202,0.401,78.8,50.0,130,32,300,2.8,7.9,4.2,5.6,4.5,3.8,4.5,3.8,4.5,4.3,3.7,10.5,2.7,5.1,67.9,0.00444,0.185,26.6,0.0,0.0,0.0
38.8,39.2,38.4,62.6,62.4,62.8,38.1,38.2,38.0,53.9,50.4,57.4,0.406,4.82,0.127,4.57,4.15,5.69,0.109,3.65,3.1,0.0388,0.204,0.395,74.2,46.0,130,33,300,2.5,7.6,3.5,4.5,4.7,3.9,4.6,4.8,4.2,4.7,3.5,8.8,3.1,5.0,65.4,0.0042,0.175,32.6,0.0,0.0,50.8
38.3,35.8,40.8,66.1,66.2,66.0,39.1,35.6,42.6,54.3,52.4,56.2,0.407,4.89,0.129,4.54,4.15,5.64,0.108,3.65,3.14,0.0385,0.199,0.397,70.9,44.0,130,34,300,2.7,9.0,3.1,5.0,5.1,3.8,4.4,4.6,2.8,4.4,5.1,8.0,2.7,5.3,66.0,0.00341,0.191,20.3,0.0,0.0,58.4
38.7,35.8,41.6,64.3,65.6,63.0,40.8,42.4,39.2,54.7,50.8,58.6,0.408,4.9,0.127,4.61,4.1,5.56,0.112,3.7,3.17,0.0376,0.2,0.397,68.1,43.0,110,36,300,2.8,9.4,3.8,5.2,4.5,3.6,4.1,4.3,3.3,3.9,4.7,7.8,2.9,5.3,65.6,0.00417,0.191,20.4,0.0,0.0,65.7
36.1,34.4,37.8,63.6,62.8,64.4,41.7,38.0,45.4,54.2,55.8,52.6,0.422,4.91,0.13,4.59,4.08,5.67,0.112,3.7,3.21,0.0382,0.202,0.393,66.1,42.0,110,37,300,2.7,8.7,3.9,5.3,4.5,4.2,4.1,4.4,3.9,4.5,4.5,9.5,4.5,5.7,70.4,0.00329,0.191,21.5,0.0,0.0,25.2
35.7,35.6,35.8,67.1,68.6,65.6,42.6,43.4,41.8,54.2,52.0,56.4,0.405,4.95,0.126,4.6,4.05,5.59,0.11,3.66,3.14,0.0379,0.2,0.389,64.3,41.0,130,34,300,1.9,9.6,3.6,5.3,4.2,4.3,3.8,3.8,4.0,4.8,4.8,8.7,3.6,6.3,68.7,0.00353,0.197,17.7,0.0,0.0,26.9
37.6,36.2,39.0,63.6,65.8,61.4,40.0,42.2,37.8,54.1,45.8,62.4,0.406,4.84,0.128,4.61,3.94,5.52,0.107,3.69,3.14,0.0371,0.201,0.391,62.9,40.0,140,32,300,2.0,10.0,3.3,5.3,4.0,4.4,3.9,3.2,4.1,3.9,3.7,7.7,2.1,5.9,63.5,0.00326,0.201,19.4,0.0,0.0,28.2
37.5,38.4,36.6,64.7,64.4,65.0,41.1,40.6,41.6,54.5,54.4,54.6,0.392,4.85,0.126,4.71,3.91,5.49,0.105,3.65,3.12,0.0379,0.201,0.399,61.5,39.0,130,31,300,2.7,10.1,3.6,5.1,4.3,4.6,4.8,3.2,3.8,2.7,3.3,7.3,2.0,5.3,62.8,0.00406,0.184,17.4,0.0,0.0,29.1
38.1,38.6,37.6,65.4,68.0,62.8,38.8,40.4,37.2,54.4,54.4,54.4,0.379,4.79,0.122,4.67,3.89,5.54,0.101,3.59,3.12,0.036,0.2,0.391,60.2,39.0,110,32,300,2.9,10.8,4.0,4.8,3.9,4.1,4.5,3.2,4.5,2.6,4.0,7.4,2.2,6.2,65.1,0.00259,0.196,21.7,0.0,0.0,28.6
37.4,39.4,35.4,66.0,68.0,64.0,41.0,36.6,45.4,54.9,51.4,58.4,0.367,4.82,0.119,4.73,3.83,5.52,0.0993,3.6,3.08,0.038,0.2,0.383,59.4,39.0,100,34,300,3.0,8.8,3.7,5.3,3.6,4.3,3.7,3.1,4.4,5.1,4.0,8.1,2.5,7.0,66.6,0.00433,0.196,18.3,0.0,0.0,28.3
37.2,38.2,36.2,63.1,63.0,63.2,41.4,42.4,40.4,54.9,59.6,50.2,0.378,4.78,0.118,4.76,3.81,5.44,0.102,3.59,3.06,0.037,0.199,0.381,58.6,39.0,110,37,300,3.2,7.7,3.6,5.2,4.3,4.3,3.6,3.9,4.6,4.6,3.3,6.4,1.9,7.4,64.0,0.00373,0.197,19.5,0.0,0.0,24.9
38.5,39.4,37.6,64.6,63.4,65.8,41.9,42.0,41.8,55.8,55.6,56.0,0.395,4.86,0.12,4.78,3.77,5.29,0.104,3.63,3.06,0.0371,0.2,0.384,58.5,39.0,140,39,300,4.0,8.6,3.4,4.4,4.8,3.1,3.8,3.9,5.0,3.3,3.3,7.4,3.0,6.6,64.6,0.00318,0.194,18.9,0.0,0.0,27.1
38.3,38.4,38.2,66.5,68.0,65.0,41.4,42.0,40.8,54.2,54.2,54.2,0.39,4.93,0.122,4.74,3.67,5.32,0.106,3.61,3.06,0.037,0.198,0.392,57.5,38.0,120,35,300,3.7,8.9,3.2,3.7,4.1,3.1,4.5,4.2,4.1,4.2,3.4,8.5,3.4,6.3,65.3,0.00393,0.216,19.8,0.0,0.0,26.7
36.6,34.4,38.8,63.3,63.4,63.2,41.3,40.2,42.4,55.2,61.8,48.6,0.39,5.0,0.122,4.85,3.82,5.4,0.104,3.62,3.03,0.037,0.2,0.398,56.9,38.0,130,31,300,3.5,9.8,2.9,3.6,3.8,3.8,4.3,5.0,3.8,3.9,3.3,8.1,2.9,6.5,65.2,0.00474,0.192,21.5,0.0,0.0,28.2
38.1,36.0,40.2,64.7,64.0,65.4,40.1,38.4,41.8,53.7,49.6,57.8,0.417,5.18,0.126,5.1,4.02,5.62,0.109,3.8,3.25,0.0362,0.212,0.422,56.4,38.0,130,34,300,3.6,9.2,3.0,3.8,4.5,4.3,4.3,5.4,4.3,4.8,3.5,8.5,3.0,5.8,68.0,0.0039,0.209,19.6,0.0,0.0,26.3
37.3,37.6,37.0,65.6,65.2,66.0,39.1,36.4,41.8,53.3,48.6,58.0,0.445,5.52,0.132,5.36,4.25,5.92,0.115,4.02,3.41,0.0371,0.22,0.444,55.7,37.0,110,33,300,2.7,8.1,3.9,4.1,4.2,4.3,4.1,4.5,4.4,5.6,3.4,9.0,3.2,5.4,66.9,0.00381,0.193,21.0,0.0,0.0,27.1
40.0,41.6,38.4,53.8,55.4,52.2,44.2,41.0,47.4,37.2,41.8,32.6,0.422,5.22,0.127,5.0,3.8,5.65,0.111,3.61,3.09,0.036,0.853,0.403,96.4,87.0,210,87,400,53.9,9.75,5.13,4.75,5.25,5.75,5.75,4.13,6.13,6.25,5.5,11.1,3.88,6.88,134.0,0.00406,0.193,0.0,0.0,0.0,7.13
49.0,48.6,49.4,54.4,51.8,57.0,45.9,42.4,49.4,35.3,33.2,37.4,0.435,5.22,0.13,5.06,3.87,5.88,0.115,3.69,3.17,0.036,0.859,0.408,82.1,66.0,150,34,400,27.5,11.0,5.2,5.9,5.2,5.3,5.8,6.2,6.0,6.0,6.0,9.7,3.7,8.0,112.0,0.00366,0.185,3.93,0.0,0.0,9.93
43.7,44.2,43.2,55.2,55.6,54.8,43.7,46.4,41.0,33.1,40.0,26.2,0.43,5.28,0.133,5.06,4.02,6.01,0.112,3.78,3.2,0.0371,0.86,0.408,74.1,56.0,100,29,400,2.9,11.7,5.4,6.5,5.2,5.5,4.7,5.8,4.6,4.5,6.1,10.3,3.6,7.5,84.3,0.00359,0.196,5.4,0.0,0.0,12.7
44.0,45.2,42.8,53.6,52.6,54.6,44.3,44.8,43.8,35.9,34.6,37.2,0.421,5.36,0.132,5.23,4.1,6.08,0.115,3.84,3.24,0.0372,0.86,0.406,68.7,50.0,100,29,400,3.4,11.9,5.7,5.9,5.1,6.1,5.7,5.1,4.7,5.1,6.4,11.4,3.6,6.7,86.8,0.00362,0.187,6.86,0.0,0.0,8.24
42.7,41.8,43.6,54.0,55.2,52.8,47.6,43.8,51.4,35.5,33.6,37.4,0.435,5.41,0.137,5.2,4.12,6.26,0.119,3.85,3.29,0.0374,0.861,0.418,64.1,44.0,90,28,400,3.4,11.4,5.6,6.2,5.5,5.5,5.8,4.7,4.7,5.7,5.3,10.3,3.1,7.7,84.9,0.00362,0.199,4.24,0.0,0.0,9.44
40.9,41.0,40.8,55.9,56.0,55.8,44.5,42.4,46.6,33.2,32.8,33.6,0.435,5.44,0.14,5.29,4.19,6.39,0.121,3.96,3.31,0.0383,0.864,0.42,62.1,43.0,100,30,400,3.3,10.5,5.4,5.9,6.4,6.0,5.2,5.3,3.8,4.9,5.0,11.0,4.1,9.1,85.9,0.00326,0.193,4.3,0.0,0.0,9.03
42.7,44.4,41.0,53.0,57.0,49.0,46.2,44.0,48.4,35.2,31.8,38.6,0.454,5.62,0.137,5.4,4.31,6.45,0.124,4.03,3.4,0.0367,0.868,0.411,59.8,42.0,99,34,400,4.3,10.3,5.0,5.3,5.3,5.6,5.5,6.5,5.0,5.2,6.1,11.9,3.6,7.4,87.0,0.00261,0.205,4.33,0.0,0.0,10.0
40.2,40.6,39.8,54.7,55.0,54.4,45.3,48.0,42.6,33.2,32.0,34.4,0.448,5.68,0.143,5.4,4.31,6.45,0.124,4.05,3.47,0.0377,0.873,0.426,57.6,40.0,91,30,400,4.1,10.6,4.3,5.2,5.1,5.7,5.4,5.4,6.4,6.0,6.3,12.0,3.0,6.3,85.8,0.00348,0.192,4.31,0.0,0.0,8.62
41.1,40.2,42.0,53.6,54.2,53.0,43.7,42.0,45.4,35.1,40.8,29.4,0.461,5.69,0.144,5.53,4.34,6.58,0.127,4.09,3.54,0.0366,0.875,0.442,56.1,39.0,94,29,400,4.2,11.3,5.7,5.0,4.0,5.9,4.9,5.0,6.0,5.5,5.7,10.3,3.4,7.5,84.4,0.00287,0.205,4.25,0.0,0.0,10.1
45.6,45.2,46.0,54.6,55.2,54.0,45.2,46.0,44.4,35.9,30.8,41.0,0.469,5.75,0.144,5.6,4.42,6.73,0.123,4.25,3.57,0.0385,0.874,0.443,54.6,37.0,90,30,400,4.3,13.4,5.8,4.4,4.0,5.4,5.7,5.6,6.2,5.6,4.8,9.8,3.6,8.2,86.8,0.0046,0.199,2.75,0.0,0.0,9.07
43.5,43.4,43.6,51.0,50.8,51.2,46.4,47.6,45.2,33.7,30.6,36.8,0.466,5.74,0.146,5.67,4.55,6.83,0.126,4.28,3.66,0.0367,0.876,0.451,53.4,37.0,85,32,400,3.5,13.7,4.5,4.1,5.2,6.1,5.8,5.2,5.7,5.3,5.3,11.0,3.4,9.0,87.8,0.00402,0.198,4.27,0.0,0.0,8.96
41.6,42.2,41.0,57.1,55.8,58.4,48.3,46.4,50.2,38.1,40.0,36.2,0.478,5.84,0.148,5.76,4.59,6.98,0.126,4.39,3.71,0.0378,0.885,0.454,52.2,36.0,84,32,400,3.5,11.3,5.8,4.8,5.2,6.1,5.3,5.6,6.2,4.8,6.0,11.9,4.2,9.4,90.1,0.00402,0.19,2.81,0.0,0.0,8.96
42.3,42.2,42.4,52.7,54.0,51.4,47.5,45.2,49.8,34.0,41.2,26.8,0.495,5.93,0.152,5.92,4.61,7.01,0.136,4.41,3.81,0.0378,0.887,0.465,51.3,36.0,87,30,400,3.7,11.2,5.5,5.3,5.3,4.9,5.3,5.7,6.5,5.8,5.3,11.5,4.6,8.9,89.5,0.00383,0.215,5.62,0.0,0.0,8.64
41.3,39.6,43.0,53.7,55.8,51.6,45.3,45.8,44.8,34.9,35.2,34.6,0.501,6.13,0.154,6.02,4.69,7.19,0.136,4.53,3.86,0.0383,0.888,0.462,50.3,35.0,87,28,400,3.4,12.1,5.5,5.4,4.8,3.9,5.5,5.5,5.5,6.5,5.0,11.2,4.2,8.3,86.8,0.00465,0.197,2.81,0.0,0.0,9.99
42.9,44.8,41.0,51.2,52.2,50.2,44.4,44.4,44.4,35.1,36.6,33.6,0.499,6.12,0.154,6.04,4.72,7.29,0.138,4.52,3.93,0.0386,0.89,0.467,49.4,35.0,84,27,400,3.1,12.5,7.1,5.7,4.5,5.0,6.0,5.4,4.4,5.8,4.9,10.9,3.9,7.6,86.8,0.00383,0.209,2.81,0.0,0.0,8.06
41.5,39.6,43.4,52.2,52.6,51.8,45.3,42.8,47.8,32.7,38.0,27.4,0.51,6.28,0.156,6.2,4.87,7.43,0.139,4.7,4.04,0.0377,0.892,0.474,49.1,35.0,89,30,400,3.1,12.2,6.4,5.8,4.9,5.9,5.4,4.7,4.4,5.3,4.9,10.3,3.3,9.5,86.1,0.00375,0.201,3.44,0.0,0.0,9.74
42.2,42.8,41.6,51.8,52.6,51.0,45.3,45.8,44.8,37.0,34.8,39.2,0.525,6.54,0.163,6.46,5.16,7.81,0.146,4.87,4.25,0.0378,0.901,0.509,48.6,34.0,100,33,400,2.8,10.7,5.8,6.1,5.1,5.8,5.3,5.2,5.4,4.8,5.4,10.0,3.2,9.2,84.8,0.00437,0.212,4.91,0.0,0.0,8.72
44.4,45.6,43.2,52.7,50.6,54.8,48.9,49.0,48.8,32.9,36.0,29.8,0.567,6.92,0.173,6.82,5.41,8.15,0.155,5.15,4.46,0.0368,0.914,0.534,48.0,34.0,88,30,400,3.3,11.1,6.2,5.9,5.5,6.2,5.0,5.6,5.7,5.1,5.8,10.8,4.0,7.5,87.7,0.00357,0.183,6.07,0.0,0.0,9.78
37.7,38.4,37.0,29.9,28.8,31.0,44.5,42.4,46.6,29.8,25.4,34.2,0.616,7.36,0.18,7.17,5.68,8.56,0.164,5.46,4.72,0.0377,0.929,0.559,47.5,34.0,86,30,400,3.5,11.3,7.2,5.8,5.5,6.5,4.8,5.3,5.5,5.4,5.0,12.9,4.8,7.8,91.3,0.00275,0.212,3.83,0.0,0.0,8.19
38.4,38.0,38.8,57.0,58.2,55.8,44.6,42.0,47.2,38.5,43.6,33.4,0.513,6.39,0.148,6.15,4.75,7.09,0.132,4.69,3.99,0.037,0.245,0.472,85.9,70.0,220,70,400,62.4,10.7,3.43,6.0,5.29,6.71,6.0,5.29,5.43,4.14,5.43,9.71,2.14,7.86,141.0,0.00438,0.192,0.0,0.0,0.0,0.0
44.5,46.4,42.6,51.7,49.6,53.8,46.0,45.6,46.4,38.8,34.6,43.0,0.515,6.41,0.147,6.16,4.77,6.97,0.13,4.68,3.97,0.037,0.248,0.466,73.8,55.0,170,41,400,37.1,11.8,5.0,7.0,6.2,6.6,6.0,5.9,5.4,4.0,5.9,11.5,2.3,8.4,123.0,0.00439,0.179,0.0,0.0,0.0,14.1
40.6,38.0,43.2,54.3,56.4,52.2,43.3,46.8,39.8,42.1,45.4,38.8,0.514,6.4,0.147,6.14,4.79,6.98,0.132,4.63,3.91,0.037,0.246,0.475,66.8,47.0,95,31,400,3.5,11.0,5.4,5.1,4.9,6.1,5.5,4.7,4.9,4.1,6.2,10.8,3.2,8.1,83.5,0.00514,0.192,0.0,0.0,0.0,17.3
42.0,41.4,42.6,52.5,55.4,49.6,42.8,43.6,42.0,39.0,34.0,44.0,0.507,6.28,0.149,6.09,4.76,7.06,0.131,4.57,3.88,0.038,0.244,0.484,62.1,43.0,91,29,400,3.6,13.3,5.6,4.6,3.8,5.8,5.5,4.9,5.2,6.1,6.4,10.7,3.8,7.4,86.7,0.004,0.18,11.1,0.0,0.0,22.6
44.1,44.6,43.6,53.1,55.4,50.8,45.1,46.8,43.4,40.7,45.8,35.6,0.52,6.35,0.147,6.13,4.85,7.11,0.135,4.54,3.86,0.0378,0.242,0.476,58.8,40.0,96,28,400,3.3,13.0,5.1,6.6,4.5,4.8,5.8,5.6,5.0,6.3,4.7,11.5,3.4,6.8,86.4,0.00314,0.189,14.3,0.0,0.0,14.0
41.8,42.6,41.0,51.4,52.6,50.2,42.6,41.2,44.0,40.0,40.2,39.8,0.511,6.39,0.146,6.0,4.89,7.0,0.132,4.61,3.8,0.0389,0.243,0.469,56.1,37.0,95,28,400,2.8,10.3,4.7,5.9,6.0,5.3,5.2,5.5,6.1,5.0,4.5,11.4,2.9,7.9,83.5,0.0035,0.182,16.5,0.0,0.0,15.1
40.6,42.0,39.2,52.0,53.8,50.2,43.7,43.2,44.2,39.1,34.0,44.2,0.505,6.4,0.147,5.97,4.86,6.97,0.131,4.43,3.77,0.0378,0.246,0.471,54.3,36.0,100,29,400,2.9,9.6,5.8,5.2,5.7,6.4,5.8,4.9,6.0,5.2,4.5,11.0,3.2,8.5,84.7,0.00373,0.191,8.24,0.0,0.0,14.1
43.4,44.0,42.8,54.9,57.4,52.4,44.9,46.2,43.6,39.9,40.4,39.4,0.501,6.41,0.149,5.94,4.85,6.96,0.131,4.47,3.7,0.0379,0.24,0.462,52.7,35.0,110,28,400,3.8,10.5,6.5,5.1,6.3,6.3,5.8,4.4,5.4,6.5,4.6,11.0,3.6,7.3,87.1,0.00351,0.173,7.61,0.0,0.0,13.0
40.8,41.0,40.6,52.6,52.0,53.2,44.5,44.2,44.8,39.6,38.9,40.3,0.507,6.23,0.145,5.94,4.85,6.95,0.132,4.38,3.72,0.0377,0.237,0.463,51.4,34.0,95,28,400,4.2,12.2,6.2,5.2,7.7,5.2,4.3,5.4,4.9,5.3,5.8,10.9,4.0,6.4,87.7,0.00341,0.183,7.56,0.0,0.0,13.3
51.7,51.8,51.6,54.2,56.2,52.2,44.7,43.4,46.0,40.1,39.5,40.7,0.495,6.18,0.147,5.92,4.94,7.01,0.129,4.45,3.7,0.0379,0.242,0.465,50.5,34.0,96,30,400,3.9,12.6,5.1,5.6,6.0,4.9,5.2,5.7,4.1,3.6,6.5,10.6,4.3,7.0,85.1,0.00398,0.178,8.38,0.0,0.0,13.9
47.1,47.0,47.2,55.5,58.6,52.4,45.7,47.6,43.8,39.6,32.0,47.2,0.492,6.17,0.151,5.81,4.89,7.2,0.129,4.39,3.61,0.037,0.239,0.471,50.1,34.0,100,34,400,3.5,10.8,5.3,6.6,6.1,4.5,5.2,6.7,4.8,5.6,5.3,12.6,3.9,8.1,89.0,0.00268,0.187,8.53,0.0,0.0,14.3
48.5,46.0,51.0,52.9,51.4,54.4,44.9,44.6,45.2,38.9,37.6,40.2,0.51,6.14,0.154,5.91,5.01,7.26,0.134,4.47,3.6,0.0381,0.242,0.473,50.2,34.0,110,33,400,2.6,9.3,6.7,7.7,6.2,4.2,4.5,7.1,6.0,6.5,3.8,14.0,4.3,8.3,91.2,0.00308,0.174,7.86,0.0,0.0,13.4
47.4,48.0,46.8,54.1,55.0,53.2,46.8,49.6,44.0,40.6,39.4,41.8,0.525,6.12,0.157,5.75,5.12,7.36,0.141,4.36,3.54,0.0382,0.241,0.483,49.5,34.0,110,33,400,2.1,10.3,6.7,7.4,4.7,5.6,4.5,5.4,6.0,5.3,5.0,12.9,4.5,7.7,88.1,0.00355,0.196,7.1,0.0,0.0,12.7
47.4,49.4,45.4,53.8,50.6,57.0,45.9,45.0,46.8,38.5,42.4,34.6,0.539,6.19,0.158,5.87,5.08,7.47,0.143,4.41,3.5,0.0382,0.243,0.48,49.0,34.0,99,30,400,2.8,10.9,6.4,7.3,5.4,5.8,4.5,4.5,6.1,4.8,6.4,12.6,4.4,8.2,90.1,0.00367,0.187,7.01,0.0,0.0,12.6
42.3,43.8,40.8,53.3,50.6,56.0,45.1,44.2,46.0,40.7,44.4,37.0,0.521,6.22,0.155,5.89,5.16,7.51,0.141,4.37,3.51,0.0382,0.244,0.479,48.3,33.0,100,28,400,4.3,11.4,5.5,6.1,6.1,5.8,5.9,4.1,6.7,4.7,5.9,11.8,4.2,7.7,90.2,0.00378,0.193,8.28,0.0,0.0,13.5
44.8,45.2,44.4,50.1,52.4,47.8,48.1,50.8,45.4,40.2,47.2,33.2,0.503,6.11,0.157,5.93,5.12,7.45,0.141,4.3,3.43,0.0372,0.242,0.484,48.0,33.0,96,28,400,5.9,11.4,5.0,5.3,6.2,6.5,5.9,5.3,6.6,5.5,5.0,11.6,3.8,6.1,90.1,0.00453,0.179,6.83,0.0,0.0,14.8
42.6,38.8,46.4,53.0,52.0,54.0,45.0,43.6,46.4,39.6,40.4,38.8,0.522,6.47,0.16,6.14,5.51,7.89,0.147,4.47,3.58,0.0371,0.249,0.515,47.8,33.0,110,30,400,5.4,12.3,4.4,5.5,6.4,6.1,4.7,5.6,5.8,5.7,5.0,11.8,3.7,6.8,89.2,0.00375,0.194,7.35,0.0,0.0,14.0
41.2,38.2,44.2,56.6,55.0,58.2,44.2,44.2,44.2,40.6,38.8,42.4,0.551,6.78,0.167,6.39,5.81,8.2,0.151,4.76,3.8,0.0372,0.263,0.544,47.4,33.0,110,30,400,3.7,15.0,3.6,5.2,6.0,6.1,7.1,4.4,4.1,5.7,4.5,11.0,3.5,8.2,88.1,0.00275,0.184,7.37,0.0,0.0,12.4
41.9,42.2,41.6,36.1,36.8,35.4,43.7,43.0,44.4,33.8,29.4,38.2,0.577,7.08,0.174,6.69,6.02,8.58,0.158,5.01,3.99,0.0381,0.27,0.572,47.1,33.0,98,29,400,2.6,12.9,5.4,4.6,5.9,5.8,7.7,5.0,4.7,4.8,4.6,11.3,2.9,7.2,85.4,0.0034,0.197,8.5,0.0,0.0,12.6
48.2,49.0,47.4,56.6,52.2,61.0,53.4,50.8,56.0,42.8,48.0,37.6,0.531,6.28,0.16,5.79,5.33,7.51,0.143,4.39,3.44,0.0388,0.245,0.487,87.7,73.0,210,81,400,85.4,16.0,7.2,5.4,6.8,5.4,6.6,5.0,7.6,7.6,8.6,10.2,4.0,9.4,185.0,0.00391,0.182,0.0,0.0,0.0,10.1
46.8,45.0,48.6,58.6,58.6,58.6,46.0,48.8,43.2,45.6,39.8,51.4,0.524,6.16,0.158,5.82,5.29,7.49,0.146,4.42,3.43,0.039,0.249,0.492,75.4,55.0,210,60,400,44.3,13.2,5.6,5.2,5.2,5.4,5.4,5.5,6.9,6.7,5.5,10.6,3.4,8.8,132.0,0.0032,0.175,9.38,0.0,0.0,16.4
43.7,43.0,44.4,58.0,58.8,57.2,41.3,42.8,39.8,43.3,41.4,45.2,0.549,6.25,0.164,5.86,5.36,7.64,0.149,4.35,3.43,0.0376,0.248,0.497,68.3,47.0,110,32,400,2.6,8.8,4.9,5.6,4.8,6.0,5.8,5.8,6.0,5.0,4.8,12.2,4.0,9.0,85.3,0.00376,0.192,12.3,0.0,0.0,24.0
45.6,46.2,45.0,55.2,56.8,53.6,57.5,55.2,59.8,45.0,45.0,45.0,0.547,6.3,0.167,5.77,5.39,7.65,0.152,4.35,3.45,0.0373,0.422,0.488,63.8,44.0,100,32,400,2.6,9.7,5.6,7.0,5.0,6.3,6.4,4.4,5.6,5.1,6.7,12.5,4.6,8.1,89.6,0.00344,0.18,17.9,0.0,0.0,18.8
43.9,45.0,42.8,59.2,59.6,58.8,43.2,40.6,45.8,44.7,37.6,51.8,0.541,6.23,0.164,5.8,5.35,7.69,0.148,4.32,3.46,0.038,0.881,0.491,61.1,42.0,110,34,400,3.7,12.4,5.0,6.7,5.0,5.4,5.4,4.0,5.6,6.6,5.7,11.0,3.9,7.3,87.7,0.00356,0.193,12.0,0.0,0.0,18.2
46.7,49.4,44.0,56.9,55.4,58.4,47.4,47.8,47.0,43.3,47.0,39.6,0.526,6.38,0.165,5.78,5.45,7.7,0.15,4.4,3.41,0.0379,0.884,0.497,59.0,41.0,110,35,400,4.5,11.5,4.4,4.3,5.9,4.2,5.8,6.0,5.9,6.2,4.7,10.4,3.0,7.9,84.7,0.00332,0.179,12.1,0.0,0.0,17.5
40.9,39.0,42.8,56.1,55.8,56.4,43.7,44.8,42.6,42.8,33.4,52.2,0.544,6.38,0.165,5.58,5.38,7.56,0.147,4.35,3.39,0.0386,0.879,0.494,58.0,41.0,120,37,400,4.2,10.6,5.4,4.4,5.1,4.3,7.1,6.7,5.3,5.7,5.6,13.3,4.3,8.3,90.3,0.00332,0.195,11.3,0.0,0.0,17.8
46.5,45.2,47.8,61.4,60.2,62.6,42.7,40.8,44.6,44.7,37.0,52.4,0.535,6.32,0.161,5.67,5.42,7.43,0.149,4.31,3.45,0.0388,0.882,0.497,56.2,39.0,110,32,400,3.1,10.7,6.2,5.0,4.8,6.3,6.8,5.5,4.3,6.0,5.8,13.0,4.6,7.9,90.0,0.00348,0.176,11.8,0.0,0.0,19.3
42.9,45.0,40.8,57.8,59.2,56.4,41.8,42.0,41.6,46.6,46.4,46.8,0.525,6.36,0.16,5.61,5.39,7.25,0.143,4.31,3.42,0.0366,0.876,0.496,55.1,39.0,100,33,400,2.5,11.9,5.6,4.5,5.5,7.5,5.4,5.1,5.7,7.0,5.1,11.3,3.7,6.5,87.3,0.00292,0.198,12.6,0.0,0.0,16.7
46.5,45.4,47.6,60.0,60.2,59.8,45.9,43.2,48.6,43.5,39.8,47.2,0.507,6.24,0.156,5.62,5.31,7.17,0.135,4.31,3.42,0.0374,0.882,0.489,53.8,38.0,100,33,400,2.9,12.3,5.3,5.3,6.2,5.7,5.5,4.9,6.1,7.1,5.2,12.1,3.9,6.6,89.1,0.00332,0.188,10.4,0.0,0.0,17.1
41.6,39.8,43.4,56.8,57.2,56.4,46.4,47.0,45.8,43.6,50.8,36.4,0.497,6.36,0.15,5.6,5.32,7.16,0.133,4.26,3.43,0.0375,0.88,0.487,52.9,38.0,110,31,400,3.2,11.2,6.0,5.4,5.2,3.9,5.3,6.1,6.7,5.6,6.0,11.7,3.2,8.1,87.6,0.00342,0.203,12.0,0.0,0.0,16.5
43.9,46.4,41.4,55.8,57.8,53.8,45.4,43.8,47.0,44.4,36.3,52.5,0.501,6.3,0.155,5.54,5.36,7.1,0.135,4.27,3.37,0.0385,0.882,0.489,52.7,38.0,120,33,400,3.3,10.1,6.3,5.8,5.1,4.5,5.0,6.2,7.8,5.3,6.6,12.2,3.6,9.5,91.3,0.00398,0.186,11.7,0.0,0.0,18.7
41.6,39.4,43.8,57.6,54.8,60.4,41.4,38.8,44.0,43.5,51.5,35.5,0.495,6.29,0.151,5.44,5.41,7.18,0.129,4.3,3.38,0.0377,0.879,0.489,51.8,37.0,120,30,400,3.4,10.2,5.5,5.8,5.4,5.9,5.4,5.2,5.8,4.9,5.4,11.1,3.8,8.7,86.5,0.00323,0.21,12.6,0.0,0.0,20.2
44.1,45.2,43.0,55.9,54.2,57.6,45.5,45.0,46.0,46.3,35.2,57.4,0.507,6.23,0.155,5.39,5.32,7.1,0.13,4.23,3.37,0.0378,0.879,0.486,50.8,36.0,90,27,400,3.8,11.5,5.5,4.7,5.3,5.7,5.8,5.0,4.5,4.7,5.2,9.2,2.8,7.9,81.6,0.0039,0.186,10.3,0.0,0.0,19.1
43.2,42.8,43.6,59.8,60.2,59.4,44.3,41.6,47.0,43.0,46.0,40.0,0.496,6.19,0.154,5.47,5.38,7.21,0.131,4.2,3.42,0.0388,0.878,0.483,50.7,36.0,110,31,400,4.2,12.5,5.9,4.8,5.7,3.7,5.7,5.3,4.2,5.0,6.5,10.6,3.1,8.3,85.5,0.00332,0.195,11.2,0.0,0.0,19.7
43.1,42.8,43.4,59.6,59.2,60.0,43.7,45.0,42.4,46.4,40.8,52.0,0.502,6.2,0.152,5.5,5.46,7.16,0.131,4.29,3.43,0.0379,0.883,0.488,50.4,36.0,110,34,400,3.6,12.7,5.6,5.9,5.3,4.2,5.4,6.5,4.1,5.6,7.1,12.2,3.5,7.8,89.5,0.00332,0.187,13.0,0.0,0.0,18.1
41.9,41.8,42.0,57.7,56.4,59.0,43.5,44.4,42.6,45.6,40.6,50.6,0.518,6.5,0.155,5.62,5.64,7.52,0.137,4.39,3.5,0.0381,0.886,0.524,50.4,36.0,120,36,400,4.5,11.8,5.0,6.7,5.6,5.4,5.7,6.1,4.6,5.1,5.2,12.7,3.4,6.1,87.9,0.00379,0.205,13.0,0.0,0.0,17.5
46.1,45.2,47.0,57.5,58.4,56.6,44.9,41.8,48.0,43.7,39.8,47.6,0.548,6.84,0.163,5.98,5.95,7.87,0.144,4.65,3.67,0.0379,0.896,0.544,50.6,36.0,140,36,400,4.9,11.2,5.7,5.7,5.7,4.7,5.9,5.9,5.6,4.7,4.2,12.2,3.9,7.0,87.3,0.00383,0.182,12.8,0.0,0.0,17.5
43.4,43.4,43.4,45.4,46.6,44.2,46.5,46.8,46.2,44.0,45.6,42.4,0.589,7.16,0.175,6.23,6.19,8.37,0.152,4.9,3.85,0.038,0.909,0.577,50.0,36.0,120,33,400,3.5,11.2,6.7,6.0,5.5,4.6,5.6,5.3,5.7,5.0,4.7,10.0,3.4,8.8,86.0,0.00389,0.201,10.3,0.0,0.0,17.7
57.9,58.2,57.6,60.7,59.8,61.6,62.5,62.4,62.6,48.9,44.2,53.6,0.509,6.28,0.15,5.61,5.41,7.2,0.129,4.3,3.45,0.0379,0.706,0.499,101.0,87.0,240,97,400,78.3,13.0,6.5,6.5,5.25,6.0,6.0,6.5,6.75,7.0,5.5,14.5,4.0,9.0,175.0,0.00354,0.191,0.0,0.0,0.0,0.0
43.4,41.0,45.8,62.3,60.6,64.0,42.8,43.2,42.4,50.6,51.6,49.6,0.53,6.32,0.154,5.55,5.44,7.25,0.132,4.3,3.39,0.0379,0.249,0.509,84.7,66.0,230,74,400,48.0,11.3,7.67,5.56,4.89,5.56,5.67,5.89,6.67,6.89,5.0,14.0,4.22,8.0,139.0,0.00345,0.183,0.0,0.0,0.0,19.1
40.8,39.0,42.6,62.6,65.0,60.2,43.4,41.8,45.0,50.0,44.6,55.4,0.525,6.23,0.153,5.54,5.3,7.07,0.13,4.24,3.48,0.038,0.246,0.499,76.6,57.0,110,32,400,13.1,10.1,6.8,6.5,5.7,5.0,6.1,5.3,5.8,6.1,5.7,13.3,4.2,7.5,101.0,0.0028,0.203,0.0,0.0,0.0,27.6
42.1,41.2,43.0,59.6,55.8,63.4,43.5,41.8,45.2,50.8,40.2,61.4,0.503,6.19,0.148,5.61,5.29,7.21,0.128,4.25,3.45,0.0371,0.243,0.493,72.3,53.0,130,35,400,2.5,11.7,4.9,7.2,6.3,5.2,6.6,5.1,4.7,4.9,5.9,11.9,3.7,7.4,88.0,0.00329,0.184,0.0,0.0,0.0,34.1
41.4,41.4,41.4,63.0,64.0,62.0,43.2,43.0,43.4,50.1,51.2,49.0,0.509,6.13,0.149,5.53,5.28,7.01,0.126,4.24,3.37,0.0372,0.239,0.49,68.4,48.0,130,33,400,2.7,12.3,5.0,6.0,4.7,5.8,5.8,4.7,5.0,4.2,6.3,10.0,3.6,7.2,83.3,0.00261,0.207,0.0,0.0,0.0,23.5
41.1,40.8,41.4,62.4,64.8,60.0,43.9,43.4,44.4,47.9,55.0,40.8,0.502,6.2,0.15,5.53,5.21,7.13,0.126,4.19,3.4,0.0382,0.243,0.488,64.6,45.0,110,30,400,3.3,11.2,4.8,5.4,5.2,6.2,6.0,4.6,5.0,4.5,6.0,9.0,3.7,7.0,81.9,0.00314,0.191,33.3,0.0,0.0,20.0
43.0,41.8,44.2,61.4,65.0,57.8,42.8,40.0,45.6,49.8,51.6,48.0,0.507,6.22,0.148,5.57,5.22,7.17,0.128,4.22,3.38,0.0391,0.243,0.496,62.1,43.0,97,31,400,4.2,11.0,5.3,5.1,6.5,6.2,5.8,4.1,5.1,5.5,5.2,9.0,3.5,6.8,83.3,0.00314,0.209,37.5,0.0,0.0,22.0
43.8,43.6,44.0,60.4,59.8,61.0,47.5,48.4,46.6,49.5,56.0,43.0,0.504,6.13,0.151,5.59,5.21,6.98,0.125,4.23,3.43,0.0372,0.243,0.486,60.1,42.0,95,34,400,4.0,11.7,6.5,5.0,5.6,6.2,4.6,3.8,5.6,5.4,6.6,11.2,3.5,6.8,86.5,0.0037,0.192,43.1,0.0,0.0,21.9
40.3,43.2,37.4,62.4,61.4,63.4,43.3,44.4,42.2,48.5,42.2,54.8,0.502,6.09,0.145,5.48,5.07,7.1,0.126,4.27,3.43,0.0372,0.235,0.494,59.1,41.0,120,34,400,3.4,11.3,7.1,5.2,4.8,5.7,4.7,4.1,5.1,6.4,6.1,11.5,3.4,7.5,86.3,0.0024,0.204,14.6,0.0,0.0,24.1
43.5,42.8,44.2,63.3,65.2,61.4,44.4,46.2,42.6,50.7,50.2,51.2,0.509,6.06,0.147,5.6,5.14,7.03,0.127,4.21,3.45,0.0381,0.238,0.49,58.8,41.0,150,35,400,3.3,10.9,7.4,5.9,5.7,4.5,4.9,4.1,4.4,7.4,4.6,10.7,3.1,8.0,84.9,0.00555,0.185,15.7,0.0,0.0,25.0
41.2,38.6,43.8,59.9,56.6,63.2,44.9,42.2,47.6,49.1,52.2,46.0,0.504,6.09,0.149,5.55,5.1,7.05,0.129,4.26,3.45,0.0387,0.239,0.487,58.1,41.0,140,37,400,4.2,12.5,5.8,6.0,6.1,4.0,5.6,4.9,4.9,6.8,4.9,11.2,3.7,7.8,88.4,0.00527,0.198,17.1,0.0,0.0,23.5
42.3,39.4,45.2,61.7,64.4,59.0,42.5,39.8,45.2,50.4,53.6,47.2,0.525,6.1,0.148,5.61,5.01,6.93,0.13,4.23,3.42,0.0374,0.239,0.484,57.1,40.0,120,32,400,4.1,13.0,5.3,6.3,5.0,4.3,6.3,5.2,5.3,6.4,5.0,11.2,4.3,6.9,88.6,0.00459,0.179,16.9,0.0,0.0,24.0
43.4,43.0,43.8,65.8,66.0,65.6,44.7,44.8,44.6,51.6,54.8,48.4,0.519,6.16,0.152,5.64,5.03,7.1,0.129,4.14,3.38,0.0374,0.237,0.493,56.2,39.0,110,32,400,3.2,13.4,5.6,6.4,4.2,4.7,5.7,4.5,5.9,5.5,5.0,10.8,3.8,7.1,85.8,0.0056,0.187,17.2,0.0,0.0,23.0
41.9,41.4,42.4,59.2,65.0,53.4,44.7,44.2,45.2,48.3,49.6,47.0,0.52,6.07,0.15,5.65,5.05,7.01,0.127,4.21,3.38,0.037,0.241,0.473,55.6,39.0,100,36,400,2.6,13.5,6.0,6.4,4.7,5.2,5.7,5.8,6.0,4.9,5.3,10.5,3.7,7.9,88.2,0.00622,0.183,14.4,0.0,0.0,22.1
41.0,38.0,44.0,61.2,61.2,61.2,43.0,41.6,44.4,50.4,49.0,51.8,0.522,5.99,0.151,5.55,5.04,7.0,0.13,4.16,3.43,0.0361,0.24,0.491,54.9,38.0,110,33,400,2.6,11.3,6.7,6.3,5.6,5.6,5.8,6.2,5.0,5.0,6.0,11.5,3.7,6.6,87.9,0.00307,0.183,16.6,0.0,0.0,22.8
41.6,39.2,44.0,61.0,64.0,58.0,44.1,47.2,41.0,50.6,46.8,54.4,0.506,6.01,0.144,5.69,5.02,6.79,0.124,4.2,3.46,0.0367,0.237,0.48,54.5,38.0,120,31,400,3.1,11.0,5.9,6.4,5.7,5.4,5.7,5.2,4.4,5.3,6.4,11.9,3.7,5.9,86.0,0.00362,0.182,15.2,0.0,0.0,21.3
43.9,41.6,46.2,62.8,65.6,60.0,47.8,46.4,49.2,48.6,47.8,49.4,0.519,6.1,0.149,5.74,5.1,7.16,0.127,4.28,3.45,0.0368,0.242,0.503,54.2,38.0,120,36,400,3.0,12.4,5.0,5.9,6.8,5.0,5.9,5.1,3.7,5.5,6.9,11.4,3.4,6.6,86.6,0.00431,0.188,15.3,0.0,0.0,21.7
46.2,42.8,49.6,62.2,62.8,61.6,44.9,44.8,45.0,50.7,54.6,46.8,0.562,6.49,0.156,6.01,5.39,7.54,0.135,4.46,3.62,0.0359,0.255,0.537,53.9,38.0,120,34,400,3.5,12.7,4.4,4.8,7.3,4.6,5.1,4.8,4.4,6.4,7.0,11.0,3.3,8.0,87.3,0.00327,0.18,12.8,0.0,0.0,23.8
43.1,43.0,43.2,58.3,59.0,57.6,45.2,48.4,42.0,50.4,57.6,43.2,0.592,6.82,0.163,6.38,5.79,7.92,0.142,4.81,3.89,0.0367,0.264,0.565,53.5,37.0,140,31,400,3.6,12.5,4.1,5.5,5.5,6.1,4.8,5.5,5.8,6.3,6.0,11.9,4.4,9.4,91.4,0.0033,0.188,15.4,0.0,0.0,24.3
63.6,63.4,63.8,66.2,63.8,68.6,71.5,71.6,71.4,55.1,47.0,63.2,0.519,6.12,0.143,5.63,4.46,6.94,0.122,4.24,3.36,0.036,0.238,0.489,113.0,100.0,260,110,400,76.7,11.7,5.33,6.0,5.0,5.0,3.67,7.67,6.33,5.67,5.33,14.3,3.0,7.67,163.0,0.0041,0.187,0.0,0.0,0.0,0.0
44.4,42.2,46.6,69.9,69.0,70.8,43.1,45.8,40.4,55.9,56.6,55.2,0.528,6.15,0.146,5.66,5.1,7.1,0.124,4.25,3.45,0.0357,0.242,0.498,93.7,75.0,240,76,400,54.0,13.8,6.63,5.0,4.5,6.0,4.88,5.88,5.63,6.25,5.5,12.4,4.25,7.5,142.0,0.00396,0.168,0.0,0.0,0.0,0.0
45.5,45.0,46.0,67.2,64.2,70.2,43.5,46.0,41.0,54.4,51.6,57.2,0.537,6.24,0.145,5.6,5.05,7.08,0.127,4.26,3.45,0.0357,0.244,0.503,84.9,66.0,140,38,400,23.2,14.5,6.8,5.3,4.2,5.9,5.6,5.1,5.5,5.6,6.2,12.3,5.0,7.9,113.0,0.00381,0.186,0.0,0.0,0.0,29.5
49.0,48.4,49.6,67.0,66.4,67.6,44.0,43.6,44.4,53.0,63.8,42.2,0.529,6.2,0.15,5.63,5.15,7.11,0.131,4.24,3.49,0.0346,0.239,0.495,78.8,60.0,150,43,400,4.5,13.4,5.5,6.3,4.5,5.4,5.8,6.7,5.7,4.3,5.7,12.9,4.3,7.9,92.9,0.00387,0.182,0.0,0.0,0.0,39.6
48.4,48.2,48.6,67.8,69.8,65.8,44.9,45.8,44.0,52.8,48.4,57.2,0.542,6.25,0.154,5.53,5.18,7.34,0.133,4.25,3.48,0.0354,0.243,0.501,75.2,56.0,150,40,400,3.8,11.3,5.1,5.8,5.6,5.3,6.4,6.5,5.8,5.4,5.3,13.2,4.4,6.4,90.3,0.00466,0.205,30.5,0.0,0.0,49.2
48.9,51.2,46.6,70.9,71.6,70.2,43.8,45.6,42.0,57.0,57.0,57.0,0.543,6.21,0.158,5.65,5.32,7.42,0.136,4.23,3.53,0.0351,0.245,0.501,73.1,54.0,150,43,400,3.9,11.3,5.0,6.4,5.8,4.7,6.3,4.3,5.0,6.8,5.7,12.0,4.3,7.0,88.5,0.00299,0.187,36.8,0.0,0.0,26.9
46.1,44.8,47.4,67.0,69.2,64.8,42.1,43.0,41.2,54.4,51.4,57.4,0.545,6.25,0.157,5.58,5.29,7.49,0.136,4.28,3.6,0.0361,0.244,0.495,70.9,54.0,140,43,400,3.1,11.9,6.0,6.5,5.7,5.3,5.6,3.9,4.8,5.6,5.1,11.6,4.0,7.5,86.6,0.00375,0.207,43.2,0.0,0.0,28.3
48.2,49.0,47.4,69.3,70.0,68.6,62.2,63.2,61.2,55.5,58.0,53.0,0.535,6.13,0.157,5.63,5.29,7.55,0.134,4.34,3.66,0.0345,0.938,0.5,69.3,53.0,130,48,400,2.8,10.8,6.9,5.2,5.7,5.8,6.4,5.7,5.1,4.8,4.4,12.8,3.9,5.9,86.2,0.00302,0.192,19.2,0.0,0.0,27.6
44.0,44.6,43.4,67.9,70.4,65.4,43.3,41.6,45.0,52.4,55.4,49.4,0.52,6.17,0.158,5.57,5.37,7.61,0.134,4.35,3.7,0.0347,0.934,0.499,66.9,50.0,110,41,400,2.6,12.6,6.1,5.3,5.4,5.4,6.7,6.1,5.2,4.8,4.7,10.8,2.7,5.9,84.3,0.00355,0.2,21.2,0.0,0.0,29.8
45.8,48.2,43.4,71.1,73.0,69.2,44.7,41.2,48.2,56.0,56.0,56.0,0.531,6.16,0.157,5.51,5.38,7.46,0.139,4.43,3.76,0.0356,0.935,0.5,66.0,50.0,140,36,400,2.3,14.4,5.2,5.5,5.8,5.2,6.0,4.6,5.3,4.2,5.6,10.4,3.1,7.2,84.8,0.00337,0.186,20.0,0.0,0.0,24.4
41.5,43.4,39.6,66.0,62.4,69.6,45.0,45.4,44.6,54.2,61.6,46.8,0.534,6.18,0.164,5.6,5.34,7.6,0.143,4.39,3.85,0.0357,0.935,0.506,65.0,49.0,150,40,400,2.3,12.0,5.8,5.8,6.7,5.4,5.5,4.8,5.4,4.3,5.3,13.1,4.6,8.9,89.9,0.00337,0.198,20.2,0.0,0.0,27.6
48.6,48.2,49.0,69.0,66.8,71.2,44.6,43.6,45.6,53.9,46.2,61.6,0.539,6.23,0.164,5.62,5.33,7.75,0.14,4.4,3.79,0.0366,0.937,0.494,63.9,48.0,140,39,400,2.8,9.5,6.5,5.9,5.7,6.0,5.3,5.7,6.2,4.9,5.0,12.3,4.4,8.9,89.1,0.0033,0.192,19.2,0.0,0.0,25.4
44.1,42.6,45.6,67.8,69.4,66.2,43.6,42.8,44.4,54.9,51.2,58.6,0.542,6.14,0.167,5.49,5.39,7.84,0.145,4.38,3.83,0.0368,0.938,0.502,63.3,48.0,140,40,400,2.8,10.2,6.9,5.1,5.0,5.2,5.0,5.5,6.2,5.0,6.4,11.5,4.2,8.4,87.4,0.00438,0.204,20.3,0.0,0.0,29.7
45.0,47.8,42.2,69.8,70.0,69.6,44.0,44.8,43.2,54.1,60.2,48.0,0.544,6.28,0.166,5.55,5.47,7.69,0.146,4.38,3.88,0.0356,0.934,0.505,62.8,48.0,130,45,400,2.9,11.4,6.7,5.3,5.4,4.6,4.7,5.5,5.4,6.2,6.0,12.1,4.1,8.8,89.1,0.00383,0.202,18.5,0.0,0.0,25.1
43.1,43.6,42.6,69.9,72.4,67.4,44.2,45.2,43.2,54.9,49.6,60.2,0.532,6.18,0.169,5.58,5.5,7.69,0.147,4.44,3.95,0.0364,0.934,0.5,62.1,47.0,130,42,400,3.6,11.9,4.8,5.0,4.4,5.4,4.7,6.4,4.4,6.6,5.1,11.6,3.6,8.5,86.0,0.00323,0.214,18.2,0.0,0.0,27.8
44.1,46.8,41.4,66.3,67.0,65.6,45.3,46.8,43.8,55.4,53.8,57.0,0.529,6.16,0.168,5.45,5.33,7.74,0.146,4.42,3.89,0.0355,0.934,0.497,61.6,46.0,130,40,400,4.6,12.9,4.5,5.0,5.5,5.1,4.9,6.1,4.1,5.5,5.7,11.4,3.8,7.4,86.5,0.00464,0.205,18.5,0.0,0.0,27.2
41.9,41.0,42.8,66.8,66.2,67.4,42.0,38.0,46.0,54.1,50.8,57.4,0.538,6.14,0.169,5.48,5.52,7.76,0.151,4.4,3.99,0.0355,0.935,0.513,61.1,46.0,140,42,400,4.5,13.0,6.0,5.4,6.3,5.0,5.6,4.9,4.4,5.4,5.7,9.3,3.3,7.3,86.1,0.00404,0.207,19.5,0.0,0.0,28.9
43.4,42.4,44.4,67.8,70.6,65.0,47.7,46.8,48.6,54.9,51.8,58.0,0.575,6.51,0.177,5.79,5.8,8.18,0.159,4.69,4.22,0.0347,0.945,0.529,61.0,46.0,140,43,400,4.2,11.4,6.1,5.1,5.9,5.2,4.8,5.6,5.9,4.7,5.6,9.4,3.7,8.1,85.7,0.00361,0.209,19.3,0.0,0.0,25.5
43.1,44.8,41.4,68.7,70.0,67.4,46.8,47.4,46.2,53.0,61.2,44.8,0.603,6.91,0.187,6.12,6.08,8.54,0.166,4.99,4.46,0.0356,0.955,0.567,60.6,46.0,130,44,400,5.1,10.6,5.1,5.6,5.6,4.6,4.6,6.3,6.7,5.4,5.2,10.7,3.8,7.7,87.0,0.00284,0.221,19.8,0.0,0.0,26.9
72.6,71.0,74.2,74.3,75.4,73.2,78.2,77.4,79.0,51.7,51.0,52.4,0.998,10.4,0.276,9.04,8.64,14.5,0.258,6.85,6.62,0.0366,1.11,0.806,113.0,100.0,240,99,400,62.3,10.7,5.0,1.67,4.33,4.67,4.0,5.0,6.33,4.0,3.33,6.0,1.67,3.67,123.0,0.00307,0.187,0.0,0.0,0.0,0.0
49.9,52.4,47.4,37.9,42.2,33.6,56.8,57.6,56.0,34.5,28.4,40.6,0.142,2.13,0.0671,1.48,2.03,2.31,0.0422,1.41,1.16,0.0388,0.117,0.165,48.6,33.0,110,31,200,38.0,4.5,3.0,4.0,2.0,3.0,1.5,3.0,2.0,4.0,2.0,4.5,0.5,3.5,75.5,0.00388,0.183,0.0,0.0,0.0,0.0
31.3,31.6,31.0,42.8,41.8,43.8,32.6,31.4,33.8,33.4,35.0,31.8,0.148,2.23,0.0647,1.7,2.07,2.38,0.0423,1.6,1.24,0.039,0.123,0.169,44.1,31.0,100,30,200,30.4,5.0,3.86,3.43,3.86,3.29,2.43,2.14,3.29,4.0,2.0,6.0,1.57,4.14,75.4,0.00464,0.198,0.0,0.0,0.0,6.82
31.5,33.8,29.2,43.1,46.8,39.4,34.3,32.8,35.8,36.5,32.6,40.4,0.16,2.3,0.0688,1.79,2.12,2.44,0.045,1.65,1.32,0.0388,0.124,0.177,42.7,30.0,86,25,200,14.9,5.4,3.5,2.6,3.5,2.5,2.8,2.5,3.2,3.4,2.9,5.4,1.6,4.6,58.8,0.00354,0.182,0.0,0.0,0.0,10.4
31.7,29.6,33.8,43.8,44.6,43.0,32.5,29.8,35.2,32.9,38.4,27.4,0.153,2.37,0.0678,1.86,2.17,2.53,0.0444,1.7,1.34,0.0387,0.127,0.179,40.9,29.0,99,25,200,1.8,5.9,2.5,2.1,2.4,2.6,3.0,2.8,2.8,2.0,3.3,4.8,1.3,4.0,41.3,0.00276,0.201,0.0,0.0,0.0,13.1
32.2,31.8,32.6,43.2,41.2,45.2,34.7,35.4,34.0,34.7,30.8,38.6,0.155,2.4,0.0675,1.99,2.23,2.56,0.0446,1.77,1.4,0.0398,0.129,0.184,40.2,29.0,88,25,200,1.2,6.7,2.8,2.3,2.9,2.8,2.4,2.6,2.3,1.9,2.4,5.4,1.5,3.7,40.9,0.00365,0.194,6.62,0.0,0.0,9.02
33.0,32.6,33.4,44.3,46.6,42.0,34.9,34.4,35.4,34.9,35.8,34.0,0.164,2.51,0.0708,2.03,2.29,2.58,0.0481,1.84,1.45,0.0388,0.13,0.194,39.4,28.0,84,27,200,2.2,8.1,3.6,2.1,3.4,2.4,2.0,2.2,2.1,2.5,1.7,5.1,1.5,3.3,42.2,0.00298,0.204,8.09,0.0,0.0,8.27
34.2,35.4,33.0,43.1,42.8,43.4,33.7,31.0,36.4,33.2,33.6,32.8,0.174,2.6,0.0716,2.12,2.29,2.68,0.0512,1.9,1.53,0.0378,0.132,0.201,38.1,27.0,78,24,200,2.1,7.8,3.7,2.2,2.5,2.2,2.5,3.0,2.3,2.3,2.6,5.1,1.7,3.0,43.0,0.00337,0.191,9.56,0.0,0.0,9.08
33.2,31.8,34.6,42.5,42.0,43.0,34.7,31.2,38.2,35.3,37.6,33.0,0.178,2.6,0.0754,2.22,2.35,2.72,0.0515,1.98,1.59,0.0388,0.135,0.211,37.6,27.0,77,23,200,1.9,6.2,3.1,3.0,2.1,2.0,2.3,3.6,2.4,2.3,3.7,5.8,2.1,2.7,43.2,0.00331,0.206,4.44,0.0,0.0,9.85
33.2,30.8,35.6,44.0,42.0,46.0,35.1,35.0,35.2,34.5,31.0,38.0,0.187,2.74,0.0754,2.33,2.38,2.78,0.0527,2.06,1.65,0.0389,0.139,0.215,37.4,27.0,81,26,200,2.1,5.8,2.8,3.0,2.5,3.2,2.1,2.0,2.7,2.7,3.0,5.8,1.9,3.0,42.6,0.00401,0.19,4.39,0.0,0.0,9.57
32.6,35.8,29.4,45.9,45.4,46.4,35.6,32.6,38.6,34.0,38.0,30.0,0.198,2.84,0.076,2.44,2.45,2.84,0.0557,2.11,1.69,0.0379,0.141,0.219,37.2,27.0,87,26,200,2.0,6.6,2.7,2.0,2.5,3.3,2.8,2.2,2.5,3.0,1.9,5.2,1.8,5.0,43.5,0.00324,0.19,2.93,0.0,0.0,9.65
35.1,34.2,36.0,40.7,36.2,45.2,35.0,36.2,33.8,31.7,33.6,29.8,0.196,2.9,0.078,2.52,2.54,2.92,0.0555,2.19,1.75,0.0388,0.144,0.232,37.2,27.0,93,27,200,1.7,6.1,2.9,2.2,2.7,2.1,2.7,3.4,1.7,2.4,2.3,5.1,2.0,5.0,42.3,0.00393,0.181,4.38,0.0,0.0,9.59
31.3,33.0,29.6,44.9,46.0,43.8,33.5,34.4,32.6,37.7,37.8,37.6,0.203,2.94,0.0806,2.65,2.54,2.99,0.0581,2.25,1.83,0.0397,0.146,0.233,36.7,27.0,85,24,200,1.2,6.0,3.0,2.2,2.9,4.0,2.4,2.6,1.6,2.3,4.0,6.6,2.0,3.9,44.7,0.00341,0.183,4.23,0.0,0.0,9.88
35.1,36.8,33.4,43.7,43.6,43.8,34.5,33.2,35.8,32.1,29.0,35.2,0.214,3.03,0.083,2.72,2.63,3.08,0.0596,2.33,1.85,0.0388,0.149,0.239,36.7,27.0,78,24,200,1.5,5.9,2.9,2.4,2.8,4.1,2.9,1.9,2.4,2.9,4.0,6.7,2.0,4.6,47.0,0.00339,0.18,5.65,0.0,0.0,8.85
31.9,29.6,34.2,43.5,41.0,46.0,34.2,35.6,32.8,34.4,32.4,36.4,0.23,3.16,0.0842,2.81,2.67,3.12,0.0619,2.4,1.91,0.038,0.151,0.245,36.8,27.0,96,26,200,2.0,5.0,2.8,3.2,2.6,1.9,3.0,2.8,3.0,2.9,2.2,5.2,2.3,4.7,43.6,0.00335,0.18,4.18,0.0,0.0,9.21
34.1,32.8,35.4,40.8,40.2,41.4,33.5,33.0,34.0,36.0,34.8,37.2,0.237,3.22,0.0867,2.88,2.74,3.25,0.0661,2.49,1.97,0.0389,0.152,0.254,36.6,27.0,85,27,200,2.3,6.1,2.2,2.7,2.6,2.1,3.1,3.4,3.8,2.2,1.9,5.3,1.9,3.7,43.3,0.0034,0.183,4.35,0.0,0.0,8.98
31.2,28.2,34.2,41.7,42.6,40.8,34.7,35.8,33.6,33.5,34.3,32.7,0.244,3.32,0.0859,2.94,2.81,3.33,0.065,2.54,2.03,0.0388,0.154,0.259,36.2,26.0,69,25,200,2.2,7.0,2.4,2.3,2.3,2.6,2.4,2.9,2.5,2.1,2.5,5.7,1.5,3.1,41.5,0.00357,0.184,4.25,0.0,0.0,9.12
34.4,31.8,37.0,42.7,44.2,41.2,33.8,33.8,33.8,34.5,31.5,37.5,0.247,3.35,0.0894,3.06,2.88,3.39,0.0683,2.61,2.11,0.0389,0.158,0.269,36.1,27.0,75,25,200,2.4,6.8,2.9,2.1,2.5,2.8,2.4,2.4,2.3,2.0,2.7,5.0,1.5,3.5,41.3,0.00384,0.176,3.65,0.0,0.0,8.72
32.4,35.0,29.8,44.0,45.4,42.6,34.9,33.8,36.0,34.5,33.0,36.0,0.251,3.54,0.0912,3.2,3.01,3.59,0.0678,2.7,2.2,0.0398,0.162,0.281,36.1,26.0,80,26,200,2.0,6.6,2.6,2.8,2.5,2.5,3.3,2.2,3.6,1.8,3.2,5.2,1.3,4.0,43.6,0.00377,0.175,3.63,0.0,0.0,8.88
36.2,33.8,38.6,41.7,42.4,41.0,50.4,48.2,52.6,33.1,32.4,33.8,0.275,3.73,0.0963,3.42,3.19,3.82,0.0747,2.92,2.34,0.0398,0.608,0.304,36.3,27.0,88,28,200,0.9,7.1,2.2,3.5,3.0,2.6,2.9,2.5,3.1,2.1,3.2,6.6,1.7,3.4,44.8,0.00378,0.178,2.31,0.0,0.0,9.15
37.7,37.6,37.8,31.7,26.4,37.0,36.0,36.0,36.0,31.4,31.8,31.0,0.291,3.96,0.0998,3.55,3.35,4.09,0.0791,3.06,2.47,0.0389,0.808,0.313,36.3,27.0,91,29,200,0.7,7.1,2.8,2.7,3.7,3.0,2.2,3.0,2.5,2.5,2.8,6.5,2.0,2.9,44.4,0.00363,0.187,3.93,0.0,0.0,8.29
30.2,28.6,31.8,48.1,48.2,48.0,35.4,34.8,36.0,39.9,45.6,34.2,0.264,3.54,0.0941,3.15,2.9,3.58,0.0698,2.68,2.14,0.0374,0.793,0.273,43.2,31.0,98,28,200,35.2,6.33,3.0,3.0,3.17,2.67,3.0,4.0,3.0,4.0,2.5,6.0,2.0,5.0,82.8,0.00263,0.191,0.0,0.0,0.0,0.0
34.2,37.2,31.2,44.5,46.2,42.8,36.3,34.0,38.6,38.1,43.0,33.2,0.265,3.5,0.0912,3.23,2.86,3.58,0.0692,2.67,2.15,0.0381,0.792,0.267,41.8,30.0,100,28,200,19.8,6.1,3.1,3.0,2.7,2.7,2.4,3.5,2.8,3.3,2.5,5.7,1.7,5.0,64.3,0.00442,0.175,0.0,0.0,0.0,0.0
30.8,33.4,28.2,45.1,47.4,42.8,35.0,33.4,36.6,40.0,36.4,43.6,0.265,3.49,0.0941,3.23,2.89,3.57,0.0705,2.64,2.11,0.0391,0.795,0.274,40.2,28.0,98,25,200,1.6,5.8,2.1,2.6,2.3,3.0,2.6,2.5,2.5,2.5,2.9,5.8,1.9,3.8,41.9,0.00385,0.19,0.0,0.0,0.0,18.9
33.1,32.2,34.0,43.7,43.6,43.8,32.7,31.2,34.2,38.4,41.4,35.4,0.266,3.48,0.0938,3.16,2.85,3.55,0.0709,2.67,2.09,0.0375,0.793,0.27,39.0,27.0,83,24,200,2.2,5.4,1.6,2.8,2.9,2.5,3.3,2.8,2.5,2.5,3.6,6.4,2.4,3.4,44.3,0.00374,0.177,12.1,0.0,0.0,22.7
32.2,33.6,30.8,47.6,43.6,51.6,36.0,38.4,33.6,39.8,37.6,42.0,0.263,3.53,0.0928,3.23,2.89,3.59,0.069,2.65,2.07,0.0391,0.791,0.269,37.7,27.0,73,24,200,2.1,4.9,1.6,2.9,3.9,2.2,2.3,3.5,2.4,2.6,3.3,5.4,1.8,4.5,43.4,0.00312,0.192,14.8,0.0,0.0,26.6
35.4,37.0,33.8,45.5,41.8,49.2,36.2,37.6,34.8,38.0,47.0,29.0,0.261,3.48,0.0934,3.19,2.85,3.55,0.0687,2.63,2.07,0.0383,0.792,0.27,37.5,26.0,74,24,200,1.5,5.4,1.9,2.7,3.5,3.7,2.5,3.1,2.6,2.4,2.4,4.8,1.4,4.9,42.8,0.00451,0.174,17.5,0.0,0.0,12.7
31.8,32.6,31.0,45.5,43.2,47.8,32.8,29.2,36.4,40.1,44.2,36.0,0.264,3.49,0.0918,3.17,2.82,3.52,0.0675,2.6,2.06,0.0373,0.793,0.263,36.8,26.0,85,22,200,1.2,5.0,2.7,2.1,2.5,3.3,3.3,2.5,3.2,2.5,1.9,5.2,1.8,3.6,40.8,0.00271,0.192,9.18,0.0,0.0,13.9
33.3,34.4,32.2,45.6,45.2,46.0,34.0,32.0,36.0,38.2,40.8,35.6,0.257,3.51,0.0906,3.15,2.85,3.52,0.0663,2.56,2.01,0.0373,0.791,0.266,37.4,26.0,110,23,200,1.1,5.5,3.0,2.1,1.8,2.6,3.5,3.1,3.6,3.4,2.2,5.2,1.9,4.1,43.1,0.00351,0.171,8.79,0.0,0.0,14.4
31.0,30.4,31.6,47.7,45.0,50.4,33.8,33.0,34.6,40.4,46.0,34.8,0.247,3.52,0.0888,3.14,2.83,3.46,0.0668,2.52,2.01,0.0372,0.791,0.262,37.0,26.0,93,25,200,1.1,6.0,2.7,2.9,2.1,2.3,3.0,3.2,3.4,3.2,2.6,3.9,1.4,4.4,42.2,0.00364,0.191,9.86,0.0,0.0,14.0
33.5,31.4,35.6,46.9,42.2,51.6,34.8,38.4,31.2,35.6,34.2,37.0,0.249,3.47,0.091,3.13,2.78,3.53,0.0662,2.53,2.01,0.0381,0.789,0.263,37.2,26.0,99,24,200,1.0,6.0,2.6,2.5,2.6,1.8,2.9,3.2,2.8,2.4,3.0,4.2,1.7,4.6,41.3,0.00425,0.175,7.5,0.0,0.0,13.4
32.5,31.6,33.4,49.1,46.8,51.4,35.2,37.2,33.2,39.5,35.2,43.8,0.251,3.48,0.0908,3.16,2.78,3.47,0.0662,2.47,2.01,0.0379,0.794,0.263,37.6,26.0,110,29,200,1.6,6.3,3.4,1.8,2.5,2.5,3.0,3.0,2.2,2.6,2.9,5.6,2.3,4.6,44.3,0.00343,0.191,7.77,0.0,0.0,14.0
31.8,34.2,29.4,48.4,49.8,47.0,34.3,31.4,37.2,40.0,35.2,44.8,0.251,3.51,0.0911,3.21,2.78,3.47,0.0679,2.52,2.01,0.038,0.794,0.26,37.2,26.0,91,28,200,2.0,5.8,3.3,2.1,2.3,3.0,2.6,2.9,2.4,2.6,2.5,6.0,1.8,3.9,43.2,0.00426,0.183,6.6,0.0,0.0,14.8
34.2,31.6,36.8,47.1,44.0,50.2,35.9,38.6,33.2,39.9,38.0,41.8,0.252,3.54,0.0893,3.22,2.75,3.48,0.0684,2.53,1.98,0.0369,0.791,0.264,36.9,26.0,73,26,200,2.1,5.5,3.2,2.5,2.2,3.1,2.5,2.7,3.0,2.0,2.4,5.6,1.3,4.5,42.6,0.0036,0.199,7.85,0.0,0.0,13.9
34.8,35.4,34.2,47.6,48.2,47.0,37.2,35.8,38.6,38.0,35.2,40.8,0.267,3.53,0.0934,3.23,2.78,3.5,0.071,2.56,2.02,0.0377,0.794,0.27,36.8,26.0,77,26,200,2.1,5.7,3.6,2.2,2.9,3.0,2.8,2.4,3.5,2.3,2.7,5.9,1.7,3.6,44.4,0.00371,0.184,7.97,0.0,0.0,13.5
31.8,32.2,31.4,47.1,45.6,48.6,34.6,33.8,35.4,38.6,31.4,45.8,0.252,3.53,0.0909,3.2,2.75,3.39,0.0687,2.54,2.05,0.0377,0.354,0.261,36.5,26.0,80,25,200,2.2,5.3,3.3,3.4,3.7,2.8,2.9,2.1,3.0,2.8,2.6,6.3,2.2,3.5,46.1,0.0038,0.197,8.02,0.0,0.0,12.7
34.7,34.0,35.4,46.2,43.8,48.6,35.9,33.4,38.4,39.4,37.6,41.2,0.256,3.45,0.0908,3.25,2.76,3.36,0.0678,2.59,2.03,0.0377,0.158,0.266,36.7,26.0,90,26,200,2.2,6.1,3.3,3.5,3.5,2.8,2.6,2.2,2.4,2.1,2.4,6.2,2.3,3.8,45.4,0.004,0.188,8.77,0.0,0.0,14.4
31.1,30.8,31.4,46.9,47.6,46.2,37.1,35.4,38.8,38.1,39.2,37.0,0.267,3.62,0.0938,3.37,2.85,3.53,0.0715,2.66,2.12,0.0386,0.164,0.278,36.5,26.0,92,25,200,1.8,6.1,2.9,2.5,2.9,2.6,3.1,2.6,2.2,2.1,2.6,5.9,1.8,3.6,42.7,0.00382,0.202,8.51,0.0,0.0,13.0
31.4,29.0,33.8,47.3,49.2,45.4,35.1,37.0,33.2,40.0,44.0,36.0,0.271,3.81,0.0927,3.52,3.0,3.68,0.0723,2.8,2.23,0.0378,0.171,0.289,36.3,26.0,75,24,200,2.1,5.1,2.3,2.7,3.7,2.5,3.1,2.6,2.6,3.2,2.1,5.1,1.4,4.0,42.5,0.00373,0.191,7.2,0.0,0.0,13.3
34.8,38.2,31.4,41.6,39.4,43.8,36.2,36.0,36.4,37.3,40.4,34.2,0.286,4.01,0.0971,3.73,3.11,3.89,0.0757,2.95,2.35,0.0378,0.175,0.302,36.5,26.0,95,26,200,2.2,5.0,2.0,2.4,3.5,2.7,3.6,3.0,2.5,3.6,2.5,4.0,1.0,3.7,41.7,0.00367,0.209,7.88,0.0,0.0,13.9
35.0,33.4,36.6,50.2,53.4,47.0,43.5,42.4,44.6,44.6,50.6,38.6,0.236,3.58,0.0839,3.24,2.74,3.36,0.0635,2.57,2.06,0.0386,0.158,0.251,45.8,34.0,110,37,200,42.4,7.0,4.4,2.6,1.8,3.6,3.8,3.4,3.6,3.2,5.2,6.2,1.2,5.2,93.6,0.00385,0.187,0.0,0.0,0.0,0.0
36.1,35.0,37.2,52.0,52.8,51.2,35.6,38.8,32.4,41.9,39.4,44.4,0.236,3.42,0.0851,3.17,2.78,3.38,0.0634,2.6,2.04,0.038,0.157,0.254,43.1,32.0,110,39,200,22.4,5.6,3.2,2.4,2.2,2.4,3.0,3.4,2.5,2.7,4.0,4.9,1.2,3.8,63.7,0.00372,0.173,0.0,0.0,0.0,0.0
36.9,33.2,40.6,53.1,54.6,51.6,33.1,32.4,33.8,45.8,52.0,39.6,0.231,3.47,0.0848,3.18,2.8,3.43,0.0638,2.59,2.08,0.0379,0.159,0.255,41.8,31.0,82,28,200,2.2,5.0,2.3,2.4,2.6,1.5,1.9,3.9,1.9,2.4,2.9,4.2,1.4,3.6,38.2,0.00372,0.2,0.0,0.0,0.0,22.3
37.8,38.4,37.2,49.1,46.0,52.2,35.0,34.8,35.2,42.7,32.8,52.7,0.236,3.52,0.0855,3.21,2.79,3.56,0.0664,2.64,2.08,0.0389,0.158,0.257,40.4,30.0,82,27,200,1.5,4.6,2.7,2.8,2.9,2.5,2.6,3.8,2.4,2.1,3.0,6.0,1.8,4.1,42.8,0.00342,0.189,0.0,0.0,0.0,28.0
35.3,37.6,33.0,51.6,52.0,51.2,33.6,33.0,34.2,45.9,45.1,46.7,0.245,3.47,0.0874,3.2,2.84,3.57,0.0673,2.67,2.09,0.038,0.159,0.256,40.4,30.0,86,27,200,1.9,4.8,3.1,2.4,2.8,2.6,3.9,3.1,2.8,2.0,2.8,6.8,2.0,3.7,44.7,0.00343,0.205,23.1,0.0,0.0,34.9
37.4,38.8,36.0,49.1,48.6,49.6,35.8,35.2,36.4,44.6,47.2,42.0,0.252,3.5,0.0883,3.2,2.85,3.66,0.0691,2.66,2.09,0.0381,0.16,0.259,40.4,30.0,93,30,200,2.7,5.3,3.1,2.5,2.7,2.1,3.3,2.7,3.1,2.1,2.4,6.1,2.2,3.5,43.8,0.00352,0.19,27.0,0.0,0.0,17.8
34.4,30.6,38.2,49.3,50.0,48.6,36.3,38.6,34.0,44.8,42.7,46.9,0.242,3.53,0.088,3.25,2.94,3.66,0.0699,2.65,2.1,0.0381,0.161,0.263,40.6,30.0,100,30,200,2.3,4.6,2.8,2.6,2.7,3.0,2.4,2.9,2.8,2.6,2.6,6.0,2.1,3.4,42.8,0.00347,0.209,31.1,0.0,0.0,19.9
32.7,30.4,35.0,49.1,53.0,45.2,33.9,32.2,35.6,45.1,38.1,52.1,0.249,3.5,0.0903,3.2,2.92,3.67,0.0686,2.67,2.06,0.0374,0.159,0.261,40.1,30.0,100,26,200,2.3,5.1,3.0,2.4,2.5,3.2,2.3,3.3,2.7,2.8,3.9,6.2,1.8,3.9,45.4,0.00413,0.187,12.1,0.0,0.0,16.9
33.7,34.0,33.4,51.8,48.0,55.6,35.9,37.2,34.6,44.3,50.2,38.4,0.245,3.48,0.0909,3.17,2.87,3.66,0.0679,2.61,2.04,0.0371,0.16,0.259,39.8,29.0,91,27,200,2.5,4.7,3.1,2.3,2.4,2.5,2.9,3.0,2.9,3.2,3.8,6.1,2.0,3.9,45.3,0.00341,0.206,12.2,0.0,0.0,18.8
32.9,33.0,32.8,53.7,55.6,51.8,34.0,34.4,33.6,42.7,54.8,30.6,0.254,3.5,0.0924,3.18,2.94,3.65,0.0683,2.59,2.04,0.0391,0.163,0.252,39.7,29.0,92,26,200,2.2,4.2,2.8,3.0,2.4,2.4,3.0,2.7,2.8,3.2,2.7,5.6,2.2,4.1,43.3,0.00347,0.181,12.0,0.0,0.0,18.4
32.7,31.2,34.2,52.3,53.8,50.8,35.0,33.8,36.2,45.9,40.6,51.2,0.244,3.46,0.0881,3.14,2.92,3.65,0.0684,2.59,1.99,0.0384,0.161,0.254,39.3,29.0,88,26,200,2.0,4.5,2.9,3.5,2.6,2.3,2.6,2.4,2.8,3.2,2.7,5.8,1.8,3.4,42.5,0.00263,0.205,12.2,0.0,0.0,18.8
33.1,32.8,33.4,50.9,52.8,49.0,34.8,38.0,31.6,42.8,39.6,46.0,0.26,3.46,0.0913,3.11,2.91,3.69,0.0693,2.55,1.93,0.0375,0.16,0.257,39.4,29.0,97,26,200,2.2,5.3,4.1,2.9,2.3,2.1,2.4,2.2,3.1,3.6,2.4,6.0,2.1,2.9,43.6,0.00362,0.193,13.7,0.0,0.0,19.4
34.2,31.4,37.0,54.2,53.2,55.2,34.6,37.0,32.2,43.1,48.8,37.4,0.25,3.47,0.0907,3.11,2.92,3.65,0.0694,2.52,1.94,0.0393,0.161,0.259,39.4,28.0,120,25,200,2.0,6.7,3.5,3.4,2.0,2.2,2.4,2.5,3.5,3.1,2.1,5.6,2.2,3.4,44.6,0.00297,0.202,13.0,0.0,0.0,18.1
33.2,30.6,35.8,53.1,55.0,51.2,34.0,33.6,34.4,43.2,40.4,46.0,0.246,3.42,0.0889,3.07,2.9,3.69,0.0671,2.48,1.95,0.0374,0.158,0.258,39.3,29.0,90,28,200,1.5,6.5,2.6,3.3,2.5,2.1,3.0,2.9,3.0,3.1,2.4,6.2,1.7,3.9,44.7,0.00392,0.191,12.6,0.0,0.0,19.9
31.4,34.4,28.4,49.4,47.4,51.4,34.8,36.0,33.6,42.9,46.6,39.2,0.253,3.43,0.0916,3.13,2.92,3.69,0.0695,2.52,1.95,0.0383,0.157,0.257,39.4,29.0,89,32,200,1.8,5.6,3.6,2.4,3.2,2.4,2.7,2.7,1.9,2.5,2.2,5.3,1.2,4.8,42.3,0.00378,0.203,11.3,0.0,0.0,18.5
33.7,30.8,36.6,52.5,53.0,52.0,34.9,35.0,34.8,45.1,45.6,44.6,0.242,3.45,0.0914,3.07,2.96,3.68,0.069,2.45,1.96,0.0392,0.158,0.263,39.3,29.0,89,30,200,1.9,4.9,3.2,2.2,2.9,2.6,2.1,2.1,1.5,2.7,2.7,4.6,1.0,4.1,38.5,0.00443,0.189,13.6,0.0,0.0,18.0
31.8,33.0,30.6,53.6,53.6,53.6,33.6,30.2,37.0,44.6,54.4,34.8,0.259,3.51,0.0928,3.12,3.03,3.77,0.0705,2.52,2.0,0.0393,0.162,0.273,39.2,29.0,85,28,200,1.3,5.9,2.7,2.3,2.9,2.2,1.9,2.6,2.2,3.2,2.6,5.9,1.9,3.9,41.5,0.00284,0.2,11.0,0.0,0.0,18.1
35.6,36.6,34.6,51.9,54.0,49.8,34.3,35.4,33.2,44.3,38.2,50.4,0.271,3.69,0.0965,3.28,3.21,3.98,0.0743,2.73,2.13,0.0372,0.169,0.289,39.2,29.0,89,29,200,1.4,7.4,2.7,3.0,3.4,1.9,2.4,3.0,2.5,3.2,2.0,6.5,2.0,4.2,45.6,0.0042,0.181,13.6,0.0,0.0,16.7
32.9,32.0,33.8,45.4,45.4,45.4,33.8,35.8,31.8,43.5,48.2,38.8,0.289,3.84,0.0984,3.43,3.36,4.15,0.0773,2.83,2.24,0.0371,0.173,0.302,39.2,29.0,97,27,200,1.6,6.0,2.8,2.9,2.6,1.7,2.6,2.6,2.5,3.3,2.7,5.6,1.7,3.6,42.2,0.00329,0.187,12.0,0.0,0.0,18.4
40.0,40.2,39.8,55.9,55.2,56.6,63.8,63.4,64.2,49.3,40.0,58.6,0.264,3.37,0.09,3.01,2.88,3.48,0.0685,2.48,1.99,0.0383,0.915,0.262,83.3,72.0,200,76,200,41.8,4.5,3.75,2.5,4.0,2.5,3.75,2.25,3.25,2.25,4.75,5.75,1.75,3.5,86.3,0.00522,0.186,5.0,0.0,0.0,0.0
33.8,33.6,34.0,55.5,60.6,50.4,35.1,35.4,34.8,48.5,54.6,42.4,0.257,3.39,0.0878,3.02,2.77,3.4,0.0661,2.48,2.0,0.0391,0.914,0.263,72.2,57.0,200,68,200,24.7,4.67,2.78,2.33,3.11,3.11,3.44,1.89,3.0,2.78,3.11,5.11,1.56,3.89,65.4,0.00544,0.182,10.5,0.0,0.0,19.1
34.2,32.6,35.8,56.7,57.6,55.8,34.1,32.2,36.0,50.1,45.0,55.2,0.252,3.33,0.0867,2.99,2.78,3.36,0.0637,2.53,2.01,0.0382,0.912,0.261,65.1,47.0,100,30,200,6.5,5.3,2.0,2.6,2.8,3.1,3.2,2.3,2.3,3.3,2.2,4.6,1.3,4.5,46.0,0.00545,0.191,17.1,0.0,0.0,26.0
32.4,33.6,31.2,55.3,52.8,57.8,35.5,32.8,38.2,47.7,55.2,40.2,0.254,3.35,0.0865,2.96,2.77,3.36,0.0633,2.49,2.03,0.0382,0.912,0.26,60.9,43.0,110,28,200,1.7,4.9,1.9,2.7,2.7,3.1,3.3,2.7,2.4,3.0,2.7,5.6,1.3,5.1,43.1,0.00478,0.193,16.4,0.0,0.0,35.2
34.2,33.6,34.8,56.1,55.6,56.6,36.0,32.6,39.4,48.8,51.2,46.4,0.249,3.32,0.0868,3.0,2.78,3.36,0.0663,2.54,2.03,0.0383,0.912,0.264,57.7,40.0,120,31,200,1.6,4.4,2.1,2.4,2.5,2.6,2.4,2.9,3.1,2.7,3.0,6.0,2.0,5.2,42.9,0.00383,0.192,18.0,0.0,0.0,22.4
32.0,31.0,33.0,54.9,55.0,54.8,34.1,32.0,36.2,49.4,46.6,52.2,0.249,3.35,0.0847,3.03,2.8,3.37,0.0647,2.53,2.03,0.0384,0.911,0.267,55.0,38.0,94,29,200,2.2,5.3,2.9,2.0,3.1,2.1,1.9,3.5,3.0,3.7,2.9,6.2,2.3,4.6,45.7,0.00361,0.176,16.8,0.0,0.0,23.8
34.7,34.8,34.6,55.7,55.8,55.6,35.6,34.2,37.0,51.2,52.6,49.8,0.248,3.33,0.0845,2.97,2.77,3.42,0.0638,2.49,2.02,0.0371,0.91,0.268,52.9,37.0,93,27,200,1.9,5.7,3.1,2.2,2.9,2.6,2.9,3.0,2.3,4.4,3.0,5.4,1.5,4.0,44.9,0.00261,0.188,17.5,0.0,0.0,22.4
34.3,31.6,37.0,58.3,56.0,60.6,33.1,28.8,37.4,48.4,45.8,51.0,0.253,3.35,0.0864,3.06,2.78,3.39,0.0646,2.52,2.05,0.0382,0.911,0.266,51.5,35.0,85,27,200,1.2,5.8,2.4,2.6,2.4,2.3,3.5,3.0,2.2,3.0,3.6,5.1,1.5,4.1,42.7,0.00325,0.172,16.1,0.0,0.0,22.5
31.8,34.4,29.2,57.6,58.8,56.4,34.2,35.4,33.0,47.6,45.8,49.4,0.247,3.3,0.0857,3.03,2.79,3.41,0.064,2.56,2.07,0.0382,0.912,0.269,50.5,34.0,110,27,200,1.6,5.8,2.4,3.2,2.0,3.0,3.1,3.0,2.3,2.1,3.1,6.1,2.4,3.4,43.5,0.00396,0.188,16.5,0.0,0.0,23.2
33.2,33.6,32.8,56.3,58.2,54.4,34.9,37.2,32.6,49.8,45.4,54.2,0.247,3.29,0.0844,3.05,2.74,3.37,0.0641,2.57,2.11,0.0372,0.911,0.262,49.7,33.0,110,26,200,1.9,6.5,2.8,3.1,2.1,3.6,2.9,2.6,2.7,2.8,3.0,6.3,2.3,2.4,45.0,0.00341,0.186,16.6,0.0,0.0,22.6
33.9,33.6,34.2,55.6,56.6,54.6,34.9,36.2,33.6,49.4,49.0,49.8,0.245,3.33,0.0861,2.99,2.81,3.36,0.0656,2.56,2.06,0.0382,0.912,0.261,49.0,33.0,110,27,200,1.3,6.6,3.1,3.0,2.8,3.0,2.8,2.7,3.3,2.3,3.4,5.6,1.6,3.0,44.5,0.0034,0.203,17.6,0.0,0.0,22.8
37.6,38.4,36.8,55.0,53.6,56.4,35.2,36.2,34.2,48.6,50.4,46.8,0.253,3.33,0.0877,3.01,2.84,3.48,0.0663,2.59,2.1,0.0382,0.912,0.271,48.8,33.0,110,30,200,1.2,5.6,2.6,3.6,3.9,3.1,2.2,2.8,2.4,2.5,3.5,5.0,1.5,3.8,43.7,0.0034,0.188,16.5,0.0,0.0,23.8
37.0,36.6,37.4,56.8,55.8,57.8,35.7,35.8,35.6,49.1,50.0,48.2,0.258,3.3,0.0865,3.03,2.85,3.56,0.0679,2.61,2.05,0.0383,0.913,0.265,48.4,33.0,110,31,200,1.8,6.2,2.3,3.0,3.7,2.9,2.2,2.0,1.9,3.3,2.8,5.0,1.5,4.8,43.4,0.00354,0.209,16.5,0.0,0.0,22.9
36.0,34.8,37.2,54.6,56.2,53.0,32.2,29.4,35.0,46.7,43.0,50.4,0.248,3.34,0.0905,3.03,2.91,3.6,0.0696,2.64,2.1,0.0384,0.912,0.268,48.0,32.0,100,31,200,2.2,5.8,3.2,2.5,2.8,2.4,2.8,2.0,2.5,3.0,1.9,5.1,1.6,4.3,42.1,0.0036,0.186,15.2,0.0,0.0,24.6
37.4,35.0,39.8,57.2,58.6,55.8,33.9,31.6,36.2,50.2,41.2,59.2,0.25,3.34,0.0912,3.05,2.91,3.65,0.0686,2.56,2.05,0.0392,0.911,0.265,47.5,32.0,100,29,200,1.9,4.5,3.0,2.4,2.7,2.6,3.2,2.5,2.8,3.4,2.2,5.3,1.9,3.6,42.0,0.00389,0.191,18.6,0.0,0.0,20.2
35.9,35.8,36.0,55.8,57.4,54.2,34.0,33.0,35.0,47.3,44.8,49.8,0.246,3.35,0.0911,3.06,2.93,3.7,0.0675,2.58,2.07,0.0392,0.913,0.262,47.4,33.0,110,34,200,2.2,4.5,2.6,2.8,2.6,2.8,3.3,2.2,3.2,2.8,3.0,5.5,1.9,3.7,43.1,0.00392,0.178,18.4,0.0,0.0,23.3
35.5,35.6,35.4,59.2,54.6,63.8,36.0,36.8,35.2,49.3,46.4,52.2,0.245,3.38,0.0921,3.06,3.04,3.89,0.0701,2.59,2.09,0.0374,0.914,0.275,47.1,32.0,100,34,200,2.3,5.4,2.2,2.5,3.0,2.8,3.8,2.9,3.3,1.9,2.9,6.1,1.6,3.1,43.8,0.00449,0.193,19.3,0.0,0.0,23.0
33.6,30.8,36.4,56.4,56.0,56.8,35.8,34.4,37.2,49.0,49.8,48.2,0.272,3.55,0.0973,3.21,3.2,4.1,0.0771,2.76,2.23,0.0392,0.922,0.289,46.8,32.0,110,32,200,1.6,6.0,2.7,2.2,3.5,2.6,3.4,2.9,3.2,2.2,2.3,6.1,2.0,3.7,44.4,0.00394,0.177,16.7,0.0,0.0,23.2
35.3,35.8,34.8,56.7,56.0,57.4,34.8,33.6,36.0,50.5,50.0,51.0,0.29,3.76,0.103,3.42,3.38,4.29,0.0815,2.88,2.35,0.0373,0.928,0.305,46.6,32.0,100,31,200,1.9,5.8,3.3,3.1,3.6,3.1,2.6,2.3,2.8,2.2,3.0,5.7,2.4,3.7,45.5,0.00395,0.188,15.9,0.0,0.0,23.2
46.6,47.2,46.0,59.2,63.0,55.4,53.7,53.0,54.4,54.3,60.8,47.8,0.278,3.34,0.0984,3.2,2.99,3.86,0.0767,2.64,2.11,0.0385,0.16,0.271,52.6,39.0,140,39,200,37.7,7.33,2.33,4.67,1.67,2.33,2.33,3.33,1.33,2.67,2.67,4.0,1.67,3.0,77.0,0.00395,0.195,0.0,0.0,0.0,0.0
33.7,34.8,32.6,60.1,64.0,56.2,34.9,35.8,34.0,52.3,59.0,45.6,0.272,3.43,0.0965,3.14,2.95,3.87,0.0741,2.62,2.12,0.0383,0.159,0.272,48.5,36.0,130,36,200,27.6,6.38,2.63,3.38,2.0,3.13,3.25,2.25,1.75,3.5,3.13,5.0,1.63,3.63,69.3,0.00407,0.181,0.0,0.0,0.0,0.0
30.7,28.6,32.8,60.9,57.8,64.0,33.9,34.0,33.8,54.7,64.0,45.4,0.278,3.41,0.1,3.14,2.97,3.87,0.0781,2.66,2.14,0.0392,0.158,0.27,46.7,34.0,100,27,200,11.6,6.2,2.5,2.6,3.0,3.4,3.9,2.2,2.4,3.8,3.0,6.4,2.2,3.9,57.1,0.00412,0.195,0.0,0.0,0.0,0.0
35.0,35.4,34.6,59.6,59.8,59.4,35.4,35.8,35.0,53.6,66.4,40.8,0.282,3.4,0.0995,3.22,2.92,3.81,0.0774,2.72,2.2,0.0394,0.159,0.274,46.3,34.0,99,30,200,1.3,5.9,2.1,3.1,3.6,3.5,3.8,2.8,2.7,3.0,2.5,6.7,2.3,3.1,46.4,0.00494,0.191,24.7,0.0,0.0,0.0
31.2,34.8,27.6,63.9,60.4,67.4,34.8,35.4,34.2,51.9,54.0,49.8,0.269,3.38,0.0968,3.16,2.94,3.82,0.075,2.71,2.17,0.0374,0.158,0.269,45.6,33.0,98,30,200,1.1,5.4,2.6,3.3,2.7,3.3,3.4,3.4,2.6,2.2,2.3,6.3,1.6,2.9,43.1,0.00339,0.211,33.6,0.0,0.0,45.8
33.1,33.0,33.2,62.6,65.2,60.0,34.6,37.0,32.2,53.5,44.6,62.4,0.259,3.44,0.0954,3.16,2.96,3.85,0.0737,2.66,2.19,0.0382,0.157,0.269,45.4,33.0,110,30,200,1.9,5.6,3.4,2.8,2.4,3.5,3.2,3.6,2.4,1.8,2.0,5.8,1.2,3.8,43.4,0.00391,0.193,38.4,0.0,0.0,56.2
33.6,33.6,33.6,59.8,58.6,61.0,34.8,33.6,36.0,54.6,64.4,44.8,0.266,3.47,0.0972,3.18,2.97,3.86,0.073,2.67,2.16,0.0383,0.159,0.273,45.3,33.0,110,31,200,2.1,6.0,3.5,2.9,2.7,2.9,3.2,3.8,2.9,2.1,2.5,5.8,1.3,3.2,44.9,0.00408,0.218,19.5,0.0,0.0,64.6
32.4,35.8,29.0,61.7,62.0,61.4,34.2,32.2,36.2,54.6,52.4,56.8,0.269,3.41,0.0973,3.22,2.9,3.87,0.0744,2.69,2.15,0.0383,0.157,0.274,44.9,33.0,100,31,200,2.4,6.1,4.0,2.5,1.8,1.8,3.1,3.7,3.0,2.5,3.1,6.1,2.0,2.9,45.0,0.00397,0.203,20.6,0.0,0.0,28.7
31.0,28.0,34.0,60.2,63.0,57.4,35.0,35.8,34.2,53.8,43.4,64.2,0.263,3.41,0.0957,3.19,2.86,3.76,0.0729,2.62,2.16,0.0384,0.157,0.269,44.6,33.0,88,31,200,2.2,5.7,3.7,2.2,1.9,2.0,2.9,2.4,2.9,2.5,2.7,5.1,1.8,3.3,41.3,0.00399,0.216,21.7,0.0,0.0,26.5
33.4,33.4,33.4,63.2,68.4,58.0,35.3,37.2,33.4,53.6,61.2,46.0,0.266,3.37,0.0958,3.17,2.83,3.64,0.0724,2.65,2.18,0.0381,0.157,0.27,44.6,33.0,110,32,200,1.7,5.5,2.6,2.4,2.9,2.0,2.7,2.6,3.2,2.6,2.5,4.8,1.6,3.7,40.8,0.00476,0.191,21.7,0.0,0.0,29.6
31.9,34.0,29.8,61.3,64.2,58.4,35.3,36.8,33.8,56.0,67.6,44.4,0.272,3.41,0.093,3.25,2.8,3.65,0.0729,2.63,2.15,0.037,0.159,0.272,44.9,33.0,120,34,200,2.1,6.3,2.1,3.1,3.3,3.0,2.4,2.5,2.3,2.8,2.8,4.7,1.9,4.7,44.0,0.00328,0.211,21.0,0.0,0.0,27.0
35.5,36.8,34.2,57.8,57.8,57.8,35.4,33.4,37.4,54.5,48.8,60.2,0.275,3.42,0.0931,3.22,2.79,3.58,0.0741,2.66,2.17,0.0372,0.159,0.275,44.8,33.0,110,34,200,2.7,6.8,2.2,3.0,3.4,2.8,1.9,1.5,2.3,2.5,3.1,4.8,1.9,4.5,43.4,0.00399,0.192,20.6,0.0,0.0,30.0
32.2,35.2,29.2,62.0,66.2,57.8,34.8,35.0,34.6,54.0,52.6,55.4,0.272,3.43,0.0959,3.23,2.76,3.5,0.0747,2.65,2.17,0.0379,0.156,0.277,44.5,33.0,92,32,200,2.5,5.8,3.1,2.4,3.3,2.1,2.2,2.2,3.0,2.5,3.2,6.1,2.2,3.4,44.0,0.00325,0.206,22.7,0.0,0.0,27.1
33.2,33.2,33.2,58.1,53.0,63.2,34.4,33.2,35.6,53.5,62.0,45.0,0.271,3.44,0.0929,3.24,2.74,3.44,0.0725,2.62,2.15,0.0386,0.156,0.274,44.3,33.0,95,32,200,2.5,5.4,2.4,2.6,3.1,2.8,2.9,3.0,2.2,2.4,2.2,5.6,1.9,3.1,42.1,0.00394,0.204,18.4,0.0,0.0,27.8
31.1,32.4,29.8,60.2,65.6,54.8,34.0,36.8,31.2,52.9,58.6,47.2,0.257,3.44,0.092,3.26,2.71,3.44,0.068,2.64,2.11,0.0367,0.154,0.275,43.8,32.0,95,28,200,2.9,5.4,2.2,2.6,2.5,2.3,2.4,3.0,1.9,1.9,1.9,4.8,1.1,4.3,39.2,0.00381,0.209,22.0,0.0,0.0,25.0
32.0,31.2,32.8,57.7,58.6,56.8,36.1,32.8,39.4,53.0,55.8,50.2,0.253,3.4,0.0896,3.25,2.66,3.4,0.0673,2.63,2.12,0.0376,0.155,0.27,43.6,32.0,96,26,200,2.0,5.1,2.5,2.5,2.3,1.9,1.8,3.7,3.4,2.3,3.6,5.6,1.2,4.4,42.3,0.00459,0.192,20.7,0.0,0.0,27.2
31.5,29.6,33.4,61.2,61.4,61.0,34.1,32.0,36.2,56.1,63.2,49.0,0.244,3.36,0.0878,3.24,2.69,3.38,0.0674,2.59,2.07,0.0365,0.156,0.277,43.5,32.0,99,29,200,2.2,5.3,2.2,2.5,3.1,2.5,2.6,3.7,3.8,2.4,3.5,5.9,2.0,3.4,45.1,0.00361,0.204,22.7,0.0,0.0,27.0
31.7,31.8,31.6,57.7,57.8,57.6,33.3,34.6,32.0,54.0,56.2,51.8,0.265,3.53,0.0917,3.41,2.84,3.59,0.0712,2.7,2.15,0.0374,0.16,0.291,43.6,32.0,110,29,200,2.4,5.1,2.8,2.4,3.2,2.5,3.1,2.6,2.4,2.8,2.0,5.2,2.0,3.4,41.9,0.00361,0.189,21.9,0.0,0.0,28.7
33.6,33.0,34.2,57.3,55.0,59.6,36.4,41.2,31.6,54.2,60.6,47.8,0.279,3.75,0.0946,3.6,2.96,3.78,0.0738,2.83,2.26,0.0383,0.167,0.304,43.4,32.0,110,30,200,1.8,4.9,3.0,2.0,2.5,2.7,2.9,3.0,2.2,3.3,1.7,4.7,1.5,3.6,39.8,0.00389,0.202,22.4,0.0,0.0,25.9
30.4,27.8,33.0,31.1,30.0,32.2,34.1,35.4,32.8,37.8,40.4,35.2,0.286,3.93,0.0961,3.74,3.11,3.93,0.0748,2.97,2.36,0.0363,0.171,0.313,43.3,32.0,97,32,200,1.7,6.2,2.5,2.9,2.6,3.2,2.3,3.5,2.5,2.7,1.8,5.2,1.4,3.9,42.4,0.00406,0.196,20.9,0.0,0.0,25.3
36.7,38.6,34.8,47.3,47.8,46.8,37.0,37.0,37.0,34.5,32.2,36.8,0.259,3.67,0.0926,3.36,2.85,3.76,0.0698,2.57,2.03,0.0367,0.162,0.278,75.1,61.0,200,61,300,47.1,9.57,5.14,5.86,4.14,4.43,5.86,3.29,2.86,3.71,5.29,9.14,3.29,4.57,114.0,0.00414,0.158,0.0,0.0,0.0,0.0
40.2,38.6,41.8,45.6,45.4,45.8,40.5,40.2,40.8,33.5,30.8,36.2,0.273,3.74,0.0952,3.42,2.89,3.87,0.0737,2.61,2.07,0.0376,0.167,0.281,64.7,49.0,89,23,300,24.8,9.5,5.1,5.2,4.2,3.8,4.9,4.3,3.5,4.3,4.9,9.2,3.4,4.8,91.9,0.00258,0.175,3.75,0.0,0.0,0.0
37.8,36.0,39.6,46.2,46.6,45.8,39.9,40.6,39.2,34.5,33.4,35.6,0.288,3.75,0.0997,3.51,3.0,4.01,0.0791,2.63,2.06,0.0375,0.165,0.289,59.2,43.0,96,25,300,2.7,8.0,4.4,4.0,4.2,3.2,3.6,3.9,4.0,4.3,5.4,8.4,3.3,4.3,63.7,0.00307,0.173,3.75,0.0,0.0,11.8
38.1,40.0,36.2,49.4,48.6,50.2,37.3,35.6,39.0,36.5,34.8,38.2,0.291,3.83,0.0968,3.52,3.08,4.07,0.0782,2.68,2.17,0.0365,0.169,0.298,55.3,40.0,87,24,300,3.2,7.0,4.3,4.6,4.6,3.2,5.0,3.2,4.0,3.9,5.3,8.6,3.4,4.4,64.7,0.00315,0.178,6.71,0.0,0.0,15.1
39.0,40.0,38.0,46.7,43.6,49.8,38.9,36.4,41.4,33.9,31.7,36.0,0.309,3.9,0.106,3.61,3.2,4.19,0.0832,2.77,2.14,0.0363,0.173,0.303,52.8,37.0,94,26,300,3.1,7.0,4.5,4.3,4.9,3.8,5.0,2.9,3.9,4.2,4.8,8.9,3.0,5.2,65.5,0.00332,0.172,4.44,0.0,0.0,18.1
38.7,43.4,34.0,49.0,49.8,48.2,41.4,40.4,42.4,37.0,40.2,33.7,0.33,4.11,0.108,3.72,3.28,4.31,0.0854,2.86,2.22,0.0364,0.176,0.321,50.3,35.0,88,27,300,2.8,9.3,4.9,3.9,3.8,5.4,4.7,2.9,4.0,4.4,4.3,10.3,3.6,5.7,70.0,0.00371,0.185,5.76,0.0,0.0,9.05
38.3,39.0,37.6,48.9,49.0,48.8,38.2,39.8,36.6,32.7,32.4,33.0,0.323,4.08,0.108,3.69,3.32,4.4,0.0864,2.93,2.29,0.0363,0.18,0.323,49.4,35.0,89,28,300,3.2,10.3,4.6,3.6,3.6,5.5,4.7,3.4,4.0,3.8,3.5,9.5,3.5,4.7,67.9,0.0045,0.173,4.3,0.0,0.0,9.48
37.9,37.4,38.4,45.7,44.0,47.4,50.2,49.8,50.6,35.4,41.4,29.4,0.33,4.17,0.111,3.81,3.41,4.44,0.087,2.92,2.39,0.0364,0.182,0.325,48.4,34.0,100,29,300,2.7,8.9,4.5,4.4,4.5,3.4,4.0,3.4,4.3,3.9,4.2,9.0,2.4,5.0,64.6,0.00394,0.175,4.28,0.0,0.0,9.26
37.5,41.8,33.2,50.5,48.8,52.2,47.5,48.4,46.6,34.2,36.0,32.4,0.331,4.27,0.109,3.84,3.49,4.61,0.0886,3.07,2.46,0.0356,0.871,0.336,47.4,33.0,90,28,300,2.0,8.4,4.4,4.6,4.0,2.9,4.2,4.4,4.4,3.8,3.8,9.1,2.4,6.4,64.8,0.00322,0.182,4.27,0.0,0.0,9.79
38.2,34.2,42.2,48.5,47.0,50.0,38.2,37.4,39.0,35.4,41.0,29.8,0.347,4.3,0.114,3.93,3.6,4.68,0.0924,3.19,2.54,0.0357,0.875,0.339,46.6,33.0,86,28,300,2.2,8.8,4.7,4.1,3.9,3.6,4.3,5.4,4.4,3.6,3.2,8.5,2.7,5.8,65.2,0.00385,0.189,4.17,0.0,0.0,8.84
39.7,39.2,40.2,50.4,50.0,50.8,39.2,38.2,40.2,34.4,32.8,36.0,0.357,4.33,0.116,4.01,3.75,4.74,0.0939,3.18,2.64,0.0365,0.877,0.346,45.6,32.0,81,29,300,1.9,7.9,4.4,4.1,4.2,3.8,3.3,5.7,5.4,3.7,4.0,9.5,3.0,5.1,66.0,0.00354,0.185,2.71,0.0,0.0,9.33
37.8,34.8,40.8,49.5,54.6,44.4,41.3,41.6,41.0,32.6,30.4,34.8,0.378,4.44,0.12,4.04,3.84,4.85,0.097,3.31,2.7,0.0375,0.879,0.359,45.1,32.0,81,29,300,1.6,8.7,3.1,4.1,4.1,2.9,4.1,5.3,5.3,3.7,5.2,8.7,3.2,5.2,65.2,0.00344,0.199,1.41,0.0,0.0,8.22
35.9,33.2,38.6,49.4,51.2,47.6,38.6,37.0,40.2,35.8,35.8,35.8,0.387,4.58,0.122,4.11,3.89,4.94,0.0994,3.38,2.74,0.0375,0.878,0.364,44.4,31.0,83,27,300,2.0,9.9,3.9,3.8,4.0,3.1,4.4,3.2,4.4,4.1,5.8,7.7,3.3,5.4,65.0,0.00347,0.196,3.96,0.0,0.0,8.46
38.2,37.8,38.6,52.2,54.6,49.8,39.6,39.8,39.4,33.4,36.0,30.8,0.385,4.68,0.122,4.22,3.97,5.07,0.0998,3.5,2.93,0.0366,0.885,0.375,44.2,31.0,88,27,300,3.0,8.9,4.4,3.9,4.0,4.3,3.9,3.4,3.7,3.3,5.4,7.7,2.6,5.0,63.5,0.00404,0.199,5.45,0.0,0.0,8.47
40.3,37.6,43.0,45.1,44.8,45.4,41.6,39.4,43.8,35.0,34.0,36.0,0.398,4.71,0.127,4.21,4.07,5.16,0.105,3.6,2.98,0.0357,0.887,0.385,44.1,31.0,110,29,300,3.0,9.1,4.1,4.1,3.5,4.0,3.9,4.8,4.3,3.2,4.7,8.3,2.5,5.6,65.1,0.00265,0.189,6.72,0.0,0.0,9.48
38.0,38.2,37.8,48.2,50.0,46.4,38.1,36.0,40.2,35.1,34.2,36.0,0.412,4.78,0.128,4.36,4.15,5.27,0.108,3.67,3.08,0.0367,0.891,0.396,43.5,30.0,84,26,300,2.2,9.4,4.9,3.1,3.7,3.8,3.1,4.7,4.5,4.6,3.8,8.9,3.3,6.7,66.7,0.00346,0.196,3.48,0.0,0.0,9.06
40.4,39.0,41.8,49.9,50.2,49.6,42.5,40.6,44.4,34.2,32.8,35.6,0.439,5.04,0.135,4.52,4.38,5.53,0.114,3.89,3.19,0.0364,0.898,0.416,43.0,30.0,83,26,300,1.5,8.7,4.0,3.5,4.5,4.3,3.3,4.8,4.1,4.5,4.5,9.6,3.2,5.4,65.9,0.00337,0.185,3.46,0.0,0.0,9.27
38.2,37.0,39.4,48.2,46.2,50.2,38.4,40.2,36.6,34.8,38.8,30.8,0.468,5.29,0.142,4.79,4.64,5.8,0.119,4.18,3.41,0.0374,0.909,0.445,42.6,30.0,87,26,300,2.7,7.6,3.9,4.9,4.0,4.7,4.7,5.0,4.0,4.9,4.5,10.1,3.0,4.4,68.4,0.00269,0.192,3.48,0.0,0.0,8.47
38.5,37.2,39.8,35.3,31.0,39.6,42.0,40.4,43.6,29.5,30.2,28.8,0.501,5.51,0.148,5.06,4.88,6.18,0.126,4.42,3.61,0.0373,0.916,0.465,42.4,30.0,88,27,300,3.3,7.9,3.9,4.4,3.8,4.1,4.9,4.0,4.6,4.8,3.8,10.2,3.5,4.0,67.2,0.00363,0.182,2.77,0.0,0.0,8.91
33.2,32.8,33.6,49.1,53.6,44.6,40.4,40.2,40.6,37.0,31.8,42.2,0.434,5.02,0.128,4.49,4.17,5.12,0.106,3.86,3.17,0.0379,0.895,0.389,60.6,41.0,160,41,300,53.8,10.2,4.17,3.5,4.33,4.83,4.83,5.5,5.5,4.83,4.67,8.0,3.67,7.33,125.0,0.00307,0.17,0.0,0.0,0.0,0.0
40.2,42.0,38.4,52.3,51.4,53.2,38.8,38.2,39.4,39.6,38.8,40.4,0.429,4.98,0.124,4.4,4.13,5.18,0.104,3.84,3.19,0.037,0.891,0.396,53.4,37.0,190,30,300,32.7,10.3,4.6,3.8,4.4,5.2,4.7,4.7,5.1,4.8,4.3,7.7,3.2,6.5,102.0,0.00382,0.192,0.0,0.0,0.0,0.0
35.5,34.0,37.0,53.1,52.6,53.6,40.0,40.4,39.6,39.7,42.8,36.6,0.415,4.91,0.121,4.42,4.13,5.11,0.106,3.81,3.15,0.0371,0.891,0.381,49.8,35.0,83,25,300,2.5,8.6,3.8,3.7,3.4,4.7,3.9,3.7,3.6,4.3,3.4,6.9,2.6,5.6,60.7,0.00363,0.178,9.11,0.0,0.0,0.0
38.7,38.6,38.8,53.4,54.8,52.0,39.6,42.6,36.6,39.2,39.0,39.4,0.422,4.96,0.126,4.46,4.17,5.11,0.106,3.8,3.16,0.0381,0.891,0.38,47.0,33.0,81,26,300,3.8,8.0,3.7,4.1,3.6,3.9,4.8,4.6,4.0,4.5,3.5,7.6,2.7,5.7,64.5,0.00335,0.198,11.9,0.0,0.0,21.5
38.9,39.8,38.0,51.6,53.8,49.4,42.8,42.8,42.8,39.6,44.8,34.4,0.422,4.99,0.126,4.46,4.07,5.15,0.109,3.8,3.12,0.037,0.89,0.384,45.1,31.0,80,26,300,3.1,7.4,4.3,4.6,3.9,3.9,4.4,4.6,4.3,3.9,3.3,7.4,2.9,4.4,62.4,0.00351,0.184,13.4,0.0,0.0,25.8
37.2,39.6,34.8,55.0,53.8,56.2,38.4,38.2,38.6,40.4,39.0,41.8,0.436,4.96,0.128,4.44,4.13,5.12,0.11,3.84,3.14,0.038,0.209,0.383,44.1,31.0,77,27,300,2.5,8.8,4.3,4.7,3.5,5.6,4.4,4.3,4.9,3.5,3.3,8.1,3.3,5.3,66.5,0.00412,0.209,7.0,0.0,0.0,31.2
39.9,39.2,40.6,49.0,47.2,50.8,42.5,40.0,45.0,37.3,39.7,34.9,0.419,4.96,0.127,4.46,4.07,5.11,0.109,3.77,3.15,0.038,0.211,0.395,43.4,31.0,79,29,300,2.8,9.1,4.3,4.7,3.4,5.2,5.1,3.2,4.7,3.9,3.7,8.3,2.8,6.1,67.3,0.00267,0.189,8.17,0.0,0.0,14.0
35.1,38.6,31.6,55.0,55.4,54.6,38.1,36.8,39.4,39.9,43.5,36.3,0.428,5.06,0.126,4.5,4.01,5.12,0.111,3.79,3.13,0.0379,0.21,0.389,43.4,31.0,97,31,300,3.3,8.9,4.5,5.4,4.1,3.9,3.7,2.8,3.9,4.3,4.1,9.3,3.0,6.0,67.2,0.00335,0.208,8.69,0.0,0.0,14.0
38.9,40.4,37.4,51.3,52.8,49.8,41.0,41.4,40.6,39.8,44.6,35.0,0.411,5.0,0.122,4.48,4.0,5.18,0.107,3.81,3.11,0.0371,0.208,0.39,43.9,32.0,100,32,300,4.2,8.9,4.2,5.1,4.7,3.7,2.9,3.7,4.4,4.0,3.8,9.3,3.2,5.4,67.5,0.0034,0.189,7.41,0.0,0.0,12.8
36.3,34.0,38.6,50.4,50.6,50.2,38.1,35.6,40.6,41.1,40.4,41.8,0.4,4.99,0.122,4.46,4.03,5.2,0.104,3.79,3.16,0.0371,0.211,0.382,43.6,31.0,110,32,300,3.6,10.1,4.5,4.1,4.1,3.3,2.9,4.1,4.9,3.9,3.5,7.7,2.1,5.2,64.0,0.00327,0.214,7.52,0.0,0.0,13.5
39.9,40.2,39.6,52.9,53.2,52.6,42.6,44.4,40.8,39.6,40.6,38.6,0.407,5.0,0.123,4.46,4.04,5.08,0.106,3.73,3.07,0.0361,0.209,0.386,43.3,31.0,98,28,300,3.5,10.1,4.7,4.1,3.5,4.9,2.9,3.3,4.0,3.4,3.4,7.2,2.1,5.0,62.1,0.00359,0.187,7.74,0.0,0.0,14.1
36.8,40.8,32.8,50.3,49.6,51.0,38.8,36.4,41.2,39.5,38.0,41.0,0.406,4.97,0.123,4.57,4.06,5.11,0.105,3.71,3.07,0.0369,0.207,0.381,43.0,31.0,93,28,300,3.5,8.2,4.6,4.5,3.7,5.2,4.1,3.2,3.6,2.8,4.3,8.1,3.4,5.3,64.5,0.00416,0.201,8.81,0.0,0.0,13.8
40.9,41.8,40.0,53.2,56.8,49.6,40.6,40.4,40.8,38.5,36.0,41.0,0.399,4.95,0.125,4.49,4.05,5.16,0.105,3.75,3.03,0.0369,0.212,0.387,42.5,30.0,89,27,300,2.5,9.1,4.3,4.4,4.2,3.5,4.6,4.1,2.6,3.9,5.3,8.3,2.9,5.4,65.1,0.00362,0.195,8.18,0.0,0.0,13.5
37.3,38.0,36.6,52.9,55.0,50.8,41.4,42.0,40.8,41.0,40.6,41.4,0.396,4.96,0.124,4.57,4.0,5.22,0.105,3.71,3.07,0.0382,0.21,0.387,42.5,30.0,90,28,300,2.9,9.0,3.5,4.0,4.2,3.7,4.8,5.1,2.0,4.5,4.4,8.0,2.5,5.4,64.0,0.0039,0.208,8.08,0.0,0.0,13.1
39.9,37.6,42.2,49.4,50.6,48.2,42.9,42.0,43.8,38.9,32.6,45.2,0.399,4.97,0.126,4.59,3.97,5.19,0.108,3.6,3.03,0.0362,0.208,0.38,42.6,31.0,110,32,300,3.5,9.8,3.5,3.9,3.7,4.3,4.6,4.8,3.8,3.9,3.7,9.0,3.4,5.9,67.8,0.00402,0.184,7.66,0.0,0.0,14.5
37.0,36.4,37.6,54.6,54.0,55.2,39.1,39.2,39.0,40.0,36.4,43.6,0.385,5.0,0.123,4.56,4.0,5.13,0.105,3.64,2.98,0.0365,0.209,0.385,42.7,31.0,110,33,300,2.9,9.3,4.3,3.1,4.2,4.4,5.2,3.5,4.8,3.8,3.6,8.9,3.0,5.9,66.9,0.00373,0.21,6.93,0.0,0.0,14.4
39.0,37.2,40.8,48.5,47.2,49.8,41.0,42.0,40.0,40.3,37.0,43.6,0.404,5.06,0.127,4.66,4.17,5.42,0.108,3.73,3.15,0.0366,0.215,0.408,42.3,31.0,96,29,300,2.7,7.6,4.3,3.3,4.0,3.7,5.0,3.4,4.9,3.3,4.7,7.8,2.2,5.4,62.3,0.0038,0.191,8.0,0.0,0.0,14.0
37.4,35.2,39.6,53.2,54.4,52.0,38.2,39.8,36.6,38.9,33.8,44.0,0.418,5.31,0.13,4.98,4.33,5.65,0.114,3.92,3.3,0.0377,0.222,0.425,42.1,30.0,87,27,300,3.4,8.9,4.8,4.0,4.7,3.6,3.0,3.4,4.7,3.1,5.1,7.5,2.3,4.7,63.2,0.00303,0.202,8.19,0.0,0.0,13.2
39.6,40.8,38.4,40.5,43.0,38.0,41.5,40.8,42.2,37.7,40.2,35.2,0.444,5.65,0.134,5.26,4.59,5.96,0.119,4.18,3.49,0.0383,0.23,0.443,42.0,30.0,87,27,300,3.3,8.4,5.0,4.0,5.0,4.0,3.4,3.2,4.1,4.1,3.8,7.3,2.5,5.0,63.1,0.00347,0.197,8.17,0.0,0.0,14.0
48.3,48.4,48.2,54.9,56.6,53.2,51.5,51.2,51.8,45.3,40.0,50.6,0.349,4.88,0.125,4.56,4.0,5.33,0.104,3.67,3.07,0.0379,0.206,0.383,111.0,93.0,280,93,300,59.6,10.4,5.4,4.6,5.0,4.2,4.2,6.4,4.2,3.8,4.4,10.8,4.4,5.6,133.0,0.00406,0.172,0.0,0.0,0.0,0.0
39.7,38.8,40.6,53.6,54.0,53.2,39.6,36.8,42.4,43.5,41.6,45.4,0.38,4.85,0.123,4.48,4.01,5.44,0.1,3.68,3.03,0.039,0.209,0.373,91.8,60.0,280,72,300,32.9,7.9,4.1,4.3,4.6,3.8,3.8,5.6,4.0,4.1,3.8,9.2,3.1,6.0,97.2,0.00411,0.194,0.0,0.0,0.0,17.3
39.1,36.6,41.6,56.5,57.4,55.6,39.6,38.2,41.0,44.3,40.0,48.6,0.387,4.89,0.126,4.54,3.99,5.43,0.103,3.59,3.07,0.0381,0.206,0.383,80.7,49.0,100,31,300,4.6,7.1,3.7,4.0,3.9,4.2,3.8,4.5,4.0,4.1,4.7,8.3,2.5,5.0,64.4,0.00418,0.187,0.0,0.0,0.0,22.5
37.3,38.8,35.8,56.7,58.0,55.4,39.5,40.6,38.4,44.8,43.0,46.6,0.394,4.86,0.125,4.5,4.05,5.46,0.104,3.66,3.01,0.0374,0.205,0.372,74.7,45.0,130,31,300,2.5,8.4,3.9,4.0,3.1,4.7,4.1,3.7,3.9,3.8,5.6,8.7,3.4,4.5,64.3,0.00418,0.203,0.0,0.0,0.0,28.7
41.4,43.6,39.2,55.2,55.0,55.4,37.1,35.0,39.2,45.5,46.0,45.0,0.381,4.81,0.126,4.49,4.05,5.45,0.101,3.67,3.02,0.0385,0.205,0.374,69.1,41.0,110,30,300,2.1,8.6,4.2,3.4,3.5,3.3,4.6,3.5,4.3,4.0,4.6,8.5,3.1,5.3,63.0,0.00407,0.196,20.3,0.0,0.0,18.5
38.9,38.6,39.2,56.5,52.8,60.2,41.0,39.4,42.6,44.1,39.4,48.8,0.389,4.88,0.13,4.53,4.07,5.48,0.106,3.63,3.01,0.0375,0.208,0.374,65.9,41.0,100,32,300,3.1,8.2,5.2,3.4,3.7,3.1,4.9,3.7,4.7,5.0,3.7,9.5,2.7,5.1,66.0,0.00376,0.21,24.1,0.0,0.0,18.7
39.3,41.6,37.0,57.0,56.0,58.0,39.0,35.6,42.4,43.0,43.8,42.2,0.391,4.85,0.131,4.59,4.07,5.45,0.107,3.62,3.02,0.0376,0.206,0.38,62.9,39.0,100,32,300,4.3,7.6,3.8,4.4,4.5,4.3,4.4,3.1,4.0,5.3,4.0,9.5,2.9,5.0,67.1,0.00373,0.191,27.6,0.0,0.0,18.6
37.6,38.0,37.2,55.3,56.0,54.6,43.3,41.8,44.8,43.9,42.4,45.4,0.397,4.85,0.133,4.56,4.06,5.6,0.108,3.63,3.02,0.0392,0.207,0.379,61.1,38.0,100,30,300,3.8,8.5,3.5,4.2,4.2,4.6,4.0,3.4,3.4,5.1,5.1,8.8,2.8,5.5,66.9,0.00297,0.2,12.8,0.0,0.0,16.8
39.5,41.6,37.4,56.2,58.8,53.6,42.7,42.0,43.4,45.0,49.4,40.6,0.402,4.86,0.131,4.47,3.98,5.51,0.109,3.65,3.03,0.0394,0.21,0.38,59.5,38.0,110,34,300,3.9,8.6,4.8,3.8,4.1,4.7,3.6,3.5,4.0,4.3,4.4,8.8,3.3,5.5,67.3,0.00444,0.188,12.0,0.0,0.0,18.2
37.3,36.6,38.0,55.9,54.4,57.4,41.1,44.4,37.8,45.8,51.2,40.4,0.407,4.96,0.132,4.53,3.99,5.48,0.109,3.57,3.08,0.0384,0.206,0.379,57.9,37.0,110,32,300,3.8,7.9,4.8,4.2,5.1,4.7,3.3,3.7,4.8,3.3,3.7,8.4,3.7,4.6,66.0,0.00381,0.192,13.9,0.0,0.0,16.2
38.2,39.6,36.8,55.4,55.6,55.2,41.7,44.0,39.4,43.8,39.8,47.8,0.406,4.93,0.131,4.53,3.97,5.5,0.11,3.61,3.01,0.0386,0.206,0.38,56.8,37.0,120,30,300,3.3,8.3,4.3,3.8,3.9,4.0,3.1,4.8,4.6,3.2,4.2,7.9,2.7,5.2,63.3,0.00362,0.181,11.1,0.0,0.0,18.6
38.2,36.6,39.8,57.4,57.8,57.0,40.5,42.2,38.8,45.8,44.2,47.4,0.398,4.92,0.131,4.47,4.01,5.54,0.108,3.67,3.07,0.0394,0.208,0.382,55.5,36.0,110,29,300,3.5,9.5,4.3,3.1,4.4,3.9,3.5,5.0,4.5,3.4,4.7,7.8,2.5,5.8,65.9,0.00379,0.193,11.7,0.0,0.0,18.4
39.5,40.0,39.0,56.1,59.6,52.6,39.0,40.8,37.2,42.7,36.0,49.4,0.406,4.88,0.131,4.56,3.94,5.48,0.108,3.59,3.04,0.0384,0.208,0.374,54.6,35.0,98,29,300,2.6,8.9,4.4,3.5,5.6,4.8,4.0,4.9,3.7,3.7,4.8,8.4,3.2,5.6,68.1,0.00459,0.179,11.6,0.0,0.0,19.0
37.5,33.0,42.0,54.4,56.2,52.6,42.2,42.0,42.4,45.8,47.2,44.4,0.403,4.93,0.13,4.58,3.96,5.5,0.111,3.63,3.03,0.0394,0.207,0.372,53.9,35.0,110,30,300,2.2,7.4,3.6,3.9,4.5,5.3,4.8,4.5,3.3,3.8,4.3,8.4,3.1,5.7,64.8,0.00313,0.19,11.7,0.0,0.0,18.8
41.1,41.0,41.2,57.3,57.0,57.6,39.1,39.2,39.0,43.3,48.0,38.6,0.408,4.98,0.133,4.55,4.07,5.61,0.109,3.7,3.03,0.0384,0.209,0.378,53.1,35.0,100,31,300,2.8,7.9,4.4,3.4,3.4,4.2,4.2,4.0,3.8,4.0,4.3,8.4,2.7,6.1,63.6,0.00344,0.174,12.4,0.0,0.0,17.9
42.2,44.2,40.2,56.4,54.2,58.6,39.3,36.4,42.2,44.7,45.0,44.4,0.392,4.9,0.135,4.5,4.04,5.63,0.11,3.6,3.03,0.0388,0.209,0.378,52.5,34.0,98,30,300,3.0,8.2,5.1,3.1,3.9,3.9,4.1,4.3,3.9,4.1,3.8,8.0,2.1,6.0,63.5,0.00339,0.185,11.2,0.0,0.0,19.4
41.8,40.2,43.4,55.2,53.8,56.6,57.6,52.0,63.2,43.8,43.6,44.0,0.398,5.04,0.134,4.63,4.23,5.87,0.112,3.72,3.1,0.0379,0.754,0.395,51.9,34.0,96,32,300,2.5,7.7,4.6,4.5,4.0,4.7,4.3,4.4,3.6,3.9,3.1,8.6,2.0,5.0,62.9,0.00311,0.19,13.2,0.0,0.0,17.4
40.8,40.4,41.2,56.4,56.4,56.4,40.4,40.8,40.0,44.3,40.8,47.8,0.42,5.35,0.14,4.94,4.45,6.22,0.118,3.91,3.27,0.0377,0.892,0.419,51.3,34.0,90,33,300,2.8,7.7,4.1,5.1,4.9,4.2,3.6,4.1,4.1,4.5,3.0,8.9,2.1,6.3,65.4,0.00231,0.2,12.6,0.0,0.0,19.2
40.1,39.6,40.6,49.9,50.6,49.2,44.5,43.0,46.0,45.2,47.6,42.8,0.453,5.6,0.148,5.19,4.67,6.54,0.128,4.12,3.49,0.0387,0.9,0.44,51.0,34.0,100,30,300,3.1,8.0,3.0,4.9,6.0,4.0,3.7,3.8,4.8,4.5,4.3,8.7,2.3,7.2,68.3,0.00408,0.194,11.3,0.0,0.0,18.3
47.3,47.6,47.0,60.2,61.2,59.2,58.2,58.6,57.8,47.9,53.2,42.6,0.375,5.03,0.129,4.73,3.92,5.59,0.107,3.67,3.1,0.0383,0.881,0.379,104.0,100.0,210,120,300,85.0,13.3,8.33,5.33,6.33,5.33,9.33,6.0,6.33,4.33,5.0,9.33,4.33,8.67,177.0,0.00538,0.173,0.0,0.0,0.0,0.0
34.5,38.2,30.8,58.2,56.6,59.8,41.0,40.2,41.8,49.1,57.4,40.7,0.407,5.03,0.127,4.73,3.88,5.57,0.108,3.6,3.04,0.0374,0.881,0.383,86.1,76.0,200,80,300,41.8,10.5,5.38,4.0,6.0,3.5,6.0,4.38,4.75,4.0,4.13,8.0,3.13,6.5,112.0,0.00606,0.188,0.0,0.0,0.0,0.0
37.3,36.2,38.4,61.9,62.8,61.0,38.6,39.6,37.6,49.1,56.0,42.3,0.401,5.0,0.125,4.74,3.86,5.55,0.105,3.61,3.06,0.039,0.88,0.379,78.2,64.0,130,32,300,9.2,9.1,3.9,3.3,4.4,3.5,4.6,3.7,4.2,4.0,4.1,8.5,2.5,5.4,70.4,0.00382,0.181,0.0,0.0,0.0,0.0
37.1,40.2,34.0,56.6,60.2,53.0,39.5,38.8,40.2,49.7,52.6,46.8,0.404,4.96,0.125,4.66,3.83,5.53,0.106,3.65,3.05,0.0391,0.877,0.382,71.8,55.0,120,32,300,2.3,8.3,4.1,3.5,3.6,4.7,4.2,4.4,3.6,4.2,5.5,9.0,2.7,5.2,65.3,0.00294,0.2,20.6,0.0,0.0,33.0
37.8,39.0,36.6,62.0,59.8,64.2,40.7,40.2,41.2,49.7,44.0,55.4,0.384,4.92,0.123,4.74,3.77,5.48,0.105,3.67,3.06,0.0385,0.88,0.374,66.5,48.0,100,31,300,1.5,7.9,4.0,3.5,4.3,5.0,3.4,4.4,3.0,4.4,4.3,8.5,3.0,5.6,62.8,0.00424,0.193,26.1,0.0,0.0535,41.3
37.0,37.6,36.4,59.1,55.8,62.4,40.8,38.6,43.0,48.7,45.0,52.4,0.388,4.93,0.122,4.75,3.8,5.54,0.101,3.58,3.04,0.0386,0.876,0.37,63.6,46.0,98,29,300,1.5,9.0,4.0,4.0,3.4,4.0,4.8,4.2,5.1,5.1,3.0,9.3,3.1,6.0,66.5,0.0034,0.196,30.5,0.0,0.0535,48.2
36.8,37.8,35.8,59.7,56.0,63.4,39.2,35.0,43.4,48.6,44.0,53.2,0.39,4.84,0.121,4.71,3.76,5.54,0.1,3.68,3.03,0.0396,0.875,0.367,61.2,43.0,110,31,300,2.0,7.8,4.1,3.8,4.1,4.2,5.2,4.6,6.2,4.2,4.0,9.3,2.5,4.9,66.9,0.00336,0.184,16.1,0.0,0.0535,22.7
35.7,36.0,35.4,58.9,59.4,58.4,40.2,37.4,43.0,49.3,47.6,51.0,0.382,4.81,0.121,4.75,3.8,5.42,0.101,3.65,3.09,0.0387,0.879,0.372,59.3,41.0,100,29,300,2.0,8.1,4.3,4.3,4.8,4.1,4.7,4.0,5.0,4.3,5.0,9.4,2.2,5.0,67.2,0.00326,0.194,16.5,0.0,0.0,20.9
36.0,36.4,35.6,60.2,62.2,58.2,39.3,40.6,38.0,48.5,53.8,43.2,0.382,4.82,0.118,4.78,3.74,5.4,0.0981,3.59,3.02,0.0387,0.877,0.366,58.0,41.0,110,32,300,2.8,9.1,4.1,5.3,3.7,2.4,4.0,3.4,3.8,4.8,5.3,8.7,2.7,5.2,65.3,0.00396,0.19,15.7,0.0,0.0,23.2
37.4,35.8,39.0,58.0,59.0,57.0,41.2,42.4,40.0,49.8,52.6,47.0,0.385,4.89,0.122,4.69,3.76,5.42,0.1,3.61,3.07,0.0388,0.878,0.376,57.1,40.0,110,32,300,3.2,8.0,4.2,4.0,4.1,2.9,4.3,3.6,3.0,3.7,4.5,7.5,2.9,6.0,61.9,0.00366,0.2,14.6,0.0,0.0,23.0
36.4,38.4,34.4,58.6,59.8,57.4,44.1,44.0,44.2,49.0,49.8,48.2,0.387,4.92,0.12,4.84,3.66,5.39,0.0986,3.61,3.05,0.0379,0.878,0.378,55.5,39.0,100,30,300,2.8,8.2,3.9,3.7,3.4,4.4,4.6,3.2,4.5,3.5,4.2,7.7,2.8,6.9,63.8,0.00395,0.193,15.5,0.0,0.0,24.6
38.5,40.6,36.4,61.0,62.2,59.8,38.0,36.2,39.8,50.1,43.0,57.2,0.389,4.89,0.119,4.78,3.64,5.31,0.1,3.57,3.07,0.0387,0.876,0.371,54.4,37.0,96,28,300,3.3,8.5,3.0,4.7,3.1,4.7,3.7,3.6,5.1,4.2,4.2,8.5,3.2,5.8,65.6,0.00399,0.207,14.7,0.0,0.0,23.0
38.6,38.8,38.4,60.8,61.8,59.8,41.7,39.8,43.6,47.5,46.6,48.4,0.396,4.88,0.119,4.82,3.61,5.26,0.102,3.65,3.08,0.0376,0.877,0.38,53.7,37.0,100,31,300,3.7,7.8,4.1,4.1,4.0,3.6,4.8,4.5,4.1,4.1,3.6,9.5,3.1,5.8,66.8,0.00394,0.196,16.8,0.0,0.0,21.0
36.2,37.0,35.4,57.2,56.6,57.8,39.6,41.6,37.6,50.8,49.2,52.4,0.41,4.91,0.124,4.89,3.51,5.2,0.104,3.6,3.08,0.0393,0.337,0.378,53.1,37.0,100,34,300,3.4,7.8,4.8,3.8,4.4,3.6,5.0,4.6,4.4,3.8,3.1,9.3,2.7,4.4,65.1,0.00384,0.198,15.2,0.0,0.0,23.0
36.5,36.8,36.2,63.6,62.2,65.0,40.0,38.8,41.2,50.1,46.6,53.6,0.408,4.84,0.12,4.82,3.56,5.16,0.101,3.59,3.08,0.0394,0.209,0.376,52.5,37.0,110,31,300,3.2,8.7,3.7,5.6,5.0,3.3,3.7,4.8,4.4,4.5,4.0,8.4,2.9,3.5,65.7,0.00353,0.193,17.9,0.0,0.0,23.1
40.1,40.0,40.2,58.9,59.2,58.6,41.3,44.2,38.4,49.7,50.2,49.2,0.403,4.91,0.117,4.88,3.49,5.11,0.0994,3.6,3.03,0.0392,0.207,0.376,52.1,37.0,110,31,300,3.6,9.9,3.4,5.3,4.7,3.6,4.0,4.7,4.4,4.1,4.2,7.8,2.8,4.8,67.3,0.00343,0.208,14.4,0.0,0.0,25.6
36.5,39.2,33.8,62.4,61.2,63.6,42.3,39.2,45.4,48.9,48.4,49.4,0.395,4.94,0.123,4.89,3.57,5.21,0.103,3.61,3.08,0.0383,0.209,0.39,52.1,37.0,120,35,300,3.2,9.9,3.8,4.0,4.0,5.2,5.7,4.6,4.7,3.5,3.5,8.7,2.8,4.7,68.3,0.00275,0.196,14.0,0.0,0.0,20.9
36.5,36.6,36.4,59.5,60.8,58.2,40.9,41.2,40.6,49.3,46.5,52.1,0.43,5.22,0.13,5.13,3.77,5.48,0.11,3.84,3.26,0.0374,0.219,0.412,51.9,36.0,130,34,300,2.4,9.2,4.1,4.8,4.0,4.3,5.0,4.2,3.7,3.9,3.4,9.8,3.4,4.7,66.9,0.00364,0.205,14.2,0.0,0.0,20.5
40.0,41.8,38.2,61.2,60.6,61.8,40.4,36.4,44.4,50.5,53.9,47.1,0.456,5.45,0.137,5.46,4.05,5.84,0.116,4.04,3.49,0.0383,0.228,0.44,51.5,36.0,120,32,300,2.8,9.3,4.3,4.6,4.1,3.6,3.3,4.7,3.2,3.7,3.5,8.5,3.3,5.7,64.6,0.00304,0.196,15.8,0.0,0.0,22.5
63.7,64.0,63.4,61.4,58.0,64.8,64.2,65.4,63.0,55.0,50.8,59.2,0.425,4.99,0.132,4.9,3.64,5.38,0.0988,3.65,3.1,0.0386,0.211,0.382,107.0,95.0,230,87,300,75.5,10.5,5.5,3.0,3.0,2.5,3.5,7.0,7.5,6.0,4.5,7.0,2.5,9.0,147.0,0.00361,0.177,0.0,0.0,0.0,0.0
39.4,35.6,43.2,60.9,59.4,62.4,37.3,38.4,36.2,53.9,53.4,54.4,0.442,4.94,0.134,4.7,3.66,5.45,0.108,3.6,3.04,0.0384,0.209,0.382,88.0,73.0,220,66,300,46.1,10.0,4.29,3.43,4.29,4.29,4.14,5.71,4.71,5.14,5.0,8.71,3.71,7.43,117.0,0.00275,0.194,0.0,0.0,0.0,19.3
41.5,41.8,41.2,62.4,61.0,63.8,40.1,35.6,44.6,54.2,55.2,53.2,0.438,4.99,0.134,4.77,3.71,5.51,0.115,3.64,3.07,0.0383,0.213,0.398,79.1,63.0,120,36,300,18.2,9.3,3.8,3.6,5.4,6.4,4.5,4.8,3.5,4.1,4.5,9.6,4.3,5.5,87.5,0.00356,0.183,0.0,0.0,0.0,29.0
36.9,36.0,37.8,63.4,64.0,62.8,40.4,40.8,40.0,53.7,56.0,51.4,0.438,4.96,0.137,4.85,3.8,5.44,0.118,3.55,3.0,0.0373,0.215,0.4,71.8,55.0,110,36,300,2.5,7.7,5.3,3.4,4.0,6.1,4.2,4.5,3.6,2.9,4.4,9.3,3.6,4.9,66.4,0.00356,0.2,24.5,0.0,0.0,36.3
38.7,40.2,37.2,62.0,66.4,57.6,38.8,41.4,36.2,53.6,49.2,58.0,0.452,5.01,0.138,4.75,3.75,5.56,0.117,3.54,2.95,0.0371,0.212,0.392,67.4,51.0,100,34,300,3.0,7.1,5.2,3.5,2.8,3.8,4.4,4.3,3.8,4.2,4.5,9.8,3.1,5.6,65.1,0.00391,0.185,31.1,0.0,0.0,28.1
38.5,40.8,36.2,64.7,65.2,64.2,41.1,39.0,43.2,52.9,52.0,53.8,0.454,4.97,0.141,4.75,3.78,5.59,0.118,3.57,2.94,0.0371,0.211,0.402,64.6,48.0,110,34,300,2.7,9.2,3.8,4.1,3.7,3.7,4.7,4.1,4.1,5.1,3.7,9.9,3.1,6.0,67.9,0.00398,0.199,39.0,0.0,0.0,26.8
38.3,35.4,41.2,62.6,62.4,62.8,40.6,39.4,41.8,56.5,59.4,53.6,0.455,4.98,0.14,4.78,3.81,5.6,0.122,3.54,2.96,0.038,0.214,0.399,61.7,45.0,110,32,300,2.1,9.7,3.5,5.6,3.3,4.1,3.7,4.7,4.1,3.9,3.4,9.3,3.1,5.7,66.2,0.0047,0.196,21.2,0.0,0.0,29.7
38.9,39.0,38.8,60.9,60.0,61.8,40.5,41.6,39.4,54.3,56.0,52.6,0.45,4.84,0.141,4.62,3.89,5.56,0.121,3.5,2.91,0.0378,0.213,0.403,59.8,43.0,110,30,300,2.4,8.3,3.5,5.1,3.7,4.3,4.6,5.3,3.9,3.8,3.7,10.0,4.0,5.1,67.7,0.00391,0.198,21.1,0.0,0.0,26.7
37.5,38.2,36.8,62.3,60.6,64.0,39.7,38.0,41.4,54.5,52.2,56.8,0.458,4.88,0.143,4.64,3.9,5.56,0.121,3.52,2.87,0.0386,0.214,0.405,58.1,42.0,110,31,300,2.6,8.6,4.4,3.7,4.5,4.3,4.8,4.4,4.4,4.6,4.1,9.7,3.6,5.6,69.3,0.00471,0.193,18.9,0.0,0.0,26.7
38.3,37.8,38.8,60.0,58.6,61.4,40.7,39.6,41.8,52.5,54.8,50.2,0.469,4.91,0.144,4.65,3.88,5.63,0.121,3.43,2.84,0.0386,0.215,0.4,56.9,41.0,110,30,300,2.6,7.8,4.3,3.7,4.1,3.8,4.5,4.3,4.7,4.6,4.1,8.4,2.7,5.6,65.2,0.00388,0.209,19.1,0.0,0.0,26.0
36.4,33.8,39.0,63.5,63.0,64.0,38.2,39.0,37.4,54.4,58.8,50.0,0.456,4.95,0.14,4.55,3.96,5.59,0.12,3.38,2.82,0.037,0.213,0.402,56.2,40.0,120,30,300,3.4,7.0,4.8,3.0,3.5,3.4,5.1,4.9,4.3,3.7,3.7,8.1,3.5,5.7,64.1,0.00372,0.197,20.9,0.0,0.0,24.9
35.4,33.4,37.4,61.6,63.0,60.2,39.8,36.0,43.6,52.7,49.4,56.0,0.446,4.96,0.14,4.64,3.84,5.55,0.118,3.43,2.76,0.0379,0.211,0.398,55.4,40.0,120,32,300,3.4,7.8,4.9,3.6,3.8,4.1,3.9,4.2,4.1,3.4,3.4,7.7,2.8,5.8,62.9,0.003,0.197,20.6,0.0,0.0,28.9
40.1,40.4,39.8,62.1,64.0,60.2,39.6,38.6,40.6,53.1,56.6,49.6,0.435,4.9,0.14,4.57,3.97,5.61,0.116,3.37,2.76,0.0369,0.211,0.4,54.7,39.0,110,33,300,3.1,8.6,3.7,4.4,3.8,4.6,3.8,4.0,3.7,3.2,4.3,7.4,1.5,6.3,62.4,0.00369,0.206,21.3,0.0,0.0999,27.8
35.1,34.6,35.6,60.8,66.6,55.0,39.4,38.6,40.2,53.5,52.8,54.2,0.43,4.83,0.135,4.53,3.95,5.55,0.114,3.39,2.7,0.0379,0.208,0.392,53.7,38.0,93,30,300,2.7,7.5,3.9,4.1,3.6,4.3,4.2,4.2,4.1,3.5,4.9,8.3,2.4,6.2,63.9,0.00288,0.196,17.9,0.0,0.0999,29.4
36.0,34.0,38.0,62.0,64.4,59.6,38.9,38.0,39.8,54.9,58.6,51.2,0.415,4.8,0.131,4.5,3.94,5.49,0.111,3.34,2.69,0.0389,0.207,0.39,53.1,37.0,96,28,300,2.8,7.6,4.1,4.0,3.7,4.3,3.9,3.4,4.1,4.1,4.6,7.8,2.5,5.0,61.9,0.00362,0.194,22.1,0.0,0.0999,26.7
38.8,41.2,36.4,61.6,67.8,55.4,40.3,43.0,37.6,53.5,48.6,58.4,0.412,4.82,0.13,4.4,3.91,5.39,0.11,3.32,2.61,0.038,0.209,0.389,52.7,37.0,130,30,300,2.4,9.3,4.0,4.5,4.1,4.3,3.6,3.3,4.0,3.9,4.3,7.0,2.2,4.8,61.7,0.00303,0.192,20.9,0.0,0.0,27.8
37.9,36.4,39.4,63.5,62.8,64.2,39.8,41.2,38.4,56.4,56.2,56.6,0.398,4.82,0.128,4.45,3.93,5.4,0.108,3.27,2.59,0.0379,0.204,0.388,52.4,36.0,120,31,300,2.5,8.9,4.2,4.0,4.5,4.2,4.0,3.2,4.8,3.3,4.6,7.6,2.4,4.8,63.0,0.00452,0.19,22.5,0.0,0.0,27.9
36.8,36.2,37.4,60.2,63.4,57.0,42.4,39.2,45.6,53.0,55.0,51.0,0.424,5.02,0.137,4.71,4.18,5.78,0.116,3.39,2.72,0.0369,0.213,0.412,52.2,37.0,120,34,300,3.6,8.3,4.8,3.4,3.6,4.0,4.6,3.7,5.2,4.4,4.4,8.4,2.8,5.9,67.1,0.00304,0.18,18.3,0.0,0.0,25.3
35.6,35.2,36.0,64.8,69.6,60.0,38.5,41.8,35.2,53.7,50.8,56.6,0.437,5.26,0.139,4.92,4.33,5.98,0.118,3.6,2.85,0.0369,0.222,0.435,51.7,36.0,120,33,300,3.2,8.0,5.0,4.0,3.7,4.3,4.0,4.1,4.8,5.3,4.2,8.0,2.9,6.1,67.6,0.00461,0.184,20.1,0.0,0.0,26.8
37.8,38.6,37.0,37.8,37.8,37.8,40.6,38.0,43.2,42.5,44.6,40.4,0.466,5.61,0.145,5.16,4.61,6.31,0.124,3.82,3.03,0.0369,0.234,0.454,51.5,36.0,110,33,300,2.6,8.9,4.8,4.3,3.9,4.0,3.5,4.0,3.6,4.0,4.8,7.9,2.3,4.6,63.2,0.00388,0.178,20.2,0.0,0.0,25.5
40.9,42.6,39.2,51.7,53.0,50.4,46.3,48.2,44.4,33.9,29.4,38.4,0.381,5.14,0.119,4.54,4.04,5.46,0.0979,3.33,2.65,0.0381,0.856,0.392,81.6,69.0,190,65,400,70.8,13.3,6.0,5.67,5.5,8.0,7.33,6.17,6.0,5.67,5.83,13.2,4.33,9.5,167.0,0.00384,0.179,0.0,0.0,0.0,0.0
45.9,43.8,48.0,49.8,49.0,50.6,45.3,43.4,47.2,32.9,31.0,34.8,0.39,5.19,0.119,4.58,4.15,5.56,0.0999,3.38,2.71,0.038,0.858,0.395,68.9,53.0,180,38,400,38.7,12.5,5.6,5.1,6.1,6.3,6.7,5.8,5.8,5.5,5.2,11.6,3.5,8.2,127.0,0.00458,0.176,0.0,0.0,0.0,0.0
41.3,39.4,43.2,50.9,50.4,51.4,40.5,42.6,38.4,36.7,39.8,33.6,0.379,5.25,0.117,4.65,4.28,5.63,0.0966,3.42,2.74,0.0381,0.856,0.394,62.7,45.0,91,27,400,2.4,11.0,4.8,5.7,5.7,4.6,6.0,5.6,4.9,4.5,5.2,11.7,3.1,7.0,82.2,0.00384,0.18,5.27,0.0,0.0,0.0
44.4,44.2,44.6,48.5,50.8,46.2,46.1,47.4,44.8,32.6,36.6,28.6,0.404,5.39,0.122,4.77,4.25,5.76,0.0991,3.52,2.79,0.0391,0.862,0.4,58.2,41.0,91,27,400,3.5,10.7,4.7,6.9,5.4,5.2,6.2,5.3,5.4,4.8,5.6,12.9,4.5,7.5,88.6,0.00377,0.178,6.66,0.0,0.0,14.8
45.4,45.8,45.0,51.3,52.4,50.2,44.7,43.4,46.0,32.3,34.6,30.0,0.405,5.43,0.123,4.81,4.41,5.88,0.101,3.56,2.86,0.0374,0.866,0.402,54.1,37.0,81,27,400,4.0,11.9,4.7,6.4,6.6,4.1,5.4,5.0,6.2,5.2,5.9,11.5,4.4,7.1,88.4,0.00441,0.183,6.66,0.0,0.0,17.4
42.8,41.4,44.2,48.4,47.6,49.2,46.9,44.0,49.8,36.8,34.6,39.0,0.411,5.43,0.122,4.83,4.5,5.86,0.101,3.68,2.85,0.0373,0.867,0.407,52.0,36.0,77,26,400,4.6,11.3,5.1,5.6,6.7,4.3,5.8,5.2,6.0,5.7,6.1,11.9,3.9,7.9,90.1,0.00359,0.175,4.13,0.0,0.0,20.6
43.3,42.6,44.0,49.6,50.2,49.0,44.3,44.4,44.2,33.3,34.2,32.4,0.436,5.52,0.131,4.88,4.53,6.0,0.106,3.74,2.91,0.0383,0.871,0.42,50.3,35.0,88,28,400,4.3,10.3,5.5,5.6,4.8,5.8,6.3,5.1,5.6,5.8,5.1,11.1,4.5,8.7,88.5,0.00358,0.18,2.74,0.0,0.0,9.21
50.6,51.8,49.4,50.8,53.4,48.2,43.1,43.8,42.4,36.9,36.6,37.2,0.445,5.54,0.133,4.83,4.76,6.33,0.112,3.79,3.0,0.0373,0.874,0.424,49.2,34.0,87,30,400,2.7,9.4,5.5,5.8,4.5,6.2,5.7,5.0,6.0,6.3,6.4,10.2,4.5,8.4,86.6,0.00285,0.172,5.63,0.0,0.0,9.19
47.5,47.6,47.4,49.3,48.6,50.0,44.0,43.2,44.8,36.1,32.0,40.2,0.46,5.68,0.137,4.89,4.8,6.47,0.114,3.85,2.99,0.0385,0.879,0.433,48.1,34.0,81,31,400,3.4,9.5,5.7,6.5,5.0,6.5,4.5,5.2,5.7,6.1,6.4,10.3,3.2,7.9,85.9,0.00383,0.186,4.17,0.0,0.0,9.15
50.0,50.2,49.8,49.5,52.4,46.6,44.5,45.6,43.4,31.7,27.8,35.6,0.469,5.79,0.14,5.04,4.99,6.69,0.118,3.9,3.07,0.0396,0.882,0.436,48.0,34.0,100,32,400,4.3,11.3,6.3,6.3,5.4,6.2,3.9,5.4,4.9,4.4,4.9,11.0,3.2,7.9,85.4,0.00384,0.179,5.66,0.0,0.0,9.73
45.8,44.0,47.6,50.3,52.6,48.0,44.1,42.6,45.6,37.4,39.6,35.2,0.469,5.89,0.143,5.09,5.17,6.83,0.122,3.95,3.11,0.0385,0.883,0.447,47.0,33.0,100,30,400,3.2,12.1,5.7,5.0,4.6,5.6,4.4,6.0,5.4,4.0,5.5,11.1,3.1,8.5,84.2,0.00396,0.197,2.78,0.0,0.0,8.1
46.1,44.8,47.4,50.4,45.4,55.4,42.9,41.2,44.6,33.5,35.6,31.4,0.479,5.93,0.146,5.12,5.26,6.99,0.124,4.04,3.16,0.0387,0.882,0.445,46.3,33.0,83,29,400,2.5,12.6,6.2,3.9,4.6,5.3,4.8,5.6,6.1,4.6,6.5,10.6,3.1,8.8,85.2,0.00389,0.182,4.23,0.0,0.0,9.4
43.3,43.4,43.2,52.7,53.2,52.2,45.5,44.2,46.8,35.8,43.0,28.6,0.487,5.99,0.153,5.18,5.36,7.24,0.129,4.11,3.18,0.0396,0.888,0.457,45.3,32.0,72,27,400,2.5,10.3,7.1,3.8,6.7,5.7,5.0,5.0,6.3,4.0,5.9,10.1,3.7,7.3,83.4,0.00389,0.194,2.73,0.0,0.0,7.92
46.5,47.2,45.8,50.6,51.2,50.0,43.8,45.4,42.2,34.0,40.2,27.8,0.495,6.11,0.15,5.23,5.44,7.24,0.128,4.15,3.21,0.0396,0.892,0.455,45.2,32.0,96,27,400,3.4,8.9,5.8,5.7,7.2,6.6,4.4,5.7,5.5,4.2,5.5,10.6,3.6,6.9,84.0,0.00339,0.185,2.73,0.0,0.0,8.53
42.1,42.4,41.8,48.4,51.6,45.2,46.4,47.8,45.0,33.3,31.0,35.6,0.513,6.31,0.154,5.35,5.55,7.38,0.132,4.18,3.3,0.0396,0.893,0.459,44.9,32.0,110,29,400,4.1,10.9,5.2,6.2,5.6,4.7,4.5,5.8,5.8,5.7,6.1,12.1,3.8,9.6,90.1,0.00274,0.199,2.75,0.0,0.0,8.94
44.4,46.2,42.6,51.9,52.4,51.4,41.2,42.8,39.6,35.4,28.2,42.6,0.503,6.23,0.152,5.36,5.63,7.37,0.129,4.22,3.29,0.0387,0.893,0.465,44.7,32.0,95,30,400,3.7,11.8,5.0,5.6,4.1,3.3,5.6,5.7,6.5,5.2,5.8,9.9,3.1,10.0,85.3,0.00333,0.173,4.74,0.0,0.0,8.93
43.5,44.0,43.0,50.5,49.6,51.4,44.5,45.8,43.2,33.0,28.2,37.8,0.529,6.48,0.159,5.6,5.92,7.76,0.136,4.44,3.46,0.0386,0.902,0.485,44.4,32.0,96,29,400,3.9,9.9,4.7,6.1,4.4,5.1,5.4,5.7,6.9,4.6,5.8,8.8,2.5,8.6,82.4,0.00347,0.194,6.25,0.0,0.0,10.8
44.4,43.4,45.4,53.2,51.4,55.0,45.0,44.6,45.4,35.4,38.8,32.0,0.558,6.83,0.168,5.83,6.24,8.18,0.144,4.7,3.69,0.0396,0.911,0.523,44.5,32.0,100,30,400,4.1,9.6,5.6,5.8,4.9,6.6,5.1,5.8,7.0,4.6,5.8,11.1,3.4,8.7,88.1,0.00347,0.185,3.5,0.0,0.0,9.25
45.8,43.8,47.8,36.4,36.2,36.6,46.4,49.0,43.8,32.1,37.2,27.0,0.594,7.27,0.176,6.15,6.57,8.7,0.152,4.9,3.88,0.0386,0.922,0.549,44.5,32.0,120,34,400,4.2,11.2,5.9,4.9,4.7,5.7,5.8,5.4,5.7,4.8,5.5,11.8,3.9,8.8,88.3,0.00343,0.192,3.96,0.0,0.0,9.86
47.2,50.4,44.0,50.8,48.8,52.8,54.3,53.8,54.8,40.4,45.4,35.4,0.506,6.34,0.153,5.31,5.69,7.53,0.132,4.3,3.32,0.0373,0.248,0.452,87.3,72.0,220,78,400,82.8,9.6,8.0,5.8,5.2,7.6,8.4,6.4,6.0,5.0,7.2,12.8,4.2,7.0,176.0,0.0034,0.189,0.0,0.0,0.0,0.0
43.6,44.8,42.4,53.1,53.0,53.2,44.6,42.2,47.0,38.5,27.8,49.2,0.496,6.32,0.151,5.39,5.62,7.5,0.13,4.25,3.32,0.0395,0.244,0.457,73.5,53.0,220,63,400,45.6,9.3,6.6,5.6,5.8,5.8,6.5,6.2,5.9,4.7,5.4,11.3,3.7,8.7,131.0,0.0034,0.168,0.0,0.0,0.0,0.0
40.3,41.4,39.2,52.4,51.6,53.2,41.2,43.0,39.4,38.8,38.8,38.8,0.482,6.32,0.15,5.37,5.56,7.45,0.127,4.24,3.33,0.0395,0.245,0.455,66.3,45.0,91,29,400,5.6,10.6,5.8,5.1,5.7,5.4,5.9,5.7,5.1,4.3,5.4,10.3,3.2,7.8,85.9,0.00354,0.184,0.0,0.0,0.0,0.0
44.0,47.4,40.6,56.6,58.2,55.0,46.6,47.6,45.6,41.3,43.2,39.4,0.466,6.25,0.142,5.42,5.61,7.54,0.125,4.3,3.34,0.0394,0.244,0.452,61.4,41.0,93,30,400,3.3,11.6,5.6,4.5,5.3,6.5,7.1,4.8,5.1,4.5,6.2,10.1,2.7,7.1,84.4,0.004,0.186,11.9,0.0,0.0,0.0
42.3,41.0,43.6,52.5,51.4,53.6,43.6,43.4,43.8,38.9,39.2,38.6,0.481,6.32,0.147,5.43,5.58,7.34,0.124,4.26,3.34,0.0384,0.242,0.461,57.7,39.0,89,29,400,3.5,12.3,5.1,4.7,4.9,6.7,5.6,5.1,6.6,5.0,5.1,9.8,2.9,7.7,85.0,0.00474,0.212,13.4,0.0,0.0,25.1
40.9,39.2,42.6,52.9,53.6,52.2,41.9,40.0,43.8,38.5,32.4,44.5,0.472,6.22,0.145,5.41,5.5,7.19,0.122,4.26,3.36,0.0384,0.241,0.454,55.8,38.0,96,29,400,3.2,12.3,5.9,6.1,4.7,6.8,4.7,6.6,6.3,5.2,5.7,11.8,4.4,6.4,90.1,0.00343,0.188,17.5,0.0,0.0,30.5
41.9,39.6,44.2,51.0,52.4,49.6,43.1,42.6,43.6,40.4,38.2,42.7,0.474,6.31,0.144,5.35,5.41,7.08,0.122,4.22,3.32,0.0372,0.243,0.464,54.1,37.0,100,30,400,3.5,10.0,5.9,5.6,5.1,5.1,4.2,7.1,5.0,6.1,5.7,11.7,4.0,7.3,86.3,0.00463,0.208,7.1,0.0,0.0,35.7
44.7,46.4,43.0,55.0,55.6,54.4,46.5,47.0,46.0,39.3,39.4,39.2,0.493,6.26,0.145,5.48,5.36,7.12,0.122,4.27,3.33,0.038,0.243,0.457,53.3,37.0,100,33,400,3.7,10.2,5.4,3.9,4.4,5.1,5.0,6.7,5.3,6.0,5.9,12.3,4.5,7.6,86.0,0.00308,0.201,8.29,0.0,0.0,14.3
42.3,44.8,39.8,52.4,56.6,48.2,44.5,42.0,47.0,40.3,41.8,38.8,0.488,6.34,0.144,5.54,5.28,7.08,0.123,4.23,3.3,0.0389,0.242,0.458,52.4,36.0,110,34,400,4.1,11.7,5.3,4.7,5.3,5.7,5.3,6.0,5.7,5.4,5.9,11.7,4.4,7.3,88.5,0.00273,0.203,7.67,0.0,0.0,14.0
43.8,42.6,45.0,54.0,53.2,54.8,44.6,42.2,47.0,40.0,38.4,41.6,0.495,6.25,0.143,5.49,5.28,7.03,0.121,4.25,3.37,0.0379,0.245,0.464,51.1,36.0,100,31,400,4.1,10.9,5.0,5.7,7.1,5.4,5.1,5.5,5.8,5.5,5.4,11.5,3.5,7.6,88.1,0.00346,0.186,8.75,0.0,0.0,13.3
43.1,42.8,43.4,53.2,54.2,52.2,45.4,46.4,44.4,40.0,36.8,43.2,0.475,6.3,0.141,5.54,5.22,7.01,0.12,4.27,3.4,0.0369,0.241,0.465,49.9,35.0,78,27,400,2.9,9.6,4.3,6.2,7.0,4.8,5.4,5.8,6.1,5.3,6.9,12.9,3.6,6.9,87.7,0.00417,0.204,8.89,0.0,0.0,14.2
40.3,37.8,42.8,53.5,55.4,51.6,43.9,42.2,45.6,38.6,39.0,38.2,0.475,6.14,0.141,5.44,5.28,6.96,0.119,4.28,3.36,0.0368,0.241,0.467,49.1,34.0,84,28,400,2.9,10.8,4.3,5.7,6.6,6.1,5.4,5.4,6.0,5.6,6.7,11.5,2.9,7.0,86.9,0.00361,0.193,8.06,0.0,0.0,11.9
41.5,45.6,37.4,53.5,54.4,52.6,45.8,46.6,45.0,41.3,35.6,47.0,0.487,6.26,0.144,5.58,5.19,7.04,0.125,4.29,3.4,0.0378,0.241,0.476,48.5,34.0,100,29,400,3.9,12.2,4.6,4.1,5.7,6.7,5.2,5.3,6.0,5.6,5.5,11.1,3.3,6.6,85.8,0.00361,0.198,8.16,0.0,0.0,13.0
45.9,46.4,45.4,51.1,52.0,50.2,45.3,45.0,45.6,38.5,36.6,40.4,0.498,6.26,0.147,5.55,5.24,7.06,0.127,4.3,3.37,0.0378,0.242,0.487,48.1,34.0,110,31,400,4.0,10.9,5.6,5.3,5.4,4.5,4.6,7.0,5.6,5.7,5.1,11.4,4.2,6.1,85.4,0.00407,0.185,8.09,0.0,0.0,12.7
42.1,45.2,39.0,54.3,52.6,56.0,45.7,45.2,46.2,39.5,41.2,37.8,0.503,6.31,0.145,5.65,5.22,7.07,0.125,4.28,3.37,0.0367,0.245,0.472,47.9,33.0,110,32,400,4.8,10.8,6.0,6.1,4.9,5.0,4.8,5.5,5.9,5.9,5.2,12.8,5.1,7.7,90.5,0.00334,0.201,6.84,0.0,0.0,14.2
44.4,45.4,43.4,54.9,56.4,53.4,48.5,47.0,50.0,39.7,42.4,37.0,0.507,6.24,0.143,5.69,5.16,6.87,0.124,4.33,3.34,0.0387,0.247,0.475,47.5,33.0,110,30,400,5.4,11.8,5.2,5.0,4.3,6.4,4.1,2.9,6.0,6.3,5.6,11.9,4.1,9.3,88.3,0.00263,0.187,6.89,0.0,0.0,14.0
43.5,43.0,44.0,51.1,53.8,48.4,44.8,46.4,43.2,36.0,31.4,40.6,0.53,6.46,0.153,5.85,5.38,7.23,0.134,4.4,3.41,0.0379,0.253,0.501,46.8,33.0,89,28,400,4.7,11.6,4.7,4.6,4.9,5.9,5.8,4.0,4.9,5.6,5.5,10.3,3.8,10.4,86.7,0.00327,0.196,6.12,0.0,0.0,13.8
49.2,46.8,51.6,54.9,54.8,55.0,43.6,46.4,40.8,41.3,35.8,46.8,0.553,6.85,0.159,6.19,5.74,7.66,0.141,4.65,3.63,0.0377,0.26,0.526,46.8,33.0,95,30,400,4.7,11.2,4.0,4.6,6.1,4.8,7.0,5.5,5.2,4.6,6.4,10.3,3.7,10.0,88.1,0.00405,0.179,7.23,0.0,0.0,13.2
45.8,43.6,48.0,44.7,44.2,45.2,44.0,45.2,42.8,39.3,36.2,42.4,0.586,7.14,0.17,6.47,6.08,8.2,0.149,4.88,3.82,0.0367,0.271,0.556,46.4,33.0,99,33,400,4.6,12.1,5.1,4.9,6.4,4.5,6.1,5.5,5.9,4.1,6.0,10.1,2.7,7.2,85.2,0.00279,0.203,7.07,0.0,0.0,13.3
55.5,57.4,53.6,60.3,57.8,62.8,65.9,65.6,66.2,44.7,42.2,47.2,0.548,6.45,0.157,5.79,5.24,7.21,0.137,4.31,3.35,0.0364,0.247,0.485,103.0,90.0,240,100,400,76.0,10.3,6.5,5.0,4.75,5.0,7.75,5.25,7.0,5.75,6.25,12.0,3.75,8.75,164.0,0.00396,0.186,0.0,0.0,0.0,0.0
42.7,40.4,45.0,59.5,59.6,59.4,41.0,41.2,40.8,43.6,50.6,36.6,0.533,6.4,0.154,5.73,5.18,7.22,0.133,4.3,3.45,0.0375,0.249,0.481,85.8,63.0,230,75,400,48.7,11.9,5.78,4.89,4.44,5.33,6.33,5.78,6.0,5.44,6.56,12.7,3.67,9.0,136.0,0.00332,0.178,0.0,0.0,0.0,0.0
40.6,41.4,39.8,63.8,65.8,61.8,46.7,47.2,46.2,45.3,51.6,39.0,0.538,6.41,0.152,5.79,5.16,7.24,0.136,4.34,3.46,0.0381,0.244,0.48,79.1,58.0,120,35,400,15.2,12.4,4.8,4.7,5.0,5.6,4.7,5.6,5.6,5.2,6.2,12.0,3.4,8.8,99.2,0.00324,0.188,0.0,0.0,0.0,0.0
42.8,43.0,42.6,59.9,61.8,58.0,42.7,43.8,41.6,44.9,43.8,46.0,0.527,6.34,0.152,5.79,5.14,7.23,0.133,4.36,3.55,0.0372,0.245,0.475,71.8,50.0,120,34,400,4.4,11.2,5.2,4.8,5.2,6.1,4.7,4.6,5.4,5.8,6.0,10.4,2.8,9.0,85.6,0.00338,0.179,0.0,0.0,0.0,27.8
43.7,45.2,42.2,62.5,66.4,58.6,65.6,64.6,66.6,47.5,45.0,50.0,0.529,6.48,0.153,5.84,5.16,7.26,0.133,4.38,3.55,0.0364,0.976,0.483,68.5,49.0,100,33,400,5.1,12.5,5.6,5.0,4.8,6.3,4.6,4.8,5.2,6.1,6.2,10.6,3.2,8.2,88.2,0.0034,0.202,19.5,0.0,0.0,34.7
43.3,41.6,45.0,61.8,62.0,61.6,45.6,46.6,44.6,42.8,37.8,47.8,0.538,6.38,0.153,5.85,5.15,7.28,0.135,4.44,3.67,0.0371,0.975,0.492,65.3,46.0,110,37,400,4.9,12.0,5.3,4.9,6.2,5.0,4.8,4.8,5.5,6.1,5.3,12.6,4.6,7.3,89.3,0.00324,0.192,23.0,0.0,0.0,39.2
43.0,45.2,40.8,58.6,57.2,60.0,45.9,44.4,47.4,45.0,49.2,40.8,0.533,6.45,0.152,5.82,5.12,7.15,0.134,4.43,3.69,0.0362,0.974,0.485,63.6,45.0,120,36,400,3.8,10.9,6.0,5.2,6.7,4.3,5.3,5.3,5.6,5.8,5.4,13.1,4.6,7.6,89.6,0.00404,0.202,28.1,0.0,0.0,18.3
42.1,40.0,44.2,62.2,59.6,64.8,45.2,43.0,47.4,46.8,44.6,49.0,0.547,6.39,0.154,5.77,5.15,7.3,0.136,4.43,3.72,0.0382,0.973,0.487,62.1,44.0,130,37,400,2.5,12.3,6.2,5.1,6.2,4.9,5.5,5.5,5.4,5.4,5.5,11.3,3.6,7.5,86.9,0.00336,0.197,11.6,0.0,0.0,17.1
40.5,41.2,39.8,60.4,60.2,60.6,44.4,44.4,44.4,44.6,45.4,43.8,0.546,6.42,0.155,5.87,5.1,7.32,0.139,4.47,3.74,0.0383,0.973,0.491,60.6,43.0,120,35,400,2.9,12.7,5.0,5.6,5.4,4.9,6.4,5.0,5.0,6.5,5.4,10.5,3.5,7.2,86.0,0.00325,0.206,11.6,0.0,0.0,19.4
43.5,43.8,43.2,59.4,58.8,60.0,42.7,38.8,46.6,42.1,41.2,43.0,0.541,6.3,0.157,5.76,5.09,7.28,0.135,4.41,3.73,0.0382,0.973,0.488,59.4,42.0,120,34,400,4.0,12.0,4.5,5.8,4.9,5.3,5.6,5.4,5.8,6.1,5.8,10.4,3.7,6.5,85.8,0.00261,0.189,10.4,0.0,0.0,18.9
42.4,43.0,41.8,63.5,66.8,60.2,44.5,43.4,45.6,46.0,51.4,40.6,0.53,6.33,0.154,5.85,5.03,7.27,0.135,4.47,3.8,0.0373,0.973,0.482,58.5,41.0,120,34,400,3.8,11.1,6.0,4.6,6.2,6.3,4.8,6.0,5.8,4.7,4.3,10.8,4.0,7.1,85.5,0.00197,0.197,11.4,0.0,0.0,19.5
43.8,45.2,42.4,61.4,60.8,62.0,46.7,46.6,46.8,45.3,47.8,42.8,0.535,6.29,0.155,5.79,4.97,7.17,0.136,4.52,3.88,0.0384,0.972,0.487,57.4,40.0,120,33,400,3.4,10.7,7.0,5.1,5.7,5.7,6.3,5.6,4.7,4.9,4.1,11.6,3.7,7.9,86.4,0.00317,0.191,10.7,0.0,0.0,18.1
41.4,42.2,40.6,61.1,59.0,63.2,44.2,43.4,45.0,43.2,39.2,47.2,0.519,6.27,0.156,5.76,5.04,7.23,0.138,4.53,3.92,0.0375,0.969,0.489,56.6,40.0,110,35,400,3.6,11.1,6.4,7.5,4.9,4.8,6.3,4.5,5.3,5.3,4.7,11.6,3.7,8.2,87.9,0.00331,0.196,12.6,0.0,0.0,18.4
43.3,39.8,46.8,62.1,62.4,61.8,46.5,48.0,45.0,46.1,50.4,41.8,0.53,6.31,0.153,5.83,5.02,7.28,0.133,4.55,3.99,0.0384,0.968,0.487,56.2,40.0,120,38,400,3.4,11.6,5.6,6.8,5.8,5.7,5.2,4.3,5.7,5.8,5.2,11.8,4.4,8.4,89.7,0.0035,0.185,11.6,0.0,0.0,16.9
42.2,43.4,41.0,58.5,60.0,57.0,43.9,43.2,44.6,44.6,45.2,44.0,0.543,6.22,0.154,5.81,4.92,7.17,0.135,4.58,4.01,0.0384,0.972,0.495,55.6,40.0,110,35,400,4.7,11.6,5.6,4.9,5.7,5.3,6.0,4.6,5.8,5.8,5.5,12.4,4.5,6.6,89.0,0.0035,0.193,12.1,0.0,0.0,17.6
43.4,39.6,47.2,61.1,65.8,56.4,48.4,47.4,49.4,43.2,46.0,40.4,0.545,6.3,0.152,5.82,4.84,7.02,0.134,4.59,4.1,0.0384,0.97,0.496,55.1,39.0,120,33,400,4.8,12.5,5.5,5.8,4.8,5.0,6.9,4.4,5.0,5.5,5.0,12.2,4.4,5.3,87.1,0.00476,0.184,10.1,0.0,0.0,16.7
42.8,41.8,43.8,62.1,63.8,60.4,46.5,47.8,45.2,44.8,40.4,49.2,0.541,6.46,0.156,5.94,4.99,7.2,0.138,4.7,4.16,0.0373,0.971,0.504,54.5,39.0,110,34,400,4.4,11.4,5.1,5.1,4.5,5.0,7.1,3.6,5.6,4.8,5.3,11.8,4.1,8.6,86.4,0.00337,0.195,11.8,0.0,0.0,17.2
41.3,41.6,41.0,59.9,59.2,60.6,44.8,42.8,46.8,43.4,45.4,41.4,0.582,6.81,0.162,6.35,5.34,7.53,0.144,4.98,4.39,0.0383,0.985,0.543,54.5,39.0,130,37,400,4.8,11.4,5.3,4.3,5.2,4.6,6.2,5.3,6.7,4.7,4.8,11.3,4.0,10.0,88.6,0.00268,0.185,12.9,0.0,0.0,18.6
42.1,42.6,41.6,53.1,54.8,51.4,43.9,42.0,45.8,45.7,46.6,44.8,0.601,7.12,0.169,6.67,5.62,8.0,0.149,5.2,4.61,0.0381,0.995,0.568,54.1,39.0,130,37,400,4.1,12.7,5.6,5.4,5.7,5.0,4.7,6.4,5.3,6.1,5.7,11.1,3.9,7.8,89.5,0.00351,0.193,11.7,0.0,0.0,19.0
46.9,47.4,46.4,61.9,58.6,65.2,41.2,39.8,42.6,47.7,54.0,41.4,0.556,6.21,0.156,5.72,4.93,7.18,0.139,4.56,4.04,0.037,0.238,0.501,98.7,86.0,240,85,400,53.8,10.9,5.63,5.75,6.75,5.75,3.88,6.5,5.63,4.88,6.13,13.1,4.38,8.38,141.0,0.00246,0.186,0.0,0.0,0.0,0.0
46.6,46.8,46.4,64.0,64.6,63.4,45.7,45.6,45.8,50.0,61.0,39.0,0.539,6.31,0.155,5.79,4.99,7.24,0.138,4.52,3.95,0.0362,0.242,0.495,87.7,72.0,130,37,400,25.1,11.0,7.1,5.9,6.7,6.5,6.1,5.5,5.1,6.0,7.0,12.9,4.6,8.0,118.0,0.00291,0.204,0.0,0.0,0.0,25.4
46.3,42.6,50.0,63.0,66.0,60.0,42.9,43.4,42.4,49.9,58.0,41.8,0.54,6.34,0.158,5.75,5.08,7.33,0.138,4.54,3.93,0.0381,0.241,0.496,80.3,64.0,120,41,400,4.3,11.3,6.9,6.1,5.1,6.9,5.3,5.2,4.3,4.6,6.1,11.2,4.0,7.1,88.4,0.00352,0.184,18.7,0.0,0.0,34.1
45.8,45.4,46.2,62.2,61.2,63.2,43.5,44.6,42.4,49.8,46.2,53.4,0.534,6.31,0.16,5.82,5.05,7.29,0.137,4.47,3.87,0.0361,0.241,0.495,74.2,58.0,99,35,400,4.1,12.7,4.9,6.1,5.9,5.8,4.6,5.2,3.8,5.1,5.4,10.9,3.3,6.8,84.6,0.00342,0.212,24.5,0.0,0.0,41.1
49.2,49.0,49.4,67.0,66.0,68.0,43.8,45.8,41.8,49.2,48.6,49.8,0.528,6.27,0.16,5.79,5.1,7.42,0.137,4.51,3.91,0.0362,0.238,0.498,72.4,55.0,160,34,400,3.8,12.5,4.1,6.4,5.7,5.0,5.0,5.3,4.5,5.7,5.5,10.6,2.8,6.8,83.7,0.00411,0.2,29.4,0.0,0.0,22.9
43.8,43.2,44.4,64.2,67.8,60.6,46.1,44.0,48.2,48.6,53.2,44.0,0.542,6.34,0.163,5.79,5.17,7.44,0.144,4.56,4.03,0.0369,0.239,0.496,69.3,51.0,160,38,400,4.8,11.8,5.4,6.7,5.9,5.9,5.2,5.4,5.8,3.6,5.7,11.6,3.4,6.2,87.4,0.00477,0.206,16.2,0.0,0.0,22.7
44.9,44.0,45.8,61.2,64.2,58.2,43.2,45.2,41.2,47.9,53.0,42.8,0.541,6.28,0.161,5.66,5.2,7.49,0.143,4.47,3.94,0.0378,0.239,0.498,67.1,49.0,120,38,400,4.2,11.8,6.1,5.3,6.3,5.8,5.6,4.6,5.8,4.3,4.8,11.9,4.5,6.5,87.5,0.0042,0.196,15.0,0.0,0.0,21.8
43.0,43.2,42.8,65.5,68.4,62.6,42.2,44.0,40.4,49.4,55.8,43.0,0.525,6.28,0.158,5.79,5.18,7.56,0.143,4.48,3.89,0.0368,0.241,0.494,65.8,48.0,140,37,400,3.6,10.9,6.0,5.0,6.4,6.4,6.1,4.8,4.6,5.7,5.5,12.7,4.6,7.2,89.5,0.00291,0.212,14.9,0.0,0.0,21.6
47.1,48.6,45.6,64.6,62.4,66.8,49.0,49.0,49.0,49.3,54.2,44.4,0.532,6.3,0.162,5.82,5.19,7.52,0.141,4.52,3.91,0.0366,0.245,0.504,64.0,47.0,110,38,400,3.8,11.4,6.3,5.3,5.7,5.2,6.9,5.2,4.9,5.9,5.6,12.8,3.9,6.5,89.4,0.00341,0.195,15.6,0.0,0.0,22.3
42.1,43.6,40.6,65.1,68.4,61.8,40.6,42.8,38.4,49.5,41.6,57.4,0.523,6.19,0.161,5.7,5.25,7.51,0.141,4.43,3.95,0.0366,0.243,0.496,62.9,47.0,100,38,400,3.8,11.1,5.6,5.6,4.4,4.4,5.4,6.5,5.5,5.5,5.8,13.5,3.9,6.8,87.8,0.00359,0.208,15.3,0.0,0.0,22.5
44.2,45.0,43.4,61.6,58.8,64.4,46.1,47.4,44.8,48.9,49.0,48.8,0.525,6.23,0.166,5.68,5.19,7.61,0.142,4.47,3.93,0.0367,0.241,0.499,62.5,47.0,130,42,400,3.9,10.5,4.9,5.5,5.2,5.3,4.3,6.0,5.4,5.9,5.2,12.8,4.2,7.8,86.9,0.00365,0.196,14.9,0.0,0.0,22.5
43.8,42.8,44.8,62.5,63.4,61.6,42.7,42.6,42.8,50.6,53.8,47.4,0.51,6.17,0.16,5.73,5.23,7.53,0.141,4.49,3.84,0.0366,0.24,0.486,61.8,46.0,160,40,400,4.2,10.7,5.2,5.1,5.7,4.7,5.9,4.8,5.0,5.8,4.3,10.9,3.9,7.7,83.9,0.0029,0.208,15.5,0.0,0.0,22.3
41.3,42.6,40.0,62.2,64.4,60.0,44.4,44.8,44.0,50.9,57.4,44.4,0.514,6.08,0.161,5.6,5.3,7.48,0.137,4.38,3.87,0.0359,0.24,0.496,61.2,45.0,160,37,400,4.0,10.2,5.4,5.4,6.2,5.1,6.2,5.1,5.1,5.1,6.0,10.8,3.7,7.9,86.2,0.00415,0.195,16.0,0.0,0.0,22.9
41.1,42.0,40.2,58.6,59.0,58.2,44.8,44.2,45.4,47.9,46.6,49.2,0.51,6.11,0.158,5.52,5.27,7.55,0.139,4.35,3.82,0.0365,0.238,0.487,60.4,44.0,140,36,400,3.2,12.6,6.0,5.9,5.2,6.0,5.4,5.8,5.9,5.2,5.0,10.5,3.6,7.3,87.6,0.00285,0.198,15.6,0.0,0.0,24.1
44.0,45.0,43.0,61.9,62.6,61.2,46.3,44.6,48.0,51.2,44.6,57.8,0.527,6.1,0.162,5.53,5.25,7.43,0.143,4.39,3.81,0.0358,0.24,0.492,59.3,43.0,110,33,400,3.7,12.6,5.8,5.9,4.7,5.4,4.3,5.8,6.0,5.1,4.4,10.7,3.7,6.8,84.9,0.00332,0.188,13.5,0.0,0.0,22.4
42.5,40.8,44.2,63.8,64.6,63.0,45.5,45.8,45.2,49.0,47.0,51.0,0.534,6.23,0.168,5.6,5.34,7.6,0.145,4.36,3.74,0.0375,0.24,0.516,58.7,43.0,110,33,400,3.4,10.0,5.2,6.4,4.6,4.9,4.7,5.3,6.5,5.1,5.5,11.5,4.7,7.1,84.9,0.00345,0.204,15.1,0.0,0.0,22.6
43.6,46.6,40.6,64.5,68.2,60.8,45.7,45.8,45.6,49.6,49.8,49.4,0.573,6.52,0.176,5.94,5.64,7.98,0.156,4.69,3.92,0.0366,0.249,0.541,58.0,42.0,120,34,400,3.0,11.7,5.5,6.1,4.6,5.2,5.1,6.0,5.9,5.9,5.8,11.7,4.7,7.1,88.3,0.00345,0.19,16.1,0.0,0.0,22.1
42.2,43.6,40.8,65.1,66.0,64.2,43.9,46.4,41.4,49.1,56.8,41.4,0.61,6.82,0.183,6.31,5.91,8.36,0.163,4.9,4.19,0.0368,0.26,0.561,57.4,42.0,110,35,400,3.4,12.1,5.2,4.0,6.2,4.7,4.2,6.7,5.1,5.7,5.8,10.9,4.5,7.7,86.2,0.00346,0.203,16.5,0.0,0.0,22.0
40.7,40.0,41.4,67.3,68.0,66.6,45.5,44.4,46.6,53.3,46.8,59.8,0.553,6.1,0.158,5.58,5.07,7.11,0.141,4.49,3.88,0.0372,0.235,0.492,92.0,81.0,220,78,400,61.1,10.6,5.86,6.0,5.86,5.29,6.43,5.71,5.71,5.57,5.14,11.4,3.86,8.57,147.0,0.00369,0.186,0.0,0.0,0.0,0.0
41.5,43.0,40.0,66.9,67.4,66.4,44.2,45.8,42.6,53.7,61.4,46.0,0.562,6.23,0.157,5.57,5.01,7.1,0.14,4.37,3.86,0.0363,0.242,0.488,81.1,66.0,210,47,400,33.3,10.7,6.5,5.9,6.7,5.9,6.5,5.9,5.6,5.7,5.0,11.9,4.1,9.0,123.0,0.00356,0.186,17.3,0.0,0.0,0.0
42.1,43.8,40.4,69.1,69.6,68.6,45.1,42.8,47.4,55.5,54.8,56.2,0.534,6.16,0.15,5.63,5.04,7.05,0.132,4.42,3.74,0.0355,0.238,0.482,73.5,56.0,120,33,400,4.4,10.0,6.1,5.8,5.9,5.0,5.3,5.5,5.5,4.5,4.6,10.1,3.6,8.5,84.8,0.00356,0.183,23.8,0.0,0.0,0.0
41.6,40.8,42.4,68.4,66.0,70.8,45.5,43.8,47.2,54.1,54.4,53.8,0.535,6.22,0.154,5.67,4.97,6.97,0.13,4.4,3.85,0.0355,0.235,0.49,68.7,51.0,100,33,400,4.6,9.9,6.3,4.9,5.8,5.3,5.4,4.9,6.3,5.3,5.1,10.2,3.5,8.4,85.9,0.00342,0.2,30.3,0.0,0.0,46.3
43.2,39.4,47.0,63.5,62.0,65.0,44.4,42.4,46.4,55.4,50.2,60.6,0.56,6.15,0.158,5.59,5.0,6.93,0.134,4.36,3.82,0.0362,0.234,0.495,66.3,50.0,120,40,400,3.4,11.6,5.4,4.5,6.9,5.5,6.4,5.4,5.3,7.1,5.1,13.2,3.9,6.5,90.2,0.00348,0.18,16.5,0.0,0.0,54.2
44.7,44.6,44.8,67.8,71.2,64.4,44.5,44.8,44.2,54.3,59.2,49.4,0.546,6.17,0.154,5.54,5.0,6.96,0.133,4.39,3.79,0.0354,0.233,0.483,63.6,47.0,120,36,400,3.0,11.8,5.2,5.5,6.1,5.4,6.0,6.4,4.6,6.9,5.5,12.6,4.2,6.2,89.4,0.00287,0.187,16.6,0.0,0.0,63.0
38.9,38.2,39.6,69.1,68.2,70.0,60.8,62.6,59.0,54.2,55.0,53.4,0.551,6.19,0.155,5.62,4.85,6.93,0.134,4.37,3.74,0.0363,0.64,0.486,62.2,46.0,120,37,400,3.2,10.3,5.5,6.4,5.2,6.0,5.1,5.9,4.9,4.7,6.6,11.0,4.3,7.8,86.9,0.00346,0.194,17.6,0.0,0.0,26.9
40.7,40.0,41.4,62.8,62.6,63.0,42.8,40.8,44.8,58.1,59.8,56.4,0.537,6.19,0.147,5.68,4.98,6.84,0.128,4.32,3.76,0.0362,0.908,0.476,60.8,45.0,110,39,400,3.4,11.2,5.8,6.0,5.7,6.0,4.9,5.4,4.3,3.9,6.0,10.4,4.0,8.1,85.1,0.00431,0.191,20.7,0.0,0.0,27.5
43.8,43.4,44.2,71.6,70.2,73.0,43.2,45.0,41.4,52.2,54.2,50.2,0.542,6.13,0.151,5.56,4.98,6.88,0.129,4.27,3.72,0.0353,0.912,0.48,60.4,44.0,140,36,400,3.7,11.6,5.0,5.0,5.2,6.4,5.8,5.6,5.3,4.8,4.6,9.5,3.2,7.2,82.9,0.00352,0.182,19.8,0.0,0.0,28.7
43.0,44.0,42.0,66.2,66.0,66.4,45.5,43.0,48.0,54.5,54.6,54.4,0.546,6.22,0.149,5.68,4.88,6.97,0.134,4.32,3.8,0.0362,0.91,0.493,59.7,44.0,140,40,400,3.6,11.6,4.8,5.2,5.2,7.0,6.0,5.7,5.7,5.7,5.0,10.8,4.0,7.5,87.8,0.0036,0.199,18.3,0.0,0.0,27.5
50.8,48.0,53.6,69.7,69.6,69.8,47.0,48.2,45.8,54.0,46.8,61.2,0.555,6.06,0.158,5.72,4.94,7.07,0.135,4.43,3.83,0.0356,0.913,0.494,59.1,44.0,130,41,400,3.5,12.4,6.8,5.2,4.9,5.2,5.9,4.8,4.2,5.4,4.5,12.1,4.5,7.9,87.3,0.00425,0.185,19.4,0.0,0.0,29.0
43.7,43.6,43.8,68.2,68.0,68.4,44.6,43.8,45.4,53.3,44.0,62.6,0.554,6.14,0.158,5.74,4.93,7.16,0.136,4.35,3.86,0.0364,0.913,0.49,58.5,44.0,120,39,400,3.0,11.4,6.7,4.8,4.4,4.1,6.5,5.6,6.1,5.6,4.0,12.8,4.3,8.3,87.6,0.00285,0.189,20.5,0.0,0.0,27.1
48.1,47.6,48.6,70.8,68.0,73.6,45.5,46.2,44.8,55.6,56.2,55.0,0.538,6.07,0.156,5.68,5.02,7.32,0.138,4.42,3.9,0.0357,0.915,0.478,58.2,44.0,120,40,400,2.7,11.1,5.3,5.5,4.8,5.2,5.9,6.2,6.6,6.2,5.0,11.7,4.1,8.6,88.9,0.00265,0.193,21.0,0.0,0.0,25.3
46.8,45.4,48.2,68.1,71.8,64.4,45.4,45.4,45.4,54.7,47.6,61.8,0.538,6.09,0.158,5.75,4.97,7.42,0.137,4.37,3.98,0.0367,0.913,0.482,58.3,44.0,150,44,400,3.4,10.3,5.5,7.0,5.2,5.8,4.9,5.0,4.8,6.8,5.5,11.5,3.8,6.9,86.4,0.00365,0.198,19.6,0.0,0.0,25.9
43.3,45.6,41.0,66.2,65.8,66.6,44.8,45.4,44.2,55.6,57.4,53.8,0.522,6.07,0.158,5.68,5.0,7.42,0.136,4.46,3.92,0.0365,0.913,0.482,58.0,43.0,150,40,400,4.2,10.8,6.4,7.0,6.0,6.3,5.3,4.0,5.0,5.7,6.2,11.1,3.9,6.4,88.3,0.00358,0.186,19.3,0.0,0.0,27.4
45.7,43.8,47.6,68.5,66.4,70.6,43.5,45.0,42.0,53.8,50.4,57.2,0.524,6.05,0.158,5.78,5.09,7.37,0.138,4.4,3.83,0.0375,0.914,0.491,57.4,43.0,130,37,400,4.8,12.0,5.7,5.4,6.3,5.7,5.4,4.5,5.8,4.2,5.3,10.1,3.8,8.1,87.1,0.00293,0.194,18.6,0.0,0.0,28.8
43.9,43.8,44.0,68.6,71.0,66.2,47.0,46.6,47.4,56.1,64.4,47.8,0.543,6.38,0.162,5.95,5.4,7.84,0.143,4.56,4.07,0.0366,0.922,0.517,57.3,43.0,130,39,400,4.1,12.9,4.3,4.8,6.5,4.7,4.6,5.1,6.0,5.5,4.4,9.8,3.3,9.0,85.0,0.00445,0.186,18.6,0.0,0.0,26.1
43.2,42.4,44.0,68.6,72.8,64.4,43.9,43.6,44.2,53.5,54.8,52.2,0.581,6.71,0.17,6.31,5.71,8.16,0.148,4.91,4.25,0.0374,0.935,0.551,56.9,42.0,130,38,400,3.2,12.7,4.9,5.4,5.5,5.5,5.0,4.9,5.3,6.6,4.6,11.6,3.7,7.9,86.8,0.00445,0.189,17.4,0.0,0.0,25.6
41.9,40.8,43.0,44.0,48.4,39.6,48.9,52.4,45.4,45.1,40.4,49.8,0.616,7.1,0.179,6.72,5.93,8.63,0.158,5.13,4.51,0.0366,0.947,0.581,57.1,43.0,140,40,400,3.5,12.1,6.2,5.0,4.8,6.6,5.3,4.8,6.1,5.7,5.7,12.9,4.2,7.1,90.0,0.00352,0.187,19.0,0.0,0.0,27.2
34.8,35.4,34.2,38.9,41.4,36.4,35.0,34.4,35.6,35.1,40.6,29.5,0.18,2.19,0.0749,1.79,1.93,2.38,0.0514,1.52,1.2,0.0374,0.118,0.174,40.7,30.0,89,29,200,35.7,6.5,2.17,4.17,4.67,2.83,2.33,4.17,3.0,3.33,2.5,6.33,2.17,5.5,85.3,0.00268,0.18,0.0,0.0,0.0,0.0
32.0,30.0,34.0,41.1,41.0,41.2,33.9,33.8,34.0,31.9,24.8,39.0,0.183,2.28,0.078,1.85,2.0,2.48,0.0552,1.55,1.23,0.0393,0.12,0.177,37.4,28.0,90,24,200,19.6,6.0,2.3,3.7,3.8,2.3,2.8,4.3,2.9,3.0,3.1,5.9,2.3,4.7,66.7,0.00199,0.166,3.88,0.0,0.0,0.0
34.6,36.2,33.0,44.0,47.2,40.8,35.0,35.2,34.8,35.3,41.2,29.4,0.185,2.35,0.0818,1.95,2.11,2.54,0.0578,1.64,1.28,0.0383,0.121,0.189,36.9,26.0,81,21,200,2.0,4.9,2.4,2.5,2.8,1.9,2.5,3.2,2.5,2.3,3.9,4.6,1.9,3.6,41.0,0.00424,0.186,5.37,0.0,0.0,0.0
33.7,33.4,34.0,42.0,42.2,41.8,36.1,38.2,34.0,33.6,32.0,35.2,0.199,2.41,0.0817,2.05,2.11,2.68,0.0586,1.66,1.32,0.0375,0.127,0.189,37.2,26.0,110,23,200,2.0,5.4,2.4,2.5,3.3,2.3,3.1,2.4,2.6,2.5,3.9,5.6,2.0,4.6,44.6,0.00346,0.172,6.7,0.0,0.0,0.0
32.2,30.0,34.4,44.6,44.4,44.8,33.8,33.8,33.8,34.9,37.8,32.0,0.196,2.49,0.0803,2.13,2.24,2.72,0.0573,1.75,1.37,0.0384,0.127,0.198,36.2,26.0,93,24,200,2.2,6.0,2.1,2.4,3.7,2.5,3.3,2.7,2.8,3.6,2.6,5.1,1.6,4.6,45.2,0.00285,0.194,2.82,0.0,0.0,18.9
33.5,34.0,33.0,42.3,41.8,42.8,32.7,33.2,32.2,35.4,31.8,39.0,0.198,2.62,0.0787,2.21,2.27,2.75,0.0598,1.82,1.43,0.0394,0.128,0.199,35.8,25.0,83,23,200,2.1,6.0,2.6,2.8,3.2,2.6,2.0,2.7,3.1,3.8,2.3,4.1,0.9,3.8,42.0,0.00285,0.185,4.26,0.0,0.0,20.9
33.2,30.6,35.8,45.5,42.0,49.0,34.4,33.2,35.6,31.6,34.0,29.2,0.19,2.64,0.0799,2.35,2.32,2.89,0.0584,1.9,1.46,0.0386,0.131,0.205,35.4,25.0,79,23,200,1.9,6.0,2.8,2.7,2.3,3.1,1.9,2.5,3.0,3.5,3.1,5.3,1.2,3.8,43.1,0.00426,0.195,4.17,0.0,0.0,25.1
33.8,33.6,34.0,45.0,48.0,42.0,36.4,35.4,37.4,33.6,30.8,36.4,0.197,2.8,0.0817,2.45,2.42,2.94,0.0597,1.95,1.51,0.0386,0.131,0.209,35.0,25.0,79,23,200,2.1,6.0,2.6,2.3,1.7,2.7,2.3,2.5,2.2,3.3,3.7,4.8,1.3,3.8,41.3,0.0028,0.183,5.62,0.0,0.0,7.94
33.5,33.6,33.4,44.3,47.0,41.6,35.6,36.0,35.2,34.6,32.8,36.4,0.204,2.87,0.0853,2.55,2.49,3.04,0.0641,2.03,1.59,0.0386,0.136,0.218,34.8,25.0,78,24,200,2.9,5.9,2.6,2.2,2.5,2.5,2.9,3.0,2.6,2.6,3.0,5.2,1.9,4.2,44.0,0.00277,0.2,2.69,0.0,0.0,8.97
33.2,35.0,31.4,42.9,42.2,43.6,33.3,36.2,30.4,31.6,29.2,34.0,0.228,2.93,0.0865,2.62,2.55,3.17,0.0649,2.12,1.65,0.0385,0.141,0.227,34.5,25.0,75,25,200,2.7,5.3,3.3,2.0,2.8,3.0,2.7,3.5,2.8,2.1,2.2,6.0,2.5,3.8,44.7,0.00415,0.184,4.38,0.0,0.0,8.83
34.2,33.6,34.8,43.8,44.4,43.2,33.8,32.4,35.2,36.3,31.6,41.0,0.229,3.01,0.0877,2.67,2.61,3.25,0.0656,2.18,1.74,0.0395,0.142,0.231,34.2,25.0,71,25,200,1.9,5.7,3.6,2.9,2.5,3.4,1.6,2.4,2.2,2.4,2.3,5.4,2.3,3.4,42.0,0.00415,0.196,2.92,0.0,0.0,8.96
32.7,33.6,31.8,41.5,38.2,44.8,34.3,36.6,32.0,32.9,25.8,40.0,0.231,3.1,0.0894,2.8,2.71,3.34,0.0681,2.29,1.8,0.0373,0.145,0.242,34.2,25.0,85,25,200,2.0,6.0,2.8,3.3,3.2,3.8,2.2,2.2,2.4,2.3,2.9,5.1,1.6,3.8,43.6,0.00273,0.189,5.61,0.0,0.0,8.52
34.0,30.0,38.0,41.9,43.0,40.8,35.0,34.6,35.4,35.9,33.1,38.6,0.23,3.15,0.0932,2.87,2.75,3.43,0.0695,2.35,1.88,0.0375,0.147,0.246,34.2,25.0,91,25,200,1.6,6.1,2.6,2.5,2.9,3.5,2.9,2.7,2.7,3.0,3.6,5.5,1.4,3.4,44.4,0.00395,0.2,3.9,0.0,0.0,8.55
34.2,37.4,31.0,40.3,41.8,38.8,35.4,37.8,33.0,35.2,34.3,36.1,0.244,3.25,0.0938,2.97,2.77,3.49,0.0726,2.42,1.92,0.0385,0.15,0.256,34.4,25.0,85,26,200,1.3,6.9,2.5,2.6,2.6,2.4,2.6,2.6,2.8,3.1,2.6,6.0,2.2,3.9,44.1,0.00399,0.187,5.31,0.0,0.0,9.82
33.4,35.0,31.8,40.1,41.8,38.4,33.9,31.6,36.2,31.9,38.2,25.6,0.254,3.3,0.0961,3.06,2.83,3.55,0.074,2.46,1.96,0.0378,0.154,0.26,34.2,25.0,85,25,200,2.0,6.6,3.0,3.2,2.4,1.5,3.0,2.6,2.2,2.3,2.1,5.7,2.3,3.8,42.7,0.0026,0.192,3.9,0.0,0.0,10.8
32.3,31.2,33.4,46.2,46.4,46.0,34.7,33.6,35.8,36.6,34.6,38.6,0.257,3.39,0.0952,3.16,2.93,3.58,0.0746,2.49,2.04,0.0388,0.155,0.269,34.1,25.0,76,22,200,2.1,6.5,2.6,3.3,2.4,2.3,3.2,2.1,2.6,3.1,2.4,5.2,2.2,3.0,43.0,0.00331,0.185,3.53,0.0,0.0,8.58
34.5,33.8,35.2,43.2,43.4,43.0,35.0,32.4,37.6,33.4,31.4,35.4,0.268,3.57,0.0981,3.32,3.05,3.76,0.0783,2.69,2.13,0.0387,0.163,0.285,33.8,25.0,72,23,200,1.7,7.3,2.5,3.1,2.4,2.7,3.0,1.9,2.9,3.2,2.1,5.4,2.2,2.9,43.3,0.00481,0.206,3.44,0.0,0.0,8.99
34.4,34.4,34.4,45.6,47.2,44.0,33.3,33.8,32.8,32.8,35.0,30.6,0.279,3.73,0.103,3.48,3.24,4.0,0.0817,2.83,2.26,0.0387,0.167,0.297,33.8,25.0,69,24,200,2.0,7.2,3.4,2.3,2.9,2.5,2.8,2.3,2.7,2.7,2.2,5.6,1.8,2.8,43.2,0.00357,0.191,4.46,0.0,0.0,8.63
34.6,33.6,35.6,31.3,28.4,34.2,52.9,50.0,55.8,31.7,33.4,30.0,0.294,3.91,0.107,3.71,3.37,4.21,0.0857,3.0,2.41,0.0387,0.192,0.315,34.0,25.0,89,26,200,2.0,6.2,3.0,2.2,3.1,3.0,2.8,2.8,2.7,3.0,2.4,5.1,1.3,3.3,42.9,0.00296,0.212,5.03,0.0,0.0,9.81
38.9,37.2,40.6,48.4,48.4,48.4,41.1,38.2,44.0,38.0,42.6,33.4,0.259,3.49,0.0953,3.16,2.97,3.75,0.0733,2.7,2.15,0.0394,0.839,0.269,54.3,41.0,140,42,200,42.4,7.6,3.8,3.6,3.0,3.2,3.0,4.4,4.2,2.4,3.4,6.0,2.4,5.4,94.8,0.00266,0.201,0.0,0.0,0.0,8.13
38.8,38.0,39.6,45.5,51.4,39.6,32.4,32.4,32.4,37.6,35.2,40.0,0.262,3.47,0.0976,3.16,2.96,3.86,0.0755,2.66,2.17,0.0385,0.842,0.268,49.7,36.0,130,40,200,22.0,5.8,2.9,3.2,2.5,2.8,2.2,3.1,3.3,2.4,2.8,4.9,2.1,3.9,63.9,0.00406,0.184,0.0,0.0,0.0,12.5
35.5,35.6,35.4,45.9,46.4,45.4,33.6,32.6,34.6,41.9,43.6,40.2,0.261,3.4,0.0993,3.14,3.0,3.95,0.0773,2.69,2.15,0.0385,0.843,0.274,46.6,33.0,88,27,200,1.8,6.3,2.2,2.5,2.3,2.4,2.4,2.4,3.0,1.9,2.6,3.8,1.4,3.0,38.0,0.00406,0.193,0.0,0.0,0.0,12.0
38.0,42.2,33.8,49.0,52.0,46.0,34.7,36.2,33.2,38.6,44.2,33.0,0.265,3.45,0.0995,3.08,3.1,4.04,0.0761,2.64,2.16,0.0384,0.842,0.268,46.2,33.0,100,27,200,1.9,7.6,2.8,2.6,3.1,3.0,3.2,2.7,2.9,2.4,2.3,4.2,1.3,4.0,44.0,0.00402,0.177,11.7,0.0,0.0,13.9
35.2,34.8,35.6,45.3,43.8,46.8,34.0,35.2,32.8,38.9,35.6,42.2,0.273,3.38,0.101,3.08,3.06,4.07,0.0765,2.67,2.18,0.0395,0.844,0.27,44.8,32.0,100,27,200,2.1,5.9,3.1,2.4,3.2,3.2,2.6,2.8,2.1,2.8,1.5,5.0,1.7,4.6,43.0,0.0034,0.194,14.5,0.0,0.0,13.6
36.2,37.0,35.4,45.1,46.2,44.0,33.3,31.4,35.2,42.7,37.8,47.6,0.274,3.37,0.1,2.99,3.14,4.09,0.0773,2.67,2.15,0.0385,0.842,0.274,43.4,31.0,80,26,200,1.8,4.9,2.7,1.9,2.5,3.8,2.0,3.3,2.6,2.2,2.8,6.0,2.2,4.4,43.1,0.00396,0.167,17.3,0.0,0.0,14.9
34.5,33.2,35.8,49.9,47.4,52.4,33.9,35.2,32.6,35.0,28.6,41.4,0.254,3.4,0.0999,3.02,3.14,4.05,0.0765,2.62,2.13,0.0376,0.839,0.272,42.3,30.0,79,26,200,1.5,5.0,2.3,3.0,2.3,3.9,2.0,2.9,2.6,2.3,3.4,6.5,2.3,3.7,43.7,0.00326,0.177,7.07,0.0,0.0,13.1
34.0,37.0,31.0,45.6,47.8,43.4,34.3,32.4,36.2,40.7,40.6,40.8,0.257,3.4,0.0984,3.02,3.17,4.09,0.0764,2.62,2.11,0.0387,0.844,0.274,42.0,30.0,86,26,200,1.5,6.1,2.0,3.6,2.2,2.8,2.1,2.5,2.3,3.5,2.8,6.1,1.9,3.2,42.6,0.00384,0.166,8.32,0.0,0.0,14.3
34.4,35.8,33.0,48.5,51.6,45.4,32.6,32.4,32.8,40.2,41.2,39.2,0.252,3.34,0.101,2.97,3.14,4.05,0.0732,2.6,2.08,0.0396,0.843,0.266,41.5,30.0,88,28,200,1.6,6.1,2.3,3.1,2.9,3.0,2.2,2.5,2.4,4.0,2.6,5.3,1.3,2.9,42.2,0.00337,0.18,7.64,0.0,0.0,13.8
36.8,35.6,38.0,49.2,47.2,51.2,35.9,34.0,37.8,36.8,30.8,42.8,0.252,3.37,0.0985,2.92,3.19,4.07,0.0759,2.62,2.09,0.0394,0.841,0.266,41.2,30.0,85,27,200,2.3,5.8,2.9,3.6,3.1,3.0,2.5,2.3,2.6,2.1,2.2,4.5,1.3,3.8,42.0,0.00402,0.168,9.85,0.0,0.0,14.6
35.0,33.6,36.4,44.2,44.2,44.2,33.3,32.0,34.6,40.5,40.0,41.0,0.252,3.39,0.1,2.93,3.28,4.08,0.0755,2.61,2.1,0.0395,0.84,0.269,40.8,29.0,82,28,200,2.6,5.4,2.6,3.3,2.4,3.6,3.3,2.2,2.8,1.6,3.0,4.9,2.1,4.2,44.0,0.00287,0.185,7.29,0.0,0.0,13.7
36.8,34.0,39.6,51.1,50.2,52.0,33.5,34.8,32.2,39.7,39.4,40.0,0.242,3.44,0.0976,2.87,3.23,4.07,0.0716,2.66,2.12,0.0385,0.84,0.266,40.4,29.0,82,26,200,2.6,5.4,2.6,3.1,2.4,3.4,2.8,2.1,2.7,3.3,3.4,5.5,2.1,3.8,45.2,0.00282,0.18,9.23,0.0,0.0,15.0
35.3,37.6,33.0,44.2,46.2,42.2,36.0,35.6,36.4,35.8,33.4,38.2,0.247,3.42,0.0996,2.85,3.27,4.11,0.0749,2.68,2.13,0.0385,0.844,0.259,40.2,29.0,82,28,200,1.9,5.3,3.5,2.8,2.2,2.5,2.2,2.9,2.4,3.2,3.4,5.5,1.9,4.3,44.0,0.0035,0.196,8.17,0.0,0.0,14.2
34.7,37.2,32.2,47.5,49.8,45.2,31.6,29.8,33.4,40.7,37.8,43.6,0.244,3.41,0.0978,2.79,3.37,4.11,0.0737,2.59,2.1,0.0384,0.84,0.259,40.3,29.0,91,30,200,2.3,4.8,3.4,1.9,2.1,2.9,3.3,3.0,1.9,2.8,3.1,5.3,1.8,3.9,42.5,0.00323,0.183,9.66,0.0,0.0,13.2
35.5,35.6,35.4,49.3,50.6,48.0,34.8,34.6,35.0,41.5,39.6,43.4,0.254,3.42,0.0988,2.76,3.35,4.08,0.0752,2.63,2.11,0.0395,0.842,0.264,40.1,29.0,89,27,200,2.3,5.3,2.5,2.2,2.5,2.9,3.5,2.4,2.6,2.7,2.9,5.4,1.8,3.8,42.8,0.00354,0.19,8.27,0.0,0.0,12.6
35.8,34.4,37.2,46.2,45.8,46.6,33.4,35.0,31.8,35.8,22.6,49.0,0.253,3.43,0.0999,2.72,3.39,4.09,0.0757,2.59,2.07,0.0384,0.822,0.261,39.7,29.0,79,25,200,1.2,6.1,2.5,1.8,2.7,2.7,2.5,2.7,2.7,2.7,3.3,5.6,1.5,3.7,41.7,0.00415,0.177,9.04,0.0,0.0,13.9
33.8,36.0,31.6,47.8,43.8,51.8,36.2,33.6,38.8,39.6,39.8,39.4,0.265,3.49,0.104,2.78,3.49,4.25,0.0794,2.67,2.13,0.0385,0.162,0.271,39.5,29.0,80,26,200,1.5,6.2,2.3,1.8,2.5,2.4,2.6,3.1,3.0,3.2,2.3,5.3,1.7,3.9,41.8,0.0035,0.184,8.32,0.0,0.0,15.2
36.8,37.0,36.6,46.7,43.6,49.8,34.7,33.2,36.2,40.8,45.2,36.4,0.276,3.69,0.107,2.95,3.71,4.43,0.0816,2.84,2.28,0.0385,0.169,0.283,39.3,29.0,82,28,200,1.6,5.0,2.6,2.1,1.6,2.4,2.6,2.8,4.1,2.9,2.6,5.6,2.2,5.5,43.6,0.00223,0.175,7.11,0.0,0.0,14.3
36.7,36.2,37.2,41.6,42.2,41.0,34.9,34.2,35.6,37.5,35.6,39.5,0.295,3.86,0.113,3.09,3.88,4.71,0.0883,2.97,2.38,0.0394,0.176,0.303,39.0,28.0,78,27,200,1.2,4.5,3.6,2.7,1.4,2.4,2.0,2.2,3.5,3.0,2.7,5.7,1.8,5.2,41.9,0.00284,0.187,7.69,0.0,0.0,14.1
40.4,42.2,38.6,49.7,47.4,52.0,47.4,46.6,48.2,42.1,37.4,46.8,0.27,3.51,0.0995,2.85,3.25,3.77,0.0768,2.68,2.12,0.0384,0.161,0.27,51.1,37.0,130,42,200,42.8,6.75,3.0,4.25,2.0,3.75,2.5,5.5,3.25,3.5,2.25,5.5,0.75,4.75,90.5,0.00392,0.186,0.0,0.0,0.0,0.0
32.3,31.2,33.4,51.0,50.0,52.0,35.3,36.8,33.8,44.5,47.6,41.4,0.26,3.5,0.0989,2.86,3.21,3.76,0.0747,2.63,2.08,0.0381,0.159,0.266,48.4,35.0,130,41,200,24.0,6.44,2.22,3.67,1.78,3.56,2.44,3.89,2.89,2.56,2.44,4.78,1.33,4.0,66.0,0.0049,0.185,0.0,0.0,0.0,14.7
33.1,36.8,29.4,52.1,48.6,55.6,36.0,37.8,34.2,44.4,38.8,50.0,0.25,3.52,0.0951,2.88,3.14,3.74,0.0716,2.59,2.1,0.0381,0.16,0.26,47.6,34.0,120,27,200,5.5,6.3,2.2,3.7,2.7,2.9,2.4,2.7,2.5,2.0,3.1,5.1,1.7,3.4,46.2,0.0049,0.188,0.0,0.0,0.0,22.3
33.1,32.2,34.0,52.3,53.4,51.2,34.1,37.2,31.0,45.4,49.8,41.0,0.258,3.45,0.098,2.89,3.14,3.75,0.073,2.64,2.11,0.039,0.163,0.259,44.9,31.0,89,26,200,1.9,6.2,2.5,3.2,3.5,2.4,3.5,2.7,2.4,2.3,2.3,5.4,1.5,2.9,42.7,0.00363,0.186,17.0,0.0,0.0,28.8
36.6,37.6,35.6,50.6,52.8,48.4,35.4,38.2,32.6,44.8,46.4,43.2,0.265,3.51,0.101,2.95,3.12,3.76,0.0766,2.63,2.14,0.038,0.16,0.264,44.0,31.0,82,26,200,1.6,5.1,3.2,2.8,2.6,2.2,3.9,2.8,2.8,3.0,1.7,5.1,1.7,3.3,41.8,0.00292,0.191,21.6,0.0,0.0,20.0
31.6,31.6,31.6,51.5,54.6,48.4,36.0,32.6,39.4,44.1,42.8,45.4,0.276,3.55,0.0993,2.96,3.07,3.78,0.0793,2.64,2.13,0.038,0.161,0.265,42.9,31.0,80,28,200,1.3,4.7,3.6,3.5,2.0,2.6,2.8,3.1,2.8,4.0,2.3,6.0,2.6,4.2,45.5,0.00421,0.191,25.0,0.0,0.0,17.9
34.5,31.8,37.2,49.9,51.2,48.6,36.4,38.6,34.2,45.1,48.0,42.2,0.277,3.54,0.103,3.09,3.01,3.78,0.0788,2.62,2.13,0.0371,0.163,0.267,43.2,30.0,110,26,200,1.5,5.5,3.0,3.2,1.8,3.5,2.9,2.7,2.8,3.9,2.5,6.3,2.5,3.7,45.8,0.00331,0.189,10.5,0.0,0.0,17.0
35.2,37.4,33.0,48.5,48.0,49.0,35.0,37.6,32.4,43.1,45.6,40.6,0.276,3.47,0.101,3.04,2.92,3.74,0.0758,2.62,2.09,0.037,0.16,0.262,42.8,31.0,110,29,200,1.8,5.9,2.8,2.9,1.9,3.7,3.2,2.0,2.7,3.9,3.0,5.5,2.2,3.3,44.8,0.00331,0.181,11.4,0.0,0.0,17.0
33.3,30.8,35.8,52.0,54.6,49.4,37.2,34.0,40.4,45.3,41.4,49.2,0.28,3.48,0.101,3.08,2.97,3.74,0.0786,2.55,2.09,0.039,0.159,0.266,41.8,30.0,87,28,200,2.2,5.4,2.6,2.7,2.7,2.7,2.5,1.8,3.1,3.4,2.8,4.9,2.3,3.8,42.9,0.00355,0.189,13.2,0.0,0.0,18.6
34.9,32.4,37.4,48.2,50.4,46.0,33.5,30.0,37.0,44.1,38.6,49.6,0.268,3.49,0.098,3.17,2.89,3.75,0.0752,2.59,2.05,0.0379,0.161,0.27,41.3,29.0,91,26,200,1.9,5.3,2.2,2.5,2.5,2.3,3.7,2.0,3.1,2.3,3.1,5.1,1.5,4.3,41.8,0.00415,0.177,14.7,0.0,0.0,19.0
38.3,36.8,39.8,49.6,51.8,47.4,35.0,37.0,33.0,41.8,43.2,40.4,0.265,3.46,0.101,3.22,2.86,3.83,0.0743,2.56,2.05,0.0382,0.161,0.261,41.3,29.0,110,27,200,1.2,6.6,2.7,3.0,2.3,2.8,4.3,2.2,2.0,2.2,3.5,5.5,1.0,4.3,43.6,0.00286,0.189,13.7,0.0,0.0,19.0
35.7,33.0,38.4,50.0,49.0,51.0,32.4,35.2,29.6,45.2,52.0,38.4,0.254,3.43,0.0974,3.25,2.84,3.92,0.0725,2.54,2.03,0.0373,0.16,0.255,40.8,29.0,96,27,200,1.1,6.0,3.2,2.9,2.9,3.1,3.0,2.8,2.2,2.7,2.5,5.6,1.2,4.4,43.6,0.00355,0.175,12.1,0.0,0.0,16.6
35.9,37.0,34.8,50.6,45.4,55.8,37.6,39.4,35.8,44.2,33.8,54.6,0.254,3.38,0.0972,3.28,2.84,3.91,0.0723,2.56,2.0,0.0381,0.162,0.263,40.7,28.0,100,25,200,0.9,5.1,3.2,2.2,3.0,3.2,2.9,4.0,2.6,2.9,2.5,5.7,1.4,3.5,43.1,0.00446,0.187,13.6,0.0,0.0,18.2
37.0,38.8,35.2,49.2,46.0,52.4,33.8,33.6,34.0,44.6,48.6,40.6,0.246,3.39,0.0964,3.31,2.84,3.93,0.0703,2.53,2.01,0.037,0.159,0.265,40.3,28.0,88,26,200,1.5,6.9,2.5,2.2,3.2,3.1,3.2,2.7,2.5,2.2,2.6,5.6,1.7,2.8,42.7,0.0036,0.187,13.2,0.0,0.0,18.4
34.2,32.2,36.2,48.8,45.8,51.8,35.9,38.4,33.4,44.3,45.4,43.2,0.258,3.44,0.0994,3.33,2.77,3.96,0.0771,2.49,1.98,0.0378,0.16,0.268,40.0,28.0,76,26,200,1.6,7.1,2.7,2.3,3.4,2.1,3.2,1.3,2.3,2.3,2.0,4.9,2.0,4.2,41.4,0.003,0.194,12.3,0.0,0.0,18.5
33.2,28.4,38.0,49.1,48.8,49.4,35.3,36.2,34.4,43.7,49.4,38.0,0.253,3.41,0.0958,3.38,2.75,3.91,0.0728,2.5,1.99,0.0379,0.159,0.26,39.8,28.0,86,26,200,1.4,6.1,3.1,2.5,3.3,1.9,2.5,2.9,2.3,2.9,2.7,5.1,2.1,5.1,43.9,0.0043,0.179,12.5,0.0,0.0,18.6
33.6,36.2,31.0,49.6,49.2,50.0,36.1,35.0,37.2,44.0,48.6,39.4,0.246,3.46,0.0975,3.4,2.76,4.05,0.0719,2.46,1.94,0.0379,0.161,0.269,39.7,28.0,92,27,200,1.9,4.3,2.4,3.0,3.2,2.7,2.6,3.3,2.4,3.2,3.3,5.3,1.9,4.6,44.1,0.00287,0.187,11.0,0.0,0.0,17.5
34.1,36.0,32.2,50.9,49.6,52.2,33.0,31.2,34.8,43.9,38.0,49.8,0.27,3.63,0.102,3.61,2.94,4.23,0.0789,2.62,2.05,0.0387,0.168,0.285,39.7,28.0,97,27,200,1.8,4.9,2.8,2.4,2.7,2.4,3.0,2.6,2.5,2.8,3.0,4.6,1.5,4.4,41.4,0.00353,0.185,12.7,0.0,0.0,20.1
34.9,33.0,36.8,49.8,53.4,46.2,33.4,32.2,34.6,44.0,39.2,48.8,0.284,3.77,0.106,3.79,3.09,4.45,0.0834,2.76,2.17,0.0368,0.172,0.305,39.7,28.0,95,27,200,1.7,6.3,3.3,2.3,1.8,2.1,2.4,3.1,3.1,2.1,3.0,5.8,1.9,3.9,42.8,0.00366,0.183,12.0,0.0,0.0,17.0
47.9,47.4,48.4,54.9,52.4,57.4,54.2,55.6,52.8,49.3,53.6,45.0,0.264,3.44,0.101,3.35,2.8,4.07,0.0721,2.48,1.93,0.0369,0.158,0.265,58.9,45.0,150,44,200,41.3,4.67,4.0,2.67,2.0,2.67,5.0,2.33,1.67,3.33,2.33,6.33,2.33,3.67,84.3,0.00339,0.194,0.0,0.0,0.0,0.0
33.3,30.8,35.8,56.4,64.6,48.2,52.9,55.4,50.4,49.5,43.4,55.6,0.267,3.39,0.0978,3.3,2.81,4.0,0.0781,2.41,1.87,0.0378,0.897,0.263,54.5,42.0,140,40,200,27.9,5.38,2.88,2.63,2.63,2.75,3.38,3.5,1.75,2.88,2.25,5.0,2.0,4.0,68.9,0.00271,0.193,0.0,0.0,0.0,0.0
34.3,34.0,34.6,56.8,54.6,59.0,37.6,36.4,38.8,49.1,57.6,40.6,0.265,3.41,0.101,3.33,2.84,4.03,0.0793,2.41,1.95,0.0368,0.898,0.265,52.5,39.0,120,31,200,10.7,6.5,2.4,2.3,3.2,2.8,3.0,3.4,2.0,2.6,2.6,5.3,2.1,4.1,53.0,0.00207,0.21,15.9,0.0,0.0,25.1
33.4,31.0,35.8,55.3,52.8,57.8,32.6,34.4,30.8,49.3,48.6,50.0,0.256,3.41,0.0975,3.25,2.82,4.02,0.0763,2.46,1.89,0.0388,0.898,0.262,50.7,37.0,120,30,200,1.9,6.5,2.6,1.9,3.5,3.0,3.1,2.4,1.9,3.1,3.0,6.1,2.0,3.9,44.9,0.00354,0.191,21.5,0.0,0.0,32.7
34.4,35.8,33.0,58.5,61.2,55.8,35.6,39.8,31.4,48.7,44.6,52.8,0.251,3.4,0.0983,3.29,2.85,4.04,0.0761,2.47,1.94,0.0378,0.898,0.262,48.3,36.0,95,29,200,1.9,5.3,2.6,2.2,3.3,2.9,2.7,2.2,2.7,3.1,3.8,5.7,1.8,3.2,43.4,0.00452,0.202,25.1,0.0,0.0,40.9
34.7,34.6,34.8,55.7,56.6,54.8,34.8,37.2,32.4,48.0,47.8,48.2,0.257,3.4,0.0999,3.33,2.86,4.06,0.0781,2.5,1.97,0.0366,0.899,0.264,48.3,35.0,100,30,200,1.7,4.7,2.9,2.1,3.3,2.8,2.7,2.0,3.1,2.9,4.2,5.9,2.4,3.9,44.6,0.00391,0.197,15.7,0.0,0.0,23.9
35.8,35.8,35.8,56.1,60.8,51.4,34.7,33.8,35.6,48.4,44.2,52.6,0.259,3.38,0.103,3.24,2.86,4.09,0.0806,2.47,1.98,0.0377,0.895,0.266,47.9,35.0,120,31,200,2.2,6.1,2.8,1.4,3.6,2.9,2.8,1.9,1.6,2.7,3.6,5.6,2.2,4.7,44.1,0.00391,0.207,16.3,0.0,0.0,22.3
34.3,35.4,33.2,56.5,56.6,56.4,33.5,33.8,33.2,48.4,46.2,50.6,0.266,3.4,0.102,3.23,2.88,4.01,0.0847,2.53,2.01,0.0366,0.897,0.275,46.9,34.0,96,29,200,1.9,6.0,3.0,2.0,3.0,2.6,3.4,3.1,1.5,2.8,3.3,5.8,1.7,4.3,44.4,0.00537,0.197,17.2,0.0,0.0,23.6
34.3,34.8,33.8,56.5,57.2,55.8,34.8,30.6,39.0,50.3,47.2,53.4,0.276,3.44,0.104,3.25,2.85,3.9,0.0873,2.51,1.99,0.0376,0.898,0.275,46.8,34.0,99,29,200,1.3,5.1,2.7,3.2,2.5,2.7,2.6,3.1,1.9,3.6,3.0,6.0,1.7,4.4,43.8,0.0031,0.212,16.4,0.0,0.0,21.7
36.6,36.2,37.0,54.7,51.4,58.0,35.4,37.8,33.0,49.5,44.8,54.2,0.276,3.51,0.103,3.2,2.87,3.97,0.0873,2.49,2.06,0.0377,0.898,0.269,46.1,34.0,100,33,200,2.0,5.0,2.1,2.6,3.2,3.0,1.7,2.2,2.9,2.9,2.6,5.8,1.9,3.9,41.8,0.00212,0.197,16.9,0.0,0.0,23.8
34.9,37.2,32.6,54.4,57.2,51.6,36.4,36.2,36.6,48.3,50.8,45.8,0.281,3.48,0.106,3.21,2.87,3.91,0.0913,2.55,2.06,0.0377,0.898,0.27,45.2,33.0,84,28,200,1.9,5.0,2.7,2.1,3.5,2.3,2.9,2.8,4.4,2.7,2.4,6.8,2.2,3.8,45.5,0.00367,0.205,16.5,0.0,0.0,21.8
33.4,29.8,37.0,57.3,57.8,56.8,33.8,37.6,30.0,48.7,40.4,57.0,0.287,3.42,0.105,3.24,2.88,3.94,0.0859,2.59,2.07,0.0377,0.897,0.273,44.6,33.0,84,26,200,1.1,5.8,2.6,3.0,3.2,2.1,3.1,3.0,4.0,2.5,2.3,6.9,2.5,4.5,46.6,0.00437,0.19,17.2,0.0,0.0,23.2
34.0,36.0,32.0,54.4,58.6,50.2,36.1,32.6,39.6,48.4,48.0,48.8,0.295,3.45,0.108,3.22,2.85,3.92,0.0883,2.57,2.1,0.0368,0.898,0.284,44.2,32.0,88,28,200,1.3,5.3,2.5,4.1,2.8,2.5,2.4,2.9,4.0,1.9,2.2,5.8,2.5,3.9,44.1,0.00361,0.186,15.1,0.0,0.0,21.7
34.8,37.8,31.8,52.9,45.0,60.8,35.3,37.4,33.2,50.9,49.4,52.4,0.305,3.41,0.111,3.23,2.92,3.9,0.0941,2.64,2.13,0.0377,0.897,0.28,44.5,32.0,120,29,200,2.0,5.7,2.1,4.0,2.7,2.6,3.0,3.0,4.4,1.5,2.0,6.1,2.7,3.2,45.0,0.00427,0.175,16.8,0.0,0.0,22.0
37.3,32.8,41.8,52.9,57.2,48.6,37.6,35.0,40.2,50.1,46.3,53.9,0.302,3.49,0.109,3.27,2.92,3.94,0.0926,2.63,2.14,0.0367,0.9,0.282,44.5,32.0,110,32,200,2.2,6.2,2.4,3.2,3.1,2.6,3.2,3.0,3.8,1.7,2.3,7.2,2.8,3.9,47.6,0.00505,0.186,16.6,0.0,0.0,22.4
35.0,31.4,38.6,54.2,58.4,50.0,34.7,31.8,37.6,47.7,47.8,47.6,0.308,3.57,0.109,3.25,2.92,3.96,0.0927,2.64,2.13,0.0386,0.9,0.281,44.4,32.0,110,28,200,2.1,6.3,2.8,2.9,3.2,2.8,2.6,2.7,2.5,2.7,2.3,6.4,2.5,5.1,46.9,0.00358,0.17,17.3,0.0,0.0,24.3
33.9,31.6,36.2,55.8,58.4,53.2,35.3,34.2,36.4,50.8,43.7,57.9,0.301,3.56,0.11,3.28,2.99,4.0,0.0901,2.63,2.14,0.0367,0.901,0.289,43.9,31.0,94,27,200,1.9,6.6,3.0,2.3,3.7,3.1,2.1,2.7,2.3,2.8,2.0,6.1,2.3,4.9,45.8,0.00288,0.184,18.3,0.0,0.0,23.2
33.3,33.8,32.8,55.4,58.2,52.6,34.5,38.0,31.0,48.8,43.8,53.8,0.322,3.72,0.114,3.45,3.15,4.2,0.0951,2.75,2.21,0.0374,0.905,0.304,43.6,31.0,85,27,200,2.4,5.2,3.4,2.2,3.2,2.9,2.3,2.9,3.6,2.1,2.4,6.1,1.5,3.4,43.6,0.00217,0.186,16.4,0.0,0.0,21.8
34.9,34.6,35.2,53.2,59.8,46.6,35.2,36.4,34.0,48.3,46.4,50.2,0.341,3.87,0.119,3.63,3.27,4.38,0.1,2.87,2.34,0.0385,0.913,0.316,43.7,31.0,98,31,200,2.7,5.0,2.2,2.2,2.2,2.6,3.6,2.6,3.3,2.2,3.1,5.0,1.7,3.5,41.9,0.00292,0.191,17.7,0.0,0.0,23.2
33.8,34.6,33.0,60.2,58.6,61.8,31.8,29.6,34.0,54.4,58.6,50.2,0.305,3.48,0.109,3.25,2.98,3.96,0.0891,2.57,2.06,0.0383,0.16,0.286,49.7,36.0,120,35,200,30.7,5.43,3.29,3.29,1.57,2.57,2.86,3.71,2.43,3.57,3.0,7.14,1.57,3.86,75.0,0.00353,0.179,11.9,0.0,0.0,0.0
33.5,36.0,31.0,60.5,64.8,56.2,33.2,36.0,30.4,53.4,54.8,52.0,0.298,3.48,0.107,3.18,3.0,3.93,0.087,2.54,2.05,0.0376,0.159,0.281,47.4,36.0,90,31,200,15.8,5.7,3.2,2.7,2.3,2.1,2.8,3.3,3.4,3.5,3.4,7.1,2.0,4.1,61.4,0.00289,0.196,16.2,0.0,0.0,0.0
34.3,35.4,33.2,60.1,60.6,59.6,33.9,37.8,30.0,54.8,61.6,48.0,0.296,3.51,0.106,3.2,3.01,3.84,0.0836,2.53,2.05,0.0374,0.16,0.279,45.8,34.0,91,29,200,1.2,5.5,3.5,2.7,2.4,1.8,3.5,2.6,3.5,2.2,2.7,5.8,1.3,4.2,42.9,0.00212,0.187,24.6,0.0,0.0,0.0
32.4,33.4,31.4,60.0,61.6,58.4,35.9,37.6,34.2,54.6,50.6,58.6,0.292,3.47,0.107,3.16,2.97,3.89,0.0829,2.54,2.01,0.0374,0.157,0.273,47.2,34.0,120,29,200,2.2,4.8,3.5,2.7,2.0,2.4,3.3,1.8,3.5,3.1,2.8,5.6,1.5,4.5,43.7,0.00302,0.195,20.5,0.0,0.0,45.7
33.9,36.0,31.8,61.7,63.8,59.6,33.3,35.4,31.2,55.0,57.8,52.2,0.287,3.51,0.106,3.17,3.0,3.89,0.0786,2.54,2.06,0.0372,0.158,0.279,46.2,34.0,120,33,200,2.8,5.3,2.2,2.4,2.4,2.4,2.4,1.7,3.3,3.5,2.5,4.8,1.9,4.6,42.2,0.00315,0.193,22.6,0.0,0.0,54.9
32.2,35.8,28.6,60.4,61.0,59.8,36.1,33.0,39.2,54.9,53.0,56.8,0.292,3.49,0.107,3.17,2.92,3.79,0.0788,2.53,2.03,0.0383,0.158,0.279,47.0,34.0,120,33,200,2.2,5.3,1.9,3.1,2.9,2.2,3.0,2.1,2.9,3.0,1.8,6.0,1.8,4.3,42.5,0.00341,0.21,21.6,0.0,0.0,64.5
32.4,34.0,30.8,59.5,60.6,58.4,32.8,32.2,33.4,54.3,47.7,60.8,0.287,3.49,0.104,3.17,2.98,3.84,0.0773,2.53,2.0,0.0382,0.157,0.28,46.4,34.0,120,33,200,2.1,5.7,2.7,3.2,2.6,2.7,3.0,2.4,2.5,2.5,2.5,6.9,1.8,3.8,44.4,0.00399,0.185,20.9,0.0,0.0,27.2
34.2,33.2,35.2,61.4,66.4,56.4,35.1,36.6,33.6,56.1,48.0,64.2,0.283,3.49,0.104,3.1,2.97,3.79,0.0793,2.5,2.01,0.0382,0.158,0.279,46.0,33.0,110,30,200,1.9,7.3,2.4,3.2,1.7,3.0,2.9,3.0,2.0,2.3,2.7,6.0,1.8,3.4,43.6,0.00468,0.197,21.0,0.0,0.0,26.8
33.8,35.0,32.6,60.0,56.6,63.4,34.4,33.0,35.8,54.4,51.2,57.6,0.273,3.51,0.103,3.1,3.0,3.75,0.0787,2.52,2.0,0.0379,0.157,0.275,45.6,33.0,110,30,200,2.2,6.4,2.6,2.7,1.5,2.0,3.3,3.6,2.5,2.7,2.2,6.0,2.4,3.5,43.6,0.0041,0.192,19.6,0.0,0.0,27.2
35.6,35.0,36.2,59.1,63.4,54.8,34.9,32.0,37.8,55.6,59.4,51.8,0.272,3.51,0.102,3.12,2.99,3.75,0.0777,2.52,2.03,0.0371,0.159,0.28,45.5,33.0,110,31,200,1.9,5.3,2.9,2.7,1.9,1.7,3.4,3.8,2.8,2.7,3.0,6.1,2.0,2.9,43.1,0.00478,0.196,21.4,0.0,0.0,28.6
34.1,34.2,34.0,62.7,60.8,64.6,33.6,33.0,34.2,53.5,49.4,57.6,0.276,3.44,0.105,3.05,2.95,3.72,0.0774,2.54,2.03,0.0371,0.155,0.281,45.1,33.0,94,32,200,1.8,5.3,2.6,3.4,2.3,2.5,3.3,3.4,3.2,2.7,3.5,6.8,2.0,1.9,44.7,0.00435,0.183,20.3,0.0,0.0,26.4
32.5,33.6,31.4,56.7,63.2,50.2,35.9,37.2,34.6,52.8,60.5,45.1,0.269,3.34,0.104,3.07,2.98,3.69,0.0772,2.57,2.08,0.0361,0.157,0.276,45.3,33.0,100,34,200,2.1,5.6,2.7,3.0,2.1,2.5,3.3,3.3,3.3,2.5,3.4,7.1,2.7,2.3,45.9,0.00447,0.199,21.6,0.0,0.0,28.8
34.2,35.8,32.6,59.7,60.4,59.0,33.3,34.0,32.6,55.5,57.3,53.7,0.284,3.33,0.105,3.01,2.94,3.67,0.08,2.55,2.04,0.0378,0.157,0.278,44.8,33.0,99,32,200,1.5,5.8,2.5,3.0,2.1,2.5,2.8,3.1,2.2,3.6,3.4,6.1,2.7,3.5,44.8,0.00441,0.184,18.8,0.0,0.0,27.8
32.5,33.2,31.8,60.8,61.0,60.6,33.6,30.8,36.4,55.4,54.2,56.6,0.27,3.36,0.101,3.01,2.92,3.66,0.0785,2.58,2.1,0.0361,0.157,0.277,44.9,33.0,110,29,200,1.3,4.8,2.9,2.9,2.9,3.0,2.3,1.9,2.5,3.4,2.9,5.3,2.2,4.0,42.3,0.00357,0.199,20.5,0.0,0.0,28.1
35.9,38.4,33.4,61.8,63.2,60.4,35.7,35.4,36.0,51.3,46.6,56.0,0.277,3.41,0.104,2.99,2.96,3.65,0.0777,2.59,2.07,0.0368,0.156,0.282,45.0,33.0,120,33,200,1.5,5.4,3.3,2.8,2.3,2.9,2.9,1.5,3.6,2.0,2.4,5.3,1.8,3.7,41.4,0.00326,0.19,21.7,0.0,0.0,26.8
33.3,33.8,32.8,58.6,60.6,56.6,37.3,37.6,37.0,53.1,58.4,47.8,0.28,3.41,0.102,3.03,2.94,3.6,0.0794,2.62,2.09,0.0369,0.157,0.281,44.8,33.0,100,32,200,1.8,6.1,3.2,2.3,2.1,2.4,3.2,2.3,3.4,2.4,2.9,5.6,2.4,3.3,43.4,0.0027,0.202,23.0,0.0,0.0,26.5
33.9,31.2,36.6,61.3,62.2,60.4,33.4,30.6,36.2,54.6,65.2,44.0,0.296,3.52,0.107,3.19,3.11,3.77,0.083,2.72,2.21,0.0369,0.162,0.299,44.6,33.0,94,33,200,2.5,5.1,3.1,2.6,2.6,2.5,2.7,2.1,2.9,3.2,2.7,4.9,2.4,3.3,42.6,0.00199,0.189,21.4,0.0,0.0,28.0
31.6,33.0,30.2,61.0,58.8,63.2,36.6,35.2,38.0,52.7,57.2,48.2,0.313,3.71,0.109,3.35,3.27,3.96,0.0864,2.89,2.31,0.0369,0.167,0.312,44.8,33.0,100,33,200,2.4,4.6,2.5,3.0,4.1,3.2,2.0,2.4,2.4,3.1,2.5,5.0,1.9,3.5,42.6,0.00278,0.204,21.1,0.0,0.0,25.2
33.8,34.4,33.2,39.4,40.2,38.6,31.8,31.8,31.8,44.7,41.1,48.3,0.32,3.91,0.113,3.51,3.39,4.15,0.09,2.99,2.45,0.0369,0.171,0.327,44.8,33.0,120,34,200,2.4,4.9,2.7,3.6,3.8,3.3,1.9,2.9,2.0,2.4,2.7,5.7,1.7,3.3,43.3,0.00325,0.19,18.9,0.0,0.0,24.9
36.9,38.4,35.4,47.9,46.0,49.8,41.1,41.4,40.8,32.0,33.4,30.6,0.307,3.67,0.108,3.26,3.0,3.84,0.0842,2.74,2.23,0.0382,0.161,0.296,68.9,56.0,170,55,300,53.3,10.5,5.67,5.33,4.5,4.17,3.83,4.33,5.33,6.0,5.83,10.5,3.83,5.0,128.0,0.00472,0.177,0.0,0.0,0.0,0.0
40.2,39.4,41.0,47.0,49.2,44.8,40.7,41.8,39.6,36.6,41.2,32.0,0.313,3.73,0.109,3.35,3.11,3.95,0.0879,2.79,2.25,0.0373,0.165,0.307,60.8,44.0,140,33,300,32.5,11.0,4.4,4.7,3.9,3.9,3.7,5.6,5.0,5.6,4.8,9.6,3.5,6.8,105.0,0.00275,0.193,0.0,0.0,0.0,8.38
41.2,42.6,39.8,49.3,49.4,49.2,37.2,36.8,37.6,32.1,35.8,28.4,0.312,3.76,0.109,3.39,3.21,4.18,0.0884,2.83,2.31,0.0373,0.165,0.31,57.3,40.0,110,29,300,2.4,10.1,2.6,4.6,3.6,3.2,3.4,5.2,3.6,3.8,3.5,7.1,2.6,6.5,62.2,0.00414,0.192,0.0,0.0,0.0,11.8
42.9,43.8,42.0,48.7,47.8,49.6,41.0,38.0,44.0,34.4,41.1,27.7,0.318,3.84,0.114,3.49,3.21,4.25,0.0902,2.86,2.36,0.0373,0.17,0.316,54.3,39.0,100,30,300,2.5,9.9,3.8,5.2,4.5,3.8,3.2,4.8,3.6,3.3,3.7,7.1,2.2,5.3,62.9,0.00279,0.201,6.8,0.0,0.0,15.0
43.6,42.4,44.8,49.5,47.4,51.6,40.5,40.0,41.0,35.2,34.1,36.3,0.317,3.97,0.113,3.63,3.4,4.51,0.0907,2.95,2.47,0.0375,0.172,0.327,51.2,36.0,83,28,300,3.3,8.5,5.1,4.7,3.6,3.9,2.9,4.9,3.5,3.9,3.8,8.7,2.3,6.5,65.6,0.00197,0.194,8.15,0.0,0.0,9.01
41.9,44.0,39.8,47.5,49.6,45.4,41.4,39.4,43.4,33.0,28.6,37.4,0.318,4.02,0.116,3.65,3.48,4.66,0.0919,3.08,2.53,0.0367,0.171,0.329,49.6,36.0,82,28,300,2.7,7.9,4.6,4.7,3.7,4.1,3.8,3.7,4.0,4.3,4.2,10.5,2.5,6.7,67.4,0.00289,0.211,9.51,0.0,0.0,9.79
41.1,40.4,41.8,50.5,49.8,51.2,39.5,41.0,38.0,37.5,28.2,46.8,0.34,4.11,0.12,3.76,3.53,4.81,0.0955,3.08,2.53,0.0386,0.175,0.335,48.3,35.0,84,30,300,2.5,9.0,4.1,3.8,4.8,4.5,3.8,4.1,4.3,3.3,4.4,9.7,3.0,6.0,67.3,0.00422,0.193,2.71,0.0,0.0,9.2
41.3,40.6,42.0,45.7,46.6,44.8,41.7,43.2,40.2,33.4,34.8,32.0,0.348,4.21,0.12,3.85,3.6,4.88,0.0977,3.1,2.6,0.0386,0.18,0.344,47.3,34.0,92,28,300,3.1,7.9,4.2,3.3,4.8,4.8,4.1,3.6,3.8,3.3,3.9,8.5,3.8,6.6,65.7,0.00352,0.199,4.23,0.0,0.0,9.45
38.1,38.8,37.4,50.8,51.0,50.6,57.6,50.0,65.2,33.4,35.6,31.2,0.357,4.34,0.122,3.92,3.65,5.02,0.1,3.17,2.63,0.0378,0.67,0.347,46.2,33.0,90,27,300,3.6,6.6,3.7,3.7,4.7,5.5,4.5,2.7,4.4,3.6,3.2,9.0,3.6,6.6,65.4,0.00352,0.198,2.87,0.0,0.0,8.41
39.1,43.4,34.8,45.3,44.8,45.8,41.3,38.4,44.2,36.0,32.4,39.6,0.351,4.4,0.123,4.0,3.72,5.13,0.103,3.23,2.73,0.0369,0.872,0.358,45.9,33.0,93,27,300,3.2,7.5,4.2,4.3,3.5,5.2,3.8,4.4,5.1,3.1,4.1,9.4,3.1,5.5,66.4,0.00428,0.205,5.69,0.0,0.0,7.38
37.6,40.8,34.4,51.3,51.4,51.2,40.2,42.2,38.2,32.8,25.8,39.8,0.361,4.46,0.128,4.12,3.81,5.21,0.103,3.33,2.75,0.0378,0.872,0.364,45.2,32.0,91,28,300,2.1,8.2,4.3,4.6,3.0,4.1,4.1,4.9,3.9,2.5,4.7,9.4,2.9,6.0,64.7,0.00344,0.185,4.32,0.0,0.0,9.48
38.5,36.6,40.4,49.5,48.4,50.6,41.9,38.8,45.0,36.2,40.4,32.0,0.367,4.6,0.128,4.21,3.9,5.33,0.106,3.42,2.86,0.0368,0.876,0.365,44.9,32.0,96,28,300,1.9,9.9,3.3,4.8,3.5,4.5,4.4,4.0,3.2,3.2,4.2,8.8,2.6,7.5,65.8,0.00267,0.205,5.82,0.0,0.0,8.58
40.5,41.6,39.4,49.0,49.8,48.2,40.9,41.6,40.2,32.0,26.0,38.0,0.367,4.69,0.129,4.33,3.96,5.42,0.105,3.46,2.89,0.0377,0.881,0.372,44.0,32.0,86,26,300,2.2,8.9,3.6,4.5,2.7,4.7,4.0,3.9,4.3,4.5,3.4,8.2,2.6,6.7,64.2,0.00274,0.197,3.0,0.0,0.0,10.0
40.0,41.0,39.0,50.8,51.6,50.0,41.6,41.6,41.6,33.5,37.2,29.8,0.379,4.75,0.132,4.37,4.04,5.55,0.108,3.6,2.92,0.0386,0.881,0.379,43.6,31.0,79,27,300,2.7,8.1,4.6,4.0,3.3,4.6,4.4,4.2,4.2,4.2,3.3,9.7,3.5,7.0,67.8,0.00334,0.201,4.08,0.0,0.0,8.32
36.6,35.0,38.2,46.3,44.6,48.0,38.5,42.0,35.0,37.6,35.8,39.4,0.389,4.82,0.133,4.5,4.1,5.68,0.11,3.65,3.08,0.0377,0.886,0.388,43.4,31.0,92,31,300,3.0,8.9,4.5,3.9,4.0,4.8,4.1,4.5,3.2,4.6,4.3,8.8,3.4,6.5,68.5,0.00317,0.189,3.95,0.0,0.0,9.58
38.2,40.0,36.4,47.2,45.8,48.6,40.4,41.0,39.8,32.5,29.4,35.6,0.392,4.9,0.134,4.65,4.17,5.8,0.111,3.74,3.08,0.0378,0.887,0.398,42.9,31.0,88,29,300,2.8,9.0,4.7,3.5,4.0,4.4,3.6,4.4,4.4,4.9,4.4,7.9,2.4,4.7,65.1,0.00397,0.212,4.68,0.0,0.0,8.31
40.0,38.0,42.0,48.9,49.0,48.8,39.7,41.6,37.8,35.8,39.0,32.6,0.422,5.11,0.142,4.83,4.38,6.01,0.119,3.91,3.26,0.0376,0.895,0.417,42.7,31.0,89,28,300,3.0,10.0,4.0,3.9,4.1,3.7,3.7,3.7,5.6,4.1,4.1,9.2,2.5,5.5,67.1,0.0034,0.201,3.55,0.0,0.0,8.69
36.8,39.0,34.6,47.2,47.8,46.6,41.5,40.8,42.2,33.5,38.0,29.0,0.444,5.42,0.147,5.1,4.6,6.35,0.126,4.1,3.46,0.0387,0.904,0.438,42.7,31.0,96,30,300,3.1,8.9,3.8,4.3,3.5,3.6,3.5,3.5,4.3,5.1,5.3,9.6,3.4,6.1,68.0,0.00419,0.196,3.48,0.0,0.0,9.09
39.1,38.6,39.6,41.1,39.6,42.6,39.4,41.0,37.8,31.5,26.6,36.4,0.464,5.62,0.153,5.35,4.87,6.65,0.13,4.29,3.62,0.0379,0.912,0.466,42.2,31.0,92,26,300,2.5,7.9,4.3,3.5,4.0,4.1,3.4,4.1,3.2,5.0,4.8,8.5,2.7,5.1,63.1,0.0036,0.192,3.8,0.0,0.0,9.85
39.2,43.2,35.2,49.8,51.4,48.2,45.6,46.0,45.2,39.9,38.0,41.8,0.426,5.01,0.135,4.57,4.18,5.66,0.115,3.85,3.24,0.0363,0.891,0.391,82.0,63.0,210,65,300,63.0,11.0,6.0,5.0,5.8,5.8,4.6,4.2,3.2,6.4,5.6,11.0,4.4,7.4,143.0,0.0034,0.172,0.0,0.0,0.0,0.0
39.3,36.2,42.4,50.5,48.4,52.6,40.3,40.2,40.4,39.4,41.0,37.8,0.418,4.98,0.137,4.54,4.07,5.5,0.113,3.81,3.13,0.037,0.891,0.393,69.3,50.0,210,50,300,32.1,8.6,4.4,3.8,4.9,5.1,3.9,4.0,3.6,4.8,4.7,8.9,2.9,5.7,97.4,0.00335,0.178,0.0,0.0,0.0,0.0
37.6,38.6,36.6,52.6,52.4,52.8,39.3,41.2,37.4,38.7,34.4,43.0,0.427,4.99,0.134,4.57,4.12,5.44,0.113,3.74,3.1,0.038,0.893,0.389,62.8,45.0,85,29,300,2.4,8.7,3.3,2.8,4.5,2.9,3.8,3.6,4.3,3.8,4.3,7.5,2.2,5.8,59.9,0.00321,0.192,9.08,0.0,0.0,0.0
42.0,43.0,41.0,50.4,52.8,48.0,41.3,43.6,39.0,40.0,35.2,44.8,0.404,4.91,0.131,4.55,4.1,5.41,0.111,3.79,3.16,0.0371,0.892,0.387,58.3,41.0,87,28,300,2.9,8.8,4.0,2.9,4.7,3.4,3.8,3.7,3.8,4.4,4.6,8.1,2.3,7.4,64.8,0.00405,0.205,10.5,0.0,0.0,21.9
36.4,37.0,35.8,49.4,48.2,50.6,40.4,39.2,41.6,39.8,40.0,39.6,0.397,5.02,0.13,4.48,4.14,5.41,0.108,3.8,3.11,0.0371,0.89,0.383,55.6,39.0,83,28,300,2.5,7.7,4.5,3.3,3.9,4.3,3.7,3.5,3.9,4.8,4.8,8.6,2.3,6.4,64.2,0.00343,0.188,13.2,0.0,0.0,26.0
39.1,42.4,35.8,53.6,56.2,51.0,38.1,41.4,34.8,38.3,45.0,31.6,0.391,4.98,0.128,4.46,4.08,5.36,0.107,3.74,3.15,0.038,0.4,0.383,53.2,36.0,96,29,300,2.2,8.9,3.8,3.9,3.5,3.8,4.2,4.0,4.2,5.0,4.4,8.4,2.7,6.5,65.5,0.00343,0.193,7.45,0.0,0.0,29.8
39.9,38.8,41.0,54.9,55.0,54.8,40.5,39.4,41.6,37.9,32.8,43.0,0.395,5.04,0.129,4.51,4.19,5.38,0.105,3.77,3.13,0.0381,0.199,0.379,51.9,35.0,100,29,300,2.1,7.7,4.1,3.4,3.5,5.0,4.3,3.9,3.8,4.6,3.7,7.9,2.6,7.7,64.3,0.00408,0.187,8.31,0.0,0.0,11.9
40.0,38.2,41.8,53.5,53.0,54.0,42.9,39.6,46.2,36.8,45.8,27.8,0.403,5.05,0.131,4.52,4.18,5.39,0.108,3.77,3.17,0.038,0.203,0.387,50.6,35.0,94,30,300,2.3,7.9,4.9,3.3,3.9,5.3,4.7,3.9,4.1,4.4,4.1,9.3,3.2,6.4,67.7,0.00281,0.189,8.18,0.0,0.0,11.9
38.8,41.6,36.0,55.2,56.0,54.4,37.3,35.4,39.2,39.7,40.2,39.2,0.397,4.98,0.129,4.47,4.18,5.33,0.107,3.72,3.12,0.0372,0.203,0.384,49.6,34.0,93,31,300,2.9,8.8,4.4,3.5,4.5,4.0,4.0,4.7,4.6,4.4,3.9,8.8,3.1,5.0,66.6,0.00318,0.178,7.05,0.0,0.0,13.7
41.9,42.4,41.4,54.0,52.8,55.2,40.3,40.6,40.0,39.0,43.8,34.2,0.406,4.96,0.131,4.44,4.21,5.39,0.112,3.73,3.15,0.0362,0.201,0.39,48.6,34.0,88,29,300,4.0,8.7,4.3,3.2,4.0,3.6,3.7,4.0,4.8,5.1,4.1,7.2,2.7,6.1,65.5,0.0026,0.192,8.41,0.0,0.0,14.0
39.7,41.2,38.2,52.7,54.8,50.6,39.2,38.6,39.8,39.7,35.0,44.4,0.399,5.05,0.133,4.45,4.25,5.43,0.11,3.73,3.19,0.0361,0.201,0.39,48.4,34.0,95,31,300,4.0,7.6,5.3,2.9,3.5,5.2,4.5,3.6,4.4,5.2,5.7,10.1,3.5,6.1,71.6,0.00392,0.186,8.03,0.0,0.0,15.4
42.1,43.2,41.0,51.4,49.0,53.8,42.2,41.8,42.6,39.5,41.6,37.4,0.396,5.0,0.135,4.36,4.28,5.4,0.112,3.74,3.07,0.0371,0.201,0.396,47.8,33.0,96,32,300,3.3,7.2,4.7,2.9,3.4,5.3,4.3,3.6,3.8,4.3,5.8,10.7,3.3,6.2,68.8,0.00338,0.196,9.21,0.0,0.0,14.1
40.6,39.6,41.6,47.9,41.6,54.2,39.1,40.2,38.0,39.5,43.4,35.6,0.41,5.06,0.135,4.33,4.35,5.44,0.113,3.75,3.16,0.0379,0.204,0.392,47.4,33.0,100,30,300,3.5,9.0,3.1,3.4,3.7,3.7,4.5,4.2,3.7,3.7,4.7,8.6,2.8,6.9,65.5,0.00338,0.19,7.01,0.0,0.0,14.8
42.1,41.0,43.2,51.1,49.2,53.0,39.9,37.6,42.2,39.0,35.0,43.0,0.403,5.05,0.134,4.34,4.39,5.57,0.111,3.72,3.1,0.037,0.202,0.393,47.1,33.0,110,29,300,3.3,9.4,3.5,4.2,3.8,3.8,5.4,3.8,4.2,3.0,4.3,8.7,3.2,6.6,67.2,0.0037,0.187,8.79,0.0,0.0,13.8
43.1,41.0,45.2,47.6,48.8,46.4,39.0,39.8,38.2,39.6,42.8,36.4,0.409,4.98,0.137,4.29,4.42,5.6,0.111,3.68,3.04,0.036,0.203,0.397,46.5,32.0,100,29,300,3.2,9.1,4.7,3.8,3.9,3.4,4.8,3.2,4.2,3.4,3.1,8.0,3.3,6.6,64.7,0.00422,0.188,8.16,0.0,0.0,13.6
42.5,45.2,39.8,50.8,49.4,52.2,40.8,42.2,39.4,39.5,31.6,47.4,0.408,5.07,0.136,4.29,4.41,5.6,0.112,3.68,3.05,0.0368,0.205,0.39,46.0,32.0,93,28,300,3.1,8.5,5.6,3.7,4.4,3.3,3.4,4.0,4.6,3.8,3.6,8.3,2.6,5.7,64.6,0.0029,0.193,8.11,0.0,0.0,12.7
43.3,42.0,44.6,49.1,50.2,48.0,39.3,41.0,37.6,39.5,29.6,49.4,0.407,5.13,0.139,4.34,4.68,5.98,0.116,3.74,3.09,0.0361,0.207,0.412,45.7,32.0,87,30,300,2.8,8.9,4.5,4.0,4.1,4.3,3.4,4.3,5.6,3.4,4.1,8.7,2.0,6.0,66.1,0.00418,0.179,7.52,0.0,0.0,12.2
40.1,40.0,40.2,48.6,50.8,46.4,37.9,41.2,34.6,39.3,42.8,35.8,0.428,5.37,0.144,4.62,4.92,6.29,0.122,3.9,3.23,0.037,0.216,0.432,45.2,32.0,87,31,300,3.2,10.1,3.9,3.9,3.7,4.5,3.5,4.0,4.7,3.5,3.6,7.9,2.1,6.6,65.2,0.00418,0.184,7.48,0.0,0.0,12.9
40.0,40.4,39.6,47.5,50.0,45.0,40.6,40.8,40.4,41.2,36.4,46.0,0.455,5.63,0.15,4.83,5.18,6.61,0.128,4.09,3.41,0.0379,0.221,0.457,44.6,32.0,78,27,300,2.5,8.5,4.9,4.7,3.7,4.9,3.3,4.0,3.1,3.9,3.9,8.1,2.6,5.9,64.0,0.00374,0.192,8.92,0.0,0.0,13.8
45.6,47.6,43.6,53.0,56.2,49.8,55.2,55.4,55.0,43.1,42.2,44.0,0.38,5.13,0.135,4.26,4.53,5.79,0.11,3.57,2.93,0.0362,0.204,0.389,111.0,100.0,250,100,300,65.5,7.5,4.5,5.5,7.75,6.5,5.0,5.0,4.25,5.0,6.0,9.0,3.25,6.75,142.0,0.00564,0.182,0.0,0.0,0.0,0.0
36.4,38.0,34.8,51.7,54.4,49.0,36.8,38.6,35.0,44.1,51.6,36.6,0.391,4.92,0.132,4.23,4.51,5.77,0.111,3.56,2.9,0.0362,0.201,0.383,90.8,73.0,240,79,300,35.4,7.44,3.89,4.0,5.56,4.22,5.11,5.22,3.44,4.44,3.89,6.56,2.0,6.44,97.7,0.00274,0.193,0.0,0.0,0.0,0.0
37.1,35.4,38.8,57.6,55.8,59.4,38.6,40.8,36.4,43.5,40.8,46.2,0.396,4.91,0.135,4.25,4.54,5.74,0.11,3.54,2.84,0.0371,0.203,0.395,78.4,54.0,92,26,300,6.9,8.7,3.7,3.5,4.6,3.6,5.0,4.5,3.6,3.6,3.8,5.9,1.7,4.8,63.9,0.00287,0.184,0.0,0.0,0.0,22.1
39.2,39.2,39.2,55.0,58.2,51.8,41.9,38.8,45.0,48.8,48.6,49.0,0.394,4.97,0.134,4.22,4.41,5.71,0.11,3.53,2.85,0.0361,0.206,0.389,70.3,45.0,95,27,300,2.5,9.1,4.1,3.9,4.1,4.4,4.2,3.9,4.7,3.7,3.7,8.6,3.2,5.5,65.6,0.00344,0.208,0.0,0.0,0.0,26.7
40.1,37.0,43.2,52.8,55.8,49.8,39.8,40.6,39.0,45.5,53.0,38.0,0.389,4.94,0.131,4.21,4.47,5.71,0.109,3.48,2.8,0.0372,0.208,0.386,65.7,40.0,98,29,300,2.3,8.0,3.4,4.8,3.6,3.9,3.8,4.8,4.2,4.4,3.7,9.7,3.1,7.0,66.7,0.00406,0.188,19.3,0.0,0.0,34.7
38.2,37.8,38.6,56.9,59.8,54.0,40.1,40.2,40.0,42.5,38.6,46.4,0.384,4.94,0.13,4.27,4.41,5.76,0.109,3.55,2.78,0.0382,0.206,0.39,62.3,38.0,99,29,300,2.7,7.8,3.6,4.9,4.3,4.5,4.4,4.0,3.2,4.8,4.7,9.2,2.7,7.2,68.0,0.00284,0.191,24.1,0.0,0.0,16.4
40.4,38.2,42.6,55.9,55.0,56.8,41.4,42.8,40.0,45.5,44.4,46.6,0.393,4.92,0.134,4.23,4.41,5.71,0.106,3.47,2.75,0.0382,0.207,0.39,59.0,37.0,89,28,300,3.1,7.6,4.7,3.6,4.1,5.3,4.3,4.4,3.5,4.3,3.3,8.1,3.2,6.8,66.3,0.00339,0.192,28.7,0.0,0.0,18.8
38.4,36.4,40.4,52.9,48.0,57.8,40.4,41.8,39.0,46.1,46.8,45.4,0.388,4.92,0.13,4.21,4.41,5.63,0.11,3.44,2.76,0.0384,0.209,0.386,57.0,35.0,95,27,300,2.5,8.1,4.2,3.4,3.7,5.2,3.6,5.7,5.3,3.6,2.9,7.8,3.0,6.1,65.1,0.00386,0.193,12.3,0.0,0.0,16.1
37.9,36.8,39.0,54.8,55.0,54.6,41.7,42.4,41.0,43.2,45.2,41.2,0.398,5.0,0.129,4.24,4.43,5.7,0.108,3.37,2.75,0.0374,0.21,0.384,55.4,34.0,110,27,300,3.0,8.3,4.7,3.2,4.1,4.4,4.0,4.5,5.7,5.2,4.2,10.0,3.3,6.6,71.2,0.00329,0.185,11.5,0.0,0.0,18.2
39.0,37.8,40.2,52.9,51.8,54.0,40.8,41.8,39.8,43.7,30.4,57.0,0.399,4.91,0.132,4.19,4.38,5.64,0.109,3.38,2.68,0.0365,0.208,0.386,54.4,34.0,120,28,300,3.6,8.5,5.7,3.4,4.1,3.8,3.5,3.1,4.2,5.0,3.9,9.6,3.7,6.2,68.3,0.00334,0.206,11.2,0.0,0.0,19.3
39.9,39.4,40.4,53.6,56.0,51.2,39.0,39.0,39.0,43.1,41.2,45.0,0.397,4.9,0.13,4.17,4.3,5.58,0.107,3.34,2.68,0.0381,0.206,0.389,53.4,34.0,110,29,300,3.2,8.9,5.2,3.9,3.5,3.6,2.4,3.1,3.5,4.6,3.8,8.3,3.2,5.9,63.1,0.00338,0.187,12.3,0.0,0.0,20.1
38.4,39.4,37.4,52.6,50.0,55.2,40.3,43.2,37.4,45.1,45.2,45.0,0.389,4.91,0.127,4.28,4.32,5.49,0.106,3.39,2.7,0.0382,0.206,0.385,52.4,33.0,98,31,300,3.3,8.2,3.9,3.8,3.9,4.1,3.2,4.4,3.5,4.8,5.2,9.3,2.9,6.0,66.5,0.00414,0.192,12.8,0.0,0.0,20.4
37.9,37.6,38.2,56.1,53.8,58.4,40.0,41.2,38.8,42.7,45.0,40.4,0.386,4.88,0.127,4.22,4.27,5.41,0.108,3.39,2.7,0.0374,0.204,0.384,51.7,33.0,96,30,300,3.2,7.7,3.3,4.3,4.5,4.5,3.9,4.8,4.7,4.1,4.5,9.1,2.6,5.7,66.9,0.00273,0.189,11.5,0.0,0.0,18.6
39.4,37.0,41.8,54.6,57.2,52.0,39.2,41.8,36.6,46.9,51.4,42.4,0.394,4.87,0.128,4.32,4.17,5.33,0.105,3.33,2.69,0.0373,0.206,0.375,51.4,33.0,120,32,300,2.6,7.7,3.1,3.9,4.6,3.9,3.8,4.2,4.6,4.9,3.7,8.4,2.2,5.7,63.3,0.00273,0.192,12.8,0.0,0.0,17.0
40.2,39.4,41.0,55.3,60.8,49.8,42.4,38.8,46.0,43.0,34.0,52.0,0.4,4.98,0.132,4.27,4.18,5.33,0.107,3.42,2.72,0.0383,0.208,0.386,50.7,33.0,100,33,300,2.6,7.3,3.6,4.1,4.4,3.5,4.5,3.7,3.2,4.7,4.0,9.2,2.6,6.0,63.4,0.0036,0.191,11.2,0.0,0.0,17.6
37.4,40.0,34.8,52.3,50.2,54.4,39.6,37.6,41.6,45.9,49.0,42.8,0.398,4.93,0.131,4.32,4.17,5.26,0.108,3.42,2.69,0.0364,0.209,0.385,50.0,32.0,98,29,300,3.0,7.6,4.3,4.5,3.4,3.5,5.3,4.6,4.8,4.0,4.2,10.7,3.5,5.9,69.3,0.0034,0.201,13.7,0.0,0.0,17.7
38.2,37.8,38.6,55.4,52.0,58.8,39.0,35.8,42.2,43.7,50.8,36.6,0.418,4.96,0.135,4.39,4.32,5.42,0.11,3.44,2.73,0.0374,0.21,0.401,49.6,32.0,100,29,300,2.9,8.2,4.4,3.7,3.4,3.9,4.4,5.0,5.6,3.8,4.4,10.8,3.9,5.6,70.0,0.00277,0.195,11.8,0.0,0.0,18.6
40.4,38.8,42.0,55.7,56.4,55.0,59.5,61.8,57.2,44.2,46.0,42.4,0.435,5.27,0.141,4.6,4.54,5.74,0.115,3.63,2.87,0.0373,0.985,0.425,49.8,33.0,120,35,300,2.6,8.5,5.5,3.4,3.5,3.9,3.5,4.3,4.0,3.1,4.7,8.8,3.1,5.5,64.4,0.00347,0.206,12.8,0.0,0.0,18.4
37.9,38.4,37.4,52.8,54.4,51.2,39.5,41.4,37.6,44.3,48.4,40.2,0.471,5.5,0.146,4.79,4.79,5.98,0.123,3.8,3.05,0.0372,0.994,0.444,49.6,33.0,140,36,300,2.4,9.4,5.5,3.6,3.3,4.5,3.3,4.3,3.9,2.7,4.7,8.6,3.2,5.9,65.3,0.00475,0.193,13.0,0.0,0.0,18.4
61.4,61.6,61.2,55.2,50.0,60.4,63.8,64.4,63.2,50.1,43.4,56.8,0.405,4.21,0.132,3.93,4.27,5.52,0.109,3.45,2.73,0.0367,0.974,0.392,115.0,97.0,260,97,300,50.0,6.67,4.33,3.67,3.33,3.33,3.67,2.0,3.33,5.0,4.33,6.0,1.67,1.67,99.0,0.00438,0.164,0.0,0.0,0.0,0.0
38.0,37.2,38.8,58.3,62.2,54.4,37.4,39.4,35.4,48.4,49.1,47.7,0.417,4.84,0.133,4.28,4.21,5.49,0.11,3.41,2.7,0.0365,0.971,0.391,94.2,76.0,240,76,300,40.8,8.63,4.5,4.38,4.75,4.25,5.5,4.5,4.0,4.38,4.0,10.1,2.0,3.75,106.0,0.00438,0.18,9.29,0.0,0.0,0.0
39.0,41.8,36.2,58.0,64.2,51.8,37.9,38.0,37.8,48.9,51.7,46.1,0.423,4.85,0.135,4.23,4.25,5.5,0.11,3.37,2.73,0.0354,0.97,0.393,81.2,61.0,100,29,300,19.2,8.7,5.2,3.8,5.0,3.8,5.2,4.6,5.1,3.5,4.1,10.8,2.9,4.9,86.8,0.00361,0.165,14.8,0.0,0.0,24.3
36.3,36.6,36.0,59.2,59.4,59.0,39.9,36.6,43.2,50.1,52.8,47.4,0.417,4.82,0.132,4.23,4.26,5.45,0.112,3.36,2.7,0.0364,0.967,0.393,75.3,55.0,130,30,300,2.5,7.9,5.1,3.9,3.9,3.8,3.8,4.2,4.5,3.6,4.6,9.1,3.6,4.9,65.4,0.00342,0.185,21.2,0.0,0.0,31.8
37.7,37.6,37.8,57.6,55.4,59.8,38.3,37.8,38.8,48.8,49.6,48.0,0.413,4.73,0.129,4.22,4.18,5.43,0.107,3.33,2.66,0.0353,0.967,0.391,69.8,49.0,130,31,300,1.7,7.8,4.4,4.7,4.2,4.4,4.3,3.8,3.7,4.3,4.4,8.2,2.8,4.8,63.5,0.00358,0.177,16.6,0.0,0.0,39.8
41.2,40.4,42.0,57.1,56.8,57.4,39.5,39.6,39.4,48.0,42.6,53.4,0.396,4.69,0.129,4.27,4.14,5.41,0.106,3.39,2.66,0.0364,0.969,0.382,65.9,45.0,110,30,300,2.9,7.6,5.0,4.2,4.7,3.9,4.8,4.1,3.8,4.1,3.4,7.7,2.2,5.7,64.1,0.00269,0.183,17.9,0.0,0.0,22.4
39.9,38.6,41.2,57.9,60.6,55.2,37.7,37.0,38.4,48.5,52.6,44.4,0.39,4.73,0.128,4.23,4.24,5.42,0.106,3.39,2.68,0.0364,0.968,0.379,62.9,41.0,110,29,300,3.5,8.1,4.2,3.9,3.4,3.7,4.4,5.3,4.3,4.0,3.7,7.8,2.4,7.2,65.9,0.00418,0.176,16.7,0.0,0.0,24.2
38.5,36.6,40.4,55.6,55.6,55.6,42.0,42.0,42.0,51.6,52.8,50.4,0.394,4.78,0.129,4.3,4.2,5.46,0.106,3.36,2.69,0.0354,0.971,0.384,60.4,40.0,100,30,300,2.9,7.7,3.8,4.0,4.1,4.0,3.5,3.9,5.3,3.5,4.3,8.8,2.9,6.3,65.0,0.00357,0.184,16.3,0.0,0.0,24.1
39.4,40.8,38.0,59.8,60.0,59.6,36.4,35.0,37.8,48.5,54.6,42.4,0.394,4.76,0.129,4.12,4.24,5.43,0.107,3.38,2.68,0.0362,0.967,0.377,58.8,39.0,97,30,300,3.2,8.0,4.9,4.3,4.7,4.0,3.3,3.8,4.3,3.9,4.4,9.2,3.1,5.9,67.0,0.00289,0.179,14.6,0.0,0.0,23.5
37.8,37.4,38.2,58.7,56.0,61.4,40.8,39.6,42.0,49.0,49.8,48.2,0.407,4.76,0.132,4.17,4.29,5.46,0.106,3.38,2.66,0.0371,0.97,0.387,57.3,38.0,100,30,300,3.5,8.8,4.8,3.0,3.8,3.2,4.1,4.6,3.5,5.1,4.0,6.9,2.4,6.2,63.9,0.00361,0.187,14.2,0.0,0.0,22.3
37.3,38.6,36.0,59.9,64.6,55.2,38.6,37.0,40.2,50.0,54.0,46.0,0.402,4.77,0.132,4.19,4.24,5.39,0.109,3.36,2.67,0.0362,0.966,0.389,56.0,37.0,100,31,300,3.6,9.3,4.4,3.8,4.4,2.4,3.9,4.4,3.7,5.5,3.5,7.1,2.9,5.0,63.9,0.00359,0.186,15.3,0.0,0.0,21.1
39.6,41.0,38.2,57.5,53.2,61.8,40.1,41.4,38.8,48.1,42.2,54.0,0.399,4.68,0.127,4.19,4.25,5.36,0.108,3.3,2.66,0.0352,0.966,0.378,55.1,36.0,110,29,300,3.3,9.4,4.2,5.7,5.0,3.8,3.7,4.1,4.1,4.8,4.0,8.4,3.4,3.7,67.6,0.00284,0.188,17.2,0.0,0.0,22.0
37.8,36.8,38.8,58.4,62.0,54.8,39.9,39.0,40.8,51.3,49.2,53.4,0.391,4.63,0.126,4.14,4.24,5.41,0.106,3.35,2.65,0.0372,0.968,0.38,54.4,36.0,120,32,300,3.0,8.0,4.3,5.0,4.6,5.5,4.9,4.0,4.2,3.7,4.5,9.3,2.7,4.7,68.4,0.00404,0.186,17.7,0.0,0.0,23.1
38.9,37.4,40.4,60.0,59.2,60.8,40.6,42.2,39.0,48.0,50.2,45.8,0.37,4.73,0.125,4.11,4.15,5.36,0.105,3.32,2.64,0.0361,0.966,0.372,53.6,36.0,110,30,300,3.0,7.5,4.0,4.2,4.1,4.7,4.6,3.8,3.7,3.6,4.2,9.1,2.1,5.5,64.1,0.00404,0.192,18.6,0.0,0.0,23.6
37.5,36.2,38.8,58.4,54.0,62.8,39.1,38.4,39.8,50.3,52.8,47.8,0.386,4.64,0.125,4.12,4.21,5.3,0.107,3.34,2.67,0.0363,0.198,0.368,52.9,35.0,110,28,300,3.1,8.1,3.9,4.4,3.9,4.1,4.1,4.6,3.5,3.3,3.2,8.2,2.3,5.3,62.0,0.00258,0.184,15.8,0.0,0.0,24.1
39.0,42.0,36.0,55.9,57.8,54.0,38.8,38.8,38.8,47.9,44.8,51.0,0.365,4.71,0.123,4.12,4.18,5.37,0.102,3.36,2.63,0.0354,0.197,0.373,52.6,35.0,110,31,300,2.8,9.4,3.7,4.4,5.2,4.8,4.1,4.7,3.8,4.1,3.0,8.7,3.0,5.0,66.7,0.00321,0.186,17.1,0.0,0.0,20.7
36.4,36.2,36.6,60.2,61.4,59.0,39.7,43.0,36.4,51.1,57.2,45.0,0.372,4.69,0.124,4.17,4.23,5.45,0.104,3.3,2.64,0.0362,0.197,0.379,52.2,35.0,100,32,300,2.8,9.6,3.6,3.5,4.6,5.1,3.5,3.4,4.2,4.7,3.5,8.4,2.6,4.9,64.4,0.0038,0.184,15.8,0.0,0.0,21.1
39.5,41.4,37.6,57.1,59.8,54.4,41.4,40.4,42.4,48.3,42.2,54.4,0.392,4.92,0.13,4.42,4.47,5.69,0.108,3.52,2.78,0.0363,0.204,0.4,51.7,35.0,110,32,300,2.6,7.9,3.7,4.3,3.6,4.3,4.2,3.5,3.6,3.6,4.7,7.8,1.5,6.2,61.5,0.00347,0.189,16.4,0.0,0.0,22.6
37.8,39.0,36.6,57.3,53.0,61.6,37.5,38.8,36.2,49.7,50.3,49.1,0.411,5.18,0.134,4.65,4.77,5.96,0.113,3.68,2.92,0.0356,0.214,0.419,51.3,34.0,120,31,300,2.6,7.2,3.9,4.3,5.0,3.9,4.5,4.2,3.3,3.8,5.2,8.3,2.1,6.7,65.0,0.00347,0.174,15.9,0.0,0.0,23.2
35.2,32.0,38.4,35.5,34.4,36.6,37.9,37.2,38.6,37.3,35.8,38.8,0.426,5.43,0.137,4.89,4.95,6.23,0.116,3.92,3.06,0.0365,0.222,0.441,50.9,34.0,110,32,300,2.8,8.8,3.8,3.6,5.0,4.3,4.2,3.9,4.7,3.6,4.5,8.9,2.6,5.0,65.7,0.005,0.187,15.1,0.0,0.0,23.0
34.0,36.2,31.8,63.1,63.4,62.8,36.6,37.8,35.4,55.8,56.4,55.2,0.365,4.81,0.119,4.23,4.2,5.27,0.0987,3.37,2.62,0.0379,0.198,0.367,70.9,61.0,140,52,300,55.5,11.3,5.5,4.67,5.67,3.5,5.0,5.0,5.83,4.5,3.67,9.67,2.67,8.0,131.0,0.00363,0.192,0.0,0.0,0.0,17.5
39.8,40.6,39.0,62.5,62.0,63.0,40.3,38.6,42.0,54.4,53.8,55.0,0.368,4.86,0.12,4.18,4.16,5.25,0.0997,3.33,2.64,0.0369,0.196,0.377,64.1,52.0,100,30,300,27.1,9.3,5.1,3.9,5.1,3.2,4.3,4.7,5.0,3.3,4.3,9.1,2.6,6.4,93.4,0.00369,0.172,0.0,0.0,0.0,26.4
38.4,35.4,41.4,62.4,60.2,64.6,39.6,41.2,38.0,53.0,56.2,49.8,0.373,4.81,0.123,4.24,4.14,5.21,0.101,3.3,2.59,0.037,0.2,0.38,59.7,46.0,110,32,300,3.4,6.7,4.3,3.1,3.9,3.3,4.3,4.7,4.3,3.5,4.3,8.6,3.1,5.3,62.8,0.00292,0.188,0.0,0.0,0.0,37.1
39.6,39.0,40.2,60.8,62.2,59.4,38.7,36.2,41.2,54.9,56.8,53.0,0.376,4.79,0.124,4.14,4.16,5.23,0.104,3.32,2.59,0.037,0.198,0.373,57.1,43.0,110,32,300,3.4,6.8,4.6,2.9,3.4,3.8,3.7,4.9,3.9,4.4,4.2,9.2,4.1,7.0,66.3,0.00342,0.188,31.1,0.0,0.0,27.8
38.0,38.0,38.0,62.3,60.0,64.6,39.7,41.6,37.8,53.2,46.0,60.4,0.384,4.82,0.126,4.3,4.11,5.19,0.103,3.29,2.6,0.0372,0.199,0.382,55.0,41.0,110,31,300,3.3,8.2,3.8,2.9,4.3,3.9,3.7,4.6,3.6,3.4,4.7,8.9,3.9,7.0,66.2,0.00342,0.199,38.0,0.0,0.0,26.8
43.7,45.6,41.8,62.4,62.0,62.8,39.5,36.6,42.4,53.8,43.4,64.2,0.376,4.83,0.123,4.27,4.11,5.3,0.105,3.31,2.62,0.0363,0.196,0.375,54.3,41.0,110,32,300,3.9,8.3,3.3,3.4,5.4,3.8,3.3,4.9,4.0,3.3,5.0,8.3,3.2,6.1,66.2,0.00263,0.178,45.3,0.0,0.0,25.1
41.2,40.6,41.8,61.1,62.6,59.6,40.2,41.4,39.0,53.3,52.6,54.0,0.378,4.82,0.123,4.21,4.17,5.46,0.103,3.3,2.58,0.0379,0.199,0.375,53.7,40.0,120,36,300,5.1,7.6,5.4,4.2,4.6,3.8,2.6,3.7,3.7,4.2,4.9,8.3,3.2,5.6,66.9,0.0034,0.208,19.6,0.0,0.0,27.5
42.1,44.0,40.2,63.5,61.2,65.8,39.8,38.4,41.2,54.0,45.6,62.4,0.376,4.87,0.125,4.22,4.21,5.46,0.103,3.28,2.6,0.037,0.197,0.373,52.5,39.0,110,34,300,4.4,7.6,4.9,3.8,3.4,4.6,3.9,2.5,4.7,4.2,4.5,7.9,2.6,6.0,65.0,0.00274,0.195,19.5,0.0,0.0,28.7
42.4,42.8,42.0,63.8,60.4,67.2,39.2,42.0,36.4,54.1,53.4,54.8,0.377,4.89,0.124,4.2,4.21,5.57,0.103,3.25,2.58,0.0371,0.197,0.37,52.5,39.0,110,34,300,3.1,7.5,3.8,4.5,2.9,4.2,5.1,2.8,4.8,4.4,4.1,7.4,2.3,7.2,64.1,0.00288,0.196,20.0,0.0,0.0,28.6
41.8,42.8,40.8,62.2,61.8,62.6,42.9,44.0,41.8,53.6,56.0,51.2,0.394,4.89,0.129,4.29,4.27,5.67,0.106,3.23,2.59,0.0379,0.196,0.376,52.5,38.0,140,36,300,3.4,7.8,4.0,5.1,3.4,3.9,5.5,3.8,3.8,4.7,3.9,7.9,3.1,6.8,67.1,0.00375,0.185,20.8,0.0,0.0,24.9
42.9,44.2,41.6,60.6,60.2,61.0,39.9,42.2,37.6,55.0,52.0,58.0,0.391,4.86,0.129,4.28,4.27,5.77,0.108,3.29,2.57,0.0378,0.196,0.377,52.3,39.0,120,38,300,3.2,8.4,4.3,4.7,3.4,5.1,4.2,3.4,4.2,4.0,4.9,8.6,3.3,6.2,67.9,0.00434,0.206,19.8,0.0,0.0,24.5
37.1,36.8,37.4,63.8,62.4,65.2,37.4,33.8,41.0,52.7,66.4,39.0,0.387,4.81,0.131,4.38,4.26,5.73,0.109,3.26,2.6,0.0368,0.198,0.373,51.7,38.0,120,35,300,2.9,8.1,5.8,3.5,4.1,4.8,4.2,2.4,5.0,3.9,4.9,9.0,2.9,6.0,67.5,0.00359,0.184,20.8,0.0,0.0,26.3
39.4,39.2,39.6,62.6,58.0,67.2,40.6,39.4,41.8,54.7,66.2,43.2,0.387,4.84,0.133,4.35,4.3,5.77,0.111,3.27,2.62,0.0369,0.199,0.38,51.3,38.0,110,33,300,3.2,7.7,5.7,3.6,4.3,4.2,5.0,2.6,4.0,3.9,4.2,9.3,2.8,5.8,66.3,0.0049,0.201,20.1,0.0,0.0,27.9
38.3,38.4,38.2,62.5,64.8,60.2,41.6,43.0,40.2,51.7,52.6,50.8,0.403,4.92,0.134,4.36,4.28,5.79,0.126,3.3,2.64,0.0375,0.202,0.381,50.6,37.0,100,32,300,3.2,8.3,4.2,4.9,3.8,4.7,3.9,3.1,3.5,4.2,3.6,9.1,2.9,5.0,64.4,0.0035,0.188,22.2,0.0,0.0,29.8
38.5,39.0,38.0,66.4,69.2,63.6,39.7,40.2,39.2,55.6,52.0,59.2,0.396,4.87,0.135,4.34,4.21,5.73,0.125,3.32,2.61,0.0373,0.197,0.384,50.3,37.0,100,31,300,3.6,9.8,4.0,4.5,4.2,4.3,3.7,3.4,4.0,4.6,3.5,7.9,2.7,5.0,65.2,0.00263,0.195,18.6,0.0,0.0,27.7
39.5,37.8,41.2,66.0,71.0,61.0,40.3,40.6,40.0,52.7,49.6,55.8,0.419,4.9,0.139,4.31,4.26,5.86,0.131,3.29,2.69,0.0356,0.2,0.385,50.2,37.0,120,33,300,3.3,9.6,3.8,4.2,4.5,3.6,4.0,3.4,3.5,3.8,4.5,8.2,3.0,6.8,66.2,0.00333,0.194,20.8,0.0,0.0,26.2
37.8,37.0,38.6,63.5,63.8,63.2,41.0,39.2,42.8,54.1,51.8,56.4,0.444,5.15,0.146,4.6,4.49,6.12,0.136,3.49,2.79,0.0374,0.209,0.407,50.3,37.0,140,37,300,2.5,8.7,4.0,4.5,4.2,4.8,3.0,3.2,4.1,4.1,4.8,8.9,3.8,7.1,67.7,0.00326,0.2,19.3,0.0,0.0,26.6
38.5,38.2,38.8,63.4,60.8,66.0,40.4,39.4,41.4,54.1,59.8,48.4,0.481,5.41,0.153,4.85,4.72,6.39,0.144,3.71,3.0,0.0374,0.215,0.431,50.5,37.0,140,35,300,2.4,7.9,4.0,4.4,3.2,6.8,3.6,3.7,3.7,4.8,4.9,9.1,4.5,5.6,68.6,0.00195,0.194,19.9,0.0,0.0,25.8
36.9,35.8,38.0,43.8,39.2,48.4,40.3,40.0,40.6,47.1,51.0,43.2,0.498,5.76,0.156,5.11,4.93,6.68,0.147,3.91,3.17,0.0365,0.223,0.451,50.6,37.0,130,35,300,2.8,6.6,3.6,4.3,3.8,5.4,4.7,4.1,2.5,4.4,5.1,8.5,3.7,6.5,66.0,0.00339,0.207,20.1,0.0,0.0,27.9
49.7,50.6,48.8,54.3,57.0,51.6,53.4,53.6,53.2,35.3,35.0,35.6,0.439,5.25,0.136,4.67,4.36,6.03,0.129,3.56,2.97,0.0362,0.805,0.395,85.1,68.0,220,69,400,84.6,14.0,7.8,5.6,5.6,9.0,7.4,6.4,5.8,6.0,8.0,12.8,3.8,11.0,188.0,0.00347,0.202,0.0,0.0,0.0,0.0
43.6,43.0,44.2,55.1,55.6,54.6,44.6,41.4,47.8,32.6,31.0,34.2,0.447,5.35,0.139,4.64,4.5,6.19,0.136,3.62,3.03,0.0362,0.807,0.402,73.7,54.0,210,58,400,43.6,13.8,7.0,5.3,5.9,6.8,5.7,5.5,6.2,5.9,6.8,12.4,4.0,8.6,138.0,0.00341,0.19,0.0,0.0,0.0,8.47
43.1,41.0,45.2,50.2,45.8,54.6,45.7,42.4,49.0,36.9,35.4,38.4,0.464,5.42,0.144,4.68,4.48,6.28,0.135,3.68,3.06,0.0371,0.813,0.403,67.3,47.0,110,34,400,3.9,11.9,6.2,4.3,5.3,5.9,4.9,5.4,6.3,5.6,5.0,11.6,4.8,7.6,88.7,0.00393,0.213,0.0,0.0,0.0,12.1
41.7,42.0,41.4,51.9,53.4,50.4,44.8,41.8,47.8,33.7,33.8,33.6,0.464,5.47,0.143,4.85,4.5,6.15,0.135,3.77,3.22,0.0353,0.812,0.409,61.6,42.0,88,31,400,4.8,10.3,5.5,5.1,4.9,7.5,5.4,5.9,6.4,4.9,5.2,10.8,4.5,8.3,89.5,0.0027,0.196,5.47,0.0,0.0,15.2
41.0,41.8,40.2,51.2,47.6,54.8,44.8,44.4,45.2,35.0,34.8,35.2,0.458,5.47,0.14,4.95,4.46,6.18,0.133,3.91,3.26,0.036,0.816,0.414,58.6,40.0,82,28,400,4.1,9.8,5.2,5.9,5.0,6.8,4.9,5.7,5.4,4.3,5.3,9.8,3.1,8.5,83.8,0.00326,0.206,8.17,0.0,0.0,8.64
42.0,44.0,40.0,56.0,56.2,55.8,44.8,45.6,44.0,35.3,31.8,38.8,0.46,5.59,0.141,5.13,4.52,6.19,0.134,3.88,3.35,0.0349,0.822,0.424,55.9,38.0,94,28,400,4.2,10.2,5.2,4.9,5.8,5.8,5.0,4.7,4.9,4.8,5.9,9.6,2.4,7.7,81.1,0.00233,0.196,9.52,0.0,0.0,8.54
44.9,43.4,46.4,52.0,54.0,50.0,45.1,46.2,44.0,32.7,36.0,29.4,0.462,5.7,0.139,5.04,4.54,6.21,0.132,4.01,3.44,0.0358,0.824,0.418,54.4,38.0,92,30,400,4.5,11.2,5.3,5.4,6.0,5.3,4.7,5.3,5.0,5.6,6.1,11.3,3.2,6.8,85.7,0.00295,0.206,4.05,0.0,0.0,8.54
39.8,37.6,42.0,55.7,54.2,57.2,42.7,43.4,42.0,37.4,34.0,40.8,0.459,5.76,0.138,5.12,4.48,6.18,0.13,4.02,3.5,0.0358,0.824,0.427,52.8,37.0,90,31,400,4.0,10.7,6.0,6.6,5.8,5.5,4.3,6.2,5.1,5.0,4.4,11.6,3.7,8.4,87.3,0.00313,0.183,2.8,0.0,0.0,10.1
43.0,43.6,42.4,55.6,54.4,56.8,44.6,46.8,42.4,34.3,38.8,29.8,0.473,5.85,0.142,5.21,4.65,6.31,0.134,4.15,3.58,0.0367,0.827,0.432,51.1,36.0,83,28,400,3.1,10.3,5.1,5.8,6.6,6.0,5.3,6.3,5.6,5.3,3.8,10.8,3.5,8.4,85.9,0.00313,0.202,4.01,0.0,0.0,8.97
42.7,43.0,42.4,54.2,55.8,52.6,48.3,50.0,46.6,35.0,26.4,43.6,0.489,5.91,0.142,5.28,4.63,6.39,0.134,4.34,3.7,0.035,0.831,0.435,50.9,36.0,100,32,400,3.2,11.4,4.9,4.4,6.1,5.5,6.0,6.3,5.1,6.9,5.6,12.5,4.1,7.6,89.6,0.00371,0.193,5.55,0.0,0.0,8.92
44.2,45.0,43.4,53.3,54.2,52.4,46.3,45.6,47.0,34.6,34.0,35.2,0.477,5.96,0.14,5.37,4.7,6.5,0.121,4.31,3.79,0.0351,0.833,0.442,50.0,35.0,110,32,400,2.8,11.1,6.3,4.1,5.1,5.6,5.1,5.0,5.8,7.2,6.1,13.1,3.6,9.1,90.0,0.00371,0.194,5.43,0.0,0.0,8.98
42.1,44.6,39.6,55.0,55.4,54.6,46.0,47.2,44.8,32.6,34.4,30.8,0.494,6.08,0.14,5.5,4.82,6.7,0.122,4.45,3.94,0.0353,0.839,0.447,49.3,35.0,91,30,400,2.7,12.1,5.8,4.9,5.1,5.4,4.6,4.5,5.9,5.9,5.0,12.0,2.6,9.3,85.8,0.00248,0.185,4.29,0.0,0.0,9.21
44.4,45.4,43.4,52.5,50.8,54.2,44.2,44.4,44.0,35.1,32.4,37.8,0.489,6.17,0.142,5.61,4.84,6.61,0.121,4.53,4.0,0.0361,0.84,0.45,49.1,35.0,98,32,400,3.2,12.4,4.7,5.6,5.8,4.6,5.7,5.5,6.2,5.5,5.3,11.9,3.0,8.0,87.4,0.00239,0.199,4.28,0.0,0.0,8.64
42.0,41.2,42.8,50.2,49.2,51.2,43.5,41.6,45.4,33.3,32.0,34.6,0.484,6.27,0.14,5.58,4.87,6.81,0.122,4.56,4.0,0.0351,0.84,0.453,48.5,35.0,100,33,400,3.2,11.9,4.6,5.7,5.7,5.2,6.0,5.8,6.8,5.8,5.8,11.4,3.8,8.2,89.9,0.00312,0.187,2.96,0.0,0.0,8.18
43.8,46.0,41.6,49.2,50.0,48.4,44.7,42.8,46.6,33.4,35.2,31.6,0.475,6.28,0.139,5.72,4.95,6.88,0.12,4.59,4.02,0.036,0.845,0.471,48.2,35.0,96,32,400,3.4,12.2,4.7,5.4,5.8,5.9,5.1,5.5,5.2,5.7,5.9,10.0,3.6,7.7,86.1,0.00262,0.191,1.53,0.0,0.0,8.82
48.1,47.4,48.8,53.7,50.2,57.2,46.6,45.4,47.8,37.0,41.8,32.2,0.478,6.3,0.144,5.69,5.09,7.03,0.124,4.64,4.09,0.036,0.843,0.478,47.6,34.0,90,32,400,3.8,10.9,5.0,5.1,5.5,5.6,5.0,5.9,5.6,5.8,4.5,9.5,3.1,6.8,82.1,0.00333,0.181,2.62,0.0,0.0,8.99
46.4,46.8,46.0,51.3,49.0,53.6,46.3,45.2,47.4,32.7,35.2,30.2,0.513,6.57,0.151,6.06,5.3,7.43,0.13,4.79,4.23,0.0368,0.855,0.506,47.4,34.0,92,31,400,4.2,10.7,5.1,6.3,5.7,5.5,5.5,5.9,6.7,6.2,4.9,11.9,3.8,6.9,89.3,0.00393,0.19,4.93,0.0,0.0,8.45
46.1,45.8,46.4,53.6,55.8,51.4,44.9,46.4,43.4,35.9,34.2,37.6,0.54,6.86,0.156,6.38,5.6,7.87,0.139,5.14,4.47,0.0357,0.865,0.531,47.0,34.0,92,32,400,3.4,12.5,5.1,6.7,5.4,5.6,5.3,5.7,5.8,5.9,6.2,11.8,3.7,6.8,89.9,0.00329,0.185,4.93,0.0,0.0,9.13
45.4,44.2,46.6,43.3,41.8,44.8,45.5,45.6,45.4,33.8,42.8,24.8,0.573,7.27,0.169,6.71,5.93,8.33,0.148,5.42,4.71,0.0357,0.876,0.562,46.7,34.0,92,32,400,3.7,13.7,4.7,5.2,5.4,5.6,5.8,6.0,5.7,5.2,5.8,10.2,3.4,6.6,87.0,0.00327,0.192,4.62,0.0,0.0,8.77
52.8,52.8,52.8,58.2,59.6,56.8,64.1,64.8,63.4,42.1,42.4,41.8,0.484,6.38,0.145,5.82,5.13,7.32,0.132,4.73,4.07,0.0364,0.25,0.483,104.0,81.0,270,99,400,80.8,16.8,4.5,7.0,5.75,6.75,5.25,7.75,4.0,5.5,5.0,14.0,3.25,6.75,173.0,0.00329,0.184,0.0,0.0,0.0,0.0
43.0,44.6,41.4,59.4,58.0,60.8,43.6,45.0,42.2,36.5,36.8,36.2,0.498,6.39,0.15,5.89,5.13,7.41,0.133,4.71,4.08,0.0366,0.246,0.486,85.1,58.0,260,68,400,48.6,13.9,4.11,6.0,5.56,5.78,6.33,6.22,4.89,5.33,4.78,13.6,3.89,7.33,136.0,0.00348,0.177,0.0,0.0,0.0,11.7
42.4,43.4,41.4,56.2,54.2,58.2,45.8,45.4,46.2,40.4,36.0,44.8,0.511,6.4,0.153,5.79,5.14,7.35,0.134,4.78,4.11,0.0367,0.247,0.482,78.3,51.0,140,32,400,14.0,11.1,5.1,5.7,5.2,5.0,7.0,5.2,6.2,5.6,5.3,12.6,4.5,7.5,100.0,0.00351,0.196,0.0,0.0,0.0,16.1
44.0,42.4,45.6,58.6,56.8,60.4,45.7,46.2,45.2,39.6,41.6,37.6,0.506,6.32,0.151,5.85,5.17,7.33,0.136,4.75,4.14,0.0349,0.251,0.498,70.8,45.0,140,33,400,3.7,10.9,6.3,5.7,4.6,5.2,6.5,5.2,5.4,6.6,6.3,12.0,4.9,7.1,90.4,0.00338,0.189,9.59,0.0,0.0,20.7
39.9,41.4,38.4,53.7,50.6,56.8,43.3,46.4,40.2,39.7,36.0,43.4,0.504,6.3,0.151,5.93,5.23,7.34,0.138,4.7,4.15,0.0349,0.253,0.494,66.4,43.0,85,32,400,3.5,10.9,5.6,5.1,5.8,6.2,5.6,4.8,4.3,6.8,6.1,12.4,4.1,6.7,87.9,0.00322,0.203,12.3,0.0,0.0,14.4
44.4,45.8,43.0,58.8,57.4,60.2,45.2,47.2,43.2,40.8,42.6,39.0,0.515,6.34,0.149,5.86,5.16,7.33,0.138,4.73,4.08,0.0351,0.249,0.498,63.8,42.0,100,33,400,3.8,10.9,5.2,4.8,6.7,6.0,5.0,4.9,4.4,6.0,4.4,11.0,3.1,7.3,83.5,0.00345,0.192,15.1,0.0,0.0,14.6
44.0,44.2,43.8,56.8,57.4,56.2,45.4,46.6,44.2,39.7,43.5,35.9,0.503,6.39,0.154,5.91,5.21,7.33,0.139,4.63,4.05,0.0368,0.245,0.5,60.8,39.0,100,31,400,3.0,11.3,5.2,5.5,6.0,4.1,5.2,6.2,4.7,4.5,5.4,10.9,4.0,8.1,84.1,0.00326,0.195,8.42,0.0,0.0,14.4
41.1,41.4,40.8,57.0,54.6,59.4,44.0,43.6,44.4,39.9,40.9,38.9,0.525,6.3,0.156,5.88,5.18,7.26,0.14,4.71,4.06,0.0359,0.25,0.499,58.3,38.0,95,28,400,3.2,11.1,5.0,5.7,5.5,5.5,6.6,6.1,5.8,4.2,6.4,13.0,4.4,7.6,90.1,0.00255,0.189,7.14,0.0,0.0,13.4
42.2,43.6,40.8,56.3,57.8,54.8,45.0,47.2,42.8,39.2,36.6,41.8,0.535,6.34,0.161,5.86,5.11,7.31,0.146,4.7,4.06,0.036,0.251,0.506,57.2,37.0,100,30,400,2.8,11.5,5.8,6.1,5.3,7.0,6.7,5.2,5.5,5.2,5.4,13.7,5.2,7.5,92.9,0.00375,0.209,6.98,0.0,0.0,12.8
43.6,46.4,40.8,55.7,54.8,56.6,45.4,47.2,43.6,37.4,44.6,30.2,0.532,6.25,0.16,5.84,5.1,7.33,0.146,4.64,4.02,0.0362,0.252,0.507,56.2,37.0,110,34,400,3.2,12.2,5.8,6.5,5.7,6.1,5.5,4.6,4.8,4.9,5.0,11.6,4.9,7.2,88.0,0.00354,0.188,7.54,0.0,0.0,13.3
42.7,42.8,42.6,53.3,55.0,51.6,48.1,50.0,46.2,40.6,35.8,45.4,0.543,6.25,0.161,5.91,5.14,7.24,0.145,4.63,4.06,0.0362,0.251,0.508,55.0,37.0,99,32,400,4.5,11.5,5.1,7.1,5.4,4.7,5.9,4.9,5.8,5.2,4.8,11.1,4.1,6.8,86.9,0.00273,0.201,8.63,0.0,0.0,14.1
43.9,41.4,46.4,52.4,51.6,53.2,41.7,37.8,45.6,40.9,39.2,42.6,0.531,6.33,0.159,5.82,5.19,7.23,0.145,4.65,4.0,0.0354,0.254,0.499,54.2,36.0,110,31,400,4.0,11.9,5.4,7.1,5.2,3.9,4.9,5.9,6.0,5.1,6.0,12.6,3.9,8.4,90.3,0.0035,0.195,8.44,0.0,0.0,14.2
40.8,37.4,44.2,55.2,55.2,55.2,46.4,45.0,47.8,42.3,34.8,49.8,0.531,6.32,0.157,5.87,5.12,7.25,0.144,4.65,3.98,0.0372,0.255,0.492,53.0,35.0,87,28,400,3.6,13.3,5.0,5.0,5.2,4.7,4.7,5.5,5.6,4.3,5.6,11.2,2.6,8.8,85.1,0.00435,0.196,6.73,0.0,0.0,14.1
44.7,42.4,47.0,54.1,57.8,50.4,44.6,44.6,44.6,39.8,48.6,31.0,0.515,6.26,0.155,5.85,5.12,7.16,0.142,4.69,3.99,0.0354,0.251,0.502,52.4,35.0,93,31,400,4.3,13.6,4.3,4.8,4.6,5.7,5.9,6.7,5.8,4.4,5.3,10.4,2.9,8.8,87.5,0.00332,0.18,6.88,0.0,0.0,13.3
44.2,43.8,44.6,57.6,56.0,59.2,44.8,46.6,43.0,39.9,42.6,37.2,0.529,6.3,0.155,5.88,5.14,7.16,0.14,4.63,3.95,0.0355,0.25,0.503,52.2,35.0,120,34,400,4.8,13.1,5.7,4.9,4.5,5.4,4.9,7.0,5.2,4.4,6.1,10.4,3.6,8.7,88.7,0.00353,0.2,7.27,0.0,0.0,12.6
40.5,39.2,41.8,58.8,56.6,61.0,46.2,47.4,45.0,39.0,38.0,40.0,0.528,6.26,0.152,5.86,5.07,7.09,0.138,4.63,3.99,0.0364,0.25,0.499,51.4,35.0,100,31,400,4.3,11.6,7.0,5.2,5.0,4.3,5.3,6.1,4.7,5.0,5.7,11.5,3.9,7.2,86.8,0.00408,0.19,7.0,0.0,0.0,13.7
43.3,42.0,44.6,56.2,52.6,59.8,45.8,46.6,45.0,42.2,42.8,41.6,0.564,6.45,0.159,5.92,5.21,7.25,0.147,4.79,4.03,0.0363,0.256,0.528,50.9,35.0,94,30,400,3.7,12.7,5.6,5.2,6.2,4.4,6.5,6.1,4.8,4.9,5.1,11.0,4.3,7.5,88.0,0.00339,0.208,6.98,0.0,0.0,13.3
43.3,42.4,44.2,58.0,56.0,60.0,41.7,41.6,41.8,38.1,36.2,40.0,0.59,6.75,0.163,6.3,5.49,7.61,0.152,5.04,4.26,0.0351,0.264,0.552,50.3,34.0,92,30,400,3.6,13.3,5.3,4.9,6.2,4.5,5.7,6.6,5.0,5.2,5.3,10.1,4.5,7.9,88.1,0.00388,0.195,7.49,0.0,0.0,13.9
41.5,37.2,45.8,53.5,57.0,50.0,43.9,43.6,44.2,40.9,42.2,39.6,0.612,7.12,0.171,6.56,5.83,7.98,0.16,5.28,4.49,0.0359,0.274,0.581,49.8,34.0,92,29,400,4.2,11.3,5.6,5.2,5.1,5.3,4.5,7.3,5.6,5.5,6.2,10.2,3.5,7.2,86.7,0.00315,0.203,7.48,0.0,0.0,13.7
45.5,44.0,47.0,62.5,59.8,65.2,40.3,39.8,40.8,45.4,41.6,49.2,0.546,6.37,0.155,5.78,5.13,7.23,0.135,4.68,3.96,0.0358,0.242,0.492,101.0,93.0,220,92,400,54.1,12.1,6.63,3.88,5.25,5.88,3.75,7.38,6.38,4.75,5.88,11.4,4.25,8.63,140.0,0.00287,0.193,0.0,0.0,0.0,0.0
47.7,46.6,48.8,60.1,66.4,53.8,44.7,46.0,43.4,46.5,49.0,44.0,0.527,6.27,0.156,5.8,5.13,7.29,0.132,4.58,3.99,0.0356,0.243,0.492,87.1,72.0,120,36,400,24.9,12.2,6.8,5.2,5.9,7.0,4.6,7.1,5.8,5.0,7.9,11.5,3.5,8.6,116.0,0.00334,0.205,10.8,0.0,0.0,20.8
46.3,44.2,48.4,60.5,61.0,60.0,42.8,44.0,41.6,44.2,46.8,41.6,0.531,6.2,0.152,5.76,5.15,7.37,0.133,4.65,3.94,0.0346,0.243,0.491,80.5,65.0,120,37,400,3.4,12.3,6.6,5.1,5.2,4.6,6.1,6.3,6.0,5.5,5.9,9.7,2.8,9.3,88.8,0.00358,0.196,13.7,0.0,0.0,26.8
41.2,38.6,43.8,62.7,59.2,66.2,66.7,68.2,65.2,44.7,50.4,39.0,0.514,6.33,0.153,5.81,5.15,7.41,0.136,4.53,3.88,0.0355,0.878,0.49,77.2,61.0,160,41,400,3.9,12.7,6.9,5.3,4.3,4.1,6.8,6.3,6.2,4.3,3.9,9.4,3.1,10.4,87.6,0.00356,0.211,17.9,0.0,0.0,33.9
42.2,40.6,43.8,62.0,61.0,63.0,44.7,46.4,43.0,44.1,51.4,36.8,0.509,6.29,0.15,5.77,5.12,7.33,0.132,4.48,3.91,0.0355,0.986,0.485,73.2,55.0,160,39,400,4.6,11.0,6.0,5.1,5.5,5.4,5.3,4.0,5.9,4.5,5.6,10.6,3.4,8.9,85.8,0.00334,0.195,9.85,0.0,0.0,19.1
41.3,41.6,41.0,63.0,63.4,62.6,46.6,46.6,46.6,45.5,54.4,36.6,0.499,6.37,0.148,5.82,5.19,7.43,0.131,4.49,3.83,0.0353,0.989,0.479,69.4,51.0,120,33,400,4.4,11.1,5.3,4.8,5.5,6.2,5.6,4.2,5.8,6.6,6.0,11.8,3.9,7.2,88.4,0.00391,0.206,11.7,0.0,0.0,18.7
44.7,46.4,43.0,60.7,59.4,62.0,43.0,43.2,42.8,44.1,39.4,48.8,0.486,6.32,0.145,5.87,5.16,7.4,0.128,4.6,3.91,0.0352,0.99,0.479,67.1,49.0,100,34,400,4.2,10.6,6.5,4.9,4.7,5.6,6.5,6.3,5.4,5.8,5.1,11.8,3.2,7.4,88.0,0.00341,0.203,11.5,0.0,0.0,16.7
42.4,40.2,44.6,62.0,61.0,63.0,47.7,48.4,47.0,43.1,41.0,45.2,0.492,6.29,0.15,5.92,5.02,7.5,0.13,4.58,3.92,0.0361,0.985,0.475,66.4,48.0,160,36,400,4.5,10.3,7.3,4.7,5.2,6.3,4.8,6.9,4.5,5.3,5.2,12.0,3.0,7.0,87.0,0.00326,0.218,11.8,0.0,0.0,17.1
41.1,40.6,41.6,56.5,59.6,53.4,45.5,46.8,44.2,44.7,48.8,40.6,0.505,6.26,0.151,5.98,5.06,7.33,0.132,4.61,4.0,0.0343,0.988,0.477,64.9,46.0,160,36,400,4.7,12.0,6.8,5.8,6.1,7.0,3.9,6.5,4.8,5.3,4.6,11.1,3.4,6.4,88.4,0.0033,0.204,10.7,0.0,0.0,17.2
43.2,40.2,46.2,59.4,57.6,61.2,44.6,45.2,44.0,45.8,49.8,41.8,0.499,6.26,0.148,5.82,5.07,7.42,0.129,4.56,3.95,0.0353,0.982,0.467,62.9,45.0,120,30,400,4.4,10.7,6.1,5.4,5.8,5.5,4.9,5.9,6.0,5.1,5.5,10.3,3.3,7.9,86.8,0.00324,0.211,11.2,0.0,0.0,18.5
39.2,39.0,39.4,59.5,61.4,57.6,44.6,47.6,41.6,46.2,49.6,42.8,0.471,6.26,0.147,5.85,4.97,7.26,0.128,4.51,3.93,0.0363,0.986,0.461,61.3,43.0,110,28,400,4.3,10.5,5.6,4.8,5.5,4.6,5.6,6.1,5.1,5.5,5.5,10.1,3.1,8.2,84.5,0.00327,0.201,12.3,0.0,0.0,18.7
40.8,39.6,42.0,59.3,56.0,62.6,44.9,46.6,43.2,44.9,38.2,51.6,0.461,6.27,0.144,5.8,5.0,7.19,0.124,4.43,3.94,0.0353,0.986,0.464,60.1,42.0,97,30,400,5.0,12.5,5.3,5.2,4.5,5.0,5.0,6.9,4.8,4.8,5.1,8.6,2.6,7.2,82.5,0.0031,0.203,12.2,0.0,0.0,18.9
42.2,38.8,45.6,61.3,62.2,60.4,42.6,44.6,40.6,45.5,41.0,50.0,0.438,6.13,0.141,5.93,4.97,7.26,0.12,4.42,3.95,0.0355,0.986,0.462,58.8,41.0,96,29,400,4.0,12.8,5.0,5.3,4.1,4.8,5.5,6.7,5.4,4.6,5.9,8.2,2.6,6.0,80.9,0.00242,0.197,11.5,0.0,0.0,19.1
43.5,44.0,43.0,61.9,60.8,63.0,45.7,47.4,44.0,44.9,39.2,50.6,0.442,6.24,0.143,5.89,4.97,7.26,0.123,4.47,3.98,0.0357,0.988,0.462,58.4,40.0,120,31,400,2.8,11.8,5.9,5.1,5.5,5.7,6.0,6.2,5.6,5.8,5.5,10.7,3.4,7.3,87.3,0.00357,0.205,11.7,0.0,0.0,18.6
41.3,41.6,41.0,58.8,59.6,58.0,46.3,49.0,43.6,44.7,39.6,49.8,0.45,6.18,0.145,5.96,4.83,7.29,0.121,4.5,3.93,0.0348,0.987,0.459,57.6,40.0,130,35,400,4.5,10.8,5.9,4.8,4.8,6.7,5.4,6.1,5.4,5.9,4.7,11.9,3.5,8.8,89.2,0.0039,0.192,12.4,0.0,0.0,18.1
42.8,42.4,43.2,60.2,58.0,62.4,47.5,44.8,50.2,45.4,45.6,45.2,0.471,6.36,0.147,5.98,4.94,7.48,0.126,4.44,3.97,0.0348,0.988,0.471,57.4,40.0,120,39,400,4.7,11.1,5.2,5.5,4.3,6.4,4.9,5.4,5.1,5.5,4.7,12.1,4.1,8.3,87.3,0.00401,0.197,11.5,0.0,0.0,17.3
43.9,40.2,47.6,59.5,58.2,60.8,44.2,45.8,42.6,45.6,43.8,47.4,0.503,6.66,0.155,6.4,5.29,7.79,0.136,4.71,4.13,0.0356,0.996,0.506,57.0,40.0,130,40,400,4.5,11.7,4.8,5.1,5.5,6.0,5.8,5.5,5.5,5.1,5.1,11.6,4.4,8.3,88.9,0.00418,0.198,11.3,0.0,0.0,16.6
40.1,39.4,40.8,58.5,62.0,55.0,46.1,43.4,48.8,46.4,50.6,42.2,0.544,7.05,0.162,6.68,5.5,8.13,0.141,5.05,4.35,0.0356,1.01,0.525,56.5,39.0,120,35,400,4.2,11.4,4.9,4.8,5.3,5.7,6.8,6.5,6.5,5.4,6.1,11.6,4.7,8.2,92.1,0.00418,0.195,11.2,0.0,0.0,19.6
40.8,40.6,41.0,65.8,67.6,64.0,43.2,42.2,44.2,49.1,52.6,45.6,0.498,6.33,0.142,5.94,4.78,6.98,0.12,4.57,3.96,0.0372,0.347,0.466,97.4,85.0,230,81,400,62.0,10.4,5.86,7.29,6.14,7.43,5.43,5.57,5.57,6.86,4.43,13.0,3.86,8.86,153.0,0.0037,0.175,0.0,0.0,0.0,14.6
41.0,40.2,41.8,64.6,64.6,64.6,41.9,42.0,41.8,50.1,59.4,40.8,0.48,6.3,0.141,5.88,4.82,6.95,0.117,4.58,3.89,0.037,0.237,0.462,83.8,67.0,170,35,400,30.1,10.2,6.2,5.7,6.1,7.9,5.4,5.8,5.0,6.5,5.7,12.3,3.9,7.9,119.0,0.00384,0.197,0.0,0.0,0.0,24.5
41.8,40.6,43.0,63.7,65.8,61.6,44.1,43.2,45.0,50.0,46.8,53.2,0.485,6.25,0.14,5.88,4.77,6.92,0.118,4.55,3.94,0.0362,0.235,0.464,76.3,59.0,100,33,400,2.8,10.3,5.8,4.4,5.3,5.6,5.8,4.8,5.0,5.8,5.5,10.3,2.6,7.0,81.0,0.00316,0.182,18.1,0.0,0.0,32.3
43.0,43.0,43.0,67.6,65.0,70.2,47.6,46.6,48.6,48.2,56.0,40.4,0.483,6.24,0.142,5.87,4.83,6.88,0.121,4.49,3.9,0.0363,0.235,0.467,71.2,54.0,100,34,400,3.1,10.9,5.8,4.2,5.4,5.8,6.1,5.3,5.5,5.9,5.1,11.0,2.6,7.8,84.5,0.00404,0.197,22.7,0.0,0.0,24.3
42.8,43.2,42.4,62.4,67.6,57.2,43.4,46.0,40.8,50.2,43.4,57.0,0.494,6.27,0.138,5.85,4.84,6.9,0.119,4.51,3.9,0.0353,0.238,0.463,68.6,51.0,120,37,400,3.3,11.2,5.2,3.7,5.4,6.8,5.3,6.0,6.4,5.5,5.4,12.1,3.8,8.2,88.3,0.00407,0.183,26.8,0.0,0.0,22.3
42.0,42.6,41.4,63.1,63.6,62.6,45.9,47.4,44.4,50.4,53.8,47.0,0.481,6.34,0.138,5.73,4.81,7.02,0.118,4.41,3.82,0.0362,0.238,0.476,66.1,48.0,150,34,400,3.7,11.6,4.7,4.5,5.4,5.2,5.2,5.5,5.9,5.3,6.0,12.6,4.1,8.3,88.0,0.00389,0.189,14.2,0.0,0.0,21.4
42.4,40.8,44.0,64.5,63.6,65.4,45.2,47.6,42.8,51.1,54.6,47.6,0.493,6.35,0.141,5.85,4.79,6.94,0.121,4.44,3.84,0.037,0.238,0.477,64.7,47.0,140,38,400,3.6,12.3,5.2,5.9,5.8,5.1,5.1,5.8,4.8,5.4,6.7,12.3,3.6,8.1,89.7,0.00406,0.18,15.0,0.0,0.0,20.6
43.4,44.2,42.6,65.1,62.8,67.4,45.3,45.2,45.4,49.2,52.8,45.6,0.515,6.3,0.146,5.78,4.9,7.01,0.127,4.49,3.86,0.0353,0.234,0.486,63.3,46.0,140,39,400,4.4,11.5,5.0,7.2,6.0,6.1,4.9,5.2,4.7,6.6,6.1,11.1,3.5,9.0,91.3,0.00406,0.194,16.9,0.0,0.0,23.0
47.9,45.8,50.0,62.8,65.0,60.6,44.5,44.8,44.2,49.7,44.6,54.8,0.524,6.23,0.15,5.87,4.92,7.12,0.131,4.48,3.73,0.0371,0.239,0.484,62.2,45.0,150,35,400,4.1,11.3,5.5,5.9,5.5,5.4,5.9,4.7,4.3,6.0,5.6,10.0,4.0,7.6,85.8,0.00404,0.19,16.1,0.0,0.0,23.3
47.1,46.4,47.8,58.8,56.6,61.0,43.6,47.0,40.2,49.2,49.6,48.8,0.524,6.4,0.152,5.72,4.99,7.26,0.131,4.5,3.78,0.0362,0.238,0.477,61.5,45.0,140,38,400,3.2,11.7,5.3,5.4,5.0,5.1,7.0,4.4,6.2,5.3,6.6,11.6,4.2,6.8,87.8,0.00374,0.198,16.1,0.0,0.0,24.5
47.6,46.0,49.2,64.1,62.8,65.4,45.0,45.6,44.4,50.1,48.8,51.4,0.53,6.38,0.156,5.69,5.06,7.3,0.136,4.44,3.73,0.0363,0.239,0.485,60.2,44.0,120,41,400,3.4,11.7,4.9,5.4,4.7,6.2,6.3,4.7,7.2,5.7,6.0,12.4,4.0,6.5,89.1,0.00378,0.195,13.1,0.0,0.0,22.2
45.5,45.0,46.0,62.9,62.6,63.2,42.9,44.2,41.6,49.6,57.0,42.2,0.535,6.4,0.155,5.63,5.13,7.32,0.139,4.39,3.71,0.0374,0.238,0.488,59.7,43.0,120,36,400,3.0,12.5,5.1,4.5,5.2,5.7,5.9,5.4,6.5,6.2,4.5,12.0,4.5,6.1,87.1,0.00277,0.195,15.5,0.0,0.0,21.4
46.8,46.8,46.8,62.7,64.2,61.2,44.2,44.4,44.0,50.6,54.4,46.8,0.513,6.23,0.155,5.67,5.23,7.26,0.138,4.45,3.69,0.0374,0.237,0.487,59.0,42.0,140,36,400,4.4,11.5,5.1,5.0,5.8,4.6,5.9,4.4,6.7,5.4,4.7,10.6,3.7,7.1,84.9,0.00467,0.188,15.8,0.0,0.0,21.0
42.7,43.6,41.8,63.8,61.2,66.4,43.2,42.2,44.2,50.6,51.2,50.0,0.515,6.25,0.158,5.6,5.22,7.34,0.136,4.43,3.7,0.0366,0.24,0.483,58.3,42.0,110,39,400,5.4,11.0,6.2,5.9,6.6,5.8,5.1,3.6,5.9,4.8,5.1,9.5,2.8,6.3,84.0,0.00388,0.192,16.8,0.0,0.0,22.8
42.1,41.4,42.8,65.1,64.0,66.2,45.6,44.8,46.4,48.1,51.4,44.8,0.508,6.21,0.159,5.56,5.25,7.41,0.138,4.32,3.69,0.0366,0.234,0.485,58.3,42.0,140,38,400,3.8,11.6,6.7,5.4,6.7,6.1,4.2,4.4,5.5,5.3,5.2,9.9,3.8,6.2,84.8,0.00401,0.19,16.6,0.0,0.0,22.2
45.4,45.4,45.4,66.4,64.2,68.6,43.2,40.6,45.8,48.5,56.2,40.8,0.501,6.14,0.157,5.6,5.28,7.38,0.137,4.45,3.74,0.0365,0.24,0.479,57.9,42.0,140,40,400,2.9,10.7,5.5,5.4,6.3,6.3,4.2,5.2,6.7,5.8,5.0,11.4,4.3,6.4,86.1,0.0041,0.195,15.2,0.0,0.0,23.3
46.9,46.4,47.4,63.6,63.8,63.4,46.0,44.8,47.2,49.5,45.0,54.0,0.524,6.56,0.164,5.88,5.59,7.86,0.144,4.56,3.95,0.0364,0.248,0.509,57.8,42.0,130,42,400,3.7,10.2,4.7,5.6,5.6,5.5,6.0,6.2,5.1,6.1,4.8,12.2,3.6,6.1,85.4,0.00485,0.192,16.1,0.0,0.0,21.8
43.1,43.8,42.4,65.9,62.6,69.2,43.4,43.0,43.8,51.3,49.4,53.2,0.552,6.89,0.171,6.15,5.86,8.18,0.152,4.87,4.14,0.0355,0.256,0.536,57.4,42.0,130,41,400,4.2,10.9,5.2,5.6,5.0,4.4,7.0,6.6,3.6,5.3,4.9,12.0,3.1,7.3,85.1,0.00393,0.2,14.4,0.0,0.0,24.8
42.4,40.0,44.8,38.0,42.0,34.0,43.6,44.4,42.8,39.3,36.8,41.8,0.587,7.13,0.178,6.44,6.15,8.62,0.16,5.12,4.41,0.0353,0.266,0.565,57.1,42.0,110,42,400,3.7,11.2,5.2,6.2,5.0,4.9,5.5,6.6,5.0,5.0,4.4,12.4,3.5,8.8,87.4,0.00387,0.188,14.4,0.0,0.0,23.0
41.6,41.6,41.6,66.6,64.8,68.4,47.1,48.4,45.8,55.5,56.6,54.4,0.511,6.22,0.155,5.52,5.24,7.44,0.135,4.38,3.66,0.0364,0.234,0.472,92.7,79.0,230,73,400,72.0,12.3,7.0,4.17,7.17,5.67,7.17,6.5,5.0,7.17,7.83,10.5,2.33,7.33,162.0,0.00374,0.192,0.0,0.0,0.0,0.0
41.6,41.6,41.6,65.9,64.8,67.0,43.5,44.2,42.8,52.8,42.4,63.2,0.506,6.17,0.157,5.49,5.32,7.37,0.137,4.4,3.7,0.0372,0.235,0.478,79.1,59.0,250,50,400,40.8,11.1,6.8,4.4,6.5,5.9,7.0,6.0,4.9,6.6,7.0,10.2,2.4,7.1,127.0,0.00311,0.189,0.0,0.0,0.0,0.0
43.1,46.8,39.4,68.5,74.2,62.8,41.9,44.8,39.0,53.7,46.2,61.2,0.508,6.13,0.159,5.56,5.31,7.32,0.137,4.42,3.7,0.0362,0.235,0.469,73.1,53.0,120,36,400,3.1,11.3,6.4,4.6,6.0,5.7,5.4,5.2,4.3,6.2,4.7,10.3,3.5,6.0,82.7,0.00386,0.183,21.4,0.0,0.0,35.2
45.1,45.4,44.8,67.7,74.0,61.4,44.5,47.8,41.2,54.2,60.0,48.4,0.511,6.18,0.158,5.43,5.35,7.31,0.14,4.4,3.72,0.0353,0.233,0.472,68.2,48.0,110,36,400,3.7,11.9,6.9,6.3,4.7,5.7,5.2,4.3,6.1,6.1,4.9,11.0,4.5,7.3,88.6,0.00382,0.204,29.4,0.0,0.0,43.7
43.6,41.8,45.4,69.9,69.0,70.8,44.8,42.8,46.8,55.9,53.2,58.6,0.514,6.22,0.159,5.43,5.36,7.42,0.138,4.29,3.68,0.0359,0.238,0.474,66.4,47.0,130,36,400,3.7,11.3,5.6,6.6,4.1,5.5,5.3,4.5,5.9,5.6,5.1,10.4,4.1,9.4,87.1,0.00388,0.186,35.3,0.0,0.0,53.1
42.5,40.8,44.2,66.3,67.4,65.2,45.0,42.4,47.6,55.1,44.8,65.4,0.507,6.24,0.159,5.35,5.32,7.36,0.139,4.42,3.81,0.0351,0.235,0.477,65.3,46.0,150,40,400,3.9,11.9,5.0,5.7,6.2,5.0,5.7,5.4,4.6,5.9,5.5,10.9,4.6,9.6,89.9,0.00392,0.208,20.2,0.0,0.0,25.3
42.3,40.4,44.2,68.5,69.0,68.0,43.4,42.6,44.2,54.8,61.4,48.2,0.512,6.09,0.159,5.47,5.31,7.11,0.139,4.29,3.77,0.0369,0.234,0.484,64.1,45.0,150,42,400,3.6,12.5,4.7,4.8,6.5,4.7,5.4,5.6,5.4,5.7,5.1,10.6,4.2,8.1,86.9,0.00392,0.207,17.8,0.0,0.0,27.7
43.3,45.2,41.4,67.6,66.6,68.6,45.0,43.4,46.6,53.5,49.4,57.6,0.514,6.04,0.154,5.47,5.2,7.2,0.133,4.4,3.76,0.0368,0.236,0.482,64.0,46.0,150,45,400,2.9,14.0,4.2,5.0,6.4,5.9,5.2,5.8,4.5,5.2,4.6,11.5,4.0,7.2,86.4,0.0039,0.22,17.4,0.0,0.0,26.7
42.1,43.4,40.8,66.7,67.4,66.0,59.6,63.2,56.0,53.9,46.4,61.4,0.507,6.03,0.153,5.45,5.19,7.07,0.131,4.41,3.81,0.0357,0.93,0.48,63.0,45.0,140,44,400,2.8,12.5,5.0,5.3,5.5,6.4,5.9,4.8,3.9,5.7,6.0,12.5,4.0,6.8,87.1,0.00383,0.196,18.0,0.0,0.0,28.4
43.7,42.4,45.0,65.8,68.2,63.4,43.7,44.4,43.0,55.0,45.8,64.2,0.515,6.01,0.154,5.44,5.13,7.07,0.133,4.37,3.74,0.0348,0.931,0.478,62.0,45.0,120,40,400,3.1,10.9,6.3,4.7,5.2,4.7,7.2,4.6,4.5,6.4,5.5,11.7,3.5,7.6,85.9,0.0037,0.222,19.2,0.0,0.0,28.6
43.9,43.6,44.2,66.6,71.2,62.0,43.7,42.4,45.0,54.2,48.2,60.2,0.509,6.07,0.15,5.47,5.02,7.04,0.13,4.33,3.79,0.0358,0.927,0.471,61.2,44.0,130,37,400,3.2,11.1,6.3,5.1,5.6,4.4,7.1,5.4,5.1,5.9,4.7,10.5,3.7,8.0,86.1,0.00371,0.199,18.9,0.0,0.0,26.6
43.6,44.4,42.8,62.8,62.8,62.8,44.2,44.2,44.2,53.3,51.8,54.8,0.515,6.0,0.155,5.5,5.08,7.09,0.137,4.37,3.76,0.0348,0.931,0.488,60.5,44.0,140,39,400,3.8,11.6,5.3,5.4,4.9,5.8,6.4,4.4,6.2,6.2,5.8,11.6,4.2,7.0,88.6,0.00435,0.201,21.0,0.0,0.0,26.7
41.7,41.0,42.4,66.0,70.0,62.0,45.3,43.2,47.4,54.1,50.6,57.6,0.518,6.05,0.154,5.4,5.06,7.01,0.135,4.29,3.6,0.0357,0.926,0.487,59.7,44.0,120,40,400,4.5,10.8,5.3,5.3,5.2,6.1,5.9,3.7,5.8,5.4,5.5,12.2,4.6,7.6,87.9,0.00348,0.181,20.0,0.0,0.0,23.3
42.4,41.2,43.6,64.7,64.0,65.4,43.6,41.2,46.0,53.7,59.2,48.2,0.528,6.01,0.153,5.42,5.05,6.92,0.133,4.3,3.57,0.0357,0.928,0.482,59.2,43.0,120,38,400,4.1,9.9,6.4,5.2,5.3,5.7,5.1,5.5,5.8,4.8,4.7,11.4,4.4,8.3,86.6,0.00354,0.21,22.2,0.0,0.0,28.9
43.4,42.4,44.4,63.8,65.0,62.6,44.6,43.2,46.0,54.1,60.6,47.6,0.524,6.0,0.151,5.46,5.04,6.98,0.134,4.19,3.55,0.0356,0.927,0.48,58.4,43.0,110,36,400,3.6,9.8,5.7,4.8,5.3,5.1,6.0,6.9,5.1,5.3,4.7,9.9,3.6,8.1,83.9,0.00347,0.179,19.9,0.0,0.0,29.3
41.5,38.6,44.4,68.8,69.2,68.4,45.2,46.6,43.8,54.8,49.6,60.0,0.519,6.09,0.152,5.46,5.1,6.85,0.132,4.2,3.52,0.0367,0.929,0.477,57.9,42.0,110,36,400,3.7,10.7,4.6,5.0,5.5,4.5,7.2,5.5,4.9,5.3,4.9,9.9,3.1,8.5,83.3,0.00327,0.209,20.6,0.0,0.0,30.0
43.5,43.4,43.6,68.0,69.8,66.2,43.8,42.2,45.4,54.1,42.4,65.8,0.533,6.29,0.154,5.68,5.33,7.27,0.135,4.31,3.65,0.0349,0.934,0.499,58.0,42.0,140,38,400,3.7,10.7,5.9,5.6,5.0,4.5,6.1,4.9,5.8,6.0,5.4,10.5,3.1,8.4,85.6,0.00345,0.196,18.2,0.0,0.0,26.1
45.4,45.4,45.4,69.5,66.4,72.6,45.4,45.2,45.6,54.9,48.8,61.0,0.565,6.59,0.162,5.99,5.63,7.7,0.142,4.65,3.87,0.0366,0.947,0.531,57.7,42.0,150,40,400,3.4,9.3,6.4,5.5,5.2,4.6,5.5,5.7,4.8,6.4,6.0,10.9,2.9,9.8,86.4,0.00279,0.214,17.8,0.0,0.0,25.5
47.4,45.8,49.0,48.7,51.4,46.0,46.2,48.4,44.0,50.0,59.2,40.8,0.598,6.96,0.172,6.23,5.92,8.17,0.15,4.91,4.13,0.0345,0.957,0.56,57.7,42.0,140,42,400,3.3,10.6,5.8,5.8,5.8,4.8,6.0,4.7,5.3,6.8,6.3,12.3,3.3,9.6,90.4,0.0037,0.193,19.2,0.0,0.0,24.8
38.1,38.8,37.4,41.4,40.2,42.6,40.5,41.0,40.0,36.9,35.4,38.4,0.13,2.1,0.0679,1.96,1.6,2.37,0.0419,1.47,1.14,0.0363,0.12,0.156,47.8,37.0,110,37,200,43.0,7.2,3.6,2.2,4.4,3.4,3.2,3.6,4.0,4.2,3.0,7.4,2.6,4.6,96.4,0.00334,0.184,0.0,0.0,0.0,0.0
36.2,35.8,36.6,45.2,44.8,45.6,35.2,36.6,33.8,32.7,30.0,35.4,0.136,2.15,0.0713,2.03,1.72,2.51,0.0469,1.53,1.18,0.0354,0.123,0.162,44.4,34.0,110,39,200,22.1,5.6,3.0,1.9,3.6,2.7,3.0,2.0,2.9,3.0,2.6,6.2,2.4,3.9,64.9,0.00397,0.172,0.0,0.0,0.0,7.72
32.2,31.0,33.4,43.3,41.0,45.6,34.7,35.0,34.4,35.6,33.2,38.0,0.146,2.26,0.0734,2.08,1.81,2.56,0.0479,1.62,1.3,0.0365,0.128,0.172,42.9,32.0,90,25,200,2.1,5.2,3.4,2.0,3.4,2.0,3.3,1.2,2.6,2.5,2.8,6.3,2.2,3.1,42.1,0.00322,0.192,0.0,0.0,0.0,11.9
37.9,35.8,40.0,44.1,44.8,43.4,36.5,37.0,36.0,33.2,32.2,34.2,0.154,2.38,0.0784,2.15,1.88,2.69,0.0529,1.74,1.38,0.0364,0.129,0.186,41.0,30.0,90,24,200,2.4,6.4,3.5,2.9,3.7,2.3,3.0,1.9,2.7,3.1,3.3,7.5,2.3,2.3,47.3,0.00335,0.185,0.0,0.0,0.0,15.0
33.6,34.4,32.8,45.5,45.6,45.4,34.5,39.2,29.8,33.6,33.0,34.2,0.164,2.5,0.0809,2.28,1.99,2.73,0.0554,1.79,1.46,0.0357,0.133,0.194,39.9,29.0,82,24,200,1.8,5.8,3.3,3.4,2.7,2.2,2.5,2.0,2.2,2.7,3.0,6.9,2.4,4.2,45.1,0.0035,0.199,8.15,0.0,0.0,10.3
35.8,36.2,35.4,42.2,44.2,40.2,33.5,31.2,35.8,33.8,29.2,38.4,0.179,2.55,0.083,2.3,2.14,2.86,0.0588,1.92,1.52,0.0373,0.138,0.201,39.6,29.0,85,25,200,2.1,5.6,3.0,3.2,2.4,2.5,2.5,2.9,2.9,2.7,2.7,6.2,2.2,4.8,45.7,0.00356,0.182,9.68,0.0,0.0,8.79
34.4,32.6,36.2,46.5,44.4,48.6,36.1,38.0,34.2,32.7,40.0,25.4,0.194,2.6,0.0853,2.35,2.18,2.92,0.0609,1.95,1.54,0.0375,0.14,0.213,39.1,28.0,87,28,200,2.1,5.7,2.3,2.6,2.4,2.5,3.0,3.1,2.8,3.2,2.3,6.0,2.4,3.4,43.8,0.0039,0.196,11.1,0.0,0.0,7.6
35.7,33.2,38.2,39.8,36.6,43.0,34.5,35.8,33.2,34.6,33.0,36.2,0.216,2.76,0.0893,2.42,2.34,2.99,0.0803,2.0,1.62,0.0366,0.144,0.213,38.9,29.0,87,28,200,2.1,5.7,2.2,2.8,2.4,2.1,3.3,2.7,2.2,3.2,2.1,5.7,2.7,3.9,43.1,0.00414,0.181,4.47,0.0,0.0,8.71
32.3,30.8,33.8,44.0,42.6,45.4,32.3,30.8,33.8,33.3,36.8,29.8,0.217,2.81,0.0903,2.48,2.39,3.07,0.0801,2.07,1.69,0.0367,0.148,0.219,37.9,28.0,79,24,200,2.5,7.0,2.0,2.9,2.7,1.9,2.7,2.8,2.2,2.9,2.8,5.1,2.1,3.7,43.3,0.004,0.198,2.94,0.0,0.0,9.12
37.3,38.8,35.8,43.3,46.6,40.0,33.5,33.6,33.4,36.5,36.4,36.6,0.218,2.85,0.091,2.53,2.51,3.15,0.081,2.18,1.77,0.0359,0.151,0.229,37.4,27.0,72,24,200,2.0,6.3,3.3,2.2,3.2,2.2,2.7,2.6,2.2,2.3,3.7,4.3,1.3,3.8,42.1,0.00382,0.183,4.24,0.0,0.0,10.4
34.9,33.8,36.0,43.3,43.0,43.6,35.5,34.2,36.8,32.2,31.8,32.6,0.222,3.05,0.0904,2.6,2.65,3.28,0.0832,2.25,1.82,0.0369,0.152,0.236,37.1,27.0,73,25,200,2.0,5.5,3.6,2.5,4.1,3.6,2.6,2.9,2.5,2.4,3.5,5.1,1.2,3.7,45.2,0.00391,0.194,2.73,0.0,0.0,9.1
35.8,33.8,37.8,41.6,41.0,42.2,34.6,32.8,36.4,34.2,27.6,40.8,0.231,3.12,0.0945,2.67,2.78,3.41,0.0843,2.33,1.89,0.037,0.155,0.243,37.3,28.0,81,29,200,1.7,6.6,3.7,2.4,3.6,3.0,2.3,2.8,2.7,2.2,2.9,6.0,1.4,4.1,45.4,0.00363,0.187,5.46,0.0,0.0,9.31
33.8,36.4,31.2,42.7,41.8,43.6,33.5,34.2,32.8,36.1,36.2,36.0,0.241,3.2,0.0969,2.75,2.86,3.53,0.0868,2.4,1.96,0.0372,0.159,0.249,36.9,27.0,81,29,200,1.8,5.2,3.4,2.4,3.1,2.1,2.6,2.1,2.9,2.2,2.5,5.2,1.4,4.9,41.8,0.00361,0.201,2.73,0.0,0.0,8.81
34.4,38.0,30.8,43.8,42.0,45.6,33.7,31.8,35.6,33.7,38.0,29.4,0.249,3.28,0.0979,2.81,2.94,3.61,0.0895,2.49,2.0,0.0377,0.16,0.254,36.8,27.0,78,26,200,2.1,5.3,2.7,2.8,3.3,2.4,2.3,2.5,2.4,3.1,2.5,4.9,1.5,4.9,42.7,0.0037,0.192,5.25,0.0,0.0,9.11
36.0,36.6,35.4,40.2,37.8,42.6,36.5,35.8,37.2,33.7,31.8,35.6,0.261,3.38,0.103,2.88,3.08,3.75,0.093,2.55,2.08,0.037,0.165,0.264,37.0,28.0,90,28,200,2.0,5.8,3.0,2.0,2.9,2.7,2.8,2.3,2.5,3.4,2.6,5.1,1.7,3.5,42.3,0.00408,0.201,3.86,0.0,0.0,8.6
35.0,36.8,33.2,42.5,43.6,41.4,34.9,34.8,35.0,35.0,41.4,28.6,0.274,3.49,0.107,2.98,3.21,3.86,0.0963,2.63,2.13,0.0378,0.169,0.273,36.8,27.0,81,28,200,1.8,5.1,2.8,1.9,2.6,2.8,3.4,1.7,3.0,3.2,2.0,5.6,2.4,3.0,41.3,0.0038,0.191,4.74,0.0,0.0,9.13
32.5,36.6,28.4,43.7,42.4,45.0,33.8,35.6,32.0,34.5,36.0,33.0,0.284,3.57,0.108,3.06,3.38,4.0,0.0967,2.77,2.22,0.0369,0.175,0.282,36.7,27.0,78,25,200,1.6,5.7,2.7,2.7,2.6,3.1,2.9,1.9,2.8,3.3,2.6,6.7,2.8,4.2,45.6,0.00312,0.199,3.61,0.0,0.0,9.2
37.2,37.0,37.4,43.5,45.4,41.6,53.4,52.2,54.6,34.8,34.5,35.1,0.304,3.85,0.112,3.25,3.53,4.26,0.102,2.95,2.38,0.0369,0.504,0.3,36.7,27.0,81,27,200,1.7,5.9,2.7,2.8,3.0,2.8,3.3,1.7,2.7,3.0,3.6,6.7,1.9,4.6,46.4,0.00357,0.187,2.27,0.0,0.0,9.18
35.6,34.2,37.0,40.7,40.4,41.0,36.1,34.0,38.2,36.1,39.1,33.1,0.332,4.02,0.121,3.4,3.71,4.46,0.112,3.12,2.5,0.0379,0.877,0.321,36.8,27.0,90,28,200,2.0,5.0,2.4,3.5,3.5,2.9,3.2,1.7,2.5,2.3,2.9,6.2,2.1,4.3,44.5,0.00348,0.196,3.79,0.0,0.0,9.64
42.7,43.4,42.0,45.8,47.2,44.4,50.2,49.8,50.6,38.5,30.8,46.2,0.3,3.54,0.104,3.11,3.22,3.75,0.0957,2.66,2.14,0.0373,0.867,0.263,49.2,40.0,120,42,200,38.8,7.0,3.25,3.0,2.5,3.75,2.25,2.5,3.25,3.0,3.25,5.75,2.0,5.25,85.5,0.00346,0.185,0.0,0.0,0.0,0.0
35.0,36.4,33.6,48.4,45.6,51.2,33.4,36.6,30.2,38.5,38.2,38.8,0.298,3.57,0.105,3.01,3.2,3.83,0.0949,2.69,2.11,0.038,0.866,0.27,44.3,32.0,120,34,200,24.1,5.89,2.56,3.89,2.56,3.22,1.67,2.67,2.89,3.44,3.0,5.67,2.0,4.33,67.9,0.00277,0.169,0.0,0.0,0.0,0.0
34.0,32.4,35.6,41.7,45.8,37.6,37.2,37.4,37.0,38.8,43.0,34.6,0.297,3.59,0.104,3.09,3.15,3.75,0.0944,2.66,2.09,0.0373,0.865,0.27,41.5,30.0,79,25,200,7.2,5.9,2.4,2.8,2.4,3.3,2.1,3.4,2.7,3.2,2.5,6.6,2.5,3.8,50.8,0.00354,0.198,8.16,0.0,0.0,0.0
34.1,35.0,33.2,46.6,50.0,43.2,32.2,32.2,32.2,41.1,39.4,42.8,0.284,3.65,0.103,3.06,3.22,3.78,0.0924,2.66,2.1,0.0363,0.866,0.268,40.2,29.0,79,25,200,3.4,6.3,3.1,1.5,1.7,3.0,3.2,3.6,2.7,2.4,2.5,6.7,2.3,3.9,46.3,0.00543,0.174,11.6,0.0,0.0,20.8
34.0,34.2,33.8,47.2,48.6,45.8,36.6,36.4,36.8,38.4,48.6,28.2,0.28,3.56,0.102,3.03,3.17,3.77,0.0774,2.65,2.09,0.0373,0.866,0.268,40.4,29.0,100,26,200,3.0,6.3,3.5,2.2,1.9,2.5,3.7,3.1,2.3,1.8,2.1,5.9,1.9,3.4,43.6,0.00543,0.198,13.2,0.0,0.0,25.7
36.9,36.0,37.8,42.5,41.6,43.4,35.4,35.0,35.8,38.7,41.2,36.2,0.296,3.66,0.106,3.02,3.19,3.84,0.0821,2.64,2.07,0.0373,0.867,0.275,38.9,28.0,80,24,200,1.9,5.8,3.5,3.2,2.5,2.7,3.7,3.3,2.1,2.0,2.1,6.0,2.0,2.8,43.6,0.00542,0.187,7.72,0.0,0.0,29.1
34.1,33.8,34.4,46.5,44.4,48.6,33.1,32.0,34.2,38.5,38.8,38.2,0.298,3.68,0.104,3.05,3.17,3.79,0.0805,2.6,2.06,0.0382,0.867,0.27,38.2,27.0,78,23,200,1.9,5.5,2.7,3.1,2.2,2.6,3.2,3.4,2.3,3.3,2.8,6.7,2.2,3.4,45.3,0.00606,0.194,8.27,0.0,0.0,14.1
36.4,36.0,36.8,44.8,46.0,43.6,35.4,36.2,34.6,40.1,45.2,35.0,0.295,3.58,0.108,3.03,3.16,3.83,0.0813,2.6,2.06,0.0373,0.867,0.272,38.0,27.0,85,26,200,2.4,5.8,2.5,2.1,2.9,2.7,3.2,2.4,2.6,3.4,3.0,5.5,1.8,3.6,43.9,0.0052,0.174,8.03,0.0,0.0,13.4
37.3,33.6,41.0,44.9,44.6,45.2,33.9,36.4,31.4,38.0,40.6,35.4,0.303,3.6,0.11,3.07,3.14,3.84,0.084,2.56,2.03,0.0372,0.868,0.274,37.8,27.0,84,27,200,2.2,4.8,2.7,2.9,3.1,3.0,3.1,2.1,2.1,2.2,3.6,4.6,1.9,3.7,42.0,0.00353,0.198,9.62,0.0,0.0,14.0
36.6,35.2,38.0,46.8,43.0,50.6,33.5,31.6,35.4,39.0,34.2,43.8,0.308,3.61,0.108,3.04,3.17,3.87,0.0871,2.58,2.02,0.0372,0.868,0.276,38.3,27.0,110,28,200,1.4,5.4,2.5,3.4,2.4,3.3,2.4,2.9,2.4,1.8,3.6,5.3,2.5,4.3,43.6,0.00334,0.185,8.51,0.0,0.0,12.6
34.7,32.2,37.2,46.6,46.2,47.0,33.2,34.0,32.4,40.7,38.2,43.2,0.308,3.61,0.108,3.02,3.24,3.94,0.0867,2.55,2.03,0.0366,0.868,0.276,37.9,27.0,110,28,200,1.8,6.3,2.3,3.0,2.6,3.2,2.4,2.0,3.4,2.6,2.8,4.9,1.8,4.2,43.3,0.00316,0.194,9.84,0.0,0.0,14.2
37.9,36.4,39.4,46.4,47.0,45.8,35.5,35.2,35.8,39.6,47.2,32.0,0.298,3.62,0.107,3.03,3.19,3.9,0.086,2.56,1.97,0.0375,0.866,0.274,37.8,27.0,86,26,200,1.8,5.3,2.2,2.9,3.4,3.3,2.9,1.7,2.2,3.3,2.6,5.2,1.4,4.0,42.2,0.00343,0.187,8.18,0.0,0.0,15.1
32.4,32.6,32.2,45.7,45.4,46.0,34.5,37.8,31.2,36.9,35.0,38.8,0.306,3.57,0.107,2.97,3.18,3.89,0.0845,2.52,1.96,0.0365,0.865,0.27,37.7,27.0,87,25,200,1.7,4.8,2.7,2.4,2.9,3.3,3.2,2.1,1.6,3.1,2.4,6.2,2.0,4.1,42.5,0.00287,0.206,7.97,0.0,0.0,14.8
34.0,34.8,33.2,46.9,47.4,46.4,36.5,36.6,36.4,39.7,38.2,41.2,0.301,3.61,0.109,2.97,3.19,3.9,0.088,2.48,1.97,0.0373,0.867,0.277,37.2,27.0,79,24,200,1.8,4.9,2.3,2.2,2.2,2.8,3.4,2.3,2.8,2.7,3.0,6.0,2.0,4.2,42.6,0.00339,0.192,7.99,0.0,0.0,14.3
36.0,36.6,35.4,48.0,50.0,46.0,34.6,33.6,35.6,38.3,38.6,38.0,0.299,3.52,0.107,3.02,3.19,3.89,0.0868,2.48,1.92,0.0372,0.544,0.271,37.0,26.0,83,23,200,2.6,5.8,1.9,2.3,2.8,2.1,3.3,3.1,3.7,2.7,3.1,5.6,1.8,3.6,44.4,0.00281,0.205,7.97,0.0,0.0,13.6
33.8,32.4,35.2,45.7,47.8,43.6,35.5,33.4,37.6,40.1,45.4,34.8,0.289,3.55,0.104,2.98,3.18,3.87,0.0815,2.43,1.9,0.0362,0.176,0.269,36.7,26.0,84,24,200,2.5,5.5,2.7,2.6,2.7,2.5,2.5,3.2,3.1,2.8,2.0,5.6,1.8,4.1,43.6,0.00386,0.191,8.61,0.0,0.0,14.3
33.6,35.6,31.6,49.2,44.6,53.8,36.5,34.0,39.0,38.4,37.8,39.0,0.286,3.63,0.105,3.06,3.28,3.95,0.0878,2.44,1.93,0.0361,0.178,0.278,36.5,26.0,71,25,200,2.2,5.2,3.4,2.3,2.8,3.0,2.5,2.9,2.7,3.0,2.1,5.4,1.9,5.0,44.4,0.00294,0.205,9.46,0.0,0.0,12.9
33.5,32.6,34.4,49.1,44.4,53.8,32.9,31.0,34.8,37.8,35.8,39.8,0.292,3.79,0.106,3.16,3.41,4.12,0.0895,2.62,2.06,0.037,0.182,0.29,36.5,26.0,78,26,200,2.8,6.1,3.2,2.0,3.2,2.5,2.8,2.5,2.9,3.3,2.2,5.7,1.8,4.5,45.5,0.00447,0.194,8.27,0.0,0.0,13.3
32.8,32.2,33.4,47.2,47.6,46.8,34.6,36.0,33.2,38.6,43.0,34.2,0.303,3.98,0.11,3.35,3.59,4.29,0.0929,2.76,2.17,0.037,0.19,0.301,36.4,26.0,78,25,200,2.3,5.4,2.8,2.4,3.1,2.6,2.7,2.3,3.2,3.3,2.3,5.2,1.2,3.8,42.6,0.00374,0.205,7.8,0.0,0.0,13.9
47.5,49.0,46.0,51.1,51.0,51.2,55.5,54.8,56.2,43.4,50.0,36.8,0.266,3.53,0.0959,2.98,3.12,3.77,0.0811,2.48,1.98,0.038,0.174,0.253,49.0,40.0,110,40,200,36.3,6.33,2.33,3.0,2.67,3.0,2.33,2.0,2.0,2.33,2.0,6.0,1.67,3.33,75.3,0.00398,0.176,0.0,0.0,0.0,0.0
32.4,33.2,31.6,52.4,53.6,51.2,32.5,35.2,29.8,44.9,50.6,39.2,0.249,3.52,0.0923,2.98,3.07,3.78,0.0772,2.47,1.95,0.036,0.171,0.259,45.7,37.0,100,37,200,26.8,6.25,3.13,2.88,2.5,3.25,2.25,2.5,3.75,2.63,2.38,5.88,1.88,4.0,70.0,0.0039,0.175,0.0,0.0,0.0,0.0
31.6,32.0,31.2,50.0,49.6,50.4,36.4,32.2,40.6,42.3,46.8,37.8,0.248,3.48,0.0911,2.99,3.06,3.66,0.0761,2.51,1.98,0.0361,0.171,0.249,44.7,35.0,85,29,200,11.5,5.6,3.1,2.8,2.8,3.2,2.8,3.3,3.9,2.7,2.8,6.6,2.0,4.1,57.2,0.00364,0.179,0.0,0.0,0.0,0.0
35.6,33.8,37.4,52.3,53.8,50.8,32.3,31.2,33.4,43.3,45.8,40.8,0.254,3.47,0.0942,2.96,3.05,3.74,0.0795,2.51,1.95,0.0368,0.17,0.256,43.9,33.0,100,29,200,2.5,4.8,3.1,2.7,2.2,2.6,2.7,3.3,2.6,2.8,2.6,5.6,1.7,3.7,42.9,0.00437,0.173,0.0,0.0,0.0,25.8
30.8,29.4,32.2,50.2,53.0,47.4,35.2,34.2,36.2,45.6,52.8,38.4,0.259,3.48,0.0937,3.03,2.99,3.63,0.0771,2.53,2.0,0.0367,0.171,0.254,44.2,33.0,120,29,200,2.1,5.0,3.1,2.9,2.1,2.3,2.4,2.5,3.1,3.3,2.2,5.8,2.3,3.6,42.7,0.00272,0.185,0.0,0.0,0.0,32.1
34.7,34.4,35.0,51.5,51.0,52.0,34.2,35.2,33.2,44.1,45.8,42.4,0.251,3.44,0.0902,2.99,3.01,3.57,0.0763,2.57,2.02,0.0378,0.173,0.254,43.4,32.0,110,29,200,1.1,5.8,2.5,2.9,3.0,3.1,2.2,2.8,3.4,2.9,2.5,6.8,2.6,3.4,45.0,0.00412,0.177,22.8,0.0,0.0,38.2
30.2,31.4,29.0,49.6,50.4,48.8,33.4,34.6,32.2,42.0,47.0,37.0,0.249,3.4,0.0913,2.99,2.92,3.56,0.0738,2.56,2.02,0.0368,0.173,0.251,42.7,32.0,90,28,200,1.1,5.7,2.6,2.4,3.7,3.4,2.7,3.6,2.1,2.2,2.7,5.4,1.8,3.8,43.2,0.00335,0.186,29.1,0.0,0.0,19.4
33.1,37.0,29.2,49.5,48.0,51.0,33.5,32.8,34.2,44.6,38.8,50.4,0.242,3.45,0.0918,3.03,2.87,3.45,0.0719,2.55,2.01,0.0368,0.173,0.249,41.6,31.0,89,25,200,1.1,4.8,2.4,2.1,3.3,2.8,3.4,3.7,2.5,2.7,2.8,5.0,1.3,3.1,41.0,0.00335,0.178,33.1,0.0,0.0,17.7
33.8,30.2,37.4,49.4,50.6,48.2,37.7,40.4,35.0,43.4,39.6,47.2,0.244,3.42,0.0885,3.02,2.94,3.45,0.0701,2.54,2.04,0.037,0.171,0.248,41.5,30.0,92,25,200,1.8,4.9,2.5,2.3,1.9,2.6,3.0,3.5,3.0,2.7,2.5,4.5,1.3,2.8,39.3,0.00324,0.19,14.4,0.0,0.0,16.9
33.1,34.6,31.6,50.6,55.0,46.2,34.0,34.0,34.0,45.5,50.4,40.6,0.23,3.43,0.0859,3.03,2.88,3.4,0.0701,2.55,2.04,0.0381,0.175,0.252,41.5,30.0,110,25,200,3.0,5.6,3.0,3.1,1.9,3.1,3.5,3.2,2.8,2.8,1.7,5.0,1.5,3.8,44.0,0.00402,0.182,12.3,0.0,0.0,16.8
31.5,32.8,30.2,48.4,51.2,45.6,33.1,36.4,29.8,42.7,42.6,42.8,0.233,3.45,0.0859,3.02,2.86,3.38,0.0679,2.53,1.98,0.0382,0.17,0.245,41.0,29.0,100,25,200,2.6,6.0,2.6,3.2,1.9,3.6,3.4,3.0,2.5,3.1,2.0,5.0,1.3,3.0,43.2,0.00262,0.193,11.7,0.0,0.0,18.2
35.6,37.2,34.0,52.4,48.4,56.4,35.7,33.2,38.2,46.8,49.4,44.2,0.238,3.43,0.0878,2.94,2.88,3.34,0.0692,2.5,2.02,0.0383,0.17,0.254,40.5,29.0,88,25,200,1.6,5.6,2.6,3.5,2.6,2.9,2.6,3.1,2.2,2.7,2.8,4.7,1.6,2.9,41.4,0.0034,0.164,13.1,0.0,0.0,18.3
30.8,32.0,29.6,53.1,55.0,51.2,34.9,36.0,33.8,41.8,42.2,41.4,0.24,3.41,0.0865,2.98,2.86,3.36,0.0696,2.51,1.99,0.0374,0.17,0.247,40.2,29.0,81,26,200,1.9,5.3,3.2,3.1,3.2,2.3,2.8,4.0,3.1,2.3,2.6,5.7,2.5,3.3,45.3,0.00358,0.182,12.5,0.0,0.0,18.9
32.4,32.4,32.4,53.2,54.0,52.4,33.5,34.0,33.0,46.6,42.6,50.6,0.235,3.35,0.0868,2.89,2.81,3.34,0.065,2.52,1.99,0.0375,0.17,0.249,40.0,29.0,83,27,200,2.2,5.7,2.8,3.0,2.2,2.6,2.8,3.0,2.7,2.2,2.3,4.9,2.1,3.7,42.2,0.00297,0.175,13.1,0.0,0.0,17.2
31.5,28.4,34.6,50.8,54.2,47.4,34.8,30.8,38.8,44.0,41.2,46.8,0.241,3.38,0.0868,2.95,2.84,3.29,0.0723,2.52,1.99,0.0374,0.171,0.252,39.9,29.0,86,26,200,1.6,5.6,2.3,3.1,2.5,2.7,3.0,2.2,1.9,3.3,2.0,3.6,1.3,3.8,38.9,0.00399,0.19,12.9,0.0,0.0,19.1
33.9,33.4,34.4,51.4,52.6,50.2,34.0,33.4,34.6,43.0,41.2,44.8,0.24,3.37,0.0873,2.93,2.81,3.31,0.0713,2.55,2.0,0.0375,0.168,0.254,39.8,29.0,91,26,200,1.5,6.4,2.6,2.4,3.0,2.4,3.4,2.9,2.1,3.1,2.0,3.9,1.4,3.8,40.9,0.0047,0.182,12.4,0.0,0.0,18.1
32.8,34.2,31.4,51.5,51.8,51.2,35.5,37.4,33.6,42.7,37.0,48.4,0.245,3.39,0.0895,2.96,2.87,3.32,0.0735,2.46,2.01,0.0373,0.17,0.258,39.9,29.0,110,28,200,1.9,6.4,2.8,2.8,2.1,2.1,2.4,2.4,3.1,2.8,2.5,4.3,1.2,3.9,40.7,0.00395,0.201,13.3,0.0,0.0,19.5
40.0,40.0,40.0,55.4,56.4,54.4,35.8,35.0,36.6,44.5,44.2,44.8,0.258,3.58,0.094,3.07,3.07,3.62,0.0795,2.62,2.14,0.0373,0.177,0.276,40.1,29.0,110,30,200,1.8,6.5,2.6,2.5,2.2,2.1,2.4,2.1,3.1,3.5,2.5,4.1,1.5,4.3,41.2,0.00395,0.192,12.2,0.0,0.0,17.6
36.9,38.8,35.0,48.7,49.8,47.6,35.8,33.4,38.2,45.5,43.1,47.9,0.282,3.77,0.102,3.33,3.28,3.86,0.0857,2.79,2.27,0.0386,0.185,0.293,40.4,29.0,120,32,200,1.7,6.3,2.9,2.4,2.9,2.2,2.8,2.2,3.1,2.8,2.4,5.3,2.3,4.4,43.7,0.00395,0.196,12.4,0.0,0.0,19.1
33.4,34.4,32.4,30.0,29.2,30.8,32.8,33.4,32.2,32.9,34.5,31.3,0.299,3.95,0.103,3.48,3.45,4.12,0.0884,2.96,2.39,0.0373,0.191,0.303,40.4,29.0,120,29,200,1.7,5.2,3.8,2.4,3.3,3.1,3.1,2.2,3.7,2.5,2.3,6.9,2.6,4.3,47.1,0.00349,0.184,11.5,0.0,0.0,17.8
31.9,33.0,30.8,56.2,52.4,60.0,32.8,33.0,32.6,51.1,47.6,54.6,0.248,3.46,0.0923,2.95,2.96,3.55,0.0752,2.49,1.98,0.0385,0.952,0.255,59.9,47.0,160,47,200,31.7,8.0,1.29,2.71,2.57,2.0,2.43,1.86,3.71,3.14,2.57,4.29,2.0,4.29,72.6,0.00378,0.173,0.0,0.0,0.0,16.4
33.6,30.0,37.2,55.9,56.4,55.4,36.3,33.6,39.0,47.3,35.5,59.0,0.249,3.46,0.0926,2.95,2.92,3.63,0.0771,2.45,2.01,0.0367,0.951,0.254,56.6,42.0,130,38,200,18.2,8.0,2.5,3.0,2.8,2.6,2.4,2.3,2.8,2.4,2.4,4.0,1.7,4.6,59.7,0.00387,0.196,13.3,0.0,0.0,23.4
33.9,33.8,34.0,57.8,57.4,58.2,33.6,36.6,30.6,49.7,47.8,51.6,0.252,3.54,0.0939,3.01,2.97,3.57,0.0774,2.51,2.01,0.0377,0.95,0.256,52.9,39.0,110,31,200,1.9,6.1,2.9,2.5,2.7,3.5,1.9,2.5,2.3,2.3,2.5,5.0,2.0,4.1,42.2,0.00463,0.173,19.6,0.0,0.0,30.8
33.5,34.4,32.6,53.3,52.4,54.2,36.3,34.8,37.8,47.2,45.1,49.3,0.26,3.53,0.0934,2.94,3.03,3.65,0.078,2.48,2.02,0.0378,0.951,0.261,50.5,37.0,97,29,200,2.2,5.9,2.0,2.6,3.2,3.4,1.9,2.5,3.0,2.7,2.6,5.3,2.3,4.4,44.0,0.00402,0.197,25.6,0.0,0.0,21.1
34.1,30.4,37.8,58.3,58.0,58.6,34.7,32.2,37.2,49.7,47.7,51.7,0.269,3.53,0.0983,2.98,2.92,3.61,0.0812,2.51,2.04,0.0377,0.951,0.263,48.9,35.0,88,29,200,2.2,5.6,2.0,3.0,2.6,3.4,2.4,2.2,2.7,2.7,2.6,4.9,2.1,4.9,43.3,0.00483,0.193,18.1,0.0,0.0,21.3
32.6,29.8,35.4,55.9,52.6,59.2,34.3,37.2,31.4,47.7,50.0,45.4,0.274,3.51,0.1,2.98,2.99,3.63,0.0811,2.51,2.03,0.0367,0.948,0.264,48.1,34.0,110,29,200,2.4,5.7,2.0,2.7,2.6,3.0,3.0,2.4,2.2,2.7,1.9,5.2,2.4,5.4,43.6,0.00399,0.201,15.9,0.0,0.0,21.9
33.3,31.2,35.4,55.6,57.2,54.0,35.4,34.8,36.0,49.9,49.0,50.8,0.276,3.5,0.101,3.04,2.92,3.65,0.084,2.56,2.09,0.0366,0.953,0.272,47.0,33.0,130,27,200,2.2,6.0,2.6,2.7,3.2,1.9,2.3,2.7,2.3,2.9,1.7,4.7,2.0,4.4,41.6,0.00402,0.187,16.6,0.0,0.0,22.3
32.8,33.2,32.4,56.9,59.6,54.2,37.7,41.6,33.8,50.7,56.0,45.4,0.279,3.51,0.0998,3.05,2.91,3.68,0.0848,2.55,2.06,0.0377,0.952,0.265,47.1,33.0,130,27,200,1.5,7.1,3.5,2.9,2.5,1.9,2.4,2.8,1.7,3.2,2.3,5.8,1.9,3.5,43.0,0.00386,0.201,16.6,0.0,0.0,24.6
35.3,34.4,36.2,57.2,54.2,60.2,37.3,36.8,37.8,48.3,52.0,44.6,0.276,3.55,0.0983,3.09,2.94,3.65,0.0839,2.58,2.09,0.0377,0.953,0.272,46.4,32.0,130,29,200,1.9,6.9,3.9,3.0,2.5,2.6,2.9,2.7,2.8,1.8,2.0,6.4,2.4,3.3,45.1,0.00363,0.189,17.8,0.0,0.0,23.1
32.2,34.6,29.8,56.1,55.4,56.8,35.5,32.8,38.2,47.4,52.0,42.8,0.287,3.59,0.102,3.13,2.94,3.69,0.0847,2.57,2.12,0.0384,0.954,0.277,46.0,32.0,110,28,200,2.3,5.3,3.6,2.3,2.9,2.9,2.2,2.2,4.2,1.7,3.2,6.3,2.6,4.3,46.0,0.00366,0.201,17.7,0.0,0.0,23.6
33.4,30.8,36.0,52.7,54.6,50.8,36.5,39.8,33.2,50.3,46.2,54.4,0.296,3.58,0.104,3.16,2.94,3.75,0.0806,2.57,2.11,0.0376,0.957,0.278,46.3,32.0,110,31,200,2.1,5.2,2.6,2.3,2.7,2.7,2.6,2.2,3.5,3.0,3.5,7.2,2.5,4.5,46.6,0.00348,0.195,17.0,0.0,0.0,21.4
32.9,30.4,35.4,55.3,54.6,56.0,34.8,34.8,34.8,49.0,48.6,49.4,0.296,3.58,0.104,3.13,2.92,3.73,0.0823,2.54,2.11,0.0375,0.957,0.279,46.0,32.0,120,33,200,1.9,6.4,1.9,3.2,2.4,2.8,1.9,2.9,2.9,3.9,1.9,6.4,2.0,4.6,45.1,0.00354,0.209,16.9,0.0,0.0,24.0
32.0,34.6,29.4,57.1,58.4,55.8,34.7,37.6,31.8,47.3,42.4,52.2,0.289,3.6,0.102,3.09,2.91,3.74,0.081,2.61,2.1,0.0367,0.957,0.278,45.9,32.0,110,30,200,1.5,6.9,1.7,2.8,2.6,3.4,1.2,2.5,2.9,3.4,2.3,4.6,1.3,4.2,41.3,0.00347,0.198,15.1,0.0,0.0,22.4
33.2,34.4,32.0,57.0,52.2,61.8,33.9,33.6,34.2,50.0,53.8,46.2,0.294,3.57,0.102,3.19,2.87,3.61,0.08,2.6,2.08,0.0374,0.956,0.277,45.6,32.0,100,31,200,2.1,6.2,2.5,3.1,2.7,2.8,2.4,2.1,2.4,3.8,2.1,4.4,1.2,3.1,40.9,0.00342,0.206,14.1,0.0,0.0,23.4
34.0,31.4,36.6,57.0,58.0,56.0,35.8,36.8,34.8,48.2,49.2,47.2,0.287,3.57,0.0983,3.12,2.83,3.59,0.0765,2.57,2.05,0.0373,0.956,0.276,45.4,32.0,100,30,200,2.3,5.9,2.3,3.3,2.8,2.5,2.9,2.2,2.8,4.0,1.9,5.5,1.8,2.9,43.1,0.00322,0.191,16.8,0.0,0.0,22.5
32.0,31.6,32.4,57.8,59.6,56.0,35.5,34.8,36.2,49.7,41.4,58.0,0.285,3.61,0.0999,3.13,2.85,3.51,0.078,2.53,2.04,0.0375,0.955,0.282,45.3,32.0,110,30,200,1.8,5.9,1.7,2.6,3.3,3.2,2.6,1.5,3.1,3.4,3.2,5.7,2.0,3.3,43.3,0.00323,0.204,16.5,0.0,0.0,24.0
32.6,32.4,32.8,55.0,57.8,52.2,32.6,33.6,31.6,50.2,49.4,51.0,0.297,3.73,0.101,3.32,2.98,3.7,0.0789,2.65,2.18,0.0364,0.962,0.293,45.3,31.0,120,31,200,2.0,5.3,2.2,2.9,2.6,2.6,2.6,2.0,2.4,3.6,3.2,5.5,1.7,4.6,43.2,0.00304,0.185,19.1,0.0,0.0,20.8
32.5,30.6,34.4,57.3,57.8,56.8,36.5,33.4,39.6,47.4,46.6,48.2,0.309,3.88,0.102,3.45,3.09,3.85,0.0818,2.83,2.29,0.0383,0.967,0.309,44.8,31.0,98,28,200,1.9,4.9,2.8,3.2,2.1,2.1,2.7,3.8,2.5,3.0,3.0,5.1,1.3,4.0,42.4,0.00331,0.213,16.8,0.0,0.0,20.2
34.8,37.6,32.0,37.7,38.6,36.8,33.9,33.2,34.6,43.2,42.2,44.2,0.323,4.11,0.107,3.63,3.3,4.06,0.0865,2.97,2.4,0.0383,0.974,0.322,44.6,31.0,97,28,200,2.2,5.1,3.4,2.8,2.5,2.5,2.0,3.3,2.7,2.6,3.5,5.1,1.4,3.8,42.9,0.0037,0.194,17.3,0.0,0.0,22.0
37.5,35.8,39.2,61.6,60.2,63.0,40.2,40.8,39.6,55.9,62.0,49.8,0.296,3.55,0.1,3.13,2.9,3.48,0.0793,2.63,2.11,0.037,0.18,0.285,50.9,38.0,130,38,200,34.2,7.33,2.67,2.17,3.0,2.83,3.67,5.17,3.0,2.33,3.83,6.0,3.0,4.83,84.0,0.00346,0.186,0.0,0.0,0.0,0.0
36.1,36.2,36.0,57.4,60.2,54.6,34.5,32.6,36.4,53.4,55.3,51.5,0.286,3.55,0.0983,3.1,2.98,3.53,0.0796,2.62,2.11,0.0377,0.181,0.281,49.6,36.0,140,42,200,21.5,7.0,2.9,3.7,2.9,3.4,3.4,4.3,3.1,2.4,3.7,7.1,3.3,4.3,73.0,0.0042,0.207,0.0,0.0,0.0,24.9
35.6,33.2,38.0,63.2,64.6,61.8,32.8,33.8,31.8,54.9,51.5,58.3,0.29,3.57,0.1,3.07,2.98,3.64,0.0796,2.62,2.14,0.0368,0.18,0.279,47.3,34.0,100,31,200,2.0,5.4,2.0,3.8,2.8,2.8,2.4,2.9,2.5,1.7,2.2,5.3,2.2,2.9,40.9,0.00309,0.193,0.0,0.0,0.0,32.8
37.1,35.8,38.4,58.8,58.4,59.2,32.1,33.4,30.8,54.1,52.4,55.8,0.296,3.53,0.1,3.04,3.08,3.68,0.0799,2.63,2.14,0.0377,0.178,0.281,47.1,34.0,110,30,200,1.7,6.1,3.2,3.2,3.4,2.3,2.6,3.2,2.8,1.8,2.2,5.5,1.9,3.1,43.0,0.00243,0.215,30.2,0.0,0.0,44.0
39.2,39.4,39.0,61.5,64.8,58.2,35.5,37.4,33.6,53.1,57.8,48.4,0.286,3.5,0.103,3.02,3.13,3.68,0.0796,2.66,2.13,0.0365,0.177,0.284,46.6,34.0,110,33,200,1.4,6.0,4.3,3.1,2.8,2.3,2.4,3.0,3.4,2.1,3.4,6.4,2.7,3.4,46.7,0.00324,0.196,35.2,0.0,0.0,26.4
33.9,35.0,32.8,59.7,58.0,61.4,33.2,34.2,32.2,53.3,55.2,51.4,0.286,3.48,0.104,2.98,3.12,3.75,0.082,2.62,2.17,0.0373,0.176,0.277,46.8,34.0,120,33,200,2.2,6.3,3.3,2.1,2.8,3.1,1.5,2.7,3.5,2.7,3.8,6.0,2.5,3.3,45.8,0.00331,0.201,42.7,0.0,0.0,28.4
34.6,36.6,32.6,63.1,66.0,60.2,34.6,32.6,36.6,54.1,54.2,54.0,0.282,3.45,0.103,2.95,3.16,3.72,0.0809,2.66,2.13,0.0357,0.177,0.274,46.6,34.0,120,32,200,2.6,6.2,3.0,2.4,2.8,3.4,1.6,3.2,2.9,2.6,2.8,6.0,2.1,4.3,45.9,0.00312,0.187,19.0,0.0,0.0,27.3
36.8,37.2,36.4,63.0,64.6,61.4,34.2,32.2,36.2,51.0,41.4,60.6,0.287,3.46,0.105,2.88,3.24,3.77,0.0839,2.63,2.16,0.0373,0.173,0.279,47.1,35.0,120,36,200,1.7,5.5,3.1,2.7,2.6,3.1,2.4,3.0,3.0,2.4,2.4,6.4,2.6,4.8,45.7,0.00342,0.2,21.4,0.0,0.0,29.2
31.6,31.6,31.6,58.9,55.8,62.0,34.1,32.8,35.4,55.0,62.6,47.4,0.286,3.44,0.105,2.88,3.21,3.77,0.0819,2.64,2.17,0.0372,0.173,0.275,47.9,34.0,140,37,200,1.5,5.8,3.2,2.7,3.0,3.1,3.2,2.6,3.3,2.8,2.3,7.0,2.4,3.7,46.6,0.00342,0.18,21.5,0.0,0.0,27.8
32.8,33.6,32.0,61.5,59.8,63.2,32.4,33.0,31.8,53.4,50.2,56.6,0.282,3.38,0.102,2.92,3.27,3.77,0.0801,2.63,2.14,0.0372,0.173,0.272,47.1,34.0,130,31,200,1.5,5.5,3.3,3.0,2.8,2.3,2.8,2.8,3.1,2.0,1.7,5.2,1.4,2.7,40.1,0.0034,0.192,23.3,0.0,0.0,28.2
33.2,32.6,33.8,60.6,60.4,60.8,34.5,33.2,35.8,54.7,57.8,51.6,0.278,3.42,0.101,2.86,3.27,3.75,0.0788,2.65,2.16,0.0373,0.174,0.271,47.5,34.0,120,34,200,1.7,5.3,4.2,2.5,3.2,2.4,2.1,2.2,3.1,2.2,1.5,5.5,1.1,3.2,40.2,0.00342,0.184,20.2,0.0,0.0,27.3
34.9,34.4,35.4,60.7,64.2,57.2,33.2,37.2,29.2,53.6,46.8,60.4,0.266,3.41,0.101,2.83,3.31,3.74,0.0797,2.66,2.16,0.0354,0.171,0.269,47.4,34.0,120,35,200,1.9,5.7,3.7,2.5,3.0,2.8,2.4,2.2,2.6,3.0,2.4,6.0,0.8,3.9,42.9,0.00368,0.199,22.1,0.0,0.0,27.6
35.8,34.0,37.6,60.3,66.2,54.4,33.1,32.0,34.2,53.5,50.0,57.0,0.271,3.35,0.102,2.81,3.28,3.75,0.0797,2.68,2.18,0.0363,0.171,0.274,47.0,34.0,120,29,200,1.9,5.6,2.5,3.4,2.4,3.1,2.8,2.6,1.9,3.2,3.2,5.6,1.3,4.1,43.6,0.00356,0.187,19.6,0.0,0.0,26.5
33.1,34.0,32.2,61.2,68.8,53.6,37.4,34.8,40.0,52.8,54.6,51.0,0.274,3.37,0.106,2.74,3.34,3.79,0.0845,2.69,2.14,0.036,0.173,0.279,46.6,34.0,92,30,200,2.0,6.4,2.3,3.1,3.0,2.9,3.0,2.8,1.6,3.5,2.7,6.2,2.0,4.6,46.1,0.00442,0.192,21.9,0.0,0.0,24.2
35.0,34.4,35.6,61.6,62.8,60.4,35.0,35.8,34.2,56.2,50.4,62.0,0.289,3.47,0.108,2.78,3.41,3.81,0.0856,2.67,2.17,0.0359,0.173,0.282,46.2,33.0,92,31,200,1.7,5.8,2.1,2.9,2.9,2.8,3.2,2.6,2.9,3.3,2.7,6.5,2.7,4.1,46.2,0.00371,0.189,19.3,0.0,0.0,26.1
33.7,36.8,30.6,63.1,62.6,63.6,34.4,31.0,37.8,53.9,51.0,56.8,0.295,3.4,0.106,2.76,3.39,3.84,0.0851,2.71,2.18,0.0359,0.171,0.286,46.2,33.0,110,32,200,2.2,5.4,2.5,2.7,2.8,3.0,3.3,2.3,3.6,2.2,3.6,7.0,3.0,4.2,47.8,0.00392,0.199,19.7,0.0,0.0,25.3
36.1,36.2,36.0,61.3,63.6,59.0,35.9,37.4,34.4,54.4,55.4,53.4,0.313,3.51,0.113,2.86,3.57,3.99,0.0908,2.79,2.27,0.036,0.174,0.3,46.6,34.0,120,37,200,2.2,5.6,2.5,2.8,2.6,2.3,2.7,2.5,3.1,2.0,3.2,7.0,2.5,4.6,45.6,0.00392,0.185,19.5,0.0,0.0,29.5
31.9,33.2,30.6,58.7,53.8,63.6,34.8,36.6,33.0,54.8,50.8,58.8,0.332,3.69,0.116,3.0,3.75,4.22,0.0942,2.95,2.4,0.0358,0.183,0.32,46.4,33.0,120,34,200,1.6,5.0,2.8,2.7,2.6,1.8,2.2,3.3,3.0,2.6,2.8,7.4,2.7,4.4,44.9,0.00322,0.195,20.1,0.0,0.0,29.3
32.6,30.8,34.4,48.5,48.0,49.0,32.7,35.0,30.4,53.4,61.8,45.0,0.342,3.88,0.118,3.13,3.9,4.36,0.0969,3.09,2.49,0.0367,0.187,0.331,46.2,33.0,100,29,200,1.4,6.0,3.0,2.8,2.8,2.5,1.8,3.6,3.0,1.8,3.7,6.0,2.1,4.2,44.7,0.00375,0.195,22.6,0.0,0.0,28.8
43.7,44.4,43.0,47.6,49.0,46.2,51.3,50.0,52.6,32.5,30.9,34.1,0.295,2.82,0.103,2.93,3.35,3.97,0.0827,2.71,2.26,0.0351,0.175,0.286,80.7,61.0,220,76,300,79.0,10.0,6.5,6.25,7.75,6.0,8.75,5.75,7.75,7.25,5.5,15.3,4.75,9.25,180.0,0.00362,0.175,0.0,0.0,0.0,0.0
38.8,39.2,38.4,48.8,46.8,50.8,38.6,42.4,34.8,35.8,33.3,38.3,0.3,3.72,0.101,3.02,3.39,3.98,0.0826,2.83,2.29,0.0361,0.176,0.295,66.9,45.0,210,53,300,36.3,8.0,4.56,5.22,5.67,4.22,6.11,4.0,5.22,5.11,4.0,10.7,2.89,7.11,109.0,0.00366,0.197,0.0,0.0,0.0,0.0
38.0,38.0,38.0,47.0,50.4,43.6,40.3,39.8,40.8,33.2,29.4,37.0,0.302,3.77,0.103,3.2,3.36,4.06,0.0813,2.92,2.37,0.0362,0.18,0.299,60.6,38.0,88,25,300,2.3,7.2,3.7,4.5,3.7,4.1,4.4,3.1,4.3,4.2,3.3,8.9,2.4,5.3,61.4,0.0038,0.183,5.29,0.0,0.0,11.3
35.7,32.4,39.0,47.2,45.8,48.6,37.9,38.6,37.2,35.0,35.4,34.6,0.296,3.87,0.101,3.27,3.42,4.15,0.0821,2.96,2.42,0.0363,0.18,0.306,55.7,35.0,80,25,300,2.5,8.9,4.1,3.8,3.7,4.8,4.4,3.6,4.7,4.5,3.7,10.1,2.8,5.7,67.3,0.00385,0.198,5.29,0.0,0.0,14.3
38.4,40.0,36.8,43.3,39.4,47.2,39.0,39.6,38.4,34.6,36.0,33.3,0.289,3.95,0.0985,3.36,3.44,4.13,0.0781,3.0,2.44,0.0355,0.182,0.304,53.0,33.0,77,25,300,3.3,10.0,4.2,3.1,3.5,4.1,3.7,4.1,4.1,3.8,3.1,7.9,2.2,5.9,63.0,0.00299,0.188,7.95,0.0,0.0,17.7
39.8,39.6,40.0,45.2,44.6,45.8,39.8,38.4,41.2,36.3,38.8,33.8,0.289,4.06,0.0976,3.44,3.56,4.3,0.0783,2.98,2.42,0.0357,0.185,0.313,50.2,31.0,84,25,300,3.6,9.6,3.7,3.5,3.9,4.2,3.8,4.3,3.6,3.7,3.2,6.2,1.7,6.2,61.2,0.00371,0.194,3.95,0.0,0.0,8.99
38.7,42.2,35.2,45.5,43.4,47.6,40.4,42.2,38.6,32.3,27.4,37.2,0.311,4.12,0.106,3.54,3.56,4.34,0.0847,3.03,2.48,0.0366,0.188,0.322,48.7,31.0,84,26,300,3.3,8.4,3.2,4.4,4.3,4.5,3.8,4.3,4.2,3.9,4.0,7.3,2.0,5.9,63.5,0.00302,0.176,5.38,0.0,0.0,9.26
37.3,37.8,36.8,48.8,48.6,49.0,48.0,46.0,50.0,36.7,34.6,38.8,0.315,4.27,0.105,3.65,3.6,4.5,0.0847,3.08,2.5,0.0355,0.187,0.331,47.7,30.0,110,27,300,4.2,7.2,3.4,4.6,4.3,3.6,4.4,4.3,4.5,3.5,3.6,8.1,2.3,5.6,63.6,0.0036,0.189,4.2,0.0,0.0,9.21
39.0,39.4,38.6,45.3,46.6,44.0,50.3,53.0,47.6,34.1,29.0,39.2,0.333,4.37,0.108,3.73,3.66,4.56,0.0882,3.13,2.58,0.0374,0.945,0.336,47.4,30.0,120,29,300,4.1,7.1,3.5,3.9,4.1,3.1,4.6,4.2,4.0,3.7,3.5,7.7,2.9,5.9,62.3,0.00343,0.177,4.36,0.0,0.0,9.73
38.2,36.0,40.4,46.4,46.2,46.6,41.6,41.2,42.0,31.9,27.4,36.4,0.331,4.43,0.111,3.87,3.66,4.64,0.0904,3.19,2.59,0.0374,0.947,0.335,46.5,30.0,100,28,300,2.9,8.7,3.6,3.8,3.1,3.9,4.8,4.2,4.6,3.8,3.9,7.5,3.0,6.6,64.4,0.00404,0.193,4.44,0.0,0.0,8.88
41.0,41.4,40.6,47.2,46.4,48.0,38.5,35.4,41.6,37.2,36.5,37.8,0.335,4.53,0.109,4.0,3.74,4.74,0.0872,3.21,2.61,0.0368,0.946,0.342,45.5,30.0,84,27,300,2.9,9.6,3.6,4.7,3.0,3.9,4.3,5.6,5.2,4.0,3.3,7.9,2.2,7.0,67.2,0.00257,0.173,2.96,0.0,0.0,8.21
41.0,38.8,43.2,43.9,45.2,42.6,39.2,40.2,38.2,32.4,31.5,33.3,0.327,4.57,0.111,4.08,3.83,4.97,0.0911,3.27,2.64,0.036,0.948,0.345,44.7,29.0,80,27,300,2.2,9.2,3.8,4.1,3.7,3.4,4.3,5.9,4.3,4.2,2.9,7.6,2.3,5.8,63.7,0.00379,0.196,4.35,0.0,0.0,8.63
40.5,42.8,38.2,46.0,45.6,46.4,38.8,40.6,37.0,37.2,38.6,35.8,0.328,4.63,0.114,4.16,3.88,5.09,0.0907,3.3,2.65,0.0359,0.952,0.347,44.0,29.0,79,27,300,2.1,9.6,3.9,3.3,3.7,4.4,5.1,5.0,3.6,3.6,3.5,7.3,2.3,5.6,63.0,0.00244,0.183,2.83,0.0,0.0,9.62
42.3,43.8,40.8,44.4,41.8,47.0,40.6,39.6,41.6,34.8,38.4,31.2,0.326,4.7,0.111,4.16,3.9,5.2,0.0904,3.31,2.65,0.0369,0.954,0.35,43.6,29.0,91,28,300,3.5,9.1,5.0,3.3,3.6,4.8,5.0,4.5,3.8,3.5,4.2,7.3,2.4,5.5,65.5,0.00312,0.198,5.47,0.0,0.0,9.81
40.8,41.6,40.0,42.8,45.0,40.6,40.6,40.8,40.4,32.7,31.8,33.6,0.33,4.81,0.115,4.28,4.0,5.32,0.0943,3.32,2.67,0.0373,0.952,0.349,43.1,29.0,91,27,300,3.7,8.0,5.2,3.0,4.1,4.2,4.9,3.6,4.2,3.4,4.3,7.1,2.7,5.3,63.7,0.00312,0.171,2.64,0.0,0.0,9.09
38.8,40.6,37.0,45.1,45.4,44.8,40.4,38.6,42.2,36.2,37.6,34.8,0.335,4.86,0.119,4.43,4.07,5.45,0.0981,3.4,2.73,0.0364,0.955,0.363,42.7,29.0,83,26,300,3.5,8.3,3.6,3.5,4.3,4.2,4.4,3.8,4.9,3.9,4.2,7.7,2.5,5.4,64.2,0.00372,0.198,4.62,0.0,0.0,9.14
39.7,38.6,40.8,46.6,45.4,47.8,40.9,42.6,39.2,32.3,32.6,32.0,0.357,5.09,0.123,4.63,4.26,5.76,0.101,3.56,2.85,0.0362,0.963,0.376,42.3,29.0,85,26,300,3.7,7.7,2.9,4.7,4.5,3.7,3.7,4.5,4.0,4.6,4.6,8.4,2.6,5.4,65.0,0.0031,0.181,3.42,0.0,0.0,8.9
37.7,38.2,37.2,44.9,43.0,46.8,44.6,43.0,46.2,34.7,36.0,33.4,0.377,5.35,0.126,4.88,4.5,6.02,0.105,3.75,3.0,0.0384,0.971,0.398,42.2,29.0,90,26,300,4.1,6.5,4.3,4.4,4.0,3.3,4.3,5.3,3.2,4.3,4.0,9.1,3.2,6.3,66.3,0.00398,0.192,3.42,0.0,0.0,9.36
38.0,34.0,42.0,45.0,46.4,43.6,38.9,40.0,37.8,37.5,35.0,40.0,0.396,5.55,0.131,5.11,4.68,6.24,0.112,3.92,3.12,0.0374,0.98,0.419,42.1,29.0,120,26,300,3.7,7.8,4.3,3.6,4.0,3.4,4.5,4.8,3.7,4.1,3.3,8.1,2.8,5.9,64.0,0.00339,0.176,3.92,0.0,0.0,9.65
50.2,49.0,51.4,48.3,48.0,48.6,56.5,55.4,57.6,39.1,34.4,43.8,0.378,4.21,0.124,4.46,4.11,5.54,0.101,3.38,2.64,0.0385,0.959,0.358,118.0,110.0,240,120,300,82.7,14.3,3.67,5.33,7.67,7.0,4.67,5.67,5.33,8.0,6.33,11.3,4.33,6.67,173.0,0.00344,0.182,0.0,0.0,0.0,0.0
35.3,34.8,35.8,51.9,53.8,50.0,38.1,36.8,39.4,38.1,39.6,36.6,0.375,4.91,0.122,4.45,3.98,5.55,0.102,3.32,2.65,0.0385,0.956,0.355,95.6,83.0,230,81,300,40.1,9.88,3.13,4.63,5.88,5.25,4.88,5.38,4.63,5.0,4.75,9.75,4.0,6.38,114.0,0.0037,0.193,0.0,0.0,0.0,11.9
37.5,39.6,35.4,50.0,50.8,49.2,40.1,39.2,41.0,38.7,38.2,39.2,0.385,4.86,0.127,4.52,4.01,5.49,0.104,3.45,2.7,0.0384,0.955,0.362,81.9,62.0,88,26,300,8.7,8.0,3.6,3.7,5.2,4.1,4.7,4.7,3.8,3.2,4.4,7.8,3.1,6.5,71.5,0.00292,0.188,7.75,0.0,0.0,16.0
37.2,38.8,35.6,52.2,49.4,55.0,42.8,42.4,43.2,40.0,46.6,33.4,0.375,4.92,0.125,4.49,4.02,5.57,0.102,3.39,2.65,0.0375,0.959,0.362,73.4,49.0,89,28,300,3.8,8.3,4.6,3.5,5.3,3.4,3.9,3.9,3.5,3.7,4.5,7.6,2.3,6.1,64.4,0.00494,0.2,9.84,0.0,0.0,19.6
36.9,35.8,38.0,52.8,54.4,51.2,39.2,38.6,39.8,41.0,39.8,42.2,0.38,4.81,0.126,4.49,4.02,5.5,0.105,3.35,2.68,0.0383,0.962,0.363,67.9,43.0,99,27,300,4.2,8.9,4.6,3.8,4.0,3.4,3.4,4.0,3.7,4.5,4.2,8.0,2.2,6.1,65.0,0.00494,0.183,12.0,0.0,0.0,13.7
38.2,38.6,37.8,49.4,50.8,48.0,40.5,40.4,40.6,39.4,34.4,44.4,0.38,4.76,0.125,4.55,4.01,5.57,0.103,3.38,2.66,0.0377,0.208,0.361,63.2,39.0,88,25,300,3.0,9.6,4.3,3.5,2.7,3.0,3.6,4.4,3.9,4.4,5.0,7.8,2.5,5.8,63.5,0.00506,0.203,6.97,0.0,0.0,14.3
36.0,36.6,35.4,52.2,56.4,48.0,39.9,38.8,41.0,39.7,41.8,37.6,0.381,4.85,0.123,4.54,4.02,5.56,0.101,3.37,2.68,0.0374,0.208,0.359,60.0,36.0,87,25,300,2.7,8.6,4.1,4.6,4.0,3.1,4.4,4.0,3.6,3.9,4.6,9.0,2.8,5.0,64.4,0.00477,0.196,7.66,0.0,0.0,15.2
37.6,35.6,39.6,50.4,52.2,48.6,42.1,42.2,42.0,39.1,36.4,41.8,0.389,4.84,0.128,4.52,3.98,5.5,0.106,3.34,2.7,0.0376,0.208,0.368,57.4,34.0,88,25,300,3.0,7.7,3.7,5.6,4.7,4.0,4.5,4.6,3.1,4.1,3.0,9.1,2.8,5.6,65.5,0.00545,0.194,8.17,0.0,0.0,13.4
38.7,38.6,38.8,50.5,51.2,49.8,37.7,40.8,34.6,40.1,40.2,40.0,0.386,4.82,0.126,4.47,3.92,5.36,0.103,3.32,2.66,0.0384,0.206,0.364,55.5,33.0,85,26,300,2.8,8.1,4.8,4.7,4.0,4.4,4.3,4.3,3.7,4.6,2.8,8.3,3.2,5.3,65.3,0.00363,0.19,8.93,0.0,0.0,12.4
36.4,35.4,37.4,50.7,52.6,48.8,39.9,37.4,42.4,37.6,38.2,37.0,0.39,4.82,0.127,4.54,3.82,5.28,0.105,3.32,2.7,0.0376,0.206,0.37,53.7,33.0,80,27,300,2.9,9.8,4.7,3.7,3.4,4.7,3.8,3.3,4.8,4.0,3.6,8.1,3.0,5.8,65.6,0.00445,0.208,8.56,0.0,0.0,13.4
37.9,35.8,40.0,52.0,52.2,51.8,39.3,41.6,37.0,40.7,47.4,34.0,0.386,4.77,0.128,4.59,3.85,5.25,0.105,3.36,2.68,0.0386,0.207,0.37,52.8,32.0,97,27,300,3.0,10.6,3.3,3.3,2.9,4.2,3.5,3.8,4.1,4.2,3.9,7.2,2.7,6.3,63.0,0.00366,0.182,7.24,0.0,0.0,13.5
37.0,35.0,39.0,51.7,48.8,54.6,43.0,45.0,41.0,38.7,42.2,35.2,0.386,4.78,0.126,4.58,3.83,5.17,0.103,3.4,2.65,0.0367,0.209,0.37,51.6,32.0,100,28,300,3.5,9.4,4.6,2.9,3.2,3.7,4.3,4.4,4.6,3.6,4.1,7.8,3.1,5.5,64.7,0.00368,0.187,7.94,0.0,0.0,14.7
38.3,37.4,39.2,51.6,52.0,51.2,38.7,38.8,38.6,41.2,45.2,37.2,0.398,4.82,0.125,4.53,3.83,5.21,0.103,3.35,2.67,0.0385,0.211,0.369,50.5,31.0,88,27,300,3.2,7.9,4.4,2.8,3.1,5.0,4.5,4.5,4.1,2.8,4.5,8.1,2.6,4.9,62.4,0.00373,0.181,8.12,0.0,0.0,13.1
41.6,40.4,42.8,51.6,52.6,50.6,41.7,42.0,41.4,39.7,40.6,38.8,0.386,4.72,0.126,4.56,3.82,5.21,0.104,3.31,2.63,0.0379,0.209,0.378,49.9,31.0,95,28,300,2.7,8.5,3.6,3.5,3.3,5.7,4.1,5.2,3.0,2.8,5.0,8.0,2.5,6.0,63.9,0.00373,0.189,9.66,0.0,0.0,13.9
38.3,39.6,37.0,50.5,49.6,51.4,36.8,39.8,33.8,39.1,39.2,39.0,0.396,4.73,0.128,4.53,3.77,5.17,0.106,3.39,2.66,0.0375,0.211,0.371,49.3,31.0,95,29,300,2.5,8.3,4.2,4.3,4.0,4.1,3.8,5.2,4.0,3.1,5.1,9.1,3.4,6.1,67.2,0.00292,0.171,8.03,0.0,0.0,14.1
39.3,40.4,38.2,52.4,52.4,52.4,43.5,44.2,42.8,38.1,44.8,31.4,0.404,4.84,0.132,4.57,3.81,5.27,0.108,3.39,2.7,0.0366,0.211,0.376,48.6,31.0,89,28,300,1.9,7.6,4.4,4.4,4.9,3.4,3.8,4.3,3.7,4.2,5.0,8.7,3.1,4.7,64.1,0.00374,0.183,7.15,0.0,0.0,14.2
38.4,38.8,38.0,53.6,52.6,54.6,41.2,37.8,44.6,40.8,41.6,40.0,0.399,4.8,0.131,4.61,3.87,5.36,0.111,3.39,2.71,0.0374,0.211,0.389,48.1,31.0,92,28,300,1.7,8.3,4.2,4.6,4.6,4.8,3.3,4.7,4.6,4.2,4.5,8.6,3.0,6.2,67.3,0.00367,0.17,8.83,0.0,0.0,12.6
39.5,41.2,37.8,51.1,50.0,52.2,38.3,40.8,35.8,39.3,36.0,42.6,0.422,5.14,0.136,4.83,4.16,5.66,0.116,3.63,2.84,0.0374,0.22,0.407,47.6,31.0,93,29,300,2.1,8.7,4.6,5.3,3.8,4.7,4.0,4.2,4.2,3.7,3.5,8.8,3.4,7.4,68.4,0.00358,0.189,8.66,0.0,0.0,11.2
39.8,41.6,38.0,50.7,51.4,50.0,40.3,42.6,38.0,39.7,35.8,43.6,0.45,5.4,0.144,5.15,4.41,5.95,0.128,3.79,3.01,0.0382,0.226,0.43,47.1,30.0,93,28,300,1.9,8.6,5.7,4.5,4.0,3.6,4.9,3.7,3.3,3.9,4.4,9.1,2.8,6.4,66.8,0.00351,0.175,9.78,0.0,0.0,13.7
56.6,58.2,55.0,52.4,50.8,54.0,68.0,67.8,68.2,43.7,46.6,40.8,0.415,4.96,0.133,4.8,3.85,5.35,0.119,3.29,2.73,0.0365,0.213,0.383,88.1,81.0,180,71,300,80.0,11.0,5.5,5.5,4.0,4.0,5.5,6.0,3.5,5.5,5.5,5.5,2.5,7.5,152.0,0.00337,0.164,0.0,0.0,0.0,0.0
35.3,38.0,32.6,54.9,55.0,54.8,39.6,39.2,40.0,43.7,46.0,41.4,0.408,4.91,0.13,4.76,3.79,5.36,0.116,3.48,2.7,0.0368,0.21,0.381,75.6,63.0,170,58,300,46.9,9.57,5.14,5.14,5.14,4.86,4.57,4.57,4.0,4.43,4.86,9.86,3.29,7.0,119.0,0.00404,0.171,0.0,0.0,0.0,0.0
38.5,39.6,37.4,55.9,57.2,54.6,39.5,40.0,39.0,45.0,46.6,43.4,0.406,5.0,0.13,4.75,3.76,5.35,0.115,3.45,2.66,0.0374,0.21,0.381,66.3,52.0,110,29,300,18.3,9.1,4.5,4.5,4.5,4.8,4.1,4.8,4.2,4.9,4.1,9.9,2.9,6.2,86.8,0.00327,0.166,11.0,0.0,0.0,0.0
40.4,38.8,42.0,53.2,56.6,49.8,42.5,38.6,46.4,43.7,43.0,44.4,0.419,4.96,0.134,4.73,3.81,5.35,0.118,3.42,2.69,0.0376,0.216,0.39,61.5,47.0,100,31,300,2.9,8.8,4.5,4.1,3.1,4.6,4.6,5.0,3.4,4.6,4.0,8.3,2.6,5.7,66.2,0.00383,0.183,16.0,0.0,0.0,25.5
36.1,36.8,35.4,55.6,56.2,55.0,37.0,37.6,36.4,44.7,43.0,46.4,0.404,4.9,0.13,4.7,3.79,5.31,0.116,3.46,2.67,0.0376,0.212,0.381,57.4,42.0,97,28,300,2.5,8.3,4.5,4.2,3.1,3.9,4.4,4.4,2.7,3.9,4.7,8.3,3.1,6.3,64.3,0.00382,0.178,20.1,0.0,0.0,31.1
38.2,38.6,37.8,54.3,52.2,56.4,41.1,39.6,42.6,46.3,44.0,48.6,0.416,4.88,0.133,4.81,3.78,5.37,0.117,3.5,2.71,0.0379,0.214,0.382,56.0,41.0,110,29,300,2.0,9.0,3.2,4.0,4.4,3.6,3.5,4.1,3.6,4.7,5.2,7.7,2.9,6.7,64.6,0.00438,0.187,13.0,0.0,0.0,37.7
38.7,38.0,39.4,54.9,53.8,56.0,40.6,40.2,41.0,44.3,44.0,44.6,0.412,4.95,0.133,4.78,3.89,5.34,0.119,3.5,2.67,0.0377,0.215,0.383,53.6,39.0,100,30,300,2.3,8.7,3.4,4.5,4.6,3.7,3.3,4.3,4.4,4.4,4.8,8.3,3.1,5.9,65.7,0.00355,0.18,11.9,0.0,0.0,17.6
37.1,36.8,37.4,52.3,51.2,53.4,39.9,39.6,40.2,47.3,52.2,42.4,0.419,5.0,0.133,4.82,3.79,5.43,0.118,3.46,2.69,0.0367,0.216,0.384,52.4,37.0,100,28,300,2.1,8.1,4.3,4.5,4.3,3.5,4.4,3.9,4.1,4.0,4.1,8.8,3.5,6.6,66.2,0.00422,0.193,13.0,0.0,0.0,19.5
36.6,35.8,37.4,54.9,54.6,55.2,41.2,41.6,40.8,43.5,49.6,37.4,0.411,4.93,0.133,4.88,3.78,5.42,0.119,3.42,2.7,0.0386,0.216,0.39,50.9,36.0,100,29,300,1.8,9.7,3.8,4.2,3.9,3.8,5.0,3.4,3.8,3.9,3.8,7.2,2.6,6.9,63.8,0.00328,0.178,13.3,0.0,0.0,18.6
37.9,40.4,35.4,56.3,54.0,58.6,41.9,43.4,40.4,45.5,43.4,47.6,0.41,4.93,0.131,4.9,3.75,5.32,0.117,3.44,2.73,0.0368,0.214,0.386,49.4,35.0,88,26,300,3.0,9.9,3.4,4.1,4.5,4.4,4.7,3.4,4.0,3.5,3.9,7.4,2.6,5.6,64.4,0.00243,0.188,12.5,0.0,0.0,19.1
37.9,39.0,36.8,52.7,52.4,53.0,39.6,37.4,41.8,43.1,33.0,53.2,0.408,4.91,0.128,4.83,3.7,5.25,0.116,3.5,2.71,0.0375,0.211,0.384,48.8,34.0,96,27,300,3.4,9.4,4.0,3.8,5.0,4.7,4.8,3.0,3.7,3.8,4.3,8.6,2.8,5.4,66.7,0.00325,0.18,11.3,0.0,0.0,18.5
37.1,37.0,37.2,54.6,57.6,51.6,41.1,38.4,43.8,46.7,46.2,47.2,0.399,4.97,0.127,4.88,3.68,5.34,0.114,3.42,2.69,0.0377,0.211,0.391,48.5,34.0,120,32,300,2.7,9.5,4.5,4.4,4.9,4.2,3.9,3.8,3.0,4.5,4.8,8.9,2.5,5.3,66.9,0.00335,0.19,11.5,0.0,0.0,19.8
36.5,36.8,36.2,52.1,47.8,56.4,39.9,38.6,41.2,44.4,42.8,46.0,0.392,4.93,0.123,4.87,3.71,5.3,0.11,3.45,2.64,0.0378,0.21,0.386,47.8,33.0,96,29,300,2.5,8.0,3.9,4.4,4.6,3.8,3.7,3.8,3.5,4.9,4.9,9.0,2.6,5.3,64.9,0.00323,0.181,11.4,0.0,0.0,19.5
37.6,35.6,39.6,52.3,54.2,50.4,43.3,45.6,41.0,44.7,46.4,43.0,0.389,4.95,0.124,4.85,3.69,5.22,0.108,3.44,2.65,0.0377,0.212,0.383,47.9,34.0,110,30,300,2.5,9.0,4.7,4.2,3.5,3.6,4.1,2.9,3.2,4.0,4.8,8.1,2.5,6.1,63.2,0.00342,0.196,11.5,0.0,0.0,18.8
34.7,31.0,38.4,52.9,54.4,51.4,37.9,39.8,36.0,43.4,36.0,50.8,0.375,4.84,0.122,4.86,3.59,5.16,0.106,3.35,2.68,0.0388,0.212,0.383,47.1,33.0,110,28,300,2.8,9.2,5.1,3.9,3.8,3.4,4.0,3.2,2.3,4.0,4.1,7.4,2.3,6.4,61.9,0.00342,0.178,11.1,0.0,0.0,17.5
38.5,38.6,38.4,54.2,53.0,55.4,40.0,40.2,39.8,45.9,51.6,40.2,0.369,4.82,0.119,4.82,3.55,5.18,0.0995,3.39,2.63,0.0379,0.213,0.381,46.9,33.0,99,26,300,2.6,9.0,4.1,3.9,4.0,3.5,3.6,4.6,2.9,4.5,3.6,7.7,2.0,5.6,61.6,0.00371,0.187,12.4,0.0,0.0,19.0
36.4,33.4,39.4,52.9,57.2,48.6,60.8,59.8,61.8,44.2,41.7,46.7,0.374,4.79,0.119,4.87,3.65,5.21,0.1,3.41,2.67,0.0379,0.565,0.386,46.8,33.0,110,33,300,2.5,9.5,3.6,3.9,4.2,4.0,2.9,4.6,4.0,3.8,3.8,7.5,2.3,6.0,62.6,0.00381,0.181,13.0,0.0,0.0,18.9
38.7,40.2,37.2,56.8,58.6,55.0,40.9,39.0,42.8,42.6,36.7,48.5,0.389,5.14,0.127,5.07,3.84,5.5,0.104,3.5,2.8,0.0369,0.949,0.411,46.2,33.0,96,30,300,3.0,8.5,3.7,4.2,3.6,4.4,3.7,4.2,4.6,4.0,3.3,9.2,2.6,5.7,64.7,0.00392,0.19,12.7,0.0,0.0,17.9
38.2,38.4,38.0,52.8,51.0,54.6,40.5,39.2,41.8,48.1,52.2,44.0,0.412,5.37,0.131,5.34,4.04,5.76,0.11,3.7,2.94,0.037,0.956,0.432,45.6,32.0,83,26,300,2.2,9.2,3.4,5.1,3.6,4.8,4.6,4.4,3.6,4.9,3.4,10.4,2.8,6.0,68.4,0.00377,0.175,12.6,0.0,0.0,17.4
36.4,37.2,35.6,33.2,39.6,26.8,40.7,38.6,42.8,34.9,32.4,37.4,0.441,5.64,0.135,5.62,4.25,5.98,0.114,3.9,3.06,0.0378,0.967,0.452,45.2,32.0,84,27,300,2.3,8.4,2.8,4.4,4.3,4.0,4.2,4.0,3.5,5.0,4.0,7.7,2.8,6.2,63.6,0.00459,0.189,12.9,0.0,0.0,17.2
36.2,36.6,35.8,58.4,59.8,57.0,34.9,36.0,33.8,47.5,46.4,48.6,0.371,4.93,0.115,4.8,3.67,5.16,0.0945,3.38,2.65,0.039,0.941,0.375,69.9,52.0,160,48,300,52.7,10.0,5.83,4.83,5.83,4.33,5.33,5.0,5.83,4.83,4.67,9.0,3.0,6.17,127.0,0.00348,0.186,0.0,0.0,0.0,0.0
39.3,39.2,39.4,60.5,57.8,63.2,41.5,41.6,41.4,49.9,49.0,50.8,0.369,4.95,0.114,4.76,3.72,5.18,0.0978,3.33,2.66,0.0378,0.941,0.384,61.2,43.0,110,29,300,28.3,10.5,5.2,4.0,4.3,4.7,4.3,5.0,5.5,4.1,5.0,9.2,3.4,5.9,99.4,0.00339,0.175,12.9,0.0,0.0,0.0
40.5,38.8,42.2,58.5,60.4,56.6,43.1,43.8,42.4,49.4,55.7,43.1,0.381,4.89,0.117,4.69,3.68,5.26,0.0999,3.31,2.67,0.0379,0.939,0.386,57.8,39.0,110,28,300,3.0,8.8,4.3,3.2,3.9,3.9,3.4,4.1,4.4,3.3,4.8,8.1,3.5,5.8,64.5,0.00342,0.197,18.3,0.0,0.0,30.6
42.2,42.4,42.0,61.4,58.4,64.4,38.5,39.2,37.8,51.0,48.5,53.5,0.385,4.94,0.12,4.65,3.85,5.31,0.101,3.4,2.69,0.0389,0.939,0.385,56.5,39.0,130,32,300,2.5,8.6,3.8,4.4,3.8,3.8,4.1,4.1,4.4,4.7,4.8,9.0,4.2,5.9,68.1,0.00349,0.192,24.9,0.0,0.0,37.6
44.6,45.2,44.0,58.4,59.6,57.2,40.9,38.2,43.6,47.3,49.0,45.6,0.39,4.98,0.122,4.57,3.89,5.4,0.105,3.44,2.74,0.0379,0.939,0.388,55.3,38.0,120,36,300,3.6,8.3,3.3,4.1,3.0,4.8,5.3,5.0,3.8,5.2,4.3,8.9,4.0,5.1,68.7,0.0041,0.206,17.4,0.0,0.0,44.8
40.8,43.6,38.0,62.8,59.4,66.2,36.8,39.8,33.8,50.7,50.8,50.6,0.392,4.93,0.127,4.54,3.95,5.44,0.105,3.45,2.71,0.0388,0.941,0.385,53.6,37.0,110,34,300,3.8,7.5,3.2,3.2,5.0,4.7,4.4,5.4,2.9,4.6,3.9,8.8,3.3,4.9,65.6,0.00323,0.205,14.9,0.0,0.0,20.5
42.9,41.0,44.8,61.3,60.0,62.6,40.4,41.4,39.4,49.9,56.0,43.8,0.394,5.0,0.13,4.54,4.02,5.52,0.107,3.42,2.79,0.038,0.941,0.389,53.2,37.0,110,32,300,2.7,8.5,4.1,3.8,5.2,3.9,3.3,4.2,3.4,4.6,4.0,9.0,2.8,5.3,64.8,0.00348,0.222,14.4,0.0,0.0,22.9
41.2,41.4,41.0,61.8,63.6,60.0,38.0,37.0,39.0,48.6,48.8,48.4,0.4,4.9,0.132,4.45,4.13,5.49,0.113,3.44,2.79,0.0371,0.939,0.385,52.3,36.0,110,32,300,2.9,8.7,4.6,5.3,3.5,4.2,4.1,3.1,4.3,4.8,3.3,9.3,3.0,5.2,66.3,0.00351,0.205,15.9,0.0,0.0,22.4
39.6,39.2,40.0,59.7,59.0,60.4,39.6,37.8,41.4,50.5,52.2,48.8,0.407,4.84,0.133,4.5,4.04,5.56,0.114,3.43,2.86,0.0379,0.94,0.393,51.5,36.0,100,32,300,3.7,8.6,3.8,5.0,4.1,4.1,4.5,3.6,4.7,4.6,2.8,9.0,3.4,5.0,66.9,0.00358,0.219,17.8,0.0,0.0,23.1
40.3,41.6,39.0,61.8,61.6,62.0,39.6,41.8,37.4,50.6,60.0,41.2,0.41,4.85,0.135,4.47,4.18,5.63,0.117,3.43,2.88,0.0381,0.94,0.389,51.5,36.0,110,37,300,3.2,9.1,3.3,4.0,4.1,3.6,4.3,4.8,5.4,4.5,3.8,8.3,3.3,5.3,67.0,0.00378,0.207,16.2,0.0,0.0,23.7
37.8,36.0,39.6,61.3,64.0,58.6,39.8,40.2,39.4,45.9,47.0,44.8,0.417,4.88,0.136,4.43,4.17,5.57,0.12,3.54,2.89,0.0371,0.941,0.393,50.7,36.0,110,33,300,2.7,8.0,4.0,4.7,3.3,4.3,4.3,4.3,4.7,3.3,4.7,7.9,2.7,5.0,63.9,0.00381,0.215,14.8,0.0,0.0,22.0
39.3,42.0,36.6,63.4,60.6,66.2,40.6,37.4,43.8,50.4,50.0,50.8,0.429,4.92,0.139,4.44,4.25,5.61,0.121,3.56,2.98,0.0372,0.941,0.4,50.6,36.0,110,33,300,3.1,7.4,5.1,3.8,3.6,5.0,4.1,3.9,4.2,3.3,4.8,8.0,2.5,5.0,63.8,0.00367,0.198,15.3,0.0,0.0,24.8
39.0,38.2,39.8,62.4,64.2,60.6,40.1,40.0,40.2,49.0,42.8,55.2,0.43,4.92,0.142,4.35,4.27,5.65,0.122,3.61,3.0,0.0381,0.588,0.403,50.2,36.0,110,34,300,3.8,8.7,4.2,3.6,4.8,4.3,3.5,5.2,4.6,4.2,3.8,9.1,3.8,4.9,68.5,0.00381,0.211,16.4,0.0,0.0,21.4
38.9,40.8,37.0,60.4,62.2,58.6,38.1,36.8,39.4,48.7,48.6,48.8,0.431,4.82,0.139,4.36,4.3,5.62,0.123,3.66,2.98,0.039,0.21,0.397,50.0,36.0,110,36,300,3.5,9.3,3.3,4.8,5.2,2.6,4.6,4.9,5.7,3.6,3.6,10.6,3.4,4.9,70.0,0.00398,0.195,17.1,0.0,0.0,23.3
38.2,36.4,40.0,59.6,58.8,60.4,39.9,42.2,37.6,48.5,49.0,48.0,0.437,4.86,0.14,4.29,4.36,5.67,0.123,3.67,3.02,0.039,0.209,0.395,49.8,36.0,120,36,300,2.6,8.2,3.7,4.2,4.2,3.4,5.3,4.0,5.5,4.0,3.3,9.6,2.4,5.8,66.2,0.00317,0.209,17.1,0.0,0.0,22.3
38.9,36.8,41.0,61.3,63.4,59.2,40.2,38.6,41.8,49.9,41.0,58.8,0.435,4.84,0.142,4.24,4.38,5.71,0.126,3.63,3.11,0.0381,0.21,0.408,50.1,36.0,150,34,300,2.3,7.5,3.4,4.2,3.8,4.9,4.3,3.2,3.8,4.9,3.2,8.5,3.4,6.8,64.2,0.00378,0.214,15.9,0.0,0.0,22.3
37.5,35.4,39.6,60.9,62.2,59.6,39.8,41.2,38.4,46.8,42.8,50.8,0.462,5.04,0.147,4.41,4.6,5.95,0.132,3.8,3.23,0.038,0.218,0.429,49.5,35.0,110,31,300,2.4,8.9,3.5,3.9,4.0,5.4,3.7,3.0,3.6,4.4,3.6,8.7,3.4,6.6,65.1,0.00308,0.209,13.3,0.0,0.0,24.4
41.5,41.2,41.8,59.9,56.6,63.2,40.6,42.6,38.6,51.0,47.6,54.4,0.49,5.33,0.152,4.67,4.82,6.24,0.136,4.03,3.37,0.0381,0.225,0.447,49.5,35.0,110,31,300,2.9,8.5,3.9,3.8,5.8,5.2,3.1,3.8,4.2,4.4,3.1,8.7,3.3,5.1,65.8,0.00361,0.197,15.2,0.0,0.0,22.1
39.5,40.0,39.0,44.1,43.4,44.8,39.8,38.6,41.0,43.7,41.6,45.8,0.511,5.6,0.156,4.88,5.12,6.54,0.139,4.23,3.6,0.039,0.235,0.473,49.2,35.0,120,33,300,2.3,8.1,4.3,4.5,5.4,4.6,2.9,3.7,4.6,4.2,3.9,10.3,3.2,6.8,68.8,0.00341,0.202,15.6,0.0,0.0,22.1
34.2,36.4,32.0,62.6,62.4,62.8,43.4,43.4,43.4,54.4,45.2,63.6,0.424,4.86,0.13,4.37,4.3,5.53,0.115,3.69,3.21,0.0377,0.209,0.391,82.9,63.0,210,70,300,61.4,12.8,4.0,5.0,7.8,5.2,6.0,5.6,7.0,4.4,4.8,10.6,2.8,8.4,146.0,0.00349,0.175,0.0,0.0,0.0,17.6
38.0,39.2,36.8,64.3,65.2,63.4,39.8,37.2,42.4,54.3,61.8,46.8,0.409,4.83,0.129,4.37,4.21,5.47,0.108,3.71,3.16,0.0368,0.21,0.387,72.1,52.0,210,53,300,31.9,8.7,4.2,3.5,5.1,4.4,4.9,5.0,5.1,3.4,4.5,8.1,2.0,6.6,97.4,0.00369,0.184,0.0,0.0,0.0,25.7
37.2,37.2,37.2,64.1,64.0,64.2,40.0,39.0,41.0,54.0,61.0,47.0,0.403,4.86,0.125,4.44,4.1,5.41,0.107,3.71,3.18,0.0375,0.21,0.398,67.2,47.0,130,32,300,2.0,7.2,4.7,2.5,3.1,4.2,3.8,5.5,3.8,4.0,4.3,8.2,2.1,4.8,60.2,0.00401,0.197,0.0,0.0,0.0,35.8
36.5,39.2,33.8,62.5,64.0,61.0,39.7,41.0,38.4,53.8,54.6,53.0,0.41,4.85,0.124,4.44,4.12,5.38,0.108,3.66,3.16,0.0384,0.211,0.386,63.6,44.0,130,34,300,1.7,9.0,4.4,3.0,5.1,4.1,3.8,5.1,5.0,5.7,3.9,9.8,2.7,5.5,68.8,0.00401,0.192,29.8,0.0,0.0,26.5
39.7,41.2,38.2,64.7,65.6,63.8,39.2,40.4,38.0,54.7,51.2,58.2,0.406,4.84,0.122,4.52,4.06,5.31,0.102,3.67,3.15,0.0375,0.213,0.386,61.6,43.0,130,36,300,2.9,8.3,3.5,3.7,5.8,3.3,4.4,3.3,4.6,4.6,4.0,9.2,2.8,6.3,66.7,0.00398,0.196,36.0,0.0,0.0,27.3
38.3,35.4,41.2,66.2,65.6,66.8,39.3,39.8,38.8,55.3,59.4,51.2,0.399,4.88,0.123,4.46,4.13,5.26,0.104,3.71,3.18,0.0374,0.213,0.387,60.3,42.0,140,35,300,3.3,8.9,3.1,4.1,4.9,3.6,4.8,3.3,3.5,4.1,4.7,9.6,2.6,5.9,66.4,0.004,0.192,41.9,0.0,0.0,25.3
38.7,40.8,36.6,64.5,65.0,64.0,42.0,39.8,44.2,52.9,51.8,54.0,0.406,4.85,0.121,4.48,4.04,5.32,0.103,3.7,3.09,0.0373,0.21,0.391,58.7,41.0,130,36,300,3.0,9.2,3.4,4.1,4.4,3.7,4.0,3.5,3.5,4.7,4.0,10.5,3.0,4.8,65.8,0.00415,0.19,19.1,0.0,0.0,27.7
39.2,39.8,38.6,64.3,60.0,68.6,40.1,42.4,37.8,53.6,57.0,50.2,0.415,4.95,0.124,4.56,4.04,5.41,0.103,3.64,3.14,0.0382,0.212,0.397,57.4,40.0,110,35,300,3.1,8.2,3.9,4.5,4.7,3.6,3.6,3.2,3.4,4.6,4.3,10.4,4.0,5.9,67.4,0.00395,0.179,18.5,0.0,0.0,26.8
36.5,36.8,36.2,64.3,65.4,63.2,41.5,43.4,39.6,54.8,53.0,56.6,0.403,4.86,0.12,4.54,3.98,5.27,0.1,3.61,3.12,0.0382,0.213,0.388,56.1,39.0,100,32,300,2.8,7.7,4.3,4.4,4.7,4.0,4.1,4.3,3.6,5.0,4.5,8.7,3.4,7.0,68.5,0.00395,0.183,18.5,0.0,0.0,28.3
38.7,36.8,40.6,64.0,66.4,61.6,40.1,39.2,41.0,54.0,52.0,56.0,0.403,4.9,0.12,4.56,3.97,5.3,0.1,3.56,3.08,0.0373,0.212,0.391,54.6,38.0,100,30,300,3.1,7.1,4.1,3.7,3.7,3.9,4.3,5.2,3.5,4.7,3.9,8.5,2.5,5.6,63.8,0.00347,0.178,21.0,0.0,0.0,27.4
35.7,37.2,34.2,61.6,57.2,66.0,37.5,34.4,40.6,53.7,53.0,54.4,0.407,4.94,0.119,4.54,3.93,5.23,0.1,3.57,3.12,0.0361,0.212,0.392,54.4,38.0,120,31,300,3.7,6.4,3.9,3.2,3.7,4.1,4.7,5.3,3.4,4.8,4.0,9.0,3.0,5.6,64.8,0.0036,0.195,21.6,0.0,0.0,26.2
37.0,39.2,34.8,63.1,61.4,64.8,40.2,39.6,40.8,53.8,61.2,46.4,0.404,4.89,0.12,4.58,3.88,5.23,0.101,3.56,3.08,0.037,0.213,0.387,53.6,37.0,110,31,300,3.5,7.1,4.3,4.8,4.8,4.1,4.4,5.3,4.3,4.5,4.7,7.8,3.2,5.8,68.6,0.00333,0.179,22.7,0.0,0.0,25.0
38.5,38.4,38.6,61.9,60.2,63.6,40.1,40.4,39.8,53.9,53.4,54.4,0.395,4.9,0.12,4.56,3.92,5.28,0.0983,3.61,3.02,0.0381,0.211,0.375,53.1,37.0,110,32,300,3.0,8.3,4.6,5.4,4.8,3.8,3.8,4.9,5.2,3.3,4.1,8.0,3.1,5.0,67.3,0.00331,0.194,19.6,0.0,0.0,24.3
43.9,43.8,44.0,67.6,66.0,69.2,40.2,41.6,38.8,55.0,66.2,43.8,0.394,4.86,0.122,4.64,3.94,5.36,0.0994,3.57,2.99,0.0379,0.21,0.38,52.7,37.0,120,35,300,2.9,8.3,3.6,4.4,3.6,4.0,3.6,4.7,4.6,4.3,2.9,8.5,3.2,6.1,64.7,0.00398,0.196,18.6,0.0,0.0,27.5
40.1,38.2,42.0,64.2,65.6,62.8,40.2,41.8,38.6,54.0,48.8,59.2,0.389,4.86,0.123,4.62,3.92,5.39,0.103,3.51,3.03,0.0371,0.212,0.388,53.0,37.0,130,39,300,2.6,8.8,2.4,4.8,3.5,4.3,4.2,4.7,3.5,5.6,3.3,6.9,2.6,6.7,63.9,0.00348,0.202,18.5,0.0,0.0,27.9
45.0,47.0,43.0,67.2,67.8,66.6,41.9,42.0,41.8,54.4,58.2,50.6,0.408,4.89,0.13,4.67,3.9,5.45,0.109,3.56,2.99,0.0362,0.213,0.382,53.0,37.0,130,39,300,3.0,8.6,3.9,4.9,3.2,3.8,4.7,3.9,4.5,5.6,3.9,8.2,3.2,5.4,66.8,0.0034,0.188,19.6,0.0,0.0,30.0
41.9,41.6,42.2,63.0,61.0,65.0,40.6,42.0,39.2,55.5,53.6,57.4,0.428,5.05,0.137,4.74,4.15,5.72,0.117,3.68,3.11,0.0363,0.216,0.404,53.1,37.0,130,38,300,3.1,8.6,5.1,4.3,3.0,3.8,4.1,3.8,5.0,4.7,4.1,10.6,4.0,5.1,69.3,0.00367,0.206,21.0,0.0,0.0,28.8
39.6,40.6,38.6,65.4,64.6,66.2,39.3,41.8,36.8,54.2,50.4,58.0,0.44,5.33,0.143,5.0,4.34,6.0,0.12,3.87,3.29,0.038,0.224,0.427,53.1,37.0,140,37,300,2.3,9.6,4.6,3.6,3.5,4.7,3.8,5.6,3.9,3.5,3.4,9.8,3.2,5.3,66.8,0.00369,0.192,20.7,0.0,0.0,27.4
38.7,37.6,39.8,52.0,52.6,51.4,43.8,41.8,45.8,54.4,56.0,52.8,0.471,5.64,0.148,5.26,4.56,6.38,0.129,4.11,3.48,0.0373,0.231,0.455,52.9,37.0,140,36,300,2.0,9.7,4.2,4.0,3.4,4.9,3.1,4.8,4.8,3.6,3.2,9.1,2.9,5.1,64.8,0.00385,0.192,20.7,0.0,0.0,26.0
61.4,62.2,60.6,47.9,46.0,49.8,65.1,64.2,66.0,32.4,34.0,30.8,0.46,5.18,0.146,4.6,4.2,5.95,0.124,3.67,3.05,0.0377,0.965,0.408,105.0,93.0,260,99,400,74.5,14.5,6.0,4.25,4.0,4.25,6.25,6.5,7.0,3.5,5.0,10.8,3.25,8.5,158.0,0.0042,0.187,0.0,0.0,0.0,0.0
40.8,40.0,41.6,54.3,54.8,53.8,40.9,38.8,43.0,35.3,33.4,37.2,0.469,5.28,0.147,4.76,4.28,6.12,0.126,3.68,3.1,0.0377,0.967,0.419,86.1,63.0,250,77,400,47.8,13.8,6.11,4.56,6.11,4.78,5.78,5.22,7.0,3.89,6.11,11.3,4.67,8.22,135.0,0.00332,0.176,0.0,0.0,0.0,0.0
46.0,46.8,45.2,54.4,55.8,53.0,43.9,44.6,43.2,34.1,34.8,33.4,0.483,5.38,0.152,4.83,4.35,6.19,0.13,3.74,3.12,0.0386,0.965,0.414,78.1,52.0,130,28,400,15.4,12.1,5.7,5.4,6.6,5.8,4.8,4.9,6.5,5.0,7.1,11.1,4.6,7.8,103.0,0.00394,0.185,0.0,0.0,0.0,10.9
46.1,49.0,43.2,54.5,53.8,55.2,43.8,44.6,43.0,35.4,38.2,32.6,0.479,5.48,0.153,4.86,4.43,6.12,0.13,3.76,3.28,0.0376,0.97,0.417,70.9,46.0,120,32,400,3.6,10.6,6.0,5.1,5.9,5.6,4.9,5.6,6.3,6.3,6.1,10.7,4.3,6.8,87.8,0.00334,0.194,0.0,0.0,0.0,13.5
42.7,39.8,45.6,52.5,49.2,55.8,43.6,42.8,44.4,33.5,26.0,41.0,0.474,5.44,0.153,4.9,4.53,6.3,0.131,3.91,3.3,0.0368,0.968,0.422,66.6,42.0,96,31,400,2.8,9.7,7.3,4.3,6.4,4.9,5.6,5.1,6.5,6.0,5.1,12.1,4.0,6.6,86.4,0.00324,0.209,8.1,0.0,0.0,17.0
44.4,45.0,43.8,55.2,54.4,56.0,44.2,43.8,44.6,35.4,33.4,37.4,0.487,5.65,0.157,4.91,4.62,6.5,0.133,3.98,3.28,0.0366,0.974,0.43,62.5,40.0,88,31,400,3.8,9.2,6.0,4.5,5.8,5.2,4.8,5.3,6.1,6.2,6.1,12.9,3.1,7.1,86.1,0.00249,0.197,8.1,0.0,0.0,9.22
46.1,47.2,45.0,50.3,50.0,50.6,44.3,46.2,42.4,35.1,34.4,35.8,0.487,5.63,0.157,5.02,4.68,6.6,0.137,4.02,3.37,0.0383,0.975,0.434,60.3,39.0,87,33,400,4.2,9.6,5.2,5.7,5.5,6.6,4.6,5.5,5.8,6.2,6.3,12.5,3.5,7.4,88.6,0.00347,0.206,8.1,0.0,0.0,9.68
43.6,41.8,45.4,53.6,51.6,55.6,44.4,46.4,42.4,34.1,29.6,38.6,0.489,5.73,0.16,5.02,4.87,6.79,0.135,4.12,3.49,0.0376,0.98,0.439,57.6,38.0,86,32,400,3.7,11.1,5.0,6.3,4.8,6.8,5.7,4.3,5.7,5.5,6.4,12.6,3.9,7.4,89.2,0.00355,0.188,2.76,0.0,0.0,8.94
48.7,49.0,48.4,54.2,52.8,55.6,43.5,41.2,45.8,35.8,33.2,38.4,0.5,5.76,0.161,5.14,4.94,6.86,0.139,4.14,3.59,0.0377,0.982,0.457,55.9,37.0,84,30,400,4.5,12.9,3.7,6.5,4.6,6.0,5.5,4.4,4.8,5.8,7.1,11.7,3.9,7.6,89.0,0.00383,0.209,4.08,0.0,0.0,8.94
44.7,45.4,44.0,50.7,50.6,50.8,44.6,45.6,43.6,33.5,34.8,32.2,0.523,5.93,0.169,5.2,5.01,6.97,0.144,4.28,3.63,0.0377,0.987,0.46,54.6,37.0,90,32,400,4.5,11.8,5.1,5.8,4.9,6.5,5.4,5.0,5.2,5.5,6.8,10.7,4.4,8.2,89.8,0.00399,0.194,5.51,0.0,0.0,8.89
43.8,44.4,43.2,52.5,52.4,52.6,46.6,48.4,44.8,32.6,38.6,26.6,0.538,5.99,0.17,5.19,5.13,6.98,0.153,4.29,3.71,0.0369,0.988,0.467,53.7,36.0,95,31,400,3.8,10.5,6.2,4.7,4.5,7.0,6.1,5.3,6.3,5.6,6.3,12.0,5.1,6.9,90.3,0.00399,0.198,5.56,0.0,0.0,8.77
42.7,43.2,42.2,54.6,54.8,54.4,45.2,45.8,44.6,35.4,33.4,37.4,0.532,6.04,0.17,5.29,5.21,7.04,0.15,4.35,3.72,0.0386,0.988,0.469,52.6,35.0,99,30,400,3.3,11.1,4.8,4.9,5.1,6.2,5.5,5.5,5.7,5.4,5.2,11.2,4.1,6.5,84.5,0.00392,0.199,5.73,0.0,0.0,9.02
45.0,45.0,45.0,51.2,48.0,54.4,42.9,39.8,46.0,33.0,31.0,35.0,0.531,6.06,0.166,5.31,5.16,7.05,0.15,4.43,3.77,0.0376,0.992,0.477,51.9,35.0,95,30,400,2.8,11.9,4.8,5.8,4.8,5.9,6.2,4.6,5.1,5.4,4.8,10.0,3.6,8.5,84.2,0.00411,0.214,5.74,0.0,0.0,6.98
43.5,44.4,42.6,53.5,52.6,54.4,44.1,44.4,43.8,35.0,34.0,36.0,0.539,6.17,0.165,5.4,5.25,7.05,0.147,4.47,3.8,0.0376,0.996,0.475,50.9,35.0,90,30,400,3.2,11.6,4.7,6.2,5.3,5.1,5.5,5.3,5.5,5.3,5.7,11.4,4.3,8.6,87.7,0.00381,0.19,2.93,0.0,0.0,9.19
43.6,45.8,41.4,51.9,51.4,52.4,44.0,44.6,43.4,35.1,34.2,36.0,0.549,6.22,0.167,5.46,5.39,7.18,0.15,4.55,3.85,0.0366,1.0,0.488,50.4,35.0,93,31,400,4.3,10.4,5.4,6.1,5.4,4.2,3.9,5.3,6.6,4.9,6.0,11.7,4.4,8.2,86.8,0.00386,0.216,4.12,0.0,0.0,8.61
44.1,42.4,45.8,53.6,56.6,50.6,45.4,46.8,44.0,35.1,38.0,32.2,0.552,6.32,0.169,5.48,5.5,7.27,0.15,4.58,3.89,0.0385,1.0,0.479,49.7,35.0,91,33,400,5.0,11.3,7.7,5.7,5.0,5.2,4.2,5.0,6.3,5.2,5.0,11.7,3.8,8.1,89.2,0.00472,0.21,2.7,0.0,0.0,10.8
45.3,45.2,45.4,50.7,50.6,50.8,44.6,44.8,44.4,36.3,39.4,33.2,0.566,6.46,0.173,5.6,5.63,7.42,0.155,4.73,4.02,0.0376,1.01,0.506,49.3,34.0,89,31,400,4.7,11.8,6.6,5.6,5.6,5.9,4.5,5.8,4.9,5.0,4.8,11.4,3.4,7.8,87.8,0.00387,0.206,4.96,0.0,0.0,8.75
40.8,41.4,40.2,53.0,56.6,49.4,45.7,45.6,45.8,33.9,35.4,32.4,0.588,6.82,0.176,5.97,6.01,7.8,0.161,5.05,4.28,0.0364,1.02,0.535,48.9,34.0,100,30,400,4.3,11.2,5.5,6.3,5.6,5.1,5.3,5.8,5.5,4.6,5.1,11.9,3.8,7.4,87.4,0.00297,0.202,3.61,0.0,0.0,9.5
44.4,44.2,44.6,51.0,49.8,52.2,45.1,43.6,46.6,34.6,32.2,37.0,0.606,7.14,0.184,6.27,6.29,8.22,0.165,5.31,4.5,0.0373,1.03,0.55,48.8,34.0,130,31,400,4.2,11.9,5.4,5.5,6.9,5.0,5.1,5.3,6.0,5.6,5.0,10.9,3.7,6.7,87.2,0.0037,0.208,4.76,0.0,0.0,8.93
44.4,44.4,44.4,57.7,56.2,59.2,45.0,44.4,45.6,39.7,42.2,37.2,0.53,6.34,0.16,5.49,5.47,7.41,0.142,4.66,3.95,0.0377,0.255,0.469,96.9,79.0,240,79,400,53.5,10.6,4.5,5.0,6.25,5.0,5.38,6.25,5.75,6.63,4.63,11.8,3.75,7.25,136.0,0.00583,0.18,0.0,0.0,0.0,0.0
43.1,42.4,43.8,56.3,59.0,53.6,45.7,45.2,46.2,39.9,42.0,37.8,0.52,6.28,0.161,5.52,5.42,7.35,0.142,4.68,4.06,0.0379,0.251,0.471,83.6,65.0,150,34,400,24.9,11.0,4.8,6.2,6.1,4.7,5.6,6.4,6.4,5.6,5.3,11.6,3.4,8.0,110.0,0.0058,0.183,0.0,0.0,0.0,15.3
42.3,42.4,42.2,57.5,56.8,58.2,43.1,44.0,42.2,39.3,35.2,43.4,0.52,6.3,0.159,5.52,5.32,7.3,0.138,4.66,4.03,0.0379,0.254,0.468,75.2,56.0,98,31,400,2.9,11.5,5.1,5.7,4.8,4.3,5.6,4.6,6.3,6.3,6.3,10.7,3.3,7.1,84.5,0.00502,0.184,0.0,0.0,0.0,19.3
44.4,46.2,42.6,54.7,56.6,52.8,47.4,48.2,46.6,39.5,36.0,43.0,0.528,6.27,0.161,5.62,5.31,7.33,0.143,4.63,3.96,0.0388,0.254,0.471,70.0,52.0,98,31,400,3.5,11.7,5.3,5.5,5.2,4.8,5.2,4.4,6.3,6.6,6.3,10.9,3.3,7.2,86.2,0.0057,0.192,13.4,0.0,0.0,24.3
43.2,39.8,46.6,51.2,53.4,49.0,42.9,42.8,43.0,40.4,42.8,38.0,0.533,6.34,0.163,5.59,5.3,7.34,0.145,4.68,3.95,0.0378,0.257,0.465,66.0,49.0,110,32,400,2.5,11.5,5.2,6.4,6.4,5.3,4.8,5.8,5.7,5.2,5.9,11.3,3.4,7.4,86.8,0.00541,0.187,14.9,0.0,0.0,12.1
42.9,43.8,42.0,59.4,59.0,59.8,41.6,44.4,38.8,40.0,42.6,37.4,0.505,6.21,0.158,5.65,5.22,7.22,0.139,4.58,4.0,0.0378,0.253,0.47,63.2,45.0,110,31,400,2.1,11.6,5.3,6.6,5.9,5.2,5.1,6.6,5.5,5.5,5.7,11.8,4.4,6.8,88.1,0.00389,0.192,17.7,0.0,0.0,13.1
44.5,46.2,42.8,57.1,58.4,55.8,45.4,44.4,46.4,38.8,41.4,36.2,0.506,6.2,0.155,5.57,5.24,7.24,0.132,4.59,3.95,0.0378,0.251,0.466,62.0,43.0,150,31,400,4.0,10.8,5.0,6.0,4.3,5.5,4.2,6.0,5.4,6.3,5.4,10.5,4.5,7.6,85.5,0.0037,0.19,7.19,0.0,0.0,14.1
43.7,45.8,41.6,59.5,63.4,55.6,45.2,46.4,44.0,39.6,36.8,42.4,0.539,6.21,0.162,5.62,5.23,7.24,0.139,4.65,4.0,0.0379,0.257,0.464,59.8,41.0,130,31,400,4.9,10.8,5.8,6.0,4.1,5.2,4.4,6.3,4.8,6.4,5.2,11.7,4.9,8.0,88.5,0.0037,0.192,7.03,0.0,0.0,15.5
42.6,40.0,45.2,56.3,57.8,54.8,44.2,42.2,46.2,40.7,41.4,40.0,0.527,6.22,0.161,5.59,5.23,7.19,0.135,4.58,4.0,0.0378,0.255,0.469,58.7,40.0,110,29,400,3.8,11.5,6.1,6.0,5.1,4.4,5.9,6.0,6.4,6.2,4.9,12.4,5.3,7.1,91.1,0.00334,0.184,8.81,0.0,0.0,15.0
42.8,40.6,45.0,55.0,58.0,52.0,44.8,44.8,44.8,39.5,39.4,39.6,0.521,6.15,0.16,5.56,5.17,7.24,0.135,4.62,4.02,0.0385,0.255,0.471,57.6,39.0,130,33,400,3.4,10.2,5.9,4.7,6.1,5.5,6.5,6.1,7.0,6.6,4.9,12.2,4.4,6.9,90.4,0.00327,0.185,7.35,0.0,0.0,13.5
41.2,39.2,43.2,54.9,53.8,56.0,42.3,43.2,41.4,40.6,38.8,42.4,0.524,6.13,0.162,5.63,5.2,7.3,0.138,4.57,3.99,0.0387,0.254,0.461,56.5,38.0,110,33,400,4.1,10.4,5.8,4.6,5.3,6.0,5.6,6.1,5.6,6.1,5.0,11.9,3.3,6.9,86.7,0.00312,0.188,8.78,0.0,0.0,13.2
44.2,45.8,42.6,56.1,58.4,53.8,45.6,46.4,44.8,40.0,42.8,37.2,0.517,6.1,0.158,5.55,5.15,7.18,0.135,4.55,4.04,0.0378,0.253,0.475,55.2,37.0,95,30,400,3.6,11.1,6.0,4.6,5.4,4.2,4.8,4.9,5.5,5.0,5.1,10.5,3.8,8.1,82.6,0.00253,0.197,7.04,0.0,0.0,13.2
42.8,42.6,43.0,55.7,57.4,54.0,45.2,47.6,42.8,37.9,46.8,29.0,0.516,6.11,0.157,5.67,5.19,7.28,0.134,4.53,3.98,0.0378,0.252,0.472,54.5,37.0,97,30,400,3.2,10.3,5.7,5.1,5.8,3.9,5.1,5.5,5.3,5.1,5.8,12.5,4.9,7.4,85.6,0.00415,0.19,8.37,0.0,0.0,12.4
42.3,44.4,40.2,55.8,57.2,54.4,44.0,40.4,47.6,38.8,39.2,38.4,0.509,6.06,0.159,5.62,5.07,7.27,0.133,4.48,3.95,0.0381,0.249,0.469,54.0,37.0,120,32,400,4.0,11.3,5.0,6.3,5.0,4.4,5.2,5.3,4.9,5.1,5.4,13.1,3.3,7.7,86.0,0.00376,0.201,8.33,0.0,0.0,13.2
43.5,45.2,41.8,55.3,56.0,54.6,45.4,42.0,48.8,40.1,41.2,39.0,0.52,6.16,0.158,5.66,5.12,7.24,0.134,4.52,3.96,0.0379,0.251,0.483,52.8,36.0,96,30,400,3.6,12.7,4.7,6.4,5.7,4.9,5.0,4.4,4.7,5.7,4.4,10.1,1.9,8.7,82.9,0.00308,0.192,7.0,0.0,0.0,13.3
42.2,44.8,39.6,55.7,53.2,58.2,44.0,46.4,41.6,39.4,42.8,36.0,0.516,6.2,0.159,5.64,5.18,7.29,0.135,4.47,3.94,0.037,0.253,0.487,52.3,36.0,96,29,400,3.6,12.1,4.0,5.3,6.9,6.1,5.1,4.4,5.8,5.8,4.9,10.1,3.2,8.5,85.8,0.00389,0.196,7.0,0.0,0.0,14.8
40.4,41.8,39.0,54.2,50.2,58.2,43.7,42.0,45.4,39.7,37.4,42.0,0.545,6.49,0.161,6.01,5.43,7.61,0.141,4.83,4.21,0.0376,0.266,0.507,51.6,35.0,100,29,400,4.2,11.4,4.3,4.5,6.1,5.8,6.1,6.2,6.7,5.3,4.5,10.3,3.7,8.5,87.6,0.00461,0.187,7.68,0.0,0.0,13.5
46.0,45.6,46.4,55.3,56.8,53.8,44.6,45.0,44.2,40.6,42.0,39.2,0.57,6.81,0.169,6.3,5.8,8.02,0.149,5.04,4.42,0.0388,0.275,0.542,51.2,35.0,100,30,400,3.4,12.0,5.5,6.1,4.4,6.0,6.6,5.8,5.8,6.6,4.6,10.1,3.1,6.6,86.6,0.00405,0.189,7.49,0.0,0.0,12.8
41.7,38.4,45.0,60.7,63.2,58.2,45.5,46.8,44.2,43.2,47.0,39.4,0.528,6.18,0.151,5.72,5.09,6.88,0.131,4.54,3.89,0.0378,0.255,0.476,88.9,73.0,230,74,400,60.4,9.71,5.57,5.29,6.43,6.14,6.14,6.29,3.86,5.86,6.43,12.6,4.14,9.43,148.0,0.00256,0.169,0.0,0.0,0.0,0.0
41.9,41.4,42.4,59.6,60.6,58.6,44.6,42.4,46.8,46.0,41.2,50.8,0.512,6.21,0.147,5.65,5.08,6.95,0.126,4.56,3.92,0.0378,0.254,0.478,78.5,61.0,190,47,400,33.4,10.4,5.9,6.4,6.2,6.3,5.0,6.0,5.1,6.4,6.7,13.9,4.1,8.8,125.0,0.00335,0.19,0.0,0.0,0.0,0.0
41.3,39.6,43.0,62.2,66.2,58.2,61.5,58.0,65.0,43.3,48.2,38.4,0.529,6.16,0.147,5.76,5.1,6.95,0.129,4.62,3.94,0.0367,0.317,0.478,70.6,52.0,100,34,400,3.2,11.7,6.1,5.7,5.7,5.6,4.3,5.2,4.8,4.8,5.8,11.8,3.3,6.5,84.5,0.00331,0.185,0.0,0.0,0.0,24.4
44.2,44.6,43.8,60.2,61.2,59.2,43.9,44.0,43.8,47.2,39.0,55.4,0.52,6.21,0.148,5.75,4.92,6.97,0.127,4.57,4.01,0.0386,0.97,0.477,66.3,49.0,97,33,400,3.7,11.8,5.6,3.6,5.5,7.4,5.1,5.4,4.9,5.6,5.3,11.6,4.0,6.6,86.1,0.00381,0.195,18.2,0.0,0.0,32.3
41.4,38.0,44.8,61.0,61.8,60.2,42.4,45.0,39.8,46.3,42.8,49.8,0.49,6.21,0.141,5.72,4.98,6.95,0.122,4.59,3.93,0.0368,0.965,0.474,62.5,46.0,94,32,400,4.4,11.2,5.2,3.6,5.1,7.5,5.1,5.5,5.3,6.7,4.6,11.1,4.0,8.1,87.4,0.00454,0.19,21.7,0.0,0.0,37.7
42.5,41.2,43.8,61.1,59.6,62.6,46.9,45.6,48.2,40.9,41.6,40.2,0.492,6.22,0.143,5.76,5.03,6.98,0.121,4.62,3.98,0.0376,0.968,0.479,60.9,45.0,99,34,400,3.9,10.3,5.5,4.6,5.5,5.1,4.8,6.4,5.2,6.2,4.9,10.7,3.7,8.3,85.1,0.00476,0.202,25.3,0.0,0.0,19.2
50.0,51.2,48.8,60.4,57.6,63.2,43.2,45.6,40.8,44.3,40.0,48.6,0.497,6.27,0.143,5.81,5.05,7.05,0.126,4.51,3.93,0.0369,0.968,0.481,59.8,44.0,130,38,400,4.2,10.5,5.4,5.5,4.8,5.1,5.4,5.1,5.4,4.6,5.4,11.3,3.7,8.0,84.4,0.00335,0.196,11.0,0.0,0.0,17.8
45.6,46.2,45.0,60.5,61.4,59.6,46.3,44.8,47.8,45.9,48.6,43.2,0.507,6.21,0.145,5.73,4.99,7.06,0.127,4.62,3.97,0.0369,0.967,0.482,59.3,43.0,160,37,400,4.4,12.5,5.2,6.0,4.8,6.3,6.0,5.0,5.8,4.2,5.5,11.7,3.9,7.3,88.6,0.0043,0.204,11.6,0.0,0.0,18.5
45.5,42.2,48.8,61.5,63.2,59.8,43.6,45.8,41.4,46.2,43.8,48.6,0.504,6.17,0.15,5.85,5.01,7.16,0.129,4.62,3.97,0.0368,0.965,0.474,58.6,42.0,170,34,400,4.0,12.4,5.3,5.4,6.3,7.5,5.2,5.1,5.4,5.4,5.2,11.4,4.1,6.6,89.3,0.00319,0.198,11.1,0.0,0.0,16.8
49.2,52.6,45.8,61.2,62.8,59.6,46.6,44.8,48.4,45.0,47.4,42.6,0.507,6.22,0.153,5.74,5.02,7.22,0.133,4.57,4.01,0.0384,0.968,0.474,58.5,42.0,160,40,400,4.5,11.0,5.3,5.2,6.2,7.2,4.4,4.2,5.3,4.8,5.6,12.1,4.1,6.8,86.7,0.00392,0.205,11.3,0.0,0.0,17.9
44.3,47.2,41.4,60.4,61.4,59.4,45.8,44.2,47.4,42.9,43.4,42.4,0.519,6.24,0.157,5.85,5.09,7.4,0.137,4.57,4.03,0.0383,0.965,0.48,57.7,42.0,140,39,400,4.1,10.7,5.7,7.0,5.7,6.2,5.1,5.0,5.3,4.5,5.5,13.4,4.3,6.1,88.6,0.00374,0.197,11.3,0.0,0.0,17.1
42.9,40.4,45.4,57.8,56.4,59.2,48.9,47.8,50.0,44.0,43.4,44.6,0.526,6.14,0.156,5.84,5.03,7.34,0.142,4.53,4.02,0.0373,0.966,0.479,57.3,41.0,130,35,400,4.1,11.4,5.7,6.4,5.9,5.9,5.0,5.1,5.1,4.6,5.1,12.6,4.3,6.3,87.5,0.00439,0.197,11.8,0.0,0.0,18.8
45.5,43.0,48.0,57.8,57.6,58.0,45.3,45.6,45.0,43.6,37.6,49.6,0.546,6.2,0.165,5.93,5.05,7.39,0.145,4.65,4.04,0.0385,0.967,0.491,56.7,41.0,120,35,400,4.5,12.5,6.3,4.7,5.8,5.3,4.8,5.1,6.1,4.4,4.7,12.1,4.8,8.3,89.4,0.00276,0.192,10.3,0.0,0.0,17.5
43.3,44.6,42.0,59.1,59.8,58.4,46.7,46.2,47.2,44.4,42.2,46.6,0.553,6.26,0.168,5.93,5.07,7.56,0.148,4.49,3.94,0.0369,0.969,0.494,56.1,40.0,120,36,400,4.8,11.5,5.4,5.1,4.7,4.6,4.8,5.5,6.4,5.1,5.1,11.1,4.2,9.0,87.3,0.00403,0.204,10.4,0.0,0.0,19.3
43.4,43.4,43.4,59.6,57.0,62.2,43.5,43.0,44.0,45.6,48.6,42.6,0.557,6.23,0.169,5.89,5.09,7.49,0.146,4.6,3.89,0.0376,0.97,0.489,55.2,40.0,94,32,400,4.3,9.9,3.7,6.3,4.4,5.7,4.7,6.2,6.4,5.4,5.9,10.4,3.5,7.6,84.4,0.00318,0.188,11.8,0.0,0.0,18.7
43.8,41.4,46.2,58.3,55.2,61.4,47.9,48.8,47.0,43.1,47.8,38.4,0.541,6.25,0.168,5.85,5.17,7.6,0.145,4.52,3.94,0.0367,0.968,0.498,55.0,40.0,110,35,400,4.6,11.0,4.5,5.8,4.6,6.3,5.5,5.6,6.0,4.9,5.4,11.2,3.8,7.4,86.6,0.0033,0.204,12.7,0.0,0.0,18.1
43.1,42.8,43.4,56.9,56.0,57.8,43.7,41.0,46.4,45.7,53.4,38.0,0.574,6.53,0.177,6.08,5.39,7.98,0.156,4.72,4.12,0.0376,0.977,0.526,54.3,39.0,110,34,400,4.7,11.4,5.5,4.7,4.5,5.6,5.1,5.1,4.7,5.7,5.6,10.9,3.8,9.0,86.3,0.00336,0.197,11.8,0.0,0.0,16.7
43.6,41.4,45.8,59.6,62.0,57.2,47.6,49.4,45.8,42.0,43.0,41.0,0.611,6.96,0.183,6.42,5.7,8.34,0.162,4.92,4.29,0.0385,0.986,0.557,53.7,39.0,99,31,400,4.9,11.3,4.6,5.2,5.1,4.9,5.5,6.0,4.7,6.3,4.9,9.6,3.5,8.7,85.2,0.00408,0.203,11.0,0.0,0.0,17.2
41.8,45.6,38.0,37.5,33.0,42.0,43.9,43.0,44.8,40.7,45.0,36.4,0.64,7.28,0.192,6.8,5.94,8.74,0.169,5.23,4.5,0.0375,0.997,0.577,53.3,39.0,110,33,400,4.8,11.7,3.7,5.6,5.9,4.7,5.6,5.9,5.2,6.1,4.7,11.5,4.2,8.1,87.7,0.00366,0.194,11.4,0.0,0.0,18.1
43.1,45.2,41.0,61.2,57.2,65.2,49.5,52.0,47.0,47.7,50.8,44.6,0.533,6.34,0.167,5.88,5.24,7.53,0.142,4.47,3.78,0.0367,0.25,0.484,98.3,71.0,290,71,400,72.8,11.5,5.83,5.5,7.0,6.83,5.67,5.67,6.67,5.83,6.83,13.2,3.67,8.67,166.0,0.00384,0.19,0.0,0.0,0.0,0.0
44.5,44.0,45.0,60.5,64.4,56.6,45.4,45.6,45.2,50.1,61.0,39.2,0.543,6.39,0.17,5.79,5.21,7.56,0.145,4.36,3.78,0.0376,0.252,0.498,82.1,56.0,310,59,400,45.1,11.6,5.2,4.8,5.9,6.5,5.8,6.2,5.9,5.7,6.8,11.9,3.2,8.0,133.0,0.00309,0.193,12.3,0.0,0.0,21.0
44.7,45.8,43.6,65.5,66.8,64.2,42.7,42.2,43.2,49.0,43.8,54.2,0.547,6.37,0.17,5.86,5.19,7.57,0.147,4.4,3.72,0.0388,0.251,0.482,74.0,49.0,100,32,400,4.5,10.7,4.3,4.2,5.1,4.9,5.5,6.5,3.7,5.0,6.6,11.2,3.7,6.3,82.2,0.00374,0.183,17.9,0.0,0.0,29.2
42.1,40.2,44.0,65.7,65.2,66.2,46.4,46.0,46.8,48.9,56.8,41.0,0.545,6.39,0.171,5.8,5.21,7.5,0.143,4.45,3.78,0.0388,0.247,0.489,70.4,48.0,120,40,400,4.2,11.1,6.0,6.2,5.6,5.2,5.5,6.1,3.8,5.9,7.9,13.9,4.9,6.6,92.9,0.00451,0.204,22.1,0.0,0.0,36.8
44.0,41.6,46.4,63.8,66.2,61.4,42.1,40.4,43.8,49.6,40.0,59.2,0.546,6.43,0.167,5.76,5.21,7.46,0.142,4.36,3.73,0.0387,0.252,0.494,67.0,46.0,120,40,400,3.8,10.6,6.3,5.7,4.4,5.4,5.6,5.7,4.7,6.0,7.3,13.2,4.3,7.6,90.6,0.00381,0.215,15.8,0.0,0.0,21.6
43.0,41.2,44.8,63.1,59.2,67.0,43.0,41.6,44.4,50.0,57.6,42.4,0.54,6.42,0.163,5.77,5.14,7.32,0.138,4.37,3.74,0.0378,0.25,0.494,64.0,43.0,110,34,400,3.0,11.6,5.8,4.4,5.0,5.5,6.1,5.8,4.8,6.7,5.9,11.6,3.7,8.2,88.1,0.00367,0.198,14.9,0.0,0.0,22.7
42.7,41.8,43.6,65.7,65.8,65.6,44.7,47.8,41.6,50.3,49.8,50.8,0.523,6.38,0.16,5.75,5.19,7.23,0.137,4.45,3.74,0.038,0.251,0.493,62.1,42.0,120,33,400,3.4,11.8,6.4,5.4,5.7,5.0,6.4,4.8,4.5,7.0,4.9,11.0,3.4,6.7,86.4,0.00367,0.208,15.9,0.0,0.0,22.0
40.4,38.8,42.0,63.1,59.6,66.6,42.9,42.4,43.4,50.6,57.7,43.5,0.53,6.3,0.16,5.63,5.12,7.09,0.132,4.43,3.71,0.038,0.253,0.49,60.8,42.0,120,35,400,4.0,11.5,6.6,5.5,5.2,5.1,6.8,4.6,4.8,5.5,4.8,11.6,4.1,8.1,88.2,0.00368,0.214,14.2,0.0,0.0,22.9
43.5,45.2,41.8,66.2,67.8,64.6,42.9,40.8,45.0,46.6,41.3,51.9,0.525,6.38,0.157,5.61,5.11,7.04,0.131,4.45,3.75,0.0392,0.252,0.481,59.6,41.0,110,37,400,3.4,12.3,5.3,4.7,4.7,5.2,4.9,4.7,5.1,5.1,4.2,10.2,4.1,8.3,82.2,0.0037,0.197,15.5,0.0,0.0,22.8
45.2,45.0,45.4,64.4,67.0,61.8,47.9,47.8,48.0,52.3,47.4,57.2,0.532,6.34,0.156,5.57,5.23,7.15,0.135,4.42,3.78,0.0382,0.255,0.49,58.2,40.0,100,36,400,3.1,12.0,5.5,5.9,4.8,5.9,4.7,5.9,5.0,5.1,4.7,11.3,4.0,6.6,84.5,0.00363,0.184,13.6,0.0,0.0,20.7
42.7,44.0,41.4,63.9,64.6,63.2,43.5,43.6,43.4,50.9,49.2,52.6,0.527,6.33,0.157,5.55,5.23,7.0,0.133,4.53,3.86,0.0382,0.251,0.489,57.4,40.0,110,36,400,4.3,12.5,5.9,6.3,5.6,6.8,6.4,5.8,5.7,4.1,5.7,13.2,4.7,7.3,94.3,0.00365,0.198,15.6,0.0,0.0,23.9
44.4,46.6,42.2,60.2,60.4,60.0,44.4,46.2,42.6,49.3,50.4,48.2,0.533,6.26,0.158,5.63,5.1,7.11,0.136,4.43,3.9,0.0382,0.246,0.489,56.8,40.0,120,38,400,4.5,12.2,4.9,5.5,6.0,5.8,5.7,5.2,6.1,4.0,5.5,11.5,4.2,6.8,87.9,0.00448,0.199,15.1,0.0,0.0,21.6
43.1,41.0,45.2,60.9,60.4,61.4,43.4,44.0,42.8,48.9,51.6,46.2,0.546,6.27,0.157,5.56,5.1,7.03,0.136,4.46,3.83,0.0391,0.252,0.487,56.1,40.0,110,39,400,4.1,12.4,5.5,4.6,6.6,6.0,4.9,4.3,5.9,4.9,5.0,11.1,4.0,6.3,85.6,0.00373,0.182,16.9,0.0,0.0,25.1
43.0,42.6,43.4,65.5,65.2,65.8,46.5,48.6,44.4,50.5,48.0,53.0,0.54,6.23,0.155,5.59,5.2,6.94,0.134,4.44,3.78,0.0384,0.25,0.487,55.4,39.0,110,35,400,4.8,12.3,6.6,4.9,6.0,6.8,4.9,4.9,5.6,5.5,4.3,11.9,4.0,6.0,88.5,0.00381,0.188,15.0,0.0,0.0,22.0
45.1,44.8,45.4,62.1,59.6,64.6,44.3,44.2,44.4,47.9,51.6,44.2,0.533,6.26,0.157,5.61,5.12,7.1,0.138,4.53,3.87,0.0385,0.251,0.485,55.5,40.0,130,39,400,4.6,10.0,7.3,5.2,5.4,6.6,4.9,5.8,5.6,4.8,5.1,11.8,3.7,8.1,88.9,0.00385,0.184,16.0,0.0,0.0,22.9
43.1,43.0,43.2,65.1,63.6,66.6,46.7,46.0,47.4,50.6,55.4,45.8,0.546,6.23,0.155,5.51,5.27,7.08,0.137,4.45,3.86,0.0386,0.25,0.484,55.3,40.0,140,41,400,3.7,11.4,5.8,5.5,6.5,4.7,5.3,5.7,5.9,4.2,5.5,11.8,4.3,10.4,90.7,0.0039,0.179,15.8,0.0,0.0,20.9
49.8,49.6,50.0,62.6,64.2,61.0,45.5,45.8,45.2,50.3,50.0,50.6,0.563,6.41,0.165,5.81,5.55,7.48,0.147,4.67,4.02,0.0376,0.259,0.517,55.2,40.0,120,42,400,3.0,12.2,3.8,5.8,6.5,4.1,5.1,5.9,5.3,5.7,5.3,11.8,4.1,9.4,88.0,0.00387,0.169,15.2,0.0,0.0,22.0
47.9,44.6,51.2,61.5,63.0,60.0,45.0,44.0,46.0,48.4,48.9,47.9,0.597,6.85,0.173,6.09,5.89,7.96,0.152,4.93,4.27,0.0387,0.27,0.546,55.3,40.0,130,46,400,2.9,11.5,4.7,5.3,5.4,4.2,4.6,5.2,6.0,6.8,6.1,13.1,3.9,8.8,88.5,0.00387,0.192,14.4,0.0,0.0,22.6
48.9,51.0,46.8,51.7,51.8,51.6,42.6,42.2,43.0,47.8,48.1,47.5,0.626,7.14,0.181,6.38,6.13,8.43,0.162,5.22,4.48,0.0395,0.282,0.574,55.3,40.0,140,39,400,3.8,11.7,5.8,5.8,5.9,3.6,4.7,5.5,5.2,6.3,5.8,13.9,3.9,7.8,89.7,0.00384,0.195,12.6,0.0,0.0,21.6
51.3,51.0,51.6,70.5,72.4,68.6,56.6,58.4,54.8,55.6,58.6,52.6,0.555,6.2,0.161,5.54,5.3,7.46,0.142,4.54,3.99,0.0385,0.255,0.492,112.0,98.0,270,99,400,71.0,11.8,6.0,4.8,6.0,4.8,4.2,5.8,4.8,6.0,5.2,12.4,4.0,6.4,153.0,0.00372,0.184,0.0,0.0,0.0,0.0
42.5,40.0,45.0,67.8,66.2,69.4,45.8,43.4,48.2,53.3,61.6,45.0,0.542,6.24,0.162,5.61,5.22,7.43,0.139,4.6,4.02,0.0386,0.249,0.489,92.1,72.0,270,86,400,42.6,11.2,5.1,5.7,5.2,4.8,4.1,5.9,5.7,5.9,5.4,11.2,4.1,5.7,123.0,0.00384,0.191,0.0,0.0,0.0,0.0
39.4,42.4,36.4,66.2,66.8,65.6,42.0,41.8,42.2,53.4,47.6,59.2,0.548,6.19,0.159,5.62,5.26,7.38,0.14,4.53,4.0,0.0386,0.254,0.495,82.9,60.0,110,36,400,8.8,12.0,5.3,6.4,4.5,5.4,4.2,5.9,6.4,5.5,5.5,11.5,3.7,6.1,91.2,0.00397,0.197,0.0,0.0,0.0,0.0
40.8,41.0,40.6,67.2,63.4,71.0,45.6,43.4,47.8,54.1,51.2,57.0,0.542,6.15,0.158,5.66,5.18,7.39,0.139,4.56,3.96,0.0385,0.247,0.487,76.0,54.0,120,34,400,3.2,13.2,5.9,6.5,4.5,5.7,5.0,6.1,5.6,4.8,4.6,11.3,3.2,7.6,87.2,0.00337,0.202,26.5,0.0,0.0,41.5
42.0,39.6,44.4,64.9,65.6,64.2,42.0,41.2,42.8,55.4,55.4,55.4,0.55,6.28,0.161,5.56,5.12,7.39,0.142,4.55,3.97,0.0386,0.253,0.483,71.1,49.0,110,33,400,3.0,12.0,5.6,7.6,4.3,6.6,5.9,5.9,5.0,5.0,4.5,9.9,3.8,7.7,86.8,0.0048,0.206,32.8,0.0,0.0,51.6
44.2,43.4,45.0,66.8,69.6,64.0,67.5,70.0,65.0,56.2,64.8,47.6,0.555,6.11,0.165,5.67,5.2,7.51,0.141,4.45,3.89,0.0384,0.737,0.497,68.7,47.0,130,36,400,2.8,11.6,6.3,7.6,4.8,7.0,4.9,4.4,4.7,5.6,5.5,11.3,4.7,7.4,88.6,0.00402,0.204,37.8,0.0,0.0,60.5
43.3,43.0,43.6,67.4,65.4,69.4,44.1,43.2,45.0,52.0,54.2,49.8,0.537,6.15,0.16,5.65,5.09,7.41,0.136,4.44,3.92,0.0373,0.993,0.485,66.3,46.0,140,39,400,3.1,12.9,6.4,5.9,5.8,5.7,4.1,4.5,4.1,5.0,5.4,12.0,4.8,7.8,87.5,0.00398,0.207,18.0,0.0,0.0,28.0
41.9,41.2,42.6,70.0,69.2,70.8,44.8,43.2,46.4,54.7,45.8,63.6,0.53,6.17,0.161,5.61,5.06,7.37,0.138,4.42,3.85,0.0392,0.991,0.486,65.3,46.0,130,40,400,3.9,11.2,5.5,4.7,5.7,5.7,5.0,6.1,4.3,5.5,5.6,11.8,4.3,9.3,88.6,0.00382,0.206,19.0,0.0,0.0,26.7
44.8,45.6,44.0,68.0,67.6,68.4,44.4,43.6,45.2,52.6,45.8,59.4,0.523,6.2,0.158,5.61,5.08,7.37,0.137,4.41,3.9,0.0374,0.996,0.49,64.1,45.0,120,41,400,3.8,10.6,5.7,5.0,4.9,5.3,5.5,6.3,4.0,6.1,6.1,10.6,3.7,9.1,86.7,0.00462,0.196,19.5,0.0,0.0,26.5
40.8,41.6,40.0,66.0,62.8,69.2,45.2,45.8,44.6,53.4,55.2,51.6,0.525,6.16,0.16,5.73,5.13,7.4,0.136,4.4,3.99,0.0373,0.995,0.479,63.3,45.0,130,41,400,3.2,12.0,6.3,6.4,4.8,6.5,5.1,5.5,4.5,6.0,5.6,12.1,3.7,7.6,89.3,0.00389,0.203,20.4,0.0,0.0,25.9
44.5,47.2,41.8,69.5,72.0,67.0,42.6,41.0,44.2,55.0,60.2,49.8,0.526,6.23,0.16,5.68,5.09,7.48,0.135,4.46,4.0,0.0389,0.995,0.488,61.9,44.0,120,36,400,3.8,10.7,6.4,5.8,5.3,6.6,4.7,5.7,5.6,5.2,5.2,12.0,3.2,7.2,87.4,0.00366,0.195,17.5,0.0,0.0,27.7
40.3,43.0,37.6,65.2,65.0,65.4,44.9,47.8,42.0,54.6,57.2,52.0,0.527,6.11,0.16,5.6,5.13,7.28,0.132,4.46,3.97,0.0371,0.995,0.485,61.0,44.0,110,36,400,4.6,10.8,6.6,5.2,6.8,4.0,5.3,6.2,5.3,4.5,5.8,10.2,3.8,7.4,86.5,0.00379,0.2,18.8,0.0,0.0,25.4
43.8,44.8,42.8,69.9,68.4,71.4,43.1,43.2,43.0,53.3,44.0,62.6,0.512,6.17,0.158,5.72,5.04,7.31,0.132,4.47,4.0,0.038,0.994,0.482,60.3,43.0,130,35,400,4.1,10.8,6.1,4.9,6.7,4.7,5.3,5.3,5.0,5.7,5.5,10.8,4.1,6.8,85.8,0.00393,0.194,18.3,0.0,0.0,29.1
41.3,44.2,38.4,64.3,66.4,62.2,44.7,42.2,47.2,55.9,54.4,57.4,0.507,6.1,0.151,5.62,5.01,7.21,0.126,4.41,3.89,0.0381,0.991,0.48,59.6,43.0,130,35,400,4.0,11.4,5.3,4.1,5.7,6.9,5.5,5.6,4.9,5.8,5.2,10.5,3.1,6.8,84.8,0.00378,0.205,19.3,0.0,0.0,25.0
46.4,48.2,44.6,68.8,73.8,63.8,44.9,44.8,45.0,55.8,54.6,57.0,0.493,6.1,0.152,5.65,4.93,7.13,0.129,4.38,3.86,0.0386,0.991,0.483,58.8,42.0,110,36,400,3.3,13.0,5.0,4.7,5.2,5.9,6.6,6.7,5.6,4.8,5.7,10.7,2.8,7.8,87.8,0.00373,0.195,18.3,0.0,0.0,29.6
41.9,42.2,41.6,69.1,69.0,69.2,47.6,50.0,45.2,54.8,59.2,50.4,0.513,6.12,0.154,5.71,4.96,7.11,0.13,4.37,3.93,0.0369,0.994,0.482,58.6,42.0,120,38,400,3.4,12.0,6.1,4.7,4.7,5.9,5.7,6.1,5.7,5.6,4.9,11.6,3.5,7.6,87.5,0.00366,0.199,17.4,0.0,0.0,25.7
44.4,44.8,44.0,67.4,67.4,67.4,45.4,44.6,46.2,53.5,51.0,56.0,0.534,6.28,0.159,5.84,5.14,7.24,0.136,4.55,4.0,0.0388,0.998,0.5,58.3,42.0,130,43,400,4.7,10.5,5.5,5.5,5.0,6.7,6.1,5.6,5.9,5.3,4.3,12.2,4.8,6.7,88.8,0.00347,0.205,19.9,0.0,0.0,30.1
42.3,43.0,41.6,68.0,67.8,68.2,43.9,45.0,42.8,54.7,47.2,62.2,0.552,6.61,0.168,6.09,5.43,7.65,0.14,4.76,4.21,0.0377,1.01,0.526,58.2,42.0,140,42,400,5.0,10.9,4.3,6.4,4.5,7.7,6.4,5.9,6.2,4.7,5.5,11.4,3.9,6.8,89.6,0.00352,0.212,18.9,0.0,0.0,28.4
46.0,47.2,44.8,59.2,60.4,58.0,43.4,43.6,43.2,55.5,57.6,53.4,0.592,6.85,0.176,6.48,5.67,7.99,0.151,5.03,4.43,0.0387,1.02,0.551,57.8,42.0,120,40,400,4.3,10.8,5.0,5.9,5.5,7.9,5.2,5.2,4.4,5.4,5.8,11.2,3.4,7.1,87.1,0.00367,0.199,20.4,0.0,0.0,29.1
